day,arm,zone,ts,price
2025-11-01,A_off,NL,20251101-0500,82.01
2025-11-01,A_off,NL,20251101-1400,82.01
2025-11-01,A_off,NL,20251101-0800,82.01
2025-11-01,A_off,NL,20251101-0700,82.01
2025-11-01,A_off,NL,20251101-1000,61.34
2025-11-01,A_off,NL,20251101-2100,82.01
2025-11-01,A_off,NL,20251101-0100,82.01
2025-11-01,A_off,NL,20251101-0600,82.01
2025-11-01,A_off,NL,20251101-1500,82.01
2025-11-01,A_off,NL,20251101-1800,82.01
2025-11-01,A_off,NL,20251101-2200,82.01
2025-11-01,A_off,NL,20251101-2300,82.01
2025-11-01,A_off,NL,20251101-1900,82.01
2025-11-01,A_off,NL,20251101-0900,82.01
2025-11-01,A_off,NL,20251101-1200,72.87
2025-11-01,A_off,NL,20251101-1700,82.01
2025-11-01,A_off,NL,20251101-0200,82.01
2025-11-01,A_off,NL,20251101-0000,82.01
2025-11-01,A_off,NL,20251101-0400,82.01
2025-11-01,A_off,NL,20251101-1600,82.01
2025-11-01,A_off,NL,20251101-0300,82.01
2025-11-01,A_off,NL,20251101-2000,82.01
2025-11-01,A_off,NL,20251101-1300,82.01
2025-11-01,A_off,NL,20251101-1100,67.8
2025-11-01,A_off,BE,20251101-0500,57.0
2025-11-01,A_off,BE,20251101-1400,73.81
2025-11-01,A_off,BE,20251101-0800,62.55
2025-11-01,A_off,BE,20251101-0700,62.55
2025-11-01,A_off,BE,20251101-1000,51.3
2025-11-01,A_off,BE,20251101-2100,73.81
2025-11-01,A_off,BE,20251101-0100,73.81
2025-11-01,A_off,BE,20251101-0600,73.81
2025-11-01,A_off,BE,20251101-1500,73.81
2025-11-01,A_off,BE,20251101-1800,73.81
2025-11-01,A_off,BE,20251101-2200,73.81
2025-11-01,A_off,BE,20251101-2300,73.81
2025-11-01,A_off,BE,20251101-1900,73.81
2025-11-01,A_off,BE,20251101-0900,57.75
2025-11-01,A_off,BE,20251101-1200,57.75
2025-11-01,A_off,BE,20251101-1700,73.81
2025-11-01,A_off,BE,20251101-0200,63.0
2025-11-01,A_off,BE,20251101-0000,73.81
2025-11-01,A_off,BE,20251101-0400,46.33
2025-11-01,A_off,BE,20251101-1600,73.81
2025-11-01,A_off,BE,20251101-0300,63.0
2025-11-01,A_off,BE,20251101-2000,73.81
2025-11-01,A_off,BE,20251101-1300,73.81
2025-11-01,A_off,BE,20251101-1100,56.7
2025-11-01,A_off,DE_LU,20251101-0500,82.01
2025-11-01,A_off,DE_LU,20251101-1400,82.01
2025-11-01,A_off,DE_LU,20251101-0800,67.35
2025-11-01,A_off,DE_LU,20251101-0700,68.15
2025-11-01,A_off,DE_LU,20251101-1000,61.34
2025-11-01,A_off,DE_LU,20251101-2100,82.01
2025-11-01,A_off,DE_LU,20251101-0100,82.01
2025-11-01,A_off,DE_LU,20251101-0600,82.01
2025-11-01,A_off,DE_LU,20251101-1500,82.01
2025-11-01,A_off,DE_LU,20251101-1800,86.33
2025-11-01,A_off,DE_LU,20251101-2200,82.01
2025-11-01,A_off,DE_LU,20251101-2300,82.01
2025-11-01,A_off,DE_LU,20251101-1900,83.68
2025-11-01,A_off,DE_LU,20251101-0900,57.0
2025-11-01,A_off,DE_LU,20251101-1200,72.87
2025-11-01,A_off,DE_LU,20251101-1700,83.68
2025-11-01,A_off,DE_LU,20251101-0200,82.01
2025-11-01,A_off,DE_LU,20251101-0000,82.01
2025-11-01,A_off,DE_LU,20251101-0400,82.01
2025-11-01,A_off,DE_LU,20251101-1600,83.68
2025-11-01,A_off,DE_LU,20251101-0300,82.01
2025-11-01,A_off,DE_LU,20251101-2000,82.01
2025-11-01,A_off,DE_LU,20251101-1300,82.01
2025-11-01,A_off,DE_LU,20251101-1100,67.8
2025-11-01,A_off,DK1,20251101-0500,82.01
2025-11-01,A_off,DK1,20251101-1400,82.01
2025-11-01,A_off,DK1,20251101-0800,67.35
2025-11-01,A_off,DK1,20251101-0700,68.15
2025-11-01,A_off,DK1,20251101-1000,61.34
2025-11-01,A_off,DK1,20251101-2100,82.01
2025-11-01,A_off,DK1,20251101-0100,82.01
2025-11-01,A_off,DK1,20251101-0600,82.01
2025-11-01,A_off,DK1,20251101-1500,82.01
2025-11-01,A_off,DK1,20251101-1800,82.01
2025-11-01,A_off,DK1,20251101-2200,82.01
2025-11-01,A_off,DK1,20251101-2300,82.01
2025-11-01,A_off,DK1,20251101-1900,82.01
2025-11-01,A_off,DK1,20251101-0900,57.0
2025-11-01,A_off,DK1,20251101-1200,72.87
2025-11-01,A_off,DK1,20251101-1700,82.01
2025-11-01,A_off,DK1,20251101-0200,82.01
2025-11-01,A_off,DK1,20251101-0000,82.01
2025-11-01,A_off,DK1,20251101-0400,82.01
2025-11-01,A_off,DK1,20251101-1600,82.01
2025-11-01,A_off,DK1,20251101-0300,82.01
2025-11-01,A_off,DK1,20251101-2000,82.01
2025-11-01,A_off,DK1,20251101-1300,82.01
2025-11-01,A_off,DK1,20251101-1100,67.8
2025-11-01,A_off,NO2,20251101-0500,86.33
2025-11-01,A_off,NO2,20251101-1400,86.33
2025-11-01,A_off,NO2,20251101-0800,68.15
2025-11-01,A_off,NO2,20251101-0700,68.15
2025-11-01,A_off,NO2,20251101-1000,61.34
2025-11-01,A_off,NO2,20251101-2100,82.01
2025-11-01,A_off,NO2,20251101-0100,82.01
2025-11-01,A_off,NO2,20251101-0600,86.33
2025-11-01,A_off,NO2,20251101-1500,86.33
2025-11-01,A_off,NO2,20251101-1800,86.33
2025-11-01,A_off,NO2,20251101-2200,82.01
2025-11-01,A_off,NO2,20251101-2300,82.01
2025-11-01,A_off,NO2,20251101-1900,86.33
2025-11-01,A_off,NO2,20251101-0900,59.57
2025-11-01,A_off,NO2,20251101-1200,69.06
2025-11-01,A_off,NO2,20251101-1700,86.33
2025-11-01,A_off,NO2,20251101-0200,82.01
2025-11-01,A_off,NO2,20251101-0000,82.01
2025-11-01,A_off,NO2,20251101-0400,86.33
2025-11-01,A_off,NO2,20251101-1600,86.33
2025-11-01,A_off,NO2,20251101-0300,82.01
2025-11-01,A_off,NO2,20251101-2000,82.01
2025-11-01,A_off,NO2,20251101-1300,86.33
2025-11-01,A_off,NO2,20251101-1100,67.8
2025-11-01,A_off,FR,20251101-0500,19.29
2025-11-01,A_off,FR,20251101-1400,17.6
2025-11-01,A_off,FR,20251101-0800,17.02
2025-11-01,A_off,FR,20251101-0700,17.02
2025-11-01,A_off,FR,20251101-1000,14.9
2025-11-01,A_off,FR,20251101-2100,46.4
2025-11-01,A_off,FR,20251101-0100,19.29
2025-11-01,A_off,FR,20251101-0600,19.29
2025-11-01,A_off,FR,20251101-1500,19.29
2025-11-01,A_off,FR,20251101-1800,46.4
2025-11-01,A_off,FR,20251101-2200,46.4
2025-11-01,A_off,FR,20251101-2300,41.08
2025-11-01,A_off,FR,20251101-1900,46.4
2025-11-01,A_off,FR,20251101-0900,14.36
2025-11-01,A_off,FR,20251101-1200,15.56
2025-11-01,A_off,FR,20251101-1700,46.4
2025-11-01,A_off,FR,20251101-0200,19.29
2025-11-01,A_off,FR,20251101-0000,19.29
2025-11-01,A_off,FR,20251101-0400,18.74
2025-11-01,A_off,FR,20251101-1600,41.93
2025-11-01,A_off,FR,20251101-0300,19.08
2025-11-01,A_off,FR,20251101-2000,46.4
2025-11-01,A_off,FR,20251101-1300,17.6
2025-11-01,A_off,FR,20251101-1100,15.38
2025-11-01,B_on,NL,20251101-0500,82.01
2025-11-01,B_on,NL,20251101-1400,82.01
2025-11-01,B_on,NL,20251101-0800,82.01
2025-11-01,B_on,NL,20251101-0700,82.01
2025-11-01,B_on,NL,20251101-1000,61.34
2025-11-01,B_on,NL,20251101-2100,82.01
2025-11-01,B_on,NL,20251101-0100,82.01
2025-11-01,B_on,NL,20251101-0600,82.01
2025-11-01,B_on,NL,20251101-1500,82.01
2025-11-01,B_on,NL,20251101-1800,82.01
2025-11-01,B_on,NL,20251101-2200,82.01
2025-11-01,B_on,NL,20251101-2300,82.01
2025-11-01,B_on,NL,20251101-1900,82.01
2025-11-01,B_on,NL,20251101-0900,82.01
2025-11-01,B_on,NL,20251101-1200,80.72
2025-11-01,B_on,NL,20251101-1700,86.33
2025-11-01,B_on,NL,20251101-0200,82.01
2025-11-01,B_on,NL,20251101-0000,82.01
2025-11-01,B_on,NL,20251101-0400,82.01
2025-11-01,B_on,NL,20251101-1600,82.01
2025-11-01,B_on,NL,20251101-0300,82.01
2025-11-01,B_on,NL,20251101-2000,82.01
2025-11-01,B_on,NL,20251101-1300,82.01
2025-11-01,B_on,NL,20251101-1100,67.8
2025-11-01,B_on,BE,20251101-0500,57.0
2025-11-01,B_on,BE,20251101-1400,73.81
2025-11-01,B_on,BE,20251101-0800,62.55
2025-11-01,B_on,BE,20251101-0700,62.55
2025-11-01,B_on,BE,20251101-1000,51.3
2025-11-01,B_on,BE,20251101-2100,73.81
2025-11-01,B_on,BE,20251101-0100,73.81
2025-11-01,B_on,BE,20251101-0600,73.81
2025-11-01,B_on,BE,20251101-1500,73.81
2025-11-01,B_on,BE,20251101-1800,73.81
2025-11-01,B_on,BE,20251101-2200,73.81
2025-11-01,B_on,BE,20251101-2300,73.81
2025-11-01,B_on,BE,20251101-1900,73.81
2025-11-01,B_on,BE,20251101-0900,57.75
2025-11-01,B_on,BE,20251101-1200,67.5
2025-11-01,B_on,BE,20251101-1700,73.81
2025-11-01,B_on,BE,20251101-0200,63.0
2025-11-01,B_on,BE,20251101-0000,73.81
2025-11-01,B_on,BE,20251101-0400,46.33
2025-11-01,B_on,BE,20251101-1600,73.81
2025-11-01,B_on,BE,20251101-0300,63.0
2025-11-01,B_on,BE,20251101-2000,73.81
2025-11-01,B_on,BE,20251101-1300,73.81
2025-11-01,B_on,BE,20251101-1100,56.7
2025-11-01,B_on,DE_LU,20251101-0500,82.01
2025-11-01,B_on,DE_LU,20251101-1400,82.01
2025-11-01,B_on,DE_LU,20251101-0800,67.35
2025-11-01,B_on,DE_LU,20251101-0700,68.15
2025-11-01,B_on,DE_LU,20251101-1000,61.34
2025-11-01,B_on,DE_LU,20251101-2100,82.01
2025-11-01,B_on,DE_LU,20251101-0100,82.01
2025-11-01,B_on,DE_LU,20251101-0600,82.01
2025-11-01,B_on,DE_LU,20251101-1500,82.01
2025-11-01,B_on,DE_LU,20251101-1800,86.33
2025-11-01,B_on,DE_LU,20251101-2200,82.01
2025-11-01,B_on,DE_LU,20251101-2300,82.01
2025-11-01,B_on,DE_LU,20251101-1900,83.68
2025-11-01,B_on,DE_LU,20251101-0900,57.0
2025-11-01,B_on,DE_LU,20251101-1200,80.72
2025-11-01,B_on,DE_LU,20251101-1700,86.33
2025-11-01,B_on,DE_LU,20251101-0200,82.01
2025-11-01,B_on,DE_LU,20251101-0000,82.01
2025-11-01,B_on,DE_LU,20251101-0400,82.01
2025-11-01,B_on,DE_LU,20251101-1600,83.68
2025-11-01,B_on,DE_LU,20251101-0300,82.01
2025-11-01,B_on,DE_LU,20251101-2000,82.01
2025-11-01,B_on,DE_LU,20251101-1300,82.01
2025-11-01,B_on,DE_LU,20251101-1100,67.8
2025-11-01,B_on,DK1,20251101-0500,82.01
2025-11-01,B_on,DK1,20251101-1400,82.01
2025-11-01,B_on,DK1,20251101-0800,67.35
2025-11-01,B_on,DK1,20251101-0700,68.15
2025-11-01,B_on,DK1,20251101-1000,61.34
2025-11-01,B_on,DK1,20251101-2100,82.01
2025-11-01,B_on,DK1,20251101-0100,82.01
2025-11-01,B_on,DK1,20251101-0600,82.01
2025-11-01,B_on,DK1,20251101-1500,82.01
2025-11-01,B_on,DK1,20251101-1800,82.01
2025-11-01,B_on,DK1,20251101-2200,82.01
2025-11-01,B_on,DK1,20251101-2300,82.01
2025-11-01,B_on,DK1,20251101-1900,82.01
2025-11-01,B_on,DK1,20251101-0900,57.0
2025-11-01,B_on,DK1,20251101-1200,80.72
2025-11-01,B_on,DK1,20251101-1700,86.33
2025-11-01,B_on,DK1,20251101-0200,82.01
2025-11-01,B_on,DK1,20251101-0000,82.01
2025-11-01,B_on,DK1,20251101-0400,82.01
2025-11-01,B_on,DK1,20251101-1600,82.01
2025-11-01,B_on,DK1,20251101-0300,82.01
2025-11-01,B_on,DK1,20251101-2000,82.01
2025-11-01,B_on,DK1,20251101-1300,82.01
2025-11-01,B_on,DK1,20251101-1100,67.8
2025-11-01,B_on,NO2,20251101-0500,86.33
2025-11-01,B_on,NO2,20251101-1400,86.33
2025-11-01,B_on,NO2,20251101-0800,68.15
2025-11-01,B_on,NO2,20251101-0700,68.15
2025-11-01,B_on,NO2,20251101-1000,61.34
2025-11-01,B_on,NO2,20251101-2100,82.01
2025-11-01,B_on,NO2,20251101-0100,82.01
2025-11-01,B_on,NO2,20251101-0600,86.33
2025-11-01,B_on,NO2,20251101-1500,86.33
2025-11-01,B_on,NO2,20251101-1800,86.33
2025-11-01,B_on,NO2,20251101-2200,82.01
2025-11-01,B_on,NO2,20251101-2300,82.01
2025-11-01,B_on,NO2,20251101-1900,86.33
2025-11-01,B_on,NO2,20251101-0900,59.57
2025-11-01,B_on,NO2,20251101-1200,80.72
2025-11-01,B_on,NO2,20251101-1700,86.33
2025-11-01,B_on,NO2,20251101-0200,82.01
2025-11-01,B_on,NO2,20251101-0000,82.01
2025-11-01,B_on,NO2,20251101-0400,86.33
2025-11-01,B_on,NO2,20251101-1600,86.33
2025-11-01,B_on,NO2,20251101-0300,82.01
2025-11-01,B_on,NO2,20251101-2000,82.01
2025-11-01,B_on,NO2,20251101-1300,86.33
2025-11-01,B_on,NO2,20251101-1100,67.8
2025-11-01,B_on,FR,20251101-0500,19.29
2025-11-01,B_on,FR,20251101-1400,250.0
2025-11-01,B_on,FR,20251101-0800,17.02
2025-11-01,B_on,FR,20251101-0700,17.02
2025-11-01,B_on,FR,20251101-1000,14.9
2025-11-01,B_on,FR,20251101-2100,46.4
2025-11-01,B_on,FR,20251101-0100,19.29
2025-11-01,B_on,FR,20251101-0600,19.29
2025-11-01,B_on,FR,20251101-1500,19.29
2025-11-01,B_on,FR,20251101-1800,46.4
2025-11-01,B_on,FR,20251101-2200,46.4
2025-11-01,B_on,FR,20251101-2300,41.08
2025-11-01,B_on,FR,20251101-1900,46.4
2025-11-01,B_on,FR,20251101-0900,14.36
2025-11-01,B_on,FR,20251101-1200,16.54
2025-11-01,B_on,FR,20251101-1700,46.4
2025-11-01,B_on,FR,20251101-0200,19.29
2025-11-01,B_on,FR,20251101-0000,19.29
2025-11-01,B_on,FR,20251101-0400,18.74
2025-11-01,B_on,FR,20251101-1600,41.93
2025-11-01,B_on,FR,20251101-0300,19.08
2025-11-01,B_on,FR,20251101-2000,46.4
2025-11-01,B_on,FR,20251101-1300,17.6
2025-11-01,B_on,FR,20251101-1100,15.38
2025-05-01,A_off,NL,20250501-1700,90.09
2025-05-01,A_off,NL,20250501-1200,44.11
2025-05-01,A_off,NL,20250501-0500,89.5
2025-05-01,A_off,NL,20250501-2200,89.5
2025-05-01,A_off,NL,20250501-2100,89.5
2025-05-01,A_off,NL,20250501-1000,79.9
2025-05-01,A_off,NL,20250501-1800,89.5
2025-05-01,A_off,NL,20250501-2000,89.5
2025-05-01,A_off,NL,20250501-1500,79.9
2025-05-01,A_off,NL,20250501-1300,54.21
2025-05-01,A_off,NL,20250501-0700,79.9
2025-05-01,A_off,NL,20250501-0100,79.9
2025-05-01,A_off,NL,20250501-0800,79.9
2025-05-01,A_off,NL,20250501-0900,79.9
2025-05-01,A_off,NL,20250501-1100,44.11
2025-05-01,A_off,NL,20250501-0200,89.5
2025-05-01,A_off,NL,20250501-2300,84.11
2025-05-01,A_off,NL,20250501-0400,89.5
2025-05-01,A_off,NL,20250501-1900,95.88
2025-05-01,A_off,NL,20250501-0000,79.9
2025-05-01,A_off,NL,20250501-0300,79.9
2025-05-01,A_off,NL,20250501-0600,89.5
2025-05-01,A_off,NL,20250501-1400,79.9
2025-05-01,A_off,NL,20250501-1600,89.5
2025-05-01,A_off,BE,20250501-1700,89.5
2025-05-01,A_off,BE,20250501-1200,9.5
2025-05-01,A_off,BE,20250501-0500,80.55
2025-05-01,A_off,BE,20250501-2200,80.55
2025-05-01,A_off,BE,20250501-2100,84.07
2025-05-01,A_off,BE,20250501-1000,9.5
2025-05-01,A_off,BE,20250501-1800,84.11
2025-05-01,A_off,BE,20250501-2000,89.5
2025-05-01,A_off,BE,20250501-1500,68.76
2025-05-01,A_off,BE,20250501-1300,10.5
2025-05-01,A_off,BE,20250501-0700,58.14
2025-05-01,A_off,BE,20250501-0100,79.9
2025-05-01,A_off,BE,20250501-0800,12.55
2025-05-01,A_off,BE,20250501-0900,9.5
2025-05-01,A_off,BE,20250501-1100,9.5
2025-05-01,A_off,BE,20250501-0200,80.55
2025-05-01,A_off,BE,20250501-2300,79.9
2025-05-01,A_off,BE,20250501-0400,80.55
2025-05-01,A_off,BE,20250501-1900,95.88
2025-05-01,A_off,BE,20250501-0000,79.9
2025-05-01,A_off,BE,20250501-0300,79.56
2025-05-01,A_off,BE,20250501-0600,74.88
2025-05-01,A_off,BE,20250501-1400,16.11
2025-05-01,A_off,BE,20250501-1600,80.55
2025-05-01,A_off,DE_LU,20250501-1700,90.09
2025-05-01,A_off,DE_LU,20250501-1200,2.85
2025-05-01,A_off,DE_LU,20250501-0500,89.5
2025-05-01,A_off,DE_LU,20250501-2200,89.5
2025-05-01,A_off,DE_LU,20250501-2100,89.5
2025-05-01,A_off,DE_LU,20250501-1000,3.06
2025-05-01,A_off,DE_LU,20250501-1800,95.88
2025-05-01,A_off,DE_LU,20250501-2000,89.5
2025-05-01,A_off,DE_LU,20250501-1500,76.12
2025-05-01,A_off,DE_LU,20250501-1300,2.85
2025-05-01,A_off,DE_LU,20250501-0700,33.59
2025-05-01,A_off,DE_LU,20250501-0100,89.5
2025-05-01,A_off,DE_LU,20250501-0800,5.0
2025-05-01,A_off,DE_LU,20250501-0900,3.75
2025-05-01,A_off,DE_LU,20250501-1100,2.85
2025-05-01,A_off,DE_LU,20250501-0200,89.5
2025-05-01,A_off,DE_LU,20250501-2300,84.11
2025-05-01,A_off,DE_LU,20250501-0400,89.5
2025-05-01,A_off,DE_LU,20250501-1900,95.88
2025-05-01,A_off,DE_LU,20250501-0000,89.5
2025-05-01,A_off,DE_LU,20250501-0300,89.5
2025-05-01,A_off,DE_LU,20250501-0600,79.9
2025-05-01,A_off,DE_LU,20250501-1400,9.5
2025-05-01,A_off,DE_LU,20250501-1600,89.5
2025-05-01,A_off,DK1,20250501-1700,90.09
2025-05-01,A_off,DK1,20250501-1200,44.11
2025-05-01,A_off,DK1,20250501-0500,89.5
2025-05-01,A_off,DK1,20250501-2200,89.5
2025-05-01,A_off,DK1,20250501-2100,89.5
2025-05-01,A_off,DK1,20250501-1000,79.9
2025-05-01,A_off,DK1,20250501-1800,89.5
2025-05-01,A_off,DK1,20250501-2000,89.5
2025-05-01,A_off,DK1,20250501-1500,76.12
2025-05-01,A_off,DK1,20250501-1300,54.21
2025-05-01,A_off,DK1,20250501-0700,79.9
2025-05-01,A_off,DK1,20250501-0100,89.5
2025-05-01,A_off,DK1,20250501-0800,79.9
2025-05-01,A_off,DK1,20250501-0900,79.9
2025-05-01,A_off,DK1,20250501-1100,44.11
2025-05-01,A_off,DK1,20250501-0200,89.5
2025-05-01,A_off,DK1,20250501-2300,84.11
2025-05-01,A_off,DK1,20250501-0400,89.5
2025-05-01,A_off,DK1,20250501-1900,95.88
2025-05-01,A_off,DK1,20250501-0000,89.5
2025-05-01,A_off,DK1,20250501-0300,89.5
2025-05-01,A_off,DK1,20250501-0600,79.9
2025-05-01,A_off,DK1,20250501-1400,63.0
2025-05-01,A_off,DK1,20250501-1600,89.5
2025-05-01,A_off,NO2,20250501-1700,80.55
2025-05-01,A_off,NO2,20250501-1200,2.56
2025-05-01,A_off,NO2,20250501-0500,80.55
2025-05-01,A_off,NO2,20250501-2200,80.55
2025-05-01,A_off,NO2,20250501-2100,80.55
2025-05-01,A_off,NO2,20250501-1000,3.38
2025-05-01,A_off,NO2,20250501-1800,84.11
2025-05-01,A_off,NO2,20250501-2000,80.55
2025-05-01,A_off,NO2,20250501-1500,59.84
2025-05-01,A_off,NO2,20250501-1300,2.84
2025-05-01,A_off,NO2,20250501-0700,44.38
2025-05-01,A_off,NO2,20250501-0100,80.55
2025-05-01,A_off,NO2,20250501-0800,8.55
2025-05-01,A_off,NO2,20250501-0900,3.79
2025-05-01,A_off,NO2,20250501-1100,2.84
2025-05-01,A_off,NO2,20250501-0200,80.55
2025-05-01,A_off,NO2,20250501-2300,71.91
2025-05-01,A_off,NO2,20250501-0400,80.55
2025-05-01,A_off,NO2,20250501-1900,84.11
2025-05-01,A_off,NO2,20250501-0000,80.55
2025-05-01,A_off,NO2,20250501-0300,80.55
2025-05-01,A_off,NO2,20250501-0600,69.22
2025-05-01,A_off,NO2,20250501-1400,11.55
2025-05-01,A_off,NO2,20250501-1600,80.55
2025-05-01,A_off,FR,20250501-1700,20.49
2025-05-01,A_off,FR,20250501-1200,2.85
2025-05-01,A_off,FR,20250501-0500,23.0
2025-05-01,A_off,FR,20250501-2200,47.23
2025-05-01,A_off,FR,20250501-2100,48.96
2025-05-01,A_off,FR,20250501-1000,3.06
2025-05-01,A_off,FR,20250501-1800,45.21
2025-05-01,A_off,FR,20250501-2000,48.96
2025-05-01,A_off,FR,20250501-1500,2.85
2025-05-01,A_off,FR,20250501-1300,2.85
2025-05-01,A_off,FR,20250501-0700,13.76
2025-05-01,A_off,FR,20250501-0100,23.75
2025-05-01,A_off,FR,20250501-0800,5.0
2025-05-01,A_off,FR,20250501-0900,3.75
2025-05-01,A_off,FR,20250501-1100,2.85
2025-05-01,A_off,FR,20250501-0200,23.0
2025-05-01,A_off,FR,20250501-2300,21.73
2025-05-01,A_off,FR,20250501-0400,23.0
2025-05-01,A_off,FR,20250501-1900,50.57
2025-05-01,A_off,FR,20250501-0000,44.11
2025-05-01,A_off,FR,20250501-0300,23.0
2025-05-01,A_off,FR,20250501-0600,21.33
2025-05-01,A_off,FR,20250501-1400,2.85
2025-05-01,A_off,FR,20250501-1600,20.28
2025-05-01,B_on,NL,20250501-1700,92.31
2025-05-01,B_on,NL,20250501-1200,40.0
2025-05-01,B_on,NL,20250501-0500,89.5
2025-05-01,B_on,NL,20250501-2200,89.5
2025-05-01,B_on,NL,20250501-2100,89.5
2025-05-01,B_on,NL,20250501-1000,79.9
2025-05-01,B_on,NL,20250501-1800,99.0
2025-05-01,B_on,NL,20250501-2000,90.09
2025-05-01,B_on,NL,20250501-1500,79.9
2025-05-01,B_on,NL,20250501-1300,44.11
2025-05-01,B_on,NL,20250501-0700,79.9
2025-05-01,B_on,NL,20250501-0100,89.5
2025-05-01,B_on,NL,20250501-0800,79.9
2025-05-01,B_on,NL,20250501-0900,79.9
2025-05-01,B_on,NL,20250501-1100,44.11
2025-05-01,B_on,NL,20250501-0200,89.5
2025-05-01,B_on,NL,20250501-2300,84.11
2025-05-01,B_on,NL,20250501-0400,89.5
2025-05-01,B_on,NL,20250501-1900,95.88
2025-05-01,B_on,NL,20250501-0000,89.5
2025-05-01,B_on,NL,20250501-0300,89.5
2025-05-01,B_on,NL,20250501-0600,89.5
2025-05-01,B_on,NL,20250501-1400,79.9
2025-05-01,B_on,NL,20250501-1600,89.5
2025-05-01,B_on,BE,20250501-1700,91.95
2025-05-01,B_on,BE,20250501-1200,9.5
2025-05-01,B_on,BE,20250501-0500,80.55
2025-05-01,B_on,BE,20250501-2200,80.55
2025-05-01,B_on,BE,20250501-2100,84.07
2025-05-01,B_on,BE,20250501-1000,9.5
2025-05-01,B_on,BE,20250501-1800,84.11
2025-05-01,B_on,BE,20250501-2000,89.5
2025-05-01,B_on,BE,20250501-1500,68.76
2025-05-01,B_on,BE,20250501-1300,10.5
2025-05-01,B_on,BE,20250501-0700,58.14
2025-05-01,B_on,BE,20250501-0100,80.55
2025-05-01,B_on,BE,20250501-0800,12.55
2025-05-01,B_on,BE,20250501-0900,9.5
2025-05-01,B_on,BE,20250501-1100,9.5
2025-05-01,B_on,BE,20250501-0200,80.55
2025-05-01,B_on,BE,20250501-2300,79.9
2025-05-01,B_on,BE,20250501-0400,80.55
2025-05-01,B_on,BE,20250501-1900,95.88
2025-05-01,B_on,BE,20250501-0000,80.55
2025-05-01,B_on,BE,20250501-0300,80.55
2025-05-01,B_on,BE,20250501-0600,74.88
2025-05-01,B_on,BE,20250501-1400,16.11
2025-05-01,B_on,BE,20250501-1600,80.55
2025-05-01,B_on,DE_LU,20250501-1700,92.31
2025-05-01,B_on,DE_LU,20250501-1200,2.85
2025-05-01,B_on,DE_LU,20250501-0500,89.5
2025-05-01,B_on,DE_LU,20250501-2200,89.5
2025-05-01,B_on,DE_LU,20250501-2100,89.5
2025-05-01,B_on,DE_LU,20250501-1000,3.06
2025-05-01,B_on,DE_LU,20250501-1800,99.0
2025-05-01,B_on,DE_LU,20250501-2000,90.09
2025-05-01,B_on,DE_LU,20250501-1500,76.12
2025-05-01,B_on,DE_LU,20250501-1300,2.85
2025-05-01,B_on,DE_LU,20250501-0700,33.59
2025-05-01,B_on,DE_LU,20250501-0100,89.5
2025-05-01,B_on,DE_LU,20250501-0800,5.0
2025-05-01,B_on,DE_LU,20250501-0900,3.75
2025-05-01,B_on,DE_LU,20250501-1100,2.85
2025-05-01,B_on,DE_LU,20250501-0200,89.5
2025-05-01,B_on,DE_LU,20250501-2300,84.11
2025-05-01,B_on,DE_LU,20250501-0400,89.5
2025-05-01,B_on,DE_LU,20250501-1900,95.88
2025-05-01,B_on,DE_LU,20250501-0000,89.5
2025-05-01,B_on,DE_LU,20250501-0300,89.5
2025-05-01,B_on,DE_LU,20250501-0600,79.9
2025-05-01,B_on,DE_LU,20250501-1400,29.3
2025-05-01,B_on,DE_LU,20250501-1600,89.5
2025-05-01,B_on,DK1,20250501-1700,92.31
2025-05-01,B_on,DK1,20250501-1200,40.0
2025-05-01,B_on,DK1,20250501-0500,89.5
2025-05-01,B_on,DK1,20250501-2200,89.5
2025-05-01,B_on,DK1,20250501-2100,89.5
2025-05-01,B_on,DK1,20250501-1000,79.9
2025-05-01,B_on,DK1,20250501-1800,99.0
2025-05-01,B_on,DK1,20250501-2000,90.09
2025-05-01,B_on,DK1,20250501-1500,76.12
2025-05-01,B_on,DK1,20250501-1300,44.11
2025-05-01,B_on,DK1,20250501-0700,79.9
2025-05-01,B_on,DK1,20250501-0100,89.5
2025-05-01,B_on,DK1,20250501-0800,79.9
2025-05-01,B_on,DK1,20250501-0900,79.9
2025-05-01,B_on,DK1,20250501-1100,44.11
2025-05-01,B_on,DK1,20250501-0200,89.5
2025-05-01,B_on,DK1,20250501-2300,84.11
2025-05-01,B_on,DK1,20250501-0400,89.5
2025-05-01,B_on,DK1,20250501-1900,95.88
2025-05-01,B_on,DK1,20250501-0000,89.5
2025-05-01,B_on,DK1,20250501-0300,89.5
2025-05-01,B_on,DK1,20250501-0600,79.9
2025-05-01,B_on,DK1,20250501-1400,71.91
2025-05-01,B_on,DK1,20250501-1600,89.5
2025-05-01,B_on,NO2,20250501-1700,82.76
2025-05-01,B_on,NO2,20250501-1200,2.56
2025-05-01,B_on,NO2,20250501-0500,80.55
2025-05-01,B_on,NO2,20250501-2200,80.55
2025-05-01,B_on,NO2,20250501-2100,80.55
2025-05-01,B_on,NO2,20250501-1000,3.38
2025-05-01,B_on,NO2,20250501-1800,84.11
2025-05-01,B_on,NO2,20250501-2000,80.55
2025-05-01,B_on,NO2,20250501-1500,59.84
2025-05-01,B_on,NO2,20250501-1300,2.84
2025-05-01,B_on,NO2,20250501-0700,44.38
2025-05-01,B_on,NO2,20250501-0100,80.55
2025-05-01,B_on,NO2,20250501-0800,8.55
2025-05-01,B_on,NO2,20250501-0900,3.79
2025-05-01,B_on,NO2,20250501-1100,2.84
2025-05-01,B_on,NO2,20250501-0200,80.55
2025-05-01,B_on,NO2,20250501-2300,71.91
2025-05-01,B_on,NO2,20250501-0400,80.55
2025-05-01,B_on,NO2,20250501-1900,84.11
2025-05-01,B_on,NO2,20250501-0000,80.55
2025-05-01,B_on,NO2,20250501-0300,80.55
2025-05-01,B_on,NO2,20250501-0600,69.22
2025-05-01,B_on,NO2,20250501-1400,28.92
2025-05-01,B_on,NO2,20250501-1600,80.55
2025-05-01,B_on,FR,20250501-1700,20.82
2025-05-01,B_on,FR,20250501-1200,2.85
2025-05-01,B_on,FR,20250501-0500,23.0
2025-05-01,B_on,FR,20250501-2200,47.23
2025-05-01,B_on,FR,20250501-2100,48.96
2025-05-01,B_on,FR,20250501-1000,3.06
2025-05-01,B_on,FR,20250501-1800,45.21
2025-05-01,B_on,FR,20250501-2000,48.96
2025-05-01,B_on,FR,20250501-1500,2.85
2025-05-01,B_on,FR,20250501-1300,2.85
2025-05-01,B_on,FR,20250501-0700,13.76
2025-05-01,B_on,FR,20250501-0100,23.75
2025-05-01,B_on,FR,20250501-0800,5.0
2025-05-01,B_on,FR,20250501-0900,3.75
2025-05-01,B_on,FR,20250501-1100,2.85
2025-05-01,B_on,FR,20250501-0200,23.0
2025-05-01,B_on,FR,20250501-2300,21.73
2025-05-01,B_on,FR,20250501-0400,23.0
2025-05-01,B_on,FR,20250501-1900,50.57
2025-05-01,B_on,FR,20250501-0000,44.11
2025-05-01,B_on,FR,20250501-0300,23.0
2025-05-01,B_on,FR,20250501-0600,21.33
2025-05-01,B_on,FR,20250501-1400,2.85
2025-05-01,B_on,FR,20250501-1600,20.28
2025-11-15,A_off,NL,20251115-2300,99.7
2025-11-15,A_off,NL,20251115-0100,83.09
2025-11-15,A_off,NL,20251115-0800,87.46
2025-11-15,A_off,NL,20251115-1200,99.31
2025-11-15,A_off,NL,20251115-1600,101.82
2025-11-15,A_off,NL,20251115-2200,99.22
2025-11-15,A_off,NL,20251115-1800,101.82
2025-11-15,A_off,NL,20251115-1300,99.7
2025-11-15,A_off,NL,20251115-0300,83.09
2025-11-15,A_off,NL,20251115-0000,83.09
2025-11-15,A_off,NL,20251115-1900,87.46
2025-11-15,A_off,NL,20251115-1000,87.46
2025-11-15,A_off,NL,20251115-0900,95.62
2025-11-15,A_off,NL,20251115-0500,83.09
2025-11-15,A_off,NL,20251115-1700,101.82
2025-11-15,A_off,NL,20251115-0200,83.09
2025-11-15,A_off,NL,20251115-1500,101.82
2025-11-15,A_off,NL,20251115-2000,87.46
2025-11-15,A_off,NL,20251115-0700,87.46
2025-11-15,A_off,NL,20251115-1400,101.82
2025-11-15,A_off,NL,20251115-0600,83.09
2025-11-15,A_off,NL,20251115-1100,87.46
2025-11-15,A_off,NL,20251115-2100,87.46
2025-11-15,A_off,NL,20251115-0400,83.09
2025-11-15,A_off,BE,20251115-2300,87.46
2025-11-15,A_off,BE,20251115-0100,74.86
2025-11-15,A_off,BE,20251115-0800,83.09
2025-11-15,A_off,BE,20251115-1200,87.46
2025-11-15,A_off,BE,20251115-1600,87.46
2025-11-15,A_off,BE,20251115-2200,87.46
2025-11-15,A_off,BE,20251115-1800,87.46
2025-11-15,A_off,BE,20251115-1300,87.46
2025-11-15,A_off,BE,20251115-0300,74.86
2025-11-15,A_off,BE,20251115-0000,74.86
2025-11-15,A_off,BE,20251115-1900,83.21
2025-11-15,A_off,BE,20251115-1000,83.09
2025-11-15,A_off,BE,20251115-0900,86.06
2025-11-15,A_off,BE,20251115-0500,83.09
2025-11-15,A_off,BE,20251115-1700,87.46
2025-11-15,A_off,BE,20251115-0200,74.86
2025-11-15,A_off,BE,20251115-1500,87.46
2025-11-15,A_off,BE,20251115-2000,83.21
2025-11-15,A_off,BE,20251115-0700,83.09
2025-11-15,A_off,BE,20251115-1400,87.46
2025-11-15,A_off,BE,20251115-0600,83.09
2025-11-15,A_off,BE,20251115-1100,83.09
2025-11-15,A_off,BE,20251115-2100,83.21
2025-11-15,A_off,BE,20251115-0400,74.86
2025-11-15,A_off,DE_LU,20251115-2300,99.7
2025-11-15,A_off,DE_LU,20251115-0100,83.09
2025-11-15,A_off,DE_LU,20251115-0800,97.79
2025-11-15,A_off,DE_LU,20251115-1200,99.7
2025-11-15,A_off,DE_LU,20251115-1600,116.35
2025-11-15,A_off,DE_LU,20251115-2200,101.82
2025-11-15,A_off,DE_LU,20251115-1800,111.0
2025-11-15,A_off,DE_LU,20251115-1300,99.7
2025-11-15,A_off,DE_LU,20251115-0300,83.09
2025-11-15,A_off,DE_LU,20251115-0000,84.89
2025-11-15,A_off,DE_LU,20251115-1900,101.82
2025-11-15,A_off,DE_LU,20251115-1000,98.13
2025-11-15,A_off,DE_LU,20251115-0900,95.62
2025-11-15,A_off,DE_LU,20251115-0500,84.89
2025-11-15,A_off,DE_LU,20251115-1700,116.35
2025-11-15,A_off,DE_LU,20251115-0200,83.09
2025-11-15,A_off,DE_LU,20251115-1500,101.82
2025-11-15,A_off,DE_LU,20251115-2000,101.82
2025-11-15,A_off,DE_LU,20251115-0700,97.29
2025-11-15,A_off,DE_LU,20251115-1400,101.82
2025-11-15,A_off,DE_LU,20251115-0600,92.06
2025-11-15,A_off,DE_LU,20251115-1100,99.7
2025-11-15,A_off,DE_LU,20251115-2100,101.82
2025-11-15,A_off,DE_LU,20251115-0400,83.09
2025-11-15,A_off,DK1,20251115-2300,99.7
2025-11-15,A_off,DK1,20251115-0100,83.09
2025-11-15,A_off,DK1,20251115-0800,97.79
2025-11-15,A_off,DK1,20251115-1200,99.7
2025-11-15,A_off,DK1,20251115-1600,111.56
2025-11-15,A_off,DK1,20251115-2200,101.82
2025-11-15,A_off,DK1,20251115-1800,111.0
2025-11-15,A_off,DK1,20251115-1300,99.7
2025-11-15,A_off,DK1,20251115-0300,83.09
2025-11-15,A_off,DK1,20251115-0000,84.89
2025-11-15,A_off,DK1,20251115-1900,101.82
2025-11-15,A_off,DK1,20251115-1000,98.13
2025-11-15,A_off,DK1,20251115-0900,95.62
2025-11-15,A_off,DK1,20251115-0500,84.89
2025-11-15,A_off,DK1,20251115-1700,113.58
2025-11-15,A_off,DK1,20251115-0200,83.09
2025-11-15,A_off,DK1,20251115-1500,101.82
2025-11-15,A_off,DK1,20251115-2000,101.82
2025-11-15,A_off,DK1,20251115-0700,97.29
2025-11-15,A_off,DK1,20251115-1400,101.82
2025-11-15,A_off,DK1,20251115-0600,92.06
2025-11-15,A_off,DK1,20251115-1100,95.62
2025-11-15,A_off,DK1,20251115-2100,101.82
2025-11-15,A_off,DK1,20251115-0400,83.09
2025-11-15,A_off,NO2,20251115-2300,87.46
2025-11-15,A_off,NO2,20251115-0100,84.89
2025-11-15,A_off,NO2,20251115-0800,87.46
2025-11-15,A_off,NO2,20251115-1200,87.46
2025-11-15,A_off,NO2,20251115-1600,87.46
2025-11-15,A_off,NO2,20251115-2200,87.46
2025-11-15,A_off,NO2,20251115-1800,87.46
2025-11-15,A_off,NO2,20251115-1300,87.46
2025-11-15,A_off,NO2,20251115-0300,84.89
2025-11-15,A_off,NO2,20251115-0000,84.89
2025-11-15,A_off,NO2,20251115-1900,87.46
2025-11-15,A_off,NO2,20251115-1000,87.46
2025-11-15,A_off,NO2,20251115-0900,87.46
2025-11-15,A_off,NO2,20251115-0500,84.89
2025-11-15,A_off,NO2,20251115-1700,87.46
2025-11-15,A_off,NO2,20251115-0200,83.09
2025-11-15,A_off,NO2,20251115-1500,87.46
2025-11-15,A_off,NO2,20251115-2000,87.46
2025-11-15,A_off,NO2,20251115-0700,87.46
2025-11-15,A_off,NO2,20251115-1400,87.46
2025-11-15,A_off,NO2,20251115-0600,87.46
2025-11-15,A_off,NO2,20251115-1100,87.46
2025-11-15,A_off,NO2,20251115-2100,87.46
2025-11-15,A_off,NO2,20251115-0400,84.89
2025-11-15,A_off,FR,20251115-2300,42.3
2025-11-15,A_off,FR,20251115-0100,39.22
2025-11-15,A_off,FR,20251115-0800,41.24
2025-11-15,A_off,FR,20251115-1200,41.51
2025-11-15,A_off,FR,20251115-1600,47.92
2025-11-15,A_off,FR,20251115-2200,57.0
2025-11-15,A_off,FR,20251115-1800,83.09
2025-11-15,A_off,FR,20251115-1300,42.3
2025-11-15,A_off,FR,20251115-0300,18.91
2025-11-15,A_off,FR,20251115-0000,41.31
2025-11-15,A_off,FR,20251115-1900,67.4
2025-11-15,A_off,FR,20251115-1000,35.02
2025-11-15,A_off,FR,20251115-0900,34.84
2025-11-15,A_off,FR,20251115-0500,39.22
2025-11-15,A_off,FR,20251115-1700,83.09
2025-11-15,A_off,FR,20251115-0200,31.3
2025-11-15,A_off,FR,20251115-1500,43.01
2025-11-15,A_off,FR,20251115-2000,48.11
2025-11-15,A_off,FR,20251115-0700,41.97
2025-11-15,A_off,FR,20251115-1400,43.01
2025-11-15,A_off,FR,20251115-0600,40.45
2025-11-15,A_off,FR,20251115-1100,35.24
2025-11-15,A_off,FR,20251115-2100,48.11
2025-11-15,A_off,FR,20251115-0400,18.91
2025-11-15,B_on,NL,20251115-2300,100.73
2025-11-15,B_on,NL,20251115-0100,83.09
2025-11-15,B_on,NL,20251115-0800,94.15
2025-11-15,B_on,NL,20251115-1200,95.44
2025-11-15,B_on,NL,20251115-1600,101.82
2025-11-15,B_on,NL,20251115-2200,101.82
2025-11-15,B_on,NL,20251115-1800,101.82
2025-11-15,B_on,NL,20251115-1300,99.49
2025-11-15,B_on,NL,20251115-0300,83.09
2025-11-15,B_on,NL,20251115-0000,83.09
2025-11-15,B_on,NL,20251115-1900,101.82
2025-11-15,B_on,NL,20251115-1000,94.48
2025-11-15,B_on,NL,20251115-0900,93.78
2025-11-15,B_on,NL,20251115-0500,83.09
2025-11-15,B_on,NL,20251115-1700,101.82
2025-11-15,B_on,NL,20251115-0200,83.09
2025-11-15,B_on,NL,20251115-1500,101.82
2025-11-15,B_on,NL,20251115-2000,101.82
2025-11-15,B_on,NL,20251115-0700,93.7
2025-11-15,B_on,NL,20251115-1400,101.82000000000085
2025-11-15,B_on,NL,20251115-0600,87.46
2025-11-15,B_on,NL,20251115-1100,95.0
2025-11-15,B_on,NL,20251115-2100,101.82
2025-11-15,B_on,NL,20251115-0400,83.09
2025-11-15,B_on,BE,20251115-2300,87.46
2025-11-15,B_on,BE,20251115-0100,74.86
2025-11-15,B_on,BE,20251115-0800,86.37
2025-11-15,B_on,BE,20251115-1200,87.46
2025-11-15,B_on,BE,20251115-1600,87.46
2025-11-15,B_on,BE,20251115-2200,87.46
2025-11-15,B_on,BE,20251115-1800,87.46
2025-11-15,B_on,BE,20251115-1300,87.46
2025-11-15,B_on,BE,20251115-0300,74.86
2025-11-15,B_on,BE,20251115-0000,74.86
2025-11-15,B_on,BE,20251115-1900,87.46
2025-11-15,B_on,BE,20251115-1000,86.67
2025-11-15,B_on,BE,20251115-0900,85.23
2025-11-15,B_on,BE,20251115-0500,83.09
2025-11-15,B_on,BE,20251115-1700,87.46
2025-11-15,B_on,BE,20251115-0200,74.86
2025-11-15,B_on,BE,20251115-1500,87.46
2025-11-15,B_on,BE,20251115-2000,87.46
2025-11-15,B_on,BE,20251115-0700,85.95
2025-11-15,B_on,BE,20251115-1400,87.46000000000062
2025-11-15,B_on,BE,20251115-0600,83.09
2025-11-15,B_on,BE,20251115-1100,87.46
2025-11-15,B_on,BE,20251115-2100,87.46
2025-11-15,B_on,BE,20251115-0400,74.86
2025-11-15,B_on,DE_LU,20251115-2300,100.73
2025-11-15,B_on,DE_LU,20251115-0100,83.09
2025-11-15,B_on,DE_LU,20251115-0800,97.79
2025-11-15,B_on,DE_LU,20251115-1200,99.7
2025-11-15,B_on,DE_LU,20251115-1600,116.35
2025-11-15,B_on,DE_LU,20251115-2200,101.82
2025-11-15,B_on,DE_LU,20251115-1800,111.32
2025-11-15,B_on,DE_LU,20251115-1300,99.7
2025-11-15,B_on,DE_LU,20251115-0300,83.09
2025-11-15,B_on,DE_LU,20251115-0000,84.89
2025-11-15,B_on,DE_LU,20251115-1900,101.82
2025-11-15,B_on,DE_LU,20251115-1000,98.13
2025-11-15,B_on,DE_LU,20251115-0900,95.62
2025-11-15,B_on,DE_LU,20251115-0500,84.89
2025-11-15,B_on,DE_LU,20251115-1700,116.35
2025-11-15,B_on,DE_LU,20251115-0200,83.09
2025-11-15,B_on,DE_LU,20251115-1500,101.82
2025-11-15,B_on,DE_LU,20251115-2000,101.82
2025-11-15,B_on,DE_LU,20251115-0700,97.29
2025-11-15,B_on,DE_LU,20251115-1400,101.81999999999968
2025-11-15,B_on,DE_LU,20251115-0600,92.06
2025-11-15,B_on,DE_LU,20251115-1100,99.7
2025-11-15,B_on,DE_LU,20251115-2100,101.82
2025-11-15,B_on,DE_LU,20251115-0400,83.09
2025-11-15,B_on,DK1,20251115-2300,100.73
2025-11-15,B_on,DK1,20251115-0100,83.09
2025-11-15,B_on,DK1,20251115-0800,97.79
2025-11-15,B_on,DK1,20251115-1200,99.7
2025-11-15,B_on,DK1,20251115-1600,111.56
2025-11-15,B_on,DK1,20251115-2200,101.82
2025-11-15,B_on,DK1,20251115-1800,111.32
2025-11-15,B_on,DK1,20251115-1300,99.7
2025-11-15,B_on,DK1,20251115-0300,83.09
2025-11-15,B_on,DK1,20251115-0000,84.89
2025-11-15,B_on,DK1,20251115-1900,101.82
2025-11-15,B_on,DK1,20251115-1000,98.13
2025-11-15,B_on,DK1,20251115-0900,95.62
2025-11-15,B_on,DK1,20251115-0500,84.89
2025-11-15,B_on,DK1,20251115-1700,113.58
2025-11-15,B_on,DK1,20251115-0200,83.09
2025-11-15,B_on,DK1,20251115-1500,101.82
2025-11-15,B_on,DK1,20251115-2000,101.82
2025-11-15,B_on,DK1,20251115-0700,97.29
2025-11-15,B_on,DK1,20251115-1400,101.81999999999984
2025-11-15,B_on,DK1,20251115-0600,92.06
2025-11-15,B_on,DK1,20251115-1100,95.62
2025-11-15,B_on,DK1,20251115-2100,101.82
2025-11-15,B_on,DK1,20251115-0400,83.09
2025-11-15,B_on,NO2,20251115-2300,87.46
2025-11-15,B_on,NO2,20251115-0100,84.89
2025-11-15,B_on,NO2,20251115-0800,87.46
2025-11-15,B_on,NO2,20251115-1200,87.46
2025-11-15,B_on,NO2,20251115-1600,87.46
2025-11-15,B_on,NO2,20251115-2200,87.46
2025-11-15,B_on,NO2,20251115-1800,87.46
2025-11-15,B_on,NO2,20251115-1300,87.46
2025-11-15,B_on,NO2,20251115-0300,84.89
2025-11-15,B_on,NO2,20251115-0000,84.89
2025-11-15,B_on,NO2,20251115-1900,87.46
2025-11-15,B_on,NO2,20251115-1000,87.46
2025-11-15,B_on,NO2,20251115-0900,87.46
2025-11-15,B_on,NO2,20251115-0500,84.89
2025-11-15,B_on,NO2,20251115-1700,87.46
2025-11-15,B_on,NO2,20251115-0200,83.09
2025-11-15,B_on,NO2,20251115-1500,87.46
2025-11-15,B_on,NO2,20251115-2000,87.46
2025-11-15,B_on,NO2,20251115-0700,87.46
2025-11-15,B_on,NO2,20251115-1400,87.45999999999997
2025-11-15,B_on,NO2,20251115-0600,87.46
2025-11-15,B_on,NO2,20251115-1100,87.46
2025-11-15,B_on,NO2,20251115-2100,87.46
2025-11-15,B_on,NO2,20251115-0400,84.89
2025-11-15,B_on,FR,20251115-2300,42.31
2025-11-15,B_on,FR,20251115-0100,39.22
2025-11-15,B_on,FR,20251115-0800,41.24
2025-11-15,B_on,FR,20251115-1200,41.51
2025-11-15,B_on,FR,20251115-1600,47.92
2025-11-15,B_on,FR,20251115-2200,57.0
2025-11-15,B_on,FR,20251115-1800,83.09
2025-11-15,B_on,FR,20251115-1300,42.3
2025-11-15,B_on,FR,20251115-0300,18.91
2025-11-15,B_on,FR,20251115-0000,41.31
2025-11-15,B_on,FR,20251115-1900,67.4
2025-11-15,B_on,FR,20251115-1000,35.02
2025-11-15,B_on,FR,20251115-0900,34.84
2025-11-15,B_on,FR,20251115-0500,39.22
2025-11-15,B_on,FR,20251115-1700,83.09
2025-11-15,B_on,FR,20251115-0200,31.3
2025-11-15,B_on,FR,20251115-1500,43.01
2025-11-15,B_on,FR,20251115-2000,48.11
2025-11-15,B_on,FR,20251115-0700,41.97
2025-11-15,B_on,FR,20251115-1400,43.00999999999967
2025-11-15,B_on,FR,20251115-0600,40.45
2025-11-15,B_on,FR,20251115-1100,35.24
2025-11-15,B_on,FR,20251115-2100,48.11
2025-11-15,B_on,FR,20251115-0400,18.91
2025-05-15,A_off,NL,20250515-2300,86.47
2025-05-15,A_off,NL,20250515-0800,59.0
2025-05-15,A_off,NL,20250515-2000,86.47
2025-05-15,A_off,NL,20250515-1000,14.91
2025-05-15,A_off,NL,20250515-1600,86.47
2025-05-15,A_off,NL,20250515-0600,86.47
2025-05-15,A_off,NL,20250515-0000,86.47
2025-05-15,A_off,NL,20250515-1800,86.47
2025-05-15,A_off,NL,20250515-0300,86.47
2025-05-15,A_off,NL,20250515-0700,86.47
2025-05-15,A_off,NL,20250515-0200,86.47
2025-05-15,A_off,NL,20250515-0400,86.47
2025-05-15,A_off,NL,20250515-1400,40.0
2025-05-15,A_off,NL,20250515-1700,86.47
2025-05-15,A_off,NL,20250515-1500,23.75
2025-05-15,A_off,NL,20250515-1300,4.95
2025-05-15,A_off,NL,20250515-2200,86.47
2025-05-15,A_off,NL,20250515-1900,94.05
2025-05-15,A_off,NL,20250515-0900,46.67
2025-05-15,A_off,NL,20250515-0100,86.47
2025-05-15,A_off,NL,20250515-1100,4.95
2025-05-15,A_off,NL,20250515-2100,86.47
2025-05-15,A_off,NL,20250515-0500,94.05
2025-05-15,A_off,NL,20250515-1200,4.55
2025-05-15,A_off,BE,20250515-2300,84.93
2025-05-15,A_off,BE,20250515-0800,86.47
2025-05-15,A_off,BE,20250515-2000,86.47
2025-05-15,A_off,BE,20250515-1000,26.88
2025-05-15,A_off,BE,20250515-1600,84.93
2025-05-15,A_off,BE,20250515-0600,86.47
2025-05-15,A_off,BE,20250515-0000,84.93
2025-05-15,A_off,BE,20250515-1800,86.47
2025-05-15,A_off,BE,20250515-0300,86.47
2025-05-15,A_off,BE,20250515-0700,86.47
2025-05-15,A_off,BE,20250515-0200,77.82
2025-05-15,A_off,BE,20250515-0400,86.47
2025-05-15,A_off,BE,20250515-1400,39.29
2025-05-15,A_off,BE,20250515-1700,86.47
2025-05-15,A_off,BE,20250515-1500,44.98
2025-05-15,A_off,BE,20250515-1300,9.5
2025-05-15,A_off,BE,20250515-2200,84.93
2025-05-15,A_off,BE,20250515-1900,86.47
2025-05-15,A_off,BE,20250515-0900,86.47
2025-05-15,A_off,BE,20250515-0100,77.82
2025-05-15,A_off,BE,20250515-1100,7.22
2025-05-15,A_off,BE,20250515-2100,86.47
2025-05-15,A_off,BE,20250515-0500,86.47
2025-05-15,A_off,BE,20250515-1200,5.0
2025-05-15,A_off,DE_LU,20250515-2300,86.47
2025-05-15,A_off,DE_LU,20250515-0800,51.03
2025-05-15,A_off,DE_LU,20250515-2000,94.05
2025-05-15,A_off,DE_LU,20250515-1000,14.91
2025-05-15,A_off,DE_LU,20250515-1600,86.47
2025-05-15,A_off,DE_LU,20250515-0600,88.52
2025-05-15,A_off,DE_LU,20250515-0000,86.47
2025-05-15,A_off,DE_LU,20250515-1800,100.8
2025-05-15,A_off,DE_LU,20250515-0300,92.73
2025-05-15,A_off,DE_LU,20250515-0700,77.07
2025-05-15,A_off,DE_LU,20250515-0200,86.47
2025-05-15,A_off,DE_LU,20250515-0400,94.05
2025-05-15,A_off,DE_LU,20250515-1400,40.0
2025-05-15,A_off,DE_LU,20250515-1700,94.05
2025-05-15,A_off,DE_LU,20250515-1500,57.0
2025-05-15,A_off,DE_LU,20250515-1300,4.95
2025-05-15,A_off,DE_LU,20250515-2200,86.47
2025-05-15,A_off,DE_LU,20250515-1900,94.05
2025-05-15,A_off,DE_LU,20250515-0900,46.67
2025-05-15,A_off,DE_LU,20250515-0100,86.47
2025-05-15,A_off,DE_LU,20250515-1100,9.5
2025-05-15,A_off,DE_LU,20250515-2100,94.05
2025-05-15,A_off,DE_LU,20250515-0500,94.05
2025-05-15,A_off,DE_LU,20250515-1200,4.95
2025-05-15,A_off,DK1,20250515-2300,75.0
2025-05-15,A_off,DK1,20250515-0800,1.0
2025-05-15,A_off,DK1,20250515-2000,57.0
2025-05-15,A_off,DK1,20250515-1000,14.91
2025-05-15,A_off,DK1,20250515-1600,1.0
2025-05-15,A_off,DK1,20250515-0600,1.0
2025-05-15,A_off,DK1,20250515-0000,30.0
2025-05-15,A_off,DK1,20250515-1800,86.47
2025-05-15,A_off,DK1,20250515-0300,42.47
2025-05-15,A_off,DK1,20250515-0700,1.0
2025-05-15,A_off,DK1,20250515-0200,33.25
2025-05-15,A_off,DK1,20250515-0400,42.47
2025-05-15,A_off,DK1,20250515-1400,40.0
2025-05-15,A_off,DK1,20250515-1700,43.71
2025-05-15,A_off,DK1,20250515-1500,23.75
2025-05-15,A_off,DK1,20250515-1300,4.95
2025-05-15,A_off,DK1,20250515-2200,86.47
2025-05-15,A_off,DK1,20250515-1900,94.05
2025-05-15,A_off,DK1,20250515-0900,46.67
2025-05-15,A_off,DK1,20250515-0100,30.0
2025-05-15,A_off,DK1,20250515-1100,9.5
2025-05-15,A_off,DK1,20250515-2100,86.47
2025-05-15,A_off,DK1,20250515-0500,25.29
2025-05-15,A_off,DK1,20250515-1200,4.95
2025-05-15,A_off,NO2,20250515-2300,77.82
2025-05-15,A_off,NO2,20250515-0800,56.77
2025-05-15,A_off,NO2,20250515-2000,84.64
2025-05-15,A_off,NO2,20250515-1000,24.75
2025-05-15,A_off,NO2,20250515-1600,77.82
2025-05-15,A_off,NO2,20250515-0600,77.82
2025-05-15,A_off,NO2,20250515-0000,77.82
2025-05-15,A_off,NO2,20250515-1800,84.64
2025-05-15,A_off,NO2,20250515-0300,83.46
2025-05-15,A_off,NO2,20250515-0700,59.34
2025-05-15,A_off,NO2,20250515-0200,77.82
2025-05-15,A_off,NO2,20250515-0400,84.64
2025-05-15,A_off,NO2,20250515-1400,36.0
2025-05-15,A_off,NO2,20250515-1700,84.64
2025-05-15,A_off,NO2,20250515-1500,59.59
2025-05-15,A_off,NO2,20250515-1300,4.46
2025-05-15,A_off,NO2,20250515-2200,77.82
2025-05-15,A_off,NO2,20250515-1900,84.64
2025-05-15,A_off,NO2,20250515-0900,45.93
2025-05-15,A_off,NO2,20250515-0100,77.82
2025-05-15,A_off,NO2,20250515-1100,8.55
2025-05-15,A_off,NO2,20250515-2100,84.64
2025-05-15,A_off,NO2,20250515-0500,84.64
2025-05-15,A_off,NO2,20250515-1200,4.46
2025-05-15,A_off,FR,20250515-2300,48.78
2025-05-15,A_off,FR,20250515-0800,21.63
2025-05-15,A_off,FR,20250515-2000,53.48
2025-05-15,A_off,FR,20250515-1000,14.91
2025-05-15,A_off,FR,20250515-1600,21.86
2025-05-15,A_off,FR,20250515-0600,57.0
2025-05-15,A_off,FR,20250515-0000,51.92
2025-05-15,A_off,FR,20250515-1800,65.35
2025-05-15,A_off,FR,20250515-0300,49.91
2025-05-15,A_off,FR,20250515-0700,47.7
2025-05-15,A_off,FR,20250515-0200,49.59
2025-05-15,A_off,FR,20250515-0400,51.63
2025-05-15,A_off,FR,20250515-1400,18.66
2025-05-15,A_off,FR,20250515-1700,51.03
2025-05-15,A_off,FR,20250515-1500,19.04
2025-05-15,A_off,FR,20250515-1300,12.93
2025-05-15,A_off,FR,20250515-2200,49.37
2025-05-15,A_off,FR,20250515-1900,66.17
2025-05-15,A_off,FR,20250515-0900,18.99
2025-05-15,A_off,FR,20250515-0100,48.38
2025-05-15,A_off,FR,20250515-1100,14.65
2025-05-15,A_off,FR,20250515-2100,53.48
2025-05-15,A_off,FR,20250515-0500,86.47
2025-05-15,A_off,FR,20250515-1200,12.84
2025-05-15,B_on,NL,20250515-2300,86.47
2025-05-15,B_on,NL,20250515-0800,57.0
2025-05-15,B_on,NL,20250515-2000,86.47
2025-05-15,B_on,NL,20250515-1000,5.0
2025-05-15,B_on,NL,20250515-1600,59.0
2025-05-15,B_on,NL,20250515-0600,86.47
2025-05-15,B_on,NL,20250515-0000,86.47
2025-05-15,B_on,NL,20250515-1800,86.47
2025-05-15,B_on,NL,20250515-0300,86.47
2025-05-15,B_on,NL,20250515-0700,86.47
2025-05-15,B_on,NL,20250515-0200,86.47
2025-05-15,B_on,NL,20250515-0400,86.47
2025-05-15,B_on,NL,20250515-1400,12.5
2025-05-15,B_on,NL,20250515-1700,86.47
2025-05-15,B_on,NL,20250515-1500,20.96
2025-05-15,B_on,NL,20250515-1300,4.55
2025-05-15,B_on,NL,20250515-2200,86.47
2025-05-15,B_on,NL,20250515-1900,94.05
2025-05-15,B_on,NL,20250515-0900,46.67
2025-05-15,B_on,NL,20250515-0100,86.47
2025-05-15,B_on,NL,20250515-1100,4.55
2025-05-15,B_on,NL,20250515-2100,86.47
2025-05-15,B_on,NL,20250515-0500,94.05
2025-05-15,B_on,NL,20250515-1200,4.55
2025-05-15,B_on,BE,20250515-2300,84.93
2025-05-15,B_on,BE,20250515-0800,86.47
2025-05-15,B_on,BE,20250515-2000,86.47
2025-05-15,B_on,BE,20250515-1000,23.75
2025-05-15,B_on,BE,20250515-1600,71.44
2025-05-15,B_on,BE,20250515-0600,86.47
2025-05-15,B_on,BE,20250515-0000,84.93
2025-05-15,B_on,BE,20250515-1800,86.47
2025-05-15,B_on,BE,20250515-0300,86.47
2025-05-15,B_on,BE,20250515-0700,86.47
2025-05-15,B_on,BE,20250515-0200,77.82
2025-05-15,B_on,BE,20250515-0400,86.47
2025-05-15,B_on,BE,20250515-1400,25.78
2025-05-15,B_on,BE,20250515-1700,86.47
2025-05-15,B_on,BE,20250515-1500,35.6
2025-05-15,B_on,BE,20250515-1300,9.5
2025-05-15,B_on,BE,20250515-2200,84.93
2025-05-15,B_on,BE,20250515-1900,86.47
2025-05-15,B_on,BE,20250515-0900,86.47
2025-05-15,B_on,BE,20250515-0100,77.82
2025-05-15,B_on,BE,20250515-1100,7.02
2025-05-15,B_on,BE,20250515-2100,86.47
2025-05-15,B_on,BE,20250515-0500,86.47
2025-05-15,B_on,BE,20250515-1200,5.0
2025-05-15,B_on,DE_LU,20250515-2300,86.47
2025-05-15,B_on,DE_LU,20250515-0800,51.03
2025-05-15,B_on,DE_LU,20250515-2000,94.05
2025-05-15,B_on,DE_LU,20250515-1000,14.91
2025-05-15,B_on,DE_LU,20250515-1600,86.47
2025-05-15,B_on,DE_LU,20250515-0600,88.52
2025-05-15,B_on,DE_LU,20250515-0000,86.47
2025-05-15,B_on,DE_LU,20250515-1800,100.8
2025-05-15,B_on,DE_LU,20250515-0300,92.73
2025-05-15,B_on,DE_LU,20250515-0700,77.07
2025-05-15,B_on,DE_LU,20250515-0200,86.47
2025-05-15,B_on,DE_LU,20250515-0400,94.05
2025-05-15,B_on,DE_LU,20250515-1400,40.0
2025-05-15,B_on,DE_LU,20250515-1700,94.05
2025-05-15,B_on,DE_LU,20250515-1500,57.0
2025-05-15,B_on,DE_LU,20250515-1300,9.45
2025-05-15,B_on,DE_LU,20250515-2200,86.47
2025-05-15,B_on,DE_LU,20250515-1900,94.05
2025-05-15,B_on,DE_LU,20250515-0900,46.67
2025-05-15,B_on,DE_LU,20250515-0100,86.47
2025-05-15,B_on,DE_LU,20250515-1100,9.5
2025-05-15,B_on,DE_LU,20250515-2100,94.05
2025-05-15,B_on,DE_LU,20250515-0500,94.05
2025-05-15,B_on,DE_LU,20250515-1200,4.95
2025-05-15,B_on,DK1,20250515-2300,75.0
2025-05-15,B_on,DK1,20250515-0800,1.0
2025-05-15,B_on,DK1,20250515-2000,57.0
2025-05-15,B_on,DK1,20250515-1000,14.91
2025-05-15,B_on,DK1,20250515-1600,1.0
2025-05-15,B_on,DK1,20250515-0600,1.0
2025-05-15,B_on,DK1,20250515-0000,30.0
2025-05-15,B_on,DK1,20250515-1800,86.47
2025-05-15,B_on,DK1,20250515-0300,42.47
2025-05-15,B_on,DK1,20250515-0700,1.0
2025-05-15,B_on,DK1,20250515-0200,33.25
2025-05-15,B_on,DK1,20250515-0400,42.47
2025-05-15,B_on,DK1,20250515-1400,40.0
2025-05-15,B_on,DK1,20250515-1700,43.71
2025-05-15,B_on,DK1,20250515-1500,20.96
2025-05-15,B_on,DK1,20250515-1300,9.45
2025-05-15,B_on,DK1,20250515-2200,86.47
2025-05-15,B_on,DK1,20250515-1900,94.05
2025-05-15,B_on,DK1,20250515-0900,46.67
2025-05-15,B_on,DK1,20250515-0100,30.0
2025-05-15,B_on,DK1,20250515-1100,9.5
2025-05-15,B_on,DK1,20250515-2100,86.47
2025-05-15,B_on,DK1,20250515-0500,25.29
2025-05-15,B_on,DK1,20250515-1200,4.95
2025-05-15,B_on,NO2,20250515-2300,77.82
2025-05-15,B_on,NO2,20250515-0800,56.77
2025-05-15,B_on,NO2,20250515-2000,84.64
2025-05-15,B_on,NO2,20250515-1000,24.75
2025-05-15,B_on,NO2,20250515-1600,77.82
2025-05-15,B_on,NO2,20250515-0600,77.82
2025-05-15,B_on,NO2,20250515-0000,77.82
2025-05-15,B_on,NO2,20250515-1800,84.64
2025-05-15,B_on,NO2,20250515-0300,83.46
2025-05-15,B_on,NO2,20250515-0700,59.34
2025-05-15,B_on,NO2,20250515-0200,77.82
2025-05-15,B_on,NO2,20250515-0400,84.64
2025-05-15,B_on,NO2,20250515-1400,36.0
2025-05-15,B_on,NO2,20250515-1700,84.64
2025-05-15,B_on,NO2,20250515-1500,59.59
2025-05-15,B_on,NO2,20250515-1300,9.45
2025-05-15,B_on,NO2,20250515-2200,77.82
2025-05-15,B_on,NO2,20250515-1900,84.64
2025-05-15,B_on,NO2,20250515-0900,45.93
2025-05-15,B_on,NO2,20250515-0100,77.82
2025-05-15,B_on,NO2,20250515-1100,8.55
2025-05-15,B_on,NO2,20250515-2100,84.64
2025-05-15,B_on,NO2,20250515-0500,84.64
2025-05-15,B_on,NO2,20250515-1200,4.46
2025-05-15,B_on,FR,20250515-2300,48.78
2025-05-15,B_on,FR,20250515-0800,21.63
2025-05-15,B_on,FR,20250515-2000,53.48
2025-05-15,B_on,FR,20250515-1000,14.91
2025-05-15,B_on,FR,20250515-1600,21.86
2025-05-15,B_on,FR,20250515-0600,57.0
2025-05-15,B_on,FR,20250515-0000,51.92
2025-05-15,B_on,FR,20250515-1800,65.35
2025-05-15,B_on,FR,20250515-0300,49.91
2025-05-15,B_on,FR,20250515-0700,47.7
2025-05-15,B_on,FR,20250515-0200,49.59
2025-05-15,B_on,FR,20250515-0400,51.63
2025-05-15,B_on,FR,20250515-1400,18.66
2025-05-15,B_on,FR,20250515-1700,51.03
2025-05-15,B_on,FR,20250515-1500,19.04
2025-05-15,B_on,FR,20250515-1300,13.01
2025-05-15,B_on,FR,20250515-2200,49.37
2025-05-15,B_on,FR,20250515-1900,66.17
2025-05-15,B_on,FR,20250515-0900,18.99
2025-05-15,B_on,FR,20250515-0100,48.38
2025-05-15,B_on,FR,20250515-1100,14.65
2025-05-15,B_on,FR,20250515-2100,53.48
2025-05-15,B_on,FR,20250515-0500,86.47
2025-05-15,B_on,FR,20250515-1200,12.84
2025-12-01,A_off,NL,20251201-0800,101.8
2025-12-01,A_off,NL,20251201-1100,79.61
2025-12-01,A_off,NL,20251201-1200,79.61
2025-12-01,A_off,NL,20251201-1800,88.42
2025-12-01,A_off,NL,20251201-1600,103.61
2025-12-01,A_off,NL,20251201-0000,79.61
2025-12-01,A_off,NL,20251201-2100,79.61
2025-12-01,A_off,NL,20251201-0100,79.61
2025-12-01,A_off,NL,20251201-0500,79.61
2025-12-01,A_off,NL,20251201-0300,79.61
2025-12-01,A_off,NL,20251201-2300,79.61
2025-12-01,A_off,NL,20251201-1000,79.61
2025-12-01,A_off,NL,20251201-0700,103.61
2025-12-01,A_off,NL,20251201-1700,103.61
2025-12-01,A_off,NL,20251201-0200,79.61
2025-12-01,A_off,NL,20251201-0900,83.8
2025-12-01,A_off,NL,20251201-0600,96.22
2025-12-01,A_off,NL,20251201-1300,79.61
2025-12-01,A_off,NL,20251201-0400,79.61
2025-12-01,A_off,NL,20251201-1400,79.61
2025-12-01,A_off,NL,20251201-1500,91.62
2025-12-01,A_off,NL,20251201-1900,83.8
2025-12-01,A_off,NL,20251201-2000,79.61
2025-12-01,A_off,NL,20251201-2200,79.61
2025-12-01,A_off,BE,20251201-0800,83.8
2025-12-01,A_off,BE,20251201-1100,82.45
2025-12-01,A_off,BE,20251201-1200,82.45
2025-12-01,A_off,BE,20251201-1800,83.8
2025-12-01,A_off,BE,20251201-1600,83.8
2025-12-01,A_off,BE,20251201-0000,79.61
2025-12-01,A_off,BE,20251201-2100,75.53
2025-12-01,A_off,BE,20251201-0100,79.61
2025-12-01,A_off,BE,20251201-0500,83.8
2025-12-01,A_off,BE,20251201-0300,78.82
2025-12-01,A_off,BE,20251201-2300,71.65
2025-12-01,A_off,BE,20251201-1000,82.45
2025-12-01,A_off,BE,20251201-0700,83.8
2025-12-01,A_off,BE,20251201-1700,83.8
2025-12-01,A_off,BE,20251201-0200,78.82
2025-12-01,A_off,BE,20251201-0900,83.8
2025-12-01,A_off,BE,20251201-0600,83.8
2025-12-01,A_off,BE,20251201-1300,83.8
2025-12-01,A_off,BE,20251201-0400,78.82
2025-12-01,A_off,BE,20251201-1400,43.8
2025-12-01,A_off,BE,20251201-1500,83.8
2025-12-01,A_off,BE,20251201-1900,79.61
2025-12-01,A_off,BE,20251201-2000,79.61
2025-12-01,A_off,BE,20251201-2200,71.65
2025-12-01,A_off,DE_LU,20251201-0800,118.84
2025-12-01,A_off,DE_LU,20251201-1100,103.61
2025-12-01,A_off,DE_LU,20251201-1200,103.61
2025-12-01,A_off,DE_LU,20251201-1800,103.61
2025-12-01,A_off,DE_LU,20251201-1600,118.84
2025-12-01,A_off,DE_LU,20251201-0000,95.54
2025-12-01,A_off,DE_LU,20251201-2100,88.85
2025-12-01,A_off,DE_LU,20251201-0100,95.54
2025-12-01,A_off,DE_LU,20251201-0500,109.0
2025-12-01,A_off,DE_LU,20251201-0300,95.54
2025-12-01,A_off,DE_LU,20251201-2300,79.61
2025-12-01,A_off,DE_LU,20251201-1000,103.61
2025-12-01,A_off,DE_LU,20251201-0700,139.12
2025-12-01,A_off,DE_LU,20251201-1700,113.11
2025-12-01,A_off,DE_LU,20251201-0200,95.54
2025-12-01,A_off,DE_LU,20251201-0900,113.11
2025-12-01,A_off,DE_LU,20251201-0600,126.29
2025-12-01,A_off,DE_LU,20251201-1300,118.16
2025-12-01,A_off,DE_LU,20251201-0400,95.54
2025-12-01,A_off,DE_LU,20251201-1400,118.84
2025-12-01,A_off,DE_LU,20251201-1500,118.84
2025-12-01,A_off,DE_LU,20251201-1900,103.61
2025-12-01,A_off,DE_LU,20251201-2000,103.61
2025-12-01,A_off,DE_LU,20251201-2200,82.1
2025-12-01,A_off,DK1,20251201-0800,101.8
2025-12-01,A_off,DK1,20251201-1100,79.61
2025-12-01,A_off,DK1,20251201-1200,79.61
2025-12-01,A_off,DK1,20251201-1800,79.61
2025-12-01,A_off,DK1,20251201-1600,101.8
2025-12-01,A_off,DK1,20251201-0000,79.61
2025-12-01,A_off,DK1,20251201-2100,79.61
2025-12-01,A_off,DK1,20251201-0100,79.61
2025-12-01,A_off,DK1,20251201-0500,91.62
2025-12-01,A_off,DK1,20251201-0300,79.61
2025-12-01,A_off,DK1,20251201-2300,79.61
2025-12-01,A_off,DK1,20251201-1000,83.8
2025-12-01,A_off,DK1,20251201-0700,103.61
2025-12-01,A_off,DK1,20251201-1700,83.8
2025-12-01,A_off,DK1,20251201-0200,79.61
2025-12-01,A_off,DK1,20251201-0900,91.62
2025-12-01,A_off,DK1,20251201-0600,101.8
2025-12-01,A_off,DK1,20251201-1300,79.61
2025-12-01,A_off,DK1,20251201-0400,91.62
2025-12-01,A_off,DK1,20251201-1400,79.61
2025-12-01,A_off,DK1,20251201-1500,91.62
2025-12-01,A_off,DK1,20251201-1900,83.8
2025-12-01,A_off,DK1,20251201-2000,79.61
2025-12-01,A_off,DK1,20251201-2200,79.61
2025-12-01,A_off,NO2,20251201-0800,83.8
2025-12-01,A_off,NO2,20251201-1100,83.8
2025-12-01,A_off,NO2,20251201-1200,83.8
2025-12-01,A_off,NO2,20251201-1800,83.8
2025-12-01,A_off,NO2,20251201-1600,83.8
2025-12-01,A_off,NO2,20251201-0000,83.8
2025-12-01,A_off,NO2,20251201-2100,83.8
2025-12-01,A_off,NO2,20251201-0100,83.8
2025-12-01,A_off,NO2,20251201-0500,83.8
2025-12-01,A_off,NO2,20251201-0300,83.8
2025-12-01,A_off,NO2,20251201-2300,79.61
2025-12-01,A_off,NO2,20251201-1000,83.8
2025-12-01,A_off,NO2,20251201-0700,83.8
2025-12-01,A_off,NO2,20251201-1700,83.8
2025-12-01,A_off,NO2,20251201-0200,83.8
2025-12-01,A_off,NO2,20251201-0900,83.8
2025-12-01,A_off,NO2,20251201-0600,83.8
2025-12-01,A_off,NO2,20251201-1300,83.8
2025-12-01,A_off,NO2,20251201-0400,83.8
2025-12-01,A_off,NO2,20251201-1400,33.34
2025-12-01,A_off,NO2,20251201-1500,83.8
2025-12-01,A_off,NO2,20251201-1900,83.8
2025-12-01,A_off,NO2,20251201-2000,83.8
2025-12-01,A_off,NO2,20251201-2200,82.1
2025-12-01,A_off,FR,20251201-0800,99.08
2025-12-01,A_off,FR,20251201-1100,41.08
2025-12-01,A_off,FR,20251201-1200,40.24
2025-12-01,A_off,FR,20251201-1800,103.61
2025-12-01,A_off,FR,20251201-1600,79.61
2025-12-01,A_off,FR,20251201-0000,46.51
2025-12-01,A_off,FR,20251201-2100,43.96
2025-12-01,A_off,FR,20251201-0100,45.44
2025-12-01,A_off,FR,20251201-0500,50.56
2025-12-01,A_off,FR,20251201-0300,37.81
2025-12-01,A_off,FR,20251201-2300,37.66
2025-12-01,A_off,FR,20251201-1000,56.53
2025-12-01,A_off,FR,20251201-0700,118.64
2025-12-01,A_off,FR,20251201-1700,103.57
2025-12-01,A_off,FR,20251201-0200,37.82
2025-12-01,A_off,FR,20251201-0900,79.61
2025-12-01,A_off,FR,20251201-0600,79.61
2025-12-01,A_off,FR,20251201-1300,44.03
2025-12-01,A_off,FR,20251201-0400,37.81
2025-12-01,A_off,FR,20251201-1400,10.51
2025-12-01,A_off,FR,20251201-1500,60.84
2025-12-01,A_off,FR,20251201-1900,79.09
2025-12-01,A_off,FR,20251201-2000,53.19
2025-12-01,A_off,FR,20251201-2200,36.05
2025-12-01,B_on,NL,20251201-0800,103.61
2025-12-01,B_on,NL,20251201-1100,79.61
2025-12-01,B_on,NL,20251201-1200,79.61
2025-12-01,B_on,NL,20251201-1800,91.62
2025-12-01,B_on,NL,20251201-1600,103.61
2025-12-01,B_on,NL,20251201-0000,83.8
2025-12-01,B_on,NL,20251201-2100,79.61
2025-12-01,B_on,NL,20251201-0100,83.8
2025-12-01,B_on,NL,20251201-0500,89.91
2025-12-01,B_on,NL,20251201-0300,83.8
2025-12-01,B_on,NL,20251201-2300,79.61
2025-12-01,B_on,NL,20251201-1000,83.8
2025-12-01,B_on,NL,20251201-0700,103.61
2025-12-01,B_on,NL,20251201-1700,103.61
2025-12-01,B_on,NL,20251201-0200,83.8
2025-12-01,B_on,NL,20251201-0900,90.72
2025-12-01,B_on,NL,20251201-0600,101.63
2025-12-01,B_on,NL,20251201-1300,79.61
2025-12-01,B_on,NL,20251201-0400,83.8
2025-12-01,B_on,NL,20251201-1400,83.8
2025-12-01,B_on,NL,20251201-1500,101.8
2025-12-01,B_on,NL,20251201-1900,83.8
2025-12-01,B_on,NL,20251201-2000,79.61
2025-12-01,B_on,NL,20251201-2200,79.61
2025-12-01,B_on,BE,20251201-0800,83.8
2025-12-01,B_on,BE,20251201-1100,82.45
2025-12-01,B_on,BE,20251201-1200,82.45
2025-12-01,B_on,BE,20251201-1800,83.8
2025-12-01,B_on,BE,20251201-1600,83.8
2025-12-01,B_on,BE,20251201-0000,79.61
2025-12-01,B_on,BE,20251201-2100,75.53
2025-12-01,B_on,BE,20251201-0100,79.61
2025-12-01,B_on,BE,20251201-0500,83.8
2025-12-01,B_on,BE,20251201-0300,78.82
2025-12-01,B_on,BE,20251201-2300,71.65
2025-12-01,B_on,BE,20251201-1000,82.45
2025-12-01,B_on,BE,20251201-0700,83.8
2025-12-01,B_on,BE,20251201-1700,83.8
2025-12-01,B_on,BE,20251201-0200,78.82
2025-12-01,B_on,BE,20251201-0900,83.8
2025-12-01,B_on,BE,20251201-0600,83.8
2025-12-01,B_on,BE,20251201-1300,83.8
2025-12-01,B_on,BE,20251201-0400,78.82
2025-12-01,B_on,BE,20251201-1400,83.8
2025-12-01,B_on,BE,20251201-1500,83.8
2025-12-01,B_on,BE,20251201-1900,79.61
2025-12-01,B_on,BE,20251201-2000,79.61
2025-12-01,B_on,BE,20251201-2200,71.65
2025-12-01,B_on,DE_LU,20251201-0800,118.84
2025-12-01,B_on,DE_LU,20251201-1100,103.61
2025-12-01,B_on,DE_LU,20251201-1200,103.61
2025-12-01,B_on,DE_LU,20251201-1800,103.61
2025-12-01,B_on,DE_LU,20251201-1600,118.84
2025-12-01,B_on,DE_LU,20251201-0000,95.54
2025-12-01,B_on,DE_LU,20251201-2100,88.85
2025-12-01,B_on,DE_LU,20251201-0100,95.54
2025-12-01,B_on,DE_LU,20251201-0500,109.0
2025-12-01,B_on,DE_LU,20251201-0300,95.54
2025-12-01,B_on,DE_LU,20251201-2300,79.61
2025-12-01,B_on,DE_LU,20251201-1000,103.61
2025-12-01,B_on,DE_LU,20251201-0700,139.12
2025-12-01,B_on,DE_LU,20251201-1700,113.11
2025-12-01,B_on,DE_LU,20251201-0200,95.54
2025-12-01,B_on,DE_LU,20251201-0900,113.11
2025-12-01,B_on,DE_LU,20251201-0600,126.29
2025-12-01,B_on,DE_LU,20251201-1300,118.16
2025-12-01,B_on,DE_LU,20251201-0400,95.54
2025-12-01,B_on,DE_LU,20251201-1400,118.84
2025-12-01,B_on,DE_LU,20251201-1500,118.84
2025-12-01,B_on,DE_LU,20251201-1900,103.61
2025-12-01,B_on,DE_LU,20251201-2000,103.61
2025-12-01,B_on,DE_LU,20251201-2200,82.1
2025-12-01,B_on,DK1,20251201-0800,103.61
2025-12-01,B_on,DK1,20251201-1100,79.61
2025-12-01,B_on,DK1,20251201-1200,79.61
2025-12-01,B_on,DK1,20251201-1800,79.61
2025-12-01,B_on,DK1,20251201-1600,101.8
2025-12-01,B_on,DK1,20251201-0000,83.8
2025-12-01,B_on,DK1,20251201-2100,79.61
2025-12-01,B_on,DK1,20251201-0100,83.8
2025-12-01,B_on,DK1,20251201-0500,91.62
2025-12-01,B_on,DK1,20251201-0300,83.8
2025-12-01,B_on,DK1,20251201-2300,79.61
2025-12-01,B_on,DK1,20251201-1000,83.8
2025-12-01,B_on,DK1,20251201-0700,103.61
2025-12-01,B_on,DK1,20251201-1700,83.8
2025-12-01,B_on,DK1,20251201-0200,83.8
2025-12-01,B_on,DK1,20251201-0900,91.62
2025-12-01,B_on,DK1,20251201-0600,101.8
2025-12-01,B_on,DK1,20251201-1300,79.61
2025-12-01,B_on,DK1,20251201-0400,91.62
2025-12-01,B_on,DK1,20251201-1400,83.8
2025-12-01,B_on,DK1,20251201-1500,101.8
2025-12-01,B_on,DK1,20251201-1900,83.8
2025-12-01,B_on,DK1,20251201-2000,79.61
2025-12-01,B_on,DK1,20251201-2200,79.61
2025-12-01,B_on,NO2,20251201-0800,83.8
2025-12-01,B_on,NO2,20251201-1100,83.8
2025-12-01,B_on,NO2,20251201-1200,83.8
2025-12-01,B_on,NO2,20251201-1800,83.8
2025-12-01,B_on,NO2,20251201-1600,83.8
2025-12-01,B_on,NO2,20251201-0000,83.8
2025-12-01,B_on,NO2,20251201-2100,83.8
2025-12-01,B_on,NO2,20251201-0100,83.8
2025-12-01,B_on,NO2,20251201-0500,83.8
2025-12-01,B_on,NO2,20251201-0300,83.8
2025-12-01,B_on,NO2,20251201-2300,79.61
2025-12-01,B_on,NO2,20251201-1000,83.8
2025-12-01,B_on,NO2,20251201-0700,83.8
2025-12-01,B_on,NO2,20251201-1700,83.8
2025-12-01,B_on,NO2,20251201-0200,83.8
2025-12-01,B_on,NO2,20251201-0900,83.8
2025-12-01,B_on,NO2,20251201-0600,83.8
2025-12-01,B_on,NO2,20251201-1300,83.8
2025-12-01,B_on,NO2,20251201-0400,83.8
2025-12-01,B_on,NO2,20251201-1400,83.8
2025-12-01,B_on,NO2,20251201-1500,83.8
2025-12-01,B_on,NO2,20251201-1900,83.8
2025-12-01,B_on,NO2,20251201-2000,83.8
2025-12-01,B_on,NO2,20251201-2200,82.1
2025-12-01,B_on,FR,20251201-0800,99.08
2025-12-01,B_on,FR,20251201-1100,41.08
2025-12-01,B_on,FR,20251201-1200,40.24
2025-12-01,B_on,FR,20251201-1800,103.61
2025-12-01,B_on,FR,20251201-1600,79.61
2025-12-01,B_on,FR,20251201-0000,46.51
2025-12-01,B_on,FR,20251201-2100,43.96
2025-12-01,B_on,FR,20251201-0100,45.44
2025-12-01,B_on,FR,20251201-0500,50.56
2025-12-01,B_on,FR,20251201-0300,37.81
2025-12-01,B_on,FR,20251201-2300,37.66
2025-12-01,B_on,FR,20251201-1000,56.53
2025-12-01,B_on,FR,20251201-0700,114.64
2025-12-01,B_on,FR,20251201-1700,103.57
2025-12-01,B_on,FR,20251201-0200,37.82
2025-12-01,B_on,FR,20251201-0900,79.61
2025-12-01,B_on,FR,20251201-0600,79.61
2025-12-01,B_on,FR,20251201-1300,44.03
2025-12-01,B_on,FR,20251201-0400,37.81
2025-12-01,B_on,FR,20251201-1400,45.75
2025-12-01,B_on,FR,20251201-1500,60.84
2025-12-01,B_on,FR,20251201-1900,79.09
2025-12-01,B_on,FR,20251201-2000,53.19
2025-12-01,B_on,FR,20251201-2200,36.05
2025-06-01,A_off,NL,20250601-2300,84.59
2025-06-01,A_off,NL,20250601-0100,84.59
2025-06-01,A_off,NL,20250601-0900,14.99
2025-06-01,A_off,NL,20250601-0200,84.59
2025-06-01,A_off,NL,20250601-1700,84.59
2025-06-01,A_off,NL,20250601-0400,84.59
2025-06-01,A_off,NL,20250601-0700,57.0
2025-06-01,A_off,NL,20250601-0600,66.18
2025-06-01,A_off,NL,20250601-2100,84.59
2025-06-01,A_off,NL,20250601-1100,4.65
2025-06-01,A_off,NL,20250601-1300,4.45
2025-06-01,A_off,NL,20250601-2000,84.59
2025-06-01,A_off,NL,20250601-0300,84.59
2025-06-01,A_off,NL,20250601-2200,84.59
2025-06-01,A_off,NL,20250601-1600,60.22
2025-06-01,A_off,NL,20250601-0800,33.89
2025-06-01,A_off,NL,20250601-1200,4.45
2025-06-01,A_off,NL,20250601-0000,84.59
2025-06-01,A_off,NL,20250601-1900,84.59
2025-06-01,A_off,NL,20250601-1500,47.51
2025-06-01,A_off,NL,20250601-1400,5.0
2025-06-01,A_off,NL,20250601-1000,9.5
2025-06-01,A_off,NL,20250601-0500,69.2
2025-06-01,A_off,NL,20250601-1800,84.59
2025-06-01,A_off,BE,20250601-2300,76.13
2025-06-01,A_off,BE,20250601-0100,78.14
2025-06-01,A_off,BE,20250601-0900,27.5
2025-06-01,A_off,BE,20250601-0200,83.7
2025-06-01,A_off,BE,20250601-1700,76.13
2025-06-01,A_off,BE,20250601-0400,76.13
2025-06-01,A_off,BE,20250601-0700,57.0
2025-06-01,A_off,BE,20250601-0600,61.4
2025-06-01,A_off,BE,20250601-2100,79.87
2025-06-01,A_off,BE,20250601-1100,5.0
2025-06-01,A_off,BE,20250601-1300,4.45
2025-06-01,A_off,BE,20250601-2000,79.87
2025-06-01,A_off,BE,20250601-0300,83.7
2025-06-01,A_off,BE,20250601-2200,76.99
2025-06-01,A_off,BE,20250601-1600,57.83
2025-06-01,A_off,BE,20250601-0800,43.39
2025-06-01,A_off,BE,20250601-1200,4.45
2025-06-01,A_off,BE,20250601-0000,78.62
2025-06-01,A_off,BE,20250601-1900,79.87
2025-06-01,A_off,BE,20250601-1500,16.16
2025-06-01,A_off,BE,20250601-1400,5.0
2025-06-01,A_off,BE,20250601-1000,27.5
2025-06-01,A_off,BE,20250601-0500,60.16
2025-06-01,A_off,BE,20250601-1800,79.87
2025-06-01,A_off,DE_LU,20250601-2300,85.47
2025-06-01,A_off,DE_LU,20250601-0100,84.59
2025-06-01,A_off,DE_LU,20250601-0900,14.99
2025-06-01,A_off,DE_LU,20250601-0200,84.59
2025-06-01,A_off,DE_LU,20250601-1700,84.59
2025-06-01,A_off,DE_LU,20250601-0400,84.59
2025-06-01,A_off,DE_LU,20250601-0700,57.0
2025-06-01,A_off,DE_LU,20250601-0600,66.18
2025-06-01,A_off,DE_LU,20250601-2100,92.9
2025-06-01,A_off,DE_LU,20250601-1100,4.65
2025-06-01,A_off,DE_LU,20250601-1300,4.45
2025-06-01,A_off,DE_LU,20250601-2000,92.9
2025-06-01,A_off,DE_LU,20250601-0300,84.59
2025-06-01,A_off,DE_LU,20250601-2200,89.04
2025-06-01,A_off,DE_LU,20250601-1600,60.22
2025-06-01,A_off,DE_LU,20250601-0800,33.89
2025-06-01,A_off,DE_LU,20250601-1200,4.18
2025-06-01,A_off,DE_LU,20250601-0000,84.59
2025-06-01,A_off,DE_LU,20250601-1900,92.9
2025-06-01,A_off,DE_LU,20250601-1500,47.51
2025-06-01,A_off,DE_LU,20250601-1400,5.0
2025-06-01,A_off,DE_LU,20250601-1000,9.5
2025-06-01,A_off,DE_LU,20250601-0500,69.2
2025-06-01,A_off,DE_LU,20250601-1800,92.9
2025-06-01,A_off,DK1,20250601-2300,84.59
2025-06-01,A_off,DK1,20250601-0100,84.59
2025-06-01,A_off,DK1,20250601-0900,24.08
2025-06-01,A_off,DK1,20250601-0200,84.59
2025-06-01,A_off,DK1,20250601-1700,63.0
2025-06-01,A_off,DK1,20250601-0400,84.59
2025-06-01,A_off,DK1,20250601-0700,57.0
2025-06-01,A_off,DK1,20250601-0600,66.18
2025-06-01,A_off,DK1,20250601-2100,84.59
2025-06-01,A_off,DK1,20250601-1100,24.5
2025-06-01,A_off,DK1,20250601-1300,9.5
2025-06-01,A_off,DK1,20250601-2000,84.59
2025-06-01,A_off,DK1,20250601-0300,84.59
2025-06-01,A_off,DK1,20250601-2200,84.59
2025-06-01,A_off,DK1,20250601-1600,60.22
2025-06-01,A_off,DK1,20250601-0800,33.89
2025-06-01,A_off,DK1,20250601-1200,17.57
2025-06-01,A_off,DK1,20250601-0000,84.59
2025-06-01,A_off,DK1,20250601-1900,84.59
2025-06-01,A_off,DK1,20250601-1500,47.51
2025-06-01,A_off,DK1,20250601-1400,5.0
2025-06-01,A_off,DK1,20250601-1000,26.0
2025-06-01,A_off,DK1,20250601-0500,69.2
2025-06-01,A_off,DK1,20250601-1800,84.59
2025-06-01,A_off,NO2,20250601-2300,79.7
2025-06-01,A_off,NO2,20250601-0100,79.7
2025-06-01,A_off,NO2,20250601-0900,25.91
2025-06-01,A_off,NO2,20250601-0200,79.7
2025-06-01,A_off,NO2,20250601-1700,79.7
2025-06-01,A_off,NO2,20250601-0400,79.7
2025-06-01,A_off,NO2,20250601-0700,53.71
2025-06-01,A_off,NO2,20250601-0600,58.46
2025-06-01,A_off,NO2,20250601-2100,87.53
2025-06-01,A_off,NO2,20250601-1100,4.71
2025-06-01,A_off,NO2,20250601-1300,4.19
2025-06-01,A_off,NO2,20250601-2000,87.53
2025-06-01,A_off,NO2,20250601-0300,79.7
2025-06-01,A_off,NO2,20250601-2200,81.49
2025-06-01,A_off,NO2,20250601-1600,61.23
2025-06-01,A_off,NO2,20250601-0800,40.88
2025-06-01,A_off,NO2,20250601-1200,4.19
2025-06-01,A_off,NO2,20250601-0000,79.7
2025-06-01,A_off,NO2,20250601-1900,87.53
2025-06-01,A_off,NO2,20250601-1500,37.69
2025-06-01,A_off,NO2,20250601-1400,4.71
2025-06-01,A_off,NO2,20250601-1000,25.91
2025-06-01,A_off,NO2,20250601-0500,57.29
2025-06-01,A_off,NO2,20250601-1800,87.53
2025-06-01,A_off,FR,20250601-2300,54.12
2025-06-01,A_off,FR,20250601-0100,61.8
2025-06-01,A_off,FR,20250601-0900,14.99
2025-06-01,A_off,FR,20250601-0200,61.8
2025-06-01,A_off,FR,20250601-1700,54.12
2025-06-01,A_off,FR,20250601-0400,61.8
2025-06-01,A_off,FR,20250601-0700,42.9
2025-06-01,A_off,FR,20250601-0600,48.25
2025-06-01,A_off,FR,20250601-2100,84.59
2025-06-01,A_off,FR,20250601-1100,5.0
2025-06-01,A_off,FR,20250601-1300,4.45
2025-06-01,A_off,FR,20250601-2000,84.59
2025-06-01,A_off,FR,20250601-0300,61.8
2025-06-01,A_off,FR,20250601-2200,55.75
2025-06-01,A_off,FR,20250601-1600,20.59
2025-06-01,A_off,FR,20250601-0800,22.68
2025-06-01,A_off,FR,20250601-1200,4.45
2025-06-01,A_off,FR,20250601-0000,61.8
2025-06-01,A_off,FR,20250601-1900,63.97
2025-06-01,A_off,FR,20250601-1500,17.84
2025-06-01,A_off,FR,20250601-1400,5.0
2025-06-01,A_off,FR,20250601-1000,9.5
2025-06-01,A_off,FR,20250601-0500,55.43
2025-06-01,A_off,FR,20250601-1800,63.97
2025-06-01,B_on,NL,20250601-2300,85.47
2025-06-01,B_on,NL,20250601-0100,84.59
2025-06-01,B_on,NL,20250601-0900,12.74
2025-06-01,B_on,NL,20250601-0200,84.59
2025-06-01,B_on,NL,20250601-1700,84.59
2025-06-01,B_on,NL,20250601-0400,84.59
2025-06-01,B_on,NL,20250601-0700,57.0
2025-06-01,B_on,NL,20250601-0600,66.18
2025-06-01,B_on,NL,20250601-2100,84.59
2025-06-01,B_on,NL,20250601-1100,4.65
2025-06-01,B_on,NL,20250601-1300,4.45
2025-06-01,B_on,NL,20250601-2000,92.9
2025-06-01,B_on,NL,20250601-0300,84.59
2025-06-01,B_on,NL,20250601-2200,89.04
2025-06-01,B_on,NL,20250601-1600,60.22
2025-06-01,B_on,NL,20250601-0800,33.89
2025-06-01,B_on,NL,20250601-1200,4.45
2025-06-01,B_on,NL,20250601-0000,84.59
2025-06-01,B_on,NL,20250601-1900,84.59
2025-06-01,B_on,NL,20250601-1500,47.69
2025-06-01,B_on,NL,20250601-1400,5.0
2025-06-01,B_on,NL,20250601-1000,8.58
2025-06-01,B_on,NL,20250601-0500,84.59
2025-06-01,B_on,NL,20250601-1800,84.59
2025-06-01,B_on,BE,20250601-2300,76.13
2025-06-01,B_on,BE,20250601-0100,78.14
2025-06-01,B_on,BE,20250601-0900,27.5
2025-06-01,B_on,BE,20250601-0200,83.7
2025-06-01,B_on,BE,20250601-1700,76.13
2025-06-01,B_on,BE,20250601-0400,76.13
2025-06-01,B_on,BE,20250601-0700,57.0
2025-06-01,B_on,BE,20250601-0600,61.4
2025-06-01,B_on,BE,20250601-2100,79.87
2025-06-01,B_on,BE,20250601-1100,5.0
2025-06-01,B_on,BE,20250601-1300,4.45
2025-06-01,B_on,BE,20250601-2000,83.61
2025-06-01,B_on,BE,20250601-0300,83.7
2025-06-01,B_on,BE,20250601-2200,77.84
2025-06-01,B_on,BE,20250601-1600,58.49
2025-06-01,B_on,BE,20250601-0800,43.39
2025-06-01,B_on,BE,20250601-1200,4.45
2025-06-01,B_on,BE,20250601-0000,78.62
2025-06-01,B_on,BE,20250601-1900,79.87
2025-06-01,B_on,BE,20250601-1500,16.16
2025-06-01,B_on,BE,20250601-1400,5.0
2025-06-01,B_on,BE,20250601-1000,27.5
2025-06-01,B_on,BE,20250601-0500,74.94
2025-06-01,B_on,BE,20250601-1800,79.87
2025-06-01,B_on,DE_LU,20250601-2300,85.47
2025-06-01,B_on,DE_LU,20250601-0100,84.59
2025-06-01,B_on,DE_LU,20250601-0900,12.74
2025-06-01,B_on,DE_LU,20250601-0200,84.59
2025-06-01,B_on,DE_LU,20250601-1700,84.59
2025-06-01,B_on,DE_LU,20250601-0400,84.59
2025-06-01,B_on,DE_LU,20250601-0700,57.0
2025-06-01,B_on,DE_LU,20250601-0600,66.18
2025-06-01,B_on,DE_LU,20250601-2100,92.9
2025-06-01,B_on,DE_LU,20250601-1100,4.65
2025-06-01,B_on,DE_LU,20250601-1300,4.45
2025-06-01,B_on,DE_LU,20250601-2000,92.9
2025-06-01,B_on,DE_LU,20250601-0300,84.59
2025-06-01,B_on,DE_LU,20250601-2200,89.04
2025-06-01,B_on,DE_LU,20250601-1600,60.22
2025-06-01,B_on,DE_LU,20250601-0800,33.89
2025-06-01,B_on,DE_LU,20250601-1200,4.18
2025-06-01,B_on,DE_LU,20250601-0000,84.59
2025-06-01,B_on,DE_LU,20250601-1900,92.9
2025-06-01,B_on,DE_LU,20250601-1500,47.69
2025-06-01,B_on,DE_LU,20250601-1400,5.0
2025-06-01,B_on,DE_LU,20250601-1000,8.58
2025-06-01,B_on,DE_LU,20250601-0500,75.55
2025-06-01,B_on,DE_LU,20250601-1800,92.9
2025-06-01,B_on,DK1,20250601-2300,85.47
2025-06-01,B_on,DK1,20250601-0100,84.59
2025-06-01,B_on,DK1,20250601-0900,24.08
2025-06-01,B_on,DK1,20250601-0200,84.59
2025-06-01,B_on,DK1,20250601-1700,63.0
2025-06-01,B_on,DK1,20250601-0400,84.59
2025-06-01,B_on,DK1,20250601-0700,57.0
2025-06-01,B_on,DK1,20250601-0600,66.18
2025-06-01,B_on,DK1,20250601-2100,84.59
2025-06-01,B_on,DK1,20250601-1100,24.5
2025-06-01,B_on,DK1,20250601-1300,9.5
2025-06-01,B_on,DK1,20250601-2000,92.9
2025-06-01,B_on,DK1,20250601-0300,84.59
2025-06-01,B_on,DK1,20250601-2200,89.04
2025-06-01,B_on,DK1,20250601-1600,60.22
2025-06-01,B_on,DK1,20250601-0800,33.89
2025-06-01,B_on,DK1,20250601-1200,17.57
2025-06-01,B_on,DK1,20250601-0000,84.59
2025-06-01,B_on,DK1,20250601-1900,84.59
2025-06-01,B_on,DK1,20250601-1500,47.69
2025-06-01,B_on,DK1,20250601-1400,5.0
2025-06-01,B_on,DK1,20250601-1000,26.0
2025-06-01,B_on,DK1,20250601-0500,75.55
2025-06-01,B_on,DK1,20250601-1800,84.59
2025-06-01,B_on,NO2,20250601-2300,79.7
2025-06-01,B_on,NO2,20250601-0100,79.7
2025-06-01,B_on,NO2,20250601-0900,25.91
2025-06-01,B_on,NO2,20250601-0200,79.7
2025-06-01,B_on,NO2,20250601-1700,79.7
2025-06-01,B_on,NO2,20250601-0400,79.7
2025-06-01,B_on,NO2,20250601-0700,53.71
2025-06-01,B_on,NO2,20250601-0600,58.46
2025-06-01,B_on,NO2,20250601-2100,87.53
2025-06-01,B_on,NO2,20250601-1100,4.71
2025-06-01,B_on,NO2,20250601-1300,4.19
2025-06-01,B_on,NO2,20250601-2000,87.53
2025-06-01,B_on,NO2,20250601-0300,79.7
2025-06-01,B_on,NO2,20250601-2200,81.49
2025-06-01,B_on,NO2,20250601-1600,61.23
2025-06-01,B_on,NO2,20250601-0800,40.88
2025-06-01,B_on,NO2,20250601-1200,4.19
2025-06-01,B_on,NO2,20250601-0000,79.7
2025-06-01,B_on,NO2,20250601-1900,87.53
2025-06-01,B_on,NO2,20250601-1500,37.85
2025-06-01,B_on,NO2,20250601-1400,4.71
2025-06-01,B_on,NO2,20250601-1000,25.91
2025-06-01,B_on,NO2,20250601-0500,63.02
2025-06-01,B_on,NO2,20250601-1800,87.53
2025-06-01,B_on,FR,20250601-2300,54.12
2025-06-01,B_on,FR,20250601-0100,61.8
2025-06-01,B_on,FR,20250601-0900,12.74
2025-06-01,B_on,FR,20250601-0200,61.8
2025-06-01,B_on,FR,20250601-1700,54.12
2025-06-01,B_on,FR,20250601-0400,61.8
2025-06-01,B_on,FR,20250601-0700,42.9
2025-06-01,B_on,FR,20250601-0600,48.25
2025-06-01,B_on,FR,20250601-2100,84.59
2025-06-01,B_on,FR,20250601-1100,5.0
2025-06-01,B_on,FR,20250601-1300,4.45
2025-06-01,B_on,FR,20250601-2000,84.59
2025-06-01,B_on,FR,20250601-0300,61.8
2025-06-01,B_on,FR,20250601-2200,55.75
2025-06-01,B_on,FR,20250601-1600,20.59
2025-06-01,B_on,FR,20250601-0800,22.68
2025-06-01,B_on,FR,20250601-1200,4.45
2025-06-01,B_on,FR,20250601-0000,61.8
2025-06-01,B_on,FR,20250601-1900,63.97
2025-06-01,B_on,FR,20250601-1500,17.87
2025-06-01,B_on,FR,20250601-1400,5.0
2025-06-01,B_on,FR,20250601-1000,8.58
2025-06-01,B_on,FR,20250601-0500,57.01
2025-06-01,B_on,FR,20250601-1800,63.97
2025-12-15,A_off,NL,20251215-2300,77.86
2025-12-15,A_off,BE,20251215-2300,75.36
2025-12-15,A_off,DE_LU,20251215-2300,89.6
2025-12-15,A_off,DK1,20251215-2300,89.6
2025-12-15,A_off,NO2,20251215-2300,81.96
2025-12-15,A_off,FR,20251215-2300,32.55
2025-12-15,B_on,NL,20251215-2300,86.18
2025-12-15,B_on,BE,20251215-2300,79.1
2025-12-15,B_on,DE_LU,20251215-2300,89.6
2025-12-15,B_on,DK1,20251215-2300,89.6
2025-12-15,B_on,NO2,20251215-2300,81.96
2025-12-15,B_on,FR,20251215-2300,32.55
2025-06-15,A_off,NL,20250615-0700,92.69
2025-06-15,A_off,NL,20250615-0500,92.69
2025-06-15,A_off,NL,20250615-2300,92.69
2025-06-15,A_off,NL,20250615-1300,55.69
2025-06-15,A_off,NL,20250615-1800,92.69
2025-06-15,A_off,NL,20250615-1400,54.03
2025-06-15,A_off,NL,20250615-1200,15.75
2025-06-15,A_off,NL,20250615-1600,92.69
2025-06-15,A_off,NL,20250615-0100,92.69
2025-06-15,A_off,NL,20250615-1900,97.25
2025-06-15,A_off,NL,20250615-1700,92.69
2025-06-15,A_off,NL,20250615-1500,57.57
2025-06-15,A_off,NL,20250615-1100,13.47
2025-06-15,A_off,NL,20250615-0600,92.69
2025-06-15,A_off,NL,20250615-0900,57.0
2025-06-15,A_off,NL,20250615-0000,92.69
2025-06-15,A_off,NL,20250615-0300,92.69
2025-06-15,A_off,NL,20250615-2200,94.24
2025-06-15,A_off,NL,20250615-1000,50.33
2025-06-15,A_off,NL,20250615-0200,92.69
2025-06-15,A_off,NL,20250615-2000,97.25
2025-06-15,A_off,NL,20250615-0400,92.69
2025-06-15,A_off,NL,20250615-2100,97.25
2025-06-15,A_off,NL,20250615-0800,60.68
2025-06-15,A_off,BE,20250615-0700,83.42
2025-06-15,A_off,BE,20250615-0500,83.42
2025-06-15,A_off,BE,20250615-2300,92.69
2025-06-15,A_off,BE,20250615-1300,23.75
2025-06-15,A_off,BE,20250615-1800,94.97
2025-06-15,A_off,BE,20250615-1400,23.75
2025-06-15,A_off,BE,20250615-1200,24.75
2025-06-15,A_off,BE,20250615-1600,85.5
2025-06-15,A_off,BE,20250615-0100,85.47
2025-06-15,A_off,BE,20250615-1900,94.97
2025-06-15,A_off,BE,20250615-1700,92.69
2025-06-15,A_off,BE,20250615-1500,60.14
2025-06-15,A_off,BE,20250615-1100,24.75
2025-06-15,A_off,BE,20250615-0600,83.42
2025-06-15,A_off,BE,20250615-0900,48.1
2025-06-15,A_off,BE,20250615-0000,83.42
2025-06-15,A_off,BE,20250615-0300,85.47
2025-06-15,A_off,BE,20250615-2200,92.69
2025-06-15,A_off,BE,20250615-1000,46.48
2025-06-15,A_off,BE,20250615-0200,85.47
2025-06-15,A_off,BE,20250615-2000,94.3
2025-06-15,A_off,BE,20250615-0400,85.47
2025-06-15,A_off,BE,20250615-2100,97.25
2025-06-15,A_off,BE,20250615-0800,53.71
2025-06-15,A_off,DE_LU,20250615-0700,92.69
2025-06-15,A_off,DE_LU,20250615-0500,92.69
2025-06-15,A_off,DE_LU,20250615-2300,92.69
2025-06-15,A_off,DE_LU,20250615-1300,57.57
2025-06-15,A_off,DE_LU,20250615-1800,97.25
2025-06-15,A_off,DE_LU,20250615-1400,57.57
2025-06-15,A_off,DE_LU,20250615-1200,15.75
2025-06-15,A_off,DE_LU,20250615-1600,97.25
2025-06-15,A_off,DE_LU,20250615-0100,97.25
2025-06-15,A_off,DE_LU,20250615-1900,97.25
2025-06-15,A_off,DE_LU,20250615-1700,97.25
2025-06-15,A_off,DE_LU,20250615-1500,87.86
2025-06-15,A_off,DE_LU,20250615-1100,13.47
2025-06-15,A_off,DE_LU,20250615-0600,92.69
2025-06-15,A_off,DE_LU,20250615-0900,53.03
2025-06-15,A_off,DE_LU,20250615-0000,97.25
2025-06-15,A_off,DE_LU,20250615-0300,97.25
2025-06-15,A_off,DE_LU,20250615-2200,94.24
2025-06-15,A_off,DE_LU,20250615-1000,34.55
2025-06-15,A_off,DE_LU,20250615-0200,97.25
2025-06-15,A_off,DE_LU,20250615-2000,97.25
2025-06-15,A_off,DE_LU,20250615-0400,97.25
2025-06-15,A_off,DE_LU,20250615-2100,97.25
2025-06-15,A_off,DE_LU,20250615-0800,60.68
2025-06-15,A_off,DK1,20250615-0700,92.69
2025-06-15,A_off,DK1,20250615-0500,92.69
2025-06-15,A_off,DK1,20250615-2300,92.69
2025-06-15,A_off,DK1,20250615-1300,57.57
2025-06-15,A_off,DK1,20250615-1800,97.25
2025-06-15,A_off,DK1,20250615-1400,57.57
2025-06-15,A_off,DK1,20250615-1200,106.7
2025-06-15,A_off,DK1,20250615-1600,97.25
2025-06-15,A_off,DK1,20250615-0100,97.25
2025-06-15,A_off,DK1,20250615-1900,97.25
2025-06-15,A_off,DK1,20250615-1700,97.25
2025-06-15,A_off,DK1,20250615-1500,87.86
2025-06-15,A_off,DK1,20250615-1100,118.55
2025-06-15,A_off,DK1,20250615-0600,92.69
2025-06-15,A_off,DK1,20250615-0900,106.7
2025-06-15,A_off,DK1,20250615-0000,97.25
2025-06-15,A_off,DK1,20250615-0300,97.25
2025-06-15,A_off,DK1,20250615-2200,94.24
2025-06-15,A_off,DK1,20250615-1000,106.7
2025-06-15,A_off,DK1,20250615-0200,97.25
2025-06-15,A_off,DK1,20250615-2000,97.25
2025-06-15,A_off,DK1,20250615-0400,97.25
2025-06-15,A_off,DK1,20250615-2100,97.25
2025-06-15,A_off,DK1,20250615-0800,60.68
2025-06-15,A_off,NO2,20250615-0700,94.24
2025-06-15,A_off,NO2,20250615-0500,94.24
2025-06-15,A_off,NO2,20250615-2300,94.24
2025-06-15,A_off,NO2,20250615-1300,55.69
2025-06-15,A_off,NO2,20250615-1800,97.4
2025-06-15,A_off,NO2,20250615-1400,54.03
2025-06-15,A_off,NO2,20250615-1200,27.96
2025-06-15,A_off,NO2,20250615-1600,94.24
2025-06-15,A_off,NO2,20250615-0100,97.25
2025-06-15,A_off,NO2,20250615-1900,97.4
2025-06-15,A_off,NO2,20250615-1700,97.4
2025-06-15,A_off,NO2,20250615-1500,71.33
2025-06-15,A_off,NO2,20250615-1100,27.96
2025-06-15,A_off,NO2,20250615-0600,94.24
2025-06-15,A_off,NO2,20250615-0900,53.03
2025-06-15,A_off,NO2,20250615-0000,94.24
2025-06-15,A_off,NO2,20250615-0300,97.4
2025-06-15,A_off,NO2,20250615-2200,94.24
2025-06-15,A_off,NO2,20250615-1000,50.33
2025-06-15,A_off,NO2,20250615-0200,97.25
2025-06-15,A_off,NO2,20250615-2000,97.57
2025-06-15,A_off,NO2,20250615-0400,97.4
2025-06-15,A_off,NO2,20250615-2100,97.57
2025-06-15,A_off,NO2,20250615-0800,60.68
2025-06-15,A_off,FR,20250615-0700,28.27
2025-06-15,A_off,FR,20250615-0500,30.41
2025-06-15,A_off,FR,20250615-2300,57.57
2025-06-15,A_off,FR,20250615-1300,21.81
2025-06-15,A_off,FR,20250615-1800,57.57
2025-06-15,A_off,FR,20250615-1400,4.88
2025-06-15,A_off,FR,20250615-1200,15.75
2025-06-15,A_off,FR,20250615-1600,28.36
2025-06-15,A_off,FR,20250615-0100,33.58
2025-06-15,A_off,FR,20250615-1900,69.41
2025-06-15,A_off,FR,20250615-1700,29.16
2025-06-15,A_off,FR,20250615-1500,25.81
2025-06-15,A_off,FR,20250615-1100,13.47
2025-06-15,A_off,FR,20250615-0600,28.9
2025-06-15,A_off,FR,20250615-0900,31.4
2025-06-15,A_off,FR,20250615-0000,68.17
2025-06-15,A_off,FR,20250615-0300,33.58
2025-06-15,A_off,FR,20250615-2200,62.57
2025-06-15,A_off,FR,20250615-1000,34.55
2025-06-15,A_off,FR,20250615-0200,33.58
2025-06-15,A_off,FR,20250615-2000,69.41
2025-06-15,A_off,FR,20250615-0400,33.58
2025-06-15,A_off,FR,20250615-2100,69.41
2025-06-15,A_off,FR,20250615-0800,20.35
2025-06-15,B_on,NL,20250615-0700,92.69
2025-06-15,B_on,NL,20250615-0500,92.69
2025-06-15,B_on,NL,20250615-2300,94.24
2025-06-15,B_on,NL,20250615-1300,55.69
2025-06-15,B_on,NL,20250615-1800,92.69
2025-06-15,B_on,NL,20250615-1400,54.03
2025-06-15,B_on,NL,20250615-1200,15.75
2025-06-15,B_on,NL,20250615-1600,92.69
2025-06-15,B_on,NL,20250615-0100,97.25
2025-06-15,B_on,NL,20250615-1900,97.25
2025-06-15,B_on,NL,20250615-1700,92.69
2025-06-15,B_on,NL,20250615-1500,57.57
2025-06-15,B_on,NL,20250615-1100,13.47
2025-06-15,B_on,NL,20250615-0600,92.69
2025-06-15,B_on,NL,20250615-0900,57.0
2025-06-15,B_on,NL,20250615-0000,97.25
2025-06-15,B_on,NL,20250615-0300,97.25
2025-06-15,B_on,NL,20250615-2200,94.24
2025-06-15,B_on,NL,20250615-1000,50.33
2025-06-15,B_on,NL,20250615-0200,97.25
2025-06-15,B_on,NL,20250615-2000,97.25
2025-06-15,B_on,NL,20250615-0400,97.25
2025-06-15,B_on,NL,20250615-2100,97.25
2025-06-15,B_on,NL,20250615-0800,60.68
2025-06-15,B_on,BE,20250615-0700,83.42
2025-06-15,B_on,BE,20250615-0500,83.42
2025-06-15,B_on,BE,20250615-2300,92.69
2025-06-15,B_on,BE,20250615-1300,23.75
2025-06-15,B_on,BE,20250615-1800,94.97
2025-06-15,B_on,BE,20250615-1400,23.75
2025-06-15,B_on,BE,20250615-1200,24.75
2025-06-15,B_on,BE,20250615-1600,85.5
2025-06-15,B_on,BE,20250615-0100,87.45
2025-06-15,B_on,BE,20250615-1900,97.25
2025-06-15,B_on,BE,20250615-1700,92.69
2025-06-15,B_on,BE,20250615-1500,60.14
2025-06-15,B_on,BE,20250615-1100,24.75
2025-06-15,B_on,BE,20250615-0600,83.42
2025-06-15,B_on,BE,20250615-0900,48.1
2025-06-15,B_on,BE,20250615-0000,83.42
2025-06-15,B_on,BE,20250615-0300,87.52
2025-06-15,B_on,BE,20250615-2200,92.69
2025-06-15,B_on,BE,20250615-1000,46.48
2025-06-15,B_on,BE,20250615-0200,87.52
2025-06-15,B_on,BE,20250615-2000,94.3
2025-06-15,B_on,BE,20250615-0400,85.47
2025-06-15,B_on,BE,20250615-2100,97.25
2025-06-15,B_on,BE,20250615-0800,53.71
2025-06-15,B_on,DE_LU,20250615-0700,92.69
2025-06-15,B_on,DE_LU,20250615-0500,92.69
2025-06-15,B_on,DE_LU,20250615-2300,94.24
2025-06-15,B_on,DE_LU,20250615-1300,57.57
2025-06-15,B_on,DE_LU,20250615-1800,97.25
2025-06-15,B_on,DE_LU,20250615-1400,57.57
2025-06-15,B_on,DE_LU,20250615-1200,15.75
2025-06-15,B_on,DE_LU,20250615-1600,97.25
2025-06-15,B_on,DE_LU,20250615-0100,97.25
2025-06-15,B_on,DE_LU,20250615-1900,97.25
2025-06-15,B_on,DE_LU,20250615-1700,97.25
2025-06-15,B_on,DE_LU,20250615-1500,87.86
2025-06-15,B_on,DE_LU,20250615-1100,13.47
2025-06-15,B_on,DE_LU,20250615-0600,92.69
2025-06-15,B_on,DE_LU,20250615-0900,53.03
2025-06-15,B_on,DE_LU,20250615-0000,97.25
2025-06-15,B_on,DE_LU,20250615-0300,97.25
2025-06-15,B_on,DE_LU,20250615-2200,94.24
2025-06-15,B_on,DE_LU,20250615-1000,34.55
2025-06-15,B_on,DE_LU,20250615-0200,97.25
2025-06-15,B_on,DE_LU,20250615-2000,97.25
2025-06-15,B_on,DE_LU,20250615-0400,97.25
2025-06-15,B_on,DE_LU,20250615-2100,97.25
2025-06-15,B_on,DE_LU,20250615-0800,60.68
2025-06-15,B_on,DK1,20250615-0700,92.69
2025-06-15,B_on,DK1,20250615-0500,92.69
2025-06-15,B_on,DK1,20250615-2300,94.24
2025-06-15,B_on,DK1,20250615-1300,57.57
2025-06-15,B_on,DK1,20250615-1800,97.25
2025-06-15,B_on,DK1,20250615-1400,57.57
2025-06-15,B_on,DK1,20250615-1200,106.7
2025-06-15,B_on,DK1,20250615-1600,97.25
2025-06-15,B_on,DK1,20250615-0100,97.25
2025-06-15,B_on,DK1,20250615-1900,97.25
2025-06-15,B_on,DK1,20250615-1700,97.25
2025-06-15,B_on,DK1,20250615-1500,87.86
2025-06-15,B_on,DK1,20250615-1100,118.55
2025-06-15,B_on,DK1,20250615-0600,92.69
2025-06-15,B_on,DK1,20250615-0900,106.7
2025-06-15,B_on,DK1,20250615-0000,97.25
2025-06-15,B_on,DK1,20250615-0300,97.25
2025-06-15,B_on,DK1,20250615-2200,94.24
2025-06-15,B_on,DK1,20250615-1000,106.7
2025-06-15,B_on,DK1,20250615-0200,97.25
2025-06-15,B_on,DK1,20250615-2000,97.25
2025-06-15,B_on,DK1,20250615-0400,97.25
2025-06-15,B_on,DK1,20250615-2100,97.25
2025-06-15,B_on,DK1,20250615-0800,60.68
2025-06-15,B_on,NO2,20250615-0700,94.24
2025-06-15,B_on,NO2,20250615-0500,94.24
2025-06-15,B_on,NO2,20250615-2300,94.24
2025-06-15,B_on,NO2,20250615-1300,55.69
2025-06-15,B_on,NO2,20250615-1800,97.4
2025-06-15,B_on,NO2,20250615-1400,54.03
2025-06-15,B_on,NO2,20250615-1200,27.96
2025-06-15,B_on,NO2,20250615-1600,94.24
2025-06-15,B_on,NO2,20250615-0100,97.25
2025-06-15,B_on,NO2,20250615-1900,97.57
2025-06-15,B_on,NO2,20250615-1700,97.4
2025-06-15,B_on,NO2,20250615-1500,71.33
2025-06-15,B_on,NO2,20250615-1100,27.96
2025-06-15,B_on,NO2,20250615-0600,94.24
2025-06-15,B_on,NO2,20250615-0900,53.03
2025-06-15,B_on,NO2,20250615-0000,94.24
2025-06-15,B_on,NO2,20250615-0300,97.57
2025-06-15,B_on,NO2,20250615-2200,94.24
2025-06-15,B_on,NO2,20250615-1000,50.33
2025-06-15,B_on,NO2,20250615-0200,97.25
2025-06-15,B_on,NO2,20250615-2000,97.57
2025-06-15,B_on,NO2,20250615-0400,97.4
2025-06-15,B_on,NO2,20250615-2100,97.57
2025-06-15,B_on,NO2,20250615-0800,60.68
2025-06-15,B_on,FR,20250615-0700,28.27
2025-06-15,B_on,FR,20250615-0500,30.41
2025-06-15,B_on,FR,20250615-2300,57.57
2025-06-15,B_on,FR,20250615-1300,21.81
2025-06-15,B_on,FR,20250615-1800,57.57
2025-06-15,B_on,FR,20250615-1400,4.88
2025-06-15,B_on,FR,20250615-1200,15.75
2025-06-15,B_on,FR,20250615-1600,28.36
2025-06-15,B_on,FR,20250615-0100,33.58
2025-06-15,B_on,FR,20250615-1900,69.41
2025-06-15,B_on,FR,20250615-1700,29.16
2025-06-15,B_on,FR,20250615-1500,25.81
2025-06-15,B_on,FR,20250615-1100,13.47
2025-06-15,B_on,FR,20250615-0600,28.9
2025-06-15,B_on,FR,20250615-0900,31.4
2025-06-15,B_on,FR,20250615-0000,68.17
2025-06-15,B_on,FR,20250615-0300,33.58
2025-06-15,B_on,FR,20250615-2200,62.57
2025-06-15,B_on,FR,20250615-1000,34.55
2025-06-15,B_on,FR,20250615-0200,33.58
2025-06-15,B_on,FR,20250615-2000,69.41
2025-06-15,B_on,FR,20250615-0400,33.58
2025-06-15,B_on,FR,20250615-2100,69.41
2025-06-15,B_on,FR,20250615-0800,20.35
2026-01-01,A_off,NL,20260101-0300,43.33
2026-01-01,A_off,NL,20260101-0200,43.33
2026-01-01,A_off,NL,20260101-1000,79.16
2026-01-01,A_off,NL,20260101-1400,79.16
2026-01-01,A_off,NL,20260101-0600,79.16
2026-01-01,A_off,NL,20260101-0500,43.33
2026-01-01,A_off,NL,20260101-2300,43.33
2026-01-01,A_off,NL,20260101-2200,43.33
2026-01-01,A_off,NL,20260101-0100,43.33
2026-01-01,A_off,NL,20260101-1900,79.16
2026-01-01,A_off,NL,20260101-1600,79.16
2026-01-01,A_off,NL,20260101-0400,43.33
2026-01-01,A_off,NL,20260101-0800,79.16
2026-01-01,A_off,NL,20260101-1200,79.16
2026-01-01,A_off,NL,20260101-2000,79.16
2026-01-01,A_off,NL,20260101-0700,79.16
2026-01-01,A_off,NL,20260101-1800,79.16
2026-01-01,A_off,NL,20260101-1300,79.16
2026-01-01,A_off,NL,20260101-0000,79.16
2026-01-01,A_off,NL,20260101-0900,79.16
2026-01-01,A_off,NL,20260101-1700,79.16
2026-01-01,A_off,NL,20260101-1500,79.16
2026-01-01,A_off,NL,20260101-2100,79.16
2026-01-01,A_off,NL,20260101-1100,79.16
2026-01-01,A_off,BE,20260101-0300,22.16
2026-01-01,A_off,BE,20260101-0200,23.75
2026-01-01,A_off,BE,20260101-1000,40.08
2026-01-01,A_off,BE,20260101-1400,40.08
2026-01-01,A_off,BE,20260101-0600,36.07
2026-01-01,A_off,BE,20260101-0500,19.95
2026-01-01,A_off,BE,20260101-2300,20.78
2026-01-01,A_off,BE,20260101-2200,20.78
2026-01-01,A_off,BE,20260101-0100,33.54
2026-01-01,A_off,BE,20260101-1900,53.16
2026-01-01,A_off,BE,20260101-1600,53.72
2026-01-01,A_off,BE,20260101-0400,22.16
2026-01-01,A_off,BE,20260101-0800,36.07
2026-01-01,A_off,BE,20260101-1200,40.08
2026-01-01,A_off,BE,20260101-2000,37.5
2026-01-01,A_off,BE,20260101-0700,36.07
2026-01-01,A_off,BE,20260101-1800,55.12
2026-01-01,A_off,BE,20260101-1300,40.08
2026-01-01,A_off,BE,20260101-0000,61.24
2026-01-01,A_off,BE,20260101-0900,36.07
2026-01-01,A_off,BE,20260101-1700,55.12
2026-01-01,A_off,BE,20260101-1500,41.66
2026-01-01,A_off,BE,20260101-2100,37.5
2026-01-01,A_off,BE,20260101-1100,40.08
2026-01-01,A_off,DE_LU,20260101-0300,3.15
2026-01-01,A_off,DE_LU,20260101-0200,4.17
2026-01-01,A_off,DE_LU,20260101-1000,1.0
2026-01-01,A_off,DE_LU,20260101-1400,3.15
2026-01-01,A_off,DE_LU,20260101-0600,3.15
2026-01-01,A_off,DE_LU,20260101-0500,1.0
2026-01-01,A_off,DE_LU,20260101-2300,4.17
2026-01-01,A_off,DE_LU,20260101-2200,4.17
2026-01-01,A_off,DE_LU,20260101-0100,27.49
2026-01-01,A_off,DE_LU,20260101-1900,43.33
2026-01-01,A_off,DE_LU,20260101-1600,43.33
2026-01-01,A_off,DE_LU,20260101-0400,2.85
2026-01-01,A_off,DE_LU,20260101-0800,3.75
2026-01-01,A_off,DE_LU,20260101-1200,1.0
2026-01-01,A_off,DE_LU,20260101-2000,16.46
2026-01-01,A_off,DE_LU,20260101-0700,4.17
2026-01-01,A_off,DE_LU,20260101-1800,52.75
2026-01-01,A_off,DE_LU,20260101-1300,1.0
2026-01-01,A_off,DE_LU,20260101-0000,56.22
2026-01-01,A_off,DE_LU,20260101-0900,1.0
2026-01-01,A_off,DE_LU,20260101-1700,52.75
2026-01-01,A_off,DE_LU,20260101-1500,14.93
2026-01-01,A_off,DE_LU,20260101-2100,14.93
2026-01-01,A_off,DE_LU,20260101-1100,1.0
2026-01-01,A_off,DK1,20260101-0300,3.15
2026-01-01,A_off,DK1,20260101-0200,4.17
2026-01-01,A_off,DK1,20260101-1000,1.0
2026-01-01,A_off,DK1,20260101-1400,3.15
2026-01-01,A_off,DK1,20260101-0600,3.15
2026-01-01,A_off,DK1,20260101-0500,1.0
2026-01-01,A_off,DK1,20260101-2300,4.17
2026-01-01,A_off,DK1,20260101-2200,14.93
2026-01-01,A_off,DK1,20260101-0100,27.49
2026-01-01,A_off,DK1,20260101-1900,43.33
2026-01-01,A_off,DK1,20260101-1600,43.33
2026-01-01,A_off,DK1,20260101-0400,2.85
2026-01-01,A_off,DK1,20260101-0800,3.75
2026-01-01,A_off,DK1,20260101-1200,1.0
2026-01-01,A_off,DK1,20260101-2000,16.46
2026-01-01,A_off,DK1,20260101-0700,4.17
2026-01-01,A_off,DK1,20260101-1800,52.75
2026-01-01,A_off,DK1,20260101-1300,1.0
2026-01-01,A_off,DK1,20260101-0000,56.22
2026-01-01,A_off,DK1,20260101-0900,1.0
2026-01-01,A_off,DK1,20260101-1700,52.75
2026-01-01,A_off,DK1,20260101-1500,14.93
2026-01-01,A_off,DK1,20260101-2100,14.93
2026-01-01,A_off,DK1,20260101-1100,1.0
2026-01-01,A_off,NO2,20260101-0300,13.99
2026-01-01,A_off,NO2,20260101-0200,16.07
2026-01-01,A_off,NO2,20260101-1000,25.02
2026-01-01,A_off,NO2,20260101-1400,25.02
2026-01-01,A_off,NO2,20260101-0600,25.02
2026-01-01,A_off,NO2,20260101-0500,13.99
2026-01-01,A_off,NO2,20260101-2300,15.2
2026-01-01,A_off,NO2,20260101-2200,15.2
2026-01-01,A_off,NO2,20260101-0100,28.9
2026-01-01,A_off,NO2,20260101-1900,49.9
2026-01-01,A_off,NO2,20260101-1600,50.71
2026-01-01,A_off,NO2,20260101-0400,13.99
2026-01-01,A_off,NO2,20260101-0800,25.02
2026-01-01,A_off,NO2,20260101-1200,25.02
2026-01-01,A_off,NO2,20260101-2000,27.09
2026-01-01,A_off,NO2,20260101-0700,25.02
2026-01-01,A_off,NO2,20260101-1800,52.75
2026-01-01,A_off,NO2,20260101-1300,25.02
2026-01-01,A_off,NO2,20260101-0000,52.75
2026-01-01,A_off,NO2,20260101-0900,25.02
2026-01-01,A_off,NO2,20260101-1700,52.75
2026-01-01,A_off,NO2,20260101-1500,27.09
2026-01-01,A_off,NO2,20260101-2100,27.09
2026-01-01,A_off,NO2,20260101-1100,25.02
2026-01-01,A_off,FR,20260101-0300,52.59
2026-01-01,A_off,FR,20260101-0200,63.37
2026-01-01,A_off,FR,20260101-1000,22.79
2026-01-01,A_off,FR,20260101-1400,23.75
2026-01-01,A_off,FR,20260101-0600,68.04
2026-01-01,A_off,FR,20260101-0500,51.92
2026-01-01,A_off,FR,20260101-2300,79.16
2026-01-01,A_off,FR,20260101-2200,79.16
2026-01-01,A_off,FR,20260101-0100,79.16
2026-01-01,A_off,FR,20260101-1900,79.16
2026-01-01,A_off,FR,20260101-1600,45.83
2026-01-01,A_off,FR,20260101-0400,43.33
2026-01-01,A_off,FR,20260101-0800,43.33
2026-01-01,A_off,FR,20260101-1200,23.07
2026-01-01,A_off,FR,20260101-2000,79.16
2026-01-01,A_off,FR,20260101-0700,43.33
2026-01-01,A_off,FR,20260101-1800,79.16
2026-01-01,A_off,FR,20260101-1300,20.37
2026-01-01,A_off,FR,20260101-0000,79.16
2026-01-01,A_off,FR,20260101-0900,33.48
2026-01-01,A_off,FR,20260101-1700,79.16
2026-01-01,A_off,FR,20260101-1500,25.58
2026-01-01,A_off,FR,20260101-2100,79.16
2026-01-01,A_off,FR,20260101-1100,21.73
2026-01-01,B_on,NL,20260101-0300,57.0
2026-01-01,B_on,NL,20260101-0200,79.16
2026-01-01,B_on,NL,20260101-1000,79.16
2026-01-01,B_on,NL,20260101-1400,79.16
2026-01-01,B_on,NL,20260101-0600,79.16
2026-01-01,B_on,NL,20260101-0500,79.16
2026-01-01,B_on,NL,20260101-2300,79.16
2026-01-01,B_on,NL,20260101-2200,79.16
2026-01-01,B_on,NL,20260101-0100,79.16
2026-01-01,B_on,NL,20260101-1900,79.16
2026-01-01,B_on,NL,20260101-1600,79.16
2026-01-01,B_on,NL,20260101-0400,63.0
2026-01-01,B_on,NL,20260101-0800,79.16
2026-01-01,B_on,NL,20260101-1200,79.16
2026-01-01,B_on,NL,20260101-2000,79.16
2026-01-01,B_on,NL,20260101-0700,79.16
2026-01-01,B_on,NL,20260101-1800,79.16
2026-01-01,B_on,NL,20260101-1300,79.16
2026-01-01,B_on,NL,20260101-0000,79.16
2026-01-01,B_on,NL,20260101-0900,79.16
2026-01-01,B_on,NL,20260101-1700,79.16
2026-01-01,B_on,NL,20260101-1500,79.16
2026-01-01,B_on,NL,20260101-2100,79.16
2026-01-01,B_on,NL,20260101-1100,79.16
2026-01-01,B_on,BE,20260101-0300,26.1
2026-01-01,B_on,BE,20260101-0200,41.66
2026-01-01,B_on,BE,20260101-1000,40.08
2026-01-01,B_on,BE,20260101-1400,40.08
2026-01-01,B_on,BE,20260101-0600,36.07
2026-01-01,B_on,BE,20260101-0500,36.07
2026-01-01,B_on,BE,20260101-2300,37.5
2026-01-01,B_on,BE,20260101-2200,36.9
2026-01-01,B_on,BE,20260101-0100,51.46
2026-01-01,B_on,BE,20260101-1900,53.16
2026-01-01,B_on,BE,20260101-1600,53.72
2026-01-01,B_on,BE,20260101-0400,28.8
2026-01-01,B_on,BE,20260101-0800,36.07
2026-01-01,B_on,BE,20260101-1200,40.08
2026-01-01,B_on,BE,20260101-2000,37.5
2026-01-01,B_on,BE,20260101-0700,36.07
2026-01-01,B_on,BE,20260101-1800,55.12
2026-01-01,B_on,BE,20260101-1300,40.08
2026-01-01,B_on,BE,20260101-0000,61.24
2026-01-01,B_on,BE,20260101-0900,36.07
2026-01-01,B_on,BE,20260101-1700,55.12
2026-01-01,B_on,BE,20260101-1500,41.66
2026-01-01,B_on,BE,20260101-2100,37.5
2026-01-01,B_on,BE,20260101-1100,40.08
2026-01-01,B_on,DE_LU,20260101-0300,3.15
2026-01-01,B_on,DE_LU,20260101-0200,4.17
2026-01-01,B_on,DE_LU,20260101-1000,1.0
2026-01-01,B_on,DE_LU,20260101-1400,3.15
2026-01-01,B_on,DE_LU,20260101-0600,3.15
2026-01-01,B_on,DE_LU,20260101-0500,1.0
2026-01-01,B_on,DE_LU,20260101-2300,4.17
2026-01-01,B_on,DE_LU,20260101-2200,4.17
2026-01-01,B_on,DE_LU,20260101-0100,27.49
2026-01-01,B_on,DE_LU,20260101-1900,43.33
2026-01-01,B_on,DE_LU,20260101-1600,43.33
2026-01-01,B_on,DE_LU,20260101-0400,2.85
2026-01-01,B_on,DE_LU,20260101-0800,3.75
2026-01-01,B_on,DE_LU,20260101-1200,1.0
2026-01-01,B_on,DE_LU,20260101-2000,16.46
2026-01-01,B_on,DE_LU,20260101-0700,4.17
2026-01-01,B_on,DE_LU,20260101-1800,52.75
2026-01-01,B_on,DE_LU,20260101-1300,1.0
2026-01-01,B_on,DE_LU,20260101-0000,56.22
2026-01-01,B_on,DE_LU,20260101-0900,1.0
2026-01-01,B_on,DE_LU,20260101-1700,52.75
2026-01-01,B_on,DE_LU,20260101-1500,14.93
2026-01-01,B_on,DE_LU,20260101-2100,14.93
2026-01-01,B_on,DE_LU,20260101-1100,1.0
2026-01-01,B_on,DK1,20260101-0300,3.15
2026-01-01,B_on,DK1,20260101-0200,4.17
2026-01-01,B_on,DK1,20260101-1000,1.0
2026-01-01,B_on,DK1,20260101-1400,3.15
2026-01-01,B_on,DK1,20260101-0600,3.15
2026-01-01,B_on,DK1,20260101-0500,1.0
2026-01-01,B_on,DK1,20260101-2300,4.17
2026-01-01,B_on,DK1,20260101-2200,14.93
2026-01-01,B_on,DK1,20260101-0100,27.49
2026-01-01,B_on,DK1,20260101-1900,43.33
2026-01-01,B_on,DK1,20260101-1600,43.33
2026-01-01,B_on,DK1,20260101-0400,2.85
2026-01-01,B_on,DK1,20260101-0800,3.75
2026-01-01,B_on,DK1,20260101-1200,1.0
2026-01-01,B_on,DK1,20260101-2000,16.46
2026-01-01,B_on,DK1,20260101-0700,4.17
2026-01-01,B_on,DK1,20260101-1800,52.75
2026-01-01,B_on,DK1,20260101-1300,1.0
2026-01-01,B_on,DK1,20260101-0000,56.22
2026-01-01,B_on,DK1,20260101-0900,1.0
2026-01-01,B_on,DK1,20260101-1700,52.75
2026-01-01,B_on,DK1,20260101-1500,14.93
2026-01-01,B_on,DK1,20260101-2100,14.93
2026-01-01,B_on,DK1,20260101-1100,1.0
2026-01-01,B_on,NO2,20260101-0300,18.2
2026-01-01,B_on,NO2,20260101-0200,27.09
2026-01-01,B_on,NO2,20260101-1000,25.02
2026-01-01,B_on,NO2,20260101-1400,25.02
2026-01-01,B_on,NO2,20260101-0600,25.02
2026-01-01,B_on,NO2,20260101-0500,25.02
2026-01-01,B_on,NO2,20260101-2300,27.09
2026-01-01,B_on,NO2,20260101-2200,26.23
2026-01-01,B_on,NO2,20260101-0100,39.92
2026-01-01,B_on,NO2,20260101-1900,49.9
2026-01-01,B_on,NO2,20260101-1600,50.71
2026-01-01,B_on,NO2,20260101-0400,20.04
2026-01-01,B_on,NO2,20260101-0800,25.02
2026-01-01,B_on,NO2,20260101-1200,25.02
2026-01-01,B_on,NO2,20260101-2000,27.09
2026-01-01,B_on,NO2,20260101-0700,25.02
2026-01-01,B_on,NO2,20260101-1800,52.75
2026-01-01,B_on,NO2,20260101-1300,25.02
2026-01-01,B_on,NO2,20260101-0000,52.75
2026-01-01,B_on,NO2,20260101-0900,25.02
2026-01-01,B_on,NO2,20260101-1700,52.75
2026-01-01,B_on,NO2,20260101-1500,27.09
2026-01-01,B_on,NO2,20260101-2100,27.09
2026-01-01,B_on,NO2,20260101-1100,25.02
2026-01-01,B_on,FR,20260101-0300,52.59
2026-01-01,B_on,FR,20260101-0200,63.37
2026-01-01,B_on,FR,20260101-1000,22.79
2026-01-01,B_on,FR,20260101-1400,23.75
2026-01-01,B_on,FR,20260101-0600,68.04
2026-01-01,B_on,FR,20260101-0500,51.92
2026-01-01,B_on,FR,20260101-2300,79.16
2026-01-01,B_on,FR,20260101-2200,79.16
2026-01-01,B_on,FR,20260101-0100,250.0
2026-01-01,B_on,FR,20260101-1900,79.16
2026-01-01,B_on,FR,20260101-1600,45.83
2026-01-01,B_on,FR,20260101-0400,43.33
2026-01-01,B_on,FR,20260101-0800,43.33
2026-01-01,B_on,FR,20260101-1200,23.69
2026-01-01,B_on,FR,20260101-2000,79.16
2026-01-01,B_on,FR,20260101-0700,43.33
2026-01-01,B_on,FR,20260101-1800,79.16
2026-01-01,B_on,FR,20260101-1300,20.37
2026-01-01,B_on,FR,20260101-0000,79.16
2026-01-01,B_on,FR,20260101-0900,33.48
2026-01-01,B_on,FR,20260101-1700,79.16
2026-01-01,B_on,FR,20260101-1500,25.58
2026-01-01,B_on,FR,20260101-2100,79.16
2026-01-01,B_on,FR,20260101-1100,21.73
2025-07-01,A_off,NL,20250701-1500,82.05
2025-07-01,A_off,NL,20250701-1400,81.85
2025-07-01,A_off,NL,20250701-1000,51.71
2025-07-01,A_off,NL,20250701-0700,81.85
2025-07-01,A_off,NL,20250701-0800,81.85
2025-07-01,A_off,NL,20250701-1700,91.82
2025-07-01,A_off,NL,20250701-0300,86.16
2025-07-01,A_off,NL,20250701-1900,103.2
2025-07-01,A_off,NL,20250701-2200,91.82
2025-07-01,A_off,NL,20250701-1100,52.35
2025-07-01,A_off,NL,20250701-0200,81.85
2025-07-01,A_off,NL,20250701-2000,102.46
2025-07-01,A_off,NL,20250701-2300,86.07
2025-07-01,A_off,NL,20250701-1800,103.2
2025-07-01,A_off,NL,20250701-0900,81.85
2025-07-01,A_off,NL,20250701-0400,91.82
2025-07-01,A_off,NL,20250701-0100,81.85
2025-07-01,A_off,NL,20250701-2100,101.17
2025-07-01,A_off,NL,20250701-0600,91.82
2025-07-01,A_off,NL,20250701-0500,91.82
2025-07-01,A_off,NL,20250701-0000,81.85
2025-07-01,A_off,NL,20250701-1200,52.68
2025-07-01,A_off,NL,20250701-1600,95.51
2025-07-01,A_off,NL,20250701-1300,59.58
2025-07-01,A_off,BE,20250701-1500,78.63
2025-07-01,A_off,BE,20250701-1400,65.19
2025-07-01,A_off,BE,20250701-1000,47.02
2025-07-01,A_off,BE,20250701-0700,81.85
2025-07-01,A_off,BE,20250701-0800,67.39
2025-07-01,A_off,BE,20250701-1700,86.16
2025-07-01,A_off,BE,20250701-0300,81.85
2025-07-01,A_off,BE,20250701-1900,111.78
2025-07-01,A_off,BE,20250701-2200,86.16
2025-07-01,A_off,BE,20250701-1100,47.02
2025-07-01,A_off,BE,20250701-0200,81.85
2025-07-01,A_off,BE,20250701-2000,103.2
2025-07-01,A_off,BE,20250701-2300,81.85
2025-07-01,A_off,BE,20250701-1800,113.4
2025-07-01,A_off,BE,20250701-0900,60.34
2025-07-01,A_off,BE,20250701-0400,86.16
2025-07-01,A_off,BE,20250701-0100,81.85
2025-07-01,A_off,BE,20250701-2100,103.2
2025-07-01,A_off,BE,20250701-0600,85.5
2025-07-01,A_off,BE,20250701-0500,91.82
2025-07-01,A_off,BE,20250701-0000,81.85
2025-07-01,A_off,BE,20250701-1200,47.02
2025-07-01,A_off,BE,20250701-1600,82.64
2025-07-01,A_off,BE,20250701-1300,50.99
2025-07-01,A_off,DE_LU,20250701-1500,82.05
2025-07-01,A_off,DE_LU,20250701-1400,74.73
2025-07-01,A_off,DE_LU,20250701-1000,51.71
2025-07-01,A_off,DE_LU,20250701-0700,81.85
2025-07-01,A_off,DE_LU,20250701-0800,66.66
2025-07-01,A_off,DE_LU,20250701-1700,123.85
2025-07-01,A_off,DE_LU,20250701-0300,91.82
2025-07-01,A_off,DE_LU,20250701-1900,132.95
2025-07-01,A_off,DE_LU,20250701-2200,91.82
2025-07-01,A_off,DE_LU,20250701-1100,52.35
2025-07-01,A_off,DE_LU,20250701-0200,81.85
2025-07-01,A_off,DE_LU,20250701-2000,102.46
2025-07-01,A_off,DE_LU,20250701-2300,86.07
2025-07-01,A_off,DE_LU,20250701-1800,144.75
2025-07-01,A_off,DE_LU,20250701-0900,57.0
2025-07-01,A_off,DE_LU,20250701-0400,91.82
2025-07-01,A_off,DE_LU,20250701-0100,81.85
2025-07-01,A_off,DE_LU,20250701-2100,101.17
2025-07-01,A_off,DE_LU,20250701-0600,91.82
2025-07-01,A_off,DE_LU,20250701-0500,91.82
2025-07-01,A_off,DE_LU,20250701-0000,81.85
2025-07-01,A_off,DE_LU,20250701-1200,52.68
2025-07-01,A_off,DE_LU,20250701-1600,95.51
2025-07-01,A_off,DE_LU,20250701-1300,59.58
2025-07-01,A_off,DK1,20250701-1500,82.05
2025-07-01,A_off,DK1,20250701-1400,74.73
2025-07-01,A_off,DK1,20250701-1000,51.71
2025-07-01,A_off,DK1,20250701-0700,81.85
2025-07-01,A_off,DK1,20250701-0800,66.66
2025-07-01,A_off,DK1,20250701-1700,104.67
2025-07-01,A_off,DK1,20250701-0300,90.68
2025-07-01,A_off,DK1,20250701-1900,109.9
2025-07-01,A_off,DK1,20250701-2200,91.82
2025-07-01,A_off,DK1,20250701-1100,52.35
2025-07-01,A_off,DK1,20250701-0200,81.85
2025-07-01,A_off,DK1,20250701-2000,102.46
2025-07-01,A_off,DK1,20250701-2300,86.07
2025-07-01,A_off,DK1,20250701-1800,104.67
2025-07-01,A_off,DK1,20250701-0900,57.0
2025-07-01,A_off,DK1,20250701-0400,91.82
2025-07-01,A_off,DK1,20250701-0100,81.85
2025-07-01,A_off,DK1,20250701-2100,101.17
2025-07-01,A_off,DK1,20250701-0600,91.82
2025-07-01,A_off,DK1,20250701-0500,91.82
2025-07-01,A_off,DK1,20250701-0000,81.85
2025-07-01,A_off,DK1,20250701-1200,52.68
2025-07-01,A_off,DK1,20250701-1600,95.51
2025-07-01,A_off,DK1,20250701-1300,59.58
2025-07-01,A_off,NO2,20250701-1500,86.07
2025-07-01,A_off,NO2,20250701-1400,71.33
2025-07-01,A_off,NO2,20250701-1000,54.95
2025-07-01,A_off,NO2,20250701-0700,86.07
2025-07-01,A_off,NO2,20250701-0800,67.76
2025-07-01,A_off,NO2,20250701-1700,86.16
2025-07-01,A_off,NO2,20250701-0300,86.16
2025-07-01,A_off,NO2,20250701-1900,86.16
2025-07-01,A_off,NO2,20250701-2200,86.16
2025-07-01,A_off,NO2,20250701-1100,54.95
2025-07-01,A_off,NO2,20250701-0200,81.85
2025-07-01,A_off,NO2,20250701-2000,86.16
2025-07-01,A_off,NO2,20250701-2300,86.07
2025-07-01,A_off,NO2,20250701-1800,86.16
2025-07-01,A_off,NO2,20250701-0900,62.91
2025-07-01,A_off,NO2,20250701-0400,86.16
2025-07-01,A_off,NO2,20250701-0100,81.85
2025-07-01,A_off,NO2,20250701-2100,86.16
2025-07-01,A_off,NO2,20250701-0600,86.16
2025-07-01,A_off,NO2,20250701-0500,86.16
2025-07-01,A_off,NO2,20250701-0000,81.85
2025-07-01,A_off,NO2,20250701-1200,54.95
2025-07-01,A_off,NO2,20250701-1600,86.16
2025-07-01,A_off,NO2,20250701-1300,59.58
2025-07-01,A_off,FR,20250701-1500,81.85
2025-07-01,A_off,FR,20250701-1400,74.73
2025-07-01,A_off,FR,20250701-1000,51.71
2025-07-01,A_off,FR,20250701-0700,81.85
2025-07-01,A_off,FR,20250701-0800,66.66
2025-07-01,A_off,FR,20250701-1700,123.85
2025-07-01,A_off,FR,20250701-0300,70.51
2025-07-01,A_off,FR,20250701-1900,145.08
2025-07-01,A_off,FR,20250701-2200,91.82
2025-07-01,A_off,FR,20250701-1100,52.35
2025-07-01,A_off,FR,20250701-0200,66.99
2025-07-01,A_off,FR,20250701-2000,144.04
2025-07-01,A_off,FR,20250701-2300,68.51
2025-07-01,A_off,FR,20250701-1800,150.78
2025-07-01,A_off,FR,20250701-0900,57.0
2025-07-01,A_off,FR,20250701-0400,81.85
2025-07-01,A_off,FR,20250701-0100,67.65
2025-07-01,A_off,FR,20250701-2100,122.47
2025-07-01,A_off,FR,20250701-0600,91.82
2025-07-01,A_off,FR,20250701-0500,91.82
2025-07-01,A_off,FR,20250701-0000,81.85
2025-07-01,A_off,FR,20250701-1200,52.68
2025-07-01,A_off,FR,20250701-1600,95.51
2025-07-01,A_off,FR,20250701-1300,59.58
2025-07-01,B_on,NL,20250701-1500,82.05
2025-07-01,B_on,NL,20250701-1400,81.85
2025-07-01,B_on,NL,20250701-1000,51.71
2025-07-01,B_on,NL,20250701-0700,81.85
2025-07-01,B_on,NL,20250701-0800,81.85
2025-07-01,B_on,NL,20250701-1700,91.82
2025-07-01,B_on,NL,20250701-0300,91.82
2025-07-01,B_on,NL,20250701-1900,103.2
2025-07-01,B_on,NL,20250701-2200,91.82
2025-07-01,B_on,NL,20250701-1100,51.7
2025-07-01,B_on,NL,20250701-0200,86.07
2025-07-01,B_on,NL,20250701-2000,102.46
2025-07-01,B_on,NL,20250701-2300,91.82
2025-07-01,B_on,NL,20250701-1800,103.2
2025-07-01,B_on,NL,20250701-0900,81.85
2025-07-01,B_on,NL,20250701-0400,91.82
2025-07-01,B_on,NL,20250701-0100,86.07
2025-07-01,B_on,NL,20250701-2100,101.32
2025-07-01,B_on,NL,20250701-0600,91.82
2025-07-01,B_on,NL,20250701-0500,91.82
2025-07-01,B_on,NL,20250701-0000,81.85
2025-07-01,B_on,NL,20250701-1200,52.68
2025-07-01,B_on,NL,20250701-1600,95.51
2025-07-01,B_on,NL,20250701-1300,59.58
2025-07-01,B_on,BE,20250701-1500,78.63
2025-07-01,B_on,BE,20250701-1400,65.19
2025-07-01,B_on,BE,20250701-1000,47.02
2025-07-01,B_on,BE,20250701-0700,81.85
2025-07-01,B_on,BE,20250701-0800,67.39
2025-07-01,B_on,BE,20250701-1700,86.16
2025-07-01,B_on,BE,20250701-0300,82.64
2025-07-01,B_on,BE,20250701-1900,111.78
2025-07-01,B_on,BE,20250701-2200,86.16
2025-07-01,B_on,BE,20250701-1100,47.02
2025-07-01,B_on,BE,20250701-0200,81.85
2025-07-01,B_on,BE,20250701-2000,103.2
2025-07-01,B_on,BE,20250701-2300,82.64
2025-07-01,B_on,BE,20250701-1800,113.4
2025-07-01,B_on,BE,20250701-0900,60.34
2025-07-01,B_on,BE,20250701-0400,86.16
2025-07-01,B_on,BE,20250701-0100,81.85
2025-07-01,B_on,BE,20250701-2100,103.2
2025-07-01,B_on,BE,20250701-0600,85.5
2025-07-01,B_on,BE,20250701-0500,91.82
2025-07-01,B_on,BE,20250701-0000,81.85
2025-07-01,B_on,BE,20250701-1200,47.02
2025-07-01,B_on,BE,20250701-1600,82.64
2025-07-01,B_on,BE,20250701-1300,50.99
2025-07-01,B_on,DE_LU,20250701-1500,82.05
2025-07-01,B_on,DE_LU,20250701-1400,74.73
2025-07-01,B_on,DE_LU,20250701-1000,51.71
2025-07-01,B_on,DE_LU,20250701-0700,81.85
2025-07-01,B_on,DE_LU,20250701-0800,66.66
2025-07-01,B_on,DE_LU,20250701-1700,123.85
2025-07-01,B_on,DE_LU,20250701-0300,91.82
2025-07-01,B_on,DE_LU,20250701-1900,132.95
2025-07-01,B_on,DE_LU,20250701-2200,91.82
2025-07-01,B_on,DE_LU,20250701-1100,51.7
2025-07-01,B_on,DE_LU,20250701-0200,86.07
2025-07-01,B_on,DE_LU,20250701-2000,102.46
2025-07-01,B_on,DE_LU,20250701-2300,91.82
2025-07-01,B_on,DE_LU,20250701-1800,144.75
2025-07-01,B_on,DE_LU,20250701-0900,57.0
2025-07-01,B_on,DE_LU,20250701-0400,91.82
2025-07-01,B_on,DE_LU,20250701-0100,86.07
2025-07-01,B_on,DE_LU,20250701-2100,101.32
2025-07-01,B_on,DE_LU,20250701-0600,91.82
2025-07-01,B_on,DE_LU,20250701-0500,91.82
2025-07-01,B_on,DE_LU,20250701-0000,81.85
2025-07-01,B_on,DE_LU,20250701-1200,52.68
2025-07-01,B_on,DE_LU,20250701-1600,95.51
2025-07-01,B_on,DE_LU,20250701-1300,59.58
2025-07-01,B_on,DK1,20250701-1500,82.05
2025-07-01,B_on,DK1,20250701-1400,74.73
2025-07-01,B_on,DK1,20250701-1000,51.71
2025-07-01,B_on,DK1,20250701-0700,81.85
2025-07-01,B_on,DK1,20250701-0800,66.66
2025-07-01,B_on,DK1,20250701-1700,104.67
2025-07-01,B_on,DK1,20250701-0300,91.82
2025-07-01,B_on,DK1,20250701-1900,109.9
2025-07-01,B_on,DK1,20250701-2200,91.82
2025-07-01,B_on,DK1,20250701-1100,51.7
2025-07-01,B_on,DK1,20250701-0200,86.07
2025-07-01,B_on,DK1,20250701-2000,102.46
2025-07-01,B_on,DK1,20250701-2300,91.82
2025-07-01,B_on,DK1,20250701-1800,104.67
2025-07-01,B_on,DK1,20250701-0900,57.0
2025-07-01,B_on,DK1,20250701-0400,91.82
2025-07-01,B_on,DK1,20250701-0100,86.07
2025-07-01,B_on,DK1,20250701-2100,101.32
2025-07-01,B_on,DK1,20250701-0600,91.82
2025-07-01,B_on,DK1,20250701-0500,91.82
2025-07-01,B_on,DK1,20250701-0000,81.85
2025-07-01,B_on,DK1,20250701-1200,52.68
2025-07-01,B_on,DK1,20250701-1600,95.51
2025-07-01,B_on,DK1,20250701-1300,59.58
2025-07-01,B_on,NO2,20250701-1500,86.07
2025-07-01,B_on,NO2,20250701-1400,71.33
2025-07-01,B_on,NO2,20250701-1000,54.95
2025-07-01,B_on,NO2,20250701-0700,86.07
2025-07-01,B_on,NO2,20250701-0800,67.76
2025-07-01,B_on,NO2,20250701-1700,86.16
2025-07-01,B_on,NO2,20250701-0300,86.16
2025-07-01,B_on,NO2,20250701-1900,86.16
2025-07-01,B_on,NO2,20250701-2200,86.16
2025-07-01,B_on,NO2,20250701-1100,54.95
2025-07-01,B_on,NO2,20250701-0200,86.07
2025-07-01,B_on,NO2,20250701-2000,86.16
2025-07-01,B_on,NO2,20250701-2300,86.16
2025-07-01,B_on,NO2,20250701-1800,86.16
2025-07-01,B_on,NO2,20250701-0900,62.91
2025-07-01,B_on,NO2,20250701-0400,86.16
2025-07-01,B_on,NO2,20250701-0100,86.07
2025-07-01,B_on,NO2,20250701-2100,86.16
2025-07-01,B_on,NO2,20250701-0600,86.16
2025-07-01,B_on,NO2,20250701-0500,86.16
2025-07-01,B_on,NO2,20250701-0000,81.85
2025-07-01,B_on,NO2,20250701-1200,54.95
2025-07-01,B_on,NO2,20250701-1600,86.16
2025-07-01,B_on,NO2,20250701-1300,59.58
2025-07-01,B_on,FR,20250701-1500,81.85
2025-07-01,B_on,FR,20250701-1400,74.73
2025-07-01,B_on,FR,20250701-1000,51.71
2025-07-01,B_on,FR,20250701-0700,81.85
2025-07-01,B_on,FR,20250701-0800,66.66
2025-07-01,B_on,FR,20250701-1700,123.85
2025-07-01,B_on,FR,20250701-0300,70.51
2025-07-01,B_on,FR,20250701-1900,145.08
2025-07-01,B_on,FR,20250701-2200,91.82
2025-07-01,B_on,FR,20250701-1100,51.7
2025-07-01,B_on,FR,20250701-0200,66.99
2025-07-01,B_on,FR,20250701-2000,144.04
2025-07-01,B_on,FR,20250701-2300,71.86
2025-07-01,B_on,FR,20250701-1800,150.78
2025-07-01,B_on,FR,20250701-0900,57.0
2025-07-01,B_on,FR,20250701-0400,81.85
2025-07-01,B_on,FR,20250701-0100,67.65
2025-07-01,B_on,FR,20250701-2100,122.47
2025-07-01,B_on,FR,20250701-0600,91.82
2025-07-01,B_on,FR,20250701-0500,91.82
2025-07-01,B_on,FR,20250701-0000,81.85
2025-07-01,B_on,FR,20250701-1200,52.68
2025-07-01,B_on,FR,20250701-1600,95.51
2025-07-01,B_on,FR,20250701-1300,59.58
2026-01-15,A_off,NL,20260115-1200,109.22
2026-01-15,A_off,NL,20260115-1300,109.22
2026-01-15,A_off,NL,20260115-1600,109.22
2026-01-15,A_off,NL,20260115-1500,109.22
2026-01-15,A_off,NL,20260115-0800,109.22
2026-01-15,A_off,NL,20260115-0200,87.08
2026-01-15,A_off,NL,20260115-1700,109.22
2026-01-15,A_off,NL,20260115-0700,91.66
2026-01-15,A_off,NL,20260115-1100,109.22
2026-01-15,A_off,NL,20260115-2000,100.77
2026-01-15,A_off,NL,20260115-0600,87.08
2026-01-15,A_off,NL,20260115-1900,106.99
2026-01-15,A_off,NL,20260115-0400,87.08
2026-01-15,A_off,NL,20260115-0000,87.08
2026-01-15,A_off,NL,20260115-1400,109.22
2026-01-15,A_off,NL,20260115-2300,87.08
2026-01-15,A_off,NL,20260115-0300,87.08
2026-01-15,A_off,NL,20260115-1000,109.22
2026-01-15,A_off,NL,20260115-1800,109.22
2026-01-15,A_off,NL,20260115-0100,87.08
2026-01-15,A_off,NL,20260115-2100,96.81
2026-01-15,A_off,NL,20260115-2200,87.08
2026-01-15,A_off,NL,20260115-0900,109.22
2026-01-15,A_off,NL,20260115-0500,87.08
2026-01-15,A_off,BE,20260115-1200,91.66
2026-01-15,A_off,BE,20260115-1300,117.92
2026-01-15,A_off,BE,20260115-1600,144.38
2026-01-15,A_off,BE,20260115-1500,143.29
2026-01-15,A_off,BE,20260115-0800,117.92
2026-01-15,A_off,BE,20260115-0200,86.21
2026-01-15,A_off,BE,20260115-1700,135.44
2026-01-15,A_off,BE,20260115-0700,106.85
2026-01-15,A_off,BE,20260115-1100,91.66
2026-01-15,A_off,BE,20260115-2000,87.08
2026-01-15,A_off,BE,20260115-0600,91.66
2026-01-15,A_off,BE,20260115-1900,91.66
2026-01-15,A_off,BE,20260115-0400,87.08
2026-01-15,A_off,BE,20260115-0000,87.08
2026-01-15,A_off,BE,20260115-1400,130.23
2026-01-15,A_off,BE,20260115-2300,67.54
2026-01-15,A_off,BE,20260115-0300,86.21
2026-01-15,A_off,BE,20260115-1000,91.66
2026-01-15,A_off,BE,20260115-1800,91.66
2026-01-15,A_off,BE,20260115-0100,87.08
2026-01-15,A_off,BE,20260115-2100,87.08
2026-01-15,A_off,BE,20260115-2200,78.37
2026-01-15,A_off,BE,20260115-0900,117.33
2026-01-15,A_off,BE,20260115-0500,91.66
2026-01-15,A_off,DE_LU,20260115-1200,126.07
2026-01-15,A_off,DE_LU,20260115-1300,126.62
2026-01-15,A_off,DE_LU,20260115-1600,179.53
2026-01-15,A_off,DE_LU,20260115-1500,177.36
2026-01-15,A_off,DE_LU,20260115-0800,126.62
2026-01-15,A_off,DE_LU,20260115-0200,104.49
2026-01-15,A_off,DE_LU,20260115-1700,161.65
2026-01-15,A_off,DE_LU,20260115-0700,126.62
2026-01-15,A_off,DE_LU,20260115-1100,116.92
2026-01-15,A_off,DE_LU,20260115-2000,109.22
2026-01-15,A_off,DE_LU,20260115-0600,126.62
2026-01-15,A_off,DE_LU,20260115-1900,120.47
2026-01-15,A_off,DE_LU,20260115-0400,105.47
2026-01-15,A_off,DE_LU,20260115-0000,109.22
2026-01-15,A_off,DE_LU,20260115-1400,151.24
2026-01-15,A_off,DE_LU,20260115-2300,71.35
2026-01-15,A_off,DE_LU,20260115-0300,104.49
2026-01-15,A_off,DE_LU,20260115-1000,118.72
2026-01-15,A_off,DE_LU,20260115-1800,126.62
2026-01-15,A_off,DE_LU,20260115-0100,104.49
2026-01-15,A_off,DE_LU,20260115-2100,96.81
2026-01-15,A_off,DE_LU,20260115-2200,87.08
2026-01-15,A_off,DE_LU,20260115-0900,125.44
2026-01-15,A_off,DE_LU,20260115-0500,116.76
2026-01-15,A_off,DK1,20260115-1200,126.07
2026-01-15,A_off,DK1,20260115-1300,126.62
2026-01-15,A_off,DK1,20260115-1600,164.99
2026-01-15,A_off,DK1,20260115-1500,128.06
2026-01-15,A_off,DK1,20260115-0800,111.36
2026-01-15,A_off,DK1,20260115-0200,104.49
2026-01-15,A_off,DK1,20260115-1700,161.65
2026-01-15,A_off,DK1,20260115-0700,109.22
2026-01-15,A_off,DK1,20260115-1100,116.92
2026-01-15,A_off,DK1,20260115-2000,109.22
2026-01-15,A_off,DK1,20260115-0600,111.36
2026-01-15,A_off,DK1,20260115-1900,120.47
2026-01-15,A_off,DK1,20260115-0400,105.47
2026-01-15,A_off,DK1,20260115-0000,109.22
2026-01-15,A_off,DK1,20260115-1400,127.3
2026-01-15,A_off,DK1,20260115-2300,71.35
2026-01-15,A_off,DK1,20260115-0300,104.49
2026-01-15,A_off,DK1,20260115-1000,116.92
2026-01-15,A_off,DK1,20260115-1800,126.62
2026-01-15,A_off,DK1,20260115-0100,104.49
2026-01-15,A_off,DK1,20260115-2100,96.81
2026-01-15,A_off,DK1,20260115-2200,87.08
2026-01-15,A_off,DK1,20260115-0900,116.92
2026-01-15,A_off,DK1,20260115-0500,111.36
2026-01-15,A_off,NO2,20260115-1200,109.22
2026-01-15,A_off,NO2,20260115-1300,109.22
2026-01-15,A_off,NO2,20260115-1600,109.22
2026-01-15,A_off,NO2,20260115-1500,109.22
2026-01-15,A_off,NO2,20260115-0800,109.22
2026-01-15,A_off,NO2,20260115-0200,91.66
2026-01-15,A_off,NO2,20260115-1700,109.22
2026-01-15,A_off,NO2,20260115-0700,91.66
2026-01-15,A_off,NO2,20260115-1100,109.22
2026-01-15,A_off,NO2,20260115-2000,91.66
2026-01-15,A_off,NO2,20260115-0600,91.66
2026-01-15,A_off,NO2,20260115-1900,106.99
2026-01-15,A_off,NO2,20260115-0400,91.66
2026-01-15,A_off,NO2,20260115-0000,91.66
2026-01-15,A_off,NO2,20260115-1400,109.22
2026-01-15,A_off,NO2,20260115-2300,71.35
2026-01-15,A_off,NO2,20260115-0300,91.66
2026-01-15,A_off,NO2,20260115-1000,109.22
2026-01-15,A_off,NO2,20260115-1800,109.22
2026-01-15,A_off,NO2,20260115-0100,91.66
2026-01-15,A_off,NO2,20260115-2100,91.66
2026-01-15,A_off,NO2,20260115-2200,87.91
2026-01-15,A_off,NO2,20260115-0900,109.22
2026-01-15,A_off,NO2,20260115-0500,91.66
2026-01-15,A_off,FR,20260115-1200,46.62
2026-01-15,A_off,FR,20260115-1300,47.12
2026-01-15,A_off,FR,20260115-1600,79.86
2026-01-15,A_off,FR,20260115-1500,76.15
2026-01-15,A_off,FR,20260115-0800,101.9
2026-01-15,A_off,FR,20260115-0200,35.95
2026-01-15,A_off,FR,20260115-1700,93.59
2026-01-15,A_off,FR,20260115-0700,111.36
2026-01-15,A_off,FR,20260115-1100,43.22
2026-01-15,A_off,FR,20260115-2000,53.69
2026-01-15,A_off,FR,20260115-0600,87.08
2026-01-15,A_off,FR,20260115-1900,59.51
2026-01-15,A_off,FR,20260115-0400,36.34
2026-01-15,A_off,FR,20260115-0000,41.33
2026-01-15,A_off,FR,20260115-1400,53.14
2026-01-15,A_off,FR,20260115-2300,44.72
2026-01-15,A_off,FR,20260115-0300,31.81
2026-01-15,A_off,FR,20260115-1000,51.66
2026-01-15,A_off,FR,20260115-1800,87.08
2026-01-15,A_off,FR,20260115-0100,41.02
2026-01-15,A_off,FR,20260115-2100,51.66
2026-01-15,A_off,FR,20260115-2200,47.08
2026-01-15,A_off,FR,20260115-0900,73.18
2026-01-15,A_off,FR,20260115-0500,52.49
2026-01-15,B_on,NL,20260115-1200,109.22
2026-01-15,B_on,NL,20260115-1300,109.22
2026-01-15,B_on,NL,20260115-1600,109.22
2026-01-15,B_on,NL,20260115-1500,109.22
2026-01-15,B_on,NL,20260115-0800,109.22
2026-01-15,B_on,NL,20260115-0200,87.08
2026-01-15,B_on,NL,20260115-1700,109.22
2026-01-15,B_on,NL,20260115-0700,102.99
2026-01-15,B_on,NL,20260115-1100,109.22
2026-01-15,B_on,NL,20260115-2000,99.69
2026-01-15,B_on,NL,20260115-0600,91.66
2026-01-15,B_on,NL,20260115-1900,104.31
2026-01-15,B_on,NL,20260115-0400,87.08
2026-01-15,B_on,NL,20260115-0000,91.66
2026-01-15,B_on,NL,20260115-1400,109.22
2026-01-15,B_on,NL,20260115-2300,87.08
2026-01-15,B_on,NL,20260115-0300,87.08
2026-01-15,B_on,NL,20260115-1000,109.22
2026-01-15,B_on,NL,20260115-1800,109.22
2026-01-15,B_on,NL,20260115-0100,87.08
2026-01-15,B_on,NL,20260115-2100,96.81
2026-01-15,B_on,NL,20260115-2200,87.08
2026-01-15,B_on,NL,20260115-0900,109.22
2026-01-15,B_on,NL,20260115-0500,87.08
2026-01-15,B_on,BE,20260115-1200,91.66
2026-01-15,B_on,BE,20260115-1300,117.92
2026-01-15,B_on,BE,20260115-1600,144.38
2026-01-15,B_on,BE,20260115-1500,143.29
2026-01-15,B_on,BE,20260115-0800,117.92
2026-01-15,B_on,BE,20260115-0200,86.21
2026-01-15,B_on,BE,20260115-1700,135.44
2026-01-15,B_on,BE,20260115-0700,110.3
2026-01-15,B_on,BE,20260115-1100,91.66
2026-01-15,B_on,BE,20260115-2000,87.08
2026-01-15,B_on,BE,20260115-0600,91.66
2026-01-15,B_on,BE,20260115-1900,91.66
2026-01-15,B_on,BE,20260115-0400,87.08
2026-01-15,B_on,BE,20260115-0000,87.08
2026-01-15,B_on,BE,20260115-1400,130.23
2026-01-15,B_on,BE,20260115-2300,67.54
2026-01-15,B_on,BE,20260115-0300,86.21
2026-01-15,B_on,BE,20260115-1000,91.66
2026-01-15,B_on,BE,20260115-1800,91.66
2026-01-15,B_on,BE,20260115-0100,87.08
2026-01-15,B_on,BE,20260115-2100,87.08
2026-01-15,B_on,BE,20260115-2200,78.37
2026-01-15,B_on,BE,20260115-0900,117.33
2026-01-15,B_on,BE,20260115-0500,91.66
2026-01-15,B_on,DE_LU,20260115-1200,126.07
2026-01-15,B_on,DE_LU,20260115-1300,126.62
2026-01-15,B_on,DE_LU,20260115-1600,179.53
2026-01-15,B_on,DE_LU,20260115-1500,177.36
2026-01-15,B_on,DE_LU,20260115-0800,126.62
2026-01-15,B_on,DE_LU,20260115-0200,104.49
2026-01-15,B_on,DE_LU,20260115-1700,161.65
2026-01-15,B_on,DE_LU,20260115-0700,126.62
2026-01-15,B_on,DE_LU,20260115-1100,116.92
2026-01-15,B_on,DE_LU,20260115-2000,109.22
2026-01-15,B_on,DE_LU,20260115-0600,126.62
2026-01-15,B_on,DE_LU,20260115-1900,120.47
2026-01-15,B_on,DE_LU,20260115-0400,105.47
2026-01-15,B_on,DE_LU,20260115-0000,109.22
2026-01-15,B_on,DE_LU,20260115-1400,151.24
2026-01-15,B_on,DE_LU,20260115-2300,71.35
2026-01-15,B_on,DE_LU,20260115-0300,104.49
2026-01-15,B_on,DE_LU,20260115-1000,118.72
2026-01-15,B_on,DE_LU,20260115-1800,126.62
2026-01-15,B_on,DE_LU,20260115-0100,104.49
2026-01-15,B_on,DE_LU,20260115-2100,96.81
2026-01-15,B_on,DE_LU,20260115-2200,87.08
2026-01-15,B_on,DE_LU,20260115-0900,125.44
2026-01-15,B_on,DE_LU,20260115-0500,116.76
2026-01-15,B_on,DK1,20260115-1200,126.07
2026-01-15,B_on,DK1,20260115-1300,126.62
2026-01-15,B_on,DK1,20260115-1600,164.99
2026-01-15,B_on,DK1,20260115-1500,128.06
2026-01-15,B_on,DK1,20260115-0800,111.36
2026-01-15,B_on,DK1,20260115-0200,104.49
2026-01-15,B_on,DK1,20260115-1700,161.65
2026-01-15,B_on,DK1,20260115-0700,109.22
2026-01-15,B_on,DK1,20260115-1100,116.92
2026-01-15,B_on,DK1,20260115-2000,109.22
2026-01-15,B_on,DK1,20260115-0600,111.36
2026-01-15,B_on,DK1,20260115-1900,120.47
2026-01-15,B_on,DK1,20260115-0400,105.47
2026-01-15,B_on,DK1,20260115-0000,109.22
2026-01-15,B_on,DK1,20260115-1400,127.3
2026-01-15,B_on,DK1,20260115-2300,71.35
2026-01-15,B_on,DK1,20260115-0300,104.49
2026-01-15,B_on,DK1,20260115-1000,116.92
2026-01-15,B_on,DK1,20260115-1800,126.62
2026-01-15,B_on,DK1,20260115-0100,104.49
2026-01-15,B_on,DK1,20260115-2100,96.81
2026-01-15,B_on,DK1,20260115-2200,87.08
2026-01-15,B_on,DK1,20260115-0900,116.92
2026-01-15,B_on,DK1,20260115-0500,111.36
2026-01-15,B_on,NO2,20260115-1200,109.22
2026-01-15,B_on,NO2,20260115-1300,109.22
2026-01-15,B_on,NO2,20260115-1600,109.22
2026-01-15,B_on,NO2,20260115-1500,109.22
2026-01-15,B_on,NO2,20260115-0800,109.22
2026-01-15,B_on,NO2,20260115-0200,91.66
2026-01-15,B_on,NO2,20260115-1700,109.22
2026-01-15,B_on,NO2,20260115-0700,102.99
2026-01-15,B_on,NO2,20260115-1100,109.22
2026-01-15,B_on,NO2,20260115-2000,91.66
2026-01-15,B_on,NO2,20260115-0600,91.66
2026-01-15,B_on,NO2,20260115-1900,104.31
2026-01-15,B_on,NO2,20260115-0400,91.66
2026-01-15,B_on,NO2,20260115-0000,91.66
2026-01-15,B_on,NO2,20260115-1400,109.22
2026-01-15,B_on,NO2,20260115-2300,71.35
2026-01-15,B_on,NO2,20260115-0300,91.66
2026-01-15,B_on,NO2,20260115-1000,109.22
2026-01-15,B_on,NO2,20260115-1800,109.22
2026-01-15,B_on,NO2,20260115-0100,91.66
2026-01-15,B_on,NO2,20260115-2100,91.66
2026-01-15,B_on,NO2,20260115-2200,87.91
2026-01-15,B_on,NO2,20260115-0900,109.22
2026-01-15,B_on,NO2,20260115-0500,91.66
2026-01-15,B_on,FR,20260115-1200,46.62
2026-01-15,B_on,FR,20260115-1300,47.12
2026-01-15,B_on,FR,20260115-1600,79.86
2026-01-15,B_on,FR,20260115-1500,76.15
2026-01-15,B_on,FR,20260115-0800,101.9
2026-01-15,B_on,FR,20260115-0200,35.95
2026-01-15,B_on,FR,20260115-1700,93.59
2026-01-15,B_on,FR,20260115-0700,111.36
2026-01-15,B_on,FR,20260115-1100,43.22
2026-01-15,B_on,FR,20260115-2000,53.69
2026-01-15,B_on,FR,20260115-0600,87.08
2026-01-15,B_on,FR,20260115-1900,59.51
2026-01-15,B_on,FR,20260115-0400,36.34
2026-01-15,B_on,FR,20260115-0000,41.33
2026-01-15,B_on,FR,20260115-1400,53.14
2026-01-15,B_on,FR,20260115-2300,44.72
2026-01-15,B_on,FR,20260115-0300,31.81
2026-01-15,B_on,FR,20260115-1000,51.66
2026-01-15,B_on,FR,20260115-1800,87.08
2026-01-15,B_on,FR,20260115-0100,41.02
2026-01-15,B_on,FR,20260115-2100,51.66
2026-01-15,B_on,FR,20260115-2200,47.08
2026-01-15,B_on,FR,20260115-0900,73.18
2026-01-15,B_on,FR,20260115-0500,52.49
2025-07-15,A_off,NL,20250715-1700,86.63
2025-07-15,A_off,NL,20250715-2000,86.63
2025-07-15,A_off,NL,20250715-1200,23.75
2025-07-15,A_off,NL,20250715-0000,86.63
2025-07-15,A_off,NL,20250715-1500,86.63
2025-07-15,A_off,NL,20250715-0600,86.63
2025-07-15,A_off,NL,20250715-1400,86.63
2025-07-15,A_off,NL,20250715-0700,86.63
2025-07-15,A_off,NL,20250715-2300,91.19
2025-07-15,A_off,NL,20250715-1000,51.19
2025-07-15,A_off,NL,20250715-1300,51.19
2025-07-15,A_off,NL,20250715-1100,10.5
2025-07-15,A_off,NL,20250715-0800,86.63
2025-07-15,A_off,NL,20250715-2100,86.63
2025-07-15,A_off,NL,20250715-0200,86.63
2025-07-15,A_off,NL,20250715-2200,86.63
2025-07-15,A_off,NL,20250715-0500,86.63
2025-07-15,A_off,NL,20250715-1600,86.63
2025-07-15,A_off,NL,20250715-0400,86.63
2025-07-15,A_off,NL,20250715-0300,86.63
2025-07-15,A_off,NL,20250715-1800,86.63
2025-07-15,A_off,NL,20250715-0900,51.19
2025-07-15,A_off,NL,20250715-0100,86.63
2025-07-15,A_off,NL,20250715-1900,86.63
2025-07-15,A_off,BE,20250715-1700,85.64
2025-07-15,A_off,BE,20250715-2000,85.64
2025-07-15,A_off,BE,20250715-1200,39.18
2025-07-15,A_off,BE,20250715-0000,80.7
2025-07-15,A_off,BE,20250715-1500,77.97
2025-07-15,A_off,BE,20250715-0600,80.7
2025-07-15,A_off,BE,20250715-1400,83.45
2025-07-15,A_off,BE,20250715-0700,80.7
2025-07-15,A_off,BE,20250715-2300,80.7
2025-07-15,A_off,BE,20250715-1000,10.5
2025-07-15,A_off,BE,20250715-1300,52.39
2025-07-15,A_off,BE,20250715-1100,12.6
2025-07-15,A_off,BE,20250715-0800,63.14
2025-07-15,A_off,BE,20250715-2100,85.64
2025-07-15,A_off,BE,20250715-0200,80.7
2025-07-15,A_off,BE,20250715-2200,84.98
2025-07-15,A_off,BE,20250715-0500,86.63
2025-07-15,A_off,BE,20250715-1600,80.7
2025-07-15,A_off,BE,20250715-0400,85.64
2025-07-15,A_off,BE,20250715-0300,80.7
2025-07-15,A_off,BE,20250715-1800,85.64
2025-07-15,A_off,BE,20250715-0900,51.19
2025-07-15,A_off,BE,20250715-0100,80.7
2025-07-15,A_off,BE,20250715-1900,88.83
2025-07-15,A_off,DE_LU,20250715-1700,103.69
2025-07-15,A_off,DE_LU,20250715-2000,103.69
2025-07-15,A_off,DE_LU,20250715-1200,63.0
2025-07-15,A_off,DE_LU,20250715-0000,92.71
2025-07-15,A_off,DE_LU,20250715-1500,91.19
2025-07-15,A_off,DE_LU,20250715-0600,92.71
2025-07-15,A_off,DE_LU,20250715-1400,86.63
2025-07-15,A_off,DE_LU,20250715-0700,92.71
2025-07-15,A_off,DE_LU,20250715-2300,92.71
2025-07-15,A_off,DE_LU,20250715-1000,86.63
2025-07-15,A_off,DE_LU,20250715-1300,67.06
2025-07-15,A_off,DE_LU,20250715-1100,78.48
2025-07-15,A_off,DE_LU,20250715-0800,90.17
2025-07-15,A_off,DE_LU,20250715-2100,103.69
2025-07-15,A_off,DE_LU,20250715-0200,92.71
2025-07-15,A_off,DE_LU,20250715-2200,102.21
2025-07-15,A_off,DE_LU,20250715-0500,101.02
2025-07-15,A_off,DE_LU,20250715-1600,92.71
2025-07-15,A_off,DE_LU,20250715-0400,103.69
2025-07-15,A_off,DE_LU,20250715-0300,92.71
2025-07-15,A_off,DE_LU,20250715-1800,103.69
2025-07-15,A_off,DE_LU,20250715-0900,86.63
2025-07-15,A_off,DE_LU,20250715-0100,92.71
2025-07-15,A_off,DE_LU,20250715-1900,123.95
2025-07-15,A_off,DK1,20250715-1700,103.69
2025-07-15,A_off,DK1,20250715-2000,103.69
2025-07-15,A_off,DK1,20250715-1200,63.0
2025-07-15,A_off,DK1,20250715-0000,92.71
2025-07-15,A_off,DK1,20250715-1500,91.19
2025-07-15,A_off,DK1,20250715-0600,92.71
2025-07-15,A_off,DK1,20250715-1400,86.63
2025-07-15,A_off,DK1,20250715-0700,92.71
2025-07-15,A_off,DK1,20250715-2300,92.71
2025-07-15,A_off,DK1,20250715-1000,86.63
2025-07-15,A_off,DK1,20250715-1300,67.06
2025-07-15,A_off,DK1,20250715-1100,78.48
2025-07-15,A_off,DK1,20250715-0800,90.17
2025-07-15,A_off,DK1,20250715-2100,103.69
2025-07-15,A_off,DK1,20250715-0200,92.71
2025-07-15,A_off,DK1,20250715-2200,102.21
2025-07-15,A_off,DK1,20250715-0500,101.02
2025-07-15,A_off,DK1,20250715-1600,92.71
2025-07-15,A_off,DK1,20250715-0400,103.69
2025-07-15,A_off,DK1,20250715-0300,92.71
2025-07-15,A_off,DK1,20250715-1800,103.69
2025-07-15,A_off,DK1,20250715-0900,86.63
2025-07-15,A_off,DK1,20250715-0100,92.71
2025-07-15,A_off,DK1,20250715-1900,123.95
2025-07-15,A_off,NO2,20250715-1700,91.19
2025-07-15,A_off,NO2,20250715-2000,91.19
2025-07-15,A_off,NO2,20250715-1200,48.0
2025-07-15,A_off,NO2,20250715-0000,91.19
2025-07-15,A_off,NO2,20250715-1500,91.19
2025-07-15,A_off,NO2,20250715-0600,91.19
2025-07-15,A_off,NO2,20250715-1400,91.19
2025-07-15,A_off,NO2,20250715-0700,91.19
2025-07-15,A_off,NO2,20250715-2300,91.19
2025-07-15,A_off,NO2,20250715-1000,77.84
2025-07-15,A_off,NO2,20250715-1300,59.71
2025-07-15,A_off,NO2,20250715-1100,53.79
2025-07-15,A_off,NO2,20250715-0800,91.19
2025-07-15,A_off,NO2,20250715-2100,91.19
2025-07-15,A_off,NO2,20250715-0200,91.19
2025-07-15,A_off,NO2,20250715-2200,91.19
2025-07-15,A_off,NO2,20250715-0500,91.19
2025-07-15,A_off,NO2,20250715-1600,91.19
2025-07-15,A_off,NO2,20250715-0400,91.19
2025-07-15,A_off,NO2,20250715-0300,91.19
2025-07-15,A_off,NO2,20250715-1800,91.19
2025-07-15,A_off,NO2,20250715-0900,75.16
2025-07-15,A_off,NO2,20250715-0100,91.19
2025-07-15,A_off,NO2,20250715-1900,91.19
2025-07-15,A_off,FR,20250715-1700,36.29
2025-07-15,A_off,FR,20250715-2000,87.49
2025-07-15,A_off,FR,20250715-1200,19.95
2025-07-15,A_off,FR,20250715-0000,58.34
2025-07-15,A_off,FR,20250715-1500,24.58
2025-07-15,A_off,FR,20250715-0600,60.84
2025-07-15,A_off,FR,20250715-1400,16.0
2025-07-15,A_off,FR,20250715-0700,50.46
2025-07-15,A_off,FR,20250715-2300,58.34
2025-07-15,A_off,FR,20250715-1000,22.95
2025-07-15,A_off,FR,20250715-1300,19.95
2025-07-15,A_off,FR,20250715-1100,21.75
2025-07-15,A_off,FR,20250715-0800,49.03
2025-07-15,A_off,FR,20250715-2100,64.47
2025-07-15,A_off,FR,20250715-0200,58.34
2025-07-15,A_off,FR,20250715-2200,60.21
2025-07-15,A_off,FR,20250715-0500,59.97
2025-07-15,A_off,FR,20250715-1600,29.99
2025-07-15,A_off,FR,20250715-0400,60.5
2025-07-15,A_off,FR,20250715-0300,58.34
2025-07-15,A_off,FR,20250715-1800,78.06
2025-07-15,A_off,FR,20250715-0900,49.03
2025-07-15,A_off,FR,20250715-0100,58.34
2025-07-15,A_off,FR,20250715-1900,92.52
2025-07-15,B_on,NL,20250715-1700,86.63
2025-07-15,B_on,NL,20250715-2000,92.71
2025-07-15,B_on,NL,20250715-1200,23.75
2025-07-15,B_on,NL,20250715-0000,86.63
2025-07-15,B_on,NL,20250715-1500,86.63
2025-07-15,B_on,NL,20250715-0600,86.63
2025-07-15,B_on,NL,20250715-1400,86.63
2025-07-15,B_on,NL,20250715-0700,86.63
2025-07-15,B_on,NL,20250715-2300,92.71
2025-07-15,B_on,NL,20250715-1000,31.25
2025-07-15,B_on,NL,20250715-1300,51.19
2025-07-15,B_on,NL,20250715-1100,9.5
2025-07-15,B_on,NL,20250715-0800,86.63
2025-07-15,B_on,NL,20250715-2100,92.71
2025-07-15,B_on,NL,20250715-0200,86.63
2025-07-15,B_on,NL,20250715-2200,91.19
2025-07-15,B_on,NL,20250715-0500,91.19
2025-07-15,B_on,NL,20250715-1600,86.63
2025-07-15,B_on,NL,20250715-0400,86.63
2025-07-15,B_on,NL,20250715-0300,86.63
2025-07-15,B_on,NL,20250715-1800,86.63
2025-07-15,B_on,NL,20250715-0900,51.19
2025-07-15,B_on,NL,20250715-0100,86.63
2025-07-15,B_on,NL,20250715-1900,92.71
2025-07-15,B_on,BE,20250715-1700,85.64
2025-07-15,B_on,BE,20250715-2000,88.38
2025-07-15,B_on,BE,20250715-1200,39.18
2025-07-15,B_on,BE,20250715-0000,80.7
2025-07-15,B_on,BE,20250715-1500,77.97
2025-07-15,B_on,BE,20250715-0600,80.7
2025-07-15,B_on,BE,20250715-1400,83.45
2025-07-15,B_on,BE,20250715-0700,80.7
2025-07-15,B_on,BE,20250715-2300,83.44
2025-07-15,B_on,BE,20250715-1000,10.5
2025-07-15,B_on,BE,20250715-1300,52.39
2025-07-15,B_on,BE,20250715-1100,12.6
2025-07-15,B_on,BE,20250715-0800,63.14
2025-07-15,B_on,BE,20250715-2100,88.38
2025-07-15,B_on,BE,20250715-0200,80.7
2025-07-15,B_on,BE,20250715-2200,84.98
2025-07-15,B_on,BE,20250715-0500,86.63
2025-07-15,B_on,BE,20250715-1600,80.7
2025-07-15,B_on,BE,20250715-0400,85.64
2025-07-15,B_on,BE,20250715-0300,80.7
2025-07-15,B_on,BE,20250715-1800,85.64
2025-07-15,B_on,BE,20250715-0900,51.19
2025-07-15,B_on,BE,20250715-0100,80.7
2025-07-15,B_on,BE,20250715-1900,91.19
2025-07-15,B_on,DE_LU,20250715-1700,103.69
2025-07-15,B_on,DE_LU,20250715-2000,103.69
2025-07-15,B_on,DE_LU,20250715-1200,63.0
2025-07-15,B_on,DE_LU,20250715-0000,92.71
2025-07-15,B_on,DE_LU,20250715-1500,91.19
2025-07-15,B_on,DE_LU,20250715-0600,92.71
2025-07-15,B_on,DE_LU,20250715-1400,86.63
2025-07-15,B_on,DE_LU,20250715-0700,92.71
2025-07-15,B_on,DE_LU,20250715-2300,92.71
2025-07-15,B_on,DE_LU,20250715-1000,86.63
2025-07-15,B_on,DE_LU,20250715-1300,67.06
2025-07-15,B_on,DE_LU,20250715-1100,78.48
2025-07-15,B_on,DE_LU,20250715-0800,90.17
2025-07-15,B_on,DE_LU,20250715-2100,103.69
2025-07-15,B_on,DE_LU,20250715-0200,92.71
2025-07-15,B_on,DE_LU,20250715-2200,102.21
2025-07-15,B_on,DE_LU,20250715-0500,101.02
2025-07-15,B_on,DE_LU,20250715-1600,92.71
2025-07-15,B_on,DE_LU,20250715-0400,103.69
2025-07-15,B_on,DE_LU,20250715-0300,92.71
2025-07-15,B_on,DE_LU,20250715-1800,103.69
2025-07-15,B_on,DE_LU,20250715-0900,86.63
2025-07-15,B_on,DE_LU,20250715-0100,92.71
2025-07-15,B_on,DE_LU,20250715-1900,123.95
2025-07-15,B_on,DK1,20250715-1700,103.69
2025-07-15,B_on,DK1,20250715-2000,103.69
2025-07-15,B_on,DK1,20250715-1200,63.0
2025-07-15,B_on,DK1,20250715-0000,92.71
2025-07-15,B_on,DK1,20250715-1500,91.19
2025-07-15,B_on,DK1,20250715-0600,92.71
2025-07-15,B_on,DK1,20250715-1400,86.63
2025-07-15,B_on,DK1,20250715-0700,92.71
2025-07-15,B_on,DK1,20250715-2300,92.71
2025-07-15,B_on,DK1,20250715-1000,86.63
2025-07-15,B_on,DK1,20250715-1300,67.06
2025-07-15,B_on,DK1,20250715-1100,78.48
2025-07-15,B_on,DK1,20250715-0800,90.17
2025-07-15,B_on,DK1,20250715-2100,103.69
2025-07-15,B_on,DK1,20250715-0200,92.71
2025-07-15,B_on,DK1,20250715-2200,102.21
2025-07-15,B_on,DK1,20250715-0500,101.02
2025-07-15,B_on,DK1,20250715-1600,92.71
2025-07-15,B_on,DK1,20250715-0400,103.69
2025-07-15,B_on,DK1,20250715-0300,92.71
2025-07-15,B_on,DK1,20250715-1800,103.69
2025-07-15,B_on,DK1,20250715-0900,86.63
2025-07-15,B_on,DK1,20250715-0100,92.71
2025-07-15,B_on,DK1,20250715-1900,123.95
2025-07-15,B_on,NO2,20250715-1700,91.19
2025-07-15,B_on,NO2,20250715-2000,91.19
2025-07-15,B_on,NO2,20250715-1200,48.0
2025-07-15,B_on,NO2,20250715-0000,91.19
2025-07-15,B_on,NO2,20250715-1500,91.19
2025-07-15,B_on,NO2,20250715-0600,91.19
2025-07-15,B_on,NO2,20250715-1400,91.19
2025-07-15,B_on,NO2,20250715-0700,91.19
2025-07-15,B_on,NO2,20250715-2300,91.19
2025-07-15,B_on,NO2,20250715-1000,70.29
2025-07-15,B_on,NO2,20250715-1300,59.71
2025-07-15,B_on,NO2,20250715-1100,53.37
2025-07-15,B_on,NO2,20250715-0800,91.19
2025-07-15,B_on,NO2,20250715-2100,91.19
2025-07-15,B_on,NO2,20250715-0200,91.19
2025-07-15,B_on,NO2,20250715-2200,91.19
2025-07-15,B_on,NO2,20250715-0500,91.19
2025-07-15,B_on,NO2,20250715-1600,91.19
2025-07-15,B_on,NO2,20250715-0400,91.19
2025-07-15,B_on,NO2,20250715-0300,91.19
2025-07-15,B_on,NO2,20250715-1800,91.19
2025-07-15,B_on,NO2,20250715-0900,75.16
2025-07-15,B_on,NO2,20250715-0100,91.19
2025-07-15,B_on,NO2,20250715-1900,91.19
2025-07-15,B_on,FR,20250715-1700,36.29
2025-07-15,B_on,FR,20250715-2000,86.92
2025-07-15,B_on,FR,20250715-1200,19.95
2025-07-15,B_on,FR,20250715-0000,58.34
2025-07-15,B_on,FR,20250715-1500,24.58
2025-07-15,B_on,FR,20250715-0600,60.84
2025-07-15,B_on,FR,20250715-1400,16.0
2025-07-15,B_on,FR,20250715-0700,50.46
2025-07-15,B_on,FR,20250715-2300,58.34
2025-07-15,B_on,FR,20250715-1000,22.95
2025-07-15,B_on,FR,20250715-1300,19.95
2025-07-15,B_on,FR,20250715-1100,21.75
2025-07-15,B_on,FR,20250715-0800,49.03
2025-07-15,B_on,FR,20250715-2100,64.47
2025-07-15,B_on,FR,20250715-0200,58.34
2025-07-15,B_on,FR,20250715-2200,60.21
2025-07-15,B_on,FR,20250715-0500,59.97
2025-07-15,B_on,FR,20250715-1600,29.99
2025-07-15,B_on,FR,20250715-0400,60.5
2025-07-15,B_on,FR,20250715-0300,58.34
2025-07-15,B_on,FR,20250715-1800,78.06
2025-07-15,B_on,FR,20250715-0900,49.03
2025-07-15,B_on,FR,20250715-0100,58.34
2025-07-15,B_on,FR,20250715-1900,92.52
2026-02-01,A_off,NL,20260201-2300,96.55
2026-02-01,A_off,NL,20260201-1600,114.96
2026-02-01,A_off,NL,20260201-1500,106.87
2026-02-01,A_off,NL,20260201-1700,114.96
2026-02-01,A_off,NL,20260201-1300,100.82
2026-02-01,A_off,NL,20260201-0400,100.28
2026-02-01,A_off,NL,20260201-2000,101.64
2026-02-01,A_off,NL,20260201-0700,100.82
2026-02-01,A_off,NL,20260201-0000,100.28
2026-02-01,A_off,NL,20260201-0900,100.82
2026-02-01,A_off,NL,20260201-0800,100.82
2026-02-01,A_off,NL,20260201-0200,100.28
2026-02-01,A_off,NL,20260201-1100,100.82
2026-02-01,A_off,NL,20260201-1400,100.82
2026-02-01,A_off,NL,20260201-2200,100.82
2026-02-01,A_off,NL,20260201-1900,106.87
2026-02-01,A_off,NL,20260201-1200,100.82
2026-02-01,A_off,NL,20260201-0500,100.82
2026-02-01,A_off,NL,20260201-0600,100.82
2026-02-01,A_off,NL,20260201-1800,114.58
2026-02-01,A_off,NL,20260201-0300,100.28
2026-02-01,A_off,NL,20260201-1000,100.81999999999977
2026-02-01,A_off,NL,20260201-2100,101.64
2026-02-01,A_off,NL,20260201-0100,100.28
2026-02-01,A_off,BE,20260201-2300,92.49
2026-02-01,A_off,BE,20260201-1600,101.64
2026-02-01,A_off,BE,20260201-1500,96.55
2026-02-01,A_off,BE,20260201-1700,101.64
2026-02-01,A_off,BE,20260201-1300,96.55
2026-02-01,A_off,BE,20260201-0400,96.55
2026-02-01,A_off,BE,20260201-2000,96.55
2026-02-01,A_off,BE,20260201-0700,96.55
2026-02-01,A_off,BE,20260201-0000,96.55
2026-02-01,A_off,BE,20260201-0900,96.55
2026-02-01,A_off,BE,20260201-0800,96.55
2026-02-01,A_off,BE,20260201-0200,92.76
2026-02-01,A_off,BE,20260201-1100,96.86
2026-02-01,A_off,BE,20260201-1400,96.55
2026-02-01,A_off,BE,20260201-2200,96.55
2026-02-01,A_off,BE,20260201-1900,96.55
2026-02-01,A_off,BE,20260201-1200,96.86
2026-02-01,A_off,BE,20260201-0500,96.55
2026-02-01,A_off,BE,20260201-0600,96.55
2026-02-01,A_off,BE,20260201-1800,101.64
2026-02-01,A_off,BE,20260201-0300,92.76
2026-02-01,A_off,BE,20260201-1000,100.82000000000038
2026-02-01,A_off,BE,20260201-2100,96.55
2026-02-01,A_off,BE,20260201-0100,96.55
2026-02-01,A_off,DE_LU,20260201-2300,96.55
2026-02-01,A_off,DE_LU,20260201-1600,114.96
2026-02-01,A_off,DE_LU,20260201-1500,106.87
2026-02-01,A_off,DE_LU,20260201-1700,114.96
2026-02-01,A_off,DE_LU,20260201-1300,100.82
2026-02-01,A_off,DE_LU,20260201-0400,100.28
2026-02-01,A_off,DE_LU,20260201-2000,100.82
2026-02-01,A_off,DE_LU,20260201-0700,100.82
2026-02-01,A_off,DE_LU,20260201-0000,100.28
2026-02-01,A_off,DE_LU,20260201-0900,100.82
2026-02-01,A_off,DE_LU,20260201-0800,100.82
2026-02-01,A_off,DE_LU,20260201-0200,100.28
2026-02-01,A_off,DE_LU,20260201-1100,100.82
2026-02-01,A_off,DE_LU,20260201-1400,100.82
2026-02-01,A_off,DE_LU,20260201-2200,100.82
2026-02-01,A_off,DE_LU,20260201-1900,101.64
2026-02-01,A_off,DE_LU,20260201-1200,100.82
2026-02-01,A_off,DE_LU,20260201-0500,100.82
2026-02-01,A_off,DE_LU,20260201-0600,100.82
2026-02-01,A_off,DE_LU,20260201-1800,114.96
2026-02-01,A_off,DE_LU,20260201-0300,100.28
2026-02-01,A_off,DE_LU,20260201-1000,100.82000000000035
2026-02-01,A_off,DE_LU,20260201-2100,100.82
2026-02-01,A_off,DE_LU,20260201-0100,100.28
2026-02-01,A_off,DK1,20260201-2300,96.55
2026-02-01,A_off,DK1,20260201-1600,114.96
2026-02-01,A_off,DK1,20260201-1500,106.87
2026-02-01,A_off,DK1,20260201-1700,114.96
2026-02-01,A_off,DK1,20260201-1300,100.82
2026-02-01,A_off,DK1,20260201-0400,100.28
2026-02-01,A_off,DK1,20260201-2000,100.82
2026-02-01,A_off,DK1,20260201-0700,100.82
2026-02-01,A_off,DK1,20260201-0000,100.28
2026-02-01,A_off,DK1,20260201-0900,100.82
2026-02-01,A_off,DK1,20260201-0800,100.82
2026-02-01,A_off,DK1,20260201-0200,100.28
2026-02-01,A_off,DK1,20260201-1100,100.82
2026-02-01,A_off,DK1,20260201-1400,100.82
2026-02-01,A_off,DK1,20260201-2200,100.82
2026-02-01,A_off,DK1,20260201-1900,101.64
2026-02-01,A_off,DK1,20260201-1200,100.82
2026-02-01,A_off,DK1,20260201-0500,100.82
2026-02-01,A_off,DK1,20260201-0600,100.82
2026-02-01,A_off,DK1,20260201-1800,114.58
2026-02-01,A_off,DK1,20260201-0300,100.28
2026-02-01,A_off,DK1,20260201-1000,100.82000000000023
2026-02-01,A_off,DK1,20260201-2100,100.82
2026-02-01,A_off,DK1,20260201-0100,100.28
2026-02-01,A_off,NO2,20260201-2300,99.88
2026-02-01,A_off,NO2,20260201-1600,114.96
2026-02-01,A_off,NO2,20260201-1500,106.87
2026-02-01,A_off,NO2,20260201-1700,114.96
2026-02-01,A_off,NO2,20260201-1300,101.64
2026-02-01,A_off,NO2,20260201-0400,100.28
2026-02-01,A_off,NO2,20260201-2000,101.64
2026-02-01,A_off,NO2,20260201-0700,101.64
2026-02-01,A_off,NO2,20260201-0000,100.28
2026-02-01,A_off,NO2,20260201-0900,101.64
2026-02-01,A_off,NO2,20260201-0800,101.64
2026-02-01,A_off,NO2,20260201-0200,100.28
2026-02-01,A_off,NO2,20260201-1100,101.64
2026-02-01,A_off,NO2,20260201-1400,101.64
2026-02-01,A_off,NO2,20260201-2200,101.64
2026-02-01,A_off,NO2,20260201-1900,101.64
2026-02-01,A_off,NO2,20260201-1200,101.64
2026-02-01,A_off,NO2,20260201-0500,101.01
2026-02-01,A_off,NO2,20260201-0600,101.64
2026-02-01,A_off,NO2,20260201-1800,114.58
2026-02-01,A_off,NO2,20260201-0300,100.28
2026-02-01,A_off,NO2,20260201-1000,101.64000000000011
2026-02-01,A_off,NO2,20260201-2100,101.64
2026-02-01,A_off,NO2,20260201-0100,100.28
2026-02-01,A_off,FR,20260201-2300,96.55
2026-02-01,A_off,FR,20260201-1600,72.93
2026-02-01,A_off,FR,20260201-1500,57.0
2026-02-01,A_off,FR,20260201-1700,96.55
2026-02-01,A_off,FR,20260201-1300,58.13
2026-02-01,A_off,FR,20260201-0400,34.03
2026-02-01,A_off,FR,20260201-2000,100.82
2026-02-01,A_off,FR,20260201-0700,61.64
2026-02-01,A_off,FR,20260201-0000,55.46
2026-02-01,A_off,FR,20260201-0900,96.55
2026-02-01,A_off,FR,20260201-0800,64.25
2026-02-01,A_off,FR,20260201-0200,35.71
2026-02-01,A_off,FR,20260201-1100,100.82
2026-02-01,A_off,FR,20260201-1400,45.52
2026-02-01,A_off,FR,20260201-2200,100.82
2026-02-01,A_off,FR,20260201-1900,101.64
2026-02-01,A_off,FR,20260201-1200,96.55
2026-02-01,A_off,FR,20260201-0500,36.68
2026-02-01,A_off,FR,20260201-0600,50.39
2026-02-01,A_off,FR,20260201-1800,115.86
2026-02-01,A_off,FR,20260201-0300,31.86
2026-02-01,A_off,FR,20260201-1000,111.14000000000041
2026-02-01,A_off,FR,20260201-2100,96.55
2026-02-01,A_off,FR,20260201-0100,42.16
2026-02-01,B_on,NL,20260201-2300,96.55
2026-02-01,B_on,NL,20260201-1600,114.96
2026-02-01,B_on,NL,20260201-1500,106.87
2026-02-01,B_on,NL,20260201-1700,114.96
2026-02-01,B_on,NL,20260201-1300,100.82
2026-02-01,B_on,NL,20260201-0400,100.28
2026-02-01,B_on,NL,20260201-2000,101.64
2026-02-01,B_on,NL,20260201-0700,100.82
2026-02-01,B_on,NL,20260201-0000,100.28
2026-02-01,B_on,NL,20260201-0900,100.82
2026-02-01,B_on,NL,20260201-0800,100.82
2026-02-01,B_on,NL,20260201-0200,100.28
2026-02-01,B_on,NL,20260201-1100,100.82
2026-02-01,B_on,NL,20260201-1400,100.82
2026-02-01,B_on,NL,20260201-2200,100.82
2026-02-01,B_on,NL,20260201-1900,106.87
2026-02-01,B_on,NL,20260201-1200,100.82
2026-02-01,B_on,NL,20260201-0500,100.82
2026-02-01,B_on,NL,20260201-0600,100.82
2026-02-01,B_on,NL,20260201-1800,111.43
2026-02-01,B_on,NL,20260201-0300,100.28
2026-02-01,B_on,NL,20260201-1000,100.82
2026-02-01,B_on,NL,20260201-2100,101.64
2026-02-01,B_on,NL,20260201-0100,100.28
2026-02-01,B_on,BE,20260201-2300,92.49
2026-02-01,B_on,BE,20260201-1600,101.64
2026-02-01,B_on,BE,20260201-1500,96.55
2026-02-01,B_on,BE,20260201-1700,101.64
2026-02-01,B_on,BE,20260201-1300,96.55
2026-02-01,B_on,BE,20260201-0400,96.55
2026-02-01,B_on,BE,20260201-2000,96.55
2026-02-01,B_on,BE,20260201-0700,96.55
2026-02-01,B_on,BE,20260201-0000,96.55
2026-02-01,B_on,BE,20260201-0900,96.55
2026-02-01,B_on,BE,20260201-0800,96.55
2026-02-01,B_on,BE,20260201-0200,92.76
2026-02-01,B_on,BE,20260201-1100,96.86
2026-02-01,B_on,BE,20260201-1400,96.55
2026-02-01,B_on,BE,20260201-2200,96.55
2026-02-01,B_on,BE,20260201-1900,96.55
2026-02-01,B_on,BE,20260201-1200,96.86
2026-02-01,B_on,BE,20260201-0500,96.55
2026-02-01,B_on,BE,20260201-0600,96.55
2026-02-01,B_on,BE,20260201-1800,101.64
2026-02-01,B_on,BE,20260201-0300,92.76
2026-02-01,B_on,BE,20260201-1000,100.82
2026-02-01,B_on,BE,20260201-2100,96.55
2026-02-01,B_on,BE,20260201-0100,96.55
2026-02-01,B_on,DE_LU,20260201-2300,96.55
2026-02-01,B_on,DE_LU,20260201-1600,114.96
2026-02-01,B_on,DE_LU,20260201-1500,106.87
2026-02-01,B_on,DE_LU,20260201-1700,114.96
2026-02-01,B_on,DE_LU,20260201-1300,100.82
2026-02-01,B_on,DE_LU,20260201-0400,100.28
2026-02-01,B_on,DE_LU,20260201-2000,100.82
2026-02-01,B_on,DE_LU,20260201-0700,100.82
2026-02-01,B_on,DE_LU,20260201-0000,100.28
2026-02-01,B_on,DE_LU,20260201-0900,100.82
2026-02-01,B_on,DE_LU,20260201-0800,100.82
2026-02-01,B_on,DE_LU,20260201-0200,100.28
2026-02-01,B_on,DE_LU,20260201-1100,100.82
2026-02-01,B_on,DE_LU,20260201-1400,100.82
2026-02-01,B_on,DE_LU,20260201-2200,100.82
2026-02-01,B_on,DE_LU,20260201-1900,101.64
2026-02-01,B_on,DE_LU,20260201-1200,100.82
2026-02-01,B_on,DE_LU,20260201-0500,100.82
2026-02-01,B_on,DE_LU,20260201-0600,100.82
2026-02-01,B_on,DE_LU,20260201-1800,114.96
2026-02-01,B_on,DE_LU,20260201-0300,100.28
2026-02-01,B_on,DE_LU,20260201-1000,100.82
2026-02-01,B_on,DE_LU,20260201-2100,100.82
2026-02-01,B_on,DE_LU,20260201-0100,100.28
2026-02-01,B_on,DK1,20260201-2300,96.55
2026-02-01,B_on,DK1,20260201-1600,114.96
2026-02-01,B_on,DK1,20260201-1500,106.87
2026-02-01,B_on,DK1,20260201-1700,114.96
2026-02-01,B_on,DK1,20260201-1300,100.82
2026-02-01,B_on,DK1,20260201-0400,100.28
2026-02-01,B_on,DK1,20260201-2000,100.82
2026-02-01,B_on,DK1,20260201-0700,100.82
2026-02-01,B_on,DK1,20260201-0000,100.28
2026-02-01,B_on,DK1,20260201-0900,100.82
2026-02-01,B_on,DK1,20260201-0800,100.82
2026-02-01,B_on,DK1,20260201-0200,100.28
2026-02-01,B_on,DK1,20260201-1100,100.82
2026-02-01,B_on,DK1,20260201-1400,100.82
2026-02-01,B_on,DK1,20260201-2200,100.82
2026-02-01,B_on,DK1,20260201-1900,101.64
2026-02-01,B_on,DK1,20260201-1200,100.82
2026-02-01,B_on,DK1,20260201-0500,100.82
2026-02-01,B_on,DK1,20260201-0600,100.82
2026-02-01,B_on,DK1,20260201-1800,111.43
2026-02-01,B_on,DK1,20260201-0300,100.28
2026-02-01,B_on,DK1,20260201-1000,100.82
2026-02-01,B_on,DK1,20260201-2100,100.82
2026-02-01,B_on,DK1,20260201-0100,100.28
2026-02-01,B_on,NO2,20260201-2300,99.88
2026-02-01,B_on,NO2,20260201-1600,114.96
2026-02-01,B_on,NO2,20260201-1500,106.87
2026-02-01,B_on,NO2,20260201-1700,114.96
2026-02-01,B_on,NO2,20260201-1300,101.64
2026-02-01,B_on,NO2,20260201-0400,100.28
2026-02-01,B_on,NO2,20260201-2000,101.64
2026-02-01,B_on,NO2,20260201-0700,101.64
2026-02-01,B_on,NO2,20260201-0000,100.28
2026-02-01,B_on,NO2,20260201-0900,101.64
2026-02-01,B_on,NO2,20260201-0800,101.64
2026-02-01,B_on,NO2,20260201-0200,100.28
2026-02-01,B_on,NO2,20260201-1100,101.64
2026-02-01,B_on,NO2,20260201-1400,101.64
2026-02-01,B_on,NO2,20260201-2200,101.64
2026-02-01,B_on,NO2,20260201-1900,101.64
2026-02-01,B_on,NO2,20260201-1200,101.64
2026-02-01,B_on,NO2,20260201-0500,101.64
2026-02-01,B_on,NO2,20260201-0600,101.64
2026-02-01,B_on,NO2,20260201-1800,111.43
2026-02-01,B_on,NO2,20260201-0300,100.28
2026-02-01,B_on,NO2,20260201-1000,101.64
2026-02-01,B_on,NO2,20260201-2100,101.64
2026-02-01,B_on,NO2,20260201-0100,100.28
2026-02-01,B_on,FR,20260201-2300,96.55
2026-02-01,B_on,FR,20260201-1600,72.93
2026-02-01,B_on,FR,20260201-1500,57.0
2026-02-01,B_on,FR,20260201-1700,96.55
2026-02-01,B_on,FR,20260201-1300,58.13
2026-02-01,B_on,FR,20260201-0400,34.03
2026-02-01,B_on,FR,20260201-2000,100.82
2026-02-01,B_on,FR,20260201-0700,61.64
2026-02-01,B_on,FR,20260201-0000,55.46
2026-02-01,B_on,FR,20260201-0900,96.55
2026-02-01,B_on,FR,20260201-0800,64.25
2026-02-01,B_on,FR,20260201-0200,35.71
2026-02-01,B_on,FR,20260201-1100,100.82
2026-02-01,B_on,FR,20260201-1400,45.52
2026-02-01,B_on,FR,20260201-2200,100.82
2026-02-01,B_on,FR,20260201-1900,101.64
2026-02-01,B_on,FR,20260201-1200,96.55
2026-02-01,B_on,FR,20260201-0500,36.8
2026-02-01,B_on,FR,20260201-0600,50.39
2026-02-01,B_on,FR,20260201-1800,115.86
2026-02-01,B_on,FR,20260201-0300,31.86
2026-02-01,B_on,FR,20260201-1000,96.55
2026-02-01,B_on,FR,20260201-2100,96.55
2026-02-01,B_on,FR,20260201-0100,42.16
2025-08-01,A_off,NL,20250801-0500,87.27
2025-08-01,A_off,NL,20250801-1500,87.27
2025-08-01,A_off,NL,20250801-0400,87.27
2025-08-01,A_off,NL,20250801-0300,87.27
2025-08-01,A_off,NL,20250801-1800,87.27
2025-08-01,A_off,NL,20250801-2300,87.27
2025-08-01,A_off,NL,20250801-1000,87.27
2025-08-01,A_off,NL,20250801-1600,87.27
2025-08-01,A_off,NL,20250801-1300,80.81
2025-08-01,A_off,NL,20250801-0200,87.27
2025-08-01,A_off,NL,20250801-1900,91.86
2025-08-01,A_off,NL,20250801-1700,87.27
2025-08-01,A_off,NL,20250801-1400,87.27
2025-08-01,A_off,NL,20250801-0000,91.86
2025-08-01,A_off,NL,20250801-0800,87.27
2025-08-01,A_off,NL,20250801-2200,87.27
2025-08-01,A_off,NL,20250801-0700,87.27
2025-08-01,A_off,NL,20250801-0900,87.27
2025-08-01,A_off,NL,20250801-2100,87.27
2025-08-01,A_off,NL,20250801-0100,87.27
2025-08-01,A_off,NL,20250801-1200,83.19
2025-08-01,A_off,NL,20250801-0600,91.86
2025-08-01,A_off,NL,20250801-2000,95.01
2025-08-01,A_off,NL,20250801-1100,87.27
2025-08-01,A_off,BE,20250801-0500,86.4
2025-08-01,A_off,BE,20250801-1500,78.54
2025-08-01,A_off,BE,20250801-0400,85.5
2025-08-01,A_off,BE,20250801-0300,87.27
2025-08-01,A_off,BE,20250801-1800,87.37
2025-08-01,A_off,BE,20250801-2300,82.03
2025-08-01,A_off,BE,20250801-1000,78.54
2025-08-01,A_off,BE,20250801-1600,82.03
2025-08-01,A_off,BE,20250801-1300,67.5
2025-08-01,A_off,BE,20250801-0200,87.27
2025-08-01,A_off,BE,20250801-1900,87.37
2025-08-01,A_off,BE,20250801-1700,87.27
2025-08-01,A_off,BE,20250801-1400,78.54
2025-08-01,A_off,BE,20250801-0000,87.27
2025-08-01,A_off,BE,20250801-0800,82.03
2025-08-01,A_off,BE,20250801-2200,82.03
2025-08-01,A_off,BE,20250801-0700,86.3
2025-08-01,A_off,BE,20250801-0900,82.03
2025-08-01,A_off,BE,20250801-2100,87.27
2025-08-01,A_off,BE,20250801-0100,87.27
2025-08-01,A_off,BE,20250801-1200,67.5
2025-08-01,A_off,BE,20250801-0600,87.37
2025-08-01,A_off,BE,20250801-2000,89.88
2025-08-01,A_off,BE,20250801-1100,78.54
2025-08-01,A_off,DE_LU,20250801-0500,104.72
2025-08-01,A_off,DE_LU,20250801-1500,91.86
2025-08-01,A_off,DE_LU,20250801-0400,104.72
2025-08-01,A_off,DE_LU,20250801-0300,95.01
2025-08-01,A_off,DE_LU,20250801-1800,106.89
2025-08-01,A_off,DE_LU,20250801-2300,95.01
2025-08-01,A_off,DE_LU,20250801-1000,87.27
2025-08-01,A_off,DE_LU,20250801-1600,95.01
2025-08-01,A_off,DE_LU,20250801-1300,80.81
2025-08-01,A_off,DE_LU,20250801-0200,95.01
2025-08-01,A_off,DE_LU,20250801-1900,106.89
2025-08-01,A_off,DE_LU,20250801-1700,104.72
2025-08-01,A_off,DE_LU,20250801-1400,87.27
2025-08-01,A_off,DE_LU,20250801-0000,95.01
2025-08-01,A_off,DE_LU,20250801-0800,95.01
2025-08-01,A_off,DE_LU,20250801-2200,95.01
2025-08-01,A_off,DE_LU,20250801-0700,104.51
2025-08-01,A_off,DE_LU,20250801-0900,95.01
2025-08-01,A_off,DE_LU,20250801-2100,95.01
2025-08-01,A_off,DE_LU,20250801-0100,95.01
2025-08-01,A_off,DE_LU,20250801-1200,83.19
2025-08-01,A_off,DE_LU,20250801-0600,104.72
2025-08-01,A_off,DE_LU,20250801-2000,104.72
2025-08-01,A_off,DE_LU,20250801-1100,87.27
2025-08-01,A_off,DK1,20250801-0500,104.72
2025-08-01,A_off,DK1,20250801-1500,91.86
2025-08-01,A_off,DK1,20250801-0400,104.72
2025-08-01,A_off,DK1,20250801-0300,95.01
2025-08-01,A_off,DK1,20250801-1800,106.89
2025-08-01,A_off,DK1,20250801-2300,95.01
2025-08-01,A_off,DK1,20250801-1000,87.27
2025-08-01,A_off,DK1,20250801-1600,95.01
2025-08-01,A_off,DK1,20250801-1300,80.81
2025-08-01,A_off,DK1,20250801-0200,95.01
2025-08-01,A_off,DK1,20250801-1900,106.89
2025-08-01,A_off,DK1,20250801-1700,104.72
2025-08-01,A_off,DK1,20250801-1400,87.27
2025-08-01,A_off,DK1,20250801-0000,95.01
2025-08-01,A_off,DK1,20250801-0800,95.01
2025-08-01,A_off,DK1,20250801-2200,95.01
2025-08-01,A_off,DK1,20250801-0700,104.51
2025-08-01,A_off,DK1,20250801-0900,95.01
2025-08-01,A_off,DK1,20250801-2100,95.01
2025-08-01,A_off,DK1,20250801-0100,95.01
2025-08-01,A_off,DK1,20250801-1200,83.19
2025-08-01,A_off,DK1,20250801-0600,104.72
2025-08-01,A_off,DK1,20250801-2000,104.72
2025-08-01,A_off,DK1,20250801-1100,87.27
2025-08-01,A_off,NO2,20250801-0500,91.86
2025-08-01,A_off,NO2,20250801-1500,91.86
2025-08-01,A_off,NO2,20250801-0400,91.86
2025-08-01,A_off,NO2,20250801-0300,91.86
2025-08-01,A_off,NO2,20250801-1800,91.86
2025-08-01,A_off,NO2,20250801-2300,91.86
2025-08-01,A_off,NO2,20250801-1000,91.86
2025-08-01,A_off,NO2,20250801-1600,91.86
2025-08-01,A_off,NO2,20250801-1300,84.7
2025-08-01,A_off,NO2,20250801-0200,91.86
2025-08-01,A_off,NO2,20250801-1900,91.86
2025-08-01,A_off,NO2,20250801-1700,91.86
2025-08-01,A_off,NO2,20250801-1400,91.86
2025-08-01,A_off,NO2,20250801-0000,91.86
2025-08-01,A_off,NO2,20250801-0800,91.86
2025-08-01,A_off,NO2,20250801-2200,91.86
2025-08-01,A_off,NO2,20250801-0700,91.86
2025-08-01,A_off,NO2,20250801-0900,91.86
2025-08-01,A_off,NO2,20250801-2100,91.86
2025-08-01,A_off,NO2,20250801-0100,91.86
2025-08-01,A_off,NO2,20250801-1200,84.7
2025-08-01,A_off,NO2,20250801-0600,91.86
2025-08-01,A_off,NO2,20250801-2000,91.86
2025-08-01,A_off,NO2,20250801-1100,91.86
2025-08-01,A_off,FR,20250801-0500,60.15
2025-08-01,A_off,FR,20250801-1500,21.73
2025-08-01,A_off,FR,20250801-0400,59.37
2025-08-01,A_off,FR,20250801-0300,52.03
2025-08-01,A_off,FR,20250801-1800,60.24
2025-08-01,A_off,FR,20250801-2300,51.04
2025-08-01,A_off,FR,20250801-1000,21.4
2025-08-01,A_off,FR,20250801-1600,22.86
2025-08-01,A_off,FR,20250801-1300,22.22
2025-08-01,A_off,FR,20250801-0200,51.04
2025-08-01,A_off,FR,20250801-1900,60.24
2025-08-01,A_off,FR,20250801-1700,52.79
2025-08-01,A_off,FR,20250801-1400,21.4
2025-08-01,A_off,FR,20250801-0000,51.04
2025-08-01,A_off,FR,20250801-0800,50.95
2025-08-01,A_off,FR,20250801-2200,51.04
2025-08-01,A_off,FR,20250801-0700,52.75
2025-08-01,A_off,FR,20250801-0900,42.69
2025-08-01,A_off,FR,20250801-2100,87.27
2025-08-01,A_off,FR,20250801-0100,51.04
2025-08-01,A_off,FR,20250801-1200,22.22
2025-08-01,A_off,FR,20250801-0600,87.27
2025-08-01,A_off,FR,20250801-2000,87.27
2025-08-01,A_off,FR,20250801-1100,23.39
2025-08-01,B_on,NL,20250801-0500,91.86
2025-08-01,B_on,NL,20250801-1500,87.27
2025-08-01,B_on,NL,20250801-0400,91.86
2025-08-01,B_on,NL,20250801-0300,91.86
2025-08-01,B_on,NL,20250801-1800,87.27
2025-08-01,B_on,NL,20250801-2300,95.01
2025-08-01,B_on,NL,20250801-1000,87.27
2025-08-01,B_on,NL,20250801-1600,87.27
2025-08-01,B_on,NL,20250801-1300,80.81
2025-08-01,B_on,NL,20250801-0200,91.86
2025-08-01,B_on,NL,20250801-1900,95.01
2025-08-01,B_on,NL,20250801-1700,87.27
2025-08-01,B_on,NL,20250801-1400,87.27
2025-08-01,B_on,NL,20250801-0000,95.01
2025-08-01,B_on,NL,20250801-0800,87.27
2025-08-01,B_on,NL,20250801-2200,91.86
2025-08-01,B_on,NL,20250801-0700,87.27
2025-08-01,B_on,NL,20250801-0900,87.27
2025-08-01,B_on,NL,20250801-2100,91.86
2025-08-01,B_on,NL,20250801-0100,91.86
2025-08-01,B_on,NL,20250801-1200,83.19
2025-08-01,B_on,NL,20250801-0600,95.01
2025-08-01,B_on,NL,20250801-2000,95.01
2025-08-01,B_on,NL,20250801-1100,87.27
2025-08-01,B_on,BE,20250801-0500,86.4
2025-08-01,B_on,BE,20250801-1500,78.54
2025-08-01,B_on,BE,20250801-0400,85.5
2025-08-01,B_on,BE,20250801-0300,87.27
2025-08-01,B_on,BE,20250801-1800,87.37
2025-08-01,B_on,BE,20250801-2300,85.51
2025-08-01,B_on,BE,20250801-1000,78.54
2025-08-01,B_on,BE,20250801-1600,82.03
2025-08-01,B_on,BE,20250801-1300,67.5
2025-08-01,B_on,BE,20250801-0200,87.27
2025-08-01,B_on,BE,20250801-1900,90.86
2025-08-01,B_on,BE,20250801-1700,87.27
2025-08-01,B_on,BE,20250801-1400,78.54
2025-08-01,B_on,BE,20250801-0000,87.27
2025-08-01,B_on,BE,20250801-0800,82.03
2025-08-01,B_on,BE,20250801-2200,82.03
2025-08-01,B_on,BE,20250801-0700,86.3
2025-08-01,B_on,BE,20250801-0900,82.03
2025-08-01,B_on,BE,20250801-2100,87.27
2025-08-01,B_on,BE,20250801-0100,87.27
2025-08-01,B_on,BE,20250801-1200,67.5
2025-08-01,B_on,BE,20250801-0600,89.88
2025-08-01,B_on,BE,20250801-2000,89.88
2025-08-01,B_on,BE,20250801-1100,78.54
2025-08-01,B_on,DE_LU,20250801-0500,104.72
2025-08-01,B_on,DE_LU,20250801-1500,91.86
2025-08-01,B_on,DE_LU,20250801-0400,101.0
2025-08-01,B_on,DE_LU,20250801-0300,95.01
2025-08-01,B_on,DE_LU,20250801-1800,106.89
2025-08-01,B_on,DE_LU,20250801-2300,95.01
2025-08-01,B_on,DE_LU,20250801-1000,87.27
2025-08-01,B_on,DE_LU,20250801-1600,95.01
2025-08-01,B_on,DE_LU,20250801-1300,80.81
2025-08-01,B_on,DE_LU,20250801-0200,95.01
2025-08-01,B_on,DE_LU,20250801-1900,106.89
2025-08-01,B_on,DE_LU,20250801-1700,104.72
2025-08-01,B_on,DE_LU,20250801-1400,87.27
2025-08-01,B_on,DE_LU,20250801-0000,95.01
2025-08-01,B_on,DE_LU,20250801-0800,95.01
2025-08-01,B_on,DE_LU,20250801-2200,95.01
2025-08-01,B_on,DE_LU,20250801-0700,104.51
2025-08-01,B_on,DE_LU,20250801-0900,95.01
2025-08-01,B_on,DE_LU,20250801-2100,95.01
2025-08-01,B_on,DE_LU,20250801-0100,95.01
2025-08-01,B_on,DE_LU,20250801-1200,83.19
2025-08-01,B_on,DE_LU,20250801-0600,104.72
2025-08-01,B_on,DE_LU,20250801-2000,104.72
2025-08-01,B_on,DE_LU,20250801-1100,87.27
2025-08-01,B_on,DK1,20250801-0500,104.72
2025-08-01,B_on,DK1,20250801-1500,91.86
2025-08-01,B_on,DK1,20250801-0400,101.0
2025-08-01,B_on,DK1,20250801-0300,95.01
2025-08-01,B_on,DK1,20250801-1800,106.89
2025-08-01,B_on,DK1,20250801-2300,95.01
2025-08-01,B_on,DK1,20250801-1000,87.27
2025-08-01,B_on,DK1,20250801-1600,95.01
2025-08-01,B_on,DK1,20250801-1300,80.81
2025-08-01,B_on,DK1,20250801-0200,95.01
2025-08-01,B_on,DK1,20250801-1900,106.89
2025-08-01,B_on,DK1,20250801-1700,104.72
2025-08-01,B_on,DK1,20250801-1400,87.27
2025-08-01,B_on,DK1,20250801-0000,95.01
2025-08-01,B_on,DK1,20250801-0800,95.01
2025-08-01,B_on,DK1,20250801-2200,95.01
2025-08-01,B_on,DK1,20250801-0700,104.51
2025-08-01,B_on,DK1,20250801-0900,95.01
2025-08-01,B_on,DK1,20250801-2100,95.01
2025-08-01,B_on,DK1,20250801-0100,95.01
2025-08-01,B_on,DK1,20250801-1200,83.19
2025-08-01,B_on,DK1,20250801-0600,104.72
2025-08-01,B_on,DK1,20250801-2000,104.72
2025-08-01,B_on,DK1,20250801-1100,87.27
2025-08-01,B_on,NO2,20250801-0500,91.86
2025-08-01,B_on,NO2,20250801-1500,91.86
2025-08-01,B_on,NO2,20250801-0400,91.86
2025-08-01,B_on,NO2,20250801-0300,91.86
2025-08-01,B_on,NO2,20250801-1800,91.86
2025-08-01,B_on,NO2,20250801-2300,91.86
2025-08-01,B_on,NO2,20250801-1000,91.86
2025-08-01,B_on,NO2,20250801-1600,91.86
2025-08-01,B_on,NO2,20250801-1300,84.7
2025-08-01,B_on,NO2,20250801-0200,91.86
2025-08-01,B_on,NO2,20250801-1900,91.86
2025-08-01,B_on,NO2,20250801-1700,91.86
2025-08-01,B_on,NO2,20250801-1400,91.86
2025-08-01,B_on,NO2,20250801-0000,91.86
2025-08-01,B_on,NO2,20250801-0800,91.86
2025-08-01,B_on,NO2,20250801-2200,91.86
2025-08-01,B_on,NO2,20250801-0700,91.86
2025-08-01,B_on,NO2,20250801-0900,91.86
2025-08-01,B_on,NO2,20250801-2100,91.86
2025-08-01,B_on,NO2,20250801-0100,91.86
2025-08-01,B_on,NO2,20250801-1200,84.7
2025-08-01,B_on,NO2,20250801-0600,91.86
2025-08-01,B_on,NO2,20250801-2000,91.86
2025-08-01,B_on,NO2,20250801-1100,91.86
2025-08-01,B_on,FR,20250801-0500,60.15
2025-08-01,B_on,FR,20250801-1500,21.73
2025-08-01,B_on,FR,20250801-0400,59.37
2025-08-01,B_on,FR,20250801-0300,52.03
2025-08-01,B_on,FR,20250801-1800,60.24
2025-08-01,B_on,FR,20250801-2300,51.04
2025-08-01,B_on,FR,20250801-1000,21.4
2025-08-01,B_on,FR,20250801-1600,22.86
2025-08-01,B_on,FR,20250801-1300,22.22
2025-08-01,B_on,FR,20250801-0200,51.04
2025-08-01,B_on,FR,20250801-1900,60.24
2025-08-01,B_on,FR,20250801-1700,52.79
2025-08-01,B_on,FR,20250801-1400,21.4
2025-08-01,B_on,FR,20250801-0000,51.04
2025-08-01,B_on,FR,20250801-0800,50.95
2025-08-01,B_on,FR,20250801-2200,51.04
2025-08-01,B_on,FR,20250801-0700,52.75
2025-08-01,B_on,FR,20250801-0900,42.69
2025-08-01,B_on,FR,20250801-2100,87.27
2025-08-01,B_on,FR,20250801-0100,51.04
2025-08-01,B_on,FR,20250801-1200,22.22
2025-08-01,B_on,FR,20250801-0600,87.27
2025-08-01,B_on,FR,20250801-2000,87.27
2025-08-01,B_on,FR,20250801-1100,23.39
2026-02-15,A_off,NL,20260215-0500,89.09
2026-02-15,A_off,NL,20260215-1900,81.38
2026-02-15,A_off,NL,20260215-0000,92.36
2026-02-15,A_off,NL,20260215-1400,81.38
2026-02-15,A_off,NL,20260215-2100,81.38
2026-02-15,A_off,NL,20260215-0200,89.09
2026-02-15,A_off,NL,20260215-0400,89.09
2026-02-15,A_off,NL,20260215-0100,89.09
2026-02-15,A_off,NL,20260215-2000,81.38
2026-02-15,A_off,NL,20260215-0700,92.36
2026-02-15,A_off,NL,20260215-1700,85.67
2026-02-15,A_off,NL,20260215-1600,85.67
2026-02-15,A_off,NL,20260215-1500,81.4
2026-02-15,A_off,NL,20260215-1100,70.11
2026-02-15,A_off,NL,20260215-1000,81.38
2026-02-15,A_off,NL,20260215-2200,81.38
2026-02-15,A_off,NL,20260215-2300,81.38
2026-02-15,A_off,NL,20260215-1800,81.38
2026-02-15,A_off,NL,20260215-0800,92.36
2026-02-15,A_off,NL,20260215-1200,64.53
2026-02-15,A_off,NL,20260215-0300,89.09
2026-02-15,A_off,NL,20260215-0900,81.38
2026-02-15,A_off,NL,20260215-0600,91.33
2026-02-15,A_off,NL,20260215-1300,81.38
2026-02-15,A_off,BE,20260215-0500,78.18
2026-02-15,A_off,BE,20260215-1900,81.38
2026-02-15,A_off,BE,20260215-0000,83.14
2026-02-15,A_off,BE,20260215-1400,73.24
2026-02-15,A_off,BE,20260215-2100,64.15
2026-02-15,A_off,BE,20260215-0200,80.41
2026-02-15,A_off,BE,20260215-0400,78.18
2026-02-15,A_off,BE,20260215-0100,81.38
2026-02-15,A_off,BE,20260215-2000,81.38
2026-02-15,A_off,BE,20260215-0700,83.12
2026-02-15,A_off,BE,20260215-1700,81.38
2026-02-15,A_off,BE,20260215-1600,75.33
2026-02-15,A_off,BE,20260215-1500,73.24
2026-02-15,A_off,BE,20260215-1100,57.64
2026-02-15,A_off,BE,20260215-1000,73.24
2026-02-15,A_off,BE,20260215-2200,62.27
2026-02-15,A_off,BE,20260215-2300,50.68
2026-02-15,A_off,BE,20260215-1800,81.38
2026-02-15,A_off,BE,20260215-0800,81.38
2026-02-15,A_off,BE,20260215-1200,54.1
2026-02-15,A_off,BE,20260215-0300,78.18
2026-02-15,A_off,BE,20260215-0900,73.24
2026-02-15,A_off,BE,20260215-0600,82.66
2026-02-15,A_off,BE,20260215-1300,62.37
2026-02-15,A_off,DE_LU,20260215-0500,92.36
2026-02-15,A_off,DE_LU,20260215-1900,72.78
2026-02-15,A_off,DE_LU,20260215-0000,92.4
2026-02-15,A_off,DE_LU,20260215-1400,81.38
2026-02-15,A_off,DE_LU,20260215-2100,59.35
2026-02-15,A_off,DE_LU,20260215-0200,92.36
2026-02-15,A_off,DE_LU,20260215-0400,92.36
2026-02-15,A_off,DE_LU,20260215-0100,92.36
2026-02-15,A_off,DE_LU,20260215-2000,63.59
2026-02-15,A_off,DE_LU,20260215-0700,92.36
2026-02-15,A_off,DE_LU,20260215-1700,85.67
2026-02-15,A_off,DE_LU,20260215-1600,85.67
2026-02-15,A_off,DE_LU,20260215-1500,81.4
2026-02-15,A_off,DE_LU,20260215-1100,70.11
2026-02-15,A_off,DE_LU,20260215-1000,81.38
2026-02-15,A_off,DE_LU,20260215-2200,57.22
2026-02-15,A_off,DE_LU,20260215-2300,46.91
2026-02-15,A_off,DE_LU,20260215-1800,81.38
2026-02-15,A_off,DE_LU,20260215-0800,92.36
2026-02-15,A_off,DE_LU,20260215-1200,63.63
2026-02-15,A_off,DE_LU,20260215-0300,92.36
2026-02-15,A_off,DE_LU,20260215-0900,81.38
2026-02-15,A_off,DE_LU,20260215-0600,92.36
2026-02-15,A_off,DE_LU,20260215-1300,63.68
2026-02-15,A_off,DK1,20260215-0500,92.36
2026-02-15,A_off,DK1,20260215-1900,72.78
2026-02-15,A_off,DK1,20260215-0000,92.4
2026-02-15,A_off,DK1,20260215-1400,81.38
2026-02-15,A_off,DK1,20260215-2100,59.35
2026-02-15,A_off,DK1,20260215-0200,92.36
2026-02-15,A_off,DK1,20260215-0400,92.36
2026-02-15,A_off,DK1,20260215-0100,92.36
2026-02-15,A_off,DK1,20260215-2000,63.59
2026-02-15,A_off,DK1,20260215-0700,92.36
2026-02-15,A_off,DK1,20260215-1700,85.67
2026-02-15,A_off,DK1,20260215-1600,85.67
2026-02-15,A_off,DK1,20260215-1500,81.4
2026-02-15,A_off,DK1,20260215-1100,70.11
2026-02-15,A_off,DK1,20260215-1000,81.38
2026-02-15,A_off,DK1,20260215-2200,57.22
2026-02-15,A_off,DK1,20260215-2300,46.91
2026-02-15,A_off,DK1,20260215-1800,81.38
2026-02-15,A_off,DK1,20260215-0800,92.36
2026-02-15,A_off,DK1,20260215-1200,63.63
2026-02-15,A_off,DK1,20260215-0300,92.36
2026-02-15,A_off,DK1,20260215-0900,81.38
2026-02-15,A_off,DK1,20260215-0600,92.36
2026-02-15,A_off,DK1,20260215-1300,63.68
2026-02-15,A_off,NO2,20260215-0500,89.09
2026-02-15,A_off,NO2,20260215-1900,75.29
2026-02-15,A_off,NO2,20260215-0000,92.36
2026-02-15,A_off,NO2,20260215-1400,85.67
2026-02-15,A_off,NO2,20260215-2100,70.53
2026-02-15,A_off,NO2,20260215-0200,89.09
2026-02-15,A_off,NO2,20260215-0400,89.09
2026-02-15,A_off,NO2,20260215-0100,89.09
2026-02-15,A_off,NO2,20260215-2000,72.61
2026-02-15,A_off,NO2,20260215-0700,92.36
2026-02-15,A_off,NO2,20260215-1700,85.67
2026-02-15,A_off,NO2,20260215-1600,85.67
2026-02-15,A_off,NO2,20260215-1500,85.67
2026-02-15,A_off,NO2,20260215-1100,70.11
2026-02-15,A_off,NO2,20260215-1000,85.67
2026-02-15,A_off,NO2,20260215-2200,70.36
2026-02-15,A_off,NO2,20260215-2300,50.58
2026-02-15,A_off,NO2,20260215-1800,85.67
2026-02-15,A_off,NO2,20260215-0800,92.36
2026-02-15,A_off,NO2,20260215-1200,64.53
2026-02-15,A_off,NO2,20260215-0300,89.09
2026-02-15,A_off,NO2,20260215-0900,85.67
2026-02-15,A_off,NO2,20260215-0600,92.05
2026-02-15,A_off,NO2,20260215-1300,70.53
2026-02-15,A_off,FR,20260215-0500,41.36
2026-02-15,A_off,FR,20260215-1900,52.89
2026-02-15,A_off,FR,20260215-0000,81.38
2026-02-15,A_off,FR,20260215-1400,21.39
2026-02-15,A_off,FR,20260215-2100,36.94
2026-02-15,A_off,FR,20260215-0200,48.18
2026-02-15,A_off,FR,20260215-0400,41.17
2026-02-15,A_off,FR,20260215-0100,77.3
2026-02-15,A_off,FR,20260215-2000,52.0
2026-02-15,A_off,FR,20260215-0700,41.04
2026-02-15,A_off,FR,20260215-1700,45.67
2026-02-15,A_off,FR,20260215-1600,29.3
2026-02-15,A_off,FR,20260215-1500,27.39
2026-02-15,A_off,FR,20260215-1100,18.82
2026-02-15,A_off,FR,20260215-1000,21.39
2026-02-15,A_off,FR,20260215-2200,35.14
2026-02-15,A_off,FR,20260215-2300,34.67
2026-02-15,A_off,FR,20260215-1800,66.13
2026-02-15,A_off,FR,20260215-0800,33.28
2026-02-15,A_off,FR,20260215-1200,19.48
2026-02-15,A_off,FR,20260215-0300,41.73
2026-02-15,A_off,FR,20260215-0900,25.77
2026-02-15,A_off,FR,20260215-0600,45.67
2026-02-15,A_off,FR,20260215-1300,19.48
2026-02-15,B_on,NL,20260215-0500,92.36
2026-02-15,B_on,NL,20260215-1900,81.38
2026-02-15,B_on,NL,20260215-0000,92.36
2026-02-15,B_on,NL,20260215-1400,81.38
2026-02-15,B_on,NL,20260215-2100,81.38
2026-02-15,B_on,NL,20260215-0200,92.36
2026-02-15,B_on,NL,20260215-0400,92.36
2026-02-15,B_on,NL,20260215-0100,92.36
2026-02-15,B_on,NL,20260215-2000,81.38
2026-02-15,B_on,NL,20260215-0700,92.36
2026-02-15,B_on,NL,20260215-1700,85.67
2026-02-15,B_on,NL,20260215-1600,92.36
2026-02-15,B_on,NL,20260215-1500,82.12
2026-02-15,B_on,NL,20260215-1100,81.38
2026-02-15,B_on,NL,20260215-1000,81.38
2026-02-15,B_on,NL,20260215-2200,81.38
2026-02-15,B_on,NL,20260215-2300,81.38
2026-02-15,B_on,NL,20260215-1800,87.25
2026-02-15,B_on,NL,20260215-0800,92.36
2026-02-15,B_on,NL,20260215-1200,81.38000000000021
2026-02-15,B_on,NL,20260215-0300,92.36
2026-02-15,B_on,NL,20260215-0900,81.38
2026-02-15,B_on,NL,20260215-0600,92.36
2026-02-15,B_on,NL,20260215-1300,81.38
2026-02-15,B_on,BE,20260215-0500,83.12
2026-02-15,B_on,BE,20260215-1900,81.38
2026-02-15,B_on,BE,20260215-0000,83.14
2026-02-15,B_on,BE,20260215-1400,73.24
2026-02-15,B_on,BE,20260215-2100,64.15
2026-02-15,B_on,BE,20260215-0200,83.12
2026-02-15,B_on,BE,20260215-0400,83.12
2026-02-15,B_on,BE,20260215-0100,83.12
2026-02-15,B_on,BE,20260215-2000,81.38
2026-02-15,B_on,BE,20260215-0700,83.12
2026-02-15,B_on,BE,20260215-1700,81.38
2026-02-15,B_on,BE,20260215-1600,83.12
2026-02-15,B_on,BE,20260215-1500,73.24
2026-02-15,B_on,BE,20260215-1100,65.44
2026-02-15,B_on,BE,20260215-1000,73.24
2026-02-15,B_on,BE,20260215-2200,62.27
2026-02-15,B_on,BE,20260215-2300,50.68
2026-02-15,B_on,BE,20260215-1800,81.38
2026-02-15,B_on,BE,20260215-0800,81.38
2026-02-15,B_on,BE,20260215-1200,62.37000000000041
2026-02-15,B_on,BE,20260215-0300,83.12
2026-02-15,B_on,BE,20260215-0900,73.24
2026-02-15,B_on,BE,20260215-0600,83.12
2026-02-15,B_on,BE,20260215-1300,62.37
2026-02-15,B_on,DE_LU,20260215-0500,92.36
2026-02-15,B_on,DE_LU,20260215-1900,72.78
2026-02-15,B_on,DE_LU,20260215-0000,92.4
2026-02-15,B_on,DE_LU,20260215-1400,81.38
2026-02-15,B_on,DE_LU,20260215-2100,59.35
2026-02-15,B_on,DE_LU,20260215-0200,92.36
2026-02-15,B_on,DE_LU,20260215-0400,92.36
2026-02-15,B_on,DE_LU,20260215-0100,92.36
2026-02-15,B_on,DE_LU,20260215-2000,63.59
2026-02-15,B_on,DE_LU,20260215-0700,92.36
2026-02-15,B_on,DE_LU,20260215-1700,85.67
2026-02-15,B_on,DE_LU,20260215-1600,92.36
2026-02-15,B_on,DE_LU,20260215-1500,82.12
2026-02-15,B_on,DE_LU,20260215-1100,75.77
2026-02-15,B_on,DE_LU,20260215-1000,81.38
2026-02-15,B_on,DE_LU,20260215-2200,57.22
2026-02-15,B_on,DE_LU,20260215-2300,46.91
2026-02-15,B_on,DE_LU,20260215-1800,81.38
2026-02-15,B_on,DE_LU,20260215-0800,92.36
2026-02-15,B_on,DE_LU,20260215-1200,70.5299999999997
2026-02-15,B_on,DE_LU,20260215-0300,92.36
2026-02-15,B_on,DE_LU,20260215-0900,81.38
2026-02-15,B_on,DE_LU,20260215-0600,92.36
2026-02-15,B_on,DE_LU,20260215-1300,63.68
2026-02-15,B_on,DK1,20260215-0500,92.36
2026-02-15,B_on,DK1,20260215-1900,72.78
2026-02-15,B_on,DK1,20260215-0000,92.4
2026-02-15,B_on,DK1,20260215-1400,81.38
2026-02-15,B_on,DK1,20260215-2100,59.35
2026-02-15,B_on,DK1,20260215-0200,92.36
2026-02-15,B_on,DK1,20260215-0400,92.36
2026-02-15,B_on,DK1,20260215-0100,92.36
2026-02-15,B_on,DK1,20260215-2000,63.59
2026-02-15,B_on,DK1,20260215-0700,92.36
2026-02-15,B_on,DK1,20260215-1700,85.67
2026-02-15,B_on,DK1,20260215-1600,92.36
2026-02-15,B_on,DK1,20260215-1500,82.12
2026-02-15,B_on,DK1,20260215-1100,75.77
2026-02-15,B_on,DK1,20260215-1000,81.38
2026-02-15,B_on,DK1,20260215-2200,57.22
2026-02-15,B_on,DK1,20260215-2300,46.91
2026-02-15,B_on,DK1,20260215-1800,81.38
2026-02-15,B_on,DK1,20260215-0800,92.36
2026-02-15,B_on,DK1,20260215-1200,70.52999999999984
2026-02-15,B_on,DK1,20260215-0300,92.36
2026-02-15,B_on,DK1,20260215-0900,81.38
2026-02-15,B_on,DK1,20260215-0600,92.36
2026-02-15,B_on,DK1,20260215-1300,63.68
2026-02-15,B_on,NO2,20260215-0500,92.36
2026-02-15,B_on,NO2,20260215-1900,75.29
2026-02-15,B_on,NO2,20260215-0000,92.36
2026-02-15,B_on,NO2,20260215-1400,85.67
2026-02-15,B_on,NO2,20260215-2100,70.53
2026-02-15,B_on,NO2,20260215-0200,92.36
2026-02-15,B_on,NO2,20260215-0400,92.36
2026-02-15,B_on,NO2,20260215-0100,92.36
2026-02-15,B_on,NO2,20260215-2000,72.61
2026-02-15,B_on,NO2,20260215-0700,92.36
2026-02-15,B_on,NO2,20260215-1700,85.67
2026-02-15,B_on,NO2,20260215-1600,92.36
2026-02-15,B_on,NO2,20260215-1500,85.67
2026-02-15,B_on,NO2,20260215-1100,75.77
2026-02-15,B_on,NO2,20260215-1000,85.67
2026-02-15,B_on,NO2,20260215-2200,70.36
2026-02-15,B_on,NO2,20260215-2300,50.58
2026-02-15,B_on,NO2,20260215-1800,85.67
2026-02-15,B_on,NO2,20260215-0800,92.36
2026-02-15,B_on,NO2,20260215-1200,70.5299999999996
2026-02-15,B_on,NO2,20260215-0300,92.36
2026-02-15,B_on,NO2,20260215-0900,85.67
2026-02-15,B_on,NO2,20260215-0600,92.36
2026-02-15,B_on,NO2,20260215-1300,70.53
2026-02-15,B_on,FR,20260215-0500,41.36
2026-02-15,B_on,FR,20260215-1900,52.89
2026-02-15,B_on,FR,20260215-0000,81.38
2026-02-15,B_on,FR,20260215-1400,21.39
2026-02-15,B_on,FR,20260215-2100,37.3
2026-02-15,B_on,FR,20260215-0200,48.18
2026-02-15,B_on,FR,20260215-0400,41.17
2026-02-15,B_on,FR,20260215-0100,77.3
2026-02-15,B_on,FR,20260215-2000,52.0
2026-02-15,B_on,FR,20260215-0700,41.04
2026-02-15,B_on,FR,20260215-1700,45.67
2026-02-15,B_on,FR,20260215-1600,30.04
2026-02-15,B_on,FR,20260215-1500,27.39
2026-02-15,B_on,FR,20260215-1100,18.82
2026-02-15,B_on,FR,20260215-1000,21.39
2026-02-15,B_on,FR,20260215-2200,35.14
2026-02-15,B_on,FR,20260215-2300,34.67
2026-02-15,B_on,FR,20260215-1800,66.13
2026-02-15,B_on,FR,20260215-0800,33.28
2026-02-15,B_on,FR,20260215-1200,19.479999999999325
2026-02-15,B_on,FR,20260215-0300,41.73
2026-02-15,B_on,FR,20260215-0900,25.77
2026-02-15,B_on,FR,20260215-0600,45.67
2026-02-15,B_on,FR,20260215-1300,19.48
2025-08-15,A_off,NL,20250815-2200,81.16
2025-08-15,A_off,NL,20250815-0700,81.16
2025-08-15,A_off,NL,20250815-1200,5.0
2025-08-15,A_off,NL,20250815-2300,81.16
2025-08-15,A_off,NL,20250815-1500,68.98
2025-08-15,A_off,NL,20250815-1600,81.16000000000037
2025-08-15,A_off,NL,20250815-1000,26.46
2025-08-15,A_off,NL,20250815-0900,45.44
2025-08-15,A_off,NL,20250815-2100,93.35
2025-08-15,A_off,NL,20250815-0300,81.16
2025-08-15,A_off,NL,20250815-0600,93.35
2025-08-15,A_off,NL,20250815-0100,93.35
2025-08-15,A_off,NL,20250815-0800,81.16
2025-08-15,A_off,NL,20250815-0200,85.44
2025-08-15,A_off,NL,20250815-1100,5.0
2025-08-15,A_off,NL,20250815-1400,43.31
2025-08-15,A_off,NL,20250815-1300,31.49
2025-08-15,A_off,NL,20250815-1900,93.35
2025-08-15,A_off,NL,20250815-1700,81.16
2025-08-15,A_off,NL,20250815-2000,85.44
2025-08-15,A_off,NL,20250815-0400,81.16
2025-08-15,A_off,NL,20250815-0000,85.44
2025-08-15,A_off,NL,20250815-1800,93.35
2025-08-15,A_off,NL,20250815-0500,93.35
2025-08-15,A_off,BE,20250815-2200,80.99
2025-08-15,A_off,BE,20250815-0700,73.04
2025-08-15,A_off,BE,20250815-1200,4.46
2025-08-15,A_off,BE,20250815-2300,76.75
2025-08-15,A_off,BE,20250815-1500,54.61
2025-08-15,A_off,BE,20250815-1600,73.04000000000018
2025-08-15,A_off,BE,20250815-1000,10.5
2025-08-15,A_off,BE,20250815-0900,10.54
2025-08-15,A_off,BE,20250815-2100,84.02
2025-08-15,A_off,BE,20250815-0300,81.16
2025-08-15,A_off,BE,20250815-0600,84.02
2025-08-15,A_off,BE,20250815-0100,84.02
2025-08-15,A_off,BE,20250815-0800,45.44
2025-08-15,A_off,BE,20250815-0200,81.16
2025-08-15,A_off,BE,20250815-1100,4.64
2025-08-15,A_off,BE,20250815-1400,9.5
2025-08-15,A_off,BE,20250815-1300,5.0
2025-08-15,A_off,BE,20250815-1900,84.02
2025-08-15,A_off,BE,20250815-1700,81.16
2025-08-15,A_off,BE,20250815-2000,81.16
2025-08-15,A_off,BE,20250815-0400,82.8
2025-08-15,A_off,BE,20250815-0000,80.99
2025-08-15,A_off,BE,20250815-1800,84.02
2025-08-15,A_off,BE,20250815-0500,85.44
2025-08-15,A_off,DE_LU,20250815-2200,93.35
2025-08-15,A_off,DE_LU,20250815-0700,81.16
2025-08-15,A_off,DE_LU,20250815-1200,5.0
2025-08-15,A_off,DE_LU,20250815-2300,85.44
2025-08-15,A_off,DE_LU,20250815-1500,68.98
2025-08-15,A_off,DE_LU,20250815-1600,85.44000000000082
2025-08-15,A_off,DE_LU,20250815-1000,26.46
2025-08-15,A_off,DE_LU,20250815-0900,36.87
2025-08-15,A_off,DE_LU,20250815-2100,93.35
2025-08-15,A_off,DE_LU,20250815-0300,93.35
2025-08-15,A_off,DE_LU,20250815-0600,93.35
2025-08-15,A_off,DE_LU,20250815-0100,93.35
2025-08-15,A_off,DE_LU,20250815-0800,63.7
2025-08-15,A_off,DE_LU,20250815-0200,93.35
2025-08-15,A_off,DE_LU,20250815-1100,5.0
2025-08-15,A_off,DE_LU,20250815-1400,43.31
2025-08-15,A_off,DE_LU,20250815-1300,31.49
2025-08-15,A_off,DE_LU,20250815-1900,93.35
2025-08-15,A_off,DE_LU,20250815-1700,93.35
2025-08-15,A_off,DE_LU,20250815-2000,93.35
2025-08-15,A_off,DE_LU,20250815-0400,102.85
2025-08-15,A_off,DE_LU,20250815-0000,93.35
2025-08-15,A_off,DE_LU,20250815-1800,93.35
2025-08-15,A_off,DE_LU,20250815-0500,98.0
2025-08-15,A_off,DK1,20250815-2200,1.0
2025-08-15,A_off,DK1,20250815-0700,81.16
2025-08-15,A_off,DK1,20250815-1200,5.0
2025-08-15,A_off,DK1,20250815-2300,1.0
2025-08-15,A_off,DK1,20250815-1500,68.98
2025-08-15,A_off,DK1,20250815-1600,4.269999999999769
2025-08-15,A_off,DK1,20250815-1000,26.46
2025-08-15,A_off,DK1,20250815-0900,36.87
2025-08-15,A_off,DK1,20250815-2100,1.0
2025-08-15,A_off,DK1,20250815-0300,93.35
2025-08-15,A_off,DK1,20250815-0600,93.35
2025-08-15,A_off,DK1,20250815-0100,93.35
2025-08-15,A_off,DK1,20250815-0800,63.7
2025-08-15,A_off,DK1,20250815-0200,93.35
2025-08-15,A_off,DK1,20250815-1100,5.0
2025-08-15,A_off,DK1,20250815-1400,43.31
2025-08-15,A_off,DK1,20250815-1300,31.49
2025-08-15,A_off,DK1,20250815-1900,57.0
2025-08-15,A_off,DK1,20250815-1700,3.0
2025-08-15,A_off,DK1,20250815-2000,57.0
2025-08-15,A_off,DK1,20250815-0400,102.85
2025-08-15,A_off,DK1,20250815-0000,93.35
2025-08-15,A_off,DK1,20250815-1800,45.44
2025-08-15,A_off,DK1,20250815-0500,98.0
2025-08-15,A_off,NO2,20250815-2200,85.44
2025-08-15,A_off,NO2,20250815-0700,85.44
2025-08-15,A_off,NO2,20250815-1200,5.38
2025-08-15,A_off,NO2,20250815-2300,85.44
2025-08-15,A_off,NO2,20250815-1500,68.98
2025-08-15,A_off,NO2,20250815-1600,85.44000000000048
2025-08-15,A_off,NO2,20250815-1000,26.46
2025-08-15,A_off,NO2,20250815-0900,38.5
2025-08-15,A_off,NO2,20250815-2100,85.44
2025-08-15,A_off,NO2,20250815-0300,85.44
2025-08-15,A_off,NO2,20250815-0600,85.44
2025-08-15,A_off,NO2,20250815-0100,85.44
2025-08-15,A_off,NO2,20250815-0800,74.23
2025-08-15,A_off,NO2,20250815-0200,85.44
2025-08-15,A_off,NO2,20250815-1100,5.6
2025-08-15,A_off,NO2,20250815-1400,43.31
2025-08-15,A_off,NO2,20250815-1300,27.0
2025-08-15,A_off,NO2,20250815-1900,85.44
2025-08-15,A_off,NO2,20250815-1700,85.44
2025-08-15,A_off,NO2,20250815-2000,85.44
2025-08-15,A_off,NO2,20250815-0400,85.44
2025-08-15,A_off,NO2,20250815-0000,85.44
2025-08-15,A_off,NO2,20250815-1800,85.44
2025-08-15,A_off,NO2,20250815-0500,85.44
2025-08-15,A_off,FR,20250815-2200,71.02
2025-08-15,A_off,FR,20250815-0700,19.04
2025-08-15,A_off,FR,20250815-1200,5.0
2025-08-15,A_off,FR,20250815-2300,52.61
2025-08-15,A_off,FR,20250815-1500,13.97
2025-08-15,A_off,FR,20250815-1600,19.040000000000113
2025-08-15,A_off,FR,20250815-1000,9.43
2025-08-15,A_off,FR,20250815-0900,10.26
2025-08-15,A_off,FR,20250815-2100,73.11
2025-08-15,A_off,FR,20250815-0300,54.23
2025-08-15,A_off,FR,20250815-0600,43.65
2025-08-15,A_off,FR,20250815-0100,54.23
2025-08-15,A_off,FR,20250815-0800,13.17
2025-08-15,A_off,FR,20250815-0200,54.23
2025-08-15,A_off,FR,20250815-1100,5.0
2025-08-15,A_off,FR,20250815-1400,11.47
2025-08-15,A_off,FR,20250815-1300,4.27
2025-08-15,A_off,FR,20250815-1900,69.02
2025-08-15,A_off,FR,20250815-1700,45.67
2025-08-15,A_off,FR,20250815-2000,74.4
2025-08-15,A_off,FR,20250815-0400,49.21
2025-08-15,A_off,FR,20250815-0000,54.23
2025-08-15,A_off,FR,20250815-1800,54.23
2025-08-15,A_off,FR,20250815-0500,48.99
2025-08-15,B_on,NL,20250815-2200,88.14
2025-08-15,B_on,NL,20250815-0700,81.16
2025-08-15,B_on,NL,20250815-1200,5.0
2025-08-15,B_on,NL,20250815-2300,85.44
2025-08-15,B_on,NL,20250815-1500,72.13
2025-08-15,B_on,NL,20250815-1600,81.16
2025-08-15,B_on,NL,20250815-1000,26.45
2025-08-15,B_on,NL,20250815-0900,45.44
2025-08-15,B_on,NL,20250815-2100,93.35
2025-08-15,B_on,NL,20250815-0300,93.35
2025-08-15,B_on,NL,20250815-0600,93.35
2025-08-15,B_on,NL,20250815-0100,93.35
2025-08-15,B_on,NL,20250815-0800,81.16
2025-08-15,B_on,NL,20250815-0200,93.35
2025-08-15,B_on,NL,20250815-1100,5.0
2025-08-15,B_on,NL,20250815-1400,44.86
2025-08-15,B_on,NL,20250815-1300,31.49
2025-08-15,B_on,NL,20250815-1900,93.35
2025-08-15,B_on,NL,20250815-1700,85.44
2025-08-15,B_on,NL,20250815-2000,93.35
2025-08-15,B_on,NL,20250815-0400,93.35
2025-08-15,B_on,NL,20250815-0000,93.35
2025-08-15,B_on,NL,20250815-1800,93.35
2025-08-15,B_on,NL,20250815-0500,93.35
2025-08-15,B_on,BE,20250815-2200,81.67
2025-08-15,B_on,BE,20250815-0700,73.04
2025-08-15,B_on,BE,20250815-1200,4.46
2025-08-15,B_on,BE,20250815-2300,76.75
2025-08-15,B_on,BE,20250815-1500,57.92
2025-08-15,B_on,BE,20250815-1600,73.04
2025-08-15,B_on,BE,20250815-1000,10.5
2025-08-15,B_on,BE,20250815-0900,10.54
2025-08-15,B_on,BE,20250815-2100,84.02
2025-08-15,B_on,BE,20250815-0300,84.02
2025-08-15,B_on,BE,20250815-0600,84.02
2025-08-15,B_on,BE,20250815-0100,84.02
2025-08-15,B_on,BE,20250815-0800,45.44
2025-08-15,B_on,BE,20250815-0200,84.02
2025-08-15,B_on,BE,20250815-1100,4.64
2025-08-15,B_on,BE,20250815-1400,9.5
2025-08-15,B_on,BE,20250815-1300,5.0
2025-08-15,B_on,BE,20250815-1900,84.02
2025-08-15,B_on,BE,20250815-1700,81.16
2025-08-15,B_on,BE,20250815-2000,84.02
2025-08-15,B_on,BE,20250815-0400,85.44
2025-08-15,B_on,BE,20250815-0000,84.02
2025-08-15,B_on,BE,20250815-1800,84.02
2025-08-15,B_on,BE,20250815-0500,85.44
2025-08-15,B_on,DE_LU,20250815-2200,93.35
2025-08-15,B_on,DE_LU,20250815-0700,81.16
2025-08-15,B_on,DE_LU,20250815-1200,5.0
2025-08-15,B_on,DE_LU,20250815-2300,85.44
2025-08-15,B_on,DE_LU,20250815-1500,72.13
2025-08-15,B_on,DE_LU,20250815-1600,84.65
2025-08-15,B_on,DE_LU,20250815-1000,26.45
2025-08-15,B_on,DE_LU,20250815-0900,36.87
2025-08-15,B_on,DE_LU,20250815-2100,93.35
2025-08-15,B_on,DE_LU,20250815-0300,93.35
2025-08-15,B_on,DE_LU,20250815-0600,93.35
2025-08-15,B_on,DE_LU,20250815-0100,93.35
2025-08-15,B_on,DE_LU,20250815-0800,63.7
2025-08-15,B_on,DE_LU,20250815-0200,93.35
2025-08-15,B_on,DE_LU,20250815-1100,5.0
2025-08-15,B_on,DE_LU,20250815-1400,44.86
2025-08-15,B_on,DE_LU,20250815-1300,31.49
2025-08-15,B_on,DE_LU,20250815-1900,93.35
2025-08-15,B_on,DE_LU,20250815-1700,93.35
2025-08-15,B_on,DE_LU,20250815-2000,93.35
2025-08-15,B_on,DE_LU,20250815-0400,102.85
2025-08-15,B_on,DE_LU,20250815-0000,93.35
2025-08-15,B_on,DE_LU,20250815-1800,93.35
2025-08-15,B_on,DE_LU,20250815-0500,98.0
2025-08-15,B_on,DK1,20250815-2200,1.0
2025-08-15,B_on,DK1,20250815-0700,81.16
2025-08-15,B_on,DK1,20250815-1200,5.0
2025-08-15,B_on,DK1,20250815-2300,1.0
2025-08-15,B_on,DK1,20250815-1500,72.13
2025-08-15,B_on,DK1,20250815-1600,4.27
2025-08-15,B_on,DK1,20250815-1000,26.45
2025-08-15,B_on,DK1,20250815-0900,36.87
2025-08-15,B_on,DK1,20250815-2100,1.0
2025-08-15,B_on,DK1,20250815-0300,93.35
2025-08-15,B_on,DK1,20250815-0600,93.35
2025-08-15,B_on,DK1,20250815-0100,93.35
2025-08-15,B_on,DK1,20250815-0800,63.7
2025-08-15,B_on,DK1,20250815-0200,93.35
2025-08-15,B_on,DK1,20250815-1100,5.0
2025-08-15,B_on,DK1,20250815-1400,44.86
2025-08-15,B_on,DK1,20250815-1300,31.49
2025-08-15,B_on,DK1,20250815-1900,57.0
2025-08-15,B_on,DK1,20250815-1700,3.0
2025-08-15,B_on,DK1,20250815-2000,57.0
2025-08-15,B_on,DK1,20250815-0400,102.85
2025-08-15,B_on,DK1,20250815-0000,93.35
2025-08-15,B_on,DK1,20250815-1800,45.44
2025-08-15,B_on,DK1,20250815-0500,98.0
2025-08-15,B_on,NO2,20250815-2200,85.44
2025-08-15,B_on,NO2,20250815-0700,85.44
2025-08-15,B_on,NO2,20250815-1200,5.38
2025-08-15,B_on,NO2,20250815-2300,85.44
2025-08-15,B_on,NO2,20250815-1500,72.13
2025-08-15,B_on,NO2,20250815-1600,85.44
2025-08-15,B_on,NO2,20250815-1000,26.45
2025-08-15,B_on,NO2,20250815-0900,38.5
2025-08-15,B_on,NO2,20250815-2100,85.44
2025-08-15,B_on,NO2,20250815-0300,85.44
2025-08-15,B_on,NO2,20250815-0600,85.44
2025-08-15,B_on,NO2,20250815-0100,85.44
2025-08-15,B_on,NO2,20250815-0800,74.23
2025-08-15,B_on,NO2,20250815-0200,85.44
2025-08-15,B_on,NO2,20250815-1100,5.6
2025-08-15,B_on,NO2,20250815-1400,44.86
2025-08-15,B_on,NO2,20250815-1300,27.0
2025-08-15,B_on,NO2,20250815-1900,85.44
2025-08-15,B_on,NO2,20250815-1700,85.44
2025-08-15,B_on,NO2,20250815-2000,85.44
2025-08-15,B_on,NO2,20250815-0400,85.44
2025-08-15,B_on,NO2,20250815-0000,85.44
2025-08-15,B_on,NO2,20250815-1800,85.44
2025-08-15,B_on,NO2,20250815-0500,85.44
2025-08-15,B_on,FR,20250815-2200,71.02
2025-08-15,B_on,FR,20250815-0700,19.04
2025-08-15,B_on,FR,20250815-1200,5.0
2025-08-15,B_on,FR,20250815-2300,52.61
2025-08-15,B_on,FR,20250815-1500,13.97
2025-08-15,B_on,FR,20250815-1600,19.04
2025-08-15,B_on,FR,20250815-1000,9.43
2025-08-15,B_on,FR,20250815-0900,10.26
2025-08-15,B_on,FR,20250815-2100,73.11
2025-08-15,B_on,FR,20250815-0300,54.23
2025-08-15,B_on,FR,20250815-0600,43.65
2025-08-15,B_on,FR,20250815-0100,54.23
2025-08-15,B_on,FR,20250815-0800,13.17
2025-08-15,B_on,FR,20250815-0200,54.23
2025-08-15,B_on,FR,20250815-1100,5.0
2025-08-15,B_on,FR,20250815-1400,11.59
2025-08-15,B_on,FR,20250815-1300,4.27
2025-08-15,B_on,FR,20250815-1900,69.02
2025-08-15,B_on,FR,20250815-1700,45.67
2025-08-15,B_on,FR,20250815-2000,74.4
2025-08-15,B_on,FR,20250815-0400,49.21
2025-08-15,B_on,FR,20250815-0000,54.23
2025-08-15,B_on,FR,20250815-1800,54.23
2025-08-15,B_on,FR,20250815-0500,48.99
