zone	timeslot	price
SI	20260301-0500	84.35
SI	20260301-1200	9.5
SI	20260301-1500	84.35
SI	20260301-0400	84.35
SI	20260301-0800	68.99
SI	20260301-1900	84.35
SI	20260301-0100	81.11
SI	20260301-1100	9.5
SI	20260301-2100	84.35
SI	20260301-1700	96.16
SI	20260301-1600	80.13
SI	20260301-0700	80.13
SI	20260301-2000	84.35
SI	20260301-2200	84.35
SI	20260301-2300	80.13
SI	20260301-1000	9.5
SI	20260301-1800	80.13
SI	20260301-0300	84.35
SI	20260301-1300	44.35
SI	20260301-0000	81.11
SI	20260301-0600	81.11
SI	20260301-0200	82.43
SI	20260301-0900	16.01
SI	20260301-1400	80.13
ES	20260301-0500	43.33
ES	20260301-1200	1
ES	20260301-1500	1
ES	20260301-0400	43.33
ES	20260301-0800	13.06
ES	20260301-1900	80.13
ES	20260301-0100	44.35
ES	20260301-1100	1
ES	20260301-2100	56.13
ES	20260301-1700	44.35
ES	20260301-1600	4.22
ES	20260301-0700	43.35
ES	20260301-2000	80.13
ES	20260301-2200	49.67
ES	20260301-2300	39.2
ES	20260301-1000	2.85
ES	20260301-1800	80.13
ES	20260301-0300	43.04
ES	20260301-1300	1
ES	20260301-0000	57
ES	20260301-0600	43.33
ES	20260301-0200	42.09
ES	20260301-0900	4.22
ES	20260301-1400	1
GR	20260301-0500	80.13
GR	20260301-1200	1
GR	20260301-1500	80.13
GR	20260301-0400	80.13
GR	20260301-0800	1
GR	20260301-1900	96.16
GR	20260301-0100	80.13
GR	20260301-1100	1
GR	20260301-2100	96.16
GR	20260301-1700	96.16
GR	20260301-1600	96.16
GR	20260301-0700	1
GR	20260301-2000	96.16
GR	20260301-2200	96.16
GR	20260301-2300	96.16
GR	20260301-1000	1
GR	20260301-1800	96.16
GR	20260301-0300	80.13
GR	20260301-1300	1
GR	20260301-0000	80.13
GR	20260301-0600	4.22
GR	20260301-0200	80.13
GR	20260301-0900	1
GR	20260301-1400	4.22
IT-CNORTH	20260301-0500	96.16
IT-CNORTH	20260301-1200	92.43
IT-CNORTH	20260301-1500	96.16
IT-CNORTH	20260301-0400	96.16
IT-CNORTH	20260301-0800	96.16
IT-CNORTH	20260301-1900	96.16
IT-CNORTH	20260301-0100	96.16
IT-CNORTH	20260301-1100	96.16
IT-CNORTH	20260301-2100	96.16
IT-CNORTH	20260301-1700	96.16
IT-CNORTH	20260301-1600	96.16
IT-CNORTH	20260301-0700	96.16
IT-CNORTH	20260301-2000	96.16
IT-CNORTH	20260301-2200	96.16
IT-CNORTH	20260301-2300	96.16
IT-CNORTH	20260301-1000	96.16
IT-CNORTH	20260301-1800	96.16
IT-CNORTH	20260301-0300	96.16
IT-CNORTH	20260301-1300	96.16
IT-CNORTH	20260301-0000	96.16
IT-CNORTH	20260301-0600	96.16
IT-CNORTH	20260301-0200	96.16
IT-CNORTH	20260301-0900	96.16
IT-CNORTH	20260301-1400	96.16
HU	20260301-0500	102.13
HU	20260301-1200	9.5
HU	20260301-1500	102.13
HU	20260301-0400	96.86
HU	20260301-0800	68.99
HU	20260301-1900	136.87
HU	20260301-0100	81.11
HU	20260301-1100	9.5
HU	20260301-2100	102.13
HU	20260301-1700	147.61
HU	20260301-1600	140.9
HU	20260301-0700	80.13
HU	20260301-2000	122.8
HU	20260301-2200	95.76
HU	20260301-2300	92.68
HU	20260301-1000	9.5
HU	20260301-1800	144.46
HU	20260301-0300	94.38
HU	20260301-1300	44.35
HU	20260301-0000	81.11
HU	20260301-0600	81.11
HU	20260301-0200	88.12
HU	20260301-0900	16.01
HU	20260301-1400	80.13
IT-SOUTH	20260301-0500	96.16
IT-SOUTH	20260301-1200	92.43
IT-SOUTH	20260301-1500	96.16
IT-SOUTH	20260301-0400	96.16
IT-SOUTH	20260301-0800	96.16
IT-SOUTH	20260301-1900	96.16
IT-SOUTH	20260301-0100	96.16
IT-SOUTH	20260301-1100	96.16
IT-SOUTH	20260301-2100	96.16
IT-SOUTH	20260301-1700	96.16
IT-SOUTH	20260301-1600	96.16
IT-SOUTH	20260301-0700	96.16
IT-SOUTH	20260301-2000	96.16
IT-SOUTH	20260301-2200	96.16
IT-SOUTH	20260301-2300	96.16
IT-SOUTH	20260301-1000	96.16
IT-SOUTH	20260301-1800	96.16
IT-SOUTH	20260301-0300	96.16
IT-SOUTH	20260301-1300	96.16
IT-SOUTH	20260301-0000	96.16
IT-SOUTH	20260301-0600	96.16
IT-SOUTH	20260301-0200	96.16
IT-SOUTH	20260301-0900	96.16
IT-SOUTH	20260301-1400	96.16
IT-Sicily	20260301-0500	96.16
IT-Sicily	20260301-1200	92.43
IT-Sicily	20260301-1500	96.16
IT-Sicily	20260301-0400	96.16
IT-Sicily	20260301-0800	96.16
IT-Sicily	20260301-1900	147.61
IT-Sicily	20260301-0100	96.16
IT-Sicily	20260301-1100	96.16
IT-Sicily	20260301-2100	96.16
IT-Sicily	20260301-1700	123.73
IT-Sicily	20260301-1600	96.16
IT-Sicily	20260301-0700	96.16
IT-Sicily	20260301-2000	123.73
IT-Sicily	20260301-2200	96.16
IT-Sicily	20260301-2300	96.16
IT-Sicily	20260301-1000	96.16
IT-Sicily	20260301-1800	146.58
IT-Sicily	20260301-0300	96.16
IT-Sicily	20260301-1300	96.16
IT-Sicily	20260301-0000	96.16
IT-Sicily	20260301-0600	96.16
IT-Sicily	20260301-0200	96.16
IT-Sicily	20260301-0900	96.16
IT-Sicily	20260301-1400	96.16
IT-Sardinia	20260301-0500	96.16
IT-Sardinia	20260301-1200	92.43
IT-Sardinia	20260301-1500	96.16
IT-Sardinia	20260301-0400	96.16
IT-Sardinia	20260301-0800	96.16
IT-Sardinia	20260301-1900	96.16
IT-Sardinia	20260301-0100	96.16
IT-Sardinia	20260301-1100	96.16
IT-Sardinia	20260301-2100	96.16
IT-Sardinia	20260301-1700	96.16
IT-Sardinia	20260301-1600	96.16
IT-Sardinia	20260301-0700	96.16
IT-Sardinia	20260301-2000	96.16
IT-Sardinia	20260301-2200	96.16
IT-Sardinia	20260301-2300	96.16
IT-Sardinia	20260301-1000	96.16
IT-Sardinia	20260301-1800	96.16
IT-Sardinia	20260301-0300	96.16
IT-Sardinia	20260301-1300	96.16
IT-Sardinia	20260301-0000	96.16
IT-Sardinia	20260301-0600	96.16
IT-Sardinia	20260301-0200	96.16
IT-Sardinia	20260301-0900	96.16
IT-Sardinia	20260301-1400	96.16
RS	20260301-0500	102.13
RS	20260301-1200	9.5
RS	20260301-1500	102.13
RS	20260301-0400	96.86
RS	20260301-0800	68.99
RS	20260301-1900	136.87
RS	20260301-0100	101.85
RS	20260301-1100	9.5
RS	20260301-2100	102.13
RS	20260301-1700	147.61
RS	20260301-1600	140.9
RS	20260301-0700	80.13
RS	20260301-2000	122.8
RS	20260301-2200	102.13
RS	20260301-2300	96.16
RS	20260301-1000	9.5
RS	20260301-1800	144.46
RS	20260301-0300	94.38
RS	20260301-1300	44.35
RS	20260301-0000	102.13
RS	20260301-0600	87.09
RS	20260301-0200	88.12
RS	20260301-0900	16.01
RS	20260301-1400	80.13
DK1	20260301-0500	84.35
DK1	20260301-1200	57
DK1	20260301-1500	84.35
DK1	20260301-0400	80.13
DK1	20260301-0800	80.13
DK1	20260301-1900	91.58
DK1	20260301-0100	69.06
DK1	20260301-1100	56.4
DK1	20260301-2100	84.35
DK1	20260301-1700	92.22
DK1	20260301-1600	101.08
DK1	20260301-0700	84.35
DK1	20260301-2000	91.58
DK1	20260301-2200	84.35
DK1	20260301-2300	80.13
DK1	20260301-1000	57
DK1	20260301-1800	91.58
DK1	20260301-0300	80.13
DK1	20260301-1300	63
DK1	20260301-0000	63
DK1	20260301-0600	84.35
DK1	20260301-0200	75.09
DK1	20260301-0900	78.2
DK1	20260301-1400	80.13
CH	20260301-0500	84.35
CH	20260301-1200	57.5
CH	20260301-1500	84.35
CH	20260301-0400	80.13
CH	20260301-0800	80.13
CH	20260301-1900	91.58
CH	20260301-0100	69.06
CH	20260301-1100	60.24
CH	20260301-2100	84.35
CH	20260301-1700	96.16
CH	20260301-1600	96.16
CH	20260301-0700	84.35
CH	20260301-2000	91.58
CH	20260301-2200	84.35
CH	20260301-2300	80.13
CH	20260301-1000	60.37
CH	20260301-1800	96.16
CH	20260301-0300	80.13
CH	20260301-1300	63
CH	20260301-0000	67.85
CH	20260301-0600	84.35
CH	20260301-0200	75.09
CH	20260301-0900	78.2
CH	20260301-1400	80.13
SE1	20260301-0500	49.04
SE1	20260301-1200	66.66
SE1	20260301-1500	62.86
SE1	20260301-0400	41.25
SE1	20260301-0800	64.15
SE1	20260301-1900	53.69
SE1	20260301-0100	36.62
SE1	20260301-1100	67.14
SE1	20260301-2100	49.94
SE1	20260301-1700	57.16
SE1	20260301-1600	60.4
SE1	20260301-0700	59.23
SE1	20260301-2000	50.83
SE1	20260301-2200	49.19
SE1	20260301-2300	36.57
SE1	20260301-1000	66.3
SE1	20260301-1800	55.96
SE1	20260301-0300	36.62
SE1	20260301-1300	65.39
SE1	20260301-0000	36.62
SE1	20260301-0600	54.52
SE1	20260301-0200	36.62
SE1	20260301-0900	64.97
SE1	20260301-1400	65.66
NO4	20260301-0500	20.79
NO4	20260301-1200	27.01
NO4	20260301-1500	31.8
NO4	20260301-0400	20.04
NO4	20260301-0800	25.06
NO4	20260301-1900	31.48
NO4	20260301-0100	17.71
NO4	20260301-1100	27.05
NO4	20260301-2100	31.07
NO4	20260301-1700	31.79
NO4	20260301-1600	31.38
NO4	20260301-0700	23.91
NO4	20260301-2000	31.64
NO4	20260301-2200	30.29
NO4	20260301-2300	27.11
NO4	20260301-1000	26.74
NO4	20260301-1800	32.47
NO4	20260301-0300	19.76
NO4	20260301-1300	28.59
NO4	20260301-0000	18.17
NO4	20260301-0600	22.15
NO4	20260301-0200	17.91
NO4	20260301-0900	26.11
NO4	20260301-1400	30.81
SE3	20260301-0500	72.12
SE3	20260301-1200	51.3
SE3	20260301-1500	72.88
SE3	20260301-0400	72.12
SE3	20260301-0800	72.12
SE3	20260301-1900	82.42
SE3	20260301-0100	51.3
SE3	20260301-1100	54.52
SE3	20260301-2100	72.12
SE3	20260301-1700	83
SE3	20260301-1600	84.35
SE3	20260301-0700	72.12
SE3	20260301-2000	82.42
SE3	20260301-2200	72.12
SE3	20260301-2300	72.12
SE3	20260301-1000	54.63
SE3	20260301-1800	82.42
SE3	20260301-0300	72.12
SE3	20260301-1300	51.3
SE3	20260301-0000	57
SE3	20260301-0600	72.12
SE3	20260301-0200	57
SE3	20260301-0900	56.74
SE3	20260301-1400	72.12
FR	20260301-0500	43.33
FR	20260301-1200	37.09
FR	20260301-1500	28.2
FR	20260301-0400	43.33
FR	20260301-0800	30.73
FR	20260301-1900	80.13
FR	20260301-0100	44.35
FR	20260301-1100	56.4
FR	20260301-2100	56.13
FR	20260301-1700	44.35
FR	20260301-1600	30.46
FR	20260301-0700	43.35
FR	20260301-2000	80.13
FR	20260301-2200	49.67
FR	20260301-2300	39.2
FR	20260301-1000	44.35
FR	20260301-1800	80.13
FR	20260301-0300	43.04
FR	20260301-1300	26.64
FR	20260301-0000	57
FR	20260301-0600	43.33
FR	20260301-0200	42.09
FR	20260301-0900	27.72
FR	20260301-1400	28.12
FI	20260301-0500	39.66
FI	20260301-1200	57
FI	20260301-1500	56.4
FI	20260301-0400	39.66
FI	20260301-0800	39.66
FI	20260301-1900	57
FI	20260301-0100	56.4
FI	20260301-1100	44.35
FI	20260301-2100	54.89
FI	20260301-1700	57
FI	20260301-1600	57
FI	20260301-0700	39.66
FI	20260301-2000	57
FI	20260301-2200	44.35
FI	20260301-2300	44.35
FI	20260301-1000	39.66
FI	20260301-1800	57
FI	20260301-0300	39.66
FI	20260301-1300	57
FI	20260301-0000	44.35
FI	20260301-0600	39.66
FI	20260301-0200	44.35
FI	20260301-0900	39.66
FI	20260301-1400	57
PL	20260301-0500	84.35
PL	20260301-1200	56.4
PL	20260301-1500	91.58
PL	20260301-0400	80.13
PL	20260301-0800	56.4
PL	20260301-1900	102.13
PL	20260301-0100	80.13
PL	20260301-1100	4.82
PL	20260301-2100	91.58
PL	20260301-1700	102.13
PL	20260301-1600	102.13
PL	20260301-0700	56.4
PL	20260301-2000	102.13
PL	20260301-2200	91.58
PL	20260301-2300	91.58
PL	20260301-1000	4.82
PL	20260301-1800	102.13
PL	20260301-0300	80.13
PL	20260301-1300	63
PL	20260301-0000	91.31
PL	20260301-0600	80.13
PL	20260301-0200	80.13
PL	20260301-0900	4.82
PL	20260301-1400	80.13
IT-Calabria	20260301-0500	96.16
IT-Calabria	20260301-1200	92.43
IT-Calabria	20260301-1500	96.16
IT-Calabria	20260301-0400	96.16
IT-Calabria	20260301-0800	96.16
IT-Calabria	20260301-1900	96.16
IT-Calabria	20260301-0100	96.16
IT-Calabria	20260301-1100	96.16
IT-Calabria	20260301-2100	96.16
IT-Calabria	20260301-1700	96.16
IT-Calabria	20260301-1600	96.16
IT-Calabria	20260301-0700	96.16
IT-Calabria	20260301-2000	96.16
IT-Calabria	20260301-2200	96.16
IT-Calabria	20260301-2300	96.16
IT-Calabria	20260301-1000	96.16
IT-Calabria	20260301-1800	96.16
IT-Calabria	20260301-0300	96.16
IT-Calabria	20260301-1300	96.16
IT-Calabria	20260301-0000	96.16
IT-Calabria	20260301-0600	96.16
IT-Calabria	20260301-0200	96.16
IT-Calabria	20260301-0900	96.16
IT-Calabria	20260301-1400	96.16
AT	20260301-0500	84.35
AT	20260301-1200	57.5
AT	20260301-1500	84.35
AT	20260301-0400	80.13
AT	20260301-0800	80.13
AT	20260301-1900	91.58
AT	20260301-0100	69.06
AT	20260301-1100	60.24
AT	20260301-2100	84.35
AT	20260301-1700	96.16
AT	20260301-1600	96.16
AT	20260301-0700	84.35
AT	20260301-2000	91.58
AT	20260301-2200	84.35
AT	20260301-2300	82.5
AT	20260301-1000	60.37
AT	20260301-1800	96.16
AT	20260301-0300	80.13
AT	20260301-1300	63
AT	20260301-0000	67.85
AT	20260301-0600	84.35
AT	20260301-0200	74.35
AT	20260301-0900	74.72
AT	20260301-1400	80.13
SE2	20260301-0500	49.04
SE2	20260301-1200	65.15
SE2	20260301-1500	62.86
SE2	20260301-0400	41.25
SE2	20260301-0800	64.15
SE2	20260301-1900	53.69
SE2	20260301-0100	36.62
SE2	20260301-1100	64.25
SE2	20260301-2100	49.94
SE2	20260301-1700	57.16
SE2	20260301-1600	60.4
SE2	20260301-0700	59.23
SE2	20260301-2000	50.83
SE2	20260301-2200	49.19
SE2	20260301-2300	36.57
SE2	20260301-1000	63.49
SE2	20260301-1800	55.96
SE2	20260301-0300	36.62
SE2	20260301-1300	65.22
SE2	20260301-0000	36.62
SE2	20260301-0600	54.52
SE2	20260301-0200	36.62
SE2	20260301-0900	64.25
SE2	20260301-1400	64.66
IT-NORTH	20260301-0500	96.16
IT-NORTH	20260301-1200	92.43
IT-NORTH	20260301-1500	96.16
IT-NORTH	20260301-0400	96.16
IT-NORTH	20260301-0800	96.16
IT-NORTH	20260301-1900	96.16
IT-NORTH	20260301-0100	96.16
IT-NORTH	20260301-1100	96.16
IT-NORTH	20260301-2100	96.16
IT-NORTH	20260301-1700	96.16
IT-NORTH	20260301-1600	96.16
IT-NORTH	20260301-0700	96.16
IT-NORTH	20260301-2000	96.16
IT-NORTH	20260301-2200	96.16
IT-NORTH	20260301-2300	96.16
IT-NORTH	20260301-1000	96.16
IT-NORTH	20260301-1800	96.16
IT-NORTH	20260301-0300	94.92
IT-NORTH	20260301-1300	96.16
IT-NORTH	20260301-0000	96.16
IT-NORTH	20260301-0600	96.16
IT-NORTH	20260301-0200	93.68
IT-NORTH	20260301-0900	96.16
IT-NORTH	20260301-1400	96.16
LT	20260301-0500	39.66
LT	20260301-1200	23.75
LT	20260301-1500	45.57
LT	20260301-0400	39.66
LT	20260301-0800	39.66
LT	20260301-1900	61.91
LT	20260301-0100	56.4
LT	20260301-1100	23.75
LT	20260301-2100	54.89
LT	20260301-1700	57
LT	20260301-1600	57
LT	20260301-0700	39.66
LT	20260301-2000	57
LT	20260301-2200	44.35
LT	20260301-2300	44.35
LT	20260301-1000	26.35
LT	20260301-1800	70.78
LT	20260301-0300	39.66
LT	20260301-1300	26.25
LT	20260301-0000	44.35
LT	20260301-0600	39.66
LT	20260301-0200	44.35
LT	20260301-0900	30
LT	20260301-1400	1
PT	20260301-0500	43.33
PT	20260301-1200	2.85
PT	20260301-1500	1
PT	20260301-0400	43.33
PT	20260301-0800	13.06
PT	20260301-1900	80.13
PT	20260301-0100	44.35
PT	20260301-1100	2.85
PT	20260301-2100	56.13
PT	20260301-1700	44.35
PT	20260301-1600	4.22
PT	20260301-0700	43.35
PT	20260301-2000	80.13
PT	20260301-2200	49.67
PT	20260301-2300	39.2
PT	20260301-1000	2.85
PT	20260301-1800	80.13
PT	20260301-0300	43.04
PT	20260301-1300	1
PT	20260301-0000	57
PT	20260301-0600	43.33
PT	20260301-0200	42.09
PT	20260301-0900	4.22
PT	20260301-1400	1
NO2	20260301-0500	84.35
NO2	20260301-1200	65.9
NO2	20260301-1500	84.35
NO2	20260301-0400	84.35
NO2	20260301-0800	84.35
NO2	20260301-1900	91.58
NO2	20260301-0100	73.46
NO2	20260301-1100	69.26
NO2	20260301-2100	84.35
NO2	20260301-1700	91.58
NO2	20260301-1600	98.1
NO2	20260301-0700	84.35
NO2	20260301-2000	91.58
NO2	20260301-2200	84.35
NO2	20260301-2300	84.35
NO2	20260301-1000	69.39
NO2	20260301-1800	98.1
NO2	20260301-0300	84.35
NO2	20260301-1300	73.46
NO2	20260301-0000	73.46
NO2	20260301-0600	84.35
NO2	20260301-0200	78.23
NO2	20260301-0900	78.2
NO2	20260301-1400	84.35
LV	20260301-0500	39.66
LV	20260301-1200	57
LV	20260301-1500	56.4
LV	20260301-0400	39.66
LV	20260301-0800	39.66
LV	20260301-1900	61.91
LV	20260301-0100	56.4
LV	20260301-1100	44.35
LV	20260301-2100	54.89
LV	20260301-1700	57
LV	20260301-1600	57
LV	20260301-0700	39.66
LV	20260301-2000	57
LV	20260301-2200	44.35
LV	20260301-2300	44.35
LV	20260301-1000	39.66
LV	20260301-1800	70.78
LV	20260301-0300	39.66
LV	20260301-1300	57
LV	20260301-0000	44.35
LV	20260301-0600	39.66
LV	20260301-0200	44.35
LV	20260301-0900	39.66
LV	20260301-1400	57
NL	20260301-0500	84.35
NL	20260301-1200	65.9
NL	20260301-1500	84.35
NL	20260301-0400	80.13
NL	20260301-0800	80.13
NL	20260301-1900	91.58
NL	20260301-0100	80.13
NL	20260301-1100	56.4
NL	20260301-2100	80.13
NL	20260301-1700	91.58
NL	20260301-1600	91.58
NL	20260301-0700	84.35
NL	20260301-2000	91.58
NL	20260301-2200	80.13
NL	20260301-2300	80.13
NL	20260301-1000	69.39
NL	20260301-1800	91.58
NL	20260301-0300	80.13
NL	20260301-1300	80.13
NL	20260301-0000	80.13
NL	20260301-0600	84.35
NL	20260301-0200	80.13
NL	20260301-0900	80.13
NL	20260301-1400	80.13
NO5	20260301-0500	76.28
NO5	20260301-1200	55.24
NO5	20260301-1500	77.09
NO5	20260301-0400	76.28
NO5	20260301-0800	76.28
NO5	20260301-1900	84.35
NO5	20260301-0100	65.27
NO5	20260301-1100	57.67
NO5	20260301-2100	76.28
NO5	20260301-1700	84.35
NO5	20260301-1600	84.35
NO5	20260301-0700	76.28
NO5	20260301-2000	84.35
NO5	20260301-2200	76.28
NO5	20260301-2300	76.28
NO5	20260301-1000	57.79
NO5	20260301-1800	84.35
NO5	20260301-0300	76.28
NO5	20260301-1300	65.27
NO5	20260301-0000	65.27
NO5	20260301-0600	76.28
NO5	20260301-0200	68.16
NO5	20260301-0900	68.15
NO5	20260301-1400	76.28
BE	20260301-0500	80.13
BE	20260301-1200	23.75
BE	20260301-1500	72.88
BE	20260301-0400	80.13
BE	20260301-0800	72.12
BE	20260301-1900	82.42
BE	20260301-0100	80.13
BE	20260301-1100	10.5
BE	20260301-2100	80.13
BE	20260301-1700	84.35
BE	20260301-1600	84.35
BE	20260301-0700	72.12
BE	20260301-2000	82.42
BE	20260301-2200	72.12
BE	20260301-2300	80.13
BE	20260301-1000	10.5
BE	20260301-1800	84.35
BE	20260301-0300	80.13
BE	20260301-1300	44.35
BE	20260301-0000	80.13
BE	20260301-0600	72.12
BE	20260301-0200	71.6
BE	20260301-0900	44.35
BE	20260301-1400	72.12
RO	20260301-0500	102.13
RO	20260301-1200	9.5
RO	20260301-1500	102.13
RO	20260301-0400	96.86
RO	20260301-0800	68.99
RO	20260301-1900	136.87
RO	20260301-0100	101.85
RO	20260301-1100	9.5
RO	20260301-2100	102.13
RO	20260301-1700	147.61
RO	20260301-1600	140.9
RO	20260301-0700	80.13
RO	20260301-2000	122.8
RO	20260301-2200	102.13
RO	20260301-2300	96.16
RO	20260301-1000	9.5
RO	20260301-1800	144.46
RO	20260301-0300	94.38
RO	20260301-1300	44.35
RO	20260301-0000	102.13
RO	20260301-0600	87.09
RO	20260301-0200	88.12
RO	20260301-0900	16.01
RO	20260301-1400	80.13
DK2	20260301-0500	11
DK2	20260301-1200	23.75
DK2	20260301-1500	70.93
DK2	20260301-0400	11
DK2	20260301-0800	12.27
DK2	20260301-1900	91.58
DK2	20260301-0100	15.37
DK2	20260301-1100	23.75
DK2	20260301-2100	84.35
DK2	20260301-1700	102.13
DK2	20260301-1600	101.08
DK2	20260301-0700	11
DK2	20260301-2000	91.58
DK2	20260301-2200	84.35
DK2	20260301-2300	80.13
DK2	20260301-1000	26.35
DK2	20260301-1800	101.08
DK2	20260301-0300	11
DK2	20260301-1300	26.25
DK2	20260301-0000	12.22
DK2	20260301-0600	12.27
DK2	20260301-0200	12.22
DK2	20260301-0900	30
DK2	20260301-1400	1
BG	20260301-0500	102.13
BG	20260301-1200	9.5
BG	20260301-1500	102.13
BG	20260301-0400	96.86
BG	20260301-0800	68.99
BG	20260301-1900	136.87
BG	20260301-0100	101.85
BG	20260301-1100	9.5
BG	20260301-2100	102.13
BG	20260301-1700	147.61
BG	20260301-1600	140.9
BG	20260301-0700	80.13
BG	20260301-2000	122.8
BG	20260301-2200	102.13
BG	20260301-2300	96.16
BG	20260301-1000	9.5
BG	20260301-1800	144.46
BG	20260301-0300	94.38
BG	20260301-1300	44.35
BG	20260301-0000	102.13
BG	20260301-0600	87.09
BG	20260301-0200	88.12
BG	20260301-0900	16.01
BG	20260301-1400	80.13
IT-CSOUTH	20260301-0500	96.16
IT-CSOUTH	20260301-1200	92.43
IT-CSOUTH	20260301-1500	96.16
IT-CSOUTH	20260301-0400	96.16
IT-CSOUTH	20260301-0800	96.16
IT-CSOUTH	20260301-1900	96.16
IT-CSOUTH	20260301-0100	96.16
IT-CSOUTH	20260301-1100	96.16
IT-CSOUTH	20260301-2100	96.16
IT-CSOUTH	20260301-1700	96.16
IT-CSOUTH	20260301-1600	96.16
IT-CSOUTH	20260301-0700	96.16
IT-CSOUTH	20260301-2000	96.16
IT-CSOUTH	20260301-2200	96.16
IT-CSOUTH	20260301-2300	96.16
IT-CSOUTH	20260301-1000	96.16
IT-CSOUTH	20260301-1800	96.16
IT-CSOUTH	20260301-0300	96.16
IT-CSOUTH	20260301-1300	96.16
IT-CSOUTH	20260301-0000	96.16
IT-CSOUTH	20260301-0600	96.16
IT-CSOUTH	20260301-0200	96.16
IT-CSOUTH	20260301-0900	96.16
IT-CSOUTH	20260301-1400	96.16
CZ	20260301-0500	84.35
CZ	20260301-1200	75.34
CZ	20260301-1500	91.58
CZ	20260301-0400	80.13
CZ	20260301-0800	80.13
CZ	20260301-1900	102.13
CZ	20260301-0100	71.7
CZ	20260301-1100	80.13
CZ	20260301-2100	91.58
CZ	20260301-1700	102.13
CZ	20260301-1600	102.13
CZ	20260301-0700	84.35
CZ	20260301-2000	102.13
CZ	20260301-2200	91.58
CZ	20260301-2300	91.58
CZ	20260301-1000	80.13
CZ	20260301-1800	102.13
CZ	20260301-0300	80.13
CZ	20260301-1300	63
CZ	20260301-0000	71.82
CZ	20260301-0600	84.35
CZ	20260301-0200	75.09
CZ	20260301-0900	80.13
CZ	20260301-1400	80.13
NO3	20260301-0500	72.12
NO3	20260301-1200	58.03
NO3	20260301-1500	80.98
NO3	20260301-0400	72.12
NO3	20260301-0800	80.13
NO3	20260301-1900	91.58
NO3	20260301-0100	61.71
NO3	20260301-1100	60.58
NO3	20260301-2100	80.13
NO3	20260301-1700	96.85
NO3	20260301-1600	96.33
NO3	20260301-0700	80.13
NO3	20260301-2000	91.58
NO3	20260301-2200	80.13
NO3	20260301-2300	72.12
NO3	20260301-1000	60.7
NO3	20260301-1800	96.33
NO3	20260301-0300	72.12
NO3	20260301-1300	68.56
NO3	20260301-0000	68.56
NO3	20260301-0600	72.12
NO3	20260301-0200	64.44
NO3	20260301-0900	71.58
NO3	20260301-1400	80.13
NO1	20260301-0500	72.12
NO1	20260301-1200	52.23
NO1	20260301-1500	72.88
NO1	20260301-0400	72.12
NO1	20260301-0800	72.12
NO1	20260301-1900	82.42
NO1	20260301-0100	61.71
NO1	20260301-1100	54.52
NO1	20260301-2100	72.12
NO1	20260301-1700	84.35
NO1	20260301-1600	84.35
NO1	20260301-0700	72.12
NO1	20260301-2000	82.42
NO1	20260301-2200	72.12
NO1	20260301-2300	72.12
NO1	20260301-1000	54.63
NO1	20260301-1800	84.35
NO1	20260301-0300	72.12
NO1	20260301-1300	61.71
NO1	20260301-0000	61.71
NO1	20260301-0600	72.12
NO1	20260301-0200	64.44
NO1	20260301-0900	64.43
NO1	20260301-1400	72.12
DE_LU	20260301-0500	84.35
DE_LU	20260301-1200	57
DE_LU	20260301-1500	84.35
DE_LU	20260301-0400	80.13
DE_LU	20260301-0800	80.13
DE_LU	20260301-1900	91.58
DE_LU	20260301-0100	69.06
DE_LU	20260301-1100	56.4
DE_LU	20260301-2100	84.35
DE_LU	20260301-1700	102.13
DE_LU	20260301-1600	101.08
DE_LU	20260301-0700	84.35
DE_LU	20260301-2000	91.58
DE_LU	20260301-2200	84.35
DE_LU	20260301-2300	80.13
DE_LU	20260301-1000	57
DE_LU	20260301-1800	101.08
DE_LU	20260301-0300	80.13
DE_LU	20260301-1300	63
DE_LU	20260301-0000	63
DE_LU	20260301-0600	84.35
DE_LU	20260301-0200	75.09
DE_LU	20260301-0900	78.2
DE_LU	20260301-1400	80.13
SK	20260301-0500	72.12
SK	20260301-1200	52.23
SK	20260301-1500	72.88
SK	20260301-0400	72.12
SK	20260301-0800	72.12
SK	20260301-1900	82.42
SK	20260301-0100	61.71
SK	20260301-1100	54.52
SK	20260301-2100	72.12
SK	20260301-1700	84.35
SK	20260301-1600	84.35
SK	20260301-0700	72.12
SK	20260301-2000	82.42
SK	20260301-2200	72.12
SK	20260301-2300	72.12
SK	20260301-1000	54.63
SK	20260301-1800	84.35
SK	20260301-0300	72.12
SK	20260301-1300	61.71
SK	20260301-0000	61.71
SK	20260301-0600	72.12
SK	20260301-0200	64.44
SK	20260301-0900	64.43
SK	20260301-1400	72.12
EE	20260301-0500	39.66
EE	20260301-1200	57
EE	20260301-1500	56.4
EE	20260301-0400	39.66
EE	20260301-0800	39.66
EE	20260301-1900	61.91
EE	20260301-0100	56.4
EE	20260301-1100	44.35
EE	20260301-2100	54.89
EE	20260301-1700	57
EE	20260301-1600	57
EE	20260301-0700	39.66
EE	20260301-2000	57
EE	20260301-2200	44.35
EE	20260301-2300	44.35
EE	20260301-1000	39.66
EE	20260301-1800	70.78
EE	20260301-0300	39.66
EE	20260301-1300	57
EE	20260301-0000	44.35
EE	20260301-0600	39.66
EE	20260301-0200	44.35
EE	20260301-0900	39.66
EE	20260301-1400	57
SE4	20260301-0500	11
SE4	20260301-1200	23.75
SE4	20260301-1500	45.57
SE4	20260301-0400	11
SE4	20260301-0800	12.27
SE4	20260301-1900	61.91
SE4	20260301-0100	15.37
SE4	20260301-1100	23.75
SE4	20260301-2100	54.89
SE4	20260301-1700	75.6
SE4	20260301-1600	74.93
SE4	20260301-0700	11
SE4	20260301-2000	63.37
SE4	20260301-2200	54.6
SE4	20260301-2300	53.93
SE4	20260301-1000	26.35
SE4	20260301-1800	70.78
SE4	20260301-0300	11
SE4	20260301-1300	26.25
SE4	20260301-0000	12.22
SE4	20260301-0600	12.27
SE4	20260301-0200	12.22
SE4	20260301-0900	30
SE4	20260301-1400	1
SI	20260302-0300	80.13
SI	20260302-0200	78.4
SI	20260302-1400	84.35
SI	20260302-1900	102.13
SI	20260302-2300	44.02
SI	20260302-2000	84.35
SI	20260302-0900	80.13
SI	20260302-0500	96.16
SI	20260302-1000	71.7
SI	20260302-1300	78.4
SI	20260302-2100	84.35
SI	20260302-1200	76.81
SI	20260302-0000	82.69
SI	20260302-0400	84.35
SI	20260302-0100	79.43
SI	20260302-0700	102.13
SI	20260302-2200	84.35
SI	20260302-1100	71.81
SI	20260302-1700	161.85
SI	20260302-0600	84.35
SI	20260302-1600	151.83
SI	20260302-1500	84.35
SI	20260302-0800	84.35
ES	20260302-0300	36.53
ES	20260302-0200	36.53
ES	20260302-1400	4.22
ES	20260302-1900	102.13
ES	20260302-2300	59.68
ES	20260302-2000	80.13
ES	20260302-0900	12.59
ES	20260302-0500	46.72
ES	20260302-1000	4.22
ES	20260302-1300	4.22
ES	20260302-2100	80.13
ES	20260302-1200	4.22
ES	20260302-0000	36.53
ES	20260302-0400	37.41
ES	20260302-0100	36.53
ES	20260302-0700	89.15
ES	20260302-2200	80.13
ES	20260302-1100	4.22
ES	20260302-1700	89.58
ES	20260302-0600	80.13
ES	20260302-1600	55.35
ES	20260302-1500	9.5
ES	20260302-0800	80.13
GR	20260302-0300	94.65
GR	20260302-0200	80.13
GR	20260302-1400	80.13
GR	20260302-1900	144.88
GR	20260302-2300	96.16
GR	20260302-2000	134.77
GR	20260302-0900	1
GR	20260302-0500	96.16
GR	20260302-1000	1
GR	20260302-1300	44.35
GR	20260302-2100	111.98
GR	20260302-1200	4.22
GR	20260302-0000	89.38
GR	20260302-0400	96.16
GR	20260302-0100	82.17
GR	20260302-0700	80.13
GR	20260302-2200	96.16
GR	20260302-1100	1
GR	20260302-1700	167.96
GR	20260302-0600	80.13
GR	20260302-1600	142.39
GR	20260302-1500	96.16
GR	20260302-0800	4.22
IT-CNORTH	20260302-0300	96.16
IT-CNORTH	20260302-0200	96.16
IT-CNORTH	20260302-1400	123.73
IT-CNORTH	20260302-1900	102.13
IT-CNORTH	20260302-2300	96.16
IT-CNORTH	20260302-2000	96.76
IT-CNORTH	20260302-0900	241.98
IT-CNORTH	20260302-0500	96.16
IT-CNORTH	20260302-1000	166.45
IT-CNORTH	20260302-1300	96.16
IT-CNORTH	20260302-2100	96.16
IT-CNORTH	20260302-1200	96.16
IT-CNORTH	20260302-0000	96.16
IT-CNORTH	20260302-0400	96.16
IT-CNORTH	20260302-0100	96.16
IT-CNORTH	20260302-0700	321.08
IT-CNORTH	20260302-2200	96.16
IT-CNORTH	20260302-1100	96.16
IT-CNORTH	20260302-1700	161.85
IT-CNORTH	20260302-0600	102.13
IT-CNORTH	20260302-1600	151.83
IT-CNORTH	20260302-1500	170.66
IT-CNORTH	20260302-0800	306.26
HU	20260302-0300	94.65
HU	20260302-0200	80.13
HU	20260302-1400	102.13
HU	20260302-1900	144.88
HU	20260302-2300	44.02
HU	20260302-2000	134.77
HU	20260302-0900	80.13
HU	20260302-0500	114.5
HU	20260302-1000	71.7
HU	20260302-1300	80.13
HU	20260302-2100	111.98
HU	20260302-1200	76.81
HU	20260302-0000	88.57
HU	20260302-0400	102.13
HU	20260302-0100	82.17
HU	20260302-0700	109.34
HU	20260302-2200	102.13
HU	20260302-1100	71.81
HU	20260302-1700	167.96
HU	20260302-0600	127.15
HU	20260302-1600	151.83
HU	20260302-1500	125.32
HU	20260302-0800	101.1
IT-SOUTH	20260302-0300	96.16
IT-SOUTH	20260302-0200	96.16
IT-SOUTH	20260302-1400	96.16
IT-SOUTH	20260302-1900	96.16
IT-SOUTH	20260302-2300	96.16
IT-SOUTH	20260302-2000	96.16
IT-SOUTH	20260302-0900	96.16
IT-SOUTH	20260302-0500	96.16
IT-SOUTH	20260302-1000	96.16
IT-SOUTH	20260302-1300	96.16
IT-SOUTH	20260302-2100	96.16
IT-SOUTH	20260302-1200	96.16
IT-SOUTH	20260302-0000	96.16
IT-SOUTH	20260302-0400	96.16
IT-SOUTH	20260302-0100	96.16
IT-SOUTH	20260302-0700	96.16
IT-SOUTH	20260302-2200	96.16
IT-SOUTH	20260302-1100	96.16
IT-SOUTH	20260302-1700	96.16
IT-SOUTH	20260302-0600	96.16
IT-SOUTH	20260302-1600	96.16
IT-SOUTH	20260302-1500	96.16
IT-SOUTH	20260302-0800	96.16
IT-Sicily	20260302-0300	96.16
IT-Sicily	20260302-0200	96.16
IT-Sicily	20260302-1400	96.16
IT-Sicily	20260302-1900	96.16
IT-Sicily	20260302-2300	96.16
IT-Sicily	20260302-2000	96.16
IT-Sicily	20260302-0900	96.16
IT-Sicily	20260302-0500	96.16
IT-Sicily	20260302-1000	96.16
IT-Sicily	20260302-1300	96.16
IT-Sicily	20260302-2100	96.16
IT-Sicily	20260302-1200	96.16
IT-Sicily	20260302-0000	96.16
IT-Sicily	20260302-0400	96.16
IT-Sicily	20260302-0100	96.16
IT-Sicily	20260302-0700	96.16
IT-Sicily	20260302-2200	96.16
IT-Sicily	20260302-1100	96.16
IT-Sicily	20260302-1700	96.16
IT-Sicily	20260302-0600	96.16
IT-Sicily	20260302-1600	96.16
IT-Sicily	20260302-1500	96.16
IT-Sicily	20260302-0800	96.16
IT-Sardinia	20260302-0300	96.16
IT-Sardinia	20260302-0200	96.16
IT-Sardinia	20260302-1400	96.16
IT-Sardinia	20260302-1900	96.16
IT-Sardinia	20260302-2300	96.16
IT-Sardinia	20260302-2000	96.16
IT-Sardinia	20260302-0900	96.16
IT-Sardinia	20260302-0500	96.16
IT-Sardinia	20260302-1000	96.16
IT-Sardinia	20260302-1300	96.16
IT-Sardinia	20260302-2100	96.16
IT-Sardinia	20260302-1200	96.16
IT-Sardinia	20260302-0000	96.16
IT-Sardinia	20260302-0400	96.16
IT-Sardinia	20260302-0100	96.16
IT-Sardinia	20260302-0700	96.16
IT-Sardinia	20260302-2200	96.16
IT-Sardinia	20260302-1100	96.16
IT-Sardinia	20260302-1700	96.16
IT-Sardinia	20260302-0600	96.16
IT-Sardinia	20260302-1600	96.16
IT-Sardinia	20260302-1500	96.16
IT-Sardinia	20260302-0800	96.16
RS	20260302-0300	94.65
RS	20260302-0200	80.13
RS	20260302-1400	102.13
RS	20260302-1900	144.88
RS	20260302-2300	102.13
RS	20260302-2000	134.77
RS	20260302-0900	80.13
RS	20260302-0500	114.5
RS	20260302-1000	71.7
RS	20260302-1300	80.13
RS	20260302-2100	111.98
RS	20260302-1200	76.81
RS	20260302-0000	89.38
RS	20260302-0400	102.13
RS	20260302-0100	82.17
RS	20260302-0700	109.34
RS	20260302-2200	102.13
RS	20260302-1100	71.81
RS	20260302-1700	167.96
RS	20260302-0600	127.15
RS	20260302-1600	151.83
RS	20260302-1500	125.32
RS	20260302-0800	101.1
DK1	20260302-0300	84.35
DK1	20260302-0200	80.13
DK1	20260302-1400	91.58
DK1	20260302-1900	102.13
DK1	20260302-2300	91.58
DK1	20260302-2000	92.22
DK1	20260302-0900	88.57
DK1	20260302-0500	96.16
DK1	20260302-1000	80.13
DK1	20260302-1300	82.45
DK1	20260302-2100	92.22
DK1	20260302-1200	80.13
DK1	20260302-0000	80.13
DK1	20260302-0400	91.58
DK1	20260302-0100	80.13
DK1	20260302-0700	101.08
DK1	20260302-2200	91.58
DK1	20260302-1100	80.13
DK1	20260302-1700	110.83
DK1	20260302-0600	102.13
DK1	20260302-1600	107.59
DK1	20260302-1500	102.13
DK1	20260302-0800	91.58
CH	20260302-0300	84.35
CH	20260302-0200	80.13
CH	20260302-1400	91.58
CH	20260302-1900	102.13
CH	20260302-2300	71.08
CH	20260302-2000	96.76
CH	20260302-0900	88.57
CH	20260302-0500	96.16
CH	20260302-1000	84.35
CH	20260302-1300	82.45
CH	20260302-2100	92.53
CH	20260302-1200	80.13
CH	20260302-0000	80.13
CH	20260302-0400	91.58
CH	20260302-0100	80.13
CH	20260302-0700	101.08
CH	20260302-2200	91.58
CH	20260302-1100	80.13
CH	20260302-1700	161.85
CH	20260302-0600	102.13
CH	20260302-1600	151.83
CH	20260302-1500	102.13
CH	20260302-0800	91.58
SE1	20260302-0300	50.1
SE1	20260302-0200	44.71
SE1	20260302-1400	51.8
SE1	20260302-1900	1
SE1	20260302-2300	1
SE1	20260302-2000	1
SE1	20260302-0900	67.08
SE1	20260302-0500	61.4
SE1	20260302-1000	66.19
SE1	20260302-1300	59.16
SE1	20260302-2100	1
SE1	20260302-1200	63.5
SE1	20260302-0000	38.3
SE1	20260302-0400	56.01
SE1	20260302-0100	40.79
SE1	20260302-0700	66
SE1	20260302-2200	1
SE1	20260302-1100	65.41
SE1	20260302-1700	1
SE1	20260302-0600	65.43
SE1	20260302-1600	38.3
SE1	20260302-1500	39.95
SE1	20260302-0800	66.77
NO4	20260302-0300	29.82
NO4	20260302-0200	29.92
NO4	20260302-1400	28.48
NO4	20260302-1900	25.73
NO4	20260302-2300	17.71
NO4	20260302-2000	25.32
NO4	20260302-0900	31.07
NO4	20260302-0500	30.82
NO4	20260302-1000	30.24
NO4	20260302-1300	28.57
NO4	20260302-2100	24.7
NO4	20260302-1200	29.14
NO4	20260302-0000	29.89
NO4	20260302-0400	30.35
NO4	20260302-0100	30.14
NO4	20260302-0700	32.47
NO4	20260302-2200	22.97
NO4	20260302-1100	29.68
NO4	20260302-1700	27.48
NO4	20260302-0600	32.02
NO4	20260302-1600	28.14
NO4	20260302-1500	28.62
NO4	20260302-0800	31.81
SE3	20260302-0300	72.12
SE3	20260302-0200	72.12
SE3	20260302-1400	82.42
SE3	20260302-1900	84.35
SE3	20260302-2300	82.42
SE3	20260302-2000	83
SE3	20260302-0900	88.57
SE3	20260302-0500	96.16
SE3	20260302-1000	80.13
SE3	20260302-1300	80.13
SE3	20260302-2100	83
SE3	20260302-1200	78.61
SE3	20260302-0000	72.12
SE3	20260302-0400	89.68
SE3	20260302-0100	72.12
SE3	20260302-0700	101.08
SE3	20260302-2200	82.42
SE3	20260302-1100	79
SE3	20260302-1700	84.35
SE3	20260302-0600	102.13
SE3	20260302-1600	84.35
SE3	20260302-1500	84.35
SE3	20260302-0800	91.58
FR	20260302-0300	36.53
FR	20260302-0200	36.53
FR	20260302-1400	33.39
FR	20260302-1900	102.13
FR	20260302-2300	59.68
FR	20260302-2000	80.13
FR	20260302-0900	59.35
FR	20260302-0500	46.72
FR	20260302-1000	41.24
FR	20260302-1300	26.87
FR	20260302-2100	80.13
FR	20260302-1200	26.75
FR	20260302-0000	36.53
FR	20260302-0400	37.41
FR	20260302-0100	36.53
FR	20260302-0700	92.76
FR	20260302-2200	80.13
FR	20260302-1100	26.78
FR	20260302-1700	89.58
FR	20260302-0600	80.13
FR	20260302-1600	55.35
FR	20260302-1500	45.07
FR	20260302-0800	82.28
FI	20260302-0300	44.35
FI	20260302-0200	16
FI	20260302-1400	91.58
FI	20260302-1900	102.13
FI	20260302-2300	75.34
FI	20260302-2000	92.22
FI	20260302-0900	88.57
FI	20260302-0500	64.43
FI	20260302-1000	80.13
FI	20260302-1300	84.35
FI	20260302-2100	80.13
FI	20260302-1200	80.13
FI	20260302-0000	39.66
FI	20260302-0400	57
FI	20260302-0100	16
FI	20260302-0700	93.33
FI	20260302-2200	75.34
FI	20260302-1100	80.13
FI	20260302-1700	116.08
FI	20260302-0600	84.18
FI	20260302-1600	103.11
FI	20260302-1500	102.13
FI	20260302-0800	91.58
PL	20260302-0300	91.58
PL	20260302-0200	91.58
PL	20260302-1400	91.58
PL	20260302-1900	102.13
PL	20260302-2300	91.58
PL	20260302-2000	102.13
PL	20260302-0900	88.57
PL	20260302-0500	102.13
PL	20260302-1000	80.13
PL	20260302-1300	91.58
PL	20260302-2100	102.13
PL	20260302-1200	85.77
PL	20260302-0000	91.58
PL	20260302-0400	91.58
PL	20260302-0100	91.58
PL	20260302-0700	93.33
PL	20260302-2200	96.25
PL	20260302-1100	80.13
PL	20260302-1700	103.11
PL	20260302-0600	102.13
PL	20260302-1600	102.13
PL	20260302-1500	102.13
PL	20260302-0800	91.58
IT-Calabria	20260302-0300	96.16
IT-Calabria	20260302-0200	96.16
IT-Calabria	20260302-1400	96.16
IT-Calabria	20260302-1900	96.16
IT-Calabria	20260302-2300	96.16
IT-Calabria	20260302-2000	96.16
IT-Calabria	20260302-0900	96.16
IT-Calabria	20260302-0500	96.16
IT-Calabria	20260302-1000	96.16
IT-Calabria	20260302-1300	96.16
IT-Calabria	20260302-2100	96.16
IT-Calabria	20260302-1200	96.16
IT-Calabria	20260302-0000	96.16
IT-Calabria	20260302-0400	96.16
IT-Calabria	20260302-0100	96.16
IT-Calabria	20260302-0700	96.16
IT-Calabria	20260302-2200	96.16
IT-Calabria	20260302-1100	96.16
IT-Calabria	20260302-1700	96.16
IT-Calabria	20260302-0600	96.16
IT-Calabria	20260302-1600	96.16
IT-Calabria	20260302-1500	96.16
IT-Calabria	20260302-0800	96.16
AT	20260302-0300	84.35
AT	20260302-0200	80.13
AT	20260302-1400	84.35
AT	20260302-1900	102.13
AT	20260302-2300	65.59
AT	20260302-2000	84.35
AT	20260302-0900	84.35
AT	20260302-0500	96.16
AT	20260302-1000	84.35
AT	20260302-1300	82.45
AT	20260302-2100	84.35
AT	20260302-1200	81.15
AT	20260302-0000	82.45
AT	20260302-0400	84.35
AT	20260302-0100	80.13
AT	20260302-0700	84.35
AT	20260302-2200	84.35
AT	20260302-1100	81.48
AT	20260302-1700	151.83
AT	20260302-0600	102.13
AT	20260302-1600	151.83
AT	20260302-1500	85.71
AT	20260302-0800	84.35
SE2	20260302-0300	50.1
SE2	20260302-0200	44.71
SE2	20260302-1400	51.8
SE2	20260302-1900	1
SE2	20260302-2300	1
SE2	20260302-2000	1
SE2	20260302-0900	69.1
SE2	20260302-0500	62.35
SE2	20260302-1000	67.1
SE2	20260302-1300	59.16
SE2	20260302-2100	1
SE2	20260302-1200	63.5
SE2	20260302-0000	38.3
SE2	20260302-0400	56.01
SE2	20260302-0100	40.79
SE2	20260302-0700	69.77
SE2	20260302-2200	1
SE2	20260302-1100	65.41
SE2	20260302-1700	1
SE2	20260302-0600	67.3
SE2	20260302-1600	38.3
SE2	20260302-1500	39.95
SE2	20260302-0800	70.21
IT-NORTH	20260302-0300	96.16
IT-NORTH	20260302-0200	96.16
IT-NORTH	20260302-1400	123.73
IT-NORTH	20260302-1900	102.13
IT-NORTH	20260302-2300	96.16
IT-NORTH	20260302-2000	96.76
IT-NORTH	20260302-0900	241.98
IT-NORTH	20260302-0500	96.16
IT-NORTH	20260302-1000	166.45
IT-NORTH	20260302-1300	96.16
IT-NORTH	20260302-2100	96.16
IT-NORTH	20260302-1200	96.16
IT-NORTH	20260302-0000	96.16
IT-NORTH	20260302-0400	96.16
IT-NORTH	20260302-0100	96.16
IT-NORTH	20260302-0700	321.08
IT-NORTH	20260302-2200	96.16
IT-NORTH	20260302-1100	96.16
IT-NORTH	20260302-1700	161.85
IT-NORTH	20260302-0600	102.13
IT-NORTH	20260302-1600	151.83
IT-NORTH	20260302-1500	170.66
IT-NORTH	20260302-0800	306.26
LT	20260302-0300	51.39
LT	20260302-0200	50.47
LT	20260302-1400	91.58
LT	20260302-1900	102.13
LT	20260302-2300	77.44
LT	20260302-2000	92.22
LT	20260302-0900	88.57
LT	20260302-0500	76.82
LT	20260302-1000	80.13
LT	20260302-1300	84.35
LT	20260302-2100	80.13
LT	20260302-1200	80.13
LT	20260302-0000	50.78
LT	20260302-0400	67.95
LT	20260302-0100	50.47
LT	20260302-0700	93.33
LT	20260302-2200	80.13
LT	20260302-1100	80.13
LT	20260302-1700	116.08
LT	20260302-0600	84.35
LT	20260302-1600	103.11
LT	20260302-1500	102.13
LT	20260302-0800	91.58
PT	20260302-0300	36.53
PT	20260302-0200	36.53
PT	20260302-1400	44.35
PT	20260302-1900	102.13
PT	20260302-2300	59.68
PT	20260302-2000	80.13
PT	20260302-0900	12.59
PT	20260302-0500	46.72
PT	20260302-1000	4.22
PT	20260302-1300	44.35
PT	20260302-2100	80.13
PT	20260302-1200	4.88
PT	20260302-0000	36.53
PT	20260302-0400	37.41
PT	20260302-0100	36.53
PT	20260302-0700	89.15
PT	20260302-2200	80.13
PT	20260302-1100	4.89
PT	20260302-1700	89.58
PT	20260302-0600	80.13
PT	20260302-1600	55.35
PT	20260302-1500	9.5
PT	20260302-0800	80.13
NO2	20260302-0300	84.35
NO2	20260302-0200	84.35
NO2	20260302-1400	84.35
NO2	20260302-1900	98.97
NO2	20260302-2300	84.35
NO2	20260302-2000	91.58
NO2	20260302-0900	86.04
NO2	20260302-0500	84.35
NO2	20260302-1000	84.35
NO2	20260302-1300	84.35
NO2	20260302-2100	84.35
NO2	20260302-1200	84.35
NO2	20260302-0000	84.35
NO2	20260302-0400	84.35
NO2	20260302-0100	84.35
NO2	20260302-0700	98.23
NO2	20260302-2200	84.35
NO2	20260302-1100	84.35
NO2	20260302-1700	144.24
NO2	20260302-0600	84.35
NO2	20260302-1600	133.77
NO2	20260302-1500	90.5
NO2	20260302-0800	91.58
LV	20260302-0300	51.39
LV	20260302-0200	50.47
LV	20260302-1400	91.58
LV	20260302-1900	102.13
LV	20260302-2300	77.44
LV	20260302-2000	92.22
LV	20260302-0900	88.57
LV	20260302-0500	76.82
LV	20260302-1000	80.13
LV	20260302-1300	84.35
LV	20260302-2100	80.13
LV	20260302-1200	80.13
LV	20260302-0000	50.78
LV	20260302-0400	67.95
LV	20260302-0100	50.47
LV	20260302-0700	93.33
LV	20260302-2200	80.13
LV	20260302-1100	80.13
LV	20260302-1700	116.08
LV	20260302-0600	84.35
LV	20260302-1600	103.11
LV	20260302-1500	102.13
LV	20260302-0800	91.58
NL	20260302-0300	80.13
NL	20260302-0200	80.13
NL	20260302-1400	88.6
NL	20260302-1900	98.97
NL	20260302-2300	89.59
NL	20260302-2000	91.58
NL	20260302-0900	80.13
NL	20260302-0500	80.13
NL	20260302-1000	80.13
NL	20260302-1300	80.13
NL	20260302-2100	90.7
NL	20260302-1200	80.13
NL	20260302-0000	80.13
NL	20260302-0400	80.13
NL	20260302-0100	80.13
NL	20260302-0700	98.23
NL	20260302-2200	89.64
NL	20260302-1100	80.13
NL	20260302-1700	103.11
NL	20260302-0600	91.58
NL	20260302-1600	91.58
NL	20260302-1500	90.5
NL	20260302-0800	91.58
NO5	20260302-0300	76.41
NO5	20260302-0200	76.41
NO5	20260302-1400	84.35
NO5	20260302-1900	84.35
NO5	20260302-2300	84.35
NO5	20260302-2000	84.35
NO5	20260302-0900	80.43
NO5	20260302-0500	84.05
NO5	20260302-1000	76.41
NO5	20260302-1300	76.41
NO5	20260302-2100	84.35
NO5	20260302-1200	74.96
NO5	20260302-0000	76.41
NO5	20260302-0400	81.87
NO5	20260302-0100	76.41
NO5	20260302-0700	84.35
NO5	20260302-2200	84.35
NO5	20260302-1100	75.33
NO5	20260302-1700	84.35
NO5	20260302-0600	84.35
NO5	20260302-1600	84.35
NO5	20260302-1500	84.35
NO5	20260302-0800	84.35
BE	20260302-0300	72.12
BE	20260302-0200	76.7
BE	20260302-1400	80.13
BE	20260302-1900	84.35
BE	20260302-2300	81.53
BE	20260302-2000	84.35
BE	20260302-0900	75.91
BE	20260302-0500	80.13
BE	20260302-1000	72.12
BE	20260302-1300	72.12
BE	20260302-2100	82.45
BE	20260302-1200	63
BE	20260302-0000	80.13
BE	20260302-0400	80.13
BE	20260302-0100	76.58
BE	20260302-0700	84.35
BE	20260302-2200	81.55
BE	20260302-1100	63
BE	20260302-1700	132.48
BE	20260302-0600	84.35
BE	20260302-1600	95.2
BE	20260302-1500	84.35
BE	20260302-0800	82.42
RO	20260302-0300	94.65
RO	20260302-0200	80.13
RO	20260302-1400	102.13
RO	20260302-1900	144.88
RO	20260302-2300	102.13
RO	20260302-2000	134.77
RO	20260302-0900	80.13
RO	20260302-0500	114.5
RO	20260302-1000	71.7
RO	20260302-1300	80.13
RO	20260302-2100	111.98
RO	20260302-1200	76.81
RO	20260302-0000	89.38
RO	20260302-0400	102.13
RO	20260302-0100	82.17
RO	20260302-0700	109.34
RO	20260302-2200	102.13
RO	20260302-1100	71.81
RO	20260302-1700	167.96
RO	20260302-0600	127.15
RO	20260302-1600	151.83
RO	20260302-1500	125.32
RO	20260302-0800	101.1
DK2	20260302-0300	84.35
DK2	20260302-0200	80.13
DK2	20260302-1400	91.58
DK2	20260302-1900	102.13
DK2	20260302-2300	91.58
DK2	20260302-2000	92.22
DK2	20260302-0900	88.57
DK2	20260302-0500	96.16
DK2	20260302-1000	80.13
DK2	20260302-1300	84.35
DK2	20260302-2100	80.13
DK2	20260302-1200	80.13
DK2	20260302-0000	80.13
DK2	20260302-0400	91.58
DK2	20260302-0100	80.13
DK2	20260302-0700	101.08
DK2	20260302-2200	80.13
DK2	20260302-1100	80.13
DK2	20260302-1700	116.08
DK2	20260302-0600	102.13
DK2	20260302-1600	151.83
DK2	20260302-1500	102.13
DK2	20260302-0800	91.58
BG	20260302-0300	94.65
BG	20260302-0200	80.13
BG	20260302-1400	102.13
BG	20260302-1900	144.88
BG	20260302-2300	102.13
BG	20260302-2000	134.77
BG	20260302-0900	80.13
BG	20260302-0500	114.5
BG	20260302-1000	71.7
BG	20260302-1300	80.13
BG	20260302-2100	111.98
BG	20260302-1200	76.81
BG	20260302-0000	89.38
BG	20260302-0400	102.13
BG	20260302-0100	82.17
BG	20260302-0700	109.34
BG	20260302-2200	102.13
BG	20260302-1100	71.81
BG	20260302-1700	167.96
BG	20260302-0600	127.15
BG	20260302-1600	151.83
BG	20260302-1500	125.32
BG	20260302-0800	101.1
IT-CSOUTH	20260302-0300	96.16
IT-CSOUTH	20260302-0200	96.16
IT-CSOUTH	20260302-1400	96.16
IT-CSOUTH	20260302-1900	96.16
IT-CSOUTH	20260302-2300	96.16
IT-CSOUTH	20260302-2000	96.16
IT-CSOUTH	20260302-0900	96.16
IT-CSOUTH	20260302-0500	96.16
IT-CSOUTH	20260302-1000	96.16
IT-CSOUTH	20260302-1300	96.16
IT-CSOUTH	20260302-2100	96.16
IT-CSOUTH	20260302-1200	96.16
IT-CSOUTH	20260302-0000	96.16
IT-CSOUTH	20260302-0400	96.16
IT-CSOUTH	20260302-0100	96.16
IT-CSOUTH	20260302-0700	96.16
IT-CSOUTH	20260302-2200	96.16
IT-CSOUTH	20260302-1100	96.16
IT-CSOUTH	20260302-1700	96.16
IT-CSOUTH	20260302-0600	96.16
IT-CSOUTH	20260302-1600	96.16
IT-CSOUTH	20260302-1500	96.16
IT-CSOUTH	20260302-0800	96.16
CZ	20260302-0300	84.35
CZ	20260302-0200	80.13
CZ	20260302-1400	91.58
CZ	20260302-1900	102.13
CZ	20260302-2300	91.58
CZ	20260302-2000	102.13
CZ	20260302-0900	88.57
CZ	20260302-0500	102.13
CZ	20260302-1000	91.58
CZ	20260302-1300	88.62
CZ	20260302-2100	102.13
CZ	20260302-1200	85.77
CZ	20260302-0000	80.13
CZ	20260302-0400	91.58
CZ	20260302-0100	80.13
CZ	20260302-0700	102.13
CZ	20260302-2200	92.34
CZ	20260302-1100	86.74
CZ	20260302-1700	102.13
CZ	20260302-0600	102.13
CZ	20260302-1600	102.13
CZ	20260302-1500	102.13
CZ	20260302-0800	102.13
NO3	20260302-0300	72.12
NO3	20260302-0200	72.12
NO3	20260302-1400	81.08
NO3	20260302-1900	84.35
NO3	20260302-2300	81.53
NO3	20260302-2000	84.35
NO3	20260302-0900	75.91
NO3	20260302-0500	79.33
NO3	20260302-1000	72.12
NO3	20260302-1300	72.12
NO3	20260302-2100	82.45
NO3	20260302-1200	70.75
NO3	20260302-0000	72.12
NO3	20260302-0400	77.27
NO3	20260302-0100	72.12
NO3	20260302-0700	84.35
NO3	20260302-2200	81.55
NO3	20260302-1100	71.1
NO3	20260302-1700	84.35
NO3	20260302-0600	84.35
NO3	20260302-1600	84.35
NO3	20260302-1500	84.35
NO3	20260302-0800	82.42
NO1	20260302-0300	72.12
NO1	20260302-0200	72.12
NO1	20260302-1400	81.08
NO1	20260302-1900	84.35
NO1	20260302-2300	81.53
NO1	20260302-2000	84.35
NO1	20260302-0900	75.91
NO1	20260302-0500	79.33
NO1	20260302-1000	72.12
NO1	20260302-1300	72.12
NO1	20260302-2100	82.45
NO1	20260302-1200	70.75
NO1	20260302-0000	72.12
NO1	20260302-0400	77.27
NO1	20260302-0100	72.12
NO1	20260302-0700	96.33
NO1	20260302-2200	81.55
NO1	20260302-1100	71.1
NO1	20260302-1700	84.35
NO1	20260302-0600	96.85
NO1	20260302-1600	84.35
NO1	20260302-1500	84.35
NO1	20260302-0800	82.42
DE_LU	20260302-0300	84.35
DE_LU	20260302-0200	80.13
DE_LU	20260302-1400	91.58
DE_LU	20260302-1900	102.13
DE_LU	20260302-2300	91.58
DE_LU	20260302-2000	96.76
DE_LU	20260302-0900	88.57
DE_LU	20260302-0500	96.16
DE_LU	20260302-1000	80.13
DE_LU	20260302-1300	82.45
DE_LU	20260302-2100	92.53
DE_LU	20260302-1200	80.13
DE_LU	20260302-0000	80.13
DE_LU	20260302-0400	91.58
DE_LU	20260302-0100	80.13
DE_LU	20260302-0700	101.08
DE_LU	20260302-2200	91.58
DE_LU	20260302-1100	80.13
DE_LU	20260302-1700	161.85
DE_LU	20260302-0600	102.13
DE_LU	20260302-1600	151.83
DE_LU	20260302-1500	102.13
DE_LU	20260302-0800	91.58
SK	20260302-0300	72.12
SK	20260302-0200	72.12
SK	20260302-1400	81.08
SK	20260302-1900	84.35
SK	20260302-2300	81.53
SK	20260302-2000	84.35
SK	20260302-0900	75.91
SK	20260302-0500	80.13
SK	20260302-1000	72.12
SK	20260302-1300	72.12
SK	20260302-2100	82.45
SK	20260302-1200	70.75
SK	20260302-0000	72.12
SK	20260302-0400	77.27
SK	20260302-0100	72.12
SK	20260302-0700	84.35
SK	20260302-2200	81.55
SK	20260302-1100	71.1
SK	20260302-1700	103.11
SK	20260302-0600	84.35
SK	20260302-1600	103.11
SK	20260302-1500	84.35
SK	20260302-0800	82.42
EE	20260302-0300	51.39
EE	20260302-0200	50.47
EE	20260302-1400	91.58
EE	20260302-1900	102.13
EE	20260302-2300	77.44
EE	20260302-2000	92.22
EE	20260302-0900	88.57
EE	20260302-0500	76.82
EE	20260302-1000	80.13
EE	20260302-1300	84.35
EE	20260302-2100	80.13
EE	20260302-1200	80.13
EE	20260302-0000	50.78
EE	20260302-0400	67.95
EE	20260302-0100	50.47
EE	20260302-0700	93.33
EE	20260302-2200	80.13
EE	20260302-1100	80.13
EE	20260302-1700	116.08
EE	20260302-0600	84.35
EE	20260302-1600	103.11
EE	20260302-1500	102.13
EE	20260302-0800	91.58
SE4	20260302-0300	51.39
SE4	20260302-0200	50.47
SE4	20260302-1400	91.58
SE4	20260302-1900	102.13
SE4	20260302-2300	77.44
SE4	20260302-2000	92.22
SE4	20260302-0900	88.57
SE4	20260302-0500	76.82
SE4	20260302-1000	80.13
SE4	20260302-1300	84.35
SE4	20260302-2100	80.13
SE4	20260302-1200	80.13
SE4	20260302-0000	50.78
SE4	20260302-0400	67.95
SE4	20260302-0100	50.47
SE4	20260302-0700	101.08
SE4	20260302-2200	80.13
SE4	20260302-1100	80.13
SE4	20260302-1700	116.08
SE4	20260302-0600	84.35
SE4	20260302-1600	103.11
SE4	20260302-1500	102.13
SE4	20260302-0800	91.58
SI	20260303-1800	170.17
SI	20260303-2100	75.34
SI	20260303-0000	13.52
SI	20260303-0200	13.26
SI	20260303-0700	67.72
SI	20260303-2000	99.23
SI	20260303-1900	107.22
SI	20260303-1300	9.5
SI	20260303-2300	98.7
SI	20260303-1400	16.33
SI	20260303-0900	5.39
SI	20260303-1700	193
SI	20260303-0600	101.86
SI	20260303-1500	67.72
SI	20260303-0400	85.56
SI	20260303-2200	50.44
SI	20260303-0500	122.24
SI	20260303-1200	5.39
SI	20260303-1600	103.17
SI	20260303-0300	47.39
SI	20260303-0800	10.5
SI	20260303-0100	11.16
SI	20260303-1100	5.36
SI	20260303-1000	5.36
ES	20260303-1800	180.74
ES	20260303-2100	101.86
ES	20260303-0000	67.22
ES	20260303-0200	51.92
ES	20260303-0700	174.83
ES	20260303-2000	101.86
ES	20260303-1900	151.25
ES	20260303-1300	5.36
ES	20260303-2300	101.86
ES	20260303-1400	5.36
ES	20260303-0900	67.22
ES	20260303-1700	131.59
ES	20260303-0600	175.11
ES	20260303-1500	9.5
ES	20260303-0400	66.4
ES	20260303-2200	101.86
ES	20260303-0500	101.86
ES	20260303-1200	5.36
ES	20260303-1600	67.22
ES	20260303-0300	51.95
ES	20260303-0800	101.86
ES	20260303-0100	65.53
ES	20260303-1100	5.36
ES	20260303-1000	10.52
GR	20260303-1800	186.97
GR	20260303-2100	122.24
GR	20260303-0000	102.33
GR	20260303-0200	101.86
GR	20260303-0700	101.86
GR	20260303-2000	156.52
GR	20260303-1900	180.76
GR	20260303-1300	67.72
GR	20260303-2300	101.86
GR	20260303-1400	101.86
GR	20260303-0900	67.22
GR	20260303-1700	187.64
GR	20260303-0600	122.24
GR	20260303-1500	122.24
GR	20260303-0400	102.33
GR	20260303-2200	117.35
GR	20260303-0500	122.24
GR	20260303-1200	9.5
GR	20260303-1600	179.66
GR	20260303-0300	102.33
GR	20260303-0800	101.86
GR	20260303-0100	102.33
GR	20260303-1100	5.36
GR	20260303-1000	5.36
IT-CNORTH	20260303-1800	395.99
IT-CNORTH	20260303-2100	122.24
IT-CNORTH	20260303-0000	122.24
IT-CNORTH	20260303-0200	122.24
IT-CNORTH	20260303-0700	398.98
IT-CNORTH	20260303-2000	123.8
IT-CNORTH	20260303-1900	229.23
IT-CNORTH	20260303-1300	177.45
IT-CNORTH	20260303-2300	122.24
IT-CNORTH	20260303-1400	204.19
IT-CNORTH	20260303-0900	248.64
IT-CNORTH	20260303-1700	378.36
IT-CNORTH	20260303-0600	294.6
IT-CNORTH	20260303-1500	251.61
IT-CNORTH	20260303-0400	122.24
IT-CNORTH	20260303-2200	122.24
IT-CNORTH	20260303-0500	122.24
IT-CNORTH	20260303-1200	160.52
IT-CNORTH	20260303-1600	331.19
IT-CNORTH	20260303-0300	122.24
IT-CNORTH	20260303-0800	321.96
IT-CNORTH	20260303-0100	122.24
IT-CNORTH	20260303-1100	160.38
IT-CNORTH	20260303-1000	211.15
HU	20260303-1800	170.17
HU	20260303-2100	75.34
HU	20260303-0000	13.52
HU	20260303-0200	13.26
HU	20260303-0700	67.72
HU	20260303-2000	101.86
HU	20260303-1900	107.22
HU	20260303-1300	9.5
HU	20260303-2300	101.86
HU	20260303-1400	16.33
HU	20260303-0900	5.39
HU	20260303-1700	193
HU	20260303-0600	101.86
HU	20260303-1500	101.86
HU	20260303-0400	85.56
HU	20260303-2200	50.44
HU	20260303-0500	122.24
HU	20260303-1200	5.39
HU	20260303-1600	103.17
HU	20260303-0300	47.39
HU	20260303-0800	10.5
HU	20260303-0100	11.16
HU	20260303-1100	5.36
HU	20260303-1000	5.36
IT-SOUTH	20260303-1800	122.24
IT-SOUTH	20260303-2100	122.24
IT-SOUTH	20260303-0000	122.24
IT-SOUTH	20260303-0200	122.24
IT-SOUTH	20260303-0700	122.24
IT-SOUTH	20260303-2000	122.24
IT-SOUTH	20260303-1900	122.24
IT-SOUTH	20260303-1300	122.24
IT-SOUTH	20260303-2300	122.24
IT-SOUTH	20260303-1400	122.24
IT-SOUTH	20260303-0900	122.24
IT-SOUTH	20260303-1700	122.24
IT-SOUTH	20260303-0600	122.24
IT-SOUTH	20260303-1500	122.24
IT-SOUTH	20260303-0400	122.24
IT-SOUTH	20260303-2200	122.24
IT-SOUTH	20260303-0500	122.24
IT-SOUTH	20260303-1200	122.24
IT-SOUTH	20260303-1600	122.24
IT-SOUTH	20260303-0300	122.24
IT-SOUTH	20260303-0800	122.24
IT-SOUTH	20260303-0100	122.24
IT-SOUTH	20260303-1100	122.24
IT-SOUTH	20260303-1000	122.24
IT-Sicily	20260303-1800	122.24
IT-Sicily	20260303-2100	122.24
IT-Sicily	20260303-0000	122.24
IT-Sicily	20260303-0200	122.24
IT-Sicily	20260303-0700	122.24
IT-Sicily	20260303-2000	122.24
IT-Sicily	20260303-1900	122.24
IT-Sicily	20260303-1300	122.24
IT-Sicily	20260303-2300	122.24
IT-Sicily	20260303-1400	122.24
IT-Sicily	20260303-0900	122.24
IT-Sicily	20260303-1700	122.24
IT-Sicily	20260303-0600	122.24
IT-Sicily	20260303-1500	122.24
IT-Sicily	20260303-0400	122.24
IT-Sicily	20260303-2200	122.24
IT-Sicily	20260303-0500	122.24
IT-Sicily	20260303-1200	122.24
IT-Sicily	20260303-1600	122.24
IT-Sicily	20260303-0300	122.24
IT-Sicily	20260303-0800	122.24
IT-Sicily	20260303-0100	122.24
IT-Sicily	20260303-1100	122.24
IT-Sicily	20260303-1000	122.24
IT-Sardinia	20260303-1800	122.24
IT-Sardinia	20260303-2100	122.24
IT-Sardinia	20260303-0000	122.24
IT-Sardinia	20260303-0200	122.24
IT-Sardinia	20260303-0700	122.24
IT-Sardinia	20260303-2000	122.24
IT-Sardinia	20260303-1900	122.24
IT-Sardinia	20260303-1300	85.5
IT-Sardinia	20260303-2300	122.24
IT-Sardinia	20260303-1400	110.08
IT-Sardinia	20260303-0900	113.77
IT-Sardinia	20260303-1700	122.24
IT-Sardinia	20260303-0600	122.24
IT-Sardinia	20260303-1500	122.24
IT-Sardinia	20260303-0400	122.24
IT-Sardinia	20260303-2200	122.24
IT-Sardinia	20260303-0500	122.24
IT-Sardinia	20260303-1200	91.14
IT-Sardinia	20260303-1600	122.24
IT-Sardinia	20260303-0300	122.24
IT-Sardinia	20260303-0800	122.24
IT-Sardinia	20260303-0100	122.24
IT-Sardinia	20260303-1100	85.5
IT-Sardinia	20260303-1000	103.13
RS	20260303-1800	186.97
RS	20260303-2100	122.24
RS	20260303-0000	102.33
RS	20260303-0200	101.86
RS	20260303-0700	119.27
RS	20260303-2000	156.52
RS	20260303-1900	180.76
RS	20260303-1300	67.72
RS	20260303-2300	101.86
RS	20260303-1400	101.86
RS	20260303-0900	67.22
RS	20260303-1700	187.64
RS	20260303-0600	153.47
RS	20260303-1500	122.24
RS	20260303-0400	102.33
RS	20260303-2200	117.35
RS	20260303-0500	122.24
RS	20260303-1200	9.5
RS	20260303-1600	180.74
RS	20260303-0300	102.33
RS	20260303-0800	101.86
RS	20260303-0100	102.33
RS	20260303-1100	10.5
RS	20260303-1000	10.5
DK1	20260303-1800	130.29
DK1	20260303-2100	107.22
DK1	20260303-0000	101.23
DK1	20260303-0200	101.86
DK1	20260303-0700	103.17
DK1	20260303-2000	121.48
DK1	20260303-1900	130.29
DK1	20260303-1300	91.73
DK1	20260303-2300	102.33
DK1	20260303-1400	101.86
DK1	20260303-0900	101.86
DK1	20260303-1700	130.29
DK1	20260303-0600	125.06
DK1	20260303-1500	101.9
DK1	20260303-0400	101.86
DK1	20260303-2200	102.33
DK1	20260303-0500	103.17
DK1	20260303-1200	91.73
DK1	20260303-1600	130.29
DK1	20260303-0300	101.86
DK1	20260303-0800	102.33
DK1	20260303-0100	101.7
DK1	20260303-1100	91.73
DK1	20260303-1000	91.73
CH	20260303-1800	107.22
CH	20260303-2100	94.47
CH	20260303-0000	79.91
CH	20260303-0200	82.28
CH	20260303-0700	107.22
CH	20260303-2000	101.66
CH	20260303-1900	107.22
CH	20260303-1300	97.93
CH	20260303-2300	102.33
CH	20260303-1400	107.22
CH	20260303-0900	107.22
CH	20260303-1700	107.22
CH	20260303-0600	107.22
CH	20260303-1500	107.22
CH	20260303-0400	83.38
CH	20260303-2200	86.97
CH	20260303-0500	94.84
CH	20260303-1200	91.95
CH	20260303-1600	107.22
CH	20260303-0300	82.28
CH	20260303-0800	107.22
CH	20260303-0100	79.91
CH	20260303-1100	91.82
CH	20260303-1000	107.22
SE1	20260303-1800	1
SE1	20260303-2100	1
SE1	20260303-0000	1
SE1	20260303-0200	1
SE1	20260303-0700	1
SE1	20260303-2000	1
SE1	20260303-1900	1
SE1	20260303-1300	88.39
SE1	20260303-2300	1
SE1	20260303-1400	86.22
SE1	20260303-0900	1
SE1	20260303-1700	64.34
SE1	20260303-0600	1
SE1	20260303-1500	1
SE1	20260303-0400	1
SE1	20260303-2200	1
SE1	20260303-0500	1
SE1	20260303-1200	1
SE1	20260303-1600	1
SE1	20260303-0300	1
SE1	20260303-0800	1
SE1	20260303-0100	1
SE1	20260303-1100	1
SE1	20260303-1000	1
NO4	20260303-1800	41.28
NO4	20260303-2100	36.09
NO4	20260303-0000	22.52
NO4	20260303-0200	23.61
NO4	20260303-0700	34.71
NO4	20260303-2000	39.49
NO4	20260303-1900	39.65
NO4	20260303-1300	35.9
NO4	20260303-2300	37.47
NO4	20260303-1400	36.32
NO4	20260303-0900	39.61
NO4	20260303-1700	41.24
NO4	20260303-0600	33.11
NO4	20260303-1500	39.15
NO4	20260303-0400	23.61
NO4	20260303-2200	39.25
NO4	20260303-0500	26.54
NO4	20260303-1200	36.22
NO4	20260303-1600	40.95
NO4	20260303-0300	24.02
NO4	20260303-0800	32.66
NO4	20260303-0100	22.82
NO4	20260303-1100	36.57
NO4	20260303-1000	38.4
SE3	20260303-1800	107.22
SE3	20260303-2100	92.1
SE3	20260303-0000	82.56
SE3	20260303-0200	91.67
SE3	20260303-0700	92.85
SE3	20260303-2000	107.22
SE3	20260303-1900	107.22
SE3	20260303-1300	82.56
SE3	20260303-2300	91.67
SE3	20260303-1400	91.67
SE3	20260303-0900	91.45
SE3	20260303-1700	107.22
SE3	20260303-0600	107.22
SE3	20260303-1500	91.67
SE3	20260303-0400	91.67
SE3	20260303-2200	92.1
SE3	20260303-0500	92.1
SE3	20260303-1200	82.56
SE3	20260303-1600	107.22
SE3	20260303-0300	91.67
SE3	20260303-0800	91.67
SE3	20260303-0100	82.56
SE3	20260303-1100	82.56
SE3	20260303-1000	82.56
FR	20260303-1800	181.34
FR	20260303-2100	101.86
FR	20260303-0000	67.22
FR	20260303-0200	51.92
FR	20260303-0700	224.66
FR	20260303-2000	101.86
FR	20260303-1900	151.25
FR	20260303-1300	45.82
FR	20260303-2300	101.86
FR	20260303-1400	52.42
FR	20260303-0900	90.34
FR	20260303-1700	163.96
FR	20260303-0600	184.65
FR	20260303-1500	64.73
FR	20260303-0400	66.4
FR	20260303-2200	101.86
FR	20260303-0500	101.86
FR	20260303-1200	41.81
FR	20260303-1600	101.86
FR	20260303-0300	51.95
FR	20260303-0800	146.77
FR	20260303-0100	65.53
FR	20260303-1100	41.78
FR	20260303-1000	55.1
FI	20260303-1800	5
FI	20260303-2100	5
FI	20260303-0000	57
FI	20260303-0200	11.53
FI	20260303-0700	5
FI	20260303-2000	5
FI	20260303-1900	5
FI	20260303-1300	3.75
FI	20260303-2300	5
FI	20260303-1400	3.97
FI	20260303-0900	4.83
FI	20260303-1700	5
FI	20260303-0600	5
FI	20260303-1500	4.8
FI	20260303-0400	9.5
FI	20260303-2200	4.83
FI	20260303-0500	5.36
FI	20260303-1200	3.75
FI	20260303-1600	5
FI	20260303-0300	9.5
FI	20260303-0800	5
FI	20260303-0100	30
FI	20260303-1100	3.75
FI	20260303-1000	3.97
PL	20260303-1800	102.33
PL	20260303-2100	91.73
PL	20260303-0000	101.23
PL	20260303-0200	91.73
PL	20260303-0700	91.73
PL	20260303-2000	91.73
PL	20260303-1900	101.86
PL	20260303-1300	91.73
PL	20260303-2300	91.73
PL	20260303-1400	91.73
PL	20260303-0900	67.72
PL	20260303-1700	102.33
PL	20260303-0600	102.33
PL	20260303-1500	102.33
PL	20260303-0400	101.86
PL	20260303-2200	91.73
PL	20260303-0500	102.33
PL	20260303-1200	67.72
PL	20260303-1600	102.33
PL	20260303-0300	101.84
PL	20260303-0800	91.73
PL	20260303-0100	91.73
PL	20260303-1100	67.22
PL	20260303-1000	67.72
IT-Calabria	20260303-1800	122.24
IT-Calabria	20260303-2100	122.24
IT-Calabria	20260303-0000	122.24
IT-Calabria	20260303-0200	122.24
IT-Calabria	20260303-0700	122.24
IT-Calabria	20260303-2000	122.24
IT-Calabria	20260303-1900	122.24
IT-Calabria	20260303-1300	122.24
IT-Calabria	20260303-2300	122.24
IT-Calabria	20260303-1400	122.24
IT-Calabria	20260303-0900	122.24
IT-Calabria	20260303-1700	122.24
IT-Calabria	20260303-0600	122.24
IT-Calabria	20260303-1500	122.24
IT-Calabria	20260303-0400	122.24
IT-Calabria	20260303-2200	122.24
IT-Calabria	20260303-0500	122.24
IT-Calabria	20260303-1200	122.24
IT-Calabria	20260303-1600	122.24
IT-Calabria	20260303-0300	122.24
IT-Calabria	20260303-0800	122.24
IT-Calabria	20260303-0100	122.24
IT-Calabria	20260303-1100	122.24
IT-Calabria	20260303-1000	122.24
AT	20260303-1800	107.22
AT	20260303-2100	107.22
AT	20260303-0000	107.22
AT	20260303-0200	107.22
AT	20260303-0700	107.22
AT	20260303-2000	107.22
AT	20260303-1900	107.22
AT	20260303-1300	107.22
AT	20260303-2300	107.22
AT	20260303-1400	107.22
AT	20260303-0900	107.22
AT	20260303-1700	168.88
AT	20260303-0600	107.22
AT	20260303-1500	107.22
AT	20260303-0400	107.22
AT	20260303-2200	107.22
AT	20260303-0500	107.22
AT	20260303-1200	107.22
AT	20260303-1600	107.22
AT	20260303-0300	107.22
AT	20260303-0800	107.22
AT	20260303-0100	107.22
AT	20260303-1100	107.22
AT	20260303-1000	107.22
SE2	20260303-1800	1
SE2	20260303-2100	1
SE2	20260303-0000	1
SE2	20260303-0200	1
SE2	20260303-0700	1
SE2	20260303-2000	1
SE2	20260303-1900	1
SE2	20260303-1300	1
SE2	20260303-2300	1
SE2	20260303-1400	1
SE2	20260303-0900	1
SE2	20260303-1700	1
SE2	20260303-0600	1
SE2	20260303-1500	1
SE2	20260303-0400	1
SE2	20260303-2200	1
SE2	20260303-0500	1
SE2	20260303-1200	1
SE2	20260303-1600	1
SE2	20260303-0300	1
SE2	20260303-0800	1
SE2	20260303-0100	1
SE2	20260303-1100	1
SE2	20260303-1000	1
IT-NORTH	20260303-1800	395.99
IT-NORTH	20260303-2100	122.24
IT-NORTH	20260303-0000	122.24
IT-NORTH	20260303-0200	122.24
IT-NORTH	20260303-0700	398.98
IT-NORTH	20260303-2000	123.8
IT-NORTH	20260303-1900	229.23
IT-NORTH	20260303-1300	177.45
IT-NORTH	20260303-2300	122.24
IT-NORTH	20260303-1400	204.19
IT-NORTH	20260303-0900	248.64
IT-NORTH	20260303-1700	378.36
IT-NORTH	20260303-0600	294.6
IT-NORTH	20260303-1500	251.61
IT-NORTH	20260303-0400	122.24
IT-NORTH	20260303-2200	122.24
IT-NORTH	20260303-0500	122.24
IT-NORTH	20260303-1200	160.52
IT-NORTH	20260303-1600	331.19
IT-NORTH	20260303-0300	122.24
IT-NORTH	20260303-0800	321.96
IT-NORTH	20260303-0100	122.24
IT-NORTH	20260303-1100	160.38
IT-NORTH	20260303-1000	211.15
LT	20260303-1800	101.86
LT	20260303-2100	62.32
LT	20260303-0000	86.94
LT	20260303-0200	101.86
LT	20260303-0700	101.86
LT	20260303-2000	73.76
LT	20260303-1900	83.82
LT	20260303-1300	87.87
LT	20260303-2300	62.05
LT	20260303-1400	86.69
LT	20260303-0900	101.86
LT	20260303-1700	102.33
LT	20260303-0600	105.61
LT	20260303-1500	101.86
LT	20260303-0400	101.86
LT	20260303-2200	62.06
LT	20260303-0500	102.33
LT	20260303-1200	91.68
LT	20260303-1600	107.22
LT	20260303-0300	101.84
LT	20260303-0800	102.33
LT	20260303-0100	87.83
LT	20260303-1100	91.73
LT	20260303-1000	91.73
PT	20260303-1800	172.4
PT	20260303-2100	101.86
PT	20260303-0000	67.22
PT	20260303-0200	51.92
PT	20260303-0700	116.75
PT	20260303-2000	101.86
PT	20260303-1900	151.25
PT	20260303-1300	5.36
PT	20260303-2300	101.86
PT	20260303-1400	5.36
PT	20260303-0900	67.22
PT	20260303-1700	131.59
PT	20260303-0600	101.86
PT	20260303-1500	9.5
PT	20260303-0400	66.4
PT	20260303-2200	101.86
PT	20260303-0500	94.98
PT	20260303-1200	5.36
PT	20260303-1600	67.22
PT	20260303-0300	51.95
PT	20260303-0800	101.86
PT	20260303-0100	65.53
PT	20260303-1100	5.36
PT	20260303-1000	10.52
NO2	20260303-1800	107.22
NO2	20260303-2100	107.22
NO2	20260303-0000	107.22
NO2	20260303-0200	107.22
NO2	20260303-0700	107.22
NO2	20260303-2000	107.22
NO2	20260303-1900	107.22
NO2	20260303-1300	107.22
NO2	20260303-2300	107.22
NO2	20260303-1400	107.22
NO2	20260303-0900	107.22
NO2	20260303-1700	107.22
NO2	20260303-0600	107.22
NO2	20260303-1500	107.22
NO2	20260303-0400	107.22
NO2	20260303-2200	107.22
NO2	20260303-0500	107.22
NO2	20260303-1200	107.22
NO2	20260303-1600	107.22
NO2	20260303-0300	107.22
NO2	20260303-0800	107.22
NO2	20260303-0100	107.22
NO2	20260303-1100	107.22
NO2	20260303-1000	107.22
LV	20260303-1800	101.86
LV	20260303-2100	62.32
LV	20260303-0000	86.94
LV	20260303-0200	101.86
LV	20260303-0700	101.86
LV	20260303-2000	73.76
LV	20260303-1900	83.82
LV	20260303-1300	87.87
LV	20260303-2300	62.05
LV	20260303-1400	86.69
LV	20260303-0900	101.86
LV	20260303-1700	102.33
LV	20260303-0600	105.61
LV	20260303-1500	101.86
LV	20260303-0400	101.86
LV	20260303-2200	62.06
LV	20260303-0500	102.33
LV	20260303-1200	91.68
LV	20260303-1600	107.22
LV	20260303-0300	101.84
LV	20260303-0800	102.33
LV	20260303-0100	87.83
LV	20260303-1100	91.73
LV	20260303-1000	91.73
NL	20260303-1800	103.17
NL	20260303-2100	101.86
NL	20260303-0000	101.86
NL	20260303-0200	101.86
NL	20260303-0700	103.17
NL	20260303-2000	103.17
NL	20260303-1900	103.17
NL	20260303-1300	101.86
NL	20260303-2300	101.86
NL	20260303-1400	101.86
NL	20260303-0900	101.86
NL	20260303-1700	103.17
NL	20260303-0600	103.17
NL	20260303-1500	101.9
NL	20260303-0400	101.86
NL	20260303-2200	101.86
NL	20260303-0500	103.17
NL	20260303-1200	101.39
NL	20260303-1600	103.17
NL	20260303-0300	101.86
NL	20260303-0800	102.33
NL	20260303-0100	101.86
NL	20260303-1100	101.86
NL	20260303-1000	101.86
NO5	20260303-1800	107.22
NO5	20260303-2100	97.35
NO5	20260303-0000	92.3
NO5	20260303-0200	97.13
NO5	20260303-0700	98.38
NO5	20260303-2000	106.48
NO5	20260303-1900	107.22
NO5	20260303-1300	92.07
NO5	20260303-2300	97.13
NO5	20260303-1400	97.13
NO5	20260303-0900	97.01
NO5	20260303-1700	107.22
NO5	20260303-0600	107.22
NO5	20260303-1500	97.35
NO5	20260303-0400	97.13
NO5	20260303-2200	97.35
NO5	20260303-0500	97.35
NO5	20260303-1200	92.07
NO5	20260303-1600	107.22
NO5	20260303-0300	97.13
NO5	20260303-0800	97.13
NO5	20260303-0100	92.3
NO5	20260303-1100	92.07
NO5	20260303-1000	92.3
BE	20260303-1800	193
BE	20260303-2100	102.1
BE	20260303-0000	101.86
BE	20260303-0200	101.86
BE	20260303-0700	174.25
BE	20260303-2000	111.67
BE	20260303-1900	120.69
BE	20260303-1300	86.9
BE	20260303-2300	101.86
BE	20260303-1400	101.86
BE	20260303-0900	101.86
BE	20260303-1700	193
BE	20260303-0600	174.62
BE	20260303-1500	101.86
BE	20260303-0400	101.86
BE	20260303-2200	102.1
BE	20260303-0500	102.1
BE	20260303-1200	86.9
BE	20260303-1600	133.49
BE	20260303-0300	101.86
BE	20260303-0800	101.86
BE	20260303-0100	98.06
BE	20260303-1100	86.9
BE	20260303-1000	96.04
RO	20260303-1800	186.97
RO	20260303-2100	122.24
RO	20260303-0000	102.33
RO	20260303-0200	101.86
RO	20260303-0700	119.27
RO	20260303-2000	156.52
RO	20260303-1900	180.76
RO	20260303-1300	67.72
RO	20260303-2300	101.86
RO	20260303-1400	101.86
RO	20260303-0900	67.22
RO	20260303-1700	187.64
RO	20260303-0600	153.47
RO	20260303-1500	122.24
RO	20260303-0400	102.33
RO	20260303-2200	117.35
RO	20260303-0500	122.24
RO	20260303-1200	9.5
RO	20260303-1600	184.65
RO	20260303-0300	102.33
RO	20260303-0800	101.86
RO	20260303-0100	102.33
RO	20260303-1100	10.5
RO	20260303-1000	10.5
DK2	20260303-1800	181.34
DK2	20260303-2100	107.22
DK2	20260303-0000	101.23
DK2	20260303-0200	101.86
DK2	20260303-0700	103.17
DK2	20260303-2000	121.48
DK2	20260303-1900	151.18
DK2	20260303-1300	91.73
DK2	20260303-2300	102.33
DK2	20260303-1400	101.86
DK2	20260303-0900	101.86
DK2	20260303-1700	186.41
DK2	20260303-0600	125.06
DK2	20260303-1500	102.33
DK2	20260303-0400	101.86
DK2	20260303-2200	102.33
DK2	20260303-0500	103.17
DK2	20260303-1200	91.73
DK2	20260303-1600	163.81
DK2	20260303-0300	101.86
DK2	20260303-0800	102.33
DK2	20260303-0100	101.7
DK2	20260303-1100	91.73
DK2	20260303-1000	91.73
BG	20260303-1800	186.97
BG	20260303-2100	122.24
BG	20260303-0000	102.33
BG	20260303-0200	101.86
BG	20260303-0700	119.27
BG	20260303-2000	156.52
BG	20260303-1900	180.76
BG	20260303-1300	67.72
BG	20260303-2300	101.86
BG	20260303-1400	101.86
BG	20260303-0900	67.22
BG	20260303-1700	187.64
BG	20260303-0600	153.47
BG	20260303-1500	122.24
BG	20260303-0400	102.33
BG	20260303-2200	117.35
BG	20260303-0500	122.24
BG	20260303-1200	9.5
BG	20260303-1600	184.65
BG	20260303-0300	102.33
BG	20260303-0800	101.86
BG	20260303-0100	102.33
BG	20260303-1100	10.5
BG	20260303-1000	10.5
IT-CSOUTH	20260303-1800	122.24
IT-CSOUTH	20260303-2100	122.24
IT-CSOUTH	20260303-0000	122.24
IT-CSOUTH	20260303-0200	122.24
IT-CSOUTH	20260303-0700	122.24
IT-CSOUTH	20260303-2000	122.24
IT-CSOUTH	20260303-1900	122.24
IT-CSOUTH	20260303-1300	122.24
IT-CSOUTH	20260303-2300	122.24
IT-CSOUTH	20260303-1400	122.24
IT-CSOUTH	20260303-0900	122.24
IT-CSOUTH	20260303-1700	122.24
IT-CSOUTH	20260303-0600	122.24
IT-CSOUTH	20260303-1500	122.24
IT-CSOUTH	20260303-0400	122.24
IT-CSOUTH	20260303-2200	122.24
IT-CSOUTH	20260303-0500	122.24
IT-CSOUTH	20260303-1200	122.24
IT-CSOUTH	20260303-1600	122.24
IT-CSOUTH	20260303-0300	122.24
IT-CSOUTH	20260303-0800	122.24
IT-CSOUTH	20260303-0100	122.24
IT-CSOUTH	20260303-1100	122.24
IT-CSOUTH	20260303-1000	122.24
CZ	20260303-1800	102.33
CZ	20260303-2100	101.86
CZ	20260303-0000	101.23
CZ	20260303-0200	91.73
CZ	20260303-0700	91.73
CZ	20260303-2000	102.33
CZ	20260303-1900	101.86
CZ	20260303-1300	91.73
CZ	20260303-2300	91.73
CZ	20260303-1400	101.86
CZ	20260303-0900	67.72
CZ	20260303-1700	102.33
CZ	20260303-0600	102.33
CZ	20260303-1500	102.33
CZ	20260303-0400	101.86
CZ	20260303-2200	101.86
CZ	20260303-0500	102.33
CZ	20260303-1200	67.72
CZ	20260303-1600	102.33
CZ	20260303-0300	101.84
CZ	20260303-0800	67.72
CZ	20260303-0100	91.73
CZ	20260303-1100	67.22
CZ	20260303-1000	67.72
NO3	20260303-1800	107.22
NO3	20260303-2100	91.89
NO3	20260303-0000	87.12
NO3	20260303-0200	91.67
NO3	20260303-0700	92.85
NO3	20260303-2000	100.5
NO3	20260303-1900	107.22
NO3	20260303-1300	86.9
NO3	20260303-2300	91.67
NO3	20260303-1400	91.67
NO3	20260303-0900	91.56
NO3	20260303-1700	107.22
NO3	20260303-0600	102.7
NO3	20260303-1500	91.89
NO3	20260303-0400	91.67
NO3	20260303-2200	91.89
NO3	20260303-0500	91.89
NO3	20260303-1200	86.9
NO3	20260303-1600	107.22
NO3	20260303-0300	91.67
NO3	20260303-0800	91.67
NO3	20260303-0100	87.12
NO3	20260303-1100	86.9
NO3	20260303-1000	87.12
NO1	20260303-1800	107.22
NO1	20260303-2100	91.89
NO1	20260303-0000	87.12
NO1	20260303-0200	91.67
NO1	20260303-0700	92.85
NO1	20260303-2000	100.5
NO1	20260303-1900	107.22
NO1	20260303-1300	86.9
NO1	20260303-2300	91.67
NO1	20260303-1400	91.67
NO1	20260303-0900	91.56
NO1	20260303-1700	107.22
NO1	20260303-0600	102.7
NO1	20260303-1500	91.89
NO1	20260303-0400	91.67
NO1	20260303-2200	91.89
NO1	20260303-0500	91.89
NO1	20260303-1200	86.9
NO1	20260303-1600	107.22
NO1	20260303-0300	91.67
NO1	20260303-0800	91.67
NO1	20260303-0100	87.12
NO1	20260303-1100	86.9
NO1	20260303-1000	87.12
DE_LU	20260303-1800	181.34
DE_LU	20260303-2100	107.22
DE_LU	20260303-0000	101.23
DE_LU	20260303-0200	101.86
DE_LU	20260303-0700	103.17
DE_LU	20260303-2000	121.48
DE_LU	20260303-1900	151.18
DE_LU	20260303-1300	91.73
DE_LU	20260303-2300	102.33
DE_LU	20260303-1400	101.86
DE_LU	20260303-0900	101.86
DE_LU	20260303-1700	186.41
DE_LU	20260303-0600	125.06
DE_LU	20260303-1500	102.33
DE_LU	20260303-0400	101.86
DE_LU	20260303-2200	102.33
DE_LU	20260303-0500	103.17
DE_LU	20260303-1200	91.73
DE_LU	20260303-1600	163.81
DE_LU	20260303-0300	101.86
DE_LU	20260303-0800	102.33
DE_LU	20260303-0100	101.7
DE_LU	20260303-1100	91.73
DE_LU	20260303-1000	91.73
SK	20260303-1800	107.22
SK	20260303-2100	91.89
SK	20260303-0000	87.12
SK	20260303-0200	91.67
SK	20260303-0700	92.85
SK	20260303-2000	100.5
SK	20260303-1900	107.22
SK	20260303-1300	86.9
SK	20260303-2300	91.67
SK	20260303-1400	91.67
SK	20260303-0900	91.56
SK	20260303-1700	107.22
SK	20260303-0600	102.7
SK	20260303-1500	91.89
SK	20260303-0400	91.67
SK	20260303-2200	91.89
SK	20260303-0500	101.86
SK	20260303-1200	86.9
SK	20260303-1600	107.22
SK	20260303-0300	91.67
SK	20260303-0800	91.67
SK	20260303-0100	87.12
SK	20260303-1100	86.9
SK	20260303-1000	87.12
EE	20260303-1800	75.34
EE	20260303-2100	39.66
EE	20260303-0000	86.94
EE	20260303-0200	101.86
EE	20260303-0700	101.86
EE	20260303-2000	73.76
EE	20260303-1900	75.34
EE	20260303-1300	87.87
EE	20260303-2300	62.05
EE	20260303-1400	85.55
EE	20260303-0900	101.86
EE	20260303-1700	75.34
EE	20260303-0600	105.61
EE	20260303-1500	84.01
EE	20260303-0400	101.86
EE	20260303-2200	39.66
EE	20260303-0500	102.33
EE	20260303-1200	91.68
EE	20260303-1600	75.34
EE	20260303-0300	101.84
EE	20260303-0800	102.33
EE	20260303-0100	87.83
EE	20260303-1100	91.73
EE	20260303-1000	91.73
SE4	20260303-1800	107.22
SE4	20260303-2100	62.32
SE4	20260303-0000	86.94
SE4	20260303-0200	101.86
SE4	20260303-0700	101.86
SE4	20260303-2000	73.76
SE4	20260303-1900	83.82
SE4	20260303-1300	87.87
SE4	20260303-2300	62.05
SE4	20260303-1400	86.69
SE4	20260303-0900	101.86
SE4	20260303-1700	107.22
SE4	20260303-0600	105.61
SE4	20260303-1500	91.95
SE4	20260303-0400	101.86
SE4	20260303-2200	62.06
SE4	20260303-0500	102.33
SE4	20260303-1200	91.68
SE4	20260303-1600	107.22
SE4	20260303-0300	101.84
SE4	20260303-0800	102.33
SE4	20260303-0100	87.83
SE4	20260303-1100	91.73
SE4	20260303-1000	91.73
SI	20260304-1600	168.02
SI	20260304-0800	59.46
SI	20260304-1700	193.14
SI	20260304-1100	6.31
SI	20260304-2200	86.2
SI	20260304-0400	119.89
SI	20260304-2300	118.03
SI	20260304-0100	106.45
SI	20260304-1400	71.75
SI	20260304-1500	106.16
SI	20260304-1200	6.31
SI	20260304-0600	119.89
SI	20260304-0900	9.5
SI	20260304-0500	143.87
SI	20260304-2000	126.2
SI	20260304-0200	111.47
SI	20260304-0000	118.03
SI	20260304-1800	179.02
SI	20260304-0700	106.16
SI	20260304-1300	16.2
SI	20260304-2100	118.03
SI	20260304-0300	119.89
SI	20260304-1000	6.31
SI	20260304-1900	143.87
ES	20260304-1600	86.2
ES	20260304-0800	119.89
ES	20260304-1700	148.81
ES	20260304-1100	16
ES	20260304-2200	119.89
ES	20260304-0400	79.26
ES	20260304-2300	119.89
ES	20260304-0100	86.2
ES	20260304-1400	51.04
ES	20260304-1500	52.4
ES	20260304-1200	49.46
ES	20260304-0600	180.99
ES	20260304-0900	59.31
ES	20260304-0500	112
ES	20260304-2000	214.22
ES	20260304-0200	74.32
ES	20260304-0000	86.2
ES	20260304-1800	179.02
ES	20260304-0700	151.93
ES	20260304-1300	50.18
ES	20260304-2100	119.89
ES	20260304-0300	74.12
ES	20260304-1000	57
ES	20260304-1900	220.85
GR	20260304-1600	143.87
GR	20260304-0800	59.46
GR	20260304-1700	219.35
GR	20260304-1100	6.31
GR	20260304-2200	119.89
GR	20260304-0400	119.89
GR	20260304-2300	119.89
GR	20260304-0100	106.45
GR	20260304-1400	106.16
GR	20260304-1500	119.89
GR	20260304-1200	6.31
GR	20260304-0600	119.89
GR	20260304-0900	6.31
GR	20260304-0500	143.87
GR	20260304-2000	143.87
GR	20260304-0200	111.47
GR	20260304-0000	119.89
GR	20260304-1800	218.82
GR	20260304-0700	106.16
GR	20260304-1300	16.2
GR	20260304-2100	119.89
GR	20260304-0300	119.89
GR	20260304-1000	6.31
GR	20260304-1900	205.23
IT-CNORTH	20260304-1600	168.02
IT-CNORTH	20260304-0800	194.38
IT-CNORTH	20260304-1700	193.14
IT-CNORTH	20260304-1100	143.87
IT-CNORTH	20260304-2200	143.87
IT-CNORTH	20260304-0400	143.87
IT-CNORTH	20260304-2300	143.87
IT-CNORTH	20260304-0100	143.87
IT-CNORTH	20260304-1400	143.87
IT-CNORTH	20260304-1500	143.87
IT-CNORTH	20260304-1200	143.87
IT-CNORTH	20260304-0600	180.99
IT-CNORTH	20260304-0900	143.87
IT-CNORTH	20260304-0500	143.87
IT-CNORTH	20260304-2000	143.87
IT-CNORTH	20260304-0200	143.87
IT-CNORTH	20260304-0000	143.87
IT-CNORTH	20260304-1800	179.02
IT-CNORTH	20260304-0700	151.93
IT-CNORTH	20260304-1300	143.87
IT-CNORTH	20260304-2100	143.87
IT-CNORTH	20260304-0300	143.87
IT-CNORTH	20260304-1000	143.87
IT-CNORTH	20260304-1900	143.87
HU	20260304-1600	214.04
HU	20260304-0800	59.46
HU	20260304-1700	220.85
HU	20260304-1100	6.31
HU	20260304-2200	119.89
HU	20260304-0400	119.89
HU	20260304-2300	119.89
HU	20260304-0100	106.45
HU	20260304-1400	106.16
HU	20260304-1500	119.89
HU	20260304-1200	6.31
HU	20260304-0600	119.89
HU	20260304-0900	9.5
HU	20260304-0500	143.87
HU	20260304-2000	143.87
HU	20260304-0200	111.47
HU	20260304-0000	119.89
HU	20260304-1800	218.82
HU	20260304-0700	106.16
HU	20260304-1300	16.2
HU	20260304-2100	119.89
HU	20260304-0300	119.89
HU	20260304-1000	6.31
HU	20260304-1900	205.23
IT-SOUTH	20260304-1600	143.87
IT-SOUTH	20260304-0800	143.87
IT-SOUTH	20260304-1700	143.87
IT-SOUTH	20260304-1100	143.87
IT-SOUTH	20260304-2200	143.87
IT-SOUTH	20260304-0400	143.87
IT-SOUTH	20260304-2300	143.87
IT-SOUTH	20260304-0100	143.87
IT-SOUTH	20260304-1400	143.87
IT-SOUTH	20260304-1500	143.87
IT-SOUTH	20260304-1200	143.87
IT-SOUTH	20260304-0600	143.87
IT-SOUTH	20260304-0900	143.87
IT-SOUTH	20260304-0500	143.87
IT-SOUTH	20260304-2000	143.87
IT-SOUTH	20260304-0200	143.87
IT-SOUTH	20260304-0000	143.87
IT-SOUTH	20260304-1800	143.87
IT-SOUTH	20260304-0700	143.87
IT-SOUTH	20260304-1300	143.87
IT-SOUTH	20260304-2100	143.87
IT-SOUTH	20260304-0300	143.87
IT-SOUTH	20260304-1000	143.87
IT-SOUTH	20260304-1900	143.87
IT-Sicily	20260304-1600	143.87
IT-Sicily	20260304-0800	143.87
IT-Sicily	20260304-1700	143.87
IT-Sicily	20260304-1100	143.87
IT-Sicily	20260304-2200	143.87
IT-Sicily	20260304-0400	143.87
IT-Sicily	20260304-2300	143.87
IT-Sicily	20260304-0100	143.87
IT-Sicily	20260304-1400	143.87
IT-Sicily	20260304-1500	143.87
IT-Sicily	20260304-1200	143.87
IT-Sicily	20260304-0600	143.87
IT-Sicily	20260304-0900	143.87
IT-Sicily	20260304-0500	143.87
IT-Sicily	20260304-2000	143.87
IT-Sicily	20260304-0200	143.87
IT-Sicily	20260304-0000	143.87
IT-Sicily	20260304-1800	143.87
IT-Sicily	20260304-0700	143.87
IT-Sicily	20260304-1300	143.87
IT-Sicily	20260304-2100	143.87
IT-Sicily	20260304-0300	143.87
IT-Sicily	20260304-1000	143.87
IT-Sicily	20260304-1900	143.87
IT-Sardinia	20260304-1600	143.87
IT-Sardinia	20260304-0800	132.41
IT-Sardinia	20260304-1700	143.87
IT-Sardinia	20260304-1100	113.38
IT-Sardinia	20260304-2200	143.87
IT-Sardinia	20260304-0400	143.87
IT-Sardinia	20260304-2300	143.87
IT-Sardinia	20260304-0100	143.87
IT-Sardinia	20260304-1400	112.58
IT-Sardinia	20260304-1500	125.15
IT-Sardinia	20260304-1200	113.38
IT-Sardinia	20260304-0600	143.87
IT-Sardinia	20260304-0900	124.78
IT-Sardinia	20260304-0500	143.87
IT-Sardinia	20260304-2000	143.87
IT-Sardinia	20260304-0200	143.4
IT-Sardinia	20260304-0000	143.87
IT-Sardinia	20260304-1800	143.87
IT-Sardinia	20260304-0700	125.15
IT-Sardinia	20260304-1300	107.27
IT-Sardinia	20260304-2100	143.87
IT-Sardinia	20260304-0300	143.87
IT-Sardinia	20260304-1000	109.76
IT-Sardinia	20260304-1900	143.87
RS	20260304-1600	214.04
RS	20260304-0800	59.46
RS	20260304-1700	220.85
RS	20260304-1100	6.31
RS	20260304-2200	119.89
RS	20260304-0400	119.89
RS	20260304-2300	119.89
RS	20260304-0100	106.45
RS	20260304-1400	106.16
RS	20260304-1500	119.89
RS	20260304-1200	6.31
RS	20260304-0600	119.89
RS	20260304-0900	9.5
RS	20260304-0500	143.87
RS	20260304-2000	143.87
RS	20260304-0200	111.47
RS	20260304-0000	119.89
RS	20260304-1800	218.82
RS	20260304-0700	106.16
RS	20260304-1300	16.2
RS	20260304-2100	119.89
RS	20260304-0300	119.89
RS	20260304-1000	6.31
RS	20260304-1900	205.23
DK1	20260304-1600	168.02
DK1	20260304-0800	119.89
DK1	20260304-1700	193.14
DK1	20260304-1100	94.49
DK1	20260304-2200	119.89
DK1	20260304-0400	119.89
DK1	20260304-2300	106.16
DK1	20260304-0100	108.88
DK1	20260304-1400	104.6
DK1	20260304-1500	119.89
DK1	20260304-1200	94.49
DK1	20260304-0600	161.04
DK1	20260304-0900	106.16
DK1	20260304-0500	139.09
DK1	20260304-2000	126.2
DK1	20260304-0200	119.89
DK1	20260304-0000	108.98
DK1	20260304-1800	179.02
DK1	20260304-0700	151.93
DK1	20260304-1300	94.49
DK1	20260304-2100	119.89
DK1	20260304-0300	119.89
DK1	20260304-1000	104.29
DK1	20260304-1900	143.87
CH	20260304-1600	168.02
CH	20260304-0800	126.2
CH	20260304-1700	193.14
CH	20260304-1100	94.49
CH	20260304-2200	119.89
CH	20260304-0400	119.89
CH	20260304-2300	110.07
CH	20260304-0100	108.88
CH	20260304-1400	104.6
CH	20260304-1500	119.89
CH	20260304-1200	94.49
CH	20260304-0600	180.99
CH	20260304-0900	106.16
CH	20260304-0500	139.09
CH	20260304-2000	126.2
CH	20260304-0200	119.89
CH	20260304-0000	108.98
CH	20260304-1800	179.02
CH	20260304-0700	151.93
CH	20260304-1300	94.49
CH	20260304-2100	126.2
CH	20260304-0300	119.89
CH	20260304-1000	126.2
CH	20260304-1900	143.87
SE1	20260304-1600	1
SE1	20260304-0800	1
SE1	20260304-1700	1
SE1	20260304-1100	1
SE1	20260304-2200	1
SE1	20260304-0400	1
SE1	20260304-2300	1
SE1	20260304-0100	1
SE1	20260304-1400	1
SE1	20260304-1500	1
SE1	20260304-1200	1
SE1	20260304-0600	1
SE1	20260304-0900	1
SE1	20260304-0500	1
SE1	20260304-2000	1
SE1	20260304-0200	1
SE1	20260304-0000	1
SE1	20260304-1800	1
SE1	20260304-0700	1
SE1	20260304-1300	1
SE1	20260304-2100	1
SE1	20260304-0300	1
SE1	20260304-1000	1
SE1	20260304-1900	1
NO4	20260304-1600	46.85
NO4	20260304-0800	47.94
NO4	20260304-1700	47.68
NO4	20260304-1100	46.66
NO4	20260304-2200	34.93
NO4	20260304-0400	41.78
NO4	20260304-2300	26.5
NO4	20260304-0100	41.15
NO4	20260304-1400	46.2
NO4	20260304-1500	47
NO4	20260304-1200	44.99
NO4	20260304-0600	47.63
NO4	20260304-0900	47.12
NO4	20260304-0500	44.59
NO4	20260304-2000	40.16
NO4	20260304-0200	39.27
NO4	20260304-0000	39.09
NO4	20260304-1800	44.24
NO4	20260304-0700	48.59
NO4	20260304-1300	44.75
NO4	20260304-2100	38.62
NO4	20260304-0300	39.63
NO4	20260304-1000	46.62
NO4	20260304-1900	39.96
SE3	20260304-1600	126.2
SE3	20260304-0800	107.9
SE3	20260304-1700	126.2
SE3	20260304-1100	85.04
SE3	20260304-2200	95.54
SE3	20260304-0400	107.9
SE3	20260304-2300	93.86
SE3	20260304-0100	95.54
SE3	20260304-1400	93.86
SE3	20260304-1500	107.9
SE3	20260304-1200	85.04
SE3	20260304-0600	126.2
SE3	20260304-0900	95.35
SE3	20260304-0500	125.18
SE3	20260304-2000	107.9
SE3	20260304-0200	95.54
SE3	20260304-0000	95.54
SE3	20260304-1800	126.2
SE3	20260304-0700	126.2
SE3	20260304-1300	85.04
SE3	20260304-2100	102.1
SE3	20260304-0300	95.54
SE3	20260304-1000	93.86
SE3	20260304-1900	126.2
FR	20260304-1600	86.2
FR	20260304-0800	119.89
FR	20260304-1700	148.81
FR	20260304-1100	42
FR	20260304-2200	119.89
FR	20260304-0400	79.26
FR	20260304-2300	88.77
FR	20260304-0100	86.2
FR	20260304-1400	51.04
FR	20260304-1500	52.4
FR	20260304-1200	49.46
FR	20260304-0600	180.99
FR	20260304-0900	59.31
FR	20260304-0500	112
FR	20260304-2000	119.89
FR	20260304-0200	74.32
FR	20260304-0000	86.2
FR	20260304-1800	179.02
FR	20260304-0700	151.93
FR	20260304-1300	50.18
FR	20260304-2100	118.81
FR	20260304-0300	74.12
FR	20260304-1000	68.26
FR	20260304-1900	141.81
FI	20260304-1600	9.5
FI	20260304-0800	9.5
FI	20260304-1700	9.5
FI	20260304-1100	9.5
FI	20260304-2200	9.5
FI	20260304-0400	5
FI	20260304-2300	9.5
FI	20260304-0100	4.97
FI	20260304-1400	5
FI	20260304-1500	5
FI	20260304-1200	9.5
FI	20260304-0600	5
FI	20260304-0900	9.5
FI	20260304-0500	5
FI	20260304-2000	30
FI	20260304-0200	4.97
FI	20260304-0000	5
FI	20260304-1800	16.37
FI	20260304-0700	5
FI	20260304-1300	6.31
FI	20260304-2100	12.92
FI	20260304-0300	5
FI	20260304-1000	9.5
FI	20260304-1900	22.74
PL	20260304-1600	106.16
PL	20260304-0800	74.07
PL	20260304-1700	106.16
PL	20260304-1100	59.46
PL	20260304-2200	94.49
PL	20260304-0400	94.49
PL	20260304-2300	94.49
PL	20260304-0100	94.49
PL	20260304-1400	94.49
PL	20260304-1500	94.49
PL	20260304-1200	59.46
PL	20260304-0600	94.49
PL	20260304-0900	59.46
PL	20260304-0500	94.49
PL	20260304-2000	103.99
PL	20260304-0200	94.49
PL	20260304-0000	94.49
PL	20260304-1800	106.16
PL	20260304-0700	94.49
PL	20260304-1300	71.75
PL	20260304-2100	94.49
PL	20260304-0300	94.49
PL	20260304-1000	59.46
PL	20260304-1900	106.16
IT-Calabria	20260304-1600	143.87
IT-Calabria	20260304-0800	143.87
IT-Calabria	20260304-1700	143.87
IT-Calabria	20260304-1100	143.87
IT-Calabria	20260304-2200	143.87
IT-Calabria	20260304-0400	143.87
IT-Calabria	20260304-2300	143.87
IT-Calabria	20260304-0100	143.87
IT-Calabria	20260304-1400	143.87
IT-Calabria	20260304-1500	143.87
IT-Calabria	20260304-1200	143.87
IT-Calabria	20260304-0600	143.87
IT-Calabria	20260304-0900	143.87
IT-Calabria	20260304-0500	143.87
IT-Calabria	20260304-2000	143.87
IT-Calabria	20260304-0200	143.87
IT-Calabria	20260304-0000	143.87
IT-Calabria	20260304-1800	143.87
IT-Calabria	20260304-0700	143.87
IT-Calabria	20260304-1300	143.87
IT-Calabria	20260304-2100	143.87
IT-Calabria	20260304-0300	143.87
IT-Calabria	20260304-1000	143.87
IT-Calabria	20260304-1900	143.87
AT	20260304-1600	168.02
AT	20260304-0800	126.2
AT	20260304-1700	193.14
AT	20260304-1100	94.49
AT	20260304-2200	119.89
AT	20260304-0400	123.39
AT	20260304-2300	110.07
AT	20260304-0100	111.67
AT	20260304-1400	119.89
AT	20260304-1500	126.2
AT	20260304-1200	94.49
AT	20260304-0600	180.42
AT	20260304-0900	119.89
AT	20260304-0500	139.09
AT	20260304-2000	126.2
AT	20260304-0200	119.89
AT	20260304-0000	111.67
AT	20260304-1800	179.02
AT	20260304-0700	126.2
AT	20260304-1300	94.49
AT	20260304-2100	126.2
AT	20260304-0300	119.89
AT	20260304-1000	126.2
AT	20260304-1900	143.87
SE2	20260304-1600	1
SE2	20260304-0800	1
SE2	20260304-1700	1
SE2	20260304-1100	1
SE2	20260304-2200	1
SE2	20260304-0400	1
SE2	20260304-2300	1
SE2	20260304-0100	1
SE2	20260304-1400	1
SE2	20260304-1500	1
SE2	20260304-1200	1
SE2	20260304-0600	1
SE2	20260304-0900	1
SE2	20260304-0500	1
SE2	20260304-2000	1
SE2	20260304-0200	1
SE2	20260304-0000	1
SE2	20260304-1800	1
SE2	20260304-0700	1
SE2	20260304-1300	1
SE2	20260304-2100	1
SE2	20260304-0300	1
SE2	20260304-1000	1
SE2	20260304-1900	1
IT-NORTH	20260304-1600	168.02
IT-NORTH	20260304-0800	194.38
IT-NORTH	20260304-1700	193.14
IT-NORTH	20260304-1100	143.87
IT-NORTH	20260304-2200	143.87
IT-NORTH	20260304-0400	143.87
IT-NORTH	20260304-2300	143.87
IT-NORTH	20260304-0100	143.87
IT-NORTH	20260304-1400	143.87
IT-NORTH	20260304-1500	143.87
IT-NORTH	20260304-1200	143.87
IT-NORTH	20260304-0600	180.99
IT-NORTH	20260304-0900	143.87
IT-NORTH	20260304-0500	143.87
IT-NORTH	20260304-2000	143.87
IT-NORTH	20260304-0200	143.87
IT-NORTH	20260304-0000	143.87
IT-NORTH	20260304-1800	179.02
IT-NORTH	20260304-0700	151.93
IT-NORTH	20260304-1300	143.87
IT-NORTH	20260304-2100	143.87
IT-NORTH	20260304-0300	143.87
IT-NORTH	20260304-1000	143.87
IT-NORTH	20260304-1900	143.87
LT	20260304-1600	103.05
LT	20260304-0800	74.07
LT	20260304-1700	117.94
LT	20260304-1100	9.5
LT	20260304-2200	9.5
LT	20260304-0400	64.76
LT	20260304-2300	39.66
LT	20260304-0100	65.1
LT	20260304-1400	64.29
LT	20260304-1500	73.7
LT	20260304-1200	9.5
LT	20260304-0600	98.85
LT	20260304-0900	26.27
LT	20260304-0500	85.63
LT	20260304-2000	75.02
LT	20260304-0200	250
LT	20260304-0000	65.1
LT	20260304-1800	86.2
LT	20260304-0700	88.51
LT	20260304-1300	6.31
LT	20260304-2100	12.92
LT	20260304-0300	65.35
LT	20260304-1000	9.5
LT	20260304-1900	86.2
PT	20260304-1600	86.2
PT	20260304-0800	119.89
PT	20260304-1700	148.81
PT	20260304-1100	16
PT	20260304-2200	119.89
PT	20260304-0400	79.26
PT	20260304-2300	119.89
PT	20260304-0100	86.2
PT	20260304-1400	51.04
PT	20260304-1500	52.4
PT	20260304-1200	49.46
PT	20260304-0600	122.79
PT	20260304-0900	59.31
PT	20260304-0500	112
PT	20260304-2000	214.22
PT	20260304-0200	74.32
PT	20260304-0000	86.2
PT	20260304-1800	179.02
PT	20260304-0700	138.35
PT	20260304-1300	50.18
PT	20260304-2100	119.89
PT	20260304-0300	74.12
PT	20260304-1000	57
PT	20260304-1900	220.85
NO2	20260304-1600	152.99
NO2	20260304-0800	126.2
NO2	20260304-1700	168.92
NO2	20260304-1100	108.66
NO2	20260304-2200	121.4
NO2	20260304-0400	126.2
NO2	20260304-2300	119.92
NO2	20260304-0100	122.07
NO2	20260304-1400	119.92
NO2	20260304-1500	126.2
NO2	20260304-1200	102.1
NO2	20260304-0600	161.52
NO2	20260304-0900	121.82
NO2	20260304-0500	126.2
NO2	20260304-2000	126.2
NO2	20260304-0200	121.4
NO2	20260304-0000	122.07
NO2	20260304-1800	160.56
NO2	20260304-0700	143.87
NO2	20260304-1300	108.66
NO2	20260304-2100	126.2
NO2	20260304-0300	121.4
NO2	20260304-1000	119.92
NO2	20260304-1900	136.38
LV	20260304-1600	103.05
LV	20260304-0800	9.5
LV	20260304-1700	117.94
LV	20260304-1100	9.5
LV	20260304-2200	9.5
LV	20260304-0400	64.76
LV	20260304-2300	39.66
LV	20260304-0100	65.1
LV	20260304-1400	64.29
LV	20260304-1500	73.7
LV	20260304-1200	9.5
LV	20260304-0600	98.85
LV	20260304-0900	9.5
LV	20260304-0500	85.63
LV	20260304-2000	75.02
LV	20260304-0200	250
LV	20260304-0000	65.1
LV	20260304-1800	86.2
LV	20260304-0700	75.34
LV	20260304-1300	6.31
LV	20260304-2100	12.92
LV	20260304-0300	65.35
LV	20260304-1000	9.5
LV	20260304-1900	86.2
NL	20260304-1600	119.89
NL	20260304-0800	119.89
NL	20260304-1700	119.89
NL	20260304-1100	94.49
NL	20260304-2200	106.27
NL	20260304-0400	104.29
NL	20260304-2300	106.16
NL	20260304-0100	108.88
NL	20260304-1400	104.6
NL	20260304-1500	104.29
NL	20260304-1200	94.49
NL	20260304-0600	119.89
NL	20260304-0900	106.16
NL	20260304-0500	119.89
NL	20260304-2000	114.28
NL	20260304-0200	104.29
NL	20260304-0000	108.98
NL	20260304-1800	119.89
NL	20260304-0700	151.93
NL	20260304-1300	94.49
NL	20260304-2100	119.89
NL	20260304-0300	106.03
NL	20260304-1000	104.29
NL	20260304-1900	119.89
NO5	20260304-1600	126.2
NO5	20260304-0800	114.32
NO5	20260304-1700	126.2
NO5	20260304-1100	90.1
NO5	20260304-2200	100.34
NO5	20260304-0400	106.88
NO5	20260304-2300	99.45
NO5	20260304-0100	101.23
NO5	20260304-1400	99.45
NO5	20260304-1500	106.88
NO5	20260304-1200	86.15
NO5	20260304-0600	126.2
NO5	20260304-0900	101.02
NO5	20260304-0500	118.85
NO5	20260304-2000	106.88
NO5	20260304-0200	100.34
NO5	20260304-0000	101.23
NO5	20260304-1800	126.2
NO5	20260304-0700	126.2
NO5	20260304-1300	90.1
NO5	20260304-2100	108.17
NO5	20260304-0300	100.34
NO5	20260304-1000	99.45
NO5	20260304-1900	125.75
BE	20260304-1600	143.96
BE	20260304-0800	119.89
BE	20260304-1700	155.53
BE	20260304-1100	85.04
BE	20260304-2200	96.72
BE	20260304-0400	119.89
BE	20260304-2300	93.86
BE	20260304-0100	119.89
BE	20260304-1400	93.86
BE	20260304-1500	112.09
BE	20260304-1200	81.31
BE	20260304-0600	150.16
BE	20260304-0900	105.94
BE	20260304-0500	124.65
BE	20260304-2000	112.09
BE	20260304-0200	119.89
BE	20260304-0000	119.89
BE	20260304-1800	149.46
BE	20260304-0700	162.1
BE	20260304-1300	85.04
BE	20260304-2100	113.44
BE	20260304-0300	119.89
BE	20260304-1000	93.86
BE	20260304-1900	119.89
RO	20260304-1600	214.04
RO	20260304-0800	59.46
RO	20260304-1700	220.85
RO	20260304-1100	6.31
RO	20260304-2200	119.89
RO	20260304-0400	119.89
RO	20260304-2300	119.89
RO	20260304-0100	106.45
RO	20260304-1400	106.16
RO	20260304-1500	119.89
RO	20260304-1200	6.31
RO	20260304-0600	119.89
RO	20260304-0900	9.5
RO	20260304-0500	143.87
RO	20260304-2000	143.87
RO	20260304-0200	111.47
RO	20260304-0000	119.89
RO	20260304-1800	218.82
RO	20260304-0700	106.16
RO	20260304-1300	16.2
RO	20260304-2100	119.89
RO	20260304-0300	119.89
RO	20260304-1000	6.31
RO	20260304-1900	205.23
DK2	20260304-1600	168.02
DK2	20260304-0800	119.89
DK2	20260304-1700	193.14
DK2	20260304-1100	94.49
DK2	20260304-2200	119.89
DK2	20260304-0400	104.43
DK2	20260304-2300	106.16
DK2	20260304-0100	108.88
DK2	20260304-1400	104.6
DK2	20260304-1500	119.89
DK2	20260304-1200	94.49
DK2	20260304-0600	161.04
DK2	20260304-0900	106.16
DK2	20260304-0500	139.09
DK2	20260304-2000	126.2
DK2	20260304-0200	119.89
DK2	20260304-0000	108.98
DK2	20260304-1800	179.02
DK2	20260304-0700	151.93
DK2	20260304-1300	94.49
DK2	20260304-2100	119.89
DK2	20260304-0300	119.89
DK2	20260304-1000	104.29
DK2	20260304-1900	143.87
BG	20260304-1600	214.04
BG	20260304-0800	59.46
BG	20260304-1700	220.85
BG	20260304-1100	6.31
BG	20260304-2200	119.89
BG	20260304-0400	119.89
BG	20260304-2300	119.89
BG	20260304-0100	106.45
BG	20260304-1400	106.16
BG	20260304-1500	119.89
BG	20260304-1200	6.31
BG	20260304-0600	119.89
BG	20260304-0900	9.5
BG	20260304-0500	143.87
BG	20260304-2000	143.87
BG	20260304-0200	111.47
BG	20260304-0000	119.89
BG	20260304-1800	218.82
BG	20260304-0700	106.16
BG	20260304-1300	16.2
BG	20260304-2100	119.89
BG	20260304-0300	119.89
BG	20260304-1000	6.31
BG	20260304-1900	205.23
IT-CSOUTH	20260304-1600	143.87
IT-CSOUTH	20260304-0800	143.87
IT-CSOUTH	20260304-1700	143.87
IT-CSOUTH	20260304-1100	143.87
IT-CSOUTH	20260304-2200	143.87
IT-CSOUTH	20260304-0400	143.87
IT-CSOUTH	20260304-2300	143.87
IT-CSOUTH	20260304-0100	143.87
IT-CSOUTH	20260304-1400	143.87
IT-CSOUTH	20260304-1500	143.87
IT-CSOUTH	20260304-1200	143.87
IT-CSOUTH	20260304-0600	143.87
IT-CSOUTH	20260304-0900	143.87
IT-CSOUTH	20260304-0500	143.87
IT-CSOUTH	20260304-2000	143.87
IT-CSOUTH	20260304-0200	143.87
IT-CSOUTH	20260304-0000	143.87
IT-CSOUTH	20260304-1800	143.87
IT-CSOUTH	20260304-0700	143.87
IT-CSOUTH	20260304-1300	143.87
IT-CSOUTH	20260304-2100	143.87
IT-CSOUTH	20260304-0300	143.87
IT-CSOUTH	20260304-1000	143.87
IT-CSOUTH	20260304-1900	143.87
CZ	20260304-1600	106.16
CZ	20260304-0800	106.16
CZ	20260304-1700	106.16
CZ	20260304-1100	71.75
CZ	20260304-2200	106.16
CZ	20260304-0400	105.68
CZ	20260304-2300	106.16
CZ	20260304-0100	94.49
CZ	20260304-1400	104.6
CZ	20260304-1500	106.16
CZ	20260304-1200	75.34
CZ	20260304-0600	106.16
CZ	20260304-0900	83.45
CZ	20260304-0500	106.16
CZ	20260304-2000	106.16
CZ	20260304-0200	94.49
CZ	20260304-0000	94.49
CZ	20260304-1800	106.16
CZ	20260304-0700	106.16
CZ	20260304-1300	86.2
CZ	20260304-2100	106.16
CZ	20260304-0300	94.49
CZ	20260304-1000	75.02
CZ	20260304-1900	106.16
NO3	20260304-1600	126.2
NO3	20260304-0800	107.9
NO3	20260304-1700	126.2
NO3	20260304-1100	85.04
NO3	20260304-2200	94.7
NO3	20260304-0400	100.88
NO3	20260304-2300	93.86
NO3	20260304-0100	95.54
NO3	20260304-1400	93.86
NO3	20260304-1500	100.88
NO3	20260304-1200	81.31
NO3	20260304-0600	126.2
NO3	20260304-0900	95.35
NO3	20260304-0500	112.18
NO3	20260304-2000	100.88
NO3	20260304-0200	94.7
NO3	20260304-0000	95.54
NO3	20260304-1800	126.2
NO3	20260304-0700	126.2
NO3	20260304-1300	85.04
NO3	20260304-2100	102.1
NO3	20260304-0300	94.7
NO3	20260304-1000	93.86
NO3	20260304-1900	118.69
NO1	20260304-1600	126.2
NO1	20260304-0800	107.9
NO1	20260304-1700	126.2
NO1	20260304-1100	85.04
NO1	20260304-2200	94.7
NO1	20260304-0400	100.88
NO1	20260304-2300	93.86
NO1	20260304-0100	95.54
NO1	20260304-1400	93.86
NO1	20260304-1500	100.88
NO1	20260304-1200	81.31
NO1	20260304-0600	126.2
NO1	20260304-0900	95.35
NO1	20260304-0500	112.18
NO1	20260304-2000	100.88
NO1	20260304-0200	94.7
NO1	20260304-0000	95.54
NO1	20260304-1800	126.2
NO1	20260304-0700	126.2
NO1	20260304-1300	85.04
NO1	20260304-2100	102.1
NO1	20260304-0300	94.7
NO1	20260304-1000	93.86
NO1	20260304-1900	118.69
DE_LU	20260304-1600	168.02
DE_LU	20260304-0800	119.89
DE_LU	20260304-1700	193.14
DE_LU	20260304-1100	94.49
DE_LU	20260304-2200	119.89
DE_LU	20260304-0400	119.89
DE_LU	20260304-2300	106.16
DE_LU	20260304-0100	108.88
DE_LU	20260304-1400	104.6
DE_LU	20260304-1500	119.89
DE_LU	20260304-1200	94.49
DE_LU	20260304-0600	180.99
DE_LU	20260304-0900	106.16
DE_LU	20260304-0500	139.09
DE_LU	20260304-2000	126.2
DE_LU	20260304-0200	119.89
DE_LU	20260304-0000	108.98
DE_LU	20260304-1800	179.02
DE_LU	20260304-0700	151.93
DE_LU	20260304-1300	94.49
DE_LU	20260304-2100	119.89
DE_LU	20260304-0300	119.89
DE_LU	20260304-1000	104.29
DE_LU	20260304-1900	143.87
SK	20260304-1600	126.2
SK	20260304-0800	107.9
SK	20260304-1700	155.53
SK	20260304-1100	85.04
SK	20260304-2200	94.7
SK	20260304-0400	100.88
SK	20260304-2300	93.86
SK	20260304-0100	95.54
SK	20260304-1400	93.86
SK	20260304-1500	100.88
SK	20260304-1200	81.31
SK	20260304-0600	126.2
SK	20260304-0900	95.35
SK	20260304-0500	112.18
SK	20260304-2000	100.88
SK	20260304-0200	94.7
SK	20260304-0000	95.54
SK	20260304-1800	149.46
SK	20260304-0700	126.2
SK	20260304-1300	85.04
SK	20260304-2100	102.1
SK	20260304-0300	94.7
SK	20260304-1000	93.86
SK	20260304-1900	119.89
EE	20260304-1600	75.34
EE	20260304-0800	9.5
EE	20260304-1700	75.34
EE	20260304-1100	9.5
EE	20260304-2200	9.5
EE	20260304-0400	64.76
EE	20260304-2300	39.66
EE	20260304-0100	65.1
EE	20260304-1400	64.29
EE	20260304-1500	73.7
EE	20260304-1200	9.5
EE	20260304-0600	75.34
EE	20260304-0900	9.5
EE	20260304-0500	75.34
EE	20260304-2000	30
EE	20260304-0200	250
EE	20260304-0000	65.1
EE	20260304-1800	39.66
EE	20260304-0700	75.34
EE	20260304-1300	6.31
EE	20260304-2100	12.92
EE	20260304-0300	65.35
EE	20260304-1000	9.5
EE	20260304-1900	39.66
SE4	20260304-1600	103.05
SE4	20260304-0800	74.07
SE4	20260304-1700	117.94
SE4	20260304-1100	58.43
SE4	20260304-2200	65.46
SE4	20260304-0400	64.76
SE4	20260304-2300	64.68
SE4	20260304-0100	65.1
SE4	20260304-1400	64.29
SE4	20260304-1500	73.7
SE4	20260304-1200	53.43
SE4	20260304-0600	98.85
SE4	20260304-0900	65.67
SE4	20260304-0500	85.63
SE4	20260304-2000	75.02
SE4	20260304-0200	65.1
SE4	20260304-0000	65.1
SE4	20260304-1800	110.62
SE4	20260304-0700	88.51
SE4	20260304-1300	58.38
SE4	20260304-2100	70.19
SE4	20260304-0300	65.35
SE4	20260304-1000	64.32
SE4	20260304-1900	89.46
SI	20260305-0900	68.13
SI	20260305-0600	109.34
SI	20260305-0700	109.34
SI	20260305-1100	10.5
SI	20260305-0500	131.21
SI	20260305-1600	131.21
SI	20260305-1700	131.21
SI	20260305-0400	102.72
SI	20260305-0200	107.34
SI	20260305-0100	107.34
SI	20260305-1400	102.72
SI	20260305-2200	102.72
SI	20260305-0000	107.34
SI	20260305-2100	102.72
SI	20260305-1200	56.85
SI	20260305-2000	75.09
SI	20260305-1300	75.09
SI	20260305-1000	10.5
SI	20260305-1500	12.18
SI	20260305-0300	107.34
SI	20260305-1800	131.21
SI	20260305-2300	107.34
SI	20260305-0800	85.5
SI	20260305-1900	109.34
ES	20260305-0900	109.34
ES	20260305-0600	137.95
ES	20260305-0700	187.58
ES	20260305-1100	75.09
ES	20260305-0500	109.34
ES	20260305-1600	75.09
ES	20260305-1700	109.34
ES	20260305-0400	109.34
ES	20260305-0200	109.34
ES	20260305-0100	109.34
ES	20260305-1400	47.12
ES	20260305-2200	82.3
ES	20260305-0000	109.34
ES	20260305-2100	109.34
ES	20260305-1200	75.09
ES	20260305-2000	109.34
ES	20260305-1300	44.92
ES	20260305-1000	109.34
ES	20260305-1500	48.11
ES	20260305-0300	109.34
ES	20260305-1800	109.71
ES	20260305-2300	58
ES	20260305-0800	161.55
ES	20260305-1900	109.34
GR	20260305-0900	68.13
GR	20260305-0600	109.34
GR	20260305-0700	109.34
GR	20260305-1100	10.5
GR	20260305-0500	131.21
GR	20260305-1600	131.21
GR	20260305-1700	200.29
GR	20260305-0400	109.34
GR	20260305-0200	109.34
GR	20260305-0100	109.34
GR	20260305-1400	102.72
GR	20260305-2200	109.34
GR	20260305-0000	109.34
GR	20260305-2100	109.34
GR	20260305-1200	56.85
GR	20260305-2000	131.21
GR	20260305-1300	75.09
GR	20260305-1000	10.5
GR	20260305-1500	109.34
GR	20260305-0300	109.34
GR	20260305-1800	194.9
GR	20260305-2300	109.34
GR	20260305-0800	85.5
GR	20260305-1900	131.21
IT-CNORTH	20260305-0900	131.21
IT-CNORTH	20260305-0600	131.21
IT-CNORTH	20260305-0700	131.21
IT-CNORTH	20260305-1100	131.21
IT-CNORTH	20260305-0500	131.21
IT-CNORTH	20260305-1600	131.21
IT-CNORTH	20260305-1700	131.21
IT-CNORTH	20260305-0400	131.21
IT-CNORTH	20260305-0200	131.21
IT-CNORTH	20260305-0100	131.21
IT-CNORTH	20260305-1400	131.21
IT-CNORTH	20260305-2200	131.21
IT-CNORTH	20260305-0000	131.21
IT-CNORTH	20260305-2100	131.21
IT-CNORTH	20260305-1200	131.21
IT-CNORTH	20260305-2000	131.21
IT-CNORTH	20260305-1300	131.21
IT-CNORTH	20260305-1000	131.21
IT-CNORTH	20260305-1500	131.21
IT-CNORTH	20260305-0300	131.21
IT-CNORTH	20260305-1800	131.21
IT-CNORTH	20260305-2300	131.21
IT-CNORTH	20260305-0800	131.21
IT-CNORTH	20260305-1900	131.21
HU	20260305-0900	68.13
HU	20260305-0600	109.34
HU	20260305-0700	109.34
HU	20260305-1100	10.5
HU	20260305-0500	131.21
HU	20260305-1600	177.79
HU	20260305-1700	201.41
HU	20260305-0400	109.34
HU	20260305-0200	109.34
HU	20260305-0100	109.34
HU	20260305-1400	102.72
HU	20260305-2200	109.34
HU	20260305-0000	109.34
HU	20260305-2100	109.34
HU	20260305-1200	56.85
HU	20260305-2000	131.21
HU	20260305-1300	75.09
HU	20260305-1000	10.5
HU	20260305-1500	109.34
HU	20260305-0300	109.34
HU	20260305-1800	194.9
HU	20260305-2300	109.34
HU	20260305-0800	85.5
HU	20260305-1900	176.23
IT-SOUTH	20260305-0900	131.21
IT-SOUTH	20260305-0600	131.21
IT-SOUTH	20260305-0700	131.21
IT-SOUTH	20260305-1100	123.94
IT-SOUTH	20260305-0500	131.21
IT-SOUTH	20260305-1600	131.21
IT-SOUTH	20260305-1700	131.21
IT-SOUTH	20260305-0400	131.21
IT-SOUTH	20260305-0200	131.21
IT-SOUTH	20260305-0100	131.21
IT-SOUTH	20260305-1400	131.21
IT-SOUTH	20260305-2200	131.21
IT-SOUTH	20260305-0000	131.21
IT-SOUTH	20260305-2100	131.21
IT-SOUTH	20260305-1200	123.94
IT-SOUTH	20260305-2000	131.21
IT-SOUTH	20260305-1300	131.21
IT-SOUTH	20260305-1000	131.21
IT-SOUTH	20260305-1500	131.21
IT-SOUTH	20260305-0300	131.21
IT-SOUTH	20260305-1800	131.21
IT-SOUTH	20260305-2300	131.21
IT-SOUTH	20260305-0800	131.21
IT-SOUTH	20260305-1900	131.21
IT-Sicily	20260305-0900	131.21
IT-Sicily	20260305-0600	131.21
IT-Sicily	20260305-0700	131.21
IT-Sicily	20260305-1100	123.94
IT-Sicily	20260305-0500	131.21
IT-Sicily	20260305-1600	131.21
IT-Sicily	20260305-1700	131.21
IT-Sicily	20260305-0400	131.21
IT-Sicily	20260305-0200	131.21
IT-Sicily	20260305-0100	131.21
IT-Sicily	20260305-1400	131.21
IT-Sicily	20260305-2200	131.21
IT-Sicily	20260305-0000	131.21
IT-Sicily	20260305-2100	131.21
IT-Sicily	20260305-1200	123.94
IT-Sicily	20260305-2000	131.21
IT-Sicily	20260305-1300	131.21
IT-Sicily	20260305-1000	131.21
IT-Sicily	20260305-1500	131.21
IT-Sicily	20260305-0300	131.21
IT-Sicily	20260305-1800	131.21
IT-Sicily	20260305-2300	131.21
IT-Sicily	20260305-0800	131.21
IT-Sicily	20260305-1900	131.21
IT-Sardinia	20260305-0900	112.53
IT-Sardinia	20260305-0600	131.21
IT-Sardinia	20260305-0700	131.21
IT-Sardinia	20260305-1100	123.94
IT-Sardinia	20260305-0500	131.21
IT-Sardinia	20260305-1600	131.21
IT-Sardinia	20260305-1700	123.94
IT-Sardinia	20260305-0400	131.21
IT-Sardinia	20260305-0200	131.21
IT-Sardinia	20260305-0100	131.21
IT-Sardinia	20260305-1400	121.81
IT-Sardinia	20260305-2200	131.21
IT-Sardinia	20260305-0000	131.21
IT-Sardinia	20260305-2100	131.21
IT-Sardinia	20260305-1200	123.94
IT-Sardinia	20260305-2000	131.21
IT-Sardinia	20260305-1300	123.94
IT-Sardinia	20260305-1000	123.94
IT-Sardinia	20260305-1500	123.94
IT-Sardinia	20260305-0300	131.21
IT-Sardinia	20260305-1800	131.21
IT-Sardinia	20260305-2300	125.98
IT-Sardinia	20260305-0800	123.94
IT-Sardinia	20260305-1900	131.21
RS	20260305-0900	68.13
RS	20260305-0600	109.34
RS	20260305-0700	109.34
RS	20260305-1100	10.5
RS	20260305-0500	131.21
RS	20260305-1600	177.79
RS	20260305-1700	201.41
RS	20260305-0400	109.34
RS	20260305-0200	109.34
RS	20260305-0100	109.34
RS	20260305-1400	102.72
RS	20260305-2200	109.34
RS	20260305-0000	109.34
RS	20260305-2100	109.34
RS	20260305-1200	56.85
RS	20260305-2000	131.21
RS	20260305-1300	75.09
RS	20260305-1000	10.5
RS	20260305-1500	109.34
RS	20260305-0300	109.34
RS	20260305-1800	194.9
RS	20260305-2300	109.34
RS	20260305-0800	85.5
RS	20260305-1900	176.23
DK1	20260305-0900	103.28
DK1	20260305-0600	125.87
DK1	20260305-0700	109.34
DK1	20260305-1100	92.01
DK1	20260305-0500	111.15
DK1	20260305-1600	131.21
DK1	20260305-1700	125.87
DK1	20260305-0400	103.28
DK1	20260305-0200	103.28
DK1	20260305-0100	103.28
DK1	20260305-1400	92.01
DK1	20260305-2200	102.72
DK1	20260305-0000	103.28
DK1	20260305-2100	102.72
DK1	20260305-1200	92.01
DK1	20260305-2000	102.72
DK1	20260305-1300	92.01
DK1	20260305-1000	92.01
DK1	20260305-1500	109.34
DK1	20260305-0300	103.28
DK1	20260305-1800	109.34
DK1	20260305-2300	92.01
DK1	20260305-0800	103.28
DK1	20260305-1900	109.34
CH	20260305-0900	107.74
CH	20260305-0600	131.21
CH	20260305-0700	131.21
CH	20260305-1100	61.17
CH	20260305-0500	111.15
CH	20260305-1600	131.21
CH	20260305-1700	126.68
CH	20260305-0400	109.34
CH	20260305-0200	107.04
CH	20260305-0100	107.04
CH	20260305-1400	107.74
CH	20260305-2200	107.74
CH	20260305-0000	109.34
CH	20260305-2100	115.09
CH	20260305-1200	62.32
CH	20260305-2000	115.09
CH	20260305-1300	68.13
CH	20260305-1000	68.13
CH	20260305-1500	115.09
CH	20260305-0300	107.04
CH	20260305-1800	115.09
CH	20260305-2300	107.74
CH	20260305-0800	115.09
CH	20260305-1900	131.21
SE1	20260305-0900	74.37
SE1	20260305-0600	1
SE1	20260305-0700	1
SE1	20260305-1100	91.82
SE1	20260305-0500	1
SE1	20260305-1600	74.12
SE1	20260305-1700	60.28
SE1	20260305-0400	1
SE1	20260305-0200	1
SE1	20260305-0100	1
SE1	20260305-1400	92.57
SE1	20260305-2200	1
SE1	20260305-0000	1
SE1	20260305-2100	1
SE1	20260305-1200	94.27
SE1	20260305-2000	1
SE1	20260305-1300	94.88
SE1	20260305-1000	86.21
SE1	20260305-1500	85.66
SE1	20260305-0300	1
SE1	20260305-1800	52.25
SE1	20260305-2300	1
SE1	20260305-0800	59.9
SE1	20260305-1900	1
NO4	20260305-0900	42.07
NO4	20260305-0600	43.52
NO4	20260305-0700	44.31
NO4	20260305-1100	41.27
NO4	20260305-0500	40.39
NO4	20260305-1600	40.64
NO4	20260305-1700	39.69
NO4	20260305-0400	36.88
NO4	20260305-0200	32.92
NO4	20260305-0100	31.79
NO4	20260305-1400	40.5
NO4	20260305-2200	26.79
NO4	20260305-0000	31.37
NO4	20260305-2100	30.54
NO4	20260305-1200	40.03
NO4	20260305-2000	32.79
NO4	20260305-1300	39.65
NO4	20260305-1000	41.16
NO4	20260305-1500	40.88
NO4	20260305-0300	34.55
NO4	20260305-1800	37.1
NO4	20260305-2300	24.17
NO4	20260305-0800	42.64
NO4	20260305-1900	35.29
SE3	20260305-0900	92.01
SE3	20260305-0600	125.87
SE3	20260305-0700	109.34
SE3	20260305-1100	92.01
SE3	20260305-0500	103.28
SE3	20260305-1600	115.09
SE3	20260305-1700	113.28
SE3	20260305-0400	102.72
SE3	20260305-0200	92.45
SE3	20260305-0100	92.45
SE3	20260305-1400	92.01
SE3	20260305-2200	82.81
SE3	20260305-0000	92.45
SE3	20260305-2100	92.45
SE3	20260305-1200	92.01
SE3	20260305-2000	92.45
SE3	20260305-1300	92.01
SE3	20260305-1000	92.01
SE3	20260305-1500	92.95
SE3	20260305-0300	102.72
SE3	20260305-1800	98.41
SE3	20260305-2300	82.81
SE3	20260305-0800	103.28
SE3	20260305-1900	92.95
FR	20260305-0900	60.14
FR	20260305-0600	109.34
FR	20260305-0700	113.78
FR	20260305-1100	49.12
FR	20260305-0500	73.39
FR	20260305-1600	75.09
FR	20260305-1700	109.34
FR	20260305-0400	61.08
FR	20260305-0200	61.08
FR	20260305-0100	68.12
FR	20260305-1400	47.12
FR	20260305-2200	82.3
FR	20260305-0000	68.74
FR	20260305-2100	89.11
FR	20260305-1200	49.12
FR	20260305-2000	75.09
FR	20260305-1300	44.92
FR	20260305-1000	63.95
FR	20260305-1500	48.11
FR	20260305-0300	61.08
FR	20260305-1800	109.71
FR	20260305-2300	58
FR	20260305-0800	87.08
FR	20260305-1900	109.34
FI	20260305-0900	75.34
FI	20260305-0600	75.34
FI	20260305-0700	84.97
FI	20260305-1100	57
FI	20260305-0500	67.77
FI	20260305-1600	72.01
FI	20260305-1700	70.84
FI	20260305-0400	57
FI	20260305-0200	12.5
FI	20260305-0100	10.5
FI	20260305-1400	88.88
FI	20260305-2200	39.66
FI	20260305-0000	9.5
FI	20260305-2100	57
FI	20260305-1200	57
FI	20260305-2000	57
FI	20260305-1300	68.13
FI	20260305-1000	68.13
FI	20260305-1500	75.09
FI	20260305-0300	39.66
FI	20260305-1800	72.24
FI	20260305-2300	57
FI	20260305-0800	82.38
FI	20260305-1900	69.69
PL	20260305-0900	68.13
PL	20260305-0600	102.72
PL	20260305-0700	92.01
PL	20260305-1100	56.85
PL	20260305-0500	102.72
PL	20260305-1600	102.72
PL	20260305-1700	109.34
PL	20260305-0400	92.01
PL	20260305-0200	92.01
PL	20260305-0100	92.01
PL	20260305-1400	92.01
PL	20260305-2200	102.72
PL	20260305-0000	92.01
PL	20260305-2100	102.72
PL	20260305-1200	68.13
PL	20260305-2000	102.72
PL	20260305-1300	75.09
PL	20260305-1000	56.85
PL	20260305-1500	102.72
PL	20260305-0300	92.01
PL	20260305-1800	109.34
PL	20260305-2300	92.01
PL	20260305-0800	92.01
PL	20260305-1900	109.34
IT-Calabria	20260305-0900	131.21
IT-Calabria	20260305-0600	131.21
IT-Calabria	20260305-0700	131.21
IT-Calabria	20260305-1100	123.94
IT-Calabria	20260305-0500	131.21
IT-Calabria	20260305-1600	131.21
IT-Calabria	20260305-1700	131.21
IT-Calabria	20260305-0400	131.21
IT-Calabria	20260305-0200	131.21
IT-Calabria	20260305-0100	131.21
IT-Calabria	20260305-1400	131.21
IT-Calabria	20260305-2200	131.21
IT-Calabria	20260305-0000	131.21
IT-Calabria	20260305-2100	131.21
IT-Calabria	20260305-1200	123.94
IT-Calabria	20260305-2000	131.21
IT-Calabria	20260305-1300	131.21
IT-Calabria	20260305-1000	131.21
IT-Calabria	20260305-1500	131.21
IT-Calabria	20260305-0300	131.21
IT-Calabria	20260305-1800	131.21
IT-Calabria	20260305-2300	131.21
IT-Calabria	20260305-0800	131.21
IT-Calabria	20260305-1900	131.21
AT	20260305-0900	107.74
AT	20260305-0600	131.21
AT	20260305-0700	115.09
AT	20260305-1100	61.17
AT	20260305-0500	115.09
AT	20260305-1600	131.21
AT	20260305-1700	126.68
AT	20260305-0400	109.34
AT	20260305-0200	107.04
AT	20260305-0100	107.04
AT	20260305-1400	107.74
AT	20260305-2200	107.74
AT	20260305-0000	109.34
AT	20260305-2100	115.09
AT	20260305-1200	62.32
AT	20260305-2000	115.09
AT	20260305-1300	68.13
AT	20260305-1000	68.13
AT	20260305-1500	115.09
AT	20260305-0300	107.04
AT	20260305-1800	115.09
AT	20260305-2300	107.74
AT	20260305-0800	115.09
AT	20260305-1900	131.21
SE2	20260305-0900	74.37
SE2	20260305-0600	1
SE2	20260305-0700	1
SE2	20260305-1100	91.82
SE2	20260305-0500	1
SE2	20260305-1600	74.12
SE2	20260305-1700	60.28
SE2	20260305-0400	1
SE2	20260305-0200	1
SE2	20260305-0100	1
SE2	20260305-1400	93.26
SE2	20260305-2200	1
SE2	20260305-0000	1
SE2	20260305-2100	1
SE2	20260305-1200	94.27
SE2	20260305-2000	1
SE2	20260305-1300	94.88
SE2	20260305-1000	86.21
SE2	20260305-1500	85.66
SE2	20260305-0300	1
SE2	20260305-1800	52.25
SE2	20260305-2300	1
SE2	20260305-0800	59.9
SE2	20260305-1900	1
IT-NORTH	20260305-0900	131.21
IT-NORTH	20260305-0600	131.21
IT-NORTH	20260305-0700	131.21
IT-NORTH	20260305-1100	131.21
IT-NORTH	20260305-0500	131.21
IT-NORTH	20260305-1600	131.21
IT-NORTH	20260305-1700	131.21
IT-NORTH	20260305-0400	131.21
IT-NORTH	20260305-0200	131.21
IT-NORTH	20260305-0100	131.21
IT-NORTH	20260305-1400	131.21
IT-NORTH	20260305-2200	131.21
IT-NORTH	20260305-0000	131.21
IT-NORTH	20260305-2100	131.21
IT-NORTH	20260305-1200	131.21
IT-NORTH	20260305-2000	131.21
IT-NORTH	20260305-1300	131.21
IT-NORTH	20260305-1000	131.21
IT-NORTH	20260305-1500	131.21
IT-NORTH	20260305-0300	131.21
IT-NORTH	20260305-1800	131.21
IT-NORTH	20260305-2300	131.21
IT-NORTH	20260305-0800	131.21
IT-NORTH	20260305-1900	131.21
LT	20260305-0900	75.34
LT	20260305-0600	102.72
LT	20260305-0700	84.97
LT	20260305-1100	57
LT	20260305-0500	82.57
LT	20260305-1600	101.19
LT	20260305-1700	98
LT	20260305-0400	70.45
LT	20260305-0200	39.66
LT	20260305-0100	39.66
LT	20260305-1400	92.01
LT	20260305-2200	102.72
LT	20260305-0000	39.66
LT	20260305-2100	102.72
LT	20260305-1200	57
LT	20260305-2000	102.72
LT	20260305-1300	68.13
LT	20260305-1000	68.13
LT	20260305-1500	102.72
LT	20260305-0300	64.25
LT	20260305-1800	88.12
LT	20260305-2300	92.01
LT	20260305-0800	82.38
LT	20260305-1900	109.34
PT	20260305-0900	109.34
PT	20260305-0600	137.95
PT	20260305-0700	187.58
PT	20260305-1100	75.09
PT	20260305-0500	109.34
PT	20260305-1600	75.09
PT	20260305-1700	109.34
PT	20260305-0400	109.34
PT	20260305-0200	109.34
PT	20260305-0100	109.34
PT	20260305-1400	47.12
PT	20260305-2200	82.3
PT	20260305-0000	109.34
PT	20260305-2100	109.34
PT	20260305-1200	75.09
PT	20260305-2000	109.34
PT	20260305-1300	44.92
PT	20260305-1000	109.34
PT	20260305-1500	48.11
PT	20260305-0300	109.34
PT	20260305-1800	109.71
PT	20260305-2300	58
PT	20260305-0800	161.55
PT	20260305-1900	109.34
NO2	20260305-0900	105.8
NO2	20260305-0600	118.8
NO2	20260305-0700	115.09
NO2	20260305-1100	74.4
NO2	20260305-0500	115.09
NO2	20260305-1600	124.36
NO2	20260305-1700	120.69
NO2	20260305-0400	115.09
NO2	20260305-0200	115.09
NO2	20260305-0100	115.09
NO2	20260305-1400	105.8
NO2	20260305-2200	109.86
NO2	20260305-0000	115.09
NO2	20260305-2100	115.09
NO2	20260305-1200	76.81
NO2	20260305-2000	115.09
NO2	20260305-1300	85.97
NO2	20260305-1000	84.67
NO2	20260305-1500	115.09
NO2	20260305-0300	115.09
NO2	20260305-1800	115.09
NO2	20260305-2300	109.86
NO2	20260305-0800	115.09
NO2	20260305-1900	115.09
LV	20260305-0900	75.34
LV	20260305-0600	102.72
LV	20260305-0700	84.97
LV	20260305-1100	57
LV	20260305-0500	82.57
LV	20260305-1600	101.19
LV	20260305-1700	98
LV	20260305-0400	70.45
LV	20260305-0200	39.66
LV	20260305-0100	39.66
LV	20260305-1400	92.01
LV	20260305-2200	102.72
LV	20260305-0000	39.66
LV	20260305-2100	102.72
LV	20260305-1200	57
LV	20260305-2000	102.72
LV	20260305-1300	68.13
LV	20260305-1000	68.13
LV	20260305-1500	102.72
LV	20260305-0300	64.25
LV	20260305-1800	88.12
LV	20260305-2300	92.01
LV	20260305-0800	82.38
LV	20260305-1900	109.34
NL	20260305-0900	103.28
NL	20260305-0600	103.28
NL	20260305-0700	109.34
NL	20260305-1100	92.01
NL	20260305-0500	103.28
NL	20260305-1600	109.34
NL	20260305-1700	109.34
NL	20260305-0400	103.28
NL	20260305-0200	103.28
NL	20260305-0100	103.28
NL	20260305-1400	92.01
NL	20260305-2200	103.28
NL	20260305-0000	103.28
NL	20260305-2100	103.28
NL	20260305-1200	92.01
NL	20260305-2000	103.28
NL	20260305-1300	92.01
NL	20260305-1000	92.01
NL	20260305-1500	103.28
NL	20260305-0300	103.28
NL	20260305-1800	109.34
NL	20260305-2300	103.28
NL	20260305-0800	103.28
NL	20260305-1900	109.34
NO5	20260305-0900	87.74
NO5	20260305-0600	109.25
NO5	20260305-0700	104.26
NO5	20260305-1100	68.78
NO5	20260305-0500	101.37
NO5	20260305-1600	114.69
NO5	20260305-1700	112.14
NO5	20260305-0400	97.95
NO5	20260305-0200	97.95
NO5	20260305-0100	97.95
NO5	20260305-1400	87.74
NO5	20260305-2200	93.11
NO5	20260305-0000	97.95
NO5	20260305-2100	98.22
NO5	20260305-1200	70.23
NO5	20260305-2000	98.22
NO5	20260305-1300	75.76
NO5	20260305-1000	74.98
NO5	20260305-1500	98.48
NO5	20260305-0300	97.95
NO5	20260305-1800	104.26
NO5	20260305-2300	93.11
NO5	20260305-0800	98.22
NO5	20260305-1900	98.48
BE	20260305-0900	82.81
BE	20260305-0600	109.34
BE	20260305-0700	103.28
BE	20260305-1100	64.92
BE	20260305-0500	106.31
BE	20260305-1600	120.28
BE	20260305-1700	203.34
BE	20260305-0400	92.45
BE	20260305-0200	92.45
BE	20260305-0100	92.45
BE	20260305-1400	82.81
BE	20260305-2200	97.65
BE	20260305-0000	92.45
BE	20260305-2100	103.28
BE	20260305-1200	66.29
BE	20260305-2000	109.34
BE	20260305-1300	71.51
BE	20260305-1000	70.77
BE	20260305-1500	103.28
BE	20260305-0300	92.45
BE	20260305-1800	207.17
BE	20260305-2300	87.88
BE	20260305-0800	92.7
BE	20260305-1900	109.34
RO	20260305-0900	68.13
RO	20260305-0600	109.34
RO	20260305-0700	109.34
RO	20260305-1100	10.5
RO	20260305-0500	131.21
RO	20260305-1600	194.83
RO	20260305-1700	201.41
RO	20260305-0400	109.34
RO	20260305-0200	109.34
RO	20260305-0100	109.34
RO	20260305-1400	102.72
RO	20260305-2200	109.34
RO	20260305-0000	109.34
RO	20260305-2100	109.34
RO	20260305-1200	56.85
RO	20260305-2000	131.21
RO	20260305-1300	75.09
RO	20260305-1000	10.5
RO	20260305-1500	109.34
RO	20260305-0300	109.34
RO	20260305-1800	194.9
RO	20260305-2300	109.34
RO	20260305-0800	85.5
RO	20260305-1900	176.23
DK2	20260305-0900	75.34
DK2	20260305-0600	207.17
DK2	20260305-0700	141.2
DK2	20260305-1100	57
DK2	20260305-0500	111.15
DK2	20260305-1600	131.21
DK2	20260305-1700	125.87
DK2	20260305-0400	103.28
DK2	20260305-0200	103.28
DK2	20260305-0100	103.28
DK2	20260305-1400	92.01
DK2	20260305-2200	102.72
DK2	20260305-0000	103.28
DK2	20260305-2100	102.72
DK2	20260305-1200	57
DK2	20260305-2000	102.72
DK2	20260305-1300	68.13
DK2	20260305-1000	68.13
DK2	20260305-1500	109.34
DK2	20260305-0300	103.28
DK2	20260305-1800	109.34
DK2	20260305-2300	92.01
DK2	20260305-0800	102.72
DK2	20260305-1900	109.34
BG	20260305-0900	68.13
BG	20260305-0600	109.34
BG	20260305-0700	109.34
BG	20260305-1100	10.5
BG	20260305-0500	131.21
BG	20260305-1600	194.83
BG	20260305-1700	201.41
BG	20260305-0400	109.34
BG	20260305-0200	109.34
BG	20260305-0100	109.34
BG	20260305-1400	102.72
BG	20260305-2200	109.34
BG	20260305-0000	109.34
BG	20260305-2100	109.34
BG	20260305-1200	56.85
BG	20260305-2000	131.21
BG	20260305-1300	75.09
BG	20260305-1000	10.5
BG	20260305-1500	109.34
BG	20260305-0300	109.34
BG	20260305-1800	194.9
BG	20260305-2300	109.34
BG	20260305-0800	85.5
BG	20260305-1900	176.23
IT-CSOUTH	20260305-0900	131.21
IT-CSOUTH	20260305-0600	131.21
IT-CSOUTH	20260305-0700	131.21
IT-CSOUTH	20260305-1100	123.94
IT-CSOUTH	20260305-0500	131.21
IT-CSOUTH	20260305-1600	131.21
IT-CSOUTH	20260305-1700	131.21
IT-CSOUTH	20260305-0400	131.21
IT-CSOUTH	20260305-0200	131.21
IT-CSOUTH	20260305-0100	131.21
IT-CSOUTH	20260305-1400	131.21
IT-CSOUTH	20260305-2200	131.21
IT-CSOUTH	20260305-0000	131.21
IT-CSOUTH	20260305-2100	131.21
IT-CSOUTH	20260305-1200	123.94
IT-CSOUTH	20260305-2000	131.21
IT-CSOUTH	20260305-1300	131.21
IT-CSOUTH	20260305-1000	131.21
IT-CSOUTH	20260305-1500	131.21
IT-CSOUTH	20260305-0300	131.21
IT-CSOUTH	20260305-1800	131.21
IT-CSOUTH	20260305-2300	131.21
IT-CSOUTH	20260305-0800	131.21
IT-CSOUTH	20260305-1900	131.21
CZ	20260305-0900	68.13
CZ	20260305-0600	109.34
CZ	20260305-0700	102.72
CZ	20260305-1100	57
CZ	20260305-0500	111.15
CZ	20260305-1600	102.72
CZ	20260305-1700	102.72
CZ	20260305-0400	102.72
CZ	20260305-0200	92.01
CZ	20260305-0100	92.01
CZ	20260305-1400	92.01
CZ	20260305-2200	102.72
CZ	20260305-0000	101.92
CZ	20260305-2100	102.72
CZ	20260305-1200	57
CZ	20260305-2000	102.72
CZ	20260305-1300	68.13
CZ	20260305-1000	68.13
CZ	20260305-1500	102.72
CZ	20260305-0300	102.72
CZ	20260305-1800	109.34
CZ	20260305-2300	92.01
CZ	20260305-0800	92.01
CZ	20260305-1900	102.72
NO3	20260305-0900	82.81
NO3	20260305-0600	103.12
NO3	20260305-0700	98.41
NO3	20260305-1100	64.92
NO3	20260305-0500	95.68
NO3	20260305-1600	108.25
NO3	20260305-1700	105.84
NO3	20260305-0400	92.45
NO3	20260305-0200	92.45
NO3	20260305-0100	92.45
NO3	20260305-1400	82.81
NO3	20260305-2200	87.88
NO3	20260305-0000	92.45
NO3	20260305-2100	92.7
NO3	20260305-1200	66.29
NO3	20260305-2000	92.7
NO3	20260305-1300	71.51
NO3	20260305-1000	70.77
NO3	20260305-1500	92.95
NO3	20260305-0300	92.45
NO3	20260305-1800	98.41
NO3	20260305-2300	87.88
NO3	20260305-0800	92.7
NO3	20260305-1900	92.95
NO1	20260305-0900	82.81
NO1	20260305-0600	103.12
NO1	20260305-0700	98.41
NO1	20260305-1100	64.92
NO1	20260305-0500	95.68
NO1	20260305-1600	108.25
NO1	20260305-1700	105.84
NO1	20260305-0400	92.45
NO1	20260305-0200	92.45
NO1	20260305-0100	92.45
NO1	20260305-1400	82.81
NO1	20260305-2200	87.88
NO1	20260305-0000	92.45
NO1	20260305-2100	92.7
NO1	20260305-1200	66.29
NO1	20260305-2000	92.7
NO1	20260305-1300	71.51
NO1	20260305-1000	70.77
NO1	20260305-1500	92.95
NO1	20260305-0300	92.45
NO1	20260305-1800	98.41
NO1	20260305-2300	87.88
NO1	20260305-0800	92.7
NO1	20260305-1900	92.95
DE_LU	20260305-0900	92.01
DE_LU	20260305-0600	125.87
DE_LU	20260305-0700	109.34
DE_LU	20260305-1100	49.12
DE_LU	20260305-0500	111.15
DE_LU	20260305-1600	131.21
DE_LU	20260305-1700	125.87
DE_LU	20260305-0400	103.28
DE_LU	20260305-0200	103.28
DE_LU	20260305-0100	103.28
DE_LU	20260305-1400	92.01
DE_LU	20260305-2200	102.72
DE_LU	20260305-0000	103.28
DE_LU	20260305-2100	102.72
DE_LU	20260305-1200	56.85
DE_LU	20260305-2000	102.72
DE_LU	20260305-1300	68.13
DE_LU	20260305-1000	68.13
DE_LU	20260305-1500	109.34
DE_LU	20260305-0300	103.28
DE_LU	20260305-1800	109.34
DE_LU	20260305-2300	92.01
DE_LU	20260305-0800	102.72
DE_LU	20260305-1900	109.34
SK	20260305-0900	75.09
SK	20260305-0600	103.28
SK	20260305-0700	98.41
SK	20260305-1100	64.92
SK	20260305-0500	95.68
SK	20260305-1600	109.34
SK	20260305-1700	117.6
SK	20260305-0400	92.45
SK	20260305-0200	92.45
SK	20260305-0100	92.45
SK	20260305-1400	82.81
SK	20260305-2200	87.88
SK	20260305-0000	92.45
SK	20260305-2100	92.7
SK	20260305-1200	57
SK	20260305-2000	92.7
SK	20260305-1300	71.51
SK	20260305-1000	63.71
SK	20260305-1500	92.95
SK	20260305-0300	92.45
SK	20260305-1800	109.34
SK	20260305-2300	87.88
SK	20260305-0800	92.7
SK	20260305-1900	103.28
EE	20260305-0900	75.34
EE	20260305-0600	75.34
EE	20260305-0700	84.97
EE	20260305-1100	57
EE	20260305-0500	75.34
EE	20260305-1600	101.19
EE	20260305-1700	98
EE	20260305-0400	70.45
EE	20260305-0200	39.66
EE	20260305-0100	39.66
EE	20260305-1400	92.01
EE	20260305-2200	75.34
EE	20260305-0000	39.66
EE	20260305-2100	102.72
EE	20260305-1200	57
EE	20260305-2000	102.72
EE	20260305-1300	68.13
EE	20260305-1000	68.13
EE	20260305-1500	102.72
EE	20260305-0300	39.66
EE	20260305-1800	88.12
EE	20260305-2300	75.34
EE	20260305-0800	82.38
EE	20260305-1900	109.34
SE4	20260305-0900	75.34
SE4	20260305-0600	115.09
SE4	20260305-0700	107.16
SE4	20260305-1100	57
SE4	20260305-0500	82.57
SE4	20260305-1600	101.19
SE4	20260305-1700	98
SE4	20260305-0400	70.45
SE4	20260305-0200	64.25
SE4	20260305-0100	63.12
SE4	20260305-1400	92.01
SE4	20260305-2200	102.72
SE4	20260305-0000	63.12
SE4	20260305-2100	102.72
SE4	20260305-1200	57
SE4	20260305-2000	102.72
SE4	20260305-1300	68.13
SE4	20260305-1000	68.13
SE4	20260305-1500	102.72
SE4	20260305-0300	64.25
SE4	20260305-1800	88.12
SE4	20260305-2300	92.01
SE4	20260305-0800	84.17
SE4	20260305-1900	109.34
SI	20260306-1600	135.17
SI	20260306-0100	102.43
SI	20260306-1400	67.83
SI	20260306-0700	78.57
SI	20260306-0300	102.43
SI	20260306-1900	118.57
SI	20260306-2000	118.57
SI	20260306-2100	110.8
SI	20260306-2300	110.8
SI	20260306-0900	59.41
SI	20260306-0400	112.64
SI	20260306-2200	110.8
SI	20260306-1700	185.92
SI	20260306-1800	172.46
SI	20260306-1200	5.39
SI	20260306-0800	102.43
SI	20260306-1100	5.39
SI	20260306-0000	102.43
SI	20260306-1000	12.5
SI	20260306-0500	112.64
SI	20260306-0200	78.57
SI	20260306-1500	110.8
SI	20260306-1300	5.93
SI	20260306-0600	110.8
ES	20260306-1600	78.57
ES	20260306-0100	48.21
ES	20260306-1400	48.28
ES	20260306-0700	112.64
ES	20260306-0300	16
ES	20260306-1900	112.64
ES	20260306-2000	112.64
ES	20260306-2100	103.2
ES	20260306-2300	78.57
ES	20260306-0900	55.71
ES	20260306-0400	48.32
ES	20260306-2200	78.57
ES	20260306-1700	112.64
ES	20260306-1800	135.56
ES	20260306-1200	45.44
ES	20260306-0800	97.86
ES	20260306-1100	50.41
ES	20260306-0000	47.36
ES	20260306-1000	54.44
ES	20260306-0500	49.2
ES	20260306-0200	48.3
ES	20260306-1500	56.41
ES	20260306-1300	46.2
ES	20260306-0600	78.57
GR	20260306-1600	135.17
GR	20260306-0100	102.43
GR	20260306-1400	67.83
GR	20260306-0700	78.57
GR	20260306-0300	102.43
GR	20260306-1900	135.17
GR	20260306-2000	135.17
GR	20260306-2100	112.64
GR	20260306-2300	112.64
GR	20260306-0900	5.39
GR	20260306-0400	112.64
GR	20260306-2200	112.64
GR	20260306-1700	187.1
GR	20260306-1800	172.46
GR	20260306-1200	5.39
GR	20260306-0800	5.93
GR	20260306-1100	5.14
GR	20260306-0000	102.43
GR	20260306-1000	5
GR	20260306-0500	112.64
GR	20260306-0200	102.43
GR	20260306-1500	112.64
GR	20260306-1300	5.93
GR	20260306-0600	112.64
IT-CNORTH	20260306-1600	146.36
IT-CNORTH	20260306-0100	135.17
IT-CNORTH	20260306-1400	135.17
IT-CNORTH	20260306-0700	213.43
IT-CNORTH	20260306-0300	135.17
IT-CNORTH	20260306-1900	135.17
IT-CNORTH	20260306-2000	135.17
IT-CNORTH	20260306-2100	135.17
IT-CNORTH	20260306-2300	135.17
IT-CNORTH	20260306-0900	135.17
IT-CNORTH	20260306-0400	135.17
IT-CNORTH	20260306-2200	135.17
IT-CNORTH	20260306-1700	185.92
IT-CNORTH	20260306-1800	172.46
IT-CNORTH	20260306-1200	135.17
IT-CNORTH	20260306-0800	259.26
IT-CNORTH	20260306-1100	135.17
IT-CNORTH	20260306-0000	135.17
IT-CNORTH	20260306-1000	135.17
IT-CNORTH	20260306-0500	135.17
IT-CNORTH	20260306-0200	135.17
IT-CNORTH	20260306-1500	135.17
IT-CNORTH	20260306-1300	135.17
IT-CNORTH	20260306-0600	135.17
HU	20260306-1600	135.17
HU	20260306-0100	102.43
HU	20260306-1400	67.83
HU	20260306-0700	78.57
HU	20260306-0300	102.43
HU	20260306-1900	135.17
HU	20260306-2000	135.17
HU	20260306-2100	112.64
HU	20260306-2300	110.8
HU	20260306-0900	5.39
HU	20260306-0400	112.64
HU	20260306-2200	112.64
HU	20260306-1700	187.1
HU	20260306-1800	172.46
HU	20260306-1200	5.39
HU	20260306-0800	8.42
HU	20260306-1100	5.14
HU	20260306-0000	102.43
HU	20260306-1000	5
HU	20260306-0500	112.64
HU	20260306-0200	102.43
HU	20260306-1500	112.64
HU	20260306-1300	5.93
HU	20260306-0600	112.64
IT-SOUTH	20260306-1600	135.17
IT-SOUTH	20260306-0100	135.17
IT-SOUTH	20260306-1400	135.17
IT-SOUTH	20260306-0700	135.17
IT-SOUTH	20260306-0300	135.17
IT-SOUTH	20260306-1900	135.17
IT-SOUTH	20260306-2000	135.17
IT-SOUTH	20260306-2100	135.17
IT-SOUTH	20260306-2300	135.17
IT-SOUTH	20260306-0900	135.17
IT-SOUTH	20260306-0400	135.17
IT-SOUTH	20260306-2200	135.17
IT-SOUTH	20260306-1700	135.17
IT-SOUTH	20260306-1800	135.17
IT-SOUTH	20260306-1200	135.17
IT-SOUTH	20260306-0800	135.17
IT-SOUTH	20260306-1100	135.17
IT-SOUTH	20260306-0000	135.17
IT-SOUTH	20260306-1000	135.17
IT-SOUTH	20260306-0500	135.17
IT-SOUTH	20260306-0200	135.17
IT-SOUTH	20260306-1500	135.17
IT-SOUTH	20260306-1300	135.17
IT-SOUTH	20260306-0600	135.17
IT-Sicily	20260306-1600	135.17
IT-Sicily	20260306-0100	135.17
IT-Sicily	20260306-1400	135.17
IT-Sicily	20260306-0700	135.17
IT-Sicily	20260306-0300	135.17
IT-Sicily	20260306-1900	135.17
IT-Sicily	20260306-2000	135.17
IT-Sicily	20260306-2100	135.17
IT-Sicily	20260306-2300	135.17
IT-Sicily	20260306-0900	135.17
IT-Sicily	20260306-0400	135.17
IT-Sicily	20260306-2200	135.17
IT-Sicily	20260306-1700	135.17
IT-Sicily	20260306-1800	135.17
IT-Sicily	20260306-1200	135.17
IT-Sicily	20260306-0800	135.17
IT-Sicily	20260306-1100	135.17
IT-Sicily	20260306-0000	135.17
IT-Sicily	20260306-1000	135.17
IT-Sicily	20260306-0500	135.17
IT-Sicily	20260306-0200	135.17
IT-Sicily	20260306-1500	135.17
IT-Sicily	20260306-1300	135.17
IT-Sicily	20260306-0600	135.17
IT-Sardinia	20260306-1600	135.17
IT-Sardinia	20260306-0100	134.86
IT-Sardinia	20260306-1400	135.17
IT-Sardinia	20260306-0700	130.59
IT-Sardinia	20260306-0300	129.96
IT-Sardinia	20260306-1900	135.17
IT-Sardinia	20260306-2000	135.17
IT-Sardinia	20260306-2100	135.17
IT-Sardinia	20260306-2300	135.17
IT-Sardinia	20260306-0900	123.84
IT-Sardinia	20260306-0400	123.84
IT-Sardinia	20260306-2200	135.17
IT-Sardinia	20260306-1700	135.17
IT-Sardinia	20260306-1800	135.17
IT-Sardinia	20260306-1200	135.17
IT-Sardinia	20260306-0800	135.17
IT-Sardinia	20260306-1100	135.17
IT-Sardinia	20260306-0000	126.7
IT-Sardinia	20260306-1000	123.84
IT-Sardinia	20260306-0500	135.17
IT-Sardinia	20260306-0200	123.84
IT-Sardinia	20260306-1500	135.17
IT-Sardinia	20260306-1300	123.84
IT-Sardinia	20260306-0600	123.84
RS	20260306-1600	135.17
RS	20260306-0100	102.43
RS	20260306-1400	67.83
RS	20260306-0700	78.57
RS	20260306-0300	102.43
RS	20260306-1900	135.17
RS	20260306-2000	135.17
RS	20260306-2100	112.64
RS	20260306-2300	112.64
RS	20260306-0900	5.39
RS	20260306-0400	112.64
RS	20260306-2200	112.64
RS	20260306-1700	187.1
RS	20260306-1800	172.46
RS	20260306-1200	5.39
RS	20260306-0800	8.42
RS	20260306-1100	5.14
RS	20260306-0000	102.43
RS	20260306-1000	5
RS	20260306-0500	112.64
RS	20260306-0200	102.43
RS	20260306-1500	112.64
RS	20260306-1300	5.93
RS	20260306-0600	112.64
DK1	20260306-1600	146.36
DK1	20260306-0100	102.43
DK1	20260306-1400	102.43
DK1	20260306-0700	112.64
DK1	20260306-0300	103.2
DK1	20260306-1900	135.17
DK1	20260306-2000	118.57
DK1	20260306-2100	112.64
DK1	20260306-2300	107.61
DK1	20260306-0900	101.63
DK1	20260306-0400	103.2
DK1	20260306-2200	112.64
DK1	20260306-1700	185.92
DK1	20260306-1800	172.46
DK1	20260306-1200	101.47
DK1	20260306-0800	102.43
DK1	20260306-1100	101.47
DK1	20260306-0000	102.03
DK1	20260306-1000	103.2
DK1	20260306-0500	118.57
DK1	20260306-0200	102.43
DK1	20260306-1500	112.64
DK1	20260306-1300	103.2
DK1	20260306-0600	127.1
CH	20260306-1600	146.36
CH	20260306-0100	112.64
CH	20260306-1400	107.18
CH	20260306-0700	213.43
CH	20260306-0300	112.64
CH	20260306-1900	135.17
CH	20260306-2000	118.57
CH	20260306-2100	116.02
CH	20260306-2300	107.61
CH	20260306-0900	101.63
CH	20260306-0400	118.34
CH	20260306-2200	112.64
CH	20260306-1700	185.92
CH	20260306-1800	172.46
CH	20260306-1200	76.94
CH	20260306-0800	118.57
CH	20260306-1100	73.42
CH	20260306-0000	108.15
CH	20260306-1000	91.8
CH	20260306-0500	118.57
CH	20260306-0200	112.64
CH	20260306-1500	118.57
CH	20260306-1300	91.8
CH	20260306-0600	135.17
SE1	20260306-1600	1
SE1	20260306-0100	1
SE1	20260306-1400	1
SE1	20260306-0700	1
SE1	20260306-0300	1
SE1	20260306-1900	1
SE1	20260306-2000	1
SE1	20260306-2100	1
SE1	20260306-2300	1
SE1	20260306-0900	1
SE1	20260306-0400	1
SE1	20260306-2200	1
SE1	20260306-1700	1
SE1	20260306-1800	1
SE1	20260306-1200	1
SE1	20260306-0800	1
SE1	20260306-1100	1
SE1	20260306-0000	1
SE1	20260306-1000	1
SE1	20260306-0500	1
SE1	20260306-0200	1
SE1	20260306-1500	1
SE1	20260306-1300	1
SE1	20260306-0600	1
NO4	20260306-1600	45.51
NO4	20260306-0100	24.9
NO4	20260306-1400	38.13
NO4	20260306-0700	40.57
NO4	20260306-0300	26.46
NO4	20260306-1900	45.31
NO4	20260306-2000	44.54
NO4	20260306-2100	43.21
NO4	20260306-2300	35.52
NO4	20260306-0900	38.39
NO4	20260306-0400	29.72
NO4	20260306-2200	41.68
NO4	20260306-1700	45.65
NO4	20260306-1800	45.2
NO4	20260306-1200	37.58
NO4	20260306-0800	39.82
NO4	20260306-1100	38.51
NO4	20260306-0000	26.95
NO4	20260306-1000	37.81
NO4	20260306-0500	36.07
NO4	20260306-0200	26.65
NO4	20260306-1500	42.34
NO4	20260306-1300	35.6
NO4	20260306-0600	41.84
SE3	20260306-1600	118.57
SE3	20260306-0100	91.33
SE3	20260306-1400	92.01
SE3	20260306-0700	101.38
SE3	20260306-0300	92.19
SE3	20260306-1900	118.57
SE3	20260306-2000	101.38
SE3	20260306-2100	101.38
SE3	20260306-2300	92.88
SE3	20260306-0900	91.8
SE3	20260306-0400	92.44
SE3	20260306-2200	94.1
SE3	20260306-1700	118.57
SE3	20260306-1800	118.57
SE3	20260306-1200	101.47
SE3	20260306-0800	92.19
SE3	20260306-1100	101.47
SE3	20260306-0000	82.62
SE3	20260306-1000	103.2
SE3	20260306-0500	101.38
SE3	20260306-0200	92.19
SE3	20260306-1500	101.38
SE3	20260306-1300	103.2
SE3	20260306-0600	114.39
FR	20260306-1600	78.57
FR	20260306-0100	48.21
FR	20260306-1400	48.28
FR	20260306-0700	112.64
FR	20260306-0300	39.8
FR	20260306-1900	112.64
FR	20260306-2000	112.64
FR	20260306-2100	103.2
FR	20260306-2300	78.57
FR	20260306-0900	55.71
FR	20260306-0400	48.32
FR	20260306-2200	78.57
FR	20260306-1700	123.39
FR	20260306-1800	135.56
FR	20260306-1200	45.44
FR	20260306-0800	97.86
FR	20260306-1100	50.41
FR	20260306-0000	47.36
FR	20260306-1000	54.44
FR	20260306-0500	49.2
FR	20260306-0200	48.3
FR	20260306-1500	56.41
FR	20260306-1300	46.2
FR	20260306-0600	78.57
FI	20260306-1600	9.5
FI	20260306-0100	15.85
FI	20260306-1400	9.5
FI	20260306-0700	5
FI	20260306-0300	11.95
FI	20260306-1900	5
FI	20260306-2000	3.97
FI	20260306-2100	4.8
FI	20260306-2300	5
FI	20260306-0900	9.5
FI	20260306-0400	9.5
FI	20260306-2200	3.97
FI	20260306-1700	9.5
FI	20260306-1800	5
FI	20260306-1200	9.5
FI	20260306-0800	5
FI	20260306-1100	9.5
FI	20260306-0000	56.63
FI	20260306-1000	9.5
FI	20260306-0500	9.5
FI	20260306-0200	15.62
FI	20260306-1500	9.5
FI	20260306-1300	9.5
FI	20260306-0600	9.5
PL	20260306-1600	102.43
PL	20260306-0100	91.8
PL	20260306-1400	91.8
PL	20260306-0700	91.8
PL	20260306-0300	91.8
PL	20260306-1900	102.43
PL	20260306-2000	102.43
PL	20260306-2100	91.8
PL	20260306-2300	91.8
PL	20260306-0900	56.63
PL	20260306-0400	102.43
PL	20260306-2200	91.8
PL	20260306-1700	102.43
PL	20260306-1800	102.43
PL	20260306-1200	56.63
PL	20260306-0800	78.57
PL	20260306-1100	56.63
PL	20260306-0000	91.8
PL	20260306-1000	56.63
PL	20260306-0500	102.43
PL	20260306-0200	91.8
PL	20260306-1500	91.8
PL	20260306-1300	67.83
PL	20260306-0600	102.43
IT-Calabria	20260306-1600	135.17
IT-Calabria	20260306-0100	135.17
IT-Calabria	20260306-1400	135.17
IT-Calabria	20260306-0700	135.17
IT-Calabria	20260306-0300	135.17
IT-Calabria	20260306-1900	135.17
IT-Calabria	20260306-2000	135.17
IT-Calabria	20260306-2100	135.17
IT-Calabria	20260306-2300	135.17
IT-Calabria	20260306-0900	135.17
IT-Calabria	20260306-0400	135.17
IT-Calabria	20260306-2200	135.17
IT-Calabria	20260306-1700	135.17
IT-Calabria	20260306-1800	135.17
IT-Calabria	20260306-1200	135.17
IT-Calabria	20260306-0800	135.17
IT-Calabria	20260306-1100	135.17
IT-Calabria	20260306-0000	135.17
IT-Calabria	20260306-1000	135.17
IT-Calabria	20260306-0500	135.17
IT-Calabria	20260306-0200	135.17
IT-Calabria	20260306-1500	135.17
IT-Calabria	20260306-1300	135.17
IT-Calabria	20260306-0600	135.17
AT	20260306-1600	146.36
AT	20260306-0100	112.64
AT	20260306-1400	107.18
AT	20260306-0700	118.57
AT	20260306-0300	112.64
AT	20260306-1900	135.17
AT	20260306-2000	118.57
AT	20260306-2100	116.02
AT	20260306-2300	107.61
AT	20260306-0900	101.63
AT	20260306-0400	118.34
AT	20260306-2200	112.64
AT	20260306-1700	185.92
AT	20260306-1800	172.46
AT	20260306-1200	76.94
AT	20260306-0800	118.57
AT	20260306-1100	73.42
AT	20260306-0000	108.15
AT	20260306-1000	91.8
AT	20260306-0500	118.57
AT	20260306-0200	112.64
AT	20260306-1500	118.57
AT	20260306-1300	91.8
AT	20260306-0600	118.57
SE2	20260306-1600	1
SE2	20260306-0100	1
SE2	20260306-1400	1
SE2	20260306-0700	1
SE2	20260306-0300	1
SE2	20260306-1900	1
SE2	20260306-2000	1
SE2	20260306-2100	1
SE2	20260306-2300	1
SE2	20260306-0900	1
SE2	20260306-0400	1
SE2	20260306-2200	1
SE2	20260306-1700	1
SE2	20260306-1800	1
SE2	20260306-1200	1
SE2	20260306-0800	1
SE2	20260306-1100	1
SE2	20260306-0000	1
SE2	20260306-1000	1
SE2	20260306-0500	1
SE2	20260306-0200	1
SE2	20260306-1500	1
SE2	20260306-1300	1
SE2	20260306-0600	1
IT-NORTH	20260306-1600	146.36
IT-NORTH	20260306-0100	135.17
IT-NORTH	20260306-1400	135.17
IT-NORTH	20260306-0700	213.43
IT-NORTH	20260306-0300	135.17
IT-NORTH	20260306-1900	135.17
IT-NORTH	20260306-2000	135.17
IT-NORTH	20260306-2100	135.17
IT-NORTH	20260306-2300	135.17
IT-NORTH	20260306-0900	135.17
IT-NORTH	20260306-0400	135.17
IT-NORTH	20260306-2200	135.17
IT-NORTH	20260306-1700	185.92
IT-NORTH	20260306-1800	172.46
IT-NORTH	20260306-1200	135.17
IT-NORTH	20260306-0800	259.26
IT-NORTH	20260306-1100	135.17
IT-NORTH	20260306-0000	135.17
IT-NORTH	20260306-1000	135.17
IT-NORTH	20260306-0500	135.17
IT-NORTH	20260306-0200	135.17
IT-NORTH	20260306-1500	135.17
IT-NORTH	20260306-1300	135.17
IT-NORTH	20260306-0600	135.17
LT	20260306-1600	118.57
LT	20260306-0100	91.8
LT	20260306-1400	102.43
LT	20260306-0700	112.64
LT	20260306-0300	91.8
LT	20260306-1900	112.64
LT	20260306-2000	103.2
LT	20260306-2100	94.57
LT	20260306-2300	61.13
LT	20260306-0900	101.63
LT	20260306-0400	103.2
LT	20260306-2200	78.57
LT	20260306-1700	118.57
LT	20260306-1800	118.57
LT	20260306-1200	75
LT	20260306-0800	103.2
LT	20260306-1100	67.83
LT	20260306-0000	91.8
LT	20260306-1000	91.8
LT	20260306-0500	118.57
LT	20260306-0200	91.8
LT	20260306-1500	103.2
LT	20260306-1300	91.8
LT	20260306-0600	127.1
PT	20260306-1600	78.57
PT	20260306-0100	48.21
PT	20260306-1400	48.28
PT	20260306-0700	112.64
PT	20260306-0300	16
PT	20260306-1900	112.64
PT	20260306-2000	112.64
PT	20260306-2100	103.2
PT	20260306-2300	78.57
PT	20260306-0900	55.71
PT	20260306-0400	48.32
PT	20260306-2200	78.57
PT	20260306-1700	112.64
PT	20260306-1800	135.56
PT	20260306-1200	45.44
PT	20260306-0800	97.86
PT	20260306-1100	50.41
PT	20260306-0000	47.36
PT	20260306-1000	54.44
PT	20260306-0500	49.2
PT	20260306-0200	48.3
PT	20260306-1500	56.41
PT	20260306-1300	46.2
PT	20260306-0600	78.57
NO2	20260306-1600	136.09
NO2	20260306-0100	116.69
NO2	20260306-1400	117.89
NO2	20260306-0700	118.57
NO2	20260306-0300	117.79
NO2	20260306-1900	128.31
NO2	20260306-2000	118.57
NO2	20260306-2100	118.57
NO2	20260306-2300	118.57
NO2	20260306-0900	109.55
NO2	20260306-0400	118.11
NO2	20260306-2200	118.57
NO2	20260306-1700	163.61
NO2	20260306-1800	154.25
NO2	20260306-1200	91.46
NO2	20260306-0800	118.05
NO2	20260306-1100	81.11
NO2	20260306-0000	108.95
NO2	20260306-1000	109.55
NO2	20260306-0500	118.57
NO2	20260306-0200	117.79
NO2	20260306-1500	118.57
NO2	20260306-1300	98.97
NO2	20260306-0600	121.36
LV	20260306-1600	118.57
LV	20260306-0100	91.8
LV	20260306-1400	102.43
LV	20260306-0700	78.57
LV	20260306-0300	91.8
LV	20260306-1900	112.64
LV	20260306-2000	103.2
LV	20260306-2100	94.57
LV	20260306-2300	61.13
LV	20260306-0900	78.57
LV	20260306-0400	103.2
LV	20260306-2200	78.57
LV	20260306-1700	118.57
LV	20260306-1800	118.57
LV	20260306-1200	75
LV	20260306-0800	5.93
LV	20260306-1100	9.5
LV	20260306-0000	91.8
LV	20260306-1000	9.5
LV	20260306-0500	118.57
LV	20260306-0200	91.8
LV	20260306-1500	103.2
LV	20260306-1300	91.8
LV	20260306-0600	127.1
NL	20260306-1600	112.64
NL	20260306-0100	102.43
NL	20260306-1400	103.2
NL	20260306-0700	112.64
NL	20260306-0300	103.2
NL	20260306-1900	112.64
NL	20260306-2000	112.64
NL	20260306-2100	112.64
NL	20260306-2300	107.61
NL	20260306-0900	103.2
NL	20260306-0400	103.2
NL	20260306-2200	112.64
NL	20260306-1700	112.64
NL	20260306-1800	112.64
NL	20260306-1200	101.47
NL	20260306-0800	103.2
NL	20260306-1100	101.47
NL	20260306-0000	103.2
NL	20260306-1000	103.2
NL	20260306-0500	103.2
NL	20260306-0200	102.43
NL	20260306-1500	110.03
NL	20260306-1300	103.2
NL	20260306-0600	112.64
NO5	20260306-1600	118.57
NO5	20260306-0100	96.77
NO5	20260306-1400	97.94
NO5	20260306-0700	107.41
NO5	20260306-0300	97.67
NO5	20260306-1900	118.15
NO5	20260306-2000	107.41
NO5	20260306-2100	107.41
NO5	20260306-2300	98.41
NO5	20260306-0900	92.97
NO5	20260306-0400	97.94
NO5	20260306-2200	99.7
NO5	20260306-1700	118.57
NO5	20260306-1800	118.57
NO5	20260306-1200	81.72
NO5	20260306-0800	98.04
NO5	20260306-1100	75.55
NO5	20260306-0000	92.16
NO5	20260306-1000	92.97
NO5	20260306-0500	102.91
NO5	20260306-0200	97.67
NO5	20260306-1500	106.16
NO5	20260306-1300	86.66
NO5	20260306-0600	112.2
BE	20260306-1600	188.28
BE	20260306-0100	91.33
BE	20260306-1400	112.64
BE	20260306-0700	112.64
BE	20260306-0300	92.19
BE	20260306-1900	158.92
BE	20260306-2000	112.64
BE	20260306-2100	112.64
BE	20260306-2300	103.2
BE	20260306-0900	87.75
BE	20260306-0400	102.71
BE	20260306-2200	112.64
BE	20260306-1700	204.99
BE	20260306-1800	213.43
BE	20260306-1200	78.57
BE	20260306-0800	102.82
BE	20260306-1100	78.57
BE	20260306-0000	86.98
BE	20260306-1000	87.75
BE	20260306-0500	107.92
BE	20260306-0200	92.19
BE	20260306-1500	112.64
BE	20260306-1300	90.88
BE	20260306-0600	112.64
RO	20260306-1600	135.17
RO	20260306-0100	102.43
RO	20260306-1400	67.83
RO	20260306-0700	78.57
RO	20260306-0300	102.43
RO	20260306-1900	135.17
RO	20260306-2000	135.17
RO	20260306-2100	112.64
RO	20260306-2300	112.64
RO	20260306-0900	5.39
RO	20260306-0400	112.64
RO	20260306-2200	112.64
RO	20260306-1700	187.1
RO	20260306-1800	172.46
RO	20260306-1200	5.39
RO	20260306-0800	8.42
RO	20260306-1100	5.14
RO	20260306-0000	102.43
RO	20260306-1000	5
RO	20260306-0500	112.64
RO	20260306-0200	102.43
RO	20260306-1500	112.64
RO	20260306-1300	5.93
RO	20260306-0600	112.64
DK2	20260306-1600	146.36
DK2	20260306-0100	102.43
DK2	20260306-1400	102.43
DK2	20260306-0700	112.64
DK2	20260306-0300	103.2
DK2	20260306-1900	135.17
DK2	20260306-2000	118.57
DK2	20260306-2100	112.64
DK2	20260306-2300	107.61
DK2	20260306-0900	101.63
DK2	20260306-0400	103.2
DK2	20260306-2200	112.64
DK2	20260306-1700	185.92
DK2	20260306-1800	172.46
DK2	20260306-1200	75
DK2	20260306-0800	102.43
DK2	20260306-1100	67.83
DK2	20260306-0000	102.03
DK2	20260306-1000	91.8
DK2	20260306-0500	118.57
DK2	20260306-0200	102.43
DK2	20260306-1500	112.64
DK2	20260306-1300	91.8
DK2	20260306-0600	127.1
BG	20260306-1600	135.17
BG	20260306-0100	102.43
BG	20260306-1400	67.83
BG	20260306-0700	78.57
BG	20260306-0300	102.43
BG	20260306-1900	135.17
BG	20260306-2000	135.17
BG	20260306-2100	112.64
BG	20260306-2300	112.64
BG	20260306-0900	5.39
BG	20260306-0400	112.64
BG	20260306-2200	112.64
BG	20260306-1700	187.1
BG	20260306-1800	172.46
BG	20260306-1200	5.39
BG	20260306-0800	8.42
BG	20260306-1100	5.14
BG	20260306-0000	102.43
BG	20260306-1000	5
BG	20260306-0500	112.64
BG	20260306-0200	102.43
BG	20260306-1500	112.64
BG	20260306-1300	5.93
BG	20260306-0600	112.64
IT-CSOUTH	20260306-1600	135.17
IT-CSOUTH	20260306-0100	135.17
IT-CSOUTH	20260306-1400	135.17
IT-CSOUTH	20260306-0700	135.17
IT-CSOUTH	20260306-0300	135.17
IT-CSOUTH	20260306-1900	135.17
IT-CSOUTH	20260306-2000	135.17
IT-CSOUTH	20260306-2100	135.17
IT-CSOUTH	20260306-2300	135.17
IT-CSOUTH	20260306-0900	135.17
IT-CSOUTH	20260306-0400	135.17
IT-CSOUTH	20260306-2200	135.17
IT-CSOUTH	20260306-1700	135.17
IT-CSOUTH	20260306-1800	135.17
IT-CSOUTH	20260306-1200	135.17
IT-CSOUTH	20260306-0800	135.17
IT-CSOUTH	20260306-1100	135.17
IT-CSOUTH	20260306-0000	135.17
IT-CSOUTH	20260306-1000	135.17
IT-CSOUTH	20260306-0500	135.17
IT-CSOUTH	20260306-0200	135.17
IT-CSOUTH	20260306-1500	135.17
IT-CSOUTH	20260306-1300	135.17
IT-CSOUTH	20260306-0600	135.17
CZ	20260306-1600	102.43
CZ	20260306-0100	91.8
CZ	20260306-1400	67.83
CZ	20260306-0700	102.43
CZ	20260306-0300	91.8
CZ	20260306-1900	102.43
CZ	20260306-2000	102.43
CZ	20260306-2100	91.8
CZ	20260306-2300	67.83
CZ	20260306-0900	67.83
CZ	20260306-0400	102.43
CZ	20260306-2200	91.8
CZ	20260306-1700	102.43
CZ	20260306-1800	102.43
CZ	20260306-1200	57
CZ	20260306-0800	76.42
CZ	20260306-1100	56.63
CZ	20260306-0000	91.8
CZ	20260306-1000	57
CZ	20260306-0500	102.43
CZ	20260306-0200	91.8
CZ	20260306-1500	91.8
CZ	20260306-1300	67.83
CZ	20260306-0600	102.43
NO3	20260306-1600	129.5
NO3	20260306-0100	91.33
NO3	20260306-1400	102.72
NO3	20260306-0700	101.38
NO3	20260306-0300	92.19
NO3	20260306-1900	123.9
NO3	20260306-2000	112.64
NO3	20260306-2100	101.38
NO3	20260306-2300	92.88
NO3	20260306-0900	97.5
NO3	20260306-0400	92.44
NO3	20260306-2200	94.1
NO3	20260306-1700	149.28
NO3	20260306-1800	142.55
NO3	20260306-1200	85.7
NO3	20260306-0800	92.53
NO3	20260306-1100	79.24
NO3	20260306-0000	86.98
NO3	20260306-1000	97.5
NO3	20260306-0500	97.13
NO3	20260306-0200	92.19
NO3	20260306-1500	111.34
NO3	20260306-1300	90.88
NO3	20260306-0600	105.9
NO1	20260306-1600	116.55
NO1	20260306-0100	91.33
NO1	20260306-1400	92.44
NO1	20260306-0700	101.38
NO1	20260306-0300	92.19
NO1	20260306-1900	111.51
NO1	20260306-2000	101.38
NO1	20260306-2100	101.38
NO1	20260306-2300	92.88
NO1	20260306-0900	87.75
NO1	20260306-0400	92.44
NO1	20260306-2200	94.1
NO1	20260306-1700	118.57
NO1	20260306-1800	118.57
NO1	20260306-1200	77.13
NO1	20260306-0800	92.53
NO1	20260306-1100	71.31
NO1	20260306-0000	86.98
NO1	20260306-1000	87.75
NO1	20260306-0500	97.13
NO1	20260306-0200	92.19
NO1	20260306-1500	100.2
NO1	20260306-1300	81.8
NO1	20260306-0600	105.9
DE_LU	20260306-1600	146.36
DE_LU	20260306-0100	102.43
DE_LU	20260306-1400	102.43
DE_LU	20260306-0700	112.64
DE_LU	20260306-0300	103.2
DE_LU	20260306-1900	135.17
DE_LU	20260306-2000	118.57
DE_LU	20260306-2100	112.64
DE_LU	20260306-2300	107.61
DE_LU	20260306-0900	101.63
DE_LU	20260306-0400	103.2
DE_LU	20260306-2200	112.64
DE_LU	20260306-1700	185.92
DE_LU	20260306-1800	172.46
DE_LU	20260306-1200	75
DE_LU	20260306-0800	102.43
DE_LU	20260306-1100	67.83
DE_LU	20260306-0000	102.03
DE_LU	20260306-1000	91.8
DE_LU	20260306-0500	118.57
DE_LU	20260306-0200	102.43
DE_LU	20260306-1500	112.64
DE_LU	20260306-1300	91.8
DE_LU	20260306-0600	127.1
SK	20260306-1600	116.55
SK	20260306-0100	91.33
SK	20260306-1400	92.44
SK	20260306-0700	101.38
SK	20260306-0300	92.19
SK	20260306-1900	111.51
SK	20260306-2000	101.38
SK	20260306-2100	101.38
SK	20260306-2300	92.88
SK	20260306-0900	87.75
SK	20260306-0400	92.44
SK	20260306-2200	94.1
SK	20260306-1700	118.57
SK	20260306-1800	118.57
SK	20260306-1200	77.13
SK	20260306-0800	92.53
SK	20260306-1100	71.31
SK	20260306-0000	86.98
SK	20260306-1000	87.75
SK	20260306-0500	97.13
SK	20260306-0200	92.19
SK	20260306-1500	100.2
SK	20260306-1300	81.8
SK	20260306-0600	105.9
EE	20260306-1600	75.34
EE	20260306-0100	75.34
EE	20260306-1400	39.66
EE	20260306-0700	39.66
EE	20260306-0300	75.34
EE	20260306-1900	75.34
EE	20260306-2000	39.66
EE	20260306-2100	39.66
EE	20260306-2300	39.66
EE	20260306-0900	9.5
EE	20260306-0400	103.2
EE	20260306-2200	39.66
EE	20260306-1700	75.34
EE	20260306-1800	75.34
EE	20260306-1200	9.5
EE	20260306-0800	5
EE	20260306-1100	9.5
EE	20260306-0000	75.34
EE	20260306-1000	9.5
EE	20260306-0500	118.57
EE	20260306-0200	75.34
EE	20260306-1500	75.34
EE	20260306-1300	9.5
EE	20260306-0600	75.34
SE4	20260306-1600	118.57
SE4	20260306-0100	91.8
SE4	20260306-1400	102.43
SE4	20260306-0700	112.64
SE4	20260306-0300	91.8
SE4	20260306-1900	112.64
SE4	20260306-2000	103.2
SE4	20260306-2100	94.57
SE4	20260306-2300	61.13
SE4	20260306-0900	101.63
SE4	20260306-0400	103.2
SE4	20260306-2200	78.57
SE4	20260306-1700	118.57
SE4	20260306-1800	118.57
SE4	20260306-1200	75
SE4	20260306-0800	103.2
SE4	20260306-1100	67.83
SE4	20260306-0000	91.8
SE4	20260306-1000	91.8
SE4	20260306-0500	118.57
SE4	20260306-0200	91.8
SE4	20260306-1500	103.2
SE4	20260306-1300	91.8
SE4	20260306-0600	127.1
SI	20260307-1600	140.64
SI	20260307-1200	5.39
SI	20260307-2200	111.09
SI	20260307-0300	111.43
SI	20260307-2000	102.34
SI	20260307-0800	9.5
SI	20260307-1900	117.1
SI	20260307-2100	117.1
SI	20260307-1800	102.34
SI	20260307-0900	9.5
SI	20260307-0000	117.2
SI	20260307-2300	103.43
SI	20260307-1000	5.39
SI	20260307-1100	5
SI	20260307-0200	111.09
SI	20260307-1700	123.37
SI	20260307-0400	111.15
SI	20260307-1400	67.73
SI	20260307-1300	6.17
SI	20260307-0600	83.37
SI	20260307-0700	9.5
SI	20260307-1500	117.2
SI	20260307-0100	111.09
SI	20260307-0500	102.34
ES	20260307-1600	73.87
ES	20260307-1200	40.37
ES	20260307-2200	117.2
ES	20260307-0300	56.57
ES	20260307-2000	215.88
ES	20260307-0800	72.38
ES	20260307-1900	215.9
ES	20260307-2100	203.93
ES	20260307-1800	138.68
ES	20260307-0900	45.52
ES	20260307-0000	83.72
ES	20260307-2300	117.2
ES	20260307-1000	41.67
ES	20260307-1100	40.37
ES	20260307-0200	70.92
ES	20260307-1700	117.2
ES	20260307-0400	57
ES	20260307-1400	47.99
ES	20260307-1300	43.23
ES	20260307-0600	83.37
ES	20260307-0700	83.37
ES	20260307-1500	49.49
ES	20260307-0100	74.69
ES	20260307-0500	71.6
GR	20260307-1600	117.2
GR	20260307-1200	5.39
GR	20260307-2200	117.2
GR	20260307-0300	111.43
GR	20260307-2000	117.2
GR	20260307-0800	1
GR	20260307-1900	117.2
GR	20260307-2100	117.2
GR	20260307-1800	140.64
GR	20260307-0900	1
GR	20260307-0000	117.2
GR	20260307-2300	103.43
GR	20260307-1000	5.39
GR	20260307-1100	5
GR	20260307-0200	111.09
GR	20260307-1700	140.64
GR	20260307-0400	111.15
GR	20260307-1400	67.73
GR	20260307-1300	6.17
GR	20260307-0600	83.37
GR	20260307-0700	6.17
GR	20260307-1500	117.2
GR	20260307-0100	111.09
GR	20260307-0500	102.34
IT-CNORTH	20260307-1600	140.64
IT-CNORTH	20260307-1200	123.8
IT-CNORTH	20260307-2200	140.64
IT-CNORTH	20260307-0300	140.64
IT-CNORTH	20260307-2000	140.64
IT-CNORTH	20260307-0800	140.64
IT-CNORTH	20260307-1900	140.64
IT-CNORTH	20260307-2100	140.64
IT-CNORTH	20260307-1800	140.64
IT-CNORTH	20260307-0900	140.64
IT-CNORTH	20260307-0000	140.64
IT-CNORTH	20260307-2300	140.64
IT-CNORTH	20260307-1000	123.8
IT-CNORTH	20260307-1100	123.8
IT-CNORTH	20260307-0200	140.64
IT-CNORTH	20260307-1700	140.64
IT-CNORTH	20260307-0400	140.64
IT-CNORTH	20260307-1400	139.44
IT-CNORTH	20260307-1300	123.8
IT-CNORTH	20260307-0600	140.64
IT-CNORTH	20260307-0700	140.64
IT-CNORTH	20260307-1500	140.64
IT-CNORTH	20260307-0100	140.64
IT-CNORTH	20260307-0500	140.64
HU	20260307-1600	145.01
HU	20260307-1200	5.39
HU	20260307-2200	111.09
HU	20260307-0300	111.43
HU	20260307-2000	117.2
HU	20260307-0800	8.06
HU	20260307-1900	117.2
HU	20260307-2100	117.2
HU	20260307-1800	140.64
HU	20260307-0900	5.39
HU	20260307-0000	117.2
HU	20260307-2300	103.43
HU	20260307-1000	5.39
HU	20260307-1100	5
HU	20260307-0200	111.09
HU	20260307-1700	155.83
HU	20260307-0400	111.15
HU	20260307-1400	67.73
HU	20260307-1300	6.17
HU	20260307-0600	83.37
HU	20260307-0700	9.5
HU	20260307-1500	117.2
HU	20260307-0100	111.09
HU	20260307-0500	102.34
IT-SOUTH	20260307-1600	140.64
IT-SOUTH	20260307-1200	123.8
IT-SOUTH	20260307-2200	140.64
IT-SOUTH	20260307-0300	140.64
IT-SOUTH	20260307-2000	140.64
IT-SOUTH	20260307-0800	140.64
IT-SOUTH	20260307-1900	140.64
IT-SOUTH	20260307-2100	140.64
IT-SOUTH	20260307-1800	140.64
IT-SOUTH	20260307-0900	140.64
IT-SOUTH	20260307-0000	140.64
IT-SOUTH	20260307-2300	140.64
IT-SOUTH	20260307-1000	123.8
IT-SOUTH	20260307-1100	123.8
IT-SOUTH	20260307-0200	140.64
IT-SOUTH	20260307-1700	140.64
IT-SOUTH	20260307-0400	140.64
IT-SOUTH	20260307-1400	139.44
IT-SOUTH	20260307-1300	123.8
IT-SOUTH	20260307-0600	140.64
IT-SOUTH	20260307-0700	140.64
IT-SOUTH	20260307-1500	140.64
IT-SOUTH	20260307-0100	140.64
IT-SOUTH	20260307-0500	140.64
IT-Sicily	20260307-1600	140.64
IT-Sicily	20260307-1200	123.8
IT-Sicily	20260307-2200	140.64
IT-Sicily	20260307-0300	140.64
IT-Sicily	20260307-2000	140.64
IT-Sicily	20260307-0800	140.64
IT-Sicily	20260307-1900	140.64
IT-Sicily	20260307-2100	140.64
IT-Sicily	20260307-1800	140.64
IT-Sicily	20260307-0900	140.64
IT-Sicily	20260307-0000	140.64
IT-Sicily	20260307-2300	140.64
IT-Sicily	20260307-1000	123.8
IT-Sicily	20260307-1100	123.8
IT-Sicily	20260307-0200	140.64
IT-Sicily	20260307-1700	140.64
IT-Sicily	20260307-0400	140.64
IT-Sicily	20260307-1400	139.44
IT-Sicily	20260307-1300	123.8
IT-Sicily	20260307-0600	140.64
IT-Sicily	20260307-0700	140.64
IT-Sicily	20260307-1500	140.64
IT-Sicily	20260307-0100	140.64
IT-Sicily	20260307-0500	140.64
IT-Sardinia	20260307-1600	140.64
IT-Sardinia	20260307-1200	123.8
IT-Sardinia	20260307-2200	140.64
IT-Sardinia	20260307-0300	140.64
IT-Sardinia	20260307-2000	140.64
IT-Sardinia	20260307-0800	133.03
IT-Sardinia	20260307-1900	140.64
IT-Sardinia	20260307-2100	140.64
IT-Sardinia	20260307-1800	140.64
IT-Sardinia	20260307-0900	121.49
IT-Sardinia	20260307-0000	140.64
IT-Sardinia	20260307-2300	140.64
IT-Sardinia	20260307-1000	123.8
IT-Sardinia	20260307-1100	123.8
IT-Sardinia	20260307-0200	140.64
IT-Sardinia	20260307-1700	140.64
IT-Sardinia	20260307-0400	140.64
IT-Sardinia	20260307-1400	139.44
IT-Sardinia	20260307-1300	123.8
IT-Sardinia	20260307-0600	140.64
IT-Sardinia	20260307-0700	140.64
IT-Sardinia	20260307-1500	140.64
IT-Sardinia	20260307-0100	140.64
IT-Sardinia	20260307-0500	140.64
RS	20260307-1600	145.01
RS	20260307-1200	5.39
RS	20260307-2200	117.2
RS	20260307-0300	111.43
RS	20260307-2000	117.2
RS	20260307-0800	8.06
RS	20260307-1900	117.2
RS	20260307-2100	117.2
RS	20260307-1800	140.64
RS	20260307-0900	5.39
RS	20260307-0000	117.2
RS	20260307-2300	103.43
RS	20260307-1000	5.39
RS	20260307-1100	5
RS	20260307-0200	111.09
RS	20260307-1700	155.83
RS	20260307-0400	111.15
RS	20260307-1400	67.73
RS	20260307-1300	6.17
RS	20260307-0600	83.37
RS	20260307-0700	9.5
RS	20260307-1500	117.2
RS	20260307-0100	111.09
RS	20260307-0500	102.34
DK1	20260307-1600	117.2
DK1	20260307-1200	145.04
DK1	20260307-2200	116.14
DK1	20260307-0300	103.17
DK1	20260307-2000	117.2
DK1	20260307-0800	103.17
DK1	20260307-1900	128.62
DK1	20260307-2100	117.2
DK1	20260307-1800	138.68
DK1	20260307-0900	117.2
DK1	20260307-0000	107.16
DK1	20260307-2300	117.2
DK1	20260307-1000	134.94
DK1	20260307-1100	149.93
DK1	20260307-0200	103.17
DK1	20260307-1700	123.37
DK1	20260307-0400	103.17
DK1	20260307-1400	101.41
DK1	20260307-1300	134.94
DK1	20260307-0600	117.2
DK1	20260307-0700	103.17
DK1	20260307-1500	103.17
DK1	20260307-0100	103.17
DK1	20260307-0500	117.2
CH	20260307-1600	117.2
CH	20260307-1200	40.37
CH	20260307-2200	116.14
CH	20260307-0300	103.17
CH	20260307-2000	117.2
CH	20260307-0800	91.74
CH	20260307-1900	128.62
CH	20260307-2100	117.2
CH	20260307-1800	138.68
CH	20260307-0900	74.69
CH	20260307-0000	107.16
CH	20260307-2300	117.2
CH	20260307-1000	67.03
CH	20260307-1100	40.37
CH	20260307-0200	103.17
CH	20260307-1700	123.37
CH	20260307-0400	103.17
CH	20260307-1400	91.74
CH	20260307-1300	68.24
CH	20260307-0600	117.2
CH	20260307-0700	103.17
CH	20260307-1500	103.17
CH	20260307-0100	103.17
CH	20260307-0500	117.2
SE1	20260307-1600	1
SE1	20260307-1200	1
SE1	20260307-2200	1
SE1	20260307-0300	1
SE1	20260307-2000	1
SE1	20260307-0800	1
SE1	20260307-1900	1
SE1	20260307-2100	1
SE1	20260307-1800	1
SE1	20260307-0900	1
SE1	20260307-0000	1
SE1	20260307-2300	1
SE1	20260307-1000	55.48
SE1	20260307-1100	55.48
SE1	20260307-0200	1
SE1	20260307-1700	1
SE1	20260307-0400	1
SE1	20260307-1400	1
SE1	20260307-1300	1
SE1	20260307-0600	1
SE1	20260307-0700	1
SE1	20260307-1500	1
SE1	20260307-0100	1
SE1	20260307-0500	1
NO4	20260307-1600	43.31
NO4	20260307-1200	44.24
NO4	20260307-2200	35.59
NO4	20260307-0300	28.03
NO4	20260307-2000	39.19
NO4	20260307-0800	47.36
NO4	20260307-1900	41.32
NO4	20260307-2100	37.12
NO4	20260307-1800	42.89
NO4	20260307-0900	47.5
NO4	20260307-0000	27.06
NO4	20260307-2300	32.36
NO4	20260307-1000	45.29
NO4	20260307-1100	41.6
NO4	20260307-0200	26.66
NO4	20260307-1700	43.73
NO4	20260307-0400	37.4
NO4	20260307-1400	43.05
NO4	20260307-1300	45.42
NO4	20260307-0600	44.95
NO4	20260307-0700	45.71
NO4	20260307-1500	42.48
NO4	20260307-0100	25.91
NO4	20260307-0500	42.92
SE3	20260307-1600	105.48
SE3	20260307-1200	123.37
SE3	20260307-2200	92.85
SE3	20260307-0300	92.85
SE3	20260307-2000	105.48
SE3	20260307-0800	92.85
SE3	20260307-1900	105.48
SE3	20260307-2100	92.85
SE3	20260307-1800	105.48
SE3	20260307-0900	105.48
SE3	20260307-0000	92.11
SE3	20260307-2300	95.46
SE3	20260307-1000	121.45
SE3	20260307-1100	123.37
SE3	20260307-0200	92.11
SE3	20260307-1700	105.48
SE3	20260307-0400	92.85
SE3	20260307-1400	82.57
SE3	20260307-1300	121.45
SE3	20260307-0600	92.85
SE3	20260307-0700	92.11
SE3	20260307-1500	92.11
SE3	20260307-0100	92.11
SE3	20260307-0500	92.11
FR	20260307-1600	73.87
FR	20260307-1200	40.37
FR	20260307-2200	116.14
FR	20260307-0300	56.57
FR	20260307-2000	117.2
FR	20260307-0800	72.38
FR	20260307-1900	128.62
FR	20260307-2100	117.2
FR	20260307-1800	138.68
FR	20260307-0900	45.52
FR	20260307-0000	83.72
FR	20260307-2300	117.2
FR	20260307-1000	41.67
FR	20260307-1100	40.37
FR	20260307-0200	70.92
FR	20260307-1700	117.2
FR	20260307-0400	57
FR	20260307-1400	47.99
FR	20260307-1300	43.23
FR	20260307-0600	83.37
FR	20260307-0700	83.37
FR	20260307-1500	49.49
FR	20260307-0100	74.69
FR	20260307-0500	71.6
FI	20260307-1600	5
FI	20260307-1200	9.5
FI	20260307-2200	3.97
FI	20260307-0300	6.17
FI	20260307-2000	3.97
FI	20260307-0800	9.5
FI	20260307-1900	3.97
FI	20260307-2100	4.8
FI	20260307-1800	4.8
FI	20260307-0900	15.75
FI	20260307-0000	5
FI	20260307-2300	5
FI	20260307-1000	9.5
FI	20260307-1100	9.5
FI	20260307-0200	5
FI	20260307-1700	5
FI	20260307-0400	9.5
FI	20260307-1400	5
FI	20260307-1300	5
FI	20260307-0600	9.5
FI	20260307-0700	9.5
FI	20260307-1500	5
FI	20260307-0100	5
FI	20260307-0500	9.5
PL	20260307-1600	94.56
PL	20260307-1200	56.57
PL	20260307-2200	91.74
PL	20260307-0300	91.74
PL	20260307-2000	91.74
PL	20260307-0800	56.57
PL	20260307-1900	91.74
PL	20260307-2100	91.74
PL	20260307-1800	102.34
PL	20260307-0900	56.57
PL	20260307-0000	91.74
PL	20260307-2300	91.74
PL	20260307-1000	6.17
PL	20260307-1100	9.5
PL	20260307-0200	91.74
PL	20260307-1700	102.34
PL	20260307-0400	91.74
PL	20260307-1400	91.74
PL	20260307-1300	56.57
PL	20260307-0600	91.74
PL	20260307-0700	83.37
PL	20260307-1500	91.74
PL	20260307-0100	91.74
PL	20260307-0500	91.74
IT-Calabria	20260307-1600	140.64
IT-Calabria	20260307-1200	123.8
IT-Calabria	20260307-2200	140.64
IT-Calabria	20260307-0300	140.64
IT-Calabria	20260307-2000	140.64
IT-Calabria	20260307-0800	140.64
IT-Calabria	20260307-1900	140.64
IT-Calabria	20260307-2100	140.64
IT-Calabria	20260307-1800	140.64
IT-Calabria	20260307-0900	140.64
IT-Calabria	20260307-0000	140.64
IT-Calabria	20260307-2300	140.64
IT-Calabria	20260307-1000	123.8
IT-Calabria	20260307-1100	123.8
IT-Calabria	20260307-0200	140.64
IT-Calabria	20260307-1700	140.64
IT-Calabria	20260307-0400	140.64
IT-Calabria	20260307-1400	139.44
IT-Calabria	20260307-1300	123.8
IT-Calabria	20260307-0600	140.64
IT-Calabria	20260307-0700	140.64
IT-Calabria	20260307-1500	140.64
IT-Calabria	20260307-0100	140.64
IT-Calabria	20260307-0500	140.64
AT	20260307-1600	117.2
AT	20260307-1200	6.17
AT	20260307-2200	116.14
AT	20260307-0300	103.17
AT	20260307-2000	117.2
AT	20260307-0800	91.74
AT	20260307-1900	123.37
AT	20260307-2100	117.2
AT	20260307-1800	123.37
AT	20260307-0900	74.69
AT	20260307-0000	107.16
AT	20260307-2300	117.2
AT	20260307-1000	67.03
AT	20260307-1100	6.17
AT	20260307-0200	103.17
AT	20260307-1700	123.37
AT	20260307-0400	103.17
AT	20260307-1400	91.74
AT	20260307-1300	57
AT	20260307-0600	117.2
AT	20260307-0700	103.17
AT	20260307-1500	103.17
AT	20260307-0100	103.17
AT	20260307-0500	117.2
SE2	20260307-1600	1
SE2	20260307-1200	92.21
SE2	20260307-2200	1
SE2	20260307-0300	101.16
SE2	20260307-2000	1
SE2	20260307-0800	63.49
SE2	20260307-1900	1
SE2	20260307-2100	1
SE2	20260307-1800	1
SE2	20260307-0900	1
SE2	20260307-0000	56.79
SE2	20260307-2300	1
SE2	20260307-1000	55.48
SE2	20260307-1100	55.48
SE2	20260307-0200	89.25
SE2	20260307-1700	1
SE2	20260307-0400	102.69
SE2	20260307-1400	79.4
SE2	20260307-1300	89.22
SE2	20260307-0600	87.75
SE2	20260307-0700	73.57
SE2	20260307-1500	58.36
SE2	20260307-0100	70.24
SE2	20260307-0500	99.72
IT-NORTH	20260307-1600	140.64
IT-NORTH	20260307-1200	123.8
IT-NORTH	20260307-2200	140.64
IT-NORTH	20260307-0300	140.64
IT-NORTH	20260307-2000	140.64
IT-NORTH	20260307-0800	140.64
IT-NORTH	20260307-1900	140.64
IT-NORTH	20260307-2100	140.64
IT-NORTH	20260307-1800	140.64
IT-NORTH	20260307-0900	140.64
IT-NORTH	20260307-0000	140.64
IT-NORTH	20260307-2300	140.64
IT-NORTH	20260307-1000	123.8
IT-NORTH	20260307-1100	123.8
IT-NORTH	20260307-0200	140.64
IT-NORTH	20260307-1700	140.64
IT-NORTH	20260307-0400	140.64
IT-NORTH	20260307-1400	139.44
IT-NORTH	20260307-1300	123.8
IT-NORTH	20260307-0600	140.64
IT-NORTH	20260307-0700	140.64
IT-NORTH	20260307-1500	140.64
IT-NORTH	20260307-0100	140.64
IT-NORTH	20260307-0500	140.64
LT	20260307-1600	117.2
LT	20260307-1200	68.9
LT	20260307-2200	114.03
LT	20260307-0300	76.25
LT	20260307-2000	117.2
LT	20260307-0800	61.35
LT	20260307-1900	117.2
LT	20260307-2100	117.2
LT	20260307-1800	117.2
LT	20260307-0900	56.57
LT	20260307-0000	72.24
LT	20260307-2300	91.74
LT	20260307-1000	9.5
LT	20260307-1100	9.5
LT	20260307-0200	75.72
LT	20260307-1700	117.2
LT	20260307-0400	76.25
LT	20260307-1400	91.74
LT	20260307-1300	83.37
LT	20260307-0600	91.74
LT	20260307-0700	87.15
LT	20260307-1500	103.17
LT	20260307-0100	72.23
LT	20260307-0500	97.09
PT	20260307-1600	73.87
PT	20260307-1200	40.37
PT	20260307-2200	117.2
PT	20260307-0300	56.57
PT	20260307-2000	214.44
PT	20260307-0800	72.38
PT	20260307-1900	215.9
PT	20260307-2100	203.93
PT	20260307-1800	138.68
PT	20260307-0900	45.52
PT	20260307-0000	83.72
PT	20260307-2300	117.2
PT	20260307-1000	41.67
PT	20260307-1100	40.37
PT	20260307-0200	70.92
PT	20260307-1700	117.2
PT	20260307-0400	57
PT	20260307-1400	47.99
PT	20260307-1300	43.23
PT	20260307-0600	83.37
PT	20260307-0700	83.37
PT	20260307-1500	49.49
PT	20260307-0100	74.69
PT	20260307-0500	71.6
NO2	20260307-1600	123.37
NO2	20260307-1200	72.82
NO2	20260307-2200	118.64
NO2	20260307-0300	118.64
NO2	20260307-2000	123.37
NO2	20260307-0800	109.54
NO2	20260307-1900	123.37
NO2	20260307-2100	118.64
NO2	20260307-1800	123.37
NO2	20260307-0900	90.75
NO2	20260307-0000	117.95
NO2	20260307-2300	121.97
NO2	20260307-1000	84.83
NO2	20260307-1100	72.82
NO2	20260307-0200	117.68
NO2	20260307-1700	123.37
NO2	20260307-0400	118.64
NO2	20260307-1400	105.49
NO2	20260307-1300	84.18
NO2	20260307-0600	118.64
NO2	20260307-0700	117.95
NO2	20260307-1500	117.68
NO2	20260307-0100	117.95
NO2	20260307-0500	117.68
LV	20260307-1600	117.2
LV	20260307-1200	9.5
LV	20260307-2200	114.03
LV	20260307-0300	76.25
LV	20260307-2000	117.2
LV	20260307-0800	9.5
LV	20260307-1900	117.2
LV	20260307-2100	83.37
LV	20260307-1800	117.2
LV	20260307-0900	15.75
LV	20260307-0000	72.24
LV	20260307-2300	75.34
LV	20260307-1000	9.5
LV	20260307-1100	9.5
LV	20260307-0200	75.72
LV	20260307-1700	117.2
LV	20260307-0400	76.25
LV	20260307-1400	83.37
LV	20260307-1300	39.66
LV	20260307-0600	75.34
LV	20260307-0700	9.5
LV	20260307-1500	103.17
LV	20260307-0100	72.23
LV	20260307-0500	97.09
NL	20260307-1600	117.2
NL	20260307-1200	91.74
NL	20260307-2200	116.14
NL	20260307-0300	103.17
NL	20260307-2000	117.2
NL	20260307-0800	103.17
NL	20260307-1900	103.17
NL	20260307-2100	117.2
NL	20260307-1800	117.2
NL	20260307-0900	103.17
NL	20260307-0000	107.16
NL	20260307-2300	117.2
NL	20260307-1000	101.41
NL	20260307-1100	91.74
NL	20260307-0200	103.17
NL	20260307-1700	117.2
NL	20260307-0400	103.17
NL	20260307-1400	101.41
NL	20260307-1300	91.74
NL	20260307-0600	110.55
NL	20260307-0700	103.17
NL	20260307-1500	103.17
NL	20260307-0100	103.17
NL	20260307-0500	103.17
NO5	20260307-1600	107.9
NO5	20260307-1200	68.65
NO5	20260307-2200	98.38
NO5	20260307-0300	98.38
NO5	20260307-2000	111.76
NO5	20260307-0800	93.14
NO5	20260307-1900	105.07
NO5	20260307-2100	98.38
NO5	20260307-1800	111.76
NO5	20260307-0900	82.31
NO5	20260307-0000	97.98
NO5	20260307-2300	101.14
NO5	20260307-1000	78.39
NO5	20260307-1100	68.65
NO5	20260307-0200	97.59
NO5	20260307-1700	111.76
NO5	20260307-0400	98.38
NO5	20260307-1400	87.48
NO5	20260307-1300	75.2
NO5	20260307-0600	98.38
NO5	20260307-0700	97.98
NO5	20260307-1500	97.59
NO5	20260307-0100	97.98
NO5	20260307-0500	97.59
BE	20260307-1600	101.84
BE	20260307-1200	64.8
BE	20260307-2200	103.17
BE	20260307-0300	92.85
BE	20260307-2000	105.48
BE	20260307-0800	97.68
BE	20260307-1900	110.18
BE	20260307-2100	103.17
BE	20260307-1800	117.2
BE	20260307-0900	84.99
BE	20260307-0000	102.76
BE	20260307-2300	95.46
BE	20260307-1000	82.2
BE	20260307-1100	64.8
BE	20260307-0200	102.34
BE	20260307-1700	117.2
BE	20260307-0400	103.17
BE	20260307-1400	82.57
BE	20260307-1300	70.97
BE	20260307-0600	103.17
BE	20260307-0700	103.17
BE	20260307-1500	92.11
BE	20260307-0100	102.76
BE	20260307-0500	92.11
RO	20260307-1600	145.01
RO	20260307-1200	5.39
RO	20260307-2200	117.2
RO	20260307-0300	111.43
RO	20260307-2000	117.2
RO	20260307-0800	8.06
RO	20260307-1900	117.2
RO	20260307-2100	117.2
RO	20260307-1800	140.64
RO	20260307-0900	5.39
RO	20260307-0000	117.2
RO	20260307-2300	103.43
RO	20260307-1000	5.39
RO	20260307-1100	5
RO	20260307-0200	111.09
RO	20260307-1700	155.83
RO	20260307-0400	111.15
RO	20260307-1400	67.73
RO	20260307-1300	6.17
RO	20260307-0600	83.37
RO	20260307-0700	9.5
RO	20260307-1500	117.2
RO	20260307-0100	111.09
RO	20260307-0500	102.34
DK2	20260307-1600	117.2
DK2	20260307-1200	68.9
DK2	20260307-2200	114.03
DK2	20260307-0300	103.17
DK2	20260307-2000	117.2
DK2	20260307-0800	91.74
DK2	20260307-1900	117.2
DK2	20260307-2100	117.2
DK2	20260307-1800	138.68
DK2	20260307-0900	74.69
DK2	20260307-0000	107.16
DK2	20260307-2300	117.2
DK2	20260307-1000	67.03
DK2	20260307-1100	103.17
DK2	20260307-0200	103.17
DK2	20260307-1700	123.37
DK2	20260307-0400	103.17
DK2	20260307-1400	91.74
DK2	20260307-1300	83.37
DK2	20260307-0600	91.74
DK2	20260307-0700	103.17
DK2	20260307-1500	103.17
DK2	20260307-0100	103.17
DK2	20260307-0500	97.09
BG	20260307-1600	145.01
BG	20260307-1200	5.39
BG	20260307-2200	117.2
BG	20260307-0300	111.43
BG	20260307-2000	117.2
BG	20260307-0800	8.06
BG	20260307-1900	117.2
BG	20260307-2100	117.2
BG	20260307-1800	140.64
BG	20260307-0900	5.39
BG	20260307-0000	117.2
BG	20260307-2300	103.43
BG	20260307-1000	5.39
BG	20260307-1100	5
BG	20260307-0200	111.09
BG	20260307-1700	155.83
BG	20260307-0400	111.15
BG	20260307-1400	67.73
BG	20260307-1300	6.17
BG	20260307-0600	83.37
BG	20260307-0700	9.5
BG	20260307-1500	117.2
BG	20260307-0100	111.09
BG	20260307-0500	102.34
IT-CSOUTH	20260307-1600	140.64
IT-CSOUTH	20260307-1200	123.8
IT-CSOUTH	20260307-2200	140.64
IT-CSOUTH	20260307-0300	140.64
IT-CSOUTH	20260307-2000	140.64
IT-CSOUTH	20260307-0800	140.64
IT-CSOUTH	20260307-1900	140.64
IT-CSOUTH	20260307-2100	140.64
IT-CSOUTH	20260307-1800	140.64
IT-CSOUTH	20260307-0900	140.64
IT-CSOUTH	20260307-0000	140.64
IT-CSOUTH	20260307-2300	140.64
IT-CSOUTH	20260307-1000	123.8
IT-CSOUTH	20260307-1100	123.8
IT-CSOUTH	20260307-0200	140.64
IT-CSOUTH	20260307-1700	140.64
IT-CSOUTH	20260307-0400	140.64
IT-CSOUTH	20260307-1400	139.44
IT-CSOUTH	20260307-1300	123.8
IT-CSOUTH	20260307-0600	140.64
IT-CSOUTH	20260307-0700	140.64
IT-CSOUTH	20260307-1500	140.64
IT-CSOUTH	20260307-0100	140.64
IT-CSOUTH	20260307-0500	140.64
CZ	20260307-1600	94.56
CZ	20260307-1200	10.5
CZ	20260307-2200	91.74
CZ	20260307-0300	91.74
CZ	20260307-2000	91.74
CZ	20260307-0800	16.18
CZ	20260307-1900	91.74
CZ	20260307-2100	91.74
CZ	20260307-1800	102.34
CZ	20260307-0900	12.5
CZ	20260307-0000	83.37
CZ	20260307-2300	83.37
CZ	20260307-1000	10.5
CZ	20260307-1100	10.5
CZ	20260307-0200	91.74
CZ	20260307-1700	102.34
CZ	20260307-0400	91.74
CZ	20260307-1400	57
CZ	20260307-1300	10.5
CZ	20260307-0600	91.74
CZ	20260307-0700	67.73
CZ	20260307-1500	67.73
CZ	20260307-0100	91.74
CZ	20260307-0500	91.74
NO3	20260307-1600	101.84
NO3	20260307-1200	64.8
NO3	20260307-2200	92.85
NO3	20260307-0300	92.85
NO3	20260307-2000	105.48
NO3	20260307-0800	87.91
NO3	20260307-1900	99.17
NO3	20260307-2100	92.85
NO3	20260307-1800	105.48
NO3	20260307-0900	77.69
NO3	20260307-0000	92.48
NO3	20260307-2300	95.46
NO3	20260307-1000	73.98
NO3	20260307-1100	64.8
NO3	20260307-0200	92.11
NO3	20260307-1700	105.48
NO3	20260307-0400	92.85
NO3	20260307-1400	91.74
NO3	20260307-1300	78.86
NO3	20260307-0600	92.85
NO3	20260307-0700	92.48
NO3	20260307-1500	92.11
NO3	20260307-0100	92.48
NO3	20260307-0500	92.11
NO1	20260307-1600	101.84
NO1	20260307-1200	64.8
NO1	20260307-2200	92.85
NO1	20260307-0300	92.85
NO1	20260307-2000	105.48
NO1	20260307-0800	87.91
NO1	20260307-1900	99.17
NO1	20260307-2100	92.85
NO1	20260307-1800	105.48
NO1	20260307-0900	77.69
NO1	20260307-0000	92.48
NO1	20260307-2300	95.46
NO1	20260307-1000	73.98
NO1	20260307-1100	64.8
NO1	20260307-0200	92.11
NO1	20260307-1700	105.48
NO1	20260307-0400	92.85
NO1	20260307-1400	82.57
NO1	20260307-1300	70.97
NO1	20260307-0600	92.85
NO1	20260307-0700	92.48
NO1	20260307-1500	92.11
NO1	20260307-0100	92.48
NO1	20260307-0500	92.11
DE_LU	20260307-1600	117.2
DE_LU	20260307-1200	40.37
DE_LU	20260307-2200	116.14
DE_LU	20260307-0300	103.17
DE_LU	20260307-2000	117.2
DE_LU	20260307-0800	91.74
DE_LU	20260307-1900	128.62
DE_LU	20260307-2100	117.2
DE_LU	20260307-1800	138.68
DE_LU	20260307-0900	74.69
DE_LU	20260307-0000	107.16
DE_LU	20260307-2300	117.2
DE_LU	20260307-1000	67.03
DE_LU	20260307-1100	40.37
DE_LU	20260307-0200	103.17
DE_LU	20260307-1700	123.37
DE_LU	20260307-0400	103.17
DE_LU	20260307-1400	91.74
DE_LU	20260307-1300	67.73
DE_LU	20260307-0600	117.2
DE_LU	20260307-0700	103.17
DE_LU	20260307-1500	103.17
DE_LU	20260307-0100	103.17
DE_LU	20260307-0500	117.2
SK	20260307-1600	101.84
SK	20260307-1200	57
SK	20260307-2200	92.85
SK	20260307-0300	92.85
SK	20260307-2000	105.48
SK	20260307-0800	57
SK	20260307-1900	99.17
SK	20260307-2100	92.85
SK	20260307-1800	105.48
SK	20260307-0900	17.49
SK	20260307-0000	92.48
SK	20260307-2300	95.46
SK	20260307-1000	18.71
SK	20260307-1100	14.04
SK	20260307-0200	92.11
SK	20260307-1700	105.48
SK	20260307-0400	92.85
SK	20260307-1400	82.57
SK	20260307-1300	64.7
SK	20260307-0600	92.85
SK	20260307-0700	92.48
SK	20260307-1500	92.11
SK	20260307-0100	92.48
SK	20260307-0500	92.11
EE	20260307-1600	117.2
EE	20260307-1200	9.5
EE	20260307-2200	75.34
EE	20260307-0300	75.34
EE	20260307-2000	75.34
EE	20260307-0800	9.5
EE	20260307-1900	103.4
EE	20260307-2100	75.34
EE	20260307-1800	98.22
EE	20260307-0900	15.75
EE	20260307-0000	39.66
EE	20260307-2300	75.34
EE	20260307-1000	9.5
EE	20260307-1100	9.5
EE	20260307-0200	75.34
EE	20260307-1700	75.34
EE	20260307-0400	75.34
EE	20260307-1400	75.34
EE	20260307-1300	39.66
EE	20260307-0600	75.34
EE	20260307-0700	9.5
EE	20260307-1500	103.17
EE	20260307-0100	39.66
EE	20260307-0500	75.34
SE4	20260307-1600	117.2
SE4	20260307-1200	68.9
SE4	20260307-2200	114.03
SE4	20260307-0300	76.25
SE4	20260307-2000	117.2
SE4	20260307-0800	61.35
SE4	20260307-1900	117.2
SE4	20260307-2100	117.2
SE4	20260307-1800	117.2
SE4	20260307-0900	59.15
SE4	20260307-0000	72.24
SE4	20260307-2300	91.72
SE4	20260307-1000	67.03
SE4	20260307-1100	103.17
SE4	20260307-0200	75.72
SE4	20260307-1700	117.2
SE4	20260307-0400	76.25
SE4	20260307-1400	91.74
SE4	20260307-1300	83.37
SE4	20260307-0600	91.74
SE4	20260307-0700	87.15
SE4	20260307-1500	103.17
SE4	20260307-0100	72.23
SE4	20260307-0500	97.09
SI	20260308-1800	117.2
SI	20260308-1300	6.17
SI	20260308-2300	67.73
SI	20260308-0200	102.34
SI	20260308-0900	6.17
SI	20260308-0100	102.34
SI	20260308-0800	8.97
SI	20260308-1500	113.35
SI	20260308-2200	102.34
SI	20260308-1700	117.2
SI	20260308-0600	83.37
SI	20260308-2000	117.2
SI	20260308-2100	113.39
SI	20260308-0700	12.57
SI	20260308-1200	5.39
SI	20260308-1000	5.39
SI	20260308-0500	102.34
SI	20260308-1100	5.39
SI	20260308-1600	117.2
SI	20260308-0300	102.34
SI	20260308-0400	102.34
SI	20260308-1900	117.2
SI	20260308-0000	102.34
SI	20260308-1400	67.73
ES	20260308-1800	205.71
ES	20260308-1300	40.49
ES	20260308-2300	117.2
ES	20260308-0200	83.37
ES	20260308-0900	44.05
ES	20260308-0100	103.17
ES	20260308-0800	53.93
ES	20260308-1500	47.77
ES	20260308-2200	117.2
ES	20260308-1700	117.2
ES	20260308-0600	83.37
ES	20260308-2000	215.16
ES	20260308-2100	204.7
ES	20260308-0700	77.01
ES	20260308-1200	39.95
ES	20260308-1000	40.6
ES	20260308-0500	83.37
ES	20260308-1100	39.95
ES	20260308-1600	56.32
ES	20260308-0300	83.37
ES	20260308-0400	83.37
ES	20260308-1900	215.9
ES	20260308-0000	110.88
ES	20260308-1400	43.8
GR	20260308-1800	117.2
GR	20260308-1300	6.17
GR	20260308-2300	83.37
GR	20260308-0200	102.34
GR	20260308-0900	1
GR	20260308-0100	102.34
GR	20260308-0800	6.17
GR	20260308-1500	113.35
GR	20260308-2200	102.34
GR	20260308-1700	140.64
GR	20260308-0600	83.37
GR	20260308-2000	117.2
GR	20260308-2100	113.39
GR	20260308-0700	6.17
GR	20260308-1200	5.39
GR	20260308-1000	5.39
GR	20260308-0500	102.34
GR	20260308-1100	5.39
GR	20260308-1600	117.2
GR	20260308-0300	102.34
GR	20260308-0400	102.34
GR	20260308-1900	117.2
GR	20260308-0000	102.34
GR	20260308-1400	67.73
IT-CNORTH	20260308-1800	140.64
IT-CNORTH	20260308-1300	123.8
IT-CNORTH	20260308-2300	140.64
IT-CNORTH	20260308-0200	140.64
IT-CNORTH	20260308-0900	138.04
IT-CNORTH	20260308-0100	140.64
IT-CNORTH	20260308-0800	140.64
IT-CNORTH	20260308-1500	140.64
IT-CNORTH	20260308-2200	140.64
IT-CNORTH	20260308-1700	140.64
IT-CNORTH	20260308-0600	140.64
IT-CNORTH	20260308-2000	140.64
IT-CNORTH	20260308-2100	140.64
IT-CNORTH	20260308-0700	140.64
IT-CNORTH	20260308-1200	123.8
IT-CNORTH	20260308-1000	123.8
IT-CNORTH	20260308-0500	140.64
IT-CNORTH	20260308-1100	123.8
IT-CNORTH	20260308-1600	140.64
IT-CNORTH	20260308-0300	140.64
IT-CNORTH	20260308-0400	140.64
IT-CNORTH	20260308-1900	140.64
IT-CNORTH	20260308-0000	140.64
IT-CNORTH	20260308-1400	123.8
HU	20260308-1800	118.82
HU	20260308-1300	6.17
HU	20260308-2300	83.37
HU	20260308-0200	102.34
HU	20260308-0900	6.17
HU	20260308-0100	102.34
HU	20260308-0800	8.97
HU	20260308-1500	113.35
HU	20260308-2200	102.34
HU	20260308-1700	144.47
HU	20260308-0600	83.37
HU	20260308-2000	117.2
HU	20260308-2100	113.39
HU	20260308-0700	12.57
HU	20260308-1200	5.39
HU	20260308-1000	5.39
HU	20260308-0500	102.34
HU	20260308-1100	5.39
HU	20260308-1600	117.2
HU	20260308-0300	102.34
HU	20260308-0400	102.34
HU	20260308-1900	117.2
HU	20260308-0000	102.34
HU	20260308-1400	67.73
IT-SOUTH	20260308-1800	140.64
IT-SOUTH	20260308-1300	123.8
IT-SOUTH	20260308-2300	140.64
IT-SOUTH	20260308-0200	140.64
IT-SOUTH	20260308-0900	138.04
IT-SOUTH	20260308-0100	140.64
IT-SOUTH	20260308-0800	140.64
IT-SOUTH	20260308-1500	140.64
IT-SOUTH	20260308-2200	140.64
IT-SOUTH	20260308-1700	140.64
IT-SOUTH	20260308-0600	140.64
IT-SOUTH	20260308-2000	140.64
IT-SOUTH	20260308-2100	140.64
IT-SOUTH	20260308-0700	140.64
IT-SOUTH	20260308-1200	123.8
IT-SOUTH	20260308-1000	123.8
IT-SOUTH	20260308-0500	140.64
IT-SOUTH	20260308-1100	123.8
IT-SOUTH	20260308-1600	140.64
IT-SOUTH	20260308-0300	140.64
IT-SOUTH	20260308-0400	140.64
IT-SOUTH	20260308-1900	140.64
IT-SOUTH	20260308-0000	140.64
IT-SOUTH	20260308-1400	123.8
IT-Sicily	20260308-1800	140.64
IT-Sicily	20260308-1300	123.8
IT-Sicily	20260308-2300	140.64
IT-Sicily	20260308-0200	140.64
IT-Sicily	20260308-0900	138.04
IT-Sicily	20260308-0100	140.64
IT-Sicily	20260308-0800	140.64
IT-Sicily	20260308-1500	140.64
IT-Sicily	20260308-2200	140.64
IT-Sicily	20260308-1700	140.64
IT-Sicily	20260308-0600	140.64
IT-Sicily	20260308-2000	140.64
IT-Sicily	20260308-2100	140.64
IT-Sicily	20260308-0700	140.64
IT-Sicily	20260308-1200	123.8
IT-Sicily	20260308-1000	123.8
IT-Sicily	20260308-0500	140.64
IT-Sicily	20260308-1100	123.8
IT-Sicily	20260308-1600	140.64
IT-Sicily	20260308-0300	140.64
IT-Sicily	20260308-0400	140.64
IT-Sicily	20260308-1900	140.64
IT-Sicily	20260308-0000	140.64
IT-Sicily	20260308-1400	123.8
IT-Sardinia	20260308-1800	140.64
IT-Sardinia	20260308-1300	123.8
IT-Sardinia	20260308-2300	140.64
IT-Sardinia	20260308-0200	140.64
IT-Sardinia	20260308-0900	121.49
IT-Sardinia	20260308-0100	140.64
IT-Sardinia	20260308-0800	135.64
IT-Sardinia	20260308-1500	140.64
IT-Sardinia	20260308-2200	140.64
IT-Sardinia	20260308-1700	140.64
IT-Sardinia	20260308-0600	140.64
IT-Sardinia	20260308-2000	140.64
IT-Sardinia	20260308-2100	140.64
IT-Sardinia	20260308-0700	140.64
IT-Sardinia	20260308-1200	123.8
IT-Sardinia	20260308-1000	112.5
IT-Sardinia	20260308-0500	140.64
IT-Sardinia	20260308-1100	123.8
IT-Sardinia	20260308-1600	140.64
IT-Sardinia	20260308-0300	140.64
IT-Sardinia	20260308-0400	140.64
IT-Sardinia	20260308-1900	140.64
IT-Sardinia	20260308-0000	140.64
IT-Sardinia	20260308-1400	123.8
RS	20260308-1800	118.82
RS	20260308-1300	6.17
RS	20260308-2300	83.37
RS	20260308-0200	102.34
RS	20260308-0900	6.17
RS	20260308-0100	102.34
RS	20260308-0800	8.97
RS	20260308-1500	113.35
RS	20260308-2200	102.34
RS	20260308-1700	144.47
RS	20260308-0600	83.37
RS	20260308-2000	117.2
RS	20260308-2100	113.39
RS	20260308-0700	12.57
RS	20260308-1200	5.39
RS	20260308-1000	5.39
RS	20260308-0500	102.34
RS	20260308-1100	5.39
RS	20260308-1600	117.2
RS	20260308-0300	102.34
RS	20260308-0400	102.34
RS	20260308-1900	117.2
RS	20260308-0000	102.34
RS	20260308-1400	67.73
DK1	20260308-1800	117.2
DK1	20260308-1300	118.84
DK1	20260308-2300	102.34
DK1	20260308-0200	103.17
DK1	20260308-0900	103.17
DK1	20260308-0100	103.17
DK1	20260308-0800	103.17
DK1	20260308-1500	102.34
DK1	20260308-2200	102.34
DK1	20260308-1700	117.2
DK1	20260308-0600	103.17
DK1	20260308-2000	103.17
DK1	20260308-2100	102.34
DK1	20260308-0700	102.34
DK1	20260308-1200	134.94
DK1	20260308-1000	103.17
DK1	20260308-0500	103.17
DK1	20260308-1100	134.94
DK1	20260308-1600	117.2
DK1	20260308-0300	103.17
DK1	20260308-0400	103.17
DK1	20260308-1900	117.2
DK1	20260308-0000	110.88
DK1	20260308-1400	91.74
CH	20260308-1800	120.06
CH	20260308-1300	63.94
CH	20260308-2300	109.2
CH	20260308-0200	103.17
CH	20260308-0900	71.09
CH	20260308-0100	103.17
CH	20260308-0800	91.74
CH	20260308-1500	102.34
CH	20260308-2200	117.2
CH	20260308-1700	117.2
CH	20260308-0600	103.17
CH	20260308-2000	117.2
CH	20260308-2100	117.2
CH	20260308-0700	102.34
CH	20260308-1200	60.99
CH	20260308-1000	64.24
CH	20260308-0500	103.17
CH	20260308-1100	57
CH	20260308-1600	117.2
CH	20260308-0300	103.17
CH	20260308-0400	103.17
CH	20260308-1900	117.72
CH	20260308-0000	110.88
CH	20260308-1400	83.37
SE1	20260308-1800	1
SE1	20260308-1300	57.49
SE1	20260308-2300	56.01
SE1	20260308-0200	1
SE1	20260308-0900	1
SE1	20260308-0100	1
SE1	20260308-0800	1
SE1	20260308-1500	1
SE1	20260308-2200	1
SE1	20260308-1700	1
SE1	20260308-0600	1
SE1	20260308-2000	1
SE1	20260308-2100	1
SE1	20260308-0700	1
SE1	20260308-1200	60.79
SE1	20260308-1000	1
SE1	20260308-0500	1
SE1	20260308-1100	55.88
SE1	20260308-1600	1
SE1	20260308-0300	1
SE1	20260308-0400	1
SE1	20260308-1900	1
SE1	20260308-0000	1
SE1	20260308-1400	55.48
NO4	20260308-1800	47.5
NO4	20260308-1300	34.44
NO4	20260308-2300	40.44
NO4	20260308-0200	27.93
NO4	20260308-0900	34.75
NO4	20260308-0100	26.24
NO4	20260308-0800	35.42
NO4	20260308-1500	44.88
NO4	20260308-2200	40.13
NO4	20260308-1700	46.82
NO4	20260308-0600	35.51
NO4	20260308-2000	43.19
NO4	20260308-2100	41.3
NO4	20260308-0700	36.37
NO4	20260308-1200	32.29
NO4	20260308-1000	32.09
NO4	20260308-0500	33.99
NO4	20260308-1100	32.45
NO4	20260308-1600	46.28
NO4	20260308-0300	30.6
NO4	20260308-0400	32.36
NO4	20260308-1900	45.91
NO4	20260308-0000	25.91
NO4	20260308-1400	40.08
SE3	20260308-1800	105.48
SE3	20260308-1300	106.96
SE3	20260308-2300	84.17
SE3	20260308-0200	92.11
SE3	20260308-0900	92.85
SE3	20260308-0100	92.11
SE3	20260308-0800	92.85
SE3	20260308-1500	82.68
SE3	20260308-2200	92.11
SE3	20260308-1700	105.48
SE3	20260308-0600	92.85
SE3	20260308-2000	92.11
SE3	20260308-2100	92.11
SE3	20260308-0700	92.11
SE3	20260308-1200	121.45
SE3	20260308-1000	92.85
SE3	20260308-0500	92.85
SE3	20260308-1100	121.45
SE3	20260308-1600	92.85
SE3	20260308-0300	92.11
SE3	20260308-0400	92.11
SE3	20260308-1900	92.11
SE3	20260308-0000	92.11
SE3	20260308-1400	82.57
FR	20260308-1800	140.64
FR	20260308-1300	40.49
FR	20260308-2300	109.2
FR	20260308-0200	83.37
FR	20260308-0900	44.05
FR	20260308-0100	103.17
FR	20260308-0800	53.93
FR	20260308-1500	47.77
FR	20260308-2200	117.2
FR	20260308-1700	117.2
FR	20260308-0600	83.37
FR	20260308-2000	117.2
FR	20260308-2100	117.2
FR	20260308-0700	77.01
FR	20260308-1200	39.95
FR	20260308-1000	40.6
FR	20260308-0500	75.63
FR	20260308-1100	39.95
FR	20260308-1600	56.32
FR	20260308-0300	74.75
FR	20260308-0400	74.81
FR	20260308-1900	137.58
FR	20260308-0000	110.88
FR	20260308-1400	43.8
FI	20260308-1800	12.91
FI	20260308-1300	9.5
FI	20260308-2300	15.64
FI	20260308-0200	5
FI	20260308-0900	9.5
FI	20260308-0100	5
FI	20260308-0800	9.5
FI	20260308-1500	9.5
FI	20260308-2200	9.5
FI	20260308-1700	9.5
FI	20260308-0600	9.5
FI	20260308-2000	12.82
FI	20260308-2100	12.56
FI	20260308-0700	6.17
FI	20260308-1200	9.5
FI	20260308-1000	9.5
FI	20260308-0500	6.17
FI	20260308-1100	9.5
FI	20260308-1600	9.5
FI	20260308-0300	5
FI	20260308-0400	6.17
FI	20260308-1900	12.63
FI	20260308-0000	5
FI	20260308-1400	9.5
PL	20260308-1800	91.74
PL	20260308-1300	56.57
PL	20260308-2300	83.37
PL	20260308-0200	91.74
PL	20260308-0900	6.17
PL	20260308-0100	91.74
PL	20260308-0800	56.57
PL	20260308-1500	91.74
PL	20260308-2200	91.74
PL	20260308-1700	91.74
PL	20260308-0600	91.74
PL	20260308-2000	91.74
PL	20260308-2100	91.74
PL	20260308-0700	67.73
PL	20260308-1200	50.11
PL	20260308-1000	5.39
PL	20260308-0500	91.74
PL	20260308-1100	5.39
PL	20260308-1600	91.74
PL	20260308-0300	91.74
PL	20260308-0400	91.74
PL	20260308-1900	91.74
PL	20260308-0000	91.74
PL	20260308-1400	83.37
IT-Calabria	20260308-1800	140.64
IT-Calabria	20260308-1300	123.8
IT-Calabria	20260308-2300	140.64
IT-Calabria	20260308-0200	140.64
IT-Calabria	20260308-0900	138.04
IT-Calabria	20260308-0100	140.64
IT-Calabria	20260308-0800	140.64
IT-Calabria	20260308-1500	140.64
IT-Calabria	20260308-2200	140.64
IT-Calabria	20260308-1700	140.64
IT-Calabria	20260308-0600	140.64
IT-Calabria	20260308-2000	140.64
IT-Calabria	20260308-2100	140.64
IT-Calabria	20260308-0700	140.64
IT-Calabria	20260308-1200	123.8
IT-Calabria	20260308-1000	123.8
IT-Calabria	20260308-0500	140.64
IT-Calabria	20260308-1100	123.8
IT-Calabria	20260308-1600	140.64
IT-Calabria	20260308-0300	140.64
IT-Calabria	20260308-0400	140.64
IT-Calabria	20260308-1900	140.64
IT-Calabria	20260308-0000	140.64
IT-Calabria	20260308-1400	123.8
AT	20260308-1800	120.06
AT	20260308-1300	63.94
AT	20260308-2300	109.2
AT	20260308-0200	103.17
AT	20260308-0900	71.09
AT	20260308-0100	103.17
AT	20260308-0800	91.74
AT	20260308-1500	102.34
AT	20260308-2200	117.2
AT	20260308-1700	120.06
AT	20260308-0600	103.17
AT	20260308-2000	117.2
AT	20260308-2100	117.2
AT	20260308-0700	102.34
AT	20260308-1200	60.99
AT	20260308-1000	64.24
AT	20260308-0500	103.17
AT	20260308-1100	57
AT	20260308-1600	117.2
AT	20260308-0300	103.17
AT	20260308-0400	103.17
AT	20260308-1900	117.72
AT	20260308-0000	110.88
AT	20260308-1400	83.37
SE2	20260308-1800	1
SE2	20260308-1300	98.96
SE2	20260308-2300	56.01
SE2	20260308-0200	1
SE2	20260308-0900	91.81
SE2	20260308-0100	1
SE2	20260308-0800	78.51
SE2	20260308-1500	86.51
SE2	20260308-2200	1
SE2	20260308-1700	56.49
SE2	20260308-0600	1
SE2	20260308-2000	1
SE2	20260308-2100	1
SE2	20260308-0700	63.7
SE2	20260308-1200	101.18
SE2	20260308-1000	99.72
SE2	20260308-0500	1
SE2	20260308-1100	102.69
SE2	20260308-1600	74.32
SE2	20260308-0300	1
SE2	20260308-0400	1
SE2	20260308-1900	1
SE2	20260308-0000	1
SE2	20260308-1400	94.66
IT-NORTH	20260308-1800	140.64
IT-NORTH	20260308-1300	123.8
IT-NORTH	20260308-2300	140.64
IT-NORTH	20260308-0200	140.64
IT-NORTH	20260308-0900	138.04
IT-NORTH	20260308-0100	140.64
IT-NORTH	20260308-0800	140.64
IT-NORTH	20260308-1500	140.64
IT-NORTH	20260308-2200	140.64
IT-NORTH	20260308-1700	140.64
IT-NORTH	20260308-0600	140.64
IT-NORTH	20260308-2000	140.64
IT-NORTH	20260308-2100	140.64
IT-NORTH	20260308-0700	140.64
IT-NORTH	20260308-1200	123.8
IT-NORTH	20260308-1000	123.8
IT-NORTH	20260308-0500	140.64
IT-NORTH	20260308-1100	123.8
IT-NORTH	20260308-1600	140.64
IT-NORTH	20260308-0300	140.64
IT-NORTH	20260308-0400	140.64
IT-NORTH	20260308-1900	140.64
IT-NORTH	20260308-0000	140.64
IT-NORTH	20260308-1400	123.8
LT	20260308-1800	95.01
LT	20260308-1300	45.72
LT	20260308-2300	63.14
LT	20260308-0200	87.36
LT	20260308-0900	9.5
LT	20260308-0100	76.42
LT	20260308-0800	23.75
LT	20260308-1500	102.34
LT	20260308-2200	68.88
LT	20260308-1700	100.31
LT	20260308-0600	69.42
LT	20260308-2000	76.42
LT	20260308-2100	68.88
LT	20260308-0700	68.04
LT	20260308-1200	50.11
LT	20260308-1000	23.75
LT	20260308-0500	91.74
LT	20260308-1100	23.75
LT	20260308-1600	91.74
LT	20260308-0300	87.36
LT	20260308-0400	91.74
LT	20260308-1900	87.36
LT	20260308-0000	91.74
LT	20260308-1400	63.93
PT	20260308-1800	191.37
PT	20260308-1300	40.49
PT	20260308-2300	117.2
PT	20260308-0200	83.37
PT	20260308-0900	44.05
PT	20260308-0100	103.17
PT	20260308-0800	53.93
PT	20260308-1500	47.77
PT	20260308-2200	117.2
PT	20260308-1700	117.2
PT	20260308-0600	83.37
PT	20260308-2000	215.16
PT	20260308-2100	204.7
PT	20260308-0700	77.01
PT	20260308-1200	39.95
PT	20260308-1000	40.6
PT	20260308-0500	83.37
PT	20260308-1100	39.95
PT	20260308-1600	56.32
PT	20260308-0300	83.37
PT	20260308-0400	83.37
PT	20260308-1900	215.21
PT	20260308-0000	110.88
PT	20260308-1400	43.8
NO2	20260308-1800	123.37
NO2	20260308-1300	76.98
NO2	20260308-2300	110.11
NO2	20260308-0200	117.9
NO2	20260308-0900	84.84
NO2	20260308-0100	117.9
NO2	20260308-0800	104.3
NO2	20260308-1500	105.64
NO2	20260308-2200	117.9
NO2	20260308-1700	123.37
NO2	20260308-0600	118.64
NO2	20260308-2000	117.9
NO2	20260308-2100	117.9
NO2	20260308-0700	117.9
NO2	20260308-1200	73.17
NO2	20260308-1000	78.23
NO2	20260308-0500	118.64
NO2	20260308-1100	73.17
NO2	20260308-1600	118.64
NO2	20260308-0300	117.68
NO2	20260308-0400	117.68
NO2	20260308-1900	117.9
NO2	20260308-0000	117.9
NO2	20260308-1400	97.87
LV	20260308-1800	95.01
LV	20260308-1300	9.5
LV	20260308-2300	63.14
LV	20260308-0200	75.34
LV	20260308-0900	9.5
LV	20260308-0100	39.66
LV	20260308-0800	9.5
LV	20260308-1500	102.34
LV	20260308-2200	68.88
LV	20260308-1700	83.37
LV	20260308-0600	9.5
LV	20260308-2000	76.42
LV	20260308-2100	68.88
LV	20260308-0700	6.17
LV	20260308-1200	9.5
LV	20260308-1000	9.5
LV	20260308-0500	39.66
LV	20260308-1100	9.5
LV	20260308-1600	91.74
LV	20260308-0300	75.34
LV	20260308-0400	39.66
LV	20260308-1900	87.36
LV	20260308-0000	75.34
LV	20260308-1400	39.66
NL	20260308-1800	117.2
NL	20260308-1300	101.39
NL	20260308-2300	103.17
NL	20260308-0200	103.17
NL	20260308-0900	103.17
NL	20260308-0100	103.17
NL	20260308-0800	103.17
NL	20260308-1500	102.34
NL	20260308-2200	103.17
NL	20260308-1700	117.2
NL	20260308-0600	103.17
NL	20260308-2000	103.17
NL	20260308-2100	103.17
NL	20260308-0700	103.17
NL	20260308-1200	101.4
NL	20260308-1000	103.17
NL	20260308-0500	103.17
NL	20260308-1100	101.4
NL	20260308-1600	108.36
NL	20260308-0300	103.17
NL	20260308-0400	103.17
NL	20260308-1900	117.2
NL	20260308-0000	110.88
NL	20260308-1400	91.74
NO5	20260308-1800	111.76
NO5	20260308-1300	75.31
NO5	20260308-2300	93.78
NO5	20260308-0200	97.98
NO5	20260308-0900	80.15
NO5	20260308-0100	97.98
NO5	20260308-0800	90.64
NO5	20260308-1500	87.6
NO5	20260308-2200	97.98
NO5	20260308-1700	111.76
NO5	20260308-0600	98.38
NO5	20260308-2000	97.98
NO5	20260308-2100	97.98
NO5	20260308-0700	97.98
NO5	20260308-1200	73.26
NO5	20260308-1000	76.58
NO5	20260308-0500	98.38
NO5	20260308-1100	73.26
NO5	20260308-1600	98.38
NO5	20260308-0300	97.59
NO5	20260308-0400	97.59
NO5	20260308-1900	97.98
NO5	20260308-0000	97.98
NO5	20260308-1400	83.36
BE	20260308-1800	117.2
BE	20260308-1300	71.08
BE	20260308-2300	98.34
BE	20260308-0200	92.48
BE	20260308-0900	84.05
BE	20260308-0100	92.48
BE	20260308-0800	95.06
BE	20260308-1500	83.37
BE	20260308-2200	102.76
BE	20260308-1700	117.2
BE	20260308-0600	92.85
BE	20260308-2000	117.2
BE	20260308-2100	117.2
BE	20260308-0700	92.48
BE	20260308-1200	69.14
BE	20260308-1000	72.28
BE	20260308-0500	92.85
BE	20260308-1100	69.14
BE	20260308-1600	103.17
BE	20260308-0300	92.11
BE	20260308-0400	92.11
BE	20260308-1900	117.2
BE	20260308-0000	92.48
BE	20260308-1400	78.68
RO	20260308-1800	118.82
RO	20260308-1300	6.17
RO	20260308-2300	83.37
RO	20260308-0200	102.34
RO	20260308-0900	6.17
RO	20260308-0100	102.34
RO	20260308-0800	8.97
RO	20260308-1500	113.35
RO	20260308-2200	102.34
RO	20260308-1700	144.47
RO	20260308-0600	83.37
RO	20260308-2000	117.2
RO	20260308-2100	113.39
RO	20260308-0700	12.57
RO	20260308-1200	5.39
RO	20260308-1000	5.39
RO	20260308-0500	102.34
RO	20260308-1100	5.39
RO	20260308-1600	117.2
RO	20260308-0300	102.34
RO	20260308-0400	102.34
RO	20260308-1900	117.2
RO	20260308-0000	102.34
RO	20260308-1400	67.73
DK2	20260308-1800	117.2
DK2	20260308-1300	66.71
DK2	20260308-2300	102.34
DK2	20260308-0200	103.17
DK2	20260308-0900	71.09
DK2	20260308-0100	103.17
DK2	20260308-0800	91.74
DK2	20260308-1500	102.34
DK2	20260308-2200	102.34
DK2	20260308-1700	122.27
DK2	20260308-0600	103.17
DK2	20260308-2000	103.17
DK2	20260308-2100	102.34
DK2	20260308-0700	102.34
DK2	20260308-1200	57
DK2	20260308-1000	63
DK2	20260308-0500	103.17
DK2	20260308-1100	57
DK2	20260308-1600	117.2
DK2	20260308-0300	103.17
DK2	20260308-0400	103.17
DK2	20260308-1900	117.2
DK2	20260308-0000	110.88
DK2	20260308-1400	83.37
BG	20260308-1800	118.82
BG	20260308-1300	6.17
BG	20260308-2300	83.37
BG	20260308-0200	102.34
BG	20260308-0900	6.17
BG	20260308-0100	102.34
BG	20260308-0800	8.97
BG	20260308-1500	113.35
BG	20260308-2200	102.34
BG	20260308-1700	144.47
BG	20260308-0600	83.37
BG	20260308-2000	117.2
BG	20260308-2100	113.39
BG	20260308-0700	12.57
BG	20260308-1200	5.39
BG	20260308-1000	5.39
BG	20260308-0500	102.34
BG	20260308-1100	5.39
BG	20260308-1600	117.2
BG	20260308-0300	102.34
BG	20260308-0400	102.34
BG	20260308-1900	117.2
BG	20260308-0000	102.34
BG	20260308-1400	67.73
IT-CSOUTH	20260308-1800	140.64
IT-CSOUTH	20260308-1300	123.8
IT-CSOUTH	20260308-2300	140.64
IT-CSOUTH	20260308-0200	140.64
IT-CSOUTH	20260308-0900	138.04
IT-CSOUTH	20260308-0100	140.64
IT-CSOUTH	20260308-0800	140.64
IT-CSOUTH	20260308-1500	140.64
IT-CSOUTH	20260308-2200	140.64
IT-CSOUTH	20260308-1700	140.64
IT-CSOUTH	20260308-0600	140.64
IT-CSOUTH	20260308-2000	140.64
IT-CSOUTH	20260308-2100	140.64
IT-CSOUTH	20260308-0700	140.64
IT-CSOUTH	20260308-1200	123.8
IT-CSOUTH	20260308-1000	123.8
IT-CSOUTH	20260308-0500	140.64
IT-CSOUTH	20260308-1100	123.8
IT-CSOUTH	20260308-1600	140.64
IT-CSOUTH	20260308-0300	140.64
IT-CSOUTH	20260308-0400	140.64
IT-CSOUTH	20260308-1900	140.64
IT-CSOUTH	20260308-0000	140.64
IT-CSOUTH	20260308-1400	123.8
CZ	20260308-1800	91.74
CZ	20260308-1300	10.5
CZ	20260308-2300	67.73
CZ	20260308-0200	91.74
CZ	20260308-0900	10.51
CZ	20260308-0100	91.74
CZ	20260308-0800	12.55
CZ	20260308-1500	91.74
CZ	20260308-2200	67.73
CZ	20260308-1700	102.34
CZ	20260308-0600	87.78
CZ	20260308-2000	91.74
CZ	20260308-2100	67.73
CZ	20260308-0700	16.3
CZ	20260308-1200	10.5
CZ	20260308-1000	10.5
CZ	20260308-0500	91.74
CZ	20260308-1100	9.5
CZ	20260308-1600	91.74
CZ	20260308-0300	91.74
CZ	20260308-0400	91.74
CZ	20260308-1900	91.74
CZ	20260308-0000	91.74
CZ	20260308-1400	67.73
NO3	20260308-1800	105.48
NO3	20260308-1300	71.08
NO3	20260308-2300	88.51
NO3	20260308-0200	92.48
NO3	20260308-0900	75.65
NO3	20260308-0100	92.48
NO3	20260308-0800	85.55
NO3	20260308-1500	82.68
NO3	20260308-2200	92.48
NO3	20260308-1700	105.48
NO3	20260308-0600	92.85
NO3	20260308-2000	92.48
NO3	20260308-2100	92.48
NO3	20260308-0700	92.48
NO3	20260308-1200	69.14
NO3	20260308-1000	72.28
NO3	20260308-0500	92.85
NO3	20260308-1100	69.14
NO3	20260308-1600	92.85
NO3	20260308-0300	92.11
NO3	20260308-0400	92.11
NO3	20260308-1900	92.48
NO3	20260308-0000	102.76
NO3	20260308-1400	78.68
NO1	20260308-1800	105.48
NO1	20260308-1300	71.08
NO1	20260308-2300	88.51
NO1	20260308-0200	92.48
NO1	20260308-0900	75.65
NO1	20260308-0100	92.48
NO1	20260308-0800	85.55
NO1	20260308-1500	82.68
NO1	20260308-2200	92.48
NO1	20260308-1700	105.48
NO1	20260308-0600	92.85
NO1	20260308-2000	92.48
NO1	20260308-2100	92.48
NO1	20260308-0700	92.48
NO1	20260308-1200	69.14
NO1	20260308-1000	72.28
NO1	20260308-0500	92.85
NO1	20260308-1100	69.14
NO1	20260308-1600	92.85
NO1	20260308-0300	92.11
NO1	20260308-0400	92.11
NO1	20260308-1900	92.48
NO1	20260308-0000	92.48
NO1	20260308-1400	78.68
DE_LU	20260308-1800	117.2
DE_LU	20260308-1300	56.57
DE_LU	20260308-2300	102.34
DE_LU	20260308-0200	103.17
DE_LU	20260308-0900	71.09
DE_LU	20260308-0100	103.17
DE_LU	20260308-0800	91.74
DE_LU	20260308-1500	102.34
DE_LU	20260308-2200	102.34
DE_LU	20260308-1700	117.2
DE_LU	20260308-0600	103.17
DE_LU	20260308-2000	103.17
DE_LU	20260308-2100	102.34
DE_LU	20260308-0700	102.34
DE_LU	20260308-1200	39.95
DE_LU	20260308-1000	63
DE_LU	20260308-0500	103.17
DE_LU	20260308-1100	39.95
DE_LU	20260308-1600	117.2
DE_LU	20260308-0300	103.17
DE_LU	20260308-0400	103.17
DE_LU	20260308-1900	117.2
DE_LU	20260308-0000	110.88
DE_LU	20260308-1400	83.37
SK	20260308-1800	105.48
SK	20260308-1300	64.51
SK	20260308-2300	88.51
SK	20260308-0200	92.48
SK	20260308-0900	75.65
SK	20260308-0100	92.48
SK	20260308-0800	85.55
SK	20260308-1500	82.68
SK	20260308-2200	92.48
SK	20260308-1700	105.48
SK	20260308-0600	92.85
SK	20260308-2000	92.48
SK	20260308-2100	92.48
SK	20260308-0700	92.48
SK	20260308-1200	16.16
SK	20260308-1000	57
SK	20260308-0500	92.85
SK	20260308-1100	16.08
SK	20260308-1600	92.85
SK	20260308-0300	92.11
SK	20260308-0400	92.11
SK	20260308-1900	92.48
SK	20260308-0000	92.48
SK	20260308-1400	78.68
EE	20260308-1800	75.34
EE	20260308-1300	9.5
EE	20260308-2300	39.66
EE	20260308-0200	75.34
EE	20260308-0900	9.5
EE	20260308-0100	39.66
EE	20260308-0800	9.5
EE	20260308-1500	75.34
EE	20260308-2200	68.88
EE	20260308-1700	75.34
EE	20260308-0600	9.5
EE	20260308-2000	75.34
EE	20260308-2100	68.88
EE	20260308-0700	6.17
EE	20260308-1200	9.5
EE	20260308-1000	9.5
EE	20260308-0500	39.66
EE	20260308-1100	9.5
EE	20260308-1600	75.34
EE	20260308-0300	75.34
EE	20260308-0400	39.66
EE	20260308-1900	75.34
EE	20260308-0000	75.34
EE	20260308-1400	39.66
SE4	20260308-1800	95.01
SE4	20260308-1300	45.72
SE4	20260308-2300	63.14
SE4	20260308-0200	87.36
SE4	20260308-0900	44.57
SE4	20260308-0100	76.42
SE4	20260308-0800	58.04
SE4	20260308-1500	102.34
SE4	20260308-2200	68.88
SE4	20260308-1700	100.31
SE4	20260308-0600	69.42
SE4	20260308-2000	76.42
SE4	20260308-2100	68.88
SE4	20260308-0700	68.04
SE4	20260308-1200	50.11
SE4	20260308-1000	63
SE4	20260308-0500	89.99
SE4	20260308-1100	39.41
SE4	20260308-1600	89.99
SE4	20260308-0300	87.36
SE4	20260308-0400	89.45
SE4	20260308-1900	87.36
SE4	20260308-0000	89.45
SE4	20260308-1400	63.93
SI	20260401-0400	136
SI	20260401-1000	10.5
SI	20260401-2300	70.14
SI	20260401-1700	119.3
SI	20260401-1100	16.01
SI	20260401-0600	114.42
SI	20260401-0800	78.92
SI	20260401-2100	104.63
SI	20260401-1200	75.45
SI	20260401-1300	9.5
SI	20260401-2200	79.3
SI	20260401-1900	114.42
SI	20260401-0300	113.34
SI	20260401-1400	79.3
SI	20260401-0700	101.04
SI	20260401-1800	119.3
SI	20260401-1600	119.3
SI	20260401-0500	136
SI	20260401-0000	70.14
SI	20260401-0900	12.5
SI	20260401-1500	17.93
SI	20260401-0100	104.63
SI	20260401-0200	104.63
ES	20260401-0400	79.3
ES	20260401-1000	1
ES	20260401-2300	79.3
ES	20260401-1700	5.97
ES	20260401-1100	1
ES	20260401-0600	113.34
ES	20260401-0800	1
ES	20260401-2100	113.34
ES	20260401-1200	1
ES	20260401-1300	1
ES	20260401-2200	88.83
ES	20260401-1900	113.34
ES	20260401-0300	18.21
ES	20260401-1400	1
ES	20260401-0700	5.97
ES	20260401-1800	113.34
ES	20260401-1600	1
ES	20260401-0500	113.34
ES	20260401-0000	13.68
ES	20260401-0900	1
ES	20260401-1500	1
ES	20260401-0100	11.4
ES	20260401-0200	11.49
GR	20260401-0400	136
GR	20260401-1000	113.34
GR	20260401-2300	70.14
GR	20260401-1700	136
GR	20260401-1100	113.34
GR	20260401-0600	136
GR	20260401-0800	113.34
GR	20260401-2100	104.63
GR	20260401-1200	113.34
GR	20260401-1300	113.34
GR	20260401-2200	79.3
GR	20260401-1900	114.42
GR	20260401-0300	113.34
GR	20260401-1400	113.34
GR	20260401-0700	113.34
GR	20260401-1800	136
GR	20260401-1600	136
GR	20260401-0500	179.31
GR	20260401-0000	104.63
GR	20260401-0900	113.34
GR	20260401-1500	113.34
GR	20260401-0100	104.63
GR	20260401-0200	104.63
IT-CNORTH	20260401-0400	136
IT-CNORTH	20260401-1000	136
IT-CNORTH	20260401-2300	136
IT-CNORTH	20260401-1700	136
IT-CNORTH	20260401-1100	136
IT-CNORTH	20260401-0600	136
IT-CNORTH	20260401-0800	136
IT-CNORTH	20260401-2100	136
IT-CNORTH	20260401-1200	136
IT-CNORTH	20260401-1300	136
IT-CNORTH	20260401-2200	136
IT-CNORTH	20260401-1900	136
IT-CNORTH	20260401-0300	136
IT-CNORTH	20260401-1400	136
IT-CNORTH	20260401-0700	136
IT-CNORTH	20260401-1800	145.72
IT-CNORTH	20260401-1600	136
IT-CNORTH	20260401-0500	136
IT-CNORTH	20260401-0000	136
IT-CNORTH	20260401-0900	136
IT-CNORTH	20260401-1500	136
IT-CNORTH	20260401-0100	136
IT-CNORTH	20260401-0200	136
HU	20260401-0400	136
HU	20260401-1000	10.5
HU	20260401-2300	70.14
HU	20260401-1700	203.22
HU	20260401-1100	16.01
HU	20260401-0600	114.42
HU	20260401-0800	78.92
HU	20260401-2100	104.63
HU	20260401-1200	75.45
HU	20260401-1300	75.34
HU	20260401-2200	79.3
HU	20260401-1900	114.42
HU	20260401-0300	113.34
HU	20260401-1400	113.34
HU	20260401-0700	101.04
HU	20260401-1800	172.13
HU	20260401-1600	136
HU	20260401-0500	179.31
HU	20260401-0000	104.63
HU	20260401-0900	12.5
HU	20260401-1500	113.34
HU	20260401-0100	104.63
HU	20260401-0200	104.63
IT-SOUTH	20260401-0400	136
IT-SOUTH	20260401-1000	124.61
IT-SOUTH	20260401-2300	136
IT-SOUTH	20260401-1700	136
IT-SOUTH	20260401-1100	124.61
IT-SOUTH	20260401-0600	136
IT-SOUTH	20260401-0800	136
IT-SOUTH	20260401-2100	136
IT-SOUTH	20260401-1200	124.61
IT-SOUTH	20260401-1300	136
IT-SOUTH	20260401-2200	136
IT-SOUTH	20260401-1900	136
IT-SOUTH	20260401-0300	124.61
IT-SOUTH	20260401-1400	136
IT-SOUTH	20260401-0700	136
IT-SOUTH	20260401-1800	136
IT-SOUTH	20260401-1600	136
IT-SOUTH	20260401-0500	136
IT-SOUTH	20260401-0000	124.61
IT-SOUTH	20260401-0900	124.61
IT-SOUTH	20260401-1500	136
IT-SOUTH	20260401-0100	124.61
IT-SOUTH	20260401-0200	124.61
IT-Sicily	20260401-0400	136
IT-Sicily	20260401-1000	124.61
IT-Sicily	20260401-2300	136
IT-Sicily	20260401-1700	136
IT-Sicily	20260401-1100	124.61
IT-Sicily	20260401-0600	136
IT-Sicily	20260401-0800	136
IT-Sicily	20260401-2100	136
IT-Sicily	20260401-1200	124.61
IT-Sicily	20260401-1300	136
IT-Sicily	20260401-2200	136
IT-Sicily	20260401-1900	136
IT-Sicily	20260401-0300	124.61
IT-Sicily	20260401-1400	136
IT-Sicily	20260401-0700	136
IT-Sicily	20260401-1800	136
IT-Sicily	20260401-1600	136
IT-Sicily	20260401-0500	136
IT-Sicily	20260401-0000	124.61
IT-Sicily	20260401-0900	124.61
IT-Sicily	20260401-1500	136
IT-Sicily	20260401-0100	124.61
IT-Sicily	20260401-0200	124.61
IT-Sardinia	20260401-0400	136
IT-Sardinia	20260401-1000	101.41
IT-Sardinia	20260401-2300	136
IT-Sardinia	20260401-1700	136
IT-Sardinia	20260401-1100	112.5
IT-Sardinia	20260401-0600	123.46
IT-Sardinia	20260401-0800	123.46
IT-Sardinia	20260401-2100	136
IT-Sardinia	20260401-1200	101.41
IT-Sardinia	20260401-1300	101.41
IT-Sardinia	20260401-2200	136
IT-Sardinia	20260401-1900	136
IT-Sardinia	20260401-0300	124.61
IT-Sardinia	20260401-1400	112.06
IT-Sardinia	20260401-0700	112.06
IT-Sardinia	20260401-1800	136
IT-Sardinia	20260401-1600	136
IT-Sardinia	20260401-0500	124.17
IT-Sardinia	20260401-0000	124.61
IT-Sardinia	20260401-0900	101.41
IT-Sardinia	20260401-1500	123.46
IT-Sardinia	20260401-0100	124.61
IT-Sardinia	20260401-0200	124.61
RS	20260401-0400	136
RS	20260401-1000	70.14
RS	20260401-2300	70.14
RS	20260401-1700	203.22
RS	20260401-1100	70.14
RS	20260401-0600	136
RS	20260401-0800	104.63
RS	20260401-2100	104.63
RS	20260401-1200	79.3
RS	20260401-1300	104.63
RS	20260401-2200	79.3
RS	20260401-1900	114.42
RS	20260401-0300	113.34
RS	20260401-1400	113.34
RS	20260401-0700	113.34
RS	20260401-1800	172.13
RS	20260401-1600	136
RS	20260401-0500	179.31
RS	20260401-0000	104.63
RS	20260401-0900	104.63
RS	20260401-1500	113.34
RS	20260401-0100	104.63
RS	20260401-0200	104.63
DK1	20260401-0400	119.3
DK1	20260401-1000	93.38
DK1	20260401-2300	104.63
DK1	20260401-1700	136
DK1	20260401-1100	79.3
DK1	20260401-0600	136
DK1	20260401-0800	104.63
DK1	20260401-2100	113.34
DK1	20260401-1200	75
DK1	20260401-1300	79.3
DK1	20260401-2200	106.65
DK1	20260401-1900	124.38
DK1	20260401-0300	113.34
DK1	20260401-1400	93.38
DK1	20260401-0700	113.34
DK1	20260401-1800	144.98
DK1	20260401-1600	119.3
DK1	20260401-0500	136
DK1	20260401-0000	106.65
DK1	20260401-0900	93.38
DK1	20260401-1500	104.63
DK1	20260401-0100	106.65
DK1	20260401-0200	113.34
CH	20260401-0400	119.3
CH	20260401-1000	80.47
CH	20260401-2300	104.63
CH	20260401-1700	136
CH	20260401-1100	76.12
CH	20260401-0600	136
CH	20260401-0800	104.63
CH	20260401-2100	113.34
CH	20260401-1200	75
CH	20260401-1300	73.73
CH	20260401-2200	106.65
CH	20260401-1900	124.38
CH	20260401-0300	113.34
CH	20260401-1400	93.11
CH	20260401-0700	113.34
CH	20260401-1800	145.72
CH	20260401-1600	119.3
CH	20260401-0500	136
CH	20260401-0000	106.65
CH	20260401-0900	93.38
CH	20260401-1500	104.03
CH	20260401-0100	106.65
CH	20260401-0200	113.34
SE1	20260401-0400	1
SE1	20260401-1000	1
SE1	20260401-2300	59.53
SE1	20260401-1700	1
SE1	20260401-1100	1
SE1	20260401-0600	1
SE1	20260401-0800	1
SE1	20260401-2100	1
SE1	20260401-1200	1
SE1	20260401-1300	1
SE1	20260401-2200	1
SE1	20260401-1900	1
SE1	20260401-0300	1
SE1	20260401-1400	1
SE1	20260401-0700	1
SE1	20260401-1800	1
SE1	20260401-1600	1
SE1	20260401-0500	1
SE1	20260401-0000	1
SE1	20260401-0900	1
SE1	20260401-1500	1
SE1	20260401-0100	1
SE1	20260401-0200	1
NO4	20260401-0400	32.7
NO4	20260401-1000	32.15
NO4	20260401-2300	37.94
NO4	20260401-1700	45.93
NO4	20260401-1100	34.08
NO4	20260401-0600	42.56
NO4	20260401-0800	36.42
NO4	20260401-2100	34.21
NO4	20260401-1200	32.84
NO4	20260401-1300	35.61
NO4	20260401-2200	38.33
NO4	20260401-1900	43.1
NO4	20260401-0300	25.05
NO4	20260401-1400	38.9
NO4	20260401-0700	41.84
NO4	20260401-1800	44.48
NO4	20260401-1600	43.48
NO4	20260401-0500	37.87
NO4	20260401-0000	27.22
NO4	20260401-0900	31.55
NO4	20260401-1500	41.01
NO4	20260401-0100	26.61
NO4	20260401-0200	26.16
SE3	20260401-0400	102.01
SE3	20260401-1000	84.04
SE3	20260401-2300	94.17
SE3	20260401-1700	119.3
SE3	20260401-1100	71.24
SE3	20260401-0600	119.3
SE3	20260401-0800	94.17
SE3	20260401-2100	102.01
SE3	20260401-1200	63.94
SE3	20260401-1300	1
SE3	20260401-2200	94.17
SE3	20260401-1900	102.01
SE3	20260401-0300	100.37
SE3	20260401-1400	84.04
SE3	20260401-0700	102.01
SE3	20260401-1800	119.3
SE3	20260401-1600	102.01
SE3	20260401-0500	119.3
SE3	20260401-0000	94.17
SE3	20260401-0900	84.04
SE3	20260401-1500	94.17
SE3	20260401-0100	94.17
SE3	20260401-0200	94.17
FR	20260401-0400	79.3
FR	20260401-1000	52.16
FR	20260401-2300	79.58
FR	20260401-1700	113.34
FR	20260401-1100	43.23
FR	20260401-0600	136
FR	20260401-0800	88.03
FR	20260401-2100	113.34
FR	20260401-1200	42.6
FR	20260401-1300	10.5
FR	20260401-2200	88.83
FR	20260401-1900	124.38
FR	20260401-0300	52.41
FR	20260401-1400	40.49
FR	20260401-0700	113.34
FR	20260401-1800	145.72
FR	20260401-1600	60.76
FR	20260401-0500	128.02
FR	20260401-0000	50.76
FR	20260401-0900	74.65
FR	20260401-1500	41.99
FR	20260401-0100	49.8
FR	20260401-0200	45.02
FI	20260401-0400	9.5
FI	20260401-1000	3.75
FI	20260401-2300	9.5
FI	20260401-1700	5
FI	20260401-1100	3.75
FI	20260401-0600	5.97
FI	20260401-0800	5
FI	20260401-2100	4.8
FI	20260401-1200	3.75
FI	20260401-1300	3.75
FI	20260401-2200	5.97
FI	20260401-1900	5
FI	20260401-0300	9.5
FI	20260401-1400	3.97
FI	20260401-0700	5
FI	20260401-1800	5
FI	20260401-1600	5
FI	20260401-0500	9.5
FI	20260401-0000	18.75
FI	20260401-0900	4.8
FI	20260401-1500	3.97
FI	20260401-0100	13.39
FI	20260401-0200	9.5
PL	20260401-0400	104.63
PL	20260401-1000	79.3
PL	20260401-2300	93.38
PL	20260401-1700	104.63
PL	20260401-1100	79.3
PL	20260401-0600	93.38
PL	20260401-0800	93.38
PL	20260401-2100	93.38
PL	20260401-1200	79.3
PL	20260401-1300	93.38
PL	20260401-2200	93.38
PL	20260401-1900	104.63
PL	20260401-0300	93.38
PL	20260401-1400	93.38
PL	20260401-0700	93.38
PL	20260401-1800	104.63
PL	20260401-1600	104.63
PL	20260401-0500	104.63
PL	20260401-0000	93.38
PL	20260401-0900	93.38
PL	20260401-1500	93.38
PL	20260401-0100	93.38
PL	20260401-0200	93.38
IT-Calabria	20260401-0400	136
IT-Calabria	20260401-1000	124.61
IT-Calabria	20260401-2300	136
IT-Calabria	20260401-1700	136
IT-Calabria	20260401-1100	124.61
IT-Calabria	20260401-0600	136
IT-Calabria	20260401-0800	136
IT-Calabria	20260401-2100	136
IT-Calabria	20260401-1200	124.61
IT-Calabria	20260401-1300	136
IT-Calabria	20260401-2200	136
IT-Calabria	20260401-1900	136
IT-Calabria	20260401-0300	124.61
IT-Calabria	20260401-1400	136
IT-Calabria	20260401-0700	136
IT-Calabria	20260401-1800	136
IT-Calabria	20260401-1600	136
IT-Calabria	20260401-0500	136
IT-Calabria	20260401-0000	124.61
IT-Calabria	20260401-0900	124.61
IT-Calabria	20260401-1500	136
IT-Calabria	20260401-0100	124.61
IT-Calabria	20260401-0200	124.61
AT	20260401-0400	119.3
AT	20260401-1000	74.52
AT	20260401-2300	104.63
AT	20260401-1700	119.3
AT	20260401-1100	76.12
AT	20260401-0600	119.3
AT	20260401-0800	106.65
AT	20260401-2100	113.34
AT	20260401-1200	75.23
AT	20260401-1300	3.75
AT	20260401-2200	106.65
AT	20260401-1900	119.3
AT	20260401-0300	113.34
AT	20260401-1400	93.11
AT	20260401-0700	113.34
AT	20260401-1800	119.3
AT	20260401-1600	119.3
AT	20260401-0500	119.3
AT	20260401-0000	106.65
AT	20260401-0900	93.38
AT	20260401-1500	104.03
AT	20260401-0100	106.65
AT	20260401-0200	113.34
SE2	20260401-0400	1
SE2	20260401-1000	1
SE2	20260401-2300	59.53
SE2	20260401-1700	1
SE2	20260401-1100	1
SE2	20260401-0600	1
SE2	20260401-0800	1
SE2	20260401-2100	1
SE2	20260401-1200	1
SE2	20260401-1300	1
SE2	20260401-2200	1
SE2	20260401-1900	1
SE2	20260401-0300	1
SE2	20260401-1400	1
SE2	20260401-0700	1
SE2	20260401-1800	1
SE2	20260401-1600	1
SE2	20260401-0500	1
SE2	20260401-0000	1
SE2	20260401-0900	1
SE2	20260401-1500	1
SE2	20260401-0100	1
SE2	20260401-0200	1
IT-NORTH	20260401-0400	136
IT-NORTH	20260401-1000	136
IT-NORTH	20260401-2300	136
IT-NORTH	20260401-1700	136
IT-NORTH	20260401-1100	136
IT-NORTH	20260401-0600	136
IT-NORTH	20260401-0800	136
IT-NORTH	20260401-2100	136
IT-NORTH	20260401-1200	136
IT-NORTH	20260401-1300	136
IT-NORTH	20260401-2200	136
IT-NORTH	20260401-1900	136
IT-NORTH	20260401-0300	136
IT-NORTH	20260401-1400	136
IT-NORTH	20260401-0700	136
IT-NORTH	20260401-1800	145.72
IT-NORTH	20260401-1600	136
IT-NORTH	20260401-0500	136
IT-NORTH	20260401-0000	136
IT-NORTH	20260401-0900	136
IT-NORTH	20260401-1500	136
IT-NORTH	20260401-0100	136
IT-NORTH	20260401-0200	136
LT	20260401-0400	119.3
LT	20260401-1000	5.97
LT	20260401-2300	65.64
LT	20260401-1700	106
LT	20260401-1100	23.75
LT	20260401-0600	115.85
LT	20260401-0800	65.32
LT	20260401-2100	70.96
LT	20260401-1200	39.76
LT	20260401-1300	3.75
LT	20260401-2200	65.36
LT	20260401-1900	90.28
LT	20260401-0300	113.34
LT	20260401-1400	58.19
LT	20260401-0700	92.16
LT	20260401-1800	94.54
LT	20260401-1600	80.7
LT	20260401-0500	115.85
LT	20260401-0000	93.38
LT	20260401-0900	4.8
LT	20260401-1500	65.64
LT	20260401-0100	103.84
LT	20260401-0200	113.34
PT	20260401-0400	79.3
PT	20260401-1000	1
PT	20260401-2300	79.3
PT	20260401-1700	5.97
PT	20260401-1100	1
PT	20260401-0600	113.34
PT	20260401-0800	1
PT	20260401-2100	113.34
PT	20260401-1200	1
PT	20260401-1300	1
PT	20260401-2200	88.83
PT	20260401-1900	113.34
PT	20260401-0300	18.21
PT	20260401-1400	1
PT	20260401-0700	5.97
PT	20260401-1800	113.34
PT	20260401-1600	1
PT	20260401-0500	113.34
PT	20260401-0000	13.68
PT	20260401-0900	1
PT	20260401-1500	2.85
PT	20260401-0100	11.4
PT	20260401-0200	11.49
NO2	20260401-0400	119.3
NO2	20260401-1000	108.2
NO2	20260401-2300	119.3
NO2	20260401-1700	119.3
NO2	20260401-1100	91.71
NO2	20260401-0600	119.3
NO2	20260401-0800	119.3
NO2	20260401-2100	119.3
NO2	20260401-1200	82.33
NO2	20260401-1300	79.68
NO2	20260401-2200	119.3
NO2	20260401-1900	119.3
NO2	20260401-0300	119.3
NO2	20260401-1400	108.2
NO2	20260401-0700	119.3
NO2	20260401-1800	119.3
NO2	20260401-1600	119.3
NO2	20260401-0500	119.3
NO2	20260401-0000	119.3
NO2	20260401-0900	108.2
NO2	20260401-1500	119.3
NO2	20260401-0100	119.3
NO2	20260401-0200	113.34
LV	20260401-0400	9.5
LV	20260401-1000	3.75
LV	20260401-2300	9.5
LV	20260401-1700	75.34
LV	20260401-1100	3.75
LV	20260401-0600	5.97
LV	20260401-0800	5
LV	20260401-2100	4.8
LV	20260401-1200	3.75
LV	20260401-1300	3.75
LV	20260401-2200	5.97
LV	20260401-1900	39.66
LV	20260401-0300	9.5
LV	20260401-1400	3.97
LV	20260401-0700	5
LV	20260401-1800	39.66
LV	20260401-1600	39.66
LV	20260401-0500	9.5
LV	20260401-0000	18.75
LV	20260401-0900	4.8
LV	20260401-1500	4.38
LV	20260401-0100	13.39
LV	20260401-0200	9.5
NL	20260401-0400	103.84
NL	20260401-1000	93.38
NL	20260401-2300	103.84
NL	20260401-1700	113.34
NL	20260401-1100	79.3
NL	20260401-0600	113.34
NL	20260401-0800	104.63
NL	20260401-2100	103.84
NL	20260401-1200	75
NL	20260401-1300	79.3
NL	20260401-2200	103.84
NL	20260401-1900	113.34
NL	20260401-0300	103.84
NL	20260401-1400	93.38
NL	20260401-0700	113.34
NL	20260401-1800	113.34
NL	20260401-1600	103.84
NL	20260401-0500	103.84
NL	20260401-0000	103.84
NL	20260401-0900	103.84
NL	20260401-1500	103.84
NL	20260401-0100	103.84
NL	20260401-0200	103.84
NO5	20260401-0400	101.62
NO5	20260401-1000	87.38
NO5	20260401-2300	97.54
NO5	20260401-1700	116.67
NO5	20260401-1100	74.07
NO5	20260401-0600	112.22
NO5	20260401-0800	97.91
NO5	20260401-2100	101.62
NO5	20260401-1200	66.49
NO5	20260401-1300	79.38
NO5	20260401-2200	97.54
NO5	20260401-1900	106.06
NO5	20260401-0300	100.77
NO5	20260401-1400	87.38
NO5	20260401-0700	106.06
NO5	20260401-1800	112.22
NO5	20260401-1600	101.62
NO5	20260401-0500	112.22
NO5	20260401-0000	97.54
NO5	20260401-0900	87.38
NO5	20260401-1500	97.54
NO5	20260401-0100	97.54
NO5	20260401-0200	97.54
BE	20260401-0400	113.34
BE	20260401-1000	103.84
BE	20260401-2300	93.81
BE	20260401-1700	124.67
BE	20260401-1100	79.3
BE	20260401-0600	214.74
BE	20260401-0800	113.34
BE	20260401-2100	113.34
BE	20260401-1200	71.05
BE	20260401-1300	79.3
BE	20260401-2200	93.81
BE	20260401-1900	113.34
BE	20260401-0300	113.34
BE	20260401-1400	84.04
BE	20260401-0700	194.62
BE	20260401-1800	195.64
BE	20260401-1600	108.59
BE	20260401-0500	214.74
BE	20260401-0000	113.34
BE	20260401-0900	113.34
BE	20260401-1500	94.53
BE	20260401-0100	113.34
BE	20260401-0200	113.34
RO	20260401-0400	136
RO	20260401-1000	70.14
RO	20260401-2300	70.14
RO	20260401-1700	203.22
RO	20260401-1100	70.14
RO	20260401-0600	136
RO	20260401-0800	104.63
RO	20260401-2100	104.63
RO	20260401-1200	79.3
RO	20260401-1300	104.63
RO	20260401-2200	79.3
RO	20260401-1900	114.42
RO	20260401-0300	113.34
RO	20260401-1400	113.34
RO	20260401-0700	113.34
RO	20260401-1800	172.13
RO	20260401-1600	136
RO	20260401-0500	179.31
RO	20260401-0000	104.63
RO	20260401-0900	104.63
RO	20260401-1500	113.34
RO	20260401-0100	104.63
RO	20260401-0200	104.63
DK2	20260401-0400	119.3
DK2	20260401-1000	76.64
DK2	20260401-2300	104.63
DK2	20260401-1700	136
DK2	20260401-1100	75.89
DK2	20260401-0600	136
DK2	20260401-0800	104.63
DK2	20260401-2100	113.34
DK2	20260401-1200	63.59
DK2	20260401-1300	76.09
DK2	20260401-2200	106.65
DK2	20260401-1900	130.65
DK2	20260401-0300	113.34
DK2	20260401-1400	93.38
DK2	20260401-0700	113.34
DK2	20260401-1800	145.72
DK2	20260401-1600	119.3
DK2	20260401-0500	136
DK2	20260401-0000	106.65
DK2	20260401-0900	93.38
DK2	20260401-1500	104.63
DK2	20260401-0100	106.65
DK2	20260401-0200	113.34
BG	20260401-0400	136
BG	20260401-1000	70.14
BG	20260401-2300	70.14
BG	20260401-1700	203.22
BG	20260401-1100	70.14
BG	20260401-0600	136
BG	20260401-0800	104.63
BG	20260401-2100	104.63
BG	20260401-1200	79.3
BG	20260401-1300	104.63
BG	20260401-2200	79.3
BG	20260401-1900	114.42
BG	20260401-0300	113.34
BG	20260401-1400	113.34
BG	20260401-0700	113.34
BG	20260401-1800	172.13
BG	20260401-1600	136
BG	20260401-0500	179.31
BG	20260401-0000	104.63
BG	20260401-0900	104.63
BG	20260401-1500	113.34
BG	20260401-0100	104.63
BG	20260401-0200	104.63
IT-CSOUTH	20260401-0400	136
IT-CSOUTH	20260401-1000	136
IT-CSOUTH	20260401-2300	136
IT-CSOUTH	20260401-1700	136
IT-CSOUTH	20260401-1100	136
IT-CSOUTH	20260401-0600	136
IT-CSOUTH	20260401-0800	136
IT-CSOUTH	20260401-2100	136
IT-CSOUTH	20260401-1200	136
IT-CSOUTH	20260401-1300	136
IT-CSOUTH	20260401-2200	136
IT-CSOUTH	20260401-1900	136
IT-CSOUTH	20260401-0300	124.61
IT-CSOUTH	20260401-1400	136
IT-CSOUTH	20260401-0700	136
IT-CSOUTH	20260401-1800	136
IT-CSOUTH	20260401-1600	136
IT-CSOUTH	20260401-0500	136
IT-CSOUTH	20260401-0000	124.61
IT-CSOUTH	20260401-0900	136
IT-CSOUTH	20260401-1500	136
IT-CSOUTH	20260401-0100	124.61
IT-CSOUTH	20260401-0200	124.61
CZ	20260401-0400	104.63
CZ	20260401-1000	79.3
CZ	20260401-2300	103.08
CZ	20260401-1700	116.71
CZ	20260401-1100	79.3
CZ	20260401-0600	104.63
CZ	20260401-0800	93.38
CZ	20260401-2100	93.38
CZ	20260401-1200	75
CZ	20260401-1300	79.3
CZ	20260401-2200	101.41
CZ	20260401-1900	104.63
CZ	20260401-0300	104.63
CZ	20260401-1400	93.38
CZ	20260401-0700	104.63
CZ	20260401-1800	104.63
CZ	20260401-1600	104.63
CZ	20260401-0500	113.34
CZ	20260401-0000	93.38
CZ	20260401-0900	93.38
CZ	20260401-1500	104.63
CZ	20260401-0100	93.38
CZ	20260401-0200	93.38
NO3	20260401-0400	97.73
NO3	20260401-1000	84.04
NO3	20260401-2300	93.81
NO3	20260401-1700	124.67
NO3	20260401-1100	71.24
NO3	20260401-0600	107.93
NO3	20260401-0800	94.17
NO3	20260401-2100	97.73
NO3	20260401-1200	63.94
NO3	20260401-1300	97.38
NO3	20260401-2200	93.81
NO3	20260401-1900	113.34
NO3	20260401-0300	96.91
NO3	20260401-1400	93.38
NO3	20260401-0700	102.01
NO3	20260401-1800	119.92
NO3	20260401-1600	108.59
NO3	20260401-0500	107.93
NO3	20260401-0000	93.81
NO3	20260401-0900	84.04
NO3	20260401-1500	104.24
NO3	20260401-0100	93.81
NO3	20260401-0200	93.81
NO1	20260401-0400	97.73
NO1	20260401-1000	84.04
NO1	20260401-2300	93.81
NO1	20260401-1700	112.2
NO1	20260401-1100	71.24
NO1	20260401-0600	107.93
NO1	20260401-0800	94.17
NO1	20260401-2100	97.73
NO1	20260401-1200	63.94
NO1	20260401-1300	5.54
NO1	20260401-2200	93.81
NO1	20260401-1900	102.01
NO1	20260401-0300	96.91
NO1	20260401-1400	84.04
NO1	20260401-0700	102.01
NO1	20260401-1800	107.93
NO1	20260401-1600	97.73
NO1	20260401-0500	107.93
NO1	20260401-0000	93.81
NO1	20260401-0900	84.04
NO1	20260401-1500	93.81
NO1	20260401-0100	93.81
NO1	20260401-0200	93.81
DE_LU	20260401-0400	119.3
DE_LU	20260401-1000	93.38
DE_LU	20260401-2300	104.63
DE_LU	20260401-1700	136
DE_LU	20260401-1100	79.3
DE_LU	20260401-0600	136
DE_LU	20260401-0800	104.63
DE_LU	20260401-2100	113.34
DE_LU	20260401-1200	75
DE_LU	20260401-1300	79.3
DE_LU	20260401-2200	106.65
DE_LU	20260401-1900	124.38
DE_LU	20260401-0300	113.34
DE_LU	20260401-1400	93.38
DE_LU	20260401-0700	113.34
DE_LU	20260401-1800	145.72
DE_LU	20260401-1600	119.3
DE_LU	20260401-0500	136
DE_LU	20260401-0000	106.65
DE_LU	20260401-0900	93.38
DE_LU	20260401-1500	104.63
DE_LU	20260401-0100	106.65
DE_LU	20260401-0200	113.34
SK	20260401-0400	97.73
SK	20260401-1000	84.04
SK	20260401-2300	93.81
SK	20260401-1700	112.2
SK	20260401-1100	71.24
SK	20260401-0600	107.93
SK	20260401-0800	94.17
SK	20260401-2100	97.73
SK	20260401-1200	63.94
SK	20260401-1300	3.39
SK	20260401-2200	93.81
SK	20260401-1900	102.01
SK	20260401-0300	96.91
SK	20260401-1400	84.04
SK	20260401-0700	102.01
SK	20260401-1800	107.93
SK	20260401-1600	97.73
SK	20260401-0500	107.93
SK	20260401-0000	93.81
SK	20260401-0900	84.04
SK	20260401-1500	93.81
SK	20260401-0100	93.81
SK	20260401-0200	93.81
EE	20260401-0400	9.5
EE	20260401-1000	3.75
EE	20260401-2300	9.5
EE	20260401-1700	75.34
EE	20260401-1100	3.75
EE	20260401-0600	5.97
EE	20260401-0800	5
EE	20260401-2100	4.8
EE	20260401-1200	3.75
EE	20260401-1300	3.75
EE	20260401-2200	5.97
EE	20260401-1900	39.66
EE	20260401-0300	9.5
EE	20260401-1400	3.97
EE	20260401-0700	5
EE	20260401-1800	39.66
EE	20260401-1600	39.66
EE	20260401-0500	9.5
EE	20260401-0000	18.75
EE	20260401-0900	4.8
EE	20260401-1500	4.38
EE	20260401-0100	13.39
EE	20260401-0200	9.5
SE4	20260401-0400	119.3
SE4	20260401-1000	47.73
SE4	20260401-2300	65.64
SE4	20260401-1700	106
SE4	20260401-1100	47.44
SE4	20260401-0600	115.85
SE4	20260401-0800	65.32
SE4	20260401-2100	70.96
SE4	20260401-1200	39.76
SE4	20260401-1300	3.75
SE4	20260401-2200	65.36
SE4	20260401-1900	90.28
SE4	20260401-0300	113.34
SE4	20260401-1400	58.19
SE4	20260401-0700	92.16
SE4	20260401-1800	94.54
SE4	20260401-1600	80.7
SE4	20260401-0500	115.85
SE4	20260401-0000	93.38
SE4	20260401-0900	58.77
SE4	20260401-1500	65.64
SE4	20260401-0100	103.84
SE4	20260401-0200	113.34
SI	20260402-0300	75.34
SI	20260402-1600	72.75
SI	20260402-1000	72.75
SI	20260402-0800	10.56
SI	20260402-2100	108.46
SI	20260402-2300	107.11
SI	20260402-0000	72.75
SI	20260402-0100	72.75
SI	20260402-1500	72.75
SI	20260402-1700	108.46
SI	20260402-2200	108.46
SI	20260402-0900	9.5
SI	20260402-0400	108.46
SI	20260402-1400	16.05
SI	20260402-0500	108.46
SI	20260402-0700	74.16
SI	20260402-0200	72.75
SI	20260402-1900	108.46
SI	20260402-1800	108.46
SI	20260402-1100	63.14
SI	20260402-1200	74.16
SI	20260402-0600	108.46
SI	20260402-2000	108.46
SI	20260402-1300	74.16
ES	20260402-0300	57
ES	20260402-1600	1
ES	20260402-1000	1
ES	20260402-0800	1
ES	20260402-2100	108.46
ES	20260402-2300	80.52
ES	20260402-0000	74.16
ES	20260402-0100	57
ES	20260402-1500	1
ES	20260402-1700	5.71
ES	20260402-2200	104.57
ES	20260402-0900	1
ES	20260402-0400	74.16
ES	20260402-1400	1
ES	20260402-0500	108.46
ES	20260402-0700	5.71
ES	20260402-0200	23.75
ES	20260402-1900	108.46
ES	20260402-1800	108.46
ES	20260402-1100	1
ES	20260402-1200	1
ES	20260402-0600	57
ES	20260402-2000	108.46
ES	20260402-1300	1
GR	20260402-0300	75.34
GR	20260402-1600	153.81
GR	20260402-1000	74.16
GR	20260402-0800	107.11
GR	20260402-2100	108.46
GR	20260402-2300	107.11
GR	20260402-0000	72.75
GR	20260402-0100	72.75
GR	20260402-1500	108.46
GR	20260402-1700	193.72
GR	20260402-2200	108.46
GR	20260402-0900	107.11
GR	20260402-0400	108.46
GR	20260402-1400	108.46
GR	20260402-0500	108.46
GR	20260402-0700	108.46
GR	20260402-0200	72.75
GR	20260402-1900	130.15
GR	20260402-1800	181.57
GR	20260402-1100	72.75
GR	20260402-1200	74.16
GR	20260402-0600	108.46
GR	20260402-2000	108.46
GR	20260402-1300	74.16
IT-CNORTH	20260402-0300	130.15
IT-CNORTH	20260402-1600	130.15
IT-CNORTH	20260402-1000	130.15
IT-CNORTH	20260402-0800	130.15
IT-CNORTH	20260402-2100	130.15
IT-CNORTH	20260402-2300	130.15
IT-CNORTH	20260402-0000	130.15
IT-CNORTH	20260402-0100	130.15
IT-CNORTH	20260402-1500	130.15
IT-CNORTH	20260402-1700	130.15
IT-CNORTH	20260402-2200	130.15
IT-CNORTH	20260402-0900	130.15
IT-CNORTH	20260402-0400	130.15
IT-CNORTH	20260402-1400	130.15
IT-CNORTH	20260402-0500	130.15
IT-CNORTH	20260402-0700	130.15
IT-CNORTH	20260402-0200	130.15
IT-CNORTH	20260402-1900	130.15
IT-CNORTH	20260402-1800	130.15
IT-CNORTH	20260402-1100	130.15
IT-CNORTH	20260402-1200	130.15
IT-CNORTH	20260402-0600	130.15
IT-CNORTH	20260402-2000	130.15
IT-CNORTH	20260402-1300	130.15
HU	20260402-0300	75.34
HU	20260402-1600	153.81
HU	20260402-1000	16
HU	20260402-0800	10.56
HU	20260402-2100	108.46
HU	20260402-2300	107.11
HU	20260402-0000	72.75
HU	20260402-0100	72.75
HU	20260402-1500	108.46
HU	20260402-1700	193.72
HU	20260402-2200	108.46
HU	20260402-0900	9.5
HU	20260402-0400	108.46
HU	20260402-1400	108.46
HU	20260402-0500	108.46
HU	20260402-0700	74.16
HU	20260402-0200	72.75
HU	20260402-1900	130.15
HU	20260402-1800	181.57
HU	20260402-1100	63.14
HU	20260402-1200	74.16
HU	20260402-0600	108.46
HU	20260402-2000	108.46
HU	20260402-1300	74.16
IT-SOUTH	20260402-0300	130.15
IT-SOUTH	20260402-1600	130.15
IT-SOUTH	20260402-1000	74.16
IT-SOUTH	20260402-0800	130.15
IT-SOUTH	20260402-2100	130.15
IT-SOUTH	20260402-2300	130.15
IT-SOUTH	20260402-0000	130.15
IT-SOUTH	20260402-0100	130.15
IT-SOUTH	20260402-1500	130.15
IT-SOUTH	20260402-1700	130.15
IT-SOUTH	20260402-2200	130.15
IT-SOUTH	20260402-0900	107.11
IT-SOUTH	20260402-0400	130.15
IT-SOUTH	20260402-1400	130.15
IT-SOUTH	20260402-0500	130.15
IT-SOUTH	20260402-0700	130.15
IT-SOUTH	20260402-0200	130.15
IT-SOUTH	20260402-1900	130.15
IT-SOUTH	20260402-1800	130.15
IT-SOUTH	20260402-1100	72.75
IT-SOUTH	20260402-1200	74.16
IT-SOUTH	20260402-0600	130.15
IT-SOUTH	20260402-2000	130.15
IT-SOUTH	20260402-1300	130.15
IT-Sicily	20260402-0300	130.15
IT-Sicily	20260402-1600	130.15
IT-Sicily	20260402-1000	74.16
IT-Sicily	20260402-0800	130.15
IT-Sicily	20260402-2100	130.15
IT-Sicily	20260402-2300	130.15
IT-Sicily	20260402-0000	130.15
IT-Sicily	20260402-0100	130.15
IT-Sicily	20260402-1500	130.15
IT-Sicily	20260402-1700	130.15
IT-Sicily	20260402-2200	130.15
IT-Sicily	20260402-0900	107.11
IT-Sicily	20260402-0400	130.15
IT-Sicily	20260402-1400	130.15
IT-Sicily	20260402-0500	130.15
IT-Sicily	20260402-0700	130.15
IT-Sicily	20260402-0200	130.15
IT-Sicily	20260402-1900	130.15
IT-Sicily	20260402-1800	130.15
IT-Sicily	20260402-1100	72.75
IT-Sicily	20260402-1200	74.16
IT-Sicily	20260402-0600	130.15
IT-Sicily	20260402-2000	130.15
IT-Sicily	20260402-1300	130.15
IT-Sardinia	20260402-0300	130.15
IT-Sardinia	20260402-1600	130.15
IT-Sardinia	20260402-1000	130.15
IT-Sardinia	20260402-0800	125.61
IT-Sardinia	20260402-2100	130.15
IT-Sardinia	20260402-2300	130.15
IT-Sardinia	20260402-0000	130.15
IT-Sardinia	20260402-0100	130.15
IT-Sardinia	20260402-1500	130.15
IT-Sardinia	20260402-1700	130.15
IT-Sardinia	20260402-2200	130.15
IT-Sardinia	20260402-0900	125.48
IT-Sardinia	20260402-0400	130.15
IT-Sardinia	20260402-1400	125.48
IT-Sardinia	20260402-0500	130.15
IT-Sardinia	20260402-0700	130.15
IT-Sardinia	20260402-0200	130.15
IT-Sardinia	20260402-1900	130.15
IT-Sardinia	20260402-1800	130.15
IT-Sardinia	20260402-1100	130.15
IT-Sardinia	20260402-1200	130.15
IT-Sardinia	20260402-0600	130.15
IT-Sardinia	20260402-2000	130.15
IT-Sardinia	20260402-1300	130.15
RS	20260402-0300	75.34
RS	20260402-1600	153.81
RS	20260402-1000	74.16
RS	20260402-0800	107.11
RS	20260402-2100	108.46
RS	20260402-2300	107.11
RS	20260402-0000	72.75
RS	20260402-0100	72.75
RS	20260402-1500	108.46
RS	20260402-1700	193.72
RS	20260402-2200	108.46
RS	20260402-0900	107.11
RS	20260402-0400	108.46
RS	20260402-1400	108.46
RS	20260402-0500	108.46
RS	20260402-0700	108.46
RS	20260402-0200	72.75
RS	20260402-1900	130.15
RS	20260402-1800	181.57
RS	20260402-1100	72.75
RS	20260402-1200	74.16
RS	20260402-0600	108.46
RS	20260402-2000	108.46
RS	20260402-1300	74.16
DK1	20260402-0300	107.11
DK1	20260402-1600	104.57
DK1	20260402-1000	68.8
DK1	20260402-0800	95.17
DK1	20260402-2100	96
DK1	20260402-2300	100.35
DK1	20260402-0000	107.11
DK1	20260402-0100	107.11
DK1	20260402-1500	95.17
DK1	20260402-1700	104.57
DK1	20260402-2200	104.57
DK1	20260402-0900	70.23
DK1	20260402-0400	110.46
DK1	20260402-1400	95.01
DK1	20260402-0500	120.07
DK1	20260402-0700	107.11
DK1	20260402-0200	107.11
DK1	20260402-1900	104.57
DK1	20260402-1800	104.57
DK1	20260402-1100	67.62
DK1	20260402-1200	68.61
DK1	20260402-0600	108.46
DK1	20260402-2000	95.17
DK1	20260402-1300	72.75
CH	20260402-0300	107.11
CH	20260402-1600	108.46
CH	20260402-1000	68.8
CH	20260402-0800	95.17
CH	20260402-2100	108.46
CH	20260402-2300	100.35
CH	20260402-0000	107.11
CH	20260402-0100	107.11
CH	20260402-1500	102.39
CH	20260402-1700	108.46
CH	20260402-2200	104.57
CH	20260402-0900	70.23
CH	20260402-0400	110.46
CH	20260402-1400	95.01
CH	20260402-0500	126.1
CH	20260402-0700	108.46
CH	20260402-0200	107.11
CH	20260402-1900	108.46
CH	20260402-1800	112.41
CH	20260402-1100	67.62
CH	20260402-1200	68.61
CH	20260402-0600	113.8
CH	20260402-2000	108.46
CH	20260402-1300	72.75
SE1	20260402-0300	79.92
SE1	20260402-1600	67.33
SE1	20260402-1000	97.77
SE1	20260402-0800	100.64
SE1	20260402-2100	1
SE1	20260402-2300	1
SE1	20260402-0000	60.41
SE1	20260402-0100	68.99
SE1	20260402-1500	69.76
SE1	20260402-1700	1
SE1	20260402-2200	1
SE1	20260402-0900	96.43
SE1	20260402-0400	72.94
SE1	20260402-1400	70.34
SE1	20260402-0500	67.32
SE1	20260402-0700	95.16
SE1	20260402-0200	74.36
SE1	20260402-1900	1
SE1	20260402-1800	1
SE1	20260402-1100	94.19
SE1	20260402-1200	90.58
SE1	20260402-0600	77.23
SE1	20260402-2000	1
SE1	20260402-1300	83.81
NO4	20260402-0300	27.25
NO4	20260402-1600	39.53
NO4	20260402-1000	27.83
NO4	20260402-0800	30.97
NO4	20260402-2100	43.95
NO4	20260402-2300	39.41
NO4	20260402-0000	23.97
NO4	20260402-0100	24.88
NO4	20260402-1500	39.34
NO4	20260402-1700	41.79
NO4	20260402-2200	38.96
NO4	20260402-0900	29.56
NO4	20260402-0400	29.08
NO4	20260402-1400	37.73
NO4	20260402-0500	30.72
NO4	20260402-0700	30.95
NO4	20260402-0200	26.46
NO4	20260402-1900	43.8
NO4	20260402-1800	42.22
NO4	20260402-1100	27.98
NO4	20260402-1200	30.26
NO4	20260402-0600	31.21
NO4	20260402-2000	43.89
NO4	20260402-1300	31.59
SE3	20260402-0300	96.4
SE3	20260402-1600	94.11
SE3	20260402-1000	54.64
SE3	20260402-0800	85.65
SE3	20260402-2100	86.4
SE3	20260402-2300	85.65
SE3	20260402-0000	96.4
SE3	20260402-0100	94.2
SE3	20260402-1500	95.17
SE3	20260402-1700	94.11
SE3	20260402-2200	85.65
SE3	20260402-0900	56.71
SE3	20260402-0400	97.61
SE3	20260402-1400	82
SE3	20260402-0500	98.09
SE3	20260402-0700	96.4
SE3	20260402-0200	96.4
SE3	20260402-1900	94.11
SE3	20260402-1800	94.11
SE3	20260402-1100	57
SE3	20260402-1200	57.19
SE3	20260402-0600	97.61
SE3	20260402-2000	85.65
SE3	20260402-1300	66.14
FR	20260402-0300	75.82
FR	20260402-1600	47.11
FR	20260402-1000	40.35
FR	20260402-0800	95.17
FR	20260402-2100	108.46
FR	20260402-2300	80.52
FR	20260402-0000	81.54
FR	20260402-0100	73.24
FR	20260402-1500	40.06
FR	20260402-1700	90
FR	20260402-2200	104.57
FR	20260402-0900	57
FR	20260402-0400	95.01
FR	20260402-1400	38.49
FR	20260402-0500	126.1
FR	20260402-0700	108.46
FR	20260402-0200	53.47
FR	20260402-1900	108.46
FR	20260402-1800	108.58
FR	20260402-1100	35.9
FR	20260402-1200	36.28
FR	20260402-0600	113.8
FR	20260402-2000	108.46
FR	20260402-1300	37.47
FI	20260402-0300	39.66
FI	20260402-1600	74.16
FI	20260402-1000	57
FI	20260402-0800	57
FI	20260402-2100	39.66
FI	20260402-2300	74.16
FI	20260402-0000	9.5
FI	20260402-0100	10.5
FI	20260402-1500	57
FI	20260402-1700	74.16
FI	20260402-2200	74.16
FI	20260402-0900	30
FI	20260402-0400	57
FI	20260402-1400	39.66
FI	20260402-0500	57
FI	20260402-0700	57
FI	20260402-0200	12.55
FI	20260402-1900	57
FI	20260402-1800	74.16
FI	20260402-1100	39.66
FI	20260402-1200	30
FI	20260402-0600	57
FI	20260402-2000	57
FI	20260402-1300	30
PL	20260402-0300	104.57
PL	20260402-1600	107.11
PL	20260402-1000	68.8
PL	20260402-0800	95.17
PL	20260402-2100	95.17
PL	20260402-2300	95.17
PL	20260402-0000	95.17
PL	20260402-0100	95.17
PL	20260402-1500	102.39
PL	20260402-1700	108.46
PL	20260402-2200	95.17
PL	20260402-0900	72.75
PL	20260402-0400	107.11
PL	20260402-1400	95.17
PL	20260402-0500	107.11
PL	20260402-0700	95.17
PL	20260402-0200	95.17
PL	20260402-1900	107.11
PL	20260402-1800	108.46
PL	20260402-1100	67.62
PL	20260402-1200	72.75
PL	20260402-0600	95.17
PL	20260402-2000	107.11
PL	20260402-1300	95.17
IT-Calabria	20260402-0300	130.15
IT-Calabria	20260402-1600	130.15
IT-Calabria	20260402-1000	74.16
IT-Calabria	20260402-0800	130.15
IT-Calabria	20260402-2100	130.15
IT-Calabria	20260402-2300	130.15
IT-Calabria	20260402-0000	130.15
IT-Calabria	20260402-0100	130.15
IT-Calabria	20260402-1500	130.15
IT-Calabria	20260402-1700	130.15
IT-Calabria	20260402-2200	130.15
IT-Calabria	20260402-0900	107.11
IT-Calabria	20260402-0400	130.15
IT-Calabria	20260402-1400	130.15
IT-Calabria	20260402-0500	130.15
IT-Calabria	20260402-0700	130.15
IT-Calabria	20260402-0200	130.15
IT-Calabria	20260402-1900	130.15
IT-Calabria	20260402-1800	130.15
IT-Calabria	20260402-1100	72.75
IT-Calabria	20260402-1200	74.16
IT-Calabria	20260402-0600	130.15
IT-Calabria	20260402-2000	130.15
IT-Calabria	20260402-1300	130.15
AT	20260402-0300	108.46
AT	20260402-1600	109.23
AT	20260402-1000	67.11
AT	20260402-0800	95.17
AT	20260402-2100	108.46
AT	20260402-2300	100.35
AT	20260402-0000	107.11
AT	20260402-0100	107.11
AT	20260402-1500	102.39
AT	20260402-1700	111.14
AT	20260402-2200	104.57
AT	20260402-0900	70.23
AT	20260402-0400	110.46
AT	20260402-1400	95.01
AT	20260402-0500	114.16
AT	20260402-0700	108.46
AT	20260402-0200	107.11
AT	20260402-1900	110.46
AT	20260402-1800	112.41
AT	20260402-1100	66.76
AT	20260402-1200	68.61
AT	20260402-0600	113.8
AT	20260402-2000	108.46
AT	20260402-1300	72.75
SE2	20260402-0300	79.92
SE2	20260402-1600	67.33
SE2	20260402-1000	98.21
SE2	20260402-0800	103.36
SE2	20260402-2100	1
SE2	20260402-2300	1
SE2	20260402-0000	60.41
SE2	20260402-0100	68.99
SE2	20260402-1500	77.55
SE2	20260402-1700	1
SE2	20260402-2200	1
SE2	20260402-0900	98.95
SE2	20260402-0400	87.09
SE2	20260402-1400	87.03
SE2	20260402-0500	93.94
SE2	20260402-0700	104.44
SE2	20260402-0200	74.36
SE2	20260402-1900	1
SE2	20260402-1800	1
SE2	20260402-1100	94.19
SE2	20260402-1200	90.58
SE2	20260402-0600	100.04
SE2	20260402-2000	1
SE2	20260402-1300	91.64
IT-NORTH	20260402-0300	130.15
IT-NORTH	20260402-1600	130.15
IT-NORTH	20260402-1000	130.15
IT-NORTH	20260402-0800	130.15
IT-NORTH	20260402-2100	130.15
IT-NORTH	20260402-2300	130.15
IT-NORTH	20260402-0000	130.15
IT-NORTH	20260402-0100	130.15
IT-NORTH	20260402-1500	130.15
IT-NORTH	20260402-1700	130.15
IT-NORTH	20260402-2200	130.15
IT-NORTH	20260402-0900	130.15
IT-NORTH	20260402-0400	130.15
IT-NORTH	20260402-1400	130.15
IT-NORTH	20260402-0500	130.15
IT-NORTH	20260402-0700	130.15
IT-NORTH	20260402-0200	130.15
IT-NORTH	20260402-1900	130.15
IT-NORTH	20260402-1800	130.15
IT-NORTH	20260402-1100	130.15
IT-NORTH	20260402-1200	130.15
IT-NORTH	20260402-0600	130.15
IT-NORTH	20260402-2000	130.15
IT-NORTH	20260402-1300	130.15
LT	20260402-0300	104.57
LT	20260402-1600	107.11
LT	20260402-1000	3.15
LT	20260402-0800	31.25
LT	20260402-2100	70.82
LT	20260402-2300	75.1
LT	20260402-0000	69.41
LT	20260402-0100	68.16
LT	20260402-1500	102.39
LT	20260402-1700	108.46
LT	20260402-2200	79.84
LT	20260402-0900	5.71
LT	20260402-0400	108.46
LT	20260402-1400	74.16
LT	20260402-0500	114.16
LT	20260402-0700	81.45
LT	20260402-0200	73.35
LT	20260402-1900	107.11
LT	20260402-1800	108.46
LT	20260402-1100	3.15
LT	20260402-1200	3.97
LT	20260402-0600	104.57
LT	20260402-2000	75.1
LT	20260402-1300	250
PT	20260402-0300	57
PT	20260402-1600	1
PT	20260402-1000	2.85
PT	20260402-0800	2.85
PT	20260402-2100	108.46
PT	20260402-2300	80.52
PT	20260402-0000	74.16
PT	20260402-0100	57
PT	20260402-1500	2.85
PT	20260402-1700	5.71
PT	20260402-2200	104.57
PT	20260402-0900	2.85
PT	20260402-0400	74.16
PT	20260402-1400	1
PT	20260402-0500	108.46
PT	20260402-0700	5.71
PT	20260402-0200	23.75
PT	20260402-1900	108.46
PT	20260402-1800	108.46
PT	20260402-1100	1
PT	20260402-1200	1
PT	20260402-0600	57
PT	20260402-2000	108.46
PT	20260402-1300	1
NO2	20260402-0300	114.16
NO2	20260402-1600	114.16
NO2	20260402-1000	74.89
NO2	20260402-0800	110.27
NO2	20260402-2100	114.16
NO2	20260402-2300	110.27
NO2	20260402-0000	114.16
NO2	20260402-0100	114.16
NO2	20260402-1500	110.27
NO2	20260402-1700	114.16
NO2	20260402-2200	110.27
NO2	20260402-0900	76.77
NO2	20260402-0400	114.16
NO2	20260402-1400	95.01
NO2	20260402-0500	114.16
NO2	20260402-0700	114.16
NO2	20260402-0200	114.16
NO2	20260402-1900	114.16
NO2	20260402-1800	114.16
NO2	20260402-1100	72.91
NO2	20260402-1200	73.62
NO2	20260402-0600	114.16
NO2	20260402-2000	114.16
NO2	20260402-1300	85.15
LV	20260402-0300	39.66
LV	20260402-1600	74.16
LV	20260402-1000	3.15
LV	20260402-0800	31.25
LV	20260402-2100	39.66
LV	20260402-2300	74.16
LV	20260402-0000	9.5
LV	20260402-0100	10.5
LV	20260402-1500	57
LV	20260402-1700	74.16
LV	20260402-2200	74.16
LV	20260402-0900	5.71
LV	20260402-0400	57
LV	20260402-1400	39.66
LV	20260402-0500	57
LV	20260402-0700	57
LV	20260402-0200	12.55
LV	20260402-1900	57
LV	20260402-1800	74.16
LV	20260402-1100	3.15
LV	20260402-1200	3.97
LV	20260402-0600	57
LV	20260402-2000	57
LV	20260402-1300	5.71
NL	20260402-0300	104.57
NL	20260402-1600	104.57
NL	20260402-1000	74.16
NL	20260402-0800	95.17
NL	20260402-2100	104.57
NL	20260402-2300	104.57
NL	20260402-0000	104.57
NL	20260402-0100	104.57
NL	20260402-1500	95.17
NL	20260402-1700	104.57
NL	20260402-2200	104.57
NL	20260402-0900	76.77
NL	20260402-0400	104.57
NL	20260402-1400	95.01
NL	20260402-0500	104.57
NL	20260402-0700	104.57
NL	20260402-0200	104.57
NL	20260402-1900	104.57
NL	20260402-1800	104.57
NL	20260402-1100	72.91
NL	20260402-1200	68.61
NL	20260402-0600	104.57
NL	20260402-2000	104.57
NL	20260402-1300	74.16
NO5	20260402-0300	99.04
NO5	20260402-1600	99.04
NO5	20260402-1000	63.11
NO5	20260402-0800	89.06
NO5	20260402-2100	99.04
NO5	20260402-2300	89.06
NO5	20260402-0000	99.04
NO5	20260402-0100	97.9
NO5	20260402-1500	89.06
NO5	20260402-1700	99.68
NO5	20260402-2200	89.06
NO5	20260402-0900	64.18
NO5	20260402-0400	99.68
NO5	20260402-1400	76.74
NO5	20260402-0500	99.92
NO5	20260402-0700	99.04
NO5	20260402-0200	99.04
NO5	20260402-1900	99.68
NO5	20260402-1800	99.68
NO5	20260402-1100	60.62
NO5	20260402-1200	59.46
NO5	20260402-0600	99.68
NO5	20260402-2000	99.04
NO5	20260402-1300	68.77
BE	20260402-0300	95.26
BE	20260402-1600	96.8
BE	20260402-1000	74.16
BE	20260402-0800	85.65
BE	20260402-2100	108.46
BE	20260402-2300	95.17
BE	20260402-0000	95.26
BE	20260402-0100	94.16
BE	20260402-1500	85.65
BE	20260402-1700	108.46
BE	20260402-2200	95.17
BE	20260402-0900	74.16
BE	20260402-0400	104.57
BE	20260402-1400	73.8
BE	20260402-0500	106.78
BE	20260402-0700	104.57
BE	20260402-0200	95.26
BE	20260402-1900	108.46
BE	20260402-1800	108.46
BE	20260402-1100	74.16
BE	20260402-1200	63.05
BE	20260402-0600	108.46
BE	20260402-2000	108.46
BE	20260402-1300	66.14
RO	20260402-0300	75.34
RO	20260402-1600	153.81
RO	20260402-1000	74.16
RO	20260402-0800	107.11
RO	20260402-2100	108.46
RO	20260402-2300	107.11
RO	20260402-0000	72.75
RO	20260402-0100	72.75
RO	20260402-1500	108.46
RO	20260402-1700	193.72
RO	20260402-2200	108.46
RO	20260402-0900	107.11
RO	20260402-0400	108.46
RO	20260402-1400	108.46
RO	20260402-0500	108.46
RO	20260402-0700	108.46
RO	20260402-0200	72.75
RO	20260402-1900	130.15
RO	20260402-1800	181.57
RO	20260402-1100	72.75
RO	20260402-1200	74.16
RO	20260402-0600	108.46
RO	20260402-2000	108.46
RO	20260402-1300	74.16
DK2	20260402-0300	107.11
DK2	20260402-1600	108.46
DK2	20260402-1000	68.8
DK2	20260402-0800	95.17
DK2	20260402-2100	96
DK2	20260402-2300	100.35
DK2	20260402-0000	107.11
DK2	20260402-0100	107.11
DK2	20260402-1500	102.39
DK2	20260402-1700	108.46
DK2	20260402-2200	104.57
DK2	20260402-0900	70.23
DK2	20260402-0400	110.46
DK2	20260402-1400	95.01
DK2	20260402-0500	120.07
DK2	20260402-0700	107.11
DK2	20260402-0200	107.11
DK2	20260402-1900	104.57
DK2	20260402-1800	108.46
DK2	20260402-1100	67.62
DK2	20260402-1200	68.61
DK2	20260402-0600	108.46
DK2	20260402-2000	95.17
DK2	20260402-1300	76.65
BG	20260402-0300	75.34
BG	20260402-1600	153.81
BG	20260402-1000	74.16
BG	20260402-0800	107.11
BG	20260402-2100	108.46
BG	20260402-2300	107.11
BG	20260402-0000	72.75
BG	20260402-0100	72.75
BG	20260402-1500	108.46
BG	20260402-1700	193.72
BG	20260402-2200	108.46
BG	20260402-0900	107.11
BG	20260402-0400	108.46
BG	20260402-1400	108.46
BG	20260402-0500	108.46
BG	20260402-0700	108.46
BG	20260402-0200	72.75
BG	20260402-1900	130.15
BG	20260402-1800	181.57
BG	20260402-1100	72.75
BG	20260402-1200	74.16
BG	20260402-0600	108.46
BG	20260402-2000	108.46
BG	20260402-1300	74.16
IT-CSOUTH	20260402-0300	130.15
IT-CSOUTH	20260402-1600	130.15
IT-CSOUTH	20260402-1000	130.15
IT-CSOUTH	20260402-0800	130.15
IT-CSOUTH	20260402-2100	130.15
IT-CSOUTH	20260402-2300	130.15
IT-CSOUTH	20260402-0000	130.15
IT-CSOUTH	20260402-0100	130.15
IT-CSOUTH	20260402-1500	130.15
IT-CSOUTH	20260402-1700	130.15
IT-CSOUTH	20260402-2200	130.15
IT-CSOUTH	20260402-0900	130.15
IT-CSOUTH	20260402-0400	130.15
IT-CSOUTH	20260402-1400	130.15
IT-CSOUTH	20260402-0500	130.15
IT-CSOUTH	20260402-0700	130.15
IT-CSOUTH	20260402-0200	130.15
IT-CSOUTH	20260402-1900	130.15
IT-CSOUTH	20260402-1800	130.15
IT-CSOUTH	20260402-1100	130.15
IT-CSOUTH	20260402-1200	130.15
IT-CSOUTH	20260402-0600	130.15
IT-CSOUTH	20260402-2000	130.15
IT-CSOUTH	20260402-1300	130.15
CZ	20260402-0300	107.11
CZ	20260402-1600	107.11
CZ	20260402-1000	85.34
CZ	20260402-0800	95.17
CZ	20260402-2100	95.17
CZ	20260402-2300	95.17
CZ	20260402-0000	107.11
CZ	20260402-0100	107.11
CZ	20260402-1500	102.39
CZ	20260402-1700	107.11
CZ	20260402-2200	95.17
CZ	20260402-0900	86.91
CZ	20260402-0400	107.11
CZ	20260402-1400	95.01
CZ	20260402-0500	108.46
CZ	20260402-0700	107.11
CZ	20260402-0200	107.11
CZ	20260402-1900	107.11
CZ	20260402-1800	107.11
CZ	20260402-1100	74.16
CZ	20260402-1200	72.75
CZ	20260402-0600	107.11
CZ	20260402-2000	107.11
CZ	20260402-1300	72.75
NO3	20260402-0300	95.26
NO3	20260402-1600	105.84
NO3	20260402-1000	60.69
NO3	20260402-0800	85.65
NO3	20260402-2100	105.84
NO3	20260402-2300	95.17
NO3	20260402-0000	95.26
NO3	20260402-0100	94.16
NO3	20260402-1500	95.17
NO3	20260402-1700	106.51
NO3	20260402-2200	95.17
NO3	20260402-0900	61.73
NO3	20260402-0400	95.86
NO3	20260402-1400	82
NO3	20260402-0500	96.1
NO3	20260402-0700	95.26
NO3	20260402-0200	95.26
NO3	20260402-1900	106.51
NO3	20260402-1800	106.51
NO3	20260402-1100	58.3
NO3	20260402-1200	63.54
NO3	20260402-0600	95.86
NO3	20260402-2000	105.84
NO3	20260402-1300	73.49
NO1	20260402-0300	95.26
NO1	20260402-1600	95.26
NO1	20260402-1000	60.69
NO1	20260402-0800	85.65
NO1	20260402-2100	95.26
NO1	20260402-2300	85.65
NO1	20260402-0000	95.26
NO1	20260402-0100	94.16
NO1	20260402-1500	85.65
NO1	20260402-1700	95.86
NO1	20260402-2200	85.65
NO1	20260402-0900	61.73
NO1	20260402-0400	95.86
NO1	20260402-1400	73.8
NO1	20260402-0500	96.1
NO1	20260402-0700	95.26
NO1	20260402-0200	95.26
NO1	20260402-1900	95.86
NO1	20260402-1800	95.86
NO1	20260402-1100	58.3
NO1	20260402-1200	57.19
NO1	20260402-0600	95.86
NO1	20260402-2000	95.26
NO1	20260402-1300	66.14
DE_LU	20260402-0300	107.11
DE_LU	20260402-1600	108.46
DE_LU	20260402-1000	68.8
DE_LU	20260402-0800	95.17
DE_LU	20260402-2100	107.11
DE_LU	20260402-2300	100.35
DE_LU	20260402-0000	107.11
DE_LU	20260402-0100	107.11
DE_LU	20260402-1500	102.39
DE_LU	20260402-1700	108.46
DE_LU	20260402-2200	104.57
DE_LU	20260402-0900	70.23
DE_LU	20260402-0400	110.46
DE_LU	20260402-1400	95.01
DE_LU	20260402-0500	126.1
DE_LU	20260402-0700	107.11
DE_LU	20260402-0200	107.11
DE_LU	20260402-1900	108.46
DE_LU	20260402-1800	108.46
DE_LU	20260402-1100	67.62
DE_LU	20260402-1200	68.61
DE_LU	20260402-0600	108.46
DE_LU	20260402-2000	108.46
DE_LU	20260402-1300	72.75
SK	20260402-0300	95.26
SK	20260402-1600	95.26
SK	20260402-1000	60.69
SK	20260402-0800	85.65
SK	20260402-2100	95.26
SK	20260402-2300	85.65
SK	20260402-0000	95.26
SK	20260402-0100	94.16
SK	20260402-1500	85.65
SK	20260402-1700	95.86
SK	20260402-2200	85.65
SK	20260402-0900	61.73
SK	20260402-0400	95.86
SK	20260402-1400	73.8
SK	20260402-0500	96.1
SK	20260402-0700	95.26
SK	20260402-0200	95.26
SK	20260402-1900	95.86
SK	20260402-1800	95.86
SK	20260402-1100	58.3
SK	20260402-1200	57.19
SK	20260402-0600	95.86
SK	20260402-2000	95.26
SK	20260402-1300	66.14
EE	20260402-0300	39.66
EE	20260402-1600	74.16
EE	20260402-1000	39.66
EE	20260402-0800	31.25
EE	20260402-2100	39.66
EE	20260402-2300	74.16
EE	20260402-0000	9.5
EE	20260402-0100	10.5
EE	20260402-1500	57
EE	20260402-1700	74.16
EE	20260402-2200	74.16
EE	20260402-0900	5.71
EE	20260402-0400	57
EE	20260402-1400	39.66
EE	20260402-0500	57
EE	20260402-0700	57
EE	20260402-0200	12.55
EE	20260402-1900	57
EE	20260402-1800	74.16
EE	20260402-1100	39.66
EE	20260402-1200	3.97
EE	20260402-0600	57
EE	20260402-2000	57
EE	20260402-1300	5.71
SE4	20260402-0300	104.57
SE4	20260402-1600	107.11
SE4	20260402-1000	38.72
SE4	20260402-0800	60.91
SE4	20260402-2100	70.82
SE4	20260402-2300	75.1
SE4	20260402-0000	69.41
SE4	20260402-0100	68.16
SE4	20260402-1500	102.39
SE4	20260402-1700	108.46
SE4	20260402-2200	79.84
SE4	20260402-0900	40.61
SE4	20260402-0400	108.46
SE4	20260402-1400	74.16
SE4	20260402-0500	114.16
SE4	20260402-0700	81.45
SE4	20260402-0200	73.35
SE4	20260402-1900	104.57
SE4	20260402-1800	108.46
SE4	20260402-1100	53.86
SE4	20260402-1200	40.71
SE4	20260402-0600	104.57
SE4	20260402-2000	75.1
SE4	20260402-1300	76.65
SI	20260403-0800	83.79
SI	20260403-1200	12.5
SI	20260403-2200	12.55
SI	20260403-1700	117.67
SI	20260403-0300	111.79
SI	20260403-1800	117.67
SI	20260403-0400	111.79
SI	20260403-0900	75.34
SI	20260403-0500	111.79
SI	20260403-1500	103.56
SI	20260403-0600	111.79
SI	20260403-0000	69.01
SI	20260403-1600	111.79
SI	20260403-2000	111.79
SI	20260403-1100	12.5
SI	20260403-1300	16
SI	20260403-0100	103.56
SI	20260403-0700	103.56
SI	20260403-2100	111.79
SI	20260403-1400	75.21
SI	20260403-1000	69.01
SI	20260403-1900	111.79
SI	20260403-2300	69.01
SI	20260403-0200	103.56
ES	20260403-0800	1
ES	20260403-1200	1
ES	20260403-2200	111.79
ES	20260403-1700	9.5
ES	20260403-0300	77.67
ES	20260403-1800	79.75
ES	20260403-0400	77.67
ES	20260403-0900	1
ES	20260403-0500	111.79
ES	20260403-1500	1
ES	20260403-0600	57
ES	20260403-0000	77.67
ES	20260403-1600	1
ES	20260403-2000	77.67
ES	20260403-1100	1
ES	20260403-1300	1
ES	20260403-0100	77.67
ES	20260403-0700	5.88
ES	20260403-2100	77.67
ES	20260403-1400	1
ES	20260403-1000	1
ES	20260403-1900	104.28
ES	20260403-2300	77.67
ES	20260403-0200	77.67
GR	20260403-0800	111.79
GR	20260403-1200	103.01
GR	20260403-2200	111.79
GR	20260403-1700	205.93
GR	20260403-0300	111.79
GR	20260403-1800	204.8
GR	20260403-0400	134.15
GR	20260403-0900	103.56
GR	20260403-0500	134.15
GR	20260403-1500	134.15
GR	20260403-0600	134.15
GR	20260403-0000	103.56
GR	20260403-1600	186.98
GR	20260403-2000	159.2
GR	20260403-1100	100.02
GR	20260403-1300	111.79
GR	20260403-0100	103.56
GR	20260403-0700	111.79
GR	20260403-2100	134.15
GR	20260403-1400	111.79
GR	20260403-1000	103.56
GR	20260403-1900	184.59
GR	20260403-2300	111.79
GR	20260403-0200	103.56
IT-CNORTH	20260403-0800	134.15
IT-CNORTH	20260403-1200	134.15
IT-CNORTH	20260403-2200	134.15
IT-CNORTH	20260403-1700	134.15
IT-CNORTH	20260403-0300	134.15
IT-CNORTH	20260403-1800	134.15
IT-CNORTH	20260403-0400	134.15
IT-CNORTH	20260403-0900	134.15
IT-CNORTH	20260403-0500	134.15
IT-CNORTH	20260403-1500	134.15
IT-CNORTH	20260403-0600	134.15
IT-CNORTH	20260403-0000	134.15
IT-CNORTH	20260403-1600	134.15
IT-CNORTH	20260403-2000	134.15
IT-CNORTH	20260403-1100	134.15
IT-CNORTH	20260403-1300	134.15
IT-CNORTH	20260403-0100	134.15
IT-CNORTH	20260403-0700	134.15
IT-CNORTH	20260403-2100	134.15
IT-CNORTH	20260403-1400	134.15
IT-CNORTH	20260403-1000	134.15
IT-CNORTH	20260403-1900	134.15
IT-CNORTH	20260403-2300	134.15
IT-CNORTH	20260403-0200	134.15
HU	20260403-0800	83.79
HU	20260403-1200	12.5
HU	20260403-2200	111.79
HU	20260403-1700	182.56
HU	20260403-0300	111.79
HU	20260403-1800	192.79
HU	20260403-0400	111.79
HU	20260403-0900	75.34
HU	20260403-0500	111.79
HU	20260403-1500	103.56
HU	20260403-0600	111.79
HU	20260403-0000	103.56
HU	20260403-1600	111.79
HU	20260403-2000	111.79
HU	20260403-1100	12.5
HU	20260403-1300	16
HU	20260403-0100	103.56
HU	20260403-0700	103.56
HU	20260403-2100	111.79
HU	20260403-1400	75.21
HU	20260403-1000	69.01
HU	20260403-1900	131.36
HU	20260403-2300	103.56
HU	20260403-0200	103.56
IT-SOUTH	20260403-0800	134.15
IT-SOUTH	20260403-1200	134.15
IT-SOUTH	20260403-2200	134.15
IT-SOUTH	20260403-1700	134.15
IT-SOUTH	20260403-0300	134.15
IT-SOUTH	20260403-1800	134.15
IT-SOUTH	20260403-0400	134.15
IT-SOUTH	20260403-0900	134.15
IT-SOUTH	20260403-0500	134.15
IT-SOUTH	20260403-1500	134.15
IT-SOUTH	20260403-0600	134.15
IT-SOUTH	20260403-0000	134.15
IT-SOUTH	20260403-1600	134.15
IT-SOUTH	20260403-2000	134.15
IT-SOUTH	20260403-1100	134.15
IT-SOUTH	20260403-1300	134.15
IT-SOUTH	20260403-0100	134.15
IT-SOUTH	20260403-0700	134.15
IT-SOUTH	20260403-2100	134.15
IT-SOUTH	20260403-1400	134.15
IT-SOUTH	20260403-1000	134.15
IT-SOUTH	20260403-1900	134.15
IT-SOUTH	20260403-2300	134.15
IT-SOUTH	20260403-0200	134.15
IT-Sicily	20260403-0800	134.15
IT-Sicily	20260403-1200	134.15
IT-Sicily	20260403-2200	134.15
IT-Sicily	20260403-1700	134.15
IT-Sicily	20260403-0300	134.15
IT-Sicily	20260403-1800	134.15
IT-Sicily	20260403-0400	134.15
IT-Sicily	20260403-0900	134.15
IT-Sicily	20260403-0500	134.15
IT-Sicily	20260403-1500	134.15
IT-Sicily	20260403-0600	134.15
IT-Sicily	20260403-0000	134.15
IT-Sicily	20260403-1600	134.15
IT-Sicily	20260403-2000	134.15
IT-Sicily	20260403-1100	134.15
IT-Sicily	20260403-1300	134.15
IT-Sicily	20260403-0100	134.15
IT-Sicily	20260403-0700	134.15
IT-Sicily	20260403-2100	134.15
IT-Sicily	20260403-1400	134.15
IT-Sicily	20260403-1000	134.15
IT-Sicily	20260403-1900	134.15
IT-Sicily	20260403-2300	134.15
IT-Sicily	20260403-0200	134.15
IT-Sardinia	20260403-0800	134.15
IT-Sardinia	20260403-1200	134.15
IT-Sardinia	20260403-2200	134.15
IT-Sardinia	20260403-1700	134.15
IT-Sardinia	20260403-0300	134.15
IT-Sardinia	20260403-1800	134.15
IT-Sardinia	20260403-0400	134.15
IT-Sardinia	20260403-0900	134.15
IT-Sardinia	20260403-0500	134.15
IT-Sardinia	20260403-1500	134.15
IT-Sardinia	20260403-0600	134.15
IT-Sardinia	20260403-0000	134.15
IT-Sardinia	20260403-1600	134.15
IT-Sardinia	20260403-2000	134.15
IT-Sardinia	20260403-1100	134.15
IT-Sardinia	20260403-1300	134.15
IT-Sardinia	20260403-0100	134.15
IT-Sardinia	20260403-0700	134.15
IT-Sardinia	20260403-2100	134.15
IT-Sardinia	20260403-1400	134.15
IT-Sardinia	20260403-1000	134.15
IT-Sardinia	20260403-1900	134.15
IT-Sardinia	20260403-2300	134.15
IT-Sardinia	20260403-0200	134.15
RS	20260403-0800	111.79
RS	20260403-1200	103.01
RS	20260403-2200	111.79
RS	20260403-1700	182.56
RS	20260403-0300	111.79
RS	20260403-1800	192.79
RS	20260403-0400	125.4
RS	20260403-0900	103.56
RS	20260403-0500	134.15
RS	20260403-1500	134.15
RS	20260403-0600	134.15
RS	20260403-0000	103.56
RS	20260403-1600	137.94
RS	20260403-2000	159.2
RS	20260403-1100	100.02
RS	20260403-1300	103.56
RS	20260403-0100	103.56
RS	20260403-0700	111.79
RS	20260403-2100	134.15
RS	20260403-1400	111.79
RS	20260403-1000	103.56
RS	20260403-1900	184.59
RS	20260403-2300	103.56
RS	20260403-0200	103.56
DK1	20260403-0800	75.14
DK1	20260403-1200	7.13
DK1	20260403-2200	5.45
DK1	20260403-1700	92.61
DK1	20260403-0300	103.53
DK1	20260403-1800	79.74
DK1	20260403-0400	103.53
DK1	20260403-0900	63.42
DK1	20260403-0500	103.53
DK1	20260403-1500	57
DK1	20260403-0600	103.56
DK1	20260403-0000	103.53
DK1	20260403-1600	85.3
DK1	20260403-2000	57.48
DK1	20260403-1100	7.98
DK1	20260403-1300	9.5
DK1	20260403-0100	102.11
DK1	20260403-0700	95.13
DK1	20260403-2100	57
DK1	20260403-1400	5.88
DK1	20260403-1000	57
DK1	20260403-1900	77.12
DK1	20260403-2300	4.87
DK1	20260403-0200	103.53
CH	20260403-0800	75.14
CH	20260403-1200	48.98
CH	20260403-2200	60.65
CH	20260403-1700	92.61
CH	20260403-0300	103.53
CH	20260403-1800	94.74
CH	20260403-0400	103.56
CH	20260403-0900	69.13
CH	20260403-0500	113.43
CH	20260403-1500	77.07
CH	20260403-0600	106.62
CH	20260403-0000	103.53
CH	20260403-1600	85.3
CH	20260403-2000	80.99
CH	20260403-1100	34.19
CH	20260403-1300	48.98
CH	20260403-0100	102.11
CH	20260403-0700	95.13
CH	20260403-2100	79.98
CH	20260403-1400	49.43
CH	20260403-1000	57
CH	20260403-1900	104.28
CH	20260403-2300	59.44
CH	20260403-0200	103.53
SE1	20260403-0800	99.71
SE1	20260403-1200	75.39
SE1	20260403-2200	58.71
SE1	20260403-1700	90.77
SE1	20260403-0300	58.71
SE1	20260403-1800	100
SE1	20260403-0400	64.68
SE1	20260403-0900	81.03
SE1	20260403-0500	76.01
SE1	20260403-1500	102.31
SE1	20260403-0600	87.73
SE1	20260403-0000	1
SE1	20260403-1600	96.11
SE1	20260403-2000	63.29
SE1	20260403-1100	76.23
SE1	20260403-1300	76.09
SE1	20260403-0100	1
SE1	20260403-0700	98.19
SE1	20260403-2100	62.71
SE1	20260403-1400	76.82
SE1	20260403-1000	71.01
SE1	20260403-1900	68.44
SE1	20260403-2300	58.71
SE1	20260403-0200	1
NO4	20260403-0800	34.6
NO4	20260403-1200	24.71
NO4	20260403-2200	26.29
NO4	20260403-1700	38.87
NO4	20260403-0300	41.68
NO4	20260403-1800	38.03
NO4	20260403-0400	45.3
NO4	20260403-0900	31.53
NO4	20260403-0500	42.92
NO4	20260403-1500	31.05
NO4	20260403-0600	40.32
NO4	20260403-0000	41.9
NO4	20260403-1600	35.7
NO4	20260403-2000	32.18
NO4	20260403-1100	25.98
NO4	20260403-1300	25.32
NO4	20260403-0100	41.97
NO4	20260403-0700	37.65
NO4	20260403-2100	28.99
NO4	20260403-1400	28.38
NO4	20260403-1000	30.32
NO4	20260403-1900	34.53
NO4	20260403-2300	26.44
NO4	20260403-0200	41.78
SE3	20260403-0800	75
SE3	20260403-1200	9.5
SE3	20260403-2200	5.45
SE3	20260403-1700	92.61
SE3	20260403-0300	88.42
SE3	20260403-1800	79.74
SE3	20260403-0400	90.93
SE3	20260403-0900	63.42
SE3	20260403-0500	93.18
SE3	20260403-1500	57
SE3	20260403-0600	93.18
SE3	20260403-0000	93.18
SE3	20260403-1600	77.67
SE3	20260403-2000	51.73
SE3	20260403-1100	9.5
SE3	20260403-1300	9.5
SE3	20260403-0100	85.92
SE3	20260403-0700	83.35
SE3	20260403-2100	51.3
SE3	20260403-1400	5.88
SE3	20260403-1000	52.25
SE3	20260403-1900	77.12
SE3	20260403-2300	4.87
SE3	20260403-0200	86.52
FR	20260403-0800	75.05
FR	20260403-1200	34.16
FR	20260403-2200	60.65
FR	20260403-1700	50.36
FR	20260403-0300	88.49
FR	20260403-1800	79.75
FR	20260403-0400	98.88
FR	20260403-0900	42.95
FR	20260403-0500	113.43
FR	20260403-1500	39.21
FR	20260403-0600	107.02
FR	20260403-0000	91.95
FR	20260403-1600	40.46
FR	20260403-2000	77.67
FR	20260403-1100	34.19
FR	20260403-1300	34.16
FR	20260403-0100	77.67
FR	20260403-0700	95.13
FR	20260403-2100	77.67
FR	20260403-1400	36.77
FR	20260403-1000	40.07
FR	20260403-1900	104.28
FR	20260403-2300	52.97
FR	20260403-0200	77.67
FI	20260403-0800	145.73
FI	20260403-1200	145.73
FI	20260403-2200	12.58
FI	20260403-1700	145.73
FI	20260403-0300	77.67
FI	20260403-1800	145.73
FI	20260403-0400	83.58
FI	20260403-0900	145.73
FI	20260403-0500	92.61
FI	20260403-1500	145.73
FI	20260403-0600	103.53
FI	20260403-0000	75.34
FI	20260403-1600	140.3
FI	20260403-2000	142.91
FI	20260403-1100	139.13
FI	20260403-1300	145.73
FI	20260403-0100	75.34
FI	20260403-0700	111.79
FI	20260403-2100	98.02
FI	20260403-1400	201.48
FI	20260403-1000	145.73
FI	20260403-1900	145.73
FI	20260403-2300	10.5
FI	20260403-0200	75.34
PL	20260403-0800	77.67
PL	20260403-1200	69.01
PL	20260403-2200	92.61
PL	20260403-1700	103.56
PL	20260403-0300	92.61
PL	20260403-1800	103.56
PL	20260403-0400	92.61
PL	20260403-0900	63.42
PL	20260403-0500	92.61
PL	20260403-1500	92.61
PL	20260403-0600	92.61
PL	20260403-0000	92.61
PL	20260403-1600	92.61
PL	20260403-2000	92.61
PL	20260403-1100	57.48
PL	20260403-1300	92.61
PL	20260403-0100	92.61
PL	20260403-0700	92.61
PL	20260403-2100	92.61
PL	20260403-1400	92.61
PL	20260403-1000	57.48
PL	20260403-1900	103.56
PL	20260403-2300	92.61
PL	20260403-0200	92.61
IT-Calabria	20260403-0800	134.15
IT-Calabria	20260403-1200	134.15
IT-Calabria	20260403-2200	134.15
IT-Calabria	20260403-1700	134.15
IT-Calabria	20260403-0300	134.15
IT-Calabria	20260403-1800	134.15
IT-Calabria	20260403-0400	134.15
IT-Calabria	20260403-0900	134.15
IT-Calabria	20260403-0500	134.15
IT-Calabria	20260403-1500	134.15
IT-Calabria	20260403-0600	134.15
IT-Calabria	20260403-0000	134.15
IT-Calabria	20260403-1600	134.15
IT-Calabria	20260403-2000	134.15
IT-Calabria	20260403-1100	134.15
IT-Calabria	20260403-1300	134.15
IT-Calabria	20260403-0100	134.15
IT-Calabria	20260403-0700	134.15
IT-Calabria	20260403-2100	134.15
IT-Calabria	20260403-1400	134.15
IT-Calabria	20260403-1000	134.15
IT-Calabria	20260403-1900	134.15
IT-Calabria	20260403-2300	134.15
IT-Calabria	20260403-0200	134.15
AT	20260403-0800	75.14
AT	20260403-1200	48.98
AT	20260403-2200	102.56
AT	20260403-1700	105.99
AT	20260403-0300	103.53
AT	20260403-1800	114.85
AT	20260403-0400	104.37
AT	20260403-0900	69.13
AT	20260403-0500	113.43
AT	20260403-1500	95.28
AT	20260403-0600	106.62
AT	20260403-0000	103.53
AT	20260403-1600	101.29
AT	20260403-2000	103.11
AT	20260403-1100	34.19
AT	20260403-1300	48.98
AT	20260403-0100	102.11
AT	20260403-0700	95.13
AT	20260403-2100	79.98
AT	20260403-1400	57
AT	20260403-1000	57
AT	20260403-1900	116.04
AT	20260403-2300	107.95
AT	20260403-0200	103.53
SE2	20260403-0800	107.64
SE2	20260403-1200	75.39
SE2	20260403-2200	58.71
SE2	20260403-1700	90.61
SE2	20260403-0300	58.71
SE2	20260403-1800	79.42
SE2	20260403-0400	64.68
SE2	20260403-0900	106.04
SE2	20260403-0500	76.49
SE2	20260403-1500	102.98
SE2	20260403-0600	92.56
SE2	20260403-0000	1
SE2	20260403-1600	99.17
SE2	20260403-2000	63.29
SE2	20260403-1100	76.23
SE2	20260403-1300	76.09
SE2	20260403-0100	1
SE2	20260403-0700	103.84
SE2	20260403-2100	62.71
SE2	20260403-1400	76.82
SE2	20260403-1000	71.01
SE2	20260403-1900	68.44
SE2	20260403-2300	58.71
SE2	20260403-0200	1
IT-NORTH	20260403-0800	134.15
IT-NORTH	20260403-1200	134.15
IT-NORTH	20260403-2200	134.15
IT-NORTH	20260403-1700	134.15
IT-NORTH	20260403-0300	134.15
IT-NORTH	20260403-1800	134.15
IT-NORTH	20260403-0400	134.15
IT-NORTH	20260403-0900	134.15
IT-NORTH	20260403-0500	134.15
IT-NORTH	20260403-1500	134.15
IT-NORTH	20260403-0600	134.15
IT-NORTH	20260403-0000	134.15
IT-NORTH	20260403-1600	134.15
IT-NORTH	20260403-2000	134.15
IT-NORTH	20260403-1100	134.15
IT-NORTH	20260403-1300	134.15
IT-NORTH	20260403-0100	134.15
IT-NORTH	20260403-0700	134.15
IT-NORTH	20260403-2100	134.15
IT-NORTH	20260403-1400	134.15
IT-NORTH	20260403-1000	134.15
IT-NORTH	20260403-1900	134.15
IT-NORTH	20260403-2300	134.15
IT-NORTH	20260403-0200	134.15
LT	20260403-0800	5.88
LT	20260403-1200	3.15
LT	20260403-2200	12.58
LT	20260403-1700	103.56
LT	20260403-0300	92.61
LT	20260403-1800	103.56
LT	20260403-0400	92.61
LT	20260403-0900	3.15
LT	20260403-0500	92.61
LT	20260403-1500	75.34
LT	20260403-0600	75.34
LT	20260403-0000	85.21
LT	20260403-1600	77.67
LT	20260403-2000	75.34
LT	20260403-1100	2.85
LT	20260403-1300	5.88
LT	20260403-0100	80.23
LT	20260403-0700	36.85
LT	20260403-2100	16.02
LT	20260403-1400	30
LT	20260403-1000	57
LT	20260403-1900	75.34
LT	20260403-2300	10.5
LT	20260403-0200	75.34
PT	20260403-0800	1
PT	20260403-1200	1
PT	20260403-2200	111.79
PT	20260403-1700	9.5
PT	20260403-0300	77.67
PT	20260403-1800	79.75
PT	20260403-0400	77.67
PT	20260403-0900	1
PT	20260403-0500	111.79
PT	20260403-1500	1
PT	20260403-0600	57
PT	20260403-0000	77.67
PT	20260403-1600	1
PT	20260403-2000	77.67
PT	20260403-1100	1
PT	20260403-1300	1
PT	20260403-0100	77.67
PT	20260403-0700	5.88
PT	20260403-2100	77.67
PT	20260403-1400	1
PT	20260403-1000	1
PT	20260403-1900	104.28
PT	20260403-2300	77.67
PT	20260403-0200	77.67
NO2	20260403-0800	92.57
NO2	20260403-1200	7.13
NO2	20260403-2200	22.63
NO2	20260403-1700	107.31
NO2	20260403-0300	113.84
NO2	20260403-1800	107.31
NO2	20260403-0400	117.06
NO2	20260403-0900	78.07
NO2	20260403-0500	117.67
NO2	20260403-1500	72.7
NO2	20260403-0600	117.67
NO2	20260403-0000	117.67
NO2	20260403-1600	94.81
NO2	20260403-2000	77.91
NO2	20260403-1100	7.98
NO2	20260403-1300	13.73
NO2	20260403-0100	113.22
NO2	20260403-0700	110.82
NO2	20260403-2100	72.7
NO2	20260403-1400	23.43
NO2	20260403-1000	60.54
NO2	20260403-1900	94.35
NO2	20260403-2300	20.87
NO2	20260403-0200	111.39
LV	20260403-0800	5.88
LV	20260403-1200	3.15
LV	20260403-2200	12.58
LV	20260403-1700	103.56
LV	20260403-0300	77.67
LV	20260403-1800	103.56
LV	20260403-0400	83.58
LV	20260403-0900	3.15
LV	20260403-0500	92.61
LV	20260403-1500	75.34
LV	20260403-0600	75.34
LV	20260403-0000	75.34
LV	20260403-1600	77.67
LV	20260403-2000	75.34
LV	20260403-1100	2.85
LV	20260403-1300	5.88
LV	20260403-0100	75.34
LV	20260403-0700	36.85
LV	20260403-2100	16.02
LV	20260403-1400	30
LV	20260403-1000	57
LV	20260403-1900	75.34
LV	20260403-2300	10.5
LV	20260403-0200	75.34
NL	20260403-0800	92.61
NL	20260403-1200	7.13
NL	20260403-2200	40.05
NL	20260403-1700	103.53
NL	20260403-0300	103.53
NL	20260403-1800	103.53
NL	20260403-0400	103.53
NL	20260403-0900	77.67
NL	20260403-0500	103.53
NL	20260403-1500	77.67
NL	20260403-0600	103.53
NL	20260403-0000	103.53
NL	20260403-1600	92.61
NL	20260403-2000	92.61
NL	20260403-1100	7.98
NL	20260403-1300	13.73
NL	20260403-0100	103.53
NL	20260403-0700	103.53
NL	20260403-2100	77.67
NL	20260403-1400	57.48
NL	20260403-1000	57
NL	20260403-1900	92.61
NL	20260403-2300	20.87
NL	20260403-0200	103.53
NO5	20260403-0800	78.42
NO5	20260403-1200	6.72
NO5	20260403-2200	28.81
NO5	20260403-1700	86.66
NO5	20260403-0300	91.94
NO5	20260403-1800	86.66
NO5	20260403-0400	94.54
NO5	20260403-0900	66.02
NO5	20260403-0500	96.9
NO5	20260403-1500	63.01
NO5	20260403-0600	96.88
NO5	20260403-0000	96.88
NO5	20260403-1600	79.67
NO5	20260403-2000	70.23
NO5	20260403-1100	7.2
NO5	20260403-1300	16.32
NO5	20260403-0100	93.11
NO5	20260403-0700	91.77
NO5	20260403-2100	63.01
NO5	20260403-1400	29.65
NO5	20260403-1000	48.9
NO5	20260403-1900	79.42
NO5	20260403-2300	26.69
NO5	20260403-0200	89.96
BE	20260403-0800	75.42
BE	20260403-1200	6.47
BE	20260403-2200	27.71
BE	20260403-1700	83.35
BE	20260403-0300	98.25
BE	20260403-1800	83.35
BE	20260403-0400	101.03
BE	20260403-0900	63.49
BE	20260403-0500	103.54
BE	20260403-1500	60.6
BE	20260403-0600	103.53
BE	20260403-0000	103.53
BE	20260403-1600	76.63
BE	20260403-2000	67.54
BE	20260403-1100	6.92
BE	20260403-1300	15.69
BE	20260403-0100	99.5
BE	20260403-0700	88.26
BE	20260403-2100	60.6
BE	20260403-1400	28.51
BE	20260403-1000	47.02
BE	20260403-1900	76.38
BE	20260403-2300	25.67
BE	20260403-0200	96.13
RO	20260403-0800	111.79
RO	20260403-1200	103.01
RO	20260403-2200	111.79
RO	20260403-1700	205.93
RO	20260403-0300	111.79
RO	20260403-1800	204.8
RO	20260403-0400	134.15
RO	20260403-0900	103.56
RO	20260403-0500	134.15
RO	20260403-1500	134.15
RO	20260403-0600	134.15
RO	20260403-0000	103.56
RO	20260403-1600	186.98
RO	20260403-2000	159.2
RO	20260403-1100	100.02
RO	20260403-1300	103.56
RO	20260403-0100	103.56
RO	20260403-0700	111.79
RO	20260403-2100	134.15
RO	20260403-1400	111.79
RO	20260403-1000	103.56
RO	20260403-1900	184.59
RO	20260403-2300	103.56
RO	20260403-0200	103.56
DK2	20260403-0800	57
DK2	20260403-1200	7.13
DK2	20260403-2200	5.41
DK2	20260403-1700	92.61
DK2	20260403-0300	61.37
DK2	20260403-1800	79.74
DK2	20260403-0400	51.14
DK2	20260403-0900	57
DK2	20260403-0500	61.37
DK2	20260403-1500	57
DK2	20260403-0600	57
DK2	20260403-0000	103.53
DK2	20260403-1600	85.3
DK2	20260403-2000	39.82
DK2	20260403-1100	7.98
DK2	20260403-1300	9.5
DK2	20260403-0100	101.01
DK2	20260403-0700	57
DK2	20260403-2100	23.75
DK2	20260403-1400	30
DK2	20260403-1000	57
DK2	20260403-1900	77.12
DK2	20260403-2300	4.82
DK2	20260403-0200	57
BG	20260403-0800	111.79
BG	20260403-1200	103.01
BG	20260403-2200	111.79
BG	20260403-1700	205.93
BG	20260403-0300	111.79
BG	20260403-1800	204.8
BG	20260403-0400	134.15
BG	20260403-0900	103.56
BG	20260403-0500	134.15
BG	20260403-1500	134.15
BG	20260403-0600	134.15
BG	20260403-0000	103.56
BG	20260403-1600	186.98
BG	20260403-2000	159.2
BG	20260403-1100	100.02
BG	20260403-1300	103.56
BG	20260403-0100	103.56
BG	20260403-0700	111.79
BG	20260403-2100	134.15
BG	20260403-1400	111.79
BG	20260403-1000	103.56
BG	20260403-1900	184.59
BG	20260403-2300	103.56
BG	20260403-0200	103.56
IT-CSOUTH	20260403-0800	134.15
IT-CSOUTH	20260403-1200	134.15
IT-CSOUTH	20260403-2200	134.15
IT-CSOUTH	20260403-1700	134.15
IT-CSOUTH	20260403-0300	134.15
IT-CSOUTH	20260403-1800	134.15
IT-CSOUTH	20260403-0400	134.15
IT-CSOUTH	20260403-0900	134.15
IT-CSOUTH	20260403-0500	134.15
IT-CSOUTH	20260403-1500	134.15
IT-CSOUTH	20260403-0600	134.15
IT-CSOUTH	20260403-0000	134.15
IT-CSOUTH	20260403-1600	134.15
IT-CSOUTH	20260403-2000	134.15
IT-CSOUTH	20260403-1100	134.15
IT-CSOUTH	20260403-1300	134.15
IT-CSOUTH	20260403-0100	134.15
IT-CSOUTH	20260403-0700	134.15
IT-CSOUTH	20260403-2100	134.15
IT-CSOUTH	20260403-1400	134.15
IT-CSOUTH	20260403-1000	134.15
IT-CSOUTH	20260403-1900	134.15
IT-CSOUTH	20260403-2300	134.15
IT-CSOUTH	20260403-0200	134.15
CZ	20260403-0800	75.14
CZ	20260403-1200	12.5
CZ	20260403-2200	57
CZ	20260403-1700	103.56
CZ	20260403-0300	92.61
CZ	20260403-1800	103.56
CZ	20260403-0400	92.61
CZ	20260403-0900	63.42
CZ	20260403-0500	92.61
CZ	20260403-1500	75.34
CZ	20260403-0600	92.61
CZ	20260403-0000	92.61
CZ	20260403-1600	92.61
CZ	20260403-2000	75.34
CZ	20260403-1100	12.5
CZ	20260403-1300	16
CZ	20260403-0100	92.61
CZ	20260403-0700	92.61
CZ	20260403-2100	69.01
CZ	20260403-1400	57
CZ	20260403-1000	57
CZ	20260403-1900	91.62
CZ	20260403-2300	16
CZ	20260403-0200	92.61
NO3	20260403-0800	75.42
NO3	20260403-1200	6.47
NO3	20260403-2200	27.71
NO3	20260403-1700	83.35
NO3	20260403-0300	88.42
NO3	20260403-1800	83.35
NO3	20260403-0400	90.93
NO3	20260403-0900	63.49
NO3	20260403-0500	93.19
NO3	20260403-1500	60.6
NO3	20260403-0600	93.18
NO3	20260403-0000	103.53
NO3	20260403-1600	76.63
NO3	20260403-2000	67.54
NO3	20260403-1100	6.92
NO3	20260403-1300	15.69
NO3	20260403-0100	99.5
NO3	20260403-0700	88.26
NO3	20260403-2100	60.6
NO3	20260403-1400	28.51
NO3	20260403-1000	47.02
NO3	20260403-1900	76.38
NO3	20260403-2300	25.67
NO3	20260403-0200	86.52
NO1	20260403-0800	75.42
NO1	20260403-1200	6.47
NO1	20260403-2200	27.71
NO1	20260403-1700	83.35
NO1	20260403-0300	88.42
NO1	20260403-1800	83.35
NO1	20260403-0400	90.93
NO1	20260403-0900	63.49
NO1	20260403-0500	93.19
NO1	20260403-1500	60.6
NO1	20260403-0600	93.18
NO1	20260403-0000	93.18
NO1	20260403-1600	76.63
NO1	20260403-2000	67.54
NO1	20260403-1100	6.92
NO1	20260403-1300	15.69
NO1	20260403-0100	89.55
NO1	20260403-0700	88.26
NO1	20260403-2100	60.6
NO1	20260403-1400	28.51
NO1	20260403-1000	47.02
NO1	20260403-1900	76.38
NO1	20260403-2300	25.67
NO1	20260403-0200	86.52
DE_LU	20260403-0800	75.14
DE_LU	20260403-1200	4.87
DE_LU	20260403-2200	5.45
DE_LU	20260403-1700	92.61
DE_LU	20260403-0300	103.53
DE_LU	20260403-1800	92.61
DE_LU	20260403-0400	103.56
DE_LU	20260403-0900	63.42
DE_LU	20260403-0500	103.56
DE_LU	20260403-1500	57
DE_LU	20260403-0600	103.56
DE_LU	20260403-0000	103.53
DE_LU	20260403-1600	85.3
DE_LU	20260403-2000	57.48
DE_LU	20260403-1100	5.88
DE_LU	20260403-1300	4.87
DE_LU	20260403-0100	102.11
DE_LU	20260403-0700	95.13
DE_LU	20260403-2100	57
DE_LU	20260403-1400	5.88
DE_LU	20260403-1000	57
DE_LU	20260403-1900	77.12
DE_LU	20260403-2300	4.87
DE_LU	20260403-0200	103.53
SK	20260403-0800	75.42
SK	20260403-1200	6.47
SK	20260403-2200	27.71
SK	20260403-1700	83.35
SK	20260403-0300	88.42
SK	20260403-1800	83.35
SK	20260403-0400	90.93
SK	20260403-0900	63.49
SK	20260403-0500	93.19
SK	20260403-1500	60.6
SK	20260403-0600	93.18
SK	20260403-0000	93.18
SK	20260403-1600	76.63
SK	20260403-2000	67.54
SK	20260403-1100	6.92
SK	20260403-1300	15.69
SK	20260403-0100	89.55
SK	20260403-0700	88.26
SK	20260403-2100	60.6
SK	20260403-1400	28.51
SK	20260403-1000	47.02
SK	20260403-1900	76.38
SK	20260403-2300	25.67
SK	20260403-0200	86.52
EE	20260403-0800	75.34
EE	20260403-1200	75.34
EE	20260403-2200	12.58
EE	20260403-1700	103.56
EE	20260403-0300	77.67
EE	20260403-1800	103.56
EE	20260403-0400	83.58
EE	20260403-0900	75.34
EE	20260403-0500	92.61
EE	20260403-1500	75.34
EE	20260403-0600	75.34
EE	20260403-0000	75.34
EE	20260403-1600	77.67
EE	20260403-2000	75.34
EE	20260403-1100	83.37
EE	20260403-1300	75.34
EE	20260403-0100	75.34
EE	20260403-0700	36.85
EE	20260403-2100	16.02
EE	20260403-1400	30
EE	20260403-1000	83.28
EE	20260403-1900	75.34
EE	20260403-2300	10.5
EE	20260403-0200	75.34
SE4	20260403-0800	35.99
SE4	20260403-1200	7.13
SE4	20260403-2200	5.41
SE4	20260403-1700	86.44
SE4	20260403-0300	61.37
SE4	20260403-1800	78.5
SE4	20260403-0400	51.14
SE4	20260403-0900	35.99
SE4	20260403-0500	61.37
SE4	20260403-1500	57
SE4	20260403-0600	56.48
SE4	20260403-0000	85.21
SE4	20260403-1600	69.9
SE4	20260403-2000	39.82
SE4	20260403-1100	7.98
SE4	20260403-1300	9.5
SE4	20260403-0100	80.23
SE4	20260403-0700	36.85
SE4	20260403-2100	16.02
SE4	20260403-1400	30
SE4	20260403-1000	57
SE4	20260403-1900	68.9
SE4	20260403-2300	4.82
SE4	20260403-0200	57
SI	20260404-1500	103.56
SI	20260404-1100	5.88
SI	20260404-0100	99.16
SI	20260404-0500	112.2
SI	20260404-0000	69.01
SI	20260404-2300	94.02
SI	20260404-0600	124.23
SI	20260404-1400	20.95
SI	20260404-2100	103.56
SI	20260404-1700	134.15
SI	20260404-2200	109.05
SI	20260404-0400	111.79
SI	20260404-1600	116.31
SI	20260404-1300	5.88
SI	20260404-0200	103.91
SI	20260404-1000	5.45
SI	20260404-0700	10.91
SI	20260404-0900	5.88
SI	20260404-1900	112.2
SI	20260404-0300	103.56
SI	20260404-1800	134.15
SI	20260404-2000	111.79
SI	20260404-1200	5.45
SI	20260404-0800	7.9
ES	20260404-1500	2.85
ES	20260404-1100	1
ES	20260404-0100	57
ES	20260404-0500	78.01
ES	20260404-0000	57
ES	20260404-2300	111.79
ES	20260404-0600	77.67
ES	20260404-1400	1
ES	20260404-2100	111.79
ES	20260404-1700	53.55
ES	20260404-2200	111.79
ES	20260404-0400	69.05
ES	20260404-1600	5.88
ES	20260404-1300	1
ES	20260404-0200	46.23
ES	20260404-1000	1
ES	20260404-0700	5.88
ES	20260404-0900	1
ES	20260404-1900	205.93
ES	20260404-0300	57
ES	20260404-1800	111.79
ES	20260404-2000	111.79
ES	20260404-1200	1
ES	20260404-0800	5
GR	20260404-1500	103.56
GR	20260404-1100	5.88
GR	20260404-0100	111.79
GR	20260404-0500	111.79
GR	20260404-0000	111.79
GR	20260404-2300	77.67
GR	20260404-0600	77.67
GR	20260404-1400	20.95
GR	20260404-2100	103.56
GR	20260404-1700	134.15
GR	20260404-2200	103.56
GR	20260404-0400	111.79
GR	20260404-1600	116.31
GR	20260404-1300	5.88
GR	20260404-0200	111.79
GR	20260404-1000	5.45
GR	20260404-0700	10.91
GR	20260404-0900	1
GR	20260404-1900	111.79
GR	20260404-0300	111.79
GR	20260404-1800	134.15
GR	20260404-2000	111.79
GR	20260404-1200	5.45
GR	20260404-0800	2.85
IT-CNORTH	20260404-1500	103.56
IT-CNORTH	20260404-1100	5.88
IT-CNORTH	20260404-0100	134.15
IT-CNORTH	20260404-0500	124.23
IT-CNORTH	20260404-0000	134.15
IT-CNORTH	20260404-2300	124.23
IT-CNORTH	20260404-0600	124.23
IT-CNORTH	20260404-1400	20.95
IT-CNORTH	20260404-2100	134.15
IT-CNORTH	20260404-1700	134.15
IT-CNORTH	20260404-2200	134.15
IT-CNORTH	20260404-0400	124.23
IT-CNORTH	20260404-1600	134.15
IT-CNORTH	20260404-1300	5.88
IT-CNORTH	20260404-0200	124.23
IT-CNORTH	20260404-1000	9.5
IT-CNORTH	20260404-0700	92.4
IT-CNORTH	20260404-0900	17.35
IT-CNORTH	20260404-1900	134.15
IT-CNORTH	20260404-0300	124.23
IT-CNORTH	20260404-1800	134.15
IT-CNORTH	20260404-2000	134.15
IT-CNORTH	20260404-1200	5.45
IT-CNORTH	20260404-0800	24.03
HU	20260404-1500	103.56
HU	20260404-1100	5.88
HU	20260404-0100	99.16
HU	20260404-0500	111.79
HU	20260404-0000	77.67
HU	20260404-2300	77.67
HU	20260404-0600	77.67
HU	20260404-1400	20.95
HU	20260404-2100	103.56
HU	20260404-1700	134.15
HU	20260404-2200	103.56
HU	20260404-0400	111.79
HU	20260404-1600	116.31
HU	20260404-1300	5.88
HU	20260404-0200	103.56
HU	20260404-1000	5.45
HU	20260404-0700	10.91
HU	20260404-0900	5.88
HU	20260404-1900	111.79
HU	20260404-0300	103.56
HU	20260404-1800	134.15
HU	20260404-2000	111.79
HU	20260404-1200	5.45
HU	20260404-0800	7.9
IT-SOUTH	20260404-1500	103.56
IT-SOUTH	20260404-1100	1
IT-SOUTH	20260404-0100	134.15
IT-SOUTH	20260404-0500	124.23
IT-SOUTH	20260404-0000	134.15
IT-SOUTH	20260404-2300	124.23
IT-SOUTH	20260404-0600	124.23
IT-SOUTH	20260404-1400	1
IT-SOUTH	20260404-2100	134.15
IT-SOUTH	20260404-1700	134.15
IT-SOUTH	20260404-2200	134.15
IT-SOUTH	20260404-0400	124.23
IT-SOUTH	20260404-1600	134.15
IT-SOUTH	20260404-1300	1
IT-SOUTH	20260404-0200	124.23
IT-SOUTH	20260404-1000	1
IT-SOUTH	20260404-0700	92.4
IT-SOUTH	20260404-0900	1
IT-SOUTH	20260404-1900	134.15
IT-SOUTH	20260404-0300	124.23
IT-SOUTH	20260404-1800	134.15
IT-SOUTH	20260404-2000	134.15
IT-SOUTH	20260404-1200	1
IT-SOUTH	20260404-0800	2.85
IT-Sicily	20260404-1500	103.56
IT-Sicily	20260404-1100	1
IT-Sicily	20260404-0100	134.15
IT-Sicily	20260404-0500	124.23
IT-Sicily	20260404-0000	134.15
IT-Sicily	20260404-2300	124.23
IT-Sicily	20260404-0600	124.23
IT-Sicily	20260404-1400	1
IT-Sicily	20260404-2100	134.15
IT-Sicily	20260404-1700	134.15
IT-Sicily	20260404-2200	134.15
IT-Sicily	20260404-0400	124.23
IT-Sicily	20260404-1600	134.15
IT-Sicily	20260404-1300	1
IT-Sicily	20260404-0200	124.23
IT-Sicily	20260404-1000	1
IT-Sicily	20260404-0700	92.4
IT-Sicily	20260404-0900	1
IT-Sicily	20260404-1900	134.15
IT-Sicily	20260404-0300	124.23
IT-Sicily	20260404-1800	134.15
IT-Sicily	20260404-2000	134.15
IT-Sicily	20260404-1200	1
IT-Sicily	20260404-0800	2.85
IT-Sardinia	20260404-1500	103.56
IT-Sardinia	20260404-1100	1
IT-Sardinia	20260404-0100	134.15
IT-Sardinia	20260404-0500	124.23
IT-Sardinia	20260404-0000	134.15
IT-Sardinia	20260404-2300	124.23
IT-Sardinia	20260404-0600	124.23
IT-Sardinia	20260404-1400	1
IT-Sardinia	20260404-2100	134.15
IT-Sardinia	20260404-1700	134.15
IT-Sardinia	20260404-2200	134.15
IT-Sardinia	20260404-0400	124.23
IT-Sardinia	20260404-1600	134.15
IT-Sardinia	20260404-1300	1
IT-Sardinia	20260404-0200	124.23
IT-Sardinia	20260404-1000	1
IT-Sardinia	20260404-0700	92.4
IT-Sardinia	20260404-0900	1
IT-Sardinia	20260404-1900	134.15
IT-Sardinia	20260404-0300	124.23
IT-Sardinia	20260404-1800	134.15
IT-Sardinia	20260404-2000	134.15
IT-Sardinia	20260404-1200	1
IT-Sardinia	20260404-0800	2.85
RS	20260404-1500	103.56
RS	20260404-1100	5.88
RS	20260404-0100	99.16
RS	20260404-0500	111.79
RS	20260404-0000	77.67
RS	20260404-2300	77.67
RS	20260404-0600	77.67
RS	20260404-1400	20.95
RS	20260404-2100	103.56
RS	20260404-1700	134.15
RS	20260404-2200	103.56
RS	20260404-0400	111.79
RS	20260404-1600	116.31
RS	20260404-1300	5.88
RS	20260404-0200	103.56
RS	20260404-1000	5.45
RS	20260404-0700	10.91
RS	20260404-0900	5.88
RS	20260404-1900	111.79
RS	20260404-0300	103.56
RS	20260404-1800	134.15
RS	20260404-2000	111.79
RS	20260404-1200	5.45
RS	20260404-0800	7.9
DK1	20260404-1500	69.76
DK1	20260404-1100	4.87
DK1	20260404-0100	3.75
DK1	20260404-0500	5.88
DK1	20260404-0000	4.87
DK1	20260404-2300	5.88
DK1	20260404-0600	57
DK1	20260404-1400	20.95
DK1	20260404-2100	77.67
DK1	20260404-1700	103.56
DK1	20260404-2200	57
DK1	20260404-0400	5.45
DK1	20260404-1600	92.61
DK1	20260404-1300	5.45
DK1	20260404-0200	4.87
DK1	20260404-1000	4.87
DK1	20260404-0700	23.75
DK1	20260404-0900	4.87
DK1	20260404-1900	92.61
DK1	20260404-0300	4.87
DK1	20260404-1800	103.56
DK1	20260404-2000	92.61
DK1	20260404-1200	4.87
DK1	20260404-0800	5.45
CH	20260404-1500	69.76
CH	20260404-1100	5.88
CH	20260404-0100	58.64
CH	20260404-0500	64.86
CH	20260404-0000	60.55
CH	20260404-2300	53.67
CH	20260404-0600	79.43
CH	20260404-1400	20.95
CH	20260404-2100	80.74
CH	20260404-1700	103.56
CH	20260404-2200	74.95
CH	20260404-0400	60.42
CH	20260404-1600	92.61
CH	20260404-1300	5.88
CH	20260404-0200	54.8
CH	20260404-1000	9.5
CH	20260404-0700	55.15
CH	20260404-0900	17.35
CH	20260404-1900	92.61
CH	20260404-0300	58.7
CH	20260404-1800	103.56
CH	20260404-2000	92.61
CH	20260404-1200	5.45
CH	20260404-0800	24.03
SE1	20260404-1500	86.66
SE1	20260404-1100	66.05
SE1	20260404-0100	58.71
SE1	20260404-0500	58.55
SE1	20260404-0000	58.71
SE1	20260404-2300	88.76
SE1	20260404-0600	68.96
SE1	20260404-1400	80.87
SE1	20260404-2100	86.59
SE1	20260404-1700	79.69
SE1	20260404-2200	92.42
SE1	20260404-0400	56.58
SE1	20260404-1600	79.41
SE1	20260404-1300	67.49
SE1	20260404-0200	58.71
SE1	20260404-1000	74.7
SE1	20260404-0700	78.44
SE1	20260404-0900	83.93
SE1	20260404-1900	91.15
SE1	20260404-0300	58.71
SE1	20260404-1800	95.34
SE1	20260404-2000	88.12
SE1	20260404-1200	71.59
SE1	20260404-0800	86.67
NO4	20260404-1500	40.9
NO4	20260404-1100	34.93
NO4	20260404-0100	24.71
NO4	20260404-0500	30.18
NO4	20260404-0000	28.02
NO4	20260404-2300	32.06
NO4	20260404-0600	30.38
NO4	20260404-1400	40.12
NO4	20260404-2100	38.66
NO4	20260404-1700	45.3
NO4	20260404-2200	32.59
NO4	20260404-0400	28.86
NO4	20260404-1600	42.26
NO4	20260404-1300	38.75
NO4	20260404-0200	25.54
NO4	20260404-1000	33.43
NO4	20260404-0700	30.88
NO4	20260404-0900	32.7
NO4	20260404-1900	44.74
NO4	20260404-0300	26.93
NO4	20260404-1800	44.49
NO4	20260404-2000	41.18
NO4	20260404-1200	36.39
NO4	20260404-0800	31.88
SE3	20260404-1500	70.11
SE3	20260404-1100	4.87
SE3	20260404-0100	3.75
SE3	20260404-0500	5.88
SE3	20260404-0000	4.87
SE3	20260404-2300	5.88
SE3	20260404-0600	51.3
SE3	20260404-1400	24.75
SE3	20260404-2100	62.11
SE3	20260404-1700	93.2
SE3	20260404-2200	47.02
SE3	20260404-0400	21.38
SE3	20260404-1600	93.18
SE3	20260404-1300	5.45
SE3	20260404-0200	4.87
SE3	20260404-1000	4.87
SE3	20260404-0700	21.38
SE3	20260404-0900	4.87
SE3	20260404-1900	83.35
SE3	20260404-0300	4.87
SE3	20260404-1800	93.2
SE3	20260404-2000	83.35
SE3	20260404-1200	4.87
SE3	20260404-0800	5.45
FR	20260404-1500	18.18
FR	20260404-1100	5.88
FR	20260404-0100	50.22
FR	20260404-0500	78.01
FR	20260404-0000	51.27
FR	20260404-2300	30.3
FR	20260404-0600	77.67
FR	20260404-1400	5.19
FR	20260404-2100	61.84
FR	20260404-1700	53.55
FR	20260404-2200	61.49
FR	20260404-0400	69.05
FR	20260404-1600	31.35
FR	20260404-1300	5
FR	20260404-0200	46.23
FR	20260404-1000	9.5
FR	20260404-0700	56.19
FR	20260404-0900	17.35
FR	20260404-1900	78.39
FR	20260404-0300	57
FR	20260404-1800	64.12
FR	20260404-2000	62.9
FR	20260404-1200	5.45
FR	20260404-0800	23.49
FI	20260404-1500	12.77
FI	20260404-1100	9.5
FI	20260404-0100	16.98
FI	20260404-0500	5
FI	20260404-0000	9.5
FI	20260404-2300	15.53
FI	20260404-0600	9.5
FI	20260404-1400	11.7
FI	20260404-2100	12.59
FI	20260404-1700	19.22
FI	20260404-2200	16.25
FI	20260404-0400	9.5
FI	20260404-1600	14.71
FI	20260404-1300	11.27
FI	20260404-0200	16.46
FI	20260404-1000	9.5
FI	20260404-0700	24
FI	20260404-0900	12.95
FI	20260404-1900	15.95
FI	20260404-0300	9.5
FI	20260404-1800	15.48
FI	20260404-2000	16.15
FI	20260404-1200	11.34
FI	20260404-0800	17.65
PL	20260404-1500	57.48
PL	20260404-1100	5.45
PL	20260404-0100	92.61
PL	20260404-0500	92.61
PL	20260404-0000	92.61
PL	20260404-2300	92.61
PL	20260404-0600	69.01
PL	20260404-1400	57.48
PL	20260404-2100	92.61
PL	20260404-1700	92.61
PL	20260404-2200	92.61
PL	20260404-0400	92.61
PL	20260404-1600	92.61
PL	20260404-1300	5.45
PL	20260404-0200	92.61
PL	20260404-1000	57.48
PL	20260404-0700	57.48
PL	20260404-0900	57.48
PL	20260404-1900	92.61
PL	20260404-0300	92.61
PL	20260404-1800	92.61
PL	20260404-2000	92.61
PL	20260404-1200	5.45
PL	20260404-0800	57.48
IT-Calabria	20260404-1500	103.56
IT-Calabria	20260404-1100	1
IT-Calabria	20260404-0100	134.15
IT-Calabria	20260404-0500	124.23
IT-Calabria	20260404-0000	134.15
IT-Calabria	20260404-2300	124.23
IT-Calabria	20260404-0600	124.23
IT-Calabria	20260404-1400	1
IT-Calabria	20260404-2100	134.15
IT-Calabria	20260404-1700	134.15
IT-Calabria	20260404-2200	134.15
IT-Calabria	20260404-0400	124.23
IT-Calabria	20260404-1600	134.15
IT-Calabria	20260404-1300	1
IT-Calabria	20260404-0200	124.23
IT-Calabria	20260404-1000	1
IT-Calabria	20260404-0700	92.4
IT-Calabria	20260404-0900	1
IT-Calabria	20260404-1900	134.15
IT-Calabria	20260404-0300	124.23
IT-Calabria	20260404-1800	134.15
IT-Calabria	20260404-2000	134.15
IT-Calabria	20260404-1200	1
IT-Calabria	20260404-0800	2.85
AT	20260404-1500	81.54
AT	20260404-1100	5.88
AT	20260404-0100	92.02
AT	20260404-0500	111.79
AT	20260404-0000	104.76
AT	20260404-2300	97.25
AT	20260404-0600	111.79
AT	20260404-1400	27.5
AT	20260404-2100	99.55
AT	20260404-1700	111.47
AT	20260404-2200	100.65
AT	20260404-0400	105.74
AT	20260404-1600	111.79
AT	20260404-1300	27.5
AT	20260404-0200	82.49
AT	20260404-1000	9.5
AT	20260404-0700	92.4
AT	20260404-0900	17.35
AT	20260404-1900	98.5
AT	20260404-0300	99.7
AT	20260404-1800	116.87
AT	20260404-2000	105.16
AT	20260404-1200	5.88
AT	20260404-0800	52.25
SE2	20260404-1500	86.66
SE2	20260404-1100	101.09
SE2	20260404-0100	58.71
SE2	20260404-0500	58.55
SE2	20260404-0000	58.71
SE2	20260404-2300	88.76
SE2	20260404-0600	68.96
SE2	20260404-1400	107.64
SE2	20260404-2100	86.59
SE2	20260404-1700	99.47
SE2	20260404-2200	92.42
SE2	20260404-0400	56.58
SE2	20260404-1600	79.41
SE2	20260404-1300	107.47
SE2	20260404-0200	58.71
SE2	20260404-1000	94.23
SE2	20260404-0700	78.44
SE2	20260404-0900	90.38
SE2	20260404-1900	91.15
SE2	20260404-0300	58.71
SE2	20260404-1800	95.34
SE2	20260404-2000	88.12
SE2	20260404-1200	105.81
SE2	20260404-0800	86.67
IT-NORTH	20260404-1500	103.56
IT-NORTH	20260404-1100	5.88
IT-NORTH	20260404-0100	134.15
IT-NORTH	20260404-0500	124.23
IT-NORTH	20260404-0000	134.15
IT-NORTH	20260404-2300	124.23
IT-NORTH	20260404-0600	124.23
IT-NORTH	20260404-1400	20.95
IT-NORTH	20260404-2100	134.15
IT-NORTH	20260404-1700	134.15
IT-NORTH	20260404-2200	134.15
IT-NORTH	20260404-0400	124.23
IT-NORTH	20260404-1600	134.15
IT-NORTH	20260404-1300	5.88
IT-NORTH	20260404-0200	124.23
IT-NORTH	20260404-1000	9.5
IT-NORTH	20260404-0700	92.4
IT-NORTH	20260404-0900	17.35
IT-NORTH	20260404-1900	134.15
IT-NORTH	20260404-0300	124.23
IT-NORTH	20260404-1800	134.15
IT-NORTH	20260404-2000	134.15
IT-NORTH	20260404-1200	5.45
IT-NORTH	20260404-0800	24.03
LT	20260404-1500	2.85
LT	20260404-1100	1
LT	20260404-0100	5.88
LT	20260404-0500	5
LT	20260404-0000	9.5
LT	20260404-2300	4.8
LT	20260404-0600	4.8
LT	20260404-1400	1
LT	20260404-2100	3.75
LT	20260404-1700	19.22
LT	20260404-2200	3.75
LT	20260404-0400	9.5
LT	20260404-1600	14.71
LT	20260404-1300	1
LT	20260404-0200	5.88
LT	20260404-1000	1
LT	20260404-0700	2.85
LT	20260404-0900	2.85
LT	20260404-1900	5.88
LT	20260404-0300	5.88
LT	20260404-1800	15.48
LT	20260404-2000	3.76
LT	20260404-1200	1
LT	20260404-0800	2.85
PT	20260404-1500	2.85
PT	20260404-1100	1
PT	20260404-0100	57
PT	20260404-0500	78.01
PT	20260404-0000	57
PT	20260404-2300	111.79
PT	20260404-0600	77.67
PT	20260404-1400	1
PT	20260404-2100	111.79
PT	20260404-1700	53.55
PT	20260404-2200	111.79
PT	20260404-0400	69.05
PT	20260404-1600	5.88
PT	20260404-1300	1
PT	20260404-0200	46.23
PT	20260404-1000	1
PT	20260404-0700	5.88
PT	20260404-0900	1
PT	20260404-1900	205.93
PT	20260404-0300	57
PT	20260404-1800	111.79
PT	20260404-2000	111.79
PT	20260404-1200	1
PT	20260404-0800	5
NO2	20260404-1500	90.26
NO2	20260404-1100	7.05
NO2	20260404-0100	26.4
NO2	20260404-0500	33.21
NO2	20260404-0000	21.66
NO2	20260404-2300	12.25
NO2	20260404-0600	80.21
NO2	20260404-1400	40.84
NO2	20260404-2100	82.6
NO2	20260404-1700	117.67
NO2	20260404-2200	63.72
NO2	20260404-0400	33.21
NO2	20260404-1600	117.67
NO2	20260404-1300	11.89
NO2	20260404-0200	27.8
NO2	20260404-1000	21.66
NO2	20260404-0700	51.8
NO2	20260404-0900	32.35
NO2	20260404-1900	107.31
NO2	20260404-0300	27.8
NO2	20260404-1800	117.67
NO2	20260404-2000	107.31
NO2	20260404-1200	5.95
NO2	20260404-0800	32.85
LV	20260404-1500	2.85
LV	20260404-1100	2.85
LV	20260404-0100	5.88
LV	20260404-0500	5
LV	20260404-0000	9.5
LV	20260404-2300	4.8
LV	20260404-0600	4.8
LV	20260404-1400	2.85
LV	20260404-2100	3.75
LV	20260404-1700	19.22
LV	20260404-2200	3.75
LV	20260404-0400	9.5
LV	20260404-1600	14.71
LV	20260404-1300	2.85
LV	20260404-0200	5.88
LV	20260404-1000	2.85
LV	20260404-0700	2.85
LV	20260404-0900	2.85
LV	20260404-1900	5.88
LV	20260404-0300	5.88
LV	20260404-1800	15.48
LV	20260404-2000	3.76
LV	20260404-1200	2.85
LV	20260404-0800	2.85
NL	20260404-1500	77.67
NL	20260404-1100	7.05
NL	20260404-0100	76.21
NL	20260404-0500	92.61
NL	20260404-0000	57.48
NL	20260404-2300	12.25
NL	20260404-0600	103.53
NL	20260404-1400	40.84
NL	20260404-2100	82.6
NL	20260404-1700	103.53
NL	20260404-2200	63.72
NL	20260404-0400	92.61
NL	20260404-1600	92.61
NL	20260404-1300	11.89
NL	20260404-0200	77.67
NL	20260404-1000	30
NL	20260404-0700	103.53
NL	20260404-0900	92.61
NL	20260404-1900	92.61
NL	20260404-0300	77.67
NL	20260404-1800	103.53
NL	20260404-2000	92.61
NL	20260404-1200	5.88
NL	20260404-0800	92.61
NO5	20260404-1500	72.9
NO5	20260404-1100	6.72
NO5	20260404-0100	37.41
NO5	20260404-0500	46.08
NO5	20260404-0000	29.17
NO5	20260404-2300	13.86
NO5	20260404-0600	75.11
NO5	20260404-1400	39.54
NO5	20260404-2100	68.63
NO5	20260404-1700	96.9
NO5	20260404-2200	53.78
NO5	20260404-0400	46.08
NO5	20260404-1600	96.88
NO5	20260404-1300	13.66
NO5	20260404-0200	38.62
NO5	20260404-1000	29.17
NO5	20260404-0700	59.55
NO5	20260404-0900	45.61
NO5	20260404-1900	86.66
NO5	20260404-0300	38.62
NO5	20260404-1800	96.9
NO5	20260404-2000	86.66
NO5	20260404-1200	5.03
NO5	20260404-0800	45.88
BE	20260404-1500	70.11
BE	20260404-1100	6.47
BE	20260404-0100	35.98
BE	20260404-0500	77.67
BE	20260404-0000	28.06
BE	20260404-2300	12.5
BE	20260404-0600	85.5
BE	20260404-1400	38.02
BE	20260404-2100	66.01
BE	20260404-1700	93.19
BE	20260404-2200	51.72
BE	20260404-0400	49.25
BE	20260404-1600	93.18
BE	20260404-1300	13.14
BE	20260404-0200	37.14
BE	20260404-1000	28.06
BE	20260404-0700	77.67
BE	20260404-0900	43.87
BE	20260404-1900	83.35
BE	20260404-0300	37.14
BE	20260404-1800	93.19
BE	20260404-2000	83.35
BE	20260404-1200	5
BE	20260404-0800	44.13
RO	20260404-1500	103.56
RO	20260404-1100	5.88
RO	20260404-0100	99.16
RO	20260404-0500	111.79
RO	20260404-0000	77.67
RO	20260404-2300	77.67
RO	20260404-0600	77.67
RO	20260404-1400	20.95
RO	20260404-2100	103.56
RO	20260404-1700	134.15
RO	20260404-2200	103.56
RO	20260404-0400	111.79
RO	20260404-1600	116.31
RO	20260404-1300	5.88
RO	20260404-0200	103.56
RO	20260404-1000	5.45
RO	20260404-0700	10.91
RO	20260404-0900	5.88
RO	20260404-1900	111.79
RO	20260404-0300	103.56
RO	20260404-1800	134.15
RO	20260404-2000	111.79
RO	20260404-1200	5.45
RO	20260404-0800	7.9
DK2	20260404-1500	1.39
DK2	20260404-1100	1
DK2	20260404-0100	2.19
DK2	20260404-0500	1.96
DK2	20260404-0000	4.42
DK2	20260404-2300	57
DK2	20260404-0600	1.9
DK2	20260404-1400	1
DK2	20260404-2100	77.67
DK2	20260404-1700	57
DK2	20260404-2200	57
DK2	20260404-0400	3.14
DK2	20260404-1600	30
DK2	20260404-1300	1
DK2	20260404-0200	2.19
DK2	20260404-1000	1
DK2	20260404-0700	1.39
DK2	20260404-0900	2.85
DK2	20260404-1900	92.61
DK2	20260404-0300	2.19
DK2	20260404-1800	103.56
DK2	20260404-2000	92.61
DK2	20260404-1200	1
DK2	20260404-0800	2.85
BG	20260404-1500	103.56
BG	20260404-1100	5.88
BG	20260404-0100	99.16
BG	20260404-0500	111.79
BG	20260404-0000	77.67
BG	20260404-2300	77.67
BG	20260404-0600	77.67
BG	20260404-1400	20.95
BG	20260404-2100	103.56
BG	20260404-1700	134.15
BG	20260404-2200	103.56
BG	20260404-0400	111.79
BG	20260404-1600	116.31
BG	20260404-1300	5.88
BG	20260404-0200	103.56
BG	20260404-1000	5.45
BG	20260404-0700	10.91
BG	20260404-0900	5.88
BG	20260404-1900	111.79
BG	20260404-0300	103.56
BG	20260404-1800	134.15
BG	20260404-2000	111.79
BG	20260404-1200	5.45
BG	20260404-0800	7.9
IT-CSOUTH	20260404-1500	103.56
IT-CSOUTH	20260404-1100	1
IT-CSOUTH	20260404-0100	134.15
IT-CSOUTH	20260404-0500	124.23
IT-CSOUTH	20260404-0000	134.15
IT-CSOUTH	20260404-2300	124.23
IT-CSOUTH	20260404-0600	124.23
IT-CSOUTH	20260404-1400	1
IT-CSOUTH	20260404-2100	134.15
IT-CSOUTH	20260404-1700	134.15
IT-CSOUTH	20260404-2200	134.15
IT-CSOUTH	20260404-0400	124.23
IT-CSOUTH	20260404-1600	134.15
IT-CSOUTH	20260404-1300	1
IT-CSOUTH	20260404-0200	124.23
IT-CSOUTH	20260404-1000	1
IT-CSOUTH	20260404-0700	92.4
IT-CSOUTH	20260404-0900	1
IT-CSOUTH	20260404-1900	134.15
IT-CSOUTH	20260404-0300	124.23
IT-CSOUTH	20260404-1800	134.15
IT-CSOUTH	20260404-2000	134.15
IT-CSOUTH	20260404-1200	1
IT-CSOUTH	20260404-0800	2.85
CZ	20260404-1500	69.76
CZ	20260404-1100	69.01
CZ	20260404-0100	16.01
CZ	20260404-0500	69.01
CZ	20260404-0000	16.01
CZ	20260404-2300	12.5
CZ	20260404-0600	69.01
CZ	20260404-1400	57
CZ	20260404-2100	77.67
CZ	20260404-1700	103.56
CZ	20260404-2200	57
CZ	20260404-0400	16.09
CZ	20260404-1600	92.61
CZ	20260404-1300	57
CZ	20260404-0200	16.02
CZ	20260404-1000	69.01
CZ	20260404-0700	69.01
CZ	20260404-0900	75.34
CZ	20260404-1900	92.61
CZ	20260404-0300	16.04
CZ	20260404-1800	103.56
CZ	20260404-2000	92.61
CZ	20260404-1200	57
CZ	20260404-0800	75.34
NO3	20260404-1500	70.11
NO3	20260404-1100	6.47
NO3	20260404-0100	35.98
NO3	20260404-0500	44.32
NO3	20260404-0000	28.06
NO3	20260404-2300	13.33
NO3	20260404-0600	72.24
NO3	20260404-1400	38.02
NO3	20260404-2100	66.01
NO3	20260404-1700	93.19
NO3	20260404-2200	51.72
NO3	20260404-0400	44.32
NO3	20260404-1600	93.18
NO3	20260404-1300	13.14
NO3	20260404-0200	37.14
NO3	20260404-1000	28.06
NO3	20260404-0700	57.28
NO3	20260404-0900	43.87
NO3	20260404-1900	83.35
NO3	20260404-0300	37.14
NO3	20260404-1800	93.19
NO3	20260404-2000	83.35
NO3	20260404-1200	4.84
NO3	20260404-0800	44.13
NO1	20260404-1500	70.11
NO1	20260404-1100	6.47
NO1	20260404-0100	35.98
NO1	20260404-0500	44.32
NO1	20260404-0000	28.06
NO1	20260404-2300	13.33
NO1	20260404-0600	72.24
NO1	20260404-1400	38.02
NO1	20260404-2100	66.01
NO1	20260404-1700	93.19
NO1	20260404-2200	51.72
NO1	20260404-0400	44.32
NO1	20260404-1600	93.18
NO1	20260404-1300	13.14
NO1	20260404-0200	37.14
NO1	20260404-1000	28.06
NO1	20260404-0700	57.28
NO1	20260404-0900	43.87
NO1	20260404-1900	83.35
NO1	20260404-0300	37.14
NO1	20260404-1800	93.19
NO1	20260404-2000	83.35
NO1	20260404-1200	4.84
NO1	20260404-0800	44.13
DE_LU	20260404-1500	69.76
DE_LU	20260404-1100	4.87
DE_LU	20260404-0100	3.75
DE_LU	20260404-0500	5.88
DE_LU	20260404-0000	4.87
DE_LU	20260404-2300	5.88
DE_LU	20260404-0600	57
DE_LU	20260404-1400	20.95
DE_LU	20260404-2100	77.67
DE_LU	20260404-1700	103.56
DE_LU	20260404-2200	57
DE_LU	20260404-0400	5.45
DE_LU	20260404-1600	92.61
DE_LU	20260404-1300	5.45
DE_LU	20260404-0200	4.87
DE_LU	20260404-1000	4.87
DE_LU	20260404-0700	23.75
DE_LU	20260404-0900	4.87
DE_LU	20260404-1900	92.61
DE_LU	20260404-0300	4.87
DE_LU	20260404-1800	103.56
DE_LU	20260404-2000	92.61
DE_LU	20260404-1200	4.87
DE_LU	20260404-0800	5.45
SK	20260404-1500	70.11
SK	20260404-1100	6.47
SK	20260404-0100	35.98
SK	20260404-0500	44.32
SK	20260404-0000	28.06
SK	20260404-2300	13.33
SK	20260404-0600	72.24
SK	20260404-1400	38.02
SK	20260404-2100	66.01
SK	20260404-1700	93.19
SK	20260404-2200	51.72
SK	20260404-0400	44.32
SK	20260404-1600	93.18
SK	20260404-1300	13.14
SK	20260404-0200	37.14
SK	20260404-1000	28.06
SK	20260404-0700	57.28
SK	20260404-0900	43.87
SK	20260404-1900	83.35
SK	20260404-0300	37.14
SK	20260404-1800	93.19
SK	20260404-2000	83.35
SK	20260404-1200	5
SK	20260404-0800	44.13
EE	20260404-1500	12.77
EE	20260404-1100	9.5
EE	20260404-0100	16.98
EE	20260404-0500	5
EE	20260404-0000	9.5
EE	20260404-2300	15.53
EE	20260404-0600	9.5
EE	20260404-1400	11.7
EE	20260404-2100	12.59
EE	20260404-1700	19.22
EE	20260404-2200	16.25
EE	20260404-0400	9.5
EE	20260404-1600	14.71
EE	20260404-1300	11.27
EE	20260404-0200	16.46
EE	20260404-1000	9.5
EE	20260404-0700	24
EE	20260404-0900	12.95
EE	20260404-1900	15.95
EE	20260404-0300	9.5
EE	20260404-1800	15.48
EE	20260404-2000	16.15
EE	20260404-1200	11.34
EE	20260404-0800	17.65
SE4	20260404-1500	1.39
SE4	20260404-1100	1
SE4	20260404-0100	2.19
SE4	20260404-0500	1.96
SE4	20260404-0000	4.42
SE4	20260404-2300	36.51
SE4	20260404-0600	1.9
SE4	20260404-1400	1
SE4	20260404-2100	44.15
SE4	20260404-1700	37
SE4	20260404-2200	36.51
SE4	20260404-0400	3.14
SE4	20260404-1600	14.71
SE4	20260404-1300	1
SE4	20260404-0200	2.19
SE4	20260404-1000	1
SE4	20260404-0700	1.39
SE4	20260404-0900	2.85
SE4	20260404-1900	59.64
SE4	20260404-0300	2.19
SE4	20260404-1800	66.61
SE4	20260404-2000	59.15
SE4	20260404-1200	1
SE4	20260404-0800	2.85
SI	20260405-2000	111.79
SI	20260405-0900	5.85
SI	20260405-1900	111.79
SI	20260405-1000	5
SI	20260405-1300	5
SI	20260405-2200	103.56
SI	20260405-2100	111.79
SI	20260405-0200	93.03
SI	20260405-0500	73.14
SI	20260405-0000	93.03
SI	20260405-1400	5.45
SI	20260405-1600	111.79
SI	20260405-1700	134.15
SI	20260405-0400	97.96
SI	20260405-1500	69.01
SI	20260405-1200	4.8
SI	20260405-1100	6.74
SI	20260405-1800	134.15
SI	20260405-0700	21.71
SI	20260405-0300	77.67
SI	20260405-0600	63.23
SI	20260405-0100	93.03
SI	20260405-0800	9.5
SI	20260405-2300	85.5
ES	20260405-2000	111.79
ES	20260405-0900	1
ES	20260405-1900	111.79
ES	20260405-1000	1
ES	20260405-1300	1
ES	20260405-2200	89.05
ES	20260405-2100	103.53
ES	20260405-0200	88.29
ES	20260405-0500	111.79
ES	20260405-0000	111.79
ES	20260405-1400	1
ES	20260405-1600	1
ES	20260405-1700	9.5
ES	20260405-0400	111.79
ES	20260405-1500	1
ES	20260405-1200	1
ES	20260405-1100	1
ES	20260405-1800	103.53
ES	20260405-0700	5.88
ES	20260405-0300	107.09
ES	20260405-0600	77.67
ES	20260405-0100	92.61
ES	20260405-0800	2.85
ES	20260405-2300	88.23
GR	20260405-2000	111.79
GR	20260405-0900	1
GR	20260405-1900	111.79
GR	20260405-1000	1
GR	20260405-1300	3.75
GR	20260405-2200	103.56
GR	20260405-2100	111.79
GR	20260405-0200	77.67
GR	20260405-0500	17.13
GR	20260405-0000	85.5
GR	20260405-1400	5.45
GR	20260405-1600	111.79
GR	20260405-1700	134.15
GR	20260405-0400	77.67
GR	20260405-1500	69.01
GR	20260405-1200	1
GR	20260405-1100	1
GR	20260405-1800	134.15
GR	20260405-0700	1
GR	20260405-0300	77.67
GR	20260405-0600	5.88
GR	20260405-0100	77.67
GR	20260405-0800	1
GR	20260405-2300	85.5
IT-CNORTH	20260405-2000	134.15
IT-CNORTH	20260405-0900	5.85
IT-CNORTH	20260405-1900	134.15
IT-CNORTH	20260405-1000	5
IT-CNORTH	20260405-1300	5
IT-CNORTH	20260405-2200	134.15
IT-CNORTH	20260405-2100	134.15
IT-CNORTH	20260405-0200	124.23
IT-CNORTH	20260405-0500	134.15
IT-CNORTH	20260405-0000	124.23
IT-CNORTH	20260405-1400	5.45
IT-CNORTH	20260405-1600	134.15
IT-CNORTH	20260405-1700	134.15
IT-CNORTH	20260405-0400	134.15
IT-CNORTH	20260405-1500	69.01
IT-CNORTH	20260405-1200	4.8
IT-CNORTH	20260405-1100	134.15
IT-CNORTH	20260405-1800	134.15
IT-CNORTH	20260405-0700	21.71
IT-CNORTH	20260405-0300	124.23
IT-CNORTH	20260405-0600	122.53
IT-CNORTH	20260405-0100	124.23
IT-CNORTH	20260405-0800	9.5
IT-CNORTH	20260405-2300	134.15
HU	20260405-2000	111.79
HU	20260405-0900	5.45
HU	20260405-1900	111.79
HU	20260405-1000	5
HU	20260405-1300	5
HU	20260405-2200	103.56
HU	20260405-2100	111.79
HU	20260405-0200	77.67
HU	20260405-0500	17.13
HU	20260405-0000	85.5
HU	20260405-1400	5.45
HU	20260405-1600	111.79
HU	20260405-1700	134.15
HU	20260405-0400	77.67
HU	20260405-1500	69.01
HU	20260405-1200	4.8
HU	20260405-1100	5
HU	20260405-1800	134.15
HU	20260405-0700	5.88
HU	20260405-0300	77.67
HU	20260405-0600	9.5
HU	20260405-0100	77.67
HU	20260405-0800	5.45
HU	20260405-2300	85.5
IT-SOUTH	20260405-2000	134.15
IT-SOUTH	20260405-0900	5.85
IT-SOUTH	20260405-1900	134.15
IT-SOUTH	20260405-1000	5
IT-SOUTH	20260405-1300	5
IT-SOUTH	20260405-2200	134.15
IT-SOUTH	20260405-2100	134.15
IT-SOUTH	20260405-0200	124.23
IT-SOUTH	20260405-0500	134.15
IT-SOUTH	20260405-0000	124.23
IT-SOUTH	20260405-1400	5.45
IT-SOUTH	20260405-1600	134.15
IT-SOUTH	20260405-1700	134.15
IT-SOUTH	20260405-0400	134.15
IT-SOUTH	20260405-1500	69.01
IT-SOUTH	20260405-1200	4.8
IT-SOUTH	20260405-1100	134.15
IT-SOUTH	20260405-1800	134.15
IT-SOUTH	20260405-0700	21.71
IT-SOUTH	20260405-0300	124.23
IT-SOUTH	20260405-0600	122.53
IT-SOUTH	20260405-0100	124.23
IT-SOUTH	20260405-0800	9.5
IT-SOUTH	20260405-2300	134.15
IT-Sicily	20260405-2000	134.15
IT-Sicily	20260405-0900	5.85
IT-Sicily	20260405-1900	134.15
IT-Sicily	20260405-1000	5
IT-Sicily	20260405-1300	5
IT-Sicily	20260405-2200	134.15
IT-Sicily	20260405-2100	134.15
IT-Sicily	20260405-0200	124.23
IT-Sicily	20260405-0500	134.15
IT-Sicily	20260405-0000	124.23
IT-Sicily	20260405-1400	5.45
IT-Sicily	20260405-1600	134.15
IT-Sicily	20260405-1700	134.15
IT-Sicily	20260405-0400	134.15
IT-Sicily	20260405-1500	69.01
IT-Sicily	20260405-1200	4.8
IT-Sicily	20260405-1100	134.15
IT-Sicily	20260405-1800	134.15
IT-Sicily	20260405-0700	21.71
IT-Sicily	20260405-0300	124.23
IT-Sicily	20260405-0600	122.53
IT-Sicily	20260405-0100	124.23
IT-Sicily	20260405-0800	9.5
IT-Sicily	20260405-2300	134.15
IT-Sardinia	20260405-2000	134.15
IT-Sardinia	20260405-0900	5.85
IT-Sardinia	20260405-1900	134.15
IT-Sardinia	20260405-1000	5
IT-Sardinia	20260405-1300	5
IT-Sardinia	20260405-2200	134.15
IT-Sardinia	20260405-2100	134.15
IT-Sardinia	20260405-0200	124.23
IT-Sardinia	20260405-0500	134.15
IT-Sardinia	20260405-0000	124.23
IT-Sardinia	20260405-1400	5.45
IT-Sardinia	20260405-1600	134.15
IT-Sardinia	20260405-1700	134.15
IT-Sardinia	20260405-0400	134.15
IT-Sardinia	20260405-1500	69.01
IT-Sardinia	20260405-1200	4.8
IT-Sardinia	20260405-1100	100.02
IT-Sardinia	20260405-1800	134.15
IT-Sardinia	20260405-0700	21.71
IT-Sardinia	20260405-0300	124.23
IT-Sardinia	20260405-0600	122.53
IT-Sardinia	20260405-0100	124.23
IT-Sardinia	20260405-0800	9.5
IT-Sardinia	20260405-2300	134.15
RS	20260405-2000	111.79
RS	20260405-0900	5.45
RS	20260405-1900	111.79
RS	20260405-1000	5
RS	20260405-1300	5
RS	20260405-2200	103.56
RS	20260405-2100	111.79
RS	20260405-0200	77.67
RS	20260405-0500	17.13
RS	20260405-0000	85.5
RS	20260405-1400	5.45
RS	20260405-1600	111.79
RS	20260405-1700	134.15
RS	20260405-0400	77.67
RS	20260405-1500	69.01
RS	20260405-1200	4.8
RS	20260405-1100	5
RS	20260405-1800	134.15
RS	20260405-0700	5.88
RS	20260405-0300	77.67
RS	20260405-0600	9.5
RS	20260405-0100	77.67
RS	20260405-0800	5.45
RS	20260405-2300	85.5
DK1	20260405-2000	57.48
DK1	20260405-0900	1
DK1	20260405-1900	69.01
DK1	20260405-1000	1
DK1	20260405-1300	1
DK1	20260405-2200	57
DK1	20260405-2100	57
DK1	20260405-0200	1
DK1	20260405-0500	1
DK1	20260405-0000	4.87
DK1	20260405-1400	1
DK1	20260405-1600	4.87
DK1	20260405-1700	57
DK1	20260405-0400	1
DK1	20260405-1500	1
DK1	20260405-1200	1
DK1	20260405-1100	1
DK1	20260405-1800	69.01
DK1	20260405-0700	1
DK1	20260405-0300	1
DK1	20260405-0600	1
DK1	20260405-0100	1
DK1	20260405-0800	1
DK1	20260405-2300	57
CH	20260405-2000	111.79
CH	20260405-0900	5.85
CH	20260405-1900	85.5
CH	20260405-1000	5
CH	20260405-1300	3.13
CH	20260405-2200	79.36
CH	20260405-2100	83.69
CH	20260405-0200	52.01
CH	20260405-0500	59.46
CH	20260405-0000	53.36
CH	20260405-1400	5.45
CH	20260405-1600	51.73
CH	20260405-1700	81.01
CH	20260405-0400	57.82
CH	20260405-1500	23.2
CH	20260405-1200	2.78
CH	20260405-1100	4.56
CH	20260405-1800	87.06
CH	20260405-0700	21.71
CH	20260405-0300	56.27
CH	20260405-0600	47.48
CH	20260405-0100	55.75
CH	20260405-0800	9.5
CH	20260405-2300	88.23
SE1	20260405-2000	58.71
SE1	20260405-0900	1
SE1	20260405-1900	58.71
SE1	20260405-1000	1
SE1	20260405-1300	1
SE1	20260405-2200	1
SE1	20260405-2100	58.71
SE1	20260405-0200	103.73
SE1	20260405-0500	66.27
SE1	20260405-0000	99.79
SE1	20260405-1400	1
SE1	20260405-1600	1
SE1	20260405-1700	1
SE1	20260405-0400	89.98
SE1	20260405-1500	1
SE1	20260405-1200	1
SE1	20260405-1100	1
SE1	20260405-1800	1
SE1	20260405-0700	58.71
SE1	20260405-0300	97.87
SE1	20260405-0600	58.71
SE1	20260405-0100	102.91
SE1	20260405-0800	1
SE1	20260405-2300	1
NO4	20260405-2000	42.06
NO4	20260405-0900	40.42
NO4	20260405-1900	41.3
NO4	20260405-1000	38.82
NO4	20260405-1300	38.64
NO4	20260405-2200	24.71
NO4	20260405-2100	45.3
NO4	20260405-0200	39.95
NO4	20260405-0500	40.08
NO4	20260405-0000	40.92
NO4	20260405-1400	39.74
NO4	20260405-1600	38.59
NO4	20260405-1700	39.48
NO4	20260405-0400	41.27
NO4	20260405-1500	39.05
NO4	20260405-1200	38.12
NO4	20260405-1100	37.46
NO4	20260405-1800	39.47
NO4	20260405-0700	42.17
NO4	20260405-0300	41.01
NO4	20260405-0600	40.77
NO4	20260405-0100	40.19
NO4	20260405-0800	40.6
NO4	20260405-2300	28.5
SE3	20260405-2000	51.73
SE3	20260405-0900	1
SE3	20260405-1900	62.11
SE3	20260405-1000	2
SE3	20260405-1300	2
SE3	20260405-2200	51.3
SE3	20260405-2100	51.3
SE3	20260405-0200	1
SE3	20260405-0500	1
SE3	20260405-0000	4.87
SE3	20260405-1400	2
SE3	20260405-1600	4.87
SE3	20260405-1700	51.3
SE3	20260405-0400	1
SE3	20260405-1500	1
SE3	20260405-1200	2
SE3	20260405-1100	2
SE3	20260405-1800	62.11
SE3	20260405-0700	1
SE3	20260405-0300	1
SE3	20260405-0600	1
SE3	20260405-0100	1
SE3	20260405-0800	1
SE3	20260405-2300	49.46
FR	20260405-2000	111.79
FR	20260405-0900	5.85
FR	20260405-1900	99.4
FR	20260405-1000	5
FR	20260405-1300	5
FR	20260405-2200	89.05
FR	20260405-2100	103.53
FR	20260405-0200	23.75
FR	20260405-0500	47.95
FR	20260405-0000	24.17
FR	20260405-1400	5.45
FR	20260405-1600	35.74
FR	20260405-1700	65.85
FR	20260405-0400	47.34
FR	20260405-1500	18.5
FR	20260405-1200	4.8
FR	20260405-1100	5.88
FR	20260405-1800	103.53
FR	20260405-0700	16.25
FR	20260405-0300	44.95
FR	20260405-0600	38.96
FR	20260405-0100	43.53
FR	20260405-0800	9.5
FR	20260405-2300	88.23
FI	20260405-2000	3.74
FI	20260405-0900	16.75
FI	20260405-1900	3.97
FI	20260405-1000	12.72
FI	20260405-1300	9.5
FI	20260405-2200	2.85
FI	20260405-2100	2.85
FI	20260405-0200	16.17
FI	20260405-0500	16.56
FI	20260405-0000	16.01
FI	20260405-1400	5.88
FI	20260405-1600	5
FI	20260405-1700	5
FI	20260405-0400	15.88
FI	20260405-1500	5
FI	20260405-1200	9.5
FI	20260405-1100	9.5
FI	20260405-1800	3.97
FI	20260405-0700	39.66
FI	20260405-0300	13.23
FI	20260405-0600	39.66
FI	20260405-0100	16.37
FI	20260405-0800	30
FI	20260405-2300	2.85
PL	20260405-2000	92.61
PL	20260405-0900	1
PL	20260405-1900	92.61
PL	20260405-1000	1
PL	20260405-1300	1
PL	20260405-2200	92.61
PL	20260405-2100	92.61
PL	20260405-0200	92.61
PL	20260405-0500	57.48
PL	20260405-0000	92.61
PL	20260405-1400	4.87
PL	20260405-1600	92.61
PL	20260405-1700	92.61
PL	20260405-0400	92.61
PL	20260405-1500	4.87
PL	20260405-1200	1
PL	20260405-1100	1
PL	20260405-1800	92.61
PL	20260405-0700	4.87
PL	20260405-0300	92.61
PL	20260405-0600	13.25
PL	20260405-0100	92.61
PL	20260405-0800	1
PL	20260405-2300	92.61
IT-Calabria	20260405-2000	134.15
IT-Calabria	20260405-0900	5.85
IT-Calabria	20260405-1900	134.15
IT-Calabria	20260405-1000	5
IT-Calabria	20260405-1300	5
IT-Calabria	20260405-2200	134.15
IT-Calabria	20260405-2100	134.15
IT-Calabria	20260405-0200	124.23
IT-Calabria	20260405-0500	134.15
IT-Calabria	20260405-0000	124.23
IT-Calabria	20260405-1400	5.45
IT-Calabria	20260405-1600	134.15
IT-Calabria	20260405-1700	134.15
IT-Calabria	20260405-0400	134.15
IT-Calabria	20260405-1500	69.01
IT-Calabria	20260405-1200	4.8
IT-Calabria	20260405-1100	134.15
IT-Calabria	20260405-1800	134.15
IT-Calabria	20260405-0700	21.71
IT-Calabria	20260405-0300	124.23
IT-Calabria	20260405-0600	122.53
IT-Calabria	20260405-0100	124.23
IT-Calabria	20260405-0800	9.5
IT-Calabria	20260405-2300	134.15
AT	20260405-2000	116.89
AT	20260405-0900	5.85
AT	20260405-1900	97.07
AT	20260405-1000	5
AT	20260405-1300	3.75
AT	20260405-2200	96.3
AT	20260405-2100	112.89
AT	20260405-0200	101.15
AT	20260405-0500	111.79
AT	20260405-0000	105.64
AT	20260405-1400	5.45
AT	20260405-1600	70.35
AT	20260405-1700	108.22
AT	20260405-0400	111.79
AT	20260405-1500	36.73
AT	20260405-1200	3.15
AT	20260405-1100	4.56
AT	20260405-1800	109.62
AT	20260405-0700	21.71
AT	20260405-0300	111.79
AT	20260405-0600	68.53
AT	20260405-0100	102.52
AT	20260405-0800	9.5
AT	20260405-2300	105.81
SE2	20260405-2000	58.71
SE2	20260405-0900	1
SE2	20260405-1900	58.71
SE2	20260405-1000	1
SE2	20260405-1300	1
SE2	20260405-2200	1
SE2	20260405-2100	58.71
SE2	20260405-0200	103.73
SE2	20260405-0500	66.27
SE2	20260405-0000	99.79
SE2	20260405-1400	1
SE2	20260405-1600	1
SE2	20260405-1700	1
SE2	20260405-0400	89.98
SE2	20260405-1500	1
SE2	20260405-1200	1
SE2	20260405-1100	1
SE2	20260405-1800	1
SE2	20260405-0700	58.71
SE2	20260405-0300	97.87
SE2	20260405-0600	58.71
SE2	20260405-0100	102.91
SE2	20260405-0800	1
SE2	20260405-2300	1
IT-NORTH	20260405-2000	134.15
IT-NORTH	20260405-0900	5.85
IT-NORTH	20260405-1900	134.15
IT-NORTH	20260405-1000	5
IT-NORTH	20260405-1300	5
IT-NORTH	20260405-2200	134.15
IT-NORTH	20260405-2100	134.15
IT-NORTH	20260405-0200	124.23
IT-NORTH	20260405-0500	134.15
IT-NORTH	20260405-0000	124.23
IT-NORTH	20260405-1400	5.45
IT-NORTH	20260405-1600	134.15
IT-NORTH	20260405-1700	134.15
IT-NORTH	20260405-0400	134.15
IT-NORTH	20260405-1500	69.01
IT-NORTH	20260405-1200	4.8
IT-NORTH	20260405-1100	134.15
IT-NORTH	20260405-1800	134.15
IT-NORTH	20260405-0700	21.71
IT-NORTH	20260405-0300	124.23
IT-NORTH	20260405-0600	122.53
IT-NORTH	20260405-0100	124.23
IT-NORTH	20260405-0800	9.5
IT-NORTH	20260405-2300	134.15
LT	20260405-2000	3.74
LT	20260405-0900	1
LT	20260405-1900	3.97
LT	20260405-1000	1
LT	20260405-1300	1
LT	20260405-2200	1
LT	20260405-2100	2.85
LT	20260405-0200	1
LT	20260405-0500	2.85
LT	20260405-0000	5.88
LT	20260405-1400	1
LT	20260405-1600	3.73
LT	20260405-1700	5.04
LT	20260405-0400	2.85
LT	20260405-1500	1
LT	20260405-1200	1
LT	20260405-1100	1
LT	20260405-1800	4.77
LT	20260405-0700	1
LT	20260405-0300	2.85
LT	20260405-0600	1
LT	20260405-0100	1
LT	20260405-0800	1
LT	20260405-2300	1
PT	20260405-2000	111.79
PT	20260405-0900	1
PT	20260405-1900	111.79
PT	20260405-1000	1
PT	20260405-1300	1
PT	20260405-2200	89.05
PT	20260405-2100	103.53
PT	20260405-0200	88.29
PT	20260405-0500	111.79
PT	20260405-0000	111.79
PT	20260405-1400	1
PT	20260405-1600	1
PT	20260405-1700	9.5
PT	20260405-0400	111.79
PT	20260405-1500	1
PT	20260405-1200	1
PT	20260405-1100	1
PT	20260405-1800	103.53
PT	20260405-0700	5.88
PT	20260405-0300	107.09
PT	20260405-0600	77.67
PT	20260405-0100	92.61
PT	20260405-0800	2.85
PT	20260405-2300	88.23
NO2	20260405-2000	80.33
NO2	20260405-0900	2.61
NO2	20260405-1900	90.25
NO2	20260405-1000	2.31
NO2	20260405-1300	2.61
NO2	20260405-2200	76.66
NO2	20260405-2100	79.92
NO2	20260405-0200	2.61
NO2	20260405-0500	5.69
NO2	20260405-0000	5.94
NO2	20260405-1400	4
NO2	20260405-1600	27.35
NO2	20260405-1700	76.66
NO2	20260405-0400	3.69
NO2	20260405-1500	18
NO2	20260405-1200	2.61
NO2	20260405-1100	2.31
NO2	20260405-1800	87.91
NO2	20260405-0700	4
NO2	20260405-0300	2.61
NO2	20260405-0600	17.85
NO2	20260405-0100	2.61
NO2	20260405-0800	2.61
NO2	20260405-2300	74.91
LV	20260405-2000	3.74
LV	20260405-0900	2.85
LV	20260405-1900	3.97
LV	20260405-1000	2.85
LV	20260405-1300	2.85
LV	20260405-2200	2.85
LV	20260405-2100	2.85
LV	20260405-0200	1
LV	20260405-0500	2.85
LV	20260405-0000	5.88
LV	20260405-1400	2.85
LV	20260405-1600	3.73
LV	20260405-1700	5.04
LV	20260405-0400	2.85
LV	20260405-1500	2.85
LV	20260405-1200	2.85
LV	20260405-1100	2.85
LV	20260405-1800	4.77
LV	20260405-0700	1
LV	20260405-0300	2.85
LV	20260405-0600	1
LV	20260405-0100	1
LV	20260405-0800	1
LV	20260405-2300	2.85
NL	20260405-2000	103.53
NL	20260405-0900	4.87
NL	20260405-1900	103.53
NL	20260405-1000	2.31
NL	20260405-1300	4.87
NL	20260405-2200	92.61
NL	20260405-2100	103.53
NL	20260405-0200	5.88
NL	20260405-0500	5.88
NL	20260405-0000	5.88
NL	20260405-1400	5.88
NL	20260405-1600	77.67
NL	20260405-1700	92.61
NL	20260405-0400	5.88
NL	20260405-1500	57
NL	20260405-1200	4.87
NL	20260405-1100	3
NL	20260405-1800	92.61
NL	20260405-0700	5.88
NL	20260405-0300	5.88
NL	20260405-0600	17.85
NL	20260405-0100	5.88
NL	20260405-0800	5.88
NL	20260405-2300	92.61
NO5	20260405-2000	75.34
NO5	20260405-0900	3.22
NO5	20260405-1900	80.73
NO5	20260405-1000	2.75
NO5	20260405-1300	3.22
NO5	20260405-2200	70
NO5	20260405-2100	75.11
NO5	20260405-0200	3.22
NO5	20260405-0500	8.04
NO5	20260405-0000	5.03
NO5	20260405-1400	5.39
NO5	20260405-1600	38.62
NO5	20260405-1700	70
NO5	20260405-0400	4.91
NO5	20260405-1500	27.36
NO5	20260405-1200	3.22
NO5	20260405-1100	2.75
NO5	20260405-1800	77.05
NO5	20260405-0700	5.39
NO5	20260405-0300	3.22
NO5	20260405-0600	27.14
NO5	20260405-0100	3.22
NO5	20260405-0800	3.22
NO5	20260405-2300	69.05
BE	20260405-2000	85.5
BE	20260405-0900	5
BE	20260405-1900	86.27
BE	20260405-1000	5.88
BE	20260405-1300	3.1
BE	20260405-2200	74.81
BE	20260405-2100	80.26
BE	20260405-0200	3.1
BE	20260405-0500	7.74
BE	20260405-0000	4.84
BE	20260405-1400	5.18
BE	20260405-1600	37.14
BE	20260405-1700	74.81
BE	20260405-0400	4.73
BE	20260405-1500	26.32
BE	20260405-1200	3.1
BE	20260405-1100	5.88
BE	20260405-1800	82.34
BE	20260405-0700	5.18
BE	20260405-0300	3.1
BE	20260405-0600	26.1
BE	20260405-0100	3.1
BE	20260405-0800	3.1
BE	20260405-2300	73.78
RO	20260405-2000	111.79
RO	20260405-0900	2.85
RO	20260405-1900	111.79
RO	20260405-1000	1
RO	20260405-1300	3.75
RO	20260405-2200	103.56
RO	20260405-2100	111.79
RO	20260405-0200	77.67
RO	20260405-0500	17.13
RO	20260405-0000	85.5
RO	20260405-1400	5.45
RO	20260405-1600	111.79
RO	20260405-1700	134.15
RO	20260405-0400	77.67
RO	20260405-1500	69.01
RO	20260405-1200	1
RO	20260405-1100	1
RO	20260405-1800	134.15
RO	20260405-0700	4.8
RO	20260405-0300	77.67
RO	20260405-0600	5.88
RO	20260405-0100	77.67
RO	20260405-0800	3.15
RO	20260405-2300	85.5
DK2	20260405-2000	23.75
DK2	20260405-0900	1
DK2	20260405-1900	27.13
DK2	20260405-1000	1
DK2	20260405-1300	1
DK2	20260405-2200	1
DK2	20260405-2100	23.75
DK2	20260405-0200	1
DK2	20260405-0500	1.5
DK2	20260405-0000	39.38
DK2	20260405-1400	1
DK2	20260405-1600	4.87
DK2	20260405-1700	30
DK2	20260405-0400	1.5
DK2	20260405-1500	1
DK2	20260405-1200	1
DK2	20260405-1100	1
DK2	20260405-1800	30
DK2	20260405-0700	1
DK2	20260405-0300	1.5
DK2	20260405-0600	1
DK2	20260405-0100	1
DK2	20260405-0800	1
DK2	20260405-2300	1
BG	20260405-2000	111.79
BG	20260405-0900	2.85
BG	20260405-1900	111.79
BG	20260405-1000	1
BG	20260405-1300	3.75
BG	20260405-2200	103.56
BG	20260405-2100	111.79
BG	20260405-0200	77.67
BG	20260405-0500	17.13
BG	20260405-0000	85.5
BG	20260405-1400	5.45
BG	20260405-1600	111.79
BG	20260405-1700	134.15
BG	20260405-0400	77.67
BG	20260405-1500	69.01
BG	20260405-1200	1
BG	20260405-1100	1
BG	20260405-1800	134.15
BG	20260405-0700	4.8
BG	20260405-0300	77.67
BG	20260405-0600	5.88
BG	20260405-0100	77.67
BG	20260405-0800	3.15
BG	20260405-2300	85.5
IT-CSOUTH	20260405-2000	134.15
IT-CSOUTH	20260405-0900	5.85
IT-CSOUTH	20260405-1900	134.15
IT-CSOUTH	20260405-1000	5
IT-CSOUTH	20260405-1300	5
IT-CSOUTH	20260405-2200	134.15
IT-CSOUTH	20260405-2100	134.15
IT-CSOUTH	20260405-0200	124.23
IT-CSOUTH	20260405-0500	134.15
IT-CSOUTH	20260405-0000	124.23
IT-CSOUTH	20260405-1400	5.45
IT-CSOUTH	20260405-1600	134.15
IT-CSOUTH	20260405-1700	134.15
IT-CSOUTH	20260405-0400	134.15
IT-CSOUTH	20260405-1500	69.01
IT-CSOUTH	20260405-1200	4.8
IT-CSOUTH	20260405-1100	134.15
IT-CSOUTH	20260405-1800	134.15
IT-CSOUTH	20260405-0700	21.71
IT-CSOUTH	20260405-0300	124.23
IT-CSOUTH	20260405-0600	122.53
IT-CSOUTH	20260405-0100	124.23
IT-CSOUTH	20260405-0800	9.5
IT-CSOUTH	20260405-2300	134.15
CZ	20260405-2000	69.01
CZ	20260405-0900	9.5
CZ	20260405-1900	69.01
CZ	20260405-1000	9.5
CZ	20260405-1300	9.5
CZ	20260405-2200	16.63
CZ	20260405-2100	57
CZ	20260405-0200	13.16
CZ	20260405-0500	17.43
CZ	20260405-0000	13.09
CZ	20260405-1400	9.5
CZ	20260405-1600	57
CZ	20260405-1700	69.01
CZ	20260405-0400	13.28
CZ	20260405-1500	10.76
CZ	20260405-1200	9.5
CZ	20260405-1100	9.5
CZ	20260405-1800	69.01
CZ	20260405-0700	10.96
CZ	20260405-0300	13.18
CZ	20260405-0600	13.25
CZ	20260405-0100	13.08
CZ	20260405-0800	10.67
CZ	20260405-2300	57
NO3	20260405-2000	80.5
NO3	20260405-0900	3.1
NO3	20260405-1900	86.27
NO3	20260405-1000	2.64
NO3	20260405-1300	3.1
NO3	20260405-2200	67.32
NO3	20260405-2100	80.26
NO3	20260405-0200	3.1
NO3	20260405-0500	7.74
NO3	20260405-0000	4.84
NO3	20260405-1400	5.18
NO3	20260405-1600	41.27
NO3	20260405-1700	74.81
NO3	20260405-0400	4.73
NO3	20260405-1500	26.32
NO3	20260405-1200	3.1
NO3	20260405-1100	2.64
NO3	20260405-1800	82.34
NO3	20260405-0700	5.18
NO3	20260405-0300	3.1
NO3	20260405-0600	26.1
NO3	20260405-0100	3.1
NO3	20260405-0800	3.1
NO3	20260405-2300	66.41
NO1	20260405-2000	72.45
NO1	20260405-0900	3.1
NO1	20260405-1900	77.64
NO1	20260405-1000	2.85
NO1	20260405-1300	3.44
NO1	20260405-2200	67.32
NO1	20260405-2100	72.24
NO1	20260405-0200	3.44
NO1	20260405-0500	7.74
NO1	20260405-0000	4.84
NO1	20260405-1400	5.18
NO1	20260405-1600	37.14
NO1	20260405-1700	67.32
NO1	20260405-0400	4.73
NO1	20260405-1500	26.32
NO1	20260405-1200	3.1
NO1	20260405-1100	2.94
NO1	20260405-1800	74.11
NO1	20260405-0700	5.18
NO1	20260405-0300	3.19
NO1	20260405-0600	26.1
NO1	20260405-0100	3.44
NO1	20260405-0800	3.1
NO1	20260405-2300	66.41
DE_LU	20260405-2000	57.48
DE_LU	20260405-0900	1
DE_LU	20260405-1900	69.01
DE_LU	20260405-1000	1
DE_LU	20260405-1300	1
DE_LU	20260405-2200	57
DE_LU	20260405-2100	57
DE_LU	20260405-0200	1
DE_LU	20260405-0500	1
DE_LU	20260405-0000	4.87
DE_LU	20260405-1400	1
DE_LU	20260405-1600	4.87
DE_LU	20260405-1700	57
DE_LU	20260405-0400	1
DE_LU	20260405-1500	1
DE_LU	20260405-1200	1
DE_LU	20260405-1100	1
DE_LU	20260405-1800	69.01
DE_LU	20260405-0700	1
DE_LU	20260405-0300	1
DE_LU	20260405-0600	1
DE_LU	20260405-0100	1
DE_LU	20260405-0800	1
DE_LU	20260405-2300	57
SK	20260405-2000	72.45
SK	20260405-0900	3.44
SK	20260405-1900	77.64
SK	20260405-1000	2.94
SK	20260405-1300	3.44
SK	20260405-2200	67.32
SK	20260405-2100	72.24
SK	20260405-0200	3.44
SK	20260405-0500	8.6
SK	20260405-0000	5.38
SK	20260405-1400	5.76
SK	20260405-1600	37.14
SK	20260405-1700	67.32
SK	20260405-0400	5.25
SK	20260405-1500	26.32
SK	20260405-1200	3.44
SK	20260405-1100	2.94
SK	20260405-1800	74.11
SK	20260405-0700	5.76
SK	20260405-0300	3.44
SK	20260405-0600	26.1
SK	20260405-0100	3.44
SK	20260405-0800	3.44
SK	20260405-2300	66.41
EE	20260405-2000	3.74
EE	20260405-0900	16.75
EE	20260405-1900	3.97
EE	20260405-1000	12.72
EE	20260405-1300	9.5
EE	20260405-2200	2.85
EE	20260405-2100	2.85
EE	20260405-0200	16.17
EE	20260405-0500	16.56
EE	20260405-0000	16.01
EE	20260405-1400	5.88
EE	20260405-1600	5
EE	20260405-1700	5.04
EE	20260405-0400	15.88
EE	20260405-1500	5
EE	20260405-1200	9.5
EE	20260405-1100	9.5
EE	20260405-1800	4.77
EE	20260405-0700	39.66
EE	20260405-0300	13.23
EE	20260405-0600	39.66
EE	20260405-0100	16.37
EE	20260405-0800	30
EE	20260405-2300	2.85
SE4	20260405-2000	13.98
SE4	20260405-0900	1
SE4	20260405-1900	15.92
SE4	20260405-1000	1
SE4	20260405-1300	1
SE4	20260405-2200	1
SE4	20260405-2100	5.88
SE4	20260405-0200	1
SE4	20260405-0500	1.5
SE4	20260405-0000	22.96
SE4	20260405-1400	1
SE4	20260405-1600	3.73
SE4	20260405-1700	5.04
SE4	20260405-0400	1.5
SE4	20260405-1500	1
SE4	20260405-1200	1
SE4	20260405-1100	1
SE4	20260405-1800	18.17
SE4	20260405-0700	1
SE4	20260405-0300	1.5
SE4	20260405-0600	1
SE4	20260405-0100	1
SE4	20260405-0800	1
SE4	20260405-2300	1
SI	20260706-0200	5
SI	20260706-0300	9.5
SI	20260706-0600	84.21
SI	20260706-1200	6.02
SI	20260706-2100	9.5
SI	20260706-2200	9.5
SI	20260706-0000	5
SI	20260706-1600	104.96
SI	20260706-0900	5.32
SI	20260706-0800	5.52
SI	20260706-2300	9.5
SI	20260706-1700	108.7
SI	20260706-1100	5.52
SI	20260706-1900	104.96
SI	20260706-1500	104.96
SI	20260706-1300	9.5
SI	20260706-2000	104.96
SI	20260706-0700	10.75
SI	20260706-1000	5.52
SI	20260706-1800	106.7
SI	20260706-0100	5
SI	20260706-0400	86.96
SI	20260706-1400	13.37
ES	20260706-0200	104.96
ES	20260706-0300	104.96
ES	20260706-0600	104.96
ES	20260706-1200	57
ES	20260706-2100	179.15
ES	20260706-2200	173.67
ES	20260706-0000	104.96
ES	20260706-1600	67.59
ES	20260706-0900	41.75
ES	20260706-0800	43.63
ES	20260706-2300	157.97
ES	20260706-1700	103.86
ES	20260706-1100	31.25
ES	20260706-1900	193.35
ES	20260706-1500	70.48
ES	20260706-1300	57
ES	20260706-2000	193.35
ES	20260706-0700	52.25
ES	20260706-1000	40.63
ES	20260706-1800	125.95
ES	20260706-0100	104.96
ES	20260706-0400	104.96
ES	20260706-1400	70.48
GR	20260706-0200	104.96
GR	20260706-0300	104.96
GR	20260706-0600	10.55
GR	20260706-1200	6.02
GR	20260706-2100	152.61
GR	20260706-2200	114.37
GR	20260706-0000	104.96
GR	20260706-1600	169.3
GR	20260706-0900	5.32
GR	20260706-0800	5.52
GR	20260706-2300	114.37
GR	20260706-1700	188.29
GR	20260706-1100	5.52
GR	20260706-1900	198.87
GR	20260706-1500	104.96
GR	20260706-1300	9.5
GR	20260706-2000	188.35
GR	20260706-0700	5.52
GR	20260706-1000	5.52
GR	20260706-1800	193.35
GR	20260706-0100	104.96
GR	20260706-0400	104.96
GR	20260706-1400	80.39
IT-CNORTH	20260706-0200	125.95
IT-CNORTH	20260706-0300	125.95
IT-CNORTH	20260706-0600	125.95
IT-CNORTH	20260706-1200	125.95
IT-CNORTH	20260706-2100	125.95
IT-CNORTH	20260706-2200	125.95
IT-CNORTH	20260706-0000	125.95
IT-CNORTH	20260706-1600	125.95
IT-CNORTH	20260706-0900	125.95
IT-CNORTH	20260706-0800	125.95
IT-CNORTH	20260706-2300	125.95
IT-CNORTH	20260706-1700	125.95
IT-CNORTH	20260706-1100	125.95
IT-CNORTH	20260706-1900	125.95
IT-CNORTH	20260706-1500	125.95
IT-CNORTH	20260706-1300	125.95
IT-CNORTH	20260706-2000	125.95
IT-CNORTH	20260706-0700	125.95
IT-CNORTH	20260706-1000	125.95
IT-CNORTH	20260706-1800	125.95
IT-CNORTH	20260706-0100	125.95
IT-CNORTH	20260706-0400	125.95
IT-CNORTH	20260706-1400	125.95
HU	20260706-0200	9.5
HU	20260706-0300	10.67
HU	20260706-0600	10.55
HU	20260706-1200	6.02
HU	20260706-2100	104.96
HU	20260706-2200	75.34
HU	20260706-0000	9.5
HU	20260706-1600	104.96
HU	20260706-0900	5.32
HU	20260706-0800	5.52
HU	20260706-2300	70.48
HU	20260706-1700	106.7
HU	20260706-1100	5.52
HU	20260706-1900	104.96
HU	20260706-1500	104.96
HU	20260706-1300	9.5
HU	20260706-2000	104.96
HU	20260706-0700	9.5
HU	20260706-1000	5.52
HU	20260706-1800	106.7
HU	20260706-0100	9.5
HU	20260706-0400	86.96
HU	20260706-1400	13.37
IT-SOUTH	20260706-0200	125.95
IT-SOUTH	20260706-0300	125.95
IT-SOUTH	20260706-0600	125.95
IT-SOUTH	20260706-1200	125.95
IT-SOUTH	20260706-2100	125.95
IT-SOUTH	20260706-2200	125.95
IT-SOUTH	20260706-0000	125.95
IT-SOUTH	20260706-1600	125.95
IT-SOUTH	20260706-0900	125.95
IT-SOUTH	20260706-0800	125.95
IT-SOUTH	20260706-2300	125.95
IT-SOUTH	20260706-1700	125.95
IT-SOUTH	20260706-1100	125.95
IT-SOUTH	20260706-1900	125.95
IT-SOUTH	20260706-1500	125.95
IT-SOUTH	20260706-1300	125.95
IT-SOUTH	20260706-2000	125.95
IT-SOUTH	20260706-0700	125.95
IT-SOUTH	20260706-1000	125.95
IT-SOUTH	20260706-1800	125.95
IT-SOUTH	20260706-0100	125.95
IT-SOUTH	20260706-0400	125.95
IT-SOUTH	20260706-1400	125.95
IT-Sicily	20260706-0200	125.95
IT-Sicily	20260706-0300	125.95
IT-Sicily	20260706-0600	125.95
IT-Sicily	20260706-1200	125.95
IT-Sicily	20260706-2100	125.95
IT-Sicily	20260706-2200	125.95
IT-Sicily	20260706-0000	125.95
IT-Sicily	20260706-1600	125.95
IT-Sicily	20260706-0900	125.95
IT-Sicily	20260706-0800	125.95
IT-Sicily	20260706-2300	125.95
IT-Sicily	20260706-1700	125.95
IT-Sicily	20260706-1100	125.95
IT-Sicily	20260706-1900	125.95
IT-Sicily	20260706-1500	125.95
IT-Sicily	20260706-1300	125.95
IT-Sicily	20260706-2000	125.95
IT-Sicily	20260706-0700	125.95
IT-Sicily	20260706-1000	125.95
IT-Sicily	20260706-1800	125.95
IT-Sicily	20260706-0100	125.95
IT-Sicily	20260706-0400	125.95
IT-Sicily	20260706-1400	125.95
IT-Sardinia	20260706-0200	125.95
IT-Sardinia	20260706-0300	125.95
IT-Sardinia	20260706-0600	125.95
IT-Sardinia	20260706-1200	85.5
IT-Sardinia	20260706-2100	125.95
IT-Sardinia	20260706-2200	125.95
IT-Sardinia	20260706-0000	125.95
IT-Sardinia	20260706-1600	125.95
IT-Sardinia	20260706-0900	94.5
IT-Sardinia	20260706-0800	112.5
IT-Sardinia	20260706-2300	125.95
IT-Sardinia	20260706-1700	125.95
IT-Sardinia	20260706-1100	125.95
IT-Sardinia	20260706-1900	125.95
IT-Sardinia	20260706-1500	125.95
IT-Sardinia	20260706-1300	85.5
IT-Sardinia	20260706-2000	125.95
IT-Sardinia	20260706-0700	125.95
IT-Sardinia	20260706-1000	125.95
IT-Sardinia	20260706-1800	125.95
IT-Sardinia	20260706-0100	125.95
IT-Sardinia	20260706-0400	125.95
IT-Sardinia	20260706-1400	98.92
RS	20260706-0200	104.96
RS	20260706-0300	104.96
RS	20260706-0600	104.96
RS	20260706-1200	6.02
RS	20260706-2100	152.61
RS	20260706-2200	114.37
RS	20260706-0000	104.96
RS	20260706-1600	169.3
RS	20260706-0900	5.32
RS	20260706-0800	5.52
RS	20260706-2300	114.37
RS	20260706-1700	188.29
RS	20260706-1100	5.52
RS	20260706-1900	198.87
RS	20260706-1500	104.96
RS	20260706-1300	9.5
RS	20260706-2000	188.35
RS	20260706-0700	12.52
RS	20260706-1000	5.52
RS	20260706-1800	198.87
RS	20260706-0100	104.96
RS	20260706-0400	104.96
RS	20260706-1400	80.39
DK1	20260706-0200	100.4
DK1	20260706-0300	100.4
DK1	20260706-0600	100.4
DK1	20260706-1200	57
DK1	20260706-2100	104.49
DK1	20260706-2200	100.4
DK1	20260706-0000	100.4
DK1	20260706-1600	75.34
DK1	20260706-0900	61.38
DK1	20260706-0800	73.15
DK1	20260706-2300	86.59
DK1	20260706-1700	100.4
DK1	20260706-1100	57
DK1	20260706-1900	104.96
DK1	20260706-1500	45.22
DK1	20260706-1300	57
DK1	20260706-2000	104.96
DK1	20260706-0700	84.55
DK1	20260706-1000	57
DK1	20260706-1800	104.96
DK1	20260706-0100	100.4
DK1	20260706-0400	104.96
DK1	20260706-1400	38.57
CH	20260706-0200	85.78
CH	20260706-0300	94.18
CH	20260706-0600	100.4
CH	20260706-1200	20.45
CH	20260706-2100	104.49
CH	20260706-2200	100.4
CH	20260706-0000	85.87
CH	20260706-1600	86.37
CH	20260706-0900	61.38
CH	20260706-0800	73.15
CH	20260706-2300	86.59
CH	20260706-1700	103.86
CH	20260706-1100	23.75
CH	20260706-1900	104.96
CH	20260706-1500	64.05
CH	20260706-1300	20.44
CH	20260706-2000	104.96
CH	20260706-0700	84.55
CH	20260706-1000	40.63
CH	20260706-1800	110.48
CH	20260706-0100	90.88
CH	20260706-0400	96
CH	20260706-1400	43.27
SE1	20260706-0200	1
SE1	20260706-0300	1
SE1	20260706-0600	1
SE1	20260706-1200	60.38
SE1	20260706-2100	1
SE1	20260706-2200	1
SE1	20260706-0000	1
SE1	20260706-1600	72.73
SE1	20260706-0900	1
SE1	20260706-0800	1
SE1	20260706-2300	1
SE1	20260706-1700	1
SE1	20260706-1100	1
SE1	20260706-1900	1
SE1	20260706-1500	73.28
SE1	20260706-1300	68.69
SE1	20260706-2000	1
SE1	20260706-0700	1
SE1	20260706-1000	1
SE1	20260706-1800	1
SE1	20260706-0100	1
SE1	20260706-0400	1
SE1	20260706-1400	72.72
NO4	20260706-0200	36.47
NO4	20260706-0300	36.68
NO4	20260706-0600	42.36
NO4	20260706-1200	39.64
NO4	20260706-2100	30.26
NO4	20260706-2200	25.48
NO4	20260706-0000	35.72
NO4	20260706-1600	36.18
NO4	20260706-0900	41.23
NO4	20260706-0800	41.81
NO4	20260706-2300	23.2
NO4	20260706-1700	35.51
NO4	20260706-1100	40.32
NO4	20260706-1900	33.92
NO4	20260706-1500	37.07
NO4	20260706-1300	38.87
NO4	20260706-2000	32.27
NO4	20260706-0700	42.54
NO4	20260706-1000	40.09
NO4	20260706-1800	35.43
NO4	20260706-0100	36.52
NO4	20260706-0400	38.6
NO4	20260706-1400	38.02
SE3	20260706-0200	90.36
SE3	20260706-0300	90.36
SE3	20260706-0600	90.36
SE3	20260706-1200	51.3
SE3	20260706-2100	90.36
SE3	20260706-2200	76.95
SE3	20260706-0000	90.36
SE3	20260706-1600	63.43
SE3	20260706-0900	47.5
SE3	20260706-0800	61.22
SE3	20260706-2300	71.17
SE3	20260706-1700	89.78
SE3	20260706-1100	51.3
SE3	20260706-1900	90.36
SE3	20260706-1500	42.08
SE3	20260706-1300	51.3
SE3	20260706-2000	90.36
SE3	20260706-0700	63.43
SE3	20260706-1000	51.3
SE3	20260706-1800	90.36
SE3	20260706-0100	90.36
SE3	20260706-0400	90.36
SE3	20260706-1400	34.71
FR	20260706-0200	55.58
FR	20260706-0300	63.4
FR	20260706-0600	68.08
FR	20260706-1200	20.45
FR	20260706-2100	125.95
FR	20260706-2200	102.85
FR	20260706-0000	63.13
FR	20260706-1600	67.59
FR	20260706-0900	41.75
FR	20260706-0800	43.63
FR	20260706-2300	86.59
FR	20260706-1700	103.86
FR	20260706-1100	23.75
FR	20260706-1900	125.95
FR	20260706-1500	45.22
FR	20260706-1300	20.44
FR	20260706-2000	125.95
FR	20260706-0700	52.25
FR	20260706-1000	40.63
FR	20260706-1800	125.95
FR	20260706-0100	56.07
FR	20260706-0400	64.95
FR	20260706-1400	41.6
FI	20260706-0200	9.5
FI	20260706-0300	10.71
FI	20260706-0600	9.5
FI	20260706-1200	5.52
FI	20260706-2100	13.6
FI	20260706-2200	32.22
FI	20260706-0000	9.5
FI	20260706-1600	15.83
FI	20260706-0900	5.53
FI	20260706-0800	5.52
FI	20260706-2300	30.65
FI	20260706-1700	57
FI	20260706-1100	9.5
FI	20260706-1900	14.1
FI	20260706-1500	9.5
FI	20260706-1300	5.52
FI	20260706-2000	14.33
FI	20260706-0700	9.5
FI	20260706-1000	9.5
FI	20260706-1800	19.73
FI	20260706-0100	9.5
FI	20260706-0400	11.52
FI	20260706-1400	9.5
PL	20260706-0200	65.68
PL	20260706-0300	65.68
PL	20260706-0600	65.68
PL	20260706-1200	57
PL	20260706-2100	100.4
PL	20260706-2200	80.39
PL	20260706-0000	65.68
PL	20260706-1600	100.4
PL	20260706-0900	57
PL	20260706-0800	57
PL	20260706-2300	70.48
PL	20260706-1700	100.4
PL	20260706-1100	6.02
PL	20260706-1900	104.96
PL	20260706-1500	100.4
PL	20260706-1300	65.68
PL	20260706-2000	100.4
PL	20260706-0700	65.68
PL	20260706-1000	13.18
PL	20260706-1800	104.96
PL	20260706-0100	65.68
PL	20260706-0400	100.4
PL	20260706-1400	70.48
IT-Calabria	20260706-0200	125.95
IT-Calabria	20260706-0300	125.95
IT-Calabria	20260706-0600	125.95
IT-Calabria	20260706-1200	125.95
IT-Calabria	20260706-2100	125.95
IT-Calabria	20260706-2200	125.95
IT-Calabria	20260706-0000	125.95
IT-Calabria	20260706-1600	125.95
IT-Calabria	20260706-0900	125.95
IT-Calabria	20260706-0800	125.95
IT-Calabria	20260706-2300	125.95
IT-Calabria	20260706-1700	125.95
IT-Calabria	20260706-1100	125.95
IT-Calabria	20260706-1900	125.95
IT-Calabria	20260706-1500	125.95
IT-Calabria	20260706-1300	125.95
IT-Calabria	20260706-2000	125.95
IT-Calabria	20260706-0700	125.95
IT-Calabria	20260706-1000	125.95
IT-Calabria	20260706-1800	125.95
IT-Calabria	20260706-0100	125.95
IT-Calabria	20260706-0400	125.95
IT-Calabria	20260706-1400	125.95
AT	20260706-0200	85.78
AT	20260706-0300	89.72
AT	20260706-0600	100.4
AT	20260706-1200	20.45
AT	20260706-2100	104.49
AT	20260706-2200	100.4
AT	20260706-0000	83.76
AT	20260706-1600	86.37
AT	20260706-0900	61.38
AT	20260706-0800	73.15
AT	20260706-2300	86.59
AT	20260706-1700	103.95
AT	20260706-1100	23.75
AT	20260706-1900	104.96
AT	20260706-1500	64.05
AT	20260706-1300	20.44
AT	20260706-2000	104.96
AT	20260706-0700	84.55
AT	20260706-1000	40.63
AT	20260706-1800	110.48
AT	20260706-0100	90.88
AT	20260706-0400	96
AT	20260706-1400	43.27
SE2	20260706-0200	1
SE2	20260706-0300	1
SE2	20260706-0600	1
SE2	20260706-1200	1
SE2	20260706-2100	1
SE2	20260706-2200	1
SE2	20260706-0000	1
SE2	20260706-1600	1
SE2	20260706-0900	1
SE2	20260706-0800	1
SE2	20260706-2300	1
SE2	20260706-1700	1
SE2	20260706-1100	1
SE2	20260706-1900	1
SE2	20260706-1500	1
SE2	20260706-1300	1
SE2	20260706-2000	1
SE2	20260706-0700	1
SE2	20260706-1000	1
SE2	20260706-1800	1
SE2	20260706-0100	1
SE2	20260706-0400	1
SE2	20260706-1400	1
IT-NORTH	20260706-0200	125.95
IT-NORTH	20260706-0300	125.95
IT-NORTH	20260706-0600	125.95
IT-NORTH	20260706-1200	125.95
IT-NORTH	20260706-2100	125.95
IT-NORTH	20260706-2200	125.95
IT-NORTH	20260706-0000	125.95
IT-NORTH	20260706-1600	125.95
IT-NORTH	20260706-0900	125.95
IT-NORTH	20260706-0800	125.95
IT-NORTH	20260706-2300	125.95
IT-NORTH	20260706-1700	125.95
IT-NORTH	20260706-1100	125.95
IT-NORTH	20260706-1900	125.95
IT-NORTH	20260706-1500	125.95
IT-NORTH	20260706-1300	125.95
IT-NORTH	20260706-2000	125.95
IT-NORTH	20260706-0700	125.95
IT-NORTH	20260706-1000	125.95
IT-NORTH	20260706-1800	125.95
IT-NORTH	20260706-0100	125.95
IT-NORTH	20260706-0400	125.95
IT-NORTH	20260706-1400	125.95
LT	20260706-0200	14.41
LT	20260706-0300	14.41
LT	20260706-0600	9.5
LT	20260706-1200	1
LT	20260706-2100	35.76
LT	20260706-2200	32.22
LT	20260706-0000	14.41
LT	20260706-1600	15.83
LT	20260706-0900	2.85
LT	20260706-0800	5.52
LT	20260706-2300	30.65
LT	20260706-1700	65.68
LT	20260706-1100	1
LT	20260706-1900	58.19
LT	20260706-1500	9.5
LT	20260706-1300	3.15
LT	20260706-2000	33.55
LT	20260706-0700	9.5
LT	20260706-1000	1
LT	20260706-1800	58.19
LT	20260706-0100	14.27
LT	20260706-0400	11.52
LT	20260706-1400	5.52
PT	20260706-0200	104.96
PT	20260706-0300	104.96
PT	20260706-0600	104.96
PT	20260706-1200	57
PT	20260706-2100	179.15
PT	20260706-2200	173.67
PT	20260706-0000	104.96
PT	20260706-1600	67.59
PT	20260706-0900	70.48
PT	20260706-0800	70.48
PT	20260706-2300	157.97
PT	20260706-1700	103.86
PT	20260706-1100	70.48
PT	20260706-1900	193.35
PT	20260706-1500	70.48
PT	20260706-1300	57
PT	20260706-2000	193.35
PT	20260706-0700	104.96
PT	20260706-1000	70.48
PT	20260706-1800	125.95
PT	20260706-0100	104.96
PT	20260706-0400	104.96
PT	20260706-1400	70.48
NO2	20260706-0200	100.4
NO2	20260706-0300	100.4
NO2	20260706-0600	110.48
NO2	20260706-1200	6.42
NO2	20260706-2100	110.48
NO2	20260706-2200	99.44
NO2	20260706-0000	100.4
NO2	20260706-1600	81.97
NO2	20260706-0900	61.38
NO2	20260706-0800	79.11
NO2	20260706-2300	91.97
NO2	20260706-1700	110.48
NO2	20260706-1100	7
NO2	20260706-1900	110.48
NO2	20260706-1500	54.38
NO2	20260706-1300	6.14
NO2	20260706-2000	110.48
NO2	20260706-0700	81.97
NO2	20260706-1000	57.01
NO2	20260706-1800	110.48
NO2	20260706-0100	100.4
NO2	20260706-0400	104.96
NO2	20260706-1400	6.42
LV	20260706-0200	14.41
LV	20260706-0300	14.41
LV	20260706-0600	9.5
LV	20260706-1200	1
LV	20260706-2100	35.76
LV	20260706-2200	32.22
LV	20260706-0000	14.41
LV	20260706-1600	15.83
LV	20260706-0900	2.85
LV	20260706-0800	5.52
LV	20260706-2300	30.65
LV	20260706-1700	65.68
LV	20260706-1100	1
LV	20260706-1900	58.19
LV	20260706-1500	9.5
LV	20260706-1300	3.15
LV	20260706-2000	33.55
LV	20260706-0700	9.5
LV	20260706-1000	1
LV	20260706-1800	58.19
LV	20260706-0100	14.27
LV	20260706-0400	11.52
LV	20260706-1400	5.52
NL	20260706-0200	100.4
NL	20260706-0300	100.4
NL	20260706-0600	100.4
NL	20260706-1200	5.28
NL	20260706-2100	104.96
NL	20260706-2200	104.96
NL	20260706-0000	100.4
NL	20260706-1600	75.34
NL	20260706-0900	61.38
NL	20260706-0800	73.15
NL	20260706-2300	104.96
NL	20260706-1700	100.4
NL	20260706-1100	5.28
NL	20260706-1900	104.96
NL	20260706-1500	45.22
NL	20260706-1300	5.28
NL	20260706-2000	104.96
NL	20260706-0700	84.55
NL	20260706-1000	5.52
NL	20260706-1800	104.96
NL	20260706-0100	100.4
NL	20260706-0400	104.96
NL	20260706-1400	5.52
NO5	20260706-0200	101.17
NO5	20260706-0300	101.17
NO5	20260706-0600	101.17
NO5	20260706-1200	5.44
NO5	20260706-2100	103.47
NO5	20260706-2200	95.96
NO5	20260706-0000	101.17
NO5	20260706-1600	71.02
NO5	20260706-0900	53.19
NO5	20260706-0800	68.54
NO5	20260706-2300	92.73
NO5	20260706-1700	100.85
NO5	20260706-1100	5.69
NO5	20260706-1900	103.47
NO5	20260706-1500	47.12
NO5	20260706-1300	5.32
NO5	20260706-2000	103.47
NO5	20260706-0700	71.02
NO5	20260706-1000	27.48
NO5	20260706-1800	103.47
NO5	20260706-0100	101.17
NO5	20260706-0400	101.17
NO5	20260706-1400	5.56
BE	20260706-0200	90.36
BE	20260706-0300	90.36
BE	20260706-0600	90.36
BE	20260706-1200	4.86
BE	20260706-2100	92.41
BE	20260706-2200	85.71
BE	20260706-0000	100.4
BE	20260706-1600	63.43
BE	20260706-0900	47.5
BE	20260706-0800	63.79
BE	20260706-2300	82.82
BE	20260706-1700	90.07
BE	20260706-1100	5.09
BE	20260706-1900	104.96
BE	20260706-1500	42.08
BE	20260706-1300	4.75
BE	20260706-2000	104.96
BE	20260706-0700	70.48
BE	20260706-1000	24.54
BE	20260706-1800	104.96
BE	20260706-0100	90.36
BE	20260706-0400	90.36
BE	20260706-1400	4.97
RO	20260706-0200	104.96
RO	20260706-0300	104.96
RO	20260706-0600	104.96
RO	20260706-1200	6.02
RO	20260706-2100	152.61
RO	20260706-2200	114.37
RO	20260706-0000	104.96
RO	20260706-1600	169.3
RO	20260706-0900	5.32
RO	20260706-0800	5.52
RO	20260706-2300	114.37
RO	20260706-1700	198.87
RO	20260706-1100	5.52
RO	20260706-1900	198.87
RO	20260706-1500	104.96
RO	20260706-1300	9.5
RO	20260706-2000	188.35
RO	20260706-0700	12.52
RO	20260706-1000	5.52
RO	20260706-1800	198.87
RO	20260706-0100	104.96
RO	20260706-0400	104.96
RO	20260706-1400	80.39
DK2	20260706-0200	14.41
DK2	20260706-0300	14.41
DK2	20260706-0600	65.68
DK2	20260706-1200	57
DK2	20260706-2100	35.76
DK2	20260706-2200	32.22
DK2	20260706-0000	14.41
DK2	20260706-1600	75.34
DK2	20260706-0900	61.38
DK2	20260706-0800	73.15
DK2	20260706-2300	30.65
DK2	20260706-1700	65.68
DK2	20260706-1100	57
DK2	20260706-1900	58.19
DK2	20260706-1500	45.22
DK2	20260706-1300	57
DK2	20260706-2000	33.55
DK2	20260706-0700	79.23
DK2	20260706-1000	57
DK2	20260706-1800	58.19
DK2	20260706-0100	14.27
DK2	20260706-0400	57
DK2	20260706-1400	38.57
BG	20260706-0200	104.96
BG	20260706-0300	104.96
BG	20260706-0600	10.55
BG	20260706-1200	6.02
BG	20260706-2100	152.61
BG	20260706-2200	114.37
BG	20260706-0000	104.96
BG	20260706-1600	169.3
BG	20260706-0900	5.32
BG	20260706-0800	5.52
BG	20260706-2300	114.37
BG	20260706-1700	188.29
BG	20260706-1100	5.52
BG	20260706-1900	198.87
BG	20260706-1500	104.96
BG	20260706-1300	9.5
BG	20260706-2000	188.35
BG	20260706-0700	5.52
BG	20260706-1000	5.52
BG	20260706-1800	193.35
BG	20260706-0100	104.96
BG	20260706-0400	104.96
BG	20260706-1400	80.39
IT-CSOUTH	20260706-0200	125.95
IT-CSOUTH	20260706-0300	125.95
IT-CSOUTH	20260706-0600	125.95
IT-CSOUTH	20260706-1200	125.95
IT-CSOUTH	20260706-2100	125.95
IT-CSOUTH	20260706-2200	125.95
IT-CSOUTH	20260706-0000	125.95
IT-CSOUTH	20260706-1600	125.95
IT-CSOUTH	20260706-0900	125.95
IT-CSOUTH	20260706-0800	125.95
IT-CSOUTH	20260706-2300	125.95
IT-CSOUTH	20260706-1700	125.95
IT-CSOUTH	20260706-1100	125.95
IT-CSOUTH	20260706-1900	125.95
IT-CSOUTH	20260706-1500	125.95
IT-CSOUTH	20260706-1300	125.95
IT-CSOUTH	20260706-2000	125.95
IT-CSOUTH	20260706-0700	125.95
IT-CSOUTH	20260706-1000	125.95
IT-CSOUTH	20260706-1800	125.95
IT-CSOUTH	20260706-0100	125.95
IT-CSOUTH	20260706-0400	125.95
IT-CSOUTH	20260706-1400	125.95
CZ	20260706-0200	16
CZ	20260706-0300	16
CZ	20260706-0600	10.5
CZ	20260706-1200	16.54
CZ	20260706-2100	104.49
CZ	20260706-2200	88.77
CZ	20260706-0000	12.5
CZ	20260706-1600	75.34
CZ	20260706-0900	57
CZ	20260706-0800	57
CZ	20260706-2300	75.34
CZ	20260706-1700	100.4
CZ	20260706-1100	13.31
CZ	20260706-1900	104.96
CZ	20260706-1500	70.48
CZ	20260706-1300	12.82
CZ	20260706-2000	100.4
CZ	20260706-0700	57
CZ	20260706-1000	13.18
CZ	20260706-1800	104.96
CZ	20260706-0100	16
CZ	20260706-0400	16
CZ	20260706-1400	57
NO3	20260706-0200	110.48
NO3	20260706-0300	110.48
NO3	20260706-0600	110.48
NO3	20260706-1200	6.09
NO3	20260706-2100	110.48
NO3	20260706-2200	107.33
NO3	20260706-0000	110.48
NO3	20260706-1600	79.44
NO3	20260706-0900	59.49
NO3	20260706-0800	76.66
NO3	20260706-2300	103.71
NO3	20260706-1700	110.48
NO3	20260706-1100	6.37
NO3	20260706-1900	110.48
NO3	20260706-1500	52.7
NO3	20260706-1300	5.95
NO3	20260706-2000	110.48
NO3	20260706-0700	79.44
NO3	20260706-1000	30.74
NO3	20260706-1800	110.48
NO3	20260706-0100	110.48
NO3	20260706-0400	110.48
NO3	20260706-1400	6.22
NO1	20260706-0200	90.36
NO1	20260706-0300	96.06
NO1	20260706-0600	96.06
NO1	20260706-1200	5.17
NO1	20260706-2100	98.24
NO1	20260706-2200	85.71
NO1	20260706-0000	90.36
NO1	20260706-1600	63.43
NO1	20260706-0900	47.5
NO1	20260706-0800	61.22
NO1	20260706-2300	82.82
NO1	20260706-1700	90.07
NO1	20260706-1100	5.41
NO1	20260706-1900	98.24
NO1	20260706-1500	42.08
NO1	20260706-1300	5.05
NO1	20260706-2000	98.24
NO1	20260706-0700	67.43
NO1	20260706-1000	24.54
NO1	20260706-1800	98.24
NO1	20260706-0100	90.36
NO1	20260706-0400	96.06
NO1	20260706-1400	5.28
DE_LU	20260706-0200	100.4
DE_LU	20260706-0300	100.4
DE_LU	20260706-0600	100.4
DE_LU	20260706-1200	5.52
DE_LU	20260706-2100	104.49
DE_LU	20260706-2200	100.4
DE_LU	20260706-0000	100.4
DE_LU	20260706-1600	75.34
DE_LU	20260706-0900	61.38
DE_LU	20260706-0800	73.15
DE_LU	20260706-2300	86.59
DE_LU	20260706-1700	100.4
DE_LU	20260706-1100	6.02
DE_LU	20260706-1900	104.96
DE_LU	20260706-1500	45.22
DE_LU	20260706-1300	5.28
DE_LU	20260706-2000	104.96
DE_LU	20260706-0700	84.55
DE_LU	20260706-1000	40.63
DE_LU	20260706-1800	104.96
DE_LU	20260706-0100	100.4
DE_LU	20260706-0400	104.96
DE_LU	20260706-1400	5.52
SK	20260706-0200	90.36
SK	20260706-0300	90.36
SK	20260706-0600	90.36
SK	20260706-1200	5.4
SK	20260706-2100	92.41
SK	20260706-2200	85.71
SK	20260706-0000	90.36
SK	20260706-1600	63.43
SK	20260706-0900	47.5
SK	20260706-0800	61.22
SK	20260706-2300	82.82
SK	20260706-1700	90.07
SK	20260706-1100	5.65
SK	20260706-1900	92.41
SK	20260706-1500	42.08
SK	20260706-1300	5.28
SK	20260706-2000	92.41
SK	20260706-0700	63.43
SK	20260706-1000	24.54
SK	20260706-1800	92.41
SK	20260706-0100	90.36
SK	20260706-0400	90.36
SK	20260706-1400	5.52
EE	20260706-0200	14.41
EE	20260706-0300	14.41
EE	20260706-0600	9.5
EE	20260706-1200	1
EE	20260706-2100	35.76
EE	20260706-2200	32.22
EE	20260706-0000	14.41
EE	20260706-1600	15.83
EE	20260706-0900	2.85
EE	20260706-0800	5.52
EE	20260706-2300	30.65
EE	20260706-1700	65.68
EE	20260706-1100	1
EE	20260706-1900	58.19
EE	20260706-1500	9.5
EE	20260706-1300	3.15
EE	20260706-2000	33.55
EE	20260706-0700	9.5
EE	20260706-1000	1
EE	20260706-1800	58.19
EE	20260706-0100	14.27
EE	20260706-0400	11.52
EE	20260706-1400	5.52
SE4	20260706-0200	14.41
SE4	20260706-0300	14.41
SE4	20260706-0600	65.68
SE4	20260706-1200	57
SE4	20260706-2100	35.76
SE4	20260706-2200	32.22
SE4	20260706-0000	14.41
SE4	20260706-1600	75.34
SE4	20260706-0900	61.38
SE4	20260706-0800	73.15
SE4	20260706-2300	30.65
SE4	20260706-1700	65.68
SE4	20260706-1100	31.08
SE4	20260706-1900	58.19
SE4	20260706-1500	100.4
SE4	20260706-1300	57
SE4	20260706-2000	33.55
SE4	20260706-0700	79.23
SE4	20260706-1000	57
SE4	20260706-1800	58.19
SE4	20260706-0100	14.27
SE4	20260706-0400	45.27
SE4	20260706-1400	38.57
SI	20260707-0100	5.54
SI	20260707-1500	70.71
SI	20260707-0500	70.71
SI	20260707-2100	105.18
SI	20260707-2300	9.5
SI	20260707-0700	9.5
SI	20260707-2000	105.18
SI	20260707-1700	105.18
SI	20260707-1100	5.54
SI	20260707-1600	105.18
SI	20260707-0300	9.5
SI	20260707-0400	103.87
SI	20260707-1200	6.1
SI	20260707-1900	107.13
SI	20260707-0000	5.54
SI	20260707-0200	9.5
SI	20260707-0800	5.54
SI	20260707-2200	11.21
SI	20260707-0900	5.54
SI	20260707-1400	13.25
SI	20260707-1800	107.13
SI	20260707-1000	5.54
SI	20260707-0600	12.59
SI	20260707-1300	9.5
ES	20260707-0100	134.03
ES	20260707-1500	70.71
ES	20260707-0500	175.2
ES	20260707-2100	183.42
ES	20260707-2300	153.14
ES	20260707-0700	70.71
ES	20260707-2000	193.75
ES	20260707-1700	105.18
ES	20260707-1100	57
ES	20260707-1600	57.53
ES	20260707-0300	147.08
ES	20260707-0400	153.61
ES	20260707-1200	57
ES	20260707-1900	193.75
ES	20260707-0000	145.02
ES	20260707-0200	139.95
ES	20260707-0800	66.78
ES	20260707-2200	173.83
ES	20260707-0900	63
ES	20260707-1400	39.69
ES	20260707-1800	165.97
ES	20260707-1000	57
ES	20260707-0600	105.18
ES	20260707-1300	40
GR	20260707-0100	105.18
GR	20260707-1500	115.82
GR	20260707-0500	115.82
GR	20260707-2100	146.85
GR	20260707-2300	115.82
GR	20260707-0700	10.51
GR	20260707-2000	185.79
GR	20260707-1700	192.15
GR	20260707-1100	5.54
GR	20260707-1600	173.28
GR	20260707-0300	105.18
GR	20260707-0400	115.82
GR	20260707-1200	6.1
GR	20260707-1900	199.28
GR	20260707-0000	105.18
GR	20260707-0200	105.18
GR	20260707-0800	5.54
GR	20260707-2200	126.21
GR	20260707-0900	5.54
GR	20260707-1400	97.1
GR	20260707-1800	199.28
GR	20260707-1000	5.54
GR	20260707-0600	101.44
GR	20260707-1300	12.51
IT-CNORTH	20260707-0100	126.21
IT-CNORTH	20260707-1500	126.21
IT-CNORTH	20260707-0500	126.21
IT-CNORTH	20260707-2100	126.21
IT-CNORTH	20260707-2300	126.21
IT-CNORTH	20260707-0700	126.21
IT-CNORTH	20260707-2000	128.55
IT-CNORTH	20260707-1700	128.55
IT-CNORTH	20260707-1100	126.21
IT-CNORTH	20260707-1600	126.21
IT-CNORTH	20260707-0300	126.21
IT-CNORTH	20260707-0400	126.21
IT-CNORTH	20260707-1200	126.21
IT-CNORTH	20260707-1900	131.53
IT-CNORTH	20260707-0000	126.21
IT-CNORTH	20260707-0200	126.21
IT-CNORTH	20260707-0800	126.21
IT-CNORTH	20260707-2200	126.21
IT-CNORTH	20260707-0900	126.21
IT-CNORTH	20260707-1400	126.21
IT-CNORTH	20260707-1800	126.21
IT-CNORTH	20260707-1000	126.21
IT-CNORTH	20260707-0600	126.21
IT-CNORTH	20260707-1300	126.21
HU	20260707-0100	70.71
HU	20260707-1500	70.71
HU	20260707-0500	70.71
HU	20260707-2100	105.18
HU	20260707-2300	70.71
HU	20260707-0700	9.5
HU	20260707-2000	105.18
HU	20260707-1700	105.18
HU	20260707-1100	5.54
HU	20260707-1600	105.18
HU	20260707-0300	70.71
HU	20260707-0400	103.87
HU	20260707-1200	6.1
HU	20260707-1900	107.13
HU	20260707-0000	70.71
HU	20260707-0200	70.71
HU	20260707-0800	5.54
HU	20260707-2200	96.93
HU	20260707-0900	5.54
HU	20260707-1400	13.25
HU	20260707-1800	107.13
HU	20260707-1000	5.54
HU	20260707-0600	12.59
HU	20260707-1300	9.5
IT-SOUTH	20260707-0100	126.21
IT-SOUTH	20260707-1500	126.21
IT-SOUTH	20260707-0500	126.21
IT-SOUTH	20260707-2100	126.21
IT-SOUTH	20260707-2300	126.21
IT-SOUTH	20260707-0700	126.21
IT-SOUTH	20260707-2000	126.21
IT-SOUTH	20260707-1700	126.21
IT-SOUTH	20260707-1100	126.21
IT-SOUTH	20260707-1600	126.21
IT-SOUTH	20260707-0300	126.21
IT-SOUTH	20260707-0400	126.21
IT-SOUTH	20260707-1200	126.21
IT-SOUTH	20260707-1900	126.21
IT-SOUTH	20260707-0000	126.21
IT-SOUTH	20260707-0200	126.21
IT-SOUTH	20260707-0800	126.21
IT-SOUTH	20260707-2200	126.21
IT-SOUTH	20260707-0900	126.21
IT-SOUTH	20260707-1400	126.21
IT-SOUTH	20260707-1800	126.21
IT-SOUTH	20260707-1000	126.21
IT-SOUTH	20260707-0600	126.21
IT-SOUTH	20260707-1300	126.21
IT-Sicily	20260707-0100	126.21
IT-Sicily	20260707-1500	126.21
IT-Sicily	20260707-0500	126.21
IT-Sicily	20260707-2100	126.21
IT-Sicily	20260707-2300	126.21
IT-Sicily	20260707-0700	126.21
IT-Sicily	20260707-2000	126.21
IT-Sicily	20260707-1700	126.21
IT-Sicily	20260707-1100	126.21
IT-Sicily	20260707-1600	126.21
IT-Sicily	20260707-0300	126.21
IT-Sicily	20260707-0400	126.21
IT-Sicily	20260707-1200	126.21
IT-Sicily	20260707-1900	126.21
IT-Sicily	20260707-0000	126.21
IT-Sicily	20260707-0200	126.21
IT-Sicily	20260707-0800	126.21
IT-Sicily	20260707-2200	126.21
IT-Sicily	20260707-0900	126.21
IT-Sicily	20260707-1400	126.21
IT-Sicily	20260707-1800	126.21
IT-Sicily	20260707-1000	126.21
IT-Sicily	20260707-0600	126.21
IT-Sicily	20260707-1300	126.21
IT-Sardinia	20260707-0100	126.21
IT-Sardinia	20260707-1500	126.21
IT-Sardinia	20260707-0500	126.21
IT-Sardinia	20260707-2100	126.21
IT-Sardinia	20260707-2300	126.21
IT-Sardinia	20260707-0700	126.21
IT-Sardinia	20260707-2000	126.21
IT-Sardinia	20260707-1700	126.21
IT-Sardinia	20260707-1100	126.21
IT-Sardinia	20260707-1600	126.21
IT-Sardinia	20260707-0300	126.21
IT-Sardinia	20260707-0400	126.21
IT-Sardinia	20260707-1200	121.73
IT-Sardinia	20260707-1900	126.21
IT-Sardinia	20260707-0000	126.21
IT-Sardinia	20260707-0200	126.21
IT-Sardinia	20260707-0800	126.21
IT-Sardinia	20260707-2200	126.21
IT-Sardinia	20260707-0900	126.21
IT-Sardinia	20260707-1400	126.21
IT-Sardinia	20260707-1800	126.21
IT-Sardinia	20260707-1000	126.21
IT-Sardinia	20260707-0600	126.21
IT-Sardinia	20260707-1300	121.73
RS	20260707-0100	105.18
RS	20260707-1500	115.82
RS	20260707-0500	115.82
RS	20260707-2100	146.85
RS	20260707-2300	115.82
RS	20260707-0700	16.07
RS	20260707-2000	185.79
RS	20260707-1700	192.15
RS	20260707-1100	5.54
RS	20260707-1600	173.28
RS	20260707-0300	105.18
RS	20260707-0400	115.82
RS	20260707-1200	6.1
RS	20260707-1900	199.28
RS	20260707-0000	105.18
RS	20260707-0200	105.18
RS	20260707-0800	5.84
RS	20260707-2200	126.21
RS	20260707-0900	5.54
RS	20260707-1400	97.1
RS	20260707-1800	199.28
RS	20260707-1000	5.54
RS	20260707-0600	105.18
RS	20260707-1300	12.51
DK1	20260707-0100	75.84
DK1	20260707-1500	1
DK1	20260707-0500	88.85
DK1	20260707-2100	86.05
DK1	20260707-2300	76.69
DK1	20260707-0700	58.64
DK1	20260707-2000	95.26
DK1	20260707-1700	55.6
DK1	20260707-1100	5.54
DK1	20260707-1600	5.54
DK1	20260707-0300	81.91
DK1	20260707-0400	93.56
DK1	20260707-1200	5.54
DK1	20260707-1900	84.79
DK1	20260707-0000	81.91
DK1	20260707-0200	75.58
DK1	20260707-0800	5.84
DK1	20260707-2200	87.17
DK1	20260707-0900	1
DK1	20260707-1400	1
DK1	20260707-1800	75
DK1	20260707-1000	1
DK1	20260707-0600	81.91
DK1	20260707-1300	1
CH	20260707-0100	75.84
CH	20260707-1500	49.48
CH	20260707-0500	88.85
CH	20260707-2100	94.78
CH	20260707-2300	76.69
CH	20260707-0700	68.7
CH	20260707-2000	97.57
CH	20260707-1700	86.46
CH	20260707-1100	40.18
CH	20260707-1600	60.85
CH	20260707-0300	81.91
CH	20260707-0400	93.56
CH	20260707-1200	40.62
CH	20260707-1900	94.96
CH	20260707-0000	81.91
CH	20260707-0200	75.58
CH	20260707-0800	42.75
CH	20260707-2200	87.56
CH	20260707-0900	41.8
CH	20260707-1400	48.09
CH	20260707-1800	94.84
CH	20260707-1000	40.59
CH	20260707-0600	84.8
CH	20260707-1300	39.69
SE1	20260707-0100	1
SE1	20260707-1500	1
SE1	20260707-0500	66.13
SE1	20260707-2100	61.72
SE1	20260707-2300	60.93
SE1	20260707-0700	62.92
SE1	20260707-2000	68.22
SE1	20260707-1700	73.44
SE1	20260707-1100	64.53
SE1	20260707-1600	1
SE1	20260707-0300	1
SE1	20260707-0400	56.74
SE1	20260707-1200	68.94
SE1	20260707-1900	70.09
SE1	20260707-0000	1
SE1	20260707-0200	1
SE1	20260707-0800	63.17
SE1	20260707-2200	59.34
SE1	20260707-0900	62.14
SE1	20260707-1400	67.71
SE1	20260707-1800	72.77
SE1	20260707-1000	63.53
SE1	20260707-0600	69.54
SE1	20260707-1300	67.85
NO4	20260707-0100	24.66
NO4	20260707-1500	40.03
NO4	20260707-0500	29.97
NO4	20260707-2100	40.63
NO4	20260707-2300	35.28
NO4	20260707-0700	37.04
NO4	20260707-2000	41.76
NO4	20260707-1700	41.53
NO4	20260707-1100	39.67
NO4	20260707-1600	40.61
NO4	20260707-0300	23.25
NO4	20260707-0400	25.17
NO4	20260707-1200	39.33
NO4	20260707-1900	42.62
NO4	20260707-0000	26.44
NO4	20260707-0200	23.45
NO4	20260707-0800	39.37
NO4	20260707-2200	36.06
NO4	20260707-0900	39.71
NO4	20260707-1400	39.84
NO4	20260707-1800	42.61
NO4	20260707-1000	38.65
NO4	20260707-0600	34.19
NO4	20260707-1300	39.46
SE3	20260707-0100	67.28
SE3	20260707-1500	2
SE3	20260707-0500	74.45
SE3	20260707-2100	69.1
SE3	20260707-2300	63.64
SE3	20260707-0700	58.64
SE3	20260707-2000	73.72
SE3	20260707-1700	43.03
SE3	20260707-1100	5.54
SE3	20260707-1600	5.54
SE3	20260707-0300	67.24
SE3	20260707-0400	72.4
SE3	20260707-1200	5.54
SE3	20260707-1900	65.62
SE3	20260707-0000	71.98
SE3	20260707-0200	66.69
SE3	20260707-0800	5.84
SE3	20260707-2200	67.46
SE3	20260707-0900	5
SE3	20260707-1400	2
SE3	20260707-1800	62.08
SE3	20260707-1000	5
SE3	20260707-0600	68.5
SE3	20260707-1300	5
FR	20260707-0100	67.77
FR	20260707-1500	49.48
FR	20260707-0500	78.66
FR	20260707-2100	126.21
FR	20260707-2300	76.69
FR	20260707-0700	51.93
FR	20260707-2000	128.55
FR	20260707-1700	105.18
FR	20260707-1100	40.18
FR	20260707-1600	57.53
FR	20260707-0300	70.7
FR	20260707-0400	74.08
FR	20260707-1200	40.62
FR	20260707-1900	131.53
FR	20260707-0000	81.91
FR	20260707-0200	68.78
FR	20260707-0800	42.75
FR	20260707-2200	87.97
FR	20260707-0900	41.8
FR	20260707-1400	39.69
FR	20260707-1800	126.21
FR	20260707-1000	40.59
FR	20260707-0600	74.44
FR	20260707-1300	39.69
FI	20260707-0100	35.4
FI	20260707-1500	101.44
FI	20260707-0500	88.85
FI	20260707-2100	31.11
FI	20260707-2300	37.06
FI	20260707-0700	75.34
FI	20260707-2000	57
FI	20260707-1700	101.44
FI	20260707-1100	70.71
FI	20260707-1600	101.44
FI	20260707-0300	58.25
FI	20260707-0400	70.71
FI	20260707-1200	83.42
FI	20260707-1900	70.71
FI	20260707-0000	33.53
FI	20260707-0200	38.18
FI	20260707-0800	57
FI	20260707-2200	45.12
FI	20260707-0900	57
FI	20260707-1400	101.44
FI	20260707-1800	85.5
FI	20260707-1000	70.71
FI	20260707-0600	82.23
FI	20260707-1300	86.48
PL	20260707-0100	101.44
PL	20260707-1500	101.44
PL	20260707-0500	101.44
PL	20260707-2100	101.44
PL	20260707-2300	66.78
PL	20260707-0700	101.44
PL	20260707-2000	101.44
PL	20260707-1700	101.44
PL	20260707-1100	101.44
PL	20260707-1600	101.44
PL	20260707-0300	101.44
PL	20260707-0400	101.44
PL	20260707-1200	101.44
PL	20260707-1900	101.44
PL	20260707-0000	101.44
PL	20260707-0200	101.44
PL	20260707-0800	101.44
PL	20260707-2200	81.91
PL	20260707-0900	101.44
PL	20260707-1400	101.44
PL	20260707-1800	101.44
PL	20260707-1000	101.44
PL	20260707-0600	101.44
PL	20260707-1300	101.44
IT-Calabria	20260707-0100	126.21
IT-Calabria	20260707-1500	126.21
IT-Calabria	20260707-0500	126.21
IT-Calabria	20260707-2100	126.21
IT-Calabria	20260707-2300	126.21
IT-Calabria	20260707-0700	126.21
IT-Calabria	20260707-2000	126.21
IT-Calabria	20260707-1700	126.21
IT-Calabria	20260707-1100	126.21
IT-Calabria	20260707-1600	126.21
IT-Calabria	20260707-0300	126.21
IT-Calabria	20260707-0400	126.21
IT-Calabria	20260707-1200	126.21
IT-Calabria	20260707-1900	126.21
IT-Calabria	20260707-0000	126.21
IT-Calabria	20260707-0200	126.21
IT-Calabria	20260707-0800	126.21
IT-Calabria	20260707-2200	126.21
IT-Calabria	20260707-0900	126.21
IT-Calabria	20260707-1400	126.21
IT-Calabria	20260707-1800	126.21
IT-Calabria	20260707-1000	126.21
IT-Calabria	20260707-0600	126.21
IT-Calabria	20260707-1300	126.21
AT	20260707-0100	75.84
AT	20260707-1500	49.48
AT	20260707-0500	88.85
AT	20260707-2100	94.78
AT	20260707-2300	76.69
AT	20260707-0700	68.7
AT	20260707-2000	97.57
AT	20260707-1700	86.46
AT	20260707-1100	40.18
AT	20260707-1600	69.85
AT	20260707-0300	81.91
AT	20260707-0400	93.56
AT	20260707-1200	40.62
AT	20260707-1900	94.96
AT	20260707-0000	81.91
AT	20260707-0200	75.58
AT	20260707-0800	42.75
AT	20260707-2200	87.56
AT	20260707-0900	41.8
AT	20260707-1400	48.09
AT	20260707-1800	94.84
AT	20260707-1000	40.59
AT	20260707-0600	84.8
AT	20260707-1300	39.69
SE2	20260707-0100	1
SE2	20260707-1500	1
SE2	20260707-0500	1
SE2	20260707-2100	1
SE2	20260707-2300	1
SE2	20260707-0700	1
SE2	20260707-2000	1
SE2	20260707-1700	1
SE2	20260707-1100	1
SE2	20260707-1600	1
SE2	20260707-0300	1
SE2	20260707-0400	1
SE2	20260707-1200	1
SE2	20260707-1900	1
SE2	20260707-0000	1
SE2	20260707-0200	1
SE2	20260707-0800	1
SE2	20260707-2200	1
SE2	20260707-0900	1
SE2	20260707-1400	1
SE2	20260707-1800	1
SE2	20260707-1000	1
SE2	20260707-0600	1
SE2	20260707-1300	1
IT-NORTH	20260707-0100	126.21
IT-NORTH	20260707-1500	126.21
IT-NORTH	20260707-0500	126.21
IT-NORTH	20260707-2100	126.21
IT-NORTH	20260707-2300	126.21
IT-NORTH	20260707-0700	126.21
IT-NORTH	20260707-2000	128.55
IT-NORTH	20260707-1700	128.55
IT-NORTH	20260707-1100	126.21
IT-NORTH	20260707-1600	126.21
IT-NORTH	20260707-0300	126.21
IT-NORTH	20260707-0400	126.21
IT-NORTH	20260707-1200	126.21
IT-NORTH	20260707-1900	131.53
IT-NORTH	20260707-0000	126.21
IT-NORTH	20260707-0200	126.21
IT-NORTH	20260707-0800	126.21
IT-NORTH	20260707-2200	126.21
IT-NORTH	20260707-0900	126.21
IT-NORTH	20260707-1400	126.21
IT-NORTH	20260707-1800	126.21
IT-NORTH	20260707-1000	126.21
IT-NORTH	20260707-0600	126.21
IT-NORTH	20260707-1300	126.21
LT	20260707-0100	35.4
LT	20260707-1500	101.44
LT	20260707-0500	88.85
LT	20260707-2100	31.11
LT	20260707-2300	37.06
LT	20260707-0700	101.44
LT	20260707-2000	57
LT	20260707-1700	101.44
LT	20260707-1100	70.71
LT	20260707-1600	101.44
LT	20260707-0300	58.25
LT	20260707-0400	70.71
LT	20260707-1200	83.42
LT	20260707-1900	70.71
LT	20260707-0000	33.53
LT	20260707-0200	38.18
LT	20260707-0800	101.44
LT	20260707-2200	45.12
LT	20260707-0900	101.44
LT	20260707-1400	101.44
LT	20260707-1800	85.5
LT	20260707-1000	70.71
LT	20260707-0600	101.44
LT	20260707-1300	86.48
PT	20260707-0100	134.03
PT	20260707-1500	70.71
PT	20260707-0500	175.2
PT	20260707-2100	183.42
PT	20260707-2300	153.14
PT	20260707-0700	105.18
PT	20260707-2000	193.75
PT	20260707-1700	105.18
PT	20260707-1100	57
PT	20260707-1600	57.53
PT	20260707-0300	147.08
PT	20260707-0400	153.61
PT	20260707-1200	57
PT	20260707-1900	193.75
PT	20260707-0000	145.02
PT	20260707-0200	139.95
PT	20260707-0800	70.71
PT	20260707-2200	173.83
PT	20260707-0900	63
PT	20260707-1400	39.69
PT	20260707-1800	165.97
PT	20260707-1000	70.71
PT	20260707-0600	105.18
PT	20260707-1300	40
NO2	20260707-0100	75.84
NO2	20260707-1500	2
NO2	20260707-0500	86.59
NO2	20260707-2100	89.3
NO2	20260707-2300	76.69
NO2	20260707-0700	68.2
NO2	20260707-2000	95.26
NO2	20260707-1700	55.6
NO2	20260707-1100	2
NO2	20260707-1600	6.44
NO2	20260707-0300	86.89
NO2	20260707-0400	93.56
NO2	20260707-1200	2
NO2	20260707-1900	84.79
NO2	20260707-0000	93.02
NO2	20260707-0200	75.58
NO2	20260707-0800	6.79
NO2	20260707-2200	87.17
NO2	20260707-0900	2
NO2	20260707-1400	2
NO2	20260707-1800	80.22
NO2	20260707-1000	2
NO2	20260707-0600	79.67
NO2	20260707-1300	2
LV	20260707-0100	35.4
LV	20260707-1500	101.44
LV	20260707-0500	88.85
LV	20260707-2100	31.11
LV	20260707-2300	37.06
LV	20260707-0700	75.34
LV	20260707-2000	57
LV	20260707-1700	101.44
LV	20260707-1100	70.71
LV	20260707-1600	101.44
LV	20260707-0300	58.25
LV	20260707-0400	70.71
LV	20260707-1200	83.42
LV	20260707-1900	70.71
LV	20260707-0000	33.53
LV	20260707-0200	38.18
LV	20260707-0800	57
LV	20260707-2200	45.12
LV	20260707-0900	57
LV	20260707-1400	101.44
LV	20260707-1800	85.5
LV	20260707-1000	70.71
LV	20260707-0600	82.23
LV	20260707-1300	86.48
NL	20260707-0100	101.44
NL	20260707-1500	70.71
NL	20260707-0500	105.18
NL	20260707-2100	105.18
NL	20260707-2300	105.18
NL	20260707-0700	101.44
NL	20260707-2000	105.18
NL	20260707-1700	101.44
NL	20260707-1100	5.54
NL	20260707-1600	101.44
NL	20260707-0300	101.44
NL	20260707-0400	101.44
NL	20260707-1200	5.54
NL	20260707-1900	105.18
NL	20260707-0000	101.44
NL	20260707-0200	101.44
NL	20260707-0800	70.71
NL	20260707-2200	105.18
NL	20260707-0900	30
NL	20260707-1400	9.5
NL	20260707-1800	105.18
NL	20260707-1000	5.54
NL	20260707-0600	105.18
NL	20260707-1300	5.54
NO5	20260707-0100	88.77
NO5	20260707-1500	36.13
NO5	20260707-0500	90.51
NO5	20260707-2100	91.68
NO5	20260707-2300	88.62
NO5	20260707-0700	80.66
NO5	20260707-2000	94.26
NO5	20260707-1700	75.2
NO5	20260707-1100	3.3
NO5	20260707-1600	53.9
NO5	20260707-0300	88.75
NO5	20260707-0400	91.64
NO5	20260707-1200	3.3
NO5	20260707-1900	89.73
NO5	20260707-0000	91.41
NO5	20260707-0200	88.44
NO5	20260707-0800	38.57
NO5	20260707-2200	90.76
NO5	20260707-0900	15.62
NO5	20260707-1400	5.29
NO5	20260707-1800	87.75
NO5	20260707-1000	3.3
NO5	20260707-0600	87.51
NO5	20260707-1300	3.3
BE	20260707-0100	79.29
BE	20260707-1500	35.85
BE	20260707-0500	89.82
BE	20260707-2100	105.18
BE	20260707-2300	105.18
BE	20260707-0700	72.04
BE	20260707-2000	180.82
BE	20260707-1700	105.18
BE	20260707-1100	2.94
BE	20260707-1600	70.71
BE	20260707-0300	79.27
BE	20260707-0400	81.85
BE	20260707-1200	2.94
BE	20260707-1900	192.79
BE	20260707-0000	81.64
BE	20260707-0200	78.99
BE	20260707-0800	34.45
BE	20260707-2200	105.18
BE	20260707-0900	13.95
BE	20260707-1400	5.25
BE	20260707-1800	107.13
BE	20260707-1000	2.94
BE	20260707-0600	85.5
BE	20260707-1300	2.94
RO	20260707-0100	105.18
RO	20260707-1500	115.82
RO	20260707-0500	115.82
RO	20260707-2100	146.85
RO	20260707-2300	115.82
RO	20260707-0700	16.07
RO	20260707-2000	185.79
RO	20260707-1700	199.28
RO	20260707-1100	5.54
RO	20260707-1600	173.28
RO	20260707-0300	105.18
RO	20260707-0400	115.82
RO	20260707-1200	6.1
RO	20260707-1900	199.28
RO	20260707-0000	105.18
RO	20260707-0200	105.18
RO	20260707-0800	5.84
RO	20260707-2200	126.21
RO	20260707-0900	5.54
RO	20260707-1400	97.1
RO	20260707-1800	199.28
RO	20260707-1000	5.54
RO	20260707-0600	105.18
RO	20260707-1300	12.51
DK2	20260707-0100	35.4
DK2	20260707-1500	3
DK2	20260707-0500	88.85
DK2	20260707-2100	31.11
DK2	20260707-2300	57
DK2	20260707-0700	58.64
DK2	20260707-2000	38.27
DK2	20260707-1700	54.12
DK2	20260707-1100	57
DK2	20260707-1600	5.54
DK2	20260707-0300	58.25
DK2	20260707-0400	70.71
DK2	20260707-1200	48.78
DK2	20260707-1900	42.65
DK2	20260707-0000	33.53
DK2	20260707-0200	38.18
DK2	20260707-0800	5.84
DK2	20260707-2200	57
DK2	20260707-0900	30
DK2	20260707-1400	23.75
DK2	20260707-1800	48.17
DK2	20260707-1000	57
DK2	20260707-0600	101.44
DK2	20260707-1300	30
BG	20260707-0100	105.18
BG	20260707-1500	115.82
BG	20260707-0500	115.82
BG	20260707-2100	146.85
BG	20260707-2300	115.82
BG	20260707-0700	10.51
BG	20260707-2000	185.79
BG	20260707-1700	192.15
BG	20260707-1100	5.54
BG	20260707-1600	173.28
BG	20260707-0300	105.18
BG	20260707-0400	115.82
BG	20260707-1200	6.1
BG	20260707-1900	199.28
BG	20260707-0000	105.18
BG	20260707-0200	105.18
BG	20260707-0800	5.54
BG	20260707-2200	126.21
BG	20260707-0900	5.54
BG	20260707-1400	97.1
BG	20260707-1800	199.28
BG	20260707-1000	5.54
BG	20260707-0600	101.44
BG	20260707-1300	12.51
IT-CSOUTH	20260707-0100	126.21
IT-CSOUTH	20260707-1500	126.21
IT-CSOUTH	20260707-0500	126.21
IT-CSOUTH	20260707-2100	126.21
IT-CSOUTH	20260707-2300	126.21
IT-CSOUTH	20260707-0700	126.21
IT-CSOUTH	20260707-2000	126.21
IT-CSOUTH	20260707-1700	126.21
IT-CSOUTH	20260707-1100	126.21
IT-CSOUTH	20260707-1600	126.21
IT-CSOUTH	20260707-0300	126.21
IT-CSOUTH	20260707-0400	126.21
IT-CSOUTH	20260707-1200	126.21
IT-CSOUTH	20260707-1900	126.21
IT-CSOUTH	20260707-0000	126.21
IT-CSOUTH	20260707-0200	126.21
IT-CSOUTH	20260707-0800	126.21
IT-CSOUTH	20260707-2200	126.21
IT-CSOUTH	20260707-0900	126.21
IT-CSOUTH	20260707-1400	126.21
IT-CSOUTH	20260707-1800	126.21
IT-CSOUTH	20260707-1000	126.21
IT-CSOUTH	20260707-0600	126.21
IT-CSOUTH	20260707-1300	126.21
CZ	20260707-0100	16
CZ	20260707-1500	81.91
CZ	20260707-0500	101.44
CZ	20260707-2100	81.91
CZ	20260707-2300	75.34
CZ	20260707-0700	81.91
CZ	20260707-2000	101.44
CZ	20260707-1700	105.18
CZ	20260707-1100	101.44
CZ	20260707-1600	100.63
CZ	20260707-0300	81.91
CZ	20260707-0400	93.56
CZ	20260707-1200	81.91
CZ	20260707-1900	101.44
CZ	20260707-0000	57
CZ	20260707-0200	75.58
CZ	20260707-0800	101.44
CZ	20260707-2200	81.91
CZ	20260707-0900	100.35
CZ	20260707-1400	81.91
CZ	20260707-1800	101.44
CZ	20260707-1000	105.18
CZ	20260707-0600	81.91
CZ	20260707-1300	81.91
NO3	20260707-0100	99.29
NO3	20260707-1500	40.41
NO3	20260707-0500	101.23
NO3	20260707-2100	102.54
NO3	20260707-2300	87.94
NO3	20260707-0700	90.21
NO3	20260707-2000	105.43
NO3	20260707-1700	84.11
NO3	20260707-1100	3.69
NO3	20260707-1600	60.29
NO3	20260707-0300	99.27
NO3	20260707-0400	102.5
NO3	20260707-1200	3.69
NO3	20260707-1900	100.36
NO3	20260707-0000	102.24
NO3	20260707-0200	98.92
NO3	20260707-0800	43.14
NO3	20260707-2200	101.51
NO3	20260707-0900	17.47
NO3	20260707-1400	5.92
NO3	20260707-1800	98.15
NO3	20260707-1000	3.69
NO3	20260707-0600	97.88
NO3	20260707-1300	3.69
NO1	20260707-0100	79.29
NO1	20260707-1500	32.27
NO1	20260707-0500	85.93
NO1	20260707-2100	81.88
NO1	20260707-2300	79.15
NO1	20260707-0700	76.58
NO1	20260707-2000	84.19
NO1	20260707-1700	67.16
NO1	20260707-1100	3.13
NO1	20260707-1600	48.14
NO1	20260707-0300	79.27
NO1	20260707-0400	87.01
NO1	20260707-1200	3.13
NO1	20260707-1900	80.14
NO1	20260707-0000	81.64
NO1	20260707-0200	78.99
NO1	20260707-0800	34.45
NO1	20260707-2200	81.06
NO1	20260707-0900	13.95
NO1	20260707-1400	4.73
NO1	20260707-1800	78.37
NO1	20260707-1000	3.13
NO1	20260707-0600	83.09
NO1	20260707-1300	3.13
DE_LU	20260707-0100	75.84
DE_LU	20260707-1500	1
DE_LU	20260707-0500	88.85
DE_LU	20260707-2100	86.05
DE_LU	20260707-2300	76.69
DE_LU	20260707-0700	58.64
DE_LU	20260707-2000	95.26
DE_LU	20260707-1700	55.6
DE_LU	20260707-1100	1
DE_LU	20260707-1600	5.54
DE_LU	20260707-0300	81.91
DE_LU	20260707-0400	93.56
DE_LU	20260707-1200	1
DE_LU	20260707-1900	84.79
DE_LU	20260707-0000	81.91
DE_LU	20260707-0200	75.58
DE_LU	20260707-0800	5.84
DE_LU	20260707-2200	87.17
DE_LU	20260707-0900	1
DE_LU	20260707-1400	1
DE_LU	20260707-1800	75
DE_LU	20260707-1000	1
DE_LU	20260707-0600	81.91
DE_LU	20260707-1300	1
SK	20260707-0100	79.29
SK	20260707-1500	32.27
SK	20260707-0500	80.83
SK	20260707-2100	81.88
SK	20260707-2300	79.15
SK	20260707-0700	72.04
SK	20260707-2000	84.19
SK	20260707-1700	67.16
SK	20260707-1100	3.27
SK	20260707-1600	48.14
SK	20260707-0300	79.27
SK	20260707-0400	81.85
SK	20260707-1200	3.27
SK	20260707-1900	80.14
SK	20260707-0000	81.64
SK	20260707-0200	78.99
SK	20260707-0800	34.45
SK	20260707-2200	81.06
SK	20260707-0900	13.95
SK	20260707-1400	5.25
SK	20260707-1800	78.37
SK	20260707-1000	3.27
SK	20260707-0600	78.16
SK	20260707-1300	3.27
EE	20260707-0100	35.4
EE	20260707-1500	101.44
EE	20260707-0500	88.85
EE	20260707-2100	31.11
EE	20260707-2300	37.06
EE	20260707-0700	75.34
EE	20260707-2000	57
EE	20260707-1700	101.44
EE	20260707-1100	70.71
EE	20260707-1600	101.44
EE	20260707-0300	58.25
EE	20260707-0400	70.71
EE	20260707-1200	83.42
EE	20260707-1900	70.71
EE	20260707-0000	33.53
EE	20260707-0200	38.18
EE	20260707-0800	57
EE	20260707-2200	45.12
EE	20260707-0900	57
EE	20260707-1400	101.44
EE	20260707-1800	85.5
EE	20260707-1000	70.71
EE	20260707-0600	82.23
EE	20260707-1300	86.48
SE4	20260707-0100	35.4
SE4	20260707-1500	70.71
SE4	20260707-0500	88.85
SE4	20260707-2100	31.11
SE4	20260707-2300	37.06
SE4	20260707-0700	101.44
SE4	20260707-2000	38.27
SE4	20260707-1700	54.12
SE4	20260707-1100	101.44
SE4	20260707-1600	54.86
SE4	20260707-0300	58.25
SE4	20260707-0400	70.71
SE4	20260707-1200	83.42
SE4	20260707-1900	42.65
SE4	20260707-0000	33.53
SE4	20260707-0200	38.18
SE4	20260707-0800	101.44
SE4	20260707-2200	45.12
SE4	20260707-0900	101.44
SE4	20260707-1400	101.44
SE4	20260707-1800	48.17
SE4	20260707-1000	101.44
SE4	20260707-0600	101.44
SE4	20260707-1300	86.48
SI	20260708-0700	111.93
SI	20260708-1400	5.73
SI	20260708-1600	106.59
SI	20260708-1800	108.86
SI	20260708-2000	108.86
SI	20260708-0200	10.57
SI	20260708-1300	5
SI	20260708-0100	9.5
SI	20260708-1900	108.86
SI	20260708-0900	10.52
SI	20260708-2300	12.68
SI	20260708-0400	130.63
SI	20260708-1200	5.73
SI	20260708-2100	74.59
SI	20260708-1100	5
SI	20260708-0000	9.5
SI	20260708-0800	108.86
SI	20260708-1500	10.56
SI	20260708-1700	108.86
SI	20260708-1000	5.73
SI	20260708-0500	74.59
SI	20260708-0600	114.59
SI	20260708-2200	11.2
SI	20260708-0300	114.59
ES	20260708-0700	66.24
ES	20260708-1400	41.34
ES	20260708-1600	70.04
ES	20260708-1800	130.63
ES	20260708-2000	199.23
ES	20260708-0200	108.86
ES	20260708-1300	41.34
ES	20260708-0100	108.86
ES	20260708-1900	200.53
ES	20260708-0900	41.49
ES	20260708-2300	162.41
ES	20260708-0400	141.98
ES	20260708-1200	41.04
ES	20260708-2100	189.26
ES	20260708-1100	41.18
ES	20260708-0000	149.1
ES	20260708-0800	49.21
ES	20260708-1500	41.49
ES	20260708-1700	105.63
ES	20260708-1000	41.47
ES	20260708-0500	150.74
ES	20260708-0600	108.86
ES	20260708-2200	185.28
ES	20260708-0300	124.51
GR	20260708-0700	10.51
GR	20260708-1400	108.86
GR	20260708-1600	146.45
GR	20260708-1800	200.53
GR	20260708-2000	175.88
GR	20260708-0200	113.98
GR	20260708-1300	74.59
GR	20260708-0100	108.86
GR	20260708-1900	193.57
GR	20260708-0900	9.5
GR	20260708-2300	108.86
GR	20260708-0400	113.98
GR	20260708-1200	9.5
GR	20260708-2100	113.98
GR	20260708-1100	6
GR	20260708-0000	113.98
GR	20260708-0800	5.73
GR	20260708-1500	113.98
GR	20260708-1700	200.53
GR	20260708-1000	6.48
GR	20260708-0500	113.98
GR	20260708-0600	108.86
GR	20260708-2200	113.98
GR	20260708-0300	113.98
IT-CNORTH	20260708-0700	130.63
IT-CNORTH	20260708-1400	130.63
IT-CNORTH	20260708-1600	130.63
IT-CNORTH	20260708-1800	130.63
IT-CNORTH	20260708-2000	130.63
IT-CNORTH	20260708-0200	130.63
IT-CNORTH	20260708-1300	130.63
IT-CNORTH	20260708-0100	130.63
IT-CNORTH	20260708-1900	130.63
IT-CNORTH	20260708-0900	130.63
IT-CNORTH	20260708-2300	130.63
IT-CNORTH	20260708-0400	130.63
IT-CNORTH	20260708-1200	130.63
IT-CNORTH	20260708-2100	130.63
IT-CNORTH	20260708-1100	130.63
IT-CNORTH	20260708-0000	130.63
IT-CNORTH	20260708-0800	130.63
IT-CNORTH	20260708-1500	130.63
IT-CNORTH	20260708-1700	130.63
IT-CNORTH	20260708-1000	130.63
IT-CNORTH	20260708-0500	130.63
IT-CNORTH	20260708-0600	130.63
IT-CNORTH	20260708-2200	130.63
IT-CNORTH	20260708-0300	130.63
HU	20260708-0700	74.59
HU	20260708-1400	5.73
HU	20260708-1600	106.59
HU	20260708-1800	108.86
HU	20260708-2000	108.86
HU	20260708-0200	88.2
HU	20260708-1300	5.73
HU	20260708-0100	75.34
HU	20260708-1900	108.86
HU	20260708-0900	9.5
HU	20260708-2300	12.68
HU	20260708-0400	108.86
HU	20260708-1200	5.73
HU	20260708-2100	106.59
HU	20260708-1100	5.73
HU	20260708-0000	74.59
HU	20260708-0800	74.59
HU	20260708-1500	10.56
HU	20260708-1700	108.86
HU	20260708-1000	6.48
HU	20260708-0500	108.86
HU	20260708-0600	108.86
HU	20260708-2200	74.59
HU	20260708-0300	106.59
IT-SOUTH	20260708-0700	130.63
IT-SOUTH	20260708-1400	130.63
IT-SOUTH	20260708-1600	130.63
IT-SOUTH	20260708-1800	130.63
IT-SOUTH	20260708-2000	130.63
IT-SOUTH	20260708-0200	130.63
IT-SOUTH	20260708-1300	130.63
IT-SOUTH	20260708-0100	130.63
IT-SOUTH	20260708-1900	130.63
IT-SOUTH	20260708-0900	130.63
IT-SOUTH	20260708-2300	130.63
IT-SOUTH	20260708-0400	130.63
IT-SOUTH	20260708-1200	130.63
IT-SOUTH	20260708-2100	130.63
IT-SOUTH	20260708-1100	127.9
IT-SOUTH	20260708-0000	130.63
IT-SOUTH	20260708-0800	130.63
IT-SOUTH	20260708-1500	130.63
IT-SOUTH	20260708-1700	130.63
IT-SOUTH	20260708-1000	130.63
IT-SOUTH	20260708-0500	130.63
IT-SOUTH	20260708-0600	130.63
IT-SOUTH	20260708-2200	130.63
IT-SOUTH	20260708-0300	130.63
IT-Sicily	20260708-0700	130.63
IT-Sicily	20260708-1400	130.63
IT-Sicily	20260708-1600	130.63
IT-Sicily	20260708-1800	130.63
IT-Sicily	20260708-2000	130.63
IT-Sicily	20260708-0200	130.63
IT-Sicily	20260708-1300	130.63
IT-Sicily	20260708-0100	130.63
IT-Sicily	20260708-1900	130.63
IT-Sicily	20260708-0900	130.63
IT-Sicily	20260708-2300	130.63
IT-Sicily	20260708-0400	130.63
IT-Sicily	20260708-1200	130.63
IT-Sicily	20260708-2100	130.63
IT-Sicily	20260708-1100	127.9
IT-Sicily	20260708-0000	130.63
IT-Sicily	20260708-0800	130.63
IT-Sicily	20260708-1500	130.63
IT-Sicily	20260708-1700	130.63
IT-Sicily	20260708-1000	130.63
IT-Sicily	20260708-0500	130.63
IT-Sicily	20260708-0600	130.63
IT-Sicily	20260708-2200	130.63
IT-Sicily	20260708-0300	130.63
IT-Sardinia	20260708-0700	130.63
IT-Sardinia	20260708-1400	86.46
IT-Sardinia	20260708-1600	130.63
IT-Sardinia	20260708-1800	130.63
IT-Sardinia	20260708-2000	130.63
IT-Sardinia	20260708-0200	130.63
IT-Sardinia	20260708-1300	85.5
IT-Sardinia	20260708-0100	130.63
IT-Sardinia	20260708-1900	130.63
IT-Sardinia	20260708-0900	100.94
IT-Sardinia	20260708-2300	130.63
IT-Sardinia	20260708-0400	130.63
IT-Sardinia	20260708-1200	85.5
IT-Sardinia	20260708-2100	130.63
IT-Sardinia	20260708-1100	112.5
IT-Sardinia	20260708-0000	130.63
IT-Sardinia	20260708-0800	127.9
IT-Sardinia	20260708-1500	112.52
IT-Sardinia	20260708-1700	130.63
IT-Sardinia	20260708-1000	112.5
IT-Sardinia	20260708-0500	130.63
IT-Sardinia	20260708-0600	130.63
IT-Sardinia	20260708-2200	130.63
IT-Sardinia	20260708-0300	130.63
RS	20260708-0700	113.98
RS	20260708-1400	108.86
RS	20260708-1600	146.45
RS	20260708-1800	200.53
RS	20260708-2000	175.88
RS	20260708-0200	113.98
RS	20260708-1300	74.59
RS	20260708-0100	108.86
RS	20260708-1900	193.57
RS	20260708-0900	9.5
RS	20260708-2300	108.86
RS	20260708-0400	113.98
RS	20260708-1200	9.5
RS	20260708-2100	113.98
RS	20260708-1100	6
RS	20260708-0000	113.98
RS	20260708-0800	113.98
RS	20260708-1500	113.98
RS	20260708-1700	192.37
RS	20260708-1000	6.48
RS	20260708-0500	113.98
RS	20260708-0600	113.98
RS	20260708-2200	113.98
RS	20260708-0300	113.98
DK1	20260708-0700	76.47
DK1	20260708-1400	1.51
DK1	20260708-1600	76.25
DK1	20260708-1800	106.59
DK1	20260708-2000	108.86
DK1	20260708-0200	76.83
DK1	20260708-1300	1
DK1	20260708-0100	78.44
DK1	20260708-1900	108.86
DK1	20260708-0900	6
DK1	20260708-2300	106.59
DK1	20260708-0400	100.12
DK1	20260708-1200	1
DK1	20260708-2100	108.86
DK1	20260708-1100	1
DK1	20260708-0000	75.7
DK1	20260708-0800	57
DK1	20260708-1500	6
DK1	20260708-1700	100.12
DK1	20260708-1000	5.27
DK1	20260708-0500	100.12
DK1	20260708-0600	83.36
DK1	20260708-2200	106.59
DK1	20260708-0300	86.83
CH	20260708-0700	78.25
CH	20260708-1400	41.34
CH	20260708-1600	80.15
CH	20260708-1800	110.54
CH	20260708-2000	110.01
CH	20260708-0200	76.83
CH	20260708-1300	41.34
CH	20260708-0100	78.44
CH	20260708-1900	110.13
CH	20260708-0900	41.49
CH	20260708-2300	106.59
CH	20260708-0400	100.12
CH	20260708-1200	41.04
CH	20260708-2100	110.35
CH	20260708-1100	41.18
CH	20260708-0000	75.7
CH	20260708-0800	57
CH	20260708-1500	52.36
CH	20260708-1700	105.63
CH	20260708-1000	41.47
CH	20260708-0500	100.12
CH	20260708-0600	83.36
CH	20260708-2200	106.59
CH	20260708-0300	86.83
SE1	20260708-0700	75.31
SE1	20260708-1400	69.04
SE1	20260708-1600	67.52
SE1	20260708-1800	51.08
SE1	20260708-2000	1
SE1	20260708-0200	64.81
SE1	20260708-1300	69.53
SE1	20260708-0100	63.43
SE1	20260708-1900	1
SE1	20260708-0900	76.01
SE1	20260708-2300	1
SE1	20260708-0400	63.46
SE1	20260708-1200	70.38
SE1	20260708-2100	1
SE1	20260708-1100	70.69
SE1	20260708-0000	63.58
SE1	20260708-0800	75.84
SE1	20260708-1500	68.28
SE1	20260708-1700	59.83
SE1	20260708-1000	70.88
SE1	20260708-0500	65.53
SE1	20260708-0600	1
SE1	20260708-2200	1
SE1	20260708-0300	64.16
NO4	20260708-0700	43.98
NO4	20260708-1400	39.32
NO4	20260708-1600	37.74
NO4	20260708-1800	40.77
NO4	20260708-2000	40.03
NO4	20260708-0200	27.07
NO4	20260708-1300	39.21
NO4	20260708-0100	25.51
NO4	20260708-1900	40.84
NO4	20260708-0900	42.44
NO4	20260708-2300	30.7
NO4	20260708-0400	34.88
NO4	20260708-1200	39.99
NO4	20260708-2100	38.56
NO4	20260708-1100	39.99
NO4	20260708-0000	24.06
NO4	20260708-0800	43.25
NO4	20260708-1500	38.71
NO4	20260708-1700	39.94
NO4	20260708-1000	41.51
NO4	20260708-0500	40.63
NO4	20260708-0600	44.12
NO4	20260708-2200	31.93
NO4	20260708-0300	30.06
SE3	20260708-0700	63.75
SE3	20260708-1400	1.51
SE3	20260708-1600	66.2
SE3	20260708-1800	95.93
SE3	20260708-2000	97.97
SE3	20260708-0200	65.17
SE3	20260708-1300	1
SE3	20260708-0100	69.86
SE3	20260708-1900	97.97
SE3	20260708-0900	6
SE3	20260708-2300	90.11
SE3	20260708-0400	90.11
SE3	20260708-1200	1
SE3	20260708-2100	95.93
SE3	20260708-1100	1
SE3	20260708-0000	58.85
SE3	20260708-0800	51.3
SE3	20260708-1500	6
SE3	20260708-1700	90.11
SE3	20260708-1000	5.27
SE3	20260708-0500	80.2
SE3	20260708-0600	71.41
SE3	20260708-2200	90.11
SE3	20260708-0300	70.85
FR	20260708-0700	66.24
FR	20260708-1400	41.34
FR	20260708-1600	70.04
FR	20260708-1800	130.63
FR	20260708-2000	130.63
FR	20260708-0200	63.18
FR	20260708-1300	41.34
FR	20260708-0100	63.92
FR	20260708-1900	130.63
FR	20260708-0900	41.49
FR	20260708-2300	82.98
FR	20260708-0400	74.94
FR	20260708-1200	41.04
FR	20260708-2100	127.5
FR	20260708-1100	41.18
FR	20260708-0000	74.59
FR	20260708-0800	49.21
FR	20260708-1500	41.49
FR	20260708-1700	105.63
FR	20260708-1000	41.47
FR	20260708-0500	95.58
FR	20260708-0600	83.36
FR	20260708-2200	106.59
FR	20260708-0300	67.82
FI	20260708-0700	17.37
FI	20260708-1400	11.95
FI	20260708-1600	10.85
FI	20260708-1800	9.5
FI	20260708-2000	5.73
FI	20260708-0200	36.11
FI	20260708-1300	11.85
FI	20260708-0100	29.68
FI	20260708-1900	9.5
FI	20260708-0900	13.9
FI	20260708-2300	9.5
FI	20260708-0400	35.2
FI	20260708-1200	12.23
FI	20260708-2100	5.73
FI	20260708-1100	13.05
FI	20260708-0000	36.38
FI	20260708-0800	14.17
FI	20260708-1500	9.5
FI	20260708-1700	9.5
FI	20260708-1000	14.11
FI	20260708-0500	35.14
FI	20260708-0600	18.15
FI	20260708-2200	9.5
FI	20260708-0300	24.95
PL	20260708-0700	5.27
PL	20260708-1400	6
PL	20260708-1600	100.12
PL	20260708-1800	100.12
PL	20260708-2000	100.12
PL	20260708-0200	65.39
PL	20260708-1300	5.27
PL	20260708-0100	65.39
PL	20260708-1900	100.12
PL	20260708-0900	5.27
PL	20260708-2300	100.12
PL	20260708-0400	65.39
PL	20260708-1200	5.27
PL	20260708-2100	100.12
PL	20260708-1100	5.27
PL	20260708-0000	65.39
PL	20260708-0800	5.27
PL	20260708-1500	65.39
PL	20260708-1700	100.12
PL	20260708-1000	5.27
PL	20260708-0500	65.39
PL	20260708-0600	6
PL	20260708-2200	100.12
PL	20260708-0300	65.39
IT-Calabria	20260708-0700	130.63
IT-Calabria	20260708-1400	130.63
IT-Calabria	20260708-1600	130.63
IT-Calabria	20260708-1800	130.63
IT-Calabria	20260708-2000	130.63
IT-Calabria	20260708-0200	130.63
IT-Calabria	20260708-1300	130.63
IT-Calabria	20260708-0100	130.63
IT-Calabria	20260708-1900	130.63
IT-Calabria	20260708-0900	130.63
IT-Calabria	20260708-2300	130.63
IT-Calabria	20260708-0400	130.63
IT-Calabria	20260708-1200	130.63
IT-Calabria	20260708-2100	130.63
IT-Calabria	20260708-1100	127.9
IT-Calabria	20260708-0000	130.63
IT-Calabria	20260708-0800	130.63
IT-Calabria	20260708-1500	130.63
IT-Calabria	20260708-1700	130.63
IT-Calabria	20260708-1000	130.63
IT-Calabria	20260708-0500	130.63
IT-Calabria	20260708-0600	130.63
IT-Calabria	20260708-2200	130.63
IT-Calabria	20260708-0300	130.63
AT	20260708-0700	78.25
AT	20260708-1400	41.34
AT	20260708-1600	80.15
AT	20260708-1800	110.54
AT	20260708-2000	110.01
AT	20260708-0200	76.83
AT	20260708-1300	41.34
AT	20260708-0100	78.44
AT	20260708-1900	110.13
AT	20260708-0900	41.49
AT	20260708-2300	106.59
AT	20260708-0400	100.12
AT	20260708-1200	5.73
AT	20260708-2100	110.35
AT	20260708-1100	41.18
AT	20260708-0000	75.7
AT	20260708-0800	57
AT	20260708-1500	52.36
AT	20260708-1700	105.63
AT	20260708-1000	41.47
AT	20260708-0500	100.12
AT	20260708-0600	83.36
AT	20260708-2200	106.59
AT	20260708-0300	86.83
SE2	20260708-0700	1
SE2	20260708-1400	1
SE2	20260708-1600	1
SE2	20260708-1800	1
SE2	20260708-2000	1
SE2	20260708-0200	1
SE2	20260708-1300	1
SE2	20260708-0100	1
SE2	20260708-1900	1
SE2	20260708-0900	1
SE2	20260708-2300	1
SE2	20260708-0400	1
SE2	20260708-1200	1
SE2	20260708-2100	1
SE2	20260708-1100	1
SE2	20260708-0000	1
SE2	20260708-0800	1
SE2	20260708-1500	1
SE2	20260708-1700	1
SE2	20260708-1000	1
SE2	20260708-0500	1
SE2	20260708-0600	1
SE2	20260708-2200	1
SE2	20260708-0300	1
IT-NORTH	20260708-0700	130.63
IT-NORTH	20260708-1400	130.63
IT-NORTH	20260708-1600	130.63
IT-NORTH	20260708-1800	130.63
IT-NORTH	20260708-2000	130.63
IT-NORTH	20260708-0200	130.63
IT-NORTH	20260708-1300	130.63
IT-NORTH	20260708-0100	130.63
IT-NORTH	20260708-1900	130.63
IT-NORTH	20260708-0900	130.63
IT-NORTH	20260708-2300	130.63
IT-NORTH	20260708-0400	130.63
IT-NORTH	20260708-1200	130.63
IT-NORTH	20260708-2100	130.63
IT-NORTH	20260708-1100	130.63
IT-NORTH	20260708-0000	130.63
IT-NORTH	20260708-0800	130.63
IT-NORTH	20260708-1500	130.63
IT-NORTH	20260708-1700	130.63
IT-NORTH	20260708-1000	130.63
IT-NORTH	20260708-0500	130.63
IT-NORTH	20260708-0600	130.63
IT-NORTH	20260708-2200	130.63
IT-NORTH	20260708-0300	130.63
LT	20260708-0700	17.37
LT	20260708-1400	1.51
LT	20260708-1600	10.85
LT	20260708-1800	9.5
LT	20260708-2000	5.73
LT	20260708-0200	36.11
LT	20260708-1300	1.42
LT	20260708-0100	29.68
LT	20260708-1900	9.5
LT	20260708-0900	13.9
LT	20260708-2300	9.5
LT	20260708-0400	35.2
LT	20260708-1200	1.42
LT	20260708-2100	5.73
LT	20260708-1100	5.73
LT	20260708-0000	36.38
LT	20260708-0800	14.17
LT	20260708-1500	9.5
LT	20260708-1700	9.5
LT	20260708-1000	14.11
LT	20260708-0500	35.14
LT	20260708-0600	18.15
LT	20260708-2200	9.5
LT	20260708-0300	24.95
PT	20260708-0700	108.86
PT	20260708-1400	41.34
PT	20260708-1600	70.04
PT	20260708-1800	130.63
PT	20260708-2000	199.23
PT	20260708-0200	108.86
PT	20260708-1300	41.34
PT	20260708-0100	108.86
PT	20260708-1900	200.53
PT	20260708-0900	57
PT	20260708-2300	162.41
PT	20260708-0400	141.98
PT	20260708-1200	41.04
PT	20260708-2100	189.26
PT	20260708-1100	41.18
PT	20260708-0000	149.1
PT	20260708-0800	74.59
PT	20260708-1500	41.49
PT	20260708-1700	105.63
PT	20260708-1000	63.03
PT	20260708-0500	150.74
PT	20260708-0600	108.86
PT	20260708-2200	185.28
PT	20260708-0300	124.51
NO2	20260708-0700	82.38
NO2	20260708-1400	2
NO2	20260708-1600	85.55
NO2	20260708-1800	114.59
NO2	20260708-2000	114.59
NO2	20260708-0200	76.83
NO2	20260708-1300	2
NO2	20260708-0100	78.44
NO2	20260708-1900	114.59
NO2	20260708-0900	6.98
NO2	20260708-2300	106.59
NO2	20260708-0400	100.12
NO2	20260708-1200	2
NO2	20260708-2100	114.59
NO2	20260708-1100	2
NO2	20260708-0000	75.7
NO2	20260708-0800	66.29
NO2	20260708-1500	6.98
NO2	20260708-1700	114.59
NO2	20260708-1000	6.13
NO2	20260708-0500	103.64
NO2	20260708-0600	92.27
NO2	20260708-2200	114.59
NO2	20260708-0300	86.83
LV	20260708-0700	17.37
LV	20260708-1400	2.85
LV	20260708-1600	10.85
LV	20260708-1800	9.5
LV	20260708-2000	5.73
LV	20260708-0200	36.11
LV	20260708-1300	2.85
LV	20260708-0100	29.68
LV	20260708-1900	9.5
LV	20260708-0900	13.9
LV	20260708-2300	9.5
LV	20260708-0400	35.2
LV	20260708-1200	3.15
LV	20260708-2100	5.73
LV	20260708-1100	5.73
LV	20260708-0000	36.38
LV	20260708-0800	14.17
LV	20260708-1500	9.5
LV	20260708-1700	9.5
LV	20260708-1000	14.11
LV	20260708-0500	35.14
LV	20260708-0600	18.15
LV	20260708-2200	9.5
LV	20260708-0300	24.95
NL	20260708-0700	100.12
NL	20260708-1400	74.59
NL	20260708-1600	106.59
NL	20260708-1800	106.59
NL	20260708-2000	108.86
NL	20260708-0200	106.59
NL	20260708-1300	65.39
NL	20260708-0100	106.59
NL	20260708-1900	108.86
NL	20260708-0900	74.59
NL	20260708-2300	106.59
NL	20260708-0400	106.59
NL	20260708-1200	65.39
NL	20260708-2100	108.86
NL	20260708-1100	65.39
NL	20260708-0000	106.59
NL	20260708-0800	100.12
NL	20260708-1500	100.12
NL	20260708-1700	106.59
NL	20260708-1000	65.39
NL	20260708-0500	106.59
NL	20260708-0600	106.59
NL	20260708-2200	106.59
NL	20260708-0300	106.59
NO5	20260708-0700	86.13
NO5	20260708-1400	38.09
NO5	20260708-1600	90.77
NO5	20260708-1800	107.41
NO5	20260708-2000	109.7
NO5	20260708-0200	90.19
NO5	20260708-1300	33.45
NO5	20260708-0100	92.81
NO5	20260708-1900	109.7
NO5	20260708-0900	40.6
NO5	20260708-2300	104.15
NO5	20260708-0400	104.15
NO5	20260708-1200	33.45
NO5	20260708-2100	107.41
NO5	20260708-1100	33.45
NO5	20260708-0000	86.65
NO5	20260708-0800	79.16
NO5	20260708-1500	53.47
NO5	20260708-1700	104.15
NO5	20260708-1000	35.6
NO5	20260708-0500	98.6
NO5	20260708-0600	93.68
NO5	20260708-2200	104.15
NO5	20260708-0300	93.37
BE	20260708-0700	108.86
BE	20260708-1400	74.59
BE	20260708-1600	108.86
BE	20260708-1800	206.26
BE	20260708-2000	206.26
BE	20260708-0200	108.86
BE	20260708-1300	74.59
BE	20260708-0100	108.86
BE	20260708-1900	206.26
BE	20260708-0900	94.54
BE	20260708-2300	108.86
BE	20260708-0400	108.86
BE	20260708-1200	74.59
BE	20260708-2100	156.85
BE	20260708-1100	85.5
BE	20260708-0000	108.86
BE	20260708-0800	94.54
BE	20260708-1500	108.86
BE	20260708-1700	130.93
BE	20260708-1000	74.59
BE	20260708-0500	108.86
BE	20260708-0600	108.86
BE	20260708-2200	108.86
BE	20260708-0300	108.86
RO	20260708-0700	113.98
RO	20260708-1400	108.86
RO	20260708-1600	146.45
RO	20260708-1800	200.53
RO	20260708-2000	175.88
RO	20260708-0200	113.98
RO	20260708-1300	74.59
RO	20260708-0100	108.86
RO	20260708-1900	193.57
RO	20260708-0900	9.5
RO	20260708-2300	108.86
RO	20260708-0400	113.98
RO	20260708-1200	9.5
RO	20260708-2100	113.98
RO	20260708-1100	6
RO	20260708-0000	113.98
RO	20260708-0800	113.98
RO	20260708-1500	113.98
RO	20260708-1700	192.37
RO	20260708-1000	6.48
RO	20260708-0500	113.98
RO	20260708-0600	113.98
RO	20260708-2200	113.98
RO	20260708-0300	113.98
DK2	20260708-0700	23.75
DK2	20260708-1400	1.51
DK2	20260708-1600	30
DK2	20260708-1800	65.39
DK2	20260708-2000	100.12
DK2	20260708-0200	57
DK2	20260708-1300	1
DK2	20260708-0100	40.02
DK2	20260708-1900	100.12
DK2	20260708-0900	6
DK2	20260708-2300	57
DK2	20260708-0400	57
DK2	20260708-1200	1
DK2	20260708-2100	91.44
DK2	20260708-1100	1
DK2	20260708-0000	57
DK2	20260708-0800	14.17
DK2	20260708-1500	9.5
DK2	20260708-1700	57
DK2	20260708-1000	5.27
DK2	20260708-0500	57
DK2	20260708-0600	31.42
DK2	20260708-2200	57
DK2	20260708-0300	30
BG	20260708-0700	10.51
BG	20260708-1400	108.86
BG	20260708-1600	146.45
BG	20260708-1800	200.53
BG	20260708-2000	175.88
BG	20260708-0200	113.98
BG	20260708-1300	74.59
BG	20260708-0100	108.86
BG	20260708-1900	193.57
BG	20260708-0900	9.5
BG	20260708-2300	108.86
BG	20260708-0400	113.98
BG	20260708-1200	9.5
BG	20260708-2100	113.98
BG	20260708-1100	6
BG	20260708-0000	113.98
BG	20260708-0800	5.73
BG	20260708-1500	113.98
BG	20260708-1700	192.37
BG	20260708-1000	6.48
BG	20260708-0500	113.98
BG	20260708-0600	108.86
BG	20260708-2200	113.98
BG	20260708-0300	113.98
IT-CSOUTH	20260708-0700	130.63
IT-CSOUTH	20260708-1400	130.63
IT-CSOUTH	20260708-1600	130.63
IT-CSOUTH	20260708-1800	130.63
IT-CSOUTH	20260708-2000	130.63
IT-CSOUTH	20260708-0200	130.63
IT-CSOUTH	20260708-1300	130.63
IT-CSOUTH	20260708-0100	130.63
IT-CSOUTH	20260708-1900	130.63
IT-CSOUTH	20260708-0900	130.63
IT-CSOUTH	20260708-2300	130.63
IT-CSOUTH	20260708-0400	130.63
IT-CSOUTH	20260708-1200	130.63
IT-CSOUTH	20260708-2100	130.63
IT-CSOUTH	20260708-1100	127.9
IT-CSOUTH	20260708-0000	130.63
IT-CSOUTH	20260708-0800	130.63
IT-CSOUTH	20260708-1500	130.63
IT-CSOUTH	20260708-1700	130.63
IT-CSOUTH	20260708-1000	130.63
IT-CSOUTH	20260708-0500	130.63
IT-CSOUTH	20260708-0600	130.63
IT-CSOUTH	20260708-2200	130.63
IT-CSOUTH	20260708-0300	130.63
CZ	20260708-0700	76.47
CZ	20260708-1400	16.01
CZ	20260708-1600	79.98
CZ	20260708-1800	100.8
CZ	20260708-2000	100.12
CZ	20260708-0200	75.34
CZ	20260708-1300	16
CZ	20260708-0100	75.01
CZ	20260708-1900	100.12
CZ	20260708-0900	57
CZ	20260708-2300	79.98
CZ	20260708-0400	80.2
CZ	20260708-1200	16
CZ	20260708-2100	100.12
CZ	20260708-1100	57
CZ	20260708-0000	74.59
CZ	20260708-0800	57
CZ	20260708-1500	65.39
CZ	20260708-1700	100.12
CZ	20260708-1000	57
CZ	20260708-0500	108.86
CZ	20260708-0600	83.36
CZ	20260708-2200	100.12
CZ	20260708-0300	75.47
NO3	20260708-0700	96.34
NO3	20260708-1400	42.6
NO3	20260708-1600	101.52
NO3	20260708-1800	114.59
NO3	20260708-2000	114.59
NO3	20260708-0200	89.5
NO3	20260708-1300	37.41
NO3	20260708-0100	92.1
NO3	20260708-1900	114.59
NO3	20260708-0900	45.42
NO3	20260708-2300	114.59
NO3	20260708-0400	114.59
NO3	20260708-1200	37.41
NO3	20260708-2100	114.59
NO3	20260708-1100	37.41
NO3	20260708-0000	85.99
NO3	20260708-0800	88.54
NO3	20260708-1500	59.8
NO3	20260708-1700	114.59
NO3	20260708-1000	39.82
NO3	20260708-0500	110.29
NO3	20260708-0600	104.78
NO3	20260708-2200	114.59
NO3	20260708-0300	92.66
NO1	20260708-0700	76.93
NO1	20260708-1400	34.02
NO1	20260708-1600	81.07
NO1	20260708-1800	95.93
NO1	20260708-2000	97.97
NO1	20260708-0200	80.55
NO1	20260708-1300	29.88
NO1	20260708-0100	82.89
NO1	20260708-1900	97.97
NO1	20260708-0900	36.27
NO1	20260708-2300	93.02
NO1	20260708-0400	93.02
NO1	20260708-1200	29.88
NO1	20260708-2100	95.93
NO1	20260708-1100	29.88
NO1	20260708-0000	77.39
NO1	20260708-0800	70.7
NO1	20260708-1500	47.75
NO1	20260708-1700	93.02
NO1	20260708-1000	31.8
NO1	20260708-0500	88.06
NO1	20260708-0600	83.67
NO1	20260708-2200	93.02
NO1	20260708-0300	83.39
DE_LU	20260708-0700	76.47
DE_LU	20260708-1400	1.51
DE_LU	20260708-1600	76.25
DE_LU	20260708-1800	108.86
DE_LU	20260708-2000	108.86
DE_LU	20260708-0200	76.83
DE_LU	20260708-1300	1
DE_LU	20260708-0100	78.44
DE_LU	20260708-1900	108.86
DE_LU	20260708-0900	6
DE_LU	20260708-2300	106.59
DE_LU	20260708-0400	100.12
DE_LU	20260708-1200	1
DE_LU	20260708-2100	108.86
DE_LU	20260708-1100	1
DE_LU	20260708-0000	75.7
DE_LU	20260708-0800	57
DE_LU	20260708-1500	6
DE_LU	20260708-1700	100.12
DE_LU	20260708-1000	5.27
DE_LU	20260708-0500	100.12
DE_LU	20260708-0600	83.36
DE_LU	20260708-2200	106.59
DE_LU	20260708-0300	86.83
SK	20260708-0700	76.93
SK	20260708-1400	34.02
SK	20260708-1600	81.07
SK	20260708-1800	95.93
SK	20260708-2000	97.97
SK	20260708-0200	80.55
SK	20260708-1300	29.88
SK	20260708-0100	82.89
SK	20260708-1900	97.97
SK	20260708-0900	36.27
SK	20260708-2300	93.02
SK	20260708-0400	93.02
SK	20260708-1200	29.88
SK	20260708-2100	95.93
SK	20260708-1100	29.88
SK	20260708-0000	77.39
SK	20260708-0800	70.7
SK	20260708-1500	47.75
SK	20260708-1700	93.02
SK	20260708-1000	31.8
SK	20260708-0500	88.06
SK	20260708-0600	83.67
SK	20260708-2200	93.02
SK	20260708-0300	83.39
EE	20260708-0700	17.37
EE	20260708-1400	11.95
EE	20260708-1600	10.85
EE	20260708-1800	9.5
EE	20260708-2000	5.73
EE	20260708-0200	36.11
EE	20260708-1300	11.85
EE	20260708-0100	29.68
EE	20260708-1900	9.5
EE	20260708-0900	13.9
EE	20260708-2300	9.5
EE	20260708-0400	35.2
EE	20260708-1200	12.23
EE	20260708-2100	5.73
EE	20260708-1100	13.05
EE	20260708-0000	36.38
EE	20260708-0800	14.17
EE	20260708-1500	9.5
EE	20260708-1700	9.5
EE	20260708-1000	14.11
EE	20260708-0500	35.14
EE	20260708-0600	18.15
EE	20260708-2200	9.5
EE	20260708-0300	24.95
SE4	20260708-0700	17.37
SE4	20260708-1400	1.51
SE4	20260708-1600	27.6
SE4	20260708-1800	40.01
SE4	20260708-2000	53.33
SE4	20260708-0200	36.11
SE4	20260708-1300	1.42
SE4	20260708-0100	29.68
SE4	20260708-1900	53.62
SE4	20260708-0900	8.08
SE4	20260708-2300	36.72
SE4	20260708-0400	35.2
SE4	20260708-1200	1.42
SE4	20260708-2100	49.93
SE4	20260708-1100	1
SE4	20260708-0000	36.38
SE4	20260708-0800	14.17
SE4	20260708-1500	9.5
SE4	20260708-1700	38.18
SE4	20260708-1000	5.27
SE4	20260708-0500	35.14
SE4	20260708-0600	18.15
SE4	20260708-2200	36.72
SE4	20260708-0300	24.95
SI	20260709-2100	105.73
SI	20260709-0000	12.62
SI	20260709-0500	13.23
SI	20260709-1900	135.2
SI	20260709-0800	5
SI	20260709-1800	135.2
SI	20260709-1400	9.5
SI	20260709-1100	5.93
SI	20260709-1600	17.57
SI	20260709-1000	5.93
SI	20260709-0100	14.57
SI	20260709-0200	14.74
SI	20260709-0300	9.5
SI	20260709-0400	18.29
SI	20260709-0900	5.92
SI	20260709-0700	5.92
SI	20260709-1200	5.93
SI	20260709-1300	9.5
SI	20260709-1700	113.5
SI	20260709-0600	9.5
SI	20260709-2000	115.33
SI	20260709-2200	19.28
SI	20260709-1500	9.5
SI	20260709-2300	11.64
ES	20260709-2100	197.29
ES	20260709-0000	181.18
ES	20260709-0500	196.34
ES	20260709-1900	207.55
ES	20260709-0800	50.26
ES	20260709-1800	118.6
ES	20260709-1400	44.4
ES	20260709-1100	57
ES	20260709-1600	71.37
ES	20260709-1000	42.91
ES	20260709-0100	175.2
ES	20260709-0200	172.6
ES	20260709-0300	170.85
ES	20260709-0400	195.28
ES	20260709-0900	43.55
ES	20260709-0700	78.6
ES	20260709-1200	40.17
ES	20260709-1300	43.02
ES	20260709-1700	112.67
ES	20260709-0600	112.67
ES	20260709-2000	207.36
ES	20260709-2200	177.8
ES	20260709-1500	45.32
ES	20260709-2300	164.25
GR	20260709-2100	135.2
GR	20260709-0000	112.67
GR	20260709-0500	112.67
GR	20260709-1900	213.48
GR	20260709-0800	9.5
GR	20260709-1800	213.48
GR	20260709-1400	112.56
GR	20260709-1100	5.93
GR	20260709-1600	168.55
GR	20260709-1000	5.93
GR	20260709-0100	112.67
GR	20260709-0200	112.67
GR	20260709-0300	112.67
GR	20260709-0400	112.67
GR	20260709-0900	5.93
GR	20260709-0700	78.48
GR	20260709-1200	5.93
GR	20260709-1300	78.48
GR	20260709-1700	206.21
GR	20260709-0600	112.56
GR	20260709-2000	196.46
GR	20260709-2200	112.67
GR	20260709-1500	112.67
GR	20260709-2300	112.67
IT-CNORTH	20260709-2100	135.2
IT-CNORTH	20260709-0000	135.2
IT-CNORTH	20260709-0500	135.2
IT-CNORTH	20260709-1900	135.2
IT-CNORTH	20260709-0800	135.2
IT-CNORTH	20260709-1800	135.2
IT-CNORTH	20260709-1400	135.2
IT-CNORTH	20260709-1100	135.2
IT-CNORTH	20260709-1600	135.2
IT-CNORTH	20260709-1000	135.2
IT-CNORTH	20260709-0100	135.2
IT-CNORTH	20260709-0200	135.2
IT-CNORTH	20260709-0300	135.2
IT-CNORTH	20260709-0400	135.2
IT-CNORTH	20260709-0900	135.2
IT-CNORTH	20260709-0700	135.2
IT-CNORTH	20260709-1200	135.2
IT-CNORTH	20260709-1300	135.2
IT-CNORTH	20260709-1700	135.2
IT-CNORTH	20260709-0600	135.2
IT-CNORTH	20260709-2000	135.2
IT-CNORTH	20260709-2200	135.2
IT-CNORTH	20260709-1500	135.2
IT-CNORTH	20260709-2300	135.2
HU	20260709-2100	105.73
HU	20260709-0000	14.46
HU	20260709-0500	13.23
HU	20260709-1900	135.2
HU	20260709-0800	5
HU	20260709-1800	135.2
HU	20260709-1400	9.5
HU	20260709-1100	5.93
HU	20260709-1600	78.6
HU	20260709-1000	5.93
HU	20260709-0100	14.57
HU	20260709-0200	14.74
HU	20260709-0300	78.6
HU	20260709-0400	78.6
HU	20260709-0900	5.92
HU	20260709-0700	5.92
HU	20260709-1200	5.93
HU	20260709-1300	9.5
HU	20260709-1700	112.67
HU	20260709-0600	9.5
HU	20260709-2000	112.67
HU	20260709-2200	19.28
HU	20260709-1500	13.17
HU	20260709-2300	11.64
IT-SOUTH	20260709-2100	135.2
IT-SOUTH	20260709-0000	135.2
IT-SOUTH	20260709-0500	135.2
IT-SOUTH	20260709-1900	135.2
IT-SOUTH	20260709-0800	135.2
IT-SOUTH	20260709-1800	135.2
IT-SOUTH	20260709-1400	135.2
IT-SOUTH	20260709-1100	135.2
IT-SOUTH	20260709-1600	135.2
IT-SOUTH	20260709-1000	135.2
IT-SOUTH	20260709-0100	135.2
IT-SOUTH	20260709-0200	135.2
IT-SOUTH	20260709-0300	135.2
IT-SOUTH	20260709-0400	135.2
IT-SOUTH	20260709-0900	135.2
IT-SOUTH	20260709-0700	135.2
IT-SOUTH	20260709-1200	135.2
IT-SOUTH	20260709-1300	135.2
IT-SOUTH	20260709-1700	135.2
IT-SOUTH	20260709-0600	135.2
IT-SOUTH	20260709-2000	135.2
IT-SOUTH	20260709-2200	135.2
IT-SOUTH	20260709-1500	135.2
IT-SOUTH	20260709-2300	135.2
IT-Sicily	20260709-2100	135.2
IT-Sicily	20260709-0000	135.2
IT-Sicily	20260709-0500	135.2
IT-Sicily	20260709-1900	135.2
IT-Sicily	20260709-0800	135.2
IT-Sicily	20260709-1800	135.2
IT-Sicily	20260709-1400	135.2
IT-Sicily	20260709-1100	135.2
IT-Sicily	20260709-1600	135.2
IT-Sicily	20260709-1000	135.2
IT-Sicily	20260709-0100	135.2
IT-Sicily	20260709-0200	135.2
IT-Sicily	20260709-0300	135.2
IT-Sicily	20260709-0400	135.2
IT-Sicily	20260709-0900	135.2
IT-Sicily	20260709-0700	135.2
IT-Sicily	20260709-1200	135.2
IT-Sicily	20260709-1300	135.2
IT-Sicily	20260709-1700	135.2
IT-Sicily	20260709-0600	135.2
IT-Sicily	20260709-2000	135.2
IT-Sicily	20260709-2200	135.2
IT-Sicily	20260709-1500	135.2
IT-Sicily	20260709-2300	135.2
IT-Sardinia	20260709-2100	135.2
IT-Sardinia	20260709-0000	135.2
IT-Sardinia	20260709-0500	135.2
IT-Sardinia	20260709-1900	135.2
IT-Sardinia	20260709-0800	127.4
IT-Sardinia	20260709-1800	135.2
IT-Sardinia	20260709-1400	122.26
IT-Sardinia	20260709-1100	130.31
IT-Sardinia	20260709-1600	135.2
IT-Sardinia	20260709-1000	130.31
IT-Sardinia	20260709-0100	135.2
IT-Sardinia	20260709-0200	135.2
IT-Sardinia	20260709-0300	135.2
IT-Sardinia	20260709-0400	135.2
IT-Sardinia	20260709-0900	118.91
IT-Sardinia	20260709-0700	130.31
IT-Sardinia	20260709-1200	118.91
IT-Sardinia	20260709-1300	94.5
IT-Sardinia	20260709-1700	135.2
IT-Sardinia	20260709-0600	135.2
IT-Sardinia	20260709-2000	135.2
IT-Sardinia	20260709-2200	135.2
IT-Sardinia	20260709-1500	130.31
IT-Sardinia	20260709-2300	135.2
RS	20260709-2100	135.2
RS	20260709-0000	112.56
RS	20260709-0500	112.67
RS	20260709-1900	213.48
RS	20260709-0800	9.5
RS	20260709-1800	213.48
RS	20260709-1400	112.56
RS	20260709-1100	5.93
RS	20260709-1600	168.55
RS	20260709-1000	5.93
RS	20260709-0100	112.56
RS	20260709-0200	112.56
RS	20260709-0300	112.56
RS	20260709-0400	112.67
RS	20260709-0900	5.93
RS	20260709-0700	78.48
RS	20260709-1200	5.93
RS	20260709-1300	78.48
RS	20260709-1700	206.21
RS	20260709-0600	112.56
RS	20260709-2000	196.46
RS	20260709-2200	112.67
RS	20260709-1500	112.67
RS	20260709-2300	112.67
DK1	20260709-2100	112.67
DK1	20260709-0000	104.46
DK1	20260709-0500	112.56
DK1	20260709-1900	118.6
DK1	20260709-0800	73.1
DK1	20260709-1800	118.6
DK1	20260709-1400	64.31
DK1	20260709-1100	129.71
DK1	20260709-1600	99.09
DK1	20260709-1000	46.24
DK1	20260709-0100	106.17
DK1	20260709-0200	106.17
DK1	20260709-0300	110.48
DK1	20260709-0400	112.56
DK1	20260709-0900	65.63
DK1	20260709-0700	91.27
DK1	20260709-1200	34.89
DK1	20260709-1300	43.02
DK1	20260709-1700	112.67
DK1	20260709-0600	106.17
DK1	20260709-2000	113.59
DK1	20260709-2200	112.56
DK1	20260709-1500	78.48
DK1	20260709-2300	108.59
CH	20260709-2100	113.22
CH	20260709-0000	104.46
CH	20260709-0500	104.56
CH	20260709-1900	118.6
CH	20260709-0800	73.1
CH	20260709-1800	118.6
CH	20260709-1400	64.31
CH	20260709-1100	42.8
CH	20260709-1600	91.43
CH	20260709-1000	46.24
CH	20260709-0100	106.17
CH	20260709-0200	106.17
CH	20260709-0300	110.48
CH	20260709-0400	103.64
CH	20260709-0900	65.63
CH	20260709-0700	91.27
CH	20260709-1200	40.17
CH	20260709-1300	43.02
CH	20260709-1700	112.67
CH	20260709-0600	92.52
CH	20260709-2000	113.59
CH	20260709-2200	106.17
CH	20260709-1500	77.46
CH	20260709-2300	102.7
SE1	20260709-2100	1
SE1	20260709-0000	1
SE1	20260709-0500	50.25
SE1	20260709-1900	37.75
SE1	20260709-0800	45.55
SE1	20260709-1800	48.85
SE1	20260709-1400	59.57
SE1	20260709-1100	55.52
SE1	20260709-1600	56.2
SE1	20260709-1000	53.22
SE1	20260709-0100	1
SE1	20260709-0200	1
SE1	20260709-0300	1
SE1	20260709-0400	1
SE1	20260709-0900	49.85
SE1	20260709-0700	36.83
SE1	20260709-1200	57.12
SE1	20260709-1300	58.43
SE1	20260709-1700	51.68
SE1	20260709-0600	32.49
SE1	20260709-2000	32.49
SE1	20260709-2200	53.08
SE1	20260709-1500	59.47
SE1	20260709-2300	51.05
NO4	20260709-2100	28.13
NO4	20260709-0000	32.48
NO4	20260709-0500	42.75
NO4	20260709-1900	33.7
NO4	20260709-0800	45.33
NO4	20260709-1800	35.94
NO4	20260709-1400	40.49
NO4	20260709-1100	42.87
NO4	20260709-1600	37.75
NO4	20260709-1000	43.42
NO4	20260709-0100	33.01
NO4	20260709-0200	34.34
NO4	20260709-0300	35.42
NO4	20260709-0400	37.97
NO4	20260709-0900	44.2
NO4	20260709-0700	45.66
NO4	20260709-1200	42.42
NO4	20260709-1300	41.14
NO4	20260709-1700	37.57
NO4	20260709-0600	44.87
NO4	20260709-2000	31
NO4	20260709-2200	25.89
NO4	20260709-1500	39.05
NO4	20260709-2300	24.91
SE3	20260709-2100	112.56
SE3	20260709-0000	89.18
SE3	20260709-0500	97.73
SE3	20260709-1900	112.67
SE3	20260709-0800	56.7
SE3	20260709-1800	112.67
SE3	20260709-1400	56.73
SE3	20260709-1100	45.5
SE3	20260709-1600	89.18
SE3	20260709-1000	46.24
SE3	20260709-0100	89.18
SE3	20260709-0200	89.18
SE3	20260709-0300	95.55
SE3	20260709-0400	101.3
SE3	20260709-0900	50.79
SE3	20260709-0700	70.63
SE3	20260709-1200	27
SE3	20260709-1300	47.02
SE3	20260709-1700	112.56
SE3	20260709-0600	89.18
SE3	20260709-2000	112.67
SE3	20260709-2200	106.17
SE3	20260709-1500	68.18
SE3	20260709-2300	95.55
FR	20260709-2100	129.83
FR	20260709-0000	85.53
FR	20260709-0500	104.56
FR	20260709-1900	135.2
FR	20260709-0800	50.26
FR	20260709-1800	118.6
FR	20260709-1400	44.4
FR	20260709-1100	42.8
FR	20260709-1600	71.37
FR	20260709-1000	42.91
FR	20260709-0100	82.5
FR	20260709-0200	81.77
FR	20260709-0300	82.58
FR	20260709-0400	86.56
FR	20260709-0900	43.55
FR	20260709-0700	78.6
FR	20260709-1200	40.17
FR	20260709-1300	43.02
FR	20260709-1700	112.67
FR	20260709-0600	82.95
FR	20260709-2000	135.2
FR	20260709-2200	106.17
FR	20260709-1500	45.32
FR	20260709-2300	80.07
FI	20260709-2100	9.5
FI	20260709-0000	9.5
FI	20260709-0500	15.69
FI	20260709-1900	9.5
FI	20260709-0800	15.58
FI	20260709-1800	10.93
FI	20260709-1400	9.5
FI	20260709-1100	9.5
FI	20260709-1600	18.1
FI	20260709-1000	9.5
FI	20260709-0100	9.5
FI	20260709-0200	9.5
FI	20260709-0300	9.5
FI	20260709-0400	12.01
FI	20260709-0900	9.5
FI	20260709-0700	18.75
FI	20260709-1200	9.5
FI	20260709-1300	9.5
FI	20260709-1700	11.32
FI	20260709-0600	22.19
FI	20260709-2000	9.5
FI	20260709-2200	9.5
FI	20260709-1500	17.09
FI	20260709-2300	9.5
PL	20260709-2100	99.09
PL	20260709-0000	78.48
PL	20260709-0500	99.09
PL	20260709-1900	99.09
PL	20260709-0800	15.58
PL	20260709-1800	99.09
PL	20260709-1400	64.31
PL	20260709-1100	9.5
PL	20260709-1600	99.09
PL	20260709-1000	10.5
PL	20260709-0100	78.48
PL	20260709-0200	78.48
PL	20260709-0300	78.6
PL	20260709-0400	99.09
PL	20260709-0900	9.5
PL	20260709-0700	63.01
PL	20260709-1200	34.89
PL	20260709-1300	57
PL	20260709-1700	99.09
PL	20260709-0600	75.46
PL	20260709-2000	99.09
PL	20260709-2200	99.09
PL	20260709-1500	78.48
PL	20260709-2300	99.09
IT-Calabria	20260709-2100	135.2
IT-Calabria	20260709-0000	135.2
IT-Calabria	20260709-0500	135.2
IT-Calabria	20260709-1900	135.2
IT-Calabria	20260709-0800	135.2
IT-Calabria	20260709-1800	135.2
IT-Calabria	20260709-1400	135.2
IT-Calabria	20260709-1100	135.2
IT-Calabria	20260709-1600	135.2
IT-Calabria	20260709-1000	135.2
IT-Calabria	20260709-0100	135.2
IT-Calabria	20260709-0200	135.2
IT-Calabria	20260709-0300	135.2
IT-Calabria	20260709-0400	135.2
IT-Calabria	20260709-0900	135.2
IT-Calabria	20260709-0700	135.2
IT-Calabria	20260709-1200	135.2
IT-Calabria	20260709-1300	135.2
IT-Calabria	20260709-1700	135.2
IT-Calabria	20260709-0600	135.2
IT-Calabria	20260709-2000	135.2
IT-Calabria	20260709-2200	135.2
IT-Calabria	20260709-1500	135.2
IT-Calabria	20260709-2300	135.2
AT	20260709-2100	113.22
AT	20260709-0000	104.46
AT	20260709-0500	95.38
AT	20260709-1900	118.6
AT	20260709-0800	73.1
AT	20260709-1800	118.6
AT	20260709-1400	64.31
AT	20260709-1100	42.8
AT	20260709-1600	91.43
AT	20260709-1000	46.24
AT	20260709-0100	106.17
AT	20260709-0200	106.17
AT	20260709-0300	110.48
AT	20260709-0400	103.64
AT	20260709-0900	65.63
AT	20260709-0700	91.27
AT	20260709-1200	40.17
AT	20260709-1300	43.02
AT	20260709-1700	112.67
AT	20260709-0600	92.52
AT	20260709-2000	116.02
AT	20260709-2200	106.17
AT	20260709-1500	77.46
AT	20260709-2300	93.97
SE2	20260709-2100	1
SE2	20260709-0000	1
SE2	20260709-0500	1
SE2	20260709-1900	37.75
SE2	20260709-0800	45.55
SE2	20260709-1800	48.85
SE2	20260709-1400	59.57
SE2	20260709-1100	55.52
SE2	20260709-1600	56.2
SE2	20260709-1000	53.22
SE2	20260709-0100	1
SE2	20260709-0200	1
SE2	20260709-0300	1
SE2	20260709-0400	1
SE2	20260709-0900	49.85
SE2	20260709-0700	36.83
SE2	20260709-1200	57.12
SE2	20260709-1300	58.43
SE2	20260709-1700	51.68
SE2	20260709-0600	32.49
SE2	20260709-2000	32.49
SE2	20260709-2200	1
SE2	20260709-1500	59.47
SE2	20260709-2300	1
IT-NORTH	20260709-2100	135.2
IT-NORTH	20260709-0000	135.2
IT-NORTH	20260709-0500	135.2
IT-NORTH	20260709-1900	135.2
IT-NORTH	20260709-0800	135.2
IT-NORTH	20260709-1800	135.2
IT-NORTH	20260709-1400	135.2
IT-NORTH	20260709-1100	135.2
IT-NORTH	20260709-1600	135.2
IT-NORTH	20260709-1000	135.2
IT-NORTH	20260709-0100	135.2
IT-NORTH	20260709-0200	135.2
IT-NORTH	20260709-0300	135.2
IT-NORTH	20260709-0400	135.2
IT-NORTH	20260709-0900	135.2
IT-NORTH	20260709-0700	135.2
IT-NORTH	20260709-1200	135.2
IT-NORTH	20260709-1300	135.2
IT-NORTH	20260709-1700	135.2
IT-NORTH	20260709-0600	135.2
IT-NORTH	20260709-2000	135.2
IT-NORTH	20260709-2200	135.2
IT-NORTH	20260709-1500	135.2
IT-NORTH	20260709-2300	135.2
LT	20260709-2100	99.09
LT	20260709-0000	9.5
LT	20260709-0500	15.69
LT	20260709-1900	99.09
LT	20260709-0800	15.58
LT	20260709-1800	99.09
LT	20260709-1400	9.5
LT	20260709-1100	9.5
LT	20260709-1600	99.09
LT	20260709-1000	9.5
LT	20260709-0100	9.5
LT	20260709-0200	9.5
LT	20260709-0300	9.5
LT	20260709-0400	12.01
LT	20260709-0900	9.5
LT	20260709-0700	18.75
LT	20260709-1200	9.5
LT	20260709-1300	9.5
LT	20260709-1700	99.09
LT	20260709-0600	22.19
LT	20260709-2000	99.09
LT	20260709-2200	87.75
LT	20260709-1500	78.48
LT	20260709-2300	99.09
PT	20260709-2100	197.29
PT	20260709-0000	181.18
PT	20260709-0500	196.34
PT	20260709-1900	207.55
PT	20260709-0800	50.26
PT	20260709-1800	118.6
PT	20260709-1400	44.4
PT	20260709-1100	57
PT	20260709-1600	71.37
PT	20260709-1000	42.91
PT	20260709-0100	175.2
PT	20260709-0200	172.6
PT	20260709-0300	170.85
PT	20260709-0400	195.28
PT	20260709-0900	43.55
PT	20260709-0700	78.6
PT	20260709-1200	40.17
PT	20260709-1300	43.02
PT	20260709-1700	112.67
PT	20260709-0600	112.67
PT	20260709-2000	207.36
PT	20260709-2200	177.8
PT	20260709-1500	45.32
PT	20260709-2300	164.25
NO2	20260709-2100	118.6
NO2	20260709-0000	104.46
NO2	20260709-0500	118.6
NO2	20260709-1900	118.6
NO2	20260709-0800	73.27
NO2	20260709-1800	118.6
NO2	20260709-1400	73.3
NO2	20260709-1100	58.8
NO2	20260709-1600	115.24
NO2	20260709-1000	59.76
NO2	20260709-0100	106.17
NO2	20260709-0200	106.17
NO2	20260709-0300	110.48
NO2	20260709-0400	118.6
NO2	20260709-0900	65.63
NO2	20260709-0700	91.27
NO2	20260709-1200	34.89
NO2	20260709-1300	60.77
NO2	20260709-1700	118.6
NO2	20260709-0600	115.24
NO2	20260709-2000	118.6
NO2	20260709-2200	118.6
NO2	20260709-1500	88.11
NO2	20260709-2300	108.59
LV	20260709-2100	99.09
LV	20260709-0000	9.5
LV	20260709-0500	15.69
LV	20260709-1900	99.09
LV	20260709-0800	15.58
LV	20260709-1800	99.09
LV	20260709-1400	9.5
LV	20260709-1100	9.5
LV	20260709-1600	99.09
LV	20260709-1000	9.5
LV	20260709-0100	9.5
LV	20260709-0200	9.5
LV	20260709-0300	9.5
LV	20260709-0400	12.01
LV	20260709-0900	9.5
LV	20260709-0700	18.75
LV	20260709-1200	9.5
LV	20260709-1300	9.5
LV	20260709-1700	99.09
LV	20260709-0600	22.19
LV	20260709-2000	99.09
LV	20260709-2200	87.75
LV	20260709-1500	78.48
LV	20260709-2300	99.09
NL	20260709-2100	112.67
NL	20260709-0000	106.17
NL	20260709-0500	106.17
NL	20260709-1900	112.67
NL	20260709-0800	106.17
NL	20260709-1800	106.17
NL	20260709-1400	64.31
NL	20260709-1100	99.09
NL	20260709-1600	99.09
NL	20260709-1000	99.09
NL	20260709-0100	106.17
NL	20260709-0200	106.17
NL	20260709-0300	110.48
NL	20260709-0400	106.17
NL	20260709-0900	99.09
NL	20260709-0700	106.17
NL	20260709-1200	78.6
NL	20260709-1300	78.6
NL	20260709-1700	106.17
NL	20260709-0600	106.17
NL	20260709-2000	112.67
NL	20260709-2200	106.17
NL	20260709-1500	78.6
NL	20260709-2300	106.17
NO5	20260709-2100	113.43
NO5	20260709-0000	103.42
NO5	20260709-0500	108.21
NO5	20260709-1900	113.54
NO5	20260709-0800	85.24
NO5	20260709-1800	110.26
NO5	20260709-1400	63.51
NO5	20260709-1100	75.4
NO5	20260709-1600	99.85
NO5	20260709-1000	75.81
NO5	20260709-0100	103.42
NO5	20260709-0200	103.42
NO5	20260709-0300	106.99
NO5	20260709-0400	110.21
NO5	20260709-0900	78.36
NO5	20260709-0700	93.03
NO5	20260709-1200	54.72
NO5	20260709-1300	65.93
NO5	20260709-1700	110.21
NO5	20260709-0600	103.42
NO5	20260709-2000	113.54
NO5	20260709-2200	106.99
NO5	20260709-1500	77.77
NO5	20260709-2300	106.99
BE	20260709-2100	112.67
BE	20260709-0000	112.67
BE	20260709-0500	112.67
BE	20260709-1900	112.67
BE	20260709-0800	76.13
BE	20260709-1800	112.67
BE	20260709-1400	56.73
BE	20260709-1100	67.34
BE	20260709-1600	89.18
BE	20260709-1000	67.71
BE	20260709-0100	112.67
BE	20260709-0200	112.67
BE	20260709-0300	112.67
BE	20260709-0400	112.67
BE	20260709-0900	69.98
BE	20260709-0700	85.5
BE	20260709-1200	48.87
BE	20260709-1300	58.88
BE	20260709-1700	112.67
BE	20260709-0600	112.67
BE	20260709-2000	112.67
BE	20260709-2200	105.1
BE	20260709-1500	69.46
BE	20260709-2300	95.55
RO	20260709-2100	135.2
RO	20260709-0000	112.56
RO	20260709-0500	112.67
RO	20260709-1900	213.48
RO	20260709-0800	9.5
RO	20260709-1800	213.48
RO	20260709-1400	112.56
RO	20260709-1100	5.93
RO	20260709-1600	168.55
RO	20260709-1000	5.93
RO	20260709-0100	112.56
RO	20260709-0200	112.56
RO	20260709-0300	112.56
RO	20260709-0400	112.67
RO	20260709-0900	5.93
RO	20260709-0700	78.48
RO	20260709-1200	5.93
RO	20260709-1300	78.48
RO	20260709-1700	206.21
RO	20260709-0600	112.56
RO	20260709-2000	196.46
RO	20260709-2200	112.67
RO	20260709-1500	112.67
RO	20260709-2300	112.67
DK2	20260709-2100	112.67
DK2	20260709-0000	63.1
DK2	20260709-0500	64.31
DK2	20260709-1900	118.6
DK2	20260709-0800	57
DK2	20260709-1800	118.6
DK2	20260709-1400	31.25
DK2	20260709-1100	42.8
DK2	20260709-1600	99.09
DK2	20260709-1000	46.24
DK2	20260709-0100	63.05
DK2	20260709-0200	63.03
DK2	20260709-0300	63.07
DK2	20260709-0400	64.31
DK2	20260709-0900	30
DK2	20260709-0700	57
DK2	20260709-1200	34.89
DK2	20260709-1300	26.25
DK2	20260709-1700	112.67
DK2	20260709-0600	31.56
DK2	20260709-2000	113.59
DK2	20260709-2200	112.56
DK2	20260709-1500	78.48
DK2	20260709-2300	104
BG	20260709-2100	135.2
BG	20260709-0000	112.56
BG	20260709-0500	112.67
BG	20260709-1900	213.48
BG	20260709-0800	9.5
BG	20260709-1800	213.48
BG	20260709-1400	112.56
BG	20260709-1100	5.93
BG	20260709-1600	168.55
BG	20260709-1000	5.93
BG	20260709-0100	112.56
BG	20260709-0200	112.56
BG	20260709-0300	112.56
BG	20260709-0400	112.67
BG	20260709-0900	5.93
BG	20260709-0700	78.48
BG	20260709-1200	5.93
BG	20260709-1300	78.48
BG	20260709-1700	206.21
BG	20260709-0600	112.56
BG	20260709-2000	196.46
BG	20260709-2200	112.67
BG	20260709-1500	112.67
BG	20260709-2300	112.67
IT-CSOUTH	20260709-2100	135.2
IT-CSOUTH	20260709-0000	135.2
IT-CSOUTH	20260709-0500	135.2
IT-CSOUTH	20260709-1900	135.2
IT-CSOUTH	20260709-0800	135.2
IT-CSOUTH	20260709-1800	135.2
IT-CSOUTH	20260709-1400	135.2
IT-CSOUTH	20260709-1100	135.2
IT-CSOUTH	20260709-1600	135.2
IT-CSOUTH	20260709-1000	135.2
IT-CSOUTH	20260709-0100	135.2
IT-CSOUTH	20260709-0200	135.2
IT-CSOUTH	20260709-0300	135.2
IT-CSOUTH	20260709-0400	135.2
IT-CSOUTH	20260709-0900	135.2
IT-CSOUTH	20260709-0700	135.2
IT-CSOUTH	20260709-1200	135.2
IT-CSOUTH	20260709-1300	135.2
IT-CSOUTH	20260709-1700	135.2
IT-CSOUTH	20260709-0600	135.2
IT-CSOUTH	20260709-2000	135.2
IT-CSOUTH	20260709-2200	135.2
IT-CSOUTH	20260709-1500	135.2
IT-CSOUTH	20260709-2300	135.2
CZ	20260709-2100	99.09
CZ	20260709-0000	78.48
CZ	20260709-0500	99.09
CZ	20260709-1900	112.56
CZ	20260709-0800	15.58
CZ	20260709-1800	112.56
CZ	20260709-1400	64.31
CZ	20260709-1100	16
CZ	20260709-1600	99.09
CZ	20260709-1000	10.5
CZ	20260709-0100	78.48
CZ	20260709-0200	78.48
CZ	20260709-0300	75.34
CZ	20260709-0400	99.09
CZ	20260709-0900	12.5
CZ	20260709-0700	63.01
CZ	20260709-1200	34.89
CZ	20260709-1300	43.02
CZ	20260709-1700	112.56
CZ	20260709-0600	78.48
CZ	20260709-2000	112.56
CZ	20260709-2200	99.09
CZ	20260709-1500	78.48
CZ	20260709-2300	99.09
NO3	20260709-2100	118.6
NO3	20260709-0000	115.67
NO3	20260709-0500	118.6
NO3	20260709-1900	118.6
NO3	20260709-0800	95.33
NO3	20260709-1800	118.6
NO3	20260709-1400	71.04
NO3	20260709-1100	84.33
NO3	20260709-1600	111.68
NO3	20260709-1000	84.8
NO3	20260709-0100	115.67
NO3	20260709-0200	115.67
NO3	20260709-0300	118.6
NO3	20260709-0400	118.6
NO3	20260709-0900	87.64
NO3	20260709-0700	104.06
NO3	20260709-1200	61.2
NO3	20260709-1300	73.74
NO3	20260709-1700	118.6
NO3	20260709-0600	115.67
NO3	20260709-2000	118.6
NO3	20260709-2200	118.6
NO3	20260709-1500	86.99
NO3	20260709-2300	118.6
NO1	20260709-2100	101.3
NO1	20260709-0000	92.37
NO1	20260709-0500	96.64
NO1	20260709-1900	101.4
NO1	20260709-0800	76.13
NO1	20260709-1800	98.48
NO1	20260709-1400	56.73
NO1	20260709-1100	67.34
NO1	20260709-1600	89.18
NO1	20260709-1000	67.71
NO1	20260709-0100	92.37
NO1	20260709-0200	92.37
NO1	20260709-0300	95.55
NO1	20260709-0400	98.43
NO1	20260709-0900	69.98
NO1	20260709-0700	83.09
NO1	20260709-1200	48.87
NO1	20260709-1300	58.88
NO1	20260709-1700	98.43
NO1	20260709-0600	92.37
NO1	20260709-2000	101.4
NO1	20260709-2200	95.55
NO1	20260709-1500	69.46
NO1	20260709-2300	95.55
DE_LU	20260709-2100	112.67
DE_LU	20260709-0000	104.46
DE_LU	20260709-0500	112.56
DE_LU	20260709-1900	118.6
DE_LU	20260709-0800	73.1
DE_LU	20260709-1800	118.6
DE_LU	20260709-1400	64.31
DE_LU	20260709-1100	42.8
DE_LU	20260709-1600	99.09
DE_LU	20260709-1000	46.24
DE_LU	20260709-0100	106.17
DE_LU	20260709-0200	106.17
DE_LU	20260709-0300	110.48
DE_LU	20260709-0400	112.56
DE_LU	20260709-0900	65.63
DE_LU	20260709-0700	91.27
DE_LU	20260709-1200	34.89
DE_LU	20260709-1300	43.02
DE_LU	20260709-1700	112.67
DE_LU	20260709-0600	106.17
DE_LU	20260709-2000	113.59
DE_LU	20260709-2200	112.56
DE_LU	20260709-1500	78.48
DE_LU	20260709-2300	108.59
SK	20260709-2100	101.3
SK	20260709-0000	92.37
SK	20260709-0500	96.64
SK	20260709-1900	101.4
SK	20260709-0800	76.13
SK	20260709-1800	98.48
SK	20260709-1400	56.73
SK	20260709-1100	67.34
SK	20260709-1600	89.18
SK	20260709-1000	67.71
SK	20260709-0100	92.37
SK	20260709-0200	92.37
SK	20260709-0300	95.55
SK	20260709-0400	98.43
SK	20260709-0900	69.98
SK	20260709-0700	83.09
SK	20260709-1200	48.87
SK	20260709-1300	58.88
SK	20260709-1700	98.43
SK	20260709-0600	92.37
SK	20260709-2000	101.4
SK	20260709-2200	95.55
SK	20260709-1500	69.46
SK	20260709-2300	95.55
EE	20260709-2100	99.09
EE	20260709-0000	9.5
EE	20260709-0500	15.69
EE	20260709-1900	99.09
EE	20260709-0800	15.58
EE	20260709-1800	99.09
EE	20260709-1400	9.5
EE	20260709-1100	9.5
EE	20260709-1600	99.09
EE	20260709-1000	9.5
EE	20260709-0100	9.5
EE	20260709-0200	9.5
EE	20260709-0300	9.5
EE	20260709-0400	12.01
EE	20260709-0900	9.5
EE	20260709-0700	18.75
EE	20260709-1200	9.5
EE	20260709-1300	9.5
EE	20260709-1700	99.09
EE	20260709-0600	22.19
EE	20260709-2000	99.09
EE	20260709-2200	87.75
EE	20260709-1500	39.66
EE	20260709-2300	99.09
SE4	20260709-2100	99.09
SE4	20260709-0000	45.04
SE4	20260709-0500	49.57
SE4	20260709-1900	99.09
SE4	20260709-0800	32.66
SE4	20260709-1800	99.09
SE4	20260709-1400	27.67
SE4	20260709-1100	27.99
SE4	20260709-1600	99.09
SE4	20260709-1000	29.8
SE4	20260709-0100	44.84
SE4	20260709-0200	45.01
SE4	20260709-0300	45.04
SE4	20260709-0400	49.57
SE4	20260709-0900	18.95
SE4	20260709-0700	57
SE4	20260709-1200	21.97
SE4	20260709-1300	26.25
SE4	20260709-1700	99.09
SE4	20260709-0600	31.39
SE4	20260709-2000	99.09
SE4	20260709-2200	87.75
SE4	20260709-1500	78.48
SE4	20260709-2300	99.09
SI	20260710-1700	116.94
SI	20260710-1800	137.41
SI	20260710-1200	5
SI	20260710-0000	10.64
SI	20260710-1600	13.76
SI	20260710-0600	84.76
SI	20260710-1300	5.92
SI	20260710-0100	11.93
SI	20260710-2000	114.51
SI	20260710-0300	14.87
SI	20260710-0800	5
SI	20260710-0900	5
SI	20260710-1400	6.03
SI	20260710-1900	137.41
SI	20260710-0700	6.03
SI	20260710-1000	5
SI	20260710-1100	5
SI	20260710-0400	57
SI	20260710-0200	12.95
SI	20260710-0500	9.5
SI	20260710-1500	9.5
ES	20260710-1700	114.51
ES	20260710-1800	118.19
ES	20260710-1200	23.75
ES	20260710-0000	114.51
ES	20260710-1600	77.86
ES	20260710-0600	114.51
ES	20260710-1300	9.5
ES	20260710-0100	114.51
ES	20260710-2000	210.94
ES	20260710-0300	135.05
ES	20260710-0800	57
ES	20260710-0900	49.26
ES	20260710-1400	9.5
ES	20260710-1900	210.27
ES	20260710-0700	89.68
ES	20260710-1000	43.91
ES	20260710-1100	23.75
ES	20260710-0400	159.43
ES	20260710-0200	114.51
ES	20260710-0500	201.17
ES	20260710-1500	12.5
GR	20260710-1700	206.89
GR	20260710-1800	210.94
GR	20260710-1200	6.03
GR	20260710-0000	114.51
GR	20260710-1600	144.85
GR	20260710-0600	80.54
GR	20260710-1300	12.56
GR	20260710-0100	112.49
GR	20260710-2000	197.42
GR	20260710-0300	114.51
GR	20260710-0800	6.03
GR	20260710-0900	5.92
GR	20260710-1400	80.54
GR	20260710-1900	207.41
GR	20260710-0700	10.51
GR	20260710-1000	5.92
GR	20260710-1100	5.92
GR	20260710-0400	114.51
GR	20260710-0200	114.51
GR	20260710-0500	114.51
GR	20260710-1500	114.51
IT-CNORTH	20260710-1700	137.41
IT-CNORTH	20260710-1800	137.41
IT-CNORTH	20260710-1200	137.41
IT-CNORTH	20260710-0000	137.41
IT-CNORTH	20260710-1600	137.41
IT-CNORTH	20260710-0600	137.41
IT-CNORTH	20260710-1300	137.41
IT-CNORTH	20260710-0100	137.41
IT-CNORTH	20260710-2000	137.41
IT-CNORTH	20260710-0300	137.41
IT-CNORTH	20260710-0800	137.41
IT-CNORTH	20260710-0900	137.41
IT-CNORTH	20260710-1400	137.41
IT-CNORTH	20260710-1900	137.41
IT-CNORTH	20260710-0700	137.41
IT-CNORTH	20260710-1000	137.41
IT-CNORTH	20260710-1100	137.41
IT-CNORTH	20260710-0400	137.41
IT-CNORTH	20260710-0200	137.41
IT-CNORTH	20260710-0500	137.41
IT-CNORTH	20260710-1500	137.41
HU	20260710-1700	114.51
HU	20260710-1800	114.51
HU	20260710-1200	5
HU	20260710-0000	10.64
HU	20260710-1600	106.15
HU	20260710-0600	5.92
HU	20260710-1300	5.92
HU	20260710-0100	11.93
HU	20260710-2000	114.51
HU	20260710-0300	14.87
HU	20260710-0800	1
HU	20260710-0900	5
HU	20260710-1400	6.03
HU	20260710-1900	114.51
HU	20260710-0700	1
HU	20260710-1000	5
HU	20260710-1100	5
HU	20260710-0400	57
HU	20260710-0200	12.95
HU	20260710-0500	9.5
HU	20260710-1500	64.25
IT-SOUTH	20260710-1700	137.41
IT-SOUTH	20260710-1800	137.41
IT-SOUTH	20260710-1200	137.41
IT-SOUTH	20260710-0000	137.41
IT-SOUTH	20260710-1600	137.41
IT-SOUTH	20260710-0600	137.41
IT-SOUTH	20260710-1300	137.41
IT-SOUTH	20260710-0100	137.41
IT-SOUTH	20260710-2000	137.41
IT-SOUTH	20260710-0300	137.41
IT-SOUTH	20260710-0800	137.41
IT-SOUTH	20260710-0900	137.41
IT-SOUTH	20260710-1400	137.41
IT-SOUTH	20260710-1900	137.41
IT-SOUTH	20260710-0700	137.41
IT-SOUTH	20260710-1000	137.41
IT-SOUTH	20260710-1100	137.41
IT-SOUTH	20260710-0400	137.41
IT-SOUTH	20260710-0200	137.41
IT-SOUTH	20260710-0500	137.41
IT-SOUTH	20260710-1500	137.41
IT-Sicily	20260710-1700	137.41
IT-Sicily	20260710-1800	137.41
IT-Sicily	20260710-1200	137.41
IT-Sicily	20260710-0000	137.41
IT-Sicily	20260710-1600	137.41
IT-Sicily	20260710-0600	137.41
IT-Sicily	20260710-1300	137.41
IT-Sicily	20260710-0100	137.41
IT-Sicily	20260710-2000	137.41
IT-Sicily	20260710-0300	137.41
IT-Sicily	20260710-0800	137.41
IT-Sicily	20260710-0900	137.41
IT-Sicily	20260710-1400	137.41
IT-Sicily	20260710-1900	137.41
IT-Sicily	20260710-0700	137.41
IT-Sicily	20260710-1000	137.41
IT-Sicily	20260710-1100	137.41
IT-Sicily	20260710-0400	137.41
IT-Sicily	20260710-0200	137.41
IT-Sicily	20260710-0500	137.41
IT-Sicily	20260710-1500	137.41
IT-Sardinia	20260710-1700	137.41
IT-Sardinia	20260710-1800	137.41
IT-Sardinia	20260710-1200	85.5
IT-Sardinia	20260710-0000	137.41
IT-Sardinia	20260710-1600	137.41
IT-Sardinia	20260710-0600	137.41
IT-Sardinia	20260710-1300	85.5
IT-Sardinia	20260710-0100	137.41
IT-Sardinia	20260710-2000	137.41
IT-Sardinia	20260710-0300	137.41
IT-Sardinia	20260710-0800	117.9
IT-Sardinia	20260710-0900	109.01
IT-Sardinia	20260710-1400	112.55
IT-Sardinia	20260710-1900	137.41
IT-Sardinia	20260710-0700	130.25
IT-Sardinia	20260710-1000	127.38
IT-Sardinia	20260710-1100	118.85
IT-Sardinia	20260710-0400	137.41
IT-Sardinia	20260710-0200	137.41
IT-Sardinia	20260710-0500	137.41
IT-Sardinia	20260710-1500	127.38
RS	20260710-1700	206.89
RS	20260710-1800	210.94
RS	20260710-1200	6.03
RS	20260710-0000	114.51
RS	20260710-1600	144.85
RS	20260710-0600	80.54
RS	20260710-1300	12.56
RS	20260710-0100	112.49
RS	20260710-2000	197.42
RS	20260710-0300	112.49
RS	20260710-0800	6.03
RS	20260710-0900	5.92
RS	20260710-1400	80.54
RS	20260710-1900	216.97
RS	20260710-0700	10.51
RS	20260710-1000	5.92
RS	20260710-1100	5.92
RS	20260710-0400	114.51
RS	20260710-0200	112.49
RS	20260710-0500	114.51
RS	20260710-1500	114.51
DK1	20260710-1700	114.51
DK1	20260710-1800	118.19
DK1	20260710-1200	23.75
DK1	20260710-0000	112.49
DK1	20260710-1600	100.3
DK1	20260710-0600	106.15
DK1	20260710-1300	36.12
DK1	20260710-0100	112.49
DK1	20260710-2000	114.51
DK1	20260710-0300	114.51
DK1	20260710-0800	75.13
DK1	20260710-0900	57
DK1	20260710-1400	57
DK1	20260710-1900	120.54
DK1	20260710-0700	89.68
DK1	20260710-1000	43.91
DK1	20260710-1100	16
DK1	20260710-0400	114.51
DK1	20260710-0200	112.49
DK1	20260710-0500	112.49
DK1	20260710-1500	78.41
CH	20260710-1700	114.55
CH	20260710-1800	118.19
CH	20260710-1200	23.75
CH	20260710-0000	101.07
CH	20260710-1600	100.3
CH	20260710-0600	95.4
CH	20260710-1300	36.12
CH	20260710-0100	112.49
CH	20260710-2000	114.51
CH	20260710-0300	114.51
CH	20260710-0800	75.13
CH	20260710-0900	57
CH	20260710-1400	57
CH	20260710-1900	120.54
CH	20260710-0700	89.68
CH	20260710-1000	43.91
CH	20260710-1100	23.75
CH	20260710-0400	114.51
CH	20260710-0200	103.28
CH	20260710-0500	108.43
CH	20260710-1500	78.41
SE1	20260710-1700	58.68
SE1	20260710-1800	56.96
SE1	20260710-1200	59.82
SE1	20260710-0000	43.61
SE1	20260710-1600	58.93
SE1	20260710-0600	57.47
SE1	20260710-1300	59.89
SE1	20260710-0100	44.29
SE1	20260710-2000	55.31
SE1	20260710-0300	52.11
SE1	20260710-0800	60.54
SE1	20260710-0900	60.51
SE1	20260710-1400	60.1
SE1	20260710-1900	55.63
SE1	20260710-0700	59.99
SE1	20260710-1000	60.13
SE1	20260710-1100	59.89
SE1	20260710-0400	57.92
SE1	20260710-0200	48.01
SE1	20260710-0500	63.06
SE1	20260710-1500	60.23
NO4	20260710-1700	43.11
NO4	20260710-1800	43.44
NO4	20260710-1200	41.99
NO4	20260710-0000	27.91
NO4	20260710-1600	42.26
NO4	20260710-0600	38.37
NO4	20260710-1300	42.88
NO4	20260710-0100	27.38
NO4	20260710-2000	41.47
NO4	20260710-0300	25.31
NO4	20260710-0800	40.98
NO4	20260710-0900	41.24
NO4	20260710-1400	42.96
NO4	20260710-1900	42.44
NO4	20260710-0700	39.15
NO4	20260710-1000	40.85
NO4	20260710-1100	41.93
NO4	20260710-0400	27.05
NO4	20260710-0200	26.21
NO4	20260710-0500	33.45
NO4	20260710-1500	41.91
SE3	20260710-1700	112.49
SE3	20260710-1800	106.15
SE3	20260710-1200	23.75
SE3	20260710-0000	95.54
SE3	20260710-1600	99.04
SE3	20260710-0600	99.04
SE3	20260710-1300	52.25
SE3	20260710-0100	101.24
SE3	20260710-2000	112.49
SE3	20260710-0300	101.24
SE3	20260710-0800	65.04
SE3	20260710-0900	53.8
SE3	20260710-1400	57
SE3	20260710-1900	106.15
SE3	20260710-0700	80.54
SE3	20260710-1000	51.39
SE3	20260710-1100	16
SE3	20260710-0400	106.15
SE3	20260710-0200	101.24
SE3	20260710-0500	106.15
SE3	20260710-1500	68.94
FR	20260710-1700	114.51
FR	20260710-1800	118.19
FR	20260710-1200	23.75
FR	20260710-0000	68.37
FR	20260710-1600	77.86
FR	20260710-0600	88.81
FR	20260710-1300	36.12
FR	20260710-0100	71.01
FR	20260710-2000	114.51
FR	20260710-0300	75.34
FR	20260710-0800	57
FR	20260710-0900	49.26
FR	20260710-1400	36.79
FR	20260710-1900	120.54
FR	20260710-0700	89.68
FR	20260710-1000	43.91
FR	20260710-1100	23.75
FR	20260710-0400	79.59
FR	20260710-0200	67.13
FR	20260710-0500	92.92
FR	20260710-1500	43.26
FI	20260710-1700	14.58
FI	20260710-1800	13.53
FI	20260710-1200	9.5
FI	20260710-0000	9.5
FI	20260710-1600	13.72
FI	20260710-0600	16.02
FI	20260710-1300	9.5
FI	20260710-0100	9.5
FI	20260710-2000	13.63
FI	20260710-0300	10.63
FI	20260710-0800	9.5
FI	20260710-0900	9.5
FI	20260710-1400	9.5
FI	20260710-1900	14.05
FI	20260710-0700	14.02
FI	20260710-1000	9.5
FI	20260710-1100	9.5
FI	20260710-0400	13.07
FI	20260710-0200	10.52
FI	20260710-0500	18.38
FI	20260710-1500	14.94
PL	20260710-1700	99.04
PL	20260710-1800	112.49
PL	20260710-1200	64.25
PL	20260710-0000	99.04
PL	20260710-1600	99.04
PL	20260710-0600	99.04
PL	20260710-1300	64.25
PL	20260710-0100	99.04
PL	20260710-2000	99.04
PL	20260710-0300	99.04
PL	20260710-0800	64.25
PL	20260710-0900	64.25
PL	20260710-1400	78.41
PL	20260710-1900	106.15
PL	20260710-0700	78.41
PL	20260710-1000	64.25
PL	20260710-1100	64.25
PL	20260710-0400	99.04
PL	20260710-0200	99.04
PL	20260710-0500	99.04
PL	20260710-1500	97.12
IT-Calabria	20260710-1700	137.41
IT-Calabria	20260710-1800	137.41
IT-Calabria	20260710-1200	137.41
IT-Calabria	20260710-0000	137.41
IT-Calabria	20260710-1600	137.41
IT-Calabria	20260710-0600	137.41
IT-Calabria	20260710-1300	137.41
IT-Calabria	20260710-0100	137.41
IT-Calabria	20260710-2000	137.41
IT-Calabria	20260710-0300	137.41
IT-Calabria	20260710-0800	137.41
IT-Calabria	20260710-0900	137.41
IT-Calabria	20260710-1400	137.41
IT-Calabria	20260710-1900	137.41
IT-Calabria	20260710-0700	137.41
IT-Calabria	20260710-1000	137.41
IT-Calabria	20260710-1100	137.41
IT-Calabria	20260710-0400	137.41
IT-Calabria	20260710-0200	137.41
IT-Calabria	20260710-0500	137.41
IT-Calabria	20260710-1500	137.41
AT	20260710-1700	114.55
AT	20260710-1800	118.19
AT	20260710-1200	4.8
AT	20260710-0000	96.73
AT	20260710-1600	100.3
AT	20260710-0600	95.4
AT	20260710-1300	4.8
AT	20260710-0100	112.49
AT	20260710-2000	116.5
AT	20260710-0300	114.51
AT	20260710-0800	75.13
AT	20260710-0900	3.75
AT	20260710-1400	57
AT	20260710-1900	120.54
AT	20260710-0700	89.68
AT	20260710-1000	4.8
AT	20260710-1100	3.75
AT	20260710-0400	114.51
AT	20260710-0200	91.62
AT	20260710-0500	108.43
AT	20260710-1500	78.41
SE2	20260710-1700	58.68
SE2	20260710-1800	56.96
SE2	20260710-1200	59.82
SE2	20260710-0000	1
SE2	20260710-1600	58.93
SE2	20260710-0600	57.47
SE2	20260710-1300	59.89
SE2	20260710-0100	1
SE2	20260710-2000	55.31
SE2	20260710-0300	36.52
SE2	20260710-0800	60.54
SE2	20260710-0900	60.51
SE2	20260710-1400	60.1
SE2	20260710-1900	55.63
SE2	20260710-0700	59.99
SE2	20260710-1000	60.13
SE2	20260710-1100	59.89
SE2	20260710-0400	43.56
SE2	20260710-0200	1
SE2	20260710-0500	52.12
SE2	20260710-1500	60.23
IT-NORTH	20260710-1700	137.41
IT-NORTH	20260710-1800	137.41
IT-NORTH	20260710-1200	137.41
IT-NORTH	20260710-0000	137.41
IT-NORTH	20260710-1600	137.41
IT-NORTH	20260710-0600	137.41
IT-NORTH	20260710-1300	137.41
IT-NORTH	20260710-0100	137.41
IT-NORTH	20260710-2000	137.41
IT-NORTH	20260710-0300	137.41
IT-NORTH	20260710-0800	137.41
IT-NORTH	20260710-0900	137.41
IT-NORTH	20260710-1400	137.41
IT-NORTH	20260710-1900	137.41
IT-NORTH	20260710-0700	137.41
IT-NORTH	20260710-1000	137.41
IT-NORTH	20260710-1100	137.41
IT-NORTH	20260710-0400	137.41
IT-NORTH	20260710-0200	137.41
IT-NORTH	20260710-0500	137.41
IT-NORTH	20260710-1500	137.41
LT	20260710-1700	106.15
LT	20260710-1800	112.49
LT	20260710-1200	9.5
LT	20260710-0000	99.04
LT	20260710-1600	99.04
LT	20260710-0600	80.54
LT	20260710-1300	9.5
LT	20260710-0100	99.04
LT	20260710-2000	99.04
LT	20260710-0300	80.54
LT	20260710-0800	9.5
LT	20260710-0900	9.5
LT	20260710-1400	9.5
LT	20260710-1900	106.15
LT	20260710-0700	14.02
LT	20260710-1000	6.03
LT	20260710-1100	9.5
LT	20260710-0400	71.65
LT	20260710-0200	92.79
LT	20260710-0500	89.82
LT	20260710-1500	80.54
PT	20260710-1700	114.51
PT	20260710-1800	118.19
PT	20260710-1200	23.75
PT	20260710-0000	114.51
PT	20260710-1600	77.86
PT	20260710-0600	114.51
PT	20260710-1300	9.5
PT	20260710-0100	114.51
PT	20260710-2000	210.94
PT	20260710-0300	135.05
PT	20260710-0800	57
PT	20260710-0900	49.26
PT	20260710-1400	9.5
PT	20260710-1900	210.27
PT	20260710-0700	89.68
PT	20260710-1000	43.91
PT	20260710-1100	23.75
PT	20260710-0400	159.43
PT	20260710-0200	114.51
PT	20260710-0500	201.17
PT	20260710-1500	12.5
NO2	20260710-1700	120.54
NO2	20260710-1800	120.54
NO2	20260710-1200	27.62
NO2	20260710-0000	120.54
NO2	20260710-1600	115.18
NO2	20260710-0600	115.18
NO2	20260710-1300	60.77
NO2	20260710-0100	120.54
NO2	20260710-2000	120.54
NO2	20260710-0300	120.54
NO2	20260710-0800	75.64
NO2	20260710-0900	62.57
NO2	20260710-1400	66.29
NO2	20260710-1900	120.54
NO2	20260710-0700	93.67
NO2	20260710-1000	59.77
NO2	20260710-1100	18.61
NO2	20260710-0400	120.54
NO2	20260710-0200	120.54
NO2	20260710-0500	120.54
NO2	20260710-1500	80.18
LV	20260710-1700	106.15
LV	20260710-1800	112.49
LV	20260710-1200	9.5
LV	20260710-0000	99.04
LV	20260710-1600	99.04
LV	20260710-0600	16.02
LV	20260710-1300	9.5
LV	20260710-0100	99.04
LV	20260710-2000	99.04
LV	20260710-0300	80.54
LV	20260710-0800	9.5
LV	20260710-0900	9.5
LV	20260710-1400	9.5
LV	20260710-1900	106.15
LV	20260710-0700	14.02
LV	20260710-1000	6.03
LV	20260710-1100	9.5
LV	20260710-0400	71.65
LV	20260710-0200	92.79
LV	20260710-0500	80.54
LV	20260710-1500	80.54
NL	20260710-1700	106.15
NL	20260710-1800	106.15
NL	20260710-1200	23.75
NL	20260710-0000	106.15
NL	20260710-1600	100.3
NL	20260710-0600	106.15
NL	20260710-1300	36.12
NL	20260710-0100	106.15
NL	20260710-2000	106.15
NL	20260710-0300	106.15
NL	20260710-0800	99.04
NL	20260710-0900	75.14
NL	20260710-1400	57
NL	20260710-1900	106.15
NL	20260710-0700	99.04
NL	20260710-1000	43.91
NL	20260710-1100	16
NL	20260710-0400	106.15
NL	20260710-0200	106.15
NL	20260710-0500	106.15
NL	20260710-1500	78.41
NO5	20260710-1700	110.16
NO5	20260710-1800	111.18
NO5	20260710-1200	23.93
NO5	20260710-0000	106.97
NO5	20260710-1600	99.8
NO5	20260710-0600	99.8
NO5	20260710-1300	52.65
NO5	20260710-0100	110.16
NO5	20260710-2000	110.16
NO5	20260710-0300	110.16
NO5	20260710-0800	82.67
NO5	20260710-0900	64.97
NO5	20260710-1400	57.44
NO5	20260710-1900	111.18
NO5	20260710-0700	90.48
NO5	20260710-1000	51.78
NO5	20260710-1100	16.12
NO5	20260710-0400	111.18
NO5	20260710-0200	110.16
NO5	20260710-0500	110.16
NO5	20260710-1500	69.47
BE	20260710-1700	109.32
BE	20260710-1800	114.51
BE	20260710-1200	21.38
BE	20260710-0000	106.15
BE	20260710-1600	89.14
BE	20260710-0600	99.04
BE	20260710-1300	47.02
BE	20260710-0100	106.15
BE	20260710-2000	114.51
BE	20260710-0300	109.32
BE	20260710-0800	73.84
BE	20260710-0900	58.02
BE	20260710-1400	51.3
BE	20260710-1900	114.51
BE	20260710-0700	80.81
BE	20260710-1000	46.25
BE	20260710-1100	14.4
BE	20260710-0400	110.33
BE	20260710-0200	106.15
BE	20260710-0500	114.51
BE	20260710-1500	62.05
RO	20260710-1700	206.89
RO	20260710-1800	216.97
RO	20260710-1200	6.03
RO	20260710-0000	114.51
RO	20260710-1600	144.85
RO	20260710-0600	80.54
RO	20260710-1300	12.56
RO	20260710-0100	112.49
RO	20260710-2000	197.42
RO	20260710-0300	112.49
RO	20260710-0800	6.03
RO	20260710-0900	5.92
RO	20260710-1400	80.54
RO	20260710-1900	216.97
RO	20260710-0700	10.51
RO	20260710-1000	5.92
RO	20260710-1100	5.92
RO	20260710-0400	114.51
RO	20260710-0200	112.49
RO	20260710-0500	114.51
RO	20260710-1500	114.51
DK2	20260710-1700	114.51
DK2	20260710-1800	118.19
DK2	20260710-1200	24.56
DK2	20260710-0000	99.04
DK2	20260710-1600	99.04
DK2	20260710-0600	99.04
DK2	20260710-1300	37.09
DK2	20260710-0100	99.04
DK2	20260710-2000	114.51
DK2	20260710-0300	80.54
DK2	20260710-0800	75.13
DK2	20260710-0900	57
DK2	20260710-1400	57
DK2	20260710-1900	120.54
DK2	20260710-0700	78.41
DK2	20260710-1000	43.91
DK2	20260710-1100	21.16
DK2	20260710-0400	114.51
DK2	20260710-0200	99.04
DK2	20260710-0500	112.49
DK2	20260710-1500	78.41
BG	20260710-1700	206.89
BG	20260710-1800	210.94
BG	20260710-1200	6.03
BG	20260710-0000	114.51
BG	20260710-1600	144.85
BG	20260710-0600	80.54
BG	20260710-1300	12.56
BG	20260710-0100	112.49
BG	20260710-2000	197.42
BG	20260710-0300	112.49
BG	20260710-0800	6.03
BG	20260710-0900	5.92
BG	20260710-1400	80.54
BG	20260710-1900	207.41
BG	20260710-0700	10.51
BG	20260710-1000	5.92
BG	20260710-1100	5.92
BG	20260710-0400	114.51
BG	20260710-0200	112.49
BG	20260710-0500	114.51
BG	20260710-1500	114.51
IT-CSOUTH	20260710-1700	137.41
IT-CSOUTH	20260710-1800	137.41
IT-CSOUTH	20260710-1200	137.41
IT-CSOUTH	20260710-0000	137.41
IT-CSOUTH	20260710-1600	137.41
IT-CSOUTH	20260710-0600	137.41
IT-CSOUTH	20260710-1300	137.41
IT-CSOUTH	20260710-0100	137.41
IT-CSOUTH	20260710-2000	137.41
IT-CSOUTH	20260710-0300	137.41
IT-CSOUTH	20260710-0800	137.41
IT-CSOUTH	20260710-0900	137.41
IT-CSOUTH	20260710-1400	137.41
IT-CSOUTH	20260710-1900	137.41
IT-CSOUTH	20260710-0700	137.41
IT-CSOUTH	20260710-1000	137.41
IT-CSOUTH	20260710-1100	137.41
IT-CSOUTH	20260710-0400	137.41
IT-CSOUTH	20260710-0200	137.41
IT-CSOUTH	20260710-0500	137.41
IT-CSOUTH	20260710-1500	137.41
CZ	20260710-1700	112.49
CZ	20260710-1800	112.49
CZ	20260710-1200	23.75
CZ	20260710-0000	78.41
CZ	20260710-1600	100.3
CZ	20260710-0600	99.04
CZ	20260710-1300	36.12
CZ	20260710-0100	99.04
CZ	20260710-2000	99.04
CZ	20260710-0300	78.41
CZ	20260710-0800	64.25
CZ	20260710-0900	16.1
CZ	20260710-1400	57
CZ	20260710-1900	112.49
CZ	20260710-0700	78.41
CZ	20260710-1000	43.91
CZ	20260710-1100	16
CZ	20260710-0400	82.18
CZ	20260710-0200	99.04
CZ	20260710-0500	99.04
CZ	20260710-1500	78.41
NO3	20260710-1700	120.54
NO3	20260710-1800	120.54
NO3	20260710-1200	26.77
NO3	20260710-0000	119.64
NO3	20260710-1600	111.63
NO3	20260710-0600	111.63
NO3	20260710-1300	58.89
NO3	20260710-0100	120.54
NO3	20260710-2000	120.54
NO3	20260710-0300	120.54
NO3	20260710-0800	92.47
NO3	20260710-0900	72.66
NO3	20260710-1400	64.24
NO3	20260710-1900	120.54
NO3	20260710-0700	101.2
NO3	20260710-1000	57.92
NO3	20260710-1100	18.03
NO3	20260710-0400	120.54
NO3	20260710-0200	120.54
NO3	20260710-0500	120.54
NO3	20260710-1500	77.7
NO1	20260710-1700	98.39
NO1	20260710-1800	99.3
NO1	20260710-1200	21.38
NO1	20260710-0000	95.54
NO1	20260710-1600	89.14
NO1	20260710-0600	89.14
NO1	20260710-1300	47.02
NO1	20260710-0100	98.39
NO1	20260710-2000	98.39
NO1	20260710-0300	98.39
NO1	20260710-0800	73.84
NO1	20260710-0900	58.02
NO1	20260710-1400	51.3
NO1	20260710-1900	99.3
NO1	20260710-0700	80.81
NO1	20260710-1000	46.25
NO1	20260710-1100	14.4
NO1	20260710-0400	99.3
NO1	20260710-0200	98.39
NO1	20260710-0500	98.39
NO1	20260710-1500	62.05
DE_LU	20260710-1700	114.51
DE_LU	20260710-1800	118.19
DE_LU	20260710-1200	23.75
DE_LU	20260710-0000	112.49
DE_LU	20260710-1600	100.3
DE_LU	20260710-0600	106.15
DE_LU	20260710-1300	36.12
DE_LU	20260710-0100	112.49
DE_LU	20260710-2000	114.51
DE_LU	20260710-0300	114.51
DE_LU	20260710-0800	75.13
DE_LU	20260710-0900	57
DE_LU	20260710-1400	57
DE_LU	20260710-1900	120.54
DE_LU	20260710-0700	89.68
DE_LU	20260710-1000	43.91
DE_LU	20260710-1100	16
DE_LU	20260710-0400	114.51
DE_LU	20260710-0200	112.49
DE_LU	20260710-0500	112.49
DE_LU	20260710-1500	78.41
SK	20260710-1700	98.39
SK	20260710-1800	99.3
SK	20260710-1200	21.38
SK	20260710-0000	95.54
SK	20260710-1600	89.14
SK	20260710-0600	89.14
SK	20260710-1300	47.02
SK	20260710-0100	98.39
SK	20260710-2000	98.39
SK	20260710-0300	98.39
SK	20260710-0800	73.84
SK	20260710-0900	58.02
SK	20260710-1400	51.3
SK	20260710-1900	99.3
SK	20260710-0700	80.81
SK	20260710-1000	46.25
SK	20260710-1100	14.4
SK	20260710-0400	99.3
SK	20260710-0200	98.39
SK	20260710-0500	98.39
SK	20260710-1500	62.05
EE	20260710-1700	106.15
EE	20260710-1800	112.49
EE	20260710-1200	9.5
EE	20260710-0000	99.04
EE	20260710-1600	99.04
EE	20260710-0600	16.02
EE	20260710-1300	9.5
EE	20260710-0100	99.04
EE	20260710-2000	99.04
EE	20260710-0300	80.54
EE	20260710-0800	9.5
EE	20260710-0900	9.5
EE	20260710-1400	9.5
EE	20260710-1900	106.15
EE	20260710-0700	14.02
EE	20260710-1000	6.03
EE	20260710-1100	9.5
EE	20260710-0400	71.65
EE	20260710-0200	92.79
EE	20260710-0500	80.54
EE	20260710-1500	80.54
SE4	20260710-1700	106.15
SE4	20260710-1800	112.49
SE4	20260710-1200	24.56
SE4	20260710-0000	99.04
SE4	20260710-1600	99.04
SE4	20260710-0600	99.04
SE4	20260710-1300	37.09
SE4	20260710-0100	99.04
SE4	20260710-2000	99.04
SE4	20260710-0300	80.54
SE4	20260710-0800	64.25
SE4	20260710-0900	57
SE4	20260710-1400	57
SE4	20260710-1900	106.15
SE4	20260710-0700	78.41
SE4	20260710-1000	43.91
SE4	20260710-1100	21.16
SE4	20260710-0400	71.65
SE4	20260710-0200	92.79
SE4	20260710-0500	89.82
SE4	20260710-1500	80.54
SI	20260711-2100	5.9
SI	20260711-2300	12.37
ES	20260711-2100	112.13
ES	20260711-2300	112.13
GR	20260711-2100	134.56
GR	20260711-2300	112.13
IT-CNORTH	20260711-2100	134.56
IT-CNORTH	20260711-2300	134.56
HU	20260711-2100	106.26
HU	20260711-2300	12.37
IT-SOUTH	20260711-2100	134.56
IT-SOUTH	20260711-2300	134.56
IT-Sicily	20260711-2100	134.56
IT-Sicily	20260711-2300	134.56
IT-Sardinia	20260711-2100	134.56
IT-Sardinia	20260711-2300	134.56
RS	20260711-2100	112.88
RS	20260711-2300	112.13
DK1	20260711-2100	108.83
DK1	20260711-2300	105.38
CH	20260711-2100	108.83
CH	20260711-2300	105.38
SE1	20260711-2100	1
SE1	20260711-2300	1
NO4	20260711-2100	34.25
NO4	20260711-2300	32.77
SE3	20260711-2100	89.4
SE3	20260711-2300	89.4
FR	20260711-2100	108.83
FR	20260711-2300	69.94
FI	20260711-2100	9.5
FI	20260711-2300	9.5
PL	20260711-2100	99.33
PL	20260711-2300	81.48
IT-Calabria	20260711-2100	134.56
IT-Calabria	20260711-2300	134.56
AT	20260711-2100	108.83
AT	20260711-2300	105.38
SE2	20260711-2100	1
SE2	20260711-2300	1
IT-NORTH	20260711-2100	134.56
IT-NORTH	20260711-2300	134.56
LT	20260711-2100	99.33
LT	20260711-2300	81.48
PT	20260711-2100	112.13
PT	20260711-2300	112.13
NO2	20260711-2100	115.52
NO2	20260711-2300	115.52
LV	20260711-2100	99.33
LV	20260711-2300	81.48
NL	20260711-2100	106.26
NL	20260711-2300	105.38
NO5	20260711-2100	100.09
NO5	20260711-2300	100.09
BE	20260711-2100	106.26
BE	20260711-2300	89.4
RO	20260711-2100	112.88
RO	20260711-2300	112.13
DK2	20260711-2100	99.33
DK2	20260711-2300	99.33
BG	20260711-2100	112.88
BG	20260711-2300	112.13
IT-CSOUTH	20260711-2100	134.56
IT-CSOUTH	20260711-2300	134.56
CZ	20260711-2100	108.83
CZ	20260711-2300	81.48
NO3	20260711-2100	111.95
NO3	20260711-2300	111.95
NO1	20260711-2100	89.4
NO1	20260711-2300	89.4
DE_LU	20260711-2100	108.83
DE_LU	20260711-2300	105.38
SK	20260711-2100	89.4
SK	20260711-2300	89.4
EE	20260711-2100	99.33
EE	20260711-2300	81.48
SE4	20260711-2100	89.4
SE4	20260711-2300	81.48
SI	20260712-0700	5.9
SI	20260712-0600	9.5
SI	20260712-2000	78.03
SI	20260712-1300	4.8
SI	20260712-2300	11.32
SI	20260712-1000	2.85
SI	20260712-1200	2.85
SI	20260712-0800	5
SI	20260712-2200	13.79
SI	20260712-0000	10.69
SI	20260712-0200	9.5
SI	20260712-1100	2.85
SI	20260712-1600	11.02
SI	20260712-0400	9.5
SI	20260712-0500	9.5
SI	20260712-1500	9.5
SI	20260712-0900	3.75
SI	20260712-0100	10.58
SI	20260712-1900	112.13
SI	20260712-2100	14.13
SI	20260712-1400	4.8
SI	20260712-1700	25.56
SI	20260712-1800	106.26
SI	20260712-0300	9.5
ES	20260712-0700	15.84
ES	20260712-0600	42.23
ES	20260712-2000	206.55
ES	20260712-1300	5.9
ES	20260712-2300	112.13
ES	20260712-1000	8.28
ES	20260712-1200	9.1
ES	20260712-0800	13.16
ES	20260712-2200	112.13
ES	20260712-0000	112.13
ES	20260712-0200	112.13
ES	20260712-1100	7.79
ES	20260712-1600	5.9
ES	20260712-0400	112.13
ES	20260712-0500	112.13
ES	20260712-1500	5.9
ES	20260712-0900	9.19
ES	20260712-0100	112.13
ES	20260712-1900	112.13
ES	20260712-2100	202.72
ES	20260712-1400	5
ES	20260712-1700	10.65
ES	20260712-1800	106.26
ES	20260712-0300	112.13
GR	20260712-0700	5.9
GR	20260712-0600	9.5
GR	20260712-2000	194.54
GR	20260712-1300	5.94
GR	20260712-2300	112.13
GR	20260712-1000	5
GR	20260712-1200	5.9
GR	20260712-0800	5.9
GR	20260712-2200	112.88
GR	20260712-0000	112.13
GR	20260712-0200	112.13
GR	20260712-1100	5
GR	20260712-1600	112.88
GR	20260712-0400	112.13
GR	20260712-0500	78.82
GR	20260712-1500	112.13
GR	20260712-0900	5
GR	20260712-0100	112.13
GR	20260712-1900	206.55
GR	20260712-2100	134.56
GR	20260712-1400	78.03
GR	20260712-1700	183.71
GR	20260712-1800	206.55
GR	20260712-0300	112.13
IT-CNORTH	20260712-0700	127.52
IT-CNORTH	20260712-0600	134.56
IT-CNORTH	20260712-2000	134.56
IT-CNORTH	20260712-1300	127.52
IT-CNORTH	20260712-2300	134.56
IT-CNORTH	20260712-1000	75.6
IT-CNORTH	20260712-1200	85.5
IT-CNORTH	20260712-0800	108.2
IT-CNORTH	20260712-2200	134.56
IT-CNORTH	20260712-0000	134.56
IT-CNORTH	20260712-0200	134.56
IT-CNORTH	20260712-1100	68.4
IT-CNORTH	20260712-1600	134.56
IT-CNORTH	20260712-0400	134.56
IT-CNORTH	20260712-0500	134.56
IT-CNORTH	20260712-1500	134.56
IT-CNORTH	20260712-0900	85.5
IT-CNORTH	20260712-0100	134.56
IT-CNORTH	20260712-1900	134.56
IT-CNORTH	20260712-2100	134.56
IT-CNORTH	20260712-1400	134.56
IT-CNORTH	20260712-1700	134.56
IT-CNORTH	20260712-1800	134.56
IT-CNORTH	20260712-0300	134.56
HU	20260712-0700	5.9
HU	20260712-0600	9.5
HU	20260712-2000	78.03
HU	20260712-1300	5
HU	20260712-2300	11.32
HU	20260712-1000	5
HU	20260712-1200	5.9
HU	20260712-0800	5
HU	20260712-2200	13.79
HU	20260712-0000	10.69
HU	20260712-0200	9.5
HU	20260712-1100	5
HU	20260712-1600	13.65
HU	20260712-0400	9.5
HU	20260712-0500	9.5
HU	20260712-1500	9.5
HU	20260712-0900	5
HU	20260712-0100	10.58
HU	20260712-1900	112.13
HU	20260712-2100	18.09
HU	20260712-1400	5.9
HU	20260712-1700	78.03
HU	20260712-1800	106.26
HU	20260712-0300	9.5
IT-SOUTH	20260712-0700	127.52
IT-SOUTH	20260712-0600	134.56
IT-SOUTH	20260712-2000	134.56
IT-SOUTH	20260712-1300	127.52
IT-SOUTH	20260712-2300	134.56
IT-SOUTH	20260712-1000	75.6
IT-SOUTH	20260712-1200	85.5
IT-SOUTH	20260712-0800	108.2
IT-SOUTH	20260712-2200	134.56
IT-SOUTH	20260712-0000	134.56
IT-SOUTH	20260712-0200	134.56
IT-SOUTH	20260712-1100	68.4
IT-SOUTH	20260712-1600	134.56
IT-SOUTH	20260712-0400	134.56
IT-SOUTH	20260712-0500	134.56
IT-SOUTH	20260712-1500	134.56
IT-SOUTH	20260712-0900	85.5
IT-SOUTH	20260712-0100	134.56
IT-SOUTH	20260712-1900	134.56
IT-SOUTH	20260712-2100	134.56
IT-SOUTH	20260712-1400	134.56
IT-SOUTH	20260712-1700	134.56
IT-SOUTH	20260712-1800	134.56
IT-SOUTH	20260712-0300	134.56
IT-Sicily	20260712-0700	127.52
IT-Sicily	20260712-0600	134.56
IT-Sicily	20260712-2000	134.56
IT-Sicily	20260712-1300	127.52
IT-Sicily	20260712-2300	134.56
IT-Sicily	20260712-1000	75.6
IT-Sicily	20260712-1200	85.5
IT-Sicily	20260712-0800	108.2
IT-Sicily	20260712-2200	134.56
IT-Sicily	20260712-0000	134.56
IT-Sicily	20260712-0200	134.56
IT-Sicily	20260712-1100	68.4
IT-Sicily	20260712-1600	134.56
IT-Sicily	20260712-0400	134.56
IT-Sicily	20260712-0500	134.56
IT-Sicily	20260712-1500	134.56
IT-Sicily	20260712-0900	85.5
IT-Sicily	20260712-0100	134.56
IT-Sicily	20260712-1900	134.56
IT-Sicily	20260712-2100	134.56
IT-Sicily	20260712-1400	134.56
IT-Sicily	20260712-1700	134.56
IT-Sicily	20260712-1800	134.56
IT-Sicily	20260712-0300	134.56
IT-Sardinia	20260712-0700	127.52
IT-Sardinia	20260712-0600	134.56
IT-Sardinia	20260712-2000	134.56
IT-Sardinia	20260712-1300	85.5
IT-Sardinia	20260712-2300	134.56
IT-Sardinia	20260712-1000	75.6
IT-Sardinia	20260712-1200	85.5
IT-Sardinia	20260712-0800	108.2
IT-Sardinia	20260712-2200	134.56
IT-Sardinia	20260712-0000	134.56
IT-Sardinia	20260712-0200	134.56
IT-Sardinia	20260712-1100	68.4
IT-Sardinia	20260712-1600	134.56
IT-Sardinia	20260712-0400	134.56
IT-Sardinia	20260712-0500	134.56
IT-Sardinia	20260712-1500	127.52
IT-Sardinia	20260712-0900	85.5
IT-Sardinia	20260712-0100	134.56
IT-Sardinia	20260712-1900	134.56
IT-Sardinia	20260712-2100	134.56
IT-Sardinia	20260712-1400	94.51
IT-Sardinia	20260712-1700	134.56
IT-Sardinia	20260712-1800	134.56
IT-Sardinia	20260712-0300	134.56
RS	20260712-0700	5.9
RS	20260712-0600	78.03
RS	20260712-2000	194.54
RS	20260712-1300	5.94
RS	20260712-2300	112.13
RS	20260712-1000	5
RS	20260712-1200	5.9
RS	20260712-0800	5.9
RS	20260712-2200	112.88
RS	20260712-0000	112.13
RS	20260712-0200	112.13
RS	20260712-1100	5
RS	20260712-1600	112.88
RS	20260712-0400	112.13
RS	20260712-0500	78.82
RS	20260712-1500	112.13
RS	20260712-0900	5
RS	20260712-0100	112.13
RS	20260712-1900	206.55
RS	20260712-2100	134.56
RS	20260712-1400	78.03
RS	20260712-1700	183.71
RS	20260712-1800	206.55
RS	20260712-0300	112.13
DK1	20260712-0700	15.84
DK1	20260712-0600	75.07
DK1	20260712-2000	112.13
DK1	20260712-1300	30
DK1	20260712-2300	106.26
DK1	20260712-1000	63
DK1	20260712-1200	57
DK1	20260712-0800	5.94
DK1	20260712-2200	108.83
DK1	20260712-0000	99.33
DK1	20260712-0200	99.33
DK1	20260712-1100	63
DK1	20260712-1600	82.51
DK1	20260712-0400	99.33
DK1	20260712-0500	82.89
DK1	20260712-1500	57
DK1	20260712-0900	9.5
DK1	20260712-0100	99.33
DK1	20260712-1900	112.13
DK1	20260712-2100	111.16
DK1	20260712-1400	9.5
DK1	20260712-1700	99.33
DK1	20260712-1800	109.67
DK1	20260712-0300	99.33
CH	20260712-0700	15.84
CH	20260712-0600	75.07
CH	20260712-2000	112.13
CH	20260712-1300	12.19
CH	20260712-2300	106.26
CH	20260712-1000	8.28
CH	20260712-1200	9.1
CH	20260712-0800	13.16
CH	20260712-2200	108.83
CH	20260712-0000	96.21
CH	20260712-0200	90.59
CH	20260712-1100	7.79
CH	20260712-1600	82.51
CH	20260712-0400	90.62
CH	20260712-0500	82.89
CH	20260712-1500	57
CH	20260712-0900	9.19
CH	20260712-0100	99.33
CH	20260712-1900	112.13
CH	20260712-2100	111.16
CH	20260712-1400	26.2
CH	20260712-1700	90.99
CH	20260712-1800	109.67
CH	20260712-0300	99.33
SE1	20260712-0700	47.45
SE1	20260712-0600	1
SE1	20260712-2000	59.26
SE1	20260712-1300	73.28
SE1	20260712-2300	54.47
SE1	20260712-1000	59.28
SE1	20260712-1200	78.29
SE1	20260712-0800	55.04
SE1	20260712-2200	56.85
SE1	20260712-0000	1
SE1	20260712-0200	1
SE1	20260712-1100	58.9
SE1	20260712-1600	45.57
SE1	20260712-0400	1
SE1	20260712-0500	1
SE1	20260712-1500	52.31
SE1	20260712-0900	57.61
SE1	20260712-0100	1
SE1	20260712-1900	62.48
SE1	20260712-2100	52.45
SE1	20260712-1400	71.97
SE1	20260712-1700	65.21
SE1	20260712-1800	66.79
SE1	20260712-0300	1
NO4	20260712-0700	44.31
NO4	20260712-0600	43.37
NO4	20260712-2000	35.55
NO4	20260712-1300	45
NO4	20260712-2300	24.79
NO4	20260712-1000	44.89
NO4	20260712-1200	45.39
NO4	20260712-0800	45.44
NO4	20260712-2200	28.22
NO4	20260712-0000	42.12
NO4	20260712-0200	37.91
NO4	20260712-1100	45.05
NO4	20260712-1600	42.69
NO4	20260712-0400	37.9
NO4	20260712-0500	41.67
NO4	20260712-1500	43.05
NO4	20260712-0900	44.93
NO4	20260712-0100	40.08
NO4	20260712-1900	37.97
NO4	20260712-2100	30.13
NO4	20260712-1400	43.72
NO4	20260712-1700	41.7
NO4	20260712-1800	40.84
NO4	20260712-0300	37.78
SE3	20260712-0700	24.75
SE3	20260712-0600	58.1
SE3	20260712-2000	95.63
SE3	20260712-1300	27
SE3	20260712-2300	89.4
SE3	20260712-1000	56.7
SE3	20260712-1200	51.3
SE3	20260712-0800	5.94
SE3	20260712-2200	89.4
SE3	20260712-0000	89.4
SE3	20260712-0200	89.4
SE3	20260712-1100	56.7
SE3	20260712-1600	69.62
SE3	20260712-0400	89.4
SE3	20260712-0500	70.23
SE3	20260712-1500	48.43
SE3	20260712-0900	9.5
SE3	20260712-0100	89.4
SE3	20260712-1900	95.63
SE3	20260712-2100	95.63
SE3	20260712-1400	9.5
SE3	20260712-1700	89.4
SE3	20260712-1800	89.4
SE3	20260712-0300	89.4
FR	20260712-0700	15.84
FR	20260712-0600	42.23
FR	20260712-2000	109.7
FR	20260712-1300	12.19
FR	20260712-2300	60.04
FR	20260712-1000	8.28
FR	20260712-1200	9.1
FR	20260712-0800	13.16
FR	20260712-2200	60.04
FR	20260712-0000	58.6
FR	20260712-0200	57.97
FR	20260712-1100	7.79
FR	20260712-1600	34.86
FR	20260712-0400	57.94
FR	20260712-0500	56.13
FR	20260712-1500	31.05
FR	20260712-0900	9.19
FR	20260712-0100	60.04
FR	20260712-1900	112.13
FR	20260712-2100	103.74
FR	20260712-1400	26.2
FR	20260712-1700	37.56
FR	20260712-1800	106.26
FR	20260712-0300	60.04
FI	20260712-0700	9.5
FI	20260712-0600	9.5
FI	20260712-2000	5
FI	20260712-1300	5.9
FI	20260712-2300	5
FI	20260712-1000	5.9
FI	20260712-1200	5.44
FI	20260712-0800	9.5
FI	20260712-2200	5
FI	20260712-0000	9.5
FI	20260712-0200	9.5
FI	20260712-1100	5.85
FI	20260712-1600	9.5
FI	20260712-0400	9.5
FI	20260712-0500	9.5
FI	20260712-1500	5.9
FI	20260712-0900	9.5
FI	20260712-0100	9.5
FI	20260712-1900	5
FI	20260712-2100	5
FI	20260712-1400	5.9
FI	20260712-1700	9.5
FI	20260712-1800	5.9
FI	20260712-0300	9.5
PL	20260712-0700	64.55
PL	20260712-0600	78.82
PL	20260712-2000	99.33
PL	20260712-1300	57
PL	20260712-2300	99.33
PL	20260712-1000	64.55
PL	20260712-1200	57
PL	20260712-0800	64.55
PL	20260712-2200	99.33
PL	20260712-0000	82.05
PL	20260712-0200	78.82
PL	20260712-1100	64.55
PL	20260712-1600	99.33
PL	20260712-0400	78.82
PL	20260712-0500	82.89
PL	20260712-1500	78.03
PL	20260712-0900	64.55
PL	20260712-0100	81.41
PL	20260712-1900	99.33
PL	20260712-2100	99.33
PL	20260712-1400	64.55
PL	20260712-1700	99.33
PL	20260712-1800	99.33
PL	20260712-0300	75.34
IT-Calabria	20260712-0700	127.52
IT-Calabria	20260712-0600	134.56
IT-Calabria	20260712-2000	134.56
IT-Calabria	20260712-1300	127.52
IT-Calabria	20260712-2300	134.56
IT-Calabria	20260712-1000	75.6
IT-Calabria	20260712-1200	85.5
IT-Calabria	20260712-0800	108.2
IT-Calabria	20260712-2200	134.56
IT-Calabria	20260712-0000	134.56
IT-Calabria	20260712-0200	134.56
IT-Calabria	20260712-1100	68.4
IT-Calabria	20260712-1600	134.56
IT-Calabria	20260712-0400	134.56
IT-Calabria	20260712-0500	134.56
IT-Calabria	20260712-1500	134.56
IT-Calabria	20260712-0900	85.5
IT-Calabria	20260712-0100	134.56
IT-Calabria	20260712-1900	134.56
IT-Calabria	20260712-2100	134.56
IT-Calabria	20260712-1400	134.56
IT-Calabria	20260712-1700	134.56
IT-Calabria	20260712-1800	134.56
IT-Calabria	20260712-0300	134.56
AT	20260712-0700	3.75
AT	20260712-0600	75.07
AT	20260712-2000	112.13
AT	20260712-1300	2.85
AT	20260712-2300	106.26
AT	20260712-1000	2.85
AT	20260712-1200	2.85
AT	20260712-0800	2.85
AT	20260712-2200	108.83
AT	20260712-0000	96.21
AT	20260712-0200	87.48
AT	20260712-1100	2.85
AT	20260712-1600	82.51
AT	20260712-0400	87.18
AT	20260712-0500	82.89
AT	20260712-1500	5.9
AT	20260712-0900	2.85
AT	20260712-0100	99.33
AT	20260712-1900	112.13
AT	20260712-2100	111.16
AT	20260712-1400	3.15
AT	20260712-1700	90.99
AT	20260712-1800	109.67
AT	20260712-0300	99.33
SE2	20260712-0700	47.45
SE2	20260712-0600	1
SE2	20260712-2000	1
SE2	20260712-1300	56.69
SE2	20260712-2300	1
SE2	20260712-1000	59.28
SE2	20260712-1200	58.55
SE2	20260712-0800	55.04
SE2	20260712-2200	1
SE2	20260712-0000	1
SE2	20260712-0200	1
SE2	20260712-1100	58.9
SE2	20260712-1600	45.57
SE2	20260712-0400	1
SE2	20260712-0500	1
SE2	20260712-1500	52.31
SE2	20260712-0900	57.61
SE2	20260712-0100	1
SE2	20260712-1900	1
SE2	20260712-2100	1
SE2	20260712-1400	55.64
SE2	20260712-1700	38.11
SE2	20260712-1800	1
SE2	20260712-0300	1
IT-NORTH	20260712-0700	127.52
IT-NORTH	20260712-0600	134.56
IT-NORTH	20260712-2000	134.56
IT-NORTH	20260712-1300	127.52
IT-NORTH	20260712-2300	134.56
IT-NORTH	20260712-1000	75.6
IT-NORTH	20260712-1200	85.5
IT-NORTH	20260712-0800	108.2
IT-NORTH	20260712-2200	134.56
IT-NORTH	20260712-0000	134.56
IT-NORTH	20260712-0200	134.56
IT-NORTH	20260712-1100	68.4
IT-NORTH	20260712-1600	134.56
IT-NORTH	20260712-0400	134.56
IT-NORTH	20260712-0500	134.56
IT-NORTH	20260712-1500	134.56
IT-NORTH	20260712-0900	85.5
IT-NORTH	20260712-0100	134.56
IT-NORTH	20260712-1900	134.56
IT-NORTH	20260712-2100	134.56
IT-NORTH	20260712-1400	134.56
IT-NORTH	20260712-1700	134.56
IT-NORTH	20260712-1800	134.56
IT-NORTH	20260712-0300	134.56
LT	20260712-0700	9.5
LT	20260712-0600	9.5
LT	20260712-2000	70.92
LT	20260712-1300	5.9
LT	20260712-2300	66.98
LT	20260712-1000	5.9
LT	20260712-1200	5.44
LT	20260712-0800	9.5
LT	20260712-2200	67.19
LT	20260712-0000	82.05
LT	20260712-0200	52.38
LT	20260712-1100	5.85
LT	20260712-1600	57
LT	20260712-0400	64.91
LT	20260712-0500	53.06
LT	20260712-1500	57
LT	20260712-0900	9.5
LT	20260712-0100	81.41
LT	20260712-1900	71.01
LT	20260712-2100	71.01
LT	20260712-1400	5.9
LT	20260712-1700	67.19
LT	20260712-1800	67.62
LT	20260712-0300	51.98
PT	20260712-0700	15.84
PT	20260712-0600	42.23
PT	20260712-2000	206.55
PT	20260712-1300	5.9
PT	20260712-2300	112.13
PT	20260712-1000	8.28
PT	20260712-1200	9.1
PT	20260712-0800	13.16
PT	20260712-2200	112.13
PT	20260712-0000	112.13
PT	20260712-0200	112.13
PT	20260712-1100	7.79
PT	20260712-1600	5.9
PT	20260712-0400	112.13
PT	20260712-0500	112.13
PT	20260712-1500	5.9
PT	20260712-0900	9.19
PT	20260712-0100	112.13
PT	20260712-1900	112.13
PT	20260712-2100	202.72
PT	20260712-1400	5
PT	20260712-1700	10.65
PT	20260712-1800	106.26
PT	20260712-0300	112.13
NO2	20260712-0700	31.98
NO2	20260712-0600	75.07
NO2	20260712-2000	118.03
NO2	20260712-1300	2
NO2	20260712-2300	115.52
NO2	20260712-1000	2
NO2	20260712-1200	2
NO2	20260712-0800	6.91
NO2	20260712-2200	115.52
NO2	20260712-0000	115.52
NO2	20260712-0200	115.52
NO2	20260712-1100	2
NO2	20260712-1600	89.97
NO2	20260712-0400	115.52
NO2	20260712-0500	90.75
NO2	20260712-1500	62.58
NO2	20260712-0900	3.31
NO2	20260712-0100	115.52
NO2	20260712-1900	118.03
NO2	20260712-2100	118.03
NO2	20260712-1400	6.91
NO2	20260712-1700	115.52
NO2	20260712-1800	115.52
NO2	20260712-0300	115.52
LV	20260712-0700	9.5
LV	20260712-0600	9.5
LV	20260712-2000	70.92
LV	20260712-1300	5.9
LV	20260712-2300	66.98
LV	20260712-1000	5.9
LV	20260712-1200	5.44
LV	20260712-0800	9.5
LV	20260712-2200	67.19
LV	20260712-0000	82.05
LV	20260712-0200	52.38
LV	20260712-1100	5.85
LV	20260712-1600	57
LV	20260712-0400	64.91
LV	20260712-0500	53.06
LV	20260712-1500	57
LV	20260712-0900	9.5
LV	20260712-0100	81.41
LV	20260712-1900	71.01
LV	20260712-2100	71.01
LV	20260712-1400	5.9
LV	20260712-1700	67.19
LV	20260712-1800	67.62
LV	20260712-0300	51.98
NL	20260712-0700	99.33
NL	20260712-0600	99.33
NL	20260712-2000	106.26
NL	20260712-1300	30
NL	20260712-2300	106.26
NL	20260712-1000	78.03
NL	20260712-1200	64.55
NL	20260712-0800	64.55
NL	20260712-2200	106.26
NL	20260712-0000	99.33
NL	20260712-0200	99.33
NL	20260712-1100	78.03
NL	20260712-1600	82.51
NL	20260712-0400	99.33
NL	20260712-0500	82.89
NL	20260712-1500	57
NL	20260712-0900	78.03
NL	20260712-0100	99.33
NL	20260712-1900	106.26
NL	20260712-2100	106.26
NL	20260712-1400	9.5
NL	20260712-1700	99.33
NL	20260712-1800	106.26
NL	20260712-0300	99.33
NO5	20260712-0700	63.9
NO5	20260712-0600	82.57
NO5	20260712-2000	107.08
NO5	20260712-1300	15.62
NO5	20260712-2300	100.09
NO5	20260712-1000	39.82
NO5	20260712-1200	33.03
NO5	20260712-0800	35.52
NO5	20260712-2200	100.09
NO5	20260712-0000	100.09
NO5	20260712-0200	100.09
NO5	20260712-1100	39.82
NO5	20260712-1600	77.95
NO5	20260712-0400	100.09
NO5	20260712-0500	78.63
NO5	20260712-1500	54.22
NO5	20260712-0900	40.75
NO5	20260712-0100	100.09
NO5	20260712-1900	107.08
NO5	20260712-2100	107.08
NO5	20260712-1400	7.78
NO5	20260712-1700	100.09
NO5	20260712-1800	100.09
NO5	20260712-0300	100.09
BE	20260712-0700	57.07
BE	20260712-0600	73.75
BE	20260712-2000	106.26
BE	20260712-1300	1
BE	20260712-2300	89.4
BE	20260712-1000	1
BE	20260712-1200	1
BE	20260712-0800	31.72
BE	20260712-2200	89.4
BE	20260712-0000	99.33
BE	20260712-0200	99.33
BE	20260712-1100	1
BE	20260712-1600	69.62
BE	20260712-0400	89.4
BE	20260712-0500	78.03
BE	20260712-1500	48.43
BE	20260712-0900	5.9
BE	20260712-0100	99.33
BE	20260712-1900	106.26
BE	20260712-2100	95.63
BE	20260712-1400	5.9
BE	20260712-1700	89.4
BE	20260712-1800	99.33
BE	20260712-0300	99.33
RO	20260712-0700	5.9
RO	20260712-0600	78.03
RO	20260712-2000	194.54
RO	20260712-1300	5.94
RO	20260712-2300	112.13
RO	20260712-1000	5
RO	20260712-1200	5.9
RO	20260712-0800	5.9
RO	20260712-2200	112.88
RO	20260712-0000	112.13
RO	20260712-0200	112.13
RO	20260712-1100	5
RO	20260712-1600	112.88
RO	20260712-0400	112.13
RO	20260712-0500	78.82
RO	20260712-1500	112.13
RO	20260712-0900	5
RO	20260712-0100	112.13
RO	20260712-1900	206.55
RO	20260712-2100	134.56
RO	20260712-1400	78.03
RO	20260712-1700	183.71
RO	20260712-1800	206.55
RO	20260712-0300	112.13
DK2	20260712-0700	24.6
DK2	20260712-0600	57
DK2	20260712-2000	112.13
DK2	20260712-1300	31.25
DK2	20260712-2300	106.26
DK2	20260712-1000	63
DK2	20260712-1200	57
DK2	20260712-0800	14.69
DK2	20260712-2200	108.83
DK2	20260712-0000	99.33
DK2	20260712-0200	75.03
DK2	20260712-1100	63
DK2	20260712-1600	57
DK2	20260712-0400	99.33
DK2	20260712-0500	82.89
DK2	20260712-1500	57
DK2	20260712-0900	14.69
DK2	20260712-0100	99.33
DK2	20260712-1900	112.13
DK2	20260712-2100	111.16
DK2	20260712-1400	30
DK2	20260712-1700	99.33
DK2	20260712-1800	109.67
DK2	20260712-0300	75.01
BG	20260712-0700	5.9
BG	20260712-0600	9.5
BG	20260712-2000	194.54
BG	20260712-1300	5.94
BG	20260712-2300	112.13
BG	20260712-1000	5
BG	20260712-1200	5.9
BG	20260712-0800	5.9
BG	20260712-2200	112.88
BG	20260712-0000	112.13
BG	20260712-0200	112.13
BG	20260712-1100	5
BG	20260712-1600	112.88
BG	20260712-0400	112.13
BG	20260712-0500	78.82
BG	20260712-1500	112.13
BG	20260712-0900	5
BG	20260712-0100	112.13
BG	20260712-1900	206.55
BG	20260712-2100	134.56
BG	20260712-1400	78.03
BG	20260712-1700	183.71
BG	20260712-1800	206.55
BG	20260712-0300	112.13
IT-CSOUTH	20260712-0700	127.52
IT-CSOUTH	20260712-0600	134.56
IT-CSOUTH	20260712-2000	134.56
IT-CSOUTH	20260712-1300	127.52
IT-CSOUTH	20260712-2300	134.56
IT-CSOUTH	20260712-1000	75.6
IT-CSOUTH	20260712-1200	85.5
IT-CSOUTH	20260712-0800	108.2
IT-CSOUTH	20260712-2200	134.56
IT-CSOUTH	20260712-0000	134.56
IT-CSOUTH	20260712-0200	134.56
IT-CSOUTH	20260712-1100	68.4
IT-CSOUTH	20260712-1600	134.56
IT-CSOUTH	20260712-0400	134.56
IT-CSOUTH	20260712-0500	134.56
IT-CSOUTH	20260712-1500	134.56
IT-CSOUTH	20260712-0900	85.5
IT-CSOUTH	20260712-0100	134.56
IT-CSOUTH	20260712-1900	134.56
IT-CSOUTH	20260712-2100	134.56
IT-CSOUTH	20260712-1400	134.56
IT-CSOUTH	20260712-1700	134.56
IT-CSOUTH	20260712-1800	134.56
IT-CSOUTH	20260712-0300	134.56
CZ	20260712-0700	12.5
CZ	20260712-0600	10.5
CZ	20260712-2000	112.13
CZ	20260712-1300	9.5
CZ	20260712-2300	99.33
CZ	20260712-1000	10.51
CZ	20260712-1200	10.51
CZ	20260712-0800	9.5
CZ	20260712-2200	99.33
CZ	20260712-0000	78.82
CZ	20260712-0200	78.82
CZ	20260712-1100	10.52
CZ	20260712-1600	82.51
CZ	20260712-0400	16
CZ	20260712-0500	12.5
CZ	20260712-1500	57
CZ	20260712-0900	10.52
CZ	20260712-0100	81.41
CZ	20260712-1900	112.13
CZ	20260712-2100	99.33
CZ	20260712-1400	10.52
CZ	20260712-1700	99.33
CZ	20260712-1800	109.67
CZ	20260712-0300	75.34
NO3	20260712-0700	71.47
NO3	20260712-0600	92.35
NO3	20260712-2000	118.03
NO3	20260712-1300	17.47
NO3	20260712-2300	111.95
NO3	20260712-1000	44.54
NO3	20260712-1200	36.94
NO3	20260712-0800	39.72
NO3	20260712-2200	111.95
NO3	20260712-0000	111.95
NO3	20260712-0200	111.95
NO3	20260712-1100	44.54
NO3	20260712-1600	87.19
NO3	20260712-0400	111.95
NO3	20260712-0500	87.95
NO3	20260712-1500	60.65
NO3	20260712-0900	45.58
NO3	20260712-0100	111.95
NO3	20260712-1900	118.03
NO3	20260712-2100	118.03
NO3	20260712-1400	8.7
NO3	20260712-1700	111.95
NO3	20260712-1800	111.95
NO3	20260712-0300	111.95
NO1	20260712-0700	57.07
NO1	20260712-0600	73.75
NO1	20260712-2000	95.63
NO1	20260712-1300	13.95
NO1	20260712-2300	89.4
NO1	20260712-1000	35.56
NO1	20260712-1200	29.5
NO1	20260712-0800	31.72
NO1	20260712-2200	89.4
NO1	20260712-0000	89.4
NO1	20260712-0200	89.4
NO1	20260712-1100	35.56
NO1	20260712-1600	69.62
NO1	20260712-0400	89.4
NO1	20260712-0500	70.23
NO1	20260712-1500	48.43
NO1	20260712-0900	36.4
NO1	20260712-0100	89.4
NO1	20260712-1900	95.63
NO1	20260712-2100	95.63
NO1	20260712-1400	6.95
NO1	20260712-1700	89.4
NO1	20260712-1800	89.4
NO1	20260712-0300	89.4
DE_LU	20260712-0700	15.84
DE_LU	20260712-0600	75.07
DE_LU	20260712-2000	112.13
DE_LU	20260712-1300	1
DE_LU	20260712-2300	106.26
DE_LU	20260712-1000	1
DE_LU	20260712-1200	1
DE_LU	20260712-0800	5.94
DE_LU	20260712-2200	108.83
DE_LU	20260712-0000	99.33
DE_LU	20260712-0200	99.33
DE_LU	20260712-1100	1
DE_LU	20260712-1600	82.51
DE_LU	20260712-0400	99.33
DE_LU	20260712-0500	82.89
DE_LU	20260712-1500	57
DE_LU	20260712-0900	2.85
DE_LU	20260712-0100	99.33
DE_LU	20260712-1900	112.13
DE_LU	20260712-2100	111.16
DE_LU	20260712-1400	5.94
DE_LU	20260712-1700	99.33
DE_LU	20260712-1800	109.67
DE_LU	20260712-0300	99.33
SK	20260712-0700	25.6
SK	20260712-0600	24.01
SK	20260712-2000	95.63
SK	20260712-1300	13.95
SK	20260712-2300	89.4
SK	20260712-1000	17.15
SK	20260712-1200	29.5
SK	20260712-0800	23.75
SK	20260712-2200	89.4
SK	20260712-0000	89.4
SK	20260712-0200	89.4
SK	20260712-1100	35.56
SK	20260712-1600	69.62
SK	20260712-0400	89.4
SK	20260712-0500	70.23
SK	20260712-1500	48.43
SK	20260712-0900	20.56
SK	20260712-0100	89.4
SK	20260712-1900	95.63
SK	20260712-2100	95.63
SK	20260712-1400	6.95
SK	20260712-1700	89.4
SK	20260712-1800	89.4
SK	20260712-0300	89.4
EE	20260712-0700	9.5
EE	20260712-0600	9.5
EE	20260712-2000	70.92
EE	20260712-1300	5.9
EE	20260712-2300	66.98
EE	20260712-1000	5.9
EE	20260712-1200	5.44
EE	20260712-0800	9.5
EE	20260712-2200	67.19
EE	20260712-0000	82.05
EE	20260712-0200	52.38
EE	20260712-1100	5.85
EE	20260712-1600	57
EE	20260712-0400	64.91
EE	20260712-0500	53.06
EE	20260712-1500	57
EE	20260712-0900	9.5
EE	20260712-0100	81.41
EE	20260712-1900	71.01
EE	20260712-2100	71.01
EE	20260712-1400	5.9
EE	20260712-1700	67.19
EE	20260712-1800	67.62
EE	20260712-0300	51.98
SE4	20260712-0700	24.6
SE4	20260712-0600	41.59
SE4	20260712-2000	70.92
SE4	20260712-1300	57
SE4	20260712-2300	66.98
SE4	20260712-1000	64.55
SE4	20260712-1200	57
SE4	20260712-0800	14.69
SE4	20260712-2200	67.19
SE4	20260712-0000	82.05
SE4	20260712-0200	52.38
SE4	20260712-1100	64.55
SE4	20260712-1600	57
SE4	20260712-0400	64.91
SE4	20260712-0500	53.06
SE4	20260712-1500	57
SE4	20260712-0900	14.69
SE4	20260712-0100	81.41
SE4	20260712-1900	71.01
SE4	20260712-2100	71.01
SE4	20260712-1400	30
SE4	20260712-1700	67.19
SE4	20260712-1800	67.62
SE4	20260712-0300	51.98
SI	20260713-0600	10.51
SI	20260713-1600	78.03
SI	20260713-1300	9.5
SI	20260713-0000	9.5
SI	20260713-0300	98.51
SI	20260713-2300	78.03
SI	20260713-1100	5.9
SI	20260713-1500	16.7
SI	20260713-0400	78.03
SI	20260713-1800	112.13
SI	20260713-1900	112.13
SI	20260713-2100	18.88
SI	20260713-0900	5.94
SI	20260713-1200	5.9
SI	20260713-0800	9.5
SI	20260713-1000	5.94
SI	20260713-0200	10.72
SI	20260713-1700	111.75
SI	20260713-0500	78.03
SI	20260713-0100	9.5
SI	20260713-1400	9.5
SI	20260713-2000	111.75
SI	20260713-2200	9.5
SI	20260713-0700	12.52
ES	20260713-0600	112.13
ES	20260713-1600	78.03
ES	20260713-1300	46.44
ES	20260713-0000	112.13
ES	20260713-0300	112.13
ES	20260713-2300	171.34
ES	20260713-1100	39.4
ES	20260713-1500	50.29
ES	20260713-0400	112.13
ES	20260713-1800	134.56
ES	20260713-1900	206.55
ES	20260713-2100	194.14
ES	20260713-0900	46.44
ES	20260713-1200	46.06
ES	20260713-0800	48.34
ES	20260713-1000	45.57
ES	20260713-0200	112.13
ES	20260713-1700	112.13
ES	20260713-0500	151.91
ES	20260713-0100	112.13
ES	20260713-1400	46.61
ES	20260713-2000	206.55
ES	20260713-2200	193.29
ES	20260713-0700	78.03
GR	20260713-0600	78.82
GR	20260713-1600	156.86
GR	20260713-1300	64.55
GR	20260713-0000	112.13
GR	20260713-0300	112.13
GR	20260713-2300	112.13
GR	20260713-1100	5.94
GR	20260713-1500	112.13
GR	20260713-0400	112.13
GR	20260713-1800	206.55
GR	20260713-1900	202.46
GR	20260713-2100	112.88
GR	20260713-0900	5.9
GR	20260713-1200	5.94
GR	20260713-0800	5.9
GR	20260713-1000	5.9
GR	20260713-0200	112.13
GR	20260713-1700	201.17
GR	20260713-0500	112.13
GR	20260713-0100	112.13
GR	20260713-1400	78.82
GR	20260713-2000	188.89
GR	20260713-2200	112.13
GR	20260713-0700	5.94
IT-CNORTH	20260713-0600	134.56
IT-CNORTH	20260713-1600	134.56
IT-CNORTH	20260713-1300	134.56
IT-CNORTH	20260713-0000	134.56
IT-CNORTH	20260713-0300	134.56
IT-CNORTH	20260713-2300	134.56
IT-CNORTH	20260713-1100	134.56
IT-CNORTH	20260713-1500	134.56
IT-CNORTH	20260713-0400	134.56
IT-CNORTH	20260713-1800	134.56
IT-CNORTH	20260713-1900	134.56
IT-CNORTH	20260713-2100	134.56
IT-CNORTH	20260713-0900	134.56
IT-CNORTH	20260713-1200	134.56
IT-CNORTH	20260713-0800	134.56
IT-CNORTH	20260713-1000	134.56
IT-CNORTH	20260713-0200	134.56
IT-CNORTH	20260713-1700	134.56
IT-CNORTH	20260713-0500	134.56
IT-CNORTH	20260713-0100	134.56
IT-CNORTH	20260713-1400	134.56
IT-CNORTH	20260713-2000	134.56
IT-CNORTH	20260713-2200	134.56
IT-CNORTH	20260713-0700	134.56
HU	20260713-0600	10.51
HU	20260713-1600	78.03
HU	20260713-1300	9.5
HU	20260713-0000	9.5
HU	20260713-0300	98.51
HU	20260713-2300	78.03
HU	20260713-1100	5.9
HU	20260713-1500	16.7
HU	20260713-0400	78.03
HU	20260713-1800	112.13
HU	20260713-1900	112.13
HU	20260713-2100	106.26
HU	20260713-0900	5.94
HU	20260713-1200	5.9
HU	20260713-0800	9.5
HU	20260713-1000	5.94
HU	20260713-0200	10.72
HU	20260713-1700	111.75
HU	20260713-0500	78.03
HU	20260713-0100	9.5
HU	20260713-1400	9.5
HU	20260713-2000	111.75
HU	20260713-2200	106.26
HU	20260713-0700	9.5
IT-SOUTH	20260713-0600	134.56
IT-SOUTH	20260713-1600	134.56
IT-SOUTH	20260713-1300	134.56
IT-SOUTH	20260713-0000	134.56
IT-SOUTH	20260713-0300	134.56
IT-SOUTH	20260713-2300	134.56
IT-SOUTH	20260713-1100	134.56
IT-SOUTH	20260713-1500	134.56
IT-SOUTH	20260713-0400	134.56
IT-SOUTH	20260713-1800	134.56
IT-SOUTH	20260713-1900	134.56
IT-SOUTH	20260713-2100	134.56
IT-SOUTH	20260713-0900	134.56
IT-SOUTH	20260713-1200	134.56
IT-SOUTH	20260713-0800	134.56
IT-SOUTH	20260713-1000	134.56
IT-SOUTH	20260713-0200	134.56
IT-SOUTH	20260713-1700	134.56
IT-SOUTH	20260713-0500	134.56
IT-SOUTH	20260713-0100	134.56
IT-SOUTH	20260713-1400	134.56
IT-SOUTH	20260713-2000	134.56
IT-SOUTH	20260713-2200	134.56
IT-SOUTH	20260713-0700	134.56
IT-Sicily	20260713-0600	134.56
IT-Sicily	20260713-1600	134.56
IT-Sicily	20260713-1300	134.56
IT-Sicily	20260713-0000	134.56
IT-Sicily	20260713-0300	134.56
IT-Sicily	20260713-2300	134.56
IT-Sicily	20260713-1100	134.56
IT-Sicily	20260713-1500	134.56
IT-Sicily	20260713-0400	134.56
IT-Sicily	20260713-1800	134.56
IT-Sicily	20260713-1900	181.6
IT-Sicily	20260713-2100	134.56
IT-Sicily	20260713-0900	134.56
IT-Sicily	20260713-1200	134.56
IT-Sicily	20260713-0800	134.56
IT-Sicily	20260713-1000	134.56
IT-Sicily	20260713-0200	134.56
IT-Sicily	20260713-1700	134.56
IT-Sicily	20260713-0500	134.56
IT-Sicily	20260713-0100	134.56
IT-Sicily	20260713-1400	134.56
IT-Sicily	20260713-2000	134.56
IT-Sicily	20260713-2200	134.56
IT-Sicily	20260713-0700	134.56
IT-Sardinia	20260713-0600	134.56
IT-Sardinia	20260713-1600	134.56
IT-Sardinia	20260713-1300	109.58
IT-Sardinia	20260713-0000	134.56
IT-Sardinia	20260713-0300	134.56
IT-Sardinia	20260713-2300	134.56
IT-Sardinia	20260713-1100	109.75
IT-Sardinia	20260713-1500	130.59
IT-Sardinia	20260713-0400	134.56
IT-Sardinia	20260713-1800	134.56
IT-Sardinia	20260713-1900	134.56
IT-Sardinia	20260713-2100	134.56
IT-Sardinia	20260713-0900	119.19
IT-Sardinia	20260713-1200	105.35
IT-Sardinia	20260713-0800	128.43
IT-Sardinia	20260713-1000	119.19
IT-Sardinia	20260713-0200	134.56
IT-Sardinia	20260713-1700	134.56
IT-Sardinia	20260713-0500	134.56
IT-Sardinia	20260713-0100	134.56
IT-Sardinia	20260713-1400	119.19
IT-Sardinia	20260713-2000	134.56
IT-Sardinia	20260713-2200	134.56
IT-Sardinia	20260713-0700	134.56
RS	20260713-0600	112.88
RS	20260713-1600	156.86
RS	20260713-1300	64.55
RS	20260713-0000	112.13
RS	20260713-0300	112.13
RS	20260713-2300	112.13
RS	20260713-1100	5.94
RS	20260713-1500	112.13
RS	20260713-0400	112.13
RS	20260713-1800	212.46
RS	20260713-1900	212.46
RS	20260713-2100	112.88
RS	20260713-0900	5.94
RS	20260713-1200	5.94
RS	20260713-0800	78.82
RS	20260713-1000	5.94
RS	20260713-0200	112.13
RS	20260713-1700	212.46
RS	20260713-0500	112.13
RS	20260713-0100	112.13
RS	20260713-1400	78.82
RS	20260713-2000	188.89
RS	20260713-2200	112.13
RS	20260713-0700	112.13
DK1	20260713-0600	112.13
DK1	20260713-1600	112.13
DK1	20260713-1300	64.55
DK1	20260713-0000	101.95
DK1	20260713-0300	112.13
DK1	20260713-2300	105.06
DK1	20260713-1100	30
DK1	20260713-1500	99.33
DK1	20260713-0400	112.88
DK1	20260713-1800	118.03
DK1	20260713-1900	112.88
DK1	20260713-2100	112.13
DK1	20260713-0900	64.55
DK1	20260713-1200	46.06
DK1	20260713-0800	86.96
DK1	20260713-1000	45.57
DK1	20260713-0200	112.13
DK1	20260713-1700	112.88
DK1	20260713-0500	112.88
DK1	20260713-0100	106.26
DK1	20260713-1400	78.82
DK1	20260713-2000	112.13
DK1	20260713-2200	106.26
DK1	20260713-0700	99.33
CH	20260713-0600	112.13
CH	20260713-1600	112.13
CH	20260713-1300	78.88
CH	20260713-0000	101.95
CH	20260713-0300	107.37
CH	20260713-2300	105.06
CH	20260713-1100	39.4
CH	20260713-1500	99.33
CH	20260713-0400	112.88
CH	20260713-1800	118.03
CH	20260713-1900	112.88
CH	20260713-2100	112.13
CH	20260713-0900	78.88
CH	20260713-1200	77.11
CH	20260713-0800	86.96
CH	20260713-1000	45.57
CH	20260713-0200	112.13
CH	20260713-1700	113.96
CH	20260713-0500	112.88
CH	20260713-0100	106.26
CH	20260713-1400	79.95
CH	20260713-2000	112.13
CH	20260713-2200	106.26
CH	20260713-0700	99.33
SE1	20260713-0600	66.57
SE1	20260713-1600	51.28
SE1	20260713-1300	56.31
SE1	20260713-0000	54.33
SE1	20260713-0300	46.82
SE1	20260713-2300	1
SE1	20260713-1100	56.7
SE1	20260713-1500	53.88
SE1	20260713-0400	55.52
SE1	20260713-1800	42.84
SE1	20260713-1900	36.65
SE1	20260713-2100	1
SE1	20260713-0900	54.98
SE1	20260713-1200	56.67
SE1	20260713-0800	71.17
SE1	20260713-1000	56.18
SE1	20260713-0200	49.27
SE1	20260713-1700	46.57
SE1	20260713-0500	61.32
SE1	20260713-0100	53.01
SE1	20260713-1400	55.66
SE1	20260713-2000	30.93
SE1	20260713-2200	1
SE1	20260713-0700	68.75
NO4	20260713-0600	45.44
NO4	20260713-1600	32.88
NO4	20260713-1300	30.72
NO4	20260713-0000	31.93
NO4	20260713-0300	35.66
NO4	20260713-2300	26.2
NO4	20260713-1100	29.77
NO4	20260713-1500	33.36
NO4	20260713-0400	39.04
NO4	20260713-1800	31.74
NO4	20260713-1900	30.7
NO4	20260713-2100	24.79
NO4	20260713-0900	35.94
NO4	20260713-1200	29.25
NO4	20260713-0800	40.26
NO4	20260713-1000	31.21
NO4	20260713-0200	34.01
NO4	20260713-1700	32.96
NO4	20260713-0500	44.35
NO4	20260713-0100	32.85
NO4	20260713-1400	32.85
NO4	20260713-2000	28.29
NO4	20260713-2200	29.14
NO4	20260713-0700	44.47
SE3	20260713-0600	95.63
SE3	20260713-1600	108.83
SE3	20260713-1300	57
SE3	20260713-0000	89.4
SE3	20260713-0300	100.92
SE3	20260713-2300	99.33
SE3	20260713-1100	30
SE3	20260713-1500	99.33
SE3	20260713-0400	100.92
SE3	20260713-1800	112.88
SE3	20260713-1900	112.13
SE3	20260713-2100	99.33
SE3	20260713-0900	57
SE3	20260713-1200	52.25
SE3	20260713-0800	78.03
SE3	20260713-1000	47.81
SE3	20260713-0200	89.4
SE3	20260713-1700	112.13
SE3	20260713-0500	100.92
SE3	20260713-0100	89.4
SE3	20260713-1400	59.16
SE3	20260713-2000	112.13
SE3	20260713-2200	99.33
SE3	20260713-0700	89.4
FR	20260713-0600	63.14
FR	20260713-1600	78.03
FR	20260713-1300	46.44
FR	20260713-0000	61
FR	20260713-0300	61.64
FR	20260713-2300	88.58
FR	20260713-1100	39.4
FR	20260713-1500	50.29
FR	20260713-0400	63.68
FR	20260713-1800	134.56
FR	20260713-1900	129.09
FR	20260713-2100	115.28
FR	20260713-0900	46.44
FR	20260713-1200	46.06
FR	20260713-0800	48.34
FR	20260713-1000	45.57
FR	20260713-0200	62.5
FR	20260713-1700	112.13
FR	20260713-0500	71.79
FR	20260713-0100	62.5
FR	20260713-1400	46.61
FR	20260713-2000	121.16
FR	20260713-2200	106.26
FR	20260713-0700	62.37
FI	20260713-0600	5
FI	20260713-1600	9.5
FI	20260713-1300	5
FI	20260713-0000	5
FI	20260713-0300	9.5
FI	20260713-2300	15.58
FI	20260713-1100	5
FI	20260713-1500	9.5
FI	20260713-0400	9.5
FI	20260713-1800	14.84
FI	20260713-1900	15.16
FI	20260713-2100	9.5
FI	20260713-0900	4.8
FI	20260713-1200	5
FI	20260713-0800	4.88
FI	20260713-1000	9.5
FI	20260713-0200	5
FI	20260713-1700	9.5
FI	20260713-0500	5.9
FI	20260713-0100	5
FI	20260713-1400	5.9
FI	20260713-2000	14.39
FI	20260713-2200	18.75
FI	20260713-0700	5
PL	20260713-0600	99.33
PL	20260713-1600	99.33
PL	20260713-1300	78.82
PL	20260713-0000	99.33
PL	20260713-0300	99.33
PL	20260713-2300	99.33
PL	20260713-1100	78.82
PL	20260713-1500	99.33
PL	20260713-0400	99.33
PL	20260713-1800	112.13
PL	20260713-1900	112.13
PL	20260713-2100	99.33
PL	20260713-0900	78.82
PL	20260713-1200	78.82
PL	20260713-0800	86.96
PL	20260713-1000	99.33
PL	20260713-0200	99.33
PL	20260713-1700	112.13
PL	20260713-0500	99.33
PL	20260713-0100	99.33
PL	20260713-1400	99.33
PL	20260713-2000	99.43
PL	20260713-2200	99.33
PL	20260713-0700	99.33
IT-Calabria	20260713-0600	134.56
IT-Calabria	20260713-1600	134.56
IT-Calabria	20260713-1300	134.56
IT-Calabria	20260713-0000	134.56
IT-Calabria	20260713-0300	134.56
IT-Calabria	20260713-2300	134.56
IT-Calabria	20260713-1100	134.56
IT-Calabria	20260713-1500	134.56
IT-Calabria	20260713-0400	134.56
IT-Calabria	20260713-1800	134.56
IT-Calabria	20260713-1900	134.56
IT-Calabria	20260713-2100	134.56
IT-Calabria	20260713-0900	134.56
IT-Calabria	20260713-1200	134.56
IT-Calabria	20260713-0800	134.56
IT-Calabria	20260713-1000	134.56
IT-Calabria	20260713-0200	134.56
IT-Calabria	20260713-1700	134.56
IT-Calabria	20260713-0500	134.56
IT-Calabria	20260713-0100	134.56
IT-Calabria	20260713-1400	134.56
IT-Calabria	20260713-2000	134.56
IT-Calabria	20260713-2200	134.56
IT-Calabria	20260713-0700	134.56
AT	20260713-0600	112.13
AT	20260713-1600	113.02
AT	20260713-1300	5.9
AT	20260713-0000	86.17
AT	20260713-0300	95.06
AT	20260713-2300	105.06
AT	20260713-1100	4.8
AT	20260713-1500	99.33
AT	20260713-0400	112.88
AT	20260713-1800	118.03
AT	20260713-1900	115.78
AT	20260713-2100	112.13
AT	20260713-0900	4.8
AT	20260713-1200	4.8
AT	20260713-0800	5.9
AT	20260713-1000	4.8
AT	20260713-0200	112.13
AT	20260713-1700	115.78
AT	20260713-0500	112.88
AT	20260713-0100	106.26
AT	20260713-1400	71.43
AT	20260713-2000	115.78
AT	20260713-2200	106.26
AT	20260713-0700	99.33
SE2	20260713-0600	48.79
SE2	20260713-1600	51.28
SE2	20260713-1300	56.31
SE2	20260713-0000	1
SE2	20260713-0300	1
SE2	20260713-2300	1
SE2	20260713-1100	56.7
SE2	20260713-1500	53.88
SE2	20260713-0400	1
SE2	20260713-1800	42.84
SE2	20260713-1900	36.65
SE2	20260713-2100	1
SE2	20260713-0900	54.98
SE2	20260713-1200	56.67
SE2	20260713-0800	53.87
SE2	20260713-1000	56.18
SE2	20260713-0200	1
SE2	20260713-1700	46.57
SE2	20260713-0500	41.68
SE2	20260713-0100	1
SE2	20260713-1400	55.66
SE2	20260713-2000	30.93
SE2	20260713-2200	1
SE2	20260713-0700	52.14
IT-NORTH	20260713-0600	134.56
IT-NORTH	20260713-1600	134.56
IT-NORTH	20260713-1300	134.56
IT-NORTH	20260713-0000	134.56
IT-NORTH	20260713-0300	134.56
IT-NORTH	20260713-2300	134.56
IT-NORTH	20260713-1100	134.56
IT-NORTH	20260713-1500	134.56
IT-NORTH	20260713-0400	134.56
IT-NORTH	20260713-1800	134.56
IT-NORTH	20260713-1900	134.56
IT-NORTH	20260713-2100	134.56
IT-NORTH	20260713-0900	134.56
IT-NORTH	20260713-1200	134.56
IT-NORTH	20260713-0800	134.56
IT-NORTH	20260713-1000	134.56
IT-NORTH	20260713-0200	134.56
IT-NORTH	20260713-1700	134.56
IT-NORTH	20260713-0500	134.56
IT-NORTH	20260713-0100	134.56
IT-NORTH	20260713-1400	134.56
IT-NORTH	20260713-2000	134.56
IT-NORTH	20260713-2200	134.56
IT-NORTH	20260713-0700	134.56
LT	20260713-0600	65.67
LT	20260713-1600	99.33
LT	20260713-1300	5
LT	20260713-0000	62.93
LT	20260713-0300	68.46
LT	20260713-2300	99.33
LT	20260713-1100	3.15
LT	20260713-1500	78.03
LT	20260713-0400	68.46
LT	20260713-1800	91.58
LT	20260713-1900	91.26
LT	20260713-2100	99.33
LT	20260713-0900	4.8
LT	20260713-1200	5
LT	20260713-0800	4.88
LT	20260713-1000	99.33
LT	20260713-0200	62.93
LT	20260713-1700	112.13
LT	20260713-0500	68.46
LT	20260713-0100	83.36
LT	20260713-1400	5.9
LT	20260713-2000	88.91
LT	20260713-2200	99.33
LT	20260713-0700	5
PT	20260713-0600	112.13
PT	20260713-1600	78.03
PT	20260713-1300	46.44
PT	20260713-0000	112.13
PT	20260713-0300	112.13
PT	20260713-2300	171.34
PT	20260713-1100	75.03
PT	20260713-1500	50.29
PT	20260713-0400	112.13
PT	20260713-1800	134.56
PT	20260713-1900	206.55
PT	20260713-2100	194.14
PT	20260713-0900	46.44
PT	20260713-1200	46.06
PT	20260713-0800	48.34
PT	20260713-1000	45.57
PT	20260713-0200	112.13
PT	20260713-1700	112.13
PT	20260713-0500	151.91
PT	20260713-0100	112.13
PT	20260713-1400	46.61
PT	20260713-2000	206.55
PT	20260713-2200	193.29
PT	20260713-0700	78.03
NO2	20260713-0600	118.03
NO2	20260713-1600	118.03
NO2	20260713-1300	66.6
NO2	20260713-0000	116.07
NO2	20260713-0300	118.03
NO2	20260713-2300	116.07
NO2	20260713-1100	35.05
NO2	20260713-1500	116.07
NO2	20260713-0400	118.03
NO2	20260713-1800	118.03
NO2	20260713-1900	118.03
NO2	20260713-2100	116.07
NO2	20260713-0900	66.6
NO2	20260713-1200	61.05
NO2	20260713-0800	91.18
NO2	20260713-1000	55.87
NO2	20260713-0200	116.07
NO2	20260713-1700	118.03
NO2	20260713-0500	118.03
NO2	20260713-0100	116.07
NO2	20260713-1400	69.13
NO2	20260713-2000	118.03
NO2	20260713-2200	116.07
NO2	20260713-0700	116.07
LV	20260713-0600	5
LV	20260713-1600	99.33
LV	20260713-1300	5
LV	20260713-0000	62.93
LV	20260713-0300	9.5
LV	20260713-2300	99.33
LV	20260713-1100	3.15
LV	20260713-1500	9.5
LV	20260713-0400	9.5
LV	20260713-1800	91.58
LV	20260713-1900	91.26
LV	20260713-2100	99.33
LV	20260713-0900	4.8
LV	20260713-1200	5
LV	20260713-0800	4.88
LV	20260713-1000	99.33
LV	20260713-0200	62.93
LV	20260713-1700	112.13
LV	20260713-0500	5.9
LV	20260713-0100	83.36
LV	20260713-1400	5.9
LV	20260713-2000	88.91
LV	20260713-2200	99.33
LV	20260713-0700	5
NL	20260713-0600	106.26
NL	20260713-1600	99.33
NL	20260713-1300	31.25
NL	20260713-0000	101.95
NL	20260713-0300	106.26
NL	20260713-2300	105.06
NL	20260713-1100	30
NL	20260713-1500	78.03
NL	20260713-0400	106.26
NL	20260713-1800	106.26
NL	20260713-1900	106.26
NL	20260713-2100	106.26
NL	20260713-0900	64.55
NL	20260713-1200	46.06
NL	20260713-0800	86.96
NL	20260713-1000	45.57
NL	20260713-0200	106.26
NL	20260713-1700	99.33
NL	20260713-0500	106.26
NL	20260713-0100	106.26
NL	20260713-1400	64.55
NL	20260713-2000	106.26
NL	20260713-2200	106.26
NL	20260713-0700	99.33
NO5	20260713-0600	110.99
NO5	20260713-1600	108.72
NO5	20260713-1300	46.09
NO5	20260713-0000	103.76
NO5	20260713-0300	114.06
NO5	20260713-2300	103.76
NO5	20260713-1100	31.34
NO5	20260713-1500	92.63
NO5	20260713-0400	114.06
NO5	20260713-1800	114.45
NO5	20260713-1900	114.06
NO5	20260713-2100	103.76
NO5	20260713-0900	59.54
NO5	20260713-1200	54.58
NO5	20260713-0800	81.51
NO5	20260713-1000	49.94
NO5	20260713-0200	103.76
NO5	20260713-1700	110.44
NO5	20260713-0500	114.06
NO5	20260713-0100	103.76
NO5	20260713-1400	61.8
NO5	20260713-2000	114.06
NO5	20260713-2200	103.76
NO5	20260713-0700	103.76
BE	20260713-0600	95.63
BE	20260713-1600	104.08
BE	20260713-1300	39.71
BE	20260713-0000	89.4
BE	20260713-0300	98.28
BE	20260713-2300	89.4
BE	20260713-1100	27
BE	20260713-1500	79.81
BE	20260713-0400	99.39
BE	20260713-1800	112.13
BE	20260713-1900	112.13
BE	20260713-2100	112.13
BE	20260713-0900	51.3
BE	20260713-1200	47.02
BE	20260713-0800	70.23
BE	20260713-1000	43.03
BE	20260713-0200	89.4
BE	20260713-1700	112.13
BE	20260713-0500	106.26
BE	20260713-0100	89.4
BE	20260713-1400	53.24
BE	20260713-2000	112.13
BE	20260713-2200	89.4
BE	20260713-0700	89.4
RO	20260713-0600	112.88
RO	20260713-1600	156.86
RO	20260713-1300	64.55
RO	20260713-0000	112.13
RO	20260713-0300	112.13
RO	20260713-2300	112.13
RO	20260713-1100	5.94
RO	20260713-1500	112.13
RO	20260713-0400	112.13
RO	20260713-1800	212.46
RO	20260713-1900	212.46
RO	20260713-2100	112.88
RO	20260713-0900	5.94
RO	20260713-1200	5.94
RO	20260713-0800	78.82
RO	20260713-1000	5.94
RO	20260713-0200	112.13
RO	20260713-1700	212.46
RO	20260713-0500	112.13
RO	20260713-0100	112.13
RO	20260713-1400	78.82
RO	20260713-2000	188.89
RO	20260713-2200	112.13
RO	20260713-0700	112.13
DK2	20260713-0600	112.13
DK2	20260713-1600	99.33
DK2	20260713-1300	64.55
DK2	20260713-0000	101.95
DK2	20260713-0300	112.13
DK2	20260713-2300	99.33
DK2	20260713-1100	78.03
DK2	20260713-1500	99.33
DK2	20260713-0400	112.88
DK2	20260713-1800	118.03
DK2	20260713-1900	112.88
DK2	20260713-2100	99.33
DK2	20260713-0900	64.55
DK2	20260713-1200	64.55
DK2	20260713-0800	86.96
DK2	20260713-1000	99.33
DK2	20260713-0200	112.13
DK2	20260713-1700	112.88
DK2	20260713-0500	112.88
DK2	20260713-0100	106.26
DK2	20260713-1400	78.82
DK2	20260713-2000	112.13
DK2	20260713-2200	99.33
DK2	20260713-0700	99.33
BG	20260713-0600	78.82
BG	20260713-1600	156.86
BG	20260713-1300	64.55
BG	20260713-0000	112.13
BG	20260713-0300	112.13
BG	20260713-2300	112.13
BG	20260713-1100	5.94
BG	20260713-1500	112.13
BG	20260713-0400	112.13
BG	20260713-1800	206.55
BG	20260713-1900	202.46
BG	20260713-2100	112.88
BG	20260713-0900	5.94
BG	20260713-1200	5.94
BG	20260713-0800	5.9
BG	20260713-1000	5.94
BG	20260713-0200	112.13
BG	20260713-1700	201.17
BG	20260713-0500	112.13
BG	20260713-0100	112.13
BG	20260713-1400	78.82
BG	20260713-2000	188.89
BG	20260713-2200	112.13
BG	20260713-0700	5.94
IT-CSOUTH	20260713-0600	134.56
IT-CSOUTH	20260713-1600	134.56
IT-CSOUTH	20260713-1300	134.56
IT-CSOUTH	20260713-0000	134.56
IT-CSOUTH	20260713-0300	134.56
IT-CSOUTH	20260713-2300	134.56
IT-CSOUTH	20260713-1100	134.56
IT-CSOUTH	20260713-1500	134.56
IT-CSOUTH	20260713-0400	134.56
IT-CSOUTH	20260713-1800	134.56
IT-CSOUTH	20260713-1900	134.56
IT-CSOUTH	20260713-2100	134.56
IT-CSOUTH	20260713-0900	134.56
IT-CSOUTH	20260713-1200	134.56
IT-CSOUTH	20260713-0800	134.56
IT-CSOUTH	20260713-1000	134.56
IT-CSOUTH	20260713-0200	134.56
IT-CSOUTH	20260713-1700	134.56
IT-CSOUTH	20260713-0500	134.56
IT-CSOUTH	20260713-0100	134.56
IT-CSOUTH	20260713-1400	134.56
IT-CSOUTH	20260713-2000	134.56
IT-CSOUTH	20260713-2200	134.56
IT-CSOUTH	20260713-0700	134.56
CZ	20260713-0600	99.33
CZ	20260713-1600	112.13
CZ	20260713-1300	64.55
CZ	20260713-0000	99.33
CZ	20260713-0300	99.33
CZ	20260713-2300	99.33
CZ	20260713-1100	57
CZ	20260713-1500	99.33
CZ	20260713-0400	99.33
CZ	20260713-1800	112.88
CZ	20260713-1900	112.88
CZ	20260713-2100	112.13
CZ	20260713-0900	64.55
CZ	20260713-1200	46.06
CZ	20260713-0800	78.82
CZ	20260713-1000	45.57
CZ	20260713-0200	99.33
CZ	20260713-1700	112.88
CZ	20260713-0500	112.13
CZ	20260713-0100	99.33
CZ	20260713-1400	78.82
CZ	20260713-2000	112.13
CZ	20260713-2200	99.33
CZ	20260713-0700	99.33
NO3	20260713-0600	118.03
NO3	20260713-1600	117.46
NO3	20260713-1300	49.8
NO3	20260713-0000	112.1
NO3	20260713-0300	118.03
NO3	20260713-2300	112.1
NO3	20260713-1100	33.86
NO3	20260713-1500	100.08
NO3	20260713-0400	118.03
NO3	20260713-1800	118.03
NO3	20260713-1900	118.03
NO3	20260713-2100	112.1
NO3	20260713-0900	64.33
NO3	20260713-1200	58.97
NO3	20260713-0800	88.06
NO3	20260713-1000	53.96
NO3	20260713-0200	112.1
NO3	20260713-1700	118.03
NO3	20260713-0500	118.03
NO3	20260713-0100	112.1
NO3	20260713-1400	66.77
NO3	20260713-2000	118.03
NO3	20260713-2200	112.1
NO3	20260713-0700	112.1
NO1	20260713-0600	95.63
NO1	20260713-1600	101.52
NO1	20260713-1300	39.71
NO1	20260713-0000	89.4
NO1	20260713-0300	98.28
NO1	20260713-2300	89.4
NO1	20260713-1100	27
NO1	20260713-1500	79.81
NO1	20260713-0400	98.28
NO1	20260713-1800	98.61
NO1	20260713-1900	98.28
NO1	20260713-2100	89.4
NO1	20260713-0900	51.3
NO1	20260713-1200	47.02
NO1	20260713-0800	70.23
NO1	20260713-1000	43.03
NO1	20260713-0200	89.4
NO1	20260713-1700	103.13
NO1	20260713-0500	98.28
NO1	20260713-0100	89.4
NO1	20260713-1400	53.24
NO1	20260713-2000	98.28
NO1	20260713-2200	89.4
NO1	20260713-0700	89.4
DE_LU	20260713-0600	112.13
DE_LU	20260713-1600	112.13
DE_LU	20260713-1300	64.55
DE_LU	20260713-0000	101.95
DE_LU	20260713-0300	112.13
DE_LU	20260713-2300	105.06
DE_LU	20260713-1100	30
DE_LU	20260713-1500	99.33
DE_LU	20260713-0400	112.88
DE_LU	20260713-1800	118.03
DE_LU	20260713-1900	112.88
DE_LU	20260713-2100	112.13
DE_LU	20260713-0900	64.55
DE_LU	20260713-1200	46.06
DE_LU	20260713-0800	86.96
DE_LU	20260713-1000	45.57
DE_LU	20260713-0200	112.13
DE_LU	20260713-1700	112.88
DE_LU	20260713-0500	112.88
DE_LU	20260713-0100	106.26
DE_LU	20260713-1400	78.82
DE_LU	20260713-2000	112.13
DE_LU	20260713-2200	106.26
DE_LU	20260713-0700	99.33
SK	20260713-0600	95.63
SK	20260713-1600	93.67
SK	20260713-1300	39.71
SK	20260713-0000	89.4
SK	20260713-0300	98.28
SK	20260713-2300	89.4
SK	20260713-1100	27
SK	20260713-1500	79.81
SK	20260713-0400	98.28
SK	20260713-1800	98.61
SK	20260713-1900	98.28
SK	20260713-2100	89.4
SK	20260713-0900	51.3
SK	20260713-1200	47.02
SK	20260713-0800	70.23
SK	20260713-1000	43.03
SK	20260713-0200	89.4
SK	20260713-1700	95.16
SK	20260713-0500	98.28
SK	20260713-0100	89.4
SK	20260713-1400	53.24
SK	20260713-2000	98.28
SK	20260713-2200	89.4
SK	20260713-0700	89.4
EE	20260713-0600	5
EE	20260713-1600	99.33
EE	20260713-1300	5
EE	20260713-0000	62.93
EE	20260713-0300	9.5
EE	20260713-2300	99.33
EE	20260713-1100	3.15
EE	20260713-1500	9.5
EE	20260713-0400	9.5
EE	20260713-1800	91.58
EE	20260713-1900	91.26
EE	20260713-2100	99.33
EE	20260713-0900	4.8
EE	20260713-1200	5
EE	20260713-0800	4.88
EE	20260713-1000	9.5
EE	20260713-0200	62.93
EE	20260713-1700	112.13
EE	20260713-0500	5.9
EE	20260713-0100	83.36
EE	20260713-1400	5.9
EE	20260713-2000	88.91
EE	20260713-2200	99.33
EE	20260713-0700	5
SE4	20260713-0600	65.67
SE4	20260713-1600	99.33
SE4	20260713-1300	64.55
SE4	20260713-0000	62.93
SE4	20260713-0300	68.46
SE4	20260713-2300	99.33
SE4	20260713-1100	78.03
SE4	20260713-1500	99.33
SE4	20260713-0400	68.46
SE4	20260713-1800	91.58
SE4	20260713-1900	91.26
SE4	20260713-2100	99.33
SE4	20260713-0900	64.55
SE4	20260713-1200	78.82
SE4	20260713-0800	86.96
SE4	20260713-1000	99.33
SE4	20260713-0200	62.93
SE4	20260713-1700	112.13
SE4	20260713-0500	68.46
SE4	20260713-0100	83.36
SE4	20260713-1400	78.82
SE4	20260713-2000	88.91
SE4	20260713-2200	99.33
SE4	20260713-0700	78.03
SI	20260714-1300	9.5
SI	20260714-1700	140.63
SI	20260714-1000	5
SI	20260714-0000	13.4
SI	20260714-0600	9.5
SI	20260714-2200	83.36
SI	20260714-1600	140.63
SI	20260714-1100	9.5
SI	20260714-0400	83.36
SI	20260714-0900	5
SI	20260714-2000	120.57
SI	20260714-1400	75.34
SI	20260714-2100	117.91
SI	20260714-0300	83.36
SI	20260714-0100	17.42
SI	20260714-0200	17.63
SI	20260714-0700	9.5
SI	20260714-0500	95.04
SI	20260714-2300	83.36
SI	20260714-1200	9.5
SI	20260714-1500	117.91
SI	20260714-1900	140.63
ES	20260714-1300	49.61
ES	20260714-1700	117.19
ES	20260714-1000	47.67
ES	20260714-0000	179.35
ES	20260714-0600	157.51
ES	20260714-2200	195.77
ES	20260714-1600	66.18
ES	20260714-1100	23.15
ES	20260714-0400	204.56
ES	20260714-0900	48.82
ES	20260714-2000	215.88
ES	20260714-1400	49.7
ES	20260714-2100	204.02
ES	20260714-0300	171.17
ES	20260714-0100	175.06
ES	20260714-0200	172.54
ES	20260714-0700	117.19
ES	20260714-0500	209.18
ES	20260714-2300	187.42
ES	20260714-1200	23.74
ES	20260714-1500	52.14
ES	20260714-1900	214.99
GR	20260714-1300	6.17
GR	20260714-1700	214.08
GR	20260714-1000	5
GR	20260714-0000	114.71
GR	20260714-0600	83.36
GR	20260714-2200	117.19
GR	20260714-1600	180.06
GR	20260714-1100	6.04
GR	20260714-0400	117.19
GR	20260714-0900	3.75
GR	20260714-2000	207.19
GR	20260714-1400	83.36
GR	20260714-2100	157.14
GR	20260714-0300	114.71
GR	20260714-0100	114.71
GR	20260714-0200	114.71
GR	20260714-0700	9.5
GR	20260714-0500	117.19
GR	20260714-2300	117.19
GR	20260714-1200	6.17
GR	20260714-1500	117.19
GR	20260714-1900	214.51
IT-CNORTH	20260714-1300	140.63
IT-CNORTH	20260714-1700	140.63
IT-CNORTH	20260714-1000	140.63
IT-CNORTH	20260714-0000	140.63
IT-CNORTH	20260714-0600	140.63
IT-CNORTH	20260714-2200	140.63
IT-CNORTH	20260714-1600	140.63
IT-CNORTH	20260714-1100	140.63
IT-CNORTH	20260714-0400	140.63
IT-CNORTH	20260714-0900	140.63
IT-CNORTH	20260714-2000	140.63
IT-CNORTH	20260714-1400	140.63
IT-CNORTH	20260714-2100	140.63
IT-CNORTH	20260714-0300	140.63
IT-CNORTH	20260714-0100	140.63
IT-CNORTH	20260714-0200	140.63
IT-CNORTH	20260714-0700	140.63
IT-CNORTH	20260714-0500	140.63
IT-CNORTH	20260714-2300	140.63
IT-CNORTH	20260714-1200	140.63
IT-CNORTH	20260714-1500	140.63
IT-CNORTH	20260714-1900	140.63
HU	20260714-1300	9.5
HU	20260714-1700	117.19
HU	20260714-1000	5
HU	20260714-0000	13.4
HU	20260714-0600	9.5
HU	20260714-2200	83.36
HU	20260714-1600	117.19
HU	20260714-1100	6.04
HU	20260714-0400	83.36
HU	20260714-0900	5
HU	20260714-2000	117.19
HU	20260714-1400	75.34
HU	20260714-2100	117.19
HU	20260714-0300	83.36
HU	20260714-0100	17.42
HU	20260714-0200	17.63
HU	20260714-0700	6.17
HU	20260714-0500	83.36
HU	20260714-2300	83.36
HU	20260714-1200	6.17
HU	20260714-1500	106.8
HU	20260714-1900	117.19
IT-SOUTH	20260714-1300	140.63
IT-SOUTH	20260714-1700	140.63
IT-SOUTH	20260714-1000	140.63
IT-SOUTH	20260714-0000	140.63
IT-SOUTH	20260714-0600	140.63
IT-SOUTH	20260714-2200	140.63
IT-SOUTH	20260714-1600	140.63
IT-SOUTH	20260714-1100	140.63
IT-SOUTH	20260714-0400	140.63
IT-SOUTH	20260714-0900	140.63
IT-SOUTH	20260714-2000	140.63
IT-SOUTH	20260714-1400	140.63
IT-SOUTH	20260714-2100	140.63
IT-SOUTH	20260714-0300	140.63
IT-SOUTH	20260714-0100	140.63
IT-SOUTH	20260714-0200	140.63
IT-SOUTH	20260714-0700	140.63
IT-SOUTH	20260714-0500	140.63
IT-SOUTH	20260714-2300	140.63
IT-SOUTH	20260714-1200	140.63
IT-SOUTH	20260714-1500	140.63
IT-SOUTH	20260714-1900	140.63
IT-Sicily	20260714-1300	140.63
IT-Sicily	20260714-1700	140.63
IT-Sicily	20260714-1000	140.63
IT-Sicily	20260714-0000	140.63
IT-Sicily	20260714-0600	140.63
IT-Sicily	20260714-2200	140.63
IT-Sicily	20260714-1600	140.63
IT-Sicily	20260714-1100	140.63
IT-Sicily	20260714-0400	140.63
IT-Sicily	20260714-0900	140.63
IT-Sicily	20260714-2000	140.63
IT-Sicily	20260714-1400	140.63
IT-Sicily	20260714-2100	140.63
IT-Sicily	20260714-0300	140.63
IT-Sicily	20260714-0100	140.63
IT-Sicily	20260714-0200	140.63
IT-Sicily	20260714-0700	140.63
IT-Sicily	20260714-0500	140.63
IT-Sicily	20260714-2300	140.63
IT-Sicily	20260714-1200	140.63
IT-Sicily	20260714-1500	140.63
IT-Sicily	20260714-1900	140.63
IT-Sardinia	20260714-1300	99.13
IT-Sardinia	20260714-1700	140.63
IT-Sardinia	20260714-1000	99.13
IT-Sardinia	20260714-0000	140.63
IT-Sardinia	20260714-0600	140.63
IT-Sardinia	20260714-2200	140.63
IT-Sardinia	20260714-1600	140.63
IT-Sardinia	20260714-1100	99.13
IT-Sardinia	20260714-0400	140.63
IT-Sardinia	20260714-0900	121.05
IT-Sardinia	20260714-2000	140.63
IT-Sardinia	20260714-1400	128.16
IT-Sardinia	20260714-2100	140.63
IT-Sardinia	20260714-0300	140.63
IT-Sardinia	20260714-0100	140.63
IT-Sardinia	20260714-0200	140.63
IT-Sardinia	20260714-0700	140.63
IT-Sardinia	20260714-0500	140.63
IT-Sardinia	20260714-2300	140.63
IT-Sardinia	20260714-1200	94.5
IT-Sardinia	20260714-1500	132.17
IT-Sardinia	20260714-1900	140.63
RS	20260714-1300	9.5
RS	20260714-1700	214.08
RS	20260714-1000	5
RS	20260714-0000	114.71
RS	20260714-0600	114.71
RS	20260714-2200	117.19
RS	20260714-1600	180.06
RS	20260714-1100	6.04
RS	20260714-0400	117.19
RS	20260714-0900	6.04
RS	20260714-2000	207.19
RS	20260714-1400	83.36
RS	20260714-2100	157.14
RS	20260714-0300	114.71
RS	20260714-0100	114.71
RS	20260714-0200	114.71
RS	20260714-0700	9.5
RS	20260714-0500	117.19
RS	20260714-2300	117.19
RS	20260714-1200	6.17
RS	20260714-1500	117.19
RS	20260714-1900	222.05
DK1	20260714-1300	63
DK1	20260714-1700	117.19
DK1	20260714-1000	57
DK1	20260714-0000	106.44
DK1	20260714-0600	114.71
DK1	20260714-2200	117.19
DK1	20260714-1600	114.71
DK1	20260714-1100	57
DK1	20260714-0400	117.19
DK1	20260714-0900	75.05
DK1	20260714-2000	117.19
DK1	20260714-1400	75.07
DK1	20260714-2100	117.19
DK1	20260714-0300	114.71
DK1	20260714-0100	106.8
DK1	20260714-0200	114.71
DK1	20260714-0700	100.64
DK1	20260714-0500	117.19
DK1	20260714-2300	114.71
DK1	20260714-1200	57
DK1	20260714-1500	100.64
DK1	20260714-1900	123.36
CH	20260714-1300	80.89
CH	20260714-1700	118.64
CH	20260714-1000	63.41
CH	20260714-0000	106.44
CH	20260714-0600	114.71
CH	20260714-2200	117.19
CH	20260714-1600	114.71
CH	20260714-1100	63.11
CH	20260714-0400	117.19
CH	20260714-0900	80.89
CH	20260714-2000	123.36
CH	20260714-1400	83.23
CH	20260714-2100	123.36
CH	20260714-0300	114.71
CH	20260714-0100	106.8
CH	20260714-0200	114.71
CH	20260714-0700	100.64
CH	20260714-0500	117.19
CH	20260714-2300	114.71
CH	20260714-1200	74.66
CH	20260714-1500	100.64
CH	20260714-1900	123.36
SE1	20260714-1300	35.59
SE1	20260714-1700	47.84
SE1	20260714-1000	55.66
SE1	20260714-0000	1
SE1	20260714-0600	72.5
SE1	20260714-2200	1
SE1	20260714-1600	72.16
SE1	20260714-1100	51.68
SE1	20260714-0400	46.21
SE1	20260714-0900	78.74
SE1	20260714-2000	1
SE1	20260714-1400	70.45
SE1	20260714-2100	1
SE1	20260714-0300	1
SE1	20260714-0100	1
SE1	20260714-0200	1
SE1	20260714-0700	71.51
SE1	20260714-0500	63.29
SE1	20260714-2300	1
SE1	20260714-1200	44.73
SE1	20260714-1500	69.11
SE1	20260714-1900	1
NO4	20260714-1300	46.08
NO4	20260714-1700	45.35
NO4	20260714-1000	42.69
NO4	20260714-0000	29.16
NO4	20260714-0600	39.55
NO4	20260714-2200	44.98
NO4	20260714-1600	43.28
NO4	20260714-1100	43.92
NO4	20260714-0400	30.57
NO4	20260714-0900	42.83
NO4	20260714-2000	44.67
NO4	20260714-1400	44.16
NO4	20260714-2100	39.69
NO4	20260714-0300	27.19
NO4	20260714-0100	27.78
NO4	20260714-0200	25.91
NO4	20260714-0700	42.51
NO4	20260714-0500	36.45
NO4	20260714-2300	42.86
NO4	20260714-1200	45.96
NO4	20260714-1500	41.57
NO4	20260714-1900	46.64
SE3	20260714-1300	57
SE3	20260714-1700	114.71
SE3	20260714-1000	50.32
SE3	20260714-0000	100.64
SE3	20260714-0600	114.71
SE3	20260714-2200	103.24
SE3	20260714-1600	100.64
SE3	20260714-1100	49.97
SE3	20260714-0400	114.71
SE3	20260714-0900	57
SE3	20260714-2000	105.47
SE3	20260714-1400	63.97
SE3	20260714-2100	103.24
SE3	20260714-0300	114.52
SE3	20260714-0100	100.64
SE3	20260714-0200	100.64
SE3	20260714-0700	100.64
SE3	20260714-0500	114.71
SE3	20260714-2300	106.8
SE3	20260714-1200	50.38
SE3	20260714-1500	83.36
SE3	20260714-1900	105.47
FR	20260714-1300	49.61
FR	20260714-1700	117.19
FR	20260714-1000	47.67
FR	20260714-0000	87.27
FR	20260714-0600	76.79
FR	20260714-2200	117.19
FR	20260714-1600	66.18
FR	20260714-1100	23.15
FR	20260714-0400	83.36
FR	20260714-0900	48.82
FR	20260714-2000	140.63
FR	20260714-1400	49.7
FR	20260714-2100	136.8
FR	20260714-0300	85.54
FR	20260714-0100	84.52
FR	20260714-0200	83.97
FR	20260714-0700	72.44
FR	20260714-0500	83.36
FR	20260714-2300	95.81
FR	20260714-1200	23.74
FR	20260714-1500	52.14
FR	20260714-1900	140.63
FI	20260714-1300	9.5
FI	20260714-1700	23.12
FI	20260714-1000	6.17
FI	20260714-0000	14.46
FI	20260714-0600	13.27
FI	20260714-2200	9.5
FI	20260714-1600	23.33
FI	20260714-1100	9.5
FI	20260714-0400	30
FI	20260714-0900	9.5
FI	20260714-2000	12.76
FI	20260714-1400	9.5
FI	20260714-2100	11.62
FI	20260714-0300	15.9
FI	20260714-0100	14.68
FI	20260714-0200	14.4
FI	20260714-0700	14.69
FI	20260714-0500	24
FI	20260714-2300	5
FI	20260714-1200	9.5
FI	20260714-1500	12.53
FI	20260714-1900	12.65
PL	20260714-1300	100.64
PL	20260714-1700	114.71
PL	20260714-1000	100.64
PL	20260714-0000	100.64
PL	20260714-0600	100.64
PL	20260714-2200	100.64
PL	20260714-1600	100.64
PL	20260714-1100	100.64
PL	20260714-0400	100.64
PL	20260714-0900	100.64
PL	20260714-2000	114.71
PL	20260714-1400	100.64
PL	20260714-2100	100.64
PL	20260714-0300	100.64
PL	20260714-0100	100.64
PL	20260714-0200	100.64
PL	20260714-0700	100.64
PL	20260714-0500	100.64
PL	20260714-2300	100.64
PL	20260714-1200	100.64
PL	20260714-1500	100.64
PL	20260714-1900	114.71
IT-Calabria	20260714-1300	140.63
IT-Calabria	20260714-1700	140.63
IT-Calabria	20260714-1000	140.63
IT-Calabria	20260714-0000	140.63
IT-Calabria	20260714-0600	140.63
IT-Calabria	20260714-2200	140.63
IT-Calabria	20260714-1600	140.63
IT-Calabria	20260714-1100	140.63
IT-Calabria	20260714-0400	140.63
IT-Calabria	20260714-0900	140.63
IT-Calabria	20260714-2000	140.63
IT-Calabria	20260714-1400	140.63
IT-Calabria	20260714-2100	140.63
IT-Calabria	20260714-0300	140.63
IT-Calabria	20260714-0100	140.63
IT-Calabria	20260714-0200	140.63
IT-Calabria	20260714-0700	140.63
IT-Calabria	20260714-0500	140.63
IT-Calabria	20260714-2300	140.63
IT-Calabria	20260714-1200	140.63
IT-Calabria	20260714-1500	140.63
IT-Calabria	20260714-1900	140.63
AT	20260714-1300	75.86
AT	20260714-1700	118.64
AT	20260714-1000	63.41
AT	20260714-0000	106.44
AT	20260714-0600	114.71
AT	20260714-2200	118.47
AT	20260714-1600	114.71
AT	20260714-1100	63.11
AT	20260714-0400	118.47
AT	20260714-0900	69.12
AT	20260714-2000	123.36
AT	20260714-1400	82.59
AT	20260714-2100	123.36
AT	20260714-0300	117.19
AT	20260714-0100	106.8
AT	20260714-0200	114.71
AT	20260714-0700	100.64
AT	20260714-0500	117.19
AT	20260714-2300	117.19
AT	20260714-1200	72.61
AT	20260714-1500	100.64
AT	20260714-1900	123.36
SE2	20260714-1300	35.59
SE2	20260714-1700	1
SE2	20260714-1000	55.66
SE2	20260714-0000	1
SE2	20260714-0600	56.15
SE2	20260714-2200	1
SE2	20260714-1600	1
SE2	20260714-1100	51.68
SE2	20260714-0400	1
SE2	20260714-0900	57.35
SE2	20260714-2000	1
SE2	20260714-1400	1
SE2	20260714-2100	1
SE2	20260714-0300	1
SE2	20260714-0100	1
SE2	20260714-0200	1
SE2	20260714-0700	59.26
SE2	20260714-0500	43.24
SE2	20260714-2300	1
SE2	20260714-1200	44.73
SE2	20260714-1500	1
SE2	20260714-1900	1
IT-NORTH	20260714-1300	140.63
IT-NORTH	20260714-1700	140.63
IT-NORTH	20260714-1000	140.63
IT-NORTH	20260714-0000	140.63
IT-NORTH	20260714-0600	140.63
IT-NORTH	20260714-2200	140.63
IT-NORTH	20260714-1600	140.63
IT-NORTH	20260714-1100	140.63
IT-NORTH	20260714-0400	140.63
IT-NORTH	20260714-0900	140.63
IT-NORTH	20260714-2000	140.63
IT-NORTH	20260714-1400	140.63
IT-NORTH	20260714-2100	140.63
IT-NORTH	20260714-0300	140.63
IT-NORTH	20260714-0100	140.63
IT-NORTH	20260714-0200	140.63
IT-NORTH	20260714-0700	140.63
IT-NORTH	20260714-0500	140.63
IT-NORTH	20260714-2300	140.63
IT-NORTH	20260714-1200	140.63
IT-NORTH	20260714-1500	140.63
IT-NORTH	20260714-1900	140.63
LT	20260714-1300	9.5
LT	20260714-1700	106.8
LT	20260714-1000	6.17
LT	20260714-0000	100.64
LT	20260714-0600	100.64
LT	20260714-2200	89.09
LT	20260714-1600	83.97
LT	20260714-1100	9.5
LT	20260714-0400	62.88
LT	20260714-0900	9.5
LT	20260714-2000	106.8
LT	20260714-1400	9.5
LT	20260714-2100	89.09
LT	20260714-0300	100.64
LT	20260714-0100	100.64
LT	20260714-0200	100.64
LT	20260714-0700	14.69
LT	20260714-0500	63.25
LT	20260714-2300	89.09
LT	20260714-1200	9.5
LT	20260714-1500	83.36
LT	20260714-1900	114.71
PT	20260714-1300	49.61
PT	20260714-1700	117.19
PT	20260714-1000	47.67
PT	20260714-0000	179.35
PT	20260714-0600	157.51
PT	20260714-2200	195.77
PT	20260714-1600	66.18
PT	20260714-1100	23.15
PT	20260714-0400	204.56
PT	20260714-0900	48.82
PT	20260714-2000	215.88
PT	20260714-1400	49.7
PT	20260714-2100	204.02
PT	20260714-0300	171.17
PT	20260714-0100	175.06
PT	20260714-0200	172.54
PT	20260714-0700	117.19
PT	20260714-0500	209.18
PT	20260714-2300	187.42
PT	20260714-1200	23.74
PT	20260714-1500	52.14
PT	20260714-1900	214.99
NO2	20260714-1300	66.6
NO2	20260714-1700	123.36
NO2	20260714-1000	58.8
NO2	20260714-0000	117.6
NO2	20260714-0600	123.36
NO2	20260714-2200	123.36
NO2	20260714-1600	117.6
NO2	20260714-1100	58.39
NO2	20260714-0400	123.36
NO2	20260714-0900	66.6
NO2	20260714-2000	123.36
NO2	20260714-1400	74.75
NO2	20260714-2100	123.36
NO2	20260714-0300	123.36
NO2	20260714-0100	117.6
NO2	20260714-0200	117.6
NO2	20260714-0700	117.6
NO2	20260714-0500	123.36
NO2	20260714-2300	123.36
NO2	20260714-1200	58.87
NO2	20260714-1500	97.4
NO2	20260714-1900	123.36
LV	20260714-1300	9.5
LV	20260714-1700	106.8
LV	20260714-1000	6.17
LV	20260714-0000	100.64
LV	20260714-0600	13.27
LV	20260714-2200	89.09
LV	20260714-1600	83.97
LV	20260714-1100	9.5
LV	20260714-0400	62.88
LV	20260714-0900	9.5
LV	20260714-2000	106.8
LV	20260714-1400	9.5
LV	20260714-2100	89.09
LV	20260714-0300	100.64
LV	20260714-0100	100.64
LV	20260714-0200	100.64
LV	20260714-0700	14.69
LV	20260714-0500	24
LV	20260714-2300	89.09
LV	20260714-1200	9.5
LV	20260714-1500	83.36
LV	20260714-1900	114.71
NL	20260714-1300	63
NL	20260714-1700	106.8
NL	20260714-1000	57
NL	20260714-0000	106.44
NL	20260714-0600	106.8
NL	20260714-2200	106.8
NL	20260714-1600	100.64
NL	20260714-1100	57
NL	20260714-0400	106.8
NL	20260714-0900	75.05
NL	20260714-2000	106.8
NL	20260714-1400	75.07
NL	20260714-2100	106.8
NL	20260714-0300	106.8
NL	20260714-0100	106.8
NL	20260714-0200	106.8
NL	20260714-0700	100.64
NL	20260714-0500	106.8
NL	20260714-2300	106.8
NL	20260714-1200	57
NL	20260714-1500	100.64
NL	20260714-1900	106.8
NO5	20260714-1300	59.54
NO5	20260714-1700	115.69
NO5	20260714-1000	52.56
NO5	20260714-0000	105.12
NO5	20260714-0600	115.69
NO5	20260714-2200	115.69
NO5	20260714-1600	105.12
NO5	20260714-1100	52.2
NO5	20260714-0400	115.69
NO5	20260714-0900	59.54
NO5	20260714-2000	116.99
NO5	20260714-1400	66.82
NO5	20260714-2100	115.69
NO5	20260714-0300	115.59
NO5	20260714-0100	105.12
NO5	20260714-0200	105.12
NO5	20260714-0700	105.12
NO5	20260714-0500	115.69
NO5	20260714-2300	115.69
NO5	20260714-1200	52.62
NO5	20260714-1500	87.07
NO5	20260714-1900	116.99
BE	20260714-1300	51.3
BE	20260714-1700	99.68
BE	20260714-1000	45.29
BE	20260714-0000	90.58
BE	20260714-0600	106.8
BE	20260714-2200	99.68
BE	20260714-1600	90.58
BE	20260714-1100	44.97
BE	20260714-0400	99.68
BE	20260714-0900	51.3
BE	20260714-2000	117.19
BE	20260714-1400	57.57
BE	20260714-2100	110.76
BE	20260714-0300	99.59
BE	20260714-0100	90.58
BE	20260714-0200	90.58
BE	20260714-0700	90.58
BE	20260714-0500	110.76
BE	20260714-2300	99.68
BE	20260714-1200	45.34
BE	20260714-1500	75.02
BE	20260714-1900	117.19
RO	20260714-1300	9.5
RO	20260714-1700	214.08
RO	20260714-1000	5
RO	20260714-0000	114.71
RO	20260714-0600	114.71
RO	20260714-2200	117.19
RO	20260714-1600	180.06
RO	20260714-1100	6.04
RO	20260714-0400	117.19
RO	20260714-0900	6.04
RO	20260714-2000	207.19
RO	20260714-1400	83.36
RO	20260714-2100	157.14
RO	20260714-0300	114.71
RO	20260714-0100	114.71
RO	20260714-0200	114.71
RO	20260714-0700	9.5
RO	20260714-0500	117.19
RO	20260714-2300	117.19
RO	20260714-1200	6.17
RO	20260714-1500	117.19
RO	20260714-1900	222.05
DK2	20260714-1300	63
DK2	20260714-1700	117.19
DK2	20260714-1000	57
DK2	20260714-0000	100.64
DK2	20260714-0600	100.64
DK2	20260714-2200	117.19
DK2	20260714-1600	114.71
DK2	20260714-1100	57
DK2	20260714-0400	117.19
DK2	20260714-0900	65.94
DK2	20260714-2000	117.19
DK2	20260714-1400	65.94
DK2	20260714-2100	117.19
DK2	20260714-0300	100.64
DK2	20260714-0100	100.64
DK2	20260714-0200	100.64
DK2	20260714-0700	100.64
DK2	20260714-0500	117.19
DK2	20260714-2300	114.71
DK2	20260714-1200	57
DK2	20260714-1500	100.64
DK2	20260714-1900	123.36
BG	20260714-1300	6.17
BG	20260714-1700	214.08
BG	20260714-1000	5
BG	20260714-0000	114.71
BG	20260714-0600	83.36
BG	20260714-2200	117.19
BG	20260714-1600	180.06
BG	20260714-1100	6.04
BG	20260714-0400	117.19
BG	20260714-0900	3.75
BG	20260714-2000	207.19
BG	20260714-1400	83.36
BG	20260714-2100	157.14
BG	20260714-0300	114.71
BG	20260714-0100	114.71
BG	20260714-0200	114.71
BG	20260714-0700	9.5
BG	20260714-0500	117.19
BG	20260714-2300	117.19
BG	20260714-1200	6.17
BG	20260714-1500	117.19
BG	20260714-1900	214.51
IT-CSOUTH	20260714-1300	140.63
IT-CSOUTH	20260714-1700	140.63
IT-CSOUTH	20260714-1000	140.63
IT-CSOUTH	20260714-0000	140.63
IT-CSOUTH	20260714-0600	140.63
IT-CSOUTH	20260714-2200	140.63
IT-CSOUTH	20260714-1600	140.63
IT-CSOUTH	20260714-1100	140.63
IT-CSOUTH	20260714-0400	140.63
IT-CSOUTH	20260714-0900	140.63
IT-CSOUTH	20260714-2000	140.63
IT-CSOUTH	20260714-1400	140.63
IT-CSOUTH	20260714-2100	140.63
IT-CSOUTH	20260714-0300	140.63
IT-CSOUTH	20260714-0100	140.63
IT-CSOUTH	20260714-0200	140.63
IT-CSOUTH	20260714-0700	140.63
IT-CSOUTH	20260714-0500	140.63
IT-CSOUTH	20260714-2300	140.63
IT-CSOUTH	20260714-1200	140.63
IT-CSOUTH	20260714-1500	140.63
IT-CSOUTH	20260714-1900	140.63
CZ	20260714-1300	80.75
CZ	20260714-1700	114.71
CZ	20260714-1000	57
CZ	20260714-0000	100.64
CZ	20260714-0600	100.64
CZ	20260714-2200	100.64
CZ	20260714-1600	114.71
CZ	20260714-1100	64.55
CZ	20260714-0400	83.36
CZ	20260714-0900	75.05
CZ	20260714-2000	114.71
CZ	20260714-1400	80.75
CZ	20260714-2100	114.71
CZ	20260714-0300	80.75
CZ	20260714-0100	100.64
CZ	20260714-0200	96
CZ	20260714-0700	100.64
CZ	20260714-0500	100.64
CZ	20260714-2300	100.64
CZ	20260714-1200	76.75
CZ	20260714-1500	100.64
CZ	20260714-1900	114.71
NO3	20260714-1300	64.33
NO3	20260714-1700	123.36
NO3	20260714-1000	56.79
NO3	20260714-0000	113.58
NO3	20260714-0600	123.36
NO3	20260714-2200	123.36
NO3	20260714-1600	113.58
NO3	20260714-1100	56.4
NO3	20260714-0400	123.36
NO3	20260714-0900	64.33
NO3	20260714-2000	123.36
NO3	20260714-1400	72.2
NO3	20260714-2100	123.36
NO3	20260714-0300	123.36
NO3	20260714-0100	113.58
NO3	20260714-0200	113.58
NO3	20260714-0700	113.58
NO3	20260714-0500	123.36
NO3	20260714-2300	123.36
NO3	20260714-1200	56.86
NO3	20260714-1500	94.08
NO3	20260714-1900	123.36
NO1	20260714-1300	51.3
NO1	20260714-1700	99.68
NO1	20260714-1000	45.29
NO1	20260714-0000	90.58
NO1	20260714-0600	108.03
NO1	20260714-2200	99.68
NO1	20260714-1600	90.58
NO1	20260714-1100	44.97
NO1	20260714-0400	99.68
NO1	20260714-0900	51.3
NO1	20260714-2000	100.8
NO1	20260714-1400	57.57
NO1	20260714-2100	99.68
NO1	20260714-0300	99.59
NO1	20260714-0100	90.58
NO1	20260714-0200	90.58
NO1	20260714-0700	98.17
NO1	20260714-0500	99.68
NO1	20260714-2300	99.68
NO1	20260714-1200	45.34
NO1	20260714-1500	75.02
NO1	20260714-1900	100.8
DE_LU	20260714-1300	63
DE_LU	20260714-1700	117.19
DE_LU	20260714-1000	57
DE_LU	20260714-0000	106.44
DE_LU	20260714-0600	114.71
DE_LU	20260714-2200	117.19
DE_LU	20260714-1600	114.71
DE_LU	20260714-1100	57
DE_LU	20260714-0400	117.19
DE_LU	20260714-0900	75.05
DE_LU	20260714-2000	117.19
DE_LU	20260714-1400	75.07
DE_LU	20260714-2100	117.19
DE_LU	20260714-0300	114.71
DE_LU	20260714-0100	106.8
DE_LU	20260714-0200	114.71
DE_LU	20260714-0700	100.64
DE_LU	20260714-0500	117.19
DE_LU	20260714-2300	114.71
DE_LU	20260714-1200	57
DE_LU	20260714-1500	100.64
DE_LU	20260714-1900	123.36
SK	20260714-1300	51.3
SK	20260714-1700	99.68
SK	20260714-1000	45.29
SK	20260714-0000	90.58
SK	20260714-0600	99.68
SK	20260714-2200	99.68
SK	20260714-1600	90.58
SK	20260714-1100	44.97
SK	20260714-0400	99.68
SK	20260714-0900	51.3
SK	20260714-2000	100.8
SK	20260714-1400	57.57
SK	20260714-2100	99.68
SK	20260714-0300	99.59
SK	20260714-0100	90.58
SK	20260714-0200	90.58
SK	20260714-0700	90.58
SK	20260714-0500	99.68
SK	20260714-2300	99.68
SK	20260714-1200	45.34
SK	20260714-1500	75.02
SK	20260714-1900	100.8
EE	20260714-1300	9.5
EE	20260714-1700	106.8
EE	20260714-1000	6.17
EE	20260714-0000	100.64
EE	20260714-0600	13.27
EE	20260714-2200	89.09
EE	20260714-1600	83.97
EE	20260714-1100	9.5
EE	20260714-0400	62.88
EE	20260714-0900	9.5
EE	20260714-2000	106.8
EE	20260714-1400	9.5
EE	20260714-2100	89.09
EE	20260714-0300	100.64
EE	20260714-0100	100.64
EE	20260714-0200	100.64
EE	20260714-0700	14.69
EE	20260714-0500	24
EE	20260714-2300	89.09
EE	20260714-1200	9.5
EE	20260714-1500	83.36
EE	20260714-1900	114.71
SE4	20260714-1300	44.31
SE4	20260714-1700	106.8
SE4	20260714-1000	57
SE4	20260714-0000	100.64
SE4	20260714-0600	100.64
SE4	20260714-2200	89.09
SE4	20260714-1600	83.97
SE4	20260714-1100	57
SE4	20260714-0400	62.88
SE4	20260714-0900	39.88
SE4	20260714-2000	106.8
SE4	20260714-1400	42.42
SE4	20260714-2100	89.09
SE4	20260714-0300	100.64
SE4	20260714-0100	100.64
SE4	20260714-0200	100.64
SE4	20260714-0700	100.64
SE4	20260714-0500	63.25
SE4	20260714-2300	89.09
SE4	20260714-1200	57
SE4	20260714-1500	83.36
SE4	20260714-1900	114.71
SI	20260715-1800	120.9
SI	20260715-2300	98.21
SI	20260715-0200	10.6
SI	20260715-1900	120.9
SI	20260715-1700	120.9
SI	20260715-1500	116
SI	20260715-1000	9.5
SI	20260715-0400	57
SI	20260715-0800	10.54
SI	20260715-0000	10.54
SI	20260715-0700	12.58
SI	20260715-0100	9.5
SI	20260715-0900	9.5
SI	20260715-1100	6.33
SI	20260715-2200	86.58
SI	20260715-2100	99.08
SI	20260715-1400	12.68
SI	20260715-0500	75.34
SI	20260715-2000	116
SI	20260715-1300	9.5
SI	20260715-0300	9.5
SI	20260715-1200	9.5
SI	20260715-1600	116
SI	20260715-0600	12.86
ES	20260715-1800	195.63
ES	20260715-2300	182.24
ES	20260715-0200	171.85
ES	20260715-1900	221.52
ES	20260715-1700	120.25
ES	20260715-1500	16
ES	20260715-1000	52.7
ES	20260715-0400	205.09
ES	20260715-0800	86.58
ES	20260715-0000	177.55
ES	20260715-0700	115.22
ES	20260715-0100	174.09
ES	20260715-0900	68.14
ES	20260715-1100	16
ES	20260715-2200	200.74
ES	20260715-2100	207.67
ES	20260715-1400	10.5
ES	20260715-0500	210.3
ES	20260715-2000	218.75
ES	20260715-1300	9.5
ES	20260715-0300	170.76
ES	20260715-1200	9.5
ES	20260715-1600	82.81
ES	20260715-0600	120.25
GR	20260715-1800	221.52
GR	20260715-2300	124.47
GR	20260715-0200	120.25
GR	20260715-1900	219.48
GR	20260715-1700	219.34
GR	20260715-1500	120.25
GR	20260715-1000	5
GR	20260715-0400	120.25
GR	20260715-0800	6.33
GR	20260715-0000	120.25
GR	20260715-0700	81.29
GR	20260715-0100	120.25
GR	20260715-0900	6.33
GR	20260715-1100	5
GR	20260715-2200	144.3
GR	20260715-2100	190.06
GR	20260715-1400	115.22
GR	20260715-0500	120.25
GR	20260715-2000	214.1
GR	20260715-1300	6.33
GR	20260715-0300	120.25
GR	20260715-1200	6.06
GR	20260715-1600	203.51
GR	20260715-0600	101.01
IT-CNORTH	20260715-1800	144.3
IT-CNORTH	20260715-2300	144.3
IT-CNORTH	20260715-0200	144.3
IT-CNORTH	20260715-1900	144.3
IT-CNORTH	20260715-1700	144.3
IT-CNORTH	20260715-1500	144.3
IT-CNORTH	20260715-1000	144.3
IT-CNORTH	20260715-0400	144.3
IT-CNORTH	20260715-0800	144.3
IT-CNORTH	20260715-0000	144.3
IT-CNORTH	20260715-0700	144.3
IT-CNORTH	20260715-0100	144.3
IT-CNORTH	20260715-0900	144.3
IT-CNORTH	20260715-1100	144.3
IT-CNORTH	20260715-2200	144.3
IT-CNORTH	20260715-2100	144.3
IT-CNORTH	20260715-1400	144.3
IT-CNORTH	20260715-0500	144.3
IT-CNORTH	20260715-2000	144.3
IT-CNORTH	20260715-1300	144.3
IT-CNORTH	20260715-0300	144.3
IT-CNORTH	20260715-1200	144.3
IT-CNORTH	20260715-1600	144.3
IT-CNORTH	20260715-0600	144.3
HU	20260715-1800	120.25
HU	20260715-2300	86.58
HU	20260715-0200	10.6
HU	20260715-1900	106.95
HU	20260715-1700	106.95
HU	20260715-1500	86.58
HU	20260715-1000	9.5
HU	20260715-0400	57
HU	20260715-0800	10.54
HU	20260715-0000	10.54
HU	20260715-0700	12.58
HU	20260715-0100	9.5
HU	20260715-0900	9.5
HU	20260715-1100	6.33
HU	20260715-2200	86.58
HU	20260715-2100	75.34
HU	20260715-1400	12.68
HU	20260715-0500	75.34
HU	20260715-2000	86.58
HU	20260715-1300	9.5
HU	20260715-0300	16.78
HU	20260715-1200	9.5
HU	20260715-1600	106.95
HU	20260715-0600	12.86
IT-SOUTH	20260715-1800	144.3
IT-SOUTH	20260715-2300	144.3
IT-SOUTH	20260715-0200	144.3
IT-SOUTH	20260715-1900	144.3
IT-SOUTH	20260715-1700	144.3
IT-SOUTH	20260715-1500	144.3
IT-SOUTH	20260715-1000	144.3
IT-SOUTH	20260715-0400	144.3
IT-SOUTH	20260715-0800	144.3
IT-SOUTH	20260715-0000	144.3
IT-SOUTH	20260715-0700	144.3
IT-SOUTH	20260715-0100	144.3
IT-SOUTH	20260715-0900	144.3
IT-SOUTH	20260715-1100	144.3
IT-SOUTH	20260715-2200	144.3
IT-SOUTH	20260715-2100	144.3
IT-SOUTH	20260715-1400	144.3
IT-SOUTH	20260715-0500	144.3
IT-SOUTH	20260715-2000	144.3
IT-SOUTH	20260715-1300	144.3
IT-SOUTH	20260715-0300	144.3
IT-SOUTH	20260715-1200	144.3
IT-SOUTH	20260715-1600	144.3
IT-SOUTH	20260715-0600	144.3
IT-Sicily	20260715-1800	144.3
IT-Sicily	20260715-2300	144.3
IT-Sicily	20260715-0200	144.3
IT-Sicily	20260715-1900	144.3
IT-Sicily	20260715-1700	144.3
IT-Sicily	20260715-1500	144.3
IT-Sicily	20260715-1000	144.3
IT-Sicily	20260715-0400	144.3
IT-Sicily	20260715-0800	144.3
IT-Sicily	20260715-0000	144.3
IT-Sicily	20260715-0700	144.3
IT-Sicily	20260715-0100	144.3
IT-Sicily	20260715-0900	144.3
IT-Sicily	20260715-1100	144.3
IT-Sicily	20260715-2200	144.3
IT-Sicily	20260715-2100	144.3
IT-Sicily	20260715-1400	144.3
IT-Sicily	20260715-0500	144.3
IT-Sicily	20260715-2000	144.3
IT-Sicily	20260715-1300	144.3
IT-Sicily	20260715-0300	144.3
IT-Sicily	20260715-1200	144.3
IT-Sicily	20260715-1600	144.3
IT-Sicily	20260715-0600	144.3
IT-Sardinia	20260715-1800	144.3
IT-Sardinia	20260715-2300	144.3
IT-Sardinia	20260715-0200	144.3
IT-Sardinia	20260715-1900	144.3
IT-Sardinia	20260715-1700	144.3
IT-Sardinia	20260715-1500	144.3
IT-Sardinia	20260715-1000	128.34
IT-Sardinia	20260715-0400	144.3
IT-Sardinia	20260715-0800	132.61
IT-Sardinia	20260715-0000	144.3
IT-Sardinia	20260715-0700	144.3
IT-Sardinia	20260715-0100	144.3
IT-Sardinia	20260715-0900	128.34
IT-Sardinia	20260715-1100	121.21
IT-Sardinia	20260715-2200	144.3
IT-Sardinia	20260715-2100	144.3
IT-Sardinia	20260715-1400	128.34
IT-Sardinia	20260715-0500	144.3
IT-Sardinia	20260715-2000	144.3
IT-Sardinia	20260715-1300	114.53
IT-Sardinia	20260715-0300	144.3
IT-Sardinia	20260715-1200	112.5
IT-Sardinia	20260715-1600	144.3
IT-Sardinia	20260715-0600	144.3
RS	20260715-1800	227.84
RS	20260715-2300	124.47
RS	20260715-0200	120.25
RS	20260715-1900	227.84
RS	20260715-1700	227.84
RS	20260715-1500	120.25
RS	20260715-1000	6.06
RS	20260715-0400	120.25
RS	20260715-0800	6.33
RS	20260715-0000	120.25
RS	20260715-0700	81.29
RS	20260715-0100	120.25
RS	20260715-0900	6.33
RS	20260715-1100	10.5
RS	20260715-2200	144.3
RS	20260715-2100	190.06
RS	20260715-1400	115.22
RS	20260715-0500	120.25
RS	20260715-2000	227.84
RS	20260715-1300	115.22
RS	20260715-0300	120.25
RS	20260715-1200	85.5
RS	20260715-1600	208.32
RS	20260715-0600	115.22
DK1	20260715-1800	144.3
DK1	20260715-2300	115.22
DK1	20260715-0200	115.22
DK1	20260715-1900	144.3
DK1	20260715-1700	120.25
DK1	20260715-1500	101.01
DK1	20260715-1000	57
DK1	20260715-0400	120.25
DK1	20260715-0800	101.01
DK1	20260715-0000	115.22
DK1	20260715-0700	115.22
DK1	20260715-0100	115.22
DK1	20260715-0900	75.24
DK1	20260715-1100	42.3
DK1	20260715-2200	120.25
DK1	20260715-2100	120.25
DK1	20260715-1400	86.58
DK1	20260715-0500	120.25
DK1	20260715-2000	126.58
DK1	20260715-1300	57
DK1	20260715-0300	120.25
DK1	20260715-1200	42.03
DK1	20260715-1600	115.22
DK1	20260715-0600	120.25
CH	20260715-1800	144.3
CH	20260715-2300	86.58
CH	20260715-0200	115.22
CH	20260715-1900	144.3
CH	20260715-1700	122.86
CH	20260715-1500	103.12
CH	20260715-1000	79.63
CH	20260715-0400	120.25
CH	20260715-0800	101.01
CH	20260715-0000	115.22
CH	20260715-0700	115.22
CH	20260715-0100	115.22
CH	20260715-0900	85.78
CH	20260715-1100	79.63
CH	20260715-2200	104.09
CH	20260715-2100	126.58
CH	20260715-1400	88.38
CH	20260715-0500	120.25
CH	20260715-2000	126.58
CH	20260715-1300	81.17
CH	20260715-0300	120.25
CH	20260715-1200	79.63
CH	20260715-1600	115.22
CH	20260715-0600	120.25
SE1	20260715-1800	1
SE1	20260715-2300	33.17
SE1	20260715-0200	1
SE1	20260715-1900	1
SE1	20260715-1700	1
SE1	20260715-1500	50.43
SE1	20260715-1000	74.95
SE1	20260715-0400	1
SE1	20260715-0800	58.09
SE1	20260715-0000	1
SE1	20260715-0700	44.42
SE1	20260715-0100	1
SE1	20260715-0900	71.02
SE1	20260715-1100	33.17
SE1	20260715-2200	1
SE1	20260715-2100	1
SE1	20260715-1400	68.95
SE1	20260715-0500	1
SE1	20260715-2000	1
SE1	20260715-1300	33.17
SE1	20260715-0300	1
SE1	20260715-1200	33.17
SE1	20260715-1600	1
SE1	20260715-0600	44.42
NO4	20260715-1800	48.11
NO4	20260715-2300	35.89
NO4	20260715-0200	26.58
NO4	20260715-1900	46.73
NO4	20260715-1700	48.73
NO4	20260715-1500	45.67
NO4	20260715-1000	35.93
NO4	20260715-0400	28.86
NO4	20260715-0800	35.2
NO4	20260715-0000	27.24
NO4	20260715-0700	36.14
NO4	20260715-0100	27.42
NO4	20260715-0900	34.6
NO4	20260715-1100	37.31
NO4	20260715-2200	39.17
NO4	20260715-2100	41.26
NO4	20260715-1400	43.76
NO4	20260715-0500	33.24
NO4	20260715-2000	44.1
NO4	20260715-1300	41.61
NO4	20260715-0300	27.09
NO4	20260715-1200	39.36
NO4	20260715-1600	47.46
NO4	20260715-0600	35.95
SE3	20260715-1800	124.6
SE3	20260715-2300	103.7
SE3	20260715-0200	96.26
SE3	20260715-1900	108.22
SE3	20260715-1700	108.22
SE3	20260715-1500	90.91
SE3	20260715-1000	52.25
SE3	20260715-0400	103.7
SE3	20260715-0800	77.92
SE3	20260715-0000	96.26
SE3	20260715-0700	90.91
SE3	20260715-0100	96.26
SE3	20260715-0900	64.39
SE3	20260715-1100	47.02
SE3	20260715-2200	103.7
SE3	20260715-2100	108.22
SE3	20260715-1400	78.93
SE3	20260715-0500	108.22
SE3	20260715-2000	108.22
SE3	20260715-1300	57
SE3	20260715-0300	103.7
SE3	20260715-1200	47.02
SE3	20260715-1600	90.91
SE3	20260715-0600	103.7
FR	20260715-1800	144.3
FR	20260715-2300	86.58
FR	20260715-0200	73.94
FR	20260715-1900	144.3
FR	20260715-1700	122.86
FR	20260715-1500	54.94
FR	20260715-1000	52.7
FR	20260715-0400	88.72
FR	20260715-0800	86.58
FR	20260715-0000	82.68
FR	20260715-0700	115.22
FR	20260715-0100	82.09
FR	20260715-0900	68.14
FR	20260715-1100	42.3
FR	20260715-2200	104.09
FR	20260715-2100	144.3
FR	20260715-1400	45.27
FR	20260715-0500	112.22
FR	20260715-2000	133.73
FR	20260715-1300	43.02
FR	20260715-0300	82.92
FR	20260715-1200	42.03
FR	20260715-1600	82.81
FR	20260715-0600	120.25
FI	20260715-1800	30
FI	20260715-2300	19.87
FI	20260715-0200	9.5
FI	20260715-1900	30
FI	20260715-1700	30
FI	20260715-1500	20.01
FI	20260715-1000	13.33
FI	20260715-0400	13.98
FI	20260715-0800	14.56
FI	20260715-0000	5
FI	20260715-0700	9.5
FI	20260715-0100	5
FI	20260715-0900	14.42
FI	20260715-1100	9.5
FI	20260715-2200	19.3
FI	20260715-2100	21.59
FI	20260715-1400	13.31
FI	20260715-0500	9.5
FI	20260715-2000	57
FI	20260715-1300	9.5
FI	20260715-0300	10.96
FI	20260715-1200	9.5
FI	20260715-1600	20.98
FI	20260715-0600	9.5
PL	20260715-1800	115.22
PL	20260715-2300	101.01
PL	20260715-0200	101.01
PL	20260715-1900	115.22
PL	20260715-1700	115.22
PL	20260715-1500	101.01
PL	20260715-1000	101.01
PL	20260715-0400	101.01
PL	20260715-0800	101.01
PL	20260715-0000	101.01
PL	20260715-0700	101.01
PL	20260715-0100	101.01
PL	20260715-0900	101.01
PL	20260715-1100	101.01
PL	20260715-2200	101.01
PL	20260715-2100	101.01
PL	20260715-1400	101.01
PL	20260715-0500	101.01
PL	20260715-2000	106.95
PL	20260715-1300	101.01
PL	20260715-0300	101.01
PL	20260715-1200	101.01
PL	20260715-1600	101.01
PL	20260715-0600	101.01
IT-Calabria	20260715-1800	144.3
IT-Calabria	20260715-2300	144.3
IT-Calabria	20260715-0200	144.3
IT-Calabria	20260715-1900	144.3
IT-Calabria	20260715-1700	144.3
IT-Calabria	20260715-1500	144.3
IT-Calabria	20260715-1000	144.3
IT-Calabria	20260715-0400	144.3
IT-Calabria	20260715-0800	144.3
IT-Calabria	20260715-0000	144.3
IT-Calabria	20260715-0700	144.3
IT-Calabria	20260715-0100	144.3
IT-Calabria	20260715-0900	144.3
IT-Calabria	20260715-1100	144.3
IT-Calabria	20260715-2200	144.3
IT-Calabria	20260715-2100	144.3
IT-Calabria	20260715-1400	144.3
IT-Calabria	20260715-0500	144.3
IT-Calabria	20260715-2000	144.3
IT-Calabria	20260715-1300	144.3
IT-Calabria	20260715-0300	144.3
IT-Calabria	20260715-1200	144.3
IT-Calabria	20260715-1600	144.3
IT-Calabria	20260715-0600	144.3
AT	20260715-1800	139.35
AT	20260715-2300	89.07
AT	20260715-0200	115.22
AT	20260715-1900	126.58
AT	20260715-1700	126.58
AT	20260715-1500	107.68
AT	20260715-1000	66.42
AT	20260715-0400	120.25
AT	20260715-0800	101.01
AT	20260715-0000	115.22
AT	20260715-0700	115.22
AT	20260715-0100	115.22
AT	20260715-0900	84.36
AT	20260715-1100	68.17
AT	20260715-2200	103.89
AT	20260715-2100	126.58
AT	20260715-1400	88.38
AT	20260715-0500	123.95
AT	20260715-2000	126.58
AT	20260715-1300	81.17
AT	20260715-0300	120.25
AT	20260715-1200	73.94
AT	20260715-1600	118.44
AT	20260715-0600	120.25
SE2	20260715-1800	1
SE2	20260715-2300	33.17
SE2	20260715-0200	1
SE2	20260715-1900	1
SE2	20260715-1700	1
SE2	20260715-1500	1
SE2	20260715-1000	39.98
SE2	20260715-0400	1
SE2	20260715-0800	57.56
SE2	20260715-0000	1
SE2	20260715-0700	44.42
SE2	20260715-0100	1
SE2	20260715-0900	50.7
SE2	20260715-1100	33.17
SE2	20260715-2200	1
SE2	20260715-2100	1
SE2	20260715-1400	1
SE2	20260715-0500	1
SE2	20260715-2000	1
SE2	20260715-1300	33.17
SE2	20260715-0300	1
SE2	20260715-1200	33.17
SE2	20260715-1600	1
SE2	20260715-0600	44.42
IT-NORTH	20260715-1800	144.3
IT-NORTH	20260715-2300	144.3
IT-NORTH	20260715-0200	144.3
IT-NORTH	20260715-1900	144.3
IT-NORTH	20260715-1700	144.3
IT-NORTH	20260715-1500	144.3
IT-NORTH	20260715-1000	144.3
IT-NORTH	20260715-0400	144.3
IT-NORTH	20260715-0800	144.3
IT-NORTH	20260715-0000	144.3
IT-NORTH	20260715-0700	144.3
IT-NORTH	20260715-0100	144.3
IT-NORTH	20260715-0900	144.3
IT-NORTH	20260715-1100	144.3
IT-NORTH	20260715-2200	144.3
IT-NORTH	20260715-2100	144.3
IT-NORTH	20260715-1400	144.3
IT-NORTH	20260715-0500	144.3
IT-NORTH	20260715-2000	144.3
IT-NORTH	20260715-1300	144.3
IT-NORTH	20260715-0300	144.3
IT-NORTH	20260715-1200	144.3
IT-NORTH	20260715-1600	144.3
IT-NORTH	20260715-0600	144.3
LT	20260715-1800	115.22
LT	20260715-2300	101.01
LT	20260715-0200	101.01
LT	20260715-1900	120.25
LT	20260715-1700	115.22
LT	20260715-1500	61.4
LT	20260715-1000	2.85
LT	20260715-0400	65.15
LT	20260715-0800	3.15
LT	20260715-0000	101.01
LT	20260715-0700	6.33
LT	20260715-0100	101.01
LT	20260715-0900	2.85
LT	20260715-1100	2.85
LT	20260715-2200	101.01
LT	20260715-2100	101.01
LT	20260715-1400	13.31
LT	20260715-0500	66.14
LT	20260715-2000	94.71
LT	20260715-1300	6.33
LT	20260715-0300	65.15
LT	20260715-1200	3.75
LT	20260715-1600	101.01
LT	20260715-0600	64.06
PT	20260715-1800	195.63
PT	20260715-2300	182.24
PT	20260715-0200	171.85
PT	20260715-1900	221.52
PT	20260715-1700	120.25
PT	20260715-1500	16
PT	20260715-1000	52.7
PT	20260715-0400	205.09
PT	20260715-0800	86.58
PT	20260715-0000	177.55
PT	20260715-0700	115.22
PT	20260715-0100	174.09
PT	20260715-0900	68.14
PT	20260715-1100	16
PT	20260715-2200	200.74
PT	20260715-2100	207.67
PT	20260715-1400	10.5
PT	20260715-0500	210.3
PT	20260715-2000	218.75
PT	20260715-1300	9.5
PT	20260715-0300	170.76
PT	20260715-1200	9.5
PT	20260715-1600	82.81
PT	20260715-0600	120.25
NO2	20260715-1800	126.58
NO2	20260715-2300	126.58
NO2	20260715-0200	124.97
NO2	20260715-1900	126.58
NO2	20260715-1700	126.58
NO2	20260715-1500	118.03
NO2	20260715-1000	61.05
NO2	20260715-0400	126.58
NO2	20260715-0800	101.17
NO2	20260715-0000	124.97
NO2	20260715-0700	118.03
NO2	20260715-0100	124.97
NO2	20260715-0900	75.24
NO2	20260715-1100	61.05
NO2	20260715-2200	126.58
NO2	20260715-2100	126.58
NO2	20260715-1400	92.23
NO2	20260715-0500	126.58
NO2	20260715-2000	126.58
NO2	20260715-1300	66.6
NO2	20260715-0300	126.58
NO2	20260715-1200	61.05
NO2	20260715-1600	118.03
NO2	20260715-0600	126.58
LV	20260715-1800	115.22
LV	20260715-2300	101.01
LV	20260715-0200	101.01
LV	20260715-1900	120.25
LV	20260715-1700	115.22
LV	20260715-1500	61.4
LV	20260715-1000	2.85
LV	20260715-0400	65.15
LV	20260715-0800	3.15
LV	20260715-0000	101.01
LV	20260715-0700	6.33
LV	20260715-0100	101.01
LV	20260715-0900	2.85
LV	20260715-1100	2.85
LV	20260715-2200	101.01
LV	20260715-2100	101.01
LV	20260715-1400	13.31
LV	20260715-0500	66.14
LV	20260715-2000	94.71
LV	20260715-1300	6.33
LV	20260715-0300	65.15
LV	20260715-1200	3.75
LV	20260715-1600	101.01
LV	20260715-0600	64.06
NL	20260715-1800	106.95
NL	20260715-2300	106.95
NL	20260715-0200	106.95
NL	20260715-1900	106.95
NL	20260715-1700	101.01
NL	20260715-1500	101.01
NL	20260715-1000	57
NL	20260715-0400	106.95
NL	20260715-0800	101.01
NL	20260715-0000	106.95
NL	20260715-0700	106.95
NL	20260715-0100	106.95
NL	20260715-0900	75.24
NL	20260715-1100	42.3
NL	20260715-2200	106.95
NL	20260715-2100	106.95
NL	20260715-1400	86.58
NL	20260715-0500	106.95
NL	20260715-2000	106.95
NL	20260715-1300	57
NL	20260715-0300	106.95
NL	20260715-1200	42.03
NL	20260715-1600	101.01
NL	20260715-0600	106.95
NO5	20260715-1800	126.58
NO5	20260715-2300	116.03
NO5	20260715-0200	111.72
NO5	20260715-1900	118.66
NO5	20260715-1700	115.56
NO5	20260715-1500	105.51
NO5	20260715-1000	54.58
NO5	20260715-0400	116.03
NO5	20260715-0800	90.44
NO5	20260715-0000	111.72
NO5	20260715-0700	105.51
NO5	20260715-0100	111.72
NO5	20260715-0900	67.26
NO5	20260715-1100	54.58
NO5	20260715-2200	116.03
NO5	20260715-2100	118.66
NO5	20260715-1400	82.45
NO5	20260715-0500	118.66
NO5	20260715-2000	118.66
NO5	20260715-1300	59.54
NO5	20260715-0300	116.03
NO5	20260715-1200	54.58
NO5	20260715-1600	105.51
NO5	20260715-0600	116.03
BE	20260715-1800	120.25
BE	20260715-2300	111.08
BE	20260715-0200	106.95
BE	20260715-1900	120.25
BE	20260715-1700	111.91
BE	20260715-1500	90.91
BE	20260715-1000	47.02
BE	20260715-0400	111.08
BE	20260715-0800	77.92
BE	20260715-0000	106.95
BE	20260715-0700	90.91
BE	20260715-0100	106.95
BE	20260715-0900	57.95
BE	20260715-1100	47.02
BE	20260715-2200	111.08
BE	20260715-2100	120.25
BE	20260715-1400	71.04
BE	20260715-0500	113.6
BE	20260715-2000	120.25
BE	20260715-1300	51.3
BE	20260715-0300	111.08
BE	20260715-1200	47.02
BE	20260715-1600	90.91
BE	20260715-0600	111.08
RO	20260715-1800	227.84
RO	20260715-2300	124.47
RO	20260715-0200	120.25
RO	20260715-1900	227.84
RO	20260715-1700	227.84
RO	20260715-1500	120.25
RO	20260715-1000	6.06
RO	20260715-0400	120.25
RO	20260715-0800	6.33
RO	20260715-0000	120.25
RO	20260715-0700	81.29
RO	20260715-0100	120.25
RO	20260715-0900	6.33
RO	20260715-1100	10.5
RO	20260715-2200	144.3
RO	20260715-2100	190.06
RO	20260715-1400	115.22
RO	20260715-0500	120.25
RO	20260715-2000	227.84
RO	20260715-1300	115.22
RO	20260715-0300	120.25
RO	20260715-1200	85.5
RO	20260715-1600	208.32
RO	20260715-0600	115.22
DK2	20260715-1800	144.3
DK2	20260715-2300	115.22
DK2	20260715-0200	115.22
DK2	20260715-1900	144.3
DK2	20260715-1700	115.22
DK2	20260715-1500	101.01
DK2	20260715-1000	57
DK2	20260715-0400	120.25
DK2	20260715-0800	96.05
DK2	20260715-0000	115.22
DK2	20260715-0700	101.01
DK2	20260715-0100	115.22
DK2	20260715-0900	75.24
DK2	20260715-1100	42.3
DK2	20260715-2200	120.25
DK2	20260715-2100	120.25
DK2	20260715-1400	86.58
DK2	20260715-0500	120.25
DK2	20260715-2000	126.58
DK2	20260715-1300	31.25
DK2	20260715-0300	120.25
DK2	20260715-1200	42.03
DK2	20260715-1600	101.01
DK2	20260715-0600	120.25
BG	20260715-1800	221.52
BG	20260715-2300	124.47
BG	20260715-0200	120.25
BG	20260715-1900	219.48
BG	20260715-1700	219.34
BG	20260715-1500	120.25
BG	20260715-1000	5
BG	20260715-0400	120.25
BG	20260715-0800	6.33
BG	20260715-0000	120.25
BG	20260715-0700	81.29
BG	20260715-0100	120.25
BG	20260715-0900	6.33
BG	20260715-1100	5
BG	20260715-2200	144.3
BG	20260715-2100	190.06
BG	20260715-1400	115.22
BG	20260715-0500	120.25
BG	20260715-2000	214.1
BG	20260715-1300	6.33
BG	20260715-0300	120.25
BG	20260715-1200	6.06
BG	20260715-1600	203.51
BG	20260715-0600	101.01
IT-CSOUTH	20260715-1800	144.3
IT-CSOUTH	20260715-2300	144.3
IT-CSOUTH	20260715-0200	144.3
IT-CSOUTH	20260715-1900	144.3
IT-CSOUTH	20260715-1700	144.3
IT-CSOUTH	20260715-1500	144.3
IT-CSOUTH	20260715-1000	144.3
IT-CSOUTH	20260715-0400	144.3
IT-CSOUTH	20260715-0800	144.3
IT-CSOUTH	20260715-0000	144.3
IT-CSOUTH	20260715-0700	144.3
IT-CSOUTH	20260715-0100	144.3
IT-CSOUTH	20260715-0900	144.3
IT-CSOUTH	20260715-1100	144.3
IT-CSOUTH	20260715-2200	144.3
IT-CSOUTH	20260715-2100	144.3
IT-CSOUTH	20260715-1400	144.3
IT-CSOUTH	20260715-0500	144.3
IT-CSOUTH	20260715-2000	144.3
IT-CSOUTH	20260715-1300	144.3
IT-CSOUTH	20260715-0300	144.3
IT-CSOUTH	20260715-1200	144.3
IT-CSOUTH	20260715-1600	144.3
IT-CSOUTH	20260715-0600	144.3
CZ	20260715-1800	115.22
CZ	20260715-2300	115.22
CZ	20260715-0200	83.28
CZ	20260715-1900	115.22
CZ	20260715-1700	115.22
CZ	20260715-1500	101.01
CZ	20260715-1000	81.29
CZ	20260715-0400	115.22
CZ	20260715-0800	101.01
CZ	20260715-0000	101.01
CZ	20260715-0700	115.22
CZ	20260715-0100	86.58
CZ	20260715-0900	101.01
CZ	20260715-1100	81.29
CZ	20260715-2200	115.22
CZ	20260715-2100	115.22
CZ	20260715-1400	101.01
CZ	20260715-0500	115.22
CZ	20260715-2000	115.22
CZ	20260715-1300	86.58
CZ	20260715-0300	81.29
CZ	20260715-1200	81.29
CZ	20260715-1600	115.22
CZ	20260715-0600	115.22
NO3	20260715-1800	126.58
NO3	20260715-2300	125.37
NO3	20260715-0200	120.7
NO3	20260715-1900	126.58
NO3	20260715-1700	124.86
NO3	20260715-1500	114
NO3	20260715-1000	58.97
NO3	20260715-0400	125.37
NO3	20260715-0800	97.71
NO3	20260715-0000	120.7
NO3	20260715-0700	114
NO3	20260715-0100	120.7
NO3	20260715-0900	72.67
NO3	20260715-1100	58.97
NO3	20260715-2200	125.37
NO3	20260715-2100	126.58
NO3	20260715-1400	89.08
NO3	20260715-0500	126.58
NO3	20260715-2000	126.58
NO3	20260715-1300	64.33
NO3	20260715-0300	125.37
NO3	20260715-1200	58.97
NO3	20260715-1600	114
NO3	20260715-0600	125.37
NO1	20260715-1800	110.43
NO1	20260715-2300	99.98
NO1	20260715-0200	96.26
NO1	20260715-1900	102.24
NO1	20260715-1700	99.57
NO1	20260715-1500	90.91
NO1	20260715-1000	47.02
NO1	20260715-0400	99.98
NO1	20260715-0800	77.92
NO1	20260715-0000	96.26
NO1	20260715-0700	90.91
NO1	20260715-0100	96.26
NO1	20260715-0900	57.95
NO1	20260715-1100	47.02
NO1	20260715-2200	99.98
NO1	20260715-2100	102.24
NO1	20260715-1400	71.04
NO1	20260715-0500	102.24
NO1	20260715-2000	102.24
NO1	20260715-1300	51.3
NO1	20260715-0300	99.98
NO1	20260715-1200	47.02
NO1	20260715-1600	90.91
NO1	20260715-0600	99.98
DE_LU	20260715-1800	144.3
DE_LU	20260715-2300	115.22
DE_LU	20260715-0200	115.22
DE_LU	20260715-1900	144.3
DE_LU	20260715-1700	120.25
DE_LU	20260715-1500	101.01
DE_LU	20260715-1000	57
DE_LU	20260715-0400	120.25
DE_LU	20260715-0800	101.01
DE_LU	20260715-0000	115.22
DE_LU	20260715-0700	115.22
DE_LU	20260715-0100	115.22
DE_LU	20260715-0900	75.24
DE_LU	20260715-1100	42.3
DE_LU	20260715-2200	120.25
DE_LU	20260715-2100	120.25
DE_LU	20260715-1400	86.58
DE_LU	20260715-0500	120.25
DE_LU	20260715-2000	126.58
DE_LU	20260715-1300	57
DE_LU	20260715-0300	120.25
DE_LU	20260715-1200	42.03
DE_LU	20260715-1600	115.22
DE_LU	20260715-0600	120.25
SK	20260715-1800	110.43
SK	20260715-2300	99.98
SK	20260715-0200	96.26
SK	20260715-1900	102.24
SK	20260715-1700	99.57
SK	20260715-1500	90.91
SK	20260715-1000	47.02
SK	20260715-0400	99.98
SK	20260715-0800	77.92
SK	20260715-0000	96.26
SK	20260715-0700	90.91
SK	20260715-0100	96.26
SK	20260715-0900	57.95
SK	20260715-1100	47.02
SK	20260715-2200	99.98
SK	20260715-2100	102.24
SK	20260715-1400	71.04
SK	20260715-0500	102.24
SK	20260715-2000	102.24
SK	20260715-1300	51.3
SK	20260715-0300	99.98
SK	20260715-1200	47.02
SK	20260715-1600	90.91
SK	20260715-0600	99.98
EE	20260715-1800	115.22
EE	20260715-2300	101.01
EE	20260715-0200	101.01
EE	20260715-1900	120.25
EE	20260715-1700	115.22
EE	20260715-1500	61.4
EE	20260715-1000	2.85
EE	20260715-0400	65.15
EE	20260715-0800	3.15
EE	20260715-0000	101.01
EE	20260715-0700	6.33
EE	20260715-0100	101.01
EE	20260715-0900	2.85
EE	20260715-1100	2.85
EE	20260715-2200	101.01
EE	20260715-2100	101.01
EE	20260715-1400	13.31
EE	20260715-0500	66.14
EE	20260715-2000	94.71
EE	20260715-1300	6.33
EE	20260715-0300	65.15
EE	20260715-1200	3.75
EE	20260715-1600	101.01
EE	20260715-0600	64.06
SE4	20260715-1800	113.3
SE4	20260715-2300	101.01
SE4	20260715-0200	101.01
SE4	20260715-1900	107.52
SE4	20260715-1700	115.22
SE4	20260715-1500	61.4
SE4	20260715-1000	57
SE4	20260715-0400	65.15
SE4	20260715-0800	48.34
SE4	20260715-0000	101.01
SE4	20260715-0700	56.98
SE4	20260715-0100	101.01
SE4	20260715-0900	41.2
SE4	20260715-1100	36.82
SE4	20260715-2200	101.01
SE4	20260715-2100	101.01
SE4	20260715-1400	49.06
SE4	20260715-0500	66.14
SE4	20260715-2000	94.71
SE4	20260715-1300	31.25
SE4	20260715-0300	65.15
SE4	20260715-1200	42.03
SE4	20260715-1600	101.01
SE4	20260715-0600	64.06
SI	20260716-1300	6.45
SI	20260716-0600	90.52
SI	20260716-1200	9.5
SI	20260716-2000	114.73
SI	20260716-0100	9.5
SI	20260716-1700	122.58
SI	20260716-1100	9.5
SI	20260716-0400	147.1
SI	20260716-1600	89.04
SI	20260716-0700	89.16
SI	20260716-1800	122.58
SI	20260716-1400	6.45
SI	20260716-0200	12.77
SI	20260716-0900	89.04
SI	20260716-0800	89.16
SI	20260716-2200	106.88
SI	20260716-1000	9.5
SI	20260716-1900	122.58
SI	20260716-0500	90.52
SI	20260716-0000	90.52
SI	20260716-1500	129.04
SI	20260716-2100	106.88
SI	20260716-0300	92.62
SI	20260716-2300	114.73
ES	20260716-1300	12.5
ES	20260716-0600	122.58
ES	20260716-1200	51.3
ES	20260716-2000	218.53
ES	20260716-0100	187.64
ES	20260716-1700	122.58
ES	20260716-1100	57
ES	20260716-0400	218.21
ES	20260716-1600	89.04
ES	20260716-0700	122.58
ES	20260716-1800	148.49
ES	20260716-1400	10.5
ES	20260716-0200	184.94
ES	20260716-0900	76.13
ES	20260716-0800	98.12
ES	20260716-2200	122.58
ES	20260716-1000	63.11
ES	20260716-1900	218.73
ES	20260716-0500	225.81
ES	20260716-0000	192.43
ES	20260716-1500	12.5
ES	20260716-2100	147.1
ES	20260716-0300	183.13
ES	20260716-2300	188.57
GR	20260716-1300	81.02
GR	20260716-0600	81.02
GR	20260716-1200	9.5
GR	20260716-2000	215.01
GR	20260716-0100	122.58
GR	20260716-1700	223.46
GR	20260716-1100	6.45
GR	20260716-0400	123.07
GR	20260716-1600	213.03
GR	20260716-0700	6.45
GR	20260716-1800	225.81
GR	20260716-1400	122.58
GR	20260716-0200	122.58
GR	20260716-0900	6.45
GR	20260716-0800	6.45
GR	20260716-2200	122.58
GR	20260716-1000	6.45
GR	20260716-1900	222.43
GR	20260716-0500	122.58
GR	20260716-0000	122.58
GR	20260716-1500	163.6
GR	20260716-2100	172.6
GR	20260716-0300	122.58
GR	20260716-2300	122.58
IT-CNORTH	20260716-1300	147.1
IT-CNORTH	20260716-0600	147.1
IT-CNORTH	20260716-1200	147.1
IT-CNORTH	20260716-2000	154.28
IT-CNORTH	20260716-0100	147.1
IT-CNORTH	20260716-1700	250
IT-CNORTH	20260716-1100	147.1
IT-CNORTH	20260716-0400	147.1
IT-CNORTH	20260716-1600	282.15
IT-CNORTH	20260716-0700	147.1
IT-CNORTH	20260716-1800	148.49
IT-CNORTH	20260716-1400	198.97
IT-CNORTH	20260716-0200	147.1
IT-CNORTH	20260716-0900	147.1
IT-CNORTH	20260716-0800	147.1
IT-CNORTH	20260716-2200	147.1
IT-CNORTH	20260716-1000	147.1
IT-CNORTH	20260716-1900	197.29
IT-CNORTH	20260716-0500	147.1
IT-CNORTH	20260716-0000	147.1
IT-CNORTH	20260716-1500	250.04
IT-CNORTH	20260716-2100	147.1
IT-CNORTH	20260716-0300	147.1
IT-CNORTH	20260716-2300	147.1
HU	20260716-1300	6.45
HU	20260716-0600	9.5
HU	20260716-1200	9.5
HU	20260716-2000	114.73
HU	20260716-0100	9.5
HU	20260716-1700	122.58
HU	20260716-1100	9.5
HU	20260716-0400	75.34
HU	20260716-1600	89.04
HU	20260716-0700	6.45
HU	20260716-1800	122.58
HU	20260716-1400	6.45
HU	20260716-0200	12.77
HU	20260716-0900	9.5
HU	20260716-0800	6.45
HU	20260716-2200	106.88
HU	20260716-1000	9.5
HU	20260716-1900	122.58
HU	20260716-0500	12.65
HU	20260716-0000	66.13
HU	20260716-1500	12.64
HU	20260716-2100	106.88
HU	20260716-0300	75.34
HU	20260716-2300	114.73
IT-SOUTH	20260716-1300	147.1
IT-SOUTH	20260716-0600	147.1
IT-SOUTH	20260716-1200	147.1
IT-SOUTH	20260716-2000	147.1
IT-SOUTH	20260716-0100	147.1
IT-SOUTH	20260716-1700	147.1
IT-SOUTH	20260716-1100	147.1
IT-SOUTH	20260716-0400	147.1
IT-SOUTH	20260716-1600	147.1
IT-SOUTH	20260716-0700	147.1
IT-SOUTH	20260716-1800	147.1
IT-SOUTH	20260716-1400	147.1
IT-SOUTH	20260716-0200	147.1
IT-SOUTH	20260716-0900	147.1
IT-SOUTH	20260716-0800	147.1
IT-SOUTH	20260716-2200	147.1
IT-SOUTH	20260716-1000	147.1
IT-SOUTH	20260716-1900	147.1
IT-SOUTH	20260716-0500	147.1
IT-SOUTH	20260716-0000	147.1
IT-SOUTH	20260716-1500	147.1
IT-SOUTH	20260716-2100	147.1
IT-SOUTH	20260716-0300	147.1
IT-SOUTH	20260716-2300	147.1
IT-Sicily	20260716-1300	147.1
IT-Sicily	20260716-0600	147.1
IT-Sicily	20260716-1200	147.1
IT-Sicily	20260716-2000	147.1
IT-Sicily	20260716-0100	147.1
IT-Sicily	20260716-1700	147.1
IT-Sicily	20260716-1100	147.1
IT-Sicily	20260716-0400	147.1
IT-Sicily	20260716-1600	147.1
IT-Sicily	20260716-0700	147.1
IT-Sicily	20260716-1800	147.1
IT-Sicily	20260716-1400	147.1
IT-Sicily	20260716-0200	147.1
IT-Sicily	20260716-0900	147.1
IT-Sicily	20260716-0800	147.1
IT-Sicily	20260716-2200	147.1
IT-Sicily	20260716-1000	147.1
IT-Sicily	20260716-1900	147.1
IT-Sicily	20260716-0500	147.1
IT-Sicily	20260716-0000	147.1
IT-Sicily	20260716-1500	147.1
IT-Sicily	20260716-2100	147.1
IT-Sicily	20260716-0300	147.1
IT-Sicily	20260716-2300	147.1
IT-Sardinia	20260716-1300	120.99
IT-Sardinia	20260716-0600	147.1
IT-Sardinia	20260716-1200	115.17
IT-Sardinia	20260716-2000	147.1
IT-Sardinia	20260716-0100	147.1
IT-Sardinia	20260716-1700	147.1
IT-Sardinia	20260716-1100	132.39
IT-Sardinia	20260716-0400	147.1
IT-Sardinia	20260716-1600	147.1
IT-Sardinia	20260716-0700	147.07
IT-Sardinia	20260716-1800	147.1
IT-Sardinia	20260716-1400	128.25
IT-Sardinia	20260716-0200	147.1
IT-Sardinia	20260716-0900	128.25
IT-Sardinia	20260716-0800	132.39
IT-Sardinia	20260716-2200	147.1
IT-Sardinia	20260716-1000	132.39
IT-Sardinia	20260716-1900	147.1
IT-Sardinia	20260716-0500	147.1
IT-Sardinia	20260716-0000	147.1
IT-Sardinia	20260716-1500	147.1
IT-Sardinia	20260716-2100	147.1
IT-Sardinia	20260716-0300	147.1
IT-Sardinia	20260716-2300	147.1
RS	20260716-1300	114.97
RS	20260716-0600	176.67
RS	20260716-1200	114.97
RS	20260716-2000	215.01
RS	20260716-0100	122.58
RS	20260716-1700	232.26
RS	20260716-1100	114.97
RS	20260716-0400	123.07
RS	20260716-1600	225.87
RS	20260716-0700	114.97
RS	20260716-1800	232.26
RS	20260716-1400	122.58
RS	20260716-0200	122.58
RS	20260716-0900	114.97
RS	20260716-0800	114.97
RS	20260716-2200	122.58
RS	20260716-1000	114.97
RS	20260716-1900	232.26
RS	20260716-0500	188.92
RS	20260716-0000	122.58
RS	20260716-1500	163.6
RS	20260716-2100	172.6
RS	20260716-0300	122.58
RS	20260716-2300	122.58
DK1	20260716-1300	57
DK1	20260716-0600	114.97
DK1	20260716-1200	51.3
DK1	20260716-2000	141.14
DK1	20260716-0100	122.58
DK1	20260716-1700	141.3
DK1	20260716-1100	57
DK1	20260716-0400	122.58
DK1	20260716-1600	122.58
DK1	20260716-0700	106.88
DK1	20260716-1800	178.3
DK1	20260716-1400	89.04
DK1	20260716-0200	122.58
DK1	20260716-0900	76.13
DK1	20260716-0800	98.12
DK1	20260716-2200	122.58
DK1	20260716-1000	63.11
DK1	20260716-1900	169.04
DK1	20260716-0500	122.58
DK1	20260716-0000	122.58
DK1	20260716-1500	100.83
DK1	20260716-2100	122.58
DK1	20260716-0300	122.58
DK1	20260716-2300	114.97
CH	20260716-1300	51.47
CH	20260716-0600	97.14
CH	20260716-1200	51.3
CH	20260716-2000	129.04
CH	20260716-0100	71.3
CH	20260716-1700	125.04
CH	20260716-1100	57
CH	20260716-0400	83.89
CH	20260716-1600	105.28
CH	20260716-0700	100.78
CH	20260716-1800	129.04
CH	20260716-1400	67.48
CH	20260716-0200	71.25
CH	20260716-0900	75.01
CH	20260716-0800	90.86
CH	20260716-2200	122.58
CH	20260716-1000	63.11
CH	20260716-1900	129.04
CH	20260716-0500	87.34
CH	20260716-0000	71.85
CH	20260716-1500	85.33
CH	20260716-2100	129.04
CH	20260716-0300	72.84
CH	20260716-2300	114.97
SE1	20260716-1300	1
SE1	20260716-0600	61.99
SE1	20260716-1200	45.28
SE1	20260716-2000	1
SE1	20260716-0100	44.25
SE1	20260716-1700	1
SE1	20260716-1100	51.4
SE1	20260716-0400	57.56
SE1	20260716-1600	1
SE1	20260716-0700	61.31
SE1	20260716-1800	37.51
SE1	20260716-1400	1
SE1	20260716-0200	49.99
SE1	20260716-0900	58.53
SE1	20260716-0800	59.81
SE1	20260716-2200	1
SE1	20260716-1000	57.04
SE1	20260716-1900	1
SE1	20260716-0500	60.58
SE1	20260716-0000	36.84
SE1	20260716-1500	1
SE1	20260716-2100	1
SE1	20260716-0300	54.17
SE1	20260716-2300	1
NO4	20260716-1300	42.79
NO4	20260716-0600	45.99
NO4	20260716-1200	42.59
NO4	20260716-2000	37.93
NO4	20260716-0100	37.47
NO4	20260716-1700	41.05
NO4	20260716-1100	41.65
NO4	20260716-0400	32.3
NO4	20260716-1600	38.1
NO4	20260716-0700	48.31
NO4	20260716-1800	41.03
NO4	20260716-1400	37.39
NO4	20260716-0200	29.39
NO4	20260716-0900	43.13
NO4	20260716-0800	46.13
NO4	20260716-2200	32.74
NO4	20260716-1000	41.19
NO4	20260716-1900	39.85
NO4	20260716-0500	41.26
NO4	20260716-0000	49.68
NO4	20260716-1500	34.83
NO4	20260716-2100	33.45
NO4	20260716-0300	27.1
NO4	20260716-2300	30.51
SE3	20260716-1300	57
SE3	20260716-0600	103.47
SE3	20260716-1200	51.3
SE3	20260716-2000	127.03
SE3	20260716-0100	103.47
SE3	20260716-1700	127.17
SE3	20260716-1100	57
SE3	20260716-0400	110.32
SE3	20260716-1600	110.32
SE3	20260716-0700	90.75
SE3	20260716-1800	129.04
SE3	20260716-1400	81.02
SE3	20260716-0200	103.47
SE3	20260716-0900	70.05
SE3	20260716-0800	89.04
SE3	20260716-2200	103.47
SE3	20260716-1000	63
SE3	20260716-1900	129.04
SE3	20260716-0500	110.32
SE3	20260716-0000	103.47
SE3	20260716-1500	90.75
SE3	20260716-2100	110.32
SE3	20260716-0300	110.32
SE3	20260716-2300	99.3
FR	20260716-1300	51.47
FR	20260716-0600	97.19
FR	20260716-1200	51.3
FR	20260716-2000	154.28
FR	20260716-0100	72.3
FR	20260716-1700	133.19
FR	20260716-1100	57
FR	20260716-0400	83.89
FR	20260716-1600	105.28
FR	20260716-0700	106.88
FR	20260716-1800	148.49
FR	20260716-1400	67.48
FR	20260716-0200	71.86
FR	20260716-0900	76.13
FR	20260716-0800	98.12
FR	20260716-2200	122.58
FR	20260716-1000	63.11
FR	20260716-1900	197.29
FR	20260716-0500	95.76
FR	20260716-0000	73.15
FR	20260716-1500	85.33
FR	20260716-2100	147.1
FR	20260716-0300	72.84
FR	20260716-2300	102.75
FI	20260716-1300	6.45
FI	20260716-0600	9.5
FI	20260716-1200	6.45
FI	20260716-2000	5
FI	20260716-0100	21.6
FI	20260716-1700	9.5
FI	20260716-1100	6.45
FI	20260716-0400	57
FI	20260716-1600	9.5
FI	20260716-0700	9.5
FI	20260716-1800	5
FI	20260716-1400	9.5
FI	20260716-0200	16.22
FI	20260716-0900	9.5
FI	20260716-0800	9.5
FI	20260716-2200	4.8
FI	20260716-1000	9.5
FI	20260716-1900	5
FI	20260716-0500	18.11
FI	20260716-0000	21.88
FI	20260716-1500	9.5
FI	20260716-2100	3.75
FI	20260716-0300	22.01
FI	20260716-2300	3.75
PL	20260716-1300	81.02
PL	20260716-0600	100.83
PL	20260716-1200	81.02
PL	20260716-2000	114.97
PL	20260716-0100	100.83
PL	20260716-1700	114.97
PL	20260716-1100	66.13
PL	20260716-0400	100.83
PL	20260716-1600	100.83
PL	20260716-0700	100.83
PL	20260716-1800	114.97
PL	20260716-1400	100.83
PL	20260716-0200	100.83
PL	20260716-0900	66.13
PL	20260716-0800	75
PL	20260716-2200	100.83
PL	20260716-1000	66.13
PL	20260716-1900	114.97
PL	20260716-0500	100.83
PL	20260716-0000	100.83
PL	20260716-1500	100.83
PL	20260716-2100	114.97
PL	20260716-0300	100.83
PL	20260716-2300	100.83
IT-Calabria	20260716-1300	147.1
IT-Calabria	20260716-0600	147.1
IT-Calabria	20260716-1200	147.1
IT-Calabria	20260716-2000	147.1
IT-Calabria	20260716-0100	147.1
IT-Calabria	20260716-1700	147.1
IT-Calabria	20260716-1100	147.1
IT-Calabria	20260716-0400	147.1
IT-Calabria	20260716-1600	147.1
IT-Calabria	20260716-0700	147.1
IT-Calabria	20260716-1800	147.1
IT-Calabria	20260716-1400	147.1
IT-Calabria	20260716-0200	147.1
IT-Calabria	20260716-0900	147.1
IT-Calabria	20260716-0800	147.1
IT-Calabria	20260716-2200	147.1
IT-Calabria	20260716-1000	147.1
IT-Calabria	20260716-1900	147.1
IT-Calabria	20260716-0500	147.1
IT-Calabria	20260716-0000	147.1
IT-Calabria	20260716-1500	147.1
IT-Calabria	20260716-2100	147.1
IT-Calabria	20260716-0300	147.1
IT-Calabria	20260716-2300	147.1
AT	20260716-1300	118.82
AT	20260716-0600	129.04
AT	20260716-1200	89.04
AT	20260716-2000	129.04
AT	20260716-0100	129.04
AT	20260716-1700	129.04
AT	20260716-1100	89.04
AT	20260716-0400	129.04
AT	20260716-1600	129.04
AT	20260716-0700	129.04
AT	20260716-1800	129.04
AT	20260716-1400	129.04
AT	20260716-0200	129.04
AT	20260716-0900	122.3
AT	20260716-0800	122.69
AT	20260716-2200	122.58
AT	20260716-1000	89.04
AT	20260716-1900	129.04
AT	20260716-0500	129.04
AT	20260716-0000	129.04
AT	20260716-1500	129.04
AT	20260716-2100	129.04
AT	20260716-0300	129.04
AT	20260716-2300	122.58
SE2	20260716-1300	52.14
SE2	20260716-0600	61.99
SE2	20260716-1200	53.5
SE2	20260716-2000	36.28
SE2	20260716-0100	44.25
SE2	20260716-1700	42.93
SE2	20260716-1100	55.3
SE2	20260716-0400	57.56
SE2	20260716-1600	46.69
SE2	20260716-0700	61.31
SE2	20260716-1800	37.51
SE2	20260716-1400	50.42
SE2	20260716-0200	49.99
SE2	20260716-0900	58.53
SE2	20260716-0800	59.81
SE2	20260716-2200	40.54
SE2	20260716-1000	57.04
SE2	20260716-1900	1
SE2	20260716-0500	60.58
SE2	20260716-0000	36.84
SE2	20260716-1500	49.1
SE2	20260716-2100	38.33
SE2	20260716-0300	54.17
SE2	20260716-2300	41.71
IT-NORTH	20260716-1300	147.1
IT-NORTH	20260716-0600	147.1
IT-NORTH	20260716-1200	147.1
IT-NORTH	20260716-2000	154.28
IT-NORTH	20260716-0100	147.1
IT-NORTH	20260716-1700	250
IT-NORTH	20260716-1100	147.1
IT-NORTH	20260716-0400	147.1
IT-NORTH	20260716-1600	282.15
IT-NORTH	20260716-0700	147.1
IT-NORTH	20260716-1800	148.49
IT-NORTH	20260716-1400	198.97
IT-NORTH	20260716-0200	147.1
IT-NORTH	20260716-0900	147.1
IT-NORTH	20260716-0800	147.1
IT-NORTH	20260716-2200	147.1
IT-NORTH	20260716-1000	147.1
IT-NORTH	20260716-1900	197.29
IT-NORTH	20260716-0500	147.1
IT-NORTH	20260716-0000	147.1
IT-NORTH	20260716-1500	250.04
IT-NORTH	20260716-2100	147.1
IT-NORTH	20260716-0300	147.1
IT-NORTH	20260716-2300	147.1
LT	20260716-1300	6.45
LT	20260716-0600	9.5
LT	20260716-1200	6.45
LT	20260716-2000	122.58
LT	20260716-0100	100.83
LT	20260716-1700	114.97
LT	20260716-1100	3.97
LT	20260716-0400	66.94
LT	20260716-1600	100.83
LT	20260716-0700	9.5
LT	20260716-1800	129.04
LT	20260716-1400	9.5
LT	20260716-0200	100.83
LT	20260716-0900	6.45
LT	20260716-0800	6.45
LT	20260716-2200	62.9
LT	20260716-1000	3.15
LT	20260716-1900	127.21
LT	20260716-0500	66.94
LT	20260716-0000	100.83
LT	20260716-1500	58.47
LT	20260716-2100	114.97
LT	20260716-0300	95.05
LT	20260716-2300	90.28
PT	20260716-1300	12.5
PT	20260716-0600	122.58
PT	20260716-1200	51.3
PT	20260716-2000	218.53
PT	20260716-0100	187.64
PT	20260716-1700	122.58
PT	20260716-1100	57
PT	20260716-0400	218.21
PT	20260716-1600	89.04
PT	20260716-0700	122.58
PT	20260716-1800	148.49
PT	20260716-1400	10.5
PT	20260716-0200	184.94
PT	20260716-0900	76.13
PT	20260716-0800	98.12
PT	20260716-2200	122.58
PT	20260716-1000	63.11
PT	20260716-1900	218.73
PT	20260716-0500	225.81
PT	20260716-0000	192.43
PT	20260716-1500	12.5
PT	20260716-2100	147.1
PT	20260716-0300	183.13
PT	20260716-2300	188.57
NO2	20260716-1300	67.7
NO2	20260716-0600	129.04
NO2	20260716-1200	66.6
NO2	20260716-2000	129.04
NO2	20260716-0100	129.04
NO2	20260716-1700	141.3
NO2	20260716-1100	67.95
NO2	20260716-0400	129.04
NO2	20260716-1600	129.04
NO2	20260716-0700	117.82
NO2	20260716-1800	178.3
NO2	20260716-1400	94.67
NO2	20260716-0200	129.04
NO2	20260716-0900	81.85
NO2	20260716-0800	104.04
NO2	20260716-2200	129.04
NO2	20260716-1000	73.61
NO2	20260716-1900	169.04
NO2	20260716-0500	129.04
NO2	20260716-0000	129.04
NO2	20260716-1500	117.82
NO2	20260716-2100	129.04
NO2	20260716-0300	129.04
NO2	20260716-2300	128.92
LV	20260716-1300	6.45
LV	20260716-0600	9.5
LV	20260716-1200	6.45
LV	20260716-2000	122.58
LV	20260716-0100	100.83
LV	20260716-1700	114.97
LV	20260716-1100	3.97
LV	20260716-0400	66.94
LV	20260716-1600	100.83
LV	20260716-0700	9.5
LV	20260716-1800	129.04
LV	20260716-1400	9.5
LV	20260716-0200	100.83
LV	20260716-0900	6.45
LV	20260716-0800	6.45
LV	20260716-2200	62.9
LV	20260716-1000	3.15
LV	20260716-1900	127.21
LV	20260716-0500	18.11
LV	20260716-0000	100.83
LV	20260716-1500	9.5
LV	20260716-2100	114.97
LV	20260716-0300	95.05
LV	20260716-2300	90.28
NL	20260716-1300	57
NL	20260716-0600	106.88
NL	20260716-1200	89.04
NL	20260716-2000	106.88
NL	20260716-0100	106.88
NL	20260716-1700	106.88
NL	20260716-1100	89.04
NL	20260716-0400	106.88
NL	20260716-1600	106.88
NL	20260716-0700	106.88
NL	20260716-1800	106.88
NL	20260716-1400	89.04
NL	20260716-0200	106.88
NL	20260716-0900	100.83
NL	20260716-0800	100.83
NL	20260716-2200	106.88
NL	20260716-1000	100.83
NL	20260716-1900	106.88
NL	20260716-0500	106.88
NL	20260716-0000	106.88
NL	20260716-1500	100.83
NL	20260716-2100	106.88
NL	20260716-0300	106.88
NL	20260716-2300	106.88
NO5	20260716-1300	60.52
NO5	20260716-0600	115.87
NO5	20260716-1200	76.27
NO5	20260716-2000	129.04
NO5	20260716-0100	115.87
NO5	20260716-1700	129.04
NO5	20260716-1100	76.87
NO5	20260716-0400	119.84
NO5	20260716-1600	119.84
NO5	20260716-0700	105.32
NO5	20260716-1800	129.04
NO5	20260716-1400	84.63
NO5	20260716-0200	115.87
NO5	20260716-0900	89.25
NO5	20260716-0800	99.17
NO5	20260716-2200	115.87
NO5	20260716-1000	85.57
NO5	20260716-1900	129.04
NO5	20260716-0500	119.84
NO5	20260716-0000	115.87
NO5	20260716-1500	105.32
NO5	20260716-2100	119.84
NO5	20260716-0300	119.84
NO5	20260716-2300	113.44
BE	20260716-1300	52.15
BE	20260716-0600	110.92
BE	20260716-1200	65.72
BE	20260716-2000	168.23
BE	20260716-0100	99.83
BE	20260716-1700	122.58
BE	20260716-1100	66.24
BE	20260716-0400	114.73
BE	20260716-1600	103.26
BE	20260716-0700	90.75
BE	20260716-1800	212.94
BE	20260716-1400	72.92
BE	20260716-0200	110.92
BE	20260716-0900	76.9
BE	20260716-0800	85.44
BE	20260716-2200	122.58
BE	20260716-1000	73.72
BE	20260716-1900	228.73
BE	20260716-0500	114.73
BE	20260716-0000	106.88
BE	20260716-1500	90.75
BE	20260716-2100	122.58
BE	20260716-0300	114.73
BE	20260716-2300	122.58
RO	20260716-1300	114.97
RO	20260716-0600	176.67
RO	20260716-1200	114.97
RO	20260716-2000	215.01
RO	20260716-0100	122.58
RO	20260716-1700	232.26
RO	20260716-1100	81.02
RO	20260716-0400	123.07
RO	20260716-1600	225.87
RO	20260716-0700	114.97
RO	20260716-1800	232.26
RO	20260716-1400	122.58
RO	20260716-0200	122.58
RO	20260716-0900	9.5
RO	20260716-0800	114.97
RO	20260716-2200	122.58
RO	20260716-1000	9.5
RO	20260716-1900	232.26
RO	20260716-0500	188.92
RO	20260716-0000	122.58
RO	20260716-1500	163.6
RO	20260716-2100	172.6
RO	20260716-0300	122.58
RO	20260716-2300	122.58
DK2	20260716-1300	57
DK2	20260716-0600	100.83
DK2	20260716-1200	51.3
DK2	20260716-2000	141.14
DK2	20260716-0100	122.58
DK2	20260716-1700	128.71
DK2	20260716-1100	57
DK2	20260716-0400	122.58
DK2	20260716-1600	100.83
DK2	20260716-0700	66.13
DK2	20260716-1800	178.3
DK2	20260716-1400	89.04
DK2	20260716-0200	122.58
DK2	20260716-0900	76.13
DK2	20260716-0800	98.12
DK2	20260716-2200	122.58
DK2	20260716-1000	63.11
DK2	20260716-1900	169.04
DK2	20260716-0500	122.58
DK2	20260716-0000	122.58
DK2	20260716-1500	100.83
DK2	20260716-2100	122.58
DK2	20260716-0300	122.58
DK2	20260716-2300	114.97
BG	20260716-1300	81.02
BG	20260716-0600	81.02
BG	20260716-1200	9.5
BG	20260716-2000	215.01
BG	20260716-0100	122.58
BG	20260716-1700	223.46
BG	20260716-1100	12.53
BG	20260716-0400	123.07
BG	20260716-1600	213.03
BG	20260716-0700	6.45
BG	20260716-1800	225.81
BG	20260716-1400	122.58
BG	20260716-0200	122.58
BG	20260716-0900	6.45
BG	20260716-0800	6.45
BG	20260716-2200	122.58
BG	20260716-1000	9.5
BG	20260716-1900	222.43
BG	20260716-0500	122.58
BG	20260716-0000	122.58
BG	20260716-1500	163.6
BG	20260716-2100	172.6
BG	20260716-0300	122.58
BG	20260716-2300	122.58
IT-CSOUTH	20260716-1300	147.1
IT-CSOUTH	20260716-0600	147.1
IT-CSOUTH	20260716-1200	147.1
IT-CSOUTH	20260716-2000	147.1
IT-CSOUTH	20260716-0100	147.1
IT-CSOUTH	20260716-1700	147.1
IT-CSOUTH	20260716-1100	147.1
IT-CSOUTH	20260716-0400	147.1
IT-CSOUTH	20260716-1600	147.1
IT-CSOUTH	20260716-0700	147.1
IT-CSOUTH	20260716-1800	147.1
IT-CSOUTH	20260716-1400	147.1
IT-CSOUTH	20260716-0200	147.1
IT-CSOUTH	20260716-0900	147.1
IT-CSOUTH	20260716-0800	147.1
IT-CSOUTH	20260716-2200	147.1
IT-CSOUTH	20260716-1000	147.1
IT-CSOUTH	20260716-1900	147.1
IT-CSOUTH	20260716-0500	147.1
IT-CSOUTH	20260716-0000	147.1
IT-CSOUTH	20260716-1500	147.1
IT-CSOUTH	20260716-2100	147.1
IT-CSOUTH	20260716-0300	147.1
IT-CSOUTH	20260716-2300	147.1
CZ	20260716-1300	81.02
CZ	20260716-0600	114.97
CZ	20260716-1200	81.02
CZ	20260716-2000	114.97
CZ	20260716-0100	100.83
CZ	20260716-1700	114.97
CZ	20260716-1100	81.02
CZ	20260716-0400	114.97
CZ	20260716-1600	114.97
CZ	20260716-0700	89.04
CZ	20260716-1800	114.97
CZ	20260716-1400	100.83
CZ	20260716-0200	100.83
CZ	20260716-0900	76.13
CZ	20260716-0800	81.02
CZ	20260716-2200	100.83
CZ	20260716-1000	75.34
CZ	20260716-1900	114.97
CZ	20260716-0500	114.97
CZ	20260716-0000	100.83
CZ	20260716-1500	100.83
CZ	20260716-2100	114.97
CZ	20260716-0300	100.83
CZ	20260716-2300	114.97
NO3	20260716-1300	65.39
NO3	20260716-0600	125.19
NO3	20260716-1200	82.41
NO3	20260716-2000	129.04
NO3	20260716-0100	125.19
NO3	20260716-1700	129.04
NO3	20260716-1100	83.06
NO3	20260716-0400	129.04
NO3	20260716-1600	129.04
NO3	20260716-0700	113.8
NO3	20260716-1800	129.04
NO3	20260716-1400	91.44
NO3	20260716-0200	125.19
NO3	20260716-0900	96.43
NO3	20260716-0800	107.14
NO3	20260716-2200	125.19
NO3	20260716-1000	92.45
NO3	20260716-1900	129.04
NO3	20260716-0500	129.04
NO3	20260716-0000	125.19
NO3	20260716-1500	113.8
NO3	20260716-2100	129.04
NO3	20260716-0300	129.04
NO3	20260716-2300	122.57
NO1	20260716-1300	52.15
NO1	20260716-0600	99.83
NO1	20260716-1200	65.72
NO1	20260716-2000	111.61
NO1	20260716-0100	99.83
NO1	20260716-1700	111.68
NO1	20260716-1100	66.24
NO1	20260716-0400	103.26
NO1	20260716-1600	103.26
NO1	20260716-0700	90.75
NO1	20260716-1800	128.33
NO1	20260716-1400	72.92
NO1	20260716-0200	99.83
NO1	20260716-0900	76.9
NO1	20260716-0800	85.44
NO1	20260716-2200	99.83
NO1	20260716-1000	73.72
NO1	20260716-1900	124.16
NO1	20260716-0500	103.26
NO1	20260716-0000	99.83
NO1	20260716-1500	90.75
NO1	20260716-2100	103.26
NO1	20260716-0300	103.26
NO1	20260716-2300	97.74
DE_LU	20260716-1300	57
DE_LU	20260716-0600	114.97
DE_LU	20260716-1200	51.3
DE_LU	20260716-2000	141.14
DE_LU	20260716-0100	122.58
DE_LU	20260716-1700	141.3
DE_LU	20260716-1100	57
DE_LU	20260716-0400	122.58
DE_LU	20260716-1600	122.58
DE_LU	20260716-0700	106.88
DE_LU	20260716-1800	178.3
DE_LU	20260716-1400	89.04
DE_LU	20260716-0200	122.58
DE_LU	20260716-0900	76.13
DE_LU	20260716-0800	98.12
DE_LU	20260716-2200	122.58
DE_LU	20260716-1000	63.11
DE_LU	20260716-1900	169.04
DE_LU	20260716-0500	122.58
DE_LU	20260716-0000	122.58
DE_LU	20260716-1500	100.83
DE_LU	20260716-2100	122.58
DE_LU	20260716-0300	122.58
DE_LU	20260716-2300	114.97
SK	20260716-1300	52.15
SK	20260716-0600	99.83
SK	20260716-1200	65.72
SK	20260716-2000	111.61
SK	20260716-0100	99.83
SK	20260716-1700	111.68
SK	20260716-1100	66.24
SK	20260716-0400	103.26
SK	20260716-1600	103.26
SK	20260716-0700	90.75
SK	20260716-1800	128.33
SK	20260716-1400	72.92
SK	20260716-0200	99.83
SK	20260716-0900	76.9
SK	20260716-0800	85.44
SK	20260716-2200	99.83
SK	20260716-1000	73.72
SK	20260716-1900	124.16
SK	20260716-0500	103.26
SK	20260716-0000	99.83
SK	20260716-1500	90.75
SK	20260716-2100	103.26
SK	20260716-0300	103.26
SK	20260716-2300	97.74
EE	20260716-1300	6.45
EE	20260716-0600	9.5
EE	20260716-1200	6.45
EE	20260716-2000	122.58
EE	20260716-0100	100.83
EE	20260716-1700	114.97
EE	20260716-1100	3.97
EE	20260716-0400	66.94
EE	20260716-1600	100.83
EE	20260716-0700	9.5
EE	20260716-1800	129.04
EE	20260716-1400	9.5
EE	20260716-0200	100.83
EE	20260716-0900	6.45
EE	20260716-0800	6.45
EE	20260716-2200	62.9
EE	20260716-1000	3.15
EE	20260716-1900	127.21
EE	20260716-0500	18.11
EE	20260716-0000	100.83
EE	20260716-1500	9.5
EE	20260716-2100	114.97
EE	20260716-0300	95.05
EE	20260716-2300	90.28
SE4	20260716-1300	37.07
SE4	20260716-0600	100.83
SE4	20260716-1200	36.63
SE4	20260716-2000	116.35
SE4	20260716-0100	100.83
SE4	20260716-1700	108.82
SE4	20260716-1100	34.05
SE4	20260716-0400	66.94
SE4	20260716-1600	100.83
SE4	20260716-0700	66.13
SE4	20260716-1800	129.04
SE4	20260716-1400	49.68
SE4	20260716-0200	100.83
SE4	20260716-0900	38.68
SE4	20260716-0800	47.58
SE4	20260716-2200	62.9
SE4	20260716-1000	35.94
SE4	20260716-1900	127.21
SE4	20260716-0500	66.94
SE4	20260716-0000	100.83
SE4	20260716-1500	58.47
SE4	20260716-2100	106.44
SE4	20260716-0300	95.05
SE4	20260716-2300	90.28
SI	20260717-1900	147.14
SI	20260717-0900	6.45
SI	20260717-1000	9.5
SI	20260717-0300	112.55
SI	20260717-1700	147.14
SI	20260717-0500	89.07
SI	20260717-0100	106.16
SI	20260717-1600	147.14
SI	20260717-1800	129.07
SI	20260717-2300	9.5
SI	20260717-0400	116.97
SI	20260717-1300	10.69
SI	20260717-1200	10.73
SI	20260717-0800	6.45
SI	20260717-1100	9.5
SI	20260717-0700	9.5
SI	20260717-1500	125.9
SI	20260717-0200	106.16
SI	20260717-0600	95.8
SI	20260717-1400	89.07
SI	20260717-2100	17.02
SI	20260717-2200	9.5
ES	20260717-1900	222.54
ES	20260717-0900	68.79
ES	20260717-1000	57
ES	20260717-0300	163
ES	20260717-1700	103.96
ES	20260717-0500	225.88
ES	20260717-0100	122.62
ES	20260717-1600	57
ES	20260717-1800	125.13
ES	20260717-2300	122.62
ES	20260717-0400	187.16
ES	20260717-1300	9.5
ES	20260717-1200	16
ES	20260717-0800	89.07
ES	20260717-1100	61.17
ES	20260717-0700	106.16
ES	20260717-1500	9.5
ES	20260717-0200	122.62
ES	20260717-0600	122.62
ES	20260717-1400	9.5
ES	20260717-2100	122.62
ES	20260717-2200	122.62
GR	20260717-1900	224.66
GR	20260717-0900	1
GR	20260717-1000	1
GR	20260717-0300	112.55
GR	20260717-1700	222.87
GR	20260717-0500	112.55
GR	20260717-0100	112.55
GR	20260717-1600	199.95
GR	20260717-1800	225.88
GR	20260717-2300	122.62
GR	20260717-0400	122.62
GR	20260717-1300	12.69
GR	20260717-1200	6.45
GR	20260717-0800	5.92
GR	20260717-1100	6.45
GR	20260717-0700	6.45
GR	20260717-1500	122.62
GR	20260717-0200	112.55
GR	20260717-0600	89.07
GR	20260717-1400	112.55
GR	20260717-2100	147.14
GR	20260717-2200	122.62
IT-CNORTH	20260717-1900	147.14
IT-CNORTH	20260717-0900	147.14
IT-CNORTH	20260717-1000	147.14
IT-CNORTH	20260717-0300	147.14
IT-CNORTH	20260717-1700	147.14
IT-CNORTH	20260717-0500	147.14
IT-CNORTH	20260717-0100	147.14
IT-CNORTH	20260717-1600	147.14
IT-CNORTH	20260717-1800	147.14
IT-CNORTH	20260717-2300	147.14
IT-CNORTH	20260717-0400	147.14
IT-CNORTH	20260717-1300	147.14
IT-CNORTH	20260717-1200	147.14
IT-CNORTH	20260717-0800	147.14
IT-CNORTH	20260717-1100	147.14
IT-CNORTH	20260717-0700	147.14
IT-CNORTH	20260717-1500	147.14
IT-CNORTH	20260717-0200	147.14
IT-CNORTH	20260717-0600	147.14
IT-CNORTH	20260717-1400	147.14
IT-CNORTH	20260717-2100	147.14
IT-CNORTH	20260717-2200	147.14
HU	20260717-1900	224.66
HU	20260717-0900	6.45
HU	20260717-1000	9.5
HU	20260717-0300	112.55
HU	20260717-1700	151.13
HU	20260717-0500	89.07
HU	20260717-0100	106.16
HU	20260717-1600	147.14
HU	20260717-1800	225.88
HU	20260717-2300	122.62
HU	20260717-0400	116.97
HU	20260717-1300	10.69
HU	20260717-1200	10.73
HU	20260717-0800	6.45
HU	20260717-1100	9.5
HU	20260717-0700	9.5
HU	20260717-1500	122.62
HU	20260717-0200	106.16
HU	20260717-0600	12.57
HU	20260717-1400	89.07
HU	20260717-2100	122.62
HU	20260717-2200	122.62
IT-SOUTH	20260717-1900	147.14
IT-SOUTH	20260717-0900	147.14
IT-SOUTH	20260717-1000	147.14
IT-SOUTH	20260717-0300	147.14
IT-SOUTH	20260717-1700	147.14
IT-SOUTH	20260717-0500	147.14
IT-SOUTH	20260717-0100	147.14
IT-SOUTH	20260717-1600	147.14
IT-SOUTH	20260717-1800	147.14
IT-SOUTH	20260717-2300	147.14
IT-SOUTH	20260717-0400	147.14
IT-SOUTH	20260717-1300	147.14
IT-SOUTH	20260717-1200	147.14
IT-SOUTH	20260717-0800	147.14
IT-SOUTH	20260717-1100	147.14
IT-SOUTH	20260717-0700	147.14
IT-SOUTH	20260717-1500	147.14
IT-SOUTH	20260717-0200	147.14
IT-SOUTH	20260717-0600	147.14
IT-SOUTH	20260717-1400	147.14
IT-SOUTH	20260717-2100	147.14
IT-SOUTH	20260717-2200	147.14
IT-Sicily	20260717-1900	181.35
IT-Sicily	20260717-0900	147.14
IT-Sicily	20260717-1000	147.14
IT-Sicily	20260717-0300	147.14
IT-Sicily	20260717-1700	147.14
IT-Sicily	20260717-0500	147.14
IT-Sicily	20260717-0100	147.14
IT-Sicily	20260717-1600	147.14
IT-Sicily	20260717-1800	181.35
IT-Sicily	20260717-2300	147.14
IT-Sicily	20260717-0400	147.14
IT-Sicily	20260717-1300	147.14
IT-Sicily	20260717-1200	147.14
IT-Sicily	20260717-0800	147.14
IT-Sicily	20260717-1100	147.14
IT-Sicily	20260717-0700	147.14
IT-Sicily	20260717-1500	147.14
IT-Sicily	20260717-0200	147.14
IT-Sicily	20260717-0600	147.14
IT-Sicily	20260717-1400	147.14
IT-Sicily	20260717-2100	147.14
IT-Sicily	20260717-2200	147.14
IT-Sardinia	20260717-1900	147.14
IT-Sardinia	20260717-0900	130.3
IT-Sardinia	20260717-1000	130.3
IT-Sardinia	20260717-0300	147.14
IT-Sardinia	20260717-1700	147.14
IT-Sardinia	20260717-0500	147.14
IT-Sardinia	20260717-0100	147.14
IT-Sardinia	20260717-1600	147.14
IT-Sardinia	20260717-1800	147.14
IT-Sardinia	20260717-2300	147.14
IT-Sardinia	20260717-0400	147.14
IT-Sardinia	20260717-1300	115.93
IT-Sardinia	20260717-1200	115.21
IT-Sardinia	20260717-0800	130.3
IT-Sardinia	20260717-1100	127.4
IT-Sardinia	20260717-0700	132.61
IT-Sardinia	20260717-1500	147.14
IT-Sardinia	20260717-0200	147.14
IT-Sardinia	20260717-0600	147.14
IT-Sardinia	20260717-1400	127.4
IT-Sardinia	20260717-2100	147.14
IT-Sardinia	20260717-2200	147.14
RS	20260717-1900	224.66
RS	20260717-0900	9.5
RS	20260717-1000	10.5
RS	20260717-0300	112.55
RS	20260717-1700	222.87
RS	20260717-0500	112.55
RS	20260717-0100	112.55
RS	20260717-1600	199.95
RS	20260717-1800	225.88
RS	20260717-2300	122.62
RS	20260717-0400	122.62
RS	20260717-1300	112.55
RS	20260717-1200	78.47
RS	20260717-0800	10.5
RS	20260717-1100	9.5
RS	20260717-0700	85.5
RS	20260717-1500	122.62
RS	20260717-0200	112.55
RS	20260717-0600	112.55
RS	20260717-1400	112.55
RS	20260717-2100	147.14
RS	20260717-2200	122.62
DK1	20260717-1900	122.62
DK1	20260717-0900	86.49
DK1	20260717-1000	71.36
DK1	20260717-0300	122.62
DK1	20260717-1700	116.05
DK1	20260717-0500	122.62
DK1	20260717-0100	112.55
DK1	20260717-1600	112.55
DK1	20260717-1800	122.62
DK1	20260717-2300	106.16
DK1	20260717-0400	122.62
DK1	20260717-1300	67.48
DK1	20260717-1200	63
DK1	20260717-0800	99.08
DK1	20260717-1100	64.3
DK1	20260717-0700	106.16
DK1	20260717-1500	94.44
DK1	20260717-0200	117.24
DK1	20260717-0600	122.62
DK1	20260717-1400	83.71
DK1	20260717-2100	112.55
DK1	20260717-2200	109.05
CH	20260717-1900	129.07
CH	20260717-0900	86.49
CH	20260717-1000	71.36
CH	20260717-0300	111.24
CH	20260717-1700	116.05
CH	20260717-0500	114.94
CH	20260717-0100	107.2
CH	20260717-1600	112.55
CH	20260717-1800	125.13
CH	20260717-2300	108.44
CH	20260717-0400	116.44
CH	20260717-1300	67.48
CH	20260717-1200	63
CH	20260717-0800	99.08
CH	20260717-1100	64.3
CH	20260717-0700	106.16
CH	20260717-1500	94.44
CH	20260717-0200	117.24
CH	20260717-0600	122.62
CH	20260717-1400	84.88
CH	20260717-2100	122.62
CH	20260717-2200	109.05
SE1	20260717-1900	1
SE1	20260717-0900	61.47
SE1	20260717-1000	60.43
SE1	20260717-0300	45.29
SE1	20260717-1700	40.64
SE1	20260717-0500	56.05
SE1	20260717-0100	1
SE1	20260717-1600	45.8
SE1	20260717-1800	35.32
SE1	20260717-2300	1
SE1	20260717-0400	51.2
SE1	20260717-1300	54.24
SE1	20260717-1200	56.55
SE1	20260717-0800	62
SE1	20260717-1100	58.82
SE1	20260717-0700	61.87
SE1	20260717-1500	49.27
SE1	20260717-0200	1
SE1	20260717-0600	59.92
SE1	20260717-1400	51.4
SE1	20260717-2100	1
SE1	20260717-2200	1
NO4	20260717-1900	48.66
NO4	20260717-0900	38.67
NO4	20260717-1000	35.33
NO4	20260717-0300	29.55
NO4	20260717-1700	49.04
NO4	20260717-0500	39.02
NO4	20260717-0100	27.2
NO4	20260717-1600	48.23
NO4	20260717-1800	49.69
NO4	20260717-2300	43.97
NO4	20260717-0400	32.79
NO4	20260717-1300	41.2
NO4	20260717-1200	37.56
NO4	20260717-0800	41.41
NO4	20260717-1100	34.85
NO4	20260717-0700	44.32
NO4	20260717-1500	47.8
NO4	20260717-0200	27.56
NO4	20260717-0600	42.84
NO4	20260717-1400	45.6
NO4	20260717-2100	46.54
NO4	20260717-2200	45.01
SE3	20260717-1900	110.36
SE3	20260717-0900	63.4
SE3	20260717-1000	54.96
SE3	20260717-0300	110.36
SE3	20260717-1700	101.3
SE3	20260717-0500	110.36
SE3	20260717-0100	101.3
SE3	20260717-1600	89.17
SE3	20260717-1800	110.36
SE3	20260717-2300	89.17
SE3	20260717-0400	110.36
SE3	20260717-1300	51.98
SE3	20260717-1200	53.94
SE3	20260717-0800	89.17
SE3	20260717-1100	51.3
SE3	20260717-0700	91.82
SE3	20260717-1500	70.62
SE3	20260717-0200	101.3
SE3	20260717-0600	101.3
SE3	20260717-1400	64.48
SE3	20260717-2100	101.3
SE3	20260717-2200	89.17
FR	20260717-1900	147.14
FR	20260717-0900	68.79
FR	20260717-1000	62.21
FR	20260717-0300	79.56
FR	20260717-1700	103.96
FR	20260717-0500	113.69
FR	20260717-0100	70.88
FR	20260717-1600	60.62
FR	20260717-1800	125.13
FR	20260717-2300	106.16
FR	20260717-0400	85.43
FR	20260717-1300	42.38
FR	20260717-1200	44.02
FR	20260717-0800	99.08
FR	20260717-1100	61.17
FR	20260717-0700	106.16
FR	20260717-1500	46.13
FR	20260717-0200	74.07
FR	20260717-0600	122.62
FR	20260717-1400	44.88
FR	20260717-2100	122.62
FR	20260717-2200	109.05
FI	20260717-1900	9.5
FI	20260717-0900	5
FI	20260717-1000	5
FI	20260717-0300	5
FI	20260717-1700	9.5
FI	20260717-0500	6.45
FI	20260717-0100	3.75
FI	20260717-1600	14.4
FI	20260717-1800	9.5
FI	20260717-2300	15.75
FI	20260717-0400	5
FI	20260717-1300	6.45
FI	20260717-1200	5
FI	20260717-0800	5
FI	20260717-1100	5
FI	20260717-0700	5
FI	20260717-1500	9.5
FI	20260717-0200	3.15
FI	20260717-0600	5.31
FI	20260717-1400	9.5
FI	20260717-2100	9.5
FI	20260717-2200	14.66
PL	20260717-1900	112.55
PL	20260717-0900	75
PL	20260717-1000	71.36
PL	20260717-0300	99.08
PL	20260717-1700	112.55
PL	20260717-0500	99.08
PL	20260717-0100	99.08
PL	20260717-1600	106.16
PL	20260717-1800	112.55
PL	20260717-2300	99.08
PL	20260717-0400	99.08
PL	20260717-1300	99.08
PL	20260717-1200	99.08
PL	20260717-0800	78.47
PL	20260717-1100	78.47
PL	20260717-0700	99.08
PL	20260717-1500	99.08
PL	20260717-0200	99.08
PL	20260717-0600	99.08
PL	20260717-1400	99.08
PL	20260717-2100	99.08
PL	20260717-2200	99.08
IT-Calabria	20260717-1900	147.14
IT-Calabria	20260717-0900	147.14
IT-Calabria	20260717-1000	147.14
IT-Calabria	20260717-0300	147.14
IT-Calabria	20260717-1700	147.14
IT-Calabria	20260717-0500	147.14
IT-Calabria	20260717-0100	147.14
IT-Calabria	20260717-1600	147.14
IT-Calabria	20260717-1800	147.14
IT-Calabria	20260717-2300	147.14
IT-Calabria	20260717-0400	147.14
IT-Calabria	20260717-1300	147.14
IT-Calabria	20260717-1200	147.14
IT-Calabria	20260717-0800	147.14
IT-Calabria	20260717-1100	147.14
IT-Calabria	20260717-0700	147.14
IT-Calabria	20260717-1500	147.14
IT-Calabria	20260717-0200	147.14
IT-Calabria	20260717-0600	147.14
IT-Calabria	20260717-1400	147.14
IT-Calabria	20260717-2100	147.14
IT-Calabria	20260717-2200	147.14
AT	20260717-1900	129.07
AT	20260717-0900	57
AT	20260717-1000	6.45
AT	20260717-0300	106.07
AT	20260717-1700	117.24
AT	20260717-0500	107.52
AT	20260717-0100	96
AT	20260717-1600	112.55
AT	20260717-1800	125.94
AT	20260717-2300	108.44
AT	20260717-0400	116.44
AT	20260717-1300	67.48
AT	20260717-1200	63
AT	20260717-0800	99.08
AT	20260717-1100	6.45
AT	20260717-0700	106.16
AT	20260717-1500	94.44
AT	20260717-0200	117.24
AT	20260717-0600	122.62
AT	20260717-1400	84.88
AT	20260717-2100	122.62
AT	20260717-2200	109.05
SE2	20260717-1900	1
SE2	20260717-0900	61.47
SE2	20260717-1000	60.43
SE2	20260717-0300	46.4
SE2	20260717-1700	40.64
SE2	20260717-0500	56.05
SE2	20260717-0100	42.78
SE2	20260717-1600	45.8
SE2	20260717-1800	35.32
SE2	20260717-2300	1
SE2	20260717-0400	51.2
SE2	20260717-1300	54.24
SE2	20260717-1200	56.55
SE2	20260717-0800	62
SE2	20260717-1100	58.82
SE2	20260717-0700	61.87
SE2	20260717-1500	49.27
SE2	20260717-0200	43.79
SE2	20260717-0600	59.92
SE2	20260717-1400	51.4
SE2	20260717-2100	1
SE2	20260717-2200	1
IT-NORTH	20260717-1900	147.14
IT-NORTH	20260717-0900	147.14
IT-NORTH	20260717-1000	147.14
IT-NORTH	20260717-0300	147.14
IT-NORTH	20260717-1700	147.14
IT-NORTH	20260717-0500	147.14
IT-NORTH	20260717-0100	147.14
IT-NORTH	20260717-1600	147.14
IT-NORTH	20260717-1800	147.14
IT-NORTH	20260717-2300	147.14
IT-NORTH	20260717-0400	147.14
IT-NORTH	20260717-1300	147.14
IT-NORTH	20260717-1200	147.14
IT-NORTH	20260717-0800	147.14
IT-NORTH	20260717-1100	147.14
IT-NORTH	20260717-0700	147.14
IT-NORTH	20260717-1500	147.14
IT-NORTH	20260717-0200	147.14
IT-NORTH	20260717-0600	147.14
IT-NORTH	20260717-1400	147.14
IT-NORTH	20260717-2100	147.14
IT-NORTH	20260717-2200	147.14
LT	20260717-1900	96.96
LT	20260717-0900	5
LT	20260717-1000	5
LT	20260717-0300	89.07
LT	20260717-1700	122.62
LT	20260717-0500	56.6
LT	20260717-0100	99.08
LT	20260717-1600	106.16
LT	20260717-1800	122.62
LT	20260717-2300	15.75
LT	20260717-0400	60.62
LT	20260717-1300	6.45
LT	20260717-1200	5
LT	20260717-0800	5
LT	20260717-1100	5
LT	20260717-0700	5
LT	20260717-1500	94.44
LT	20260717-0200	99.08
LT	20260717-0600	63.42
LT	20260717-1400	83.71
LT	20260717-2100	63.24
LT	20260717-2200	14.66
PT	20260717-1900	222.54
PT	20260717-0900	68.79
PT	20260717-1000	57
PT	20260717-0300	163
PT	20260717-1700	103.96
PT	20260717-0500	225.88
PT	20260717-0100	122.62
PT	20260717-1600	57
PT	20260717-1800	125.13
PT	20260717-2300	122.62
PT	20260717-0400	187.16
PT	20260717-1300	9.5
PT	20260717-1200	16
PT	20260717-0800	89.07
PT	20260717-1100	61.17
PT	20260717-0700	106.16
PT	20260717-1500	9.5
PT	20260717-0200	122.62
PT	20260717-0600	122.62
PT	20260717-1400	9.5
PT	20260717-2100	122.62
PT	20260717-2200	122.62
NO2	20260717-1900	129.07
NO2	20260717-0900	82.32
NO2	20260717-1000	71.36
NO2	20260717-0300	129.07
NO2	20260717-1700	129.07
NO2	20260717-0500	129.07
NO2	20260717-0100	129.07
NO2	20260717-1600	115.77
NO2	20260717-1800	129.07
NO2	20260717-2300	115.77
NO2	20260717-0400	129.07
NO2	20260717-1300	67.48
NO2	20260717-1200	70.03
NO2	20260717-0800	115.77
NO2	20260717-1100	66.6
NO2	20260717-0700	119.21
NO2	20260717-1500	91.69
NO2	20260717-0200	129.07
NO2	20260717-0600	129.07
NO2	20260717-1400	83.71
NO2	20260717-2100	129.07
NO2	20260717-2200	115.77
LV	20260717-1900	96.96
LV	20260717-0900	5
LV	20260717-1000	5
LV	20260717-0300	89.07
LV	20260717-1700	122.62
LV	20260717-0500	6.45
LV	20260717-0100	99.08
LV	20260717-1600	106.16
LV	20260717-1800	122.62
LV	20260717-2300	15.75
LV	20260717-0400	5
LV	20260717-1300	6.45
LV	20260717-1200	5
LV	20260717-0800	5
LV	20260717-1100	5
LV	20260717-0700	5
LV	20260717-1500	9.5
LV	20260717-0200	99.08
LV	20260717-0600	5.31
LV	20260717-1400	9.5
LV	20260717-2100	63.24
LV	20260717-2200	14.66
NL	20260717-1900	106.16
NL	20260717-0900	89.07
NL	20260717-1000	71.36
NL	20260717-0300	106.16
NL	20260717-1700	106.16
NL	20260717-0500	106.16
NL	20260717-0100	106.16
NL	20260717-1600	99.08
NL	20260717-1800	106.16
NL	20260717-2300	106.16
NL	20260717-0400	106.16
NL	20260717-1300	67.48
NL	20260717-1200	63
NL	20260717-0800	99.08
NL	20260717-1100	64.3
NL	20260717-0700	106.16
NL	20260717-1500	94.44
NL	20260717-0200	106.16
NL	20260717-0600	106.16
NL	20260717-1400	64.3
NL	20260717-2100	106.16
NL	20260717-2200	106.16
NO5	20260717-1900	119.49
NO5	20260717-0900	83.31
NO5	20260717-1000	63.79
NO5	20260717-0300	119.49
NO5	20260717-1700	114.23
NO5	20260717-0500	119.49
NO5	20260717-0100	114.23
NO5	20260717-1600	103.5
NO5	20260717-1800	119.49
NO5	20260717-2300	103.5
NO5	20260717-0400	119.49
NO5	20260717-1300	60.32
NO5	20260717-1200	62.6
NO5	20260717-0800	103.5
NO5	20260717-1100	59.54
NO5	20260717-0700	106.57
NO5	20260717-1500	81.97
NO5	20260717-0200	114.23
NO5	20260717-0600	114.23
NO5	20260717-1400	71
NO5	20260717-2100	114.23
NO5	20260717-2200	103.5
BE	20260717-1900	232.33
BE	20260717-0900	71.78
BE	20260717-1000	54.96
BE	20260717-0300	114.39
BE	20260717-1700	122.62
BE	20260717-0500	122.62
BE	20260717-0100	109.35
BE	20260717-1600	99.08
BE	20260717-1800	213.2
BE	20260717-2300	122.62
BE	20260717-0400	122.62
BE	20260717-1300	51.98
BE	20260717-1200	53.94
BE	20260717-0800	89.17
BE	20260717-1100	51.3
BE	20260717-0700	102.02
BE	20260717-1500	78.47
BE	20260717-0200	109.35
BE	20260717-0600	122.62
BE	20260717-1400	61.17
BE	20260717-2100	122.62
BE	20260717-2200	122.62
RO	20260717-1900	232.33
RO	20260717-0900	9.5
RO	20260717-1000	10.5
RO	20260717-0300	112.55
RO	20260717-1700	232.33
RO	20260717-0500	112.55
RO	20260717-0100	112.55
RO	20260717-1600	199.95
RO	20260717-1800	232.33
RO	20260717-2300	122.62
RO	20260717-0400	122.62
RO	20260717-1300	112.55
RO	20260717-1200	78.47
RO	20260717-0800	10.5
RO	20260717-1100	9.5
RO	20260717-0700	85.5
RO	20260717-1500	122.62
RO	20260717-0200	112.55
RO	20260717-0600	112.55
RO	20260717-1400	112.55
RO	20260717-2100	147.14
RO	20260717-2200	122.62
DK2	20260717-1900	122.62
DK2	20260717-0900	86.49
DK2	20260717-1000	71.36
DK2	20260717-0300	99.08
DK2	20260717-1700	116.05
DK2	20260717-0500	99.08
DK2	20260717-0100	99.08
DK2	20260717-1600	106.16
DK2	20260717-1800	122.62
DK2	20260717-2300	99.08
DK2	20260717-0400	109.74
DK2	20260717-1300	67.48
DK2	20260717-1200	63
DK2	20260717-0800	99.08
DK2	20260717-1100	64.3
DK2	20260717-0700	99.08
DK2	20260717-1500	94.44
DK2	20260717-0200	99.08
DK2	20260717-0600	63.42
DK2	20260717-1400	83.71
DK2	20260717-2100	112.55
DK2	20260717-2200	98.42
BG	20260717-1900	224.66
BG	20260717-0900	9.5
BG	20260717-1000	10.5
BG	20260717-0300	112.55
BG	20260717-1700	222.87
BG	20260717-0500	112.55
BG	20260717-0100	112.55
BG	20260717-1600	199.95
BG	20260717-1800	225.88
BG	20260717-2300	122.62
BG	20260717-0400	122.62
BG	20260717-1300	12.69
BG	20260717-1200	10.56
BG	20260717-0800	9.5
BG	20260717-1100	9.5
BG	20260717-0700	6.45
BG	20260717-1500	122.62
BG	20260717-0200	112.55
BG	20260717-0600	89.07
BG	20260717-1400	112.55
BG	20260717-2100	147.14
BG	20260717-2200	122.62
IT-CSOUTH	20260717-1900	147.14
IT-CSOUTH	20260717-0900	147.14
IT-CSOUTH	20260717-1000	147.14
IT-CSOUTH	20260717-0300	147.14
IT-CSOUTH	20260717-1700	147.14
IT-CSOUTH	20260717-0500	147.14
IT-CSOUTH	20260717-0100	147.14
IT-CSOUTH	20260717-1600	147.14
IT-CSOUTH	20260717-1800	147.14
IT-CSOUTH	20260717-2300	147.14
IT-CSOUTH	20260717-0400	147.14
IT-CSOUTH	20260717-1300	147.14
IT-CSOUTH	20260717-1200	147.14
IT-CSOUTH	20260717-0800	147.14
IT-CSOUTH	20260717-1100	147.14
IT-CSOUTH	20260717-0700	147.14
IT-CSOUTH	20260717-1500	147.14
IT-CSOUTH	20260717-0200	147.14
IT-CSOUTH	20260717-0600	147.14
IT-CSOUTH	20260717-1400	147.14
IT-CSOUTH	20260717-2100	147.14
IT-CSOUTH	20260717-2200	147.14
CZ	20260717-1900	112.55
CZ	20260717-0900	89.07
CZ	20260717-1000	78.47
CZ	20260717-0300	99.08
CZ	20260717-1700	116.05
CZ	20260717-0500	112.55
CZ	20260717-0100	112.55
CZ	20260717-1600	112.55
CZ	20260717-1800	122.62
CZ	20260717-2300	78.47
CZ	20260717-0400	112.55
CZ	20260717-1300	99.08
CZ	20260717-1200	99.08
CZ	20260717-0800	78.47
CZ	20260717-1100	78.47
CZ	20260717-0700	106.16
CZ	20260717-1500	112.55
CZ	20260717-0200	112.55
CZ	20260717-0600	112.55
CZ	20260717-1400	99.08
CZ	20260717-2100	112.55
CZ	20260717-2200	83.28
NO3	20260717-1900	129.07
NO3	20260717-0900	90.02
NO3	20260717-1000	68.92
NO3	20260717-0300	129.07
NO3	20260717-1700	123.42
NO3	20260717-0500	129.07
NO3	20260717-0100	123.42
NO3	20260717-1600	111.82
NO3	20260717-1800	129.07
NO3	20260717-2300	111.82
NO3	20260717-0400	129.07
NO3	20260717-1300	65.18
NO3	20260717-1200	67.64
NO3	20260717-0800	111.82
NO3	20260717-1100	64.33
NO3	20260717-0700	115.14
NO3	20260717-1500	88.56
NO3	20260717-0200	123.42
NO3	20260717-0600	123.42
NO3	20260717-1400	76.71
NO3	20260717-2100	123.42
NO3	20260717-2200	111.82
NO1	20260717-1900	102.95
NO1	20260717-0900	71.78
NO1	20260717-1000	54.96
NO1	20260717-0300	102.95
NO1	20260717-1700	98.42
NO1	20260717-0500	102.95
NO1	20260717-0100	98.42
NO1	20260717-1600	89.17
NO1	20260717-1800	102.95
NO1	20260717-2300	89.17
NO1	20260717-0400	102.95
NO1	20260717-1300	51.98
NO1	20260717-1200	53.94
NO1	20260717-0800	89.17
NO1	20260717-1100	51.3
NO1	20260717-0700	91.82
NO1	20260717-1500	70.62
NO1	20260717-0200	98.42
NO1	20260717-0600	98.42
NO1	20260717-1400	61.17
NO1	20260717-2100	98.42
NO1	20260717-2200	89.17
DE_LU	20260717-1900	122.62
DE_LU	20260717-0900	86.49
DE_LU	20260717-1000	71.36
DE_LU	20260717-0300	122.62
DE_LU	20260717-1700	116.05
DE_LU	20260717-0500	122.62
DE_LU	20260717-0100	112.55
DE_LU	20260717-1600	112.55
DE_LU	20260717-1800	122.62
DE_LU	20260717-2300	106.16
DE_LU	20260717-0400	122.62
DE_LU	20260717-1300	67.48
DE_LU	20260717-1200	63
DE_LU	20260717-0800	99.08
DE_LU	20260717-1100	64.3
DE_LU	20260717-0700	106.16
DE_LU	20260717-1500	94.44
DE_LU	20260717-0200	117.24
DE_LU	20260717-0600	122.62
DE_LU	20260717-1400	83.71
DE_LU	20260717-2100	112.55
DE_LU	20260717-2200	109.05
SK	20260717-1900	102.95
SK	20260717-0900	71.78
SK	20260717-1000	54.96
SK	20260717-0300	102.95
SK	20260717-1700	98.42
SK	20260717-0500	102.95
SK	20260717-0100	98.42
SK	20260717-1600	89.17
SK	20260717-1800	102.95
SK	20260717-2300	89.17
SK	20260717-0400	102.95
SK	20260717-1300	51.98
SK	20260717-1200	53.94
SK	20260717-0800	89.17
SK	20260717-1100	51.3
SK	20260717-0700	91.82
SK	20260717-1500	70.62
SK	20260717-0200	98.42
SK	20260717-0600	98.42
SK	20260717-1400	61.17
SK	20260717-2100	98.42
SK	20260717-2200	89.17
EE	20260717-1900	96.96
EE	20260717-0900	5
EE	20260717-1000	5
EE	20260717-0300	89.07
EE	20260717-1700	122.62
EE	20260717-0500	6.45
EE	20260717-0100	99.08
EE	20260717-1600	106.16
EE	20260717-1800	122.62
EE	20260717-2300	15.75
EE	20260717-0400	5
EE	20260717-1300	6.45
EE	20260717-1200	5
EE	20260717-0800	5
EE	20260717-1100	5
EE	20260717-0700	5
EE	20260717-1500	9.5
EE	20260717-0200	99.08
EE	20260717-0600	5.31
EE	20260717-1400	9.5
EE	20260717-2100	63.24
EE	20260717-2200	14.66
SE4	20260717-1900	96.96
SE4	20260717-0900	75
SE4	20260717-1000	71.36
SE4	20260717-0300	89.07
SE4	20260717-1700	106.16
SE4	20260717-0500	56.6
SE4	20260717-0100	99.08
SE4	20260717-1600	106.16
SE4	20260717-1800	108.58
SE4	20260717-2300	57.1
SE4	20260717-0400	60.62
SE4	20260717-1300	67.48
SE4	20260717-1200	41.85
SE4	20260717-0800	78.47
SE4	20260717-1100	37.03
SE4	20260717-0700	99.08
SE4	20260717-1500	94.44
SE4	20260717-0200	99.08
SE4	20260717-0600	63.42
SE4	20260717-1400	83.71
SE4	20260717-2100	63.24
SE4	20260717-2200	56.86
SI	20260718-0500	9.5
SI	20260718-0000	9.5
SI	20260718-2300	5
SI	20260718-1600	11.57
SI	20260718-1500	106.33
SI	20260718-0300	10.52
SI	20260718-0600	9.5
SI	20260718-0900	6.7
SI	20260718-0700	6.7
SI	20260718-2200	9.5
SI	20260718-0400	93.99
SI	20260718-1700	151.47
SI	20260718-0100	9.5
SI	20260718-1100	6.7
SI	20260718-1200	9.5
SI	20260718-0800	5
SI	20260718-2100	5
SI	20260718-1400	30
SI	20260718-1000	6.7
SI	20260718-1900	23.55
SI	20260718-2000	13.92
SI	20260718-0200	9.5
SI	20260718-1300	9.5
ES	20260718-0500	127.29
ES	20260718-0000	127.29
ES	20260718-2300	127.29
ES	20260718-1600	10.52
ES	20260718-1500	9.5
ES	20260718-0300	127.29
ES	20260718-0600	93.99
ES	20260718-0900	35.83
ES	20260718-0700	42.38
ES	20260718-2200	127.29
ES	20260718-0400	127.29
ES	20260718-1700	62.76
ES	20260718-0100	127.29
ES	20260718-1100	16.11
ES	20260718-1200	16.78
ES	20260718-0800	40.21
ES	20260718-2100	127.29
ES	20260718-1400	9.5
ES	20260718-1000	16.78
ES	20260718-1900	127.29
ES	20260718-2000	127.29
ES	20260718-0200	127.29
ES	20260718-1300	10.5
GR	20260718-0500	113.12
GR	20260718-0000	127.29
GR	20260718-2300	127.29
GR	20260718-1600	181.55
GR	20260718-1500	127.29
GR	20260718-0300	118.64
GR	20260718-0600	85.5
GR	20260718-0900	6.7
GR	20260718-0700	10.51
GR	20260718-2200	127.29
GR	20260718-0400	125.05
GR	20260718-1700	230.2
GR	20260718-0100	119.45
GR	20260718-1100	6.7
GR	20260718-1200	9.5
GR	20260718-0800	6.7
GR	20260718-2100	128.34
GR	20260718-1400	113.12
GR	20260718-1000	6.7
GR	20260718-1900	233.91
GR	20260718-2000	185.37
GR	20260718-0200	115.77
GR	20260718-1300	79.07
IT-CNORTH	20260718-0500	152.75
IT-CNORTH	20260718-0000	152.75
IT-CNORTH	20260718-2300	152.75
IT-CNORTH	20260718-1600	152.75
IT-CNORTH	20260718-1500	152.75
IT-CNORTH	20260718-0300	152.75
IT-CNORTH	20260718-0600	152.75
IT-CNORTH	20260718-0900	152.75
IT-CNORTH	20260718-0700	152.75
IT-CNORTH	20260718-2200	152.75
IT-CNORTH	20260718-0400	152.75
IT-CNORTH	20260718-1700	152.75
IT-CNORTH	20260718-0100	152.75
IT-CNORTH	20260718-1100	152.75
IT-CNORTH	20260718-1200	152.75
IT-CNORTH	20260718-0800	152.75
IT-CNORTH	20260718-2100	152.75
IT-CNORTH	20260718-1400	152.75
IT-CNORTH	20260718-1000	152.75
IT-CNORTH	20260718-1900	152.75
IT-CNORTH	20260718-2000	152.75
IT-CNORTH	20260718-0200	152.75
IT-CNORTH	20260718-1300	152.75
HU	20260718-0500	9.5
HU	20260718-0000	127.29
HU	20260718-2300	113.12
HU	20260718-1600	127.29
HU	20260718-1500	106.33
HU	20260718-0300	113.12
HU	20260718-0600	9.5
HU	20260718-0900	6.7
HU	20260718-0700	6.7
HU	20260718-2200	113.12
HU	20260718-0400	93.99
HU	20260718-1700	151.47
HU	20260718-0100	119.45
HU	20260718-1100	6.7
HU	20260718-1200	9.5
HU	20260718-0800	5
HU	20260718-2100	127.29
HU	20260718-1400	30
HU	20260718-1000	6.7
HU	20260718-1900	151.47
HU	20260718-2000	127.29
HU	20260718-0200	115.77
HU	20260718-1300	9.5
IT-SOUTH	20260718-0500	152.75
IT-SOUTH	20260718-0000	152.75
IT-SOUTH	20260718-2300	152.75
IT-SOUTH	20260718-1600	152.75
IT-SOUTH	20260718-1500	152.75
IT-SOUTH	20260718-0300	152.75
IT-SOUTH	20260718-0600	152.75
IT-SOUTH	20260718-0900	152.75
IT-SOUTH	20260718-0700	152.75
IT-SOUTH	20260718-2200	152.75
IT-SOUTH	20260718-0400	152.75
IT-SOUTH	20260718-1700	152.75
IT-SOUTH	20260718-0100	152.75
IT-SOUTH	20260718-1100	152.75
IT-SOUTH	20260718-1200	152.75
IT-SOUTH	20260718-0800	152.75
IT-SOUTH	20260718-2100	152.75
IT-SOUTH	20260718-1400	152.75
IT-SOUTH	20260718-1000	152.75
IT-SOUTH	20260718-1900	152.75
IT-SOUTH	20260718-2000	152.75
IT-SOUTH	20260718-0200	152.75
IT-SOUTH	20260718-1300	152.75
IT-Sicily	20260718-0500	152.75
IT-Sicily	20260718-0000	152.75
IT-Sicily	20260718-2300	152.75
IT-Sicily	20260718-1600	152.75
IT-Sicily	20260718-1500	152.75
IT-Sicily	20260718-0300	152.75
IT-Sicily	20260718-0600	152.75
IT-Sicily	20260718-0900	152.75
IT-Sicily	20260718-0700	152.75
IT-Sicily	20260718-2200	152.75
IT-Sicily	20260718-0400	152.75
IT-Sicily	20260718-1700	152.75
IT-Sicily	20260718-0100	152.75
IT-Sicily	20260718-1100	152.75
IT-Sicily	20260718-1200	152.75
IT-Sicily	20260718-0800	152.75
IT-Sicily	20260718-2100	152.75
IT-Sicily	20260718-1400	152.75
IT-Sicily	20260718-1000	152.75
IT-Sicily	20260718-1900	152.75
IT-Sicily	20260718-2000	152.75
IT-Sicily	20260718-0200	152.75
IT-Sicily	20260718-1300	152.75
IT-Sardinia	20260718-0500	152.75
IT-Sardinia	20260718-0000	152.75
IT-Sardinia	20260718-2300	152.75
IT-Sardinia	20260718-1600	152.75
IT-Sardinia	20260718-1500	152.75
IT-Sardinia	20260718-0300	152.75
IT-Sardinia	20260718-0600	152.75
IT-Sardinia	20260718-0900	130.79
IT-Sardinia	20260718-0700	145.06
IT-Sardinia	20260718-2200	152.75
IT-Sardinia	20260718-0400	152.75
IT-Sardinia	20260718-1700	152.75
IT-Sardinia	20260718-0100	152.75
IT-Sardinia	20260718-1100	119.6
IT-Sardinia	20260718-1200	122.12
IT-Sardinia	20260718-0800	130.79
IT-Sardinia	20260718-2100	152.75
IT-Sardinia	20260718-1400	130.79
IT-Sardinia	20260718-1000	127.6
IT-Sardinia	20260718-1900	210.37
IT-Sardinia	20260718-2000	152.75
IT-Sardinia	20260718-0200	152.75
IT-Sardinia	20260718-1300	125.53
RS	20260718-0500	113.12
RS	20260718-0000	127.29
RS	20260718-2300	113.12
RS	20260718-1600	181.55
RS	20260718-1500	127.29
RS	20260718-0300	118.64
RS	20260718-0600	85.5
RS	20260718-0900	6.7
RS	20260718-0700	10.51
RS	20260718-2200	125.74
RS	20260718-0400	125.05
RS	20260718-1700	230.2
RS	20260718-0100	119.45
RS	20260718-1100	6.7
RS	20260718-1200	9.5
RS	20260718-0800	6.7
RS	20260718-2100	128.34
RS	20260718-1400	113.12
RS	20260718-1000	6.7
RS	20260718-1900	233.91
RS	20260718-2000	185.37
RS	20260718-0200	115.77
RS	20260718-1300	79.07
DK1	20260718-0500	79.07
DK1	20260718-0000	106.33
DK1	20260718-2300	99.49
DK1	20260718-1600	40.13
DK1	20260718-1500	5.95
DK1	20260718-0300	90.31
DK1	20260718-0600	69.58
DK1	20260718-0900	5.24
DK1	20260718-0700	26.99
DK1	20260718-2200	98.67
DK1	20260718-0400	99.49
DK1	20260718-1700	93.99
DK1	20260718-0100	99.49
DK1	20260718-1100	6.7
DK1	20260718-1200	6.7
DK1	20260718-0800	5.95
DK1	20260718-2100	93.99
DK1	20260718-1400	5.24
DK1	20260718-1000	6.7
DK1	20260718-1900	106.33
DK1	20260718-2000	106.33
DK1	20260718-0200	99.49
DK1	20260718-1300	6.7
CH	20260718-0500	80.44
CH	20260718-0000	107.45
CH	20260718-2300	99.49
CH	20260718-1600	70.88
CH	20260718-1500	42.68
CH	20260718-0300	90.31
CH	20260718-0600	77.03
CH	20260718-0900	35.83
CH	20260718-0700	63.91
CH	20260718-2200	98.67
CH	20260718-0400	100.33
CH	20260718-1700	96.8
CH	20260718-0100	94.8
CH	20260718-1100	10.5
CH	20260718-1200	16.78
CH	20260718-0800	56.81
CH	20260718-2100	93.99
CH	20260718-1400	14.98
CH	20260718-1000	16.78
CH	20260718-1900	106.33
CH	20260718-2000	109.36
CH	20260718-0200	99.49
CH	20260718-1300	14.91
SE1	20260718-0500	1
SE1	20260718-0000	1
SE1	20260718-2300	1
SE1	20260718-1600	1
SE1	20260718-1500	59.62
SE1	20260718-0300	1
SE1	20260718-0600	1
SE1	20260718-0900	86.2
SE1	20260718-0700	1
SE1	20260718-2200	1
SE1	20260718-0400	1
SE1	20260718-1700	1
SE1	20260718-0100	1
SE1	20260718-1100	74.09
SE1	20260718-1200	1
SE1	20260718-0800	1
SE1	20260718-2100	1
SE1	20260718-1400	69.62
SE1	20260718-1000	74.65
SE1	20260718-1900	1
SE1	20260718-2000	1
SE1	20260718-0200	1
SE1	20260718-1300	73
NO4	20260718-0500	51.59
NO4	20260718-0000	43.2
NO4	20260718-2300	29.43
NO4	20260718-1600	35.03
NO4	20260718-1500	33.17
NO4	20260718-0300	47.3
NO4	20260718-0600	50.63
NO4	20260718-0900	45.52
NO4	20260718-0700	50.69
NO4	20260718-2200	34.46
NO4	20260718-0400	47.93
NO4	20260718-1700	34.03
NO4	20260718-0100	44.77
NO4	20260718-1100	34.42
NO4	20260718-1200	32.51
NO4	20260718-0800	50.4
NO4	20260718-2100	28.65
NO4	20260718-1400	34.11
NO4	20260718-1000	36.23
NO4	20260718-1900	29.14
NO4	20260718-2000	28.14
NO4	20260718-0200	45.17
NO4	20260718-1300	31.88
SE3	20260718-0500	1
SE3	20260718-0000	89.54
SE3	20260718-2300	82.66
SE3	20260718-1600	47.02
SE3	20260718-1500	5.95
SE3	20260718-0300	69.56
SE3	20260718-0600	53.6
SE3	20260718-0900	5.24
SE3	20260718-0700	23.78
SE3	20260718-2200	73.41
SE3	20260718-0400	76.53
SE3	20260718-1700	71.16
SE3	20260718-0100	84.59
SE3	20260718-1100	6.7
SE3	20260718-1200	6.7
SE3	20260718-0800	5.95
SE3	20260718-2100	1
SE3	20260718-1400	5.24
SE3	20260718-1000	6.7
SE3	20260718-1900	89.54
SE3	20260718-2000	89.55
SE3	20260718-0200	84.84
SE3	20260718-1300	6.7
FR	20260718-0500	79.07
FR	20260718-0000	106.33
FR	20260718-2300	77.14
FR	20260718-1600	34.37
FR	20260718-1500	15.01
FR	20260718-0300	90.31
FR	20260718-0600	69.58
FR	20260718-0900	35.83
FR	20260718-0700	42.38
FR	20260718-2200	98.67
FR	20260718-0400	99.49
FR	20260718-1700	62.76
FR	20260718-0100	94.34
FR	20260718-1100	16.11
FR	20260718-1200	16.78
FR	20260718-0800	40.21
FR	20260718-2100	93.99
FR	20260718-1400	14.98
FR	20260718-1000	16.78
FR	20260718-1900	106.33
FR	20260718-2000	117.86
FR	20260718-0200	99.49
FR	20260718-1300	14.91
FI	20260718-0500	6.7
FI	20260718-0000	9.5
FI	20260718-2300	2.85
FI	20260718-1600	15.28
FI	20260718-1500	25.04
FI	20260718-0300	9.5
FI	20260718-0600	9.5
FI	20260718-0900	15.75
FI	20260718-0700	9.5
FI	20260718-2200	2.85
FI	20260718-0400	9.5
FI	20260718-1700	9.5
FI	20260718-0100	9.5
FI	20260718-1100	9.5
FI	20260718-1200	9.5
FI	20260718-0800	9.5
FI	20260718-2100	3.76
FI	20260718-1400	16.41
FI	20260718-1000	15.27
FI	20260718-1900	6.7
FI	20260718-2000	5
FI	20260718-0200	9.5
FI	20260718-1300	13.95
PL	20260718-0500	99.49
PL	20260718-0000	99.49
PL	20260718-2300	99.49
PL	20260718-1600	99.49
PL	20260718-1500	99.49
PL	20260718-0300	99.49
PL	20260718-0600	99.49
PL	20260718-0900	64.73
PL	20260718-0700	79.07
PL	20260718-2200	99.49
PL	20260718-0400	99.49
PL	20260718-1700	99.49
PL	20260718-0100	99.49
PL	20260718-1100	64.73
PL	20260718-1200	64.73
PL	20260718-0800	79.07
PL	20260718-2100	99.49
PL	20260718-1400	79.07
PL	20260718-1000	64.73
PL	20260718-1900	100.8
PL	20260718-2000	106.33
PL	20260718-0200	99.49
PL	20260718-1300	64.73
IT-Calabria	20260718-0500	152.75
IT-Calabria	20260718-0000	152.75
IT-Calabria	20260718-2300	152.75
IT-Calabria	20260718-1600	152.75
IT-Calabria	20260718-1500	152.75
IT-Calabria	20260718-0300	152.75
IT-Calabria	20260718-0600	152.75
IT-Calabria	20260718-0900	152.75
IT-Calabria	20260718-0700	152.75
IT-Calabria	20260718-2200	152.75
IT-Calabria	20260718-0400	152.75
IT-Calabria	20260718-1700	152.75
IT-Calabria	20260718-0100	152.75
IT-Calabria	20260718-1100	152.75
IT-Calabria	20260718-1200	152.75
IT-Calabria	20260718-0800	152.75
IT-Calabria	20260718-2100	152.75
IT-Calabria	20260718-1400	152.75
IT-Calabria	20260718-1000	152.75
IT-Calabria	20260718-1900	152.75
IT-Calabria	20260718-2000	152.75
IT-Calabria	20260718-0200	152.75
IT-Calabria	20260718-1300	152.75
AT	20260718-0500	3.78
AT	20260718-0000	107.45
AT	20260718-2300	99.49
AT	20260718-1600	70.88
AT	20260718-1500	42.68
AT	20260718-0300	90.31
AT	20260718-0600	77.03
AT	20260718-0900	3.15
AT	20260718-0700	57
AT	20260718-2200	98.67
AT	20260718-0400	100.33
AT	20260718-1700	96.8
AT	20260718-0100	94.8
AT	20260718-1100	3.15
AT	20260718-1200	3.15
AT	20260718-0800	4.8
AT	20260718-2100	61.03
AT	20260718-1400	14.98
AT	20260718-1000	3.75
AT	20260718-1900	106.33
AT	20260718-2000	109.36
AT	20260718-0200	99.49
AT	20260718-1300	6.7
SE2	20260718-0500	1
SE2	20260718-0000	1
SE2	20260718-2300	1
SE2	20260718-1600	1
SE2	20260718-1500	1
SE2	20260718-0300	1
SE2	20260718-0600	1
SE2	20260718-0900	1
SE2	20260718-0700	1
SE2	20260718-2200	1
SE2	20260718-0400	1
SE2	20260718-1700	1
SE2	20260718-0100	1
SE2	20260718-1100	1
SE2	20260718-1200	1
SE2	20260718-0800	1
SE2	20260718-2100	1
SE2	20260718-1400	1
SE2	20260718-1000	1
SE2	20260718-1900	1
SE2	20260718-2000	1
SE2	20260718-0200	1
SE2	20260718-1300	1
IT-NORTH	20260718-0500	152.75
IT-NORTH	20260718-0000	152.75
IT-NORTH	20260718-2300	152.75
IT-NORTH	20260718-1600	152.75
IT-NORTH	20260718-1500	152.75
IT-NORTH	20260718-0300	152.75
IT-NORTH	20260718-0600	152.75
IT-NORTH	20260718-0900	152.75
IT-NORTH	20260718-0700	152.75
IT-NORTH	20260718-2200	152.75
IT-NORTH	20260718-0400	152.75
IT-NORTH	20260718-1700	152.75
IT-NORTH	20260718-0100	152.75
IT-NORTH	20260718-1100	152.75
IT-NORTH	20260718-1200	152.75
IT-NORTH	20260718-0800	152.75
IT-NORTH	20260718-2100	152.75
IT-NORTH	20260718-1400	152.75
IT-NORTH	20260718-1000	152.75
IT-NORTH	20260718-1900	152.75
IT-NORTH	20260718-2000	152.75
IT-NORTH	20260718-0200	152.75
IT-NORTH	20260718-1300	152.75
LT	20260718-0500	2.85
LT	20260718-0000	9.5
LT	20260718-2300	30.83
LT	20260718-1600	25.04
LT	20260718-1500	25.04
LT	20260718-0300	9.5
LT	20260718-0600	9.5
LT	20260718-0900	1
LT	20260718-0700	6.7
LT	20260718-2200	39.81
LT	20260718-0400	9.5
LT	20260718-1700	31.2
LT	20260718-0100	9.5
LT	20260718-1100	6.7
LT	20260718-1200	9.5
LT	20260718-0800	6.7
LT	20260718-2100	3.76
LT	20260718-1400	16.41
LT	20260718-1000	1
LT	20260718-1900	29.54
LT	20260718-2000	30.51
LT	20260718-0200	9.5
LT	20260718-1300	13.95
PT	20260718-0500	127.29
PT	20260718-0000	127.29
PT	20260718-2300	127.29
PT	20260718-1600	10.52
PT	20260718-1500	9.5
PT	20260718-0300	127.29
PT	20260718-0600	93.99
PT	20260718-0900	35.83
PT	20260718-0700	42.38
PT	20260718-2200	127.29
PT	20260718-0400	127.29
PT	20260718-1700	62.76
PT	20260718-0100	127.29
PT	20260718-1100	16.11
PT	20260718-1200	16.78
PT	20260718-0800	40.21
PT	20260718-2100	127.29
PT	20260718-1400	9.5
PT	20260718-1000	16.78
PT	20260718-1900	127.29
PT	20260718-2000	127.29
PT	20260718-0200	127.29
PT	20260718-1300	10.5
NO2	20260718-0500	55.1
NO2	20260718-0000	116.25
NO2	20260718-2300	107.31
NO2	20260718-1600	61.05
NO2	20260718-1500	6.95
NO2	20260718-0300	90.31
NO2	20260718-0600	69.58
NO2	20260718-0900	6.12
NO2	20260718-0700	30.87
NO2	20260718-2200	95.31
NO2	20260718-0400	99.36
NO2	20260718-1700	92.39
NO2	20260718-0100	109.83
NO2	20260718-1100	2
NO2	20260718-1200	2
NO2	20260718-0800	6.95
NO2	20260718-2100	70.56
NO2	20260718-1400	6.12
NO2	20260718-1000	2
NO2	20260718-1900	116.25
NO2	20260718-2000	116.26
NO2	20260718-0200	110.15
NO2	20260718-1300	2
LV	20260718-0500	2.85
LV	20260718-0000	9.5
LV	20260718-2300	30.83
LV	20260718-1600	25.04
LV	20260718-1500	25.04
LV	20260718-0300	9.5
LV	20260718-0600	9.5
LV	20260718-0900	6.7
LV	20260718-0700	6.7
LV	20260718-2200	39.81
LV	20260718-0400	9.5
LV	20260718-1700	31.2
LV	20260718-0100	9.5
LV	20260718-1100	6.7
LV	20260718-1200	9.5
LV	20260718-0800	6.7
LV	20260718-2100	3.76
LV	20260718-1400	16.41
LV	20260718-1000	6.7
LV	20260718-1900	29.54
LV	20260718-2000	30.51
LV	20260718-0200	9.5
LV	20260718-1300	13.95
NL	20260718-0500	99.49
NL	20260718-0000	106.33
NL	20260718-2300	99.49
NL	20260718-1600	93.99
NL	20260718-1500	6.7
NL	20260718-0300	99.49
NL	20260718-0600	99.49
NL	20260718-0900	64.73
NL	20260718-0700	99.49
NL	20260718-2200	106.33
NL	20260718-0400	99.49
NL	20260718-1700	99.49
NL	20260718-0100	99.49
NL	20260718-1100	6.7
NL	20260718-1200	6.7
NL	20260718-0800	93.99
NL	20260718-2100	106.33
NL	20260718-1400	6.7
NL	20260718-1000	6.7
NL	20260718-1900	106.33
NL	20260718-2000	106.33
NL	20260718-0200	99.49
NL	20260718-1300	6.7
NO5	20260718-0500	53.53
NO5	20260718-0000	103.92
NO5	20260718-2300	99.93
NO5	20260718-1600	76.38
NO5	20260718-1500	6.61
NO5	20260718-0300	92.33
NO5	20260718-0600	83.06
NO5	20260718-0900	36.54
NO5	20260718-0700	65.76
NO5	20260718-2200	98.14
NO5	20260718-0400	96.37
NO5	20260718-1700	93.26
NO5	20260718-0100	101.05
NO5	20260718-1100	4.02
NO5	20260718-1200	4.02
NO5	20260718-0800	52.2
NO5	20260718-2100	60.98
NO5	20260718-1400	6.24
NO5	20260718-1000	4.02
NO5	20260718-1900	103.92
NO5	20260718-2000	107.5
NO5	20260718-0200	101.2
NO5	20260718-1300	4.02
BE	20260718-0500	127.29
BE	20260718-0000	127.29
BE	20260718-2300	95.66
BE	20260718-1600	73.12
BE	20260718-1500	6.7
BE	20260718-0300	127.29
BE	20260718-0600	93.99
BE	20260718-0900	34.98
BE	20260718-0700	85.5
BE	20260718-2200	93.99
BE	20260718-0400	93.99
BE	20260718-1700	93.99
BE	20260718-0100	127.29
BE	20260718-1100	3.85
BE	20260718-1200	3.85
BE	20260718-0800	57
BE	20260718-2100	127.29
BE	20260718-1400	5.97
BE	20260718-1000	6.7
BE	20260718-1900	127.29
BE	20260718-2000	127.29
BE	20260718-0200	127.29
BE	20260718-1300	3.85
RO	20260718-0500	113.12
RO	20260718-0000	127.29
RO	20260718-2300	113.12
RO	20260718-1600	181.55
RO	20260718-1500	127.29
RO	20260718-0300	118.64
RO	20260718-0600	85.5
RO	20260718-0900	6.7
RO	20260718-0700	10.51
RO	20260718-2200	125.74
RO	20260718-0400	125.05
RO	20260718-1700	230.2
RO	20260718-0100	119.45
RO	20260718-1100	6.7
RO	20260718-1200	9.5
RO	20260718-0800	6.7
RO	20260718-2100	128.34
RO	20260718-1400	113.12
RO	20260718-1000	6.7
RO	20260718-1900	241.19
RO	20260718-2000	185.37
RO	20260718-0200	115.77
RO	20260718-1300	79.07
DK2	20260718-0500	30
DK2	20260718-0000	64.73
DK2	20260718-2300	30.83
DK2	20260718-1600	25.04
DK2	20260718-1500	5.95
DK2	20260718-0300	29.54
DK2	20260718-0600	57
DK2	20260718-0900	5.24
DK2	20260718-0700	26.99
DK2	20260718-2200	57
DK2	20260718-0400	30.53
DK2	20260718-1700	31.2
DK2	20260718-0100	57
DK2	20260718-1100	6.7
DK2	20260718-1200	5.24
DK2	20260718-0800	5.95
DK2	20260718-2100	26.74
DK2	20260718-1400	5.24
DK2	20260718-1000	6.7
DK2	20260718-1900	29.54
DK2	20260718-2000	30.51
DK2	20260718-0200	32.27
DK2	20260718-1300	5.24
BG	20260718-0500	113.12
BG	20260718-0000	127.29
BG	20260718-2300	113.12
BG	20260718-1600	181.55
BG	20260718-1500	127.29
BG	20260718-0300	118.64
BG	20260718-0600	85.5
BG	20260718-0900	6.7
BG	20260718-0700	10.51
BG	20260718-2200	125.74
BG	20260718-0400	125.05
BG	20260718-1700	230.2
BG	20260718-0100	119.45
BG	20260718-1100	6.7
BG	20260718-1200	9.5
BG	20260718-0800	6.7
BG	20260718-2100	128.34
BG	20260718-1400	113.12
BG	20260718-1000	6.7
BG	20260718-1900	233.91
BG	20260718-2000	185.37
BG	20260718-0200	115.77
BG	20260718-1300	79.07
IT-CSOUTH	20260718-0500	152.75
IT-CSOUTH	20260718-0000	152.75
IT-CSOUTH	20260718-2300	152.75
IT-CSOUTH	20260718-1600	152.75
IT-CSOUTH	20260718-1500	152.75
IT-CSOUTH	20260718-0300	152.75
IT-CSOUTH	20260718-0600	152.75
IT-CSOUTH	20260718-0900	152.75
IT-CSOUTH	20260718-0700	152.75
IT-CSOUTH	20260718-2200	152.75
IT-CSOUTH	20260718-0400	152.75
IT-CSOUTH	20260718-1700	152.75
IT-CSOUTH	20260718-0100	152.75
IT-CSOUTH	20260718-1100	152.75
IT-CSOUTH	20260718-1200	152.75
IT-CSOUTH	20260718-0800	152.75
IT-CSOUTH	20260718-2100	152.75
IT-CSOUTH	20260718-1400	152.75
IT-CSOUTH	20260718-1000	152.75
IT-CSOUTH	20260718-1900	152.75
IT-CSOUTH	20260718-2000	152.75
IT-CSOUTH	20260718-0200	152.75
IT-CSOUTH	20260718-1300	152.75
CZ	20260718-0500	79.07
CZ	20260718-0000	57
CZ	20260718-2300	57
CZ	20260718-1600	57
CZ	20260718-1500	12.62
CZ	20260718-0300	79.07
CZ	20260718-0600	12.67
CZ	20260718-0900	12.62
CZ	20260718-0700	16.39
CZ	20260718-2200	98.67
CZ	20260718-0400	99.49
CZ	20260718-1700	93.99
CZ	20260718-0100	57
CZ	20260718-1100	10.5
CZ	20260718-1200	9.5
CZ	20260718-0800	10.69
CZ	20260718-2100	93.99
CZ	20260718-1400	10.5
CZ	20260718-1000	10.51
CZ	20260718-1900	106.33
CZ	20260718-2000	106.33
CZ	20260718-0200	79.07
CZ	20260718-1300	10.5
NO3	20260718-0500	81.34
NO3	20260718-0000	112.28
NO3	20260718-2300	107.97
NO3	20260718-1600	82.52
NO3	20260718-1500	7.14
NO3	20260718-0300	99.76
NO3	20260718-0600	89.75
NO3	20260718-0900	39.48
NO3	20260718-0700	71.05
NO3	20260718-2200	106.03
NO3	20260718-0400	104.12
NO3	20260718-1700	100.76
NO3	20260718-0100	109.18
NO3	20260718-1100	4.35
NO3	20260718-1200	4.35
NO3	20260718-0800	56.4
NO3	20260718-2100	49.35
NO3	20260718-1400	6.74
NO3	20260718-1000	4.35
NO3	20260718-1900	112.28
NO3	20260718-2000	116.15
NO3	20260718-0200	109.34
NO3	20260718-1300	4.35
NO1	20260718-0500	1
NO1	20260718-0000	89.54
NO1	20260718-2300	86.1
NO1	20260718-1600	65.81
NO1	20260718-1500	5.69
NO1	20260718-0300	79.55
NO1	20260718-0600	71.57
NO1	20260718-0900	31.49
NO1	20260718-0700	56.66
NO1	20260718-2200	84.56
NO1	20260718-0400	83.03
NO1	20260718-1700	80.35
NO1	20260718-0100	87.07
NO1	20260718-1100	3.47
NO1	20260718-1200	3.76
NO1	20260718-0800	44.97
NO1	20260718-2100	2.85
NO1	20260718-1400	5.37
NO1	20260718-1000	3.47
NO1	20260718-1900	89.54
NO1	20260718-2000	92.62
NO1	20260718-0200	87.19
NO1	20260718-1300	3.76
DE_LU	20260718-0500	79.07
DE_LU	20260718-0000	106.33
DE_LU	20260718-2300	99.49
DE_LU	20260718-1600	40.13
DE_LU	20260718-1500	5.95
DE_LU	20260718-0300	90.31
DE_LU	20260718-0600	69.58
DE_LU	20260718-0900	5.24
DE_LU	20260718-0700	26.99
DE_LU	20260718-2200	98.67
DE_LU	20260718-0400	99.49
DE_LU	20260718-1700	93.99
DE_LU	20260718-0100	99.49
DE_LU	20260718-1100	1
DE_LU	20260718-1200	1
DE_LU	20260718-0800	5.95
DE_LU	20260718-2100	93.99
DE_LU	20260718-1400	5.24
DE_LU	20260718-1000	1
DE_LU	20260718-1900	106.33
DE_LU	20260718-2000	106.33
DE_LU	20260718-0200	99.49
DE_LU	20260718-1300	1
SK	20260718-0500	5
SK	20260718-0000	89.54
SK	20260718-2300	86.1
SK	20260718-1600	65.81
SK	20260718-1500	6.32
SK	20260718-0300	79.55
SK	20260718-0600	71.57
SK	20260718-0900	31.49
SK	20260718-0700	56.66
SK	20260718-2200	84.56
SK	20260718-0400	83.03
SK	20260718-1700	80.35
SK	20260718-0100	87.07
SK	20260718-1100	3.47
SK	20260718-1200	3.47
SK	20260718-0800	44.97
SK	20260718-2100	2.85
SK	20260718-1400	5.37
SK	20260718-1000	3.47
SK	20260718-1900	89.54
SK	20260718-2000	92.62
SK	20260718-0200	87.19
SK	20260718-1300	3.47
EE	20260718-0500	2.85
EE	20260718-0000	9.5
EE	20260718-2300	30.83
EE	20260718-1600	25.04
EE	20260718-1500	25.04
EE	20260718-0300	9.5
EE	20260718-0600	9.5
EE	20260718-0900	6.7
EE	20260718-0700	6.7
EE	20260718-2200	39.81
EE	20260718-0400	9.5
EE	20260718-1700	31.2
EE	20260718-0100	9.5
EE	20260718-1100	6.7
EE	20260718-1200	9.5
EE	20260718-0800	6.7
EE	20260718-2100	3.76
EE	20260718-1400	16.41
EE	20260718-1000	6.7
EE	20260718-1900	29.54
EE	20260718-2000	30.51
EE	20260718-0200	9.5
EE	20260718-1300	13.95
SE4	20260718-0500	2.85
SE4	20260718-0000	43.8
SE4	20260718-2300	30.83
SE4	20260718-1600	25.04
SE4	20260718-1500	25.04
SE4	20260718-0300	29.54
SE4	20260718-0600	40.53
SE4	20260718-0900	14.99
SE4	20260718-0700	26.99
SE4	20260718-2200	39.81
SE4	20260718-0400	30.53
SE4	20260718-1700	31.2
SE4	20260718-0100	41.23
SE4	20260718-1100	13.58
SE4	20260718-1200	16.55
SE4	20260718-0800	19.9
SE4	20260718-2100	1
SE4	20260718-1400	20.98
SE4	20260718-1000	14.25
SE4	20260718-1900	29.54
SE4	20260718-2000	30.51
SE4	20260718-0200	32.27
SE4	20260718-1300	17.09
SI	20260719-1200	6.7
SI	20260719-0000	5
SI	20260719-0600	30
SI	20260719-1700	9.5
SI	20260719-1400	9.5
SI	20260719-1600	113.12
SI	20260719-0200	9.5
SI	20260719-1100	5.95
SI	20260719-0900	4.8
SI	20260719-0500	16.77
SI	20260719-2000	127.29
SI	20260719-2100	14.22
SI	20260719-0300	9.5
SI	20260719-1900	13.64
SI	20260719-1000	5
SI	20260719-0700	9.5
SI	20260719-1300	6.7
SI	20260719-0800	3.15
SI	20260719-1500	64.73
SI	20260719-2200	9.5
SI	20260719-0100	5
ES	20260719-1200	9.5
ES	20260719-0000	127.29
ES	20260719-0600	93.99
ES	20260719-1700	51.52
ES	20260719-1400	9.5
ES	20260719-1600	10.52
ES	20260719-0200	127.29
ES	20260719-1100	10.5
ES	20260719-0900	17.93
ES	20260719-0500	127.29
ES	20260719-2000	234.49
ES	20260719-2100	143.87
ES	20260719-0300	127.29
ES	20260719-1900	224
ES	20260719-1000	10.5
ES	20260719-0700	22.59
ES	20260719-1300	9.5
ES	20260719-0800	20
ES	20260719-1500	12.5
ES	20260719-2200	127.29
ES	20260719-0100	127.29
GR	20260719-1200	6.7
GR	20260719-0000	127.29
GR	20260719-0600	64.73
GR	20260719-1700	228.16
GR	20260719-1400	93.99
GR	20260719-1600	152.75
GR	20260719-0200	127.29
GR	20260719-1100	5.95
GR	20260719-0900	5.95
GR	20260719-0500	113.12
GR	20260719-2000	212.3
GR	20260719-2100	127.29
GR	20260719-0300	127.29
GR	20260719-1900	234.49
GR	20260719-1000	5.95
GR	20260719-0700	9.5
GR	20260719-1300	9.5
GR	20260719-0800	6.7
GR	20260719-1500	127.29
GR	20260719-2200	127.29
GR	20260719-0100	127.29
IT-CNORTH	20260719-1200	112.5
IT-CNORTH	20260719-0000	152.75
IT-CNORTH	20260719-0600	152.75
IT-CNORTH	20260719-1700	152.75
IT-CNORTH	20260719-1400	136.49
IT-CNORTH	20260719-1600	152.75
IT-CNORTH	20260719-0200	152.75
IT-CNORTH	20260719-1100	97.68
IT-CNORTH	20260719-0900	127.6
IT-CNORTH	20260719-0500	152.75
IT-CNORTH	20260719-2000	152.75
IT-CNORTH	20260719-2100	152.75
IT-CNORTH	20260719-0300	152.75
IT-CNORTH	20260719-1900	152.75
IT-CNORTH	20260719-1000	127.6
IT-CNORTH	20260719-0700	152.75
IT-CNORTH	20260719-1300	127.6
IT-CNORTH	20260719-0800	152.75
IT-CNORTH	20260719-1500	152.75
IT-CNORTH	20260719-2200	152.75
IT-CNORTH	20260719-0100	152.75
HU	20260719-1200	6.7
HU	20260719-0000	113.12
HU	20260719-0600	30
HU	20260719-1700	127.29
HU	20260719-1400	9.5
HU	20260719-1600	113.12
HU	20260719-0200	113.12
HU	20260719-1100	5.95
HU	20260719-0900	5.95
HU	20260719-0500	16.77
HU	20260719-2000	127.29
HU	20260719-2100	106.33
HU	20260719-0300	106.33
HU	20260719-1900	127.29
HU	20260719-1000	5.95
HU	20260719-0700	9.5
HU	20260719-1300	6.7
HU	20260719-0800	6.7
HU	20260719-1500	64.73
HU	20260719-2200	13.26
HU	20260719-0100	113.12
IT-SOUTH	20260719-1200	112.5
IT-SOUTH	20260719-0000	152.75
IT-SOUTH	20260719-0600	152.75
IT-SOUTH	20260719-1700	152.75
IT-SOUTH	20260719-1400	136.49
IT-SOUTH	20260719-1600	152.75
IT-SOUTH	20260719-0200	152.75
IT-SOUTH	20260719-1100	97.68
IT-SOUTH	20260719-0900	127.6
IT-SOUTH	20260719-0500	152.75
IT-SOUTH	20260719-2000	152.75
IT-SOUTH	20260719-2100	152.75
IT-SOUTH	20260719-0300	152.75
IT-SOUTH	20260719-1900	152.75
IT-SOUTH	20260719-1000	127.6
IT-SOUTH	20260719-0700	152.75
IT-SOUTH	20260719-1300	127.6
IT-SOUTH	20260719-0800	152.75
IT-SOUTH	20260719-1500	152.75
IT-SOUTH	20260719-2200	152.75
IT-SOUTH	20260719-0100	152.75
IT-Sicily	20260719-1200	112.5
IT-Sicily	20260719-0000	152.75
IT-Sicily	20260719-0600	152.75
IT-Sicily	20260719-1700	152.75
IT-Sicily	20260719-1400	136.49
IT-Sicily	20260719-1600	152.75
IT-Sicily	20260719-0200	152.75
IT-Sicily	20260719-1100	97.68
IT-Sicily	20260719-0900	127.6
IT-Sicily	20260719-0500	152.75
IT-Sicily	20260719-2000	181.76
IT-Sicily	20260719-2100	152.75
IT-Sicily	20260719-0300	152.75
IT-Sicily	20260719-1900	181.76
IT-Sicily	20260719-1000	127.6
IT-Sicily	20260719-0700	152.75
IT-Sicily	20260719-1300	127.6
IT-Sicily	20260719-0800	152.75
IT-Sicily	20260719-1500	152.75
IT-Sicily	20260719-2200	152.75
IT-Sicily	20260719-0100	152.75
IT-Sardinia	20260719-1200	112.5
IT-Sardinia	20260719-0000	152.75
IT-Sardinia	20260719-0600	152.75
IT-Sardinia	20260719-1700	152.75
IT-Sardinia	20260719-1400	130.79
IT-Sardinia	20260719-1600	152.75
IT-Sardinia	20260719-0200	152.75
IT-Sardinia	20260719-1100	97.68
IT-Sardinia	20260719-0900	127.6
IT-Sardinia	20260719-0500	152.75
IT-Sardinia	20260719-2000	152.75
IT-Sardinia	20260719-2100	152.75
IT-Sardinia	20260719-0300	152.75
IT-Sardinia	20260719-1900	152.75
IT-Sardinia	20260719-1000	127.6
IT-Sardinia	20260719-0700	142.23
IT-Sardinia	20260719-1300	119.39
IT-Sardinia	20260719-0800	130.79
IT-Sardinia	20260719-1500	152.75
IT-Sardinia	20260719-2200	152.75
IT-Sardinia	20260719-0100	152.75
RS	20260719-1200	6.7
RS	20260719-0000	113.12
RS	20260719-0600	64.73
RS	20260719-1700	189.67
RS	20260719-1400	93.99
RS	20260719-1600	152.75
RS	20260719-0200	113.12
RS	20260719-1100	5.95
RS	20260719-0900	5.95
RS	20260719-0500	85.5
RS	20260719-2000	202.48
RS	20260719-2100	127.29
RS	20260719-0300	113.12
RS	20260719-1900	225.85
RS	20260719-1000	5.95
RS	20260719-0700	9.5
RS	20260719-1300	9.5
RS	20260719-0800	6.7
RS	20260719-1500	113.12
RS	20260719-2200	127.29
RS	20260719-0100	113.12
DK1	20260719-1200	9.5
DK1	20260719-0000	99.49
DK1	20260719-0600	88.99
DK1	20260719-1700	99.49
DK1	20260719-1400	6.7
DK1	20260719-1600	57
DK1	20260719-0200	99.49
DK1	20260719-1100	6.7
DK1	20260719-0900	17.93
DK1	20260719-0500	93.5
DK1	20260719-2000	106.33
DK1	20260719-2100	106.33
DK1	20260719-0300	98.29
DK1	20260719-1900	106.33
DK1	20260719-1000	6.7
DK1	20260719-0700	63
DK1	20260719-1300	3
DK1	20260719-0800	20
DK1	20260719-1500	9.5
DK1	20260719-2200	99.49
DK1	20260719-0100	99.49
CH	20260719-1200	13.68
CH	20260719-0000	102.91
CH	20260719-0600	88.99
CH	20260719-1700	103.57
CH	20260719-1400	56.15
CH	20260719-1600	78.72
CH	20260719-0200	99.49
CH	20260719-1100	12.38
CH	20260719-0900	17.93
CH	20260719-0500	93.5
CH	20260719-2000	113.13
CH	20260719-2100	112.04
CH	20260719-0300	98.29
CH	20260719-1900	111.67
CH	20260719-1000	15.5
CH	20260719-0700	63
CH	20260719-1300	51.27
CH	20260719-0800	20
CH	20260719-1500	62.6
CH	20260719-2200	116.38
CH	20260719-0100	104.31
SE1	20260719-1200	1
SE1	20260719-0000	1
SE1	20260719-0600	1
SE1	20260719-1700	46.68
SE1	20260719-1400	1
SE1	20260719-1600	35.11
SE1	20260719-0200	1
SE1	20260719-1100	1
SE1	20260719-0900	1
SE1	20260719-0500	1
SE1	20260719-2000	52.26
SE1	20260719-2100	36.43
SE1	20260719-0300	1
SE1	20260719-1900	62.01
SE1	20260719-1000	1
SE1	20260719-0700	1
SE1	20260719-1300	1
SE1	20260719-0800	1
SE1	20260719-1500	1
SE1	20260719-2200	40.76
SE1	20260719-0100	1
NO4	20260719-1200	35.35
NO4	20260719-0000	31.73
NO4	20260719-0600	29.6
NO4	20260719-1700	44.96
NO4	20260719-1400	37.78
NO4	20260719-1600	41.68
NO4	20260719-0200	29.89
NO4	20260719-1100	34.89
NO4	20260719-0900	32.96
NO4	20260719-0500	28.73
NO4	20260719-2000	51.59
NO4	20260719-2100	51.15
NO4	20260719-0300	28.44
NO4	20260719-1900	50
NO4	20260719-1000	34.35
NO4	20260719-0700	31.11
NO4	20260719-1300	36.77
NO4	20260719-0800	32.32
NO4	20260719-1500	39.79
NO4	20260719-2200	48.78
NO4	20260719-0100	30.16
SE3	20260719-1200	9.5
SE3	20260719-0000	81.15
SE3	20260719-0600	71.16
SE3	20260719-1700	77.22
SE3	20260719-1400	6.7
SE3	20260719-1600	51.3
SE3	20260719-0200	81.29
SE3	20260719-1100	6.7
SE3	20260719-0900	24.75
SE3	20260719-0500	72.02
SE3	20260719-2000	89.54
SE3	20260719-2100	89.54
SE3	20260719-0300	72.27
SE3	20260719-1900	89.54
SE3	20260719-1000	6.7
SE3	20260719-0700	51.3
SE3	20260719-1300	3
SE3	20260719-0800	21.38
SE3	20260719-1500	6.7
SE3	20260719-2200	89.54
SE3	20260719-0100	89.54
FR	20260719-1200	13.68
FR	20260719-0000	66.59
FR	20260719-0600	58.93
FR	20260719-1700	51.52
FR	20260719-1400	18.17
FR	20260719-1600	21.79
FR	20260719-0200	66.61
FR	20260719-1100	12.38
FR	20260719-0900	17.93
FR	20260719-0500	65.25
FR	20260719-2000	108.99
FR	20260719-2100	112.04
FR	20260719-0300	65.28
FR	20260719-1900	108.99
FR	20260719-1000	15.5
FR	20260719-0700	22.59
FR	20260719-1300	16.59
FR	20260719-0800	20
FR	20260719-1500	20.46
FR	20260719-2200	80.75
FR	20260719-0100	67.83
FI	20260719-1200	3.15
FI	20260719-0000	2.85
FI	20260719-0600	2.85
FI	20260719-1700	9.5
FI	20260719-1400	4.87
FI	20260719-1600	9.5
FI	20260719-0200	3.15
FI	20260719-1100	3.33
FI	20260719-0900	2.85
FI	20260719-0500	3.16
FI	20260719-2000	9.5
FI	20260719-2100	9.5
FI	20260719-0300	3.16
FI	20260719-1900	9.5
FI	20260719-1000	2.85
FI	20260719-0700	2.85
FI	20260719-1300	3.75
FI	20260719-0800	2.85
FI	20260719-1500	5
FI	20260719-2200	9.5
FI	20260719-0100	3.16
PL	20260719-1200	64.73
PL	20260719-0000	99.49
PL	20260719-0600	64.73
PL	20260719-1700	99.49
PL	20260719-1400	93.99
PL	20260719-1600	99.49
PL	20260719-0200	99.49
PL	20260719-1100	57
PL	20260719-0900	11.62
PL	20260719-0500	93.99
PL	20260719-2000	99.49
PL	20260719-2100	99.49
PL	20260719-0300	99.49
PL	20260719-1900	106.33
PL	20260719-1000	6.7
PL	20260719-0700	63
PL	20260719-1300	79.07
PL	20260719-0800	6.7
PL	20260719-1500	99.49
PL	20260719-2200	99.49
PL	20260719-0100	99.49
IT-Calabria	20260719-1200	112.5
IT-Calabria	20260719-0000	152.75
IT-Calabria	20260719-0600	152.75
IT-Calabria	20260719-1700	152.75
IT-Calabria	20260719-1400	136.49
IT-Calabria	20260719-1600	152.75
IT-Calabria	20260719-0200	152.75
IT-Calabria	20260719-1100	97.68
IT-Calabria	20260719-0900	127.6
IT-Calabria	20260719-0500	152.75
IT-Calabria	20260719-2000	152.75
IT-Calabria	20260719-2100	152.75
IT-Calabria	20260719-0300	152.75
IT-Calabria	20260719-1900	152.75
IT-Calabria	20260719-1000	127.6
IT-Calabria	20260719-0700	152.75
IT-Calabria	20260719-1300	127.6
IT-Calabria	20260719-0800	152.75
IT-Calabria	20260719-1500	152.75
IT-Calabria	20260719-2200	152.75
IT-Calabria	20260719-0100	152.75
AT	20260719-1200	13.68
AT	20260719-0000	102.91
AT	20260719-0600	88.99
AT	20260719-1700	103.57
AT	20260719-1400	56.15
AT	20260719-1600	78.72
AT	20260719-0200	99.49
AT	20260719-1100	6.7
AT	20260719-0900	17.93
AT	20260719-0500	93.5
AT	20260719-2000	113.13
AT	20260719-2100	112.04
AT	20260719-0300	98.29
AT	20260719-1900	111.67
AT	20260719-1000	15.5
AT	20260719-0700	63
AT	20260719-1300	51.27
AT	20260719-0800	20
AT	20260719-1500	62.6
AT	20260719-2200	116.38
AT	20260719-0100	104.31
SE2	20260719-1200	1
SE2	20260719-0000	1
SE2	20260719-0600	1
SE2	20260719-1700	46.68
SE2	20260719-1400	1
SE2	20260719-1600	35.11
SE2	20260719-0200	1
SE2	20260719-1100	1
SE2	20260719-0900	1
SE2	20260719-0500	1
SE2	20260719-2000	52.26
SE2	20260719-2100	36.43
SE2	20260719-0300	1
SE2	20260719-1900	62.01
SE2	20260719-1000	1
SE2	20260719-0700	1
SE2	20260719-1300	1
SE2	20260719-0800	1
SE2	20260719-1500	1
SE2	20260719-2200	40.76
SE2	20260719-0100	1
IT-NORTH	20260719-1200	112.5
IT-NORTH	20260719-0000	152.75
IT-NORTH	20260719-0600	152.75
IT-NORTH	20260719-1700	152.75
IT-NORTH	20260719-1400	136.49
IT-NORTH	20260719-1600	152.75
IT-NORTH	20260719-0200	152.75
IT-NORTH	20260719-1100	97.68
IT-NORTH	20260719-0900	127.6
IT-NORTH	20260719-0500	152.75
IT-NORTH	20260719-2000	152.75
IT-NORTH	20260719-2100	152.75
IT-NORTH	20260719-0300	152.75
IT-NORTH	20260719-1900	152.75
IT-NORTH	20260719-1000	127.6
IT-NORTH	20260719-0700	152.75
IT-NORTH	20260719-1300	127.6
IT-NORTH	20260719-0800	152.75
IT-NORTH	20260719-1500	152.75
IT-NORTH	20260719-2200	152.75
IT-NORTH	20260719-0100	152.75
LT	20260719-1200	3.15
LT	20260719-0000	35.33
LT	20260719-0600	2.85
LT	20260719-1700	99.49
LT	20260719-1400	4.87
LT	20260719-1600	60.08
LT	20260719-0200	6.7
LT	20260719-1100	3.33
LT	20260719-0900	2.85
LT	20260719-0500	3.16
LT	20260719-2000	99.49
LT	20260719-2100	99.49
LT	20260719-0300	6.7
LT	20260719-1900	127.29
LT	20260719-1000	2.85
LT	20260719-0700	2.85
LT	20260719-1300	3.75
LT	20260719-0800	2.85
LT	20260719-1500	25.2
LT	20260719-2200	43.51
LT	20260719-0100	6.7
PT	20260719-1200	9.5
PT	20260719-0000	127.29
PT	20260719-0600	93.99
PT	20260719-1700	51.52
PT	20260719-1400	9.5
PT	20260719-1600	10.52
PT	20260719-0200	127.29
PT	20260719-1100	10.5
PT	20260719-0900	17.93
PT	20260719-0500	127.29
PT	20260719-2000	234.49
PT	20260719-2100	143.87
PT	20260719-0300	127.29
PT	20260719-1900	224
PT	20260719-1000	10.5
PT	20260719-0700	22.59
PT	20260719-1300	9.5
PT	20260719-0800	20
PT	20260719-1500	12.5
PT	20260719-2200	127.29
PT	20260719-0100	127.29
NO2	20260719-1200	2
NO2	20260719-0000	105.36
NO2	20260719-0600	92.39
NO2	20260719-1700	100.26
NO2	20260719-1400	6.12
NO2	20260719-1600	66.6
NO2	20260719-0200	105.54
NO2	20260719-1100	6.12
NO2	20260719-0900	32.13
NO2	20260719-0500	93.5
NO2	20260719-2000	116.25
NO2	20260719-2100	116.25
NO2	20260719-0300	93.83
NO2	20260719-1900	116.25
NO2	20260719-1000	6.95
NO2	20260719-0700	66.6
NO2	20260719-1300	2
NO2	20260719-0800	27.75
NO2	20260719-1500	7.83
NO2	20260719-2200	116.25
NO2	20260719-0100	116.25
LV	20260719-1200	3.15
LV	20260719-0000	35.33
LV	20260719-0600	2.85
LV	20260719-1700	99.49
LV	20260719-1400	4.87
LV	20260719-1600	60.08
LV	20260719-0200	6.7
LV	20260719-1100	3.33
LV	20260719-0900	2.85
LV	20260719-0500	3.16
LV	20260719-2000	99.49
LV	20260719-2100	99.49
LV	20260719-0300	6.7
LV	20260719-1900	127.29
LV	20260719-1000	2.85
LV	20260719-0700	2.85
LV	20260719-1300	3.75
LV	20260719-0800	2.85
LV	20260719-1500	25.2
LV	20260719-2200	43.51
LV	20260719-0100	6.7
NL	20260719-1200	9.5
NL	20260719-0000	99.49
NL	20260719-0600	93.99
NL	20260719-1700	99.49
NL	20260719-1400	6.7
NL	20260719-1600	93.99
NL	20260719-0200	99.49
NL	20260719-1100	6.7
NL	20260719-0900	17.93
NL	20260719-0500	93.5
NL	20260719-2000	106.33
NL	20260719-2100	106.33
NL	20260719-0300	98.29
NL	20260719-1900	106.33
NL	20260719-1000	6.7
NL	20260719-0700	63
NL	20260719-1300	6.7
NL	20260719-0800	20
NL	20260719-1500	9.5
NL	20260719-2200	99.49
NL	20260719-0100	99.49
NO5	20260719-1200	5.48
NO5	20260719-0000	99.06
NO5	20260719-0600	90.39
NO5	20260719-1700	96.77
NO5	20260719-1400	6.24
NO5	20260719-1600	78.86
NO5	20260719-0200	96.26
NO5	20260719-1100	6.24
NO5	20260719-0900	28.73
NO5	20260719-0500	83.59
NO5	20260719-2000	107.5
NO5	20260719-2100	107.5
NO5	20260719-0300	91.03
NO5	20260719-1900	107.5
NO5	20260719-1000	6.61
NO5	20260719-0700	59.54
NO5	20260719-1300	4.02
NO5	20260719-0800	24.81
NO5	20260719-1500	7
NO5	20260719-2200	103.92
NO5	20260719-0100	103.92
BE	20260719-1200	4.73
BE	20260719-0000	94.83
BE	20260719-0600	77.88
BE	20260719-1700	93.99
BE	20260719-1400	5.37
BE	20260719-1600	67.95
BE	20260719-0200	93.99
BE	20260719-1100	5.37
BE	20260719-0900	24.75
BE	20260719-0500	80.02
BE	20260719-2000	127.29
BE	20260719-2100	102.91
BE	20260719-0300	93.99
BE	20260719-1900	127.29
BE	20260719-1000	5.69
BE	20260719-0700	51.3
BE	20260719-1300	3.47
BE	20260719-0800	21.38
BE	20260719-1500	6.7
BE	20260719-2200	99.49
BE	20260719-0100	99.49
RO	20260719-1200	6.7
RO	20260719-0000	113.12
RO	20260719-0600	64.73
RO	20260719-1700	228.16
RO	20260719-1400	93.99
RO	20260719-1600	152.75
RO	20260719-0200	113.12
RO	20260719-1100	5.95
RO	20260719-0900	5.95
RO	20260719-0500	85.5
RO	20260719-2000	212.3
RO	20260719-2100	127.29
RO	20260719-0300	113.12
RO	20260719-1900	234.49
RO	20260719-1000	5.95
RO	20260719-0700	9.5
RO	20260719-1300	9.5
RO	20260719-0800	6.7
RO	20260719-1500	113.12
RO	20260719-2200	127.29
RO	20260719-0100	113.12
DK2	20260719-1200	17.64
DK2	20260719-0000	40
DK2	20260719-0600	63.04
DK2	20260719-1700	74.9
DK2	20260719-1400	22.92
DK2	20260719-1600	57
DK2	20260719-0200	57
DK2	20260719-1100	15.25
DK2	20260719-0900	17.93
DK2	20260719-0500	57
DK2	20260719-2000	90.35
DK2	20260719-2100	94.5
DK2	20260719-0300	57
DK2	20260719-1900	95.12
DK2	20260719-1000	6.7
DK2	20260719-0700	63
DK2	20260719-1300	18.53
DK2	20260719-0800	20
DK2	20260719-1500	25.2
DK2	20260719-2200	57
DK2	20260719-0100	57
BG	20260719-1200	6.7
BG	20260719-0000	113.12
BG	20260719-0600	64.73
BG	20260719-1700	228.16
BG	20260719-1400	93.99
BG	20260719-1600	152.75
BG	20260719-0200	113.12
BG	20260719-1100	5.95
BG	20260719-0900	5.95
BG	20260719-0500	85.5
BG	20260719-2000	212.3
BG	20260719-2100	127.29
BG	20260719-0300	113.12
BG	20260719-1900	234.49
BG	20260719-1000	5.95
BG	20260719-0700	9.5
BG	20260719-1300	9.5
BG	20260719-0800	6.7
BG	20260719-1500	113.12
BG	20260719-2200	127.29
BG	20260719-0100	113.12
IT-CSOUTH	20260719-1200	112.5
IT-CSOUTH	20260719-0000	152.75
IT-CSOUTH	20260719-0600	152.75
IT-CSOUTH	20260719-1700	152.75
IT-CSOUTH	20260719-1400	136.49
IT-CSOUTH	20260719-1600	152.75
IT-CSOUTH	20260719-0200	152.75
IT-CSOUTH	20260719-1100	97.68
IT-CSOUTH	20260719-0900	127.6
IT-CSOUTH	20260719-0500	152.75
IT-CSOUTH	20260719-2000	152.75
IT-CSOUTH	20260719-2100	152.75
IT-CSOUTH	20260719-0300	152.75
IT-CSOUTH	20260719-1900	152.75
IT-CSOUTH	20260719-1000	127.6
IT-CSOUTH	20260719-0700	152.75
IT-CSOUTH	20260719-1300	127.6
IT-CSOUTH	20260719-0800	152.75
IT-CSOUTH	20260719-1500	152.75
IT-CSOUTH	20260719-2200	152.75
IT-CSOUTH	20260719-0100	152.75
CZ	20260719-1200	10.58
CZ	20260719-0000	75.34
CZ	20260719-0600	10.5
CZ	20260719-1700	99.49
CZ	20260719-1400	10.53
CZ	20260719-1600	75.34
CZ	20260719-0200	79.07
CZ	20260719-1100	12.88
CZ	20260719-0900	17.93
CZ	20260719-0500	12.5
CZ	20260719-2000	99.49
CZ	20260719-2100	99.49
CZ	20260719-0300	79.07
CZ	20260719-1900	108.99
CZ	20260719-1000	12.96
CZ	20260719-0700	63
CZ	20260719-1300	10.52
CZ	20260719-0800	20
CZ	20260719-1500	57
CZ	20260719-2200	99.49
CZ	20260719-0100	63.01
NO3	20260719-1200	5.93
NO3	20260719-0000	107.02
NO3	20260719-0600	97.66
NO3	20260719-1700	104.56
NO3	20260719-1400	6.74
NO3	20260719-1600	85.2
NO3	20260719-0200	104.01
NO3	20260719-1100	6.74
NO3	20260719-0900	31.04
NO3	20260719-0500	90.31
NO3	20260719-2000	116.14
NO3	20260719-2100	116.14
NO3	20260719-0300	98.35
NO3	20260719-1900	116.14
NO3	20260719-1000	7.14
NO3	20260719-0700	64.33
NO3	20260719-1300	4.35
NO3	20260719-0800	26.8
NO3	20260719-1500	7.56
NO3	20260719-2200	112.28
NO3	20260719-0100	112.28
NO1	20260719-1200	4.73
NO1	20260719-0000	85.35
NO1	20260719-0600	77.88
NO1	20260719-1700	90.37
NO1	20260719-1400	5.37
NO1	20260719-1600	67.95
NO1	20260719-0200	82.94
NO1	20260719-1100	5.37
NO1	20260719-0900	24.75
NO1	20260719-0500	72.02
NO1	20260719-2000	92.62
NO1	20260719-2100	92.62
NO1	20260719-0300	78.43
NO1	20260719-1900	100.38
NO1	20260719-1000	5.69
NO1	20260719-0700	51.3
NO1	20260719-1300	3.76
NO1	20260719-0800	21.38
NO1	20260719-1500	6.03
NO1	20260719-2200	89.54
NO1	20260719-0100	89.54
DE_LU	20260719-1200	1
DE_LU	20260719-0000	99.49
DE_LU	20260719-0600	88.99
DE_LU	20260719-1700	99.49
DE_LU	20260719-1400	5.24
DE_LU	20260719-1600	57
DE_LU	20260719-0200	99.49
DE_LU	20260719-1100	5.24
DE_LU	20260719-0900	17.93
DE_LU	20260719-0500	93.5
DE_LU	20260719-2000	108.99
DE_LU	20260719-2100	106.33
DE_LU	20260719-0300	98.29
DE_LU	20260719-1900	108.99
DE_LU	20260719-1000	5.95
DE_LU	20260719-0700	63
DE_LU	20260719-1300	1
DE_LU	20260719-0800	20
DE_LU	20260719-1500	6.7
DE_LU	20260719-2200	99.49
DE_LU	20260719-0100	99.49
SK	20260719-1200	4.73
SK	20260719-0000	85.35
SK	20260719-0600	77.88
SK	20260719-1700	83.38
SK	20260719-1400	5.37
SK	20260719-1600	67.95
SK	20260719-0200	82.94
SK	20260719-1100	5.37
SK	20260719-0900	24.75
SK	20260719-0500	72.02
SK	20260719-2000	92.62
SK	20260719-2100	92.62
SK	20260719-0300	78.43
SK	20260719-1900	92.62
SK	20260719-1000	5.69
SK	20260719-0700	51.3
SK	20260719-1300	3.47
SK	20260719-0800	21.38
SK	20260719-1500	6.7
SK	20260719-2200	89.54
SK	20260719-0100	89.54
EE	20260719-1200	3.15
EE	20260719-0000	35.33
EE	20260719-0600	2.85
EE	20260719-1700	99.49
EE	20260719-1400	4.87
EE	20260719-1600	60.08
EE	20260719-0200	6.7
EE	20260719-1100	3.33
EE	20260719-0900	2.85
EE	20260719-0500	3.16
EE	20260719-2000	99.49
EE	20260719-2100	99.49
EE	20260719-0300	6.7
EE	20260719-1900	127.29
EE	20260719-1000	2.85
EE	20260719-0700	2.85
EE	20260719-1300	3.75
EE	20260719-0800	2.85
EE	20260719-1500	25.2
EE	20260719-2200	43.51
EE	20260719-0100	6.7
SE4	20260719-1200	17.64
SE4	20260719-0000	35.33
SE4	20260719-0600	36.09
SE4	20260719-1700	74.9
SE4	20260719-1400	22.92
SE4	20260719-1600	60.08
SE4	20260719-0200	41.19
SE4	20260719-1100	15.25
SE4	20260719-0900	11.62
SE4	20260719-0500	40.06
SE4	20260719-2000	86.39
SE4	20260719-2100	87.82
SE4	20260719-0300	41.19
SE4	20260719-1900	95.12
SE4	20260719-1000	6.7
SE4	20260719-0700	32.41
SE4	20260719-1300	18.53
SE4	20260719-0800	10.56
SE4	20260719-1500	25.2
SE4	20260719-2200	43.51
SE4	20260719-0100	41.19
SI	20260720-1000	6.7
SI	20260720-0000	9.5
SI	20260720-1600	16.81
SI	20260720-1500	9.5
SI	20260720-1200	5
SI	20260720-0600	10.56
SI	20260720-1900	127.29
SI	20260720-0900	6.7
SI	20260720-0300	11.29
SI	20260720-0400	57
SI	20260720-1800	127.29
SI	20260720-2300	9.5
SI	20260720-1400	6.7
SI	20260720-0700	12.54
SI	20260720-0800	6.7
SI	20260720-1100	5
SI	20260720-0200	10.5
SI	20260720-1300	5.95
SI	20260720-2000	113.12
SI	20260720-1700	113.12
SI	20260720-0500	57
SI	20260720-2200	9.5
SI	20260720-0100	9.5
ES	20260720-1000	48.3
ES	20260720-0000	127.29
ES	20260720-1600	55
ES	20260720-1500	52.75
ES	20260720-1200	48.48
ES	20260720-0600	127.29
ES	20260720-1900	234.49
ES	20260720-0900	48.83
ES	20260720-0300	127.29
ES	20260720-0400	127.29
ES	20260720-1800	127.29
ES	20260720-2300	127.29
ES	20260720-1400	24.33
ES	20260720-0700	127.29
ES	20260720-0800	93.99
ES	20260720-1100	31.26
ES	20260720-0200	127.29
ES	20260720-1300	23.49
ES	20260720-2000	227.71
ES	20260720-1700	99.39
ES	20260720-0500	183.99
ES	20260720-2200	127.29
ES	20260720-0100	127.29
GR	20260720-1000	6.7
GR	20260720-0000	127.29
GR	20260720-1600	235
GR	20260720-1500	152.75
GR	20260720-1200	12.5
GR	20260720-0600	113.12
GR	20260720-1900	249.05
GR	20260720-0900	6.7
GR	20260720-0300	127.29
GR	20260720-0400	127.29
GR	20260720-1800	282.21
GR	20260720-2300	152.75
GR	20260720-1400	113.12
GR	20260720-0700	93.99
GR	20260720-0800	6.73
GR	20260720-1100	6.7
GR	20260720-0200	127.29
GR	20260720-1300	93.99
GR	20260720-2000	241.19
GR	20260720-1700	277.34
GR	20260720-0500	127.29
GR	20260720-2200	152.75
GR	20260720-0100	127.29
IT-CNORTH	20260720-1000	152.75
IT-CNORTH	20260720-0000	152.75
IT-CNORTH	20260720-1600	152.75
IT-CNORTH	20260720-1500	152.75
IT-CNORTH	20260720-1200	152.75
IT-CNORTH	20260720-0600	152.75
IT-CNORTH	20260720-1900	152.75
IT-CNORTH	20260720-0900	152.75
IT-CNORTH	20260720-0300	152.75
IT-CNORTH	20260720-0400	152.75
IT-CNORTH	20260720-1800	152.75
IT-CNORTH	20260720-2300	152.75
IT-CNORTH	20260720-1400	152.75
IT-CNORTH	20260720-0700	152.75
IT-CNORTH	20260720-0800	152.75
IT-CNORTH	20260720-1100	152.75
IT-CNORTH	20260720-0200	152.75
IT-CNORTH	20260720-1300	152.75
IT-CNORTH	20260720-2000	152.75
IT-CNORTH	20260720-1700	152.75
IT-CNORTH	20260720-0500	152.75
IT-CNORTH	20260720-2200	152.75
IT-CNORTH	20260720-0100	152.75
HU	20260720-1000	6.7
HU	20260720-0000	9.5
HU	20260720-1600	79.07
HU	20260720-1500	9.5
HU	20260720-1200	5
HU	20260720-0600	9.5
HU	20260720-1900	127.29
HU	20260720-0900	6.7
HU	20260720-0300	11.29
HU	20260720-0400	57
HU	20260720-1800	127.29
HU	20260720-2300	9.5
HU	20260720-1400	6.7
HU	20260720-0700	6.7
HU	20260720-0800	6.7
HU	20260720-1100	5
HU	20260720-0200	10.5
HU	20260720-1300	5.95
HU	20260720-2000	113.12
HU	20260720-1700	113.12
HU	20260720-0500	57
HU	20260720-2200	9.5
HU	20260720-0100	9.5
IT-SOUTH	20260720-1000	152.75
IT-SOUTH	20260720-0000	152.75
IT-SOUTH	20260720-1600	152.75
IT-SOUTH	20260720-1500	152.75
IT-SOUTH	20260720-1200	152.75
IT-SOUTH	20260720-0600	152.75
IT-SOUTH	20260720-1900	152.75
IT-SOUTH	20260720-0900	152.75
IT-SOUTH	20260720-0300	152.75
IT-SOUTH	20260720-0400	152.75
IT-SOUTH	20260720-1800	152.75
IT-SOUTH	20260720-2300	152.75
IT-SOUTH	20260720-1400	152.75
IT-SOUTH	20260720-0700	152.75
IT-SOUTH	20260720-0800	152.75
IT-SOUTH	20260720-1100	152.75
IT-SOUTH	20260720-0200	152.75
IT-SOUTH	20260720-1300	152.75
IT-SOUTH	20260720-2000	152.75
IT-SOUTH	20260720-1700	152.75
IT-SOUTH	20260720-0500	152.75
IT-SOUTH	20260720-2200	152.75
IT-SOUTH	20260720-0100	152.75
IT-Sicily	20260720-1000	152.75
IT-Sicily	20260720-0000	152.75
IT-Sicily	20260720-1600	152.75
IT-Sicily	20260720-1500	152.75
IT-Sicily	20260720-1200	152.75
IT-Sicily	20260720-0600	152.75
IT-Sicily	20260720-1900	383.33
IT-Sicily	20260720-0900	152.75
IT-Sicily	20260720-0300	152.75
IT-Sicily	20260720-0400	152.75
IT-Sicily	20260720-1800	250
IT-Sicily	20260720-2300	152.75
IT-Sicily	20260720-1400	152.75
IT-Sicily	20260720-0700	152.75
IT-Sicily	20260720-0800	152.75
IT-Sicily	20260720-1100	152.75
IT-Sicily	20260720-0200	152.75
IT-Sicily	20260720-1300	152.75
IT-Sicily	20260720-2000	225.12
IT-Sicily	20260720-1700	181.76
IT-Sicily	20260720-0500	152.75
IT-Sicily	20260720-2200	152.75
IT-Sicily	20260720-0100	152.75
IT-Sardinia	20260720-1000	152.75
IT-Sardinia	20260720-0000	152.75
IT-Sardinia	20260720-1600	152.75
IT-Sardinia	20260720-1500	152.75
IT-Sardinia	20260720-1200	127.6
IT-Sardinia	20260720-0600	152.75
IT-Sardinia	20260720-1900	152.75
IT-Sardinia	20260720-0900	131.77
IT-Sardinia	20260720-0300	152.75
IT-Sardinia	20260720-0400	152.75
IT-Sardinia	20260720-1800	152.75
IT-Sardinia	20260720-2300	152.75
IT-Sardinia	20260720-1400	132.06
IT-Sardinia	20260720-0700	152.75
IT-Sardinia	20260720-0800	144.06
IT-Sardinia	20260720-1100	141.03
IT-Sardinia	20260720-0200	152.75
IT-Sardinia	20260720-1300	127.6
IT-Sardinia	20260720-2000	152.75
IT-Sardinia	20260720-1700	152.75
IT-Sardinia	20260720-0500	152.75
IT-Sardinia	20260720-2200	152.75
IT-Sardinia	20260720-0100	152.75
RS	20260720-1000	6.7
RS	20260720-0000	113.12
RS	20260720-1600	235
RS	20260720-1500	152.75
RS	20260720-1200	12.5
RS	20260720-0600	113.12
RS	20260720-1900	249.05
RS	20260720-0900	6.7
RS	20260720-0300	127.29
RS	20260720-0400	127.29
RS	20260720-1800	241.19
RS	20260720-2300	129.47
RS	20260720-1400	113.12
RS	20260720-0700	93.99
RS	20260720-0800	6.73
RS	20260720-1100	6.7
RS	20260720-0200	120.97
RS	20260720-1300	93.99
RS	20260720-2000	241.19
RS	20260720-1700	241.19
RS	20260720-0500	127.29
RS	20260720-2200	152.75
RS	20260720-0100	113.12
DK1	20260720-1000	5.95
DK1	20260720-0000	99.49
DK1	20260720-1600	99.49
DK1	20260720-1500	79.07
DK1	20260720-1200	5.95
DK1	20260720-0600	99.49
DK1	20260720-1900	127.29
DK1	20260720-0900	6.7
DK1	20260720-0300	99.49
DK1	20260720-0400	108.99
DK1	20260720-1800	127.29
DK1	20260720-2300	113.12
DK1	20260720-1400	24.33
DK1	20260720-0700	79.07
DK1	20260720-0800	57
DK1	20260720-1100	5.95
DK1	20260720-0200	99.49
DK1	20260720-1300	5.95
DK1	20260720-2000	127.29
DK1	20260720-1700	113.12
DK1	20260720-0500	106.33
DK1	20260720-2200	113.12
DK1	20260720-0100	99.49
CH	20260720-1000	97.57
CH	20260720-0000	111.89
CH	20260720-1600	114.11
CH	20260720-1500	100.88
CH	20260720-1200	97.57
CH	20260720-0600	116.13
CH	20260720-1900	127.29
CH	20260720-0900	97.97
CH	20260720-0300	114.35
CH	20260720-0400	118.55
CH	20260720-1800	133.99
CH	20260720-2300	114.3
CH	20260720-1400	94.13
CH	20260720-0700	101.82
CH	20260720-0800	99.52
CH	20260720-1100	93.74
CH	20260720-0200	117.4
CH	20260720-1300	93.44
CH	20260720-2000	127.29
CH	20260720-1700	123.57
CH	20260720-0500	122.29
CH	20260720-2200	115.03
CH	20260720-0100	114.18
SE1	20260720-1000	72.6
SE1	20260720-0000	34.97
SE1	20260720-1600	80.68
SE1	20260720-1500	82.12
SE1	20260720-1200	75.46
SE1	20260720-0600	76.3
SE1	20260720-1900	56.16
SE1	20260720-0900	73.82
SE1	20260720-0300	41.83
SE1	20260720-0400	49.73
SE1	20260720-1800	56.74
SE1	20260720-2300	1
SE1	20260720-1400	84.48
SE1	20260720-0700	79.46
SE1	20260720-0800	73.03
SE1	20260720-1100	73.98
SE1	20260720-0200	36.87
SE1	20260720-1300	79.7
SE1	20260720-2000	46.08
SE1	20260720-1700	72.55
SE1	20260720-0500	69.47
SE1	20260720-2200	1
SE1	20260720-0100	34.97
NO4	20260720-1000	49.03
NO4	20260720-0000	42.38
NO4	20260720-1600	47.29
NO4	20260720-1500	47.91
NO4	20260720-1200	48.59
NO4	20260720-0600	50.92
NO4	20260720-1900	45.89
NO4	20260720-0900	49.6
NO4	20260720-0300	42.85
NO4	20260720-0400	44.5
NO4	20260720-1800	47.58
NO4	20260720-2300	28.14
NO4	20260720-1400	48.94
NO4	20260720-0700	51.59
NO4	20260720-0800	50.33
NO4	20260720-1100	49.23
NO4	20260720-0200	42.09
NO4	20260720-1300	48.74
NO4	20260720-2000	41.15
NO4	20260720-1700	47.35
NO4	20260720-0500	48.68
NO4	20260720-2200	31.81
NO4	20260720-0100	41.78
SE3	20260720-1000	5.95
SE3	20260720-0000	89.54
SE3	20260720-1600	89.54
SE3	20260720-1500	62.01
SE3	20260720-1200	5.95
SE3	20260720-0600	89.54
SE3	20260720-1900	108
SE3	20260720-0900	6.7
SE3	20260720-0300	89.54
SE3	20260720-0400	89.54
SE3	20260720-1800	101.81
SE3	20260720-2300	89.54
SE3	20260720-1400	23.62
SE3	20260720-0700	67.99
SE3	20260720-0800	47.02
SE3	20260720-1100	5.95
SE3	20260720-0200	89.54
SE3	20260720-1300	5.95
SE3	20260720-2000	101.81
SE3	20260720-1700	101.81
SE3	20260720-0500	89.54
SE3	20260720-2200	95.7
SE3	20260720-0100	89.54
FR	20260720-1000	48.3
FR	20260720-0000	67.83
FR	20260720-1600	55
FR	20260720-1500	52.75
FR	20260720-1200	48.48
FR	20260720-0600	82.78
FR	20260720-1900	127.29
FR	20260720-0900	48.83
FR	20260720-0300	67.26
FR	20260720-0400	67.52
FR	20260720-1800	127.29
FR	20260720-2300	80.16
FR	20260720-1400	24.33
FR	20260720-0700	74.02
FR	20260720-0800	59
FR	20260720-1100	31.26
FR	20260720-0200	68.39
FR	20260720-1300	23.49
FR	20260720-2000	127.29
FR	20260720-1700	99.39
FR	20260720-0500	89.8
FR	20260720-2200	84.85
FR	20260720-0100	68.09
FI	20260720-1000	14.46
FI	20260720-0000	9.5
FI	20260720-1600	30
FI	20260720-1500	44.34
FI	20260720-1200	13.95
FI	20260720-0600	46.15
FI	20260720-1900	12.78
FI	20260720-0900	18.23
FI	20260720-0300	10.53
FI	20260720-0400	12.91
FI	20260720-1800	13.25
FI	20260720-2300	9.5
FI	20260720-1400	12.51
FI	20260720-0700	43.38
FI	20260720-0800	36.24
FI	20260720-1100	14.65
FI	20260720-0200	9.5
FI	20260720-1300	13.58
FI	20260720-2000	10.66
FI	20260720-1700	57
FI	20260720-0500	45.18
FI	20260720-2200	10.5
FI	20260720-0100	9.5
PL	20260720-1000	64.73
PL	20260720-0000	99.49
PL	20260720-1600	99.49
PL	20260720-1500	99.49
PL	20260720-1200	64.73
PL	20260720-0600	99.49
PL	20260720-1900	99.49
PL	20260720-0900	64.73
PL	20260720-0300	99.49
PL	20260720-0400	99.49
PL	20260720-1800	113.12
PL	20260720-2300	99.49
PL	20260720-1400	99.49
PL	20260720-0700	93.99
PL	20260720-0800	79.07
PL	20260720-1100	64.73
PL	20260720-0200	99.49
PL	20260720-1300	79.07
PL	20260720-2000	99.49
PL	20260720-1700	99.49
PL	20260720-0500	99.49
PL	20260720-2200	99.49
PL	20260720-0100	99.49
IT-Calabria	20260720-1000	152.75
IT-Calabria	20260720-0000	152.75
IT-Calabria	20260720-1600	152.75
IT-Calabria	20260720-1500	152.75
IT-Calabria	20260720-1200	152.75
IT-Calabria	20260720-0600	152.75
IT-Calabria	20260720-1900	152.75
IT-Calabria	20260720-0900	152.75
IT-Calabria	20260720-0300	152.75
IT-Calabria	20260720-0400	152.75
IT-Calabria	20260720-1800	152.75
IT-Calabria	20260720-2300	152.75
IT-Calabria	20260720-1400	152.75
IT-Calabria	20260720-0700	152.75
IT-Calabria	20260720-0800	152.75
IT-Calabria	20260720-1100	152.75
IT-Calabria	20260720-0200	152.75
IT-Calabria	20260720-1300	152.75
IT-Calabria	20260720-2000	152.75
IT-Calabria	20260720-1700	152.75
IT-Calabria	20260720-0500	152.75
IT-Calabria	20260720-2200	152.75
IT-Calabria	20260720-0100	152.75
AT	20260720-1000	72.78
AT	20260720-0000	111.89
AT	20260720-1600	111.73
AT	20260720-1500	94.01
AT	20260720-1200	74.6
AT	20260720-0600	113.11
AT	20260720-1900	127.1
AT	20260720-0900	85.35
AT	20260720-0300	114.35
AT	20260720-0400	118.55
AT	20260720-1800	133.99
AT	20260720-2300	114.3
AT	20260720-1400	89.26
AT	20260720-0700	94.4
AT	20260720-0800	98.81
AT	20260720-1100	71.53
AT	20260720-0200	117.4
AT	20260720-1300	75.53
AT	20260720-2000	127.1
AT	20260720-1700	123.57
AT	20260720-0500	122.29
AT	20260720-2200	115.23
AT	20260720-0100	114.18
SE2	20260720-1000	60.92
SE2	20260720-0000	34.97
SE2	20260720-1600	59.94
SE2	20260720-1500	60.69
SE2	20260720-1200	60.55
SE2	20260720-0600	62.86
SE2	20260720-1900	57.02
SE2	20260720-0900	61.43
SE2	20260720-0300	41.83
SE2	20260720-0400	49.73
SE2	20260720-1800	58.44
SE2	20260720-2300	56.01
SE2	20260720-1400	60.32
SE2	20260720-0700	64.12
SE2	20260720-0800	63.15
SE2	20260720-1100	60.61
SE2	20260720-0200	36.87
SE2	20260720-1300	60.69
SE2	20260720-2000	57.48
SE2	20260720-1700	58.74
SE2	20260720-0500	57.13
SE2	20260720-2200	59.28
SE2	20260720-0100	34.97
IT-NORTH	20260720-1000	152.75
IT-NORTH	20260720-0000	152.75
IT-NORTH	20260720-1600	152.75
IT-NORTH	20260720-1500	152.75
IT-NORTH	20260720-1200	152.75
IT-NORTH	20260720-0600	152.75
IT-NORTH	20260720-1900	152.75
IT-NORTH	20260720-0900	152.75
IT-NORTH	20260720-0300	152.75
IT-NORTH	20260720-0400	152.75
IT-NORTH	20260720-1800	152.75
IT-NORTH	20260720-2300	152.75
IT-NORTH	20260720-1400	152.75
IT-NORTH	20260720-0700	152.75
IT-NORTH	20260720-0800	152.75
IT-NORTH	20260720-1100	152.75
IT-NORTH	20260720-0200	152.75
IT-NORTH	20260720-1300	152.75
IT-NORTH	20260720-2000	152.75
IT-NORTH	20260720-1700	152.75
IT-NORTH	20260720-0500	152.75
IT-NORTH	20260720-2200	152.75
IT-NORTH	20260720-0100	152.75
LT	20260720-1000	14.46
LT	20260720-0000	41.54
LT	20260720-1600	45.79
LT	20260720-1500	44.34
LT	20260720-1200	13.95
LT	20260720-0600	46.15
LT	20260720-1900	57.39
LT	20260720-0900	18.23
LT	20260720-0300	41.54
LT	20260720-0400	41.54
LT	20260720-1800	59.92
LT	20260720-2300	50.07
LT	20260720-1400	12.51
LT	20260720-0700	43.38
LT	20260720-0800	36.24
LT	20260720-1100	14.65
LT	20260720-0200	41.54
LT	20260720-1300	13.58
LT	20260720-2000	56.94
LT	20260720-1700	59.28
LT	20260720-0500	45.18
LT	20260720-2200	49.13
LT	20260720-0100	41.54
PT	20260720-1000	48.3
PT	20260720-0000	127.29
PT	20260720-1600	55
PT	20260720-1500	52.75
PT	20260720-1200	48.48
PT	20260720-0600	127.29
PT	20260720-1900	234.49
PT	20260720-0900	48.83
PT	20260720-0300	127.29
PT	20260720-0400	127.29
PT	20260720-1800	127.29
PT	20260720-2300	127.29
PT	20260720-1400	24.33
PT	20260720-0700	127.29
PT	20260720-0800	93.99
PT	20260720-1100	31.26
PT	20260720-0200	127.29
PT	20260720-1300	23.49
PT	20260720-2000	227.71
PT	20260720-1700	99.39
PT	20260720-0500	183.99
PT	20260720-2200	127.29
PT	20260720-0100	127.29
NO2	20260720-1000	7.31
NO2	20260720-0000	122.18
NO2	20260720-1600	122.18
NO2	20260720-1500	84.62
NO2	20260720-1200	7.31
NO2	20260720-0600	122.18
NO2	20260720-1900	133.99
NO2	20260720-0900	8.23
NO2	20260720-0300	122.18
NO2	20260720-0400	122.18
NO2	20260720-1800	133.99
NO2	20260720-2300	122.18
NO2	20260720-1400	32.24
NO2	20260720-0700	92.77
NO2	20260720-0800	64.17
NO2	20260720-1100	7.31
NO2	20260720-0200	122.18
NO2	20260720-1300	7.31
NO2	20260720-2000	133.99
NO2	20260720-1700	133.99
NO2	20260720-0500	122.18
NO2	20260720-2200	130.58
NO2	20260720-0100	122.18
LV	20260720-1000	14.46
LV	20260720-0000	41.54
LV	20260720-1600	45.79
LV	20260720-1500	44.34
LV	20260720-1200	13.95
LV	20260720-0600	46.15
LV	20260720-1900	57.39
LV	20260720-0900	18.23
LV	20260720-0300	41.54
LV	20260720-0400	41.54
LV	20260720-1800	59.92
LV	20260720-2300	50.07
LV	20260720-1400	12.51
LV	20260720-0700	43.38
LV	20260720-0800	36.24
LV	20260720-1100	14.65
LV	20260720-0200	41.54
LV	20260720-1300	13.58
LV	20260720-2000	56.94
LV	20260720-1700	59.28
LV	20260720-0500	45.18
LV	20260720-2200	49.13
LV	20260720-0100	41.54
NL	20260720-1000	93.99
NL	20260720-0000	106.33
NL	20260720-1600	99.49
NL	20260720-1500	79.07
NL	20260720-1200	6.7
NL	20260720-0600	99.49
NL	20260720-1900	106.33
NL	20260720-0900	93.99
NL	20260720-0300	106.33
NL	20260720-0400	106.33
NL	20260720-1800	106.33
NL	20260720-2300	113.12
NL	20260720-1400	64.73
NL	20260720-0700	99.49
NL	20260720-0800	99.49
NL	20260720-1100	6.7
NL	20260720-0200	99.49
NL	20260720-1300	6.7
NL	20260720-2000	106.33
NL	20260720-1700	106.33
NL	20260720-0500	106.33
NL	20260720-2200	106.33
NL	20260720-0100	99.49
NO5	20260720-1000	54.6
NO5	20260720-0000	112.45
NO5	20260720-1600	108.71
NO5	20260720-1500	75.28
NO5	20260720-1200	6.91
NO5	20260720-0600	108.71
NO5	20260720-1900	123.65
NO5	20260720-0900	55.01
NO5	20260720-0300	112.45
NO5	20260720-0400	112.45
NO5	20260720-1800	119.89
NO5	20260720-2300	112.45
NO5	20260720-1400	49.71
NO5	20260720-0700	95.62
NO5	20260720-0800	82.9
NO5	20260720-1100	6.91
NO5	20260720-0200	108.71
NO5	20260720-1300	6.91
NO5	20260720-2000	119.89
NO5	20260720-1700	119.89
NO5	20260720-0500	112.45
NO5	20260720-2200	116.18
NO5	20260720-0100	108.71
BE	20260720-1000	44.97
BE	20260720-0000	93.99
BE	20260720-1600	89.54
BE	20260720-1500	62.01
BE	20260720-1200	5.69
BE	20260720-0600	89.54
BE	20260720-1900	127.29
BE	20260720-0900	45.31
BE	20260720-0300	93.99
BE	20260720-0400	93.99
BE	20260720-1800	127.29
BE	20260720-2300	102.91
BE	20260720-1400	40.94
BE	20260720-0700	78.76
BE	20260720-0800	68.28
BE	20260720-1100	5.69
BE	20260720-0200	93.99
BE	20260720-1300	5.69
BE	20260720-2000	127.29
BE	20260720-1700	104.69
BE	20260720-0500	93.99
BE	20260720-2200	106.33
BE	20260720-0100	93.99
RO	20260720-1000	6.7
RO	20260720-0000	113.12
RO	20260720-1600	235
RO	20260720-1500	152.75
RO	20260720-1200	12.5
RO	20260720-0600	113.12
RO	20260720-1900	249.05
RO	20260720-0900	6.7
RO	20260720-0300	127.29
RO	20260720-0400	127.29
RO	20260720-1800	282.21
RO	20260720-2300	129.47
RO	20260720-1400	113.12
RO	20260720-0700	93.99
RO	20260720-0800	6.73
RO	20260720-1100	6.7
RO	20260720-0200	120.97
RO	20260720-1300	93.99
RO	20260720-2000	241.19
RO	20260720-1700	277.34
RO	20260720-0500	127.29
RO	20260720-2200	152.75
RO	20260720-0100	113.12
DK2	20260720-1000	16.2
DK2	20260720-0000	57
DK2	20260720-1600	64.73
DK2	20260720-1500	64.73
DK2	20260720-1200	16.2
DK2	20260720-0600	64.73
DK2	20260720-1900	99.49
DK2	20260720-0900	18.23
DK2	20260720-0300	57
DK2	20260720-0400	57
DK2	20260720-1800	99.49
DK2	20260720-2300	83.32
DK2	20260720-1400	30.4
DK2	20260720-0700	64.73
DK2	20260720-0800	57
DK2	20260720-1100	16.2
DK2	20260720-0200	57
DK2	20260720-1300	18.17
DK2	20260720-2000	99.49
DK2	20260720-1700	99.49
DK2	20260720-0500	63.15
DK2	20260720-2200	77.94
DK2	20260720-0100	57
BG	20260720-1000	6.7
BG	20260720-0000	113.12
BG	20260720-1600	235
BG	20260720-1500	152.75
BG	20260720-1200	12.5
BG	20260720-0600	113.12
BG	20260720-1900	249.05
BG	20260720-0900	6.7
BG	20260720-0300	127.29
BG	20260720-0400	127.29
BG	20260720-1800	282.21
BG	20260720-2300	129.47
BG	20260720-1400	113.12
BG	20260720-0700	93.99
BG	20260720-0800	6.73
BG	20260720-1100	6.7
BG	20260720-0200	120.97
BG	20260720-1300	93.99
BG	20260720-2000	241.19
BG	20260720-1700	277.34
BG	20260720-0500	127.29
BG	20260720-2200	152.75
BG	20260720-0100	113.12
IT-CSOUTH	20260720-1000	152.75
IT-CSOUTH	20260720-0000	152.75
IT-CSOUTH	20260720-1600	152.75
IT-CSOUTH	20260720-1500	152.75
IT-CSOUTH	20260720-1200	152.75
IT-CSOUTH	20260720-0600	152.75
IT-CSOUTH	20260720-1900	152.75
IT-CSOUTH	20260720-0900	152.75
IT-CSOUTH	20260720-0300	152.75
IT-CSOUTH	20260720-0400	152.75
IT-CSOUTH	20260720-1800	152.75
IT-CSOUTH	20260720-2300	152.75
IT-CSOUTH	20260720-1400	152.75
IT-CSOUTH	20260720-0700	152.75
IT-CSOUTH	20260720-0800	152.75
IT-CSOUTH	20260720-1100	152.75
IT-CSOUTH	20260720-0200	152.75
IT-CSOUTH	20260720-1300	152.75
IT-CSOUTH	20260720-2000	152.75
IT-CSOUTH	20260720-1700	152.75
IT-CSOUTH	20260720-0500	152.75
IT-CSOUTH	20260720-2200	152.75
IT-CSOUTH	20260720-0100	152.75
CZ	20260720-1000	16.09
CZ	20260720-0000	99.49
CZ	20260720-1600	99.49
CZ	20260720-1500	93.99
CZ	20260720-1200	16.02
CZ	20260720-0600	99.49
CZ	20260720-1900	113.12
CZ	20260720-0900	57
CZ	20260720-0300	79.07
CZ	20260720-0400	99.49
CZ	20260720-1800	113.12
CZ	20260720-2300	99.49
CZ	20260720-1400	24.33
CZ	20260720-0700	79.07
CZ	20260720-0800	57
CZ	20260720-1100	57
CZ	20260720-0200	96
CZ	20260720-1300	57
CZ	20260720-2000	113.12
CZ	20260720-1700	113.12
CZ	20260720-0500	99.49
CZ	20260720-2200	99.49
CZ	20260720-0100	99.49
NO3	20260720-1000	56.3
NO3	20260720-0000	115.96
NO3	20260720-1600	112.1
NO3	20260720-1500	77.63
NO3	20260720-1200	7.13
NO3	20260720-0600	112.1
NO3	20260720-1900	127.51
NO3	20260720-0900	56.73
NO3	20260720-0300	115.96
NO3	20260720-0400	115.96
NO3	20260720-1800	123.63
NO3	20260720-2300	115.96
NO3	20260720-1400	51.26
NO3	20260720-0700	98.61
NO3	20260720-0800	85.49
NO3	20260720-1100	7.13
NO3	20260720-0200	112.1
NO3	20260720-1300	7.13
NO3	20260720-2000	123.63
NO3	20260720-1700	123.63
NO3	20260720-0500	115.96
NO3	20260720-2200	119.81
NO3	20260720-0100	112.1
NO1	20260720-1000	49.93
NO1	20260720-0000	102.82
NO1	20260720-1600	99.41
NO1	20260720-1500	68.84
NO1	20260720-1200	6.32
NO1	20260720-0600	99.41
NO1	20260720-1900	113.07
NO1	20260720-0900	50.3
NO1	20260720-0300	102.82
NO1	20260720-0400	102.82
NO1	20260720-1800	109.63
NO1	20260720-2300	102.82
NO1	20260720-1400	40.94
NO1	20260720-0700	87.44
NO1	20260720-0800	75.81
NO1	20260720-1100	6.32
NO1	20260720-0200	99.41
NO1	20260720-1300	6.32
NO1	20260720-2000	109.63
NO1	20260720-1700	109.63
NO1	20260720-0500	102.82
NO1	20260720-2200	106.24
NO1	20260720-0100	99.41
DE_LU	20260720-1000	5.95
DE_LU	20260720-0000	99.49
DE_LU	20260720-1600	99.49
DE_LU	20260720-1500	79.07
DE_LU	20260720-1200	5.95
DE_LU	20260720-0600	99.49
DE_LU	20260720-1900	127.29
DE_LU	20260720-0900	6.7
DE_LU	20260720-0300	99.49
DE_LU	20260720-0400	108.99
DE_LU	20260720-1800	127.29
DE_LU	20260720-2300	113.12
DE_LU	20260720-1400	24.33
DE_LU	20260720-0700	79.07
DE_LU	20260720-0800	57
DE_LU	20260720-1100	5.95
DE_LU	20260720-0200	99.49
DE_LU	20260720-1300	5.95
DE_LU	20260720-2000	127.29
DE_LU	20260720-1700	113.12
DE_LU	20260720-0500	106.33
DE_LU	20260720-2200	113.12
DE_LU	20260720-0100	99.49
SK	20260720-1000	44.97
SK	20260720-0000	92.62
SK	20260720-1600	89.54
SK	20260720-1500	62.01
SK	20260720-1200	5.69
SK	20260720-0600	89.54
SK	20260720-1900	101.85
SK	20260720-0900	45.31
SK	20260720-0300	92.62
SK	20260720-0400	92.62
SK	20260720-1800	109.72
SK	20260720-2300	92.62
SK	20260720-1400	40.94
SK	20260720-0700	78.76
SK	20260720-0800	68.28
SK	20260720-1100	5.69
SK	20260720-0200	89.54
SK	20260720-1300	5.69
SK	20260720-2000	98.75
SK	20260720-1700	98.75
SK	20260720-0500	92.62
SK	20260720-2200	95.7
SK	20260720-0100	89.54
EE	20260720-1000	14.46
EE	20260720-0000	41.54
EE	20260720-1600	45.79
EE	20260720-1500	44.34
EE	20260720-1200	13.95
EE	20260720-0600	46.15
EE	20260720-1900	57.39
EE	20260720-0900	18.23
EE	20260720-0300	41.54
EE	20260720-0400	41.54
EE	20260720-1800	59.92
EE	20260720-2300	9.5
EE	20260720-1400	12.51
EE	20260720-0700	43.38
EE	20260720-0800	36.24
EE	20260720-1100	14.65
EE	20260720-0200	41.54
EE	20260720-1300	13.58
EE	20260720-2000	56.94
EE	20260720-1700	57
EE	20260720-0500	45.18
EE	20260720-2200	10.5
EE	20260720-0100	41.54
SE4	20260720-1000	16.2
SE4	20260720-0000	41.54
SE4	20260720-1600	45.79
SE4	20260720-1500	44.34
SE4	20260720-1200	16.2
SE4	20260720-0600	46.15
SE4	20260720-1900	57.39
SE4	20260720-0900	18.23
SE4	20260720-0300	41.54
SE4	20260720-0400	41.54
SE4	20260720-1800	59.92
SE4	20260720-2300	50.07
SE4	20260720-1400	30.4
SE4	20260720-0700	43.38
SE4	20260720-0800	36.24
SE4	20260720-1100	16.2
SE4	20260720-0200	41.54
SE4	20260720-1300	18.17
SE4	20260720-2000	56.94
SE4	20260720-1700	59.28
SE4	20260720-0500	45.18
SE4	20260720-2200	49.13
SE4	20260720-0100	41.54
SI	20260721-0800	91.98
SI	20260721-0300	9.5
SI	20260721-1800	125.47
SI	20260721-0200	9.5
SI	20260721-2000	130.84
SI	20260721-0500	9.5
SI	20260721-2100	97.72
SI	20260721-0000	6.89
SI	20260721-1400	9.5
SI	20260721-0100	6.89
SI	20260721-0700	92.62
SI	20260721-2200	97.72
SI	20260721-1000	9.5
SI	20260721-1300	6.89
SI	20260721-1100	6.89
SI	20260721-1900	117.26
SI	20260721-0600	92.62
SI	20260721-1500	14.19
SI	20260721-0400	12.52
SI	20260721-0900	92.62
SI	20260721-1200	5
SI	20260721-1700	157.01
SI	20260721-1600	157.01
SI	20260721-2300	9.5
ES	20260721-0800	97.72
ES	20260721-0300	130.84
ES	20260721-1800	213.88
ES	20260721-0200	130.84
ES	20260721-2000	233.68
ES	20260721-0500	187.4
ES	20260721-2100	216.78
ES	20260721-0000	130.84
ES	20260721-1400	53.24
ES	20260721-0100	130.84
ES	20260721-0700	130.84
ES	20260721-2200	205.37
ES	20260721-1000	51.09
ES	20260721-1300	50.49
ES	20260721-1100	50.03
ES	20260721-1900	241.02
ES	20260721-0600	130.84
ES	20260721-1500	53.84
ES	20260721-0400	130.84
ES	20260721-0900	57
ES	20260721-1200	50.28
ES	20260721-1700	130.84
ES	20260721-1600	67.32
ES	20260721-2300	130.84
GR	20260721-0800	16
GR	20260721-0300	130.84
GR	20260721-1800	276.59
GR	20260721-0200	130.84
GR	20260721-2000	247.9
GR	20260721-0500	130.84
GR	20260721-2100	213.94
GR	20260721-0000	130.84
GR	20260721-1400	130.84
GR	20260721-0100	130.84
GR	20260721-0700	97.72
GR	20260721-2200	157.01
GR	20260721-1000	9.5
GR	20260721-1300	117.26
GR	20260721-1100	16.01
GR	20260721-1900	285.17
GR	20260721-0600	130.84
GR	20260721-1500	165.71
GR	20260721-0400	151.89
GR	20260721-0900	9.5
GR	20260721-1200	97.72
GR	20260721-1700	257.46
GR	20260721-1600	247.9
GR	20260721-2300	130.84
IT-CNORTH	20260721-0800	157.01
IT-CNORTH	20260721-0300	157.01
IT-CNORTH	20260721-1800	157.01
IT-CNORTH	20260721-0200	157.01
IT-CNORTH	20260721-2000	157.01
IT-CNORTH	20260721-0500	157.01
IT-CNORTH	20260721-2100	157.01
IT-CNORTH	20260721-0000	157.01
IT-CNORTH	20260721-1400	157.01
IT-CNORTH	20260721-0100	157.01
IT-CNORTH	20260721-0700	157.01
IT-CNORTH	20260721-2200	157.01
IT-CNORTH	20260721-1000	157.01
IT-CNORTH	20260721-1300	157.01
IT-CNORTH	20260721-1100	157.01
IT-CNORTH	20260721-1900	157.01
IT-CNORTH	20260721-0600	157.01
IT-CNORTH	20260721-1500	157.01
IT-CNORTH	20260721-0400	157.01
IT-CNORTH	20260721-0900	157.01
IT-CNORTH	20260721-1200	157.01
IT-CNORTH	20260721-1700	157.01
IT-CNORTH	20260721-1600	157.01
IT-CNORTH	20260721-2300	157.01
HU	20260721-0800	3
HU	20260721-0300	12.29
HU	20260721-1800	117.26
HU	20260721-0200	9.5
HU	20260721-2000	107.55
HU	20260721-0500	9.5
HU	20260721-2100	97.72
HU	20260721-0000	9.5
HU	20260721-1400	6.89
HU	20260721-0100	9.5
HU	20260721-0700	5
HU	20260721-2200	97.72
HU	20260721-1000	5
HU	20260721-1300	6.89
HU	20260721-1100	5
HU	20260721-1900	117.26
HU	20260721-0600	6.89
HU	20260721-1500	9.5
HU	20260721-0400	12.52
HU	20260721-0900	5
HU	20260721-1200	5
HU	20260721-1700	107.55
HU	20260721-1600	97.72
HU	20260721-2300	97.72
IT-SOUTH	20260721-0800	157.01
IT-SOUTH	20260721-0300	157.01
IT-SOUTH	20260721-1800	157.01
IT-SOUTH	20260721-0200	157.01
IT-SOUTH	20260721-2000	157.01
IT-SOUTH	20260721-0500	157.01
IT-SOUTH	20260721-2100	157.01
IT-SOUTH	20260721-0000	157.01
IT-SOUTH	20260721-1400	157.01
IT-SOUTH	20260721-0100	157.01
IT-SOUTH	20260721-0700	157.01
IT-SOUTH	20260721-2200	157.01
IT-SOUTH	20260721-1000	157.01
IT-SOUTH	20260721-1300	157.01
IT-SOUTH	20260721-1100	157.01
IT-SOUTH	20260721-1900	157.01
IT-SOUTH	20260721-0600	157.01
IT-SOUTH	20260721-1500	157.01
IT-SOUTH	20260721-0400	157.01
IT-SOUTH	20260721-0900	157.01
IT-SOUTH	20260721-1200	157.01
IT-SOUTH	20260721-1700	157.01
IT-SOUTH	20260721-1600	157.01
IT-SOUTH	20260721-2300	157.01
IT-Sicily	20260721-0800	157.01
IT-Sicily	20260721-0300	157.01
IT-Sicily	20260721-1800	395.93
IT-Sicily	20260721-0200	157.01
IT-Sicily	20260721-2000	225.46
IT-Sicily	20260721-0500	157.01
IT-Sicily	20260721-2100	184.75
IT-Sicily	20260721-0000	157.01
IT-Sicily	20260721-1400	157.01
IT-Sicily	20260721-0100	157.01
IT-Sicily	20260721-0700	157.01
IT-Sicily	20260721-2200	157.01
IT-Sicily	20260721-1000	157.01
IT-Sicily	20260721-1300	157.01
IT-Sicily	20260721-1100	157.01
IT-Sicily	20260721-1900	357.85
IT-Sicily	20260721-0600	157.01
IT-Sicily	20260721-1500	157.01
IT-Sicily	20260721-0400	157.01
IT-Sicily	20260721-0900	157.01
IT-Sicily	20260721-1200	157.01
IT-Sicily	20260721-1700	231.19
IT-Sicily	20260721-1600	157.01
IT-Sicily	20260721-2300	157.01
IT-Sardinia	20260721-0800	149.09
IT-Sardinia	20260721-0300	157.01
IT-Sardinia	20260721-1800	157.01
IT-Sardinia	20260721-0200	157.01
IT-Sardinia	20260721-2000	157.01
IT-Sardinia	20260721-0500	157.01
IT-Sardinia	20260721-2100	157.01
IT-Sardinia	20260721-0000	157.01
IT-Sardinia	20260721-1400	146.88
IT-Sardinia	20260721-0100	157.01
IT-Sardinia	20260721-0700	157.01
IT-Sardinia	20260721-2200	157.01
IT-Sardinia	20260721-1000	157.01
IT-Sardinia	20260721-1300	134.37
IT-Sardinia	20260721-1100	134.37
IT-Sardinia	20260721-1900	157.01
IT-Sardinia	20260721-0600	157.01
IT-Sardinia	20260721-1500	157.01
IT-Sardinia	20260721-0400	157.01
IT-Sardinia	20260721-0900	142.79
IT-Sardinia	20260721-1200	129.06
IT-Sardinia	20260721-1700	157.01
IT-Sardinia	20260721-1600	157.01
IT-Sardinia	20260721-2300	157.01
RS	20260721-0800	16
RS	20260721-0300	130.84
RS	20260721-1800	250.19
RS	20260721-0200	130.84
RS	20260721-2000	247.9
RS	20260721-0500	130.84
RS	20260721-2100	213.94
RS	20260721-0000	130.84
RS	20260721-1400	130.84
RS	20260721-0100	130.38
RS	20260721-0700	97.72
RS	20260721-2200	157.01
RS	20260721-1000	9.5
RS	20260721-1300	117.26
RS	20260721-1100	16.01
RS	20260721-1900	285.17
RS	20260721-0600	130.84
RS	20260721-1500	165.71
RS	20260721-0400	151.89
RS	20260721-0900	9.5
RS	20260721-1200	97.72
RS	20260721-1700	257.46
RS	20260721-1600	247.9
RS	20260721-2300	130.84
DK1	20260721-0800	83.43
DK1	20260721-0300	122.65
DK1	20260721-1800	107.55
DK1	20260721-0200	117.26
DK1	20260721-2000	107.55
DK1	20260721-0500	130.84
DK1	20260721-2100	107.55
DK1	20260721-0000	112.57
DK1	20260721-1400	64.17
DK1	20260721-0100	117.26
DK1	20260721-0700	102.48
DK1	20260721-2200	107.55
DK1	20260721-1000	28.34
DK1	20260721-1300	26.25
DK1	20260721-1100	6.89
DK1	20260721-1900	107.55
DK1	20260721-0600	117.26
DK1	20260721-1500	94.35
DK1	20260721-0400	130.84
DK1	20260721-0900	67.87
DK1	20260721-1200	6.89
DK1	20260721-1700	107.55
DK1	20260721-1600	102.48
DK1	20260721-2300	107.55
CH	20260721-0800	90.97
CH	20260721-0300	122.65
CH	20260721-1800	137.72
CH	20260721-0200	117.26
CH	20260721-2000	136.36
CH	20260721-0500	130.84
CH	20260721-2100	136.36
CH	20260721-0000	112.57
CH	20260721-1400	91.33
CH	20260721-0100	117.26
CH	20260721-0700	102.72
CH	20260721-2200	117.26
CH	20260721-1000	78.84
CH	20260721-1300	69.92
CH	20260721-1100	73.62
CH	20260721-1900	137.72
CH	20260721-0600	117.51
CH	20260721-1500	94.35
CH	20260721-0400	136.36
CH	20260721-0900	91
CH	20260721-1200	73.62
CH	20260721-1700	136.36
CH	20260721-1600	113.83
CH	20260721-2300	114.41
SE1	20260721-0800	1
SE1	20260721-0300	1
SE1	20260721-1800	52.45
SE1	20260721-0200	1
SE1	20260721-2000	43.12
SE1	20260721-0500	1
SE1	20260721-2100	41.44
SE1	20260721-0000	1
SE1	20260721-1400	1
SE1	20260721-0100	1
SE1	20260721-0700	1
SE1	20260721-2200	35.95
SE1	20260721-1000	1
SE1	20260721-1300	1
SE1	20260721-1100	1
SE1	20260721-1900	46.8
SE1	20260721-0600	1
SE1	20260721-1500	1
SE1	20260721-0400	1
SE1	20260721-0900	1
SE1	20260721-1200	1
SE1	20260721-1700	56.08
SE1	20260721-1600	1
SE1	20260721-2300	1
NO4	20260721-0800	38.33
NO4	20260721-0300	28.92
NO4	20260721-1800	50.62
NO4	20260721-0200	30.42
NO4	20260721-2000	52.92
NO4	20260721-0500	34.01
NO4	20260721-2100	53.02
NO4	20260721-0000	42.03
NO4	20260721-1400	42.05
NO4	20260721-0100	38.69
NO4	20260721-0700	38.55
NO4	20260721-2200	50.59
NO4	20260721-1000	38.4
NO4	20260721-1300	39.51
NO4	20260721-1100	39.69
NO4	20260721-1900	52
NO4	20260721-0600	37.7
NO4	20260721-1500	41.51
NO4	20260721-0400	31.08
NO4	20260721-0900	38.26
NO4	20260721-1200	38.97
NO4	20260721-1700	48.89
NO4	20260721-1600	45.73
NO4	20260721-2300	50.07
SE3	20260721-0800	56.7
SE3	20260721-0300	105.53
SE3	20260721-1800	96.8
SE3	20260721-0200	96.8
SE3	20260721-2000	96.8
SE3	20260721-0500	105.53
SE3	20260721-2100	96.8
SE3	20260721-0000	92.23
SE3	20260721-1400	57.75
SE3	20260721-0100	96.8
SE3	20260721-0700	87.95
SE3	20260721-2200	96.8
SE3	20260721-1000	23.75
SE3	20260721-1300	23.75
SE3	20260721-1100	6.89
SE3	20260721-1900	96.8
SE3	20260721-0600	96.8
SE3	20260721-1500	65.72
SE3	20260721-0400	105.53
SE3	20260721-0900	56.8
SE3	20260721-1200	6.89
SE3	20260721-1700	96.8
SE3	20260721-1600	92.23
SE3	20260721-2300	92.23
FR	20260721-0800	60.75
FR	20260721-0300	72.84
FR	20260721-1800	151.23
FR	20260721-0200	71.73
FR	20260721-2000	136.36
FR	20260721-0500	95.7
FR	20260721-2100	157.01
FR	20260721-0000	71.14
FR	20260721-1400	53.24
FR	20260721-0100	71.73
FR	20260721-0700	79.56
FR	20260721-2200	117.26
FR	20260721-1000	51.09
FR	20260721-1300	50.49
FR	20260721-1100	50.03
FR	20260721-1900	137.72
FR	20260721-0600	97.72
FR	20260721-1500	53.84
FR	20260721-0400	81.46
FR	20260721-0900	53.55
FR	20260721-1200	50.28
FR	20260721-1700	114.96
FR	20260721-1600	67.32
FR	20260721-2300	101.46
FI	20260721-0800	38.96
FI	20260721-0300	10.5
FI	20260721-1800	57
FI	20260721-0200	10.5
FI	20260721-2000	30
FI	20260721-0500	31.91
FI	20260721-2100	12.62
FI	20260721-0000	10.5
FI	20260721-1400	45.44
FI	20260721-0100	9.5
FI	20260721-0700	38.81
FI	20260721-2200	10.5
FI	20260721-1000	28.34
FI	20260721-1300	28.34
FI	20260721-1100	19.47
FI	20260721-1900	57
FI	20260721-0600	31.56
FI	20260721-1500	78.52
FI	20260721-0400	16.1
FI	20260721-0900	36.21
FI	20260721-1200	20.33
FI	20260721-1700	85.5
FI	20260721-1600	87.92
FI	20260721-2300	10.5
PL	20260721-0800	67.87
PL	20260721-0300	97.72
PL	20260721-1800	102.48
PL	20260721-0200	83.43
PL	20260721-2000	102.48
PL	20260721-0500	102.48
PL	20260721-2100	102.48
PL	20260721-0000	83.43
PL	20260721-1400	67.87
PL	20260721-0100	83.43
PL	20260721-0700	83.43
PL	20260721-2200	102.48
PL	20260721-1000	67.87
PL	20260721-1300	67.87
PL	20260721-1100	67.87
PL	20260721-1900	102.48
PL	20260721-0600	102.48
PL	20260721-1500	94.35
PL	20260721-0400	102.48
PL	20260721-0900	67.87
PL	20260721-1200	57
PL	20260721-1700	102.48
PL	20260721-1600	102.48
PL	20260721-2300	102.48
IT-Calabria	20260721-0800	157.01
IT-Calabria	20260721-0300	157.01
IT-Calabria	20260721-1800	157.01
IT-Calabria	20260721-0200	157.01
IT-Calabria	20260721-2000	157.01
IT-Calabria	20260721-0500	157.01
IT-Calabria	20260721-2100	157.01
IT-Calabria	20260721-0000	157.01
IT-Calabria	20260721-1400	157.01
IT-Calabria	20260721-0100	157.01
IT-Calabria	20260721-0700	157.01
IT-Calabria	20260721-2200	157.01
IT-Calabria	20260721-1000	157.01
IT-Calabria	20260721-1300	157.01
IT-Calabria	20260721-1100	157.01
IT-Calabria	20260721-1900	157.01
IT-Calabria	20260721-0600	157.01
IT-Calabria	20260721-1500	157.01
IT-Calabria	20260721-0400	157.01
IT-Calabria	20260721-0900	157.01
IT-Calabria	20260721-1200	157.01
IT-Calabria	20260721-1700	157.01
IT-Calabria	20260721-1600	157.01
IT-Calabria	20260721-2300	157.01
AT	20260721-0800	86.74
AT	20260721-0300	123.96
AT	20260721-1800	137.72
AT	20260721-0200	117.26
AT	20260721-2000	136.36
AT	20260721-0500	136.36
AT	20260721-2100	136.36
AT	20260721-0000	112.57
AT	20260721-1400	91.33
AT	20260721-0100	117.26
AT	20260721-0700	107.72
AT	20260721-2200	117.26
AT	20260721-1000	76.09
AT	20260721-1300	69.92
AT	20260721-1100	71.13
AT	20260721-1900	137.72
AT	20260721-0600	127.48
AT	20260721-1500	94.35
AT	20260721-0400	136.36
AT	20260721-0900	86.84
AT	20260721-1200	73.62
AT	20260721-1700	136.36
AT	20260721-1600	113.83
AT	20260721-2300	114.41
SE2	20260721-0800	65.09
SE2	20260721-0300	49.62
SE2	20260721-1800	52.45
SE2	20260721-0200	48.72
SE2	20260721-2000	43.12
SE2	20260721-0500	60.28
SE2	20260721-2100	41.44
SE2	20260721-0000	53.41
SE2	20260721-1400	62.8
SE2	20260721-0100	50.47
SE2	20260721-0700	65.9
SE2	20260721-2200	35.95
SE2	20260721-1000	63.39
SE2	20260721-1300	62.71
SE2	20260721-1100	62.75
SE2	20260721-1900	46.8
SE2	20260721-0600	64.66
SE2	20260721-1500	62.48
SE2	20260721-0400	53.9
SE2	20260721-0900	63.96
SE2	20260721-1200	62.58
SE2	20260721-1700	56.08
SE2	20260721-1600	60.22
SE2	20260721-2300	1
IT-NORTH	20260721-0800	157.01
IT-NORTH	20260721-0300	157.01
IT-NORTH	20260721-1800	157.01
IT-NORTH	20260721-0200	157.01
IT-NORTH	20260721-2000	157.01
IT-NORTH	20260721-0500	157.01
IT-NORTH	20260721-2100	157.01
IT-NORTH	20260721-0000	157.01
IT-NORTH	20260721-1400	157.01
IT-NORTH	20260721-0100	157.01
IT-NORTH	20260721-0700	157.01
IT-NORTH	20260721-2200	157.01
IT-NORTH	20260721-1000	157.01
IT-NORTH	20260721-1300	157.01
IT-NORTH	20260721-1100	157.01
IT-NORTH	20260721-1900	157.01
IT-NORTH	20260721-0600	157.01
IT-NORTH	20260721-1500	157.01
IT-NORTH	20260721-0400	157.01
IT-NORTH	20260721-0900	157.01
IT-NORTH	20260721-1200	157.01
IT-NORTH	20260721-1700	157.01
IT-NORTH	20260721-1600	157.01
IT-NORTH	20260721-2300	157.01
LT	20260721-0800	38.96
LT	20260721-0300	40.13
LT	20260721-1800	97.72
LT	20260721-0200	36.9
LT	20260721-2000	46.31
LT	20260721-0500	31.91
LT	20260721-2100	40.88
LT	20260721-0000	44.42
LT	20260721-1400	45.44
LT	20260721-0100	40.95
LT	20260721-0700	38.81
LT	20260721-2200	40.88
LT	20260721-1000	28.34
LT	20260721-1300	28.34
LT	20260721-1100	19.47
LT	20260721-1900	62.52
LT	20260721-0600	31.56
LT	20260721-1500	78.52
LT	20260721-0400	40.88
LT	20260721-0900	36.21
LT	20260721-1200	20.33
LT	20260721-1700	102.48
LT	20260721-1600	87.92
LT	20260721-2300	39.91
PT	20260721-0800	97.72
PT	20260721-0300	130.84
PT	20260721-1800	213.88
PT	20260721-0200	130.84
PT	20260721-2000	233.68
PT	20260721-0500	187.4
PT	20260721-2100	216.78
PT	20260721-0000	130.84
PT	20260721-1400	53.24
PT	20260721-0100	130.84
PT	20260721-0700	130.84
PT	20260721-2200	205.37
PT	20260721-1000	51.09
PT	20260721-1300	50.49
PT	20260721-1100	50.03
PT	20260721-1900	241.02
PT	20260721-0600	130.84
PT	20260721-1500	53.84
PT	20260721-0400	130.84
PT	20260721-0900	57
PT	20260721-1200	50.28
PT	20260721-1700	130.84
PT	20260721-1600	67.32
PT	20260721-2300	130.84
NO2	20260721-0800	77.37
NO2	20260721-0300	137.72
NO2	20260721-1800	137.72
NO2	20260721-0200	132.08
NO2	20260721-2000	137.72
NO2	20260721-0500	137.72
NO2	20260721-2100	137.72
NO2	20260721-0000	125.86
NO2	20260721-1400	78.81
NO2	20260721-0100	132.08
NO2	20260721-0700	120.01
NO2	20260721-2200	132.08
NO2	20260721-1000	29.17
NO2	20260721-1300	29.17
NO2	20260721-1100	8.46
NO2	20260721-1900	137.72
NO2	20260721-0600	132.08
NO2	20260721-1500	89.68
NO2	20260721-0400	137.72
NO2	20260721-0900	77.51
NO2	20260721-1200	8.46
NO2	20260721-1700	137.72
NO2	20260721-1600	125.86
NO2	20260721-2300	125.86
LV	20260721-0800	38.96
LV	20260721-0300	40.13
LV	20260721-1800	97.72
LV	20260721-0200	36.9
LV	20260721-2000	46.31
LV	20260721-0500	31.91
LV	20260721-2100	40.88
LV	20260721-0000	44.42
LV	20260721-1400	45.44
LV	20260721-0100	40.95
LV	20260721-0700	38.81
LV	20260721-2200	40.88
LV	20260721-1000	28.34
LV	20260721-1300	28.34
LV	20260721-1100	19.47
LV	20260721-1900	62.52
LV	20260721-0600	31.56
LV	20260721-1500	78.52
LV	20260721-0400	40.88
LV	20260721-0900	36.21
LV	20260721-1200	20.33
LV	20260721-1700	102.48
LV	20260721-1600	87.92
LV	20260721-2300	39.91
NL	20260721-0800	97.72
NL	20260721-0300	107.55
NL	20260721-1800	107.55
NL	20260721-0200	107.55
NL	20260721-2000	107.55
NL	20260721-0500	107.55
NL	20260721-2100	107.55
NL	20260721-0000	112.57
NL	20260721-1400	64.17
NL	20260721-0100	107.55
NL	20260721-0700	102.48
NL	20260721-2200	107.55
NL	20260721-1000	28.34
NL	20260721-1300	26.25
NL	20260721-1100	6.89
NL	20260721-1900	107.55
NL	20260721-0600	117.26
NL	20260721-1500	94.35
NL	20260721-0400	107.55
NL	20260721-0900	67.87
NL	20260721-1200	6.89
NL	20260721-1700	107.55
NL	20260721-1600	102.48
NL	20260721-2300	107.55
NO5	20260721-0800	87.81
NO5	20260721-0300	122.82
NO5	20260721-1800	130.24
NO5	20260721-0200	117.52
NO5	20260721-2000	122.82
NO5	20260721-0500	122.82
NO5	20260721-2100	122.82
NO5	20260721-0000	114.75
NO5	20260721-1400	70.12
NO5	20260721-0100	117.52
NO5	20260721-0700	109.38
NO5	20260721-2200	117.52
NO5	20260721-1000	25.95
NO5	20260721-1300	25.95
NO5	20260721-1100	7.53
NO5	20260721-1900	130.24
NO5	20260721-0600	117.52
NO5	20260721-1500	79.79
NO5	20260721-0400	122.82
NO5	20260721-0900	68.96
NO5	20260721-1200	7.53
NO5	20260721-1700	122.82
NO5	20260721-1600	111.98
NO5	20260721-2300	114.75
BE	20260721-0800	72.32
BE	20260721-0300	101.16
BE	20260721-1800	130.84
BE	20260721-0200	97.72
BE	20260721-2000	130.84
BE	20260721-0500	101.16
BE	20260721-2100	130.84
BE	20260721-0000	105.02
BE	20260721-1400	57.75
BE	20260721-0100	97.72
BE	20260721-0700	90.09
BE	20260721-2200	111.68
BE	20260721-1000	21.38
BE	20260721-1300	6.89
BE	20260721-1100	6.2
BE	20260721-1900	130.84
BE	20260721-0600	96.99
BE	20260721-1500	65.72
BE	20260721-0400	101.16
BE	20260721-0900	56.8
BE	20260721-1200	6.2
BE	20260721-1700	112.4
BE	20260721-1600	92.23
BE	20260721-2300	105.02
RO	20260721-0800	16
RO	20260721-0300	130.84
RO	20260721-1800	250.19
RO	20260721-0200	130.84
RO	20260721-2000	247.9
RO	20260721-0500	130.84
RO	20260721-2100	213.94
RO	20260721-0000	130.84
RO	20260721-1400	130.84
RO	20260721-0100	130.38
RO	20260721-0700	97.72
RO	20260721-2200	157.01
RO	20260721-1000	9.5
RO	20260721-1300	117.26
RO	20260721-1100	16.01
RO	20260721-1900	285.17
RO	20260721-0600	130.84
RO	20260721-1500	165.71
RO	20260721-0400	151.89
RO	20260721-0900	9.5
RO	20260721-1200	97.72
RO	20260721-1700	257.46
RO	20260721-1600	247.9
RO	20260721-2300	130.84
DK2	20260721-0800	67.87
DK2	20260721-0300	57
DK2	20260721-1800	102.48
DK2	20260721-0200	57
DK2	20260721-2000	67.87
DK2	20260721-0500	31.91
DK2	20260721-2100	57
DK2	20260721-0000	77.22
DK2	20260721-1400	63.54
DK2	20260721-0100	67.87
DK2	20260721-0700	57
DK2	20260721-2200	57
DK2	20260721-1000	28.34
DK2	20260721-1300	28.34
DK2	20260721-1100	19.47
DK2	20260721-1900	67.87
DK2	20260721-0600	31.56
DK2	20260721-1500	78.52
DK2	20260721-0400	57
DK2	20260721-0900	57
DK2	20260721-1200	20.33
DK2	20260721-1700	102.48
DK2	20260721-1600	87.92
DK2	20260721-2300	57
BG	20260721-0800	16
BG	20260721-0300	130.84
BG	20260721-1800	250.19
BG	20260721-0200	130.84
BG	20260721-2000	247.9
BG	20260721-0500	130.84
BG	20260721-2100	213.94
BG	20260721-0000	130.84
BG	20260721-1400	130.84
BG	20260721-0100	130.38
BG	20260721-0700	97.72
BG	20260721-2200	157.01
BG	20260721-1000	9.5
BG	20260721-1300	117.26
BG	20260721-1100	16.01
BG	20260721-1900	285.17
BG	20260721-0600	130.84
BG	20260721-1500	165.71
BG	20260721-0400	151.89
BG	20260721-0900	9.5
BG	20260721-1200	97.72
BG	20260721-1700	257.46
BG	20260721-1600	247.9
BG	20260721-2300	130.84
IT-CSOUTH	20260721-0800	157.01
IT-CSOUTH	20260721-0300	157.01
IT-CSOUTH	20260721-1800	157.01
IT-CSOUTH	20260721-0200	157.01
IT-CSOUTH	20260721-2000	157.01
IT-CSOUTH	20260721-0500	157.01
IT-CSOUTH	20260721-2100	157.01
IT-CSOUTH	20260721-0000	157.01
IT-CSOUTH	20260721-1400	157.01
IT-CSOUTH	20260721-0100	157.01
IT-CSOUTH	20260721-0700	157.01
IT-CSOUTH	20260721-2200	157.01
IT-CSOUTH	20260721-1000	157.01
IT-CSOUTH	20260721-1300	157.01
IT-CSOUTH	20260721-1100	157.01
IT-CSOUTH	20260721-1900	157.01
IT-CSOUTH	20260721-0600	157.01
IT-CSOUTH	20260721-1500	157.01
IT-CSOUTH	20260721-0400	157.01
IT-CSOUTH	20260721-0900	157.01
IT-CSOUTH	20260721-1200	157.01
IT-CSOUTH	20260721-1700	157.01
IT-CSOUTH	20260721-1600	157.01
IT-CSOUTH	20260721-2300	157.01
CZ	20260721-0800	67.87
CZ	20260721-0300	97.72
CZ	20260721-1800	117.26
CZ	20260721-0200	83.43
CZ	20260721-2000	117.26
CZ	20260721-0500	117.26
CZ	20260721-2100	98.35
CZ	20260721-0000	83.43
CZ	20260721-1400	64.17
CZ	20260721-0100	83.43
CZ	20260721-0700	83.43
CZ	20260721-2200	102.48
CZ	20260721-1000	57
CZ	20260721-1300	63.39
CZ	20260721-1100	67.87
CZ	20260721-1900	117.26
CZ	20260721-0600	102.48
CZ	20260721-1500	94.35
CZ	20260721-0400	117.26
CZ	20260721-0900	67.87
CZ	20260721-1200	57
CZ	20260721-1700	117.26
CZ	20260721-1600	102.48
CZ	20260721-2300	102.48
NO3	20260721-0800	90.55
NO3	20260721-0300	126.65
NO3	20260721-1800	134.31
NO3	20260721-0200	121.18
NO3	20260721-2000	126.65
NO3	20260721-0500	126.65
NO3	20260721-2100	126.65
NO3	20260721-0000	118.33
NO3	20260721-1400	72.3
NO3	20260721-0100	121.18
NO3	20260721-0700	112.79
NO3	20260721-2200	121.18
NO3	20260721-1000	26.76
NO3	20260721-1300	23.75
NO3	20260721-1100	7.76
NO3	20260721-1900	134.31
NO3	20260721-0600	121.18
NO3	20260721-1500	82.28
NO3	20260721-0400	126.65
NO3	20260721-0900	71.11
NO3	20260721-1200	7.76
NO3	20260721-1700	126.65
NO3	20260721-1600	115.47
NO3	20260721-2300	118.33
NO1	20260721-0800	80.29
NO1	20260721-0300	112.31
NO1	20260721-1800	107.28
NO1	20260721-0200	107.46
NO1	20260721-2000	101.16
NO1	20260721-0500	112.31
NO1	20260721-2100	101.16
NO1	20260721-0000	94.51
NO1	20260721-1400	64.12
NO1	20260721-0100	107.46
NO1	20260721-0700	100.02
NO1	20260721-2200	96.8
NO1	20260721-1000	21.38
NO1	20260721-1300	23.73
NO1	20260721-1100	6.88
NO1	20260721-1900	107.28
NO1	20260721-0600	107.46
NO1	20260721-1500	65.72
NO1	20260721-0400	112.31
NO1	20260721-0900	63.06
NO1	20260721-1200	6.88
NO1	20260721-1700	101.16
NO1	20260721-1600	92.23
NO1	20260721-2300	94.51
DE_LU	20260721-0800	83.43
DE_LU	20260721-0300	122.65
DE_LU	20260721-1800	130.84
DE_LU	20260721-0200	117.26
DE_LU	20260721-2000	130.84
DE_LU	20260721-0500	130.84
DE_LU	20260721-2100	130.84
DE_LU	20260721-0000	112.57
DE_LU	20260721-1400	64.17
DE_LU	20260721-0100	117.26
DE_LU	20260721-0700	102.48
DE_LU	20260721-2200	117.26
DE_LU	20260721-1000	28.34
DE_LU	20260721-1300	26.25
DE_LU	20260721-1100	6.89
DE_LU	20260721-1900	137.72
DE_LU	20260721-0600	117.26
DE_LU	20260721-1500	94.35
DE_LU	20260721-0400	130.84
DE_LU	20260721-0900	67.87
DE_LU	20260721-1200	6.89
DE_LU	20260721-1700	117.26
DE_LU	20260721-1600	102.48
DE_LU	20260721-2300	114.41
SK	20260721-0800	72.32
SK	20260721-0300	101.16
SK	20260721-1800	107.28
SK	20260721-0200	96.8
SK	20260721-2000	101.16
SK	20260721-0500	101.16
SK	20260721-2100	101.16
SK	20260721-0000	94.51
SK	20260721-1400	57.75
SK	20260721-0100	96.8
SK	20260721-0700	90.09
SK	20260721-2200	96.8
SK	20260721-1000	21.38
SK	20260721-1300	21.38
SK	20260721-1100	6.2
SK	20260721-1900	107.28
SK	20260721-0600	96.8
SK	20260721-1500	65.72
SK	20260721-0400	101.16
SK	20260721-0900	56.8
SK	20260721-1200	6.2
SK	20260721-1700	101.16
SK	20260721-1600	92.23
SK	20260721-2300	94.51
EE	20260721-0800	38.96
EE	20260721-0300	10.5
EE	20260721-1800	97.72
EE	20260721-0200	10.5
EE	20260721-2000	46.31
EE	20260721-0500	31.91
EE	20260721-2100	40.88
EE	20260721-0000	10.5
EE	20260721-1400	45.44
EE	20260721-0100	9.5
EE	20260721-0700	38.81
EE	20260721-2200	40.88
EE	20260721-1000	28.34
EE	20260721-1300	28.34
EE	20260721-1100	19.47
EE	20260721-1900	62.52
EE	20260721-0600	31.56
EE	20260721-1500	78.52
EE	20260721-0400	40.88
EE	20260721-0900	36.21
EE	20260721-1200	20.33
EE	20260721-1700	102.48
EE	20260721-1600	87.92
EE	20260721-2300	39.91
SE4	20260721-0800	38.96
SE4	20260721-0300	40.13
SE4	20260721-1800	97.72
SE4	20260721-0200	36.9
SE4	20260721-2000	46.31
SE4	20260721-0500	31.91
SE4	20260721-2100	40.88
SE4	20260721-0000	44.42
SE4	20260721-1400	45.44
SE4	20260721-0100	40.95
SE4	20260721-0700	38.81
SE4	20260721-2200	40.88
SE4	20260721-1000	28.34
SE4	20260721-1300	28.34
SE4	20260721-1100	19.47
SE4	20260721-1900	62.52
SE4	20260721-0600	31.56
SE4	20260721-1500	78.52
SE4	20260721-0400	40.88
SE4	20260721-0900	36.21
SE4	20260721-1200	20.33
SE4	20260721-1700	102.48
SE4	20260721-1600	87.92
SE4	20260721-2300	39.91
