day	zone	timeslot	price
2025-01-07	AT	20250107-0000	42.830000
2025-01-07	AT	20250107-0100	41.960000
2025-01-07	AT	20250107-0200	38.360000
2025-01-07	AT	20250107-0300	44.000000
2025-01-07	AT	20250107-0400	46.210000
2025-01-07	AT	20250107-0500	65.340000
2025-01-07	AT	20250107-0600	85.850000
2025-01-07	AT	20250107-0700	113.840000
2025-01-07	AT	20250107-0800	113.840000
2025-01-07	AT	20250107-0900	113.840000
2025-01-07	AT	20250107-1000	113.840000
2025-01-07	AT	20250107-1100	113.840000
2025-01-07	AT	20250107-1200	113.840000
2025-01-07	AT	20250107-1300	113.840000
2025-01-07	AT	20250107-1400	86.900000
2025-01-07	AT	20250107-1500	113.840000
2025-01-07	AT	20250107-1600	113.840000
2025-01-07	AT	20250107-1700	113.840000
2025-01-07	AT	20250107-1800	113.840000
2025-01-07	AT	20250107-1900	113.840000
2025-01-07	AT	20250107-2000	113.840000
2025-01-07	AT	20250107-2100	113.840000
2025-01-07	AT	20250107-2200	113.840000
2025-01-07	AT	20250107-2300	113.840000
2025-01-07	BE	20250107-0000	14.350000
2025-01-07	BE	20250107-0100	15.260000
2025-01-07	BE	20250107-0200	8.070000
2025-01-07	BE	20250107-0300	16.000000
2025-01-07	BE	20250107-0400	18.660000
2025-01-07	BE	20250107-0500	63.040000
2025-01-07	BE	20250107-0600	84.000000
2025-01-07	BE	20250107-0700	95.200000
2025-01-07	BE	20250107-0800	95.200000
2025-01-07	BE	20250107-0900	84.520000
2025-01-07	BE	20250107-1000	78.400000
2025-01-07	BE	20250107-1100	78.110000
2025-01-07	BE	20250107-1200	77.940000
2025-01-07	BE	20250107-1300	83.210000
2025-01-07	BE	20250107-1400	84.520000
2025-01-07	BE	20250107-1500	113.840000
2025-01-07	BE	20250107-1600	108.150000
2025-01-07	BE	20250107-1700	108.150000
2025-01-07	BE	20250107-1800	108.150000
2025-01-07	BE	20250107-1900	108.150000
2025-01-07	BE	20250107-2000	108.150000
2025-01-07	BE	20250107-2100	104.580000
2025-01-07	BE	20250107-2200	73.840000
2025-01-07	BE	20250107-2300	73.840000
2025-01-07	BG	20250107-0000	107.150000
2025-01-07	BG	20250107-0100	97.520000
2025-01-07	BG	20250107-0200	96.770000
2025-01-07	BG	20250107-0300	97.920000
2025-01-07	BG	20250107-0400	107.150000
2025-01-07	BG	20250107-0500	108.150000
2025-01-07	BG	20250107-0600	112.160000
2025-01-07	BG	20250107-0700	108.150000
2025-01-07	BG	20250107-0800	108.150000
2025-01-07	BG	20250107-0900	108.150000
2025-01-07	BG	20250107-1000	108.150000
2025-01-07	BG	20250107-1100	108.150000
2025-01-07	BG	20250107-1200	108.150000
2025-01-07	BG	20250107-1300	108.150000
2025-01-07	BG	20250107-1400	108.150000
2025-01-07	BG	20250107-1500	129.780000
2025-01-07	BG	20250107-1600	199.220000
2025-01-07	BG	20250107-1700	136.610000
2025-01-07	BG	20250107-1800	113.840000
2025-01-07	BG	20250107-1900	108.150000
2025-01-07	BG	20250107-2000	108.150000
2025-01-07	BG	20250107-2100	108.150000
2025-01-07	BG	20250107-2200	107.150000
2025-01-07	BG	20250107-2300	106.340000
2025-01-07	CH	20250107-0000	42.010000
2025-01-07	CH	20250107-0100	37.870000
2025-01-07	CH	20250107-0200	37.820000
2025-01-07	CH	20250107-0300	38.200000
2025-01-07	CH	20250107-0400	43.320000
2025-01-07	CH	20250107-0500	71.030000
2025-01-07	CH	20250107-0600	85.850000
2025-01-07	CH	20250107-0700	113.840000
2025-01-07	CH	20250107-0800	129.780000
2025-01-07	CH	20250107-0900	129.780000
2025-01-07	CH	20250107-1000	129.780000
2025-01-07	CH	20250107-1100	129.780000
2025-01-07	CH	20250107-1200	129.780000
2025-01-07	CH	20250107-1300	129.780000
2025-01-07	CH	20250107-1400	86.900000
2025-01-07	CH	20250107-1500	129.780000
2025-01-07	CH	20250107-1600	199.220000
2025-01-07	CH	20250107-1700	177.470000
2025-01-07	CH	20250107-1800	138.340000
2025-01-07	CH	20250107-1900	129.780000
2025-01-07	CH	20250107-2000	129.780000
2025-01-07	CH	20250107-2100	129.780000
2025-01-07	CH	20250107-2200	129.780000
2025-01-07	CH	20250107-2300	129.780000
2025-01-07	CZ	20250107-0000	72.790000
2025-01-07	CZ	20250107-0100	72.790000
2025-01-07	CZ	20250107-0200	72.790000
2025-01-07	CZ	20250107-0300	72.790000
2025-01-07	CZ	20250107-0400	83.540000
2025-01-07	CZ	20250107-0500	107.150000
2025-01-07	CZ	20250107-0600	107.150000
2025-01-07	CZ	20250107-0700	107.150000
2025-01-07	CZ	20250107-0800	107.150000
2025-01-07	CZ	20250107-0900	107.150000
2025-01-07	CZ	20250107-1000	107.150000
2025-01-07	CZ	20250107-1100	107.150000
2025-01-07	CZ	20250107-1200	107.150000
2025-01-07	CZ	20250107-1300	107.150000
2025-01-07	CZ	20250107-1400	107.150000
2025-01-07	CZ	20250107-1500	107.150000
2025-01-07	CZ	20250107-1600	107.150000
2025-01-07	CZ	20250107-1700	107.150000
2025-01-07	CZ	20250107-1800	107.150000
2025-01-07	CZ	20250107-1900	107.150000
2025-01-07	CZ	20250107-2000	107.150000
2025-01-07	CZ	20250107-2100	101.020000
2025-01-07	CZ	20250107-2200	83.500000
2025-01-07	CZ	20250107-2300	73.840000
2025-01-07	DE_LU	20250107-0000	5.640000
2025-01-07	DE_LU	20250107-0100	5.640000
2025-01-07	DE_LU	20250107-0200	5.640000
2025-01-07	DE_LU	20250107-0300	5.690000
2025-01-07	DE_LU	20250107-0400	13.870000
2025-01-07	DE_LU	20250107-0500	54.310000
2025-01-07	DE_LU	20250107-0600	72.790000
2025-01-07	DE_LU	20250107-0700	95.200000
2025-01-07	DE_LU	20250107-0800	95.200000
2025-01-07	DE_LU	20250107-0900	73.840000
2025-01-07	DE_LU	20250107-1000	66.910000
2025-01-07	DE_LU	20250107-1100	60.210000
2025-01-07	DE_LU	20250107-1200	68.200000
2025-01-07	DE_LU	20250107-1300	72.790000
2025-01-07	DE_LU	20250107-1400	78.870000
2025-01-07	DE_LU	20250107-1500	95.200000
2025-01-07	DE_LU	20250107-1600	95.200000
2025-01-07	DE_LU	20250107-1700	95.200000
2025-01-07	DE_LU	20250107-1800	95.200000
2025-01-07	DE_LU	20250107-1900	75.340000
2025-01-07	DE_LU	20250107-2000	70.080000
2025-01-07	DE_LU	20250107-2100	65.220000
2025-01-07	DE_LU	20250107-2200	57.000000
2025-01-07	DE_LU	20250107-2300	44.980000
2025-01-07	DK1	20250107-0000	5.640000
2025-01-07	DK1	20250107-0100	5.640000
2025-01-07	DK1	20250107-0200	5.640000
2025-01-07	DK1	20250107-0300	5.690000
2025-01-07	DK1	20250107-0400	13.870000
2025-01-07	DK1	20250107-0500	54.310000
2025-01-07	DK1	20250107-0600	72.790000
2025-01-07	DK1	20250107-0700	95.200000
2025-01-07	DK1	20250107-0800	95.200000
2025-01-07	DK1	20250107-0900	73.840000
2025-01-07	DK1	20250107-1000	66.910000
2025-01-07	DK1	20250107-1100	60.210000
2025-01-07	DK1	20250107-1200	68.200000
2025-01-07	DK1	20250107-1300	72.790000
2025-01-07	DK1	20250107-1400	78.870000
2025-01-07	DK1	20250107-1500	95.200000
2025-01-07	DK1	20250107-1600	95.200000
2025-01-07	DK1	20250107-1700	95.200000
2025-01-07	DK1	20250107-1800	95.200000
2025-01-07	DK1	20250107-1900	75.340000
2025-01-07	DK1	20250107-2000	70.080000
2025-01-07	DK1	20250107-2100	65.220000
2025-01-07	DK1	20250107-2200	57.000000
2025-01-07	DK1	20250107-2300	44.980000
2025-01-07	DK2	20250107-0000	5.640000
2025-01-07	DK2	20250107-0100	5.640000
2025-01-07	DK2	20250107-0200	5.640000
2025-01-07	DK2	20250107-0300	5.690000
2025-01-07	DK2	20250107-0400	13.870000
2025-01-07	DK2	20250107-0500	41.360000
2025-01-07	DK2	20250107-0600	69.420000
2025-01-07	DK2	20250107-0700	75.340000
2025-01-07	DK2	20250107-0800	95.200000
2025-01-07	DK2	20250107-0900	73.840000
2025-01-07	DK2	20250107-1000	66.910000
2025-01-07	DK2	20250107-1100	69.420000
2025-01-07	DK2	20250107-1200	71.850000
2025-01-07	DK2	20250107-1300	77.360000
2025-01-07	DK2	20250107-1400	78.870000
2025-01-07	DK2	20250107-1500	101.450000
2025-01-07	DK2	20250107-1600	95.200000
2025-01-07	DK2	20250107-1700	95.200000
2025-01-07	DK2	20250107-1800	95.200000
2025-01-07	DK2	20250107-1900	66.870000
2025-01-07	DK2	20250107-2000	64.370000
2025-01-07	DK2	20250107-2100	57.000000
2025-01-07	DK2	20250107-2200	57.000000
2025-01-07	DK2	20250107-2300	30.000000
2025-01-07	EE	20250107-0000	39.660000
2025-01-07	EE	20250107-0100	21.210000
2025-01-07	EE	20250107-0200	15.280000
2025-01-07	EE	20250107-0300	11.960000
2025-01-07	EE	20250107-0400	13.870000
2025-01-07	EE	20250107-0500	75.340000
2025-01-07	EE	20250107-0600	92.970000
2025-01-07	EE	20250107-0700	94.690000
2025-01-07	EE	20250107-0800	94.290000
2025-01-07	EE	20250107-0900	92.840000
2025-01-07	EE	20250107-1000	92.330000
2025-01-07	EE	20250107-1100	92.970000
2025-01-07	EE	20250107-1200	94.900000
2025-01-07	EE	20250107-1300	97.550000
2025-01-07	EE	20250107-1400	98.480000
2025-01-07	EE	20250107-1500	101.450000
2025-01-07	EE	20250107-1600	96.140000
2025-01-07	EE	20250107-1700	80.330000
2025-01-07	EE	20250107-1800	83.840000
2025-01-07	EE	20250107-1900	83.850000
2025-01-07	EE	20250107-2000	73.840000
2025-01-07	EE	20250107-2100	52.580000
2025-01-07	EE	20250107-2200	46.180000
2025-01-07	EE	20250107-2300	26.730000
2025-01-07	ES	20250107-0000	19.960000
2025-01-07	ES	20250107-0100	12.500000
2025-01-07	ES	20250107-0200	9.400000
2025-01-07	ES	20250107-0300	9.690000
2025-01-07	ES	20250107-0400	20.490000
2025-01-07	ES	20250107-0500	29.540000
2025-01-07	ES	20250107-0600	72.790000
2025-01-07	ES	20250107-0700	95.200000
2025-01-07	ES	20250107-0800	95.200000
2025-01-07	ES	20250107-0900	73.840000
2025-01-07	ES	20250107-1000	51.800000
2025-01-07	ES	20250107-1100	9.500000
2025-01-07	ES	20250107-1200	9.500000
2025-01-07	ES	20250107-1300	9.500000
2025-01-07	ES	20250107-1400	10.500000
2025-01-07	ES	20250107-1500	101.920000
2025-01-07	ES	20250107-1600	108.150000
2025-01-07	ES	20250107-1700	124.510000
2025-01-07	ES	20250107-1800	138.340000
2025-01-07	ES	20250107-1900	108.150000
2025-01-07	ES	20250107-2000	108.150000
2025-01-07	ES	20250107-2100	108.150000
2025-01-07	ES	20250107-2200	73.840000
2025-01-07	ES	20250107-2300	54.220000
2025-01-07	FI	20250107-0000	39.660000
2025-01-07	FI	20250107-0100	21.210000
2025-01-07	FI	20250107-0200	15.280000
2025-01-07	FI	20250107-0300	11.960000
2025-01-07	FI	20250107-0400	13.770000
2025-01-07	FI	20250107-0500	14.040000
2025-01-07	FI	20250107-0600	11.430000
2025-01-07	FI	20250107-0700	9.500000
2025-01-07	FI	20250107-0800	9.500000
2025-01-07	FI	20250107-0900	9.500000
2025-01-07	FI	20250107-1000	9.500000
2025-01-07	FI	20250107-1100	5.010000
2025-01-07	FI	20250107-1200	5.000000
2025-01-07	FI	20250107-1300	5.000000
2025-01-07	FI	20250107-1400	5.000000
2025-01-07	FI	20250107-1500	5.000000
2025-01-07	FI	20250107-1600	5.000000
2025-01-07	FI	20250107-1700	5.010000
2025-01-07	FI	20250107-1800	5.000000
2025-01-07	FI	20250107-1900	5.000000
2025-01-07	FI	20250107-2000	5.000000
2025-01-07	FI	20250107-2100	5.000000
2025-01-07	FI	20250107-2200	5.000000
2025-01-07	FI	20250107-2300	4.800000
2025-01-07	FR	20250107-0000	19.960000
2025-01-07	FR	20250107-0100	12.500000
2025-01-07	FR	20250107-0200	9.400000
2025-01-07	FR	20250107-0300	9.690000
2025-01-07	FR	20250107-0400	20.490000
2025-01-07	FR	20250107-0500	29.540000
2025-01-07	FR	20250107-0600	72.790000
2025-01-07	FR	20250107-0700	95.200000
2025-01-07	FR	20250107-0800	95.200000
2025-01-07	FR	20250107-0900	73.840000
2025-01-07	FR	20250107-1000	51.800000
2025-01-07	FR	20250107-1100	42.480000
2025-01-07	FR	20250107-1200	35.460000
2025-01-07	FR	20250107-1300	36.050000
2025-01-07	FR	20250107-1400	38.210000
2025-01-07	FR	20250107-1500	101.920000
2025-01-07	FR	20250107-1600	108.150000
2025-01-07	FR	20250107-1700	124.510000
2025-01-07	FR	20250107-1800	138.340000
2025-01-07	FR	20250107-1900	108.150000
2025-01-07	FR	20250107-2000	83.920000
2025-01-07	FR	20250107-2100	73.840000
2025-01-07	FR	20250107-2200	73.840000
2025-01-07	FR	20250107-2300	54.220000
2025-01-07	GR	20250107-0000	107.150000
2025-01-07	GR	20250107-0100	97.520000
2025-01-07	GR	20250107-0200	96.770000
2025-01-07	GR	20250107-0300	97.920000
2025-01-07	GR	20250107-0400	107.150000
2025-01-07	GR	20250107-0500	108.150000
2025-01-07	GR	20250107-0600	112.160000
2025-01-07	GR	20250107-0700	108.150000
2025-01-07	GR	20250107-0800	108.150000
2025-01-07	GR	20250107-0900	108.150000
2025-01-07	GR	20250107-1000	108.150000
2025-01-07	GR	20250107-1100	108.150000
2025-01-07	GR	20250107-1200	108.150000
2025-01-07	GR	20250107-1300	108.150000
2025-01-07	GR	20250107-1400	108.150000
2025-01-07	GR	20250107-1500	129.780000
2025-01-07	GR	20250107-1600	199.220000
2025-01-07	GR	20250107-1700	136.610000
2025-01-07	GR	20250107-1800	113.840000
2025-01-07	GR	20250107-1900	108.150000
2025-01-07	GR	20250107-2000	108.150000
2025-01-07	GR	20250107-2100	108.150000
2025-01-07	GR	20250107-2200	107.150000
2025-01-07	GR	20250107-2300	106.340000
2025-01-07	HU	20250107-0000	107.150000
2025-01-07	HU	20250107-0100	97.520000
2025-01-07	HU	20250107-0200	96.770000
2025-01-07	HU	20250107-0300	97.920000
2025-01-07	HU	20250107-0400	107.150000
2025-01-07	HU	20250107-0500	108.150000
2025-01-07	HU	20250107-0600	112.160000
2025-01-07	HU	20250107-0700	108.150000
2025-01-07	HU	20250107-0800	108.150000
2025-01-07	HU	20250107-0900	108.150000
2025-01-07	HU	20250107-1000	108.150000
2025-01-07	HU	20250107-1100	108.150000
2025-01-07	HU	20250107-1200	108.150000
2025-01-07	HU	20250107-1300	108.150000
2025-01-07	HU	20250107-1400	108.150000
2025-01-07	HU	20250107-1500	118.440000
2025-01-07	HU	20250107-1600	121.880000
2025-01-07	HU	20250107-1700	126.200000
2025-01-07	HU	20250107-1800	113.840000
2025-01-07	HU	20250107-1900	108.150000
2025-01-07	HU	20250107-2000	108.150000
2025-01-07	HU	20250107-2100	108.150000
2025-01-07	HU	20250107-2200	107.150000
2025-01-07	HU	20250107-2300	106.340000
2025-01-07	IT-CNORTH	20250107-0000	107.150000
2025-01-07	IT-CNORTH	20250107-0100	97.520000
2025-01-07	IT-CNORTH	20250107-0200	96.770000
2025-01-07	IT-CNORTH	20250107-0300	97.920000
2025-01-07	IT-CNORTH	20250107-0400	114.240000
2025-01-07	IT-CNORTH	20250107-0500	129.780000
2025-01-07	IT-CNORTH	20250107-0600	129.780000
2025-01-07	IT-CNORTH	20250107-0700	129.780000
2025-01-07	IT-CNORTH	20250107-0800	129.780000
2025-01-07	IT-CNORTH	20250107-0900	129.780000
2025-01-07	IT-CNORTH	20250107-1000	129.780000
2025-01-07	IT-CNORTH	20250107-1100	129.780000
2025-01-07	IT-CNORTH	20250107-1200	129.780000
2025-01-07	IT-CNORTH	20250107-1300	129.780000
2025-01-07	IT-CNORTH	20250107-1400	129.780000
2025-01-07	IT-CNORTH	20250107-1500	129.780000
2025-01-07	IT-CNORTH	20250107-1600	199.220000
2025-01-07	IT-CNORTH	20250107-1700	177.470000
2025-01-07	IT-CNORTH	20250107-1800	138.340000
2025-01-07	IT-CNORTH	20250107-1900	129.780000
2025-01-07	IT-CNORTH	20250107-2000	129.780000
2025-01-07	IT-CNORTH	20250107-2100	129.780000
2025-01-07	IT-CNORTH	20250107-2200	129.780000
2025-01-07	IT-CNORTH	20250107-2300	129.780000
2025-01-07	IT-CSOUTH	20250107-0000	107.150000
2025-01-07	IT-CSOUTH	20250107-0100	97.520000
2025-01-07	IT-CSOUTH	20250107-0200	96.770000
2025-01-07	IT-CSOUTH	20250107-0300	97.920000
2025-01-07	IT-CSOUTH	20250107-0400	114.240000
2025-01-07	IT-CSOUTH	20250107-0500	129.780000
2025-01-07	IT-CSOUTH	20250107-0600	129.780000
2025-01-07	IT-CSOUTH	20250107-0700	129.780000
2025-01-07	IT-CSOUTH	20250107-0800	129.780000
2025-01-07	IT-CSOUTH	20250107-0900	129.780000
2025-01-07	IT-CSOUTH	20250107-1000	129.780000
2025-01-07	IT-CSOUTH	20250107-1100	129.780000
2025-01-07	IT-CSOUTH	20250107-1200	129.780000
2025-01-07	IT-CSOUTH	20250107-1300	129.780000
2025-01-07	IT-CSOUTH	20250107-1400	129.780000
2025-01-07	IT-CSOUTH	20250107-1500	129.780000
2025-01-07	IT-CSOUTH	20250107-1600	199.220000
2025-01-07	IT-CSOUTH	20250107-1700	177.470000
2025-01-07	IT-CSOUTH	20250107-1800	138.340000
2025-01-07	IT-CSOUTH	20250107-1900	129.780000
2025-01-07	IT-CSOUTH	20250107-2000	129.780000
2025-01-07	IT-CSOUTH	20250107-2100	129.780000
2025-01-07	IT-CSOUTH	20250107-2200	129.780000
2025-01-07	IT-CSOUTH	20250107-2300	129.780000
2025-01-07	IT-Calabria	20250107-0000	107.150000
2025-01-07	IT-Calabria	20250107-0100	97.520000
2025-01-07	IT-Calabria	20250107-0200	96.770000
2025-01-07	IT-Calabria	20250107-0300	97.920000
2025-01-07	IT-Calabria	20250107-0400	114.240000
2025-01-07	IT-Calabria	20250107-0500	129.780000
2025-01-07	IT-Calabria	20250107-0600	129.780000
2025-01-07	IT-Calabria	20250107-0700	129.780000
2025-01-07	IT-Calabria	20250107-0800	129.780000
2025-01-07	IT-Calabria	20250107-0900	129.780000
2025-01-07	IT-Calabria	20250107-1000	129.780000
2025-01-07	IT-Calabria	20250107-1100	129.780000
2025-01-07	IT-Calabria	20250107-1200	129.780000
2025-01-07	IT-Calabria	20250107-1300	129.780000
2025-01-07	IT-Calabria	20250107-1400	129.780000
2025-01-07	IT-Calabria	20250107-1500	129.780000
2025-01-07	IT-Calabria	20250107-1600	199.220000
2025-01-07	IT-Calabria	20250107-1700	177.470000
2025-01-07	IT-Calabria	20250107-1800	138.340000
2025-01-07	IT-Calabria	20250107-1900	129.780000
2025-01-07	IT-Calabria	20250107-2000	129.780000
2025-01-07	IT-Calabria	20250107-2100	129.780000
2025-01-07	IT-Calabria	20250107-2200	129.780000
2025-01-07	IT-Calabria	20250107-2300	129.780000
2025-01-07	IT-NORTH	20250107-0000	107.150000
2025-01-07	IT-NORTH	20250107-0100	97.520000
2025-01-07	IT-NORTH	20250107-0200	96.770000
2025-01-07	IT-NORTH	20250107-0300	97.920000
2025-01-07	IT-NORTH	20250107-0400	114.240000
2025-01-07	IT-NORTH	20250107-0500	129.780000
2025-01-07	IT-NORTH	20250107-0600	129.780000
2025-01-07	IT-NORTH	20250107-0700	129.780000
2025-01-07	IT-NORTH	20250107-0800	129.780000
2025-01-07	IT-NORTH	20250107-0900	129.780000
2025-01-07	IT-NORTH	20250107-1000	129.780000
2025-01-07	IT-NORTH	20250107-1100	129.780000
2025-01-07	IT-NORTH	20250107-1200	129.780000
2025-01-07	IT-NORTH	20250107-1300	129.780000
2025-01-07	IT-NORTH	20250107-1400	129.780000
2025-01-07	IT-NORTH	20250107-1500	129.780000
2025-01-07	IT-NORTH	20250107-1600	199.220000
2025-01-07	IT-NORTH	20250107-1700	177.470000
2025-01-07	IT-NORTH	20250107-1800	138.340000
2025-01-07	IT-NORTH	20250107-1900	129.780000
2025-01-07	IT-NORTH	20250107-2000	129.780000
2025-01-07	IT-NORTH	20250107-2100	129.780000
2025-01-07	IT-NORTH	20250107-2200	129.780000
2025-01-07	IT-NORTH	20250107-2300	129.780000
2025-01-07	IT-SOUTH	20250107-0000	107.150000
2025-01-07	IT-SOUTH	20250107-0100	97.520000
2025-01-07	IT-SOUTH	20250107-0200	96.770000
2025-01-07	IT-SOUTH	20250107-0300	97.920000
2025-01-07	IT-SOUTH	20250107-0400	114.240000
2025-01-07	IT-SOUTH	20250107-0500	129.780000
2025-01-07	IT-SOUTH	20250107-0600	129.780000
2025-01-07	IT-SOUTH	20250107-0700	129.780000
2025-01-07	IT-SOUTH	20250107-0800	129.780000
2025-01-07	IT-SOUTH	20250107-0900	129.780000
2025-01-07	IT-SOUTH	20250107-1000	129.780000
2025-01-07	IT-SOUTH	20250107-1100	129.780000
2025-01-07	IT-SOUTH	20250107-1200	129.780000
2025-01-07	IT-SOUTH	20250107-1300	129.780000
2025-01-07	IT-SOUTH	20250107-1400	129.780000
2025-01-07	IT-SOUTH	20250107-1500	129.780000
2025-01-07	IT-SOUTH	20250107-1600	199.220000
2025-01-07	IT-SOUTH	20250107-1700	177.470000
2025-01-07	IT-SOUTH	20250107-1800	138.340000
2025-01-07	IT-SOUTH	20250107-1900	129.780000
2025-01-07	IT-SOUTH	20250107-2000	129.780000
2025-01-07	IT-SOUTH	20250107-2100	129.780000
2025-01-07	IT-SOUTH	20250107-2200	129.780000
2025-01-07	IT-SOUTH	20250107-2300	129.780000
2025-01-07	IT-Sardinia	20250107-0000	107.150000
2025-01-07	IT-Sardinia	20250107-0100	97.520000
2025-01-07	IT-Sardinia	20250107-0200	96.770000
2025-01-07	IT-Sardinia	20250107-0300	97.920000
2025-01-07	IT-Sardinia	20250107-0400	114.240000
2025-01-07	IT-Sardinia	20250107-0500	129.780000
2025-01-07	IT-Sardinia	20250107-0600	129.780000
2025-01-07	IT-Sardinia	20250107-0700	129.780000
2025-01-07	IT-Sardinia	20250107-0800	129.780000
2025-01-07	IT-Sardinia	20250107-0900	129.780000
2025-01-07	IT-Sardinia	20250107-1000	125.640000
2025-01-07	IT-Sardinia	20250107-1100	125.500000
2025-01-07	IT-Sardinia	20250107-1200	114.240000
2025-01-07	IT-Sardinia	20250107-1300	85.500000
2025-01-07	IT-Sardinia	20250107-1400	114.240000
2025-01-07	IT-Sardinia	20250107-1500	125.640000
2025-01-07	IT-Sardinia	20250107-1600	129.780000
2025-01-07	IT-Sardinia	20250107-1700	129.780000
2025-01-07	IT-Sardinia	20250107-1800	129.780000
2025-01-07	IT-Sardinia	20250107-1900	129.780000
2025-01-07	IT-Sardinia	20250107-2000	129.780000
2025-01-07	IT-Sardinia	20250107-2100	129.780000
2025-01-07	IT-Sardinia	20250107-2200	125.640000
2025-01-07	IT-Sardinia	20250107-2300	114.240000
2025-01-07	IT-Sicily	20250107-0000	107.150000
2025-01-07	IT-Sicily	20250107-0100	97.520000
2025-01-07	IT-Sicily	20250107-0200	96.770000
2025-01-07	IT-Sicily	20250107-0300	97.920000
2025-01-07	IT-Sicily	20250107-0400	114.240000
2025-01-07	IT-Sicily	20250107-0500	129.780000
2025-01-07	IT-Sicily	20250107-0600	129.780000
2025-01-07	IT-Sicily	20250107-0700	129.780000
2025-01-07	IT-Sicily	20250107-0800	129.780000
2025-01-07	IT-Sicily	20250107-0900	129.780000
2025-01-07	IT-Sicily	20250107-1000	129.780000
2025-01-07	IT-Sicily	20250107-1100	129.780000
2025-01-07	IT-Sicily	20250107-1200	129.780000
2025-01-07	IT-Sicily	20250107-1300	129.780000
2025-01-07	IT-Sicily	20250107-1400	129.780000
2025-01-07	IT-Sicily	20250107-1500	129.780000
2025-01-07	IT-Sicily	20250107-1600	199.220000
2025-01-07	IT-Sicily	20250107-1700	177.470000
2025-01-07	IT-Sicily	20250107-1800	138.340000
2025-01-07	IT-Sicily	20250107-1900	129.780000
2025-01-07	IT-Sicily	20250107-2000	129.780000
2025-01-07	IT-Sicily	20250107-2100	129.780000
2025-01-07	IT-Sicily	20250107-2200	129.780000
2025-01-07	IT-Sicily	20250107-2300	129.780000
2025-01-07	LT	20250107-0000	5.690000
2025-01-07	LT	20250107-0100	5.690000
2025-01-07	LT	20250107-0200	5.690000
2025-01-07	LT	20250107-0300	11.960000
2025-01-07	LT	20250107-0400	13.870000
2025-01-07	LT	20250107-0500	75.340000
2025-01-07	LT	20250107-0600	92.970000
2025-01-07	LT	20250107-0700	94.690000
2025-01-07	LT	20250107-0800	94.290000
2025-01-07	LT	20250107-0900	92.840000
2025-01-07	LT	20250107-1000	92.330000
2025-01-07	LT	20250107-1100	92.970000
2025-01-07	LT	20250107-1200	94.900000
2025-01-07	LT	20250107-1300	97.550000
2025-01-07	LT	20250107-1400	98.480000
2025-01-07	LT	20250107-1500	101.450000
2025-01-07	LT	20250107-1600	96.140000
2025-01-07	LT	20250107-1700	80.330000
2025-01-07	LT	20250107-1800	83.840000
2025-01-07	LT	20250107-1900	83.850000
2025-01-07	LT	20250107-2000	73.840000
2025-01-07	LT	20250107-2100	52.580000
2025-01-07	LT	20250107-2200	46.180000
2025-01-07	LT	20250107-2300	26.730000
2025-01-07	LV	20250107-0000	5.690000
2025-01-07	LV	20250107-0100	5.690000
2025-01-07	LV	20250107-0200	5.690000
2025-01-07	LV	20250107-0300	11.960000
2025-01-07	LV	20250107-0400	13.870000
2025-01-07	LV	20250107-0500	75.340000
2025-01-07	LV	20250107-0600	92.970000
2025-01-07	LV	20250107-0700	94.690000
2025-01-07	LV	20250107-0800	94.290000
2025-01-07	LV	20250107-0900	92.840000
2025-01-07	LV	20250107-1000	92.330000
2025-01-07	LV	20250107-1100	92.970000
2025-01-07	LV	20250107-1200	94.900000
2025-01-07	LV	20250107-1300	97.550000
2025-01-07	LV	20250107-1400	98.480000
2025-01-07	LV	20250107-1500	101.450000
2025-01-07	LV	20250107-1600	96.140000
2025-01-07	LV	20250107-1700	80.330000
2025-01-07	LV	20250107-1800	83.840000
2025-01-07	LV	20250107-1900	83.850000
2025-01-07	LV	20250107-2000	73.840000
2025-01-07	LV	20250107-2100	52.580000
2025-01-07	LV	20250107-2200	46.180000
2025-01-07	LV	20250107-2300	26.730000
2025-01-07	NL	20250107-0000	12.030000
2025-01-07	NL	20250107-0100	23.750000
2025-01-07	NL	20250107-0200	6.720000
2025-01-07	NL	20250107-0300	13.160000
2025-01-07	NL	20250107-0400	31.250000
2025-01-07	NL	20250107-0500	73.840000
2025-01-07	NL	20250107-0600	95.200000
2025-01-07	NL	20250107-0700	95.200000
2025-01-07	NL	20250107-0800	95.200000
2025-01-07	NL	20250107-0900	95.200000
2025-01-07	NL	20250107-1000	95.200000
2025-01-07	NL	20250107-1100	95.200000
2025-01-07	NL	20250107-1200	95.200000
2025-01-07	NL	20250107-1300	95.200000
2025-01-07	NL	20250107-1400	95.200000
2025-01-07	NL	20250107-1500	95.200000
2025-01-07	NL	20250107-1600	104.580000
2025-01-07	NL	20250107-1700	95.200000
2025-01-07	NL	20250107-1800	95.200000
2025-01-07	NL	20250107-1900	95.200000
2025-01-07	NL	20250107-2000	95.200000
2025-01-07	NL	20250107-2100	95.200000
2025-01-07	NL	20250107-2200	73.840000
2025-01-07	NL	20250107-2300	60.210000
2025-01-07	NO1	20250107-0000	14.350000
2025-01-07	NO1	20250107-0100	15.260000
2025-01-07	NO1	20250107-0200	7.260000
2025-01-07	NO1	20250107-0300	15.860000
2025-01-07	NO1	20250107-0400	16.790000
2025-01-07	NO1	20250107-0500	56.740000
2025-01-07	NO1	20250107-0600	75.600000
2025-01-07	NO1	20250107-0700	85.680000
2025-01-07	NO1	20250107-0800	85.680000
2025-01-07	NO1	20250107-0900	76.070000
2025-01-07	NO1	20250107-1000	70.560000
2025-01-07	NO1	20250107-1100	70.300000
2025-01-07	NO1	20250107-1200	70.150000
2025-01-07	NO1	20250107-1300	74.890000
2025-01-07	NO1	20250107-1400	76.070000
2025-01-07	NO1	20250107-1500	113.840000
2025-01-07	NO1	20250107-1600	89.900000
2025-01-07	NO1	20250107-1700	85.680000
2025-01-07	NO1	20250107-1800	85.680000
2025-01-07	NO1	20250107-1900	76.740000
2025-01-07	NO1	20250107-2000	73.200000
2025-01-07	NO1	20250107-2100	69.930000
2025-01-07	NO1	20250107-2200	58.880000
2025-01-07	NO1	20250107-2300	46.830000
2025-01-07	NO2	20250107-0000	12.030000
2025-01-07	NO2	20250107-0100	12.570000
2025-01-07	NO2	20250107-0200	6.720000
2025-01-07	NO2	20250107-0300	13.160000
2025-01-07	NO2	20250107-0400	13.870000
2025-01-07	NO2	20250107-0500	54.310000
2025-01-07	NO2	20250107-0600	73.070000
2025-01-07	NO2	20250107-0700	85.680000
2025-01-07	NO2	20250107-0800	85.680000
2025-01-07	NO2	20250107-0900	73.660000
2025-01-07	NO2	20250107-1000	66.770000
2025-01-07	NO2	20250107-1100	66.450000
2025-01-07	NO2	20250107-1200	66.260000
2025-01-07	NO2	20250107-1300	72.190000
2025-01-07	NO2	20250107-1400	73.660000
2025-01-07	NO2	20250107-1500	113.840000
2025-01-07	NO2	20250107-1600	88.840000
2025-01-07	NO2	20250107-1700	85.680000
2025-01-07	NO2	20250107-1800	85.680000
2025-01-07	NO2	20250107-1900	74.510000
2025-01-07	NO2	20250107-2000	70.080000
2025-01-07	NO2	20250107-2100	65.990000
2025-01-07	NO2	20250107-2200	56.980000
2025-01-07	NO2	20250107-2300	44.980000
2025-01-07	NO3	20250107-0000	14.350000
2025-01-07	NO3	20250107-0100	15.260000
2025-01-07	NO3	20250107-0200	7.260000
2025-01-07	NO3	20250107-0300	15.860000
2025-01-07	NO3	20250107-0400	16.790000
2025-01-07	NO3	20250107-0500	56.740000
2025-01-07	NO3	20250107-0600	75.600000
2025-01-07	NO3	20250107-0700	85.680000
2025-01-07	NO3	20250107-0800	85.680000
2025-01-07	NO3	20250107-0900	76.070000
2025-01-07	NO3	20250107-1000	70.560000
2025-01-07	NO3	20250107-1100	70.300000
2025-01-07	NO3	20250107-1200	70.150000
2025-01-07	NO3	20250107-1300	74.890000
2025-01-07	NO3	20250107-1400	76.070000
2025-01-07	NO3	20250107-1500	113.840000
2025-01-07	NO3	20250107-1600	89.900000
2025-01-07	NO3	20250107-1700	85.680000
2025-01-07	NO3	20250107-1800	85.680000
2025-01-07	NO3	20250107-1900	76.740000
2025-01-07	NO3	20250107-2000	73.200000
2025-01-07	NO3	20250107-2100	69.930000
2025-01-07	NO3	20250107-2200	58.880000
2025-01-07	NO3	20250107-2300	46.830000
2025-01-07	NO4	20250107-0000	31.650000
2025-01-07	NO4	20250107-0100	30.350000
2025-01-07	NO4	20250107-0200	28.120000
2025-01-07	NO4	20250107-0300	26.340000
2025-01-07	NO4	20250107-0400	29.830000
2025-01-07	NO4	20250107-0500	34.070000
2025-01-07	NO4	20250107-0600	35.290000
2025-01-07	NO4	20250107-0700	42.910000
2025-01-07	NO4	20250107-0800	43.830000
2025-01-07	NO4	20250107-0900	39.450000
2025-01-07	NO4	20250107-1000	39.880000
2025-01-07	NO4	20250107-1100	37.930000
2025-01-07	NO4	20250107-1200	34.120000
2025-01-07	NO4	20250107-1300	35.780000
2025-01-07	NO4	20250107-1400	38.260000
2025-01-07	NO4	20250107-1500	35.220000
2025-01-07	NO4	20250107-1600	35.750000
2025-01-07	NO4	20250107-1700	31.790000
2025-01-07	NO4	20250107-1800	30.340000
2025-01-07	NO4	20250107-1900	29.870000
2025-01-07	NO4	20250107-2000	28.420000
2025-01-07	NO4	20250107-2100	27.610000
2025-01-07	NO4	20250107-2200	23.910000
2025-01-07	NO4	20250107-2300	27.080000
2025-01-07	NO5	20250107-0000	14.350000
2025-01-07	NO5	20250107-0100	15.260000
2025-01-07	NO5	20250107-0200	7.260000
2025-01-07	NO5	20250107-0300	15.860000
2025-01-07	NO5	20250107-0400	16.790000
2025-01-07	NO5	20250107-0500	56.740000
2025-01-07	NO5	20250107-0600	75.600000
2025-01-07	NO5	20250107-0700	85.680000
2025-01-07	NO5	20250107-0800	85.680000
2025-01-07	NO5	20250107-0900	76.070000
2025-01-07	NO5	20250107-1000	70.560000
2025-01-07	NO5	20250107-1100	70.300000
2025-01-07	NO5	20250107-1200	70.150000
2025-01-07	NO5	20250107-1300	74.890000
2025-01-07	NO5	20250107-1400	76.070000
2025-01-07	NO5	20250107-1500	113.840000
2025-01-07	NO5	20250107-1600	89.900000
2025-01-07	NO5	20250107-1700	85.680000
2025-01-07	NO5	20250107-1800	85.680000
2025-01-07	NO5	20250107-1900	76.740000
2025-01-07	NO5	20250107-2000	73.200000
2025-01-07	NO5	20250107-2100	69.930000
2025-01-07	NO5	20250107-2200	58.880000
2025-01-07	NO5	20250107-2300	46.830000
2025-01-07	PL	20250107-0000	53.020000
2025-01-07	PL	20250107-0100	53.700000
2025-01-07	PL	20250107-0200	57.290000
2025-01-07	PL	20250107-0300	60.370000
2025-01-07	PL	20250107-0400	68.760000
2025-01-07	PL	20250107-0500	90.750000
2025-01-07	PL	20250107-0600	92.970000
2025-01-07	PL	20250107-0700	94.690000
2025-01-07	PL	20250107-0800	94.290000
2025-01-07	PL	20250107-0900	92.840000
2025-01-07	PL	20250107-1000	92.330000
2025-01-07	PL	20250107-1100	92.970000
2025-01-07	PL	20250107-1200	94.900000
2025-01-07	PL	20250107-1300	97.550000
2025-01-07	PL	20250107-1400	98.480000
2025-01-07	PL	20250107-1500	101.450000
2025-01-07	PL	20250107-1600	99.600000
2025-01-07	PL	20250107-1700	99.090000
2025-01-07	PL	20250107-1800	97.550000
2025-01-07	PL	20250107-1900	94.290000
2025-01-07	PL	20250107-2000	90.750000
2025-01-07	PL	20250107-2100	90.750000
2025-01-07	PL	20250107-2200	83.100000
2025-01-07	PL	20250107-2300	66.790000
2025-01-07	PT	20250107-0000	57.000000
2025-01-07	PT	20250107-0100	12.500000
2025-01-07	PT	20250107-0200	9.400000
2025-01-07	PT	20250107-0300	9.690000
2025-01-07	PT	20250107-0400	20.490000
2025-01-07	PT	20250107-0500	29.540000
2025-01-07	PT	20250107-0600	72.790000
2025-01-07	PT	20250107-0700	95.200000
2025-01-07	PT	20250107-0800	95.200000
2025-01-07	PT	20250107-0900	73.840000
2025-01-07	PT	20250107-1000	51.800000
2025-01-07	PT	20250107-1100	9.500000
2025-01-07	PT	20250107-1200	9.500000
2025-01-07	PT	20250107-1300	9.500000
2025-01-07	PT	20250107-1400	10.500000
2025-01-07	PT	20250107-1500	101.920000
2025-01-07	PT	20250107-1600	108.150000
2025-01-07	PT	20250107-1700	124.510000
2025-01-07	PT	20250107-1800	138.340000
2025-01-07	PT	20250107-1900	108.150000
2025-01-07	PT	20250107-2000	108.150000
2025-01-07	PT	20250107-2100	108.150000
2025-01-07	PT	20250107-2200	73.840000
2025-01-07	PT	20250107-2300	54.220000
2025-01-07	RO	20250107-0000	107.150000
2025-01-07	RO	20250107-0100	97.520000
2025-01-07	RO	20250107-0200	96.770000
2025-01-07	RO	20250107-0300	97.920000
2025-01-07	RO	20250107-0400	107.150000
2025-01-07	RO	20250107-0500	108.150000
2025-01-07	RO	20250107-0600	112.160000
2025-01-07	RO	20250107-0700	108.150000
2025-01-07	RO	20250107-0800	108.150000
2025-01-07	RO	20250107-0900	108.150000
2025-01-07	RO	20250107-1000	108.150000
2025-01-07	RO	20250107-1100	108.150000
2025-01-07	RO	20250107-1200	108.150000
2025-01-07	RO	20250107-1300	108.150000
2025-01-07	RO	20250107-1400	108.150000
2025-01-07	RO	20250107-1500	129.780000
2025-01-07	RO	20250107-1600	199.220000
2025-01-07	RO	20250107-1700	136.610000
2025-01-07	RO	20250107-1800	113.840000
2025-01-07	RO	20250107-1900	108.150000
2025-01-07	RO	20250107-2000	108.150000
2025-01-07	RO	20250107-2100	108.150000
2025-01-07	RO	20250107-2200	107.150000
2025-01-07	RO	20250107-2300	106.340000
2025-01-07	RS	20250107-0000	107.150000
2025-01-07	RS	20250107-0100	97.520000
2025-01-07	RS	20250107-0200	96.770000
2025-01-07	RS	20250107-0300	97.920000
2025-01-07	RS	20250107-0400	107.150000
2025-01-07	RS	20250107-0500	108.150000
2025-01-07	RS	20250107-0600	112.160000
2025-01-07	RS	20250107-0700	108.150000
2025-01-07	RS	20250107-0800	108.150000
2025-01-07	RS	20250107-0900	108.150000
2025-01-07	RS	20250107-1000	108.150000
2025-01-07	RS	20250107-1100	108.150000
2025-01-07	RS	20250107-1200	108.150000
2025-01-07	RS	20250107-1300	108.150000
2025-01-07	RS	20250107-1400	108.150000
2025-01-07	RS	20250107-1500	118.440000
2025-01-07	RS	20250107-1600	121.880000
2025-01-07	RS	20250107-1700	126.200000
2025-01-07	RS	20250107-1800	113.840000
2025-01-07	RS	20250107-1900	108.150000
2025-01-07	RS	20250107-2000	108.150000
2025-01-07	RS	20250107-2100	108.150000
2025-01-07	RS	20250107-2200	107.150000
2025-01-07	RS	20250107-2300	106.340000
2025-01-07	SE1	20250107-0000	1.000000
2025-01-07	SE1	20250107-0100	1.000000
2025-01-07	SE1	20250107-0200	1.000000
2025-01-07	SE1	20250107-0300	1.000000
2025-01-07	SE1	20250107-0400	1.000000
2025-01-07	SE1	20250107-0500	1.000000
2025-01-07	SE1	20250107-0600	1.000000
2025-01-07	SE1	20250107-0700	1.000000
2025-01-07	SE1	20250107-0800	1.000000
2025-01-07	SE1	20250107-0900	1.000000
2025-01-07	SE1	20250107-1000	1.000000
2025-01-07	SE1	20250107-1100	1.000000
2025-01-07	SE1	20250107-1200	1.000000
2025-01-07	SE1	20250107-1300	1.000000
2025-01-07	SE1	20250107-1400	1.000000
2025-01-07	SE1	20250107-1500	1.000000
2025-01-07	SE1	20250107-1600	1.000000
2025-01-07	SE1	20250107-1700	1.000000
2025-01-07	SE1	20250107-1800	1.000000
2025-01-07	SE1	20250107-1900	1.000000
2025-01-07	SE1	20250107-2000	1.000000
2025-01-07	SE1	20250107-2100	1.000000
2025-01-07	SE1	20250107-2200	1.000000
2025-01-07	SE1	20250107-2300	1.000000
2025-01-07	SE2	20250107-0000	1.000000
2025-01-07	SE2	20250107-0100	1.000000
2025-01-07	SE2	20250107-0200	1.000000
2025-01-07	SE2	20250107-0300	1.000000
2025-01-07	SE2	20250107-0400	1.000000
2025-01-07	SE2	20250107-0500	1.000000
2025-01-07	SE2	20250107-0600	1.000000
2025-01-07	SE2	20250107-0700	1.000000
2025-01-07	SE2	20250107-0800	1.000000
2025-01-07	SE2	20250107-0900	1.000000
2025-01-07	SE2	20250107-1000	1.000000
2025-01-07	SE2	20250107-1100	1.000000
2025-01-07	SE2	20250107-1200	1.000000
2025-01-07	SE2	20250107-1300	1.000000
2025-01-07	SE2	20250107-1400	1.000000
2025-01-07	SE2	20250107-1500	1.000000
2025-01-07	SE2	20250107-1600	1.000000
2025-01-07	SE2	20250107-1700	1.000000
2025-01-07	SE2	20250107-1800	1.000000
2025-01-07	SE2	20250107-1900	1.000000
2025-01-07	SE2	20250107-2000	1.000000
2025-01-07	SE2	20250107-2100	1.000000
2025-01-07	SE2	20250107-2200	1.000000
2025-01-07	SE2	20250107-2300	1.000000
2025-01-07	SE3	20250107-0000	5.640000
2025-01-07	SE3	20250107-0100	5.010000
2025-01-07	SE3	20250107-0200	5.640000
2025-01-07	SE3	20250107-0300	5.640000
2025-01-07	SE3	20250107-0400	5.690000
2025-01-07	SE3	20250107-0500	47.020000
2025-01-07	SE3	20250107-0600	65.510000
2025-01-07	SE3	20250107-0700	85.680000
2025-01-07	SE3	20250107-0800	85.680000
2025-01-07	SE3	20250107-0900	66.460000
2025-01-07	SE3	20250107-1000	55.430000
2025-01-07	SE3	20250107-1100	51.300000
2025-01-07	SE3	20250107-1200	54.610000
2025-01-07	SE3	20250107-1300	64.100000
2025-01-07	SE3	20250107-1400	66.460000
2025-01-07	SE3	20250107-1500	113.840000
2025-01-07	SE3	20250107-1600	85.680000
2025-01-07	SE3	20250107-1700	85.680000
2025-01-07	SE3	20250107-1800	85.680000
2025-01-07	SE3	20250107-1900	67.810000
2025-01-07	SE3	20250107-2000	60.720000
2025-01-07	SE3	20250107-2100	54.190000
2025-01-07	SE3	20250107-2200	51.300000
2025-01-07	SE3	20250107-2300	39.470000
2025-01-07	SE4	20250107-0000	5.640000
2025-01-07	SE4	20250107-0100	5.640000
2025-01-07	SE4	20250107-0200	5.640000
2025-01-07	SE4	20250107-0300	5.690000
2025-01-07	SE4	20250107-0400	13.870000
2025-01-07	SE4	20250107-0500	41.360000
2025-01-07	SE4	20250107-0600	69.420000
2025-01-07	SE4	20250107-0700	75.340000
2025-01-07	SE4	20250107-0800	85.220000
2025-01-07	SE4	20250107-0900	76.030000
2025-01-07	SE4	20250107-1000	70.910000
2025-01-07	SE4	20250107-1100	69.420000
2025-01-07	SE4	20250107-1200	71.850000
2025-01-07	SE4	20250107-1300	77.360000
2025-01-07	SE4	20250107-1400	78.870000
2025-01-07	SE4	20250107-1500	101.450000
2025-01-07	SE4	20250107-1600	86.830000
2025-01-07	SE4	20250107-1700	80.330000
2025-01-07	SE4	20250107-1800	82.640000
2025-01-07	SE4	20250107-1900	66.870000
2025-01-07	SE4	20250107-2000	64.370000
2025-01-07	SE4	20250107-2100	52.580000
2025-01-07	SE4	20250107-2200	46.180000
2025-01-07	SE4	20250107-2300	26.730000
2025-01-07	SI	20250107-0000	107.150000
2025-01-07	SI	20250107-0100	97.520000
2025-01-07	SI	20250107-0200	96.770000
2025-01-07	SI	20250107-0300	97.920000
2025-01-07	SI	20250107-0400	107.150000
2025-01-07	SI	20250107-0500	110.510000
2025-01-07	SI	20250107-0600	112.160000
2025-01-07	SI	20250107-0700	129.780000
2025-01-07	SI	20250107-0800	108.150000
2025-01-07	SI	20250107-0900	108.150000
2025-01-07	SI	20250107-1000	108.150000
2025-01-07	SI	20250107-1100	108.150000
2025-01-07	SI	20250107-1200	108.150000
2025-01-07	SI	20250107-1300	108.150000
2025-01-07	SI	20250107-1400	108.150000
2025-01-07	SI	20250107-1500	113.840000
2025-01-07	SI	20250107-1600	113.840000
2025-01-07	SI	20250107-1700	113.840000
2025-01-07	SI	20250107-1800	113.840000
2025-01-07	SI	20250107-1900	108.150000
2025-01-07	SI	20250107-2000	108.150000
2025-01-07	SI	20250107-2100	108.150000
2025-01-07	SI	20250107-2200	107.150000
2025-01-07	SI	20250107-2300	106.340000
2025-01-07	SK	20250107-0000	15.940000
2025-01-07	SK	20250107-0100	16.950000
2025-01-07	SK	20250107-0200	8.070000
2025-01-07	SK	20250107-0300	17.620000
2025-01-07	SK	20250107-0400	18.660000
2025-01-07	SK	20250107-0500	63.040000
2025-01-07	SK	20250107-0600	84.000000
2025-01-07	SK	20250107-0700	95.200000
2025-01-07	SK	20250107-0800	95.200000
2025-01-07	SK	20250107-0900	84.520000
2025-01-07	SK	20250107-1000	78.400000
2025-01-07	SK	20250107-1100	78.110000
2025-01-07	SK	20250107-1200	77.940000
2025-01-07	SK	20250107-1300	83.210000
2025-01-07	SK	20250107-1400	84.520000
2025-01-07	SK	20250107-1500	113.840000
2025-01-07	SK	20250107-1600	99.890000
2025-01-07	SK	20250107-1700	95.200000
2025-01-07	SK	20250107-1800	95.200000
2025-01-07	SK	20250107-1900	85.270000
2025-01-07	SK	20250107-2000	81.340000
2025-01-07	SK	20250107-2100	77.700000
2025-01-07	SK	20250107-2200	65.420000
2025-01-07	SK	20250107-2300	52.030000
2025-07-08	AT	20250708-0000	88.150000
2025-07-08	AT	20250708-0100	88.150000
2025-07-08	AT	20250708-0200	88.150000
2025-07-08	AT	20250708-0300	88.150000
2025-07-08	AT	20250708-0400	88.150000
2025-07-08	AT	20250708-0500	88.150000
2025-07-08	AT	20250708-0600	88.150000
2025-07-08	AT	20250708-0700	88.150000
2025-07-08	AT	20250708-0800	88.150000
2025-07-08	AT	20250708-0900	88.150000
2025-07-08	AT	20250708-1000	88.150000
2025-07-08	AT	20250708-1100	83.740000
2025-07-08	AT	20250708-1200	80.170000
2025-07-08	AT	20250708-1300	72.880000
2025-07-08	AT	20250708-1400	81.720000
2025-07-08	AT	20250708-1500	83.740000
2025-07-08	AT	20250708-1600	88.150000
2025-07-08	AT	20250708-1700	88.150000
2025-07-08	AT	20250708-1800	88.150000
2025-07-08	AT	20250708-1900	88.150000
2025-07-08	AT	20250708-2000	88.150000
2025-07-08	AT	20250708-2100	88.150000
2025-07-08	AT	20250708-2200	83.740000
2025-07-08	AT	20250708-2300	83.740000
2025-07-08	BE	20250708-0000	83.740000
2025-07-08	BE	20250708-0100	83.740000
2025-07-08	BE	20250708-0200	83.740000
2025-07-08	BE	20250708-0300	79.710000
2025-07-08	BE	20250708-0400	83.740000
2025-07-08	BE	20250708-0500	83.740000
2025-07-08	BE	20250708-0600	81.050000
2025-07-08	BE	20250708-0700	79.710000
2025-07-08	BE	20250708-0800	79.710000
2025-07-08	BE	20250708-0900	75.370000
2025-07-08	BE	20250708-1000	59.350000
2025-07-08	BE	20250708-1100	55.420000
2025-07-08	BE	20250708-1200	50.020000
2025-07-08	BE	20250708-1300	50.020000
2025-07-08	BE	20250708-1400	59.400000
2025-07-08	BE	20250708-1500	66.030000
2025-07-08	BE	20250708-1600	83.740000
2025-07-08	BE	20250708-1700	83.990000
2025-07-08	BE	20250708-1800	88.150000
2025-07-08	BE	20250708-1900	94.200000
2025-07-08	BE	20250708-2000	92.260000
2025-07-08	BE	20250708-2100	85.970000
2025-07-08	BE	20250708-2200	85.970000
2025-07-08	BE	20250708-2300	83.740000
2025-07-08	BG	20250708-0000	104.650000
2025-07-08	BG	20250708-0100	104.650000
2025-07-08	BG	20250708-0200	104.650000
2025-07-08	BG	20250708-0300	104.650000
2025-07-08	BG	20250708-0400	116.440000
2025-07-08	BG	20250708-0500	110.410000
2025-07-08	BG	20250708-0600	104.650000
2025-07-08	BG	20250708-0700	95.280000
2025-07-08	BG	20250708-0800	83.740000
2025-07-08	BG	20250708-0900	83.740000
2025-07-08	BG	20250708-1000	83.740000
2025-07-08	BG	20250708-1100	83.740000
2025-07-08	BG	20250708-1200	83.910000
2025-07-08	BG	20250708-1300	104.650000
2025-07-08	BG	20250708-1400	104.650000
2025-07-08	BG	20250708-1500	125.030000
2025-07-08	BG	20250708-1600	159.550000
2025-07-08	BG	20250708-1700	175.050000
2025-07-08	BG	20250708-1800	178.660000
2025-07-08	BG	20250708-1900	171.130000
2025-07-08	BG	20250708-2000	147.660000
2025-07-08	BG	20250708-2100	109.180000
2025-07-08	BG	20250708-2200	104.650000
2025-07-08	BG	20250708-2300	104.630000
2025-07-08	CH	20250708-0000	92.560000
2025-07-08	CH	20250708-0100	91.540000
2025-07-08	CH	20250708-0200	92.070000
2025-07-08	CH	20250708-0300	93.400000
2025-07-08	CH	20250708-0400	93.400000
2025-07-08	CH	20250708-0500	100.490000
2025-07-08	CH	20250708-0600	96.380000
2025-07-08	CH	20250708-0700	93.400000
2025-07-08	CH	20250708-0800	93.400000
2025-07-08	CH	20250708-0900	88.150000
2025-07-08	CH	20250708-1000	83.740000
2025-07-08	CH	20250708-1100	75.000000
2025-07-08	CH	20250708-1200	63.000000
2025-07-08	CH	20250708-1300	63.000000
2025-07-08	CH	20250708-1400	81.720000
2025-07-08	CH	20250708-1500	83.740000
2025-07-08	CH	20250708-1600	93.400000
2025-07-08	CH	20250708-1700	102.900000
2025-07-08	CH	20250708-1800	104.650000
2025-07-08	CH	20250708-1900	104.650000
2025-07-08	CH	20250708-2000	100.780000
2025-07-08	CH	20250708-2100	93.400000
2025-07-08	CH	20250708-2200	93.400000
2025-07-08	CH	20250708-2300	92.080000
2025-07-08	CZ	20250708-0000	92.560000
2025-07-08	CZ	20250708-0100	91.540000
2025-07-08	CZ	20250708-0200	92.070000
2025-07-08	CZ	20250708-0300	93.400000
2025-07-08	CZ	20250708-0400	98.550000
2025-07-08	CZ	20250708-0500	104.650000
2025-07-08	CZ	20250708-0600	104.650000
2025-07-08	CZ	20250708-0700	104.650000
2025-07-08	CZ	20250708-0800	104.650000
2025-07-08	CZ	20250708-0900	104.650000
2025-07-08	CZ	20250708-1000	104.650000
2025-07-08	CZ	20250708-1100	104.650000
2025-07-08	CZ	20250708-1200	104.650000
2025-07-08	CZ	20250708-1300	104.650000
2025-07-08	CZ	20250708-1400	104.650000
2025-07-08	CZ	20250708-1500	104.650000
2025-07-08	CZ	20250708-1600	102.510000
2025-07-08	CZ	20250708-1700	104.650000
2025-07-08	CZ	20250708-1800	104.650000
2025-07-08	CZ	20250708-1900	104.650000
2025-07-08	CZ	20250708-2000	100.780000
2025-07-08	CZ	20250708-2100	93.400000
2025-07-08	CZ	20250708-2200	93.400000
2025-07-08	CZ	20250708-2300	92.080000
2025-07-08	DE_LU	20250708-0000	92.560000
2025-07-08	DE_LU	20250708-0100	91.540000
2025-07-08	DE_LU	20250708-0200	92.070000
2025-07-08	DE_LU	20250708-0300	93.400000
2025-07-08	DE_LU	20250708-0400	93.400000
2025-07-08	DE_LU	20250708-0500	100.490000
2025-07-08	DE_LU	20250708-0600	96.380000
2025-07-08	DE_LU	20250708-0700	93.400000
2025-07-08	DE_LU	20250708-0800	93.400000
2025-07-08	DE_LU	20250708-0900	88.150000
2025-07-08	DE_LU	20250708-1000	83.740000
2025-07-08	DE_LU	20250708-1100	75.000000
2025-07-08	DE_LU	20250708-1200	63.000000
2025-07-08	DE_LU	20250708-1300	63.000000
2025-07-08	DE_LU	20250708-1400	81.720000
2025-07-08	DE_LU	20250708-1500	83.740000
2025-07-08	DE_LU	20250708-1600	93.400000
2025-07-08	DE_LU	20250708-1700	102.900000
2025-07-08	DE_LU	20250708-1800	104.650000
2025-07-08	DE_LU	20250708-1900	104.650000
2025-07-08	DE_LU	20250708-2000	100.780000
2025-07-08	DE_LU	20250708-2100	93.400000
2025-07-08	DE_LU	20250708-2200	93.400000
2025-07-08	DE_LU	20250708-2300	92.080000
2025-07-08	DK1	20250708-0000	83.740000
2025-07-08	DK1	20250708-0100	83.740000
2025-07-08	DK1	20250708-0200	83.740000
2025-07-08	DK1	20250708-0300	83.740000
2025-07-08	DK1	20250708-0400	93.400000
2025-07-08	DK1	20250708-0500	100.490000
2025-07-08	DK1	20250708-0600	96.380000
2025-07-08	DK1	20250708-0700	93.400000
2025-07-08	DK1	20250708-0800	93.400000
2025-07-08	DK1	20250708-0900	88.150000
2025-07-08	DK1	20250708-1000	83.740000
2025-07-08	DK1	20250708-1100	75.000000
2025-07-08	DK1	20250708-1200	63.000000
2025-07-08	DK1	20250708-1300	63.000000
2025-07-08	DK1	20250708-1400	81.720000
2025-07-08	DK1	20250708-1500	80.170000
2025-07-08	DK1	20250708-1600	83.740000
2025-07-08	DK1	20250708-1700	83.740000
2025-07-08	DK1	20250708-1800	96.380000
2025-07-08	DK1	20250708-1900	104.650000
2025-07-08	DK1	20250708-2000	100.780000
2025-07-08	DK1	20250708-2100	93.400000
2025-07-08	DK1	20250708-2200	93.400000
2025-07-08	DK1	20250708-2300	92.080000
2025-07-08	DK2	20250708-0000	75.000000
2025-07-08	DK2	20250708-0100	75.000000
2025-07-08	DK2	20250708-0200	75.000000
2025-07-08	DK2	20250708-0300	63.000000
2025-07-08	DK2	20250708-0400	93.400000
2025-07-08	DK2	20250708-0500	100.490000
2025-07-08	DK2	20250708-0600	96.380000
2025-07-08	DK2	20250708-0700	93.400000
2025-07-08	DK2	20250708-0800	93.400000
2025-07-08	DK2	20250708-0900	88.150000
2025-07-08	DK2	20250708-1000	83.740000
2025-07-08	DK2	20250708-1100	75.000000
2025-07-08	DK2	20250708-1200	63.000000
2025-07-08	DK2	20250708-1300	63.000000
2025-07-08	DK2	20250708-1400	81.720000
2025-07-08	DK2	20250708-1500	83.740000
2025-07-08	DK2	20250708-1600	93.400000
2025-07-08	DK2	20250708-1700	102.900000
2025-07-08	DK2	20250708-1800	104.650000
2025-07-08	DK2	20250708-1900	104.650000
2025-07-08	DK2	20250708-2000	100.780000
2025-07-08	DK2	20250708-2100	93.400000
2025-07-08	DK2	20250708-2200	93.400000
2025-07-08	DK2	20250708-2300	92.080000
2025-07-08	EE	20250708-0000	46.580000
2025-07-08	EE	20250708-0100	46.390000
2025-07-08	EE	20250708-0200	46.500000
2025-07-08	EE	20250708-0300	44.200000
2025-07-08	EE	20250708-0400	56.770000
2025-07-08	EE	20250708-0500	60.740000
2025-07-08	EE	20250708-0600	56.350000
2025-07-08	EE	20250708-0700	75.340000
2025-07-08	EE	20250708-0800	39.660000
2025-07-08	EE	20250708-0900	9.500000
2025-07-08	EE	20250708-1000	9.500000
2025-07-08	EE	20250708-1100	9.500000
2025-07-08	EE	20250708-1200	39.660000
2025-07-08	EE	20250708-1300	5.000000
2025-07-08	EE	20250708-1400	47.560000
2025-07-08	EE	20250708-1500	52.760000
2025-07-08	EE	20250708-1600	70.090000
2025-07-08	EE	20250708-1700	83.330000
2025-07-08	EE	20250708-1800	86.870000
2025-07-08	EE	20250708-1900	83.930000
2025-07-08	EE	20250708-2000	75.340000
2025-07-08	EE	20250708-2100	68.230000
2025-07-08	EE	20250708-2200	68.230000
2025-07-08	EE	20250708-2300	64.530000
2025-07-08	ES	20250708-0000	48.150000
2025-07-08	ES	20250708-0100	48.150000
2025-07-08	ES	20250708-0200	48.150000
2025-07-08	ES	20250708-0300	48.150000
2025-07-08	ES	20250708-0400	57.000000
2025-07-08	ES	20250708-0500	78.140000
2025-07-08	ES	20250708-0600	58.430000
2025-07-08	ES	20250708-0700	23.750000
2025-07-08	ES	20250708-0800	5.000000
2025-07-08	ES	20250708-0900	5.000000
2025-07-08	ES	20250708-1000	5.000000
2025-07-08	ES	20250708-1100	9.500000
2025-07-08	ES	20250708-1200	5.000000
2025-07-08	ES	20250708-1300	5.000000
2025-07-08	ES	20250708-1400	5.000000
2025-07-08	ES	20250708-1500	9.500000
2025-07-08	ES	20250708-1600	12.510000
2025-07-08	ES	20250708-1700	41.300000
2025-07-08	ES	20250708-1800	83.740000
2025-07-08	ES	20250708-1900	154.260000
2025-07-08	ES	20250708-2000	151.910000
2025-07-08	ES	20250708-2100	83.740000
2025-07-08	ES	20250708-2200	83.740000
2025-07-08	ES	20250708-2300	83.740000
2025-07-08	FI	20250708-0000	5.000000
2025-07-08	FI	20250708-0100	9.500000
2025-07-08	FI	20250708-0200	9.500000
2025-07-08	FI	20250708-0300	9.500000
2025-07-08	FI	20250708-0400	12.390000
2025-07-08	FI	20250708-0500	24.000000
2025-07-08	FI	20250708-0600	17.030000
2025-07-08	FI	20250708-0700	12.490000
2025-07-08	FI	20250708-0800	11.400000
2025-07-08	FI	20250708-0900	9.500000
2025-07-08	FI	20250708-1000	9.500000
2025-07-08	FI	20250708-1100	9.500000
2025-07-08	FI	20250708-1200	9.500000
2025-07-08	FI	20250708-1300	5.000000
2025-07-08	FI	20250708-1400	9.500000
2025-07-08	FI	20250708-1500	9.500000
2025-07-08	FI	20250708-1600	9.500000
2025-07-08	FI	20250708-1700	9.500000
2025-07-08	FI	20250708-1800	9.500000
2025-07-08	FI	20250708-1900	9.500000
2025-07-08	FI	20250708-2000	9.500000
2025-07-08	FI	20250708-2100	9.500000
2025-07-08	FI	20250708-2200	9.500000
2025-07-08	FI	20250708-2300	9.500000
2025-07-08	FR	20250708-0000	29.940000
2025-07-08	FR	20250708-0100	29.820000
2025-07-08	FR	20250708-0200	29.880000
2025-07-08	FR	20250708-0300	30.040000
2025-07-08	FR	20250708-0400	48.150000
2025-07-08	FR	20250708-0500	63.810000
2025-07-08	FR	20250708-0600	58.430000
2025-07-08	FR	20250708-0700	48.150000
2025-07-08	FR	20250708-0800	26.210000
2025-07-08	FR	20250708-0900	24.990000
2025-07-08	FR	20250708-1000	24.990000
2025-07-08	FR	20250708-1100	23.750000
2025-07-08	FR	20250708-1200	5.000000
2025-07-08	FR	20250708-1300	5.000000
2025-07-08	FR	20250708-1400	5.000000
2025-07-08	FR	20250708-1500	9.500000
2025-07-08	FR	20250708-1600	30.360000
2025-07-08	FR	20250708-1700	41.300000
2025-07-08	FR	20250708-1800	83.740000
2025-07-08	FR	20250708-1900	84.690000
2025-07-08	FR	20250708-2000	76.730000
2025-07-08	FR	20250708-2100	63.230000
2025-07-08	FR	20250708-2200	63.230000
2025-07-08	FR	20250708-2300	62.940000
2025-07-08	GR	20250708-0000	104.650000
2025-07-08	GR	20250708-0100	104.650000
2025-07-08	GR	20250708-0200	104.650000
2025-07-08	GR	20250708-0300	104.650000
2025-07-08	GR	20250708-0400	116.440000
2025-07-08	GR	20250708-0500	110.410000
2025-07-08	GR	20250708-0600	99.420000
2025-07-08	GR	20250708-0700	83.740000
2025-07-08	GR	20250708-0800	83.740000
2025-07-08	GR	20250708-0900	83.740000
2025-07-08	GR	20250708-1000	83.740000
2025-07-08	GR	20250708-1100	83.740000
2025-07-08	GR	20250708-1200	83.740000
2025-07-08	GR	20250708-1300	83.740000
2025-07-08	GR	20250708-1400	83.740000
2025-07-08	GR	20250708-1500	125.030000
2025-07-08	GR	20250708-1600	159.550000
2025-07-08	GR	20250708-1700	175.050000
2025-07-08	GR	20250708-1800	178.660000
2025-07-08	GR	20250708-1900	171.130000
2025-07-08	GR	20250708-2000	147.660000
2025-07-08	GR	20250708-2100	109.180000
2025-07-08	GR	20250708-2200	104.650000
2025-07-08	GR	20250708-2300	104.630000
2025-07-08	HU	20250708-0000	58.180000
2025-07-08	HU	20250708-0100	63.160000
2025-07-08	HU	20250708-0200	83.740000
2025-07-08	HU	20250708-0300	83.740000
2025-07-08	HU	20250708-0400	83.740000
2025-07-08	HU	20250708-0500	86.330000
2025-07-08	HU	20250708-0600	86.330000
2025-07-08	HU	20250708-0700	83.740000
2025-07-08	HU	20250708-0800	83.740000
2025-07-08	HU	20250708-0900	83.740000
2025-07-08	HU	20250708-1000	83.740000
2025-07-08	HU	20250708-1100	83.740000
2025-07-08	HU	20250708-1200	83.910000
2025-07-08	HU	20250708-1300	88.150000
2025-07-08	HU	20250708-1400	90.180000
2025-07-08	HU	20250708-1500	88.150000
2025-07-08	HU	20250708-1600	83.740000
2025-07-08	HU	20250708-1700	88.150000
2025-07-08	HU	20250708-1800	88.150000
2025-07-08	HU	20250708-1900	88.150000
2025-07-08	HU	20250708-2000	83.740000
2025-07-08	HU	20250708-2100	83.740000
2025-07-08	HU	20250708-2200	58.180000
2025-07-08	HU	20250708-2300	48.480000
2025-07-08	IT-CNORTH	20250708-0000	100.490000
2025-07-08	IT-CNORTH	20250708-0100	100.490000
2025-07-08	IT-CNORTH	20250708-0200	100.490000
2025-07-08	IT-CNORTH	20250708-0300	100.490000
2025-07-08	IT-CNORTH	20250708-0400	100.490000
2025-07-08	IT-CNORTH	20250708-0500	100.490000
2025-07-08	IT-CNORTH	20250708-0600	100.490000
2025-07-08	IT-CNORTH	20250708-0700	112.120000
2025-07-08	IT-CNORTH	20250708-0800	101.190000
2025-07-08	IT-CNORTH	20250708-0900	100.490000
2025-07-08	IT-CNORTH	20250708-1000	100.490000
2025-07-08	IT-CNORTH	20250708-1100	100.490000
2025-07-08	IT-CNORTH	20250708-1200	100.490000
2025-07-08	IT-CNORTH	20250708-1300	100.490000
2025-07-08	IT-CNORTH	20250708-1400	100.490000
2025-07-08	IT-CNORTH	20250708-1500	111.600000
2025-07-08	IT-CNORTH	20250708-1600	124.620000
2025-07-08	IT-CNORTH	20250708-1700	177.510000
2025-07-08	IT-CNORTH	20250708-1800	168.760000
2025-07-08	IT-CNORTH	20250708-1900	124.620000
2025-07-08	IT-CNORTH	20250708-2000	100.780000
2025-07-08	IT-CNORTH	20250708-2100	100.490000
2025-07-08	IT-CNORTH	20250708-2200	100.490000
2025-07-08	IT-CNORTH	20250708-2300	100.490000
2025-07-08	IT-CSOUTH	20250708-0000	100.490000
2025-07-08	IT-CSOUTH	20250708-0100	100.490000
2025-07-08	IT-CSOUTH	20250708-0200	100.490000
2025-07-08	IT-CSOUTH	20250708-0300	100.490000
2025-07-08	IT-CSOUTH	20250708-0400	100.490000
2025-07-08	IT-CSOUTH	20250708-0500	100.490000
2025-07-08	IT-CSOUTH	20250708-0600	100.490000
2025-07-08	IT-CSOUTH	20250708-0700	112.120000
2025-07-08	IT-CSOUTH	20250708-0800	101.190000
2025-07-08	IT-CSOUTH	20250708-0900	100.490000
2025-07-08	IT-CSOUTH	20250708-1000	100.490000
2025-07-08	IT-CSOUTH	20250708-1100	100.490000
2025-07-08	IT-CSOUTH	20250708-1200	100.490000
2025-07-08	IT-CSOUTH	20250708-1300	100.490000
2025-07-08	IT-CSOUTH	20250708-1400	100.490000
2025-07-08	IT-CSOUTH	20250708-1500	111.600000
2025-07-08	IT-CSOUTH	20250708-1600	124.620000
2025-07-08	IT-CSOUTH	20250708-1700	177.510000
2025-07-08	IT-CSOUTH	20250708-1800	168.760000
2025-07-08	IT-CSOUTH	20250708-1900	124.620000
2025-07-08	IT-CSOUTH	20250708-2000	100.780000
2025-07-08	IT-CSOUTH	20250708-2100	100.490000
2025-07-08	IT-CSOUTH	20250708-2200	100.490000
2025-07-08	IT-CSOUTH	20250708-2300	100.490000
2025-07-08	IT-Calabria	20250708-0000	100.490000
2025-07-08	IT-Calabria	20250708-0100	100.490000
2025-07-08	IT-Calabria	20250708-0200	100.490000
2025-07-08	IT-Calabria	20250708-0300	100.490000
2025-07-08	IT-Calabria	20250708-0400	100.490000
2025-07-08	IT-Calabria	20250708-0500	100.490000
2025-07-08	IT-Calabria	20250708-0600	100.490000
2025-07-08	IT-Calabria	20250708-0700	2.850000
2025-07-08	IT-Calabria	20250708-0800	1.000000
2025-07-08	IT-Calabria	20250708-0900	1.000000
2025-07-08	IT-Calabria	20250708-1000	1.000000
2025-07-08	IT-Calabria	20250708-1100	1.000000
2025-07-08	IT-Calabria	20250708-1200	1.000000
2025-07-08	IT-Calabria	20250708-1300	1.000000
2025-07-08	IT-Calabria	20250708-1400	100.490000
2025-07-08	IT-Calabria	20250708-1500	100.490000
2025-07-08	IT-Calabria	20250708-1600	100.490000
2025-07-08	IT-Calabria	20250708-1700	100.490000
2025-07-08	IT-Calabria	20250708-1800	148.750000
2025-07-08	IT-Calabria	20250708-1900	124.620000
2025-07-08	IT-Calabria	20250708-2000	100.780000
2025-07-08	IT-Calabria	20250708-2100	100.490000
2025-07-08	IT-Calabria	20250708-2200	100.490000
2025-07-08	IT-Calabria	20250708-2300	100.490000
2025-07-08	IT-NORTH	20250708-0000	100.490000
2025-07-08	IT-NORTH	20250708-0100	100.490000
2025-07-08	IT-NORTH	20250708-0200	100.490000
2025-07-08	IT-NORTH	20250708-0300	100.490000
2025-07-08	IT-NORTH	20250708-0400	100.490000
2025-07-08	IT-NORTH	20250708-0500	100.490000
2025-07-08	IT-NORTH	20250708-0600	100.490000
2025-07-08	IT-NORTH	20250708-0700	112.120000
2025-07-08	IT-NORTH	20250708-0800	101.190000
2025-07-08	IT-NORTH	20250708-0900	100.490000
2025-07-08	IT-NORTH	20250708-1000	100.490000
2025-07-08	IT-NORTH	20250708-1100	100.490000
2025-07-08	IT-NORTH	20250708-1200	100.490000
2025-07-08	IT-NORTH	20250708-1300	100.490000
2025-07-08	IT-NORTH	20250708-1400	100.490000
2025-07-08	IT-NORTH	20250708-1500	111.600000
2025-07-08	IT-NORTH	20250708-1600	124.620000
2025-07-08	IT-NORTH	20250708-1700	177.510000
2025-07-08	IT-NORTH	20250708-1800	168.760000
2025-07-08	IT-NORTH	20250708-1900	124.620000
2025-07-08	IT-NORTH	20250708-2000	100.780000
2025-07-08	IT-NORTH	20250708-2100	100.490000
2025-07-08	IT-NORTH	20250708-2200	100.490000
2025-07-08	IT-NORTH	20250708-2300	100.490000
2025-07-08	IT-SOUTH	20250708-0000	100.490000
2025-07-08	IT-SOUTH	20250708-0100	100.490000
2025-07-08	IT-SOUTH	20250708-0200	100.490000
2025-07-08	IT-SOUTH	20250708-0300	100.490000
2025-07-08	IT-SOUTH	20250708-0400	100.490000
2025-07-08	IT-SOUTH	20250708-0500	100.490000
2025-07-08	IT-SOUTH	20250708-0600	100.490000
2025-07-08	IT-SOUTH	20250708-0700	2.850000
2025-07-08	IT-SOUTH	20250708-0800	1.000000
2025-07-08	IT-SOUTH	20250708-0900	1.000000
2025-07-08	IT-SOUTH	20250708-1000	1.000000
2025-07-08	IT-SOUTH	20250708-1100	1.000000
2025-07-08	IT-SOUTH	20250708-1200	1.000000
2025-07-08	IT-SOUTH	20250708-1300	1.000000
2025-07-08	IT-SOUTH	20250708-1400	100.490000
2025-07-08	IT-SOUTH	20250708-1500	100.490000
2025-07-08	IT-SOUTH	20250708-1600	100.490000
2025-07-08	IT-SOUTH	20250708-1700	100.490000
2025-07-08	IT-SOUTH	20250708-1800	148.750000
2025-07-08	IT-SOUTH	20250708-1900	124.620000
2025-07-08	IT-SOUTH	20250708-2000	100.780000
2025-07-08	IT-SOUTH	20250708-2100	100.490000
2025-07-08	IT-SOUTH	20250708-2200	100.490000
2025-07-08	IT-SOUTH	20250708-2300	100.490000
2025-07-08	IT-Sardinia	20250708-0000	100.490000
2025-07-08	IT-Sardinia	20250708-0100	100.490000
2025-07-08	IT-Sardinia	20250708-0200	100.490000
2025-07-08	IT-Sardinia	20250708-0300	100.490000
2025-07-08	IT-Sardinia	20250708-0400	100.490000
2025-07-08	IT-Sardinia	20250708-0500	100.490000
2025-07-08	IT-Sardinia	20250708-0600	90.410000
2025-07-08	IT-Sardinia	20250708-0700	1.000000
2025-07-08	IT-Sardinia	20250708-0800	1.000000
2025-07-08	IT-Sardinia	20250708-0900	1.000000
2025-07-08	IT-Sardinia	20250708-1000	1.000000
2025-07-08	IT-Sardinia	20250708-1100	1.000000
2025-07-08	IT-Sardinia	20250708-1200	1.000000
2025-07-08	IT-Sardinia	20250708-1300	1.000000
2025-07-08	IT-Sardinia	20250708-1400	1.000000
2025-07-08	IT-Sardinia	20250708-1500	1.000000
2025-07-08	IT-Sardinia	20250708-1600	85.500000
2025-07-08	IT-Sardinia	20250708-1700	112.080000
2025-07-08	IT-Sardinia	20250708-1800	123.480000
2025-07-08	IT-Sardinia	20250708-1900	124.620000
2025-07-08	IT-Sardinia	20250708-2000	100.780000
2025-07-08	IT-Sardinia	20250708-2100	100.490000
2025-07-08	IT-Sardinia	20250708-2200	100.490000
2025-07-08	IT-Sardinia	20250708-2300	100.490000
2025-07-08	IT-Sicily	20250708-0000	124.620000
2025-07-08	IT-Sicily	20250708-0100	100.490000
2025-07-08	IT-Sicily	20250708-0200	100.490000
2025-07-08	IT-Sicily	20250708-0300	100.490000
2025-07-08	IT-Sicily	20250708-0400	100.490000
2025-07-08	IT-Sicily	20250708-0500	100.490000
2025-07-08	IT-Sicily	20250708-0600	100.490000
2025-07-08	IT-Sicily	20250708-0700	100.490000
2025-07-08	IT-Sicily	20250708-0800	1.000000
2025-07-08	IT-Sicily	20250708-0900	1.000000
2025-07-08	IT-Sicily	20250708-1000	1.000000
2025-07-08	IT-Sicily	20250708-1100	1.000000
2025-07-08	IT-Sicily	20250708-1200	1.000000
2025-07-08	IT-Sicily	20250708-1300	1.000000
2025-07-08	IT-Sicily	20250708-1400	100.490000
2025-07-08	IT-Sicily	20250708-1500	100.490000
2025-07-08	IT-Sicily	20250708-1600	100.490000
2025-07-08	IT-Sicily	20250708-1700	152.510000
2025-07-08	IT-Sicily	20250708-1800	221.170000
2025-07-08	IT-Sicily	20250708-1900	256.480000
2025-07-08	IT-Sicily	20250708-2000	224.020000
2025-07-08	IT-Sicily	20250708-2100	171.070000
2025-07-08	IT-Sicily	20250708-2200	124.620000
2025-07-08	IT-Sicily	20250708-2300	100.490000
2025-07-08	LT	20250708-0000	46.580000
2025-07-08	LT	20250708-0100	46.390000
2025-07-08	LT	20250708-0200	46.500000
2025-07-08	LT	20250708-0300	44.200000
2025-07-08	LT	20250708-0400	56.770000
2025-07-08	LT	20250708-0500	60.740000
2025-07-08	LT	20250708-0600	56.350000
2025-07-08	LT	20250708-0700	83.740000
2025-07-08	LT	20250708-0800	48.150000
2025-07-08	LT	20250708-0900	9.500000
2025-07-08	LT	20250708-1000	9.500000
2025-07-08	LT	20250708-1100	46.210000
2025-07-08	LT	20250708-1200	39.660000
2025-07-08	LT	20250708-1300	42.510000
2025-07-08	LT	20250708-1400	47.560000
2025-07-08	LT	20250708-1500	52.760000
2025-07-08	LT	20250708-1600	70.090000
2025-07-08	LT	20250708-1700	83.330000
2025-07-08	LT	20250708-1800	86.870000
2025-07-08	LT	20250708-1900	83.930000
2025-07-08	LT	20250708-2000	81.800000
2025-07-08	LT	20250708-2100	68.230000
2025-07-08	LT	20250708-2200	68.230000
2025-07-08	LT	20250708-2300	64.530000
2025-07-08	LV	20250708-0000	46.580000
2025-07-08	LV	20250708-0100	46.390000
2025-07-08	LV	20250708-0200	46.500000
2025-07-08	LV	20250708-0300	44.200000
2025-07-08	LV	20250708-0400	56.770000
2025-07-08	LV	20250708-0500	60.740000
2025-07-08	LV	20250708-0600	56.350000
2025-07-08	LV	20250708-0700	83.740000
2025-07-08	LV	20250708-0800	48.150000
2025-07-08	LV	20250708-0900	9.500000
2025-07-08	LV	20250708-1000	9.500000
2025-07-08	LV	20250708-1100	9.500000
2025-07-08	LV	20250708-1200	39.660000
2025-07-08	LV	20250708-1300	5.000000
2025-07-08	LV	20250708-1400	47.560000
2025-07-08	LV	20250708-1500	52.760000
2025-07-08	LV	20250708-1600	70.090000
2025-07-08	LV	20250708-1700	83.330000
2025-07-08	LV	20250708-1800	86.870000
2025-07-08	LV	20250708-1900	83.930000
2025-07-08	LV	20250708-2000	81.800000
2025-07-08	LV	20250708-2100	68.230000
2025-07-08	LV	20250708-2200	68.230000
2025-07-08	LV	20250708-2300	64.530000
2025-07-08	NL	20250708-0000	83.740000
2025-07-08	NL	20250708-0100	83.740000
2025-07-08	NL	20250708-0200	83.740000
2025-07-08	NL	20250708-0300	83.740000
2025-07-08	NL	20250708-0400	83.740000
2025-07-08	NL	20250708-0500	83.740000
2025-07-08	NL	20250708-0600	83.740000
2025-07-08	NL	20250708-0700	83.740000
2025-07-08	NL	20250708-0800	83.740000
2025-07-08	NL	20250708-0900	83.740000
2025-07-08	NL	20250708-1000	74.420000
2025-07-08	NL	20250708-1100	57.000000
2025-07-08	NL	20250708-1200	48.150000
2025-07-08	NL	20250708-1300	57.000000
2025-07-08	NL	20250708-1400	72.030000
2025-07-08	NL	20250708-1500	80.170000
2025-07-08	NL	20250708-1600	83.740000
2025-07-08	NL	20250708-1700	83.740000
2025-07-08	NL	20250708-1800	83.740000
2025-07-08	NL	20250708-1900	83.740000
2025-07-08	NL	20250708-2000	88.150000
2025-07-08	NL	20250708-2100	88.150000
2025-07-08	NL	20250708-2200	88.150000
2025-07-08	NL	20250708-2300	88.150000
2025-07-08	NO1	20250708-0000	88.150000
2025-07-08	NO1	20250708-0100	87.640000
2025-07-08	NO1	20250708-0200	87.900000
2025-07-08	NO1	20250708-0300	88.570000
2025-07-08	NO1	20250708-0400	88.570000
2025-07-08	NO1	20250708-0500	92.120000
2025-07-08	NO1	20250708-0600	90.060000
2025-07-08	NO1	20250708-0700	88.570000
2025-07-08	NO1	20250708-0800	88.570000
2025-07-08	NO1	20250708-0900	83.740000
2025-07-08	NO1	20250708-1000	65.940000
2025-07-08	NO1	20250708-1100	61.580000
2025-07-08	NO1	20250708-1200	55.580000
2025-07-08	NO1	20250708-1300	55.580000
2025-07-08	NO1	20250708-1400	66.000000
2025-07-08	NO1	20250708-1500	73.370000
2025-07-08	NO1	20250708-1600	88.570000
2025-07-08	NO1	20250708-1700	93.320000
2025-07-08	NO1	20250708-1800	94.200000
2025-07-08	NO1	20250708-1900	94.200000
2025-07-08	NO1	20250708-2000	92.260000
2025-07-08	NO1	20250708-2100	88.570000
2025-07-08	NO1	20250708-2200	88.570000
2025-07-08	NO1	20250708-2300	87.910000
2025-07-08	NO2	20250708-0000	88.150000
2025-07-08	NO2	20250708-0100	88.150000
2025-07-08	NO2	20250708-0200	88.150000
2025-07-08	NO2	20250708-0300	88.150000
2025-07-08	NO2	20250708-0400	88.150000
2025-07-08	NO2	20250708-0500	88.150000
2025-07-08	NO2	20250708-0600	88.150000
2025-07-08	NO2	20250708-0700	88.150000
2025-07-08	NO2	20250708-0800	88.150000
2025-07-08	NO2	20250708-0900	88.150000
2025-07-08	NO2	20250708-1000	74.420000
2025-07-08	NO2	20250708-1100	68.600000
2025-07-08	NO2	20250708-1200	60.610000
2025-07-08	NO2	20250708-1300	60.610000
2025-07-08	NO2	20250708-1400	72.030000
2025-07-08	NO2	20250708-1500	80.170000
2025-07-08	NO2	20250708-1600	88.150000
2025-07-08	NO2	20250708-1700	88.150000
2025-07-08	NO2	20250708-1800	88.150000
2025-07-08	NO2	20250708-1900	88.150000
2025-07-08	NO2	20250708-2000	88.150000
2025-07-08	NO2	20250708-2100	88.150000
2025-07-08	NO2	20250708-2200	88.150000
2025-07-08	NO2	20250708-2300	88.150000
2025-07-08	NO3	20250708-0000	79.340000
2025-07-08	NO3	20250708-0100	78.880000
2025-07-08	NO3	20250708-0200	79.110000
2025-07-08	NO3	20250708-0300	79.710000
2025-07-08	NO3	20250708-0400	79.710000
2025-07-08	NO3	20250708-0500	82.900000
2025-07-08	NO3	20250708-0600	81.050000
2025-07-08	NO3	20250708-0700	79.710000
2025-07-08	NO3	20250708-0800	79.710000
2025-07-08	NO3	20250708-0900	75.370000
2025-07-08	NO3	20250708-1000	59.350000
2025-07-08	NO3	20250708-1100	55.420000
2025-07-08	NO3	20250708-1200	50.020000
2025-07-08	NO3	20250708-1300	50.020000
2025-07-08	NO3	20250708-1400	59.400000
2025-07-08	NO3	20250708-1500	66.030000
2025-07-08	NO3	20250708-1600	79.710000
2025-07-08	NO3	20250708-1700	83.990000
2025-07-08	NO3	20250708-1800	84.780000
2025-07-08	NO3	20250708-1900	84.780000
2025-07-08	NO3	20250708-2000	83.030000
2025-07-08	NO3	20250708-2100	79.710000
2025-07-08	NO3	20250708-2200	79.710000
2025-07-08	NO3	20250708-2300	79.120000
2025-07-08	NO4	20250708-0000	19.550000
2025-07-08	NO4	20250708-0100	18.510000
2025-07-08	NO4	20250708-0200	18.550000
2025-07-08	NO4	20250708-0300	20.200000
2025-07-08	NO4	20250708-0400	25.170000
2025-07-08	NO4	20250708-0500	30.900000
2025-07-08	NO4	20250708-0600	33.940000
2025-07-08	NO4	20250708-0700	31.550000
2025-07-08	NO4	20250708-0800	27.760000
2025-07-08	NO4	20250708-0900	28.320000
2025-07-08	NO4	20250708-1000	30.110000
2025-07-08	NO4	20250708-1100	25.490000
2025-07-08	NO4	20250708-1200	25.690000
2025-07-08	NO4	20250708-1300	24.090000
2025-07-08	NO4	20250708-1400	25.810000
2025-07-08	NO4	20250708-1500	27.190000
2025-07-08	NO4	20250708-1600	27.300000
2025-07-08	NO4	20250708-1700	28.940000
2025-07-08	NO4	20250708-1800	32.920000
2025-07-08	NO4	20250708-1900	30.930000
2025-07-08	NO4	20250708-2000	29.330000
2025-07-08	NO4	20250708-2100	29.790000
2025-07-08	NO4	20250708-2200	25.590000
2025-07-08	NO4	20250708-2300	25.490000
2025-07-08	NO5	20250708-0000	79.340000
2025-07-08	NO5	20250708-0100	78.880000
2025-07-08	NO5	20250708-0200	79.110000
2025-07-08	NO5	20250708-0300	79.710000
2025-07-08	NO5	20250708-0400	79.710000
2025-07-08	NO5	20250708-0500	82.900000
2025-07-08	NO5	20250708-0600	81.050000
2025-07-08	NO5	20250708-0700	79.710000
2025-07-08	NO5	20250708-0800	79.710000
2025-07-08	NO5	20250708-0900	75.370000
2025-07-08	NO5	20250708-1000	59.350000
2025-07-08	NO5	20250708-1100	55.420000
2025-07-08	NO5	20250708-1200	50.020000
2025-07-08	NO5	20250708-1300	50.020000
2025-07-08	NO5	20250708-1400	59.400000
2025-07-08	NO5	20250708-1500	66.030000
2025-07-08	NO5	20250708-1600	79.710000
2025-07-08	NO5	20250708-1700	83.990000
2025-07-08	NO5	20250708-1800	84.780000
2025-07-08	NO5	20250708-1900	84.780000
2025-07-08	NO5	20250708-2000	83.030000
2025-07-08	NO5	20250708-2100	79.710000
2025-07-08	NO5	20250708-2200	79.710000
2025-07-08	NO5	20250708-2300	79.120000
2025-07-08	PL	20250708-0000	92.460000
2025-07-08	PL	20250708-0100	91.540000
2025-07-08	PL	20250708-0200	92.070000
2025-07-08	PL	20250708-0300	93.400000
2025-07-08	PL	20250708-0400	98.550000
2025-07-08	PL	20250708-0500	100.210000
2025-07-08	PL	20250708-0600	96.380000
2025-07-08	PL	20250708-0700	91.660000
2025-07-08	PL	20250708-0800	89.030000
2025-07-08	PL	20250708-0900	89.030000
2025-07-08	PL	20250708-1000	90.430000
2025-07-08	PL	20250708-1100	90.670000
2025-07-08	PL	20250708-1200	90.040000
2025-07-08	PL	20250708-1300	92.860000
2025-07-08	PL	20250708-1400	97.240000
2025-07-08	PL	20250708-1500	100.210000
2025-07-08	PL	20250708-1600	102.510000
2025-07-08	PL	20250708-1700	104.650000
2025-07-08	PL	20250708-1800	104.650000
2025-07-08	PL	20250708-1900	104.650000
2025-07-08	PL	20250708-2000	100.780000
2025-07-08	PL	20250708-2100	93.400000
2025-07-08	PL	20250708-2200	93.400000
2025-07-08	PL	20250708-2300	92.080000
2025-07-08	PT	20250708-0000	48.150000
2025-07-08	PT	20250708-0100	48.150000
2025-07-08	PT	20250708-0200	48.150000
2025-07-08	PT	20250708-0300	48.150000
2025-07-08	PT	20250708-0400	57.000000
2025-07-08	PT	20250708-0500	78.140000
2025-07-08	PT	20250708-0600	58.430000
2025-07-08	PT	20250708-0700	23.750000
2025-07-08	PT	20250708-0800	5.000000
2025-07-08	PT	20250708-0900	5.000000
2025-07-08	PT	20250708-1000	5.000000
2025-07-08	PT	20250708-1100	9.500000
2025-07-08	PT	20250708-1200	5.000000
2025-07-08	PT	20250708-1300	48.150000
2025-07-08	PT	20250708-1400	63.580000
2025-07-08	PT	20250708-1500	83.740000
2025-07-08	PT	20250708-1600	83.740000
2025-07-08	PT	20250708-1700	117.840000
2025-07-08	PT	20250708-1800	83.740000
2025-07-08	PT	20250708-1900	154.260000
2025-07-08	PT	20250708-2000	151.910000
2025-07-08	PT	20250708-2100	83.740000
2025-07-08	PT	20250708-2200	83.740000
2025-07-08	PT	20250708-2300	83.740000
2025-07-08	RO	20250708-0000	104.650000
2025-07-08	RO	20250708-0100	104.650000
2025-07-08	RO	20250708-0200	104.650000
2025-07-08	RO	20250708-0300	104.650000
2025-07-08	RO	20250708-0400	116.440000
2025-07-08	RO	20250708-0500	110.410000
2025-07-08	RO	20250708-0600	104.650000
2025-07-08	RO	20250708-0700	95.280000
2025-07-08	RO	20250708-0800	83.740000
2025-07-08	RO	20250708-0900	83.740000
2025-07-08	RO	20250708-1000	83.740000
2025-07-08	RO	20250708-1100	83.740000
2025-07-08	RO	20250708-1200	83.910000
2025-07-08	RO	20250708-1300	104.650000
2025-07-08	RO	20250708-1400	104.650000
2025-07-08	RO	20250708-1500	125.030000
2025-07-08	RO	20250708-1600	159.550000
2025-07-08	RO	20250708-1700	175.050000
2025-07-08	RO	20250708-1800	178.660000
2025-07-08	RO	20250708-1900	171.130000
2025-07-08	RO	20250708-2000	147.660000
2025-07-08	RO	20250708-2100	109.180000
2025-07-08	RO	20250708-2200	104.650000
2025-07-08	RO	20250708-2300	104.630000
2025-07-08	RS	20250708-0000	104.650000
2025-07-08	RS	20250708-0100	104.650000
2025-07-08	RS	20250708-0200	104.650000
2025-07-08	RS	20250708-0300	104.650000
2025-07-08	RS	20250708-0400	116.440000
2025-07-08	RS	20250708-0500	110.410000
2025-07-08	RS	20250708-0600	104.650000
2025-07-08	RS	20250708-0700	95.280000
2025-07-08	RS	20250708-0800	83.740000
2025-07-08	RS	20250708-0900	83.740000
2025-07-08	RS	20250708-1000	83.740000
2025-07-08	RS	20250708-1100	83.740000
2025-07-08	RS	20250708-1200	83.910000
2025-07-08	RS	20250708-1300	104.650000
2025-07-08	RS	20250708-1400	104.650000
2025-07-08	RS	20250708-1500	125.030000
2025-07-08	RS	20250708-1600	159.550000
2025-07-08	RS	20250708-1700	158.670000
2025-07-08	RS	20250708-1800	178.660000
2025-07-08	RS	20250708-1900	171.130000
2025-07-08	RS	20250708-2000	147.660000
2025-07-08	RS	20250708-2100	109.180000
2025-07-08	RS	20250708-2200	104.650000
2025-07-08	RS	20250708-2300	104.630000
2025-07-08	SE1	20250708-0000	28.460000
2025-07-08	SE1	20250708-0100	24.890000
2025-07-08	SE1	20250708-0200	21.580000
2025-07-08	SE1	20250708-0300	24.540000
2025-07-08	SE1	20250708-0400	31.500000
2025-07-08	SE1	20250708-0500	34.390000
2025-07-08	SE1	20250708-0600	37.000000
2025-07-08	SE1	20250708-0700	36.120000
2025-07-08	SE1	20250708-0800	33.970000
2025-07-08	SE1	20250708-0900	32.320000
2025-07-08	SE1	20250708-1000	30.860000
2025-07-08	SE1	20250708-1100	30.500000
2025-07-08	SE1	20250708-1200	30.700000
2025-07-08	SE1	20250708-1300	30.820000
2025-07-08	SE1	20250708-1400	31.390000
2025-07-08	SE1	20250708-1500	31.910000
2025-07-08	SE1	20250708-1600	31.220000
2025-07-08	SE1	20250708-1700	29.250000
2025-07-08	SE1	20250708-1800	26.520000
2025-07-08	SE1	20250708-1900	21.460000
2025-07-08	SE1	20250708-2000	20.490000
2025-07-08	SE1	20250708-2100	39.160000
2025-07-08	SE1	20250708-2200	20.180000
2025-07-08	SE1	20250708-2300	20.180000
2025-07-08	SE2	20250708-0000	28.460000
2025-07-08	SE2	20250708-0100	26.100000
2025-07-08	SE2	20250708-0200	24.620000
2025-07-08	SE2	20250708-0300	24.540000
2025-07-08	SE2	20250708-0400	26.810000
2025-07-08	SE2	20250708-0500	32.920000
2025-07-08	SE2	20250708-0600	37.000000
2025-07-08	SE2	20250708-0700	36.120000
2025-07-08	SE2	20250708-0800	33.970000
2025-07-08	SE2	20250708-0900	32.320000
2025-07-08	SE2	20250708-1000	30.860000
2025-07-08	SE2	20250708-1100	30.500000
2025-07-08	SE2	20250708-1200	30.700000
2025-07-08	SE2	20250708-1300	30.820000
2025-07-08	SE2	20250708-1400	31.390000
2025-07-08	SE2	20250708-1500	31.910000
2025-07-08	SE2	20250708-1600	31.220000
2025-07-08	SE2	20250708-1700	29.250000
2025-07-08	SE2	20250708-1800	26.520000
2025-07-08	SE2	20250708-1900	21.460000
2025-07-08	SE2	20250708-2000	20.490000
2025-07-08	SE2	20250708-2100	20.180000
2025-07-08	SE2	20250708-2200	20.180000
2025-07-08	SE2	20250708-2300	20.180000
2025-07-08	SE3	20250708-0000	81.100000
2025-07-08	SE3	20250708-0100	81.100000
2025-07-08	SE3	20250708-0200	81.100000
2025-07-08	SE3	20250708-0300	81.100000
2025-07-08	SE3	20250708-0400	88.150000
2025-07-08	SE3	20250708-0500	88.150000
2025-07-08	SE3	20250708-0600	96.380000
2025-07-08	SE3	20250708-0700	93.400000
2025-07-08	SE3	20250708-0800	93.400000
2025-07-08	SE3	20250708-0900	83.740000
2025-07-08	SE3	20250708-1000	83.740000
2025-07-08	SE3	20250708-1100	75.000000
2025-07-08	SE3	20250708-1200	63.000000
2025-07-08	SE3	20250708-1300	63.000000
2025-07-08	SE3	20250708-1400	75.000000
2025-07-08	SE3	20250708-1500	63.000000
2025-07-08	SE3	20250708-1600	83.740000
2025-07-08	SE3	20250708-1700	83.740000
2025-07-08	SE3	20250708-1800	88.150000
2025-07-08	SE3	20250708-1900	88.150000
2025-07-08	SE3	20250708-2000	88.150000
2025-07-08	SE3	20250708-2100	88.150000
2025-07-08	SE3	20250708-2200	88.150000
2025-07-08	SE3	20250708-2300	88.150000
2025-07-08	SE4	20250708-0000	46.580000
2025-07-08	SE4	20250708-0100	46.390000
2025-07-08	SE4	20250708-0200	46.500000
2025-07-08	SE4	20250708-0300	44.200000
2025-07-08	SE4	20250708-0400	56.770000
2025-07-08	SE4	20250708-0500	60.740000
2025-07-08	SE4	20250708-0600	56.350000
2025-07-08	SE4	20250708-0700	83.740000
2025-07-08	SE4	20250708-0800	52.030000
2025-07-08	SE4	20250708-0900	48.690000
2025-07-08	SE4	20250708-1000	49.190000
2025-07-08	SE4	20250708-1100	46.210000
2025-07-08	SE4	20250708-1200	41.940000
2025-07-08	SE4	20250708-1300	42.510000
2025-07-08	SE4	20250708-1400	47.560000
2025-07-08	SE4	20250708-1500	52.760000
2025-07-08	SE4	20250708-1600	70.090000
2025-07-08	SE4	20250708-1700	83.330000
2025-07-08	SE4	20250708-1800	86.870000
2025-07-08	SE4	20250708-1900	83.930000
2025-07-08	SE4	20250708-2000	81.800000
2025-07-08	SE4	20250708-2100	68.230000
2025-07-08	SE4	20250708-2200	68.230000
2025-07-08	SE4	20250708-2300	64.530000
2025-07-08	SI	20250708-0000	9.500000
2025-07-08	SI	20250708-0100	9.500000
2025-07-08	SI	20250708-0200	9.500000
2025-07-08	SI	20250708-0300	9.500000
2025-07-08	SI	20250708-0400	83.740000
2025-07-08	SI	20250708-0500	86.330000
2025-07-08	SI	20250708-0600	86.330000
2025-07-08	SI	20250708-0700	83.740000
2025-07-08	SI	20250708-0800	83.740000
2025-07-08	SI	20250708-0900	83.740000
2025-07-08	SI	20250708-1000	83.740000
2025-07-08	SI	20250708-1100	83.740000
2025-07-08	SI	20250708-1200	83.910000
2025-07-08	SI	20250708-1300	87.410000
2025-07-08	SI	20250708-1400	9.500000
2025-07-08	SI	20250708-1500	12.010000
2025-07-08	SI	20250708-1600	16.910000
2025-07-08	SI	20250708-1700	83.740000
2025-07-08	SI	20250708-1800	83.740000
2025-07-08	SI	20250708-1900	83.740000
2025-07-08	SI	20250708-2000	48.150000
2025-07-08	SI	20250708-2100	11.020000
2025-07-08	SI	20250708-2200	9.500000
2025-07-08	SI	20250708-2300	9.500000
2025-07-08	SK	20250708-0000	79.340000
2025-07-08	SK	20250708-0100	78.880000
2025-07-08	SK	20250708-0200	79.110000
2025-07-08	SK	20250708-0300	79.710000
2025-07-08	SK	20250708-0400	79.710000
2025-07-08	SK	20250708-0500	83.740000
2025-07-08	SK	20250708-0600	88.150000
2025-07-08	SK	20250708-0700	83.740000
2025-07-08	SK	20250708-0800	79.710000
2025-07-08	SK	20250708-0900	75.370000
2025-07-08	SK	20250708-1000	59.350000
2025-07-08	SK	20250708-1100	55.420000
2025-07-08	SK	20250708-1200	50.020000
2025-07-08	SK	20250708-1300	50.020000
2025-07-08	SK	20250708-1400	59.400000
2025-07-08	SK	20250708-1500	66.030000
2025-07-08	SK	20250708-1600	88.150000
2025-07-08	SK	20250708-1700	93.320000
2025-07-08	SK	20250708-1800	94.200000
2025-07-08	SK	20250708-1900	94.200000
2025-07-08	SK	20250708-2000	88.150000
2025-07-08	SK	20250708-2100	83.740000
2025-07-08	SK	20250708-2200	79.710000
2025-07-08	SK	20250708-2300	79.120000
2025-01-08	AT	20250108-0000	114.070000
2025-01-08	AT	20250108-0100	114.070000
2025-01-08	AT	20250108-0200	114.070000
2025-01-08	AT	20250108-0300	114.070000
2025-01-08	AT	20250108-0400	114.070000
2025-01-08	AT	20250108-0500	114.070000
2025-01-08	AT	20250108-0600	114.070000
2025-01-08	AT	20250108-0700	114.070000
2025-01-08	AT	20250108-0800	114.070000
2025-01-08	AT	20250108-0900	114.070000
2025-01-08	AT	20250108-1000	114.070000
2025-01-08	AT	20250108-1100	114.070000
2025-01-08	AT	20250108-1200	114.070000
2025-01-08	AT	20250108-1300	114.070000
2025-01-08	AT	20250108-1400	114.070000
2025-01-08	AT	20250108-1500	114.070000
2025-01-08	AT	20250108-1600	114.070000
2025-01-08	AT	20250108-1700	114.070000
2025-01-08	AT	20250108-1800	114.070000
2025-01-08	AT	20250108-1900	114.070000
2025-01-08	AT	20250108-2000	114.070000
2025-01-08	AT	20250108-2100	114.070000
2025-01-08	AT	20250108-2200	114.070000
2025-01-08	AT	20250108-2300	114.070000
2025-01-08	BE	20250108-0000	74.070000
2025-01-08	BE	20250108-0100	74.070000
2025-01-08	BE	20250108-0200	75.000000
2025-01-08	BE	20250108-0300	108.370000
2025-01-08	BE	20250108-0400	108.370000
2025-01-08	BE	20250108-0500	108.370000
2025-01-08	BE	20250108-0600	148.160000
2025-01-08	BE	20250108-0700	198.100000
2025-01-08	BE	20250108-0800	205.330000
2025-01-08	BE	20250108-0900	170.630000
2025-01-08	BE	20250108-1000	159.070000
2025-01-08	BE	20250108-1100	156.080000
2025-01-08	BE	20250108-1200	205.330000
2025-01-08	BE	20250108-1300	162.550000
2025-01-08	BE	20250108-1400	151.900000
2025-01-08	BE	20250108-1500	158.640000
2025-01-08	BE	20250108-1600	205.330000
2025-01-08	BE	20250108-1700	224.350000
2025-01-08	BE	20250108-1800	205.330000
2025-01-08	BE	20250108-1900	197.140000
2025-01-08	BE	20250108-2000	153.530000
2025-01-08	BE	20250108-2100	137.810000
2025-01-08	BE	20250108-2200	108.370000
2025-01-08	BE	20250108-2300	108.370000
2025-01-08	BG	20250108-0000	101.030000
2025-01-08	BG	20250108-0100	83.770000
2025-01-08	BG	20250108-0200	75.290000
2025-01-08	BG	20250108-0300	100.500000
2025-01-08	BG	20250108-0400	107.020000
2025-01-08	BG	20250108-0500	108.370000
2025-01-08	BG	20250108-0600	131.450000
2025-01-08	BG	20250108-0700	114.070000
2025-01-08	BG	20250108-0800	108.370000
2025-01-08	BG	20250108-0900	108.370000
2025-01-08	BG	20250108-1000	108.370000
2025-01-08	BG	20250108-1100	107.860000
2025-01-08	BG	20250108-1200	108.370000
2025-01-08	BG	20250108-1300	108.370000
2025-01-08	BG	20250108-1400	130.040000
2025-01-08	BG	20250108-1500	202.420000
2025-01-08	BG	20250108-1600	219.380000
2025-01-08	BG	20250108-1700	205.330000
2025-01-08	BG	20250108-1800	184.130000
2025-01-08	BG	20250108-1900	130.040000
2025-01-08	BG	20250108-2000	108.370000
2025-01-08	BG	20250108-2100	108.370000
2025-01-08	BG	20250108-2200	108.370000
2025-01-08	BG	20250108-2300	107.020000
2025-01-08	CH	20250108-0000	130.040000
2025-01-08	CH	20250108-0100	130.040000
2025-01-08	CH	20250108-0200	130.040000
2025-01-08	CH	20250108-0300	130.040000
2025-01-08	CH	20250108-0400	130.040000
2025-01-08	CH	20250108-0500	130.040000
2025-01-08	CH	20250108-0600	130.040000
2025-01-08	CH	20250108-0700	177.380000
2025-01-08	CH	20250108-0800	196.380000
2025-01-08	CH	20250108-0900	250.000000
2025-01-08	CH	20250108-1000	181.220000
2025-01-08	CH	20250108-1100	170.110000
2025-01-08	CH	20250108-1200	174.920000
2025-01-08	CH	20250108-1300	185.930000
2025-01-08	CH	20250108-1400	114.070000
2025-01-08	CH	20250108-1500	114.070000
2025-01-08	CH	20250108-1600	114.070000
2025-01-08	CH	20250108-1700	114.070000
2025-01-08	CH	20250108-1800	114.070000
2025-01-08	CH	20250108-1900	130.040000
2025-01-08	CH	20250108-2000	130.040000
2025-01-08	CH	20250108-2100	130.040000
2025-01-08	CH	20250108-2200	130.040000
2025-01-08	CH	20250108-2300	130.040000
2025-01-08	CZ	20250108-0000	74.070000
2025-01-08	CZ	20250108-0100	72.660000
2025-01-08	CZ	20250108-0200	72.660000
2025-01-08	CZ	20250108-0300	74.070000
2025-01-08	CZ	20250108-0400	95.110000
2025-01-08	CZ	20250108-0500	107.020000
2025-01-08	CZ	20250108-0600	107.020000
2025-01-08	CZ	20250108-0700	107.020000
2025-01-08	CZ	20250108-0800	107.020000
2025-01-08	CZ	20250108-0900	107.020000
2025-01-08	CZ	20250108-1000	107.020000
2025-01-08	CZ	20250108-1100	107.020000
2025-01-08	CZ	20250108-1200	107.020000
2025-01-08	CZ	20250108-1300	107.020000
2025-01-08	CZ	20250108-1400	107.020000
2025-01-08	CZ	20250108-1500	107.020000
2025-01-08	CZ	20250108-1600	108.370000
2025-01-08	CZ	20250108-1700	107.020000
2025-01-08	CZ	20250108-1800	107.020000
2025-01-08	CZ	20250108-1900	107.020000
2025-01-08	CZ	20250108-2000	107.020000
2025-01-08	CZ	20250108-2100	107.020000
2025-01-08	CZ	20250108-2200	105.190000
2025-01-08	CZ	20250108-2300	92.860000
2025-01-08	DE_LU	20250108-0000	37.140000
2025-01-08	DE_LU	20250108-0100	34.950000
2025-01-08	DE_LU	20250108-0200	30.230000
2025-01-08	DE_LU	20250108-0300	57.000000
2025-01-08	DE_LU	20250108-0400	63.090000
2025-01-08	DE_LU	20250108-0500	74.070000
2025-01-08	DE_LU	20250108-0600	95.110000
2025-01-08	DE_LU	20250108-0700	95.110000
2025-01-08	DE_LU	20250108-0800	95.110000
2025-01-08	DE_LU	20250108-0900	95.110000
2025-01-08	DE_LU	20250108-1000	95.110000
2025-01-08	DE_LU	20250108-1100	95.110000
2025-01-08	DE_LU	20250108-1200	95.110000
2025-01-08	DE_LU	20250108-1300	107.020000
2025-01-08	DE_LU	20250108-1400	107.020000
2025-01-08	DE_LU	20250108-1500	107.020000
2025-01-08	DE_LU	20250108-1600	108.370000
2025-01-08	DE_LU	20250108-1700	108.370000
2025-01-08	DE_LU	20250108-1800	108.370000
2025-01-08	DE_LU	20250108-1900	108.370000
2025-01-08	DE_LU	20250108-2000	108.370000
2025-01-08	DE_LU	20250108-2100	107.020000
2025-01-08	DE_LU	20250108-2200	107.020000
2025-01-08	DE_LU	20250108-2300	104.610000
2025-01-08	DK1	20250108-0000	37.140000
2025-01-08	DK1	20250108-0100	34.950000
2025-01-08	DK1	20250108-0200	30.230000
2025-01-08	DK1	20250108-0300	57.000000
2025-01-08	DK1	20250108-0400	63.090000
2025-01-08	DK1	20250108-0500	74.070000
2025-01-08	DK1	20250108-0600	95.110000
2025-01-08	DK1	20250108-0700	95.110000
2025-01-08	DK1	20250108-0800	95.110000
2025-01-08	DK1	20250108-0900	95.110000
2025-01-08	DK1	20250108-1000	95.110000
2025-01-08	DK1	20250108-1100	95.110000
2025-01-08	DK1	20250108-1200	95.110000
2025-01-08	DK1	20250108-1300	95.110000
2025-01-08	DK1	20250108-1400	104.540000
2025-01-08	DK1	20250108-1500	95.110000
2025-01-08	DK1	20250108-1600	108.370000
2025-01-08	DK1	20250108-1700	108.370000
2025-01-08	DK1	20250108-1800	108.370000
2025-01-08	DK1	20250108-1900	108.370000
2025-01-08	DK1	20250108-2000	108.370000
2025-01-08	DK1	20250108-2100	107.020000
2025-01-08	DK1	20250108-2200	107.020000
2025-01-08	DK1	20250108-2300	104.610000
2025-01-08	DK2	20250108-0000	14.600000
2025-01-08	DK2	20250108-0100	34.950000
2025-01-08	DK2	20250108-0200	13.730000
2025-01-08	DK2	20250108-0300	13.520000
2025-01-08	DK2	20250108-0400	20.970000
2025-01-08	DK2	20250108-0500	37.840000
2025-01-08	DK2	20250108-0600	62.580000
2025-01-08	DK2	20250108-0700	85.020000
2025-01-08	DK2	20250108-0800	63.850000
2025-01-08	DK2	20250108-0900	62.210000
2025-01-08	DK2	20250108-1000	62.210000
2025-01-08	DK2	20250108-1100	50.210000
2025-01-08	DK2	20250108-1200	55.640000
2025-01-08	DK2	20250108-1300	46.500000
2025-01-08	DK2	20250108-1400	40.540000
2025-01-08	DK2	20250108-1500	69.590000
2025-01-08	DK2	20250108-1600	65.080000
2025-01-08	DK2	20250108-1700	63.280000
2025-01-08	DK2	20250108-1800	58.320000
2025-01-08	DK2	20250108-1900	58.090000
2025-01-08	DK2	20250108-2000	37.550000
2025-01-08	DK2	20250108-2100	34.070000
2025-01-08	DK2	20250108-2200	57.000000
2025-01-08	DK2	20250108-2300	76.990000
2025-01-08	EE	20250108-0000	14.600000
2025-01-08	EE	20250108-0100	29.550000
2025-01-08	EE	20250108-0200	13.730000
2025-01-08	EE	20250108-0300	13.520000
2025-01-08	EE	20250108-0400	23.750000
2025-01-08	EE	20250108-0500	74.070000
2025-01-08	EE	20250108-0600	75.340000
2025-01-08	EE	20250108-0700	75.340000
2025-01-08	EE	20250108-0800	75.340000
2025-01-08	EE	20250108-0900	75.340000
2025-01-08	EE	20250108-1000	75.340000
2025-01-08	EE	20250108-1100	75.340000
2025-01-08	EE	20250108-1200	92.880000
2025-01-08	EE	20250108-1300	97.200000
2025-01-08	EE	20250108-1400	75.340000
2025-01-08	EE	20250108-1500	75.340000
2025-01-08	EE	20250108-1600	74.070000
2025-01-08	EE	20250108-1700	74.070000
2025-01-08	EE	20250108-1800	58.320000
2025-01-08	EE	20250108-1900	58.090000
2025-01-08	EE	20250108-2000	37.550000
2025-01-08	EE	20250108-2100	34.070000
2025-01-08	EE	20250108-2200	45.680000
2025-01-08	EE	20250108-2300	52.440000
2025-01-08	ES	20250108-0000	42.400000
2025-01-08	ES	20250108-0100	37.360000
2025-01-08	ES	20250108-0200	37.300000
2025-01-08	ES	20250108-0300	37.550000
2025-01-08	ES	20250108-0400	37.620000
2025-01-08	ES	20250108-0500	57.000000
2025-01-08	ES	20250108-0600	108.370000
2025-01-08	ES	20250108-0700	108.370000
2025-01-08	ES	20250108-0800	108.370000
2025-01-08	ES	20250108-0900	79.770000
2025-01-08	ES	20250108-1000	74.070000
2025-01-08	ES	20250108-1100	23.750000
2025-01-08	ES	20250108-1200	12.500000
2025-01-08	ES	20250108-1300	10.500000
2025-01-08	ES	20250108-1400	23.750000
2025-01-08	ES	20250108-1500	50.630000
2025-01-08	ES	20250108-1600	74.070000
2025-01-08	ES	20250108-1700	95.110000
2025-01-08	ES	20250108-1800	108.370000
2025-01-08	ES	20250108-1900	76.630000
2025-01-08	ES	20250108-2000	74.070000
2025-01-08	ES	20250108-2100	43.210000
2025-01-08	ES	20250108-2200	43.700000
2025-01-08	ES	20250108-2300	38.070000
2025-01-08	FI	20250108-0000	5.000000
2025-01-08	FI	20250108-0100	5.000000
2025-01-08	FI	20250108-0200	5.000000
2025-01-08	FI	20250108-0300	5.000000
2025-01-08	FI	20250108-0400	9.500000
2025-01-08	FI	20250108-0500	9.500000
2025-01-08	FI	20250108-0600	10.800000
2025-01-08	FI	20250108-0700	10.830000
2025-01-08	FI	20250108-0800	13.200000
2025-01-08	FI	20250108-0900	17.550000
2025-01-08	FI	20250108-1000	57.000000
2025-01-08	FI	20250108-1100	57.000000
2025-01-08	FI	20250108-1200	57.000000
2025-01-08	FI	20250108-1300	57.000000
2025-01-08	FI	20250108-1400	57.000000
2025-01-08	FI	20250108-1500	74.070000
2025-01-08	FI	20250108-1600	74.070000
2025-01-08	FI	20250108-1700	74.070000
2025-01-08	FI	20250108-1800	58.320000
2025-01-08	FI	20250108-1900	57.000000
2025-01-08	FI	20250108-2000	37.550000
2025-01-08	FI	20250108-2100	34.070000
2025-01-08	FI	20250108-2200	30.000000
2025-01-08	FI	20250108-2300	13.200000
2025-01-08	FR	20250108-0000	42.400000
2025-01-08	FR	20250108-0100	37.360000
2025-01-08	FR	20250108-0200	37.300000
2025-01-08	FR	20250108-0300	37.550000
2025-01-08	FR	20250108-0400	37.620000
2025-01-08	FR	20250108-0500	57.000000
2025-01-08	FR	20250108-0600	108.370000
2025-01-08	FR	20250108-0700	138.620000
2025-01-08	FR	20250108-0800	145.550000
2025-01-08	FR	20250108-0900	121.500000
2025-01-08	FR	20250108-1000	83.430000
2025-01-08	FR	20250108-1100	89.230000
2025-01-08	FR	20250108-1200	61.020000
2025-01-08	FR	20250108-1300	51.930000
2025-01-08	FR	20250108-1400	36.650000
2025-01-08	FR	20250108-1500	50.630000
2025-01-08	FR	20250108-1600	74.070000
2025-01-08	FR	20250108-1700	95.110000
2025-01-08	FR	20250108-1800	108.370000
2025-01-08	FR	20250108-1900	76.630000
2025-01-08	FR	20250108-2000	70.030000
2025-01-08	FR	20250108-2100	43.210000
2025-01-08	FR	20250108-2200	43.700000
2025-01-08	FR	20250108-2300	38.070000
2025-01-08	GR	20250108-0000	101.030000
2025-01-08	GR	20250108-0100	83.770000
2025-01-08	GR	20250108-0200	75.290000
2025-01-08	GR	20250108-0300	100.500000
2025-01-08	GR	20250108-0400	107.020000
2025-01-08	GR	20250108-0500	108.370000
2025-01-08	GR	20250108-0600	130.040000
2025-01-08	GR	20250108-0700	108.370000
2025-01-08	GR	20250108-0800	108.370000
2025-01-08	GR	20250108-0900	108.370000
2025-01-08	GR	20250108-1000	108.370000
2025-01-08	GR	20250108-1100	107.860000
2025-01-08	GR	20250108-1200	108.370000
2025-01-08	GR	20250108-1300	108.370000
2025-01-08	GR	20250108-1400	130.040000
2025-01-08	GR	20250108-1500	202.420000
2025-01-08	GR	20250108-1600	219.380000
2025-01-08	GR	20250108-1700	205.330000
2025-01-08	GR	20250108-1800	184.130000
2025-01-08	GR	20250108-1900	130.040000
2025-01-08	GR	20250108-2000	108.370000
2025-01-08	GR	20250108-2100	108.370000
2025-01-08	GR	20250108-2200	108.370000
2025-01-08	GR	20250108-2300	107.020000
2025-01-08	HU	20250108-0000	101.030000
2025-01-08	HU	20250108-0100	83.770000
2025-01-08	HU	20250108-0200	75.290000
2025-01-08	HU	20250108-0300	100.500000
2025-01-08	HU	20250108-0400	107.020000
2025-01-08	HU	20250108-0500	108.370000
2025-01-08	HU	20250108-0600	131.450000
2025-01-08	HU	20250108-0700	114.070000
2025-01-08	HU	20250108-0800	108.370000
2025-01-08	HU	20250108-0900	108.370000
2025-01-08	HU	20250108-1000	108.370000
2025-01-08	HU	20250108-1100	107.860000
2025-01-08	HU	20250108-1200	108.370000
2025-01-08	HU	20250108-1300	108.370000
2025-01-08	HU	20250108-1400	130.040000
2025-01-08	HU	20250108-1500	202.420000
2025-01-08	HU	20250108-1600	205.330000
2025-01-08	HU	20250108-1700	205.330000
2025-01-08	HU	20250108-1800	184.130000
2025-01-08	HU	20250108-1900	130.040000
2025-01-08	HU	20250108-2000	108.370000
2025-01-08	HU	20250108-2100	108.370000
2025-01-08	HU	20250108-2200	108.370000
2025-01-08	HU	20250108-2300	107.020000
2025-01-08	IT-CNORTH	20250108-0000	130.040000
2025-01-08	IT-CNORTH	20250108-0100	130.040000
2025-01-08	IT-CNORTH	20250108-0200	130.040000
2025-01-08	IT-CNORTH	20250108-0300	130.040000
2025-01-08	IT-CNORTH	20250108-0400	130.040000
2025-01-08	IT-CNORTH	20250108-0500	130.040000
2025-01-08	IT-CNORTH	20250108-0600	130.040000
2025-01-08	IT-CNORTH	20250108-0700	177.380000
2025-01-08	IT-CNORTH	20250108-0800	196.380000
2025-01-08	IT-CNORTH	20250108-0900	250.000000
2025-01-08	IT-CNORTH	20250108-1000	181.220000
2025-01-08	IT-CNORTH	20250108-1100	170.110000
2025-01-08	IT-CNORTH	20250108-1200	174.920000
2025-01-08	IT-CNORTH	20250108-1300	185.930000
2025-01-08	IT-CNORTH	20250108-1400	130.040000
2025-01-08	IT-CNORTH	20250108-1500	130.040000
2025-01-08	IT-CNORTH	20250108-1600	169.910000
2025-01-08	IT-CNORTH	20250108-1700	177.380000
2025-01-08	IT-CNORTH	20250108-1800	184.130000
2025-01-08	IT-CNORTH	20250108-1900	130.040000
2025-01-08	IT-CNORTH	20250108-2000	130.040000
2025-01-08	IT-CNORTH	20250108-2100	130.040000
2025-01-08	IT-CNORTH	20250108-2200	130.040000
2025-01-08	IT-CNORTH	20250108-2300	130.040000
2025-01-08	IT-CSOUTH	20250108-0000	130.040000
2025-01-08	IT-CSOUTH	20250108-0100	130.040000
2025-01-08	IT-CSOUTH	20250108-0200	130.040000
2025-01-08	IT-CSOUTH	20250108-0300	130.040000
2025-01-08	IT-CSOUTH	20250108-0400	130.040000
2025-01-08	IT-CSOUTH	20250108-0500	130.040000
2025-01-08	IT-CSOUTH	20250108-0600	130.040000
2025-01-08	IT-CSOUTH	20250108-0700	171.250000
2025-01-08	IT-CSOUTH	20250108-0800	130.040000
2025-01-08	IT-CSOUTH	20250108-0900	130.040000
2025-01-08	IT-CSOUTH	20250108-1000	130.040000
2025-01-08	IT-CSOUTH	20250108-1100	130.040000
2025-01-08	IT-CSOUTH	20250108-1200	130.040000
2025-01-08	IT-CSOUTH	20250108-1300	130.040000
2025-01-08	IT-CSOUTH	20250108-1400	130.040000
2025-01-08	IT-CSOUTH	20250108-1500	130.040000
2025-01-08	IT-CSOUTH	20250108-1600	169.910000
2025-01-08	IT-CSOUTH	20250108-1700	177.380000
2025-01-08	IT-CSOUTH	20250108-1800	184.130000
2025-01-08	IT-CSOUTH	20250108-1900	130.040000
2025-01-08	IT-CSOUTH	20250108-2000	130.040000
2025-01-08	IT-CSOUTH	20250108-2100	130.040000
2025-01-08	IT-CSOUTH	20250108-2200	130.040000
2025-01-08	IT-CSOUTH	20250108-2300	130.040000
2025-01-08	IT-Calabria	20250108-0000	130.040000
2025-01-08	IT-Calabria	20250108-0100	130.040000
2025-01-08	IT-Calabria	20250108-0200	130.040000
2025-01-08	IT-Calabria	20250108-0300	130.040000
2025-01-08	IT-Calabria	20250108-0400	130.040000
2025-01-08	IT-Calabria	20250108-0500	130.040000
2025-01-08	IT-Calabria	20250108-0600	130.040000
2025-01-08	IT-Calabria	20250108-0700	130.040000
2025-01-08	IT-Calabria	20250108-0800	130.040000
2025-01-08	IT-Calabria	20250108-0900	130.040000
2025-01-08	IT-Calabria	20250108-1000	130.040000
2025-01-08	IT-Calabria	20250108-1100	107.860000
2025-01-08	IT-Calabria	20250108-1200	115.200000
2025-01-08	IT-Calabria	20250108-1300	130.040000
2025-01-08	IT-Calabria	20250108-1400	130.040000
2025-01-08	IT-Calabria	20250108-1500	130.040000
2025-01-08	IT-Calabria	20250108-1600	169.910000
2025-01-08	IT-Calabria	20250108-1700	177.380000
2025-01-08	IT-Calabria	20250108-1800	184.130000
2025-01-08	IT-Calabria	20250108-1900	130.040000
2025-01-08	IT-Calabria	20250108-2000	130.040000
2025-01-08	IT-Calabria	20250108-2100	130.040000
2025-01-08	IT-Calabria	20250108-2200	130.040000
2025-01-08	IT-Calabria	20250108-2300	130.040000
2025-01-08	IT-NORTH	20250108-0000	130.040000
2025-01-08	IT-NORTH	20250108-0100	130.040000
2025-01-08	IT-NORTH	20250108-0200	130.040000
2025-01-08	IT-NORTH	20250108-0300	130.040000
2025-01-08	IT-NORTH	20250108-0400	130.040000
2025-01-08	IT-NORTH	20250108-0500	130.040000
2025-01-08	IT-NORTH	20250108-0600	130.040000
2025-01-08	IT-NORTH	20250108-0700	177.380000
2025-01-08	IT-NORTH	20250108-0800	196.380000
2025-01-08	IT-NORTH	20250108-0900	250.000000
2025-01-08	IT-NORTH	20250108-1000	181.220000
2025-01-08	IT-NORTH	20250108-1100	170.110000
2025-01-08	IT-NORTH	20250108-1200	174.920000
2025-01-08	IT-NORTH	20250108-1300	185.930000
2025-01-08	IT-NORTH	20250108-1400	130.040000
2025-01-08	IT-NORTH	20250108-1500	130.040000
2025-01-08	IT-NORTH	20250108-1600	169.910000
2025-01-08	IT-NORTH	20250108-1700	177.380000
2025-01-08	IT-NORTH	20250108-1800	184.130000
2025-01-08	IT-NORTH	20250108-1900	130.040000
2025-01-08	IT-NORTH	20250108-2000	130.040000
2025-01-08	IT-NORTH	20250108-2100	130.040000
2025-01-08	IT-NORTH	20250108-2200	130.040000
2025-01-08	IT-NORTH	20250108-2300	130.040000
2025-01-08	IT-SOUTH	20250108-0000	130.040000
2025-01-08	IT-SOUTH	20250108-0100	130.040000
2025-01-08	IT-SOUTH	20250108-0200	130.040000
2025-01-08	IT-SOUTH	20250108-0300	130.040000
2025-01-08	IT-SOUTH	20250108-0400	130.040000
2025-01-08	IT-SOUTH	20250108-0500	130.040000
2025-01-08	IT-SOUTH	20250108-0600	130.040000
2025-01-08	IT-SOUTH	20250108-0700	130.040000
2025-01-08	IT-SOUTH	20250108-0800	130.040000
2025-01-08	IT-SOUTH	20250108-0900	130.040000
2025-01-08	IT-SOUTH	20250108-1000	130.040000
2025-01-08	IT-SOUTH	20250108-1100	107.860000
2025-01-08	IT-SOUTH	20250108-1200	115.200000
2025-01-08	IT-SOUTH	20250108-1300	130.040000
2025-01-08	IT-SOUTH	20250108-1400	130.040000
2025-01-08	IT-SOUTH	20250108-1500	130.040000
2025-01-08	IT-SOUTH	20250108-1600	169.910000
2025-01-08	IT-SOUTH	20250108-1700	177.380000
2025-01-08	IT-SOUTH	20250108-1800	184.130000
2025-01-08	IT-SOUTH	20250108-1900	130.040000
2025-01-08	IT-SOUTH	20250108-2000	130.040000
2025-01-08	IT-SOUTH	20250108-2100	130.040000
2025-01-08	IT-SOUTH	20250108-2200	130.040000
2025-01-08	IT-SOUTH	20250108-2300	130.040000
2025-01-08	IT-Sardinia	20250108-0000	85.500000
2025-01-08	IT-Sardinia	20250108-0100	85.500000
2025-01-08	IT-Sardinia	20250108-0200	80.140000
2025-01-08	IT-Sardinia	20250108-0300	85.500000
2025-01-08	IT-Sardinia	20250108-0400	114.130000
2025-01-08	IT-Sardinia	20250108-0500	125.450000
2025-01-08	IT-Sardinia	20250108-0600	130.040000
2025-01-08	IT-Sardinia	20250108-0700	130.040000
2025-01-08	IT-Sardinia	20250108-0800	125.530000
2025-01-08	IT-Sardinia	20250108-0900	114.130000
2025-01-08	IT-Sardinia	20250108-1000	48.000000
2025-01-08	IT-Sardinia	20250108-1100	31.500000
2025-01-08	IT-Sardinia	20250108-1200	37.500000
2025-01-08	IT-Sardinia	20250108-1300	94.880000
2025-01-08	IT-Sardinia	20250108-1400	125.450000
2025-01-08	IT-Sardinia	20250108-1500	130.040000
2025-01-08	IT-Sardinia	20250108-1600	169.910000
2025-01-08	IT-Sardinia	20250108-1700	177.380000
2025-01-08	IT-Sardinia	20250108-1800	184.130000
2025-01-08	IT-Sardinia	20250108-1900	130.040000
2025-01-08	IT-Sardinia	20250108-2000	130.040000
2025-01-08	IT-Sardinia	20250108-2100	130.040000
2025-01-08	IT-Sardinia	20250108-2200	130.040000
2025-01-08	IT-Sardinia	20250108-2300	125.530000
2025-01-08	IT-Sicily	20250108-0000	130.040000
2025-01-08	IT-Sicily	20250108-0100	130.040000
2025-01-08	IT-Sicily	20250108-0200	130.040000
2025-01-08	IT-Sicily	20250108-0300	130.040000
2025-01-08	IT-Sicily	20250108-0400	130.040000
2025-01-08	IT-Sicily	20250108-0500	130.040000
2025-01-08	IT-Sicily	20250108-0600	130.040000
2025-01-08	IT-Sicily	20250108-0700	130.040000
2025-01-08	IT-Sicily	20250108-0800	130.040000
2025-01-08	IT-Sicily	20250108-0900	130.040000
2025-01-08	IT-Sicily	20250108-1000	130.040000
2025-01-08	IT-Sicily	20250108-1100	107.860000
2025-01-08	IT-Sicily	20250108-1200	115.200000
2025-01-08	IT-Sicily	20250108-1300	130.040000
2025-01-08	IT-Sicily	20250108-1400	130.040000
2025-01-08	IT-Sicily	20250108-1500	130.040000
2025-01-08	IT-Sicily	20250108-1600	169.910000
2025-01-08	IT-Sicily	20250108-1700	177.380000
2025-01-08	IT-Sicily	20250108-1800	184.130000
2025-01-08	IT-Sicily	20250108-1900	130.040000
2025-01-08	IT-Sicily	20250108-2000	130.040000
2025-01-08	IT-Sicily	20250108-2100	130.040000
2025-01-08	IT-Sicily	20250108-2200	130.040000
2025-01-08	IT-Sicily	20250108-2300	130.040000
2025-01-08	LT	20250108-0000	14.600000
2025-01-08	LT	20250108-0100	29.550000
2025-01-08	LT	20250108-0200	13.730000
2025-01-08	LT	20250108-0300	13.520000
2025-01-08	LT	20250108-0400	23.750000
2025-01-08	LT	20250108-0500	74.070000
2025-01-08	LT	20250108-0600	75.340000
2025-01-08	LT	20250108-0700	75.340000
2025-01-08	LT	20250108-0800	75.340000
2025-01-08	LT	20250108-0900	75.340000
2025-01-08	LT	20250108-1000	75.340000
2025-01-08	LT	20250108-1100	75.340000
2025-01-08	LT	20250108-1200	92.880000
2025-01-08	LT	20250108-1300	97.200000
2025-01-08	LT	20250108-1400	75.340000
2025-01-08	LT	20250108-1500	75.340000
2025-01-08	LT	20250108-1600	74.070000
2025-01-08	LT	20250108-1700	74.070000
2025-01-08	LT	20250108-1800	58.320000
2025-01-08	LT	20250108-1900	58.090000
2025-01-08	LT	20250108-2000	37.550000
2025-01-08	LT	20250108-2100	34.070000
2025-01-08	LT	20250108-2200	45.680000
2025-01-08	LT	20250108-2300	52.440000
2025-01-08	LV	20250108-0000	14.600000
2025-01-08	LV	20250108-0100	29.550000
2025-01-08	LV	20250108-0200	13.730000
2025-01-08	LV	20250108-0300	13.520000
2025-01-08	LV	20250108-0400	23.750000
2025-01-08	LV	20250108-0500	74.070000
2025-01-08	LV	20250108-0600	75.340000
2025-01-08	LV	20250108-0700	75.340000
2025-01-08	LV	20250108-0800	75.340000
2025-01-08	LV	20250108-0900	75.340000
2025-01-08	LV	20250108-1000	75.340000
2025-01-08	LV	20250108-1100	75.340000
2025-01-08	LV	20250108-1200	92.880000
2025-01-08	LV	20250108-1300	97.200000
2025-01-08	LV	20250108-1400	75.340000
2025-01-08	LV	20250108-1500	75.340000
2025-01-08	LV	20250108-1600	74.070000
2025-01-08	LV	20250108-1700	74.070000
2025-01-08	LV	20250108-1800	58.320000
2025-01-08	LV	20250108-1900	58.090000
2025-01-08	LV	20250108-2000	37.550000
2025-01-08	LV	20250108-2100	34.070000
2025-01-08	LV	20250108-2200	45.680000
2025-01-08	LV	20250108-2300	52.440000
2025-01-08	NL	20250108-0000	37.140000
2025-01-08	NL	20250108-0100	34.950000
2025-01-08	NL	20250108-0200	30.230000
2025-01-08	NL	20250108-0300	57.000000
2025-01-08	NL	20250108-0400	63.090000
2025-01-08	NL	20250108-0500	74.070000
2025-01-08	NL	20250108-0600	95.110000
2025-01-08	NL	20250108-0700	95.110000
2025-01-08	NL	20250108-0800	95.110000
2025-01-08	NL	20250108-0900	95.110000
2025-01-08	NL	20250108-1000	95.110000
2025-01-08	NL	20250108-1100	95.110000
2025-01-08	NL	20250108-1200	95.110000
2025-01-08	NL	20250108-1300	95.110000
2025-01-08	NL	20250108-1400	104.540000
2025-01-08	NL	20250108-1500	104.540000
2025-01-08	NL	20250108-1600	108.370000
2025-01-08	NL	20250108-1700	108.370000
2025-01-08	NL	20250108-1800	108.370000
2025-01-08	NL	20250108-1900	108.370000
2025-01-08	NL	20250108-2000	108.370000
2025-01-08	NL	20250108-2100	104.540000
2025-01-08	NL	20250108-2200	104.540000
2025-01-08	NL	20250108-2300	104.540000
2025-01-08	NO1	20250108-0000	37.570000
2025-01-08	NO1	20250108-0100	34.950000
2025-01-08	NO1	20250108-0200	30.230000
2025-01-08	NO1	20250108-0300	51.300000
2025-01-08	NO1	20250108-0400	56.780000
2025-01-08	NO1	20250108-0500	66.660000
2025-01-08	NO1	20250108-0600	85.600000
2025-01-08	NO1	20250108-0700	85.600000
2025-01-08	NO1	20250108-0800	85.600000
2025-01-08	NO1	20250108-0900	85.600000
2025-01-08	NO1	20250108-1000	85.600000
2025-01-08	NO1	20250108-1100	85.600000
2025-01-08	NO1	20250108-1200	85.600000
2025-01-08	NO1	20250108-1300	90.960000
2025-01-08	NO1	20250108-1400	95.200000
2025-01-08	NO1	20250108-1500	95.200000
2025-01-08	NO1	20250108-1600	97.530000
2025-01-08	NO1	20250108-1700	97.530000
2025-01-08	NO1	20250108-1800	97.530000
2025-01-08	NO1	20250108-1900	97.530000
2025-01-08	NO1	20250108-2000	97.530000
2025-01-08	NO1	20250108-2100	95.200000
2025-01-08	NO1	20250108-2200	95.200000
2025-01-08	NO1	20250108-2300	94.120000
2025-01-08	NO2	20250108-0000	37.140000
2025-01-08	NO2	20250108-0100	34.950000
2025-01-08	NO2	20250108-0200	30.230000
2025-01-08	NO2	20250108-0300	51.300000
2025-01-08	NO2	20250108-0400	56.780000
2025-01-08	NO2	20250108-0500	66.660000
2025-01-08	NO2	20250108-0600	85.600000
2025-01-08	NO2	20250108-0700	85.600000
2025-01-08	NO2	20250108-0800	85.600000
2025-01-08	NO2	20250108-0900	85.600000
2025-01-08	NO2	20250108-1000	85.600000
2025-01-08	NO2	20250108-1100	85.600000
2025-01-08	NO2	20250108-1200	85.600000
2025-01-08	NO2	20250108-1300	92.440000
2025-01-08	NO2	20250108-1400	95.510000
2025-01-08	NO2	20250108-1500	95.510000
2025-01-08	NO2	20250108-1600	97.530000
2025-01-08	NO2	20250108-1700	97.530000
2025-01-08	NO2	20250108-1800	97.530000
2025-01-08	NO2	20250108-1900	97.530000
2025-01-08	NO2	20250108-2000	97.530000
2025-01-08	NO2	20250108-2100	95.510000
2025-01-08	NO2	20250108-2200	95.510000
2025-01-08	NO2	20250108-2300	94.130000
2025-01-08	NO3	20250108-0000	37.570000
2025-01-08	NO3	20250108-0100	34.950000
2025-01-08	NO3	20250108-0200	30.230000
2025-01-08	NO3	20250108-0300	51.300000
2025-01-08	NO3	20250108-0400	56.780000
2025-01-08	NO3	20250108-0500	66.660000
2025-01-08	NO3	20250108-0600	85.600000
2025-01-08	NO3	20250108-0700	85.600000
2025-01-08	NO3	20250108-0800	85.600000
2025-01-08	NO3	20250108-0900	85.600000
2025-01-08	NO3	20250108-1000	85.600000
2025-01-08	NO3	20250108-1100	85.600000
2025-01-08	NO3	20250108-1200	85.600000
2025-01-08	NO3	20250108-1300	90.960000
2025-01-08	NO3	20250108-1400	95.200000
2025-01-08	NO3	20250108-1500	95.200000
2025-01-08	NO3	20250108-1600	97.530000
2025-01-08	NO3	20250108-1700	108.370000
2025-01-08	NO3	20250108-1800	108.370000
2025-01-08	NO3	20250108-1900	108.370000
2025-01-08	NO3	20250108-2000	97.530000
2025-01-08	NO3	20250108-2100	95.200000
2025-01-08	NO3	20250108-2200	95.200000
2025-01-08	NO3	20250108-2300	94.120000
2025-01-08	NO4	20250108-0000	30.110000
2025-01-08	NO4	20250108-0100	26.960000
2025-01-08	NO4	20250108-0200	24.500000
2025-01-08	NO4	20250108-0300	23.950000
2025-01-08	NO4	20250108-0400	24.350000
2025-01-08	NO4	20250108-0500	28.070000
2025-01-08	NO4	20250108-0600	34.360000
2025-01-08	NO4	20250108-0700	36.700000
2025-01-08	NO4	20250108-0800	37.060000
2025-01-08	NO4	20250108-0900	38.130000
2025-01-08	NO4	20250108-1000	39.780000
2025-01-08	NO4	20250108-1100	38.890000
2025-01-08	NO4	20250108-1200	38.510000
2025-01-08	NO4	20250108-1300	40.310000
2025-01-08	NO4	20250108-1400	41.200000
2025-01-08	NO4	20250108-1500	40.280000
2025-01-08	NO4	20250108-1600	38.090000
2025-01-08	NO4	20250108-1700	42.610000
2025-01-08	NO4	20250108-1800	39.390000
2025-01-08	NO4	20250108-1900	40.160000
2025-01-08	NO4	20250108-2000	43.920000
2025-01-08	NO4	20250108-2100	40.400000
2025-01-08	NO4	20250108-2200	36.380000
2025-01-08	NO4	20250108-2300	31.450000
2025-01-08	NO5	20250108-0000	37.570000
2025-01-08	NO5	20250108-0100	34.950000
2025-01-08	NO5	20250108-0200	30.230000
2025-01-08	NO5	20250108-0300	51.300000
2025-01-08	NO5	20250108-0400	56.780000
2025-01-08	NO5	20250108-0500	66.660000
2025-01-08	NO5	20250108-0600	85.600000
2025-01-08	NO5	20250108-0700	85.600000
2025-01-08	NO5	20250108-0800	85.600000
2025-01-08	NO5	20250108-0900	85.600000
2025-01-08	NO5	20250108-1000	85.600000
2025-01-08	NO5	20250108-1100	85.600000
2025-01-08	NO5	20250108-1200	85.600000
2025-01-08	NO5	20250108-1300	90.960000
2025-01-08	NO5	20250108-1400	95.200000
2025-01-08	NO5	20250108-1500	95.200000
2025-01-08	NO5	20250108-1600	97.530000
2025-01-08	NO5	20250108-1700	97.530000
2025-01-08	NO5	20250108-1800	97.530000
2025-01-08	NO5	20250108-1900	97.530000
2025-01-08	NO5	20250108-2000	97.530000
2025-01-08	NO5	20250108-2100	95.200000
2025-01-08	NO5	20250108-2200	95.200000
2025-01-08	NO5	20250108-2300	94.120000
2025-01-08	PL	20250108-0000	64.360000
2025-01-08	PL	20250108-0100	63.870000
2025-01-08	PL	20250108-0200	64.510000
2025-01-08	PL	20250108-0300	68.620000
2025-01-08	PL	20250108-0400	82.030000
2025-01-08	PL	20250108-0500	90.660000
2025-01-08	PL	20250108-0600	92.880000
2025-01-08	PL	20250108-0700	93.340000
2025-01-08	PL	20250108-0800	92.230000
2025-01-08	PL	20250108-0900	90.660000
2025-01-08	PL	20250108-1000	90.660000
2025-01-08	PL	20250108-1100	90.660000
2025-01-08	PL	20250108-1200	92.880000
2025-01-08	PL	20250108-1300	97.200000
2025-01-08	PL	20250108-1400	99.290000
2025-01-08	PL	20250108-1500	103.320000
2025-01-08	PL	20250108-1600	101.840000
2025-01-08	PL	20250108-1700	99.290000
2025-01-08	PL	20250108-1800	99.140000
2025-01-08	PL	20250108-1900	97.750000
2025-01-08	PL	20250108-2000	93.340000
2025-01-08	PL	20250108-2100	90.660000
2025-01-08	PL	20250108-2200	90.660000
2025-01-08	PL	20250108-2300	92.860000
2025-01-08	PT	20250108-0000	42.400000
2025-01-08	PT	20250108-0100	37.360000
2025-01-08	PT	20250108-0200	37.300000
2025-01-08	PT	20250108-0300	37.550000
2025-01-08	PT	20250108-0400	37.620000
2025-01-08	PT	20250108-0500	57.000000
2025-01-08	PT	20250108-0600	108.370000
2025-01-08	PT	20250108-0700	108.370000
2025-01-08	PT	20250108-0800	108.370000
2025-01-08	PT	20250108-0900	79.770000
2025-01-08	PT	20250108-1000	74.070000
2025-01-08	PT	20250108-1100	23.750000
2025-01-08	PT	20250108-1200	12.500000
2025-01-08	PT	20250108-1300	10.500000
2025-01-08	PT	20250108-1400	23.750000
2025-01-08	PT	20250108-1500	50.630000
2025-01-08	PT	20250108-1600	74.070000
2025-01-08	PT	20250108-1700	95.110000
2025-01-08	PT	20250108-1800	108.370000
2025-01-08	PT	20250108-1900	76.630000
2025-01-08	PT	20250108-2000	74.070000
2025-01-08	PT	20250108-2100	43.210000
2025-01-08	PT	20250108-2200	43.700000
2025-01-08	PT	20250108-2300	38.070000
2025-01-08	RO	20250108-0000	101.030000
2025-01-08	RO	20250108-0100	83.770000
2025-01-08	RO	20250108-0200	75.290000
2025-01-08	RO	20250108-0300	100.500000
2025-01-08	RO	20250108-0400	107.020000
2025-01-08	RO	20250108-0500	108.370000
2025-01-08	RO	20250108-0600	131.450000
2025-01-08	RO	20250108-0700	114.070000
2025-01-08	RO	20250108-0800	108.370000
2025-01-08	RO	20250108-0900	108.370000
2025-01-08	RO	20250108-1000	108.370000
2025-01-08	RO	20250108-1100	107.860000
2025-01-08	RO	20250108-1200	108.370000
2025-01-08	RO	20250108-1300	108.370000
2025-01-08	RO	20250108-1400	130.040000
2025-01-08	RO	20250108-1500	202.420000
2025-01-08	RO	20250108-1600	219.380000
2025-01-08	RO	20250108-1700	205.330000
2025-01-08	RO	20250108-1800	184.130000
2025-01-08	RO	20250108-1900	130.040000
2025-01-08	RO	20250108-2000	108.370000
2025-01-08	RO	20250108-2100	108.370000
2025-01-08	RO	20250108-2200	108.370000
2025-01-08	RO	20250108-2300	107.020000
2025-01-08	RS	20250108-0000	101.030000
2025-01-08	RS	20250108-0100	83.770000
2025-01-08	RS	20250108-0200	75.290000
2025-01-08	RS	20250108-0300	100.500000
2025-01-08	RS	20250108-0400	107.020000
2025-01-08	RS	20250108-0500	108.370000
2025-01-08	RS	20250108-0600	131.450000
2025-01-08	RS	20250108-0700	114.070000
2025-01-08	RS	20250108-0800	108.370000
2025-01-08	RS	20250108-0900	108.370000
2025-01-08	RS	20250108-1000	108.370000
2025-01-08	RS	20250108-1100	107.860000
2025-01-08	RS	20250108-1200	108.370000
2025-01-08	RS	20250108-1300	108.370000
2025-01-08	RS	20250108-1400	130.040000
2025-01-08	RS	20250108-1500	202.420000
2025-01-08	RS	20250108-1600	219.380000
2025-01-08	RS	20250108-1700	205.330000
2025-01-08	RS	20250108-1800	184.130000
2025-01-08	RS	20250108-1900	130.040000
2025-01-08	RS	20250108-2000	108.370000
2025-01-08	RS	20250108-2100	108.370000
2025-01-08	RS	20250108-2200	108.370000
2025-01-08	RS	20250108-2300	107.020000
2025-01-08	SE1	20250108-0000	1.000000
2025-01-08	SE1	20250108-0100	1.000000
2025-01-08	SE1	20250108-0200	1.000000
2025-01-08	SE1	20250108-0300	1.000000
2025-01-08	SE1	20250108-0400	1.000000
2025-01-08	SE1	20250108-0500	1.000000
2025-01-08	SE1	20250108-0600	1.000000
2025-01-08	SE1	20250108-0700	1.000000
2025-01-08	SE1	20250108-0800	1.000000
2025-01-08	SE1	20250108-0900	1.000000
2025-01-08	SE1	20250108-1000	1.000000
2025-01-08	SE1	20250108-1100	1.000000
2025-01-08	SE1	20250108-1200	1.000000
2025-01-08	SE1	20250108-1300	1.000000
2025-01-08	SE1	20250108-1400	1.000000
2025-01-08	SE1	20250108-1500	1.000000
2025-01-08	SE1	20250108-1600	1.000000
2025-01-08	SE1	20250108-1700	1.000000
2025-01-08	SE1	20250108-1800	1.000000
2025-01-08	SE1	20250108-1900	1.000000
2025-01-08	SE1	20250108-2000	31.140000
2025-01-08	SE1	20250108-2100	41.480000
2025-01-08	SE1	20250108-2200	39.600000
2025-01-08	SE1	20250108-2300	31.140000
2025-01-08	SE2	20250108-0000	1.000000
2025-01-08	SE2	20250108-0100	1.000000
2025-01-08	SE2	20250108-0200	1.000000
2025-01-08	SE2	20250108-0300	1.000000
2025-01-08	SE2	20250108-0400	1.000000
2025-01-08	SE2	20250108-0500	1.000000
2025-01-08	SE2	20250108-0600	1.000000
2025-01-08	SE2	20250108-0700	1.000000
2025-01-08	SE2	20250108-0800	1.000000
2025-01-08	SE2	20250108-0900	1.000000
2025-01-08	SE2	20250108-1000	1.000000
2025-01-08	SE2	20250108-1100	1.000000
2025-01-08	SE2	20250108-1200	1.000000
2025-01-08	SE2	20250108-1300	1.000000
2025-01-08	SE2	20250108-1400	1.000000
2025-01-08	SE2	20250108-1500	1.000000
2025-01-08	SE2	20250108-1600	1.000000
2025-01-08	SE2	20250108-1700	1.000000
2025-01-08	SE2	20250108-1800	1.000000
2025-01-08	SE2	20250108-1900	1.000000
2025-01-08	SE2	20250108-2000	31.140000
2025-01-08	SE2	20250108-2100	1.000000
2025-01-08	SE2	20250108-2200	1.000000
2025-01-08	SE2	20250108-2300	31.140000
2025-01-08	SE3	20250108-0000	36.000000
2025-01-08	SE3	20250108-0100	34.950000
2025-01-08	SE3	20250108-0200	30.230000
2025-01-08	SE3	20250108-0300	51.300000
2025-01-08	SE3	20250108-0400	56.780000
2025-01-08	SE3	20250108-0500	66.660000
2025-01-08	SE3	20250108-0600	85.600000
2025-01-08	SE3	20250108-0700	85.600000
2025-01-08	SE3	20250108-0800	95.110000
2025-01-08	SE3	20250108-0900	95.110000
2025-01-08	SE3	20250108-1000	95.110000
2025-01-08	SE3	20250108-1100	95.110000
2025-01-08	SE3	20250108-1200	95.110000
2025-01-08	SE3	20250108-1300	95.110000
2025-01-08	SE3	20250108-1400	104.540000
2025-01-08	SE3	20250108-1500	95.110000
2025-01-08	SE3	20250108-1600	108.370000
2025-01-08	SE3	20250108-1700	108.370000
2025-01-08	SE3	20250108-1800	108.370000
2025-01-08	SE3	20250108-1900	108.370000
2025-01-08	SE3	20250108-2000	108.370000
2025-01-08	SE3	20250108-2100	104.540000
2025-01-08	SE3	20250108-2200	104.540000
2025-01-08	SE3	20250108-2300	94.150000
2025-01-08	SE4	20250108-0000	14.600000
2025-01-08	SE4	20250108-0100	29.550000
2025-01-08	SE4	20250108-0200	13.730000
2025-01-08	SE4	20250108-0300	13.520000
2025-01-08	SE4	20250108-0400	20.970000
2025-01-08	SE4	20250108-0500	37.840000
2025-01-08	SE4	20250108-0600	62.580000
2025-01-08	SE4	20250108-0700	75.110000
2025-01-08	SE4	20250108-0800	63.850000
2025-01-08	SE4	20250108-0900	62.210000
2025-01-08	SE4	20250108-1000	62.210000
2025-01-08	SE4	20250108-1100	50.210000
2025-01-08	SE4	20250108-1200	55.640000
2025-01-08	SE4	20250108-1300	46.500000
2025-01-08	SE4	20250108-1400	40.540000
2025-01-08	SE4	20250108-1500	69.590000
2025-01-08	SE4	20250108-1600	65.080000
2025-01-08	SE4	20250108-1700	63.280000
2025-01-08	SE4	20250108-1800	58.320000
2025-01-08	SE4	20250108-1900	58.090000
2025-01-08	SE4	20250108-2000	37.550000
2025-01-08	SE4	20250108-2100	34.070000
2025-01-08	SE4	20250108-2200	45.680000
2025-01-08	SE4	20250108-2300	52.440000
2025-01-08	SI	20250108-0000	101.030000
2025-01-08	SI	20250108-0100	83.770000
2025-01-08	SI	20250108-0200	75.290000
2025-01-08	SI	20250108-0300	100.500000
2025-01-08	SI	20250108-0400	107.020000
2025-01-08	SI	20250108-0500	108.370000
2025-01-08	SI	20250108-0600	114.070000
2025-01-08	SI	20250108-0700	114.070000
2025-01-08	SI	20250108-0800	108.370000
2025-01-08	SI	20250108-0900	108.370000
2025-01-08	SI	20250108-1000	108.370000
2025-01-08	SI	20250108-1100	107.860000
2025-01-08	SI	20250108-1200	108.370000
2025-01-08	SI	20250108-1300	108.370000
2025-01-08	SI	20250108-1400	108.370000
2025-01-08	SI	20250108-1500	114.070000
2025-01-08	SI	20250108-1600	108.370000
2025-01-08	SI	20250108-1700	108.370000
2025-01-08	SI	20250108-1800	107.020000
2025-01-08	SI	20250108-1900	107.020000
2025-01-08	SI	20250108-2000	107.020000
2025-01-08	SI	20250108-2100	107.020000
2025-01-08	SI	20250108-2200	108.370000
2025-01-08	SI	20250108-2300	107.020000
2025-01-08	SK	20250108-0000	41.740000
2025-01-08	SK	20250108-0100	38.830000
2025-01-08	SK	20250108-0200	33.590000
2025-01-08	SK	20250108-0300	57.000000
2025-01-08	SK	20250108-0400	63.090000
2025-01-08	SK	20250108-0500	74.070000
2025-01-08	SK	20250108-0600	95.110000
2025-01-08	SK	20250108-0700	95.110000
2025-01-08	SK	20250108-0800	95.110000
2025-01-08	SK	20250108-0900	95.110000
2025-01-08	SK	20250108-1000	95.110000
2025-01-08	SK	20250108-1100	95.110000
2025-01-08	SK	20250108-1200	95.110000
2025-01-08	SK	20250108-1300	101.060000
2025-01-08	SK	20250108-1400	105.780000
2025-01-08	SK	20250108-1500	105.780000
2025-01-08	SK	20250108-1600	108.370000
2025-01-08	SK	20250108-1700	108.370000
2025-01-08	SK	20250108-1800	108.370000
2025-01-08	SK	20250108-1900	108.370000
2025-01-08	SK	20250108-2000	108.370000
2025-01-08	SK	20250108-2100	105.780000
2025-01-08	SK	20250108-2200	105.780000
2025-01-08	SK	20250108-2300	104.580000
2025-07-09	AT	20250709-0000	48.890000
2025-07-09	AT	20250709-0100	4.800000
2025-07-09	AT	20250709-0200	48.890000
2025-07-09	AT	20250709-0300	84.440000
2025-07-09	AT	20250709-0400	88.890000
2025-07-09	AT	20250709-0500	88.890000
2025-07-09	AT	20250709-0600	88.890000
2025-07-09	AT	20250709-0700	57.000000
2025-07-09	AT	20250709-0800	4.810000
2025-07-09	AT	20250709-0900	4.800000
2025-07-09	AT	20250709-1000	4.800000
2025-07-09	AT	20250709-1100	4.800000
2025-07-09	AT	20250709-1200	4.800000
2025-07-09	AT	20250709-1300	57.010000
2025-07-09	AT	20250709-1400	73.570000
2025-07-09	AT	20250709-1500	84.440000
2025-07-09	AT	20250709-1600	88.890000
2025-07-09	AT	20250709-1700	88.890000
2025-07-09	AT	20250709-1800	88.890000
2025-07-09	AT	20250709-1900	88.890000
2025-07-09	AT	20250709-2000	88.890000
2025-07-09	AT	20250709-2100	88.890000
2025-07-09	AT	20250709-2200	84.440000
2025-07-09	AT	20250709-2300	63.100000
2025-07-09	BE	20250709-0000	84.440000
2025-07-09	BE	20250709-0100	84.440000
2025-07-09	BE	20250709-0200	84.440000
2025-07-09	BE	20250709-0300	84.440000
2025-07-09	BE	20250709-0400	84.440000
2025-07-09	BE	20250709-0500	84.440000
2025-07-09	BE	20250709-0600	84.440000
2025-07-09	BE	20250709-0700	79.660000
2025-07-09	BE	20250709-0800	76.000000
2025-07-09	BE	20250709-0900	76.000000
2025-07-09	BE	20250709-1000	59.400000
2025-07-09	BE	20250709-1100	47.860000
2025-07-09	BE	20250709-1200	47.650000
2025-07-09	BE	20250709-1300	47.650000
2025-07-09	BE	20250709-1400	56.700000
2025-07-09	BE	20250709-1500	82.120000
2025-07-09	BE	20250709-1600	84.440000
2025-07-09	BE	20250709-1700	88.890000
2025-07-09	BE	20250709-1800	98.050000
2025-07-09	BE	20250709-1900	98.050000
2025-07-09	BE	20250709-2000	88.890000
2025-07-09	BE	20250709-2100	87.600000
2025-07-09	BE	20250709-2200	87.260000
2025-07-09	BE	20250709-2300	87.260000
2025-07-09	BG	20250709-0000	103.520000
2025-07-09	BG	20250709-0100	103.520000
2025-07-09	BG	20250709-0200	103.520000
2025-07-09	BG	20250709-0300	103.520000
2025-07-09	BG	20250709-0400	105.280000
2025-07-09	BG	20250709-0500	103.520000
2025-07-09	BG	20250709-0600	103.520000
2025-07-09	BG	20250709-0700	103.520000
2025-07-09	BG	20250709-0800	103.520000
2025-07-09	BG	20250709-0900	103.520000
2025-07-09	BG	20250709-1000	103.520000
2025-07-09	BG	20250709-1100	103.520000
2025-07-09	BG	20250709-1200	103.520000
2025-07-09	BG	20250709-1300	103.520000
2025-07-09	BG	20250709-1400	103.520000
2025-07-09	BG	20250709-1500	109.210000
2025-07-09	BG	20250709-1600	150.490000
2025-07-09	BG	20250709-1700	178.000000
2025-07-09	BG	20250709-1800	160.000000
2025-07-09	BG	20250709-1900	135.360000
2025-07-09	BG	20250709-2000	106.570000
2025-07-09	BG	20250709-2100	103.520000
2025-07-09	BG	20250709-2200	84.440000
2025-07-09	BG	20250709-2300	84.440000
2025-07-09	CH	20250709-0000	92.580000
2025-07-09	CH	20250709-0100	92.580000
2025-07-09	CH	20250709-0200	92.580000
2025-07-09	CH	20250709-0300	92.580000
2025-07-09	CH	20250709-0400	101.330000
2025-07-09	CH	20250709-0500	101.330000
2025-07-09	CH	20250709-0600	92.580000
2025-07-09	CH	20250709-0700	92.580000
2025-07-09	CH	20250709-0800	88.890000
2025-07-09	CH	20250709-0900	84.440000
2025-07-09	CH	20250709-1000	75.010000
2025-07-09	CH	20250709-1100	57.460000
2025-07-09	CH	20250709-1200	57.000000
2025-07-09	CH	20250709-1300	57.010000
2025-07-09	CH	20250709-1400	73.570000
2025-07-09	CH	20250709-1500	84.440000
2025-07-09	CH	20250709-1600	92.580000
2025-07-09	CH	20250709-1700	103.520000
2025-07-09	CH	20250709-1800	103.520000
2025-07-09	CH	20250709-1900	103.520000
2025-07-09	CH	20250709-2000	103.520000
2025-07-09	CH	20250709-2100	102.080000
2025-07-09	CH	20250709-2200	101.330000
2025-07-09	CH	20250709-2300	101.330000
2025-07-09	CZ	20250709-0000	86.270000
2025-07-09	CZ	20250709-0100	84.440000
2025-07-09	CZ	20250709-0200	89.290000
2025-07-09	CZ	20250709-0300	88.250000
2025-07-09	CZ	20250709-0400	93.010000
2025-07-09	CZ	20250709-0500	96.510000
2025-07-09	CZ	20250709-0600	92.580000
2025-07-09	CZ	20250709-0700	92.580000
2025-07-09	CZ	20250709-0800	88.890000
2025-07-09	CZ	20250709-0900	88.250000
2025-07-09	CZ	20250709-1000	90.400000
2025-07-09	CZ	20250709-1100	103.520000
2025-07-09	CZ	20250709-1200	103.520000
2025-07-09	CZ	20250709-1300	103.520000
2025-07-09	CZ	20250709-1400	103.520000
2025-07-09	CZ	20250709-1500	103.520000
2025-07-09	CZ	20250709-1600	96.400000
2025-07-09	CZ	20250709-1700	103.520000
2025-07-09	CZ	20250709-1800	101.060000
2025-07-09	CZ	20250709-1900	99.810000
2025-07-09	CZ	20250709-2000	93.810000
2025-07-09	CZ	20250709-2100	88.250000
2025-07-09	CZ	20250709-2200	88.250000
2025-07-09	CZ	20250709-2300	84.440000
2025-07-09	DE_LU	20250709-0000	92.580000
2025-07-09	DE_LU	20250709-0100	92.580000
2025-07-09	DE_LU	20250709-0200	92.580000
2025-07-09	DE_LU	20250709-0300	92.580000
2025-07-09	DE_LU	20250709-0400	101.330000
2025-07-09	DE_LU	20250709-0500	101.330000
2025-07-09	DE_LU	20250709-0600	92.580000
2025-07-09	DE_LU	20250709-0700	92.580000
2025-07-09	DE_LU	20250709-0800	88.890000
2025-07-09	DE_LU	20250709-0900	84.440000
2025-07-09	DE_LU	20250709-1000	75.010000
2025-07-09	DE_LU	20250709-1100	57.460000
2025-07-09	DE_LU	20250709-1200	57.000000
2025-07-09	DE_LU	20250709-1300	57.010000
2025-07-09	DE_LU	20250709-1400	73.570000
2025-07-09	DE_LU	20250709-1500	84.440000
2025-07-09	DE_LU	20250709-1600	92.580000
2025-07-09	DE_LU	20250709-1700	103.520000
2025-07-09	DE_LU	20250709-1800	103.520000
2025-07-09	DE_LU	20250709-1900	103.520000
2025-07-09	DE_LU	20250709-2000	103.520000
2025-07-09	DE_LU	20250709-2100	102.080000
2025-07-09	DE_LU	20250709-2200	101.330000
2025-07-09	DE_LU	20250709-2300	101.330000
2025-07-09	DK1	20250709-0000	92.580000
2025-07-09	DK1	20250709-0100	92.580000
2025-07-09	DK1	20250709-0200	92.580000
2025-07-09	DK1	20250709-0300	92.580000
2025-07-09	DK1	20250709-0400	101.330000
2025-07-09	DK1	20250709-0500	101.330000
2025-07-09	DK1	20250709-0600	92.580000
2025-07-09	DK1	20250709-0700	92.580000
2025-07-09	DK1	20250709-0800	84.440000
2025-07-09	DK1	20250709-0900	84.440000
2025-07-09	DK1	20250709-1000	72.270000
2025-07-09	DK1	20250709-1100	57.460000
2025-07-09	DK1	20250709-1200	57.000000
2025-07-09	DK1	20250709-1300	57.010000
2025-07-09	DK1	20250709-1400	73.570000
2025-07-09	DK1	20250709-1500	84.440000
2025-07-09	DK1	20250709-1600	84.440000
2025-07-09	DK1	20250709-1700	103.520000
2025-07-09	DK1	20250709-1800	103.520000
2025-07-09	DK1	20250709-1900	103.520000
2025-07-09	DK1	20250709-2000	103.520000
2025-07-09	DK1	20250709-2100	102.080000
2025-07-09	DK1	20250709-2200	101.330000
2025-07-09	DK1	20250709-2300	101.330000
2025-07-09	DK2	20250709-0000	92.580000
2025-07-09	DK2	20250709-0100	92.580000
2025-07-09	DK2	20250709-0200	92.580000
2025-07-09	DK2	20250709-0300	92.580000
2025-07-09	DK2	20250709-0400	101.330000
2025-07-09	DK2	20250709-0500	101.330000
2025-07-09	DK2	20250709-0600	92.580000
2025-07-09	DK2	20250709-0700	92.580000
2025-07-09	DK2	20250709-0800	84.440000
2025-07-09	DK2	20250709-0900	84.440000
2025-07-09	DK2	20250709-1000	72.270000
2025-07-09	DK2	20250709-1100	57.460000
2025-07-09	DK2	20250709-1200	57.000000
2025-07-09	DK2	20250709-1300	57.010000
2025-07-09	DK2	20250709-1400	73.570000
2025-07-09	DK2	20250709-1500	84.440000
2025-07-09	DK2	20250709-1600	96.650000
2025-07-09	DK2	20250709-1700	114.790000
2025-07-09	DK2	20250709-1800	103.520000
2025-07-09	DK2	20250709-1900	103.520000
2025-07-09	DK2	20250709-2000	103.520000
2025-07-09	DK2	20250709-2100	102.080000
2025-07-09	DK2	20250709-2200	101.330000
2025-07-09	DK2	20250709-2300	101.330000
2025-07-09	EE	20250709-0000	59.150000
2025-07-09	EE	20250709-0100	59.040000
2025-07-09	EE	20250709-0200	59.220000
2025-07-09	EE	20250709-0300	70.190000
2025-07-09	EE	20250709-0400	75.340000
2025-07-09	EE	20250709-0500	75.340000
2025-07-09	EE	20250709-0600	57.000000
2025-07-09	EE	20250709-0700	57.000000
2025-07-09	EE	20250709-0800	57.000000
2025-07-09	EE	20250709-0900	57.000000
2025-07-09	EE	20250709-1000	57.000000
2025-07-09	EE	20250709-1100	57.000000
2025-07-09	EE	20250709-1200	57.000000
2025-07-09	EE	20250709-1300	57.000000
2025-07-09	EE	20250709-1400	57.150000
2025-07-09	EE	20250709-1500	69.280000
2025-07-09	EE	20250709-1600	80.910000
2025-07-09	EE	20250709-1700	84.440000
2025-07-09	EE	20250709-1800	84.440000
2025-07-09	EE	20250709-1900	84.540000
2025-07-09	EE	20250709-2000	75.340000
2025-07-09	EE	20250709-2100	65.620000
2025-07-09	EE	20250709-2200	48.890000
2025-07-09	EE	20250709-2300	39.660000
2025-07-09	ES	20250709-0000	84.440000
2025-07-09	ES	20250709-0100	84.440000
2025-07-09	ES	20250709-0200	84.440000
2025-07-09	ES	20250709-0300	84.440000
2025-07-09	ES	20250709-0400	84.440000
2025-07-09	ES	20250709-0500	92.580000
2025-07-09	ES	20250709-0600	84.440000
2025-07-09	ES	20250709-0700	84.440000
2025-07-09	ES	20250709-0800	54.250000
2025-07-09	ES	20250709-0900	48.890000
2025-07-09	ES	20250709-1000	24.870000
2025-07-09	ES	20250709-1100	22.630000
2025-07-09	ES	20250709-1200	22.570000
2025-07-09	ES	20250709-1300	22.570000
2025-07-09	ES	20250709-1400	23.340000
2025-07-09	ES	20250709-1500	26.080000
2025-07-09	ES	20250709-1600	48.890000
2025-07-09	ES	20250709-1700	84.440000
2025-07-09	ES	20250709-1800	137.960000
2025-07-09	ES	20250709-1900	155.550000
2025-07-09	ES	20250709-2000	153.530000
2025-07-09	ES	20250709-2100	144.550000
2025-07-09	ES	20250709-2200	137.830000
2025-07-09	ES	20250709-2300	115.130000
2025-07-09	FI	20250709-0000	9.500000
2025-07-09	FI	20250709-0100	9.500000
2025-07-09	FI	20250709-0200	9.500000
2025-07-09	FI	20250709-0300	10.540000
2025-07-09	FI	20250709-0400	12.840000
2025-07-09	FI	20250709-0500	30.000000
2025-07-09	FI	20250709-0600	57.000000
2025-07-09	FI	20250709-0700	57.000000
2025-07-09	FI	20250709-0800	57.000000
2025-07-09	FI	20250709-0900	57.000000
2025-07-09	FI	20250709-1000	57.000000
2025-07-09	FI	20250709-1100	57.000000
2025-07-09	FI	20250709-1200	57.000000
2025-07-09	FI	20250709-1300	57.000000
2025-07-09	FI	20250709-1400	57.150000
2025-07-09	FI	20250709-1500	69.280000
2025-07-09	FI	20250709-1600	80.910000
2025-07-09	FI	20250709-1700	84.440000
2025-07-09	FI	20250709-1800	84.440000
2025-07-09	FI	20250709-1900	84.080000
2025-07-09	FI	20250709-2000	57.000000
2025-07-09	FI	20250709-2100	57.000000
2025-07-09	FI	20250709-2200	12.680000
2025-07-09	FI	20250709-2300	16.310000
2025-07-09	FR	20250709-0000	62.340000
2025-07-09	FR	20250709-0100	62.340000
2025-07-09	FR	20250709-0200	62.340000
2025-07-09	FR	20250709-0300	62.340000
2025-07-09	FR	20250709-0400	64.460000
2025-07-09	FR	20250709-0500	66.010000
2025-07-09	FR	20250709-0600	62.340000
2025-07-09	FR	20250709-0700	62.340000
2025-07-09	FR	20250709-0800	54.250000
2025-07-09	FR	20250709-0900	48.890000
2025-07-09	FR	20250709-1000	24.870000
2025-07-09	FR	20250709-1100	22.630000
2025-07-09	FR	20250709-1200	22.570000
2025-07-09	FR	20250709-1300	22.570000
2025-07-09	FR	20250709-1400	23.340000
2025-07-09	FR	20250709-1500	26.080000
2025-07-09	FR	20250709-1600	48.890000
2025-07-09	FR	20250709-1700	77.750000
2025-07-09	FR	20250709-1800	90.470000
2025-07-09	FR	20250709-1900	79.750000
2025-07-09	FR	20250709-2000	84.440000
2025-07-09	FR	20250709-2100	84.440000
2025-07-09	FR	20250709-2200	74.600000
2025-07-09	FR	20250709-2300	70.290000
2025-07-09	GR	20250709-0000	103.520000
2025-07-09	GR	20250709-0100	103.520000
2025-07-09	GR	20250709-0200	103.520000
2025-07-09	GR	20250709-0300	103.520000
2025-07-09	GR	20250709-0400	105.280000
2025-07-09	GR	20250709-0500	103.520000
2025-07-09	GR	20250709-0600	84.440000
2025-07-09	GR	20250709-0700	84.440000
2025-07-09	GR	20250709-0800	84.440000
2025-07-09	GR	20250709-0900	48.890000
2025-07-09	GR	20250709-1000	48.890000
2025-07-09	GR	20250709-1100	48.890000
2025-07-09	GR	20250709-1200	48.890000
2025-07-09	GR	20250709-1300	84.440000
2025-07-09	GR	20250709-1400	84.440000
2025-07-09	GR	20250709-1500	109.210000
2025-07-09	GR	20250709-1600	150.490000
2025-07-09	GR	20250709-1700	178.000000
2025-07-09	GR	20250709-1800	160.000000
2025-07-09	GR	20250709-1900	135.360000
2025-07-09	GR	20250709-2000	106.570000
2025-07-09	GR	20250709-2100	103.520000
2025-07-09	GR	20250709-2200	84.440000
2025-07-09	GR	20250709-2300	84.440000
2025-07-09	HU	20250709-0000	48.890000
2025-07-09	HU	20250709-0100	57.000000
2025-07-09	HU	20250709-0200	48.890000
2025-07-09	HU	20250709-0300	48.890000
2025-07-09	HU	20250709-0400	84.440000
2025-07-09	HU	20250709-0500	84.640000
2025-07-09	HU	20250709-0600	85.400000
2025-07-09	HU	20250709-0700	103.520000
2025-07-09	HU	20250709-0800	88.890000
2025-07-09	HU	20250709-0900	103.520000
2025-07-09	HU	20250709-1000	103.520000
2025-07-09	HU	20250709-1100	88.890000
2025-07-09	HU	20250709-1200	84.440000
2025-07-09	HU	20250709-1300	84.440000
2025-07-09	HU	20250709-1400	84.440000
2025-07-09	HU	20250709-1500	88.890000
2025-07-09	HU	20250709-1600	88.890000
2025-07-09	HU	20250709-1700	96.700000
2025-07-09	HU	20250709-1800	109.780000
2025-07-09	HU	20250709-1900	103.520000
2025-07-09	HU	20250709-2000	84.440000
2025-07-09	HU	20250709-2100	58.670000
2025-07-09	HU	20250709-2200	48.890000
2025-07-09	HU	20250709-2300	48.890000
2025-07-09	IT-CNORTH	20250709-0000	101.330000
2025-07-09	IT-CNORTH	20250709-0100	101.330000
2025-07-09	IT-CNORTH	20250709-0200	101.330000
2025-07-09	IT-CNORTH	20250709-0300	101.330000
2025-07-09	IT-CNORTH	20250709-0400	101.330000
2025-07-09	IT-CNORTH	20250709-0500	101.330000
2025-07-09	IT-CNORTH	20250709-0600	101.330000
2025-07-09	IT-CNORTH	20250709-0700	101.330000
2025-07-09	IT-CNORTH	20250709-0800	101.330000
2025-07-09	IT-CNORTH	20250709-0900	101.330000
2025-07-09	IT-CNORTH	20250709-1000	101.330000
2025-07-09	IT-CNORTH	20250709-1100	101.330000
2025-07-09	IT-CNORTH	20250709-1200	101.330000
2025-07-09	IT-CNORTH	20250709-1300	101.330000
2025-07-09	IT-CNORTH	20250709-1400	101.330000
2025-07-09	IT-CNORTH	20250709-1500	101.330000
2025-07-09	IT-CNORTH	20250709-1600	124.220000
2025-07-09	IT-CNORTH	20250709-1700	155.570000
2025-07-09	IT-CNORTH	20250709-1800	166.430000
2025-07-09	IT-CNORTH	20250709-1900	229.780000
2025-07-09	IT-CNORTH	20250709-2000	211.450000
2025-07-09	IT-CNORTH	20250709-2100	141.320000
2025-07-09	IT-CNORTH	20250709-2200	120.050000
2025-07-09	IT-CNORTH	20250709-2300	114.760000
2025-07-09	IT-CSOUTH	20250709-0000	101.330000
2025-07-09	IT-CSOUTH	20250709-0100	101.330000
2025-07-09	IT-CSOUTH	20250709-0200	101.330000
2025-07-09	IT-CSOUTH	20250709-0300	101.330000
2025-07-09	IT-CSOUTH	20250709-0400	101.330000
2025-07-09	IT-CSOUTH	20250709-0500	101.330000
2025-07-09	IT-CSOUTH	20250709-0600	101.330000
2025-07-09	IT-CSOUTH	20250709-0700	101.330000
2025-07-09	IT-CSOUTH	20250709-0800	101.330000
2025-07-09	IT-CSOUTH	20250709-0900	101.330000
2025-07-09	IT-CSOUTH	20250709-1000	101.330000
2025-07-09	IT-CSOUTH	20250709-1100	101.330000
2025-07-09	IT-CSOUTH	20250709-1200	101.330000
2025-07-09	IT-CSOUTH	20250709-1300	101.330000
2025-07-09	IT-CSOUTH	20250709-1400	101.330000
2025-07-09	IT-CSOUTH	20250709-1500	101.330000
2025-07-09	IT-CSOUTH	20250709-1600	124.220000
2025-07-09	IT-CSOUTH	20250709-1700	155.570000
2025-07-09	IT-CSOUTH	20250709-1800	166.430000
2025-07-09	IT-CSOUTH	20250709-1900	229.780000
2025-07-09	IT-CSOUTH	20250709-2000	211.450000
2025-07-09	IT-CSOUTH	20250709-2100	141.320000
2025-07-09	IT-CSOUTH	20250709-2200	120.050000
2025-07-09	IT-CSOUTH	20250709-2300	114.760000
2025-07-09	IT-Calabria	20250709-0000	101.330000
2025-07-09	IT-Calabria	20250709-0100	101.330000
2025-07-09	IT-Calabria	20250709-0200	101.330000
2025-07-09	IT-Calabria	20250709-0300	101.330000
2025-07-09	IT-Calabria	20250709-0400	101.330000
2025-07-09	IT-Calabria	20250709-0500	101.330000
2025-07-09	IT-Calabria	20250709-0600	101.330000
2025-07-09	IT-Calabria	20250709-0700	1.000000
2025-07-09	IT-Calabria	20250709-0800	1.000000
2025-07-09	IT-Calabria	20250709-0900	1.000000
2025-07-09	IT-Calabria	20250709-1000	1.000000
2025-07-09	IT-Calabria	20250709-1100	1.000000
2025-07-09	IT-Calabria	20250709-1200	1.000000
2025-07-09	IT-Calabria	20250709-1300	1.000000
2025-07-09	IT-Calabria	20250709-1400	1.000000
2025-07-09	IT-Calabria	20250709-1500	101.330000
2025-07-09	IT-Calabria	20250709-1600	101.330000
2025-07-09	IT-Calabria	20250709-1700	113.400000
2025-07-09	IT-Calabria	20250709-1800	166.430000
2025-07-09	IT-Calabria	20250709-1900	229.780000
2025-07-09	IT-Calabria	20250709-2000	211.450000
2025-07-09	IT-Calabria	20250709-2100	141.320000
2025-07-09	IT-Calabria	20250709-2200	120.050000
2025-07-09	IT-Calabria	20250709-2300	114.760000
2025-07-09	IT-NORTH	20250709-0000	101.330000
2025-07-09	IT-NORTH	20250709-0100	101.330000
2025-07-09	IT-NORTH	20250709-0200	101.330000
2025-07-09	IT-NORTH	20250709-0300	101.330000
2025-07-09	IT-NORTH	20250709-0400	101.330000
2025-07-09	IT-NORTH	20250709-0500	101.330000
2025-07-09	IT-NORTH	20250709-0600	101.330000
2025-07-09	IT-NORTH	20250709-0700	101.330000
2025-07-09	IT-NORTH	20250709-0800	101.330000
2025-07-09	IT-NORTH	20250709-0900	101.330000
2025-07-09	IT-NORTH	20250709-1000	101.330000
2025-07-09	IT-NORTH	20250709-1100	101.330000
2025-07-09	IT-NORTH	20250709-1200	101.330000
2025-07-09	IT-NORTH	20250709-1300	101.330000
2025-07-09	IT-NORTH	20250709-1400	101.330000
2025-07-09	IT-NORTH	20250709-1500	101.330000
2025-07-09	IT-NORTH	20250709-1600	124.220000
2025-07-09	IT-NORTH	20250709-1700	155.570000
2025-07-09	IT-NORTH	20250709-1800	166.430000
2025-07-09	IT-NORTH	20250709-1900	103.520000
2025-07-09	IT-NORTH	20250709-2000	103.520000
2025-07-09	IT-NORTH	20250709-2100	102.080000
2025-07-09	IT-NORTH	20250709-2200	101.330000
2025-07-09	IT-NORTH	20250709-2300	101.330000
2025-07-09	IT-SOUTH	20250709-0000	101.330000
2025-07-09	IT-SOUTH	20250709-0100	101.330000
2025-07-09	IT-SOUTH	20250709-0200	101.330000
2025-07-09	IT-SOUTH	20250709-0300	101.330000
2025-07-09	IT-SOUTH	20250709-0400	101.330000
2025-07-09	IT-SOUTH	20250709-0500	101.330000
2025-07-09	IT-SOUTH	20250709-0600	101.330000
2025-07-09	IT-SOUTH	20250709-0700	1.000000
2025-07-09	IT-SOUTH	20250709-0800	1.000000
2025-07-09	IT-SOUTH	20250709-0900	1.000000
2025-07-09	IT-SOUTH	20250709-1000	1.000000
2025-07-09	IT-SOUTH	20250709-1100	1.000000
2025-07-09	IT-SOUTH	20250709-1200	1.000000
2025-07-09	IT-SOUTH	20250709-1300	1.000000
2025-07-09	IT-SOUTH	20250709-1400	1.000000
2025-07-09	IT-SOUTH	20250709-1500	101.330000
2025-07-09	IT-SOUTH	20250709-1600	101.330000
2025-07-09	IT-SOUTH	20250709-1700	113.400000
2025-07-09	IT-SOUTH	20250709-1800	166.430000
2025-07-09	IT-SOUTH	20250709-1900	229.780000
2025-07-09	IT-SOUTH	20250709-2000	211.450000
2025-07-09	IT-SOUTH	20250709-2100	141.320000
2025-07-09	IT-SOUTH	20250709-2200	120.050000
2025-07-09	IT-SOUTH	20250709-2300	114.760000
2025-07-09	IT-Sardinia	20250709-0000	101.330000
2025-07-09	IT-Sardinia	20250709-0100	101.330000
2025-07-09	IT-Sardinia	20250709-0200	101.330000
2025-07-09	IT-Sardinia	20250709-0300	101.330000
2025-07-09	IT-Sardinia	20250709-0400	101.330000
2025-07-09	IT-Sardinia	20250709-0500	101.330000
2025-07-09	IT-Sardinia	20250709-0600	101.330000
2025-07-09	IT-Sardinia	20250709-0700	101.330000
2025-07-09	IT-Sardinia	20250709-0800	94.630000
2025-07-09	IT-Sardinia	20250709-0900	85.500000
2025-07-09	IT-Sardinia	20250709-1000	85.500000
2025-07-09	IT-Sardinia	20250709-1100	85.500000
2025-07-09	IT-Sardinia	20250709-1200	85.500000
2025-07-09	IT-Sardinia	20250709-1300	85.500000
2025-07-09	IT-Sardinia	20250709-1400	90.410000
2025-07-09	IT-Sardinia	20250709-1500	101.330000
2025-07-09	IT-Sardinia	20250709-1600	122.500000
2025-07-09	IT-Sardinia	20250709-1700	155.570000
2025-07-09	IT-Sardinia	20250709-1800	166.430000
2025-07-09	IT-Sardinia	20250709-1900	229.780000
2025-07-09	IT-Sardinia	20250709-2000	211.450000
2025-07-09	IT-Sardinia	20250709-2100	141.320000
2025-07-09	IT-Sardinia	20250709-2200	124.220000
2025-07-09	IT-Sardinia	20250709-2300	122.500000
2025-07-09	IT-Sicily	20250709-0000	101.330000
2025-07-09	IT-Sicily	20250709-0100	101.330000
2025-07-09	IT-Sicily	20250709-0200	101.330000
2025-07-09	IT-Sicily	20250709-0300	101.330000
2025-07-09	IT-Sicily	20250709-0400	101.330000
2025-07-09	IT-Sicily	20250709-0500	101.330000
2025-07-09	IT-Sicily	20250709-0600	101.330000
2025-07-09	IT-Sicily	20250709-0700	1.000000
2025-07-09	IT-Sicily	20250709-0800	1.000000
2025-07-09	IT-Sicily	20250709-0900	1.000000
2025-07-09	IT-Sicily	20250709-1000	1.000000
2025-07-09	IT-Sicily	20250709-1100	1.000000
2025-07-09	IT-Sicily	20250709-1200	1.000000
2025-07-09	IT-Sicily	20250709-1300	1.000000
2025-07-09	IT-Sicily	20250709-1400	1.000000
2025-07-09	IT-Sicily	20250709-1500	101.330000
2025-07-09	IT-Sicily	20250709-1600	101.330000
2025-07-09	IT-Sicily	20250709-1700	113.400000
2025-07-09	IT-Sicily	20250709-1800	166.430000
2025-07-09	IT-Sicily	20250709-1900	229.780000
2025-07-09	IT-Sicily	20250709-2000	211.450000
2025-07-09	IT-Sicily	20250709-2100	163.900000
2025-07-09	IT-Sicily	20250709-2200	120.050000
2025-07-09	IT-Sicily	20250709-2300	114.760000
2025-07-09	LT	20250709-0000	59.150000
2025-07-09	LT	20250709-0100	59.040000
2025-07-09	LT	20250709-0200	59.220000
2025-07-09	LT	20250709-0300	70.190000
2025-07-09	LT	20250709-0400	82.370000
2025-07-09	LT	20250709-0500	85.570000
2025-07-09	LT	20250709-0600	84.440000
2025-07-09	LT	20250709-0700	73.250000
2025-07-09	LT	20250709-0800	68.900000
2025-07-09	LT	20250709-0900	68.900000
2025-07-09	LT	20250709-1000	57.180000
2025-07-09	LT	20250709-1100	57.010000
2025-07-09	LT	20250709-1200	57.000000
2025-07-09	LT	20250709-1300	57.000000
2025-07-09	LT	20250709-1400	57.150000
2025-07-09	LT	20250709-1500	69.280000
2025-07-09	LT	20250709-1600	80.910000
2025-07-09	LT	20250709-1700	84.440000
2025-07-09	LT	20250709-1800	84.440000
2025-07-09	LT	20250709-1900	84.540000
2025-07-09	LT	20250709-2000	75.990000
2025-07-09	LT	20250709-2100	65.620000
2025-07-09	LT	20250709-2200	48.890000
2025-07-09	LT	20250709-2300	48.890000
2025-07-09	LV	20250709-0000	59.150000
2025-07-09	LV	20250709-0100	59.040000
2025-07-09	LV	20250709-0200	59.220000
2025-07-09	LV	20250709-0300	70.190000
2025-07-09	LV	20250709-0400	82.370000
2025-07-09	LV	20250709-0500	85.570000
2025-07-09	LV	20250709-0600	84.440000
2025-07-09	LV	20250709-0700	73.250000
2025-07-09	LV	20250709-0800	68.900000
2025-07-09	LV	20250709-0900	68.900000
2025-07-09	LV	20250709-1000	57.180000
2025-07-09	LV	20250709-1100	57.010000
2025-07-09	LV	20250709-1200	57.000000
2025-07-09	LV	20250709-1300	57.000000
2025-07-09	LV	20250709-1400	57.150000
2025-07-09	LV	20250709-1500	69.280000
2025-07-09	LV	20250709-1600	80.910000
2025-07-09	LV	20250709-1700	84.440000
2025-07-09	LV	20250709-1800	84.440000
2025-07-09	LV	20250709-1900	84.540000
2025-07-09	LV	20250709-2000	75.990000
2025-07-09	LV	20250709-2100	65.620000
2025-07-09	LV	20250709-2200	48.890000
2025-07-09	LV	20250709-2300	48.890000
2025-07-09	NL	20250709-0000	88.890000
2025-07-09	NL	20250709-0100	88.890000
2025-07-09	NL	20250709-0200	92.580000
2025-07-09	NL	20250709-0300	92.580000
2025-07-09	NL	20250709-0400	84.440000
2025-07-09	NL	20250709-0500	88.890000
2025-07-09	NL	20250709-0600	88.890000
2025-07-09	NL	20250709-0700	84.440000
2025-07-09	NL	20250709-0800	84.440000
2025-07-09	NL	20250709-0900	84.440000
2025-07-09	NL	20250709-1000	72.270000
2025-07-09	NL	20250709-1100	57.320000
2025-07-09	NL	20250709-1200	57.000000
2025-07-09	NL	20250709-1300	57.010000
2025-07-09	NL	20250709-1400	73.570000
2025-07-09	NL	20250709-1500	84.440000
2025-07-09	NL	20250709-1600	84.440000
2025-07-09	NL	20250709-1700	92.580000
2025-07-09	NL	20250709-1800	92.580000
2025-07-09	NL	20250709-1900	92.580000
2025-07-09	NL	20250709-2000	92.580000
2025-07-09	NL	20250709-2100	92.580000
2025-07-09	NL	20250709-2200	92.580000
2025-07-09	NL	20250709-2300	92.580000
2025-07-09	NO1	20250709-0000	88.510000
2025-07-09	NO1	20250709-0100	88.510000
2025-07-09	NO1	20250709-0200	92.580000
2025-07-09	NO1	20250709-0300	92.580000
2025-07-09	NO1	20250709-0400	92.880000
2025-07-09	NO1	20250709-0500	92.880000
2025-07-09	NO1	20250709-0600	88.510000
2025-07-09	NO1	20250709-0700	88.510000
2025-07-09	NO1	20250709-0800	84.440000
2025-07-09	NO1	20250709-0900	84.440000
2025-07-09	NO1	20250709-1000	66.000000
2025-07-09	NO1	20250709-1100	53.180000
2025-07-09	NO1	20250709-1200	52.940000
2025-07-09	NO1	20250709-1300	52.940000
2025-07-09	NO1	20250709-1400	63.000000
2025-07-09	NO1	20250709-1500	84.440000
2025-07-09	NO1	20250709-1600	88.510000
2025-07-09	NO1	20250709-1700	98.050000
2025-07-09	NO1	20250709-1800	98.050000
2025-07-09	NO1	20250709-1900	98.050000
2025-07-09	NO1	20250709-2000	98.050000
2025-07-09	NO1	20250709-2100	97.330000
2025-07-09	NO1	20250709-2200	96.960000
2025-07-09	NO1	20250709-2300	96.960000
2025-07-09	NO2	20250709-0000	88.890000
2025-07-09	NO2	20250709-0100	88.890000
2025-07-09	NO2	20250709-0200	88.890000
2025-07-09	NO2	20250709-0300	88.890000
2025-07-09	NO2	20250709-0400	88.890000
2025-07-09	NO2	20250709-0500	88.890000
2025-07-09	NO2	20250709-0600	88.890000
2025-07-09	NO2	20250709-0700	88.890000
2025-07-09	NO2	20250709-0800	88.890000
2025-07-09	NO2	20250709-0900	88.890000
2025-07-09	NO2	20250709-1000	72.270000
2025-07-09	NO2	20250709-1100	57.320000
2025-07-09	NO2	20250709-1200	57.010000
2025-07-09	NO2	20250709-1300	57.010000
2025-07-09	NO2	20250709-1400	66.360000
2025-07-09	NO2	20250709-1500	88.890000
2025-07-09	NO2	20250709-1600	88.890000
2025-07-09	NO2	20250709-1700	88.890000
2025-07-09	NO2	20250709-1800	88.890000
2025-07-09	NO2	20250709-1900	88.890000
2025-07-09	NO2	20250709-2000	88.890000
2025-07-09	NO2	20250709-2100	88.890000
2025-07-09	NO2	20250709-2200	88.890000
2025-07-09	NO2	20250709-2300	88.890000
2025-07-09	NO3	20250709-0000	79.660000
2025-07-09	NO3	20250709-0100	79.660000
2025-07-09	NO3	20250709-0200	83.320000
2025-07-09	NO3	20250709-0300	83.320000
2025-07-09	NO3	20250709-0400	83.600000
2025-07-09	NO3	20250709-0500	83.600000
2025-07-09	NO3	20250709-0600	79.660000
2025-07-09	NO3	20250709-0700	79.660000
2025-07-09	NO3	20250709-0800	76.000000
2025-07-09	NO3	20250709-0900	76.000000
2025-07-09	NO3	20250709-1000	59.400000
2025-07-09	NO3	20250709-1100	47.860000
2025-07-09	NO3	20250709-1200	47.650000
2025-07-09	NO3	20250709-1300	47.650000
2025-07-09	NO3	20250709-1400	56.700000
2025-07-09	NO3	20250709-1500	76.000000
2025-07-09	NO3	20250709-1600	79.660000
2025-07-09	NO3	20250709-1700	88.240000
2025-07-09	NO3	20250709-1800	88.240000
2025-07-09	NO3	20250709-1900	88.240000
2025-07-09	NO3	20250709-2000	88.240000
2025-07-09	NO3	20250709-2100	87.600000
2025-07-09	NO3	20250709-2200	87.260000
2025-07-09	NO3	20250709-2300	87.260000
2025-07-09	NO4	20250709-0000	29.690000
2025-07-09	NO4	20250709-0100	28.300000
2025-07-09	NO4	20250709-0200	29.290000
2025-07-09	NO4	20250709-0300	29.320000
2025-07-09	NO4	20250709-0400	32.030000
2025-07-09	NO4	20250709-0500	30.210000
2025-07-09	NO4	20250709-0600	24.240000
2025-07-09	NO4	20250709-0700	27.370000
2025-07-09	NO4	20250709-0800	24.520000
2025-07-09	NO4	20250709-0900	25.200000
2025-07-09	NO4	20250709-1000	30.210000
2025-07-09	NO4	20250709-1100	29.540000
2025-07-09	NO4	20250709-1200	30.270000
2025-07-09	NO4	20250709-1300	30.200000
2025-07-09	NO4	20250709-1400	32.540000
2025-07-09	NO4	20250709-1500	27.400000
2025-07-09	NO4	20250709-1600	30.400000
2025-07-09	NO4	20250709-1700	34.220000
2025-07-09	NO4	20250709-1800	33.910000
2025-07-09	NO4	20250709-1900	29.900000
2025-07-09	NO4	20250709-2000	29.150000
2025-07-09	NO4	20250709-2100	25.320000
2025-07-09	NO4	20250709-2200	19.370000
2025-07-09	NO4	20250709-2300	18.670000
2025-07-09	NO5	20250709-0000	79.660000
2025-07-09	NO5	20250709-0100	79.660000
2025-07-09	NO5	20250709-0200	83.320000
2025-07-09	NO5	20250709-0300	83.320000
2025-07-09	NO5	20250709-0400	83.600000
2025-07-09	NO5	20250709-0500	83.600000
2025-07-09	NO5	20250709-0600	79.660000
2025-07-09	NO5	20250709-0700	79.660000
2025-07-09	NO5	20250709-0800	76.000000
2025-07-09	NO5	20250709-0900	76.000000
2025-07-09	NO5	20250709-1000	59.400000
2025-07-09	NO5	20250709-1100	47.860000
2025-07-09	NO5	20250709-1200	47.650000
2025-07-09	NO5	20250709-1300	47.650000
2025-07-09	NO5	20250709-1400	56.700000
2025-07-09	NO5	20250709-1500	76.000000
2025-07-09	NO5	20250709-1600	79.660000
2025-07-09	NO5	20250709-1700	88.240000
2025-07-09	NO5	20250709-1800	88.240000
2025-07-09	NO5	20250709-1900	88.240000
2025-07-09	NO5	20250709-2000	88.240000
2025-07-09	NO5	20250709-2100	87.600000
2025-07-09	NO5	20250709-2200	87.260000
2025-07-09	NO5	20250709-2300	87.260000
2025-07-09	PL	20250709-0000	88.890000
2025-07-09	PL	20250709-0100	88.250000
2025-07-09	PL	20250709-0200	89.290000
2025-07-09	PL	20250709-0300	88.250000
2025-07-09	PL	20250709-0400	93.010000
2025-07-09	PL	20250709-0500	96.510000
2025-07-09	PL	20250709-0600	92.580000
2025-07-09	PL	20250709-0700	92.580000
2025-07-09	PL	20250709-0800	88.890000
2025-07-09	PL	20250709-0900	88.250000
2025-07-09	PL	20250709-1000	90.400000
2025-07-09	PL	20250709-1100	88.250000
2025-07-09	PL	20250709-1200	88.250000
2025-07-09	PL	20250709-1300	88.250000
2025-07-09	PL	20250709-1400	88.250000
2025-07-09	PL	20250709-1500	90.420000
2025-07-09	PL	20250709-1600	96.400000
2025-07-09	PL	20250709-1700	102.010000
2025-07-09	PL	20250709-1800	101.060000
2025-07-09	PL	20250709-1900	99.810000
2025-07-09	PL	20250709-2000	93.810000
2025-07-09	PL	20250709-2100	88.250000
2025-07-09	PL	20250709-2200	88.250000
2025-07-09	PL	20250709-2300	88.140000
2025-07-09	PT	20250709-0000	84.440000
2025-07-09	PT	20250709-0100	84.440000
2025-07-09	PT	20250709-0200	84.440000
2025-07-09	PT	20250709-0300	84.440000
2025-07-09	PT	20250709-0400	84.440000
2025-07-09	PT	20250709-0500	92.580000
2025-07-09	PT	20250709-0600	84.440000
2025-07-09	PT	20250709-0700	84.440000
2025-07-09	PT	20250709-0800	54.250000
2025-07-09	PT	20250709-0900	48.890000
2025-07-09	PT	20250709-1000	24.870000
2025-07-09	PT	20250709-1100	22.630000
2025-07-09	PT	20250709-1200	22.570000
2025-07-09	PT	20250709-1300	22.570000
2025-07-09	PT	20250709-1400	23.340000
2025-07-09	PT	20250709-1500	26.080000
2025-07-09	PT	20250709-1600	48.890000
2025-07-09	PT	20250709-1700	84.440000
2025-07-09	PT	20250709-1800	137.960000
2025-07-09	PT	20250709-1900	155.550000
2025-07-09	PT	20250709-2000	153.530000
2025-07-09	PT	20250709-2100	144.550000
2025-07-09	PT	20250709-2200	137.830000
2025-07-09	PT	20250709-2300	115.130000
2025-07-09	RO	20250709-0000	103.520000
2025-07-09	RO	20250709-0100	103.520000
2025-07-09	RO	20250709-0200	103.520000
2025-07-09	RO	20250709-0300	103.520000
2025-07-09	RO	20250709-0400	105.280000
2025-07-09	RO	20250709-0500	103.520000
2025-07-09	RO	20250709-0600	103.520000
2025-07-09	RO	20250709-0700	103.520000
2025-07-09	RO	20250709-0800	103.520000
2025-07-09	RO	20250709-0900	103.520000
2025-07-09	RO	20250709-1000	103.520000
2025-07-09	RO	20250709-1100	103.520000
2025-07-09	RO	20250709-1200	103.520000
2025-07-09	RO	20250709-1300	103.520000
2025-07-09	RO	20250709-1400	103.520000
2025-07-09	RO	20250709-1500	109.210000
2025-07-09	RO	20250709-1600	150.490000
2025-07-09	RO	20250709-1700	178.000000
2025-07-09	RO	20250709-1800	160.000000
2025-07-09	RO	20250709-1900	135.360000
2025-07-09	RO	20250709-2000	106.570000
2025-07-09	RO	20250709-2100	103.520000
2025-07-09	RO	20250709-2200	84.440000
2025-07-09	RO	20250709-2300	84.440000
2025-07-09	RS	20250709-0000	103.520000
2025-07-09	RS	20250709-0100	103.520000
2025-07-09	RS	20250709-0200	103.520000
2025-07-09	RS	20250709-0300	103.520000
2025-07-09	RS	20250709-0400	105.280000
2025-07-09	RS	20250709-0500	103.520000
2025-07-09	RS	20250709-0600	103.520000
2025-07-09	RS	20250709-0700	103.520000
2025-07-09	RS	20250709-0800	103.520000
2025-07-09	RS	20250709-0900	103.520000
2025-07-09	RS	20250709-1000	103.520000
2025-07-09	RS	20250709-1100	103.520000
2025-07-09	RS	20250709-1200	103.520000
2025-07-09	RS	20250709-1300	103.520000
2025-07-09	RS	20250709-1400	103.520000
2025-07-09	RS	20250709-1500	109.210000
2025-07-09	RS	20250709-1600	150.490000
2025-07-09	RS	20250709-1700	160.000000
2025-07-09	RS	20250709-1800	160.000000
2025-07-09	RS	20250709-1900	135.360000
2025-07-09	RS	20250709-2000	106.570000
2025-07-09	RS	20250709-2100	103.520000
2025-07-09	RS	20250709-2200	84.440000
2025-07-09	RS	20250709-2300	84.440000
2025-07-09	SE1	20250709-0000	33.530000
2025-07-09	SE1	20250709-0100	32.890000
2025-07-09	SE1	20250709-0200	33.890000
2025-07-09	SE1	20250709-0300	32.870000
2025-07-09	SE1	20250709-0400	33.620000
2025-07-09	SE1	20250709-0500	34.620000
2025-07-09	SE1	20250709-0600	37.870000
2025-07-09	SE1	20250709-0700	38.750000
2025-07-09	SE1	20250709-0800	39.430000
2025-07-09	SE1	20250709-0900	39.890000
2025-07-09	SE1	20250709-1000	39.370000
2025-07-09	SE1	20250709-1100	38.620000
2025-07-09	SE1	20250709-1200	38.640000
2025-07-09	SE1	20250709-1300	37.130000
2025-07-09	SE1	20250709-1400	36.180000
2025-07-09	SE1	20250709-1500	35.100000
2025-07-09	SE1	20250709-1600	33.250000
2025-07-09	SE1	20250709-1700	30.800000
2025-07-09	SE1	20250709-1800	28.100000
2025-07-09	SE1	20250709-1900	25.780000
2025-07-09	SE1	20250709-2000	22.020000
2025-07-09	SE1	20250709-2100	21.760000
2025-07-09	SE1	20250709-2200	24.100000
2025-07-09	SE1	20250709-2300	22.540000
2025-07-09	SE2	20250709-0000	1.000000
2025-07-09	SE2	20250709-0100	20.350000
2025-07-09	SE2	20250709-0200	21.820000
2025-07-09	SE2	20250709-0300	24.780000
2025-07-09	SE2	20250709-0400	28.830000
2025-07-09	SE2	20250709-0500	34.620000
2025-07-09	SE2	20250709-0600	36.790000
2025-07-09	SE2	20250709-0700	37.240000
2025-07-09	SE2	20250709-0800	37.270000
2025-07-09	SE2	20250709-0900	37.310000
2025-07-09	SE2	20250709-1000	37.020000
2025-07-09	SE2	20250709-1100	36.790000
2025-07-09	SE2	20250709-1200	36.720000
2025-07-09	SE2	20250709-1300	36.380000
2025-07-09	SE2	20250709-1400	36.050000
2025-07-09	SE2	20250709-1500	35.740000
2025-07-09	SE2	20250709-1600	34.320000
2025-07-09	SE2	20250709-1700	33.320000
2025-07-09	SE2	20250709-1800	31.760000
2025-07-09	SE2	20250709-1900	30.920000
2025-07-09	SE2	20250709-2000	30.050000
2025-07-09	SE2	20250709-2100	30.210000
2025-07-09	SE2	20250709-2200	32.020000
2025-07-09	SE2	20250709-2300	32.270000
2025-07-09	SE3	20250709-0000	88.890000
2025-07-09	SE3	20250709-0100	88.890000
2025-07-09	SE3	20250709-0200	88.890000
2025-07-09	SE3	20250709-0300	88.890000
2025-07-09	SE3	20250709-0400	88.890000
2025-07-09	SE3	20250709-0500	88.890000
2025-07-09	SE3	20250709-0600	88.890000
2025-07-09	SE3	20250709-0700	88.890000
2025-07-09	SE3	20250709-0800	81.780000
2025-07-09	SE3	20250709-0900	81.780000
2025-07-09	SE3	20250709-1000	55.200000
2025-07-09	SE3	20250709-1100	55.650000
2025-07-09	SE3	20250709-1200	57.000000
2025-07-09	SE3	20250709-1300	57.000000
2025-07-09	SE3	20250709-1400	63.000000
2025-07-09	SE3	20250709-1500	84.440000
2025-07-09	SE3	20250709-1600	84.440000
2025-07-09	SE3	20250709-1700	103.520000
2025-07-09	SE3	20250709-1800	103.520000
2025-07-09	SE3	20250709-1900	103.520000
2025-07-09	SE3	20250709-2000	103.520000
2025-07-09	SE3	20250709-2100	102.080000
2025-07-09	SE3	20250709-2200	101.330000
2025-07-09	SE3	20250709-2300	95.740000
2025-07-09	SE4	20250709-0000	59.150000
2025-07-09	SE4	20250709-0100	59.040000
2025-07-09	SE4	20250709-0200	59.220000
2025-07-09	SE4	20250709-0300	70.190000
2025-07-09	SE4	20250709-0400	82.370000
2025-07-09	SE4	20250709-0500	85.570000
2025-07-09	SE4	20250709-0600	84.440000
2025-07-09	SE4	20250709-0700	73.250000
2025-07-09	SE4	20250709-0800	68.900000
2025-07-09	SE4	20250709-0900	68.900000
2025-07-09	SE4	20250709-1000	57.180000
2025-07-09	SE4	20250709-1100	57.010000
2025-07-09	SE4	20250709-1200	57.000000
2025-07-09	SE4	20250709-1300	56.800000
2025-07-09	SE4	20250709-1400	57.150000
2025-07-09	SE4	20250709-1500	69.280000
2025-07-09	SE4	20250709-1600	80.910000
2025-07-09	SE4	20250709-1700	88.890000
2025-07-09	SE4	20250709-1800	84.760000
2025-07-09	SE4	20250709-1900	84.540000
2025-07-09	SE4	20250709-2000	75.990000
2025-07-09	SE4	20250709-2100	65.620000
2025-07-09	SE4	20250709-2200	62.890000
2025-07-09	SE4	20250709-2300	62.870000
2025-07-09	SI	20250709-0000	9.500000
2025-07-09	SI	20250709-0100	9.500000
2025-07-09	SI	20250709-0200	9.500000
2025-07-09	SI	20250709-0300	12.510000
2025-07-09	SI	20250709-0400	84.440000
2025-07-09	SI	20250709-0500	84.640000
2025-07-09	SI	20250709-0600	85.010000
2025-07-09	SI	20250709-0700	88.890000
2025-07-09	SI	20250709-0800	86.360000
2025-07-09	SI	20250709-0900	88.890000
2025-07-09	SI	20250709-1000	84.440000
2025-07-09	SI	20250709-1100	16.050000
2025-07-09	SI	20250709-1200	12.550000
2025-07-09	SI	20250709-1300	84.440000
2025-07-09	SI	20250709-1400	10.760000
2025-07-09	SI	20250709-1500	9.500000
2025-07-09	SI	20250709-1600	88.890000
2025-07-09	SI	20250709-1700	96.700000
2025-07-09	SI	20250709-1800	109.780000
2025-07-09	SI	20250709-1900	103.520000
2025-07-09	SI	20250709-2000	84.440000
2025-07-09	SI	20250709-2100	58.670000
2025-07-09	SI	20250709-2200	48.890000
2025-07-09	SI	20250709-2300	48.890000
2025-07-09	SK	20250709-0000	79.660000
2025-07-09	SK	20250709-0100	79.660000
2025-07-09	SK	20250709-0200	83.320000
2025-07-09	SK	20250709-0300	83.320000
2025-07-09	SK	20250709-0400	83.600000
2025-07-09	SK	20250709-0500	84.440000
2025-07-09	SK	20250709-0600	88.510000
2025-07-09	SK	20250709-0700	84.440000
2025-07-09	SK	20250709-0800	76.000000
2025-07-09	SK	20250709-0900	76.000000
2025-07-09	SK	20250709-1000	59.400000
2025-07-09	SK	20250709-1100	47.860000
2025-07-09	SK	20250709-1200	47.650000
2025-07-09	SK	20250709-1300	47.650000
2025-07-09	SK	20250709-1400	56.700000
2025-07-09	SK	20250709-1500	76.000000
2025-07-09	SK	20250709-1600	88.510000
2025-07-09	SK	20250709-1700	98.050000
2025-07-09	SK	20250709-1800	98.050000
2025-07-09	SK	20250709-1900	97.290000
2025-07-09	SK	20250709-2000	88.890000
2025-07-09	SK	20250709-2100	87.600000
2025-07-09	SK	20250709-2200	87.260000
2025-07-09	SK	20250709-2300	87.260000
