zone,ts,price
SI,20240822-2300,90.19
SI,20240822-2200,106.66
SI,20240822-1400,106.66
SI,20240822-1300,90.19
SI,20240822-2100,106.66
SI,20240822-0200,90.19
SI,20240822-2000,108.22
SI,20240822-0300,102.36
SI,20240822-0500,106.66
SI,20240822-0000,90.19
SI,20240822-0900,54.93
SI,20240822-1800,180.87
SI,20240822-0400,106.66
SI,20240822-1000,54.93
SI,20240822-1700,108.22
SI,20240822-0100,90.19
SI,20240822-1900,108.22
SI,20240822-1100,54.93
SI,20240822-1200,90.19
SI,20240822-0800,54.93
SI,20240822-1500,108.22
SI,20240822-0600,106.66
SI,20240822-0700,90.19
SI,20240822-1600,108.22
ES,20240822-2300,90.19
ES,20240822-2200,90.19
ES,20240822-1400,33.16
ES,20240822-1300,31.11
ES,20240822-2100,90.19
ES,20240822-0200,90.19
ES,20240822-2000,150.82
ES,20240822-0300,90.19
ES,20240822-0500,90.19
ES,20240822-0000,90.19
ES,20240822-0900,36.31
ES,20240822-1800,156.15
ES,20240822-0400,90.19
ES,20240822-1000,34.64
ES,20240822-1700,90.19
ES,20240822-0100,90.19
ES,20240822-1900,166.13
ES,20240822-1100,25.79
ES,20240822-1200,31.09
ES,20240822-0800,54.93
ES,20240822-1500,40.28
ES,20240822-0600,90.19
ES,20240822-0700,90.19
ES,20240822-1600,54.93
GR,20240822-2300,106.14
GR,20240822-2200,106.66
GR,20240822-1400,106.66
GR,20240822-1300,101.15
GR,20240822-2100,106.66
GR,20240822-0200,106.66
GR,20240822-2000,108.22
GR,20240822-0300,106.66
GR,20240822-0500,106.66
GR,20240822-0000,106.66
GR,20240822-0900,90.19
GR,20240822-1800,183.36
GR,20240822-0400,106.66
GR,20240822-1000,90.19
GR,20240822-1700,187.58
GR,20240822-0100,106.66
GR,20240822-1900,108.22
GR,20240822-1100,90.19
GR,20240822-1200,90.19
GR,20240822-0800,90.19
GR,20240822-1500,122.09
GR,20240822-0600,106.66
GR,20240822-0700,90.19
GR,20240822-1600,172.34
IT-CNORTH,20240822-2300,108.22
IT-CNORTH,20240822-2200,108.22
IT-CNORTH,20240822-1400,108.22
IT-CNORTH,20240822-1300,108.22
IT-CNORTH,20240822-2100,108.22
IT-CNORTH,20240822-0200,108.22
IT-CNORTH,20240822-2000,108.22
IT-CNORTH,20240822-0300,108.22
IT-CNORTH,20240822-0500,108.22
IT-CNORTH,20240822-0000,108.22
IT-CNORTH,20240822-0900,108.22
IT-CNORTH,20240822-1800,108.22
IT-CNORTH,20240822-0400,108.22
IT-CNORTH,20240822-1000,108.22
IT-CNORTH,20240822-1700,108.22
IT-CNORTH,20240822-0100,108.22
IT-CNORTH,20240822-1900,108.22
IT-CNORTH,20240822-1100,108.22
IT-CNORTH,20240822-1200,108.22
IT-CNORTH,20240822-0800,108.22
IT-CNORTH,20240822-1500,108.22
IT-CNORTH,20240822-0600,108.22
IT-CNORTH,20240822-0700,108.22
IT-CNORTH,20240822-1600,108.22
HU,20240822-2300,90.19
HU,20240822-2200,90.19
HU,20240822-1400,103.98
HU,20240822-1300,90.19
HU,20240822-2100,90.19
HU,20240822-0200,90.19
HU,20240822-2000,106.66
HU,20240822-0300,102.36
HU,20240822-0500,106.66
HU,20240822-0000,90.19
HU,20240822-0900,54.93
HU,20240822-1800,147.59
HU,20240822-0400,106.66
HU,20240822-1000,54.93
HU,20240822-1700,143.0
HU,20240822-0100,90.19
HU,20240822-1900,106.66
HU,20240822-1100,54.93
HU,20240822-1200,90.19
HU,20240822-0800,54.93
HU,20240822-1500,106.66
HU,20240822-0600,106.66
HU,20240822-0700,90.19
HU,20240822-1600,139.68
IT-SOUTH,20240822-2300,108.22
IT-SOUTH,20240822-2200,108.22
IT-SOUTH,20240822-1400,108.22
IT-SOUTH,20240822-1300,108.22
IT-SOUTH,20240822-2100,108.22
IT-SOUTH,20240822-0200,108.22
IT-SOUTH,20240822-2000,108.22
IT-SOUTH,20240822-0300,108.22
IT-SOUTH,20240822-0500,108.22
IT-SOUTH,20240822-0000,108.22
IT-SOUTH,20240822-0900,108.22
IT-SOUTH,20240822-1800,108.22
IT-SOUTH,20240822-0400,108.22
IT-SOUTH,20240822-1000,108.22
IT-SOUTH,20240822-1700,108.22
IT-SOUTH,20240822-0100,108.22
IT-SOUTH,20240822-1900,108.22
IT-SOUTH,20240822-1100,108.22
IT-SOUTH,20240822-1200,108.22
IT-SOUTH,20240822-0800,108.22
IT-SOUTH,20240822-1500,108.22
IT-SOUTH,20240822-0600,108.22
IT-SOUTH,20240822-0700,108.22
IT-SOUTH,20240822-1600,108.22
IT-Sicily,20240822-2300,132.72
IT-Sicily,20240822-2200,145.91
IT-Sicily,20240822-1400,108.22
IT-Sicily,20240822-1300,108.22
IT-Sicily,20240822-2100,155.41
IT-Sicily,20240822-0200,108.22
IT-Sicily,20240822-2000,190.97
IT-Sicily,20240822-0300,108.22
IT-Sicily,20240822-0500,108.22
IT-Sicily,20240822-0000,108.22
IT-Sicily,20240822-0900,108.22
IT-Sicily,20240822-1800,275.76
IT-Sicily,20240822-0400,108.22
IT-Sicily,20240822-1000,108.22
IT-Sicily,20240822-1700,230.61
IT-Sicily,20240822-0100,108.22
IT-Sicily,20240822-1900,238.52
IT-Sicily,20240822-1100,108.22
IT-Sicily,20240822-1200,108.22
IT-Sicily,20240822-0800,108.22
IT-Sicily,20240822-1500,108.22
IT-Sicily,20240822-0600,108.22
IT-Sicily,20240822-0700,108.22
IT-Sicily,20240822-1600,150.88
IT-Sardinia,20240822-2300,108.22
IT-Sardinia,20240822-2200,108.22
IT-Sardinia,20240822-1400,108.22
IT-Sardinia,20240822-1300,108.22
IT-Sardinia,20240822-2100,113.81
IT-Sardinia,20240822-0200,108.22
IT-Sardinia,20240822-2000,113.81
IT-Sardinia,20240822-0300,108.22
IT-Sardinia,20240822-0500,108.22
IT-Sardinia,20240822-0000,108.22
IT-Sardinia,20240822-0900,108.22
IT-Sardinia,20240822-1800,108.22
IT-Sardinia,20240822-0400,108.22
IT-Sardinia,20240822-1000,108.22
IT-Sardinia,20240822-1700,108.22
IT-Sardinia,20240822-0100,108.22
IT-Sardinia,20240822-1900,125.21
IT-Sardinia,20240822-1100,108.22
IT-Sardinia,20240822-1200,108.22
IT-Sardinia,20240822-0800,108.22
IT-Sardinia,20240822-1500,108.22
IT-Sardinia,20240822-0600,108.22
IT-Sardinia,20240822-0700,108.22
IT-Sardinia,20240822-1600,108.22
RS,20240822-2300,106.14
RS,20240822-2200,106.66
RS,20240822-1400,106.66
RS,20240822-1300,106.66
RS,20240822-2100,106.66
RS,20240822-0200,106.66
RS,20240822-2000,106.66
RS,20240822-0300,106.66
RS,20240822-0500,106.66
RS,20240822-0000,106.66
RS,20240822-0900,106.66
RS,20240822-1800,167.1
RS,20240822-0400,106.66
RS,20240822-1000,106.66
RS,20240822-1700,143.0
RS,20240822-0100,106.66
RS,20240822-1900,108.22
RS,20240822-1100,106.66
RS,20240822-1200,106.66
RS,20240822-0800,106.66
RS,20240822-1500,122.09
RS,20240822-0600,106.66
RS,20240822-0700,99.68
RS,20240822-1600,139.68
DK1,20240822-2300,21.14
DK1,20240822-2200,21.14
DK1,20240822-1400,33.16
DK1,20240822-1300,4.75
DK1,20240822-2100,1.0
DK1,20240822-0200,21.14
DK1,20240822-2000,4.99
DK1,20240822-0300,27.69
DK1,20240822-0500,45.01
DK1,20240822-0000,18.09
DK1,20240822-0900,24.52
DK1,20240822-1800,1.0
DK1,20240822-0400,43.74
DK1,20240822-1000,4.75
DK1,20240822-1700,2.0
DK1,20240822-0100,18.09
DK1,20240822-1900,1.0
DK1,20240822-1100,3.0
DK1,20240822-1200,3.0
DK1,20240822-0800,57.0
DK1,20240822-1500,27.69
DK1,20240822-0600,90.19
DK1,20240822-0700,90.19
DK1,20240822-1600,29.54
CH,20240822-2300,67.69
CH,20240822-2200,71.47
CH,20240822-1400,55.28
CH,20240822-1300,42.6
CH,20240822-2100,79.69
CH,20240822-0200,90.19
CH,20240822-2000,94.84
CH,20240822-0300,91.58
CH,20240822-0500,94.84
CH,20240822-0000,90.19
CH,20240822-0900,57.34
CH,20240822-1800,100.68
CH,20240822-0400,94.84
CH,20240822-1000,46.15
CH,20240822-1700,94.93
CH,20240822-0100,90.19
CH,20240822-1900,94.93
CH,20240822-1100,34.48
CH,20240822-1200,42.6
CH,20240822-0800,66.75
CH,20240822-1500,67.93
CH,20240822-0600,94.84
CH,20240822-0700,90.19
CH,20240822-1600,94.84
SE1,20240822-2300,1.0
SE1,20240822-2200,1.0
SE1,20240822-1400,21.71
SE1,20240822-1300,21.71
SE1,20240822-2100,1.0
SE1,20240822-0200,29.9
SE1,20240822-2000,1.0
SE1,20240822-0300,35.2
SE1,20240822-0500,39.39
SE1,20240822-0000,29.17
SE1,20240822-0900,34.69
SE1,20240822-1800,1.0
SE1,20240822-0400,37.03
SE1,20240822-1000,31.36
SE1,20240822-1700,1.0
SE1,20240822-0100,28.71
SE1,20240822-1900,1.0
SE1,20240822-1100,27.67
SE1,20240822-1200,23.71
SE1,20240822-0800,36.69
SE1,20240822-1500,1.0
SE1,20240822-0600,39.79
SE1,20240822-0700,38.71
SE1,20240822-1600,1.0
NO4,20240822-2300,31.44
NO4,20240822-2200,32.22
NO4,20240822-1400,31.82
NO4,20240822-1300,34.42
NO4,20240822-2100,31.35
NO4,20240822-0200,37.69
NO4,20240822-2000,29.49
NO4,20240822-0300,33.46
NO4,20240822-0500,36.18
NO4,20240822-0000,39.66
NO4,20240822-0900,35.69
NO4,20240822-1800,28.63
NO4,20240822-0400,34.08
NO4,20240822-1000,35.78
NO4,20240822-1700,29.18
NO4,20240822-0100,40.57
NO4,20240822-1900,25.68
NO4,20240822-1100,37.97
NO4,20240822-1200,36.95
NO4,20240822-0800,39.44
NO4,20240822-1500,30.91
NO4,20240822-0600,47.09
NO4,20240822-0700,45.03
NO4,20240822-1600,31.55
SE3,20240822-2300,1.0
SE3,20240822-2200,1.0
SE3,20240822-1400,26.65
SE3,20240822-1300,4.75
SE3,20240822-2100,1.0
SE3,20240822-0200,2.0
SE3,20240822-2000,1.0
SE3,20240822-0300,4.99
SE3,20240822-0500,27.51
SE3,20240822-0000,5.0
SE3,20240822-0900,24.52
SE3,20240822-1800,1.0
SE3,20240822-0400,27.51
SE3,20240822-1000,4.75
SE3,20240822-1700,2.0
SE3,20240822-0100,4.99
SE3,20240822-1900,1.0
SE3,20240822-1100,4.75
SE3,20240822-1200,4.75
SE3,20240822-0800,47.02
SE3,20240822-1500,4.99
SE3,20240822-0600,81.17
SE3,20240822-0700,81.17
SE3,20240822-1600,5.0
FR,20240822-2300,46.43
FR,20240822-2200,53.18
FR,20240822-1400,33.16
FR,20240822-1300,31.11
FR,20240822-2100,57.83
FR,20240822-0200,48.38
FR,20240822-2000,78.03
FR,20240822-0300,49.86
FR,20240822-0500,62.52
FR,20240822-0000,59.48
FR,20240822-0900,36.31
FR,20240822-1800,100.68
FR,20240822-0400,54.93
FR,20240822-1000,34.64
FR,20240822-1700,90.19
FR,20240822-0100,54.93
FR,20240822-1900,94.93
FR,20240822-1100,25.79
FR,20240822-1200,31.09
FR,20240822-0800,46.24
FR,20240822-1500,40.28
FR,20240822-0600,64.21
FR,20240822-0700,63.51
FR,20240822-1600,52.62
FI,20240822-2300,11.4
FI,20240822-2200,11.35
FI,20240822-1400,14.95
FI,20240822-1300,14.69
FI,20240822-2100,9.5
FI,20240822-0200,5.0
FI,20240822-2000,9.5
FI,20240822-0300,5.0
FI,20240822-0500,15.3
FI,20240822-0000,5.0
FI,20240822-0900,20.6
FI,20240822-1800,11.49
FI,20240822-0400,9.5
FI,20240822-1000,11.84
FI,20240822-1700,12.02
FI,20240822-0100,5.0
FI,20240822-1900,9.5
FI,20240822-1100,11.66
FI,20240822-1200,14.84
FI,20240822-0800,54.93
FI,20240822-1500,15.01
FI,20240822-0600,57.0
FI,20240822-0700,57.0
FI,20240822-1600,15.03
PL,20240822-2300,94.84
PL,20240822-2200,94.84
PL,20240822-1400,94.84
PL,20240822-1300,94.84
PL,20240822-2100,94.84
PL,20240822-0200,94.84
PL,20240822-2000,94.84
PL,20240822-0300,94.84
PL,20240822-0500,94.84
PL,20240822-0000,91.52
PL,20240822-0900,90.19
PL,20240822-1800,106.66
PL,20240822-0400,94.84
PL,20240822-1000,90.19
PL,20240822-1700,106.66
PL,20240822-0100,94.84
PL,20240822-1900,94.84
PL,20240822-1100,90.19
PL,20240822-1200,94.84
PL,20240822-0800,94.84
PL,20240822-1500,94.84
PL,20240822-0600,94.84
PL,20240822-0700,94.84
PL,20240822-1600,106.66
IT-Calabria,20240822-2300,108.22
IT-Calabria,20240822-2200,108.22
IT-Calabria,20240822-1400,108.22
IT-Calabria,20240822-1300,108.22
IT-Calabria,20240822-2100,108.22
IT-Calabria,20240822-0200,108.22
IT-Calabria,20240822-2000,108.22
IT-Calabria,20240822-0300,108.22
IT-Calabria,20240822-0500,108.22
IT-Calabria,20240822-0000,108.22
IT-Calabria,20240822-0900,108.22
IT-Calabria,20240822-1800,108.22
IT-Calabria,20240822-0400,108.22
IT-Calabria,20240822-1000,108.22
IT-Calabria,20240822-1700,108.22
IT-Calabria,20240822-0100,108.22
IT-Calabria,20240822-1900,108.22
IT-Calabria,20240822-1100,108.22
IT-Calabria,20240822-1200,108.22
IT-Calabria,20240822-0800,108.22
IT-Calabria,20240822-1500,108.22
IT-Calabria,20240822-0600,108.22
IT-Calabria,20240822-0700,108.22
IT-Calabria,20240822-1600,108.22
AT,20240822-2300,67.69
AT,20240822-2200,71.47
AT,20240822-1400,42.45
AT,20240822-1300,39.05
AT,20240822-2100,48.23
AT,20240822-0200,90.19
AT,20240822-2000,94.84
AT,20240822-0300,91.58
AT,20240822-0500,94.93
AT,20240822-0000,90.19
AT,20240822-0900,40.14
AT,20240822-1800,96.36
AT,20240822-0400,94.93
AT,20240822-1000,35.76
AT,20240822-1700,94.93
AT,20240822-0100,90.19
AT,20240822-1900,94.93
AT,20240822-1100,34.48
AT,20240822-1200,38.82
AT,20240822-0800,64.53
AT,20240822-1500,67.15
AT,20240822-0600,94.84
AT,20240822-0700,92.24
AT,20240822-1600,94.84
SE2,20240822-2300,1.0
SE2,20240822-2200,1.0
SE2,20240822-1400,21.71
SE2,20240822-1300,21.71
SE2,20240822-2100,1.0
SE2,20240822-0200,29.9
SE2,20240822-2000,1.0
SE2,20240822-0300,35.2
SE2,20240822-0500,39.39
SE2,20240822-0000,29.17
SE2,20240822-0900,34.69
SE2,20240822-1800,1.0
SE2,20240822-0400,37.03
SE2,20240822-1000,31.36
SE2,20240822-1700,1.0
SE2,20240822-0100,28.71
SE2,20240822-1900,1.0
SE2,20240822-1100,27.67
SE2,20240822-1200,23.71
SE2,20240822-0800,36.69
SE2,20240822-1500,1.0
SE2,20240822-0600,39.79
SE2,20240822-0700,38.71
SE2,20240822-1600,1.0
IT-NORTH,20240822-2300,108.22
IT-NORTH,20240822-2200,108.22
IT-NORTH,20240822-1400,108.22
IT-NORTH,20240822-1300,108.22
IT-NORTH,20240822-2100,108.22
IT-NORTH,20240822-0200,95.78
IT-NORTH,20240822-2000,108.22
IT-NORTH,20240822-0300,102.36
IT-NORTH,20240822-0500,108.22
IT-NORTH,20240822-0000,99.25
IT-NORTH,20240822-0900,108.22
IT-NORTH,20240822-1800,108.22
IT-NORTH,20240822-0400,108.22
IT-NORTH,20240822-1000,108.22
IT-NORTH,20240822-1700,108.22
IT-NORTH,20240822-0100,97.38
IT-NORTH,20240822-1900,108.22
IT-NORTH,20240822-1100,83.96
IT-NORTH,20240822-1200,108.22
IT-NORTH,20240822-0800,108.22
IT-NORTH,20240822-1500,108.22
IT-NORTH,20240822-0600,108.22
IT-NORTH,20240822-0700,108.22
IT-NORTH,20240822-1600,108.22
LT,20240822-2300,75.34
LT,20240822-2200,75.34
LT,20240822-1400,90.19
LT,20240822-1300,75.34
LT,20240822-2100,75.34
LT,20240822-0200,75.34
LT,20240822-2000,90.19
LT,20240822-0300,90.19
LT,20240822-0500,94.84
LT,20240822-0000,54.93
LT,20240822-0900,75.34
LT,20240822-1800,106.66
LT,20240822-0400,90.19
LT,20240822-1000,75.34
LT,20240822-1700,106.66
LT,20240822-0100,54.93
LT,20240822-1900,94.84
LT,20240822-1100,54.93
LT,20240822-1200,75.34
LT,20240822-0800,75.34
LT,20240822-1500,90.19
LT,20240822-0600,94.84
LT,20240822-0700,90.19
LT,20240822-1600,96.96
PT,20240822-2300,90.19
PT,20240822-2200,90.19
PT,20240822-1400,33.16
PT,20240822-1300,31.11
PT,20240822-2100,90.19
PT,20240822-0200,90.19
PT,20240822-2000,150.82
PT,20240822-0300,90.19
PT,20240822-0500,90.19
PT,20240822-0000,90.19
PT,20240822-0900,36.31
PT,20240822-1800,156.15
PT,20240822-0400,90.19
PT,20240822-1000,34.64
PT,20240822-1700,90.19
PT,20240822-0100,90.19
PT,20240822-1900,166.13
PT,20240822-1100,25.79
PT,20240822-1200,31.09
PT,20240822-0800,54.93
PT,20240822-1500,40.28
PT,20240822-0600,90.19
PT,20240822-0700,90.19
PT,20240822-1600,54.93
NO2,20240822-2300,51.3
NO2,20240822-2200,53.47
NO2,20240822-1400,18.22
NO2,20240822-1300,4.28
NO2,20240822-2100,81.17
NO2,20240822-0200,81.17
NO2,20240822-2000,81.17
NO2,20240822-0300,81.17
NO2,20240822-0500,83.78
NO2,20240822-0000,81.17
NO2,20240822-0900,23.33
NO2,20240822-1800,83.78
NO2,20240822-0400,83.78
NO2,20240822-1000,4.28
NO2,20240822-1700,83.78
NO2,20240822-0100,81.17
NO2,20240822-1900,83.78
NO2,20240822-1100,3.0
NO2,20240822-1200,3.0
NO2,20240822-0800,47.02
NO2,20240822-1500,32.5
NO2,20240822-0600,81.17
NO2,20240822-0700,81.17
NO2,20240822-1600,69.21
LV,20240822-2300,75.34
LV,20240822-2200,75.34
LV,20240822-1400,90.19
LV,20240822-1300,75.34
LV,20240822-2100,75.34
LV,20240822-0200,75.34
LV,20240822-2000,90.19
LV,20240822-0300,90.19
LV,20240822-0500,94.84
LV,20240822-0000,54.93
LV,20240822-0900,75.34
LV,20240822-1800,106.66
LV,20240822-0400,90.19
LV,20240822-1000,75.34
LV,20240822-1700,106.66
LV,20240822-0100,54.93
LV,20240822-1900,94.84
LV,20240822-1100,54.93
LV,20240822-1200,75.34
LV,20240822-0800,75.34
LV,20240822-1500,90.19
LV,20240822-0600,94.84
LV,20240822-0700,90.19
LV,20240822-1600,96.96
NL,20240822-2300,67.69
NL,20240822-2200,71.47
NL,20240822-1400,4.75
NL,20240822-1300,4.28
NL,20240822-2100,90.19
NL,20240822-0200,90.19
NL,20240822-2000,90.19
NL,20240822-0300,90.19
NL,20240822-0500,90.19
NL,20240822-0000,90.19
NL,20240822-0900,23.33
NL,20240822-1800,90.19
NL,20240822-0400,90.19
NL,20240822-1000,4.28
NL,20240822-1700,90.19
NL,20240822-0100,90.19
NL,20240822-1900,90.19
NL,20240822-1100,1.0
NL,20240822-1200,1.0
NL,20240822-0800,54.93
NL,20240822-1500,9.5
NL,20240822-0600,90.19
NL,20240822-0700,90.19
NL,20240822-1600,54.93
NO5,20240822-2300,51.3
NO5,20240822-2200,53.47
NO5,20240822-1400,15.46
NO5,20240822-1300,4.28
NO5,20240822-2100,81.17
NO5,20240822-0200,81.17
NO5,20240822-2000,81.17
NO5,20240822-0300,81.17
NO5,20240822-0500,83.26
NO5,20240822-0000,81.17
NO5,20240822-0900,22.95
NO5,20240822-1800,83.26
NO5,20240822-0400,83.26
NO5,20240822-1000,4.28
NO5,20240822-1700,83.26
NO5,20240822-0100,81.17
NO5,20240822-1900,83.26
NO5,20240822-1100,2.59
NO5,20240822-1200,2.59
NO5,20240822-0800,47.02
NO5,20240822-1500,26.96
NO5,20240822-0600,81.17
NO5,20240822-0700,81.17
NO5,20240822-1600,65.3
BE,20240822-2300,51.3
BE,20240822-2200,54.93
BE,20240822-1400,9.5
BE,20240822-1300,4.75
BE,20240822-2100,90.19
BE,20240822-0200,81.17
BE,20240822-2000,90.19
BE,20240822-0300,81.17
BE,20240822-0500,83.26
BE,20240822-0000,81.17
BE,20240822-0900,5.0
BE,20240822-1800,90.19
BE,20240822-0400,83.26
BE,20240822-1000,4.75
BE,20240822-1700,90.19
BE,20240822-0100,81.17
BE,20240822-1900,90.19
BE,20240822-1100,2.88
BE,20240822-1200,2.88
BE,20240822-0800,9.5
BE,20240822-1500,26.96
BE,20240822-0600,81.17
BE,20240822-0700,54.93
BE,20240822-1600,65.3
RO,20240822-2300,106.14
RO,20240822-2200,106.66
RO,20240822-1400,106.66
RO,20240822-1300,106.66
RO,20240822-2100,106.66
RO,20240822-0200,106.66
RO,20240822-2000,106.66
RO,20240822-0300,106.66
RO,20240822-0500,106.66
RO,20240822-0000,106.66
RO,20240822-0900,106.66
RO,20240822-1800,167.1
RO,20240822-0400,106.66
RO,20240822-1000,106.66
RO,20240822-1700,178.13
RO,20240822-0100,106.66
RO,20240822-1900,108.22
RO,20240822-1100,106.66
RO,20240822-1200,106.66
RO,20240822-0800,106.66
RO,20240822-1500,156.62
RO,20240822-0600,106.66
RO,20240822-0700,99.68
RO,20240822-1600,174.78
DK2,20240822-2300,21.14
DK2,20240822-2200,21.14
DK2,20240822-1400,43.14
DK2,20240822-1300,23.49
DK2,20240822-2100,21.14
DK2,20240822-0200,21.14
DK2,20240822-2000,25.18
DK2,20240822-0300,27.69
DK2,20240822-0500,45.01
DK2,20240822-0000,18.09
DK2,20240822-0900,39.7
DK2,20240822-1800,29.67
DK2,20240822-0400,43.74
DK2,20240822-1000,23.49
DK2,20240822-1700,29.67
DK2,20240822-0100,18.09
DK2,20240822-1900,26.45
DK2,20240822-1100,34.14
DK2,20240822-1200,39.7
DK2,20240822-0800,57.0
DK2,20240822-1500,27.69
DK2,20240822-0600,90.19
DK2,20240822-0700,90.19
DK2,20240822-1600,29.54
BG,20240822-2300,106.14
BG,20240822-2200,106.66
BG,20240822-1400,106.66
BG,20240822-1300,101.15
BG,20240822-2100,106.66
BG,20240822-0200,106.66
BG,20240822-2000,108.22
BG,20240822-0300,106.66
BG,20240822-0500,106.66
BG,20240822-0000,106.66
BG,20240822-0900,90.19
BG,20240822-1800,183.36
BG,20240822-0400,106.66
BG,20240822-1000,90.19
BG,20240822-1700,187.58
BG,20240822-0100,106.66
BG,20240822-1900,108.22
BG,20240822-1100,90.19
BG,20240822-1200,90.19
BG,20240822-0800,90.19
BG,20240822-1500,122.09
BG,20240822-0600,106.66
BG,20240822-0700,90.19
BG,20240822-1600,172.34
IT-CSOUTH,20240822-2300,108.22
IT-CSOUTH,20240822-2200,108.22
IT-CSOUTH,20240822-1400,108.22
IT-CSOUTH,20240822-1300,108.22
IT-CSOUTH,20240822-2100,108.22
IT-CSOUTH,20240822-0200,108.22
IT-CSOUTH,20240822-2000,108.22
IT-CSOUTH,20240822-0300,108.22
IT-CSOUTH,20240822-0500,108.22
IT-CSOUTH,20240822-0000,108.22
IT-CSOUTH,20240822-0900,108.22
IT-CSOUTH,20240822-1800,108.22
IT-CSOUTH,20240822-0400,108.22
IT-CSOUTH,20240822-1000,108.22
IT-CSOUTH,20240822-1700,108.22
IT-CSOUTH,20240822-0100,108.22
IT-CSOUTH,20240822-1900,108.22
IT-CSOUTH,20240822-1100,108.22
IT-CSOUTH,20240822-1200,108.22
IT-CSOUTH,20240822-0800,108.22
IT-CSOUTH,20240822-1500,108.22
IT-CSOUTH,20240822-0600,108.22
IT-CSOUTH,20240822-0700,108.22
IT-CSOUTH,20240822-1600,108.22
CZ,20240822-2300,90.19
CZ,20240822-2200,90.19
CZ,20240822-1400,94.84
CZ,20240822-1300,90.19
CZ,20240822-2100,90.19
CZ,20240822-0200,75.34
CZ,20240822-2000,94.84
CZ,20240822-0300,90.19
CZ,20240822-0500,106.66
CZ,20240822-0000,75.34
CZ,20240822-0900,94.84
CZ,20240822-1800,106.66
CZ,20240822-0400,94.84
CZ,20240822-1000,94.84
CZ,20240822-1700,106.66
CZ,20240822-0100,63.0
CZ,20240822-1900,94.84
CZ,20240822-1100,90.19
CZ,20240822-1200,90.19
CZ,20240822-0800,94.84
CZ,20240822-1500,94.84
CZ,20240822-0600,106.66
CZ,20240822-0700,94.84
CZ,20240822-1600,106.66
NO3,20240822-2300,51.3
NO3,20240822-2200,53.47
NO3,20240822-1400,15.46
NO3,20240822-1300,4.28
NO3,20240822-2100,81.17
NO3,20240822-0200,81.17
NO3,20240822-2000,81.17
NO3,20240822-0300,81.17
NO3,20240822-0500,83.26
NO3,20240822-0000,81.17
NO3,20240822-0900,22.95
NO3,20240822-1800,83.26
NO3,20240822-0400,83.26
NO3,20240822-1000,4.28
NO3,20240822-1700,83.26
NO3,20240822-0100,81.17
NO3,20240822-1900,83.26
NO3,20240822-1100,2.59
NO3,20240822-1200,2.59
NO3,20240822-0800,47.02
NO3,20240822-1500,26.96
NO3,20240822-0600,81.17
NO3,20240822-0700,81.17
NO3,20240822-1600,65.3
NO1,20240822-2300,51.3
NO1,20240822-2200,53.47
NO1,20240822-1400,15.46
NO1,20240822-1300,4.28
NO1,20240822-2100,81.17
NO1,20240822-0200,81.17
NO1,20240822-2000,81.17
NO1,20240822-0300,81.17
NO1,20240822-0500,83.26
NO1,20240822-0000,81.17
NO1,20240822-0900,22.95
NO1,20240822-1800,83.26
NO1,20240822-0400,83.26
NO1,20240822-1000,4.28
NO1,20240822-1700,83.26
NO1,20240822-0100,81.17
NO1,20240822-1900,83.26
NO1,20240822-1100,4.63
NO1,20240822-1200,4.73
NO1,20240822-0800,47.02
NO1,20240822-1500,26.96
NO1,20240822-0600,81.17
NO1,20240822-0700,81.17
NO1,20240822-1600,65.3
DE_LU,20240822-2300,67.69
DE_LU,20240822-2200,71.47
DE_LU,20240822-1400,33.16
DE_LU,20240822-1300,4.75
DE_LU,20240822-2100,90.19
DE_LU,20240822-0200,90.19
DE_LU,20240822-2000,94.84
DE_LU,20240822-0300,91.58
DE_LU,20240822-0500,94.84
DE_LU,20240822-0000,90.19
DE_LU,20240822-0900,24.52
DE_LU,20240822-1800,100.68
DE_LU,20240822-0400,94.84
DE_LU,20240822-1000,4.75
DE_LU,20240822-1700,94.93
DE_LU,20240822-0100,90.19
DE_LU,20240822-1900,94.84
DE_LU,20240822-1100,3.0
DE_LU,20240822-1200,3.0
DE_LU,20240822-0800,57.0
DE_LU,20240822-1500,67.93
DE_LU,20240822-0600,94.84
DE_LU,20240822-0700,90.19
DE_LU,20240822-1600,94.84
SK,20240822-2300,55.48
SK,20240822-2200,57.82
SK,20240822-1400,16.72
SK,20240822-1300,4.75
SK,20240822-2100,87.78
SK,20240822-0200,81.17
SK,20240822-2000,90.19
SK,20240822-0300,87.78
SK,20240822-0500,90.04
SK,20240822-0000,81.17
SK,20240822-0900,22.95
SK,20240822-1800,92.51
SK,20240822-0400,90.04
SK,20240822-1000,4.75
SK,20240822-1700,92.52
SK,20240822-0100,81.17
SK,20240822-1900,92.52
SK,20240822-1100,2.88
SK,20240822-1200,2.88
SK,20240822-0800,50.85
SK,20240822-1500,29.16
SK,20240822-0600,87.78
SK,20240822-0700,87.78
SK,20240822-1600,72.56
EE,20240822-2300,75.34
EE,20240822-2200,75.34
EE,20240822-1400,90.19
EE,20240822-1300,75.34
EE,20240822-2100,75.34
EE,20240822-0200,75.34
EE,20240822-2000,90.19
EE,20240822-0300,90.19
EE,20240822-0500,94.84
EE,20240822-0000,54.93
EE,20240822-0900,75.34
EE,20240822-1800,106.66
EE,20240822-0400,90.19
EE,20240822-1000,75.34
EE,20240822-1700,106.66
EE,20240822-0100,54.93
EE,20240822-1900,94.84
EE,20240822-1100,54.93
EE,20240822-1200,75.34
EE,20240822-0800,75.34
EE,20240822-1500,90.19
EE,20240822-0600,94.84
EE,20240822-0700,90.19
EE,20240822-1600,96.96
SE4,20240822-2300,21.14
SE4,20240822-2200,21.14
SE4,20240822-1400,43.14
SE4,20240822-1300,23.49
SE4,20240822-2100,21.14
SE4,20240822-0200,21.14
SE4,20240822-2000,25.18
SE4,20240822-0300,27.69
SE4,20240822-0500,45.01
SE4,20240822-0000,18.09
SE4,20240822-0900,39.7
SE4,20240822-1800,29.67
SE4,20240822-0400,43.74
SE4,20240822-1000,23.49
SE4,20240822-1700,29.67
SE4,20240822-0100,18.09
SE4,20240822-1900,26.45
SE4,20240822-1100,34.14
SE4,20240822-1200,39.7
SE4,20240822-0800,57.0
SE4,20240822-1500,27.69
SE4,20240822-0600,82.44
SE4,20240822-0700,90.19
SE4,20240822-1600,29.54
SI,20241014-1600,111.1
SI,20241014-0000,63.11
SI,20241014-1200,11.13
SI,20241014-0200,57.46
SI,20241014-0300,92.58
SI,20241014-2100,92.58
SI,20241014-0100,57.46
SI,20241014-1100,9.5
SI,20241014-0400,97.95
SI,20241014-0500,111.1
SI,20241014-0700,92.58
SI,20241014-1900,97.46
SI,20241014-1400,92.58
SI,20241014-1300,63.11
SI,20241014-1700,157.73
SI,20241014-1800,111.1
SI,20241014-2300,92.58
SI,20241014-1000,9.5
SI,20241014-2200,92.58
SI,20241014-1500,111.1
SI,20241014-0600,95.58
SI,20241014-0900,10.91
SI,20241014-0800,57.46
SI,20241014-2000,93.77
ES,20241014-1600,92.58
ES,20241014-0000,89.47
ES,20241014-1200,52.13
ES,20241014-0200,88.99
ES,20241014-0300,92.58
ES,20241014-2100,92.58
ES,20241014-0100,89.08
ES,20241014-1100,57.46
ES,20241014-0400,92.58
ES,20241014-0500,119.21
ES,20241014-0700,135.48
ES,20241014-1900,162.46
ES,20241014-1400,52.38
ES,20241014-1300,51.35
ES,20241014-1700,157.73
ES,20241014-1800,170.55
ES,20241014-2300,57.46
ES,20241014-1000,72.12
ES,20241014-2200,92.58
ES,20241014-1500,66.99
ES,20241014-0600,170.05
ES,20241014-0900,92.58
ES,20241014-0800,92.58
ES,20241014-2000,92.58
GR,20241014-1600,189.85
GR,20241014-0000,63.11
GR,20241014-1200,11.13
GR,20241014-0200,63.11
GR,20241014-0300,92.58
GR,20241014-2100,92.58
GR,20241014-0100,57.46
GR,20241014-1100,9.5
GR,20241014-0400,97.95
GR,20241014-0500,111.1
GR,20241014-0700,92.58
GR,20241014-1900,111.1
GR,20241014-1400,92.58
GR,20241014-1300,63.11
GR,20241014-1700,190.39
GR,20241014-1800,179.02
GR,20241014-2300,92.58
GR,20241014-1000,9.5
GR,20241014-2200,92.58
GR,20241014-1500,118.61
GR,20241014-0600,97.95
GR,20241014-0900,10.91
GR,20241014-0800,57.46
GR,20241014-2000,93.77
IT-CNORTH,20241014-1600,111.1
IT-CNORTH,20241014-0000,84.41
IT-CNORTH,20241014-1200,111.1
IT-CNORTH,20241014-0200,84.94
IT-CNORTH,20241014-0300,96.66
IT-CNORTH,20241014-2100,111.1
IT-CNORTH,20241014-0100,82.84
IT-CNORTH,20241014-1100,111.1
IT-CNORTH,20241014-0400,111.1
IT-CNORTH,20241014-0500,111.1
IT-CNORTH,20241014-0700,111.1
IT-CNORTH,20241014-1900,111.1
IT-CNORTH,20241014-1400,111.1
IT-CNORTH,20241014-1300,111.1
IT-CNORTH,20241014-1700,157.73
IT-CNORTH,20241014-1800,111.1
IT-CNORTH,20241014-2300,111.1
IT-CNORTH,20241014-1000,111.1
IT-CNORTH,20241014-2200,111.1
IT-CNORTH,20241014-1500,111.1
IT-CNORTH,20241014-0600,111.1
IT-CNORTH,20241014-0900,111.1
IT-CNORTH,20241014-0800,111.1
IT-CNORTH,20241014-2000,111.1
HU,20241014-1600,189.85
HU,20241014-0000,63.11
HU,20241014-1200,11.13
HU,20241014-0200,63.11
HU,20241014-0300,92.58
HU,20241014-2100,92.58
HU,20241014-0100,57.46
HU,20241014-1100,9.5
HU,20241014-0400,97.95
HU,20241014-0500,111.1
HU,20241014-0700,92.58
HU,20241014-1900,111.1
HU,20241014-1400,92.58
HU,20241014-1300,63.11
HU,20241014-1700,190.39
HU,20241014-1800,156.51
HU,20241014-2300,92.58
HU,20241014-1000,9.5
HU,20241014-2200,92.58
HU,20241014-1500,118.61
HU,20241014-0600,97.95
HU,20241014-0900,10.91
HU,20241014-0800,57.46
HU,20241014-2000,93.77
IT-SOUTH,20241014-1600,111.1
IT-SOUTH,20241014-0000,111.1
IT-SOUTH,20241014-1200,111.1
IT-SOUTH,20241014-0200,111.1
IT-SOUTH,20241014-0300,111.1
IT-SOUTH,20241014-2100,111.1
IT-SOUTH,20241014-0100,111.1
IT-SOUTH,20241014-1100,111.1
IT-SOUTH,20241014-0400,111.1
IT-SOUTH,20241014-0500,111.1
IT-SOUTH,20241014-0700,111.1
IT-SOUTH,20241014-1900,111.1
IT-SOUTH,20241014-1400,111.1
IT-SOUTH,20241014-1300,111.1
IT-SOUTH,20241014-1700,111.1
IT-SOUTH,20241014-1800,111.1
IT-SOUTH,20241014-2300,111.1
IT-SOUTH,20241014-1000,111.1
IT-SOUTH,20241014-2200,111.1
IT-SOUTH,20241014-1500,111.1
IT-SOUTH,20241014-0600,111.1
IT-SOUTH,20241014-0900,111.1
IT-SOUTH,20241014-0800,111.1
IT-SOUTH,20241014-2000,111.1
IT-Sicily,20241014-1600,170.84
IT-Sicily,20241014-0000,111.1
IT-Sicily,20241014-1200,111.1
IT-Sicily,20241014-0200,111.1
IT-Sicily,20241014-0300,111.1
IT-Sicily,20241014-2100,111.1
IT-Sicily,20241014-0100,111.1
IT-Sicily,20241014-1100,111.1
IT-Sicily,20241014-0400,111.1
IT-Sicily,20241014-0500,111.1
IT-Sicily,20241014-0700,111.1
IT-Sicily,20241014-1900,170.84
IT-Sicily,20241014-1400,111.1
IT-Sicily,20241014-1300,111.1
IT-Sicily,20241014-1700,250.0
IT-Sicily,20241014-1800,170.84
IT-Sicily,20241014-2300,111.1
IT-Sicily,20241014-1000,111.1
IT-Sicily,20241014-2200,111.1
IT-Sicily,20241014-1500,122.26
IT-Sicily,20241014-0600,111.1
IT-Sicily,20241014-0900,111.1
IT-Sicily,20241014-0800,111.1
IT-Sicily,20241014-2000,163.52
IT-Sardinia,20241014-1600,111.1
IT-Sardinia,20241014-0000,111.1
IT-Sardinia,20241014-1200,111.1
IT-Sardinia,20241014-0200,111.1
IT-Sardinia,20241014-0300,111.1
IT-Sardinia,20241014-2100,111.1
IT-Sardinia,20241014-0100,111.1
IT-Sardinia,20241014-1100,111.1
IT-Sardinia,20241014-0400,111.1
IT-Sardinia,20241014-0500,111.1
IT-Sardinia,20241014-0700,111.1
IT-Sardinia,20241014-1900,111.1
IT-Sardinia,20241014-1400,111.1
IT-Sardinia,20241014-1300,111.1
IT-Sardinia,20241014-1700,111.1
IT-Sardinia,20241014-1800,111.1
IT-Sardinia,20241014-2300,111.1
IT-Sardinia,20241014-1000,111.1
IT-Sardinia,20241014-2200,111.1
IT-Sardinia,20241014-1500,111.1
IT-Sardinia,20241014-0600,111.1
IT-Sardinia,20241014-0900,111.1
IT-Sardinia,20241014-0800,111.1
IT-Sardinia,20241014-2000,111.1
RS,20241014-1600,189.85
RS,20241014-0000,63.11
RS,20241014-1200,11.13
RS,20241014-0200,63.11
RS,20241014-0300,92.58
RS,20241014-2100,92.58
RS,20241014-0100,57.46
RS,20241014-1100,9.5
RS,20241014-0400,97.95
RS,20241014-0500,111.1
RS,20241014-0700,92.58
RS,20241014-1900,111.1
RS,20241014-1400,92.58
RS,20241014-1300,63.11
RS,20241014-1700,190.39
RS,20241014-1800,179.02
RS,20241014-2300,92.58
RS,20241014-1000,9.5
RS,20241014-2200,92.58
RS,20241014-1500,118.61
RS,20241014-0600,97.95
RS,20241014-0900,10.91
RS,20241014-0800,57.46
RS,20241014-2000,93.77
DK1,20241014-1600,72.05
DK1,20241014-0000,53.56
DK1,20241014-1200,36.08
DK1,20241014-0200,57.0
DK1,20241014-0300,28.74
DK1,20241014-2100,92.58
DK1,20241014-0100,57.0
DK1,20241014-1100,50.27
DK1,20241014-0400,25.79
DK1,20241014-0500,33.37
DK1,20241014-0700,69.59
DK1,20241014-1900,92.58
DK1,20241014-1400,61.87
DK1,20241014-1300,44.47
DK1,20241014-1700,68.6
DK1,20241014-1800,75.07
DK1,20241014-2300,92.58
DK1,20241014-1000,64.66
DK1,20241014-2200,92.58
DK1,20241014-1500,72.38
DK1,20241014-0600,71.15
DK1,20241014-0900,64.3
DK1,20241014-0800,80.31
DK1,20241014-2000,92.58
CH,20241014-1600,97.46
CH,20241014-0000,53.56
CH,20241014-1200,92.58
CH,20241014-0200,63.11
CH,20241014-0300,88.57
CH,20241014-2100,92.58
CH,20241014-0100,57.0
CH,20241014-1100,92.58
CH,20241014-0400,92.58
CH,20241014-0500,97.46
CH,20241014-0700,97.95
CH,20241014-1900,97.95
CH,20241014-1400,97.95
CH,20241014-1300,92.58
CH,20241014-1700,157.73
CH,20241014-1800,111.1
CH,20241014-2300,92.58
CH,20241014-1000,92.58
CH,20241014-2200,92.58
CH,20241014-1500,97.95
CH,20241014-0600,97.95
CH,20241014-0900,92.58
CH,20241014-0800,92.58
CH,20241014-2000,92.58
SE1,20241014-1600,1.0
SE1,20241014-0000,37.46
SE1,20241014-1200,20.64
SE1,20241014-0200,36.38
SE1,20241014-0300,34.65
SE1,20241014-2100,1.0
SE1,20241014-0100,37.84
SE1,20241014-1100,20.64
SE1,20241014-0400,33.98
SE1,20241014-0500,30.67
SE1,20241014-0700,26.43
SE1,20241014-1900,1.0
SE1,20241014-1400,1.0
SE1,20241014-1300,20.64
SE1,20241014-1700,1.0
SE1,20241014-1800,1.0
SE1,20241014-2300,1.0
SE1,20241014-1000,20.79
SE1,20241014-2200,1.0
SE1,20241014-1500,1.0
SE1,20241014-0600,27.93
SE1,20241014-0900,22.68
SE1,20241014-0800,24.07
SE1,20241014-2000,1.0
NO4,20241014-1600,38.05
NO4,20241014-0000,24.7
NO4,20241014-1200,34.08
NO4,20241014-0200,23.38
NO4,20241014-0300,24.82
NO4,20241014-2100,34.21
NO4,20241014-0100,22.75
NO4,20241014-1100,35.89
NO4,20241014-0400,28.94
NO4,20241014-0500,34.31
NO4,20241014-0700,41.71
NO4,20241014-1900,39.73
NO4,20241014-1400,34.26
NO4,20241014-1300,37.07
NO4,20241014-1700,40.73
NO4,20241014-1800,40.18
NO4,20241014-2300,30.98
NO4,20241014-1000,33.26
NO4,20241014-2200,32.24
NO4,20241014-1500,35.54
NO4,20241014-0600,41.46
NO4,20241014-0900,38.04
NO4,20241014-0800,38.61
NO4,20241014-2000,36.84
SE3,20241014-1600,51.3
SE3,20241014-0000,52.25
SE3,20241014-1200,9.5
SE3,20241014-0200,57.0
SE3,20241014-0300,9.5
SE3,20241014-2100,83.32
SE3,20241014-0100,53.24
SE3,20241014-1100,30.0
SE3,20241014-0400,5.0
SE3,20241014-0500,5.0
SE3,20241014-0700,51.71
SE3,20241014-1900,83.32
SE3,20241014-1400,57.0
SE3,20241014-1300,30.0
SE3,20241014-1700,51.3
SE3,20241014-1800,67.5
SE3,20241014-2300,83.32
SE3,20241014-1000,57.0
SE3,20241014-2200,83.32
SE3,20241014-1500,57.0
SE3,20241014-0600,51.3
SE3,20241014-0900,57.0
SE3,20241014-0800,67.92
SE3,20241014-2000,83.32
FR,20241014-1600,92.58
FR,20241014-0000,50.87
FR,20241014-1200,52.13
FR,20241014-0200,40.77
FR,20241014-0300,48.22
FR,20241014-2100,92.58
FR,20241014-0100,38.53
FR,20241014-1100,57.46
FR,20241014-0400,57.01
FR,20241014-0500,80.05
FR,20241014-0700,97.95
FR,20241014-1900,97.95
FR,20241014-1400,52.38
FR,20241014-1300,51.35
FR,20241014-1700,157.73
FR,20241014-1800,111.1
FR,20241014-2300,50.3
FR,20241014-1000,72.12
FR,20241014-2200,70.25
FR,20241014-1500,66.99
FR,20241014-0600,97.95
FR,20241014-0900,92.58
FR,20241014-0800,92.58
FR,20241014-2000,73.74
FI,20241014-1600,142.37
FI,20241014-0000,57.0
FI,20241014-1200,122.78
FI,20241014-0200,57.46
FI,20241014-0300,92.58
FI,20241014-2100,88.57
FI,20241014-0100,57.0
FI,20241014-1100,125.74
FI,20241014-0400,92.58
FI,20241014-0500,123.79
FI,20241014-0700,131.03
FI,20241014-1900,92.58
FI,20241014-1400,100.51
FI,20241014-1300,101.88
FI,20241014-1700,128.16
FI,20241014-1800,106.15
FI,20241014-2300,75.2
FI,20241014-1000,122.15
FI,20241014-2200,79.13
FI,20241014-1500,127.51
FI,20241014-0600,138.67
FI,20241014-0900,110.48
FI,20241014-0800,126.45
FI,20241014-2000,92.58
PL,20241014-1600,97.95
PL,20241014-0000,53.24
PL,20241014-1200,88.57
PL,20241014-0200,53.24
PL,20241014-0300,63.11
PL,20241014-2100,88.57
PL,20241014-0100,53.24
PL,20241014-1100,88.57
PL,20241014-0400,88.57
PL,20241014-0500,88.57
PL,20241014-0700,88.57
PL,20241014-1900,92.58
PL,20241014-1400,88.57
PL,20241014-1300,88.57
PL,20241014-1700,97.95
PL,20241014-1800,97.95
PL,20241014-2300,88.57
PL,20241014-1000,88.57
PL,20241014-2200,88.57
PL,20241014-1500,92.58
PL,20241014-0600,88.57
PL,20241014-0900,88.57
PL,20241014-0800,88.57
PL,20241014-2000,88.57
IT-Calabria,20241014-1600,111.1
IT-Calabria,20241014-0000,111.1
IT-Calabria,20241014-1200,111.1
IT-Calabria,20241014-0200,111.1
IT-Calabria,20241014-0300,111.1
IT-Calabria,20241014-2100,111.1
IT-Calabria,20241014-0100,111.1
IT-Calabria,20241014-1100,111.1
IT-Calabria,20241014-0400,111.1
IT-Calabria,20241014-0500,111.1
IT-Calabria,20241014-0700,111.1
IT-Calabria,20241014-1900,111.1
IT-Calabria,20241014-1400,111.1
IT-Calabria,20241014-1300,111.1
IT-Calabria,20241014-1700,111.1
IT-Calabria,20241014-1800,111.1
IT-Calabria,20241014-2300,111.1
IT-Calabria,20241014-1000,111.1
IT-Calabria,20241014-2200,111.1
IT-Calabria,20241014-1500,111.1
IT-Calabria,20241014-0600,111.1
IT-Calabria,20241014-0900,111.1
IT-Calabria,20241014-0800,111.1
IT-Calabria,20241014-2000,111.1
AT,20241014-1600,97.46
AT,20241014-0000,53.56
AT,20241014-1200,92.58
AT,20241014-0200,63.11
AT,20241014-0300,88.57
AT,20241014-2100,94.79
AT,20241014-0100,56.78
AT,20241014-1100,92.58
AT,20241014-0400,97.46
AT,20241014-0500,97.46
AT,20241014-0700,97.46
AT,20241014-1900,97.46
AT,20241014-1400,97.95
AT,20241014-1300,94.79
AT,20241014-1700,157.73
AT,20241014-1800,107.39
AT,20241014-2300,92.58
AT,20241014-1000,92.58
AT,20241014-2200,92.58
AT,20241014-1500,97.95
AT,20241014-0600,97.95
AT,20241014-0900,92.58
AT,20241014-0800,92.58
AT,20241014-2000,94.79
SE2,20241014-1600,1.0
SE2,20241014-0000,37.46
SE2,20241014-1200,20.64
SE2,20241014-0200,36.38
SE2,20241014-0300,34.65
SE2,20241014-2100,1.0
SE2,20241014-0100,37.84
SE2,20241014-1100,20.64
SE2,20241014-0400,33.98
SE2,20241014-0500,30.67
SE2,20241014-0700,26.43
SE2,20241014-1900,1.0
SE2,20241014-1400,1.0
SE2,20241014-1300,20.64
SE2,20241014-1700,1.0
SE2,20241014-1800,1.0
SE2,20241014-2300,1.0
SE2,20241014-1000,20.79
SE2,20241014-2200,1.0
SE2,20241014-1500,1.0
SE2,20241014-0600,27.93
SE2,20241014-0900,22.68
SE2,20241014-0800,24.07
SE2,20241014-2000,1.0
IT-NORTH,20241014-1600,111.1
IT-NORTH,20241014-0000,84.41
IT-NORTH,20241014-1200,111.1
IT-NORTH,20241014-0200,84.94
IT-NORTH,20241014-0300,96.66
IT-NORTH,20241014-2100,111.1
IT-NORTH,20241014-0100,82.84
IT-NORTH,20241014-1100,111.1
IT-NORTH,20241014-0400,111.1
IT-NORTH,20241014-0500,111.1
IT-NORTH,20241014-0700,111.1
IT-NORTH,20241014-1900,111.1
IT-NORTH,20241014-1400,111.1
IT-NORTH,20241014-1300,111.1
IT-NORTH,20241014-1700,157.73
IT-NORTH,20241014-1800,111.1
IT-NORTH,20241014-2300,111.1
IT-NORTH,20241014-1000,111.1
IT-NORTH,20241014-2200,111.1
IT-NORTH,20241014-1500,111.1
IT-NORTH,20241014-0600,111.1
IT-NORTH,20241014-0900,111.1
IT-NORTH,20241014-0800,111.1
IT-NORTH,20241014-2000,111.1
LT,20241014-1600,142.37
LT,20241014-0000,57.0
LT,20241014-1200,122.78
LT,20241014-0200,57.46
LT,20241014-0300,92.58
LT,20241014-2100,88.57
LT,20241014-0100,57.0
LT,20241014-1100,125.74
LT,20241014-0400,92.58
LT,20241014-0500,123.79
LT,20241014-0700,131.03
LT,20241014-1900,92.58
LT,20241014-1400,100.51
LT,20241014-1300,101.88
LT,20241014-1700,128.16
LT,20241014-1800,106.15
LT,20241014-2300,76.17
LT,20241014-1000,122.15
LT,20241014-2200,79.13
LT,20241014-1500,127.51
LT,20241014-0600,138.67
LT,20241014-0900,110.48
LT,20241014-0800,126.45
LT,20241014-2000,92.58
PT,20241014-1600,92.58
PT,20241014-0000,89.47
PT,20241014-1200,52.13
PT,20241014-0200,88.99
PT,20241014-0300,92.58
PT,20241014-2100,92.58
PT,20241014-0100,89.08
PT,20241014-1100,57.46
PT,20241014-0400,92.58
PT,20241014-0500,119.21
PT,20241014-0700,135.48
PT,20241014-1900,162.46
PT,20241014-1400,52.38
PT,20241014-1300,51.35
PT,20241014-1700,157.73
PT,20241014-1800,170.55
PT,20241014-2300,57.46
PT,20241014-1000,72.12
PT,20241014-2200,92.58
PT,20241014-1500,66.99
PT,20241014-0600,170.05
PT,20241014-0900,92.58
PT,20241014-0800,92.58
PT,20241014-2000,92.58
NO2,20241014-1600,92.45
NO2,20241014-0000,62.83
NO2,20241014-1200,87.18
NO2,20241014-0200,68.95
NO2,20241014-0300,83.41
NO2,20241014-2100,87.18
NO2,20241014-0100,63.39
NO2,20241014-1100,87.18
NO2,20241014-0400,87.18
NO2,20241014-0500,87.18
NO2,20241014-0700,90.23
NO2,20241014-1900,87.18
NO2,20241014-1400,90.23
NO2,20241014-1300,87.18
NO2,20241014-1700,97.46
NO2,20241014-1800,95.29
NO2,20241014-2300,87.18
NO2,20241014-1000,87.18
NO2,20241014-2200,87.18
NO2,20241014-1500,90.23
NO2,20241014-0600,92.58
NO2,20241014-0900,87.18
NO2,20241014-0800,87.18
NO2,20241014-2000,87.18
LV,20241014-1600,142.37
LV,20241014-0000,57.0
LV,20241014-1200,122.78
LV,20241014-0200,57.46
LV,20241014-0300,92.58
LV,20241014-2100,88.57
LV,20241014-0100,57.0
LV,20241014-1100,125.74
LV,20241014-0400,92.58
LV,20241014-0500,123.79
LV,20241014-0700,131.03
LV,20241014-1900,92.58
LV,20241014-1400,100.51
LV,20241014-1300,101.88
LV,20241014-1700,128.16
LV,20241014-1800,106.15
LV,20241014-2300,76.17
LV,20241014-1000,122.15
LV,20241014-2200,79.13
LV,20241014-1500,127.51
LV,20241014-0600,138.67
LV,20241014-0900,110.48
LV,20241014-0800,126.45
LV,20241014-2000,92.58
NL,20241014-1600,92.58
NL,20241014-0000,88.57
NL,20241014-1200,92.58
NL,20241014-0200,88.57
NL,20241014-0300,88.57
NL,20241014-2100,92.58
NL,20241014-0100,88.57
NL,20241014-1100,92.58
NL,20241014-0400,92.58
NL,20241014-0500,92.58
NL,20241014-0700,92.58
NL,20241014-1900,92.58
NL,20241014-1400,92.58
NL,20241014-1300,92.58
NL,20241014-1700,92.58
NL,20241014-1800,92.58
NL,20241014-2300,92.58
NL,20241014-1000,92.58
NL,20241014-2200,92.58
NL,20241014-1500,92.58
NL,20241014-0600,92.58
NL,20241014-0900,92.58
NL,20241014-0800,92.58
NL,20241014-2000,92.58
NO5,20241014-1600,87.51
NO5,20241014-0000,63.37
NO5,20241014-1200,83.32
NO5,20241014-0200,68.23
NO5,20241014-0300,79.71
NO5,20241014-2100,83.32
NO5,20241014-0100,63.81
NO5,20241014-1100,83.32
NO5,20241014-0400,83.32
NO5,20241014-0500,83.32
NO5,20241014-0700,85.74
NO5,20241014-1900,83.32
NO5,20241014-1400,85.74
NO5,20241014-1300,83.32
NO5,20241014-1700,97.46
NO5,20241014-1800,89.76
NO5,20241014-2300,83.32
NO5,20241014-1000,83.32
NO5,20241014-2200,83.32
NO5,20241014-1500,85.74
NO5,20241014-0600,83.32
NO5,20241014-0900,83.32
NO5,20241014-0800,83.32
NO5,20241014-2000,83.32
BE,20241014-1600,3000.0
BE,20241014-0000,72.2
BE,20241014-1200,3000.0
BE,20241014-0200,75.81
BE,20241014-0300,88.57
BE,20241014-2100,94.93
BE,20241014-0100,70.9
BE,20241014-1100,3000.0
BE,20241014-0400,92.58
BE,20241014-0500,123.54
BE,20241014-0700,3000.0
BE,20241014-1900,124.29
BE,20241014-1400,185.61
BE,20241014-1300,250.0
BE,20241014-1700,3000.0
BE,20241014-1800,250.0
BE,20241014-2300,92.58
BE,20241014-1000,3000.0
BE,20241014-2200,92.58
BE,20241014-1500,161.69
BE,20241014-0600,160.38
BE,20241014-0900,3000.0
BE,20241014-0800,224.5
BE,20241014-2000,94.93
RO,20241014-1600,189.85
RO,20241014-0000,63.11
RO,20241014-1200,11.13
RO,20241014-0200,63.11
RO,20241014-0300,92.58
RO,20241014-2100,92.58
RO,20241014-0100,57.46
RO,20241014-1100,9.5
RO,20241014-0400,97.95
RO,20241014-0500,111.1
RO,20241014-0700,92.58
RO,20241014-1900,111.1
RO,20241014-1400,92.58
RO,20241014-1300,63.11
RO,20241014-1700,190.39
RO,20241014-1800,179.02
RO,20241014-2300,92.58
RO,20241014-1000,9.5
RO,20241014-2200,92.58
RO,20241014-1500,118.61
RO,20241014-0600,97.95
RO,20241014-0900,10.91
RO,20241014-0800,57.46
RO,20241014-2000,93.77
DK2,20241014-1600,72.05
DK2,20241014-0000,53.56
DK2,20241014-1200,36.08
DK2,20241014-0200,33.67
DK2,20241014-0300,28.74
DK2,20241014-2100,41.24
DK2,20241014-0100,57.0
DK2,20241014-1100,50.27
DK2,20241014-0400,25.79
DK2,20241014-0500,33.37
DK2,20241014-0700,69.59
DK2,20241014-1900,92.58
DK2,20241014-1400,61.87
DK2,20241014-1300,44.47
DK2,20241014-1700,68.6
DK2,20241014-1800,75.07
DK2,20241014-2300,92.58
DK2,20241014-1000,64.66
DK2,20241014-2200,92.58
DK2,20241014-1500,72.38
DK2,20241014-0600,71.15
DK2,20241014-0900,64.3
DK2,20241014-0800,80.31
DK2,20241014-2000,92.58
BG,20241014-1600,189.85
BG,20241014-0000,63.11
BG,20241014-1200,11.13
BG,20241014-0200,63.11
BG,20241014-0300,92.58
BG,20241014-2100,92.58
BG,20241014-0100,57.46
BG,20241014-1100,9.5
BG,20241014-0400,97.95
BG,20241014-0500,111.1
BG,20241014-0700,92.58
BG,20241014-1900,111.1
BG,20241014-1400,92.58
BG,20241014-1300,63.11
BG,20241014-1700,190.39
BG,20241014-1800,179.02
BG,20241014-2300,92.58
BG,20241014-1000,9.5
BG,20241014-2200,92.58
BG,20241014-1500,118.61
BG,20241014-0600,97.95
BG,20241014-0900,10.91
BG,20241014-0800,57.46
BG,20241014-2000,93.77
IT-CSOUTH,20241014-1600,111.1
IT-CSOUTH,20241014-0000,111.1
IT-CSOUTH,20241014-1200,111.1
IT-CSOUTH,20241014-0200,111.1
IT-CSOUTH,20241014-0300,111.1
IT-CSOUTH,20241014-2100,111.1
IT-CSOUTH,20241014-0100,111.1
IT-CSOUTH,20241014-1100,111.1
IT-CSOUTH,20241014-0400,111.1
IT-CSOUTH,20241014-0500,111.1
IT-CSOUTH,20241014-0700,111.1
IT-CSOUTH,20241014-1900,111.1
IT-CSOUTH,20241014-1400,111.1
IT-CSOUTH,20241014-1300,111.1
IT-CSOUTH,20241014-1700,111.1
IT-CSOUTH,20241014-1800,111.1
IT-CSOUTH,20241014-2300,111.1
IT-CSOUTH,20241014-1000,111.1
IT-CSOUTH,20241014-2200,111.1
IT-CSOUTH,20241014-1500,111.1
IT-CSOUTH,20241014-0600,111.1
IT-CSOUTH,20241014-0900,111.1
IT-CSOUTH,20241014-0800,111.1
IT-CSOUTH,20241014-2000,111.1
CZ,20241014-1600,97.95
CZ,20241014-0000,53.24
CZ,20241014-1200,63.11
CZ,20241014-0200,53.24
CZ,20241014-0300,63.11
CZ,20241014-2100,88.57
CZ,20241014-0100,16.0
CZ,20241014-1100,75.34
CZ,20241014-0400,92.58
CZ,20241014-0500,97.46
CZ,20241014-0700,88.57
CZ,20241014-1900,92.58
CZ,20241014-1400,88.57
CZ,20241014-1300,88.57
CZ,20241014-1700,97.95
CZ,20241014-1800,97.95
CZ,20241014-2300,63.11
CZ,20241014-1000,75.34
CZ,20241014-2200,63.11
CZ,20241014-1500,92.58
CZ,20241014-0600,88.57
CZ,20241014-0900,75.34
CZ,20241014-0800,88.57
CZ,20241014-2000,88.57
NO3,20241014-1600,97.23
NO3,20241014-0000,63.37
NO3,20241014-1200,83.32
NO3,20241014-0200,68.23
NO3,20241014-0300,79.71
NO3,20241014-2100,92.58
NO3,20241014-0100,63.81
NO3,20241014-1100,83.32
NO3,20241014-0400,92.58
NO3,20241014-0500,92.58
NO3,20241014-0700,95.26
NO3,20241014-1900,92.58
NO3,20241014-1400,95.26
NO3,20241014-1300,92.58
NO3,20241014-1700,117.48
NO3,20241014-1800,99.74
NO3,20241014-2300,83.32
NO3,20241014-1000,92.58
NO3,20241014-2200,92.58
NO3,20241014-1500,95.26
NO3,20241014-0600,92.58
NO3,20241014-0900,92.58
NO3,20241014-0800,92.58
NO3,20241014-2000,92.58
NO1,20241014-1600,87.51
NO1,20241014-0000,63.37
NO1,20241014-1200,92.58
NO1,20241014-0200,68.23
NO1,20241014-0300,79.71
NO1,20241014-2100,92.58
NO1,20241014-0100,63.81
NO1,20241014-1100,92.58
NO1,20241014-0400,83.32
NO1,20241014-0500,83.32
NO1,20241014-0700,95.26
NO1,20241014-1900,92.58
NO1,20241014-1400,85.74
NO1,20241014-1300,92.58
NO1,20241014-1700,97.46
NO1,20241014-1800,89.76
NO1,20241014-2300,92.58
NO1,20241014-1000,83.32
NO1,20241014-2200,92.58
NO1,20241014-1500,85.74
NO1,20241014-0600,83.32
NO1,20241014-0900,83.32
NO1,20241014-0800,92.58
NO1,20241014-2000,92.58
DE_LU,20241014-1600,101.88
DE_LU,20241014-0000,53.56
DE_LU,20241014-1200,92.58
DE_LU,20241014-0200,63.11
DE_LU,20241014-0300,88.57
DE_LU,20241014-2100,92.58
DE_LU,20241014-0100,57.0
DE_LU,20241014-1100,92.58
DE_LU,20241014-0400,92.58
DE_LU,20241014-0500,97.46
DE_LU,20241014-0700,97.95
DE_LU,20241014-1900,97.95
DE_LU,20241014-1400,97.95
DE_LU,20241014-1300,92.58
DE_LU,20241014-1700,157.73
DE_LU,20241014-1800,111.1
DE_LU,20241014-2300,92.58
DE_LU,20241014-1000,92.58
DE_LU,20241014-2200,92.58
DE_LU,20241014-1500,97.95
DE_LU,20241014-0600,97.95
DE_LU,20241014-0900,92.58
DE_LU,20241014-0800,92.58
DE_LU,20241014-2000,92.58
SK,20241014-1600,90.08
SK,20241014-0000,63.37
SK,20241014-1200,83.32
SK,20241014-0200,68.23
SK,20241014-0300,79.71
SK,20241014-2100,83.32
SK,20241014-0100,63.81
SK,20241014-1100,83.32
SK,20241014-0400,85.77
SK,20241014-0500,85.77
SK,20241014-0700,85.74
SK,20241014-1900,85.77
SK,20241014-1400,85.74
SK,20241014-1300,83.32
SK,20241014-1700,97.46
SK,20241014-1800,92.58
SK,20241014-2300,83.32
SK,20241014-1000,83.32
SK,20241014-2200,83.32
SK,20241014-1500,88.26
SK,20241014-0600,83.32
SK,20241014-0900,83.32
SK,20241014-0800,83.32
SK,20241014-2000,83.32
EE,20241014-1600,142.37
EE,20241014-0000,57.0
EE,20241014-1200,122.78
EE,20241014-0200,57.46
EE,20241014-0300,92.58
EE,20241014-2100,88.57
EE,20241014-0100,57.0
EE,20241014-1100,125.74
EE,20241014-0400,92.58
EE,20241014-0500,123.79
EE,20241014-0700,131.03
EE,20241014-1900,92.58
EE,20241014-1400,100.51
EE,20241014-1300,101.88
EE,20241014-1700,128.16
EE,20241014-1800,106.15
EE,20241014-2300,76.17
EE,20241014-1000,122.15
EE,20241014-2200,79.13
EE,20241014-1500,127.51
EE,20241014-0600,138.67
EE,20241014-0900,110.48
EE,20241014-0800,126.45
EE,20241014-2000,92.58
SE4,20241014-1600,72.05
SE4,20241014-0000,53.56
SE4,20241014-1200,36.08
SE4,20241014-0200,33.67
SE4,20241014-0300,28.74
SE4,20241014-2100,41.24
SE4,20241014-0100,57.0
SE4,20241014-1100,50.27
SE4,20241014-0400,25.79
SE4,20241014-0500,33.37
SE4,20241014-0700,69.59
SE4,20241014-1900,83.32
SE4,20241014-1400,61.87
SE4,20241014-1300,44.47
SE4,20241014-1700,68.6
SE4,20241014-1800,75.07
SE4,20241014-2300,76.17
SE4,20241014-1000,64.66
SE4,20241014-2200,79.13
SE4,20241014-1500,72.38
SE4,20241014-0600,71.15
SE4,20241014-0900,64.3
SE4,20241014-0800,80.31
SE4,20241014-2000,83.32
SI,20241211-1400,178.77
SI,20241211-0000,69.19
SI,20241211-0900,180.37
SI,20241211-1900,174.36
SI,20241211-0500,124.48
SI,20241211-1000,172.57
SI,20241211-2200,103.73
SI,20241211-2000,136.4
SI,20241211-2100,124.48
SI,20241211-1100,161.96
SI,20241211-2300,94.39
SI,20241211-0200,69.19
SI,20241211-0300,102.55
SI,20241211-0100,69.19
SI,20241211-0600,159.71
SI,20241211-1700,223.8
SI,20241211-1300,165.42
SI,20241211-0700,191.09
SI,20241211-1800,234.41
SI,20241211-1200,164.41
SI,20241211-0400,102.55
SI,20241211-0800,220.84
SI,20241211-1600,225.97
SI,20241211-1500,189.51
ES,20241211-1400,174.59
ES,20241211-0000,103.73
ES,20241211-0900,180.37
ES,20241211-1900,191.09
ES,20241211-0500,103.73
ES,20241211-1000,172.57
ES,20241211-2200,130.38
ES,20241211-2000,250.0
ES,20241211-2100,156.68
ES,20241211-1100,161.96
ES,20241211-2300,113.91
ES,20241211-0200,92.81
ES,20241211-0300,93.92
ES,20241211-0100,94.66
ES,20241211-0600,153.41
ES,20241211-1700,223.8
ES,20241211-1300,165.11
ES,20241211-0700,191.09
ES,20241211-1800,234.41
ES,20241211-1200,164.41
ES,20241211-0400,100.62
ES,20241211-0800,220.84
ES,20241211-1600,225.97
ES,20241211-1500,183.98
GR,20241211-1400,176.79
GR,20241211-0000,102.55
GR,20241211-0900,103.73
GR,20241211-1900,197.81
GR,20241211-0500,139.37
GR,20241211-1000,103.73
GR,20241211-2200,103.73
GR,20241211-2000,179.58
GR,20241211-2100,124.48
GR,20241211-1100,103.73
GR,20241211-2300,103.73
GR,20241211-0200,102.55
GR,20241211-0300,103.4
GR,20241211-0100,102.55
GR,20241211-0600,179.66
GR,20241211-1700,329.48
GR,20241211-1300,119.37
GR,20241211-0700,120.03
GR,20241211-1800,270.33
GR,20241211-1200,103.73
GR,20241211-0400,103.73
GR,20241211-0800,103.73
GR,20241211-1600,335.16
GR,20241211-1500,264.85
IT-CNORTH,20241211-1400,178.77
IT-CNORTH,20241211-0000,124.48
IT-CNORTH,20241211-0900,180.37
IT-CNORTH,20241211-1900,197.81
IT-CNORTH,20241211-0500,124.48
IT-CNORTH,20241211-1000,172.57
IT-CNORTH,20241211-2200,124.48
IT-CNORTH,20241211-2000,136.4
IT-CNORTH,20241211-2100,124.48
IT-CNORTH,20241211-1100,161.96
IT-CNORTH,20241211-2300,124.48
IT-CNORTH,20241211-0200,124.48
IT-CNORTH,20241211-0300,124.48
IT-CNORTH,20241211-0100,124.48
IT-CNORTH,20241211-0600,159.71
IT-CNORTH,20241211-1700,329.48
IT-CNORTH,20241211-1300,165.42
IT-CNORTH,20241211-0700,191.09
IT-CNORTH,20241211-1800,270.33
IT-CNORTH,20241211-1200,164.41
IT-CNORTH,20241211-0400,124.48
IT-CNORTH,20241211-0800,220.84
IT-CNORTH,20241211-1600,335.16
IT-CNORTH,20241211-1500,257.52
HU,20241211-1400,250.0
HU,20241211-0000,102.55
HU,20241211-0900,313.36
HU,20241211-1900,184.13
HU,20241211-0500,139.37
HU,20241211-1000,289.22
HU,20241211-2200,103.73
HU,20241211-2000,176.78
HU,20241211-2100,124.48
HU,20241211-1100,333.16
HU,20241211-2300,94.39
HU,20241211-0200,102.55
HU,20241211-0300,103.4
HU,20241211-0100,102.55
HU,20241211-0600,186.38
HU,20241211-1700,259.79
HU,20241211-1300,274.42
HU,20241211-0700,325.72
HU,20241211-1800,239.06
HU,20241211-1200,342.42
HU,20241211-0400,103.73
HU,20241211-0800,289.44
HU,20241211-1600,278.73
HU,20241211-1500,264.85
IT-SOUTH,20241211-1400,176.79
IT-SOUTH,20241211-0000,124.48
IT-SOUTH,20241211-0900,124.48
IT-SOUTH,20241211-1900,197.81
IT-SOUTH,20241211-0500,124.48
IT-SOUTH,20241211-1000,124.48
IT-SOUTH,20241211-2200,124.48
IT-SOUTH,20241211-2000,136.4
IT-SOUTH,20241211-2100,124.48
IT-SOUTH,20241211-1100,124.48
IT-SOUTH,20241211-2300,124.48
IT-SOUTH,20241211-0200,124.48
IT-SOUTH,20241211-0300,124.48
IT-SOUTH,20241211-0100,124.48
IT-SOUTH,20241211-0600,159.71
IT-SOUTH,20241211-1700,329.48
IT-SOUTH,20241211-1300,124.48
IT-SOUTH,20241211-0700,155.74
IT-SOUTH,20241211-1800,270.33
IT-SOUTH,20241211-1200,124.48
IT-SOUTH,20241211-0400,124.48
IT-SOUTH,20241211-0800,124.48
IT-SOUTH,20241211-1600,335.16
IT-SOUTH,20241211-1500,257.52
IT-Sicily,20241211-1400,124.48
IT-Sicily,20241211-0000,124.48
IT-Sicily,20241211-0900,124.48
IT-Sicily,20241211-1900,197.81
IT-Sicily,20241211-0500,124.48
IT-Sicily,20241211-1000,124.48
IT-Sicily,20241211-2200,124.48
IT-Sicily,20241211-2000,136.4
IT-Sicily,20241211-2100,124.48
IT-Sicily,20241211-1100,124.48
IT-Sicily,20241211-2300,124.48
IT-Sicily,20241211-0200,124.48
IT-Sicily,20241211-0300,124.48
IT-Sicily,20241211-0100,124.48
IT-Sicily,20241211-0600,124.48
IT-Sicily,20241211-1700,124.48
IT-Sicily,20241211-1300,124.48
IT-Sicily,20241211-0700,124.48
IT-Sicily,20241211-1800,124.48
IT-Sicily,20241211-1200,124.48
IT-Sicily,20241211-0400,124.48
IT-Sicily,20241211-0800,124.48
IT-Sicily,20241211-1600,124.48
IT-Sicily,20241211-1500,124.48
IT-Sardinia,20241211-1400,178.77
IT-Sardinia,20241211-0000,124.48
IT-Sardinia,20241211-0900,146.88
IT-Sardinia,20241211-1900,197.81
IT-Sardinia,20241211-0500,124.48
IT-Sardinia,20241211-1000,163.0
IT-Sardinia,20241211-2200,124.48
IT-Sardinia,20241211-2000,136.4
IT-Sardinia,20241211-2100,124.48
IT-Sardinia,20241211-1100,161.96
IT-Sardinia,20241211-2300,124.48
IT-Sardinia,20241211-0200,124.48
IT-Sardinia,20241211-0300,124.48
IT-Sardinia,20241211-0100,124.48
IT-Sardinia,20241211-0600,159.71
IT-Sardinia,20241211-1700,329.48
IT-Sardinia,20241211-1300,165.42
IT-Sardinia,20241211-0700,191.09
IT-Sardinia,20241211-1800,270.33
IT-Sardinia,20241211-1200,164.41
IT-Sardinia,20241211-0400,124.48
IT-Sardinia,20241211-0800,188.37
IT-Sardinia,20241211-1600,335.16
IT-Sardinia,20241211-1500,257.52
RS,20241211-1400,188.46
RS,20241211-0000,102.55
RS,20241211-0900,293.43
RS,20241211-1900,197.81
RS,20241211-0500,139.37
RS,20241211-1000,250.0
RS,20241211-2200,103.73
RS,20241211-2000,179.58
RS,20241211-2100,124.48
RS,20241211-1100,250.0
RS,20241211-2300,103.73
RS,20241211-0200,102.55
RS,20241211-0300,103.4
RS,20241211-0100,102.55
RS,20241211-0600,186.38
RS,20241211-1700,329.48
RS,20241211-1300,180.12
RS,20241211-0700,307.78
RS,20241211-1800,270.33
RS,20241211-1200,188.92
RS,20241211-0400,103.73
RS,20241211-0800,289.44
RS,20241211-1600,335.16
RS,20241211-1500,264.85
DK1,20241211-1400,174.59
DK1,20241211-0000,103.73
DK1,20241211-0900,180.37
DK1,20241211-1900,151.6
DK1,20241211-0500,121.47
DK1,20241211-1000,172.57
DK1,20241211-2200,103.73
DK1,20241211-2000,136.4
DK1,20241211-2100,114.74
DK1,20241211-1100,161.96
DK1,20241211-2300,103.73
DK1,20241211-0200,103.73
DK1,20241211-0300,103.73
DK1,20241211-0100,103.73
DK1,20241211-0600,103.73
DK1,20241211-1700,223.8
DK1,20241211-1300,165.11
DK1,20241211-0700,191.09
DK1,20241211-1800,201.09
DK1,20241211-1200,164.41
DK1,20241211-0400,103.73
DK1,20241211-0800,220.84
DK1,20241211-1600,225.97
DK1,20241211-1500,183.98
CH,20241211-1400,174.59
CH,20241211-0000,124.48
CH,20241211-0900,180.37
CH,20241211-1900,174.36
CH,20241211-0500,121.47
CH,20241211-1000,172.57
CH,20241211-2200,124.48
CH,20241211-2000,136.4
CH,20241211-2100,124.48
CH,20241211-1100,161.96
CH,20241211-2300,109.19
CH,20241211-0200,109.19
CH,20241211-0300,124.48
CH,20241211-0100,124.48
CH,20241211-0600,159.71
CH,20241211-1700,223.8
CH,20241211-1300,165.11
CH,20241211-0700,191.09
CH,20241211-1800,234.41
CH,20241211-1200,164.41
CH,20241211-0400,124.48
CH,20241211-0800,220.84
CH,20241211-1600,225.97
CH,20241211-1500,183.98
SE1,20241211-1400,1.0
SE1,20241211-0000,1.0
SE1,20241211-0900,1.0
SE1,20241211-1900,1.0
SE1,20241211-0500,1.0
SE1,20241211-1000,1.0
SE1,20241211-2200,1.0
SE1,20241211-2000,1.0
SE1,20241211-2100,1.0
SE1,20241211-1100,1.0
SE1,20241211-2300,1.0
SE1,20241211-0200,1.0
SE1,20241211-0300,1.0
SE1,20241211-0100,1.0
SE1,20241211-0600,1.0
SE1,20241211-1700,1.0
SE1,20241211-1300,1.0
SE1,20241211-0700,1.0
SE1,20241211-1800,1.0
SE1,20241211-1200,1.0
SE1,20241211-0400,1.0
SE1,20241211-0800,1.0
SE1,20241211-1600,1.0
SE1,20241211-1500,1.0
NO4,20241211-1400,34.36
NO4,20241211-0000,24.63
NO4,20241211-0900,38.38
NO4,20241211-1900,29.63
NO4,20241211-0500,29.97
NO4,20241211-1000,38.95
NO4,20241211-2200,41.42
NO4,20241211-2000,32.48
NO4,20241211-2100,38.96
NO4,20241211-1100,42.04
NO4,20241211-2300,35.56
NO4,20241211-0200,22.93
NO4,20241211-0300,23.67
NO4,20241211-0100,24.1
NO4,20241211-0600,35.49
NO4,20241211-1700,32.53
NO4,20241211-1300,36.31
NO4,20241211-0700,38.64
NO4,20241211-1800,30.93
NO4,20241211-1200,38.75
NO4,20241211-0400,25.44
NO4,20241211-0800,38.79
NO4,20241211-1600,30.64
NO4,20241211-1500,33.28
SE3,20241211-1400,109.19
SE3,20241211-0000,93.36
SE3,20241211-0900,109.19
SE3,20241211-1900,109.19
SE3,20241211-0500,109.09
SE3,20241211-1000,109.19
SE3,20241211-2200,103.23
SE3,20241211-2000,109.19
SE3,20241211-2100,103.27
SE3,20241211-1100,109.19
SE3,20241211-2300,103.23
SE3,20241211-0200,93.36
SE3,20241211-0300,93.36
SE3,20241211-0100,93.36
SE3,20241211-0600,103.23
SE3,20241211-1700,109.19
SE3,20241211-1300,109.19
SE3,20241211-0700,141.74
SE3,20241211-1800,109.19
SE3,20241211-1200,109.19
SE3,20241211-0400,93.36
SE3,20241211-0800,153.61
SE3,20241211-1600,109.19
SE3,20241211-1500,109.19
FR,20241211-1400,174.59
FR,20241211-0000,79.83
FR,20241211-0900,180.37
FR,20241211-1900,174.36
FR,20241211-0500,103.73
FR,20241211-1000,172.57
FR,20241211-2200,124.48
FR,20241211-2000,136.4
FR,20241211-2100,124.48
FR,20241211-1100,161.96
FR,20241211-2300,109.19
FR,20241211-0200,72.09
FR,20241211-0300,69.19
FR,20241211-0100,77.67
FR,20241211-0600,153.41
FR,20241211-1700,223.8
FR,20241211-1300,165.11
FR,20241211-0700,191.09
FR,20241211-1800,234.41
FR,20241211-1200,164.41
FR,20241211-0400,78.18
FR,20241211-0800,220.84
FR,20241211-1600,225.97
FR,20241211-1500,183.98
FI,20241211-1400,5.0
FI,20241211-0000,5.0
FI,20241211-0900,5.0
FI,20241211-1900,5.0
FI,20241211-0500,5.0
FI,20241211-1000,5.0
FI,20241211-2200,5.0
FI,20241211-2000,5.0
FI,20241211-2100,5.0
FI,20241211-1100,5.0
FI,20241211-2300,5.0
FI,20241211-0200,5.0
FI,20241211-0300,5.0
FI,20241211-0100,5.0
FI,20241211-0600,5.0
FI,20241211-1700,6.58
FI,20241211-1300,5.0
FI,20241211-0700,5.0
FI,20241211-1800,7.2
FI,20241211-1200,5.46
FI,20241211-0400,4.8
FI,20241211-0800,5.0
FI,20241211-1600,5.0
FI,20241211-1500,5.0
PL,20241211-1400,103.73
PL,20241211-0000,91.88
PL,20241211-0900,103.73
PL,20241211-1900,102.55
PL,20241211-0500,102.55
PL,20241211-1000,103.73
PL,20241211-2200,96.06
PL,20241211-2000,102.55
PL,20241211-2100,102.55
PL,20241211-1100,103.73
PL,20241211-2300,91.88
PL,20241211-0200,91.88
PL,20241211-0300,91.88
PL,20241211-0100,91.88
PL,20241211-0600,103.73
PL,20241211-1700,103.73
PL,20241211-1300,103.73
PL,20241211-0700,103.73
PL,20241211-1800,103.73
PL,20241211-1200,103.73
PL,20241211-0400,101.38
PL,20241211-0800,103.73
PL,20241211-1600,103.73
PL,20241211-1500,103.73
IT-Calabria,20241211-1400,124.48
IT-Calabria,20241211-0000,124.48
IT-Calabria,20241211-0900,124.48
IT-Calabria,20241211-1900,197.81
IT-Calabria,20241211-0500,124.48
IT-Calabria,20241211-1000,124.48
IT-Calabria,20241211-2200,124.48
IT-Calabria,20241211-2000,136.4
IT-Calabria,20241211-2100,124.48
IT-Calabria,20241211-1100,124.48
IT-Calabria,20241211-2300,124.48
IT-Calabria,20241211-0200,124.48
IT-Calabria,20241211-0300,124.48
IT-Calabria,20241211-0100,124.48
IT-Calabria,20241211-0600,124.48
IT-Calabria,20241211-1700,124.48
IT-Calabria,20241211-1300,124.48
IT-Calabria,20241211-0700,124.48
IT-Calabria,20241211-1800,124.48
IT-Calabria,20241211-1200,124.48
IT-Calabria,20241211-0400,124.48
IT-Calabria,20241211-0800,124.48
IT-Calabria,20241211-1600,124.48
IT-Calabria,20241211-1500,124.48
AT,20241211-1400,174.59
AT,20241211-0000,109.19
AT,20241211-0900,180.37
AT,20241211-1900,174.36
AT,20241211-0500,121.47
AT,20241211-1000,172.57
AT,20241211-2200,109.19
AT,20241211-2000,126.63
AT,20241211-2100,109.19
AT,20241211-1100,161.96
AT,20241211-2300,109.19
AT,20241211-0200,109.19
AT,20241211-0300,109.19
AT,20241211-0100,109.19
AT,20241211-0600,159.71
AT,20241211-1700,223.8
AT,20241211-1300,165.11
AT,20241211-0700,191.09
AT,20241211-1800,234.41
AT,20241211-1200,164.41
AT,20241211-0400,109.19
AT,20241211-0800,220.84
AT,20241211-1600,225.97
AT,20241211-1500,183.98
SE2,20241211-1400,1.0
SE2,20241211-0000,1.0
SE2,20241211-0900,1.0
SE2,20241211-1900,1.0
SE2,20241211-0500,1.0
SE2,20241211-1000,1.0
SE2,20241211-2200,1.0
SE2,20241211-2000,1.0
SE2,20241211-2100,1.0
SE2,20241211-1100,1.0
SE2,20241211-2300,1.0
SE2,20241211-0200,1.0
SE2,20241211-0300,1.0
SE2,20241211-0100,1.0
SE2,20241211-0600,1.0
SE2,20241211-1700,1.0
SE2,20241211-1300,1.0
SE2,20241211-0700,1.0
SE2,20241211-1800,1.0
SE2,20241211-1200,1.0
SE2,20241211-0400,1.0
SE2,20241211-0800,1.0
SE2,20241211-1600,1.0
SE2,20241211-1500,1.0
IT-NORTH,20241211-1400,178.77
IT-NORTH,20241211-0000,124.48
IT-NORTH,20241211-0900,180.37
IT-NORTH,20241211-1900,174.36
IT-NORTH,20241211-0500,124.48
IT-NORTH,20241211-1000,172.57
IT-NORTH,20241211-2200,124.48
IT-NORTH,20241211-2000,136.4
IT-NORTH,20241211-2100,124.48
IT-NORTH,20241211-1100,161.96
IT-NORTH,20241211-2300,124.48
IT-NORTH,20241211-0200,124.48
IT-NORTH,20241211-0300,124.48
IT-NORTH,20241211-0100,124.48
IT-NORTH,20241211-0600,159.71
IT-NORTH,20241211-1700,223.8
IT-NORTH,20241211-1300,165.42
IT-NORTH,20241211-0700,191.09
IT-NORTH,20241211-1800,234.41
IT-NORTH,20241211-1200,164.41
IT-NORTH,20241211-0400,124.48
IT-NORTH,20241211-0800,220.84
IT-NORTH,20241211-1600,225.97
IT-NORTH,20241211-1500,189.51
LT,20241211-1400,109.19
LT,20241211-0000,58.46
LT,20241211-0900,109.19
LT,20241211-1900,94.52
LT,20241211-0500,86.06
LT,20241211-1000,109.19
LT,20241211-2200,84.08
LT,20241211-2000,84.98
LT,20241211-2100,76.55
LT,20241211-1100,109.19
LT,20241211-2300,49.48
LT,20241211-0200,49.67
LT,20241211-0300,64.04
LT,20241211-0100,57.36
LT,20241211-0600,109.19
LT,20241211-1700,106.18
LT,20241211-1300,108.52
LT,20241211-0700,109.19
LT,20241211-1800,103.73
LT,20241211-1200,109.19
LT,20241211-0400,65.96
LT,20241211-0800,109.19
LT,20241211-1600,109.19
LT,20241211-1500,109.19
PT,20241211-1400,174.59
PT,20241211-0000,103.73
PT,20241211-0900,180.37
PT,20241211-1900,191.09
PT,20241211-0500,103.73
PT,20241211-1000,172.57
PT,20241211-2200,159.86
PT,20241211-2000,250.0
PT,20241211-2100,174.73
PT,20241211-1100,161.96
PT,20241211-2300,113.91
PT,20241211-0200,92.81
PT,20241211-0300,93.92
PT,20241211-0100,94.66
PT,20241211-0600,153.41
PT,20241211-1700,223.8
PT,20241211-1300,165.11
PT,20241211-0700,191.09
PT,20241211-1800,234.41
PT,20241211-1200,164.41
PT,20241211-0400,100.62
PT,20241211-0800,220.84
PT,20241211-1600,225.97
PT,20241211-1500,183.98
NO2,20241211-1400,109.19
NO2,20241211-0000,93.21
NO2,20241211-0900,109.19
NO2,20241211-1900,109.19
NO2,20241211-0500,103.74
NO2,20241211-1000,109.19
NO2,20241211-2200,93.21
NO2,20241211-2000,107.16
NO2,20241211-2100,103.73
NO2,20241211-1100,109.19
NO2,20241211-2300,93.21
NO2,20241211-0200,93.21
NO2,20241211-0300,93.21
NO2,20241211-0100,93.21
NO2,20241211-0600,109.19
NO2,20241211-1700,109.19
NO2,20241211-1300,109.19
NO2,20241211-0700,109.19
NO2,20241211-1800,109.19
NO2,20241211-1200,109.19
NO2,20241211-0400,93.21
NO2,20241211-0800,109.19
NO2,20241211-1600,109.19
NO2,20241211-1500,109.19
LV,20241211-1400,109.19
LV,20241211-0000,58.46
LV,20241211-0900,109.19
LV,20241211-1900,94.52
LV,20241211-0500,86.06
LV,20241211-1000,109.19
LV,20241211-2200,84.08
LV,20241211-2000,84.98
LV,20241211-2100,76.55
LV,20241211-1100,109.19
LV,20241211-2300,49.48
LV,20241211-0200,49.67
LV,20241211-0300,64.04
LV,20241211-0100,57.36
LV,20241211-0600,109.19
LV,20241211-1700,106.18
LV,20241211-1300,108.52
LV,20241211-0700,109.19
LV,20241211-1800,103.73
LV,20241211-1200,109.19
LV,20241211-0400,65.96
LV,20241211-0800,109.19
LV,20241211-1600,109.19
LV,20241211-1500,109.19
NL,20241211-1400,103.73
NL,20241211-0000,103.23
NL,20241211-0900,103.73
NL,20241211-1900,103.73
NL,20241211-0500,103.23
NL,20241211-1000,103.73
NL,20241211-2200,103.23
NL,20241211-2000,103.73
NL,20241211-2100,103.73
NL,20241211-1100,103.73
NL,20241211-2300,103.23
NL,20241211-0200,103.23
NL,20241211-0300,103.23
NL,20241211-0100,103.23
NL,20241211-0600,103.73
NL,20241211-1700,103.73
NL,20241211-1300,103.73
NL,20241211-0700,103.73
NL,20241211-1800,103.73
NL,20241211-1200,103.73
NL,20241211-0400,103.23
NL,20241211-0800,103.73
NL,20241211-1600,103.73
NL,20241211-1500,103.73
NO5,20241211-1400,109.19
NO5,20241211-0000,93.13
NO5,20241211-0900,109.19
NO5,20241211-1900,109.19
NO5,20241211-0500,101.0
NO5,20241211-1000,109.19
NO5,20241211-2200,93.13
NO5,20241211-2000,103.66
NO5,20241211-2100,98.31
NO5,20241211-1100,109.19
NO5,20241211-2300,93.13
NO5,20241211-0200,93.13
NO5,20241211-0300,93.13
NO5,20241211-0100,93.13
NO5,20241211-0600,109.19
NO5,20241211-1700,109.19
NO5,20241211-1300,109.19
NO5,20241211-0700,109.19
NO5,20241211-1800,109.19
NO5,20241211-1200,109.19
NO5,20241211-0400,93.13
NO5,20241211-0800,109.19
NO5,20241211-1600,109.19
NO5,20241211-1500,109.19
BE,20241211-1400,133.41
BE,20241211-0000,93.13
BE,20241211-0900,173.3
BE,20241211-1900,127.66
BE,20241211-0500,103.73
BE,20241211-1000,193.39
BE,20241211-2200,103.73
BE,20241211-2000,115.18
BE,20241211-2100,109.24
BE,20241211-1100,180.64
BE,20241211-2300,103.73
BE,20241211-0200,93.13
BE,20241211-0300,100.47
BE,20241211-0100,93.13
BE,20241211-0600,109.19
BE,20241211-1700,157.52
BE,20241211-1300,130.95
BE,20241211-0700,134.48
BE,20241211-1800,147.41
BE,20241211-1200,185.58
BE,20241211-0400,100.47
BE,20241211-0800,203.16
BE,20241211-1600,163.49
BE,20241211-1500,139.22
RO,20241211-1400,188.46
RO,20241211-0000,102.55
RO,20241211-0900,293.43
RO,20241211-1900,197.81
RO,20241211-0500,139.37
RO,20241211-1000,250.0
RO,20241211-2200,103.73
RO,20241211-2000,179.58
RO,20241211-2100,124.48
RO,20241211-1100,250.0
RO,20241211-2300,103.73
RO,20241211-0200,102.55
RO,20241211-0300,103.4
RO,20241211-0100,102.55
RO,20241211-0600,186.38
RO,20241211-1700,329.48
RO,20241211-1300,180.12
RO,20241211-0700,307.78
RO,20241211-1800,270.33
RO,20241211-1200,188.92
RO,20241211-0400,103.73
RO,20241211-0800,289.44
RO,20241211-1600,335.16
RO,20241211-1500,264.85
DK2,20241211-1400,174.59
DK2,20241211-0000,103.73
DK2,20241211-0900,180.37
DK2,20241211-1900,151.6
DK2,20241211-0500,121.47
DK2,20241211-1000,172.57
DK2,20241211-2200,3000.0
DK2,20241211-2000,136.4
DK2,20241211-2100,114.74
DK2,20241211-1100,161.96
DK2,20241211-2300,103.73
DK2,20241211-0200,103.73
DK2,20241211-0300,103.73
DK2,20241211-0100,103.73
DK2,20241211-0600,250.0
DK2,20241211-1700,223.8
DK2,20241211-1300,165.11
DK2,20241211-0700,191.09
DK2,20241211-1800,201.09
DK2,20241211-1200,164.41
DK2,20241211-0400,103.73
DK2,20241211-0800,220.84
DK2,20241211-1600,3000.0
DK2,20241211-1500,183.98
BG,20241211-1400,188.46
BG,20241211-0000,102.55
BG,20241211-0900,293.43
BG,20241211-1900,197.81
BG,20241211-0500,139.37
BG,20241211-1000,250.0
BG,20241211-2200,103.73
BG,20241211-2000,179.58
BG,20241211-2100,124.48
BG,20241211-1100,250.0
BG,20241211-2300,103.73
BG,20241211-0200,102.55
BG,20241211-0300,103.4
BG,20241211-0100,102.55
BG,20241211-0600,186.38
BG,20241211-1700,329.48
BG,20241211-1300,180.12
BG,20241211-0700,307.78
BG,20241211-1800,270.33
BG,20241211-1200,188.92
BG,20241211-0400,103.73
BG,20241211-0800,289.44
BG,20241211-1600,335.16
BG,20241211-1500,264.85
IT-CSOUTH,20241211-1400,178.77
IT-CSOUTH,20241211-0000,124.48
IT-CSOUTH,20241211-0900,180.37
IT-CSOUTH,20241211-1900,197.81
IT-CSOUTH,20241211-0500,124.48
IT-CSOUTH,20241211-1000,172.57
IT-CSOUTH,20241211-2200,124.48
IT-CSOUTH,20241211-2000,136.4
IT-CSOUTH,20241211-2100,124.48
IT-CSOUTH,20241211-1100,161.96
IT-CSOUTH,20241211-2300,124.48
IT-CSOUTH,20241211-0200,124.48
IT-CSOUTH,20241211-0300,124.48
IT-CSOUTH,20241211-0100,124.48
IT-CSOUTH,20241211-0600,159.71
IT-CSOUTH,20241211-1700,329.48
IT-CSOUTH,20241211-1300,165.42
IT-CSOUTH,20241211-0700,191.09
IT-CSOUTH,20241211-1800,270.33
IT-CSOUTH,20241211-1200,164.41
IT-CSOUTH,20241211-0400,124.48
IT-CSOUTH,20241211-0800,188.37
IT-CSOUTH,20241211-1600,335.16
IT-CSOUTH,20241211-1500,257.52
CZ,20241211-1400,103.73
CZ,20241211-0000,91.88
CZ,20241211-0900,103.73
CZ,20241211-1900,102.55
CZ,20241211-0500,102.55
CZ,20241211-1000,103.73
CZ,20241211-2200,96.06
CZ,20241211-2000,102.55
CZ,20241211-2100,102.55
CZ,20241211-1100,103.73
CZ,20241211-2300,100.42
CZ,20241211-0200,91.88
CZ,20241211-0300,91.88
CZ,20241211-0100,91.88
CZ,20241211-0600,103.73
CZ,20241211-1700,103.73
CZ,20241211-1300,103.73
CZ,20241211-0700,103.73
CZ,20241211-1800,103.73
CZ,20241211-1200,103.73
CZ,20241211-0400,101.38
CZ,20241211-0800,103.73
CZ,20241211-1600,103.73
CZ,20241211-1500,103.73
NO3,20241211-1400,109.19
NO3,20241211-0000,93.13
NO3,20241211-0900,109.19
NO3,20241211-1900,109.19
NO3,20241211-0500,101.0
NO3,20241211-1000,109.19
NO3,20241211-2200,93.13
NO3,20241211-2000,103.66
NO3,20241211-2100,98.31
NO3,20241211-1100,109.19
NO3,20241211-2300,93.13
NO3,20241211-0200,93.13
NO3,20241211-0300,93.13
NO3,20241211-0100,93.13
NO3,20241211-0600,109.19
NO3,20241211-1700,109.19
NO3,20241211-1300,109.19
NO3,20241211-0700,109.19
NO3,20241211-1800,109.19
NO3,20241211-1200,109.19
NO3,20241211-0400,93.13
NO3,20241211-0800,109.19
NO3,20241211-1600,109.19
NO3,20241211-1500,109.19
NO1,20241211-1400,109.19
NO1,20241211-0000,103.48
NO1,20241211-0900,109.19
NO1,20241211-1900,109.19
NO1,20241211-0500,112.22
NO1,20241211-1000,109.19
NO1,20241211-2200,103.48
NO1,20241211-2000,103.66
NO1,20241211-2100,109.24
NO1,20241211-1100,109.19
NO1,20241211-2300,103.48
NO1,20241211-0200,93.13
NO1,20241211-0300,93.13
NO1,20241211-0100,103.48
NO1,20241211-0600,250.0
NO1,20241211-1700,109.19
NO1,20241211-1300,109.19
NO1,20241211-0700,109.19
NO1,20241211-1800,109.19
NO1,20241211-1200,132.9
NO1,20241211-0400,103.48
NO1,20241211-0800,109.19
NO1,20241211-1600,109.19
NO1,20241211-1500,109.19
DE_LU,20241211-1400,174.59
DE_LU,20241211-0000,103.73
DE_LU,20241211-0900,180.37
DE_LU,20241211-1900,151.6
DE_LU,20241211-0500,121.47
DE_LU,20241211-1000,172.57
DE_LU,20241211-2200,103.73
DE_LU,20241211-2000,136.4
DE_LU,20241211-2100,114.74
DE_LU,20241211-1100,161.96
DE_LU,20241211-2300,103.73
DE_LU,20241211-0200,103.73
DE_LU,20241211-0300,103.73
DE_LU,20241211-0100,103.73
DE_LU,20241211-0600,159.71
DE_LU,20241211-1700,223.8
DE_LU,20241211-1300,165.11
DE_LU,20241211-0700,191.09
DE_LU,20241211-1800,201.09
DE_LU,20241211-1200,164.41
DE_LU,20241211-0400,103.73
DE_LU,20241211-0800,220.84
DE_LU,20241211-1600,225.97
DE_LU,20241211-1500,183.98
SK,20241211-1400,136.61
SK,20241211-0000,93.13
SK,20241211-0900,114.56
SK,20241211-1900,109.19
SK,20241211-0500,109.19
SK,20241211-1000,134.46
SK,20241211-2200,103.48
SK,20241211-2000,109.19
SK,20241211-2100,109.19
SK,20241211-1100,132.45
SK,20241211-2300,103.48
SK,20241211-0200,93.13
SK,20241211-0300,103.48
SK,20241211-0100,93.13
SK,20241211-0600,131.72
SK,20241211-1700,157.52
SK,20241211-1300,130.95
SK,20241211-0700,147.41
SK,20241211-1800,118.43
SK,20241211-1200,132.9
SK,20241211-0400,103.48
SK,20241211-0800,150.22
SK,20241211-1600,163.49
SK,20241211-1500,143.62
EE,20241211-1400,109.19
EE,20241211-0000,58.46
EE,20241211-0900,109.19
EE,20241211-1900,89.62
EE,20241211-0500,86.06
EE,20241211-1000,109.19
EE,20241211-2200,84.08
EE,20241211-2000,84.98
EE,20241211-2100,76.55
EE,20241211-1100,109.19
EE,20241211-2300,49.48
EE,20241211-0200,49.67
EE,20241211-0300,64.04
EE,20241211-0100,57.36
EE,20241211-0600,109.19
EE,20241211-1700,106.18
EE,20241211-1300,108.52
EE,20241211-0700,109.19
EE,20241211-1800,103.73
EE,20241211-1200,109.19
EE,20241211-0400,65.96
EE,20241211-0800,109.19
EE,20241211-1600,109.19
EE,20241211-1500,109.19
SE4,20241211-1400,109.19
SE4,20241211-0000,58.46
SE4,20241211-0900,109.19
SE4,20241211-1900,94.52
SE4,20241211-0500,86.06
SE4,20241211-1000,109.19
SE4,20241211-2200,109.19
SE4,20241211-2000,84.98
SE4,20241211-2100,76.55
SE4,20241211-1100,109.19
SE4,20241211-2300,49.48
SE4,20241211-0200,49.67
SE4,20241211-0300,64.04
SE4,20241211-0100,57.36
SE4,20241211-0600,109.19
SE4,20241211-1700,109.19
SE4,20241211-1300,108.52
SE4,20241211-0700,109.19
SE4,20241211-1800,109.19
SE4,20241211-1200,109.19
SE4,20241211-0400,65.96
SE4,20241211-0800,109.19
SE4,20241211-1600,109.19
SE4,20241211-1500,109.19
SI,20250101-1500,132.34
SI,20250101-0000,102.13
SI,20250101-1100,76.09
SI,20250101-1300,108.67
SI,20250101-0400,105.22
SI,20250101-0100,95.47
SI,20250101-1900,114.55
SI,20250101-1400,132.34
SI,20250101-1000,70.76
SI,20250101-1700,132.34
SI,20250101-2200,105.13
SI,20250101-1800,132.34
SI,20250101-1600,132.34
SI,20250101-0900,76.09
SI,20250101-0500,108.69
SI,20250101-2000,114.55
SI,20250101-0200,91.65
SI,20250101-1200,76.09
SI,20250101-0700,107.48
SI,20250101-2300,105.22
SI,20250101-2100,114.55
SI,20250101-0300,90.16
SI,20250101-0800,105.22
SI,20250101-0600,110.28
ES,20250101-1500,34.62
ES,20250101-0000,110.28
ES,20250101-1100,14.47
ES,20250101-1300,15.05
ES,20250101-0400,76.09
ES,20250101-0100,154.62
ES,20250101-1900,151.63
ES,20250101-1400,15.99
ES,20250101-1000,14.37
ES,20250101-1700,110.28
ES,20250101-2200,163.58
ES,20250101-1800,110.28
ES,20250101-1600,110.28
ES,20250101-0900,31.35
ES,20250101-0500,76.09
ES,20250101-2000,166.01
ES,20250101-0200,76.09
ES,20250101-1200,14.49
ES,20250101-0700,76.09
ES,20250101-2300,110.28
ES,20250101-2100,153.12
ES,20250101-0300,130.82
ES,20250101-0800,35.31
ES,20250101-0600,76.09
GR,20250101-1500,110.28
GR,20250101-0000,110.28
GR,20250101-1100,70.76
GR,20250101-1300,105.22
GR,20250101-0400,105.22
GR,20250101-0100,105.85
GR,20250101-1900,110.28
GR,20250101-1400,110.28
GR,20250101-1000,70.76
GR,20250101-1700,110.28
GR,20250101-2200,110.28
GR,20250101-1800,110.28
GR,20250101-1600,110.28
GR,20250101-0900,70.76
GR,20250101-0500,110.28
GR,20250101-2000,110.28
GR,20250101-0200,105.22
GR,20250101-1200,76.09
GR,20250101-0700,76.09
GR,20250101-2300,110.28
GR,20250101-2100,110.28
GR,20250101-0300,105.22
GR,20250101-0800,76.09
GR,20250101-0600,110.28
IT-CNORTH,20250101-1500,132.34
IT-CNORTH,20250101-0000,132.34
IT-CNORTH,20250101-1100,124.82
IT-CNORTH,20250101-1300,125.38
IT-CNORTH,20250101-0400,132.34
IT-CNORTH,20250101-0100,132.34
IT-CNORTH,20250101-1900,132.34
IT-CNORTH,20250101-1400,132.34
IT-CNORTH,20250101-1000,124.82
IT-CNORTH,20250101-1700,132.34
IT-CNORTH,20250101-2200,132.34
IT-CNORTH,20250101-1800,132.34
IT-CNORTH,20250101-1600,132.34
IT-CNORTH,20250101-0900,127.87
IT-CNORTH,20250101-0500,132.34
IT-CNORTH,20250101-2000,132.34
IT-CNORTH,20250101-0200,132.34
IT-CNORTH,20250101-1200,124.82
IT-CNORTH,20250101-0700,132.34
IT-CNORTH,20250101-2300,132.34
IT-CNORTH,20250101-2100,132.34
IT-CNORTH,20250101-0300,132.34
IT-CNORTH,20250101-0800,132.34
IT-CNORTH,20250101-0600,132.34
HU,20250101-1500,110.28
HU,20250101-0000,110.28
HU,20250101-1100,70.76
HU,20250101-1300,105.22
HU,20250101-0400,105.22
HU,20250101-0100,105.85
HU,20250101-1900,110.28
HU,20250101-1400,105.22
HU,20250101-1000,70.76
HU,20250101-1700,110.28
HU,20250101-2200,105.22
HU,20250101-1800,110.28
HU,20250101-1600,110.28
HU,20250101-0900,70.76
HU,20250101-0500,105.22
HU,20250101-2000,110.28
HU,20250101-0200,105.22
HU,20250101-1200,76.09
HU,20250101-0700,76.09
HU,20250101-2300,105.22
HU,20250101-2100,110.28
HU,20250101-0300,105.22
HU,20250101-0800,76.09
HU,20250101-0600,103.08
IT-SOUTH,20250101-1500,132.34
IT-SOUTH,20250101-0000,132.34
IT-SOUTH,20250101-1100,124.82
IT-SOUTH,20250101-1300,125.38
IT-SOUTH,20250101-0400,132.34
IT-SOUTH,20250101-0100,132.34
IT-SOUTH,20250101-1900,132.34
IT-SOUTH,20250101-1400,132.34
IT-SOUTH,20250101-1000,124.82
IT-SOUTH,20250101-1700,132.34
IT-SOUTH,20250101-2200,132.34
IT-SOUTH,20250101-1800,132.34
IT-SOUTH,20250101-1600,132.34
IT-SOUTH,20250101-0900,127.87
IT-SOUTH,20250101-0500,132.34
IT-SOUTH,20250101-2000,132.34
IT-SOUTH,20250101-0200,132.34
IT-SOUTH,20250101-1200,124.82
IT-SOUTH,20250101-0700,132.34
IT-SOUTH,20250101-2300,132.34
IT-SOUTH,20250101-2100,132.34
IT-SOUTH,20250101-0300,132.34
IT-SOUTH,20250101-0800,132.34
IT-SOUTH,20250101-0600,132.34
IT-Sicily,20250101-1500,132.34
IT-Sicily,20250101-0000,132.34
IT-Sicily,20250101-1100,124.82
IT-Sicily,20250101-1300,125.38
IT-Sicily,20250101-0400,132.34
IT-Sicily,20250101-0100,132.34
IT-Sicily,20250101-1900,132.34
IT-Sicily,20250101-1400,132.34
IT-Sicily,20250101-1000,124.82
IT-Sicily,20250101-1700,132.34
IT-Sicily,20250101-2200,132.34
IT-Sicily,20250101-1800,132.34
IT-Sicily,20250101-1600,132.34
IT-Sicily,20250101-0900,127.87
IT-Sicily,20250101-0500,132.34
IT-Sicily,20250101-2000,132.34
IT-Sicily,20250101-0200,132.34
IT-Sicily,20250101-1200,124.82
IT-Sicily,20250101-0700,132.34
IT-Sicily,20250101-2300,132.34
IT-Sicily,20250101-2100,132.34
IT-Sicily,20250101-0300,132.34
IT-Sicily,20250101-0800,132.34
IT-Sicily,20250101-0600,132.34
IT-Sardinia,20250101-1500,132.34
IT-Sardinia,20250101-0000,124.82
IT-Sardinia,20250101-1100,123.97
IT-Sardinia,20250101-1300,123.97
IT-Sardinia,20250101-0400,124.82
IT-Sardinia,20250101-0100,124.82
IT-Sardinia,20250101-1900,132.34
IT-Sardinia,20250101-1400,124.82
IT-Sardinia,20250101-1000,112.57
IT-Sardinia,20250101-1700,132.34
IT-Sardinia,20250101-2200,132.34
IT-Sardinia,20250101-1800,132.34
IT-Sardinia,20250101-1600,132.34
IT-Sardinia,20250101-0900,123.97
IT-Sardinia,20250101-0500,132.34
IT-Sardinia,20250101-2000,132.34
IT-Sardinia,20250101-0200,124.82
IT-Sardinia,20250101-1200,123.97
IT-Sardinia,20250101-0700,132.34
IT-Sardinia,20250101-2300,132.34
IT-Sardinia,20250101-2100,132.34
IT-Sardinia,20250101-0300,124.82
IT-Sardinia,20250101-0800,124.82
IT-Sardinia,20250101-0600,132.34
RS,20250101-1500,110.28
RS,20250101-0000,110.28
RS,20250101-1100,70.76
RS,20250101-1300,105.22
RS,20250101-0400,105.22
RS,20250101-0100,105.85
RS,20250101-1900,110.28
RS,20250101-1400,105.22
RS,20250101-1000,70.76
RS,20250101-1700,110.28
RS,20250101-2200,105.22
RS,20250101-1800,110.28
RS,20250101-1600,110.28
RS,20250101-0900,70.76
RS,20250101-0500,105.22
RS,20250101-2000,110.28
RS,20250101-0200,105.22
RS,20250101-1200,76.09
RS,20250101-0700,76.09
RS,20250101-2300,105.22
RS,20250101-2100,110.28
RS,20250101-0300,105.22
RS,20250101-0800,76.09
RS,20250101-0600,103.08
DK1,20250101-1500,4.94
DK1,20250101-0000,1.0
DK1,20250101-1100,1.0
DK1,20250101-1300,1.0
DK1,20250101-0400,1.0
DK1,20250101-0100,1.0
DK1,20250101-1900,8.41
DK1,20250101-1400,1.0
DK1,20250101-1000,1.0
DK1,20250101-1700,23.75
DK1,20250101-2200,57.0
DK1,20250101-1800,8.41
DK1,20250101-1600,8.41
DK1,20250101-0900,1.0
DK1,20250101-0500,1.0
DK1,20250101-2000,8.41
DK1,20250101-0200,1.0
DK1,20250101-1200,1.0
DK1,20250101-0700,1.0
DK1,20250101-2300,6.6
DK1,20250101-2100,57.0
DK1,20250101-0300,1.0
DK1,20250101-0800,1.0
DK1,20250101-0600,1.0
CH,20250101-1500,74.17
CH,20250101-0000,104.61
CH,20250101-1100,19.82
CH,20250101-1300,19.99
CH,20250101-0400,250.0
CH,20250101-0100,3000.0
CH,20250101-1900,86.47
CH,20250101-1400,20.55
CH,20250101-1000,19.71
CH,20250101-1700,86.03
CH,20250101-2200,3000.0
CH,20250101-1800,83.93
CH,20250101-1600,87.6
CH,20250101-0900,31.35
CH,20250101-0500,40.03
CH,20250101-2000,3000.0
CH,20250101-0200,250.0
CH,20250101-1200,19.87
CH,20250101-0700,40.01
CH,20250101-2300,96.04
CH,20250101-2100,3000.0
CH,20250101-0300,3000.0
CH,20250101-0800,35.31
CH,20250101-0600,40.31
SE1,20250101-1500,30.34
SE1,20250101-0000,26.37
SE1,20250101-1100,37.66
SE1,20250101-1300,32.44
SE1,20250101-0400,27.47
SE1,20250101-0100,28.8
SE1,20250101-1900,1.0
SE1,20250101-1400,30.34
SE1,20250101-1000,40.58
SE1,20250101-1700,1.0
SE1,20250101-2200,1.0
SE1,20250101-1800,1.0
SE1,20250101-1600,30.34
SE1,20250101-0900,38.96
SE1,20250101-0500,30.42
SE1,20250101-2000,1.0
SE1,20250101-0200,30.65
SE1,20250101-1200,35.06
SE1,20250101-0700,30.4
SE1,20250101-2300,43.49
SE1,20250101-2100,1.0
SE1,20250101-0300,29.95
SE1,20250101-0800,34.72
SE1,20250101-0600,29.26
NO4,20250101-1500,37.62
NO4,20250101-0000,28.96
NO4,20250101-1100,34.62
NO4,20250101-1300,40.48
NO4,20250101-0400,29.27
NO4,20250101-0100,26.17
NO4,20250101-1900,43.5
NO4,20250101-1400,41.52
NO4,20250101-1000,29.76
NO4,20250101-1700,44.36
NO4,20250101-2200,42.86
NO4,20250101-1800,44.69
NO4,20250101-1600,43.23
NO4,20250101-0900,28.57
NO4,20250101-0500,27.83
NO4,20250101-2000,42.4
NO4,20250101-0200,25.72
NO4,20250101-1200,36.39
NO4,20250101-0700,27.83
NO4,20250101-2300,38.46
NO4,20250101-2100,42.49
NO4,20250101-0300,24.38
NO4,20250101-0800,29.15
NO4,20250101-0600,28.36
SE3,20250101-1500,2.0
SE3,20250101-0000,1.0
SE3,20250101-1100,2.0
SE3,20250101-1300,2.0
SE3,20250101-0400,1.0
SE3,20250101-0100,1.0
SE3,20250101-1900,4.94
SE3,20250101-1400,2.0
SE3,20250101-1000,2.0
SE3,20250101-1700,23.75
SE3,20250101-2200,51.3
SE3,20250101-1800,5.0
SE3,20250101-1600,5.0
SE3,20250101-0900,2.0
SE3,20250101-0500,1.0
SE3,20250101-2000,4.94
SE3,20250101-0200,1.0
SE3,20250101-1200,2.0
SE3,20250101-0700,1.0
SE3,20250101-2300,2.85
SE3,20250101-2100,47.02
SE3,20250101-0300,1.0
SE3,20250101-0800,1.0
SE3,20250101-0600,1.0
FR,20250101-1500,34.62
FR,20250101-0000,84.02
FR,20250101-1100,14.47
FR,20250101-1300,15.05
FR,20250101-0400,61.19
FR,20250101-0100,192.52
FR,20250101-1900,68.27
FR,20250101-1400,15.99
FR,20250101-1000,14.37
FR,20250101-1700,59.71
FR,20250101-2200,163.58
FR,20250101-1800,59.21
FR,20250101-1600,47.47
FR,20250101-0900,31.35
FR,20250101-0500,40.03
FR,20250101-2000,159.59
FR,20250101-0200,60.27
FR,20250101-1200,14.49
FR,20250101-0700,40.01
FR,20250101-2300,62.71
FR,20250101-2100,153.12
FR,20250101-0300,132.34
FR,20250101-0800,35.31
FR,20250101-0600,40.31
FI,20250101-1500,110.28
FI,20250101-0000,39.66
FI,20250101-1100,76.09
FI,20250101-1300,109.3
FI,20250101-0400,57.0
FI,20250101-0100,39.66
FI,20250101-1900,110.28
FI,20250101-1400,110.28
FI,20250101-1000,76.09
FI,20250101-1700,140.01
FI,20250101-2200,167.11
FI,20250101-1800,130.77
FI,20250101-1600,110.28
FI,20250101-0900,76.09
FI,20250101-0500,63.93
FI,20250101-2000,146.73
FI,20250101-0200,39.66
FI,20250101-1200,108.39
FI,20250101-0700,75.34
FI,20250101-2300,154.74
FI,20250101-2100,146.73
FI,20250101-0300,39.66
FI,20250101-0800,75.34
FI,20250101-0600,75.34
PL,20250101-1500,93.81
PL,20250101-0000,93.81
PL,20250101-1100,58.75
PL,20250101-1300,64.73
PL,20250101-0400,58.75
PL,20250101-0100,58.75
PL,20250101-1900,93.81
PL,20250101-1400,93.81
PL,20250101-1000,4.94
PL,20250101-1700,93.81
PL,20250101-2200,58.75
PL,20250101-1800,93.81
PL,20250101-1600,93.81
PL,20250101-0900,4.94
PL,20250101-0500,58.75
PL,20250101-2000,93.81
PL,20250101-0200,58.75
PL,20250101-1200,58.75
PL,20250101-0700,58.75
PL,20250101-2300,58.75
PL,20250101-2100,93.81
PL,20250101-0300,58.75
PL,20250101-0800,30.0
PL,20250101-0600,58.75
IT-Calabria,20250101-1500,132.34
IT-Calabria,20250101-0000,132.34
IT-Calabria,20250101-1100,124.82
IT-Calabria,20250101-1300,125.38
IT-Calabria,20250101-0400,132.34
IT-Calabria,20250101-0100,132.34
IT-Calabria,20250101-1900,132.34
IT-Calabria,20250101-1400,132.34
IT-Calabria,20250101-1000,124.82
IT-Calabria,20250101-1700,132.34
IT-Calabria,20250101-2200,132.34
IT-Calabria,20250101-1800,132.34
IT-Calabria,20250101-1600,132.34
IT-Calabria,20250101-0900,127.87
IT-Calabria,20250101-0500,132.34
IT-Calabria,20250101-2000,132.34
IT-Calabria,20250101-0200,132.34
IT-Calabria,20250101-1200,124.82
IT-Calabria,20250101-0700,132.34
IT-Calabria,20250101-2300,132.34
IT-Calabria,20250101-2100,132.34
IT-Calabria,20250101-0300,132.34
IT-Calabria,20250101-0800,132.34
IT-Calabria,20250101-0600,132.34
AT,20250101-1500,74.17
AT,20250101-0000,104.61
AT,20250101-1100,61.6
AT,20250101-1300,69.25
AT,20250101-0400,116.09
AT,20250101-0100,116.09
AT,20250101-1900,86.47
AT,20250101-1400,76.65
AT,20250101-1000,60.19
AT,20250101-1700,86.03
AT,20250101-2200,116.09
AT,20250101-1800,83.93
AT,20250101-1600,87.6
AT,20250101-0900,71.07
AT,20250101-0500,87.16
AT,20250101-2000,116.09
AT,20250101-0200,116.09
AT,20250101-1200,61.92
AT,20250101-0700,81.38
AT,20250101-2300,96.04
AT,20250101-2100,116.09
AT,20250101-0300,116.09
AT,20250101-0800,79.2
AT,20250101-0600,83.58
SE2,20250101-1500,30.34
SE2,20250101-0000,26.37
SE2,20250101-1100,37.66
SE2,20250101-1300,32.44
SE2,20250101-0400,27.47
SE2,20250101-0100,28.8
SE2,20250101-1900,1.0
SE2,20250101-1400,30.34
SE2,20250101-1000,40.58
SE2,20250101-1700,1.0
SE2,20250101-2200,1.0
SE2,20250101-1800,1.0
SE2,20250101-1600,30.34
SE2,20250101-0900,43.08
SE2,20250101-0500,30.42
SE2,20250101-2000,1.0
SE2,20250101-0200,30.65
SE2,20250101-1200,35.06
SE2,20250101-0700,30.4
SE2,20250101-2300,1.0
SE2,20250101-2100,1.0
SE2,20250101-0300,29.95
SE2,20250101-0800,45.49
SE2,20250101-0600,29.26
IT-NORTH,20250101-1500,132.34
IT-NORTH,20250101-0000,114.43
IT-NORTH,20250101-1100,124.82
IT-NORTH,20250101-1300,125.38
IT-NORTH,20250101-0400,107.94
IT-NORTH,20250101-0100,132.34
IT-NORTH,20250101-1900,132.34
IT-NORTH,20250101-1400,132.34
IT-NORTH,20250101-1000,124.82
IT-NORTH,20250101-1700,132.34
IT-NORTH,20250101-2200,132.34
IT-NORTH,20250101-1800,132.34
IT-NORTH,20250101-1600,132.34
IT-NORTH,20250101-0900,127.87
IT-NORTH,20250101-0500,125.4
IT-NORTH,20250101-2000,132.34
IT-NORTH,20250101-0200,100.83
IT-NORTH,20250101-1200,124.82
IT-NORTH,20250101-0700,132.34
IT-NORTH,20250101-2300,124.82
IT-NORTH,20250101-2100,132.34
IT-NORTH,20250101-0300,132.34
IT-NORTH,20250101-0800,132.34
IT-NORTH,20250101-0600,132.34
LT,20250101-1500,8.41
LT,20250101-0000,5.8
LT,20250101-1100,5.57
LT,20250101-1300,6.06
LT,20250101-0400,5.57
LT,20250101-0100,5.57
LT,20250101-1900,8.41
LT,20250101-1400,8.41
LT,20250101-1000,1.22
LT,20250101-1700,8.41
LT,20250101-2200,3.97
LT,20250101-1800,8.41
LT,20250101-1600,8.41
LT,20250101-0900,1.22
LT,20250101-0500,5.57
LT,20250101-2000,8.41
LT,20250101-0200,5.57
LT,20250101-1200,5.57
LT,20250101-0700,5.57
LT,20250101-2300,6.6
LT,20250101-2100,8.41
LT,20250101-0300,5.57
LT,20250101-0800,3.25
LT,20250101-0600,5.57
PT,20250101-1500,34.62
PT,20250101-0000,110.28
PT,20250101-1100,14.47
PT,20250101-1300,15.05
PT,20250101-0400,76.09
PT,20250101-0100,154.62
PT,20250101-1900,151.63
PT,20250101-1400,15.99
PT,20250101-1000,14.37
PT,20250101-1700,110.28
PT,20250101-2200,163.58
PT,20250101-1800,110.28
PT,20250101-1600,110.28
PT,20250101-0900,31.35
PT,20250101-0500,76.09
PT,20250101-2000,166.01
PT,20250101-0200,76.09
PT,20250101-1200,14.49
PT,20250101-0700,76.09
PT,20250101-2300,110.28
PT,20250101-2100,153.12
PT,20250101-0300,130.82
PT,20250101-0800,35.31
PT,20250101-0600,76.09
NO2,20250101-1500,29.56
NO2,20250101-0000,18.73
NO2,20250101-1100,29.56
NO2,20250101-1300,29.56
NO2,20250101-0400,10.24
NO2,20250101-0100,18.19
NO2,20250101-1900,31.89
NO2,20250101-1400,29.56
NO2,20250101-1000,29.56
NO2,20250101-1700,46.16
NO2,20250101-2200,62.67
NO2,20250101-1800,35.08
NO2,20250101-1600,31.89
NO2,20250101-0900,29.56
NO2,20250101-0500,18.73
NO2,20250101-2000,31.89
NO2,20250101-0200,12.58
NO2,20250101-1200,29.56
NO2,20250101-0700,29.56
NO2,20250101-2300,30.65
NO2,20250101-2100,59.86
NO2,20250101-0300,12.4
NO2,20250101-0800,29.56
NO2,20250101-0600,24.09
LV,20250101-1500,110.28
LV,20250101-0000,39.66
LV,20250101-1100,76.09
LV,20250101-1300,109.3
LV,20250101-0400,57.0
LV,20250101-0100,39.66
LV,20250101-1900,110.28
LV,20250101-1400,110.28
LV,20250101-1000,76.09
LV,20250101-1700,110.28
LV,20250101-2200,3.97
LV,20250101-1800,110.28
LV,20250101-1600,110.28
LV,20250101-0900,76.09
LV,20250101-0500,63.93
LV,20250101-2000,76.09
LV,20250101-0200,39.66
LV,20250101-1200,108.39
LV,20250101-0700,75.34
LV,20250101-2300,76.09
LV,20250101-2100,76.09
LV,20250101-0300,39.66
LV,20250101-0800,75.34
LV,20250101-0600,75.34
NL,20250101-1500,93.81
NL,20250101-0000,58.75
NL,20250101-1100,93.81
NL,20250101-1300,93.81
NL,20250101-0400,10.24
NL,20250101-0100,57.0
NL,20250101-1900,93.81
NL,20250101-1400,93.81
NL,20250101-1000,93.81
NL,20250101-1700,104.02
NL,20250101-2200,93.81
NL,20250101-1800,104.02
NL,20250101-1600,93.81
NL,20250101-0900,93.81
NL,20250101-0500,58.75
NL,20250101-2000,93.81
NL,20250101-0200,12.58
NL,20250101-1200,93.81
NL,20250101-0700,93.81
NL,20250101-2300,93.81
NL,20250101-2100,93.81
NL,20250101-0300,12.5
NL,20250101-0800,93.81
NL,20250101-0600,76.09
NO5,20250101-1500,42.66
NO5,20250101-0000,26.89
NO5,20250101-1100,42.66
NO5,20250101-1300,42.66
NO5,20250101-0400,14.51
NO5,20250101-0100,26.1
NO5,20250101-1900,44.44
NO5,20250101-1400,42.66
NO5,20250101-1000,42.66
NO5,20250101-1700,57.5
NO5,20250101-2200,67.86
NO5,20250101-1800,49.06
NO5,20250101-1600,44.44
NO5,20250101-0900,42.66
NO5,20250101-0500,26.89
NO5,20250101-2000,44.44
NO5,20250101-0200,17.92
NO5,20250101-1200,42.66
NO5,20250101-0700,42.66
NO5,20250101-2300,43.5
NO5,20250101-2100,65.73
NO5,20250101-0300,17.66
NO5,20250101-0800,42.66
NO5,20250101-0600,34.69
BE,20250101-1500,42.66
BE,20250101-0000,23.75
BE,20250101-1100,23.75
BE,20250101-1300,16.04
BE,20250101-0400,14.51
BE,20250101-0100,26.1
BE,20250101-1900,44.44
BE,20250101-1400,42.66
BE,20250101-1000,16.06
BE,20250101-1700,57.0
BE,20250101-2200,67.86
BE,20250101-1800,49.06
BE,20250101-1600,44.44
BE,20250101-0900,16.01
BE,20250101-0500,16.0
BE,20250101-2000,44.44
BE,20250101-0200,17.92
BE,20250101-1200,16.06
BE,20250101-0700,12.52
BE,20250101-2300,43.5
BE,20250101-2100,65.73
BE,20250101-0300,16.0
BE,20250101-0800,12.51
BE,20250101-0600,16.01
RO,20250101-1500,110.28
RO,20250101-0000,110.28
RO,20250101-1100,70.76
RO,20250101-1300,105.22
RO,20250101-0400,105.22
RO,20250101-0100,105.85
RO,20250101-1900,110.28
RO,20250101-1400,105.22
RO,20250101-1000,70.76
RO,20250101-1700,110.28
RO,20250101-2200,105.22
RO,20250101-1800,110.28
RO,20250101-1600,110.28
RO,20250101-0900,70.76
RO,20250101-0500,105.22
RO,20250101-2000,110.28
RO,20250101-0200,105.22
RO,20250101-1200,76.09
RO,20250101-0700,76.09
RO,20250101-2300,105.22
RO,20250101-2100,110.28
RO,20250101-0300,105.22
RO,20250101-0800,76.09
RO,20250101-0600,103.08
DK2,20250101-1500,8.41
DK2,20250101-0000,5.8
DK2,20250101-1100,1.0
DK2,20250101-1300,6.06
DK2,20250101-0400,1.0
DK2,20250101-0100,5.57
DK2,20250101-1900,8.41
DK2,20250101-1400,3.0
DK2,20250101-1000,1.0
DK2,20250101-1700,8.41
DK2,20250101-2200,5.57
DK2,20250101-1800,8.41
DK2,20250101-1600,8.41
DK2,20250101-0900,1.22
DK2,20250101-0500,5.57
DK2,20250101-2000,8.41
DK2,20250101-0200,3.0
DK2,20250101-1200,1.0
DK2,20250101-0700,5.57
DK2,20250101-2300,6.6
DK2,20250101-2100,8.41
DK2,20250101-0300,3.0
DK2,20250101-0800,3.25
DK2,20250101-0600,5.57
BG,20250101-1500,110.28
BG,20250101-0000,110.28
BG,20250101-1100,70.76
BG,20250101-1300,105.22
BG,20250101-0400,105.22
BG,20250101-0100,105.85
BG,20250101-1900,110.28
BG,20250101-1400,105.22
BG,20250101-1000,70.76
BG,20250101-1700,110.28
BG,20250101-2200,105.22
BG,20250101-1800,110.28
BG,20250101-1600,110.28
BG,20250101-0900,70.76
BG,20250101-0500,105.22
BG,20250101-2000,110.28
BG,20250101-0200,105.22
BG,20250101-1200,76.09
BG,20250101-0700,76.09
BG,20250101-2300,105.22
BG,20250101-2100,110.28
BG,20250101-0300,105.22
BG,20250101-0800,76.09
BG,20250101-0600,103.08
IT-CSOUTH,20250101-1500,132.34
IT-CSOUTH,20250101-0000,132.34
IT-CSOUTH,20250101-1100,124.82
IT-CSOUTH,20250101-1300,125.38
IT-CSOUTH,20250101-0400,132.34
IT-CSOUTH,20250101-0100,132.34
IT-CSOUTH,20250101-1900,132.34
IT-CSOUTH,20250101-1400,132.34
IT-CSOUTH,20250101-1000,124.82
IT-CSOUTH,20250101-1700,132.34
IT-CSOUTH,20250101-2200,132.34
IT-CSOUTH,20250101-1800,132.34
IT-CSOUTH,20250101-1600,132.34
IT-CSOUTH,20250101-0900,127.87
IT-CSOUTH,20250101-0500,132.34
IT-CSOUTH,20250101-2000,132.34
IT-CSOUTH,20250101-0200,132.34
IT-CSOUTH,20250101-1200,124.82
IT-CSOUTH,20250101-0700,132.34
IT-CSOUTH,20250101-2300,132.34
IT-CSOUTH,20250101-2100,132.34
IT-CSOUTH,20250101-0300,132.34
IT-CSOUTH,20250101-0800,132.34
IT-CSOUTH,20250101-0600,132.34
CZ,20250101-1500,70.76
CZ,20250101-0000,16.0
CZ,20250101-1100,12.5
CZ,20250101-1300,16.09
CZ,20250101-0400,16.0
CZ,20250101-0100,12.5
CZ,20250101-1900,70.76
CZ,20250101-1400,67.22
CZ,20250101-1000,12.52
CZ,20250101-1700,70.76
CZ,20250101-2200,16.0
CZ,20250101-1800,70.76
CZ,20250101-1600,70.76
CZ,20250101-0900,57.0
CZ,20250101-0500,12.5
CZ,20250101-2000,66.5
CZ,20250101-0200,12.5
CZ,20250101-1200,16.01
CZ,20250101-0700,16.24
CZ,20250101-2300,16.06
CZ,20250101-2100,57.0
CZ,20250101-0300,12.5
CZ,20250101-0800,57.0
CZ,20250101-0600,57.0
NO3,20250101-1500,42.66
NO3,20250101-0000,26.89
NO3,20250101-1100,42.66
NO3,20250101-1300,42.66
NO3,20250101-0400,14.51
NO3,20250101-0100,26.1
NO3,20250101-1900,44.44
NO3,20250101-1400,47.4
NO3,20250101-1000,42.66
NO3,20250101-1700,57.5
NO3,20250101-2200,67.86
NO3,20250101-1800,49.06
NO3,20250101-1600,44.44
NO3,20250101-0900,42.66
NO3,20250101-0500,26.89
NO3,20250101-2000,44.44
NO3,20250101-0200,17.92
NO3,20250101-1200,42.66
NO3,20250101-0700,42.66
NO3,20250101-2300,43.5
NO3,20250101-2100,65.73
NO3,20250101-0300,17.66
NO3,20250101-0800,42.66
NO3,20250101-0600,34.69
NO1,20250101-1500,47.4
NO1,20250101-0000,29.88
NO1,20250101-1100,47.4
NO1,20250101-1300,47.4
NO1,20250101-0400,16.12
NO1,20250101-0100,29.0
NO1,20250101-1900,49.38
NO1,20250101-1400,47.4
NO1,20250101-1000,47.4
NO1,20250101-1700,63.88
NO1,20250101-2200,75.4
NO1,20250101-1800,54.51
NO1,20250101-1600,49.38
NO1,20250101-0900,47.4
NO1,20250101-0500,29.88
NO1,20250101-2000,49.38
NO1,20250101-0200,19.91
NO1,20250101-1200,47.4
NO1,20250101-0700,47.4
NO1,20250101-2300,48.33
NO1,20250101-2100,73.03
NO1,20250101-0300,19.62
NO1,20250101-0800,47.4
NO1,20250101-0600,38.54
DE_LU,20250101-1500,4.94
DE_LU,20250101-0000,1.0
DE_LU,20250101-1100,1.0
DE_LU,20250101-1300,1.0
DE_LU,20250101-0400,1.0
DE_LU,20250101-0100,1.0
DE_LU,20250101-1900,8.41
DE_LU,20250101-1400,1.0
DE_LU,20250101-1000,1.0
DE_LU,20250101-1700,23.75
DE_LU,20250101-2200,57.0
DE_LU,20250101-1800,8.41
DE_LU,20250101-1600,8.41
DE_LU,20250101-0900,1.0
DE_LU,20250101-0500,1.0
DE_LU,20250101-2000,8.41
DE_LU,20250101-0200,1.0
DE_LU,20250101-1200,1.0
DE_LU,20250101-0700,1.0
DE_LU,20250101-2300,4.94
DE_LU,20250101-2100,57.0
DE_LU,20250101-0300,1.0
DE_LU,20250101-0800,1.0
DE_LU,20250101-0600,1.0
SK,20250101-1500,47.4
SK,20250101-0000,29.88
SK,20250101-1100,47.4
SK,20250101-1300,42.66
SK,20250101-0400,14.51
SK,20250101-0100,29.0
SK,20250101-1900,49.38
SK,20250101-1400,47.4
SK,20250101-1000,47.4
SK,20250101-1700,63.88
SK,20250101-2200,67.86
SK,20250101-1800,54.51
SK,20250101-1600,49.38
SK,20250101-0900,47.4
SK,20250101-0500,26.89
SK,20250101-2000,49.38
SK,20250101-0200,19.91
SK,20250101-1200,47.4
SK,20250101-0700,42.66
SK,20250101-2300,48.33
SK,20250101-2100,65.73
SK,20250101-0300,17.66
SK,20250101-0800,42.66
SK,20250101-0600,38.54
EE,20250101-1500,110.28
EE,20250101-0000,39.66
EE,20250101-1100,76.09
EE,20250101-1300,109.3
EE,20250101-0400,57.0
EE,20250101-0100,39.66
EE,20250101-1900,110.28
EE,20250101-1400,110.28
EE,20250101-1000,76.09
EE,20250101-1700,110.28
EE,20250101-2200,3.97
EE,20250101-1800,110.28
EE,20250101-1600,110.28
EE,20250101-0900,76.09
EE,20250101-0500,63.93
EE,20250101-2000,76.09
EE,20250101-0200,39.66
EE,20250101-1200,108.39
EE,20250101-0700,75.34
EE,20250101-2300,76.09
EE,20250101-2100,76.09
EE,20250101-0300,39.66
EE,20250101-0800,75.34
EE,20250101-0600,75.34
SE4,20250101-1500,8.41
SE4,20250101-0000,5.8
SE4,20250101-1100,5.57
SE4,20250101-1300,6.06
SE4,20250101-0400,5.57
SE4,20250101-0100,5.57
SE4,20250101-1900,8.41
SE4,20250101-1400,8.41
SE4,20250101-1000,1.22
SE4,20250101-1700,8.41
SE4,20250101-2200,5.57
SE4,20250101-1800,8.41
SE4,20250101-1600,8.41
SE4,20250101-0900,1.22
SE4,20250101-0500,5.57
SE4,20250101-2000,8.41
SE4,20250101-0200,5.57
SE4,20250101-1200,5.57
SE4,20250101-0700,5.57
SE4,20250101-2300,6.6
SE4,20250101-2100,8.41
SE4,20250101-0300,5.57
SE4,20250101-0800,3.25
SE4,20250101-0600,5.57
SI,20250114-0300,108.39
SI,20250114-1400,132.59
SI,20250114-2100,110.49
SI,20250114-0000,109.62
SI,20250114-1100,114.06
SI,20250114-1500,132.59
SI,20250114-1200,114.26
SI,20250114-0800,116.31
SI,20250114-1600,165.74
SI,20250114-2000,144.35
SI,20250114-0400,110.09
SI,20250114-1000,110.49
SI,20250114-1800,333.05
SI,20250114-0500,132.59
SI,20250114-1700,293.64
SI,20250114-1900,221.66
SI,20250114-2200,110.49
SI,20250114-0200,108.39
SI,20250114-0100,105.31
SI,20250114-0900,110.49
SI,20250114-0600,167.96
SI,20250114-0700,116.31
SI,20250114-2300,110.49
SI,20250114-1300,110.49
ES,20250114-0300,105.16
ES,20250114-1400,102.57
ES,20250114-2100,195.7
ES,20250114-0000,112.92
ES,20250114-1100,100.24
ES,20250114-1500,110.49
ES,20250114-1200,99.42
ES,20250114-0800,165.2
ES,20250114-1600,165.74
ES,20250114-2000,313.53
ES,20250114-0400,114.21
ES,20250114-1000,107.26
ES,20250114-1800,333.05
ES,20250114-0500,128.23
ES,20250114-1700,293.64
ES,20250114-1900,373.03
ES,20250114-2200,150.52
ES,20250114-0200,108.54
ES,20250114-0100,110.49
ES,20250114-0900,122.68
ES,20250114-0600,167.96
ES,20250114-0700,268.11
ES,20250114-2300,136.67
ES,20250114-1300,98.86
GR,20250114-0300,108.39
GR,20250114-1400,204.97
GR,20250114-2100,132.59
GR,20250114-0000,109.62
GR,20250114-1100,132.59
GR,20250114-1500,250.0
GR,20250114-1200,175.77
GR,20250114-0800,215.1
GR,20250114-1600,303.12
GR,20250114-2000,165.32
GR,20250114-0400,110.49
GR,20250114-1000,132.59
GR,20250114-1800,214.1
GR,20250114-0500,110.49
GR,20250114-1700,221.36
GR,20250114-1900,204.72
GR,20250114-2200,110.49
GR,20250114-0200,108.39
GR,20250114-0100,105.31
GR,20250114-0900,143.91
GR,20250114-0600,132.59
GR,20250114-0700,206.09
GR,20250114-2300,110.49
GR,20250114-1300,207.99
IT-CNORTH,20250114-0300,126.37
IT-CNORTH,20250114-1400,132.59
IT-CNORTH,20250114-2100,132.59
IT-CNORTH,20250114-0000,126.37
IT-CNORTH,20250114-1100,132.59
IT-CNORTH,20250114-1500,132.59
IT-CNORTH,20250114-1200,132.59
IT-CNORTH,20250114-0800,334.1
IT-CNORTH,20250114-1600,165.74
IT-CNORTH,20250114-2000,144.35
IT-CNORTH,20250114-0400,126.37
IT-CNORTH,20250114-1000,152.89
IT-CNORTH,20250114-1800,333.05
IT-CNORTH,20250114-0500,132.59
IT-CNORTH,20250114-1700,293.64
IT-CNORTH,20250114-1900,221.66
IT-CNORTH,20250114-2200,132.59
IT-CNORTH,20250114-0200,126.37
IT-CNORTH,20250114-0100,120.72
IT-CNORTH,20250114-0900,183.43
IT-CNORTH,20250114-0600,167.96
IT-CNORTH,20250114-0700,268.11
IT-CNORTH,20250114-2300,132.59
IT-CNORTH,20250114-1300,132.59
HU,20250114-0300,108.39
HU,20250114-1400,149.37
HU,20250114-2100,110.49
HU,20250114-0000,109.62
HU,20250114-1100,110.49
HU,20250114-1500,291.51
HU,20250114-1200,110.49
HU,20250114-0800,116.31
HU,20250114-1600,316.49
HU,20250114-2000,144.35
HU,20250114-0400,110.49
HU,20250114-1000,110.49
HU,20250114-1800,333.05
HU,20250114-0500,132.59
HU,20250114-1700,293.64
HU,20250114-1900,221.66
HU,20250114-2200,110.49
HU,20250114-0200,108.39
HU,20250114-0100,105.31
HU,20250114-0900,110.49
HU,20250114-0600,189.16
HU,20250114-0700,116.31
HU,20250114-2300,110.49
HU,20250114-1300,110.49
IT-SOUTH,20250114-0300,126.37
IT-SOUTH,20250114-1400,132.59
IT-SOUTH,20250114-2100,132.59
IT-SOUTH,20250114-0000,126.37
IT-SOUTH,20250114-1100,132.59
IT-SOUTH,20250114-1500,132.59
IT-SOUTH,20250114-1200,132.59
IT-SOUTH,20250114-0800,132.59
IT-SOUTH,20250114-1600,132.59
IT-SOUTH,20250114-2000,132.59
IT-SOUTH,20250114-0400,126.37
IT-SOUTH,20250114-1000,132.59
IT-SOUTH,20250114-1800,132.59
IT-SOUTH,20250114-0500,132.59
IT-SOUTH,20250114-1700,132.59
IT-SOUTH,20250114-1900,132.59
IT-SOUTH,20250114-2200,132.59
IT-SOUTH,20250114-0200,126.37
IT-SOUTH,20250114-0100,120.72
IT-SOUTH,20250114-0900,132.59
IT-SOUTH,20250114-0600,132.59
IT-SOUTH,20250114-0700,132.59
IT-SOUTH,20250114-2300,132.59
IT-SOUTH,20250114-1300,132.59
IT-Sicily,20250114-0300,126.37
IT-Sicily,20250114-1400,132.59
IT-Sicily,20250114-2100,132.59
IT-Sicily,20250114-0000,126.37
IT-Sicily,20250114-1100,132.59
IT-Sicily,20250114-1500,132.59
IT-Sicily,20250114-1200,132.59
IT-Sicily,20250114-0800,132.59
IT-Sicily,20250114-1600,132.59
IT-Sicily,20250114-2000,132.59
IT-Sicily,20250114-0400,126.37
IT-Sicily,20250114-1000,132.59
IT-Sicily,20250114-1800,132.59
IT-Sicily,20250114-0500,132.59
IT-Sicily,20250114-1700,132.59
IT-Sicily,20250114-1900,132.59
IT-Sicily,20250114-2200,132.59
IT-Sicily,20250114-0200,126.37
IT-Sicily,20250114-0100,120.72
IT-Sicily,20250114-0900,132.59
IT-Sicily,20250114-0600,132.59
IT-Sicily,20250114-0700,132.59
IT-Sicily,20250114-2300,132.59
IT-Sicily,20250114-1300,132.59
IT-Sardinia,20250114-0300,126.37
IT-Sardinia,20250114-1400,132.59
IT-Sardinia,20250114-2100,132.59
IT-Sardinia,20250114-0000,126.37
IT-Sardinia,20250114-1100,126.37
IT-Sardinia,20250114-1500,132.59
IT-Sardinia,20250114-1200,126.37
IT-Sardinia,20250114-0800,132.59
IT-Sardinia,20250114-1600,132.59
IT-Sardinia,20250114-2000,132.59
IT-Sardinia,20250114-0400,126.37
IT-Sardinia,20250114-1000,127.78
IT-Sardinia,20250114-1800,132.59
IT-Sardinia,20250114-0500,132.59
IT-Sardinia,20250114-1700,132.59
IT-Sardinia,20250114-1900,132.59
IT-Sardinia,20250114-2200,132.59
IT-Sardinia,20250114-0200,126.37
IT-Sardinia,20250114-0100,120.72
IT-Sardinia,20250114-0900,132.59
IT-Sardinia,20250114-0600,132.59
IT-Sardinia,20250114-0700,132.59
IT-Sardinia,20250114-2300,132.59
IT-Sardinia,20250114-1300,126.37
RS,20250114-0300,108.39
RS,20250114-1400,253.05
RS,20250114-2100,224.2
RS,20250114-0000,109.62
RS,20250114-1100,132.59
RS,20250114-1500,665.46
RS,20250114-1200,175.77
RS,20250114-0800,215.1
RS,20250114-1600,3000.0
RS,20250114-2000,267.11
RS,20250114-0400,110.49
RS,20250114-1000,132.59
RS,20250114-1800,497.59
RS,20250114-0500,132.59
RS,20250114-1700,3000.0
RS,20250114-1900,351.64
RS,20250114-2200,177.62
RS,20250114-0200,108.39
RS,20250114-0100,105.31
RS,20250114-0900,143.91
RS,20250114-0600,189.16
RS,20250114-0700,206.09
RS,20250114-2300,110.49
RS,20250114-1300,207.99
DK1,20250114-0300,96.98
DK1,20250114-1400,109.62
DK1,20250114-2100,109.62
DK1,20250114-0000,96.98
DK1,20250114-1100,106.48
DK1,20250114-1500,110.49
DK1,20250114-1200,107.96
DK1,20250114-0800,110.49
DK1,20250114-1600,110.49
DK1,20250114-2000,109.62
DK1,20250114-0400,106.48
DK1,20250114-1000,108.23
DK1,20250114-1800,110.49
DK1,20250114-0500,109.62
DK1,20250114-1700,120.0
DK1,20250114-1900,110.49
DK1,20250114-2200,109.62
DK1,20250114-0200,96.98
DK1,20250114-0100,96.98
DK1,20250114-0900,109.62
DK1,20250114-0600,107.19
DK1,20250114-0700,110.49
DK1,20250114-2300,107.32
DK1,20250114-1300,109.62
CH,20250114-0300,112.7
CH,20250114-1400,132.59
CH,20250114-2100,132.59
CH,20250114-0000,126.37
CH,20250114-1100,132.59
CH,20250114-1500,128.97
CH,20250114-1200,124.84
CH,20250114-0800,334.1
CH,20250114-1600,165.74
CH,20250114-2000,144.35
CH,20250114-0400,116.31
CH,20250114-1000,152.89
CH,20250114-1800,116.31
CH,20250114-0500,132.59
CH,20250114-1700,120.0
CH,20250114-1900,221.66
CH,20250114-2200,132.59
CH,20250114-0200,116.31
CH,20250114-0100,120.72
CH,20250114-0900,183.43
CH,20250114-0600,167.96
CH,20250114-0700,268.11
CH,20250114-2300,132.59
CH,20250114-1300,116.31
SE1,20250114-0300,1.0
SE1,20250114-1400,1.0
SE1,20250114-2100,33.53
SE1,20250114-0000,1.0
SE1,20250114-1100,1.0
SE1,20250114-1500,1.0
SE1,20250114-1200,1.0
SE1,20250114-0800,1.0
SE1,20250114-1600,1.0
SE1,20250114-2000,33.53
SE1,20250114-0400,1.0
SE1,20250114-1000,1.0
SE1,20250114-1800,1.0
SE1,20250114-0500,1.0
SE1,20250114-1700,1.0
SE1,20250114-1900,1.0
SE1,20250114-2200,33.53
SE1,20250114-0200,1.0
SE1,20250114-0100,1.0
SE1,20250114-0900,1.0
SE1,20250114-0600,1.0
SE1,20250114-0700,1.0
SE1,20250114-2300,53.23
SE1,20250114-1300,1.0
NO4,20250114-0300,28.96
NO4,20250114-1400,42.18
NO4,20250114-2100,33.06
NO4,20250114-0000,30.29
NO4,20250114-1100,44.49
NO4,20250114-1500,41.45
NO4,20250114-1200,44.78
NO4,20250114-0800,41.52
NO4,20250114-1600,43.17
NO4,20250114-2000,36.4
NO4,20250114-0400,29.33
NO4,20250114-1000,44.27
NO4,20250114-1800,39.83
NO4,20250114-0500,30.12
NO4,20250114-1700,42.41
NO4,20250114-1900,36.66
NO4,20250114-2200,26.52
NO4,20250114-0200,29.62
NO4,20250114-0100,29.85
NO4,20250114-0900,42.53
NO4,20250114-0600,33.72
NO4,20250114-0700,38.53
NO4,20250114-2300,24.42
NO4,20250114-1300,43.87
SE3,20250114-0300,87.28
SE3,20250114-1400,98.66
SE3,20250114-2100,98.66
SE3,20250114-0000,87.28
SE3,20250114-1100,95.83
SE3,20250114-1500,99.44
SE3,20250114-1200,97.16
SE3,20250114-0800,99.44
SE3,20250114-1600,99.44
SE3,20250114-2000,105.31
SE3,20250114-0400,95.83
SE3,20250114-1000,97.41
SE3,20250114-1800,105.31
SE3,20250114-0500,98.66
SE3,20250114-1700,99.44
SE3,20250114-1900,105.31
SE3,20250114-2200,98.66
SE3,20250114-0200,87.28
SE3,20250114-0100,87.28
SE3,20250114-0900,98.66
SE3,20250114-0600,96.47
SE3,20250114-0700,99.44
SE3,20250114-2300,96.59
SE3,20250114-1300,98.66
FR,20250114-0300,105.16
FR,20250114-1400,110.11
FR,20250114-2100,132.59
FR,20250114-0000,125.87
FR,20250114-1100,132.59
FR,20250114-1500,128.43
FR,20250114-1200,124.84
FR,20250114-0800,334.1
FR,20250114-1600,165.74
FR,20250114-2000,144.35
FR,20250114-0400,114.21
FR,20250114-1000,152.89
FR,20250114-1800,333.05
FR,20250114-0500,132.59
FR,20250114-1700,293.64
FR,20250114-1900,221.66
FR,20250114-2200,132.59
FR,20250114-0200,108.54
FR,20250114-0100,120.72
FR,20250114-0900,183.43
FR,20250114-0600,167.96
FR,20250114-0700,268.11
FR,20250114-2300,132.59
FR,20250114-1300,110.73
FI,20250114-0300,2.85
FI,20250114-1400,9.5
FI,20250114-2100,9.5
FI,20250114-0000,3.15
FI,20250114-1100,5.0
FI,20250114-1500,9.5
FI,20250114-1200,5.0
FI,20250114-0800,5.0
FI,20250114-1600,9.5
FI,20250114-2000,9.5
FI,20250114-0400,3.75
FI,20250114-1000,5.0
FI,20250114-1800,9.5
FI,20250114-0500,3.75
FI,20250114-1700,9.5
FI,20250114-1900,9.5
FI,20250114-2200,13.92
FI,20250114-0200,3.0
FI,20250114-0100,3.0
FI,20250114-0900,5.0
FI,20250114-0600,4.81
FI,20250114-0700,5.0
FI,20250114-2300,30.0
FI,20250114-1300,5.82
PL,20250114-0300,96.98
PL,20250114-1400,96.98
PL,20250114-2100,96.98
PL,20250114-0000,96.98
PL,20250114-1100,106.48
PL,20250114-1500,105.31
PL,20250114-1200,107.96
PL,20250114-0800,96.98
PL,20250114-1600,96.98
PL,20250114-2000,96.98
PL,20250114-0400,96.98
PL,20250114-1000,96.98
PL,20250114-1800,96.98
PL,20250114-0500,96.98
PL,20250114-1700,96.98
PL,20250114-1900,96.98
PL,20250114-2200,96.98
PL,20250114-0200,76.31
PL,20250114-0100,76.31
PL,20250114-0900,96.98
PL,20250114-0600,96.98
PL,20250114-0700,96.98
PL,20250114-2300,96.98
PL,20250114-1300,106.48
IT-Calabria,20250114-0300,126.37
IT-Calabria,20250114-1400,132.59
IT-Calabria,20250114-2100,132.59
IT-Calabria,20250114-0000,126.37
IT-Calabria,20250114-1100,132.59
IT-Calabria,20250114-1500,132.59
IT-Calabria,20250114-1200,132.59
IT-Calabria,20250114-0800,132.59
IT-Calabria,20250114-1600,132.59
IT-Calabria,20250114-2000,132.59
IT-Calabria,20250114-0400,126.37
IT-Calabria,20250114-1000,132.59
IT-Calabria,20250114-1800,132.59
IT-Calabria,20250114-0500,132.59
IT-Calabria,20250114-1700,132.59
IT-Calabria,20250114-1900,132.59
IT-Calabria,20250114-2200,132.59
IT-Calabria,20250114-0200,126.37
IT-Calabria,20250114-0100,120.72
IT-Calabria,20250114-0900,132.59
IT-Calabria,20250114-0600,132.59
IT-Calabria,20250114-0700,132.59
IT-Calabria,20250114-2300,132.59
IT-Calabria,20250114-1300,132.59
AT,20250114-0300,112.7
AT,20250114-1400,132.59
AT,20250114-2100,116.31
AT,20250114-0000,116.31
AT,20250114-1100,116.31
AT,20250114-1500,128.97
AT,20250114-1200,116.31
AT,20250114-0800,116.31
AT,20250114-1600,165.74
AT,20250114-2000,116.31
AT,20250114-0400,116.31
AT,20250114-1000,116.31
AT,20250114-1800,116.31
AT,20250114-0500,116.31
AT,20250114-1700,120.0
AT,20250114-1900,116.31
AT,20250114-2200,116.31
AT,20250114-0200,116.31
AT,20250114-0100,116.31
AT,20250114-0900,116.31
AT,20250114-0600,116.31
AT,20250114-0700,116.31
AT,20250114-2300,116.31
AT,20250114-1300,116.31
SE2,20250114-0300,1.0
SE2,20250114-1400,1.0
SE2,20250114-2100,33.53
SE2,20250114-0000,1.0
SE2,20250114-1100,1.0
SE2,20250114-1500,1.0
SE2,20250114-1200,1.0
SE2,20250114-0800,1.0
SE2,20250114-1600,1.0
SE2,20250114-2000,33.53
SE2,20250114-0400,1.0
SE2,20250114-1000,1.0
SE2,20250114-1800,1.0
SE2,20250114-0500,1.0
SE2,20250114-1700,1.0
SE2,20250114-1900,1.0
SE2,20250114-2200,33.53
SE2,20250114-0200,1.0
SE2,20250114-0100,1.0
SE2,20250114-0900,1.0
SE2,20250114-0600,1.0
SE2,20250114-0700,1.0
SE2,20250114-2300,61.48
SE2,20250114-1300,1.0
IT-NORTH,20250114-0300,126.37
IT-NORTH,20250114-1400,132.59
IT-NORTH,20250114-2100,132.59
IT-NORTH,20250114-0000,126.37
IT-NORTH,20250114-1100,132.59
IT-NORTH,20250114-1500,132.59
IT-NORTH,20250114-1200,132.59
IT-NORTH,20250114-0800,334.1
IT-NORTH,20250114-1600,165.74
IT-NORTH,20250114-2000,144.35
IT-NORTH,20250114-0400,126.37
IT-NORTH,20250114-1000,152.89
IT-NORTH,20250114-1800,333.05
IT-NORTH,20250114-0500,132.59
IT-NORTH,20250114-1700,293.64
IT-NORTH,20250114-1900,221.66
IT-NORTH,20250114-2200,132.59
IT-NORTH,20250114-0200,126.37
IT-NORTH,20250114-0100,120.72
IT-NORTH,20250114-0900,183.43
IT-NORTH,20250114-0600,167.96
IT-NORTH,20250114-0700,268.11
IT-NORTH,20250114-2300,132.59
IT-NORTH,20250114-1300,132.59
LT,20250114-0300,40.0
LT,20250114-1400,79.13
LT,20250114-2100,63.72
LT,20250114-0000,39.92
LT,20250114-1100,81.19
LT,20250114-1500,85.07
LT,20250114-1200,82.4
LT,20250114-0800,75.34
LT,20250114-1600,83.26
LT,20250114-2000,61.06
LT,20250114-0400,40.0
LT,20250114-1000,59.88
LT,20250114-1800,83.26
LT,20250114-0500,47.45
LT,20250114-1700,83.26
LT,20250114-1900,75.34
LT,20250114-2200,59.69
LT,20250114-0200,35.43
LT,20250114-0100,35.43
LT,20250114-0900,75.34
LT,20250114-0600,75.34
LT,20250114-0700,79.13
LT,20250114-2300,51.12
LT,20250114-1300,75.36
PT,20250114-0300,105.16
PT,20250114-1400,102.57
PT,20250114-2100,195.7
PT,20250114-0000,112.92
PT,20250114-1100,100.24
PT,20250114-1500,110.49
PT,20250114-1200,99.42
PT,20250114-0800,165.2
PT,20250114-1600,165.74
PT,20250114-2000,346.9
PT,20250114-0400,114.21
PT,20250114-1000,107.26
PT,20250114-1800,333.05
PT,20250114-0500,122.12
PT,20250114-1700,293.64
PT,20250114-1900,373.03
PT,20250114-2200,150.52
PT,20250114-0200,108.54
PT,20250114-0100,110.49
PT,20250114-0900,122.68
PT,20250114-0600,110.05
PT,20250114-0700,122.93
PT,20250114-2300,136.67
PT,20250114-1300,98.86
NO2,20250114-0300,87.28
NO2,20250114-1400,98.66
NO2,20250114-2100,97.33
NO2,20250114-0000,87.28
NO2,20250114-1100,95.47
NO2,20250114-1500,99.44
NO2,20250114-1200,96.35
NO2,20250114-0800,97.85
NO2,20250114-1600,99.44
NO2,20250114-2000,97.33
NO2,20250114-0400,92.91
NO2,20250114-1000,96.51
NO2,20250114-1800,99.44
NO2,20250114-0500,97.33
NO2,20250114-1700,99.44
NO2,20250114-1900,97.85
NO2,20250114-2200,97.33
NO2,20250114-0200,87.28
NO2,20250114-0100,87.28
NO2,20250114-0900,97.33
NO2,20250114-0600,97.85
NO2,20250114-0700,97.85
NO2,20250114-2300,93.4
NO2,20250114-1300,97.33
LV,20250114-0300,40.0
LV,20250114-1400,79.13
LV,20250114-2100,63.72
LV,20250114-0000,39.92
LV,20250114-1100,81.19
LV,20250114-1500,85.07
LV,20250114-1200,82.4
LV,20250114-0800,75.34
LV,20250114-1600,83.26
LV,20250114-2000,61.06
LV,20250114-0400,40.0
LV,20250114-1000,59.88
LV,20250114-1800,83.26
LV,20250114-0500,47.45
LV,20250114-1700,83.26
LV,20250114-1900,75.34
LV,20250114-2200,59.69
LV,20250114-0200,35.43
LV,20250114-0100,35.43
LV,20250114-0900,75.34
LV,20250114-0600,75.34
LV,20250114-0700,79.13
LV,20250114-2300,51.12
LV,20250114-1300,75.36
NL,20250114-0300,96.98
NL,20250114-1400,109.62
NL,20250114-2100,105.31
NL,20250114-0000,96.98
NL,20250114-1100,105.31
NL,20250114-1500,110.49
NL,20250114-1200,105.31
NL,20250114-0800,105.31
NL,20250114-1600,110.49
NL,20250114-2000,105.31
NL,20250114-0400,96.98
NL,20250114-1000,105.31
NL,20250114-1800,110.49
NL,20250114-0500,105.31
NL,20250114-1700,110.49
NL,20250114-1900,105.31
NL,20250114-2200,105.31
NL,20250114-0200,96.98
NL,20250114-0100,96.98
NL,20250114-0900,105.31
NL,20250114-0600,105.31
NL,20250114-0700,105.31
NL,20250114-2300,96.98
NL,20250114-1300,105.31
NO5,20250114-0300,87.28
NO5,20250114-1400,98.66
NO5,20250114-2100,96.72
NO5,20250114-0000,87.28
NO5,20250114-1100,95.31
NO5,20250114-1500,99.44
NO5,20250114-1200,95.97
NO5,20250114-0800,97.11
NO5,20250114-1600,99.44
NO5,20250114-2000,96.72
NO5,20250114-0400,91.56
NO5,20250114-1000,96.09
NO5,20250114-1800,99.44
NO5,20250114-0500,96.72
NO5,20250114-1700,99.44
NO5,20250114-1900,97.11
NO5,20250114-2200,96.72
NO5,20250114-0200,87.28
NO5,20250114-0100,87.28
NO5,20250114-0900,96.72
NO5,20250114-0600,97.11
NO5,20250114-0700,97.11
NO5,20250114-2300,91.94
NO5,20250114-1300,96.72
BE,20250114-0300,110.49
BE,20250114-1400,110.49
BE,20250114-2100,157.33
BE,20250114-0000,110.49
BE,20250114-1100,95.31
BE,20250114-1500,110.49
BE,20250114-1200,95.97
BE,20250114-0800,205.05
BE,20250114-1600,250.0
BE,20250114-2000,152.18
BE,20250114-0400,110.49
BE,20250114-1000,106.77
BE,20250114-1800,319.97
BE,20250114-0500,151.78
BE,20250114-1700,3000.0
BE,20250114-1900,219.0
BE,20250114-2200,142.36
BE,20250114-0200,110.49
BE,20250114-0100,110.49
BE,20250114-0900,110.49
BE,20250114-0600,190.95
BE,20250114-0700,324.58
BE,20250114-2300,110.49
BE,20250114-1300,96.72
RO,20250114-0300,108.39
RO,20250114-1400,253.05
RO,20250114-2100,224.2
RO,20250114-0000,109.62
RO,20250114-1100,132.59
RO,20250114-1500,665.46
RO,20250114-1200,175.77
RO,20250114-0800,215.1
RO,20250114-1600,3000.0
RO,20250114-2000,267.11
RO,20250114-0400,110.49
RO,20250114-1000,132.59
RO,20250114-1800,497.59
RO,20250114-0500,132.59
RO,20250114-1700,3000.0
RO,20250114-1900,351.64
RO,20250114-2200,177.62
RO,20250114-0200,108.39
RO,20250114-0100,105.31
RO,20250114-0900,143.91
RO,20250114-0600,189.16
RO,20250114-0700,206.09
RO,20250114-2300,110.49
RO,20250114-1300,207.99
DK2,20250114-0300,57.0
DK2,20250114-1400,96.98
DK2,20250114-2100,90.58
DK2,20250114-0000,57.0
DK2,20250114-1100,96.98
DK2,20250114-1500,110.49
DK2,20250114-1200,99.87
DK2,20250114-0800,77.44
DK2,20250114-1600,110.49
DK2,20250114-2000,81.87
DK2,20250114-0400,57.0
DK2,20250114-1000,78.03
DK2,20250114-1800,110.49
DK2,20250114-0500,57.0
DK2,20250114-1700,120.0
DK2,20250114-1900,78.99
DK2,20250114-2200,96.98
DK2,20250114-0200,57.0
DK2,20250114-0100,57.0
DK2,20250114-0900,77.85
DK2,20250114-0600,69.33
DK2,20250114-0700,96.98
DK2,20250114-2300,75.15
DK2,20250114-1300,77.93
BG,20250114-0300,108.39
BG,20250114-1400,253.05
BG,20250114-2100,224.2
BG,20250114-0000,109.62
BG,20250114-1100,132.59
BG,20250114-1500,665.46
BG,20250114-1200,175.77
BG,20250114-0800,215.1
BG,20250114-1600,3000.0
BG,20250114-2000,267.11
BG,20250114-0400,110.49
BG,20250114-1000,132.59
BG,20250114-1800,497.59
BG,20250114-0500,132.59
BG,20250114-1700,3000.0
BG,20250114-1900,351.64
BG,20250114-2200,177.62
BG,20250114-0200,108.39
BG,20250114-0100,105.31
BG,20250114-0900,143.91
BG,20250114-0600,189.16
BG,20250114-0700,206.09
BG,20250114-2300,110.49
BG,20250114-1300,207.99
IT-CSOUTH,20250114-0300,126.37
IT-CSOUTH,20250114-1400,132.59
IT-CSOUTH,20250114-2100,132.59
IT-CSOUTH,20250114-0000,126.37
IT-CSOUTH,20250114-1100,132.59
IT-CSOUTH,20250114-1500,132.59
IT-CSOUTH,20250114-1200,132.59
IT-CSOUTH,20250114-0800,132.59
IT-CSOUTH,20250114-1600,132.59
IT-CSOUTH,20250114-2000,132.59
IT-CSOUTH,20250114-0400,126.37
IT-CSOUTH,20250114-1000,132.59
IT-CSOUTH,20250114-1800,132.59
IT-CSOUTH,20250114-0500,132.59
IT-CSOUTH,20250114-1700,132.59
IT-CSOUTH,20250114-1900,132.59
IT-CSOUTH,20250114-2200,132.59
IT-CSOUTH,20250114-0200,126.37
IT-CSOUTH,20250114-0100,120.72
IT-CSOUTH,20250114-0900,132.59
IT-CSOUTH,20250114-0600,132.59
IT-CSOUTH,20250114-0700,132.59
IT-CSOUTH,20250114-2300,132.59
IT-CSOUTH,20250114-1300,132.59
CZ,20250114-0300,96.98
CZ,20250114-1400,109.62
CZ,20250114-2100,109.62
CZ,20250114-0000,96.98
CZ,20250114-1100,109.62
CZ,20250114-1500,109.62
CZ,20250114-1200,109.62
CZ,20250114-0800,110.49
CZ,20250114-1600,110.49
CZ,20250114-2000,109.62
CZ,20250114-0400,109.62
CZ,20250114-1000,109.62
CZ,20250114-1800,109.62
CZ,20250114-0500,109.62
CZ,20250114-1700,109.62
CZ,20250114-1900,109.62
CZ,20250114-2200,107.25
CZ,20250114-0200,96.98
CZ,20250114-0100,96.98
CZ,20250114-0900,109.62
CZ,20250114-0600,110.49
CZ,20250114-0700,110.49
CZ,20250114-2300,76.31
CZ,20250114-1300,109.62
NO3,20250114-0300,87.28
NO3,20250114-1400,98.66
NO3,20250114-2100,96.72
NO3,20250114-0000,87.28
NO3,20250114-1100,95.31
NO3,20250114-1500,99.44
NO3,20250114-1200,95.97
NO3,20250114-0800,97.11
NO3,20250114-1600,99.44
NO3,20250114-2000,96.72
NO3,20250114-0400,91.56
NO3,20250114-1000,96.09
NO3,20250114-1800,99.44
NO3,20250114-0500,96.72
NO3,20250114-1700,99.44
NO3,20250114-1900,97.11
NO3,20250114-2200,96.72
NO3,20250114-0200,87.28
NO3,20250114-0100,87.28
NO3,20250114-0900,96.72
NO3,20250114-0600,97.11
NO3,20250114-0700,97.11
NO3,20250114-2300,91.94
NO3,20250114-1300,96.72
NO1,20250114-0300,87.28
NO1,20250114-1400,98.66
NO1,20250114-2100,96.72
NO1,20250114-0000,87.28
NO1,20250114-1100,95.31
NO1,20250114-1500,99.44
NO1,20250114-1200,95.97
NO1,20250114-0800,97.11
NO1,20250114-1600,99.44
NO1,20250114-2000,96.72
NO1,20250114-0400,91.56
NO1,20250114-1000,96.09
NO1,20250114-1800,99.44
NO1,20250114-0500,96.72
NO1,20250114-1700,99.44
NO1,20250114-1900,97.11
NO1,20250114-2200,96.72
NO1,20250114-0200,87.28
NO1,20250114-0100,87.28
NO1,20250114-0900,96.72
NO1,20250114-0600,97.11
NO1,20250114-0700,97.11
NO1,20250114-2300,91.94
NO1,20250114-1300,96.72
DE_LU,20250114-0300,96.98
DE_LU,20250114-1400,109.62
DE_LU,20250114-2100,109.62
DE_LU,20250114-0000,96.98
DE_LU,20250114-1100,106.48
DE_LU,20250114-1500,110.49
DE_LU,20250114-1200,107.96
DE_LU,20250114-0800,110.49
DE_LU,20250114-1600,110.49
DE_LU,20250114-2000,109.62
DE_LU,20250114-0400,106.48
DE_LU,20250114-1000,108.23
DE_LU,20250114-1800,110.49
DE_LU,20250114-0500,109.62
DE_LU,20250114-1700,120.0
DE_LU,20250114-1900,110.49
DE_LU,20250114-2200,109.62
DE_LU,20250114-0200,96.98
DE_LU,20250114-0100,96.98
DE_LU,20250114-0900,109.62
DE_LU,20250114-0600,110.49
DE_LU,20250114-0700,110.49
DE_LU,20250114-2300,107.32
DE_LU,20250114-1300,109.62
SK,20250114-0300,96.98
SK,20250114-1400,109.62
SK,20250114-2100,107.46
SK,20250114-0000,96.98
SK,20250114-1100,105.9
SK,20250114-1500,110.49
SK,20250114-1200,106.64
SK,20250114-0800,107.9
SK,20250114-1600,110.49
SK,20250114-2000,107.46
SK,20250114-0400,101.73
SK,20250114-1000,106.77
SK,20250114-1800,110.49
SK,20250114-0500,107.46
SK,20250114-1700,110.49
SK,20250114-1900,107.9
SK,20250114-2200,107.46
SK,20250114-0200,96.98
SK,20250114-0100,96.98
SK,20250114-0900,107.46
SK,20250114-0600,107.9
SK,20250114-0700,107.9
SK,20250114-2300,102.15
SK,20250114-1300,107.46
EE,20250114-0300,40.0
EE,20250114-1400,79.13
EE,20250114-2100,63.72
EE,20250114-0000,39.92
EE,20250114-1100,81.19
EE,20250114-1500,85.07
EE,20250114-1200,82.4
EE,20250114-0800,75.34
EE,20250114-1600,83.26
EE,20250114-2000,61.06
EE,20250114-0400,40.0
EE,20250114-1000,59.88
EE,20250114-1800,83.26
EE,20250114-0500,47.45
EE,20250114-1700,83.26
EE,20250114-1900,75.34
EE,20250114-2200,59.69
EE,20250114-0200,35.43
EE,20250114-0100,35.43
EE,20250114-0900,75.34
EE,20250114-0600,75.34
EE,20250114-0700,79.13
EE,20250114-2300,51.12
EE,20250114-1300,75.36
SE4,20250114-0300,40.0
SE4,20250114-1400,79.13
SE4,20250114-2100,63.72
SE4,20250114-0000,39.92
SE4,20250114-1100,81.19
SE4,20250114-1500,85.07
SE4,20250114-1200,82.4
SE4,20250114-0800,73.15
SE4,20250114-1600,83.26
SE4,20250114-2000,61.06
SE4,20250114-0400,40.0
SE4,20250114-1000,59.88
SE4,20250114-1800,83.26
SE4,20250114-0500,47.45
SE4,20250114-1700,83.26
SE4,20250114-1900,73.62
SE4,20250114-2200,59.69
SE4,20250114-0200,35.43
SE4,20250114-0100,35.43
SE4,20250114-0900,73.27
SE4,20250114-0600,69.33
SE4,20250114-0700,79.13
SE4,20250114-2300,51.12
SE4,20250114-1300,75.36
SI,20250211-0000,12.5
SI,20250211-1800,238.57
SI,20250211-2000,129.51
SI,20250211-0600,155.41
SI,20250211-1700,216.73
SI,20250211-2200,116.86
SI,20250211-0200,16.0
SI,20250211-1900,199.49
SI,20250211-0400,129.51
SI,20250211-1400,116.86
SI,20250211-0700,129.51
SI,20250211-1500,216.93
SI,20250211-1600,211.51
SI,20250211-0800,116.86
SI,20250211-0100,16.0
SI,20250211-2300,96.32
SI,20250211-1200,116.86
SI,20250211-1300,116.86
SI,20250211-0500,155.41
SI,20250211-2100,116.86
SI,20250211-0300,83.01
SI,20250211-1000,116.86
SI,20250211-1100,116.86
SI,20250211-0900,116.86
ES,20250211-0000,60.78
ES,20250211-1800,238.57
ES,20250211-2000,230.14
ES,20250211-0600,129.51
ES,20250211-1700,209.43
ES,20250211-2200,109.86
ES,20250211-0200,48.73
ES,20250211-1900,238.57
ES,20250211-0400,58.8
ES,20250211-1400,96.32
ES,20250211-0700,141.29
ES,20250211-1500,116.86
ES,20250211-1600,129.51
ES,20250211-0800,147.23
ES,20250211-0100,57.0
ES,20250211-2300,102.19
ES,20250211-1200,96.32
ES,20250211-1300,96.32
ES,20250211-0500,96.32
ES,20250211-2100,129.51
ES,20250211-0300,56.81
ES,20250211-1000,129.51
ES,20250211-1100,96.32
ES,20250211-0900,129.51
GR,20250211-0000,129.51
GR,20250211-1800,258.81
GR,20250211-2000,196.98
GR,20250211-0600,155.41
GR,20250211-1700,333.41
GR,20250211-2200,129.51
GR,20250211-0200,116.86
GR,20250211-1900,232.42
GR,20250211-0400,129.51
GR,20250211-1400,129.51
GR,20250211-0700,133.28
GR,20250211-1500,243.39
GR,20250211-1600,370.81
GR,20250211-0800,129.51
GR,20250211-0100,129.39
GR,20250211-2300,129.51
GR,20250211-1200,121.66
GR,20250211-1300,129.51
GR,20250211-0500,155.41
GR,20250211-2100,157.19
GR,20250211-0300,116.88
GR,20250211-1000,116.86
GR,20250211-1100,116.86
GR,20250211-0900,129.51
IT-CNORTH,20250211-0000,155.41
IT-CNORTH,20250211-1800,238.57
IT-CNORTH,20250211-2000,155.41
IT-CNORTH,20250211-0600,155.41
IT-CNORTH,20250211-1700,216.73
IT-CNORTH,20250211-2200,155.41
IT-CNORTH,20250211-0200,155.41
IT-CNORTH,20250211-1900,199.49
IT-CNORTH,20250211-0400,155.41
IT-CNORTH,20250211-1400,214.92
IT-CNORTH,20250211-0700,232.07
IT-CNORTH,20250211-1500,216.93
IT-CNORTH,20250211-1600,211.51
IT-CNORTH,20250211-0800,501.68
IT-CNORTH,20250211-0100,155.41
IT-CNORTH,20250211-2300,155.41
IT-CNORTH,20250211-1200,253.91
IT-CNORTH,20250211-1300,348.16
IT-CNORTH,20250211-0500,155.41
IT-CNORTH,20250211-2100,155.41
IT-CNORTH,20250211-0300,155.41
IT-CNORTH,20250211-1000,430.0
IT-CNORTH,20250211-1100,254.19
IT-CNORTH,20250211-0900,473.43
HU,20250211-0000,96.32
HU,20250211-1800,238.57
HU,20250211-2000,129.51
HU,20250211-0600,155.41
HU,20250211-1700,216.73
HU,20250211-2200,129.51
HU,20250211-0200,96.32
HU,20250211-1900,199.49
HU,20250211-0400,129.51
HU,20250211-1400,116.86
HU,20250211-0700,129.51
HU,20250211-1500,216.93
HU,20250211-1600,225.06
HU,20250211-0800,107.43
HU,20250211-0100,96.32
HU,20250211-2300,96.32
HU,20250211-1200,9.5
HU,20250211-1300,67.57
HU,20250211-0500,155.41
HU,20250211-2100,129.51
HU,20250211-0300,96.32
HU,20250211-1000,6.82
HU,20250211-1100,9.5
HU,20250211-0900,9.5
IT-SOUTH,20250211-0000,155.41
IT-SOUTH,20250211-1800,238.57
IT-SOUTH,20250211-2000,155.41
IT-SOUTH,20250211-0600,155.41
IT-SOUTH,20250211-1700,216.73
IT-SOUTH,20250211-2200,155.41
IT-SOUTH,20250211-0200,155.41
IT-SOUTH,20250211-1900,199.49
IT-SOUTH,20250211-0400,155.41
IT-SOUTH,20250211-1400,155.41
IT-SOUTH,20250211-0700,200.82
IT-SOUTH,20250211-1500,216.93
IT-SOUTH,20250211-1600,211.51
IT-SOUTH,20250211-0800,155.41
IT-SOUTH,20250211-0100,155.41
IT-SOUTH,20250211-2300,155.41
IT-SOUTH,20250211-1200,155.41
IT-SOUTH,20250211-1300,155.41
IT-SOUTH,20250211-0500,155.41
IT-SOUTH,20250211-2100,155.41
IT-SOUTH,20250211-0300,155.41
IT-SOUTH,20250211-1000,155.41
IT-SOUTH,20250211-1100,155.41
IT-SOUTH,20250211-0900,155.41
IT-Sicily,20250211-0000,155.41
IT-Sicily,20250211-1800,238.57
IT-Sicily,20250211-2000,155.41
IT-Sicily,20250211-0600,155.41
IT-Sicily,20250211-1700,216.73
IT-Sicily,20250211-2200,155.41
IT-Sicily,20250211-0200,155.41
IT-Sicily,20250211-1900,199.49
IT-Sicily,20250211-0400,155.41
IT-Sicily,20250211-1400,155.41
IT-Sicily,20250211-0700,155.41
IT-Sicily,20250211-1500,155.41
IT-Sicily,20250211-1600,155.41
IT-Sicily,20250211-0800,155.41
IT-Sicily,20250211-0100,155.41
IT-Sicily,20250211-2300,155.41
IT-Sicily,20250211-1200,155.41
IT-Sicily,20250211-1300,155.41
IT-Sicily,20250211-0500,155.41
IT-Sicily,20250211-2100,155.41
IT-Sicily,20250211-0300,155.41
IT-Sicily,20250211-1000,155.41
IT-Sicily,20250211-1100,155.41
IT-Sicily,20250211-0900,155.41
IT-Sardinia,20250211-0000,134.03
IT-Sardinia,20250211-1800,155.41
IT-Sardinia,20250211-2000,155.41
IT-Sardinia,20250211-0600,155.41
IT-Sardinia,20250211-1700,155.41
IT-Sardinia,20250211-2200,128.92
IT-Sardinia,20250211-0200,128.92
IT-Sardinia,20250211-1900,155.41
IT-Sardinia,20250211-0400,128.92
IT-Sardinia,20250211-1400,85.5
IT-Sardinia,20250211-0700,155.41
IT-Sardinia,20250211-1500,128.92
IT-Sardinia,20250211-1600,155.41
IT-Sardinia,20250211-0800,128.92
IT-Sardinia,20250211-0100,128.92
IT-Sardinia,20250211-2300,122.63
IT-Sardinia,20250211-1200,28.5
IT-Sardinia,20250211-1300,31.5
IT-Sardinia,20250211-0500,134.03
IT-Sardinia,20250211-2100,128.92
IT-Sardinia,20250211-0300,128.92
IT-Sardinia,20250211-1000,31.5
IT-Sardinia,20250211-1100,28.5
IT-Sardinia,20250211-0900,85.5
RS,20250211-0000,129.51
RS,20250211-1800,243.68
RS,20250211-2000,196.98
RS,20250211-0600,164.47
RS,20250211-1700,241.68
RS,20250211-2200,129.51
RS,20250211-0200,116.86
RS,20250211-1900,221.91
RS,20250211-0400,129.51
RS,20250211-1400,129.51
RS,20250211-0700,187.32
RS,20250211-1500,206.49
RS,20250211-1600,225.06
RS,20250211-0800,129.51
RS,20250211-0100,129.39
RS,20250211-2300,129.51
RS,20250211-1200,121.66
RS,20250211-1300,129.51
RS,20250211-0500,155.41
RS,20250211-2100,184.31
RS,20250211-0300,116.88
RS,20250211-1000,116.86
RS,20250211-1100,116.86
RS,20250211-0900,129.51
DK1,20250211-0000,60.78
DK1,20250211-1800,129.51
DK1,20250211-2000,116.86
DK1,20250211-0600,102.19
DK1,20250211-1700,129.51
DK1,20250211-2200,109.86
DK1,20250211-0200,48.73
DK1,20250211-1900,116.86
DK1,20250211-0400,58.8
DK1,20250211-1400,107.43
DK1,20250211-0700,107.43
DK1,20250211-1500,116.86
DK1,20250211-1600,129.51
DK1,20250211-0800,107.43
DK1,20250211-0100,57.0
DK1,20250211-2300,102.19
DK1,20250211-1200,107.43
DK1,20250211-1300,107.43
DK1,20250211-0500,96.32
DK1,20250211-2100,116.86
DK1,20250211-0300,56.81
DK1,20250211-1000,102.19
DK1,20250211-1100,57.0
DK1,20250211-0900,102.19
CH,20250211-0000,83.84
CH,20250211-1800,238.57
CH,20250211-2000,155.41
CH,20250211-0600,136.32
CH,20250211-1700,210.41
CH,20250211-2200,124.24
CH,20250211-0200,82.09
CH,20250211-1900,199.49
CH,20250211-0400,82.13
CH,20250211-1400,214.92
CH,20250211-0700,141.29
CH,20250211-1500,136.32
CH,20250211-1600,136.32
CH,20250211-0800,184.06
CH,20250211-0100,75.87
CH,20250211-2300,119.14
CH,20250211-1200,136.32
CH,20250211-1300,136.32
CH,20250211-0500,113.42
CH,20250211-2100,155.41
CH,20250211-0300,79.62
CH,20250211-1000,153.72
CH,20250211-1100,136.32
CH,20250211-0900,190.18
SE1,20250211-0000,1.0
SE1,20250211-1800,1.0
SE1,20250211-2000,1.0
SE1,20250211-0600,1.0
SE1,20250211-1700,1.0
SE1,20250211-2200,1.0
SE1,20250211-0200,1.0
SE1,20250211-1900,1.0
SE1,20250211-0400,1.0
SE1,20250211-1400,1.0
SE1,20250211-0700,1.0
SE1,20250211-1500,1.0
SE1,20250211-1600,1.0
SE1,20250211-0800,1.0
SE1,20250211-0100,1.0
SE1,20250211-2300,1.0
SE1,20250211-1200,1.0
SE1,20250211-1300,1.0
SE1,20250211-0500,1.0
SE1,20250211-2100,1.0
SE1,20250211-0300,1.0
SE1,20250211-1000,1.0
SE1,20250211-1100,1.0
SE1,20250211-0900,1.0
NO4,20250211-0000,33.57
NO4,20250211-1800,39.76
NO4,20250211-2000,39.94
NO4,20250211-0600,48.72
NO4,20250211-1700,37.14
NO4,20250211-2200,28.63
NO4,20250211-0200,32.03
NO4,20250211-1900,40.43
NO4,20250211-0400,34.4
NO4,20250211-1400,35.05
NO4,20250211-0700,52.1
NO4,20250211-1500,37.1
NO4,20250211-1600,38.08
NO4,20250211-0800,50.94
NO4,20250211-0100,31.7
NO4,20250211-2300,31.81
NO4,20250211-1200,38.73
NO4,20250211-1300,34.94
NO4,20250211-0500,40.69
NO4,20250211-2100,37.44
NO4,20250211-0300,31.84
NO4,20250211-1000,42.76
NO4,20250211-1100,41.45
NO4,20250211-0900,52.48
SE3,20250211-0000,51.3
SE3,20250211-1800,116.56
SE3,20250211-2000,116.86
SE3,20250211-0600,91.97
SE3,20250211-1700,116.56
SE3,20250211-2200,107.43
SE3,20250211-0200,48.38
SE3,20250211-1900,107.43
SE3,20250211-0400,52.11
SE3,20250211-1400,96.69
SE3,20250211-0700,107.43
SE3,20250211-1500,105.17
SE3,20250211-1600,116.56
SE3,20250211-0800,96.69
SE3,20250211-0100,49.68
SE3,20250211-2300,102.19
SE3,20250211-1200,91.97
SE3,20250211-1300,91.97
SE3,20250211-0500,86.69
SE3,20250211-2100,116.86
SE3,20250211-0300,51.3
SE3,20250211-1000,91.97
SE3,20250211-1100,27.0
SE3,20250211-0900,91.97
FR,20250211-0000,60.78
FR,20250211-1800,238.57
FR,20250211-2000,129.51
FR,20250211-0600,129.51
FR,20250211-1700,210.41
FR,20250211-2200,109.86
FR,20250211-0200,48.73
FR,20250211-1900,199.49
FR,20250211-0400,58.8
FR,20250211-1400,121.74
FR,20250211-0700,141.29
FR,20250211-1500,116.86
FR,20250211-1600,129.51
FR,20250211-0800,184.06
FR,20250211-0100,57.0
FR,20250211-2300,102.19
FR,20250211-1200,129.51
FR,20250211-1300,129.51
FR,20250211-0500,96.32
FR,20250211-2100,127.35
FR,20250211-0300,56.81
FR,20250211-1000,153.72
FR,20250211-1100,129.51
FR,20250211-0900,190.18
FI,20250211-0000,12.74
FI,20250211-1800,10.62
FI,20250211-2000,9.5
FI,20250211-0600,57.0
FI,20250211-1700,12.71
FI,20250211-2200,9.5
FI,20250211-0200,9.5
FI,20250211-1900,9.5
FI,20250211-0400,12.69
FI,20250211-1400,16.56
FI,20250211-0700,57.0
FI,20250211-1500,12.84
FI,20250211-1600,12.79
FI,20250211-0800,57.0
FI,20250211-0100,10.56
FI,20250211-2300,9.5
FI,20250211-1200,57.0
FI,20250211-1300,57.0
FI,20250211-0500,30.0
FI,20250211-2100,9.5
FI,20250211-0300,9.5
FI,20250211-1000,95.01
FI,20250211-1100,92.81
FI,20250211-0900,75.34
PL,20250211-0000,102.19
PL,20250211-1800,116.86
PL,20250211-2000,102.19
PL,20250211-0600,116.86
PL,20250211-1700,116.86
PL,20250211-2200,102.19
PL,20250211-0200,102.19
PL,20250211-1900,111.69
PL,20250211-0400,102.19
PL,20250211-1400,102.19
PL,20250211-0700,116.86
PL,20250211-1500,116.86
PL,20250211-1600,116.86
PL,20250211-0800,107.43
PL,20250211-0100,102.19
PL,20250211-2300,102.19
PL,20250211-1200,102.19
PL,20250211-1300,102.19
PL,20250211-0500,116.86
PL,20250211-2100,102.19
PL,20250211-0300,102.19
PL,20250211-1000,102.19
PL,20250211-1100,102.19
PL,20250211-0900,102.19
IT-Calabria,20250211-0000,155.41
IT-Calabria,20250211-1800,238.57
IT-Calabria,20250211-2000,155.41
IT-Calabria,20250211-0600,155.41
IT-Calabria,20250211-1700,216.73
IT-Calabria,20250211-2200,155.41
IT-Calabria,20250211-0200,155.41
IT-Calabria,20250211-1900,199.49
IT-Calabria,20250211-0400,155.41
IT-Calabria,20250211-1400,155.41
IT-Calabria,20250211-0700,155.41
IT-Calabria,20250211-1500,155.41
IT-Calabria,20250211-1600,155.41
IT-Calabria,20250211-0800,155.41
IT-Calabria,20250211-0100,155.41
IT-Calabria,20250211-2300,155.41
IT-Calabria,20250211-1200,155.41
IT-Calabria,20250211-1300,155.41
IT-Calabria,20250211-0500,155.41
IT-Calabria,20250211-2100,155.41
IT-Calabria,20250211-0300,155.41
IT-Calabria,20250211-1000,155.41
IT-Calabria,20250211-1100,155.41
IT-Calabria,20250211-0900,155.41
AT,20250211-0000,83.84
AT,20250211-1800,136.32
AT,20250211-2000,136.32
AT,20250211-0600,136.32
AT,20250211-1700,207.69
AT,20250211-2200,124.24
AT,20250211-0200,82.09
AT,20250211-1900,136.32
AT,20250211-0400,82.13
AT,20250211-1400,136.32
AT,20250211-0700,141.29
AT,20250211-1500,136.32
AT,20250211-1600,136.32
AT,20250211-0800,136.32
AT,20250211-0100,75.87
AT,20250211-2300,119.14
AT,20250211-1200,131.59
AT,20250211-1300,136.32
AT,20250211-0500,113.42
AT,20250211-2100,136.32
AT,20250211-0300,79.62
AT,20250211-1000,136.32
AT,20250211-1100,131.62
AT,20250211-0900,136.32
SE2,20250211-0000,1.0
SE2,20250211-1800,72.33
SE2,20250211-2000,75.16
SE2,20250211-0600,68.51
SE2,20250211-1700,71.17
SE2,20250211-2200,61.7
SE2,20250211-0200,1.0
SE2,20250211-1900,76.71
SE2,20250211-0400,45.48
SE2,20250211-1400,71.65
SE2,20250211-0700,77.58
SE2,20250211-1500,66.82
SE2,20250211-1600,66.48
SE2,20250211-0800,75.39
SE2,20250211-0100,1.0
SE2,20250211-2300,46.27
SE2,20250211-1200,68.72
SE2,20250211-1300,70.88
SE2,20250211-0500,55.35
SE2,20250211-2100,68.89
SE2,20250211-0300,1.0
SE2,20250211-1000,66.75
SE2,20250211-1100,72.13
SE2,20250211-0900,72.46
IT-NORTH,20250211-0000,155.41
IT-NORTH,20250211-1800,238.57
IT-NORTH,20250211-2000,155.41
IT-NORTH,20250211-0600,155.41
IT-NORTH,20250211-1700,216.73
IT-NORTH,20250211-2200,155.41
IT-NORTH,20250211-0200,155.41
IT-NORTH,20250211-1900,199.49
IT-NORTH,20250211-0400,155.41
IT-NORTH,20250211-1400,214.92
IT-NORTH,20250211-0700,232.07
IT-NORTH,20250211-1500,216.93
IT-NORTH,20250211-1600,211.51
IT-NORTH,20250211-0800,501.68
IT-NORTH,20250211-0100,155.41
IT-NORTH,20250211-2300,155.41
IT-NORTH,20250211-1200,253.91
IT-NORTH,20250211-1300,348.16
IT-NORTH,20250211-0500,155.41
IT-NORTH,20250211-2100,155.41
IT-NORTH,20250211-0300,155.41
IT-NORTH,20250211-1000,430.0
IT-NORTH,20250211-1100,254.19
IT-NORTH,20250211-0900,473.43
LT,20250211-0000,75.34
LT,20250211-1800,129.51
LT,20250211-2000,123.33
LT,20250211-0600,129.51
LT,20250211-1700,129.51
LT,20250211-2200,96.32
LT,20250211-0200,75.34
LT,20250211-1900,129.51
LT,20250211-0400,107.43
LT,20250211-1400,129.51
LT,20250211-0700,129.51
LT,20250211-1500,129.51
LT,20250211-1600,133.24
LT,20250211-0800,129.51
LT,20250211-0100,75.34
LT,20250211-2300,83.54
LT,20250211-1200,96.32
LT,20250211-1300,115.64
LT,20250211-0500,129.51
LT,20250211-2100,96.32
LT,20250211-0300,83.28
LT,20250211-1000,96.32
LT,20250211-1100,96.32
LT,20250211-0900,107.43
PT,20250211-0000,60.78
PT,20250211-1800,238.57
PT,20250211-2000,230.14
PT,20250211-0600,126.32
PT,20250211-1700,209.43
PT,20250211-2200,109.86
PT,20250211-0200,48.73
PT,20250211-1900,238.57
PT,20250211-0400,58.8
PT,20250211-1400,96.32
PT,20250211-0700,141.29
PT,20250211-1500,116.86
PT,20250211-1600,129.51
PT,20250211-0800,147.23
PT,20250211-0100,57.0
PT,20250211-2300,102.19
PT,20250211-1200,96.32
PT,20250211-1300,96.32
PT,20250211-0500,96.32
PT,20250211-2100,129.51
PT,20250211-0300,56.81
PT,20250211-1000,129.51
PT,20250211-1100,96.32
PT,20250211-0900,129.51
NO2,20250211-0000,63.62
NO2,20250211-1800,116.56
NO2,20250211-2000,105.17
NO2,20250211-0600,93.61
NO2,20250211-1700,116.56
NO2,20250211-2200,96.69
NO2,20250211-0200,61.72
NO2,20250211-1900,105.17
NO2,20250211-0400,65.99
NO2,20250211-1400,102.22
NO2,20250211-0700,99.25
NO2,20250211-1500,105.17
NO2,20250211-1600,116.56
NO2,20250211-0800,96.69
NO2,20250211-0100,62.56
NO2,20250211-2300,93.61
NO2,20250211-1200,93.61
NO2,20250211-1300,93.61
NO2,20250211-0500,88.53
NO2,20250211-2100,105.17
NO2,20250211-0300,63.62
NO2,20250211-1000,93.61
NO2,20250211-1100,93.61
NO2,20250211-0900,93.61
LV,20250211-0000,75.34
LV,20250211-1800,129.51
LV,20250211-2000,123.33
LV,20250211-0600,129.51
LV,20250211-1700,129.51
LV,20250211-2200,96.32
LV,20250211-0200,75.34
LV,20250211-1900,129.51
LV,20250211-0400,99.52
LV,20250211-1400,129.51
LV,20250211-0700,129.51
LV,20250211-1500,129.51
LV,20250211-1600,133.24
LV,20250211-0800,129.51
LV,20250211-0100,75.34
LV,20250211-2300,83.54
LV,20250211-1200,96.32
LV,20250211-1300,115.64
LV,20250211-0500,129.51
LV,20250211-2100,96.32
LV,20250211-0300,83.28
LV,20250211-1000,96.32
LV,20250211-1100,96.32
LV,20250211-0900,107.43
NL,20250211-0000,96.32
NL,20250211-1800,129.51
NL,20250211-2000,116.86
NL,20250211-0600,107.43
NL,20250211-1700,129.51
NL,20250211-2200,107.43
NL,20250211-0200,96.32
NL,20250211-1900,116.86
NL,20250211-0400,102.19
NL,20250211-1400,107.43
NL,20250211-0700,107.43
NL,20250211-1500,116.86
NL,20250211-1600,129.51
NL,20250211-0800,107.43
NL,20250211-0100,96.32
NL,20250211-2300,107.43
NL,20250211-1200,107.43
NL,20250211-1300,107.43
NL,20250211-0500,102.19
NL,20250211-2100,116.86
NL,20250211-0300,96.32
NL,20250211-1000,107.43
NL,20250211-1100,107.43
NL,20250211-0900,107.43
NO5,20250211-0000,68.99
NO5,20250211-1800,116.56
NO5,20250211-2000,105.17
NO5,20250211-0600,94.33
NO5,20250211-1700,116.56
NO5,20250211-2200,96.69
NO5,20250211-0200,67.54
NO5,20250211-1900,105.17
NO5,20250211-0400,72.04
NO5,20250211-1400,100.93
NO5,20250211-0700,98.65
NO5,20250211-1500,105.17
NO5,20250211-1600,116.56
NO5,20250211-0800,96.69
NO5,20250211-0100,68.18
NO5,20250211-2300,94.33
NO5,20250211-1200,94.33
NO5,20250211-1300,94.33
NO5,20250211-0500,89.33
NO5,20250211-2100,105.17
NO5,20250211-0300,68.99
NO5,20250211-1000,94.33
NO5,20250211-1100,94.33
NO5,20250211-0900,94.33
BE,20250211-0000,96.32
BE,20250211-1800,224.22
BE,20250211-2000,129.51
BE,20250211-0600,129.51
BE,20250211-1700,310.97
BE,20250211-2200,129.51
BE,20250211-0200,75.04
BE,20250211-1900,211.59
BE,20250211-0400,96.32
BE,20250211-1400,129.51
BE,20250211-0700,129.51
BE,20250211-1500,129.51
BE,20250211-1600,196.81
BE,20250211-0800,129.51
BE,20250211-0100,75.76
BE,20250211-2300,129.51
BE,20250211-1200,129.51
BE,20250211-1300,129.51
BE,20250211-0500,129.51
BE,20250211-2100,129.51
BE,20250211-0300,76.66
BE,20250211-1000,129.51
BE,20250211-1100,129.51
BE,20250211-0900,129.51
RO,20250211-0000,129.51
RO,20250211-1800,458.83
RO,20250211-2000,206.11
RO,20250211-0600,225.95
RO,20250211-1700,250.0
RO,20250211-2200,129.51
RO,20250211-0200,116.86
RO,20250211-1900,221.91
RO,20250211-0400,129.51
RO,20250211-1400,129.51
RO,20250211-0700,187.32
RO,20250211-1500,206.49
RO,20250211-1600,226.51
RO,20250211-0800,129.51
RO,20250211-0100,129.51
RO,20250211-2300,129.51
RO,20250211-1200,121.66
RO,20250211-1300,129.51
RO,20250211-0500,225.09
RO,20250211-2100,184.31
RO,20250211-0300,116.88
RO,20250211-1000,116.86
RO,20250211-1100,116.86
RO,20250211-0900,129.51
DK2,20250211-0000,60.78
DK2,20250211-1800,129.51
DK2,20250211-2000,89.61
DK2,20250211-0600,95.6
DK2,20250211-1700,129.51
DK2,20250211-2200,76.93
DK2,20250211-0200,48.73
DK2,20250211-1900,110.25
DK2,20250211-0400,58.8
DK2,20250211-1400,88.8
DK2,20250211-0700,95.35
DK2,20250211-1500,96.15
DK2,20250211-1600,129.51
DK2,20250211-0800,90.14
DK2,20250211-0100,57.0
DK2,20250211-2300,72.36
DK2,20250211-1200,76.93
DK2,20250211-1300,83.84
DK2,20250211-0500,92.56
DK2,20250211-2100,76.93
DK2,20250211-0300,56.81
DK2,20250211-1000,76.93
DK2,20250211-1100,69.2
DK2,20250211-0900,80.9
BG,20250211-0000,129.51
BG,20250211-1800,258.81
BG,20250211-2000,196.98
BG,20250211-0600,164.47
BG,20250211-1700,333.41
BG,20250211-2200,129.51
BG,20250211-0200,116.86
BG,20250211-1900,232.42
BG,20250211-0400,129.51
BG,20250211-1400,129.51
BG,20250211-0700,155.99
BG,20250211-1500,243.39
BG,20250211-1600,370.81
BG,20250211-0800,129.51
BG,20250211-0100,129.39
BG,20250211-2300,129.51
BG,20250211-1200,121.66
BG,20250211-1300,129.51
BG,20250211-0500,155.41
BG,20250211-2100,157.19
BG,20250211-0300,116.88
BG,20250211-1000,116.86
BG,20250211-1100,116.86
BG,20250211-0900,129.51
IT-CSOUTH,20250211-0000,155.41
IT-CSOUTH,20250211-1800,238.57
IT-CSOUTH,20250211-2000,155.41
IT-CSOUTH,20250211-0600,155.41
IT-CSOUTH,20250211-1700,216.73
IT-CSOUTH,20250211-2200,155.41
IT-CSOUTH,20250211-0200,155.41
IT-CSOUTH,20250211-1900,199.49
IT-CSOUTH,20250211-0400,155.41
IT-CSOUTH,20250211-1400,155.41
IT-CSOUTH,20250211-0700,200.82
IT-CSOUTH,20250211-1500,216.93
IT-CSOUTH,20250211-1600,211.51
IT-CSOUTH,20250211-0800,155.41
IT-CSOUTH,20250211-0100,155.41
IT-CSOUTH,20250211-2300,155.41
IT-CSOUTH,20250211-1200,155.41
IT-CSOUTH,20250211-1300,155.41
IT-CSOUTH,20250211-0500,155.41
IT-CSOUTH,20250211-2100,155.41
IT-CSOUTH,20250211-0300,155.41
IT-CSOUTH,20250211-1000,155.41
IT-CSOUTH,20250211-1100,155.41
IT-CSOUTH,20250211-0900,155.41
CZ,20250211-0000,83.01
CZ,20250211-1800,116.86
CZ,20250211-2000,116.86
CZ,20250211-0600,116.86
CZ,20250211-1700,116.86
CZ,20250211-2200,102.19
CZ,20250211-0200,83.01
CZ,20250211-1900,116.86
CZ,20250211-0400,102.19
CZ,20250211-1400,116.86
CZ,20250211-0700,116.86
CZ,20250211-1500,116.86
CZ,20250211-1600,116.86
CZ,20250211-0800,116.86
CZ,20250211-0100,83.01
CZ,20250211-2300,102.19
CZ,20250211-1200,102.19
CZ,20250211-1300,102.19
CZ,20250211-0500,116.86
CZ,20250211-2100,111.69
CZ,20250211-0300,83.28
CZ,20250211-1000,96.32
CZ,20250211-1100,96.32
CZ,20250211-0900,102.19
NO3,20250211-0000,68.99
NO3,20250211-1800,129.51
NO3,20250211-2000,105.17
NO3,20250211-0600,94.33
NO3,20250211-1700,129.51
NO3,20250211-2200,96.69
NO3,20250211-0200,67.54
NO3,20250211-1900,116.86
NO3,20250211-0400,72.04
NO3,20250211-1400,112.15
NO3,20250211-0700,98.65
NO3,20250211-1500,116.86
NO3,20250211-1600,116.56
NO3,20250211-0800,107.43
NO3,20250211-0100,68.18
NO3,20250211-2300,94.33
NO3,20250211-1200,104.81
NO3,20250211-1300,104.81
NO3,20250211-0500,99.26
NO3,20250211-2100,105.17
NO3,20250211-0300,68.99
NO3,20250211-1000,104.81
NO3,20250211-1100,104.81
NO3,20250211-0900,104.81
NO1,20250211-0000,76.66
NO1,20250211-1800,129.51
NO1,20250211-2000,3000.0
NO1,20250211-0600,104.81
NO1,20250211-1700,129.51
NO1,20250211-2200,107.43
NO1,20250211-0200,75.04
NO1,20250211-1900,3000.0
NO1,20250211-0400,80.04
NO1,20250211-1400,112.15
NO1,20250211-0700,109.62
NO1,20250211-1500,116.86
NO1,20250211-1600,129.51
NO1,20250211-0800,107.43
NO1,20250211-0100,75.76
NO1,20250211-2300,104.81
NO1,20250211-1200,104.81
NO1,20250211-1300,104.81
NO1,20250211-0500,99.26
NO1,20250211-2100,250.0
NO1,20250211-0300,76.66
NO1,20250211-1000,104.81
NO1,20250211-1100,104.81
NO1,20250211-0900,104.81
DE_LU,20250211-0000,60.78
DE_LU,20250211-1800,129.51
DE_LU,20250211-2000,116.86
DE_LU,20250211-0600,102.19
DE_LU,20250211-1700,129.51
DE_LU,20250211-2200,109.86
DE_LU,20250211-0200,48.73
DE_LU,20250211-1900,116.86
DE_LU,20250211-0400,58.8
DE_LU,20250211-1400,116.86
DE_LU,20250211-0700,111.8
DE_LU,20250211-1500,116.86
DE_LU,20250211-1600,129.51
DE_LU,20250211-0800,107.43
DE_LU,20250211-0100,57.0
DE_LU,20250211-2300,102.19
DE_LU,20250211-1200,108.59
DE_LU,20250211-1300,116.86
DE_LU,20250211-0500,96.32
DE_LU,20250211-2100,116.86
DE_LU,20250211-0300,56.81
DE_LU,20250211-1000,102.19
DE_LU,20250211-1100,102.19
DE_LU,20250211-0900,102.19
SK,20250211-0000,76.66
SK,20250211-1800,129.51
SK,20250211-2000,116.86
SK,20250211-0600,104.81
SK,20250211-1700,129.51
SK,20250211-2200,107.43
SK,20250211-0200,75.04
SK,20250211-1900,116.86
SK,20250211-0400,80.04
SK,20250211-1400,112.15
SK,20250211-0700,109.62
SK,20250211-1500,116.86
SK,20250211-1600,129.51
SK,20250211-0800,107.43
SK,20250211-0100,75.76
SK,20250211-2300,104.81
SK,20250211-1200,104.81
SK,20250211-1300,104.81
SK,20250211-0500,99.26
SK,20250211-2100,116.86
SK,20250211-0300,76.66
SK,20250211-1000,104.81
SK,20250211-1100,104.81
SK,20250211-0900,104.81
EE,20250211-0000,75.34
EE,20250211-1800,129.51
EE,20250211-2000,123.33
EE,20250211-0600,129.51
EE,20250211-1700,129.51
EE,20250211-2200,96.32
EE,20250211-0200,75.34
EE,20250211-1900,129.51
EE,20250211-0400,99.52
EE,20250211-1400,129.51
EE,20250211-0700,129.51
EE,20250211-1500,129.51
EE,20250211-1600,133.24
EE,20250211-0800,129.51
EE,20250211-0100,75.34
EE,20250211-2300,83.54
EE,20250211-1200,96.32
EE,20250211-1300,115.64
EE,20250211-0500,129.51
EE,20250211-2100,96.32
EE,20250211-0300,83.28
EE,20250211-1000,96.32
EE,20250211-1100,96.32
EE,20250211-0900,107.43
SE4,20250211-0000,69.43
SE4,20250211-1800,113.32
SE4,20250211-2000,89.61
SE4,20250211-0600,95.6
SE4,20250211-1700,113.32
SE4,20250211-2200,76.93
SE4,20250211-0200,61.7
SE4,20250211-1900,106.48
SE4,20250211-0400,65.44
SE4,20250211-1400,88.8
SE4,20250211-0700,95.35
SE4,20250211-1500,96.15
SE4,20250211-1600,114.65
SE4,20250211-0800,90.14
SE4,20250211-0100,61.7
SE4,20250211-2300,72.36
SE4,20250211-1200,76.93
SE4,20250211-1300,83.84
SE4,20250211-0500,92.56
SE4,20250211-2100,76.93
SE4,20250211-0300,56.81
SE4,20250211-1000,76.93
SE4,20250211-1100,69.2
SE4,20250211-0900,80.9
SI,20250408-0900,9.5
SI,20250408-0400,103.73
SI,20250408-0800,9.5
SI,20250408-0100,50.99
SI,20250408-0200,73.49
SI,20250408-1400,82.66
SI,20250408-0300,89.68
SI,20250408-1600,103.73
SI,20250408-1800,103.73
SI,20250408-2100,86.84
SI,20250408-2300,103.73
SI,20250408-1000,9.5
SI,20250408-0500,109.88
SI,20250408-1300,58.91
SI,20250408-2200,103.73
SI,20250408-1200,10.71
SI,20250408-1100,10.54
SI,20250408-1700,103.73
SI,20250408-0700,12.5
SI,20250408-2000,103.73
SI,20250408-0600,50.99
SI,20250408-1900,103.73
SI,20250408-1500,93.97
SI,20250408-0000,30.0
ES,20250408-0900,5.0
ES,20250408-0400,86.44
ES,20250408-0800,12.53
ES,20250408-0100,57.0
ES,20250408-0200,51.92
ES,20250408-1400,4.55
ES,20250408-0300,70.18
ES,20250408-1600,10.52
ES,20250408-1800,103.73
ES,20250408-2100,86.44
ES,20250408-2300,52.6
ES,20250408-1000,4.55
ES,20250408-0500,150.1
ES,20250408-1300,4.55
ES,20250408-2200,68.47
ES,20250408-1200,4.55
ES,20250408-1100,4.55
ES,20250408-1700,86.44
ES,20250408-0700,86.44
ES,20250408-2000,86.44
ES,20250408-0600,103.93
ES,20250408-1900,159.23
ES,20250408-1500,5.0
ES,20250408-0000,65.98
GR,20250408-0900,80.52
GR,20250408-0400,101.15
GR,20250408-0800,86.44
GR,20250408-0100,86.44
GR,20250408-0200,86.44
GR,20250408-1400,86.44
GR,20250408-0300,93.97
GR,20250408-1600,152.18
GR,20250408-1800,206.39
GR,20250408-2100,93.97
GR,20250408-2300,86.44
GR,20250408-1000,58.91
GR,20250408-0500,101.39
GR,20250408-1300,86.44
GR,20250408-2200,86.44
GR,20250408-1200,86.44
GR,20250408-1100,58.91
GR,20250408-1700,235.41
GR,20250408-0700,86.44
GR,20250408-2000,120.11
GR,20250408-0600,86.44
GR,20250408-1900,157.19
GR,20250408-1500,93.97
GR,20250408-0000,86.44
IT-CNORTH,20250408-0900,103.73
IT-CNORTH,20250408-0400,103.73
IT-CNORTH,20250408-0800,103.73
IT-CNORTH,20250408-0100,103.73
IT-CNORTH,20250408-0200,103.73
IT-CNORTH,20250408-1400,103.73
IT-CNORTH,20250408-0300,103.73
IT-CNORTH,20250408-1600,103.73
IT-CNORTH,20250408-1800,103.73
IT-CNORTH,20250408-2100,103.73
IT-CNORTH,20250408-2300,103.73
IT-CNORTH,20250408-1000,103.73
IT-CNORTH,20250408-0500,150.1
IT-CNORTH,20250408-1300,103.73
IT-CNORTH,20250408-2200,103.73
IT-CNORTH,20250408-1200,103.73
IT-CNORTH,20250408-1100,103.73
IT-CNORTH,20250408-1700,103.73
IT-CNORTH,20250408-0700,103.73
IT-CNORTH,20250408-2000,103.73
IT-CNORTH,20250408-0600,103.93
IT-CNORTH,20250408-1900,103.73
IT-CNORTH,20250408-1500,103.73
IT-CNORTH,20250408-0000,103.73
HU,20250408-0900,9.5
HU,20250408-0400,103.73
HU,20250408-0800,9.5
HU,20250408-0100,50.99
HU,20250408-0200,73.49
HU,20250408-1400,82.66
HU,20250408-0300,89.68
HU,20250408-1600,103.73
HU,20250408-1800,206.39
HU,20250408-2100,86.84
HU,20250408-2300,86.44
HU,20250408-1000,9.5
HU,20250408-0500,109.88
HU,20250408-1300,58.91
HU,20250408-2200,86.44
HU,20250408-1200,10.71
HU,20250408-1100,10.54
HU,20250408-1700,235.41
HU,20250408-0700,12.5
HU,20250408-2000,103.73
HU,20250408-0600,50.99
HU,20250408-1900,103.73
HU,20250408-1500,93.97
HU,20250408-0000,30.0
IT-SOUTH,20250408-0900,98.15
IT-SOUTH,20250408-0400,103.73
IT-SOUTH,20250408-0800,103.73
IT-SOUTH,20250408-0100,103.73
IT-SOUTH,20250408-0200,103.73
IT-SOUTH,20250408-1400,103.73
IT-SOUTH,20250408-0300,103.73
IT-SOUTH,20250408-1600,103.73
IT-SOUTH,20250408-1800,103.73
IT-SOUTH,20250408-2100,103.73
IT-SOUTH,20250408-2300,103.73
IT-SOUTH,20250408-1000,68.4
IT-SOUTH,20250408-0500,103.73
IT-SOUTH,20250408-1300,90.0
IT-SOUTH,20250408-2200,103.73
IT-SOUTH,20250408-1200,2.85
IT-SOUTH,20250408-1100,1.0
IT-SOUTH,20250408-1700,103.73
IT-SOUTH,20250408-0700,103.73
IT-SOUTH,20250408-2000,103.73
IT-SOUTH,20250408-0600,103.73
IT-SOUTH,20250408-1900,103.73
IT-SOUTH,20250408-1500,103.73
IT-SOUTH,20250408-0000,103.73
IT-Sicily,20250408-0900,98.15
IT-Sicily,20250408-0400,103.73
IT-Sicily,20250408-0800,103.73
IT-Sicily,20250408-0100,103.73
IT-Sicily,20250408-0200,103.73
IT-Sicily,20250408-1400,103.73
IT-Sicily,20250408-0300,103.73
IT-Sicily,20250408-1600,103.73
IT-Sicily,20250408-1800,103.73
IT-Sicily,20250408-2100,103.73
IT-Sicily,20250408-2300,103.73
IT-Sicily,20250408-1000,68.4
IT-Sicily,20250408-0500,103.73
IT-Sicily,20250408-1300,90.0
IT-Sicily,20250408-2200,103.73
IT-Sicily,20250408-1200,2.85
IT-Sicily,20250408-1100,1.0
IT-Sicily,20250408-1700,103.73
IT-Sicily,20250408-0700,103.73
IT-Sicily,20250408-2000,103.73
IT-Sicily,20250408-0600,103.73
IT-Sicily,20250408-1900,103.73
IT-Sicily,20250408-1500,103.73
IT-Sicily,20250408-0000,103.73
IT-Sardinia,20250408-0900,98.15
IT-Sardinia,20250408-0400,103.73
IT-Sardinia,20250408-0800,103.73
IT-Sardinia,20250408-0100,103.73
IT-Sardinia,20250408-0200,103.73
IT-Sardinia,20250408-1400,103.73
IT-Sardinia,20250408-0300,103.73
IT-Sardinia,20250408-1600,103.73
IT-Sardinia,20250408-1800,103.73
IT-Sardinia,20250408-2100,103.73
IT-Sardinia,20250408-2300,103.73
IT-Sardinia,20250408-1000,68.4
IT-Sardinia,20250408-0500,103.73
IT-Sardinia,20250408-1300,90.41
IT-Sardinia,20250408-2200,103.73
IT-Sardinia,20250408-1200,2.85
IT-Sardinia,20250408-1100,1.0
IT-Sardinia,20250408-1700,103.73
IT-Sardinia,20250408-0700,103.73
IT-Sardinia,20250408-2000,103.73
IT-Sardinia,20250408-0600,103.73
IT-Sardinia,20250408-1900,103.73
IT-Sardinia,20250408-1500,103.73
IT-Sardinia,20250408-0000,103.73
RS,20250408-0900,80.52
RS,20250408-0400,101.15
RS,20250408-0800,86.44
RS,20250408-0100,86.44
RS,20250408-0200,86.44
RS,20250408-1400,86.44
RS,20250408-0300,93.97
RS,20250408-1600,124.3
RS,20250408-1800,206.39
RS,20250408-2100,93.97
RS,20250408-2300,86.44
RS,20250408-1000,58.91
RS,20250408-0500,109.88
RS,20250408-1300,86.44
RS,20250408-2200,86.44
RS,20250408-1200,86.44
RS,20250408-1100,58.91
RS,20250408-1700,235.41
RS,20250408-0700,86.44
RS,20250408-2000,120.11
RS,20250408-0600,93.97
RS,20250408-1900,157.19
RS,20250408-1500,93.97
RS,20250408-0000,86.44
DK1,20250408-0900,85.71
DK1,20250408-0400,103.73
DK1,20250408-0800,86.44
DK1,20250408-0100,93.97
DK1,20250408-0200,93.97
DK1,20250408-1400,86.44
DK1,20250408-0300,93.97
DK1,20250408-1600,94.79
DK1,20250408-1800,118.81
DK1,20250408-2100,93.97
DK1,20250408-2300,93.97
DK1,20250408-1000,129.68
DK1,20250408-0500,150.1
DK1,20250408-1300,85.71
DK1,20250408-2200,93.97
DK1,20250408-1200,181.64
DK1,20250408-1100,3000.0
DK1,20250408-1700,103.73
DK1,20250408-0700,93.97
DK1,20250408-2000,94.79
DK1,20250408-0600,103.93
DK1,20250408-1900,103.73
DK1,20250408-1500,90.99
DK1,20250408-0000,93.97
CH,20250408-0900,85.71
CH,20250408-0400,103.73
CH,20250408-0800,86.44
CH,20250408-0100,93.97
CH,20250408-0200,93.97
CH,20250408-1400,86.44
CH,20250408-0300,93.97
CH,20250408-1600,94.79
CH,20250408-1800,103.73
CH,20250408-2100,93.97
CH,20250408-2300,93.97
CH,20250408-1000,73.07
CH,20250408-0500,150.1
CH,20250408-1300,85.71
CH,20250408-2200,93.97
CH,20250408-1200,68.95
CH,20250408-1100,68.95
CH,20250408-1700,103.73
CH,20250408-0700,93.97
CH,20250408-2000,94.79
CH,20250408-0600,103.93
CH,20250408-1900,103.73
CH,20250408-1500,90.99
CH,20250408-0000,93.97
SE1,20250408-0900,56.03
SE1,20250408-0400,1.0
SE1,20250408-0800,60.76
SE1,20250408-0100,33.8
SE1,20250408-0200,1.0
SE1,20250408-1400,1.0
SE1,20250408-0300,1.0
SE1,20250408-1600,1.0
SE1,20250408-1800,1.0
SE1,20250408-2100,1.0
SE1,20250408-2300,1.0
SE1,20250408-1000,54.37
SE1,20250408-0500,34.2
SE1,20250408-1300,33.35
SE1,20250408-2200,1.0
SE1,20250408-1200,36.35
SE1,20250408-1100,50.12
SE1,20250408-1700,1.0
SE1,20250408-0700,49.55
SE1,20250408-2000,1.0
SE1,20250408-0600,34.95
SE1,20250408-1900,1.0
SE1,20250408-1500,1.0
SE1,20250408-0000,43.51
NO4,20250408-0900,24.55
NO4,20250408-0400,27.31
NO4,20250408-0800,30.98
NO4,20250408-0100,27.27
NO4,20250408-0200,26.37
NO4,20250408-1400,22.71
NO4,20250408-0300,25.24
NO4,20250408-1600,24.82
NO4,20250408-1800,27.93
NO4,20250408-2100,27.46
NO4,20250408-2300,21.57
NO4,20250408-1000,23.73
NO4,20250408-0500,29.87
NO4,20250408-1300,19.11
NO4,20250408-2200,21.86
NO4,20250408-1200,20.68
NO4,20250408-1100,22.02
NO4,20250408-1700,25.43
NO4,20250408-0700,32.97
NO4,20250408-2000,29.49
NO4,20250408-0600,35.03
NO4,20250408-1900,30.6
NO4,20250408-1500,25.21
NO4,20250408-0000,29.98
SE3,20250408-0900,77.14
SE3,20250408-0400,90.99
SE3,20250408-0800,77.8
SE3,20250408-0100,84.57
SE3,20250408-0200,84.57
SE3,20250408-1400,77.14
SE3,20250408-0300,84.57
SE3,20250408-1600,84.57
SE3,20250408-1800,90.99
SE3,20250408-2100,84.57
SE3,20250408-2300,84.57
SE3,20250408-1000,90.99
SE3,20250408-0500,90.99
SE3,20250408-1300,77.14
SE3,20250408-2200,84.57
SE3,20250408-1200,90.99
SE3,20250408-1100,90.99
SE3,20250408-1700,90.99
SE3,20250408-0700,84.57
SE3,20250408-2000,84.57
SE3,20250408-0600,90.99
SE3,20250408-1900,90.99
SE3,20250408-1500,77.8
SE3,20250408-0000,84.57
FR,20250408-0900,33.03
FR,20250408-0400,86.44
FR,20250408-0800,44.18
FR,20250408-0100,57.0
FR,20250408-0200,51.92
FR,20250408-1400,17.34
FR,20250408-0300,70.18
FR,20250408-1600,35.36
FR,20250408-1800,103.73
FR,20250408-2100,86.44
FR,20250408-2300,52.6
FR,20250408-1000,29.34
FR,20250408-0500,150.1
FR,20250408-1300,17.34
FR,20250408-2200,68.47
FR,20250408-1200,23.75
FR,20250408-1100,28.69
FR,20250408-1700,86.44
FR,20250408-0700,86.44
FR,20250408-2000,75.46
FR,20250408-0600,103.93
FR,20250408-1900,86.71
FR,20250408-1500,33.15
FR,20250408-0000,65.98
FI,20250408-0900,50.99
FI,20250408-0400,83.21
FI,20250408-0800,57.0
FI,20250408-0100,70.32
FI,20250408-0200,76.29
FI,20250408-1400,50.99
FI,20250408-0300,85.71
FI,20250408-1600,12.68
FI,20250408-1800,9.5
FI,20250408-2100,9.5
FI,20250408-2300,5.0
FI,20250408-1000,39.66
FI,20250408-0500,76.98
FI,20250408-1300,50.06
FI,20250408-2200,5.0
FI,20250408-1200,43.75
FI,20250408-1100,39.66
FI,20250408-1700,9.5
FI,20250408-0700,76.29
FI,20250408-2000,9.5
FI,20250408-0600,85.71
FI,20250408-1900,9.5
FI,20250408-1500,39.66
FI,20250408-0000,75.34
PL,20250408-0900,80.74
PL,20250408-0400,93.97
PL,20250408-0800,85.71
PL,20250408-0100,85.71
PL,20250408-0200,85.71
PL,20250408-1400,85.71
PL,20250408-0300,85.71
PL,20250408-1600,93.97
PL,20250408-1800,93.97
PL,20250408-2100,93.97
PL,20250408-2300,85.71
PL,20250408-1000,58.91
PL,20250408-0500,93.97
PL,20250408-1300,83.34
PL,20250408-2200,85.71
PL,20250408-1200,58.91
PL,20250408-1100,58.91
PL,20250408-1700,93.97
PL,20250408-0700,85.71
PL,20250408-2000,93.97
PL,20250408-0600,86.44
PL,20250408-1900,100.71
PL,20250408-1500,85.71
PL,20250408-0000,85.71
IT-Calabria,20250408-0900,98.15
IT-Calabria,20250408-0400,103.73
IT-Calabria,20250408-0800,103.73
IT-Calabria,20250408-0100,103.73
IT-Calabria,20250408-0200,103.73
IT-Calabria,20250408-1400,103.73
IT-Calabria,20250408-0300,103.73
IT-Calabria,20250408-1600,103.73
IT-Calabria,20250408-1800,103.73
IT-Calabria,20250408-2100,103.73
IT-Calabria,20250408-2300,103.73
IT-Calabria,20250408-1000,68.4
IT-Calabria,20250408-0500,103.73
IT-Calabria,20250408-1300,90.0
IT-Calabria,20250408-2200,103.73
IT-Calabria,20250408-1200,2.85
IT-Calabria,20250408-1100,1.0
IT-Calabria,20250408-1700,103.73
IT-Calabria,20250408-0700,103.73
IT-Calabria,20250408-2000,103.73
IT-Calabria,20250408-0600,103.73
IT-Calabria,20250408-1900,103.73
IT-Calabria,20250408-1500,103.73
IT-Calabria,20250408-0000,103.73
AT,20250408-0900,85.71
AT,20250408-0400,103.73
AT,20250408-0800,86.44
AT,20250408-0100,90.99
AT,20250408-0200,90.99
AT,20250408-1400,86.44
AT,20250408-0300,93.97
AT,20250408-1600,94.79
AT,20250408-1800,103.73
AT,20250408-2100,90.99
AT,20250408-2300,90.99
AT,20250408-1000,73.07
AT,20250408-0500,150.1
AT,20250408-1300,86.44
AT,20250408-2200,90.99
AT,20250408-1200,68.95
AT,20250408-1100,68.95
AT,20250408-1700,103.73
AT,20250408-0700,90.99
AT,20250408-2000,94.79
AT,20250408-0600,90.99
AT,20250408-1900,103.73
AT,20250408-1500,90.99
AT,20250408-0000,90.99
SE2,20250408-0900,51.66
SE2,20250408-0400,40.58
SE2,20250408-0800,60.76
SE2,20250408-0100,48.59
SE2,20250408-0200,47.53
SE2,20250408-1400,1.0
SE2,20250408-0300,45.12
SE2,20250408-1600,1.0
SE2,20250408-1800,1.0
SE2,20250408-2100,1.0
SE2,20250408-2300,1.0
SE2,20250408-1000,54.37
SE2,20250408-0500,49.31
SE2,20250408-1300,33.35
SE2,20250408-2200,1.0
SE2,20250408-1200,36.35
SE2,20250408-1100,50.12
SE2,20250408-1700,1.0
SE2,20250408-0700,51.91
SE2,20250408-2000,1.0
SE2,20250408-0600,43.7
SE2,20250408-1900,1.0
SE2,20250408-1500,1.0
SE2,20250408-0000,50.16
IT-NORTH,20250408-0900,103.73
IT-NORTH,20250408-0400,103.73
IT-NORTH,20250408-0800,103.73
IT-NORTH,20250408-0100,103.73
IT-NORTH,20250408-0200,103.73
IT-NORTH,20250408-1400,103.73
IT-NORTH,20250408-0300,103.73
IT-NORTH,20250408-1600,103.73
IT-NORTH,20250408-1800,103.73
IT-NORTH,20250408-2100,103.73
IT-NORTH,20250408-2300,103.73
IT-NORTH,20250408-1000,103.73
IT-NORTH,20250408-0500,150.1
IT-NORTH,20250408-1300,103.73
IT-NORTH,20250408-2200,103.73
IT-NORTH,20250408-1200,103.73
IT-NORTH,20250408-1100,103.73
IT-NORTH,20250408-1700,103.73
IT-NORTH,20250408-0700,103.73
IT-NORTH,20250408-2000,103.73
IT-NORTH,20250408-0600,103.93
IT-NORTH,20250408-1900,103.73
IT-NORTH,20250408-1500,103.73
IT-NORTH,20250408-0000,103.73
LT,20250408-0900,49.18
LT,20250408-0400,83.21
LT,20250408-0800,50.92
LT,20250408-0100,70.32
LT,20250408-0200,76.29
LT,20250408-1400,54.69
LT,20250408-0300,85.71
LT,20250408-1600,90.99
LT,20250408-1800,90.99
LT,20250408-2100,78.5
LT,20250408-2300,76.29
LT,20250408-1000,39.66
LT,20250408-0500,86.44
LT,20250408-1300,50.06
LT,20250408-2200,76.29
LT,20250408-1200,43.75
LT,20250408-1100,39.66
LT,20250408-1700,90.99
LT,20250408-0700,76.29
LT,20250408-2000,82.87
LT,20250408-0600,85.71
LT,20250408-1900,86.44
LT,20250408-1500,81.53
LT,20250408-0000,68.36
PT,20250408-0900,5.0
PT,20250408-0400,86.44
PT,20250408-0800,12.53
PT,20250408-0100,57.0
PT,20250408-0200,51.92
PT,20250408-1400,4.55
PT,20250408-0300,70.18
PT,20250408-1600,10.52
PT,20250408-1800,103.73
PT,20250408-2100,86.44
PT,20250408-2300,52.6
PT,20250408-1000,4.55
PT,20250408-0500,86.44
PT,20250408-1300,4.55
PT,20250408-2200,68.47
PT,20250408-1200,4.55
PT,20250408-1100,4.55
PT,20250408-1700,86.44
PT,20250408-0700,86.44
PT,20250408-2000,86.44
PT,20250408-0600,103.93
PT,20250408-1900,159.23
PT,20250408-1500,5.0
PT,20250408-0000,65.98
NO2,20250408-0900,77.14
NO2,20250408-0400,90.99
NO2,20250408-0800,77.8
NO2,20250408-0100,84.57
NO2,20250408-0200,84.57
NO2,20250408-1400,77.14
NO2,20250408-0300,84.57
NO2,20250408-1600,84.57
NO2,20250408-1800,90.99
NO2,20250408-2100,84.57
NO2,20250408-2300,84.57
NO2,20250408-1000,56.7
NO2,20250408-0500,90.99
NO2,20250408-1300,77.14
NO2,20250408-2200,84.57
NO2,20250408-1200,53.02
NO2,20250408-1100,53.02
NO2,20250408-1700,90.99
NO2,20250408-0700,84.57
NO2,20250408-2000,84.57
NO2,20250408-0600,90.99
NO2,20250408-1900,90.99
NO2,20250408-1500,77.8
NO2,20250408-0000,84.57
LV,20250408-0900,49.18
LV,20250408-0400,83.21
LV,20250408-0800,50.92
LV,20250408-0100,70.32
LV,20250408-0200,76.29
LV,20250408-1400,54.69
LV,20250408-0300,85.71
LV,20250408-1600,90.99
LV,20250408-1800,90.99
LV,20250408-2100,78.5
LV,20250408-2300,76.29
LV,20250408-1000,39.66
LV,20250408-0500,86.44
LV,20250408-1300,50.06
LV,20250408-2200,76.29
LV,20250408-1200,43.75
LV,20250408-1100,39.66
LV,20250408-1700,90.99
LV,20250408-0700,76.29
LV,20250408-2000,82.87
LV,20250408-0600,85.71
LV,20250408-1900,86.44
LV,20250408-1500,81.53
LV,20250408-0000,68.36
NL,20250408-0900,85.71
NL,20250408-0400,86.44
NL,20250408-0800,86.44
NL,20250408-0100,86.44
NL,20250408-0200,86.44
NL,20250408-1400,86.44
NL,20250408-0300,86.44
NL,20250408-1600,86.44
NL,20250408-1800,86.44
NL,20250408-2100,86.44
NL,20250408-2300,86.44
NL,20250408-1000,50.99
NL,20250408-0500,86.44
NL,20250408-1300,85.71
NL,20250408-2200,86.44
NL,20250408-1200,50.22
NL,20250408-1100,50.22
NL,20250408-1700,86.44
NL,20250408-0700,86.44
NL,20250408-2000,86.44
NL,20250408-0600,86.44
NL,20250408-1900,86.44
NL,20250408-1500,86.44
NL,20250408-0000,86.44
NO5,20250408-0900,77.14
NO5,20250408-0400,85.58
NO5,20250408-0800,77.8
NO5,20250408-0100,81.18
NO5,20250408-0200,81.18
NO5,20250408-1400,77.14
NO5,20250408-0300,81.18
NO5,20250408-1600,81.18
NO5,20250408-1800,90.99
NO5,20250408-2100,81.18
NO5,20250408-2300,81.18
NO5,20250408-1000,51.3
NO5,20250408-0500,90.99
NO5,20250408-1300,77.14
NO5,20250408-2200,81.18
NO5,20250408-1200,49.11
NO5,20250408-1100,49.11
NO5,20250408-1700,85.58
NO5,20250408-0700,81.18
NO5,20250408-2000,81.18
NO5,20250408-0600,85.67
NO5,20250408-1900,85.58
NO5,20250408-1500,77.8
NO5,20250408-0000,81.18
BE,20250408-0900,12.5
BE,20250408-0400,86.44
BE,20250408-0800,50.99
BE,20250408-0100,81.18
BE,20250408-0200,81.18
BE,20250408-1400,10.53
BE,20250408-0300,86.44
BE,20250408-1600,81.18
BE,20250408-1800,90.99
BE,20250408-2100,86.44
BE,20250408-2300,81.18
BE,20250408-1000,9.5
BE,20250408-0500,90.99
BE,20250408-1300,9.5
BE,20250408-2200,81.18
BE,20250408-1200,9.5
BE,20250408-1100,9.5
BE,20250408-1700,86.44
BE,20250408-0700,81.18
BE,20250408-2000,86.44
BE,20250408-0600,86.44
BE,20250408-1900,86.44
BE,20250408-1500,57.0
BE,20250408-0000,81.18
RO,20250408-0900,80.52
RO,20250408-0400,101.15
RO,20250408-0800,86.44
RO,20250408-0100,86.44
RO,20250408-0200,86.44
RO,20250408-1400,86.44
RO,20250408-0300,93.97
RO,20250408-1600,152.18
RO,20250408-1800,206.39
RO,20250408-2100,93.97
RO,20250408-2300,86.44
RO,20250408-1000,58.91
RO,20250408-0500,109.88
RO,20250408-1300,86.44
RO,20250408-2200,86.44
RO,20250408-1200,86.44
RO,20250408-1100,58.91
RO,20250408-1700,235.41
RO,20250408-0700,86.44
RO,20250408-2000,120.11
RO,20250408-0600,93.97
RO,20250408-1900,157.19
RO,20250408-1500,93.97
RO,20250408-0000,86.44
DK2,20250408-0900,85.71
DK2,20250408-0400,103.73
DK2,20250408-0800,86.44
DK2,20250408-0100,93.97
DK2,20250408-0200,93.97
DK2,20250408-1400,86.44
DK2,20250408-0300,93.97
DK2,20250408-1600,139.98
DK2,20250408-1800,139.98
DK2,20250408-2100,93.97
DK2,20250408-2300,93.97
DK2,20250408-1000,129.68
DK2,20250408-0500,150.1
DK2,20250408-1300,85.71
DK2,20250408-2200,93.97
DK2,20250408-1200,86.44
DK2,20250408-1100,103.05
DK2,20250408-1700,139.98
DK2,20250408-0700,93.97
DK2,20250408-2000,108.22
DK2,20250408-0600,103.93
DK2,20250408-1900,139.98
DK2,20250408-1500,111.03
DK2,20250408-0000,93.97
BG,20250408-0900,80.52
BG,20250408-0400,101.15
BG,20250408-0800,86.44
BG,20250408-0100,86.44
BG,20250408-0200,86.44
BG,20250408-1400,86.44
BG,20250408-0300,93.97
BG,20250408-1600,152.18
BG,20250408-1800,206.39
BG,20250408-2100,93.97
BG,20250408-2300,86.44
BG,20250408-1000,58.91
BG,20250408-0500,109.88
BG,20250408-1300,86.44
BG,20250408-2200,86.44
BG,20250408-1200,86.44
BG,20250408-1100,58.91
BG,20250408-1700,235.41
BG,20250408-0700,86.44
BG,20250408-2000,120.11
BG,20250408-0600,93.97
BG,20250408-1900,157.19
BG,20250408-1500,93.97
BG,20250408-0000,86.44
IT-CSOUTH,20250408-0900,98.15
IT-CSOUTH,20250408-0400,103.73
IT-CSOUTH,20250408-0800,103.73
IT-CSOUTH,20250408-0100,103.73
IT-CSOUTH,20250408-0200,103.73
IT-CSOUTH,20250408-1400,103.73
IT-CSOUTH,20250408-0300,103.73
IT-CSOUTH,20250408-1600,103.73
IT-CSOUTH,20250408-1800,103.73
IT-CSOUTH,20250408-2100,103.73
IT-CSOUTH,20250408-2300,103.73
IT-CSOUTH,20250408-1000,68.4
IT-CSOUTH,20250408-0500,103.73
IT-CSOUTH,20250408-1300,90.41
IT-CSOUTH,20250408-2200,103.73
IT-CSOUTH,20250408-1200,2.85
IT-CSOUTH,20250408-1100,1.0
IT-CSOUTH,20250408-1700,103.73
IT-CSOUTH,20250408-0700,103.73
IT-CSOUTH,20250408-2000,103.73
IT-CSOUTH,20250408-0600,103.73
IT-CSOUTH,20250408-1900,103.73
IT-CSOUTH,20250408-1500,103.73
IT-CSOUTH,20250408-0000,103.73
CZ,20250408-0900,85.71
CZ,20250408-0400,93.97
CZ,20250408-0800,86.44
CZ,20250408-0100,77.34
CZ,20250408-0200,85.71
CZ,20250408-1400,85.71
CZ,20250408-0300,85.71
CZ,20250408-1600,86.44
CZ,20250408-1800,93.97
CZ,20250408-2100,86.44
CZ,20250408-2300,85.71
CZ,20250408-1000,73.07
CZ,20250408-0500,93.97
CZ,20250408-1300,85.71
CZ,20250408-2200,85.71
CZ,20250408-1200,68.95
CZ,20250408-1100,68.95
CZ,20250408-1700,93.97
CZ,20250408-0700,86.44
CZ,20250408-2000,85.71
CZ,20250408-0600,86.44
CZ,20250408-1900,85.71
CZ,20250408-1500,85.71
CZ,20250408-0000,80.68
NO3,20250408-0900,85.71
NO3,20250408-0400,95.08
NO3,20250408-0800,86.44
NO3,20250408-0100,90.2
NO3,20250408-0200,90.2
NO3,20250408-1400,77.14
NO3,20250408-0300,90.2
NO3,20250408-1600,81.18
NO3,20250408-1800,90.99
NO3,20250408-2100,81.18
NO3,20250408-2300,81.18
NO3,20250408-1000,57.0
NO3,20250408-0500,113.21
NO3,20250408-1300,77.14
NO3,20250408-2200,81.18
NO3,20250408-1200,49.11
NO3,20250408-1100,49.11
NO3,20250408-1700,85.58
NO3,20250408-0700,90.2
NO3,20250408-2000,81.18
NO3,20250408-0600,95.18
NO3,20250408-1900,85.58
NO3,20250408-1500,77.8
NO3,20250408-0000,90.2
NO1,20250408-0900,77.14
NO1,20250408-0400,85.58
NO1,20250408-0800,77.8
NO1,20250408-0100,81.18
NO1,20250408-0200,81.18
NO1,20250408-1400,77.14
NO1,20250408-0300,81.18
NO1,20250408-1600,81.18
NO1,20250408-1800,90.99
NO1,20250408-2100,81.18
NO1,20250408-2300,81.18
NO1,20250408-1000,51.3
NO1,20250408-0500,90.99
NO1,20250408-1300,77.14
NO1,20250408-2200,81.18
NO1,20250408-1200,49.11
NO1,20250408-1100,49.11
NO1,20250408-1700,85.58
NO1,20250408-0700,81.18
NO1,20250408-2000,81.18
NO1,20250408-0600,85.67
NO1,20250408-1900,85.58
NO1,20250408-1500,77.8
NO1,20250408-0000,81.18
DE_LU,20250408-0900,85.71
DE_LU,20250408-0400,103.73
DE_LU,20250408-0800,86.44
DE_LU,20250408-0100,93.97
DE_LU,20250408-0200,93.97
DE_LU,20250408-1400,86.44
DE_LU,20250408-0300,93.97
DE_LU,20250408-1600,94.79
DE_LU,20250408-1800,118.81
DE_LU,20250408-2100,93.97
DE_LU,20250408-2300,93.97
DE_LU,20250408-1000,73.07
DE_LU,20250408-0500,150.1
DE_LU,20250408-1300,85.71
DE_LU,20250408-2200,93.97
DE_LU,20250408-1200,68.95
DE_LU,20250408-1100,68.95
DE_LU,20250408-1700,103.73
DE_LU,20250408-0700,93.97
DE_LU,20250408-2000,94.79
DE_LU,20250408-0600,103.93
DE_LU,20250408-1900,103.73
DE_LU,20250408-1500,90.99
DE_LU,20250408-0000,93.97
SK,20250408-0900,77.14
SK,20250408-0400,90.99
SK,20250408-0800,77.8
SK,20250408-0100,81.18
SK,20250408-0200,86.44
SK,20250408-1400,77.14
SK,20250408-0300,86.44
SK,20250408-1600,90.2
SK,20250408-1800,90.99
SK,20250408-2100,86.44
SK,20250408-2300,81.18
SK,20250408-1000,51.3
SK,20250408-0500,90.99
SK,20250408-1300,77.14
SK,20250408-2200,81.18
SK,20250408-1200,49.11
SK,20250408-1100,49.11
SK,20250408-1700,95.08
SK,20250408-0700,86.44
SK,20250408-2000,86.44
SK,20250408-0600,90.99
SK,20250408-1900,90.99
SK,20250408-1500,86.44
SK,20250408-0000,86.44
EE,20250408-0900,49.18
EE,20250408-0400,83.21
EE,20250408-0800,50.92
EE,20250408-0100,70.32
EE,20250408-0200,76.29
EE,20250408-1400,50.99
EE,20250408-0300,85.71
EE,20250408-1600,90.99
EE,20250408-1800,90.99
EE,20250408-2100,75.34
EE,20250408-2300,75.34
EE,20250408-1000,39.66
EE,20250408-0500,86.44
EE,20250408-1300,50.06
EE,20250408-2200,75.34
EE,20250408-1200,43.75
EE,20250408-1100,39.66
EE,20250408-1700,90.99
EE,20250408-0700,76.29
EE,20250408-2000,82.87
EE,20250408-0600,85.71
EE,20250408-1900,86.44
EE,20250408-1500,75.34
EE,20250408-0000,75.34
SE4,20250408-0900,49.18
SE4,20250408-0400,83.21
SE4,20250408-0800,50.92
SE4,20250408-0100,70.32
SE4,20250408-0200,76.29
SE4,20250408-1400,54.69
SE4,20250408-0300,79.67
SE4,20250408-1600,90.99
SE4,20250408-1800,90.99
SE4,20250408-2100,78.5
SE4,20250408-2300,76.29
SE4,20250408-1000,57.02
SE4,20250408-0500,90.99
SE4,20250408-1300,50.06
SE4,20250408-2200,76.29
SE4,20250408-1200,43.75
SE4,20250408-1100,48.85
SE4,20250408-1700,90.99
SE4,20250408-0700,76.29
SE4,20250408-2000,82.87
SE4,20250408-0600,82.92
SE4,20250408-1900,90.99
SE4,20250408-1500,81.53
SE4,20250408-0000,68.36
SI,20250703-1200,16.23
SI,20250703-0200,48.3
SI,20250703-0300,48.3
SI,20250703-0900,10.52
SI,20250703-1800,105.3
SI,20250703-1900,105.3
SI,20250703-2000,100.66
SI,20250703-0100,16.11
SI,20250703-1300,16.17
SI,20250703-1000,16.01
SI,20250703-2200,85.23
SI,20250703-0800,10.5
SI,20250703-2100,83.88
SI,20250703-0000,16.09
SI,20250703-1400,48.3
SI,20250703-0500,63.58
SI,20250703-0700,10.5
SI,20250703-1700,100.66
SI,20250703-0400,73.84
SI,20250703-1100,16.32
SI,20250703-1600,100.66
SI,20250703-0600,16.0
SI,20250703-2300,48.3
SI,20250703-1500,100.66
ES,20250703-1200,37.76
ES,20250703-0200,78.74
ES,20250703-0300,75.38
ES,20250703-0900,38.38
ES,20250703-1800,88.58
ES,20250703-1900,154.52
ES,20250703-2000,151.86
ES,20250703-0100,83.88
ES,20250703-1300,37.76
ES,20250703-1000,38.38
ES,20250703-2200,83.88
ES,20250703-0800,46.34
ES,20250703-2100,140.65
ES,20250703-0000,83.88
ES,20250703-1400,48.3
ES,20250703-0500,83.88
ES,20250703-0700,57.0
ES,20250703-1700,83.88
ES,20250703-0400,83.88
ES,20250703-1100,37.76
ES,20250703-1600,53.84
ES,20250703-0600,78.59
ES,20250703-2300,83.88
ES,20250703-1500,43.87
GR,20250703-1200,4.41
GR,20250703-0200,88.27
GR,20250703-0300,84.02
GR,20250703-0900,4.41
GR,20250703-1800,180.32
GR,20250703-1900,175.37
GR,20250703-2000,131.72
GR,20250703-0100,95.09
GR,20250703-1300,48.3
GR,20250703-1000,4.41
GR,20250703-2200,100.66
GR,20250703-0800,4.41
GR,20250703-2100,105.3
GR,20250703-0000,100.66
GR,20250703-1400,83.88
GR,20250703-0500,83.88
GR,20250703-0700,48.3
GR,20250703-1700,177.17
GR,20250703-0400,100.66
GR,20250703-1100,4.41
GR,20250703-1600,100.66
GR,20250703-0600,83.88
GR,20250703-2300,100.66
GR,20250703-1500,83.88
IT-CNORTH,20250703-1200,100.66
IT-CNORTH,20250703-0200,100.66
IT-CNORTH,20250703-0300,100.66
IT-CNORTH,20250703-0900,100.66
IT-CNORTH,20250703-1800,105.3
IT-CNORTH,20250703-1900,105.3
IT-CNORTH,20250703-2000,100.66
IT-CNORTH,20250703-0100,100.66
IT-CNORTH,20250703-1300,100.66
IT-CNORTH,20250703-1000,100.66
IT-CNORTH,20250703-2200,100.66
IT-CNORTH,20250703-0800,100.66
IT-CNORTH,20250703-2100,100.66
IT-CNORTH,20250703-0000,100.66
IT-CNORTH,20250703-1400,100.66
IT-CNORTH,20250703-0500,100.66
IT-CNORTH,20250703-0700,100.66
IT-CNORTH,20250703-1700,100.66
IT-CNORTH,20250703-0400,100.66
IT-CNORTH,20250703-1100,100.66
IT-CNORTH,20250703-1600,100.66
IT-CNORTH,20250703-0600,100.66
IT-CNORTH,20250703-2300,100.66
IT-CNORTH,20250703-1500,100.66
HU,20250703-1200,16.23
HU,20250703-0200,48.3
HU,20250703-0300,48.3
HU,20250703-0900,10.52
HU,20250703-1800,180.32
HU,20250703-1900,146.78
HU,20250703-2000,100.66
HU,20250703-0100,16.11
HU,20250703-1300,16.17
HU,20250703-1000,16.01
HU,20250703-2200,83.88
HU,20250703-0800,10.5
HU,20250703-2100,83.88
HU,20250703-0000,16.09
HU,20250703-1400,48.3
HU,20250703-0500,63.58
HU,20250703-0700,10.5
HU,20250703-1700,146.78
HU,20250703-0400,73.84
HU,20250703-1100,16.32
HU,20250703-1600,105.3
HU,20250703-0600,16.0
HU,20250703-2300,48.3
HU,20250703-1500,83.88
IT-SOUTH,20250703-1200,100.66
IT-SOUTH,20250703-0200,100.66
IT-SOUTH,20250703-0300,100.66
IT-SOUTH,20250703-0900,100.66
IT-SOUTH,20250703-1800,100.66
IT-SOUTH,20250703-1900,100.66
IT-SOUTH,20250703-2000,100.66
IT-SOUTH,20250703-0100,100.66
IT-SOUTH,20250703-1300,100.66
IT-SOUTH,20250703-1000,100.66
IT-SOUTH,20250703-2200,100.66
IT-SOUTH,20250703-0800,100.66
IT-SOUTH,20250703-2100,100.66
IT-SOUTH,20250703-0000,100.66
IT-SOUTH,20250703-1400,100.66
IT-SOUTH,20250703-0500,100.66
IT-SOUTH,20250703-0700,100.66
IT-SOUTH,20250703-1700,100.66
IT-SOUTH,20250703-0400,100.66
IT-SOUTH,20250703-1100,100.66
IT-SOUTH,20250703-1600,100.66
IT-SOUTH,20250703-0600,100.66
IT-SOUTH,20250703-2300,100.66
IT-SOUTH,20250703-1500,100.66
IT-Sicily,20250703-1200,100.66
IT-Sicily,20250703-0200,100.66
IT-Sicily,20250703-0300,100.66
IT-Sicily,20250703-0900,100.66
IT-Sicily,20250703-1800,100.66
IT-Sicily,20250703-1900,259.58
IT-Sicily,20250703-2000,209.02
IT-Sicily,20250703-0100,100.66
IT-Sicily,20250703-1300,100.66
IT-Sicily,20250703-1000,100.66
IT-Sicily,20250703-2200,147.46
IT-Sicily,20250703-0800,100.66
IT-Sicily,20250703-2100,169.16
IT-Sicily,20250703-0000,121.74
IT-Sicily,20250703-1400,100.66
IT-Sicily,20250703-0500,100.66
IT-Sicily,20250703-0700,100.66
IT-Sicily,20250703-1700,100.66
IT-Sicily,20250703-0400,100.66
IT-Sicily,20250703-1100,100.66
IT-Sicily,20250703-1600,100.66
IT-Sicily,20250703-0600,100.66
IT-Sicily,20250703-2300,132.39
IT-Sicily,20250703-1500,100.66
IT-Sardinia,20250703-1200,100.66
IT-Sardinia,20250703-0200,129.03
IT-Sardinia,20250703-0300,129.62
IT-Sardinia,20250703-0900,100.66
IT-Sardinia,20250703-1800,209.34
IT-Sardinia,20250703-1900,250.0
IT-Sardinia,20250703-2000,234.68
IT-Sardinia,20250703-0100,126.81
IT-Sardinia,20250703-1300,100.66
IT-Sardinia,20250703-1000,100.66
IT-Sardinia,20250703-2200,132.91
IT-Sardinia,20250703-0800,100.66
IT-Sardinia,20250703-2100,189.9
IT-Sardinia,20250703-0000,124.85
IT-Sardinia,20250703-1400,100.66
IT-Sardinia,20250703-0500,124.04
IT-Sardinia,20250703-0700,100.66
IT-Sardinia,20250703-1700,124.85
IT-Sardinia,20250703-0400,124.85
IT-Sardinia,20250703-1100,100.66
IT-Sardinia,20250703-1600,123.77
IT-Sardinia,20250703-0600,104.93
IT-Sardinia,20250703-2300,124.85
IT-Sardinia,20250703-1500,100.66
RS,20250703-1200,105.3
RS,20250703-0200,88.27
RS,20250703-0300,84.02
RS,20250703-0900,105.3
RS,20250703-1800,180.32
RS,20250703-1900,175.37
RS,20250703-2000,131.72
RS,20250703-0100,95.09
RS,20250703-1300,105.3
RS,20250703-1000,105.3
RS,20250703-2200,105.3
RS,20250703-0800,105.3
RS,20250703-2100,115.09
RS,20250703-0000,100.66
RS,20250703-1400,105.3
RS,20250703-0500,105.3
RS,20250703-0700,105.3
RS,20250703-1700,177.17
RS,20250703-0400,105.3
RS,20250703-1100,105.3
RS,20250703-1600,163.25
RS,20250703-0600,105.3
RS,20250703-2300,105.3
RS,20250703-1500,122.43
DK1,20250703-1200,1.0
DK1,20250703-0200,1.0
DK1,20250703-0300,1.0
DK1,20250703-0900,1.0
DK1,20250703-1800,4.41
DK1,20250703-1900,63.0
DK1,20250703-2000,93.87
DK1,20250703-0100,1.0
DK1,20250703-1300,1.0
DK1,20250703-1000,1.0
DK1,20250703-2200,93.87
DK1,20250703-0800,1.0
DK1,20250703-2100,100.66
DK1,20250703-0000,30.0
DK1,20250703-1400,1.0
DK1,20250703-0500,1.0
DK1,20250703-0700,1.0
DK1,20250703-1700,1.0
DK1,20250703-0400,1.0
DK1,20250703-1100,1.0
DK1,20250703-1600,1.0
DK1,20250703-0600,1.0
DK1,20250703-2300,93.87
DK1,20250703-1500,1.0
CH,20250703-1200,57.41
CH,20250703-0200,83.88
CH,20250703-0300,83.88
CH,20250703-0900,59.5
CH,20250703-1800,105.3
CH,20250703-1900,105.3
CH,20250703-2000,100.66
CH,20250703-0100,83.88
CH,20250703-1300,57.41
CH,20250703-1000,59.5
CH,20250703-2200,97.51
CH,20250703-0800,63.1
CH,20250703-2100,100.66
CH,20250703-0000,83.88
CH,20250703-1400,61.07
CH,20250703-0500,88.3
CH,20250703-0700,83.88
CH,20250703-1700,100.66
CH,20250703-0400,88.21
CH,20250703-1100,57.41
CH,20250703-1600,93.87
CH,20250703-0600,83.88
CH,20250703-2300,93.87
CH,20250703-1500,83.88
SE1,20250703-1200,21.14
SE1,20250703-0200,32.87
SE1,20250703-0300,31.93
SE1,20250703-0900,26.84
SE1,20250703-1800,1.0
SE1,20250703-1900,1.0
SE1,20250703-2000,1.0
SE1,20250703-0100,29.7
SE1,20250703-1300,20.09
SE1,20250703-1000,27.13
SE1,20250703-2200,1.0
SE1,20250703-0800,25.72
SE1,20250703-2100,1.0
SE1,20250703-0000,29.76
SE1,20250703-1400,20.09
SE1,20250703-0500,32.55
SE1,20250703-0700,29.66
SE1,20250703-1700,1.0
SE1,20250703-0400,32.06
SE1,20250703-1100,23.54
SE1,20250703-1600,1.0
SE1,20250703-0600,32.35
SE1,20250703-2300,1.0
SE1,20250703-1500,1.0
NO4,20250703-1200,23.2
NO4,20250703-0200,18.54
NO4,20250703-0300,19.08
NO4,20250703-0900,30.34
NO4,20250703-1800,33.26
NO4,20250703-1900,32.83
NO4,20250703-2000,31.08
NO4,20250703-0100,19.6
NO4,20250703-1300,23.33
NO4,20250703-1000,28.6
NO4,20250703-2200,25.68
NO4,20250703-0800,31.52
NO4,20250703-2100,30.61
NO4,20250703-0000,20.27
NO4,20250703-1400,24.65
NO4,20250703-0500,30.48
NO4,20250703-0700,31.61
NO4,20250703-1700,33.32
NO4,20250703-0400,24.97
NO4,20250703-1100,26.07
NO4,20250703-1600,30.42
NO4,20250703-0600,33.99
NO4,20250703-2300,25.8
NO4,20250703-1500,28.03
SE3,20250703-1200,2.0
SE3,20250703-0200,1.0
SE3,20250703-0300,1.0
SE3,20250703-0900,2.0
SE3,20250703-1800,3.0
SE3,20250703-1900,56.7
SE3,20250703-2000,84.48
SE3,20250703-0100,1.0
SE3,20250703-1300,2.0
SE3,20250703-1000,2.0
SE3,20250703-2200,84.48
SE3,20250703-0800,2.0
SE3,20250703-2100,88.3
SE3,20250703-0000,30.0
SE3,20250703-1400,1.0
SE3,20250703-0500,2.0
SE3,20250703-0700,2.0
SE3,20250703-1700,1.0
SE3,20250703-0400,1.0
SE3,20250703-1100,2.0
SE3,20250703-1600,1.0
SE3,20250703-0600,2.0
SE3,20250703-2300,84.48
SE3,20250703-1500,1.0
FR,20250703-1200,37.76
FR,20250703-0200,47.2
FR,20250703-0300,46.77
FR,20250703-0900,38.38
FR,20250703-1800,88.58
FR,20250703-1900,105.3
FR,20250703-2000,100.66
FR,20250703-0100,47.84
FR,20250703-1300,37.76
FR,20250703-1000,38.38
FR,20250703-2200,58.87
FR,20250703-0800,46.34
FR,20250703-2100,97.0
FR,20250703-0000,47.84
FR,20250703-1400,39.63
FR,20250703-0500,57.49
FR,20250703-0700,57.12
FR,20250703-1700,83.88
FR,20250703-0400,47.84
FR,20250703-1100,37.76
FR,20250703-1600,53.84
FR,20250703-0600,78.59
FR,20250703-2300,49.42
FR,20250703-1500,43.87
FI,20250703-1200,9.5
FI,20250703-0200,15.15
FI,20250703-0300,14.19
FI,20250703-0900,9.5
FI,20250703-1800,4.83
FI,20250703-1900,4.81
FI,20250703-2000,4.41
FI,20250703-0100,9.5
FI,20250703-1300,9.5
FI,20250703-1000,9.5
FI,20250703-2200,5.0
FI,20250703-0800,9.5
FI,20250703-2100,3.15
FI,20250703-0000,9.5
FI,20250703-1400,5.0
FI,20250703-0500,9.5
FI,20250703-0700,7.67
FI,20250703-1700,4.82
FI,20250703-0400,12.82
FI,20250703-1100,9.5
FI,20250703-1600,5.0
FI,20250703-0600,9.5
FI,20250703-2300,4.81
FI,20250703-1500,5.0
PL,20250703-1200,48.3
PL,20250703-0200,93.87
PL,20250703-0300,93.87
PL,20250703-0900,4.94
PL,20250703-1800,105.3
PL,20250703-1900,105.3
PL,20250703-2000,93.87
PL,20250703-0100,93.87
PL,20250703-1300,58.81
PL,20250703-1000,48.3
PL,20250703-2200,93.87
PL,20250703-0800,48.3
PL,20250703-2100,93.87
PL,20250703-0000,93.87
PL,20250703-1400,83.88
PL,20250703-0500,93.87
PL,20250703-0700,58.81
PL,20250703-1700,93.87
PL,20250703-0400,93.87
PL,20250703-1100,48.3
PL,20250703-1600,93.87
PL,20250703-0600,83.88
PL,20250703-2300,93.87
PL,20250703-1500,93.87
IT-Calabria,20250703-1200,100.66
IT-Calabria,20250703-0200,100.66
IT-Calabria,20250703-0300,100.66
IT-Calabria,20250703-0900,100.66
IT-Calabria,20250703-1800,100.66
IT-Calabria,20250703-1900,100.66
IT-Calabria,20250703-2000,100.66
IT-Calabria,20250703-0100,100.66
IT-Calabria,20250703-1300,100.66
IT-Calabria,20250703-1000,100.66
IT-Calabria,20250703-2200,100.66
IT-Calabria,20250703-0800,100.66
IT-Calabria,20250703-2100,100.66
IT-Calabria,20250703-0000,100.66
IT-Calabria,20250703-1400,100.66
IT-Calabria,20250703-0500,100.66
IT-Calabria,20250703-0700,100.66
IT-Calabria,20250703-1700,100.66
IT-Calabria,20250703-0400,100.66
IT-Calabria,20250703-1100,100.66
IT-Calabria,20250703-1600,100.66
IT-Calabria,20250703-0600,100.66
IT-Calabria,20250703-2300,100.66
IT-Calabria,20250703-1500,100.66
AT,20250703-1200,4.8
AT,20250703-0200,83.88
AT,20250703-0300,83.88
AT,20250703-0900,4.41
AT,20250703-1800,88.3
AT,20250703-1900,88.3
AT,20250703-2000,88.3
AT,20250703-0100,83.88
AT,20250703-1300,57.41
AT,20250703-1000,4.41
AT,20250703-2200,88.3
AT,20250703-0800,48.3
AT,20250703-2100,88.3
AT,20250703-0000,83.88
AT,20250703-1400,61.07
AT,20250703-0500,88.3
AT,20250703-0700,83.88
AT,20250703-1700,88.3
AT,20250703-0400,86.98
AT,20250703-1100,4.41
AT,20250703-1600,88.3
AT,20250703-0600,83.88
AT,20250703-2300,83.88
AT,20250703-1500,86.98
SE2,20250703-1200,21.14
SE2,20250703-0200,32.87
SE2,20250703-0300,31.93
SE2,20250703-0900,26.84
SE2,20250703-1800,1.0
SE2,20250703-1900,1.0
SE2,20250703-2000,1.0
SE2,20250703-0100,34.64
SE2,20250703-1300,20.09
SE2,20250703-1000,27.13
SE2,20250703-2200,1.0
SE2,20250703-0800,25.72
SE2,20250703-2100,1.0
SE2,20250703-0000,36.83
SE2,20250703-1400,20.09
SE2,20250703-0500,32.55
SE2,20250703-0700,29.66
SE2,20250703-1700,1.0
SE2,20250703-0400,32.06
SE2,20250703-1100,23.54
SE2,20250703-1600,1.0
SE2,20250703-0600,32.35
SE2,20250703-2300,1.0
SE2,20250703-1500,1.0
IT-NORTH,20250703-1200,100.66
IT-NORTH,20250703-0200,100.66
IT-NORTH,20250703-0300,100.66
IT-NORTH,20250703-0900,100.66
IT-NORTH,20250703-1800,105.3
IT-NORTH,20250703-1900,105.3
IT-NORTH,20250703-2000,100.66
IT-NORTH,20250703-0100,100.66
IT-NORTH,20250703-1300,100.66
IT-NORTH,20250703-1000,100.66
IT-NORTH,20250703-2200,100.66
IT-NORTH,20250703-0800,100.66
IT-NORTH,20250703-2100,100.66
IT-NORTH,20250703-0000,100.66
IT-NORTH,20250703-1400,100.66
IT-NORTH,20250703-0500,100.66
IT-NORTH,20250703-0700,100.66
IT-NORTH,20250703-1700,100.66
IT-NORTH,20250703-0400,100.66
IT-NORTH,20250703-1100,100.66
IT-NORTH,20250703-1600,100.66
IT-NORTH,20250703-0600,100.66
IT-NORTH,20250703-2300,100.66
IT-NORTH,20250703-1500,100.66
LT,20250703-1200,1.0
LT,20250703-0200,25.07
LT,20250703-0300,14.95
LT,20250703-0900,1.0
LT,20250703-1800,13.94
LT,20250703-1900,45.97
LT,20250703-2000,61.41
LT,20250703-0100,25.07
LT,20250703-1300,1.0
LT,20250703-1000,1.0
LT,20250703-2200,48.3
LT,20250703-0800,3.75
LT,20250703-2100,48.3
LT,20250703-0000,28.44
LT,20250703-1400,1.0
LT,20250703-0500,11.97
LT,20250703-0700,7.67
LT,20250703-1700,11.52
LT,20250703-0400,12.82
LT,20250703-1100,1.0
LT,20250703-1600,5.0
LT,20250703-0600,9.5
LT,20250703-2300,48.3
LT,20250703-1500,5.0
PT,20250703-1200,37.76
PT,20250703-0200,78.74
PT,20250703-0300,75.38
PT,20250703-0900,38.38
PT,20250703-1800,88.58
PT,20250703-1900,154.52
PT,20250703-2000,151.86
PT,20250703-0100,83.88
PT,20250703-1300,37.76
PT,20250703-1000,38.38
PT,20250703-2200,83.88
PT,20250703-0800,46.34
PT,20250703-2100,140.65
PT,20250703-0000,83.88
PT,20250703-1400,48.3
PT,20250703-0500,83.88
PT,20250703-0700,57.0
PT,20250703-1700,83.88
PT,20250703-0400,83.88
PT,20250703-1100,37.76
PT,20250703-1600,53.84
PT,20250703-0600,78.59
PT,20250703-2300,83.88
PT,20250703-1500,43.87
NO2,20250703-1200,50.79
NO2,20250703-0200,83.88
NO2,20250703-0300,83.88
NO2,20250703-0900,61.93
NO2,20250703-1800,88.3
NO2,20250703-1900,88.3
NO2,20250703-2000,88.3
NO2,20250703-0100,83.88
NO2,20250703-1300,50.79
NO2,20250703-1000,61.93
NO2,20250703-2200,88.3
NO2,20250703-0800,67.38
NO2,20250703-2100,88.3
NO2,20250703-0000,83.88
NO2,20250703-1400,59.94
NO2,20250703-0500,88.21
NO2,20250703-0700,88.21
NO2,20250703-1700,88.3
NO2,20250703-0400,88.21
NO2,20250703-1100,50.79
NO2,20250703-1600,88.3
NO2,20250703-0600,88.21
NO2,20250703-2300,88.3
NO2,20250703-1500,88.21
LV,20250703-1200,3.15
LV,20250703-0200,25.07
LV,20250703-0300,14.95
LV,20250703-0900,3.15
LV,20250703-1800,13.94
LV,20250703-1900,45.97
LV,20250703-2000,61.41
LV,20250703-0100,25.07
LV,20250703-1300,3.76
LV,20250703-1000,3.15
LV,20250703-2200,48.3
LV,20250703-0800,3.75
LV,20250703-2100,48.3
LV,20250703-0000,28.44
LV,20250703-1400,4.41
LV,20250703-0500,11.97
LV,20250703-0700,7.67
LV,20250703-1700,11.52
LV,20250703-0400,12.82
LV,20250703-1100,3.15
LV,20250703-1600,5.0
LV,20250703-0600,9.5
LV,20250703-2300,48.3
LV,20250703-1500,5.0
NL,20250703-1200,48.3
NL,20250703-0200,83.88
NL,20250703-0300,83.88
NL,20250703-0900,83.88
NL,20250703-1800,93.87
NL,20250703-1900,93.87
NL,20250703-2000,93.87
NL,20250703-0100,83.88
NL,20250703-1300,48.3
NL,20250703-1000,83.88
NL,20250703-2200,93.87
NL,20250703-0800,83.88
NL,20250703-2100,93.87
NL,20250703-0000,83.88
NL,20250703-1400,59.94
NL,20250703-0500,83.88
NL,20250703-0700,83.88
NL,20250703-1700,83.88
NL,20250703-0400,83.88
NL,20250703-1100,50.79
NL,20250703-1600,83.88
NL,20250703-0600,83.88
NL,20250703-2300,93.87
NL,20250703-1500,83.88
NO5,20250703-1200,44.58
NO5,20250703-0200,77.43
NO5,20250703-0300,77.43
NO5,20250703-0900,62.83
NO5,20250703-1800,88.3
NO5,20250703-1900,88.3
NO5,20250703-2000,88.3
NO5,20250703-0100,77.43
NO5,20250703-1300,44.58
NO5,20250703-1000,62.83
NO5,20250703-2200,88.3
NO5,20250703-0800,65.86
NO5,20250703-2100,88.3
NO5,20250703-0000,77.43
NO5,20250703-1400,52.61
NO5,20250703-0500,77.43
NO5,20250703-0700,77.43
NO5,20250703-1700,85.17
NO5,20250703-0400,77.43
NO5,20250703-1100,44.58
NO5,20250703-1600,82.04
NO5,20250703-0600,77.43
NO5,20250703-2300,86.65
NO5,20250703-1500,77.43
BE,20250703-1200,23.75
BE,20250703-0200,80.57
BE,20250703-0300,80.57
BE,20250703-0900,57.0
BE,20250703-1800,99.58
BE,20250703-1900,144.51
BE,20250703-2000,163.61
BE,20250703-0100,75.49
BE,20250703-1300,23.75
BE,20250703-1000,48.3
BE,20250703-2200,86.12
BE,20250703-0800,64.21
BE,20250703-2100,88.3
BE,20250703-0000,80.57
BE,20250703-1400,48.3
BE,20250703-0500,83.88
BE,20250703-0700,80.57
BE,20250703-1700,83.88
BE,20250703-0400,83.88
BE,20250703-1100,46.4
BE,20250703-1600,83.88
BE,20250703-0600,83.88
BE,20250703-2300,84.48
BE,20250703-1500,80.57
RO,20250703-1200,83.88
RO,20250703-0200,88.27
RO,20250703-0300,84.02
RO,20250703-0900,75.05
RO,20250703-1800,180.32
RO,20250703-1900,175.37
RO,20250703-2000,131.72
RO,20250703-0100,95.09
RO,20250703-1300,92.79
RO,20250703-1000,76.41
RO,20250703-2200,105.3
RO,20250703-0800,78.21
RO,20250703-2100,115.09
RO,20250703-0000,100.66
RO,20250703-1400,105.3
RO,20250703-0500,105.3
RO,20250703-0700,93.0
RO,20250703-1700,177.17
RO,20250703-0400,105.3
RO,20250703-1100,75.38
RO,20250703-1600,163.25
RO,20250703-0600,105.3
RO,20250703-2300,105.3
RO,20250703-1500,122.43
DK2,20250703-1200,1.0
DK2,20250703-0200,25.07
DK2,20250703-0300,14.95
DK2,20250703-0900,1.0
DK2,20250703-1800,13.94
DK2,20250703-1900,63.0
DK2,20250703-2000,93.87
DK2,20250703-0100,25.07
DK2,20250703-1300,1.0
DK2,20250703-1000,1.0
DK2,20250703-2200,93.87
DK2,20250703-0800,3.75
DK2,20250703-2100,97.49
DK2,20250703-0000,30.0
DK2,20250703-1400,1.0
DK2,20250703-0500,11.97
DK2,20250703-0700,7.67
DK2,20250703-1700,11.52
DK2,20250703-0400,12.82
DK2,20250703-1100,1.0
DK2,20250703-1600,5.0
DK2,20250703-0600,10.47
DK2,20250703-2300,93.87
DK2,20250703-1500,5.0
BG,20250703-1200,83.88
BG,20250703-0200,88.27
BG,20250703-0300,84.02
BG,20250703-0900,75.05
BG,20250703-1800,180.32
BG,20250703-1900,175.37
BG,20250703-2000,131.72
BG,20250703-0100,95.09
BG,20250703-1300,92.79
BG,20250703-1000,76.41
BG,20250703-2200,105.3
BG,20250703-0800,78.21
BG,20250703-2100,115.09
BG,20250703-0000,100.66
BG,20250703-1400,105.3
BG,20250703-0500,105.3
BG,20250703-0700,93.0
BG,20250703-1700,177.17
BG,20250703-0400,105.3
BG,20250703-1100,75.38
BG,20250703-1600,163.25
BG,20250703-0600,105.3
BG,20250703-2300,105.3
BG,20250703-1500,122.43
IT-CSOUTH,20250703-1200,100.66
IT-CSOUTH,20250703-0200,100.66
IT-CSOUTH,20250703-0300,100.66
IT-CSOUTH,20250703-0900,100.66
IT-CSOUTH,20250703-1800,100.66
IT-CSOUTH,20250703-1900,100.66
IT-CSOUTH,20250703-2000,100.66
IT-CSOUTH,20250703-0100,100.66
IT-CSOUTH,20250703-1300,100.66
IT-CSOUTH,20250703-1000,100.66
IT-CSOUTH,20250703-2200,100.66
IT-CSOUTH,20250703-0800,100.66
IT-CSOUTH,20250703-2100,100.66
IT-CSOUTH,20250703-0000,100.66
IT-CSOUTH,20250703-1400,100.66
IT-CSOUTH,20250703-0500,100.66
IT-CSOUTH,20250703-0700,100.66
IT-CSOUTH,20250703-1700,100.66
IT-CSOUTH,20250703-0400,100.66
IT-CSOUTH,20250703-1100,100.66
IT-CSOUTH,20250703-1600,100.66
IT-CSOUTH,20250703-0600,100.66
IT-CSOUTH,20250703-2300,100.66
IT-CSOUTH,20250703-1500,100.66
CZ,20250703-1200,105.3
CZ,20250703-0200,83.88
CZ,20250703-0300,83.88
CZ,20250703-0900,98.1
CZ,20250703-1800,105.3
CZ,20250703-1900,105.3
CZ,20250703-2000,100.66
CZ,20250703-0100,83.88
CZ,20250703-1300,105.3
CZ,20250703-1000,105.3
CZ,20250703-2200,96.91
CZ,20250703-0800,83.88
CZ,20250703-2100,100.66
CZ,20250703-0000,83.88
CZ,20250703-1400,105.3
CZ,20250703-0500,93.87
CZ,20250703-0700,83.88
CZ,20250703-1700,105.3
CZ,20250703-0400,105.3
CZ,20250703-1100,105.3
CZ,20250703-1600,105.3
CZ,20250703-0600,83.88
CZ,20250703-2300,93.87
CZ,20250703-1500,105.3
NO3,20250703-1200,43.47
NO3,20250703-0200,83.88
NO3,20250703-0300,83.88
NO3,20250703-0900,61.26
NO3,20250703-1800,88.3
NO3,20250703-1900,88.3
NO3,20250703-2000,97.26
NO3,20250703-0100,83.88
NO3,20250703-1300,43.47
NO3,20250703-1000,61.26
NO3,20250703-2200,86.12
NO3,20250703-0800,64.21
NO3,20250703-2100,97.26
NO3,20250703-0000,83.88
NO3,20250703-1400,51.3
NO3,20250703-0500,83.88
NO3,20250703-0700,75.49
NO3,20250703-1700,83.04
NO3,20250703-0400,83.88
NO3,20250703-1100,43.47
NO3,20250703-1600,79.99
NO3,20250703-0600,83.88
NO3,20250703-2300,84.48
NO3,20250703-1500,75.49
NO1,20250703-1200,48.3
NO1,20250703-0200,83.88
NO1,20250703-0300,83.88
NO1,20250703-0900,68.06
NO1,20250703-1800,99.58
NO1,20250703-1900,98.96
NO1,20250703-2000,88.3
NO1,20250703-0100,83.88
NO1,20250703-1300,48.3
NO1,20250703-1000,68.06
NO1,20250703-2200,95.69
NO1,20250703-0800,71.34
NO1,20250703-2100,97.26
NO1,20250703-0000,83.88
NO1,20250703-1400,57.0
NO1,20250703-0500,83.88
NO1,20250703-0700,83.88
NO1,20250703-1700,92.27
NO1,20250703-0400,83.88
NO1,20250703-1100,48.3
NO1,20250703-1600,88.88
NO1,20250703-0600,83.88
NO1,20250703-2300,93.87
NO1,20250703-1500,83.88
DE_LU,20250703-1200,50.79
DE_LU,20250703-0200,83.88
DE_LU,20250703-0300,83.88
DE_LU,20250703-0900,59.5
DE_LU,20250703-1800,105.3
DE_LU,20250703-1900,105.3
DE_LU,20250703-2000,100.66
DE_LU,20250703-0100,83.88
DE_LU,20250703-1300,57.0
DE_LU,20250703-1000,58.81
DE_LU,20250703-2200,97.51
DE_LU,20250703-0800,63.1
DE_LU,20250703-2100,100.66
DE_LU,20250703-0000,83.88
DE_LU,20250703-1400,61.07
DE_LU,20250703-0500,88.3
DE_LU,20250703-0700,83.88
DE_LU,20250703-1700,100.66
DE_LU,20250703-0400,88.21
DE_LU,20250703-1100,57.0
DE_LU,20250703-1600,93.87
DE_LU,20250703-0600,83.88
DE_LU,20250703-2300,93.87
DE_LU,20250703-1500,83.88
SK,20250703-1200,43.47
SK,20250703-0200,75.49
SK,20250703-0300,75.49
SK,20250703-0900,61.26
SK,20250703-1800,88.3
SK,20250703-1900,88.3
SK,20250703-2000,87.54
SK,20250703-0100,75.49
SK,20250703-1300,43.47
SK,20250703-1000,61.26
SK,20250703-2200,86.12
SK,20250703-0800,64.21
SK,20250703-2100,87.54
SK,20250703-0000,75.49
SK,20250703-1400,51.3
SK,20250703-0500,75.49
SK,20250703-0700,75.49
SK,20250703-1700,83.88
SK,20250703-0400,75.49
SK,20250703-1100,43.47
SK,20250703-1600,79.99
SK,20250703-0600,75.49
SK,20250703-2300,84.48
SK,20250703-1500,75.49
EE,20250703-1200,9.5
EE,20250703-0200,25.07
EE,20250703-0300,14.95
EE,20250703-0900,3.97
EE,20250703-1800,13.94
EE,20250703-1900,45.97
EE,20250703-2000,61.41
EE,20250703-0100,25.07
EE,20250703-1300,9.5
EE,20250703-1000,9.5
EE,20250703-2200,39.66
EE,20250703-0800,3.75
EE,20250703-2100,48.3
EE,20250703-0000,28.44
EE,20250703-1400,4.41
EE,20250703-0500,9.5
EE,20250703-0700,7.67
EE,20250703-1700,11.52
EE,20250703-0400,12.82
EE,20250703-1100,9.5
EE,20250703-1600,5.0
EE,20250703-0600,9.5
EE,20250703-2300,39.66
EE,20250703-1500,5.0
SE4,20250703-1200,1.0
SE4,20250703-0200,25.07
SE4,20250703-0300,14.95
SE4,20250703-0900,1.0
SE4,20250703-1800,13.94
SE4,20250703-1900,45.97
SE4,20250703-2000,61.41
SE4,20250703-0100,25.07
SE4,20250703-1300,1.0
SE4,20250703-1000,1.0
SE4,20250703-2200,61.41
SE4,20250703-0800,3.75
SE4,20250703-2100,63.32
SE4,20250703-0000,28.44
SE4,20250703-1400,1.0
SE4,20250703-0500,11.97
SE4,20250703-0700,7.67
SE4,20250703-1700,11.52
SE4,20250703-0400,12.82
SE4,20250703-1100,1.0
SE4,20250703-1600,5.0
SE4,20250703-0600,10.47
SE4,20250703-2300,61.41
SE4,20250703-1500,5.0
SI,20250827-1200,12.61
SI,20250827-1600,88.45
SI,20250827-2300,57.0
SI,20250827-0600,84.03
SI,20250827-0400,88.45
SI,20250827-2100,76.05
SI,20250827-1500,85.11
SI,20250827-0700,48.45
SI,20250827-2000,84.03
SI,20250827-0900,10.5
SI,20250827-0200,84.03
SI,20250827-0500,88.45
SI,20250827-2200,73.18
SI,20250827-0100,63.0
SI,20250827-0800,12.5
SI,20250827-1400,84.03
SI,20250827-1300,48.45
SI,20250827-1100,12.5
SI,20250827-1700,179.34
SI,20250827-0300,84.03
SI,20250827-0000,48.45
SI,20250827-1800,179.86
SI,20250827-1900,88.45
SI,20250827-1000,11.89
ES,20250827-1200,34.81
ES,20250827-1600,48.45
ES,20250827-2300,84.03
ES,20250827-0600,84.03
ES,20250827-0400,84.03
ES,20250827-2100,84.03
ES,20250827-1500,12.5
ES,20250827-0700,84.03
ES,20250827-2000,84.03
ES,20250827-0900,45.54
ES,20250827-0200,84.03
ES,20250827-0500,84.03
ES,20250827-2200,84.03
ES,20250827-0100,84.03
ES,20250827-0800,62.71
ES,20250827-1400,9.5
ES,20250827-1300,16.0
ES,20250827-1100,34.34
ES,20250827-1700,84.03
ES,20250827-0300,84.03
ES,20250827-0000,84.03
ES,20250827-1800,112.66
ES,20250827-1900,125.29
ES,20250827-1000,34.81
GR,20250827-1200,1.0
GR,20250827-1600,140.6
GR,20250827-2300,84.03
GR,20250827-0600,84.03
GR,20250827-0400,106.56
GR,20250827-2100,106.56
GR,20250827-1500,84.03
GR,20250827-0700,4.42
GR,20250827-2000,106.56
GR,20250827-0900,1.0
GR,20250827-0200,84.03
GR,20250827-0500,84.03
GR,20250827-2200,84.03
GR,20250827-0100,84.03
GR,20250827-0800,4.42
GR,20250827-1400,48.45
GR,20250827-1300,4.42
GR,20250827-1100,1.0
GR,20250827-1700,179.34
GR,20250827-0300,106.56
GR,20250827-0000,84.03
GR,20250827-1800,176.55
GR,20250827-1900,144.21
GR,20250827-1000,1.0
IT-CNORTH,20250827-1200,100.83
IT-CNORTH,20250827-1600,155.58
IT-CNORTH,20250827-2300,111.52
IT-CNORTH,20250827-0600,125.29
IT-CNORTH,20250827-0400,111.65
IT-CNORTH,20250827-2100,125.13
IT-CNORTH,20250827-1500,100.83
IT-CNORTH,20250827-0700,112.29
IT-CNORTH,20250827-2000,141.83
IT-CNORTH,20250827-0900,100.83
IT-CNORTH,20250827-0200,100.83
IT-CNORTH,20250827-0500,125.29
IT-CNORTH,20250827-2200,111.95
IT-CNORTH,20250827-0100,100.83
IT-CNORTH,20250827-0800,111.45
IT-CNORTH,20250827-1400,100.83
IT-CNORTH,20250827-1300,100.83
IT-CNORTH,20250827-1100,100.83
IT-CNORTH,20250827-1700,269.28
IT-CNORTH,20250827-0300,111.46
IT-CNORTH,20250827-0000,111.45
IT-CNORTH,20250827-1800,353.06
IT-CNORTH,20250827-1900,250.0
IT-CNORTH,20250827-1000,100.83
HU,20250827-1200,16.04
HU,20250827-1600,140.6
HU,20250827-2300,57.0
HU,20250827-0600,84.03
HU,20250827-0400,106.56
HU,20250827-2100,76.05
HU,20250827-1500,85.11
HU,20250827-0700,48.45
HU,20250827-2000,84.03
HU,20250827-0900,10.5
HU,20250827-0200,84.03
HU,20250827-0500,88.45
HU,20250827-2200,73.18
HU,20250827-0100,63.0
HU,20250827-0800,12.5
HU,20250827-1400,84.03
HU,20250827-1300,48.45
HU,20250827-1100,12.5
HU,20250827-1700,179.34
HU,20250827-0300,84.03
HU,20250827-0000,48.45
HU,20250827-1800,179.86
HU,20250827-1900,106.56
HU,20250827-1000,11.89
IT-SOUTH,20250827-1200,100.83
IT-SOUTH,20250827-1600,155.58
IT-SOUTH,20250827-2300,111.52
IT-SOUTH,20250827-0600,125.29
IT-SOUTH,20250827-0400,111.65
IT-SOUTH,20250827-2100,125.13
IT-SOUTH,20250827-1500,100.83
IT-SOUTH,20250827-0700,112.29
IT-SOUTH,20250827-2000,141.83
IT-SOUTH,20250827-0900,100.83
IT-SOUTH,20250827-0200,100.83
IT-SOUTH,20250827-0500,125.29
IT-SOUTH,20250827-2200,111.95
IT-SOUTH,20250827-0100,100.83
IT-SOUTH,20250827-0800,100.83
IT-SOUTH,20250827-1400,100.83
IT-SOUTH,20250827-1300,100.83
IT-SOUTH,20250827-1100,100.83
IT-SOUTH,20250827-1700,269.28
IT-SOUTH,20250827-0300,111.46
IT-SOUTH,20250827-0000,111.45
IT-SOUTH,20250827-1800,353.06
IT-SOUTH,20250827-1900,250.0
IT-SOUTH,20250827-1000,100.83
IT-Sicily,20250827-1200,100.83
IT-Sicily,20250827-1600,155.58
IT-Sicily,20250827-2300,111.52
IT-Sicily,20250827-0600,115.76
IT-Sicily,20250827-0400,111.65
IT-Sicily,20250827-2100,125.13
IT-Sicily,20250827-1500,100.83
IT-Sicily,20250827-0700,112.29
IT-Sicily,20250827-2000,150.2
IT-Sicily,20250827-0900,100.83
IT-Sicily,20250827-0200,100.83
IT-Sicily,20250827-0500,118.02
IT-Sicily,20250827-2200,111.95
IT-Sicily,20250827-0100,100.83
IT-Sicily,20250827-0800,100.83
IT-Sicily,20250827-1400,100.83
IT-Sicily,20250827-1300,100.83
IT-Sicily,20250827-1100,100.83
IT-Sicily,20250827-1700,224.28
IT-Sicily,20250827-0300,111.46
IT-Sicily,20250827-0000,111.45
IT-Sicily,20250827-1800,256.43
IT-Sicily,20250827-1900,207.44
IT-Sicily,20250827-1000,100.83
IT-Sardinia,20250827-1200,94.5
IT-Sardinia,20250827-1600,155.58
IT-Sardinia,20250827-2300,111.52
IT-Sardinia,20250827-0600,125.29
IT-Sardinia,20250827-0400,111.65
IT-Sardinia,20250827-2100,125.13
IT-Sardinia,20250827-1500,113.73
IT-Sardinia,20250827-0700,125.13
IT-Sardinia,20250827-2000,141.83
IT-Sardinia,20250827-0900,85.5
IT-Sardinia,20250827-0200,113.73
IT-Sardinia,20250827-0500,141.13
IT-Sardinia,20250827-2200,125.13
IT-Sardinia,20250827-0100,113.73
IT-Sardinia,20250827-0800,113.73
IT-Sardinia,20250827-1400,100.83
IT-Sardinia,20250827-1300,100.83
IT-Sardinia,20250827-1100,85.5
IT-Sardinia,20250827-1700,249.66
IT-Sardinia,20250827-0300,113.73
IT-Sardinia,20250827-0000,113.73
IT-Sardinia,20250827-1800,317.7
IT-Sardinia,20250827-1900,250.0
IT-Sardinia,20250827-1000,85.5
RS,20250827-1200,16.04
RS,20250827-1600,140.6
RS,20250827-2300,106.56
RS,20250827-0600,84.03
RS,20250827-0400,106.56
RS,20250827-2100,106.56
RS,20250827-1500,106.56
RS,20250827-0700,48.45
RS,20250827-2000,106.56
RS,20250827-0900,10.5
RS,20250827-0200,84.03
RS,20250827-0500,106.56
RS,20250827-2200,106.56
RS,20250827-0100,84.03
RS,20250827-0800,12.5
RS,20250827-1400,99.61
RS,20250827-1300,48.45
RS,20250827-1100,12.5
RS,20250827-1700,179.34
RS,20250827-0300,106.56
RS,20250827-0000,84.03
RS,20250827-1800,179.86
RS,20250827-1900,144.21
RS,20250827-1000,11.89
DK1,20250827-1200,257.03
DK1,20250827-1600,106.56
DK1,20250827-2300,94.77
DK1,20250827-0600,94.77
DK1,20250827-0400,84.03
DK1,20250827-2100,94.77
DK1,20250827-1500,94.77
DK1,20250827-0700,94.77
DK1,20250827-2000,104.27
DK1,20250827-0900,265.63
DK1,20250827-0200,94.77
DK1,20250827-0500,106.56
DK1,20250827-2200,94.77
DK1,20250827-0100,84.99
DK1,20250827-0800,3000.0
DK1,20250827-1400,183.29
DK1,20250827-1300,3000.0
DK1,20250827-1100,3000.0
DK1,20250827-1700,111.33
DK1,20250827-0300,94.77
DK1,20250827-0000,84.99
DK1,20250827-1800,123.95
DK1,20250827-1900,125.29
DK1,20250827-1000,84.03
CH,20250827-1200,57.0
CH,20250827-1600,106.56
CH,20250827-2300,94.77
CH,20250827-0600,84.03
CH,20250827-0400,94.77
CH,20250827-2100,94.77
CH,20250827-1500,94.77
CH,20250827-0700,94.77
CH,20250827-2000,104.27
CH,20250827-0900,72.76
CH,20250827-0200,94.77
CH,20250827-0500,106.56
CH,20250827-2200,94.77
CH,20250827-0100,84.99
CH,20250827-0800,84.03
CH,20250827-1400,84.03
CH,20250827-1300,72.73
CH,20250827-1100,53.48
CH,20250827-1700,111.33
CH,20250827-0300,94.77
CH,20250827-0000,84.99
CH,20250827-1800,123.95
CH,20250827-1900,125.29
CH,20250827-1000,57.0
SE1,20250827-1200,31.94
SE1,20250827-1600,33.27
SE1,20250827-2300,25.07
SE1,20250827-0600,31.37
SE1,20250827-0400,26.64
SE1,20250827-2100,27.78
SE1,20250827-1500,32.81
SE1,20250827-0700,32.96
SE1,20250827-2000,25.77
SE1,20250827-0900,31.64
SE1,20250827-0200,20.65
SE1,20250827-0500,28.34
SE1,20250827-2200,22.17
SE1,20250827-0100,1.0
SE1,20250827-0800,32.59
SE1,20250827-1400,31.76
SE1,20250827-1300,31.04
SE1,20250827-1100,31.02
SE1,20250827-1700,34.05
SE1,20250827-0300,21.03
SE1,20250827-0000,18.83
SE1,20250827-1800,27.93
SE1,20250827-1900,24.47
SE1,20250827-1000,30.09
NO4,20250827-1200,30.95
NO4,20250827-1600,33.13
NO4,20250827-2300,25.36
NO4,20250827-0600,33.95
NO4,20250827-0400,26.39
NO4,20250827-2100,28.55
NO4,20250827-1500,33.43
NO4,20250827-0700,34.05
NO4,20250827-2000,33.01
NO4,20250827-0900,31.87
NO4,20250827-0200,21.29
NO4,20250827-0500,29.62
NO4,20250827-2200,27.41
NO4,20250827-0100,18.57
NO4,20250827-0800,33.21
NO4,20250827-1400,32.21
NO4,20250827-1300,31.96
NO4,20250827-1100,31.27
NO4,20250827-1700,31.97
NO4,20250827-0300,22.65
NO4,20250827-0000,21.05
NO4,20250827-1800,32.37
NO4,20250827-1900,33.83
NO4,20250827-1000,30.23
SE3,20250827-1200,104.41
SE3,20250827-1600,88.45
SE3,20250827-2300,85.29
SE3,20250827-0600,85.29
SE3,20250827-0400,75.63
SE3,20250827-2100,85.29
SE3,20250827-1500,85.29
SE3,20250827-0700,85.29
SE3,20250827-2000,88.45
SE3,20250827-0900,88.45
SE3,20250827-0200,85.29
SE3,20250827-0500,88.45
SE3,20250827-2200,85.29
SE3,20250827-0100,75.63
SE3,20250827-0800,88.45
SE3,20250827-1400,88.45
SE3,20250827-1300,88.45
SE3,20250827-1100,112.5
SE3,20250827-1700,88.45
SE3,20250827-0300,85.29
SE3,20250827-0000,75.63
SE3,20250827-1800,88.45
SE3,20250827-1900,88.45
SE3,20250827-1000,84.03
FR,20250827-1200,34.81
FR,20250827-1600,50.97
FR,20250827-2300,54.81
FR,20250827-0600,84.03
FR,20250827-0400,55.87
FR,20250827-2100,84.03
FR,20250827-1500,31.94
FR,20250827-0700,84.03
FR,20250827-2000,84.03
FR,20250827-0900,45.54
FR,20250827-0200,48.13
FR,20250827-0500,63.12
FR,20250827-2200,60.07
FR,20250827-0100,46.8
FR,20250827-0800,62.71
FR,20250827-1400,29.93
FR,20250827-1300,28.8
FR,20250827-1100,34.34
FR,20250827-1700,84.03
FR,20250827-0300,48.13
FR,20250827-0000,48.45
FR,20250827-1800,112.66
FR,20250827-1900,125.29
FR,20250827-1000,34.81
FI,20250827-1200,9.5
FI,20250827-1600,11.57
FI,20250827-2300,15.04
FI,20250827-0600,9.5
FI,20250827-0400,9.5
FI,20250827-2100,22.73
FI,20250827-1500,11.56
FI,20250827-0700,9.5
FI,20250827-2000,16.99
FI,20250827-0900,9.5
FI,20250827-0200,9.5
FI,20250827-0500,9.5
FI,20250827-2200,12.09
FI,20250827-0100,9.5
FI,20250827-0800,9.5
FI,20250827-1400,13.66
FI,20250827-1300,9.5
FI,20250827-1100,9.5
FI,20250827-1700,11.41
FI,20250827-0300,9.5
FI,20250827-0000,9.5
FI,20250827-1800,15.77
FI,20250827-1900,24.01
FI,20250827-1000,9.5
PL,20250827-1200,76.43
PL,20250827-1600,106.56
PL,20250827-2300,94.77
PL,20250827-0600,94.77
PL,20250827-0400,106.56
PL,20250827-2100,94.77
PL,20250827-1500,94.77
PL,20250827-0700,94.77
PL,20250827-2000,98.7
PL,20250827-0900,81.01
PL,20250827-0200,94.77
PL,20250827-0500,106.56
PL,20250827-2200,94.77
PL,20250827-0100,94.77
PL,20250827-0800,88.46
PL,20250827-1400,94.77
PL,20250827-1300,84.03
PL,20250827-1100,75.18
PL,20250827-1700,106.56
PL,20250827-0300,94.77
PL,20250827-0000,94.77
PL,20250827-1800,106.56
PL,20250827-1900,106.56
PL,20250827-1000,76.14
IT-Calabria,20250827-1200,100.83
IT-Calabria,20250827-1600,155.58
IT-Calabria,20250827-2300,111.52
IT-Calabria,20250827-0600,115.76
IT-Calabria,20250827-0400,111.65
IT-Calabria,20250827-2100,125.13
IT-Calabria,20250827-1500,100.83
IT-Calabria,20250827-0700,112.29
IT-Calabria,20250827-2000,141.83
IT-Calabria,20250827-0900,100.83
IT-Calabria,20250827-0200,100.83
IT-Calabria,20250827-0500,118.02
IT-Calabria,20250827-2200,111.95
IT-Calabria,20250827-0100,100.83
IT-Calabria,20250827-0800,100.83
IT-Calabria,20250827-1400,100.83
IT-Calabria,20250827-1300,100.83
IT-Calabria,20250827-1100,100.83
IT-Calabria,20250827-1700,224.28
IT-Calabria,20250827-0300,111.46
IT-Calabria,20250827-0000,111.45
IT-Calabria,20250827-1800,256.43
IT-Calabria,20250827-1900,207.44
IT-Calabria,20250827-1000,100.83
AT,20250827-1200,4.42
AT,20250827-1600,106.56
AT,20250827-2300,88.45
AT,20250827-0600,88.45
AT,20250827-0400,94.77
AT,20250827-2100,88.45
AT,20250827-1500,88.45
AT,20250827-0700,88.45
AT,20250827-2000,88.45
AT,20250827-0900,4.8
AT,20250827-0200,88.45
AT,20250827-0500,88.45
AT,20250827-2200,88.45
AT,20250827-0100,84.99
AT,20250827-0800,84.03
AT,20250827-1400,84.03
AT,20250827-1300,57.0
AT,20250827-1100,3.75
AT,20250827-1700,111.33
AT,20250827-0300,88.45
AT,20250827-0000,84.99
AT,20250827-1800,123.95
AT,20250827-1900,88.45
AT,20250827-1000,3.75
SE2,20250827-1200,37.97
SE2,20250827-1600,31.63
SE2,20250827-2300,25.07
SE2,20250827-0600,35.71
SE2,20250827-0400,34.83
SE2,20250827-2100,27.78
SE2,20250827-1500,32.81
SE2,20250827-0700,32.96
SE2,20250827-2000,25.77
SE2,20250827-0900,34.89
SE2,20250827-0200,29.49
SE2,20250827-0500,28.34
SE2,20250827-2200,22.17
SE2,20250827-0100,27.14
SE2,20250827-0800,38.06
SE2,20250827-1400,32.56
SE2,20250827-1300,31.76
SE2,20250827-1100,39.04
SE2,20250827-1700,30.47
SE2,20250827-0300,29.28
SE2,20250827-0000,30.07
SE2,20250827-1800,27.93
SE2,20250827-1900,24.47
SE2,20250827-1000,33.97
IT-NORTH,20250827-1200,100.83
IT-NORTH,20250827-1600,155.58
IT-NORTH,20250827-2300,100.83
IT-NORTH,20250827-0600,125.29
IT-NORTH,20250827-0400,111.65
IT-NORTH,20250827-2100,100.83
IT-NORTH,20250827-1500,100.83
IT-NORTH,20250827-0700,112.29
IT-NORTH,20250827-2000,104.27
IT-NORTH,20250827-0900,100.83
IT-NORTH,20250827-0200,100.83
IT-NORTH,20250827-0500,125.29
IT-NORTH,20250827-2200,100.83
IT-NORTH,20250827-0100,100.83
IT-NORTH,20250827-0800,111.45
IT-NORTH,20250827-1400,100.83
IT-NORTH,20250827-1300,100.83
IT-NORTH,20250827-1100,100.83
IT-NORTH,20250827-1700,190.1
IT-NORTH,20250827-0300,100.83
IT-NORTH,20250827-0000,100.83
IT-NORTH,20250827-1800,189.06
IT-NORTH,20250827-1900,125.29
IT-NORTH,20250827-1000,100.83
LT,20250827-1200,57.0
LT,20250827-1600,164.48
LT,20250827-2300,68.22
LT,20250827-0600,94.77
LT,20250827-0400,120.11
LT,20250827-2100,84.03
LT,20250827-1500,94.77
LT,20250827-0700,84.03
LT,20250827-2000,88.45
LT,20250827-0900,48.45
LT,20250827-0200,94.77
LT,20250827-0500,106.56
LT,20250827-2200,84.03
LT,20250827-0100,84.03
LT,20250827-0800,48.45
LT,20250827-1400,84.03
LT,20250827-1300,72.73
LT,20250827-1100,48.45
LT,20250827-1700,250.0
LT,20250827-0300,94.77
LT,20250827-0000,84.03
LT,20250827-1800,138.29
LT,20250827-1900,114.04
LT,20250827-1000,57.0
PT,20250827-1200,34.81
PT,20250827-1600,48.45
PT,20250827-2300,84.03
PT,20250827-0600,84.03
PT,20250827-0400,84.03
PT,20250827-2100,84.03
PT,20250827-1500,12.5
PT,20250827-0700,84.03
PT,20250827-2000,84.03
PT,20250827-0900,45.54
PT,20250827-0200,84.03
PT,20250827-0500,84.03
PT,20250827-2200,84.03
PT,20250827-0100,84.03
PT,20250827-0800,62.71
PT,20250827-1400,9.5
PT,20250827-1300,16.0
PT,20250827-1100,34.34
PT,20250827-1700,84.03
PT,20250827-0300,84.03
PT,20250827-0000,84.03
PT,20250827-1800,112.66
PT,20250827-1900,125.29
PT,20250827-1000,34.81
NO2,20250827-1200,60.3
NO2,20250827-1600,88.45
NO2,20250827-2300,88.45
NO2,20250827-0600,88.45
NO2,20250827-0400,88.45
NO2,20250827-2100,88.45
NO2,20250827-1500,88.45
NO2,20250827-0700,88.45
NO2,20250827-2000,88.45
NO2,20250827-0900,72.76
NO2,20250827-0200,88.45
NO2,20250827-0500,88.45
NO2,20250827-2200,88.45
NO2,20250827-0100,84.99
NO2,20250827-0800,88.45
NO2,20250827-1400,88.45
NO2,20250827-1300,72.73
NO2,20250827-1100,55.92
NO2,20250827-1700,88.45
NO2,20250827-0300,88.45
NO2,20250827-0000,84.99
NO2,20250827-1800,88.45
NO2,20250827-1900,88.45
NO2,20250827-1000,60.3
LV,20250827-1200,57.0
LV,20250827-1600,164.48
LV,20250827-2300,68.22
LV,20250827-0600,94.77
LV,20250827-0400,120.11
LV,20250827-2100,84.03
LV,20250827-1500,94.77
LV,20250827-0700,84.03
LV,20250827-2000,88.45
LV,20250827-0900,48.45
LV,20250827-0200,94.77
LV,20250827-0500,106.56
LV,20250827-2200,84.03
LV,20250827-0100,84.03
LV,20250827-0800,48.45
LV,20250827-1400,84.03
LV,20250827-1300,72.73
LV,20250827-1100,48.45
LV,20250827-1700,250.0
LV,20250827-0300,94.77
LV,20250827-0000,84.03
LV,20250827-1800,138.29
LV,20250827-1900,114.04
LV,20250827-1000,57.0
NL,20250827-1200,57.0
NL,20250827-1600,84.03
NL,20250827-2300,84.03
NL,20250827-0600,84.03
NL,20250827-0400,84.03
NL,20250827-2100,94.77
NL,20250827-1500,84.03
NL,20250827-0700,84.03
NL,20250827-2000,94.77
NL,20250827-0900,72.76
NL,20250827-0200,84.03
NL,20250827-0500,84.03
NL,20250827-2200,88.45
NL,20250827-0100,84.03
NL,20250827-0800,84.03
NL,20250827-1400,84.03
NL,20250827-1300,72.73
NL,20250827-1100,53.48
NL,20250827-1700,84.03
NL,20250827-0300,84.03
NL,20250827-0000,84.03
NL,20250827-1800,88.45
NL,20250827-1900,94.77
NL,20250827-1000,57.0
NO5,20250827-1200,47.02
NO5,20250827-1600,85.77
NO5,20250827-2300,80.46
NO5,20250827-0600,80.46
NO5,20250827-0400,80.46
NO5,20250827-2100,85.29
NO5,20250827-1500,80.46
NO5,20250827-0700,80.46
NO5,20250827-2000,88.45
NO5,20250827-0900,56.74
NO5,20250827-0200,80.46
NO5,20250827-0500,85.77
NO5,20250827-2200,80.46
NO5,20250827-0100,75.63
NO5,20250827-0800,75.63
NO5,20250827-1400,75.63
NO5,20250827-1300,56.72
NO5,20250827-1100,43.6
NO5,20250827-1700,85.77
NO5,20250827-0300,80.46
NO5,20250827-0000,75.63
NO5,20250827-1800,88.45
NO5,20250827-1900,88.45
NO5,20250827-1000,47.02
BE,20250827-1200,47.94
BE,20250827-1600,85.77
BE,20250827-2300,84.03
BE,20250827-0600,84.03
BE,20250827-0400,82.02
BE,20250827-2100,85.29
BE,20250827-1500,84.03
BE,20250827-0700,84.03
BE,20250827-2000,88.45
BE,20250827-0900,63.04
BE,20250827-0200,80.46
BE,20250827-0500,85.77
BE,20250827-2200,84.03
BE,20250827-0100,75.63
BE,20250827-0800,84.03
BE,20250827-1400,75.63
BE,20250827-1300,56.72
BE,20250827-1100,48.45
BE,20250827-1700,95.01
BE,20250827-0300,82.02
BE,20250827-0000,75.63
BE,20250827-1800,92.7
BE,20250827-1900,103.9
BE,20250827-1000,52.25
RO,20250827-1200,16.04
RO,20250827-1600,140.6
RO,20250827-2300,106.56
RO,20250827-0600,84.03
RO,20250827-0400,106.56
RO,20250827-2100,106.56
RO,20250827-1500,106.56
RO,20250827-0700,48.45
RO,20250827-2000,106.56
RO,20250827-0900,10.5
RO,20250827-0200,84.03
RO,20250827-0500,106.56
RO,20250827-2200,106.56
RO,20250827-0100,84.03
RO,20250827-0800,12.5
RO,20250827-1400,99.61
RO,20250827-1300,48.45
RO,20250827-1100,12.5
RO,20250827-1700,179.34
RO,20250827-0300,106.56
RO,20250827-0000,84.03
RO,20250827-1800,179.86
RO,20250827-1900,144.21
RO,20250827-1000,11.89
DK2,20250827-1200,57.0
DK2,20250827-1600,127.08
DK2,20250827-2300,94.77
DK2,20250827-0600,94.77
DK2,20250827-0400,81.42
DK2,20250827-2100,94.77
DK2,20250827-1500,94.77
DK2,20250827-0700,84.03
DK2,20250827-2000,104.27
DK2,20250827-0900,57.0
DK2,20250827-0200,94.77
DK2,20250827-0500,106.56
DK2,20250827-2200,94.77
DK2,20250827-0100,84.99
DK2,20250827-0800,57.0
DK2,20250827-1400,84.03
DK2,20250827-1300,72.73
DK2,20250827-1100,53.48
DK2,20250827-1700,111.33
DK2,20250827-0300,94.77
DK2,20250827-0000,84.99
DK2,20250827-1800,287.92
DK2,20250827-1900,3000.0
DK2,20250827-1000,57.0
BG,20250827-1200,16.04
BG,20250827-1600,140.6
BG,20250827-2300,106.56
BG,20250827-0600,84.03
BG,20250827-0400,106.56
BG,20250827-2100,106.56
BG,20250827-1500,106.56
BG,20250827-0700,48.45
BG,20250827-2000,106.56
BG,20250827-0900,10.5
BG,20250827-0200,84.03
BG,20250827-0500,106.56
BG,20250827-2200,106.56
BG,20250827-0100,84.03
BG,20250827-0800,12.5
BG,20250827-1400,99.61
BG,20250827-1300,48.45
BG,20250827-1100,12.5
BG,20250827-1700,179.34
BG,20250827-0300,106.56
BG,20250827-0000,84.03
BG,20250827-1800,179.86
BG,20250827-1900,144.21
BG,20250827-1000,11.89
IT-CSOUTH,20250827-1200,100.83
IT-CSOUTH,20250827-1600,155.58
IT-CSOUTH,20250827-2300,111.52
IT-CSOUTH,20250827-0600,125.29
IT-CSOUTH,20250827-0400,111.65
IT-CSOUTH,20250827-2100,125.13
IT-CSOUTH,20250827-1500,100.83
IT-CSOUTH,20250827-0700,112.29
IT-CSOUTH,20250827-2000,141.83
IT-CSOUTH,20250827-0900,100.83
IT-CSOUTH,20250827-0200,100.83
IT-CSOUTH,20250827-0500,125.29
IT-CSOUTH,20250827-2200,111.95
IT-CSOUTH,20250827-0100,100.83
IT-CSOUTH,20250827-0800,111.45
IT-CSOUTH,20250827-1400,100.83
IT-CSOUTH,20250827-1300,100.83
IT-CSOUTH,20250827-1100,100.83
IT-CSOUTH,20250827-1700,269.28
IT-CSOUTH,20250827-0300,111.46
IT-CSOUTH,20250827-0000,111.45
IT-CSOUTH,20250827-1800,353.06
IT-CSOUTH,20250827-1900,250.0
IT-CSOUTH,20250827-1000,100.83
CZ,20250827-1200,57.0
CZ,20250827-1600,106.56
CZ,20250827-2300,87.82
CZ,20250827-0600,94.77
CZ,20250827-0400,106.56
CZ,20250827-2100,94.77
CZ,20250827-1500,94.77
CZ,20250827-0700,94.77
CZ,20250827-2000,98.7
CZ,20250827-0900,84.03
CZ,20250827-0200,84.03
CZ,20250827-0500,106.56
CZ,20250827-2200,92.96
CZ,20250827-0100,84.99
CZ,20250827-0800,84.03
CZ,20250827-1400,84.03
CZ,20250827-1300,72.73
CZ,20250827-1100,69.33
CZ,20250827-1700,106.56
CZ,20250827-0300,94.77
CZ,20250827-0000,84.03
CZ,20250827-1800,106.56
CZ,20250827-1900,106.56
CZ,20250827-1000,57.0
NO3,20250827-1200,47.02
NO3,20250827-1600,85.77
NO3,20250827-2300,80.46
NO3,20250827-0600,80.46
NO3,20250827-0400,80.46
NO3,20250827-2100,85.29
NO3,20250827-1500,80.46
NO3,20250827-0700,80.46
NO3,20250827-2000,88.45
NO3,20250827-0900,56.74
NO3,20250827-0200,80.46
NO3,20250827-0500,85.77
NO3,20250827-2200,80.46
NO3,20250827-0100,75.63
NO3,20250827-0800,75.63
NO3,20250827-1400,75.63
NO3,20250827-1300,56.72
NO3,20250827-1100,43.6
NO3,20250827-1700,85.77
NO3,20250827-0300,80.46
NO3,20250827-0000,75.63
NO3,20250827-1800,88.45
NO3,20250827-1900,88.45
NO3,20250827-1000,47.02
NO1,20250827-1200,52.25
NO1,20250827-1600,85.77
NO1,20250827-2300,88.45
NO1,20250827-0600,88.45
NO1,20250827-0400,88.45
NO1,20250827-2100,88.45
NO1,20250827-1500,88.45
NO1,20250827-0700,88.45
NO1,20250827-2000,88.45
NO1,20250827-0900,63.04
NO1,20250827-0200,88.45
NO1,20250827-0500,88.45
NO1,20250827-2200,88.45
NO1,20250827-0100,84.03
NO1,20250827-0800,84.03
NO1,20250827-1400,84.03
NO1,20250827-1300,63.02
NO1,20250827-1100,48.45
NO1,20250827-1700,85.77
NO1,20250827-0300,88.45
NO1,20250827-0000,84.03
NO1,20250827-1800,88.45
NO1,20250827-1900,88.45
NO1,20250827-1000,52.25
DE_LU,20250827-1200,57.0
DE_LU,20250827-1600,106.56
DE_LU,20250827-2300,94.77
DE_LU,20250827-0600,94.77
DE_LU,20250827-0400,94.77
DE_LU,20250827-2100,94.77
DE_LU,20250827-1500,94.77
DE_LU,20250827-0700,94.77
DE_LU,20250827-2000,104.27
DE_LU,20250827-0900,72.76
DE_LU,20250827-0200,94.77
DE_LU,20250827-0500,106.56
DE_LU,20250827-2200,94.77
DE_LU,20250827-0100,84.99
DE_LU,20250827-0800,84.03
DE_LU,20250827-1400,84.03
DE_LU,20250827-1300,72.73
DE_LU,20250827-1100,53.48
DE_LU,20250827-1700,111.33
DE_LU,20250827-0300,94.77
DE_LU,20250827-0000,84.99
DE_LU,20250827-1800,123.95
DE_LU,20250827-1900,125.29
DE_LU,20250827-1000,57.0
SK,20250827-1200,47.02
SK,20250827-1600,85.77
SK,20250827-2300,80.46
SK,20250827-0600,80.46
SK,20250827-0400,80.46
SK,20250827-2100,85.29
SK,20250827-1500,80.46
SK,20250827-0700,80.46
SK,20250827-2000,88.45
SK,20250827-0900,56.74
SK,20250827-0200,80.46
SK,20250827-0500,85.77
SK,20250827-2200,80.46
SK,20250827-0100,75.63
SK,20250827-0800,75.63
SK,20250827-1400,75.63
SK,20250827-1300,56.72
SK,20250827-1100,43.6
SK,20250827-1700,95.3
SK,20250827-0300,80.46
SK,20250827-0000,75.63
SK,20250827-1800,102.02
SK,20250827-1900,88.45
SK,20250827-1000,47.02
EE,20250827-1200,57.0
EE,20250827-1600,164.48
EE,20250827-2300,68.22
EE,20250827-0600,94.77
EE,20250827-0400,120.11
EE,20250827-2100,84.03
EE,20250827-1500,94.77
EE,20250827-0700,84.03
EE,20250827-2000,88.45
EE,20250827-0900,48.45
EE,20250827-0200,94.77
EE,20250827-0500,106.56
EE,20250827-2200,84.03
EE,20250827-0100,84.03
EE,20250827-0800,48.45
EE,20250827-1400,84.03
EE,20250827-1300,72.73
EE,20250827-1100,48.45
EE,20250827-1700,250.0
EE,20250827-0300,94.77
EE,20250827-0000,84.03
EE,20250827-1800,138.29
EE,20250827-1900,114.04
EE,20250827-1000,57.0
SE4,20250827-1200,57.0
SE4,20250827-1600,104.41
SE4,20250827-2300,68.22
SE4,20250827-0600,94.77
SE4,20250827-0400,81.42
SE4,20250827-2100,83.06
SE4,20250827-1500,94.77
SE4,20250827-0700,84.03
SE4,20250827-2000,88.45
SE4,20250827-0900,57.0
SE4,20250827-0200,85.29
SE4,20250827-0500,106.56
SE4,20250827-2200,83.06
SE4,20250827-0100,77.05
SE4,20250827-0800,57.0
SE4,20250827-1400,84.03
SE4,20250827-1300,72.73
SE4,20250827-1100,53.48
SE4,20250827-1700,88.45
SE4,20250827-0300,85.29
SE4,20250827-0000,77.05
SE4,20250827-1800,106.56
SE4,20250827-1900,88.45
SE4,20250827-1000,57.0
SI,20251005-1900,82.83
SI,20251005-0800,84.92
SI,20251005-1100,35.54
SI,20251005-1800,99.38999999999996
SI,20251005-2000,47.18
SI,20251005-0500,10.53
SI,20251005-1500,87.18
SI,20251005-0700,85.31
SI,20251005-0200,16.0
SI,20251005-0300,47.18
SI,20251005-1300,10.75
SI,20251005-1400,27.5
SI,20251005-1600,99.39
SI,20251005-2300,10.5
SI,20251005-0100,10.5
SI,20251005-1200,13.03
SI,20251005-0000,10.53
SI,20251005-0600,82.83
SI,20251005-2100,12.98
SI,20251005-0900,53.1
SI,20251005-1000,41.08
SI,20251005-1700,87.17999999999999
SI,20251005-0400,12.5
SI,20251005-2200,10.53
ES,20251005-1900,82.83
ES,20251005-0800,1.0
ES,20251005-1100,1.0
ES,20251005-1800,82.82999999999997
ES,20251005-2000,82.83
ES,20251005-0500,47.18
ES,20251005-1500,1.0
ES,20251005-0700,12.8
ES,20251005-0200,28.37
ES,20251005-0300,28.37
ES,20251005-1300,1.0
ES,20251005-1400,1.0
ES,20251005-1600,4.36
ES,20251005-2300,39.44
ES,20251005-0100,47.18
ES,20251005-1200,1.0
ES,20251005-0000,47.18
ES,20251005-0600,24.33
ES,20251005-2100,57.49
ES,20251005-0900,1.0
ES,20251005-1000,1.0
ES,20251005-1700,52.25
ES,20251005-0400,47.18
ES,20251005-2200,43.25
GR,20251005-1900,166.61
GR,20251005-0800,1.0
GR,20251005-1100,1.0
GR,20251005-1800,216.56000000000006
GR,20251005-2000,136.81
GR,20251005-0500,114.36
GR,20251005-1500,114.36
GR,20251005-0700,4.36
GR,20251005-0200,85.11
GR,20251005-0300,113.64
GR,20251005-1300,1.0
GR,20251005-1400,47.18
GR,20251005-1600,175.11
GR,20251005-2300,114.36
GR,20251005-0100,82.83
GR,20251005-1200,1.0
GR,20251005-0000,90.83
GR,20251005-0600,82.83
GR,20251005-2100,114.36
GR,20251005-0900,1.0
GR,20251005-1000,1.0
GR,20251005-1700,204.41999999999996
GR,20251005-0400,114.36
GR,20251005-2200,82.83
IT-CNORTH,20251005-1900,99.39
IT-CNORTH,20251005-0800,95.77
IT-CNORTH,20251005-1100,11.87
IT-CNORTH,20251005-1800,99.38999999999997
IT-CNORTH,20251005-2000,99.39
IT-CNORTH,20251005-0500,99.39
IT-CNORTH,20251005-1500,99.39
IT-CNORTH,20251005-0700,99.39
IT-CNORTH,20251005-0200,99.39
IT-CNORTH,20251005-0300,99.39
IT-CNORTH,20251005-1300,10.75
IT-CNORTH,20251005-1400,27.5
IT-CNORTH,20251005-1600,99.39
IT-CNORTH,20251005-2300,99.39
IT-CNORTH,20251005-0100,99.39
IT-CNORTH,20251005-1200,9.5
IT-CNORTH,20251005-0000,99.39
IT-CNORTH,20251005-0600,99.39
IT-CNORTH,20251005-2100,99.39
IT-CNORTH,20251005-0900,53.1
IT-CNORTH,20251005-1000,41.08
IT-CNORTH,20251005-1700,99.39000000000003
IT-CNORTH,20251005-0400,99.39
IT-CNORTH,20251005-2200,99.39
HU,20251005-1900,82.83
HU,20251005-0800,84.92
HU,20251005-1100,82.83
HU,20251005-1800,104.10999999999831
HU,20251005-2000,82.83
HU,20251005-0500,82.83
HU,20251005-1500,87.18
HU,20251005-0700,85.31
HU,20251005-0200,16.0
HU,20251005-0300,47.18
HU,20251005-1300,82.83
HU,20251005-1400,82.83
HU,20251005-1600,107.87
HU,20251005-2300,63.04
HU,20251005-0100,30.0
HU,20251005-1200,82.83
HU,20251005-0000,30.0
HU,20251005-0600,82.83
HU,20251005-2100,82.83
HU,20251005-0900,114.36
HU,20251005-1000,82.83
HU,20251005-1700,87.17999999999999
HU,20251005-0400,82.83
HU,20251005-2200,57.0
IT-SOUTH,20251005-1900,99.39
IT-SOUTH,20251005-0800,95.77
IT-SOUTH,20251005-1100,11.87
IT-SOUTH,20251005-1800,99.38999999999997
IT-SOUTH,20251005-2000,99.39
IT-SOUTH,20251005-0500,99.39
IT-SOUTH,20251005-1500,99.39
IT-SOUTH,20251005-0700,99.39
IT-SOUTH,20251005-0200,99.39
IT-SOUTH,20251005-0300,99.39
IT-SOUTH,20251005-1300,10.75
IT-SOUTH,20251005-1400,27.5
IT-SOUTH,20251005-1600,99.39
IT-SOUTH,20251005-2300,99.39
IT-SOUTH,20251005-0100,99.39
IT-SOUTH,20251005-1200,9.5
IT-SOUTH,20251005-0000,99.39
IT-SOUTH,20251005-0600,99.39
IT-SOUTH,20251005-2100,99.39
IT-SOUTH,20251005-0900,53.1
IT-SOUTH,20251005-1000,41.08
IT-SOUTH,20251005-1700,99.39000000000003
IT-SOUTH,20251005-0400,99.39
IT-SOUTH,20251005-2200,99.39
IT-Sicily,20251005-1900,99.39
IT-Sicily,20251005-0800,95.77
IT-Sicily,20251005-1100,11.87
IT-Sicily,20251005-1800,99.38999999999997
IT-Sicily,20251005-2000,99.39
IT-Sicily,20251005-0500,99.39
IT-Sicily,20251005-1500,99.39
IT-Sicily,20251005-0700,99.39
IT-Sicily,20251005-0200,99.39
IT-Sicily,20251005-0300,99.39
IT-Sicily,20251005-1300,10.75
IT-Sicily,20251005-1400,27.5
IT-Sicily,20251005-1600,99.39
IT-Sicily,20251005-2300,99.39
IT-Sicily,20251005-0100,99.39
IT-Sicily,20251005-1200,9.5
IT-Sicily,20251005-0000,99.39
IT-Sicily,20251005-0600,99.39
IT-Sicily,20251005-2100,99.39
IT-Sicily,20251005-0900,53.1
IT-Sicily,20251005-1000,41.08
IT-Sicily,20251005-1700,99.38999999999997
IT-Sicily,20251005-0400,99.39
IT-Sicily,20251005-2200,99.39
IT-Sardinia,20251005-1900,99.39
IT-Sardinia,20251005-0800,1.0
IT-Sardinia,20251005-1100,1.0
IT-Sardinia,20251005-1800,99.38999999999997
IT-Sardinia,20251005-2000,99.39
IT-Sardinia,20251005-0500,99.39
IT-Sardinia,20251005-1500,1.0
IT-Sardinia,20251005-0700,85.5
IT-Sardinia,20251005-0200,99.39
IT-Sardinia,20251005-0300,99.39
IT-Sardinia,20251005-1300,1.0
IT-Sardinia,20251005-1400,1.0
IT-Sardinia,20251005-1600,85.5
IT-Sardinia,20251005-2300,99.39
IT-Sardinia,20251005-0100,99.39
IT-Sardinia,20251005-1200,1.0
IT-Sardinia,20251005-0000,99.39
IT-Sardinia,20251005-0600,99.39
IT-Sardinia,20251005-2100,99.39
IT-Sardinia,20251005-0900,1.0
IT-Sardinia,20251005-1000,1.0
IT-Sardinia,20251005-1700,99.39000000000003
IT-Sardinia,20251005-0400,99.39
IT-Sardinia,20251005-2200,99.39
RS,20251005-1900,250.0
RS,20251005-0800,90.67
RS,20251005-1100,91.54
RS,20251005-1800,321.73999999999995
RS,20251005-2000,151.4
RS,20251005-0500,114.36
RS,20251005-1500,170.4
RS,20251005-0700,114.36
RS,20251005-0200,85.11
RS,20251005-0300,113.64
RS,20251005-1300,114.36
RS,20251005-1400,114.36
RS,20251005-1600,254.41
RS,20251005-2300,114.36
RS,20251005-0100,82.83
RS,20251005-1200,114.36
RS,20251005-0000,90.83
RS,20251005-0600,114.36
RS,20251005-2100,114.36
RS,20251005-0900,114.36
RS,20251005-1000,82.83
RS,20251005-1700,366.67
RS,20251005-0400,114.36
RS,20251005-2200,114.36
DK1,20251005-1900,47.18
DK1,20251005-0800,4.36
DK1,20251005-1100,9.5
DK1,20251005-1800,57.0
DK1,20251005-2000,23.75
DK1,20251005-0500,4.36
DK1,20251005-1500,35.27
DK1,20251005-0700,4.36
DK1,20251005-0200,1.0
DK1,20251005-0300,1.0
DK1,20251005-1300,2.85
DK1,20251005-1400,5.0
DK1,20251005-1600,55.32
DK1,20251005-2300,1.0
DK1,20251005-0100,1.0
DK1,20251005-1200,4.36
DK1,20251005-0000,1.0
DK1,20251005-0600,4.36
DK1,20251005-2100,4.36
DK1,20251005-0900,3.0
DK1,20251005-1000,47.18
DK1,20251005-1700,52.25
DK1,20251005-0400,2.85
DK1,20251005-2200,2.85
CH,20251005-1900,84.72
CH,20251005-0800,34.58
CH,20251005-1100,11.87
CH,20251005-1800,84.94
CH,20251005-2000,82.9
CH,20251005-0500,38.14
CH,20251005-1500,45.1
CH,20251005-0700,35.48
CH,20251005-0200,38.59
CH,20251005-0300,38.59
CH,20251005-1300,10.75
CH,20251005-1400,15.36
CH,20251005-1600,55.32
CH,20251005-2300,39.66
CH,20251005-0100,34.42
CH,20251005-1200,9.5
CH,20251005-0000,34.42
CH,20251005-0600,35.49
CH,20251005-2100,82.83
CH,20251005-0900,17.23
CH,20251005-1000,9.5
CH,20251005-1700,58.98
CH,20251005-0400,38.63
CH,20251005-2200,43.25
SE1,20251005-1900,20.81
SE1,20251005-0800,1.0
SE1,20251005-1100,1.0
SE1,20251005-1800,21.779999999998836
SE1,20251005-2000,24.92
SE1,20251005-0500,1.0
SE1,20251005-1500,1.0
SE1,20251005-0700,1.0
SE1,20251005-0200,1.0
SE1,20251005-0300,1.0
SE1,20251005-1300,1.0
SE1,20251005-1400,1.0
SE1,20251005-1600,19.36
SE1,20251005-2300,31.5
SE1,20251005-0100,1.0
SE1,20251005-1200,1.0
SE1,20251005-0000,1.0
SE1,20251005-0600,1.0
SE1,20251005-2100,35.49
SE1,20251005-0900,1.0
SE1,20251005-1000,1.0
SE1,20251005-1700,20.27999999999929
SE1,20251005-0400,1.0
SE1,20251005-2200,29.0
NO4,20251005-1900,31.7
NO4,20251005-0800,24.12
NO4,20251005-1100,21.17
NO4,20251005-1800,33.56999999999945
NO4,20251005-2000,29.35
NO4,20251005-0500,20.69
NO4,20251005-1500,23.87
NO4,20251005-0700,24.39
NO4,20251005-0200,18.33
NO4,20251005-0300,18.41
NO4,20251005-1300,23.87
NO4,20251005-1400,23.66
NO4,20251005-1600,24.05
NO4,20251005-2300,25.91
NO4,20251005-0100,19.68
NO4,20251005-1200,20.53
NO4,20251005-0000,19.99
NO4,20251005-0600,25.39
NO4,20251005-2100,27.7
NO4,20251005-0900,24.08
NO4,20251005-1000,24.64
NO4,20251005-1700,26.9
NO4,20251005-0400,18.31
NO4,20251005-2200,28.11
SE3,20251005-1900,34.21
SE3,20251005-0800,4.36
SE3,20251005-1100,5.0
SE3,20251005-1800,57.0
SE3,20251005-2000,21.38
SE3,20251005-0500,4.36
SE3,20251005-1500,24.75
SE3,20251005-0700,4.36
SE3,20251005-0200,1.0
SE3,20251005-0300,1.0
SE3,20251005-1300,2.85
SE3,20251005-1400,4.8
SE3,20251005-1600,38.8
SE3,20251005-2300,1.0
SE3,20251005-0100,1.0
SE3,20251005-1200,5.0
SE3,20251005-0000,1.0
SE3,20251005-0600,4.36
SE3,20251005-2100,3.15
SE3,20251005-0900,3.0
SE3,20251005-1000,42.46
SE3,20251005-1700,52.25
SE3,20251005-0400,1.0
SE3,20251005-2200,1.0
FR,20251005-1900,64.51
FR,20251005-0800,20.41
FR,20251005-1100,5.0
FR,20251005-1800,82.83
FR,20251005-2000,59.92
FR,20251005-0500,28.04
FR,20251005-1500,12.59
FR,20251005-0700,12.8
FR,20251005-0200,28.37
FR,20251005-0300,28.37
FR,20251005-1300,5.0
FR,20251005-1400,5.0
FR,20251005-1600,27.7
FR,20251005-2300,39.44
FR,20251005-0100,13.87
FR,20251005-1200,5.0
FR,20251005-0000,23.75
FR,20251005-0600,24.33
FR,20251005-2100,57.49
FR,20251005-0900,9.5
FR,20251005-1000,9.5
FR,20251005-1700,52.25
FR,20251005-0400,28.37
FR,20251005-2200,43.25
FI,20251005-1900,4.99
FI,20251005-0800,2.85
FI,20251005-1100,3.0
FI,20251005-1800,4.990000000000034
FI,20251005-2000,5.0
FI,20251005-0500,2.85
FI,20251005-1500,3.16
FI,20251005-0700,2.85
FI,20251005-0200,4.36
FI,20251005-0300,2.85
FI,20251005-1300,3.15
FI,20251005-1400,3.0
FI,20251005-1600,3.17
FI,20251005-2300,9.5
FI,20251005-0100,4.36
FI,20251005-1200,3.16
FI,20251005-0000,4.36
FI,20251005-0600,2.85
FI,20251005-2100,5.0
FI,20251005-0900,2.85
FI,20251005-1000,2.85
FI,20251005-1700,3.8
FI,20251005-0400,2.85
FI,20251005-2200,9.5
PL,20251005-1900,100.39
PL,20251005-0800,100.39
PL,20251005-1100,100.39
PL,20251005-1800,100.3899999999997
PL,20251005-2000,100.39
PL,20251005-0500,100.39
PL,20251005-1500,100.39
PL,20251005-0700,100.39
PL,20251005-0200,100.39
PL,20251005-0300,100.39
PL,20251005-1300,100.39
PL,20251005-1400,100.39
PL,20251005-1600,100.39
PL,20251005-2300,100.39
PL,20251005-0100,100.39
PL,20251005-1200,100.39
PL,20251005-0000,100.39
PL,20251005-0600,100.39
PL,20251005-2100,100.39
PL,20251005-0900,100.39
PL,20251005-1000,100.39
PL,20251005-1700,100.38999999999939
PL,20251005-0400,100.39
PL,20251005-2200,100.39
IT-Calabria,20251005-1900,99.39
IT-Calabria,20251005-0800,95.77
IT-Calabria,20251005-1100,11.87
IT-Calabria,20251005-1800,99.39000000000003
IT-Calabria,20251005-2000,99.39
IT-Calabria,20251005-0500,99.39
IT-Calabria,20251005-1500,99.39
IT-Calabria,20251005-0700,99.39
IT-Calabria,20251005-0200,99.39
IT-Calabria,20251005-0300,99.39
IT-Calabria,20251005-1300,10.75
IT-Calabria,20251005-1400,27.5
IT-Calabria,20251005-1600,99.39
IT-Calabria,20251005-2300,99.39
IT-Calabria,20251005-0100,99.39
IT-Calabria,20251005-1200,9.5
IT-Calabria,20251005-0000,99.39
IT-Calabria,20251005-0600,99.39
IT-Calabria,20251005-2100,99.39
IT-Calabria,20251005-0900,53.1
IT-Calabria,20251005-1000,41.08
IT-Calabria,20251005-1700,99.39000000000003
IT-Calabria,20251005-0400,99.39
IT-Calabria,20251005-2200,99.39
AT,20251005-1900,84.72
AT,20251005-0800,34.58
AT,20251005-1100,11.87
AT,20251005-1800,84.94
AT,20251005-2000,82.9
AT,20251005-0500,38.14
AT,20251005-1500,41.23
AT,20251005-0700,35.48
AT,20251005-0200,38.59
AT,20251005-0300,38.59
AT,20251005-1300,19.37
AT,20251005-1400,27.5
AT,20251005-1600,55.32
AT,20251005-2300,39.66
AT,20251005-0100,34.42
AT,20251005-1200,9.5
AT,20251005-0000,4.8
AT,20251005-0600,35.49
AT,20251005-2100,82.83
AT,20251005-0900,17.23
AT,20251005-1000,19.97
AT,20251005-1700,58.98
AT,20251005-0400,38.63
AT,20251005-2200,43.25
SE2,20251005-1900,35.71
SE2,20251005-0800,1.0
SE2,20251005-1100,1.0
SE2,20251005-1800,34.359999999998564
SE2,20251005-2000,37.02
SE2,20251005-0500,1.0
SE2,20251005-1500,28.66
SE2,20251005-0700,1.0
SE2,20251005-0200,1.0
SE2,20251005-0300,1.0
SE2,20251005-1300,1.0
SE2,20251005-1400,1.0
SE2,20251005-1600,19.36
SE2,20251005-2300,31.5
SE2,20251005-0100,1.0
SE2,20251005-1200,1.0
SE2,20251005-0000,1.0
SE2,20251005-0600,1.0
SE2,20251005-2100,38.91
SE2,20251005-0900,1.0
SE2,20251005-1000,1.0
SE2,20251005-1700,33.35999999999876
SE2,20251005-0400,1.0
SE2,20251005-2200,29.0
IT-NORTH,20251005-1900,99.39
IT-NORTH,20251005-0800,95.77
IT-NORTH,20251005-1100,11.87
IT-NORTH,20251005-1800,99.38999999999996
IT-NORTH,20251005-2000,99.39
IT-NORTH,20251005-0500,99.39
IT-NORTH,20251005-1500,99.39
IT-NORTH,20251005-0700,99.39
IT-NORTH,20251005-0200,99.39
IT-NORTH,20251005-0300,99.39
IT-NORTH,20251005-1300,10.75
IT-NORTH,20251005-1400,27.5
IT-NORTH,20251005-1600,99.39
IT-NORTH,20251005-2300,99.39
IT-NORTH,20251005-0100,99.39
IT-NORTH,20251005-1200,9.5
IT-NORTH,20251005-0000,99.39
IT-NORTH,20251005-0600,99.39
IT-NORTH,20251005-2100,99.39
IT-NORTH,20251005-0900,53.1
IT-NORTH,20251005-1000,41.08
IT-NORTH,20251005-1700,99.39000000000003
IT-NORTH,20251005-0400,99.39
IT-NORTH,20251005-2200,99.39
LT,20251005-1900,21.14
LT,20251005-0800,22.48
LT,20251005-1100,22.2
LT,20251005-1800,49.460000000000015
LT,20251005-2000,20.98
LT,20251005-0500,22.37
LT,20251005-1500,47.18
LT,20251005-0700,22.48
LT,20251005-0200,4.36
LT,20251005-0300,20.58
LT,20251005-1300,22.48
LT,20251005-1400,22.98
LT,20251005-1600,47.18
LT,20251005-2300,22.32
LT,20251005-0100,4.36
LT,20251005-1200,22.48
LT,20251005-0000,4.36
LT,20251005-0600,22.37
LT,20251005-2100,21.14
LT,20251005-0900,4.85
LT,20251005-1000,22.2
LT,20251005-1700,53.03999999999999
LT,20251005-0400,20.58
LT,20251005-2200,21.14
PT,20251005-1900,82.83
PT,20251005-0800,1.0
PT,20251005-1100,1.0
PT,20251005-1800,82.82999999999896
PT,20251005-2000,82.83
PT,20251005-0500,47.18
PT,20251005-1500,1.0
PT,20251005-0700,12.8
PT,20251005-0200,28.37
PT,20251005-0300,28.37
PT,20251005-1300,1.0
PT,20251005-1400,1.0
PT,20251005-1600,4.36
PT,20251005-2300,39.44
PT,20251005-0100,47.18
PT,20251005-1200,1.0
PT,20251005-0000,47.18
PT,20251005-0600,24.33
PT,20251005-2100,57.49
PT,20251005-0900,1.0
PT,20251005-1000,1.0
PT,20251005-1700,52.25
PT,20251005-0400,47.18
PT,20251005-2200,43.25
NO2,20251005-1900,53.4
NO2,20251005-0800,16.09
NO2,20251005-1100,8.76
NO2,20251005-1800,69.13999999999913
NO2,20251005-2000,41.59
NO2,20251005-0500,16.09
NO2,20251005-1500,35.27
NO2,20251005-0700,18.69
NO2,20251005-0200,9.16
NO2,20251005-0300,13.31
NO2,20251005-1300,3.68
NO2,20251005-1400,7.28
NO2,20251005-1600,57.63
NO2,20251005-2300,22.73
NO2,20251005-0100,13.31
NO2,20251005-1200,2.0
NO2,20251005-0000,13.31
NO2,20251005-0600,16.09
NO2,20251005-2100,24.51
NO2,20251005-0900,13.31
NO2,20251005-1000,13.31
NO2,20251005-1700,65.20999999999913
NO2,20251005-0400,13.31
NO2,20251005-2200,22.73
LV,20251005-1900,21.14
LV,20251005-0800,22.48
LV,20251005-1100,22.2
LV,20251005-1800,49.460000000000015
LV,20251005-2000,20.98
LV,20251005-0500,22.37
LV,20251005-1500,47.18
LV,20251005-0700,22.48
LV,20251005-0200,4.36
LV,20251005-0300,20.58
LV,20251005-1300,22.48
LV,20251005-1400,22.98
LV,20251005-1600,47.18
LV,20251005-2300,22.32
LV,20251005-0100,4.36
LV,20251005-1200,22.48
LV,20251005-0000,4.36
LV,20251005-0600,22.37
LV,20251005-2100,21.14
LV,20251005-0900,4.85
LV,20251005-1000,22.2
LV,20251005-1700,53.03999999999999
LV,20251005-0400,20.58
LV,20251005-2200,21.14
NL,20251005-1900,82.83
NL,20251005-0800,47.18
NL,20251005-1100,9.5
NL,20251005-1800,82.82999999999979
NL,20251005-2000,82.83
NL,20251005-0500,47.18
NL,20251005-1500,47.18
NL,20251005-0700,57.0
NL,20251005-0200,31.5
NL,20251005-0300,47.18
NL,20251005-1300,4.36
NL,20251005-1400,7.28
NL,20251005-1600,82.83
NL,20251005-2300,82.83
NL,20251005-0100,47.18
NL,20251005-1200,4.36
NL,20251005-0000,47.18
NL,20251005-0600,47.18
NL,20251005-2100,82.83
NL,20251005-0900,47.18
NL,20251005-1000,47.18
NL,20251005-1700,82.82999999999856
NL,20251005-0400,47.18
NL,20251005-2200,82.83
NO5,20251005-1900,55.68
NO5,20251005-0800,23.75
NO5,20251005-1100,14.28
NO5,20251005-1800,64.42999999999961
NO5,20251005-2000,49.11
NO5,20251005-0500,23.75
NO5,20251005-1500,34.41
NO5,20251005-0700,28.27
NO5,20251005-0200,14.98
NO5,20251005-0300,22.2
NO5,20251005-1300,3.62
NO5,20251005-1400,7.97
NO5,20251005-1600,58.03
NO5,20251005-2300,38.63
NO5,20251005-0100,22.2
NO5,20251005-1200,2.47
NO5,20251005-0000,22.2
NO5,20251005-0600,23.75
NO5,20251005-2100,39.62
NO5,20251005-0900,22.2
NO5,20251005-1000,22.2
NO5,20251005-1700,62.23999999999951
NO5,20251005-0400,22.2
NO5,20251005-2200,38.63
BE,20251005-1900,54.38
BE,20251005-0800,23.19
BE,20251005-1100,13.95
BE,20251005-1800,62.91999999999981
BE,20251005-2000,47.96
BE,20251005-0500,23.19
BE,20251005-1500,33.61
BE,20251005-0700,27.61
BE,20251005-0200,14.62
BE,20251005-0300,21.68
BE,20251005-1300,4.36
BE,20251005-1400,7.78
BE,20251005-1600,56.67
BE,20251005-2300,37.72
BE,20251005-0100,21.68
BE,20251005-1200,2.68
BE,20251005-0000,21.68
BE,20251005-0600,23.19
BE,20251005-2100,38.69
BE,20251005-0900,16.28
BE,20251005-1000,21.68
BE,20251005-1700,67.5399999999985
BE,20251005-0400,21.68
BE,20251005-2200,37.72
RO,20251005-1900,250.0
RO,20251005-0800,90.67
RO,20251005-1100,91.54
RO,20251005-1800,321.73999999999995
RO,20251005-2000,151.4
RO,20251005-0500,114.36
RO,20251005-1500,170.4
RO,20251005-0700,114.36
RO,20251005-0200,85.11
RO,20251005-0300,113.64
RO,20251005-1300,114.36
RO,20251005-1400,114.36
RO,20251005-1600,254.41
RO,20251005-2300,114.36
RO,20251005-0100,82.83
RO,20251005-1200,114.36
RO,20251005-0000,90.83
RO,20251005-0600,114.36
RO,20251005-2100,114.36
RO,20251005-0900,87.7
RO,20251005-1000,82.83
RO,20251005-1700,366.67
RO,20251005-0400,114.36
RO,20251005-2200,114.36
DK2,20251005-1900,21.14
DK2,20251005-0800,4.36
DK2,20251005-1100,22.2
DK2,20251005-1800,49.460000000000015
DK2,20251005-2000,20.98
DK2,20251005-0500,22.37
DK2,20251005-1500,43.96
DK2,20251005-0700,4.36
DK2,20251005-0200,20.62
DK2,20251005-0300,20.58
DK2,20251005-1300,22.48
DK2,20251005-1400,22.98
DK2,20251005-1600,33.03
DK2,20251005-2300,1.0
DK2,20251005-0100,20.67
DK2,20251005-1200,22.48
DK2,20251005-0000,20.58
DK2,20251005-0600,22.37
DK2,20251005-2100,4.36
DK2,20251005-0900,4.85
DK2,20251005-1000,22.2
DK2,20251005-1700,53.03999999999999
DK2,20251005-0400,20.58
DK2,20251005-2200,3.0
BG,20251005-1900,250.0
BG,20251005-0800,90.67
BG,20251005-1100,91.54
BG,20251005-1800,321.73999999999995
BG,20251005-2000,151.4
BG,20251005-0500,114.36
BG,20251005-1500,170.4
BG,20251005-0700,114.36
BG,20251005-0200,85.11
BG,20251005-0300,113.64
BG,20251005-1300,114.36
BG,20251005-1400,114.36
BG,20251005-1600,254.41
BG,20251005-2300,114.36
BG,20251005-0100,82.83
BG,20251005-1200,114.36
BG,20251005-0000,90.83
BG,20251005-0600,114.36
BG,20251005-2100,114.36
BG,20251005-0900,87.7
BG,20251005-1000,82.83
BG,20251005-1700,366.67
BG,20251005-0400,114.36
BG,20251005-2200,114.36
IT-CSOUTH,20251005-1900,99.39
IT-CSOUTH,20251005-0800,95.77
IT-CSOUTH,20251005-1100,11.87
IT-CSOUTH,20251005-1800,99.38999999999997
IT-CSOUTH,20251005-2000,99.39
IT-CSOUTH,20251005-0500,99.39
IT-CSOUTH,20251005-1500,99.39
IT-CSOUTH,20251005-0700,99.39
IT-CSOUTH,20251005-0200,99.39
IT-CSOUTH,20251005-0300,99.39
IT-CSOUTH,20251005-1300,10.75
IT-CSOUTH,20251005-1400,27.5
IT-CSOUTH,20251005-1600,99.39
IT-CSOUTH,20251005-2300,99.39
IT-CSOUTH,20251005-0100,99.39
IT-CSOUTH,20251005-1200,9.5
IT-CSOUTH,20251005-0000,99.39
IT-CSOUTH,20251005-0600,99.39
IT-CSOUTH,20251005-2100,99.39
IT-CSOUTH,20251005-0900,53.1
IT-CSOUTH,20251005-1000,41.08
IT-CSOUTH,20251005-1700,99.39000000000003
IT-CSOUTH,20251005-0400,99.39
IT-CSOUTH,20251005-2200,99.39
CZ,20251005-1900,114.36
CZ,20251005-0800,114.36
CZ,20251005-1100,92.07
CZ,20251005-1800,114.36000000000013
CZ,20251005-2000,114.36
CZ,20251005-0500,92.07
CZ,20251005-1500,114.36
CZ,20251005-0700,113.79
CZ,20251005-0200,82.83
CZ,20251005-0300,82.83
CZ,20251005-1300,91.92
CZ,20251005-1400,100.39
CZ,20251005-1600,114.36
CZ,20251005-2300,82.83
CZ,20251005-0100,82.83
CZ,20251005-1200,91.78
CZ,20251005-0000,82.83
CZ,20251005-0600,100.39
CZ,20251005-2100,101.54
CZ,20251005-0900,114.36
CZ,20251005-1000,100.39
CZ,20251005-1700,114.35999999999994
CZ,20251005-0400,82.83
CZ,20251005-2200,91.93
NO3,20251005-1900,54.38
NO3,20251005-0800,23.19
NO3,20251005-1100,13.95
NO3,20251005-1800,62.920000000000044
NO3,20251005-2000,47.96
NO3,20251005-0500,23.19
NO3,20251005-1500,33.61
NO3,20251005-0700,27.61
NO3,20251005-0200,14.62
NO3,20251005-0300,21.68
NO3,20251005-1300,3.92
NO3,20251005-1400,7.78
NO3,20251005-1600,56.67
NO3,20251005-2300,37.72
NO3,20251005-0100,21.68
NO3,20251005-1200,2.68
NO3,20251005-0000,21.68
NO3,20251005-0600,23.19
NO3,20251005-2100,38.69
NO3,20251005-0900,21.68
NO3,20251005-1000,21.68
NO3,20251005-1700,60.78999999999618
NO3,20251005-0400,21.68
NO3,20251005-2200,37.72
NO1,20251005-1900,56.53
NO1,20251005-0800,24.11
NO1,20251005-1100,14.5
NO1,20251005-1800,65.42
NO1,20251005-2000,49.86
NO1,20251005-0500,24.11
NO1,20251005-1500,34.94
NO1,20251005-0700,28.71
NO1,20251005-0200,15.21
NO1,20251005-0300,22.54
NO1,20251005-1300,3.92
NO1,20251005-1400,8.09
NO1,20251005-1600,58.92
NO1,20251005-2300,39.22
NO1,20251005-0100,22.54
NO1,20251005-1200,2.85
NO1,20251005-0000,22.54
NO1,20251005-0600,24.11
NO1,20251005-2100,40.23
NO1,20251005-0900,22.54
NO1,20251005-1000,22.54
NO1,20251005-1700,63.2
NO1,20251005-0400,22.54
NO1,20251005-2200,39.22
DE_LU,20251005-1900,47.18
DE_LU,20251005-0800,4.36
DE_LU,20251005-1100,1.0
DE_LU,20251005-1800,57.0
DE_LU,20251005-2000,23.75
DE_LU,20251005-0500,4.36
DE_LU,20251005-1500,35.27
DE_LU,20251005-0700,4.36
DE_LU,20251005-0200,1.0
DE_LU,20251005-0300,1.0
DE_LU,20251005-1300,2.85
DE_LU,20251005-1400,5.0
DE_LU,20251005-1600,55.32
DE_LU,20251005-2300,1.0
DE_LU,20251005-0100,1.0
DE_LU,20251005-1200,1.0
DE_LU,20251005-0000,1.0
DE_LU,20251005-0600,4.36
DE_LU,20251005-2100,4.36
DE_LU,20251005-0900,1.0
DE_LU,20251005-1000,1.0
DE_LU,20251005-1700,52.25
DE_LU,20251005-0400,2.85
DE_LU,20251005-2200,2.85
SK,20251005-1900,54.38
SK,20251005-0800,23.19
SK,20251005-1100,13.95
SK,20251005-1800,62.91999999999871
SK,20251005-2000,47.96
SK,20251005-0500,23.19
SK,20251005-1500,33.61
SK,20251005-0700,27.61
SK,20251005-0200,14.62
SK,20251005-0300,21.68
SK,20251005-1300,3.92
SK,20251005-1400,8.65
SK,20251005-1600,56.67
SK,20251005-2300,37.72
SK,20251005-0100,21.68
SK,20251005-1200,2.68
SK,20251005-0000,21.68
SK,20251005-0600,23.19
SK,20251005-2100,38.69
SK,20251005-0900,21.68
SK,20251005-1000,21.68
SK,20251005-1700,60.78999999999935
SK,20251005-0400,21.68
SK,20251005-2200,37.72
EE,20251005-1900,21.14
EE,20251005-0800,22.48
EE,20251005-1100,22.2
EE,20251005-1800,49.460000000000015
EE,20251005-2000,20.98
EE,20251005-0500,22.37
EE,20251005-1500,47.18
EE,20251005-0700,22.48
EE,20251005-0200,4.36
EE,20251005-0300,20.58
EE,20251005-1300,22.48
EE,20251005-1400,22.98
EE,20251005-1600,47.18
EE,20251005-2300,22.32
EE,20251005-0100,4.36
EE,20251005-1200,22.48
EE,20251005-0000,4.36
EE,20251005-0600,22.37
EE,20251005-2100,21.14
EE,20251005-0900,3.97
EE,20251005-1000,22.2
EE,20251005-1700,53.03999999999999
EE,20251005-0400,20.58
EE,20251005-2200,21.14
SE4,20251005-1900,21.14
SE4,20251005-0800,22.48
SE4,20251005-1100,22.2
SE4,20251005-1800,49.460000000000015
SE4,20251005-2000,20.98
SE4,20251005-0500,22.37
SE4,20251005-1500,43.96
SE4,20251005-0700,22.48
SE4,20251005-0200,20.62
SE4,20251005-0300,20.58
SE4,20251005-1300,22.48
SE4,20251005-1400,22.98
SE4,20251005-1600,33.03
SE4,20251005-2300,22.32
SE4,20251005-0100,20.67
SE4,20251005-1200,22.48
SE4,20251005-0000,20.58
SE4,20251005-0600,22.37
SE4,20251005-2100,21.14
SE4,20251005-0900,4.85
SE4,20251005-1000,22.2
SE4,20251005-1700,53.03999999999999
SE4,20251005-0400,20.58
SE4,20251005-2200,21.14
SI,20251118-0000,69.48
SI,20251118-2300,87.35
SI,20251118-1900,134.28
SI,20251118-2200,87.35
SI,20251118-1600,189.44
SI,20251118-1700,185.15
SI,20251118-0400,82.98
SI,20251118-1400,129.01
SI,20251118-1800,216.45
SI,20251118-0700,87.35
SI,20251118-2100,87.35
SI,20251118-1100,87.34999999999997
SI,20251118-1300,102.93
SI,20251118-2000,115.02
SI,20251118-0500,100.87
SI,20251118-1200,87.35
SI,20251118-0200,73.2
SI,20251118-1500,188.22
SI,20251118-0300,82.26
SI,20251118-0800,87.35
SI,20251118-1000,87.35
SI,20251118-0900,87.35
SI,20251118-0600,87.35
SI,20251118-0100,69.48
ES,20251118-0000,82.98
ES,20251118-2300,120.13
ES,20251118-1900,270.24
ES,20251118-2200,130.72
ES,20251118-1600,128.27
ES,20251118-1700,185.15
ES,20251118-0400,75.3
ES,20251118-1400,47.35
ES,20251118-1800,249.55
ES,20251118-0700,102.93
ES,20251118-2100,142.13
ES,20251118-1100,9.500000000000018
ES,20251118-1300,9.5
ES,20251118-2000,245.45
ES,20251118-0500,82.98
ES,20251118-1200,9.5
ES,20251118-0200,62.88
ES,20251118-1500,82.98
ES,20251118-0300,62.68
ES,20251118-0800,82.98
ES,20251118-1000,10.5
ES,20251118-0900,47.35
ES,20251118-0600,89.52
ES,20251118-0100,75.0
GR,20251118-0000,74.68
GR,20251118-2300,47.35
GR,20251118-1900,99.58
GR,20251118-2200,82.98
GR,20251118-1600,99.58
GR,20251118-1700,99.58
GR,20251118-0400,82.98
GR,20251118-1400,82.98
GR,20251118-1800,99.58
GR,20251118-0700,82.98
GR,20251118-2100,82.98
GR,20251118-1100,82.9799999999982
GR,20251118-1300,82.98
GR,20251118-2000,82.98
GR,20251118-0500,99.58
GR,20251118-1200,82.98
GR,20251118-0200,73.2
GR,20251118-1500,99.58
GR,20251118-0300,82.26
GR,20251118-0800,82.98
GR,20251118-1000,82.98
GR,20251118-0900,82.98
GR,20251118-0600,99.58
GR,20251118-0100,74.25
IT-CNORTH,20251118-0000,99.58
IT-CNORTH,20251118-2300,99.58
IT-CNORTH,20251118-1900,134.28
IT-CNORTH,20251118-2200,100.87
IT-CNORTH,20251118-1600,189.44
IT-CNORTH,20251118-1700,185.15
IT-CNORTH,20251118-0400,99.58
IT-CNORTH,20251118-1400,129.01
IT-CNORTH,20251118-1800,216.45
IT-CNORTH,20251118-0700,323.84
IT-CNORTH,20251118-2100,100.87
IT-CNORTH,20251118-1100,100.86999999999998
IT-CNORTH,20251118-1300,102.93
IT-CNORTH,20251118-2000,115.02
IT-CNORTH,20251118-0500,100.87
IT-CNORTH,20251118-1200,100.87
IT-CNORTH,20251118-0200,99.58
IT-CNORTH,20251118-1500,188.22
IT-CNORTH,20251118-0300,99.58
IT-CNORTH,20251118-0800,250.0
IT-CNORTH,20251118-1000,100.87
IT-CNORTH,20251118-0900,163.21
IT-CNORTH,20251118-0600,170.62
IT-CNORTH,20251118-0100,99.58
HU,20251118-0000,69.48
HU,20251118-2300,110.1
HU,20251118-1900,159.05
HU,20251118-2200,115.02
HU,20251118-1600,277.24
HU,20251118-1700,290.52
HU,20251118-0400,82.98
HU,20251118-1400,205.48
HU,20251118-1800,256.62
HU,20251118-0700,127.15
HU,20251118-2100,115.02
HU,20251118-1100,120.17000000000002
HU,20251118-1300,157.98
HU,20251118-2000,127.0
HU,20251118-0500,103.16
HU,20251118-1200,147.14
HU,20251118-0200,73.2
HU,20251118-1500,258.64
HU,20251118-0300,82.26
HU,20251118-0800,115.02
HU,20251118-1000,115.02
HU,20251118-0900,115.02
HU,20251118-0600,115.02
HU,20251118-0100,69.48
IT-SOUTH,20251118-0000,99.58
IT-SOUTH,20251118-2300,99.58
IT-SOUTH,20251118-1900,99.58
IT-SOUTH,20251118-2200,99.58
IT-SOUTH,20251118-1600,99.58
IT-SOUTH,20251118-1700,99.58
IT-SOUTH,20251118-0400,99.58
IT-SOUTH,20251118-1400,99.58
IT-SOUTH,20251118-1800,99.58
IT-SOUTH,20251118-0700,99.58
IT-SOUTH,20251118-2100,99.58
IT-SOUTH,20251118-1100,99.58
IT-SOUTH,20251118-1300,99.58
IT-SOUTH,20251118-2000,99.58
IT-SOUTH,20251118-0500,99.58
IT-SOUTH,20251118-1200,99.58
IT-SOUTH,20251118-0200,99.58
IT-SOUTH,20251118-1500,99.58
IT-SOUTH,20251118-0300,99.58
IT-SOUTH,20251118-0800,99.58
IT-SOUTH,20251118-1000,99.58
IT-SOUTH,20251118-0900,99.58
IT-SOUTH,20251118-0600,99.58
IT-SOUTH,20251118-0100,99.58
IT-Sicily,20251118-0000,99.58
IT-Sicily,20251118-2300,99.58
IT-Sicily,20251118-1900,99.58
IT-Sicily,20251118-2200,99.58
IT-Sicily,20251118-1600,99.58
IT-Sicily,20251118-1700,99.58
IT-Sicily,20251118-0400,99.58
IT-Sicily,20251118-1400,99.58
IT-Sicily,20251118-1800,99.58
IT-Sicily,20251118-0700,99.58
IT-Sicily,20251118-2100,146.21
IT-Sicily,20251118-1100,99.57999999999996
IT-Sicily,20251118-1300,99.58
IT-Sicily,20251118-2000,99.58
IT-Sicily,20251118-0500,99.58
IT-Sicily,20251118-1200,99.58
IT-Sicily,20251118-0200,99.58
IT-Sicily,20251118-1500,99.58
IT-Sicily,20251118-0300,99.58
IT-Sicily,20251118-0800,99.58
IT-Sicily,20251118-1000,99.58
IT-Sicily,20251118-0900,99.58
IT-Sicily,20251118-0600,99.58
IT-Sicily,20251118-0100,99.58
IT-Sardinia,20251118-0000,99.58
IT-Sardinia,20251118-2300,99.58
IT-Sardinia,20251118-1900,99.58
IT-Sardinia,20251118-2200,99.58
IT-Sardinia,20251118-1600,99.58
IT-Sardinia,20251118-1700,99.58
IT-Sardinia,20251118-0400,99.58
IT-Sardinia,20251118-1400,99.58
IT-Sardinia,20251118-1800,99.58
IT-Sardinia,20251118-0700,99.58
IT-Sardinia,20251118-2100,99.58
IT-Sardinia,20251118-1100,74.24999999999933
IT-Sardinia,20251118-1300,85.5
IT-Sardinia,20251118-2000,99.58
IT-Sardinia,20251118-0500,99.58
IT-Sardinia,20251118-1200,74.25
IT-Sardinia,20251118-0200,99.58
IT-Sardinia,20251118-1500,99.58
IT-Sardinia,20251118-0300,99.58
IT-Sardinia,20251118-0800,99.58
IT-Sardinia,20251118-1000,74.25
IT-Sardinia,20251118-0900,94.53
IT-Sardinia,20251118-0600,99.58
IT-Sardinia,20251118-0100,99.58
RS,20251118-0000,74.68
RS,20251118-2300,110.1
RS,20251118-1900,159.05
RS,20251118-2200,115.02
RS,20251118-1600,277.24
RS,20251118-1700,290.52
RS,20251118-0400,82.98
RS,20251118-1400,205.48
RS,20251118-1800,256.62
RS,20251118-0700,127.15
RS,20251118-2100,115.02
RS,20251118-1100,136.49
RS,20251118-1300,157.98
RS,20251118-2000,127.0
RS,20251118-0500,103.16
RS,20251118-1200,147.14
RS,20251118-0200,73.2
RS,20251118-1500,258.64
RS,20251118-0300,82.26
RS,20251118-0800,115.02
RS,20251118-1000,115.02
RS,20251118-0900,115.02
RS,20251118-0600,115.02
RS,20251118-0100,74.25
DK1,20251118-0000,82.98
DK1,20251118-2300,99.58
DK1,20251118-1900,115.02
DK1,20251118-2200,100.87
DK1,20251118-1600,152.61
DK1,20251118-1700,147.88
DK1,20251118-0400,82.98
DK1,20251118-1400,115.02
DK1,20251118-1800,128.0
DK1,20251118-0700,115.02
DK1,20251118-2100,100.87
DK1,20251118-1100,100.86999999999998
DK1,20251118-1300,102.93
DK1,20251118-2000,115.02
DK1,20251118-0500,82.98
DK1,20251118-1200,100.87
DK1,20251118-0200,82.98
DK1,20251118-1500,143.48
DK1,20251118-0300,82.98
DK1,20251118-0800,106.89
DK1,20251118-1000,100.87
DK1,20251118-0900,100.87
DK1,20251118-0600,82.98
DK1,20251118-0100,82.98
CH,20251118-0000,99.58
CH,20251118-2300,99.58
CH,20251118-1900,134.28
CH,20251118-2200,100.87
CH,20251118-1600,189.44
CH,20251118-1700,185.15
CH,20251118-0400,99.58
CH,20251118-1400,129.01
CH,20251118-1800,216.45
CH,20251118-0700,323.84
CH,20251118-2100,100.87
CH,20251118-1100,100.86999999999998
CH,20251118-1300,102.93
CH,20251118-2000,115.02
CH,20251118-0500,100.87
CH,20251118-1200,100.87
CH,20251118-0200,99.58
CH,20251118-1500,188.22
CH,20251118-0300,99.58
CH,20251118-0800,250.0
CH,20251118-1000,100.87
CH,20251118-0900,163.21
CH,20251118-0600,170.62
CH,20251118-0100,99.58
SE1,20251118-0000,20.65
SE1,20251118-2300,33.47
SE1,20251118-1900,36.55
SE1,20251118-2200,33.94
SE1,20251118-1600,37.86
SE1,20251118-1700,36.65
SE1,20251118-0400,23.55
SE1,20251118-1400,37.08
SE1,20251118-1800,37.13
SE1,20251118-0700,31.39
SE1,20251118-2100,32.17
SE1,20251118-1100,35.69999999999959
SE1,20251118-1300,35.95
SE1,20251118-2000,32.42
SE1,20251118-0500,25.06
SE1,20251118-1200,35.01
SE1,20251118-0200,21.39
SE1,20251118-1500,37.42
SE1,20251118-0300,22.43
SE1,20251118-0800,32.84
SE1,20251118-1000,35.0
SE1,20251118-0900,34.91
SE1,20251118-0600,29.7
SE1,20251118-0100,20.89
NO4,20251118-0000,20.75
NO4,20251118-2300,22.74
NO4,20251118-1900,30.91
NO4,20251118-2200,25.47
NO4,20251118-1600,32.23
NO4,20251118-1700,31.12
NO4,20251118-0400,19.87
NO4,20251118-1400,32.53
NO4,20251118-1800,31.97
NO4,20251118-0700,31.06
NO4,20251118-2100,28.61
NO4,20251118-1100,30.94000000000051
NO4,20251118-1300,32.04
NO4,20251118-2000,29.46
NO4,20251118-0500,24.19
NO4,20251118-1200,30.67
NO4,20251118-0200,18.34
NO4,20251118-1500,33.63
NO4,20251118-0300,18.68
NO4,20251118-0800,31.44
NO4,20251118-1000,31.36
NO4,20251118-0900,30.06
NO4,20251118-0600,28.54
NO4,20251118-0100,18.8
SE3,20251118-0000,74.68
SE3,20251118-2300,99.58
SE3,20251118-1900,115.02
SE3,20251118-2200,100.87
SE3,20251118-1600,152.61
SE3,20251118-1700,147.88
SE3,20251118-0400,82.98
SE3,20251118-1400,115.02
SE3,20251118-1800,106.89
SE3,20251118-0700,115.02
SE3,20251118-2100,100.87
SE3,20251118-1100,100.86999999999989
SE3,20251118-1300,102.93
SE3,20251118-2000,115.02
SE3,20251118-0500,82.98
SE3,20251118-1200,100.87
SE3,20251118-0200,74.68
SE3,20251118-1500,143.48
SE3,20251118-0300,82.98
SE3,20251118-0800,106.89
SE3,20251118-1000,100.87
SE3,20251118-0900,100.87
SE3,20251118-0600,82.98
SE3,20251118-0100,74.68
FR,20251118-0000,82.98
FR,20251118-2300,98.97
FR,20251118-1900,134.28
FR,20251118-2200,100.87
FR,20251118-1600,128.45
FR,20251118-1700,185.15
FR,20251118-0400,75.3
FR,20251118-1400,74.02
FR,20251118-1800,216.45
FR,20251118-0700,312.5
FR,20251118-2100,100.87
FR,20251118-1100,82.98
FR,20251118-1300,52.25
FR,20251118-2000,114.37
FR,20251118-0500,92.65
FR,20251118-1200,67.1
FR,20251118-0200,62.88
FR,20251118-1500,104.82
FR,20251118-0300,62.68
FR,20251118-0800,250.0
FR,20251118-1000,100.87
FR,20251118-0900,140.77
FR,20251118-0600,145.03
FR,20251118-0100,75.0
FI,20251118-0000,83.24
FI,20251118-2300,152.61
FI,20251118-1900,300.96
FI,20251118-2200,152.61
FI,20251118-1600,3000.0
FI,20251118-1700,3000.0
FI,20251118-0400,109.37
FI,20251118-1400,250.0
FI,20251118-1800,294.47
FI,20251118-0700,152.61
FI,20251118-2100,290.52
FI,20251118-1100,152.61000000000007
FI,20251118-1300,179.39
FI,20251118-2000,3000.0
FI,20251118-0500,169.3
FI,20251118-1200,152.61
FI,20251118-0200,82.98
FI,20251118-1500,3000.0
FI,20251118-0300,82.98
FI,20251118-0800,152.61
FI,20251118-1000,152.61
FI,20251118-0900,152.61
FI,20251118-0600,225.65
FI,20251118-0100,102.55
PL,20251118-0000,100.87
PL,20251118-2300,100.87
PL,20251118-1900,115.02
PL,20251118-2200,100.87
PL,20251118-1600,150.19
PL,20251118-1700,146.27
PL,20251118-0400,100.87
PL,20251118-1400,123.36
PL,20251118-1800,128.0
PL,20251118-0700,115.02
PL,20251118-2100,107.82
PL,20251118-1100,106.88999999999997
PL,20251118-1300,115.02
PL,20251118-2000,115.02
PL,20251118-0500,112.07
PL,20251118-1200,115.02
PL,20251118-0200,100.87
PL,20251118-1500,152.61
PL,20251118-0300,100.87
PL,20251118-0800,112.14
PL,20251118-1000,102.97
PL,20251118-0900,101.96
PL,20251118-0600,115.02
PL,20251118-0100,100.87
IT-Calabria,20251118-0000,99.58
IT-Calabria,20251118-2300,99.58
IT-Calabria,20251118-1900,99.58
IT-Calabria,20251118-2200,99.58
IT-Calabria,20251118-1600,99.58
IT-Calabria,20251118-1700,99.58
IT-Calabria,20251118-0400,99.58
IT-Calabria,20251118-1400,99.58
IT-Calabria,20251118-1800,99.58
IT-Calabria,20251118-0700,99.58
IT-Calabria,20251118-2100,99.58
IT-Calabria,20251118-1100,99.57999999999998
IT-Calabria,20251118-1300,99.58
IT-Calabria,20251118-2000,99.58
IT-Calabria,20251118-0500,99.58
IT-Calabria,20251118-1200,99.58
IT-Calabria,20251118-0200,99.58
IT-Calabria,20251118-1500,99.58
IT-Calabria,20251118-0300,99.58
IT-Calabria,20251118-0800,99.58
IT-Calabria,20251118-1000,99.58
IT-Calabria,20251118-0900,99.58
IT-Calabria,20251118-0600,99.58
IT-Calabria,20251118-0100,99.58
AT,20251118-0000,87.35
AT,20251118-2300,87.35
AT,20251118-1900,134.28
AT,20251118-2200,87.35
AT,20251118-1600,189.44
AT,20251118-1700,185.15
AT,20251118-0400,87.35
AT,20251118-1400,129.01
AT,20251118-1800,216.45
AT,20251118-0700,87.35
AT,20251118-2100,87.35
AT,20251118-1100,87.34999999999854
AT,20251118-1300,87.35
AT,20251118-2000,87.35
AT,20251118-0500,87.35
AT,20251118-1200,87.35
AT,20251118-0200,87.35
AT,20251118-1500,188.22
AT,20251118-0300,87.35
AT,20251118-0800,87.35
AT,20251118-1000,87.35
AT,20251118-0900,87.35
AT,20251118-0600,110.63
AT,20251118-0100,87.35
SE2,20251118-0000,20.65
SE2,20251118-2300,33.47
SE2,20251118-1900,36.62
SE2,20251118-2200,33.94
SE2,20251118-1600,37.86
SE2,20251118-1700,36.65
SE2,20251118-0400,23.55
SE2,20251118-1400,37.08
SE2,20251118-1800,37.13
SE2,20251118-0700,31.39
SE2,20251118-2100,35.79
SE2,20251118-1100,35.699999999998454
SE2,20251118-1300,35.95
SE2,20251118-2000,36.05
SE2,20251118-0500,25.06
SE2,20251118-1200,35.01
SE2,20251118-0200,21.39
SE2,20251118-1500,37.42
SE2,20251118-0300,22.43
SE2,20251118-0800,32.84
SE2,20251118-1000,35.0
SE2,20251118-0900,34.91
SE2,20251118-0600,29.7
SE2,20251118-0100,20.89
IT-NORTH,20251118-0000,99.58
IT-NORTH,20251118-2300,99.58
IT-NORTH,20251118-1900,134.28
IT-NORTH,20251118-2200,100.87
IT-NORTH,20251118-1600,189.44
IT-NORTH,20251118-1700,185.15
IT-NORTH,20251118-0400,99.58
IT-NORTH,20251118-1400,129.01
IT-NORTH,20251118-1800,216.45
IT-NORTH,20251118-0700,323.84
IT-NORTH,20251118-2100,100.87
IT-NORTH,20251118-1100,100.86999999999998
IT-NORTH,20251118-1300,102.93
IT-NORTH,20251118-2000,115.02
IT-NORTH,20251118-0500,100.87
IT-NORTH,20251118-1200,100.87
IT-NORTH,20251118-0200,99.58
IT-NORTH,20251118-1500,188.22
IT-NORTH,20251118-0300,99.58
IT-NORTH,20251118-0800,250.0
IT-NORTH,20251118-1000,100.87
IT-NORTH,20251118-0900,163.21
IT-NORTH,20251118-0600,170.62
IT-NORTH,20251118-0100,99.58
LT,20251118-0000,82.98
LT,20251118-2300,99.58
LT,20251118-1900,115.02
LT,20251118-2200,87.35
LT,20251118-1600,152.61
LT,20251118-1700,147.88
LT,20251118-0400,82.98
LT,20251118-1400,155.47
LT,20251118-1800,128.0
LT,20251118-0700,115.02
LT,20251118-2100,100.87
LT,20251118-1100,106.88999999999996
LT,20251118-1300,144.76
LT,20251118-2000,115.02
LT,20251118-0500,105.15
LT,20251118-1200,115.02
LT,20251118-0200,82.98
LT,20251118-1500,152.61
LT,20251118-0300,82.98
LT,20251118-0800,112.14
LT,20251118-1000,102.97
LT,20251118-0900,101.96
LT,20251118-0600,115.02
LT,20251118-0100,82.98
PT,20251118-0000,82.98
PT,20251118-2300,120.13
PT,20251118-1900,270.24
PT,20251118-2200,130.72
PT,20251118-1600,128.27
PT,20251118-1700,185.15
PT,20251118-0400,75.3
PT,20251118-1400,47.35
PT,20251118-1800,249.55
PT,20251118-0700,102.93
PT,20251118-2100,142.13
PT,20251118-1100,9.500000000000018
PT,20251118-1300,9.5
PT,20251118-2000,245.45
PT,20251118-0500,82.98
PT,20251118-1200,9.5
PT,20251118-0200,62.88
PT,20251118-1500,82.98
PT,20251118-0300,62.68
PT,20251118-0800,82.98
PT,20251118-1000,10.5
PT,20251118-0900,47.35
PT,20251118-0600,89.52
PT,20251118-0100,75.0
NO2,20251118-0000,87.35
NO2,20251118-2300,87.35
NO2,20251118-1900,87.35
NO2,20251118-2200,87.35
NO2,20251118-1600,100.87
NO2,20251118-1700,100.87
NO2,20251118-0400,87.35
NO2,20251118-1400,87.35
NO2,20251118-1800,100.87
NO2,20251118-0700,100.87
NO2,20251118-2100,87.35
NO2,20251118-1100,87.34999999999991
NO2,20251118-1300,87.35
NO2,20251118-2000,87.35
NO2,20251118-0500,87.35
NO2,20251118-1200,87.35
NO2,20251118-0200,83.98
NO2,20251118-1500,100.87
NO2,20251118-0300,87.35
NO2,20251118-0800,100.87
NO2,20251118-1000,87.35
NO2,20251118-0900,87.35
NO2,20251118-0600,87.35
NO2,20251118-0100,83.98
LV,20251118-0000,82.98
LV,20251118-2300,99.58
LV,20251118-1900,115.02
LV,20251118-2200,87.35
LV,20251118-1600,152.61
LV,20251118-1700,147.88
LV,20251118-0400,82.98
LV,20251118-1400,155.47
LV,20251118-1800,128.0
LV,20251118-0700,115.02
LV,20251118-2100,100.87
LV,20251118-1100,106.88999999999996
LV,20251118-1300,144.76
LV,20251118-2000,115.02
LV,20251118-0500,105.15
LV,20251118-1200,115.02
LV,20251118-0200,82.98
LV,20251118-1500,152.61
LV,20251118-0300,82.98
LV,20251118-0800,112.14
LV,20251118-1000,102.97
LV,20251118-0900,101.96
LV,20251118-0600,115.02
LV,20251118-0100,82.98
NL,20251118-0000,82.98
NL,20251118-2300,82.98
NL,20251118-1900,100.87
NL,20251118-2200,82.98
NL,20251118-1600,100.87
NL,20251118-1700,100.87
NL,20251118-0400,82.98
NL,20251118-1400,87.35
NL,20251118-1800,100.87
NL,20251118-0700,100.87
NL,20251118-2100,82.98
NL,20251118-1100,82.97999999999956
NL,20251118-1300,82.98
NL,20251118-2000,87.35
NL,20251118-0500,82.98
NL,20251118-1200,82.98
NL,20251118-0200,82.98
NL,20251118-1500,100.87
NL,20251118-0300,82.98
NL,20251118-0800,100.87
NL,20251118-1000,82.98
NL,20251118-0900,87.35
NL,20251118-0600,82.98
NL,20251118-0100,82.98
NO5,20251118-0000,77.62
NO5,20251118-2300,82.15
NO5,20251118-1900,87.35
NO5,20251118-2200,82.73
NO5,20251118-1600,87.35
NO5,20251118-1700,87.35
NO5,20251118-0400,82.15
NO5,20251118-1400,87.35
NO5,20251118-1800,87.35
NO5,20251118-0700,87.35
NO5,20251118-2100,82.73
NO5,20251118-1100,82.72999999999956
NO5,20251118-1300,83.66
NO5,20251118-2000,87.35
NO5,20251118-0500,82.73
NO5,20251118-1200,82.73
NO5,20251118-0200,74.68
NO5,20251118-1500,87.35
NO5,20251118-0300,78.61
NO5,20251118-0800,87.35
NO5,20251118-1000,82.73
NO5,20251118-0900,82.73
NO5,20251118-0600,87.35
NO5,20251118-0100,74.68
BE,20251118-0000,82.98
BE,20251118-2300,82.15
BE,20251118-1900,87.35
BE,20251118-2200,82.73
BE,20251118-1600,87.35
BE,20251118-1700,87.35
BE,20251118-0400,82.98
BE,20251118-1400,87.35
BE,20251118-1800,87.35
BE,20251118-0700,87.35
BE,20251118-2100,82.73
BE,20251118-1100,82.98000000000002
BE,20251118-1300,83.66
BE,20251118-2000,87.35
BE,20251118-0500,82.98
BE,20251118-1200,82.98
BE,20251118-0200,82.98
BE,20251118-1500,87.35
BE,20251118-0300,79.56
BE,20251118-0800,87.35
BE,20251118-1000,82.98
BE,20251118-0900,82.98
BE,20251118-0600,87.35
BE,20251118-0100,82.98
RO,20251118-0000,74.68
RO,20251118-2300,110.1
RO,20251118-1900,159.05
RO,20251118-2200,115.02
RO,20251118-1600,277.24
RO,20251118-1700,290.52
RO,20251118-0400,82.98
RO,20251118-1400,205.48
RO,20251118-1800,256.62
RO,20251118-0700,127.15
RO,20251118-2100,115.02
RO,20251118-1100,136.49
RO,20251118-1300,157.98
RO,20251118-2000,127.0
RO,20251118-0500,103.16
RO,20251118-1200,147.14
RO,20251118-0200,73.2
RO,20251118-1500,258.64
RO,20251118-0300,82.26
RO,20251118-0800,115.02
RO,20251118-1000,115.02
RO,20251118-0900,115.02
RO,20251118-0600,115.02
RO,20251118-0100,74.25
DK2,20251118-0000,82.98
DK2,20251118-2300,99.58
DK2,20251118-1900,115.02
DK2,20251118-2200,100.87
DK2,20251118-1600,152.61
DK2,20251118-1700,147.88
DK2,20251118-0400,82.98
DK2,20251118-1400,115.02
DK2,20251118-1800,128.0
DK2,20251118-0700,115.02
DK2,20251118-2100,100.87
DK2,20251118-1100,100.86999999999998
DK2,20251118-1300,102.93
DK2,20251118-2000,115.02
DK2,20251118-0500,82.98
DK2,20251118-1200,100.87
DK2,20251118-0200,82.98
DK2,20251118-1500,152.61
DK2,20251118-0300,82.98
DK2,20251118-0800,106.89
DK2,20251118-1000,100.87
DK2,20251118-0900,100.87
DK2,20251118-0600,115.02
DK2,20251118-0100,82.98
BG,20251118-0000,74.68
BG,20251118-2300,110.1
BG,20251118-1900,159.05
BG,20251118-2200,115.02
BG,20251118-1600,277.24
BG,20251118-1700,290.52
BG,20251118-0400,82.98
BG,20251118-1400,205.48
BG,20251118-1800,256.62
BG,20251118-0700,127.15
BG,20251118-2100,115.02
BG,20251118-1100,136.49
BG,20251118-1300,157.98
BG,20251118-2000,127.0
BG,20251118-0500,103.16
BG,20251118-1200,147.14
BG,20251118-0200,73.2
BG,20251118-1500,258.64
BG,20251118-0300,82.26
BG,20251118-0800,115.02
BG,20251118-1000,115.02
BG,20251118-0900,115.02
BG,20251118-0600,115.02
BG,20251118-0100,74.25
IT-CSOUTH,20251118-0000,99.58
IT-CSOUTH,20251118-2300,99.58
IT-CSOUTH,20251118-1900,99.58
IT-CSOUTH,20251118-2200,99.58
IT-CSOUTH,20251118-1600,99.58
IT-CSOUTH,20251118-1700,99.58
IT-CSOUTH,20251118-0400,99.58
IT-CSOUTH,20251118-1400,99.58
IT-CSOUTH,20251118-1800,99.58
IT-CSOUTH,20251118-0700,99.58
IT-CSOUTH,20251118-2100,99.58
IT-CSOUTH,20251118-1100,99.58
IT-CSOUTH,20251118-1300,99.58
IT-CSOUTH,20251118-2000,99.58
IT-CSOUTH,20251118-0500,99.58
IT-CSOUTH,20251118-1200,99.58
IT-CSOUTH,20251118-0200,99.58
IT-CSOUTH,20251118-1500,99.58
IT-CSOUTH,20251118-0300,99.58
IT-CSOUTH,20251118-0800,99.58
IT-CSOUTH,20251118-1000,99.58
IT-CSOUTH,20251118-0900,99.58
IT-CSOUTH,20251118-0600,99.58
IT-CSOUTH,20251118-0100,99.58
CZ,20251118-0000,89.5
CZ,20251118-2300,110.18
CZ,20251118-1900,115.02
CZ,20251118-2200,115.02
CZ,20251118-1600,152.61
CZ,20251118-1700,147.88
CZ,20251118-0400,109.77
CZ,20251118-1400,115.02
CZ,20251118-1800,128.0
CZ,20251118-0700,115.02
CZ,20251118-2100,115.02
CZ,20251118-1100,115.01999999999913
CZ,20251118-1300,115.02
CZ,20251118-2000,115.02
CZ,20251118-0500,115.02
CZ,20251118-1200,115.02
CZ,20251118-0200,82.98
CZ,20251118-1500,143.48
CZ,20251118-0300,91.72
CZ,20251118-0800,115.02
CZ,20251118-1000,115.02
CZ,20251118-0900,115.02
CZ,20251118-0600,115.02
CZ,20251118-0100,83.72
NO3,20251118-0000,86.24
NO3,20251118-2300,82.15
NO3,20251118-1900,107.94
NO3,20251118-2200,82.73
NO3,20251118-1600,87.35
NO3,20251118-1700,87.35
NO3,20251118-0400,91.28
NO3,20251118-1400,87.35
NO3,20251118-1800,114.44
NO3,20251118-0700,87.35
NO3,20251118-2100,82.73
NO3,20251118-1100,82.72999999999931
NO3,20251118-1300,83.66
NO3,20251118-2000,87.35
NO3,20251118-0500,91.93
NO3,20251118-1200,82.73
NO3,20251118-0200,82.98
NO3,20251118-1500,87.35
NO3,20251118-0300,87.35
NO3,20251118-0800,87.35
NO3,20251118-1000,82.73
NO3,20251118-0900,82.73
NO3,20251118-0600,87.35
NO3,20251118-0100,82.98
NO1,20251118-0000,86.24
NO1,20251118-2300,91.28
NO1,20251118-1900,107.94
NO1,20251118-2200,91.93
NO1,20251118-1600,250.0
NO1,20251118-1700,3000.0
NO1,20251118-0400,91.28
NO1,20251118-1400,99.0
NO1,20251118-1800,114.44
NO1,20251118-0700,250.0
NO1,20251118-2100,91.93
NO1,20251118-1100,91.92999999999756
NO1,20251118-1300,92.96
NO1,20251118-2000,99.0
NO1,20251118-0500,91.93
NO1,20251118-1200,91.93
NO1,20251118-0200,82.98
NO1,20251118-1500,3000.0
NO1,20251118-0300,87.35
NO1,20251118-0800,250.0
NO1,20251118-1000,91.93
NO1,20251118-0900,91.93
NO1,20251118-0600,99.0
NO1,20251118-0100,82.98
DE_LU,20251118-0000,89.5
DE_LU,20251118-2300,99.58
DE_LU,20251118-1900,115.02
DE_LU,20251118-2200,100.87
DE_LU,20251118-1600,152.61
DE_LU,20251118-1700,147.88
DE_LU,20251118-0400,99.58
DE_LU,20251118-1400,115.02
DE_LU,20251118-1800,128.0
DE_LU,20251118-0700,115.02
DE_LU,20251118-2100,100.87
DE_LU,20251118-1100,100.86999999999998
DE_LU,20251118-1300,102.93
DE_LU,20251118-2000,115.02
DE_LU,20251118-0500,100.87
DE_LU,20251118-1200,100.87
DE_LU,20251118-0200,83.98
DE_LU,20251118-1500,143.48
DE_LU,20251118-0300,91.72
DE_LU,20251118-0800,106.89
DE_LU,20251118-1000,100.87
DE_LU,20251118-0900,100.87
DE_LU,20251118-0600,115.02
DE_LU,20251118-0100,83.98
SK,20251118-0000,77.62
SK,20251118-2300,82.15
SK,20251118-1900,87.35
SK,20251118-2200,82.73
SK,20251118-1600,106.89
SK,20251118-1700,101.3
SK,20251118-0400,82.15
SK,20251118-1400,98.28
SK,20251118-1800,87.35
SK,20251118-0700,87.35
SK,20251118-2100,87.35
SK,20251118-1100,87.34999999999951
SK,20251118-1300,87.35
SK,20251118-2000,87.35
SK,20251118-0500,87.35
SK,20251118-1200,87.35
SK,20251118-0200,74.68
SK,20251118-1500,87.35
SK,20251118-0300,78.61
SK,20251118-0800,87.35
SK,20251118-1000,87.35
SK,20251118-0900,87.35
SK,20251118-0600,99.0
SK,20251118-0100,74.68
EE,20251118-0000,82.98
EE,20251118-2300,99.58
EE,20251118-1900,115.02
EE,20251118-2200,87.35
EE,20251118-1600,152.61
EE,20251118-1700,147.88
EE,20251118-0400,82.98
EE,20251118-1400,155.47
EE,20251118-1800,128.0
EE,20251118-0700,115.02
EE,20251118-2100,100.87
EE,20251118-1100,106.88999999999996
EE,20251118-1300,144.76
EE,20251118-2000,115.02
EE,20251118-0500,105.15
EE,20251118-1200,115.02
EE,20251118-0200,82.98
EE,20251118-1500,152.61
EE,20251118-0300,82.98
EE,20251118-0800,112.14
EE,20251118-1000,102.97
EE,20251118-0900,101.96
EE,20251118-0600,115.02
EE,20251118-0100,82.98
SE4,20251118-0000,82.98
SE4,20251118-2300,99.58
SE4,20251118-1900,115.02
SE4,20251118-2200,87.35
SE4,20251118-1600,152.61
SE4,20251118-1700,147.88
SE4,20251118-0400,82.98
SE4,20251118-1400,152.61
SE4,20251118-1800,128.0
SE4,20251118-0700,115.02
SE4,20251118-2100,100.87
SE4,20251118-1100,106.88999999999996
SE4,20251118-1300,115.02
SE4,20251118-2000,115.02
SE4,20251118-0500,105.15
SE4,20251118-1200,115.02
SE4,20251118-0200,82.98
SE4,20251118-1500,152.61
SE4,20251118-0300,82.98
SE4,20251118-0800,112.14
SE4,20251118-1000,102.97
SE4,20251118-0900,101.96
SE4,20251118-0600,115.02
SE4,20251118-0100,82.98
SI,20251201-0800,212.14
SI,20251201-1100,163.39
SI,20251201-1200,164.88
SI,20251201-1800,121.52
SI,20251201-1600,184.42
SI,20251201-0000,82.65
SI,20251201-2100,95.54
SI,20251201-0100,79.61
SI,20251201-0500,95.54
SI,20251201-0300,80.54
SI,20251201-2300,83.8
SI,20251201-1000,174.76
SI,20251201-0700,182.5
SI,20251201-1700,118.84
SI,20251201-0200,79.61
SI,20251201-0900,177.8
SI,20251201-0600,119.29
SI,20251201-1300,171.83
SI,20251201-0400,95.54
SI,20251201-1400,179.65
SI,20251201-1500,184.29
SI,20251201-1900,103.61
SI,20251201-2000,95.54
SI,20251201-2200,83.8
ES,20251201-0800,113.56
ES,20251201-1100,43.8
ES,20251201-1200,56.5
ES,20251201-1800,145.8
ES,20251201-1600,119.4
ES,20251201-0000,79.61
ES,20251201-2100,127.64
ES,20251201-0100,79.61
ES,20251201-0500,79.61
ES,20251201-0300,79.61
ES,20251201-2300,79.61
ES,20251201-1000,75.19
ES,20251201-0700,151.53
ES,20251201-1700,141.84
ES,20251201-0200,79.61
ES,20251201-0900,79.61
ES,20251201-0600,115.81
ES,20251201-1300,67.43
ES,20251201-0400,79.61
ES,20251201-1400,70.86
ES,20251201-1500,79.61
ES,20251201-1900,146.66
ES,20251201-2000,141.33
ES,20251201-2200,79.61
GR,20251201-0800,79.61
GR,20251201-1100,43.8
GR,20251201-1200,79.61
GR,20251201-1800,275.22
GR,20251201-1600,376.22
GR,20251201-0000,85.79
GR,20251201-2100,136.45
GR,20251201-0100,79.61
GR,20251201-0500,118.84
GR,20251201-0300,80.54
GR,20251201-2300,102.56
GR,20251201-1000,43.8
GR,20251201-0700,79.61
GR,20251201-1700,331.43
GR,20251201-0200,79.61
GR,20251201-0900,43.8
GR,20251201-0600,119.29
GR,20251201-1300,93.63
GR,20251201-0400,103.01
GR,20251201-1400,141.16
GR,20251201-1500,317.23
GR,20251201-1900,250.0
GR,20251201-2000,177.75
GR,20251201-2200,118.84
IT-CNORTH,20251201-0800,212.14
IT-CNORTH,20251201-1100,163.39
IT-CNORTH,20251201-1200,164.88
IT-CNORTH,20251201-1800,121.52
IT-CNORTH,20251201-1600,184.42
IT-CNORTH,20251201-0000,95.54
IT-CNORTH,20251201-2100,95.54
IT-CNORTH,20251201-0100,95.54
IT-CNORTH,20251201-0500,95.54
IT-CNORTH,20251201-0300,95.54
IT-CNORTH,20251201-2300,95.54
IT-CNORTH,20251201-1000,174.76
IT-CNORTH,20251201-0700,182.5
IT-CNORTH,20251201-1700,118.84
IT-CNORTH,20251201-0200,95.54
IT-CNORTH,20251201-0900,177.8
IT-CNORTH,20251201-0600,118.84
IT-CNORTH,20251201-1300,171.83
IT-CNORTH,20251201-0400,95.54
IT-CNORTH,20251201-1400,179.65
IT-CNORTH,20251201-1500,184.29
IT-CNORTH,20251201-1900,103.61
IT-CNORTH,20251201-2000,95.54
IT-CNORTH,20251201-2200,95.54
HU,20251201-0800,212.14
HU,20251201-1100,190.21
HU,20251201-1200,235.12
HU,20251201-1800,275.22
HU,20251201-1600,376.22
HU,20251201-0000,85.79
HU,20251201-2100,136.45
HU,20251201-0100,79.61
HU,20251201-0500,118.84
HU,20251201-0300,80.54
HU,20251201-2300,102.56
HU,20251201-1000,174.76
HU,20251201-0700,182.5
HU,20251201-1700,331.43
HU,20251201-0200,79.61
HU,20251201-0900,177.8
HU,20251201-0600,119.29
HU,20251201-1300,235.91
HU,20251201-0400,103.01
HU,20251201-1400,237.99
HU,20251201-1500,317.23
HU,20251201-1900,250.0
HU,20251201-2000,177.75
HU,20251201-2200,118.84
IT-SOUTH,20251201-0800,95.54
IT-SOUTH,20251201-1100,95.54
IT-SOUTH,20251201-1200,95.54
IT-SOUTH,20251201-1800,95.54
IT-SOUTH,20251201-1600,95.54
IT-SOUTH,20251201-0000,95.54
IT-SOUTH,20251201-2100,95.54
IT-SOUTH,20251201-0100,95.54
IT-SOUTH,20251201-0500,95.54
IT-SOUTH,20251201-0300,95.54
IT-SOUTH,20251201-2300,95.54
IT-SOUTH,20251201-1000,95.54
IT-SOUTH,20251201-0700,95.54
IT-SOUTH,20251201-1700,95.54
IT-SOUTH,20251201-0200,95.54
IT-SOUTH,20251201-0900,95.54
IT-SOUTH,20251201-0600,95.54
IT-SOUTH,20251201-1300,95.54
IT-SOUTH,20251201-0400,95.54
IT-SOUTH,20251201-1400,95.54
IT-SOUTH,20251201-1500,95.54
IT-SOUTH,20251201-1900,95.54
IT-SOUTH,20251201-2000,95.54
IT-SOUTH,20251201-2200,95.54
IT-Sicily,20251201-0800,95.54
IT-Sicily,20251201-1100,95.54
IT-Sicily,20251201-1200,95.54
IT-Sicily,20251201-1800,163.19
IT-Sicily,20251201-1600,95.54
IT-Sicily,20251201-0000,95.54
IT-Sicily,20251201-2100,95.54
IT-Sicily,20251201-0100,95.54
IT-Sicily,20251201-0500,95.54
IT-Sicily,20251201-0300,95.54
IT-Sicily,20251201-2300,95.54
IT-Sicily,20251201-1000,95.54
IT-Sicily,20251201-0700,95.54
IT-Sicily,20251201-1700,95.54
IT-Sicily,20251201-0200,95.54
IT-Sicily,20251201-0900,95.54
IT-Sicily,20251201-0600,95.54
IT-Sicily,20251201-1300,95.54
IT-Sicily,20251201-0400,95.54
IT-Sicily,20251201-1400,95.54
IT-Sicily,20251201-1500,95.54
IT-Sicily,20251201-1900,159.29
IT-Sicily,20251201-2000,173.88
IT-Sicily,20251201-2200,95.54
IT-Sardinia,20251201-0800,95.54
IT-Sardinia,20251201-1100,95.54
IT-Sardinia,20251201-1200,95.54
IT-Sardinia,20251201-1800,95.54
IT-Sardinia,20251201-1600,95.54
IT-Sardinia,20251201-0000,95.54
IT-Sardinia,20251201-2100,95.54
IT-Sardinia,20251201-0100,95.54
IT-Sardinia,20251201-0500,95.54
IT-Sardinia,20251201-0300,95.54
IT-Sardinia,20251201-2300,95.54
IT-Sardinia,20251201-1000,95.54
IT-Sardinia,20251201-0700,95.54
IT-Sardinia,20251201-1700,95.54
IT-Sardinia,20251201-0200,95.54
IT-Sardinia,20251201-0900,95.54
IT-Sardinia,20251201-0600,95.54
IT-Sardinia,20251201-1300,95.54
IT-Sardinia,20251201-0400,95.54
IT-Sardinia,20251201-1400,95.54
IT-Sardinia,20251201-1500,95.54
IT-Sardinia,20251201-1900,95.54
IT-Sardinia,20251201-2000,95.54
IT-Sardinia,20251201-2200,95.54
RS,20251201-0800,212.14
RS,20251201-1100,190.21
RS,20251201-1200,235.12
RS,20251201-1800,275.22
RS,20251201-1600,376.22
RS,20251201-0000,85.79
RS,20251201-2100,136.45
RS,20251201-0100,79.61
RS,20251201-0500,118.84
RS,20251201-0300,80.54
RS,20251201-2300,102.56
RS,20251201-1000,174.76
RS,20251201-0700,182.5
RS,20251201-1700,331.43
RS,20251201-0200,79.61
RS,20251201-0900,177.8
RS,20251201-0600,119.29
RS,20251201-1300,235.91
RS,20251201-0400,103.01
RS,20251201-1400,237.99
RS,20251201-1500,317.23
RS,20251201-1900,250.0
RS,20251201-2000,177.75
RS,20251201-2200,118.84
DK1,20251201-0800,103.61
DK1,20251201-1100,79.61
DK1,20251201-1200,79.61
DK1,20251201-1800,9.5
DK1,20251201-1600,63.0
DK1,20251201-0000,79.61
DK1,20251201-2100,63.0
DK1,20251201-0100,79.61
DK1,20251201-0500,79.61
DK1,20251201-0300,79.61
DK1,20251201-2300,79.61
DK1,20251201-1000,79.61
DK1,20251201-0700,83.8
DK1,20251201-1700,9.5
DK1,20251201-0200,79.61
DK1,20251201-0900,83.8
DK1,20251201-0600,79.61
DK1,20251201-1300,79.61
DK1,20251201-0400,79.61
DK1,20251201-1400,79.61
DK1,20251201-1500,57.0
DK1,20251201-1900,57.0
DK1,20251201-2000,57.0
DK1,20251201-2200,69.84
CH,20251201-0800,212.14
CH,20251201-1100,108.64
CH,20251201-1200,108.77
CH,20251201-1800,121.52
CH,20251201-1600,184.42
CH,20251201-0000,95.54
CH,20251201-2100,88.85
CH,20251201-0100,95.54
CH,20251201-0500,95.54
CH,20251201-0300,95.54
CH,20251201-2300,95.54
CH,20251201-1000,174.76
CH,20251201-0700,182.5
CH,20251201-1700,118.84
CH,20251201-0200,95.54
CH,20251201-0900,177.8
CH,20251201-0600,118.84
CH,20251201-1300,171.83
CH,20251201-0400,95.54
CH,20251201-1400,179.65
CH,20251201-1500,184.29
CH,20251201-1900,103.61
CH,20251201-2000,95.54
CH,20251201-2200,83.8
SE1,20251201-0800,23.14
SE1,20251201-1100,24.34
SE1,20251201-1200,24.85
SE1,20251201-1800,31.86
SE1,20251201-1600,29.3
SE1,20251201-0000,21.48
SE1,20251201-2100,32.13
SE1,20251201-0100,22.16
SE1,20251201-0500,25.68
SE1,20251201-0300,24.75
SE1,20251201-2300,21.63
SE1,20251201-1000,23.99
SE1,20251201-0700,24.58
SE1,20251201-1700,30.07
SE1,20251201-0200,23.65
SE1,20251201-0900,22.53
SE1,20251201-0600,25.14
SE1,20251201-1300,25.76
SE1,20251201-0400,23.86
SE1,20251201-1400,27.44
SE1,20251201-1500,28.69
SE1,20251201-1900,33.71
SE1,20251201-2000,34.11
SE1,20251201-2200,29.06
NO4,20251201-0800,28.75
NO4,20251201-1100,29.27
NO4,20251201-1200,29.96
NO4,20251201-1800,30.88
NO4,20251201-1600,31.91
NO4,20251201-0000,17.86
NO4,20251201-2100,27.13
NO4,20251201-0100,17.6
NO4,20251201-0500,23.57
NO4,20251201-0300,19.23
NO4,20251201-2300,23.62
NO4,20251201-1000,28.65
NO4,20251201-0700,28.37
NO4,20251201-1700,30.88
NO4,20251201-0200,18.46
NO4,20251201-0900,29.16
NO4,20251201-0600,26.73
NO4,20251201-1300,30.59
NO4,20251201-0400,20.82
NO4,20251201-1400,31.57
NO4,20251201-1500,32.26
NO4,20251201-1900,30.05
NO4,20251201-2000,28.67
NO4,20251201-2200,24.23
SE3,20251201-0800,83.8
SE3,20251201-1100,71.65
SE3,20251201-1200,71.65
SE3,20251201-1800,9.5
SE3,20251201-1600,51.3
SE3,20251201-0000,71.65
SE3,20251201-2100,51.3
SE3,20251201-0100,71.65
SE3,20251201-0500,71.65
SE3,20251201-0300,71.65
SE3,20251201-2300,71.65
SE3,20251201-1000,71.65
SE3,20251201-0700,71.65
SE3,20251201-1700,9.5
SE3,20251201-0200,71.65
SE3,20251201-0900,71.65
SE3,20251201-0600,71.65
SE3,20251201-1300,67.5
SE3,20251201-0400,71.65
SE3,20251201-1400,56.7
SE3,20251201-1500,51.3
SE3,20251201-1900,27.0
SE3,20251201-2000,29.86
SE3,20251201-2200,51.3
FR,20251201-0800,154.9
FR,20251201-1100,64.73
FR,20251201-1200,56.5
FR,20251201-1800,121.52
FR,20251201-1600,118.66
FR,20251201-0000,79.61
FR,20251201-2100,60.66
FR,20251201-0100,62.91
FR,20251201-0500,62.76
FR,20251201-0300,51.99
FR,20251201-2300,51.84
FR,20251201-1000,83.53
FR,20251201-0700,151.53
FR,20251201-1700,118.84
FR,20251201-0200,52.0
FR,20251201-0900,108.62
FR,20251201-0600,107.4
FR,20251201-1300,67.43
FR,20251201-0400,51.99
FR,20251201-1400,70.86
FR,20251201-1500,79.61
FR,20251201-1900,91.0
FR,20251201-2000,65.03
FR,20251201-2200,59.45
FI,20251201-0800,10.6
FI,20251201-1100,12.83
FI,20251201-1200,17.07
FI,20251201-1800,57.0
FI,20251201-1600,57.0
FI,20251201-0000,10.53
FI,20251201-2100,75.34
FI,20251201-0100,9.5
FI,20251201-0500,10.56
FI,20251201-0300,9.5
FI,20251201-2300,57.0
FI,20251201-1000,12.84
FI,20251201-0700,12.69
FI,20251201-1700,57.0
FI,20251201-0200,9.5
FI,20251201-0900,12.72
FI,20251201-0600,12.75
FI,20251201-1300,43.8
FI,20251201-0400,9.5
FI,20251201-1400,57.0
FI,20251201-1500,57.0
FI,20251201-1900,57.0
FI,20251201-2000,57.0
FI,20251201-2200,57.0
PL,20251201-0800,132.22
PL,20251201-1100,145.14
PL,20251201-1200,152.06
PL,20251201-1800,159.36
PL,20251201-1600,171.4
PL,20251201-0000,103.61
PL,20251201-2100,118.24
PL,20251201-0100,103.61
PL,20251201-0500,118.84
PL,20251201-0300,103.61
PL,20251201-2300,113.11
PL,20251201-1000,130.64
PL,20251201-0700,143.77
PL,20251201-1700,163.85
PL,20251201-0200,103.61
PL,20251201-0900,129.72
PL,20251201-0600,124.68
PL,20251201-1300,154.92
PL,20251201-0400,108.01
PL,20251201-1400,170.86
PL,20251201-1500,183.23
PL,20251201-1900,146.46
PL,20251201-2000,118.84
PL,20251201-2200,115.27
IT-Calabria,20251201-0800,95.54
IT-Calabria,20251201-1100,95.54
IT-Calabria,20251201-1200,95.54
IT-Calabria,20251201-1800,95.54
IT-Calabria,20251201-1600,95.54
IT-Calabria,20251201-0000,95.54
IT-Calabria,20251201-2100,95.54
IT-Calabria,20251201-0100,95.54
IT-Calabria,20251201-0500,95.54
IT-Calabria,20251201-0300,95.54
IT-Calabria,20251201-2300,95.54
IT-Calabria,20251201-1000,95.54
IT-Calabria,20251201-0700,95.54
IT-Calabria,20251201-1700,95.54
IT-Calabria,20251201-0200,95.54
IT-Calabria,20251201-0900,95.54
IT-Calabria,20251201-0600,95.54
IT-Calabria,20251201-1300,95.54
IT-Calabria,20251201-0400,95.54
IT-Calabria,20251201-1400,95.54
IT-Calabria,20251201-1500,95.54
IT-Calabria,20251201-1900,95.54
IT-Calabria,20251201-2000,95.54
IT-Calabria,20251201-2200,95.54
AT,20251201-0800,212.14
AT,20251201-1100,108.64
AT,20251201-1200,108.77
AT,20251201-1800,121.52
AT,20251201-1600,184.42
AT,20251201-0000,83.8
AT,20251201-2100,88.85
AT,20251201-0100,83.8
AT,20251201-0500,95.54
AT,20251201-0300,83.8
AT,20251201-2300,83.8
AT,20251201-1000,174.76
AT,20251201-0700,182.5
AT,20251201-1700,135.71
AT,20251201-0200,83.8
AT,20251201-0900,177.8
AT,20251201-0600,118.84
AT,20251201-1300,171.83
AT,20251201-0400,88.1
AT,20251201-1400,179.65
AT,20251201-1500,184.29
AT,20251201-1900,103.61
AT,20251201-2000,95.54
AT,20251201-2200,83.8
SE2,20251201-0800,36.4
SE2,20251201-1100,36.98
SE2,20251201-1200,37.38
SE2,20251201-1800,38.03
SE2,20251201-1600,39.39
SE2,20251201-0000,21.48
SE2,20251201-2100,32.13
SE2,20251201-0100,22.16
SE2,20251201-0500,29.0
SE2,20251201-0300,24.75
SE2,20251201-2300,21.63
SE2,20251201-1000,36.92
SE2,20251201-0700,35.18
SE2,20251201-1700,38.9
SE2,20251201-0200,23.65
SE2,20251201-0900,37.08
SE2,20251201-0600,32.21
SE2,20251201-1300,38.05
SE2,20251201-0400,23.86
SE2,20251201-1400,38.46
SE2,20251201-1500,38.87
SE2,20251201-1900,36.57
SE2,20251201-2000,34.11
SE2,20251201-2200,29.06
IT-NORTH,20251201-0800,212.14
IT-NORTH,20251201-1100,163.39
IT-NORTH,20251201-1200,164.88
IT-NORTH,20251201-1800,121.52
IT-NORTH,20251201-1600,184.42
IT-NORTH,20251201-0000,95.54
IT-NORTH,20251201-2100,95.54
IT-NORTH,20251201-0100,95.54
IT-NORTH,20251201-0500,95.54
IT-NORTH,20251201-0300,95.54
IT-NORTH,20251201-2300,95.54
IT-NORTH,20251201-1000,174.76
IT-NORTH,20251201-0700,182.5
IT-NORTH,20251201-1700,118.84
IT-NORTH,20251201-0200,95.54
IT-NORTH,20251201-0900,177.8
IT-NORTH,20251201-0600,118.84
IT-NORTH,20251201-1300,171.83
IT-NORTH,20251201-0400,95.54
IT-NORTH,20251201-1400,179.65
IT-NORTH,20251201-1500,184.29
IT-NORTH,20251201-1900,103.61
IT-NORTH,20251201-2000,95.54
IT-NORTH,20251201-2200,95.54
LT,20251201-0800,83.8
LT,20251201-1100,145.14
LT,20251201-1200,152.06
LT,20251201-1800,143.98
LT,20251201-1600,133.94
LT,20251201-0000,33.97
LT,20251201-2100,79.61
LT,20251201-0100,36.52
LT,20251201-0500,79.61
LT,20251201-0300,36.52
LT,20251201-2300,59.25
LT,20251201-1000,130.64
LT,20251201-0700,83.8
LT,20251201-1700,153.44
LT,20251201-0200,35.25
LT,20251201-0900,129.72
LT,20251201-0600,81.04
LT,20251201-1300,154.92
LT,20251201-0400,45.98
LT,20251201-1400,142.56
LT,20251201-1500,83.8
LT,20251201-1900,79.61
LT,20251201-2000,79.61
LT,20251201-2200,79.61
PT,20251201-0800,113.56
PT,20251201-1100,43.8
PT,20251201-1200,56.5
PT,20251201-1800,145.8
PT,20251201-1600,119.4
PT,20251201-0000,79.61
PT,20251201-2100,127.64
PT,20251201-0100,79.61
PT,20251201-0500,79.61
PT,20251201-0300,79.61
PT,20251201-2300,79.61
PT,20251201-1000,75.19
PT,20251201-0700,151.53
PT,20251201-1700,141.84
PT,20251201-0200,79.61
PT,20251201-0900,79.61
PT,20251201-0600,115.81
PT,20251201-1300,67.43
PT,20251201-0400,79.61
PT,20251201-1400,70.86
PT,20251201-1500,79.61
PT,20251201-1900,146.66
PT,20251201-2000,140.47
PT,20251201-2200,79.61
NO2,20251201-0800,83.8
NO2,20251201-1100,83.8
NO2,20251201-1200,83.8
NO2,20251201-1800,83.8
NO2,20251201-1600,83.8
NO2,20251201-0000,83.8
NO2,20251201-2100,83.8
NO2,20251201-0100,83.8
NO2,20251201-0500,83.8
NO2,20251201-0300,83.8
NO2,20251201-2300,82.1
NO2,20251201-1000,83.8
NO2,20251201-0700,83.8
NO2,20251201-1700,83.8
NO2,20251201-0200,83.8
NO2,20251201-0900,83.8
NO2,20251201-0600,83.8
NO2,20251201-1300,83.8
NO2,20251201-0400,83.8
NO2,20251201-1400,83.8
NO2,20251201-1500,83.8
NO2,20251201-1900,83.8
NO2,20251201-2000,83.8
NO2,20251201-2200,82.1
LV,20251201-0800,79.61
LV,20251201-1100,79.61
LV,20251201-1200,79.61
LV,20251201-1800,75.34
LV,20251201-1600,79.61
LV,20251201-0000,33.97
LV,20251201-2100,75.34
LV,20251201-0100,36.52
LV,20251201-0500,43.8
LV,20251201-0300,36.52
LV,20251201-2300,57.0
LV,20251201-1000,75.34
LV,20251201-0700,79.61
LV,20251201-1700,75.34
LV,20251201-0200,35.25
LV,20251201-0900,79.61
LV,20251201-0600,79.61
LV,20251201-1300,79.61
LV,20251201-0400,45.98
LV,20251201-1400,140.79
LV,20251201-1500,79.61
LV,20251201-1900,79.61
LV,20251201-2000,79.61
LV,20251201-2200,79.61
NL,20251201-0800,103.61
NL,20251201-1100,79.61
NL,20251201-1200,79.61
NL,20251201-1800,83.8
NL,20251201-1600,103.61
NL,20251201-0000,79.61
NL,20251201-2100,79.61
NL,20251201-0100,79.61
NL,20251201-0500,79.61
NL,20251201-0300,79.61
NL,20251201-2300,79.61
NL,20251201-1000,79.61
NL,20251201-0700,83.8
NL,20251201-1700,103.61
NL,20251201-0200,79.61
NL,20251201-0900,83.8
NL,20251201-0600,79.61
NL,20251201-1300,79.61
NL,20251201-0400,79.61
NL,20251201-1400,79.61
NL,20251201-1500,79.61
NL,20251201-1900,79.61
NL,20251201-2000,79.61
NL,20251201-2200,79.61
NO5,20251201-0800,83.8
NO5,20251201-1100,82.45
NO5,20251201-1200,82.45
NO5,20251201-1800,83.13
NO5,20251201-1600,83.8
NO5,20251201-0000,78.82
NO5,20251201-2100,75.53
NO5,20251201-0100,78.82
NO5,20251201-0500,82.45
NO5,20251201-0300,78.82
NO5,20251201-2300,71.65
NO5,20251201-1000,82.45
NO5,20251201-0700,83.8
NO5,20251201-1700,83.8
NO5,20251201-0200,78.82
NO5,20251201-0900,83.8
NO5,20251201-0600,83.8
NO5,20251201-1300,83.8
NO5,20251201-0400,78.82
NO5,20251201-1400,83.8
NO5,20251201-1500,83.8
NO5,20251201-1900,82.45
NO5,20251201-2000,78.82
NO5,20251201-2200,71.65
BE,20251201-0800,83.8
BE,20251201-1100,82.45
BE,20251201-1200,82.45
BE,20251201-1800,83.13
BE,20251201-1600,83.8
BE,20251201-0000,79.61
BE,20251201-2100,75.53
BE,20251201-0100,79.61
BE,20251201-0500,82.45
BE,20251201-0300,78.82
BE,20251201-2300,71.65
BE,20251201-1000,82.45
BE,20251201-0700,83.8
BE,20251201-1700,83.8
BE,20251201-0200,78.82
BE,20251201-0900,83.8
BE,20251201-0600,83.8
BE,20251201-1300,83.8
BE,20251201-0400,78.82
BE,20251201-1400,83.8
BE,20251201-1500,83.8
BE,20251201-1900,82.45
BE,20251201-2000,78.82
BE,20251201-2200,71.65
RO,20251201-0800,212.14
RO,20251201-1100,190.21
RO,20251201-1200,235.12
RO,20251201-1800,275.22
RO,20251201-1600,376.22
RO,20251201-0000,85.79
RO,20251201-2100,136.45
RO,20251201-0100,79.61
RO,20251201-0500,118.84
RO,20251201-0300,80.54
RO,20251201-2300,102.56
RO,20251201-1000,174.76
RO,20251201-0700,182.5
RO,20251201-1700,331.43
RO,20251201-0200,79.61
RO,20251201-0900,177.8
RO,20251201-0600,119.29
RO,20251201-1300,235.91
RO,20251201-0400,103.01
RO,20251201-1400,237.99
RO,20251201-1500,317.23
RO,20251201-1900,250.0
RO,20251201-2000,177.75
RO,20251201-2200,118.84
DK2,20251201-0800,103.61
DK2,20251201-1100,83.8
DK2,20251201-1200,81.43
DK2,20251201-1800,83.8
DK2,20251201-1600,83.8
DK2,20251201-0000,33.97
DK2,20251201-2100,70.46
DK2,20251201-0100,36.52
DK2,20251201-0500,70.58
DK2,20251201-0300,36.52
DK2,20251201-2300,59.25
DK2,20251201-1000,83.8
DK2,20251201-0700,83.8
DK2,20251201-1700,83.8
DK2,20251201-0200,35.25
DK2,20251201-0900,83.8
DK2,20251201-0600,81.04
DK2,20251201-1300,83.8
DK2,20251201-0400,45.98
DK2,20251201-1400,83.8
DK2,20251201-1500,83.8
DK2,20251201-1900,65.31
DK2,20251201-2000,60.85
DK2,20251201-2200,69.84
BG,20251201-0800,212.14
BG,20251201-1100,190.21
BG,20251201-1200,235.12
BG,20251201-1800,275.22
BG,20251201-1600,376.22
BG,20251201-0000,85.79
BG,20251201-2100,136.45
BG,20251201-0100,79.61
BG,20251201-0500,118.84
BG,20251201-0300,80.54
BG,20251201-2300,102.56
BG,20251201-1000,174.76
BG,20251201-0700,182.5
BG,20251201-1700,331.43
BG,20251201-0200,79.61
BG,20251201-0900,177.8
BG,20251201-0600,119.29
BG,20251201-1300,235.91
BG,20251201-0400,103.01
BG,20251201-1400,237.99
BG,20251201-1500,317.23
BG,20251201-1900,250.0
BG,20251201-2000,177.75
BG,20251201-2200,118.84
IT-CSOUTH,20251201-0800,95.54
IT-CSOUTH,20251201-1100,95.54
IT-CSOUTH,20251201-1200,95.54
IT-CSOUTH,20251201-1800,95.54
IT-CSOUTH,20251201-1600,95.54
IT-CSOUTH,20251201-0000,95.54
IT-CSOUTH,20251201-2100,95.54
IT-CSOUTH,20251201-0100,95.54
IT-CSOUTH,20251201-0500,95.54
IT-CSOUTH,20251201-0300,95.54
IT-CSOUTH,20251201-2300,95.54
IT-CSOUTH,20251201-1000,95.54
IT-CSOUTH,20251201-0700,95.54
IT-CSOUTH,20251201-1700,95.54
IT-CSOUTH,20251201-0200,95.54
IT-CSOUTH,20251201-0900,95.54
IT-CSOUTH,20251201-0600,95.54
IT-CSOUTH,20251201-1300,95.54
IT-CSOUTH,20251201-0400,95.54
IT-CSOUTH,20251201-1400,95.54
IT-CSOUTH,20251201-1500,95.54
IT-CSOUTH,20251201-1900,95.54
IT-CSOUTH,20251201-2000,95.54
IT-CSOUTH,20251201-2200,95.54
CZ,20251201-0800,151.69
CZ,20251201-1100,145.14
CZ,20251201-1200,148.39
CZ,20251201-1800,118.84
CZ,20251201-1600,150.01
CZ,20251201-0000,103.61
CZ,20251201-2100,118.84
CZ,20251201-0100,103.61
CZ,20251201-0500,118.84
CZ,20251201-0300,103.61
CZ,20251201-2300,103.61
CZ,20251201-1000,130.64
CZ,20251201-0700,148.77
CZ,20251201-1700,144.39
CZ,20251201-0200,99.14
CZ,20251201-0900,142.29
CZ,20251201-0600,124.68
CZ,20251201-1300,145.86
CZ,20251201-0400,108.01
CZ,20251201-1400,147.29
CZ,20251201-1500,152.57
CZ,20251201-1900,118.84
CZ,20251201-2000,118.84
CZ,20251201-2200,114.88
NO3,20251201-0800,83.8
NO3,20251201-1100,82.45
NO3,20251201-1200,82.45
NO3,20251201-1800,83.13
NO3,20251201-1600,83.8
NO3,20251201-0000,78.82
NO3,20251201-2100,75.53
NO3,20251201-0100,78.82
NO3,20251201-0500,82.45
NO3,20251201-0300,78.82
NO3,20251201-2300,71.65
NO3,20251201-1000,82.45
NO3,20251201-0700,83.8
NO3,20251201-1700,83.8
NO3,20251201-0200,78.82
NO3,20251201-0900,83.8
NO3,20251201-0600,83.8
NO3,20251201-1300,83.8
NO3,20251201-0400,78.82
NO3,20251201-1400,83.8
NO3,20251201-1500,83.8
NO3,20251201-1900,82.45
NO3,20251201-2000,78.82
NO3,20251201-2200,71.65
NO1,20251201-0800,83.8
NO1,20251201-1100,82.45
NO1,20251201-1200,82.45
NO1,20251201-1800,83.13
NO1,20251201-1600,83.8
NO1,20251201-0000,78.82
NO1,20251201-2100,75.53
NO1,20251201-0100,78.82
NO1,20251201-0500,82.45
NO1,20251201-0300,78.82
NO1,20251201-2300,71.65
NO1,20251201-1000,82.45
NO1,20251201-0700,83.8
NO1,20251201-1700,83.8
NO1,20251201-0200,78.82
NO1,20251201-0900,83.8
NO1,20251201-0600,83.8
NO1,20251201-1300,83.8
NO1,20251201-0400,78.82
NO1,20251201-1400,83.8
NO1,20251201-1500,83.8
NO1,20251201-1900,82.45
NO1,20251201-2000,78.82
NO1,20251201-2200,71.65
DE_LU,20251201-0800,118.84
DE_LU,20251201-1100,103.61
DE_LU,20251201-1200,103.61
DE_LU,20251201-1800,105.13
DE_LU,20251201-1600,118.84
DE_LU,20251201-0000,95.54
DE_LU,20251201-2100,88.85
DE_LU,20251201-0100,95.54
DE_LU,20251201-0500,103.61
DE_LU,20251201-0300,95.54
DE_LU,20251201-2300,79.61
DE_LU,20251201-1000,103.61
DE_LU,20251201-0700,139.14
DE_LU,20251201-1700,118.84
DE_LU,20251201-0200,95.54
DE_LU,20251201-0900,113.11
DE_LU,20251201-0600,118.84
DE_LU,20251201-1300,118.33
DE_LU,20251201-0400,95.54
DE_LU,20251201-1400,118.84
DE_LU,20251201-1500,118.84
DE_LU,20251201-1900,103.61
DE_LU,20251201-2000,95.54
DE_LU,20251201-2200,79.61
SK,20251201-0800,111.22
SK,20251201-1100,91.61
SK,20251201-1200,91.61
SK,20251201-1800,92.37
SK,20251201-1600,111.22
SK,20251201-0000,78.82
SK,20251201-2100,79.61
SK,20251201-0100,78.82
SK,20251201-0500,91.61
SK,20251201-0300,83.8
SK,20251201-2300,71.65
SK,20251201-1000,91.61
SK,20251201-0700,109.38
SK,20251201-1700,111.04
SK,20251201-0200,79.61
SK,20251201-0900,96.36
SK,20251201-0600,99.22
SK,20251201-1300,98.97
SK,20251201-0400,83.8
SK,20251201-1400,99.22
SK,20251201-1500,99.22
SK,20251201-1900,83.8
SK,20251201-2000,83.8
SK,20251201-2200,71.65
EE,20251201-0800,75.34
EE,20251201-1100,79.61
EE,20251201-1200,75.34
EE,20251201-1800,75.34
EE,20251201-1600,79.61
EE,20251201-0000,33.97
EE,20251201-2100,75.34
EE,20251201-0100,36.52
EE,20251201-0500,43.8
EE,20251201-0300,36.52
EE,20251201-2300,57.0
EE,20251201-1000,75.34
EE,20251201-0700,75.34
EE,20251201-1700,75.34
EE,20251201-0200,35.25
EE,20251201-0900,75.34
EE,20251201-0600,75.34
EE,20251201-1300,75.34
EE,20251201-0400,39.66
EE,20251201-1400,75.34
EE,20251201-1500,79.61
EE,20251201-1900,75.34
EE,20251201-2000,75.34
EE,20251201-2200,57.0
SE4,20251201-0800,83.8
SE4,20251201-1100,83.8
SE4,20251201-1200,83.8
SE4,20251201-1800,83.8
SE4,20251201-1600,83.8
SE4,20251201-0000,33.97
SE4,20251201-2100,70.46
SE4,20251201-0100,36.52
SE4,20251201-0500,70.58
SE4,20251201-0300,36.52
SE4,20251201-2300,59.25
SE4,20251201-1000,83.8
SE4,20251201-0700,83.8
SE4,20251201-1700,83.8
SE4,20251201-0200,35.25
SE4,20251201-0900,83.8
SE4,20251201-0600,81.04
SE4,20251201-1300,83.8
SE4,20251201-0400,45.98
SE4,20251201-1400,83.8
SE4,20251201-1500,83.8
SE4,20251201-1900,65.31
SE4,20251201-2000,60.85
SE4,20251201-2200,69.84
SI,20260113-0000,88.14
SI,20260113-1300,170.88
SI,20260113-2100,100.48
SI,20260113-0400,100.48
SI,20260113-0100,88.14
SI,20260113-1600,184.69
SI,20260113-0900,341.17
SI,20260113-0600,124.45
SI,20260113-1200,164.96
SI,20260113-2000,100.48
SI,20260113-1800,170.97
SI,20260113-1000,312.07
SI,20260113-0800,360.1
SI,20260113-1100,166.28999999999994
SI,20260113-1700,170.85
SI,20260113-1400,173.37
SI,20260113-1900,120.08
SI,20260113-1500,182.97
SI,20260113-0500,124.45
SI,20260113-0300,100.48
SI,20260113-2300,100.48
SI,20260113-0700,324.16
SI,20260113-0200,88.14
SI,20260113-2200,88.14
ES,20260113-0000,61.05
ES,20260113-1300,82.06
ES,20260113-2100,137.83
ES,20260113-0400,48.14
ES,20260113-0100,48.14
ES,20260113-1600,128.95
ES,20260113-0900,83.73
ES,20260113-0600,83.73
ES,20260113-1200,77.39
ES,20260113-2000,153.44
ES,20260113-1800,170.97
ES,20260113-1000,79.68
ES,20260113-0800,83.73
ES,20260113-1100,57.0
ES,20260113-1700,170.85
ES,20260113-1400,83.73
ES,20260113-1900,211.45
ES,20260113-1500,87.37
ES,20260113-0500,59.1
ES,20260113-0300,45.12
ES,20260113-2300,83.73
ES,20260113-0700,94.74
ES,20260113-0200,48.14
ES,20260113-2200,117.82
GR,20260113-0000,93.87
GR,20260113-1300,83.73
GR,20260113-2100,100.48
GR,20260113-0400,96.5
GR,20260113-0100,83.73
GR,20260113-1600,402.93
GR,20260113-0900,79.14
GR,20260113-0600,130.95
GR,20260113-1200,83.16
GR,20260113-2000,124.45
GR,20260113-1800,271.38
GR,20260113-1000,48.14
GR,20260113-0800,83.73
GR,20260113-1100,68.4
GR,20260113-1700,396.03
GR,20260113-1400,120.69
GR,20260113-1900,139.97
GR,20260113-1500,256.36
GR,20260113-0500,124.45
GR,20260113-0300,93.94
GR,20260113-2300,96.73
GR,20260113-0700,97.46
GR,20260113-0200,83.73
GR,20260113-2200,100.48
IT-CNORTH,20260113-0000,100.48
IT-CNORTH,20260113-1300,170.88
IT-CNORTH,20260113-2100,100.48
IT-CNORTH,20260113-0400,100.48
IT-CNORTH,20260113-0100,100.48
IT-CNORTH,20260113-1600,177.0
IT-CNORTH,20260113-0900,341.17
IT-CNORTH,20260113-0600,100.48
IT-CNORTH,20260113-1200,164.96
IT-CNORTH,20260113-2000,100.48
IT-CNORTH,20260113-1800,170.97
IT-CNORTH,20260113-1000,312.07
IT-CNORTH,20260113-0800,360.1
IT-CNORTH,20260113-1100,166.28999999999994
IT-CNORTH,20260113-1700,170.85
IT-CNORTH,20260113-1400,173.37
IT-CNORTH,20260113-1900,120.08
IT-CNORTH,20260113-1500,182.97
IT-CNORTH,20260113-0500,100.48
IT-CNORTH,20260113-0300,100.48
IT-CNORTH,20260113-2300,100.48
IT-CNORTH,20260113-0700,324.16
IT-CNORTH,20260113-0200,100.48
IT-CNORTH,20260113-2200,100.48
HU,20260113-0000,110.3
HU,20260113-1300,268.85
HU,20260113-2100,188.41
HU,20260113-0400,124.45
HU,20260113-0100,109.66
HU,20260113-1600,568.59
HU,20260113-0900,403.02
HU,20260113-0600,250.0
HU,20260113-1200,292.04
HU,20260113-2000,307.16
HU,20260113-1800,368.34
HU,20260113-1000,364.4
HU,20260113-0800,394.36
HU,20260113-1100,320.72999999999996
HU,20260113-1700,455.41
HU,20260113-1400,342.01
HU,20260113-1900,326.27
HU,20260113-1500,545.11
HU,20260113-0500,214.87
HU,20260113-0300,122.19
HU,20260113-2300,130.54
HU,20260113-0700,324.16
HU,20260113-0200,110.18
HU,20260113-2200,146.07
IT-SOUTH,20260113-0000,100.48
IT-SOUTH,20260113-1300,100.48
IT-SOUTH,20260113-2100,100.48
IT-SOUTH,20260113-0400,100.48
IT-SOUTH,20260113-0100,100.48
IT-SOUTH,20260113-1600,100.48
IT-SOUTH,20260113-0900,79.14
IT-SOUTH,20260113-0600,100.48
IT-SOUTH,20260113-1200,83.16
IT-SOUTH,20260113-2000,100.48
IT-SOUTH,20260113-1800,100.48
IT-SOUTH,20260113-1000,48.14
IT-SOUTH,20260113-0800,100.48
IT-SOUTH,20260113-1100,68.4
IT-SOUTH,20260113-1700,100.48
IT-SOUTH,20260113-1400,100.48
IT-SOUTH,20260113-1900,100.48
IT-SOUTH,20260113-1500,100.48
IT-SOUTH,20260113-0500,100.48
IT-SOUTH,20260113-0300,100.48
IT-SOUTH,20260113-2300,100.48
IT-SOUTH,20260113-0700,100.48
IT-SOUTH,20260113-0200,100.48
IT-SOUTH,20260113-2200,100.48
IT-Sicily,20260113-0000,100.48
IT-Sicily,20260113-1300,100.48
IT-Sicily,20260113-2100,100.48
IT-Sicily,20260113-0400,100.48
IT-Sicily,20260113-0100,100.48
IT-Sicily,20260113-1600,100.48
IT-Sicily,20260113-0900,79.14
IT-Sicily,20260113-0600,100.48
IT-Sicily,20260113-1200,83.16
IT-Sicily,20260113-2000,100.48
IT-Sicily,20260113-1800,100.48
IT-Sicily,20260113-1000,48.14
IT-Sicily,20260113-0800,100.48
IT-Sicily,20260113-1100,68.4
IT-Sicily,20260113-1700,100.48
IT-Sicily,20260113-1400,100.48
IT-Sicily,20260113-1900,100.48
IT-Sicily,20260113-1500,100.48
IT-Sicily,20260113-0500,100.48
IT-Sicily,20260113-0300,100.48
IT-Sicily,20260113-2300,100.48
IT-Sicily,20260113-0700,100.48
IT-Sicily,20260113-0200,100.48
IT-Sicily,20260113-2200,100.48
IT-Sardinia,20260113-0000,100.48
IT-Sardinia,20260113-1300,100.48
IT-Sardinia,20260113-2100,100.48
IT-Sardinia,20260113-0400,100.48
IT-Sardinia,20260113-0100,100.48
IT-Sardinia,20260113-1600,100.48
IT-Sardinia,20260113-0900,100.48
IT-Sardinia,20260113-0600,100.48
IT-Sardinia,20260113-1200,100.48
IT-Sardinia,20260113-2000,129.18
IT-Sardinia,20260113-1800,129.18
IT-Sardinia,20260113-1000,100.48
IT-Sardinia,20260113-0800,100.48
IT-Sardinia,20260113-1100,100.48000000000002
IT-Sardinia,20260113-1700,100.48
IT-Sardinia,20260113-1400,100.48
IT-Sardinia,20260113-1900,131.59
IT-Sardinia,20260113-1500,100.48
IT-Sardinia,20260113-0500,100.48
IT-Sardinia,20260113-0300,100.48
IT-Sardinia,20260113-2300,100.48
IT-Sardinia,20260113-0700,100.48
IT-Sardinia,20260113-0200,100.48
IT-Sardinia,20260113-2200,100.48
RS,20260113-0000,124.45
RS,20260113-1300,268.85
RS,20260113-2100,219.77
RS,20260113-0400,124.45
RS,20260113-0100,124.45
RS,20260113-1600,568.59
RS,20260113-0900,403.02
RS,20260113-0600,250.0
RS,20260113-1200,292.04
RS,20260113-2000,307.16
RS,20260113-1800,368.34
RS,20260113-1000,364.4
RS,20260113-0800,394.36
RS,20260113-1100,320.72999999999996
RS,20260113-1700,455.41
RS,20260113-1400,342.01
RS,20260113-1900,326.27
RS,20260113-1500,545.11
RS,20260113-0500,214.87
RS,20260113-0300,124.45
RS,20260113-2300,130.54
RS,20260113-0700,324.16
RS,20260113-0200,124.45
RS,20260113-2200,146.07
DK1,20260113-0000,102.86
DK1,20260113-1300,154.24
DK1,20260113-2100,83.73
DK1,20260113-0400,107.65
DK1,20260113-0100,104.07
DK1,20260113-1600,107.65
DK1,20260113-0900,176.12
DK1,20260113-0600,107.65
DK1,20260113-1200,126.49
DK1,20260113-2000,83.73
DK1,20260113-1800,107.65
DK1,20260113-1000,167.81
DK1,20260113-0800,175.51
DK1,20260113-1100,107.65
DK1,20260113-1700,143.85
DK1,20260113-1400,100.75
DK1,20260113-1900,83.73
DK1,20260113-1500,100.94
DK1,20260113-0500,124.45
DK1,20260113-0300,107.65
DK1,20260113-2300,83.73
DK1,20260113-0700,174.23
DK1,20260113-0200,106.71
DK1,20260113-2200,83.73
CH,20260113-0000,100.48
CH,20260113-1300,114.52
CH,20260113-2100,100.48
CH,20260113-0400,100.48
CH,20260113-0100,100.48
CH,20260113-1600,177.0
CH,20260113-0900,341.17
CH,20260113-0600,100.48
CH,20260113-1200,164.96
CH,20260113-2000,100.48
CH,20260113-1800,170.97
CH,20260113-1000,312.07
CH,20260113-0800,360.1
CH,20260113-1100,139.01
CH,20260113-1700,170.85
CH,20260113-1400,173.37
CH,20260113-1900,120.08
CH,20260113-1500,182.97
CH,20260113-0500,100.48
CH,20260113-0300,100.48
CH,20260113-2300,100.48
CH,20260113-0700,324.16
CH,20260113-0200,100.48
CH,20260113-2200,100.48
SE1,20260113-0000,50.7
SE1,20260113-1300,45.36
SE1,20260113-2100,27.12
SE1,20260113-0400,48.81
SE1,20260113-0100,49.36
SE1,20260113-1600,48.18
SE1,20260113-0900,54.21
SE1,20260113-0600,52.21
SE1,20260113-1200,47.76
SE1,20260113-2000,27.12
SE1,20260113-1800,27.12
SE1,20260113-1000,54.39
SE1,20260113-0800,54.32
SE1,20260113-1100,54.48999999999887
SE1,20260113-1700,44.05
SE1,20260113-1400,47.52
SE1,20260113-1900,27.12
SE1,20260113-1500,50.89
SE1,20260113-0500,50.61
SE1,20260113-0300,48.83
SE1,20260113-2300,1.0
SE1,20260113-0700,53.93
SE1,20260113-0200,48.69
SE1,20260113-2200,1.0
NO4,20260113-0000,22.58
NO4,20260113-1300,33.93
NO4,20260113-2100,29.91
NO4,20260113-0400,20.16
NO4,20260113-0100,20.17
NO4,20260113-1600,33.27
NO4,20260113-0900,32.31
NO4,20260113-0600,28.12
NO4,20260113-1200,33.07
NO4,20260113-2000,31.77
NO4,20260113-1800,33.33
NO4,20260113-1000,32.76
NO4,20260113-0800,31.17
NO4,20260113-1100,32.15
NO4,20260113-1700,33.13
NO4,20260113-1400,33.92
NO4,20260113-1900,32.18
NO4,20260113-1500,33.84
NO4,20260113-0500,24.15
NO4,20260113-0300,18.51
NO4,20260113-2300,27.87
NO4,20260113-0700,30.51
NO4,20260113-0200,18.86
NO4,20260113-2200,27.41
SE3,20260113-0000,88.14
SE3,20260113-1300,88.14
SE3,20260113-2100,75.36
SE3,20260113-0400,88.14
SE3,20260113-0100,88.14
SE3,20260113-1600,107.65
SE3,20260113-0900,176.12
SE3,20260113-0600,107.65
SE3,20260113-1200,126.49
SE3,20260113-2000,75.36
SE3,20260113-1800,107.65
SE3,20260113-1000,167.81
SE3,20260113-0800,175.51
SE3,20260113-1100,107.65
SE3,20260113-1700,109.66
SE3,20260113-1400,83.73
SE3,20260113-1900,75.36
SE3,20260113-1500,86.4
SE3,20260113-0500,88.14
SE3,20260113-0300,88.14
SE3,20260113-2300,75.36
SE3,20260113-0700,174.23
SE3,20260113-0200,88.14
SE3,20260113-2200,75.36
FR,20260113-0000,61.05
FR,20260113-1300,83.73
FR,20260113-2100,93.11
FR,20260113-0400,48.14
FR,20260113-0100,48.14
FR,20260113-1600,128.95
FR,20260113-0900,172.32
FR,20260113-0600,83.73
FR,20260113-1200,83.73
FR,20260113-2000,94.24
FR,20260113-1800,170.97
FR,20260113-1000,134.3
FR,20260113-0800,176.43
FR,20260113-1100,89.48999999999998
FR,20260113-1700,170.85
FR,20260113-1400,83.73
FR,20260113-1900,120.08
FR,20260113-1500,87.37
FR,20260113-0500,59.1
FR,20260113-0300,45.12
FR,20260113-2300,83.73
FR,20260113-0700,160.21
FR,20260113-0200,48.14
FR,20260113-2200,84.53
FI,20260113-0000,63.01
FI,20260113-1300,123.96
FI,20260113-2100,75.34
FI,20260113-0400,83.73
FI,20260113-0100,75.1
FI,20260113-1600,158.27
FI,20260113-0900,158.27
FI,20260113-0600,158.27
FI,20260113-1200,129.49
FI,20260113-2000,83.73
FI,20260113-1800,109.66
FI,20260113-1000,145.71
FI,20260113-0800,158.27
FI,20260113-1100,158.26999999999998
FI,20260113-1700,125.79
FI,20260113-1400,127.31
FI,20260113-1900,83.73
FI,20260113-1500,136.28
FI,20260113-0500,109.94
FI,20260113-0300,83.28
FI,20260113-2300,57.0
FI,20260113-0700,153.83
FI,20260113-0200,75.34
FI,20260113-2200,57.0
PL,20260113-0000,119.0
PL,20260113-1300,156.43
PL,20260113-2100,124.16
PL,20260113-0400,119.71
PL,20260113-0100,118.99
PL,20260113-1600,179.87
PL,20260113-0900,176.04
PL,20260113-0600,162.32
PL,20260113-1200,156.82
PL,20260113-2000,129.04
PL,20260113-1800,161.17
PL,20260113-1000,165.78
PL,20260113-0800,190.38
PL,20260113-1100,162.8399999999987
PL,20260113-1700,166.3
PL,20260113-1400,164.23
PL,20260113-1900,147.83
PL,20260113-1500,186.32
PL,20260113-0500,135.19
PL,20260113-0300,119.05
PL,20260113-2300,110.17
PL,20260113-0700,185.14
PL,20260113-0200,119.0
PL,20260113-2200,119.26
IT-Calabria,20260113-0000,100.48
IT-Calabria,20260113-1300,100.48
IT-Calabria,20260113-2100,100.48
IT-Calabria,20260113-0400,100.48
IT-Calabria,20260113-0100,100.48
IT-Calabria,20260113-1600,100.48
IT-Calabria,20260113-0900,79.14
IT-Calabria,20260113-0600,100.48
IT-Calabria,20260113-1200,83.16
IT-Calabria,20260113-2000,100.48
IT-Calabria,20260113-1800,100.48
IT-Calabria,20260113-1000,48.14
IT-Calabria,20260113-0800,100.48
IT-Calabria,20260113-1100,68.4
IT-Calabria,20260113-1700,100.48
IT-Calabria,20260113-1400,100.48
IT-Calabria,20260113-1900,100.48
IT-Calabria,20260113-1500,100.48
IT-Calabria,20260113-0500,100.48
IT-Calabria,20260113-0300,100.48
IT-Calabria,20260113-2300,100.48
IT-Calabria,20260113-0700,100.48
IT-Calabria,20260113-0200,100.48
IT-Calabria,20260113-2200,100.48
AT,20260113-0000,88.14
AT,20260113-1300,114.52
AT,20260113-2100,100.48
AT,20260113-0400,100.48
AT,20260113-0100,88.14
AT,20260113-1600,177.0
AT,20260113-0900,341.17
AT,20260113-0600,100.48
AT,20260113-1200,164.96
AT,20260113-2000,100.48
AT,20260113-1800,170.97
AT,20260113-1000,312.07
AT,20260113-0800,360.1
AT,20260113-1100,139.01
AT,20260113-1700,170.85
AT,20260113-1400,173.37
AT,20260113-1900,103.34
AT,20260113-1500,182.97
AT,20260113-0500,100.48
AT,20260113-0300,88.14
AT,20260113-2300,88.14
AT,20260113-0700,324.16
AT,20260113-0200,88.14
AT,20260113-2200,92.83
SE2,20260113-0000,27.12
SE2,20260113-1300,45.36
SE2,20260113-2100,27.12
SE2,20260113-0400,27.12
SE2,20260113-0100,27.12
SE2,20260113-1600,37.61
SE2,20260113-0900,48.24
SE2,20260113-0600,40.58
SE2,20260113-1200,47.76
SE2,20260113-2000,27.12
SE2,20260113-1800,27.12
SE2,20260113-1000,48.59
SE2,20260113-0800,49.54
SE2,20260113-1100,46.70999999999822
SE2,20260113-1700,29.13
SE2,20260113-1400,47.52
SE2,20260113-1900,27.12
SE2,20260113-1500,43.75
SE2,20260113-0500,30.22
SE2,20260113-0300,27.12
SE2,20260113-2300,1.0
SE2,20260113-0700,49.73
SE2,20260113-0200,27.12
SE2,20260113-2200,1.0
IT-NORTH,20260113-0000,100.48
IT-NORTH,20260113-1300,170.88
IT-NORTH,20260113-2100,100.48
IT-NORTH,20260113-0400,100.48
IT-NORTH,20260113-0100,100.48
IT-NORTH,20260113-1600,177.0
IT-NORTH,20260113-0900,341.17
IT-NORTH,20260113-0600,100.48
IT-NORTH,20260113-1200,164.96
IT-NORTH,20260113-2000,100.48
IT-NORTH,20260113-1800,170.97
IT-NORTH,20260113-1000,312.07
IT-NORTH,20260113-0800,360.1
IT-NORTH,20260113-1100,166.28999999999994
IT-NORTH,20260113-1700,170.85
IT-NORTH,20260113-1400,173.37
IT-NORTH,20260113-1900,120.08
IT-NORTH,20260113-1500,182.97
IT-NORTH,20260113-0500,100.48
IT-NORTH,20260113-0300,100.48
IT-NORTH,20260113-2300,100.48
IT-NORTH,20260113-0700,324.16
IT-NORTH,20260113-0200,100.48
IT-NORTH,20260113-2200,100.48
LT,20260113-0000,88.14
LT,20260113-1300,199.63
LT,20260113-2100,93.57
LT,20260113-0400,88.14
LT,20260113-0100,88.14
LT,20260113-1600,187.02
LT,20260113-0900,164.89
LT,20260113-0600,162.32
LT,20260113-1200,297.49
LT,20260113-2000,114.47
LT,20260113-1800,122.85
LT,20260113-1000,200.71
LT,20260113-0800,164.27
LT,20260113-1100,302.5899999999997
LT,20260113-1700,166.3
LT,20260113-1400,250.0
LT,20260113-1900,133.77
LT,20260113-1500,203.03
LT,20260113-0500,135.19
LT,20260113-0300,88.14
LT,20260113-2300,78.22
LT,20260113-0700,185.14
LT,20260113-0200,88.14
LT,20260113-2200,83.73
PT,20260113-0000,61.05
PT,20260113-1300,82.06
PT,20260113-2100,137.83
PT,20260113-0400,48.14
PT,20260113-0100,48.14
PT,20260113-1600,128.95
PT,20260113-0900,83.73
PT,20260113-0600,83.73
PT,20260113-1200,77.39
PT,20260113-2000,153.44
PT,20260113-1800,170.97
PT,20260113-1000,79.68
PT,20260113-0800,83.73
PT,20260113-1100,57.0
PT,20260113-1700,170.85
PT,20260113-1400,83.73
PT,20260113-1900,211.45
PT,20260113-1500,87.37
PT,20260113-0500,59.1
PT,20260113-0300,45.12
PT,20260113-2300,83.73
PT,20260113-0700,94.74
PT,20260113-0200,48.14
PT,20260113-2200,117.82
NO2,20260113-0000,96.74
NO2,20260113-1300,138.69
NO2,20260113-2100,88.14
NO2,20260113-0400,88.14
NO2,20260113-0100,88.14
NO2,20260113-1600,103.77
NO2,20260113-0900,154.23
NO2,20260113-0600,101.44
NO2,20260113-1200,106.03
NO2,20260113-2000,88.14
NO2,20260113-1800,88.14
NO2,20260113-1000,148.58
NO2,20260113-0800,109.66
NO2,20260113-1100,144.01
NO2,20260113-1700,104.73
NO2,20260113-1400,137.52
NO2,20260113-1900,88.14
NO2,20260113-1500,144.55
NO2,20260113-0500,88.14
NO2,20260113-0300,88.14
NO2,20260113-2300,84.53
NO2,20260113-0700,107.65
NO2,20260113-0200,88.14
NO2,20260113-2200,84.53
LV,20260113-0000,75.34
LV,20260113-1300,160.58
LV,20260113-2100,93.57
LV,20260113-0400,83.73
LV,20260113-0100,75.34
LV,20260113-1600,187.02
LV,20260113-0900,161.76
LV,20260113-0600,158.27
LV,20260113-1200,129.6
LV,20260113-2000,114.47
LV,20260113-1800,122.85
LV,20260113-1000,145.71
LV,20260113-0800,164.27
LV,20260113-1100,158.26999999999998
LV,20260113-1700,166.3
LV,20260113-1400,172.44
LV,20260113-1900,124.06
LV,20260113-1500,203.03
LV,20260113-0500,109.94
LV,20260113-0300,83.28
LV,20260113-2300,78.22
LV,20260113-0700,153.83
LV,20260113-0200,75.34
LV,20260113-2200,83.73
NL,20260113-0000,83.73
NL,20260113-1300,105.61
NL,20260113-2100,83.73
NL,20260113-0400,83.73
NL,20260113-0100,83.73
NL,20260113-1600,103.77
NL,20260113-0900,109.66
NL,20260113-0600,101.44
NL,20260113-1200,106.03
NL,20260113-2000,83.73
NL,20260113-1800,88.14
NL,20260113-1000,107.65
NL,20260113-0800,109.66
NL,20260113-1100,107.65
NL,20260113-1700,104.73
NL,20260113-1400,100.75
NL,20260113-1900,83.73
NL,20260113-1500,100.94
NL,20260113-0500,83.73
NL,20260113-0300,83.73
NL,20260113-2300,83.73
NL,20260113-0700,107.65
NL,20260113-0200,83.73
NL,20260113-2200,83.73
NO5,20260113-0000,83.97
NO5,20260113-1300,88.14
NO5,20260113-2100,79.38
NO5,20260113-0400,86.12
NO5,20260113-0100,84.51
NO5,20260113-1600,88.14
NO5,20260113-0900,88.14
NO5,20260113-0600,88.14
NO5,20260113-1200,88.14
NO5,20260113-2000,86.12
NO5,20260113-1800,88.14
NO5,20260113-1000,88.14
NO5,20260113-0800,88.14
NO5,20260113-1100,88.13999999999943
NO5,20260113-1700,88.14
NO5,20260113-1400,88.14
NO5,20260113-1900,88.14
NO5,20260113-1500,88.14
NO5,20260113-0500,88.14
NO5,20260113-0300,86.12
NO5,20260113-2300,75.36
NO5,20260113-0700,88.14
NO5,20260113-0200,85.7
NO5,20260113-2200,75.36
BE,20260113-0000,83.97
BE,20260113-1300,88.14
BE,20260113-2100,83.73
BE,20260113-0400,86.12
BE,20260113-0100,84.51
BE,20260113-1600,88.14
BE,20260113-0900,134.78
BE,20260113-0600,109.66
BE,20260113-1200,88.14
BE,20260113-2000,86.12
BE,20260113-1800,88.14
BE,20260113-1000,130.14
BE,20260113-0800,157.03
BE,20260113-1100,115.96999999999981
BE,20260113-1700,102.08
BE,20260113-1400,88.14
BE,20260113-1900,88.14
BE,20260113-1500,88.14
BE,20260113-0500,88.14
BE,20260113-0300,86.12
BE,20260113-2300,83.73
BE,20260113-0700,142.89
BE,20260113-0200,85.7
BE,20260113-2200,83.73
RO,20260113-0000,124.45
RO,20260113-1300,268.85
RO,20260113-2100,219.77
RO,20260113-0400,124.45
RO,20260113-0100,124.45
RO,20260113-1600,568.59
RO,20260113-0900,403.02
RO,20260113-0600,306.88
RO,20260113-1200,292.04
RO,20260113-2000,307.16
RO,20260113-1800,368.34
RO,20260113-1000,364.4
RO,20260113-0800,394.36
RO,20260113-1100,320.72999999999996
RO,20260113-1700,455.41
RO,20260113-1400,342.01
RO,20260113-1900,326.27
RO,20260113-1500,545.11
RO,20260113-0500,235.11
RO,20260113-0300,124.45
RO,20260113-2300,130.54
RO,20260113-0700,324.16
RO,20260113-0200,124.45
RO,20260113-2200,146.07
DK2,20260113-0000,102.86
DK2,20260113-1300,250.0
DK2,20260113-2100,93.11
DK2,20260113-0400,107.65
DK2,20260113-0100,104.07
DK2,20260113-1600,3000.0
DK2,20260113-0900,221.77
DK2,20260113-0600,158.27
DK2,20260113-1200,250.0
DK2,20260113-2000,109.25
DK2,20260113-1800,158.27
DK2,20260113-1000,267.34
DK2,20260113-0800,274.27
DK2,20260113-1100,161.089999999999
DK2,20260113-1700,3000.0
DK2,20260113-1400,310.91
DK2,20260113-1900,116.06
DK2,20260113-1500,3000.0
DK2,20260113-0500,124.45
DK2,20260113-0300,107.65
DK2,20260113-2300,83.73
DK2,20260113-0700,189.5
DK2,20260113-0200,106.71
DK2,20260113-2200,84.53
BG,20260113-0000,124.45
BG,20260113-1300,268.85
BG,20260113-2100,219.77
BG,20260113-0400,124.45
BG,20260113-0100,124.45
BG,20260113-1600,568.59
BG,20260113-0900,403.02
BG,20260113-0600,306.88
BG,20260113-1200,292.04
BG,20260113-2000,307.16
BG,20260113-1800,368.34
BG,20260113-1000,364.4
BG,20260113-0800,394.36
BG,20260113-1100,320.72999999999996
BG,20260113-1700,455.41
BG,20260113-1400,342.01
BG,20260113-1900,326.27
BG,20260113-1500,545.11
BG,20260113-0500,235.11
BG,20260113-0300,124.45
BG,20260113-2300,130.54
BG,20260113-0700,324.16
BG,20260113-0200,124.45
BG,20260113-2200,146.07
IT-CSOUTH,20260113-0000,100.48
IT-CSOUTH,20260113-1300,100.48
IT-CSOUTH,20260113-2100,100.48
IT-CSOUTH,20260113-0400,100.48
IT-CSOUTH,20260113-0100,100.48
IT-CSOUTH,20260113-1600,100.48
IT-CSOUTH,20260113-0900,100.48
IT-CSOUTH,20260113-0600,100.48
IT-CSOUTH,20260113-1200,100.48
IT-CSOUTH,20260113-2000,100.48
IT-CSOUTH,20260113-1800,100.48
IT-CSOUTH,20260113-1000,100.48
IT-CSOUTH,20260113-0800,100.48
IT-CSOUTH,20260113-1100,100.48000000000002
IT-CSOUTH,20260113-1700,100.48
IT-CSOUTH,20260113-1400,100.48
IT-CSOUTH,20260113-1900,100.48
IT-CSOUTH,20260113-1500,100.48
IT-CSOUTH,20260113-0500,100.48
IT-CSOUTH,20260113-0300,100.48
IT-CSOUTH,20260113-2300,100.48
IT-CSOUTH,20260113-0700,100.48
IT-CSOUTH,20260113-0200,100.48
IT-CSOUTH,20260113-2200,100.48
CZ,20260113-0000,124.45
CZ,20260113-1300,154.24
CZ,20260113-2100,124.45
CZ,20260113-0400,124.45
CZ,20260113-0100,119.08
CZ,20260113-1600,174.23
CZ,20260113-0900,176.12
CZ,20260113-0600,154.79
CZ,20260113-1200,156.86
CZ,20260113-2000,124.45
CZ,20260113-1800,129.55
CZ,20260113-1000,167.81
CZ,20260113-0800,175.51
CZ,20260113-1100,161.08999999999534
CZ,20260113-1700,152.07
CZ,20260113-1400,162.8
CZ,20260113-1900,124.45
CZ,20260113-1500,173.13
CZ,20260113-0500,124.45
CZ,20260113-0300,119.12
CZ,20260113-2300,110.17
CZ,20260113-0700,174.23
CZ,20260113-0200,119.0
CZ,20260113-2200,119.26
NO3,20260113-0000,83.97
NO3,20260113-1300,88.14
NO3,20260113-2100,79.38
NO3,20260113-0400,86.12
NO3,20260113-0100,84.51
NO3,20260113-1600,88.14
NO3,20260113-0900,88.14
NO3,20260113-0600,88.14
NO3,20260113-1200,88.14
NO3,20260113-2000,86.12
NO3,20260113-1800,88.14
NO3,20260113-1000,88.14
NO3,20260113-0800,88.14
NO3,20260113-1100,88.13999999999999
NO3,20260113-1700,88.14
NO3,20260113-1400,88.14
NO3,20260113-1900,88.14
NO3,20260113-1500,88.14
NO3,20260113-0500,88.14
NO3,20260113-0300,86.12
NO3,20260113-2300,75.36
NO3,20260113-0700,88.14
NO3,20260113-0200,85.7
NO3,20260113-2200,75.36
NO1,20260113-0000,83.97
NO1,20260113-1300,88.14
NO1,20260113-2100,79.38
NO1,20260113-0400,86.12
NO1,20260113-0100,84.51
NO1,20260113-1600,88.14
NO1,20260113-0900,88.14
NO1,20260113-0600,88.14
NO1,20260113-1200,88.14
NO1,20260113-2000,86.12
NO1,20260113-1800,88.14
NO1,20260113-1000,88.14
NO1,20260113-0800,88.14
NO1,20260113-1100,88.13999999999827
NO1,20260113-1700,88.14
NO1,20260113-1400,88.14
NO1,20260113-1900,88.14
NO1,20260113-1500,88.14
NO1,20260113-0500,88.14
NO1,20260113-0300,86.12
NO1,20260113-2300,75.36
NO1,20260113-0700,88.14
NO1,20260113-0200,85.7
NO1,20260113-2200,75.36
DE_LU,20260113-0000,102.86
DE_LU,20260113-1300,154.24
DE_LU,20260113-2100,93.11
DE_LU,20260113-0400,107.65
DE_LU,20260113-0100,104.07
DE_LU,20260113-1600,174.23
DE_LU,20260113-0900,176.12
DE_LU,20260113-0600,146.99
DE_LU,20260113-1200,156.86
DE_LU,20260113-2000,107.65
DE_LU,20260113-1800,124.45
DE_LU,20260113-1000,167.81
DE_LU,20260113-0800,175.51
DE_LU,20260113-1100,161.089999999999
DE_LU,20260113-1700,152.07
DE_LU,20260113-1400,162.8
DE_LU,20260113-1900,116.06
DE_LU,20260113-1500,173.13
DE_LU,20260113-0500,124.45
DE_LU,20260113-0300,107.65
DE_LU,20260113-2300,83.73
DE_LU,20260113-0700,174.23
DE_LU,20260113-0200,106.71
DE_LU,20260113-2200,84.53
SK,20260113-0000,88.14
SK,20260113-1300,129.93
SK,20260113-2100,88.2
SK,20260113-0400,95.69
SK,20260113-0100,88.14
SK,20260113-1600,129.16
SK,20260113-0900,141.88
SK,20260113-0600,115.36
SK,20260113-1200,131.44
SK,20260113-2000,95.69
SK,20260113-1800,104.09
SK,20260113-1000,137.73
SK,20260113-0800,141.58
SK,20260113-1100,134.3699999999989
SK,20260113-1700,118.47
SK,20260113-1400,123.27
SK,20260113-1900,99.9
SK,20260113-1500,128.43
SK,20260113-0500,104.09
SK,20260113-0300,92.75
SK,20260113-2300,83.73
SK,20260113-0700,140.94
SK,20260113-0200,88.14
SK,20260113-2200,83.73
EE,20260113-0000,75.34
EE,20260113-1300,160.58
EE,20260113-2100,93.57
EE,20260113-0400,83.73
EE,20260113-0100,75.34
EE,20260113-1600,187.02
EE,20260113-0900,161.76
EE,20260113-0600,158.27
EE,20260113-1200,129.6
EE,20260113-2000,114.47
EE,20260113-1800,122.85
EE,20260113-1000,145.71
EE,20260113-0800,164.27
EE,20260113-1100,158.26999999999998
EE,20260113-1700,166.3
EE,20260113-1400,172.44
EE,20260113-1900,124.06
EE,20260113-1500,203.03
EE,20260113-0500,109.94
EE,20260113-0300,83.28
EE,20260113-2300,78.22
EE,20260113-0700,153.83
EE,20260113-0200,75.34
EE,20260113-2200,83.73
SE4,20260113-0000,88.14
SE4,20260113-1300,88.14
SE4,20260113-2100,88.14
SE4,20260113-0400,88.14
SE4,20260113-0100,88.14
SE4,20260113-1600,88.14
SE4,20260113-0900,158.27
SE4,20260113-0600,88.14
SE4,20260113-1200,88.14
SE4,20260113-2000,88.14
SE4,20260113-1800,88.14
SE4,20260113-1000,121.2
SE4,20260113-0800,121.2
SE4,20260113-1100,109.65999999999894
SE4,20260113-1700,88.14
SE4,20260113-1400,88.14
SE4,20260113-1900,88.14
SE4,20260113-1500,88.14
SE4,20260113-0500,88.14
SE4,20260113-0300,88.14
SE4,20260113-2300,78.22
SE4,20260113-0700,109.66
SE4,20260113-0200,88.14
SE4,20260113-2200,83.04
SI,20260128-1300,103.04
SI,20260128-0700,206.12
SI,20260128-0900,135.6
SI,20260128-2000,122.56
SI,20260128-2100,110.58
SI,20260128-2300,101.47
SI,20260128-0200,102.19
SI,20260128-0400,117.46
SI,20260128-1100,103.04
SI,20260128-1900,122.56
SI,20260128-0500,122.56
SI,20260128-1700,186.6
SI,20260128-2200,109.98
SI,20260128-1600,246.62
SI,20260128-1200,122.56
SI,20260128-1000,122.56
SI,20260128-1400,147.88
SI,20260128-0600,162.28
SI,20260128-0800,195.24
SI,20260128-1800,171.94
SI,20260128-1500,207.45
SI,20260128-0100,98.27
SI,20260128-0000,102.19
SI,20260128-0300,102.2
ES,20260128-1300,5.15
ES,20260128-0700,187.2
ES,20260128-0900,97.88
ES,20260128-2000,139.97
ES,20260128-2100,97.88
ES,20260128-2300,63.04
ES,20260128-0200,9.5
ES,20260128-0400,57.0
ES,20260128-1100,57.0
ES,20260128-1900,172.86
ES,20260128-0500,89.54
ES,20260128-1700,97.88
ES,20260128-2200,97.88
ES,20260128-1600,97.88
ES,20260128-1200,9.5
ES,20260128-1000,64.82
ES,20260128-1400,9.5
ES,20260128-0600,97.88
ES,20260128-0800,132.28
ES,20260128-1800,164.89
ES,20260128-1500,23.75
ES,20260128-0100,9.5
ES,20260128-0000,10.5
ES,20260128-0300,9.5
GR,20260128-1300,63.04
GR,20260128-0700,97.88
GR,20260128-0900,63.04
GR,20260128-2000,97.88
GR,20260128-2100,97.88
GR,20260128-2300,97.88
GR,20260128-0200,97.88
GR,20260128-0400,97.88
GR,20260128-1100,5.15
GR,20260128-1900,97.88
GR,20260128-0500,117.46
GR,20260128-1700,117.46
GR,20260128-2200,97.88
GR,20260128-1600,117.46
GR,20260128-1200,5.15
GR,20260128-1000,5.15
GR,20260128-1400,97.88
GR,20260128-0600,117.46
GR,20260128-0800,97.88
GR,20260128-1800,117.46
GR,20260128-1500,117.46
GR,20260128-0100,97.88
GR,20260128-0000,97.88
GR,20260128-0300,97.88
IT-CNORTH,20260128-1300,277.73
IT-CNORTH,20260128-0700,419.02
IT-CNORTH,20260128-0900,381.52
IT-CNORTH,20260128-2000,139.97
IT-CNORTH,20260128-2100,117.46
IT-CNORTH,20260128-2300,117.46
IT-CNORTH,20260128-0200,117.46
IT-CNORTH,20260128-0400,117.46
IT-CNORTH,20260128-1100,267.45
IT-CNORTH,20260128-1900,197.58
IT-CNORTH,20260128-0500,122.56
IT-CNORTH,20260128-1700,210.29
IT-CNORTH,20260128-2200,117.46
IT-CNORTH,20260128-1600,246.62
IT-CNORTH,20260128-1200,261.87
IT-CNORTH,20260128-1000,334.82
IT-CNORTH,20260128-1400,293.21
IT-CNORTH,20260128-0600,162.28
IT-CNORTH,20260128-0800,426.65
IT-CNORTH,20260128-1800,227.84
IT-CNORTH,20260128-1500,278.18
IT-CNORTH,20260128-0100,117.46
IT-CNORTH,20260128-0000,117.46
IT-CNORTH,20260128-0300,117.46
HU,20260128-1300,122.56
HU,20260128-0700,206.12
HU,20260128-0900,135.6
HU,20260128-2000,122.56
HU,20260128-2100,122.56
HU,20260128-2300,101.47
HU,20260128-0200,108.19
HU,20260128-0400,117.46
HU,20260128-1100,122.56
HU,20260128-1900,159.76
HU,20260128-0500,154.59
HU,20260128-1700,186.6
HU,20260128-2200,109.98
HU,20260128-1600,246.62
HU,20260128-1200,122.56
HU,20260128-1000,122.56
HU,20260128-1400,147.88
HU,20260128-0600,162.28
HU,20260128-0800,195.24
HU,20260128-1800,171.94
HU,20260128-1500,207.45
HU,20260128-0100,98.27
HU,20260128-0000,108.19
HU,20260128-0300,108.22
IT-SOUTH,20260128-1300,63.04
IT-SOUTH,20260128-0700,117.46
IT-SOUTH,20260128-0900,63.04
IT-SOUTH,20260128-2000,117.46
IT-SOUTH,20260128-2100,117.46
IT-SOUTH,20260128-2300,117.46
IT-SOUTH,20260128-0200,117.46
IT-SOUTH,20260128-0400,117.46
IT-SOUTH,20260128-1100,5.15
IT-SOUTH,20260128-1900,117.46
IT-SOUTH,20260128-0500,117.46
IT-SOUTH,20260128-1700,117.46
IT-SOUTH,20260128-2200,117.46
IT-SOUTH,20260128-1600,117.46
IT-SOUTH,20260128-1200,5.15
IT-SOUTH,20260128-1000,5.15
IT-SOUTH,20260128-1400,97.88
IT-SOUTH,20260128-0600,117.46
IT-SOUTH,20260128-0800,117.46
IT-SOUTH,20260128-1800,117.46
IT-SOUTH,20260128-1500,117.46
IT-SOUTH,20260128-0100,117.46
IT-SOUTH,20260128-0000,117.46
IT-SOUTH,20260128-0300,117.46
IT-Sicily,20260128-1300,63.04
IT-Sicily,20260128-0700,117.46
IT-Sicily,20260128-0900,63.04
IT-Sicily,20260128-2000,117.46
IT-Sicily,20260128-2100,117.46
IT-Sicily,20260128-2300,117.46
IT-Sicily,20260128-0200,117.46
IT-Sicily,20260128-0400,117.46
IT-Sicily,20260128-1100,5.15
IT-Sicily,20260128-1900,117.46
IT-Sicily,20260128-0500,117.46
IT-Sicily,20260128-1700,117.46
IT-Sicily,20260128-2200,117.46
IT-Sicily,20260128-1600,117.46
IT-Sicily,20260128-1200,5.15
IT-Sicily,20260128-1000,5.15
IT-Sicily,20260128-1400,97.88
IT-Sicily,20260128-0600,117.46
IT-Sicily,20260128-0800,117.46
IT-Sicily,20260128-1800,117.46
IT-Sicily,20260128-1500,117.46
IT-Sicily,20260128-0100,117.46
IT-Sicily,20260128-0000,117.46
IT-Sicily,20260128-0300,117.46
IT-Sardinia,20260128-1300,117.46
IT-Sardinia,20260128-0700,117.46
IT-Sardinia,20260128-0900,94.5
IT-Sardinia,20260128-2000,130.93
IT-Sardinia,20260128-2100,127.55
IT-Sardinia,20260128-2300,117.46
IT-Sardinia,20260128-0200,117.46
IT-Sardinia,20260128-0400,117.46
IT-Sardinia,20260128-1100,94.5
IT-Sardinia,20260128-1900,130.93
IT-Sardinia,20260128-0500,117.46
IT-Sardinia,20260128-1700,117.46
IT-Sardinia,20260128-2200,117.46
IT-Sardinia,20260128-1600,117.46
IT-Sardinia,20260128-1200,117.46
IT-Sardinia,20260128-1000,94.5
IT-Sardinia,20260128-1400,117.46
IT-Sardinia,20260128-0600,117.46
IT-Sardinia,20260128-0800,117.46
IT-Sardinia,20260128-1800,117.46
IT-Sardinia,20260128-1500,117.46
IT-Sardinia,20260128-0100,117.46
IT-Sardinia,20260128-0000,117.46
IT-Sardinia,20260128-0300,117.46
RS,20260128-1300,122.56
RS,20260128-0700,206.12
RS,20260128-0900,135.6
RS,20260128-2000,122.56
RS,20260128-2100,122.56
RS,20260128-2300,115.47
RS,20260128-0200,122.56
RS,20260128-0400,122.56
RS,20260128-1100,122.56
RS,20260128-1900,159.76
RS,20260128-0500,154.59
RS,20260128-1700,186.6
RS,20260128-2200,122.56
RS,20260128-1600,246.62
RS,20260128-1200,122.56
RS,20260128-1000,122.56
RS,20260128-1400,147.88
RS,20260128-0600,162.28
RS,20260128-0800,195.24
RS,20260128-1800,171.94
RS,20260128-1500,207.45
RS,20260128-0100,122.56
RS,20260128-0000,122.56
RS,20260128-0300,122.56
DK1,20260128-1300,106.29
DK1,20260128-0700,109.11
DK1,20260128-0900,109.11
DK1,20260128-2000,115.79
DK1,20260128-2100,108.67
DK1,20260128-2300,101.66
DK1,20260128-0200,63.0
DK1,20260128-0400,75.0
DK1,20260128-1100,109.11
DK1,20260128-1900,122.56
DK1,20260128-0500,106.29
DK1,20260128-1700,132.98
DK1,20260128-2200,106.29
DK1,20260128-1600,109.11
DK1,20260128-1200,106.29
DK1,20260128-1000,109.11
DK1,20260128-1400,109.11
DK1,20260128-0600,109.11
DK1,20260128-0800,109.11
DK1,20260128-1800,122.56
DK1,20260128-1500,109.11
DK1,20260128-0100,75.0
DK1,20260128-0000,63.0
DK1,20260128-0300,63.0
CH,20260128-1300,161.48
CH,20260128-0700,419.02
CH,20260128-0900,250.0
CH,20260128-2000,139.97
CH,20260128-2100,117.46
CH,20260128-2300,103.04
CH,20260128-0200,105.97
CH,20260128-0400,106.29
CH,20260128-1100,159.19
CH,20260128-1900,197.58
CH,20260128-0500,122.56
CH,20260128-1700,210.29
CH,20260128-2200,109.49
CH,20260128-1600,201.62
CH,20260128-1200,180.09
CH,20260128-1000,183.81
CH,20260128-1400,179.06
CH,20260128-0600,162.28
CH,20260128-0800,276.35
CH,20260128-1800,227.84
CH,20260128-1500,181.62
CH,20260128-0100,106.23
CH,20260128-0000,106.29
CH,20260128-0300,106.29
SE1,20260128-1300,62.6
SE1,20260128-0700,69.91
SE1,20260128-0900,65.26
SE1,20260128-2000,39.56
SE1,20260128-2100,40.78
SE1,20260128-2300,50.25
SE1,20260128-0200,42.38
SE1,20260128-0400,47.61
SE1,20260128-1100,63.12
SE1,20260128-1900,56.66
SE1,20260128-0500,60.05
SE1,20260128-1700,42.8
SE1,20260128-2200,44.24
SE1,20260128-1600,57.32
SE1,20260128-1200,59.93
SE1,20260128-1000,63.6
SE1,20260128-1400,63.61
SE1,20260128-0600,61.82
SE1,20260128-0800,68.07
SE1,20260128-1800,39.84
SE1,20260128-1500,49.96
SE1,20260128-0100,38.13
SE1,20260128-0000,39.52
SE1,20260128-0300,44.13
NO4,20260128-1300,37.17
NO4,20260128-0700,37.37
NO4,20260128-0900,36.72
NO4,20260128-2000,35.93
NO4,20260128-2100,34.44
NO4,20260128-2300,29.77
NO4,20260128-0200,21.64
NO4,20260128-0400,23.23
NO4,20260128-1100,36.15
NO4,20260128-1900,37.54
NO4,20260128-0500,27.76
NO4,20260128-1700,37.99
NO4,20260128-2200,30.29
NO4,20260128-1600,38.03
NO4,20260128-1200,36.75
NO4,20260128-1000,35.99
NO4,20260128-1400,39.17
NO4,20260128-0600,34.3
NO4,20260128-0800,36.81
NO4,20260128-1800,38.76
NO4,20260128-1500,39.67
NO4,20260128-0100,21.64
NO4,20260128-0000,22.23
NO4,20260128-0300,22.23
SE3,20260128-1300,106.29
SE3,20260128-0700,109.11
SE3,20260128-0900,109.11
SE3,20260128-2000,115.79
SE3,20260128-2100,108.67
SE3,20260128-2300,97.88
SE3,20260128-0200,56.7
SE3,20260128-0400,67.5
SE3,20260128-1100,109.11
SE3,20260128-1900,122.56
SE3,20260128-0500,88.09
SE3,20260128-1700,132.98
SE3,20260128-2200,106.29
SE3,20260128-1600,109.11
SE3,20260128-1200,106.29
SE3,20260128-1000,109.11
SE3,20260128-1400,106.29
SE3,20260128-0600,106.29
SE3,20260128-0800,109.11
SE3,20260128-1800,122.56
SE3,20260128-1500,109.11
SE3,20260128-0100,67.5
SE3,20260128-0000,56.7
SE3,20260128-0300,56.7
FR,20260128-1300,161.48
FR,20260128-0700,314.8
FR,20260128-0900,250.0
FR,20260128-2000,139.97
FR,20260128-2100,117.46
FR,20260128-2300,101.66
FR,20260128-0200,63.04
FR,20260128-0400,67.62
FR,20260128-1100,159.19
FR,20260128-1900,197.58
FR,20260128-0500,97.88
FR,20260128-1700,210.29
FR,20260128-2200,109.49
FR,20260128-1600,197.9
FR,20260128-1200,180.09
FR,20260128-1000,183.81
FR,20260128-1400,179.06
FR,20260128-0600,145.37
FR,20260128-0800,276.35
FR,20260128-1800,227.84
FR,20260128-1500,181.62
FR,20260128-0100,75.58
FR,20260128-0000,97.88
FR,20260128-0300,57.96
FI,20260128-1300,147.18
FI,20260128-0700,175.14
FI,20260128-0900,157.14
FI,20260128-2000,109.11
FI,20260128-2100,99.3
FI,20260128-2300,87.35
FI,20260128-0200,83.3
FI,20260128-0400,109.11
FI,20260128-1100,147.85
FI,20260128-1900,110.33
FI,20260128-0500,124.82
FI,20260128-1700,157.14
FI,20260128-2200,97.88
FI,20260128-1600,157.14
FI,20260128-1200,147.79
FI,20260128-1000,143.94
FI,20260128-1400,157.14
FI,20260128-0600,161.48
FI,20260128-0800,168.01
FI,20260128-1800,156.28
FI,20260128-1500,173.1
FI,20260128-0100,76.69
FI,20260128-0000,76.65
FI,20260128-0300,97.88
PL,20260128-1300,147.18
PL,20260128-0700,187.97
PL,20260128-0900,150.02
PL,20260128-2000,122.56
PL,20260128-2100,118.14
PL,20260128-2300,106.29
PL,20260128-0200,108.2
PL,20260128-0400,118.19
PL,20260128-1100,125.63
PL,20260128-1900,122.56
PL,20260128-0500,124.82
PL,20260128-1700,157.14
PL,20260128-2200,108.52
PL,20260128-1600,175.21
PL,20260128-1200,141.89
PL,20260128-1000,127.5
PL,20260128-1400,152.71
PL,20260128-0600,171.5
PL,20260128-0800,174.16
PL,20260128-1800,156.28
PL,20260128-1500,175.07
PL,20260128-0100,108.84
PL,20260128-0000,113.29
PL,20260128-0300,112.68
IT-Calabria,20260128-1300,63.04
IT-Calabria,20260128-0700,117.46
IT-Calabria,20260128-0900,63.04
IT-Calabria,20260128-2000,117.46
IT-Calabria,20260128-2100,117.46
IT-Calabria,20260128-2300,117.46
IT-Calabria,20260128-0200,117.46
IT-Calabria,20260128-0400,117.46
IT-Calabria,20260128-1100,5.15
IT-Calabria,20260128-1900,117.46
IT-Calabria,20260128-0500,117.46
IT-Calabria,20260128-1700,117.46
IT-Calabria,20260128-2200,117.46
IT-Calabria,20260128-1600,117.46
IT-Calabria,20260128-1200,5.15
IT-Calabria,20260128-1000,5.15
IT-Calabria,20260128-1400,97.88
IT-Calabria,20260128-0600,117.46
IT-Calabria,20260128-0800,117.46
IT-Calabria,20260128-1800,117.46
IT-Calabria,20260128-1500,117.46
IT-Calabria,20260128-0100,117.46
IT-Calabria,20260128-0000,117.46
IT-Calabria,20260128-0300,117.46
AT,20260128-1300,135.91
AT,20260128-0700,419.02
AT,20260128-0900,213.71
AT,20260128-2000,103.04
AT,20260128-2100,103.04
AT,20260128-2300,103.04
AT,20260128-0200,103.04
AT,20260128-0400,103.04
AT,20260128-1100,113.04
AT,20260128-1900,188.54
AT,20260128-0500,122.56
AT,20260128-1700,210.29
AT,20260128-2200,103.04
AT,20260128-1600,201.62
AT,20260128-1200,136.32
AT,20260128-1000,138.76
AT,20260128-1400,169.93
AT,20260128-0600,162.28
AT,20260128-0800,223.8
AT,20260128-1800,213.26
AT,20260128-1500,171.61
AT,20260128-0100,103.04
AT,20260128-0000,103.04
AT,20260128-0300,103.04
SE2,20260128-1300,52.6
SE2,20260128-0700,63.85
SE2,20260128-0900,59.75
SE2,20260128-2000,39.56
SE2,20260128-2100,40.78
SE2,20260128-2300,35.62
SE2,20260128-0200,62.17
SE2,20260128-0400,62.84
SE2,20260128-1100,57.3
SE2,20260128-1900,39.87
SE2,20260128-0500,65.31
SE2,20260128-1700,42.8
SE2,20260128-2200,44.24
SE2,20260128-1600,46.47
SE2,20260128-1200,54.96
SE2,20260128-1000,58.87
SE2,20260128-1400,49.09
SE2,20260128-0600,64.52
SE2,20260128-0800,59.3
SE2,20260128-1800,39.84
SE2,20260128-1500,49.96
SE2,20260128-0100,62.44
SE2,20260128-0000,39.52
SE2,20260128-0300,61.58
IT-NORTH,20260128-1300,277.73
IT-NORTH,20260128-0700,419.02
IT-NORTH,20260128-0900,381.52
IT-NORTH,20260128-2000,139.97
IT-NORTH,20260128-2100,117.46
IT-NORTH,20260128-2300,117.46
IT-NORTH,20260128-0200,117.46
IT-NORTH,20260128-0400,117.46
IT-NORTH,20260128-1100,267.45
IT-NORTH,20260128-1900,197.58
IT-NORTH,20260128-0500,122.56
IT-NORTH,20260128-1700,210.29
IT-NORTH,20260128-2200,117.46
IT-NORTH,20260128-1600,246.62
IT-NORTH,20260128-1200,261.87
IT-NORTH,20260128-1000,334.82
IT-NORTH,20260128-1400,293.21
IT-NORTH,20260128-0600,162.28
IT-NORTH,20260128-0800,426.65
IT-NORTH,20260128-1800,227.84
IT-NORTH,20260128-1500,278.18
IT-NORTH,20260128-0100,117.46
IT-NORTH,20260128-0000,117.46
IT-NORTH,20260128-0300,117.46
LT,20260128-1300,147.18
LT,20260128-0700,175.14
LT,20260128-0900,157.14
LT,20260128-2000,108.2
LT,20260128-2100,99.3
LT,20260128-2300,87.35
LT,20260128-0200,83.3
LT,20260128-0400,109.11
LT,20260128-1100,147.85
LT,20260128-1900,110.33
LT,20260128-0500,124.82
LT,20260128-1700,157.14
LT,20260128-2200,97.88
LT,20260128-1600,157.14
LT,20260128-1200,147.79
LT,20260128-1000,143.94
LT,20260128-1400,157.14
LT,20260128-0600,161.48
LT,20260128-0800,168.01
LT,20260128-1800,156.28
LT,20260128-1500,173.1
LT,20260128-0100,76.69
LT,20260128-0000,76.65
LT,20260128-0300,97.88
PT,20260128-1300,5.15
PT,20260128-0700,116.32
PT,20260128-0900,97.88
PT,20260128-2000,139.97
PT,20260128-2100,97.88
PT,20260128-2300,63.04
PT,20260128-0200,9.5
PT,20260128-0400,57.0
PT,20260128-1100,57.0
PT,20260128-1900,172.86
PT,20260128-0500,89.54
PT,20260128-1700,97.88
PT,20260128-2200,97.88
PT,20260128-1600,97.88
PT,20260128-1200,9.5
PT,20260128-1000,64.82
PT,20260128-1400,9.5
PT,20260128-0600,97.88
PT,20260128-0800,132.28
PT,20260128-1800,164.89
PT,20260128-1500,23.75
PT,20260128-0100,9.5
PT,20260128-0000,10.5
PT,20260128-0300,9.5
NO2,20260128-1300,117.2
NO2,20260128-0700,155.44
NO2,20260128-0900,135.56
NO2,20260128-2000,103.04
NO2,20260128-2100,103.04
NO2,20260128-2300,101.66
NO2,20260128-0200,103.04
NO2,20260128-0400,103.04
NO2,20260128-1100,118.13
NO2,20260128-1900,109.11
NO2,20260128-0500,106.29
NO2,20260128-1700,125.11
NO2,20260128-2200,103.04
NO2,20260128-1600,118.13
NO2,20260128-1200,117.2
NO2,20260128-1000,129.28
NO2,20260128-1400,117.2
NO2,20260128-0600,109.11
NO2,20260128-0800,141.28
NO2,20260128-1800,118.13
NO2,20260128-1500,118.13
NO2,20260128-0100,103.04
NO2,20260128-0000,103.04
NO2,20260128-0300,103.04
LV,20260128-1300,147.18
LV,20260128-0700,175.14
LV,20260128-0900,157.14
LV,20260128-2000,108.2
LV,20260128-2100,99.3
LV,20260128-2300,87.35
LV,20260128-0200,83.3
LV,20260128-0400,109.11
LV,20260128-1100,147.85
LV,20260128-1900,110.33
LV,20260128-0500,124.82
LV,20260128-1700,157.14
LV,20260128-2200,97.88
LV,20260128-1600,157.14
LV,20260128-1200,147.79
LV,20260128-1000,143.94
LV,20260128-1400,157.14
LV,20260128-0600,161.48
LV,20260128-0800,168.01
LV,20260128-1800,156.28
LV,20260128-1500,173.1
LV,20260128-0100,76.69
LV,20260128-0000,76.65
LV,20260128-0300,97.88
NL,20260128-1300,106.29
NL,20260128-0700,109.11
NL,20260128-0900,109.11
NL,20260128-2000,109.11
NL,20260128-2100,106.29
NL,20260128-2300,101.66
NL,20260128-0200,97.88
NL,20260128-0400,97.88
NL,20260128-1100,109.11
NL,20260128-1900,109.11
NL,20260128-0500,106.29
NL,20260128-1700,109.11
NL,20260128-2200,106.29
NL,20260128-1600,109.11
NL,20260128-1200,106.29
NL,20260128-1000,109.11
NL,20260128-1400,109.11
NL,20260128-0600,109.11
NL,20260128-0800,109.11
NL,20260128-1800,109.11
NL,20260128-1500,109.11
NL,20260128-0100,97.88
NL,20260128-0000,97.88
NL,20260128-0300,97.88
NO5,20260128-1300,102.98
NO5,20260128-0700,103.04
NO5,20260128-0900,103.04
NO5,20260128-2000,101.2
NO5,20260128-2100,96.73
NO5,20260128-2300,88.09
NO5,20260128-0200,91.73
NO5,20260128-0400,91.88
NO5,20260128-1100,103.04
NO5,20260128-1900,103.04
NO5,20260128-0500,99.2
NO5,20260128-1700,103.04
NO5,20260128-2200,95.66
NO5,20260128-1600,103.04
NO5,20260128-1200,102.98
NO5,20260128-1000,103.04
NO5,20260128-1400,102.98
NO5,20260128-0600,103.04
NO5,20260128-0800,103.04
NO5,20260128-1800,103.04
NO5,20260128-1500,103.04
NO5,20260128-0100,91.85
NO5,20260128-0000,91.88
NO5,20260128-0300,91.88
BE,20260128-1300,158.74
BE,20260128-0700,176.75
BE,20260128-0900,166.44
BE,20260128-2000,125.8
BE,20260128-2100,127.05
BE,20260128-2300,100.1
BE,20260128-0200,101.92
BE,20260128-0400,103.04
BE,20260128-1100,166.08
BE,20260128-1900,173.68
BE,20260128-0500,120.65
BE,20260128-1700,3000.0
BE,20260128-2200,121.92
BE,20260128-1600,176.82
BE,20260128-1200,158.1
BE,20260128-1000,126.94
BE,20260128-1400,145.94
BE,20260128-0600,160.72
BE,20260128-0800,169.81
BE,20260128-1800,3000.0
BE,20260128-1500,165.35
BE,20260128-0100,102.06
BE,20260128-0000,103.04
BE,20260128-0300,102.08
RO,20260128-1300,122.56
RO,20260128-0700,206.12
RO,20260128-0900,135.6
RO,20260128-2000,122.56
RO,20260128-2100,122.56
RO,20260128-2300,115.47
RO,20260128-0200,122.56
RO,20260128-0400,122.56
RO,20260128-1100,122.56
RO,20260128-1900,159.76
RO,20260128-0500,154.59
RO,20260128-1700,186.6
RO,20260128-2200,122.56
RO,20260128-1600,246.62
RO,20260128-1200,122.56
RO,20260128-1000,122.56
RO,20260128-1400,147.88
RO,20260128-0600,162.28
RO,20260128-0800,195.24
RO,20260128-1800,171.94
RO,20260128-1500,207.45
RO,20260128-0100,122.56
RO,20260128-0000,122.56
RO,20260128-0300,122.56
DK2,20260128-1300,74.63
DK2,20260128-0700,109.11
DK2,20260128-0900,108.19
DK2,20260128-2000,61.12
DK2,20260128-2100,55.14
DK2,20260128-2300,51.55
DK2,20260128-0200,50.95
DK2,20260128-0400,46.32
DK2,20260128-1100,103.04
DK2,20260128-1900,74.96
DK2,20260128-0500,52.21
DK2,20260128-1700,103.04
DK2,20260128-2200,42.01
DK2,20260128-1600,94.94
DK2,20260128-1200,87.24
DK2,20260128-1000,106.29
DK2,20260128-1400,83.98
DK2,20260128-0600,103.04
DK2,20260128-0800,109.11
DK2,20260128-1800,91.65
DK2,20260128-1500,98.81
DK2,20260128-0100,64.53
DK2,20260128-0000,53.07
DK2,20260128-0300,44.95
BG,20260128-1300,122.56
BG,20260128-0700,206.12
BG,20260128-0900,135.6
BG,20260128-2000,122.56
BG,20260128-2100,122.56
BG,20260128-2300,115.47
BG,20260128-0200,122.56
BG,20260128-0400,122.56
BG,20260128-1100,122.56
BG,20260128-1900,159.76
BG,20260128-0500,154.59
BG,20260128-1700,186.6
BG,20260128-2200,122.56
BG,20260128-1600,246.62
BG,20260128-1200,122.56
BG,20260128-1000,122.56
BG,20260128-1400,147.88
BG,20260128-0600,162.28
BG,20260128-0800,195.24
BG,20260128-1800,171.94
BG,20260128-1500,207.45
BG,20260128-0100,122.56
BG,20260128-0000,122.56
BG,20260128-0300,122.56
IT-CSOUTH,20260128-1300,117.46
IT-CSOUTH,20260128-0700,117.46
IT-CSOUTH,20260128-0900,117.46
IT-CSOUTH,20260128-2000,117.46
IT-CSOUTH,20260128-2100,117.46
IT-CSOUTH,20260128-2300,117.46
IT-CSOUTH,20260128-0200,117.46
IT-CSOUTH,20260128-0400,117.46
IT-CSOUTH,20260128-1100,117.46
IT-CSOUTH,20260128-1900,117.46
IT-CSOUTH,20260128-0500,117.46
IT-CSOUTH,20260128-1700,117.46
IT-CSOUTH,20260128-2200,117.46
IT-CSOUTH,20260128-1600,117.46
IT-CSOUTH,20260128-1200,117.46
IT-CSOUTH,20260128-1000,117.46
IT-CSOUTH,20260128-1400,117.46
IT-CSOUTH,20260128-0600,117.46
IT-CSOUTH,20260128-0800,117.46
IT-CSOUTH,20260128-1800,117.46
IT-CSOUTH,20260128-1500,117.46
IT-CSOUTH,20260128-0100,117.46
IT-CSOUTH,20260128-0000,117.46
IT-CSOUTH,20260128-0300,117.46
CZ,20260128-1300,145.65
CZ,20260128-0700,178.23
CZ,20260128-0900,177.45
CZ,20260128-2000,122.56
CZ,20260128-2100,118.14
CZ,20260128-2300,106.29
CZ,20260128-0200,106.29
CZ,20260128-0400,118.19
CZ,20260128-1100,175.88
CZ,20260128-1900,122.56
CZ,20260128-0500,122.56
CZ,20260128-1700,136.84
CZ,20260128-2200,108.52
CZ,20260128-1600,148.65
CZ,20260128-1200,174.38
CZ,20260128-1000,173.77
CZ,20260128-1400,140.86
CZ,20260128-0600,170.11
CZ,20260128-0800,180.31
CZ,20260128-1800,122.56
CZ,20260128-1500,139.92
CZ,20260128-0100,106.29
CZ,20260128-0000,108.19
CZ,20260128-0300,108.19
NO3,20260128-1300,114.43
NO3,20260128-0700,103.04
NO3,20260128-0900,128.84
NO3,20260128-2000,112.45
NO3,20260128-2100,107.48
NO3,20260128-2300,97.88
NO3,20260128-0200,91.73
NO3,20260128-0400,91.88
NO3,20260128-1100,115.84
NO3,20260128-1900,115.84
NO3,20260128-0500,99.2
NO3,20260128-1700,121.04
NO3,20260128-2200,106.29
NO3,20260128-1600,115.84
NO3,20260128-1200,114.43
NO3,20260128-1000,124.16
NO3,20260128-1400,114.43
NO3,20260128-0600,103.04
NO3,20260128-0800,133.1
NO3,20260128-1800,115.84
NO3,20260128-1500,115.84
NO3,20260128-0100,91.85
NO3,20260128-0000,91.88
NO3,20260128-0300,91.88
NO1,20260128-1300,114.43
NO1,20260128-0700,143.67
NO1,20260128-0900,128.84
NO1,20260128-2000,3000.0
NO1,20260128-2100,3000.0
NO1,20260128-2300,3000.0
NO1,20260128-0200,101.92
NO1,20260128-0400,102.08
NO1,20260128-1100,115.84
NO1,20260128-1900,250.0
NO1,20260128-0500,110.22
NO1,20260128-1700,121.04
NO1,20260128-2200,3000.0
NO1,20260128-1600,115.84
NO1,20260128-1200,114.43
NO1,20260128-1000,124.16
NO1,20260128-1400,114.43
NO1,20260128-0600,129.84
NO1,20260128-0800,133.1
NO1,20260128-1800,115.84
NO1,20260128-1500,115.84
NO1,20260128-0100,102.06
NO1,20260128-0000,102.08
NO1,20260128-0300,102.08
DE_LU,20260128-1300,122.56
DE_LU,20260128-0700,178.23
DE_LU,20260128-0900,148.57
DE_LU,20260128-2000,115.79
DE_LU,20260128-2100,108.67
DE_LU,20260128-2300,101.66
DE_LU,20260128-0200,105.97
DE_LU,20260128-0400,106.29
DE_LU,20260128-1100,122.56
DE_LU,20260128-1900,122.56
DE_LU,20260128-0500,122.56
DE_LU,20260128-1700,132.98
DE_LU,20260128-2200,106.29
DE_LU,20260128-1600,122.56
DE_LU,20260128-1200,122.56
DE_LU,20260128-1000,139.2
DE_LU,20260128-1400,122.56
DE_LU,20260128-0600,153.4
DE_LU,20260128-0800,157.1
DE_LU,20260128-1800,122.56
DE_LU,20260128-1500,122.56
DE_LU,20260128-0100,106.23
DE_LU,20260128-0000,106.29
DE_LU,20260128-0300,106.29
SK,20260128-1300,114.43
SK,20260128-0700,143.67
SK,20260128-0900,128.84
SK,20260128-2000,109.11
SK,20260128-2100,103.04
SK,20260128-2300,97.88
SK,20260128-0200,101.92
SK,20260128-0400,102.08
SK,20260128-1100,115.84
SK,20260128-1900,115.84
SK,20260128-0500,110.22
SK,20260128-1700,121.04
SK,20260128-2200,103.04
SK,20260128-1600,115.84
SK,20260128-1200,114.43
SK,20260128-1000,124.16
SK,20260128-1400,114.43
SK,20260128-0600,129.84
SK,20260128-0800,133.1
SK,20260128-1800,115.84
SK,20260128-1500,115.84
SK,20260128-0100,102.06
SK,20260128-0000,102.08
SK,20260128-0300,102.08
EE,20260128-1300,147.18
EE,20260128-0700,175.14
EE,20260128-0900,157.14
EE,20260128-2000,109.11
EE,20260128-2100,99.3
EE,20260128-2300,87.35
EE,20260128-0200,83.3
EE,20260128-0400,109.11
EE,20260128-1100,147.85
EE,20260128-1900,110.33
EE,20260128-0500,124.82
EE,20260128-1700,157.14
EE,20260128-2200,97.88
EE,20260128-1600,157.14
EE,20260128-1200,147.79
EE,20260128-1000,143.94
EE,20260128-1400,157.14
EE,20260128-0600,161.48
EE,20260128-0800,168.01
EE,20260128-1800,156.28
EE,20260128-1500,173.1
EE,20260128-0100,76.69
EE,20260128-0000,76.65
EE,20260128-0300,97.88
SE4,20260128-1300,74.63
SE4,20260128-0700,109.11
SE4,20260128-0900,108.19
SE4,20260128-2000,61.12
SE4,20260128-2100,55.14
SE4,20260128-2300,51.55
SE4,20260128-0200,50.95
SE4,20260128-0400,46.32
SE4,20260128-1100,103.04
SE4,20260128-1900,74.96
SE4,20260128-0500,52.21
SE4,20260128-1700,103.04
SE4,20260128-2200,42.01
SE4,20260128-1600,94.94
SE4,20260128-1200,87.24
SE4,20260128-1000,106.29
SE4,20260128-1400,83.98
SE4,20260128-0600,103.04
SE4,20260128-0800,109.11
SE4,20260128-1800,91.65
SE4,20260128-1500,98.81
SE4,20260128-0100,64.53
SE4,20260128-0000,53.07
SE4,20260128-0300,44.95
SI,20260218-1500,132.23
SI,20260218-0600,115.54
SI,20260218-1700,140.87
SI,20260218-1100,76.53
SI,20260218-0700,110.7
SI,20260218-0400,91.79
SI,20260218-0500,104.89
SI,20260218-1200,80.21
SI,20260218-1900,102.42
SI,20260218-0300,75.57
SI,20260218-1800,116.14
SI,20260218-2300,80.55
SI,20260218-1600,147.45
SI,20260218-0000,75.57
SI,20260218-1400,102.42
SI,20260218-1000,84.58
SI,20260218-2000,102.09
SI,20260218-2100,91.83
SI,20260218-2200,80.55
SI,20260218-0800,100.91
SI,20260218-1300,85.16
SI,20260218-0100,75.57
SI,20260218-0200,73.29
SI,20260218-0900,84.58
ES,20260218-1500,4.03
ES,20260218-0600,83.33
ES,20260218-1700,70.34
ES,20260218-1100,4.03
ES,20260218-0700,127.34
ES,20260218-0400,46.31
ES,20260218-0500,63.79
ES,20260218-1200,2.85
ES,20260218-1900,76.53
ES,20260218-0300,45.13
ES,20260218-1800,76.53
ES,20260218-2300,9.5
ES,20260218-1600,10.81
ES,20260218-0000,76.53
ES,20260218-1400,2.85
ES,20260218-1000,5.0
ES,20260218-2000,62.48
ES,20260218-2100,45.21
ES,20260218-2200,40.4
ES,20260218-0800,76.53
ES,20260218-1300,1.0
ES,20260218-0100,68.31
ES,20260218-0200,46.12
ES,20260218-0900,40.55
GR,20260218-1500,91.83
GR,20260218-0600,76.53
GR,20260218-1700,139.11
GR,20260218-1100,1.0
GR,20260218-0700,4.03
GR,20260218-0400,76.53
GR,20260218-0500,90.03
GR,20260218-1200,1.0
GR,20260218-1900,138.48
GR,20260218-0300,76.53
GR,20260218-1800,140.97
GR,20260218-2300,91.83
GR,20260218-1600,133.52
GR,20260218-0000,76.53
GR,20260218-1400,40.55
GR,20260218-1000,1.0
GR,20260218-2000,91.83
GR,20260218-2100,91.83
GR,20260218-2200,91.83
GR,20260218-0800,1.0
GR,20260218-1300,1.0
GR,20260218-0100,76.53
GR,20260218-0200,73.29
GR,20260218-0900,1.0
IT-CNORTH,20260218-1500,132.43
IT-CNORTH,20260218-0600,155.96
IT-CNORTH,20260218-1700,140.87
IT-CNORTH,20260218-1100,103.93
IT-CNORTH,20260218-0700,187.94
IT-CNORTH,20260218-0400,91.83
IT-CNORTH,20260218-0500,104.89
IT-CNORTH,20260218-1200,102.42
IT-CNORTH,20260218-1900,102.42
IT-CNORTH,20260218-0300,91.83
IT-CNORTH,20260218-1800,116.14
IT-CNORTH,20260218-2300,91.83
IT-CNORTH,20260218-1600,147.45
IT-CNORTH,20260218-0000,91.83
IT-CNORTH,20260218-1400,116.15
IT-CNORTH,20260218-1000,122.77
IT-CNORTH,20260218-2000,102.09
IT-CNORTH,20260218-2100,91.83
IT-CNORTH,20260218-2200,91.83
IT-CNORTH,20260218-0800,162.03
IT-CNORTH,20260218-1300,103.19
IT-CNORTH,20260218-0100,91.83
IT-CNORTH,20260218-0200,91.83
IT-CNORTH,20260218-0900,142.76
HU,20260218-1500,132.23
HU,20260218-0600,115.54
HU,20260218-1700,250.0
HU,20260218-1100,76.53
HU,20260218-0700,110.7
HU,20260218-0400,91.79
HU,20260218-0500,104.89
HU,20260218-1200,80.21
HU,20260218-1900,219.09
HU,20260218-0300,76.53
HU,20260218-1800,250.0
HU,20260218-2300,102.42
HU,20260218-1600,225.92
HU,20260218-0000,76.53
HU,20260218-1400,102.42
HU,20260218-1000,84.58
HU,20260218-2000,145.05
HU,20260218-2100,120.84
HU,20260218-2200,117.99
HU,20260218-0800,100.91
HU,20260218-1300,85.16
HU,20260218-0100,76.53
HU,20260218-0200,73.29
HU,20260218-0900,84.58
IT-SOUTH,20260218-1500,91.83
IT-SOUTH,20260218-0600,91.83
IT-SOUTH,20260218-1700,91.83
IT-SOUTH,20260218-1100,1.0
IT-SOUTH,20260218-0700,91.83
IT-SOUTH,20260218-0400,91.83
IT-SOUTH,20260218-0500,91.83
IT-SOUTH,20260218-1200,1.0
IT-SOUTH,20260218-1900,91.83
IT-SOUTH,20260218-0300,91.83
IT-SOUTH,20260218-1800,91.83
IT-SOUTH,20260218-2300,91.83
IT-SOUTH,20260218-1600,91.83
IT-SOUTH,20260218-0000,91.83
IT-SOUTH,20260218-1400,40.55
IT-SOUTH,20260218-1000,1.0
IT-SOUTH,20260218-2000,91.83
IT-SOUTH,20260218-2100,91.83
IT-SOUTH,20260218-2200,91.83
IT-SOUTH,20260218-0800,91.83
IT-SOUTH,20260218-1300,1.0
IT-SOUTH,20260218-0100,91.83
IT-SOUTH,20260218-0200,91.83
IT-SOUTH,20260218-0900,76.75
IT-Sicily,20260218-1500,91.83
IT-Sicily,20260218-0600,91.83
IT-Sicily,20260218-1700,174.06
IT-Sicily,20260218-1100,1.0
IT-Sicily,20260218-0700,91.83
IT-Sicily,20260218-0400,91.83
IT-Sicily,20260218-0500,91.83
IT-Sicily,20260218-1200,1.0
IT-Sicily,20260218-1900,174.06
IT-Sicily,20260218-0300,91.83
IT-Sicily,20260218-1800,223.66
IT-Sicily,20260218-2300,91.83
IT-Sicily,20260218-1600,91.83
IT-Sicily,20260218-0000,91.83
IT-Sicily,20260218-1400,40.55
IT-Sicily,20260218-1000,1.0
IT-Sicily,20260218-2000,130.89
IT-Sicily,20260218-2100,91.83
IT-Sicily,20260218-2200,91.83
IT-Sicily,20260218-0800,91.83
IT-Sicily,20260218-1300,1.0
IT-Sicily,20260218-0100,91.83
IT-Sicily,20260218-0200,91.83
IT-Sicily,20260218-0900,76.75
IT-Sardinia,20260218-1500,91.83
IT-Sardinia,20260218-0600,91.83
IT-Sardinia,20260218-1700,91.83
IT-Sardinia,20260218-1100,91.83
IT-Sardinia,20260218-0700,91.83
IT-Sardinia,20260218-0400,91.83
IT-Sardinia,20260218-0500,91.83
IT-Sardinia,20260218-1200,91.83
IT-Sardinia,20260218-1900,91.83
IT-Sardinia,20260218-0300,91.83
IT-Sardinia,20260218-1800,91.83
IT-Sardinia,20260218-2300,91.83
IT-Sardinia,20260218-1600,91.83
IT-Sardinia,20260218-0000,91.83
IT-Sardinia,20260218-1400,91.83
IT-Sardinia,20260218-1000,85.5
IT-Sardinia,20260218-2000,91.83
IT-Sardinia,20260218-2100,91.83
IT-Sardinia,20260218-2200,91.83
IT-Sardinia,20260218-0800,91.83
IT-Sardinia,20260218-1300,91.83
IT-Sardinia,20260218-0100,91.83
IT-Sardinia,20260218-0200,91.83
IT-Sardinia,20260218-0900,85.5
RS,20260218-1500,132.23
RS,20260218-0600,115.54
RS,20260218-1700,250.0
RS,20260218-1100,76.53
RS,20260218-0700,110.7
RS,20260218-0400,91.79
RS,20260218-0500,102.42
RS,20260218-1200,80.21
RS,20260218-1900,219.09
RS,20260218-0300,76.53
RS,20260218-1800,250.0
RS,20260218-2300,102.42
RS,20260218-1600,225.92
RS,20260218-0000,76.53
RS,20260218-1400,102.42
RS,20260218-1000,91.79
RS,20260218-2000,145.05
RS,20260218-2100,120.84
RS,20260218-2200,117.99
RS,20260218-0800,102.42
RS,20260218-1300,91.79
RS,20260218-0100,76.53
RS,20260218-0200,73.29
RS,20260218-0900,102.42
DK1,20260218-1500,166.42
DK1,20260218-0600,155.96
DK1,20260218-1700,163.69
DK1,20260218-1100,103.93
DK1,20260218-0700,187.94
DK1,20260218-0400,102.42
DK1,20260218-0500,104.89
DK1,20260218-1200,102.42
DK1,20260218-1900,3000.0
DK1,20260218-0300,108.95
DK1,20260218-1800,3000.0
DK1,20260218-2300,91.79
DK1,20260218-1600,175.98
DK1,20260218-0000,3000.0
DK1,20260218-1400,116.15
DK1,20260218-1000,122.77
DK1,20260218-2000,3000.0
DK1,20260218-2100,3000.0
DK1,20260218-2200,3000.0
DK1,20260218-0800,178.94
DK1,20260218-1300,103.19
DK1,20260218-0100,258.26
DK1,20260218-0200,145.05
DK1,20260218-0900,224.72
CH,20260218-1500,132.43
CH,20260218-0600,155.96
CH,20260218-1700,140.87
CH,20260218-1100,103.93
CH,20260218-0700,187.94
CH,20260218-0400,91.83
CH,20260218-0500,104.89
CH,20260218-1200,102.42
CH,20260218-1900,102.42
CH,20260218-0300,91.83
CH,20260218-1800,116.14
CH,20260218-2300,91.83
CH,20260218-1600,147.45
CH,20260218-0000,91.79
CH,20260218-1400,116.15
CH,20260218-1000,122.77
CH,20260218-2000,102.09
CH,20260218-2100,91.83
CH,20260218-2200,91.79
CH,20260218-0800,162.03
CH,20260218-1300,103.19
CH,20260218-0100,91.83
CH,20260218-0200,91.83
CH,20260218-0900,142.76
SE1,20260218-1500,55.08
SE1,20260218-0600,55.83
SE1,20260218-1700,50.14
SE1,20260218-1100,57.23
SE1,20260218-0700,57.97
SE1,20260218-0400,43.34
SE1,20260218-0500,50.77
SE1,20260218-1200,56.05
SE1,20260218-1900,48.81
SE1,20260218-0300,41.49
SE1,20260218-1800,48.89
SE1,20260218-2300,46.56
SE1,20260218-1600,53.1
SE1,20260218-0000,33.25
SE1,20260218-1400,57.35
SE1,20260218-1000,60.03
SE1,20260218-2000,46.55
SE1,20260218-2100,43.86
SE1,20260218-2200,43.16
SE1,20260218-0800,58.89
SE1,20260218-1300,56.98
SE1,20260218-0100,33.25
SE1,20260218-0200,36.85
SE1,20260218-0900,59.7
NO4,20260218-1500,31.01
NO4,20260218-0600,26.05
NO4,20260218-1700,30.02
NO4,20260218-1100,29.0
NO4,20260218-0700,28.48
NO4,20260218-0400,17.7
NO4,20260218-0500,21.19
NO4,20260218-1200,28.57
NO4,20260218-1900,29.19
NO4,20260218-0300,16.95
NO4,20260218-1800,30.47
NO4,20260218-2300,21.47
NO4,20260218-1600,30.22
NO4,20260218-0000,17.7
NO4,20260218-1400,30.95
NO4,20260218-1000,28.75
NO4,20260218-2000,28.47
NO4,20260218-2100,27.5
NO4,20260218-2200,24.01
NO4,20260218-0800,28.15
NO4,20260218-1300,29.3
NO4,20260218-0100,17.06
NO4,20260218-0200,16.92
NO4,20260218-0900,28.16
SE3,20260218-1500,114.1
SE3,20260218-0600,155.96
SE3,20260218-1700,163.69
SE3,20260218-1100,103.93
SE3,20260218-0700,187.94
SE3,20260218-0400,102.42
SE3,20260218-0500,104.89
SE3,20260218-1200,102.42
SE3,20260218-1900,3000.0
SE3,20260218-0300,108.95
SE3,20260218-1800,250.0
SE3,20260218-2300,91.79
SE3,20260218-1600,175.98
SE3,20260218-0000,250.0
SE3,20260218-1400,103.19
SE3,20260218-1000,122.77
SE3,20260218-2000,3000.0
SE3,20260218-2100,3000.0
SE3,20260218-2200,3000.0
SE3,20260218-0800,178.94
SE3,20260218-1300,103.19
SE3,20260218-0100,250.0
SE3,20260218-0200,145.05
SE3,20260218-0900,224.72
FR,20260218-1500,40.28
FR,20260218-0600,83.33
FR,20260218-1700,70.34
FR,20260218-1100,36.32
FR,20260218-0700,127.34
FR,20260218-0400,46.31
FR,20260218-0500,63.79
FR,20260218-1200,31.45
FR,20260218-1900,76.53
FR,20260218-0300,45.13
FR,20260218-1800,76.6
FR,20260218-2300,29.2
FR,20260218-1600,46.28
FR,20260218-0000,84.22
FR,20260218-1400,35.18
FR,20260218-1000,45.55
FR,20260218-2000,62.48
FR,20260218-2100,45.21
FR,20260218-2200,40.4
FR,20260218-0800,117.5
FR,20260218-1300,30.91
FR,20260218-0100,68.31
FR,20260218-0200,46.12
FR,20260218-0900,76.53
FI,20260218-1500,57.0
FI,20260218-0600,39.66
FI,20260218-1700,57.0
FI,20260218-1100,57.0
FI,20260218-0700,40.55
FI,20260218-0400,12.55
FI,20260218-0500,12.62
FI,20260218-1200,57.0
FI,20260218-1900,57.0
FI,20260218-0300,10.5
FI,20260218-1800,57.0
FI,20260218-2300,57.0
FI,20260218-1600,57.0
FI,20260218-0000,9.5
FI,20260218-1400,57.0
FI,20260218-1000,57.0
FI,20260218-2000,57.0
FI,20260218-2100,57.0
FI,20260218-2200,39.66
FI,20260218-0800,57.0
FI,20260218-1300,57.0
FI,20260218-0100,9.5
FI,20260218-0200,9.5
FI,20260218-0900,57.0
PL,20260218-1500,132.28
PL,20260218-0600,141.26
PL,20260218-1700,162.19
PL,20260218-1100,103.93
PL,20260218-0700,146.57
PL,20260218-0400,102.42
PL,20260218-0500,113.04
PL,20260218-1200,103.64
PL,20260218-1900,135.73
PL,20260218-0300,101.46
PL,20260218-1800,156.44
PL,20260218-2300,101.46
PL,20260218-1600,162.33
PL,20260218-0000,101.46
PL,20260218-1400,112.94
PL,20260218-1000,104.93
PL,20260218-2000,110.78
PL,20260218-2100,102.42
PL,20260218-2200,101.48
PL,20260218-0800,121.78
PL,20260218-1300,107.43
PL,20260218-0100,101.46
PL,20260218-0200,101.46
PL,20260218-0900,106.94
IT-Calabria,20260218-1500,91.83
IT-Calabria,20260218-0600,91.83
IT-Calabria,20260218-1700,91.83
IT-Calabria,20260218-1100,1.0
IT-Calabria,20260218-0700,91.83
IT-Calabria,20260218-0400,91.83
IT-Calabria,20260218-0500,91.83
IT-Calabria,20260218-1200,1.0
IT-Calabria,20260218-1900,91.83
IT-Calabria,20260218-0300,91.83
IT-Calabria,20260218-1800,91.83
IT-Calabria,20260218-2300,91.83
IT-Calabria,20260218-1600,91.83
IT-Calabria,20260218-0000,91.83
IT-Calabria,20260218-1400,40.55
IT-Calabria,20260218-1000,1.0
IT-Calabria,20260218-2000,91.83
IT-Calabria,20260218-2100,91.83
IT-Calabria,20260218-2200,91.83
IT-Calabria,20260218-0800,91.83
IT-Calabria,20260218-1300,1.0
IT-Calabria,20260218-0100,91.83
IT-Calabria,20260218-0200,91.83
IT-Calabria,20260218-0900,76.75
AT,20260218-1500,120.12
AT,20260218-0600,80.55
AT,20260218-1700,140.87
AT,20260218-1100,80.55
AT,20260218-0700,92.45
AT,20260218-0400,80.55
AT,20260218-0500,80.55
AT,20260218-1200,80.55
AT,20260218-1900,102.42
AT,20260218-0300,80.55
AT,20260218-1800,116.14
AT,20260218-2300,80.55
AT,20260218-1600,147.45
AT,20260218-0000,80.55
AT,20260218-1400,107.64
AT,20260218-1000,80.55
AT,20260218-2000,102.09
AT,20260218-2100,91.83
AT,20260218-2200,80.55
AT,20260218-0800,90.71
AT,20260218-1300,80.55
AT,20260218-0100,80.55
AT,20260218-0200,80.55
AT,20260218-0900,80.55
SE2,20260218-1500,59.53
SE2,20260218-0600,55.83
SE2,20260218-1700,56.86
SE2,20260218-1100,60.62
SE2,20260218-0700,57.97
SE2,20260218-0400,47.4
SE2,20260218-0500,52.13
SE2,20260218-1200,60.62
SE2,20260218-1900,48.81
SE2,20260218-0300,41.49
SE2,20260218-1800,58.17
SE2,20260218-2300,58.36
SE2,20260218-1600,58.09
SE2,20260218-0000,33.25
SE2,20260218-1400,60.45
SE2,20260218-1000,60.03
SE2,20260218-2000,46.55
SE2,20260218-2100,59.01
SE2,20260218-2200,43.16
SE2,20260218-0800,58.89
SE2,20260218-1300,60.96
SE2,20260218-0100,33.25
SE2,20260218-0200,36.85
SE2,20260218-0900,59.7
IT-NORTH,20260218-1500,132.43
IT-NORTH,20260218-0600,155.96
IT-NORTH,20260218-1700,140.87
IT-NORTH,20260218-1100,103.93
IT-NORTH,20260218-0700,187.94
IT-NORTH,20260218-0400,91.83
IT-NORTH,20260218-0500,104.89
IT-NORTH,20260218-1200,102.42
IT-NORTH,20260218-1900,102.42
IT-NORTH,20260218-0300,91.83
IT-NORTH,20260218-1800,116.14
IT-NORTH,20260218-2300,91.83
IT-NORTH,20260218-1600,147.45
IT-NORTH,20260218-0000,91.83
IT-NORTH,20260218-1400,116.15
IT-NORTH,20260218-1000,122.77
IT-NORTH,20260218-2000,102.09
IT-NORTH,20260218-2100,91.83
IT-NORTH,20260218-2200,91.83
IT-NORTH,20260218-0800,162.03
IT-NORTH,20260218-1300,103.19
IT-NORTH,20260218-0100,91.83
IT-NORTH,20260218-0200,91.83
IT-NORTH,20260218-0900,142.76
LT,20260218-1500,145.05
LT,20260218-0600,120.36
LT,20260218-1700,151.04
LT,20260218-1100,145.05
LT,20260218-0700,145.05
LT,20260218-0400,83.76
LT,20260218-0500,104.89
LT,20260218-1200,137.86
LT,20260218-1900,116.13
LT,20260218-0300,76.53
LT,20260218-1800,145.05
LT,20260218-2300,101.46
LT,20260218-1600,162.33
LT,20260218-0000,76.53
LT,20260218-1400,145.05
LT,20260218-1000,108.66
LT,20260218-2000,104.08
LT,20260218-2100,102.42
LT,20260218-2200,101.48
LT,20260218-0800,122.96
LT,20260218-1300,145.05
LT,20260218-0100,76.53
LT,20260218-0200,76.53
LT,20260218-0900,127.82
PT,20260218-1500,4.03
PT,20260218-0600,76.53
PT,20260218-1700,70.34
PT,20260218-1100,57.0
PT,20260218-0700,96.45
PT,20260218-0400,46.31
PT,20260218-0500,63.79
PT,20260218-1200,40.55
PT,20260218-1900,76.53
PT,20260218-0300,45.13
PT,20260218-1800,76.53
PT,20260218-2300,9.5
PT,20260218-1600,10.81
PT,20260218-0000,76.53
PT,20260218-1400,40.55
PT,20260218-1000,5.0
PT,20260218-2000,62.48
PT,20260218-2100,45.21
PT,20260218-2200,40.4
PT,20260218-0800,76.53
PT,20260218-1300,40.55
PT,20260218-0100,68.31
PT,20260218-0200,46.12
PT,20260218-0900,40.55
NO2,20260218-1500,112.19
NO2,20260218-0600,136.85
NO2,20260218-1700,123.1
NO2,20260218-1100,97.43
NO2,20260218-0700,157.25
NO2,20260218-0400,98.57
NO2,20260218-0500,100.15
NO2,20260218-1200,93.04
NO2,20260218-1900,98.32
NO2,20260218-0300,90.36
NO2,20260218-1800,107.32
NO2,20260218-2300,81.66
NO2,20260218-1600,126.74
NO2,20260218-0000,89.44
NO2,20260218-1400,101.8
NO2,20260218-1000,110.53
NO2,20260218-2000,96.95
NO2,20260218-2100,86.29
NO2,20260218-2200,86.26
NO2,20260218-0800,140.72
NO2,20260218-1300,93.54
NO2,20260218-0100,89.67
NO2,20260218-0200,89.88
NO2,20260218-0900,124.3
LV,20260218-1500,145.05
LV,20260218-0600,120.36
LV,20260218-1700,151.04
LV,20260218-1100,145.05
LV,20260218-0700,145.05
LV,20260218-0400,83.76
LV,20260218-0500,104.89
LV,20260218-1200,137.86
LV,20260218-1900,116.13
LV,20260218-0300,76.53
LV,20260218-1800,145.05
LV,20260218-2300,76.53
LV,20260218-1600,162.33
LV,20260218-0000,76.53
LV,20260218-1400,145.05
LV,20260218-1000,108.66
LV,20260218-2000,104.08
LV,20260218-2100,102.42
LV,20260218-2200,84.6
LV,20260218-0800,122.96
LV,20260218-1300,145.05
LV,20260218-0100,76.53
LV,20260218-0200,76.53
LV,20260218-0900,127.82
NL,20260218-1500,85.35
NL,20260218-0600,103.19
NL,20260218-1700,98.48
NL,20260218-1100,85.97
NL,20260218-0700,103.19
NL,20260218-0400,91.79
NL,20260218-0500,91.79
NL,20260218-1200,84.85
NL,20260218-1900,91.79
NL,20260218-0300,90.36
NL,20260218-1800,91.79
NL,20260218-2300,76.53
NL,20260218-1600,91.79
NL,20260218-0000,85.29
NL,20260218-1400,76.53
NL,20260218-1000,91.79
NL,20260218-2000,87.89
NL,20260218-2100,85.54
NL,20260218-2200,76.53
NL,20260218-0800,103.19
NL,20260218-1300,76.53
NL,20260218-0100,89.67
NL,20260218-0200,89.88
NL,20260218-0900,103.19
NO5,20260218-1500,80.55
NO5,20260218-0600,80.55
NO5,20260218-1700,80.55
NO5,20260218-1100,80.55
NO5,20260218-0700,80.55
NO5,20260218-0400,80.55
NO5,20260218-0500,80.55
NO5,20260218-1200,80.55
NO5,20260218-1900,80.55
NO5,20260218-0300,80.55
NO5,20260218-1800,80.55
NO5,20260218-2300,76.8
NO5,20260218-1600,80.55
NO5,20260218-0000,80.55
NO5,20260218-1400,80.55
NO5,20260218-1000,80.55
NO5,20260218-2000,80.55
NO5,20260218-2100,80.26
NO5,20260218-2200,80.24
NO5,20260218-0800,80.55
NO5,20260218-1300,80.55
NO5,20260218-0100,80.55
NO5,20260218-0200,80.55
NO5,20260218-0900,80.55
BE,20260218-1500,80.55
BE,20260218-0600,129.57
BE,20260218-1700,80.55
BE,20260218-1100,76.53
BE,20260218-0700,80.55
BE,20260218-0400,80.55
BE,20260218-0500,98.34
BE,20260218-1200,80.53
BE,20260218-1900,80.55
BE,20260218-0300,80.55
BE,20260218-1800,80.55
BE,20260218-2300,72.5
BE,20260218-1600,80.55
BE,20260218-0000,85.5
BE,20260218-1400,80.55
BE,20260218-1000,80.55
BE,20260218-2000,80.55
BE,20260218-2100,75.76
BE,20260218-2200,75.74
BE,20260218-0800,80.55
BE,20260218-1300,80.55
BE,20260218-0100,79.96
BE,20260218-0200,80.23
BE,20260218-0900,80.55
RO,20260218-1500,132.23
RO,20260218-0600,115.54
RO,20260218-1700,250.0
RO,20260218-1100,76.53
RO,20260218-0700,110.7
RO,20260218-0400,91.79
RO,20260218-0500,102.42
RO,20260218-1200,80.21
RO,20260218-1900,219.09
RO,20260218-0300,76.53
RO,20260218-1800,250.0
RO,20260218-2300,102.42
RO,20260218-1600,225.92
RO,20260218-0000,76.53
RO,20260218-1400,102.42
RO,20260218-1000,91.79
RO,20260218-2000,145.05
RO,20260218-2100,120.84
RO,20260218-2200,117.99
RO,20260218-0800,102.42
RO,20260218-1300,91.79
RO,20260218-0100,76.53
RO,20260218-0200,73.29
RO,20260218-0900,102.42
DK2,20260218-1500,318.76
DK2,20260218-0600,3000.0
DK2,20260218-1700,3000.0
DK2,20260218-1100,145.05
DK2,20260218-0700,3000.0
DK2,20260218-0400,102.42
DK2,20260218-0500,104.89
DK2,20260218-1200,137.86
DK2,20260218-1900,3000.0
DK2,20260218-0300,108.95
DK2,20260218-1800,3000.0
DK2,20260218-2300,101.46
DK2,20260218-1600,3000.0
DK2,20260218-0000,250.0
DK2,20260218-1400,184.4
DK2,20260218-1000,182.81
DK2,20260218-2000,3000.0
DK2,20260218-2100,250.0
DK2,20260218-2200,145.05
DK2,20260218-0800,250.0
DK2,20260218-1300,145.05
DK2,20260218-0100,228.04
DK2,20260218-0200,145.05
DK2,20260218-0900,224.72
BG,20260218-1500,132.23
BG,20260218-0600,115.54
BG,20260218-1700,250.0
BG,20260218-1100,76.53
BG,20260218-0700,110.7
BG,20260218-0400,91.79
BG,20260218-0500,102.42
BG,20260218-1200,80.21
BG,20260218-1900,219.09
BG,20260218-0300,76.53
BG,20260218-1800,250.0
BG,20260218-2300,102.42
BG,20260218-1600,225.92
BG,20260218-0000,76.53
BG,20260218-1400,102.42
BG,20260218-1000,91.79
BG,20260218-2000,145.05
BG,20260218-2100,120.84
BG,20260218-2200,117.99
BG,20260218-0800,102.42
BG,20260218-1300,91.79
BG,20260218-0100,76.53
BG,20260218-0200,73.29
BG,20260218-0900,102.42
IT-CSOUTH,20260218-1500,91.83
IT-CSOUTH,20260218-0600,91.83
IT-CSOUTH,20260218-1700,91.83
IT-CSOUTH,20260218-1100,91.83
IT-CSOUTH,20260218-0700,91.83
IT-CSOUTH,20260218-0400,91.83
IT-CSOUTH,20260218-0500,91.83
IT-CSOUTH,20260218-1200,91.83
IT-CSOUTH,20260218-1900,91.83
IT-CSOUTH,20260218-0300,91.83
IT-CSOUTH,20260218-1800,91.83
IT-CSOUTH,20260218-2300,91.83
IT-CSOUTH,20260218-1600,91.83
IT-CSOUTH,20260218-0000,91.83
IT-CSOUTH,20260218-1400,91.83
IT-CSOUTH,20260218-1000,91.83
IT-CSOUTH,20260218-2000,91.83
IT-CSOUTH,20260218-2100,91.83
IT-CSOUTH,20260218-2200,91.83
IT-CSOUTH,20260218-0800,91.83
IT-CSOUTH,20260218-1300,91.83
IT-CSOUTH,20260218-0100,91.83
IT-CSOUTH,20260218-0200,91.83
IT-CSOUTH,20260218-0900,91.83
CZ,20260218-1500,132.43
CZ,20260218-0600,140.61
CZ,20260218-1700,140.87
CZ,20260218-1100,103.93
CZ,20260218-0700,146.57
CZ,20260218-0400,102.42
CZ,20260218-0500,104.89
CZ,20260218-1200,102.42
CZ,20260218-1900,102.42
CZ,20260218-0300,91.83
CZ,20260218-1800,130.01
CZ,20260218-2300,101.46
CZ,20260218-1600,147.45
CZ,20260218-0000,91.79
CZ,20260218-1400,116.15
CZ,20260218-1000,120.39
CZ,20260218-2000,102.42
CZ,20260218-2100,102.42
CZ,20260218-2200,101.48
CZ,20260218-0800,135.46
CZ,20260218-1300,103.19
CZ,20260218-0100,91.83
CZ,20260218-0200,91.83
CZ,20260218-0900,127.6
NO3,20260218-1500,80.55
NO3,20260218-0600,80.55
NO3,20260218-1700,80.55
NO3,20260218-1100,80.55
NO3,20260218-0700,80.55
NO3,20260218-0400,80.55
NO3,20260218-0500,80.55
NO3,20260218-1200,80.53
NO3,20260218-1900,80.55
NO3,20260218-0300,80.55
NO3,20260218-1800,80.55
NO3,20260218-2300,72.5
NO3,20260218-1600,80.55
NO3,20260218-0000,79.69
NO3,20260218-1400,80.55
NO3,20260218-1000,80.55
NO3,20260218-2000,80.55
NO3,20260218-2100,75.76
NO3,20260218-2200,75.74
NO3,20260218-0800,80.55
NO3,20260218-1300,80.55
NO3,20260218-0100,79.96
NO3,20260218-0200,80.23
NO3,20260218-0900,80.55
NO1,20260218-1500,80.55
NO1,20260218-0600,80.55
NO1,20260218-1700,80.55
NO1,20260218-1100,80.55
NO1,20260218-0700,80.55
NO1,20260218-0400,80.55
NO1,20260218-0500,80.55
NO1,20260218-1200,80.53
NO1,20260218-1900,80.55
NO1,20260218-0300,80.55
NO1,20260218-1800,80.55
NO1,20260218-2300,72.5
NO1,20260218-1600,80.55
NO1,20260218-0000,79.69
NO1,20260218-1400,80.55
NO1,20260218-1000,80.55
NO1,20260218-2000,80.55
NO1,20260218-2100,75.76
NO1,20260218-2200,75.74
NO1,20260218-0800,80.55
NO1,20260218-1300,80.55
NO1,20260218-0100,79.96
NO1,20260218-0200,80.23
NO1,20260218-0900,80.55
DE_LU,20260218-1500,132.43
DE_LU,20260218-0600,155.96
DE_LU,20260218-1700,140.87
DE_LU,20260218-1100,103.93
DE_LU,20260218-0700,187.94
DE_LU,20260218-0400,102.42
DE_LU,20260218-0500,104.89
DE_LU,20260218-1200,102.42
DE_LU,20260218-1900,102.42
DE_LU,20260218-0300,91.83
DE_LU,20260218-1800,116.14
DE_LU,20260218-2300,84.58
DE_LU,20260218-1600,147.45
DE_LU,20260218-0000,91.79
DE_LU,20260218-1400,116.15
DE_LU,20260218-1000,122.77
DE_LU,20260218-2000,102.09
DE_LU,20260218-2100,91.83
DE_LU,20260218-2200,91.79
DE_LU,20260218-0800,162.03
DE_LU,20260218-1300,103.19
DE_LU,20260218-0100,91.83
DE_LU,20260218-0200,91.83
DE_LU,20260218-0900,142.76
SK,20260218-1500,104.48
SK,20260218-0600,129.57
SK,20260218-1700,116.33
SK,20260218-1100,80.55
SK,20260218-0700,145.56
SK,20260218-0400,85.45
SK,20260218-0500,98.34
SK,20260218-1200,80.55
SK,20260218-1900,96.76
SK,20260218-0300,80.55
SK,20260218-1800,103.96
SK,20260218-2300,80.47
SK,20260218-1600,118.86
SK,20260218-0000,80.55
SK,20260218-1400,96.34
SK,20260218-1000,80.55
SK,20260218-2000,80.55
SK,20260218-2100,84.18
SK,20260218-2200,80.55
SK,20260218-0800,103.19
SK,20260218-1300,80.55
SK,20260218-0100,80.55
SK,20260218-0200,80.55
SK,20260218-0900,80.55
EE,20260218-1500,145.05
EE,20260218-0600,120.36
EE,20260218-1700,151.04
EE,20260218-1100,145.05
EE,20260218-0700,145.05
EE,20260218-0400,83.76
EE,20260218-0500,104.89
EE,20260218-1200,137.86
EE,20260218-1900,116.13
EE,20260218-0300,76.53
EE,20260218-1800,145.05
EE,20260218-2300,76.53
EE,20260218-1600,162.33
EE,20260218-0000,76.53
EE,20260218-1400,145.05
EE,20260218-1000,108.66
EE,20260218-2000,101.67
EE,20260218-2100,83.5
EE,20260218-2200,83.31
EE,20260218-0800,122.96
EE,20260218-1300,145.05
EE,20260218-0100,76.53
EE,20260218-0200,76.53
EE,20260218-0900,127.82
SE4,20260218-1500,145.05
SE4,20260218-0600,120.36
SE4,20260218-1700,151.04
SE4,20260218-1100,145.05
SE4,20260218-0700,145.05
SE4,20260218-0400,83.76
SE4,20260218-0500,104.89
SE4,20260218-1200,137.86
SE4,20260218-1900,116.13
SE4,20260218-0300,80.55
SE4,20260218-1800,145.05
SE4,20260218-2300,101.46
SE4,20260218-1600,162.33
SE4,20260218-0000,80.55
SE4,20260218-1400,145.05
SE4,20260218-1000,108.66
SE4,20260218-2000,104.08
SE4,20260218-2100,102.42
SE4,20260218-2200,101.48
SE4,20260218-0800,122.96
SE4,20260218-1300,145.05
SE4,20260218-0100,80.55
SE4,20260218-0200,80.55
SE4,20260218-0900,127.82
SI,20260620-1000,3.75
SI,20260620-1100,3.34
SI,20260620-1600,98.46
SI,20260620-0200,63.64
SI,20260620-1800,206.43
SI,20260620-0900,3.75
SI,20260620-2100,118.15
SI,20260620-2300,75.34
SI,20260620-1400,9.5
SI,20260620-1300,5.0
SI,20260620-1900,152.1
SI,20260620-1500,63.64
SI,20260620-0600,5.0
SI,20260620-2000,127.97
SI,20260620-0400,57.0
SI,20260620-0800,4.8
SI,20260620-0000,10.51
SI,20260620-0100,10.51
SI,20260620-0700,3.76
SI,20260620-0500,9.5
SI,20260620-1200,3.93
SI,20260620-1700,114.17
SI,20260620-2200,108.88
SI,20260620-0300,75.34
ES,20260620-1000,5.0
ES,20260620-1100,5.0
ES,20260620-1600,5.18
ES,20260620-0200,98.46
ES,20260620-1800,98.46
ES,20260620-0900,5.18
ES,20260620-2100,103.64
ES,20260620-2300,68.47
ES,20260620-1400,3.15
ES,20260620-1300,3.75
ES,20260620-1900,106.64
ES,20260620-1500,5.0
ES,20260620-0600,57.0
ES,20260620-2000,103.64
ES,20260620-0400,98.46
ES,20260620-0800,5.18
ES,20260620-0000,98.46
ES,20260620-0100,98.46
ES,20260620-0700,23.75
ES,20260620-0500,98.46
ES,20260620-1200,5.0
ES,20260620-1700,63.64
ES,20260620-2200,98.46
ES,20260620-0300,98.46
GR,20260620-1000,1.0
GR,20260620-1100,1.0
GR,20260620-1600,98.46
GR,20260620-0200,98.46
GR,20260620-1800,176.72
GR,20260620-0900,1.0
GR,20260620-2100,114.17
GR,20260620-2300,98.46
GR,20260620-1400,1.0
GR,20260620-1300,1.0
GR,20260620-1900,152.1
GR,20260620-1500,5.18
GR,20260620-0600,1.0
GR,20260620-2000,114.17
GR,20260620-0400,63.64
GR,20260620-0800,1.0
GR,20260620-0000,98.46
GR,20260620-0100,98.46
GR,20260620-0700,1.0
GR,20260620-0500,5.18
GR,20260620-1200,1.0
GR,20260620-1700,114.17
GR,20260620-2200,98.46
GR,20260620-0300,98.46
IT-CNORTH,20260620-1000,105.43
IT-CNORTH,20260620-1100,85.5
IT-CNORTH,20260620-1600,118.15
IT-CNORTH,20260620-0200,118.15
IT-CNORTH,20260620-1800,206.43
IT-CNORTH,20260620-0900,118.15
IT-CNORTH,20260620-2100,118.15
IT-CNORTH,20260620-2300,118.15
IT-CNORTH,20260620-1400,118.15
IT-CNORTH,20260620-1300,118.15
IT-CNORTH,20260620-1900,152.1
IT-CNORTH,20260620-1500,118.15
IT-CNORTH,20260620-0600,118.15
IT-CNORTH,20260620-2000,127.97
IT-CNORTH,20260620-0400,118.15
IT-CNORTH,20260620-0800,118.15
IT-CNORTH,20260620-0000,118.15
IT-CNORTH,20260620-0100,118.15
IT-CNORTH,20260620-0700,118.15
IT-CNORTH,20260620-0500,118.15
IT-CNORTH,20260620-1200,88.1
IT-CNORTH,20260620-1700,127.97
IT-CNORTH,20260620-2200,118.15
IT-CNORTH,20260620-0300,118.15
HU,20260620-1000,3.75
HU,20260620-1100,3.34
HU,20260620-1600,98.46
HU,20260620-0200,98.46
HU,20260620-1800,176.72
HU,20260620-0900,3.75
HU,20260620-2100,114.17
HU,20260620-2300,75.34
HU,20260620-1400,9.5
HU,20260620-1300,5.0
HU,20260620-1900,152.1
HU,20260620-1500,98.46
HU,20260620-0600,10.53
HU,20260620-2000,114.17
HU,20260620-0400,57.0
HU,20260620-0800,4.8
HU,20260620-0000,98.46
HU,20260620-0100,98.46
HU,20260620-0700,5.0
HU,20260620-0500,9.5
HU,20260620-1200,3.93
HU,20260620-1700,114.17
HU,20260620-2200,98.46
HU,20260620-0300,75.34
IT-SOUTH,20260620-1000,105.43
IT-SOUTH,20260620-1100,85.5
IT-SOUTH,20260620-1600,118.15
IT-SOUTH,20260620-0200,118.15
IT-SOUTH,20260620-1800,206.43
IT-SOUTH,20260620-0900,118.15
IT-SOUTH,20260620-2100,118.15
IT-SOUTH,20260620-2300,118.15
IT-SOUTH,20260620-1400,118.15
IT-SOUTH,20260620-1300,118.15
IT-SOUTH,20260620-1900,152.1
IT-SOUTH,20260620-1500,118.15
IT-SOUTH,20260620-0600,118.15
IT-SOUTH,20260620-2000,127.97
IT-SOUTH,20260620-0400,118.15
IT-SOUTH,20260620-0800,118.15
IT-SOUTH,20260620-0000,118.15
IT-SOUTH,20260620-0100,118.15
IT-SOUTH,20260620-0700,118.15
IT-SOUTH,20260620-0500,118.15
IT-SOUTH,20260620-1200,88.1
IT-SOUTH,20260620-1700,127.97
IT-SOUTH,20260620-2200,118.15
IT-SOUTH,20260620-0300,118.15
IT-Sicily,20260620-1000,105.43
IT-Sicily,20260620-1100,85.5
IT-Sicily,20260620-1600,118.15
IT-Sicily,20260620-0200,118.15
IT-Sicily,20260620-1800,206.43
IT-Sicily,20260620-0900,118.15
IT-Sicily,20260620-2100,118.15
IT-Sicily,20260620-2300,118.15
IT-Sicily,20260620-1400,118.15
IT-Sicily,20260620-1300,118.15
IT-Sicily,20260620-1900,152.1
IT-Sicily,20260620-1500,118.15
IT-Sicily,20260620-0600,118.15
IT-Sicily,20260620-2000,127.97
IT-Sicily,20260620-0400,118.15
IT-Sicily,20260620-0800,118.15
IT-Sicily,20260620-0000,118.15
IT-Sicily,20260620-0100,118.15
IT-Sicily,20260620-0700,118.15
IT-Sicily,20260620-0500,118.15
IT-Sicily,20260620-1200,88.1
IT-Sicily,20260620-1700,127.97
IT-Sicily,20260620-2200,118.15
IT-Sicily,20260620-0300,118.15
IT-Sardinia,20260620-1000,105.43
IT-Sardinia,20260620-1100,85.5
IT-Sardinia,20260620-1600,118.15
IT-Sardinia,20260620-0200,118.15
IT-Sardinia,20260620-1800,206.43
IT-Sardinia,20260620-0900,94.5
IT-Sardinia,20260620-2100,118.15
IT-Sardinia,20260620-2300,118.15
IT-Sardinia,20260620-1400,94.5
IT-Sardinia,20260620-1300,94.5
IT-Sardinia,20260620-1900,152.1
IT-Sardinia,20260620-1500,118.15
IT-Sardinia,20260620-0600,118.15
IT-Sardinia,20260620-2000,127.97
IT-Sardinia,20260620-0400,118.15
IT-Sardinia,20260620-0800,118.15
IT-Sardinia,20260620-0000,118.15
IT-Sardinia,20260620-0100,118.15
IT-Sardinia,20260620-0700,118.15
IT-Sardinia,20260620-0500,118.15
IT-Sardinia,20260620-1200,88.1
IT-Sardinia,20260620-1700,127.97
IT-Sardinia,20260620-2200,118.15
IT-Sardinia,20260620-0300,118.15
RS,20260620-1000,3.75
RS,20260620-1100,3.34
RS,20260620-1600,114.17
RS,20260620-0200,98.46
RS,20260620-1800,176.72
RS,20260620-0900,3.75
RS,20260620-2100,114.17
RS,20260620-2300,114.17
RS,20260620-1400,9.5
RS,20260620-1300,5.0
RS,20260620-1900,152.1
RS,20260620-1500,114.17
RS,20260620-0600,16.18
RS,20260620-2000,114.17
RS,20260620-0400,100.25
RS,20260620-0800,4.8
RS,20260620-0000,98.46
RS,20260620-0100,98.46
RS,20260620-0700,5.0
RS,20260620-0500,100.25
RS,20260620-1200,3.93
RS,20260620-1700,114.17
RS,20260620-2200,114.17
RS,20260620-0300,98.46
DK1,20260620-1000,16.0
DK1,20260620-1100,5.28
DK1,20260620-1600,98.46
DK1,20260620-0200,98.46
DK1,20260620-1800,107.91
DK1,20260620-0900,28.78
DK1,20260620-2100,103.64
DK1,20260620-2300,103.26
DK1,20260620-1400,57.0
DK1,20260620-1300,25.65
DK1,20260620-1900,106.64
DK1,20260620-1500,77.3
DK1,20260620-0600,98.46
DK1,20260620-2000,103.64
DK1,20260620-0400,98.46
DK1,20260620-0800,63.64
DK1,20260620-0000,100.25
DK1,20260620-0100,100.25
DK1,20260620-0700,73.99
DK1,20260620-0500,98.46
DK1,20260620-1200,5.28
DK1,20260620-1700,103.64
DK1,20260620-2200,103.64
DK1,20260620-0300,100.25
CH,20260620-1000,25.15
CH,20260620-1100,21.15
CH,20260620-1600,97.68
CH,20260620-0200,98.58
CH,20260620-1800,107.91
CH,20260620-0900,28.78
CH,20260620-2100,103.64
CH,20260620-2300,103.26
CH,20260620-1400,57.0
CH,20260620-1300,25.65
CH,20260620-1900,106.64
CH,20260620-1500,77.3
CH,20260620-0600,86.99
CH,20260620-2000,103.64
CH,20260620-0400,98.46
CH,20260620-0800,63.64
CH,20260620-0000,102.87
CH,20260620-0100,100.25
CH,20260620-0700,73.99
CH,20260620-0500,90.24
CH,20260620-1200,21.6
CH,20260620-1700,103.64
CH,20260620-2200,103.64
CH,20260620-0300,98.27
SE1,20260620-1000,1.0
SE1,20260620-1100,1.0
SE1,20260620-1600,76.5
SE1,20260620-0200,1.0
SE1,20260620-1800,1.0
SE1,20260620-0900,1.0
SE1,20260620-2100,63.39
SE1,20260620-2300,1.0
SE1,20260620-1400,41.73
SE1,20260620-1300,1.0
SE1,20260620-1900,1.0
SE1,20260620-1500,56.9
SE1,20260620-0600,70.71
SE1,20260620-2000,1.0
SE1,20260620-0400,1.0
SE1,20260620-0800,1.0
SE1,20260620-0000,49.25
SE1,20260620-0100,1.0
SE1,20260620-0700,1.0
SE1,20260620-0500,1.0
SE1,20260620-1200,1.0
SE1,20260620-1700,1.0
SE1,20260620-2200,1.0
SE1,20260620-0300,1.0
NO4,20260620-1000,30.81
NO4,20260620-1100,31.75
NO4,20260620-1600,39.9
NO4,20260620-0200,28.41
NO4,20260620-1800,37.01
NO4,20260620-0900,30.14
NO4,20260620-2100,29.8
NO4,20260620-2300,22.67
NO4,20260620-1400,37.06
NO4,20260620-1300,36.39
NO4,20260620-1900,36.36
NO4,20260620-1500,38.86
NO4,20260620-0600,22.02
NO4,20260620-2000,32.73
NO4,20260620-0400,25.72
NO4,20260620-0800,28.31
NO4,20260620-0000,29.68
NO4,20260620-0100,27.44
NO4,20260620-0700,21.76
NO4,20260620-0500,23.22
NO4,20260620-1200,33.8
NO4,20260620-1700,38.45
NO4,20260620-2200,24.54
NO4,20260620-0300,28.33
SE3,20260620-1000,14.4
SE3,20260620-1100,5.0
SE3,20260620-1600,88.61
SE3,20260620-0200,88.61
SE3,20260620-1800,90.22
SE3,20260620-0900,39.99
SE3,20260620-2100,90.22
SE3,20260620-2300,90.22
SE3,20260620-1400,51.3
SE3,20260620-1300,24.75
SE3,20260620-1900,90.72
SE3,20260620-1500,68.1
SE3,20260620-0600,88.61
SE3,20260620-2000,90.22
SE3,20260620-0400,88.61
SE3,20260620-0800,55.56
SE3,20260620-0000,88.61
SE3,20260620-0100,88.61
SE3,20260620-0700,59.69
SE3,20260620-0500,88.61
SE3,20260620-1200,5.0
SE3,20260620-1700,90.22
SE3,20260620-2200,90.22
SE3,20260620-0300,88.61
FR,20260620-1000,25.15
FR,20260620-1100,21.15
FR,20260620-1600,40.64
FR,20260620-0200,58.77
FR,20260620-1800,107.91
FR,20260620-0900,28.78
FR,20260620-2100,103.64
FR,20260620-2300,68.47
FR,20260620-1400,30.54
FR,20260620-1300,25.65
FR,20260620-1900,106.64
FR,20260620-1500,34.04
FR,20260620-0600,49.36
FR,20260620-2000,103.64
FR,20260620-0400,60.12
FR,20260620-0800,31.71
FR,20260620-0000,98.46
FR,20260620-0100,71.19
FR,20260620-0700,35.85
FR,20260620-0500,59.65
FR,20260620-1200,21.6
FR,20260620-1700,77.65
FR,20260620-2200,98.46
FR,20260620-0300,58.5
FI,20260620-1000,3.97
FI,20260620-1100,3.67
FI,20260620-1600,2.85
FI,20260620-0200,3.17
FI,20260620-1800,2.85
FI,20260620-0900,4.63
FI,20260620-2100,4.06
FI,20260620-2300,3.91
FI,20260620-1400,2.85
FI,20260620-1300,3.82
FI,20260620-1900,2.85
FI,20260620-1500,3.16
FI,20260620-0600,4.06
FI,20260620-2000,2.85
FI,20260620-0400,5.0
FI,20260620-0800,3.97
FI,20260620-0000,3.19
FI,20260620-0100,3.17
FI,20260620-0700,4.73
FI,20260620-0500,5.0
FI,20260620-1200,3.63
FI,20260620-1700,2.85
FI,20260620-2200,3.17
FI,20260620-0300,2.85
PL,20260620-1000,65.53
PL,20260620-1100,65.53
PL,20260620-1600,100.25
PL,20260620-0200,100.25
PL,20260620-1800,109.75
PL,20260620-0900,65.53
PL,20260620-2100,100.25
PL,20260620-2300,100.25
PL,20260620-1400,98.46
PL,20260620-1300,65.53
PL,20260620-1900,106.64
PL,20260620-1500,100.25
PL,20260620-0600,98.46
PL,20260620-2000,103.64
PL,20260620-0400,100.25
PL,20260620-0800,63.64
PL,20260620-0000,100.25
PL,20260620-0100,100.25
PL,20260620-0700,65.53
PL,20260620-0500,98.46
PL,20260620-1200,65.53
PL,20260620-1700,103.64
PL,20260620-2200,100.25
PL,20260620-0300,100.25
IT-Calabria,20260620-1000,105.43
IT-Calabria,20260620-1100,85.5
IT-Calabria,20260620-1600,118.15
IT-Calabria,20260620-0200,118.15
IT-Calabria,20260620-1800,206.43
IT-Calabria,20260620-0900,118.15
IT-Calabria,20260620-2100,118.15
IT-Calabria,20260620-2300,118.15
IT-Calabria,20260620-1400,118.15
IT-Calabria,20260620-1300,118.15
IT-Calabria,20260620-1900,152.1
IT-Calabria,20260620-1500,118.15
IT-Calabria,20260620-0600,118.15
IT-Calabria,20260620-2000,127.97
IT-Calabria,20260620-0400,118.15
IT-Calabria,20260620-0800,118.15
IT-Calabria,20260620-0000,118.15
IT-Calabria,20260620-0100,118.15
IT-Calabria,20260620-0700,118.15
IT-Calabria,20260620-0500,118.15
IT-Calabria,20260620-1200,88.1
IT-Calabria,20260620-1700,127.97
IT-Calabria,20260620-2200,118.15
IT-Calabria,20260620-0300,118.15
AT,20260620-1000,3.75
AT,20260620-1100,3.75
AT,20260620-1600,90.66
AT,20260620-0200,98.08
AT,20260620-1800,107.91
AT,20260620-0900,3.75
AT,20260620-2100,103.64
AT,20260620-2300,103.26
AT,20260620-1400,57.0
AT,20260620-1300,5.18
AT,20260620-1900,106.64
AT,20260620-1500,77.3
AT,20260620-0600,77.67
AT,20260620-2000,103.64
AT,20260620-0400,98.46
AT,20260620-0800,3.75
AT,20260620-0000,102.87
AT,20260620-0100,97.54
AT,20260620-0700,4.8
AT,20260620-0500,90.24
AT,20260620-1200,3.75
AT,20260620-1700,103.64
AT,20260620-2200,103.64
AT,20260620-0300,96.55
SE2,20260620-1000,1.0
SE2,20260620-1100,1.0
SE2,20260620-1600,1.0
SE2,20260620-0200,1.0
SE2,20260620-1800,1.0
SE2,20260620-0900,1.0
SE2,20260620-2100,1.0
SE2,20260620-2300,1.0
SE2,20260620-1400,1.0
SE2,20260620-1300,1.0
SE2,20260620-1900,1.0
SE2,20260620-1500,1.0
SE2,20260620-0600,1.0
SE2,20260620-2000,1.0
SE2,20260620-0400,1.0
SE2,20260620-0800,1.0
SE2,20260620-0000,1.0
SE2,20260620-0100,1.0
SE2,20260620-0700,1.0
SE2,20260620-0500,1.0
SE2,20260620-1200,1.0
SE2,20260620-1700,1.0
SE2,20260620-2200,1.0
SE2,20260620-0300,1.0
IT-NORTH,20260620-1000,105.43
IT-NORTH,20260620-1100,85.5
IT-NORTH,20260620-1600,118.15
IT-NORTH,20260620-0200,118.15
IT-NORTH,20260620-1800,206.43
IT-NORTH,20260620-0900,118.15
IT-NORTH,20260620-2100,118.15
IT-NORTH,20260620-2300,118.15
IT-NORTH,20260620-1400,118.15
IT-NORTH,20260620-1300,118.15
IT-NORTH,20260620-1900,152.1
IT-NORTH,20260620-1500,118.15
IT-NORTH,20260620-0600,118.15
IT-NORTH,20260620-2000,127.97
IT-NORTH,20260620-0400,118.15
IT-NORTH,20260620-0800,118.15
IT-NORTH,20260620-0000,118.15
IT-NORTH,20260620-0100,118.15
IT-NORTH,20260620-0700,118.15
IT-NORTH,20260620-0500,118.15
IT-NORTH,20260620-1200,88.1
IT-NORTH,20260620-1700,127.97
IT-NORTH,20260620-2200,118.15
IT-NORTH,20260620-0300,118.15
LT,20260620-1000,3.97
LT,20260620-1100,3.67
LT,20260620-1600,53.59
LT,20260620-0200,66.7
LT,20260620-1800,76.84
LT,20260620-0900,4.63
LT,20260620-2100,63.64
LT,20260620-2300,39.66
LT,20260620-1400,2.85
LT,20260620-1300,3.82
LT,20260620-1900,68.54
LT,20260620-1500,3.23
LT,20260620-0600,4.06
LT,20260620-2000,68.03
LT,20260620-0400,5.18
LT,20260620-0800,3.97
LT,20260620-0000,66.98
LT,20260620-0100,66.98
LT,20260620-0700,4.73
LT,20260620-0500,5.0
LT,20260620-1200,3.63
LT,20260620-1700,68.03
LT,20260620-2200,63.64
LT,20260620-0300,66.44
PT,20260620-1000,5.0
PT,20260620-1100,5.0
PT,20260620-1600,5.18
PT,20260620-0200,98.46
PT,20260620-1800,98.46
PT,20260620-0900,5.18
PT,20260620-2100,103.64
PT,20260620-2300,68.47
PT,20260620-1400,3.15
PT,20260620-1300,3.75
PT,20260620-1900,106.64
PT,20260620-1500,5.0
PT,20260620-0600,57.0
PT,20260620-2000,103.64
PT,20260620-0400,98.46
PT,20260620-0800,5.18
PT,20260620-0000,98.46
PT,20260620-0100,98.46
PT,20260620-0700,23.75
PT,20260620-0500,98.46
PT,20260620-1200,5.0
PT,20260620-1700,63.64
PT,20260620-2200,98.46
PT,20260620-0300,98.46
NO2,20260620-1000,16.0
NO2,20260620-1100,5.28
NO2,20260620-1600,103.64
NO2,20260620-0200,100.25
NO2,20260620-1800,103.64
NO2,20260620-0900,44.43
NO2,20260620-2100,103.64
NO2,20260620-2300,103.64
NO2,20260620-1400,57.0
NO2,20260620-1300,27.5
NO2,20260620-1900,103.64
NO2,20260620-1500,77.3
NO2,20260620-0600,98.46
NO2,20260620-2000,103.64
NO2,20260620-0400,98.46
NO2,20260620-0800,63.64
NO2,20260620-0000,100.25
NO2,20260620-0100,100.25
NO2,20260620-0700,73.99
NO2,20260620-0500,98.46
NO2,20260620-1200,5.28
NO2,20260620-1700,103.64
NO2,20260620-2200,103.64
NO2,20260620-0300,100.25
LV,20260620-1000,3.97
LV,20260620-1100,3.67
LV,20260620-1600,5.18
LV,20260620-0200,63.64
LV,20260620-1800,76.84
LV,20260620-0900,4.63
LV,20260620-2100,63.64
LV,20260620-2300,39.66
LV,20260620-1400,2.85
LV,20260620-1300,3.82
LV,20260620-1900,68.54
LV,20260620-1500,3.23
LV,20260620-0600,4.06
LV,20260620-2000,68.03
LV,20260620-0400,5.18
LV,20260620-0800,3.97
LV,20260620-0000,66.98
LV,20260620-0100,66.98
LV,20260620-0700,4.73
LV,20260620-0500,5.0
LV,20260620-1200,3.63
LV,20260620-1700,68.03
LV,20260620-2200,63.64
LV,20260620-0300,39.66
NL,20260620-1000,16.0
NL,20260620-1100,5.28
NL,20260620-1600,98.46
NL,20260620-0200,98.46
NL,20260620-1800,100.25
NL,20260620-0900,28.78
NL,20260620-2100,103.64
NL,20260620-2300,100.25
NL,20260620-1400,57.0
NL,20260620-1300,25.65
NL,20260620-1900,106.64
NL,20260620-1500,77.3
NL,20260620-0600,98.46
NL,20260620-2000,103.64
NL,20260620-0400,98.46
NL,20260620-0800,63.64
NL,20260620-0000,98.46
NL,20260620-0100,98.46
NL,20260620-0700,98.46
NL,20260620-0500,98.46
NL,20260620-1200,5.28
NL,20260620-1700,98.46
NL,20260620-2200,98.46
NL,20260620-0300,98.46
NO5,20260620-1000,17.05
NO5,20260620-1100,5.63
NO5,20260620-1600,103.64
NO5,20260620-0200,103.64
NO5,20260620-1800,103.64
NO5,20260620-0900,47.36
NO5,20260620-2100,103.64
NO5,20260620-2300,103.64
NO5,20260620-1400,60.76
NO5,20260620-1300,29.31
NO5,20260620-1900,103.64
NO5,20260620-1500,80.66
NO5,20260620-0600,103.64
NO5,20260620-2000,103.64
NO5,20260620-0400,103.64
NO5,20260620-0800,66.82
NO5,20260620-0000,103.64
NO5,20260620-0100,103.64
NO5,20260620-0700,87.82
NO5,20260620-0500,103.64
NO5,20260620-1200,5.63
NO5,20260620-1700,103.64
NO5,20260620-2200,103.64
NO5,20260620-0300,103.64
BE,20260620-1000,14.4
BE,20260620-1100,4.75
BE,20260620-1600,88.61
BE,20260620-0200,96.84
BE,20260620-1800,163.39
BE,20260620-0900,39.99
BE,20260620-2100,158.84
BE,20260620-2300,98.46
BE,20260620-1400,51.3
BE,20260620-1300,24.75
BE,20260620-1900,158.14
BE,20260620-1500,68.1
BE,20260620-0600,88.61
BE,20260620-2000,226.54
BE,20260620-0400,98.46
BE,20260620-0800,56.42
BE,20260620-0000,98.46
BE,20260620-0100,98.46
BE,20260620-0700,74.15
BE,20260620-0500,88.61
BE,20260620-1200,4.75
BE,20260620-1700,99.35
BE,20260620-2200,98.46
BE,20260620-0300,88.61
RO,20260620-1000,1.0
RO,20260620-1100,1.0
RO,20260620-1600,182.75
RO,20260620-0200,98.46
RO,20260620-1800,3000.0
RO,20260620-0900,1.0
RO,20260620-2100,178.62
RO,20260620-2300,114.17
RO,20260620-1400,9.5
RO,20260620-1300,5.0
RO,20260620-1900,3000.0
RO,20260620-1500,114.17
RO,20260620-0600,16.18
RO,20260620-2000,327.18
RO,20260620-0400,100.25
RO,20260620-0800,2.85
RO,20260620-0000,98.46
RO,20260620-0100,98.46
RO,20260620-0700,5.0
RO,20260620-0500,100.25
RO,20260620-1200,2.85
RO,20260620-1700,3000.0
RO,20260620-2200,114.17
RO,20260620-0300,98.46
DK2,20260620-1000,16.0
DK2,20260620-1100,5.28
DK2,20260620-1600,76.55
DK2,20260620-0200,98.46
DK2,20260620-1800,100.25
DK2,20260620-0900,28.78
DK2,20260620-2100,100.25
DK2,20260620-2300,100.25
DK2,20260620-1400,57.0
DK2,20260620-1300,25.65
DK2,20260620-1900,100.25
DK2,20260620-1500,63.03
DK2,20260620-0600,98.46
DK2,20260620-2000,100.25
DK2,20260620-0400,98.46
DK2,20260620-0800,63.64
DK2,20260620-0000,100.25
DK2,20260620-0100,100.25
DK2,20260620-0700,73.99
DK2,20260620-0500,98.46
DK2,20260620-1200,9.21
DK2,20260620-1700,100.25
DK2,20260620-2200,103.64
DK2,20260620-0300,100.25
BG,20260620-1000,1.0
BG,20260620-1100,1.0
BG,20260620-1600,98.46
BG,20260620-0200,98.46
BG,20260620-1800,176.72
BG,20260620-0900,1.0
BG,20260620-2100,114.17
BG,20260620-2300,114.17
BG,20260620-1400,9.5
BG,20260620-1300,5.0
BG,20260620-1900,152.1
BG,20260620-1500,13.62
BG,20260620-0600,4.8
BG,20260620-2000,114.17
BG,20260620-0400,63.64
BG,20260620-0800,2.85
BG,20260620-0000,98.46
BG,20260620-0100,98.46
BG,20260620-0700,1.0
BG,20260620-0500,5.18
BG,20260620-1200,2.85
BG,20260620-1700,114.17
BG,20260620-2200,114.17
BG,20260620-0300,98.46
IT-CSOUTH,20260620-1000,105.43
IT-CSOUTH,20260620-1100,85.5
IT-CSOUTH,20260620-1600,118.15
IT-CSOUTH,20260620-0200,118.15
IT-CSOUTH,20260620-1800,206.43
IT-CSOUTH,20260620-0900,118.15
IT-CSOUTH,20260620-2100,118.15
IT-CSOUTH,20260620-2300,118.15
IT-CSOUTH,20260620-1400,118.15
IT-CSOUTH,20260620-1300,118.15
IT-CSOUTH,20260620-1900,152.1
IT-CSOUTH,20260620-1500,118.15
IT-CSOUTH,20260620-0600,118.15
IT-CSOUTH,20260620-2000,127.97
IT-CSOUTH,20260620-0400,118.15
IT-CSOUTH,20260620-0800,118.15
IT-CSOUTH,20260620-0000,118.15
IT-CSOUTH,20260620-0100,118.15
IT-CSOUTH,20260620-0700,118.15
IT-CSOUTH,20260620-0500,118.15
IT-CSOUTH,20260620-1200,88.1
IT-CSOUTH,20260620-1700,127.97
IT-CSOUTH,20260620-2200,118.15
IT-CSOUTH,20260620-0300,118.15
CZ,20260620-1000,16.0
CZ,20260620-1100,10.5
CZ,20260620-1600,98.46
CZ,20260620-0200,100.25
CZ,20260620-1800,107.91
CZ,20260620-0900,28.78
CZ,20260620-2100,100.25
CZ,20260620-2300,100.25
CZ,20260620-1400,57.0
CZ,20260620-1300,25.65
CZ,20260620-1900,106.64
CZ,20260620-1500,77.3
CZ,20260620-0600,98.46
CZ,20260620-2000,103.64
CZ,20260620-0400,98.46
CZ,20260620-0800,63.64
CZ,20260620-0000,100.25
CZ,20260620-0100,100.25
CZ,20260620-0700,65.53
CZ,20260620-0500,98.46
CZ,20260620-1200,10.5
CZ,20260620-1700,103.64
CZ,20260620-2200,100.25
CZ,20260620-0300,98.46
NO3,20260620-1000,18.27
NO3,20260620-1100,6.03
NO3,20260620-1600,103.64
NO3,20260620-0200,103.64
NO3,20260620-1800,103.64
NO3,20260620-0900,50.73
NO3,20260620-2100,100.25
NO3,20260620-2300,90.22
NO3,20260620-1400,65.08
NO3,20260620-1300,31.4
NO3,20260620-1900,103.64
NO3,20260620-1500,86.4
NO3,20260620-0600,103.64
NO3,20260620-2000,100.25
NO3,20260620-0400,98.46
NO3,20260620-0800,71.57
NO3,20260620-0000,103.64
NO3,20260620-0100,103.64
NO3,20260620-0700,94.07
NO3,20260620-0500,103.64
NO3,20260620-1200,6.03
NO3,20260620-1700,103.64
NO3,20260620-2200,89.42
NO3,20260620-0300,98.46
NO1,20260620-1000,14.4
NO1,20260620-1100,4.8
NO1,20260620-1600,88.61
NO1,20260620-0200,92.76
NO1,20260620-1800,93.6
NO1,20260620-0900,39.99
NO1,20260620-2100,93.6
NO1,20260620-2300,93.6
NO1,20260620-1400,51.3
NO1,20260620-1300,24.75
NO1,20260620-1900,94.11
NO1,20260620-1500,70.65
NO1,20260620-0600,88.61
NO1,20260620-2000,93.6
NO1,20260620-0400,91.93
NO1,20260620-0800,56.42
NO1,20260620-0000,91.93
NO1,20260620-0100,91.93
NO1,20260620-0700,74.15
NO1,20260620-0500,91.93
NO1,20260620-1200,4.8
NO1,20260620-1700,92.76
NO1,20260620-2200,92.76
NO1,20260620-0300,91.93
DE_LU,20260620-1000,16.0
DE_LU,20260620-1100,5.28
DE_LU,20260620-1600,98.46
DE_LU,20260620-0200,100.25
DE_LU,20260620-1800,107.91
DE_LU,20260620-0900,28.78
DE_LU,20260620-2100,103.64
DE_LU,20260620-2300,103.26
DE_LU,20260620-1400,57.0
DE_LU,20260620-1300,25.65
DE_LU,20260620-1900,106.64
DE_LU,20260620-1500,77.3
DE_LU,20260620-0600,98.46
DE_LU,20260620-2000,103.64
DE_LU,20260620-0400,98.46
DE_LU,20260620-0800,63.64
DE_LU,20260620-0000,100.25
DE_LU,20260620-0100,100.25
DE_LU,20260620-0700,73.99
DE_LU,20260620-0500,98.46
DE_LU,20260620-1200,5.28
DE_LU,20260620-1700,103.64
DE_LU,20260620-2200,103.64
DE_LU,20260620-0300,100.25
SK,20260620-1000,14.4
SK,20260620-1100,4.75
SK,20260620-1600,88.61
SK,20260620-0200,89.42
SK,20260620-1800,90.22
SK,20260620-0900,39.99
SK,20260620-2100,90.22
SK,20260620-2300,90.22
SK,20260620-1400,51.3
SK,20260620-1300,24.75
SK,20260620-1900,90.72
SK,20260620-1500,68.1
SK,20260620-0600,88.61
SK,20260620-2000,90.22
SK,20260620-0400,88.61
SK,20260620-0800,56.42
SK,20260620-0000,88.61
SK,20260620-0100,88.61
SK,20260620-0700,74.15
SK,20260620-0500,88.61
SK,20260620-1200,4.75
SK,20260620-1700,89.42
SK,20260620-2200,89.42
SK,20260620-0300,88.61
EE,20260620-1000,3.97
EE,20260620-1100,3.67
EE,20260620-1600,5.18
EE,20260620-0200,63.64
EE,20260620-1800,75.34
EE,20260620-0900,4.63
EE,20260620-2100,63.64
EE,20260620-2300,39.66
EE,20260620-1400,2.85
EE,20260620-1300,3.82
EE,20260620-1900,68.54
EE,20260620-1500,3.23
EE,20260620-0600,4.06
EE,20260620-2000,68.03
EE,20260620-0400,5.0
EE,20260620-0800,3.97
EE,20260620-0000,66.98
EE,20260620-0100,66.98
EE,20260620-0700,4.73
EE,20260620-0500,5.0
EE,20260620-1200,3.63
EE,20260620-1700,68.03
EE,20260620-2200,63.64
EE,20260620-0300,39.66
SE4,20260620-1000,16.0
SE4,20260620-1100,5.28
SE4,20260620-1600,53.59
SE4,20260620-0200,66.7
SE4,20260620-1800,76.84
SE4,20260620-0900,28.78
SE4,20260620-2100,67.77
SE4,20260620-2300,67.59
SE4,20260620-1400,57.0
SE4,20260620-1300,25.65
SE4,20260620-1900,68.54
SE4,20260620-1500,45.67
SE4,20260620-0600,66.29
SE4,20260620-2000,68.03
SE4,20260620-0400,66.52
SE4,20260620-0800,63.64
SE4,20260620-0000,66.98
SE4,20260620-0100,66.98
SE4,20260620-0700,45.25
SE4,20260620-0500,66.37
SE4,20260620-1200,9.21
SE4,20260620-1700,68.03
SE4,20260620-2200,67.49
SE4,20260620-0300,66.44
SI,20240710-1700,155.32
SI,20240710-0700,78.93
SI,20240710-0300,78.93
SI,20240710-1400,94.71
SI,20240710-0500,94.71
SI,20240710-0000,78.93
SI,20240710-1000,78.93
SI,20240710-1200,78.93
SI,20240710-1500,94.71
SI,20240710-0200,78.93
SI,20240710-0400,89.74
SI,20240710-2300,94.71
SI,20240710-1100,78.93
SI,20240710-1800,142.17
SI,20240710-2000,94.71
SI,20240710-0100,78.93
SI,20240710-0600,78.93
SI,20240710-1600,101.7
SI,20240710-2200,94.71
SI,20240710-1300,78.93
SI,20240710-2100,94.71
SI,20240710-0900,78.93
SI,20240710-0800,78.93
SI,20240710-1900,101.7
ES,20240710-1700,78.42
ES,20240710-0700,73.37
ES,20240710-0300,78.93
ES,20240710-1400,34.76
ES,20240710-0500,78.93
ES,20240710-0000,78.93
ES,20240710-1000,41.02
ES,20240710-1200,34.12
ES,20240710-1500,37.55
ES,20240710-0200,78.93
ES,20240710-0400,78.93
ES,20240710-2300,78.93
ES,20240710-1100,36.72
ES,20240710-1800,78.93
ES,20240710-2000,143.49
ES,20240710-0100,78.93
ES,20240710-0600,78.93
ES,20240710-1600,43.08
ES,20240710-2200,78.93
ES,20240710-1300,34.19
ES,20240710-2100,94.71
ES,20240710-0900,41.44
ES,20240710-0800,45.54
ES,20240710-1900,145.39
GR,20240710-1700,155.32
GR,20240710-0700,78.93
GR,20240710-0300,78.93
GR,20240710-1400,94.71
GR,20240710-0500,87.57
GR,20240710-0000,78.93
GR,20240710-1000,78.93
GR,20240710-1200,78.93
GR,20240710-1500,105.52
GR,20240710-0200,78.93
GR,20240710-0400,89.74
GR,20240710-2300,94.71
GR,20240710-1100,78.93
GR,20240710-1800,163.36
GR,20240710-2000,132.52
GR,20240710-0100,78.93
GR,20240710-0600,87.33
GR,20240710-1600,146.25
GR,20240710-2200,101.7
GR,20240710-1300,88.7
GR,20240710-2100,102.28
GR,20240710-0900,76.82
GR,20240710-0800,78.93
GR,20240710-1900,156.96
IT-CNORTH,20240710-1700,94.71
IT-CNORTH,20240710-0700,94.71
IT-CNORTH,20240710-0300,94.71
IT-CNORTH,20240710-1400,94.71
IT-CNORTH,20240710-0500,94.71
IT-CNORTH,20240710-0000,94.71
IT-CNORTH,20240710-1000,94.71
IT-CNORTH,20240710-1200,94.71
IT-CNORTH,20240710-1500,94.71
IT-CNORTH,20240710-0200,94.71
IT-CNORTH,20240710-0400,94.71
IT-CNORTH,20240710-2300,94.71
IT-CNORTH,20240710-1100,94.71
IT-CNORTH,20240710-1800,94.71
IT-CNORTH,20240710-2000,94.71
IT-CNORTH,20240710-0100,94.71
IT-CNORTH,20240710-0600,94.71
IT-CNORTH,20240710-1600,94.71
IT-CNORTH,20240710-2200,94.71
IT-CNORTH,20240710-1300,94.71
IT-CNORTH,20240710-2100,94.71
IT-CNORTH,20240710-0900,94.71
IT-CNORTH,20240710-0800,94.71
IT-CNORTH,20240710-1900,94.71
HU,20240710-1700,155.32
HU,20240710-0700,78.93
HU,20240710-0300,78.93
HU,20240710-1400,96.42
HU,20240710-0500,97.55
HU,20240710-0000,78.93
HU,20240710-1000,78.93
HU,20240710-1200,78.93
HU,20240710-1500,126.61
HU,20240710-0200,78.93
HU,20240710-0400,89.74
HU,20240710-2300,94.71
HU,20240710-1100,78.93
HU,20240710-1800,163.36
HU,20240710-2000,132.52
HU,20240710-0100,78.93
HU,20240710-0600,78.93
HU,20240710-1600,149.12
HU,20240710-2200,101.7
HU,20240710-1300,78.93
HU,20240710-2100,102.28
HU,20240710-0900,78.93
HU,20240710-0800,78.93
HU,20240710-1900,156.96
IT-SOUTH,20240710-1700,94.71
IT-SOUTH,20240710-0700,94.71
IT-SOUTH,20240710-0300,94.71
IT-SOUTH,20240710-1400,94.71
IT-SOUTH,20240710-0500,94.71
IT-SOUTH,20240710-0000,94.71
IT-SOUTH,20240710-1000,94.71
IT-SOUTH,20240710-1200,94.71
IT-SOUTH,20240710-1500,94.71
IT-SOUTH,20240710-0200,94.71
IT-SOUTH,20240710-0400,94.71
IT-SOUTH,20240710-2300,94.71
IT-SOUTH,20240710-1100,94.71
IT-SOUTH,20240710-1800,94.71
IT-SOUTH,20240710-2000,94.71
IT-SOUTH,20240710-0100,94.71
IT-SOUTH,20240710-0600,94.71
IT-SOUTH,20240710-1600,94.71
IT-SOUTH,20240710-2200,94.71
IT-SOUTH,20240710-1300,94.71
IT-SOUTH,20240710-2100,94.71
IT-SOUTH,20240710-0900,94.71
IT-SOUTH,20240710-0800,94.71
IT-SOUTH,20240710-1900,94.71
IT-Sicily,20240710-1700,94.71
IT-Sicily,20240710-0700,94.71
IT-Sicily,20240710-0300,94.71
IT-Sicily,20240710-1400,94.71
IT-Sicily,20240710-0500,94.71
IT-Sicily,20240710-0000,94.71
IT-Sicily,20240710-1000,94.71
IT-Sicily,20240710-1200,94.71
IT-Sicily,20240710-1500,94.71
IT-Sicily,20240710-0200,94.71
IT-Sicily,20240710-0400,94.71
IT-Sicily,20240710-2300,94.71
IT-Sicily,20240710-1100,94.71
IT-Sicily,20240710-1800,94.71
IT-Sicily,20240710-2000,94.71
IT-Sicily,20240710-0100,94.71
IT-Sicily,20240710-0600,94.71
IT-Sicily,20240710-1600,94.71
IT-Sicily,20240710-2200,94.71
IT-Sicily,20240710-1300,94.71
IT-Sicily,20240710-2100,94.71
IT-Sicily,20240710-0900,94.71
IT-Sicily,20240710-0800,94.71
IT-Sicily,20240710-1900,94.71
IT-Sardinia,20240710-1700,94.71
IT-Sardinia,20240710-0700,94.71
IT-Sardinia,20240710-0300,94.71
IT-Sardinia,20240710-1400,94.71
IT-Sardinia,20240710-0500,94.71
IT-Sardinia,20240710-0000,94.71
IT-Sardinia,20240710-1000,94.71
IT-Sardinia,20240710-1200,94.71
IT-Sardinia,20240710-1500,94.71
IT-Sardinia,20240710-0200,94.71
IT-Sardinia,20240710-0400,94.71
IT-Sardinia,20240710-2300,94.71
IT-Sardinia,20240710-1100,94.71
IT-Sardinia,20240710-1800,94.71
IT-Sardinia,20240710-2000,109.53
IT-Sardinia,20240710-0100,94.71
IT-Sardinia,20240710-0600,94.71
IT-Sardinia,20240710-1600,94.71
IT-Sardinia,20240710-2200,94.71
IT-Sardinia,20240710-1300,94.71
IT-Sardinia,20240710-2100,109.53
IT-Sardinia,20240710-0900,94.71
IT-Sardinia,20240710-0800,94.71
IT-Sardinia,20240710-1900,109.53
RS,20240710-1700,155.32
RS,20240710-0700,101.7
RS,20240710-0300,78.93
RS,20240710-1400,101.7
RS,20240710-0500,101.7
RS,20240710-0000,78.93
RS,20240710-1000,101.7
RS,20240710-1200,101.7
RS,20240710-1500,126.61
RS,20240710-0200,78.93
RS,20240710-0400,89.74
RS,20240710-2300,94.71
RS,20240710-1100,101.7
RS,20240710-1800,163.36
RS,20240710-2000,132.52
RS,20240710-0100,78.93
RS,20240710-0600,101.7
RS,20240710-1600,149.12
RS,20240710-2200,101.7
RS,20240710-1300,101.7
RS,20240710-2100,102.28
RS,20240710-0900,101.7
RS,20240710-0800,101.7
RS,20240710-1900,156.96
DK1,20240710-1700,101.7
DK1,20240710-0700,91.28
DK1,20240710-0300,32.74
DK1,20240710-1400,87.44
DK1,20240710-0500,57.0
DK1,20240710-0000,70.62
DK1,20240710-1000,78.93
DK1,20240710-1200,77.91
DK1,20240710-1500,91.28
DK1,20240710-0200,25.42
DK1,20240710-0400,32.74
DK1,20240710-2300,91.28
DK1,20240710-1100,78.93
DK1,20240710-1800,101.7
DK1,20240710-2000,101.7
DK1,20240710-0100,57.0
DK1,20240710-0600,78.93
DK1,20240710-1600,99.54
DK1,20240710-2200,91.28
DK1,20240710-1300,78.93
DK1,20240710-2100,101.7
DK1,20240710-0900,78.93
DK1,20240710-0800,78.93
DK1,20240710-1900,91.28
CH,20240710-1700,78.42
CH,20240710-0700,73.37
CH,20240710-0300,67.57
CH,20240710-1400,64.66
CH,20240710-0500,73.55
CH,20240710-0000,67.19
CH,20240710-1000,63.18
CH,20240710-1200,61.25
CH,20240710-1500,71.49
CH,20240710-0200,67.39
CH,20240710-0400,72.28
CH,20240710-2300,72.67
CH,20240710-1100,63.18
CH,20240710-1800,80.44
CH,20240710-2000,82.01
CH,20240710-0100,67.19
CH,20240710-0600,78.93
CH,20240710-1600,74.94
CH,20240710-2200,78.93
CH,20240710-1300,61.66
CH,20240710-2100,82.5
CH,20240710-0900,63.24
CH,20240710-0800,67.91
CH,20240710-1900,80.35
SE1,20240710-1700,1.0
SE1,20240710-0700,36.25
SE1,20240710-0300,39.07
SE1,20240710-1400,21.98
SE1,20240710-0500,39.13
SE1,20240710-0000,39.32
SE1,20240710-1000,23.85
SE1,20240710-1200,21.98
SE1,20240710-1500,1.0
SE1,20240710-0200,40.29
SE1,20240710-0400,37.77
SE1,20240710-2300,1.0
SE1,20240710-1100,21.98
SE1,20240710-1800,1.0
SE1,20240710-2000,1.0
SE1,20240710-0100,38.62
SE1,20240710-0600,39.23
SE1,20240710-1600,1.0
SE1,20240710-2200,1.0
SE1,20240710-1300,21.98
SE1,20240710-2100,1.0
SE1,20240710-0900,28.37
SE1,20240710-0800,32.08
SE1,20240710-1900,1.0
NO4,20240710-1700,42.41
NO4,20240710-0700,42.32
NO4,20240710-0300,37.42
NO4,20240710-1400,41.72
NO4,20240710-0500,43.0
NO4,20240710-0000,34.07
NO4,20240710-1000,40.59
NO4,20240710-1200,40.64
NO4,20240710-1500,41.98
NO4,20240710-0200,37.91
NO4,20240710-0400,40.61
NO4,20240710-2300,23.51
NO4,20240710-1100,40.47
NO4,20240710-1800,39.89
NO4,20240710-2000,34.7
NO4,20240710-0100,34.89
NO4,20240710-0600,43.09
NO4,20240710-1600,42.12
NO4,20240710-2200,27.23
NO4,20240710-1300,42.09
NO4,20240710-2100,31.28
NO4,20240710-0900,42.3
NO4,20240710-0800,41.26
NO4,20240710-1900,37.5
SE3,20240710-1700,83.08
SE3,20240710-0700,82.15
SE3,20240710-0300,5.0
SE3,20240710-1400,78.7
SE3,20240710-0500,51.3
SE3,20240710-0000,63.56
SE3,20240710-1000,71.04
SE3,20240710-1200,70.12
SE3,20240710-1500,82.15
SE3,20240710-0200,5.0
SE3,20240710-0400,1.0
SE3,20240710-2300,82.15
SE3,20240710-1100,71.04
SE3,20240710-1800,83.08
SE3,20240710-2000,83.08
SE3,20240710-0100,51.3
SE3,20240710-0600,71.04
SE3,20240710-1600,83.08
SE3,20240710-2200,82.15
SE3,20240710-1300,71.04
SE3,20240710-2100,83.08
SE3,20240710-0900,71.04
SE3,20240710-0800,71.04
SE3,20240710-1900,82.15
FR,20240710-1700,78.42
FR,20240710-0700,73.37
FR,20240710-0300,41.59
FR,20240710-1400,34.76
FR,20240710-0500,58.37
FR,20240710-0000,43.08
FR,20240710-1000,41.02
FR,20240710-1200,34.12
FR,20240710-1500,37.55
FR,20240710-0200,41.59
FR,20240710-0400,43.08
FR,20240710-2300,72.67
FR,20240710-1100,36.72
FR,20240710-1800,78.93
FR,20240710-2000,93.94
FR,20240710-0100,41.4
FR,20240710-0600,78.93
FR,20240710-1600,43.08
FR,20240710-2200,78.93
FR,20240710-1300,34.19
FR,20240710-2100,94.71
FR,20240710-0900,41.44
FR,20240710-0800,45.54
FR,20240710-1900,80.35
FI,20240710-1700,43.08
FI,20240710-0700,14.33
FI,20240710-0300,11.38
FI,20240710-1400,30.0
FI,20240710-0500,10.97
FI,20240710-0000,9.5
FI,20240710-1000,13.99
FI,20240710-1200,14.73
FI,20240710-1500,30.0
FI,20240710-0200,10.91
FI,20240710-0400,11.27
FI,20240710-2300,5.0
FI,20240710-1100,13.95
FI,20240710-1800,43.08
FI,20240710-2000,20.39
FI,20240710-0100,9.5
FI,20240710-0600,13.66
FI,20240710-1600,43.08
FI,20240710-2200,5.0
FI,20240710-1300,30.0
FI,20240710-2100,9.5
FI,20240710-0900,14.46
FI,20240710-0800,18.98
FI,20240710-1900,57.0
PL,20240710-1700,101.7
PL,20240710-0700,91.28
PL,20240710-0300,91.28
PL,20240710-1400,91.28
PL,20240710-0500,91.28
PL,20240710-0000,91.28
PL,20240710-1000,91.28
PL,20240710-1200,91.28
PL,20240710-1500,101.7
PL,20240710-0200,91.28
PL,20240710-0400,91.28
PL,20240710-2300,91.28
PL,20240710-1100,91.28
PL,20240710-1800,101.7
PL,20240710-2000,101.7
PL,20240710-0100,91.28
PL,20240710-0600,91.28
PL,20240710-1600,101.7
PL,20240710-2200,92.13
PL,20240710-1300,91.28
PL,20240710-2100,101.7
PL,20240710-0900,91.28
PL,20240710-0800,91.28
PL,20240710-1900,101.7
IT-Calabria,20240710-1700,94.71
IT-Calabria,20240710-0700,94.71
IT-Calabria,20240710-0300,94.71
IT-Calabria,20240710-1400,94.71
IT-Calabria,20240710-0500,94.71
IT-Calabria,20240710-0000,94.71
IT-Calabria,20240710-1000,94.71
IT-Calabria,20240710-1200,94.71
IT-Calabria,20240710-1500,94.71
IT-Calabria,20240710-0200,94.71
IT-Calabria,20240710-0400,94.71
IT-Calabria,20240710-2300,94.71
IT-Calabria,20240710-1100,94.71
IT-Calabria,20240710-1800,94.71
IT-Calabria,20240710-2000,94.71
IT-Calabria,20240710-0100,94.71
IT-Calabria,20240710-0600,94.71
IT-Calabria,20240710-1600,94.71
IT-Calabria,20240710-2200,94.71
IT-Calabria,20240710-1300,94.71
IT-Calabria,20240710-2100,94.71
IT-Calabria,20240710-0900,94.71
IT-Calabria,20240710-0800,94.71
IT-Calabria,20240710-1900,94.71
AT,20240710-1700,78.42
AT,20240710-0700,73.37
AT,20240710-0300,67.19
AT,20240710-1400,59.2
AT,20240710-0500,73.46
AT,20240710-0000,67.19
AT,20240710-1000,61.08
AT,20240710-1200,53.82
AT,20240710-1500,67.19
AT,20240710-0200,67.19
AT,20240710-0400,67.19
AT,20240710-2300,72.67
AT,20240710-1100,61.08
AT,20240710-1800,64.89
AT,20240710-2000,63.42
AT,20240710-0100,67.19
AT,20240710-0600,80.49
AT,20240710-1600,67.19
AT,20240710-2200,82.21
AT,20240710-1300,53.82
AT,20240710-2100,59.54
AT,20240710-0900,61.08
AT,20240710-0800,67.91
AT,20240710-1900,64.06
SE2,20240710-1700,1.0
SE2,20240710-0700,36.25
SE2,20240710-0300,39.07
SE2,20240710-1400,21.98
SE2,20240710-0500,39.13
SE2,20240710-0000,39.32
SE2,20240710-1000,23.85
SE2,20240710-1200,21.98
SE2,20240710-1500,1.0
SE2,20240710-0200,40.29
SE2,20240710-0400,37.77
SE2,20240710-2300,1.0
SE2,20240710-1100,21.98
SE2,20240710-1800,1.0
SE2,20240710-2000,1.0
SE2,20240710-0100,38.62
SE2,20240710-0600,39.23
SE2,20240710-1600,1.0
SE2,20240710-2200,1.0
SE2,20240710-1300,21.98
SE2,20240710-2100,1.0
SE2,20240710-0900,28.37
SE2,20240710-0800,32.08
SE2,20240710-1900,1.0
IT-NORTH,20240710-1700,94.71
IT-NORTH,20240710-0700,94.71
IT-NORTH,20240710-0300,94.71
IT-NORTH,20240710-1400,94.71
IT-NORTH,20240710-0500,94.71
IT-NORTH,20240710-0000,94.71
IT-NORTH,20240710-1000,94.71
IT-NORTH,20240710-1200,94.71
IT-NORTH,20240710-1500,94.71
IT-NORTH,20240710-0200,94.71
IT-NORTH,20240710-0400,94.71
IT-NORTH,20240710-2300,94.71
IT-NORTH,20240710-1100,94.71
IT-NORTH,20240710-1800,94.71
IT-NORTH,20240710-2000,94.71
IT-NORTH,20240710-0100,94.71
IT-NORTH,20240710-0600,94.71
IT-NORTH,20240710-1600,94.71
IT-NORTH,20240710-2200,94.71
IT-NORTH,20240710-1300,94.71
IT-NORTH,20240710-2100,94.71
IT-NORTH,20240710-0900,94.71
IT-NORTH,20240710-0800,94.71
IT-NORTH,20240710-1900,94.71
LT,20240710-1700,101.7
LT,20240710-0700,71.22
LT,20240710-0300,75.34
LT,20240710-1400,78.93
LT,20240710-0500,78.93
LT,20240710-0000,39.66
LT,20240710-1000,64.95
LT,20240710-1200,77.91
LT,20240710-1500,81.08
LT,20240710-0200,43.08
LT,20240710-0400,75.34
LT,20240710-2300,78.54
LT,20240710-1100,64.95
LT,20240710-1800,99.33
LT,20240710-2000,83.08
LT,20240710-0100,39.66
LT,20240710-0600,78.93
LT,20240710-1600,99.54
LT,20240710-2200,78.68
LT,20240710-1300,75.34
LT,20240710-2100,58.72
LT,20240710-0900,64.18
LT,20240710-0800,64.18
LT,20240710-1900,81.08
PT,20240710-1700,78.42
PT,20240710-0700,73.37
PT,20240710-0300,78.93
PT,20240710-1400,34.76
PT,20240710-0500,78.93
PT,20240710-0000,78.93
PT,20240710-1000,41.02
PT,20240710-1200,34.12
PT,20240710-1500,37.55
PT,20240710-0200,78.93
PT,20240710-0400,78.93
PT,20240710-2300,78.93
PT,20240710-1100,36.72
PT,20240710-1800,78.93
PT,20240710-2000,143.49
PT,20240710-0100,78.93
PT,20240710-0600,78.93
PT,20240710-1600,43.08
PT,20240710-2200,78.93
PT,20240710-1300,34.19
PT,20240710-2100,94.71
PT,20240710-0900,41.44
PT,20240710-0800,45.54
PT,20240710-1900,145.39
NO2,20240710-1700,83.08
NO2,20240710-0700,82.15
NO2,20240710-0300,71.04
NO2,20240710-1400,76.28
NO2,20240710-0500,78.65
NO2,20240710-0000,65.92
NO2,20240710-1000,71.04
NO2,20240710-1200,70.12
NO2,20240710-1500,78.65
NO2,20240710-0200,71.04
NO2,20240710-0400,78.65
NO2,20240710-2300,78.65
NO2,20240710-1100,71.04
NO2,20240710-1800,83.08
NO2,20240710-2000,83.08
NO2,20240710-0100,69.31
NO2,20240710-0600,78.65
NO2,20240710-1600,83.08
NO2,20240710-2200,78.65
NO2,20240710-1300,71.04
NO2,20240710-2100,83.08
NO2,20240710-0900,71.04
NO2,20240710-0800,71.04
NO2,20240710-1900,83.08
LV,20240710-1700,101.7
LV,20240710-0700,71.22
LV,20240710-0300,75.34
LV,20240710-1400,78.93
LV,20240710-0500,78.93
LV,20240710-0000,39.66
LV,20240710-1000,64.95
LV,20240710-1200,77.91
LV,20240710-1500,81.08
LV,20240710-0200,43.08
LV,20240710-0400,75.34
LV,20240710-2300,78.54
LV,20240710-1100,64.95
LV,20240710-1800,99.33
LV,20240710-2000,83.08
LV,20240710-0100,39.66
LV,20240710-0600,78.93
LV,20240710-1600,99.54
LV,20240710-2200,78.68
LV,20240710-1300,75.34
LV,20240710-2100,58.72
LV,20240710-0900,64.18
LV,20240710-0800,64.18
LV,20240710-1900,81.08
NL,20240710-1700,78.93
NL,20240710-0700,91.28
NL,20240710-0300,78.93
NL,20240710-1400,78.93
NL,20240710-0500,78.93
NL,20240710-0000,78.93
NL,20240710-1000,78.93
NL,20240710-1200,77.91
NL,20240710-1500,78.93
NL,20240710-0200,78.93
NL,20240710-0400,78.93
NL,20240710-2300,78.93
NL,20240710-1100,78.93
NL,20240710-1800,78.93
NL,20240710-2000,83.08
NL,20240710-0100,78.93
NL,20240710-0600,78.93
NL,20240710-1600,78.93
NL,20240710-2200,78.93
NL,20240710-1300,78.93
NL,20240710-2100,83.08
NL,20240710-0900,78.93
NL,20240710-0800,78.93
NL,20240710-1900,83.08
NO5,20240710-1700,81.28
NO5,20240710-0700,82.15
NO5,20240710-0300,71.04
NO5,20240710-1400,74.87
NO5,20240710-0500,76.59
NO5,20240710-0000,67.3
NO5,20240710-1000,71.04
NO5,20240710-1200,70.12
NO5,20240710-1500,76.59
NO5,20240710-0200,71.04
NO5,20240710-0400,76.59
NO5,20240710-2300,76.59
NO5,20240710-1100,71.04
NO5,20240710-1800,81.28
NO5,20240710-2000,81.28
NO5,20240710-0100,69.78
NO5,20240710-0600,76.59
NO5,20240710-1600,80.31
NO5,20240710-2200,76.59
NO5,20240710-1300,71.04
NO5,20240710-2100,81.28
NO5,20240710-0900,71.04
NO5,20240710-0800,71.04
NO5,20240710-1900,81.28
BE,20240710-1700,78.93
BE,20240710-0700,78.93
BE,20240710-0300,78.93
BE,20240710-1400,9.5
BE,20240710-0500,76.59
BE,20240710-0000,67.3
BE,20240710-1000,12.52
BE,20240710-1200,9.5
BE,20240710-1500,12.5
BE,20240710-0200,71.04
BE,20240710-0400,78.93
BE,20240710-2300,76.59
BE,20240710-1100,9.5
BE,20240710-1800,81.28
BE,20240710-2000,81.28
BE,20240710-0100,69.78
BE,20240710-0600,76.59
BE,20240710-1600,57.0
BE,20240710-2200,76.59
BE,20240710-1300,5.0
BE,20240710-2100,81.28
BE,20240710-0900,43.08
BE,20240710-0800,71.04
BE,20240710-1900,81.28
RO,20240710-1700,155.32
RO,20240710-0700,78.93
RO,20240710-0300,78.93
RO,20240710-1400,101.7
RO,20240710-0500,101.7
RO,20240710-0000,78.93
RO,20240710-1000,78.93
RO,20240710-1200,78.93
RO,20240710-1500,126.61
RO,20240710-0200,78.93
RO,20240710-0400,89.74
RO,20240710-2300,94.71
RO,20240710-1100,78.93
RO,20240710-1800,163.36
RO,20240710-2000,132.52
RO,20240710-0100,78.93
RO,20240710-0600,101.7
RO,20240710-1600,149.12
RO,20240710-2200,101.7
RO,20240710-1300,88.7
RO,20240710-2100,102.28
RO,20240710-0900,76.82
RO,20240710-0800,78.93
RO,20240710-1900,156.96
DK2,20240710-1700,101.7
DK2,20240710-0700,91.28
DK2,20240710-0300,32.74
DK2,20240710-1400,87.44
DK2,20240710-0500,48.27
DK2,20240710-0000,24.65
DK2,20240710-1000,78.93
DK2,20240710-1200,77.91
DK2,20240710-1500,91.28
DK2,20240710-0200,25.42
DK2,20240710-0400,32.74
DK2,20240710-2300,91.28
DK2,20240710-1100,78.93
DK2,20240710-1800,101.7
DK2,20240710-2000,101.7
DK2,20240710-0100,24.65
DK2,20240710-0600,78.93
DK2,20240710-1600,99.54
DK2,20240710-2200,91.28
DK2,20240710-1300,78.93
DK2,20240710-2100,58.72
DK2,20240710-0900,78.93
DK2,20240710-0800,78.93
DK2,20240710-1900,91.28
BG,20240710-1700,155.32
BG,20240710-0700,78.93
BG,20240710-0300,78.93
BG,20240710-1400,101.7
BG,20240710-0500,101.7
BG,20240710-0000,78.93
BG,20240710-1000,78.93
BG,20240710-1200,78.93
BG,20240710-1500,126.61
BG,20240710-0200,78.93
BG,20240710-0400,89.74
BG,20240710-2300,94.71
BG,20240710-1100,78.93
BG,20240710-1800,163.36
BG,20240710-2000,132.52
BG,20240710-0100,78.93
BG,20240710-0600,101.7
BG,20240710-1600,149.12
BG,20240710-2200,101.7
BG,20240710-1300,88.7
BG,20240710-2100,102.28
BG,20240710-0900,76.82
BG,20240710-0800,78.93
BG,20240710-1900,156.96
IT-CSOUTH,20240710-1700,94.71
IT-CSOUTH,20240710-0700,94.71
IT-CSOUTH,20240710-0300,94.71
IT-CSOUTH,20240710-1400,94.71
IT-CSOUTH,20240710-0500,94.71
IT-CSOUTH,20240710-0000,94.71
IT-CSOUTH,20240710-1000,94.71
IT-CSOUTH,20240710-1200,94.71
IT-CSOUTH,20240710-1500,94.71
IT-CSOUTH,20240710-0200,94.71
IT-CSOUTH,20240710-0400,94.71
IT-CSOUTH,20240710-2300,94.71
IT-CSOUTH,20240710-1100,94.71
IT-CSOUTH,20240710-1800,94.71
IT-CSOUTH,20240710-2000,94.71
IT-CSOUTH,20240710-0100,94.71
IT-CSOUTH,20240710-0600,94.71
IT-CSOUTH,20240710-1600,94.71
IT-CSOUTH,20240710-2200,94.71
IT-CSOUTH,20240710-1300,94.71
IT-CSOUTH,20240710-2100,94.71
IT-CSOUTH,20240710-0900,94.71
IT-CSOUTH,20240710-0800,94.71
IT-CSOUTH,20240710-1900,94.71
CZ,20240710-1700,101.7
CZ,20240710-0700,91.28
CZ,20240710-0300,78.93
CZ,20240710-1400,89.07
CZ,20240710-0500,91.28
CZ,20240710-0000,78.93
CZ,20240710-1000,90.59
CZ,20240710-1200,78.93
CZ,20240710-1500,101.7
CZ,20240710-0200,78.93
CZ,20240710-0400,91.28
CZ,20240710-2300,87.28
CZ,20240710-1100,90.19
CZ,20240710-1800,101.7
CZ,20240710-2000,101.7
CZ,20240710-0100,76.88
CZ,20240710-0600,91.28
CZ,20240710-1600,101.7
CZ,20240710-2200,91.28
CZ,20240710-1300,78.93
CZ,20240710-2100,101.7
CZ,20240710-0900,101.7
CZ,20240710-0800,78.93
CZ,20240710-1900,101.7
NO3,20240710-1700,81.31
NO3,20240710-0700,82.18
NO3,20240710-0300,71.06
NO3,20240710-1400,74.89
NO3,20240710-0500,76.62
NO3,20240710-0000,74.78
NO3,20240710-1000,71.06
NO3,20240710-1200,70.14
NO3,20240710-1500,76.62
NO3,20240710-0200,71.06
NO3,20240710-0400,85.1
NO3,20240710-2300,76.62
NO3,20240710-1100,71.06
NO3,20240710-1800,81.31
NO3,20240710-2000,81.31
NO3,20240710-0100,77.53
NO3,20240710-0600,76.62
NO3,20240710-1600,80.34
NO3,20240710-2200,76.62
NO3,20240710-1300,71.06
NO3,20240710-2100,81.31
NO3,20240710-0900,71.06
NO3,20240710-0800,71.06
NO3,20240710-1900,81.31
NO1,20240710-1700,81.28
NO1,20240710-0700,82.15
NO1,20240710-0300,71.04
NO1,20240710-1400,74.87
NO1,20240710-0500,76.59
NO1,20240710-0000,67.3
NO1,20240710-1000,71.04
NO1,20240710-1200,70.12
NO1,20240710-1500,76.59
NO1,20240710-0200,71.04
NO1,20240710-0400,76.59
NO1,20240710-2300,76.59
NO1,20240710-1100,71.04
NO1,20240710-1800,81.28
NO1,20240710-2000,81.28
NO1,20240710-0100,69.78
NO1,20240710-0600,76.59
NO1,20240710-1600,80.31
NO1,20240710-2200,76.59
NO1,20240710-1300,71.04
NO1,20240710-2100,81.28
NO1,20240710-0900,71.04
NO1,20240710-0800,71.04
NO1,20240710-1900,81.28
DE_LU,20240710-1700,101.7
DE_LU,20240710-0700,91.28
DE_LU,20240710-0300,78.93
DE_LU,20240710-1400,87.44
DE_LU,20240710-0500,91.28
DE_LU,20240710-0000,70.62
DE_LU,20240710-1000,78.93
DE_LU,20240710-1200,77.91
DE_LU,20240710-1500,91.28
DE_LU,20240710-0200,78.93
DE_LU,20240710-0400,91.28
DE_LU,20240710-2300,91.28
DE_LU,20240710-1100,78.93
DE_LU,20240710-1800,101.7
DE_LU,20240710-2000,101.7
DE_LU,20240710-0100,76.13
DE_LU,20240710-0600,91.28
DE_LU,20240710-1600,99.54
DE_LU,20240710-2200,91.28
DE_LU,20240710-1300,78.93
DE_LU,20240710-2100,101.7
DE_LU,20240710-0900,78.93
DE_LU,20240710-0800,78.93
DE_LU,20240710-1900,101.7
SK,20240710-1700,81.28
SK,20240710-0700,82.15
SK,20240710-0300,71.04
SK,20240710-1400,74.87
SK,20240710-0500,76.59
SK,20240710-0000,67.3
SK,20240710-1000,71.04
SK,20240710-1200,70.12
SK,20240710-1500,76.59
SK,20240710-0200,71.04
SK,20240710-0400,76.59
SK,20240710-2300,76.59
SK,20240710-1100,71.04
SK,20240710-1800,81.28
SK,20240710-2000,81.28
SK,20240710-0100,69.78
SK,20240710-0600,76.59
SK,20240710-1600,80.31
SK,20240710-2200,76.59
SK,20240710-1300,71.04
SK,20240710-2100,81.28
SK,20240710-0900,71.04
SK,20240710-0800,71.04
SK,20240710-1900,81.28
EE,20240710-1700,101.7
EE,20240710-0700,71.22
EE,20240710-0300,75.34
EE,20240710-1400,75.34
EE,20240710-0500,78.93
EE,20240710-0000,39.66
EE,20240710-1000,64.95
EE,20240710-1200,75.34
EE,20240710-1500,81.08
EE,20240710-0200,43.08
EE,20240710-0400,75.34
EE,20240710-2300,78.54
EE,20240710-1100,64.95
EE,20240710-1800,99.33
EE,20240710-2000,83.08
EE,20240710-0100,39.66
EE,20240710-0600,78.93
EE,20240710-1600,99.54
EE,20240710-2200,78.68
EE,20240710-1300,75.34
EE,20240710-2100,58.72
EE,20240710-0900,64.18
EE,20240710-0800,64.18
EE,20240710-1900,81.08
SE4,20240710-1700,101.7
SE4,20240710-0700,71.22
SE4,20240710-0300,32.74
SE4,20240710-1400,78.93
SE4,20240710-0500,48.27
SE4,20240710-0000,24.65
SE4,20240710-1000,64.95
SE4,20240710-1200,77.91
SE4,20240710-1500,81.08
SE4,20240710-0200,25.42
SE4,20240710-0400,32.74
SE4,20240710-2300,78.54
SE4,20240710-1100,64.95
SE4,20240710-1800,99.33
SE4,20240710-2000,83.08
SE4,20240710-0100,24.65
SE4,20240710-0600,73.09
SE4,20240710-1600,99.54
SE4,20240710-2200,78.68
SE4,20240710-1300,75.34
SE4,20240710-2100,58.72
SE4,20240710-0900,64.18
SE4,20240710-0800,64.18
SE4,20240710-1900,81.08
SI,20240914-1100,83.19
SI,20240914-1000,94.39
SI,20240914-0900,102.35
SI,20240914-0100,9.5
SI,20240914-0600,85.29
SI,20240914-1700,85.29
SI,20240914-0300,10.5
SI,20240914-1800,57.0
SI,20240914-0700,85.29
SI,20240914-0800,98.0
SI,20240914-1300,96.49000000000004
SI,20240914-1400,85.29
SI,20240914-2100,9.5
SI,20240914-1900,16.02
SI,20240914-0000,10.5
SI,20240914-0500,63.16
SI,20240914-2200,9.5
SI,20240914-2300,9.5
SI,20240914-1200,82.47
SI,20240914-2000,10.52
SI,20240914-1500,102.35
SI,20240914-0400,16.12
SI,20240914-1600,85.29
SI,20240914-0200,9.5
ES,20240914-1100,4.49
ES,20240914-1000,4.49
ES,20240914-0900,4.49
ES,20240914-0100,37.63
ES,20240914-0600,51.3
ES,20240914-1700,57.44
ES,20240914-0300,37.63
ES,20240914-1800,85.29
ES,20240914-0700,13.31
ES,20240914-0800,4.49
ES,20240914-1300,4.4899999999958125
ES,20240914-1400,4.49
ES,20240914-2100,85.29
ES,20240914-1900,85.29
ES,20240914-0000,37.63
ES,20240914-0500,49.78
ES,20240914-2200,62.84
ES,20240914-2300,49.78
ES,20240914-1200,4.49
ES,20240914-2000,85.29
ES,20240914-1500,4.49
ES,20240914-0400,38.37
ES,20240914-1600,9.5
ES,20240914-0200,37.63
GR,20240914-1100,4.49
GR,20240914-1000,4.49
GR,20240914-0900,5.0
GR,20240914-0100,49.78
GR,20240914-0600,63.16
GR,20240914-1700,102.35
GR,20240914-0300,63.16
GR,20240914-1800,98.0
GR,20240914-0700,49.78
GR,20240914-0800,5.16
GR,20240914-1300,5.160000000000005
GR,20240914-1400,49.78
GR,20240914-2100,85.29
GR,20240914-1900,98.0
GR,20240914-0000,49.78
GR,20240914-0500,85.29
GR,20240914-2200,63.16
GR,20240914-2300,63.16
GR,20240914-1200,4.49
GR,20240914-2000,85.29
GR,20240914-1500,98.0
GR,20240914-0400,85.29
GR,20240914-1600,102.35
GR,20240914-0200,49.78
IT-CNORTH,20240914-1100,83.19
IT-CNORTH,20240914-1000,94.39
IT-CNORTH,20240914-0900,102.35
IT-CNORTH,20240914-0100,102.35
IT-CNORTH,20240914-0600,102.35
IT-CNORTH,20240914-1700,102.35
IT-CNORTH,20240914-0300,102.35
IT-CNORTH,20240914-1800,102.35
IT-CNORTH,20240914-0700,102.35
IT-CNORTH,20240914-0800,102.35
IT-CNORTH,20240914-1300,102.35
IT-CNORTH,20240914-1400,102.35
IT-CNORTH,20240914-2100,102.35
IT-CNORTH,20240914-1900,102.35
IT-CNORTH,20240914-0000,102.35
IT-CNORTH,20240914-0500,102.35
IT-CNORTH,20240914-2200,102.35
IT-CNORTH,20240914-2300,102.35
IT-CNORTH,20240914-1200,82.47
IT-CNORTH,20240914-2000,102.35
IT-CNORTH,20240914-1500,102.35
IT-CNORTH,20240914-0400,102.35
IT-CNORTH,20240914-1600,102.35
IT-CNORTH,20240914-0200,102.35
HU,20240914-1100,85.29
HU,20240914-1000,98.0
HU,20240914-0900,142.4
HU,20240914-0100,9.5
HU,20240914-0600,85.29
HU,20240914-1700,85.29
HU,20240914-0300,10.5
HU,20240914-1800,57.0
HU,20240914-0700,85.29
HU,20240914-0800,98.0
HU,20240914-1300,96.49000000000005
HU,20240914-1400,85.29
HU,20240914-2100,9.5
HU,20240914-1900,16.02
HU,20240914-0000,10.5
HU,20240914-0500,63.16
HU,20240914-2200,9.5
HU,20240914-2300,9.5
HU,20240914-1200,85.29
HU,20240914-2000,10.52
HU,20240914-1500,85.29
HU,20240914-0400,16.12
HU,20240914-1600,85.29
HU,20240914-0200,9.5
IT-SOUTH,20240914-1100,83.19
IT-SOUTH,20240914-1000,94.39
IT-SOUTH,20240914-0900,102.35
IT-SOUTH,20240914-0100,102.35
IT-SOUTH,20240914-0600,102.35
IT-SOUTH,20240914-1700,102.35
IT-SOUTH,20240914-0300,102.35
IT-SOUTH,20240914-1800,102.35
IT-SOUTH,20240914-0700,102.35
IT-SOUTH,20240914-0800,102.35
IT-SOUTH,20240914-1300,102.35
IT-SOUTH,20240914-1400,102.35
IT-SOUTH,20240914-2100,102.35
IT-SOUTH,20240914-1900,102.35
IT-SOUTH,20240914-0000,102.35
IT-SOUTH,20240914-0500,102.35
IT-SOUTH,20240914-2200,102.35
IT-SOUTH,20240914-2300,102.35
IT-SOUTH,20240914-1200,82.47
IT-SOUTH,20240914-2000,102.35
IT-SOUTH,20240914-1500,102.35
IT-SOUTH,20240914-0400,102.35
IT-SOUTH,20240914-1600,102.35
IT-SOUTH,20240914-0200,102.35
IT-Sicily,20240914-1100,83.19
IT-Sicily,20240914-1000,94.39
IT-Sicily,20240914-0900,102.35
IT-Sicily,20240914-0100,102.35
IT-Sicily,20240914-0600,102.35
IT-Sicily,20240914-1700,102.35
IT-Sicily,20240914-0300,102.35
IT-Sicily,20240914-1800,102.35
IT-Sicily,20240914-0700,102.35
IT-Sicily,20240914-0800,102.35
IT-Sicily,20240914-1300,102.35
IT-Sicily,20240914-1400,102.35
IT-Sicily,20240914-2100,102.35
IT-Sicily,20240914-1900,102.35
IT-Sicily,20240914-0000,102.35
IT-Sicily,20240914-0500,102.35
IT-Sicily,20240914-2200,102.35
IT-Sicily,20240914-2300,102.35
IT-Sicily,20240914-1200,82.47
IT-Sicily,20240914-2000,102.35
IT-Sicily,20240914-1500,102.35
IT-Sicily,20240914-0400,102.35
IT-Sicily,20240914-1600,102.35
IT-Sicily,20240914-0200,102.35
IT-Sardinia,20240914-1100,83.19
IT-Sardinia,20240914-1000,94.39
IT-Sardinia,20240914-0900,102.35
IT-Sardinia,20240914-0100,102.35
IT-Sardinia,20240914-0600,102.35
IT-Sardinia,20240914-1700,102.35
IT-Sardinia,20240914-0300,102.35
IT-Sardinia,20240914-1800,102.35
IT-Sardinia,20240914-0700,102.35
IT-Sardinia,20240914-0800,102.35
IT-Sardinia,20240914-1300,102.35
IT-Sardinia,20240914-1400,102.35
IT-Sardinia,20240914-2100,102.35
IT-Sardinia,20240914-1900,102.35
IT-Sardinia,20240914-0000,102.35
IT-Sardinia,20240914-0500,102.35
IT-Sardinia,20240914-2200,102.35
IT-Sardinia,20240914-2300,102.35
IT-Sardinia,20240914-1200,82.47
IT-Sardinia,20240914-2000,102.35
IT-Sardinia,20240914-1500,102.35
IT-Sardinia,20240914-0400,102.35
IT-Sardinia,20240914-1600,102.35
IT-Sardinia,20240914-0200,102.35
RS,20240914-1100,63.16
RS,20240914-1000,63.16
RS,20240914-0900,63.16
RS,20240914-0100,49.78
RS,20240914-0600,98.0
RS,20240914-1700,102.35
RS,20240914-0300,63.16
RS,20240914-1800,98.0
RS,20240914-0700,85.29
RS,20240914-0800,63.16
RS,20240914-1300,63.15999999999849
RS,20240914-1400,85.29
RS,20240914-2100,85.29
RS,20240914-1900,98.0
RS,20240914-0000,49.78
RS,20240914-0500,85.29
RS,20240914-2200,63.16
RS,20240914-2300,63.16
RS,20240914-1200,63.16
RS,20240914-2000,85.29
RS,20240914-1500,98.0
RS,20240914-0400,85.29
RS,20240914-1600,102.35
RS,20240914-0200,49.78
DK1,20240914-1100,21.38
DK1,20240914-1000,23.75
DK1,20240914-0900,28.46
DK1,20240914-0100,5.0
DK1,20240914-0600,12.16
DK1,20240914-1700,57.83
DK1,20240914-0300,7.59
DK1,20240914-1800,85.29
DK1,20240914-0700,12.16
DK1,20240914-0800,49.78
DK1,20240914-1300,24.75
DK1,20240914-1400,27.21
DK1,20240914-2100,85.29
DK1,20240914-1900,85.29
DK1,20240914-0000,44.8
DK1,20240914-0500,9.82
DK1,20240914-2200,85.29
DK1,20240914-2300,67.24
DK1,20240914-1200,11.96
DK1,20240914-2000,85.29
DK1,20240914-1500,57.0
DK1,20240914-0400,9.82
DK1,20240914-1600,85.29
DK1,20240914-0200,5.0
CH,20240914-1100,21.38
CH,20240914-1000,25.7
CH,20240914-0900,28.46
CH,20240914-0100,42.07
CH,20240914-0600,63.16
CH,20240914-1700,61.96
CH,20240914-0300,53.28
CH,20240914-1800,85.29
CH,20240914-0700,59.33
CH,20240914-0800,43.91
CH,20240914-1300,24.75
CH,20240914-1400,27.21
CH,20240914-2100,85.29
CH,20240914-1900,85.29
CH,20240914-0000,44.8
CH,20240914-0500,49.36
CH,20240914-2200,85.29
CH,20240914-2300,67.24
CH,20240914-1200,11.96
CH,20240914-2000,74.19
CH,20240914-1500,57.0
CH,20240914-0400,56.41
CH,20240914-1600,60.67
CH,20240914-0200,49.78
SE1,20240914-1100,31.15
SE1,20240914-1000,30.88
SE1,20240914-0900,30.31
SE1,20240914-0100,19.19
SE1,20240914-0600,22.6
SE1,20240914-1700,33.76
SE1,20240914-0300,19.04
SE1,20240914-1800,32.66
SE1,20240914-0700,27.85
SE1,20240914-0800,30.06
SE1,20240914-1300,32.95
SE1,20240914-1400,33.84
SE1,20240914-2100,31.24
SE1,20240914-1900,32.0
SE1,20240914-0000,19.85
SE1,20240914-0500,19.04
SE1,20240914-2200,32.15
SE1,20240914-2300,31.25
SE1,20240914-1200,31.96
SE1,20240914-2000,31.73
SE1,20240914-1500,34.9
SE1,20240914-0400,19.04
SE1,20240914-1600,34.75
SE1,20240914-0200,19.04
NO4,20240914-1100,30.43
NO4,20240914-1000,26.87
NO4,20240914-0900,24.73
NO4,20240914-0100,24.33
NO4,20240914-0600,31.6
NO4,20240914-1700,33.36
NO4,20240914-0300,22.67
NO4,20240914-1800,32.55
NO4,20240914-0700,27.5
NO4,20240914-0800,24.42
NO4,20240914-1300,31.53999999999951
NO4,20240914-1400,33.78
NO4,20240914-2100,38.31
NO4,20240914-1900,39.9
NO4,20240914-0000,22.57
NO4,20240914-0500,30.65
NO4,20240914-2200,34.15
NO4,20240914-2300,34.88
NO4,20240914-1200,28.53
NO4,20240914-2000,41.37
NO4,20240914-1500,37.23
NO4,20240914-0400,27.39
NO4,20240914-1600,37.08
NO4,20240914-0200,24.9
SE3,20240914-1100,21.38
SE3,20240914-1000,21.2
SE3,20240914-0900,20.93
SE3,20240914-0100,5.0
SE3,20240914-0600,5.0
SE3,20240914-1700,51.3
SE3,20240914-0300,5.0
SE3,20240914-1800,76.76
SE3,20240914-0700,5.0
SE3,20240914-0800,44.8
SE3,20240914-1300,24.75
SE3,20240914-1400,27.94
SE3,20240914-2100,76.76
SE3,20240914-1900,76.76
SE3,20240914-0000,44.8
SE3,20240914-0500,5.0
SE3,20240914-2200,76.76
SE3,20240914-2300,60.52
SE3,20240914-1200,21.38
SE3,20240914-2000,76.76
SE3,20240914-1500,47.95
SE3,20240914-0400,5.0
SE3,20240914-1600,76.76
SE3,20240914-0200,5.0
FR,20240914-1100,21.38
FR,20240914-1000,25.7
FR,20240914-0900,26.62
FR,20240914-0100,37.63
FR,20240914-0600,51.3
FR,20240914-1700,57.44
FR,20240914-0300,37.63
FR,20240914-1800,85.29
FR,20240914-0700,43.88
FR,20240914-0800,30.71
FR,20240914-1300,14.329999999999076
FR,20240914-1400,14.59
FR,20240914-2100,85.29
FR,20240914-1900,72.28
FR,20240914-0000,37.63
FR,20240914-0500,46.6
FR,20240914-2200,62.84
FR,20240914-2300,39.79
FR,20240914-1200,11.96
FR,20240914-2000,60.9
FR,20240914-1500,30.86
FR,20240914-0400,38.37
FR,20240914-1600,32.46
FR,20240914-0200,37.63
FI,20240914-1100,10.76
FI,20240914-1000,10.77
FI,20240914-0900,13.65
FI,20240914-0100,15.61
FI,20240914-0600,30.0
FI,20240914-1700,10.91
FI,20240914-0300,30.0
FI,20240914-1800,9.5
FI,20240914-0700,49.78
FI,20240914-0800,30.0
FI,20240914-1300,24.75
FI,20240914-1400,17.45
FI,20240914-2100,9.5
FI,20240914-1900,9.5
FI,20240914-0000,16.4
FI,20240914-0500,39.66
FI,20240914-2200,9.5
FI,20240914-2300,9.5
FI,20240914-1200,16.6
FI,20240914-2000,9.5
FI,20240914-1500,44.81
FI,20240914-0400,39.66
FI,20240914-1600,13.87
FI,20240914-0200,16.27
PL,20240914-1100,88.61
PL,20240914-1000,88.61
PL,20240914-0900,88.61
PL,20240914-0100,85.29
PL,20240914-0600,88.61
PL,20240914-1700,88.61
PL,20240914-0300,85.29
PL,20240914-1800,88.61
PL,20240914-0700,88.61
PL,20240914-0800,88.61
PL,20240914-1300,88.60999999999876
PL,20240914-1400,88.61
PL,20240914-2100,75.45
PL,20240914-1900,88.61
PL,20240914-0000,85.29
PL,20240914-0500,88.61
PL,20240914-2200,53.28
PL,20240914-2300,53.28
PL,20240914-1200,88.61
PL,20240914-2000,85.29
PL,20240914-1500,88.61
PL,20240914-0400,85.29
PL,20240914-1600,88.61
PL,20240914-0200,85.29
IT-Calabria,20240914-1100,83.19
IT-Calabria,20240914-1000,94.39
IT-Calabria,20240914-0900,102.35
IT-Calabria,20240914-0100,102.35
IT-Calabria,20240914-0600,102.35
IT-Calabria,20240914-1700,102.35
IT-Calabria,20240914-0300,102.35
IT-Calabria,20240914-1800,102.35
IT-Calabria,20240914-0700,102.35
IT-Calabria,20240914-0800,102.35
IT-Calabria,20240914-1300,102.35
IT-Calabria,20240914-1400,102.35
IT-Calabria,20240914-2100,102.35
IT-Calabria,20240914-1900,102.35
IT-Calabria,20240914-0000,102.35
IT-Calabria,20240914-0500,102.35
IT-Calabria,20240914-2200,102.35
IT-Calabria,20240914-2300,102.35
IT-Calabria,20240914-1200,82.47
IT-Calabria,20240914-2000,102.35
IT-Calabria,20240914-1500,102.35
IT-Calabria,20240914-0400,102.35
IT-Calabria,20240914-1600,102.35
IT-Calabria,20240914-0200,102.35
AT,20240914-1100,4.8
AT,20240914-1000,4.8
AT,20240914-0900,28.46
AT,20240914-0100,42.07
AT,20240914-0600,63.16
AT,20240914-1700,61.96
AT,20240914-0300,53.28
AT,20240914-1800,85.29
AT,20240914-0700,59.33
AT,20240914-0800,43.91
AT,20240914-1300,24.75
AT,20240914-1400,27.21
AT,20240914-2100,85.29
AT,20240914-1900,85.29
AT,20240914-0000,44.8
AT,20240914-0500,49.36
AT,20240914-2200,85.29
AT,20240914-2300,67.24
AT,20240914-1200,4.8
AT,20240914-2000,74.19
AT,20240914-1500,57.0
AT,20240914-0400,56.41
AT,20240914-1600,60.67
AT,20240914-0200,49.78
SE2,20240914-1100,31.15
SE2,20240914-1000,30.88
SE2,20240914-0900,30.31
SE2,20240914-0100,19.19
SE2,20240914-0600,22.6
SE2,20240914-1700,33.76
SE2,20240914-0300,19.04
SE2,20240914-1800,32.66
SE2,20240914-0700,27.85
SE2,20240914-0800,30.06
SE2,20240914-1300,32.95
SE2,20240914-1400,33.84
SE2,20240914-2100,31.24
SE2,20240914-1900,32.0
SE2,20240914-0000,19.85
SE2,20240914-0500,19.04
SE2,20240914-2200,32.15
SE2,20240914-2300,31.25
SE2,20240914-1200,31.96
SE2,20240914-2000,31.73
SE2,20240914-1500,34.9
SE2,20240914-0400,19.04
SE2,20240914-1600,34.75
SE2,20240914-0200,19.04
IT-NORTH,20240914-1100,83.19
IT-NORTH,20240914-1000,94.39
IT-NORTH,20240914-0900,102.35
IT-NORTH,20240914-0100,102.35
IT-NORTH,20240914-0600,102.35
IT-NORTH,20240914-1700,102.35
IT-NORTH,20240914-0300,102.35
IT-NORTH,20240914-1800,102.35
IT-NORTH,20240914-0700,102.35
IT-NORTH,20240914-0800,102.35
IT-NORTH,20240914-1300,102.35
IT-NORTH,20240914-1400,102.35
IT-NORTH,20240914-2100,102.35
IT-NORTH,20240914-1900,102.35
IT-NORTH,20240914-0000,102.35
IT-NORTH,20240914-0500,102.35
IT-NORTH,20240914-2200,102.35
IT-NORTH,20240914-2300,67.24
IT-NORTH,20240914-1200,82.47
IT-NORTH,20240914-2000,102.35
IT-NORTH,20240914-1500,102.35
IT-NORTH,20240914-0400,102.35
IT-NORTH,20240914-1600,102.35
IT-NORTH,20240914-0200,102.35
LT,20240914-1100,21.38
LT,20240914-1000,49.78
LT,20240914-0900,13.65
LT,20240914-0100,15.61
LT,20240914-0600,49.78
LT,20240914-1700,85.29
LT,20240914-0300,30.0
LT,20240914-1800,85.29
LT,20240914-0700,49.78
LT,20240914-0800,30.0
LT,20240914-1300,24.75
LT,20240914-1400,17.45
LT,20240914-2100,39.66
LT,20240914-1900,68.56
LT,20240914-0000,16.4
LT,20240914-0500,39.66
LT,20240914-2200,40.34
LT,20240914-2300,40.34
LT,20240914-1200,21.37
LT,20240914-2000,68.56
LT,20240914-1500,44.81
LT,20240914-0400,39.66
LT,20240914-1600,85.29
LT,20240914-0200,16.27
PT,20240914-1100,4.49
PT,20240914-1000,4.49
PT,20240914-0900,4.49
PT,20240914-0100,37.63
PT,20240914-0600,51.3
PT,20240914-1700,57.44
PT,20240914-0300,37.63
PT,20240914-1800,85.29
PT,20240914-0700,13.31
PT,20240914-0800,4.49
PT,20240914-1300,4.4899999999958125
PT,20240914-1400,4.49
PT,20240914-2100,85.29
PT,20240914-1900,85.29
PT,20240914-0000,37.63
PT,20240914-0500,49.78
PT,20240914-2200,62.84
PT,20240914-2300,49.78
PT,20240914-1200,4.49
PT,20240914-2000,85.29
PT,20240914-1500,4.49
PT,20240914-0400,38.37
PT,20240914-1600,9.5
PT,20240914-0200,37.63
NO2,20240914-1100,21.38
NO2,20240914-1000,21.2
NO2,20240914-0900,28.46
NO2,20240914-0100,54.88
NO2,20240914-0600,59.33
NO2,20240914-1700,76.76
NO2,20240914-0300,54.88
NO2,20240914-1800,76.76
NO2,20240914-0700,59.33
NO2,20240914-0800,47.02
NO2,20240914-1300,25.579999999999757
NO2,20240914-1400,30.52
NO2,20240914-2100,76.76
NO2,20240914-1900,76.76
NO2,20240914-0000,54.88
NO2,20240914-0500,63.13
NO2,20240914-2200,76.76
NO2,20240914-2300,65.64
NO2,20240914-1200,21.38
NO2,20240914-2000,76.76
NO2,20240914-1500,47.95
NO2,20240914-0400,56.41
NO2,20240914-1600,76.76
NO2,20240914-0200,54.88
LV,20240914-1100,21.38
LV,20240914-1000,49.78
LV,20240914-0900,13.65
LV,20240914-0100,15.61
LV,20240914-0600,49.78
LV,20240914-1700,85.29
LV,20240914-0300,30.0
LV,20240914-1800,85.29
LV,20240914-0700,49.78
LV,20240914-0800,30.0
LV,20240914-1300,24.75
LV,20240914-1400,17.45
LV,20240914-2100,39.66
LV,20240914-1900,68.56
LV,20240914-0000,16.4
LV,20240914-0500,39.66
LV,20240914-2200,40.34
LV,20240914-2300,40.34
LV,20240914-1200,21.37
LV,20240914-2000,68.56
LV,20240914-1500,44.81
LV,20240914-0400,39.66
LV,20240914-1600,85.29
LV,20240914-0200,16.27
NL,20240914-1100,21.38
NL,20240914-1000,23.75
NL,20240914-0900,49.78
NL,20240914-0100,85.29
NL,20240914-0600,85.29
NL,20240914-1700,85.29
NL,20240914-0300,85.29
NL,20240914-1800,85.29
NL,20240914-0700,85.29
NL,20240914-0800,49.78
NL,20240914-1300,25.579999999998133
NL,20240914-1400,40.12
NL,20240914-2100,85.29
NL,20240914-1900,85.29
NL,20240914-0000,85.29
NL,20240914-0500,85.29
NL,20240914-2200,85.29
NL,20240914-2300,85.29
NL,20240914-1200,11.96
NL,20240914-2000,85.29
NL,20240914-1500,57.0
NL,20240914-0400,85.29
NL,20240914-1600,85.29
NL,20240914-0200,85.29
NO5,20240914-1100,21.38
NO5,20240914-1000,21.2
NO5,20240914-0900,32.87
NO5,20240914-0100,60.78
NO5,20240914-0600,64.03
NO5,20240914-1700,76.76
NO5,20240914-0300,60.78
NO5,20240914-1800,76.76
NO5,20240914-0700,64.03
NO5,20240914-0800,47.02
NO5,20240914-1300,26.070000000000192
NO5,20240914-1400,32.03
NO5,20240914-2100,76.76
NO5,20240914-1900,76.76
NO5,20240914-0000,60.78
NO5,20240914-0500,66.8
NO5,20240914-2200,76.76
NO5,20240914-2300,68.64
NO5,20240914-1200,21.38
NO5,20240914-2000,76.76
NO5,20240914-1500,47.95
NO5,20240914-0400,61.89
NO5,20240914-1600,76.76
NO5,20240914-0200,60.78
BE,20240914-1100,23.75
BE,20240914-1000,23.56
BE,20240914-0900,36.52
BE,20240914-0100,75.99
BE,20240914-0600,80.05
BE,20240914-1700,89.78
BE,20240914-0300,75.99
BE,20240914-1800,85.29
BE,20240914-0700,71.15
BE,20240914-0800,52.25
BE,20240914-1300,49.77999999999982
BE,20240914-1400,49.78
BE,20240914-2100,85.29
BE,20240914-1900,85.29
BE,20240914-0000,75.99
BE,20240914-0500,83.52
BE,20240914-2200,85.29
BE,20240914-2300,76.26
BE,20240914-1200,26.72
BE,20240914-2000,85.29
BE,20240914-1500,53.28
BE,20240914-0400,77.38
BE,20240914-1600,85.29
BE,20240914-0200,75.99
RO,20240914-1100,63.16
RO,20240914-1000,63.16
RO,20240914-0900,63.16
RO,20240914-0100,49.78
RO,20240914-0600,98.0
RO,20240914-1700,102.35
RO,20240914-0300,63.16
RO,20240914-1800,98.0
RO,20240914-0700,85.29
RO,20240914-0800,63.16
RO,20240914-1300,63.15999999999644
RO,20240914-1400,85.29
RO,20240914-2100,85.29
RO,20240914-1900,98.0
RO,20240914-0000,49.78
RO,20240914-0500,85.29
RO,20240914-2200,63.16
RO,20240914-2300,63.16
RO,20240914-1200,63.16
RO,20240914-2000,85.29
RO,20240914-1500,98.0
RO,20240914-0400,85.29
RO,20240914-1600,102.35
RO,20240914-0200,49.78
DK2,20240914-1100,21.38
DK2,20240914-1000,14.49
DK2,20240914-0900,3.82
DK2,20240914-0100,4.27
DK2,20240914-0600,12.16
DK2,20240914-1700,57.83
DK2,20240914-0300,7.59
DK2,20240914-1800,85.29
DK2,20240914-0700,12.16
DK2,20240914-0800,7.59
DK2,20240914-1300,24.75
DK2,20240914-1400,4.7
DK2,20240914-2100,12.27
DK2,20240914-1900,85.29
DK2,20240914-0000,4.45
DK2,20240914-0500,9.82
DK2,20240914-2200,57.0
DK2,20240914-2300,57.0
DK2,20240914-1200,21.37
DK2,20240914-2000,85.29
DK2,20240914-1500,57.0
DK2,20240914-0400,9.82
DK2,20240914-1600,85.29
DK2,20240914-0200,4.42
BG,20240914-1100,4.49
BG,20240914-1000,4.49
BG,20240914-0900,5.0
BG,20240914-0100,49.78
BG,20240914-0600,63.16
BG,20240914-1700,102.35
BG,20240914-0300,63.16
BG,20240914-1800,98.0
BG,20240914-0700,49.78
BG,20240914-0800,5.16
BG,20240914-1300,5.160000000000005
BG,20240914-1400,49.78
BG,20240914-2100,85.29
BG,20240914-1900,98.0
BG,20240914-0000,49.78
BG,20240914-0500,85.29
BG,20240914-2200,63.16
BG,20240914-2300,63.16
BG,20240914-1200,4.49
BG,20240914-2000,85.29
BG,20240914-1500,98.0
BG,20240914-0400,85.29
BG,20240914-1600,102.35
BG,20240914-0200,49.78
IT-CSOUTH,20240914-1100,83.19
IT-CSOUTH,20240914-1000,94.39
IT-CSOUTH,20240914-0900,102.35
IT-CSOUTH,20240914-0100,102.35
IT-CSOUTH,20240914-0600,102.35
IT-CSOUTH,20240914-1700,102.35
IT-CSOUTH,20240914-0300,102.35
IT-CSOUTH,20240914-1800,102.35
IT-CSOUTH,20240914-0700,102.35
IT-CSOUTH,20240914-0800,102.35
IT-CSOUTH,20240914-1300,102.35
IT-CSOUTH,20240914-1400,102.35
IT-CSOUTH,20240914-2100,102.35
IT-CSOUTH,20240914-1900,102.35
IT-CSOUTH,20240914-0000,102.35
IT-CSOUTH,20240914-0500,102.35
IT-CSOUTH,20240914-2200,102.35
IT-CSOUTH,20240914-2300,102.35
IT-CSOUTH,20240914-1200,82.47
IT-CSOUTH,20240914-2000,102.35
IT-CSOUTH,20240914-1500,102.35
IT-CSOUTH,20240914-0400,102.35
IT-CSOUTH,20240914-1600,102.35
IT-CSOUTH,20240914-0200,102.35
CZ,20240914-1100,63.16
CZ,20240914-1000,63.16
CZ,20240914-0900,75.34
CZ,20240914-0100,12.5
CZ,20240914-0600,63.16
CZ,20240914-1700,85.29
CZ,20240914-0300,49.78
CZ,20240914-1800,75.34
CZ,20240914-0700,59.33
CZ,20240914-0800,63.16
CZ,20240914-1300,63.159999999998945
CZ,20240914-1400,63.16
CZ,20240914-2100,10.52
CZ,20240914-1900,57.0
CZ,20240914-0000,16.0
CZ,20240914-0500,63.16
CZ,20240914-2200,10.5
CZ,20240914-2300,9.5
CZ,20240914-1200,63.16
CZ,20240914-2000,16.22
CZ,20240914-1500,57.0
CZ,20240914-0400,56.41
CZ,20240914-1600,75.34
CZ,20240914-0200,16.01
NO3,20240914-1100,21.38
NO3,20240914-1000,21.2
NO3,20240914-0900,32.87
NO3,20240914-0100,60.78
NO3,20240914-0600,64.03
NO3,20240914-1700,76.76
NO3,20240914-0300,60.78
NO3,20240914-1800,76.76
NO3,20240914-0700,64.03
NO3,20240914-0800,47.02
NO3,20240914-1300,26.06999999999794
NO3,20240914-1400,32.03
NO3,20240914-2100,76.76
NO3,20240914-1900,76.76
NO3,20240914-0000,60.78
NO3,20240914-0500,66.8
NO3,20240914-2200,76.76
NO3,20240914-2300,68.64
NO3,20240914-1200,21.38
NO3,20240914-2000,76.76
NO3,20240914-1500,47.95
NO3,20240914-0400,61.89
NO3,20240914-1600,76.76
NO3,20240914-0200,60.78
NO1,20240914-1100,23.75
NO1,20240914-1000,23.56
NO1,20240914-0900,36.52
NO1,20240914-0100,67.54
NO1,20240914-0600,71.15
NO1,20240914-1700,85.29
NO1,20240914-0300,67.54
NO1,20240914-1800,85.29
NO1,20240914-0700,71.15
NO1,20240914-0800,52.25
NO1,20240914-1300,28.969999999997526
NO1,20240914-1400,35.58
NO1,20240914-2100,85.29
NO1,20240914-1900,85.29
NO1,20240914-0000,67.54
NO1,20240914-0500,74.22
NO1,20240914-2200,85.29
NO1,20240914-2300,76.26
NO1,20240914-1200,23.75
NO1,20240914-2000,85.29
NO1,20240914-1500,53.28
NO1,20240914-0400,68.77
NO1,20240914-1600,85.29
NO1,20240914-0200,67.54
DE_LU,20240914-1100,21.38
DE_LU,20240914-1000,23.75
DE_LU,20240914-0900,28.46
DE_LU,20240914-0100,42.07
DE_LU,20240914-0600,63.16
DE_LU,20240914-1700,85.29
DE_LU,20240914-0300,53.28
DE_LU,20240914-1800,85.29
DE_LU,20240914-0700,59.33
DE_LU,20240914-0800,49.78
DE_LU,20240914-1300,24.75
DE_LU,20240914-1400,27.21
DE_LU,20240914-2100,85.29
DE_LU,20240914-1900,85.29
DE_LU,20240914-0000,44.8
DE_LU,20240914-0500,63.16
DE_LU,20240914-2200,85.29
DE_LU,20240914-2300,67.24
DE_LU,20240914-1200,11.96
DE_LU,20240914-2000,85.29
DE_LU,20240914-1500,57.0
DE_LU,20240914-0400,56.41
DE_LU,20240914-1600,85.29
DE_LU,20240914-0200,49.78
SK,20240914-1100,21.38
SK,20240914-1000,21.2
SK,20240914-0900,32.87
SK,20240914-0100,60.78
SK,20240914-0600,64.03
SK,20240914-1700,85.29
SK,20240914-0300,60.78
SK,20240914-1800,85.29
SK,20240914-0700,71.15
SK,20240914-0800,52.25
SK,20240914-1300,26.069999999999183
SK,20240914-1400,32.03
SK,20240914-2100,85.29
SK,20240914-1900,85.29
SK,20240914-0000,60.78
SK,20240914-0500,66.8
SK,20240914-2200,85.29
SK,20240914-2300,68.64
SK,20240914-1200,21.38
SK,20240914-2000,85.29
SK,20240914-1500,53.28
SK,20240914-0400,61.89
SK,20240914-1600,85.29
SK,20240914-0200,60.78
EE,20240914-1100,10.76
EE,20240914-1000,10.77
EE,20240914-0900,13.65
EE,20240914-0100,15.61
EE,20240914-0600,39.66
EE,20240914-1700,75.34
EE,20240914-0300,30.0
EE,20240914-1800,75.34
EE,20240914-0700,49.78
EE,20240914-0800,30.0
EE,20240914-1300,24.75
EE,20240914-1400,17.45
EE,20240914-2100,39.66
EE,20240914-1900,68.56
EE,20240914-0000,16.4
EE,20240914-0500,39.66
EE,20240914-2200,40.34
EE,20240914-2300,40.34
EE,20240914-1200,21.37
EE,20240914-2000,68.56
EE,20240914-1500,44.81
EE,20240914-0400,39.66
EE,20240914-1600,75.34
EE,20240914-0200,16.27
SE4,20240914-1100,21.38
SE4,20240914-1000,14.49
SE4,20240914-0900,3.82
SE4,20240914-0100,4.27
SE4,20240914-0600,12.16
SE4,20240914-1700,57.83
SE4,20240914-0300,7.59
SE4,20240914-1800,76.76
SE4,20240914-0700,12.16
SE4,20240914-0800,7.59
SE4,20240914-1300,24.75
SE4,20240914-1400,4.7
SE4,20240914-2100,12.27
SE4,20240914-1900,68.56
SE4,20240914-0000,4.45
SE4,20240914-0500,9.82
SE4,20240914-2200,40.34
SE4,20240914-2300,40.34
SE4,20240914-1200,21.37
SE4,20240914-2000,68.56
SE4,20240914-1500,44.81
SE4,20240914-0400,9.82
SE4,20240914-1600,76.76
SE4,20240914-0200,4.42
SI,20241022-2000,9.5
SI,20241022-0700,12.89
SI,20241022-1500,110.3
SI,20241022-0500,110.3
SI,20241022-2200,10.88
SI,20241022-1000,4.99
SI,20241022-1800,91.92
SI,20241022-0100,4.99
SI,20241022-1700,110.3
SI,20241022-0800,9.5
SI,20241022-1300,4.99
SI,20241022-0600,59.83
SI,20241022-1100,4.84
SI,20241022-0000,4.99
SI,20241022-0200,4.99
SI,20241022-1200,4.84
SI,20241022-1400,9.5
SI,20241022-1600,110.3
SI,20241022-2100,5.0
SI,20241022-0300,5.0
SI,20241022-2300,10.5
SI,20241022-1900,9.5
SI,20241022-0400,94.83
SI,20241022-0900,5.0
ES,20241022-2000,91.92
ES,20241022-0700,91.92
ES,20241022-1500,51.65
ES,20241022-0500,66.21
ES,20241022-2200,56.76
ES,20241022-1000,9.5
ES,20241022-1800,102.36
ES,20241022-0100,56.76
ES,20241022-1700,110.3
ES,20241022-0800,63.47
ES,20241022-1300,9.5
ES,20241022-0600,91.92
ES,20241022-1100,9.5
ES,20241022-0000,56.76
ES,20241022-0200,56.76
ES,20241022-1200,9.5
ES,20241022-1400,23.75
ES,20241022-1600,91.92
ES,20241022-2100,67.32
ES,20241022-0300,43.0
ES,20241022-2300,48.67
ES,20241022-1900,91.92
ES,20241022-0400,56.76
ES,20241022-0900,12.5
GR,20241022-2000,94.83
GR,20241022-0700,1.0
GR,20241022-1500,157.84
GR,20241022-0500,110.3
GR,20241022-2200,91.92
GR,20241022-1000,1.0
GR,20241022-1800,176.89
GR,20241022-0100,85.74
GR,20241022-1700,223.71
GR,20241022-0800,1.0
GR,20241022-1300,4.84
GR,20241022-0600,91.92
GR,20241022-1100,1.0
GR,20241022-0000,91.92
GR,20241022-0200,91.92
GR,20241022-1200,1.0
GR,20241022-1400,91.92
GR,20241022-1600,218.76
GR,20241022-2100,94.83
GR,20241022-0300,91.92
GR,20241022-2300,91.92
GR,20241022-1900,110.3
GR,20241022-0400,110.3
GR,20241022-0900,1.0
IT-CNORTH,20241022-2000,110.3
IT-CNORTH,20241022-0700,166.23
IT-CNORTH,20241022-1500,110.3
IT-CNORTH,20241022-0500,110.3
IT-CNORTH,20241022-2200,110.3
IT-CNORTH,20241022-1000,110.3
IT-CNORTH,20241022-1800,110.3
IT-CNORTH,20241022-0100,110.3
IT-CNORTH,20241022-1700,110.3
IT-CNORTH,20241022-0800,121.16
IT-CNORTH,20241022-1300,110.3
IT-CNORTH,20241022-0600,110.3
IT-CNORTH,20241022-1100,110.3
IT-CNORTH,20241022-0000,110.3
IT-CNORTH,20241022-0200,110.3
IT-CNORTH,20241022-1200,110.3
IT-CNORTH,20241022-1400,110.3
IT-CNORTH,20241022-1600,110.3
IT-CNORTH,20241022-2100,110.3
IT-CNORTH,20241022-0300,110.3
IT-CNORTH,20241022-2300,110.3
IT-CNORTH,20241022-1900,110.3
IT-CNORTH,20241022-0400,110.3
IT-CNORTH,20241022-0900,110.3
HU,20241022-2000,91.92
HU,20241022-0700,56.76
HU,20241022-1500,140.5
HU,20241022-0500,110.3
HU,20241022-2200,10.88
HU,20241022-1000,5.0
HU,20241022-1800,91.92
HU,20241022-0100,85.74
HU,20241022-1700,110.3
HU,20241022-0800,9.5
HU,20241022-1300,59.83
HU,20241022-0600,91.92
HU,20241022-1100,9.5
HU,20241022-0000,91.92
HU,20241022-0200,91.92
HU,20241022-1200,12.66
HU,20241022-1400,91.92
HU,20241022-1600,140.5
HU,20241022-2100,56.76
HU,20241022-0300,91.92
HU,20241022-2300,10.97
HU,20241022-1900,91.92
HU,20241022-0400,91.92
HU,20241022-0900,5.0
IT-SOUTH,20241022-2000,110.3
IT-SOUTH,20241022-0700,110.3
IT-SOUTH,20241022-1500,110.3
IT-SOUTH,20241022-0500,110.3
IT-SOUTH,20241022-2200,110.3
IT-SOUTH,20241022-1000,110.3
IT-SOUTH,20241022-1800,110.3
IT-SOUTH,20241022-0100,110.3
IT-SOUTH,20241022-1700,110.3
IT-SOUTH,20241022-0800,110.3
IT-SOUTH,20241022-1300,110.3
IT-SOUTH,20241022-0600,110.3
IT-SOUTH,20241022-1100,110.3
IT-SOUTH,20241022-0000,110.3
IT-SOUTH,20241022-0200,110.3
IT-SOUTH,20241022-1200,110.3
IT-SOUTH,20241022-1400,110.3
IT-SOUTH,20241022-1600,110.3
IT-SOUTH,20241022-2100,110.3
IT-SOUTH,20241022-0300,110.3
IT-SOUTH,20241022-2300,110.3
IT-SOUTH,20241022-1900,110.3
IT-SOUTH,20241022-0400,110.3
IT-SOUTH,20241022-0900,110.3
IT-Sicily,20241022-2000,110.3
IT-Sicily,20241022-0700,110.3
IT-Sicily,20241022-1500,110.3
IT-Sicily,20241022-0500,110.3
IT-Sicily,20241022-2200,110.3
IT-Sicily,20241022-1000,110.3
IT-Sicily,20241022-1800,110.3
IT-Sicily,20241022-0100,110.3
IT-Sicily,20241022-1700,121.16
IT-Sicily,20241022-0800,110.3
IT-Sicily,20241022-1300,110.3
IT-Sicily,20241022-0600,110.3
IT-Sicily,20241022-1100,110.3
IT-Sicily,20241022-0000,110.3
IT-Sicily,20241022-0200,110.3
IT-Sicily,20241022-1200,110.3
IT-Sicily,20241022-1400,110.3
IT-Sicily,20241022-1600,110.3
IT-Sicily,20241022-2100,110.3
IT-Sicily,20241022-0300,110.3
IT-Sicily,20241022-2300,110.3
IT-Sicily,20241022-1900,110.3
IT-Sicily,20241022-0400,110.3
IT-Sicily,20241022-0900,110.3
IT-Sardinia,20241022-2000,110.3
IT-Sardinia,20241022-0700,110.3
IT-Sardinia,20241022-1500,110.3
IT-Sardinia,20241022-0500,110.3
IT-Sardinia,20241022-2200,110.3
IT-Sardinia,20241022-1000,110.3
IT-Sardinia,20241022-1800,110.3
IT-Sardinia,20241022-0100,110.3
IT-Sardinia,20241022-1700,110.3
IT-Sardinia,20241022-0800,110.3
IT-Sardinia,20241022-1300,110.3
IT-Sardinia,20241022-0600,110.3
IT-Sardinia,20241022-1100,110.3
IT-Sardinia,20241022-0000,110.3
IT-Sardinia,20241022-0200,110.3
IT-Sardinia,20241022-1200,110.3
IT-Sardinia,20241022-1400,110.3
IT-Sardinia,20241022-1600,110.3
IT-Sardinia,20241022-2100,110.3
IT-Sardinia,20241022-0300,110.3
IT-Sardinia,20241022-2300,110.3
IT-Sardinia,20241022-1900,110.3
IT-Sardinia,20241022-0400,110.3
IT-Sardinia,20241022-0900,110.3
RS,20241022-2000,94.83
RS,20241022-0700,124.66
RS,20241022-1500,140.5
RS,20241022-0500,143.2
RS,20241022-2200,91.92
RS,20241022-1000,59.83
RS,20241022-1800,176.89
RS,20241022-0100,85.74
RS,20241022-1700,223.71
RS,20241022-0800,94.83
RS,20241022-1300,59.83
RS,20241022-0600,182.01
RS,20241022-1100,59.83
RS,20241022-0000,91.92
RS,20241022-0200,91.92
RS,20241022-1200,59.83
RS,20241022-1400,91.92
RS,20241022-1600,250.0
RS,20241022-2100,94.83
RS,20241022-0300,91.92
RS,20241022-2300,91.92
RS,20241022-1900,110.3
RS,20241022-0400,105.67
RS,20241022-0900,86.33
DK1,20241022-2000,91.92
DK1,20241022-0700,94.83
DK1,20241022-1500,57.0
DK1,20241022-0500,91.92
DK1,20241022-2200,86.33
DK1,20241022-1000,57.0
DK1,20241022-1800,91.92
DK1,20241022-0100,86.33
DK1,20241022-1700,63.0
DK1,20241022-0800,86.33
DK1,20241022-1300,70.43
DK1,20241022-0600,91.92
DK1,20241022-1100,56.76
DK1,20241022-0000,86.33
DK1,20241022-0200,86.33
DK1,20241022-1200,57.0
DK1,20241022-1400,57.0
DK1,20241022-1600,50.87
DK1,20241022-2100,89.63
DK1,20241022-0300,86.33
DK1,20241022-2300,86.33
DK1,20241022-1900,86.33
DK1,20241022-0400,86.33
DK1,20241022-0900,75.9
CH,20241022-2000,91.92
CH,20241022-0700,96.76
CH,20241022-1500,94.83
CH,20241022-0500,94.83
CH,20241022-2200,86.33
CH,20241022-1000,86.33
CH,20241022-1800,94.83
CH,20241022-0100,86.33
CH,20241022-1700,94.83
CH,20241022-0800,91.92
CH,20241022-1300,86.33
CH,20241022-0600,94.83
CH,20241022-1100,86.33
CH,20241022-0000,86.33
CH,20241022-0200,86.33
CH,20241022-1200,82.24
CH,20241022-1400,91.92
CH,20241022-1600,94.83
CH,20241022-2100,89.63
CH,20241022-0300,86.33
CH,20241022-2300,86.33
CH,20241022-1900,91.92
CH,20241022-0400,91.92
CH,20241022-0900,91.92
SE1,20241022-2000,1.0
SE1,20241022-0700,1.0
SE1,20241022-1500,1.0
SE1,20241022-0500,1.0
SE1,20241022-2200,1.0
SE1,20241022-1000,1.0
SE1,20241022-1800,1.0
SE1,20241022-0100,1.0
SE1,20241022-1700,1.0
SE1,20241022-0800,1.0
SE1,20241022-1300,1.0
SE1,20241022-0600,1.0
SE1,20241022-1100,1.0
SE1,20241022-0000,1.0
SE1,20241022-0200,1.0
SE1,20241022-1200,1.0
SE1,20241022-1400,1.0
SE1,20241022-1600,1.0
SE1,20241022-2100,1.0
SE1,20241022-0300,1.0
SE1,20241022-2300,1.0
SE1,20241022-1900,1.0
SE1,20241022-0400,1.0
SE1,20241022-0900,1.0
NO4,20241022-2000,33.69
NO4,20241022-0700,39.07
NO4,20241022-1500,36.86
NO4,20241022-0500,35.28
NO4,20241022-2200,23.99
NO4,20241022-1000,37.29
NO4,20241022-1800,36.91
NO4,20241022-0100,22.79
NO4,20241022-1700,37.77
NO4,20241022-0800,38.59
NO4,20241022-1300,35.54
NO4,20241022-0600,37.65
NO4,20241022-1100,36.82
NO4,20241022-0000,24.64
NO4,20241022-0200,22.58
NO4,20241022-1200,37.23
NO4,20241022-1400,36.59
NO4,20241022-1600,37.42
NO4,20241022-2100,27.36
NO4,20241022-0300,29.65
NO4,20241022-2300,21.31
NO4,20241022-1900,36.5
NO4,20241022-0400,33.34
NO4,20241022-0900,38.27
SE3,20241022-2000,82.73
SE3,20241022-0700,82.73
SE3,20241022-1500,51.3
SE3,20241022-0500,82.73
SE3,20241022-2200,77.7
SE3,20241022-1000,51.08
SE3,20241022-1800,82.73
SE3,20241022-0100,77.7
SE3,20241022-1700,56.7
SE3,20241022-0800,77.7
SE3,20241022-1300,51.08
SE3,20241022-0600,82.73
SE3,20241022-1100,51.08
SE3,20241022-0000,77.7
SE3,20241022-0200,77.7
SE3,20241022-1200,51.08
SE3,20241022-1400,51.3
SE3,20241022-1600,45.78
SE3,20241022-2100,77.7
SE3,20241022-0300,77.7
SE3,20241022-2300,77.7
SE3,20241022-1900,77.7
SE3,20241022-0400,77.7
SE3,20241022-0900,56.7
FR,20241022-2000,91.92
FR,20241022-0700,91.92
FR,20241022-1500,51.65
FR,20241022-0500,66.21
FR,20241022-2200,56.76
FR,20241022-1000,44.01
FR,20241022-1800,102.36
FR,20241022-0100,43.79
FR,20241022-1700,110.3
FR,20241022-0800,63.47
FR,20241022-1300,35.49
FR,20241022-0600,91.92
FR,20241022-1100,42.09
FR,20241022-0000,43.79
FR,20241022-0200,43.79
FR,20241022-1200,39.87
FR,20241022-1400,37.99
FR,20241022-1600,91.92
FR,20241022-2100,67.32
FR,20241022-0300,43.0
FR,20241022-2300,48.67
FR,20241022-1900,91.92
FR,20241022-0400,49.7
FR,20241022-0900,55.95
FI,20241022-2000,5.0
FI,20241022-0700,5.0
FI,20241022-1500,5.0
FI,20241022-0500,5.0
FI,20241022-2200,5.0
FI,20241022-1000,9.5
FI,20241022-1800,5.0
FI,20241022-0100,5.0
FI,20241022-1700,5.0
FI,20241022-0800,9.5
FI,20241022-1300,5.0
FI,20241022-0600,5.0
FI,20241022-1100,9.5
FI,20241022-0000,5.0
FI,20241022-0200,5.0
FI,20241022-1200,5.0
FI,20241022-1400,5.0
FI,20241022-1600,5.0
FI,20241022-2100,9.5
FI,20241022-0300,5.0
FI,20241022-2300,5.0
FI,20241022-1900,5.0
FI,20241022-0400,5.0
FI,20241022-0900,15.75
PL,20241022-2000,86.33
PL,20241022-0700,86.33
PL,20241022-1500,86.33
PL,20241022-0500,91.92
PL,20241022-2200,86.33
PL,20241022-1000,86.33
PL,20241022-1800,86.33
PL,20241022-0100,86.33
PL,20241022-1700,91.92
PL,20241022-0800,86.33
PL,20241022-1300,86.33
PL,20241022-0600,91.92
PL,20241022-1100,86.33
PL,20241022-0000,86.33
PL,20241022-0200,86.33
PL,20241022-1200,86.33
PL,20241022-1400,86.33
PL,20241022-1600,91.92
PL,20241022-2100,86.33
PL,20241022-0300,86.33
PL,20241022-2300,86.33
PL,20241022-1900,86.33
PL,20241022-0400,91.92
PL,20241022-0900,86.33
IT-Calabria,20241022-2000,110.3
IT-Calabria,20241022-0700,110.3
IT-Calabria,20241022-1500,110.3
IT-Calabria,20241022-0500,110.3
IT-Calabria,20241022-2200,110.3
IT-Calabria,20241022-1000,110.3
IT-Calabria,20241022-1800,110.3
IT-Calabria,20241022-0100,110.3
IT-Calabria,20241022-1700,110.3
IT-Calabria,20241022-0800,110.3
IT-Calabria,20241022-1300,110.3
IT-Calabria,20241022-0600,110.3
IT-Calabria,20241022-1100,110.3
IT-Calabria,20241022-0000,110.3
IT-Calabria,20241022-0200,110.3
IT-Calabria,20241022-1200,110.3
IT-Calabria,20241022-1400,110.3
IT-Calabria,20241022-1600,110.3
IT-Calabria,20241022-2100,110.3
IT-Calabria,20241022-0300,110.3
IT-Calabria,20241022-2300,110.3
IT-Calabria,20241022-1900,110.3
IT-Calabria,20241022-0400,110.3
IT-Calabria,20241022-0900,110.3
AT,20241022-2000,91.92
AT,20241022-0700,96.76
AT,20241022-1500,96.76
AT,20241022-0500,96.76
AT,20241022-2200,86.33
AT,20241022-1000,86.33
AT,20241022-1800,96.76
AT,20241022-0100,4.84
AT,20241022-1700,96.76
AT,20241022-0800,91.92
AT,20241022-1300,86.33
AT,20241022-0600,96.76
AT,20241022-1100,86.33
AT,20241022-0000,4.84
AT,20241022-0200,57.0
AT,20241022-1200,82.24
AT,20241022-1400,91.92
AT,20241022-1600,96.76
AT,20241022-2100,89.63
AT,20241022-0300,86.33
AT,20241022-2300,86.33
AT,20241022-1900,94.45
AT,20241022-0400,94.45
AT,20241022-0900,91.92
SE2,20241022-2000,1.0
SE2,20241022-0700,1.0
SE2,20241022-1500,1.0
SE2,20241022-0500,1.0
SE2,20241022-2200,1.0
SE2,20241022-1000,1.0
SE2,20241022-1800,1.0
SE2,20241022-0100,1.0
SE2,20241022-1700,1.0
SE2,20241022-0800,1.0
SE2,20241022-1300,1.0
SE2,20241022-0600,1.0
SE2,20241022-1100,1.0
SE2,20241022-0000,1.0
SE2,20241022-0200,1.0
SE2,20241022-1200,1.0
SE2,20241022-1400,1.0
SE2,20241022-1600,1.0
SE2,20241022-2100,1.0
SE2,20241022-0300,1.0
SE2,20241022-2300,1.0
SE2,20241022-1900,1.0
SE2,20241022-0400,1.0
SE2,20241022-0900,1.0
IT-NORTH,20241022-2000,110.3
IT-NORTH,20241022-0700,166.23
IT-NORTH,20241022-1500,110.3
IT-NORTH,20241022-0500,110.3
IT-NORTH,20241022-2200,110.3
IT-NORTH,20241022-1000,110.3
IT-NORTH,20241022-1800,110.3
IT-NORTH,20241022-0100,110.3
IT-NORTH,20241022-1700,110.3
IT-NORTH,20241022-0800,121.16
IT-NORTH,20241022-1300,110.3
IT-NORTH,20241022-0600,110.3
IT-NORTH,20241022-1100,110.3
IT-NORTH,20241022-0000,110.3
IT-NORTH,20241022-0200,110.3
IT-NORTH,20241022-1200,110.3
IT-NORTH,20241022-1400,110.3
IT-NORTH,20241022-1600,110.3
IT-NORTH,20241022-2100,110.3
IT-NORTH,20241022-0300,110.3
IT-NORTH,20241022-2300,110.3
IT-NORTH,20241022-1900,110.3
IT-NORTH,20241022-0400,110.3
IT-NORTH,20241022-0900,110.3
LT,20241022-2000,5.0
LT,20241022-0700,86.33
LT,20241022-1500,86.33
LT,20241022-0500,91.92
LT,20241022-2200,5.0
LT,20241022-1000,91.92
LT,20241022-1800,75.34
LT,20241022-0100,5.0
LT,20241022-1700,75.34
LT,20241022-0800,86.33
LT,20241022-1300,86.33
LT,20241022-0600,91.92
LT,20241022-1100,91.92
LT,20241022-0000,5.0
LT,20241022-0200,5.0
LT,20241022-1200,91.92
LT,20241022-1400,86.33
LT,20241022-1600,91.92
LT,20241022-2100,9.5
LT,20241022-0300,75.34
LT,20241022-2300,5.0
LT,20241022-1900,56.76
LT,20241022-0400,75.34
LT,20241022-0900,86.33
PT,20241022-2000,91.92
PT,20241022-0700,91.92
PT,20241022-1500,51.65
PT,20241022-0500,66.21
PT,20241022-2200,56.76
PT,20241022-1000,9.5
PT,20241022-1800,102.36
PT,20241022-0100,56.76
PT,20241022-1700,110.3
PT,20241022-0800,63.47
PT,20241022-1300,9.5
PT,20241022-0600,91.92
PT,20241022-1100,9.5
PT,20241022-0000,56.76
PT,20241022-0200,56.76
PT,20241022-1200,9.5
PT,20241022-1400,23.75
PT,20241022-1600,91.92
PT,20241022-2100,67.32
PT,20241022-0300,43.0
PT,20241022-2300,48.67
PT,20241022-1900,91.92
PT,20241022-0400,56.76
PT,20241022-0900,12.5
NO2,20241022-2000,86.17
NO2,20241022-0700,86.17
NO2,20241022-1500,84.18
NO2,20241022-0500,87.86
NO2,20241022-2200,80.93
NO2,20241022-1000,70.43
NO2,20241022-1800,87.86
NO2,20241022-0100,80.93
NO2,20241022-1700,87.86
NO2,20241022-0800,84.18
NO2,20241022-1300,70.43
NO2,20241022-0600,87.86
NO2,20241022-1100,70.43
NO2,20241022-0000,80.93
NO2,20241022-0200,80.93
NO2,20241022-1200,68.05
NO2,20241022-1400,80.93
NO2,20241022-1600,87.86
NO2,20241022-2100,81.37
NO2,20241022-0300,80.93
NO2,20241022-2300,80.93
NO2,20241022-1900,86.17
NO2,20241022-0400,84.18
NO2,20241022-0900,75.9
LV,20241022-2000,5.0
LV,20241022-0700,86.33
LV,20241022-1500,86.33
LV,20241022-0500,91.92
LV,20241022-2200,5.0
LV,20241022-1000,91.92
LV,20241022-1800,75.34
LV,20241022-0100,5.0
LV,20241022-1700,75.34
LV,20241022-0800,86.33
LV,20241022-1300,86.33
LV,20241022-0600,91.92
LV,20241022-1100,91.92
LV,20241022-0000,5.0
LV,20241022-0200,5.0
LV,20241022-1200,91.92
LV,20241022-1400,86.33
LV,20241022-1600,91.92
LV,20241022-2100,9.5
LV,20241022-0300,75.34
LV,20241022-2300,5.0
LV,20241022-1900,56.76
LV,20241022-0400,75.34
LV,20241022-0900,86.33
NL,20241022-2000,91.92
NL,20241022-0700,91.92
NL,20241022-1500,86.33
NL,20241022-0500,91.92
NL,20241022-2200,86.33
NL,20241022-1000,57.0
NL,20241022-1800,91.92
NL,20241022-0100,86.33
NL,20241022-1700,91.92
NL,20241022-0800,86.33
NL,20241022-1300,70.43
NL,20241022-0600,91.92
NL,20241022-1100,56.76
NL,20241022-0000,86.33
NL,20241022-0200,86.33
NL,20241022-1200,57.0
NL,20241022-1400,86.33
NL,20241022-1600,91.92
NL,20241022-2100,89.63
NL,20241022-0300,86.33
NL,20241022-2300,86.33
NL,20241022-1900,91.92
NL,20241022-0400,86.33
NL,20241022-0900,75.9
NO5,20241022-2000,82.73
NO5,20241022-0700,82.73
NO5,20241022-1500,80.21
NO5,20241022-0500,84.04
NO5,20241022-2200,77.7
NO5,20241022-1000,64.39
NO5,20241022-1800,84.04
NO5,20241022-0100,77.7
NO5,20241022-1700,84.04
NO5,20241022-0800,80.21
NO5,20241022-1300,64.39
NO5,20241022-0600,84.04
NO5,20241022-1100,64.39
NO5,20241022-0000,77.7
NO5,20241022-0200,77.7
NO5,20241022-1200,62.55
NO5,20241022-1400,77.7
NO5,20241022-1600,84.04
NO5,20241022-2100,78.26
NO5,20241022-0300,77.7
NO5,20241022-2300,77.7
NO5,20241022-1900,82.73
NO5,20241022-0400,80.21
NO5,20241022-0900,69.71
BE,20241022-2000,91.92
BE,20241022-0700,95.93
BE,20241022-1500,91.92
BE,20241022-0500,93.38
BE,20241022-2200,91.92
BE,20241022-1000,64.39
BE,20241022-1800,221.97
BE,20241022-0100,86.33
BE,20241022-1700,182.36
BE,20241022-0800,91.92
BE,20241022-1300,64.39
BE,20241022-0600,100.96
BE,20241022-1100,64.39
BE,20241022-0000,86.33
BE,20241022-0200,86.33
BE,20241022-1200,62.55
BE,20241022-1400,85.5
BE,20241022-1600,149.57
BE,20241022-2100,91.92
BE,20241022-0300,86.33
BE,20241022-2300,91.92
BE,20241022-1900,101.89
BE,20241022-0400,91.92
BE,20241022-0900,77.46
RO,20241022-2000,94.83
RO,20241022-0700,124.66
RO,20241022-1500,157.84
RO,20241022-0500,185.72
RO,20241022-2200,91.92
RO,20241022-1000,59.83
RO,20241022-1800,176.89
RO,20241022-0100,85.74
RO,20241022-1700,223.71
RO,20241022-0800,94.83
RO,20241022-1300,59.83
RO,20241022-0600,182.01
RO,20241022-1100,59.83
RO,20241022-0000,91.92
RO,20241022-0200,91.92
RO,20241022-1200,59.83
RO,20241022-1400,91.92
RO,20241022-1600,250.0
RO,20241022-2100,94.83
RO,20241022-0300,91.92
RO,20241022-2300,91.92
RO,20241022-1900,110.3
RO,20241022-0400,154.36
RO,20241022-0900,86.33
DK2,20241022-2000,57.0
DK2,20241022-0700,94.83
DK2,20241022-1500,57.0
DK2,20241022-0500,140.5
DK2,20241022-2200,1.0
DK2,20241022-1000,86.33
DK2,20241022-1800,91.92
DK2,20241022-0100,86.33
DK2,20241022-1700,63.0
DK2,20241022-0800,91.92
DK2,20241022-1300,86.33
DK2,20241022-0600,94.83
DK2,20241022-1100,86.33
DK2,20241022-0000,86.33
DK2,20241022-0200,86.33
DK2,20241022-1200,82.24
DK2,20241022-1400,57.0
DK2,20241022-1600,50.87
DK2,20241022-2100,30.0
DK2,20241022-0300,86.33
DK2,20241022-2300,3.0
DK2,20241022-1900,63.09
DK2,20241022-0400,86.33
DK2,20241022-0900,91.92
BG,20241022-2000,94.83
BG,20241022-0700,124.66
BG,20241022-1500,157.84
BG,20241022-0500,185.72
BG,20241022-2200,91.92
BG,20241022-1000,59.83
BG,20241022-1800,176.89
BG,20241022-0100,85.74
BG,20241022-1700,223.71
BG,20241022-0800,94.83
BG,20241022-1300,59.83
BG,20241022-0600,182.01
BG,20241022-1100,59.83
BG,20241022-0000,91.92
BG,20241022-0200,91.92
BG,20241022-1200,59.83
BG,20241022-1400,91.92
BG,20241022-1600,250.0
BG,20241022-2100,94.83
BG,20241022-0300,91.92
BG,20241022-2300,91.92
BG,20241022-1900,110.3
BG,20241022-0400,154.36
BG,20241022-0900,86.33
IT-CSOUTH,20241022-2000,110.3
IT-CSOUTH,20241022-0700,110.3
IT-CSOUTH,20241022-1500,110.3
IT-CSOUTH,20241022-0500,110.3
IT-CSOUTH,20241022-2200,110.3
IT-CSOUTH,20241022-1000,110.3
IT-CSOUTH,20241022-1800,110.3
IT-CSOUTH,20241022-0100,110.3
IT-CSOUTH,20241022-1700,110.3
IT-CSOUTH,20241022-0800,110.3
IT-CSOUTH,20241022-1300,110.3
IT-CSOUTH,20241022-0600,110.3
IT-CSOUTH,20241022-1100,110.3
IT-CSOUTH,20241022-0000,110.3
IT-CSOUTH,20241022-0200,110.3
IT-CSOUTH,20241022-1200,110.3
IT-CSOUTH,20241022-1400,110.3
IT-CSOUTH,20241022-1600,110.3
IT-CSOUTH,20241022-2100,110.3
IT-CSOUTH,20241022-0300,110.3
IT-CSOUTH,20241022-2300,110.3
IT-CSOUTH,20241022-1900,110.3
IT-CSOUTH,20241022-0400,110.3
IT-CSOUTH,20241022-0900,110.3
CZ,20241022-2000,59.83
CZ,20241022-0700,91.92
CZ,20241022-1500,91.92
CZ,20241022-0500,94.83
CZ,20241022-2200,57.0
CZ,20241022-1000,86.33
CZ,20241022-1800,91.92
CZ,20241022-0100,50.87
CZ,20241022-1700,94.83
CZ,20241022-0800,86.33
CZ,20241022-1300,78.42
CZ,20241022-0600,94.83
CZ,20241022-1100,86.33
CZ,20241022-0000,56.76
CZ,20241022-0200,56.76
CZ,20241022-1200,59.83
CZ,20241022-1400,86.33
CZ,20241022-1600,94.83
CZ,20241022-2100,59.83
CZ,20241022-0300,59.83
CZ,20241022-2300,57.0
CZ,20241022-1900,86.33
CZ,20241022-0400,91.92
CZ,20241022-0900,86.33
NO3,20241022-2000,82.73
NO3,20241022-0700,82.73
NO3,20241022-1500,80.21
NO3,20241022-0500,84.04
NO3,20241022-2200,77.7
NO3,20241022-1000,64.39
NO3,20241022-1800,84.04
NO3,20241022-0100,77.7
NO3,20241022-1700,84.04
NO3,20241022-0800,80.21
NO3,20241022-1300,64.39
NO3,20241022-0600,84.04
NO3,20241022-1100,64.39
NO3,20241022-0000,77.7
NO3,20241022-0200,77.7
NO3,20241022-1200,62.55
NO3,20241022-1400,77.7
NO3,20241022-1600,84.04
NO3,20241022-2100,78.26
NO3,20241022-0300,77.7
NO3,20241022-2300,77.7
NO3,20241022-1900,82.73
NO3,20241022-0400,80.21
NO3,20241022-0900,69.71
NO1,20241022-2000,82.73
NO1,20241022-0700,82.73
NO1,20241022-1500,80.21
NO1,20241022-0500,84.04
NO1,20241022-2200,77.7
NO1,20241022-1000,64.39
NO1,20241022-1800,84.04
NO1,20241022-0100,77.7
NO1,20241022-1700,84.04
NO1,20241022-0800,80.21
NO1,20241022-1300,64.39
NO1,20241022-0600,84.04
NO1,20241022-1100,64.39
NO1,20241022-0000,77.7
NO1,20241022-0200,77.7
NO1,20241022-1200,62.55
NO1,20241022-1400,77.7
NO1,20241022-1600,84.04
NO1,20241022-2100,78.26
NO1,20241022-0300,77.7
NO1,20241022-2300,77.7
NO1,20241022-1900,82.73
NO1,20241022-0400,80.21
NO1,20241022-0900,69.71
DE_LU,20241022-2000,91.92
DE_LU,20241022-0700,94.83
DE_LU,20241022-1500,94.83
DE_LU,20241022-0500,94.83
DE_LU,20241022-2200,86.33
DE_LU,20241022-1000,86.33
DE_LU,20241022-1800,94.83
DE_LU,20241022-0100,86.33
DE_LU,20241022-1700,94.83
DE_LU,20241022-0800,91.92
DE_LU,20241022-1300,86.33
DE_LU,20241022-0600,94.83
DE_LU,20241022-1100,86.33
DE_LU,20241022-0000,86.33
DE_LU,20241022-0200,86.33
DE_LU,20241022-1200,82.24
DE_LU,20241022-1400,91.92
DE_LU,20241022-1600,94.83
DE_LU,20241022-2100,89.63
DE_LU,20241022-0300,86.33
DE_LU,20241022-2300,86.33
DE_LU,20241022-1900,91.92
DE_LU,20241022-0400,91.92
DE_LU,20241022-0900,91.92
SK,20241022-2000,89.37
SK,20241022-0700,89.37
SK,20241022-1500,86.65
SK,20241022-0500,90.79
SK,20241022-2200,77.7
SK,20241022-1000,64.39
SK,20241022-1800,91.92
SK,20241022-0100,77.7
SK,20241022-1700,91.92
SK,20241022-0800,86.65
SK,20241022-1300,64.39
SK,20241022-0600,90.79
SK,20241022-1100,64.39
SK,20241022-0000,77.7
SK,20241022-0200,77.7
SK,20241022-1200,62.55
SK,20241022-1400,77.7
SK,20241022-1600,91.92
SK,20241022-2100,78.26
SK,20241022-0300,77.7
SK,20241022-2300,77.7
SK,20241022-1900,89.37
SK,20241022-0400,86.65
SK,20241022-0900,69.71
EE,20241022-2000,5.0
EE,20241022-0700,86.33
EE,20241022-1500,86.33
EE,20241022-0500,91.92
EE,20241022-2200,5.0
EE,20241022-1000,91.92
EE,20241022-1800,75.34
EE,20241022-0100,5.0
EE,20241022-1700,75.34
EE,20241022-0800,86.33
EE,20241022-1300,86.33
EE,20241022-0600,91.92
EE,20241022-1100,91.92
EE,20241022-0000,5.0
EE,20241022-0200,5.0
EE,20241022-1200,91.92
EE,20241022-1400,86.33
EE,20241022-1600,91.92
EE,20241022-2100,9.5
EE,20241022-0300,75.34
EE,20241022-2300,5.0
EE,20241022-1900,56.76
EE,20241022-0400,75.34
EE,20241022-0900,86.33
SE4,20241022-2000,51.3
SE4,20241022-0700,82.73
SE4,20241022-1500,51.3
SE4,20241022-0500,96.76
SE4,20241022-2200,1.0
SE4,20241022-1000,77.7
SE4,20241022-1800,82.73
SE4,20241022-0100,77.7
SE4,20241022-1700,56.7
SE4,20241022-0800,82.73
SE4,20241022-1300,77.7
SE4,20241022-0600,85.35
SE4,20241022-1100,77.7
SE4,20241022-0000,77.7
SE4,20241022-0200,77.7
SE4,20241022-1200,74.02
SE4,20241022-1400,51.3
SE4,20241022-1600,45.78
SE4,20241022-2100,27.0
SE4,20241022-0300,86.33
SE4,20241022-2300,2.7
SE4,20241022-1900,56.78
SE4,20241022-0400,86.33
SE4,20241022-0900,82.73
SI,20241124-1600,103.48
SI,20241124-1400,103.48
SI,20241124-1800,103.48
SI,20241124-1700,103.48
SI,20241124-0500,97.73
SI,20241124-1000,103.48
SI,20241124-0800,106.54
SI,20241124-0400,91.06
SI,20241124-1200,106.54
SI,20241124-2200,68.93
SI,20241124-2100,68.93
SI,20241124-0700,106.54
SI,20241124-0000,103.48
SI,20241124-0900,106.54
SI,20241124-1500,103.48
SI,20241124-0200,95.58
SI,20241124-1300,112.15
SI,20241124-1100,103.48
SI,20241124-1900,103.48000000000005
SI,20241124-2000,103.48
SI,20241124-0600,104.85
SI,20241124-0300,95.52
SI,20241124-2300,100.08
SI,20241124-0100,97.61
ES,20241124-1600,18.27
ES,20241124-1400,5.61
ES,20241124-1800,57.0
ES,20241124-1700,39.35
ES,20241124-0500,20.19
ES,20241124-1000,5.0
ES,20241124-0800,5.61
ES,20241124-0400,18.38
ES,20241124-1200,5.61
ES,20241124-2200,21.74
ES,20241124-2100,44.05
ES,20241124-0700,15.94
ES,20241124-0000,19.58
ES,20241124-0900,5.0
ES,20241124-1500,10.77
ES,20241124-0200,13.88
ES,20241124-1300,5.609999999999991
ES,20241124-1100,3.15
ES,20241124-1900,72.15
ES,20241124-2000,72.15
ES,20241124-0600,21.9
ES,20241124-0300,17.71
ES,20241124-2300,20.93
ES,20241124-0100,18.27
GR,20241124-1600,269.17
GR,20241124-1400,127.85
GR,20241124-1800,250.0
GR,20241124-1700,286.53
GR,20241124-0500,103.48
GR,20241124-1000,5.45
GR,20241124-0800,5.45
GR,20241124-0400,103.48
GR,20241124-1200,5.61
GR,20241124-2200,106.54
GR,20241124-2100,127.85
GR,20241124-0700,5.61
GR,20241124-0000,103.48
GR,20241124-0900,5.45
GR,20241124-1500,209.98
GR,20241124-0200,99.28
GR,20241124-1300,72.15
GR,20241124-1100,5.61
GR,20241124-1900,217.08000000000004
GR,20241124-2000,142.82
GR,20241124-0600,103.48
GR,20241124-0300,98.21
GR,20241124-2300,106.54
GR,20241124-0100,97.61
IT-CNORTH,20241124-1600,127.85
IT-CNORTH,20241124-1400,127.85
IT-CNORTH,20241124-1800,127.85
IT-CNORTH,20241124-1700,127.85
IT-CNORTH,20241124-0500,127.85
IT-CNORTH,20241124-1000,127.85
IT-CNORTH,20241124-0800,127.82
IT-CNORTH,20241124-0400,99.85
IT-CNORTH,20241124-1200,124.21
IT-CNORTH,20241124-2200,127.85
IT-CNORTH,20241124-2100,127.85
IT-CNORTH,20241124-0700,127.85
IT-CNORTH,20241124-0000,127.85
IT-CNORTH,20241124-0900,126.18
IT-CNORTH,20241124-1500,127.85
IT-CNORTH,20241124-0200,95.58
IT-CNORTH,20241124-1300,127.85
IT-CNORTH,20241124-1100,124.21
IT-CNORTH,20241124-1900,127.85
IT-CNORTH,20241124-2000,127.85
IT-CNORTH,20241124-0600,127.85
IT-CNORTH,20241124-0300,95.52
IT-CNORTH,20241124-2300,127.85
IT-CNORTH,20241124-0100,99.11
HU,20241124-1600,239.74
HU,20241124-1400,145.69
HU,20241124-1800,201.24
HU,20241124-1700,209.78
HU,20241124-0500,103.48
HU,20241124-1000,103.48
HU,20241124-0800,106.54
HU,20241124-0400,103.48
HU,20241124-1200,106.54
HU,20241124-2200,106.54
HU,20241124-2100,127.85
HU,20241124-0700,106.54
HU,20241124-0000,103.48
HU,20241124-0900,106.54
HU,20241124-1500,193.45
HU,20241124-0200,99.28
HU,20241124-1300,112.15
HU,20241124-1100,103.48
HU,20241124-1900,217.08000000000004
HU,20241124-2000,142.82
HU,20241124-0600,106.54
HU,20241124-0300,98.21
HU,20241124-2300,106.54
HU,20241124-0100,97.61
IT-SOUTH,20241124-1600,127.85
IT-SOUTH,20241124-1400,127.85
IT-SOUTH,20241124-1800,127.85
IT-SOUTH,20241124-1700,127.85
IT-SOUTH,20241124-0500,127.85
IT-SOUTH,20241124-1000,127.85
IT-SOUTH,20241124-0800,127.82
IT-SOUTH,20241124-0400,127.85
IT-SOUTH,20241124-1200,124.21
IT-SOUTH,20241124-2200,127.85
IT-SOUTH,20241124-2100,127.85
IT-SOUTH,20241124-0700,127.85
IT-SOUTH,20241124-0000,127.85
IT-SOUTH,20241124-0900,126.18
IT-SOUTH,20241124-1500,127.85
IT-SOUTH,20241124-0200,124.21
IT-SOUTH,20241124-1300,127.85
IT-SOUTH,20241124-1100,124.21
IT-SOUTH,20241124-1900,127.85
IT-SOUTH,20241124-2000,127.85
IT-SOUTH,20241124-0600,127.85
IT-SOUTH,20241124-0300,124.21
IT-SOUTH,20241124-2300,127.85
IT-SOUTH,20241124-0100,127.85
IT-Sicily,20241124-1600,127.85
IT-Sicily,20241124-1400,127.85
IT-Sicily,20241124-1800,302.02
IT-Sicily,20241124-1700,174.83
IT-Sicily,20241124-0500,127.85
IT-Sicily,20241124-1000,127.85
IT-Sicily,20241124-0800,127.82
IT-Sicily,20241124-0400,127.85
IT-Sicily,20241124-1200,124.21
IT-Sicily,20241124-2200,127.85
IT-Sicily,20241124-2100,127.85
IT-Sicily,20241124-0700,127.85
IT-Sicily,20241124-0000,127.85
IT-Sicily,20241124-0900,126.18
IT-Sicily,20241124-1500,127.85
IT-Sicily,20241124-0200,124.21
IT-Sicily,20241124-1300,127.85
IT-Sicily,20241124-1100,124.21
IT-Sicily,20241124-1900,174.8299999999998
IT-Sicily,20241124-2000,127.85
IT-Sicily,20241124-0600,127.85
IT-Sicily,20241124-0300,124.21
IT-Sicily,20241124-2300,127.85
IT-Sicily,20241124-0100,127.85
IT-Sardinia,20241124-1600,127.85
IT-Sardinia,20241124-1400,124.21
IT-Sardinia,20241124-1800,127.85
IT-Sardinia,20241124-1700,127.85
IT-Sardinia,20241124-0500,127.85
IT-Sardinia,20241124-1000,6.45
IT-Sardinia,20241124-0800,123.57
IT-Sardinia,20241124-0400,127.85
IT-Sardinia,20241124-1200,6.45
IT-Sardinia,20241124-2200,127.85
IT-Sardinia,20241124-2100,127.85
IT-Sardinia,20241124-0700,127.85
IT-Sardinia,20241124-0000,127.85
IT-Sardinia,20241124-0900,76.92
IT-Sardinia,20241124-1500,127.85
IT-Sardinia,20241124-0200,124.21
IT-Sardinia,20241124-1300,6.45
IT-Sardinia,20241124-1100,6.45
IT-Sardinia,20241124-1900,127.85
IT-Sardinia,20241124-2000,127.85
IT-Sardinia,20241124-0600,127.85
IT-Sardinia,20241124-0300,124.21
IT-Sardinia,20241124-2300,127.85
IT-Sardinia,20241124-0100,127.85
RS,20241124-1600,239.74
RS,20241124-1400,145.69
RS,20241124-1800,201.24
RS,20241124-1700,209.78
RS,20241124-0500,103.48
RS,20241124-1000,103.48
RS,20241124-0800,106.54
RS,20241124-0400,103.48
RS,20241124-1200,106.54
RS,20241124-2200,106.54
RS,20241124-2100,127.85
RS,20241124-0700,106.54
RS,20241124-0000,103.48
RS,20241124-0900,106.54
RS,20241124-1500,193.45
RS,20241124-0200,99.28
RS,20241124-1300,112.15
RS,20241124-1100,103.48
RS,20241124-1900,217.08000000000004
RS,20241124-2000,142.82
RS,20241124-0600,106.54
RS,20241124-0300,98.21
RS,20241124-2300,106.54
RS,20241124-0100,97.61
DK1,20241124-1600,57.43
DK1,20241124-1400,30.87
DK1,20241124-1800,57.0
DK1,20241124-1700,57.43
DK1,20241124-0500,9.5
DK1,20241124-1000,14.0
DK1,20241124-0800,5.0
DK1,20241124-0400,3.0
DK1,20241124-1200,30.0
DK1,20241124-2200,21.74
DK1,20241124-2100,44.05
DK1,20241124-0700,4.87
DK1,20241124-0000,1.0
DK1,20241124-0900,4.87
DK1,20241124-1500,53.54
DK1,20241124-0200,8.39
DK1,20241124-1300,9.5
DK1,20241124-1100,9.5
DK1,20241124-1900,53.539999999999985
DK1,20241124-2000,48.67
DK1,20241124-0600,4.87
DK1,20241124-0300,1.0
DK1,20241124-2300,23.0
DK1,20241124-0100,1.0
CH,20241124-1600,71.2
CH,20241124-1400,57.47
CH,20241124-1800,75.87
CH,20241124-1700,76.85
CH,20241124-0500,111.53
CH,20241124-1000,51.86
CH,20241124-0800,51.85
CH,20241124-0400,99.85
CH,20241124-1200,49.58
CH,20241124-2200,119.27
CH,20241124-2100,127.85
CH,20241124-0700,52.92
CH,20241124-0000,107.57
CH,20241124-0900,51.3
CH,20241124-1500,65.68
CH,20241124-0200,53.68
CH,20241124-1300,51.85999999999922
CH,20241124-1100,49.58
CH,20241124-1900,127.85
CH,20241124-2000,127.85
CH,20241124-0600,122.23
CH,20241124-0300,95.52
CH,20241124-2300,113.88
CH,20241124-0100,99.11
SE1,20241124-1600,28.54
SE1,20241124-1400,41.85
SE1,20241124-1800,1.0
SE1,20241124-1700,1.0
SE1,20241124-0500,1.0
SE1,20241124-1000,1.0
SE1,20241124-0800,1.0
SE1,20241124-0400,1.0
SE1,20241124-1200,1.0
SE1,20241124-2200,1.0
SE1,20241124-2100,1.0
SE1,20241124-0700,1.0
SE1,20241124-0000,1.0
SE1,20241124-0900,1.0
SE1,20241124-1500,43.18
SE1,20241124-0200,1.0
SE1,20241124-1300,1.0
SE1,20241124-1100,1.0
SE1,20241124-1900,1.0
SE1,20241124-2000,1.0
SE1,20241124-0600,1.0
SE1,20241124-0300,1.0
SE1,20241124-2300,1.0
SE1,20241124-0100,1.0
NO4,20241124-1600,41.43
NO4,20241124-1400,33.13
NO4,20241124-1800,38.02
NO4,20241124-1700,40.25
NO4,20241124-0500,33.27
NO4,20241124-1000,36.89
NO4,20241124-0800,39.83
NO4,20241124-0400,33.01
NO4,20241124-1200,30.89
NO4,20241124-2200,23.55
NO4,20241124-2100,30.72
NO4,20241124-0700,39.59
NO4,20241124-0000,29.6
NO4,20241124-0900,40.23
NO4,20241124-1500,43.18
NO4,20241124-0200,24.16
NO4,20241124-1300,27.669999999999163
NO4,20241124-1100,33.74
NO4,20241124-1900,33.669999999999575
NO4,20241124-2000,34.24
NO4,20241124-0600,35.38
NO4,20241124-0300,24.58
NO4,20241124-2300,25.31
NO4,20241124-0100,28.75
SE3,20241124-1600,50.31
SE3,20241124-1400,12.5
SE3,20241124-1800,47.02
SE3,20241124-1700,48.75
SE3,20241124-0500,23.75
SE3,20241124-1000,34.08
SE3,20241124-0800,5.0
SE3,20241124-0400,5.0
SE3,20241124-1200,36.94
SE3,20241124-2200,21.38
SE3,20241124-2100,25.24
SE3,20241124-0700,4.87
SE3,20241124-0000,5.0
SE3,20241124-0900,5.0
SE3,20241124-1500,36.38
SE3,20241124-0200,5.61
SE3,20241124-1300,9.5
SE3,20241124-1100,9.5
SE3,20241124-1900,47.0199999999997
SE3,20241124-2000,28.69
SE3,20241124-0600,4.87
SE3,20241124-0300,5.0
SE3,20241124-2300,23.0
SE3,20241124-0100,5.0
FR,20241124-1600,18.27
FR,20241124-1400,14.02
FR,20241124-1800,57.0
FR,20241124-1700,39.35
FR,20241124-0500,20.19
FR,20241124-1000,13.28
FR,20241124-0800,13.66
FR,20241124-0400,18.38
FR,20241124-1200,12.99
FR,20241124-2200,21.74
FR,20241124-2100,44.05
FR,20241124-0700,15.94
FR,20241124-0000,19.58
FR,20241124-0900,13.38
FR,20241124-1500,15.4
FR,20241124-0200,13.88
FR,20241124-1300,13.519999999998618
FR,20241124-1100,12.64
FR,20241124-1900,53.539999999999985
FR,20241124-2000,52.96
FR,20241124-0600,21.9
FR,20241124-0300,17.71
FR,20241124-2300,20.93
FR,20241124-0100,18.27
FI,20241124-1600,9.5
FI,20241124-1400,9.5
FI,20241124-1800,5.39
FI,20241124-1700,5.41
FI,20241124-0500,5.0
FI,20241124-1000,9.5
FI,20241124-0800,5.61
FI,20241124-0400,5.23
FI,20241124-1200,9.5
FI,20241124-2200,3.75
FI,20241124-2100,4.8
FI,20241124-0700,5.0
FI,20241124-0000,5.0
FI,20241124-0900,9.5
FI,20241124-1500,9.5
FI,20241124-0200,5.0
FI,20241124-1300,9.5
FI,20241124-1100,9.5
FI,20241124-1900,5.0
FI,20241124-2000,5.0
FI,20241124-0600,5.0
FI,20241124-0300,5.0
FI,20241124-2300,9.5
FI,20241124-0100,5.0
PL,20241124-1600,92.56
PL,20241124-1400,92.56
PL,20241124-1800,92.56
PL,20241124-1700,92.56
PL,20241124-0500,92.56
PL,20241124-1000,92.56
PL,20241124-0800,92.56
PL,20241124-0400,92.56
PL,20241124-1200,92.56
PL,20241124-2200,92.56
PL,20241124-2100,92.56
PL,20241124-0700,92.56
PL,20241124-0000,92.56
PL,20241124-0900,92.56
PL,20241124-1500,92.56
PL,20241124-0200,68.93
PL,20241124-1300,92.56000000000002
PL,20241124-1100,92.56
PL,20241124-1900,92.55999999999949
PL,20241124-2000,92.56
PL,20241124-0600,92.56
PL,20241124-0300,68.93
PL,20241124-2300,68.93
PL,20241124-0100,92.56
IT-Calabria,20241124-1600,127.85
IT-Calabria,20241124-1400,127.85
IT-Calabria,20241124-1800,127.85
IT-Calabria,20241124-1700,127.85
IT-Calabria,20241124-0500,127.85
IT-Calabria,20241124-1000,127.85
IT-Calabria,20241124-0800,127.82
IT-Calabria,20241124-0400,127.85
IT-Calabria,20241124-1200,124.21
IT-Calabria,20241124-2200,127.85
IT-Calabria,20241124-2100,127.85
IT-Calabria,20241124-0700,127.85
IT-Calabria,20241124-0000,127.85
IT-Calabria,20241124-0900,126.18
IT-Calabria,20241124-1500,127.85
IT-Calabria,20241124-0200,124.21
IT-Calabria,20241124-1300,127.85
IT-Calabria,20241124-1100,124.21
IT-Calabria,20241124-1900,127.85
IT-Calabria,20241124-2000,127.85
IT-Calabria,20241124-0600,127.85
IT-Calabria,20241124-0300,124.21
IT-Calabria,20241124-2300,127.85
IT-Calabria,20241124-0100,127.85
AT,20241124-1600,71.2
AT,20241124-1400,52.4
AT,20241124-1800,66.22
AT,20241124-1700,68.11
AT,20241124-0500,111.53
AT,20241124-1000,44.93
AT,20241124-0800,49.17
AT,20241124-0400,99.85
AT,20241124-1200,44.41
AT,20241124-2200,112.15
AT,20241124-2100,112.15
AT,20241124-0700,52.92
AT,20241124-0000,106.54
AT,20241124-0900,47.82
AT,20241124-1500,65.68
AT,20241124-0200,53.68
AT,20241124-1300,47.27999999999929
AT,20241124-1100,43.18
AT,20241124-1900,112.15
AT,20241124-2000,112.15
AT,20241124-0600,112.15
AT,20241124-0300,95.52
AT,20241124-2300,106.54
AT,20241124-0100,99.11
SE2,20241124-1600,1.0
SE2,20241124-1400,1.0
SE2,20241124-1800,1.0
SE2,20241124-1700,1.0
SE2,20241124-0500,24.1
SE2,20241124-1000,31.79
SE2,20241124-0800,43.45
SE2,20241124-0400,1.0
SE2,20241124-1200,1.0
SE2,20241124-2200,1.0
SE2,20241124-2100,1.0
SE2,20241124-0700,40.65
SE2,20241124-0000,1.0
SE2,20241124-0900,40.85
SE2,20241124-1500,1.0
SE2,20241124-0200,1.0
SE2,20241124-1300,1.0
SE2,20241124-1100,1.0
SE2,20241124-1900,1.0
SE2,20241124-2000,1.0
SE2,20241124-0600,34.28
SE2,20241124-0300,1.0
SE2,20241124-2300,1.0
SE2,20241124-0100,1.0
IT-NORTH,20241124-1600,127.85
IT-NORTH,20241124-1400,127.85
IT-NORTH,20241124-1800,127.85
IT-NORTH,20241124-1700,127.85
IT-NORTH,20241124-0500,111.53
IT-NORTH,20241124-1000,127.85
IT-NORTH,20241124-0800,127.82
IT-NORTH,20241124-0400,99.85
IT-NORTH,20241124-1200,124.21
IT-NORTH,20241124-2200,119.27
IT-NORTH,20241124-2100,127.85
IT-NORTH,20241124-0700,123.69
IT-NORTH,20241124-0000,107.57
IT-NORTH,20241124-0900,126.18
IT-NORTH,20241124-1500,127.85
IT-NORTH,20241124-0200,95.58
IT-NORTH,20241124-1300,127.85
IT-NORTH,20241124-1100,124.21
IT-NORTH,20241124-1900,127.85
IT-NORTH,20241124-2000,127.85
IT-NORTH,20241124-0600,122.23
IT-NORTH,20241124-0300,95.52
IT-NORTH,20241124-2300,113.88
IT-NORTH,20241124-0100,99.11
LT,20241124-1600,72.15
LT,20241124-1400,72.15
LT,20241124-1800,40.88
LT,20241124-1700,46.38
LT,20241124-0500,30.64
LT,20241124-1000,57.0
LT,20241124-0800,46.15
LT,20241124-0400,15.4
LT,20241124-1200,72.15
LT,20241124-2200,43.14
LT,20241124-2100,28.36
LT,20241124-0700,39.66
LT,20241124-0000,16.29
LT,20241124-0900,72.15
LT,20241124-1500,72.15
LT,20241124-0200,13.57
LT,20241124-1300,72.15
LT,20241124-1100,72.15
LT,20241124-1900,45.37999999999998
LT,20241124-2000,30.34
LT,20241124-0600,39.66
LT,20241124-0300,12.22
LT,20241124-2300,9.5
LT,20241124-0100,16.29
PT,20241124-1600,18.27
PT,20241124-1400,5.61
PT,20241124-1800,57.0
PT,20241124-1700,39.35
PT,20241124-0500,20.19
PT,20241124-1000,5.0
PT,20241124-0800,5.61
PT,20241124-0400,18.38
PT,20241124-1200,5.61
PT,20241124-2200,21.74
PT,20241124-2100,44.05
PT,20241124-0700,15.94
PT,20241124-0000,19.58
PT,20241124-0900,5.0
PT,20241124-1500,10.77
PT,20241124-0200,13.88
PT,20241124-1300,5.609999999999991
PT,20241124-1100,3.15
PT,20241124-1900,72.15
PT,20241124-2000,72.15
PT,20241124-0600,21.9
PT,20241124-0300,17.71
PT,20241124-2300,20.93
PT,20241124-0100,18.27
NO2,20241124-1600,65.98
NO2,20241124-1400,30.88
NO2,20241124-1800,60.29
NO2,20241124-1700,64.99
NO2,20241124-0500,9.41
NO2,20241124-1000,14.0
NO2,20241124-0800,26.53
NO2,20241124-0400,3.7
NO2,20241124-1200,12.73
NO2,20241124-2200,37.31
NO2,20241124-2100,46.47
NO2,20241124-0700,26.53
NO2,20241124-0000,21.34
NO2,20241124-0900,21.68
NO2,20241124-1500,53.54
NO2,20241124-0200,8.39
NO2,20241124-1300,21.539999999999964
NO2,20241124-1100,12.66
NO2,20241124-1900,60.28999999999897
NO2,20241124-2000,48.67
NO2,20241124-0600,21.04
NO2,20241124-0300,4.69
NO2,20241124-2300,23.0
NO2,20241124-0100,19.47
LV,20241124-1600,72.15
LV,20241124-1400,72.15
LV,20241124-1800,40.88
LV,20241124-1700,46.38
LV,20241124-0500,30.64
LV,20241124-1000,57.0
LV,20241124-0800,46.15
LV,20241124-0400,15.4
LV,20241124-1200,72.15
LV,20241124-2200,43.14
LV,20241124-2100,28.36
LV,20241124-0700,39.66
LV,20241124-0000,16.29
LV,20241124-0900,72.15
LV,20241124-1500,72.15
LV,20241124-0200,13.57
LV,20241124-1300,72.15
LV,20241124-1100,72.15
LV,20241124-1900,45.37999999999998
LV,20241124-2000,30.34
LV,20241124-0600,39.66
LV,20241124-0300,12.22
LV,20241124-2300,9.5
LV,20241124-0100,16.29
NL,20241124-1600,103.5
NL,20241124-1400,72.15
NL,20241124-1800,92.56
NL,20241124-1700,103.5
NL,20241124-0500,9.5
NL,20241124-1000,14.0
NL,20241124-0800,72.15
NL,20241124-0400,5.61
NL,20241124-1200,30.0
NL,20241124-2200,72.15
NL,20241124-2100,92.56
NL,20241124-0700,72.15
NL,20241124-0000,63.1
NL,20241124-0900,57.43
NL,20241124-1500,92.56
NL,20241124-0200,8.39
NL,20241124-1300,57.0
NL,20241124-1100,30.0
NL,20241124-1900,92.56000000000017
NL,20241124-2000,92.56
NL,20241124-0600,57.43
NL,20241124-0300,5.61
NL,20241124-2300,23.0
NL,20241124-0100,57.43
NO5,20241124-1600,71.73
NO5,20241124-1400,38.09
NO5,20241124-1800,65.16
NO5,20241124-1700,70.95
NO5,20241124-0500,12.53
NO5,20241124-1000,17.53
NO5,20241124-0800,34.66
NO5,20241124-0400,4.73
NO5,20241124-1200,17.07
NO5,20241124-2200,43.16
NO5,20241124-2100,54.27
NO5,20241124-0700,34.66
NO5,20241124-0000,28.84
NO5,20241124-0900,28.04
NO5,20241124-1500,59.84
NO5,20241124-0200,11.14
NO5,20241124-1300,27.839999999999094
NO5,20241124-1100,16.98
NO5,20241124-1900,65.15999999999968
NO5,20241124-2000,56.0
NO5,20241124-0600,27.53
NO5,20241124-0300,6.08
NO5,20241124-2300,23.0
NO5,20241124-0100,26.29
BE,20241124-1600,77.65
BE,20241124-1400,41.23
BE,20241124-1800,65.16
BE,20241124-1700,76.8
BE,20241124-0500,12.53
BE,20241124-1000,19.47
BE,20241124-0800,34.66
BE,20241124-0400,5.11
BE,20241124-1200,17.07
BE,20241124-2200,43.16
BE,20241124-2100,54.27
BE,20241124-0700,34.66
BE,20241124-0000,28.84
BE,20241124-0900,28.04
BE,20241124-1500,59.84
BE,20241124-0200,11.14
BE,20241124-1300,27.83999999999914
BE,20241124-1100,16.98
BE,20241124-1900,65.1599999999996
BE,20241124-2000,56.0
BE,20241124-0600,27.53
BE,20241124-0300,6.08
BE,20241124-2300,23.0
BE,20241124-0100,26.29
RO,20241124-1600,335.11
RO,20241124-1400,145.69
RO,20241124-1800,250.0
RO,20241124-1700,286.53
RO,20241124-0500,103.48
RO,20241124-1000,103.48
RO,20241124-0800,106.54
RO,20241124-0400,103.48
RO,20241124-1200,106.54
RO,20241124-2200,106.54
RO,20241124-2100,127.85
RO,20241124-0700,106.54
RO,20241124-0000,103.48
RO,20241124-0900,106.54
RO,20241124-1500,250.0
RO,20241124-0200,99.28
RO,20241124-1300,112.15
RO,20241124-1100,103.48
RO,20241124-1900,217.08000000000004
RO,20241124-2000,142.82
RO,20241124-0600,106.54
RO,20241124-0300,98.21
RO,20241124-2300,106.54
RO,20241124-0100,97.61
DK2,20241124-1600,57.43
DK2,20241124-1400,30.87
DK2,20241124-1800,57.0
DK2,20241124-1700,57.43
DK2,20241124-0500,30.64
DK2,20241124-1000,57.0
DK2,20241124-0800,46.15
DK2,20241124-0400,15.4
DK2,20241124-1200,57.0
DK2,20241124-2200,57.0
DK2,20241124-2100,30.0
DK2,20241124-0700,37.82
DK2,20241124-0000,16.29
DK2,20241124-0900,72.15
DK2,20241124-1500,53.54
DK2,20241124-0200,13.57
DK2,20241124-1300,45.8799999999992
DK2,20241124-1100,59.84
DK2,20241124-1900,53.539999999999985
DK2,20241124-2000,48.67
DK2,20241124-0600,24.82
DK2,20241124-0300,12.22
DK2,20241124-2300,23.0
DK2,20241124-0100,16.29
BG,20241124-1600,335.11
BG,20241124-1400,145.69
BG,20241124-1800,250.0
BG,20241124-1700,286.53
BG,20241124-0500,103.48
BG,20241124-1000,103.48
BG,20241124-0800,106.54
BG,20241124-0400,103.48
BG,20241124-1200,106.54
BG,20241124-2200,106.54
BG,20241124-2100,127.85
BG,20241124-0700,106.54
BG,20241124-0000,103.48
BG,20241124-0900,106.54
BG,20241124-1500,250.0
BG,20241124-0200,99.28
BG,20241124-1300,112.15
BG,20241124-1100,103.48
BG,20241124-1900,217.08000000000004
BG,20241124-2000,142.82
BG,20241124-0600,106.54
BG,20241124-0300,98.21
BG,20241124-2300,106.54
BG,20241124-0100,97.61
IT-CSOUTH,20241124-1600,127.85
IT-CSOUTH,20241124-1400,127.85
IT-CSOUTH,20241124-1800,127.85
IT-CSOUTH,20241124-1700,127.85
IT-CSOUTH,20241124-0500,127.85
IT-CSOUTH,20241124-1000,127.85
IT-CSOUTH,20241124-0800,127.82
IT-CSOUTH,20241124-0400,127.85
IT-CSOUTH,20241124-1200,124.21
IT-CSOUTH,20241124-2200,127.85
IT-CSOUTH,20241124-2100,127.85
IT-CSOUTH,20241124-0700,127.85
IT-CSOUTH,20241124-0000,127.85
IT-CSOUTH,20241124-0900,126.18
IT-CSOUTH,20241124-1500,127.85
IT-CSOUTH,20241124-0200,124.21
IT-CSOUTH,20241124-1300,127.85
IT-CSOUTH,20241124-1100,124.21
IT-CSOUTH,20241124-1900,127.85
IT-CSOUTH,20241124-2000,127.85
IT-CSOUTH,20241124-0600,127.85
IT-CSOUTH,20241124-0300,124.21
IT-CSOUTH,20241124-2300,127.85
IT-CSOUTH,20241124-0100,127.85
CZ,20241124-1600,92.56
CZ,20241124-1400,92.56
CZ,20241124-1800,103.48
CZ,20241124-1700,103.48
CZ,20241124-0500,68.93
CZ,20241124-1000,92.56
CZ,20241124-0800,92.56
CZ,20241124-0400,68.93
CZ,20241124-1200,92.56
CZ,20241124-2200,68.93
CZ,20241124-2100,75.34
CZ,20241124-0700,72.15
CZ,20241124-0000,57.43
CZ,20241124-0900,92.56
CZ,20241124-1500,92.56
CZ,20241124-0200,57.43
CZ,20241124-1300,92.56000000000002
CZ,20241124-1100,92.56
CZ,20241124-1900,96.65999999999923
CZ,20241124-2000,83.12
CZ,20241124-0600,68.93
CZ,20241124-0300,63.0
CZ,20241124-2300,68.93
CZ,20241124-0100,57.0
NO3,20241124-1600,71.73
NO3,20241124-1400,38.09
NO3,20241124-1800,65.16
NO3,20241124-1700,70.95
NO3,20241124-0500,12.53
NO3,20241124-1000,17.53
NO3,20241124-0800,34.66
NO3,20241124-0400,4.73
NO3,20241124-1200,17.07
NO3,20241124-2200,43.16
NO3,20241124-2100,54.27
NO3,20241124-0700,34.66
NO3,20241124-0000,32.05
NO3,20241124-0900,28.04
NO3,20241124-1500,59.84
NO3,20241124-0200,12.38
NO3,20241124-1300,27.84000000000014
NO3,20241124-1100,16.98
NO3,20241124-1900,65.15999999999997
NO3,20241124-2000,56.0
NO3,20241124-0600,27.53
NO3,20241124-0300,6.08
NO3,20241124-2300,23.0
NO3,20241124-0100,29.22
NO1,20241124-1600,79.7
NO1,20241124-1400,42.32
NO1,20241124-1800,72.4
NO1,20241124-1700,78.84
NO1,20241124-0500,13.92
NO1,20241124-1000,19.47
NO1,20241124-0800,38.51
NO1,20241124-0400,5.25
NO1,20241124-1200,18.97
NO1,20241124-2200,43.16
NO1,20241124-2100,54.27
NO1,20241124-0700,38.51
NO1,20241124-0000,32.05
NO1,20241124-0900,31.15
NO1,20241124-1500,66.49
NO1,20241124-0200,12.38
NO1,20241124-1300,30.939999999999145
NO1,20241124-1100,18.86
NO1,20241124-1900,72.4099999999944
NO1,20241124-2000,56.0
NO1,20241124-0600,30.59
NO1,20241124-0300,6.75
NO1,20241124-2300,23.0
NO1,20241124-0100,29.22
DE_LU,20241124-1600,57.43
DE_LU,20241124-1400,14.02
DE_LU,20241124-1800,57.0
DE_LU,20241124-1700,57.43
DE_LU,20241124-0500,1.0
DE_LU,20241124-1000,4.87
DE_LU,20241124-0800,4.87
DE_LU,20241124-0400,1.0
DE_LU,20241124-1200,1.0
DE_LU,20241124-2200,21.74
DE_LU,20241124-2100,44.05
DE_LU,20241124-0700,4.87
DE_LU,20241124-0000,1.0
DE_LU,20241124-0900,4.87
DE_LU,20241124-1500,53.54
DE_LU,20241124-0200,1.0
DE_LU,20241124-1300,4.8699999999999495
DE_LU,20241124-1100,1.0
DE_LU,20241124-1900,53.539999999999985
DE_LU,20241124-2000,48.67
DE_LU,20241124-0600,3.75
DE_LU,20241124-0300,1.0
DE_LU,20241124-2300,23.0
DE_LU,20241124-0100,1.0
SK,20241124-1600,79.7
SK,20241124-1400,42.32
SK,20241124-1800,72.4
SK,20241124-1700,78.84
SK,20241124-0500,13.92
SK,20241124-1000,19.47
SK,20241124-0800,38.51
SK,20241124-0400,5.61
SK,20241124-1200,18.97
SK,20241124-2200,47.95
SK,20241124-2100,60.3
SK,20241124-0700,38.51
SK,20241124-0000,32.05
SK,20241124-0900,31.15
SK,20241124-1500,66.49
SK,20241124-0200,12.38
SK,20241124-1300,30.939999999998037
SK,20241124-1100,18.86
SK,20241124-1900,72.4099999999991
SK,20241124-2000,62.22
SK,20241124-0600,30.59
SK,20241124-0300,8.64
SK,20241124-2300,25.55
SK,20241124-0100,29.22
EE,20241124-1600,72.15
EE,20241124-1400,72.15
EE,20241124-1800,40.88
EE,20241124-1700,46.38
EE,20241124-0500,30.64
EE,20241124-1000,57.0
EE,20241124-0800,46.15
EE,20241124-0400,15.4
EE,20241124-1200,72.15
EE,20241124-2200,43.14
EE,20241124-2100,28.36
EE,20241124-0700,39.66
EE,20241124-0000,16.29
EE,20241124-0900,72.15
EE,20241124-1500,72.15
EE,20241124-0200,13.57
EE,20241124-1300,72.15
EE,20241124-1100,72.15
EE,20241124-1900,45.37999999999998
EE,20241124-2000,30.34
EE,20241124-0600,39.66
EE,20241124-0300,12.22
EE,20241124-2300,9.5
EE,20241124-0100,16.29
SE4,20241124-1600,57.43
SE4,20241124-1400,30.87
SE4,20241124-1800,40.88
SE4,20241124-1700,46.38
SE4,20241124-0500,30.64
SE4,20241124-1000,57.0
SE4,20241124-0800,46.15
SE4,20241124-0400,15.4
SE4,20241124-1200,59.84
SE4,20241124-2200,43.14
SE4,20241124-2100,28.36
SE4,20241124-0700,37.82
SE4,20241124-0000,16.29
SE4,20241124-0900,72.15
SE4,20241124-1500,51.27
SE4,20241124-0200,13.57
SE4,20241124-1300,45.8799999999992
SE4,20241124-1100,59.84
SE4,20241124-1900,45.379999999999974
SE4,20241124-2000,30.34
SE4,20241124-0600,24.82
SE4,20241124-0300,12.22
SE4,20241124-2300,9.5
SE4,20241124-0100,16.29
SI,20250225-1300,113.4
SI,20250225-1000,16.0
SI,20250225-2300,10.5
SI,20250225-1700,197.37
SI,20250225-0700,129.41
SI,20250225-2200,72.41
SI,20250225-1100,12.75
SI,20250225-0900,107.73
SI,20250225-1400,111.37
SI,20250225-0100,10.5
SI,20250225-0000,10.5
SI,20250225-0200,10.5
SI,20250225-1200,12.82
SI,20250225-0500,129.27
SI,20250225-2000,129.27
SI,20250225-1500,150.49
SI,20250225-0600,129.27
SI,20250225-1800,180.77
SI,20250225-0300,12.5
SI,20250225-1900,136.45
SI,20250225-0800,129.27
SI,20250225-1600,192.08
SI,20250225-0400,129.27
SI,20250225-2100,113.4
ES,20250225-1300,9.5
ES,20250225-1000,73.4
ES,20250225-2300,107.73
ES,20250225-1700,107.73
ES,20250225-0700,107.73
ES,20250225-2200,107.73
ES,20250225-1100,59.93
ES,20250225-0900,82.08
ES,20250225-1400,10.5
ES,20250225-0100,23.75
ES,20250225-0000,46.72
ES,20250225-0200,46.72
ES,20250225-1200,10.5
ES,20250225-0500,55.31
ES,20250225-2000,193.96
ES,20250225-1500,16.0
ES,20250225-0600,81.83
ES,20250225-1800,172.51
ES,20250225-0300,48.27
ES,20250225-1900,198.45
ES,20250225-0800,101.39
ES,20250225-1600,74.05
ES,20250225-0400,48.65
ES,20250225-2100,107.73
GR,20250225-1300,107.73
GR,20250225-1000,107.73
GR,20250225-2300,107.73
GR,20250225-1700,401.17
GR,20250225-0700,147.78
GR,20250225-2200,125.24
GR,20250225-1100,106.79
GR,20250225-0900,107.73
GR,20250225-1400,122.6
GR,20250225-0100,107.73
GR,20250225-0000,107.73
GR,20250225-0200,107.73
GR,20250225-1200,107.73
GR,20250225-0500,166.6
GR,20250225-2000,191.31
GR,20250225-1500,193.05
GR,20250225-0600,166.78
GR,20250225-1800,301.18
GR,20250225-0300,107.73
GR,20250225-1900,246.46
GR,20250225-0800,118.47
GR,20250225-1600,324.29
GR,20250225-0400,120.88
GR,20250225-2100,150.07
IT-CNORTH,20250225-1300,178.11
IT-CNORTH,20250225-1000,244.52
IT-CNORTH,20250225-2300,129.27
IT-CNORTH,20250225-1700,197.37
IT-CNORTH,20250225-0700,129.41
IT-CNORTH,20250225-2200,129.27
IT-CNORTH,20250225-1100,169.94
IT-CNORTH,20250225-0900,190.47
IT-CNORTH,20250225-1400,131.12
IT-CNORTH,20250225-0100,129.27
IT-CNORTH,20250225-0000,129.27
IT-CNORTH,20250225-0200,129.27
IT-CNORTH,20250225-1200,171.75
IT-CNORTH,20250225-0500,129.27
IT-CNORTH,20250225-2000,129.27
IT-CNORTH,20250225-1500,188.0
IT-CNORTH,20250225-0600,129.27
IT-CNORTH,20250225-1800,180.77
IT-CNORTH,20250225-0300,129.27
IT-CNORTH,20250225-1900,136.45
IT-CNORTH,20250225-0800,129.27
IT-CNORTH,20250225-1600,192.08
IT-CNORTH,20250225-0400,129.27
IT-CNORTH,20250225-2100,129.27
HU,20250225-1300,107.73
HU,20250225-1000,16.0
HU,20250225-2300,107.73
HU,20250225-1700,270.75
HU,20250225-0700,129.41
HU,20250225-2200,125.24
HU,20250225-1100,12.75
HU,20250225-0900,73.4
HU,20250225-1400,111.37
HU,20250225-0100,107.73
HU,20250225-0000,107.73
HU,20250225-0200,107.73
HU,20250225-1200,12.82
HU,20250225-0500,129.27
HU,20250225-2000,181.98
HU,20250225-1500,150.49
HU,20250225-0600,129.27
HU,20250225-1800,250.69
HU,20250225-0300,107.73
HU,20250225-1900,214.3
HU,20250225-0800,107.73
HU,20250225-1600,228.65
HU,20250225-0400,120.88
HU,20250225-2100,150.07
IT-SOUTH,20250225-1300,129.27
IT-SOUTH,20250225-1000,129.27
IT-SOUTH,20250225-2300,129.27
IT-SOUTH,20250225-1700,129.27
IT-SOUTH,20250225-0700,129.27
IT-SOUTH,20250225-2200,129.27
IT-SOUTH,20250225-1100,129.27
IT-SOUTH,20250225-0900,129.27
IT-SOUTH,20250225-1400,129.27
IT-SOUTH,20250225-0100,129.27
IT-SOUTH,20250225-0000,129.27
IT-SOUTH,20250225-0200,129.27
IT-SOUTH,20250225-1200,129.27
IT-SOUTH,20250225-0500,129.27
IT-SOUTH,20250225-2000,129.27
IT-SOUTH,20250225-1500,129.27
IT-SOUTH,20250225-0600,129.27
IT-SOUTH,20250225-1800,129.27
IT-SOUTH,20250225-0300,129.27
IT-SOUTH,20250225-1900,129.27
IT-SOUTH,20250225-0800,129.27
IT-SOUTH,20250225-1600,129.27
IT-SOUTH,20250225-0400,129.27
IT-SOUTH,20250225-2100,129.27
IT-Sicily,20250225-1300,129.27
IT-Sicily,20250225-1000,129.27
IT-Sicily,20250225-2300,129.27
IT-Sicily,20250225-1700,129.27
IT-Sicily,20250225-0700,129.27
IT-Sicily,20250225-2200,129.27
IT-Sicily,20250225-1100,125.37
IT-Sicily,20250225-0900,129.27
IT-Sicily,20250225-1400,129.27
IT-Sicily,20250225-0100,129.27
IT-Sicily,20250225-0000,129.27
IT-Sicily,20250225-0200,129.27
IT-Sicily,20250225-1200,129.27
IT-Sicily,20250225-0500,129.27
IT-Sicily,20250225-2000,129.27
IT-Sicily,20250225-1500,129.27
IT-Sicily,20250225-0600,129.27
IT-Sicily,20250225-1800,129.27
IT-Sicily,20250225-0300,129.27
IT-Sicily,20250225-1900,129.27
IT-Sicily,20250225-0800,129.27
IT-Sicily,20250225-1600,129.27
IT-Sicily,20250225-0400,129.27
IT-Sicily,20250225-2100,129.27
IT-Sardinia,20250225-1300,6.0
IT-Sardinia,20250225-1000,31.52
IT-Sardinia,20250225-2300,113.92
IT-Sardinia,20250225-1700,125.32
IT-Sardinia,20250225-0700,113.92
IT-Sardinia,20250225-2200,113.92
IT-Sardinia,20250225-1100,28.5
IT-Sardinia,20250225-0900,37.56
IT-Sardinia,20250225-1400,6.0
IT-Sardinia,20250225-0100,85.5
IT-Sardinia,20250225-0000,113.92
IT-Sardinia,20250225-0200,85.5
IT-Sardinia,20250225-1200,1.0
IT-Sardinia,20250225-0500,125.37
IT-Sardinia,20250225-2000,125.32
IT-Sardinia,20250225-1500,28.5
IT-Sardinia,20250225-0600,125.32
IT-Sardinia,20250225-1800,125.37
IT-Sardinia,20250225-0300,113.92
IT-Sardinia,20250225-1900,125.32
IT-Sardinia,20250225-0800,53.25
IT-Sardinia,20250225-1600,79.92
IT-Sardinia,20250225-0400,125.32
IT-Sardinia,20250225-2100,125.32
RS,20250225-1300,107.73
RS,20250225-1000,107.73
RS,20250225-2300,107.73
RS,20250225-1700,270.75
RS,20250225-0700,147.78
RS,20250225-2200,125.24
RS,20250225-1100,106.79
RS,20250225-0900,107.73
RS,20250225-1400,122.6
RS,20250225-0100,107.73
RS,20250225-0000,107.73
RS,20250225-0200,107.73
RS,20250225-1200,107.73
RS,20250225-0500,129.27
RS,20250225-2000,181.98
RS,20250225-1500,150.49
RS,20250225-0600,150.27
RS,20250225-1800,250.69
RS,20250225-0300,107.73
RS,20250225-1900,214.3
RS,20250225-0800,118.47
RS,20250225-1600,228.65
RS,20250225-0400,120.88
RS,20250225-2100,150.07
DK1,20250225-1300,104.47
DK1,20250225-1000,107.73
DK1,20250225-2300,107.73
DK1,20250225-1700,185.79
DK1,20250225-0700,129.41
DK1,20250225-2200,107.73
DK1,20250225-1100,104.47
DK1,20250225-0900,113.4
DK1,20250225-1400,107.73
DK1,20250225-0100,94.94
DK1,20250225-0000,94.94
DK1,20250225-0200,94.94
DK1,20250225-1200,104.47
DK1,20250225-0500,104.47
DK1,20250225-2000,107.73
DK1,20250225-1500,107.73
DK1,20250225-0600,107.73
DK1,20250225-1800,107.73
DK1,20250225-0300,104.47
DK1,20250225-1900,136.45
DK1,20250225-0800,120.58
DK1,20250225-1600,116.42
DK1,20250225-0400,104.47
DK1,20250225-2100,113.06
CH,20250225-1300,119.99
CH,20250225-1000,113.4
CH,20250225-2300,107.73
CH,20250225-1700,197.37
CH,20250225-0700,129.41
CH,20250225-2200,109.8
CH,20250225-1100,113.4
CH,20250225-0900,113.4
CH,20250225-1400,131.12
CH,20250225-0100,98.23
CH,20250225-0000,98.23
CH,20250225-0200,94.94
CH,20250225-1200,113.4
CH,20250225-0500,107.73
CH,20250225-2000,129.27
CH,20250225-1500,168.53
CH,20250225-0600,129.27
CH,20250225-1800,180.77
CH,20250225-0300,106.85
CH,20250225-1900,136.45
CH,20250225-0800,120.58
CH,20250225-1600,192.08
CH,20250225-0400,107.73
CH,20250225-2100,129.27
SE1,20250225-1300,57.66
SE1,20250225-1000,49.34
SE1,20250225-2300,38.93
SE1,20250225-1700,58.19
SE1,20250225-0700,40.82
SE1,20250225-2200,38.93
SE1,20250225-1100,53.08
SE1,20250225-0900,48.96
SE1,20250225-1400,59.49
SE1,20250225-0100,1.0
SE1,20250225-0000,1.0
SE1,20250225-0200,1.0
SE1,20250225-1200,55.05
SE1,20250225-0500,38.93
SE1,20250225-2000,44.78
SE1,20250225-1500,61.02
SE1,20250225-0600,38.93
SE1,20250225-1800,53.59
SE1,20250225-0300,1.0
SE1,20250225-1900,49.8
SE1,20250225-0800,48.09
SE1,20250225-1600,62.02
SE1,20250225-0400,1.0
SE1,20250225-2100,38.93
NO4,20250225-1300,43.22
NO4,20250225-1000,41.42
NO4,20250225-2300,32.94
NO4,20250225-1700,40.9
NO4,20250225-0700,40.65
NO4,20250225-2200,37.87
NO4,20250225-1100,39.54
NO4,20250225-0900,40.63
NO4,20250225-1400,35.2
NO4,20250225-0100,25.72
NO4,20250225-0000,25.24
NO4,20250225-0200,25.26
NO4,20250225-1200,40.92
NO4,20250225-0500,35.38
NO4,20250225-2000,38.46
NO4,20250225-1500,43.47
NO4,20250225-0600,39.61
NO4,20250225-1800,43.66
NO4,20250225-0300,23.81
NO4,20250225-1900,38.97
NO4,20250225-0800,42.99
NO4,20250225-1600,35.77
NO4,20250225-0400,24.31
NO4,20250225-2100,38.75
SE3,20250225-1300,94.02
SE3,20250225-1000,96.96
SE3,20250225-2300,96.96
SE3,20250225-1700,113.4
SE3,20250225-0700,113.4
SE3,20250225-2200,96.96
SE3,20250225-1100,94.02
SE3,20250225-0900,96.96
SE3,20250225-1400,94.02
SE3,20250225-0100,85.45
SE3,20250225-0000,85.45
SE3,20250225-0200,85.45
SE3,20250225-1200,94.02
SE3,20250225-0500,94.02
SE3,20250225-2000,96.96
SE3,20250225-1500,96.96
SE3,20250225-0600,96.96
SE3,20250225-1800,96.96
SE3,20250225-0300,94.02
SE3,20250225-1900,113.4
SE3,20250225-0800,108.52
SE3,20250225-1600,104.78
SE3,20250225-0400,94.02
SE3,20250225-2100,101.75
FR,20250225-1300,50.24
FR,20250225-1000,73.4
FR,20250225-2300,59.78
FR,20250225-1700,107.73
FR,20250225-0700,107.73
FR,20250225-2200,68.9
FR,20250225-1100,72.26
FR,20250225-0900,82.08
FR,20250225-1400,44.64
FR,20250225-0100,41.08
FR,20250225-0000,46.72
FR,20250225-0200,46.72
FR,20250225-1200,47.42
FR,20250225-0500,55.31
FR,20250225-2000,80.34
FR,20250225-1500,60.79
FR,20250225-0600,81.83
FR,20250225-1800,172.51
FR,20250225-0300,48.27
FR,20250225-1900,107.73
FR,20250225-0800,101.39
FR,20250225-1600,74.05
FR,20250225-0400,48.65
FR,20250225-2100,71.21
FI,20250225-1300,5.67
FI,20250225-1000,9.5
FI,20250225-2300,30.0
FI,20250225-1700,9.5
FI,20250225-0700,5.67
FI,20250225-2200,9.5
FI,20250225-1100,5.67
FI,20250225-0900,9.5
FI,20250225-1400,5.67
FI,20250225-0100,3.75
FI,20250225-0000,3.97
FI,20250225-0200,4.8
FI,20250225-1200,5.67
FI,20250225-0500,5.67
FI,20250225-2000,9.5
FI,20250225-1500,9.5
FI,20250225-0600,5.67
FI,20250225-1800,9.5
FI,20250225-0300,5.0
FI,20250225-1900,9.5
FI,20250225-0800,9.5
FI,20250225-1600,9.5
FI,20250225-0400,5.0
FI,20250225-2100,9.5
PL,20250225-1300,94.94
PL,20250225-1000,94.94
PL,20250225-2300,94.94
PL,20250225-1700,106.79
PL,20250225-0700,99.16
PL,20250225-2200,94.94
PL,20250225-1100,94.94
PL,20250225-0900,94.94
PL,20250225-1400,104.62
PL,20250225-0100,94.94
PL,20250225-0000,94.94
PL,20250225-0200,94.94
PL,20250225-1200,94.94
PL,20250225-0500,94.94
PL,20250225-2000,106.79
PL,20250225-1500,106.79
PL,20250225-0600,106.79
PL,20250225-1800,106.79
PL,20250225-0300,94.94
PL,20250225-1900,106.79
PL,20250225-0800,94.94
PL,20250225-1600,106.79
PL,20250225-0400,94.94
PL,20250225-2100,94.94
IT-Calabria,20250225-1300,129.27
IT-Calabria,20250225-1000,129.27
IT-Calabria,20250225-2300,129.27
IT-Calabria,20250225-1700,129.27
IT-Calabria,20250225-0700,129.27
IT-Calabria,20250225-2200,129.27
IT-Calabria,20250225-1100,125.37
IT-Calabria,20250225-0900,129.27
IT-Calabria,20250225-1400,129.27
IT-Calabria,20250225-0100,129.27
IT-Calabria,20250225-0000,129.27
IT-Calabria,20250225-0200,129.27
IT-Calabria,20250225-1200,129.27
IT-Calabria,20250225-0500,129.27
IT-Calabria,20250225-2000,129.27
IT-Calabria,20250225-1500,129.27
IT-Calabria,20250225-0600,129.27
IT-Calabria,20250225-1800,129.27
IT-Calabria,20250225-0300,129.27
IT-Calabria,20250225-1900,129.27
IT-Calabria,20250225-0800,129.27
IT-Calabria,20250225-1600,129.27
IT-Calabria,20250225-0400,129.27
IT-Calabria,20250225-2100,129.27
AT,20250225-1300,113.4
AT,20250225-1000,113.4
AT,20250225-2300,107.73
AT,20250225-1700,197.37
AT,20250225-0700,129.41
AT,20250225-2200,109.8
AT,20250225-1100,113.4
AT,20250225-0900,113.4
AT,20250225-1400,113.4
AT,20250225-0100,98.23
AT,20250225-0000,98.23
AT,20250225-0200,94.94
AT,20250225-1200,113.4
AT,20250225-0500,113.4
AT,20250225-2000,113.4
AT,20250225-1500,168.53
AT,20250225-0600,129.27
AT,20250225-1800,180.77
AT,20250225-0300,106.85
AT,20250225-1900,113.4
AT,20250225-0800,113.4
AT,20250225-1600,192.08
AT,20250225-0400,107.73
AT,20250225-2100,113.4
SE2,20250225-1300,71.37
SE2,20250225-1000,62.64
SE2,20250225-2300,38.93
SE2,20250225-1700,58.19
SE2,20250225-0700,40.82
SE2,20250225-2200,38.93
SE2,20250225-1100,67.93
SE2,20250225-0900,55.94
SE2,20250225-1400,70.72
SE2,20250225-0100,1.0
SE2,20250225-0000,1.0
SE2,20250225-0200,1.0
SE2,20250225-1200,71.03
SE2,20250225-0500,38.93
SE2,20250225-2000,44.78
SE2,20250225-1500,66.58
SE2,20250225-0600,38.93
SE2,20250225-1800,53.59
SE2,20250225-0300,1.0
SE2,20250225-1900,49.8
SE2,20250225-0800,48.09
SE2,20250225-1600,62.02
SE2,20250225-0400,1.0
SE2,20250225-2100,38.93
IT-NORTH,20250225-1300,178.11
IT-NORTH,20250225-1000,244.52
IT-NORTH,20250225-2300,129.27
IT-NORTH,20250225-1700,197.37
IT-NORTH,20250225-0700,129.41
IT-NORTH,20250225-2200,129.27
IT-NORTH,20250225-1100,169.94
IT-NORTH,20250225-0900,190.47
IT-NORTH,20250225-1400,131.12
IT-NORTH,20250225-0100,129.27
IT-NORTH,20250225-0000,129.27
IT-NORTH,20250225-0200,129.27
IT-NORTH,20250225-1200,171.75
IT-NORTH,20250225-0500,129.27
IT-NORTH,20250225-2000,129.27
IT-NORTH,20250225-1500,188.0
IT-NORTH,20250225-0600,129.27
IT-NORTH,20250225-1800,180.77
IT-NORTH,20250225-0300,129.27
IT-NORTH,20250225-1900,136.45
IT-NORTH,20250225-0800,129.27
IT-NORTH,20250225-1600,192.08
IT-NORTH,20250225-0400,129.27
IT-NORTH,20250225-2100,129.27
LT,20250225-1300,92.01
LT,20250225-1000,62.34
LT,20250225-2300,83.43
LT,20250225-1700,113.4
LT,20250225-0700,99.16
LT,20250225-2200,99.14
LT,20250225-1100,61.08
LT,20250225-0900,72.3
LT,20250225-1400,104.62
LT,20250225-0100,78.34
LT,20250225-0000,73.4
LT,20250225-0200,78.34
LT,20250225-1200,72.3
LT,20250225-0500,94.94
LT,20250225-2000,106.79
LT,20250225-1500,113.4
LT,20250225-0600,108.97
LT,20250225-1800,113.4
LT,20250225-0300,82.13
LT,20250225-1900,112.37
LT,20250225-0800,89.18
LT,20250225-1600,113.4
LT,20250225-0400,75.34
LT,20250225-2100,94.94
PT,20250225-1300,9.5
PT,20250225-1000,73.4
PT,20250225-2300,107.73
PT,20250225-1700,107.73
PT,20250225-0700,107.73
PT,20250225-2200,107.73
PT,20250225-1100,59.93
PT,20250225-0900,82.08
PT,20250225-1400,10.5
PT,20250225-0100,23.75
PT,20250225-0000,46.72
PT,20250225-0200,46.72
PT,20250225-1200,10.5
PT,20250225-0500,55.31
PT,20250225-2000,193.96
PT,20250225-1500,16.0
PT,20250225-0600,81.83
PT,20250225-1800,172.51
PT,20250225-0300,48.27
PT,20250225-1900,198.45
PT,20250225-0800,101.39
PT,20250225-1600,74.05
PT,20250225-0400,48.65
PT,20250225-2100,107.73
NO2,20250225-1300,103.4
NO2,20250225-1000,95.99
NO2,20250225-2300,95.99
NO2,20250225-1700,113.4
NO2,20250225-0700,110.06
NO2,20250225-2200,96.96
NO2,20250225-1100,95.99
NO2,20250225-0900,96.96
NO2,20250225-1400,110.12
NO2,20250225-0100,85.45
NO2,20250225-0000,85.45
NO2,20250225-0200,85.45
NO2,20250225-1200,95.99
NO2,20250225-0500,95.99
NO2,20250225-2000,109.97
NO2,20250225-1500,113.4
NO2,20250225-0600,109.97
NO2,20250225-1800,113.4
NO2,20250225-0300,94.02
NO2,20250225-1900,113.4
NO2,20250225-0800,104.72
NO2,20250225-1600,113.4
NO2,20250225-0400,95.42
NO2,20250225-2100,100.18
LV,20250225-1300,92.01
LV,20250225-1000,62.34
LV,20250225-2300,83.28
LV,20250225-1700,113.4
LV,20250225-0700,99.16
LV,20250225-2200,99.14
LV,20250225-1100,61.08
LV,20250225-0900,72.3
LV,20250225-1400,104.62
LV,20250225-0100,78.34
LV,20250225-0000,73.4
LV,20250225-0200,78.34
LV,20250225-1200,72.3
LV,20250225-0500,94.94
LV,20250225-2000,106.79
LV,20250225-1500,113.4
LV,20250225-0600,108.97
LV,20250225-1800,107.73
LV,20250225-0300,82.13
LV,20250225-1900,107.73
LV,20250225-0800,89.18
LV,20250225-1600,113.4
LV,20250225-0400,75.34
LV,20250225-2100,94.94
NL,20250225-1300,104.47
NL,20250225-1000,104.47
NL,20250225-2300,104.47
NL,20250225-1700,107.73
NL,20250225-0700,107.73
NL,20250225-2200,107.73
NL,20250225-1100,104.47
NL,20250225-0900,107.73
NL,20250225-1400,107.73
NL,20250225-0100,94.94
NL,20250225-0000,94.94
NL,20250225-0200,94.94
NL,20250225-1200,104.47
NL,20250225-0500,104.47
NL,20250225-2000,107.73
NL,20250225-1500,107.73
NL,20250225-0600,107.73
NL,20250225-1800,107.73
NL,20250225-0300,104.47
NL,20250225-1900,107.73
NL,20250225-0800,107.73
NL,20250225-1600,107.73
NL,20250225-0400,104.47
NL,20250225-2100,107.73
NO5,20250225-1300,101.01
NO5,20250225-1000,95.49
NO5,20250225-2300,95.49
NO5,20250225-1700,113.4
NO5,20250225-0700,106.71
NO5,20250225-2200,96.96
NO5,20250225-1100,95.49
NO5,20250225-0900,96.96
NO5,20250225-1400,106.02
NO5,20250225-0100,85.45
NO5,20250225-0000,85.45
NO5,20250225-0200,85.45
NO5,20250225-1200,95.49
NO5,20250225-0500,95.49
NO5,20250225-2000,106.65
NO5,20250225-1500,113.4
NO5,20250225-0600,106.65
NO5,20250225-1800,113.4
NO5,20250225-0300,94.02
NO5,20250225-1900,109.88
NO5,20250225-0800,102.74
NO5,20250225-1600,113.4
NO5,20250225-0400,95.07
NO5,20250225-2100,99.36
BE,20250225-1300,107.73
BE,20250225-1000,107.73
BE,20250225-2300,106.1
BE,20250225-1700,206.14
BE,20250225-0700,109.67
BE,20250225-2200,107.73
BE,20250225-1100,107.73
BE,20250225-0900,107.73
BE,20250225-1400,108.95
BE,20250225-0100,87.81
BE,20250225-0000,85.45
BE,20250225-0200,85.45
BE,20250225-1200,107.73
BE,20250225-0500,106.1
BE,20250225-2000,118.5
BE,20250225-1500,113.4
BE,20250225-0600,109.6
BE,20250225-1800,144.25
BE,20250225-0300,96.0
BE,20250225-1900,122.09
BE,20250225-0800,107.73
BE,20250225-1600,113.4
BE,20250225-0400,97.7
BE,20250225-2100,107.73
RO,20250225-1300,107.73
RO,20250225-1000,107.73
RO,20250225-2300,107.73
RO,20250225-1700,401.17
RO,20250225-0700,147.78
RO,20250225-2200,125.24
RO,20250225-1100,106.79
RO,20250225-0900,107.73
RO,20250225-1400,122.6
RO,20250225-0100,107.73
RO,20250225-0000,107.73
RO,20250225-0200,107.73
RO,20250225-1200,107.73
RO,20250225-0500,166.6
RO,20250225-2000,191.31
RO,20250225-1500,193.05
RO,20250225-0600,166.78
RO,20250225-1800,301.18
RO,20250225-0300,107.73
RO,20250225-1900,246.46
RO,20250225-0800,118.47
RO,20250225-1600,324.29
RO,20250225-0400,120.88
RO,20250225-2100,150.07
DK2,20250225-1300,119.99
DK2,20250225-1000,107.73
DK2,20250225-2300,107.73
DK2,20250225-1700,197.37
DK2,20250225-0700,129.41
DK2,20250225-2200,242.24
DK2,20250225-1100,113.4
DK2,20250225-0900,113.4
DK2,20250225-1400,131.12
DK2,20250225-0100,94.94
DK2,20250225-0000,65.64
DK2,20250225-0200,94.94
DK2,20250225-1200,113.4
DK2,20250225-0500,107.73
DK2,20250225-2000,129.27
DK2,20250225-1500,168.53
DK2,20250225-0600,147.67
DK2,20250225-1800,180.77
DK2,20250225-0300,104.47
DK2,20250225-1900,147.67
DK2,20250225-0800,120.58
DK2,20250225-1600,192.08
DK2,20250225-0400,75.02
DK2,20250225-2100,113.06
BG,20250225-1300,107.73
BG,20250225-1000,107.73
BG,20250225-2300,107.73
BG,20250225-1700,401.17
BG,20250225-0700,147.78
BG,20250225-2200,125.24
BG,20250225-1100,106.79
BG,20250225-0900,107.73
BG,20250225-1400,122.6
BG,20250225-0100,107.73
BG,20250225-0000,107.73
BG,20250225-0200,107.73
BG,20250225-1200,107.73
BG,20250225-0500,166.6
BG,20250225-2000,191.31
BG,20250225-1500,193.05
BG,20250225-0600,166.78
BG,20250225-1800,301.18
BG,20250225-0300,107.73
BG,20250225-1900,246.46
BG,20250225-0800,118.47
BG,20250225-1600,324.29
BG,20250225-0400,120.88
BG,20250225-2100,150.07
IT-CSOUTH,20250225-1300,129.27
IT-CSOUTH,20250225-1000,129.27
IT-CSOUTH,20250225-2300,129.27
IT-CSOUTH,20250225-1700,129.27
IT-CSOUTH,20250225-0700,129.27
IT-CSOUTH,20250225-2200,129.27
IT-CSOUTH,20250225-1100,129.27
IT-CSOUTH,20250225-0900,129.27
IT-CSOUTH,20250225-1400,129.27
IT-CSOUTH,20250225-0100,129.27
IT-CSOUTH,20250225-0000,129.27
IT-CSOUTH,20250225-0200,129.27
IT-CSOUTH,20250225-1200,129.27
IT-CSOUTH,20250225-0500,129.27
IT-CSOUTH,20250225-2000,129.27
IT-CSOUTH,20250225-1500,129.27
IT-CSOUTH,20250225-0600,129.27
IT-CSOUTH,20250225-1800,129.27
IT-CSOUTH,20250225-0300,129.27
IT-CSOUTH,20250225-1900,129.27
IT-CSOUTH,20250225-0800,129.27
IT-CSOUTH,20250225-1600,129.27
IT-CSOUTH,20250225-0400,129.27
IT-CSOUTH,20250225-2100,129.27
CZ,20250225-1300,106.79
CZ,20250225-1000,106.79
CZ,20250225-2300,73.4
CZ,20250225-1700,106.79
CZ,20250225-0700,106.79
CZ,20250225-2200,73.4
CZ,20250225-1100,106.79
CZ,20250225-0900,106.79
CZ,20250225-1400,106.79
CZ,20250225-0100,72.41
CZ,20250225-0000,72.41
CZ,20250225-0200,72.41
CZ,20250225-1200,106.79
CZ,20250225-0500,106.79
CZ,20250225-2000,106.79
CZ,20250225-1500,106.79
CZ,20250225-0600,106.79
CZ,20250225-1800,106.79
CZ,20250225-0300,72.41
CZ,20250225-1900,106.79
CZ,20250225-0800,106.79
CZ,20250225-1600,106.79
CZ,20250225-0400,94.94
CZ,20250225-2100,94.94
NO3,20250225-1300,101.01
NO3,20250225-1000,95.49
NO3,20250225-2300,95.49
NO3,20250225-1700,113.4
NO3,20250225-0700,106.71
NO3,20250225-2200,96.96
NO3,20250225-1100,95.49
NO3,20250225-0900,96.96
NO3,20250225-1400,106.02
NO3,20250225-0100,85.45
NO3,20250225-0000,85.45
NO3,20250225-0200,85.45
NO3,20250225-1200,95.49
NO3,20250225-0500,95.49
NO3,20250225-2000,106.65
NO3,20250225-1500,113.4
NO3,20250225-0600,106.65
NO3,20250225-1800,113.4
NO3,20250225-0300,94.02
NO3,20250225-1900,109.88
NO3,20250225-0800,102.74
NO3,20250225-1600,113.4
NO3,20250225-0400,95.07
NO3,20250225-2100,99.36
NO1,20250225-1300,101.01
NO1,20250225-1000,95.49
NO1,20250225-2300,95.49
NO1,20250225-1700,113.4
NO1,20250225-0700,106.71
NO1,20250225-2200,96.96
NO1,20250225-1100,95.49
NO1,20250225-0900,96.96
NO1,20250225-1400,106.02
NO1,20250225-0100,85.45
NO1,20250225-0000,85.45
NO1,20250225-0200,85.45
NO1,20250225-1200,95.49
NO1,20250225-0500,95.49
NO1,20250225-2000,106.65
NO1,20250225-1500,113.4
NO1,20250225-0600,106.65
NO1,20250225-1800,113.4
NO1,20250225-0300,94.02
NO1,20250225-1900,109.88
NO1,20250225-0800,102.74
NO1,20250225-1600,113.4
NO1,20250225-0400,95.07
NO1,20250225-2100,99.36
DE_LU,20250225-1300,119.99
DE_LU,20250225-1000,107.73
DE_LU,20250225-2300,107.73
DE_LU,20250225-1700,197.37
DE_LU,20250225-0700,129.41
DE_LU,20250225-2200,107.73
DE_LU,20250225-1100,113.4
DE_LU,20250225-0900,113.4
DE_LU,20250225-1400,131.12
DE_LU,20250225-0100,94.94
DE_LU,20250225-0000,94.94
DE_LU,20250225-0200,94.94
DE_LU,20250225-1200,113.4
DE_LU,20250225-0500,107.73
DE_LU,20250225-2000,129.27
DE_LU,20250225-1500,168.53
DE_LU,20250225-0600,129.27
DE_LU,20250225-1800,180.77
DE_LU,20250225-0300,105.01
DE_LU,20250225-1900,136.45
DE_LU,20250225-0800,120.58
DE_LU,20250225-1600,192.08
DE_LU,20250225-0400,106.79
DE_LU,20250225-2100,113.06
SK,20250225-1300,112.23
SK,20250225-1000,106.1
SK,20250225-2300,106.1
SK,20250225-1700,152.55
SK,20250225-0700,118.57
SK,20250225-2200,107.73
SK,20250225-1100,106.1
SK,20250225-0900,107.73
SK,20250225-1400,117.8
SK,20250225-0100,94.94
SK,20250225-0000,94.94
SK,20250225-0200,94.94
SK,20250225-1200,106.1
SK,20250225-0500,106.1
SK,20250225-2000,118.5
SK,20250225-1500,137.4
SK,20250225-0600,118.5
SK,20250225-1800,144.25
SK,20250225-0300,104.47
SK,20250225-1900,122.09
SK,20250225-0800,114.16
SK,20250225-1600,149.9
SK,20250225-0400,105.63
SK,20250225-2100,110.4
EE,20250225-1300,92.01
EE,20250225-1000,62.34
EE,20250225-2300,83.28
EE,20250225-1700,113.4
EE,20250225-0700,99.16
EE,20250225-2200,99.14
EE,20250225-1100,61.08
EE,20250225-0900,72.3
EE,20250225-1400,104.62
EE,20250225-0100,78.34
EE,20250225-0000,73.4
EE,20250225-0200,78.34
EE,20250225-1200,72.3
EE,20250225-0500,94.94
EE,20250225-2000,106.79
EE,20250225-1500,113.4
EE,20250225-0600,108.97
EE,20250225-1800,107.73
EE,20250225-0300,82.13
EE,20250225-1900,107.73
EE,20250225-0800,89.18
EE,20250225-1600,113.4
EE,20250225-0400,75.34
EE,20250225-2100,94.94
SE4,20250225-1300,92.01
SE4,20250225-1000,62.34
SE4,20250225-2300,83.43
SE4,20250225-1700,113.4
SE4,20250225-0700,99.16
SE4,20250225-2200,113.4
SE4,20250225-1100,61.08
SE4,20250225-0900,72.3
SE4,20250225-1400,104.62
SE4,20250225-0100,78.34
SE4,20250225-0000,65.64
SE4,20250225-0200,78.34
SE4,20250225-1200,72.3
SE4,20250225-0500,90.53
SE4,20250225-2000,105.05
SE4,20250225-1500,113.4
SE4,20250225-0600,108.97
SE4,20250225-1800,113.4
SE4,20250225-0300,82.13
SE4,20250225-1900,112.37
SE4,20250225-0800,89.18
SE4,20250225-1600,113.4
SE4,20250225-0400,71.06
SE4,20250225-2100,92.65
SI,20250326-0700,80.85
SI,20250326-0100,95.06
SI,20250326-0000,68.67
SI,20250326-0500,97.03
SI,20250326-1900,103.24
SI,20250326-2300,78.72
SI,20250326-1100,68.67
SI,20250326-1000,68.67
SI,20250326-0600,97.03
SI,20250326-2000,103.24
SI,20250326-1800,145.53
SI,20250326-0300,95.06
SI,20250326-2200,77.57
SI,20250326-0400,95.06
SI,20250326-1500,95.06
SI,20250326-1400,97.03
SI,20250326-1700,118.79
SI,20250326-0800,78.0
SI,20250326-0200,95.06
SI,20250326-1200,84.46
SI,20250326-1300,95.06
SI,20250326-2100,97.03
SI,20250326-1600,103.24
SI,20250326-0900,68.67
ES,20250326-0700,97.03
ES,20250326-0100,69.48
ES,20250326-0000,76.25
ES,20250326-0500,64.31
ES,20250326-1900,178.44
ES,20250326-2300,63.68
ES,20250326-1100,5.0
ES,20250326-1000,5.0
ES,20250326-0600,97.03
ES,20250326-2000,177.08
ES,20250326-1800,151.87
ES,20250326-0300,62.14
ES,20250326-2200,90.64
ES,20250326-0400,62.14
ES,20250326-1500,5.11
ES,20250326-1400,5.0
ES,20250326-1700,78.47
ES,20250326-0800,62.14
ES,20250326-0200,62.14
ES,20250326-1200,5.0
ES,20250326-1300,5.0
ES,20250326-2100,97.03
ES,20250326-1600,9.5
ES,20250326-0900,5.11
GR,20250326-0700,97.03
GR,20250326-0100,97.03
GR,20250326-0000,97.03
GR,20250326-0500,97.03
GR,20250326-1900,103.24
GR,20250326-2300,78.72
GR,20250326-1100,68.67
GR,20250326-1000,68.67
GR,20250326-0600,97.03
GR,20250326-2000,103.24
GR,20250326-1800,145.53
GR,20250326-0300,97.03
GR,20250326-2200,97.03
GR,20250326-0400,97.03
GR,20250326-1500,97.03
GR,20250326-1400,97.03
GR,20250326-1700,133.72
GR,20250326-0800,78.0
GR,20250326-0200,97.03
GR,20250326-1200,84.46
GR,20250326-1300,97.03
GR,20250326-2100,97.03
GR,20250326-1600,103.24
GR,20250326-0900,68.67
IT-CNORTH,20250326-0700,116.44
IT-CNORTH,20250326-0100,116.44
IT-CNORTH,20250326-0000,116.44
IT-CNORTH,20250326-0500,116.44
IT-CNORTH,20250326-1900,116.62
IT-CNORTH,20250326-2300,116.44
IT-CNORTH,20250326-1100,116.44
IT-CNORTH,20250326-1000,116.44
IT-CNORTH,20250326-0600,116.44
IT-CNORTH,20250326-2000,116.44
IT-CNORTH,20250326-1800,151.87
IT-CNORTH,20250326-0300,116.44
IT-CNORTH,20250326-2200,116.44
IT-CNORTH,20250326-0400,116.44
IT-CNORTH,20250326-1500,116.44
IT-CNORTH,20250326-1400,116.44
IT-CNORTH,20250326-1700,118.79
IT-CNORTH,20250326-0800,116.44
IT-CNORTH,20250326-0200,116.44
IT-CNORTH,20250326-1200,116.44
IT-CNORTH,20250326-1300,116.44
IT-CNORTH,20250326-2100,116.44
IT-CNORTH,20250326-1600,116.44
IT-CNORTH,20250326-0900,116.44
HU,20250326-0700,80.85
HU,20250326-0100,97.03
HU,20250326-0000,97.03
HU,20250326-0500,97.03
HU,20250326-1900,103.24
HU,20250326-2300,78.72
HU,20250326-1100,68.67
HU,20250326-1000,68.67
HU,20250326-0600,97.03
HU,20250326-2000,103.24
HU,20250326-1800,145.53
HU,20250326-0300,97.03
HU,20250326-2200,77.57
HU,20250326-0400,97.03
HU,20250326-1500,97.03
HU,20250326-1400,97.03
HU,20250326-1700,133.72
HU,20250326-0800,78.0
HU,20250326-0200,97.03
HU,20250326-1200,84.46
HU,20250326-1300,95.06
HU,20250326-2100,97.03
HU,20250326-1600,103.24
HU,20250326-0900,68.67
IT-SOUTH,20250326-0700,116.44
IT-SOUTH,20250326-0100,116.44
IT-SOUTH,20250326-0000,116.44
IT-SOUTH,20250326-0500,116.44
IT-SOUTH,20250326-1900,116.44
IT-SOUTH,20250326-2300,116.44
IT-SOUTH,20250326-1100,116.44
IT-SOUTH,20250326-1000,116.44
IT-SOUTH,20250326-0600,116.44
IT-SOUTH,20250326-2000,116.44
IT-SOUTH,20250326-1800,116.44
IT-SOUTH,20250326-0300,116.44
IT-SOUTH,20250326-2200,116.44
IT-SOUTH,20250326-0400,116.44
IT-SOUTH,20250326-1500,116.44
IT-SOUTH,20250326-1400,116.44
IT-SOUTH,20250326-1700,116.44
IT-SOUTH,20250326-0800,116.44
IT-SOUTH,20250326-0200,116.44
IT-SOUTH,20250326-1200,116.44
IT-SOUTH,20250326-1300,116.44
IT-SOUTH,20250326-2100,116.44
IT-SOUTH,20250326-1600,116.44
IT-SOUTH,20250326-0900,116.44
IT-Sicily,20250326-0700,116.44
IT-Sicily,20250326-0100,116.44
IT-Sicily,20250326-0000,116.44
IT-Sicily,20250326-0500,116.44
IT-Sicily,20250326-1900,116.44
IT-Sicily,20250326-2300,116.44
IT-Sicily,20250326-1100,116.44
IT-Sicily,20250326-1000,116.44
IT-Sicily,20250326-0600,116.44
IT-Sicily,20250326-2000,116.44
IT-Sicily,20250326-1800,116.44
IT-Sicily,20250326-0300,116.44
IT-Sicily,20250326-2200,116.44
IT-Sicily,20250326-0400,116.44
IT-Sicily,20250326-1500,116.44
IT-Sicily,20250326-1400,116.44
IT-Sicily,20250326-1700,116.44
IT-Sicily,20250326-0800,116.44
IT-Sicily,20250326-0200,116.44
IT-Sicily,20250326-1200,116.44
IT-Sicily,20250326-1300,116.44
IT-Sicily,20250326-2100,116.44
IT-Sicily,20250326-1600,116.44
IT-Sicily,20250326-0900,116.44
IT-Sardinia,20250326-0700,116.44
IT-Sardinia,20250326-0100,116.44
IT-Sardinia,20250326-0000,116.44
IT-Sardinia,20250326-0500,116.44
IT-Sardinia,20250326-1900,116.44
IT-Sardinia,20250326-2300,116.44
IT-Sardinia,20250326-1100,97.3
IT-Sardinia,20250326-1000,97.49
IT-Sardinia,20250326-0600,116.44
IT-Sardinia,20250326-2000,116.44
IT-Sardinia,20250326-1800,116.44
IT-Sardinia,20250326-0300,116.44
IT-Sardinia,20250326-2200,116.44
IT-Sardinia,20250326-0400,116.44
IT-Sardinia,20250326-1500,114.99
IT-Sardinia,20250326-1400,110.86
IT-Sardinia,20250326-1700,116.44
IT-Sardinia,20250326-0800,116.44
IT-Sardinia,20250326-0200,116.44
IT-Sardinia,20250326-1200,87.4
IT-Sardinia,20250326-1300,88.39
IT-Sardinia,20250326-2100,116.44
IT-Sardinia,20250326-1600,116.44
IT-Sardinia,20250326-0900,106.46
RS,20250326-0700,97.03
RS,20250326-0100,97.03
RS,20250326-0000,97.03
RS,20250326-0500,97.03
RS,20250326-1900,103.24
RS,20250326-2300,78.72
RS,20250326-1100,68.67
RS,20250326-1000,68.67
RS,20250326-0600,97.03
RS,20250326-2000,103.24
RS,20250326-1800,145.53
RS,20250326-0300,97.03
RS,20250326-2200,97.03
RS,20250326-0400,97.03
RS,20250326-1500,97.03
RS,20250326-1400,97.03
RS,20250326-1700,133.72
RS,20250326-0800,78.0
RS,20250326-0200,97.03
RS,20250326-1200,84.46
RS,20250326-1300,97.03
RS,20250326-2100,97.03
RS,20250326-1600,103.24
RS,20250326-0900,68.67
DK1,20250326-0700,9.5
DK1,20250326-0100,5.0
DK1,20250326-0000,5.0
DK1,20250326-0500,1.0
DK1,20250326-1900,97.03
DK1,20250326-2300,97.03
DK1,20250326-1100,92.38
DK1,20250326-1000,97.03
DK1,20250326-0600,1.0
DK1,20250326-2000,103.24
DK1,20250326-1800,100.15
DK1,20250326-0300,1.0
DK1,20250326-2200,97.03
DK1,20250326-0400,1.0
DK1,20250326-1500,97.03
DK1,20250326-1400,92.38
DK1,20250326-1700,97.03
DK1,20250326-0800,92.38
DK1,20250326-0200,2.0
DK1,20250326-1200,97.03
DK1,20250326-1300,97.03
DK1,20250326-2100,97.03
DK1,20250326-1600,97.03
DK1,20250326-0900,97.03
CH,20250326-0700,103.24
CH,20250326-0100,116.44
CH,20250326-0000,116.44
CH,20250326-0500,102.14
CH,20250326-1900,116.62
CH,20250326-2300,97.03
CH,20250326-1100,97.03
CH,20250326-1000,97.03
CH,20250326-0600,103.24
CH,20250326-2000,116.44
CH,20250326-1800,151.87
CH,20250326-0300,116.44
CH,20250326-2200,97.71
CH,20250326-0400,116.44
CH,20250326-1500,102.14
CH,20250326-1400,97.03
CH,20250326-1700,118.79
CH,20250326-0800,103.24
CH,20250326-0200,116.44
CH,20250326-1200,97.03
CH,20250326-1300,97.03
CH,20250326-2100,116.44
CH,20250326-1600,103.24
CH,20250326-0900,97.71
SE1,20250326-0700,48.41
SE1,20250326-0100,39.97
SE1,20250326-0000,43.57
SE1,20250326-0500,39.86
SE1,20250326-1900,1.0
SE1,20250326-2300,1.0
SE1,20250326-1100,50.16
SE1,20250326-1000,60.06
SE1,20250326-0600,40.49
SE1,20250326-2000,1.0
SE1,20250326-1800,1.0
SE1,20250326-0300,35.94
SE1,20250326-2200,1.0
SE1,20250326-0400,35.68
SE1,20250326-1500,1.0
SE1,20250326-1400,1.0
SE1,20250326-1700,1.0
SE1,20250326-0800,63.91
SE1,20250326-0200,37.62
SE1,20250326-1200,38.33
SE1,20250326-1300,1.0
SE1,20250326-2100,1.0
SE1,20250326-1600,1.0
SE1,20250326-0900,65.41
NO4,20250326-0700,39.32
NO4,20250326-0100,26.79
NO4,20250326-0000,26.21
NO4,20250326-0500,25.32
NO4,20250326-1900,33.54
NO4,20250326-2300,32.42
NO4,20250326-1100,28.27
NO4,20250326-1000,33.31
NO4,20250326-0600,34.41
NO4,20250326-2000,33.3
NO4,20250326-1800,33.37
NO4,20250326-0300,21.45
NO4,20250326-2200,35.3
NO4,20250326-0400,24.73
NO4,20250326-1500,30.52
NO4,20250326-1400,31.64
NO4,20250326-1700,29.39
NO4,20250326-0800,33.46
NO4,20250326-0200,22.94
NO4,20250326-1200,29.85
NO4,20250326-1300,29.54
NO4,20250326-2100,34.25
NO4,20250326-1600,30.64
NO4,20250326-0900,32.52
SE3,20250326-0700,9.5
SE3,20250326-0100,5.0
SE3,20250326-0000,5.0
SE3,20250326-0500,2.0
SE3,20250326-1900,87.33
SE3,20250326-2300,87.33
SE3,20250326-1100,92.38
SE3,20250326-1000,97.03
SE3,20250326-0600,2.0
SE3,20250326-2000,92.92
SE3,20250326-1800,87.33
SE3,20250326-0300,2.0
SE3,20250326-2200,87.33
SE3,20250326-0400,2.0
SE3,20250326-1500,87.33
SE3,20250326-1400,83.14
SE3,20250326-1700,87.33
SE3,20250326-0800,83.14
SE3,20250326-0200,2.0
SE3,20250326-1200,92.38
SE3,20250326-1300,92.38
SE3,20250326-2100,87.33
SE3,20250326-1600,87.33
SE3,20250326-0900,97.03
FR,20250326-0700,97.03
FR,20250326-0100,69.48
FR,20250326-0000,76.25
FR,20250326-0500,64.31
FR,20250326-1900,116.62
FR,20250326-2300,63.68
FR,20250326-1100,35.42
FR,20250326-1000,35.58
FR,20250326-0600,97.03
FR,20250326-2000,98.27
FR,20250326-1800,151.87
FR,20250326-0300,62.14
FR,20250326-2200,90.64
FR,20250326-0400,62.14
FR,20250326-1500,35.6
FR,20250326-1400,35.4
FR,20250326-1700,78.47
FR,20250326-0800,66.62
FR,20250326-0200,62.14
FR,20250326-1200,34.7
FR,20250326-1300,34.7
FR,20250326-2100,96.39
FR,20250326-1600,37.63
FR,20250326-0900,40.69
FI,20250326-0700,97.03
FI,20250326-0100,30.0
FI,20250326-0000,12.99
FI,20250326-0500,92.38
FI,20250326-1900,9.5
FI,20250326-2300,9.5
FI,20250326-1100,57.0
FI,20250326-1000,57.0
FI,20250326-0600,97.03
FI,20250326-2000,9.5
FI,20250326-1800,9.5
FI,20250326-0300,57.0
FI,20250326-2200,5.11
FI,20250326-0400,62.14
FI,20250326-1500,57.0
FI,20250326-1400,57.0
FI,20250326-1700,10.57
FI,20250326-0800,92.38
FI,20250326-0200,57.0
FI,20250326-1200,57.0
FI,20250326-1300,57.0
FI,20250326-2100,9.5
FI,20250326-1600,12.79
FI,20250326-0900,80.77
PL,20250326-0700,92.38
PL,20250326-0100,92.38
PL,20250326-0000,92.38
PL,20250326-0500,92.38
PL,20250326-1900,103.24
PL,20250326-2300,92.38
PL,20250326-1100,92.38
PL,20250326-1000,92.38
PL,20250326-0600,92.38
PL,20250326-2000,97.03
PL,20250326-1800,103.24
PL,20250326-0300,92.38
PL,20250326-2200,92.38
PL,20250326-0400,92.38
PL,20250326-1500,97.03
PL,20250326-1400,97.03
PL,20250326-1700,103.24
PL,20250326-0800,92.38
PL,20250326-0200,92.38
PL,20250326-1200,92.38
PL,20250326-1300,92.38
PL,20250326-2100,97.03
PL,20250326-1600,103.24
PL,20250326-0900,92.38
IT-Calabria,20250326-0700,116.44
IT-Calabria,20250326-0100,116.44
IT-Calabria,20250326-0000,116.44
IT-Calabria,20250326-0500,116.44
IT-Calabria,20250326-1900,116.44
IT-Calabria,20250326-2300,116.44
IT-Calabria,20250326-1100,116.44
IT-Calabria,20250326-1000,116.44
IT-Calabria,20250326-0600,116.44
IT-Calabria,20250326-2000,116.44
IT-Calabria,20250326-1800,116.44
IT-Calabria,20250326-0300,116.44
IT-Calabria,20250326-2200,116.44
IT-Calabria,20250326-0400,116.44
IT-Calabria,20250326-1500,116.44
IT-Calabria,20250326-1400,116.44
IT-Calabria,20250326-1700,116.44
IT-Calabria,20250326-0800,116.44
IT-Calabria,20250326-0200,116.44
IT-Calabria,20250326-1200,116.44
IT-Calabria,20250326-1300,116.44
IT-Calabria,20250326-2100,116.44
IT-Calabria,20250326-1600,116.44
IT-Calabria,20250326-0900,116.44
AT,20250326-0700,102.14
AT,20250326-0100,102.14
AT,20250326-0000,102.14
AT,20250326-0500,102.14
AT,20250326-1900,116.44
AT,20250326-2300,97.03
AT,20250326-1100,97.03
AT,20250326-1000,97.03
AT,20250326-0600,102.14
AT,20250326-2000,102.14
AT,20250326-1800,151.87
AT,20250326-0300,102.14
AT,20250326-2200,97.71
AT,20250326-0400,102.14
AT,20250326-1500,102.14
AT,20250326-1400,97.03
AT,20250326-1700,118.79
AT,20250326-0800,102.14
AT,20250326-0200,102.14
AT,20250326-1200,97.03
AT,20250326-1300,97.03
AT,20250326-2100,102.14
AT,20250326-1600,103.24
AT,20250326-0900,97.71
SE2,20250326-0700,70.94
SE2,20250326-0100,39.97
SE2,20250326-0000,43.57
SE2,20250326-0500,61.84
SE2,20250326-1900,1.0
SE2,20250326-2300,1.0
SE2,20250326-1100,50.16
SE2,20250326-1000,60.06
SE2,20250326-0600,68.82
SE2,20250326-2000,1.0
SE2,20250326-1800,1.0
SE2,20250326-0300,35.94
SE2,20250326-2200,1.0
SE2,20250326-0400,68.72
SE2,20250326-1500,1.0
SE2,20250326-1400,1.0
SE2,20250326-1700,1.0
SE2,20250326-0800,63.91
SE2,20250326-0200,37.62
SE2,20250326-1200,38.33
SE2,20250326-1300,1.0
SE2,20250326-2100,1.0
SE2,20250326-1600,1.0
SE2,20250326-0900,65.41
IT-NORTH,20250326-0700,116.44
IT-NORTH,20250326-0100,116.44
IT-NORTH,20250326-0000,116.44
IT-NORTH,20250326-0500,116.44
IT-NORTH,20250326-1900,116.62
IT-NORTH,20250326-2300,116.44
IT-NORTH,20250326-1100,116.44
IT-NORTH,20250326-1000,116.44
IT-NORTH,20250326-0600,116.44
IT-NORTH,20250326-2000,116.44
IT-NORTH,20250326-1800,151.87
IT-NORTH,20250326-0300,116.44
IT-NORTH,20250326-2200,116.44
IT-NORTH,20250326-0400,116.44
IT-NORTH,20250326-1500,116.44
IT-NORTH,20250326-1400,116.44
IT-NORTH,20250326-1700,118.79
IT-NORTH,20250326-0800,116.44
IT-NORTH,20250326-0200,116.44
IT-NORTH,20250326-1200,116.44
IT-NORTH,20250326-1300,116.44
IT-NORTH,20250326-2100,116.44
IT-NORTH,20250326-1600,116.44
IT-NORTH,20250326-0900,116.44
LT,20250326-0700,97.03
LT,20250326-0100,30.0
LT,20250326-0000,21.5
LT,20250326-0500,92.38
LT,20250326-1900,103.24
LT,20250326-2300,92.38
LT,20250326-1100,92.38
LT,20250326-1000,83.7
LT,20250326-0600,97.03
LT,20250326-2000,97.03
LT,20250326-1800,103.24
LT,20250326-0300,62.14
LT,20250326-2200,82.03
LT,20250326-0400,75.34
LT,20250326-1500,97.03
LT,20250326-1400,97.03
LT,20250326-1700,103.24
LT,20250326-0800,92.38
LT,20250326-0200,57.0
LT,20250326-1200,97.03
LT,20250326-1300,97.03
LT,20250326-2100,97.03
LT,20250326-1600,103.24
LT,20250326-0900,92.38
PT,20250326-0700,97.03
PT,20250326-0100,69.48
PT,20250326-0000,76.25
PT,20250326-0500,64.31
PT,20250326-1900,178.44
PT,20250326-2300,63.68
PT,20250326-1100,62.14
PT,20250326-1000,62.14
PT,20250326-0600,97.03
PT,20250326-2000,177.08
PT,20250326-1800,151.87
PT,20250326-0300,62.14
PT,20250326-2200,90.64
PT,20250326-0400,62.14
PT,20250326-1500,62.14
PT,20250326-1400,62.14
PT,20250326-1700,78.47
PT,20250326-0800,97.03
PT,20250326-0200,62.14
PT,20250326-1200,57.0
PT,20250326-1300,57.0
PT,20250326-2100,97.03
PT,20250326-1600,97.03
PT,20250326-0900,63.48
NO2,20250326-0700,89.2
NO2,20250326-0100,85.92
NO2,20250326-0000,87.33
NO2,20250326-0500,87.33
NO2,20250326-1900,93.19
NO2,20250326-2300,87.33
NO2,20250326-1100,84.3
NO2,20250326-1000,84.55
NO2,20250326-0600,89.2
NO2,20250326-2000,92.92
NO2,20250326-1800,100.15
NO2,20250326-0300,87.33
NO2,20250326-2200,87.33
NO2,20250326-0400,87.33
NO2,20250326-1500,87.33
NO2,20250326-1400,84.26
NO2,20250326-1700,93.89
NO2,20250326-0800,89.2
NO2,20250326-0200,85.92
NO2,20250326-1200,83.14
NO2,20250326-1300,83.14
NO2,20250326-2100,89.2
NO2,20250326-1600,89.2
NO2,20250326-0900,87.33
LV,20250326-0700,97.03
LV,20250326-0100,30.0
LV,20250326-0000,21.5
LV,20250326-0500,92.38
LV,20250326-1900,103.24
LV,20250326-2300,92.38
LV,20250326-1100,92.38
LV,20250326-1000,83.7
LV,20250326-0600,97.03
LV,20250326-2000,97.03
LV,20250326-1800,103.24
LV,20250326-0300,62.14
LV,20250326-2200,82.03
LV,20250326-0400,75.34
LV,20250326-1500,97.03
LV,20250326-1400,97.03
LV,20250326-1700,103.24
LV,20250326-0800,92.38
LV,20250326-0200,57.0
LV,20250326-1200,97.03
LV,20250326-1300,97.03
LV,20250326-2100,97.03
LV,20250326-1600,103.24
LV,20250326-0900,92.38
NL,20250326-0700,97.03
NL,20250326-0100,97.03
NL,20250326-0000,97.03
NL,20250326-0500,97.03
NL,20250326-1900,97.03
NL,20250326-2300,97.03
NL,20250326-1100,92.38
NL,20250326-1000,92.38
NL,20250326-0600,97.03
NL,20250326-2000,103.24
NL,20250326-1800,100.15
NL,20250326-0300,97.03
NL,20250326-2200,97.03
NL,20250326-0400,97.03
NL,20250326-1500,97.03
NL,20250326-1400,92.38
NL,20250326-1700,97.03
NL,20250326-0800,97.03
NL,20250326-0200,97.03
NL,20250326-1200,92.38
NL,20250326-1300,92.38
NL,20250326-2100,97.03
NL,20250326-1600,97.03
NL,20250326-0900,97.03
NO5,20250326-0700,90.12
NO5,20250326-0100,85.23
NO5,20250326-0000,87.33
NO5,20250326-0500,87.33
NO5,20250326-1900,96.06
NO5,20250326-2300,87.33
NO5,20250326-1100,84.87
NO5,20250326-1000,85.23
NO5,20250326-0600,90.12
NO5,20250326-2000,92.92
NO5,20250326-1800,102.14
NO5,20250326-0300,87.33
NO5,20250326-2200,87.33
NO5,20250326-0400,87.33
NO5,20250326-1500,87.33
NO5,20250326-1400,84.8
NO5,20250326-1700,97.12
NO5,20250326-0800,90.12
NO5,20250326-0200,85.23
NO5,20250326-1200,83.14
NO5,20250326-1300,83.14
NO5,20250326-2100,90.12
NO5,20250326-1600,90.12
NO5,20250326-0900,87.33
BE,20250326-0700,97.03
BE,20250326-0100,88.66
BE,20250326-0000,90.84
BE,20250326-0500,97.03
BE,20250326-1900,99.93
BE,20250326-2300,87.33
BE,20250326-1100,94.29
BE,20250326-1000,94.7
BE,20250326-0600,97.03
BE,20250326-2000,97.03
BE,20250326-1800,102.14
BE,20250326-0300,90.84
BE,20250326-2200,90.84
BE,20250326-0400,97.03
BE,20250326-1500,87.33
BE,20250326-1400,88.22
BE,20250326-1700,101.03
BE,20250326-0800,93.75
BE,20250326-0200,88.66
BE,20250326-1200,83.14
BE,20250326-1300,83.14
BE,20250326-2100,97.03
BE,20250326-1600,97.03
BE,20250326-0900,90.84
RO,20250326-0700,97.03
RO,20250326-0100,97.03
RO,20250326-0000,97.03
RO,20250326-0500,97.03
RO,20250326-1900,103.24
RO,20250326-2300,78.72
RO,20250326-1100,68.67
RO,20250326-1000,68.67
RO,20250326-0600,97.03
RO,20250326-2000,103.24
RO,20250326-1800,145.53
RO,20250326-0300,97.03
RO,20250326-2200,97.03
RO,20250326-0400,97.03
RO,20250326-1500,97.03
RO,20250326-1400,97.03
RO,20250326-1700,133.72
RO,20250326-0800,78.0
RO,20250326-0200,97.03
RO,20250326-1200,84.46
RO,20250326-1300,97.03
RO,20250326-2100,97.03
RO,20250326-1600,103.24
RO,20250326-0900,68.67
DK2,20250326-0700,96.95
DK2,20250326-0100,25.02
DK2,20250326-0000,21.5
DK2,20250326-0500,35.83
DK2,20250326-1900,116.62
DK2,20250326-2300,97.03
DK2,20250326-1100,96.04
DK2,20250326-1000,97.03
DK2,20250326-0600,65.79
DK2,20250326-2000,103.24
DK2,20250326-1800,151.87
DK2,20250326-0300,29.58
DK2,20250326-2200,97.71
DK2,20250326-0400,32.31
DK2,20250326-1500,97.03
DK2,20250326-1400,92.38
DK2,20250326-1700,118.79
DK2,20250326-0800,92.38
DK2,20250326-0200,28.52
DK2,20250326-1200,97.03
DK2,20250326-1300,97.03
DK2,20250326-2100,103.24
DK2,20250326-1600,103.24
DK2,20250326-0900,97.03
BG,20250326-0700,97.03
BG,20250326-0100,97.03
BG,20250326-0000,97.03
BG,20250326-0500,97.03
BG,20250326-1900,103.24
BG,20250326-2300,78.72
BG,20250326-1100,68.67
BG,20250326-1000,68.67
BG,20250326-0600,97.03
BG,20250326-2000,103.24
BG,20250326-1800,145.53
BG,20250326-0300,97.03
BG,20250326-2200,97.03
BG,20250326-0400,97.03
BG,20250326-1500,97.03
BG,20250326-1400,97.03
BG,20250326-1700,133.72
BG,20250326-0800,78.0
BG,20250326-0200,97.03
BG,20250326-1200,84.46
BG,20250326-1300,97.03
BG,20250326-2100,97.03
BG,20250326-1600,103.24
BG,20250326-0900,68.67
IT-CSOUTH,20250326-0700,116.44
IT-CSOUTH,20250326-0100,116.44
IT-CSOUTH,20250326-0000,116.44
IT-CSOUTH,20250326-0500,116.44
IT-CSOUTH,20250326-1900,116.44
IT-CSOUTH,20250326-2300,116.44
IT-CSOUTH,20250326-1100,116.44
IT-CSOUTH,20250326-1000,116.44
IT-CSOUTH,20250326-0600,116.44
IT-CSOUTH,20250326-2000,116.44
IT-CSOUTH,20250326-1800,116.44
IT-CSOUTH,20250326-0300,116.44
IT-CSOUTH,20250326-2200,116.44
IT-CSOUTH,20250326-0400,116.44
IT-CSOUTH,20250326-1500,116.44
IT-CSOUTH,20250326-1400,116.44
IT-CSOUTH,20250326-1700,116.44
IT-CSOUTH,20250326-0800,116.44
IT-CSOUTH,20250326-0200,116.44
IT-CSOUTH,20250326-1200,116.44
IT-CSOUTH,20250326-1300,116.44
IT-CSOUTH,20250326-2100,116.44
IT-CSOUTH,20250326-1600,116.44
IT-CSOUTH,20250326-0900,116.44
CZ,20250326-0700,92.38
CZ,20250326-0100,75.34
CZ,20250326-0000,68.67
CZ,20250326-0500,98.23
CZ,20250326-1900,103.24
CZ,20250326-2300,68.67
CZ,20250326-1100,97.03
CZ,20250326-1000,97.03
CZ,20250326-0600,97.03
CZ,20250326-2000,97.03
CZ,20250326-1800,103.24
CZ,20250326-0300,68.67
CZ,20250326-2200,68.67
CZ,20250326-0400,92.38
CZ,20250326-1500,97.03
CZ,20250326-1400,97.03
CZ,20250326-1700,103.24
CZ,20250326-0800,92.38
CZ,20250326-0200,75.34
CZ,20250326-1200,97.03
CZ,20250326-1300,97.03
CZ,20250326-2100,97.03
CZ,20250326-1600,103.24
CZ,20250326-0900,92.38
NO3,20250326-0700,90.12
NO3,20250326-0100,85.23
NO3,20250326-0000,87.33
NO3,20250326-0500,87.33
NO3,20250326-1900,96.06
NO3,20250326-2300,87.33
NO3,20250326-1100,84.87
NO3,20250326-1000,85.23
NO3,20250326-0600,90.12
NO3,20250326-2000,92.92
NO3,20250326-1800,102.14
NO3,20250326-0300,87.33
NO3,20250326-2200,87.33
NO3,20250326-0400,87.33
NO3,20250326-1500,87.33
NO3,20250326-1400,84.8
NO3,20250326-1700,97.12
NO3,20250326-0800,90.12
NO3,20250326-0200,85.23
NO3,20250326-1200,83.14
NO3,20250326-1300,83.14
NO3,20250326-2100,90.12
NO3,20250326-1600,90.12
NO3,20250326-0900,87.33
NO1,20250326-0700,90.12
NO1,20250326-0100,85.23
NO1,20250326-0000,87.33
NO1,20250326-0500,87.33
NO1,20250326-1900,96.06
NO1,20250326-2300,87.33
NO1,20250326-1100,84.87
NO1,20250326-1000,85.23
NO1,20250326-0600,90.12
NO1,20250326-2000,92.92
NO1,20250326-1800,102.14
NO1,20250326-0300,87.33
NO1,20250326-2200,87.33
NO1,20250326-0400,87.33
NO1,20250326-1500,87.33
NO1,20250326-1400,84.8
NO1,20250326-1700,97.12
NO1,20250326-0800,90.12
NO1,20250326-0200,85.23
NO1,20250326-1200,83.14
NO1,20250326-1300,83.14
NO1,20250326-2100,90.12
NO1,20250326-1600,90.12
NO1,20250326-0900,87.33
DE_LU,20250326-0700,103.24
DE_LU,20250326-0100,92.38
DE_LU,20250326-0000,97.03
DE_LU,20250326-0500,98.23
DE_LU,20250326-1900,116.62
DE_LU,20250326-2300,97.03
DE_LU,20250326-1100,97.03
DE_LU,20250326-1000,97.03
DE_LU,20250326-0600,103.24
DE_LU,20250326-2000,103.24
DE_LU,20250326-1800,151.87
DE_LU,20250326-0300,97.03
DE_LU,20250326-2200,97.71
DE_LU,20250326-0400,97.03
DE_LU,20250326-1500,97.03
DE_LU,20250326-1400,97.03
DE_LU,20250326-1700,118.79
DE_LU,20250326-0800,103.24
DE_LU,20250326-0200,92.38
DE_LU,20250326-1200,97.03
DE_LU,20250326-1300,97.03
DE_LU,20250326-2100,103.24
DE_LU,20250326-1600,103.24
DE_LU,20250326-0900,97.03
SK,20250326-0700,90.12
SK,20250326-0100,85.23
SK,20250326-0000,87.33
SK,20250326-0500,96.76
SK,20250326-1900,102.14
SK,20250326-2300,87.33
SK,20250326-1100,84.87
SK,20250326-1000,85.23
SK,20250326-0600,97.03
SK,20250326-2000,97.03
SK,20250326-1800,102.14
SK,20250326-0300,87.33
SK,20250326-2200,87.33
SK,20250326-0400,87.33
SK,20250326-1500,97.03
SK,20250326-1400,94.22
SK,20250326-1700,102.14
SK,20250326-0800,90.12
SK,20250326-0200,85.23
SK,20250326-1200,83.14
SK,20250326-1300,83.14
SK,20250326-2100,97.03
SK,20250326-1600,100.14
SK,20250326-0900,87.33
EE,20250326-0700,97.03
EE,20250326-0100,30.0
EE,20250326-0000,21.5
EE,20250326-0500,92.38
EE,20250326-1900,103.24
EE,20250326-2300,92.38
EE,20250326-1100,92.38
EE,20250326-1000,83.7
EE,20250326-0600,97.03
EE,20250326-2000,97.03
EE,20250326-1800,103.24
EE,20250326-0300,62.14
EE,20250326-2200,82.03
EE,20250326-0400,75.34
EE,20250326-1500,97.03
EE,20250326-1400,97.03
EE,20250326-1700,103.24
EE,20250326-0800,92.38
EE,20250326-0200,57.0
EE,20250326-1200,97.03
EE,20250326-1300,97.03
EE,20250326-2100,97.03
EE,20250326-1600,103.24
EE,20250326-0900,92.38
SE4,20250326-0700,86.47
SE4,20250326-0100,25.02
SE4,20250326-0000,21.5
SE4,20250326-0500,35.83
SE4,20250326-1900,99.75
SE4,20250326-2300,85.55
SE4,20250326-1100,85.04
SE4,20250326-1000,83.7
SE4,20250326-0600,65.79
SE4,20250326-2000,90.54
SE4,20250326-1800,102.14
SE4,20250326-0300,29.58
SE4,20250326-2200,82.03
SE4,20250326-0400,32.31
SE4,20250326-1500,87.33
SE4,20250326-1400,84.75
SE4,20250326-1700,100.97
SE4,20250326-0800,83.14
SE4,20250326-0200,28.52
SE4,20250326-1200,84.1
SE4,20250326-1300,84.1
SE4,20250326-2100,90.54
SE4,20250326-1600,92.92
SE4,20250326-0900,85.55
SI,20250514-0800,10.51
SI,20250514-1200,9.5
SI,20250514-1500,52.48
SI,20250514-0500,52.48
SI,20250514-0700,16.0
SI,20250514-1300,9.5
SI,20250514-1700,87.86
SI,20250514-0900,9.5
SI,20250514-0000,87.86
SI,20250514-0200,72.2
SI,20250514-1900,87.86
SI,20250514-1600,87.36
SI,20250514-2200,52.48
SI,20250514-0600,52.48
SI,20250514-2000,105.43
SI,20250514-0100,72.2
SI,20250514-1000,9.5
SI,20250514-0300,105.43
SI,20250514-1400,13.04
SI,20250514-0400,105.43
SI,20250514-1100,52.48
SI,20250514-2100,87.86
SI,20250514-2300,52.48
SI,20250514-1800,92.48
ES,20250514-0800,41.64
ES,20250514-1200,23.75
ES,20250514-1500,10.5
ES,20250514-0500,96.12
ES,20250514-0700,62.55
ES,20250514-1300,10.5
ES,20250514-1700,60.76
ES,20250514-0900,35.53
ES,20250514-0000,87.86
ES,20250514-0200,87.86
ES,20250514-1900,161.84
ES,20250514-1600,42.14
ES,20250514-2200,87.86
ES,20250514-0600,90.84
ES,20250514-2000,87.86
ES,20250514-0100,87.86
ES,20250514-1000,34.76
ES,20250514-0300,87.86
ES,20250514-1400,9.5
ES,20250514-0400,87.86
ES,20250514-1100,33.21
ES,20250514-2100,87.86
ES,20250514-2300,57.0
ES,20250514-1800,87.86
GR,20250514-0800,87.86
GR,20250514-1200,9.5
GR,20250514-1500,106.17
GR,20250514-0500,106.17
GR,20250514-0700,87.86
GR,20250514-1300,52.48
GR,20250514-1700,171.82
GR,20250514-0900,16.0
GR,20250514-0000,102.67
GR,20250514-0200,89.19
GR,20250514-1900,175.34
GR,20250514-1600,124.98
GR,20250514-2200,102.14
GR,20250514-0600,87.86
GR,20250514-2000,147.65
GR,20250514-0100,92.92
GR,20250514-1000,10.5
GR,20250514-0300,106.17
GR,20250514-1400,87.86
GR,20250514-0400,106.17
GR,20250514-1100,10.5
GR,20250514-2100,106.17
GR,20250514-2300,96.15
GR,20250514-1800,189.16
IT-CNORTH,20250514-0800,105.43
IT-CNORTH,20250514-1200,105.43
IT-CNORTH,20250514-1500,105.43
IT-CNORTH,20250514-0500,105.43
IT-CNORTH,20250514-0700,105.43
IT-CNORTH,20250514-1300,105.43
IT-CNORTH,20250514-1700,105.43
IT-CNORTH,20250514-0900,105.43
IT-CNORTH,20250514-0000,105.43
IT-CNORTH,20250514-0200,105.43
IT-CNORTH,20250514-1900,105.43
IT-CNORTH,20250514-1600,105.43
IT-CNORTH,20250514-2200,105.43
IT-CNORTH,20250514-0600,105.43
IT-CNORTH,20250514-2000,105.43
IT-CNORTH,20250514-0100,105.43
IT-CNORTH,20250514-1000,105.43
IT-CNORTH,20250514-0300,105.43
IT-CNORTH,20250514-1400,105.43
IT-CNORTH,20250514-0400,105.43
IT-CNORTH,20250514-1100,105.43
IT-CNORTH,20250514-2100,105.43
IT-CNORTH,20250514-2300,105.43
IT-CNORTH,20250514-1800,105.43
HU,20250514-0800,10.51
HU,20250514-1200,9.5
HU,20250514-1500,52.48
HU,20250514-0500,52.48
HU,20250514-0700,16.0
HU,20250514-1300,9.5
HU,20250514-1700,87.86
HU,20250514-0900,9.5
HU,20250514-0000,87.86
HU,20250514-0200,72.2
HU,20250514-1900,87.86
HU,20250514-1600,87.36
HU,20250514-2200,52.48
HU,20250514-0600,52.48
HU,20250514-2000,87.86
HU,20250514-0100,72.2
HU,20250514-1000,9.5
HU,20250514-0300,87.86
HU,20250514-1400,13.04
HU,20250514-0400,87.86
HU,20250514-1100,10.5
HU,20250514-2100,87.86
HU,20250514-2300,52.48
HU,20250514-1800,92.48
IT-SOUTH,20250514-0800,105.43
IT-SOUTH,20250514-1200,105.43
IT-SOUTH,20250514-1500,105.43
IT-SOUTH,20250514-0500,105.43
IT-SOUTH,20250514-0700,105.43
IT-SOUTH,20250514-1300,105.43
IT-SOUTH,20250514-1700,105.43
IT-SOUTH,20250514-0900,105.43
IT-SOUTH,20250514-0000,105.43
IT-SOUTH,20250514-0200,105.43
IT-SOUTH,20250514-1900,105.43
IT-SOUTH,20250514-1600,105.43
IT-SOUTH,20250514-2200,105.43
IT-SOUTH,20250514-0600,105.43
IT-SOUTH,20250514-2000,105.43
IT-SOUTH,20250514-0100,105.43
IT-SOUTH,20250514-1000,105.43
IT-SOUTH,20250514-0300,105.43
IT-SOUTH,20250514-1400,105.43
IT-SOUTH,20250514-0400,105.43
IT-SOUTH,20250514-1100,105.43
IT-SOUTH,20250514-2100,105.43
IT-SOUTH,20250514-2300,105.43
IT-SOUTH,20250514-1800,105.43
IT-Sicily,20250514-0800,105.43
IT-Sicily,20250514-1200,105.43
IT-Sicily,20250514-1500,105.43
IT-Sicily,20250514-0500,105.43
IT-Sicily,20250514-0700,105.43
IT-Sicily,20250514-1300,105.43
IT-Sicily,20250514-1700,105.43
IT-Sicily,20250514-0900,105.43
IT-Sicily,20250514-0000,105.43
IT-Sicily,20250514-0200,105.43
IT-Sicily,20250514-1900,105.43
IT-Sicily,20250514-1600,105.43
IT-Sicily,20250514-2200,105.43
IT-Sicily,20250514-0600,105.43
IT-Sicily,20250514-2000,105.43
IT-Sicily,20250514-0100,105.43
IT-Sicily,20250514-1000,105.43
IT-Sicily,20250514-0300,105.43
IT-Sicily,20250514-1400,105.43
IT-Sicily,20250514-0400,105.43
IT-Sicily,20250514-1100,105.43
IT-Sicily,20250514-2100,105.43
IT-Sicily,20250514-2300,105.43
IT-Sicily,20250514-1800,105.43
IT-Sardinia,20250514-0800,105.43
IT-Sardinia,20250514-1200,105.43
IT-Sardinia,20250514-1500,105.43
IT-Sardinia,20250514-0500,105.43
IT-Sardinia,20250514-0700,105.43
IT-Sardinia,20250514-1300,105.43
IT-Sardinia,20250514-1700,105.43
IT-Sardinia,20250514-0900,105.43
IT-Sardinia,20250514-0000,105.43
IT-Sardinia,20250514-0200,105.43
IT-Sardinia,20250514-1900,105.43
IT-Sardinia,20250514-1600,105.43
IT-Sardinia,20250514-2200,105.43
IT-Sardinia,20250514-0600,105.43
IT-Sardinia,20250514-2000,105.43
IT-Sardinia,20250514-0100,105.43
IT-Sardinia,20250514-1000,105.43
IT-Sardinia,20250514-0300,105.43
IT-Sardinia,20250514-1400,105.43
IT-Sardinia,20250514-0400,105.43
IT-Sardinia,20250514-1100,105.43
IT-Sardinia,20250514-2100,105.43
IT-Sardinia,20250514-2300,105.43
IT-Sardinia,20250514-1800,105.43
RS,20250514-0800,87.86
RS,20250514-1200,9.5
RS,20250514-1500,106.17
RS,20250514-0500,106.17
RS,20250514-0700,87.86
RS,20250514-1300,52.48
RS,20250514-1700,171.82
RS,20250514-0900,16.0
RS,20250514-0000,102.67
RS,20250514-0200,89.19
RS,20250514-1900,175.34
RS,20250514-1600,124.98
RS,20250514-2200,102.14
RS,20250514-0600,106.17
RS,20250514-2000,147.65
RS,20250514-0100,92.92
RS,20250514-1000,10.5
RS,20250514-0300,106.17
RS,20250514-1400,87.86
RS,20250514-0400,106.17
RS,20250514-1100,10.5
RS,20250514-2100,106.17
RS,20250514-2300,96.15
RS,20250514-1800,189.16
DK1,20250514-0800,57.09
DK1,20250514-1200,59.46
DK1,20250514-1500,30.0
DK1,20250514-0500,52.36
DK1,20250514-0700,57.0
DK1,20250514-1300,33.14
DK1,20250514-1700,71.57
DK1,20250514-0900,52.48
DK1,20250514-0000,48.27
DK1,20250514-0200,51.37
DK1,20250514-1900,57.0
DK1,20250514-1600,36.13
DK1,20250514-2200,75.0
DK1,20250514-0600,63.82
DK1,20250514-2000,87.86
DK1,20250514-0100,57.0
DK1,20250514-1000,47.2
DK1,20250514-0300,64.77
DK1,20250514-1400,49.69
DK1,20250514-0400,30.0
DK1,20250514-1100,45.11
DK1,20250514-2100,76.77
DK1,20250514-2300,57.0
DK1,20250514-1800,66.37
CH,20250514-0800,57.09
CH,20250514-1200,23.75
CH,20250514-1500,65.23
CH,20250514-0500,96.12
CH,20250514-0700,87.86
CH,20250514-1300,41.55
CH,20250514-1700,94.49
CH,20250514-0900,52.48
CH,20250514-0000,94.49
CH,20250514-0200,94.49
CH,20250514-1900,94.49
CH,20250514-1600,87.86
CH,20250514-2200,87.86
CH,20250514-0600,94.49
CH,20250514-2000,94.49
CH,20250514-0100,94.49
CH,20250514-1000,34.76
CH,20250514-0300,92.48
CH,20250514-1400,49.69
CH,20250514-0400,101.38
CH,20250514-1100,33.21
CH,20250514-2100,94.49
CH,20250514-2300,81.44
CH,20250514-1800,94.49
SE1,20250514-0800,1.0
SE1,20250514-1200,1.0
SE1,20250514-1500,1.0
SE1,20250514-0500,1.0
SE1,20250514-0700,1.0
SE1,20250514-1300,1.0
SE1,20250514-1700,1.0
SE1,20250514-0900,1.0
SE1,20250514-0000,1.0
SE1,20250514-0200,1.0
SE1,20250514-1900,1.0
SE1,20250514-1600,1.0
SE1,20250514-2200,1.0
SE1,20250514-0600,1.0
SE1,20250514-2000,1.0
SE1,20250514-0100,1.0
SE1,20250514-1000,1.0
SE1,20250514-0300,1.0
SE1,20250514-1400,1.0
SE1,20250514-0400,1.0
SE1,20250514-1100,1.0
SE1,20250514-2100,1.0
SE1,20250514-2300,1.0
SE1,20250514-1800,1.0
NO4,20250514-0800,30.46
NO4,20250514-1200,31.23
NO4,20250514-1500,27.08
NO4,20250514-0500,27.58
NO4,20250514-0700,31.25
NO4,20250514-1300,29.81
NO4,20250514-1700,31.34
NO4,20250514-0900,29.6
NO4,20250514-0000,20.7
NO4,20250514-0200,20.34
NO4,20250514-1900,35.6
NO4,20250514-1600,31.53
NO4,20250514-2200,33.71
NO4,20250514-0600,27.26
NO4,20250514-2000,35.08
NO4,20250514-0100,19.42
NO4,20250514-1000,29.06
NO4,20250514-0300,21.43
NO4,20250514-1400,34.43
NO4,20250514-0400,24.25
NO4,20250514-1100,28.78
NO4,20250514-2100,34.6
NO4,20250514-2300,30.35
NO4,20250514-1800,34.28
SE3,20250514-0800,51.38
SE3,20250514-1200,57.0
SE3,20250514-1500,27.0
SE3,20250514-0500,27.0
SE3,20250514-0700,51.3
SE3,20250514-1300,33.14
SE3,20250514-1700,64.41
SE3,20250514-0900,52.48
SE3,20250514-0000,21.38
SE3,20250514-0200,27.0
SE3,20250514-1900,51.3
SE3,20250514-1600,21.38
SE3,20250514-2200,67.5
SE3,20250514-0600,51.3
SE3,20250514-2000,79.07
SE3,20250514-0100,51.3
SE3,20250514-1000,45.25
SE3,20250514-0300,51.3
SE3,20250514-1400,48.32
SE3,20250514-0400,21.38
SE3,20250514-1100,41.45
SE3,20250514-2100,69.09
SE3,20250514-2300,51.3
SE3,20250514-1800,56.7
FR,20250514-0800,41.64
FR,20250514-1200,23.75
FR,20250514-1500,30.33
FR,20250514-0500,96.12
FR,20250514-0700,62.55
FR,20250514-1300,24.75
FR,20250514-1700,60.76
FR,20250514-0900,35.53
FR,20250514-0000,58.42
FR,20250514-0200,49.85
FR,20250514-1900,77.87
FR,20250514-1600,42.14
FR,20250514-2200,56.07
FR,20250514-0600,90.84
FR,20250514-2000,74.19
FR,20250514-0100,49.85
FR,20250514-1000,34.76
FR,20250514-0300,52.48
FR,20250514-1400,14.73
FR,20250514-0400,64.69
FR,20250514-1100,33.21
FR,20250514-2100,77.45
FR,20250514-2300,45.05
FR,20250514-1800,87.86
FI,20250514-0800,9.5
FI,20250514-1200,9.5
FI,20250514-1500,11.85
FI,20250514-0500,9.5
FI,20250514-0700,9.5
FI,20250514-1300,9.5
FI,20250514-1700,12.75
FI,20250514-0900,9.5
FI,20250514-0000,9.5
FI,20250514-0200,9.5
FI,20250514-1900,13.82
FI,20250514-1600,12.23
FI,20250514-2200,9.5
FI,20250514-0600,9.5
FI,20250514-2000,12.13
FI,20250514-0100,9.5
FI,20250514-1000,9.5
FI,20250514-0300,9.5
FI,20250514-1400,9.5
FI,20250514-0400,9.5
FI,20250514-1100,9.5
FI,20250514-2100,9.5
FI,20250514-2300,9.5
FI,20250514-1800,18.75
PL,20250514-0800,59.46
PL,20250514-1200,75.0
PL,20250514-1500,94.49
PL,20250514-0500,94.49
PL,20250514-0700,87.86
PL,20250514-1300,87.86
PL,20250514-1700,94.49
PL,20250514-0900,59.46
PL,20250514-0000,94.49
PL,20250514-0200,94.49
PL,20250514-1900,104.29
PL,20250514-1600,94.49
PL,20250514-2200,94.49
PL,20250514-0600,94.49
PL,20250514-2000,94.49
PL,20250514-0100,94.49
PL,20250514-1000,59.46
PL,20250514-0300,94.49
PL,20250514-1400,94.49
PL,20250514-0400,94.49
PL,20250514-1100,59.46
PL,20250514-2100,94.49
PL,20250514-2300,94.49
PL,20250514-1800,106.17
IT-Calabria,20250514-0800,105.43
IT-Calabria,20250514-1200,105.43
IT-Calabria,20250514-1500,105.43
IT-Calabria,20250514-0500,105.43
IT-Calabria,20250514-0700,105.43
IT-Calabria,20250514-1300,105.43
IT-Calabria,20250514-1700,105.43
IT-Calabria,20250514-0900,105.43
IT-Calabria,20250514-0000,105.43
IT-Calabria,20250514-0200,105.43
IT-Calabria,20250514-1900,105.43
IT-Calabria,20250514-1600,105.43
IT-Calabria,20250514-2200,105.43
IT-Calabria,20250514-0600,105.43
IT-Calabria,20250514-2000,105.43
IT-Calabria,20250514-0100,105.43
IT-Calabria,20250514-1000,105.43
IT-Calabria,20250514-0300,105.43
IT-Calabria,20250514-1400,105.43
IT-Calabria,20250514-0400,105.43
IT-Calabria,20250514-1100,105.43
IT-Calabria,20250514-2100,105.43
IT-Calabria,20250514-2300,105.43
IT-Calabria,20250514-1800,105.43
AT,20250514-0800,4.8
AT,20250514-1200,3.15
AT,20250514-1500,77.28
AT,20250514-0500,96.12
AT,20250514-0700,87.86
AT,20250514-1300,3.75
AT,20250514-1700,94.49
AT,20250514-0900,3.75
AT,20250514-0000,92.48
AT,20250514-0200,92.48
AT,20250514-1900,92.48
AT,20250514-1600,92.48
AT,20250514-2200,90.06
AT,20250514-0600,92.48
AT,20250514-2000,92.48
AT,20250514-0100,92.48
AT,20250514-1000,3.15
AT,20250514-0300,92.48
AT,20250514-1400,49.69
AT,20250514-0400,101.38
AT,20250514-1100,3.15
AT,20250514-2100,92.48
AT,20250514-2300,81.44
AT,20250514-1800,94.49
SE2,20250514-0800,1.0
SE2,20250514-1200,1.0
SE2,20250514-1500,1.0
SE2,20250514-0500,1.0
SE2,20250514-0700,1.0
SE2,20250514-1300,1.0
SE2,20250514-1700,1.0
SE2,20250514-0900,1.0
SE2,20250514-0000,1.0
SE2,20250514-0200,1.0
SE2,20250514-1900,1.0
SE2,20250514-1600,1.0
SE2,20250514-2200,1.0
SE2,20250514-0600,1.0
SE2,20250514-2000,1.0
SE2,20250514-0100,1.0
SE2,20250514-1000,1.0
SE2,20250514-0300,1.0
SE2,20250514-1400,1.0
SE2,20250514-0400,1.0
SE2,20250514-1100,1.0
SE2,20250514-2100,1.0
SE2,20250514-2300,1.0
SE2,20250514-1800,1.0
IT-NORTH,20250514-0800,105.43
IT-NORTH,20250514-1200,105.43
IT-NORTH,20250514-1500,105.43
IT-NORTH,20250514-0500,105.43
IT-NORTH,20250514-0700,105.43
IT-NORTH,20250514-1300,105.43
IT-NORTH,20250514-1700,105.43
IT-NORTH,20250514-0900,105.43
IT-NORTH,20250514-0000,105.43
IT-NORTH,20250514-0200,105.43
IT-NORTH,20250514-1900,105.43
IT-NORTH,20250514-1600,105.43
IT-NORTH,20250514-2200,105.43
IT-NORTH,20250514-0600,105.43
IT-NORTH,20250514-2000,105.43
IT-NORTH,20250514-0100,105.43
IT-NORTH,20250514-1000,105.43
IT-NORTH,20250514-0300,105.43
IT-NORTH,20250514-1400,105.43
IT-NORTH,20250514-0400,105.43
IT-NORTH,20250514-1100,105.43
IT-NORTH,20250514-2100,105.43
IT-NORTH,20250514-2300,105.43
IT-NORTH,20250514-1800,105.43
LT,20250514-0800,59.46
LT,20250514-1200,39.66
LT,20250514-1500,18.24
LT,20250514-0500,91.82
LT,20250514-0700,75.34
LT,20250514-1300,39.66
LT,20250514-1700,63.09
LT,20250514-0900,52.48
LT,20250514-0000,87.86
LT,20250514-0200,87.86
LT,20250514-1900,54.12
LT,20250514-1600,39.66
LT,20250514-2200,45.04
LT,20250514-0600,84.1
LT,20250514-2000,71.18
LT,20250514-0100,87.86
LT,20250514-1000,52.48
LT,20250514-0300,87.86
LT,20250514-1400,17.25
LT,20250514-0400,87.86
LT,20250514-1100,52.48
LT,20250514-2100,54.85
LT,20250514-2300,45.04
LT,20250514-1800,75.34
PT,20250514-0800,87.86
PT,20250514-1200,23.75
PT,20250514-1500,10.5
PT,20250514-0500,96.12
PT,20250514-0700,87.86
PT,20250514-1300,10.5
PT,20250514-1700,60.76
PT,20250514-0900,57.0
PT,20250514-0000,87.86
PT,20250514-0200,87.86
PT,20250514-1900,158.31
PT,20250514-1600,42.14
PT,20250514-2200,87.86
PT,20250514-0600,90.84
PT,20250514-2000,87.86
PT,20250514-0100,87.86
PT,20250514-1000,52.48
PT,20250514-0300,87.86
PT,20250514-1400,9.5
PT,20250514-0400,87.86
PT,20250514-1100,52.48
PT,20250514-2100,87.86
PT,20250514-2300,57.0
PT,20250514-1800,87.86
NO2,20250514-0800,51.38
NO2,20250514-1200,24.75
NO2,20250514-1500,58.69
NO2,20250514-0500,85.3
NO2,20250514-0700,79.07
NO2,20250514-1300,24.75
NO2,20250514-1700,85.04
NO2,20250514-0900,47.23
NO2,20250514-0000,85.04
NO2,20250514-0200,85.04
NO2,20250514-1900,85.04
NO2,20250514-1600,79.07
NO2,20250514-2200,79.07
NO2,20250514-0600,85.04
NO2,20250514-2000,85.04
NO2,20250514-0100,85.04
NO2,20250514-1000,45.25
NO2,20250514-0300,85.04
NO2,20250514-1400,48.32
NO2,20250514-0400,90.72
NO2,20250514-1100,41.45
NO2,20250514-2100,85.04
NO2,20250514-2300,79.07
NO2,20250514-1800,85.04
LV,20250514-0800,59.46
LV,20250514-1200,39.66
LV,20250514-1500,18.24
LV,20250514-0500,91.82
LV,20250514-0700,75.34
LV,20250514-1300,39.66
LV,20250514-1700,63.09
LV,20250514-0900,52.48
LV,20250514-0000,87.86
LV,20250514-0200,87.86
LV,20250514-1900,54.12
LV,20250514-1600,39.66
LV,20250514-2200,45.04
LV,20250514-0600,84.1
LV,20250514-2000,71.18
LV,20250514-0100,87.86
LV,20250514-1000,52.48
LV,20250514-0300,87.86
LV,20250514-1400,17.25
LV,20250514-0400,87.86
LV,20250514-1100,52.48
LV,20250514-2100,54.85
LV,20250514-2300,45.04
LV,20250514-1800,75.34
NL,20250514-0800,57.09
NL,20250514-1200,4.62
NL,20250514-1500,65.23
NL,20250514-0500,87.86
NL,20250514-0700,87.86
NL,20250514-1300,23.75
NL,20250514-1700,87.86
NL,20250514-0900,52.48
NL,20250514-0000,87.86
NL,20250514-0200,87.86
NL,20250514-1900,94.49
NL,20250514-1600,87.86
NL,20250514-2200,87.86
NL,20250514-0600,87.86
NL,20250514-2000,87.86
NL,20250514-0100,87.86
NL,20250514-1000,16.0
NL,20250514-0300,87.86
NL,20250514-1400,16.0
NL,20250514-0400,87.86
NL,20250514-1100,4.62
NL,20250514-2100,87.86
NL,20250514-2300,87.86
NL,20250514-1800,87.86
NO5,20250514-0800,51.38
NO5,20250514-1200,14.45
NO5,20250514-1500,58.69
NO5,20250514-0500,82.19
NO5,20250514-0700,79.07
NO5,20250514-1300,23.06
NO5,20250514-1700,82.06
NO5,20250514-0900,47.23
NO5,20250514-0000,82.06
NO5,20250514-0200,82.06
NO5,20250514-1900,85.04
NO5,20250514-1600,79.07
NO5,20250514-2200,79.07
NO5,20250514-0600,82.06
NO5,20250514-2000,82.06
NO5,20250514-0100,82.06
NO5,20250514-1000,29.83
NO5,20250514-0300,82.06
NO5,20250514-1400,31.36
NO5,20250514-0400,84.9
NO5,20250514-1100,22.81
NO5,20250514-2100,82.06
NO5,20250514-2300,79.07
NO5,20250514-1800,82.06
BE,20250514-0800,51.38
BE,20250514-1200,9.5
BE,20250514-1500,58.69
BE,20250514-0500,91.32
BE,20250514-0700,86.29
BE,20250514-1300,9.5
BE,20250514-1700,87.86
BE,20250514-0900,31.27
BE,20250514-0000,87.86
BE,20250514-0200,87.86
BE,20250514-1900,92.48
BE,20250514-1600,86.29
BE,20250514-2200,87.86
BE,20250514-0600,87.86
BE,20250514-2000,87.86
BE,20250514-0100,87.86
BE,20250514-1000,10.5
BE,20250514-0300,87.86
BE,20250514-1400,23.75
BE,20250514-0400,92.48
BE,20250514-1100,9.5
BE,20250514-2100,87.86
BE,20250514-2300,79.07
BE,20250514-1800,87.86
RO,20250514-0800,87.86
RO,20250514-1200,9.5
RO,20250514-1500,106.17
RO,20250514-0500,106.17
RO,20250514-0700,87.86
RO,20250514-1300,52.48
RO,20250514-1700,171.82
RO,20250514-0900,16.0
RO,20250514-0000,102.67
RO,20250514-0200,89.19
RO,20250514-1900,175.34
RO,20250514-1600,124.98
RO,20250514-2200,102.14
RO,20250514-0600,106.17
RO,20250514-2000,147.65
RO,20250514-0100,92.92
RO,20250514-1000,10.5
RO,20250514-0300,106.17
RO,20250514-1400,87.86
RO,20250514-0400,106.17
RO,20250514-1100,10.5
RO,20250514-2100,106.17
RO,20250514-2300,96.15
RO,20250514-1800,189.16
DK2,20250514-0800,35.79
DK2,20250514-1200,22.87
DK2,20250514-1500,18.24
DK2,20250514-0500,52.36
DK2,20250514-0700,33.81
DK2,20250514-1300,23.83
DK2,20250514-1700,71.57
DK2,20250514-0900,52.48
DK2,20250514-0000,48.27
DK2,20250514-0200,51.37
DK2,20250514-1900,57.0
DK2,20250514-1600,36.13
DK2,20250514-2200,57.0
DK2,20250514-0600,63.82
DK2,20250514-2000,87.86
DK2,20250514-0100,50.03
DK2,20250514-1000,47.2
DK2,20250514-0300,64.77
DK2,20250514-1400,17.25
DK2,20250514-0400,48.27
DK2,20250514-1100,45.11
DK2,20250514-2100,76.77
DK2,20250514-2300,57.0
DK2,20250514-1800,66.37
BG,20250514-0800,87.86
BG,20250514-1200,9.5
BG,20250514-1500,106.17
BG,20250514-0500,106.17
BG,20250514-0700,87.86
BG,20250514-1300,52.48
BG,20250514-1700,171.82
BG,20250514-0900,16.0
BG,20250514-0000,102.67
BG,20250514-0200,89.19
BG,20250514-1900,175.34
BG,20250514-1600,124.98
BG,20250514-2200,102.14
BG,20250514-0600,106.17
BG,20250514-2000,147.65
BG,20250514-0100,92.92
BG,20250514-1000,10.5
BG,20250514-0300,106.17
BG,20250514-1400,87.86
BG,20250514-0400,106.17
BG,20250514-1100,10.5
BG,20250514-2100,106.17
BG,20250514-2300,96.15
BG,20250514-1800,189.16
IT-CSOUTH,20250514-0800,105.43
IT-CSOUTH,20250514-1200,105.43
IT-CSOUTH,20250514-1500,105.43
IT-CSOUTH,20250514-0500,105.43
IT-CSOUTH,20250514-0700,105.43
IT-CSOUTH,20250514-1300,105.43
IT-CSOUTH,20250514-1700,105.43
IT-CSOUTH,20250514-0900,105.43
IT-CSOUTH,20250514-0000,105.43
IT-CSOUTH,20250514-0200,105.43
IT-CSOUTH,20250514-1900,105.43
IT-CSOUTH,20250514-1600,105.43
IT-CSOUTH,20250514-2200,105.43
IT-CSOUTH,20250514-0600,105.43
IT-CSOUTH,20250514-2000,105.43
IT-CSOUTH,20250514-0100,105.43
IT-CSOUTH,20250514-1000,105.43
IT-CSOUTH,20250514-0300,105.43
IT-CSOUTH,20250514-1400,105.43
IT-CSOUTH,20250514-0400,105.43
IT-CSOUTH,20250514-1100,105.43
IT-CSOUTH,20250514-2100,105.43
IT-CSOUTH,20250514-2300,105.43
IT-CSOUTH,20250514-1800,105.43
CZ,20250514-0800,57.09
CZ,20250514-1200,23.75
CZ,20250514-1500,94.49
CZ,20250514-0500,96.12
CZ,20250514-0700,87.86
CZ,20250514-1300,24.75
CZ,20250514-1700,106.17
CZ,20250514-0900,52.48
CZ,20250514-0000,94.49
CZ,20250514-0200,94.49
CZ,20250514-1900,106.17
CZ,20250514-1600,106.17
CZ,20250514-2200,87.86
CZ,20250514-0600,94.49
CZ,20250514-2000,106.17
CZ,20250514-0100,94.49
CZ,20250514-1000,34.76
CZ,20250514-0300,94.49
CZ,20250514-1400,83.71
CZ,20250514-0400,101.38
CZ,20250514-1100,33.21
CZ,20250514-2100,94.49
CZ,20250514-2300,87.86
CZ,20250514-1800,106.17
NO3,20250514-0800,51.38
NO3,20250514-1200,14.45
NO3,20250514-1500,58.69
NO3,20250514-0500,82.19
NO3,20250514-0700,79.07
NO3,20250514-1300,23.06
NO3,20250514-1700,82.06
NO3,20250514-0900,47.23
NO3,20250514-0000,82.06
NO3,20250514-0200,82.06
NO3,20250514-1900,85.04
NO3,20250514-1600,79.07
NO3,20250514-2200,79.07
NO3,20250514-0600,82.06
NO3,20250514-2000,82.06
NO3,20250514-0100,82.06
NO3,20250514-1000,29.83
NO3,20250514-0300,82.06
NO3,20250514-1400,31.36
NO3,20250514-0400,84.9
NO3,20250514-1100,22.81
NO3,20250514-2100,82.06
NO3,20250514-2300,79.07
NO3,20250514-1800,82.06
NO1,20250514-0800,51.38
NO1,20250514-1200,14.45
NO1,20250514-1500,58.69
NO1,20250514-0500,82.19
NO1,20250514-0700,79.07
NO1,20250514-1300,23.06
NO1,20250514-1700,82.06
NO1,20250514-0900,47.23
NO1,20250514-0000,82.06
NO1,20250514-0200,82.06
NO1,20250514-1900,85.04
NO1,20250514-1600,79.07
NO1,20250514-2200,79.07
NO1,20250514-0600,82.06
NO1,20250514-2000,82.06
NO1,20250514-0100,82.06
NO1,20250514-1000,29.83
NO1,20250514-0300,82.06
NO1,20250514-1400,31.36
NO1,20250514-0400,84.9
NO1,20250514-1100,22.81
NO1,20250514-2100,82.06
NO1,20250514-2300,79.07
NO1,20250514-1800,82.06
DE_LU,20250514-0800,57.09
DE_LU,20250514-1200,23.75
DE_LU,20250514-1500,65.23
DE_LU,20250514-0500,96.12
DE_LU,20250514-0700,87.86
DE_LU,20250514-1300,24.75
DE_LU,20250514-1700,94.49
DE_LU,20250514-0900,52.48
DE_LU,20250514-0000,94.49
DE_LU,20250514-0200,94.49
DE_LU,20250514-1900,94.49
DE_LU,20250514-1600,87.86
DE_LU,20250514-2200,87.86
DE_LU,20250514-0600,94.49
DE_LU,20250514-2000,94.49
DE_LU,20250514-0100,94.49
DE_LU,20250514-1000,34.76
DE_LU,20250514-0300,94.49
DE_LU,20250514-1400,49.69
DE_LU,20250514-0400,101.38
DE_LU,20250514-1100,33.21
DE_LU,20250514-2100,94.49
DE_LU,20250514-2300,87.86
DE_LU,20250514-1800,94.49
SK,20250514-0800,51.38
SK,20250514-1200,14.45
SK,20250514-1500,58.69
SK,20250514-0500,87.86
SK,20250514-0700,79.07
SK,20250514-1300,23.06
SK,20250514-1700,88.04
SK,20250514-0900,47.23
SK,20250514-0000,82.06
SK,20250514-0200,82.06
SK,20250514-1900,91.24
SK,20250514-1600,84.84
SK,20250514-2200,79.07
SK,20250514-0600,82.06
SK,20250514-2000,87.86
SK,20250514-0100,82.06
SK,20250514-1000,29.83
SK,20250514-0300,82.06
SK,20250514-1400,31.36
SK,20250514-0400,87.86
SK,20250514-1100,22.81
SK,20250514-2100,82.06
SK,20250514-2300,79.07
SK,20250514-1800,88.04
EE,20250514-0800,59.46
EE,20250514-1200,39.66
EE,20250514-1500,18.24
EE,20250514-0500,91.82
EE,20250514-0700,75.34
EE,20250514-1300,39.66
EE,20250514-1700,63.09
EE,20250514-0900,52.48
EE,20250514-0000,87.86
EE,20250514-0200,87.86
EE,20250514-1900,54.12
EE,20250514-1600,39.66
EE,20250514-2200,45.04
EE,20250514-0600,84.1
EE,20250514-2000,71.18
EE,20250514-0100,87.86
EE,20250514-1000,52.48
EE,20250514-0300,87.86
EE,20250514-1400,17.25
EE,20250514-0400,87.86
EE,20250514-1100,52.48
EE,20250514-2100,54.85
EE,20250514-2300,45.04
EE,20250514-1800,75.34
SE4,20250514-0800,35.79
SE4,20250514-1200,22.87
SE4,20250514-1500,18.24
SE4,20250514-0500,52.36
SE4,20250514-0700,33.81
SE4,20250514-1300,23.83
SE4,20250514-1700,63.09
SE4,20250514-0900,52.48
SE4,20250514-0000,48.27
SE4,20250514-0200,51.37
SE4,20250514-1900,54.12
SE4,20250514-1600,36.13
SE4,20250514-2200,45.04
SE4,20250514-0600,63.82
SE4,20250514-2000,71.18
SE4,20250514-0100,50.03
SE4,20250514-1000,47.2
SE4,20250514-0300,64.77
SE4,20250514-1400,17.25
SE4,20250514-0400,48.27
SE4,20250514-1100,45.11
SE4,20250514-2100,54.85
SE4,20250514-2300,45.04
SE4,20250514-1800,66.37
SI,20250621-2300,10.57
SI,20250621-0600,9.5
SI,20250621-0700,5.62
SI,20250621-2200,17.6
SI,20250621-1500,72.31
SI,20250621-1700,116.36
SI,20250621-1000,5.1
SI,20250621-0800,5.1
SI,20250621-1900,116.36
SI,20250621-0900,5.1
SI,20250621-2100,62.07
SI,20250621-0200,72.31
SI,20250621-0300,64.68
SI,20250621-1400,115.17
SI,20250621-1600,98.97
SI,20250621-0400,72.31
SI,20250621-2000,116.36
SI,20250621-1100,5.0
SI,20250621-0000,72.31
SI,20250621-1300,5.1
SI,20250621-0500,62.07
SI,20250621-0100,72.31
SI,20250621-1800,116.36
SI,20250621-1200,5.0
ES,20250621-2300,96.97
ES,20250621-0600,96.97
ES,20250621-0700,62.07
ES,20250621-2200,163.68
ES,20250621-1500,9.5
ES,20250621-1700,72.92
ES,20250621-1000,11.19
ES,20250621-0800,35.88
ES,20250621-1900,176.92
ES,20250621-0900,27.17
ES,20250621-2100,170.58
ES,20250621-0200,96.97
ES,20250621-0300,96.97
ES,20250621-1400,9.5
ES,20250621-1600,49.19
ES,20250621-0400,153.08
ES,20250621-2000,178.62
ES,20250621-1100,10.15
ES,20250621-0000,163.07
ES,20250621-1300,10.5
ES,20250621-0500,96.97
ES,20250621-0100,160.62
ES,20250621-1800,96.97
ES,20250621-1200,10.09
GR,20250621-2300,72.31
GR,20250621-0600,9.5
GR,20250621-0700,5.62
GR,20250621-2200,96.97
GR,20250621-1500,72.31
GR,20250621-1700,115.68
GR,20250621-1000,5.0
GR,20250621-0800,5.1
GR,20250621-1900,116.36
GR,20250621-0900,5.0
GR,20250621-2100,96.97
GR,20250621-0200,72.31
GR,20250621-0300,72.31
GR,20250621-1400,9.5
GR,20250621-1600,96.97
GR,20250621-0400,72.31
GR,20250621-2000,96.97
GR,20250621-1100,5.0
GR,20250621-0000,96.97
GR,20250621-1300,5.1
GR,20250621-0500,62.07
GR,20250621-0100,72.31
GR,20250621-1800,116.36
GR,20250621-1200,5.0
IT-CNORTH,20250621-2300,116.36
IT-CNORTH,20250621-0600,116.36
IT-CNORTH,20250621-0700,116.36
IT-CNORTH,20250621-2200,116.36
IT-CNORTH,20250621-1500,116.36
IT-CNORTH,20250621-1700,116.36
IT-CNORTH,20250621-1000,99.95
IT-CNORTH,20250621-0800,116.36
IT-CNORTH,20250621-1900,116.36
IT-CNORTH,20250621-0900,115.78
IT-CNORTH,20250621-2100,116.36
IT-CNORTH,20250621-0200,116.36
IT-CNORTH,20250621-0300,116.36
IT-CNORTH,20250621-1400,116.36
IT-CNORTH,20250621-1600,116.36
IT-CNORTH,20250621-0400,116.36
IT-CNORTH,20250621-2000,116.36
IT-CNORTH,20250621-1100,92.45
IT-CNORTH,20250621-0000,116.36
IT-CNORTH,20250621-1300,108.68
IT-CNORTH,20250621-0500,116.36
IT-CNORTH,20250621-0100,116.36
IT-CNORTH,20250621-1800,116.36
IT-CNORTH,20250621-1200,95.88
HU,20250621-2300,62.07
HU,20250621-0600,9.5
HU,20250621-0700,5.62
HU,20250621-2200,62.07
HU,20250621-1500,72.31
HU,20250621-1700,115.68
HU,20250621-1000,5.1
HU,20250621-0800,5.1
HU,20250621-1900,116.36
HU,20250621-0900,5.1
HU,20250621-2100,96.97
HU,20250621-0200,72.31
HU,20250621-0300,64.68
HU,20250621-1400,9.5
HU,20250621-1600,96.97
HU,20250621-0400,72.31
HU,20250621-2000,96.97
HU,20250621-1100,5.0
HU,20250621-0000,72.31
HU,20250621-1300,5.1
HU,20250621-0500,62.07
HU,20250621-0100,72.31
HU,20250621-1800,116.36
HU,20250621-1200,5.0
IT-SOUTH,20250621-2300,116.36
IT-SOUTH,20250621-0600,116.36
IT-SOUTH,20250621-0700,116.36
IT-SOUTH,20250621-2200,116.36
IT-SOUTH,20250621-1500,116.36
IT-SOUTH,20250621-1700,116.36
IT-SOUTH,20250621-1000,99.95
IT-SOUTH,20250621-0800,116.36
IT-SOUTH,20250621-1900,116.36
IT-SOUTH,20250621-0900,115.78
IT-SOUTH,20250621-2100,116.36
IT-SOUTH,20250621-0200,116.36
IT-SOUTH,20250621-0300,116.36
IT-SOUTH,20250621-1400,116.36
IT-SOUTH,20250621-1600,116.36
IT-SOUTH,20250621-0400,116.36
IT-SOUTH,20250621-2000,116.36
IT-SOUTH,20250621-1100,92.45
IT-SOUTH,20250621-0000,116.36
IT-SOUTH,20250621-1300,108.68
IT-SOUTH,20250621-0500,116.36
IT-SOUTH,20250621-0100,116.36
IT-SOUTH,20250621-1800,116.36
IT-SOUTH,20250621-1200,95.88
IT-Sicily,20250621-2300,116.36
IT-Sicily,20250621-0600,116.36
IT-Sicily,20250621-0700,116.36
IT-Sicily,20250621-2200,116.36
IT-Sicily,20250621-1500,116.36
IT-Sicily,20250621-1700,116.36
IT-Sicily,20250621-1000,99.95
IT-Sicily,20250621-0800,116.36
IT-Sicily,20250621-1900,116.36
IT-Sicily,20250621-0900,115.78
IT-Sicily,20250621-2100,116.36
IT-Sicily,20250621-0200,116.36
IT-Sicily,20250621-0300,116.36
IT-Sicily,20250621-1400,116.36
IT-Sicily,20250621-1600,116.36
IT-Sicily,20250621-0400,116.36
IT-Sicily,20250621-2000,116.36
IT-Sicily,20250621-1100,92.45
IT-Sicily,20250621-0000,116.36
IT-Sicily,20250621-1300,108.68
IT-Sicily,20250621-0500,116.36
IT-Sicily,20250621-0100,116.36
IT-Sicily,20250621-1800,116.36
IT-Sicily,20250621-1200,95.88
IT-Sardinia,20250621-2300,116.36
IT-Sardinia,20250621-0600,116.36
IT-Sardinia,20250621-0700,116.36
IT-Sardinia,20250621-2200,116.36
IT-Sardinia,20250621-1500,116.36
IT-Sardinia,20250621-1700,116.36
IT-Sardinia,20250621-1000,99.95
IT-Sardinia,20250621-0800,116.36
IT-Sardinia,20250621-1900,116.36
IT-Sardinia,20250621-0900,113.84
IT-Sardinia,20250621-2100,116.36
IT-Sardinia,20250621-0200,116.36
IT-Sardinia,20250621-0300,116.36
IT-Sardinia,20250621-1400,116.36
IT-Sardinia,20250621-1600,116.36
IT-Sardinia,20250621-0400,116.36
IT-Sardinia,20250621-2000,116.36
IT-Sardinia,20250621-1100,92.45
IT-Sardinia,20250621-0000,116.36
IT-Sardinia,20250621-1300,108.68
IT-Sardinia,20250621-0500,116.36
IT-Sardinia,20250621-0100,116.36
IT-Sardinia,20250621-1800,116.36
IT-Sardinia,20250621-1200,95.88
RS,20250621-2300,72.31
RS,20250621-0600,9.5
RS,20250621-0700,5.62
RS,20250621-2200,96.97
RS,20250621-1500,72.31
RS,20250621-1700,115.68
RS,20250621-1000,5.1
RS,20250621-0800,5.1
RS,20250621-1900,116.36
RS,20250621-0900,5.1
RS,20250621-2100,96.97
RS,20250621-0200,72.31
RS,20250621-0300,72.31
RS,20250621-1400,9.5
RS,20250621-1600,96.97
RS,20250621-0400,72.31
RS,20250621-2000,96.97
RS,20250621-1100,5.0
RS,20250621-0000,72.31
RS,20250621-1300,5.1
RS,20250621-0500,62.07
RS,20250621-0100,72.31
RS,20250621-1800,116.36
RS,20250621-1200,5.0
DK1,20250621-2300,96.97
DK1,20250621-0600,69.13
DK1,20250621-0700,54.39
DK1,20250621-2200,96.97
DK1,20250621-1500,62.07
DK1,20250621-1700,96.97
DK1,20250621-1000,54.48
DK1,20250621-0800,35.88
DK1,20250621-1900,99.91
DK1,20250621-0900,62.07
DK1,20250621-2100,96.97
DK1,20250621-0200,96.97
DK1,20250621-0300,96.97
DK1,20250621-1400,10.52
DK1,20250621-1600,94.87
DK1,20250621-0400,94.87
DK1,20250621-2000,96.97
DK1,20250621-1100,36.0
DK1,20250621-0000,96.97
DK1,20250621-1300,5.1
DK1,20250621-0500,94.87
DK1,20250621-0100,96.97
DK1,20250621-1800,96.97
DK1,20250621-1200,27.0
CH,20250621-2300,96.97
CH,20250621-0600,69.13
CH,20250621-0700,54.39
CH,20250621-2200,96.97
CH,20250621-1500,63.8
CH,20250621-1700,96.97
CH,20250621-1000,5.0
CH,20250621-0800,35.88
CH,20250621-1900,99.91
CH,20250621-0900,9.5
CH,20250621-2100,96.97
CH,20250621-0200,96.97
CH,20250621-0300,96.97
CH,20250621-1400,13.66
CH,20250621-1600,94.87
CH,20250621-0400,94.87
CH,20250621-2000,96.97
CH,20250621-1100,4.8
CH,20250621-0000,96.97
CH,20250621-1300,11.68
CH,20250621-0500,94.87
CH,20250621-0100,96.97
CH,20250621-1800,96.97
CH,20250621-1200,4.8
SE1,20250621-2300,24.57
SE1,20250621-0600,38.31
SE1,20250621-0700,50.14
SE1,20250621-2200,28.27
SE1,20250621-1500,46.33
SE1,20250621-1700,45.02
SE1,20250621-1000,58.21
SE1,20250621-0800,56.04
SE1,20250621-1900,27.64
SE1,20250621-0900,58.68
SE1,20250621-2100,29.48
SE1,20250621-0200,44.42
SE1,20250621-0300,43.33
SE1,20250621-1400,59.5
SE1,20250621-1600,42.65
SE1,20250621-0400,39.63
SE1,20250621-2000,27.65
SE1,20250621-1100,57.82
SE1,20250621-0000,35.89
SE1,20250621-1300,57.96
SE1,20250621-0500,35.04
SE1,20250621-0100,42.33
SE1,20250621-1800,24.28
SE1,20250621-1200,59.56
NO4,20250621-2300,35.44
NO4,20250621-0600,39.29
NO4,20250621-0700,36.61
NO4,20250621-2200,31.48
NO4,20250621-1500,34.85
NO4,20250621-1700,37.31
NO4,20250621-1000,32.43
NO4,20250621-0800,35.9
NO4,20250621-1900,37.66
NO4,20250621-0900,33.17
NO4,20250621-2100,31.12
NO4,20250621-0200,31.58
NO4,20250621-0300,34.28
NO4,20250621-1400,36.38
NO4,20250621-1600,38.59
NO4,20250621-0400,37.8
NO4,20250621-2000,37.49
NO4,20250621-1100,29.95
NO4,20250621-0000,33.42
NO4,20250621-1300,21.43
NO4,20250621-0500,39.3
NO4,20250621-0100,34.98
NO4,20250621-1800,35.52
NO4,20250621-1200,28.18
SE3,20250621-2300,85.38
SE3,20250621-0600,55.86
SE3,20250621-0700,47.69
SE3,20250621-2200,85.38
SE3,20250621-1500,47.02
SE3,20250621-1700,87.27
SE3,20250621-1000,54.48
SE3,20250621-0800,37.61
SE3,20250621-1900,87.27
SE3,20250621-0900,55.86
SE3,20250621-2100,85.38
SE3,20250621-0200,85.38
SE3,20250621-0300,85.38
SE3,20250621-1400,9.5
SE3,20250621-1600,85.38
SE3,20250621-0400,85.38
SE3,20250621-2000,87.27
SE3,20250621-1100,36.0
SE3,20250621-0000,85.38
SE3,20250621-1300,5.1
SE3,20250621-0500,85.38
SE3,20250621-0100,85.38
SE3,20250621-1800,87.27
SE3,20250621-1200,27.0
FR,20250621-2300,53.53
FR,20250621-0600,45.3
FR,20250621-0700,54.39
FR,20250621-2200,60.0
FR,20250621-1500,34.35
FR,20250621-1700,72.92
FR,20250621-1000,11.19
FR,20250621-0800,35.88
FR,20250621-1900,99.91
FR,20250621-0900,27.17
FR,20250621-2100,96.97
FR,20250621-0200,53.53
FR,20250621-0300,53.53
FR,20250621-1400,13.66
FR,20250621-1600,49.19
FR,20250621-0400,58.97
FR,20250621-2000,96.97
FR,20250621-1100,10.15
FR,20250621-0000,59.94
FR,20250621-1300,11.68
FR,20250621-0500,53.53
FR,20250621-0100,59.7
FR,20250621-1800,96.97
FR,20250621-1200,10.09
FI,20250621-2300,5.1
FI,20250621-0600,9.5
FI,20250621-0700,9.5
FI,20250621-2200,5.0
FI,20250621-1500,9.5
FI,20250621-1700,9.5
FI,20250621-1000,15.6
FI,20250621-0800,9.5
FI,20250621-1900,9.5
FI,20250621-0900,9.5
FI,20250621-2100,9.5
FI,20250621-0200,11.76
FI,20250621-0300,9.5
FI,20250621-1400,9.5
FI,20250621-1600,9.5
FI,20250621-0400,9.5
FI,20250621-2000,9.5
FI,20250621-1100,14.98
FI,20250621-0000,30.0
FI,20250621-1300,9.5
FI,20250621-0500,9.5
FI,20250621-0100,11.98
FI,20250621-1800,9.5
FI,20250621-1200,9.5
PL,20250621-2300,94.87
PL,20250621-0600,62.07
PL,20250621-0700,54.39
PL,20250621-2200,94.87
PL,20250621-1500,62.07
PL,20250621-1700,94.87
PL,20250621-1000,4.99
PL,20250621-0800,5.1
PL,20250621-1900,94.87
PL,20250621-0900,5.1
PL,20250621-2100,94.87
PL,20250621-0200,94.87
PL,20250621-0300,94.87
PL,20250621-1400,5.62
PL,20250621-1600,94.87
PL,20250621-0400,94.87
PL,20250621-2000,96.97
PL,20250621-1100,4.99
PL,20250621-0000,96.97
PL,20250621-1300,5.1
PL,20250621-0500,94.87
PL,20250621-0100,94.87
PL,20250621-1800,96.97
PL,20250621-1200,4.99
IT-Calabria,20250621-2300,116.36
IT-Calabria,20250621-0600,116.36
IT-Calabria,20250621-0700,116.36
IT-Calabria,20250621-2200,116.36
IT-Calabria,20250621-1500,116.36
IT-Calabria,20250621-1700,116.36
IT-Calabria,20250621-1000,99.95
IT-Calabria,20250621-0800,116.36
IT-Calabria,20250621-1900,116.36
IT-Calabria,20250621-0900,115.78
IT-Calabria,20250621-2100,116.36
IT-Calabria,20250621-0200,116.36
IT-Calabria,20250621-0300,116.36
IT-Calabria,20250621-1400,116.36
IT-Calabria,20250621-1600,116.36
IT-Calabria,20250621-0400,116.36
IT-Calabria,20250621-2000,116.36
IT-Calabria,20250621-1100,92.45
IT-Calabria,20250621-0000,116.36
IT-Calabria,20250621-1300,108.68
IT-Calabria,20250621-0500,116.36
IT-Calabria,20250621-0100,116.36
IT-Calabria,20250621-1800,116.36
IT-Calabria,20250621-1200,95.88
AT,20250621-2300,97.67
AT,20250621-0600,69.13
AT,20250621-0700,54.39
AT,20250621-2200,97.67
AT,20250621-1500,63.8
AT,20250621-1700,102.07
AT,20250621-1000,3.75
AT,20250621-0800,5.1
AT,20250621-1900,102.07
AT,20250621-0900,4.8
AT,20250621-2100,97.67
AT,20250621-0200,97.67
AT,20250621-0300,97.67
AT,20250621-1400,13.66
AT,20250621-1600,97.67
AT,20250621-0400,97.67
AT,20250621-2000,102.07
AT,20250621-1100,4.8
AT,20250621-0000,97.67
AT,20250621-1300,11.68
AT,20250621-0500,97.67
AT,20250621-0100,97.67
AT,20250621-1800,102.07
AT,20250621-1200,4.8
SE2,20250621-2300,24.57
SE2,20250621-0600,1.0
SE2,20250621-0700,1.0
SE2,20250621-2200,28.27
SE2,20250621-1500,1.0
SE2,20250621-1700,24.28
SE2,20250621-1000,1.0
SE2,20250621-0800,1.0
SE2,20250621-1900,27.64
SE2,20250621-0900,1.0
SE2,20250621-2100,29.48
SE2,20250621-0200,1.0
SE2,20250621-0300,1.0
SE2,20250621-1400,26.27
SE2,20250621-1600,1.0
SE2,20250621-0400,1.0
SE2,20250621-2000,27.65
SE2,20250621-1100,42.04
SE2,20250621-0000,1.0
SE2,20250621-1300,34.19
SE2,20250621-0500,1.0
SE2,20250621-0100,1.0
SE2,20250621-1800,24.28
SE2,20250621-1200,44.51
IT-NORTH,20250621-2300,116.36
IT-NORTH,20250621-0600,116.36
IT-NORTH,20250621-0700,116.36
IT-NORTH,20250621-2200,116.36
IT-NORTH,20250621-1500,116.36
IT-NORTH,20250621-1700,116.36
IT-NORTH,20250621-1000,99.95
IT-NORTH,20250621-0800,116.36
IT-NORTH,20250621-1900,116.36
IT-NORTH,20250621-0900,115.78
IT-NORTH,20250621-2100,116.36
IT-NORTH,20250621-0200,116.36
IT-NORTH,20250621-0300,116.36
IT-NORTH,20250621-1400,116.36
IT-NORTH,20250621-1600,116.36
IT-NORTH,20250621-0400,116.36
IT-NORTH,20250621-2000,116.36
IT-NORTH,20250621-1100,92.45
IT-NORTH,20250621-0000,116.36
IT-NORTH,20250621-1300,108.68
IT-NORTH,20250621-0500,116.36
IT-NORTH,20250621-0100,116.36
IT-NORTH,20250621-1800,116.36
IT-NORTH,20250621-1200,95.88
LT,20250621-2300,66.02
LT,20250621-0600,9.5
LT,20250621-0700,5.1
LT,20250621-2200,66.02
LT,20250621-1500,9.5
LT,20250621-1700,67.18
LT,20250621-1000,1.0
LT,20250621-0800,4.8
LT,20250621-1900,67.32
LT,20250621-0900,2.85
LT,20250621-2100,66.02
LT,20250621-0200,66.97
LT,20250621-0300,66.97
LT,20250621-1400,5.3
LT,20250621-1600,23.75
LT,20250621-0400,66.05
LT,20250621-2000,67.46
LT,20250621-1100,1.0
LT,20250621-0000,30.0
LT,20250621-1300,1.43
LT,20250621-0500,66.02
LT,20250621-0100,66.97
LT,20250621-1800,67.65
LT,20250621-1200,1.0
PT,20250621-2300,96.97
PT,20250621-0600,96.97
PT,20250621-0700,62.07
PT,20250621-2200,163.68
PT,20250621-1500,9.5
PT,20250621-1700,72.92
PT,20250621-1000,11.19
PT,20250621-0800,35.88
PT,20250621-1900,176.92
PT,20250621-0900,27.17
PT,20250621-2100,170.58
PT,20250621-0200,96.97
PT,20250621-0300,96.97
PT,20250621-1400,9.5
PT,20250621-1600,49.19
PT,20250621-0400,153.08
PT,20250621-2000,178.62
PT,20250621-1100,10.15
PT,20250621-0000,163.07
PT,20250621-1300,10.5
PT,20250621-0500,96.97
PT,20250621-0100,160.62
PT,20250621-1800,96.97
PT,20250621-1200,10.09
NO2,20250621-2300,97.75
NO2,20250621-0600,76.84
NO2,20250621-0700,71.05
NO2,20250621-2200,97.75
NO2,20250621-1500,53.83
NO2,20250621-1700,99.91
NO2,20250621-1000,26.96
NO2,20250621-0800,63.91
NO2,20250621-1900,99.91
NO2,20250621-0900,27.97
NO2,20250621-2100,97.75
NO2,20250621-0200,97.75
NO2,20250621-0300,97.75
NO2,20250621-1400,20.87
NO2,20250621-1600,97.75
NO2,20250621-0400,97.75
NO2,20250621-2000,99.91
NO2,20250621-1100,17.53
NO2,20250621-0000,97.75
NO2,20250621-1300,12.58
NO2,20250621-0500,97.75
NO2,20250621-0100,97.75
NO2,20250621-1800,99.91
NO2,20250621-1200,13.79
LV,20250621-2300,5.1
LV,20250621-0600,9.5
LV,20250621-0700,5.1
LV,20250621-2200,5.0
LV,20250621-1500,9.5
LV,20250621-1700,67.18
LV,20250621-1000,2.85
LV,20250621-0800,4.8
LV,20250621-1900,67.32
LV,20250621-0900,2.85
LV,20250621-2100,39.66
LV,20250621-0200,39.66
LV,20250621-0300,9.5
LV,20250621-1400,5.3
LV,20250621-1600,23.75
LV,20250621-0400,9.5
LV,20250621-2000,62.07
LV,20250621-1100,2.85
LV,20250621-0000,30.0
LV,20250621-1300,4.02
LV,20250621-0500,9.5
LV,20250621-0100,39.66
LV,20250621-1800,62.07
LV,20250621-1200,3.19
NL,20250621-2300,96.97
NL,20250621-0600,94.87
NL,20250621-0700,94.87
NL,20250621-2200,96.97
NL,20250621-1500,62.07
NL,20250621-1700,96.97
NL,20250621-1000,54.48
NL,20250621-0800,94.87
NL,20250621-1900,99.91
NL,20250621-0900,62.07
NL,20250621-2100,96.97
NL,20250621-0200,96.97
NL,20250621-0300,96.97
NL,20250621-1400,20.87
NL,20250621-1600,94.87
NL,20250621-0400,94.87
NL,20250621-2000,96.97
NL,20250621-1100,36.0
NL,20250621-0000,96.97
NL,20250621-1300,12.58
NL,20250621-0500,94.87
NL,20250621-0100,96.97
NL,20250621-1800,96.97
NL,20250621-1200,27.0
NO5,20250621-2300,100.81
NO5,20250621-0600,83.38
NO5,20250621-0700,78.56
NO5,20250621-2200,100.81
NO5,20250621-1500,55.52
NO5,20250621-1700,102.07
NO5,20250621-1000,34.81
NO5,20250621-0800,72.61
NO5,20250621-1900,102.07
NO5,20250621-0900,35.96
NO5,20250621-2100,100.81
NO5,20250621-0200,100.81
NO5,20250621-0300,100.81
NO5,20250621-1400,24.74
NO5,20250621-1600,100.81
NO5,20250621-0400,100.81
NO5,20250621-2000,102.07
NO5,20250621-1100,22.77
NO5,20250621-0000,100.81
NO5,20250621-1300,15.33
NO5,20250621-0500,100.81
NO5,20250621-0100,100.81
NO5,20250621-1800,102.07
NO5,20250621-1200,17.61
BE,20250621-2300,85.38
BE,20250621-0600,70.62
BE,20250621-0700,66.54
BE,20250621-2200,91.23
BE,20250621-1500,50.24
BE,20250621-1700,96.97
BE,20250621-1000,10.5
BE,20250621-0800,31.34
BE,20250621-1900,104.45
BE,20250621-0900,10.52
BE,20250621-2100,96.97
BE,20250621-0200,85.38
BE,20250621-0300,85.38
BE,20250621-1400,22.39
BE,20250621-1600,91.23
BE,20250621-0400,85.38
BE,20250621-2000,96.97
BE,20250621-1100,5.1
BE,20250621-0000,85.38
BE,20250621-1300,9.5
BE,20250621-0500,85.38
BE,20250621-0100,85.38
BE,20250621-1800,102.9
BE,20250621-1200,9.5
RO,20250621-2300,72.31
RO,20250621-0600,9.5
RO,20250621-0700,5.62
RO,20250621-2200,96.97
RO,20250621-1500,72.31
RO,20250621-1700,115.68
RO,20250621-1000,5.0
RO,20250621-0800,5.1
RO,20250621-1900,116.36
RO,20250621-0900,5.0
RO,20250621-2100,96.97
RO,20250621-0200,72.31
RO,20250621-0300,72.31
RO,20250621-1400,9.5
RO,20250621-1600,96.97
RO,20250621-0400,72.31
RO,20250621-2000,96.97
RO,20250621-1100,5.0
RO,20250621-0000,72.31
RO,20250621-1300,5.1
RO,20250621-0500,62.07
RO,20250621-0100,72.31
RO,20250621-1800,116.36
RO,20250621-1200,5.0
DK2,20250621-2300,96.97
DK2,20250621-0600,69.13
DK2,20250621-0700,54.39
DK2,20250621-2200,96.97
DK2,20250621-1500,62.07
DK2,20250621-1700,96.97
DK2,20250621-1000,1.42
DK2,20250621-0800,35.88
DK2,20250621-1900,99.91
DK2,20250621-0900,5.62
DK2,20250621-2100,96.97
DK2,20250621-0200,96.97
DK2,20250621-0300,96.97
DK2,20250621-1400,10.52
DK2,20250621-1600,94.87
DK2,20250621-0400,94.87
DK2,20250621-2000,96.97
DK2,20250621-1100,1.42
DK2,20250621-0000,96.97
DK2,20250621-1300,1.43
DK2,20250621-0500,94.87
DK2,20250621-0100,96.97
DK2,20250621-1800,96.97
DK2,20250621-1200,1.42
BG,20250621-2300,72.31
BG,20250621-0600,9.5
BG,20250621-0700,5.62
BG,20250621-2200,96.97
BG,20250621-1500,72.31
BG,20250621-1700,115.68
BG,20250621-1000,5.0
BG,20250621-0800,5.1
BG,20250621-1900,116.36
BG,20250621-0900,5.0
BG,20250621-2100,96.97
BG,20250621-0200,72.31
BG,20250621-0300,72.31
BG,20250621-1400,9.5
BG,20250621-1600,96.97
BG,20250621-0400,72.31
BG,20250621-2000,96.97
BG,20250621-1100,5.0
BG,20250621-0000,72.31
BG,20250621-1300,5.1
BG,20250621-0500,62.07
BG,20250621-0100,72.31
BG,20250621-1800,116.36
BG,20250621-1200,5.0
IT-CSOUTH,20250621-2300,116.36
IT-CSOUTH,20250621-0600,116.36
IT-CSOUTH,20250621-0700,116.36
IT-CSOUTH,20250621-2200,116.36
IT-CSOUTH,20250621-1500,116.36
IT-CSOUTH,20250621-1700,116.36
IT-CSOUTH,20250621-1000,99.95
IT-CSOUTH,20250621-0800,116.36
IT-CSOUTH,20250621-1900,116.36
IT-CSOUTH,20250621-0900,115.78
IT-CSOUTH,20250621-2100,116.36
IT-CSOUTH,20250621-0200,116.36
IT-CSOUTH,20250621-0300,116.36
IT-CSOUTH,20250621-1400,116.36
IT-CSOUTH,20250621-1600,116.36
IT-CSOUTH,20250621-0400,116.36
IT-CSOUTH,20250621-2000,116.36
IT-CSOUTH,20250621-1100,92.45
IT-CSOUTH,20250621-0000,116.36
IT-CSOUTH,20250621-1300,108.68
IT-CSOUTH,20250621-0500,116.36
IT-CSOUTH,20250621-0100,116.36
IT-CSOUTH,20250621-1800,116.36
IT-CSOUTH,20250621-1200,95.88
CZ,20250621-2300,62.07
CZ,20250621-0600,12.86
CZ,20250621-0700,10.6
CZ,20250621-2200,75.34
CZ,20250621-1500,62.07
CZ,20250621-1700,96.97
CZ,20250621-1000,5.62
CZ,20250621-0800,9.5
CZ,20250621-1900,94.87
CZ,20250621-0900,5.62
CZ,20250621-2100,96.97
CZ,20250621-0200,94.87
CZ,20250621-0300,75.34
CZ,20250621-1400,10.52
CZ,20250621-1600,94.87
CZ,20250621-0400,72.31
CZ,20250621-2000,96.97
CZ,20250621-1100,9.5
CZ,20250621-0000,96.97
CZ,20250621-1300,5.62
CZ,20250621-0500,57.0
CZ,20250621-0100,94.87
CZ,20250621-1800,96.97
CZ,20250621-1200,5.62
NO3,20250621-2300,85.38
NO3,20250621-0600,70.62
NO3,20250621-0700,66.54
NO3,20250621-2200,85.38
NO3,20250621-1500,47.02
NO3,20250621-1700,87.27
NO3,20250621-1000,29.48
NO3,20250621-0800,61.5
NO3,20250621-1900,87.27
NO3,20250621-0900,30.46
NO3,20250621-2100,85.38
NO3,20250621-0200,85.38
NO3,20250621-0300,85.38
NO3,20250621-1400,20.96
NO3,20250621-1600,85.38
NO3,20250621-0400,85.38
NO3,20250621-2000,87.27
NO3,20250621-1100,19.28
NO3,20250621-0000,85.38
NO3,20250621-1300,12.98
NO3,20250621-0500,85.38
NO3,20250621-0100,85.38
NO3,20250621-1800,87.27
NO3,20250621-1200,14.92
NO1,20250621-2300,94.87
NO1,20250621-0600,87.23
NO1,20250621-0700,82.18
NO1,20250621-2200,94.87
NO1,20250621-1500,58.08
NO1,20250621-1700,96.97
NO1,20250621-1000,36.42
NO1,20250621-0800,75.96
NO1,20250621-1900,96.97
NO1,20250621-0900,37.62
NO1,20250621-2100,94.87
NO1,20250621-0200,94.87
NO1,20250621-0300,94.87
NO1,20250621-1400,25.88
NO1,20250621-1600,102.07
NO1,20250621-0400,102.07
NO1,20250621-2000,96.97
NO1,20250621-1100,23.82
NO1,20250621-0000,94.87
NO1,20250621-1300,16.04
NO1,20250621-0500,102.07
NO1,20250621-0100,94.87
NO1,20250621-1800,96.97
NO1,20250621-1200,18.43
DE_LU,20250621-2300,96.97
DE_LU,20250621-0600,69.13
DE_LU,20250621-0700,54.39
DE_LU,20250621-2200,96.97
DE_LU,20250621-1500,62.07
DE_LU,20250621-1700,96.97
DE_LU,20250621-1000,4.99
DE_LU,20250621-0800,35.88
DE_LU,20250621-1900,99.91
DE_LU,20250621-0900,5.62
DE_LU,20250621-2100,96.97
DE_LU,20250621-0200,96.97
DE_LU,20250621-0300,96.97
DE_LU,20250621-1400,10.52
DE_LU,20250621-1600,94.87
DE_LU,20250621-0400,94.87
DE_LU,20250621-2000,96.97
DE_LU,20250621-1100,2.85
DE_LU,20250621-0000,96.97
DE_LU,20250621-1300,5.1
DE_LU,20250621-0500,94.87
DE_LU,20250621-0100,96.97
DE_LU,20250621-1800,96.97
DE_LU,20250621-1200,3.15
SK,20250621-2300,85.38
SK,20250621-0600,20.0
SK,20250621-0700,13.81
SK,20250621-2200,85.38
SK,20250621-1500,47.02
SK,20250621-1700,87.27
SK,20250621-1000,29.48
SK,20250621-0800,16.58
SK,20250621-1900,87.27
SK,20250621-0900,16.01
SK,20250621-2100,85.38
SK,20250621-0200,85.38
SK,20250621-0300,85.38
SK,20250621-1400,20.96
SK,20250621-1600,85.38
SK,20250621-0400,85.38
SK,20250621-2000,87.27
SK,20250621-1100,19.28
SK,20250621-0000,85.38
SK,20250621-1300,12.98
SK,20250621-0500,85.38
SK,20250621-0100,85.38
SK,20250621-1800,87.27
SK,20250621-1200,14.92
EE,20250621-2300,5.1
EE,20250621-0600,9.5
EE,20250621-0700,5.1
EE,20250621-2200,5.0
EE,20250621-1500,9.5
EE,20250621-1700,39.66
EE,20250621-1000,15.6
EE,20250621-0800,4.8
EE,20250621-1900,67.32
EE,20250621-0900,9.5
EE,20250621-2100,39.66
EE,20250621-0200,39.66
EE,20250621-0300,9.5
EE,20250621-1400,9.5
EE,20250621-1600,23.75
EE,20250621-0400,9.5
EE,20250621-2000,62.07
EE,20250621-1100,14.98
EE,20250621-0000,30.0
EE,20250621-1300,9.5
EE,20250621-0500,9.5
EE,20250621-0100,39.66
EE,20250621-1800,62.07
EE,20250621-1200,9.5
SE4,20250621-2300,66.02
SE4,20250621-0600,9.5
SE4,20250621-0700,5.1
SE4,20250621-2200,66.02
SE4,20250621-1500,9.5
SE4,20250621-1700,67.18
SE4,20250621-1000,1.42
SE4,20250621-0800,4.8
SE4,20250621-1900,67.32
SE4,20250621-0900,3.99
SE4,20250621-2100,66.02
SE4,20250621-0200,66.97
SE4,20250621-0300,66.97
SE4,20250621-1400,5.62
SE4,20250621-1600,66.0
SE4,20250621-0400,66.05
SE4,20250621-2000,67.46
SE4,20250621-1100,1.42
SE4,20250621-0000,66.97
SE4,20250621-1300,1.43
SE4,20250621-0500,66.02
SE4,20250621-0100,66.97
SE4,20250621-1800,67.65
SE4,20250621-1200,1.42
SI,20250916-0700,87.48
SI,20250916-1200,99.73
SI,20250916-0000,10.5
SI,20250916-0600,99.73
SI,20250916-1100,99.73
SI,20250916-1500,99.73
SI,20250916-2100,9.5
SI,20250916-1900,99.73
SI,20250916-1400,99.73
SI,20250916-1800,99.73
SI,20250916-0900,99.73
SI,20250916-2200,9.5
SI,20250916-2300,9.5
SI,20250916-0400,99.73
SI,20250916-0100,9.5
SI,20250916-0500,99.73
SI,20250916-1600,99.73
SI,20250916-0200,83.11
SI,20250916-1000,99.73
SI,20250916-0800,99.73
SI,20250916-2000,87.48
SI,20250916-0300,84.87
SI,20250916-1700,99.73
SI,20250916-1300,99.73
ES,20250916-0700,83.11
ES,20250916-1200,24.67
ES,20250916-0000,83.11
ES,20250916-0600,109.88
ES,20250916-1100,24.67
ES,20250916-1500,24.77
ES,20250916-2100,134.49
ES,20250916-1900,262.75
ES,20250916-1400,12.99
ES,20250916-1800,250.0
ES,20250916-0900,31.46
ES,20250916-2200,124.73
ES,20250916-2300,101.8
ES,20250916-0400,83.11
ES,20250916-0100,83.11
ES,20250916-0500,99.52
ES,20250916-1600,47.48
ES,20250916-0200,83.11
ES,20250916-1000,23.75
ES,20250916-0800,39.5
ES,20250916-2000,144.13
ES,20250916-0300,83.11
ES,20250916-1700,83.11
ES,20250916-1300,24.67
GR,20250916-0700,4.37
GR,20250916-1200,1.0
GR,20250916-0000,83.11
GR,20250916-0600,47.48
GR,20250916-1100,1.0
GR,20250916-1500,111.12
GR,20250916-2100,104.45
GR,20250916-1900,133.91
GR,20250916-1400,47.48
GR,20250916-1800,170.06
GR,20250916-0900,1.0
GR,20250916-2200,101.79
GR,20250916-2300,92.5
GR,20250916-0400,83.11
GR,20250916-0100,83.11
GR,20250916-0500,83.11
GR,20250916-1600,147.78
GR,20250916-0200,83.11
GR,20250916-1000,1.0
GR,20250916-0800,1.0
GR,20250916-2000,111.12
GR,20250916-0300,84.87
GR,20250916-1700,180.1
GR,20250916-1300,1.0
IT-CNORTH,20250916-0700,99.73
IT-CNORTH,20250916-1200,99.73
IT-CNORTH,20250916-0000,99.73
IT-CNORTH,20250916-0600,99.73
IT-CNORTH,20250916-1100,99.73
IT-CNORTH,20250916-1500,99.73
IT-CNORTH,20250916-2100,99.73
IT-CNORTH,20250916-1900,99.73
IT-CNORTH,20250916-1400,99.73
IT-CNORTH,20250916-1800,99.73
IT-CNORTH,20250916-0900,99.73
IT-CNORTH,20250916-2200,99.73
IT-CNORTH,20250916-2300,99.73
IT-CNORTH,20250916-0400,99.73
IT-CNORTH,20250916-0100,99.73
IT-CNORTH,20250916-0500,99.73
IT-CNORTH,20250916-1600,99.73
IT-CNORTH,20250916-0200,99.73
IT-CNORTH,20250916-1000,99.73
IT-CNORTH,20250916-0800,99.73
IT-CNORTH,20250916-2000,99.73
IT-CNORTH,20250916-0300,99.73
IT-CNORTH,20250916-1700,99.73
IT-CNORTH,20250916-1300,99.73
HU,20250916-0700,111.12
HU,20250916-1200,111.12
HU,20250916-0000,83.11
HU,20250916-0600,111.12
HU,20250916-1100,111.12
HU,20250916-1500,111.12
HU,20250916-2100,104.45
HU,20250916-1900,133.91
HU,20250916-1400,116.17
HU,20250916-1800,170.06
HU,20250916-0900,111.12
HU,20250916-2200,83.11
HU,20250916-2300,83.11
HU,20250916-0400,111.12
HU,20250916-0100,83.11
HU,20250916-0500,120.26
HU,20250916-1600,147.78
HU,20250916-0200,83.11
HU,20250916-1000,111.12
HU,20250916-0800,111.12
HU,20250916-2000,111.12
HU,20250916-0300,84.87
HU,20250916-1700,180.1
HU,20250916-1300,111.12
IT-SOUTH,20250916-0700,99.73
IT-SOUTH,20250916-1200,99.73
IT-SOUTH,20250916-0000,99.73
IT-SOUTH,20250916-0600,99.73
IT-SOUTH,20250916-1100,99.73
IT-SOUTH,20250916-1500,99.73
IT-SOUTH,20250916-2100,99.73
IT-SOUTH,20250916-1900,99.73
IT-SOUTH,20250916-1400,99.73
IT-SOUTH,20250916-1800,99.73
IT-SOUTH,20250916-0900,99.73
IT-SOUTH,20250916-2200,99.73
IT-SOUTH,20250916-2300,99.73
IT-SOUTH,20250916-0400,99.73
IT-SOUTH,20250916-0100,99.73
IT-SOUTH,20250916-0500,99.73
IT-SOUTH,20250916-1600,99.73
IT-SOUTH,20250916-0200,99.73
IT-SOUTH,20250916-1000,99.73
IT-SOUTH,20250916-0800,99.73
IT-SOUTH,20250916-2000,99.73
IT-SOUTH,20250916-0300,99.73
IT-SOUTH,20250916-1700,99.73
IT-SOUTH,20250916-1300,99.73
IT-Sicily,20250916-0700,99.73
IT-Sicily,20250916-1200,99.73
IT-Sicily,20250916-0000,119.95
IT-Sicily,20250916-0600,99.73
IT-Sicily,20250916-1100,99.73
IT-Sicily,20250916-1500,99.73
IT-Sicily,20250916-2100,135.21
IT-Sicily,20250916-1900,195.39
IT-Sicily,20250916-1400,99.73
IT-Sicily,20250916-1800,245.85
IT-Sicily,20250916-0900,99.73
IT-Sicily,20250916-2200,120.34
IT-Sicily,20250916-2300,99.73
IT-Sicily,20250916-0400,123.74
IT-Sicily,20250916-0100,99.73
IT-Sicily,20250916-0500,127.89
IT-Sicily,20250916-1600,141.03
IT-Sicily,20250916-0200,99.73
IT-Sicily,20250916-1000,99.73
IT-Sicily,20250916-0800,99.73
IT-Sicily,20250916-2000,156.97
IT-Sicily,20250916-0300,120.21
IT-Sicily,20250916-1700,227.62
IT-Sicily,20250916-1300,99.73
IT-Sardinia,20250916-0700,99.73
IT-Sardinia,20250916-1200,99.73
IT-Sardinia,20250916-0000,99.73
IT-Sardinia,20250916-0600,99.73
IT-Sardinia,20250916-1100,99.73
IT-Sardinia,20250916-1500,99.73
IT-Sardinia,20250916-2100,99.73
IT-Sardinia,20250916-1900,99.73
IT-Sardinia,20250916-1400,99.73
IT-Sardinia,20250916-1800,99.73
IT-Sardinia,20250916-0900,99.73
IT-Sardinia,20250916-2200,99.73
IT-Sardinia,20250916-2300,99.73
IT-Sardinia,20250916-0400,99.73
IT-Sardinia,20250916-0100,99.73
IT-Sardinia,20250916-0500,99.73
IT-Sardinia,20250916-1600,99.73
IT-Sardinia,20250916-0200,99.73
IT-Sardinia,20250916-1000,99.73
IT-Sardinia,20250916-0800,99.73
IT-Sardinia,20250916-2000,99.73
IT-Sardinia,20250916-0300,99.73
IT-Sardinia,20250916-1700,99.73
IT-Sardinia,20250916-1300,99.73
RS,20250916-0700,111.12
RS,20250916-1200,111.12
RS,20250916-0000,83.11
RS,20250916-0600,111.12
RS,20250916-1100,111.12
RS,20250916-1500,111.12
RS,20250916-2100,104.45
RS,20250916-1900,133.91
RS,20250916-1400,116.17
RS,20250916-1800,170.06
RS,20250916-0900,111.12
RS,20250916-2200,101.79
RS,20250916-2300,92.5
RS,20250916-0400,111.12
RS,20250916-0100,83.11
RS,20250916-0500,120.26
RS,20250916-1600,147.78
RS,20250916-0200,83.11
RS,20250916-1000,111.12
RS,20250916-0800,111.12
RS,20250916-2000,111.12
RS,20250916-0300,84.87
RS,20250916-1700,180.1
RS,20250916-1300,111.12
DK1,20250916-0700,2.0
DK1,20250916-1200,1.0
DK1,20250916-0000,1.0
DK1,20250916-0600,4.37
DK1,20250916-1100,1.0
DK1,20250916-1500,4.37
DK1,20250916-2100,1.0
DK1,20250916-1900,1.0
DK1,20250916-1400,1.0
DK1,20250916-1800,1.0
DK1,20250916-0900,1.0
DK1,20250916-2200,1.0
DK1,20250916-2300,1.0
DK1,20250916-0400,1.0
DK1,20250916-0100,1.0
DK1,20250916-0500,4.37
DK1,20250916-1600,1.0
DK1,20250916-0200,1.0
DK1,20250916-1000,1.0
DK1,20250916-0800,2.0
DK1,20250916-2000,1.0
DK1,20250916-0300,1.0
DK1,20250916-1700,1.0
DK1,20250916-1300,1.0
CH,20250916-0700,83.11
CH,20250916-1200,35.99
CH,20250916-0000,35.86
CH,20250916-0600,66.88
CH,20250916-1100,35.93
CH,20250916-1500,39.79
CH,20250916-2100,80.8
CH,20250916-1900,87.48
CH,20250916-1400,35.99
CH,20250916-1800,99.73
CH,20250916-0900,39.54
CH,20250916-2200,60.8
CH,20250916-2300,57.0
CH,20250916-0400,62.15
CH,20250916-0100,35.86
CH,20250916-0500,62.15
CH,20250916-1600,66.92
CH,20250916-0200,35.86
CH,20250916-1000,36.0
CH,20250916-0800,56.47
CH,20250916-2000,84.59
CH,20250916-0300,36.42
CH,20250916-1700,83.11
CH,20250916-1300,35.86
SE1,20250916-0700,25.93
SE1,20250916-1200,31.12
SE1,20250916-0000,19.45
SE1,20250916-0600,25.52
SE1,20250916-1100,30.27
SE1,20250916-1500,30.93
SE1,20250916-2100,34.92
SE1,20250916-1900,35.66
SE1,20250916-1400,30.49
SE1,20250916-1800,33.79
SE1,20250916-0900,25.82
SE1,20250916-2200,32.38
SE1,20250916-2300,33.13
SE1,20250916-0400,20.94
SE1,20250916-0100,20.67
SE1,20250916-0500,24.01
SE1,20250916-1600,32.83
SE1,20250916-0200,20.39
SE1,20250916-1000,27.75
SE1,20250916-0800,26.14
SE1,20250916-2000,35.21
SE1,20250916-0300,20.4
SE1,20250916-1700,32.06
SE1,20250916-1300,30.34
NO4,20250916-0700,29.99
NO4,20250916-1200,31.66
NO4,20250916-0000,18.97
NO4,20250916-0600,27.23
NO4,20250916-1100,30.34
NO4,20250916-1500,32.8
NO4,20250916-2100,29.4
NO4,20250916-1900,31.87
NO4,20250916-1400,33.68
NO4,20250916-1800,32.56
NO4,20250916-0900,30.3
NO4,20250916-2200,22.72
NO4,20250916-2300,23.44
NO4,20250916-0400,21.97
NO4,20250916-0100,18.41
NO4,20250916-0500,25.2
NO4,20250916-1600,32.11
NO4,20250916-0200,18.37
NO4,20250916-1000,30.02
NO4,20250916-0800,30.72
NO4,20250916-2000,30.09
NO4,20250916-0300,19.16
NO4,20250916-1700,32.13
NO4,20250916-1300,32.7
SE3,20250916-0700,2.0
SE3,20250916-1200,5.0
SE3,20250916-0000,1.0
SE3,20250916-0600,1.25
SE3,20250916-1100,5.0
SE3,20250916-1500,4.37
SE3,20250916-2100,1.0
SE3,20250916-1900,1.0
SE3,20250916-1400,2.0
SE3,20250916-1800,1.0
SE3,20250916-0900,2.0
SE3,20250916-2200,1.0
SE3,20250916-2300,1.0
SE3,20250916-0400,1.0
SE3,20250916-0100,1.0
SE3,20250916-0500,3.75
SE3,20250916-1600,2.0
SE3,20250916-0200,1.0
SE3,20250916-1000,2.0
SE3,20250916-0800,2.0
SE3,20250916-2000,1.0
SE3,20250916-0300,1.0
SE3,20250916-1700,2.0
SE3,20250916-1300,5.0
FR,20250916-0700,60.89
FR,20250916-1200,24.67
FR,20250916-0000,35.86
FR,20250916-0600,62.13
FR,20250916-1100,24.67
FR,20250916-1500,24.77
FR,20250916-2100,80.8
FR,20250916-1900,87.48
FR,20250916-1400,12.99
FR,20250916-1800,99.73
FR,20250916-0900,31.46
FR,20250916-2200,60.8
FR,20250916-2300,47.48
FR,20250916-0400,39.6
FR,20250916-0100,35.86
FR,20250916-0500,52.96
FR,20250916-1600,35.34
FR,20250916-0200,31.25
FR,20250916-1000,23.75
FR,20250916-0800,39.5
FR,20250916-2000,84.59
FR,20250916-0300,36.42
FR,20250916-1700,83.11
FR,20250916-1300,24.67
FI,20250916-0700,5.0
FI,20250916-1200,5.0
FI,20250916-0000,3.15
FI,20250916-0600,5.0
FI,20250916-1100,5.0
FI,20250916-1500,5.0
FI,20250916-2100,5.0
FI,20250916-1900,7.06
FI,20250916-1400,6.57
FI,20250916-1800,7.2
FI,20250916-0900,5.0
FI,20250916-2200,5.0
FI,20250916-2300,6.62
FI,20250916-0400,3.76
FI,20250916-0100,3.15
FI,20250916-0500,4.37
FI,20250916-1600,5.0
FI,20250916-0200,3.15
FI,20250916-1000,5.0
FI,20250916-0800,5.0
FI,20250916-2000,5.0
FI,20250916-0300,3.15
FI,20250916-1700,5.0
FI,20250916-1300,5.0
PL,20250916-0700,98.06
PL,20250916-1200,98.06
PL,20250916-0000,98.06
PL,20250916-0600,98.06
PL,20250916-1100,98.06
PL,20250916-1500,98.06
PL,20250916-2100,98.06
PL,20250916-1900,98.06
PL,20250916-1400,98.06
PL,20250916-1800,111.12
PL,20250916-0900,98.06
PL,20250916-2200,98.06
PL,20250916-2300,98.06
PL,20250916-0400,98.06
PL,20250916-0100,98.06
PL,20250916-0500,98.06
PL,20250916-1600,105.75
PL,20250916-0200,98.06
PL,20250916-1000,98.06
PL,20250916-0800,98.06
PL,20250916-2000,98.06
PL,20250916-0300,98.06
PL,20250916-1700,111.12
PL,20250916-1300,98.06
IT-Calabria,20250916-0700,99.73
IT-Calabria,20250916-1200,99.73
IT-Calabria,20250916-0000,99.73
IT-Calabria,20250916-0600,99.73
IT-Calabria,20250916-1100,99.73
IT-Calabria,20250916-1500,75.81
IT-Calabria,20250916-2100,99.73
IT-Calabria,20250916-1900,99.73
IT-Calabria,20250916-1400,99.73
IT-Calabria,20250916-1800,99.73
IT-Calabria,20250916-0900,99.73
IT-Calabria,20250916-2200,99.73
IT-Calabria,20250916-2300,99.73
IT-Calabria,20250916-0400,99.73
IT-Calabria,20250916-0100,99.73
IT-Calabria,20250916-0500,99.73
IT-Calabria,20250916-1600,99.73
IT-Calabria,20250916-0200,99.73
IT-Calabria,20250916-1000,99.73
IT-Calabria,20250916-0800,99.73
IT-Calabria,20250916-2000,99.73
IT-Calabria,20250916-0300,99.73
IT-Calabria,20250916-1700,99.73
IT-Calabria,20250916-1300,99.73
AT,20250916-0700,83.11
AT,20250916-1200,35.99
AT,20250916-0000,35.86
AT,20250916-0600,66.88
AT,20250916-1100,37.32
AT,20250916-1500,37.34
AT,20250916-2100,80.8
AT,20250916-1900,87.48
AT,20250916-1400,35.99
AT,20250916-1800,99.73
AT,20250916-0900,39.54
AT,20250916-2200,60.8
AT,20250916-2300,57.0
AT,20250916-0400,62.15
AT,20250916-0100,35.86
AT,20250916-0500,62.15
AT,20250916-1600,66.92
AT,20250916-0200,35.86
AT,20250916-1000,37.32
AT,20250916-0800,56.47
AT,20250916-2000,84.59
AT,20250916-0300,36.42
AT,20250916-1700,87.48
AT,20250916-1300,35.86
SE2,20250916-0700,33.35
SE2,20250916-1200,36.72
SE2,20250916-0000,19.45
SE2,20250916-0600,32.85
SE2,20250916-1100,36.23
SE2,20250916-1500,39.05
SE2,20250916-2100,34.92
SE2,20250916-1900,41.8
SE2,20250916-1400,37.45
SE2,20250916-1800,42.46
SE2,20250916-0900,34.85
SE2,20250916-2200,32.38
SE2,20250916-2300,33.13
SE2,20250916-0400,20.94
SE2,20250916-0100,20.67
SE2,20250916-0500,30.88
SE2,20250916-1600,39.33
SE2,20250916-0200,20.39
SE2,20250916-1000,34.57
SE2,20250916-0800,35.46
SE2,20250916-2000,41.8
SE2,20250916-0300,20.4
SE2,20250916-1700,41.26
SE2,20250916-1300,36.5
IT-NORTH,20250916-0700,99.73
IT-NORTH,20250916-1200,99.73
IT-NORTH,20250916-0000,99.73
IT-NORTH,20250916-0600,99.73
IT-NORTH,20250916-1100,99.73
IT-NORTH,20250916-1500,99.73
IT-NORTH,20250916-2100,99.73
IT-NORTH,20250916-1900,99.73
IT-NORTH,20250916-1400,99.73
IT-NORTH,20250916-1800,99.73
IT-NORTH,20250916-0900,99.73
IT-NORTH,20250916-2200,99.73
IT-NORTH,20250916-2300,99.73
IT-NORTH,20250916-0400,99.73
IT-NORTH,20250916-0100,99.73
IT-NORTH,20250916-0500,99.73
IT-NORTH,20250916-1600,99.73
IT-NORTH,20250916-0200,99.73
IT-NORTH,20250916-1000,99.73
IT-NORTH,20250916-0800,99.73
IT-NORTH,20250916-2000,99.73
IT-NORTH,20250916-0300,99.73
IT-NORTH,20250916-1700,99.73
IT-NORTH,20250916-1300,99.73
LT,20250916-0700,75.34
LT,20250916-1200,39.66
LT,20250916-0000,7.17
LT,20250916-0600,75.34
LT,20250916-1100,39.66
LT,20250916-1500,75.34
LT,20250916-2100,8.45
LT,20250916-1900,26.9
LT,20250916-1400,75.34
LT,20250916-1800,51.82
LT,20250916-0900,7.34
LT,20250916-2200,20.55
LT,20250916-2300,8.5
LT,20250916-0400,75.34
LT,20250916-0100,39.66
LT,20250916-0500,83.11
LT,20250916-1600,83.11
LT,20250916-0200,47.48
LT,20250916-1000,7.34
LT,20250916-0800,47.48
LT,20250916-2000,24.25
LT,20250916-0300,47.48
LT,20250916-1700,75.34
LT,20250916-1300,47.48
PT,20250916-0700,83.11
PT,20250916-1200,47.48
PT,20250916-0000,83.11
PT,20250916-0600,109.88
PT,20250916-1100,47.48
PT,20250916-1500,83.11
PT,20250916-2100,134.49
PT,20250916-1900,262.75
PT,20250916-1400,57.0
PT,20250916-1800,250.0
PT,20250916-0900,47.48
PT,20250916-2200,124.73
PT,20250916-2300,101.8
PT,20250916-0400,83.11
PT,20250916-0100,83.11
PT,20250916-0500,99.52
PT,20250916-1600,47.48
PT,20250916-0200,83.11
PT,20250916-1000,47.48
PT,20250916-0800,57.0
PT,20250916-2000,144.13
PT,20250916-0300,83.11
PT,20250916-1700,83.11
PT,20250916-1300,57.0
NO2,20250916-0700,87.48
NO2,20250916-1200,52.5
NO2,20250916-0000,44.04
NO2,20250916-0600,87.48
NO2,20250916-1100,52.5
NO2,20250916-1500,87.48
NO2,20250916-2100,87.48
NO2,20250916-1900,87.48
NO2,20250916-1400,63.02
NO2,20250916-1800,87.48
NO2,20250916-0900,52.5
NO2,20250916-2200,87.48
NO2,20250916-2300,87.48
NO2,20250916-0400,52.5
NO2,20250916-0100,44.54
NO2,20250916-0500,87.48
NO2,20250916-1600,87.48
NO2,20250916-0200,44.64
NO2,20250916-1000,52.5
NO2,20250916-0800,52.5
NO2,20250916-2000,87.48
NO2,20250916-0300,45.2
NO2,20250916-1700,87.48
NO2,20250916-1300,39.25
LV,20250916-0700,75.34
LV,20250916-1200,39.66
LV,20250916-0000,7.17
LV,20250916-0600,75.34
LV,20250916-1100,39.66
LV,20250916-1500,75.34
LV,20250916-2100,8.45
LV,20250916-1900,26.9
LV,20250916-1400,75.34
LV,20250916-1800,51.82
LV,20250916-0900,7.34
LV,20250916-2200,20.55
LV,20250916-2300,8.5
LV,20250916-0400,75.34
LV,20250916-0100,39.66
LV,20250916-0500,83.11
LV,20250916-1600,83.11
LV,20250916-0200,47.48
LV,20250916-1000,7.34
LV,20250916-0800,47.48
LV,20250916-2000,24.25
LV,20250916-0300,47.48
LV,20250916-1700,75.34
LV,20250916-1300,47.48
NL,20250916-0700,83.11
NL,20250916-1200,47.48
NL,20250916-0000,44.04
NL,20250916-0600,83.11
NL,20250916-1100,47.48
NL,20250916-1500,83.11
NL,20250916-2100,83.11
NL,20250916-1900,83.11
NL,20250916-1400,63.02
NL,20250916-1800,98.06
NL,20250916-0900,47.48
NL,20250916-2200,83.11
NL,20250916-2300,83.11
NL,20250916-0400,52.5
NL,20250916-0100,44.54
NL,20250916-0500,83.11
NL,20250916-1600,83.11
NL,20250916-0200,44.64
NL,20250916-1000,52.5
NL,20250916-0800,52.5
NL,20250916-2000,83.11
NL,20250916-0300,45.2
NL,20250916-1700,83.11
NL,20250916-1300,39.25
NO5,20250916-0700,39.46
NO5,20250916-1200,22.74
NO5,20250916-0000,19.15
NO5,20250916-0600,39.58
NO5,20250916-1100,22.74
NO5,20250916-1500,41.04
NO5,20250916-2100,74.56
NO5,20250916-1900,77.98
NO5,20250916-1400,27.21
NO5,20250916-1800,87.48
NO5,20250916-0900,22.74
NO5,20250916-2200,65.73
NO5,20250916-2300,65.73
NO5,20250916-0400,22.74
NO5,20250916-0100,19.37
NO5,20250916-0500,40.75
NO5,20250916-1600,65.73
NO5,20250916-0200,19.41
NO5,20250916-1000,22.74
NO5,20250916-0800,22.74
NO5,20250916-2000,77.98
NO5,20250916-0300,19.65
NO5,20250916-1700,77.98
NO5,20250916-1300,17.12
BE,20250916-0700,37.85
BE,20250916-1200,4.37
BE,20250916-0000,18.37
BE,20250916-0600,37.96
BE,20250916-1100,4.37
BE,20250916-1500,39.37
BE,20250916-2100,71.52
BE,20250916-1900,83.11
BE,20250916-1400,26.1
BE,20250916-1800,86.02
BE,20250916-0900,12.5
BE,20250916-2200,63.05
BE,20250916-2300,63.05
BE,20250916-0400,21.82
BE,20250916-0100,18.58
BE,20250916-0500,39.09
BE,20250916-1600,63.05
BE,20250916-0200,18.62
BE,20250916-1000,9.5
BE,20250916-0800,21.82
BE,20250916-2000,74.8
BE,20250916-0300,18.85
BE,20250916-1700,83.11
BE,20250916-1300,5.0
RO,20250916-0700,99.1
RO,20250916-1200,85.2
RO,20250916-0000,83.11
RO,20250916-0600,111.12
RO,20250916-1100,83.11
RO,20250916-1500,111.12
RO,20250916-2100,104.45
RO,20250916-1900,133.91
RO,20250916-1400,116.17
RO,20250916-1800,170.06
RO,20250916-0900,80.99
RO,20250916-2200,101.79
RO,20250916-2300,92.5
RO,20250916-0400,111.12
RO,20250916-0100,83.11
RO,20250916-0500,120.26
RO,20250916-1600,147.78
RO,20250916-0200,83.11
RO,20250916-1000,77.0
RO,20250916-0800,87.78
RO,20250916-2000,111.12
RO,20250916-0300,84.87
RO,20250916-1700,180.1
RO,20250916-1300,111.12
DK2,20250916-0700,25.71
DK2,20250916-1200,16.39
DK2,20250916-0000,7.17
DK2,20250916-0600,23.75
DK2,20250916-1100,16.39
DK2,20250916-1500,4.37
DK2,20250916-2100,8.45
DK2,20250916-1900,34.31
DK2,20250916-1400,3.0
DK2,20250916-1800,57.0
DK2,20250916-0900,7.34
DK2,20250916-2200,23.75
DK2,20250916-2300,8.5
DK2,20250916-0400,23.75
DK2,20250916-0100,16.39
DK2,20250916-0500,4.37
DK2,20250916-1600,29.33
DK2,20250916-0200,18.43
DK2,20250916-1000,3.0
DK2,20250916-0800,18.43
DK2,20250916-2000,30.0
DK2,20250916-0300,3.0
DK2,20250916-1700,59.1
DK2,20250916-1300,18.43
BG,20250916-0700,99.1
BG,20250916-1200,85.2
BG,20250916-0000,83.11
BG,20250916-0600,111.12
BG,20250916-1100,83.11
BG,20250916-1500,111.12
BG,20250916-2100,104.45
BG,20250916-1900,133.91
BG,20250916-1400,116.17
BG,20250916-1800,170.06
BG,20250916-0900,80.99
BG,20250916-2200,101.79
BG,20250916-2300,92.5
BG,20250916-0400,111.12
BG,20250916-0100,83.11
BG,20250916-0500,120.26
BG,20250916-1600,147.78
BG,20250916-0200,83.11
BG,20250916-1000,77.0
BG,20250916-0800,87.78
BG,20250916-2000,111.12
BG,20250916-0300,84.87
BG,20250916-1700,180.1
BG,20250916-1300,111.12
IT-CSOUTH,20250916-0700,99.73
IT-CSOUTH,20250916-1200,99.73
IT-CSOUTH,20250916-0000,99.73
IT-CSOUTH,20250916-0600,99.73
IT-CSOUTH,20250916-1100,99.73
IT-CSOUTH,20250916-1500,99.73
IT-CSOUTH,20250916-2100,99.73
IT-CSOUTH,20250916-1900,99.73
IT-CSOUTH,20250916-1400,99.73
IT-CSOUTH,20250916-1800,99.73
IT-CSOUTH,20250916-0900,99.73
IT-CSOUTH,20250916-2200,99.73
IT-CSOUTH,20250916-2300,99.73
IT-CSOUTH,20250916-0400,99.73
IT-CSOUTH,20250916-0100,99.73
IT-CSOUTH,20250916-0500,99.73
IT-CSOUTH,20250916-1600,99.73
IT-CSOUTH,20250916-0200,99.73
IT-CSOUTH,20250916-1000,99.73
IT-CSOUTH,20250916-0800,99.73
IT-CSOUTH,20250916-2000,99.73
IT-CSOUTH,20250916-0300,99.73
IT-CSOUTH,20250916-1700,99.73
IT-CSOUTH,20250916-1300,99.73
CZ,20250916-0700,111.12
CZ,20250916-1200,98.06
CZ,20250916-0000,82.89
CZ,20250916-0600,111.12
CZ,20250916-1100,98.06
CZ,20250916-1500,111.12
CZ,20250916-2100,92.12
CZ,20250916-1900,111.12
CZ,20250916-1400,111.12
CZ,20250916-1800,111.12
CZ,20250916-0900,111.12
CZ,20250916-2200,83.11
CZ,20250916-2300,83.11
CZ,20250916-0400,111.12
CZ,20250916-0100,80.45
CZ,20250916-0500,111.12
CZ,20250916-1600,111.12
CZ,20250916-0200,83.11
CZ,20250916-1000,111.12
CZ,20250916-0800,111.12
CZ,20250916-2000,111.12
CZ,20250916-0300,96.49
CZ,20250916-1700,111.12
CZ,20250916-1300,98.06
NO3,20250916-0700,37.85
NO3,20250916-1200,21.82
NO3,20250916-0000,18.37
NO3,20250916-0600,37.96
NO3,20250916-1100,21.82
NO3,20250916-1500,39.37
NO3,20250916-2100,71.52
NO3,20250916-1900,74.8
NO3,20250916-1400,26.1
NO3,20250916-1800,86.02
NO3,20250916-0900,21.82
NO3,20250916-2200,63.05
NO3,20250916-2300,63.05
NO3,20250916-0400,21.82
NO3,20250916-0100,18.58
NO3,20250916-0500,39.09
NO3,20250916-1600,63.05
NO3,20250916-0200,18.62
NO3,20250916-1000,21.82
NO3,20250916-0800,21.82
NO3,20250916-2000,74.8
NO3,20250916-0300,18.85
NO3,20250916-1700,74.8
NO3,20250916-1300,16.42
NO1,20250916-0700,40.49
NO1,20250916-1200,23.34
NO1,20250916-0000,19.66
NO1,20250916-0600,40.61
NO1,20250916-1100,23.34
NO1,20250916-1500,42.12
NO1,20250916-2100,76.51
NO1,20250916-1900,80.02
NO1,20250916-1400,27.92
NO1,20250916-1800,87.48
NO1,20250916-0900,23.34
NO1,20250916-2200,67.45
NO1,20250916-2300,67.45
NO1,20250916-0400,23.34
NO1,20250916-0100,19.87
NO1,20250916-0500,41.82
NO1,20250916-1600,67.45
NO1,20250916-0200,19.92
NO1,20250916-1000,23.34
NO1,20250916-0800,24.24
NO1,20250916-2000,80.02
NO1,20250916-0300,20.16
NO1,20250916-1700,80.02
NO1,20250916-1300,17.57
DE_LU,20250916-0700,1.0
DE_LU,20250916-1200,1.0
DE_LU,20250916-0000,1.0
DE_LU,20250916-0600,4.37
DE_LU,20250916-1100,1.0
DE_LU,20250916-1500,4.37
DE_LU,20250916-2100,80.8
DE_LU,20250916-1900,83.11
DE_LU,20250916-1400,1.0
DE_LU,20250916-1800,98.06
DE_LU,20250916-0900,1.0
DE_LU,20250916-2200,60.8
DE_LU,20250916-2300,57.0
DE_LU,20250916-0400,1.0
DE_LU,20250916-0100,1.0
DE_LU,20250916-0500,4.37
DE_LU,20250916-1600,66.92
DE_LU,20250916-0200,1.0
DE_LU,20250916-1000,1.0
DE_LU,20250916-0800,1.0
DE_LU,20250916-2000,83.11
DE_LU,20250916-0300,1.0
DE_LU,20250916-1700,83.11
DE_LU,20250916-1300,1.0
SK,20250916-0700,37.85
SK,20250916-1200,21.82
SK,20250916-0000,18.37
SK,20250916-0600,37.96
SK,20250916-1100,21.82
SK,20250916-1500,39.37
SK,20250916-2100,71.52
SK,20250916-1900,74.8
SK,20250916-1400,26.1
SK,20250916-1800,86.02
SK,20250916-0900,21.82
SK,20250916-2200,63.05
SK,20250916-2300,63.05
SK,20250916-0400,21.82
SK,20250916-0100,18.58
SK,20250916-0500,39.09
SK,20250916-1600,63.05
SK,20250916-0200,18.62
SK,20250916-1000,21.82
SK,20250916-0800,21.82
SK,20250916-2000,74.8
SK,20250916-0300,18.85
SK,20250916-1700,83.11
SK,20250916-1300,16.42
EE,20250916-0700,75.34
EE,20250916-1200,39.66
EE,20250916-0000,7.17
EE,20250916-0600,75.34
EE,20250916-1100,39.66
EE,20250916-1500,75.34
EE,20250916-2100,8.45
EE,20250916-1900,26.9
EE,20250916-1400,75.34
EE,20250916-1800,51.82
EE,20250916-0900,7.34
EE,20250916-2200,20.55
EE,20250916-2300,8.5
EE,20250916-0400,75.34
EE,20250916-0100,39.66
EE,20250916-0500,75.34
EE,20250916-1600,83.11
EE,20250916-0200,47.48
EE,20250916-1000,7.34
EE,20250916-0800,47.48
EE,20250916-2000,24.25
EE,20250916-0300,47.48
EE,20250916-1700,75.34
EE,20250916-1300,47.48
SE4,20250916-0700,25.71
SE4,20250916-1200,16.39
SE4,20250916-0000,7.17
SE4,20250916-0600,25.71
SE4,20250916-1100,16.39
SE4,20250916-1500,25.71
SE4,20250916-2100,8.45
SE4,20250916-1900,26.9
SE4,20250916-1400,25.71
SE4,20250916-1800,51.82
SE4,20250916-0900,7.34
SE4,20250916-2200,20.55
SE4,20250916-2300,8.5
SE4,20250916-0400,25.71
SE4,20250916-0100,16.39
SE4,20250916-0500,27.74
SE4,20250916-1600,29.33
SE4,20250916-0200,18.43
SE4,20250916-1000,7.34
SE4,20250916-0800,18.43
SE4,20250916-2000,24.25
SE4,20250916-0300,18.43
SE4,20250916-1700,59.1
SE4,20250916-1300,18.43
SI,20251214-1400,93.43
SI,20251214-1800,81.96
SI,20251214-1500,81.96
SI,20251214-1200,93.43
SI,20251214-2000,81.96
SI,20251214-1300,93.43
SI,20251214-0900,93.43
SI,20251214-2100,81.96000000000002
SI,20251214-0700,81.96
SI,20251214-0100,76.23
SI,20251214-1600,93.43
SI,20251214-0400,77.86
SI,20251214-1000,93.43
SI,20251214-1100,93.43
SI,20251214-0500,81.96
SI,20251214-0300,73.26
SI,20251214-1700,81.96
SI,20251214-0000,77.86
SI,20251214-2200,81.95999999999995
SI,20251214-0800,81.96
SI,20251214-0600,81.96
SI,20251214-0200,75.94
SI,20251214-1900,81.96
ES,20251214-1400,39.27
ES,20251214-1800,139.69
ES,20251214-1500,44.93
ES,20251214-1200,39.0
ES,20251214-2000,141.45
ES,20251214-1300,39.04
ES,20251214-0900,53.68
ES,20251214-2100,77.85999999999899
ES,20251214-0700,77.86
ES,20251214-0100,55.65
ES,20251214-1600,77.86
ES,20251214-0400,43.76
ES,20251214-1000,41.96
ES,20251214-1100,41.96
ES,20251214-0500,52.46
ES,20251214-0300,42.59
ES,20251214-1700,91.15
ES,20251214-0000,77.86
ES,20251214-2200,77.85999999999922
ES,20251214-0800,77.86
ES,20251214-0600,57.0
ES,20251214-0200,50.96
ES,20251214-1900,143.42
GR,20251214-1400,93.43
GR,20251214-1800,130.38
GR,20251214-1500,136.82
GR,20251214-1200,41.96
GR,20251214-2000,118.87
GR,20251214-1300,77.86
GR,20251214-0900,4.1
GR,20251214-2100,104.10999999999996
GR,20251214-0700,77.86
GR,20251214-0100,77.86
GR,20251214-1600,143.42
GR,20251214-0400,87.66
GR,20251214-1000,4.1
GR,20251214-1100,41.96
GR,20251214-0500,90.42
GR,20251214-0300,77.86
GR,20251214-1700,137.69
GR,20251214-0000,77.86
GR,20251214-2200,93.42999999999998
GR,20251214-0800,41.96
GR,20251214-0600,91.35
GR,20251214-0200,77.86
GR,20251214-1900,119.52
IT-CNORTH,20251214-1400,93.43
IT-CNORTH,20251214-1800,104.11
IT-CNORTH,20251214-1500,93.43
IT-CNORTH,20251214-1200,93.43
IT-CNORTH,20251214-2000,93.43
IT-CNORTH,20251214-1300,93.43
IT-CNORTH,20251214-0900,93.43
IT-CNORTH,20251214-2100,93.43
IT-CNORTH,20251214-0700,93.43
IT-CNORTH,20251214-0100,89.37
IT-CNORTH,20251214-1600,93.43
IT-CNORTH,20251214-0400,93.43
IT-CNORTH,20251214-1000,93.43
IT-CNORTH,20251214-1100,93.43
IT-CNORTH,20251214-0500,93.43
IT-CNORTH,20251214-0300,87.17
IT-CNORTH,20251214-1700,93.43
IT-CNORTH,20251214-0000,93.43
IT-CNORTH,20251214-2200,93.43
IT-CNORTH,20251214-0800,93.43
IT-CNORTH,20251214-0600,93.43
IT-CNORTH,20251214-0200,87.83
IT-CNORTH,20251214-1900,93.43
HU,20251214-1400,121.71
HU,20251214-1800,130.38
HU,20251214-1500,136.82
HU,20251214-1200,119.52
HU,20251214-2000,118.87
HU,20251214-1300,119.52
HU,20251214-0900,119.52
HU,20251214-2100,104.11000000000001
HU,20251214-0700,114.78
HU,20251214-0100,76.23
HU,20251214-1600,143.42
HU,20251214-0400,77.86
HU,20251214-1000,119.52
HU,20251214-1100,119.52
HU,20251214-0500,87.3
HU,20251214-0300,73.26
HU,20251214-1700,137.69
HU,20251214-0000,77.86
HU,20251214-2200,93.42999999999998
HU,20251214-0800,119.52
HU,20251214-0600,91.35
HU,20251214-0200,77.86
HU,20251214-1900,119.52
IT-SOUTH,20251214-1400,93.43
IT-SOUTH,20251214-1800,93.43
IT-SOUTH,20251214-1500,93.43
IT-SOUTH,20251214-1200,93.43
IT-SOUTH,20251214-2000,93.43
IT-SOUTH,20251214-1300,93.43
IT-SOUTH,20251214-0900,93.43
IT-SOUTH,20251214-2100,93.42999999999998
IT-SOUTH,20251214-0700,93.43
IT-SOUTH,20251214-0100,93.43
IT-SOUTH,20251214-1600,93.43
IT-SOUTH,20251214-0400,93.43
IT-SOUTH,20251214-1000,93.43
IT-SOUTH,20251214-1100,93.43
IT-SOUTH,20251214-0500,93.43
IT-SOUTH,20251214-0300,93.43
IT-SOUTH,20251214-1700,93.43
IT-SOUTH,20251214-0000,93.43
IT-SOUTH,20251214-2200,93.42999999999998
IT-SOUTH,20251214-0800,93.43
IT-SOUTH,20251214-0600,93.43
IT-SOUTH,20251214-0200,93.43
IT-SOUTH,20251214-1900,93.43
IT-Sicily,20251214-1400,93.43
IT-Sicily,20251214-1800,93.43
IT-Sicily,20251214-1500,93.43
IT-Sicily,20251214-1200,93.43
IT-Sicily,20251214-2000,93.43
IT-Sicily,20251214-1300,93.43
IT-Sicily,20251214-0900,93.43
IT-Sicily,20251214-2100,93.42999999999938
IT-Sicily,20251214-0700,93.43
IT-Sicily,20251214-0100,93.43
IT-Sicily,20251214-1600,93.43
IT-Sicily,20251214-0400,93.43
IT-Sicily,20251214-1000,93.43
IT-Sicily,20251214-1100,93.43
IT-Sicily,20251214-0500,93.43
IT-Sicily,20251214-0300,93.43
IT-Sicily,20251214-1700,93.43
IT-Sicily,20251214-0000,93.43
IT-Sicily,20251214-2200,93.42999999999957
IT-Sicily,20251214-0800,93.43
IT-Sicily,20251214-0600,93.43
IT-Sicily,20251214-0200,93.43
IT-Sicily,20251214-1900,93.43
IT-Sardinia,20251214-1400,93.43
IT-Sardinia,20251214-1800,93.43
IT-Sardinia,20251214-1500,93.43
IT-Sardinia,20251214-1200,93.43
IT-Sardinia,20251214-2000,93.43
IT-Sardinia,20251214-1300,93.43
IT-Sardinia,20251214-0900,93.43
IT-Sardinia,20251214-2100,93.43
IT-Sardinia,20251214-0700,93.43
IT-Sardinia,20251214-0100,93.43
IT-Sardinia,20251214-1600,93.43
IT-Sardinia,20251214-0400,93.43
IT-Sardinia,20251214-1000,93.43
IT-Sardinia,20251214-1100,93.43
IT-Sardinia,20251214-0500,93.43
IT-Sardinia,20251214-0300,93.43
IT-Sardinia,20251214-1700,93.43
IT-Sardinia,20251214-0000,93.43
IT-Sardinia,20251214-2200,93.43
IT-Sardinia,20251214-0800,93.43
IT-Sardinia,20251214-0600,93.43
IT-Sardinia,20251214-0200,93.43
IT-Sardinia,20251214-1900,93.43
RS,20251214-1400,121.71
RS,20251214-1800,130.38
RS,20251214-1500,136.82
RS,20251214-1200,119.52
RS,20251214-2000,118.87
RS,20251214-1300,119.52
RS,20251214-0900,119.52
RS,20251214-2100,104.11000000000003
RS,20251214-0700,114.78
RS,20251214-0100,97.69
RS,20251214-1600,143.42
RS,20251214-0400,88.7
RS,20251214-1000,119.52
RS,20251214-1100,119.52
RS,20251214-0500,90.42
RS,20251214-0300,88.74
RS,20251214-1700,137.69
RS,20251214-0000,99.63
RS,20251214-2200,93.42999999999998
RS,20251214-0800,119.52
RS,20251214-0600,91.35
RS,20251214-0200,91.5
RS,20251214-1900,119.52
DK1,20251214-1400,1.0
DK1,20251214-1800,57.0
DK1,20251214-1500,1.0
DK1,20251214-1200,41.89
DK1,20251214-2000,77.86
DK1,20251214-1300,1.0
DK1,20251214-0900,57.0
DK1,20251214-2100,77.85999999999999
DK1,20251214-0700,30.93
DK1,20251214-0100,36.74
DK1,20251214-1600,44.02
DK1,20251214-0400,3.0
DK1,20251214-1000,57.0
DK1,20251214-1100,38.85
DK1,20251214-0500,2.0
DK1,20251214-0300,3.0
DK1,20251214-1700,57.0
DK1,20251214-0000,57.0
DK1,20251214-2200,77.86000000000017
DK1,20251214-0800,57.0
DK1,20251214-0600,26.62
DK1,20251214-0200,33.83
DK1,20251214-1900,57.0
CH,20251214-1400,93.43
CH,20251214-1800,104.11
CH,20251214-1500,93.43
CH,20251214-1200,93.43
CH,20251214-2000,93.43
CH,20251214-1300,93.43
CH,20251214-0900,93.43
CH,20251214-2100,87.14000000000003
CH,20251214-0700,93.43
CH,20251214-0100,89.37
CH,20251214-1600,93.43
CH,20251214-0400,83.28
CH,20251214-1000,93.43
CH,20251214-1100,93.43
CH,20251214-0500,87.1
CH,20251214-0300,87.17
CH,20251214-1700,93.43
CH,20251214-0000,93.43
CH,20251214-2200,81.96000000000002
CH,20251214-0800,93.43
CH,20251214-0600,93.43
CH,20251214-0200,87.83
CH,20251214-1900,93.43
SE1,20251214-1400,23.02
SE1,20251214-1800,29.06
SE1,20251214-1500,23.02
SE1,20251214-1200,1.0
SE1,20251214-2000,25.75
SE1,20251214-1300,1.0
SE1,20251214-0900,1.0
SE1,20251214-2100,22.17999999999938
SE1,20251214-0700,1.0
SE1,20251214-0100,26.57
SE1,20251214-1600,23.02
SE1,20251214-0400,1.0
SE1,20251214-1000,1.0
SE1,20251214-1100,1.0
SE1,20251214-0500,1.0
SE1,20251214-0300,24.91
SE1,20251214-1700,25.42
SE1,20251214-0000,26.15
SE1,20251214-2200,22.17999999999938
SE1,20251214-0800,1.0
SE1,20251214-0600,1.0
SE1,20251214-0200,26.7
SE1,20251214-1900,28.66
NO4,20251214-1400,31.2
NO4,20251214-1800,31.21
NO4,20251214-1500,31.14
NO4,20251214-1200,30.81
NO4,20251214-2000,31.25
NO4,20251214-1300,30.86
NO4,20251214-0900,29.82
NO4,20251214-2100,29.519999999999783
NO4,20251214-0700,24.29
NO4,20251214-0100,18.65
NO4,20251214-1600,30.93
NO4,20251214-0400,17.97
NO4,20251214-1000,30.71
NO4,20251214-1100,30.99
NO4,20251214-0500,18.94
NO4,20251214-0300,17.21
NO4,20251214-1700,30.7
NO4,20251214-0000,19.38
NO4,20251214-2200,26.960000000000065
NO4,20251214-0800,28.49
NO4,20251214-0600,19.31
NO4,20251214-0200,18.16
NO4,20251214-1900,31.55
SE3,20251214-1400,1.0
SE3,20251214-1800,51.3
SE3,20251214-1500,1.0
SE3,20251214-1200,2.0
SE3,20251214-2000,70.07
SE3,20251214-1300,1.0
SE3,20251214-0900,51.3
SE3,20251214-2100,70.0699999999993
SE3,20251214-0700,2.0
SE3,20251214-0100,27.0
SE3,20251214-1600,21.38
SE3,20251214-0400,3.0
SE3,20251214-1000,51.3
SE3,20251214-1100,2.0
SE3,20251214-0500,2.0
SE3,20251214-0300,3.0
SE3,20251214-1700,51.3
SE3,20251214-0000,51.3
SE3,20251214-2200,70.06999999999925
SE3,20251214-0800,51.3
SE3,20251214-0600,2.0
SE3,20251214-0200,21.38
SE3,20251214-1900,51.3
FR,20251214-1400,39.27
FR,20251214-1800,104.11
FR,20251214-1500,44.93
FR,20251214-1200,39.0
FR,20251214-2000,77.86
FR,20251214-1300,39.04
FR,20251214-0900,53.68
FR,20251214-2100,59.03999999999951
FR,20251214-0700,77.86
FR,20251214-0100,55.65
FR,20251214-1600,77.86
FR,20251214-0400,43.76
FR,20251214-1000,41.96
FR,20251214-1100,41.96
FR,20251214-0500,52.46
FR,20251214-0300,42.59
FR,20251214-1700,91.15
FR,20251214-0000,77.86
FR,20251214-2200,58.25999999999999
FR,20251214-0800,77.86
FR,20251214-0600,56.7
FR,20251214-0200,50.96
FR,20251214-1900,93.43
FI,20251214-1400,10.52
FI,20251214-1800,54.24
FI,20251214-1500,12.66
FI,20251214-1200,9.5
FI,20251214-2000,52.7
FI,20251214-1300,9.5
FI,20251214-0900,9.5
FI,20251214-2100,52.76999999999998
FI,20251214-0700,10.51
FI,20251214-0100,12.53
FI,20251214-1600,16.35
FI,20251214-0400,12.55
FI,20251214-1000,9.5
FI,20251214-1100,9.5
FI,20251214-0500,10.52
FI,20251214-0300,10.5
FI,20251214-1700,39.66
FI,20251214-0000,12.57
FI,20251214-2200,48.2
FI,20251214-0800,10.51
FI,20251214-0600,12.53
FI,20251214-0200,12.52
FI,20251214-1900,52.37
PL,20251214-1400,119.52
PL,20251214-1800,119.52
PL,20251214-1500,119.52
PL,20251214-1200,119.52
PL,20251214-2000,104.11
PL,20251214-1300,119.52
PL,20251214-0900,104.11
PL,20251214-2100,104.10999999999918
PL,20251214-0700,104.11
PL,20251214-0100,104.11
PL,20251214-1600,119.52
PL,20251214-0400,104.11
PL,20251214-1000,104.11
PL,20251214-1100,104.11
PL,20251214-0500,104.11
PL,20251214-0300,104.11
PL,20251214-1700,119.52
PL,20251214-0000,104.11
PL,20251214-2200,104.10999999999979
PL,20251214-0800,104.11
PL,20251214-0600,104.11
PL,20251214-0200,104.11
PL,20251214-1900,108.21
IT-Calabria,20251214-1400,93.43
IT-Calabria,20251214-1800,93.43
IT-Calabria,20251214-1500,93.43
IT-Calabria,20251214-1200,93.43
IT-Calabria,20251214-2000,93.43
IT-Calabria,20251214-1300,93.43
IT-Calabria,20251214-0900,93.43
IT-Calabria,20251214-2100,93.43
IT-Calabria,20251214-0700,93.43
IT-Calabria,20251214-0100,93.43
IT-Calabria,20251214-1600,93.43
IT-Calabria,20251214-0400,93.43
IT-Calabria,20251214-1000,93.43
IT-Calabria,20251214-1100,93.43
IT-Calabria,20251214-0500,93.43
IT-Calabria,20251214-0300,93.43
IT-Calabria,20251214-1700,93.43
IT-Calabria,20251214-0000,93.43
IT-Calabria,20251214-2200,93.43
IT-Calabria,20251214-0800,93.43
IT-Calabria,20251214-0600,93.43
IT-Calabria,20251214-0200,93.43
IT-Calabria,20251214-1900,93.43
AT,20251214-1400,93.43
AT,20251214-1800,94.52
AT,20251214-1500,93.43
AT,20251214-1200,81.96
AT,20251214-2000,81.96
AT,20251214-1300,81.96
AT,20251214-0900,81.96
AT,20251214-2100,81.95999999999925
AT,20251214-0700,81.96
AT,20251214-0100,81.96
AT,20251214-1600,93.43
AT,20251214-0400,81.96
AT,20251214-1000,81.96
AT,20251214-1100,81.96
AT,20251214-0500,81.96
AT,20251214-0300,81.96
AT,20251214-1700,93.43
AT,20251214-0000,81.96
AT,20251214-2200,81.96000000000002
AT,20251214-0800,81.96
AT,20251214-0600,81.96
AT,20251214-0200,81.96
AT,20251214-1900,93.43
SE2,20251214-1400,23.02
SE2,20251214-1800,29.06
SE2,20251214-1500,23.02
SE2,20251214-1200,1.0
SE2,20251214-2000,25.75
SE2,20251214-1300,1.0
SE2,20251214-0900,1.0
SE2,20251214-2100,22.17999999999938
SE2,20251214-0700,1.0
SE2,20251214-0100,26.57
SE2,20251214-1600,30.24
SE2,20251214-0400,1.0
SE2,20251214-1000,1.0
SE2,20251214-1100,1.0
SE2,20251214-0500,1.0
SE2,20251214-0300,24.91
SE2,20251214-1700,25.42
SE2,20251214-0000,26.15
SE2,20251214-2200,22.17999999999938
SE2,20251214-0800,1.0
SE2,20251214-0600,1.0
SE2,20251214-0200,26.7
SE2,20251214-1900,28.66
IT-NORTH,20251214-1400,93.43
IT-NORTH,20251214-1800,104.11
IT-NORTH,20251214-1500,93.43
IT-NORTH,20251214-1200,93.43
IT-NORTH,20251214-2000,93.43
IT-NORTH,20251214-1300,93.43
IT-NORTH,20251214-0900,93.43
IT-NORTH,20251214-2100,93.42999999999999
IT-NORTH,20251214-0700,93.43
IT-NORTH,20251214-0100,89.37
IT-NORTH,20251214-1600,93.43
IT-NORTH,20251214-0400,93.43
IT-NORTH,20251214-1000,93.43
IT-NORTH,20251214-1100,93.43
IT-NORTH,20251214-0500,93.43
IT-NORTH,20251214-0300,87.17
IT-NORTH,20251214-1700,93.43
IT-NORTH,20251214-0000,93.43
IT-NORTH,20251214-2200,93.42999999999999
IT-NORTH,20251214-0800,93.43
IT-NORTH,20251214-0600,93.43
IT-NORTH,20251214-0200,87.83
IT-NORTH,20251214-1900,93.43
LT,20251214-1400,75.34
LT,20251214-1800,54.24
LT,20251214-1500,75.34
LT,20251214-1200,75.34
LT,20251214-2000,52.7
LT,20251214-1300,75.34
LT,20251214-0900,41.96
LT,20251214-2100,52.76999999999998
LT,20251214-0700,41.96
LT,20251214-0100,36.74
LT,20251214-1600,44.02
LT,20251214-0400,24.41
LT,20251214-1000,41.96
LT,20251214-1100,75.34
LT,20251214-0500,23.48
LT,20251214-0300,24.17
LT,20251214-1700,54.07
LT,20251214-0000,49.57
LT,20251214-2200,48.2
LT,20251214-0800,41.96
LT,20251214-0600,26.62
LT,20251214-0200,33.83
LT,20251214-1900,52.37
PT,20251214-1400,39.27
PT,20251214-1800,139.69
PT,20251214-1500,44.93
PT,20251214-1200,39.0
PT,20251214-2000,141.45
PT,20251214-1300,39.04
PT,20251214-0900,53.68
PT,20251214-2100,77.86000000000013
PT,20251214-0700,77.86
PT,20251214-0100,55.65
PT,20251214-1600,77.86
PT,20251214-0400,43.76
PT,20251214-1000,41.96
PT,20251214-1100,41.96
PT,20251214-0500,52.46
PT,20251214-0300,42.59
PT,20251214-1700,91.15
PT,20251214-0000,77.86
PT,20251214-2200,77.85999999999692
PT,20251214-0800,77.86
PT,20251214-0600,57.0
PT,20251214-0200,50.96
PT,20251214-1900,143.42
NO2,20251214-1400,81.96
NO2,20251214-1800,81.96
NO2,20251214-1500,81.96
NO2,20251214-1200,81.96
NO2,20251214-2000,81.96
NO2,20251214-1300,81.96
NO2,20251214-0900,81.96
NO2,20251214-2100,81.9599999999993
NO2,20251214-0700,81.96
NO2,20251214-0100,81.96
NO2,20251214-1600,81.96
NO2,20251214-0400,81.96
NO2,20251214-1000,81.96
NO2,20251214-1100,81.96
NO2,20251214-0500,81.96
NO2,20251214-0300,81.96
NO2,20251214-1700,81.96
NO2,20251214-0000,81.96
NO2,20251214-2200,79.33999999999915
NO2,20251214-0800,81.96
NO2,20251214-0600,81.96
NO2,20251214-0200,81.96
NO2,20251214-1900,81.96
LV,20251214-1400,75.34
LV,20251214-1800,54.24
LV,20251214-1500,75.34
LV,20251214-1200,75.34
LV,20251214-2000,52.7
LV,20251214-1300,75.34
LV,20251214-0900,41.96
LV,20251214-2100,52.76999999999998
LV,20251214-0700,41.96
LV,20251214-0100,36.74
LV,20251214-1600,44.02
LV,20251214-0400,24.41
LV,20251214-1000,41.96
LV,20251214-1100,75.34
LV,20251214-0500,23.48
LV,20251214-0300,24.17
LV,20251214-1700,54.07
LV,20251214-0000,49.57
LV,20251214-2200,48.2
LV,20251214-0800,41.96
LV,20251214-0600,26.62
LV,20251214-0200,33.83
LV,20251214-1900,52.37
NL,20251214-1400,104.11
NL,20251214-1800,104.11
NL,20251214-1500,102.57
NL,20251214-1200,93.43
NL,20251214-2000,81.96
NL,20251214-1300,95.24
NL,20251214-0900,81.96
NL,20251214-2100,77.85999999999984
NL,20251214-0700,77.86
NL,20251214-0100,77.86
NL,20251214-1600,104.11
NL,20251214-0400,77.86
NL,20251214-1000,96.05
NL,20251214-1100,93.43
NL,20251214-0500,77.86
NL,20251214-0300,77.86
NL,20251214-1700,104.11
NL,20251214-0000,77.86
NL,20251214-2200,77.86000000000017
NL,20251214-0800,77.86
NL,20251214-0600,77.86
NL,20251214-0200,77.86
NL,20251214-1900,103.03
NO5,20251214-1400,81.96
NO5,20251214-1800,81.96
NO5,20251214-1500,81.96
NO5,20251214-1200,81.96
NO5,20251214-2000,77.08
NO5,20251214-1300,81.96
NO5,20251214-0900,78.15
NO5,20251214-2100,74.25
NO5,20251214-0700,77.08
NO5,20251214-0100,75.25
NO5,20251214-1600,81.96
NO5,20251214-0400,72.51
NO5,20251214-1000,81.96
NO5,20251214-1100,81.96
NO5,20251214-0500,74.23
NO5,20251214-0300,74.26
NO5,20251214-1700,81.96
NO5,20251214-0000,77.08
NO5,20251214-2200,70.06999999999914
NO5,20251214-0800,77.08
NO5,20251214-0600,77.08
NO5,20251214-0200,74.56
NO5,20251214-1900,81.96
BE,20251214-1400,81.96
BE,20251214-1800,81.96
BE,20251214-1500,81.96
BE,20251214-1200,81.96
BE,20251214-2000,77.86
BE,20251214-1300,81.96
BE,20251214-0900,78.15
BE,20251214-2100,77.85999999999935
BE,20251214-0700,77.86
BE,20251214-0100,77.86
BE,20251214-1600,81.96
BE,20251214-0400,77.86
BE,20251214-1000,81.96
BE,20251214-1100,81.96
BE,20251214-0500,77.86
BE,20251214-0300,77.86
BE,20251214-1700,81.96
BE,20251214-0000,77.86
BE,20251214-2200,77.85999999999878
BE,20251214-0800,77.86
BE,20251214-0600,77.86
BE,20251214-0200,77.86
BE,20251214-1900,81.96
RO,20251214-1400,121.71
RO,20251214-1800,130.38
RO,20251214-1500,136.82
RO,20251214-1200,119.52
RO,20251214-2000,118.87
RO,20251214-1300,119.52
RO,20251214-0900,119.52
RO,20251214-2100,104.10999999999999
RO,20251214-0700,114.78
RO,20251214-0100,97.69
RO,20251214-1600,143.42
RO,20251214-0400,88.7
RO,20251214-1000,119.52
RO,20251214-1100,119.52
RO,20251214-0500,90.42
RO,20251214-0300,88.74
RO,20251214-1700,137.69
RO,20251214-0000,99.63
RO,20251214-2200,93.42999999999998
RO,20251214-0800,119.52
RO,20251214-0600,91.35
RO,20251214-0200,91.5
RO,20251214-1900,119.52
DK2,20251214-1400,42.82
DK2,20251214-1800,57.0
DK2,20251214-1500,42.82
DK2,20251214-1200,41.89
DK2,20251214-2000,57.0
DK2,20251214-1300,41.89
DK2,20251214-0900,31.87
DK2,20251214-2100,57.0
DK2,20251214-0700,30.93
DK2,20251214-0100,36.74
DK2,20251214-1600,44.02
DK2,20251214-0400,24.41
DK2,20251214-1000,31.87
DK2,20251214-1100,38.85
DK2,20251214-0500,23.48
DK2,20251214-0300,24.17
DK2,20251214-1700,57.0
DK2,20251214-0000,57.0
DK2,20251214-2200,57.0
DK2,20251214-0800,31.87
DK2,20251214-0600,26.62
DK2,20251214-0200,33.83
DK2,20251214-1900,57.0
BG,20251214-1400,121.71
BG,20251214-1800,130.38
BG,20251214-1500,136.82
BG,20251214-1200,119.52
BG,20251214-2000,118.87
BG,20251214-1300,119.52
BG,20251214-0900,119.52
BG,20251214-2100,104.10999999999997
BG,20251214-0700,114.78
BG,20251214-0100,97.69
BG,20251214-1600,143.42
BG,20251214-0400,88.7
BG,20251214-1000,119.52
BG,20251214-1100,119.52
BG,20251214-0500,90.42
BG,20251214-0300,88.74
BG,20251214-1700,137.69
BG,20251214-0000,99.63
BG,20251214-2200,93.42999999999998
BG,20251214-0800,119.52
BG,20251214-0600,91.35
BG,20251214-0200,91.5
BG,20251214-1900,119.52
IT-CSOUTH,20251214-1400,93.43
IT-CSOUTH,20251214-1800,93.43
IT-CSOUTH,20251214-1500,93.43
IT-CSOUTH,20251214-1200,93.43
IT-CSOUTH,20251214-2000,93.43
IT-CSOUTH,20251214-1300,93.43
IT-CSOUTH,20251214-0900,93.43
IT-CSOUTH,20251214-2100,93.43
IT-CSOUTH,20251214-0700,93.43
IT-CSOUTH,20251214-0100,93.43
IT-CSOUTH,20251214-1600,93.43
IT-CSOUTH,20251214-0400,93.43
IT-CSOUTH,20251214-1000,93.43
IT-CSOUTH,20251214-1100,93.43
IT-CSOUTH,20251214-0500,93.43
IT-CSOUTH,20251214-0300,93.43
IT-CSOUTH,20251214-1700,93.43
IT-CSOUTH,20251214-0000,93.43
IT-CSOUTH,20251214-2200,93.43
IT-CSOUTH,20251214-0800,93.43
IT-CSOUTH,20251214-0600,93.43
IT-CSOUTH,20251214-0200,93.43
IT-CSOUTH,20251214-1900,93.43
CZ,20251214-1400,119.52
CZ,20251214-1800,119.52
CZ,20251214-1500,119.52
CZ,20251214-1200,119.52
CZ,20251214-2000,119.34
CZ,20251214-1300,119.52
CZ,20251214-0900,119.52
CZ,20251214-2100,114.5
CZ,20251214-0700,108.72
CZ,20251214-0100,89.37
CZ,20251214-1600,119.52
CZ,20251214-0400,83.28
CZ,20251214-1000,119.52
CZ,20251214-1100,119.52
CZ,20251214-0500,87.1
CZ,20251214-0300,87.17
CZ,20251214-1700,119.52
CZ,20251214-0000,77.86
CZ,20251214-2200,103.30999999999901
CZ,20251214-0800,119.52
CZ,20251214-0600,95.25
CZ,20251214-0200,87.83
CZ,20251214-1900,119.52
NO3,20251214-1400,81.96
NO3,20251214-1800,81.96
NO3,20251214-1500,81.96
NO3,20251214-1200,81.96
NO3,20251214-2000,77.08
NO3,20251214-1300,81.96
NO3,20251214-0900,78.15
NO3,20251214-2100,74.25
NO3,20251214-0700,77.08
NO3,20251214-0100,75.25
NO3,20251214-1600,81.96
NO3,20251214-0400,72.51
NO3,20251214-1000,81.96
NO3,20251214-1100,81.96
NO3,20251214-0500,74.23
NO3,20251214-0300,74.26
NO3,20251214-1700,81.96
NO3,20251214-0000,77.08
NO3,20251214-2200,70.06999999999535
NO3,20251214-0800,77.08
NO3,20251214-0600,77.08
NO3,20251214-0200,74.56
NO3,20251214-1900,81.96
NO1,20251214-1400,81.96
NO1,20251214-1800,81.96
NO1,20251214-1500,81.96
NO1,20251214-1200,81.96
NO1,20251214-2000,77.08
NO1,20251214-1300,81.96
NO1,20251214-0900,78.15
NO1,20251214-2100,74.25
NO1,20251214-0700,77.08
NO1,20251214-0100,75.25
NO1,20251214-1600,81.96
NO1,20251214-0400,72.51
NO1,20251214-1000,81.96
NO1,20251214-1100,81.96
NO1,20251214-0500,74.23
NO1,20251214-0300,74.26
NO1,20251214-1700,81.96
NO1,20251214-0000,77.08
NO1,20251214-2200,70.0699999999977
NO1,20251214-0800,77.08
NO1,20251214-0600,77.08
NO1,20251214-0200,74.56
NO1,20251214-1900,81.96
DE_LU,20251214-1400,104.11
DE_LU,20251214-1800,104.11
DE_LU,20251214-1500,104.11
DE_LU,20251214-1200,93.43
DE_LU,20251214-2000,93.43
DE_LU,20251214-1300,95.24
DE_LU,20251214-0900,95.81
DE_LU,20251214-2100,87.14000000000003
DE_LU,20251214-0700,93.43
DE_LU,20251214-0100,89.37
DE_LU,20251214-1600,104.11
DE_LU,20251214-0400,83.28
DE_LU,20251214-1000,96.05
DE_LU,20251214-1100,93.43
DE_LU,20251214-0500,87.1
DE_LU,20251214-0300,87.17
DE_LU,20251214-1700,104.11
DE_LU,20251214-0000,93.43
DE_LU,20251214-2200,81.96000000000002
DE_LU,20251214-0800,93.43
DE_LU,20251214-0600,93.43
DE_LU,20251214-0200,87.83
DE_LU,20251214-1900,104.11
SK,20251214-1400,81.96
SK,20251214-1800,93.55
SK,20251214-1500,91.66
SK,20251214-1200,81.96
SK,20251214-2000,77.86
SK,20251214-1300,81.96
SK,20251214-0900,78.15
SK,20251214-2100,74.25
SK,20251214-0700,77.08
SK,20251214-0100,75.25
SK,20251214-1600,81.96
SK,20251214-0400,72.51
SK,20251214-1000,81.96
SK,20251214-1100,81.96
SK,20251214-0500,74.23
SK,20251214-0300,74.26
SK,20251214-1700,104.11
SK,20251214-0000,77.08
SK,20251214-2200,70.06999999999921
SK,20251214-0800,77.08
SK,20251214-0600,77.08
SK,20251214-0200,74.56
SK,20251214-1900,90.1
EE,20251214-1400,75.34
EE,20251214-1800,54.24
EE,20251214-1500,75.34
EE,20251214-1200,75.34
EE,20251214-2000,52.7
EE,20251214-1300,75.34
EE,20251214-0900,41.96
EE,20251214-2100,52.76999999999998
EE,20251214-0700,41.96
EE,20251214-0100,36.74
EE,20251214-1600,44.02
EE,20251214-0400,24.41
EE,20251214-1000,41.96
EE,20251214-1100,75.34
EE,20251214-0500,23.48
EE,20251214-0300,24.17
EE,20251214-1700,54.07
EE,20251214-0000,49.57
EE,20251214-2200,48.2
EE,20251214-0800,41.96
EE,20251214-0600,26.62
EE,20251214-0200,33.83
EE,20251214-1900,52.37
SE4,20251214-1400,42.82
SE4,20251214-1800,54.24
SE4,20251214-1500,42.82
SE4,20251214-1200,41.89
SE4,20251214-2000,52.7
SE4,20251214-1300,41.89
SE4,20251214-0900,31.87
SE4,20251214-2100,52.76999999999998
SE4,20251214-0700,30.93
SE4,20251214-0100,36.74
SE4,20251214-1600,44.02
SE4,20251214-0400,24.41
SE4,20251214-1000,31.87
SE4,20251214-1100,38.85
SE4,20251214-0500,23.48
SE4,20251214-0300,24.17
SE4,20251214-1700,54.07
SE4,20251214-0000,49.57
SE4,20251214-2200,48.2
SE4,20251214-0800,31.87
SE4,20251214-0600,26.62
SE4,20251214-0200,33.83
SE4,20251214-1900,52.37
SI,20260310-1200,5.6
SI,20260310-1100,5.43
SI,20260310-0200,68.51
SI,20260310-2200,9.5
SI,20260310-0500,103.08
SI,20260310-1900,129.18
SI,20260310-1000,5.43
SI,20260310-0700,68.51
SI,20260310-0100,68.51
SI,20260310-1800,147.26
SI,20260310-1600,145.45
SI,20260310-2100,103.08
SI,20260310-0400,109.8
SI,20260310-0800,9.5
SI,20260310-0600,103.08
SI,20260310-1300,6.46
SI,20260310-1700,129.18
SI,20260310-2300,9.5
SI,20260310-0300,89.18
SI,20260310-2000,89.18
SI,20260310-1400,30.0
SI,20260310-0000,89.18
SI,20260310-0900,6.46
SI,20260310-1500,103.08
ES,20260310-1200,89.18
ES,20260310-1100,89.18
ES,20260310-0200,111.55
ES,20260310-2200,180.2
ES,20260310-0500,122.72
ES,20260310-1900,389.15
ES,20260310-1000,89.18
ES,20260310-0700,158.35
ES,20260310-0100,118.37
ES,20260310-1800,215.65
ES,20260310-1600,122.72
ES,20260310-2100,199.52
ES,20260310-0400,109.8
ES,20260310-0800,126.18
ES,20260310-0600,195.48
ES,20260310-1300,72.46
ES,20260310-1700,188.49
ES,20260310-2300,165.11
ES,20260310-0300,109.88
ES,20260310-2000,250.0
ES,20260310-1400,73.23
ES,20260310-0000,122.72
ES,20260310-0900,116.73
ES,20260310-1500,89.18
GR,20260310-1200,1.0
GR,20260310-1100,1.0
GR,20260310-0200,89.18
GR,20260310-2200,122.72
GR,20260310-0500,119.37
GR,20260310-1900,147.26
GR,20260310-1000,1.0
GR,20260310-0700,6.46
GR,20260310-0100,89.18
GR,20260310-1800,210.12
GR,20260310-1600,147.26
GR,20260310-2100,122.72
GR,20260310-0400,109.8
GR,20260310-0800,1.0
GR,20260310-0600,89.18
GR,20260310-1300,5.43
GR,20260310-1700,222.56
GR,20260310-2300,122.72
GR,20260310-0300,99.65
GR,20260310-2000,122.72
GR,20260310-1400,30.0
GR,20260310-0000,89.18
GR,20260310-0900,1.0
GR,20260310-1500,122.72
IT-CNORTH,20260310-1200,147.26
IT-CNORTH,20260310-1100,147.26
IT-CNORTH,20260310-0200,147.26
IT-CNORTH,20260310-2200,147.26
IT-CNORTH,20260310-0500,147.26
IT-CNORTH,20260310-1900,147.26
IT-CNORTH,20260310-1000,147.26
IT-CNORTH,20260310-0700,158.35
IT-CNORTH,20260310-0100,147.26
IT-CNORTH,20260310-1800,147.26
IT-CNORTH,20260310-1600,147.26
IT-CNORTH,20260310-2100,147.26
IT-CNORTH,20260310-0400,147.26
IT-CNORTH,20260310-0800,147.26
IT-CNORTH,20260310-0600,147.26
IT-CNORTH,20260310-1300,147.26
IT-CNORTH,20260310-1700,147.26
IT-CNORTH,20260310-2300,147.26
IT-CNORTH,20260310-0300,147.26
IT-CNORTH,20260310-2000,147.26
IT-CNORTH,20260310-1400,147.26
IT-CNORTH,20260310-0000,147.26
IT-CNORTH,20260310-0900,147.26
IT-CNORTH,20260310-1500,147.26
HU,20260310-1200,5.6
HU,20260310-1100,5.43
HU,20260310-0200,89.18
HU,20260310-2200,122.72
HU,20260310-0500,113.94
HU,20260310-1900,147.26
HU,20260310-1000,6.46
HU,20260310-0700,68.51
HU,20260310-0100,89.18
HU,20260310-1800,160.5
HU,20260310-1600,145.45
HU,20260310-2100,122.72
HU,20260310-0400,109.8
HU,20260310-0800,9.5
HU,20260310-0600,103.08
HU,20260310-1300,6.46
HU,20260310-1700,164.5
HU,20260310-2300,122.72
HU,20260310-0300,99.65
HU,20260310-2000,122.72
HU,20260310-1400,30.0
HU,20260310-0000,89.18
HU,20260310-0900,6.46
HU,20260310-1500,103.08
IT-SOUTH,20260310-1200,147.26
IT-SOUTH,20260310-1100,147.26
IT-SOUTH,20260310-0200,147.26
IT-SOUTH,20260310-2200,147.26
IT-SOUTH,20260310-0500,147.26
IT-SOUTH,20260310-1900,147.26
IT-SOUTH,20260310-1000,147.26
IT-SOUTH,20260310-0700,147.26
IT-SOUTH,20260310-0100,147.26
IT-SOUTH,20260310-1800,147.26
IT-SOUTH,20260310-1600,147.26
IT-SOUTH,20260310-2100,147.26
IT-SOUTH,20260310-0400,147.26
IT-SOUTH,20260310-0800,147.26
IT-SOUTH,20260310-0600,147.26
IT-SOUTH,20260310-1300,147.26
IT-SOUTH,20260310-1700,147.26
IT-SOUTH,20260310-2300,147.26
IT-SOUTH,20260310-0300,147.26
IT-SOUTH,20260310-2000,147.26
IT-SOUTH,20260310-1400,147.26
IT-SOUTH,20260310-0000,147.26
IT-SOUTH,20260310-0900,147.26
IT-SOUTH,20260310-1500,147.26
IT-Sicily,20260310-1200,147.26
IT-Sicily,20260310-1100,147.26
IT-Sicily,20260310-0200,147.26
IT-Sicily,20260310-2200,147.26
IT-Sicily,20260310-0500,147.26
IT-Sicily,20260310-1900,147.26
IT-Sicily,20260310-1000,147.26
IT-Sicily,20260310-0700,147.26
IT-Sicily,20260310-0100,147.26
IT-Sicily,20260310-1800,147.26
IT-Sicily,20260310-1600,147.26
IT-Sicily,20260310-2100,147.26
IT-Sicily,20260310-0400,147.26
IT-Sicily,20260310-0800,147.26
IT-Sicily,20260310-0600,147.26
IT-Sicily,20260310-1300,147.26
IT-Sicily,20260310-1700,147.26
IT-Sicily,20260310-2300,147.26
IT-Sicily,20260310-0300,147.26
IT-Sicily,20260310-2000,147.26
IT-Sicily,20260310-1400,147.26
IT-Sicily,20260310-0000,147.26
IT-Sicily,20260310-0900,147.26
IT-Sicily,20260310-1500,147.26
IT-Sardinia,20260310-1200,94.5
IT-Sardinia,20260310-1100,94.5
IT-Sardinia,20260310-0200,147.26
IT-Sardinia,20260310-2200,147.26
IT-Sardinia,20260310-0500,147.26
IT-Sardinia,20260310-1900,147.26
IT-Sardinia,20260310-1000,110.72
IT-Sardinia,20260310-0700,124.06
IT-Sardinia,20260310-0100,145.52
IT-Sardinia,20260310-1800,147.26
IT-Sardinia,20260310-1600,147.26
IT-Sardinia,20260310-2100,147.26
IT-Sardinia,20260310-0400,147.26
IT-Sardinia,20260310-0800,122.12
IT-Sardinia,20260310-0600,139.85
IT-Sardinia,20260310-1300,94.53
IT-Sardinia,20260310-1700,147.26
IT-Sardinia,20260310-2300,147.26
IT-Sardinia,20260310-0300,147.26
IT-Sardinia,20260310-2000,147.26
IT-Sardinia,20260310-1400,110.72
IT-Sardinia,20260310-0000,147.26
IT-Sardinia,20260310-0900,110.72
IT-Sardinia,20260310-1500,147.26
RS,20260310-1200,5.6
RS,20260310-1100,5.43
RS,20260310-0200,89.18
RS,20260310-2200,122.72
RS,20260310-0500,113.94
RS,20260310-1900,147.26
RS,20260310-1000,6.46
RS,20260310-0700,68.51
RS,20260310-0100,89.18
RS,20260310-1800,160.5
RS,20260310-1600,145.45
RS,20260310-2100,122.72
RS,20260310-0400,109.8
RS,20260310-0800,9.5
RS,20260310-0600,103.08
RS,20260310-1300,6.46
RS,20260310-1700,164.5
RS,20260310-2300,122.72
RS,20260310-0300,99.65
RS,20260310-2000,122.72
RS,20260310-1400,30.0
RS,20260310-0000,89.18
RS,20260310-0900,6.46
RS,20260310-1500,103.08
DK1,20260310-1200,90.56
DK1,20260310-1100,89.18
DK1,20260310-0200,103.39
DK1,20260310-2200,102.27
DK1,20260310-0500,129.18
DK1,20260310-1900,122.72
DK1,20260310-1000,92.27
DK1,20260310-0700,122.72
DK1,20260310-0100,103.39
DK1,20260310-1800,125.18
DK1,20260310-1600,119.53
DK1,20260310-2100,103.39
DK1,20260310-0400,120.87
DK1,20260310-0800,105.05
DK1,20260310-0600,147.26
DK1,20260310-1300,92.27
DK1,20260310-1700,147.26
DK1,20260310-2300,92.27
DK1,20260310-0300,105.16
DK1,20260310-2000,111.79
DK1,20260310-1400,102.77
DK1,20260310-0000,109.74
DK1,20260310-0900,102.17
DK1,20260310-1500,110.59
CH,20260310-1200,90.56
CH,20260310-1100,89.18
CH,20260310-0200,103.39
CH,20260310-2200,102.27
CH,20260310-0500,129.18
CH,20260310-1900,147.26
CH,20260310-1000,92.27
CH,20260310-0700,129.18
CH,20260310-0100,103.39
CH,20260310-1800,147.26
CH,20260310-1600,139.81
CH,20260310-2100,121.59
CH,20260310-0400,120.87
CH,20260310-0800,121.88
CH,20260310-0600,147.26
CH,20260310-1300,92.27
CH,20260310-1700,147.26
CH,20260310-2300,101.55
CH,20260310-0300,105.16
CH,20260310-2000,125.07
CH,20260310-1400,102.77
CH,20260310-0000,109.74
CH,20260310-0900,102.17
CH,20260310-1500,122.72
SE1,20260310-1200,92.2
SE1,20260310-1100,92.57
SE1,20260310-0200,1.0
SE1,20260310-2200,59.25
SE1,20260310-0500,1.0
SE1,20260310-1900,1.0
SE1,20260310-1000,85.74
SE1,20260310-0700,1.0
SE1,20260310-0100,1.0
SE1,20260310-1800,1.0
SE1,20260310-1600,60.74
SE1,20260310-2100,1.0
SE1,20260310-0400,1.0
SE1,20260310-0800,1.0
SE1,20260310-0600,1.0
SE1,20260310-1300,88.4
SE1,20260310-1700,1.0
SE1,20260310-2300,108.62
SE1,20260310-0300,1.0
SE1,20260310-2000,1.0
SE1,20260310-1400,83.9
SE1,20260310-0000,1.0
SE1,20260310-0900,60.74
SE1,20260310-1500,76.94
NO4,20260310-1200,40.54
NO4,20260310-1100,41.41
NO4,20260310-0200,31.66
NO4,20260310-2200,27.18
NO4,20260310-0500,43.97
NO4,20260310-1900,44.38
NO4,20260310-1000,38.92
NO4,20260310-0700,49.4
NO4,20260310-0100,31.5
NO4,20260310-1800,46.97
NO4,20260310-1600,48.49
NO4,20260310-2100,35.61
NO4,20260310-0400,36.7
NO4,20260310-0800,43.57
NO4,20260310-0600,48.46
NO4,20260310-1300,40.35
NO4,20260310-1700,49.73
NO4,20260310-2300,27.13
NO4,20260310-0300,32.98
NO4,20260310-2000,40.41
NO4,20260310-1400,43.66
NO4,20260310-0000,31.17
NO4,20260310-0900,41.86
NO4,20260310-1500,45.62
SE3,20260310-1200,79.04
SE3,20260310-1100,76.72
SE3,20260310-0200,92.77
SE3,20260310-2200,92.27
SE3,20260310-0500,122.72
SE3,20260310-1900,110.45
SE3,20260310-1000,89.18
SE3,20260310-0700,110.45
SE3,20260310-0100,92.77
SE3,20260310-1800,112.66
SE3,20260310-1600,107.58
SE3,20260310-2100,103.08
SE3,20260310-0400,103.39
SE3,20260310-0800,103.39
SE3,20260310-0600,129.18
SE3,20260310-1300,92.27
SE3,20260310-1700,129.18
SE3,20260310-2300,92.27
SE3,20260310-0300,103.08
SE3,20260310-2000,103.39
SE3,20260310-1400,96.75
SE3,20260310-0000,92.97
SE3,20260310-0900,92.27
SE3,20260310-1500,104.58
FR,20260310-1200,75.62
FR,20260310-1100,89.18
FR,20260310-0200,85.09
FR,20260310-2200,101.6
FR,20260310-0500,122.72
FR,20260310-1900,147.26
FR,20260310-1000,89.18
FR,20260310-0700,158.35
FR,20260310-0100,103.39
FR,20260310-1800,147.26
FR,20260310-1600,122.72
FR,20260310-2100,103.39
FR,20260310-0400,89.18
FR,20260310-0800,126.18
FR,20260310-0600,147.26
FR,20260310-1300,72.46
FR,20260310-1700,147.26
FR,20260310-2300,81.09
FR,20260310-0300,84.58
FR,20260310-2000,122.72
FR,20260310-1400,73.23
FR,20260310-0000,109.74
FR,20260310-0900,116.73
FR,20260310-1500,89.18
FI,20260310-1200,9.5
FI,20260310-1100,6.46
FI,20260310-0200,3.75
FI,20260310-2200,4.86
FI,20260310-0500,5.0
FI,20260310-1900,5.0
FI,20260310-1000,9.5
FI,20260310-0700,9.5
FI,20260310-0100,3.97
FI,20260310-1800,5.0
FI,20260310-1600,5.0
FI,20260310-2100,5.0
FI,20260310-0400,5.0
FI,20260310-0800,9.5
FI,20260310-0600,5.0
FI,20260310-1300,9.5
FI,20260310-1700,5.0
FI,20260310-2300,4.86
FI,20260310-0300,3.97
FI,20260310-2000,5.0
FI,20260310-1400,5.0
FI,20260310-0000,4.8
FI,20260310-0900,9.5
FI,20260310-1500,5.0
PL,20260310-1200,57.12
PL,20260310-1100,57.12
PL,20260310-0200,92.27
PL,20260310-2200,92.27
PL,20260310-0500,92.27
PL,20260310-1900,103.08
PL,20260310-1000,6.46
PL,20260310-0700,92.27
PL,20260310-0100,92.27
PL,20260310-1800,103.08
PL,20260310-1600,103.08
PL,20260310-2100,92.27
PL,20260310-0400,92.27
PL,20260310-0800,57.12
PL,20260310-0600,92.27
PL,20260310-1300,68.51
PL,20260310-1700,103.08
PL,20260310-2300,92.27
PL,20260310-0300,92.27
PL,20260310-2000,92.27
PL,20260310-1400,92.27
PL,20260310-0000,92.27
PL,20260310-0900,57.12
PL,20260310-1500,92.27
IT-Calabria,20260310-1200,147.26
IT-Calabria,20260310-1100,147.26
IT-Calabria,20260310-0200,147.26
IT-Calabria,20260310-2200,147.26
IT-Calabria,20260310-0500,147.26
IT-Calabria,20260310-1900,147.26
IT-Calabria,20260310-1000,147.26
IT-Calabria,20260310-0700,147.26
IT-Calabria,20260310-0100,147.26
IT-Calabria,20260310-1800,147.26
IT-Calabria,20260310-1600,147.26
IT-Calabria,20260310-2100,147.26
IT-Calabria,20260310-0400,147.26
IT-Calabria,20260310-0800,147.26
IT-Calabria,20260310-0600,147.26
IT-Calabria,20260310-1300,147.26
IT-Calabria,20260310-1700,147.26
IT-Calabria,20260310-2300,147.26
IT-Calabria,20260310-0300,147.26
IT-Calabria,20260310-2000,147.26
IT-Calabria,20260310-1400,147.26
IT-Calabria,20260310-0000,147.26
IT-Calabria,20260310-0900,147.26
IT-Calabria,20260310-1500,147.26
AT,20260310-1200,90.56
AT,20260310-1100,89.18
AT,20260310-0200,103.39
AT,20260310-2200,102.27
AT,20260310-0500,129.18
AT,20260310-1900,129.18
AT,20260310-1000,92.27
AT,20260310-0700,129.18
AT,20260310-0100,103.39
AT,20260310-1800,147.26
AT,20260310-1600,139.81
AT,20260310-2100,121.59
AT,20260310-0400,120.87
AT,20260310-0800,121.88
AT,20260310-0600,129.18
AT,20260310-1300,92.27
AT,20260310-1700,147.26
AT,20260310-2300,101.55
AT,20260310-0300,105.16
AT,20260310-2000,125.07
AT,20260310-1400,105.28
AT,20260310-0000,109.74
AT,20260310-0900,102.17
AT,20260310-1500,122.72
SE2,20260310-1200,72.79
SE2,20260310-1100,71.49
SE2,20260310-0200,1.0
SE2,20260310-2200,59.25
SE2,20260310-0500,1.0
SE2,20260310-1900,1.0
SE2,20260310-1000,66.09
SE2,20260310-0700,1.0
SE2,20260310-0100,1.0
SE2,20260310-1800,1.0
SE2,20260310-1600,60.74
SE2,20260310-2100,1.0
SE2,20260310-0400,1.0
SE2,20260310-0800,1.0
SE2,20260310-0600,1.0
SE2,20260310-1300,71.34
SE2,20260310-1700,1.0
SE2,20260310-2300,108.62
SE2,20260310-0300,1.0
SE2,20260310-2000,1.0
SE2,20260310-1400,67.38
SE2,20260310-0000,1.0
SE2,20260310-0900,60.74
SE2,20260310-1500,62.25
IT-NORTH,20260310-1200,147.26
IT-NORTH,20260310-1100,147.26
IT-NORTH,20260310-0200,147.26
IT-NORTH,20260310-2200,147.26
IT-NORTH,20260310-0500,147.26
IT-NORTH,20260310-1900,147.26
IT-NORTH,20260310-1000,147.26
IT-NORTH,20260310-0700,158.35
IT-NORTH,20260310-0100,147.26
IT-NORTH,20260310-1800,147.26
IT-NORTH,20260310-1600,147.26
IT-NORTH,20260310-2100,147.26
IT-NORTH,20260310-0400,147.26
IT-NORTH,20260310-0800,147.26
IT-NORTH,20260310-0600,147.26
IT-NORTH,20260310-1300,147.26
IT-NORTH,20260310-1700,147.26
IT-NORTH,20260310-2300,147.26
IT-NORTH,20260310-0300,147.26
IT-NORTH,20260310-2000,147.26
IT-NORTH,20260310-1400,147.26
IT-NORTH,20260310-0000,147.26
IT-NORTH,20260310-0900,147.26
IT-NORTH,20260310-1500,147.26
LT,20260310-1200,9.5
LT,20260310-1100,6.46
LT,20260310-0200,64.44
LT,20260310-2200,57.85
LT,20260310-0500,77.28
LT,20260310-1900,76.81
LT,20260310-1000,9.5
LT,20260310-0700,9.5
LT,20260310-0100,64.44
LT,20260310-1800,92.37
LT,20260310-1600,91.26
LT,20260310-2100,64.5
LT,20260310-0400,65.24
LT,20260310-0800,9.5
LT,20260310-0600,89.18
LT,20260310-1300,9.5
LT,20260310-1700,92.37
LT,20260310-2300,57.79
LT,20260310-0300,64.5
LT,20260310-2000,66.84
LT,20260310-1400,60.9
LT,20260310-0000,64.64
LT,20260310-0900,9.5
LT,20260310-1500,66.13
PT,20260310-1200,89.18
PT,20260310-1100,89.18
PT,20260310-0200,111.55
PT,20260310-2200,180.2
PT,20260310-0500,113.71
PT,20260310-1900,346.34
PT,20260310-1000,89.18
PT,20260310-0700,144.8
PT,20260310-0100,118.37
PT,20260310-1800,203.86
PT,20260310-1600,122.72
PT,20260310-2100,217.07
PT,20260310-0400,109.8
PT,20260310-0800,126.18
PT,20260310-0600,126.83
PT,20260310-1300,72.46
PT,20260310-1700,180.81
PT,20260310-2300,165.11
PT,20260310-0300,109.88
PT,20260310-2000,250.0
PT,20260310-1400,73.23
PT,20260310-0000,122.72
PT,20260310-0900,116.73
PT,20260310-1500,89.18
NO2,20260310-1200,98.11
NO2,20260310-1100,96.18
NO2,20260310-0200,120.51
NO2,20260310-2200,107.87
NO2,20260310-0500,129.18
NO2,20260310-1900,129.18
NO2,20260310-1000,108.57
NO2,20260310-0700,129.18
NO2,20260310-0100,120.51
NO2,20260310-1800,140.2
NO2,20260310-1600,133.97
NO2,20260310-2100,120.61
NO2,20260310-0400,120.87
NO2,20260310-0800,120.87
NO2,20260310-0600,136.7
NO2,20260310-1300,111.15
NO2,20260310-1700,140.2
NO2,20260310-2300,107.87
NO2,20260310-0300,120.51
NO2,20260310-2000,123.78
NO2,20260310-1400,114.96
NO2,20260310-0000,120.77
NO2,20260310-0900,111.61
NO2,20260310-1500,121.86
LV,20260310-1200,9.5
LV,20260310-1100,6.46
LV,20260310-0200,64.44
LV,20260310-2200,57.85
LV,20260310-0500,77.28
LV,20260310-1900,76.81
LV,20260310-1000,9.5
LV,20260310-0700,9.5
LV,20260310-0100,64.44
LV,20260310-1800,92.37
LV,20260310-1600,91.26
LV,20260310-2100,64.5
LV,20260310-0400,65.24
LV,20260310-0800,9.5
LV,20260310-0600,89.18
LV,20260310-1300,9.5
LV,20260310-1700,92.37
LV,20260310-2300,57.79
LV,20260310-0300,64.5
LV,20260310-2000,66.84
LV,20260310-1400,60.9
LV,20260310-0000,64.64
LV,20260310-0900,9.5
LV,20260310-1500,66.13
NL,20260310-1200,98.11
NL,20260310-1100,96.18
NL,20260310-0200,103.39
NL,20260310-2200,102.27
NL,20260310-0500,103.39
NL,20260310-1900,122.72
NL,20260310-1000,103.39
NL,20260310-0700,113.64
NL,20260310-0100,103.39
NL,20260310-1800,122.72
NL,20260310-1600,119.53
NL,20260310-2100,103.39
NL,20260310-0400,103.39
NL,20260310-0800,105.05
NL,20260310-0600,110.93
NL,20260310-1300,103.39
NL,20260310-1700,122.72
NL,20260310-2300,92.27
NL,20260310-0300,103.39
NL,20260310-2000,111.79
NL,20260310-1400,103.39
NL,20260310-0000,103.39
NL,20260310-0900,103.39
NL,20260310-1500,105.11
NO5,20260310-1200,84.35
NO5,20260310-1100,83.23
NO5,20260310-0200,99.34
NO5,20260310-2200,88.93
NO5,20260310-0500,108.96
NO5,20260310-1900,118.27
NO5,20260310-1000,92.12
NO5,20260310-0700,113.9
NO5,20260310-0100,99.34
NO5,20260310-1800,129.18
NO5,20260310-1600,124.97
NO5,20260310-2100,99.49
NO5,20260310-0400,99.64
NO5,20260310-0800,99.64
NO5,20260310-0600,124.34
NO5,20260310-1300,93.63
NO5,20260310-1700,129.18
NO5,20260310-2300,88.93
NO5,20260310-0300,99.34
NO5,20260310-2000,101.32
NO5,20260310-1400,95.89
NO5,20260310-0000,99.56
NO5,20260310-0900,94.28
NO5,20260310-1500,100.22
BE,20260310-1200,103.39
BE,20260310-1100,122.72
BE,20260310-0200,103.39
BE,20260310-2200,83.04
BE,20260310-0500,122.72
BE,20260310-1900,122.72
BE,20260310-1000,122.72
BE,20260310-0700,122.72
BE,20260310-0100,122.72
BE,20260310-1800,134.99
BE,20260310-1600,122.72
BE,20260310-2100,92.91
BE,20260310-0400,103.39
BE,20260310-0800,122.72
BE,20260310-0600,231.84
BE,20260310-1300,105.48
BE,20260310-1700,189.9
BE,20260310-2300,83.04
BE,20260310-0300,103.08
BE,20260310-2000,105.14
BE,20260310-1400,99.5
BE,20260310-0000,122.72
BE,20260310-0900,122.72
BE,20260310-1500,122.72
RO,20260310-1200,5.6
RO,20260310-1100,5.43
RO,20260310-0200,89.18
RO,20260310-2200,122.72
RO,20260310-0500,119.37
RO,20260310-1900,147.26
RO,20260310-1000,6.46
RO,20260310-0700,68.51
RO,20260310-0100,89.18
RO,20260310-1800,210.12
RO,20260310-1600,147.26
RO,20260310-2100,122.72
RO,20260310-0400,109.8
RO,20260310-0800,9.5
RO,20260310-0600,103.08
RO,20260310-1300,6.46
RO,20260310-1700,222.56
RO,20260310-2300,122.72
RO,20260310-0300,99.65
RO,20260310-2000,122.72
RO,20260310-1400,30.0
RO,20260310-0000,89.18
RO,20260310-0900,6.46
RO,20260310-1500,122.72
DK2,20260310-1200,90.56
DK2,20260310-1100,89.18
DK2,20260310-0200,103.39
DK2,20260310-2200,102.27
DK2,20260310-0500,129.18
DK2,20260310-1900,129.54
DK2,20260310-1000,92.27
DK2,20260310-0700,122.72
DK2,20260310-0100,103.39
DK2,20260310-1800,147.26
DK2,20260310-1600,145.45
DK2,20260310-2100,103.39
DK2,20260310-0400,120.87
DK2,20260310-0800,105.05
DK2,20260310-0600,147.26
DK2,20260310-1300,92.27
DK2,20260310-1700,147.26
DK2,20260310-2300,92.27
DK2,20260310-0300,105.16
DK2,20260310-2000,122.72
DK2,20260310-1400,102.77
DK2,20260310-0000,109.74
DK2,20260310-0900,102.17
DK2,20260310-1500,110.59
BG,20260310-1200,5.6
BG,20260310-1100,5.43
BG,20260310-0200,89.18
BG,20260310-2200,122.72
BG,20260310-0500,119.37
BG,20260310-1900,147.26
BG,20260310-1000,6.46
BG,20260310-0700,68.51
BG,20260310-0100,89.18
BG,20260310-1800,210.12
BG,20260310-1600,147.26
BG,20260310-2100,122.72
BG,20260310-0400,109.8
BG,20260310-0800,9.5
BG,20260310-0600,103.08
BG,20260310-1300,6.46
BG,20260310-1700,222.56
BG,20260310-2300,122.72
BG,20260310-0300,99.65
BG,20260310-2000,122.72
BG,20260310-1400,30.0
BG,20260310-0000,89.18
BG,20260310-0900,6.46
BG,20260310-1500,122.72
IT-CSOUTH,20260310-1200,147.26
IT-CSOUTH,20260310-1100,147.26
IT-CSOUTH,20260310-0200,147.26
IT-CSOUTH,20260310-2200,147.26
IT-CSOUTH,20260310-0500,147.26
IT-CSOUTH,20260310-1900,147.26
IT-CSOUTH,20260310-1000,147.26
IT-CSOUTH,20260310-0700,147.26
IT-CSOUTH,20260310-0100,147.26
IT-CSOUTH,20260310-1800,147.26
IT-CSOUTH,20260310-1600,147.26
IT-CSOUTH,20260310-2100,147.26
IT-CSOUTH,20260310-0400,147.26
IT-CSOUTH,20260310-0800,147.26
IT-CSOUTH,20260310-0600,147.26
IT-CSOUTH,20260310-1300,147.26
IT-CSOUTH,20260310-1700,147.26
IT-CSOUTH,20260310-2300,147.26
IT-CSOUTH,20260310-0300,147.26
IT-CSOUTH,20260310-2000,147.26
IT-CSOUTH,20260310-1400,147.26
IT-CSOUTH,20260310-0000,147.26
IT-CSOUTH,20260310-0900,147.26
IT-CSOUTH,20260310-1500,147.26
CZ,20260310-1200,68.51
CZ,20260310-1100,68.51
CZ,20260310-0200,68.51
CZ,20260310-2200,102.27
CZ,20260310-0500,103.08
CZ,20260310-1900,103.08
CZ,20260310-1000,68.51
CZ,20260310-0700,103.08
CZ,20260310-0100,68.51
CZ,20260310-1800,103.08
CZ,20260310-1600,103.08
CZ,20260310-2100,103.08
CZ,20260310-0400,92.27
CZ,20260310-0800,92.27
CZ,20260310-0600,103.08
CZ,20260310-1300,68.51
CZ,20260310-1700,103.08
CZ,20260310-2300,92.27
CZ,20260310-0300,68.51
CZ,20260310-2000,103.08
CZ,20260310-1400,102.77
CZ,20260310-0000,68.51
CZ,20260310-0900,68.51
CZ,20260310-1500,103.08
NO3,20260310-1200,78.77
NO3,20260310-1100,77.72
NO3,20260310-0200,92.77
NO3,20260310-2200,83.04
NO3,20260310-0500,101.75
NO3,20260310-1900,110.45
NO3,20260310-1000,86.03
NO3,20260310-0700,106.36
NO3,20260310-0100,92.77
NO3,20260310-1800,121.49
NO3,20260310-1600,116.7
NO3,20260310-2100,92.91
NO3,20260310-0400,93.05
NO3,20260310-0800,93.05
NO3,20260310-0600,116.12
NO3,20260310-1300,87.44
NO3,20260310-1700,121.49
NO3,20260310-2300,83.04
NO3,20260310-0300,92.77
NO3,20260310-2000,94.62
NO3,20260310-1400,89.55
NO3,20260310-0000,92.97
NO3,20260310-0900,88.05
NO3,20260310-1500,93.59
NO1,20260310-1200,78.77
NO1,20260310-1100,77.72
NO1,20260310-0200,92.77
NO1,20260310-2200,83.04
NO1,20260310-0500,101.75
NO1,20260310-1900,110.45
NO1,20260310-1000,86.03
NO1,20260310-0700,106.36
NO1,20260310-0100,92.77
NO1,20260310-1800,121.49
NO1,20260310-1600,116.7
NO1,20260310-2100,92.91
NO1,20260310-0400,93.05
NO1,20260310-0800,93.05
NO1,20260310-0600,116.12
NO1,20260310-1300,87.44
NO1,20260310-1700,121.49
NO1,20260310-2300,83.04
NO1,20260310-0300,92.77
NO1,20260310-2000,94.62
NO1,20260310-1400,89.55
NO1,20260310-0000,92.97
NO1,20260310-0900,88.05
NO1,20260310-1500,93.59
DE_LU,20260310-1200,90.56
DE_LU,20260310-1100,89.18
DE_LU,20260310-0200,103.39
DE_LU,20260310-2200,102.27
DE_LU,20260310-0500,129.18
DE_LU,20260310-1900,129.54
DE_LU,20260310-1000,92.27
DE_LU,20260310-0700,122.72
DE_LU,20260310-0100,103.39
DE_LU,20260310-1800,147.26
DE_LU,20260310-1600,139.81
DE_LU,20260310-2100,103.39
DE_LU,20260310-0400,120.87
DE_LU,20260310-0800,105.05
DE_LU,20260310-0600,147.26
DE_LU,20260310-1300,92.27
DE_LU,20260310-1700,147.26
DE_LU,20260310-2300,92.27
DE_LU,20260310-0300,105.16
DE_LU,20260310-2000,122.72
DE_LU,20260310-1400,102.77
DE_LU,20260310-0000,109.74
DE_LU,20260310-0900,102.17
DE_LU,20260310-1500,110.59
SK,20260310-1200,78.77
SK,20260310-1100,77.72
SK,20260310-0200,92.77
SK,20260310-2200,83.04
SK,20260310-0500,101.75
SK,20260310-1900,110.45
SK,20260310-1000,86.03
SK,20260310-0700,106.36
SK,20260310-0100,92.77
SK,20260310-1800,121.49
SK,20260310-1600,116.7
SK,20260310-2100,92.91
SK,20260310-0400,93.05
SK,20260310-0800,93.05
SK,20260310-0600,116.12
SK,20260310-1300,87.44
SK,20260310-1700,121.49
SK,20260310-2300,83.04
SK,20260310-0300,92.77
SK,20260310-2000,94.62
SK,20260310-1400,89.55
SK,20260310-0000,92.97
SK,20260310-0900,88.05
SK,20260310-1500,93.59
EE,20260310-1200,9.5
EE,20260310-1100,6.46
EE,20260310-0200,64.44
EE,20260310-2200,4.86
EE,20260310-0500,75.34
EE,20260310-1900,5.0
EE,20260310-1000,9.5
EE,20260310-0700,9.5
EE,20260310-0100,64.44
EE,20260310-1800,39.66
EE,20260310-1600,39.66
EE,20260310-2100,5.0
EE,20260310-0400,65.24
EE,20260310-0800,9.5
EE,20260310-0600,39.66
EE,20260310-1300,9.5
EE,20260310-1700,39.66
EE,20260310-2300,4.86
EE,20260310-0300,64.5
EE,20260310-2000,5.0
EE,20260310-1400,5.0
EE,20260310-0000,64.64
EE,20260310-0900,9.5
EE,20260310-1500,39.66
SE4,20260310-1200,50.02
SE4,20260310-1100,48.88
SE4,20260310-0200,64.44
SE4,20260310-2200,57.85
SE4,20260310-0500,77.28
SE4,20260310-1900,76.81
SE4,20260310-1000,55.96
SE4,20260310-0700,76.87
SE4,20260310-0100,64.44
SE4,20260310-1800,92.37
SE4,20260310-1600,91.26
SE4,20260310-2100,64.5
SE4,20260310-0400,65.24
SE4,20260310-0800,65.4
SE4,20260310-0600,91.86
SE4,20260310-1300,58.15
SE4,20260310-1700,92.37
SE4,20260310-2300,57.79
SE4,20260310-0300,64.5
SE4,20260310-2000,66.84
SE4,20260310-1400,60.9
SE4,20260310-0000,64.64
SE4,20260310-0900,57.85
SE4,20260310-1500,66.13
SI,20260520-1200,89.68
SI,20260520-1500,12.9
SI,20260520-0300,73.49
SI,20260520-0400,82.21
SI,20260520-1800,122.21
SI,20260520-1100,9.5
SI,20260520-1400,9.5
SI,20260520-1900,122.21
SI,20260520-1600,116.1
SI,20260520-1300,6.11
SI,20260520-2300,9.5
SI,20260520-2200,11.99
SI,20260520-0500,13.79
SI,20260520-1700,119.21
SI,20260520-2000,116.1
SI,20260520-0600,9.5
SI,20260520-0800,6.11
SI,20260520-0100,19.09
SI,20260520-1000,5.0
SI,20260520-0200,73.49
SI,20260520-0900,5.0
SI,20260520-0000,12.54
SI,20260520-2100,82.21
SI,20260520-0700,6.11
ES,20260520-1200,6.11
ES,20260520-1500,6.11
ES,20260520-0300,116.1
ES,20260520-0400,116.1
ES,20260520-1800,116.1
ES,20260520-1100,6.11
ES,20260520-1400,6.11
ES,20260520-1900,213.87
ES,20260520-1600,9.5
ES,20260520-1300,6.11
ES,20260520-2300,95.68
ES,20260520-2200,116.1
ES,20260520-0500,122.06
ES,20260520-1700,70.05
ES,20260520-2000,116.1
ES,20260520-0600,116.1
ES,20260520-0800,23.26
ES,20260520-0100,116.1
ES,20260520-1000,6.11
ES,20260520-0200,116.1
ES,20260520-0900,6.11
ES,20260520-0000,116.1
ES,20260520-2100,116.1
ES,20260520-0700,48.68
GR,20260520-1200,1.0
GR,20260520-1500,82.21
GR,20260520-0300,73.49
GR,20260520-0400,82.21
GR,20260520-1800,213.87
GR,20260520-1100,1.0
GR,20260520-1400,6.11
GR,20260520-1900,205.28
GR,20260520-1600,116.1
GR,20260520-1300,1.0
GR,20260520-2300,85.5
GR,20260520-2200,107.82
GR,20260520-0500,13.79
GR,20260520-1700,207.75
GR,20260520-2000,116.1
GR,20260520-0600,1.0
GR,20260520-0800,1.0
GR,20260520-0100,19.09
GR,20260520-1000,1.0
GR,20260520-0200,73.49
GR,20260520-0900,1.0
GR,20260520-0000,73.49
GR,20260520-2100,107.82
GR,20260520-0700,1.0
IT-CNORTH,20260520-1200,139.32
IT-CNORTH,20260520-1500,139.32
IT-CNORTH,20260520-0300,139.32
IT-CNORTH,20260520-0400,139.32
IT-CNORTH,20260520-1800,139.32
IT-CNORTH,20260520-1100,125.73
IT-CNORTH,20260520-1400,139.32
IT-CNORTH,20260520-1900,139.32
IT-CNORTH,20260520-1600,139.32
IT-CNORTH,20260520-1300,139.32
IT-CNORTH,20260520-2300,139.32
IT-CNORTH,20260520-2200,139.32
IT-CNORTH,20260520-0500,139.32
IT-CNORTH,20260520-1700,139.32
IT-CNORTH,20260520-2000,139.32
IT-CNORTH,20260520-0600,139.32
IT-CNORTH,20260520-0800,139.32
IT-CNORTH,20260520-0100,139.32
IT-CNORTH,20260520-1000,125.73
IT-CNORTH,20260520-0200,139.32
IT-CNORTH,20260520-0900,139.32
IT-CNORTH,20260520-0000,139.32
IT-CNORTH,20260520-2100,139.32
IT-CNORTH,20260520-0700,139.32
HU,20260520-1200,5.13
HU,20260520-1500,12.9
HU,20260520-0300,73.49
HU,20260520-0400,82.21
HU,20260520-1800,148.29
HU,20260520-1100,5.23
HU,20260520-1400,9.5
HU,20260520-1900,148.29
HU,20260520-1600,116.1
HU,20260520-1300,6.11
HU,20260520-2300,9.5
HU,20260520-2200,11.99
HU,20260520-0500,13.79
HU,20260520-1700,119.21
HU,20260520-2000,116.1
HU,20260520-0600,9.5
HU,20260520-0800,5.67
HU,20260520-0100,19.09
HU,20260520-1000,5.0
HU,20260520-0200,73.49
HU,20260520-0900,5.0
HU,20260520-0000,73.49
HU,20260520-2100,107.82
HU,20260520-0700,5.67
IT-SOUTH,20260520-1200,1.0
IT-SOUTH,20260520-1500,139.21
IT-SOUTH,20260520-0300,139.32
IT-SOUTH,20260520-0400,139.32
IT-SOUTH,20260520-1800,139.32
IT-SOUTH,20260520-1100,1.0
IT-SOUTH,20260520-1400,1.0
IT-SOUTH,20260520-1900,139.32
IT-SOUTH,20260520-1600,139.32
IT-SOUTH,20260520-1300,1.0
IT-SOUTH,20260520-2300,139.32
IT-SOUTH,20260520-2200,139.32
IT-SOUTH,20260520-0500,139.32
IT-SOUTH,20260520-1700,139.32
IT-SOUTH,20260520-2000,139.32
IT-SOUTH,20260520-0600,139.32
IT-SOUTH,20260520-0800,1.0
IT-SOUTH,20260520-0100,139.32
IT-SOUTH,20260520-1000,1.0
IT-SOUTH,20260520-0200,139.32
IT-SOUTH,20260520-0900,1.0
IT-SOUTH,20260520-0000,139.32
IT-SOUTH,20260520-2100,139.32
IT-SOUTH,20260520-0700,1.0
IT-Sicily,20260520-1200,1.0
IT-Sicily,20260520-1500,139.21
IT-Sicily,20260520-0300,139.32
IT-Sicily,20260520-0400,139.32
IT-Sicily,20260520-1800,139.32
IT-Sicily,20260520-1100,1.0
IT-Sicily,20260520-1400,1.0
IT-Sicily,20260520-1900,139.32
IT-Sicily,20260520-1600,139.32
IT-Sicily,20260520-1300,1.0
IT-Sicily,20260520-2300,139.32
IT-Sicily,20260520-2200,139.32
IT-Sicily,20260520-0500,139.32
IT-Sicily,20260520-1700,139.32
IT-Sicily,20260520-2000,139.32
IT-Sicily,20260520-0600,139.32
IT-Sicily,20260520-0800,1.0
IT-Sicily,20260520-0100,139.32
IT-Sicily,20260520-1000,1.0
IT-Sicily,20260520-0200,139.32
IT-Sicily,20260520-0900,1.0
IT-Sicily,20260520-0000,139.32
IT-Sicily,20260520-2100,139.32
IT-Sicily,20260520-0700,1.0
IT-Sardinia,20260520-1200,6.04
IT-Sardinia,20260520-1500,85.5
IT-Sardinia,20260520-0300,139.32
IT-Sardinia,20260520-0400,139.32
IT-Sardinia,20260520-1800,139.32
IT-Sardinia,20260520-1100,85.5
IT-Sardinia,20260520-1400,6.04
IT-Sardinia,20260520-1900,139.32
IT-Sardinia,20260520-1600,125.73
IT-Sardinia,20260520-1300,1.0
IT-Sardinia,20260520-2300,139.32
IT-Sardinia,20260520-2200,139.32
IT-Sardinia,20260520-0500,139.32
IT-Sardinia,20260520-1700,139.32
IT-Sardinia,20260520-2000,139.32
IT-Sardinia,20260520-0600,139.32
IT-Sardinia,20260520-0800,85.5
IT-Sardinia,20260520-0100,139.32
IT-Sardinia,20260520-1000,85.5
IT-Sardinia,20260520-0200,139.32
IT-Sardinia,20260520-0900,80.86
IT-Sardinia,20260520-0000,139.32
IT-Sardinia,20260520-2100,139.32
IT-Sardinia,20260520-0700,117.07
RS,20260520-1200,5.13
RS,20260520-1500,82.21
RS,20260520-0300,73.49
RS,20260520-0400,82.21
RS,20260520-1800,213.87
RS,20260520-1100,5.23
RS,20260520-1400,9.5
RS,20260520-1900,205.28
RS,20260520-1600,116.1
RS,20260520-1300,6.11
RS,20260520-2300,85.5
RS,20260520-2200,107.82
RS,20260520-0500,13.79
RS,20260520-1700,207.75
RS,20260520-2000,116.1
RS,20260520-0600,9.5
RS,20260520-0800,5.67
RS,20260520-0100,19.09
RS,20260520-1000,5.0
RS,20260520-0200,73.49
RS,20260520-0900,5.0
RS,20260520-0000,73.49
RS,20260520-2100,107.82
RS,20260520-0700,5.67
DK1,20260520-1200,73.49
DK1,20260520-1500,95.68
DK1,20260520-0300,95.68
DK1,20260520-0400,95.68
DK1,20260520-1800,116.1
DK1,20260520-1100,80.86
DK1,20260520-1400,95.68
DK1,20260520-1900,116.1
DK1,20260520-1600,107.82
DK1,20260520-1300,75.34
DK1,20260520-2300,104.78
DK1,20260520-2200,107.82
DK1,20260520-0500,105.75
DK1,20260520-1700,116.1
DK1,20260520-2000,116.1
DK1,20260520-0600,110.46
DK1,20260520-0800,95.68
DK1,20260520-0100,95.68
DK1,20260520-1000,85.63
DK1,20260520-0200,95.68
DK1,20260520-0900,95.68
DK1,20260520-0000,95.68
DK1,20260520-2100,107.82
DK1,20260520-0700,107.82
CH,20260520-1200,75.91
CH,20260520-1500,103.16
CH,20260520-0300,110.6
CH,20260520-0400,122.21
CH,20260520-1800,122.21
CH,20260520-1100,80.86
CH,20260520-1400,95.68
CH,20260520-1900,135.67
CH,20260520-1600,112.4
CH,20260520-1300,82.21
CH,20260520-2300,113.73
CH,20260520-2200,122.21
CH,20260520-0500,122.21
CH,20260520-1700,119.75
CH,20260520-2000,122.21
CH,20260520-0600,115.99
CH,20260520-0800,95.68
CH,20260520-0100,109.38
CH,20260520-1000,85.63
CH,20260520-0200,109.47
CH,20260520-0900,95.68
CH,20260520-0000,109.31
CH,20260520-2100,122.21
CH,20260520-0700,108.21
SE1,20260520-1200,71.56
SE1,20260520-1500,70.66
SE1,20260520-0300,67.61
SE1,20260520-0400,77.82
SE1,20260520-1800,64.62
SE1,20260520-1100,76.11
SE1,20260520-1400,68.35
SE1,20260520-1900,54.35
SE1,20260520-1600,73.74
SE1,20260520-1300,69.01
SE1,20260520-2300,54.35
SE1,20260520-2200,1.0
SE1,20260520-0500,88.3
SE1,20260520-1700,71.77
SE1,20260520-2000,54.35
SE1,20260520-0600,96.9
SE1,20260520-0800,95.02
SE1,20260520-0100,1.0
SE1,20260520-1000,83.3
SE1,20260520-0200,1.0
SE1,20260520-0900,89.59
SE1,20260520-0000,1.0
SE1,20260520-2100,1.0
SE1,20260520-0700,99.07
NO4,20260520-1200,42.44
NO4,20260520-1500,45.65
NO4,20260520-0300,30.84
NO4,20260520-0400,34.27
NO4,20260520-1800,47.05
NO4,20260520-1100,41.31
NO4,20260520-1400,45.51
NO4,20260520-1900,46.89
NO4,20260520-1600,45.85
NO4,20260520-1300,44.76
NO4,20260520-2300,25.66
NO4,20260520-2200,26.71
NO4,20260520-0500,38.19
NO4,20260520-1700,46.44
NO4,20260520-2000,44.86
NO4,20260520-0600,40.56
NO4,20260520-0800,40.9
NO4,20260520-0100,27.43
NO4,20260520-1000,40.66
NO4,20260520-0200,29.22
NO4,20260520-0900,41.15
NO4,20260520-0000,27.09
NO4,20260520-2100,34.78
NO4,20260520-0700,40.88
SE3,20260520-1200,67.02
SE3,20260520-1500,86.11
SE3,20260520-0300,86.11
SE3,20260520-0400,86.11
SE3,20260520-1800,104.49
SE3,20260520-1100,63.69
SE3,20260520-1400,68.24
SE3,20260520-1900,104.49
SE3,20260520-1600,90.22
SE3,20260520-1300,66.52
SE3,20260520-2300,88.33
SE3,20260520-2200,93.97
SE3,20260520-0500,95.18
SE3,20260520-1700,97.04
SE3,20260520-2000,104.49
SE3,20260520-0600,97.04
SE3,20260520-0800,86.11
SE3,20260520-0100,86.11
SE3,20260520-1000,71.4
SE3,20260520-0200,86.11
SE3,20260520-0900,73.99
SE3,20260520-0000,86.11
SE3,20260520-2100,97.04
SE3,20260520-0700,86.11
FR,20260520-1200,35.97
FR,20260520-1500,20.97
FR,20260520-0300,62.97
FR,20260520-0400,63.87
FR,20260520-1800,116.1
FR,20260520-1100,33.35
FR,20260520-1400,37.16
FR,20260520-1900,135.67
FR,20260520-1600,41.16
FR,20260520-1300,36.25
FR,20260520-2300,89.35
FR,20260520-2200,109.87
FR,20260520-0500,66.45
FR,20260520-1700,70.05
FR,20260520-2000,116.1
FR,20260520-0600,72.08
FR,20260520-0800,23.26
FR,20260520-0100,62.53
FR,20260520-1000,34.44
FR,20260520-0200,62.87
FR,20260520-0900,38.03
FR,20260520-0000,62.74
FR,20260520-2100,116.1
FR,20260520-0700,48.68
FI,20260520-1200,9.5
FI,20260520-1500,82.21
FI,20260520-0300,5.0
FI,20260520-0400,9.5
FI,20260520-1800,73.87
FI,20260520-1100,9.5
FI,20260520-1400,39.66
FI,20260520-1900,57.0
FI,20260520-1600,100.25
FI,20260520-1300,9.5
FI,20260520-2300,10.63
FI,20260520-2200,9.5
FI,20260520-0500,57.0
FI,20260520-1700,107.82
FI,20260520-2000,30.0
FI,20260520-0600,39.66
FI,20260520-0800,19.17
FI,20260520-0100,5.0
FI,20260520-1000,9.5
FI,20260520-0200,5.0
FI,20260520-0900,12.32
FI,20260520-0000,5.0
FI,20260520-2100,10.68
FI,20260520-0700,39.66
PL,20260520-1200,73.49
PL,20260520-1500,95.68
PL,20260520-0300,95.68
PL,20260520-0400,95.68
PL,20260520-1800,107.82
PL,20260520-1100,73.49
PL,20260520-1400,95.68
PL,20260520-1900,107.82
PL,20260520-1600,104.78
PL,20260520-1300,75.34
PL,20260520-2300,95.68
PL,20260520-2200,95.68
PL,20260520-0500,95.68
PL,20260520-1700,107.82
PL,20260520-2000,107.82
PL,20260520-0600,95.68
PL,20260520-0800,60.72
PL,20260520-0100,95.68
PL,20260520-1000,60.72
PL,20260520-0200,95.68
PL,20260520-0900,60.72
PL,20260520-0000,95.68
PL,20260520-2100,105.18
PL,20260520-0700,67.71
IT-Calabria,20260520-1200,1.0
IT-Calabria,20260520-1500,139.21
IT-Calabria,20260520-0300,139.32
IT-Calabria,20260520-0400,139.32
IT-Calabria,20260520-1800,139.32
IT-Calabria,20260520-1100,1.0
IT-Calabria,20260520-1400,1.0
IT-Calabria,20260520-1900,139.32
IT-Calabria,20260520-1600,139.32
IT-Calabria,20260520-1300,1.0
IT-Calabria,20260520-2300,139.32
IT-Calabria,20260520-2200,139.32
IT-Calabria,20260520-0500,139.32
IT-Calabria,20260520-1700,139.32
IT-Calabria,20260520-2000,139.32
IT-Calabria,20260520-0600,139.32
IT-Calabria,20260520-0800,1.0
IT-Calabria,20260520-0100,139.32
IT-Calabria,20260520-1000,1.0
IT-Calabria,20260520-0200,139.32
IT-Calabria,20260520-0900,1.0
IT-Calabria,20260520-0000,139.32
IT-Calabria,20260520-2100,139.32
IT-Calabria,20260520-0700,1.0
AT,20260520-1200,75.91
AT,20260520-1500,103.16
AT,20260520-0300,116.1
AT,20260520-0400,122.21
AT,20260520-1800,122.21
AT,20260520-1100,80.86
AT,20260520-1400,91.99
AT,20260520-1900,122.21
AT,20260520-1600,115.56
AT,20260520-1300,82.21
AT,20260520-2300,113.73
AT,20260520-2200,122.21
AT,20260520-0500,122.21
AT,20260520-1700,122.21
AT,20260520-2000,122.21
AT,20260520-0600,122.21
AT,20260520-0800,101.05
AT,20260520-0100,109.38
AT,20260520-1000,85.63
AT,20260520-0200,109.47
AT,20260520-0900,95.68
AT,20260520-0000,109.31
AT,20260520-2100,122.21
AT,20260520-0700,108.21
SE2,20260520-1200,71.56
SE2,20260520-1500,70.66
SE2,20260520-0300,71.23
SE2,20260520-0400,83.54
SE2,20260520-1800,64.62
SE2,20260520-1100,76.11
SE2,20260520-1400,68.35
SE2,20260520-1900,54.35
SE2,20260520-1600,73.74
SE2,20260520-1300,69.01
SE2,20260520-2300,54.35
SE2,20260520-2200,1.0
SE2,20260520-0500,94.61
SE2,20260520-1700,71.77
SE2,20260520-2000,54.35
SE2,20260520-0600,99.64
SE2,20260520-0800,95.02
SE2,20260520-0100,55.15
SE2,20260520-1000,83.3
SE2,20260520-0200,61.99
SE2,20260520-0900,89.59
SE2,20260520-0000,1.0
SE2,20260520-2100,1.0
SE2,20260520-0700,99.07
IT-NORTH,20260520-1200,139.32
IT-NORTH,20260520-1500,139.32
IT-NORTH,20260520-0300,139.32
IT-NORTH,20260520-0400,139.32
IT-NORTH,20260520-1800,139.32
IT-NORTH,20260520-1100,125.73
IT-NORTH,20260520-1400,139.32
IT-NORTH,20260520-1900,139.32
IT-NORTH,20260520-1600,139.32
IT-NORTH,20260520-1300,139.32
IT-NORTH,20260520-2300,139.32
IT-NORTH,20260520-2200,139.32
IT-NORTH,20260520-0500,139.32
IT-NORTH,20260520-1700,139.32
IT-NORTH,20260520-2000,139.32
IT-NORTH,20260520-0600,139.32
IT-NORTH,20260520-0800,139.32
IT-NORTH,20260520-0100,139.32
IT-NORTH,20260520-1000,125.73
IT-NORTH,20260520-0200,139.32
IT-NORTH,20260520-0900,139.32
IT-NORTH,20260520-0000,139.32
IT-NORTH,20260520-2100,139.32
IT-NORTH,20260520-0700,139.32
LT,20260520-1200,73.49
LT,20260520-1500,82.82
LT,20260520-0300,82.21
LT,20260520-0400,75.01
LT,20260520-1800,107.82
LT,20260520-1100,73.49
LT,20260520-1400,95.68
LT,20260520-1900,104.78
LT,20260520-1600,104.78
LT,20260520-1300,75.34
LT,20260520-2300,75.03
LT,20260520-2200,57.0
LT,20260520-0500,88.06
LT,20260520-1700,107.82
LT,20260520-2000,107.82
LT,20260520-0600,74.85
LT,20260520-0800,60.72
LT,20260520-0100,95.68
LT,20260520-1000,60.72
LT,20260520-0200,82.21
LT,20260520-0900,60.72
LT,20260520-0000,82.21
LT,20260520-2100,82.21
LT,20260520-0700,67.71
PT,20260520-1200,6.11
PT,20260520-1500,6.11
PT,20260520-0300,116.1
PT,20260520-0400,116.1
PT,20260520-1800,116.1
PT,20260520-1100,6.11
PT,20260520-1400,6.11
PT,20260520-1900,213.87
PT,20260520-1600,9.5
PT,20260520-1300,6.11
PT,20260520-2300,95.68
PT,20260520-2200,116.1
PT,20260520-0500,122.06
PT,20260520-1700,70.05
PT,20260520-2000,116.1
PT,20260520-0600,116.1
PT,20260520-0800,23.26
PT,20260520-0100,116.1
PT,20260520-1000,6.11
PT,20260520-0200,116.1
PT,20260520-0900,6.11
PT,20260520-0000,116.1
PT,20260520-2100,116.1
PT,20260520-0700,48.68
NO2,20260520-1200,91.11
NO2,20260520-1500,122.21
NO2,20260520-0300,95.68
NO2,20260520-0400,122.21
NO2,20260520-1800,122.21
NO2,20260520-1100,89.98
NO2,20260520-1400,103.07
NO2,20260520-1900,122.21
NO2,20260520-1600,122.21
NO2,20260520-1300,93.97
NO2,20260520-2300,122.21
NO2,20260520-2200,122.21
NO2,20260520-0500,122.21
NO2,20260520-1700,122.21
NO2,20260520-2000,122.21
NO2,20260520-0600,122.21
NO2,20260520-0800,122.21
NO2,20260520-0100,122.21
NO2,20260520-1000,100.87
NO2,20260520-0200,95.68
NO2,20260520-0900,111.76
NO2,20260520-0000,122.21
NO2,20260520-2100,122.21
NO2,20260520-0700,122.21
LV,20260520-1200,9.5
LV,20260520-1500,82.21
LV,20260520-0300,82.21
LV,20260520-0400,75.01
LV,20260520-1800,107.82
LV,20260520-1100,9.5
LV,20260520-1400,39.66
LV,20260520-1900,104.78
LV,20260520-1600,104.78
LV,20260520-1300,9.5
LV,20260520-2300,75.03
LV,20260520-2200,57.0
LV,20260520-0500,57.0
LV,20260520-1700,107.82
LV,20260520-2000,107.82
LV,20260520-0600,39.66
LV,20260520-0800,19.17
LV,20260520-0100,95.68
LV,20260520-1000,9.5
LV,20260520-0200,82.21
LV,20260520-0900,12.32
LV,20260520-0000,82.21
LV,20260520-2100,82.21
LV,20260520-0700,39.66
NL,20260520-1200,73.49
NL,20260520-1500,95.68
NL,20260520-0300,95.68
NL,20260520-0400,95.68
NL,20260520-1800,104.78
NL,20260520-1100,80.86
NL,20260520-1400,95.68
NL,20260520-1900,104.78
NL,20260520-1600,104.78
NL,20260520-1300,75.34
NL,20260520-2300,104.78
NL,20260520-2200,104.78
NL,20260520-0500,104.78
NL,20260520-1700,104.78
NL,20260520-2000,104.78
NL,20260520-0600,104.78
NL,20260520-0800,95.68
NL,20260520-0100,95.68
NL,20260520-1000,85.63
NL,20260520-0200,95.68
NL,20260520-0900,95.68
NL,20260520-0000,95.68
NL,20260520-2100,104.78
NL,20260520-0700,104.78
NO5,20260520-1200,94.39
NO5,20260520-1500,122.21
NO5,20260520-0300,122.21
NO5,20260520-0400,122.21
NO5,20260520-1800,122.21
NO5,20260520-1100,93.22
NO5,20260520-1400,106.78
NO5,20260520-1900,122.21
NO5,20260520-1600,122.21
NO5,20260520-1300,97.36
NO5,20260520-2300,122.21
NO5,20260520-2200,122.21
NO5,20260520-0500,122.21
NO5,20260520-1700,122.21
NO5,20260520-2000,122.21
NO5,20260520-0600,122.21
NO5,20260520-0800,122.21
NO5,20260520-0100,122.21
NO5,20260520-1000,104.5
NO5,20260520-0200,122.21
NO5,20260520-0900,115.78
NO5,20260520-0000,122.21
NO5,20260520-2100,122.21
NO5,20260520-0700,122.21
BE,20260520-1200,60.32
BE,20260520-1500,86.11
BE,20260520-0300,86.11
BE,20260520-0400,91.58
BE,20260520-1800,104.78
BE,20260520-1100,59.57
BE,20260520-1400,68.24
BE,20260520-1900,116.1
BE,20260520-1600,90.22
BE,20260520-1300,62.22
BE,20260520-2300,88.33
BE,20260520-2200,93.97
BE,20260520-0500,91.58
BE,20260520-1700,95.67
BE,20260520-2000,110.44
BE,20260520-0600,95.67
BE,20260520-0800,86.11
BE,20260520-0100,86.11
BE,20260520-1000,66.78
BE,20260520-0200,86.11
BE,20260520-0900,73.99
BE,20260520-0000,86.11
BE,20260520-2100,106.3
BE,20260520-0700,86.11
RO,20260520-1200,5.13
RO,20260520-1500,82.21
RO,20260520-0300,73.49
RO,20260520-0400,82.21
RO,20260520-1800,213.87
RO,20260520-1100,4.8
RO,20260520-1400,9.5
RO,20260520-1900,205.28
RO,20260520-1600,116.1
RO,20260520-1300,6.11
RO,20260520-2300,85.5
RO,20260520-2200,107.82
RO,20260520-0500,13.79
RO,20260520-1700,207.75
RO,20260520-2000,116.1
RO,20260520-0600,9.5
RO,20260520-0800,5.0
RO,20260520-0100,19.09
RO,20260520-1000,4.8
RO,20260520-0200,73.49
RO,20260520-0900,3.75
RO,20260520-0000,73.49
RO,20260520-2100,107.82
RO,20260520-0700,5.67
DK2,20260520-1200,73.49
DK2,20260520-1500,95.68
DK2,20260520-0300,82.21
DK2,20260520-0400,75.01
DK2,20260520-1800,116.1
DK2,20260520-1100,80.86
DK2,20260520-1400,95.68
DK2,20260520-1900,116.1
DK2,20260520-1600,107.82
DK2,20260520-1300,75.34
DK2,20260520-2300,75.03
DK2,20260520-2200,57.0
DK2,20260520-0500,105.75
DK2,20260520-1700,116.1
DK2,20260520-2000,107.82
DK2,20260520-0600,110.46
DK2,20260520-0800,95.68
DK2,20260520-0100,95.68
DK2,20260520-1000,85.63
DK2,20260520-0200,82.21
DK2,20260520-0900,95.68
DK2,20260520-0000,82.21
DK2,20260520-2100,82.21
DK2,20260520-0700,107.82
BG,20260520-1200,5.13
BG,20260520-1500,82.21
BG,20260520-0300,73.49
BG,20260520-0400,82.21
BG,20260520-1800,213.87
BG,20260520-1100,4.8
BG,20260520-1400,9.5
BG,20260520-1900,205.28
BG,20260520-1600,116.1
BG,20260520-1300,6.11
BG,20260520-2300,85.5
BG,20260520-2200,107.82
BG,20260520-0500,13.79
BG,20260520-1700,207.75
BG,20260520-2000,116.1
BG,20260520-0600,9.5
BG,20260520-0800,5.0
BG,20260520-0100,19.09
BG,20260520-1000,4.8
BG,20260520-0200,73.49
BG,20260520-0900,3.75
BG,20260520-0000,73.49
BG,20260520-2100,107.82
BG,20260520-0700,5.67
IT-CSOUTH,20260520-1200,85.5
IT-CSOUTH,20260520-1500,139.21
IT-CSOUTH,20260520-0300,139.32
IT-CSOUTH,20260520-0400,139.32
IT-CSOUTH,20260520-1800,139.32
IT-CSOUTH,20260520-1100,85.5
IT-CSOUTH,20260520-1400,125.73
IT-CSOUTH,20260520-1900,139.32
IT-CSOUTH,20260520-1600,139.32
IT-CSOUTH,20260520-1300,122.83
IT-CSOUTH,20260520-2300,139.32
IT-CSOUTH,20260520-2200,139.32
IT-CSOUTH,20260520-0500,139.32
IT-CSOUTH,20260520-1700,139.32
IT-CSOUTH,20260520-2000,139.32
IT-CSOUTH,20260520-0600,139.32
IT-CSOUTH,20260520-0800,85.5
IT-CSOUTH,20260520-0100,139.32
IT-CSOUTH,20260520-1000,85.5
IT-CSOUTH,20260520-0200,139.32
IT-CSOUTH,20260520-0900,80.86
IT-CSOUTH,20260520-0000,139.32
IT-CSOUTH,20260520-2100,139.32
IT-CSOUTH,20260520-0700,125.73
CZ,20260520-1200,73.49
CZ,20260520-1500,95.68
CZ,20260520-0300,95.68
CZ,20260520-0400,107.82
CZ,20260520-1800,116.1
CZ,20260520-1100,80.86
CZ,20260520-1400,95.68
CZ,20260520-1900,107.82
CZ,20260520-1600,107.82
CZ,20260520-1300,75.34
CZ,20260520-2300,95.68
CZ,20260520-2200,95.68
CZ,20260520-0500,107.82
CZ,20260520-1700,107.82
CZ,20260520-2000,107.82
CZ,20260520-0600,107.82
CZ,20260520-0800,60.72
CZ,20260520-0100,95.68
CZ,20260520-1000,73.49
CZ,20260520-0200,95.68
CZ,20260520-0900,73.49
CZ,20260520-0000,95.68
CZ,20260520-2100,105.18
CZ,20260520-0700,73.49
NO3,20260520-1200,86.79
NO3,20260520-1500,122.21
NO3,20260520-0300,122.21
NO3,20260520-0400,122.21
NO3,20260520-1800,122.21
NO3,20260520-1100,85.72
NO3,20260520-1400,98.19
NO3,20260520-1900,122.21
NO3,20260520-1600,250.0
NO3,20260520-1300,89.53
NO3,20260520-2300,122.21
NO3,20260520-2200,122.21
NO3,20260520-0500,122.21
NO3,20260520-1700,122.21
NO3,20260520-2000,122.21
NO3,20260520-0600,122.21
NO3,20260520-0800,122.21
NO3,20260520-0100,122.21
NO3,20260520-1000,96.09
NO3,20260520-0200,122.21
NO3,20260520-0900,106.46
NO3,20260520-0000,122.21
NO3,20260520-2100,122.21
NO3,20260520-0700,122.21
NO1,20260520-1200,84.55
NO1,20260520-1500,3000.0
NO1,20260520-0300,120.71
NO1,20260520-0400,122.21
NO1,20260520-1800,122.21
NO1,20260520-1100,83.51
NO1,20260520-1400,250.0
NO1,20260520-1900,250.0
NO1,20260520-1600,3000.0
NO1,20260520-1300,87.22
NO1,20260520-2300,122.21
NO1,20260520-2200,250.0
NO1,20260520-0500,101.75
NO1,20260520-1700,3000.0
NO1,20260520-2000,3000.0
NO1,20260520-0600,106.3
NO1,20260520-0800,250.0
NO1,20260520-0100,120.71
NO1,20260520-1000,93.61
NO1,20260520-0200,120.71
NO1,20260520-0900,103.72
NO1,20260520-0000,120.71
NO1,20260520-2100,250.0
NO1,20260520-0700,120.71
DE_LU,20260520-1200,73.49
DE_LU,20260520-1500,95.68
DE_LU,20260520-0300,95.68
DE_LU,20260520-0400,107.82
DE_LU,20260520-1800,116.1
DE_LU,20260520-1100,80.86
DE_LU,20260520-1400,95.68
DE_LU,20260520-1900,116.1
DE_LU,20260520-1600,107.82
DE_LU,20260520-1300,75.34
DE_LU,20260520-2300,104.78
DE_LU,20260520-2200,107.82
DE_LU,20260520-0500,107.82
DE_LU,20260520-1700,116.1
DE_LU,20260520-2000,116.1
DE_LU,20260520-0600,110.46
DE_LU,20260520-0800,95.68
DE_LU,20260520-0100,95.68
DE_LU,20260520-1000,85.63
DE_LU,20260520-0200,95.68
DE_LU,20260520-0900,95.68
DE_LU,20260520-0000,95.68
DE_LU,20260520-2100,107.82
DE_LU,20260520-0700,107.82
SK,20260520-1200,60.32
SK,20260520-1500,86.11
SK,20260520-0300,86.11
SK,20260520-0400,91.58
SK,20260520-1800,99.4
SK,20260520-1100,59.57
SK,20260520-1400,68.24
SK,20260520-1900,99.4
SK,20260520-1600,90.22
SK,20260520-1300,62.22
SK,20260520-2300,88.33
SK,20260520-2200,93.97
SK,20260520-0500,91.58
SK,20260520-1700,95.67
SK,20260520-2000,99.4
SK,20260520-0600,95.67
SK,20260520-0800,86.11
SK,20260520-0100,86.11
SK,20260520-1000,66.78
SK,20260520-0200,86.11
SK,20260520-0900,73.99
SK,20260520-0000,86.11
SK,20260520-2100,95.67
SK,20260520-0700,86.11
EE,20260520-1200,9.5
EE,20260520-1500,82.21
EE,20260520-0300,75.34
EE,20260520-0400,75.01
EE,20260520-1800,75.34
EE,20260520-1100,9.5
EE,20260520-1400,39.66
EE,20260520-1900,75.34
EE,20260520-1600,100.25
EE,20260520-1300,9.5
EE,20260520-2300,39.66
EE,20260520-2200,39.66
EE,20260520-0500,57.0
EE,20260520-1700,107.82
EE,20260520-2000,39.66
EE,20260520-0600,39.66
EE,20260520-0800,19.17
EE,20260520-0100,39.66
EE,20260520-1000,9.5
EE,20260520-0200,39.66
EE,20260520-0900,12.32
EE,20260520-0000,39.66
EE,20260520-2100,39.66
EE,20260520-0700,39.66
SE4,20260520-1200,73.49
SE4,20260520-1500,82.82
SE4,20260520-0300,82.21
SE4,20260520-0400,75.01
SE4,20260520-1800,104.78
SE4,20260520-1100,80.86
SE4,20260520-1400,95.68
SE4,20260520-1900,104.78
SE4,20260520-1600,104.78
SE4,20260520-1300,75.34
SE4,20260520-2300,75.03
SE4,20260520-2200,57.0
SE4,20260520-0500,88.06
SE4,20260520-1700,107.82
SE4,20260520-2000,107.82
SE4,20260520-0600,74.85
SE4,20260520-0800,72.86
SE4,20260520-0100,95.68
SE4,20260520-1000,61.67
SE4,20260520-0200,82.21
SE4,20260520-0900,65.84
SE4,20260520-0000,82.21
SE4,20260520-2100,82.21
SE4,20260520-0700,67.71
