   🔮 Ex-ante flow mode: v3 (scoped default)
   🧩 Period-decomposition ENABLED (per-period independent clears; policy: canonical on the EU path)
============================================================
🌍 MULTI-ZONE MARKET CLEARING WITH TRANSMISSION FLOWS
   Date: 2025-07-07
============================================================

📋 Target zones: AT, BE, BG, CZ, DE_LU, DK1, DK2, EE, ES, FI, FR, GR, HU, LT, LV, NL, NO1, NO2, NO3, NO4, NO5, PL, PT, RO, RS, SE1, SE2, SE3, SE4, SI, SK, IT-NORTH, IT-CNORTH, IT-CSOUTH, IT-SOUTH, IT-Calabria, IT-Sicily, IT-Sardinia, CH
   📋 Order method: merit_order

📊 Creating multi-zone order book...
🌍 Creating multi-zone order book (merit-order method) for 39 zones
   🔌 Fetching transfer capacities between zones...
📊 Fetching ENTSO-E transfer capacity (enriched: explicit=true, remap=IT→IT-NORTH) for 2025-07-07...
✅ Enriched transfer capacity: 3456 implicit rows, +1104 explicit-only rows, 192 aggregate endpoints remapped, -1200 stale flow-based border-hours dropped, 2016 in-footprint border-hours
✅ Created transfer capacity structure:
   🌍 Bidding zones: 33 (AT, BG, CH, CZ, DE_LU, DK1, DK2, EE, ES, FI, FR, GR, HU, IT-CNORTH, IT-CSOUTH, IT-Calabria, IT-NORTH, IT-SOUTH, IT-Sardinia, IT-Sicily, LT, LV, NL, NO2, PL, PT, RO, RS, SE1, SE2, SE3, SE4, SI)
   🕐 Time periods: 24
   ➡️  Forward capacities: 2016 entries
   ↔️  Bidirectional links: 1904
   ➡️  Unidirectional links: 112
   🚫 Shadowed aggregate codes excluded from observed imports: DE_50HzT, DE_Amprion, DE_TenneT_GER, DE_TransnetBW, DK, IT
   📊 Processing zone AT...
      ℹ️  No usable ATC link to BE, BG, CZ, DE_LU, DK1, DK2, EE, ES, FI, FR, GR, HU, IT-CNORTH, IT-CSOUTH, IT-Calabria, IT-SOUTH, IT-Sardinia, IT-Sicily, LT, LV, NL, NO1, NO2, NO3, NO4, NO5, PL, PT, RO, RS, SE1, SE2, SE3, SE4, SI, SK — keeping observed net imports for those borders
📊 Creating merit-order order book for AT on 2025-07-07
  ➕ Fleet completion: +168 MW Biomass (recent p95 168 MW vs 0 MW unit-level)
  ➕ Fleet completion: +812 MW Hydro Water Reservoir (recent p95 947 MW vs 135 MW unit-level)
  ➕ Fleet completion: +4259 MW Hydro Run-of-river and pondage (recent p95 4259 MW vs 0 MW unit-level)
  📊 Resolution analysis:
     - Loads & Renewables: PT15M (15 minutes)
     - Loads & Renewables: PT15M (15 minutes)
     → Using finest resolution: 15 minutes
  🕐 Aggregated 15-min data to hourly (24 slots)
  🛟 Import backstop: peak 2449 MW @ €158.3/MWh (24 hours, 8-week window)
  💧 Hydro: offer scale 0.9, dryness 0.1 (reservoir levels) [reservoir-opportunity]
  🔗 Merged 1488 orders into 456 price-distinct blocks
  ✅ Merit-order book: 1440 supply / 48 demand orders
     ⚖️  Supply/Demand ratio: 2.14  (gas SRMC €88.0/MWh)
   📊 Processing zone BE...
      ℹ️  No usable ATC link to AT, BG, CH, CZ, DE_LU, DK1, DK2, EE, ES, FI, FR, GR, HU, IT-CNORTH, IT-CSOUTH, IT-Calabria, IT-NORTH, IT-SOUTH, IT-Sardinia, IT-Sicily, LT, LV, NL, NO1, NO2, NO3, NO4, NO5, PL, PT, RO, RS, SE1, SE2, SE3, SE4, SI, SK — keeping observed net imports for those borders
📊 Creating merit-order order book for BE on 2025-07-07
  ➕ Fleet completion: +438 MW Biomass (recent p95 438 MW vs 0 MW unit-level)
  ➕ Fleet completion: +257 MW Waste (recent p95 257 MW vs 0 MW unit-level)
  ➕ Fleet completion: +1009 MW Nuclear (recent p95 2416 MW vs 1407 MW unit-level)
  📊 Resolution analysis:
     - Loads: PT15M (15 minutes)
     - Renewables: PT60M (60 minutes)
     → Using finest resolution: 15 minutes
  📊 Disaggregating renewables from 60min to 15min resolution
  🕐 Aggregated 15-min data to hourly (24 slots)
      ✅ Added 1440 supply + 48 demand orders
  🛟 Import backstop: peak 2091 MW @ €158.3/MWh (24 hours, 8-week window)
  💧 Hydro: offer scale 0.75, dryness 0.07 (output-based fallback)
  🔗 Merged 3720 orders into 792 price-distinct blocks
  ✅ Merit-order book: 3672 supply / 48 demand orders
     ⚖️  Supply/Demand ratio: 1.49  (gas SRMC €88.0/MWh)
   📊 Processing zone BG...
      ℹ️  No usable ATC link to AT, BE, CH, CZ, DE_LU, DK1, DK2, EE, ES, FI, FR, HU, IT-CNORTH, IT-CSOUTH, IT-Calabria, IT-NORTH, IT-SOUTH, IT-Sardinia, IT-Sicily, LT, LV, NL, NO1, NO2, NO3, NO4, NO5, PL, PT, SE1, SE2, SE3, SE4, SI, SK — keeping observed net imports for those borders
📊 Creating merit-order order book for BG on 2025-07-07
      ✅ Added 3672 supply + 48 demand orders
  ➕ Fleet completion: +426 MW Hydro Water Reservoir (recent p95 666 MW vs 240 MW unit-level)
  ➕ Fleet completion: +268 MW Hydro Run-of-river and pondage (recent p95 268 MW vs 0 MW unit-level)
  ➖ Fleet-truthing derate: Fossil Brown coal/Lignite ×0.38 (fleet 2455 MW vs recent p95 814 MW)
  📊 Resolution analysis:
     - Loads & Renewables: PT60M (60 minutes)
     - Loads & Renewables: PT60M (60 minutes)
     → Using finest resolution: 60 minutes
  💧 Hydro: offer scale 0.94, dryness 0.15 (reservoir levels)
  🔗 Merged 2304 orders into 720 price-distinct blocks
  ✅ Merit-order book: 2242 supply / 62 demand orders
     ⚖️  Supply/Demand ratio: 1.48  (gas SRMC €88.0/MWh)
   📊 Processing zone CZ...
      ℹ️  No usable ATC link to AT, BE, BG, CH, DK1, DK2, EE, ES, FI, FR, GR, HU, IT-CNORTH, IT-CSOUTH, IT-Calabria, IT-NORTH, IT-SOUTH, IT-Sardinia, IT-Sicily, LT, LV, NL, NO1, NO2, NO3, NO4, NO5, PT, RO, RS, SE1, SE2, SE3, SE4, SI, SK — keeping observed net imports for those borders
📊 Creating merit-order order book for CZ on 2025-07-07
      ✅ Added 2242 supply + 62 demand orders
  ➕ Fleet completion: +360 MW Biomass (recent p95 360 MW vs 0 MW unit-level)
  ➕ Fleet completion: +325 MW Hydro Pumped Storage (installed 1130 MW vs 805 MW unit-level)
  ➕ Fleet completion: +236 MW Hydro Water Reservoir (recent p95 380 MW vs 144 MW unit-level)
  ➕ Fleet completion: +122 MW Hydro Run-of-river and pondage (recent p95 122 MW vs 0 MW unit-level)
  ➕ Fleet completion: +197 MW Fossil Gas (installed 1229 MW vs 1032 MW unit-level)
  ➕ Fleet completion: +1733 MW Fossil Brown coal/Lignite (installed 5663 MW vs 3930 MW unit-level)
  ➕ Fleet completion: +270 MW Other renewable (recent p95 270 MW vs 0 MW unit-level)
  ➕ Fleet completion: +1085 MW Nuclear (installed 4290 MW vs 3205 MW unit-level)
  📊 Resolution analysis:
     - Loads & Renewables: PT15M (15 minutes)
     - Loads & Renewables: PT15M (15 minutes)
     → Using finest resolution: 15 minutes
  🕐 Aggregated 15-min data to hourly (24 slots)
  💧 Hydro: offer scale 0.53, dryness 0.09 (output-based fallback)
  🔗 Merged 3714 orders into 760 price-distinct blocks
  ✅ Merit-order book: 3666 supply / 48 demand orders
     ⚖️  Supply/Demand ratio: 2.02  (gas SRMC €88.0/MWh)
   📊 Processing zone DE_LU...
      ℹ️  No usable ATC link to AT, BE, BG, EE, ES, FI, GR, HU, IT-CNORTH, IT-CSOUTH, IT-Calabria, IT-NORTH, IT-SOUTH, IT-Sardinia, IT-Sicily, LT, LV, NO1, NO3, NO4, NO5, PT, RO, RS, SE1, SE2, SE3, SE4, SI, SK — keeping observed net imports for those borders
📊 Creating merit-order order book for DE_LU on 2025-07-07
      ✅ Added 3666 supply + 48 demand orders
  ➕ Fleet completion: +4539 MW Biomass (recent p95 4539 MW vs 0 MW unit-level)
  ➕ Fleet completion: +1852 MW Hydro Pumped Storage (installed 7495 MW vs 5643 MW unit-level)
  ➕ Fleet completion: +142 MW Hydro Water Reservoir (recent p95 642 MW vs 500 MW unit-level)
  ➕ Fleet completion: +147 MW Other (recent p95 147 MW vs 0 MW unit-level)
  ➕ Fleet completion: +699 MW Waste (recent p95 808 MW vs 109 MW unit-level)
  ➕ Fleet completion: +1491 MW Hydro Run-of-river and pondage (recent p95 1956 MW vs 464 MW unit-level)
  ➕ Fleet completion: +5660 MW Fossil Gas (installed 19529 MW vs 13869 MW unit-level)
  ➕ Fleet completion: +13184 MW Fossil Hard coal (installed 20831 MW vs 7647 MW unit-level)
  ➕ Fleet completion: +7359 MW Fossil Brown coal/Lignite (installed 19572 MW vs 12213 MW unit-level)
  ➕ Fleet completion: +772 MW Fossil Oil (installed 1142 MW vs 370 MW unit-level)
  ➕ Fleet completion: +414 MW Fossil Coal-derived gas (installed 1245 MW vs 831 MW unit-level)
  📊 Resolution analysis:
     - Loads & Renewables: PT15M (15 minutes)
     - Loads & Renewables: PT15M (15 minutes)
     → Using finest resolution: 15 minutes
  🕐 Aggregated 15-min data to hourly (24 slots)
  💧 Hydro: offer scale 0.7, dryness 0.01 (output-based fallback)
  🔗 Merged 13776 orders into 1103 price-distinct blocks
  ✅ Merit-order book: 13728 supply / 48 demand orders
     ⚖️  Supply/Demand ratio: 1.8  (gas SRMC €88.0/MWh)
   📊 Processing zone DK1...
      ℹ️  No usable ATC link to AT, BE, BG, CH, CZ, EE, ES, FI, FR, GR, HU, IT-CNORTH, IT-CSOUTH, IT-Calabria, IT-NORTH, IT-SOUTH, IT-Sardinia, IT-Sicily, LT, LV, NO1, NO2, NO3, NO4, NO5, PL, PT, RO, RS, SE1, SE2, SE4, SI, SK — keeping observed net imports for those borders
📊 Creating merit-order order book for DK1 on 2025-07-07
      ✅ Added 13728 supply + 48 demand orders
  ➖ Fleet-truthing derate: Fossil Hard coal ×0.0 (fleet 1486 MW vs recent p95 0 MW)
  📊 Resolution analysis:
     - Loads: PT60M (60 minutes)
     - Renewables: PT15M (15 minutes)
     → Using finest resolution: 15 minutes
  📊 Disaggregating loads from 60min to 15min resolution
  🕐 Aggregated 15-min data to hourly (24 slots)
  🛟 Import backstop: peak 1287 MW @ €158.3/MWh (24 hours, 8-week window)
  🌐 Boundary book (GB): 120 orders over 24 slots
  🔗 Merged 528 orders into 504 price-distinct blocks
  ✅ Merit-order book: 432 supply / 96 demand orders
     ⚖️  Supply/Demand ratio: 1.34  (gas SRMC €88.0/MWh)
   📊 Processing zone DK2...
      ℹ️  No usable ATC link to AT, BE, BG, CH, CZ, EE, ES, FI, FR, GR, HU, IT-CNORTH, IT-CSOUTH, IT-Calabria, IT-NORTH, IT-SOUTH, IT-Sardinia, IT-Sicily, LT, LV, NL, NO1, NO2, NO3, NO4, NO5, PL, PT, RO, RS, SE1, SE2, SE3, SI, SK — keeping observed net imports for those borders
📊 Creating merit-order order book for DK2 on 2025-07-07
      ✅ Added 432 supply + 96 demand orders
  ➕ Fleet completion: +110 MW Waste (recent p95 110 MW vs 0 MW unit-level)
  ➖ Fleet-truthing derate: Fossil Hard coal ×0.06 (fleet 1037 MW vs recent p95 59 MW)
  📊 Resolution analysis:
     - Loads: PT60M (60 minutes)
     - Renewables: PT15M (15 minutes)
     → Using finest resolution: 15 minutes
  📊 Disaggregating loads from 60min to 15min resolution
  🕐 Aggregated 15-min data to hourly (24 slots)
  🛟 Import backstop: peak 852 MW @ €158.3/MWh (24 hours, 8-week window)
  🔗 Merged 1104 orders into 576 price-distinct blocks
  ✅ Merit-order book: 1056 supply / 48 demand orders
     ⚖️  Supply/Demand ratio: 1.89  (gas SRMC €88.0/MWh)
   📊 Processing zone EE...
      ℹ️  No usable ATC link to AT, BE, BG, CH, CZ, DE_LU, DK1, DK2, ES, FR, GR, HU, IT-CNORTH, IT-CSOUTH, IT-Calabria, IT-NORTH, IT-SOUTH, IT-Sardinia, IT-Sicily, LT, NL, NO1, NO2, NO3, NO4, NO5, PL, PT, RO, RS, SE1, SE2, SE3, SE4, SI, SK — keeping observed net imports for those borders
📊 Creating merit-order order book for EE on 2025-07-07
      ✅ Added 1056 supply + 48 demand orders
  ➕ Fleet completion: +443 MW Fossil Oil shale (installed 1330 MW vs 887 MW unit-level)
  📊 Resolution analysis:
     - Loads & Renewables: PT60M (60 minutes)
     - Loads & Renewables: PT60M (60 minutes)
     → Using finest resolution: 60 minutes
  🔗 Merged 866 orders into 194 price-distinct blocks
  ✅ Merit-order book: 818 supply / 48 demand orders
     ⚖️  Supply/Demand ratio: 21.27  (gas SRMC €88.0/MWh)
   📊 Processing zone ES...
      ℹ️  No usable ATC link to AT, BE, BG, CH, CZ, DE_LU, DK1, DK2, EE, FI, GR, HU, IT-CNORTH, IT-CSOUTH, IT-Calabria, IT-NORTH, IT-SOUTH, IT-Sardinia, IT-Sicily, LT, LV, NL, NO1, NO2, NO3, NO4, NO5, PL, RO, RS, SE1, SE2, SE3, SE4, SI, SK — keeping observed net imports for those borders
📊 Creating merit-order order book for ES on 2025-07-07
      ✅ Added 818 supply + 48 demand orders
  ➕ Fleet completion: +492 MW Biomass (recent p95 492 MW vs 0 MW unit-level)
  ➕ Fleet completion: +261 MW Hydro Water Reservoir (recent p95 4176 MW vs 3915 MW unit-level)
  ➕ Fleet completion: +248 MW Waste (recent p95 248 MW vs 0 MW unit-level)
  ➕ Fleet completion: +1172 MW Hydro Run-of-river and pondage (recent p95 1172 MW vs 0 MW unit-level)
  ➖ Fleet-truthing derate: Fossil Hard coal ×0.44 (fleet 916 MW vs recent p95 352 MW)
  📊 Resolution analysis:
     - Loads & Renewables: PT15M (15 minutes)
     - Loads & Renewables: PT15M (15 minutes)
     → Using finest resolution: 15 minutes
  🕐 Aggregated 15-min data to hourly (24 slots)
  💧 Hydro: offer scale 0.81, dryness 0.0 (reservoir levels)
  🔗 Merged 11088 orders into 815 price-distinct blocks
  ✅ Merit-order book: 11040 supply / 48 demand orders
     ⚖️  Supply/Demand ratio: 1.72  (gas SRMC €88.0/MWh)
   📊 Processing zone FI...
      ℹ️  No usable ATC link to AT, BE, BG, CH, CZ, DE_LU, DK1, DK2, ES, FR, GR, HU, IT-CNORTH, IT-CSOUTH, IT-Calabria, IT-NORTH, IT-SOUTH, IT-Sardinia, IT-Sicily, LT, LV, NL, NO1, NO2, NO3, NO4, NO5, PL, PT, RO, RS, SE1, SE2, SE3, SE4, SI, SK — keeping observed net imports for those borders
📊 Creating merit-order order book for FI on 2025-07-07
      ✅ Added 11040 supply + 48 demand orders
  ➕ Fleet completion: +145 MW Biomass (recent p95 780 MW vs 635 MW unit-level)
  ➕ Fleet completion: +2118 MW Hydro Run-of-river and pondage (recent p95 2118 MW vs 0 MW unit-level)
  ➕ Fleet completion: +178 MW Nuclear (recent p95 4154 MW vs 3977 MW unit-level)
  ➖ Fleet-truthing derate: Fossil Hard coal ×0.0 (fleet 1878 MW vs recent p95 2 MW)
  ➖ Fleet-truthing derate: Fossil Peat ×0.06 (fleet 820 MW vs recent p95 44 MW)
  📊 Resolution analysis:
     - Loads & Renewables: PT15M (15 minutes)
     - Loads & Renewables: PT15M (15 minutes)
     → Using finest resolution: 15 minutes
  🕐 Aggregated 15-min data to hourly (24 slots)
  💧 Hydro: offer scale 0.92, dryness 0.08 (reservoir levels) [reservoir-opportunity]
  🔗 Merged 4680 orders into 1008 price-distinct blocks
  ✅ Merit-order book: 4632 supply / 48 demand orders
     ⚖️  Supply/Demand ratio: 1.37  (gas SRMC €88.0/MWh)
   📊 Processing zone FR...
      ℹ️  No usable ATC link to AT, BE, BG, CZ, DK1, DK2, EE, FI, GR, HU, IT-CNORTH, IT-CSOUTH, IT-Calabria, IT-SOUTH, IT-Sardinia, IT-Sicily, LT, LV, NL, NO1, NO2, NO3, NO4, NO5, PL, PT, RO, RS, SE1, SE2, SE3, SE4, SI, SK — keeping observed net imports for those borders
📊 Creating merit-order order book for FR on 2025-07-07
      ✅ Added 4632 supply + 48 demand orders
  ➕ Fleet completion: +237 MW Biomass (recent p95 387 MW vs 150 MW unit-level)
  ➕ Fleet completion: +1128 MW Hydro Water Reservoir (recent p95 2459 MW vs 1331 MW unit-level)
  ➕ Fleet completion: +393 MW Waste (recent p95 393 MW vs 0 MW unit-level)
  ➕ Fleet completion: +3552 MW Hydro Run-of-river and pondage (recent p95 5620 MW vs 2068 MW unit-level)
  ➖ Fleet-truthing derate: Nuclear ×0.97 (fleet 48215 MW vs recent p95 40798 MW)
  📊 Resolution analysis:
     - Loads: PT15M (15 minutes)
     - Renewables: PT60M (60 minutes)
     → Using finest resolution: 15 minutes
  📊 Disaggregating renewables from 60min to 15min resolution
  🕐 Aggregated 15-min data to hourly (24 slots)
  🛟 Import backstop: peak 2019 MW @ €158.3/MWh (24 hours, 8-week window)
  💧 Hydro: offer scale 0.83, dryness 0.02 (reservoir levels)
  🌐 Boundary book (GB): 120 orders over 24 slots
  🔗 Merged 16735 orders into 1056 price-distinct blocks
  ✅ Merit-order book: 16639 supply / 96 demand orders
     ⚖️  Supply/Demand ratio: 1.76  (gas SRMC €88.0/MWh)
   📊 Processing zone GR...
      ℹ️  No usable ATC link to AT, BE, CH, CZ, DE_LU, DK1, DK2, EE, ES, FI, FR, HU, IT-CNORTH, IT-CSOUTH, IT-Calabria, IT-NORTH, IT-Sardinia, IT-Sicily, LT, LV, NL, NO1, NO2, NO3, NO4, NO5, PL, PT, RO, RS, SE1, SE2, SE3, SE4, SI, SK — keeping observed net imports for those borders
📊 Creating merit-order order book for GR on 2025-07-07
      ✅ Added 16639 supply + 96 demand orders
  ➖ Fleet-truthing derate: Fossil Brown coal/Lignite ×0.58 (fleet 1182 MW vs recent p95 596 MW)
  📊 Resolution analysis:
     - Loads & Renewables: PT60M (60 minutes)
     - Loads & Renewables: PT60M (60 minutes)
     → Using finest resolution: 60 minutes
  💧 Hydro: offer scale 0.63, dryness 0.16 (reservoir levels)
  🔗 Merged 2688 orders into 432 price-distinct blocks
  ✅ Merit-order book: 2631 supply / 57 demand orders
     ⚖️  Supply/Demand ratio: 1.56  (gas SRMC €88.0/MWh)
   📊 Processing zone HU...
      ℹ️  No usable ATC link to AT, BE, BG, CH, CZ, DE_LU, DK1, DK2, EE, ES, FI, FR, GR, IT-CNORTH, IT-CSOUTH, IT-Calabria, IT-NORTH, IT-SOUTH, IT-Sardinia, IT-Sicily, LT, LV, NL, NO1, NO2, NO3, NO4, NO5, PL, PT, RO, SE1, SE2, SE3, SE4, SK — keeping observed net imports for those borders
📊 Creating merit-order order book for HU on 2025-07-07
      ✅ Added 2631 supply + 57 demand orders
  ➖ Fleet-truthing derate: Fossil Brown coal/Lignite ×0.47 (fleet 446 MW vs recent p95 182 MW)
  📊 Resolution analysis:
     - Loads & Renewables: PT15M (15 minutes)
     - Loads & Renewables: PT15M (15 minutes)
     → Using finest resolution: 15 minutes
  🕐 Aggregated 15-min data to hourly (24 slots)
  🛟 Import backstop: peak 1284 MW @ €158.3/MWh (24 hours, 8-week window)
  🌐 Boundary book (UA): 124 orders over 24 slots
  🔗 Merged 7828 orders into 1180 price-distinct blocks
  ✅ Merit-order book: 7728 supply / 100 demand orders
     ⚖️  Supply/Demand ratio: 1.46  (gas SRMC €88.0/MWh)
   📊 Processing zone LT...
      ℹ️  No usable ATC link to AT, BE, BG, CH, CZ, DE_LU, DK1, DK2, EE, ES, FI, FR, GR, HU, IT-CNORTH, IT-CSOUTH, IT-Calabria, IT-NORTH, IT-SOUTH, IT-Sardinia, IT-Sicily, NL, NO1, NO2, NO3, NO4, NO5, PT, RO, RS, SE1, SE2, SE3, SI, SK — keeping observed net imports for those borders
📊 Creating merit-order order book for LT on 2025-07-07
      ✅ Added 7728 supply + 100 demand orders
  ➕ Fleet completion: +300 MW Fossil Gas (installed 1155 MW vs 855 MW unit-level)
  📊 Resolution analysis:
     - Loads & Renewables: PT15M (15 minutes)
     - Loads & Renewables: PT15M (15 minutes)
     → Using finest resolution: 15 minutes
  🕐 Aggregated 15-min data to hourly (24 slots)
  💧 Hydro: offer scale 0.44, dryness 0.96 (reservoir levels)
  🔗 Merged 696 orders into 240 price-distinct blocks
  ✅ Merit-order book: 648 supply / 48 demand orders
     ⚖️  Supply/Demand ratio: 1.56  (gas SRMC €88.0/MWh)
   📊 Processing zone LV...
      ℹ️  No usable ATC link to AT, BE, BG, CH, CZ, DE_LU, DK1, DK2, ES, FI, FR, GR, HU, IT-CNORTH, IT-CSOUTH, IT-Calabria, IT-NORTH, IT-SOUTH, IT-Sardinia, IT-Sicily, NL, NO1, NO2, NO3, NO4, NO5, PL, PT, RO, RS, SE1, SE2, SE3, SE4, SI, SK — keeping observed net imports for those borders
📊 Creating merit-order order book for LV on 2025-07-07
      ✅ Added 648 supply + 48 demand orders
  ➕ Fleet completion: +566 MW Hydro Run-of-river and pondage (recent p95 666 MW vs 100 MW unit-level)
  📊 Resolution analysis:
     - Loads: PT60M (60 minutes)
     - Renewables: PT15M (15 minutes)
     → Using finest resolution: 15 minutes
  📊 Disaggregating loads from 60min to 15min resolution
  🕐 Aggregated 15-min data to hourly (24 slots)
  💧 Hydro: offer scale 1.0, dryness 0.54 (reservoir levels)
  🔗 Merged 840 orders into 312 price-distinct blocks
  ✅ Merit-order book: 792 supply / 48 demand orders
     ⚖️  Supply/Demand ratio: 2.28  (gas SRMC €88.0/MWh)
   📊 Processing zone NL...
      ℹ️  No usable ATC link to AT, BE, BG, CH, CZ, DK2, EE, ES, FI, FR, GR, HU, IT-CNORTH, IT-CSOUTH, IT-Calabria, IT-NORTH, IT-SOUTH, IT-Sardinia, IT-Sicily, LT, LV, NO1, NO3, NO4, NO5, PL, PT, RO, RS, SE1, SE2, SE3, SE4, SI, SK — keeping observed net imports for those borders
📊 Creating merit-order order book for NL on 2025-07-07
      ✅ Added 792 supply + 48 demand orders
  ➕ Fleet completion: +4382 MW Fossil Gas (installed 14186 MW vs 9804 MW unit-level)
  ➕ Fleet completion: +13015 MW Other (recent p95 13015 MW vs 0 MW unit-level)
  ➕ Fleet completion: +5370 MW Fossil Hard coal (installed 6101 MW vs 731 MW unit-level)
  ➕ Fleet completion: +331 MW Waste (recent p95 331 MW vs 0 MW unit-level)
  📊 Resolution analysis:
     - Loads & Renewables: PT15M (15 minutes)
     - Loads & Renewables: PT15M (15 minutes)
     → Using finest resolution: 15 minutes
  🕐 Aggregated 15-min data to hourly (24 slots)
  🔗 Merged 4656 orders into 840 price-distinct blocks
  ✅ Merit-order book: 4596 supply / 60 demand orders
     ⚖️  Supply/Demand ratio: 4.04  (gas SRMC €88.0/MWh)
   📊 Processing zone NO1...
      ℹ️  No usable ATC link to AT, BE, BG, CH, CZ, DE_LU, DK1, DK2, EE, ES, FI, FR, GR, HU, IT-CNORTH, IT-CSOUTH, IT-Calabria, IT-NORTH, IT-SOUTH, IT-Sardinia, IT-Sicily, LT, LV, NL, NO2, NO3, NO4, NO5, PL, PT, RO, RS, SE1, SE2, SE3, SE4, SI, SK — keeping observed net imports for those borders
📊 Creating merit-order order book for NO1 on 2025-07-07
      ✅ Added 4596 supply + 60 demand orders
  ➕ Fleet completion: +557 MW Hydro Run-of-river and pondage (recent p95 1672 MW vs 1115 MW unit-level)
  📊 Resolution analysis:
     - Loads & Renewables: PT15M (15 minutes)
     - Loads & Renewables: PT15M (15 minutes)
     → Using finest resolution: 15 minutes
  🕐 Aggregated 15-min data to hourly (24 slots)
  🛟 Import backstop: peak 692 MW @ €158.3/MWh (24 hours, 8-week window)
  💧 Hydro: offer scale 0.85, dryness 0.15 (reservoir levels) [reservoir-opportunity]
  🔗 Merged 3792 orders into 216 price-distinct blocks
  ✅ Merit-order book: 3744 supply / 48 demand orders
     ⚖️  Supply/Demand ratio: 1.6  (gas SRMC €88.0/MWh)
   📊 Processing zone NO2...
      ℹ️  No usable ATC link to AT, BE, BG, CH, CZ, DK1, DK2, EE, ES, FI, FR, GR, HU, IT-CNORTH, IT-CSOUTH, IT-Calabria, IT-NORTH, IT-SOUTH, IT-Sardinia, IT-Sicily, LT, LV, NO1, NO3, NO4, NO5, PL, PT, RO, RS, SE1, SE2, SE3, SE4, SI, SK — keeping observed net imports for those borders
📊 Creating merit-order order book for NO2 on 2025-07-07
      ✅ Added 3744 supply + 48 demand orders
  ➕ Fleet completion: +444 MW Hydro Run-of-river and pondage (recent p95 559 MW vs 115 MW unit-level)
  📊 Resolution analysis:
     - Loads & Renewables: PT15M (15 minutes)
     - Loads & Renewables: PT15M (15 minutes)
     → Using finest resolution: 15 minutes
  🕐 Aggregated 15-min data to hourly (24 slots)
  💧 Hydro: offer scale 0.85, dryness 0.15 (reservoir levels) [reservoir-opportunity]
  🔗 Merged 2232 orders into 192 price-distinct blocks
  ✅ Merit-order book: 2184 supply / 48 demand orders
     ⚖️  Supply/Demand ratio: 2.55  (gas SRMC €88.0/MWh)
   📊 Processing zone NO3...
      ℹ️  No usable ATC link to AT, BE, BG, CH, CZ, DE_LU, DK1, DK2, EE, ES, FI, FR, GR, HU, IT-CNORTH, IT-CSOUTH, IT-Calabria, IT-NORTH, IT-SOUTH, IT-Sardinia, IT-Sicily, LT, LV, NL, NO1, NO2, NO4, NO5, PL, PT, RO, RS, SE1, SE2, SE3, SE4, SI, SK — keeping observed net imports for those borders
📊 Creating merit-order order book for NO3 on 2025-07-07
      ✅ Added 2184 supply + 48 demand orders
  ➕ Fleet completion: +554 MW Hydro Water Reservoir (recent p95 2140 MW vs 1586 MW unit-level)
  ➕ Fleet completion: +884 MW Hydro Run-of-river and pondage (recent p95 988 MW vs 104 MW unit-level)
  📊 Resolution analysis:
     - Loads & Renewables: PT15M (15 minutes)
     - Loads & Renewables: PT15M (15 minutes)
     → Using finest resolution: 15 minutes
  🕐 Aggregated 15-min data to hourly (24 slots)
  🛟 Import backstop: peak 1143 MW @ €158.3/MWh (24 hours, 8-week window)
  💧 Hydro: offer scale 1.0, dryness 0.0 (reservoir levels) [reservoir-opportunity]
  🔗 Merged 1224 orders into 216 price-distinct blocks
  ✅ Merit-order book: 1176 supply / 48 demand orders
     ⚖️  Supply/Demand ratio: 1.65  (gas SRMC €88.0/MWh)
   📊 Processing zone NO4...
      ℹ️  No usable ATC link to AT, BE, BG, CH, CZ, DE_LU, DK1, DK2, EE, ES, FI, FR, GR, HU, IT-CNORTH, IT-CSOUTH, IT-Calabria, IT-NORTH, IT-SOUTH, IT-Sardinia, IT-Sicily, LT, LV, NL, NO1, NO2, NO3, NO5, PL, PT, RO, RS, SE1, SE2, SE3, SE4, SI, SK — keeping observed net imports for those borders
📊 Creating merit-order order book for NO4 on 2025-07-07
      ✅ Added 1176 supply + 48 demand orders
  ➕ Fleet completion: +357 MW Hydro Run-of-river and pondage (recent p95 357 MW vs 0 MW unit-level)
  📊 Resolution analysis:
     - Loads & Renewables: PT15M (15 minutes)
     - Loads & Renewables: PT15M (15 minutes)
     → Using finest resolution: 15 minutes
  🕐 Aggregated 15-min data to hourly (24 slots)
  💧 Hydro: offer scale 1.0, dryness 0.0 (reservoir levels) [reservoir-opportunity]
  🔗 Merged 1752 orders into 336 price-distinct blocks
  ✅ Merit-order book: 1704 supply / 48 demand orders
     ⚖️  Supply/Demand ratio: 2.36  (gas SRMC €88.0/MWh)
   📊 Processing zone NO5...
      ℹ️  No usable ATC link to AT, BE, BG, CH, CZ, DE_LU, DK1, DK2, EE, ES, FI, FR, GR, HU, IT-CNORTH, IT-CSOUTH, IT-Calabria, IT-NORTH, IT-SOUTH, IT-Sardinia, IT-Sicily, LT, LV, NL, NO1, NO2, NO3, NO4, PL, PT, RO, RS, SE1, SE2, SE3, SE4, SI, SK — keeping observed net imports for those borders
📊 Creating merit-order order book for NO5 on 2025-07-07
      ✅ Added 1704 supply + 48 demand orders
  ➕ Fleet completion: +557 MW Hydro Run-of-river and pondage (recent p95 557 MW vs 0 MW unit-level)
  📊 Resolution analysis:
     - Loads & Renewables: PT15M (15 minutes)
     - Loads & Renewables: PT15M (15 minutes)
     → Using finest resolution: 15 minutes
  🕐 Aggregated 15-min data to hourly (24 slots)
  💧 Hydro: offer scale 1.0, dryness 0.0 (reservoir levels) [reservoir-opportunity]
  🔗 Merged 1824 orders into 336 price-distinct blocks
  ✅ Merit-order book: 1776 supply / 48 demand orders
     ⚖️  Supply/Demand ratio: 3.91  (gas SRMC €88.0/MWh)
   📊 Processing zone PL...
      ℹ️  No usable ATC link to AT, BE, BG, CH, DK1, DK2, EE, ES, FI, FR, GR, HU, IT-CNORTH, IT-CSOUTH, IT-Calabria, IT-NORTH, IT-SOUTH, IT-Sardinia, IT-Sicily, LV, NL, NO1, NO2, NO3, NO4, NO5, PT, RO, RS, SE1, SE2, SE3, SI, SK — keeping observed net imports for those borders
📊 Creating merit-order order book for PL on 2025-07-07
      ✅ Added 1776 supply + 48 demand orders
  ➕ Fleet completion: +205 MW Biomass (recent p95 413 MW vs 208 MW unit-level)
  ➕ Fleet completion: +674 MW Hydro Pumped Storage (installed 1524 MW vs 850 MW unit-level)
  ➕ Fleet completion: +234 MW Hydro Water Reservoir (recent p95 234 MW vs 0 MW unit-level)
  ➕ Fleet completion: +563 MW Other (recent p95 563 MW vs 0 MW unit-level)
  ➕ Fleet completion: +140 MW Hydro Run-of-river and pondage (recent p95 140 MW vs 0 MW unit-level)
  ➕ Fleet completion: +708 MW Fossil Gas (installed 4034 MW vs 3326 MW unit-level)
  ➕ Fleet completion: +4897 MW Fossil Hard coal (installed 18582 MW vs 13685 MW unit-level)
  ➕ Fleet completion: +3796 MW Fossil Brown coal/Lignite (installed 9116 MW vs 5320 MW unit-level)
  ➕ Fleet completion: +148 MW Fossil Oil (recent p95 148 MW vs 0 MW unit-level)
  ➕ Fleet completion: +189 MW Fossil Coal-derived gas (recent p95 189 MW vs 0 MW unit-level)
  📊 Resolution analysis:
     - Loads & Renewables: PT15M (15 minutes)
     - Loads & Renewables: PT15M (15 minutes)
     → Using finest resolution: 15 minutes
  🕐 Aggregated 15-min data to hourly (24 slots)
  💧 Hydro: offer scale 0.5, dryness 0.0 (output-based fallback)
  🌐 Boundary book (UA): 128 orders over 24 slots
  🔗 Merged 11410 orders into 1136 price-distinct blocks
  ✅ Merit-order book: 11306 supply / 104 demand orders
     ⚖️  Supply/Demand ratio: 2.07  (gas SRMC €88.0/MWh)
   📊 Processing zone PT...
      ℹ️  No usable ATC link to AT, BE, BG, CH, CZ, DE_LU, DK1, DK2, EE, FI, FR, GR, HU, IT-CNORTH, IT-CSOUTH, IT-Calabria, IT-NORTH, IT-SOUTH, IT-Sardinia, IT-Sicily, LT, LV, NL, NO1, NO2, NO3, NO4, NO5, PL, RO, RS, SE1, SE2, SE3, SE4, SI, SK — keeping observed net imports for those borders
📊 Creating merit-order order book for PT on 2025-07-07
      ✅ Added 11306 supply + 104 demand orders
  ➕ Fleet completion: +324 MW Biomass (recent p95 324 MW vs 0 MW unit-level)
  📊 Resolution analysis:
     - Loads & Renewables: PT60M (60 minutes)
     - Loads & Renewables: PT60M (60 minutes)
     → Using finest resolution: 60 minutes
  💧 Hydro: offer scale 0.66, dryness 0.0 (reservoir levels)
  🔗 Merged 4920 orders into 432 price-distinct blocks
  ✅ Merit-order book: 4872 supply / 48 demand orders
     ⚖️  Supply/Demand ratio: 1.8  (gas SRMC €88.0/MWh)
   📊 Processing zone RO...
      ℹ️  No usable ATC link to AT, BE, CH, CZ, DE_LU, DK1, DK2, EE, ES, FI, FR, GR, HU, IT-CNORTH, IT-CSOUTH, IT-Calabria, IT-NORTH, IT-SOUTH, IT-Sardinia, IT-Sicily, LT, LV, NL, NO1, NO2, NO3, NO4, NO5, PL, PT, SE1, SE2, SE3, SE4, SI, SK — keeping observed net imports for those borders
📊 Creating merit-order order book for RO on 2025-07-07
      ✅ Added 4872 supply + 48 demand orders
  ➕ Fleet completion: +156 MW Fossil Gas (recent p95 1176 MW vs 1020 MW unit-level)
  ➕ Fleet completion: +373 MW Hydro Water Reservoir (recent p95 1090 MW vs 717 MW unit-level)
  ➕ Fleet completion: +151 MW Hydro Run-of-river and pondage (recent p95 1315 MW vs 1164 MW unit-level)
  ➖ Fleet-truthing derate: Fossil Brown coal/Lignite ×0.67 (fleet 1532 MW vs recent p95 894 MW)
  📊 Resolution analysis:
     - Loads & Renewables: PT15M (15 minutes)
     - Loads & Renewables: PT15M (15 minutes)
     → Using finest resolution: 15 minutes
  🕐 Aggregated 15-min data to hourly (24 slots)
  🛟 Import backstop: peak 968 MW @ €158.3/MWh (24 hours, 8-week window)
  💧 Hydro: offer scale 0.9, dryness 0.01 (reservoir levels)
  🌐 Boundary book (UA): 104 orders over 24 slots
  🔗 Merged 2432 orders into 848 price-distinct blocks
  ✅ Merit-order book: 2352 supply / 80 demand orders
     ⚖️  Supply/Demand ratio: 1.35  (gas SRMC €88.0/MWh)
   📊 Processing zone RS...
      ℹ️  No usable ATC link to AT, BE, CH, CZ, DE_LU, DK1, DK2, EE, ES, FI, FR, GR, IT-CNORTH, IT-CSOUTH, IT-Calabria, IT-NORTH, IT-SOUTH, IT-Sardinia, IT-Sicily, LT, LV, NL, NO1, NO2, NO3, NO4, NO5, PL, PT, SE1, SE2, SE3, SE4, SI, SK — keeping observed net imports for those borders
📊 Creating merit-order order book for RS on 2025-07-07
      ✅ Added 2352 supply + 80 demand orders
  ➕ Fleet completion: +215 MW Hydro Water Reservoir (recent p95 215 MW vs 0 MW unit-level)
  ➖ Fleet-truthing derate: Fossil Brown coal/Lignite ×0.86 (fleet 3990 MW vs recent p95 2970 MW)
  📊 Resolution analysis:
     - Loads & Renewables: PT60M (60 minutes)
     - Loads & Renewables: PT60M (60 minutes)
     → Using finest resolution: 60 minutes
  🛟 Import backstop: peak 614 MW @ €158.3/MWh (24 hours, 8-week window)
  💧 Hydro: offer scale 0.88, dryness 0.1 (reservoir levels)
  🔗 Merged 2232 orders into 456 price-distinct blocks
  ✅ Merit-order book: 2171 supply / 61 demand orders
     ⚖️  Supply/Demand ratio: 1.51  (gas SRMC €88.0/MWh)
   📊 Processing zone SE1...
      ℹ️  No usable ATC link to AT, BE, BG, CH, CZ, DE_LU, DK1, DK2, EE, ES, FI, FR, GR, HU, IT-CNORTH, IT-CSOUTH, IT-Calabria, IT-NORTH, IT-SOUTH, IT-Sardinia, IT-Sicily, LT, LV, NL, NO1, NO2, NO3, NO4, NO5, PL, PT, RO, RS, SE3, SE4, SI, SK — keeping observed net imports for those borders
📊 Creating merit-order order book for SE1 on 2025-07-07
      ✅ Added 2171 supply + 61 demand orders
  📊 Resolution analysis:
     - Loads & Renewables: PT60M (60 minutes)
     - Loads & Renewables: PT60M (60 minutes)
     → Using finest resolution: 60 minutes
  💧 Hydro: offer scale 1.0, dryness 0.0 (reservoir levels) [reservoir-opportunity]
  🔗 Merged 597 orders into 96 price-distinct blocks
  ✅ Merit-order book: 549 supply / 48 demand orders
     ⚖️  Supply/Demand ratio: 3.71  (gas SRMC €88.0/MWh)
   📊 Processing zone SE2...
      ℹ️  No usable ATC link to AT, BE, BG, CH, CZ, DE_LU, DK1, DK2, EE, ES, FI, FR, GR, HU, IT-CNORTH, IT-CSOUTH, IT-Calabria, IT-NORTH, IT-SOUTH, IT-Sardinia, IT-Sicily, LT, LV, NL, NO1, NO2, NO3, NO4, NO5, PL, PT, RO, RS, SE3, SE4, SI, SK — keeping observed net imports for those borders
📊 Creating merit-order order book for SE2 on 2025-07-07
      ✅ Added 549 supply + 48 demand orders
  ➕ Fleet completion: +4491 MW Hydro Water Reservoir (recent p95 5190 MW vs 699 MW unit-level)
  📊 Resolution analysis:
     - Loads & Renewables: PT60M (60 minutes)
     - Loads & Renewables: PT60M (60 minutes)
     → Using finest resolution: 60 minutes
  💧 Hydro: offer scale 1.0, dryness 0.0 (reservoir levels) [reservoir-opportunity]
  🔗 Merged 240 orders into 96 price-distinct blocks
  ✅ Merit-order book: 192 supply / 48 demand orders
     ⚖️  Supply/Demand ratio: 4.19  (gas SRMC €88.0/MWh)
   📊 Processing zone SE3...
      ℹ️  No usable ATC link to AT, BE, BG, CH, CZ, DE_LU, DK2, EE, ES, FI, FR, GR, HU, IT-CNORTH, IT-CSOUTH, IT-Calabria, IT-NORTH, IT-SOUTH, IT-Sardinia, IT-Sicily, LT, LV, NL, NO1, NO2, NO3, NO4, NO5, PL, PT, RO, RS, SE1, SE2, SE4, SI, SK — keeping observed net imports for those borders
📊 Creating merit-order order book for SE3 on 2025-07-07
      ✅ Added 192 supply + 48 demand orders
  ➕ Fleet completion: +582 MW Hydro Water Reservoir (recent p95 912 MW vs 330 MW unit-level)
  ➕ Fleet completion: +465 MW Other (recent p95 465 MW vs 0 MW unit-level)
  📊 Resolution analysis:
     - Loads & Renewables: PT60M (60 minutes)
     - Loads & Renewables: PT60M (60 minutes)
     → Using finest resolution: 60 minutes
  🛟 Import backstop: peak 2577 MW @ €158.3/MWh (24 hours, 8-week window)
  💧 Hydro: offer scale 0.93, dryness 0.07 (reservoir levels) [reservoir-opportunity]
  🔗 Merged 1896 orders into 648 price-distinct blocks
  ✅ Merit-order book: 1848 supply / 48 demand orders
     ⚖️  Supply/Demand ratio: 1.8  (gas SRMC €88.0/MWh)
   📊 Processing zone SE4...
      ℹ️  No usable ATC link to AT, BE, BG, CH, CZ, DE_LU, DK1, EE, ES, FI, FR, GR, HU, IT-CNORTH, IT-CSOUTH, IT-Calabria, IT-NORTH, IT-SOUTH, IT-Sardinia, IT-Sicily, LV, NL, NO1, NO2, NO3, NO4, NO5, PT, RO, RS, SE1, SE2, SE3, SI, SK — keeping observed net imports for those borders
📊 Creating merit-order order book for SE4 on 2025-07-07
      ✅ Added 1848 supply + 48 demand orders
  ➕ Fleet completion: +110 MW Other (recent p95 110 MW vs 0 MW unit-level)
  📊 Resolution analysis:
     - Loads & Renewables: PT60M (60 minutes)
     - Loads & Renewables: PT60M (60 minutes)
     → Using finest resolution: 60 minutes
  🔗 Merged 864 orders into 408 price-distinct blocks
  ✅ Merit-order book: 816 supply / 48 demand orders
     ⚖️  Supply/Demand ratio: 2.2  (gas SRMC €88.0/MWh)
   📊 Processing zone SI...
      ℹ️  No usable ATC link to AT, BE, BG, CH, CZ, DE_LU, DK1, DK2, EE, ES, FI, FR, GR, IT-CNORTH, IT-CSOUTH, IT-Calabria, IT-SOUTH, IT-Sardinia, IT-Sicily, LT, LV, NL, NO1, NO2, NO3, NO4, NO5, PL, PT, RO, RS, SE1, SE2, SE3, SE4, SK — keeping observed net imports for those borders
📊 Creating merit-order order book for SI on 2025-07-07
      ✅ Added 816 supply + 48 demand orders
  ➕ Fleet completion: +485 MW Hydro Run-of-river and pondage (recent p95 727 MW vs 242 MW unit-level)
  ➖ Fleet-truthing derate: Fossil Brown coal/Lignite ×0.01 (fleet 439 MW vs recent p95 3 MW)
  📊 Resolution analysis:
     - Loads & Renewables: PT60M (60 minutes)
     - Loads & Renewables: PT60M (60 minutes)
     → Using finest resolution: 60 minutes
  🛟 Import backstop: peak 798 MW @ €158.3/MWh (24 hours, 8-week window)
  💧 Hydro: offer scale 0.98, dryness 0.0 (reservoir levels)
  🔗 Merged 1800 orders into 600 price-distinct blocks
  ✅ Merit-order book: 1750 supply / 50 demand orders
     ⚖️  Supply/Demand ratio: 2.01  (gas SRMC €88.0/MWh)
   📊 Processing zone SK...
      ℹ️  No usable ATC link to AT, BE, BG, CH, CZ, DE_LU, DK1, DK2, EE, ES, FI, FR, GR, HU, IT-CNORTH, IT-CSOUTH, IT-Calabria, IT-NORTH, IT-SOUTH, IT-Sardinia, IT-Sicily, LT, LV, NL, NO1, NO2, NO3, NO4, NO5, PL, PT, RO, RS, SE1, SE2, SE3, SE4, SI — keeping observed net imports for those borders
📊 Creating merit-order order book for SK on 2025-07-07
      ✅ Added 1750 supply + 50 demand orders
  ➕ Fleet completion: +112 MW Biomass (recent p95 112 MW vs 0 MW unit-level)
  ➕ Fleet completion: +166 MW Hydro Water Reservoir (recent p95 166 MW vs 0 MW unit-level)
  ➕ Fleet completion: +488 MW Hydro Run-of-river and pondage (recent p95 488 MW vs 0 MW unit-level)
  ➖ Fleet-truthing derate: Fossil Brown coal/Lignite ×0.0 (fleet 330 MW vs recent p95 0 MW)
  ➖ Fleet-truthing derate: Fossil Hard coal ×0.0 (fleet 220 MW vs recent p95 0 MW)
  📊 Resolution analysis:
     - Loads: PT15M (15 minutes)
     - Renewables: PT60M (60 minutes)
     → Using finest resolution: 15 minutes
  📊 Disaggregating renewables from 60min to 15min resolution
  🕐 Aggregated 15-min data to hourly (24 slots)
  💧 Hydro: offer scale 0.83, dryness 0.0 (output-based fallback)
  🌐 Boundary book (UA): 104 orders over 24 slots
  🔗 Merged 2168 orders into 630 price-distinct blocks
  ✅ Merit-order book: 2052 supply / 116 demand orders
     ⚖️  Supply/Demand ratio: 1.64  (gas SRMC €88.0/MWh)
   📊 Processing zone IT-NORTH...
      ℹ️  No usable ATC link to BE, BG, CZ, DE_LU, DK1, DK2, EE, ES, FI, GR, HU, IT-CSOUTH, IT-Calabria, IT-SOUTH, IT-Sardinia, IT-Sicily, LT, LV, NL, NO1, NO2, NO3, NO4, NO5, PL, PT, RO, RS, SE1, SE2, SE3, SE4, SK — keeping observed net imports for those borders
📊 Creating merit-order order book for IT-NORTH on 2025-07-07
      ✅ Added 2052 supply + 116 demand orders
  ➕ Fleet completion: +214 MW Biomass (recent p95 214 MW vs 0 MW unit-level)
  ➕ Fleet completion: +164 MW Hydro Water Reservoir (recent p95 1249 MW vs 1085 MW unit-level)
  ➕ Fleet completion: +271 MW Other (recent p95 1311 MW vs 1040 MW unit-level)
  ➕ Fleet completion: +2322 MW Hydro Run-of-river and pondage (recent p95 4823 MW vs 2501 MW unit-level)
  ➕ Fleet completion: +654 MW Other renewable (recent p95 654 MW vs 0 MW unit-level)
  ➕ Fleet completion: +258 MW Energy storage (recent p95 652 MW vs 394 MW unit-level)
  📊 Resolution analysis:
     - Loads & Renewables: PT15M (15 minutes)
     - Loads & Renewables: PT15M (15 minutes)
     → Using finest resolution: 15 minutes
  🕐 Aggregated 15-min data to hourly (24 slots)
  💧 Hydro: offer scale 0.69, dryness 0.15 (reservoir levels)
  🔗 Merged 6696 orders into 672 price-distinct blocks
  ✅ Merit-order book: 6648 supply / 48 demand orders
     ⚖️  Supply/Demand ratio: 1.54  (gas SRMC €88.0/MWh)
   📊 Processing zone IT-CNORTH...
      ℹ️  No usable ATC link to AT, BE, BG, CH, CZ, DE_LU, DK1, DK2, EE, ES, FI, FR, GR, HU, IT-Calabria, IT-SOUTH, IT-Sardinia, IT-Sicily, LT, LV, NL, NO1, NO2, NO3, NO4, NO5, PL, PT, RO, RS, SE1, SE2, SE3, SE4, SI, SK — keeping observed net imports for those borders
📊 Creating merit-order order book for IT-CNORTH on 2025-07-07
      ✅ Added 6648 supply + 48 demand orders
  ➕ Fleet completion: +484 MW Geothermal (recent p95 598 MW vs 114 MW unit-level)
  📊 Resolution analysis:
     - Loads & Renewables: PT15M (15 minutes)
     - Loads & Renewables: PT15M (15 minutes)
     → Using finest resolution: 15 minutes
  🕐 Aggregated 15-min data to hourly (24 slots)
  🛟 Import backstop: peak 48 MW @ €158.3/MWh (24 hours, 8-week window)
  💧 Hydro: offer scale 0.29, dryness 0.0 (reservoir levels)
  🔗 Merged 1032 orders into 432 price-distinct blocks
  ✅ Merit-order book: 978 supply / 54 demand orders
     ⚖️  Supply/Demand ratio: 0.77  (gas SRMC €88.0/MWh)
   📊 Processing zone IT-CSOUTH...
      ℹ️  No usable ATC link to AT, BE, BG, CH, CZ, DE_LU, DK1, DK2, EE, ES, FI, FR, GR, HU, IT-Calabria, IT-NORTH, IT-Sicily, LT, LV, NL, NO1, NO2, NO3, NO4, NO5, PL, PT, RO, RS, SE1, SE2, SE3, SE4, SI, SK — keeping observed net imports for those borders
📊 Creating merit-order order book for IT-CSOUTH on 2025-07-07
      ✅ Added 978 supply + 54 demand orders
  ➕ Fleet completion: +175 MW Other renewable (recent p95 175 MW vs 0 MW unit-level)
  ➕ Fleet completion: +174 MW Energy storage (recent p95 174 MW vs 0 MW unit-level)
  ➖ Fleet-truthing derate: Fossil Hard coal ×0.0 (fleet 1250 MW vs recent p95 0 MW)
  📊 Resolution analysis:
     - Loads & Renewables: PT15M (15 minutes)
     - Loads & Renewables: PT15M (15 minutes)
     → Using finest resolution: 15 minutes
  🕐 Aggregated 15-min data to hourly (24 slots)
  💧 Hydro: offer scale 0.45, dryness 0.08 (reservoir levels)
  🔗 Merged 2952 orders into 576 price-distinct blocks
  ✅ Merit-order book: 2892 supply / 60 demand orders
     ⚖️  Supply/Demand ratio: 1.81  (gas SRMC €88.0/MWh)
   📊 Processing zone IT-SOUTH...
      ℹ️  No usable ATC link to AT, BE, BG, CH, CZ, DE_LU, DK1, DK2, EE, ES, FI, FR, HU, IT-CNORTH, IT-NORTH, IT-Sardinia, IT-Sicily, LT, LV, NL, NO1, NO2, NO3, NO4, NO5, PL, PT, RO, RS, SE1, SE2, SE3, SE4, SI, SK — keeping observed net imports for those borders
📊 Creating merit-order order book for IT-SOUTH on 2025-07-07
      ✅ Added 2892 supply + 60 demand orders
  ➕ Fleet completion: +249 MW Biomass (recent p95 249 MW vs 0 MW unit-level)
  ➖ Fleet-truthing derate: Fossil Hard coal ×0.0 (fleet 605 MW vs recent p95 0 MW)
  ➖ Fleet-truthing derate: Fossil Coal-derived gas ×0.02 (fleet 850 MW vs recent p95 12 MW)
  📊 Resolution analysis:
     - Loads & Renewables: PT15M (15 minutes)
     - Loads & Renewables: PT15M (15 minutes)
     → Using finest resolution: 15 minutes
  🕐 Aggregated 15-min data to hourly (24 slots)
  💧 Hydro: offer scale 0.2, dryness 0.88 (reservoir levels)
  🔗 Merged 1512 orders into 552 price-distinct blocks
  ✅ Merit-order book: 1464 supply / 48 demand orders
     ⚖️  Supply/Demand ratio: 2.33  (gas SRMC €88.0/MWh)
   📊 Processing zone IT-Calabria...
      ℹ️  No usable ATC link to AT, BE, BG, CH, CZ, DE_LU, DK1, DK2, EE, ES, FI, FR, GR, HU, IT-CNORTH, IT-CSOUTH, IT-NORTH, IT-Sardinia, LT, LV, NL, NO1, NO2, NO3, NO4, NO5, PL, PT, RO, RS, SE1, SE2, SE3, SE4, SI, SK — keeping observed net imports for those borders
📊 Creating merit-order order book for IT-Calabria on 2025-07-07
      ✅ Added 1464 supply + 48 demand orders
  ➕ Fleet completion: +124 MW Biomass (recent p95 124 MW vs 0 MW unit-level)
  📊 Resolution analysis:
     - Loads & Renewables: PT15M (15 minutes)
     - Loads & Renewables: PT15M (15 minutes)
     → Using finest resolution: 15 minutes
  🕐 Aggregated 15-min data to hourly (24 slots)
  💧 Hydro: offer scale 0.2, dryness 0.0 (reservoir levels)
  🔗 Merged 1224 orders into 456 price-distinct blocks
  ✅ Merit-order book: 1176 supply / 48 demand orders
     ⚖️  Supply/Demand ratio: 4.72  (gas SRMC €88.0/MWh)
   📊 Processing zone IT-Sicily...
      ℹ️  No usable ATC link to AT, BE, BG, CH, CZ, DE_LU, DK1, DK2, EE, ES, FI, FR, GR, HU, IT-CNORTH, IT-CSOUTH, IT-NORTH, IT-SOUTH, IT-Sardinia, LT, LV, NL, NO1, NO2, NO3, NO4, NO5, PL, PT, RO, RS, SE1, SE2, SE3, SE4, SI, SK — keeping observed net imports for those borders
📊 Creating merit-order order book for IT-Sicily on 2025-07-07
      ✅ Added 1176 supply + 48 demand orders
  ➕ Fleet completion: +119 MW Fossil Coal-derived gas (recent p95 119 MW vs 0 MW unit-level)
  📊 Resolution analysis:
     - Loads & Renewables: PT15M (15 minutes)
     - Loads & Renewables: PT15M (15 minutes)
     → Using finest resolution: 15 minutes
  🕐 Aggregated 15-min data to hourly (24 slots)
  💧 Hydro: offer scale 0.55, dryness 0.11 (reservoir levels)
  🔗 Merged 1560 orders into 480 price-distinct blocks
  ✅ Merit-order book: 1488 supply / 72 demand orders
     ⚖️  Supply/Demand ratio: 1.78  (gas SRMC €88.0/MWh)
   📊 Processing zone IT-Sardinia...
      ℹ️  No usable ATC link to AT, BE, BG, CH, CZ, DE_LU, DK1, DK2, EE, ES, FI, FR, GR, HU, IT-CNORTH, IT-Calabria, IT-NORTH, IT-SOUTH, IT-Sicily, LT, LV, NL, NO1, NO2, NO3, NO4, NO5, PL, PT, RO, RS, SE1, SE2, SE3, SE4, SI, SK — keeping observed net imports for those borders
📊 Creating merit-order order book for IT-Sardinia on 2025-07-07
      ✅ Added 1488 supply + 72 demand orders
  ➕ Fleet completion: +157 MW Other renewable (recent p95 157 MW vs 0 MW unit-level)
  ➖ Fleet-truthing derate: Fossil Hard coal ×0.79 (fleet 577 MW vs recent p95 398 MW)
  📊 Resolution analysis:
     - Loads & Renewables: PT15M (15 minutes)
     - Loads & Renewables: PT15M (15 minutes)
     → Using finest resolution: 15 minutes
  🕐 Aggregated 15-min data to hourly (24 slots)
  💧 Hydro: offer scale 0.76, dryness 0.0 (reservoir levels)
  🔗 Merged 1176 orders into 576 price-distinct blocks
  ✅ Merit-order book: 1104 supply / 72 demand orders
     ⚖️  Supply/Demand ratio: 2.16  (gas SRMC €88.0/MWh)
   📊 Processing zone CH...
      ℹ️  No usable ATC link to BE, BG, CZ, DK1, DK2, EE, ES, FI, GR, HU, IT-CNORTH, IT-CSOUTH, IT-Calabria, IT-SOUTH, IT-Sardinia, IT-Sicily, LT, LV, NL, NO1, NO2, NO3, NO4, NO5, PL, PT, RO, RS, SE1, SE2, SE3, SE4, SI, SK — keeping observed net imports for those borders
📊 Creating merit-order order book for CH on 2025-07-07
      ✅ Added 1104 supply + 72 demand orders
  ➕ Fleet completion: +334 MW Nuclear (recent p95 1932 MW vs 1598 MW unit-level)
  ➕ Fleet completion: +2672 MW Hydro Run-of-river and pondage (recent p95 3124 MW vs 452 MW unit-level)
  📊 Resolution analysis:
     - Loads & Renewables: PT60M (60 minutes)
     - Loads & Renewables: PT60M (60 minutes)
     → Using finest resolution: 60 minutes
  💧 Hydro: offer scale 1.0, dryness 0.0 (reservoir levels) [reservoir-opportunity]
  🔗 Merged 1680 orders into 336 price-distinct blocks
  ✅ Merit-order book: 1632 supply / 48 demand orders
     ⚖️  Supply/Demand ratio: 2.06  (gas SRMC €88.0/MWh)
      ✅ Added 1632 supply + 48 demand orders
   ✅ Found 84 directional transfer capacity links
✅ Created multi-zone order book (merit-order):
   🌍 Zones: 39  📝 Orders: 21714  🕐 Periods: 24  🔌 Links: 84

⚡ Running multi-zone market clearing optimization...
   🧩 Period-decomposition: 24 independent single-period clears (solver=highs)
      · 12/24 periods (90.7s, last=optimal)
      · 24/24 periods (173.9s, last=optimal)
   ⚓ Anchor ref for AT from CH,IT-NORTH: mean=96.3 €/MWh
   ⚓ Anchor ref for BE from continental proxy DE_LU/NL: mean=77.9 €/MWh
   ⚓ Anchor ref for FR from CH,DE_LU,ES,IT-NORTH: mean=91.6 €/MWh
   ⚓ Anchor ref for NO1 from continental proxy DE_LU/NL: mean=77.9 €/MWh
   ⚓ Anchor ref for NO2 from DE_LU,NL: mean=80.8 €/MWh
   ⚓ Anchor ref for NO3 from continental proxy DE_LU/NL: mean=77.9 €/MWh
   ⚓ Anchor ref for NO5 from continental proxy DE_LU/NL: mean=77.9 €/MWh
   ⚓ Anchor ref for SE3 from DK1: mean=88.9 €/MWh
   ⚓ Anchor ref for SE4 from DK2,LT,PL: mean=77.3 €/MWh
   ⚓ Anchor ref for SI from HU,IT-NORTH: mean=106.9 €/MWh
   ⚓ Anchor ref for SK from continental proxy DE_LU/NL: mean=77.9 €/MWh
   ⚓ Anchor ref for CH from AT,DE_LU,FR,IT-NORTH: mean=80.4 €/MWh

⚓ PASS 2: opportunity-anchored re-clear for AT, BE, FR, NO1, NO2, NO3, NO5, SE3, SE4, SI, SK, CH
🌍 Creating multi-zone order book (merit-order method) for 39 zones
   🔌 Fetching transfer capacities between zones...
📊 Fetching ENTSO-E transfer capacity (enriched: explicit=true, remap=IT→IT-NORTH) for 2025-07-07...
✅ Enriched transfer capacity: 3456 implicit rows, +1104 explicit-only rows, 192 aggregate endpoints remapped, -1200 stale flow-based border-hours dropped, 2016 in-footprint border-hours
✅ Created transfer capacity structure:
   🌍 Bidding zones: 33 (AT, BG, CH, CZ, DE_LU, DK1, DK2, EE, ES, FI, FR, GR, HU, IT-CNORTH, IT-CSOUTH, IT-Calabria, IT-NORTH, IT-SOUTH, IT-Sardinia, IT-Sicily, LT, LV, NL, NO2, PL, PT, RO, RS, SE1, SE2, SE3, SE4, SI)
   🕐 Time periods: 24
   ➡️  Forward capacities: 2016 entries
   ↔️  Bidirectional links: 1904
   ➡️  Unidirectional links: 112
   🚫 Shadowed aggregate codes excluded from observed imports: DE_50HzT, DE_Amprion, DE_TenneT_GER, DE_TransnetBW, DK, IT
   📊 Processing zone AT...
      ℹ️  No usable ATC link to BE, BG, CZ, DE_LU, DK1, DK2, EE, ES, FI, FR, GR, HU, IT-CNORTH, IT-CSOUTH, IT-Calabria, IT-SOUTH, IT-Sardinia, IT-Sicily, LT, LV, NL, NO1, NO2, NO3, NO4, NO5, PL, PT, RO, RS, SE1, SE2, SE3, SE4, SI, SK — keeping observed net imports for those borders
📊 Creating merit-order order book for AT on 2025-07-07
  ➕ Fleet completion: +168 MW Biomass (recent p95 168 MW vs 0 MW unit-level)
  ➕ Fleet completion: +812 MW Hydro Water Reservoir (recent p95 947 MW vs 135 MW unit-level)
  ➕ Fleet completion: +4259 MW Hydro Run-of-river and pondage (recent p95 4259 MW vs 0 MW unit-level)
  📊 Resolution analysis:
     - Loads & Renewables: PT15M (15 minutes)
     - Loads & Renewables: PT15M (15 minutes)
     → Using finest resolution: 15 minutes
  🕐 Aggregated 15-min data to hourly (24 slots)
  🛟 Import backstop: peak 2449 MW @ €158.3/MWh (24 hours, 8-week window)
  💧 Hydro: offer scale 0.9, dryness 0.1 (reservoir levels) [reservoir-opportunity]
  🔗 Merged 1512 orders into 481 price-distinct blocks
  ✅ Merit-order book: 1440 supply / 72 demand orders
     ⚖️  Supply/Demand ratio: 1.69  (gas SRMC €88.0/MWh)
   📊 Processing zone BE...
      ℹ️  No usable ATC link to AT, BG, CH, CZ, DE_LU, DK1, DK2, EE, ES, FI, FR, GR, HU, IT-CNORTH, IT-CSOUTH, IT-Calabria, IT-NORTH, IT-SOUTH, IT-Sardinia, IT-Sicily, LT, LV, NL, NO1, NO2, NO3, NO4, NO5, PL, PT, RO, RS, SE1, SE2, SE3, SE4, SI, SK — keeping observed net imports for those borders
      ✅ Added 1440 supply + 72 demand orders
📊 Creating merit-order order book for BE on 2025-07-07
  ➕ Fleet completion: +438 MW Biomass (recent p95 438 MW vs 0 MW unit-level)
  ➕ Fleet completion: +257 MW Waste (recent p95 257 MW vs 0 MW unit-level)
  ➕ Fleet completion: +1009 MW Nuclear (recent p95 2416 MW vs 1407 MW unit-level)
  📊 Resolution analysis:
     - Loads: PT15M (15 minutes)
     - Renewables: PT60M (60 minutes)
     → Using finest resolution: 15 minutes
  📊 Disaggregating renewables from 60min to 15min resolution
  🕐 Aggregated 15-min data to hourly (24 slots)
  🛟 Import backstop: peak 2091 MW @ €158.3/MWh (24 hours, 8-week window)
  💧 Hydro: offer scale 0.75, dryness 0.07 (output-based fallback)
  🔗 Merged 3744 orders into 840 price-distinct blocks
  ✅ Merit-order book: 3672 supply / 72 demand orders
     ⚖️  Supply/Demand ratio: 1.39  (gas SRMC €88.0/MWh)
   📊 Processing zone FR...
      ℹ️  No usable ATC link to AT, BE, BG, CZ, DK1, DK2, EE, FI, GR, HU, IT-CNORTH, IT-CSOUTH, IT-Calabria, IT-SOUTH, IT-Sardinia, IT-Sicily, LT, LV, NL, NO1, NO2, NO3, NO4, NO5, PL, PT, RO, RS, SE1, SE2, SE3, SE4, SI, SK — keeping observed net imports for those borders
      ✅ Added 3672 supply + 72 demand orders
📊 Creating merit-order order book for FR on 2025-07-07
  ➕ Fleet completion: +237 MW Biomass (recent p95 387 MW vs 150 MW unit-level)
  ➕ Fleet completion: +1128 MW Hydro Water Reservoir (recent p95 2459 MW vs 1331 MW unit-level)
  ➕ Fleet completion: +393 MW Waste (recent p95 393 MW vs 0 MW unit-level)
  ➕ Fleet completion: +3552 MW Hydro Run-of-river and pondage (recent p95 5620 MW vs 2068 MW unit-level)
  ➖ Fleet-truthing derate: Nuclear ×0.97 (fleet 48215 MW vs recent p95 40798 MW)
  📊 Resolution analysis:
     - Loads: PT15M (15 minutes)
     - Renewables: PT60M (60 minutes)
     → Using finest resolution: 15 minutes
  📊 Disaggregating renewables from 60min to 15min resolution
  🕐 Aggregated 15-min data to hourly (24 slots)
  ⚛️  Nuclear availability 0.63 → opportunity share 0.71 (tightness 0.57)
  🛟 Import backstop: peak 2019 MW @ €158.3/MWh (24 hours, 8-week window)
  💧 Hydro: offer scale 0.83, dryness 0.02 (reservoir levels)
   ♻️  Zone BG: reusing pass-1 book (720 orders)
  🌐 Boundary book (GB): 120 orders over 24 slots
  🔗 Merged 16735 orders into 1054 price-distinct blocks
  ✅ Merit-order book: 16639 supply / 96 demand orders
     ⚖️  Supply/Demand ratio: 1.76  (gas SRMC €88.0/MWh)
   📊 Processing zone NO1...
      ℹ️  No usable ATC link to AT, BE, BG, CH, CZ, DE_LU, DK1, DK2, EE, ES, FI, FR, GR, HU, IT-CNORTH, IT-CSOUTH, IT-Calabria, IT-NORTH, IT-SOUTH, IT-Sardinia, IT-Sicily, LT, LV, NL, NO2, NO3, NO4, NO5, PL, PT, RO, RS, SE1, SE2, SE3, SE4, SI, SK — keeping observed net imports for those borders
   ♻️  Zone CZ: reusing pass-1 book (760 orders)
📊 Creating merit-order order book for NO1 on 2025-07-07
  ➕ Fleet completion: +557 MW Hydro Run-of-river and pondage (recent p95 1672 MW vs 1115 MW unit-level)
   ♻️  Zone DE_LU: reusing pass-1 book (1103 orders)
   ♻️  Zone DK1: reusing pass-1 book (504 orders)
   📊 Processing zone NO2...
      ℹ️  No usable ATC link to AT, BE, BG, CH, CZ, DK1, DK2, EE, ES, FI, FR, GR, HU, IT-CNORTH, IT-CSOUTH, IT-Calabria, IT-NORTH, IT-SOUTH, IT-Sardinia, IT-Sicily, LT, LV, NO1, NO3, NO4, NO5, PL, PT, RO, RS, SE1, SE2, SE3, SE4, SI, SK — keeping observed net imports for those borders
   ♻️  Zone DK2: reusing pass-1 book (576 orders)
   ♻️  Zone EE: reusing pass-1 book (194 orders)
📊 Creating merit-order order book for NO2 on 2025-07-07
  ➕ Fleet completion: +444 MW Hydro Run-of-river and pondage (recent p95 559 MW vs 115 MW unit-level)
   ♻️  Zone ES: reusing pass-1 book (815 orders)
   📊 Processing zone NO3...
      ℹ️  No usable ATC link to AT, BE, BG, CH, CZ, DE_LU, DK1, DK2, EE, ES, FI, FR, GR, HU, IT-CNORTH, IT-CSOUTH, IT-Calabria, IT-NORTH, IT-SOUTH, IT-Sardinia, IT-Sicily, LT, LV, NL, NO1, NO2, NO4, NO5, PL, PT, RO, RS, SE1, SE2, SE3, SE4, SI, SK — keeping observed net imports for those borders
   ♻️  Zone FI: reusing pass-1 book (1008 orders)
      ✅ Added 16639 supply + 96 demand orders
   ♻️  Zone GR: reusing pass-1 book (432 orders)
📊 Creating merit-order order book for NO3 on 2025-07-07
  ➕ Fleet completion: +554 MW Hydro Water Reservoir (recent p95 2140 MW vs 1586 MW unit-level)
  ➕ Fleet completion: +884 MW Hydro Run-of-river and pondage (recent p95 988 MW vs 104 MW unit-level)
   📊 Processing zone NO5...
      ℹ️  No usable ATC link to AT, BE, BG, CH, CZ, DE_LU, DK1, DK2, EE, ES, FI, FR, GR, HU, IT-CNORTH, IT-CSOUTH, IT-Calabria, IT-NORTH, IT-SOUTH, IT-Sardinia, IT-Sicily, LT, LV, NL, NO1, NO2, NO3, NO4, PL, PT, RO, RS, SE1, SE2, SE3, SE4, SI, SK — keeping observed net imports for those borders
   ♻️  Zone HU: reusing pass-1 book (1180 orders)
📊 Creating merit-order order book for NO5 on 2025-07-07
  ➕ Fleet completion: +557 MW Hydro Run-of-river and pondage (recent p95 557 MW vs 0 MW unit-level)
   ♻️  Zone LT: reusing pass-1 book (240 orders)
   ♻️  Zone LV: reusing pass-1 book (312 orders)
   📊 Processing zone SE3...
      ℹ️  No usable ATC link to AT, BE, BG, CH, CZ, DE_LU, DK2, EE, ES, FI, FR, GR, HU, IT-CNORTH, IT-CSOUTH, IT-Calabria, IT-NORTH, IT-SOUTH, IT-Sardinia, IT-Sicily, LT, LV, NL, NO1, NO2, NO3, NO4, NO5, PL, PT, RO, RS, SE1, SE2, SE4, SI, SK — keeping observed net imports for those borders
   ♻️  Zone NL: reusing pass-1 book (840 orders)
📊 Creating merit-order order book for SE3 on 2025-07-07
  ➕ Fleet completion: +582 MW Hydro Water Reservoir (recent p95 912 MW vs 330 MW unit-level)
  ➕ Fleet completion: +465 MW Other (recent p95 465 MW vs 0 MW unit-level)
  📊 Resolution analysis:
     - Loads & Renewables: PT60M (60 minutes)
     - Loads & Renewables: PT60M (60 minutes)
     → Using finest resolution: 60 minutes
  🛟 Import backstop: peak 2577 MW @ €158.3/MWh (24 hours, 8-week window)
  💧 Hydro: offer scale 0.93, dryness 0.07 (reservoir levels) [reservoir-opportunity]
  🔗 Merged 1920 orders into 692 price-distinct blocks
  ✅ Merit-order book: 1848 supply / 72 demand orders
     ⚖️  Supply/Demand ratio: 1.12  (gas SRMC €88.0/MWh)
   📊 Processing zone SE4...
      ℹ️  No usable ATC link to AT, BE, BG, CH, CZ, DE_LU, DK1, EE, ES, FI, FR, GR, HU, IT-CNORTH, IT-CSOUTH, IT-Calabria, IT-NORTH, IT-SOUTH, IT-Sardinia, IT-Sicily, LV, NL, NO1, NO2, NO3, NO4, NO5, PT, RO, RS, SE1, SE2, SE3, SI, SK — keeping observed net imports for those borders
📊 Creating merit-order order book for SE4 on 2025-07-07
  ➕ Fleet completion: +110 MW Other (recent p95 110 MW vs 0 MW unit-level)
  📊 Resolution analysis:
     - Loads & Renewables: PT60M (60 minutes)
     - Loads & Renewables: PT60M (60 minutes)
     → Using finest resolution: 60 minutes
  🔗 Merged 867 orders into 435 price-distinct blocks
  ✅ Merit-order book: 816 supply / 51 demand orders
     ⚖️  Supply/Demand ratio: 2.19  (gas SRMC €88.0/MWh)
   📊 Processing zone SI...
      ℹ️  No usable ATC link to AT, BE, BG, CH, CZ, DE_LU, DK1, DK2, EE, ES, FI, FR, GR, IT-CNORTH, IT-CSOUTH, IT-Calabria, IT-SOUTH, IT-Sardinia, IT-Sicily, LT, LV, NL, NO1, NO2, NO3, NO4, NO5, PL, PT, RO, RS, SE1, SE2, SE3, SE4, SK — keeping observed net imports for those borders
📊 Creating merit-order order book for SI on 2025-07-07
  ➕ Fleet completion: +485 MW Hydro Run-of-river and pondage (recent p95 727 MW vs 242 MW unit-level)
  ➖ Fleet-truthing derate: Fossil Brown coal/Lignite ×0.01 (fleet 439 MW vs recent p95 3 MW)
  📊 Resolution analysis:
     - Loads & Renewables: PT60M (60 minutes)
     - Loads & Renewables: PT60M (60 minutes)
     → Using finest resolution: 60 minutes
  🛟 Import backstop: peak 798 MW @ €158.3/MWh (24 hours, 8-week window)
  💧 Hydro: offer scale 0.98, dryness 0.0 (reservoir levels)
  🔗 Merged 1800 orders into 602 price-distinct blocks
  ✅ Merit-order book: 1750 supply / 50 demand orders
     ⚖️  Supply/Demand ratio: 2.01  (gas SRMC €88.0/MWh)
   📊 Processing zone SK...
      ℹ️  No usable ATC link to AT, BE, BG, CH, CZ, DE_LU, DK1, DK2, EE, ES, FI, FR, GR, HU, IT-CNORTH, IT-CSOUTH, IT-Calabria, IT-NORTH, IT-SOUTH, IT-Sardinia, IT-Sicily, LT, LV, NL, NO1, NO2, NO3, NO4, NO5, PL, PT, RO, RS, SE1, SE2, SE3, SE4, SI — keeping observed net imports for those borders
📊 Creating merit-order order book for SK on 2025-07-07
  ➕ Fleet completion: +112 MW Biomass (recent p95 112 MW vs 0 MW unit-level)
  ➕ Fleet completion: +166 MW Hydro Water Reservoir (recent p95 166 MW vs 0 MW unit-level)
  ➕ Fleet completion: +488 MW Hydro Run-of-river and pondage (recent p95 488 MW vs 0 MW unit-level)
  ➖ Fleet-truthing derate: Fossil Brown coal/Lignite ×0.0 (fleet 330 MW vs recent p95 0 MW)
  ➖ Fleet-truthing derate: Fossil Hard coal ×0.0 (fleet 220 MW vs recent p95 0 MW)
  📊 Resolution analysis:
     - Loads: PT15M (15 minutes)
     - Renewables: PT60M (60 minutes)
     → Using finest resolution: 15 minutes
  📊 Disaggregating renewables from 60min to 15min resolution
  🕐 Aggregated 15-min data to hourly (24 slots)
  💧 Hydro: offer scale 0.83, dryness 0.0 (output-based fallback)
  🌐 Boundary book (UA): 104 orders over 24 slots
  🔗 Merged 2192 orders into 654 price-distinct blocks
  ✅ Merit-order book: 2052 supply / 140 demand orders
     ⚖️  Supply/Demand ratio: 1.1  (gas SRMC €88.0/MWh)
   📊 Processing zone CH...
      ℹ️  No usable ATC link to BE, BG, CZ, DK1, DK2, EE, ES, FI, GR, HU, IT-CNORTH, IT-CSOUTH, IT-Calabria, IT-SOUTH, IT-Sardinia, IT-Sicily, LT, LV, NL, NO1, NO2, NO3, NO4, NO5, PL, PT, RO, RS, SE1, SE2, SE3, SE4, SI, SK — keeping observed net imports for those borders
📊 Creating merit-order order book for CH on 2025-07-07
  ➕ Fleet completion: +334 MW Nuclear (recent p95 1932 MW vs 1598 MW unit-level)
  ➕ Fleet completion: +2672 MW Hydro Run-of-river and pondage (recent p95 3124 MW vs 452 MW unit-level)
  📊 Resolution analysis:
     - Loads & Renewables: PT60M (60 minutes)
     - Loads & Renewables: PT60M (60 minutes)
     → Using finest resolution: 60 minutes
  💧 Hydro: offer scale 1.0, dryness 0.0 (reservoir levels) [reservoir-opportunity]
  🔗 Merged 1680 orders into 336 price-distinct blocks
  ✅ Merit-order book: 1632 supply / 48 demand orders
     ⚖️  Supply/Demand ratio: 2.06  (gas SRMC €88.0/MWh)
  📊 Resolution analysis:
     - Loads & Renewables: PT15M (15 minutes)
     - Loads & Renewables: PT15M (15 minutes)
     → Using finest resolution: 15 minutes
  🕐 Aggregated 15-min data to hourly (24 slots)
  🛟 Import backstop: peak 692 MW @ €158.3/MWh (24 hours, 8-week window)
  💧 Hydro: offer scale 0.85, dryness 0.15 (reservoir levels) [reservoir-opportunity]
  🔗 Merged 3816 orders into 264 price-distinct blocks
  ✅ Merit-order book: 3744 supply / 72 demand orders
     ⚖️  Supply/Demand ratio: 1.09  (gas SRMC €88.0/MWh)
      ✅ Added 3744 supply + 72 demand orders
  📊 Resolution analysis:
     - Loads & Renewables: PT15M (15 minutes)
     - Loads & Renewables: PT15M (15 minutes)
     → Using finest resolution: 15 minutes
  🕐 Aggregated 15-min data to hourly (24 slots)
  💧 Hydro: offer scale 0.85, dryness 0.15 (reservoir levels) [reservoir-opportunity]
  🔗 Merged 2256 orders into 240 price-distinct blocks
  ✅ Merit-order book: 2184 supply / 72 demand orders
     ⚖️  Supply/Demand ratio: 2.02  (gas SRMC €88.0/MWh)
      ✅ Added 2184 supply + 72 demand orders
  📊 Resolution analysis:
     - Loads & Renewables: PT15M (15 minutes)
     - Loads & Renewables: PT15M (15 minutes)
     → Using finest resolution: 15 minutes
  🕐 Aggregated 15-min data to hourly (24 slots)
  🛟 Import backstop: peak 1143 MW @ €158.3/MWh (24 hours, 8-week window)
  💧 Hydro: offer scale 1.0, dryness 0.0 (reservoir levels) [reservoir-opportunity]
  🔗 Merged 1248 orders into 240 price-distinct blocks
  ✅ Merit-order book: 1176 supply / 72 demand orders
     ⚖️  Supply/Demand ratio: 1.41  (gas SRMC €88.0/MWh)
      ✅ Added 1176 supply + 72 demand orders
   ♻️  Zone NO4: reusing pass-1 book (336 orders)
  📊 Resolution analysis:
     - Loads & Renewables: PT15M (15 minutes)
     - Loads & Renewables: PT15M (15 minutes)
     → Using finest resolution: 15 minutes
  🕐 Aggregated 15-min data to hourly (24 slots)
  💧 Hydro: offer scale 1.0, dryness 0.0 (reservoir levels) [reservoir-opportunity]
  🔗 Merged 1848 orders into 336 price-distinct blocks
  ✅ Merit-order book: 1776 supply / 72 demand orders
     ⚖️  Supply/Demand ratio: 2.36  (gas SRMC €88.0/MWh)
      ✅ Added 1776 supply + 72 demand orders
   ♻️  Zone PL: reusing pass-1 book (1136 orders)
   ♻️  Zone PT: reusing pass-1 book (432 orders)
   ♻️  Zone RO: reusing pass-1 book (848 orders)
   ♻️  Zone RS: reusing pass-1 book (456 orders)
   ♻️  Zone SE1: reusing pass-1 book (96 orders)
   ♻️  Zone SE2: reusing pass-1 book (96 orders)
      ✅ Added 1848 supply + 72 demand orders
      ✅ Added 816 supply + 51 demand orders
      ✅ Added 1750 supply + 50 demand orders
      ✅ Added 2052 supply + 140 demand orders
   ♻️  Zone IT-NORTH: reusing pass-1 book (672 orders)
   ♻️  Zone IT-CNORTH: reusing pass-1 book (432 orders)
   ♻️  Zone IT-CSOUTH: reusing pass-1 book (576 orders)
   ♻️  Zone IT-SOUTH: reusing pass-1 book (552 orders)
   ♻️  Zone IT-Calabria: reusing pass-1 book (456 orders)
   ♻️  Zone IT-Sicily: reusing pass-1 book (480 orders)
   ♻️  Zone IT-Sardinia: reusing pass-1 book (576 orders)
      ✅ Added 1632 supply + 48 demand orders
   ✅ Found 84 directional transfer capacity links
✅ Created multi-zone order book (merit-order):
   🌍 Zones: 39  📝 Orders: 22002  🕐 Periods: 24  🔌 Links: 84

⚡ Running pass-2 market clearing optimization...
   🧩 Period-decomposition: 24 independent single-period clears (solver=highs)
      · 12/24 periods (235.0s, last=optimal)
      · 24/24 periods (271.0s, last=optimal)
   ⚓ Pass 2 accepted (status=optimal, solve=270.7s; pass 1 was 172.3s)

============================================================
📊 MULTI-ZONE CLEARING RESULTS
============================================================
   Status: optimal
   Solve time: 270.68s (total: 460.18s)
   Objective value: 2.127904213047e10

💰 Zonal Clearing Prices (avg):
   AT: avg=€88.44/MWh (min=75.61, max=104.85)
   BE: avg=€76.26/MWh (min=38.48, max=88.68)
   BG: avg=€112.93/MWh (min=75.5, max=178.3)
   CZ: avg=€100.14/MWh (min=92.37, max=105.19)
   DE_LU: avg=€93.66/MWh (min=75.61, max=105.19)
   DK1: avg=€89.39/MWh (min=47.97, max=105.19)
   DK2: avg=€92.14/MWh (min=75.61, max=105.19)
   EE: avg=€19.58/MWh (min=5.0, max=55.23)
   ES: avg=€46.78/MWh (min=4.4, max=83.57)
   FI: avg=€11.95/MWh (min=5.0, max=18.75)
   FR: avg=€47.53/MWh (min=25.05, max=83.57)
   GR: avg=€108.25/MWh (min=47.97, max=178.3)
   HU: avg=€89.3/MWh (min=48.38, max=158.35)
   LT: avg=€70.96/MWh (min=55.23, max=87.84)
   LV: avg=€70.96/MWh (min=55.23, max=87.84)
   NL: avg=€65.22/MWh (min=4.4, max=87.97)
   NO1: avg=€77.58/MWh (min=40.01, max=94.38)
   NO2: avg=€79.67/MWh (min=49.6, max=87.97)
   NO3: avg=€70.07/MWh (min=36.0, max=84.94)
   NO4: avg=€26.55/MWh (min=18.47, max=33.87)
   NO5: avg=€70.07/MWh (min=36.0, max=84.94)
   PL: avg=€97.33/MWh (min=92.37, max=105.19)
   PT: avg=€54.59/MWh (min=4.4, max=144.4)
   RO: avg=€112.93/MWh (min=75.5, max=178.3)
   RS: avg=€116.1/MWh (min=85.95, max=161.34)
   SE1: avg=€29.48/MWh (min=20.14, max=39.48)
   SE2: avg=€25.9/MWh (min=1.0, max=36.93)
   SE3: avg=€88.34/MWh (min=47.97, max=105.19)
   SE4: avg=€70.63/MWh (min=55.23, max=87.84)
   SI: avg=€73.74/MWh (min=9.5, max=177.15)
   SK: avg=€72.57/MWh (min=36.0, max=93.43)
   IT-NORTH: avg=€113.9/MWh (min=100.29, max=177.15)
   IT-CNORTH: avg=€113.9/MWh (min=100.29, max=177.15)
   IT-CSOUTH: avg=€113.9/MWh (min=100.29, max=177.15)
   IT-SOUTH: avg=€100.42/MWh (min=47.97, max=173.73)
   IT-Calabria: avg=€100.42/MWh (min=47.97, max=173.73)
   IT-Sicily: avg=€119.96/MWh (min=47.97, max=264.73)
   IT-Sardinia: avg=€108.61/MWh (min=74.78, max=177.15)
   CH: avg=€93.53/MWh (min=75.61, max=105.19)

🔌 Cross-Border Flows (avg):
   DE_LU_to_NL: avg=-29.6MW (min=-192.4, max=-0.0)
   RO_to_RS: avg=120.0MW (min=-581.0, max=1069.0)
   CH_to_DE_LU: avg=466.5MW (min=-915.0, max=3906.8)
   IT-Sicily_to_IT-Calabria: avg=-411.5MW (min=-1071.8, max=468.9)
   EE_to_LV: avg=105.8MW (min=-63.5, max=248.8)
   DK2_to_SE4: avg=-23.6MW (min=-158.4, max=-0.0)
   RS_to_HU: avg=-177.1MW (min=-233.0, max=-130.0)
   IT-CSOUTH_to_IT-CNORTH: avg=-1171.5MW (min=-3283.7, max=4191.7)
   FR_to_ES: avg=-179.8MW (min=-1546.0, max=601.2)
   RS_to_BG: avg=-165.7MW (min=-385.0, max=496.0)
   DK1_to_DE_LU: avg=-254.3MW (min=-1264.0, max=289.2)
   ES_to_PT: avg=-291.0MW (min=-4029.4, max=2266.5)
   EE_to_FI: avg=-98.3MW (min=-291.4, max=231.0)
   CZ_to_DE_LU: avg=106.6MW (min=-487.7, max=773.8)
   PT_to_ES: avg=-711.6MW (min=-3255.4, max=2307.7)
   LT_to_SE4: avg=-71.0MW (min=-299.2, max=330.6)
   DK1_to_NL: avg=-279.0MW (min=-699.9, max=-53.8)
   BG_to_GR: avg=-260.4MW (min=-1485.1, max=1269.8)
   CH_to_IT-NORTH: avg=2010.4MW (min=-1847.0, max=2810.0)
   IT-CSOUTH_to_IT-Sardinia: avg=-108.5MW (min=-586.7, max=193.1)
   LT_to_PL: avg=18.2MW (min=14.6, max=21.9)
   PL_to_SE4: avg=-56.5MW (min=-67.6, max=-46.2)
   FR_to_DE_LU: avg=1.4MW (min=-0.0, max=29.3)
   LT_to_LV: avg=-328.0MW (min=-636.1, max=83.9)
   BG_to_RO: avg=-842.4MW (min=-2241.0, max=1559.0)
   FI_to_EE: avg=-79.3MW (min=-343.1, max=179.2)
   IT-SOUTH_to_GR: avg=16.3MW (min=-203.0, max=153.2)
   NL_to_DE_LU: avg=29.6MW (min=-0.0, max=192.4)
   DK1_to_SE3: avg=10.1MW (min=-106.1, max=299.6)
   RO_to_BG: avg=-1008.7MW (min=-1918.0, max=2039.6)
   IT-Sardinia_to_IT-CSOUTH: avg=-226.6MW (min=-784.3, max=400.0)
   DE_LU_to_DK2: avg=12.7MW (min=-205.7, max=299.7)
   IT-SOUTH_to_IT-CSOUTH: avg=-83.0MW (min=-4162.1, max=1923.0)
   IT-CNORTH_to_IT-CSOUTH: avg=-2165.3MW (min=-4955.5, max=2341.3)
   AT_to_IT-NORTH: avg=44.3MW (min=30.8, max=66.0)
   GR_to_BG: avg=-252.8MW (min=-1370.4, max=612.2)
   AT_to_CH: avg=74.3MW (min=-1100.0, max=1040.7)
   BG_to_RS: avg=62.9MW (min=-442.0, max=385.0)
   FR_to_IT-NORTH: avg=251.2MW (min=167.9, max=399.9)
   CH_to_AT: avg=-69.9MW (min=-1040.7, max=1100.0)
   HU_to_RS: avg=170.0MW (min=61.7, max=233.0)
   CZ_to_PL: avg=-132.7MW (min=-1199.0, max=906.7)
   SE3_to_DK1: avg=-18.9MW (min=-286.8, max=106.1)
   DE_LU_to_CH: avg=-2197.1MW (min=-4168.0, max=915.0)
   HU_to_SI: avg=-73.5MW (min=-389.7, max=129.7)
   IT-NORTH_to_IT-CNORTH: avg=-856.6MW (min=-4194.1, max=3202.6)
   NL_to_NO2: avg=239.6MW (min=-229.8, max=337.8)
   PL_to_CZ: avg=127.9MW (min=-390.3, max=961.6)
   DK1_to_DK2: avg=-139.1MW (min=-300.0, max=162.5)
   DK2_to_DE_LU: avg=-143.3MW (min=-299.7, max=75.8)
   DE_LU_to_NO2: avg=-132.7MW (min=-212.0, max=-87.4)
   IT-Calabria_to_IT-Sicily: avg=84.1MW (min=-986.8, max=896.1)
   IT-CNORTH_to_IT-NORTH: avg=-1531.4MW (min=-3933.7, max=3231.3)
   SE4_to_LT: avg=-165.0MW (min=-338.6, max=176.6)
   NL_to_DK1: avg=239.9MW (min=-7.3, max=699.9)
   IT-NORTH_to_FR: avg=-251.2MW (min=-399.9, max=-167.9)
   IT-SOUTH_to_IT-Calabria: avg=178.2MW (min=-2204.8, max=1441.4)
   SE1_to_SE2: avg=-272.0MW (min=-906.8, max=1.1)
   ES_to_FR: avg=100.9MW (min=-601.2, max=1546.0)
   DK2_to_DK1: avg=32.3MW (min=-258.1, max=300.0)
   SE4_to_DK2: avg=-19.4MW (min=-654.5, max=158.4)
   IT-NORTH_to_SI: avg=-133.1MW (min=-534.8, max=-35.9)
   SE2_to_SE1: avg=88.5MW (min=-1.1, max=694.0)
   PL_to_LT: avg=-18.2MW (min=-21.9, max=-14.6)
   SI_to_HU: avg=1.7MW (min=-374.7, max=279.8)
   RS_to_RO: avg=-425.5MW (min=-1129.0, max=631.0)
   NO2_to_DE_LU: avg=132.7MW (min=87.4, max=212.0)
   GR_to_IT-SOUTH: avg=-48.8MW (min=-428.1, max=128.4)
   SI_to_IT-NORTH: avg=126.7MW (min=35.9, max=534.8)
   SE4_to_PL: avg=56.5MW (min=46.2, max=67.6)
   DE_LU_to_PL: avg=-83.2MW (min=-472.8, max=134.2)
   DE_LU_to_DK1: avg=-257.7MW (min=-1168.9, max=911.0)
   DE_LU_to_CZ: avg=-226.0MW (min=-1022.8, max=397.7)
   IT-CSOUTH_to_IT-SOUTH: avg=-1589.8MW (min=-3955.6, max=-0.0)
   NO2_to_NL: avg=-265.7MW (min=-337.8, max=-49.4)
   LV_to_LT: avg=251.7MW (min=-126.5, max=674.3)
   IT-NORTH_to_AT: avg=-44.3MW (min=-66.0, max=-30.8)
   IT-NORTH_to_CH: avg=-2177.3MW (min=-2810.0, max=-1165.7)
   DE_LU_to_FR: avg=-1.4MW (min=-29.3, max=-0.0)
   PL_to_DE_LU: avg=90.1MW (min=-134.2, max=472.8)
   LV_to_EE: avg=-123.5MW (min=-248.8, max=-61.5)
   IT-Calabria_to_IT-SOUTH: avg=395.0MW (min=-1588.8, max=2406.9)

============================================================
   🔮 Ex-ante flow mode: v3 (scoped default)
   🧩 Period-decomposition ENABLED (per-period independent clears; policy: canonical on the EU path)
============================================================
🌍 MULTI-ZONE MARKET CLEARING WITH TRANSMISSION FLOWS
   Date: 2025-07-07
============================================================

📋 Target zones: AT, BE, BG, CZ, DE_LU, DK1, DK2, EE, ES, FI, FR, GR, HU, LT, LV, NL, NO1, NO2, NO3, NO4, NO5, PL, PT, RO, RS, SE1, SE2, SE3, SE4, SI, SK, IT-NORTH, IT-CNORTH, IT-CSOUTH, IT-SOUTH, IT-Calabria, IT-Sicily, IT-Sardinia, CH
   📋 Order method: merit_order

📊 Creating multi-zone order book...
🌍 Creating multi-zone order book (merit-order method) for 39 zones
   🔌 Fetching transfer capacities between zones...
📊 Fetching ENTSO-E transfer capacity (enriched: explicit=true, remap=IT→IT-NORTH) for 2025-07-07...
✅ Enriched transfer capacity: 3456 implicit rows, +1104 explicit-only rows, 192 aggregate endpoints remapped, -1200 stale flow-based border-hours dropped, 2016 in-footprint border-hours
✅ Created transfer capacity structure:
   🌍 Bidding zones: 33 (AT, BG, CH, CZ, DE_LU, DK1, DK2, EE, ES, FI, FR, GR, HU, IT-CNORTH, IT-CSOUTH, IT-Calabria, IT-NORTH, IT-SOUTH, IT-Sardinia, IT-Sicily, LT, LV, NL, NO2, PL, PT, RO, RS, SE1, SE2, SE3, SE4, SI)
   🕐 Time periods: 24
   ➡️  Forward capacities: 2016 entries
   ↔️  Bidirectional links: 1904
   ➡️  Unidirectional links: 112
   🚫 Shadowed aggregate codes excluded from observed imports: DE_50HzT, DE_Amprion, DE_TenneT_GER, DE_TransnetBW, DK, IT
   📊 Processing zone AT...
      ℹ️  No usable ATC link to BE, BG, CZ, DE_LU, DK1, DK2, EE, ES, FI, FR, GR, HU, IT-CNORTH, IT-CSOUTH, IT-Calabria, IT-SOUTH, IT-Sardinia, IT-Sicily, LT, LV, NL, NO1, NO2, NO3, NO4, NO5, PL, PT, RO, RS, SE1, SE2, SE3, SE4, SI, SK — keeping observed net imports for those borders
📊 Creating merit-order order book for AT on 2025-07-07
  ➕ Fleet completion: +168 MW Biomass (recent p95 168 MW vs 0 MW unit-level)
  ➕ Fleet completion: +812 MW Hydro Water Reservoir (recent p95 947 MW vs 135 MW unit-level)
  ➕ Fleet completion: +4259 MW Hydro Run-of-river and pondage (recent p95 4259 MW vs 0 MW unit-level)
  📊 Resolution analysis:
     - Loads & Renewables: PT15M (15 minutes)
     - Loads & Renewables: PT15M (15 minutes)
     → Using finest resolution: 15 minutes
  🕐 Aggregated 15-min data to hourly (24 slots)
  🛟 Import backstop: peak 2449 MW @ €158.3/MWh (24 hours, 8-week window)
  💧 Hydro: offer scale 0.9, dryness 0.1 (reservoir levels) [reservoir-opportunity]
  🔗 Merged 1488 orders into 456 price-distinct blocks
  ✅ Merit-order book: 1440 supply / 48 demand orders
     ⚖️  Supply/Demand ratio: 2.14  (gas SRMC €88.0/MWh)
   📊 Processing zone BE...
      ℹ️  No usable ATC link to AT, BG, CH, CZ, DE_LU, DK1, DK2, EE, ES, FI, FR, GR, HU, IT-CNORTH, IT-CSOUTH, IT-Calabria, IT-NORTH, IT-SOUTH, IT-Sardinia, IT-Sicily, LT, LV, NL, NO1, NO2, NO3, NO4, NO5, PL, PT, RO, RS, SE1, SE2, SE3, SE4, SI, SK — keeping observed net imports for those borders
📊 Creating merit-order order book for BE on 2025-07-07
  ➕ Fleet completion: +438 MW Biomass (recent p95 438 MW vs 0 MW unit-level)
  ➕ Fleet completion: +257 MW Waste (recent p95 257 MW vs 0 MW unit-level)
      ✅ Added 1440 supply + 48 demand orders
  ➕ Fleet completion: +1009 MW Nuclear (recent p95 2416 MW vs 1407 MW unit-level)
  📊 Resolution analysis:
     - Loads: PT15M (15 minutes)
     - Renewables: PT60M (60 minutes)
     → Using finest resolution: 15 minutes
  📊 Disaggregating renewables from 60min to 15min resolution
  🕐 Aggregated 15-min data to hourly (24 slots)
  🛟 Import backstop: peak 2091 MW @ €158.3/MWh (24 hours, 8-week window)
  💧 Hydro: offer scale 0.75, dryness 0.07 (output-based fallback)
  🔗 Merged 3720 orders into 792 price-distinct blocks
  ✅ Merit-order book: 3672 supply / 48 demand orders
     ⚖️  Supply/Demand ratio: 1.49  (gas SRMC €88.0/MWh)
   📊 Processing zone BG...
      ℹ️  No usable ATC link to AT, BE, CH, CZ, DE_LU, DK1, DK2, EE, ES, FI, FR, HU, IT-CNORTH, IT-CSOUTH, IT-Calabria, IT-NORTH, IT-SOUTH, IT-Sardinia, IT-Sicily, LT, LV, NL, NO1, NO2, NO3, NO4, NO5, PL, PT, SE1, SE2, SE3, SE4, SI, SK — keeping observed net imports for those borders
📊 Creating merit-order order book for BG on 2025-07-07
      ✅ Added 3672 supply + 48 demand orders
  ➕ Fleet completion: +426 MW Hydro Water Reservoir (recent p95 666 MW vs 240 MW unit-level)
  ➕ Fleet completion: +268 MW Hydro Run-of-river and pondage (recent p95 268 MW vs 0 MW unit-level)
  ➖ Fleet-truthing derate: Fossil Brown coal/Lignite ×0.38 (fleet 2455 MW vs recent p95 814 MW)
  📊 Resolution analysis:
     - Loads & Renewables: PT60M (60 minutes)
     - Loads & Renewables: PT60M (60 minutes)
     → Using finest resolution: 60 minutes
  💧 Hydro: offer scale 0.94, dryness 0.15 (reservoir levels)
  🔗 Merged 2304 orders into 720 price-distinct blocks
  ✅ Merit-order book: 2242 supply / 62 demand orders
     ⚖️  Supply/Demand ratio: 1.48  (gas SRMC €88.0/MWh)
   📊 Processing zone CZ...
      ℹ️  No usable ATC link to AT, BE, BG, CH, DK1, DK2, EE, ES, FI, FR, GR, HU, IT-CNORTH, IT-CSOUTH, IT-Calabria, IT-NORTH, IT-SOUTH, IT-Sardinia, IT-Sicily, LT, LV, NL, NO1, NO2, NO3, NO4, NO5, PT, RO, RS, SE1, SE2, SE3, SE4, SI, SK — keeping observed net imports for those borders
📊 Creating merit-order order book for CZ on 2025-07-07
      ✅ Added 2242 supply + 62 demand orders
  ➕ Fleet completion: +360 MW Biomass (recent p95 360 MW vs 0 MW unit-level)
  ➕ Fleet completion: +325 MW Hydro Pumped Storage (installed 1130 MW vs 805 MW unit-level)
  ➕ Fleet completion: +236 MW Hydro Water Reservoir (recent p95 380 MW vs 144 MW unit-level)
  ➕ Fleet completion: +122 MW Hydro Run-of-river and pondage (recent p95 122 MW vs 0 MW unit-level)
  ➕ Fleet completion: +197 MW Fossil Gas (installed 1229 MW vs 1032 MW unit-level)
  ➕ Fleet completion: +1733 MW Fossil Brown coal/Lignite (installed 5663 MW vs 3930 MW unit-level)
  ➕ Fleet completion: +270 MW Other renewable (recent p95 270 MW vs 0 MW unit-level)
  ➕ Fleet completion: +1085 MW Nuclear (installed 4290 MW vs 3205 MW unit-level)
  📊 Resolution analysis:
     - Loads & Renewables: PT15M (15 minutes)
     - Loads & Renewables: PT15M (15 minutes)
     → Using finest resolution: 15 minutes
  🕐 Aggregated 15-min data to hourly (24 slots)
  💧 Hydro: offer scale 0.53, dryness 0.09 (output-based fallback)
  🔗 Merged 3714 orders into 760 price-distinct blocks
  ✅ Merit-order book: 3666 supply / 48 demand orders
     ⚖️  Supply/Demand ratio: 2.02  (gas SRMC €88.0/MWh)
   📊 Processing zone DE_LU...
      ℹ️  No usable ATC link to AT, BE, BG, EE, ES, FI, GR, HU, IT-CNORTH, IT-CSOUTH, IT-Calabria, IT-NORTH, IT-SOUTH, IT-Sardinia, IT-Sicily, LT, LV, NO1, NO3, NO4, NO5, PT, RO, RS, SE1, SE2, SE3, SE4, SI, SK — keeping observed net imports for those borders
📊 Creating merit-order order book for DE_LU on 2025-07-07
      ✅ Added 3666 supply + 48 demand orders
  ➕ Fleet completion: +4539 MW Biomass (recent p95 4539 MW vs 0 MW unit-level)
  ➕ Fleet completion: +1852 MW Hydro Pumped Storage (installed 7495 MW vs 5643 MW unit-level)
  ➕ Fleet completion: +142 MW Hydro Water Reservoir (recent p95 642 MW vs 500 MW unit-level)
  ➕ Fleet completion: +147 MW Other (recent p95 147 MW vs 0 MW unit-level)
  ➕ Fleet completion: +699 MW Waste (recent p95 808 MW vs 109 MW unit-level)
  ➕ Fleet completion: +1491 MW Hydro Run-of-river and pondage (recent p95 1956 MW vs 464 MW unit-level)
  ➕ Fleet completion: +5660 MW Fossil Gas (installed 19529 MW vs 13869 MW unit-level)
  ➕ Fleet completion: +13184 MW Fossil Hard coal (installed 20831 MW vs 7647 MW unit-level)
  ➕ Fleet completion: +7359 MW Fossil Brown coal/Lignite (installed 19572 MW vs 12213 MW unit-level)
  ➕ Fleet completion: +772 MW Fossil Oil (installed 1142 MW vs 370 MW unit-level)
  ➕ Fleet completion: +414 MW Fossil Coal-derived gas (installed 1245 MW vs 831 MW unit-level)
  📊 Resolution analysis:
     - Loads & Renewables: PT15M (15 minutes)
     - Loads & Renewables: PT15M (15 minutes)
     → Using finest resolution: 15 minutes
  🕐 Aggregated 15-min data to hourly (24 slots)
  💧 Hydro: offer scale 0.7, dryness 0.01 (output-based fallback)
  🔗 Merged 13776 orders into 1103 price-distinct blocks
  ✅ Merit-order book: 13728 supply / 48 demand orders
     ⚖️  Supply/Demand ratio: 1.8  (gas SRMC €88.0/MWh)
   📊 Processing zone DK1...
      ℹ️  No usable ATC link to AT, BE, BG, CH, CZ, EE, ES, FI, FR, GR, HU, IT-CNORTH, IT-CSOUTH, IT-Calabria, IT-NORTH, IT-SOUTH, IT-Sardinia, IT-Sicily, LT, LV, NO1, NO2, NO3, NO4, NO5, PL, PT, RO, RS, SE1, SE2, SE4, SI, SK — keeping observed net imports for those borders
📊 Creating merit-order order book for DK1 on 2025-07-07
      ✅ Added 13728 supply + 48 demand orders
  ➖ Fleet-truthing derate: Fossil Hard coal ×0.0 (fleet 1486 MW vs recent p95 0 MW)
  📊 Resolution analysis:
     - Loads: PT60M (60 minutes)
     - Renewables: PT15M (15 minutes)
     → Using finest resolution: 15 minutes
  📊 Disaggregating loads from 60min to 15min resolution
  🕐 Aggregated 15-min data to hourly (24 slots)
  🛟 Import backstop: peak 1287 MW @ €158.3/MWh (24 hours, 8-week window)
  🌐 Boundary book (GB): 120 orders over 24 slots
  🔗 Merged 528 orders into 504 price-distinct blocks
  ✅ Merit-order book: 432 supply / 96 demand orders
     ⚖️  Supply/Demand ratio: 1.34  (gas SRMC €88.0/MWh)
   📊 Processing zone DK2...
      ℹ️  No usable ATC link to AT, BE, BG, CH, CZ, EE, ES, FI, FR, GR, HU, IT-CNORTH, IT-CSOUTH, IT-Calabria, IT-NORTH, IT-SOUTH, IT-Sardinia, IT-Sicily, LT, LV, NL, NO1, NO2, NO3, NO4, NO5, PL, PT, RO, RS, SE1, SE2, SE3, SI, SK — keeping observed net imports for those borders
📊 Creating merit-order order book for DK2 on 2025-07-07
      ✅ Added 432 supply + 96 demand orders
  ➕ Fleet completion: +110 MW Waste (recent p95 110 MW vs 0 MW unit-level)
  ➖ Fleet-truthing derate: Fossil Hard coal ×0.06 (fleet 1037 MW vs recent p95 59 MW)
  📊 Resolution analysis:
     - Loads: PT60M (60 minutes)
     - Renewables: PT15M (15 minutes)
     → Using finest resolution: 15 minutes
  📊 Disaggregating loads from 60min to 15min resolution
  🕐 Aggregated 15-min data to hourly (24 slots)
  🛟 Import backstop: peak 852 MW @ €158.3/MWh (24 hours, 8-week window)
  🔗 Merged 1104 orders into 576 price-distinct blocks
  ✅ Merit-order book: 1056 supply / 48 demand orders
     ⚖️  Supply/Demand ratio: 1.89  (gas SRMC €88.0/MWh)
   📊 Processing zone EE...
      ℹ️  No usable ATC link to AT, BE, BG, CH, CZ, DE_LU, DK1, DK2, ES, FR, GR, HU, IT-CNORTH, IT-CSOUTH, IT-Calabria, IT-NORTH, IT-SOUTH, IT-Sardinia, IT-Sicily, LT, NL, NO1, NO2, NO3, NO4, NO5, PL, PT, RO, RS, SE1, SE2, SE3, SE4, SI, SK — keeping observed net imports for those borders
📊 Creating merit-order order book for EE on 2025-07-07
      ✅ Added 1056 supply + 48 demand orders
  ➕ Fleet completion: +443 MW Fossil Oil shale (installed 1330 MW vs 887 MW unit-level)
  📊 Resolution analysis:
     - Loads & Renewables: PT60M (60 minutes)
     - Loads & Renewables: PT60M (60 minutes)
     → Using finest resolution: 60 minutes
  🔗 Merged 866 orders into 194 price-distinct blocks
  ✅ Merit-order book: 818 supply / 48 demand orders
     ⚖️  Supply/Demand ratio: 21.27  (gas SRMC €88.0/MWh)
   📊 Processing zone ES...
      ℹ️  No usable ATC link to AT, BE, BG, CH, CZ, DE_LU, DK1, DK2, EE, FI, GR, HU, IT-CNORTH, IT-CSOUTH, IT-Calabria, IT-NORTH, IT-SOUTH, IT-Sardinia, IT-Sicily, LT, LV, NL, NO1, NO2, NO3, NO4, NO5, PL, RO, RS, SE1, SE2, SE3, SE4, SI, SK — keeping observed net imports for those borders
📊 Creating merit-order order book for ES on 2025-07-07
      ✅ Added 818 supply + 48 demand orders
  ➕ Fleet completion: +492 MW Biomass (recent p95 492 MW vs 0 MW unit-level)
  ➕ Fleet completion: +261 MW Hydro Water Reservoir (recent p95 4176 MW vs 3915 MW unit-level)
  ➕ Fleet completion: +248 MW Waste (recent p95 248 MW vs 0 MW unit-level)
  ➕ Fleet completion: +1172 MW Hydro Run-of-river and pondage (recent p95 1172 MW vs 0 MW unit-level)
  ➖ Fleet-truthing derate: Fossil Hard coal ×0.44 (fleet 916 MW vs recent p95 352 MW)
  📊 Resolution analysis:
     - Loads & Renewables: PT15M (15 minutes)
     - Loads & Renewables: PT15M (15 minutes)
     → Using finest resolution: 15 minutes
  🕐 Aggregated 15-min data to hourly (24 slots)
  💧 Hydro: offer scale 0.81, dryness 0.0 (reservoir levels)
  🔗 Merged 11088 orders into 815 price-distinct blocks
  ✅ Merit-order book: 11040 supply / 48 demand orders
     ⚖️  Supply/Demand ratio: 1.72  (gas SRMC €88.0/MWh)
   📊 Processing zone FI...
      ℹ️  No usable ATC link to AT, BE, BG, CH, CZ, DE_LU, DK1, DK2, ES, FR, GR, HU, IT-CNORTH, IT-CSOUTH, IT-Calabria, IT-NORTH, IT-SOUTH, IT-Sardinia, IT-Sicily, LT, LV, NL, NO1, NO2, NO3, NO4, NO5, PL, PT, RO, RS, SE1, SE2, SE3, SE4, SI, SK — keeping observed net imports for those borders
📊 Creating merit-order order book for FI on 2025-07-07
      ✅ Added 11040 supply + 48 demand orders
  ➕ Fleet completion: +145 MW Biomass (recent p95 780 MW vs 635 MW unit-level)
  ➕ Fleet completion: +2118 MW Hydro Run-of-river and pondage (recent p95 2118 MW vs 0 MW unit-level)
  ➕ Fleet completion: +178 MW Nuclear (recent p95 4154 MW vs 3977 MW unit-level)
  ➖ Fleet-truthing derate: Fossil Hard coal ×0.0 (fleet 1878 MW vs recent p95 2 MW)
  ➖ Fleet-truthing derate: Fossil Peat ×0.06 (fleet 820 MW vs recent p95 44 MW)
  📊 Resolution analysis:
     - Loads & Renewables: PT15M (15 minutes)
     - Loads & Renewables: PT15M (15 minutes)
     → Using finest resolution: 15 minutes
  🕐 Aggregated 15-min data to hourly (24 slots)
  💧 Hydro: offer scale 0.92, dryness 0.08 (reservoir levels) [reservoir-opportunity]
  🔗 Merged 4680 orders into 1008 price-distinct blocks
  ✅ Merit-order book: 4632 supply / 48 demand orders
     ⚖️  Supply/Demand ratio: 1.37  (gas SRMC €88.0/MWh)
   📊 Processing zone FR...
      ℹ️  No usable ATC link to AT, BE, BG, CZ, DK1, DK2, EE, FI, GR, HU, IT-CNORTH, IT-CSOUTH, IT-Calabria, IT-SOUTH, IT-Sardinia, IT-Sicily, LT, LV, NL, NO1, NO2, NO3, NO4, NO5, PL, PT, RO, RS, SE1, SE2, SE3, SE4, SI, SK — keeping observed net imports for those borders
📊 Creating merit-order order book for FR on 2025-07-07
      ✅ Added 4632 supply + 48 demand orders
  ➕ Fleet completion: +237 MW Biomass (recent p95 387 MW vs 150 MW unit-level)
  ➕ Fleet completion: +1128 MW Hydro Water Reservoir (recent p95 2459 MW vs 1331 MW unit-level)
  ➕ Fleet completion: +393 MW Waste (recent p95 393 MW vs 0 MW unit-level)
  ➕ Fleet completion: +3552 MW Hydro Run-of-river and pondage (recent p95 5620 MW vs 2068 MW unit-level)
  ➖ Fleet-truthing derate: Nuclear ×0.97 (fleet 48215 MW vs recent p95 40798 MW)
  📊 Resolution analysis:
     - Loads: PT15M (15 minutes)
     - Renewables: PT60M (60 minutes)
     → Using finest resolution: 15 minutes
  📊 Disaggregating renewables from 60min to 15min resolution
  🕐 Aggregated 15-min data to hourly (24 slots)
  🛟 Import backstop: peak 2019 MW @ €158.3/MWh (24 hours, 8-week window)
  💧 Hydro: offer scale 0.83, dryness 0.02 (reservoir levels)
  🌐 Boundary book (GB): 120 orders over 24 slots
  🔗 Merged 16735 orders into 1056 price-distinct blocks
  ✅ Merit-order book: 16639 supply / 96 demand orders
     ⚖️  Supply/Demand ratio: 1.76  (gas SRMC €88.0/MWh)
   📊 Processing zone GR...
      ℹ️  No usable ATC link to AT, BE, CH, CZ, DE_LU, DK1, DK2, EE, ES, FI, FR, HU, IT-CNORTH, IT-CSOUTH, IT-Calabria, IT-NORTH, IT-Sardinia, IT-Sicily, LT, LV, NL, NO1, NO2, NO3, NO4, NO5, PL, PT, RO, RS, SE1, SE2, SE3, SE4, SI, SK — keeping observed net imports for those borders
📊 Creating merit-order order book for GR on 2025-07-07
  ➖ Fleet-truthing derate: Fossil Brown coal/Lignite ×0.58 (fleet 1182 MW vs recent p95 596 MW)
      ✅ Added 16639 supply + 96 demand orders
  📊 Resolution analysis:
     - Loads & Renewables: PT60M (60 minutes)
     - Loads & Renewables: PT60M (60 minutes)
     → Using finest resolution: 60 minutes
  💧 Hydro: offer scale 0.63, dryness 0.16 (reservoir levels)
  🔗 Merged 2688 orders into 432 price-distinct blocks
  ✅ Merit-order book: 2631 supply / 57 demand orders
     ⚖️  Supply/Demand ratio: 1.56  (gas SRMC €88.0/MWh)
   📊 Processing zone HU...
      ℹ️  No usable ATC link to AT, BE, BG, CH, CZ, DE_LU, DK1, DK2, EE, ES, FI, FR, GR, IT-CNORTH, IT-CSOUTH, IT-Calabria, IT-NORTH, IT-SOUTH, IT-Sardinia, IT-Sicily, LT, LV, NL, NO1, NO2, NO3, NO4, NO5, PL, PT, RO, SE1, SE2, SE3, SE4, SK — keeping observed net imports for those borders
📊 Creating merit-order order book for HU on 2025-07-07
      ✅ Added 2631 supply + 57 demand orders
  ➖ Fleet-truthing derate: Fossil Brown coal/Lignite ×0.47 (fleet 446 MW vs recent p95 182 MW)
  📊 Resolution analysis:
     - Loads & Renewables: PT15M (15 minutes)
     - Loads & Renewables: PT15M (15 minutes)
     → Using finest resolution: 15 minutes
  🕐 Aggregated 15-min data to hourly (24 slots)
  🛟 Import backstop: peak 1284 MW @ €158.3/MWh (24 hours, 8-week window)
  🌐 Boundary book (UA): 124 orders over 24 slots
  🔗 Merged 7828 orders into 1180 price-distinct blocks
  ✅ Merit-order book: 7728 supply / 100 demand orders
     ⚖️  Supply/Demand ratio: 1.46  (gas SRMC €88.0/MWh)
   📊 Processing zone LT...
      ℹ️  No usable ATC link to AT, BE, BG, CH, CZ, DE_LU, DK1, DK2, EE, ES, FI, FR, GR, HU, IT-CNORTH, IT-CSOUTH, IT-Calabria, IT-NORTH, IT-SOUTH, IT-Sardinia, IT-Sicily, NL, NO1, NO2, NO3, NO4, NO5, PT, RO, RS, SE1, SE2, SE3, SI, SK — keeping observed net imports for those borders
📊 Creating merit-order order book for LT on 2025-07-07
  ➕ Fleet completion: +300 MW Fossil Gas (installed 1155 MW vs 855 MW unit-level)
      ✅ Added 7728 supply + 100 demand orders
  📊 Resolution analysis:
     - Loads & Renewables: PT15M (15 minutes)
     - Loads & Renewables: PT15M (15 minutes)
     → Using finest resolution: 15 minutes
  🕐 Aggregated 15-min data to hourly (24 slots)
  💧 Hydro: offer scale 0.44, dryness 0.96 (reservoir levels)
  🔗 Merged 696 orders into 240 price-distinct blocks
  ✅ Merit-order book: 648 supply / 48 demand orders
     ⚖️  Supply/Demand ratio: 1.56  (gas SRMC €88.0/MWh)
   📊 Processing zone LV...
      ℹ️  No usable ATC link to AT, BE, BG, CH, CZ, DE_LU, DK1, DK2, ES, FI, FR, GR, HU, IT-CNORTH, IT-CSOUTH, IT-Calabria, IT-NORTH, IT-SOUTH, IT-Sardinia, IT-Sicily, NL, NO1, NO2, NO3, NO4, NO5, PL, PT, RO, RS, SE1, SE2, SE3, SE4, SI, SK — keeping observed net imports for those borders
📊 Creating merit-order order book for LV on 2025-07-07
  ➕ Fleet completion: +566 MW Hydro Run-of-river and pondage (recent p95 666 MW vs 100 MW unit-level)
      ✅ Added 648 supply + 48 demand orders
  📊 Resolution analysis:
     - Loads: PT60M (60 minutes)
     - Renewables: PT15M (15 minutes)
     → Using finest resolution: 15 minutes
  📊 Disaggregating loads from 60min to 15min resolution
  🕐 Aggregated 15-min data to hourly (24 slots)
  💧 Hydro: offer scale 1.0, dryness 0.54 (reservoir levels)
  🔗 Merged 840 orders into 312 price-distinct blocks
  ✅ Merit-order book: 792 supply / 48 demand orders
     ⚖️  Supply/Demand ratio: 2.28  (gas SRMC €88.0/MWh)
   📊 Processing zone NL...
      ℹ️  No usable ATC link to AT, BE, BG, CH, CZ, DK2, EE, ES, FI, FR, GR, HU, IT-CNORTH, IT-CSOUTH, IT-Calabria, IT-NORTH, IT-SOUTH, IT-Sardinia, IT-Sicily, LT, LV, NO1, NO3, NO4, NO5, PL, PT, RO, RS, SE1, SE2, SE3, SE4, SI, SK — keeping observed net imports for those borders
📊 Creating merit-order order book for NL on 2025-07-07
      ✅ Added 792 supply + 48 demand orders
  ➕ Fleet completion: +4382 MW Fossil Gas (installed 14186 MW vs 9804 MW unit-level)
  ➕ Fleet completion: +13015 MW Other (recent p95 13015 MW vs 0 MW unit-level)
  ➕ Fleet completion: +5370 MW Fossil Hard coal (installed 6101 MW vs 731 MW unit-level)
  ➕ Fleet completion: +331 MW Waste (recent p95 331 MW vs 0 MW unit-level)
  📊 Resolution analysis:
     - Loads & Renewables: PT15M (15 minutes)
     - Loads & Renewables: PT15M (15 minutes)
     → Using finest resolution: 15 minutes
  🕐 Aggregated 15-min data to hourly (24 slots)
  🔗 Merged 4656 orders into 840 price-distinct blocks
  ✅ Merit-order book: 4596 supply / 60 demand orders
     ⚖️  Supply/Demand ratio: 4.04  (gas SRMC €88.0/MWh)
   📊 Processing zone NO1...
      ℹ️  No usable ATC link to AT, BE, BG, CH, CZ, DE_LU, DK1, DK2, EE, ES, FI, FR, GR, HU, IT-CNORTH, IT-CSOUTH, IT-Calabria, IT-NORTH, IT-SOUTH, IT-Sardinia, IT-Sicily, LT, LV, NL, NO2, NO3, NO4, NO5, PL, PT, RO, RS, SE1, SE2, SE3, SE4, SI, SK — keeping observed net imports for those borders
📊 Creating merit-order order book for NO1 on 2025-07-07
      ✅ Added 4596 supply + 60 demand orders
  ➕ Fleet completion: +557 MW Hydro Run-of-river and pondage (recent p95 1672 MW vs 1115 MW unit-level)
  📊 Resolution analysis:
     - Loads & Renewables: PT15M (15 minutes)
     - Loads & Renewables: PT15M (15 minutes)
     → Using finest resolution: 15 minutes
  🕐 Aggregated 15-min data to hourly (24 slots)
  🛟 Import backstop: peak 692 MW @ €158.3/MWh (24 hours, 8-week window)
  💧 Hydro: offer scale 0.85, dryness 0.15 (reservoir levels) [reservoir-opportunity]
  🔗 Merged 3792 orders into 216 price-distinct blocks
  ✅ Merit-order book: 3744 supply / 48 demand orders
     ⚖️  Supply/Demand ratio: 1.6  (gas SRMC €88.0/MWh)
   📊 Processing zone NO2...
      ℹ️  No usable ATC link to AT, BE, BG, CH, CZ, DK1, DK2, EE, ES, FI, FR, GR, HU, IT-CNORTH, IT-CSOUTH, IT-Calabria, IT-NORTH, IT-SOUTH, IT-Sardinia, IT-Sicily, LT, LV, NO1, NO3, NO4, NO5, PL, PT, RO, RS, SE1, SE2, SE3, SE4, SI, SK — keeping observed net imports for those borders
📊 Creating merit-order order book for NO2 on 2025-07-07
      ✅ Added 3744 supply + 48 demand orders
  ➕ Fleet completion: +444 MW Hydro Run-of-river and pondage (recent p95 559 MW vs 115 MW unit-level)
  📊 Resolution analysis:
     - Loads & Renewables: PT15M (15 minutes)
     - Loads & Renewables: PT15M (15 minutes)
     → Using finest resolution: 15 minutes
  🕐 Aggregated 15-min data to hourly (24 slots)
  💧 Hydro: offer scale 0.85, dryness 0.15 (reservoir levels) [reservoir-opportunity]
  🔗 Merged 2232 orders into 192 price-distinct blocks
  ✅ Merit-order book: 2184 supply / 48 demand orders
     ⚖️  Supply/Demand ratio: 2.55  (gas SRMC €88.0/MWh)
   📊 Processing zone NO3...
      ℹ️  No usable ATC link to AT, BE, BG, CH, CZ, DE_LU, DK1, DK2, EE, ES, FI, FR, GR, HU, IT-CNORTH, IT-CSOUTH, IT-Calabria, IT-NORTH, IT-SOUTH, IT-Sardinia, IT-Sicily, LT, LV, NL, NO1, NO2, NO4, NO5, PL, PT, RO, RS, SE1, SE2, SE3, SE4, SI, SK — keeping observed net imports for those borders
📊 Creating merit-order order book for NO3 on 2025-07-07
  ➕ Fleet completion: +554 MW Hydro Water Reservoir (recent p95 2140 MW vs 1586 MW unit-level)
      ✅ Added 2184 supply + 48 demand orders
  ➕ Fleet completion: +884 MW Hydro Run-of-river and pondage (recent p95 988 MW vs 104 MW unit-level)
  📊 Resolution analysis:
     - Loads & Renewables: PT15M (15 minutes)
     - Loads & Renewables: PT15M (15 minutes)
     → Using finest resolution: 15 minutes
  🕐 Aggregated 15-min data to hourly (24 slots)
  🛟 Import backstop: peak 1143 MW @ €158.3/MWh (24 hours, 8-week window)
  💧 Hydro: offer scale 1.0, dryness 0.0 (reservoir levels) [reservoir-opportunity]
  🔗 Merged 1224 orders into 216 price-distinct blocks
  ✅ Merit-order book: 1176 supply / 48 demand orders
     ⚖️  Supply/Demand ratio: 1.65  (gas SRMC €88.0/MWh)
   📊 Processing zone NO4...
      ℹ️  No usable ATC link to AT, BE, BG, CH, CZ, DE_LU, DK1, DK2, EE, ES, FI, FR, GR, HU, IT-CNORTH, IT-CSOUTH, IT-Calabria, IT-NORTH, IT-SOUTH, IT-Sardinia, IT-Sicily, LT, LV, NL, NO1, NO2, NO3, NO5, PL, PT, RO, RS, SE1, SE2, SE3, SE4, SI, SK — keeping observed net imports for those borders
📊 Creating merit-order order book for NO4 on 2025-07-07
      ✅ Added 1176 supply + 48 demand orders
  ➕ Fleet completion: +357 MW Hydro Run-of-river and pondage (recent p95 357 MW vs 0 MW unit-level)
  📊 Resolution analysis:
     - Loads & Renewables: PT15M (15 minutes)
     - Loads & Renewables: PT15M (15 minutes)
     → Using finest resolution: 15 minutes
  🕐 Aggregated 15-min data to hourly (24 slots)
  💧 Hydro: offer scale 1.0, dryness 0.0 (reservoir levels) [reservoir-opportunity]
  🔗 Merged 1752 orders into 336 price-distinct blocks
  ✅ Merit-order book: 1704 supply / 48 demand orders
     ⚖️  Supply/Demand ratio: 2.36  (gas SRMC €88.0/MWh)
   📊 Processing zone NO5...
      ℹ️  No usable ATC link to AT, BE, BG, CH, CZ, DE_LU, DK1, DK2, EE, ES, FI, FR, GR, HU, IT-CNORTH, IT-CSOUTH, IT-Calabria, IT-NORTH, IT-SOUTH, IT-Sardinia, IT-Sicily, LT, LV, NL, NO1, NO2, NO3, NO4, PL, PT, RO, RS, SE1, SE2, SE3, SE4, SI, SK — keeping observed net imports for those borders
📊 Creating merit-order order book for NO5 on 2025-07-07
      ✅ Added 1704 supply + 48 demand orders
  ➕ Fleet completion: +557 MW Hydro Run-of-river and pondage (recent p95 557 MW vs 0 MW unit-level)
  📊 Resolution analysis:
     - Loads & Renewables: PT15M (15 minutes)
     - Loads & Renewables: PT15M (15 minutes)
     → Using finest resolution: 15 minutes
  🕐 Aggregated 15-min data to hourly (24 slots)
  💧 Hydro: offer scale 1.0, dryness 0.0 (reservoir levels) [reservoir-opportunity]
  🔗 Merged 1824 orders into 336 price-distinct blocks
  ✅ Merit-order book: 1776 supply / 48 demand orders
     ⚖️  Supply/Demand ratio: 3.91  (gas SRMC €88.0/MWh)
   📊 Processing zone PL...
      ℹ️  No usable ATC link to AT, BE, BG, CH, DK1, DK2, EE, ES, FI, FR, GR, HU, IT-CNORTH, IT-CSOUTH, IT-Calabria, IT-NORTH, IT-SOUTH, IT-Sardinia, IT-Sicily, LV, NL, NO1, NO2, NO3, NO4, NO5, PT, RO, RS, SE1, SE2, SE3, SI, SK — keeping observed net imports for those borders
      ✅ Added 1776 supply + 48 demand orders
📊 Creating merit-order order book for PL on 2025-07-07
  ➕ Fleet completion: +205 MW Biomass (recent p95 413 MW vs 208 MW unit-level)
  ➕ Fleet completion: +674 MW Hydro Pumped Storage (installed 1524 MW vs 850 MW unit-level)
  ➕ Fleet completion: +234 MW Hydro Water Reservoir (recent p95 234 MW vs 0 MW unit-level)
  ➕ Fleet completion: +563 MW Other (recent p95 563 MW vs 0 MW unit-level)
  ➕ Fleet completion: +140 MW Hydro Run-of-river and pondage (recent p95 140 MW vs 0 MW unit-level)
  ➕ Fleet completion: +708 MW Fossil Gas (installed 4034 MW vs 3326 MW unit-level)
  ➕ Fleet completion: +4897 MW Fossil Hard coal (installed 18582 MW vs 13685 MW unit-level)
  ➕ Fleet completion: +3796 MW Fossil Brown coal/Lignite (installed 9116 MW vs 5320 MW unit-level)
  ➕ Fleet completion: +148 MW Fossil Oil (recent p95 148 MW vs 0 MW unit-level)
  ➕ Fleet completion: +189 MW Fossil Coal-derived gas (recent p95 189 MW vs 0 MW unit-level)
  📊 Resolution analysis:
     - Loads & Renewables: PT15M (15 minutes)
     - Loads & Renewables: PT15M (15 minutes)
     → Using finest resolution: 15 minutes
  🕐 Aggregated 15-min data to hourly (24 slots)
  💧 Hydro: offer scale 0.5, dryness 0.0 (output-based fallback)
  🌐 Boundary book (UA): 128 orders over 24 slots
  🔗 Merged 11410 orders into 1136 price-distinct blocks
  ✅ Merit-order book: 11306 supply / 104 demand orders
     ⚖️  Supply/Demand ratio: 2.07  (gas SRMC €88.0/MWh)
   📊 Processing zone PT...
      ℹ️  No usable ATC link to AT, BE, BG, CH, CZ, DE_LU, DK1, DK2, EE, FI, FR, GR, HU, IT-CNORTH, IT-CSOUTH, IT-Calabria, IT-NORTH, IT-SOUTH, IT-Sardinia, IT-Sicily, LT, LV, NL, NO1, NO2, NO3, NO4, NO5, PL, RO, RS, SE1, SE2, SE3, SE4, SI, SK — keeping observed net imports for those borders
📊 Creating merit-order order book for PT on 2025-07-07
      ✅ Added 11306 supply + 104 demand orders
  ➕ Fleet completion: +324 MW Biomass (recent p95 324 MW vs 0 MW unit-level)
  📊 Resolution analysis:
     - Loads & Renewables: PT60M (60 minutes)
     - Loads & Renewables: PT60M (60 minutes)
     → Using finest resolution: 60 minutes
  💧 Hydro: offer scale 0.66, dryness 0.0 (reservoir levels)
  🔗 Merged 4920 orders into 432 price-distinct blocks
  ✅ Merit-order book: 4872 supply / 48 demand orders
     ⚖️  Supply/Demand ratio: 1.8  (gas SRMC €88.0/MWh)
   📊 Processing zone RO...
      ℹ️  No usable ATC link to AT, BE, CH, CZ, DE_LU, DK1, DK2, EE, ES, FI, FR, GR, HU, IT-CNORTH, IT-CSOUTH, IT-Calabria, IT-NORTH, IT-SOUTH, IT-Sardinia, IT-Sicily, LT, LV, NL, NO1, NO2, NO3, NO4, NO5, PL, PT, SE1, SE2, SE3, SE4, SI, SK — keeping observed net imports for those borders
📊 Creating merit-order order book for RO on 2025-07-07
      ✅ Added 4872 supply + 48 demand orders
  ➕ Fleet completion: +156 MW Fossil Gas (recent p95 1176 MW vs 1020 MW unit-level)
  ➕ Fleet completion: +373 MW Hydro Water Reservoir (recent p95 1090 MW vs 717 MW unit-level)
  ➕ Fleet completion: +151 MW Hydro Run-of-river and pondage (recent p95 1315 MW vs 1164 MW unit-level)
  ➖ Fleet-truthing derate: Fossil Brown coal/Lignite ×0.67 (fleet 1532 MW vs recent p95 894 MW)
  📊 Resolution analysis:
     - Loads & Renewables: PT15M (15 minutes)
     - Loads & Renewables: PT15M (15 minutes)
     → Using finest resolution: 15 minutes
  🕐 Aggregated 15-min data to hourly (24 slots)
  🛟 Import backstop: peak 968 MW @ €158.3/MWh (24 hours, 8-week window)
  💧 Hydro: offer scale 0.9, dryness 0.01 (reservoir levels)
  🌐 Boundary book (UA): 104 orders over 24 slots
  🔗 Merged 2432 orders into 848 price-distinct blocks
  ✅ Merit-order book: 2352 supply / 80 demand orders
     ⚖️  Supply/Demand ratio: 1.35  (gas SRMC €88.0/MWh)
   📊 Processing zone RS...
      ℹ️  No usable ATC link to AT, BE, CH, CZ, DE_LU, DK1, DK2, EE, ES, FI, FR, GR, IT-CNORTH, IT-CSOUTH, IT-Calabria, IT-NORTH, IT-SOUTH, IT-Sardinia, IT-Sicily, LT, LV, NL, NO1, NO2, NO3, NO4, NO5, PL, PT, SE1, SE2, SE3, SE4, SI, SK — keeping observed net imports for those borders
📊 Creating merit-order order book for RS on 2025-07-07
  ➕ Fleet completion: +215 MW Hydro Water Reservoir (recent p95 215 MW vs 0 MW unit-level)
      ✅ Added 2352 supply + 80 demand orders
  ➖ Fleet-truthing derate: Fossil Brown coal/Lignite ×0.86 (fleet 3990 MW vs recent p95 2970 MW)
  📊 Resolution analysis:
     - Loads & Renewables: PT60M (60 minutes)
     - Loads & Renewables: PT60M (60 minutes)
     → Using finest resolution: 60 minutes
  🛟 Import backstop: peak 614 MW @ €158.3/MWh (24 hours, 8-week window)
  💧 Hydro: offer scale 0.88, dryness 0.1 (reservoir levels)
  🔗 Merged 2232 orders into 456 price-distinct blocks
  ✅ Merit-order book: 2171 supply / 61 demand orders
     ⚖️  Supply/Demand ratio: 1.51  (gas SRMC €88.0/MWh)
   📊 Processing zone SE1...
      ℹ️  No usable ATC link to AT, BE, BG, CH, CZ, DE_LU, DK1, DK2, EE, ES, FI, FR, GR, HU, IT-CNORTH, IT-CSOUTH, IT-Calabria, IT-NORTH, IT-SOUTH, IT-Sardinia, IT-Sicily, LT, LV, NL, NO1, NO2, NO3, NO4, NO5, PL, PT, RO, RS, SE3, SE4, SI, SK — keeping observed net imports for those borders
📊 Creating merit-order order book for SE1 on 2025-07-07
      ✅ Added 2171 supply + 61 demand orders
  📊 Resolution analysis:
     - Loads & Renewables: PT60M (60 minutes)
     - Loads & Renewables: PT60M (60 minutes)
     → Using finest resolution: 60 minutes
  💧 Hydro: offer scale 1.0, dryness 0.0 (reservoir levels) [reservoir-opportunity]
  🔗 Merged 597 orders into 96 price-distinct blocks
  ✅ Merit-order book: 549 supply / 48 demand orders
     ⚖️  Supply/Demand ratio: 3.71  (gas SRMC €88.0/MWh)
   📊 Processing zone SE2...
      ℹ️  No usable ATC link to AT, BE, BG, CH, CZ, DE_LU, DK1, DK2, EE, ES, FI, FR, GR, HU, IT-CNORTH, IT-CSOUTH, IT-Calabria, IT-NORTH, IT-SOUTH, IT-Sardinia, IT-Sicily, LT, LV, NL, NO1, NO2, NO3, NO4, NO5, PL, PT, RO, RS, SE3, SE4, SI, SK — keeping observed net imports for those borders
📊 Creating merit-order order book for SE2 on 2025-07-07
      ✅ Added 549 supply + 48 demand orders
  ➕ Fleet completion: +4491 MW Hydro Water Reservoir (recent p95 5190 MW vs 699 MW unit-level)
  📊 Resolution analysis:
     - Loads & Renewables: PT60M (60 minutes)
     - Loads & Renewables: PT60M (60 minutes)
     → Using finest resolution: 60 minutes
  💧 Hydro: offer scale 1.0, dryness 0.0 (reservoir levels) [reservoir-opportunity]
  🔗 Merged 240 orders into 96 price-distinct blocks
  ✅ Merit-order book: 192 supply / 48 demand orders
     ⚖️  Supply/Demand ratio: 4.19  (gas SRMC €88.0/MWh)
   📊 Processing zone SE3...
      ℹ️  No usable ATC link to AT, BE, BG, CH, CZ, DE_LU, DK2, EE, ES, FI, FR, GR, HU, IT-CNORTH, IT-CSOUTH, IT-Calabria, IT-NORTH, IT-SOUTH, IT-Sardinia, IT-Sicily, LT, LV, NL, NO1, NO2, NO3, NO4, NO5, PL, PT, RO, RS, SE1, SE2, SE4, SI, SK — keeping observed net imports for those borders
📊 Creating merit-order order book for SE3 on 2025-07-07
  ➕ Fleet completion: +582 MW Hydro Water Reservoir (recent p95 912 MW vs 330 MW unit-level)
  ➕ Fleet completion: +465 MW Other (recent p95 465 MW vs 0 MW unit-level)
      ✅ Added 192 supply + 48 demand orders
  📊 Resolution analysis:
     - Loads & Renewables: PT60M (60 minutes)
     - Loads & Renewables: PT60M (60 minutes)
     → Using finest resolution: 60 minutes
  🛟 Import backstop: peak 2577 MW @ €158.3/MWh (24 hours, 8-week window)
  💧 Hydro: offer scale 0.93, dryness 0.07 (reservoir levels) [reservoir-opportunity]
  🔗 Merged 1896 orders into 648 price-distinct blocks
  ✅ Merit-order book: 1848 supply / 48 demand orders
     ⚖️  Supply/Demand ratio: 1.8  (gas SRMC €88.0/MWh)
   📊 Processing zone SE4...
      ℹ️  No usable ATC link to AT, BE, BG, CH, CZ, DE_LU, DK1, EE, ES, FI, FR, GR, HU, IT-CNORTH, IT-CSOUTH, IT-Calabria, IT-NORTH, IT-SOUTH, IT-Sardinia, IT-Sicily, LV, NL, NO1, NO2, NO3, NO4, NO5, PT, RO, RS, SE1, SE2, SE3, SI, SK — keeping observed net imports for those borders
📊 Creating merit-order order book for SE4 on 2025-07-07
      ✅ Added 1848 supply + 48 demand orders
  ➕ Fleet completion: +110 MW Other (recent p95 110 MW vs 0 MW unit-level)
  📊 Resolution analysis:
     - Loads & Renewables: PT60M (60 minutes)
     - Loads & Renewables: PT60M (60 minutes)
     → Using finest resolution: 60 minutes
  🔗 Merged 864 orders into 408 price-distinct blocks
  ✅ Merit-order book: 816 supply / 48 demand orders
     ⚖️  Supply/Demand ratio: 2.2  (gas SRMC €88.0/MWh)
   📊 Processing zone SI...
      ℹ️  No usable ATC link to AT, BE, BG, CH, CZ, DE_LU, DK1, DK2, EE, ES, FI, FR, GR, IT-CNORTH, IT-CSOUTH, IT-Calabria, IT-SOUTH, IT-Sardinia, IT-Sicily, LT, LV, NL, NO1, NO2, NO3, NO4, NO5, PL, PT, RO, RS, SE1, SE2, SE3, SE4, SK — keeping observed net imports for those borders
📊 Creating merit-order order book for SI on 2025-07-07
      ✅ Added 816 supply + 48 demand orders
  ➕ Fleet completion: +485 MW Hydro Run-of-river and pondage (recent p95 727 MW vs 242 MW unit-level)
  ➖ Fleet-truthing derate: Fossil Brown coal/Lignite ×0.01 (fleet 439 MW vs recent p95 3 MW)
  📊 Resolution analysis:
     - Loads & Renewables: PT60M (60 minutes)
     - Loads & Renewables: PT60M (60 minutes)
     → Using finest resolution: 60 minutes
  🛟 Import backstop: peak 798 MW @ €158.3/MWh (24 hours, 8-week window)
  💧 Hydro: offer scale 0.98, dryness 0.0 (reservoir levels)
  🔗 Merged 1800 orders into 600 price-distinct blocks
  ✅ Merit-order book: 1750 supply / 50 demand orders
     ⚖️  Supply/Demand ratio: 2.01  (gas SRMC €88.0/MWh)
   📊 Processing zone SK...
      ℹ️  No usable ATC link to AT, BE, BG, CH, CZ, DE_LU, DK1, DK2, EE, ES, FI, FR, GR, HU, IT-CNORTH, IT-CSOUTH, IT-Calabria, IT-NORTH, IT-SOUTH, IT-Sardinia, IT-Sicily, LT, LV, NL, NO1, NO2, NO3, NO4, NO5, PL, PT, RO, RS, SE1, SE2, SE3, SE4, SI — keeping observed net imports for those borders
📊 Creating merit-order order book for SK on 2025-07-07
  ➕ Fleet completion: +112 MW Biomass (recent p95 112 MW vs 0 MW unit-level)
      ✅ Added 1750 supply + 50 demand orders
  ➕ Fleet completion: +166 MW Hydro Water Reservoir (recent p95 166 MW vs 0 MW unit-level)
  ➕ Fleet completion: +488 MW Hydro Run-of-river and pondage (recent p95 488 MW vs 0 MW unit-level)
  ➖ Fleet-truthing derate: Fossil Brown coal/Lignite ×0.0 (fleet 330 MW vs recent p95 0 MW)
  ➖ Fleet-truthing derate: Fossil Hard coal ×0.0 (fleet 220 MW vs recent p95 0 MW)
  📊 Resolution analysis:
     - Loads: PT15M (15 minutes)
     - Renewables: PT60M (60 minutes)
     → Using finest resolution: 15 minutes
  📊 Disaggregating renewables from 60min to 15min resolution
  🕐 Aggregated 15-min data to hourly (24 slots)
  💧 Hydro: offer scale 0.83, dryness 0.0 (output-based fallback)
  🌐 Boundary book (UA): 104 orders over 24 slots
  🔗 Merged 2168 orders into 630 price-distinct blocks
  ✅ Merit-order book: 2052 supply / 116 demand orders
     ⚖️  Supply/Demand ratio: 1.64  (gas SRMC €88.0/MWh)
   📊 Processing zone IT-NORTH...
      ℹ️  No usable ATC link to BE, BG, CZ, DE_LU, DK1, DK2, EE, ES, FI, GR, HU, IT-CSOUTH, IT-Calabria, IT-SOUTH, IT-Sardinia, IT-Sicily, LT, LV, NL, NO1, NO2, NO3, NO4, NO5, PL, PT, RO, RS, SE1, SE2, SE3, SE4, SK — keeping observed net imports for those borders
📊 Creating merit-order order book for IT-NORTH on 2025-07-07
      ✅ Added 2052 supply + 116 demand orders
  ➕ Fleet completion: +214 MW Biomass (recent p95 214 MW vs 0 MW unit-level)
  ➕ Fleet completion: +164 MW Hydro Water Reservoir (recent p95 1249 MW vs 1085 MW unit-level)
  ➕ Fleet completion: +271 MW Other (recent p95 1311 MW vs 1040 MW unit-level)
  ➕ Fleet completion: +2322 MW Hydro Run-of-river and pondage (recent p95 4823 MW vs 2501 MW unit-level)
  ➕ Fleet completion: +654 MW Other renewable (recent p95 654 MW vs 0 MW unit-level)
  ➕ Fleet completion: +258 MW Energy storage (recent p95 652 MW vs 394 MW unit-level)
  📊 Resolution analysis:
     - Loads & Renewables: PT15M (15 minutes)
     - Loads & Renewables: PT15M (15 minutes)
     → Using finest resolution: 15 minutes
  🕐 Aggregated 15-min data to hourly (24 slots)
  💧 Hydro: offer scale 0.69, dryness 0.15 (reservoir levels)
  🇮🇹 cv25 must-run floor @ €0.0: Biomass ×0.71, Fossil Gas ×0.05
  🔗 Merged 7824 orders into 696 price-distinct blocks
  ✅ Merit-order book: 7776 supply / 48 demand orders
     ⚖️  Supply/Demand ratio: 1.54  (gas SRMC €88.0/MWh)
   📊 Processing zone IT-CNORTH...
      ℹ️  No usable ATC link to AT, BE, BG, CH, CZ, DE_LU, DK1, DK2, EE, ES, FI, FR, GR, HU, IT-Calabria, IT-SOUTH, IT-Sardinia, IT-Sicily, LT, LV, NL, NO1, NO2, NO3, NO4, NO5, PL, PT, RO, RS, SE1, SE2, SE3, SE4, SI, SK — keeping observed net imports for those borders
📊 Creating merit-order order book for IT-CNORTH on 2025-07-07
  ➕ Fleet completion: +484 MW Geothermal (recent p95 598 MW vs 114 MW unit-level)
      ✅ Added 7776 supply + 48 demand orders
  📊 Resolution analysis:
     - Loads & Renewables: PT15M (15 minutes)
     - Loads & Renewables: PT15M (15 minutes)
     → Using finest resolution: 15 minutes
  🕐 Aggregated 15-min data to hourly (24 slots)
  🛟 Import backstop: peak 48 MW @ €158.3/MWh (24 hours, 8-week window)
  💧 Hydro: offer scale 0.29, dryness 0.0 (reservoir levels)
  🇮🇹 cv25 must-run floor @ €0.0: Geothermal ×0.92, Fossil Gas ×0.04
  🔗 Merged 1152 orders into 408 price-distinct blocks
  ✅ Merit-order book: 1098 supply / 54 demand orders
     ⚖️  Supply/Demand ratio: 0.77  (gas SRMC €88.0/MWh)
   📊 Processing zone IT-CSOUTH...
      ℹ️  No usable ATC link to AT, BE, BG, CH, CZ, DE_LU, DK1, DK2, EE, ES, FI, FR, GR, HU, IT-Calabria, IT-NORTH, IT-Sicily, LT, LV, NL, NO1, NO2, NO3, NO4, NO5, PL, PT, RO, RS, SE1, SE2, SE3, SE4, SI, SK — keeping observed net imports for those borders
📊 Creating merit-order order book for IT-CSOUTH on 2025-07-07
      ✅ Added 1098 supply + 54 demand orders
  ➕ Fleet completion: +175 MW Other renewable (recent p95 175 MW vs 0 MW unit-level)
  ➕ Fleet completion: +174 MW Energy storage (recent p95 174 MW vs 0 MW unit-level)
  ➖ Fleet-truthing derate: Fossil Hard coal ×0.0 (fleet 1250 MW vs recent p95 0 MW)
  📊 Resolution analysis:
     - Loads & Renewables: PT15M (15 minutes)
     - Loads & Renewables: PT15M (15 minutes)
     → Using finest resolution: 15 minutes
  🕐 Aggregated 15-min data to hourly (24 slots)
  💧 Hydro: offer scale 0.45, dryness 0.08 (reservoir levels)
  🇮🇹 cv25 must-run floor @ €0.0: Fossil Gas ×0.0
  🔗 Merged 3336 orders into 600 price-distinct blocks
  ✅ Merit-order book: 3276 supply / 60 demand orders
     ⚖️  Supply/Demand ratio: 1.81  (gas SRMC €88.0/MWh)
   📊 Processing zone IT-SOUTH...
      ℹ️  No usable ATC link to AT, BE, BG, CH, CZ, DE_LU, DK1, DK2, EE, ES, FI, FR, HU, IT-CNORTH, IT-NORTH, IT-Sardinia, IT-Sicily, LT, LV, NL, NO1, NO2, NO3, NO4, NO5, PL, PT, RO, RS, SE1, SE2, SE3, SE4, SI, SK — keeping observed net imports for those borders
📊 Creating merit-order order book for IT-SOUTH on 2025-07-07
  ➕ Fleet completion: +249 MW Biomass (recent p95 249 MW vs 0 MW unit-level)
  ➖ Fleet-truthing derate: Fossil Hard coal ×0.0 (fleet 605 MW vs recent p95 0 MW)
  ➖ Fleet-truthing derate: Fossil Coal-derived gas ×0.02 (fleet 850 MW vs recent p95 12 MW)
      ✅ Added 3276 supply + 60 demand orders
  📊 Resolution analysis:
     - Loads & Renewables: PT15M (15 minutes)
     - Loads & Renewables: PT15M (15 minutes)
     → Using finest resolution: 15 minutes
  🕐 Aggregated 15-min data to hourly (24 slots)
  💧 Hydro: offer scale 0.2, dryness 0.88 (reservoir levels)
  🇮🇹 cv25 must-run floor @ €0.0: Biomass ×0.34, Fossil Gas ×0.06
  🔗 Merged 1752 orders into 576 price-distinct blocks
  ✅ Merit-order book: 1704 supply / 48 demand orders
     ⚖️  Supply/Demand ratio: 2.33  (gas SRMC €88.0/MWh)
   📊 Processing zone IT-Calabria...
      ℹ️  No usable ATC link to AT, BE, BG, CH, CZ, DE_LU, DK1, DK2, EE, ES, FI, FR, GR, HU, IT-CNORTH, IT-CSOUTH, IT-NORTH, IT-Sardinia, LT, LV, NL, NO1, NO2, NO3, NO4, NO5, PL, PT, RO, RS, SE1, SE2, SE3, SE4, SI, SK — keeping observed net imports for those borders
📊 Creating merit-order order book for IT-Calabria on 2025-07-07
  ➕ Fleet completion: +124 MW Biomass (recent p95 124 MW vs 0 MW unit-level)
      ✅ Added 1704 supply + 48 demand orders
  📊 Resolution analysis:
     - Loads & Renewables: PT15M (15 minutes)
     - Loads & Renewables: PT15M (15 minutes)
     → Using finest resolution: 15 minutes
  🕐 Aggregated 15-min data to hourly (24 slots)
  💧 Hydro: offer scale 0.2, dryness 0.0 (reservoir levels)
  🇮🇹 cv25 must-run floor @ €0.0: Biomass ×0.5
  🔗 Merged 1248 orders into 480 price-distinct blocks
  ✅ Merit-order book: 1200 supply / 48 demand orders
     ⚖️  Supply/Demand ratio: 4.72  (gas SRMC €88.0/MWh)
   📊 Processing zone IT-Sicily...
      ℹ️  No usable ATC link to AT, BE, BG, CH, CZ, DE_LU, DK1, DK2, EE, ES, FI, FR, GR, HU, IT-CNORTH, IT-CSOUTH, IT-NORTH, IT-SOUTH, IT-Sardinia, LT, LV, NL, NO1, NO2, NO3, NO4, NO5, PL, PT, RO, RS, SE1, SE2, SE3, SE4, SI, SK — keeping observed net imports for those borders
📊 Creating merit-order order book for IT-Sicily on 2025-07-07
  ➕ Fleet completion: +119 MW Fossil Coal-derived gas (recent p95 119 MW vs 0 MW unit-level)
      ✅ Added 1200 supply + 48 demand orders
  📊 Resolution analysis:
     - Loads & Renewables: PT15M (15 minutes)
     - Loads & Renewables: PT15M (15 minutes)
     → Using finest resolution: 15 minutes
  🕐 Aggregated 15-min data to hourly (24 slots)
  💧 Hydro: offer scale 0.55, dryness 0.11 (reservoir levels)
  🇮🇹 cv25 must-run floor @ €0.0: Fossil Gas ×0.05
  🔗 Merged 1824 orders into 504 price-distinct blocks
  ✅ Merit-order book: 1752 supply / 72 demand orders
     ⚖️  Supply/Demand ratio: 1.78  (gas SRMC €88.0/MWh)
   📊 Processing zone IT-Sardinia...
      ℹ️  No usable ATC link to AT, BE, BG, CH, CZ, DE_LU, DK1, DK2, EE, ES, FI, FR, GR, HU, IT-CNORTH, IT-Calabria, IT-NORTH, IT-SOUTH, IT-Sicily, LT, LV, NL, NO1, NO2, NO3, NO4, NO5, PL, PT, RO, RS, SE1, SE2, SE3, SE4, SI, SK — keeping observed net imports for those borders
📊 Creating merit-order order book for IT-Sardinia on 2025-07-07
      ✅ Added 1752 supply + 72 demand orders
  ➕ Fleet completion: +157 MW Other renewable (recent p95 157 MW vs 0 MW unit-level)
  ➖ Fleet-truthing derate: Fossil Hard coal ×0.79 (fleet 577 MW vs recent p95 398 MW)
  📊 Resolution analysis:
     - Loads & Renewables: PT15M (15 minutes)
     - Loads & Renewables: PT15M (15 minutes)
     → Using finest resolution: 15 minutes
  🕐 Aggregated 15-min data to hourly (24 slots)
  💧 Hydro: offer scale 0.76, dryness 0.0 (reservoir levels)
  🇮🇹 cv25 must-run floor @ €0.0: Fossil Coal-derived gas ×0.74, Fossil Hard coal ×0.31
  🔗 Merged 1272 orders into 600 price-distinct blocks
  ✅ Merit-order book: 1200 supply / 72 demand orders
     ⚖️  Supply/Demand ratio: 2.16  (gas SRMC €88.0/MWh)
   📊 Processing zone CH...
      ℹ️  No usable ATC link to BE, BG, CZ, DK1, DK2, EE, ES, FI, GR, HU, IT-CNORTH, IT-CSOUTH, IT-Calabria, IT-SOUTH, IT-Sardinia, IT-Sicily, LT, LV, NL, NO1, NO2, NO3, NO4, NO5, PL, PT, RO, RS, SE1, SE2, SE3, SE4, SI, SK — keeping observed net imports for those borders
📊 Creating merit-order order book for CH on 2025-07-07
      ✅ Added 1200 supply + 72 demand orders
  ➕ Fleet completion: +334 MW Nuclear (recent p95 1932 MW vs 1598 MW unit-level)
  ➕ Fleet completion: +2672 MW Hydro Run-of-river and pondage (recent p95 3124 MW vs 452 MW unit-level)
  📊 Resolution analysis:
     - Loads & Renewables: PT60M (60 minutes)
     - Loads & Renewables: PT60M (60 minutes)
     → Using finest resolution: 60 minutes
  💧 Hydro: offer scale 1.0, dryness 0.0 (reservoir levels) [reservoir-opportunity]
  🔗 Merged 1680 orders into 336 price-distinct blocks
  ✅ Merit-order book: 1632 supply / 48 demand orders
     ⚖️  Supply/Demand ratio: 2.06  (gas SRMC €88.0/MWh)
      ✅ Added 1632 supply + 48 demand orders
   ✅ Found 84 directional transfer capacity links
✅ Created multi-zone order book (merit-order):
   🌍 Zones: 39  📝 Orders: 21834  🕐 Periods: 24  🔌 Links: 84

⚡ Running multi-zone market clearing optimization...
   🧩 Period-decomposition: 24 independent single-period clears (solver=highs)
      · 12/24 periods (64.4s, last=optimal)
      · 24/24 periods (93.5s, last=optimal)
   ⚓ Anchor ref for AT from CH,IT-NORTH: mean=95.8 €/MWh
   ⚓ Anchor ref for BE from continental proxy DE_LU/NL: mean=77.9 €/MWh
   ⚓ Anchor ref for FR from CH,DE_LU,ES,IT-NORTH: mean=90.3 €/MWh
   ⚓ Anchor ref for NO1 from continental proxy DE_LU/NL: mean=77.9 €/MWh
   ⚓ Anchor ref for NO2 from DE_LU,NL: mean=80.8 €/MWh
   ⚓ Anchor ref for NO3 from continental proxy DE_LU/NL: mean=77.9 €/MWh
   ⚓ Anchor ref for NO5 from continental proxy DE_LU/NL: mean=77.9 €/MWh
   ⚓ Anchor ref for SE3 from DK1: mean=88.9 €/MWh
   ⚓ Anchor ref for SE4 from DK2,LT,PL: mean=77.3 €/MWh
   ⚓ Anchor ref for SI from HU,IT-NORTH: mean=104.7 €/MWh
   ⚓ Anchor ref for SK from continental proxy DE_LU/NL: mean=77.9 €/MWh
   ⚓ Anchor ref for CH from AT,DE_LU,FR,IT-NORTH: mean=79.4 €/MWh

⚓ PASS 2: opportunity-anchored re-clear for AT, BE, FR, NO1, NO2, NO3, NO5, SE3, SE4, SI, SK, CH
🌍 Creating multi-zone order book (merit-order method) for 39 zones
   🔌 Fetching transfer capacities between zones...
📊 Fetching ENTSO-E transfer capacity (enriched: explicit=true, remap=IT→IT-NORTH) for 2025-07-07...
✅ Enriched transfer capacity: 3456 implicit rows, +1104 explicit-only rows, 192 aggregate endpoints remapped, -1200 stale flow-based border-hours dropped, 2016 in-footprint border-hours
✅ Created transfer capacity structure:
   🌍 Bidding zones: 33 (AT, BG, CH, CZ, DE_LU, DK1, DK2, EE, ES, FI, FR, GR, HU, IT-CNORTH, IT-CSOUTH, IT-Calabria, IT-NORTH, IT-SOUTH, IT-Sardinia, IT-Sicily, LT, LV, NL, NO2, PL, PT, RO, RS, SE1, SE2, SE3, SE4, SI)
   🕐 Time periods: 24
   ➡️  Forward capacities: 2016 entries
   ↔️  Bidirectional links: 1904
   ➡️  Unidirectional links: 112
   🚫 Shadowed aggregate codes excluded from observed imports: DE_50HzT, DE_Amprion, DE_TenneT_GER, DE_TransnetBW, DK, IT
   📊 Processing zone AT...
      ℹ️  No usable ATC link to BE, BG, CZ, DE_LU, DK1, DK2, EE, ES, FI, FR, GR, HU, IT-CNORTH, IT-CSOUTH, IT-Calabria, IT-SOUTH, IT-Sardinia, IT-Sicily, LT, LV, NL, NO1, NO2, NO3, NO4, NO5, PL, PT, RO, RS, SE1, SE2, SE3, SE4, SI, SK — keeping observed net imports for those borders
📊 Creating merit-order order book for AT on 2025-07-07
  ➕ Fleet completion: +168 MW Biomass (recent p95 168 MW vs 0 MW unit-level)
  ➕ Fleet completion: +812 MW Hydro Water Reservoir (recent p95 947 MW vs 135 MW unit-level)
  ➕ Fleet completion: +4259 MW Hydro Run-of-river and pondage (recent p95 4259 MW vs 0 MW unit-level)
  📊 Resolution analysis:
     - Loads & Renewables: PT15M (15 minutes)
     - Loads & Renewables: PT15M (15 minutes)
     → Using finest resolution: 15 minutes
  🕐 Aggregated 15-min data to hourly (24 slots)
  🛟 Import backstop: peak 2449 MW @ €158.3/MWh (24 hours, 8-week window)
  💧 Hydro: offer scale 0.9, dryness 0.1 (reservoir levels) [reservoir-opportunity]
  🔗 Merged 1512 orders into 481 price-distinct blocks
  ✅ Merit-order book: 1440 supply / 72 demand orders
     ⚖️  Supply/Demand ratio: 1.69  (gas SRMC €88.0/MWh)
   📊 Processing zone BE...
      ℹ️  No usable ATC link to AT, BG, CH, CZ, DE_LU, DK1, DK2, EE, ES, FI, FR, GR, HU, IT-CNORTH, IT-CSOUTH, IT-Calabria, IT-NORTH, IT-SOUTH, IT-Sardinia, IT-Sicily, LT, LV, NL, NO1, NO2, NO3, NO4, NO5, PL, PT, RO, RS, SE1, SE2, SE3, SE4, SI, SK — keeping observed net imports for those borders
      ✅ Added 1440 supply + 72 demand orders
📊 Creating merit-order order book for BE on 2025-07-07
  ➕ Fleet completion: +438 MW Biomass (recent p95 438 MW vs 0 MW unit-level)
  ➕ Fleet completion: +257 MW Waste (recent p95 257 MW vs 0 MW unit-level)
  ➕ Fleet completion: +1009 MW Nuclear (recent p95 2416 MW vs 1407 MW unit-level)
  📊 Resolution analysis:
     - Loads: PT15M (15 minutes)
     - Renewables: PT60M (60 minutes)
     → Using finest resolution: 15 minutes
  📊 Disaggregating renewables from 60min to 15min resolution
  🕐 Aggregated 15-min data to hourly (24 slots)
  🛟 Import backstop: peak 2091 MW @ €158.3/MWh (24 hours, 8-week window)
  💧 Hydro: offer scale 0.75, dryness 0.07 (output-based fallback)
  🔗 Merged 3744 orders into 840 price-distinct blocks
  ✅ Merit-order book: 3672 supply / 72 demand orders
     ⚖️  Supply/Demand ratio: 1.39  (gas SRMC €88.0/MWh)
   📊 Processing zone FR...
      ℹ️  No usable ATC link to AT, BE, BG, CZ, DK1, DK2, EE, FI, GR, HU, IT-CNORTH, IT-CSOUTH, IT-Calabria, IT-SOUTH, IT-Sardinia, IT-Sicily, LT, LV, NL, NO1, NO2, NO3, NO4, NO5, PL, PT, RO, RS, SE1, SE2, SE3, SE4, SI, SK — keeping observed net imports for those borders
      ✅ Added 3672 supply + 72 demand orders
📊 Creating merit-order order book for FR on 2025-07-07
  ➕ Fleet completion: +237 MW Biomass (recent p95 387 MW vs 150 MW unit-level)
  ➕ Fleet completion: +1128 MW Hydro Water Reservoir (recent p95 2459 MW vs 1331 MW unit-level)
  ➕ Fleet completion: +393 MW Waste (recent p95 393 MW vs 0 MW unit-level)
  ➕ Fleet completion: +3552 MW Hydro Run-of-river and pondage (recent p95 5620 MW vs 2068 MW unit-level)
  ➖ Fleet-truthing derate: Nuclear ×0.97 (fleet 48215 MW vs recent p95 40798 MW)
   ♻️  Zone BG: reusing pass-1 book (720 orders)
   📊 Processing zone NO1...
      ℹ️  No usable ATC link to AT, BE, BG, CH, CZ, DE_LU, DK1, DK2, EE, ES, FI, FR, GR, HU, IT-CNORTH, IT-CSOUTH, IT-Calabria, IT-NORTH, IT-SOUTH, IT-Sardinia, IT-Sicily, LT, LV, NL, NO2, NO3, NO4, NO5, PL, PT, RO, RS, SE1, SE2, SE3, SE4, SI, SK — keeping observed net imports for those borders
   ♻️  Zone CZ: reusing pass-1 book (760 orders)
📊 Creating merit-order order book for NO1 on 2025-07-07
  ➕ Fleet completion: +557 MW Hydro Run-of-river and pondage (recent p95 1672 MW vs 1115 MW unit-level)
   ♻️  Zone DE_LU: reusing pass-1 book (1103 orders)
   ♻️  Zone DK1: reusing pass-1 book (504 orders)
   📊 Processing zone NO2...
      ℹ️  No usable ATC link to AT, BE, BG, CH, CZ, DK1, DK2, EE, ES, FI, FR, GR, HU, IT-CNORTH, IT-CSOUTH, IT-Calabria, IT-NORTH, IT-SOUTH, IT-Sardinia, IT-Sicily, LT, LV, NO1, NO3, NO4, NO5, PL, PT, RO, RS, SE1, SE2, SE3, SE4, SI, SK — keeping observed net imports for those borders
   ♻️  Zone DK2: reusing pass-1 book (576 orders)
   ♻️  Zone EE: reusing pass-1 book (194 orders)
📊 Creating merit-order order book for NO2 on 2025-07-07
  ➕ Fleet completion: +444 MW Hydro Run-of-river and pondage (recent p95 559 MW vs 115 MW unit-level)
   ♻️  Zone ES: reusing pass-1 book (815 orders)
   📊 Processing zone NO3...
      ℹ️  No usable ATC link to AT, BE, BG, CH, CZ, DE_LU, DK1, DK2, EE, ES, FI, FR, GR, HU, IT-CNORTH, IT-CSOUTH, IT-Calabria, IT-NORTH, IT-SOUTH, IT-Sardinia, IT-Sicily, LT, LV, NL, NO1, NO2, NO4, NO5, PL, PT, RO, RS, SE1, SE2, SE3, SE4, SI, SK — keeping observed net imports for those borders
   ♻️  Zone FI: reusing pass-1 book (1008 orders)
📊 Creating merit-order order book for NO3 on 2025-07-07
  ➕ Fleet completion: +554 MW Hydro Water Reservoir (recent p95 2140 MW vs 1586 MW unit-level)
  ➕ Fleet completion: +884 MW Hydro Run-of-river and pondage (recent p95 988 MW vs 104 MW unit-level)
  📊 Resolution analysis:
     - Loads & Renewables: PT15M (15 minutes)
     - Loads & Renewables: PT15M (15 minutes)
     → Using finest resolution: 15 minutes
  🕐 Aggregated 15-min data to hourly (24 slots)
  🛟 Import backstop: peak 1143 MW @ €158.3/MWh (24 hours, 8-week window)
  💧 Hydro: offer scale 1.0, dryness 0.0 (reservoir levels) [reservoir-opportunity]
  🔗 Merged 1248 orders into 240 price-distinct blocks
  ✅ Merit-order book: 1176 supply / 72 demand orders
     ⚖️  Supply/Demand ratio: 1.41  (gas SRMC €88.0/MWh)
   📊 Processing zone NO5...
      ℹ️  No usable ATC link to AT, BE, BG, CH, CZ, DE_LU, DK1, DK2, EE, ES, FI, FR, GR, HU, IT-CNORTH, IT-CSOUTH, IT-Calabria, IT-NORTH, IT-SOUTH, IT-Sardinia, IT-Sicily, LT, LV, NL, NO1, NO2, NO3, NO4, PL, PT, RO, RS, SE1, SE2, SE3, SE4, SI, SK — keeping observed net imports for those borders
📊 Creating merit-order order book for NO5 on 2025-07-07
  ➕ Fleet completion: +557 MW Hydro Run-of-river and pondage (recent p95 557 MW vs 0 MW unit-level)
  📊 Resolution analysis:
     - Loads & Renewables: PT15M (15 minutes)
     - Loads & Renewables: PT15M (15 minutes)
     → Using finest resolution: 15 minutes
  🕐 Aggregated 15-min data to hourly (24 slots)
  💧 Hydro: offer scale 1.0, dryness 0.0 (reservoir levels) [reservoir-opportunity]
  🔗 Merged 1848 orders into 336 price-distinct blocks
  ✅ Merit-order book: 1776 supply / 72 demand orders
     ⚖️  Supply/Demand ratio: 2.36  (gas SRMC €88.0/MWh)
   📊 Processing zone SE3...
      ℹ️  No usable ATC link to AT, BE, BG, CH, CZ, DE_LU, DK2, EE, ES, FI, FR, GR, HU, IT-CNORTH, IT-CSOUTH, IT-Calabria, IT-NORTH, IT-SOUTH, IT-Sardinia, IT-Sicily, LT, LV, NL, NO1, NO2, NO3, NO4, NO5, PL, PT, RO, RS, SE1, SE2, SE4, SI, SK — keeping observed net imports for those borders
📊 Creating merit-order order book for SE3 on 2025-07-07
  ➕ Fleet completion: +582 MW Hydro Water Reservoir (recent p95 912 MW vs 330 MW unit-level)
  ➕ Fleet completion: +465 MW Other (recent p95 465 MW vs 0 MW unit-level)
  📊 Resolution analysis:
     - Loads & Renewables: PT60M (60 minutes)
     - Loads & Renewables: PT60M (60 minutes)
     → Using finest resolution: 60 minutes
  🛟 Import backstop: peak 2577 MW @ €158.3/MWh (24 hours, 8-week window)
  💧 Hydro: offer scale 0.93, dryness 0.07 (reservoir levels) [reservoir-opportunity]
  🔗 Merged 1920 orders into 692 price-distinct blocks
  ✅ Merit-order book: 1848 supply / 72 demand orders
     ⚖️  Supply/Demand ratio: 1.12  (gas SRMC €88.0/MWh)
   📊 Processing zone SE4...
      ℹ️  No usable ATC link to AT, BE, BG, CH, CZ, DE_LU, DK1, EE, ES, FI, FR, GR, HU, IT-CNORTH, IT-CSOUTH, IT-Calabria, IT-NORTH, IT-SOUTH, IT-Sardinia, IT-Sicily, LV, NL, NO1, NO2, NO3, NO4, NO5, PT, RO, RS, SE1, SE2, SE3, SI, SK — keeping observed net imports for those borders
📊 Creating merit-order order book for SE4 on 2025-07-07
  ➕ Fleet completion: +110 MW Other (recent p95 110 MW vs 0 MW unit-level)
  📊 Resolution analysis:
     - Loads & Renewables: PT60M (60 minutes)
     - Loads & Renewables: PT60M (60 minutes)
     → Using finest resolution: 60 minutes
  🔗 Merged 867 orders into 435 price-distinct blocks
  ✅ Merit-order book: 816 supply / 51 demand orders
     ⚖️  Supply/Demand ratio: 2.19  (gas SRMC €88.0/MWh)
   📊 Processing zone SI...
      ℹ️  No usable ATC link to AT, BE, BG, CH, CZ, DE_LU, DK1, DK2, EE, ES, FI, FR, GR, IT-CNORTH, IT-CSOUTH, IT-Calabria, IT-SOUTH, IT-Sardinia, IT-Sicily, LT, LV, NL, NO1, NO2, NO3, NO4, NO5, PL, PT, RO, RS, SE1, SE2, SE3, SE4, SK — keeping observed net imports for those borders
📊 Creating merit-order order book for SI on 2025-07-07
  ➕ Fleet completion: +485 MW Hydro Run-of-river and pondage (recent p95 727 MW vs 242 MW unit-level)
  ➖ Fleet-truthing derate: Fossil Brown coal/Lignite ×0.01 (fleet 439 MW vs recent p95 3 MW)
  📊 Resolution analysis:
     - Loads & Renewables: PT60M (60 minutes)
     - Loads & Renewables: PT60M (60 minutes)
     → Using finest resolution: 60 minutes
  🛟 Import backstop: peak 798 MW @ €158.3/MWh (24 hours, 8-week window)
  💧 Hydro: offer scale 0.98, dryness 0.0 (reservoir levels)
  🔗 Merged 1800 orders into 602 price-distinct blocks
  ✅ Merit-order book: 1750 supply / 50 demand orders
     ⚖️  Supply/Demand ratio: 2.01  (gas SRMC €88.0/MWh)
   📊 Processing zone SK...
      ℹ️  No usable ATC link to AT, BE, BG, CH, CZ, DE_LU, DK1, DK2, EE, ES, FI, FR, GR, HU, IT-CNORTH, IT-CSOUTH, IT-Calabria, IT-NORTH, IT-SOUTH, IT-Sardinia, IT-Sicily, LT, LV, NL, NO1, NO2, NO3, NO4, NO5, PL, PT, RO, RS, SE1, SE2, SE3, SE4, SI — keeping observed net imports for those borders
📊 Creating merit-order order book for SK on 2025-07-07
  ➕ Fleet completion: +112 MW Biomass (recent p95 112 MW vs 0 MW unit-level)
  ➕ Fleet completion: +166 MW Hydro Water Reservoir (recent p95 166 MW vs 0 MW unit-level)
  ➕ Fleet completion: +488 MW Hydro Run-of-river and pondage (recent p95 488 MW vs 0 MW unit-level)
  ➖ Fleet-truthing derate: Fossil Brown coal/Lignite ×0.0 (fleet 330 MW vs recent p95 0 MW)
  ➖ Fleet-truthing derate: Fossil Hard coal ×0.0 (fleet 220 MW vs recent p95 0 MW)
  📊 Resolution analysis:
     - Loads: PT15M (15 minutes)
     - Renewables: PT60M (60 minutes)
     → Using finest resolution: 15 minutes
  📊 Disaggregating renewables from 60min to 15min resolution
  🕐 Aggregated 15-min data to hourly (24 slots)
  💧 Hydro: offer scale 0.83, dryness 0.0 (output-based fallback)
  🌐 Boundary book (UA): 104 orders over 24 slots
  🔗 Merged 2192 orders into 654 price-distinct blocks
  ✅ Merit-order book: 2052 supply / 140 demand orders
     ⚖️  Supply/Demand ratio: 1.1  (gas SRMC €88.0/MWh)
   📊 Processing zone CH...
      ℹ️  No usable ATC link to BE, BG, CZ, DK1, DK2, EE, ES, FI, GR, HU, IT-CNORTH, IT-CSOUTH, IT-Calabria, IT-SOUTH, IT-Sardinia, IT-Sicily, LT, LV, NL, NO1, NO2, NO3, NO4, NO5, PL, PT, RO, RS, SE1, SE2, SE3, SE4, SI, SK — keeping observed net imports for those borders
📊 Creating merit-order order book for CH on 2025-07-07
  ➕ Fleet completion: +334 MW Nuclear (recent p95 1932 MW vs 1598 MW unit-level)
  ➕ Fleet completion: +2672 MW Hydro Run-of-river and pondage (recent p95 3124 MW vs 452 MW unit-level)
  📊 Resolution analysis:
     - Loads & Renewables: PT60M (60 minutes)
     - Loads & Renewables: PT60M (60 minutes)
     → Using finest resolution: 60 minutes
  💧 Hydro: offer scale 1.0, dryness 0.0 (reservoir levels) [reservoir-opportunity]
  🔗 Merged 1680 orders into 336 price-distinct blocks
  ✅ Merit-order book: 1632 supply / 48 demand orders
     ⚖️  Supply/Demand ratio: 2.06  (gas SRMC €88.0/MWh)
  📊 Resolution analysis:
     - Loads: PT15M (15 minutes)
     - Renewables: PT60M (60 minutes)
     → Using finest resolution: 15 minutes
  📊 Disaggregating renewables from 60min to 15min resolution
  🕐 Aggregated 15-min data to hourly (24 slots)
  ⚛️  Nuclear availability 0.63 → opportunity share 0.71 (tightness 0.57)
  🛟 Import backstop: peak 2019 MW @ €158.3/MWh (24 hours, 8-week window)
  💧 Hydro: offer scale 0.83, dryness 0.02 (reservoir levels)
  🌐 Boundary book (GB): 120 orders over 24 slots
  🔗 Merged 16735 orders into 1054 price-distinct blocks
  ✅ Merit-order book: 16639 supply / 96 demand orders
     ⚖️  Supply/Demand ratio: 1.76  (gas SRMC €88.0/MWh)
      ✅ Added 16639 supply + 96 demand orders
  📊 Resolution analysis:
     - Loads & Renewables: PT15M (15 minutes)
     - Loads & Renewables: PT15M (15 minutes)
     → Using finest resolution: 15 minutes
  🕐 Aggregated 15-min data to hourly (24 slots)
   ♻️  Zone GR: reusing pass-1 book (432 orders)
  🛟 Import backstop: peak 692 MW @ €158.3/MWh (24 hours, 8-week window)
   ♻️  Zone HU: reusing pass-1 book (1180 orders)
   ♻️  Zone LT: reusing pass-1 book (240 orders)
   ♻️  Zone LV: reusing pass-1 book (312 orders)
  💧 Hydro: offer scale 0.85, dryness 0.15 (reservoir levels) [reservoir-opportunity]
   ♻️  Zone NL: reusing pass-1 book (840 orders)
  🔗 Merged 3816 orders into 264 price-distinct blocks
  ✅ Merit-order book: 3744 supply / 72 demand orders
     ⚖️  Supply/Demand ratio: 1.09  (gas SRMC €88.0/MWh)
      ✅ Added 3744 supply + 72 demand orders
  📊 Resolution analysis:
     - Loads & Renewables: PT15M (15 minutes)
     - Loads & Renewables: PT15M (15 minutes)
     → Using finest resolution: 15 minutes
  🕐 Aggregated 15-min data to hourly (24 slots)
  💧 Hydro: offer scale 0.85, dryness 0.15 (reservoir levels) [reservoir-opportunity]
  🔗 Merged 2256 orders into 240 price-distinct blocks
  ✅ Merit-order book: 2184 supply / 72 demand orders
     ⚖️  Supply/Demand ratio: 2.02  (gas SRMC €88.0/MWh)
      ✅ Added 2184 supply + 72 demand orders
      ✅ Added 1176 supply + 72 demand orders
   ♻️  Zone NO4: reusing pass-1 book (336 orders)
      ✅ Added 1776 supply + 72 demand orders
   ♻️  Zone PL: reusing pass-1 book (1136 orders)
   ♻️  Zone PT: reusing pass-1 book (432 orders)
   ♻️  Zone RO: reusing pass-1 book (848 orders)
   ♻️  Zone RS: reusing pass-1 book (456 orders)
   ♻️  Zone SE1: reusing pass-1 book (96 orders)
   ♻️  Zone SE2: reusing pass-1 book (96 orders)
      ✅ Added 1848 supply + 72 demand orders
      ✅ Added 816 supply + 51 demand orders
      ✅ Added 1750 supply + 50 demand orders
      ✅ Added 2052 supply + 140 demand orders
   ♻️  Zone IT-NORTH: reusing pass-1 book (696 orders)
   ♻️  Zone IT-CNORTH: reusing pass-1 book (408 orders)
   ♻️  Zone IT-CSOUTH: reusing pass-1 book (600 orders)
   ♻️  Zone IT-SOUTH: reusing pass-1 book (576 orders)
   ♻️  Zone IT-Calabria: reusing pass-1 book (480 orders)
   ♻️  Zone IT-Sicily: reusing pass-1 book (504 orders)
   ♻️  Zone IT-Sardinia: reusing pass-1 book (600 orders)
      ✅ Added 1632 supply + 48 demand orders
   ✅ Found 84 directional transfer capacity links
✅ Created multi-zone order book (merit-order):
   🌍 Zones: 39  📝 Orders: 22122  🕐 Periods: 24  🔌 Links: 84

⚡ Running pass-2 market clearing optimization...
   🧩 Period-decomposition: 24 independent single-period clears (solver=highs)
      · 12/24 periods (227.6s, last=optimal)
      · 24/24 periods (289.2s, last=optimal)
   ⚓ Pass 2 accepted (status=optimal, solve=288.9s; pass 1 was 93.2s)

============================================================
📊 MULTI-ZONE CLEARING RESULTS
============================================================
   Status: optimal
   Solve time: 288.93s (total: 385.28s)
   Objective value: 2.132247553903e10

💰 Zonal Clearing Prices (avg):
   AT: avg=€88.44/MWh (min=75.61, max=104.85)
   BE: avg=€76.26/MWh (min=38.48, max=88.68)
   BG: avg=€112.93/MWh (min=75.5, max=178.3)
   CZ: avg=€100.14/MWh (min=92.37, max=105.19)
   DE_LU: avg=€93.66/MWh (min=75.61, max=105.19)
   DK1: avg=€89.39/MWh (min=47.97, max=105.19)
   DK2: avg=€92.14/MWh (min=75.61, max=105.19)
   EE: avg=€19.58/MWh (min=5.0, max=55.23)
   ES: avg=€46.78/MWh (min=4.4, max=83.57)
   FI: avg=€11.95/MWh (min=5.0, max=18.75)
   FR: avg=€46.93/MWh (min=25.05, max=83.57)
   GR: avg=€108.25/MWh (min=47.97, max=178.3)
   HU: avg=€89.23/MWh (min=48.38, max=158.35)
   LT: avg=€71.95/MWh (min=55.23, max=87.84)
   LV: avg=€71.95/MWh (min=55.23, max=87.84)
   NL: avg=€65.22/MWh (min=4.4, max=87.97)
   NO1: avg=€77.58/MWh (min=40.01, max=94.38)
   NO2: avg=€79.67/MWh (min=49.6, max=87.97)
   NO3: avg=€70.07/MWh (min=36.0, max=84.94)
   NO4: avg=€26.55/MWh (min=18.47, max=33.87)
   NO5: avg=€70.07/MWh (min=36.0, max=84.94)
   PL: avg=€97.33/MWh (min=92.37, max=105.19)
   PT: avg=€54.59/MWh (min=4.4, max=144.4)
   RO: avg=€112.93/MWh (min=75.5, max=178.3)
   RS: avg=€116.1/MWh (min=85.95, max=161.34)
   SE1: avg=€29.48/MWh (min=20.14, max=39.48)
   SE2: avg=€25.9/MWh (min=1.0, max=36.93)
   SE3: avg=€88.34/MWh (min=47.97, max=105.19)
   SE4: avg=€70.63/MWh (min=55.23, max=87.84)
   SI: avg=€72.89/MWh (min=9.5, max=158.35)
   SK: avg=€72.57/MWh (min=36.0, max=93.43)
   IT-NORTH: avg=€111.17/MWh (min=100.29, max=167.03)
   IT-CNORTH: avg=€111.17/MWh (min=100.29, max=167.03)
   IT-CSOUTH: avg=€111.17/MWh (min=100.29, max=167.03)
   IT-SOUTH: avg=€91.46/MWh (min=1.0, max=167.03)
   IT-Calabria: avg=€91.46/MWh (min=1.0, max=167.03)
   IT-Sicily: avg=€112.31/MWh (min=1.0, max=264.73)
   IT-Sardinia: avg=€81.58/MWh (min=1.0, max=167.03)
   CH: avg=€93.53/MWh (min=75.61, max=105.19)

🔌 Cross-Border Flows (avg):
   DE_LU_to_NL: avg=-29.6MW (min=-192.4, max=-0.0)
   RO_to_RS: avg=155.2MW (min=-631.0, max=1126.0)
   CH_to_DE_LU: avg=787.6MW (min=-915.0, max=3985.0)
   IT-Sicily_to_IT-Calabria: avg=-461.1MW (min=-1068.0, max=-0.0)
   EE_to_LV: avg=105.8MW (min=-63.5, max=248.8)
   DK2_to_SE4: avg=-23.6MW (min=-158.4, max=-0.0)
   RS_to_HU: avg=-170.0MW (min=-233.0, max=-61.7)
   IT-CSOUTH_to_IT-CNORTH: avg=-1381.0MW (min=-4555.1, max=4477.1)
   FR_to_ES: avg=-164.9MW (min=-1546.0, max=601.2)
   RS_to_BG: avg=-138.9MW (min=-385.0, max=496.0)
   DK1_to_DE_LU: avg=-306.4MW (min=-1347.7, max=277.8)
   ES_to_PT: avg=341.8MW (min=-4029.4, max=2535.6)
   EE_to_FI: avg=-118.4MW (min=-291.4, max=175.1)
   CZ_to_DE_LU: avg=118.1MW (min=-487.7, max=773.8)
   PT_to_ES: avg=-133.4MW (min=-3255.4, max=3269.1)
   LT_to_SE4: avg=-79.1MW (min=-343.1, max=314.1)
   DK1_to_NL: avg=-270.5MW (min=-699.9, max=7.3)
   BG_to_GR: avg=-162.1MW (min=-1485.1, max=1299.7)
   CH_to_IT-NORTH: avg=1899.9MW (min=-1847.0, max=2810.0)
   IT-CSOUTH_to_IT-Sardinia: avg=-151.3MW (min=-714.9, max=691.4)
   LT_to_PL: avg=18.2MW (min=14.6, max=21.9)
   PL_to_SE4: avg=-56.5MW (min=-67.6, max=-46.2)
   FR_to_DE_LU: avg=1.4MW (min=-0.0, max=29.3)
   LT_to_LV: avg=-391.9MW (min=-640.3, max=126.5)
   BG_to_RO: avg=-16.9MW (min=-2251.0, max=1708.0)
   FI_to_EE: avg=-99.4MW (min=-343.1, max=123.4)
   IT-SOUTH_to_GR: avg=47.4MW (min=-203.0, max=204.9)
   NL_to_DE_LU: avg=29.6MW (min=-0.0, max=192.4)
   DK1_to_SE3: avg=22.0MW (min=-106.1, max=299.5)
   RO_to_BG: avg=-153.2MW (min=-1830.2, max=2241.0)
   IT-Sardinia_to_IT-CSOUTH: avg=-63.5MW (min=-784.3, max=545.6)
   DE_LU_to_DK2: avg=2.1MW (min=-296.8, max=299.7)
   IT-SOUTH_to_IT-CSOUTH: avg=-91.9MW (min=-3461.4, max=2322.6)
   IT-CNORTH_to_IT-CSOUTH: avg=-2800.0MW (min=-4885.4, max=1633.9)
   AT_to_IT-NORTH: avg=44.3MW (min=30.8, max=66.0)
   GR_to_BG: avg=-144.3MW (min=-1370.4, max=1371.3)
   AT_to_CH: avg=32.6MW (min=-1100.0, max=1040.7)
   BG_to_RS: avg=68.8MW (min=-496.0, max=385.0)
   FR_to_IT-NORTH: avg=251.2MW (min=167.9, max=399.9)
   CH_to_AT: avg=-103.9MW (min=-1040.7, max=1100.0)
   HU_to_RS: avg=177.1MW (min=130.0, max=233.0)
   CZ_to_PL: avg=-214.9MW (min=-1199.0, max=252.3)
   SE3_to_DK1: avg=-15.2MW (min=-299.6, max=129.0)
   DE_LU_to_CH: avg=-1961.5MW (min=-4168.0, max=915.0)
   HU_to_SI: avg=-72.7MW (min=-389.7, max=114.1)
   IT-NORTH_to_IT-CNORTH: avg=-715.1MW (min=-4251.2, max=3782.8)
   NL_to_NO2: avg=239.6MW (min=-229.8, max=337.8)
   PL_to_CZ: avg=73.8MW (min=-847.1, max=961.6)
   DK1_to_DK2: avg=-102.8MW (min=-300.0, max=258.1)
   DK2_to_DE_LU: avg=-112.4MW (min=-299.7, max=79.5)
   DE_LU_to_NO2: avg=-132.7MW (min=-212.0, max=-87.4)
   IT-Calabria_to_IT-Sicily: avg=79.0MW (min=-938.2, max=1071.8)
   IT-CNORTH_to_IT-NORTH: avg=-924.8MW (min=-3933.7, max=3345.3)
   SE4_to_LT: avg=-141.6MW (min=-338.6, max=343.1)
   NL_to_DK1: avg=248.3MW (min=53.8, max=699.9)
   IT-NORTH_to_FR: avg=-251.2MW (min=-399.9, max=-167.9)
   IT-SOUTH_to_IT-Calabria: avg=226.5MW (min=-2180.6, max=1588.8)
   SE1_to_SE2: avg=-234.2MW (min=-827.5, max=1.1)
   ES_to_FR: avg=100.9MW (min=-601.2, max=1546.0)
   DK2_to_DK1: avg=39.3MW (min=-210.8, max=300.0)
   SE4_to_DK2: avg=-6.3MW (min=-654.5, max=158.4)
   IT-NORTH_to_SI: avg=-128.2MW (min=-534.8, max=-35.9)
   SE2_to_SE1: avg=126.2MW (min=-1.1, max=906.8)
   PL_to_LT: avg=-18.2MW (min=-21.9, max=-14.6)
   SI_to_HU: avg=-2.5MW (min=-374.7, max=279.8)
   RS_to_RO: avg=-355.5MW (min=-1129.0, max=574.0)
   NO2_to_DE_LU: avg=132.7MW (min=87.4, max=212.0)
   GR_to_IT-SOUTH: avg=-78.2MW (min=-428.1, max=82.7)
   SI_to_IT-NORTH: avg=127.6MW (min=35.9, max=534.8)
   SE4_to_PL: avg=56.5MW (min=46.2, max=67.6)
   DE_LU_to_PL: avg=-134.6MW (min=-641.7, max=80.0)
   DE_LU_to_DK1: avg=-274.1MW (min=-1168.9, max=604.7)
   DE_LU_to_CZ: avg=-214.2MW (min=-825.2, max=397.7)
   IT-CSOUTH_to_IT-SOUTH: avg=-1554.9MW (min=-3955.6, max=-0.0)
   NO2_to_NL: avg=-265.7MW (min=-337.8, max=-49.4)
   LV_to_LT: avg=212.9MW (min=-83.9, max=674.3)
   IT-NORTH_to_AT: avg=-44.3MW (min=-66.0, max=-30.8)
   IT-NORTH_to_CH: avg=-2194.5MW (min=-2810.0, max=-1269.0)
   DE_LU_to_FR: avg=-1.4MW (min=-29.3, max=-0.0)
   PL_to_DE_LU: avg=112.3MW (min=-80.0, max=641.7)
   LV_to_EE: avg=-123.5MW (min=-248.8, max=-61.5)
   IT-Calabria_to_IT-SOUTH: avg=364.6MW (min=-1301.6, max=2348.3)

============================================================
   🔮 Ex-ante flow mode: v3 (scoped default)
   🧩 Period-decomposition ENABLED (per-period independent clears; policy: canonical on the EU path)
============================================================
🌍 MULTI-ZONE MARKET CLEARING WITH TRANSMISSION FLOWS
   Date: 2025-07-08
============================================================

📋 Target zones: AT, BE, BG, CZ, DE_LU, DK1, DK2, EE, ES, FI, FR, GR, HU, LT, LV, NL, NO1, NO2, NO3, NO4, NO5, PL, PT, RO, RS, SE1, SE2, SE3, SE4, SI, SK, IT-NORTH, IT-CNORTH, IT-CSOUTH, IT-SOUTH, IT-Calabria, IT-Sicily, IT-Sardinia, CH
   📋 Order method: merit_order

📊 Creating multi-zone order book...
🌍 Creating multi-zone order book (merit-order method) for 39 zones
   🔌 Fetching transfer capacities between zones...
📊 Fetching ENTSO-E transfer capacity (enriched: explicit=true, remap=IT→IT-NORTH) for 2025-07-08...
✅ Enriched transfer capacity: 3456 implicit rows, +1104 explicit-only rows, 192 aggregate endpoints remapped, -1200 stale flow-based border-hours dropped, 2016 in-footprint border-hours
✅ Created transfer capacity structure:
   🌍 Bidding zones: 33 (AT, BG, CH, CZ, DE_LU, DK1, DK2, EE, ES, FI, FR, GR, HU, IT-CNORTH, IT-CSOUTH, IT-Calabria, IT-NORTH, IT-SOUTH, IT-Sardinia, IT-Sicily, LT, LV, NL, NO2, PL, PT, RO, RS, SE1, SE2, SE3, SE4, SI)
   🕐 Time periods: 24
   ➡️  Forward capacities: 2016 entries
   ↔️  Bidirectional links: 1830
   ➡️  Unidirectional links: 186
   🚫 Shadowed aggregate codes excluded from observed imports: DE_50HzT, DE_Amprion, DE_TenneT_GER, DE_TransnetBW, DK, IT
   📊 Processing zone AT...
      ℹ️  No usable ATC link to BE, BG, CZ, DE_LU, DK1, DK2, EE, ES, FI, FR, GR, HU, IT-CNORTH, IT-CSOUTH, IT-Calabria, IT-SOUTH, IT-Sardinia, IT-Sicily, LT, LV, NL, NO1, NO2, NO3, NO4, NO5, PL, PT, RO, RS, SE1, SE2, SE3, SE4, SI, SK — keeping observed net imports for those borders
📊 Creating merit-order order book for AT on 2025-07-08
  ➕ Fleet completion: +168 MW Biomass (recent p95 168 MW vs 0 MW unit-level)
  ➕ Fleet completion: +820 MW Hydro Water Reservoir (recent p95 955 MW vs 135 MW unit-level)
  ➕ Fleet completion: +4209 MW Hydro Run-of-river and pondage (recent p95 4209 MW vs 0 MW unit-level)
  📊 Resolution analysis:
     - Loads & Renewables: PT15M (15 minutes)
     - Loads & Renewables: PT15M (15 minutes)
     → Using finest resolution: 15 minutes
  🕐 Aggregated 15-min data to hourly (24 slots)
  🛟 Import backstop: peak 2710 MW @ €158.7/MWh (24 hours, 8-week window)
  💧 Hydro: offer scale 0.9, dryness 0.1 (reservoir levels) [reservoir-opportunity]
  🔗 Merged 1488 orders into 456 price-distinct blocks
  ✅ Merit-order book: 1440 supply / 48 demand orders
     ⚖️  Supply/Demand ratio: 2.13  (gas SRMC €88.1/MWh)
   📊 Processing zone BE...
      ℹ️  No usable ATC link to AT, BG, CH, CZ, DE_LU, DK1, DK2, EE, ES, FI, FR, GR, HU, IT-CNORTH, IT-CSOUTH, IT-Calabria, IT-NORTH, IT-SOUTH, IT-Sardinia, IT-Sicily, LT, LV, NL, NO1, NO2, NO3, NO4, NO5, PL, PT, RO, RS, SE1, SE2, SE3, SE4, SI, SK — keeping observed net imports for those borders
📊 Creating merit-order order book for BE on 2025-07-08
      ✅ Added 1440 supply + 48 demand orders
  ➕ Fleet completion: +438 MW Biomass (recent p95 438 MW vs 0 MW unit-level)
  ➕ Fleet completion: +257 MW Waste (recent p95 257 MW vs 0 MW unit-level)
  ➕ Fleet completion: +128 MW Fossil Gas (recent p95 3189 MW vs 3061 MW unit-level)
  ➕ Fleet completion: +1008 MW Nuclear (recent p95 2415 MW vs 1407 MW unit-level)
  📊 Resolution analysis:
     - Loads: PT15M (15 minutes)
     - Renewables: PT60M (60 minutes)
     → Using finest resolution: 15 minutes
  📊 Disaggregating renewables from 60min to 15min resolution
  🕐 Aggregated 15-min data to hourly (24 slots)
  🛟 Import backstop: peak 1729 MW @ €158.7/MWh (24 hours, 8-week window)
  💧 Hydro: offer scale 0.75, dryness 0.07 (output-based fallback)
  🔗 Merged 3672 orders into 792 price-distinct blocks
  ✅ Merit-order book: 3624 supply / 48 demand orders
     ⚖️  Supply/Demand ratio: 1.55  (gas SRMC €88.1/MWh)
   📊 Processing zone BG...
      ℹ️  No usable ATC link to AT, BE, CH, CZ, DE_LU, DK1, DK2, EE, ES, FI, FR, HU, IT-CNORTH, IT-CSOUTH, IT-Calabria, IT-NORTH, IT-SOUTH, IT-Sardinia, IT-Sicily, LT, LV, NL, NO1, NO2, NO3, NO4, NO5, PL, PT, SE1, SE2, SE3, SE4, SI, SK — keeping observed net imports for those borders
📊 Creating merit-order order book for BG on 2025-07-08
      ✅ Added 3624 supply + 48 demand orders
  ➕ Fleet completion: +430 MW Hydro Water Reservoir (recent p95 670 MW vs 240 MW unit-level)
  ➕ Fleet completion: +266 MW Hydro Run-of-river and pondage (recent p95 266 MW vs 0 MW unit-level)
  ➖ Fleet-truthing derate: Fossil Brown coal/Lignite ×0.38 (fleet 2455 MW vs recent p95 815 MW)
  📊 Resolution analysis:
     - Loads & Renewables: PT60M (60 minutes)
     - Loads & Renewables: PT60M (60 minutes)
     → Using finest resolution: 60 minutes
  💧 Hydro: offer scale 0.94, dryness 0.15 (reservoir levels)
  🔗 Merged 2304 orders into 720 price-distinct blocks
  ✅ Merit-order book: 2243 supply / 61 demand orders
     ⚖️  Supply/Demand ratio: 1.46  (gas SRMC €88.1/MWh)
   📊 Processing zone CZ...
      ℹ️  No usable ATC link to AT, BE, BG, CH, DK1, DK2, EE, ES, FI, FR, GR, HU, IT-CNORTH, IT-CSOUTH, IT-Calabria, IT-NORTH, IT-SOUTH, IT-Sardinia, IT-Sicily, LT, LV, NL, NO1, NO2, NO3, NO4, NO5, PT, RO, RS, SE1, SE2, SE3, SE4, SI, SK — keeping observed net imports for those borders
📊 Creating merit-order order book for CZ on 2025-07-08
      ✅ Added 2243 supply + 61 demand orders
  ➕ Fleet completion: +359 MW Biomass (recent p95 359 MW vs 0 MW unit-level)
  ➕ Fleet completion: +325 MW Hydro Pumped Storage (installed 1130 MW vs 805 MW unit-level)
  ➕ Fleet completion: +237 MW Hydro Water Reservoir (recent p95 381 MW vs 144 MW unit-level)
  ➕ Fleet completion: +122 MW Hydro Run-of-river and pondage (recent p95 122 MW vs 0 MW unit-level)
  ➕ Fleet completion: +197 MW Fossil Gas (installed 1229 MW vs 1032 MW unit-level)
  ➕ Fleet completion: +1533 MW Fossil Brown coal/Lignite (installed 5663 MW vs 4130 MW unit-level)
  ➕ Fleet completion: +270 MW Other renewable (recent p95 270 MW vs 0 MW unit-level)
  ➕ Fleet completion: +1085 MW Nuclear (installed 4290 MW vs 3205 MW unit-level)
  📊 Resolution analysis:
     - Loads & Renewables: PT15M (15 minutes)
     - Loads & Renewables: PT15M (15 minutes)
     → Using finest resolution: 15 minutes
  🕐 Aggregated 15-min data to hourly (24 slots)
  💧 Hydro: offer scale 0.53, dryness 0.08 (output-based fallback)
  🔗 Merged 3812 orders into 761 price-distinct blocks
  ✅ Merit-order book: 3764 supply / 48 demand orders
     ⚖️  Supply/Demand ratio: 1.96  (gas SRMC €88.1/MWh)
   📊 Processing zone DE_LU...
      ℹ️  No usable ATC link to AT, BE, BG, EE, ES, FI, GR, HU, IT-CNORTH, IT-CSOUTH, IT-Calabria, IT-NORTH, IT-SOUTH, IT-Sardinia, IT-Sicily, LT, LV, NO1, NO3, NO4, NO5, PT, RO, RS, SE1, SE2, SE3, SE4, SI, SK — keeping observed net imports for those borders
📊 Creating merit-order order book for DE_LU on 2025-07-08
      ✅ Added 3764 supply + 48 demand orders
  ➕ Fleet completion: +4530 MW Biomass (recent p95 4530 MW vs 0 MW unit-level)
  ➕ Fleet completion: +1782 MW Hydro Pumped Storage (installed 7495 MW vs 5713 MW unit-level)
  ➕ Fleet completion: +142 MW Hydro Water Reservoir (recent p95 642 MW vs 500 MW unit-level)
  ➕ Fleet completion: +147 MW Other (recent p95 147 MW vs 0 MW unit-level)
  ➕ Fleet completion: +669 MW Waste (recent p95 778 MW vs 109 MW unit-level)
  ➕ Fleet completion: +1439 MW Hydro Run-of-river and pondage (recent p95 1903 MW vs 464 MW unit-level)
  ➕ Fleet completion: +5950 MW Fossil Gas (installed 19529 MW vs 13579 MW unit-level)
  ➕ Fleet completion: +13184 MW Fossil Hard coal (installed 20831 MW vs 7647 MW unit-level)
  ➕ Fleet completion: +8168 MW Fossil Brown coal/Lignite (installed 19572 MW vs 11404 MW unit-level)
  ➕ Fleet completion: +772 MW Fossil Oil (installed 1142 MW vs 370 MW unit-level)
  ➕ Fleet completion: +474 MW Fossil Coal-derived gas (installed 1245 MW vs 771 MW unit-level)
  📊 Resolution analysis:
     - Loads & Renewables: PT15M (15 minutes)
     - Loads & Renewables: PT15M (15 minutes)
     → Using finest resolution: 15 minutes
  🕐 Aggregated 15-min data to hourly (24 slots)
  💧 Hydro: offer scale 0.7, dryness 0.02 (output-based fallback)
  🔗 Merged 13704 orders into 1103 price-distinct blocks
  ✅ Merit-order book: 13656 supply / 48 demand orders
     ⚖️  Supply/Demand ratio: 1.84  (gas SRMC €88.1/MWh)
   📊 Processing zone DK1...
      ℹ️  No usable ATC link to AT, BE, BG, CH, CZ, EE, ES, FI, FR, GR, HU, IT-CNORTH, IT-CSOUTH, IT-Calabria, IT-NORTH, IT-SOUTH, IT-Sardinia, IT-Sicily, LT, LV, NO1, NO2, NO3, NO4, NO5, PL, PT, RO, RS, SE1, SE2, SE4, SI, SK — keeping observed net imports for those borders
📊 Creating merit-order order book for DK1 on 2025-07-08
      ✅ Added 13656 supply + 48 demand orders
  ➖ Fleet-truthing derate: Fossil Hard coal ×0.0 (fleet 1486 MW vs recent p95 0 MW)
  📊 Resolution analysis:
     - Loads: PT60M (60 minutes)
     - Renewables: PT15M (15 minutes)
     → Using finest resolution: 15 minutes
  📊 Disaggregating loads from 60min to 15min resolution
  🕐 Aggregated 15-min data to hourly (24 slots)
  🛟 Import backstop: peak 2939 MW @ €158.7/MWh (24 hours, 8-week window)
  🌐 Boundary book (GB): 120 orders over 24 slots
  🔗 Merged 528 orders into 504 price-distinct blocks
  ✅ Merit-order book: 432 supply / 96 demand orders
     ⚖️  Supply/Demand ratio: 1.57  (gas SRMC €88.1/MWh)
   📊 Processing zone DK2...
      ℹ️  No usable ATC link to AT, BE, BG, CH, CZ, EE, ES, FI, FR, GR, HU, IT-CNORTH, IT-CSOUTH, IT-Calabria, IT-NORTH, IT-SOUTH, IT-Sardinia, IT-Sicily, LT, LV, NL, NO1, NO2, NO3, NO4, NO5, PL, PT, RO, RS, SE1, SE2, SE3, SI, SK — keeping observed net imports for those borders
📊 Creating merit-order order book for DK2 on 2025-07-08
      ✅ Added 432 supply + 96 demand orders
  ➕ Fleet completion: +108 MW Waste (recent p95 108 MW vs 0 MW unit-level)
  ➖ Fleet-truthing derate: Fossil Hard coal ×0.06 (fleet 1037 MW vs recent p95 57 MW)
  📊 Resolution analysis:
     - Loads: PT60M (60 minutes)
     - Renewables: PT15M (15 minutes)
     → Using finest resolution: 15 minutes
  📊 Disaggregating loads from 60min to 15min resolution
  🕐 Aggregated 15-min data to hourly (24 slots)
  🛟 Import backstop: peak 818 MW @ €158.7/MWh (24 hours, 8-week window)
  🔗 Merged 1104 orders into 575 price-distinct blocks
  ✅ Merit-order book: 1056 supply / 48 demand orders
     ⚖️  Supply/Demand ratio: 1.97  (gas SRMC €88.1/MWh)
   📊 Processing zone EE...
      ℹ️  No usable ATC link to AT, BE, BG, CH, CZ, DE_LU, DK1, DK2, ES, FR, GR, HU, IT-CNORTH, IT-CSOUTH, IT-Calabria, IT-NORTH, IT-SOUTH, IT-Sardinia, IT-Sicily, LT, NL, NO1, NO2, NO3, NO4, NO5, PL, PT, RO, RS, SE1, SE2, SE3, SE4, SI, SK — keeping observed net imports for those borders
📊 Creating merit-order order book for EE on 2025-07-08
      ✅ Added 1056 supply + 48 demand orders
  ➕ Fleet completion: +443 MW Fossil Oil shale (installed 1330 MW vs 887 MW unit-level)
  📊 Resolution analysis:
     - Loads & Renewables: PT60M (60 minutes)
     - Loads & Renewables: PT60M (60 minutes)
     → Using finest resolution: 60 minutes
  🔗 Merged 888 orders into 216 price-distinct blocks
  ✅ Merit-order book: 840 supply / 48 demand orders
     ⚖️  Supply/Demand ratio: 2.01  (gas SRMC €88.1/MWh)
   📊 Processing zone ES...
      ℹ️  No usable ATC link to AT, BE, BG, CH, CZ, DE_LU, DK1, DK2, EE, FI, GR, HU, IT-CNORTH, IT-CSOUTH, IT-Calabria, IT-NORTH, IT-SOUTH, IT-Sardinia, IT-Sicily, LT, LV, NL, NO1, NO2, NO3, NO4, NO5, PL, RO, RS, SE1, SE2, SE3, SE4, SI, SK — keeping observed net imports for those borders
📊 Creating merit-order order book for ES on 2025-07-08
      ✅ Added 840 supply + 48 demand orders
  ➕ Fleet completion: +496 MW Biomass (recent p95 496 MW vs 0 MW unit-level)
  ➕ Fleet completion: +133 MW Hydro Water Reservoir (recent p95 4176 MW vs 4043 MW unit-level)
  ➕ Fleet completion: +248 MW Waste (recent p95 248 MW vs 0 MW unit-level)
  ➕ Fleet completion: +1160 MW Hydro Run-of-river and pondage (recent p95 1160 MW vs 0 MW unit-level)
  ➖ Fleet-truthing derate: Fossil Hard coal ×0.44 (fleet 916 MW vs recent p95 352 MW)
  📊 Resolution analysis:
     - Loads & Renewables: PT15M (15 minutes)
     - Loads & Renewables: PT15M (15 minutes)
     → Using finest resolution: 15 minutes
  🕐 Aggregated 15-min data to hourly (24 slots)
  💧 Hydro: offer scale 0.87, dryness 0.0 (reservoir levels)
  🔗 Merged 11136 orders into 815 price-distinct blocks
  ✅ Merit-order book: 11088 supply / 48 demand orders
     ⚖️  Supply/Demand ratio: 1.75  (gas SRMC €88.1/MWh)
   📊 Processing zone FI...
      ℹ️  No usable ATC link to AT, BE, BG, CH, CZ, DE_LU, DK1, DK2, ES, FR, GR, HU, IT-CNORTH, IT-CSOUTH, IT-Calabria, IT-NORTH, IT-SOUTH, IT-Sardinia, IT-Sicily, LT, LV, NL, NO1, NO2, NO3, NO4, NO5, PL, PT, RO, RS, SE1, SE2, SE3, SE4, SI, SK — keeping observed net imports for those borders
📊 Creating merit-order order book for FI on 2025-07-08
      ✅ Added 11088 supply + 48 demand orders
  ➕ Fleet completion: +232 MW Biomass (recent p95 867 MW vs 635 MW unit-level)
  ➕ Fleet completion: +2118 MW Hydro Run-of-river and pondage (recent p95 2118 MW vs 0 MW unit-level)
  ➕ Fleet completion: +178 MW Nuclear (recent p95 4154 MW vs 3977 MW unit-level)
  ➖ Fleet-truthing derate: Fossil Hard coal ×0.0 (fleet 1878 MW vs recent p95 2 MW)
  ➖ Fleet-truthing derate: Fossil Peat ×0.06 (fleet 820 MW vs recent p95 44 MW)
  📊 Resolution analysis:
     - Loads & Renewables: PT15M (15 minutes)
     - Loads & Renewables: PT15M (15 minutes)
     → Using finest resolution: 15 minutes
  🕐 Aggregated 15-min data to hourly (24 slots)
  💧 Hydro: offer scale 0.92, dryness 0.08 (reservoir levels) [reservoir-opportunity]
  🔗 Merged 4680 orders into 1008 price-distinct blocks
  ✅ Merit-order book: 4632 supply / 48 demand orders
     ⚖️  Supply/Demand ratio: 1.45  (gas SRMC €88.1/MWh)
   📊 Processing zone FR...
      ℹ️  No usable ATC link to AT, BE, BG, CZ, DK1, DK2, EE, FI, GR, HU, IT-CNORTH, IT-CSOUTH, IT-Calabria, IT-SOUTH, IT-Sardinia, IT-Sicily, LT, LV, NL, NO1, NO2, NO3, NO4, NO5, PL, PT, RO, RS, SE1, SE2, SE3, SE4, SI, SK — keeping observed net imports for those borders
📊 Creating merit-order order book for FR on 2025-07-08
      ✅ Added 4632 supply + 48 demand orders
  ➕ Fleet completion: +237 MW Biomass (recent p95 387 MW vs 150 MW unit-level)
  ➕ Fleet completion: +1228 MW Hydro Water Reservoir (recent p95 2459 MW vs 1231 MW unit-level)
  ➕ Fleet completion: +393 MW Waste (recent p95 393 MW vs 0 MW unit-level)
  ➕ Fleet completion: +3566 MW Hydro Run-of-river and pondage (recent p95 5543 MW vs 1976 MW unit-level)
  ➖ Fleet-truthing derate: Nuclear ×0.99 (fleet 47540 MW vs recent p95 40887 MW)
  📊 Resolution analysis:
     - Loads: PT15M (15 minutes)
     - Renewables: PT60M (60 minutes)
     → Using finest resolution: 15 minutes
  📊 Disaggregating renewables from 60min to 15min resolution
  🕐 Aggregated 15-min data to hourly (24 slots)
  🛟 Import backstop: peak 2593 MW @ €158.7/MWh (24 hours, 8-week window)
  💧 Hydro: offer scale 0.86, dryness 0.02 (reservoir levels)
  🌐 Boundary book (GB): 120 orders over 24 slots
  🔗 Merged 16540 orders into 1056 price-distinct blocks
  ✅ Merit-order book: 16444 supply / 96 demand orders
     ⚖️  Supply/Demand ratio: 1.8  (gas SRMC €88.1/MWh)
   📊 Processing zone GR...
      ℹ️  No usable ATC link to AT, BE, CH, CZ, DE_LU, DK1, DK2, EE, ES, FI, FR, HU, IT-CNORTH, IT-CSOUTH, IT-Calabria, IT-NORTH, IT-SOUTH, IT-Sardinia, IT-Sicily, LT, LV, NL, NO1, NO2, NO3, NO4, NO5, PL, PT, RO, RS, SE1, SE2, SE3, SE4, SI, SK — keeping observed net imports for those borders
📊 Creating merit-order order book for GR on 2025-07-08
      ✅ Added 16444 supply + 96 demand orders
  ➖ Fleet-truthing derate: Fossil Brown coal/Lignite ×0.58 (fleet 1182 MW vs recent p95 598 MW)
  📊 Resolution analysis:
     - Loads & Renewables: PT60M (60 minutes)
     - Loads & Renewables: PT60M (60 minutes)
     → Using finest resolution: 60 minutes
  💧 Hydro: offer scale 0.61, dryness 0.16 (reservoir levels)
  🔗 Merged 2832 orders into 432 price-distinct blocks
  ✅ Merit-order book: 2768 supply / 64 demand orders
     ⚖️  Supply/Demand ratio: 1.55  (gas SRMC €88.1/MWh)
   📊 Processing zone HU...
      ℹ️  No usable ATC link to AT, BE, BG, CH, CZ, DE_LU, DK1, DK2, EE, ES, FI, FR, GR, IT-CNORTH, IT-CSOUTH, IT-Calabria, IT-NORTH, IT-SOUTH, IT-Sardinia, IT-Sicily, LT, LV, NL, NO1, NO2, NO3, NO4, NO5, PL, PT, RO, SE1, SE2, SE3, SE4, SK — keeping observed net imports for those borders
📊 Creating merit-order order book for HU on 2025-07-08
      ✅ Added 2768 supply + 64 demand orders
  ➖ Fleet-truthing derate: Fossil Brown coal/Lignite ×0.47 (fleet 446 MW vs recent p95 181 MW)
  📊 Resolution analysis:
     - Loads & Renewables: PT15M (15 minutes)
     - Loads & Renewables: PT15M (15 minutes)
     → Using finest resolution: 15 minutes
  🕐 Aggregated 15-min data to hourly (24 slots)
  🛟 Import backstop: peak 1461 MW @ €158.7/MWh (24 hours, 8-week window)
  🌐 Boundary book (UA): 124 orders over 24 slots
  🔗 Merged 7828 orders into 1179 price-distinct blocks
  ✅ Merit-order book: 7728 supply / 100 demand orders
     ⚖️  Supply/Demand ratio: 1.52  (gas SRMC €88.1/MWh)
   📊 Processing zone LT...
      ℹ️  No usable ATC link to AT, BE, BG, CH, CZ, DE_LU, DK1, DK2, EE, ES, FI, FR, GR, HU, IT-CNORTH, IT-CSOUTH, IT-Calabria, IT-NORTH, IT-SOUTH, IT-Sardinia, IT-Sicily, NL, NO1, NO2, NO3, NO4, NO5, PT, RO, RS, SE1, SE2, SE3, SI, SK — keeping observed net imports for those borders
📊 Creating merit-order order book for LT on 2025-07-08
      ✅ Added 7728 supply + 100 demand orders
  📊 Resolution analysis:
     - Loads & Renewables: PT15M (15 minutes)
     - Loads & Renewables: PT15M (15 minutes)
     → Using finest resolution: 15 minutes
  🕐 Aggregated 15-min data to hourly (24 slots)
  💧 Hydro: offer scale 0.43, dryness 0.96 (reservoir levels)
  🔗 Merged 744 orders into 240 price-distinct blocks
  ✅ Merit-order book: 696 supply / 48 demand orders
     ⚖️  Supply/Demand ratio: 1.74  (gas SRMC €88.1/MWh)
   📊 Processing zone LV...
      ℹ️  No usable ATC link to AT, BE, BG, CH, CZ, DE_LU, DK1, DK2, ES, FI, FR, GR, HU, IT-CNORTH, IT-CSOUTH, IT-Calabria, IT-NORTH, IT-SOUTH, IT-Sardinia, IT-Sicily, NL, NO1, NO2, NO3, NO4, NO5, PL, PT, RO, RS, SE1, SE2, SE3, SE4, SI, SK — keeping observed net imports for those borders
📊 Creating merit-order order book for LV on 2025-07-08
      ✅ Added 696 supply + 48 demand orders
  ➕ Fleet completion: +566 MW Hydro Run-of-river and pondage (recent p95 666 MW vs 100 MW unit-level)
  📊 Resolution analysis:
     - Loads: PT60M (60 minutes)
     - Renewables: PT15M (15 minutes)
     → Using finest resolution: 15 minutes
  📊 Disaggregating loads from 60min to 15min resolution
  🕐 Aggregated 15-min data to hourly (24 slots)
  💧 Hydro: offer scale 1.0, dryness 0.54 (reservoir levels)
  🔗 Merged 863 orders into 312 price-distinct blocks
  ✅ Merit-order book: 815 supply / 48 demand orders
     ⚖️  Supply/Demand ratio: 2.4  (gas SRMC €88.1/MWh)
   📊 Processing zone NL...
      ℹ️  No usable ATC link to AT, BE, BG, CH, CZ, DK2, EE, ES, FI, FR, GR, HU, IT-CNORTH, IT-CSOUTH, IT-Calabria, IT-NORTH, IT-SOUTH, IT-Sardinia, IT-Sicily, LT, LV, NO1, NO3, NO4, NO5, PL, PT, RO, RS, SE1, SE2, SE3, SE4, SI, SK — keeping observed net imports for those borders
      ✅ Added 815 supply + 48 demand orders
📊 Creating merit-order order book for NL on 2025-07-08
  ➕ Fleet completion: +211 MW Biomass (installed 631 MW vs 420 MW unit-level)
  ➕ Fleet completion: +4158 MW Fossil Gas (installed 14186 MW vs 10028 MW unit-level)
  ➕ Fleet completion: +13015 MW Other (recent p95 13015 MW vs 0 MW unit-level)
  ➕ Fleet completion: +5370 MW Fossil Hard coal (installed 6101 MW vs 731 MW unit-level)
  ➕ Fleet completion: +329 MW Waste (recent p95 329 MW vs 0 MW unit-level)
  📊 Resolution analysis:
     - Loads & Renewables: PT15M (15 minutes)
     - Loads & Renewables: PT15M (15 minutes)
     → Using finest resolution: 15 minutes
  🕐 Aggregated 15-min data to hourly (24 slots)
  🔗 Merged 4896 orders into 840 price-distinct blocks
  ✅ Merit-order book: 4840 supply / 56 demand orders
     ⚖️  Supply/Demand ratio: 3.66  (gas SRMC €88.1/MWh)
   📊 Processing zone NO1...
      ℹ️  No usable ATC link to AT, BE, BG, CH, CZ, DE_LU, DK1, DK2, EE, ES, FI, FR, GR, HU, IT-CNORTH, IT-CSOUTH, IT-Calabria, IT-NORTH, IT-SOUTH, IT-Sardinia, IT-Sicily, LT, LV, NL, NO2, NO3, NO4, NO5, PL, PT, RO, RS, SE1, SE2, SE3, SE4, SI, SK — keeping observed net imports for those borders
📊 Creating merit-order order book for NO1 on 2025-07-08
      ✅ Added 4840 supply + 56 demand orders
  ➕ Fleet completion: +610 MW Hydro Run-of-river and pondage (recent p95 1725 MW vs 1115 MW unit-level)
  📊 Resolution analysis:
     - Loads & Renewables: PT15M (15 minutes)
     - Loads & Renewables: PT15M (15 minutes)
     → Using finest resolution: 15 minutes
  🕐 Aggregated 15-min data to hourly (24 slots)
  🛟 Import backstop: peak 616 MW @ €158.7/MWh (24 hours, 8-week window)
  💧 Hydro: offer scale 0.85, dryness 0.15 (reservoir levels) [reservoir-opportunity]
  🔗 Merged 3792 orders into 216 price-distinct blocks
  ✅ Merit-order book: 3744 supply / 48 demand orders
     ⚖️  Supply/Demand ratio: 1.57  (gas SRMC €88.1/MWh)
   📊 Processing zone NO2...
      ℹ️  No usable ATC link to AT, BE, BG, CH, CZ, DK1, DK2, EE, ES, FI, FR, GR, HU, IT-CNORTH, IT-CSOUTH, IT-Calabria, IT-NORTH, IT-SOUTH, IT-Sardinia, IT-Sicily, LT, LV, NO1, NO3, NO4, NO5, PL, PT, RO, RS, SE1, SE2, SE3, SE4, SI, SK — keeping observed net imports for those borders
📊 Creating merit-order order book for NO2 on 2025-07-08
      ✅ Added 3744 supply + 48 demand orders
  ➕ Fleet completion: +440 MW Hydro Run-of-river and pondage (recent p95 555 MW vs 115 MW unit-level)
  📊 Resolution analysis:
     - Loads & Renewables: PT15M (15 minutes)
     - Loads & Renewables: PT15M (15 minutes)
     → Using finest resolution: 15 minutes
  🕐 Aggregated 15-min data to hourly (24 slots)
  💧 Hydro: offer scale 0.85, dryness 0.15 (reservoir levels) [reservoir-opportunity]
  🔗 Merged 2232 orders into 192 price-distinct blocks
  ✅ Merit-order book: 2184 supply / 48 demand orders
     ⚖️  Supply/Demand ratio: 2.39  (gas SRMC €88.1/MWh)
   📊 Processing zone NO3...
      ℹ️  No usable ATC link to AT, BE, BG, CH, CZ, DE_LU, DK1, DK2, EE, ES, FI, FR, GR, HU, IT-CNORTH, IT-CSOUTH, IT-Calabria, IT-NORTH, IT-SOUTH, IT-Sardinia, IT-Sicily, LT, LV, NL, NO1, NO2, NO4, NO5, PL, PT, RO, RS, SE1, SE2, SE3, SE4, SI, SK — keeping observed net imports for those borders
📊 Creating merit-order order book for NO3 on 2025-07-08
      ✅ Added 2184 supply + 48 demand orders
  ➕ Fleet completion: +552 MW Hydro Water Reservoir (recent p95 2137 MW vs 1586 MW unit-level)
  ➕ Fleet completion: +884 MW Hydro Run-of-river and pondage (recent p95 988 MW vs 104 MW unit-level)
  📊 Resolution analysis:
     - Loads & Renewables: PT15M (15 minutes)
     - Loads & Renewables: PT15M (15 minutes)
     → Using finest resolution: 15 minutes
  🕐 Aggregated 15-min data to hourly (24 slots)
  🛟 Import backstop: peak 1245 MW @ €158.7/MWh (24 hours, 8-week window)
  💧 Hydro: offer scale 1.0, dryness 0.0 (reservoir levels) [reservoir-opportunity]
  🔗 Merged 1224 orders into 216 price-distinct blocks
  ✅ Merit-order book: 1176 supply / 48 demand orders
     ⚖️  Supply/Demand ratio: 1.61  (gas SRMC €88.1/MWh)
   📊 Processing zone NO4...
      ℹ️  No usable ATC link to AT, BE, BG, CH, CZ, DE_LU, DK1, DK2, EE, ES, FI, FR, GR, HU, IT-CNORTH, IT-CSOUTH, IT-Calabria, IT-NORTH, IT-SOUTH, IT-Sardinia, IT-Sicily, LT, LV, NL, NO1, NO2, NO3, NO5, PL, PT, RO, RS, SE1, SE2, SE3, SE4, SI, SK — keeping observed net imports for those borders
📊 Creating merit-order order book for NO4 on 2025-07-08
      ✅ Added 1176 supply + 48 demand orders
  ➕ Fleet completion: +357 MW Hydro Run-of-river and pondage (recent p95 357 MW vs 0 MW unit-level)
  📊 Resolution analysis:
     - Loads & Renewables: PT15M (15 minutes)
     - Loads & Renewables: PT15M (15 minutes)
     → Using finest resolution: 15 minutes
  🕐 Aggregated 15-min data to hourly (24 slots)
  💧 Hydro: offer scale 1.0, dryness 0.0 (reservoir levels) [reservoir-opportunity]
  🔗 Merged 1752 orders into 336 price-distinct blocks
  ✅ Merit-order book: 1704 supply / 48 demand orders
     ⚖️  Supply/Demand ratio: 2.3  (gas SRMC €88.1/MWh)
   📊 Processing zone NO5...
      ℹ️  No usable ATC link to AT, BE, BG, CH, CZ, DE_LU, DK1, DK2, EE, ES, FI, FR, GR, HU, IT-CNORTH, IT-CSOUTH, IT-Calabria, IT-NORTH, IT-SOUTH, IT-Sardinia, IT-Sicily, LT, LV, NL, NO1, NO2, NO3, NO4, PL, PT, RO, RS, SE1, SE2, SE3, SE4, SI, SK — keeping observed net imports for those borders
📊 Creating merit-order order book for NO5 on 2025-07-08
      ✅ Added 1704 supply + 48 demand orders
  ➕ Fleet completion: +557 MW Hydro Run-of-river and pondage (recent p95 557 MW vs 0 MW unit-level)
  📊 Resolution analysis:
     - Loads & Renewables: PT15M (15 minutes)
     - Loads & Renewables: PT15M (15 minutes)
     → Using finest resolution: 15 minutes
  🕐 Aggregated 15-min data to hourly (24 slots)
  💧 Hydro: offer scale 1.0, dryness 0.0 (reservoir levels) [reservoir-opportunity]
  🔗 Merged 1848 orders into 336 price-distinct blocks
  ✅ Merit-order book: 1800 supply / 48 demand orders
     ⚖️  Supply/Demand ratio: 4.07  (gas SRMC €88.1/MWh)
   📊 Processing zone PL...
      ℹ️  No usable ATC link to AT, BE, BG, CH, DK1, DK2, EE, ES, FI, FR, GR, HU, IT-CNORTH, IT-CSOUTH, IT-Calabria, IT-NORTH, IT-SOUTH, IT-Sardinia, IT-Sicily, LV, NL, NO1, NO2, NO3, NO4, NO5, PT, RO, RS, SE1, SE2, SE3, SI, SK — keeping observed net imports for those borders
📊 Creating merit-order order book for PL on 2025-07-08
      ✅ Added 1800 supply + 48 demand orders
  ➕ Fleet completion: +201 MW Biomass (recent p95 409 MW vs 208 MW unit-level)
  ➕ Fleet completion: +674 MW Hydro Pumped Storage (installed 1524 MW vs 850 MW unit-level)
  ➕ Fleet completion: +232 MW Hydro Water Reservoir (recent p95 232 MW vs 0 MW unit-level)
  ➕ Fleet completion: +564 MW Other (recent p95 564 MW vs 0 MW unit-level)
  ➕ Fleet completion: +139 MW Hydro Run-of-river and pondage (recent p95 139 MW vs 0 MW unit-level)
  ➕ Fleet completion: +733 MW Fossil Gas (installed 4034 MW vs 3302 MW unit-level)
  ➕ Fleet completion: +6088 MW Fossil Hard coal (installed 18582 MW vs 12494 MW unit-level)
  ➕ Fleet completion: +3728 MW Fossil Brown coal/Lignite (installed 9116 MW vs 5388 MW unit-level)
  ➕ Fleet completion: +148 MW Fossil Oil (recent p95 148 MW vs 0 MW unit-level)
  ➕ Fleet completion: +190 MW Fossil Coal-derived gas (recent p95 190 MW vs 0 MW unit-level)
  📊 Resolution analysis:
     - Loads & Renewables: PT15M (15 minutes)
     - Loads & Renewables: PT15M (15 minutes)
     → Using finest resolution: 15 minutes
  🕐 Aggregated 15-min data to hourly (24 slots)
  💧 Hydro: offer scale 0.5, dryness 0.0 (output-based fallback)
  🌐 Boundary book (UA): 128 orders over 24 slots
  🔗 Merged 11218 orders into 1135 price-distinct blocks
  ✅ Merit-order book: 11114 supply / 104 demand orders
     ⚖️  Supply/Demand ratio: 2.02  (gas SRMC €88.1/MWh)
   📊 Processing zone PT...
      ℹ️  No usable ATC link to AT, BE, BG, CH, CZ, DE_LU, DK1, DK2, EE, FI, FR, GR, HU, IT-CNORTH, IT-CSOUTH, IT-Calabria, IT-NORTH, IT-SOUTH, IT-Sardinia, IT-Sicily, LT, LV, NL, NO1, NO2, NO3, NO4, NO5, PL, RO, RS, SE1, SE2, SE3, SE4, SI, SK — keeping observed net imports for those borders
📊 Creating merit-order order book for PT on 2025-07-08
      ✅ Added 11114 supply + 104 demand orders
  ➕ Fleet completion: +324 MW Biomass (recent p95 324 MW vs 0 MW unit-level)
  📊 Resolution analysis:
     - Loads & Renewables: PT60M (60 minutes)
     - Loads & Renewables: PT60M (60 minutes)
     → Using finest resolution: 60 minutes
  💧 Hydro: offer scale 0.72, dryness 0.0 (reservoir levels)
  🔗 Merged 4704 orders into 432 price-distinct blocks
  ✅ Merit-order book: 4656 supply / 48 demand orders
     ⚖️  Supply/Demand ratio: 1.71  (gas SRMC €88.1/MWh)
   📊 Processing zone RO...
      ℹ️  No usable ATC link to AT, BE, CH, CZ, DE_LU, DK1, DK2, EE, ES, FI, FR, GR, HU, IT-CNORTH, IT-CSOUTH, IT-Calabria, IT-NORTH, IT-SOUTH, IT-Sardinia, IT-Sicily, LT, LV, NL, NO1, NO2, NO3, NO4, NO5, PL, PT, SE1, SE2, SE3, SE4, SI, SK — keeping observed net imports for those borders
📊 Creating merit-order order book for RO on 2025-07-08
      ✅ Added 4656 supply + 48 demand orders
  ➕ Fleet completion: +382 MW Hydro Water Reservoir (recent p95 1099 MW vs 717 MW unit-level)
  ➕ Fleet completion: +291 MW Hydro Run-of-river and pondage (recent p95 1261 MW vs 970 MW unit-level)
  ➖ Fleet-truthing derate: Fossil Brown coal/Lignite ×0.67 (fleet 1532 MW vs recent p95 894 MW)
  📊 Resolution analysis:
     - Loads & Renewables: PT15M (15 minutes)
     - Loads & Renewables: PT15M (15 minutes)
     → Using finest resolution: 15 minutes
  🕐 Aggregated 15-min data to hourly (24 slots)
  🛟 Import backstop: peak 767 MW @ €158.7/MWh (24 hours, 8-week window)
  💧 Hydro: offer scale 0.91, dryness 0.01 (reservoir levels)
  🌐 Boundary book (UA): 104 orders over 24 slots
  🔗 Merged 2240 orders into 704 price-distinct blocks
  ✅ Merit-order book: 2155 supply / 85 demand orders
     ⚖️  Supply/Demand ratio: 1.3  (gas SRMC €88.1/MWh)
   📊 Processing zone RS...
      ℹ️  No usable ATC link to AT, BE, CH, CZ, DE_LU, DK1, DK2, EE, ES, FI, FR, GR, IT-CNORTH, IT-CSOUTH, IT-Calabria, IT-NORTH, IT-SOUTH, IT-Sardinia, IT-Sicily, LT, LV, NL, NO1, NO2, NO3, NO4, NO5, PL, PT, SE1, SE2, SE3, SE4, SI, SK — keeping observed net imports for those borders
📊 Creating merit-order order book for RS on 2025-07-08
      ✅ Added 2155 supply + 85 demand orders
  ➕ Fleet completion: +214 MW Hydro Water Reservoir (recent p95 214 MW vs 0 MW unit-level)
  ➖ Fleet-truthing derate: Fossil Brown coal/Lignite ×0.94 (fleet 3642 MW vs recent p95 2970 MW)
  📊 Resolution analysis:
     - Loads & Renewables: PT60M (60 minutes)
     - Loads & Renewables: PT60M (60 minutes)
     → Using finest resolution: 60 minutes
  🛟 Import backstop: peak 651 MW @ €158.7/MWh (24 hours, 8-week window)
  💧 Hydro: offer scale 0.86, dryness 0.1 (reservoir levels)
  🔗 Merged 2136 orders into 456 price-distinct blocks
  ✅ Merit-order book: 2069 supply / 67 demand orders
     ⚖️  Supply/Demand ratio: 1.45  (gas SRMC €88.1/MWh)
   📊 Processing zone SE1...
      ℹ️  No usable ATC link to AT, BE, BG, CH, CZ, DE_LU, DK1, DK2, EE, ES, FI, FR, GR, HU, IT-CNORTH, IT-CSOUTH, IT-Calabria, IT-NORTH, IT-SOUTH, IT-Sardinia, IT-Sicily, LT, LV, NL, NO1, NO2, NO3, NO4, NO5, PL, PT, RO, RS, SE3, SE4, SI, SK — keeping observed net imports for those borders
📊 Creating merit-order order book for SE1 on 2025-07-08
      ✅ Added 2069 supply + 67 demand orders
  📊 Resolution analysis:
     - Loads & Renewables: PT60M (60 minutes)
     - Loads & Renewables: PT60M (60 minutes)
     → Using finest resolution: 60 minutes
  💧 Hydro: offer scale 1.0, dryness 0.0 (reservoir levels) [reservoir-opportunity]
  🔗 Merged 600 orders into 96 price-distinct blocks
  ✅ Merit-order book: 552 supply / 48 demand orders
     ⚖️  Supply/Demand ratio: 3.87  (gas SRMC €88.1/MWh)
   📊 Processing zone SE2...
      ℹ️  No usable ATC link to AT, BE, BG, CH, CZ, DE_LU, DK1, DK2, EE, ES, FI, FR, GR, HU, IT-CNORTH, IT-CSOUTH, IT-Calabria, IT-NORTH, IT-SOUTH, IT-Sardinia, IT-Sicily, LT, LV, NL, NO1, NO2, NO3, NO4, NO5, PL, PT, RO, RS, SE3, SE4, SI, SK — keeping observed net imports for those borders
📊 Creating merit-order order book for SE2 on 2025-07-08
      ✅ Added 552 supply + 48 demand orders
  ➕ Fleet completion: +4521 MW Hydro Water Reservoir (recent p95 5220 MW vs 699 MW unit-level)
  📊 Resolution analysis:
     - Loads & Renewables: PT60M (60 minutes)
     - Loads & Renewables: PT60M (60 minutes)
     → Using finest resolution: 60 minutes
  💧 Hydro: offer scale 1.0, dryness 0.0 (reservoir levels) [reservoir-opportunity]
  🔗 Merged 240 orders into 96 price-distinct blocks
  ✅ Merit-order book: 192 supply / 48 demand orders
     ⚖️  Supply/Demand ratio: 4.11  (gas SRMC €88.1/MWh)
   📊 Processing zone SE3...
      ℹ️  No usable ATC link to AT, BE, BG, CH, CZ, DE_LU, DK2, EE, ES, FI, FR, GR, HU, IT-CNORTH, IT-CSOUTH, IT-Calabria, IT-NORTH, IT-SOUTH, IT-Sardinia, IT-Sicily, LT, LV, NL, NO1, NO2, NO3, NO4, NO5, PL, PT, RO, RS, SE1, SE2, SE4, SI, SK — keeping observed net imports for those borders
📊 Creating merit-order order book for SE3 on 2025-07-08
      ✅ Added 192 supply + 48 demand orders
  ➕ Fleet completion: +667 MW Hydro Water Reservoir (recent p95 997 MW vs 330 MW unit-level)
  ➕ Fleet completion: +465 MW Other (recent p95 465 MW vs 0 MW unit-level)
  📊 Resolution analysis:
     - Loads & Renewables: PT60M (60 minutes)
     - Loads & Renewables: PT60M (60 minutes)
     → Using finest resolution: 60 minutes
  🛟 Import backstop: peak 2972 MW @ €158.7/MWh (24 hours, 8-week window)
  💧 Hydro: offer scale 0.93, dryness 0.07 (reservoir levels) [reservoir-opportunity]
  🔗 Merged 1656 orders into 552 price-distinct blocks
  ✅ Merit-order book: 1608 supply / 48 demand orders
     ⚖️  Supply/Demand ratio: 1.97  (gas SRMC €88.1/MWh)
   📊 Processing zone SE4...
      ℹ️  No usable ATC link to AT, BE, BG, CH, CZ, DE_LU, DK1, EE, ES, FI, FR, GR, HU, IT-CNORTH, IT-CSOUTH, IT-Calabria, IT-NORTH, IT-SOUTH, IT-Sardinia, IT-Sicily, LV, NL, NO1, NO2, NO3, NO4, NO5, PT, RO, RS, SE1, SE2, SE3, SI, SK — keeping observed net imports for those borders
📊 Creating merit-order order book for SE4 on 2025-07-08
      ✅ Added 1608 supply + 48 demand orders
  ➕ Fleet completion: +110 MW Other (recent p95 110 MW vs 0 MW unit-level)
  📊 Resolution analysis:
     - Loads & Renewables: PT60M (60 minutes)
     - Loads & Renewables: PT60M (60 minutes)
     → Using finest resolution: 60 minutes
  🔗 Merged 816 orders into 408 price-distinct blocks
  ✅ Merit-order book: 768 supply / 48 demand orders
     ⚖️  Supply/Demand ratio: 2.46  (gas SRMC €88.1/MWh)
   📊 Processing zone SI...
      ℹ️  No usable ATC link to AT, BE, BG, CH, CZ, DE_LU, DK1, DK2, EE, ES, FI, FR, GR, IT-CNORTH, IT-CSOUTH, IT-Calabria, IT-SOUTH, IT-Sardinia, IT-Sicily, LT, LV, NL, NO1, NO2, NO3, NO4, NO5, PL, PT, RO, RS, SE1, SE2, SE3, SE4, SK — keeping observed net imports for those borders
📊 Creating merit-order order book for SI on 2025-07-08
      ✅ Added 768 supply + 48 demand orders
  ➕ Fleet completion: +492 MW Hydro Run-of-river and pondage (recent p95 734 MW vs 242 MW unit-level)
  ➖ Fleet-truthing derate: Fossil Brown coal/Lignite ×0.0 (fleet 978 MW vs recent p95 3 MW)
  📊 Resolution analysis:
     - Loads & Renewables: PT60M (60 minutes)
     - Loads & Renewables: PT60M (60 minutes)
     → Using finest resolution: 60 minutes
  🛟 Import backstop: peak 456 MW @ €158.7/MWh (24 hours, 8-week window)
  💧 Hydro: offer scale 0.98, dryness 0.0 (reservoir levels)
  🔗 Merged 1798 orders into 600 price-distinct blocks
  ✅ Merit-order book: 1750 supply / 48 demand orders
     ⚖️  Supply/Demand ratio: 1.96  (gas SRMC €88.1/MWh)
   📊 Processing zone SK...
      ℹ️  No usable ATC link to AT, BE, BG, CH, CZ, DE_LU, DK1, DK2, EE, ES, FI, FR, GR, HU, IT-CNORTH, IT-CSOUTH, IT-Calabria, IT-NORTH, IT-SOUTH, IT-Sardinia, IT-Sicily, LT, LV, NL, NO1, NO2, NO3, NO4, NO5, PL, PT, RO, RS, SE1, SE2, SE3, SE4, SI — keeping observed net imports for those borders
📊 Creating merit-order order book for SK on 2025-07-08
      ✅ Added 1750 supply + 48 demand orders
  ➕ Fleet completion: +112 MW Biomass (recent p95 112 MW vs 0 MW unit-level)
  ➕ Fleet completion: +166 MW Hydro Water Reservoir (recent p95 166 MW vs 0 MW unit-level)
  ➕ Fleet completion: +474 MW Hydro Run-of-river and pondage (recent p95 474 MW vs 0 MW unit-level)
  ➖ Fleet-truthing derate: Fossil Brown coal/Lignite ×0.0 (fleet 330 MW vs recent p95 0 MW)
  ➖ Fleet-truthing derate: Fossil Hard coal ×0.0 (fleet 220 MW vs recent p95 0 MW)
  📊 Resolution analysis:
     - Loads: PT15M (15 minutes)
     - Renewables: PT60M (60 minutes)
     → Using finest resolution: 15 minutes
  📊 Disaggregating renewables from 60min to 15min resolution
  🕐 Aggregated 15-min data to hourly (24 slots)
  💧 Hydro: offer scale 0.83, dryness 0.0 (output-based fallback)
  🌐 Boundary book (UA): 104 orders over 24 slots
  🔗 Merged 2264 orders into 680 price-distinct blocks
  ✅ Merit-order book: 2148 supply / 116 demand orders
     ⚖️  Supply/Demand ratio: 1.59  (gas SRMC €88.1/MWh)
   📊 Processing zone IT-NORTH...
      ℹ️  No usable ATC link to BE, BG, CZ, DE_LU, DK1, DK2, EE, ES, FI, GR, HU, IT-CSOUTH, IT-Calabria, IT-SOUTH, IT-Sardinia, IT-Sicily, LT, LV, NL, NO1, NO2, NO3, NO4, NO5, PL, PT, RO, RS, SE1, SE2, SE3, SE4, SK — keeping observed net imports for those borders
📊 Creating merit-order order book for IT-NORTH on 2025-07-08
      ✅ Added 2148 supply + 116 demand orders
  ➕ Fleet completion: +210 MW Biomass (recent p95 210 MW vs 0 MW unit-level)
  ➕ Fleet completion: +170 MW Hydro Water Reservoir (recent p95 1255 MW vs 1085 MW unit-level)
  ➕ Fleet completion: +268 MW Other (recent p95 1308 MW vs 1040 MW unit-level)
  ➕ Fleet completion: +2302 MW Hydro Run-of-river and pondage (recent p95 4783 MW vs 2481 MW unit-level)
  ➕ Fleet completion: +651 MW Other renewable (recent p95 651 MW vs 0 MW unit-level)
  ➕ Fleet completion: +253 MW Energy storage (recent p95 647 MW vs 394 MW unit-level)
  📊 Resolution analysis:
     - Loads & Renewables: PT15M (15 minutes)
     - Loads & Renewables: PT15M (15 minutes)
     → Using finest resolution: 15 minutes
  🕐 Aggregated 15-min data to hourly (24 slots)
  💧 Hydro: offer scale 0.69, dryness 0.15 (reservoir levels)
  🔗 Merged 6696 orders into 672 price-distinct blocks
  ✅ Merit-order book: 6648 supply / 48 demand orders
     ⚖️  Supply/Demand ratio: 1.59  (gas SRMC €88.1/MWh)
   📊 Processing zone IT-CNORTH...
      ℹ️  No usable ATC link to AT, BE, BG, CH, CZ, DE_LU, DK1, DK2, EE, ES, FI, FR, GR, HU, IT-Calabria, IT-SOUTH, IT-Sardinia, IT-Sicily, LT, LV, NL, NO1, NO2, NO3, NO4, NO5, PL, PT, RO, RS, SE1, SE2, SE3, SE4, SI, SK — keeping observed net imports for those borders
📊 Creating merit-order order book for IT-CNORTH on 2025-07-08
      ✅ Added 6648 supply + 48 demand orders
  ➕ Fleet completion: +485 MW Geothermal (recent p95 599 MW vs 114 MW unit-level)
  📊 Resolution analysis:
     - Loads & Renewables: PT15M (15 minutes)
     - Loads & Renewables: PT15M (15 minutes)
     → Using finest resolution: 15 minutes
  🕐 Aggregated 15-min data to hourly (24 slots)
  🛟 Import backstop: peak 58 MW @ €158.7/MWh (24 hours, 8-week window)
  💧 Hydro: offer scale 0.29, dryness 0.0 (reservoir levels)
  🔗 Merged 1032 orders into 432 price-distinct blocks
  ✅ Merit-order book: 982 supply / 50 demand orders
     ⚖️  Supply/Demand ratio: 0.82  (gas SRMC €88.1/MWh)
   📊 Processing zone IT-CSOUTH...
      ℹ️  No usable ATC link to AT, BE, BG, CH, CZ, DE_LU, DK1, DK2, EE, ES, FI, FR, GR, HU, IT-Calabria, IT-NORTH, IT-Sicily, LT, LV, NL, NO1, NO2, NO3, NO4, NO5, PL, PT, RO, RS, SE1, SE2, SE3, SE4, SI, SK — keeping observed net imports for those borders
📊 Creating merit-order order book for IT-CSOUTH on 2025-07-08
      ✅ Added 982 supply + 50 demand orders
  ➕ Fleet completion: +174 MW Other renewable (recent p95 174 MW vs 0 MW unit-level)
  ➕ Fleet completion: +174 MW Energy storage (recent p95 174 MW vs 0 MW unit-level)
  ➖ Fleet-truthing derate: Fossil Hard coal ×0.0 (fleet 1250 MW vs recent p95 0 MW)
  📊 Resolution analysis:
     - Loads & Renewables: PT15M (15 minutes)
     - Loads & Renewables: PT15M (15 minutes)
     → Using finest resolution: 15 minutes
  🕐 Aggregated 15-min data to hourly (24 slots)
  💧 Hydro: offer scale 0.59, dryness 0.08 (reservoir levels)
  🔗 Merged 2952 orders into 576 price-distinct blocks
  ✅ Merit-order book: 2896 supply / 56 demand orders
     ⚖️  Supply/Demand ratio: 1.85  (gas SRMC €88.1/MWh)
   📊 Processing zone IT-SOUTH...
      ℹ️  No usable ATC link to AT, BE, BG, CH, CZ, DE_LU, DK1, DK2, EE, ES, FI, FR, GR, HU, IT-CNORTH, IT-NORTH, IT-Sardinia, IT-Sicily, LT, LV, NL, NO1, NO2, NO3, NO4, NO5, PL, PT, RO, RS, SE1, SE2, SE3, SE4, SI, SK — keeping observed net imports for those borders
📊 Creating merit-order order book for IT-SOUTH on 2025-07-08
      ✅ Added 2896 supply + 56 demand orders
  ➕ Fleet completion: +249 MW Biomass (recent p95 249 MW vs 0 MW unit-level)
  ➖ Fleet-truthing derate: Fossil Hard coal ×0.0 (fleet 605 MW vs recent p95 0 MW)
  ➖ Fleet-truthing derate: Fossil Coal-derived gas ×0.02 (fleet 850 MW vs recent p95 13 MW)
  📊 Resolution analysis:
     - Loads & Renewables: PT15M (15 minutes)
     - Loads & Renewables: PT15M (15 minutes)
     → Using finest resolution: 15 minutes
  🕐 Aggregated 15-min data to hourly (24 slots)
  💧 Hydro: offer scale 0.2, dryness 0.88 (reservoir levels)
  🔗 Merged 1536 orders into 552 price-distinct blocks
  ✅ Merit-order book: 1483 supply / 53 demand orders
     ⚖️  Supply/Demand ratio: 2.35  (gas SRMC €88.1/MWh)
   📊 Processing zone IT-Calabria...
      ℹ️  No usable ATC link to AT, BE, BG, CH, CZ, DE_LU, DK1, DK2, EE, ES, FI, FR, GR, HU, IT-CNORTH, IT-CSOUTH, IT-NORTH, IT-Sardinia, LT, LV, NL, NO1, NO2, NO3, NO4, NO5, PL, PT, RO, RS, SE1, SE2, SE3, SE4, SI, SK — keeping observed net imports for those borders
📊 Creating merit-order order book for IT-Calabria on 2025-07-08
      ✅ Added 1483 supply + 53 demand orders
  ➕ Fleet completion: +123 MW Biomass (recent p95 123 MW vs 0 MW unit-level)
  📊 Resolution analysis:
     - Loads & Renewables: PT15M (15 minutes)
     - Loads & Renewables: PT15M (15 minutes)
     → Using finest resolution: 15 minutes
  🕐 Aggregated 15-min data to hourly (24 slots)
  💧 Hydro: offer scale 0.2, dryness 0.0 (reservoir levels)
  🔗 Merged 1224 orders into 456 price-distinct blocks
  ✅ Merit-order book: 1176 supply / 48 demand orders
     ⚖️  Supply/Demand ratio: 4.97  (gas SRMC €88.1/MWh)
   📊 Processing zone IT-Sicily...
      ℹ️  No usable ATC link to AT, BE, BG, CH, CZ, DE_LU, DK1, DK2, EE, ES, FI, FR, GR, HU, IT-CNORTH, IT-CSOUTH, IT-NORTH, IT-SOUTH, IT-Sardinia, LT, LV, NL, NO1, NO2, NO3, NO4, NO5, PL, PT, RO, RS, SE1, SE2, SE3, SE4, SI, SK — keeping observed net imports for those borders
📊 Creating merit-order order book for IT-Sicily on 2025-07-08
      ✅ Added 1176 supply + 48 demand orders
  ➕ Fleet completion: +119 MW Fossil Coal-derived gas (recent p95 119 MW vs 0 MW unit-level)
  📊 Resolution analysis:
     - Loads & Renewables: PT15M (15 minutes)
     - Loads & Renewables: PT15M (15 minutes)
     → Using finest resolution: 15 minutes
  🕐 Aggregated 15-min data to hourly (24 slots)
  💧 Hydro: offer scale 0.55, dryness 0.11 (reservoir levels)
  🔗 Merged 1656 orders into 480 price-distinct blocks
  ✅ Merit-order book: 1584 supply / 72 demand orders
     ⚖️  Supply/Demand ratio: 1.86  (gas SRMC €88.1/MWh)
   📊 Processing zone IT-Sardinia...
      ℹ️  No usable ATC link to AT, BE, BG, CH, CZ, DE_LU, DK1, DK2, EE, ES, FI, FR, GR, HU, IT-CNORTH, IT-Calabria, IT-NORTH, IT-SOUTH, IT-Sicily, LT, LV, NL, NO1, NO2, NO3, NO4, NO5, PL, PT, RO, RS, SE1, SE2, SE3, SE4, SI, SK — keeping observed net imports for those borders
📊 Creating merit-order order book for IT-Sardinia on 2025-07-08
      ✅ Added 1584 supply + 72 demand orders
  ➕ Fleet completion: +165 MW Other renewable (recent p95 165 MW vs 0 MW unit-level)
  ➖ Fleet-truthing derate: Fossil Hard coal ×0.79 (fleet 577 MW vs recent p95 394 MW)
  📊 Resolution analysis:
     - Loads & Renewables: PT15M (15 minutes)
     - Loads & Renewables: PT15M (15 minutes)
     → Using finest resolution: 15 minutes
  🕐 Aggregated 15-min data to hourly (24 slots)
  💧 Hydro: offer scale 0.72, dryness 0.0 (reservoir levels)
  🔗 Merged 1176 orders into 576 price-distinct blocks
  ✅ Merit-order book: 1104 supply / 72 demand orders
     ⚖️  Supply/Demand ratio: 2.57  (gas SRMC €88.1/MWh)
   📊 Processing zone CH...
      ℹ️  No usable ATC link to BE, BG, CZ, DK1, DK2, EE, ES, FI, GR, HU, IT-CNORTH, IT-CSOUTH, IT-Calabria, IT-SOUTH, IT-Sardinia, IT-Sicily, LT, LV, NL, NO1, NO2, NO3, NO4, NO5, PL, PT, RO, RS, SE1, SE2, SE3, SE4, SI, SK — keeping observed net imports for those borders
📊 Creating merit-order order book for CH on 2025-07-08
      ✅ Added 1104 supply + 72 demand orders
  ➕ Fleet completion: +2531 MW Hydro Run-of-river and pondage (recent p95 2983 MW vs 452 MW unit-level)
  📊 Resolution analysis:
     - Loads & Renewables: PT60M (60 minutes)
     - Loads & Renewables: PT60M (60 minutes)
     → Using finest resolution: 60 minutes
  💧 Hydro: offer scale 1.0, dryness 0.0 (reservoir levels) [reservoir-opportunity]
  🔗 Merged 1728 orders into 336 price-distinct blocks
  ✅ Merit-order book: 1680 supply / 48 demand orders
     ⚖️  Supply/Demand ratio: 2.02  (gas SRMC €88.1/MWh)
      ✅ Added 1680 supply + 48 demand orders
   ✅ Found 84 directional transfer capacity links
✅ Created multi-zone order book (merit-order):
   🌍 Zones: 39  📝 Orders: 21544  🕐 Periods: 24  🔌 Links: 84

⚡ Running multi-zone market clearing optimization...
   🧩 Period-decomposition: 24 independent single-period clears (solver=highs)
      · 12/24 periods (31.5s, last=optimal)
      · 24/24 periods (133.2s, last=optimal)
   ⚓ Anchor ref for AT from CH,IT-NORTH: mean=95.6 €/MWh
   ⚓ Anchor ref for BE from continental proxy DE_LU/NL: mean=83.0 €/MWh
   ⚓ Anchor ref for FR from CH,DE_LU,ES,IT-NORTH: mean=87.4 €/MWh
   ⚓ Anchor ref for NO1 from continental proxy DE_LU/NL: mean=83.0 €/MWh
   ⚓ Anchor ref for NO2 from DE_LU,NL: mean=85.0 €/MWh
   ⚓ Anchor ref for NO3 from continental proxy DE_LU/NL: mean=83.0 €/MWh
   ⚓ Anchor ref for NO5 from continental proxy DE_LU/NL: mean=83.0 €/MWh
   ⚓ Anchor ref for SE3 from DK1: mean=86.2 €/MWh
   ⚓ Anchor ref for SE4 from DK2,LT,PL: mean=65.0 €/MWh
   ⚓ Anchor ref for SI from HU,IT-NORTH: mean=101.7 €/MWh
   ⚓ Anchor ref for SK from continental proxy DE_LU/NL: mean=83.0 €/MWh
   ⚓ Anchor ref for CH from AT,DE_LU,FR,IT-NORTH: mean=79.9 €/MWh

⚓ PASS 2: opportunity-anchored re-clear for AT, BE, FR, NO1, NO2, NO3, NO5, SE3, SE4, SI, SK, CH
🌍 Creating multi-zone order book (merit-order method) for 39 zones
   🔌 Fetching transfer capacities between zones...
📊 Fetching ENTSO-E transfer capacity (enriched: explicit=true, remap=IT→IT-NORTH) for 2025-07-08...
✅ Enriched transfer capacity: 3456 implicit rows, +1104 explicit-only rows, 192 aggregate endpoints remapped, -1200 stale flow-based border-hours dropped, 2016 in-footprint border-hours
✅ Created transfer capacity structure:
   🌍 Bidding zones: 33 (AT, BG, CH, CZ, DE_LU, DK1, DK2, EE, ES, FI, FR, GR, HU, IT-CNORTH, IT-CSOUTH, IT-Calabria, IT-NORTH, IT-SOUTH, IT-Sardinia, IT-Sicily, LT, LV, NL, NO2, PL, PT, RO, RS, SE1, SE2, SE3, SE4, SI)
   🕐 Time periods: 24
   ➡️  Forward capacities: 2016 entries
   ↔️  Bidirectional links: 1830
   ➡️  Unidirectional links: 186
   🚫 Shadowed aggregate codes excluded from observed imports: DE_50HzT, DE_Amprion, DE_TenneT_GER, DE_TransnetBW, DK, IT
   📊 Processing zone AT...
      ℹ️  No usable ATC link to BE, BG, CZ, DE_LU, DK1, DK2, EE, ES, FI, FR, GR, HU, IT-CNORTH, IT-CSOUTH, IT-Calabria, IT-SOUTH, IT-Sardinia, IT-Sicily, LT, LV, NL, NO1, NO2, NO3, NO4, NO5, PL, PT, RO, RS, SE1, SE2, SE3, SE4, SI, SK — keeping observed net imports for those borders
📊 Creating merit-order order book for AT on 2025-07-08
  ➕ Fleet completion: +168 MW Biomass (recent p95 168 MW vs 0 MW unit-level)
  ➕ Fleet completion: +820 MW Hydro Water Reservoir (recent p95 955 MW vs 135 MW unit-level)
  ➕ Fleet completion: +4209 MW Hydro Run-of-river and pondage (recent p95 4209 MW vs 0 MW unit-level)
  📊 Resolution analysis:
     - Loads & Renewables: PT15M (15 minutes)
     - Loads & Renewables: PT15M (15 minutes)
     → Using finest resolution: 15 minutes
  🕐 Aggregated 15-min data to hourly (24 slots)
  🛟 Import backstop: peak 2710 MW @ €158.7/MWh (24 hours, 8-week window)
  💧 Hydro: offer scale 0.9, dryness 0.1 (reservoir levels) [reservoir-opportunity]
  🔗 Merged 1512 orders into 482 price-distinct blocks
  ✅ Merit-order book: 1440 supply / 72 demand orders
     ⚖️  Supply/Demand ratio: 1.67  (gas SRMC €88.1/MWh)
   📊 Processing zone BE...
      ℹ️  No usable ATC link to AT, BG, CH, CZ, DE_LU, DK1, DK2, EE, ES, FI, FR, GR, HU, IT-CNORTH, IT-CSOUTH, IT-Calabria, IT-NORTH, IT-SOUTH, IT-Sardinia, IT-Sicily, LT, LV, NL, NO1, NO2, NO3, NO4, NO5, PL, PT, RO, RS, SE1, SE2, SE3, SE4, SI, SK — keeping observed net imports for those borders
      ✅ Added 1440 supply + 72 demand orders
📊 Creating merit-order order book for BE on 2025-07-08
  ➕ Fleet completion: +438 MW Biomass (recent p95 438 MW vs 0 MW unit-level)
  ➕ Fleet completion: +257 MW Waste (recent p95 257 MW vs 0 MW unit-level)
  ➕ Fleet completion: +128 MW Fossil Gas (recent p95 3189 MW vs 3061 MW unit-level)
  ➕ Fleet completion: +1008 MW Nuclear (recent p95 2415 MW vs 1407 MW unit-level)
  📊 Resolution analysis:
     - Loads: PT15M (15 minutes)
     - Renewables: PT60M (60 minutes)
     → Using finest resolution: 15 minutes
  📊 Disaggregating renewables from 60min to 15min resolution
  🕐 Aggregated 15-min data to hourly (24 slots)
  🛟 Import backstop: peak 1729 MW @ €158.7/MWh (24 hours, 8-week window)
  💧 Hydro: offer scale 0.75, dryness 0.07 (output-based fallback)
  🔗 Merged 3696 orders into 840 price-distinct blocks
  ✅ Merit-order book: 3624 supply / 72 demand orders
     ⚖️  Supply/Demand ratio: 1.46  (gas SRMC €88.1/MWh)
   📊 Processing zone FR...
      ℹ️  No usable ATC link to AT, BE, BG, CZ, DK1, DK2, EE, FI, GR, HU, IT-CNORTH, IT-CSOUTH, IT-Calabria, IT-SOUTH, IT-Sardinia, IT-Sicily, LT, LV, NL, NO1, NO2, NO3, NO4, NO5, PL, PT, RO, RS, SE1, SE2, SE3, SE4, SI, SK — keeping observed net imports for those borders
      ✅ Added 3624 supply + 72 demand orders
📊 Creating merit-order order book for FR on 2025-07-08
  ➕ Fleet completion: +237 MW Biomass (recent p95 387 MW vs 150 MW unit-level)
  ➕ Fleet completion: +1228 MW Hydro Water Reservoir (recent p95 2459 MW vs 1231 MW unit-level)
  ➕ Fleet completion: +393 MW Waste (recent p95 393 MW vs 0 MW unit-level)
  ➕ Fleet completion: +3566 MW Hydro Run-of-river and pondage (recent p95 5543 MW vs 1976 MW unit-level)
  ➖ Fleet-truthing derate: Nuclear ×0.99 (fleet 47540 MW vs recent p95 40887 MW)
   ♻️  Zone BG: reusing pass-1 book (720 orders)
   ♻️  Zone CZ: reusing pass-1 book (761 orders)
   📊 Processing zone NO1...
      ℹ️  No usable ATC link to AT, BE, BG, CH, CZ, DE_LU, DK1, DK2, EE, ES, FI, FR, GR, HU, IT-CNORTH, IT-CSOUTH, IT-Calabria, IT-NORTH, IT-SOUTH, IT-Sardinia, IT-Sicily, LT, LV, NL, NO2, NO3, NO4, NO5, PL, PT, RO, RS, SE1, SE2, SE3, SE4, SI, SK — keeping observed net imports for those borders
📊 Creating merit-order order book for NO1 on 2025-07-08
  ➕ Fleet completion: +610 MW Hydro Run-of-river and pondage (recent p95 1725 MW vs 1115 MW unit-level)
   ♻️  Zone DE_LU: reusing pass-1 book (1103 orders)
   ♻️  Zone DK1: reusing pass-1 book (504 orders)
   📊 Processing zone NO2...
      ℹ️  No usable ATC link to AT, BE, BG, CH, CZ, DK1, DK2, EE, ES, FI, FR, GR, HU, IT-CNORTH, IT-CSOUTH, IT-Calabria, IT-NORTH, IT-SOUTH, IT-Sardinia, IT-Sicily, LT, LV, NO1, NO3, NO4, NO5, PL, PT, RO, RS, SE1, SE2, SE3, SE4, SI, SK — keeping observed net imports for those borders
   ♻️  Zone DK2: reusing pass-1 book (575 orders)
   ♻️  Zone EE: reusing pass-1 book (216 orders)
📊 Creating merit-order order book for NO2 on 2025-07-08
  ➕ Fleet completion: +440 MW Hydro Run-of-river and pondage (recent p95 555 MW vs 115 MW unit-level)
   📊 Processing zone NO3...
      ℹ️  No usable ATC link to AT, BE, BG, CH, CZ, DE_LU, DK1, DK2, EE, ES, FI, FR, GR, HU, IT-CNORTH, IT-CSOUTH, IT-Calabria, IT-NORTH, IT-SOUTH, IT-Sardinia, IT-Sicily, LT, LV, NL, NO1, NO2, NO4, NO5, PL, PT, RO, RS, SE1, SE2, SE3, SE4, SI, SK — keeping observed net imports for those borders
   ♻️  Zone ES: reusing pass-1 book (815 orders)
📊 Creating merit-order order book for NO3 on 2025-07-08
  ➕ Fleet completion: +552 MW Hydro Water Reservoir (recent p95 2137 MW vs 1586 MW unit-level)
  ➕ Fleet completion: +884 MW Hydro Run-of-river and pondage (recent p95 988 MW vs 104 MW unit-level)
   ♻️  Zone FI: reusing pass-1 book (1008 orders)
  📊 Resolution analysis:
     - Loads & Renewables: PT15M (15 minutes)
     - Loads & Renewables: PT15M (15 minutes)
     → Using finest resolution: 15 minutes
  🕐 Aggregated 15-min data to hourly (24 slots)
  🛟 Import backstop: peak 1245 MW @ €158.7/MWh (24 hours, 8-week window)
  💧 Hydro: offer scale 1.0, dryness 0.0 (reservoir levels) [reservoir-opportunity]
  🔗 Merged 1248 orders into 240 price-distinct blocks
  ✅ Merit-order book: 1176 supply / 72 demand orders
     ⚖️  Supply/Demand ratio: 1.36  (gas SRMC €88.1/MWh)
   📊 Processing zone NO5...
      ℹ️  No usable ATC link to AT, BE, BG, CH, CZ, DE_LU, DK1, DK2, EE, ES, FI, FR, GR, HU, IT-CNORTH, IT-CSOUTH, IT-Calabria, IT-NORTH, IT-SOUTH, IT-Sardinia, IT-Sicily, LT, LV, NL, NO1, NO2, NO3, NO4, PL, PT, RO, RS, SE1, SE2, SE3, SE4, SI, SK — keeping observed net imports for those borders
📊 Creating merit-order order book for NO5 on 2025-07-08
  ➕ Fleet completion: +557 MW Hydro Run-of-river and pondage (recent p95 557 MW vs 0 MW unit-level)
  📊 Resolution analysis:
     - Loads & Renewables: PT15M (15 minutes)
     - Loads & Renewables: PT15M (15 minutes)
     → Using finest resolution: 15 minutes
  🕐 Aggregated 15-min data to hourly (24 slots)
  💧 Hydro: offer scale 1.0, dryness 0.0 (reservoir levels) [reservoir-opportunity]
  🔗 Merged 1872 orders into 336 price-distinct blocks
  ✅ Merit-order book: 1800 supply / 72 demand orders
     ⚖️  Supply/Demand ratio: 2.23  (gas SRMC €88.1/MWh)
   📊 Processing zone SE3...
      ℹ️  No usable ATC link to AT, BE, BG, CH, CZ, DE_LU, DK2, EE, ES, FI, FR, GR, HU, IT-CNORTH, IT-CSOUTH, IT-Calabria, IT-NORTH, IT-SOUTH, IT-Sardinia, IT-Sicily, LT, LV, NL, NO1, NO2, NO3, NO4, NO5, PL, PT, RO, RS, SE1, SE2, SE4, SI, SK — keeping observed net imports for those borders
📊 Creating merit-order order book for SE3 on 2025-07-08
  ➕ Fleet completion: +667 MW Hydro Water Reservoir (recent p95 997 MW vs 330 MW unit-level)
  ➕ Fleet completion: +465 MW Other (recent p95 465 MW vs 0 MW unit-level)
  📊 Resolution analysis:
     - Loads & Renewables: PT60M (60 minutes)
     - Loads & Renewables: PT60M (60 minutes)
     → Using finest resolution: 60 minutes
  🛟 Import backstop: peak 2972 MW @ €158.7/MWh (24 hours, 8-week window)
  💧 Hydro: offer scale 0.93, dryness 0.07 (reservoir levels) [reservoir-opportunity]
  🔗 Merged 1680 orders into 597 price-distinct blocks
  ✅ Merit-order book: 1608 supply / 72 demand orders
     ⚖️  Supply/Demand ratio: 1.2  (gas SRMC €88.1/MWh)
   📊 Processing zone SE4...
      ℹ️  No usable ATC link to AT, BE, BG, CH, CZ, DE_LU, DK1, EE, ES, FI, FR, GR, HU, IT-CNORTH, IT-CSOUTH, IT-Calabria, IT-NORTH, IT-SOUTH, IT-Sardinia, IT-Sicily, LV, NL, NO1, NO2, NO3, NO4, NO5, PT, RO, RS, SE1, SE2, SE3, SI, SK — keeping observed net imports for those borders
📊 Creating merit-order order book for SE4 on 2025-07-08
  ➕ Fleet completion: +110 MW Other (recent p95 110 MW vs 0 MW unit-level)
  📊 Resolution analysis:
     - Loads & Renewables: PT60M (60 minutes)
     - Loads & Renewables: PT60M (60 minutes)
     → Using finest resolution: 60 minutes
  🔗 Merged 816 orders into 432 price-distinct blocks
  ✅ Merit-order book: 768 supply / 48 demand orders
     ⚖️  Supply/Demand ratio: 2.46  (gas SRMC €88.1/MWh)
   📊 Processing zone SI...
      ℹ️  No usable ATC link to AT, BE, BG, CH, CZ, DE_LU, DK1, DK2, EE, ES, FI, FR, GR, IT-CNORTH, IT-CSOUTH, IT-Calabria, IT-SOUTH, IT-Sardinia, IT-Sicily, LT, LV, NL, NO1, NO2, NO3, NO4, NO5, PL, PT, RO, RS, SE1, SE2, SE3, SE4, SK — keeping observed net imports for those borders
📊 Creating merit-order order book for SI on 2025-07-08
  ➕ Fleet completion: +492 MW Hydro Run-of-river and pondage (recent p95 734 MW vs 242 MW unit-level)
  ➖ Fleet-truthing derate: Fossil Brown coal/Lignite ×0.0 (fleet 978 MW vs recent p95 3 MW)
  📊 Resolution analysis:
     - Loads & Renewables: PT60M (60 minutes)
     - Loads & Renewables: PT60M (60 minutes)
     → Using finest resolution: 60 minutes
  🛟 Import backstop: peak 456 MW @ €158.7/MWh (24 hours, 8-week window)
  💧 Hydro: offer scale 0.98, dryness 0.0 (reservoir levels)
  🔗 Merged 1799 orders into 599 price-distinct blocks
  ✅ Merit-order book: 1750 supply / 49 demand orders
     ⚖️  Supply/Demand ratio: 1.96  (gas SRMC €88.1/MWh)
   📊 Processing zone SK...
      ℹ️  No usable ATC link to AT, BE, BG, CH, CZ, DE_LU, DK1, DK2, EE, ES, FI, FR, GR, HU, IT-CNORTH, IT-CSOUTH, IT-Calabria, IT-NORTH, IT-SOUTH, IT-Sardinia, IT-Sicily, LT, LV, NL, NO1, NO2, NO3, NO4, NO5, PL, PT, RO, RS, SE1, SE2, SE3, SE4, SI — keeping observed net imports for those borders
📊 Creating merit-order order book for SK on 2025-07-08
  ➕ Fleet completion: +112 MW Biomass (recent p95 112 MW vs 0 MW unit-level)
  ➕ Fleet completion: +166 MW Hydro Water Reservoir (recent p95 166 MW vs 0 MW unit-level)
  ➕ Fleet completion: +474 MW Hydro Run-of-river and pondage (recent p95 474 MW vs 0 MW unit-level)
  ➖ Fleet-truthing derate: Fossil Brown coal/Lignite ×0.0 (fleet 330 MW vs recent p95 0 MW)
  ➖ Fleet-truthing derate: Fossil Hard coal ×0.0 (fleet 220 MW vs recent p95 0 MW)
  📊 Resolution analysis:
     - Loads: PT15M (15 minutes)
     - Renewables: PT60M (60 minutes)
     → Using finest resolution: 15 minutes
  📊 Disaggregating renewables from 60min to 15min resolution
  🕐 Aggregated 15-min data to hourly (24 slots)
  💧 Hydro: offer scale 0.83, dryness 0.0 (output-based fallback)
  🌐 Boundary book (UA): 104 orders over 24 slots
  🔗 Merged 2288 orders into 704 price-distinct blocks
  ✅ Merit-order book: 2148 supply / 140 demand orders
     ⚖️  Supply/Demand ratio: 1.09  (gas SRMC €88.1/MWh)
   📊 Processing zone CH...
      ℹ️  No usable ATC link to BE, BG, CZ, DK1, DK2, EE, ES, FI, GR, HU, IT-CNORTH, IT-CSOUTH, IT-Calabria, IT-SOUTH, IT-Sardinia, IT-Sicily, LT, LV, NL, NO1, NO2, NO3, NO4, NO5, PL, PT, RO, RS, SE1, SE2, SE3, SE4, SI, SK — keeping observed net imports for those borders
📊 Creating merit-order order book for CH on 2025-07-08
  ➕ Fleet completion: +2531 MW Hydro Run-of-river and pondage (recent p95 2983 MW vs 452 MW unit-level)
  📊 Resolution analysis:
     - Loads & Renewables: PT60M (60 minutes)
     - Loads & Renewables: PT60M (60 minutes)
     → Using finest resolution: 60 minutes
  💧 Hydro: offer scale 1.0, dryness 0.0 (reservoir levels) [reservoir-opportunity]
  🔗 Merged 1728 orders into 336 price-distinct blocks
  ✅ Merit-order book: 1680 supply / 48 demand orders
     ⚖️  Supply/Demand ratio: 2.02  (gas SRMC €88.1/MWh)
  📊 Resolution analysis:
     - Loads: PT15M (15 minutes)
     - Renewables: PT60M (60 minutes)
     → Using finest resolution: 15 minutes
  📊 Disaggregating renewables from 60min to 15min resolution
  🕐 Aggregated 15-min data to hourly (24 slots)
  ⚛️  Nuclear availability 0.63 → opportunity share 0.71 (tightness 0.56)
  🛟 Import backstop: peak 2593 MW @ €158.7/MWh (24 hours, 8-week window)
  💧 Hydro: offer scale 0.86, dryness 0.02 (reservoir levels)
  🌐 Boundary book (GB): 120 orders over 24 slots
  🔗 Merged 16540 orders into 1051 price-distinct blocks
  ✅ Merit-order book: 16444 supply / 96 demand orders
     ⚖️  Supply/Demand ratio: 1.8  (gas SRMC €88.1/MWh)
      ✅ Added 16444 supply + 96 demand orders
   ♻️  Zone GR: reusing pass-1 book (432 orders)
  📊 Resolution analysis:
     - Loads & Renewables: PT15M (15 minutes)
     - Loads & Renewables: PT15M (15 minutes)
     → Using finest resolution: 15 minutes
  🕐 Aggregated 15-min data to hourly (24 slots)
   ♻️  Zone HU: reusing pass-1 book (1179 orders)
   ♻️  Zone LT: reusing pass-1 book (240 orders)
   ♻️  Zone LV: reusing pass-1 book (312 orders)
  🛟 Import backstop: peak 616 MW @ €158.7/MWh (24 hours, 8-week window)
   ♻️  Zone NL: reusing pass-1 book (840 orders)
  💧 Hydro: offer scale 0.85, dryness 0.15 (reservoir levels) [reservoir-opportunity]
  🔗 Merged 3816 orders into 264 price-distinct blocks
  ✅ Merit-order book: 3744 supply / 72 demand orders
     ⚖️  Supply/Demand ratio: 1.02  (gas SRMC €88.1/MWh)
      ✅ Added 3744 supply + 72 demand orders
  📊 Resolution analysis:
     - Loads & Renewables: PT15M (15 minutes)
     - Loads & Renewables: PT15M (15 minutes)
     → Using finest resolution: 15 minutes
  🕐 Aggregated 15-min data to hourly (24 slots)
  💧 Hydro: offer scale 0.85, dryness 0.15 (reservoir levels) [reservoir-opportunity]
  🔗 Merged 2256 orders into 240 price-distinct blocks
  ✅ Merit-order book: 2184 supply / 72 demand orders
     ⚖️  Supply/Demand ratio: 1.78  (gas SRMC €88.1/MWh)
      ✅ Added 2184 supply + 72 demand orders
      ✅ Added 1176 supply + 72 demand orders
   ♻️  Zone NO4: reusing pass-1 book (336 orders)
      ✅ Added 1800 supply + 72 demand orders
   ♻️  Zone PL: reusing pass-1 book (1135 orders)
   ♻️  Zone PT: reusing pass-1 book (432 orders)
   ♻️  Zone RO: reusing pass-1 book (704 orders)
   ♻️  Zone RS: reusing pass-1 book (456 orders)
   ♻️  Zone SE1: reusing pass-1 book (96 orders)
   ♻️  Zone SE2: reusing pass-1 book (96 orders)
      ✅ Added 1608 supply + 72 demand orders
      ✅ Added 768 supply + 48 demand orders
      ✅ Added 1750 supply + 49 demand orders
      ✅ Added 2148 supply + 140 demand orders
   ♻️  Zone IT-NORTH: reusing pass-1 book (672 orders)
   ♻️  Zone IT-CNORTH: reusing pass-1 book (432 orders)
   ♻️  Zone IT-CSOUTH: reusing pass-1 book (576 orders)
   ♻️  Zone IT-SOUTH: reusing pass-1 book (552 orders)
   ♻️  Zone IT-Calabria: reusing pass-1 book (456 orders)
   ♻️  Zone IT-Sicily: reusing pass-1 book (480 orders)
   ♻️  Zone IT-Sardinia: reusing pass-1 book (576 orders)
      ✅ Added 1680 supply + 48 demand orders
   ✅ Found 84 directional transfer capacity links
✅ Created multi-zone order book (merit-order):
   🌍 Zones: 39  📝 Orders: 21825  🕐 Periods: 24  🔌 Links: 84

⚡ Running pass-2 market clearing optimization...
   🧩 Period-decomposition: 24 independent single-period clears (solver=highs)
      · 12/24 periods (96.3s, last=optimal)
      · 24/24 periods (206.1s, last=optimal, 1 non-optimal)
   ⚓ Pass 2 accepted (status=time_limit, solve=205.8s; pass 1 was 132.9s)

============================================================
📊 MULTI-ZONE CLEARING RESULTS
============================================================
   Status: time_limit
   Solve time: 205.85s (total: 345.64s)
   Objective value: 2.064338419787e10

💰 Zonal Clearing Prices (avg):
   AT: avg=€86.09/MWh (min=72.88, max=88.15)
   BE: avg=€76.84/MWh (min=50.02, max=94.2)
   BG: avg=€114.78/MWh (min=83.74, max=178.66)
   CZ: avg=€101.15/MWh (min=93.4, max=104.65)
   DE_LU: avg=€90.6/MWh (min=63.0, max=104.65)
   DK1: avg=€87.16/MWh (min=63.0, max=104.65)
   DK2: avg=€86.88/MWh (min=63.0, max=104.65)
   EE: avg=€50.03/MWh (min=5.0, max=86.87)
   ES: avg=€46.52/MWh (min=5.0, max=154.26)
   FI: avg=€10.4/MWh (min=5.0, max=24.0)
   FR: avg=€39.48/MWh (min=5.0, max=84.69)
   GR: avg=€112.22/MWh (min=83.74, max=178.66)
   HU: avg=€80.56/MWh (min=48.48, max=90.18)
   LT: avg=€53.99/MWh (min=9.5, max=86.87)
   LV: avg=€50.73/MWh (min=5.0, max=86.87)
   NL: avg=€79.37/MWh (min=48.15, max=88.15)
   NO1: avg=€82.8/MWh (min=55.58, max=94.2)
   NO2: avg=€83.26/MWh (min=60.61, max=88.15)
   NO3: avg=€74.52/MWh (min=50.02, max=84.78)
   NO4: avg=€26.67/MWh (min=18.51, max=33.94)
   NO5: avg=€74.52/MWh (min=50.02, max=84.78)
   PL: avg=€96.4/MWh (min=93.4, max=104.65)
   PT: avg=€60.6/MWh (min=5.0, max=154.26)
   RO: avg=€114.78/MWh (min=83.74, max=178.66)
   RS: avg=€114.07/MWh (min=83.74, max=178.66)
   SE1: avg=€28.71/MWh (min=20.18, max=37.0)
   SE2: avg=€28.62/MWh (min=20.18, max=37.0)
   SE3: avg=€82.53/MWh (min=63.0, max=95.97)
   SE4: avg=€58.11/MWh (min=42.62, max=86.87)
   SI: avg=€53.97/MWh (min=9.5, max=87.41)
   SK: avg=€76.82/MWh (min=50.02, max=94.2)
   IT-NORTH: avg=€110.03/MWh (min=100.49, max=177.51)
   IT-CNORTH: avg=€110.03/MWh (min=100.49, max=177.51)
   IT-CSOUTH: avg=€110.03/MWh (min=100.49, max=177.51)
   IT-SOUTH: avg=€73.54/MWh (min=1.0, max=148.75)
   IT-Calabria: avg=€73.54/MWh (min=1.0, max=148.75)
   IT-Sicily: avg=€96.3/MWh (min=1.0, max=256.48)
   IT-Sardinia: avg=€63.13/MWh (min=1.0, max=124.62)
   CH: avg=€90.6/MWh (min=63.0, max=104.65)

🔌 Cross-Border Flows (avg):
   DE_LU_to_NL: avg=-73.0MW (min=-289.8, max=-0.1)
   RO_to_RS: avg=51.7MW (min=-584.0, max=1136.0)
   CH_to_DE_LU: avg=109.4MW (min=-860.0, max=3709.8)
   IT-Sicily_to_IT-Calabria: avg=-410.1MW (min=-1123.0, max=820.0)
   EE_to_LV: avg=-25.0MW (min=-318.8, max=216.0)
   DK2_to_SE4: avg=-12.9MW (min=-116.7, max=-0.0)
   RS_to_HU: avg=-158.8MW (min=-219.0, max=-2.8)
   IT-CSOUTH_to_IT-CNORTH: avg=116.4MW (min=-4276.0, max=4409.9)
   FR_to_ES: avg=-695.0MW (min=-2200.0, max=451.8)
   RS_to_BG: avg=-169.6MW (min=-417.0, max=496.0)
   DK1_to_DE_LU: avg=37.5MW (min=-1232.6, max=686.3)
   ES_to_PT: avg=234.9MW (min=-3055.8, max=2535.5)
   EE_to_FI: avg=-111.2MW (min=-193.2, max=-70.1)
   CZ_to_DE_LU: avg=235.5MW (min=-265.4, max=1909.6)
   PT_to_ES: avg=-319.2MW (min=-2989.9, max=2950.8)
   LT_to_SE4: avg=-22.7MW (min=-344.4, max=342.6)
   DK1_to_NL: avg=-277.4MW (min=-699.8, max=55.5)
   BG_to_GR: avg=147.9MW (min=-731.8, max=1190.0)
   CH_to_IT-NORTH: avg=2154.7MW (min=1200.4, max=2823.0)
   IT-CSOUTH_to_IT-Sardinia: avg=-35.1MW (min=-129.0, max=-0.0)
   LT_to_PL: avg=31.6MW (min=14.6, max=175.3)
   PL_to_SE4: avg=-61.0MW (min=-141.4, max=-46.2)
   FR_to_DE_LU: avg=1.9MW (min=-0.0, max=24.4)
   LT_to_LV: avg=-414.0MW (min=-725.0, max=133.3)
   BG_to_RO: avg=-609.1MW (min=-2316.0, max=1674.0)
   FI_to_EE: avg=103.1MW (min=9.5, max=193.2)
   NL_to_DE_LU: avg=73.0MW (min=0.1, max=289.8)
   DK1_to_SE3: avg=8.7MW (min=-0.3, max=199.9)
   RO_to_BG: avg=-725.0MW (min=-1829.0, max=2131.3)
   IT-Sardinia_to_IT-CSOUTH: avg=-168.8MW (min=-597.3, max=94.8)
   DE_LU_to_DK2: avg=-81.1MW (min=-280.5, max=299.8)
   IT-SOUTH_to_IT-CSOUTH: avg=-132.4MW (min=-2941.5, max=1702.8)
   IT-CNORTH_to_IT-CSOUTH: avg=-1271.9MW (min=-4977.3, max=4434.6)
   AT_to_IT-NORTH: avg=33.8MW (min=15.1, max=46.1)
   GR_to_BG: avg=126.1MW (min=-1344.5, max=1526.2)
   AT_to_CH: avg=9.1MW (min=-999.5, max=921.8)
   BG_to_RS: avg=4.9MW (min=-496.0, max=385.0)
   FR_to_IT-NORTH: avg=210.0MW (min=143.6, max=275.3)
   CH_to_AT: avg=-69.0MW (min=-921.8, max=1066.0)
   HU_to_RS: avg=162.7MW (min=-41.4, max=219.0)
   CZ_to_PL: avg=-259.7MW (min=-1025.3, max=79.4)
   SE3_to_DK1: avg=-8.7MW (min=-199.9, max=0.3)
   DE_LU_to_CH: avg=-2046.6MW (min=-4168.0, max=860.0)
   HU_to_SI: avg=-81.4MW (min=-313.7, max=57.8)
   IT-NORTH_to_IT-CNORTH: avg=-473.4MW (min=-4560.2, max=4367.5)
   NL_to_NO2: avg=189.7MW (min=-144.5, max=337.8)
   PL_to_CZ: avg=179.8MW (min=-79.4, max=1025.3)
   DK1_to_DK2: avg=-65.3MW (min=-294.7, max=133.2)
   DK2_to_DE_LU: avg=-34.4MW (min=-300.0, max=238.1)
   DE_LU_to_NO2: avg=-170.2MW (min=-438.8, max=-91.5)
   IT-Calabria_to_IT-Sicily: avg=153.5MW (min=-279.0, max=979.1)
   IT-CNORTH_to_IT-NORTH: avg=-612.0MW (min=-4156.5, max=3995.3)
   SE4_to_LT: avg=-183.8MW (min=-342.6, max=283.9)
   NL_to_DK1: avg=282.4MW (min=-28.1, max=699.8)
   IT-NORTH_to_FR: avg=-210.0MW (min=-275.3, max=-143.6)
   IT-SOUTH_to_IT-Calabria: avg=-161.4MW (min=-2750.9, max=1370.6)
   SE1_to_SE2: avg=-451.9MW (min=-701.5, max=7.6)
   ES_to_FR: avg=518.9MW (min=-564.6, max=2200.0)
   DK2_to_DK1: avg=22.3MW (min=-200.0, max=294.7)
   SE4_to_DK2: avg=12.9MW (min=-0.0, max=116.7)
   IT-NORTH_to_SI: avg=-44.8MW (min=-60.3, max=-14.6)
   SE2_to_SE1: avg=45.2MW (min=-7.6, max=406.1)
   PL_to_LT: avg=-31.6MW (min=-175.3, max=-14.6)
   SI_to_HU: avg=27.5MW (min=-224.5, max=317.3)
   RS_to_RO: avg=-358.6MW (min=-1136.0, max=571.0)
   NO2_to_DE_LU: avg=157.9MW (min=-129.5, max=438.8)
   SI_to_IT-NORTH: avg=44.8MW (min=14.6, max=60.3)
   SE4_to_PL: avg=61.0MW (min=46.2, max=141.4)
   DE_LU_to_PL: avg=-157.4MW (min=-954.4, max=83.8)
   DE_LU_to_DK1: avg=-274.8MW (min=-1035.7, max=1146.5)
   DE_LU_to_CZ: avg=-221.4MW (min=-2246.1, max=265.4)
   IT-CSOUTH_to_IT-SOUTH: avg=-1638.5MW (min=-4093.1, max=-0.0)
   NO2_to_NL: avg=-247.8MW (min=-337.8, max=-0.8)
   LV_to_LT: avg=29.1MW (min=-390.3, max=644.1)
   IT-NORTH_to_AT: avg=-33.8MW (min=-46.1, max=-15.1)
   IT-NORTH_to_CH: avg=-2215.4MW (min=-2823.0, max=-1679.0)
   DE_LU_to_FR: avg=-1.9MW (min=-24.4, max=-0.0)
   PL_to_DE_LU: avg=111.0MW (min=-83.8, max=572.9)
   LV_to_EE: avg=-137.6MW (min=-249.7, max=40.1)
   IT-Calabria_to_IT-SOUTH: avg=-136.1MW (min=-1401.2, max=2255.2)

============================================================
   🔮 Ex-ante flow mode: v3 (scoped default)
   🧩 Period-decomposition ENABLED (per-period independent clears; policy: canonical on the EU path)
============================================================
🌍 MULTI-ZONE MARKET CLEARING WITH TRANSMISSION FLOWS
   Date: 2025-07-08
============================================================

📋 Target zones: AT, BE, BG, CZ, DE_LU, DK1, DK2, EE, ES, FI, FR, GR, HU, LT, LV, NL, NO1, NO2, NO3, NO4, NO5, PL, PT, RO, RS, SE1, SE2, SE3, SE4, SI, SK, IT-NORTH, IT-CNORTH, IT-CSOUTH, IT-SOUTH, IT-Calabria, IT-Sicily, IT-Sardinia, CH
   📋 Order method: merit_order

📊 Creating multi-zone order book...
🌍 Creating multi-zone order book (merit-order method) for 39 zones
   🔌 Fetching transfer capacities between zones...
📊 Fetching ENTSO-E transfer capacity (enriched: explicit=true, remap=IT→IT-NORTH) for 2025-07-08...
✅ Enriched transfer capacity: 3456 implicit rows, +1104 explicit-only rows, 192 aggregate endpoints remapped, -1200 stale flow-based border-hours dropped, 2016 in-footprint border-hours
✅ Created transfer capacity structure:
   🌍 Bidding zones: 33 (AT, BG, CH, CZ, DE_LU, DK1, DK2, EE, ES, FI, FR, GR, HU, IT-CNORTH, IT-CSOUTH, IT-Calabria, IT-NORTH, IT-SOUTH, IT-Sardinia, IT-Sicily, LT, LV, NL, NO2, PL, PT, RO, RS, SE1, SE2, SE3, SE4, SI)
   🕐 Time periods: 24
   ➡️  Forward capacities: 2016 entries
   ↔️  Bidirectional links: 1830
   ➡️  Unidirectional links: 186
   🚫 Shadowed aggregate codes excluded from observed imports: DE_50HzT, DE_Amprion, DE_TenneT_GER, DE_TransnetBW, DK, IT
   📊 Processing zone AT...
      ℹ️  No usable ATC link to BE, BG, CZ, DE_LU, DK1, DK2, EE, ES, FI, FR, GR, HU, IT-CNORTH, IT-CSOUTH, IT-Calabria, IT-SOUTH, IT-Sardinia, IT-Sicily, LT, LV, NL, NO1, NO2, NO3, NO4, NO5, PL, PT, RO, RS, SE1, SE2, SE3, SE4, SI, SK — keeping observed net imports for those borders
📊 Creating merit-order order book for AT on 2025-07-08
  ➕ Fleet completion: +168 MW Biomass (recent p95 168 MW vs 0 MW unit-level)
  ➕ Fleet completion: +820 MW Hydro Water Reservoir (recent p95 955 MW vs 135 MW unit-level)
  ➕ Fleet completion: +4209 MW Hydro Run-of-river and pondage (recent p95 4209 MW vs 0 MW unit-level)
  📊 Resolution analysis:
     - Loads & Renewables: PT15M (15 minutes)
     - Loads & Renewables: PT15M (15 minutes)
     → Using finest resolution: 15 minutes
  🕐 Aggregated 15-min data to hourly (24 slots)
  🛟 Import backstop: peak 2710 MW @ €158.7/MWh (24 hours, 8-week window)
  💧 Hydro: offer scale 0.9, dryness 0.1 (reservoir levels) [reservoir-opportunity]
  🔗 Merged 1488 orders into 456 price-distinct blocks
  ✅ Merit-order book: 1440 supply / 48 demand orders
     ⚖️  Supply/Demand ratio: 2.13  (gas SRMC €88.1/MWh)
   📊 Processing zone BE...
      ℹ️  No usable ATC link to AT, BG, CH, CZ, DE_LU, DK1, DK2, EE, ES, FI, FR, GR, HU, IT-CNORTH, IT-CSOUTH, IT-Calabria, IT-NORTH, IT-SOUTH, IT-Sardinia, IT-Sicily, LT, LV, NL, NO1, NO2, NO3, NO4, NO5, PL, PT, RO, RS, SE1, SE2, SE3, SE4, SI, SK — keeping observed net imports for those borders
📊 Creating merit-order order book for BE on 2025-07-08
  ➕ Fleet completion: +438 MW Biomass (recent p95 438 MW vs 0 MW unit-level)
  ➕ Fleet completion: +257 MW Waste (recent p95 257 MW vs 0 MW unit-level)
      ✅ Added 1440 supply + 48 demand orders
  ➕ Fleet completion: +128 MW Fossil Gas (recent p95 3189 MW vs 3061 MW unit-level)
  ➕ Fleet completion: +1008 MW Nuclear (recent p95 2415 MW vs 1407 MW unit-level)
  📊 Resolution analysis:
     - Loads: PT15M (15 minutes)
     - Renewables: PT60M (60 minutes)
     → Using finest resolution: 15 minutes
  📊 Disaggregating renewables from 60min to 15min resolution
  🕐 Aggregated 15-min data to hourly (24 slots)
  🛟 Import backstop: peak 1729 MW @ €158.7/MWh (24 hours, 8-week window)
  💧 Hydro: offer scale 0.75, dryness 0.07 (output-based fallback)
  🔗 Merged 3672 orders into 792 price-distinct blocks
  ✅ Merit-order book: 3624 supply / 48 demand orders
     ⚖️  Supply/Demand ratio: 1.55  (gas SRMC €88.1/MWh)
   📊 Processing zone BG...
      ℹ️  No usable ATC link to AT, BE, CH, CZ, DE_LU, DK1, DK2, EE, ES, FI, FR, HU, IT-CNORTH, IT-CSOUTH, IT-Calabria, IT-NORTH, IT-SOUTH, IT-Sardinia, IT-Sicily, LT, LV, NL, NO1, NO2, NO3, NO4, NO5, PL, PT, SE1, SE2, SE3, SE4, SI, SK — keeping observed net imports for those borders
📊 Creating merit-order order book for BG on 2025-07-08
      ✅ Added 3624 supply + 48 demand orders
  ➕ Fleet completion: +430 MW Hydro Water Reservoir (recent p95 670 MW vs 240 MW unit-level)
  ➕ Fleet completion: +266 MW Hydro Run-of-river and pondage (recent p95 266 MW vs 0 MW unit-level)
  ➖ Fleet-truthing derate: Fossil Brown coal/Lignite ×0.38 (fleet 2455 MW vs recent p95 815 MW)
  📊 Resolution analysis:
     - Loads & Renewables: PT60M (60 minutes)
     - Loads & Renewables: PT60M (60 minutes)
     → Using finest resolution: 60 minutes
  💧 Hydro: offer scale 0.94, dryness 0.15 (reservoir levels)
  🔗 Merged 2304 orders into 720 price-distinct blocks
  ✅ Merit-order book: 2243 supply / 61 demand orders
     ⚖️  Supply/Demand ratio: 1.46  (gas SRMC €88.1/MWh)
   📊 Processing zone CZ...
      ℹ️  No usable ATC link to AT, BE, BG, CH, DK1, DK2, EE, ES, FI, FR, GR, HU, IT-CNORTH, IT-CSOUTH, IT-Calabria, IT-NORTH, IT-SOUTH, IT-Sardinia, IT-Sicily, LT, LV, NL, NO1, NO2, NO3, NO4, NO5, PT, RO, RS, SE1, SE2, SE3, SE4, SI, SK — keeping observed net imports for those borders
📊 Creating merit-order order book for CZ on 2025-07-08
      ✅ Added 2243 supply + 61 demand orders
  ➕ Fleet completion: +359 MW Biomass (recent p95 359 MW vs 0 MW unit-level)
  ➕ Fleet completion: +325 MW Hydro Pumped Storage (installed 1130 MW vs 805 MW unit-level)
  ➕ Fleet completion: +237 MW Hydro Water Reservoir (recent p95 381 MW vs 144 MW unit-level)
  ➕ Fleet completion: +122 MW Hydro Run-of-river and pondage (recent p95 122 MW vs 0 MW unit-level)
  ➕ Fleet completion: +197 MW Fossil Gas (installed 1229 MW vs 1032 MW unit-level)
  ➕ Fleet completion: +1533 MW Fossil Brown coal/Lignite (installed 5663 MW vs 4130 MW unit-level)
  ➕ Fleet completion: +270 MW Other renewable (recent p95 270 MW vs 0 MW unit-level)
  ➕ Fleet completion: +1085 MW Nuclear (installed 4290 MW vs 3205 MW unit-level)
  📊 Resolution analysis:
     - Loads & Renewables: PT15M (15 minutes)
     - Loads & Renewables: PT15M (15 minutes)
     → Using finest resolution: 15 minutes
  🕐 Aggregated 15-min data to hourly (24 slots)
  💧 Hydro: offer scale 0.53, dryness 0.08 (output-based fallback)
  🔗 Merged 3812 orders into 761 price-distinct blocks
  ✅ Merit-order book: 3764 supply / 48 demand orders
     ⚖️  Supply/Demand ratio: 1.96  (gas SRMC €88.1/MWh)
   📊 Processing zone DE_LU...
      ℹ️  No usable ATC link to AT, BE, BG, EE, ES, FI, GR, HU, IT-CNORTH, IT-CSOUTH, IT-Calabria, IT-NORTH, IT-SOUTH, IT-Sardinia, IT-Sicily, LT, LV, NO1, NO3, NO4, NO5, PT, RO, RS, SE1, SE2, SE3, SE4, SI, SK — keeping observed net imports for those borders
📊 Creating merit-order order book for DE_LU on 2025-07-08
      ✅ Added 3764 supply + 48 demand orders
  ➕ Fleet completion: +4530 MW Biomass (recent p95 4530 MW vs 0 MW unit-level)
  ➕ Fleet completion: +1782 MW Hydro Pumped Storage (installed 7495 MW vs 5713 MW unit-level)
  ➕ Fleet completion: +142 MW Hydro Water Reservoir (recent p95 642 MW vs 500 MW unit-level)
  ➕ Fleet completion: +147 MW Other (recent p95 147 MW vs 0 MW unit-level)
  ➕ Fleet completion: +669 MW Waste (recent p95 778 MW vs 109 MW unit-level)
  ➕ Fleet completion: +1439 MW Hydro Run-of-river and pondage (recent p95 1903 MW vs 464 MW unit-level)
  ➕ Fleet completion: +5950 MW Fossil Gas (installed 19529 MW vs 13579 MW unit-level)
  ➕ Fleet completion: +13184 MW Fossil Hard coal (installed 20831 MW vs 7647 MW unit-level)
  ➕ Fleet completion: +8168 MW Fossil Brown coal/Lignite (installed 19572 MW vs 11404 MW unit-level)
  ➕ Fleet completion: +772 MW Fossil Oil (installed 1142 MW vs 370 MW unit-level)
  ➕ Fleet completion: +474 MW Fossil Coal-derived gas (installed 1245 MW vs 771 MW unit-level)
  📊 Resolution analysis:
     - Loads & Renewables: PT15M (15 minutes)
     - Loads & Renewables: PT15M (15 minutes)
     → Using finest resolution: 15 minutes
  🕐 Aggregated 15-min data to hourly (24 slots)
  💧 Hydro: offer scale 0.7, dryness 0.02 (output-based fallback)
  🔗 Merged 13704 orders into 1103 price-distinct blocks
  ✅ Merit-order book: 13656 supply / 48 demand orders
     ⚖️  Supply/Demand ratio: 1.84  (gas SRMC €88.1/MWh)
   📊 Processing zone DK1...
      ℹ️  No usable ATC link to AT, BE, BG, CH, CZ, EE, ES, FI, FR, GR, HU, IT-CNORTH, IT-CSOUTH, IT-Calabria, IT-NORTH, IT-SOUTH, IT-Sardinia, IT-Sicily, LT, LV, NO1, NO2, NO3, NO4, NO5, PL, PT, RO, RS, SE1, SE2, SE4, SI, SK — keeping observed net imports for those borders
📊 Creating merit-order order book for DK1 on 2025-07-08
  ➖ Fleet-truthing derate: Fossil Hard coal ×0.0 (fleet 1486 MW vs recent p95 0 MW)
      ✅ Added 13656 supply + 48 demand orders
  📊 Resolution analysis:
     - Loads: PT60M (60 minutes)
     - Renewables: PT15M (15 minutes)
     → Using finest resolution: 15 minutes
  📊 Disaggregating loads from 60min to 15min resolution
  🕐 Aggregated 15-min data to hourly (24 slots)
  🛟 Import backstop: peak 2939 MW @ €158.7/MWh (24 hours, 8-week window)
  🌐 Boundary book (GB): 120 orders over 24 slots
  🔗 Merged 528 orders into 504 price-distinct blocks
  ✅ Merit-order book: 432 supply / 96 demand orders
     ⚖️  Supply/Demand ratio: 1.57  (gas SRMC €88.1/MWh)
   📊 Processing zone DK2...
      ℹ️  No usable ATC link to AT, BE, BG, CH, CZ, EE, ES, FI, FR, GR, HU, IT-CNORTH, IT-CSOUTH, IT-Calabria, IT-NORTH, IT-SOUTH, IT-Sardinia, IT-Sicily, LT, LV, NL, NO1, NO2, NO3, NO4, NO5, PL, PT, RO, RS, SE1, SE2, SE3, SI, SK — keeping observed net imports for those borders
📊 Creating merit-order order book for DK2 on 2025-07-08
      ✅ Added 432 supply + 96 demand orders
  ➕ Fleet completion: +108 MW Waste (recent p95 108 MW vs 0 MW unit-level)
  ➖ Fleet-truthing derate: Fossil Hard coal ×0.06 (fleet 1037 MW vs recent p95 57 MW)
  📊 Resolution analysis:
     - Loads: PT60M (60 minutes)
     - Renewables: PT15M (15 minutes)
     → Using finest resolution: 15 minutes
  📊 Disaggregating loads from 60min to 15min resolution
  🕐 Aggregated 15-min data to hourly (24 slots)
  🛟 Import backstop: peak 818 MW @ €158.7/MWh (24 hours, 8-week window)
  🔗 Merged 1104 orders into 575 price-distinct blocks
  ✅ Merit-order book: 1056 supply / 48 demand orders
     ⚖️  Supply/Demand ratio: 1.97  (gas SRMC €88.1/MWh)
   📊 Processing zone EE...
      ℹ️  No usable ATC link to AT, BE, BG, CH, CZ, DE_LU, DK1, DK2, ES, FR, GR, HU, IT-CNORTH, IT-CSOUTH, IT-Calabria, IT-NORTH, IT-SOUTH, IT-Sardinia, IT-Sicily, LT, NL, NO1, NO2, NO3, NO4, NO5, PL, PT, RO, RS, SE1, SE2, SE3, SE4, SI, SK — keeping observed net imports for those borders
📊 Creating merit-order order book for EE on 2025-07-08
      ✅ Added 1056 supply + 48 demand orders
  ➕ Fleet completion: +443 MW Fossil Oil shale (installed 1330 MW vs 887 MW unit-level)
  📊 Resolution analysis:
     - Loads & Renewables: PT60M (60 minutes)
     - Loads & Renewables: PT60M (60 minutes)
     → Using finest resolution: 60 minutes
  🔗 Merged 888 orders into 216 price-distinct blocks
  ✅ Merit-order book: 840 supply / 48 demand orders
     ⚖️  Supply/Demand ratio: 2.01  (gas SRMC €88.1/MWh)
   📊 Processing zone ES...
      ℹ️  No usable ATC link to AT, BE, BG, CH, CZ, DE_LU, DK1, DK2, EE, FI, GR, HU, IT-CNORTH, IT-CSOUTH, IT-Calabria, IT-NORTH, IT-SOUTH, IT-Sardinia, IT-Sicily, LT, LV, NL, NO1, NO2, NO3, NO4, NO5, PL, RO, RS, SE1, SE2, SE3, SE4, SI, SK — keeping observed net imports for those borders
📊 Creating merit-order order book for ES on 2025-07-08
      ✅ Added 840 supply + 48 demand orders
  ➕ Fleet completion: +496 MW Biomass (recent p95 496 MW vs 0 MW unit-level)
  ➕ Fleet completion: +133 MW Hydro Water Reservoir (recent p95 4176 MW vs 4043 MW unit-level)
  ➕ Fleet completion: +248 MW Waste (recent p95 248 MW vs 0 MW unit-level)
  ➕ Fleet completion: +1160 MW Hydro Run-of-river and pondage (recent p95 1160 MW vs 0 MW unit-level)
  ➖ Fleet-truthing derate: Fossil Hard coal ×0.44 (fleet 916 MW vs recent p95 352 MW)
  📊 Resolution analysis:
     - Loads & Renewables: PT15M (15 minutes)
     - Loads & Renewables: PT15M (15 minutes)
     → Using finest resolution: 15 minutes
  🕐 Aggregated 15-min data to hourly (24 slots)
  💧 Hydro: offer scale 0.87, dryness 0.0 (reservoir levels)
  🔗 Merged 11136 orders into 815 price-distinct blocks
  ✅ Merit-order book: 11088 supply / 48 demand orders
     ⚖️  Supply/Demand ratio: 1.75  (gas SRMC €88.1/MWh)
   📊 Processing zone FI...
      ℹ️  No usable ATC link to AT, BE, BG, CH, CZ, DE_LU, DK1, DK2, ES, FR, GR, HU, IT-CNORTH, IT-CSOUTH, IT-Calabria, IT-NORTH, IT-SOUTH, IT-Sardinia, IT-Sicily, LT, LV, NL, NO1, NO2, NO3, NO4, NO5, PL, PT, RO, RS, SE1, SE2, SE3, SE4, SI, SK — keeping observed net imports for those borders
📊 Creating merit-order order book for FI on 2025-07-08
      ✅ Added 11088 supply + 48 demand orders
  ➕ Fleet completion: +232 MW Biomass (recent p95 867 MW vs 635 MW unit-level)
  ➕ Fleet completion: +2118 MW Hydro Run-of-river and pondage (recent p95 2118 MW vs 0 MW unit-level)
  ➕ Fleet completion: +178 MW Nuclear (recent p95 4154 MW vs 3977 MW unit-level)
  ➖ Fleet-truthing derate: Fossil Hard coal ×0.0 (fleet 1878 MW vs recent p95 2 MW)
  ➖ Fleet-truthing derate: Fossil Peat ×0.06 (fleet 820 MW vs recent p95 44 MW)
  📊 Resolution analysis:
     - Loads & Renewables: PT15M (15 minutes)
     - Loads & Renewables: PT15M (15 minutes)
     → Using finest resolution: 15 minutes
  🕐 Aggregated 15-min data to hourly (24 slots)
  💧 Hydro: offer scale 0.92, dryness 0.08 (reservoir levels) [reservoir-opportunity]
  🔗 Merged 4680 orders into 1008 price-distinct blocks
  ✅ Merit-order book: 4632 supply / 48 demand orders
     ⚖️  Supply/Demand ratio: 1.45  (gas SRMC €88.1/MWh)
   📊 Processing zone FR...
      ℹ️  No usable ATC link to AT, BE, BG, CZ, DK1, DK2, EE, FI, GR, HU, IT-CNORTH, IT-CSOUTH, IT-Calabria, IT-SOUTH, IT-Sardinia, IT-Sicily, LT, LV, NL, NO1, NO2, NO3, NO4, NO5, PL, PT, RO, RS, SE1, SE2, SE3, SE4, SI, SK — keeping observed net imports for those borders
📊 Creating merit-order order book for FR on 2025-07-08
      ✅ Added 4632 supply + 48 demand orders
  ➕ Fleet completion: +237 MW Biomass (recent p95 387 MW vs 150 MW unit-level)
  ➕ Fleet completion: +1228 MW Hydro Water Reservoir (recent p95 2459 MW vs 1231 MW unit-level)
  ➕ Fleet completion: +393 MW Waste (recent p95 393 MW vs 0 MW unit-level)
  ➕ Fleet completion: +3566 MW Hydro Run-of-river and pondage (recent p95 5543 MW vs 1976 MW unit-level)
  ➖ Fleet-truthing derate: Nuclear ×0.99 (fleet 47540 MW vs recent p95 40887 MW)
  📊 Resolution analysis:
     - Loads: PT15M (15 minutes)
     - Renewables: PT60M (60 minutes)
     → Using finest resolution: 15 minutes
  📊 Disaggregating renewables from 60min to 15min resolution
  🕐 Aggregated 15-min data to hourly (24 slots)
  🛟 Import backstop: peak 2593 MW @ €158.7/MWh (24 hours, 8-week window)
  💧 Hydro: offer scale 0.86, dryness 0.02 (reservoir levels)
  🌐 Boundary book (GB): 120 orders over 24 slots
  🔗 Merged 16540 orders into 1056 price-distinct blocks
  ✅ Merit-order book: 16444 supply / 96 demand orders
     ⚖️  Supply/Demand ratio: 1.8  (gas SRMC €88.1/MWh)
   📊 Processing zone GR...
      ℹ️  No usable ATC link to AT, BE, CH, CZ, DE_LU, DK1, DK2, EE, ES, FI, FR, HU, IT-CNORTH, IT-CSOUTH, IT-Calabria, IT-NORTH, IT-SOUTH, IT-Sardinia, IT-Sicily, LT, LV, NL, NO1, NO2, NO3, NO4, NO5, PL, PT, RO, RS, SE1, SE2, SE3, SE4, SI, SK — keeping observed net imports for those borders
📊 Creating merit-order order book for GR on 2025-07-08
      ✅ Added 16444 supply + 96 demand orders
  ➖ Fleet-truthing derate: Fossil Brown coal/Lignite ×0.58 (fleet 1182 MW vs recent p95 598 MW)
  📊 Resolution analysis:
     - Loads & Renewables: PT60M (60 minutes)
     - Loads & Renewables: PT60M (60 minutes)
     → Using finest resolution: 60 minutes
  💧 Hydro: offer scale 0.61, dryness 0.16 (reservoir levels)
  🔗 Merged 2832 orders into 432 price-distinct blocks
  ✅ Merit-order book: 2768 supply / 64 demand orders
     ⚖️  Supply/Demand ratio: 1.55  (gas SRMC €88.1/MWh)
   📊 Processing zone HU...
      ℹ️  No usable ATC link to AT, BE, BG, CH, CZ, DE_LU, DK1, DK2, EE, ES, FI, FR, GR, IT-CNORTH, IT-CSOUTH, IT-Calabria, IT-NORTH, IT-SOUTH, IT-Sardinia, IT-Sicily, LT, LV, NL, NO1, NO2, NO3, NO4, NO5, PL, PT, RO, SE1, SE2, SE3, SE4, SK — keeping observed net imports for those borders
📊 Creating merit-order order book for HU on 2025-07-08
      ✅ Added 2768 supply + 64 demand orders
  ➖ Fleet-truthing derate: Fossil Brown coal/Lignite ×0.47 (fleet 446 MW vs recent p95 181 MW)
  📊 Resolution analysis:
     - Loads & Renewables: PT15M (15 minutes)
     - Loads & Renewables: PT15M (15 minutes)
     → Using finest resolution: 15 minutes
  🕐 Aggregated 15-min data to hourly (24 slots)
  🛟 Import backstop: peak 1461 MW @ €158.7/MWh (24 hours, 8-week window)
  🌐 Boundary book (UA): 124 orders over 24 slots
  🔗 Merged 7828 orders into 1179 price-distinct blocks
  ✅ Merit-order book: 7728 supply / 100 demand orders
     ⚖️  Supply/Demand ratio: 1.52  (gas SRMC €88.1/MWh)
   📊 Processing zone LT...
      ℹ️  No usable ATC link to AT, BE, BG, CH, CZ, DE_LU, DK1, DK2, EE, ES, FI, FR, GR, HU, IT-CNORTH, IT-CSOUTH, IT-Calabria, IT-NORTH, IT-SOUTH, IT-Sardinia, IT-Sicily, NL, NO1, NO2, NO3, NO4, NO5, PT, RO, RS, SE1, SE2, SE3, SI, SK — keeping observed net imports for those borders
📊 Creating merit-order order book for LT on 2025-07-08
      ✅ Added 7728 supply + 100 demand orders
  📊 Resolution analysis:
     - Loads & Renewables: PT15M (15 minutes)
     - Loads & Renewables: PT15M (15 minutes)
     → Using finest resolution: 15 minutes
  🕐 Aggregated 15-min data to hourly (24 slots)
  💧 Hydro: offer scale 0.43, dryness 0.96 (reservoir levels)
  🔗 Merged 744 orders into 240 price-distinct blocks
  ✅ Merit-order book: 696 supply / 48 demand orders
     ⚖️  Supply/Demand ratio: 1.74  (gas SRMC €88.1/MWh)
   📊 Processing zone LV...
      ℹ️  No usable ATC link to AT, BE, BG, CH, CZ, DE_LU, DK1, DK2, ES, FI, FR, GR, HU, IT-CNORTH, IT-CSOUTH, IT-Calabria, IT-NORTH, IT-SOUTH, IT-Sardinia, IT-Sicily, NL, NO1, NO2, NO3, NO4, NO5, PL, PT, RO, RS, SE1, SE2, SE3, SE4, SI, SK — keeping observed net imports for those borders
      ✅ Added 696 supply + 48 demand orders
📊 Creating merit-order order book for LV on 2025-07-08
  ➕ Fleet completion: +566 MW Hydro Run-of-river and pondage (recent p95 666 MW vs 100 MW unit-level)
  📊 Resolution analysis:
     - Loads: PT60M (60 minutes)
     - Renewables: PT15M (15 minutes)
     → Using finest resolution: 15 minutes
  📊 Disaggregating loads from 60min to 15min resolution
  🕐 Aggregated 15-min data to hourly (24 slots)
  💧 Hydro: offer scale 1.0, dryness 0.54 (reservoir levels)
  🔗 Merged 863 orders into 312 price-distinct blocks
  ✅ Merit-order book: 815 supply / 48 demand orders
     ⚖️  Supply/Demand ratio: 2.4  (gas SRMC €88.1/MWh)
   📊 Processing zone NL...
      ℹ️  No usable ATC link to AT, BE, BG, CH, CZ, DK2, EE, ES, FI, FR, GR, HU, IT-CNORTH, IT-CSOUTH, IT-Calabria, IT-NORTH, IT-SOUTH, IT-Sardinia, IT-Sicily, LT, LV, NO1, NO3, NO4, NO5, PL, PT, RO, RS, SE1, SE2, SE3, SE4, SI, SK — keeping observed net imports for those borders
      ✅ Added 815 supply + 48 demand orders
📊 Creating merit-order order book for NL on 2025-07-08
  ➕ Fleet completion: +211 MW Biomass (installed 631 MW vs 420 MW unit-level)
  ➕ Fleet completion: +4158 MW Fossil Gas (installed 14186 MW vs 10028 MW unit-level)
  ➕ Fleet completion: +13015 MW Other (recent p95 13015 MW vs 0 MW unit-level)
  ➕ Fleet completion: +5370 MW Fossil Hard coal (installed 6101 MW vs 731 MW unit-level)
  ➕ Fleet completion: +329 MW Waste (recent p95 329 MW vs 0 MW unit-level)
  📊 Resolution analysis:
     - Loads & Renewables: PT15M (15 minutes)
     - Loads & Renewables: PT15M (15 minutes)
     → Using finest resolution: 15 minutes
  🕐 Aggregated 15-min data to hourly (24 slots)
  🔗 Merged 4896 orders into 840 price-distinct blocks
  ✅ Merit-order book: 4840 supply / 56 demand orders
     ⚖️  Supply/Demand ratio: 3.66  (gas SRMC €88.1/MWh)
   📊 Processing zone NO1...
      ℹ️  No usable ATC link to AT, BE, BG, CH, CZ, DE_LU, DK1, DK2, EE, ES, FI, FR, GR, HU, IT-CNORTH, IT-CSOUTH, IT-Calabria, IT-NORTH, IT-SOUTH, IT-Sardinia, IT-Sicily, LT, LV, NL, NO2, NO3, NO4, NO5, PL, PT, RO, RS, SE1, SE2, SE3, SE4, SI, SK — keeping observed net imports for those borders
📊 Creating merit-order order book for NO1 on 2025-07-08
      ✅ Added 4840 supply + 56 demand orders
  ➕ Fleet completion: +610 MW Hydro Run-of-river and pondage (recent p95 1725 MW vs 1115 MW unit-level)
  📊 Resolution analysis:
     - Loads & Renewables: PT15M (15 minutes)
     - Loads & Renewables: PT15M (15 minutes)
     → Using finest resolution: 15 minutes
  🕐 Aggregated 15-min data to hourly (24 slots)
  🛟 Import backstop: peak 616 MW @ €158.7/MWh (24 hours, 8-week window)
  💧 Hydro: offer scale 0.85, dryness 0.15 (reservoir levels) [reservoir-opportunity]
  🔗 Merged 3792 orders into 216 price-distinct blocks
  ✅ Merit-order book: 3744 supply / 48 demand orders
     ⚖️  Supply/Demand ratio: 1.57  (gas SRMC €88.1/MWh)
   📊 Processing zone NO2...
      ℹ️  No usable ATC link to AT, BE, BG, CH, CZ, DK1, DK2, EE, ES, FI, FR, GR, HU, IT-CNORTH, IT-CSOUTH, IT-Calabria, IT-NORTH, IT-SOUTH, IT-Sardinia, IT-Sicily, LT, LV, NO1, NO3, NO4, NO5, PL, PT, RO, RS, SE1, SE2, SE3, SE4, SI, SK — keeping observed net imports for those borders
📊 Creating merit-order order book for NO2 on 2025-07-08
      ✅ Added 3744 supply + 48 demand orders
  ➕ Fleet completion: +440 MW Hydro Run-of-river and pondage (recent p95 555 MW vs 115 MW unit-level)
  📊 Resolution analysis:
     - Loads & Renewables: PT15M (15 minutes)
     - Loads & Renewables: PT15M (15 minutes)
     → Using finest resolution: 15 minutes
  🕐 Aggregated 15-min data to hourly (24 slots)
  💧 Hydro: offer scale 0.85, dryness 0.15 (reservoir levels) [reservoir-opportunity]
  🔗 Merged 2232 orders into 192 price-distinct blocks
  ✅ Merit-order book: 2184 supply / 48 demand orders
     ⚖️  Supply/Demand ratio: 2.39  (gas SRMC €88.1/MWh)
   📊 Processing zone NO3...
      ℹ️  No usable ATC link to AT, BE, BG, CH, CZ, DE_LU, DK1, DK2, EE, ES, FI, FR, GR, HU, IT-CNORTH, IT-CSOUTH, IT-Calabria, IT-NORTH, IT-SOUTH, IT-Sardinia, IT-Sicily, LT, LV, NL, NO1, NO2, NO4, NO5, PL, PT, RO, RS, SE1, SE2, SE3, SE4, SI, SK — keeping observed net imports for those borders
📊 Creating merit-order order book for NO3 on 2025-07-08
  ➕ Fleet completion: +552 MW Hydro Water Reservoir (recent p95 2137 MW vs 1586 MW unit-level)
      ✅ Added 2184 supply + 48 demand orders
  ➕ Fleet completion: +884 MW Hydro Run-of-river and pondage (recent p95 988 MW vs 104 MW unit-level)
  📊 Resolution analysis:
     - Loads & Renewables: PT15M (15 minutes)
     - Loads & Renewables: PT15M (15 minutes)
     → Using finest resolution: 15 minutes
  🕐 Aggregated 15-min data to hourly (24 slots)
  🛟 Import backstop: peak 1245 MW @ €158.7/MWh (24 hours, 8-week window)
  💧 Hydro: offer scale 1.0, dryness 0.0 (reservoir levels) [reservoir-opportunity]
  🔗 Merged 1224 orders into 216 price-distinct blocks
  ✅ Merit-order book: 1176 supply / 48 demand orders
     ⚖️  Supply/Demand ratio: 1.61  (gas SRMC €88.1/MWh)
   📊 Processing zone NO4...
      ℹ️  No usable ATC link to AT, BE, BG, CH, CZ, DE_LU, DK1, DK2, EE, ES, FI, FR, GR, HU, IT-CNORTH, IT-CSOUTH, IT-Calabria, IT-NORTH, IT-SOUTH, IT-Sardinia, IT-Sicily, LT, LV, NL, NO1, NO2, NO3, NO5, PL, PT, RO, RS, SE1, SE2, SE3, SE4, SI, SK — keeping observed net imports for those borders
📊 Creating merit-order order book for NO4 on 2025-07-08
  ➕ Fleet completion: +357 MW Hydro Run-of-river and pondage (recent p95 357 MW vs 0 MW unit-level)
      ✅ Added 1176 supply + 48 demand orders
  📊 Resolution analysis:
     - Loads & Renewables: PT15M (15 minutes)
     - Loads & Renewables: PT15M (15 minutes)
     → Using finest resolution: 15 minutes
  🕐 Aggregated 15-min data to hourly (24 slots)
  💧 Hydro: offer scale 1.0, dryness 0.0 (reservoir levels) [reservoir-opportunity]
  🔗 Merged 1752 orders into 336 price-distinct blocks
  ✅ Merit-order book: 1704 supply / 48 demand orders
     ⚖️  Supply/Demand ratio: 2.3  (gas SRMC €88.1/MWh)
   📊 Processing zone NO5...
      ℹ️  No usable ATC link to AT, BE, BG, CH, CZ, DE_LU, DK1, DK2, EE, ES, FI, FR, GR, HU, IT-CNORTH, IT-CSOUTH, IT-Calabria, IT-NORTH, IT-SOUTH, IT-Sardinia, IT-Sicily, LT, LV, NL, NO1, NO2, NO3, NO4, PL, PT, RO, RS, SE1, SE2, SE3, SE4, SI, SK — keeping observed net imports for those borders
📊 Creating merit-order order book for NO5 on 2025-07-08
      ✅ Added 1704 supply + 48 demand orders
  ➕ Fleet completion: +557 MW Hydro Run-of-river and pondage (recent p95 557 MW vs 0 MW unit-level)
  📊 Resolution analysis:
     - Loads & Renewables: PT15M (15 minutes)
     - Loads & Renewables: PT15M (15 minutes)
     → Using finest resolution: 15 minutes
  🕐 Aggregated 15-min data to hourly (24 slots)
  💧 Hydro: offer scale 1.0, dryness 0.0 (reservoir levels) [reservoir-opportunity]
  🔗 Merged 1848 orders into 336 price-distinct blocks
  ✅ Merit-order book: 1800 supply / 48 demand orders
     ⚖️  Supply/Demand ratio: 4.07  (gas SRMC €88.1/MWh)
   📊 Processing zone PL...
      ℹ️  No usable ATC link to AT, BE, BG, CH, DK1, DK2, EE, ES, FI, FR, GR, HU, IT-CNORTH, IT-CSOUTH, IT-Calabria, IT-NORTH, IT-SOUTH, IT-Sardinia, IT-Sicily, LV, NL, NO1, NO2, NO3, NO4, NO5, PT, RO, RS, SE1, SE2, SE3, SI, SK — keeping observed net imports for those borders
📊 Creating merit-order order book for PL on 2025-07-08
      ✅ Added 1800 supply + 48 demand orders
  ➕ Fleet completion: +201 MW Biomass (recent p95 409 MW vs 208 MW unit-level)
  ➕ Fleet completion: +674 MW Hydro Pumped Storage (installed 1524 MW vs 850 MW unit-level)
  ➕ Fleet completion: +232 MW Hydro Water Reservoir (recent p95 232 MW vs 0 MW unit-level)
  ➕ Fleet completion: +564 MW Other (recent p95 564 MW vs 0 MW unit-level)
  ➕ Fleet completion: +139 MW Hydro Run-of-river and pondage (recent p95 139 MW vs 0 MW unit-level)
  ➕ Fleet completion: +733 MW Fossil Gas (installed 4034 MW vs 3302 MW unit-level)
  ➕ Fleet completion: +6088 MW Fossil Hard coal (installed 18582 MW vs 12494 MW unit-level)
  ➕ Fleet completion: +3728 MW Fossil Brown coal/Lignite (installed 9116 MW vs 5388 MW unit-level)
  ➕ Fleet completion: +148 MW Fossil Oil (recent p95 148 MW vs 0 MW unit-level)
  ➕ Fleet completion: +190 MW Fossil Coal-derived gas (recent p95 190 MW vs 0 MW unit-level)
  📊 Resolution analysis:
     - Loads & Renewables: PT15M (15 minutes)
     - Loads & Renewables: PT15M (15 minutes)
     → Using finest resolution: 15 minutes
  🕐 Aggregated 15-min data to hourly (24 slots)
  💧 Hydro: offer scale 0.5, dryness 0.0 (output-based fallback)
  🌐 Boundary book (UA): 128 orders over 24 slots
  🔗 Merged 11218 orders into 1135 price-distinct blocks
  ✅ Merit-order book: 11114 supply / 104 demand orders
     ⚖️  Supply/Demand ratio: 2.02  (gas SRMC €88.1/MWh)
   📊 Processing zone PT...
      ℹ️  No usable ATC link to AT, BE, BG, CH, CZ, DE_LU, DK1, DK2, EE, FI, FR, GR, HU, IT-CNORTH, IT-CSOUTH, IT-Calabria, IT-NORTH, IT-SOUTH, IT-Sardinia, IT-Sicily, LT, LV, NL, NO1, NO2, NO3, NO4, NO5, PL, RO, RS, SE1, SE2, SE3, SE4, SI, SK — keeping observed net imports for those borders
📊 Creating merit-order order book for PT on 2025-07-08
      ✅ Added 11114 supply + 104 demand orders
  ➕ Fleet completion: +324 MW Biomass (recent p95 324 MW vs 0 MW unit-level)
  📊 Resolution analysis:
     - Loads & Renewables: PT60M (60 minutes)
     - Loads & Renewables: PT60M (60 minutes)
     → Using finest resolution: 60 minutes
  💧 Hydro: offer scale 0.72, dryness 0.0 (reservoir levels)
  🔗 Merged 4704 orders into 432 price-distinct blocks
  ✅ Merit-order book: 4656 supply / 48 demand orders
     ⚖️  Supply/Demand ratio: 1.71  (gas SRMC €88.1/MWh)
   📊 Processing zone RO...
      ℹ️  No usable ATC link to AT, BE, CH, CZ, DE_LU, DK1, DK2, EE, ES, FI, FR, GR, HU, IT-CNORTH, IT-CSOUTH, IT-Calabria, IT-NORTH, IT-SOUTH, IT-Sardinia, IT-Sicily, LT, LV, NL, NO1, NO2, NO3, NO4, NO5, PL, PT, SE1, SE2, SE3, SE4, SI, SK — keeping observed net imports for those borders
📊 Creating merit-order order book for RO on 2025-07-08
  ➕ Fleet completion: +382 MW Hydro Water Reservoir (recent p95 1099 MW vs 717 MW unit-level)
      ✅ Added 4656 supply + 48 demand orders
  ➕ Fleet completion: +291 MW Hydro Run-of-river and pondage (recent p95 1261 MW vs 970 MW unit-level)
  ➖ Fleet-truthing derate: Fossil Brown coal/Lignite ×0.67 (fleet 1532 MW vs recent p95 894 MW)
  📊 Resolution analysis:
     - Loads & Renewables: PT15M (15 minutes)
     - Loads & Renewables: PT15M (15 minutes)
     → Using finest resolution: 15 minutes
  🕐 Aggregated 15-min data to hourly (24 slots)
  🛟 Import backstop: peak 767 MW @ €158.7/MWh (24 hours, 8-week window)
  💧 Hydro: offer scale 0.91, dryness 0.01 (reservoir levels)
  🌐 Boundary book (UA): 104 orders over 24 slots
  🔗 Merged 2240 orders into 704 price-distinct blocks
  ✅ Merit-order book: 2155 supply / 85 demand orders
     ⚖️  Supply/Demand ratio: 1.3  (gas SRMC €88.1/MWh)
   📊 Processing zone RS...
      ℹ️  No usable ATC link to AT, BE, CH, CZ, DE_LU, DK1, DK2, EE, ES, FI, FR, GR, IT-CNORTH, IT-CSOUTH, IT-Calabria, IT-NORTH, IT-SOUTH, IT-Sardinia, IT-Sicily, LT, LV, NL, NO1, NO2, NO3, NO4, NO5, PL, PT, SE1, SE2, SE3, SE4, SI, SK — keeping observed net imports for those borders
📊 Creating merit-order order book for RS on 2025-07-08
  ➕ Fleet completion: +214 MW Hydro Water Reservoir (recent p95 214 MW vs 0 MW unit-level)
      ✅ Added 2155 supply + 85 demand orders
  ➖ Fleet-truthing derate: Fossil Brown coal/Lignite ×0.94 (fleet 3642 MW vs recent p95 2970 MW)
  📊 Resolution analysis:
     - Loads & Renewables: PT60M (60 minutes)
     - Loads & Renewables: PT60M (60 minutes)
     → Using finest resolution: 60 minutes
  🛟 Import backstop: peak 651 MW @ €158.7/MWh (24 hours, 8-week window)
  💧 Hydro: offer scale 0.86, dryness 0.1 (reservoir levels)
  🔗 Merged 2136 orders into 456 price-distinct blocks
  ✅ Merit-order book: 2069 supply / 67 demand orders
     ⚖️  Supply/Demand ratio: 1.45  (gas SRMC €88.1/MWh)
   📊 Processing zone SE1...
      ℹ️  No usable ATC link to AT, BE, BG, CH, CZ, DE_LU, DK1, DK2, EE, ES, FI, FR, GR, HU, IT-CNORTH, IT-CSOUTH, IT-Calabria, IT-NORTH, IT-SOUTH, IT-Sardinia, IT-Sicily, LT, LV, NL, NO1, NO2, NO3, NO4, NO5, PL, PT, RO, RS, SE3, SE4, SI, SK — keeping observed net imports for those borders
📊 Creating merit-order order book for SE1 on 2025-07-08
      ✅ Added 2069 supply + 67 demand orders
  📊 Resolution analysis:
     - Loads & Renewables: PT60M (60 minutes)
     - Loads & Renewables: PT60M (60 minutes)
     → Using finest resolution: 60 minutes
  💧 Hydro: offer scale 1.0, dryness 0.0 (reservoir levels) [reservoir-opportunity]
  🔗 Merged 600 orders into 96 price-distinct blocks
  ✅ Merit-order book: 552 supply / 48 demand orders
     ⚖️  Supply/Demand ratio: 3.87  (gas SRMC €88.1/MWh)
   📊 Processing zone SE2...
      ℹ️  No usable ATC link to AT, BE, BG, CH, CZ, DE_LU, DK1, DK2, EE, ES, FI, FR, GR, HU, IT-CNORTH, IT-CSOUTH, IT-Calabria, IT-NORTH, IT-SOUTH, IT-Sardinia, IT-Sicily, LT, LV, NL, NO1, NO2, NO3, NO4, NO5, PL, PT, RO, RS, SE3, SE4, SI, SK — keeping observed net imports for those borders
📊 Creating merit-order order book for SE2 on 2025-07-08
  ➕ Fleet completion: +4521 MW Hydro Water Reservoir (recent p95 5220 MW vs 699 MW unit-level)
      ✅ Added 552 supply + 48 demand orders
  📊 Resolution analysis:
     - Loads & Renewables: PT60M (60 minutes)
     - Loads & Renewables: PT60M (60 minutes)
     → Using finest resolution: 60 minutes
  💧 Hydro: offer scale 1.0, dryness 0.0 (reservoir levels) [reservoir-opportunity]
  🔗 Merged 240 orders into 96 price-distinct blocks
  ✅ Merit-order book: 192 supply / 48 demand orders
     ⚖️  Supply/Demand ratio: 4.11  (gas SRMC €88.1/MWh)
   📊 Processing zone SE3...
      ℹ️  No usable ATC link to AT, BE, BG, CH, CZ, DE_LU, DK2, EE, ES, FI, FR, GR, HU, IT-CNORTH, IT-CSOUTH, IT-Calabria, IT-NORTH, IT-SOUTH, IT-Sardinia, IT-Sicily, LT, LV, NL, NO1, NO2, NO3, NO4, NO5, PL, PT, RO, RS, SE1, SE2, SE4, SI, SK — keeping observed net imports for those borders
📊 Creating merit-order order book for SE3 on 2025-07-08
  ➕ Fleet completion: +667 MW Hydro Water Reservoir (recent p95 997 MW vs 330 MW unit-level)
  ➕ Fleet completion: +465 MW Other (recent p95 465 MW vs 0 MW unit-level)
      ✅ Added 192 supply + 48 demand orders
  📊 Resolution analysis:
     - Loads & Renewables: PT60M (60 minutes)
     - Loads & Renewables: PT60M (60 minutes)
     → Using finest resolution: 60 minutes
  🛟 Import backstop: peak 2972 MW @ €158.7/MWh (24 hours, 8-week window)
  💧 Hydro: offer scale 0.93, dryness 0.07 (reservoir levels) [reservoir-opportunity]
  🔗 Merged 1656 orders into 552 price-distinct blocks
  ✅ Merit-order book: 1608 supply / 48 demand orders
     ⚖️  Supply/Demand ratio: 1.97  (gas SRMC €88.1/MWh)
   📊 Processing zone SE4...
      ℹ️  No usable ATC link to AT, BE, BG, CH, CZ, DE_LU, DK1, EE, ES, FI, FR, GR, HU, IT-CNORTH, IT-CSOUTH, IT-Calabria, IT-NORTH, IT-SOUTH, IT-Sardinia, IT-Sicily, LV, NL, NO1, NO2, NO3, NO4, NO5, PT, RO, RS, SE1, SE2, SE3, SI, SK — keeping observed net imports for those borders
📊 Creating merit-order order book for SE4 on 2025-07-08
      ✅ Added 1608 supply + 48 demand orders
  ➕ Fleet completion: +110 MW Other (recent p95 110 MW vs 0 MW unit-level)
  📊 Resolution analysis:
     - Loads & Renewables: PT60M (60 minutes)
     - Loads & Renewables: PT60M (60 minutes)
     → Using finest resolution: 60 minutes
  🔗 Merged 816 orders into 408 price-distinct blocks
  ✅ Merit-order book: 768 supply / 48 demand orders
     ⚖️  Supply/Demand ratio: 2.46  (gas SRMC €88.1/MWh)
   📊 Processing zone SI...
      ℹ️  No usable ATC link to AT, BE, BG, CH, CZ, DE_LU, DK1, DK2, EE, ES, FI, FR, GR, IT-CNORTH, IT-CSOUTH, IT-Calabria, IT-SOUTH, IT-Sardinia, IT-Sicily, LT, LV, NL, NO1, NO2, NO3, NO4, NO5, PL, PT, RO, RS, SE1, SE2, SE3, SE4, SK — keeping observed net imports for those borders
📊 Creating merit-order order book for SI on 2025-07-08
      ✅ Added 768 supply + 48 demand orders
  ➕ Fleet completion: +492 MW Hydro Run-of-river and pondage (recent p95 734 MW vs 242 MW unit-level)
  ➖ Fleet-truthing derate: Fossil Brown coal/Lignite ×0.0 (fleet 978 MW vs recent p95 3 MW)
  📊 Resolution analysis:
     - Loads & Renewables: PT60M (60 minutes)
     - Loads & Renewables: PT60M (60 minutes)
     → Using finest resolution: 60 minutes
  🛟 Import backstop: peak 456 MW @ €158.7/MWh (24 hours, 8-week window)
  💧 Hydro: offer scale 0.98, dryness 0.0 (reservoir levels)
  🔗 Merged 1798 orders into 600 price-distinct blocks
  ✅ Merit-order book: 1750 supply / 48 demand orders
     ⚖️  Supply/Demand ratio: 1.96  (gas SRMC €88.1/MWh)
   📊 Processing zone SK...
      ℹ️  No usable ATC link to AT, BE, BG, CH, CZ, DE_LU, DK1, DK2, EE, ES, FI, FR, GR, HU, IT-CNORTH, IT-CSOUTH, IT-Calabria, IT-NORTH, IT-SOUTH, IT-Sardinia, IT-Sicily, LT, LV, NL, NO1, NO2, NO3, NO4, NO5, PL, PT, RO, RS, SE1, SE2, SE3, SE4, SI — keeping observed net imports for those borders
📊 Creating merit-order order book for SK on 2025-07-08
      ✅ Added 1750 supply + 48 demand orders
  ➕ Fleet completion: +112 MW Biomass (recent p95 112 MW vs 0 MW unit-level)
  ➕ Fleet completion: +166 MW Hydro Water Reservoir (recent p95 166 MW vs 0 MW unit-level)
  ➕ Fleet completion: +474 MW Hydro Run-of-river and pondage (recent p95 474 MW vs 0 MW unit-level)
  ➖ Fleet-truthing derate: Fossil Brown coal/Lignite ×0.0 (fleet 330 MW vs recent p95 0 MW)
  ➖ Fleet-truthing derate: Fossil Hard coal ×0.0 (fleet 220 MW vs recent p95 0 MW)
  📊 Resolution analysis:
     - Loads: PT15M (15 minutes)
     - Renewables: PT60M (60 minutes)
     → Using finest resolution: 15 minutes
  📊 Disaggregating renewables from 60min to 15min resolution
  🕐 Aggregated 15-min data to hourly (24 slots)
  💧 Hydro: offer scale 0.83, dryness 0.0 (output-based fallback)
  🌐 Boundary book (UA): 104 orders over 24 slots
  🔗 Merged 2264 orders into 680 price-distinct blocks
  ✅ Merit-order book: 2148 supply / 116 demand orders
     ⚖️  Supply/Demand ratio: 1.59  (gas SRMC €88.1/MWh)
   📊 Processing zone IT-NORTH...
      ℹ️  No usable ATC link to BE, BG, CZ, DE_LU, DK1, DK2, EE, ES, FI, GR, HU, IT-CSOUTH, IT-Calabria, IT-SOUTH, IT-Sardinia, IT-Sicily, LT, LV, NL, NO1, NO2, NO3, NO4, NO5, PL, PT, RO, RS, SE1, SE2, SE3, SE4, SK — keeping observed net imports for those borders
📊 Creating merit-order order book for IT-NORTH on 2025-07-08
      ✅ Added 2148 supply + 116 demand orders
  ➕ Fleet completion: +210 MW Biomass (recent p95 210 MW vs 0 MW unit-level)
  ➕ Fleet completion: +170 MW Hydro Water Reservoir (recent p95 1255 MW vs 1085 MW unit-level)
  ➕ Fleet completion: +268 MW Other (recent p95 1308 MW vs 1040 MW unit-level)
  ➕ Fleet completion: +2302 MW Hydro Run-of-river and pondage (recent p95 4783 MW vs 2481 MW unit-level)
  ➕ Fleet completion: +651 MW Other renewable (recent p95 651 MW vs 0 MW unit-level)
  ➕ Fleet completion: +253 MW Energy storage (recent p95 647 MW vs 394 MW unit-level)
  📊 Resolution analysis:
     - Loads & Renewables: PT15M (15 minutes)
     - Loads & Renewables: PT15M (15 minutes)
     → Using finest resolution: 15 minutes
  🕐 Aggregated 15-min data to hourly (24 slots)
  💧 Hydro: offer scale 0.69, dryness 0.15 (reservoir levels)
  🇮🇹 cv25 must-run floor @ €0.0: Biomass ×0.72, Fossil Gas ×0.06
  🔗 Merged 7824 orders into 696 price-distinct blocks
  ✅ Merit-order book: 7776 supply / 48 demand orders
     ⚖️  Supply/Demand ratio: 1.59  (gas SRMC €88.1/MWh)
   📊 Processing zone IT-CNORTH...
      ℹ️  No usable ATC link to AT, BE, BG, CH, CZ, DE_LU, DK1, DK2, EE, ES, FI, FR, GR, HU, IT-Calabria, IT-SOUTH, IT-Sardinia, IT-Sicily, LT, LV, NL, NO1, NO2, NO3, NO4, NO5, PL, PT, RO, RS, SE1, SE2, SE3, SE4, SI, SK — keeping observed net imports for those borders
📊 Creating merit-order order book for IT-CNORTH on 2025-07-08
      ✅ Added 7776 supply + 48 demand orders
  ➕ Fleet completion: +485 MW Geothermal (recent p95 599 MW vs 114 MW unit-level)
  📊 Resolution analysis:
     - Loads & Renewables: PT15M (15 minutes)
     - Loads & Renewables: PT15M (15 minutes)
     → Using finest resolution: 15 minutes
  🕐 Aggregated 15-min data to hourly (24 slots)
  🛟 Import backstop: peak 58 MW @ €158.7/MWh (24 hours, 8-week window)
  💧 Hydro: offer scale 0.29, dryness 0.0 (reservoir levels)
  🇮🇹 cv25 must-run floor @ €0.0: Geothermal ×0.92, Fossil Gas ×0.04
  🔗 Merged 1152 orders into 408 price-distinct blocks
  ✅ Merit-order book: 1102 supply / 50 demand orders
     ⚖️  Supply/Demand ratio: 0.82  (gas SRMC €88.1/MWh)
   📊 Processing zone IT-CSOUTH...
      ℹ️  No usable ATC link to AT, BE, BG, CH, CZ, DE_LU, DK1, DK2, EE, ES, FI, FR, GR, HU, IT-Calabria, IT-NORTH, IT-Sicily, LT, LV, NL, NO1, NO2, NO3, NO4, NO5, PL, PT, RO, RS, SE1, SE2, SE3, SE4, SI, SK — keeping observed net imports for those borders
📊 Creating merit-order order book for IT-CSOUTH on 2025-07-08
      ✅ Added 1102 supply + 50 demand orders
  ➕ Fleet completion: +174 MW Other renewable (recent p95 174 MW vs 0 MW unit-level)
  ➕ Fleet completion: +174 MW Energy storage (recent p95 174 MW vs 0 MW unit-level)
  ➖ Fleet-truthing derate: Fossil Hard coal ×0.0 (fleet 1250 MW vs recent p95 0 MW)
  📊 Resolution analysis:
     - Loads & Renewables: PT15M (15 minutes)
     - Loads & Renewables: PT15M (15 minutes)
     → Using finest resolution: 15 minutes
  🕐 Aggregated 15-min data to hourly (24 slots)
  💧 Hydro: offer scale 0.59, dryness 0.08 (reservoir levels)
  🇮🇹 cv25 must-run floor @ €0.0: Fossil Gas ×0.0
  🔗 Merged 3336 orders into 600 price-distinct blocks
  ✅ Merit-order book: 3280 supply / 56 demand orders
     ⚖️  Supply/Demand ratio: 1.85  (gas SRMC €88.1/MWh)
   📊 Processing zone IT-SOUTH...
      ℹ️  No usable ATC link to AT, BE, BG, CH, CZ, DE_LU, DK1, DK2, EE, ES, FI, FR, GR, HU, IT-CNORTH, IT-NORTH, IT-Sardinia, IT-Sicily, LT, LV, NL, NO1, NO2, NO3, NO4, NO5, PL, PT, RO, RS, SE1, SE2, SE3, SE4, SI, SK — keeping observed net imports for those borders
📊 Creating merit-order order book for IT-SOUTH on 2025-07-08
      ✅ Added 3280 supply + 56 demand orders
  ➕ Fleet completion: +249 MW Biomass (recent p95 249 MW vs 0 MW unit-level)
  ➖ Fleet-truthing derate: Fossil Hard coal ×0.0 (fleet 605 MW vs recent p95 0 MW)
  ➖ Fleet-truthing derate: Fossil Coal-derived gas ×0.02 (fleet 850 MW vs recent p95 13 MW)
  📊 Resolution analysis:
     - Loads & Renewables: PT15M (15 minutes)
     - Loads & Renewables: PT15M (15 minutes)
     → Using finest resolution: 15 minutes
  🕐 Aggregated 15-min data to hourly (24 slots)
  💧 Hydro: offer scale 0.2, dryness 0.88 (reservoir levels)
  🇮🇹 cv25 must-run floor @ €0.0: Biomass ×0.34, Fossil Gas ×0.06
  🔗 Merged 1776 orders into 576 price-distinct blocks
  ✅ Merit-order book: 1723 supply / 53 demand orders
     ⚖️  Supply/Demand ratio: 2.35  (gas SRMC €88.1/MWh)
   📊 Processing zone IT-Calabria...
      ℹ️  No usable ATC link to AT, BE, BG, CH, CZ, DE_LU, DK1, DK2, EE, ES, FI, FR, GR, HU, IT-CNORTH, IT-CSOUTH, IT-NORTH, IT-Sardinia, LT, LV, NL, NO1, NO2, NO3, NO4, NO5, PL, PT, RO, RS, SE1, SE2, SE3, SE4, SI, SK — keeping observed net imports for those borders
📊 Creating merit-order order book for IT-Calabria on 2025-07-08
      ✅ Added 1723 supply + 53 demand orders
  ➕ Fleet completion: +123 MW Biomass (recent p95 123 MW vs 0 MW unit-level)
  📊 Resolution analysis:
     - Loads & Renewables: PT15M (15 minutes)
     - Loads & Renewables: PT15M (15 minutes)
     → Using finest resolution: 15 minutes
  🕐 Aggregated 15-min data to hourly (24 slots)
  💧 Hydro: offer scale 0.2, dryness 0.0 (reservoir levels)
  🇮🇹 cv25 must-run floor @ €0.0: Biomass ×0.5
  🔗 Merged 1248 orders into 480 price-distinct blocks
  ✅ Merit-order book: 1200 supply / 48 demand orders
     ⚖️  Supply/Demand ratio: 4.97  (gas SRMC €88.1/MWh)
   📊 Processing zone IT-Sicily...
      ℹ️  No usable ATC link to AT, BE, BG, CH, CZ, DE_LU, DK1, DK2, EE, ES, FI, FR, GR, HU, IT-CNORTH, IT-CSOUTH, IT-NORTH, IT-SOUTH, IT-Sardinia, LT, LV, NL, NO1, NO2, NO3, NO4, NO5, PL, PT, RO, RS, SE1, SE2, SE3, SE4, SI, SK — keeping observed net imports for those borders
📊 Creating merit-order order book for IT-Sicily on 2025-07-08
      ✅ Added 1200 supply + 48 demand orders
  ➕ Fleet completion: +119 MW Fossil Coal-derived gas (recent p95 119 MW vs 0 MW unit-level)
  📊 Resolution analysis:
     - Loads & Renewables: PT15M (15 minutes)
     - Loads & Renewables: PT15M (15 minutes)
     → Using finest resolution: 15 minutes
  🕐 Aggregated 15-min data to hourly (24 slots)
  💧 Hydro: offer scale 0.55, dryness 0.11 (reservoir levels)
  🇮🇹 cv25 must-run floor @ €0.0: Fossil Gas ×0.05
  🔗 Merged 1920 orders into 504 price-distinct blocks
  ✅ Merit-order book: 1848 supply / 72 demand orders
     ⚖️  Supply/Demand ratio: 1.86  (gas SRMC €88.1/MWh)
   📊 Processing zone IT-Sardinia...
      ℹ️  No usable ATC link to AT, BE, BG, CH, CZ, DE_LU, DK1, DK2, EE, ES, FI, FR, GR, HU, IT-CNORTH, IT-Calabria, IT-NORTH, IT-SOUTH, IT-Sicily, LT, LV, NL, NO1, NO2, NO3, NO4, NO5, PL, PT, RO, RS, SE1, SE2, SE3, SE4, SI, SK — keeping observed net imports for those borders
📊 Creating merit-order order book for IT-Sardinia on 2025-07-08
      ✅ Added 1848 supply + 72 demand orders
  ➕ Fleet completion: +165 MW Other renewable (recent p95 165 MW vs 0 MW unit-level)
  ➖ Fleet-truthing derate: Fossil Hard coal ×0.79 (fleet 577 MW vs recent p95 394 MW)
  📊 Resolution analysis:
     - Loads & Renewables: PT15M (15 minutes)
     - Loads & Renewables: PT15M (15 minutes)
     → Using finest resolution: 15 minutes
  🕐 Aggregated 15-min data to hourly (24 slots)
  💧 Hydro: offer scale 0.72, dryness 0.0 (reservoir levels)
  🇮🇹 cv25 must-run floor @ €0.0: Fossil Coal-derived gas ×0.59, Fossil Hard coal ×0.31
  🔗 Merged 1272 orders into 600 price-distinct blocks
  ✅ Merit-order book: 1200 supply / 72 demand orders
     ⚖️  Supply/Demand ratio: 2.57  (gas SRMC €88.1/MWh)
   📊 Processing zone CH...
      ℹ️  No usable ATC link to BE, BG, CZ, DK1, DK2, EE, ES, FI, GR, HU, IT-CNORTH, IT-CSOUTH, IT-Calabria, IT-SOUTH, IT-Sardinia, IT-Sicily, LT, LV, NL, NO1, NO2, NO3, NO4, NO5, PL, PT, RO, RS, SE1, SE2, SE3, SE4, SI, SK — keeping observed net imports for those borders
📊 Creating merit-order order book for CH on 2025-07-08
      ✅ Added 1200 supply + 72 demand orders
  ➕ Fleet completion: +2531 MW Hydro Run-of-river and pondage (recent p95 2983 MW vs 452 MW unit-level)
  📊 Resolution analysis:
     - Loads & Renewables: PT60M (60 minutes)
     - Loads & Renewables: PT60M (60 minutes)
     → Using finest resolution: 60 minutes
  💧 Hydro: offer scale 1.0, dryness 0.0 (reservoir levels) [reservoir-opportunity]
  🔗 Merged 1728 orders into 336 price-distinct blocks
  ✅ Merit-order book: 1680 supply / 48 demand orders
     ⚖️  Supply/Demand ratio: 2.02  (gas SRMC €88.1/MWh)
      ✅ Added 1680 supply + 48 demand orders
   ✅ Found 84 directional transfer capacity links
✅ Created multi-zone order book (merit-order):
   🌍 Zones: 39  📝 Orders: 21664  🕐 Periods: 24  🔌 Links: 84

⚡ Running multi-zone market clearing optimization...
   🧩 Period-decomposition: 24 independent single-period clears (solver=highs)
      · 12/24 periods (31.5s, last=optimal)
      · 24/24 periods (63.1s, last=optimal)
   ⚓ Anchor ref for AT from CH,IT-NORTH: mean=95.1 €/MWh
   ⚓ Anchor ref for BE from continental proxy DE_LU/NL: mean=83.0 €/MWh
   ⚓ Anchor ref for FR from CH,DE_LU,ES,IT-NORTH: mean=87.0 €/MWh
   ⚓ Anchor ref for NO1 from continental proxy DE_LU/NL: mean=83.0 €/MWh
   ⚓ Anchor ref for NO2 from DE_LU,NL: mean=84.9 €/MWh
   ⚓ Anchor ref for NO3 from continental proxy DE_LU/NL: mean=83.0 €/MWh
   ⚓ Anchor ref for NO5 from continental proxy DE_LU/NL: mean=83.0 €/MWh
   ⚓ Anchor ref for SE3 from DK1: mean=86.1 €/MWh
   ⚓ Anchor ref for SE4 from DK2,LT,PL: mean=65.0 €/MWh
   ⚓ Anchor ref for SI from HU,IT-NORTH: mean=101.3 €/MWh
   ⚓ Anchor ref for SK from continental proxy DE_LU/NL: mean=83.0 €/MWh
   ⚓ Anchor ref for CH from AT,DE_LU,FR,IT-NORTH: mean=79.7 €/MWh

⚓ PASS 2: opportunity-anchored re-clear for AT, BE, FR, NO1, NO2, NO3, NO5, SE3, SE4, SI, SK, CH
🌍 Creating multi-zone order book (merit-order method) for 39 zones
   🔌 Fetching transfer capacities between zones...
📊 Fetching ENTSO-E transfer capacity (enriched: explicit=true, remap=IT→IT-NORTH) for 2025-07-08...
✅ Enriched transfer capacity: 3456 implicit rows, +1104 explicit-only rows, 192 aggregate endpoints remapped, -1200 stale flow-based border-hours dropped, 2016 in-footprint border-hours
✅ Created transfer capacity structure:
   🌍 Bidding zones: 33 (AT, BG, CH, CZ, DE_LU, DK1, DK2, EE, ES, FI, FR, GR, HU, IT-CNORTH, IT-CSOUTH, IT-Calabria, IT-NORTH, IT-SOUTH, IT-Sardinia, IT-Sicily, LT, LV, NL, NO2, PL, PT, RO, RS, SE1, SE2, SE3, SE4, SI)
   🕐 Time periods: 24
   ➡️  Forward capacities: 2016 entries
   ↔️  Bidirectional links: 1830
   ➡️  Unidirectional links: 186
   🚫 Shadowed aggregate codes excluded from observed imports: DE_50HzT, DE_Amprion, DE_TenneT_GER, DE_TransnetBW, DK, IT
   📊 Processing zone AT...
      ℹ️  No usable ATC link to BE, BG, CZ, DE_LU, DK1, DK2, EE, ES, FI, FR, GR, HU, IT-CNORTH, IT-CSOUTH, IT-Calabria, IT-SOUTH, IT-Sardinia, IT-Sicily, LT, LV, NL, NO1, NO2, NO3, NO4, NO5, PL, PT, RO, RS, SE1, SE2, SE3, SE4, SI, SK — keeping observed net imports for those borders
📊 Creating merit-order order book for AT on 2025-07-08
  ➕ Fleet completion: +168 MW Biomass (recent p95 168 MW vs 0 MW unit-level)
  ➕ Fleet completion: +820 MW Hydro Water Reservoir (recent p95 955 MW vs 135 MW unit-level)
  ➕ Fleet completion: +4209 MW Hydro Run-of-river and pondage (recent p95 4209 MW vs 0 MW unit-level)
  📊 Resolution analysis:
     - Loads & Renewables: PT15M (15 minutes)
     - Loads & Renewables: PT15M (15 minutes)
     → Using finest resolution: 15 minutes
  🕐 Aggregated 15-min data to hourly (24 slots)
  🛟 Import backstop: peak 2710 MW @ €158.7/MWh (24 hours, 8-week window)
  💧 Hydro: offer scale 0.9, dryness 0.1 (reservoir levels) [reservoir-opportunity]
  🔗 Merged 1512 orders into 482 price-distinct blocks
  ✅ Merit-order book: 1440 supply / 72 demand orders
     ⚖️  Supply/Demand ratio: 1.67  (gas SRMC €88.1/MWh)
   📊 Processing zone BE...
      ℹ️  No usable ATC link to AT, BG, CH, CZ, DE_LU, DK1, DK2, EE, ES, FI, FR, GR, HU, IT-CNORTH, IT-CSOUTH, IT-Calabria, IT-NORTH, IT-SOUTH, IT-Sardinia, IT-Sicily, LT, LV, NL, NO1, NO2, NO3, NO4, NO5, PL, PT, RO, RS, SE1, SE2, SE3, SE4, SI, SK — keeping observed net imports for those borders
      ✅ Added 1440 supply + 72 demand orders
📊 Creating merit-order order book for BE on 2025-07-08
  ➕ Fleet completion: +438 MW Biomass (recent p95 438 MW vs 0 MW unit-level)
  ➕ Fleet completion: +257 MW Waste (recent p95 257 MW vs 0 MW unit-level)
  ➕ Fleet completion: +128 MW Fossil Gas (recent p95 3189 MW vs 3061 MW unit-level)
  ➕ Fleet completion: +1008 MW Nuclear (recent p95 2415 MW vs 1407 MW unit-level)
  📊 Resolution analysis:
     - Loads: PT15M (15 minutes)
     - Renewables: PT60M (60 minutes)
     → Using finest resolution: 15 minutes
  📊 Disaggregating renewables from 60min to 15min resolution
  🕐 Aggregated 15-min data to hourly (24 slots)
  🛟 Import backstop: peak 1729 MW @ €158.7/MWh (24 hours, 8-week window)
  💧 Hydro: offer scale 0.75, dryness 0.07 (output-based fallback)
  🔗 Merged 3696 orders into 840 price-distinct blocks
  ✅ Merit-order book: 3624 supply / 72 demand orders
     ⚖️  Supply/Demand ratio: 1.46  (gas SRMC €88.1/MWh)
   📊 Processing zone FR...
      ℹ️  No usable ATC link to AT, BE, BG, CZ, DK1, DK2, EE, FI, GR, HU, IT-CNORTH, IT-CSOUTH, IT-Calabria, IT-SOUTH, IT-Sardinia, IT-Sicily, LT, LV, NL, NO1, NO2, NO3, NO4, NO5, PL, PT, RO, RS, SE1, SE2, SE3, SE4, SI, SK — keeping observed net imports for those borders
      ✅ Added 3624 supply + 72 demand orders
   ♻️  Zone BG: reusing pass-1 book (720 orders)
📊 Creating merit-order order book for FR on 2025-07-08
  ➕ Fleet completion: +237 MW Biomass (recent p95 387 MW vs 150 MW unit-level)
  ➕ Fleet completion: +1228 MW Hydro Water Reservoir (recent p95 2459 MW vs 1231 MW unit-level)
  ➕ Fleet completion: +393 MW Waste (recent p95 393 MW vs 0 MW unit-level)
  ➕ Fleet completion: +3566 MW Hydro Run-of-river and pondage (recent p95 5543 MW vs 1976 MW unit-level)
  ➖ Fleet-truthing derate: Nuclear ×0.99 (fleet 47540 MW vs recent p95 40887 MW)
   ♻️  Zone CZ: reusing pass-1 book (761 orders)
  📊 Resolution analysis:
     - Loads: PT15M (15 minutes)
     - Renewables: PT60M (60 minutes)
     → Using finest resolution: 15 minutes
  📊 Disaggregating renewables from 60min to 15min resolution
  🕐 Aggregated 15-min data to hourly (24 slots)
   ♻️  Zone DE_LU: reusing pass-1 book (1103 orders)
  ⚛️  Nuclear availability 0.63 → opportunity share 0.71 (tightness 0.56)
   ♻️  Zone DK1: reusing pass-1 book (504 orders)
   ♻️  Zone DK2: reusing pass-1 book (575 orders)
   ♻️  Zone EE: reusing pass-1 book (216 orders)
   ♻️  Zone ES: reusing pass-1 book (815 orders)
  🛟 Import backstop: peak 2593 MW @ €158.7/MWh (24 hours, 8-week window)
   ♻️  Zone FI: reusing pass-1 book (1008 orders)
  💧 Hydro: offer scale 0.86, dryness 0.02 (reservoir levels)
  🌐 Boundary book (GB): 120 orders over 24 slots
  🔗 Merged 16540 orders into 1050 price-distinct blocks
  ✅ Merit-order book: 16444 supply / 96 demand orders
     ⚖️  Supply/Demand ratio: 1.8  (gas SRMC €88.1/MWh)
   📊 Processing zone NO1...
      ℹ️  No usable ATC link to AT, BE, BG, CH, CZ, DE_LU, DK1, DK2, EE, ES, FI, FR, GR, HU, IT-CNORTH, IT-CSOUTH, IT-Calabria, IT-NORTH, IT-SOUTH, IT-Sardinia, IT-Sicily, LT, LV, NL, NO2, NO3, NO4, NO5, PL, PT, RO, RS, SE1, SE2, SE3, SE4, SI, SK — keeping observed net imports for those borders
      ✅ Added 16444 supply + 96 demand orders
   ♻️  Zone GR: reusing pass-1 book (432 orders)
📊 Creating merit-order order book for NO1 on 2025-07-08
  ➕ Fleet completion: +610 MW Hydro Run-of-river and pondage (recent p95 1725 MW vs 1115 MW unit-level)
   ♻️  Zone HU: reusing pass-1 book (1179 orders)
   ♻️  Zone LT: reusing pass-1 book (240 orders)
   📊 Processing zone NO2...
      ℹ️  No usable ATC link to AT, BE, BG, CH, CZ, DK1, DK2, EE, ES, FI, FR, GR, HU, IT-CNORTH, IT-CSOUTH, IT-Calabria, IT-NORTH, IT-SOUTH, IT-Sardinia, IT-Sicily, LT, LV, NO1, NO3, NO4, NO5, PL, PT, RO, RS, SE1, SE2, SE3, SE4, SI, SK — keeping observed net imports for those borders
   ♻️  Zone LV: reusing pass-1 book (312 orders)
📊 Creating merit-order order book for NO2 on 2025-07-08
  ➕ Fleet completion: +440 MW Hydro Run-of-river and pondage (recent p95 555 MW vs 115 MW unit-level)
   ♻️  Zone NL: reusing pass-1 book (840 orders)
  📊 Resolution analysis:
     - Loads & Renewables: PT15M (15 minutes)
     - Loads & Renewables: PT15M (15 minutes)
     → Using finest resolution: 15 minutes
  🕐 Aggregated 15-min data to hourly (24 slots)
  💧 Hydro: offer scale 0.85, dryness 0.15 (reservoir levels) [reservoir-opportunity]
  🔗 Merged 2256 orders into 240 price-distinct blocks
  ✅ Merit-order book: 2184 supply / 72 demand orders
     ⚖️  Supply/Demand ratio: 1.78  (gas SRMC €88.1/MWh)
   📊 Processing zone NO3...
      ℹ️  No usable ATC link to AT, BE, BG, CH, CZ, DE_LU, DK1, DK2, EE, ES, FI, FR, GR, HU, IT-CNORTH, IT-CSOUTH, IT-Calabria, IT-NORTH, IT-SOUTH, IT-Sardinia, IT-Sicily, LT, LV, NL, NO1, NO2, NO4, NO5, PL, PT, RO, RS, SE1, SE2, SE3, SE4, SI, SK — keeping observed net imports for those borders
📊 Creating merit-order order book for NO3 on 2025-07-08
  ➕ Fleet completion: +552 MW Hydro Water Reservoir (recent p95 2137 MW vs 1586 MW unit-level)
  ➕ Fleet completion: +884 MW Hydro Run-of-river and pondage (recent p95 988 MW vs 104 MW unit-level)
  📊 Resolution analysis:
     - Loads & Renewables: PT15M (15 minutes)
     - Loads & Renewables: PT15M (15 minutes)
     → Using finest resolution: 15 minutes
  🕐 Aggregated 15-min data to hourly (24 slots)
  🛟 Import backstop: peak 1245 MW @ €158.7/MWh (24 hours, 8-week window)
  💧 Hydro: offer scale 1.0, dryness 0.0 (reservoir levels) [reservoir-opportunity]
  🔗 Merged 1248 orders into 240 price-distinct blocks
  ✅ Merit-order book: 1176 supply / 72 demand orders
     ⚖️  Supply/Demand ratio: 1.36  (gas SRMC €88.1/MWh)
   📊 Processing zone NO5...
      ℹ️  No usable ATC link to AT, BE, BG, CH, CZ, DE_LU, DK1, DK2, EE, ES, FI, FR, GR, HU, IT-CNORTH, IT-CSOUTH, IT-Calabria, IT-NORTH, IT-SOUTH, IT-Sardinia, IT-Sicily, LT, LV, NL, NO1, NO2, NO3, NO4, PL, PT, RO, RS, SE1, SE2, SE3, SE4, SI, SK — keeping observed net imports for those borders
📊 Creating merit-order order book for NO5 on 2025-07-08
  ➕ Fleet completion: +557 MW Hydro Run-of-river and pondage (recent p95 557 MW vs 0 MW unit-level)
  📊 Resolution analysis:
     - Loads & Renewables: PT15M (15 minutes)
     - Loads & Renewables: PT15M (15 minutes)
     → Using finest resolution: 15 minutes
  🕐 Aggregated 15-min data to hourly (24 slots)
  💧 Hydro: offer scale 1.0, dryness 0.0 (reservoir levels) [reservoir-opportunity]
  🔗 Merged 1872 orders into 336 price-distinct blocks
  ✅ Merit-order book: 1800 supply / 72 demand orders
     ⚖️  Supply/Demand ratio: 2.23  (gas SRMC €88.1/MWh)
   📊 Processing zone SE3...
      ℹ️  No usable ATC link to AT, BE, BG, CH, CZ, DE_LU, DK2, EE, ES, FI, FR, GR, HU, IT-CNORTH, IT-CSOUTH, IT-Calabria, IT-NORTH, IT-SOUTH, IT-Sardinia, IT-Sicily, LT, LV, NL, NO1, NO2, NO3, NO4, NO5, PL, PT, RO, RS, SE1, SE2, SE4, SI, SK — keeping observed net imports for those borders
📊 Creating merit-order order book for SE3 on 2025-07-08
  ➕ Fleet completion: +667 MW Hydro Water Reservoir (recent p95 997 MW vs 330 MW unit-level)
  ➕ Fleet completion: +465 MW Other (recent p95 465 MW vs 0 MW unit-level)
  📊 Resolution analysis:
     - Loads & Renewables: PT60M (60 minutes)
     - Loads & Renewables: PT60M (60 minutes)
     → Using finest resolution: 60 minutes
  🛟 Import backstop: peak 2972 MW @ €158.7/MWh (24 hours, 8-week window)
  💧 Hydro: offer scale 0.93, dryness 0.07 (reservoir levels) [reservoir-opportunity]
  🔗 Merged 1680 orders into 597 price-distinct blocks
  ✅ Merit-order book: 1608 supply / 72 demand orders
     ⚖️  Supply/Demand ratio: 1.2  (gas SRMC €88.1/MWh)
   📊 Processing zone SE4...
      ℹ️  No usable ATC link to AT, BE, BG, CH, CZ, DE_LU, DK1, EE, ES, FI, FR, GR, HU, IT-CNORTH, IT-CSOUTH, IT-Calabria, IT-NORTH, IT-SOUTH, IT-Sardinia, IT-Sicily, LV, NL, NO1, NO2, NO3, NO4, NO5, PT, RO, RS, SE1, SE2, SE3, SI, SK — keeping observed net imports for those borders
📊 Creating merit-order order book for SE4 on 2025-07-08
  ➕ Fleet completion: +110 MW Other (recent p95 110 MW vs 0 MW unit-level)
  📊 Resolution analysis:
     - Loads & Renewables: PT60M (60 minutes)
     - Loads & Renewables: PT60M (60 minutes)
     → Using finest resolution: 60 minutes
  🔗 Merged 816 orders into 432 price-distinct blocks
  ✅ Merit-order book: 768 supply / 48 demand orders
     ⚖️  Supply/Demand ratio: 2.46  (gas SRMC €88.1/MWh)
   📊 Processing zone SI...
      ℹ️  No usable ATC link to AT, BE, BG, CH, CZ, DE_LU, DK1, DK2, EE, ES, FI, FR, GR, IT-CNORTH, IT-CSOUTH, IT-Calabria, IT-SOUTH, IT-Sardinia, IT-Sicily, LT, LV, NL, NO1, NO2, NO3, NO4, NO5, PL, PT, RO, RS, SE1, SE2, SE3, SE4, SK — keeping observed net imports for those borders
📊 Creating merit-order order book for SI on 2025-07-08
  ➕ Fleet completion: +492 MW Hydro Run-of-river and pondage (recent p95 734 MW vs 242 MW unit-level)
  ➖ Fleet-truthing derate: Fossil Brown coal/Lignite ×0.0 (fleet 978 MW vs recent p95 3 MW)
  📊 Resolution analysis:
     - Loads & Renewables: PT60M (60 minutes)
     - Loads & Renewables: PT60M (60 minutes)
     → Using finest resolution: 60 minutes
  🛟 Import backstop: peak 456 MW @ €158.7/MWh (24 hours, 8-week window)
  💧 Hydro: offer scale 0.98, dryness 0.0 (reservoir levels)
  🔗 Merged 1799 orders into 599 price-distinct blocks
  ✅ Merit-order book: 1750 supply / 49 demand orders
     ⚖️  Supply/Demand ratio: 1.96  (gas SRMC €88.1/MWh)
   📊 Processing zone SK...
      ℹ️  No usable ATC link to AT, BE, BG, CH, CZ, DE_LU, DK1, DK2, EE, ES, FI, FR, GR, HU, IT-CNORTH, IT-CSOUTH, IT-Calabria, IT-NORTH, IT-SOUTH, IT-Sardinia, IT-Sicily, LT, LV, NL, NO1, NO2, NO3, NO4, NO5, PL, PT, RO, RS, SE1, SE2, SE3, SE4, SI — keeping observed net imports for those borders
📊 Creating merit-order order book for SK on 2025-07-08
  ➕ Fleet completion: +112 MW Biomass (recent p95 112 MW vs 0 MW unit-level)
  ➕ Fleet completion: +166 MW Hydro Water Reservoir (recent p95 166 MW vs 0 MW unit-level)
  ➕ Fleet completion: +474 MW Hydro Run-of-river and pondage (recent p95 474 MW vs 0 MW unit-level)
  ➖ Fleet-truthing derate: Fossil Brown coal/Lignite ×0.0 (fleet 330 MW vs recent p95 0 MW)
  ➖ Fleet-truthing derate: Fossil Hard coal ×0.0 (fleet 220 MW vs recent p95 0 MW)
  📊 Resolution analysis:
     - Loads: PT15M (15 minutes)
     - Renewables: PT60M (60 minutes)
     → Using finest resolution: 15 minutes
  📊 Disaggregating renewables from 60min to 15min resolution
  🕐 Aggregated 15-min data to hourly (24 slots)
  💧 Hydro: offer scale 0.83, dryness 0.0 (output-based fallback)
  🌐 Boundary book (UA): 104 orders over 24 slots
  🔗 Merged 2288 orders into 704 price-distinct blocks
  ✅ Merit-order book: 2148 supply / 140 demand orders
     ⚖️  Supply/Demand ratio: 1.09  (gas SRMC €88.1/MWh)
   📊 Processing zone CH...
      ℹ️  No usable ATC link to BE, BG, CZ, DK1, DK2, EE, ES, FI, GR, HU, IT-CNORTH, IT-CSOUTH, IT-Calabria, IT-SOUTH, IT-Sardinia, IT-Sicily, LT, LV, NL, NO1, NO2, NO3, NO4, NO5, PL, PT, RO, RS, SE1, SE2, SE3, SE4, SI, SK — keeping observed net imports for those borders
📊 Creating merit-order order book for CH on 2025-07-08
  ➕ Fleet completion: +2531 MW Hydro Run-of-river and pondage (recent p95 2983 MW vs 452 MW unit-level)
  📊 Resolution analysis:
     - Loads & Renewables: PT60M (60 minutes)
     - Loads & Renewables: PT60M (60 minutes)
     → Using finest resolution: 60 minutes
  💧 Hydro: offer scale 1.0, dryness 0.0 (reservoir levels) [reservoir-opportunity]
  🔗 Merged 1728 orders into 336 price-distinct blocks
  ✅ Merit-order book: 1680 supply / 48 demand orders
     ⚖️  Supply/Demand ratio: 2.02  (gas SRMC €88.1/MWh)
  📊 Resolution analysis:
     - Loads & Renewables: PT15M (15 minutes)
     - Loads & Renewables: PT15M (15 minutes)
     → Using finest resolution: 15 minutes
  🕐 Aggregated 15-min data to hourly (24 slots)
  🛟 Import backstop: peak 616 MW @ €158.7/MWh (24 hours, 8-week window)
  💧 Hydro: offer scale 0.85, dryness 0.15 (reservoir levels) [reservoir-opportunity]
  🔗 Merged 3816 orders into 264 price-distinct blocks
  ✅ Merit-order book: 3744 supply / 72 demand orders
     ⚖️  Supply/Demand ratio: 1.02  (gas SRMC €88.1/MWh)
      ✅ Added 3744 supply + 72 demand orders
      ✅ Added 2184 supply + 72 demand orders
      ✅ Added 1176 supply + 72 demand orders
   ♻️  Zone NO4: reusing pass-1 book (336 orders)
      ✅ Added 1800 supply + 72 demand orders
   ♻️  Zone PL: reusing pass-1 book (1135 orders)
   ♻️  Zone PT: reusing pass-1 book (432 orders)
   ♻️  Zone RO: reusing pass-1 book (704 orders)
   ♻️  Zone RS: reusing pass-1 book (456 orders)
   ♻️  Zone SE1: reusing pass-1 book (96 orders)
   ♻️  Zone SE2: reusing pass-1 book (96 orders)
      ✅ Added 1608 supply + 72 demand orders
      ✅ Added 768 supply + 48 demand orders
      ✅ Added 1750 supply + 49 demand orders
      ✅ Added 2148 supply + 140 demand orders
   ♻️  Zone IT-NORTH: reusing pass-1 book (696 orders)
   ♻️  Zone IT-CNORTH: reusing pass-1 book (408 orders)
   ♻️  Zone IT-CSOUTH: reusing pass-1 book (600 orders)
   ♻️  Zone IT-SOUTH: reusing pass-1 book (576 orders)
   ♻️  Zone IT-Calabria: reusing pass-1 book (480 orders)
   ♻️  Zone IT-Sicily: reusing pass-1 book (504 orders)
   ♻️  Zone IT-Sardinia: reusing pass-1 book (600 orders)
      ✅ Added 1680 supply + 48 demand orders
   ✅ Found 84 directional transfer capacity links
✅ Created multi-zone order book (merit-order):
   🌍 Zones: 39  📝 Orders: 21944  🕐 Periods: 24  🔌 Links: 84

⚡ Running pass-2 market clearing optimization...
   🧩 Period-decomposition: 24 independent single-period clears (solver=highs)
      · 12/24 periods (30.4s, last=optimal)
      · 24/24 periods (63.7s, last=optimal)
   ⚓ Pass 2 accepted (status=optimal, solve=63.4s; pass 1 was 62.8s)

============================================================
📊 MULTI-ZONE CLEARING RESULTS
============================================================
   Status: optimal
   Solve time: 63.43s (total: 129.38s)
   Objective value: 2.154595841393e10

💰 Zonal Clearing Prices (avg):
   AT: avg=€86.18/MWh (min=72.88, max=88.15)
   BE: avg=€77.17/MWh (min=50.02, max=94.2)
   BG: avg=€114.55/MWh (min=83.74, max=178.66)
   CZ: avg=€100.73/MWh (min=93.4, max=104.65)
   DE_LU: avg=€90.62/MWh (min=63.0, max=104.65)
   DK1: avg=€87.32/MWh (min=63.0, max=104.65)
   DK2: avg=€87.05/MWh (min=63.0, max=104.65)
   EE: avg=€50.79/MWh (min=5.0, max=86.87)
   ES: avg=€48.07/MWh (min=5.0, max=154.26)
   FI: avg=€10.37/MWh (min=5.0, max=24.0)
   FR: avg=€40.39/MWh (min=5.0, max=84.69)
   GR: avg=€112.1/MWh (min=83.74, max=178.66)
   HU: avg=€80.69/MWh (min=48.48, max=90.18)
   LT: avg=€54.53/MWh (min=9.5, max=86.87)
   LV: avg=€51.41/MWh (min=5.0, max=86.87)
   NL: avg=€79.74/MWh (min=48.15, max=88.15)
   NO1: avg=€82.99/MWh (min=55.58, max=94.2)
   NO2: avg=€83.46/MWh (min=60.61, max=88.15)
   NO3: avg=€74.69/MWh (min=50.02, max=84.78)
   NO4: avg=€26.8/MWh (min=18.51, max=33.94)
   NO5: avg=€74.69/MWh (min=50.02, max=84.78)
   PL: avg=€96.17/MWh (min=93.4, max=104.65)
   PT: avg=€61.56/MWh (min=5.0, max=154.26)
   RO: avg=€114.55/MWh (min=83.74, max=178.66)
   RS: avg=€113.86/MWh (min=83.74, max=178.66)
   SE1: avg=€29.14/MWh (min=20.18, max=39.16)
   SE2: avg=€28.27/MWh (min=20.18, max=37.0)
   SE3: avg=€82.76/MWh (min=63.0, max=95.97)
   SE4: avg=€58.47/MWh (min=42.62, max=86.87)
   SI: avg=€52.18/MWh (min=9.5, max=87.41)
   SK: avg=€77.11/MWh (min=50.02, max=94.2)
   IT-NORTH: avg=€109.07/MWh (min=100.49, max=177.51)
   IT-CNORTH: avg=€109.07/MWh (min=100.49, max=177.51)
   IT-CSOUTH: avg=€109.07/MWh (min=100.49, max=177.51)
   IT-SOUTH: avg=€73.48/MWh (min=1.0, max=124.62)
   IT-Calabria: avg=€73.48/MWh (min=1.0, max=124.62)
   IT-Sicily: avg=€99.32/MWh (min=1.0, max=256.48)
   IT-Sardinia: avg=€49.34/MWh (min=1.0, max=112.08)
   CH: avg=€90.62/MWh (min=63.0, max=104.65)

🔌 Cross-Border Flows (avg):
   DE_LU_to_NL: avg=-74.2MW (min=-289.8, max=-0.1)
   RO_to_RS: avg=96.0MW (min=-584.0, max=1136.0)
   CH_to_DE_LU: avg=1051.3MW (min=-815.0, max=3985.0)
   IT-Sicily_to_IT-Calabria: avg=-389.6MW (min=-1123.0, max=253.4)
   EE_to_LV: avg=-12.8MW (min=-318.8, max=216.0)
   DK2_to_SE4: avg=-12.4MW (min=-116.7, max=-0.0)
   RS_to_HU: avg=-176.9MW (min=-219.0, max=-123.0)
   IT-CSOUTH_to_IT-CNORTH: avg=-1130.5MW (min=-2347.8, max=4432.9)
   FR_to_ES: avg=-670.6MW (min=-2200.0, max=451.8)
   RS_to_BG: avg=-134.9MW (min=-401.0, max=415.0)
   DK1_to_DE_LU: avg=-34.1MW (min=-1129.5, max=707.1)
   ES_to_PT: avg=689.3MW (min=-3055.8, max=2847.9)
   EE_to_FI: avg=-113.0MW (min=-193.2, max=-78.2)
   CZ_to_DE_LU: avg=-7.6MW (min=-435.1, max=1202.4)
   PT_to_ES: avg=60.9MW (min=-2989.9, max=3031.8)
   LT_to_SE4: avg=-42.9MW (min=-344.4, max=342.6)
   DK1_to_NL: avg=-253.0MW (min=-699.8, max=55.5)
   BG_to_GR: avg=46.4MW (min=-731.8, max=1190.0)
   CH_to_IT-NORTH: avg=2120.0MW (min=998.2, max=2823.0)
   IT-CSOUTH_to_IT-Sardinia: avg=-41.4MW (min=-172.7, max=-0.0)
   LT_to_PL: avg=34.5MW (min=14.6, max=175.3)
   PL_to_SE4: avg=-60.4MW (min=-141.4, max=-46.2)
   FR_to_DE_LU: avg=1.8MW (min=-0.0, max=24.4)
   LT_to_LV: avg=-388.6MW (min=-725.0, max=390.3)
   BG_to_RO: avg=-755.8MW (min=-2295.0, max=1984.0)
   FI_to_EE: avg=98.9MW (min=9.5, max=193.2)
   NL_to_DE_LU: avg=74.2MW (min=0.1, max=289.8)
   DK1_to_SE3: avg=14.3MW (min=-0.3, max=199.9)
   RO_to_BG: avg=-866.3MW (min=-1829.0, max=2170.7)
   IT-Sardinia_to_IT-CSOUTH: avg=8.0MW (min=-150.3, max=94.8)
   DE_LU_to_DK2: avg=-87.6MW (min=-280.5, max=294.2)
   IT-SOUTH_to_IT-CSOUTH: avg=-8.0MW (min=-3130.0, max=1858.2)
   IT-CNORTH_to_IT-CSOUTH: avg=-2568.5MW (min=-4281.1, max=3308.1)
   AT_to_IT-NORTH: avg=33.4MW (min=15.1, max=46.1)
   GR_to_BG: avg=-14.1MW (min=-1344.5, max=1526.2)
   AT_to_CH: avg=5.9MW (min=-1066.0, max=921.8)
   BG_to_RS: avg=19.7MW (min=-445.0, max=401.0)
   FR_to_IT-NORTH: avg=206.5MW (min=126.5, max=275.3)
   CH_to_AT: avg=-68.9MW (min=-921.8, max=999.5)
   HU_to_RS: avg=148.4MW (min=-41.4, max=219.0)
   CZ_to_PL: avg=-232.8MW (min=-865.3, max=36.7)
   SE3_to_DK1: avg=-3.0MW (min=-72.9, max=0.3)
   DE_LU_to_CH: avg=-1167.3MW (min=-4168.0, max=860.0)
   HU_to_SI: avg=-39.5MW (min=-265.8, max=224.5)
   IT-NORTH_to_IT-CNORTH: avg=-1376.2MW (min=-3906.2, max=4367.5)
   NL_to_NO2: avg=200.9MW (min=-144.5, max=337.8)
   PL_to_CZ: avg=107.5MW (min=-300.2, max=443.9)
   DK1_to_DK2: avg=-60.0MW (min=-300.0, max=199.4)
   DK2_to_DE_LU: avg=-51.0MW (min=-294.2, max=238.1)
   DE_LU_to_NO2: avg=-153.6MW (min=-438.8, max=167.7)
   IT-Calabria_to_IT-Sicily: avg=168.7MW (min=-605.3, max=1081.0)
   IT-CNORTH_to_IT-NORTH: avg=-1459.5MW (min=-4259.5, max=3245.2)
   SE4_to_LT: avg=-183.1MW (min=-342.6, max=172.1)
   NL_to_DK1: avg=317.9MW (min=53.8, max=699.8)
   IT-NORTH_to_FR: avg=-206.5MW (min=-275.3, max=-126.5)
   IT-SOUTH_to_IT-Calabria: avg=-146.6MW (min=-2750.9, max=1358.7)
   SE1_to_SE2: avg=-407.8MW (min=-692.8, max=7.6)
   ES_to_FR: avg=549.8MW (min=-564.6, max=2200.0)
   DK2_to_DK1: avg=22.1MW (min=-203.0, max=216.5)
   SE4_to_DK2: avg=12.4MW (min=-0.0, max=116.7)
   IT-NORTH_to_SI: avg=-44.1MW (min=-60.3, max=-14.6)
   SE2_to_SE1: avg=76.5MW (min=-7.6, max=701.5)
   PL_to_LT: avg=-34.5MW (min=-175.3, max=-14.6)
   SI_to_HU: avg=73.4MW (min=-86.9, max=317.3)
   RS_to_RO: avg=-407.3MW (min=-1136.0, max=571.0)
   NO2_to_DE_LU: avg=167.0MW (min=91.5, max=438.8)
   SI_to_IT-NORTH: avg=44.1MW (min=14.6, max=60.3)
   SE4_to_PL: avg=60.4MW (min=46.2, max=141.4)
   DE_LU_to_PL: avg=-188.4MW (min=-954.4, max=204.1)
   DE_LU_to_DK1: avg=-361.5MW (min=-1035.7, max=681.0)
   DE_LU_to_CZ: avg=-364.4MW (min=-2246.1, max=265.4)
   IT-CSOUTH_to_IT-SOUTH: avg=-1639.0MW (min=-4093.1, max=-0.0)
   NO2_to_NL: avg=-235.7MW (min=-337.8, max=56.4)
   LV_to_LT: avg=54.7MW (min=-266.0, max=622.7)
   IT-NORTH_to_AT: avg=-33.4MW (min=-46.1, max=-15.1)
   IT-NORTH_to_CH: avg=-2186.6MW (min=-2823.0, max=-1524.0)
   DE_LU_to_FR: avg=-1.8MW (min=-24.4, max=-0.0)
   PL_to_DE_LU: avg=165.7MW (min=-57.9, max=591.7)
   LV_to_EE: avg=-119.3MW (min=-249.7, max=218.3)
   IT-Calabria_to_IT-SOUTH: avg=-172.5MW (min=-1370.6, max=2638.0)

============================================================
   🔮 Ex-ante flow mode: v3 (scoped default)
   🧩 Period-decomposition ENABLED (per-period independent clears; policy: canonical on the EU path)
============================================================
🌍 MULTI-ZONE MARKET CLEARING WITH TRANSMISSION FLOWS
   Date: 2025-07-09
============================================================

📋 Target zones: AT, BE, BG, CZ, DE_LU, DK1, DK2, EE, ES, FI, FR, GR, HU, LT, LV, NL, NO1, NO2, NO3, NO4, NO5, PL, PT, RO, RS, SE1, SE2, SE3, SE4, SI, SK, IT-NORTH, IT-CNORTH, IT-CSOUTH, IT-SOUTH, IT-Calabria, IT-Sicily, IT-Sardinia, CH
   📋 Order method: merit_order

📊 Creating multi-zone order book...
🌍 Creating multi-zone order book (merit-order method) for 39 zones
   🔌 Fetching transfer capacities between zones...
📊 Fetching ENTSO-E transfer capacity (enriched: explicit=true, remap=IT→IT-NORTH) for 2025-07-09...
✅ Enriched transfer capacity: 3456 implicit rows, +1104 explicit-only rows, 192 aggregate endpoints remapped, -1200 stale flow-based border-hours dropped, 2016 in-footprint border-hours
✅ Created transfer capacity structure:
   🌍 Bidding zones: 33 (AT, BG, CH, CZ, DE_LU, DK1, DK2, EE, ES, FI, FR, GR, HU, IT-CNORTH, IT-CSOUTH, IT-Calabria, IT-NORTH, IT-SOUTH, IT-Sardinia, IT-Sicily, LT, LV, NL, NO2, PL, PT, RO, RS, SE1, SE2, SE3, SE4, SI)
   🕐 Time periods: 24
   ➡️  Forward capacities: 2016 entries
   ↔️  Bidirectional links: 1880
   ➡️  Unidirectional links: 136
   🚫 Shadowed aggregate codes excluded from observed imports: DE_50HzT, DE_Amprion, DE_TenneT_GER, DE_TransnetBW, DK, IT
   📊 Processing zone AT...
      ℹ️  No usable ATC link to BE, BG, CZ, DE_LU, DK1, DK2, EE, ES, FI, FR, GR, HU, IT-CNORTH, IT-CSOUTH, IT-Calabria, IT-SOUTH, IT-Sardinia, IT-Sicily, LT, LV, NL, NO1, NO2, NO3, NO4, NO5, PL, PT, RO, RS, SE1, SE2, SE3, SE4, SI, SK — keeping observed net imports for those borders
📊 Creating merit-order order book for AT on 2025-07-09
  ➕ Fleet completion: +168 MW Biomass (recent p95 168 MW vs 0 MW unit-level)
  ➕ Fleet completion: +186 MW Hydro Pumped Storage (recent p95 2056 MW vs 1870 MW unit-level)
  ➕ Fleet completion: +831 MW Hydro Water Reservoir (recent p95 966 MW vs 135 MW unit-level)
  ➕ Fleet completion: +4329 MW Hydro Run-of-river and pondage (recent p95 4329 MW vs 0 MW unit-level)
  📊 Resolution analysis:
     - Loads & Renewables: PT15M (15 minutes)
     - Loads & Renewables: PT15M (15 minutes)
     → Using finest resolution: 15 minutes
  🕐 Aggregated 15-min data to hourly (24 slots)
  🛟 Import backstop: peak 2147 MW @ €160.0/MWh (24 hours, 8-week window)
  💧 Hydro: offer scale 0.9, dryness 0.1 (reservoir levels) [reservoir-opportunity]
  🔗 Merged 1464 orders into 456 price-distinct blocks
  ✅ Merit-order book: 1416 supply / 48 demand orders
     ⚖️  Supply/Demand ratio: 2.25  (gas SRMC €88.9/MWh)
   📊 Processing zone BE...
      ℹ️  No usable ATC link to AT, BG, CH, CZ, DE_LU, DK1, DK2, EE, ES, FI, FR, GR, HU, IT-CNORTH, IT-CSOUTH, IT-Calabria, IT-NORTH, IT-SOUTH, IT-Sardinia, IT-Sicily, LT, LV, NL, NO1, NO2, NO3, NO4, NO5, PL, PT, RO, RS, SE1, SE2, SE3, SE4, SI, SK — keeping observed net imports for those borders
📊 Creating merit-order order book for BE on 2025-07-09
      ✅ Added 1416 supply + 48 demand orders
  ➕ Fleet completion: +438 MW Biomass (recent p95 438 MW vs 0 MW unit-level)
  ➕ Fleet completion: +257 MW Waste (recent p95 257 MW vs 0 MW unit-level)
  ➕ Fleet completion: +1006 MW Nuclear (recent p95 2413 MW vs 1407 MW unit-level)
  📊 Resolution analysis:
     - Loads: PT15M (15 minutes)
     - Renewables: PT60M (60 minutes)
     → Using finest resolution: 15 minutes
  📊 Disaggregating renewables from 60min to 15min resolution
  🕐 Aggregated 15-min data to hourly (24 slots)
  🛟 Import backstop: peak 2333 MW @ €160.0/MWh (24 hours, 8-week window)
  💧 Hydro: offer scale 0.75, dryness 0.07 (output-based fallback)
  🔗 Merged 3720 orders into 791 price-distinct blocks
  ✅ Merit-order book: 3672 supply / 48 demand orders
     ⚖️  Supply/Demand ratio: 1.55  (gas SRMC €88.9/MWh)
   📊 Processing zone BG...
      ℹ️  No usable ATC link to AT, BE, CH, CZ, DE_LU, DK1, DK2, EE, ES, FI, FR, HU, IT-CNORTH, IT-CSOUTH, IT-Calabria, IT-NORTH, IT-SOUTH, IT-Sardinia, IT-Sicily, LT, LV, NL, NO1, NO2, NO3, NO4, NO5, PL, PT, SE1, SE2, SE3, SE4, SI, SK — keeping observed net imports for those borders
📊 Creating merit-order order book for BG on 2025-07-09
      ✅ Added 3672 supply + 48 demand orders
  ➕ Fleet completion: +441 MW Hydro Water Reservoir (recent p95 681 MW vs 240 MW unit-level)
  ➕ Fleet completion: +264 MW Hydro Run-of-river and pondage (recent p95 264 MW vs 0 MW unit-level)
  ➖ Fleet-truthing derate: Fossil Brown coal/Lignite ×0.38 (fleet 2455 MW vs recent p95 815 MW)
  📊 Resolution analysis:
     - Loads & Renewables: PT60M (60 minutes)
     - Loads & Renewables: PT60M (60 minutes)
     → Using finest resolution: 60 minutes
  💧 Hydro: offer scale 0.95, dryness 0.15 (reservoir levels)
  🔗 Merged 2304 orders into 720 price-distinct blocks
  ✅ Merit-order book: 2242 supply / 62 demand orders
     ⚖️  Supply/Demand ratio: 1.54  (gas SRMC €88.9/MWh)
   📊 Processing zone CZ...
      ℹ️  No usable ATC link to AT, BE, BG, CH, DK1, DK2, EE, ES, FI, FR, GR, HU, IT-CNORTH, IT-CSOUTH, IT-Calabria, IT-NORTH, IT-SOUTH, IT-Sardinia, IT-Sicily, LT, LV, NL, NO1, NO2, NO3, NO4, NO5, PT, RO, RS, SE1, SE2, SE3, SE4, SI, SK — keeping observed net imports for those borders
📊 Creating merit-order order book for CZ on 2025-07-09
      ✅ Added 2242 supply + 62 demand orders
  ➕ Fleet completion: +359 MW Biomass (recent p95 359 MW vs 0 MW unit-level)
  ➕ Fleet completion: +325 MW Hydro Pumped Storage (installed 1130 MW vs 805 MW unit-level)
  ➕ Fleet completion: +246 MW Hydro Water Reservoir (recent p95 390 MW vs 144 MW unit-level)
  ➕ Fleet completion: +122 MW Hydro Run-of-river and pondage (recent p95 122 MW vs 0 MW unit-level)
  ➕ Fleet completion: +197 MW Fossil Gas (installed 1229 MW vs 1032 MW unit-level)
  ➕ Fleet completion: +1533 MW Fossil Brown coal/Lignite (installed 5663 MW vs 4130 MW unit-level)
  ➕ Fleet completion: +269 MW Other renewable (recent p95 269 MW vs 0 MW unit-level)
  ➕ Fleet completion: +1085 MW Nuclear (installed 4290 MW vs 3205 MW unit-level)
  📊 Resolution analysis:
     - Loads & Renewables: PT15M (15 minutes)
     - Loads & Renewables: PT15M (15 minutes)
     → Using finest resolution: 15 minutes
  🕐 Aggregated 15-min data to hourly (24 slots)
  💧 Hydro: offer scale 0.53, dryness 0.08 (output-based fallback)
  🔗 Merged 3814 orders into 761 price-distinct blocks
  ✅ Merit-order book: 3766 supply / 48 demand orders
     ⚖️  Supply/Demand ratio: 1.98  (gas SRMC €88.9/MWh)
   📊 Processing zone DE_LU...
      ℹ️  No usable ATC link to AT, BE, BG, EE, ES, FI, GR, HU, IT-CNORTH, IT-CSOUTH, IT-Calabria, IT-NORTH, IT-SOUTH, IT-Sardinia, IT-Sicily, LT, LV, NO1, NO3, NO4, NO5, PT, RO, RS, SE1, SE2, SE3, SE4, SI, SK — keeping observed net imports for those borders
📊 Creating merit-order order book for DE_LU on 2025-07-09
      ✅ Added 3766 supply + 48 demand orders
  ➕ Fleet completion: +4530 MW Biomass (recent p95 4530 MW vs 0 MW unit-level)
  ➕ Fleet completion: +1782 MW Hydro Pumped Storage (installed 7495 MW vs 5713 MW unit-level)
  ➕ Fleet completion: +142 MW Hydro Water Reservoir (recent p95 642 MW vs 500 MW unit-level)
  ➕ Fleet completion: +147 MW Other (recent p95 147 MW vs 0 MW unit-level)
  ➕ Fleet completion: +528 MW Waste (recent p95 637 MW vs 109 MW unit-level)
  ➕ Fleet completion: +1411 MW Hydro Run-of-river and pondage (recent p95 1875 MW vs 464 MW unit-level)
  ➕ Fleet completion: +6150 MW Fossil Gas (installed 19529 MW vs 13379 MW unit-level)
  ➕ Fleet completion: +13962 MW Fossil Hard coal (installed 20831 MW vs 6869 MW unit-level)
  ➕ Fleet completion: +8497 MW Fossil Brown coal/Lignite (installed 19572 MW vs 11075 MW unit-level)
  ➕ Fleet completion: +772 MW Fossil Oil (installed 1142 MW vs 370 MW unit-level)
  ➕ Fleet completion: +474 MW Fossil Coal-derived gas (installed 1245 MW vs 771 MW unit-level)
  📊 Resolution analysis:
     - Loads & Renewables: PT15M (15 minutes)
     - Loads & Renewables: PT15M (15 minutes)
     → Using finest resolution: 15 minutes
  🕐 Aggregated 15-min data to hourly (24 slots)
  💧 Hydro: offer scale 0.7, dryness 0.02 (output-based fallback)
  🔗 Merged 13224 orders into 1065 price-distinct blocks
  ✅ Merit-order book: 13176 supply / 48 demand orders
     ⚖️  Supply/Demand ratio: 1.84  (gas SRMC €88.9/MWh)
   📊 Processing zone DK1...
      ℹ️  No usable ATC link to AT, BE, BG, CH, CZ, EE, ES, FI, FR, GR, HU, IT-CNORTH, IT-CSOUTH, IT-Calabria, IT-NORTH, IT-SOUTH, IT-Sardinia, IT-Sicily, LT, LV, NO1, NO2, NO3, NO4, NO5, PL, PT, RO, RS, SE1, SE2, SE4, SI, SK — keeping observed net imports for those borders
📊 Creating merit-order order book for DK1 on 2025-07-09
      ✅ Added 13176 supply + 48 demand orders
  ➖ Fleet-truthing derate: Fossil Hard coal ×0.0 (fleet 1486 MW vs recent p95 0 MW)
  📊 Resolution analysis:
     - Loads: PT60M (60 minutes)
     - Renewables: PT15M (15 minutes)
     → Using finest resolution: 15 minutes
  📊 Disaggregating loads from 60min to 15min resolution
  🕐 Aggregated 15-min data to hourly (24 slots)
  🛟 Import backstop: peak 2169 MW @ €160.0/MWh (24 hours, 8-week window)
  🌐 Boundary book (GB): 120 orders over 24 slots
  🔗 Merged 480 orders into 456 price-distinct blocks
  ✅ Merit-order book: 384 supply / 96 demand orders
     ⚖️  Supply/Demand ratio: 1.57  (gas SRMC €88.9/MWh)
   📊 Processing zone DK2...
      ℹ️  No usable ATC link to AT, BE, BG, CH, CZ, EE, ES, FI, FR, GR, HU, IT-CNORTH, IT-CSOUTH, IT-Calabria, IT-NORTH, IT-SOUTH, IT-Sardinia, IT-Sicily, LT, LV, NL, NO1, NO2, NO3, NO4, NO5, PL, PT, RO, RS, SE1, SE2, SE3, SI, SK — keeping observed net imports for those borders
📊 Creating merit-order order book for DK2 on 2025-07-09
      ✅ Added 384 supply + 96 demand orders
  ➕ Fleet completion: +109 MW Waste (recent p95 109 MW vs 0 MW unit-level)
  ➖ Fleet-truthing derate: Fossil Hard coal ×0.07 (fleet 1037 MW vs recent p95 59 MW)
  📊 Resolution analysis:
     - Loads: PT60M (60 minutes)
     - Renewables: PT15M (15 minutes)
     → Using finest resolution: 15 minutes
  📊 Disaggregating loads from 60min to 15min resolution
  🕐 Aggregated 15-min data to hourly (24 slots)
  🛟 Import backstop: peak 957 MW @ €160.0/MWh (24 hours, 8-week window)
  🔗 Merged 1104 orders into 576 price-distinct blocks
  ✅ Merit-order book: 1056 supply / 48 demand orders
     ⚖️  Supply/Demand ratio: 1.81  (gas SRMC €88.9/MWh)
   📊 Processing zone EE...
      ℹ️  No usable ATC link to AT, BE, BG, CH, CZ, DE_LU, DK1, DK2, ES, FR, GR, HU, IT-CNORTH, IT-CSOUTH, IT-Calabria, IT-NORTH, IT-SOUTH, IT-Sardinia, IT-Sicily, LT, NL, NO1, NO2, NO3, NO4, NO5, PL, PT, RO, RS, SE1, SE2, SE3, SE4, SI, SK — keeping observed net imports for those borders
📊 Creating merit-order order book for EE on 2025-07-09
      ✅ Added 1056 supply + 48 demand orders
  ➕ Fleet completion: +443 MW Fossil Oil shale (installed 1330 MW vs 887 MW unit-level)
  📊 Resolution analysis:
     - Loads & Renewables: PT60M (60 minutes)
     - Loads & Renewables: PT60M (60 minutes)
     → Using finest resolution: 60 minutes
  🔗 Merged 888 orders into 216 price-distinct blocks
  ✅ Merit-order book: 840 supply / 48 demand orders
     ⚖️  Supply/Demand ratio: 1.94  (gas SRMC €88.9/MWh)
   📊 Processing zone ES...
      ℹ️  No usable ATC link to AT, BE, BG, CH, CZ, DE_LU, DK1, DK2, EE, FI, GR, HU, IT-CNORTH, IT-CSOUTH, IT-Calabria, IT-NORTH, IT-SOUTH, IT-Sardinia, IT-Sicily, LT, LV, NL, NO1, NO2, NO3, NO4, NO5, PL, RO, RS, SE1, SE2, SE3, SE4, SI, SK — keeping observed net imports for those borders
📊 Creating merit-order order book for ES on 2025-07-09
      ✅ Added 840 supply + 48 demand orders
  ➕ Fleet completion: +500 MW Biomass (recent p95 500 MW vs 0 MW unit-level)
  ➕ Fleet completion: +133 MW Hydro Water Reservoir (recent p95 4176 MW vs 4043 MW unit-level)
  ➕ Fleet completion: +248 MW Waste (recent p95 248 MW vs 0 MW unit-level)
  ➕ Fleet completion: +1156 MW Hydro Run-of-river and pondage (recent p95 1156 MW vs 0 MW unit-level)
  ➖ Fleet-truthing derate: Fossil Hard coal ×0.44 (fleet 916 MW vs recent p95 352 MW)
  📊 Resolution analysis:
     - Loads & Renewables: PT15M (15 minutes)
     - Loads & Renewables: PT15M (15 minutes)
     → Using finest resolution: 15 minutes
  🕐 Aggregated 15-min data to hourly (24 slots)
  💧 Hydro: offer scale 0.88, dryness 0.0 (reservoir levels)
  🔗 Merged 10992 orders into 815 price-distinct blocks
  ✅ Merit-order book: 10944 supply / 48 demand orders
     ⚖️  Supply/Demand ratio: 1.58  (gas SRMC €88.9/MWh)
   📊 Processing zone FI...
      ℹ️  No usable ATC link to AT, BE, BG, CH, CZ, DE_LU, DK1, DK2, ES, FR, GR, HU, IT-CNORTH, IT-CSOUTH, IT-Calabria, IT-NORTH, IT-SOUTH, IT-Sardinia, IT-Sicily, LT, LV, NL, NO1, NO2, NO3, NO4, NO5, PL, PT, RO, RS, SE1, SE2, SE3, SE4, SI, SK — keeping observed net imports for those borders
📊 Creating merit-order order book for FI on 2025-07-09
      ✅ Added 10944 supply + 48 demand orders
  ➕ Fleet completion: +232 MW Biomass (recent p95 867 MW vs 635 MW unit-level)
  ➕ Fleet completion: +2123 MW Hydro Run-of-river and pondage (recent p95 2123 MW vs 0 MW unit-level)
  ➕ Fleet completion: +178 MW Nuclear (recent p95 4155 MW vs 3977 MW unit-level)
  ➖ Fleet-truthing derate: Fossil Hard coal ×0.0 (fleet 1878 MW vs recent p95 2 MW)
  ➖ Fleet-truthing derate: Fossil Peat ×0.06 (fleet 820 MW vs recent p95 44 MW)
  📊 Resolution analysis:
     - Loads & Renewables: PT15M (15 minutes)
     - Loads & Renewables: PT15M (15 minutes)
     → Using finest resolution: 15 minutes
  🕐 Aggregated 15-min data to hourly (24 slots)
  💧 Hydro: offer scale 0.92, dryness 0.08 (reservoir levels) [reservoir-opportunity]
  🔗 Merged 4680 orders into 1005 price-distinct blocks
  ✅ Merit-order book: 4632 supply / 48 demand orders
     ⚖️  Supply/Demand ratio: 1.28  (gas SRMC €88.9/MWh)
   📊 Processing zone FR...
      ℹ️  No usable ATC link to AT, BE, BG, CZ, DK1, DK2, EE, FI, GR, HU, IT-CNORTH, IT-CSOUTH, IT-Calabria, IT-SOUTH, IT-Sardinia, IT-Sicily, LT, LV, NL, NO1, NO2, NO3, NO4, NO5, PL, PT, RO, RS, SE1, SE2, SE3, SE4, SI, SK — keeping observed net imports for those borders
📊 Creating merit-order order book for FR on 2025-07-09
      ✅ Added 4632 supply + 48 demand orders
  ➕ Fleet completion: +237 MW Biomass (recent p95 387 MW vs 150 MW unit-level)
  ➕ Fleet completion: +1208 MW Hydro Water Reservoir (recent p95 2439 MW vs 1231 MW unit-level)
  ➕ Fleet completion: +393 MW Waste (recent p95 393 MW vs 0 MW unit-level)
  ➕ Fleet completion: +3432 MW Hydro Run-of-river and pondage (recent p95 5408 MW vs 1976 MW unit-level)
  ➖ Fleet-truthing derate: Nuclear ×0.96 (fleet 49275 MW vs recent p95 41100 MW)
  📊 Resolution analysis:
     - Loads: PT15M (15 minutes)
     - Renewables: PT60M (60 minutes)
     → Using finest resolution: 15 minutes
  📊 Disaggregating renewables from 60min to 15min resolution
  🕐 Aggregated 15-min data to hourly (24 slots)
  🛟 Import backstop: peak 1516 MW @ €160.0/MWh (24 hours, 8-week window)
  💧 Hydro: offer scale 0.86, dryness 0.02 (reservoir levels)
  🌐 Boundary book (GB): 120 orders over 24 slots
  🔗 Merged 16537 orders into 1055 price-distinct blocks
  ✅ Merit-order book: 16441 supply / 96 demand orders
     ⚖️  Supply/Demand ratio: 1.7  (gas SRMC €88.9/MWh)
   📊 Processing zone GR...
      ℹ️  No usable ATC link to AT, BE, CH, CZ, DE_LU, DK1, DK2, EE, ES, FI, FR, HU, IT-CNORTH, IT-CSOUTH, IT-Calabria, IT-NORTH, IT-SOUTH, IT-Sardinia, IT-Sicily, LT, LV, NL, NO1, NO2, NO3, NO4, NO5, PL, PT, RO, RS, SE1, SE2, SE3, SE4, SI, SK — keeping observed net imports for those borders
📊 Creating merit-order order book for GR on 2025-07-09
      ✅ Added 16441 supply + 96 demand orders
  ➖ Fleet-truthing derate: Fossil Brown coal/Lignite ×0.59 (fleet 1182 MW vs recent p95 609 MW)
  📊 Resolution analysis:
     - Loads & Renewables: PT60M (60 minutes)
     - Loads & Renewables: PT60M (60 minutes)
     → Using finest resolution: 60 minutes
  💧 Hydro: offer scale 0.61, dryness 0.16 (reservoir levels)
  🔗 Merged 2832 orders into 432 price-distinct blocks
  ✅ Merit-order book: 2772 supply / 60 demand orders
     ⚖️  Supply/Demand ratio: 1.65  (gas SRMC €88.9/MWh)
   📊 Processing zone HU...
      ℹ️  No usable ATC link to AT, BE, BG, CH, CZ, DE_LU, DK1, DK2, EE, ES, FI, FR, GR, IT-CNORTH, IT-CSOUTH, IT-Calabria, IT-NORTH, IT-SOUTH, IT-Sardinia, IT-Sicily, LT, LV, NL, NO1, NO2, NO3, NO4, NO5, PL, PT, RO, SE1, SE2, SE3, SE4, SK — keeping observed net imports for those borders
📊 Creating merit-order order book for HU on 2025-07-09
      ✅ Added 2772 supply + 60 demand orders
  ➖ Fleet-truthing derate: Fossil Brown coal/Lignite ×0.44 (fleet 479 MW vs recent p95 182 MW)
  📊 Resolution analysis:
     - Loads & Renewables: PT15M (15 minutes)
     - Loads & Renewables: PT15M (15 minutes)
     → Using finest resolution: 15 minutes
  🕐 Aggregated 15-min data to hourly (24 slots)
  🛟 Import backstop: peak 1350 MW @ €160.0/MWh (24 hours, 8-week window)
  🌐 Boundary book (UA): 124 orders over 24 slots
  🔗 Merged 8212 orders into 1114 price-distinct blocks
  ✅ Merit-order book: 8112 supply / 100 demand orders
     ⚖️  Supply/Demand ratio: 1.54  (gas SRMC €88.9/MWh)
   📊 Processing zone LT...
      ℹ️  No usable ATC link to AT, BE, BG, CH, CZ, DE_LU, DK1, DK2, EE, ES, FI, FR, GR, HU, IT-CNORTH, IT-CSOUTH, IT-Calabria, IT-NORTH, IT-SOUTH, IT-Sardinia, IT-Sicily, NL, NO1, NO2, NO3, NO4, NO5, PT, RO, RS, SE1, SE2, SE3, SI, SK — keeping observed net imports for those borders
📊 Creating merit-order order book for LT on 2025-07-09
      ✅ Added 8112 supply + 100 demand orders
  📊 Resolution analysis:
     - Loads & Renewables: PT15M (15 minutes)
     - Loads & Renewables: PT15M (15 minutes)
     → Using finest resolution: 15 minutes
  🕐 Aggregated 15-min data to hourly (24 slots)
  💧 Hydro: offer scale 0.43, dryness 0.96 (reservoir levels)
  🔗 Merged 744 orders into 240 price-distinct blocks
  ✅ Merit-order book: 696 supply / 48 demand orders
     ⚖️  Supply/Demand ratio: 1.62  (gas SRMC €88.9/MWh)
   📊 Processing zone LV...
      ℹ️  No usable ATC link to AT, BE, BG, CH, CZ, DE_LU, DK1, DK2, ES, FI, FR, GR, HU, IT-CNORTH, IT-CSOUTH, IT-Calabria, IT-NORTH, IT-SOUTH, IT-Sardinia, IT-Sicily, NL, NO1, NO2, NO3, NO4, NO5, PL, PT, RO, RS, SE1, SE2, SE3, SE4, SI, SK — keeping observed net imports for those borders
📊 Creating merit-order order book for LV on 2025-07-09
      ✅ Added 696 supply + 48 demand orders
  ➕ Fleet completion: +559 MW Hydro Run-of-river and pondage (recent p95 659 MW vs 100 MW unit-level)
  📊 Resolution analysis:
     - Loads: PT60M (60 minutes)
     - Renewables: PT15M (15 minutes)
     → Using finest resolution: 15 minutes
  📊 Disaggregating loads from 60min to 15min resolution
  🕐 Aggregated 15-min data to hourly (24 slots)
  💧 Hydro: offer scale 1.0, dryness 0.54 (reservoir levels)
  🔗 Merged 840 orders into 312 price-distinct blocks
  ✅ Merit-order book: 792 supply / 48 demand orders
     ⚖️  Supply/Demand ratio: 2.24  (gas SRMC €88.9/MWh)
   📊 Processing zone NL...
      ℹ️  No usable ATC link to AT, BE, BG, CH, CZ, DK2, EE, ES, FI, FR, GR, HU, IT-CNORTH, IT-CSOUTH, IT-Calabria, IT-NORTH, IT-SOUTH, IT-Sardinia, IT-Sicily, LT, LV, NO1, NO3, NO4, NO5, PL, PT, RO, RS, SE1, SE2, SE3, SE4, SI, SK — keeping observed net imports for those borders
📊 Creating merit-order order book for NL on 2025-07-09
      ✅ Added 792 supply + 48 demand orders
  ➕ Fleet completion: +211 MW Biomass (installed 631 MW vs 420 MW unit-level)
  ➕ Fleet completion: +5145 MW Fossil Gas (installed 14186 MW vs 9041 MW unit-level)
  ➕ Fleet completion: +13015 MW Other (recent p95 13015 MW vs 0 MW unit-level)
  ➕ Fleet completion: +5370 MW Fossil Hard coal (installed 6101 MW vs 731 MW unit-level)
  ➕ Fleet completion: +322 MW Waste (recent p95 322 MW vs 0 MW unit-level)
  📊 Resolution analysis:
     - Loads & Renewables: PT15M (15 minutes)
     - Loads & Renewables: PT15M (15 minutes)
     → Using finest resolution: 15 minutes
  🕐 Aggregated 15-min data to hourly (24 slots)
  🔗 Merged 4896 orders into 840 price-distinct blocks
  ✅ Merit-order book: 4842 supply / 54 demand orders
     ⚖️  Supply/Demand ratio: 3.57  (gas SRMC €88.9/MWh)
   📊 Processing zone NO1...
      ℹ️  No usable ATC link to AT, BE, BG, CH, CZ, DE_LU, DK1, DK2, EE, ES, FI, FR, GR, HU, IT-CNORTH, IT-CSOUTH, IT-Calabria, IT-NORTH, IT-SOUTH, IT-Sardinia, IT-Sicily, LT, LV, NL, NO2, NO3, NO4, NO5, PL, PT, RO, RS, SE1, SE2, SE3, SE4, SI, SK — keeping observed net imports for those borders
📊 Creating merit-order order book for NO1 on 2025-07-09
      ✅ Added 4842 supply + 54 demand orders
  ➕ Fleet completion: +633 MW Hydro Run-of-river and pondage (recent p95 1748 MW vs 1115 MW unit-level)
  📊 Resolution analysis:
     - Loads & Renewables: PT15M (15 minutes)
     - Loads & Renewables: PT15M (15 minutes)
     → Using finest resolution: 15 minutes
  🕐 Aggregated 15-min data to hourly (24 slots)
  🛟 Import backstop: peak 786 MW @ €160.0/MWh (23 hours, 8-week window)
  💧 Hydro: offer scale 0.85, dryness 0.15 (reservoir levels) [reservoir-opportunity]
  🔗 Merged 3791 orders into 215 price-distinct blocks
  ✅ Merit-order book: 3743 supply / 48 demand orders
     ⚖️  Supply/Demand ratio: 1.66  (gas SRMC €88.9/MWh)
   📊 Processing zone NO2...
      ℹ️  No usable ATC link to AT, BE, BG, CH, CZ, DK1, DK2, EE, ES, FI, FR, GR, HU, IT-CNORTH, IT-CSOUTH, IT-Calabria, IT-NORTH, IT-SOUTH, IT-Sardinia, IT-Sicily, LT, LV, NO1, NO3, NO4, NO5, PL, PT, RO, RS, SE1, SE2, SE3, SE4, SI, SK — keeping observed net imports for those borders
📊 Creating merit-order order book for NO2 on 2025-07-09
      ✅ Added 3743 supply + 48 demand orders
  ➕ Fleet completion: +438 MW Hydro Run-of-river and pondage (recent p95 553 MW vs 115 MW unit-level)
  📊 Resolution analysis:
     - Loads & Renewables: PT15M (15 minutes)
     - Loads & Renewables: PT15M (15 minutes)
     → Using finest resolution: 15 minutes
  🕐 Aggregated 15-min data to hourly (24 slots)
  💧 Hydro: offer scale 0.85, dryness 0.15 (reservoir levels) [reservoir-opportunity]
  🔗 Merged 2232 orders into 192 price-distinct blocks
  ✅ Merit-order book: 2184 supply / 48 demand orders
     ⚖️  Supply/Demand ratio: 2.45  (gas SRMC €88.9/MWh)
   📊 Processing zone NO3...
      ℹ️  No usable ATC link to AT, BE, BG, CH, CZ, DE_LU, DK1, DK2, EE, ES, FI, FR, GR, HU, IT-CNORTH, IT-CSOUTH, IT-Calabria, IT-NORTH, IT-SOUTH, IT-Sardinia, IT-Sicily, LT, LV, NL, NO1, NO2, NO4, NO5, PL, PT, RO, RS, SE1, SE2, SE3, SE4, SI, SK — keeping observed net imports for those borders
📊 Creating merit-order order book for NO3 on 2025-07-09
      ✅ Added 2184 supply + 48 demand orders
  ➕ Fleet completion: +581 MW Hydro Water Reservoir (recent p95 2167 MW vs 1586 MW unit-level)
  ➕ Fleet completion: +884 MW Hydro Run-of-river and pondage (recent p95 988 MW vs 104 MW unit-level)
  📊 Resolution analysis:
     - Loads & Renewables: PT15M (15 minutes)
     - Loads & Renewables: PT15M (15 minutes)
     → Using finest resolution: 15 minutes
  🕐 Aggregated 15-min data to hourly (24 slots)
  🛟 Import backstop: peak 1329 MW @ €160.0/MWh (24 hours, 8-week window)
  💧 Hydro: offer scale 1.0, dryness 0.0 (reservoir levels) [reservoir-opportunity]
  🔗 Merged 1224 orders into 216 price-distinct blocks
  ✅ Merit-order book: 1176 supply / 48 demand orders
     ⚖️  Supply/Demand ratio: 1.68  (gas SRMC €88.9/MWh)
   📊 Processing zone NO4...
      ℹ️  No usable ATC link to AT, BE, BG, CH, CZ, DE_LU, DK1, DK2, EE, ES, FI, FR, GR, HU, IT-CNORTH, IT-CSOUTH, IT-Calabria, IT-NORTH, IT-SOUTH, IT-Sardinia, IT-Sicily, LT, LV, NL, NO1, NO2, NO3, NO5, PL, PT, RO, RS, SE1, SE2, SE3, SE4, SI, SK — keeping observed net imports for those borders
📊 Creating merit-order order book for NO4 on 2025-07-09
      ✅ Added 1176 supply + 48 demand orders
  ➕ Fleet completion: +355 MW Hydro Run-of-river and pondage (recent p95 355 MW vs 0 MW unit-level)
  📊 Resolution analysis:
     - Loads & Renewables: PT15M (15 minutes)
     - Loads & Renewables: PT15M (15 minutes)
     → Using finest resolution: 15 minutes
  🕐 Aggregated 15-min data to hourly (24 slots)
  💧 Hydro: offer scale 1.0, dryness 0.0 (reservoir levels) [reservoir-opportunity]
  🔗 Merged 1752 orders into 336 price-distinct blocks
  ✅ Merit-order book: 1704 supply / 48 demand orders
     ⚖️  Supply/Demand ratio: 2.35  (gas SRMC €88.9/MWh)
   📊 Processing zone NO5...
      ℹ️  No usable ATC link to AT, BE, BG, CH, CZ, DE_LU, DK1, DK2, EE, ES, FI, FR, GR, HU, IT-CNORTH, IT-CSOUTH, IT-Calabria, IT-NORTH, IT-SOUTH, IT-Sardinia, IT-Sicily, LT, LV, NL, NO1, NO2, NO3, NO4, PL, PT, RO, RS, SE1, SE2, SE3, SE4, SI, SK — keeping observed net imports for those borders
📊 Creating merit-order order book for NO5 on 2025-07-09
      ✅ Added 1704 supply + 48 demand orders
  ➕ Fleet completion: +557 MW Hydro Run-of-river and pondage (recent p95 557 MW vs 0 MW unit-level)
  📊 Resolution analysis:
     - Loads & Renewables: PT15M (15 minutes)
     - Loads & Renewables: PT15M (15 minutes)
     → Using finest resolution: 15 minutes
  🕐 Aggregated 15-min data to hourly (24 slots)
  💧 Hydro: offer scale 1.0, dryness 0.0 (reservoir levels) [reservoir-opportunity]
  🔗 Merged 1848 orders into 336 price-distinct blocks
  ✅ Merit-order book: 1800 supply / 48 demand orders
     ⚖️  Supply/Demand ratio: 3.97  (gas SRMC €88.9/MWh)
   📊 Processing zone PL...
      ℹ️  No usable ATC link to AT, BE, BG, CH, DK1, DK2, EE, ES, FI, FR, GR, HU, IT-CNORTH, IT-CSOUTH, IT-Calabria, IT-NORTH, IT-SOUTH, IT-Sardinia, IT-Sicily, LV, NL, NO1, NO2, NO3, NO4, NO5, PT, RO, RS, SE1, SE2, SE3, SI, SK — keeping observed net imports for those borders
📊 Creating merit-order order book for PL on 2025-07-09
      ✅ Added 1800 supply + 48 demand orders
  ➕ Fleet completion: +201 MW Biomass (recent p95 409 MW vs 208 MW unit-level)
  ➕ Fleet completion: +674 MW Hydro Pumped Storage (installed 1524 MW vs 850 MW unit-level)
  ➕ Fleet completion: +230 MW Hydro Water Reservoir (recent p95 230 MW vs 0 MW unit-level)
  ➕ Fleet completion: +565 MW Other (recent p95 565 MW vs 0 MW unit-level)
  ➕ Fleet completion: +135 MW Hydro Run-of-river and pondage (recent p95 135 MW vs 0 MW unit-level)
  ➕ Fleet completion: +728 MW Fossil Gas (installed 4034 MW vs 3306 MW unit-level)
  ➕ Fleet completion: +6088 MW Fossil Hard coal (installed 18582 MW vs 12494 MW unit-level)
  ➕ Fleet completion: +3597 MW Fossil Brown coal/Lignite (installed 9116 MW vs 5519 MW unit-level)
  ➕ Fleet completion: +148 MW Fossil Oil (recent p95 148 MW vs 0 MW unit-level)
  ➕ Fleet completion: +191 MW Fossil Coal-derived gas (recent p95 191 MW vs 0 MW unit-level)
  📊 Resolution analysis:
     - Loads & Renewables: PT15M (15 minutes)
     - Loads & Renewables: PT15M (15 minutes)
     → Using finest resolution: 15 minutes
  🕐 Aggregated 15-min data to hourly (24 slots)
  💧 Hydro: offer scale 0.5, dryness 0.0 (output-based fallback)
  🌐 Boundary book (UA): 128 orders over 24 slots
  🔗 Merged 11219 orders into 1077 price-distinct blocks
  ✅ Merit-order book: 11115 supply / 104 demand orders
     ⚖️  Supply/Demand ratio: 2.07  (gas SRMC €88.9/MWh)
   📊 Processing zone PT...
      ℹ️  No usable ATC link to AT, BE, BG, CH, CZ, DE_LU, DK1, DK2, EE, FI, FR, GR, HU, IT-CNORTH, IT-CSOUTH, IT-Calabria, IT-NORTH, IT-SOUTH, IT-Sardinia, IT-Sicily, LT, LV, NL, NO1, NO2, NO3, NO4, NO5, PL, RO, RS, SE1, SE2, SE3, SE4, SI, SK — keeping observed net imports for those borders
📊 Creating merit-order order book for PT on 2025-07-09
      ✅ Added 11115 supply + 104 demand orders
  ➕ Fleet completion: +324 MW Biomass (recent p95 324 MW vs 0 MW unit-level)
  📊 Resolution analysis:
     - Loads & Renewables: PT60M (60 minutes)
     - Loads & Renewables: PT60M (60 minutes)
     → Using finest resolution: 60 minutes
  💧 Hydro: offer scale 0.72, dryness 0.0 (reservoir levels)
  🔗 Merged 4608 orders into 432 price-distinct blocks
  ✅ Merit-order book: 4560 supply / 48 demand orders
     ⚖️  Supply/Demand ratio: 1.61  (gas SRMC €88.9/MWh)
   📊 Processing zone RO...
      ℹ️  No usable ATC link to AT, BE, CH, CZ, DE_LU, DK1, DK2, EE, ES, FI, FR, GR, HU, IT-CNORTH, IT-CSOUTH, IT-Calabria, IT-NORTH, IT-SOUTH, IT-Sardinia, IT-Sicily, LT, LV, NL, NO1, NO2, NO3, NO4, NO5, PL, PT, SE1, SE2, SE3, SE4, SI, SK — keeping observed net imports for those borders
📊 Creating merit-order order book for RO on 2025-07-09
      ✅ Added 4560 supply + 48 demand orders
  ➕ Fleet completion: +398 MW Hydro Water Reservoir (recent p95 1115 MW vs 717 MW unit-level)
  ➕ Fleet completion: +254 MW Hydro Run-of-river and pondage (recent p95 1224 MW vs 970 MW unit-level)
  ➖ Fleet-truthing derate: Fossil Brown coal/Lignite ×0.67 (fleet 1532 MW vs recent p95 894 MW)
  📊 Resolution analysis:
     - Loads & Renewables: PT15M (15 minutes)
     - Loads & Renewables: PT15M (15 minutes)
     → Using finest resolution: 15 minutes
  🕐 Aggregated 15-min data to hourly (24 slots)
  🛟 Import backstop: peak 671 MW @ €160.0/MWh (24 hours, 8-week window)
  💧 Hydro: offer scale 0.92, dryness 0.01 (reservoir levels)
  🌐 Boundary book (UA): 104 orders over 24 slots
  🔗 Merged 2240 orders into 680 price-distinct blocks
  ✅ Merit-order book: 2150 supply / 90 demand orders
     ⚖️  Supply/Demand ratio: 1.25  (gas SRMC €88.9/MWh)
   📊 Processing zone RS...
      ℹ️  No usable ATC link to AT, BE, CH, CZ, DE_LU, DK1, DK2, EE, ES, FI, FR, GR, IT-CNORTH, IT-CSOUTH, IT-Calabria, IT-NORTH, IT-SOUTH, IT-Sardinia, IT-Sicily, LT, LV, NL, NO1, NO2, NO3, NO4, NO5, PL, PT, SE1, SE2, SE3, SE4, SI, SK — keeping observed net imports for those borders
📊 Creating merit-order order book for RS on 2025-07-09
      ✅ Added 2150 supply + 90 demand orders
  ➕ Fleet completion: +214 MW Hydro Water Reservoir (recent p95 214 MW vs 0 MW unit-level)
  📊 Resolution analysis:
     - Loads & Renewables: PT60M (60 minutes)
     - Loads & Renewables: PT60M (60 minutes)
     → Using finest resolution: 60 minutes
  🛟 Import backstop: peak 536 MW @ €160.0/MWh (24 hours, 8-week window)
  💧 Hydro: offer scale 0.85, dryness 0.1 (reservoir levels)
  🔗 Merged 2135 orders into 456 price-distinct blocks
  ✅ Merit-order book: 2078 supply / 57 demand orders
     ⚖️  Supply/Demand ratio: 1.53  (gas SRMC €88.9/MWh)
   📊 Processing zone SE1...
      ℹ️  No usable ATC link to AT, BE, BG, CH, CZ, DE_LU, DK1, DK2, EE, ES, FI, FR, GR, HU, IT-CNORTH, IT-CSOUTH, IT-Calabria, IT-NORTH, IT-SOUTH, IT-Sardinia, IT-Sicily, LT, LV, NL, NO1, NO2, NO3, NO4, NO5, PL, PT, RO, RS, SE3, SE4, SI, SK — keeping observed net imports for those borders
📊 Creating merit-order order book for SE1 on 2025-07-09
      ✅ Added 2078 supply + 57 demand orders
  📊 Resolution analysis:
     - Loads & Renewables: PT60M (60 minutes)
     - Loads & Renewables: PT60M (60 minutes)
     → Using finest resolution: 60 minutes
  💧 Hydro: offer scale 1.0, dryness 0.0 (reservoir levels) [reservoir-opportunity]
  🔗 Merged 600 orders into 96 price-distinct blocks
  ✅ Merit-order book: 552 supply / 48 demand orders
     ⚖️  Supply/Demand ratio: 3.78  (gas SRMC €88.9/MWh)
   📊 Processing zone SE2...
      ℹ️  No usable ATC link to AT, BE, BG, CH, CZ, DE_LU, DK1, DK2, EE, ES, FI, FR, GR, HU, IT-CNORTH, IT-CSOUTH, IT-Calabria, IT-NORTH, IT-SOUTH, IT-Sardinia, IT-Sicily, LT, LV, NL, NO1, NO2, NO3, NO4, NO5, PL, PT, RO, RS, SE3, SE4, SI, SK — keeping observed net imports for those borders
📊 Creating merit-order order book for SE2 on 2025-07-09
      ✅ Added 552 supply + 48 demand orders
  ➕ Fleet completion: +4521 MW Hydro Water Reservoir (recent p95 5220 MW vs 699 MW unit-level)
  📊 Resolution analysis:
     - Loads & Renewables: PT60M (60 minutes)
     - Loads & Renewables: PT60M (60 minutes)
     → Using finest resolution: 60 minutes
  💧 Hydro: offer scale 1.0, dryness 0.0 (reservoir levels) [reservoir-opportunity]
  🔗 Merged 240 orders into 96 price-distinct blocks
  ✅ Merit-order book: 192 supply / 48 demand orders
     ⚖️  Supply/Demand ratio: 3.79  (gas SRMC €88.9/MWh)
   📊 Processing zone SE3...
      ℹ️  No usable ATC link to AT, BE, BG, CH, CZ, DE_LU, DK2, EE, ES, FI, FR, GR, HU, IT-CNORTH, IT-CSOUTH, IT-Calabria, IT-NORTH, IT-SOUTH, IT-Sardinia, IT-Sicily, LT, LV, NL, NO1, NO2, NO3, NO4, NO5, PL, PT, RO, RS, SE1, SE2, SE4, SI, SK — keeping observed net imports for those borders
📊 Creating merit-order order book for SE3 on 2025-07-09
      ✅ Added 192 supply + 48 demand orders
  ➕ Fleet completion: +725 MW Hydro Water Reservoir (recent p95 1055 MW vs 330 MW unit-level)
  ➕ Fleet completion: +465 MW Other (recent p95 465 MW vs 0 MW unit-level)
  📊 Resolution analysis:
     - Loads & Renewables: PT60M (60 minutes)
     - Loads & Renewables: PT60M (60 minutes)
     → Using finest resolution: 60 minutes
  🛟 Import backstop: peak 2434 MW @ €160.0/MWh (24 hours, 8-week window)
  💧 Hydro: offer scale 0.93, dryness 0.07 (reservoir levels) [reservoir-opportunity]
  🔗 Merged 1656 orders into 552 price-distinct blocks
  ✅ Merit-order book: 1608 supply / 48 demand orders
     ⚖️  Supply/Demand ratio: 1.86  (gas SRMC €88.9/MWh)
   📊 Processing zone SE4...
      ℹ️  No usable ATC link to AT, BE, BG, CH, CZ, DE_LU, DK1, EE, ES, FI, FR, GR, HU, IT-CNORTH, IT-CSOUTH, IT-Calabria, IT-NORTH, IT-SOUTH, IT-Sardinia, IT-Sicily, LV, NL, NO1, NO2, NO3, NO4, NO5, PT, RO, RS, SE1, SE2, SE3, SI, SK — keeping observed net imports for those borders
📊 Creating merit-order order book for SE4 on 2025-07-09
      ✅ Added 1608 supply + 48 demand orders
  ➕ Fleet completion: +110 MW Other (recent p95 110 MW vs 0 MW unit-level)
  📊 Resolution analysis:
     - Loads & Renewables: PT60M (60 minutes)
     - Loads & Renewables: PT60M (60 minutes)
     → Using finest resolution: 60 minutes
  🔗 Merged 816 orders into 408 price-distinct blocks
  ✅ Merit-order book: 768 supply / 48 demand orders
     ⚖️  Supply/Demand ratio: 2.6  (gas SRMC €88.9/MWh)
   📊 Processing zone SI...
      ℹ️  No usable ATC link to AT, BE, BG, CH, CZ, DE_LU, DK1, DK2, EE, ES, FI, FR, GR, IT-CNORTH, IT-CSOUTH, IT-Calabria, IT-SOUTH, IT-Sardinia, IT-Sicily, LT, LV, NL, NO1, NO2, NO3, NO4, NO5, PL, PT, RO, RS, SE1, SE2, SE3, SE4, SK — keeping observed net imports for those borders
📊 Creating merit-order order book for SI on 2025-07-09
      ✅ Added 768 supply + 48 demand orders
  ➕ Fleet completion: +513 MW Hydro Run-of-river and pondage (recent p95 755 MW vs 242 MW unit-level)
  ➖ Fleet-truthing derate: Fossil Brown coal/Lignite ×0.0 (fleet 978 MW vs recent p95 3 MW)
  📊 Resolution analysis:
     - Loads & Renewables: PT60M (60 minutes)
     - Loads & Renewables: PT60M (60 minutes)
     → Using finest resolution: 60 minutes
  🛟 Import backstop: peak 572 MW @ €160.0/MWh (24 hours, 8-week window)
  💧 Hydro: offer scale 0.96, dryness 0.0 (reservoir levels)
  🔗 Merged 1778 orders into 598 price-distinct blocks
  ✅ Merit-order book: 1728 supply / 50 demand orders
     ⚖️  Supply/Demand ratio: 2.06  (gas SRMC €88.9/MWh)
   📊 Processing zone SK...
      ℹ️  No usable ATC link to AT, BE, BG, CH, CZ, DE_LU, DK1, DK2, EE, ES, FI, FR, GR, HU, IT-CNORTH, IT-CSOUTH, IT-Calabria, IT-NORTH, IT-SOUTH, IT-Sardinia, IT-Sicily, LT, LV, NL, NO1, NO2, NO3, NO4, NO5, PL, PT, RO, RS, SE1, SE2, SE3, SE4, SI — keeping observed net imports for those borders
📊 Creating merit-order order book for SK on 2025-07-09
      ✅ Added 1728 supply + 50 demand orders
  ➕ Fleet completion: +112 MW Biomass (recent p95 112 MW vs 0 MW unit-level)
  ➕ Fleet completion: +167 MW Hydro Water Reservoir (recent p95 167 MW vs 0 MW unit-level)
  ➕ Fleet completion: +484 MW Hydro Run-of-river and pondage (recent p95 484 MW vs 0 MW unit-level)
  ➖ Fleet-truthing derate: Fossil Brown coal/Lignite ×0.0 (fleet 330 MW vs recent p95 0 MW)
  ➖ Fleet-truthing derate: Fossil Hard coal ×0.0 (fleet 220 MW vs recent p95 0 MW)
  📊 Resolution analysis:
     - Loads: PT15M (15 minutes)
     - Renewables: PT60M (60 minutes)
     → Using finest resolution: 15 minutes
  📊 Disaggregating renewables from 60min to 15min resolution
  🕐 Aggregated 15-min data to hourly (24 slots)
  💧 Hydro: offer scale 0.83, dryness 0.0 (output-based fallback)
  🌐 Boundary book (UA): 104 orders over 24 slots
  🔗 Merged 2264 orders into 666 price-distinct blocks
  ✅ Merit-order book: 2148 supply / 116 demand orders
     ⚖️  Supply/Demand ratio: 1.57  (gas SRMC €88.9/MWh)
   📊 Processing zone IT-NORTH...
      ℹ️  No usable ATC link to BE, BG, CZ, DE_LU, DK1, DK2, EE, ES, FI, GR, HU, IT-CSOUTH, IT-Calabria, IT-SOUTH, IT-Sardinia, IT-Sicily, LT, LV, NL, NO1, NO2, NO3, NO4, NO5, PL, PT, RO, RS, SE1, SE2, SE3, SE4, SK — keeping observed net imports for those borders
📊 Creating merit-order order book for IT-NORTH on 2025-07-09
      ✅ Added 2148 supply + 116 demand orders
  ➕ Fleet completion: +209 MW Biomass (recent p95 209 MW vs 0 MW unit-level)
  ➕ Fleet completion: +170 MW Hydro Water Reservoir (recent p95 1255 MW vs 1085 MW unit-level)
  ➕ Fleet completion: +268 MW Other (recent p95 1308 MW vs 1040 MW unit-level)
  ➕ Fleet completion: +2246 MW Hydro Run-of-river and pondage (recent p95 4747 MW vs 2501 MW unit-level)
  ➕ Fleet completion: +652 MW Other renewable (recent p95 652 MW vs 0 MW unit-level)
  ➕ Fleet completion: +256 MW Energy storage (recent p95 650 MW vs 394 MW unit-level)
  📊 Resolution analysis:
     - Loads & Renewables: PT15M (15 minutes)
     - Loads & Renewables: PT15M (15 minutes)
     → Using finest resolution: 15 minutes
  🕐 Aggregated 15-min data to hourly (24 slots)
  💧 Hydro: offer scale 0.69, dryness 0.15 (reservoir levels)
  🔗 Merged 6598 orders into 670 price-distinct blocks
  ✅ Merit-order book: 6550 supply / 48 demand orders
     ⚖️  Supply/Demand ratio: 1.62  (gas SRMC €88.9/MWh)
   📊 Processing zone IT-CNORTH...
      ℹ️  No usable ATC link to AT, BE, BG, CH, CZ, DE_LU, DK1, DK2, EE, ES, FI, FR, GR, HU, IT-Calabria, IT-SOUTH, IT-Sardinia, IT-Sicily, LT, LV, NL, NO1, NO2, NO3, NO4, NO5, PL, PT, RO, RS, SE1, SE2, SE3, SE4, SI, SK — keeping observed net imports for those borders
📊 Creating merit-order order book for IT-CNORTH on 2025-07-09
      ✅ Added 6550 supply + 48 demand orders
  ➕ Fleet completion: +485 MW Geothermal (recent p95 599 MW vs 114 MW unit-level)
  📊 Resolution analysis:
     - Loads & Renewables: PT15M (15 minutes)
     - Loads & Renewables: PT15M (15 minutes)
     → Using finest resolution: 15 minutes
  🕐 Aggregated 15-min data to hourly (24 slots)
  🛟 Import backstop: peak 139 MW @ €160.0/MWh (24 hours, 8-week window)
  💧 Hydro: offer scale 0.29, dryness 0.0 (reservoir levels)
  🔗 Merged 1030 orders into 432 price-distinct blocks
  ✅ Merit-order book: 982 supply / 48 demand orders
     ⚖️  Supply/Demand ratio: 0.87  (gas SRMC €88.9/MWh)
   📊 Processing zone IT-CSOUTH...
      ✅ Added 982 supply + 48 demand orders
      ℹ️  No usable ATC link to AT, BE, BG, CH, CZ, DE_LU, DK1, DK2, EE, ES, FI, FR, GR, HU, IT-Calabria, IT-NORTH, IT-Sicily, LT, LV, NL, NO1, NO2, NO3, NO4, NO5, PL, PT, RO, RS, SE1, SE2, SE3, SE4, SI, SK — keeping observed net imports for those borders
📊 Creating merit-order order book for IT-CSOUTH on 2025-07-09
  ➕ Fleet completion: +174 MW Other renewable (recent p95 174 MW vs 0 MW unit-level)
  ➕ Fleet completion: +173 MW Energy storage (recent p95 173 MW vs 0 MW unit-level)
  ➖ Fleet-truthing derate: Fossil Hard coal ×0.0 (fleet 1250 MW vs recent p95 0 MW)
  📊 Resolution analysis:
     - Loads & Renewables: PT15M (15 minutes)
     - Loads & Renewables: PT15M (15 minutes)
     → Using finest resolution: 15 minutes
  🕐 Aggregated 15-min data to hourly (24 slots)
  💧 Hydro: offer scale 0.59, dryness 0.08 (reservoir levels)
  🔗 Merged 2950 orders into 576 price-distinct blocks
  ✅ Merit-order book: 2888 supply / 62 demand orders
     ⚖️  Supply/Demand ratio: 1.85  (gas SRMC €88.9/MWh)
   📊 Processing zone IT-SOUTH...
      ℹ️  No usable ATC link to AT, BE, BG, CH, CZ, DE_LU, DK1, DK2, EE, ES, FI, FR, GR, HU, IT-CNORTH, IT-NORTH, IT-Sardinia, IT-Sicily, LT, LV, NL, NO1, NO2, NO3, NO4, NO5, PL, PT, RO, RS, SE1, SE2, SE3, SE4, SI, SK — keeping observed net imports for those borders
📊 Creating merit-order order book for IT-SOUTH on 2025-07-09
      ✅ Added 2888 supply + 62 demand orders
  ➕ Fleet completion: +249 MW Biomass (recent p95 249 MW vs 0 MW unit-level)
  ➖ Fleet-truthing derate: Fossil Hard coal ×0.0 (fleet 605 MW vs recent p95 0 MW)
  ➖ Fleet-truthing derate: Fossil Coal-derived gas ×0.02 (fleet 850 MW vs recent p95 15 MW)
  📊 Resolution analysis:
     - Loads & Renewables: PT15M (15 minutes)
     - Loads & Renewables: PT15M (15 minutes)
     → Using finest resolution: 15 minutes
  🕐 Aggregated 15-min data to hourly (24 slots)
  💧 Hydro: offer scale 0.2, dryness 0.88 (reservoir levels)
  🔗 Merged 1534 orders into 552 price-distinct blocks
  ✅ Merit-order book: 1479 supply / 55 demand orders
     ⚖️  Supply/Demand ratio: 2.48  (gas SRMC €88.9/MWh)
   📊 Processing zone IT-Calabria...
      ℹ️  No usable ATC link to AT, BE, BG, CH, CZ, DE_LU, DK1, DK2, EE, ES, FI, FR, GR, HU, IT-CNORTH, IT-CSOUTH, IT-NORTH, IT-Sardinia, LT, LV, NL, NO1, NO2, NO3, NO4, NO5, PL, PT, RO, RS, SE1, SE2, SE3, SE4, SI, SK — keeping observed net imports for those borders
📊 Creating merit-order order book for IT-Calabria on 2025-07-09
      ✅ Added 1479 supply + 55 demand orders
  ➕ Fleet completion: +122 MW Biomass (recent p95 122 MW vs 0 MW unit-level)
  📊 Resolution analysis:
     - Loads & Renewables: PT15M (15 minutes)
     - Loads & Renewables: PT15M (15 minutes)
     → Using finest resolution: 15 minutes
  🕐 Aggregated 15-min data to hourly (24 slots)
  💧 Hydro: offer scale 0.2, dryness 0.0 (reservoir levels)
  🔗 Merged 1222 orders into 454 price-distinct blocks
  ✅ Merit-order book: 1174 supply / 48 demand orders
     ⚖️  Supply/Demand ratio: 5.07  (gas SRMC €88.9/MWh)
   📊 Processing zone IT-Sicily...
      ℹ️  No usable ATC link to AT, BE, BG, CH, CZ, DE_LU, DK1, DK2, EE, ES, FI, FR, GR, HU, IT-CNORTH, IT-CSOUTH, IT-NORTH, IT-SOUTH, IT-Sardinia, LT, LV, NL, NO1, NO2, NO3, NO4, NO5, PL, PT, RO, RS, SE1, SE2, SE3, SE4, SI, SK — keeping observed net imports for those borders
📊 Creating merit-order order book for IT-Sicily on 2025-07-09
      ✅ Added 1174 supply + 48 demand orders
  ➕ Fleet completion: +119 MW Fossil Coal-derived gas (recent p95 119 MW vs 0 MW unit-level)
  📊 Resolution analysis:
     - Loads & Renewables: PT15M (15 minutes)
     - Loads & Renewables: PT15M (15 minutes)
     → Using finest resolution: 15 minutes
  🕐 Aggregated 15-min data to hourly (24 slots)
  💧 Hydro: offer scale 0.56, dryness 0.11 (reservoir levels)
  🔗 Merged 1558 orders into 478 price-distinct blocks
  ✅ Merit-order book: 1486 supply / 72 demand orders
     ⚖️  Supply/Demand ratio: 2.01  (gas SRMC €88.9/MWh)
   📊 Processing zone IT-Sardinia...
      ℹ️  No usable ATC link to AT, BE, BG, CH, CZ, DE_LU, DK1, DK2, EE, ES, FI, FR, GR, HU, IT-CNORTH, IT-Calabria, IT-NORTH, IT-SOUTH, IT-Sicily, LT, LV, NL, NO1, NO2, NO3, NO4, NO5, PL, PT, RO, RS, SE1, SE2, SE3, SE4, SI, SK — keeping observed net imports for those borders
📊 Creating merit-order order book for IT-Sardinia on 2025-07-09
      ✅ Added 1486 supply + 72 demand orders
  ➕ Fleet completion: +165 MW Other renewable (recent p95 165 MW vs 0 MW unit-level)
  ➖ Fleet-truthing derate: Fossil Hard coal ×0.78 (fleet 577 MW vs recent p95 392 MW)
  📊 Resolution analysis:
     - Loads & Renewables: PT15M (15 minutes)
     - Loads & Renewables: PT15M (15 minutes)
     → Using finest resolution: 15 minutes
  🕐 Aggregated 15-min data to hourly (24 slots)
  💧 Hydro: offer scale 0.69, dryness 0.0 (reservoir levels)
  🔗 Merged 1174 orders into 574 price-distinct blocks
  ✅ Merit-order book: 1102 supply / 72 demand orders
     ⚖️  Supply/Demand ratio: 2.03  (gas SRMC €88.9/MWh)
   📊 Processing zone CH...
      ℹ️  No usable ATC link to BE, BG, CZ, DK1, DK2, EE, ES, FI, GR, HU, IT-CNORTH, IT-CSOUTH, IT-Calabria, IT-SOUTH, IT-Sardinia, IT-Sicily, LT, LV, NL, NO1, NO2, NO3, NO4, NO5, PL, PT, RO, RS, SE1, SE2, SE3, SE4, SI, SK — keeping observed net imports for those borders
📊 Creating merit-order order book for CH on 2025-07-09
      ✅ Added 1102 supply + 72 demand orders
  ➕ Fleet completion: +2465 MW Hydro Run-of-river and pondage (recent p95 2917 MW vs 452 MW unit-level)
  📊 Resolution analysis:
     - Loads & Renewables: PT60M (60 minutes)
     - Loads & Renewables: PT60M (60 minutes)
     → Using finest resolution: 60 minutes
  💧 Hydro: offer scale 1.0, dryness 0.0 (reservoir levels) [reservoir-opportunity]
  🔗 Merged 1728 orders into 336 price-distinct blocks
  ✅ Merit-order book: 1680 supply / 48 demand orders
     ⚖️  Supply/Demand ratio: 2.03  (gas SRMC €88.9/MWh)
      ✅ Added 1680 supply + 48 demand orders
   ✅ Found 84 directional transfer capacity links
✅ Created multi-zone order book (merit-order):
   🌍 Zones: 39  📝 Orders: 21282  🕐 Periods: 24  🔌 Links: 84

⚡ Running multi-zone market clearing optimization...
   🧩 Period-decomposition: 24 independent single-period clears (solver=highs)
      · 12/24 periods (19.2s, last=optimal)
      · 24/24 periods (243.9s, last=optimal)
   ⚓ Anchor ref for AT from CH,IT-NORTH: mean=94.0 €/MWh
   ⚓ Anchor ref for BE from continental proxy DE_LU/NL: mean=84.9 €/MWh
   ⚓ Anchor ref for FR from CH,DE_LU,ES,IT-NORTH: mean=93.0 €/MWh
   ⚓ Anchor ref for NO1 from continental proxy DE_LU/NL: mean=84.9 €/MWh
   ⚓ Anchor ref for NO2 from DE_LU,NL: mean=86.1 €/MWh
   ⚓ Anchor ref for NO3 from continental proxy DE_LU/NL: mean=84.9 €/MWh
   ⚓ Anchor ref for NO5 from continental proxy DE_LU/NL: mean=84.9 €/MWh
   ⚓ Anchor ref for SE3 from DK1: mean=87.8 €/MWh
   ⚓ Anchor ref for SE4 from DK2,LT,PL: mean=80.9 €/MWh
   ⚓ Anchor ref for SI from HU,IT-NORTH: mean=95.8 €/MWh
   ⚓ Anchor ref for SK from continental proxy DE_LU/NL: mean=84.9 €/MWh
   ⚓ Anchor ref for CH from AT,DE_LU,FR,IT-NORTH: mean=78.8 €/MWh

⚓ PASS 2: opportunity-anchored re-clear for AT, BE, FR, NO1, NO2, NO3, NO5, SE3, SE4, SI, SK, CH
🌍 Creating multi-zone order book (merit-order method) for 39 zones
   🔌 Fetching transfer capacities between zones...
📊 Fetching ENTSO-E transfer capacity (enriched: explicit=true, remap=IT→IT-NORTH) for 2025-07-09...
✅ Enriched transfer capacity: 3456 implicit rows, +1104 explicit-only rows, 192 aggregate endpoints remapped, -1200 stale flow-based border-hours dropped, 2016 in-footprint border-hours
✅ Created transfer capacity structure:
   🌍 Bidding zones: 33 (AT, BG, CH, CZ, DE_LU, DK1, DK2, EE, ES, FI, FR, GR, HU, IT-CNORTH, IT-CSOUTH, IT-Calabria, IT-NORTH, IT-SOUTH, IT-Sardinia, IT-Sicily, LT, LV, NL, NO2, PL, PT, RO, RS, SE1, SE2, SE3, SE4, SI)
   🕐 Time periods: 24
   ➡️  Forward capacities: 2016 entries
   ↔️  Bidirectional links: 1880
   ➡️  Unidirectional links: 136
   🚫 Shadowed aggregate codes excluded from observed imports: DE_50HzT, DE_Amprion, DE_TenneT_GER, DE_TransnetBW, DK, IT
   📊 Processing zone AT...
      ℹ️  No usable ATC link to BE, BG, CZ, DE_LU, DK1, DK2, EE, ES, FI, FR, GR, HU, IT-CNORTH, IT-CSOUTH, IT-Calabria, IT-SOUTH, IT-Sardinia, IT-Sicily, LT, LV, NL, NO1, NO2, NO3, NO4, NO5, PL, PT, RO, RS, SE1, SE2, SE3, SE4, SI, SK — keeping observed net imports for those borders
📊 Creating merit-order order book for AT on 2025-07-09
  ➕ Fleet completion: +168 MW Biomass (recent p95 168 MW vs 0 MW unit-level)
  ➕ Fleet completion: +186 MW Hydro Pumped Storage (recent p95 2056 MW vs 1870 MW unit-level)
  ➕ Fleet completion: +831 MW Hydro Water Reservoir (recent p95 966 MW vs 135 MW unit-level)
  ➕ Fleet completion: +4329 MW Hydro Run-of-river and pondage (recent p95 4329 MW vs 0 MW unit-level)
  📊 Resolution analysis:
     - Loads & Renewables: PT15M (15 minutes)
     - Loads & Renewables: PT15M (15 minutes)
     → Using finest resolution: 15 minutes
  🕐 Aggregated 15-min data to hourly (24 slots)
  🛟 Import backstop: peak 2147 MW @ €160.0/MWh (24 hours, 8-week window)
  💧 Hydro: offer scale 0.9, dryness 0.1 (reservoir levels) [reservoir-opportunity]
  🔗 Merged 1488 orders into 484 price-distinct blocks
  ✅ Merit-order book: 1416 supply / 72 demand orders
     ⚖️  Supply/Demand ratio: 1.77  (gas SRMC €88.9/MWh)
   📊 Processing zone BE...
      ℹ️  No usable ATC link to AT, BG, CH, CZ, DE_LU, DK1, DK2, EE, ES, FI, FR, GR, HU, IT-CNORTH, IT-CSOUTH, IT-Calabria, IT-NORTH, IT-SOUTH, IT-Sardinia, IT-Sicily, LT, LV, NL, NO1, NO2, NO3, NO4, NO5, PL, PT, RO, RS, SE1, SE2, SE3, SE4, SI, SK — keeping observed net imports for those borders
      ✅ Added 1416 supply + 72 demand orders
📊 Creating merit-order order book for BE on 2025-07-09
  ➕ Fleet completion: +438 MW Biomass (recent p95 438 MW vs 0 MW unit-level)
  ➕ Fleet completion: +257 MW Waste (recent p95 257 MW vs 0 MW unit-level)
  ➕ Fleet completion: +1006 MW Nuclear (recent p95 2413 MW vs 1407 MW unit-level)
  📊 Resolution analysis:
     - Loads: PT15M (15 minutes)
     - Renewables: PT60M (60 minutes)
     → Using finest resolution: 15 minutes
  📊 Disaggregating renewables from 60min to 15min resolution
  🕐 Aggregated 15-min data to hourly (24 slots)
  🛟 Import backstop: peak 2333 MW @ €160.0/MWh (24 hours, 8-week window)
  💧 Hydro: offer scale 0.75, dryness 0.07 (output-based fallback)
  🔗 Merged 3744 orders into 839 price-distinct blocks
  ✅ Merit-order book: 3672 supply / 72 demand orders
     ⚖️  Supply/Demand ratio: 1.46  (gas SRMC €88.9/MWh)
   📊 Processing zone FR...
      ℹ️  No usable ATC link to AT, BE, BG, CZ, DK1, DK2, EE, FI, GR, HU, IT-CNORTH, IT-CSOUTH, IT-Calabria, IT-SOUTH, IT-Sardinia, IT-Sicily, LT, LV, NL, NO1, NO2, NO3, NO4, NO5, PL, PT, RO, RS, SE1, SE2, SE3, SE4, SI, SK — keeping observed net imports for those borders
      ✅ Added 3672 supply + 72 demand orders
📊 Creating merit-order order book for FR on 2025-07-09
  ➕ Fleet completion: +237 MW Biomass (recent p95 387 MW vs 150 MW unit-level)
  ➕ Fleet completion: +1208 MW Hydro Water Reservoir (recent p95 2439 MW vs 1231 MW unit-level)
  ➕ Fleet completion: +393 MW Waste (recent p95 393 MW vs 0 MW unit-level)
  ➕ Fleet completion: +3432 MW Hydro Run-of-river and pondage (recent p95 5408 MW vs 1976 MW unit-level)
  ➖ Fleet-truthing derate: Nuclear ×0.96 (fleet 49275 MW vs recent p95 41100 MW)
   ♻️  Zone BG: reusing pass-1 book (720 orders)
   ♻️  Zone CZ: reusing pass-1 book (761 orders)
  📊 Resolution analysis:
     - Loads: PT15M (15 minutes)
     - Renewables: PT60M (60 minutes)
     → Using finest resolution: 15 minutes
  📊 Disaggregating renewables from 60min to 15min resolution
  🕐 Aggregated 15-min data to hourly (24 slots)
   ♻️  Zone DE_LU: reusing pass-1 book (1065 orders)
   ♻️  Zone DK1: reusing pass-1 book (456 orders)
   ♻️  Zone DK2: reusing pass-1 book (576 orders)
  ⚛️  Nuclear availability 0.63 → opportunity share 0.7 (tightness 0.55)
   ♻️  Zone EE: reusing pass-1 book (216 orders)
   ♻️  Zone ES: reusing pass-1 book (815 orders)
   ♻️  Zone FI: reusing pass-1 book (1005 orders)
  🛟 Import backstop: peak 1516 MW @ €160.0/MWh (24 hours, 8-week window)
  💧 Hydro: offer scale 0.86, dryness 0.02 (reservoir levels)
  🌐 Boundary book (GB): 120 orders over 24 slots
  🔗 Merged 16537 orders into 1052 price-distinct blocks
  ✅ Merit-order book: 16441 supply / 96 demand orders
     ⚖️  Supply/Demand ratio: 1.7  (gas SRMC €88.9/MWh)
   📊 Processing zone NO1...
      ℹ️  No usable ATC link to AT, BE, BG, CH, CZ, DE_LU, DK1, DK2, EE, ES, FI, FR, GR, HU, IT-CNORTH, IT-CSOUTH, IT-Calabria, IT-NORTH, IT-SOUTH, IT-Sardinia, IT-Sicily, LT, LV, NL, NO2, NO3, NO4, NO5, PL, PT, RO, RS, SE1, SE2, SE3, SE4, SI, SK — keeping observed net imports for those borders
      ✅ Added 16441 supply + 96 demand orders
📊 Creating merit-order order book for NO1 on 2025-07-09
  ➕ Fleet completion: +633 MW Hydro Run-of-river and pondage (recent p95 1748 MW vs 1115 MW unit-level)
   ♻️  Zone GR: reusing pass-1 book (432 orders)
   📊 Processing zone NO2...
      ℹ️  No usable ATC link to AT, BE, BG, CH, CZ, DK1, DK2, EE, ES, FI, FR, GR, HU, IT-CNORTH, IT-CSOUTH, IT-Calabria, IT-NORTH, IT-SOUTH, IT-Sardinia, IT-Sicily, LT, LV, NO1, NO3, NO4, NO5, PL, PT, RO, RS, SE1, SE2, SE3, SE4, SI, SK — keeping observed net imports for those borders
   ♻️  Zone HU: reusing pass-1 book (1114 orders)
📊 Creating merit-order order book for NO2 on 2025-07-09
  ➕ Fleet completion: +438 MW Hydro Run-of-river and pondage (recent p95 553 MW vs 115 MW unit-level)
   ♻️  Zone LT: reusing pass-1 book (240 orders)
   ♻️  Zone LV: reusing pass-1 book (312 orders)
   ♻️  Zone NL: reusing pass-1 book (840 orders)
  📊 Resolution analysis:
     - Loads & Renewables: PT15M (15 minutes)
     - Loads & Renewables: PT15M (15 minutes)
     → Using finest resolution: 15 minutes
  🕐 Aggregated 15-min data to hourly (24 slots)
  💧 Hydro: offer scale 0.85, dryness 0.15 (reservoir levels) [reservoir-opportunity]
  🔗 Merged 2256 orders into 236 price-distinct blocks
  ✅ Merit-order book: 2184 supply / 72 demand orders
     ⚖️  Supply/Demand ratio: 1.73  (gas SRMC €88.9/MWh)
   📊 Processing zone NO3...
      ℹ️  No usable ATC link to AT, BE, BG, CH, CZ, DE_LU, DK1, DK2, EE, ES, FI, FR, GR, HU, IT-CNORTH, IT-CSOUTH, IT-Calabria, IT-NORTH, IT-SOUTH, IT-Sardinia, IT-Sicily, LT, LV, NL, NO1, NO2, NO4, NO5, PL, PT, RO, RS, SE1, SE2, SE3, SE4, SI, SK — keeping observed net imports for those borders
📊 Creating merit-order order book for NO3 on 2025-07-09
  ➕ Fleet completion: +581 MW Hydro Water Reservoir (recent p95 2167 MW vs 1586 MW unit-level)
  ➕ Fleet completion: +884 MW Hydro Run-of-river and pondage (recent p95 988 MW vs 104 MW unit-level)
  📊 Resolution analysis:
     - Loads & Renewables: PT15M (15 minutes)
     - Loads & Renewables: PT15M (15 minutes)
     → Using finest resolution: 15 minutes
  🕐 Aggregated 15-min data to hourly (24 slots)
  🛟 Import backstop: peak 1329 MW @ €160.0/MWh (24 hours, 8-week window)
  💧 Hydro: offer scale 1.0, dryness 0.0 (reservoir levels) [reservoir-opportunity]
  🔗 Merged 1248 orders into 240 price-distinct blocks
  ✅ Merit-order book: 1176 supply / 72 demand orders
     ⚖️  Supply/Demand ratio: 1.41  (gas SRMC €88.9/MWh)
   📊 Processing zone NO5...
      ℹ️  No usable ATC link to AT, BE, BG, CH, CZ, DE_LU, DK1, DK2, EE, ES, FI, FR, GR, HU, IT-CNORTH, IT-CSOUTH, IT-Calabria, IT-NORTH, IT-SOUTH, IT-Sardinia, IT-Sicily, LT, LV, NL, NO1, NO2, NO3, NO4, PL, PT, RO, RS, SE1, SE2, SE3, SE4, SI, SK — keeping observed net imports for those borders
📊 Creating merit-order order book for NO5 on 2025-07-09
  ➕ Fleet completion: +557 MW Hydro Run-of-river and pondage (recent p95 557 MW vs 0 MW unit-level)
  📊 Resolution analysis:
     - Loads & Renewables: PT15M (15 minutes)
     - Loads & Renewables: PT15M (15 minutes)
     → Using finest resolution: 15 minutes
  🕐 Aggregated 15-min data to hourly (24 slots)
  💧 Hydro: offer scale 1.0, dryness 0.0 (reservoir levels) [reservoir-opportunity]
  🔗 Merged 1872 orders into 336 price-distinct blocks
  ✅ Merit-order book: 1800 supply / 72 demand orders
     ⚖️  Supply/Demand ratio: 2.1  (gas SRMC €88.9/MWh)
   📊 Processing zone SE3...
      ℹ️  No usable ATC link to AT, BE, BG, CH, CZ, DE_LU, DK2, EE, ES, FI, FR, GR, HU, IT-CNORTH, IT-CSOUTH, IT-Calabria, IT-NORTH, IT-SOUTH, IT-Sardinia, IT-Sicily, LT, LV, NL, NO1, NO2, NO3, NO4, NO5, PL, PT, RO, RS, SE1, SE2, SE4, SI, SK — keeping observed net imports for those borders
📊 Creating merit-order order book for SE3 on 2025-07-09
  ➕ Fleet completion: +725 MW Hydro Water Reservoir (recent p95 1055 MW vs 330 MW unit-level)
  ➕ Fleet completion: +465 MW Other (recent p95 465 MW vs 0 MW unit-level)
  📊 Resolution analysis:
     - Loads & Renewables: PT60M (60 minutes)
     - Loads & Renewables: PT60M (60 minutes)
     → Using finest resolution: 60 minutes
  🛟 Import backstop: peak 2434 MW @ €160.0/MWh (24 hours, 8-week window)
  💧 Hydro: offer scale 0.93, dryness 0.07 (reservoir levels) [reservoir-opportunity]
  🔗 Merged 1680 orders into 591 price-distinct blocks
  ✅ Merit-order book: 1608 supply / 72 demand orders
     ⚖️  Supply/Demand ratio: 1.17  (gas SRMC €88.9/MWh)
   📊 Processing zone SE4...
      ℹ️  No usable ATC link to AT, BE, BG, CH, CZ, DE_LU, DK1, EE, ES, FI, FR, GR, HU, IT-CNORTH, IT-CSOUTH, IT-Calabria, IT-NORTH, IT-SOUTH, IT-Sardinia, IT-Sicily, LV, NL, NO1, NO2, NO3, NO4, NO5, PT, RO, RS, SE1, SE2, SE3, SI, SK — keeping observed net imports for those borders
📊 Creating merit-order order book for SE4 on 2025-07-09
  ➕ Fleet completion: +110 MW Other (recent p95 110 MW vs 0 MW unit-level)
  📊 Resolution analysis:
     - Loads & Renewables: PT60M (60 minutes)
     - Loads & Renewables: PT60M (60 minutes)
     → Using finest resolution: 60 minutes
  🔗 Merged 816 orders into 432 price-distinct blocks
  ✅ Merit-order book: 768 supply / 48 demand orders
     ⚖️  Supply/Demand ratio: 2.6  (gas SRMC €88.9/MWh)
   📊 Processing zone SI...
      ℹ️  No usable ATC link to AT, BE, BG, CH, CZ, DE_LU, DK1, DK2, EE, ES, FI, FR, GR, IT-CNORTH, IT-CSOUTH, IT-Calabria, IT-SOUTH, IT-Sardinia, IT-Sicily, LT, LV, NL, NO1, NO2, NO3, NO4, NO5, PL, PT, RO, RS, SE1, SE2, SE3, SE4, SK — keeping observed net imports for those borders
📊 Creating merit-order order book for SI on 2025-07-09
  ➕ Fleet completion: +513 MW Hydro Run-of-river and pondage (recent p95 755 MW vs 242 MW unit-level)
  ➖ Fleet-truthing derate: Fossil Brown coal/Lignite ×0.0 (fleet 978 MW vs recent p95 3 MW)
  📊 Resolution analysis:
     - Loads & Renewables: PT60M (60 minutes)
     - Loads & Renewables: PT60M (60 minutes)
     → Using finest resolution: 60 minutes
  🛟 Import backstop: peak 572 MW @ €160.0/MWh (24 hours, 8-week window)
  💧 Hydro: offer scale 0.96, dryness 0.0 (reservoir levels)
  🔗 Merged 1778 orders into 580 price-distinct blocks
  ✅ Merit-order book: 1728 supply / 50 demand orders
     ⚖️  Supply/Demand ratio: 2.06  (gas SRMC €88.9/MWh)
   📊 Processing zone SK...
      ℹ️  No usable ATC link to AT, BE, BG, CH, CZ, DE_LU, DK1, DK2, EE, ES, FI, FR, GR, HU, IT-CNORTH, IT-CSOUTH, IT-Calabria, IT-NORTH, IT-SOUTH, IT-Sardinia, IT-Sicily, LT, LV, NL, NO1, NO2, NO3, NO4, NO5, PL, PT, RO, RS, SE1, SE2, SE3, SE4, SI — keeping observed net imports for those borders
📊 Creating merit-order order book for SK on 2025-07-09
  ➕ Fleet completion: +112 MW Biomass (recent p95 112 MW vs 0 MW unit-level)
  ➕ Fleet completion: +167 MW Hydro Water Reservoir (recent p95 167 MW vs 0 MW unit-level)
  ➕ Fleet completion: +484 MW Hydro Run-of-river and pondage (recent p95 484 MW vs 0 MW unit-level)
  ➖ Fleet-truthing derate: Fossil Brown coal/Lignite ×0.0 (fleet 330 MW vs recent p95 0 MW)
  ➖ Fleet-truthing derate: Fossil Hard coal ×0.0 (fleet 220 MW vs recent p95 0 MW)
  📊 Resolution analysis:
     - Loads: PT15M (15 minutes)
     - Renewables: PT60M (60 minutes)
     → Using finest resolution: 15 minutes
  📊 Disaggregating renewables from 60min to 15min resolution
  🕐 Aggregated 15-min data to hourly (24 slots)
  💧 Hydro: offer scale 0.83, dryness 0.0 (output-based fallback)
  🌐 Boundary book (UA): 104 orders over 24 slots
  🔗 Merged 2288 orders into 690 price-distinct blocks
  ✅ Merit-order book: 2148 supply / 140 demand orders
     ⚖️  Supply/Demand ratio: 1.1  (gas SRMC €88.9/MWh)
   📊 Processing zone CH...
      ℹ️  No usable ATC link to BE, BG, CZ, DK1, DK2, EE, ES, FI, GR, HU, IT-CNORTH, IT-CSOUTH, IT-Calabria, IT-SOUTH, IT-Sardinia, IT-Sicily, LT, LV, NL, NO1, NO2, NO3, NO4, NO5, PL, PT, RO, RS, SE1, SE2, SE3, SE4, SI, SK — keeping observed net imports for those borders
📊 Creating merit-order order book for CH on 2025-07-09
  ➕ Fleet completion: +2465 MW Hydro Run-of-river and pondage (recent p95 2917 MW vs 452 MW unit-level)
  📊 Resolution analysis:
     - Loads & Renewables: PT60M (60 minutes)
     - Loads & Renewables: PT60M (60 minutes)
     → Using finest resolution: 60 minutes
  💧 Hydro: offer scale 1.0, dryness 0.0 (reservoir levels) [reservoir-opportunity]
  🔗 Merged 1728 orders into 336 price-distinct blocks
  ✅ Merit-order book: 1680 supply / 48 demand orders
     ⚖️  Supply/Demand ratio: 2.03  (gas SRMC €88.9/MWh)
  📊 Resolution analysis:
     - Loads & Renewables: PT15M (15 minutes)
     - Loads & Renewables: PT15M (15 minutes)
     → Using finest resolution: 15 minutes
  🕐 Aggregated 15-min data to hourly (24 slots)
  🛟 Import backstop: peak 786 MW @ €160.0/MWh (23 hours, 8-week window)
  💧 Hydro: offer scale 0.85, dryness 0.15 (reservoir levels) [reservoir-opportunity]
  🔗 Merged 3815 orders into 263 price-distinct blocks
  ✅ Merit-order book: 3743 supply / 72 demand orders
     ⚖️  Supply/Demand ratio: 1.06  (gas SRMC €88.9/MWh)
      ✅ Added 3743 supply + 72 demand orders
      ✅ Added 2184 supply + 72 demand orders
      ✅ Added 1176 supply + 72 demand orders
   ♻️  Zone NO4: reusing pass-1 book (336 orders)
      ✅ Added 1800 supply + 72 demand orders
   ♻️  Zone PL: reusing pass-1 book (1077 orders)
   ♻️  Zone PT: reusing pass-1 book (432 orders)
   ♻️  Zone RO: reusing pass-1 book (680 orders)
   ♻️  Zone RS: reusing pass-1 book (456 orders)
   ♻️  Zone SE1: reusing pass-1 book (96 orders)
   ♻️  Zone SE2: reusing pass-1 book (96 orders)
      ✅ Added 1608 supply + 72 demand orders
      ✅ Added 768 supply + 48 demand orders
      ✅ Added 1728 supply + 50 demand orders
      ✅ Added 2148 supply + 140 demand orders
   ♻️  Zone IT-NORTH: reusing pass-1 book (670 orders)
   ♻️  Zone IT-CNORTH: reusing pass-1 book (432 orders)
   ♻️  Zone IT-CSOUTH: reusing pass-1 book (576 orders)
   ♻️  Zone IT-SOUTH: reusing pass-1 book (552 orders)
   ♻️  Zone IT-Calabria: reusing pass-1 book (454 orders)
   ♻️  Zone IT-Sicily: reusing pass-1 book (478 orders)
   ♻️  Zone IT-Sardinia: reusing pass-1 book (574 orders)
      ✅ Added 1680 supply + 48 demand orders
   ✅ Found 84 directional transfer capacity links
✅ Created multi-zone order book (merit-order):
   🌍 Zones: 39  📝 Orders: 21540  🕐 Periods: 24  🔌 Links: 84

⚡ Running pass-2 market clearing optimization...
   🧩 Period-decomposition: 24 independent single-period clears (solver=highs)
      · 12/24 periods (36.7s, last=optimal)
      · 24/24 periods (201.7s, last=optimal, 1 non-optimal)
   ⚓ Pass 2 accepted (status=time_limit, solve=201.5s; pass 1 was 243.6s)

============================================================
📊 MULTI-ZONE CLEARING RESULTS
============================================================
   Status: time_limit
   Solve time: 201.47s (total: 451.62s)
   Objective value: 2.038944765052e10

💰 Zonal Clearing Prices (avg):
   AT: avg=€58.35/MWh (min=4.8, max=88.89)
   BE: avg=€78.07/MWh (min=47.65, max=98.05)
   BG: avg=€108.2/MWh (min=84.44, max=160.0)
   CZ: avg=€94.95/MWh (min=84.44, max=103.52)
   DE_LU: avg=€88.9/MWh (min=57.01, max=103.52)
   DK1: avg=€88.23/MWh (min=57.01, max=103.52)
   DK2: avg=€88.79/MWh (min=57.57, max=103.52)
   EE: avg=€63.28/MWh (min=39.66, max=84.44)
   ES: avg=€79.23/MWh (min=22.57, max=155.55)
   FI: avg=€45.61/MWh (min=9.5, max=84.44)
   FR: avg=€55.76/MWh (min=22.57, max=90.47)
   GR: avg=€94.55/MWh (min=48.89, max=160.0)
   HU: avg=€79.64/MWh (min=48.89, max=109.78)
   LT: avg=€67.93/MWh (min=48.89, max=85.19)
   LV: avg=€67.93/MWh (min=48.89, max=85.19)
   NL: avg=€83.48/MWh (min=57.0, max=92.58)
   NO1: avg=€84.36/MWh (min=52.94, max=98.05)
   NO2: avg=€83.04/MWh (min=57.01, max=88.89)
   NO3: avg=€75.92/MWh (min=47.65, max=88.24)
   NO4: avg=€28.13/MWh (min=18.67, max=33.91)
   NO5: avg=€75.92/MWh (min=47.65, max=88.24)
   PL: avg=€93.53/MWh (min=92.58, max=103.52)
   PT: avg=€79.23/MWh (min=22.57, max=155.55)
   RO: avg=€108.2/MWh (min=84.44, max=160.0)
   RS: avg=€108.2/MWh (min=84.44, max=160.0)
   SE1: avg=€33.04/MWh (min=21.76, max=39.89)
   SE2: avg=€31.32/MWh (min=1.0, max=37.31)
   SE3: avg=€84.4/MWh (min=55.2, max=103.52)
   SE4: avg=€70.34/MWh (min=57.57, max=88.89)
   SI: avg=€57.39/MWh (min=9.5, max=109.78)
   SK: avg=€77.79/MWh (min=47.65, max=98.05)
   IT-NORTH: avg=€105.38/MWh (min=101.33, max=166.43)
   IT-CNORTH: avg=€118.66/MWh (min=101.33, max=229.78)
   IT-CSOUTH: avg=€118.66/MWh (min=101.33, max=229.78)
   IT-SOUTH: avg=€82.77/MWh (min=1.0, max=229.78)
   IT-Calabria: avg=€82.77/MWh (min=1.0, max=229.78)
   IT-Sicily: avg=€83.75/MWh (min=1.0, max=229.78)
   IT-Sardinia: avg=€114.9/MWh (min=85.5, max=229.78)
   CH: avg=€88.9/MWh (min=57.01, max=103.52)

🔌 Cross-Border Flows (avg):
   DE_LU_to_NL: avg=-230.0MW (min=-1018.8, max=-0.0)
   RO_to_RS: avg=-104.9MW (min=-594.0, max=1129.0)
   CH_to_DE_LU: avg=682.9MW (min=-1465.0, max=3792.4)
   IT-Sicily_to_IT-Calabria: avg=-711.3MW (min=-1382.0, max=344.1)
   EE_to_LV: avg=10.6MW (min=-325.7, max=175.6)
   DK2_to_SE4: avg=13.5MW (min=-170.8, max=578.0)
   RS_to_HU: avg=-175.6MW (min=-239.0, max=-123.0)
   IT-CSOUTH_to_IT-CNORTH: avg=-145.4MW (min=-3935.6, max=5058.5)
   FR_to_ES: avg=-386.2MW (min=-2750.0, max=516.7)
   RS_to_BG: avg=-195.6MW (min=-395.0, max=460.0)
   DK1_to_DE_LU: avg=190.3MW (min=-1037.2, max=1550.8)
   ES_to_PT: avg=290.1MW (min=-2681.6, max=2636.5)
   EE_to_FI: avg=-178.1MW (min=-331.3, max=-78.4)
   CZ_to_DE_LU: avg=-20.3MW (min=-729.5, max=585.1)
   PT_to_ES: avg=-684.1MW (min=-2889.0, max=2793.6)
   LT_to_SE4: avg=-32.4MW (min=-343.6, max=326.0)
   DK1_to_NL: avg=-485.1MW (min=-700.0, max=54.7)
   BG_to_GR: avg=-168.7MW (min=-1162.1, max=1586.4)
   CH_to_IT-NORTH: avg=2505.4MW (min=833.2, max=3184.0)
   IT-CSOUTH_to_IT-Sardinia: avg=-23.5MW (min=-328.0, max=316.8)
   LT_to_PL: avg=88.3MW (min=15.5, max=357.4)
   PL_to_SE4: avg=-85.9MW (min=-331.5, max=-46.2)
   FR_to_DE_LU: avg=25.2MW (min=-0.0, max=135.4)
   LT_to_LV: avg=-525.8MW (min=-853.5, max=296.8)
   BG_to_RO: avg=-500.2MW (min=-2241.0, max=1645.0)
   FI_to_EE: avg=26.7MW (min=-285.5, max=215.0)
   NL_to_DE_LU: avg=229.7MW (min=-0.0, max=1012.5)
   DK1_to_SE3: avg=-10.6MW (min=-61.7, max=56.7)
   RO_to_BG: avg=-1312.7MW (min=-1966.0, max=1594.1)
   IT-Sardinia_to_IT-CSOUTH: avg=-230.9MW (min=-614.6, max=171.2)
   DE_LU_to_DK2: avg=11.9MW (min=-297.7, max=290.8)
   IT-SOUTH_to_IT-CSOUTH: avg=-454.8MW (min=-3157.0, max=1819.6)
   IT-CNORTH_to_IT-CSOUTH: avg=-1251.4MW (min=-4382.0, max=3460.9)
   AT_to_IT-NORTH: avg=42.8MW (min=29.0, max=69.3)
   GR_to_BG: avg=79.9MW (min=-1393.3, max=1329.1)
   FR_to_CH: avg=108.6MW (min=-0.0, max=1064.0)
   AT_to_CH: avg=-17.6MW (min=-587.1, max=291.8)
   BG_to_RS: avg=-87.6MW (min=-494.0, max=395.0)
   FR_to_IT-NORTH: avg=237.4MW (min=176.7, max=366.2)
   CH_to_AT: avg=-16.3MW (min=-291.8, max=198.8)
   HU_to_RS: avg=164.0MW (min=71.6, max=239.0)
   CZ_to_PL: avg=-175.4MW (min=-1129.7, max=728.7)
   SE3_to_DK1: avg=-5.5MW (min=-221.3, max=61.7)
   DE_LU_to_CH: avg=-1378.3MW (min=-4165.0, max=1615.0)
   HU_to_SI: avg=-51.8MW (min=-360.7, max=264.2)
   IT-NORTH_to_IT-CNORTH: avg=-277.6MW (min=-4101.2, max=3543.0)
   NL_to_NO2: avg=90.1MW (min=-172.1, max=337.8)
   PL_to_CZ: avg=43.3MW (min=-533.2, max=1026.2)
   DK1_to_DK2: avg=-69.3MW (min=-295.6, max=224.0)
   DK2_to_DE_LU: avg=-46.4MW (min=-290.8, max=297.7)
   DE_LU_to_NO2: avg=-137.5MW (min=-361.2, max=457.6)
   CH_to_FR: avg=-108.6MW (min=-1064.0, max=-0.0)
   IT-Calabria_to_IT-Sicily: avg=-156.0MW (min=-1102.0, max=1241.9)
   IT-CNORTH_to_IT-NORTH: avg=-329.9MW (min=-3232.8, max=3772.2)
   SE4_to_LT: avg=-67.3MW (min=-326.0, max=269.6)
   NL_to_DK1: avg=381.0MW (min=-383.8, max=700.0)
   IT-NORTH_to_FR: avg=-237.4MW (min=-366.2, max=-176.7)
   IT-SOUTH_to_IT-Calabria: avg=-1143.7MW (min=-2792.7, max=1740.3)
   SE1_to_SE2: avg=-105.7MW (min=-619.8, max=0.0)
   ES_to_FR: avg=-277.3MW (min=-566.7, max=2687.5)
   DK2_to_DK1: avg=-88.4MW (min=-289.0, max=293.2)
   SE4_to_DK2: avg=-35.8MW (min=-658.3, max=170.8)
   IT-NORTH_to_SI: avg=-100.9MW (min=-554.0, max=-33.9)
   SE2_to_SE1: avg=91.7MW (min=-0.0, max=297.7)
   PL_to_LT: avg=-88.3MW (min=-357.4, max=-15.5)
   SI_to_HU: avg=20.2MW (min=-478.0, max=241.7)
   RS_to_RO: avg=-420.1MW (min=-1129.0, max=571.0)
   NO2_to_DE_LU: avg=99.2MW (min=-457.6, max=333.8)
   SI_to_IT-NORTH: avg=99.6MW (min=33.9, max=525.6)
   SE4_to_PL: avg=85.9MW (min=46.2, max=331.5)
   DE_LU_to_PL: avg=-40.3MW (min=-912.2, max=315.9)
   DE_LU_to_DK1: avg=-703.7MW (min=-1663.3, max=1021.8)
   DE_LU_to_CZ: avg=4.9MW (min=-585.1, max=505.4)
   IT-CSOUTH_to_IT-SOUTH: avg=-2009.9MW (min=-4224.7, max=-0.0)
   NO2_to_NL: avg=-103.8MW (min=-337.8, max=172.1)
   LV_to_LT: avg=-66.5MW (min=-664.9, max=736.2)
   IT-NORTH_to_AT: avg=-42.8MW (min=-69.3, max=-29.0)
   IT-NORTH_to_CH: avg=-2445.5MW (min=-3184.0, max=-780.4)
   DE_LU_to_FR: avg=-25.2MW (min=-135.4, max=-0.0)
   PL_to_DE_LU: avg=25.7MW (min=-315.9, max=912.2)
   LV_to_EE: avg=-97.2MW (min=-410.0, max=85.3)
   IT-Calabria_to_IT-SOUTH: avg=-919.6MW (min=-2107.7, max=2180.3)

============================================================
   🔮 Ex-ante flow mode: v3 (scoped default)
   🧩 Period-decomposition ENABLED (per-period independent clears; policy: canonical on the EU path)
============================================================
🌍 MULTI-ZONE MARKET CLEARING WITH TRANSMISSION FLOWS
   Date: 2025-07-09
============================================================

📋 Target zones: AT, BE, BG, CZ, DE_LU, DK1, DK2, EE, ES, FI, FR, GR, HU, LT, LV, NL, NO1, NO2, NO3, NO4, NO5, PL, PT, RO, RS, SE1, SE2, SE3, SE4, SI, SK, IT-NORTH, IT-CNORTH, IT-CSOUTH, IT-SOUTH, IT-Calabria, IT-Sicily, IT-Sardinia, CH
   📋 Order method: merit_order

📊 Creating multi-zone order book...
🌍 Creating multi-zone order book (merit-order method) for 39 zones
   🔌 Fetching transfer capacities between zones...
📊 Fetching ENTSO-E transfer capacity (enriched: explicit=true, remap=IT→IT-NORTH) for 2025-07-09...
✅ Enriched transfer capacity: 3456 implicit rows, +1104 explicit-only rows, 192 aggregate endpoints remapped, -1200 stale flow-based border-hours dropped, 2016 in-footprint border-hours
✅ Created transfer capacity structure:
   🌍 Bidding zones: 33 (AT, BG, CH, CZ, DE_LU, DK1, DK2, EE, ES, FI, FR, GR, HU, IT-CNORTH, IT-CSOUTH, IT-Calabria, IT-NORTH, IT-SOUTH, IT-Sardinia, IT-Sicily, LT, LV, NL, NO2, PL, PT, RO, RS, SE1, SE2, SE3, SE4, SI)
   🕐 Time periods: 24
   ➡️  Forward capacities: 2016 entries
   ↔️  Bidirectional links: 1880
   ➡️  Unidirectional links: 136
   🚫 Shadowed aggregate codes excluded from observed imports: DE_50HzT, DE_Amprion, DE_TenneT_GER, DE_TransnetBW, DK, IT
   📊 Processing zone AT...
      ℹ️  No usable ATC link to BE, BG, CZ, DE_LU, DK1, DK2, EE, ES, FI, FR, GR, HU, IT-CNORTH, IT-CSOUTH, IT-Calabria, IT-SOUTH, IT-Sardinia, IT-Sicily, LT, LV, NL, NO1, NO2, NO3, NO4, NO5, PL, PT, RO, RS, SE1, SE2, SE3, SE4, SI, SK — keeping observed net imports for those borders
📊 Creating merit-order order book for AT on 2025-07-09
  ➕ Fleet completion: +168 MW Biomass (recent p95 168 MW vs 0 MW unit-level)
  ➕ Fleet completion: +186 MW Hydro Pumped Storage (recent p95 2056 MW vs 1870 MW unit-level)
  ➕ Fleet completion: +831 MW Hydro Water Reservoir (recent p95 966 MW vs 135 MW unit-level)
  ➕ Fleet completion: +4329 MW Hydro Run-of-river and pondage (recent p95 4329 MW vs 0 MW unit-level)
  📊 Resolution analysis:
     - Loads & Renewables: PT15M (15 minutes)
     - Loads & Renewables: PT15M (15 minutes)
     → Using finest resolution: 15 minutes
  🕐 Aggregated 15-min data to hourly (24 slots)
  🛟 Import backstop: peak 2147 MW @ €160.0/MWh (24 hours, 8-week window)
  💧 Hydro: offer scale 0.9, dryness 0.1 (reservoir levels) [reservoir-opportunity]
  🔗 Merged 1464 orders into 456 price-distinct blocks
  ✅ Merit-order book: 1416 supply / 48 demand orders
     ⚖️  Supply/Demand ratio: 2.25  (gas SRMC €88.9/MWh)
   📊 Processing zone BE...
      ℹ️  No usable ATC link to AT, BG, CH, CZ, DE_LU, DK1, DK2, EE, ES, FI, FR, GR, HU, IT-CNORTH, IT-CSOUTH, IT-Calabria, IT-NORTH, IT-SOUTH, IT-Sardinia, IT-Sicily, LT, LV, NL, NO1, NO2, NO3, NO4, NO5, PL, PT, RO, RS, SE1, SE2, SE3, SE4, SI, SK — keeping observed net imports for those borders
📊 Creating merit-order order book for BE on 2025-07-09
  ➕ Fleet completion: +438 MW Biomass (recent p95 438 MW vs 0 MW unit-level)
  ➕ Fleet completion: +257 MW Waste (recent p95 257 MW vs 0 MW unit-level)
  ➕ Fleet completion: +1006 MW Nuclear (recent p95 2413 MW vs 1407 MW unit-level)
      ✅ Added 1416 supply + 48 demand orders
  📊 Resolution analysis:
     - Loads: PT15M (15 minutes)
     - Renewables: PT60M (60 minutes)
     → Using finest resolution: 15 minutes
  📊 Disaggregating renewables from 60min to 15min resolution
  🕐 Aggregated 15-min data to hourly (24 slots)
  🛟 Import backstop: peak 2333 MW @ €160.0/MWh (24 hours, 8-week window)
  💧 Hydro: offer scale 0.75, dryness 0.07 (output-based fallback)
  🔗 Merged 3720 orders into 791 price-distinct blocks
  ✅ Merit-order book: 3672 supply / 48 demand orders
     ⚖️  Supply/Demand ratio: 1.55  (gas SRMC €88.9/MWh)
   📊 Processing zone BG...
      ℹ️  No usable ATC link to AT, BE, CH, CZ, DE_LU, DK1, DK2, EE, ES, FI, FR, HU, IT-CNORTH, IT-CSOUTH, IT-Calabria, IT-NORTH, IT-SOUTH, IT-Sardinia, IT-Sicily, LT, LV, NL, NO1, NO2, NO3, NO4, NO5, PL, PT, SE1, SE2, SE3, SE4, SI, SK — keeping observed net imports for those borders
📊 Creating merit-order order book for BG on 2025-07-09
      ✅ Added 3672 supply + 48 demand orders
  ➕ Fleet completion: +441 MW Hydro Water Reservoir (recent p95 681 MW vs 240 MW unit-level)
  ➕ Fleet completion: +264 MW Hydro Run-of-river and pondage (recent p95 264 MW vs 0 MW unit-level)
  ➖ Fleet-truthing derate: Fossil Brown coal/Lignite ×0.38 (fleet 2455 MW vs recent p95 815 MW)
  📊 Resolution analysis:
     - Loads & Renewables: PT60M (60 minutes)
     - Loads & Renewables: PT60M (60 minutes)
     → Using finest resolution: 60 minutes
  💧 Hydro: offer scale 0.95, dryness 0.15 (reservoir levels)
  🔗 Merged 2304 orders into 720 price-distinct blocks
  ✅ Merit-order book: 2242 supply / 62 demand orders
     ⚖️  Supply/Demand ratio: 1.54  (gas SRMC €88.9/MWh)
   📊 Processing zone CZ...
      ℹ️  No usable ATC link to AT, BE, BG, CH, DK1, DK2, EE, ES, FI, FR, GR, HU, IT-CNORTH, IT-CSOUTH, IT-Calabria, IT-NORTH, IT-SOUTH, IT-Sardinia, IT-Sicily, LT, LV, NL, NO1, NO2, NO3, NO4, NO5, PT, RO, RS, SE1, SE2, SE3, SE4, SI, SK — keeping observed net imports for those borders
📊 Creating merit-order order book for CZ on 2025-07-09
      ✅ Added 2242 supply + 62 demand orders
  ➕ Fleet completion: +359 MW Biomass (recent p95 359 MW vs 0 MW unit-level)
  ➕ Fleet completion: +325 MW Hydro Pumped Storage (installed 1130 MW vs 805 MW unit-level)
  ➕ Fleet completion: +246 MW Hydro Water Reservoir (recent p95 390 MW vs 144 MW unit-level)
  ➕ Fleet completion: +122 MW Hydro Run-of-river and pondage (recent p95 122 MW vs 0 MW unit-level)
  ➕ Fleet completion: +197 MW Fossil Gas (installed 1229 MW vs 1032 MW unit-level)
  ➕ Fleet completion: +1533 MW Fossil Brown coal/Lignite (installed 5663 MW vs 4130 MW unit-level)
  ➕ Fleet completion: +269 MW Other renewable (recent p95 269 MW vs 0 MW unit-level)
  ➕ Fleet completion: +1085 MW Nuclear (installed 4290 MW vs 3205 MW unit-level)
  📊 Resolution analysis:
     - Loads & Renewables: PT15M (15 minutes)
     - Loads & Renewables: PT15M (15 minutes)
     → Using finest resolution: 15 minutes
  🕐 Aggregated 15-min data to hourly (24 slots)
  💧 Hydro: offer scale 0.53, dryness 0.08 (output-based fallback)
  🔗 Merged 3814 orders into 761 price-distinct blocks
  ✅ Merit-order book: 3766 supply / 48 demand orders
     ⚖️  Supply/Demand ratio: 1.98  (gas SRMC €88.9/MWh)
   📊 Processing zone DE_LU...
      ℹ️  No usable ATC link to AT, BE, BG, EE, ES, FI, GR, HU, IT-CNORTH, IT-CSOUTH, IT-Calabria, IT-NORTH, IT-SOUTH, IT-Sardinia, IT-Sicily, LT, LV, NO1, NO3, NO4, NO5, PT, RO, RS, SE1, SE2, SE3, SE4, SI, SK — keeping observed net imports for those borders
📊 Creating merit-order order book for DE_LU on 2025-07-09
      ✅ Added 3766 supply + 48 demand orders
  ➕ Fleet completion: +4530 MW Biomass (recent p95 4530 MW vs 0 MW unit-level)
  ➕ Fleet completion: +1782 MW Hydro Pumped Storage (installed 7495 MW vs 5713 MW unit-level)
  ➕ Fleet completion: +142 MW Hydro Water Reservoir (recent p95 642 MW vs 500 MW unit-level)
  ➕ Fleet completion: +147 MW Other (recent p95 147 MW vs 0 MW unit-level)
  ➕ Fleet completion: +528 MW Waste (recent p95 637 MW vs 109 MW unit-level)
  ➕ Fleet completion: +1411 MW Hydro Run-of-river and pondage (recent p95 1875 MW vs 464 MW unit-level)
  ➕ Fleet completion: +6150 MW Fossil Gas (installed 19529 MW vs 13379 MW unit-level)
  ➕ Fleet completion: +13962 MW Fossil Hard coal (installed 20831 MW vs 6869 MW unit-level)
  ➕ Fleet completion: +8497 MW Fossil Brown coal/Lignite (installed 19572 MW vs 11075 MW unit-level)
  ➕ Fleet completion: +772 MW Fossil Oil (installed 1142 MW vs 370 MW unit-level)
  ➕ Fleet completion: +474 MW Fossil Coal-derived gas (installed 1245 MW vs 771 MW unit-level)
  📊 Resolution analysis:
     - Loads & Renewables: PT15M (15 minutes)
     - Loads & Renewables: PT15M (15 minutes)
     → Using finest resolution: 15 minutes
  🕐 Aggregated 15-min data to hourly (24 slots)
  💧 Hydro: offer scale 0.7, dryness 0.02 (output-based fallback)
  🔗 Merged 13224 orders into 1065 price-distinct blocks
  ✅ Merit-order book: 13176 supply / 48 demand orders
     ⚖️  Supply/Demand ratio: 1.84  (gas SRMC €88.9/MWh)
   📊 Processing zone DK1...
      ℹ️  No usable ATC link to AT, BE, BG, CH, CZ, EE, ES, FI, FR, GR, HU, IT-CNORTH, IT-CSOUTH, IT-Calabria, IT-NORTH, IT-SOUTH, IT-Sardinia, IT-Sicily, LT, LV, NO1, NO2, NO3, NO4, NO5, PL, PT, RO, RS, SE1, SE2, SE4, SI, SK — keeping observed net imports for those borders
📊 Creating merit-order order book for DK1 on 2025-07-09
      ✅ Added 13176 supply + 48 demand orders
  ➖ Fleet-truthing derate: Fossil Hard coal ×0.0 (fleet 1486 MW vs recent p95 0 MW)
  📊 Resolution analysis:
     - Loads: PT60M (60 minutes)
     - Renewables: PT15M (15 minutes)
     → Using finest resolution: 15 minutes
  📊 Disaggregating loads from 60min to 15min resolution
  🕐 Aggregated 15-min data to hourly (24 slots)
  🛟 Import backstop: peak 2169 MW @ €160.0/MWh (24 hours, 8-week window)
  🌐 Boundary book (GB): 120 orders over 24 slots
  🔗 Merged 480 orders into 456 price-distinct blocks
  ✅ Merit-order book: 384 supply / 96 demand orders
     ⚖️  Supply/Demand ratio: 1.57  (gas SRMC €88.9/MWh)
   📊 Processing zone DK2...
      ℹ️  No usable ATC link to AT, BE, BG, CH, CZ, EE, ES, FI, FR, GR, HU, IT-CNORTH, IT-CSOUTH, IT-Calabria, IT-NORTH, IT-SOUTH, IT-Sardinia, IT-Sicily, LT, LV, NL, NO1, NO2, NO3, NO4, NO5, PL, PT, RO, RS, SE1, SE2, SE3, SI, SK — keeping observed net imports for those borders
📊 Creating merit-order order book for DK2 on 2025-07-09
      ✅ Added 384 supply + 96 demand orders
  ➕ Fleet completion: +109 MW Waste (recent p95 109 MW vs 0 MW unit-level)
  ➖ Fleet-truthing derate: Fossil Hard coal ×0.07 (fleet 1037 MW vs recent p95 59 MW)
  📊 Resolution analysis:
     - Loads: PT60M (60 minutes)
     - Renewables: PT15M (15 minutes)
     → Using finest resolution: 15 minutes
  📊 Disaggregating loads from 60min to 15min resolution
  🕐 Aggregated 15-min data to hourly (24 slots)
  🛟 Import backstop: peak 957 MW @ €160.0/MWh (24 hours, 8-week window)
  🔗 Merged 1104 orders into 576 price-distinct blocks
  ✅ Merit-order book: 1056 supply / 48 demand orders
     ⚖️  Supply/Demand ratio: 1.81  (gas SRMC €88.9/MWh)
   📊 Processing zone EE...
      ℹ️  No usable ATC link to AT, BE, BG, CH, CZ, DE_LU, DK1, DK2, ES, FR, GR, HU, IT-CNORTH, IT-CSOUTH, IT-Calabria, IT-NORTH, IT-SOUTH, IT-Sardinia, IT-Sicily, LT, NL, NO1, NO2, NO3, NO4, NO5, PL, PT, RO, RS, SE1, SE2, SE3, SE4, SI, SK — keeping observed net imports for those borders
📊 Creating merit-order order book for EE on 2025-07-09
      ✅ Added 1056 supply + 48 demand orders
  ➕ Fleet completion: +443 MW Fossil Oil shale (installed 1330 MW vs 887 MW unit-level)
  📊 Resolution analysis:
     - Loads & Renewables: PT60M (60 minutes)
     - Loads & Renewables: PT60M (60 minutes)
     → Using finest resolution: 60 minutes
  🔗 Merged 888 orders into 216 price-distinct blocks
  ✅ Merit-order book: 840 supply / 48 demand orders
     ⚖️  Supply/Demand ratio: 1.94  (gas SRMC €88.9/MWh)
   📊 Processing zone ES...
      ℹ️  No usable ATC link to AT, BE, BG, CH, CZ, DE_LU, DK1, DK2, EE, FI, GR, HU, IT-CNORTH, IT-CSOUTH, IT-Calabria, IT-NORTH, IT-SOUTH, IT-Sardinia, IT-Sicily, LT, LV, NL, NO1, NO2, NO3, NO4, NO5, PL, RO, RS, SE1, SE2, SE3, SE4, SI, SK — keeping observed net imports for those borders
      ✅ Added 840 supply + 48 demand orders
📊 Creating merit-order order book for ES on 2025-07-09
  ➕ Fleet completion: +500 MW Biomass (recent p95 500 MW vs 0 MW unit-level)
  ➕ Fleet completion: +133 MW Hydro Water Reservoir (recent p95 4176 MW vs 4043 MW unit-level)
  ➕ Fleet completion: +248 MW Waste (recent p95 248 MW vs 0 MW unit-level)
  ➕ Fleet completion: +1156 MW Hydro Run-of-river and pondage (recent p95 1156 MW vs 0 MW unit-level)
  ➖ Fleet-truthing derate: Fossil Hard coal ×0.44 (fleet 916 MW vs recent p95 352 MW)
  📊 Resolution analysis:
     - Loads & Renewables: PT15M (15 minutes)
     - Loads & Renewables: PT15M (15 minutes)
     → Using finest resolution: 15 minutes
  🕐 Aggregated 15-min data to hourly (24 slots)
  💧 Hydro: offer scale 0.88, dryness 0.0 (reservoir levels)
  🔗 Merged 10992 orders into 815 price-distinct blocks
  ✅ Merit-order book: 10944 supply / 48 demand orders
     ⚖️  Supply/Demand ratio: 1.58  (gas SRMC €88.9/MWh)
   📊 Processing zone FI...
      ℹ️  No usable ATC link to AT, BE, BG, CH, CZ, DE_LU, DK1, DK2, ES, FR, GR, HU, IT-CNORTH, IT-CSOUTH, IT-Calabria, IT-NORTH, IT-SOUTH, IT-Sardinia, IT-Sicily, LT, LV, NL, NO1, NO2, NO3, NO4, NO5, PL, PT, RO, RS, SE1, SE2, SE3, SE4, SI, SK — keeping observed net imports for those borders
📊 Creating merit-order order book for FI on 2025-07-09
      ✅ Added 10944 supply + 48 demand orders
  ➕ Fleet completion: +232 MW Biomass (recent p95 867 MW vs 635 MW unit-level)
  ➕ Fleet completion: +2123 MW Hydro Run-of-river and pondage (recent p95 2123 MW vs 0 MW unit-level)
  ➕ Fleet completion: +178 MW Nuclear (recent p95 4155 MW vs 3977 MW unit-level)
  ➖ Fleet-truthing derate: Fossil Hard coal ×0.0 (fleet 1878 MW vs recent p95 2 MW)
  ➖ Fleet-truthing derate: Fossil Peat ×0.06 (fleet 820 MW vs recent p95 44 MW)
  📊 Resolution analysis:
     - Loads & Renewables: PT15M (15 minutes)
     - Loads & Renewables: PT15M (15 minutes)
     → Using finest resolution: 15 minutes
  🕐 Aggregated 15-min data to hourly (24 slots)
  💧 Hydro: offer scale 0.92, dryness 0.08 (reservoir levels) [reservoir-opportunity]
  🔗 Merged 4680 orders into 1005 price-distinct blocks
  ✅ Merit-order book: 4632 supply / 48 demand orders
     ⚖️  Supply/Demand ratio: 1.28  (gas SRMC €88.9/MWh)
   📊 Processing zone FR...
      ℹ️  No usable ATC link to AT, BE, BG, CZ, DK1, DK2, EE, FI, GR, HU, IT-CNORTH, IT-CSOUTH, IT-Calabria, IT-SOUTH, IT-Sardinia, IT-Sicily, LT, LV, NL, NO1, NO2, NO3, NO4, NO5, PL, PT, RO, RS, SE1, SE2, SE3, SE4, SI, SK — keeping observed net imports for those borders
📊 Creating merit-order order book for FR on 2025-07-09
      ✅ Added 4632 supply + 48 demand orders
  ➕ Fleet completion: +237 MW Biomass (recent p95 387 MW vs 150 MW unit-level)
  ➕ Fleet completion: +1208 MW Hydro Water Reservoir (recent p95 2439 MW vs 1231 MW unit-level)
  ➕ Fleet completion: +393 MW Waste (recent p95 393 MW vs 0 MW unit-level)
  ➕ Fleet completion: +3432 MW Hydro Run-of-river and pondage (recent p95 5408 MW vs 1976 MW unit-level)
  ➖ Fleet-truthing derate: Nuclear ×0.96 (fleet 49275 MW vs recent p95 41100 MW)
  📊 Resolution analysis:
     - Loads: PT15M (15 minutes)
     - Renewables: PT60M (60 minutes)
     → Using finest resolution: 15 minutes
  📊 Disaggregating renewables from 60min to 15min resolution
  🕐 Aggregated 15-min data to hourly (24 slots)
  🛟 Import backstop: peak 1516 MW @ €160.0/MWh (24 hours, 8-week window)
  💧 Hydro: offer scale 0.86, dryness 0.02 (reservoir levels)
  🌐 Boundary book (GB): 120 orders over 24 slots
  🔗 Merged 16537 orders into 1055 price-distinct blocks
  ✅ Merit-order book: 16441 supply / 96 demand orders
     ⚖️  Supply/Demand ratio: 1.7  (gas SRMC €88.9/MWh)
   📊 Processing zone GR...
      ℹ️  No usable ATC link to AT, BE, CH, CZ, DE_LU, DK1, DK2, EE, ES, FI, FR, HU, IT-CNORTH, IT-CSOUTH, IT-Calabria, IT-NORTH, IT-SOUTH, IT-Sardinia, IT-Sicily, LT, LV, NL, NO1, NO2, NO3, NO4, NO5, PL, PT, RO, RS, SE1, SE2, SE3, SE4, SI, SK — keeping observed net imports for those borders
📊 Creating merit-order order book for GR on 2025-07-09
      ✅ Added 16441 supply + 96 demand orders
  ➖ Fleet-truthing derate: Fossil Brown coal/Lignite ×0.59 (fleet 1182 MW vs recent p95 609 MW)
  📊 Resolution analysis:
     - Loads & Renewables: PT60M (60 minutes)
     - Loads & Renewables: PT60M (60 minutes)
     → Using finest resolution: 60 minutes
  💧 Hydro: offer scale 0.61, dryness 0.16 (reservoir levels)
  🔗 Merged 2832 orders into 432 price-distinct blocks
  ✅ Merit-order book: 2772 supply / 60 demand orders
     ⚖️  Supply/Demand ratio: 1.65  (gas SRMC €88.9/MWh)
   📊 Processing zone HU...
      ℹ️  No usable ATC link to AT, BE, BG, CH, CZ, DE_LU, DK1, DK2, EE, ES, FI, FR, GR, IT-CNORTH, IT-CSOUTH, IT-Calabria, IT-NORTH, IT-SOUTH, IT-Sardinia, IT-Sicily, LT, LV, NL, NO1, NO2, NO3, NO4, NO5, PL, PT, RO, SE1, SE2, SE3, SE4, SK — keeping observed net imports for those borders
📊 Creating merit-order order book for HU on 2025-07-09
      ✅ Added 2772 supply + 60 demand orders
  ➖ Fleet-truthing derate: Fossil Brown coal/Lignite ×0.44 (fleet 479 MW vs recent p95 182 MW)
  📊 Resolution analysis:
     - Loads & Renewables: PT15M (15 minutes)
     - Loads & Renewables: PT15M (15 minutes)
     → Using finest resolution: 15 minutes
  🕐 Aggregated 15-min data to hourly (24 slots)
  🛟 Import backstop: peak 1350 MW @ €160.0/MWh (24 hours, 8-week window)
  🌐 Boundary book (UA): 124 orders over 24 slots
  🔗 Merged 8212 orders into 1114 price-distinct blocks
  ✅ Merit-order book: 8112 supply / 100 demand orders
     ⚖️  Supply/Demand ratio: 1.54  (gas SRMC €88.9/MWh)
   📊 Processing zone LT...
      ℹ️  No usable ATC link to AT, BE, BG, CH, CZ, DE_LU, DK1, DK2, EE, ES, FI, FR, GR, HU, IT-CNORTH, IT-CSOUTH, IT-Calabria, IT-NORTH, IT-SOUTH, IT-Sardinia, IT-Sicily, NL, NO1, NO2, NO3, NO4, NO5, PT, RO, RS, SE1, SE2, SE3, SI, SK — keeping observed net imports for those borders
📊 Creating merit-order order book for LT on 2025-07-09
      ✅ Added 8112 supply + 100 demand orders
  📊 Resolution analysis:
     - Loads & Renewables: PT15M (15 minutes)
     - Loads & Renewables: PT15M (15 minutes)
     → Using finest resolution: 15 minutes
  🕐 Aggregated 15-min data to hourly (24 slots)
  💧 Hydro: offer scale 0.43, dryness 0.96 (reservoir levels)
  🔗 Merged 744 orders into 240 price-distinct blocks
  ✅ Merit-order book: 696 supply / 48 demand orders
     ⚖️  Supply/Demand ratio: 1.62  (gas SRMC €88.9/MWh)
   📊 Processing zone LV...
      ℹ️  No usable ATC link to AT, BE, BG, CH, CZ, DE_LU, DK1, DK2, ES, FI, FR, GR, HU, IT-CNORTH, IT-CSOUTH, IT-Calabria, IT-NORTH, IT-SOUTH, IT-Sardinia, IT-Sicily, NL, NO1, NO2, NO3, NO4, NO5, PL, PT, RO, RS, SE1, SE2, SE3, SE4, SI, SK — keeping observed net imports for those borders
📊 Creating merit-order order book for LV on 2025-07-09
      ✅ Added 696 supply + 48 demand orders
  ➕ Fleet completion: +559 MW Hydro Run-of-river and pondage (recent p95 659 MW vs 100 MW unit-level)
  📊 Resolution analysis:
     - Loads: PT60M (60 minutes)
     - Renewables: PT15M (15 minutes)
     → Using finest resolution: 15 minutes
  📊 Disaggregating loads from 60min to 15min resolution
  🕐 Aggregated 15-min data to hourly (24 slots)
  💧 Hydro: offer scale 1.0, dryness 0.54 (reservoir levels)
  🔗 Merged 840 orders into 312 price-distinct blocks
  ✅ Merit-order book: 792 supply / 48 demand orders
     ⚖️  Supply/Demand ratio: 2.24  (gas SRMC €88.9/MWh)
   📊 Processing zone NL...
      ℹ️  No usable ATC link to AT, BE, BG, CH, CZ, DK2, EE, ES, FI, FR, GR, HU, IT-CNORTH, IT-CSOUTH, IT-Calabria, IT-NORTH, IT-SOUTH, IT-Sardinia, IT-Sicily, LT, LV, NO1, NO3, NO4, NO5, PL, PT, RO, RS, SE1, SE2, SE3, SE4, SI, SK — keeping observed net imports for those borders
📊 Creating merit-order order book for NL on 2025-07-09
      ✅ Added 792 supply + 48 demand orders
  ➕ Fleet completion: +211 MW Biomass (installed 631 MW vs 420 MW unit-level)
  ➕ Fleet completion: +5145 MW Fossil Gas (installed 14186 MW vs 9041 MW unit-level)
  ➕ Fleet completion: +13015 MW Other (recent p95 13015 MW vs 0 MW unit-level)
  ➕ Fleet completion: +5370 MW Fossil Hard coal (installed 6101 MW vs 731 MW unit-level)
  ➕ Fleet completion: +322 MW Waste (recent p95 322 MW vs 0 MW unit-level)
  📊 Resolution analysis:
     - Loads & Renewables: PT15M (15 minutes)
     - Loads & Renewables: PT15M (15 minutes)
     → Using finest resolution: 15 minutes
  🕐 Aggregated 15-min data to hourly (24 slots)
  🔗 Merged 4896 orders into 840 price-distinct blocks
  ✅ Merit-order book: 4842 supply / 54 demand orders
     ⚖️  Supply/Demand ratio: 3.57  (gas SRMC €88.9/MWh)
   📊 Processing zone NO1...
      ℹ️  No usable ATC link to AT, BE, BG, CH, CZ, DE_LU, DK1, DK2, EE, ES, FI, FR, GR, HU, IT-CNORTH, IT-CSOUTH, IT-Calabria, IT-NORTH, IT-SOUTH, IT-Sardinia, IT-Sicily, LT, LV, NL, NO2, NO3, NO4, NO5, PL, PT, RO, RS, SE1, SE2, SE3, SE4, SI, SK — keeping observed net imports for those borders
📊 Creating merit-order order book for NO1 on 2025-07-09
      ✅ Added 4842 supply + 54 demand orders
  ➕ Fleet completion: +633 MW Hydro Run-of-river and pondage (recent p95 1748 MW vs 1115 MW unit-level)
  📊 Resolution analysis:
     - Loads & Renewables: PT15M (15 minutes)
     - Loads & Renewables: PT15M (15 minutes)
     → Using finest resolution: 15 minutes
  🕐 Aggregated 15-min data to hourly (24 slots)
  🛟 Import backstop: peak 786 MW @ €160.0/MWh (23 hours, 8-week window)
  💧 Hydro: offer scale 0.85, dryness 0.15 (reservoir levels) [reservoir-opportunity]
  🔗 Merged 3791 orders into 215 price-distinct blocks
  ✅ Merit-order book: 3743 supply / 48 demand orders
     ⚖️  Supply/Demand ratio: 1.66  (gas SRMC €88.9/MWh)
   📊 Processing zone NO2...
      ℹ️  No usable ATC link to AT, BE, BG, CH, CZ, DK1, DK2, EE, ES, FI, FR, GR, HU, IT-CNORTH, IT-CSOUTH, IT-Calabria, IT-NORTH, IT-SOUTH, IT-Sardinia, IT-Sicily, LT, LV, NO1, NO3, NO4, NO5, PL, PT, RO, RS, SE1, SE2, SE3, SE4, SI, SK — keeping observed net imports for those borders
📊 Creating merit-order order book for NO2 on 2025-07-09
      ✅ Added 3743 supply + 48 demand orders
  ➕ Fleet completion: +438 MW Hydro Run-of-river and pondage (recent p95 553 MW vs 115 MW unit-level)
  📊 Resolution analysis:
     - Loads & Renewables: PT15M (15 minutes)
     - Loads & Renewables: PT15M (15 minutes)
     → Using finest resolution: 15 minutes
  🕐 Aggregated 15-min data to hourly (24 slots)
  💧 Hydro: offer scale 0.85, dryness 0.15 (reservoir levels) [reservoir-opportunity]
  🔗 Merged 2232 orders into 192 price-distinct blocks
  ✅ Merit-order book: 2184 supply / 48 demand orders
     ⚖️  Supply/Demand ratio: 2.45  (gas SRMC €88.9/MWh)
   📊 Processing zone NO3...
      ℹ️  No usable ATC link to AT, BE, BG, CH, CZ, DE_LU, DK1, DK2, EE, ES, FI, FR, GR, HU, IT-CNORTH, IT-CSOUTH, IT-Calabria, IT-NORTH, IT-SOUTH, IT-Sardinia, IT-Sicily, LT, LV, NL, NO1, NO2, NO4, NO5, PL, PT, RO, RS, SE1, SE2, SE3, SE4, SI, SK — keeping observed net imports for those borders
📊 Creating merit-order order book for NO3 on 2025-07-09
      ✅ Added 2184 supply + 48 demand orders
  ➕ Fleet completion: +581 MW Hydro Water Reservoir (recent p95 2167 MW vs 1586 MW unit-level)
  ➕ Fleet completion: +884 MW Hydro Run-of-river and pondage (recent p95 988 MW vs 104 MW unit-level)
  📊 Resolution analysis:
     - Loads & Renewables: PT15M (15 minutes)
     - Loads & Renewables: PT15M (15 minutes)
     → Using finest resolution: 15 minutes
  🕐 Aggregated 15-min data to hourly (24 slots)
  🛟 Import backstop: peak 1329 MW @ €160.0/MWh (24 hours, 8-week window)
  💧 Hydro: offer scale 1.0, dryness 0.0 (reservoir levels) [reservoir-opportunity]
  🔗 Merged 1224 orders into 216 price-distinct blocks
  ✅ Merit-order book: 1176 supply / 48 demand orders
     ⚖️  Supply/Demand ratio: 1.68  (gas SRMC €88.9/MWh)
   📊 Processing zone NO4...
      ℹ️  No usable ATC link to AT, BE, BG, CH, CZ, DE_LU, DK1, DK2, EE, ES, FI, FR, GR, HU, IT-CNORTH, IT-CSOUTH, IT-Calabria, IT-NORTH, IT-SOUTH, IT-Sardinia, IT-Sicily, LT, LV, NL, NO1, NO2, NO3, NO5, PL, PT, RO, RS, SE1, SE2, SE3, SE4, SI, SK — keeping observed net imports for those borders
📊 Creating merit-order order book for NO4 on 2025-07-09
      ✅ Added 1176 supply + 48 demand orders
  ➕ Fleet completion: +355 MW Hydro Run-of-river and pondage (recent p95 355 MW vs 0 MW unit-level)
  📊 Resolution analysis:
     - Loads & Renewables: PT15M (15 minutes)
     - Loads & Renewables: PT15M (15 minutes)
     → Using finest resolution: 15 minutes
  🕐 Aggregated 15-min data to hourly (24 slots)
  💧 Hydro: offer scale 1.0, dryness 0.0 (reservoir levels) [reservoir-opportunity]
  🔗 Merged 1752 orders into 336 price-distinct blocks
  ✅ Merit-order book: 1704 supply / 48 demand orders
     ⚖️  Supply/Demand ratio: 2.35  (gas SRMC €88.9/MWh)
   📊 Processing zone NO5...
      ℹ️  No usable ATC link to AT, BE, BG, CH, CZ, DE_LU, DK1, DK2, EE, ES, FI, FR, GR, HU, IT-CNORTH, IT-CSOUTH, IT-Calabria, IT-NORTH, IT-SOUTH, IT-Sardinia, IT-Sicily, LT, LV, NL, NO1, NO2, NO3, NO4, PL, PT, RO, RS, SE1, SE2, SE3, SE4, SI, SK — keeping observed net imports for those borders
📊 Creating merit-order order book for NO5 on 2025-07-09
      ✅ Added 1704 supply + 48 demand orders
  ➕ Fleet completion: +557 MW Hydro Run-of-river and pondage (recent p95 557 MW vs 0 MW unit-level)
  📊 Resolution analysis:
     - Loads & Renewables: PT15M (15 minutes)
     - Loads & Renewables: PT15M (15 minutes)
     → Using finest resolution: 15 minutes
  🕐 Aggregated 15-min data to hourly (24 slots)
  💧 Hydro: offer scale 1.0, dryness 0.0 (reservoir levels) [reservoir-opportunity]
  🔗 Merged 1848 orders into 336 price-distinct blocks
  ✅ Merit-order book: 1800 supply / 48 demand orders
     ⚖️  Supply/Demand ratio: 3.97  (gas SRMC €88.9/MWh)
   📊 Processing zone PL...
      ℹ️  No usable ATC link to AT, BE, BG, CH, DK1, DK2, EE, ES, FI, FR, GR, HU, IT-CNORTH, IT-CSOUTH, IT-Calabria, IT-NORTH, IT-SOUTH, IT-Sardinia, IT-Sicily, LV, NL, NO1, NO2, NO3, NO4, NO5, PT, RO, RS, SE1, SE2, SE3, SI, SK — keeping observed net imports for those borders
📊 Creating merit-order order book for PL on 2025-07-09
  ➕ Fleet completion: +201 MW Biomass (recent p95 409 MW vs 208 MW unit-level)
  ➕ Fleet completion: +674 MW Hydro Pumped Storage (installed 1524 MW vs 850 MW unit-level)
      ✅ Added 1800 supply + 48 demand orders
  ➕ Fleet completion: +230 MW Hydro Water Reservoir (recent p95 230 MW vs 0 MW unit-level)
  ➕ Fleet completion: +565 MW Other (recent p95 565 MW vs 0 MW unit-level)
  ➕ Fleet completion: +135 MW Hydro Run-of-river and pondage (recent p95 135 MW vs 0 MW unit-level)
  ➕ Fleet completion: +728 MW Fossil Gas (installed 4034 MW vs 3306 MW unit-level)
  ➕ Fleet completion: +6088 MW Fossil Hard coal (installed 18582 MW vs 12494 MW unit-level)
  ➕ Fleet completion: +3597 MW Fossil Brown coal/Lignite (installed 9116 MW vs 5519 MW unit-level)
  ➕ Fleet completion: +148 MW Fossil Oil (recent p95 148 MW vs 0 MW unit-level)
  ➕ Fleet completion: +191 MW Fossil Coal-derived gas (recent p95 191 MW vs 0 MW unit-level)
  📊 Resolution analysis:
     - Loads & Renewables: PT15M (15 minutes)
     - Loads & Renewables: PT15M (15 minutes)
     → Using finest resolution: 15 minutes
  🕐 Aggregated 15-min data to hourly (24 slots)
  💧 Hydro: offer scale 0.5, dryness 0.0 (output-based fallback)
  🌐 Boundary book (UA): 128 orders over 24 slots
  🔗 Merged 11219 orders into 1077 price-distinct blocks
  ✅ Merit-order book: 11115 supply / 104 demand orders
     ⚖️  Supply/Demand ratio: 2.07  (gas SRMC €88.9/MWh)
   📊 Processing zone PT...
      ℹ️  No usable ATC link to AT, BE, BG, CH, CZ, DE_LU, DK1, DK2, EE, FI, FR, GR, HU, IT-CNORTH, IT-CSOUTH, IT-Calabria, IT-NORTH, IT-SOUTH, IT-Sardinia, IT-Sicily, LT, LV, NL, NO1, NO2, NO3, NO4, NO5, PL, RO, RS, SE1, SE2, SE3, SE4, SI, SK — keeping observed net imports for those borders
📊 Creating merit-order order book for PT on 2025-07-09
      ✅ Added 11115 supply + 104 demand orders
  ➕ Fleet completion: +324 MW Biomass (recent p95 324 MW vs 0 MW unit-level)
  📊 Resolution analysis:
     - Loads & Renewables: PT60M (60 minutes)
     - Loads & Renewables: PT60M (60 minutes)
     → Using finest resolution: 60 minutes
  💧 Hydro: offer scale 0.72, dryness 0.0 (reservoir levels)
  🔗 Merged 4608 orders into 432 price-distinct blocks
  ✅ Merit-order book: 4560 supply / 48 demand orders
     ⚖️  Supply/Demand ratio: 1.61  (gas SRMC €88.9/MWh)
   📊 Processing zone RO...
      ℹ️  No usable ATC link to AT, BE, CH, CZ, DE_LU, DK1, DK2, EE, ES, FI, FR, GR, HU, IT-CNORTH, IT-CSOUTH, IT-Calabria, IT-NORTH, IT-SOUTH, IT-Sardinia, IT-Sicily, LT, LV, NL, NO1, NO2, NO3, NO4, NO5, PL, PT, SE1, SE2, SE3, SE4, SI, SK — keeping observed net imports for those borders
📊 Creating merit-order order book for RO on 2025-07-09
      ✅ Added 4560 supply + 48 demand orders
  ➕ Fleet completion: +398 MW Hydro Water Reservoir (recent p95 1115 MW vs 717 MW unit-level)
  ➕ Fleet completion: +254 MW Hydro Run-of-river and pondage (recent p95 1224 MW vs 970 MW unit-level)
  ➖ Fleet-truthing derate: Fossil Brown coal/Lignite ×0.67 (fleet 1532 MW vs recent p95 894 MW)
  📊 Resolution analysis:
     - Loads & Renewables: PT15M (15 minutes)
     - Loads & Renewables: PT15M (15 minutes)
     → Using finest resolution: 15 minutes
  🕐 Aggregated 15-min data to hourly (24 slots)
  🛟 Import backstop: peak 671 MW @ €160.0/MWh (24 hours, 8-week window)
  💧 Hydro: offer scale 0.92, dryness 0.01 (reservoir levels)
  🌐 Boundary book (UA): 104 orders over 24 slots
  🔗 Merged 2240 orders into 680 price-distinct blocks
  ✅ Merit-order book: 2150 supply / 90 demand orders
     ⚖️  Supply/Demand ratio: 1.25  (gas SRMC €88.9/MWh)
   📊 Processing zone RS...
      ℹ️  No usable ATC link to AT, BE, CH, CZ, DE_LU, DK1, DK2, EE, ES, FI, FR, GR, IT-CNORTH, IT-CSOUTH, IT-Calabria, IT-NORTH, IT-SOUTH, IT-Sardinia, IT-Sicily, LT, LV, NL, NO1, NO2, NO3, NO4, NO5, PL, PT, SE1, SE2, SE3, SE4, SI, SK — keeping observed net imports for those borders
📊 Creating merit-order order book for RS on 2025-07-09
  ➕ Fleet completion: +214 MW Hydro Water Reservoir (recent p95 214 MW vs 0 MW unit-level)
      ✅ Added 2150 supply + 90 demand orders
  📊 Resolution analysis:
     - Loads & Renewables: PT60M (60 minutes)
     - Loads & Renewables: PT60M (60 minutes)
     → Using finest resolution: 60 minutes
  🛟 Import backstop: peak 536 MW @ €160.0/MWh (24 hours, 8-week window)
  💧 Hydro: offer scale 0.85, dryness 0.1 (reservoir levels)
  🔗 Merged 2135 orders into 456 price-distinct blocks
  ✅ Merit-order book: 2078 supply / 57 demand orders
     ⚖️  Supply/Demand ratio: 1.53  (gas SRMC €88.9/MWh)
   📊 Processing zone SE1...
      ℹ️  No usable ATC link to AT, BE, BG, CH, CZ, DE_LU, DK1, DK2, EE, ES, FI, FR, GR, HU, IT-CNORTH, IT-CSOUTH, IT-Calabria, IT-NORTH, IT-SOUTH, IT-Sardinia, IT-Sicily, LT, LV, NL, NO1, NO2, NO3, NO4, NO5, PL, PT, RO, RS, SE3, SE4, SI, SK — keeping observed net imports for those borders
📊 Creating merit-order order book for SE1 on 2025-07-09
      ✅ Added 2078 supply + 57 demand orders
  📊 Resolution analysis:
     - Loads & Renewables: PT60M (60 minutes)
     - Loads & Renewables: PT60M (60 minutes)
     → Using finest resolution: 60 minutes
  💧 Hydro: offer scale 1.0, dryness 0.0 (reservoir levels) [reservoir-opportunity]
  🔗 Merged 600 orders into 96 price-distinct blocks
  ✅ Merit-order book: 552 supply / 48 demand orders
     ⚖️  Supply/Demand ratio: 3.78  (gas SRMC €88.9/MWh)
   📊 Processing zone SE2...
      ℹ️  No usable ATC link to AT, BE, BG, CH, CZ, DE_LU, DK1, DK2, EE, ES, FI, FR, GR, HU, IT-CNORTH, IT-CSOUTH, IT-Calabria, IT-NORTH, IT-SOUTH, IT-Sardinia, IT-Sicily, LT, LV, NL, NO1, NO2, NO3, NO4, NO5, PL, PT, RO, RS, SE3, SE4, SI, SK — keeping observed net imports for those borders
📊 Creating merit-order order book for SE2 on 2025-07-09
      ✅ Added 552 supply + 48 demand orders
  ➕ Fleet completion: +4521 MW Hydro Water Reservoir (recent p95 5220 MW vs 699 MW unit-level)
  📊 Resolution analysis:
     - Loads & Renewables: PT60M (60 minutes)
     - Loads & Renewables: PT60M (60 minutes)
     → Using finest resolution: 60 minutes
  💧 Hydro: offer scale 1.0, dryness 0.0 (reservoir levels) [reservoir-opportunity]
  🔗 Merged 240 orders into 96 price-distinct blocks
  ✅ Merit-order book: 192 supply / 48 demand orders
     ⚖️  Supply/Demand ratio: 3.79  (gas SRMC €88.9/MWh)
   📊 Processing zone SE3...
      ℹ️  No usable ATC link to AT, BE, BG, CH, CZ, DE_LU, DK2, EE, ES, FI, FR, GR, HU, IT-CNORTH, IT-CSOUTH, IT-Calabria, IT-NORTH, IT-SOUTH, IT-Sardinia, IT-Sicily, LT, LV, NL, NO1, NO2, NO3, NO4, NO5, PL, PT, RO, RS, SE1, SE2, SE4, SI, SK — keeping observed net imports for those borders
      ✅ Added 192 supply + 48 demand orders
📊 Creating merit-order order book for SE3 on 2025-07-09
  ➕ Fleet completion: +725 MW Hydro Water Reservoir (recent p95 1055 MW vs 330 MW unit-level)
  ➕ Fleet completion: +465 MW Other (recent p95 465 MW vs 0 MW unit-level)
  📊 Resolution analysis:
     - Loads & Renewables: PT60M (60 minutes)
     - Loads & Renewables: PT60M (60 minutes)
     → Using finest resolution: 60 minutes
  🛟 Import backstop: peak 2434 MW @ €160.0/MWh (24 hours, 8-week window)
  💧 Hydro: offer scale 0.93, dryness 0.07 (reservoir levels) [reservoir-opportunity]
  🔗 Merged 1656 orders into 552 price-distinct blocks
  ✅ Merit-order book: 1608 supply / 48 demand orders
     ⚖️  Supply/Demand ratio: 1.86  (gas SRMC €88.9/MWh)
   📊 Processing zone SE4...
      ℹ️  No usable ATC link to AT, BE, BG, CH, CZ, DE_LU, DK1, EE, ES, FI, FR, GR, HU, IT-CNORTH, IT-CSOUTH, IT-Calabria, IT-NORTH, IT-SOUTH, IT-Sardinia, IT-Sicily, LV, NL, NO1, NO2, NO3, NO4, NO5, PT, RO, RS, SE1, SE2, SE3, SI, SK — keeping observed net imports for those borders
📊 Creating merit-order order book for SE4 on 2025-07-09
      ✅ Added 1608 supply + 48 demand orders
  ➕ Fleet completion: +110 MW Other (recent p95 110 MW vs 0 MW unit-level)
  📊 Resolution analysis:
     - Loads & Renewables: PT60M (60 minutes)
     - Loads & Renewables: PT60M (60 minutes)
     → Using finest resolution: 60 minutes
  🔗 Merged 816 orders into 408 price-distinct blocks
  ✅ Merit-order book: 768 supply / 48 demand orders
     ⚖️  Supply/Demand ratio: 2.6  (gas SRMC €88.9/MWh)
   📊 Processing zone SI...
      ℹ️  No usable ATC link to AT, BE, BG, CH, CZ, DE_LU, DK1, DK2, EE, ES, FI, FR, GR, IT-CNORTH, IT-CSOUTH, IT-Calabria, IT-SOUTH, IT-Sardinia, IT-Sicily, LT, LV, NL, NO1, NO2, NO3, NO4, NO5, PL, PT, RO, RS, SE1, SE2, SE3, SE4, SK — keeping observed net imports for those borders
📊 Creating merit-order order book for SI on 2025-07-09
      ✅ Added 768 supply + 48 demand orders
  ➕ Fleet completion: +513 MW Hydro Run-of-river and pondage (recent p95 755 MW vs 242 MW unit-level)
  ➖ Fleet-truthing derate: Fossil Brown coal/Lignite ×0.0 (fleet 978 MW vs recent p95 3 MW)
  📊 Resolution analysis:
     - Loads & Renewables: PT60M (60 minutes)
     - Loads & Renewables: PT60M (60 minutes)
     → Using finest resolution: 60 minutes
  🛟 Import backstop: peak 572 MW @ €160.0/MWh (24 hours, 8-week window)
  💧 Hydro: offer scale 0.96, dryness 0.0 (reservoir levels)
  🔗 Merged 1778 orders into 598 price-distinct blocks
  ✅ Merit-order book: 1728 supply / 50 demand orders
     ⚖️  Supply/Demand ratio: 2.06  (gas SRMC €88.9/MWh)
   📊 Processing zone SK...
      ℹ️  No usable ATC link to AT, BE, BG, CH, CZ, DE_LU, DK1, DK2, EE, ES, FI, FR, GR, HU, IT-CNORTH, IT-CSOUTH, IT-Calabria, IT-NORTH, IT-SOUTH, IT-Sardinia, IT-Sicily, LT, LV, NL, NO1, NO2, NO3, NO4, NO5, PL, PT, RO, RS, SE1, SE2, SE3, SE4, SI — keeping observed net imports for those borders
📊 Creating merit-order order book for SK on 2025-07-09
      ✅ Added 1728 supply + 50 demand orders
  ➕ Fleet completion: +112 MW Biomass (recent p95 112 MW vs 0 MW unit-level)
  ➕ Fleet completion: +167 MW Hydro Water Reservoir (recent p95 167 MW vs 0 MW unit-level)
  ➕ Fleet completion: +484 MW Hydro Run-of-river and pondage (recent p95 484 MW vs 0 MW unit-level)
  ➖ Fleet-truthing derate: Fossil Brown coal/Lignite ×0.0 (fleet 330 MW vs recent p95 0 MW)
  ➖ Fleet-truthing derate: Fossil Hard coal ×0.0 (fleet 220 MW vs recent p95 0 MW)
  📊 Resolution analysis:
     - Loads: PT15M (15 minutes)
     - Renewables: PT60M (60 minutes)
     → Using finest resolution: 15 minutes
  📊 Disaggregating renewables from 60min to 15min resolution
  🕐 Aggregated 15-min data to hourly (24 slots)
  💧 Hydro: offer scale 0.83, dryness 0.0 (output-based fallback)
  🌐 Boundary book (UA): 104 orders over 24 slots
  🔗 Merged 2264 orders into 666 price-distinct blocks
  ✅ Merit-order book: 2148 supply / 116 demand orders
     ⚖️  Supply/Demand ratio: 1.57  (gas SRMC €88.9/MWh)
   📊 Processing zone IT-NORTH...
      ℹ️  No usable ATC link to BE, BG, CZ, DE_LU, DK1, DK2, EE, ES, FI, GR, HU, IT-CSOUTH, IT-Calabria, IT-SOUTH, IT-Sardinia, IT-Sicily, LT, LV, NL, NO1, NO2, NO3, NO4, NO5, PL, PT, RO, RS, SE1, SE2, SE3, SE4, SK — keeping observed net imports for those borders
📊 Creating merit-order order book for IT-NORTH on 2025-07-09
      ✅ Added 2148 supply + 116 demand orders
  ➕ Fleet completion: +209 MW Biomass (recent p95 209 MW vs 0 MW unit-level)
  ➕ Fleet completion: +170 MW Hydro Water Reservoir (recent p95 1255 MW vs 1085 MW unit-level)
  ➕ Fleet completion: +268 MW Other (recent p95 1308 MW vs 1040 MW unit-level)
  ➕ Fleet completion: +2246 MW Hydro Run-of-river and pondage (recent p95 4747 MW vs 2501 MW unit-level)
  ➕ Fleet completion: +652 MW Other renewable (recent p95 652 MW vs 0 MW unit-level)
  ➕ Fleet completion: +256 MW Energy storage (recent p95 650 MW vs 394 MW unit-level)
  📊 Resolution analysis:
     - Loads & Renewables: PT15M (15 minutes)
     - Loads & Renewables: PT15M (15 minutes)
     → Using finest resolution: 15 minutes
  🕐 Aggregated 15-min data to hourly (24 slots)
  💧 Hydro: offer scale 0.69, dryness 0.15 (reservoir levels)
  🇮🇹 cv25 must-run floor @ €0.0: Biomass ×0.71, Fossil Gas ×0.06
  🔗 Merged 7702 orders into 694 price-distinct blocks
  ✅ Merit-order book: 7654 supply / 48 demand orders
     ⚖️  Supply/Demand ratio: 1.62  (gas SRMC €88.9/MWh)
   📊 Processing zone IT-CNORTH...
      ℹ️  No usable ATC link to AT, BE, BG, CH, CZ, DE_LU, DK1, DK2, EE, ES, FI, FR, GR, HU, IT-Calabria, IT-SOUTH, IT-Sardinia, IT-Sicily, LT, LV, NL, NO1, NO2, NO3, NO4, NO5, PL, PT, RO, RS, SE1, SE2, SE3, SE4, SI, SK — keeping observed net imports for those borders
📊 Creating merit-order order book for IT-CNORTH on 2025-07-09
      ✅ Added 7654 supply + 48 demand orders
  ➕ Fleet completion: +485 MW Geothermal (recent p95 599 MW vs 114 MW unit-level)
  📊 Resolution analysis:
     - Loads & Renewables: PT15M (15 minutes)
     - Loads & Renewables: PT15M (15 minutes)
     → Using finest resolution: 15 minutes
  🕐 Aggregated 15-min data to hourly (24 slots)
  🛟 Import backstop: peak 139 MW @ €160.0/MWh (24 hours, 8-week window)
  💧 Hydro: offer scale 0.29, dryness 0.0 (reservoir levels)
  🇮🇹 cv25 must-run floor @ €0.0: Geothermal ×0.92, Fossil Gas ×0.04
  🔗 Merged 1150 orders into 408 price-distinct blocks
  ✅ Merit-order book: 1102 supply / 48 demand orders
     ⚖️  Supply/Demand ratio: 0.87  (gas SRMC €88.9/MWh)
   📊 Processing zone IT-CSOUTH...
      ℹ️  No usable ATC link to AT, BE, BG, CH, CZ, DE_LU, DK1, DK2, EE, ES, FI, FR, GR, HU, IT-Calabria, IT-NORTH, IT-Sicily, LT, LV, NL, NO1, NO2, NO3, NO4, NO5, PL, PT, RO, RS, SE1, SE2, SE3, SE4, SI, SK — keeping observed net imports for those borders
📊 Creating merit-order order book for IT-CSOUTH on 2025-07-09
      ✅ Added 1102 supply + 48 demand orders
  ➕ Fleet completion: +174 MW Other renewable (recent p95 174 MW vs 0 MW unit-level)
  ➕ Fleet completion: +173 MW Energy storage (recent p95 173 MW vs 0 MW unit-level)
  ➖ Fleet-truthing derate: Fossil Hard coal ×0.0 (fleet 1250 MW vs recent p95 0 MW)
  📊 Resolution analysis:
     - Loads & Renewables: PT15M (15 minutes)
     - Loads & Renewables: PT15M (15 minutes)
     → Using finest resolution: 15 minutes
  🕐 Aggregated 15-min data to hourly (24 slots)
  💧 Hydro: offer scale 0.59, dryness 0.08 (reservoir levels)
  🇮🇹 cv25 must-run floor @ €0.0: Fossil Gas ×0.0
  🔗 Merged 3334 orders into 600 price-distinct blocks
  ✅ Merit-order book: 3272 supply / 62 demand orders
     ⚖️  Supply/Demand ratio: 1.85  (gas SRMC €88.9/MWh)
   📊 Processing zone IT-SOUTH...
      ℹ️  No usable ATC link to AT, BE, BG, CH, CZ, DE_LU, DK1, DK2, EE, ES, FI, FR, GR, HU, IT-CNORTH, IT-NORTH, IT-Sardinia, IT-Sicily, LT, LV, NL, NO1, NO2, NO3, NO4, NO5, PL, PT, RO, RS, SE1, SE2, SE3, SE4, SI, SK — keeping observed net imports for those borders
📊 Creating merit-order order book for IT-SOUTH on 2025-07-09
      ✅ Added 3272 supply + 62 demand orders
  ➕ Fleet completion: +249 MW Biomass (recent p95 249 MW vs 0 MW unit-level)
  ➖ Fleet-truthing derate: Fossil Hard coal ×0.0 (fleet 605 MW vs recent p95 0 MW)
  ➖ Fleet-truthing derate: Fossil Coal-derived gas ×0.02 (fleet 850 MW vs recent p95 15 MW)
  📊 Resolution analysis:
     - Loads & Renewables: PT15M (15 minutes)
     - Loads & Renewables: PT15M (15 minutes)
     → Using finest resolution: 15 minutes
  🕐 Aggregated 15-min data to hourly (24 slots)
  💧 Hydro: offer scale 0.2, dryness 0.88 (reservoir levels)
  🇮🇹 cv25 must-run floor @ €0.0: Biomass ×0.35, Fossil Gas ×0.06
  🔗 Merged 1774 orders into 576 price-distinct blocks
  ✅ Merit-order book: 1719 supply / 55 demand orders
     ⚖️  Supply/Demand ratio: 2.48  (gas SRMC €88.9/MWh)
   📊 Processing zone IT-Calabria...
      ℹ️  No usable ATC link to AT, BE, BG, CH, CZ, DE_LU, DK1, DK2, EE, ES, FI, FR, GR, HU, IT-CNORTH, IT-CSOUTH, IT-NORTH, IT-Sardinia, LT, LV, NL, NO1, NO2, NO3, NO4, NO5, PL, PT, RO, RS, SE1, SE2, SE3, SE4, SI, SK — keeping observed net imports for those borders
📊 Creating merit-order order book for IT-Calabria on 2025-07-09
      ✅ Added 1719 supply + 55 demand orders
  ➕ Fleet completion: +122 MW Biomass (recent p95 122 MW vs 0 MW unit-level)
  📊 Resolution analysis:
     - Loads & Renewables: PT15M (15 minutes)
     - Loads & Renewables: PT15M (15 minutes)
     → Using finest resolution: 15 minutes
  🕐 Aggregated 15-min data to hourly (24 slots)
  💧 Hydro: offer scale 0.2, dryness 0.0 (reservoir levels)
  🇮🇹 cv25 must-run floor @ €0.0: Biomass ×0.51
  🔗 Merged 1246 orders into 478 price-distinct blocks
  ✅ Merit-order book: 1198 supply / 48 demand orders
     ⚖️  Supply/Demand ratio: 5.07  (gas SRMC €88.9/MWh)
   📊 Processing zone IT-Sicily...
      ℹ️  No usable ATC link to AT, BE, BG, CH, CZ, DE_LU, DK1, DK2, EE, ES, FI, FR, GR, HU, IT-CNORTH, IT-CSOUTH, IT-NORTH, IT-SOUTH, IT-Sardinia, LT, LV, NL, NO1, NO2, NO3, NO4, NO5, PL, PT, RO, RS, SE1, SE2, SE3, SE4, SI, SK — keeping observed net imports for those borders
📊 Creating merit-order order book for IT-Sicily on 2025-07-09
  ➕ Fleet completion: +119 MW Fossil Coal-derived gas (recent p95 119 MW vs 0 MW unit-level)
      ✅ Added 1198 supply + 48 demand orders
  📊 Resolution analysis:
     - Loads & Renewables: PT15M (15 minutes)
     - Loads & Renewables: PT15M (15 minutes)
     → Using finest resolution: 15 minutes
  🕐 Aggregated 15-min data to hourly (24 slots)
  💧 Hydro: offer scale 0.56, dryness 0.11 (reservoir levels)
  🇮🇹 cv25 must-run floor @ €0.0: Fossil Gas ×0.05
  🔗 Merged 1822 orders into 502 price-distinct blocks
  ✅ Merit-order book: 1750 supply / 72 demand orders
     ⚖️  Supply/Demand ratio: 2.01  (gas SRMC €88.9/MWh)
   📊 Processing zone IT-Sardinia...
      ℹ️  No usable ATC link to AT, BE, BG, CH, CZ, DE_LU, DK1, DK2, EE, ES, FI, FR, GR, HU, IT-CNORTH, IT-Calabria, IT-NORTH, IT-SOUTH, IT-Sicily, LT, LV, NL, NO1, NO2, NO3, NO4, NO5, PL, PT, RO, RS, SE1, SE2, SE3, SE4, SI, SK — keeping observed net imports for those borders
📊 Creating merit-order order book for IT-Sardinia on 2025-07-09
      ✅ Added 1750 supply + 72 demand orders
  ➕ Fleet completion: +165 MW Other renewable (recent p95 165 MW vs 0 MW unit-level)
  ➖ Fleet-truthing derate: Fossil Hard coal ×0.78 (fleet 577 MW vs recent p95 392 MW)
  📊 Resolution analysis:
     - Loads & Renewables: PT15M (15 minutes)
     - Loads & Renewables: PT15M (15 minutes)
     → Using finest resolution: 15 minutes
  🕐 Aggregated 15-min data to hourly (24 slots)
  💧 Hydro: offer scale 0.69, dryness 0.0 (reservoir levels)
  🇮🇹 cv25 must-run floor @ €0.0: Fossil Coal-derived gas ×0.59, Fossil Hard coal ×0.31
  🔗 Merged 1270 orders into 598 price-distinct blocks
  ✅ Merit-order book: 1198 supply / 72 demand orders
     ⚖️  Supply/Demand ratio: 2.03  (gas SRMC €88.9/MWh)
   📊 Processing zone CH...
      ℹ️  No usable ATC link to BE, BG, CZ, DK1, DK2, EE, ES, FI, GR, HU, IT-CNORTH, IT-CSOUTH, IT-Calabria, IT-SOUTH, IT-Sardinia, IT-Sicily, LT, LV, NL, NO1, NO2, NO3, NO4, NO5, PL, PT, RO, RS, SE1, SE2, SE3, SE4, SI, SK — keeping observed net imports for those borders
📊 Creating merit-order order book for CH on 2025-07-09
      ✅ Added 1198 supply + 72 demand orders
  ➕ Fleet completion: +2465 MW Hydro Run-of-river and pondage (recent p95 2917 MW vs 452 MW unit-level)
  📊 Resolution analysis:
     - Loads & Renewables: PT60M (60 minutes)
     - Loads & Renewables: PT60M (60 minutes)
     → Using finest resolution: 60 minutes
  💧 Hydro: offer scale 1.0, dryness 0.0 (reservoir levels) [reservoir-opportunity]
  🔗 Merged 1728 orders into 336 price-distinct blocks
  ✅ Merit-order book: 1680 supply / 48 demand orders
     ⚖️  Supply/Demand ratio: 2.03  (gas SRMC €88.9/MWh)
      ✅ Added 1680 supply + 48 demand orders
   ✅ Found 84 directional transfer capacity links
✅ Created multi-zone order book (merit-order):
   🌍 Zones: 39  📝 Orders: 21402  🕐 Periods: 24  🔌 Links: 84

⚡ Running multi-zone market clearing optimization...
   🧩 Period-decomposition: 24 independent single-period clears (solver=highs)
      · 12/24 periods (25.9s, last=optimal)
      · 24/24 periods (122.2s, last=optimal)
   ⚓ Anchor ref for AT from CH,IT-NORTH: mean=92.9 €/MWh
   ⚓ Anchor ref for BE from continental proxy DE_LU/NL: mean=84.9 €/MWh
   ⚓ Anchor ref for FR from CH,DE_LU,ES,IT-NORTH: mean=91.6 €/MWh
   ⚓ Anchor ref for NO1 from continental proxy DE_LU/NL: mean=84.9 €/MWh
   ⚓ Anchor ref for NO2 from DE_LU,NL: mean=86.0 €/MWh
   ⚓ Anchor ref for NO3 from continental proxy DE_LU/NL: mean=84.9 €/MWh
   ⚓ Anchor ref for NO5 from continental proxy DE_LU/NL: mean=84.9 €/MWh
   ⚓ Anchor ref for SE3 from DK1: mean=87.7 €/MWh
   ⚓ Anchor ref for SE4 from DK2,LT,PL: mean=77.7 €/MWh
   ⚓ Anchor ref for SI from HU,IT-NORTH: mean=93.5 €/MWh
   ⚓ Anchor ref for SK from continental proxy DE_LU/NL: mean=84.9 €/MWh
   ⚓ Anchor ref for CH from AT,DE_LU,FR,IT-NORTH: mean=77.4 €/MWh

⚓ PASS 2: opportunity-anchored re-clear for AT, BE, FR, NO1, NO2, NO3, NO5, SE3, SE4, SI, SK, CH
🌍 Creating multi-zone order book (merit-order method) for 39 zones
   🔌 Fetching transfer capacities between zones...
📊 Fetching ENTSO-E transfer capacity (enriched: explicit=true, remap=IT→IT-NORTH) for 2025-07-09...
✅ Enriched transfer capacity: 3456 implicit rows, +1104 explicit-only rows, 192 aggregate endpoints remapped, -1200 stale flow-based border-hours dropped, 2016 in-footprint border-hours
✅ Created transfer capacity structure:
   🌍 Bidding zones: 33 (AT, BG, CH, CZ, DE_LU, DK1, DK2, EE, ES, FI, FR, GR, HU, IT-CNORTH, IT-CSOUTH, IT-Calabria, IT-NORTH, IT-SOUTH, IT-Sardinia, IT-Sicily, LT, LV, NL, NO2, PL, PT, RO, RS, SE1, SE2, SE3, SE4, SI)
   🕐 Time periods: 24
   ➡️  Forward capacities: 2016 entries
   ↔️  Bidirectional links: 1880
   ➡️  Unidirectional links: 136
   🚫 Shadowed aggregate codes excluded from observed imports: DE_50HzT, DE_Amprion, DE_TenneT_GER, DE_TransnetBW, DK, IT
   📊 Processing zone AT...
      ℹ️  No usable ATC link to BE, BG, CZ, DE_LU, DK1, DK2, EE, ES, FI, FR, GR, HU, IT-CNORTH, IT-CSOUTH, IT-Calabria, IT-SOUTH, IT-Sardinia, IT-Sicily, LT, LV, NL, NO1, NO2, NO3, NO4, NO5, PL, PT, RO, RS, SE1, SE2, SE3, SE4, SI, SK — keeping observed net imports for those borders
📊 Creating merit-order order book for AT on 2025-07-09
  ➕ Fleet completion: +168 MW Biomass (recent p95 168 MW vs 0 MW unit-level)
  ➕ Fleet completion: +186 MW Hydro Pumped Storage (recent p95 2056 MW vs 1870 MW unit-level)
  ➕ Fleet completion: +831 MW Hydro Water Reservoir (recent p95 966 MW vs 135 MW unit-level)
  ➕ Fleet completion: +4329 MW Hydro Run-of-river and pondage (recent p95 4329 MW vs 0 MW unit-level)
  📊 Resolution analysis:
     - Loads & Renewables: PT15M (15 minutes)
     - Loads & Renewables: PT15M (15 minutes)
     → Using finest resolution: 15 minutes
  🕐 Aggregated 15-min data to hourly (24 slots)
  🛟 Import backstop: peak 2147 MW @ €160.0/MWh (24 hours, 8-week window)
  💧 Hydro: offer scale 0.9, dryness 0.1 (reservoir levels) [reservoir-opportunity]
  🔗 Merged 1488 orders into 484 price-distinct blocks
  ✅ Merit-order book: 1416 supply / 72 demand orders
     ⚖️  Supply/Demand ratio: 1.77  (gas SRMC €88.9/MWh)
   📊 Processing zone BE...
      ℹ️  No usable ATC link to AT, BG, CH, CZ, DE_LU, DK1, DK2, EE, ES, FI, FR, GR, HU, IT-CNORTH, IT-CSOUTH, IT-Calabria, IT-NORTH, IT-SOUTH, IT-Sardinia, IT-Sicily, LT, LV, NL, NO1, NO2, NO3, NO4, NO5, PL, PT, RO, RS, SE1, SE2, SE3, SE4, SI, SK — keeping observed net imports for those borders
      ✅ Added 1416 supply + 72 demand orders
📊 Creating merit-order order book for BE on 2025-07-09
  ➕ Fleet completion: +438 MW Biomass (recent p95 438 MW vs 0 MW unit-level)
  ➕ Fleet completion: +257 MW Waste (recent p95 257 MW vs 0 MW unit-level)
  ➕ Fleet completion: +1006 MW Nuclear (recent p95 2413 MW vs 1407 MW unit-level)
  📊 Resolution analysis:
     - Loads: PT15M (15 minutes)
     - Renewables: PT60M (60 minutes)
     → Using finest resolution: 15 minutes
  📊 Disaggregating renewables from 60min to 15min resolution
  🕐 Aggregated 15-min data to hourly (24 slots)
  🛟 Import backstop: peak 2333 MW @ €160.0/MWh (24 hours, 8-week window)
  💧 Hydro: offer scale 0.75, dryness 0.07 (output-based fallback)
  🔗 Merged 3744 orders into 839 price-distinct blocks
  ✅ Merit-order book: 3672 supply / 72 demand orders
     ⚖️  Supply/Demand ratio: 1.46  (gas SRMC €88.9/MWh)
   📊 Processing zone FR...
      ℹ️  No usable ATC link to AT, BE, BG, CZ, DK1, DK2, EE, FI, GR, HU, IT-CNORTH, IT-CSOUTH, IT-Calabria, IT-SOUTH, IT-Sardinia, IT-Sicily, LT, LV, NL, NO1, NO2, NO3, NO4, NO5, PL, PT, RO, RS, SE1, SE2, SE3, SE4, SI, SK — keeping observed net imports for those borders
      ✅ Added 3672 supply + 72 demand orders
📊 Creating merit-order order book for FR on 2025-07-09
  ➕ Fleet completion: +237 MW Biomass (recent p95 387 MW vs 150 MW unit-level)
  ➕ Fleet completion: +1208 MW Hydro Water Reservoir (recent p95 2439 MW vs 1231 MW unit-level)
   ♻️  Zone BG: reusing pass-1 book (720 orders)
  ➕ Fleet completion: +393 MW Waste (recent p95 393 MW vs 0 MW unit-level)
  ➕ Fleet completion: +3432 MW Hydro Run-of-river and pondage (recent p95 5408 MW vs 1976 MW unit-level)
  ➖ Fleet-truthing derate: Nuclear ×0.96 (fleet 49275 MW vs recent p95 41100 MW)
   ♻️  Zone CZ: reusing pass-1 book (761 orders)
   📊 Processing zone NO1...
      ℹ️  No usable ATC link to AT, BE, BG, CH, CZ, DE_LU, DK1, DK2, EE, ES, FI, FR, GR, HU, IT-CNORTH, IT-CSOUTH, IT-Calabria, IT-NORTH, IT-SOUTH, IT-Sardinia, IT-Sicily, LT, LV, NL, NO2, NO3, NO4, NO5, PL, PT, RO, RS, SE1, SE2, SE3, SE4, SI, SK — keeping observed net imports for those borders
📊 Creating merit-order order book for NO1 on 2025-07-09
  ➕ Fleet completion: +633 MW Hydro Run-of-river and pondage (recent p95 1748 MW vs 1115 MW unit-level)
   ♻️  Zone DE_LU: reusing pass-1 book (1065 orders)
   📊 Processing zone NO2...
      ℹ️  No usable ATC link to AT, BE, BG, CH, CZ, DK1, DK2, EE, ES, FI, FR, GR, HU, IT-CNORTH, IT-CSOUTH, IT-Calabria, IT-NORTH, IT-SOUTH, IT-Sardinia, IT-Sicily, LT, LV, NO1, NO3, NO4, NO5, PL, PT, RO, RS, SE1, SE2, SE3, SE4, SI, SK — keeping observed net imports for those borders
📊 Creating merit-order order book for NO2 on 2025-07-09
  ➕ Fleet completion: +438 MW Hydro Run-of-river and pondage (recent p95 553 MW vs 115 MW unit-level)
   ♻️  Zone DK1: reusing pass-1 book (456 orders)
   ♻️  Zone DK2: reusing pass-1 book (576 orders)
   ♻️  Zone EE: reusing pass-1 book (216 orders)
   📊 Processing zone NO3...
      ℹ️  No usable ATC link to AT, BE, BG, CH, CZ, DE_LU, DK1, DK2, EE, ES, FI, FR, GR, HU, IT-CNORTH, IT-CSOUTH, IT-Calabria, IT-NORTH, IT-SOUTH, IT-Sardinia, IT-Sicily, LT, LV, NL, NO1, NO2, NO4, NO5, PL, PT, RO, RS, SE1, SE2, SE3, SE4, SI, SK — keeping observed net imports for those borders
   ♻️  Zone ES: reusing pass-1 book (815 orders)
📊 Creating merit-order order book for NO3 on 2025-07-09
  ➕ Fleet completion: +581 MW Hydro Water Reservoir (recent p95 2167 MW vs 1586 MW unit-level)
  ➕ Fleet completion: +884 MW Hydro Run-of-river and pondage (recent p95 988 MW vs 104 MW unit-level)
   ♻️  Zone FI: reusing pass-1 book (1005 orders)
  📊 Resolution analysis:
     - Loads & Renewables: PT15M (15 minutes)
     - Loads & Renewables: PT15M (15 minutes)
     → Using finest resolution: 15 minutes
  🕐 Aggregated 15-min data to hourly (24 slots)
  🛟 Import backstop: peak 1329 MW @ €160.0/MWh (24 hours, 8-week window)
  💧 Hydro: offer scale 1.0, dryness 0.0 (reservoir levels) [reservoir-opportunity]
  🔗 Merged 1248 orders into 240 price-distinct blocks
  ✅ Merit-order book: 1176 supply / 72 demand orders
     ⚖️  Supply/Demand ratio: 1.41  (gas SRMC €88.9/MWh)
   📊 Processing zone NO5...
      ℹ️  No usable ATC link to AT, BE, BG, CH, CZ, DE_LU, DK1, DK2, EE, ES, FI, FR, GR, HU, IT-CNORTH, IT-CSOUTH, IT-Calabria, IT-NORTH, IT-SOUTH, IT-Sardinia, IT-Sicily, LT, LV, NL, NO1, NO2, NO3, NO4, PL, PT, RO, RS, SE1, SE2, SE3, SE4, SI, SK — keeping observed net imports for those borders
📊 Creating merit-order order book for NO5 on 2025-07-09
  ➕ Fleet completion: +557 MW Hydro Run-of-river and pondage (recent p95 557 MW vs 0 MW unit-level)
  📊 Resolution analysis:
     - Loads & Renewables: PT15M (15 minutes)
     - Loads & Renewables: PT15M (15 minutes)
     → Using finest resolution: 15 minutes
  🕐 Aggregated 15-min data to hourly (24 slots)
  💧 Hydro: offer scale 1.0, dryness 0.0 (reservoir levels) [reservoir-opportunity]
  🔗 Merged 1872 orders into 336 price-distinct blocks
  ✅ Merit-order book: 1800 supply / 72 demand orders
     ⚖️  Supply/Demand ratio: 2.1  (gas SRMC €88.9/MWh)
   📊 Processing zone SE3...
      ℹ️  No usable ATC link to AT, BE, BG, CH, CZ, DE_LU, DK2, EE, ES, FI, FR, GR, HU, IT-CNORTH, IT-CSOUTH, IT-Calabria, IT-NORTH, IT-SOUTH, IT-Sardinia, IT-Sicily, LT, LV, NL, NO1, NO2, NO3, NO4, NO5, PL, PT, RO, RS, SE1, SE2, SE4, SI, SK — keeping observed net imports for those borders
📊 Creating merit-order order book for SE3 on 2025-07-09
  ➕ Fleet completion: +725 MW Hydro Water Reservoir (recent p95 1055 MW vs 330 MW unit-level)
  ➕ Fleet completion: +465 MW Other (recent p95 465 MW vs 0 MW unit-level)
  📊 Resolution analysis:
     - Loads & Renewables: PT60M (60 minutes)
     - Loads & Renewables: PT60M (60 minutes)
     → Using finest resolution: 60 minutes
  🛟 Import backstop: peak 2434 MW @ €160.0/MWh (24 hours, 8-week window)
  💧 Hydro: offer scale 0.93, dryness 0.07 (reservoir levels) [reservoir-opportunity]
  🔗 Merged 1680 orders into 591 price-distinct blocks
  ✅ Merit-order book: 1608 supply / 72 demand orders
     ⚖️  Supply/Demand ratio: 1.17  (gas SRMC €88.9/MWh)
   📊 Processing zone SE4...
      ℹ️  No usable ATC link to AT, BE, BG, CH, CZ, DE_LU, DK1, EE, ES, FI, FR, GR, HU, IT-CNORTH, IT-CSOUTH, IT-Calabria, IT-NORTH, IT-SOUTH, IT-Sardinia, IT-Sicily, LV, NL, NO1, NO2, NO3, NO4, NO5, PT, RO, RS, SE1, SE2, SE3, SI, SK — keeping observed net imports for those borders
📊 Creating merit-order order book for SE4 on 2025-07-09
  ➕ Fleet completion: +110 MW Other (recent p95 110 MW vs 0 MW unit-level)
  📊 Resolution analysis:
     - Loads & Renewables: PT60M (60 minutes)
     - Loads & Renewables: PT60M (60 minutes)
     → Using finest resolution: 60 minutes
  🔗 Merged 816 orders into 432 price-distinct blocks
  ✅ Merit-order book: 768 supply / 48 demand orders
     ⚖️  Supply/Demand ratio: 2.6  (gas SRMC €88.9/MWh)
   📊 Processing zone SI...
      ℹ️  No usable ATC link to AT, BE, BG, CH, CZ, DE_LU, DK1, DK2, EE, ES, FI, FR, GR, IT-CNORTH, IT-CSOUTH, IT-Calabria, IT-SOUTH, IT-Sardinia, IT-Sicily, LT, LV, NL, NO1, NO2, NO3, NO4, NO5, PL, PT, RO, RS, SE1, SE2, SE3, SE4, SK — keeping observed net imports for those borders
📊 Creating merit-order order book for SI on 2025-07-09
  ➕ Fleet completion: +513 MW Hydro Run-of-river and pondage (recent p95 755 MW vs 242 MW unit-level)
  ➖ Fleet-truthing derate: Fossil Brown coal/Lignite ×0.0 (fleet 978 MW vs recent p95 3 MW)
  📊 Resolution analysis:
     - Loads & Renewables: PT60M (60 minutes)
     - Loads & Renewables: PT60M (60 minutes)
     → Using finest resolution: 60 minutes
  🛟 Import backstop: peak 572 MW @ €160.0/MWh (24 hours, 8-week window)
  💧 Hydro: offer scale 0.96, dryness 0.0 (reservoir levels)
  🔗 Merged 1778 orders into 580 price-distinct blocks
  ✅ Merit-order book: 1728 supply / 50 demand orders
     ⚖️  Supply/Demand ratio: 2.06  (gas SRMC €88.9/MWh)
   📊 Processing zone SK...
      ℹ️  No usable ATC link to AT, BE, BG, CH, CZ, DE_LU, DK1, DK2, EE, ES, FI, FR, GR, HU, IT-CNORTH, IT-CSOUTH, IT-Calabria, IT-NORTH, IT-SOUTH, IT-Sardinia, IT-Sicily, LT, LV, NL, NO1, NO2, NO3, NO4, NO5, PL, PT, RO, RS, SE1, SE2, SE3, SE4, SI — keeping observed net imports for those borders
📊 Creating merit-order order book for SK on 2025-07-09
  ➕ Fleet completion: +112 MW Biomass (recent p95 112 MW vs 0 MW unit-level)
  ➕ Fleet completion: +167 MW Hydro Water Reservoir (recent p95 167 MW vs 0 MW unit-level)
  ➕ Fleet completion: +484 MW Hydro Run-of-river and pondage (recent p95 484 MW vs 0 MW unit-level)
  ➖ Fleet-truthing derate: Fossil Brown coal/Lignite ×0.0 (fleet 330 MW vs recent p95 0 MW)
  ➖ Fleet-truthing derate: Fossil Hard coal ×0.0 (fleet 220 MW vs recent p95 0 MW)
  📊 Resolution analysis:
     - Loads: PT15M (15 minutes)
     - Renewables: PT60M (60 minutes)
     → Using finest resolution: 15 minutes
  📊 Disaggregating renewables from 60min to 15min resolution
  🕐 Aggregated 15-min data to hourly (24 slots)
  💧 Hydro: offer scale 0.83, dryness 0.0 (output-based fallback)
  🌐 Boundary book (UA): 104 orders over 24 slots
  🔗 Merged 2288 orders into 690 price-distinct blocks
  ✅ Merit-order book: 2148 supply / 140 demand orders
     ⚖️  Supply/Demand ratio: 1.1  (gas SRMC €88.9/MWh)
   📊 Processing zone CH...
      ℹ️  No usable ATC link to BE, BG, CZ, DK1, DK2, EE, ES, FI, GR, HU, IT-CNORTH, IT-CSOUTH, IT-Calabria, IT-SOUTH, IT-Sardinia, IT-Sicily, LT, LV, NL, NO1, NO2, NO3, NO4, NO5, PL, PT, RO, RS, SE1, SE2, SE3, SE4, SI, SK — keeping observed net imports for those borders
📊 Creating merit-order order book for CH on 2025-07-09
  ➕ Fleet completion: +2465 MW Hydro Run-of-river and pondage (recent p95 2917 MW vs 452 MW unit-level)
  📊 Resolution analysis:
     - Loads & Renewables: PT60M (60 minutes)
     - Loads & Renewables: PT60M (60 minutes)
     → Using finest resolution: 60 minutes
  💧 Hydro: offer scale 1.0, dryness 0.0 (reservoir levels) [reservoir-opportunity]
  🔗 Merged 1728 orders into 336 price-distinct blocks
  ✅ Merit-order book: 1680 supply / 48 demand orders
     ⚖️  Supply/Demand ratio: 2.03  (gas SRMC €88.9/MWh)
  📊 Resolution analysis:
     - Loads: PT15M (15 minutes)
     - Renewables: PT60M (60 minutes)
     → Using finest resolution: 15 minutes
  📊 Disaggregating renewables from 60min to 15min resolution
  🕐 Aggregated 15-min data to hourly (24 slots)
  ⚛️  Nuclear availability 0.63 → opportunity share 0.7 (tightness 0.55)
  🛟 Import backstop: peak 1516 MW @ €160.0/MWh (24 hours, 8-week window)
  💧 Hydro: offer scale 0.86, dryness 0.02 (reservoir levels)
  🌐 Boundary book (GB): 120 orders over 24 slots
  🔗 Merged 16537 orders into 1052 price-distinct blocks
  ✅ Merit-order book: 16441 supply / 96 demand orders
     ⚖️  Supply/Demand ratio: 1.7  (gas SRMC €88.9/MWh)
      ✅ Added 16441 supply + 96 demand orders
   ♻️  Zone GR: reusing pass-1 book (432 orders)
  📊 Resolution analysis:
     - Loads & Renewables: PT15M (15 minutes)
     - Loads & Renewables: PT15M (15 minutes)
     → Using finest resolution: 15 minutes
  🕐 Aggregated 15-min data to hourly (24 slots)
   ♻️  Zone HU: reusing pass-1 book (1114 orders)
   ♻️  Zone LT: reusing pass-1 book (240 orders)
   ♻️  Zone LV: reusing pass-1 book (312 orders)
  🛟 Import backstop: peak 786 MW @ €160.0/MWh (23 hours, 8-week window)
   ♻️  Zone NL: reusing pass-1 book (840 orders)
  💧 Hydro: offer scale 0.85, dryness 0.15 (reservoir levels) [reservoir-opportunity]
  🔗 Merged 3815 orders into 263 price-distinct blocks
  ✅ Merit-order book: 3743 supply / 72 demand orders
     ⚖️  Supply/Demand ratio: 1.06  (gas SRMC €88.9/MWh)
      ✅ Added 3743 supply + 72 demand orders
  📊 Resolution analysis:
     - Loads & Renewables: PT15M (15 minutes)
     - Loads & Renewables: PT15M (15 minutes)
     → Using finest resolution: 15 minutes
  🕐 Aggregated 15-min data to hourly (24 slots)
  💧 Hydro: offer scale 0.85, dryness 0.15 (reservoir levels) [reservoir-opportunity]
  🔗 Merged 2256 orders into 236 price-distinct blocks
  ✅ Merit-order book: 2184 supply / 72 demand orders
     ⚖️  Supply/Demand ratio: 1.73  (gas SRMC €88.9/MWh)
      ✅ Added 2184 supply + 72 demand orders
      ✅ Added 1176 supply + 72 demand orders
   ♻️  Zone NO4: reusing pass-1 book (336 orders)
      ✅ Added 1800 supply + 72 demand orders
   ♻️  Zone PL: reusing pass-1 book (1077 orders)
   ♻️  Zone PT: reusing pass-1 book (432 orders)
   ♻️  Zone RO: reusing pass-1 book (680 orders)
   ♻️  Zone RS: reusing pass-1 book (456 orders)
   ♻️  Zone SE1: reusing pass-1 book (96 orders)
   ♻️  Zone SE2: reusing pass-1 book (96 orders)
      ✅ Added 1608 supply + 72 demand orders
      ✅ Added 768 supply + 48 demand orders
      ✅ Added 1728 supply + 50 demand orders
      ✅ Added 2148 supply + 140 demand orders
   ♻️  Zone IT-NORTH: reusing pass-1 book (694 orders)
   ♻️  Zone IT-CNORTH: reusing pass-1 book (408 orders)
   ♻️  Zone IT-CSOUTH: reusing pass-1 book (600 orders)
   ♻️  Zone IT-SOUTH: reusing pass-1 book (576 orders)
   ♻️  Zone IT-Calabria: reusing pass-1 book (478 orders)
   ♻️  Zone IT-Sicily: reusing pass-1 book (502 orders)
   ♻️  Zone IT-Sardinia: reusing pass-1 book (598 orders)
      ✅ Added 1680 supply + 48 demand orders
   ✅ Found 84 directional transfer capacity links
✅ Created multi-zone order book (merit-order):
   🌍 Zones: 39  📝 Orders: 21660  🕐 Periods: 24  🔌 Links: 84

⚡ Running pass-2 market clearing optimization...
   🧩 Period-decomposition: 24 independent single-period clears (solver=highs)
      · 12/24 periods (30.8s, last=optimal)
      · 24/24 periods (152.8s, last=optimal)
   ⚓ Pass 2 accepted (status=optimal, solve=152.6s; pass 1 was 121.9s)

============================================================
📊 MULTI-ZONE CLEARING RESULTS
============================================================
   Status: optimal
   Solve time: 152.56s (total: 278.16s)
   Objective value: 2.135554058586e10

💰 Zonal Clearing Prices (avg):
   AT: avg=€59.63/MWh (min=4.8, max=88.89)
   BE: avg=€78.51/MWh (min=47.65, max=98.05)
   BG: avg=€111.11/MWh (min=84.44, max=178.0)
   CZ: avg=€95.31/MWh (min=84.44, max=103.52)
   DE_LU: avg=€89.47/MWh (min=57.01, max=103.52)
   DK1: avg=€88.84/MWh (min=57.01, max=103.52)
   DK2: avg=€89.84/MWh (min=57.57, max=114.79)
   EE: avg=€64.15/MWh (min=39.66, max=84.44)
   ES: avg=€79.45/MWh (min=22.57, max=155.55)
   FI: avg=€47.23/MWh (min=9.5, max=84.44)
   FR: avg=€55.93/MWh (min=22.57, max=84.44)
   GR: avg=€98.03/MWh (min=48.89, max=178.0)
   HU: avg=€80.32/MWh (min=48.89, max=109.78)
   LT: avg=€68.6/MWh (min=48.89, max=85.19)
   LV: avg=€68.6/MWh (min=48.89, max=85.19)
   NL: avg=€83.86/MWh (min=57.0, max=92.58)
   NO1: avg=€84.91/MWh (min=52.94, max=98.05)
   NO2: avg=€83.29/MWh (min=57.01, max=88.89)
   NO3: avg=€76.42/MWh (min=47.65, max=88.24)
   NO4: avg=€28.39/MWh (min=18.67, max=34.22)
   NO5: avg=€76.42/MWh (min=47.65, max=88.24)
   PL: avg=€93.95/MWh (min=92.58, max=103.52)
   PT: avg=€79.45/MWh (min=22.57, max=155.55)
   RO: avg=€111.11/MWh (min=84.44, max=178.0)
   RS: avg=€110.36/MWh (min=84.44, max=160.0)
   SE1: avg=€32.95/MWh (min=21.76, max=39.89)
   SE2: avg=€31.4/MWh (min=1.0, max=37.31)
   SE3: avg=€85.16/MWh (min=55.2, max=103.52)
   SE4: avg=€70.05/MWh (min=57.57, max=88.89)
   SI: avg=€59.0/MWh (min=9.5, max=109.78)
   SK: avg=€78.62/MWh (min=47.65, max=98.05)
   IT-NORTH: avg=€103.71/MWh (min=101.33, max=124.22)
   IT-CNORTH: avg=€116.71/MWh (min=101.33, max=229.78)
   IT-CSOUTH: avg=€116.71/MWh (min=101.33, max=229.78)
   IT-SOUTH: avg=€82.02/MWh (min=1.0, max=229.78)
   IT-Calabria: avg=€82.02/MWh (min=1.0, max=229.78)
   IT-Sicily: avg=€82.02/MWh (min=1.0, max=229.78)
   IT-Sardinia: avg=€86.23/MWh (min=1.0, max=229.78)
   CH: avg=€89.47/MWh (min=57.01, max=103.52)

🔌 Cross-Border Flows (avg):
   DE_LU_to_NL: avg=-228.5MW (min=-1018.8, max=-0.0)
   RO_to_RS: avg=-151.5MW (min=-599.0, max=1129.0)
   CH_to_DE_LU: avg=244.0MW (min=-1615.0, max=3766.7)
   IT-Sicily_to_IT-Calabria: avg=-666.1MW (min=-1382.0, max=1712.7)
   EE_to_LV: avg=77.6MW (min=-120.8, max=410.0)
   DK2_to_SE4: avg=5.3MW (min=-170.8, max=488.5)
   RS_to_HU: avg=-172.2MW (min=-239.0, max=-114.4)
   IT-CSOUTH_to_IT-CNORTH: avg=-124.8MW (min=-3881.3, max=4087.5)
   FR_to_ES: avg=-234.7MW (min=-2750.0, max=516.7)
   RS_to_BG: avg=-153.1MW (min=-402.0, max=494.0)
   DK1_to_DE_LU: avg=312.3MW (min=-1015.2, max=1577.3)
   ES_to_PT: avg=532.7MW (min=-2552.4, max=2889.0)
   EE_to_FI: avg=-139.1MW (min=-331.3, max=285.5)
   CZ_to_DE_LU: avg=-20.3MW (min=-505.4, max=423.2)
   PT_to_ES: avg=-507.8MW (min=-3452.6, max=2793.6)
   LT_to_SE4: avg=-30.7MW (min=-343.6, max=326.0)
   DK1_to_NL: avg=-476.4MW (min=-700.0, max=158.1)
   BG_to_GR: avg=-105.1MW (min=-1016.8, max=1586.4)
   CH_to_IT-NORTH: avg=2302.9MW (min=446.2, max=2908.0)
   IT-CSOUTH_to_IT-Sardinia: avg=-101.6MW (min=-495.6, max=145.1)
   LT_to_PL: avg=91.6MW (min=15.5, max=357.4)
   PL_to_SE4: avg=-89.5MW (min=-331.5, max=-46.2)
   FR_to_DE_LU: avg=24.1MW (min=-0.0, max=135.4)
   LT_to_LV: avg=-358.3MW (min=-853.5, max=455.2)
   BG_to_RO: avg=-372.5MW (min=-2241.0, max=1873.0)
   FI_to_EE: avg=69.6MW (min=-174.7, max=324.5)
   NL_to_DE_LU: avg=174.8MW (min=-270.4, max=631.8)
   DK1_to_SE3: avg=-13.8MW (min=-86.4, max=56.7)
   RO_to_BG: avg=-959.7MW (min=-1852.0, max=2241.0)
   IT-Sardinia_to_IT-CSOUTH: avg=-109.2MW (min=-426.0, max=333.4)
   DE_LU_to_DK2: avg=-3.4MW (min=-297.7, max=284.5)
   IT-SOUTH_to_IT-CSOUTH: avg=-511.4MW (min=-3163.9, max=1771.2)
   IT-CNORTH_to_IT-CSOUTH: avg=-564.6MW (min=-5390.8, max=3693.0)
   AT_to_IT-NORTH: avg=42.9MW (min=29.0, max=69.3)
   GR_to_BG: avg=18.3MW (min=-1649.8, max=1329.1)
   FR_to_CH: avg=104.2MW (min=-0.0, max=1064.0)
   AT_to_CH: avg=-44.6MW (min=-1087.8, max=291.8)
   BG_to_RS: avg=26.3MW (min=-494.0, max=395.0)
   FR_to_IT-NORTH: avg=235.7MW (min=176.7, max=366.2)
   CH_to_AT: avg=-19.3MW (min=-291.8, max=134.2)
   HU_to_RS: avg=164.1MW (min=49.6, max=239.0)
   CZ_to_PL: avg=-233.1MW (min=-1032.0, max=728.7)
   SE3_to_DK1: avg=-29.1MW (min=-221.3, max=61.7)
   DE_LU_to_CH: avg=-1793.5MW (min=-4165.0, max=1255.0)
   HU_to_SI: avg=-28.9MW (min=-360.7, max=431.1)
   IT-NORTH_to_IT-CNORTH: avg=-58.8MW (min=-4339.5, max=3543.0)
   NL_to_NO2: avg=81.1MW (min=-172.1, max=337.8)
   PL_to_CZ: avg=57.0MW (min=-533.2, max=1129.7)
   DK1_to_DK2: avg=-49.7MW (min=-300.0, max=244.9)
   DK2_to_DE_LU: avg=-89.7MW (min=-299.3, max=297.7)
   DE_LU_to_NO2: avg=-136.0MW (min=-361.2, max=457.6)
   CH_to_FR: avg=-104.2MW (min=-1064.0, max=-0.0)
   IT-Calabria_to_IT-Sicily: avg=-234.1MW (min=-1039.6, max=1037.7)
   IT-CNORTH_to_IT-NORTH: avg=-920.5MW (min=-3466.6, max=2098.6)
   SE4_to_LT: avg=-84.1MW (min=-326.0, max=335.9)
   NL_to_DK1: avg=441.3MW (min=-383.8, max=700.0)
   IT-NORTH_to_FR: avg=-235.7MW (min=-366.2, max=-176.7)
   IT-SOUTH_to_IT-Calabria: avg=-1175.5MW (min=-2792.7, max=1626.2)
   SE1_to_SE2: avg=-87.9MW (min=-297.7, max=0.0)
   ES_to_FR: avg=-159.4MW (min=-566.7, max=2675.6)
   DK2_to_DK1: avg=-51.7MW (min=-289.0, max=300.0)
   SE4_to_DK2: avg=-34.2MW (min=-658.3, max=170.8)
   IT-NORTH_to_SI: avg=-110.9MW (min=-554.0, max=-33.9)
   SE2_to_SE1: avg=101.3MW (min=-0.0, max=619.8)
   PL_to_LT: avg=-91.6MW (min=-357.4, max=-15.5)
   SI_to_HU: avg=28.2MW (min=-478.0, max=241.7)
   RS_to_RO: avg=-315.7MW (min=-1136.0, max=571.0)
   NO2_to_DE_LU: avg=99.4MW (min=-457.6, max=333.8)
   SI_to_IT-NORTH: avg=102.9MW (min=33.9, max=459.3)
   SE4_to_PL: avg=89.5MW (min=46.2, max=331.5)
   DE_LU_to_PL: avg=57.4MW (min=-294.7, max=338.1)
   DE_LU_to_DK1: avg=-632.5MW (min=-1663.3, max=1037.2)
   DE_LU_to_CZ: avg=10.1MW (min=-585.1, max=505.4)
   IT-CSOUTH_to_IT-SOUTH: avg=-1991.1MW (min=-4224.7, max=-0.0)
   NO2_to_NL: avg=-101.5MW (min=-337.8, max=172.1)
   LV_to_LT: avg=104.5MW (min=-664.9, max=744.8)
   IT-NORTH_to_AT: avg=-42.9MW (min=-69.3, max=-29.0)
   IT-NORTH_to_CH: avg=-2567.4MW (min=-3184.0, max=-1197.8)
   DE_LU_to_FR: avg=-24.1MW (min=-135.4, max=-0.0)
   PL_to_DE_LU: avg=-18.9MW (min=-338.1, max=912.2)
   LV_to_EE: avg=-45.6MW (min=-175.6, max=325.7)
   IT-Calabria_to_IT-SOUTH: avg=-886.1MW (min=-2107.7, max=2069.0)

============================================================
   🔮 Ex-ante flow mode: v3 (scoped default)
   🧩 Period-decomposition ENABLED (per-period independent clears; policy: canonical on the EU path)
============================================================
🌍 MULTI-ZONE MARKET CLEARING WITH TRANSMISSION FLOWS
   Date: 2025-07-10
============================================================

📋 Target zones: AT, BE, BG, CZ, DE_LU, DK1, DK2, EE, ES, FI, FR, GR, HU, LT, LV, NL, NO1, NO2, NO3, NO4, NO5, PL, PT, RO, RS, SE1, SE2, SE3, SE4, SI, SK, IT-NORTH, IT-CNORTH, IT-CSOUTH, IT-SOUTH, IT-Calabria, IT-Sicily, IT-Sardinia, CH
   📋 Order method: merit_order

📊 Creating multi-zone order book...
🌍 Creating multi-zone order book (merit-order method) for 39 zones
   🔌 Fetching transfer capacities between zones...
📊 Fetching ENTSO-E transfer capacity (enriched: explicit=true, remap=IT→IT-NORTH) for 2025-07-10...
✅ Enriched transfer capacity: 3456 implicit rows, +1104 explicit-only rows, 192 aggregate endpoints remapped, -1200 stale flow-based border-hours dropped, 2016 in-footprint border-hours
✅ Created transfer capacity structure:
   🌍 Bidding zones: 33 (AT, BG, CH, CZ, DE_LU, DK1, DK2, EE, ES, FI, FR, GR, HU, IT-CNORTH, IT-CSOUTH, IT-Calabria, IT-NORTH, IT-SOUTH, IT-Sardinia, IT-Sicily, LT, LV, NL, NO2, PL, PT, RO, RS, SE1, SE2, SE3, SE4, SI)
   🕐 Time periods: 24
   ➡️  Forward capacities: 2016 entries
   ↔️  Bidirectional links: 1875
   ➡️  Unidirectional links: 141
   🚫 Shadowed aggregate codes excluded from observed imports: DE_50HzT, DE_Amprion, DE_TenneT_GER, DE_TransnetBW, DK, IT
   📊 Processing zone AT...
      ℹ️  No usable ATC link to BE, BG, CZ, DE_LU, DK1, DK2, EE, ES, FI, FR, GR, HU, IT-CNORTH, IT-CSOUTH, IT-Calabria, IT-SOUTH, IT-Sardinia, IT-Sicily, LT, LV, NL, NO1, NO2, NO3, NO4, NO5, PL, PT, RO, RS, SE1, SE2, SE3, SE4, SI, SK — keeping observed net imports for those borders
📊 Creating merit-order order book for AT on 2025-07-10
  ➕ Fleet completion: +168 MW Biomass (recent p95 168 MW vs 0 MW unit-level)
  ➕ Fleet completion: +833 MW Hydro Water Reservoir (recent p95 968 MW vs 135 MW unit-level)
  ➕ Fleet completion: +4414 MW Hydro Run-of-river and pondage (recent p95 4414 MW vs 0 MW unit-level)
  📊 Resolution analysis:
     - Loads & Renewables: PT15M (15 minutes)
     - Loads & Renewables: PT15M (15 minutes)
     → Using finest resolution: 15 minutes
  🕐 Aggregated 15-min data to hourly (24 slots)
  🛟 Import backstop: peak 1873 MW @ €160.6/MWh (24 hours, 8-week window)
  💧 Hydro: offer scale 0.9, dryness 0.1 (reservoir levels) [reservoir-opportunity]
  🔗 Merged 1488 orders into 456 price-distinct blocks
  ✅ Merit-order book: 1440 supply / 48 demand orders
     ⚖️  Supply/Demand ratio: 2.22  (gas SRMC €89.2/MWh)
   📊 Processing zone BE...
      ℹ️  No usable ATC link to AT, BG, CH, CZ, DE_LU, DK1, DK2, EE, ES, FI, FR, GR, HU, IT-CNORTH, IT-CSOUTH, IT-Calabria, IT-NORTH, IT-SOUTH, IT-Sardinia, IT-Sicily, LT, LV, NL, NO1, NO2, NO3, NO4, NO5, PL, PT, RO, RS, SE1, SE2, SE3, SE4, SI, SK — keeping observed net imports for those borders
📊 Creating merit-order order book for BE on 2025-07-10
      ✅ Added 1440 supply + 48 demand orders
  ➕ Fleet completion: +438 MW Biomass (recent p95 438 MW vs 0 MW unit-level)
  ➕ Fleet completion: +257 MW Waste (recent p95 257 MW vs 0 MW unit-level)
  ➕ Fleet completion: +1004 MW Nuclear (recent p95 2411 MW vs 1407 MW unit-level)
  📊 Resolution analysis:
     - Loads: PT15M (15 minutes)
     - Renewables: PT60M (60 minutes)
     → Using finest resolution: 15 minutes
  📊 Disaggregating renewables from 60min to 15min resolution
  🕐 Aggregated 15-min data to hourly (24 slots)
  🛟 Import backstop: peak 2408 MW @ €160.6/MWh (24 hours, 8-week window)
  💧 Hydro: offer scale 0.75, dryness 0.07 (output-based fallback)
  🔗 Merged 3576 orders into 792 price-distinct blocks
  ✅ Merit-order book: 3528 supply / 48 demand orders
     ⚖️  Supply/Demand ratio: 1.58  (gas SRMC €89.2/MWh)
   📊 Processing zone BG...
      ℹ️  No usable ATC link to AT, BE, CH, CZ, DE_LU, DK1, DK2, EE, ES, FI, FR, HU, IT-CNORTH, IT-CSOUTH, IT-Calabria, IT-NORTH, IT-SOUTH, IT-Sardinia, IT-Sicily, LT, LV, NL, NO1, NO2, NO3, NO4, NO5, PL, PT, SE1, SE2, SE3, SE4, SI, SK — keeping observed net imports for those borders
📊 Creating merit-order order book for BG on 2025-07-10
      ✅ Added 3528 supply + 48 demand orders
  ➕ Fleet completion: +450 MW Hydro Water Reservoir (recent p95 690 MW vs 240 MW unit-level)
  ➕ Fleet completion: +255 MW Hydro Run-of-river and pondage (recent p95 255 MW vs 0 MW unit-level)
  ➖ Fleet-truthing derate: Fossil Brown coal/Lignite ×0.35 (fleet 2645 MW vs recent p95 815 MW)
  📊 Resolution analysis:
     - Loads & Renewables: PT60M (60 minutes)
     - Loads & Renewables: PT60M (60 minutes)
     → Using finest resolution: 60 minutes
  💧 Hydro: offer scale 0.95, dryness 0.15 (reservoir levels)
  🔗 Merged 2400 orders into 719 price-distinct blocks
  ✅ Merit-order book: 2338 supply / 62 demand orders
     ⚖️  Supply/Demand ratio: 1.77  (gas SRMC €89.2/MWh)
   📊 Processing zone CZ...
      ℹ️  No usable ATC link to AT, BE, BG, CH, DK1, DK2, EE, ES, FI, FR, GR, HU, IT-CNORTH, IT-CSOUTH, IT-Calabria, IT-NORTH, IT-SOUTH, IT-Sardinia, IT-Sicily, LT, LV, NL, NO1, NO2, NO3, NO4, NO5, PT, RO, RS, SE1, SE2, SE3, SE4, SI, SK — keeping observed net imports for those borders
📊 Creating merit-order order book for CZ on 2025-07-10
      ✅ Added 2338 supply + 62 demand orders
  ➕ Fleet completion: +356 MW Biomass (recent p95 356 MW vs 0 MW unit-level)
  ➕ Fleet completion: +325 MW Hydro Pumped Storage (installed 1130 MW vs 805 MW unit-level)
  ➕ Fleet completion: +255 MW Hydro Water Reservoir (recent p95 399 MW vs 144 MW unit-level)
  ➕ Fleet completion: +121 MW Hydro Run-of-river and pondage (recent p95 121 MW vs 0 MW unit-level)
  ➕ Fleet completion: +307 MW Fossil Gas (installed 1229 MW vs 922 MW unit-level)
  ➕ Fleet completion: +1733 MW Fossil Brown coal/Lignite (installed 5663 MW vs 3930 MW unit-level)
  ➕ Fleet completion: +269 MW Other renewable (recent p95 269 MW vs 0 MW unit-level)
  ➕ Fleet completion: +1085 MW Nuclear (installed 4290 MW vs 3205 MW unit-level)
  📊 Resolution analysis:
     - Loads & Renewables: PT15M (15 minutes)
     - Loads & Renewables: PT15M (15 minutes)
     → Using finest resolution: 15 minutes
  🕐 Aggregated 15-min data to hourly (24 slots)
  💧 Hydro: offer scale 0.53, dryness 0.08 (output-based fallback)
  🔗 Merged 3714 orders into 761 price-distinct blocks
  ✅ Merit-order book: 3666 supply / 48 demand orders
     ⚖️  Supply/Demand ratio: 2.01  (gas SRMC €89.2/MWh)
   📊 Processing zone DE_LU...
      ℹ️  No usable ATC link to AT, BE, BG, EE, ES, FI, GR, HU, IT-CNORTH, IT-CSOUTH, IT-Calabria, IT-NORTH, IT-SOUTH, IT-Sardinia, IT-Sicily, LT, LV, NO1, NO3, NO4, NO5, PT, RO, RS, SE1, SE2, SE3, SE4, SI, SK — keeping observed net imports for those borders
📊 Creating merit-order order book for DE_LU on 2025-07-10
      ✅ Added 3666 supply + 48 demand orders
  ➕ Fleet completion: +4527 MW Biomass (recent p95 4527 MW vs 0 MW unit-level)
  ➕ Fleet completion: +1942 MW Hydro Pumped Storage (installed 7495 MW vs 5553 MW unit-level)
  ➕ Fleet completion: +143 MW Hydro Water Reservoir (recent p95 643 MW vs 500 MW unit-level)
  ➕ Fleet completion: +147 MW Other (recent p95 147 MW vs 0 MW unit-level)
  ➕ Fleet completion: +520 MW Waste (recent p95 629 MW vs 109 MW unit-level)
  ➕ Fleet completion: +1388 MW Hydro Run-of-river and pondage (recent p95 1852 MW vs 464 MW unit-level)
  ➕ Fleet completion: +6724 MW Fossil Gas (installed 19529 MW vs 12805 MW unit-level)
  ➕ Fleet completion: +13580 MW Fossil Hard coal (installed 20831 MW vs 7251 MW unit-level)
  ➕ Fleet completion: +7359 MW Fossil Brown coal/Lignite (installed 19572 MW vs 12213 MW unit-level)
  ➕ Fleet completion: +772 MW Fossil Oil (installed 1142 MW vs 370 MW unit-level)
  ➕ Fleet completion: +474 MW Fossil Coal-derived gas (installed 1245 MW vs 771 MW unit-level)
  📊 Resolution analysis:
     - Loads & Renewables: PT15M (15 minutes)
     - Loads & Renewables: PT15M (15 minutes)
     → Using finest resolution: 15 minutes
  🕐 Aggregated 15-min data to hourly (24 slots)
  💧 Hydro: offer scale 0.69, dryness 0.03 (output-based fallback)
  🔗 Merged 13104 orders into 1104 price-distinct blocks
  ✅ Merit-order book: 13056 supply / 48 demand orders
     ⚖️  Supply/Demand ratio: 1.79  (gas SRMC €89.2/MWh)
   📊 Processing zone DK1...
      ℹ️  No usable ATC link to AT, BE, BG, CH, CZ, EE, ES, FI, FR, GR, HU, IT-CNORTH, IT-CSOUTH, IT-Calabria, IT-NORTH, IT-SOUTH, IT-Sardinia, IT-Sicily, LT, LV, NO1, NO2, NO3, NO4, NO5, PL, PT, RO, RS, SE1, SE2, SE4, SI, SK — keeping observed net imports for those borders
📊 Creating merit-order order book for DK1 on 2025-07-10
      ✅ Added 13056 supply + 48 demand orders
  ➖ Fleet-truthing derate: Fossil Hard coal ×0.0 (fleet 1486 MW vs recent p95 0 MW)
  📊 Resolution analysis:
     - Loads: PT60M (60 minutes)
     - Renewables: PT15M (15 minutes)
     → Using finest resolution: 15 minutes
  📊 Disaggregating loads from 60min to 15min resolution
  🕐 Aggregated 15-min data to hourly (24 slots)
  🛟 Import backstop: peak 3505 MW @ €160.6/MWh (24 hours, 8-week window)
  🌐 Boundary book (GB): 120 orders over 24 slots
  🔗 Merged 528 orders into 504 price-distinct blocks
  ✅ Merit-order book: 432 supply / 96 demand orders
     ⚖️  Supply/Demand ratio: 1.61  (gas SRMC €89.2/MWh)
   📊 Processing zone DK2...
      ℹ️  No usable ATC link to AT, BE, BG, CH, CZ, EE, ES, FI, FR, GR, HU, IT-CNORTH, IT-CSOUTH, IT-Calabria, IT-NORTH, IT-SOUTH, IT-Sardinia, IT-Sicily, LT, LV, NL, NO1, NO2, NO3, NO4, NO5, PL, PT, RO, RS, SE1, SE2, SE3, SI, SK — keeping observed net imports for those borders
📊 Creating merit-order order book for DK2 on 2025-07-10
      ✅ Added 432 supply + 96 demand orders
  ➕ Fleet completion: +111 MW Waste (recent p95 111 MW vs 0 MW unit-level)
  ➖ Fleet-truthing derate: Fossil Hard coal ×0.07 (fleet 1037 MW vs recent p95 61 MW)
  📊 Resolution analysis:
     - Loads: PT60M (60 minutes)
     - Renewables: PT15M (15 minutes)
     → Using finest resolution: 15 minutes
  📊 Disaggregating loads from 60min to 15min resolution
  🕐 Aggregated 15-min data to hourly (24 slots)
  🛟 Import backstop: peak 986 MW @ €160.6/MWh (24 hours, 8-week window)
  🔗 Merged 1104 orders into 576 price-distinct blocks
  ✅ Merit-order book: 1056 supply / 48 demand orders
     ⚖️  Supply/Demand ratio: 1.91  (gas SRMC €89.2/MWh)
   📊 Processing zone EE...
      ℹ️  No usable ATC link to AT, BE, BG, CH, CZ, DE_LU, DK1, DK2, ES, FR, GR, HU, IT-CNORTH, IT-CSOUTH, IT-Calabria, IT-NORTH, IT-SOUTH, IT-Sardinia, IT-Sicily, LT, NL, NO1, NO2, NO3, NO4, NO5, PL, PT, RO, RS, SE1, SE2, SE3, SE4, SI, SK — keeping observed net imports for those borders
📊 Creating merit-order order book for EE on 2025-07-10
      ✅ Added 1056 supply + 48 demand orders
  ➕ Fleet completion: +443 MW Fossil Oil shale (installed 1330 MW vs 887 MW unit-level)
  📊 Resolution analysis:
     - Loads & Renewables: PT60M (60 minutes)
     - Loads & Renewables: PT60M (60 minutes)
     → Using finest resolution: 60 minutes
  🔗 Merged 888 orders into 216 price-distinct blocks
  ✅ Merit-order book: 840 supply / 48 demand orders
     ⚖️  Supply/Demand ratio: 2.09  (gas SRMC €89.2/MWh)
   📊 Processing zone ES...
      ℹ️  No usable ATC link to AT, BE, BG, CH, CZ, DE_LU, DK1, DK2, EE, FI, GR, HU, IT-CNORTH, IT-CSOUTH, IT-Calabria, IT-NORTH, IT-SOUTH, IT-Sardinia, IT-Sicily, LT, LV, NL, NO1, NO2, NO3, NO4, NO5, PL, RO, RS, SE1, SE2, SE3, SE4, SI, SK — keeping observed net imports for those borders
📊 Creating merit-order order book for ES on 2025-07-10
      ✅ Added 840 supply + 48 demand orders
  ➕ Fleet completion: +504 MW Biomass (recent p95 504 MW vs 0 MW unit-level)
  ➕ Fleet completion: +110 MW Hydro Water Reservoir (recent p95 4152 MW vs 4043 MW unit-level)
  ➕ Fleet completion: +248 MW Waste (recent p95 248 MW vs 0 MW unit-level)
  ➕ Fleet completion: +1148 MW Hydro Run-of-river and pondage (recent p95 1148 MW vs 0 MW unit-level)
  ➖ Fleet-truthing derate: Fossil Hard coal ×0.44 (fleet 916 MW vs recent p95 352 MW)
  📊 Resolution analysis:
     - Loads & Renewables: PT15M (15 minutes)
     - Loads & Renewables: PT15M (15 minutes)
     → Using finest resolution: 15 minutes
  🕐 Aggregated 15-min data to hourly (24 slots)
  💧 Hydro: offer scale 0.91, dryness 0.0 (reservoir levels)
  🔗 Merged 11376 orders into 816 price-distinct blocks
  ✅ Merit-order book: 11328 supply / 48 demand orders
     ⚖️  Supply/Demand ratio: 1.55  (gas SRMC €89.2/MWh)
   📊 Processing zone FI...
      ℹ️  No usable ATC link to AT, BE, BG, CH, CZ, DE_LU, DK1, DK2, ES, FR, GR, HU, IT-CNORTH, IT-CSOUTH, IT-Calabria, IT-NORTH, IT-SOUTH, IT-Sardinia, IT-Sicily, LT, LV, NL, NO1, NO2, NO3, NO4, NO5, PL, PT, RO, RS, SE1, SE2, SE3, SE4, SI, SK — keeping observed net imports for those borders
📊 Creating merit-order order book for FI on 2025-07-10
      ✅ Added 11328 supply + 48 demand orders
  ➕ Fleet completion: +233 MW Biomass (recent p95 868 MW vs 635 MW unit-level)
  ➕ Fleet completion: +2125 MW Hydro Run-of-river and pondage (recent p95 2125 MW vs 0 MW unit-level)
  ➕ Fleet completion: +178 MW Nuclear (recent p95 4155 MW vs 3977 MW unit-level)
  ➖ Fleet-truthing derate: Fossil Hard coal ×0.0 (fleet 1878 MW vs recent p95 2 MW)
  ➖ Fleet-truthing derate: Fossil Peat ×0.06 (fleet 820 MW vs recent p95 44 MW)
  📊 Resolution analysis:
     - Loads & Renewables: PT15M (15 minutes)
     - Loads & Renewables: PT15M (15 minutes)
     → Using finest resolution: 15 minutes
  🕐 Aggregated 15-min data to hourly (24 slots)
  💧 Hydro: offer scale 0.92, dryness 0.08 (reservoir levels) [reservoir-opportunity]
  🔗 Merged 4680 orders into 1006 price-distinct blocks
  ✅ Merit-order book: 4632 supply / 48 demand orders
     ⚖️  Supply/Demand ratio: 1.3  (gas SRMC €89.2/MWh)
   📊 Processing zone FR...
      ℹ️  No usable ATC link to AT, BE, BG, CZ, DK1, DK2, EE, FI, GR, HU, IT-CNORTH, IT-CSOUTH, IT-Calabria, IT-SOUTH, IT-Sardinia, IT-Sicily, LT, LV, NL, NO1, NO2, NO3, NO4, NO5, PL, PT, RO, RS, SE1, SE2, SE3, SE4, SI, SK — keeping observed net imports for those borders
📊 Creating merit-order order book for FR on 2025-07-10
      ✅ Added 4632 supply + 48 demand orders
  ➕ Fleet completion: +237 MW Biomass (recent p95 387 MW vs 150 MW unit-level)
  ➕ Fleet completion: +1099 MW Hydro Water Reservoir (recent p95 2430 MW vs 1331 MW unit-level)
  ➕ Fleet completion: +393 MW Waste (recent p95 393 MW vs 0 MW unit-level)
  ➕ Fleet completion: +3297 MW Hydro Run-of-river and pondage (recent p95 5239 MW vs 1942 MW unit-level)
  ➖ Fleet-truthing derate: Nuclear ×0.98 (fleet 48680 MW vs recent p95 41617 MW)
  📊 Resolution analysis:
     - Loads: PT15M (15 minutes)
     - Renewables: PT60M (60 minutes)
     → Using finest resolution: 15 minutes
  📊 Disaggregating renewables from 60min to 15min resolution
  🕐 Aggregated 15-min data to hourly (24 slots)
  🛟 Import backstop: peak 2351 MW @ €160.6/MWh (24 hours, 8-week window)
  💧 Hydro: offer scale 0.84, dryness 0.02 (reservoir levels)
  🌐 Boundary book (GB): 120 orders over 24 slots
  🔗 Merged 16588 orders into 1056 price-distinct blocks
  ✅ Merit-order book: 16492 supply / 96 demand orders
     ⚖️  Supply/Demand ratio: 1.71  (gas SRMC €89.2/MWh)
   📊 Processing zone GR...
      ℹ️  No usable ATC link to AT, BE, CH, CZ, DE_LU, DK1, DK2, EE, ES, FI, FR, HU, IT-CNORTH, IT-CSOUTH, IT-Calabria, IT-NORTH, IT-SOUTH, IT-Sardinia, IT-Sicily, LT, LV, NL, NO1, NO2, NO3, NO4, NO5, PL, PT, RO, RS, SE1, SE2, SE3, SE4, SI, SK — keeping observed net imports for those borders
📊 Creating merit-order order book for GR on 2025-07-10
      ✅ Added 16492 supply + 96 demand orders
  ➖ Fleet-truthing derate: Fossil Brown coal/Lignite ×0.6 (fleet 1182 MW vs recent p95 618 MW)
  📊 Resolution analysis:
     - Loads & Renewables: PT60M (60 minutes)
     - Loads & Renewables: PT60M (60 minutes)
     → Using finest resolution: 60 minutes
  💧 Hydro: offer scale 0.61, dryness 0.16 (reservoir levels)
  🔗 Merged 2832 orders into 432 price-distinct blocks
  ✅ Merit-order book: 2773 supply / 59 demand orders
     ⚖️  Supply/Demand ratio: 1.79  (gas SRMC €89.2/MWh)
   📊 Processing zone HU...
      ℹ️  No usable ATC link to AT, BE, BG, CH, CZ, DE_LU, DK1, DK2, EE, ES, FI, FR, GR, IT-CNORTH, IT-CSOUTH, IT-Calabria, IT-NORTH, IT-SOUTH, IT-Sardinia, IT-Sicily, LT, LV, NL, NO1, NO2, NO3, NO4, NO5, PL, PT, RO, SE1, SE2, SE3, SE4, SK — keeping observed net imports for those borders
📊 Creating merit-order order book for HU on 2025-07-10
      ✅ Added 2773 supply + 59 demand orders
  ➖ Fleet-truthing derate: Fossil Brown coal/Lignite ×0.31 (fleet 679 MW vs recent p95 183 MW)
  📊 Resolution analysis:
     - Loads & Renewables: PT15M (15 minutes)
     - Loads & Renewables: PT15M (15 minutes)
     → Using finest resolution: 15 minutes
  🕐 Aggregated 15-min data to hourly (24 slots)
  🛟 Import backstop: peak 1045 MW @ €160.6/MWh (24 hours, 8-week window)
  🌐 Boundary book (UA): 124 orders over 24 slots
  🔗 Merged 7972 orders into 1132 price-distinct blocks
  ✅ Merit-order book: 7872 supply / 100 demand orders
     ⚖️  Supply/Demand ratio: 1.64  (gas SRMC €89.2/MWh)
   📊 Processing zone LT...
      ℹ️  No usable ATC link to AT, BE, BG, CH, CZ, DE_LU, DK1, DK2, EE, ES, FI, FR, GR, HU, IT-CNORTH, IT-CSOUTH, IT-Calabria, IT-NORTH, IT-SOUTH, IT-Sardinia, IT-Sicily, NL, NO1, NO2, NO3, NO4, NO5, PT, RO, RS, SE1, SE2, SE3, SI, SK — keeping observed net imports for those borders
📊 Creating merit-order order book for LT on 2025-07-10
      ✅ Added 7872 supply + 100 demand orders
  📊 Resolution analysis:
     - Loads & Renewables: PT15M (15 minutes)
     - Loads & Renewables: PT15M (15 minutes)
     → Using finest resolution: 15 minutes
  🕐 Aggregated 15-min data to hourly (24 slots)
  💧 Hydro: offer scale 0.36, dryness 0.96 (reservoir levels)
  🔗 Merged 744 orders into 240 price-distinct blocks
  ✅ Merit-order book: 696 supply / 48 demand orders
     ⚖️  Supply/Demand ratio: 1.89  (gas SRMC €89.2/MWh)
   📊 Processing zone LV...
      ℹ️  No usable ATC link to AT, BE, BG, CH, CZ, DE_LU, DK1, DK2, ES, FI, FR, GR, HU, IT-CNORTH, IT-CSOUTH, IT-Calabria, IT-NORTH, IT-SOUTH, IT-Sardinia, IT-Sicily, NL, NO1, NO2, NO3, NO4, NO5, PL, PT, RO, RS, SE1, SE2, SE3, SE4, SI, SK — keeping observed net imports for those borders
📊 Creating merit-order order book for LV on 2025-07-10
      ✅ Added 696 supply + 48 demand orders
  ➕ Fleet completion: +556 MW Hydro Run-of-river and pondage (recent p95 656 MW vs 100 MW unit-level)
  📊 Resolution analysis:
     - Loads: PT60M (60 minutes)
     - Renewables: PT15M (15 minutes)
     → Using finest resolution: 15 minutes
  📊 Disaggregating loads from 60min to 15min resolution
  🕐 Aggregated 15-min data to hourly (24 slots)
  💧 Hydro: offer scale 1.0, dryness 0.54 (reservoir levels)
  🔗 Merged 863 orders into 312 price-distinct blocks
  ✅ Merit-order book: 815 supply / 48 demand orders
     ⚖️  Supply/Demand ratio: 2.23  (gas SRMC €89.2/MWh)
   📊 Processing zone NL...
      ℹ️  No usable ATC link to AT, BE, BG, CH, CZ, DK2, EE, ES, FI, FR, GR, HU, IT-CNORTH, IT-CSOUTH, IT-Calabria, IT-NORTH, IT-SOUTH, IT-Sardinia, IT-Sicily, LT, LV, NO1, NO3, NO4, NO5, PL, PT, RO, RS, SE1, SE2, SE3, SE4, SI, SK — keeping observed net imports for those borders
📊 Creating merit-order order book for NL on 2025-07-10
      ✅ Added 815 supply + 48 demand orders
  ➕ Fleet completion: +211 MW Biomass (installed 631 MW vs 420 MW unit-level)
  ➕ Fleet completion: +5121 MW Fossil Gas (installed 14186 MW vs 9065 MW unit-level)
  ➕ Fleet completion: +13085 MW Other (recent p95 13085 MW vs 0 MW unit-level)
  ➕ Fleet completion: +4580 MW Fossil Hard coal (installed 6101 MW vs 1521 MW unit-level)
  ➕ Fleet completion: +325 MW Waste (recent p95 325 MW vs 0 MW unit-level)
  📊 Resolution analysis:
     - Loads & Renewables: PT15M (15 minutes)
     - Loads & Renewables: PT15M (15 minutes)
     → Using finest resolution: 15 minutes
  🕐 Aggregated 15-min data to hourly (24 slots)
  🔗 Merged 5040 orders into 840 price-distinct blocks
  ✅ Merit-order book: 4979 supply / 61 demand orders
     ⚖️  Supply/Demand ratio: 3.59  (gas SRMC €89.2/MWh)
   📊 Processing zone NO1...
      ℹ️  No usable ATC link to AT, BE, BG, CH, CZ, DE_LU, DK1, DK2, EE, ES, FI, FR, GR, HU, IT-CNORTH, IT-CSOUTH, IT-Calabria, IT-NORTH, IT-SOUTH, IT-Sardinia, IT-Sicily, LT, LV, NL, NO2, NO3, NO4, NO5, PL, PT, RO, RS, SE1, SE2, SE3, SE4, SI, SK — keeping observed net imports for those borders
📊 Creating merit-order order book for NO1 on 2025-07-10
      ✅ Added 4979 supply + 61 demand orders
  ➕ Fleet completion: +653 MW Hydro Run-of-river and pondage (recent p95 1768 MW vs 1115 MW unit-level)
  📊 Resolution analysis:
     - Loads & Renewables: PT15M (15 minutes)
     - Loads & Renewables: PT15M (15 minutes)
     → Using finest resolution: 15 minutes
  🕐 Aggregated 15-min data to hourly (24 slots)
  🛟 Import backstop: peak 713 MW @ €160.6/MWh (23 hours, 8-week window)
  💧 Hydro: offer scale 0.85, dryness 0.15 (reservoir levels) [reservoir-opportunity]
  🔗 Merged 3791 orders into 215 price-distinct blocks
  ✅ Merit-order book: 3743 supply / 48 demand orders
     ⚖️  Supply/Demand ratio: 1.67  (gas SRMC €89.2/MWh)
   📊 Processing zone NO2...
      ℹ️  No usable ATC link to AT, BE, BG, CH, CZ, DK1, DK2, EE, ES, FI, FR, GR, HU, IT-CNORTH, IT-CSOUTH, IT-Calabria, IT-NORTH, IT-SOUTH, IT-Sardinia, IT-Sicily, LT, LV, NO1, NO3, NO4, NO5, PL, PT, RO, RS, SE1, SE2, SE3, SE4, SI, SK — keeping observed net imports for those borders
📊 Creating merit-order order book for NO2 on 2025-07-10
      ✅ Added 3743 supply + 48 demand orders
  ➕ Fleet completion: +438 MW Hydro Run-of-river and pondage (recent p95 553 MW vs 115 MW unit-level)
  📊 Resolution analysis:
     - Loads & Renewables: PT15M (15 minutes)
     - Loads & Renewables: PT15M (15 minutes)
     → Using finest resolution: 15 minutes
  🕐 Aggregated 15-min data to hourly (24 slots)
  💧 Hydro: offer scale 0.85, dryness 0.15 (reservoir levels) [reservoir-opportunity]
  🔗 Merged 2232 orders into 192 price-distinct blocks
  ✅ Merit-order book: 2184 supply / 48 demand orders
     ⚖️  Supply/Demand ratio: 2.41  (gas SRMC €89.2/MWh)
   📊 Processing zone NO3...
      ℹ️  No usable ATC link to AT, BE, BG, CH, CZ, DE_LU, DK1, DK2, EE, ES, FI, FR, GR, HU, IT-CNORTH, IT-CSOUTH, IT-Calabria, IT-NORTH, IT-SOUTH, IT-Sardinia, IT-Sicily, LT, LV, NL, NO1, NO2, NO4, NO5, PL, PT, RO, RS, SE1, SE2, SE3, SE4, SI, SK — keeping observed net imports for those borders
📊 Creating merit-order order book for NO3 on 2025-07-10
      ✅ Added 2184 supply + 48 demand orders
  ➕ Fleet completion: +581 MW Hydro Water Reservoir (recent p95 2167 MW vs 1586 MW unit-level)
  ➕ Fleet completion: +884 MW Hydro Run-of-river and pondage (recent p95 988 MW vs 104 MW unit-level)
  📊 Resolution analysis:
     - Loads & Renewables: PT15M (15 minutes)
     - Loads & Renewables: PT15M (15 minutes)
     → Using finest resolution: 15 minutes
  🕐 Aggregated 15-min data to hourly (24 slots)
  🛟 Import backstop: peak 1634 MW @ €160.6/MWh (24 hours, 8-week window)
  💧 Hydro: offer scale 1.0, dryness 0.0 (reservoir levels) [reservoir-opportunity]
  🔗 Merged 1224 orders into 216 price-distinct blocks
  ✅ Merit-order book: 1176 supply / 48 demand orders
     ⚖️  Supply/Demand ratio: 1.67  (gas SRMC €89.2/MWh)
   📊 Processing zone NO4...
      ℹ️  No usable ATC link to AT, BE, BG, CH, CZ, DE_LU, DK1, DK2, EE, ES, FI, FR, GR, HU, IT-CNORTH, IT-CSOUTH, IT-Calabria, IT-NORTH, IT-SOUTH, IT-Sardinia, IT-Sicily, LT, LV, NL, NO1, NO2, NO3, NO5, PL, PT, RO, RS, SE1, SE2, SE3, SE4, SI, SK — keeping observed net imports for those borders
📊 Creating merit-order order book for NO4 on 2025-07-10
      ✅ Added 1176 supply + 48 demand orders
  ➕ Fleet completion: +350 MW Hydro Run-of-river and pondage (recent p95 350 MW vs 0 MW unit-level)
  📊 Resolution analysis:
     - Loads & Renewables: PT15M (15 minutes)
     - Loads & Renewables: PT15M (15 minutes)
     → Using finest resolution: 15 minutes
  🕐 Aggregated 15-min data to hourly (24 slots)
  💧 Hydro: offer scale 1.0, dryness 0.0 (reservoir levels) [reservoir-opportunity]
  🔗 Merged 1752 orders into 335 price-distinct blocks
  ✅ Merit-order book: 1704 supply / 48 demand orders
     ⚖️  Supply/Demand ratio: 2.36  (gas SRMC €89.2/MWh)
   📊 Processing zone NO5...
      ℹ️  No usable ATC link to AT, BE, BG, CH, CZ, DE_LU, DK1, DK2, EE, ES, FI, FR, GR, HU, IT-CNORTH, IT-CSOUTH, IT-Calabria, IT-NORTH, IT-SOUTH, IT-Sardinia, IT-Sicily, LT, LV, NL, NO1, NO2, NO3, NO4, PL, PT, RO, RS, SE1, SE2, SE3, SE4, SI, SK — keeping observed net imports for those borders
📊 Creating merit-order order book for NO5 on 2025-07-10
      ✅ Added 1704 supply + 48 demand orders
  ➕ Fleet completion: +557 MW Hydro Run-of-river and pondage (recent p95 557 MW vs 0 MW unit-level)
  📊 Resolution analysis:
     - Loads & Renewables: PT15M (15 minutes)
     - Loads & Renewables: PT15M (15 minutes)
     → Using finest resolution: 15 minutes
  🕐 Aggregated 15-min data to hourly (24 slots)
  💧 Hydro: offer scale 1.0, dryness 0.0 (reservoir levels) [reservoir-opportunity]
  🔗 Merged 1848 orders into 336 price-distinct blocks
  ✅ Merit-order book: 1800 supply / 48 demand orders
     ⚖️  Supply/Demand ratio: 3.96  (gas SRMC €89.2/MWh)
   📊 Processing zone PL...
      ℹ️  No usable ATC link to AT, BE, BG, CH, DK1, DK2, EE, ES, FI, FR, GR, HU, IT-CNORTH, IT-CSOUTH, IT-Calabria, IT-NORTH, IT-SOUTH, IT-Sardinia, IT-Sicily, LV, NL, NO1, NO2, NO3, NO4, NO5, PT, RO, RS, SE1, SE2, SE3, SI, SK — keeping observed net imports for those borders
📊 Creating merit-order order book for PL on 2025-07-10
      ✅ Added 1800 supply + 48 demand orders
  ➕ Fleet completion: +198 MW Biomass (recent p95 406 MW vs 208 MW unit-level)
  ➕ Fleet completion: +674 MW Hydro Pumped Storage (installed 1524 MW vs 850 MW unit-level)
  ➕ Fleet completion: +227 MW Hydro Water Reservoir (recent p95 227 MW vs 0 MW unit-level)
  ➕ Fleet completion: +566 MW Other (recent p95 566 MW vs 0 MW unit-level)
  ➕ Fleet completion: +132 MW Hydro Run-of-river and pondage (recent p95 132 MW vs 0 MW unit-level)
  ➕ Fleet completion: +725 MW Fossil Gas (installed 4034 MW vs 3309 MW unit-level)
  ➕ Fleet completion: +4686 MW Fossil Hard coal (installed 18582 MW vs 13896 MW unit-level)
  ➕ Fleet completion: +3597 MW Fossil Brown coal/Lignite (installed 9116 MW vs 5519 MW unit-level)
  ➕ Fleet completion: +148 MW Fossil Oil (recent p95 148 MW vs 0 MW unit-level)
  ➕ Fleet completion: +191 MW Fossil Coal-derived gas (recent p95 191 MW vs 0 MW unit-level)
  📊 Resolution analysis:
     - Loads & Renewables: PT15M (15 minutes)
     - Loads & Renewables: PT15M (15 minutes)
     → Using finest resolution: 15 minutes
  🕐 Aggregated 15-min data to hourly (24 slots)
  💧 Hydro: offer scale 0.5, dryness 0.0 (output-based fallback)
  🌐 Boundary book (UA): 128 orders over 24 slots
