datetime_utc,ops_mw
2024-07-01T00:00:00Z,211.49
2024-07-01T01:00:00Z,222.365
2024-07-01T02:00:00Z,229.74
2024-07-01T03:00:00Z,250.895
2024-07-01T04:00:00Z,264.09
2024-07-01T05:00:00Z,260.673
2024-07-01T06:00:00Z,251.115
2024-07-01T07:00:00Z,238.095
2024-07-01T08:00:00Z,229.705
2024-07-01T09:00:00Z,224.85
2024-07-01T10:00:00Z,231.425
2024-07-01T11:00:00Z,237.945
2024-07-01T12:00:00Z,243.812
2024-07-01T13:00:00Z,243.368
2024-07-01T14:00:00Z,244.285
2024-07-01T15:00:00Z,213.137
2024-07-01T16:00:00Z,191.665
2024-07-01T17:00:00Z,197.287
2024-07-01T18:00:00Z,191.685
2024-07-01T19:00:00Z,196.56
2024-07-01T20:00:00Z,201.012
2024-07-01T21:00:00Z,194.09
2024-07-01T22:00:00Z,188.09
2024-07-01T23:00:00Z,188.09
2024-07-02T00:00:00Z,188.09
2024-07-02T01:00:00Z,196.59
2024-07-02T02:00:00Z,206.84
2024-07-02T03:00:00Z,248.09
2024-07-02T04:00:00Z,258.5
2024-07-02T05:00:00Z,254.822
2024-07-02T06:00:00Z,256.652
2024-07-02T07:00:00Z,265.705
2024-07-02T08:00:00Z,268.363
2024-07-02T09:00:00Z,289.517
2024-07-02T10:00:00Z,282.32
2024-07-02T11:00:00Z,286.245
2024-07-02T12:00:00Z,296.435
2024-07-02T13:00:00Z,293.562
2024-07-02T14:00:00Z,262.07
2024-07-02T15:00:00Z,240.822
2024-07-02T16:00:00Z,240.78
2024-07-02T17:00:00Z,234.125
2024-07-02T18:00:00Z,227.54
2024-07-02T19:00:00Z,217.415
2024-07-02T20:00:00Z,214.993
2024-07-02T21:00:00Z,211.01
2024-07-02T22:00:00Z,210.51
2024-07-02T23:00:00Z,201.51
2024-07-03T00:00:00Z,207.51
2024-07-03T01:00:00Z,221.385
2024-07-03T02:00:00Z,231.91
2024-07-03T03:00:00Z,266.055
2024-07-03T04:00:00Z,295.895
2024-07-03T05:00:00Z,303.827
2024-07-03T06:00:00Z,310.142
2024-07-03T07:00:00Z,300.265
2024-07-03T08:00:00Z,298.315
2024-07-03T09:00:00Z,306.515
2024-07-03T10:00:00Z,308.342
2024-07-03T11:00:00Z,315.01
2024-07-03T12:00:00Z,327.275
2024-07-03T13:00:00Z,325.183
2024-07-03T14:00:00Z,314.007
2024-07-03T15:00:00Z,272.335
2024-07-03T16:00:00Z,234.225
2024-07-03T17:00:00Z,218.712
2024-07-03T18:00:00Z,213.375
2024-07-03T19:00:00Z,199.2
2024-07-03T20:00:00Z,191.2
2024-07-03T21:00:00Z,196.51
2024-07-03T22:00:00Z,197.837
2024-07-03T23:00:00Z,204.32
2024-07-04T00:00:00Z,204.32
2024-07-04T01:00:00Z,224.195
2024-07-04T02:00:00Z,232.07
2024-07-04T03:00:00Z,268.488
2024-07-04T04:00:00Z,289.743
2024-07-04T05:00:00Z,289.245
2024-07-04T06:00:00Z,289.185
2024-07-04T07:00:00Z,283.483
2024-07-04T08:00:00Z,290.118
2024-07-04T09:00:00Z,303.695
2024-07-04T10:00:00Z,293.408
2024-07-04T11:00:00Z,289.205
2024-07-04T12:00:00Z,283.575
2024-07-04T13:00:00Z,280.808
2024-07-04T14:00:00Z,273.663
2024-07-04T15:00:00Z,234.44
2024-07-04T16:00:00Z,219.463
2024-07-04T17:00:00Z,224.645
2024-07-04T18:00:00Z,222.885
2024-07-04T19:00:00Z,221.01
2024-07-04T20:00:00Z,221.32
2024-07-04T21:00:00Z,223.82
2024-07-04T22:00:00Z,229.053
2024-07-04T23:00:00Z,231.63
2024-07-05T00:00:00Z,222.63
2024-07-05T01:00:00Z,220.88
2024-07-05T02:00:00Z,220.255
2024-07-05T03:00:00Z,239.88
2024-07-05T04:00:00Z,250.597
2024-07-05T05:00:00Z,258.418
2024-07-05T06:00:00Z,244.483
2024-07-05T07:00:00Z,222.09
2024-07-05T08:00:00Z,215.922
2024-07-05T09:00:00Z,228.72
2024-07-05T10:00:00Z,234.12
2024-07-05T11:00:00Z,260.192
2024-07-05T12:00:00Z,262.298
2024-07-05T13:00:00Z,264.562
2024-07-05T14:00:00Z,276.168
2024-07-05T15:00:00Z,275.472
2024-07-05T16:00:00Z,280.202
2024-07-05T17:00:00Z,277.16
2024-07-05T18:00:00Z,276.55
2024-07-05T19:00:00Z,270.058
2024-07-05T20:00:00Z,268.51
2024-07-05T21:00:00Z,276.32
2024-07-05T22:00:00Z,280.57
2024-07-05T23:00:00Z,281.82
2024-07-06T00:00:00Z,283.962
2024-07-06T01:00:00Z,290.51
2024-07-06T02:00:00Z,293.01
2024-07-06T03:00:00Z,300.915
2024-07-06T04:00:00Z,297.85
2024-07-06T05:00:00Z,283.097
2024-07-06T06:00:00Z,271.39
2024-07-06T07:00:00Z,268.925
2024-07-06T08:00:00Z,265.97
2024-07-06T09:00:00Z,258.748
2024-07-06T10:00:00Z,255.988
2024-07-06T11:00:00Z,244.865
2024-07-06T12:00:00Z,239.447
2024-07-06T13:00:00Z,217.752
2024-07-06T14:00:00Z,206.447
2024-07-06T15:00:00Z,198.275
2024-07-06T16:00:00Z,188.017
2024-07-06T17:00:00Z,199.312
2024-07-06T18:00:00Z,199.853
2024-07-06T19:00:00Z,196.103
2024-07-06T20:00:00Z,200.725
2024-07-06T21:00:00Z,196.118
2024-07-06T22:00:00Z,193.54
2024-07-06T23:00:00Z,194.79
2024-07-07T00:00:00Z,199.868
2024-07-07T01:00:00Z,207.6
2024-07-07T02:00:00Z,208.85
2024-07-07T03:00:00Z,245.485
2024-07-07T04:00:00Z,242.377
2024-07-07T05:00:00Z,222.188
2024-07-07T06:00:00Z,207.733
2024-07-07T07:00:00Z,182.54
2024-07-07T08:00:00Z,156.998
2024-07-07T09:00:00Z,154.152
2024-07-07T10:00:00Z,154.002
2024-07-07T11:00:00Z,161.168
2024-07-07T12:00:00Z,166.65
2024-07-07T13:00:00Z,170.395
2024-07-07T14:00:00Z,151.835
2024-07-07T15:00:00Z,147.04
2024-07-07T16:00:00Z,136.48
2024-07-07T17:00:00Z,145.817
2024-07-07T18:00:00Z,152.137
2024-07-07T19:00:00Z,151.665
2024-07-07T20:00:00Z,150.035
2024-07-07T21:00:00Z,147.928
2024-07-07T22:00:00Z,146.6
2024-07-07T23:00:00Z,153.45
2024-07-08T00:00:00Z,155.3
2024-07-08T01:00:00Z,157.175
2024-07-08T02:00:00Z,159.05
2024-07-08T03:00:00Z,186.395
2024-07-08T04:00:00Z,191.01
2024-07-08T05:00:00Z,180.415
2024-07-08T06:00:00Z,174.975
2024-07-08T07:00:00Z,168.493
2024-07-08T08:00:00Z,172.2
2024-07-08T09:00:00Z,179.47
2024-07-08T10:00:00Z,175.132
2024-07-08T11:00:00Z,175.355
2024-07-08T12:00:00Z,175.48
2024-07-08T13:00:00Z,172.657
2024-07-08T14:00:00Z,170.268
2024-07-08T15:00:00Z,169.012
2024-07-08T16:00:00Z,149.228
2024-07-08T17:00:00Z,158.283
2024-07-08T18:00:00Z,169.408
2024-07-08T19:00:00Z,172.55
2024-07-08T20:00:00Z,174.158
2024-07-08T21:00:00Z,173.86
2024-07-08T22:00:00Z,173.86
2024-07-08T23:00:00Z,173.86
2024-07-09T00:00:00Z,173.86
2024-07-09T01:00:00Z,181.735
2024-07-09T02:00:00Z,190.938
2024-07-09T03:00:00Z,205.245
2024-07-09T04:00:00Z,237.007
2024-07-09T05:00:00Z,240.61
2024-07-09T06:00:00Z,233.957
2024-07-09T07:00:00Z,231.065
2024-07-09T08:00:00Z,227.635
2024-07-09T09:00:00Z,232.42
2024-07-09T10:00:00Z,235.218
2024-07-09T11:00:00Z,237.908
2024-07-09T12:00:00Z,242.2
2024-07-09T13:00:00Z,229.205
2024-07-09T14:00:00Z,217.623
2024-07-09T15:00:00Z,205.803
2024-07-09T16:00:00Z,191.61
2024-07-09T17:00:00Z,180.645
2024-07-09T18:00:00Z,177.875
2024-07-09T19:00:00Z,164.798
2024-07-09T20:00:00Z,150.74
2024-07-09T21:00:00Z,148.723
2024-07-09T22:00:00Z,146.615
2024-07-09T23:00:00Z,144.74
2024-07-10T00:00:00Z,144.74
2024-07-10T01:00:00Z,147.24
2024-07-10T02:00:00Z,148.49
2024-07-10T03:00:00Z,171.535
2024-07-10T04:00:00Z,199.0
2024-07-10T05:00:00Z,203.495
2024-07-10T06:00:00Z,214.33
2024-07-10T07:00:00Z,206.067
2024-07-10T08:00:00Z,208.722
2024-07-10T09:00:00Z,219.792
2024-07-10T10:00:00Z,220.39
2024-07-10T11:00:00Z,228.067
2024-07-10T12:00:00Z,235.942
2024-07-10T13:00:00Z,234.532
2024-07-10T14:00:00Z,227.023
2024-07-10T15:00:00Z,209.183
2024-07-10T16:00:00Z,165.575
2024-07-10T17:00:00Z,141.657
2024-07-10T18:00:00Z,135.192
2024-07-10T19:00:00Z,137.11
2024-07-10T20:00:00Z,137.41
2024-07-10T21:00:00Z,137.332
2024-07-10T22:00:00Z,133.35
2024-07-10T23:00:00Z,135.85
2024-07-11T00:00:00Z,135.85
2024-07-11T01:00:00Z,143.725
2024-07-11T02:00:00Z,154.178
2024-07-11T03:00:00Z,191.15
2024-07-11T04:00:00Z,198.833
2024-07-11T05:00:00Z,200.01
2024-07-11T06:00:00Z,202.645
2024-07-11T07:00:00Z,205.145
2024-07-11T08:00:00Z,207.68
2024-07-11T09:00:00Z,214.92
2024-07-11T10:00:00Z,221.248
2024-07-11T11:00:00Z,227.32
2024-07-11T12:00:00Z,233.345
2024-07-11T13:00:00Z,234.478
2024-07-11T14:00:00Z,225.255
2024-07-11T15:00:00Z,208.132
2024-07-11T16:00:00Z,189.222
2024-07-11T17:00:00Z,189.485
2024-07-11T18:00:00Z,193.805
2024-07-11T19:00:00Z,191.873
2024-07-11T20:00:00Z,189.67
2024-07-11T21:00:00Z,190.998
2024-07-11T22:00:00Z,196.23
2024-07-11T23:00:00Z,185.48
2024-07-12T00:00:00Z,185.48
2024-07-12T01:00:00Z,186.105
2024-07-12T02:00:00Z,189.23
2024-07-12T03:00:00Z,221.402
2024-07-12T04:00:00Z,229.312
2024-07-12T05:00:00Z,224.61
2024-07-12T06:00:00Z,220.607
2024-07-12T07:00:00Z,218.887
2024-07-12T08:00:00Z,220.13
2024-07-12T09:00:00Z,236.11
2024-07-12T10:00:00Z,252.752
2024-07-12T11:00:00Z,255.572
2024-07-12T12:00:00Z,272.215
2024-07-12T13:00:00Z,262.69
2024-07-12T14:00:00Z,272.312
2024-07-12T15:00:00Z,276.163
2024-07-12T16:00:00Z,265.31
2024-07-12T17:00:00Z,277.645
2024-07-12T18:00:00Z,271.192
2024-07-12T19:00:00Z,257.92
2024-07-12T20:00:00Z,254.312
2024-07-12T21:00:00Z,247.17
2024-07-12T22:00:00Z,239.42
2024-07-12T23:00:00Z,253.995
2024-07-13T00:00:00Z,263.28
2024-07-13T01:00:00Z,272.107
2024-07-13T02:00:00Z,279.84
2024-07-13T03:00:00Z,297.79
2024-07-13T04:00:00Z,310.575
2024-07-13T05:00:00Z,302.75
2024-07-13T06:00:00Z,299.6
2024-07-13T07:00:00Z,294.775
2024-07-13T08:00:00Z,291.405
2024-07-13T09:00:00Z,293.502
2024-07-13T10:00:00Z,286.715
2024-07-13T11:00:00Z,285.53
2024-07-13T12:00:00Z,279.44
2024-07-13T13:00:00Z,263.913
2024-07-13T14:00:00Z,258.392
2024-07-13T15:00:00Z,217.268
2024-07-13T16:00:00Z,189.852
2024-07-13T17:00:00Z,197.728
2024-07-13T18:00:00Z,204.86
2024-07-13T19:00:00Z,200.212
2024-07-13T20:00:00Z,206.368
2024-07-13T21:00:00Z,211.13
2024-07-13T22:00:00Z,209.88
2024-07-13T23:00:00Z,208.475
2024-07-14T00:00:00Z,208.475
2024-07-14T01:00:00Z,222.005
2024-07-14T02:00:00Z,226.88
2024-07-14T03:00:00Z,246.04
2024-07-14T04:00:00Z,260.115
2024-07-14T05:00:00Z,254.053
2024-07-14T06:00:00Z,246.798
2024-07-14T07:00:00Z,227.662
2024-07-14T08:00:00Z,223.59
2024-07-14T09:00:00Z,213.175
2024-07-14T10:00:00Z,217.147
2024-07-14T11:00:00Z,213.422
2024-07-14T12:00:00Z,216.998
2024-07-14T13:00:00Z,207.645
2024-07-14T14:00:00Z,194.285
2024-07-14T15:00:00Z,174.9
2024-07-14T16:00:00Z,175.3
2024-07-14T17:00:00Z,197.782
2024-07-14T18:00:00Z,202.63
2024-07-14T19:00:00Z,198.825
2024-07-14T20:00:00Z,197.695
2024-07-14T21:00:00Z,196.29
2024-07-14T22:00:00Z,196.29
2024-07-14T23:00:00Z,190.98
2024-07-15T00:00:00Z,190.98
2024-07-15T01:00:00Z,192.855
2024-07-15T02:00:00Z,197.73
2024-07-15T03:00:00Z,216.08
2024-07-15T04:00:00Z,210.14
2024-07-15T05:00:00Z,201.757
2024-07-15T06:00:00Z,190.472
2024-07-15T07:00:00Z,176.637
2024-07-15T08:00:00Z,168.507
2024-07-15T09:00:00Z,162.52
2024-07-15T10:00:00Z,164.165
2024-07-15T11:00:00Z,173.465
2024-07-15T12:00:00Z,179.39
2024-07-15T13:00:00Z,165.918
2024-07-15T14:00:00Z,164.9
2024-07-15T15:00:00Z,161.27
2024-07-15T16:00:00Z,162.727
2024-07-15T17:00:00Z,169.795
2024-07-15T18:00:00Z,173.853
2024-07-15T19:00:00Z,172.98
2024-07-15T20:00:00Z,172.93
2024-07-15T21:00:00Z,163.28
2024-07-15T22:00:00Z,157.28
2024-07-15T23:00:00Z,158.47
2024-07-16T00:00:00Z,158.47
2024-07-16T01:00:00Z,166.345
2024-07-16T02:00:00Z,173.625
2024-07-16T03:00:00Z,210.335
2024-07-16T04:00:00Z,217.053
2024-07-16T05:00:00Z,231.83
2024-07-16T06:00:00Z,249.165
2024-07-16T07:00:00Z,245.938
2024-07-16T08:00:00Z,237.735
2024-07-16T09:00:00Z,238.523
2024-07-16T10:00:00Z,243.62
2024-07-16T11:00:00Z,243.058
2024-07-16T12:00:00Z,240.96
2024-07-16T13:00:00Z,231.32
2024-07-16T14:00:00Z,228.822
2024-07-16T15:00:00Z,224.855
2024-07-16T16:00:00Z,201.452
2024-07-16T17:00:00Z,185.298
2024-07-16T18:00:00Z,178.062
2024-07-16T19:00:00Z,176.248
2024-07-16T20:00:00Z,173.39
2024-07-16T21:00:00Z,173.39
2024-07-16T22:00:00Z,169.265
2024-07-16T23:00:00Z,161.39
2024-07-17T00:00:00Z,161.39
2024-07-17T01:00:00Z,175.89
2024-07-17T02:00:00Z,178.39
2024-07-17T03:00:00Z,216.63
2024-07-17T04:00:00Z,245.265
2024-07-17T05:00:00Z,263.3
2024-07-17T06:00:00Z,271.135
2024-07-17T07:00:00Z,262.365
2024-07-17T08:00:00Z,258.817
2024-07-17T09:00:00Z,257.095
2024-07-17T10:00:00Z,258.41
2024-07-17T11:00:00Z,257.98
2024-07-17T12:00:00Z,262.303
2024-07-17T13:00:00Z,264.285
2024-07-17T14:00:00Z,265.923
2024-07-17T15:00:00Z,245.35
2024-07-17T16:00:00Z,198.103
2024-07-17T17:00:00Z,174.31
2024-07-17T18:00:00Z,162.51
2024-07-17T19:00:00Z,158.702
2024-07-17T20:00:00Z,158.22
2024-07-17T21:00:00Z,150.89
2024-07-17T22:00:00Z,150.89
2024-07-17T23:00:00Z,152.14
2024-07-18T00:00:00Z,153.39
2024-07-18T01:00:00Z,161.265
2024-07-18T02:00:00Z,170.465
2024-07-18T03:00:00Z,187.235
2024-07-18T04:00:00Z,202.56
2024-07-18T05:00:00Z,199.752
2024-07-18T06:00:00Z,214.685
2024-07-18T07:00:00Z,199.968
2024-07-18T08:00:00Z,191.407
2024-07-18T09:00:00Z,199.64
2024-07-18T10:00:00Z,196.335
2024-07-18T11:00:00Z,196.935
2024-07-18T12:00:00Z,201.54
2024-07-18T13:00:00Z,200.347
2024-07-18T14:00:00Z,201.343
2024-07-18T15:00:00Z,198.273
2024-07-18T16:00:00Z,185.56
2024-07-18T17:00:00Z,167.205
2024-07-18T18:00:00Z,173.098
2024-07-18T19:00:00Z,170.27
2024-07-18T20:00:00Z,163.795
2024-07-18T21:00:00Z,162.62
2024-07-18T22:00:00Z,165.27
2024-07-18T23:00:00Z,159.27
2024-07-19T00:00:00Z,153.27
2024-07-19T01:00:00Z,155.145
2024-07-19T02:00:00Z,150.47
2024-07-19T03:00:00Z,184.892
2024-07-19T04:00:00Z,219.993
2024-07-19T05:00:00Z,239.517
2024-07-19T06:00:00Z,243.845
2024-07-19T07:00:00Z,250.02
2024-07-19T08:00:00Z,250.918
2024-07-19T09:00:00Z,271.507
2024-07-19T10:00:00Z,281.59
2024-07-19T11:00:00Z,281.96
2024-07-19T12:00:00Z,280.27
2024-07-19T13:00:00Z,290.065
2024-07-19T14:00:00Z,312.127
2024-07-19T15:00:00Z,326.85
2024-07-19T16:00:00Z,305.645
2024-07-19T17:00:00Z,307.89
2024-07-19T18:00:00Z,301.42
2024-07-19T19:00:00Z,297.245
2024-07-19T20:00:00Z,294.41
2024-07-19T21:00:00Z,295.48
2024-07-19T22:00:00Z,295.48
2024-07-19T23:00:00Z,289.48
2024-07-20T00:00:00Z,296.67
2024-07-20T01:00:00Z,284.67
2024-07-20T02:00:00Z,275.67
2024-07-20T03:00:00Z,274.575
2024-07-20T04:00:00Z,276.817
2024-07-20T05:00:00Z,269.877
2024-07-20T06:00:00Z,258.688
2024-07-20T07:00:00Z,247.04
2024-07-20T08:00:00Z,248.422
2024-07-20T09:00:00Z,252.707
2024-07-20T10:00:00Z,241.855
2024-07-20T11:00:00Z,245.625
2024-07-20T12:00:00Z,244.485
2024-07-20T13:00:00Z,230.588
2024-07-20T14:00:00Z,226.537
2024-07-20T15:00:00Z,208.625
2024-07-20T16:00:00Z,211.725
2024-07-20T17:00:00Z,221.41
2024-07-20T18:00:00Z,225.01
2024-07-20T19:00:00Z,224.058
2024-07-20T20:00:00Z,225.5
2024-07-20T21:00:00Z,224.25
2024-07-20T22:00:00Z,222.375
2024-07-20T23:00:00Z,224.25
2024-07-21T00:00:00Z,231.9
2024-07-21T01:00:00Z,246.55
2024-07-21T02:00:00Z,246.55
2024-07-21T03:00:00Z,271.655
2024-07-21T04:00:00Z,275.805
2024-07-21T05:00:00Z,266.125
2024-07-21T06:00:00Z,257.442
2024-07-21T07:00:00Z,249.933
2024-07-21T08:00:00Z,240.602
2024-07-21T09:00:00Z,250.55
2024-07-21T10:00:00Z,236.877
2024-07-21T11:00:00Z,227.152
2024-07-21T12:00:00Z,230.3
2024-07-21T13:00:00Z,215.748
2024-07-21T14:00:00Z,202.752
2024-07-21T15:00:00Z,195.705
2024-07-21T16:00:00Z,200.938
2024-07-21T17:00:00Z,200.02
2024-07-21T18:00:00Z,196.535
2024-07-21T19:00:00Z,190.805
2024-07-21T20:00:00Z,192.025
2024-07-21T21:00:00Z,193.9
2024-07-21T22:00:00Z,193.9
2024-07-21T23:00:00Z,196.05
2024-07-22T00:00:00Z,197.6
2024-07-22T01:00:00Z,206.6
2024-07-22T02:00:00Z,213.575
2024-07-22T03:00:00Z,242.625
2024-07-22T04:00:00Z,244.965
2024-07-22T05:00:00Z,236.65
2024-07-22T06:00:00Z,232.777
2024-07-22T07:00:00Z,227.522
2024-07-22T08:00:00Z,215.877
2024-07-22T09:00:00Z,213.722
2024-07-22T10:00:00Z,215.995
2024-07-22T11:00:00Z,220.77
2024-07-22T12:00:00Z,215.065
2024-07-22T13:00:00Z,214.755
2024-07-22T14:00:00Z,212.415
2024-07-22T15:00:00Z,196.162
2024-07-22T16:00:00Z,190.373
2024-07-22T17:00:00Z,188.558
2024-07-22T18:00:00Z,194.202
2024-07-22T19:00:00Z,195.855
2024-07-22T20:00:00Z,195.433
2024-07-22T21:00:00Z,184.027
2024-07-22T22:00:00Z,179.7
2024-07-22T23:00:00Z,179.7
2024-07-23T00:00:00Z,185.7
2024-07-23T01:00:00Z,201.683
2024-07-23T02:00:00Z,212.01
2024-07-23T03:00:00Z,229.79
2024-07-23T04:00:00Z,248.803
2024-07-23T05:00:00Z,267.935
2024-07-23T06:00:00Z,260.45
2024-07-23T07:00:00Z,256.065
2024-07-23T08:00:00Z,253.037
2024-07-23T09:00:00Z,259.665
2024-07-23T10:00:00Z,258.337
2024-07-23T11:00:00Z,260.425
2024-07-23T12:00:00Z,268.727
2024-07-23T13:00:00Z,266.165
2024-07-23T14:00:00Z,248.377
2024-07-23T15:00:00Z,251.377
2024-07-23T16:00:00Z,226.058
2024-07-23T17:00:00Z,208.412
2024-07-23T18:00:00Z,199.777
2024-07-23T19:00:00Z,193.493
2024-07-23T20:00:00Z,193.465
2024-07-23T21:00:00Z,194.09
2024-07-23T22:00:00Z,189.965
2024-07-23T23:00:00Z,184.59
2024-07-24T00:00:00Z,184.59
2024-07-24T01:00:00Z,184.59
2024-07-24T02:00:00Z,184.59
2024-07-24T03:00:00Z,209.488
2024-07-24T04:00:00Z,211.6
2024-07-24T05:00:00Z,217.727
2024-07-24T06:00:00Z,222.352
2024-07-24T07:00:00Z,209.715
2024-07-24T08:00:00Z,189.648
2024-07-24T09:00:00Z,186.73
2024-07-24T10:00:00Z,181.413
2024-07-24T11:00:00Z,181.58
2024-07-24T12:00:00Z,188.13
2024-07-24T13:00:00Z,186.202
2024-07-24T14:00:00Z,192.055
2024-07-24T15:00:00Z,194.438
2024-07-24T16:00:00Z,155.023
2024-07-24T17:00:00Z,145.385
2024-07-24T18:00:00Z,148.608
2024-07-24T19:00:00Z,147.83
2024-07-24T20:00:00Z,149.11
2024-07-24T21:00:00Z,150.36
2024-07-24T22:00:00Z,150.36
2024-07-24T23:00:00Z,152.235
2024-07-25T00:00:00Z,152.86
2024-07-25T01:00:00Z,158.86
2024-07-25T02:00:00Z,166.185
2024-07-25T03:00:00Z,191.705
2024-07-25T04:00:00Z,208.808
2024-07-25T05:00:00Z,208.74
2024-07-25T06:00:00Z,210.353
2024-07-25T07:00:00Z,201.32
2024-07-25T08:00:00Z,189.938
2024-07-25T09:00:00Z,200.755
2024-07-25T10:00:00Z,199.13
2024-07-25T11:00:00Z,202.16
2024-07-25T12:00:00Z,196.053
2024-07-25T13:00:00Z,190.865
2024-07-25T14:00:00Z,187.947
2024-07-25T15:00:00Z,173.268
2024-07-25T16:00:00Z,158.095
2024-07-25T17:00:00Z,151.58
2024-07-25T18:00:00Z,152.205
2024-07-25T19:00:00Z,153.7
2024-07-25T20:00:00Z,150.25
2024-07-25T21:00:00Z,154.225
2024-07-25T22:00:00Z,156.175
2024-07-25T23:00:00Z,158.05
2024-07-26T00:00:00Z,158.05
2024-07-26T01:00:00Z,160.075
2024-07-26T02:00:00Z,164.75
2024-07-26T03:00:00Z,172.517
2024-07-26T04:00:00Z,179.053
2024-07-26T05:00:00Z,175.485
2024-07-26T06:00:00Z,165.875
2024-07-26T07:00:00Z,169.91
2024-07-26T08:00:00Z,188.45
2024-07-26T09:00:00Z,195.507
2024-07-26T10:00:00Z,202.235
2024-07-26T11:00:00Z,219.702
2024-07-26T12:00:00Z,235.34
2024-07-26T13:00:00Z,239.805
2024-07-26T14:00:00Z,243.32
2024-07-26T15:00:00Z,248.365
2024-07-26T16:00:00Z,247.588
2024-07-26T17:00:00Z,248.9
2024-07-26T18:00:00Z,260.51
2024-07-26T19:00:00Z,253.86
2024-07-26T20:00:00Z,247.6
2024-07-26T21:00:00Z,236.9
2024-07-26T22:00:00Z,232.5
2024-07-26T23:00:00Z,233.75
2024-07-27T00:00:00Z,238.423
2024-07-27T01:00:00Z,241.767
2024-07-27T02:00:00Z,254.75
2024-07-27T03:00:00Z,273.123
2024-07-27T04:00:00Z,294.183
2024-07-27T05:00:00Z,287.447
2024-07-27T06:00:00Z,284.04
2024-07-27T07:00:00Z,269.188
2024-07-27T08:00:00Z,266.852
2024-07-27T09:00:00Z,269.858
2024-07-27T10:00:00Z,264.6
2024-07-27T11:00:00Z,269.115
2024-07-27T12:00:00Z,266.38
2024-07-27T13:00:00Z,262.738
2024-07-27T14:00:00Z,267.12
2024-07-27T15:00:00Z,255.9
2024-07-27T16:00:00Z,251.92
2024-07-27T17:00:00Z,252.397
2024-07-27T18:00:00Z,262.285
2024-07-27T19:00:00Z,247.988
2024-07-27T20:00:00Z,228.08
2024-07-27T21:00:00Z,228.08
2024-07-27T22:00:00Z,220.27
2024-07-27T23:00:00Z,221.52
2024-07-28T00:00:00Z,222.848
2024-07-28T01:00:00Z,236.723
2024-07-28T02:00:00Z,240.02
2024-07-28T03:00:00Z,243.137
2024-07-28T04:00:00Z,257.0
2024-07-28T05:00:00Z,236.82
2024-07-28T06:00:00Z,227.812
2024-07-28T07:00:00Z,211.3
2024-07-28T08:00:00Z,190.412
2024-07-28T09:00:00Z,186.75
2024-07-28T10:00:00Z,176.03
2024-07-28T11:00:00Z,171.515
2024-07-28T12:00:00Z,171.803
2024-07-28T13:00:00Z,165.558
2024-07-28T14:00:00Z,163.78
2024-07-28T15:00:00Z,167.108
2024-07-28T16:00:00Z,158.06
2024-07-28T17:00:00Z,166.525
2024-07-28T18:00:00Z,175.78
2024-07-28T19:00:00Z,181.233
2024-07-28T20:00:00Z,179.78
2024-07-28T21:00:00Z,180.68
2024-07-28T22:00:00Z,183.63
2024-07-28T23:00:00Z,186.905
2024-07-29T00:00:00Z,188.78
2024-07-29T01:00:00Z,194.09
2024-07-29T02:00:00Z,194.09
2024-07-29T03:00:00Z,208.957
2024-07-29T04:00:00Z,210.115
2024-07-29T05:00:00Z,202.785
2024-07-29T06:00:00Z,199.55
2024-07-29T07:00:00Z,189.463
2024-07-29T08:00:00Z,189.412
2024-07-29T09:00:00Z,185.168
2024-07-29T10:00:00Z,189.72
2024-07-29T11:00:00Z,184.683
2024-07-29T12:00:00Z,180.192
2024-07-29T13:00:00Z,180.403
2024-07-29T14:00:00Z,181.885
2024-07-29T15:00:00Z,179.505
2024-07-29T16:00:00Z,170.38
2024-07-29T17:00:00Z,164.468
2024-07-29T18:00:00Z,170.308
2024-07-29T19:00:00Z,177.625
2024-07-29T20:00:00Z,180.53
2024-07-29T21:00:00Z,180.56
2024-07-29T22:00:00Z,180.56
2024-07-29T23:00:00Z,179.935
2024-07-30T00:00:00Z,180.56
2024-07-30T01:00:00Z,186.56
2024-07-30T02:00:00Z,192.56
2024-07-30T03:00:00Z,218.655
2024-07-30T04:00:00Z,230.51
2024-07-30T05:00:00Z,243.812
2024-07-30T06:00:00Z,255.183
2024-07-30T07:00:00Z,249.082
2024-07-30T08:00:00Z,253.577
2024-07-30T09:00:00Z,275.812
2024-07-30T10:00:00Z,274.28
2024-07-30T11:00:00Z,266.913
2024-07-30T12:00:00Z,264.692
2024-07-30T13:00:00Z,260.757
2024-07-30T14:00:00Z,239.292
2024-07-30T15:00:00Z,220.875
2024-07-30T16:00:00Z,205.495
2024-07-30T17:00:00Z,202.602
2024-07-30T18:00:00Z,178.77
2024-07-30T19:00:00Z,170.24
2024-07-30T20:00:00Z,170.515
2024-07-30T21:00:00Z,171.44
2024-07-30T22:00:00Z,168.44
2024-07-30T23:00:00Z,161.94
2024-07-31T00:00:00Z,175.19
2024-07-31T01:00:00Z,184.94
2024-07-31T02:00:00Z,190.94
2024-07-31T03:00:00Z,226.48
2024-07-31T04:00:00Z,241.757
2024-07-31T05:00:00Z,258.04
2024-07-31T06:00:00Z,270.2
2024-07-31T07:00:00Z,263.17
2024-07-31T08:00:00Z,261.675
2024-07-31T09:00:00Z,264.962
2024-07-31T10:00:00Z,266.16
2024-07-31T11:00:00Z,268.25
2024-07-31T12:00:00Z,275.575
2024-07-31T13:00:00Z,276.815
2024-07-31T14:00:00Z,272.195
2024-07-31T15:00:00Z,267.37
2024-07-31T16:00:00Z,222.012
2024-07-31T17:00:00Z,186.673
2024-07-31T18:00:00Z,186.062
2024-07-31T19:00:00Z,181.385
2024-07-31T20:00:00Z,179.577
2024-07-31T21:00:00Z,181.75
2024-07-31T22:00:00Z,181.75
2024-07-31T23:00:00Z,183.0
2024-08-01T00:00:00Z,184.25
2024-08-01T01:00:00Z,190.25
2024-08-01T02:00:00Z,198.827
2024-08-01T03:00:00Z,220.355
2024-08-01T04:00:00Z,217.61
2024-08-01T05:00:00Z,229.81
2024-08-01T06:00:00Z,239.215
2024-08-01T07:00:00Z,234.35
2024-08-01T08:00:00Z,230.63
2024-08-01T09:00:00Z,232.722
2024-08-01T10:00:00Z,228.142
2024-08-01T11:00:00Z,224.11
2024-08-01T12:00:00Z,227.505
2024-08-01T13:00:00Z,210.163
2024-08-01T14:00:00Z,217.61
2024-08-01T15:00:00Z,212.722
2024-08-01T16:00:00Z,190.345
2024-08-01T17:00:00Z,176.515
2024-08-01T18:00:00Z,179.275
2024-08-01T19:00:00Z,177.775
2024-08-01T20:00:00Z,175.842
2024-08-01T21:00:00Z,177.39
2024-08-01T22:00:00Z,178.64
2024-08-01T23:00:00Z,182.89
2024-08-02T00:00:00Z,191.89
2024-08-02T01:00:00Z,191.89
2024-08-02T02:00:00Z,191.89
2024-08-02T03:00:00Z,194.99
2024-08-02T04:00:00Z,212.975
2024-08-02T05:00:00Z,212.873
2024-08-02T06:00:00Z,208.635
2024-08-02T07:00:00Z,203.788
2024-08-02T08:00:00Z,193.173
2024-08-02T09:00:00Z,203.875
2024-08-02T10:00:00Z,212.745
2024-08-02T11:00:00Z,231.732
2024-08-02T12:00:00Z,246.32
2024-08-02T13:00:00Z,247.05
2024-08-02T14:00:00Z,248.39
2024-08-02T15:00:00Z,258.725
2024-08-02T16:00:00Z,258.985
2024-08-02T17:00:00Z,265.52
2024-08-02T18:00:00Z,269.33
2024-08-02T19:00:00Z,261.83
2024-08-02T20:00:00Z,241.608
2024-08-02T21:00:00Z,251.28
2024-08-02T22:00:00Z,254.405
2024-08-02T23:00:00Z,258.78
2024-08-03T00:00:00Z,258.78
2024-08-03T01:00:00Z,258.78
2024-08-03T02:00:00Z,267.78
2024-08-03T03:00:00Z,285.88
2024-08-03T04:00:00Z,283.762
2024-08-03T05:00:00Z,273.897
2024-08-03T06:00:00Z,268.44
2024-08-03T07:00:00Z,254.0
2024-08-03T08:00:00Z,253.722
2024-08-03T09:00:00Z,253.752
2024-08-03T10:00:00Z,251.115
2024-08-03T11:00:00Z,252.01
2024-08-03T12:00:00Z,251.91
2024-08-03T13:00:00Z,238.975
2024-08-03T14:00:00Z,235.162
2024-08-03T15:00:00Z,232.805
2024-08-03T16:00:00Z,219.597
2024-08-03T17:00:00Z,229.368
2024-08-03T18:00:00Z,229.082
2024-08-03T19:00:00Z,229.69
2024-08-03T20:00:00Z,216.94
2024-08-03T21:00:00Z,216.94
2024-08-03T22:00:00Z,213.19
2024-08-03T23:00:00Z,211.94
2024-08-04T00:00:00Z,217.015
2024-08-04T01:00:00Z,222.24
2024-08-04T02:00:00Z,225.24
2024-08-04T03:00:00Z,245.035
2024-08-04T04:00:00Z,250.438
2024-08-04T05:00:00Z,258.808
2024-08-04T06:00:00Z,252.4
2024-08-04T07:00:00Z,240.257
2024-08-04T08:00:00Z,215.732
2024-08-04T09:00:00Z,198.262
2024-08-04T10:00:00Z,206.145
2024-08-04T11:00:00Z,194.298
2024-08-04T12:00:00Z,201.08
2024-08-04T13:00:00Z,202.345
2024-08-04T14:00:00Z,206.505
2024-08-04T15:00:00Z,208.597
2024-08-04T16:00:00Z,210.62
2024-08-04T17:00:00Z,212.545
2024-08-04T18:00:00Z,211.015
2024-08-04T19:00:00Z,202.26
2024-08-04T20:00:00Z,204.077
2024-08-04T21:00:00Z,209.875
2024-08-04T22:00:00Z,211.5
2024-08-04T23:00:00Z,212.4
2024-08-05T00:00:00Z,210.045
2024-08-05T01:00:00Z,207.65
2024-08-05T02:00:00Z,198.31
2024-08-05T03:00:00Z,188.11
2024-08-05T04:00:00Z,178.965
2024-08-05T05:00:00Z,169.235
2024-08-05T06:00:00Z,164.145
2024-08-05T07:00:00Z,186.722
2024-08-05T08:00:00Z,194.78
2024-08-05T09:00:00Z,195.743
2024-08-05T10:00:00Z,193.312
2024-08-05T11:00:00Z,192.195
2024-08-05T12:00:00Z,186.38
2024-08-05T13:00:00Z,173.528
2024-08-05T14:00:00Z,171.0
2024-08-05T15:00:00Z,161.423
2024-08-05T16:00:00Z,148.53
2024-08-05T17:00:00Z,152.223
2024-08-05T18:00:00Z,157.425
2024-08-05T19:00:00Z,156.77
2024-08-05T20:00:00Z,156.473
2024-08-05T21:00:00Z,155.877
2024-08-05T22:00:00Z,156.77
2024-08-05T23:00:00Z,154.87
2024-08-06T00:00:00Z,155.17
2024-08-06T01:00:00Z,165.145
2024-08-06T02:00:00Z,170.02
2024-08-06T03:00:00Z,184.817
2024-08-06T04:00:00Z,206.865
2024-08-06T05:00:00Z,214.435
2024-08-06T06:00:00Z,211.935
2024-08-06T07:00:00Z,205.877
2024-08-06T08:00:00Z,198.875
2024-08-06T09:00:00Z,203.01
2024-08-06T10:00:00Z,202.415
2024-08-06T11:00:00Z,200.21
2024-08-06T12:00:00Z,199.49
2024-08-06T13:00:00Z,194.232
2024-08-06T14:00:00Z,185.817
2024-08-06T15:00:00Z,185.712
2024-08-06T16:00:00Z,180.35
2024-08-06T17:00:00Z,172.752
2024-08-06T18:00:00Z,169.207
2024-08-06T19:00:00Z,168.143
2024-08-06T20:00:00Z,165.645
2024-08-06T21:00:00Z,165.05
2024-08-06T22:00:00Z,153.05
2024-08-06T23:00:00Z,141.05
2024-08-07T00:00:00Z,141.05
2024-08-07T01:00:00Z,155.55
2024-08-07T02:00:00Z,160.55
2024-08-07T03:00:00Z,176.223
2024-08-07T04:00:00Z,198.18
2024-08-07T05:00:00Z,186.958
2024-08-07T06:00:00Z,193.188
2024-08-07T07:00:00Z,188.6
2024-08-07T08:00:00Z,191.79
2024-08-07T09:00:00Z,194.152
2024-08-07T10:00:00Z,193.855
2024-08-07T11:00:00Z,195.803
2024-08-07T12:00:00Z,205.603
2024-08-07T13:00:00Z,206.555
2024-08-07T14:00:00Z,213.272
2024-08-07T15:00:00Z,181.512
2024-08-07T16:00:00Z,148.452
2024-08-07T17:00:00Z,124.44
2024-08-07T18:00:00Z,125.543
2024-08-07T19:00:00Z,127.082
2024-08-07T20:00:00Z,132.41
2024-08-07T21:00:00Z,133.66
2024-08-07T22:00:00Z,133.66
2024-08-07T23:00:00Z,134.91
2024-08-08T00:00:00Z,138.66
2024-08-08T01:00:00Z,145.285
2024-08-08T02:00:00Z,153.16
2024-08-08T03:00:00Z,168.45
2024-08-08T04:00:00Z,188.705
2024-08-08T05:00:00Z,181.417
2024-08-08T06:00:00Z,177.81
2024-08-08T07:00:00Z,166.548
2024-08-08T08:00:00Z,176.007
2024-08-08T09:00:00Z,182.34
2024-08-08T10:00:00Z,178.197
2024-08-08T11:00:00Z,179.035
2024-08-08T12:00:00Z,192.45
2024-08-08T13:00:00Z,197.755
2024-08-08T14:00:00Z,195.038
2024-08-08T15:00:00Z,175.93
2024-08-08T16:00:00Z,167.11
2024-08-08T17:00:00Z,162.895
2024-08-08T18:00:00Z,150.72
2024-08-08T19:00:00Z,138.863
2024-08-08T20:00:00Z,145.865
2024-08-08T21:00:00Z,154.77
2024-08-08T22:00:00Z,156.02
2024-08-08T23:00:00Z,148.27
2024-08-09T00:00:00Z,151.96
2024-08-09T01:00:00Z,159.835
2024-08-09T02:00:00Z,170.71
2024-08-09T03:00:00Z,189.06
2024-08-09T04:00:00Z,197.718
2024-08-09T05:00:00Z,193.19
2024-08-09T06:00:00Z,196.037
2024-08-09T07:00:00Z,186.105
2024-08-09T08:00:00Z,173.06
2024-08-09T09:00:00Z,170.74
2024-08-09T10:00:00Z,183.845
2024-08-09T11:00:00Z,198.157
2024-08-09T12:00:00Z,207.455
2024-08-09T13:00:00Z,223.762
2024-08-09T14:00:00Z,241.52
2024-08-09T15:00:00Z,257.238
2024-08-09T16:00:00Z,257.99
2024-08-09T17:00:00Z,259.963
2024-08-09T18:00:00Z,253.815
2024-08-09T19:00:00Z,248.67
2024-08-09T20:00:00Z,241.87
2024-08-09T21:00:00Z,231.77
2024-08-09T22:00:00Z,219.8
2024-08-09T23:00:00Z,221.08
2024-08-10T00:00:00Z,227.08
2024-08-10T01:00:00Z,235.58
2024-08-10T02:00:00Z,252.705
2024-08-10T03:00:00Z,289.675
2024-08-10T04:00:00Z,285.952
2024-08-10T05:00:00Z,272.998
2024-08-10T06:00:00Z,268.043
2024-08-10T07:00:00Z,249.012
2024-08-10T08:00:00Z,242.213
2024-08-10T09:00:00Z,236.475
2024-08-10T10:00:00Z,227.885
2024-08-10T11:00:00Z,228.103
2024-08-10T12:00:00Z,235.395
2024-08-10T13:00:00Z,228.085
2024-08-10T14:00:00Z,229.827
2024-08-10T15:00:00Z,208.41
2024-08-10T16:00:00Z,196.292
2024-08-10T17:00:00Z,199.542
2024-08-10T18:00:00Z,186.04
2024-08-10T19:00:00Z,171.265
2024-08-10T20:00:00Z,163.465
2024-08-10T21:00:00Z,166.59
2024-08-10T22:00:00Z,167.215
2024-08-10T23:00:00Z,169.09
2024-08-11T00:00:00Z,172.84
2024-08-11T01:00:00Z,180.715
2024-08-11T02:00:00Z,192.34
2024-08-11T03:00:00Z,225.553
2024-08-11T04:00:00Z,228.238
2024-08-11T05:00:00Z,207.915
2024-08-11T06:00:00Z,194.535
2024-08-11T07:00:00Z,178.468
2024-08-11T08:00:00Z,172.07
2024-08-11T09:00:00Z,168.165
2024-08-11T10:00:00Z,168.058
2024-08-11T11:00:00Z,169.88
2024-08-11T12:00:00Z,178.397
2024-08-11T13:00:00Z,175.903
2024-08-11T14:00:00Z,158.44
2024-08-11T15:00:00Z,155.593
2024-08-11T16:00:00Z,154.235
2024-08-11T17:00:00Z,158.4
2024-08-11T18:00:00Z,158.745
2024-08-11T19:00:00Z,153.562
2024-08-11T20:00:00Z,149.745
2024-08-11T21:00:00Z,151.44
2024-08-11T22:00:00Z,151.44
2024-08-11T23:00:00Z,152.767
2024-08-12T00:00:00Z,158.625
2024-08-12T01:00:00Z,160.5
2024-08-12T02:00:00Z,166.125
2024-08-12T03:00:00Z,211.345
2024-08-12T04:00:00Z,219.803
2024-08-12T05:00:00Z,213.928
2024-08-12T06:00:00Z,215.627
2024-08-12T07:00:00Z,215.53
2024-08-12T08:00:00Z,228.832
2024-08-12T09:00:00Z,222.502
2024-08-12T10:00:00Z,220.595
2024-08-12T11:00:00Z,231.435
2024-08-12T12:00:00Z,227.395
2024-08-12T13:00:00Z,207.68
2024-08-12T14:00:00Z,216.065
2024-08-12T15:00:00Z,203.207
2024-08-12T16:00:00Z,188.755
2024-08-12T17:00:00Z,182.42
2024-08-12T18:00:00Z,187.895
2024-08-12T19:00:00Z,182.282
2024-08-12T20:00:00Z,175.623
2024-08-12T21:00:00Z,175.45
2024-08-12T22:00:00Z,170.2
2024-08-12T23:00:00Z,171.525
2024-08-13T00:00:00Z,178.5
2024-08-13T01:00:00Z,194.4
2024-08-13T02:00:00Z,203.2
2024-08-13T03:00:00Z,226.402
2024-08-13T04:00:00Z,253.305
2024-08-13T05:00:00Z,279.032
2024-08-13T06:00:00Z,270.36
2024-08-13T07:00:00Z,254.148
2024-08-13T08:00:00Z,238.058
2024-08-13T09:00:00Z,231.583
2024-08-13T10:00:00Z,221.993
2024-08-13T11:00:00Z,223.48
2024-08-13T12:00:00Z,227.77
2024-08-13T13:00:00Z,226.627
2024-08-13T14:00:00Z,220.59
2024-08-13T15:00:00Z,209.338
2024-08-13T16:00:00Z,193.627
2024-08-13T17:00:00Z,162.02
2024-08-13T18:00:00Z,156.67
2024-08-13T19:00:00Z,155.663
2024-08-13T20:00:00Z,158.46
2024-08-13T21:00:00Z,158.46
2024-08-13T22:00:00Z,153.085
2024-08-13T23:00:00Z,146.46
2024-08-14T00:00:00Z,160.16
2024-08-14T01:00:00Z,171.66
2024-08-14T02:00:00Z,175.41
2024-08-14T03:00:00Z,182.255
2024-08-14T04:00:00Z,193.262
2024-08-14T05:00:00Z,203.12
2024-08-14T06:00:00Z,204.553
2024-08-14T07:00:00Z,199.84
2024-08-14T08:00:00Z,197.038
2024-08-14T09:00:00Z,194.96
2024-08-14T10:00:00Z,192.585
2024-08-14T11:00:00Z,193.78
2024-08-14T12:00:00Z,201.522
2024-08-14T13:00:00Z,202.175
2024-08-14T14:00:00Z,201.007
2024-08-14T15:00:00Z,195.175
2024-08-14T16:00:00Z,180.322
2024-08-14T17:00:00Z,145.03
2024-08-14T18:00:00Z,142.45
2024-08-14T19:00:00Z,141.442
2024-08-14T20:00:00Z,135.24
2024-08-14T21:00:00Z,132.24
2024-08-14T22:00:00Z,129.585
2024-08-14T23:00:00Z,127.555
2024-08-15T00:00:00Z,129.43
2024-08-15T01:00:00Z,141.68
2024-08-15T02:00:00Z,152.68
2024-08-15T03:00:00Z,166.035
2024-08-15T04:00:00Z,183.993
2024-08-15T05:00:00Z,171.768
2024-08-15T06:00:00Z,181.137
2024-08-15T07:00:00Z,173.21
2024-08-15T08:00:00Z,162.555
2024-08-15T09:00:00Z,161.087
2024-08-15T10:00:00Z,158.863
2024-08-15T11:00:00Z,158.915
2024-08-15T12:00:00Z,163.53
2024-08-15T13:00:00Z,154.975
2024-08-15T14:00:00Z,145.11
2024-08-15T15:00:00Z,134.137
2024-08-15T16:00:00Z,134.295
2024-08-15T17:00:00Z,134.755
2024-08-15T18:00:00Z,140.705
2024-08-15T19:00:00Z,146.63
2024-08-15T20:00:00Z,154.44
2024-08-15T21:00:00Z,154.44
2024-08-15T22:00:00Z,155.69
2024-08-15T23:00:00Z,146.88
2024-08-16T00:00:00Z,154.13
2024-08-16T01:00:00Z,154.755
2024-08-16T02:00:00Z,156.005
2024-08-16T03:00:00Z,179.575
2024-08-16T04:00:00Z,202.75
2024-08-16T05:00:00Z,211.518
2024-08-16T06:00:00Z,202.67
2024-08-16T07:00:00Z,193.322
2024-08-16T08:00:00Z,193.85
2024-08-16T09:00:00Z,208.457
2024-08-16T10:00:00Z,225.13
2024-08-16T11:00:00Z,234.923
2024-08-16T12:00:00Z,241.007
2024-08-16T13:00:00Z,259.255
2024-08-16T14:00:00Z,272.55
2024-08-16T15:00:00Z,271.08
2024-08-16T16:00:00Z,262.743
2024-08-16T17:00:00Z,250.473
2024-08-16T18:00:00Z,245.787
2024-08-16T19:00:00Z,244.76
2024-08-16T20:00:00Z,233.71
2024-08-16T21:00:00Z,219.66
2024-08-16T22:00:00Z,210.66
2024-08-16T23:00:00Z,213.16
2024-08-17T00:00:00Z,225.86
2024-08-17T01:00:00Z,240.785
2024-08-17T02:00:00Z,262.935
2024-08-17T03:00:00Z,282.765
2024-08-17T04:00:00Z,282.153
2024-08-17T05:00:00Z,270.905
2024-08-17T06:00:00Z,263.952
2024-08-17T07:00:00Z,252.705
2024-08-17T08:00:00Z,249.435
2024-08-17T09:00:00Z,254.923
2024-08-17T10:00:00Z,249.015
2024-08-17T11:00:00Z,241.947
2024-08-17T12:00:00Z,251.445
2024-08-17T13:00:00Z,255.925
2024-08-17T14:00:00Z,238.84
2024-08-17T15:00:00Z,204.325
2024-08-17T16:00:00Z,186.072
2024-08-17T17:00:00Z,195.405
2024-08-17T18:00:00Z,191.308
2024-08-17T19:00:00Z,184.683
2024-08-17T20:00:00Z,177.15
2024-08-17T21:00:00Z,180.9
2024-08-17T22:00:00Z,180.9
2024-08-17T23:00:00Z,182.15
2024-08-18T00:00:00Z,187.15
2024-08-18T01:00:00Z,211.65
2024-08-18T02:00:00Z,226.4
2024-08-18T03:00:00Z,253.69
2024-08-18T04:00:00Z,266.92
2024-08-18T05:00:00Z,248.055
2024-08-18T06:00:00Z,234.29
2024-08-18T07:00:00Z,211.132
2024-08-18T08:00:00Z,206.067
2024-08-18T09:00:00Z,211.335
2024-08-18T10:00:00Z,208.74
2024-08-18T11:00:00Z,207.72
2024-08-18T12:00:00Z,217.723
2024-08-18T13:00:00Z,217.228
2024-08-18T14:00:00Z,193.512
2024-08-18T15:00:00Z,173.645
2024-08-18T16:00:00Z,173.015
2024-08-18T17:00:00Z,166.022
2024-08-18T18:00:00Z,169.04
2024-08-18T19:00:00Z,174.87
2024-08-18T20:00:00Z,175.685
2024-08-18T21:00:00Z,174.28
2024-08-18T22:00:00Z,174.28
2024-08-18T23:00:00Z,177.132
2024-08-19T00:00:00Z,183.29
2024-08-19T01:00:00Z,194.135
2024-08-19T02:00:00Z,202.73
2024-08-19T03:00:00Z,243.33
2024-08-19T04:00:00Z,257.37
2024-08-19T05:00:00Z,244.32
2024-08-19T06:00:00Z,238.262
2024-08-19T07:00:00Z,233.155
2024-08-19T08:00:00Z,234.702
2024-08-19T09:00:00Z,247.632
2024-08-19T10:00:00Z,256.212
2024-08-19T11:00:00Z,264.665
2024-08-19T12:00:00Z,270.26
2024-08-19T13:00:00Z,260.665
2024-08-19T14:00:00Z,246.558
2024-08-19T15:00:00Z,217.857
2024-08-19T16:00:00Z,205.87
2024-08-19T17:00:00Z,205.727
2024-08-19T18:00:00Z,202.945
2024-08-19T19:00:00Z,199.82
2024-08-19T20:00:00Z,198.92
2024-08-19T21:00:00Z,194.62
2024-08-19T22:00:00Z,191.62
2024-08-19T23:00:00Z,191.62
2024-08-20T00:00:00Z,191.62
2024-08-20T01:00:00Z,214.853
2024-08-20T02:00:00Z,224.68
2024-08-20T03:00:00Z,260.28
2024-08-20T04:00:00Z,296.468
2024-08-20T05:00:00Z,311.91
2024-08-20T06:00:00Z,313.038
2024-08-20T07:00:00Z,302.558
2024-08-20T08:00:00Z,290.165
2024-08-20T09:00:00Z,283.765
2024-08-20T10:00:00Z,272.7
2024-08-20T11:00:00Z,267.457
2024-08-20T12:00:00Z,270.423
2024-08-20T13:00:00Z,263.625
2024-08-20T14:00:00Z,249.265
2024-08-20T15:00:00Z,227.765
2024-08-20T16:00:00Z,205.268
2024-08-20T17:00:00Z,180.92
2024-08-20T18:00:00Z,168.02
2024-08-20T19:00:00Z,166.36
2024-08-20T20:00:00Z,169.16
2024-08-20T21:00:00Z,169.16
2024-08-20T22:00:00Z,154.16
2024-08-20T23:00:00Z,147.66
2024-08-21T00:00:00Z,147.66
2024-08-21T01:00:00Z,161.535
2024-08-21T02:00:00Z,164.66
2024-08-21T03:00:00Z,198.505
2024-08-21T04:00:00Z,222.565
2024-08-21T05:00:00Z,232.015
2024-08-21T06:00:00Z,245.45
2024-08-21T07:00:00Z,224.955
2024-08-21T08:00:00Z,224.028
2024-08-21T09:00:00Z,223.178
2024-08-21T10:00:00Z,224.947
2024-08-21T11:00:00Z,225.245
2024-08-21T12:00:00Z,225.245
2024-08-21T13:00:00Z,229.868
2024-08-21T14:00:00Z,234.433
2024-08-21T15:00:00Z,223.333
2024-08-21T16:00:00Z,186.38
2024-08-21T17:00:00Z,145.165
2024-08-21T18:00:00Z,129.178
2024-08-21T19:00:00Z,123.35
2024-08-21T20:00:00Z,120.54
2024-08-21T21:00:00Z,120.54
2024-08-21T22:00:00Z,120.54
2024-08-21T23:00:00Z,122.415
2024-08-22T00:00:00Z,123.04
2024-08-22T01:00:00Z,129.04
2024-08-22T02:00:00Z,142.49
2024-08-22T03:00:00Z,169.507
2024-08-22T04:00:00Z,199.84
2024-08-22T05:00:00Z,205.993
2024-08-22T06:00:00Z,212.553
2024-08-22T07:00:00Z,210.772
2024-08-22T08:00:00Z,207.335
2024-08-22T09:00:00Z,214.173
2024-08-22T10:00:00Z,203.69
2024-08-22T11:00:00Z,213.287
2024-08-22T12:00:00Z,219.728
2024-08-22T13:00:00Z,217.502
2024-08-22T14:00:00Z,212.587
2024-08-22T15:00:00Z,194.127
2024-08-22T16:00:00Z,166.588
2024-08-22T17:00:00Z,153.76
2024-08-22T18:00:00Z,154.928
2024-08-22T19:00:00Z,154.55
2024-08-22T20:00:00Z,157.05
2024-08-22T21:00:00Z,157.05
2024-08-22T22:00:00Z,157.05
2024-08-22T23:00:00Z,152.3
2024-08-23T00:00:00Z,159.848
2024-08-23T01:00:00Z,162.615
2024-08-23T02:00:00Z,164.49
2024-08-23T03:00:00Z,186.59
2024-08-23T04:00:00Z,201.048
2024-08-23T05:00:00Z,203.143
2024-08-23T06:00:00Z,194.835
2024-08-23T07:00:00Z,172.135
2024-08-23T08:00:00Z,174.952
2024-08-23T09:00:00Z,180.767
2024-08-23T10:00:00Z,199.865
2024-08-23T11:00:00Z,208.942
2024-08-23T12:00:00Z,221.343
2024-08-23T13:00:00Z,244.03
2024-08-23T14:00:00Z,259.42
2024-08-23T15:00:00Z,248.433
2024-08-23T16:00:00Z,246.805
2024-08-23T17:00:00Z,250.56
2024-08-23T18:00:00Z,245.897
2024-08-23T19:00:00Z,237.995
2024-08-23T20:00:00Z,225.038
2024-08-23T21:00:00Z,224.74
2024-08-23T22:00:00Z,220.34
2024-08-23T23:00:00Z,220.54
2024-08-24T00:00:00Z,229.54
2024-08-24T01:00:00Z,236.29
2024-08-24T02:00:00Z,249.94
2024-08-24T03:00:00Z,267.335
2024-08-24T04:00:00Z,285.322
2024-08-24T05:00:00Z,278.35
2024-08-24T06:00:00Z,289.028
2024-08-24T07:00:00Z,276.428
2024-08-24T08:00:00Z,272.1
2024-08-24T09:00:00Z,280.52
2024-08-24T10:00:00Z,281.95
2024-08-24T11:00:00Z,282.428
2024-08-24T12:00:00Z,282.505
2024-08-24T13:00:00Z,277.402
2024-08-24T14:00:00Z,254.727
2024-08-24T15:00:00Z,218.118
2024-08-24T16:00:00Z,201.445
2024-08-24T17:00:00Z,193.17
2024-08-24T18:00:00Z,195.062
2024-08-24T19:00:00Z,180.39
2024-08-24T20:00:00Z,170.765
2024-08-24T21:00:00Z,168.89
2024-08-24T22:00:00Z,167.015
2024-08-24T23:00:00Z,168.89
2024-08-25T00:00:00Z,174.89
2024-08-25T01:00:00Z,193.515
2024-08-25T02:00:00Z,198.782
2024-08-25T03:00:00Z,218.375
2024-08-25T04:00:00Z,230.472
2024-08-25T05:00:00Z,216.483
2024-08-25T06:00:00Z,205.537
2024-08-25T07:00:00Z,205.49
2024-08-25T08:00:00Z,199.102
2024-08-25T09:00:00Z,190.74
2024-08-25T10:00:00Z,187.88
2024-08-25T11:00:00Z,193.34
2024-08-25T12:00:00Z,191.085
2024-08-25T13:00:00Z,178.972
2024-08-25T14:00:00Z,162.507
2024-08-25T15:00:00Z,137.468
2024-08-25T16:00:00Z,145.238
2024-08-25T17:00:00Z,156.925
2024-08-25T18:00:00Z,162.863
2024-08-25T19:00:00Z,163.537
2024-08-25T20:00:00Z,162.907
2024-08-25T21:00:00Z,163.05
2024-08-25T22:00:00Z,163.05
2024-08-25T23:00:00Z,163.675
2024-08-26T00:00:00Z,165.55
2024-08-26T01:00:00Z,175.175
2024-08-26T02:00:00Z,183.175
2024-08-26T03:00:00Z,198.025
2024-08-26T04:00:00Z,201.41
2024-08-26T05:00:00Z,184.023
2024-08-26T06:00:00Z,174.665
2024-08-26T07:00:00Z,168.725
2024-08-26T08:00:00Z,172.87
2024-08-26T09:00:00Z,182.335
2024-08-26T10:00:00Z,184.812
2024-08-26T11:00:00Z,194.788
2024-08-26T12:00:00Z,200.33
2024-08-26T13:00:00Z,195.155
2024-08-26T14:00:00Z,192.83
2024-08-26T15:00:00Z,178.082
2024-08-26T16:00:00Z,170.275
2024-08-26T17:00:00Z,179.16
2024-08-26T18:00:00Z,174.0
2024-08-26T19:00:00Z,160.293
2024-08-26T20:00:00Z,153.415
2024-08-26T21:00:00Z,144.74
2024-08-26T22:00:00Z,145.99
2024-08-26T23:00:00Z,147.24
2024-08-27T00:00:00Z,147.24
2024-08-27T01:00:00Z,154.49
2024-08-27T02:00:00Z,164.24
2024-08-27T03:00:00Z,185.387
2024-08-27T04:00:00Z,198.69
2024-08-27T05:00:00Z,218.275
2024-08-27T06:00:00Z,223.623
2024-08-27T07:00:00Z,220.775
2024-08-27T08:00:00Z,216.417
2024-08-27T09:00:00Z,219.98
2024-08-27T10:00:00Z,231.765
2024-08-27T11:00:00Z,239.42
2024-08-27T12:00:00Z,239.99
2024-08-27T13:00:00Z,244.355
2024-08-27T14:00:00Z,226.488
2024-08-27T15:00:00Z,227.657
2024-08-27T16:00:00Z,231.595
2024-08-27T17:00:00Z,223.36
2024-08-27T18:00:00Z,214.355
2024-08-27T19:00:00Z,211.2
2024-08-27T20:00:00Z,208.7
2024-08-27T21:00:00Z,207.373
2024-08-27T22:00:00Z,190.765
2024-08-27T23:00:00Z,182.67
2024-08-28T00:00:00Z,202.2
2024-08-28T01:00:00Z,219.075
2024-08-28T02:00:00Z,228.2
2024-08-28T03:00:00Z,250.277
2024-08-28T04:00:00Z,251.44
2024-08-28T05:00:00Z,270.7
2024-08-28T06:00:00Z,277.87
2024-08-28T07:00:00Z,269.34
2024-08-28T08:00:00Z,254.743
2024-08-28T09:00:00Z,249.08
2024-08-28T10:00:00Z,250.63
2024-08-28T11:00:00Z,247.085
2024-08-28T12:00:00Z,238.15
2024-08-28T13:00:00Z,235.11
2024-08-28T14:00:00Z,236.412
2024-08-28T15:00:00Z,240.905
2024-08-28T16:00:00Z,218.595
2024-08-28T17:00:00Z,178.1
2024-08-28T18:00:00Z,165.005
2024-08-28T19:00:00Z,151.695
2024-08-28T20:00:00Z,145.77
2024-08-28T21:00:00Z,145.77
2024-08-28T22:00:00Z,148.425
2024-08-28T23:00:00Z,152.33
2024-08-29T00:00:00Z,154.907
2024-08-29T01:00:00Z,164.89
2024-08-29T02:00:00Z,177.08
2024-08-29T03:00:00Z,189.25
2024-08-29T04:00:00Z,214.805
2024-08-29T05:00:00Z,219.803
2024-08-29T06:00:00Z,220.62
2024-08-29T07:00:00Z,214.157
2024-08-29T08:00:00Z,223.458
2024-08-29T09:00:00Z,233.785
2024-08-29T10:00:00Z,233.412
2024-08-29T11:00:00Z,227.23
2024-08-29T12:00:00Z,235.855
2024-08-29T13:00:00Z,241.165
2024-08-29T14:00:00Z,242.267
2024-08-29T15:00:00Z,216.855
2024-08-29T16:00:00Z,188.44
2024-08-29T17:00:00Z,179.89
2024-08-29T18:00:00Z,171.157
2024-08-29T19:00:00Z,173.562
2024-08-29T20:00:00Z,179.265
2024-08-29T21:00:00Z,179.89
2024-08-29T22:00:00Z,179.89
2024-08-29T23:00:00Z,168.08
2024-08-30T00:00:00Z,177.68
2024-08-30T01:00:00Z,185.53
2024-08-30T02:00:00Z,196.53
2024-08-30T03:00:00Z,226.597
2024-08-30T04:00:00Z,256.16
2024-08-30T05:00:00Z,263.66
2024-08-30T06:00:00Z,257.978
2024-08-30T07:00:00Z,258.553
2024-08-30T08:00:00Z,263.295
2024-08-30T09:00:00Z,281.233
2024-08-30T10:00:00Z,304.315
2024-08-30T11:00:00Z,319.793
2024-08-30T12:00:00Z,314.545
2024-08-30T13:00:00Z,305.293
2024-08-30T14:00:00Z,304.4
2024-08-30T15:00:00Z,278.51
2024-08-30T16:00:00Z,262.355
2024-08-30T17:00:00Z,269.998
2024-08-30T18:00:00Z,268.865
2024-08-30T19:00:00Z,268.095
2024-08-30T20:00:00Z,257.94
2024-08-30T21:00:00Z,261.265
2024-08-30T22:00:00Z,257.64
2024-08-30T23:00:00Z,256.39
2024-08-31T00:00:00Z,266.015
2024-08-31T01:00:00Z,274.795
2024-08-31T02:00:00Z,292.64
2024-08-31T03:00:00Z,304.865
2024-08-31T04:00:00Z,318.527
2024-08-31T05:00:00Z,312.075
2024-08-31T06:00:00Z,303.192
2024-08-31T07:00:00Z,293.795
2024-08-31T08:00:00Z,304.233
2024-08-31T09:00:00Z,309.252
2024-08-31T10:00:00Z,304.7
2024-08-31T11:00:00Z,297.965
2024-08-31T12:00:00Z,302.75
2024-08-31T13:00:00Z,297.457
2024-08-31T14:00:00Z,271.993
2024-08-31T15:00:00Z,239.115
2024-08-31T16:00:00Z,236.65
2024-08-31T17:00:00Z,240.322
2024-08-31T18:00:00Z,241.01
2024-08-31T19:00:00Z,236.757
2024-08-31T20:00:00Z,227.675
2024-08-31T21:00:00Z,227.05
2024-08-31T22:00:00Z,225.8
2024-08-31T23:00:00Z,227.05
2024-09-01T00:00:00Z,230.8
2024-09-01T01:00:00Z,241.175
2024-09-01T02:00:00Z,254.95
2024-09-01T03:00:00Z,289.04
2024-09-01T04:00:00Z,301.993
2024-09-01T05:00:00Z,288.76
2024-09-01T06:00:00Z,271.613
2024-09-01T07:00:00Z,259.947
2024-09-01T08:00:00Z,249.718
2024-09-01T09:00:00Z,245.885
2024-09-01T10:00:00Z,233.488
2024-09-01T11:00:00Z,228.218
2024-09-01T12:00:00Z,229.028
2024-09-01T13:00:00Z,224.61
2024-09-01T14:00:00Z,194.093
2024-09-01T15:00:00Z,173.077
2024-09-01T16:00:00Z,175.402
2024-09-01T17:00:00Z,186.795
2024-09-01T18:00:00Z,189.51
2024-09-01T19:00:00Z,186.385
2024-09-01T20:00:00Z,186.98
2024-09-01T21:00:00Z,189.48
2024-09-01T22:00:00Z,192.135
2024-09-01T23:00:00Z,196.01
2024-09-02T00:00:00Z,198.48
2024-09-02T01:00:00Z,199.73
2024-09-02T02:00:00Z,203.48
2024-09-02T03:00:00Z,211.58
2024-09-02T04:00:00Z,215.795
2024-09-02T05:00:00Z,207.322
2024-09-02T06:00:00Z,200.072
2024-09-02T07:00:00Z,184.365
2024-09-02T08:00:00Z,180.632
2024-09-02T09:00:00Z,177.282
2024-09-02T10:00:00Z,179.407
2024-09-02T11:00:00Z,189.048
2024-09-02T12:00:00Z,199.923
2024-09-02T13:00:00Z,194.41
2024-09-02T14:00:00Z,188.782
2024-09-02T15:00:00Z,186.373
2024-09-02T16:00:00Z,190.277
2024-09-02T17:00:00Z,201.89
2024-09-02T18:00:00Z,203.415
2024-09-02T19:00:00Z,197.635
2024-09-02T20:00:00Z,187.58
2024-09-02T21:00:00Z,182.405
2024-09-02T22:00:00Z,182.405
2024-09-02T23:00:00Z,184.28
2024-09-03T00:00:00Z,190.28
2024-09-03T01:00:00Z,209.185
2024-09-03T02:00:00Z,217.34
2024-09-03T03:00:00Z,230.582
2024-09-03T04:00:00Z,237.495
2024-09-03T05:00:00Z,239.947
2024-09-03T06:00:00Z,246.07
2024-09-03T07:00:00Z,244.903
2024-09-03T08:00:00Z,235.567
2024-09-03T09:00:00Z,240.715
2024-09-03T10:00:00Z,238.505
2024-09-03T11:00:00Z,243.528
2024-09-03T12:00:00Z,252.7
2024-09-03T13:00:00Z,250.852
2024-09-03T14:00:00Z,239.505
2024-09-03T15:00:00Z,217.833
2024-09-03T16:00:00Z,222.918
2024-09-03T17:00:00Z,199.44
2024-09-03T18:00:00Z,185.55
2024-09-03T19:00:00Z,180.142
2024-09-03T20:00:00Z,177.94
2024-09-03T21:00:00Z,177.94
2024-09-03T22:00:00Z,170.19
2024-09-03T23:00:00Z,156.44
2024-09-04T00:00:00Z,156.44
2024-09-04T01:00:00Z,158.315
2024-09-04T02:00:00Z,162.69
2024-09-04T03:00:00Z,185.965
2024-09-04T04:00:00Z,222.912
2024-09-04T05:00:00Z,227.278
2024-09-04T06:00:00Z,237.772
2024-09-04T07:00:00Z,223.428
2024-09-04T08:00:00Z,218.12
2024-09-04T09:00:00Z,239.213
2024-09-04T10:00:00Z,245.767
2024-09-04T11:00:00Z,240.762
2024-09-04T12:00:00Z,242.048
2024-09-04T13:00:00Z,254.643
2024-09-04T14:00:00Z,260.033
2024-09-04T15:00:00Z,261.395
2024-09-04T16:00:00Z,220.007
2024-09-04T17:00:00Z,193.482
2024-09-04T18:00:00Z,183.56
2024-09-04T19:00:00Z,173.83
2024-09-04T20:00:00Z,178.03
2024-09-04T21:00:00Z,179.28
2024-09-04T22:00:00Z,179.28
2024-09-04T23:00:00Z,181.78
2024-09-05T00:00:00Z,181.78
2024-09-05T01:00:00Z,189.03
2024-09-05T02:00:00Z,200.655
2024-09-05T03:00:00Z,217.472
2024-09-05T04:00:00Z,234.602
2024-09-05T05:00:00Z,229.072
2024-09-05T06:00:00Z,218.048
2024-09-05T07:00:00Z,222.16
2024-09-05T08:00:00Z,231.188
2024-09-05T09:00:00Z,244.048
2024-09-05T10:00:00Z,242.43
2024-09-05T11:00:00Z,243.507
2024-09-05T12:00:00Z,251.0
2024-09-05T13:00:00Z,245.875
2024-09-05T14:00:00Z,230.327
2024-09-05T15:00:00Z,206.368
2024-09-05T16:00:00Z,197.592
2024-09-05T17:00:00Z,203.673
2024-09-05T18:00:00Z,203.32
2024-09-05T19:00:00Z,200.918
2024-09-05T20:00:00Z,207.655
2024-09-05T21:00:00Z,207.98
2024-09-05T22:00:00Z,211.105
2024-09-05T23:00:00Z,199.655
2024-09-06T00:00:00Z,204.68
2024-09-06T01:00:00Z,209.555
2024-09-06T02:00:00Z,211.43
2024-09-06T03:00:00Z,245.048
2024-09-06T04:00:00Z,265.21
2024-09-06T05:00:00Z,287.21
2024-09-06T06:00:00Z,289.858
2024-09-06T07:00:00Z,277.785
2024-09-06T08:00:00Z,282.96
2024-09-06T09:00:00Z,286.57
2024-09-06T10:00:00Z,305.81
2024-09-06T11:00:00Z,314.025
2024-09-06T12:00:00Z,310.81
2024-09-06T13:00:00Z,318.27
2024-09-06T14:00:00Z,322.065
2024-09-06T15:00:00Z,315.96
2024-09-06T16:00:00Z,300.945
2024-09-06T17:00:00Z,292.613
2024-09-06T18:00:00Z,286.445
2024-09-06T19:00:00Z,284.27
2024-09-06T20:00:00Z,278.07
2024-09-06T21:00:00Z,264.278
2024-09-06T22:00:00Z,256.855
2024-09-06T23:00:00Z,253.23
2024-09-07T00:00:00Z,257.98
2024-09-07T01:00:00Z,271.635
2024-09-07T02:00:00Z,284.963
2024-09-07T03:00:00Z,298.08
2024-09-07T04:00:00Z,322.462
2024-09-07T05:00:00Z,317.01
2024-09-07T06:00:00Z,312.683
2024-09-07T07:00:00Z,306.945
2024-09-07T08:00:00Z,307.835
2024-09-07T09:00:00Z,316.63
2024-09-07T10:00:00Z,316.853
2024-09-07T11:00:00Z,310.96
2024-09-07T12:00:00Z,323.23
2024-09-07T13:00:00Z,317.86
2024-09-07T14:00:00Z,302.602
2024-09-07T15:00:00Z,269.317
2024-09-07T16:00:00Z,252.692
2024-09-07T17:00:00Z,244.49
2024-09-07T18:00:00Z,238.02
2024-09-07T19:00:00Z,231.925
2024-09-07T20:00:00Z,226.02
2024-09-07T21:00:00Z,225.127
2024-09-07T22:00:00Z,226.705
2024-09-07T23:00:00Z,227.33
2024-09-08T00:00:00Z,228.223
2024-09-08T01:00:00Z,234.52
2024-09-08T02:00:00Z,243.02
2024-09-08T03:00:00Z,264.965
2024-09-08T04:00:00Z,289.395
2024-09-08T05:00:00Z,276.332
2024-09-08T06:00:00Z,268.482
2024-09-08T07:00:00Z,243.607
2024-09-08T08:00:00Z,236.882
2024-09-08T09:00:00Z,226.162
2024-09-08T10:00:00Z,216.76
2024-09-08T11:00:00Z,221.955
2024-09-08T12:00:00Z,213.27
2024-09-08T13:00:00Z,198.425
2024-09-08T14:00:00Z,183.603
2024-09-08T15:00:00Z,178.403
2024-09-08T16:00:00Z,186.145
2024-09-08T17:00:00Z,204.597
2024-09-08T18:00:00Z,210.24
2024-09-08T19:00:00Z,209.288
2024-09-08T20:00:00Z,212.055
2024-09-08T21:00:00Z,212.68
2024-09-08T22:00:00Z,215.335
2024-09-08T23:00:00Z,231.865
2024-09-09T00:00:00Z,232.49
2024-09-09T01:00:00Z,234.99
2024-09-09T02:00:00Z,239.99
2024-09-09T03:00:00Z,254.935
2024-09-09T04:00:00Z,281.592
2024-09-09T05:00:00Z,295.475
2024-09-09T06:00:00Z,307.585
2024-09-09T07:00:00Z,302.692
2024-09-09T08:00:00Z,298.793
2024-09-09T09:00:00Z,293.517
2024-09-09T10:00:00Z,302.248
2024-09-09T11:00:00Z,308.197
2024-09-09T12:00:00Z,314.665
2024-09-09T13:00:00Z,300.933
2024-09-09T14:00:00Z,284.102
2024-09-09T15:00:00Z,257.895
2024-09-09T16:00:00Z,231.683
2024-09-09T17:00:00Z,225.012
2024-09-09T18:00:00Z,226.235
2024-09-09T19:00:00Z,220.805
2024-09-09T20:00:00Z,220.615
2024-09-09T21:00:00Z,217.02
2024-09-09T22:00:00Z,217.02
2024-09-09T23:00:00Z,217.645
2024-09-10T00:00:00Z,220.02
2024-09-10T01:00:00Z,244.02
2024-09-10T02:00:00Z,255.52
2024-09-10T03:00:00Z,270.615
2024-09-10T04:00:00Z,284.18
2024-09-10T05:00:00Z,306.067
2024-09-10T06:00:00Z,313.005
2024-09-10T07:00:00Z,328.915
2024-09-10T08:00:00Z,337.155
2024-09-10T09:00:00Z,345.357
2024-09-10T10:00:00Z,332.915
2024-09-10T11:00:00Z,337.845
2024-09-10T12:00:00Z,334.615
2024-09-10T13:00:00Z,325.947
2024-09-10T14:00:00Z,295.59
2024-09-10T15:00:00Z,267.54
2024-09-10T16:00:00Z,267.05
2024-09-10T17:00:00Z,244.19
2024-09-10T18:00:00Z,228.14
2024-09-10T19:00:00Z,225.04
2024-09-10T20:00:00Z,222.94
2024-09-10T21:00:00Z,223.49
2024-09-10T22:00:00Z,209.24
2024-09-10T23:00:00Z,203.24
2024-09-11T00:00:00Z,203.24
2024-09-11T01:00:00Z,215.24
2024-09-11T02:00:00Z,219.49
2024-09-11T03:00:00Z,249.403
2024-09-11T04:00:00Z,267.697
2024-09-11T05:00:00Z,263.012
2024-09-11T06:00:00Z,266.83
2024-09-11T07:00:00Z,254.72
2024-09-11T08:00:00Z,251.005
2024-09-11T09:00:00Z,253.502
2024-09-11T10:00:00Z,256.6
2024-09-11T11:00:00Z,256.173
2024-09-11T12:00:00Z,252.43
2024-09-11T13:00:00Z,254.135
2024-09-11T14:00:00Z,242.317
2024-09-11T15:00:00Z,233.58
2024-09-11T16:00:00Z,199.175
2024-09-11T17:00:00Z,179.358
2024-09-11T18:00:00Z,160.605
2024-09-11T19:00:00Z,151.285
2024-09-11T20:00:00Z,154.565
2024-09-11T21:00:00Z,160.97
2024-09-11T22:00:00Z,163.47
2024-09-11T23:00:00Z,165.97
2024-09-12T00:00:00Z,165.97
2024-09-12T01:00:00Z,171.97
2024-09-12T02:00:00Z,180.47
2024-09-12T03:00:00Z,191.515
2024-09-12T04:00:00Z,198.125
2024-09-12T05:00:00Z,209.528
2024-09-12T06:00:00Z,218.692
2024-09-12T07:00:00Z,220.697
2024-09-12T08:00:00Z,223.195
2024-09-12T09:00:00Z,232.502
2024-09-12T10:00:00Z,240.81
2024-09-12T11:00:00Z,239.235
2024-09-12T12:00:00Z,240.382
2024-09-12T13:00:00Z,240.78
2024-09-12T14:00:00Z,237.338
2024-09-12T15:00:00Z,215.85
2024-09-12T16:00:00Z,206.417
2024-09-12T17:00:00Z,207.84
2024-09-12T18:00:00Z,208.495
2024-09-12T19:00:00Z,207.9
2024-09-12T20:00:00Z,211.175
2024-09-12T21:00:00Z,211.95
2024-09-12T22:00:00Z,212.575
2024-09-12T23:00:00Z,201.2
2024-09-13T00:00:00Z,213.2
2024-09-13T01:00:00Z,213.2
2024-09-13T02:00:00Z,214.45
2024-09-13T03:00:00Z,257.8
2024-09-13T04:00:00Z,282.942
2024-09-13T05:00:00Z,295.322
2024-09-13T06:00:00Z,283.61
2024-09-13T07:00:00Z,279.433
2024-09-13T08:00:00Z,282.23
2024-09-13T09:00:00Z,300.277
2024-09-13T10:00:00Z,310.118
2024-09-13T11:00:00Z,319.445
2024-09-13T12:00:00Z,324.975
2024-09-13T13:00:00Z,323.873
2024-09-13T14:00:00Z,309.223
2024-09-13T15:00:00Z,293.127
2024-09-13T16:00:00Z,278.085
2024-09-13T17:00:00Z,274.75
2024-09-13T18:00:00Z,262.68
2024-09-13T19:00:00Z,250.303
2024-09-13T20:00:00Z,241.55
2024-09-13T21:00:00Z,235.05
2024-09-13T22:00:00Z,233.3
2024-09-13T23:00:00Z,223.05
2024-09-14T00:00:00Z,226.05
2024-09-14T01:00:00Z,235.05
2024-09-14T02:00:00Z,245.925
2024-09-14T03:00:00Z,253.975
2024-09-14T04:00:00Z,259.858
2024-09-14T05:00:00Z,255.7
2024-09-14T06:00:00Z,262.262
2024-09-14T07:00:00Z,268.715
2024-09-14T08:00:00Z,271.5
2024-09-14T09:00:00Z,267.798
2024-09-14T10:00:00Z,266.018
2024-09-14T11:00:00Z,261.27
2024-09-14T12:00:00Z,262.192
2024-09-14T13:00:00Z,258.348
2024-09-14T14:00:00Z,251.098
2024-09-14T15:00:00Z,230.555
2024-09-14T16:00:00Z,214.21
2024-09-14T17:00:00Z,208.248
2024-09-14T18:00:00Z,204.4
2024-09-14T19:00:00Z,199.527
2024-09-14T20:00:00Z,192.67
2024-09-14T21:00:00Z,190.92
2024-09-14T22:00:00Z,190.92
2024-09-14T23:00:00Z,190.92
2024-09-15T00:00:00Z,190.92
2024-09-15T01:00:00Z,190.92
2024-09-15T02:00:00Z,195.17
2024-09-15T03:00:00Z,226.22
2024-09-15T04:00:00Z,229.965
2024-09-15T05:00:00Z,222.43
2024-09-15T06:00:00Z,220.1
2024-09-15T07:00:00Z,214.722
2024-09-15T08:00:00Z,210.782
2024-09-15T09:00:00Z,201.407
2024-09-15T10:00:00Z,211.115
2024-09-15T11:00:00Z,198.91
2024-09-15T12:00:00Z,199.535
2024-09-15T13:00:00Z,201.67
2024-09-15T14:00:00Z,200.588
2024-09-15T15:00:00Z,200.07
2024-09-15T16:00:00Z,214.077
2024-09-15T17:00:00Z,195.245
2024-09-15T18:00:00Z,195.952
2024-09-15T19:00:00Z,190.275
2024-09-15T20:00:00Z,176.918
2024-09-15T21:00:00Z,170.28
2024-09-15T22:00:00Z,170.28
2024-09-15T23:00:00Z,170.905
2024-09-16T00:00:00Z,172.78
2024-09-16T01:00:00Z,181.78
2024-09-16T02:00:00Z,184.78
2024-09-16T03:00:00Z,198.858
2024-09-16T04:00:00Z,232.123
2024-09-16T05:00:00Z,240.668
2024-09-16T06:00:00Z,239.087
2024-09-16T07:00:00Z,229.838
2024-09-16T08:00:00Z,233.145
2024-09-16T09:00:00Z,234.215
2024-09-16T10:00:00Z,232.733
2024-09-16T11:00:00Z,240.822
2024-09-16T12:00:00Z,242.748
2024-09-16T13:00:00Z,229.165
2024-09-16T14:00:00Z,228.375
2024-09-16T15:00:00Z,212.358
2024-09-16T16:00:00Z,201.137
2024-09-16T17:00:00Z,195.0
2024-09-16T18:00:00Z,198.248
2024-09-16T19:00:00Z,196.243
2024-09-16T20:00:00Z,189.918
2024-09-16T21:00:00Z,183.62
2024-09-16T22:00:00Z,179.637
2024-09-16T23:00:00Z,175.81
2024-09-17T00:00:00Z,175.81
2024-09-17T01:00:00Z,181.81
2024-09-17T02:00:00Z,185.31
2024-09-17T03:00:00Z,214.31
2024-09-17T04:00:00Z,248.465
2024-09-17T05:00:00Z,254.73
2024-09-17T06:00:00Z,265.537
2024-09-17T07:00:00Z,257.918
2024-09-17T08:00:00Z,250.255
2024-09-17T09:00:00Z,239.55
2024-09-17T10:00:00Z,235.498
2024-09-17T11:00:00Z,231.15
2024-09-17T12:00:00Z,234.345
2024-09-17T13:00:00Z,242.67
2024-09-17T14:00:00Z,237.632
2024-09-17T15:00:00Z,233.015
2024-09-17T16:00:00Z,213.41
2024-09-17T17:00:00Z,171.675
2024-09-17T18:00:00Z,166.45
2024-09-17T19:00:00Z,161.45
2024-09-17T20:00:00Z,157.7
2024-09-17T21:00:00Z,157.7
2024-09-17T22:00:00Z,157.7
2024-09-17T23:00:00Z,157.7
2024-09-18T00:00:00Z,157.7
2024-09-18T01:00:00Z,160.2
2024-09-18T02:00:00Z,163.325
2024-09-18T03:00:00Z,206.64
2024-09-18T04:00:00Z,227.697
2024-09-18T05:00:00Z,245.5
2024-09-18T06:00:00Z,251.98
2024-09-18T07:00:00Z,256.415
2024-09-18T08:00:00Z,253.595
2024-09-18T09:00:00Z,239.43
2024-09-18T10:00:00Z,236.6
2024-09-18T11:00:00Z,239.29
2024-09-18T12:00:00Z,242.082
2024-09-18T13:00:00Z,245.36
2024-09-18T14:00:00Z,239.235
2024-09-18T15:00:00Z,231.475
2024-09-18T16:00:00Z,196.897
2024-09-18T17:00:00Z,178.06
2024-09-18T18:00:00Z,158.1
2024-09-18T19:00:00Z,145.325
2024-09-18T20:00:00Z,143.85
2024-09-18T21:00:00Z,143.85
2024-09-18T22:00:00Z,143.85
2024-09-18T23:00:00Z,155.85
2024-09-19T00:00:00Z,157.16
2024-09-19T01:00:00Z,177.66
2024-09-19T02:00:00Z,184.91
2024-09-19T03:00:00Z,196.832
2024-09-19T04:00:00Z,239.562
2024-09-19T05:00:00Z,249.695
2024-09-19T06:00:00Z,251.79
2024-09-19T07:00:00Z,245.472
2024-09-19T08:00:00Z,247.528
2024-09-19T09:00:00Z,254.583
2024-09-19T10:00:00Z,258.66
2024-09-19T11:00:00Z,256.82
2024-09-19T12:00:00Z,255.79
2024-09-19T13:00:00Z,255.195
2024-09-19T14:00:00Z,230.49
2024-09-19T15:00:00Z,188.855
2024-09-19T16:00:00Z,149.882
2024-09-19T17:00:00Z,152.63
2024-09-19T18:00:00Z,152.63
2024-09-19T19:00:00Z,153.105
2024-09-19T20:00:00Z,154.705
2024-09-19T21:00:00Z,152.83
2024-09-19T22:00:00Z,152.83
2024-09-19T23:00:00Z,146.13
2024-09-20T00:00:00Z,152.13
2024-09-20T01:00:00Z,160.785
2024-09-20T02:00:00Z,163.44
2024-09-20T03:00:00Z,185.065
2024-09-20T04:00:00Z,220.998
2024-09-20T05:00:00Z,224.632
2024-09-20T06:00:00Z,230.828
2024-09-20T07:00:00Z,219.68
2024-09-20T08:00:00Z,216.428
2024-09-20T09:00:00Z,228.21
2024-09-20T10:00:00Z,246.608
2024-09-20T11:00:00Z,267.173
2024-09-20T12:00:00Z,284.483
2024-09-20T13:00:00Z,304.163
2024-09-20T14:00:00Z,308.043
2024-09-20T15:00:00Z,296.197
2024-09-20T16:00:00Z,285.07
2024-09-20T17:00:00Z,293.358
2024-09-20T18:00:00Z,294.685
2024-09-20T19:00:00Z,289.975
2024-09-20T20:00:00Z,284.79
2024-09-20T21:00:00Z,267.26
2024-09-20T22:00:00Z,267.385
2024-09-20T23:00:00Z,265.51
2024-09-21T00:00:00Z,268.855
2024-09-21T01:00:00Z,278.2
2024-09-21T02:00:00Z,295.76
2024-09-21T03:00:00Z,342.32
2024-09-21T04:00:00Z,365.18
2024-09-21T05:00:00Z,359.375
2024-09-21T06:00:00Z,358.913
2024-09-21T07:00:00Z,363.525
2024-09-21T08:00:00Z,366.908
2024-09-21T09:00:00Z,363.525
2024-09-21T10:00:00Z,351.507
2024-09-21T11:00:00Z,351.25
2024-09-21T12:00:00Z,350.265
2024-09-21T13:00:00Z,346.778
2024-09-21T14:00:00Z,336.66
2024-09-21T15:00:00Z,291.57
2024-09-21T16:00:00Z,267.055
2024-09-21T17:00:00Z,250.25
2024-09-21T18:00:00Z,252.76
2024-09-21T19:00:00Z,246.36
2024-09-21T20:00:00Z,238.61
2024-09-21T21:00:00Z,239.86
2024-09-21T22:00:00Z,243.843
2024-09-21T23:00:00Z,245.17
2024-09-22T00:00:00Z,247.67
2024-09-22T01:00:00Z,250.17
2024-09-22T02:00:00Z,250.17
2024-09-22T03:00:00Z,275.498
2024-09-22T04:00:00Z,292.728
2024-09-22T05:00:00Z,286.885
2024-09-22T06:00:00Z,284.918
2024-09-22T07:00:00Z,272.908
2024-09-22T08:00:00Z,250.21
2024-09-22T09:00:00Z,236.89
2024-09-22T10:00:00Z,221.248
2024-09-22T11:00:00Z,227.152
2024-09-22T12:00:00Z,227.39
2024-09-22T13:00:00Z,215.097
2024-09-22T14:00:00Z,208.308
2024-09-22T15:00:00Z,186.498
2024-09-22T16:00:00Z,177.623
2024-09-22T17:00:00Z,192.392
2024-09-22T18:00:00Z,193.29
2024-09-22T19:00:00Z,192.635
2024-09-22T20:00:00Z,190.885
2024-09-22T21:00:00Z,184.17
2024-09-22T22:00:00Z,185.42
2024-09-22T23:00:00Z,186.67
2024-09-23T00:00:00Z,186.67
2024-09-23T01:00:00Z,186.67
2024-09-23T02:00:00Z,187.92
2024-09-23T03:00:00Z,194.67
2024-09-23T04:00:00Z,224.275
2024-09-23T05:00:00Z,220.445
2024-09-23T06:00:00Z,214.385
2024-09-23T07:00:00Z,212.965
2024-09-23T08:00:00Z,220.47
2024-09-23T09:00:00Z,218.28
2024-09-23T10:00:00Z,209.368
2024-09-23T11:00:00Z,201.195
2024-09-23T12:00:00Z,195.035
2024-09-23T13:00:00Z,189.83
2024-09-23T14:00:00Z,180.29
2024-09-23T15:00:00Z,152.34
2024-09-23T16:00:00Z,143.113
2024-09-23T17:00:00Z,143.85
2024-09-23T18:00:00Z,137.725
2024-09-23T19:00:00Z,138.257
2024-09-23T20:00:00Z,141.3
2024-09-23T21:00:00Z,142.55
2024-09-23T22:00:00Z,142.942
2024-09-23T23:00:00Z,139.74
2024-09-24T00:00:00Z,139.74
2024-09-24T01:00:00Z,157.74
2024-09-24T02:00:00Z,163.74
2024-09-24T03:00:00Z,177.55
2024-09-24T04:00:00Z,197.41
2024-09-24T05:00:00Z,220.72
2024-09-24T06:00:00Z,224.548
2024-09-24T07:00:00Z,232.343
2024-09-24T08:00:00Z,228.637
2024-09-24T09:00:00Z,239.455
2024-09-24T10:00:00Z,243.178
2024-09-24T11:00:00Z,244.303
2024-09-24T12:00:00Z,241.558
2024-09-24T13:00:00Z,239.113
2024-09-24T14:00:00Z,210.743
2024-09-24T15:00:00Z,183.98
2024-09-24T16:00:00Z,175.877
2024-09-24T17:00:00Z,152.413
2024-09-24T18:00:00Z,147.24
2024-09-24T19:00:00Z,153.442
2024-09-24T20:00:00Z,158.348
2024-09-24T21:00:00Z,161.55
2024-09-24T22:00:00Z,146.55
2024-09-24T23:00:00Z,137.55
2024-09-25T00:00:00Z,152.55
2024-09-25T01:00:00Z,164.205
2024-09-25T02:00:00Z,168.11
2024-09-25T03:00:00Z,186.36
2024-09-25T04:00:00Z,197.88
2024-09-25T05:00:00Z,207.94
2024-09-25T06:00:00Z,218.502
2024-09-25T07:00:00Z,216.71
2024-09-25T08:00:00Z,212.733
2024-09-25T09:00:00Z,214.915
2024-09-25T10:00:00Z,209.803
2024-09-25T11:00:00Z,214.38
2024-09-25T12:00:00Z,214.363
2024-09-25T13:00:00Z,222.903
2024-09-25T14:00:00Z,218.908
2024-09-25T15:00:00Z,202.78
2024-09-25T16:00:00Z,180.988
2024-09-25T17:00:00Z,164.17
2024-09-25T18:00:00Z,159.535
2024-09-25T19:00:00Z,139.457
2024-09-25T20:00:00Z,141.865
2024-09-25T21:00:00Z,143.74
2024-09-25T22:00:00Z,143.74
2024-09-25T23:00:00Z,148.74
2024-09-26T00:00:00Z,148.74
2024-09-26T01:00:00Z,154.74
2024-09-26T02:00:00Z,160.74
2024-09-26T03:00:00Z,175.74
2024-09-26T04:00:00Z,198.248
2024-09-26T05:00:00Z,212.435
2024-09-26T06:00:00Z,213.075
2024-09-26T07:00:00Z,215.188
2024-09-26T08:00:00Z,219.17
2024-09-26T09:00:00Z,218.475
2024-09-26T10:00:00Z,223.488
2024-09-26T11:00:00Z,223.428
2024-09-26T12:00:00Z,233.543
2024-09-26T13:00:00Z,245.84
2024-09-26T14:00:00Z,235.463
2024-09-26T15:00:00Z,212.167
2024-09-26T16:00:00Z,200.4
2024-09-26T17:00:00Z,195.68
2024-09-26T18:00:00Z,179.78
2024-09-26T19:00:00Z,181.9
2024-09-26T20:00:00Z,182.17
2024-09-26T21:00:00Z,182.17
2024-09-26T22:00:00Z,180.498
2024-09-26T23:00:00Z,175.48
2024-09-27T00:00:00Z,175.48
2024-09-27T01:00:00Z,178.135
2024-09-27T02:00:00Z,182.04
2024-09-27T03:00:00Z,215.62
2024-09-27T04:00:00Z,238.137
2024-09-27T05:00:00Z,240.537
2024-09-27T06:00:00Z,238.3
2024-09-27T07:00:00Z,226.173
2024-09-27T08:00:00Z,225.275
2024-09-27T09:00:00Z,231.817
2024-09-27T10:00:00Z,242.545
2024-09-27T11:00:00Z,239.933
2024-09-27T12:00:00Z,258.435
2024-09-27T13:00:00Z,275.655
2024-09-27T14:00:00Z,278.97
2024-09-27T15:00:00Z,273.048
2024-09-27T16:00:00Z,254.502
2024-09-27T17:00:00Z,250.465
2024-09-27T18:00:00Z,243.99
2024-09-27T19:00:00Z,237.235
2024-09-27T20:00:00Z,234.58
2024-09-27T21:00:00Z,229.595
2024-09-27T22:00:00Z,230.845
2024-09-27T23:00:00Z,242.22
2024-09-28T00:00:00Z,254.97
2024-09-28T01:00:00Z,266.47
2024-09-28T02:00:00Z,281.798
2024-09-28T03:00:00Z,289.357
2024-09-28T04:00:00Z,313.352
2024-09-28T05:00:00Z,305.445
2024-09-28T06:00:00Z,302.337
2024-09-28T07:00:00Z,298.382
2024-09-28T08:00:00Z,306.045
2024-09-28T09:00:00Z,304.717
2024-09-28T10:00:00Z,297.485
2024-09-28T11:00:00Z,293.04
2024-09-28T12:00:00Z,294.812
2024-09-28T13:00:00Z,295.712
2024-09-28T14:00:00Z,285.38
2024-09-28T15:00:00Z,244.398
2024-09-28T16:00:00Z,228.55
2024-09-28T17:00:00Z,216.645
2024-09-28T18:00:00Z,201.197
2024-09-28T19:00:00Z,200.512
2024-09-28T20:00:00Z,191.81
2024-09-28T21:00:00Z,190.485
2024-09-28T22:00:00Z,186.51
2024-09-28T23:00:00Z,187.7
2024-09-29T00:00:00Z,194.45
2024-09-29T01:00:00Z,210.7
2024-09-29T02:00:00Z,217.058
2024-09-29T03:00:00Z,244.135
2024-09-29T04:00:00Z,267.832
2024-09-29T05:00:00Z,256.03
2024-09-29T06:00:00Z,253.21
2024-09-29T07:00:00Z,245.512
2024-09-29T08:00:00Z,227.032
2024-09-29T09:00:00Z,232.015
2024-09-29T10:00:00Z,229.7
2024-09-29T11:00:00Z,235.233
2024-09-29T12:00:00Z,242.892
2024-09-29T13:00:00Z,258.74
2024-09-29T14:00:00Z,247.095
2024-09-29T15:00:00Z,208.66
2024-09-29T16:00:00Z,190.993
2024-09-29T17:00:00Z,191.582
2024-09-29T18:00:00Z,189.98
2024-09-29T19:00:00Z,192.48
2024-09-29T20:00:00Z,178.115
2024-09-29T21:00:00Z,179.36
2024-09-29T22:00:00Z,179.36
2024-09-29T23:00:00Z,181.86
2024-09-30T00:00:00Z,181.86
2024-09-30T01:00:00Z,187.035
2024-09-30T02:00:00Z,186.685
2024-09-30T03:00:00Z,201.045
2024-09-30T04:00:00Z,218.29
2024-09-30T05:00:00Z,217.465
2024-09-30T06:00:00Z,212.33
2024-09-30T07:00:00Z,214.65
2024-09-30T08:00:00Z,216.11
2024-09-30T09:00:00Z,208.615
2024-09-30T10:00:00Z,202.77
2024-09-30T11:00:00Z,200.312
2024-09-30T12:00:00Z,195.933
2024-09-30T13:00:00Z,185.84
2024-09-30T14:00:00Z,182.442
2024-09-30T15:00:00Z,155.185
2024-09-30T16:00:00Z,148.165
2024-09-30T17:00:00Z,156.425
2024-09-30T18:00:00Z,155.988
2024-09-30T19:00:00Z,160.865
2024-09-30T20:00:00Z,163.61
2024-09-30T21:00:00Z,164.86
2024-09-30T22:00:00Z,162.205
2024-09-30T23:00:00Z,157.05
2024-10-01T00:00:00Z,168.36
2024-10-01T01:00:00Z,184.61
2024-10-01T02:00:00Z,191.06
2024-10-01T03:00:00Z,212.41
2024-10-01T04:00:00Z,228.35
2024-10-01T05:00:00Z,235.395
2024-10-01T06:00:00Z,250.252
2024-10-01T07:00:00Z,251.588
2024-10-01T08:00:00Z,252.515
2024-10-01T09:00:00Z,267.597
2024-10-01T10:00:00Z,273.035
2024-10-01T11:00:00Z,273.768
2024-10-01T12:00:00Z,272.597
2024-10-01T13:00:00Z,270.78
2024-10-01T14:00:00Z,264.298
2024-10-01T15:00:00Z,220.798
2024-10-01T16:00:00Z,201.005
2024-10-01T17:00:00Z,195.017
2024-10-01T18:00:00Z,176.16
2024-10-01T19:00:00Z,176.16
2024-10-01T20:00:00Z,176.16
2024-10-01T21:00:00Z,178.66
2024-10-01T22:00:00Z,160.66
2024-10-01T23:00:00Z,153.76
2024-10-02T00:00:00Z,153.46
2024-10-02T01:00:00Z,153.46
2024-10-02T02:00:00Z,153.46
2024-10-02T03:00:00Z,164.335
2024-10-02T04:00:00Z,208.718
2024-10-02T05:00:00Z,224.358
2024-10-02T06:00:00Z,238.03
2024-10-02T07:00:00Z,230.355
2024-10-02T08:00:00Z,221.363
2024-10-02T09:00:00Z,218.88
2024-10-02T10:00:00Z,220.368
2024-10-02T11:00:00Z,221.26
2024-10-02T12:00:00Z,223.868
2024-10-02T13:00:00Z,223.255
2024-10-02T14:00:00Z,222.028
2024-10-02T15:00:00Z,192.09
2024-10-02T16:00:00Z,181.445
2024-10-02T17:00:00Z,156.632
2024-10-02T18:00:00Z,149.33
2024-10-02T19:00:00Z,140.83
2024-10-02T20:00:00Z,137.43
2024-10-02T21:00:00Z,142.43
2024-10-02T22:00:00Z,142.43
2024-10-02T23:00:00Z,142.43
2024-10-03T00:00:00Z,142.43
2024-10-03T01:00:00Z,148.43
2024-10-03T02:00:00Z,154.43
2024-10-03T03:00:00Z,159.305
2024-10-03T04:00:00Z,189.035
2024-10-03T05:00:00Z,198.25
2024-10-03T06:00:00Z,200.18
2024-10-03T07:00:00Z,210.173
2024-10-03T08:00:00Z,218.705
2024-10-03T09:00:00Z,235.183
2024-10-03T10:00:00Z,243.108
2024-10-03T11:00:00Z,256.08
2024-10-03T12:00:00Z,261.413
2024-10-03T13:00:00Z,264.305
2024-10-03T14:00:00Z,263.993
2024-10-03T15:00:00Z,233.98
2024-10-03T16:00:00Z,206.91
2024-10-03T17:00:00Z,208.7
2024-10-03T18:00:00Z,206.2
2024-10-03T19:00:00Z,206.2
2024-10-03T20:00:00Z,204.325
2024-10-03T21:00:00Z,203.7
2024-10-03T22:00:00Z,203.7
2024-10-03T23:00:00Z,194.355
2024-10-04T00:00:00Z,197.635
2024-10-04T01:00:00Z,202.165
2024-10-04T02:00:00Z,204.82
2024-10-04T03:00:00Z,220.57
2024-10-04T04:00:00Z,227.455
2024-10-04T05:00:00Z,240.347
2024-10-04T06:00:00Z,244.853
2024-10-04T07:00:00Z,228.395
2024-10-04T08:00:00Z,219.67
2024-10-04T09:00:00Z,222.895
2024-10-04T10:00:00Z,225.718
2024-10-04T11:00:00Z,229.76
2024-10-04T12:00:00Z,232.415
2024-10-04T13:00:00Z,249.038
2024-10-04T14:00:00Z,265.315
2024-10-04T15:00:00Z,252.858
2024-10-04T16:00:00Z,237.032
2024-10-04T17:00:00Z,240.907
2024-10-04T18:00:00Z,238.985
2024-10-04T19:00:00Z,232.938
2024-10-04T20:00:00Z,231.175
2024-10-04T21:00:00Z,233.02
2024-10-04T22:00:00Z,236.145
2024-10-04T23:00:00Z,228.27
2024-10-05T00:00:00Z,237.205
2024-10-05T01:00:00Z,242.08
2024-10-05T02:00:00Z,249.657
2024-10-05T03:00:00Z,262.765
2024-10-05T04:00:00Z,280.26
2024-10-05T05:00:00Z,270.723
2024-10-05T06:00:00Z,268.723
2024-10-05T07:00:00Z,259.72
2024-10-05T08:00:00Z,257.632
2024-10-05T09:00:00Z,261.18
2024-10-05T10:00:00Z,267.243
2024-10-05T11:00:00Z,270.938
2024-10-05T12:00:00Z,271.017
2024-10-05T13:00:00Z,260.952
2024-10-05T14:00:00Z,250.647
2024-10-05T15:00:00Z,227.653
2024-10-05T16:00:00Z,216.662
2024-10-05T17:00:00Z,218.23
2024-10-05T18:00:00Z,216.905
2024-10-05T19:00:00Z,209.93
2024-10-05T20:00:00Z,202.805
2024-10-05T21:00:00Z,194.43
2024-10-05T22:00:00Z,191.43
2024-10-05T23:00:00Z,191.43
2024-10-06T00:00:00Z,195.18
2024-10-06T01:00:00Z,202.43
2024-10-06T02:00:00Z,215.405
2024-10-06T03:00:00Z,227.605
2024-10-06T04:00:00Z,252.587
2024-10-06T05:00:00Z,244.843
2024-10-06T06:00:00Z,245.407
2024-10-06T07:00:00Z,244.175
2024-10-06T08:00:00Z,242.087
2024-10-06T09:00:00Z,229.415
2024-10-06T10:00:00Z,221.322
2024-10-06T11:00:00Z,207.098
2024-10-06T12:00:00Z,204.357
2024-10-06T13:00:00Z,207.845
2024-10-06T14:00:00Z,190.452
2024-10-06T15:00:00Z,193.368
2024-10-06T16:00:00Z,197.475
2024-10-06T17:00:00Z,205.17
2024-10-06T18:00:00Z,195.82
2024-10-06T19:00:00Z,199.57
2024-10-06T20:00:00Z,191.76
2024-10-06T21:00:00Z,188.325
2024-10-06T22:00:00Z,190.2
2024-10-06T23:00:00Z,202.2
2024-10-07T00:00:00Z,206.183
2024-10-07T01:00:00Z,210.165
2024-10-07T02:00:00Z,212.82
2024-10-07T03:00:00Z,214.07
2024-10-07T04:00:00Z,224.755
2024-10-07T05:00:00Z,227.347
2024-10-07T06:00:00Z,224.603
2024-10-07T07:00:00Z,208.065
2024-10-07T08:00:00Z,209.525
2024-10-07T09:00:00Z,210.15
2024-10-07T10:00:00Z,202.79
2024-10-07T11:00:00Z,202.165
2024-10-07T12:00:00Z,195.613
2024-10-07T13:00:00Z,189.215
2024-10-07T14:00:00Z,177.418
2024-10-07T15:00:00Z,159.837
2024-10-07T16:00:00Z,160.87
2024-10-07T17:00:00Z,160.483
2024-10-07T18:00:00Z,157.827
2024-10-07T19:00:00Z,165.793
2024-10-07T20:00:00Z,168.995
2024-10-07T21:00:00Z,169.62
2024-10-07T22:00:00Z,168.995
2024-10-07T23:00:00Z,167.12
2024-10-08T00:00:00Z,167.12
2024-10-08T01:00:00Z,167.12
2024-10-08T02:00:00Z,167.12
2024-10-08T03:00:00Z,188.67
2024-10-08T04:00:00Z,207.98
2024-10-08T05:00:00Z,216.433
2024-10-08T06:00:00Z,226.792
2024-10-08T07:00:00Z,220.465
2024-10-08T08:00:00Z,219.92
2024-10-08T09:00:00Z,222.317
2024-10-08T10:00:00Z,221.305
2024-10-08T11:00:00Z,224.45
2024-10-08T12:00:00Z,225.075
2024-10-08T13:00:00Z,225.36
2024-10-08T14:00:00Z,219.57
2024-10-08T15:00:00Z,217.29
2024-10-08T16:00:00Z,211.027
2024-10-08T17:00:00Z,191.755
2024-10-08T18:00:00Z,186.23
2024-10-08T19:00:00Z,186.23
2024-10-08T20:00:00Z,187.48
2024-10-08T21:00:00Z,185.73
2024-10-08T22:00:00Z,167.73
2024-10-08T23:00:00Z,164.73
2024-10-09T00:00:00Z,170.73
2024-10-09T01:00:00Z,176.73
2024-10-09T02:00:00Z,176.73
2024-10-09T03:00:00Z,203.73
2024-10-09T04:00:00Z,221.78
2024-10-09T05:00:00Z,230.838
2024-10-09T06:00:00Z,251.135
2024-10-09T07:00:00Z,249.655
2024-10-09T08:00:00Z,242.858
2024-10-09T09:00:00Z,246.25
2024-10-09T10:00:00Z,250.243
2024-10-09T11:00:00Z,251.14
2024-10-09T12:00:00Z,242.43
2024-10-09T13:00:00Z,241.185
2024-10-09T14:00:00Z,240.767
2024-10-09T15:00:00Z,222.043
2024-10-09T16:00:00Z,178.983
2024-10-09T17:00:00Z,170.108
2024-10-09T18:00:00Z,163.875
2024-10-09T19:00:00Z,162.0
2024-10-09T20:00:00Z,164.5
2024-10-09T21:00:00Z,164.0
2024-10-09T22:00:00Z,155.0
2024-10-09T23:00:00Z,155.0
2024-10-10T00:00:00Z,164.0
2024-10-10T01:00:00Z,193.5
2024-10-10T02:00:00Z,196.0
2024-10-10T03:00:00Z,207.0
2024-10-10T04:00:00Z,250.575
2024-10-10T05:00:00Z,244.408
2024-10-10T06:00:00Z,241.278
2024-10-10T07:00:00Z,236.642
2024-10-10T08:00:00Z,240.03
2024-10-10T09:00:00Z,242.205
2024-10-10T10:00:00Z,242.098
2024-10-10T11:00:00Z,238.02
2024-10-10T12:00:00Z,232.348
2024-10-10T13:00:00Z,230.8
2024-10-10T14:00:00Z,214.162
2024-10-10T15:00:00Z,184.648
2024-10-10T16:00:00Z,174.19
2024-10-10T17:00:00Z,172.065
2024-10-10T18:00:00Z,164.19
2024-10-10T19:00:00Z,164.19
2024-10-10T20:00:00Z,161.69
2024-10-10T21:00:00Z,155.207
2024-10-10T22:00:00Z,150.88
2024-10-10T23:00:00Z,141.88
2024-10-11T00:00:00Z,146.755
2024-10-11T01:00:00Z,165.38
2024-10-11T02:00:00Z,168.38
2024-10-11T03:00:00Z,181.93
2024-10-11T04:00:00Z,221.082
2024-10-11T05:00:00Z,217.798
2024-10-11T06:00:00Z,205.093
2024-10-11T07:00:00Z,201.205
2024-10-11T08:00:00Z,201.337
2024-10-11T09:00:00Z,209.225
2024-10-11T10:00:00Z,218.373
2024-10-11T11:00:00Z,218.02
2024-10-11T12:00:00Z,216.153
2024-10-11T13:00:00Z,221.702
2024-10-11T14:00:00Z,228.757
2024-10-11T15:00:00Z,192.748
2024-10-11T16:00:00Z,184.95
2024-10-11T17:00:00Z,187.775
2024-10-11T18:00:00Z,187.15
2024-10-11T19:00:00Z,184.197
2024-10-11T20:00:00Z,181.245
2024-10-11T21:00:00Z,180.65
2024-10-11T22:00:00Z,180.025
2024-10-11T23:00:00Z,178.15
2024-10-12T00:00:00Z,187.15
2024-10-12T01:00:00Z,190.15
2024-10-12T02:00:00Z,188.043
2024-10-12T03:00:00Z,212.09
2024-10-12T04:00:00Z,223.38
2024-10-12T05:00:00Z,215.423
2024-10-12T06:00:00Z,217.387
2024-10-12T07:00:00Z,214.243
2024-10-12T08:00:00Z,205.148
2024-10-12T09:00:00Z,193.202
2024-10-12T10:00:00Z,188.793
2024-10-12T11:00:00Z,189.533
2024-10-12T12:00:00Z,180.065
2024-10-12T13:00:00Z,177.79
2024-10-12T14:00:00Z,164.233
2024-10-12T15:00:00Z,147.545
2024-10-12T16:00:00Z,147.81
2024-10-12T17:00:00Z,121.05
2024-10-12T18:00:00Z,121.65
2024-10-12T19:00:00Z,121.65
2024-10-12T20:00:00Z,121.65
2024-10-12T21:00:00Z,121.65
2024-10-12T22:00:00Z,121.65
2024-10-12T23:00:00Z,121.65
2024-10-13T00:00:00Z,121.65
2024-10-13T01:00:00Z,121.65
2024-10-13T02:00:00Z,121.65
2024-10-13T03:00:00Z,129.525
2024-10-13T04:00:00Z,153.822
2024-10-13T05:00:00Z,157.702
2024-10-13T06:00:00Z,153.613
2024-10-13T07:00:00Z,146.047
2024-10-13T08:00:00Z,133.072
2024-10-13T09:00:00Z,125.955
2024-10-13T10:00:00Z,135.26
2024-10-13T11:00:00Z,136.452
2024-10-13T12:00:00Z,135.202
2024-10-13T13:00:00Z,131.535
2024-10-13T14:00:00Z,124.583
2024-10-13T15:00:00Z,123.037
2024-10-13T16:00:00Z,121.825
2024-10-13T17:00:00Z,122.127
2024-10-13T18:00:00Z,121.745
2024-10-13T19:00:00Z,124.87
2024-10-13T20:00:00Z,117.138
2024-10-13T21:00:00Z,116.435
2024-10-13T22:00:00Z,118.31
2024-10-13T23:00:00Z,118.31
2024-10-14T00:00:00Z,118.31
2024-10-14T01:00:00Z,127.31
2024-10-14T02:00:00Z,133.31
2024-10-14T03:00:00Z,152.293
2024-10-14T04:00:00Z,177.947
2024-10-14T05:00:00Z,180.933
2024-10-14T06:00:00Z,178.812
2024-10-14T07:00:00Z,174.96
2024-10-14T08:00:00Z,172.87
2024-10-14T09:00:00Z,170.215
2024-10-14T10:00:00Z,169.352
2024-10-14T11:00:00Z,171.23
2024-10-14T12:00:00Z,170.062
2024-10-14T13:00:00Z,157.618
2024-10-14T14:00:00Z,131.895
2024-10-14T15:00:00Z,108.855
2024-10-14T16:00:00Z,105.588
2024-10-14T17:00:00Z,107.385
2024-10-14T18:00:00Z,111.99
2024-10-14T19:00:00Z,117.84
2024-10-14T20:00:00Z,117.84
2024-10-14T21:00:00Z,117.84
2024-10-14T22:00:00Z,112.54
2024-10-14T23:00:00Z,110.04
2024-10-15T00:00:00Z,110.04
2024-10-15T01:00:00Z,119.04
2024-10-15T02:00:00Z,122.04
2024-10-15T03:00:00Z,135.915
2024-10-15T04:00:00Z,183.215
2024-10-15T05:00:00Z,205.273
2024-10-15T06:00:00Z,209.75
2024-10-15T07:00:00Z,207.572
2024-10-15T08:00:00Z,204.075
2024-10-15T09:00:00Z,208.597
2024-10-15T10:00:00Z,213.84
2024-10-15T11:00:00Z,208.993
2024-10-15T12:00:00Z,204.623
2024-10-15T13:00:00Z,199.38
2024-10-15T14:00:00Z,185.57
2024-10-15T15:00:00Z,177.002
2024-10-15T16:00:00Z,148.605
2024-10-15T17:00:00Z,128.28
2024-10-15T18:00:00Z,109.03
2024-10-15T19:00:00Z,109.03
2024-10-15T20:00:00Z,102.398
2024-10-15T21:00:00Z,98.42
2024-10-15T22:00:00Z,86.42
2024-10-15T23:00:00Z,87.312
2024-10-16T00:00:00Z,87.61
2024-10-16T01:00:00Z,87.61
2024-10-16T02:00:00Z,87.015
2024-10-16T03:00:00Z,98.545
2024-10-16T04:00:00Z,129.095
2024-10-16T05:00:00Z,134.803
2024-10-16T06:00:00Z,133.04
2024-10-16T07:00:00Z,123.55
2024-10-16T08:00:00Z,121.16
2024-10-16T09:00:00Z,117.11
2024-10-16T10:00:00Z,122.653
2024-10-16T11:00:00Z,124.44
2024-10-16T12:00:00Z,128.123
2024-10-16T13:00:00Z,132.833
2024-10-16T14:00:00Z,132.885
2024-10-16T15:00:00Z,107.222
2024-10-16T16:00:00Z,99.035
2024-10-16T17:00:00Z,85.085
2024-10-16T18:00:00Z,84.785
2024-10-16T19:00:00Z,81.36
2024-10-16T20:00:00Z,85.11
2024-10-16T21:00:00Z,85.11
2024-10-16T22:00:00Z,85.11
2024-10-16T23:00:00Z,94.11
2024-10-17T00:00:00Z,97.11
2024-10-17T01:00:00Z,103.11
2024-10-17T02:00:00Z,109.11
2024-10-17T03:00:00Z,128.92
2024-10-17T04:00:00Z,133.295
2024-10-17T05:00:00Z,132.282
2024-10-17T06:00:00Z,136.385
2024-10-17T07:00:00Z,131.07
2024-10-17T08:00:00Z,132.048
2024-10-17T09:00:00Z,135.44
2024-10-17T10:00:00Z,141.635
2024-10-17T11:00:00Z,142.83
2024-10-17T12:00:00Z,139.407
2024-10-17T13:00:00Z,134.465
2024-10-17T14:00:00Z,127.142
2024-10-17T15:00:00Z,94.623
2024-10-17T16:00:00Z,79.86
2024-10-17T17:00:00Z,81.735
2024-10-17T18:00:00Z,81.11
2024-10-17T19:00:00Z,81.735
2024-10-17T20:00:00Z,81.11
2024-10-17T21:00:00Z,78.61
2024-10-17T22:00:00Z,78.61
2024-10-17T23:00:00Z,82.593
2024-10-18T00:00:00Z,83.92
2024-10-18T01:00:00Z,83.92
2024-10-18T02:00:00Z,83.92
2024-10-18T03:00:00Z,92.42
2024-10-18T04:00:00Z,104.25
2024-10-18T05:00:00Z,116.847
2024-10-18T06:00:00Z,116.85
2024-10-18T07:00:00Z,115.355
2024-10-18T08:00:00Z,115.41
2024-10-18T09:00:00Z,121.543
2024-10-18T10:00:00Z,129.715
2024-10-18T11:00:00Z,127.06
2024-10-18T12:00:00Z,122.87
2024-10-18T13:00:00Z,125.23
2024-10-18T14:00:00Z,131.515
2024-10-18T15:00:00Z,113.835
2024-10-18T16:00:00Z,113.54
2024-10-18T17:00:00Z,121.662
2024-10-18T18:00:00Z,116.382
2024-10-18T19:00:00Z,106.495
2024-10-18T20:00:00Z,102.948
2024-10-18T21:00:00Z,103.84
2024-10-18T22:00:00Z,103.84
2024-10-18T23:00:00Z,103.84
2024-10-19T00:00:00Z,106.34
2024-10-19T01:00:00Z,116.805
2024-10-19T02:00:00Z,121.335
2024-10-19T03:00:00Z,137.16
2024-10-19T04:00:00Z,143.01
2024-10-19T05:00:00Z,137.178
2024-10-19T06:00:00Z,133.118
2024-10-19T07:00:00Z,130.71
2024-10-19T08:00:00Z,130.793
2024-10-19T09:00:00Z,138.515
2024-10-19T10:00:00Z,130.865
2024-10-19T11:00:00Z,143.25
2024-10-19T12:00:00Z,154.218
2024-10-19T13:00:00Z,153.898
2024-10-19T14:00:00Z,152.293
2024-10-19T15:00:00Z,130.13
2024-10-19T16:00:00Z,126.31
2024-10-19T17:00:00Z,126.35
2024-10-19T18:00:00Z,117.61
2024-10-19T19:00:00Z,108.61
2024-10-19T20:00:00Z,108.61
2024-10-19T21:00:00Z,101.42
2024-10-19T22:00:00Z,92.765
2024-10-19T23:00:00Z,90.11
2024-10-20T00:00:00Z,93.938
2024-10-20T01:00:00Z,118.903
2024-10-20T02:00:00Z,122.73
2024-10-20T03:00:00Z,144.905
2024-10-20T04:00:00Z,159.215
2024-10-20T05:00:00Z,158.058
2024-10-20T06:00:00Z,156.567
2024-10-20T07:00:00Z,149.433
2024-10-20T08:00:00Z,126.735
2024-10-20T09:00:00Z,120.805
2024-10-20T10:00:00Z,124.218
2024-10-20T11:00:00Z,136.315
2024-10-20T12:00:00Z,132.965
2024-10-20T13:00:00Z,120.623
2024-10-20T14:00:00Z,99.345
2024-10-20T15:00:00Z,92.5
2024-10-20T16:00:00Z,80.888
2024-10-20T17:00:00Z,78.957
2024-10-20T18:00:00Z,79.797
2024-10-20T19:00:00Z,78.035
2024-10-20T20:00:00Z,72.647
2024-10-20T21:00:00Z,74.445
2024-10-20T22:00:00Z,77.57
2024-10-20T23:00:00Z,80.07
2024-10-21T00:00:00Z,86.07
2024-10-21T01:00:00Z,92.07
2024-10-21T02:00:00Z,88.095
2024-10-21T03:00:00Z,91.77
2024-10-21T04:00:00Z,108.445
2024-10-21T05:00:00Z,107.285
2024-10-21T06:00:00Z,105.44
2024-10-21T07:00:00Z,103.347
2024-10-21T08:00:00Z,113.91
2024-10-21T09:00:00Z,113.91
2024-10-21T10:00:00Z,114.207
2024-10-21T11:00:00Z,113.61
2024-10-21T12:00:00Z,114.287
2024-10-21T13:00:00Z,106.422
2024-10-21T14:00:00Z,105.337
2024-10-21T15:00:00Z,82.047
2024-10-21T16:00:00Z,74.785
2024-10-21T17:00:00Z,74.737
2024-10-21T18:00:00Z,76.69
2024-10-21T19:00:00Z,78.017
2024-10-21T20:00:00Z,82.625
2024-10-21T21:00:00Z,86.45
2024-10-21T22:00:00Z,87.0
2024-10-21T23:00:00Z,87.0
2024-10-22T00:00:00Z,87.0
2024-10-22T01:00:00Z,87.0
2024-10-22T02:00:00Z,87.0
2024-10-22T03:00:00Z,97.875
2024-10-22T04:00:00Z,130.5
2024-10-22T05:00:00Z,148.5
2024-10-22T06:00:00Z,154.442
2024-10-22T07:00:00Z,149.608
2024-10-22T08:00:00Z,148.44
2024-10-22T09:00:00Z,155.285
2024-10-22T10:00:00Z,161.185
2024-10-22T11:00:00Z,161.51
2024-10-22T12:00:00Z,160.585
2024-10-22T13:00:00Z,159.11
2024-10-22T14:00:00Z,132.387
2024-10-22T15:00:00Z,134.183
2024-10-22T16:00:00Z,126.58
2024-10-22T17:00:00Z,119.485
2024-10-22T18:00:00Z,120.89
2024-10-22T19:00:00Z,117.89
2024-10-22T20:00:00Z,108.89
2024-10-22T21:00:00Z,108.89
2024-10-22T22:00:00Z,96.89
2024-10-22T23:00:00Z,96.89
2024-10-23T00:00:00Z,102.89
2024-10-23T01:00:00Z,114.89
2024-10-23T02:00:00Z,126.89
2024-10-23T03:00:00Z,140.765
2024-10-23T04:00:00Z,156.99
2024-10-23T05:00:00Z,180.345
2024-10-23T06:00:00Z,174.093
2024-10-23T07:00:00Z,170.7
2024-10-23T08:00:00Z,164.615
2024-10-23T09:00:00Z,165.21
2024-10-23T10:00:00Z,165.21
2024-10-23T11:00:00Z,165.21
2024-10-23T12:00:00Z,160.96
2024-10-23T13:00:00Z,148.262
2024-10-23T14:00:00Z,145.358
2024-10-23T15:00:00Z,137.718
2024-10-23T16:00:00Z,126.31
2024-10-23T17:00:00Z,96.66
2024-10-23T18:00:00Z,96.66
2024-10-23T19:00:00Z,87.66
2024-10-23T20:00:00Z,84.66
2024-10-23T21:00:00Z,82.785
2024-10-23T22:00:00Z,82.16
2024-10-23T23:00:00Z,82.16
2024-10-24T00:00:00Z,82.16
2024-10-24T01:00:00Z,88.16
2024-10-24T02:00:00Z,94.16
2024-10-24T03:00:00Z,94.16
2024-10-24T04:00:00Z,108.31
2024-10-24T05:00:00Z,128.71
2024-10-24T06:00:00Z,135.645
2024-10-24T07:00:00Z,125.725
2024-10-24T08:00:00Z,120.68
2024-10-24T09:00:00Z,120.68
2024-10-24T10:00:00Z,120.68
2024-10-24T11:00:00Z,120.68
2024-10-24T12:00:00Z,119.43
2024-10-24T13:00:00Z,119.078
2024-10-24T14:00:00Z,111.82
2024-10-24T15:00:00Z,104.055
2024-10-24T16:00:00Z,108.4
2024-10-24T17:00:00Z,106.65
2024-10-24T18:00:00Z,96.325
2024-10-24T19:00:00Z,92.35
2024-10-24T20:00:00Z,92.35
2024-10-24T21:00:00Z,92.35
2024-10-24T22:00:00Z,89.35
2024-10-24T23:00:00Z,85.65
2024-10-25T00:00:00Z,85.65
2024-10-25T01:00:00Z,94.65
2024-10-25T02:00:00Z,97.65
2024-10-25T03:00:00Z,112.65
2024-10-25T04:00:00Z,137.27
2024-10-25T05:00:00Z,137.27
2024-10-25T06:00:00Z,136.37
2024-10-25T07:00:00Z,133.387
2024-10-25T08:00:00Z,131.3
2024-10-25T09:00:00Z,130.4
2024-10-25T10:00:00Z,130.1
2024-10-25T11:00:00Z,130.28
2024-10-25T12:00:00Z,130.46
2024-10-25T13:00:00Z,136.6
2024-10-25T14:00:00Z,131.148
2024-10-25T15:00:00Z,124.612
2024-10-25T16:00:00Z,124.245
2024-10-25T17:00:00Z,99.77
2024-10-25T18:00:00Z,90.17
2024-10-25T19:00:00Z,83.765
2024-10-25T20:00:00Z,80.21
2024-10-25T21:00:00Z,85.017
2024-10-25T22:00:00Z,90.72
2024-10-25T23:00:00Z,103.345
2024-10-26T00:00:00Z,105.22
2024-10-26T01:00:00Z,109.267
2024-10-26T02:00:00Z,112.31
2024-10-26T03:00:00Z,120.12
2024-10-26T04:00:00Z,140.59
2024-10-26T05:00:00Z,131.347
2024-10-26T06:00:00Z,120.642
2024-10-26T07:00:00Z,113.455
2024-10-26T08:00:00Z,111.362
2024-10-26T09:00:00Z,112.355
2024-10-26T10:00:00Z,115.735
2024-10-26T11:00:00Z,119.13
2024-10-26T12:00:00Z,110.815
2024-10-26T13:00:00Z,96.64
2024-10-26T14:00:00Z,89.475
2024-10-26T15:00:00Z,73.68
2024-10-26T16:00:00Z,66.545
2024-10-26T17:00:00Z,64.465
2024-10-26T18:00:00Z,56.99
2024-10-26T19:00:00Z,50.99
2024-10-26T20:00:00Z,48.96
2024-10-26T21:00:00Z,48.775
2024-10-26T22:00:00Z,48.18
2024-10-26T23:00:00Z,51.18
2024-10-27T00:00:00Z,60.18
2024-10-27T01:00:00Z,71.88
2024-10-27T02:00:00Z,70.98
2024-10-27T03:00:00Z,72.855
2024-10-27T04:00:00Z,85.48
2024-10-27T05:00:00Z,112.785
2024-10-27T06:00:00Z,125.977
2024-10-27T07:00:00Z,124.517
2024-10-27T08:00:00Z,132.92
2024-10-27T09:00:00Z,134.207
2024-10-27T10:00:00Z,136.207
2024-10-27T11:00:00Z,135.94
2024-10-27T12:00:00Z,140.21
2024-10-27T13:00:00Z,138.748
2024-10-27T14:00:00Z,134.515
2024-10-27T15:00:00Z,130.15
2024-10-27T16:00:00Z,116.507
2024-10-27T17:00:00Z,108.05
2024-10-27T18:00:00Z,107.32
2024-10-27T19:00:00Z,103.6
2024-10-27T20:00:00Z,96.24
2024-10-27T21:00:00Z,88.84
2024-10-27T22:00:00Z,87.59
2024-10-27T23:00:00Z,88.49
2024-10-28T00:00:00Z,90.665
2024-10-28T01:00:00Z,93.165
2024-10-28T02:00:00Z,93.79
2024-10-28T03:00:00Z,93.79
2024-10-28T04:00:00Z,97.135
2024-10-28T05:00:00Z,92.53
2024-10-28T06:00:00Z,86.28
2024-10-28T07:00:00Z,99.18
2024-10-28T08:00:00Z,100.157
2024-10-28T09:00:00Z,99.29
2024-10-28T10:00:00Z,100.48
2024-10-28T11:00:00Z,106.025
2024-10-28T12:00:00Z,108.17
2024-10-28T13:00:00Z,111.838
2024-10-28T14:00:00Z,110.02
2024-10-28T15:00:00Z,101.547
2024-10-28T16:00:00Z,86.088
2024-10-28T17:00:00Z,66.57
2024-10-28T18:00:00Z,69.665
2024-10-28T19:00:00Z,71.07
2024-10-28T20:00:00Z,65.03
2024-10-28T21:00:00Z,70.365
2024-10-28T22:00:00Z,64.99
2024-10-28T23:00:00Z,58.99
2024-10-29T00:00:00Z,58.99
2024-10-29T01:00:00Z,53.68
2024-10-29T02:00:00Z,53.68
2024-10-29T03:00:00Z,54.93
2024-10-29T04:00:00Z,69.59
2024-10-29T05:00:00Z,75.14
2024-10-29T06:00:00Z,67.695
2024-10-29T07:00:00Z,73.89
2024-10-29T08:00:00Z,88.795
2024-10-29T09:00:00Z,87.035
2024-10-29T10:00:00Z,90.16
2024-10-29T11:00:00Z,93.203
2024-10-29T12:00:00Z,93.8
2024-10-29T13:00:00Z,93.203
2024-10-29T14:00:00Z,87.037
2024-10-29T15:00:00Z,79.422
2024-10-29T16:00:00Z,59.78
2024-10-29T17:00:00Z,57.32
2024-10-29T18:00:00Z,59.82
2024-10-29T19:00:00Z,57.975
2024-10-29T20:00:00Z,52.38
2024-10-29T21:00:00Z,53.005
2024-10-29T22:00:00Z,54.88
2024-10-29T23:00:00Z,55.475
2024-10-30T00:00:00Z,56.07
2024-10-30T01:00:00Z,56.07
2024-10-30T02:00:00Z,55.773
2024-10-30T03:00:00Z,54.88
2024-10-30T04:00:00Z,74.67
2024-10-30T05:00:00Z,106.677
2024-10-30T06:00:00Z,104.492
2024-10-30T07:00:00Z,107.02
2024-10-30T08:00:00Z,109.305
2024-10-30T09:00:00Z,107.21
2024-10-30T10:00:00Z,108.46
2024-10-30T11:00:00Z,114.002
2024-10-30T12:00:00Z,102.6
2024-10-30T13:00:00Z,103.252
2024-10-30T14:00:00Z,99.315
2024-10-30T15:00:00Z,75.593
2024-10-30T16:00:00Z,57.362
2024-10-30T17:00:00Z,43.76
2024-10-30T18:00:00Z,52.655
2024-10-30T19:00:00Z,53.655
2024-10-30T20:00:00Z,51.18
2024-10-30T21:00:00Z,51.18
2024-10-30T22:00:00Z,53.68
2024-10-30T23:00:00Z,58.68
2024-10-31T00:00:00Z,58.68
2024-10-31T01:00:00Z,58.68
2024-10-31T02:00:00Z,58.68
2024-10-31T03:00:00Z,59.93
2024-10-31T04:00:00Z,72.79
2024-10-31T05:00:00Z,84.74
2024-10-31T06:00:00Z,85.403
2024-10-31T07:00:00Z,87.972
2024-10-31T08:00:00Z,87.407
2024-10-31T09:00:00Z,85.615
2024-10-31T10:00:00Z,91.255
2024-10-31T11:00:00Z,95.403
2024-10-31T12:00:00Z,95.1
2024-10-31T13:00:00Z,94.502
2024-10-31T14:00:00Z,95.215
2024-10-31T15:00:00Z,90.302
2024-10-31T16:00:00Z,82.052
2024-10-31T17:00:00Z,65.365
2024-10-31T18:00:00Z,66.24
2024-10-31T19:00:00Z,64.69
2024-10-31T20:00:00Z,58.79
2024-10-31T21:00:00Z,56.915
2024-10-31T22:00:00Z,53.79
2024-10-31T23:00:00Z,53.79
2024-11-01T00:00:00Z,55.117
2024-11-01T01:00:00Z,59.1
2024-11-01T02:00:00Z,77.1
2024-11-01T03:00:00Z,83.1
2024-11-01T04:00:00Z,89.005
2024-11-01T05:00:00Z,93.35
2024-11-01T06:00:00Z,115.412
2024-11-01T07:00:00Z,119.61
2024-11-01T08:00:00Z,118.415
2024-11-01T09:00:00Z,116.115
2024-11-01T10:00:00Z,118.332
2024-11-01T11:00:00Z,125.36
2024-11-01T12:00:00Z,130.015
2024-11-01T13:00:00Z,126.082
2024-11-01T14:00:00Z,128.2
2024-11-01T15:00:00Z,114.145
2024-11-01T16:00:00Z,91.165
2024-11-01T17:00:00Z,73.237
2024-11-01T18:00:00Z,79.72
2024-11-01T19:00:00Z,78.132
2024-11-01T20:00:00Z,72.358
2024-11-01T21:00:00Z,70.16
2024-11-01T22:00:00Z,71.44
2024-11-01T23:00:00Z,71.44
2024-11-02T00:00:00Z,71.44
2024-11-02T01:00:00Z,71.44
2024-11-02T02:00:00Z,76.75
2024-11-02T03:00:00Z,78.0
2024-11-02T04:00:00Z,87.547
2024-11-02T05:00:00Z,98.69
2024-11-02T06:00:00Z,89.322
2024-11-02T07:00:00Z,98.987
2024-11-02T08:00:00Z,105.44
2024-11-02T09:00:00Z,100.267
2024-11-02T10:00:00Z,98.94
2024-11-02T11:00:00Z,98.94
2024-11-02T12:00:00Z,105.422
2024-11-02T13:00:00Z,101.44
2024-11-02T14:00:00Z,103.957
2024-11-02T15:00:00Z,110.44
2024-11-02T16:00:00Z,98.953
2024-11-02T17:00:00Z,85.395
2024-11-02T18:00:00Z,87.925
2024-11-02T19:00:00Z,85.48
2024-11-02T20:00:00Z,81.13
2024-11-02T21:00:00Z,83.005
2024-11-02T22:00:00Z,83.63
2024-11-02T23:00:00Z,83.63
2024-11-03T00:00:00Z,83.63
2024-11-03T01:00:00Z,98.13
2024-11-03T02:00:00Z,103.13
2024-11-03T03:00:00Z,105.63
2024-11-03T04:00:00Z,109.23
2024-11-03T05:00:00Z,123.205
2024-11-03T06:00:00Z,113.65
2024-11-03T07:00:00Z,113.22
2024-11-03T08:00:00Z,112.025
2024-11-03T09:00:00Z,108.552
2024-11-03T10:00:00Z,100.022
2024-11-03T11:00:00Z,95.21
2024-11-03T12:00:00Z,95.21
2024-11-03T13:00:00Z,96.562
2024-11-03T14:00:00Z,98.725
2024-11-03T15:00:00Z,86.57
2024-11-03T16:00:00Z,65.417
2024-11-03T17:00:00Z,67.132
2024-11-03T18:00:00Z,66.9
2024-11-03T19:00:00Z,65.897
2024-11-03T20:00:00Z,64.35
2024-11-03T21:00:00Z,51.867
2024-11-03T22:00:00Z,47.915
2024-11-03T23:00:00Z,49.79
2024-11-04T00:00:00Z,61.79
2024-11-04T01:00:00Z,61.79
2024-11-04T02:00:00Z,61.79
2024-11-04T03:00:00Z,63.04
2024-11-04T04:00:00Z,67.39
2024-11-04T05:00:00Z,75.09
2024-11-04T06:00:00Z,78.858
2024-11-04T07:00:00Z,76.145
2024-11-04T08:00:00Z,72.465
2024-11-04T09:00:00Z,67.808
2024-11-04T10:00:00Z,71.725
2024-11-04T11:00:00Z,73.87
2024-11-04T12:00:00Z,74.525
2024-11-04T13:00:00Z,75.558
2024-11-04T14:00:00Z,73.93
2024-11-04T15:00:00Z,54.543
2024-11-04T16:00:00Z,35.495
2024-11-04T17:00:00Z,37.33
2024-11-04T18:00:00Z,37.98
2024-11-04T19:00:00Z,37.46
2024-11-04T20:00:00Z,37.99
2024-11-04T21:00:00Z,38.64
2024-11-04T22:00:00Z,39.59
2024-11-04T23:00:00Z,34.29
2024-11-05T00:00:00Z,34.29
2024-11-05T01:00:00Z,34.29
2024-11-05T02:00:00Z,34.29
2024-11-05T03:00:00Z,34.29
2024-11-05T04:00:00Z,43.635
2024-11-05T05:00:00Z,49.23
2024-11-05T06:00:00Z,45.593
2024-11-05T07:00:00Z,52.385
2024-11-05T08:00:00Z,57.685
2024-11-05T09:00:00Z,58.337
2024-11-05T10:00:00Z,64.205
2024-11-05T11:00:00Z,69.18
2024-11-05T12:00:00Z,69.31
2024-11-05T13:00:00Z,77.728
2024-11-05T14:00:00Z,76.15
2024-11-05T15:00:00Z,70.555
2024-11-05T16:00:00Z,54.96
2024-11-05T17:00:00Z,46.945
2024-11-05T18:00:00Z,43.82
2024-11-05T19:00:00Z,40.72
2024-11-05T20:00:00Z,41.02
2024-11-05T21:00:00Z,41.32
2024-11-05T22:00:00Z,41.32
2024-11-05T23:00:00Z,41.32
2024-11-06T00:00:00Z,41.32
2024-11-06T01:00:00Z,41.32
2024-11-06T02:00:00Z,47.32
2024-11-06T03:00:00Z,55.195
2024-11-06T04:00:00Z,67.61
2024-11-06T05:00:00Z,76.585
2024-11-06T06:00:00Z,90.415
2024-11-06T07:00:00Z,95.303
2024-11-06T08:00:00Z,100.007
2024-11-06T09:00:00Z,100.605
2024-11-06T10:00:00Z,111.993
2024-11-06T11:00:00Z,115.29
2024-11-06T12:00:00Z,110.29
2024-11-06T13:00:00Z,110.59
2024-11-06T14:00:00Z,108.09
2024-11-06T15:00:00Z,103.118
2024-11-06T16:00:00Z,77.075
2024-11-06T17:00:00Z,68.4
2024-11-06T18:00:00Z,61.9
2024-11-06T19:00:00Z,48.505
2024-11-06T20:00:00Z,35.9
2024-11-06T21:00:00Z,38.4
2024-11-06T22:00:00Z,44.65
2024-11-06T23:00:00Z,45.9
2024-11-07T00:00:00Z,45.9
2024-11-07T01:00:00Z,45.9
2024-11-07T02:00:00Z,60.4
2024-11-07T03:00:00Z,62.9
2024-11-07T04:00:00Z,70.745
2024-11-07T05:00:00Z,77.965
2024-11-07T06:00:00Z,72.995
2024-11-07T07:00:00Z,77.585
2024-11-07T08:00:00Z,80.088
2024-11-07T09:00:00Z,79.505
2024-11-07T10:00:00Z,79.43
2024-11-07T11:00:00Z,81.98
2024-11-07T12:00:00Z,81.683
2024-11-07T13:00:00Z,81.98
2024-11-07T14:00:00Z,74.525
2024-11-07T15:00:00Z,61.82
2024-11-07T16:00:00Z,38.027
2024-11-07T17:00:00Z,37.105
2024-11-07T18:00:00Z,40.23
2024-11-07T19:00:00Z,38.38
2024-11-07T20:00:00Z,38.38
2024-11-07T21:00:00Z,38.355
2024-11-07T22:00:00Z,36.48
2024-11-07T23:00:00Z,37.807
2024-11-08T00:00:00Z,41.79
2024-11-08T01:00:00Z,41.79
2024-11-08T02:00:00Z,41.79
2024-11-08T03:00:00Z,43.04
2024-11-08T04:00:00Z,52.385
2024-11-08T05:00:00Z,54.115
2024-11-08T06:00:00Z,61.8
2024-11-08T07:00:00Z,80.795
2024-11-08T08:00:00Z,80.795
2024-11-08T09:00:00Z,82.34
2024-11-08T10:00:00Z,82.413
2024-11-08T11:00:00Z,82.605
2024-11-08T12:00:00Z,84.78
2024-11-08T13:00:00Z,84.838
2024-11-08T14:00:00Z,86.305
2024-11-08T15:00:00Z,74.505
2024-11-08T16:00:00Z,63.08
2024-11-08T17:00:00Z,44.295
2024-11-08T18:00:00Z,41.79
2024-11-08T19:00:00Z,39.94
2024-11-08T20:00:00Z,32.508
2024-11-08T21:00:00Z,30.58
2024-11-08T22:00:00Z,30.28
2024-11-08T23:00:00Z,30.28
2024-11-09T00:00:00Z,30.28
2024-11-09T01:00:00Z,30.28
2024-11-09T02:00:00Z,30.28
2024-11-09T03:00:00Z,30.28
2024-11-09T04:00:00Z,35.332
2024-11-09T05:00:00Z,59.965
2024-11-09T06:00:00Z,60.695
2024-11-09T07:00:00Z,67.99
2024-11-09T08:00:00Z,92.44
2024-11-09T09:00:00Z,94.585
2024-11-09T10:00:00Z,97.165
2024-11-09T11:00:00Z,99.29
2024-11-09T12:00:00Z,101.49
2024-11-09T13:00:00Z,101.19
2024-11-09T14:00:00Z,100.89
2024-11-09T15:00:00Z,93.015
2024-11-09T16:00:00Z,69.48
2024-11-09T17:00:00Z,59.29
2024-11-09T18:00:00Z,52.69
2024-11-09T19:00:00Z,51.495
2024-11-09T20:00:00Z,51.793
2024-11-09T21:00:00Z,53.965
2024-11-09T22:00:00Z,54.59
2024-11-09T23:00:00Z,54.59
2024-11-10T00:00:00Z,54.59
2024-11-10T01:00:00Z,54.59
2024-11-10T02:00:00Z,54.59
2024-11-10T03:00:00Z,55.84
2024-11-10T04:00:00Z,65.267
2024-11-10T05:00:00Z,81.85
2024-11-10T06:00:00Z,75.0
2024-11-10T07:00:00Z,76.79
2024-11-10T08:00:00Z,76.495
2024-11-10T09:00:00Z,69.04
2024-11-10T10:00:00Z,63.807
2024-11-10T11:00:00Z,62.48
2024-11-10T12:00:00Z,62.48
2024-11-10T13:00:00Z,62.51
2024-11-10T14:00:00Z,60.39
2024-11-10T15:00:00Z,50.34
2024-11-10T16:00:00Z,33.69
2024-11-10T17:00:00Z,39.557
2024-11-10T18:00:00Z,46.157
2024-11-10T19:00:00Z,43.58
2024-11-10T20:00:00Z,42.03
2024-11-10T21:00:00Z,40.43
2024-11-10T22:00:00Z,42.305
2024-11-10T23:00:00Z,44.18
2024-11-11T00:00:00Z,44.18
2024-11-11T01:00:00Z,44.18
2024-11-11T02:00:00Z,46.83
2024-11-11T03:00:00Z,49.48
2024-11-11T04:00:00Z,52.58
2024-11-11T05:00:00Z,66.13
2024-11-11T06:00:00Z,60.94
2024-11-11T07:00:00Z,62.432
2024-11-11T08:00:00Z,61.237
2024-11-11T09:00:00Z,57.615
2024-11-11T10:00:00Z,60.88
2024-11-11T11:00:00Z,60.293
2024-11-11T12:00:00Z,59.56
2024-11-11T13:00:00Z,60.27
2024-11-11T14:00:00Z,58.31
2024-11-11T15:00:00Z,52.688
2024-11-11T16:00:00Z,40.465
2024-11-11T17:00:00Z,29.18
2024-11-11T18:00:00Z,26.37
2024-11-11T19:00:00Z,25.77
2024-11-11T20:00:00Z,30.053
2024-11-11T21:00:00Z,30.48
2024-11-11T22:00:00Z,30.48
2024-11-11T23:00:00Z,25.17
2024-11-12T00:00:00Z,25.17
2024-11-12T01:00:00Z,25.17
2024-11-12T02:00:00Z,25.17
2024-11-12T03:00:00Z,26.42
2024-11-12T04:00:00Z,33.27
2024-11-12T05:00:00Z,32.67
2024-11-12T06:00:00Z,30.88
2024-11-12T07:00:00Z,39.902
2024-11-12T08:00:00Z,41.475
2024-11-12T09:00:00Z,41.53
2024-11-12T10:00:00Z,46.15
2024-11-12T11:00:00Z,50.17
2024-11-12T12:00:00Z,50.47
2024-11-12T13:00:00Z,49.575
2024-11-12T14:00:00Z,42.445
2024-11-12T15:00:00Z,33.32
2024-11-12T16:00:00Z,31.12
2024-11-12T17:00:00Z,26.17
2024-11-12T18:00:00Z,27.42
2024-11-12T19:00:00Z,23.075
2024-11-12T20:00:00Z,20.873
2024-11-12T21:00:00Z,21.17
2024-11-12T22:00:00Z,21.17
2024-11-12T23:00:00Z,21.17
2024-11-13T00:00:00Z,21.17
2024-11-13T01:00:00Z,21.17
2024-11-13T02:00:00Z,21.17
2024-11-13T03:00:00Z,24.17
2024-11-13T04:00:00Z,36.215
2024-11-13T05:00:00Z,41.185
2024-11-13T06:00:00Z,37.22
2024-11-13T07:00:00Z,38.915
2024-11-13T08:00:00Z,41.258
2024-11-13T09:00:00Z,40.96
2024-11-13T10:00:00Z,43.703
2024-11-13T11:00:00Z,47.75
2024-11-13T12:00:00Z,47.75
2024-11-13T13:00:00Z,47.75
2024-11-13T14:00:00Z,41.5
2024-11-13T15:00:00Z,35.578
2024-11-13T16:00:00Z,26.232
2024-11-13T17:00:00Z,27.768
2024-11-13T18:00:00Z,30.67
2024-11-13T19:00:00Z,28.855
2024-11-13T20:00:00Z,20.123
2024-11-13T21:00:00Z,23.045
2024-11-13T22:00:00Z,23.67
2024-11-13T23:00:00Z,23.67
2024-11-14T00:00:00Z,23.67
2024-11-14T01:00:00Z,23.67
2024-11-14T02:00:00Z,23.67
2024-11-14T03:00:00Z,27.42
2024-11-14T04:00:00Z,40.27
2024-11-14T05:00:00Z,45.045
2024-11-14T06:00:00Z,45.13
2024-11-14T07:00:00Z,59.123
2024-11-14T08:00:00Z,60.075
2024-11-14T09:00:00Z,58.28
2024-11-14T10:00:00Z,59.18
2024-11-14T11:00:00Z,59.48
2024-11-14T12:00:00Z,59.775
2024-11-14T13:00:00Z,60.67
2024-11-14T14:00:00Z,59.37
2024-11-14T15:00:00Z,55.972
2024-11-14T16:00:00Z,44.42
2024-11-14T17:00:00Z,41.92
2024-11-14T18:00:00Z,32.42
2024-11-14T19:00:00Z,28.075
2024-11-14T20:00:00Z,25.873
2024-11-14T21:00:00Z,27.42
2024-11-14T22:00:00Z,26.17
2024-11-14T23:00:00Z,26.17
2024-11-15T00:00:00Z,30.152
2024-11-15T01:00:00Z,31.48
2024-11-15T02:00:00Z,31.48
2024-11-15T03:00:00Z,31.48
2024-11-15T04:00:00Z,32.075
2024-11-15T05:00:00Z,38.403
2024-11-15T06:00:00Z,40.788
2024-11-15T07:00:00Z,42.88
2024-11-15T08:00:00Z,42.285
2024-11-15T09:00:00Z,45.138
2024-11-15T10:00:00Z,58.198
2024-11-15T11:00:00Z,63.92
2024-11-15T12:00:00Z,65.77
2024-11-15T13:00:00Z,66.153
2024-11-15T14:00:00Z,62.7
2024-11-15T15:00:00Z,60.2
2024-11-15T16:00:00Z,44.172
2024-11-15T17:00:00Z,33.41
2024-11-15T18:00:00Z,38.59
2024-11-15T19:00:00Z,28.99
2024-11-15T20:00:00Z,23.335
2024-11-15T21:00:00Z,22.53
2024-11-15T22:00:00Z,23.78
2024-11-15T23:00:00Z,23.78
2024-11-16T00:00:00Z,23.78
2024-11-16T01:00:00Z,23.78
2024-11-16T02:00:00Z,23.78
2024-11-16T03:00:00Z,26.28
2024-11-16T04:00:00Z,35.63
2024-11-16T05:00:00Z,45.855
2024-11-16T06:00:00Z,43.58
2024-11-16T07:00:00Z,49.123
2024-11-16T08:00:00Z,53.17
2024-11-16T09:00:00Z,56.57
2024-11-16T10:00:00Z,55.97
2024-11-16T11:00:00Z,55.67
2024-11-16T12:00:00Z,55.67
2024-11-16T13:00:00Z,55.373
2024-11-16T14:00:00Z,55.672
2024-11-16T15:00:00Z,50.37
2024-11-16T16:00:00Z,47.37
2024-11-16T17:00:00Z,46.47
2024-11-16T18:00:00Z,49.87
2024-11-16T19:00:00Z,46.77
2024-11-16T20:00:00Z,42.48
2024-11-16T21:00:00Z,42.48
2024-11-16T22:00:00Z,39.98
2024-11-16T23:00:00Z,39.355
2024-11-17T00:00:00Z,37.48
2024-11-17T01:00:00Z,37.48
2024-11-17T02:00:00Z,37.48
2024-11-17T03:00:00Z,37.48
2024-11-17T04:00:00Z,38.075
2024-11-17T05:00:00Z,38.045
2024-11-17T06:00:00Z,33.075
2024-11-17T07:00:00Z,33.62
2024-11-17T08:00:00Z,31.175
2024-11-17T09:00:00Z,29.623
2024-11-17T10:00:00Z,27.188
2024-11-17T11:00:00Z,29.56
2024-11-17T12:00:00Z,29.56
2024-11-17T13:00:00Z,34.818
2024-11-17T14:00:00Z,34.08
2024-11-17T15:00:00Z,31.28
2024-11-17T16:00:00Z,18.483
2024-11-17T17:00:00Z,20.81
2024-11-17T18:00:00Z,25.935
2024-11-17T19:00:00Z,25.935
2024-11-17T20:00:00Z,29.985
2024-11-17T21:00:00Z,33.355
2024-11-17T22:00:00Z,33.98
2024-11-17T23:00:00Z,33.98
2024-11-18T00:00:00Z,33.98
2024-11-18T01:00:00Z,33.98
2024-11-18T02:00:00Z,33.98
2024-11-18T03:00:00Z,39.212
2024-11-18T04:00:00Z,56.885
2024-11-18T05:00:00Z,61.23
2024-11-18T06:00:00Z,57.89
2024-11-18T07:00:00Z,60.932
2024-11-18T08:00:00Z,61.23
2024-11-18T09:00:00Z,58.932
2024-11-18T10:00:00Z,60.57
2024-11-18T11:00:00Z,63.37
2024-11-18T12:00:00Z,63.37
2024-11-18T13:00:00Z,66.248
2024-11-18T14:00:00Z,64.97
2024-11-18T15:00:00Z,61.847
2024-11-18T16:00:00Z,38.41
2024-11-18T17:00:00Z,33.418
2024-11-18T18:00:00Z,34.4
2024-11-18T19:00:00Z,33.15
2024-11-18T20:00:00Z,30.293
2024-11-18T21:00:00Z,29.965
2024-11-18T22:00:00Z,30.59
2024-11-18T23:00:00Z,30.59
2024-11-19T00:00:00Z,35.59
2024-11-19T01:00:00Z,35.59
2024-11-19T02:00:00Z,35.59
2024-11-19T03:00:00Z,35.59
2024-11-19T04:00:00Z,38.09
2024-11-19T05:00:00Z,46.275
2024-11-19T06:00:00Z,41.057
2024-11-19T07:00:00Z,64.225
2024-11-19T08:00:00Z,63.9
2024-11-19T09:00:00Z,65.745
2024-11-19T10:00:00Z,73.518
2024-11-19T11:00:00Z,77.54
2024-11-19T12:00:00Z,79.088
2024-11-19T13:00:00Z,77.24
2024-11-19T14:00:00Z,75.338
2024-11-19T15:00:00Z,68.487
2024-11-19T16:00:00Z,48.9
2024-11-19T17:00:00Z,37.175
2024-11-19T18:00:00Z,26.95
2024-11-19T19:00:00Z,25.7
2024-11-19T20:00:00Z,26.6
2024-11-19T21:00:00Z,28.15
2024-11-19T22:00:00Z,29.4
2024-11-19T23:00:00Z,29.4
2024-11-20T00:00:00Z,29.4
2024-11-20T01:00:00Z,29.4
2024-11-20T02:00:00Z,29.4
2024-11-20T03:00:00Z,30.65
2024-11-20T04:00:00Z,42.4
2024-11-20T05:00:00Z,65.4
2024-11-20T06:00:00Z,70.625
2024-11-20T07:00:00Z,75.49
2024-11-20T08:00:00Z,81.088
2024-11-20T09:00:00Z,82.58
2024-11-20T10:00:00Z,83.18
2024-11-20T11:00:00Z,83.18
2024-11-20T12:00:00Z,83.478
2024-11-20T13:00:00Z,85.68
2024-11-20T14:00:00Z,84.37
2024-11-20T15:00:00Z,79.4
2024-11-20T16:00:00Z,78.805
2024-11-20T17:00:00Z,75.93
2024-11-20T18:00:00Z,71.18
2024-11-20T19:00:00Z,70.555
2024-11-20T20:00:00Z,66.87
2024-11-20T21:00:00Z,57.572
2024-11-20T22:00:00Z,44.18
2024-11-20T23:00:00Z,40.483
2024-11-21T00:00:00Z,39.29
2024-11-21T01:00:00Z,39.29
2024-11-21T02:00:00Z,39.29
2024-11-21T03:00:00Z,39.29
2024-11-21T04:00:00Z,39.29
2024-11-21T05:00:00Z,37.465
2024-11-21T06:00:00Z,31.9
2024-11-21T07:00:00Z,33.09
2024-11-21T08:00:00Z,38.09
2024-11-21T09:00:00Z,37.197
2024-11-21T10:00:00Z,37.822
2024-11-21T11:00:00Z,43.09
2024-11-21T12:00:00Z,44.697
2024-11-21T13:00:00Z,48.4
2024-11-21T14:00:00Z,46.525
2024-11-21T15:00:00Z,48.1
2024-11-21T16:00:00Z,45.95
2024-11-21T17:00:00Z,43.45
2024-11-21T18:00:00Z,42.825
2024-11-21T19:00:00Z,42.825
2024-11-21T20:00:00Z,46.225
2024-11-21T21:00:00Z,49.025
2024-11-21T22:00:00Z,47.15
2024-11-21T23:00:00Z,43.4
2024-11-22T00:00:00Z,43.4
2024-11-22T01:00:00Z,43.4
2024-11-22T02:00:00Z,45.9
2024-11-22T03:00:00Z,49.947
2024-11-22T04:00:00Z,54.59
2024-11-22T05:00:00Z,56.465
2024-11-22T06:00:00Z,47.922
2024-11-22T07:00:00Z,48.692
2024-11-22T08:00:00Z,49.29
2024-11-22T09:00:00Z,62.54
2024-11-22T10:00:00Z,66.558
2024-11-22T11:00:00Z,78.98
2024-11-22T12:00:00Z,85.73
2024-11-22T13:00:00Z,88.963
2024-11-22T14:00:00Z,90.713
2024-11-22T15:00:00Z,90.98
2024-11-22T16:00:00Z,80.793
2024-11-22T17:00:00Z,69.6
2024-11-22T18:00:00Z,57.2
2024-11-22T19:00:00Z,40.95
2024-11-22T20:00:00Z,37.5
2024-11-22T21:00:00Z,39.65
2024-11-22T22:00:00Z,39.025
2024-11-22T23:00:00Z,38.4
2024-11-23T00:00:00Z,38.4
2024-11-23T01:00:00Z,38.4
2024-11-23T02:00:00Z,38.4
2024-11-23T03:00:00Z,38.4
2024-11-23T04:00:00Z,38.4
2024-11-23T05:00:00Z,46.275
2024-11-23T06:00:00Z,47.0
2024-11-23T07:00:00Z,50.1
2024-11-23T08:00:00Z,53.525
2024-11-23T09:00:00Z,54.8
2024-11-23T10:00:00Z,58.493
2024-11-23T11:00:00Z,59.09
2024-11-23T12:00:00Z,59.09
2024-11-23T13:00:00Z,55.995
2024-11-23T14:00:00Z,55.965
2024-11-23T15:00:00Z,56.59
2024-11-23T16:00:00Z,56.59
2024-11-23T17:00:00Z,56.89
2024-11-23T18:00:00Z,60.29
2024-11-23T19:00:00Z,60.29
2024-11-23T20:00:00Z,60.94
2024-11-23T21:00:00Z,65.965
2024-11-23T22:00:00Z,66.59
2024-11-23T23:00:00Z,66.59
2024-11-24T00:00:00Z,61.59
2024-11-24T01:00:00Z,61.59
2024-11-24T02:00:00Z,61.59
2024-11-24T03:00:00Z,62.84
2024-11-24T04:00:00Z,71.59
2024-11-24T05:00:00Z,69.775
2024-11-24T06:00:00Z,65.4
2024-11-24T07:00:00Z,64.15
2024-11-24T08:00:00Z,62.9
2024-11-24T09:00:00Z,58.025
2024-11-24T10:00:00Z,57.715
2024-11-24T11:00:00Z,57.28
2024-11-24T12:00:00Z,58.18
2024-11-24T13:00:00Z,57.23
2024-11-24T14:00:00Z,55.38
2024-11-24T15:00:00Z,55.08
2024-11-24T16:00:00Z,48.18
2024-11-24T17:00:00Z,41.355
2024-11-24T18:00:00Z,44.837
2024-11-24T19:00:00Z,44.23
2024-11-24T20:00:00Z,44.53
2024-11-24T21:00:00Z,47.305
2024-11-24T22:00:00Z,46.68
2024-11-24T23:00:00Z,46.68
2024-11-25T00:00:00Z,47.87
2024-11-25T01:00:00Z,47.87
2024-11-25T02:00:00Z,50.37
2024-11-25T03:00:00Z,52.87
2024-11-25T04:00:00Z,64.87
2024-11-25T05:00:00Z,62.995
2024-11-25T06:00:00Z,58.025
2024-11-25T07:00:00Z,57.915
2024-11-25T08:00:00Z,56.07
2024-11-25T09:00:00Z,53.987
2024-11-25T10:00:00Z,55.46
2024-11-25T11:00:00Z,54.73
2024-11-25T12:00:00Z,53.105
2024-11-25T13:00:00Z,57.66
2024-11-25T14:00:00Z,56.11
2024-11-25T15:00:00Z,48.862
2024-11-25T16:00:00Z,30.12
2024-11-25T17:00:00Z,26.995
2024-11-25T18:00:00Z,28.295
2024-11-25T19:00:00Z,30.17
2024-11-25T20:00:00Z,35.053
2024-11-25T21:00:00Z,36.68
2024-11-25T22:00:00Z,35.43
2024-11-25T23:00:00Z,32.852
2024-11-26T00:00:00Z,28.87
2024-11-26T01:00:00Z,28.87
2024-11-26T02:00:00Z,28.87
2024-11-26T03:00:00Z,30.12
2024-11-26T04:00:00Z,36.37
2024-11-26T05:00:00Z,35.17
2024-11-26T06:00:00Z,30.58
2024-11-26T07:00:00Z,34.332
2024-11-26T08:00:00Z,31.59
2024-11-26T09:00:00Z,38.745
2024-11-26T10:00:00Z,43.418
2024-11-26T11:00:00Z,47.415
2024-11-26T12:00:00Z,49.587
2024-11-26T13:00:00Z,50.59
2024-11-26T14:00:00Z,50.237
2024-11-26T15:00:00Z,47.358
2024-11-26T16:00:00Z,39.942
2024-11-26T17:00:00Z,37.525
2024-11-26T18:00:00Z,36.9
2024-11-26T19:00:00Z,35.65
2024-11-26T20:00:00Z,32.793
2024-11-26T21:00:00Z,33.09
2024-11-26T22:00:00Z,33.09
2024-11-26T23:00:00Z,33.09
2024-11-27T00:00:00Z,33.09
2024-11-27T01:00:00Z,33.09
2024-11-27T02:00:00Z,33.09
2024-11-27T03:00:00Z,33.09
2024-11-27T04:00:00Z,34.965
2024-11-27T05:00:00Z,43.322
2024-11-27T06:00:00Z,41.307
2024-11-27T07:00:00Z,43.993
2024-11-27T08:00:00Z,44.59
2024-11-27T09:00:00Z,45.245
2024-11-27T10:00:00Z,48.995
2024-11-27T11:00:00Z,44.29
2024-11-27T12:00:00Z,43.99
2024-11-27T13:00:00Z,43.665
2024-11-27T14:00:00Z,42.685
2024-11-27T15:00:00Z,42.63
2024-11-27T16:00:00Z,32.087
2024-11-27T17:00:00Z,29.915
2024-11-27T18:00:00Z,31.79
2024-11-27T19:00:00Z,30.565
2024-11-27T20:00:00Z,30.183
2024-11-27T21:00:00Z,30.48
2024-11-27T22:00:00Z,30.48
2024-11-27T23:00:00Z,30.48
2024-11-28T00:00:00Z,30.48
2024-11-28T01:00:00Z,30.48
2024-11-28T02:00:00Z,31.105
2024-11-28T03:00:00Z,34.23
2024-11-28T04:00:00Z,40.48
2024-11-28T05:00:00Z,38.09
2024-11-28T06:00:00Z,33.5
2024-11-28T07:00:00Z,37.745
2024-11-28T08:00:00Z,44.4
2024-11-28T09:00:00Z,43.8
2024-11-28T10:00:00Z,48.8
2024-11-28T11:00:00Z,50.59
2024-11-28T12:00:00Z,49.995
2024-11-28T13:00:00Z,50.265
2024-11-28T14:00:00Z,47.685
2024-11-28T15:00:00Z,50.43
2024-11-28T16:00:00Z,40.48
2024-11-28T17:00:00Z,40.48
2024-11-28T18:00:00Z,40.54
2024-11-28T19:00:00Z,39.29
2024-11-28T20:00:00Z,35.182
2024-11-28T21:00:00Z,35.48
2024-11-28T22:00:00Z,32.98
2024-11-28T23:00:00Z,32.98
2024-11-29T00:00:00Z,38.29
2024-11-29T01:00:00Z,38.29
2024-11-29T02:00:00Z,38.29
2024-11-29T03:00:00Z,38.915
2024-11-29T04:00:00Z,40.79
2024-11-29T05:00:00Z,41.14
2024-11-29T06:00:00Z,39.105
2024-11-29T07:00:00Z,38.322
2024-11-29T08:00:00Z,38.4
2024-11-29T09:00:00Z,37.8
2024-11-29T10:00:00Z,41.85
2024-11-29T11:00:00Z,44.65
2024-11-29T12:00:00Z,59.543
2024-11-29T13:00:00Z,61.947
2024-11-29T14:00:00Z,61.322
2024-11-29T15:00:00Z,61.945
2024-11-29T16:00:00Z,54.2
2024-11-29T17:00:00Z,41.432
2024-11-29T18:00:00Z,43.903
2024-11-29T19:00:00Z,32.2
2024-11-29T20:00:00Z,31.1
2024-11-29T21:00:00Z,29.4
2024-11-29T22:00:00Z,28.775
2024-11-29T23:00:00Z,26.9
2024-11-30T00:00:00Z,26.9
2024-11-30T01:00:00Z,26.9
2024-11-30T02:00:00Z,26.9
2024-11-30T03:00:00Z,28.15
2024-11-30T04:00:00Z,33.15
2024-11-30T05:00:00Z,34.4
2024-11-30T06:00:00Z,31.6
2024-11-30T07:00:00Z,33.8
2024-11-30T08:00:00Z,36.325
2024-11-30T09:00:00Z,39.697
2024-11-30T10:00:00Z,45.293
2024-11-30T11:00:00Z,45.59
2024-11-30T12:00:00Z,46.84
2024-11-30T13:00:00Z,49.965
2024-11-30T14:00:00Z,50.59
2024-11-30T15:00:00Z,53.09
2024-11-30T16:00:00Z,47.793
2024-11-30T17:00:00Z,46.9
2024-11-30T18:00:00Z,49.4
2024-11-30T19:00:00Z,48.15
2024-11-30T20:00:00Z,44.995
2024-11-30T21:00:00Z,45.59
2024-11-30T22:00:00Z,46.49
2024-11-30T23:00:00Z,46.79
2024-12-01T00:00:00Z,46.79
2024-12-01T01:00:00Z,46.79
2024-12-01T02:00:00Z,46.79
2024-12-01T03:00:00Z,46.79
2024-12-01T04:00:00Z,46.79
2024-12-01T05:00:00Z,46.79
2024-12-01T06:00:00Z,43.99
2024-12-01T07:00:00Z,43.69
2024-12-01T08:00:00Z,43.09
2024-12-01T09:00:00Z,43.04
2024-12-01T10:00:00Z,41.135
2024-12-01T11:00:00Z,38.09
2024-12-01T12:00:00Z,40.59
2024-12-01T13:00:00Z,43.69
2024-12-01T14:00:00Z,43.39
2024-12-01T15:00:00Z,39.34
2024-12-01T16:00:00Z,30.59
2024-12-01T17:00:00Z,30.59
2024-12-01T18:00:00Z,31.84
2024-12-01T19:00:00Z,31.49
2024-12-01T20:00:00Z,32.385
2024-12-01T21:00:00Z,36.73
2024-12-01T22:00:00Z,37.98
2024-12-01T23:00:00Z,37.98
2024-12-02T00:00:00Z,37.98
2024-12-02T01:00:00Z,37.98
2024-12-02T02:00:00Z,37.98
2024-12-02T03:00:00Z,39.23
2024-12-02T04:00:00Z,52.58
2024-12-02T05:00:00Z,54.62
2024-12-02T06:00:00Z,56.575
2024-12-02T07:00:00Z,55.38
2024-12-02T08:00:00Z,54.81
2024-12-02T09:00:00Z,55.49
2024-12-02T10:00:00Z,58.477
2024-12-02T11:00:00Z,59.67
2024-12-02T12:00:00Z,59.67
2024-12-02T13:00:00Z,59.457
2024-12-02T14:00:00Z,58.888
2024-12-02T15:00:00Z,58.233
2024-12-02T16:00:00Z,31.59
2024-12-02T17:00:00Z,26.29
2024-12-02T18:00:00Z,27.265
2024-12-02T19:00:00Z,26.64
2024-12-02T20:00:00Z,22.617
2024-12-02T21:00:00Z,28.775
2024-12-02T22:00:00Z,29.4
2024-12-02T23:00:00Z,29.4
2024-12-03T00:00:00Z,25.418
2024-12-03T01:00:00Z,24.09
2024-12-03T02:00:00Z,24.09
2024-12-03T03:00:00Z,24.09
2024-12-03T04:00:00Z,25.965
2024-12-03T05:00:00Z,25.39
2024-12-03T06:00:00Z,22.593
2024-12-03T07:00:00Z,26.887
2024-12-03T08:00:00Z,29.09
2024-12-03T09:00:00Z,26.03
2024-12-03T10:00:00Z,33.075
2024-12-03T11:00:00Z,34.87
2024-12-03T12:00:00Z,35.167
2024-12-03T13:00:00Z,34.895
2024-12-03T14:00:00Z,32.72
2024-12-03T15:00:00Z,28.672
2024-12-03T16:00:00Z,18.133
2024-12-03T17:00:00Z,15.115
2024-12-03T18:00:00Z,16.39
2024-12-03T19:00:00Z,16.39
2024-12-03T20:00:00Z,17.29
2024-12-03T21:00:00Z,17.59
2024-12-03T22:00:00Z,16.965
2024-12-03T23:00:00Z,15.09
2024-12-04T00:00:00Z,15.09
2024-12-04T01:00:00Z,15.09
2024-12-04T02:00:00Z,15.09
2024-12-04T03:00:00Z,16.34
2024-12-04T04:00:00Z,20.685
2024-12-04T05:00:00Z,22.53
2024-12-04T06:00:00Z,22.59
2024-12-04T07:00:00Z,27.18
2024-12-04T08:00:00Z,27.48
2024-12-04T09:00:00Z,26.88
2024-12-04T10:00:00Z,32.18
2024-12-04T11:00:00Z,32.777
2024-12-04T12:00:00Z,33.67
2024-12-04T13:00:00Z,34.355
2024-12-04T14:00:00Z,35.578
2024-12-04T15:00:00Z,34.27
2024-12-04T16:00:00Z,24.98
2024-12-04T17:00:00Z,22.48
2024-12-04T18:00:00Z,23.73
2024-12-04T19:00:00Z,21.255
2024-12-04T20:00:00Z,19.055
2024-12-04T21:00:00Z,19.98
2024-12-04T22:00:00Z,19.98
2024-12-04T23:00:00Z,17.48
2024-12-05T00:00:00Z,17.48
2024-12-05T01:00:00Z,17.48
2024-12-05T02:00:00Z,17.48
2024-12-05T03:00:00Z,17.48
2024-12-05T04:00:00Z,20.575
2024-12-05T05:00:00Z,21.17
2024-12-05T06:00:00Z,17.48
2024-12-05T07:00:00Z,17.92
2024-12-05T08:00:00Z,17.17
2024-12-05T09:00:00Z,17.17
2024-12-05T10:00:00Z,17.762
2024-12-05T11:00:00Z,20.86
2024-12-05T12:00:00Z,23.42
2024-12-05T13:00:00Z,29.67
2024-12-05T14:00:00Z,29.67
2024-12-05T15:00:00Z,25.562
2024-12-05T16:00:00Z,17.17
2024-12-05T17:00:00Z,16.57
2024-12-05T18:00:00Z,15.97
2024-12-05T19:00:00Z,15.375
2024-12-05T20:00:00Z,15.672
2024-12-05T21:00:00Z,15.345
2024-12-05T22:00:00Z,13.47
2024-12-05T23:00:00Z,13.47
2024-12-06T00:00:00Z,13.47
2024-12-06T01:00:00Z,13.47
2024-12-06T02:00:00Z,18.78
2024-12-06T03:00:00Z,20.03
2024-12-06T04:00:00Z,24.38
2024-12-06T05:00:00Z,25.93
2024-12-06T06:00:00Z,25.387
2024-12-06T07:00:00Z,25.387
2024-12-06T08:00:00Z,25.09
2024-12-06T09:00:00Z,25.09
2024-12-06T10:00:00Z,26.28
2024-12-06T11:00:00Z,40.78
2024-12-06T12:00:00Z,43.88
2024-12-06T13:00:00Z,48.23
2024-12-06T14:00:00Z,47.902
2024-12-06T15:00:00Z,48.795
2024-12-06T16:00:00Z,39.48
2024-12-06T17:00:00Z,30.755
2024-12-06T18:00:00Z,31.08
2024-12-06T19:00:00Z,16.88
2024-12-06T20:00:00Z,14.68
2024-12-06T21:00:00Z,16.855
2024-12-06T22:00:00Z,16.28
2024-12-06T23:00:00Z,16.28
2024-12-07T00:00:00Z,16.28
2024-12-07T01:00:00Z,16.28
2024-12-07T02:00:00Z,16.28
2024-12-07T03:00:00Z,16.28
2024-12-07T04:00:00Z,18.13
2024-12-07T05:00:00Z,20.655
2024-12-07T06:00:00Z,16.28
2024-12-07T07:00:00Z,16.935
2024-12-07T08:00:00Z,21.28
2024-12-07T09:00:00Z,20.983
2024-12-07T10:00:00Z,21.637
2024-12-07T11:00:00Z,26.28
2024-12-07T12:00:00Z,26.58
2024-12-07T13:00:00Z,27.48
2024-12-07T14:00:00Z,26.88
2024-12-07T15:00:00Z,29.355
2024-12-07T16:00:00Z,20.998
2024-12-07T17:00:00Z,19.67
2024-12-07T18:00:00Z,20.97
2024-12-07T19:00:00Z,20.375
2024-12-07T20:00:00Z,21.87
2024-12-07T21:00:00Z,24.045
2024-12-07T22:00:00Z,24.67
2024-12-07T23:00:00Z,24.67
2024-12-08T00:00:00Z,24.67
2024-12-08T01:00:00Z,24.67
2024-12-08T02:00:00Z,24.67
2024-12-08T03:00:00Z,25.92
2024-12-08T04:00:00Z,30.265
2024-12-08T05:00:00Z,30.235
2024-12-08T06:00:00Z,25.265
2024-12-08T07:00:00Z,24.968
2024-12-08T08:00:00Z,24.67
2024-12-08T09:00:00Z,24.015
2024-12-08T10:00:00Z,27.168
2024-12-08T11:00:00Z,25.97
2024-12-08T12:00:00Z,25.97
2024-12-08T13:00:00Z,26.57
2024-12-08T14:00:00Z,26.57
2024-12-08T15:00:00Z,20.97
2024-12-08T16:00:00Z,13.47
2024-12-08T17:00:00Z,14.095
2024-12-08T18:00:00Z,15.02
2024-12-08T19:00:00Z,12.82
2024-12-08T20:00:00Z,8.77
2024-12-08T21:00:00Z,11.545
2024-12-08T22:00:00Z,17.17
2024-12-08T23:00:00Z,17.17
2024-12-09T00:00:00Z,19.045
2024-12-09T01:00:00Z,19.67
2024-12-09T02:00:00Z,19.67
2024-12-09T03:00:00Z,19.67
2024-12-09T04:00:00Z,32.862
2024-12-09T05:00:00Z,35.935
2024-12-09T06:00:00Z,37.86
2024-12-09T07:00:00Z,36.968
2024-12-09T08:00:00Z,37.92
2024-12-09T09:00:00Z,39.17
2024-12-09T10:00:00Z,40.062
2024-12-09T11:00:00Z,41.26
2024-12-09T12:00:00Z,41.56
2024-12-09T13:00:00Z,43.135
2024-12-09T14:00:00Z,41.61
2024-12-09T15:00:00Z,35.188
2024-12-09T16:00:00Z,12.17
2024-12-09T17:00:00Z,7.17
2024-12-09T18:00:00Z,8.47
2024-12-09T19:00:00Z,8.173
2024-12-09T20:00:00Z,8.173
2024-12-09T21:00:00Z,10.345
2024-12-09T22:00:00Z,10.97
2024-12-09T23:00:00Z,10.97
2024-12-10T00:00:00Z,10.97
2024-12-10T01:00:00Z,10.97
2024-12-10T02:00:00Z,10.97
2024-12-10T03:00:00Z,12.22
2024-12-10T04:00:00Z,17.22
2024-12-10T05:00:00Z,17.845
2024-12-10T06:00:00Z,12.578
2024-12-10T07:00:00Z,17.82
2024-12-10T08:00:00Z,20.97
2024-12-10T09:00:00Z,21.895
2024-12-10T10:00:00Z,26.815
2024-12-10T11:00:00Z,34.56
2024-12-10T12:00:00Z,36.46
2024-12-10T13:00:00Z,34.64
2024-12-10T14:00:00Z,31.545
2024-12-10T15:00:00Z,23.12
2024-12-10T16:00:00Z,15.375
2024-12-10T17:00:00Z,12.28
2024-12-10T18:00:00Z,12.63
2024-12-10T19:00:00Z,11.08
2024-12-10T20:00:00Z,6.98
2024-12-10T21:00:00Z,9.155
2024-12-10T22:00:00Z,9.78
2024-12-10T23:00:00Z,9.78
2024-12-11T00:00:00Z,9.78
2024-12-11T01:00:00Z,9.78
2024-12-11T02:00:00Z,9.78
2024-12-11T03:00:00Z,9.78
2024-12-11T04:00:00Z,12.875
2024-12-11T05:00:00Z,12.905
2024-12-11T06:00:00Z,11.08
2024-12-11T07:00:00Z,13.283
2024-12-11T08:00:00Z,12.39
2024-12-11T09:00:00Z,13.88
2024-12-11T10:00:00Z,14.48
2024-12-11T11:00:00Z,17.523
2024-12-11T12:00:00Z,23.062
2024-12-11T13:00:00Z,27.11
2024-12-11T14:00:00Z,26.46
2024-12-11T15:00:00Z,22.413
2024-12-11T16:00:00Z,13.42
2024-12-11T17:00:00Z,9.67
2024-12-11T18:00:00Z,12.17
2024-12-11T19:00:00Z,11.245
2024-12-11T20:00:00Z,9.37
2024-12-11T21:00:00Z,11.545
2024-12-11T22:00:00Z,12.17
2024-12-11T23:00:00Z,12.17
2024-12-12T00:00:00Z,12.17
2024-12-12T01:00:00Z,12.17
2024-12-12T02:00:00Z,12.17
2024-12-12T03:00:00Z,17.17
2024-12-12T04:00:00Z,22.14
2024-12-12T05:00:00Z,20.345
2024-12-12T06:00:00Z,14.78
2024-12-12T07:00:00Z,20.348
2024-12-12T08:00:00Z,22.28
2024-12-12T09:00:00Z,23.175
2024-12-12T10:00:00Z,25.562
2024-12-12T11:00:00Z,28.31
2024-12-12T12:00:00Z,31.76
2024-12-12T13:00:00Z,33.935
2024-12-12T14:00:00Z,32.06
2024-12-12T15:00:00Z,31.815
2024-12-12T16:00:00Z,20.32
2024-12-12T17:00:00Z,18.77
2024-12-12T18:00:00Z,19.72
2024-12-12T19:00:00Z,17.875
2024-12-12T20:00:00Z,13.172
2024-12-12T21:00:00Z,14.72
2024-12-12T22:00:00Z,13.47
2024-12-12T23:00:00Z,16.125
2024-12-13T00:00:00Z,18.78
2024-12-13T01:00:00Z,18.78
2024-12-13T02:00:00Z,18.78
2024-12-13T03:00:00Z,18.78
2024-12-13T04:00:00Z,19.38
2024-12-13T05:00:00Z,20.005
2024-12-13T06:00:00Z,17.887
2024-12-13T07:00:00Z,20.875
2024-12-13T08:00:00Z,19.98
2024-12-13T09:00:00Z,20.277
2024-12-13T10:00:00Z,22.07
2024-12-13T11:00:00Z,36.87
2024-12-13T12:00:00Z,45.56
2024-12-13T13:00:00Z,45.943
2024-12-13T14:00:00Z,44.72
2024-12-13T15:00:00Z,46.597
2024-12-13T16:00:00Z,33.855
2024-12-13T17:00:00Z,25.402
2024-12-13T18:00:00Z,26.98
2024-12-13T19:00:00Z,14.38
2024-12-13T20:00:00Z,14.38
2024-12-13T21:00:00Z,13.0
2024-12-13T22:00:00Z,10.97
2024-12-13T23:00:00Z,10.97
2024-12-14T00:00:00Z,10.97
2024-12-14T01:00:00Z,10.97
2024-12-14T02:00:00Z,10.97
2024-12-14T03:00:00Z,14.72
2024-12-14T04:00:00Z,20.945
2024-12-14T05:00:00Z,21.545
2024-12-14T06:00:00Z,17.17
2024-12-14T07:00:00Z,19.668
2024-12-14T08:00:00Z,23.42
2024-12-14T09:00:00Z,25.863
2024-12-14T10:00:00Z,26.16
2024-12-14T11:00:00Z,27.11
2024-12-14T12:00:00Z,30.86
2024-12-14T13:00:00Z,29.61
2024-12-14T14:00:00Z,27.765
2024-12-14T15:00:00Z,28.445
2024-12-14T16:00:00Z,23.47
2024-12-14T17:00:00Z,22.905
2024-12-14T18:00:00Z,24.78
2024-12-14T19:00:00Z,22.93
2024-12-14T20:00:00Z,20.372
2024-12-14T21:00:00Z,22.845
2024-12-14T22:00:00Z,23.47
2024-12-14T23:00:00Z,23.47
2024-12-15T00:00:00Z,23.47
2024-12-15T01:00:00Z,23.47
2024-12-15T02:00:00Z,23.47
2024-12-15T03:00:00Z,25.345
2024-12-15T04:00:00Z,31.57
2024-12-15T05:00:00Z,31.545
2024-12-15T06:00:00Z,30.92
2024-12-15T07:00:00Z,32.17
2024-12-15T08:00:00Z,33.36
2024-12-15T09:00:00Z,31.785
2024-12-15T10:00:00Z,30.185
2024-12-15T11:00:00Z,28.42
2024-12-15T12:00:00Z,32.17
2024-12-15T13:00:00Z,33.145
2024-12-15T14:00:00Z,33.47
2024-12-15T15:00:00Z,30.97
2024-12-15T16:00:00Z,22.22
2024-12-15T17:00:00Z,20.97
2024-12-15T18:00:00Z,18.47
2024-12-15T19:00:00Z,16.57
2024-12-15T20:00:00Z,19.07
2024-12-15T21:00:00Z,23.42
2024-12-15T22:00:00Z,24.67
2024-12-15T23:00:00Z,24.67
2024-12-16T00:00:00Z,25.92
2024-12-16T01:00:00Z,27.17
2024-12-16T02:00:00Z,27.17
2024-12-16T03:00:00Z,28.42
2024-12-16T04:00:00Z,45.365
2024-12-16T05:00:00Z,46.285
2024-12-16T06:00:00Z,49.17
2024-12-16T07:00:00Z,48.27
2024-12-16T08:00:00Z,48.595
2024-12-16T09:00:00Z,50.77
2024-12-16T10:00:00Z,53.76
2024-12-16T11:00:00Z,54.06
2024-12-16T12:00:00Z,54.06
2024-12-16T13:00:00Z,54.74
2024-12-16T14:00:00Z,52.92
2024-12-16T15:00:00Z,50.745
2024-12-16T16:00:00Z,30.72
2024-12-16T17:00:00Z,17.28
2024-12-16T18:00:00Z,19.78
2024-12-16T19:00:00Z,16.68
2024-12-16T20:00:00Z,14.48
2024-12-16T21:00:00Z,14.155
2024-12-16T22:00:00Z,18.762
2024-12-16T23:00:00Z,20.09
2024-12-17T00:00:00Z,20.09
2024-12-17T01:00:00Z,16.107
2024-12-17T02:00:00Z,14.78
2024-12-17T03:00:00Z,14.78
2024-12-17T04:00:00Z,17.25
2024-12-17T05:00:00Z,16.655
2024-12-17T06:00:00Z,11.08
2024-12-17T07:00:00Z,13.855
2024-12-17T08:00:00Z,20.672
2024-12-17T09:00:00Z,21.895
2024-12-17T10:00:00Z,28.062
2024-12-17T11:00:00Z,33.36
2024-12-17T12:00:00Z,36.16
2024-12-17T13:00:00Z,34.64
2024-12-17T14:00:00Z,30.295
2024-12-17T15:00:00Z,23.773
2024-12-17T16:00:00Z,12.28
2024-12-17T17:00:00Z,6.08
2024-12-17T18:00:00Z,7.33
2024-12-17T19:00:00Z,5.782
2024-12-17T20:00:00Z,5.782
2024-12-17T21:00:00Z,7.33
2024-12-17T22:00:00Z,8.58
2024-12-17T23:00:00Z,8.58
2024-12-18T00:00:00Z,8.58
2024-12-18T01:00:00Z,8.58
2024-12-18T02:00:00Z,8.58
2024-12-18T03:00:00Z,9.83
2024-12-18T04:00:00Z,17.33
2024-12-18T05:00:00Z,24.205
2024-12-18T06:00:00Z,19.89
2024-12-18T07:00:00Z,22.39
2024-12-18T08:00:00Z,22.39
2024-12-18T09:00:00Z,22.985
2024-12-18T10:00:00Z,23.58
2024-12-18T11:00:00Z,24.83
2024-12-18T12:00:00Z,28.58
2024-12-18T13:00:00Z,37.305
2024-12-18T14:00:00Z,37.875
2024-12-18T15:00:00Z,35.047
2024-12-18T16:00:00Z,17.905
2024-12-18T17:00:00Z,12.28
2024-12-18T18:00:00Z,14.78
2024-12-18T19:00:00Z,13.5
2024-12-18T20:00:00Z,9.37
2024-12-18T21:00:00Z,9.72
2024-12-18T22:00:00Z,10.97
2024-12-18T23:00:00Z,10.97
2024-12-19T00:00:00Z,10.97
2024-12-19T01:00:00Z,10.97
2024-12-19T02:00:00Z,12.22
2024-12-19T03:00:00Z,13.47
2024-12-19T04:00:00Z,20.345
2024-12-19T05:00:00Z,18.255
2024-12-19T06:00:00Z,12.39
2024-12-19T07:00:00Z,17.63
2024-12-19T08:00:00Z,21.08
2024-12-19T09:00:00Z,21.68
2024-12-19T10:00:00Z,22.28
2024-12-19T11:00:00Z,23.53
2024-12-19T12:00:00Z,27.28
2024-12-19T13:00:00Z,26.655
2024-12-19T14:00:00Z,25.375
2024-12-19T15:00:00Z,25.672
2024-12-19T16:00:00Z,12.28
2024-12-19T17:00:00Z,13.47
2024-12-19T18:00:00Z,14.72
2024-12-19T19:00:00Z,13.47
2024-12-19T20:00:00Z,14.37
2024-12-19T21:00:00Z,15.295
2024-12-19T22:00:00Z,14.67
2024-12-19T23:00:00Z,14.67
2024-12-20T00:00:00Z,14.37
2024-12-20T01:00:00Z,13.47
2024-12-20T02:00:00Z,13.47
2024-12-20T03:00:00Z,17.22
2024-12-20T04:00:00Z,20.97
2024-12-20T05:00:00Z,19.505
2024-12-20T06:00:00Z,16.49
2024-12-20T07:00:00Z,18.582
2024-12-20T08:00:00Z,23.89
2024-12-20T09:00:00Z,23.89
2024-12-20T10:00:00Z,24.79
2024-12-20T11:00:00Z,39.59
2024-12-20T12:00:00Z,47.983
2024-12-20T13:00:00Z,47.685
2024-12-20T14:00:00Z,45.84
2024-12-20T15:00:00Z,48.693
2024-12-20T16:00:00Z,40.325
2024-12-20T17:00:00Z,25.95
2024-12-20T18:00:00Z,26.575
2024-12-20T19:00:00Z,13.95
2024-12-20T20:00:00Z,11.093
2024-12-20T21:00:00Z,9.66
2024-12-20T22:00:00Z,9.78
2024-12-20T23:00:00Z,9.78
2024-12-21T00:00:00Z,9.78
2024-12-21T01:00:00Z,9.78
2024-12-21T02:00:00Z,11.0
2024-12-21T03:00:00Z,13.47
2024-12-21T04:00:00Z,13.47
2024-12-21T05:00:00Z,15.375
2024-12-21T06:00:00Z,13.47
2024-12-21T07:00:00Z,14.37
2024-12-21T08:00:00Z,18.42
2024-12-21T09:00:00Z,22.17
2024-12-21T10:00:00Z,21.57
2024-12-21T11:00:00Z,20.97
2024-12-21T12:00:00Z,20.97
2024-12-21T13:00:00Z,19.72
2024-12-21T14:00:00Z,19.72
2024-12-21T15:00:00Z,17.875
2024-12-21T16:00:00Z,21.03
2024-12-21T17:00:00Z,22.28
2024-12-21T18:00:00Z,22.905
2024-12-21T19:00:00Z,24.78
2024-12-21T20:00:00Z,21.922
2024-12-21T21:00:00Z,18.47
2024-12-21T22:00:00Z,18.47
2024-12-21T23:00:00Z,18.47
2024-12-22T00:00:00Z,18.47
2024-12-22T01:00:00Z,18.47
2024-12-22T02:00:00Z,18.47
2024-12-22T03:00:00Z,20.97
2024-12-22T04:00:00Z,20.97
2024-12-22T05:00:00Z,22.25
2024-12-22T06:00:00Z,19.78
2024-12-22T07:00:00Z,21.573
2024-12-22T08:00:00Z,22.17
2024-12-22T09:00:00Z,19.67
2024-12-22T10:00:00Z,17.22
2024-12-22T11:00:00Z,17.28
2024-12-22T12:00:00Z,19.78
2024-12-22T13:00:00Z,20.755
2024-12-22T14:00:00Z,19.89
2024-12-22T15:00:00Z,22.39
2024-12-22T16:00:00Z,13.908
2024-12-22T17:00:00Z,13.58
2024-12-22T18:00:00Z,12.93
2024-12-22T19:00:00Z,11.655
2024-12-22T20:00:00Z,15.375
2024-12-22T21:00:00Z,18.47
2024-12-22T22:00:00Z,17.22
2024-12-22T23:00:00Z,15.97
2024-12-23T00:00:00Z,17.845
2024-12-23T01:00:00Z,20.345
2024-12-23T02:00:00Z,20.97
2024-12-23T03:00:00Z,22.22
2024-12-23T04:00:00Z,37.97
2024-12-23T05:00:00Z,39.845
2024-12-23T06:00:00Z,41.78
2024-12-23T07:00:00Z,42.672
2024-12-23T08:00:00Z,44.17
2024-12-23T09:00:00Z,44.17
2024-12-23T10:00:00Z,44.765
2024-12-23T11:00:00Z,45.36
2024-12-23T12:00:00Z,47.235
2024-12-23T13:00:00Z,49.14
2024-12-23T14:00:00Z,46.095
2024-12-23T15:00:00Z,42.47
2024-12-23T16:00:00Z,29.72
2024-12-23T17:00:00Z,25.97
2024-12-23T18:00:00Z,27.845
2024-12-23T19:00:00Z,27.22
2024-12-23T20:00:00Z,23.47
2024-12-23T21:00:00Z,25.655
2024-12-23T22:00:00Z,26.28
2024-12-23T23:00:00Z,26.28
2024-12-24T00:00:00Z,26.28
2024-12-24T01:00:00Z,26.28
2024-12-24T02:00:00Z,23.625
2024-12-24T03:00:00Z,18.47
2024-12-24T04:00:00Z,18.47
2024-12-24T05:00:00Z,15.405
2024-12-24T06:00:00Z,7.985
2024-12-24T07:00:00Z,7.39
2024-12-24T08:00:00Z,11.055
2024-12-24T09:00:00Z,12.28
2024-12-24T10:00:00Z,12.28
2024-12-24T11:00:00Z,12.93
2024-12-24T12:00:00Z,18.23
2024-12-24T13:00:00Z,20.405
2024-12-24T14:00:00Z,24.155
2024-12-24T15:00:00Z,21.68
2024-12-24T16:00:00Z,22.562
2024-12-24T17:00:00Z,27.64
2024-12-24T18:00:00Z,29.515
2024-12-24T19:00:00Z,28.89
2024-12-24T20:00:00Z,29.49
2024-12-24T21:00:00Z,31.965
2024-12-24T22:00:00Z,32.59
2024-12-24T23:00:00Z,32.59
2024-12-25T00:00:00Z,32.59
2024-12-25T01:00:00Z,32.59
2024-12-25T02:00:00Z,32.59
2024-12-25T03:00:00Z,33.84
2024-12-25T04:00:00Z,37.59
2024-12-25T05:00:00Z,41.34
2024-12-25T06:00:00Z,44.465
2024-12-25T07:00:00Z,47.59
2024-12-25T08:00:00Z,47.59
2024-12-25T09:00:00Z,46.965
2024-12-25T10:00:00Z,45.09
2024-12-25T11:00:00Z,45.09
2024-12-25T12:00:00Z,45.09
2024-12-25T13:00:00Z,50.09
2024-12-25T14:00:00Z,50.09
2024-12-25T15:00:00Z,48.215
2024-12-25T16:00:00Z,47.59
2024-12-25T17:00:00Z,47.59
2024-12-25T18:00:00Z,47.59
2024-12-25T19:00:00Z,47.59
2024-12-25T20:00:00Z,47.59
2024-12-25T21:00:00Z,47.59
2024-12-25T22:00:00Z,47.59
2024-12-25T23:00:00Z,47.59
2024-12-26T00:00:00Z,47.59
2024-12-26T01:00:00Z,47.59
2024-12-26T02:00:00Z,47.59
2024-12-26T03:00:00Z,47.59
2024-12-26T04:00:00Z,52.59
2024-12-26T05:00:00Z,50.765
2024-12-26T06:00:00Z,46.39
2024-12-26T07:00:00Z,47.29
2024-12-26T08:00:00Z,47.59
2024-12-26T09:00:00Z,47.59
2024-12-26T10:00:00Z,48.84
2024-12-26T11:00:00Z,50.09
2024-12-26T12:00:00Z,50.983
2024-12-26T13:00:00Z,52.53
2024-12-26T14:00:00Z,50.388
2024-12-26T15:00:00Z,48.84
2024-12-26T16:00:00Z,40.09
2024-12-26T17:00:00Z,40.715
2024-12-26T18:00:00Z,43.185
2024-12-26T19:00:00Z,42.53
2024-12-26T20:00:00Z,38.78
2024-12-26T21:00:00Z,40.03
2024-12-26T22:00:00Z,41.28
2024-12-26T23:00:00Z,41.28
2024-12-27T00:00:00Z,43.935
2024-12-27T01:00:00Z,46.59
2024-12-27T02:00:00Z,46.59
2024-12-27T03:00:00Z,46.59
2024-12-27T04:00:00Z,51.59
2024-12-27T05:00:00Z,50.39
2024-12-27T06:00:00Z,50.69
2024-12-27T07:00:00Z,52.483
2024-12-27T08:00:00Z,52.78
2024-12-27T09:00:00Z,53.98
2024-12-27T10:00:00Z,53.98
2024-12-27T11:00:00Z,65.98
2024-12-27T12:00:00Z,67.555
2024-12-27T13:00:00Z,63.83
2024-12-27T14:00:00Z,61.685
2024-12-27T15:00:00Z,62.34
2024-12-27T16:00:00Z,49.24
2024-12-27T17:00:00Z,41.468
2024-12-27T18:00:00Z,35.7
2024-12-27T19:00:00Z,26.7
2024-12-27T20:00:00Z,26.7
2024-12-27T21:00:00Z,22.95
2024-12-27T22:00:00Z,21.7
2024-12-27T23:00:00Z,21.7
2024-12-28T00:00:00Z,21.7
2024-12-28T01:00:00Z,21.7
2024-12-28T02:00:00Z,21.7
2024-12-28T03:00:00Z,22.95
2024-12-28T04:00:00Z,27.95
2024-12-28T05:00:00Z,33.575
2024-12-28T06:00:00Z,22.7
2024-12-28T07:00:00Z,24.79
2024-12-28T08:00:00Z,30.09
2024-12-28T09:00:00Z,30.09
2024-12-28T10:00:00Z,30.983
2024-12-28T11:00:00Z,32.53
2024-12-28T12:00:00Z,36.58
2024-12-28T13:00:00Z,38.73
2024-12-28T14:00:00Z,39.38
2024-12-28T15:00:00Z,39.435
2024-12-28T16:00:00Z,31.34
2024-12-28T17:00:00Z,28.84
2024-12-28T18:00:00Z,28.215
2024-12-28T19:00:00Z,28.84
2024-12-28T20:00:00Z,25.09
2024-12-28T21:00:00Z,26.34
2024-12-28T22:00:00Z,27.59
2024-12-28T23:00:00Z,27.59
2024-12-29T00:00:00Z,27.59
2024-12-29T01:00:00Z,27.59
2024-12-29T02:00:00Z,27.59
2024-12-29T03:00:00Z,27.59
2024-12-29T04:00:00Z,36.565
2024-12-29T05:00:00Z,37.265
2024-12-29T06:00:00Z,32.89
2024-12-29T07:00:00Z,34.983
2024-12-29T08:00:00Z,34.03
2024-12-29T09:00:00Z,32.78
2024-12-29T10:00:00Z,31.59
2024-12-29T11:00:00Z,36.59
2024-12-29T12:00:00Z,36.59
2024-12-29T13:00:00Z,35.69
2024-12-29T14:00:00Z,34.795
2024-12-29T15:00:00Z,36.075
2024-12-29T16:00:00Z,28.3
2024-12-29T17:00:00Z,28.0
2024-12-29T18:00:00Z,26.75
2024-12-29T19:00:00Z,24.2
2024-12-29T20:00:00Z,22.92
2024-12-29T21:00:00Z,22.89
2024-12-29T22:00:00Z,22.89
2024-12-29T23:00:00Z,22.89
2024-12-30T00:00:00Z,22.89
2024-12-30T01:00:00Z,22.89
2024-12-30T02:00:00Z,22.89
2024-12-30T03:00:00Z,24.14
2024-12-30T04:00:00Z,39.89
2024-12-30T05:00:00Z,45.79
2024-12-30T06:00:00Z,47.39
2024-12-30T07:00:00Z,48.885
2024-12-30T08:00:00Z,49.78
2024-12-30T09:00:00Z,49.78
2024-12-30T10:00:00Z,50.68
2024-12-30T11:00:00Z,50.98
2024-12-30T12:00:00Z,50.98
2024-12-30T13:00:00Z,52.855
2024-12-30T14:00:00Z,55.68
2024-12-30T15:00:00Z,53.385
2024-12-30T16:00:00Z,32.89
2024-12-30T17:00:00Z,32.89
2024-12-30T18:00:00Z,34.14
2024-12-30T19:00:00Z,36.64
2024-12-30T20:00:00Z,33.79
2024-12-30T21:00:00Z,31.59
2024-12-30T22:00:00Z,27.608
2024-12-30T23:00:00Z,25.03
2024-12-31T00:00:00Z,23.78
2024-12-31T01:00:00Z,23.78
2024-12-31T02:00:00Z,23.78
2024-12-31T03:00:00Z,23.78
2024-12-31T04:00:00Z,25.655
2024-12-31T05:00:00Z,25.09
2024-12-31T06:00:00Z,20.2
2024-12-31T07:00:00Z,22.4
2024-12-31T08:00:00Z,25.2
2024-12-31T09:00:00Z,25.497
2024-12-31T10:00:00Z,27.915
2024-12-31T11:00:00Z,33.84
2024-12-31T12:00:00Z,37.888
2024-12-31T13:00:00Z,34.465
2024-12-31T14:00:00Z,34.465
2024-12-31T15:00:00Z,30.09
2024-12-31T16:00:00Z,27.59
2024-12-31T17:00:00Z,23.215
2024-12-31T18:00:00Z,23.84
2024-12-31T19:00:00Z,22.59
2024-12-31T20:00:00Z,23.483
2024-12-31T21:00:00Z,23.78
2024-12-31T22:00:00Z,23.78
2024-12-31T23:00:00Z,23.78
2025-01-01T00:00:00Z,23.78
2025-01-01T01:00:00Z,26.28
2025-01-01T02:00:00Z,26.28
2025-01-01T03:00:00Z,26.28
2025-01-01T04:00:00Z,28.78
2025-01-01T05:00:00Z,29.405
2025-01-01T06:00:00Z,30.253
2025-01-01T07:00:00Z,28.062
2025-01-01T08:00:00Z,28.36
2025-01-01T09:00:00Z,28.36
2025-01-01T10:00:00Z,27.468
2025-01-01T11:00:00Z,27.17
2025-01-01T12:00:00Z,30.92
2025-01-01T13:00:00Z,31.57
2025-01-01T14:00:00Z,30.97
2025-01-01T15:00:00Z,33.078
2025-01-01T16:00:00Z,33.78
2025-01-01T17:00:00Z,33.78
2025-01-01T18:00:00Z,33.78
2025-01-01T19:00:00Z,33.78
2025-01-01T20:00:00Z,33.78
2025-01-01T21:00:00Z,33.78
2025-01-01T22:00:00Z,33.78
2025-01-01T23:00:00Z,33.78
2025-01-02T00:00:00Z,33.78
2025-01-02T01:00:00Z,33.78
2025-01-02T02:00:00Z,33.78
2025-01-02T03:00:00Z,35.03
2025-01-02T04:00:00Z,38.78
2025-01-02T05:00:00Z,42.89
2025-01-02T06:00:00Z,40.123
2025-01-02T07:00:00Z,42.593
2025-01-02T08:00:00Z,46.873
2025-01-02T09:00:00Z,48.2
2025-01-02T10:00:00Z,47.01
2025-01-02T11:00:00Z,47.01
2025-01-02T12:00:00Z,47.903
2025-01-02T13:00:00Z,48.2
2025-01-02T14:00:00Z,45.545
2025-01-02T15:00:00Z,39.14
2025-01-02T16:00:00Z,32.24
2025-01-02T17:00:00Z,36.59
2025-01-02T18:00:00Z,39.09
2025-01-02T19:00:00Z,37.84
2025-01-02T20:00:00Z,34.09
2025-01-02T21:00:00Z,31.59
2025-01-02T22:00:00Z,29.09
2025-01-02T23:00:00Z,33.072
2025-01-03T00:00:00Z,34.4
2025-01-03T01:00:00Z,34.4
2025-01-03T02:00:00Z,34.4
2025-01-03T03:00:00Z,34.4
2025-01-03T04:00:00Z,34.4
2025-01-03T05:00:00Z,38.51
2025-01-03T06:00:00Z,33.917
2025-01-03T07:00:00Z,34.513
2025-01-03T08:00:00Z,34.81
2025-01-03T09:00:00Z,34.81
2025-01-03T10:00:00Z,33.62
2025-01-03T11:00:00Z,48.745
2025-01-03T12:00:00Z,57.763
2025-01-03T13:00:00Z,56.81
2025-01-03T14:00:00Z,54.935
2025-01-03T15:00:00Z,50.335
2025-01-03T16:00:00Z,45.23
2025-01-03T17:00:00Z,36.153
2025-01-03T18:00:00Z,37.105
2025-01-03T19:00:00Z,25.7
2025-01-03T20:00:00Z,25.7
2025-01-03T21:00:00Z,21.718
2025-01-03T22:00:00Z,20.39
2025-01-03T23:00:00Z,20.39
2025-01-04T00:00:00Z,20.39
2025-01-04T01:00:00Z,20.39
2025-01-04T02:00:00Z,21.015
2025-01-04T03:00:00Z,24.14
2025-01-04T04:00:00Z,29.765
2025-01-04T05:00:00Z,29.795
2025-01-04T06:00:00Z,25.8
2025-01-04T07:00:00Z,26.4
2025-01-04T08:00:00Z,26.7
2025-01-04T09:00:00Z,26.7
2025-01-04T10:00:00Z,25.5
2025-01-04T11:00:00Z,25.5
2025-01-04T12:00:00Z,25.5
2025-01-04T13:00:00Z,25.5
2025-01-04T14:00:00Z,24.905
2025-01-04T15:00:00Z,24.31
2025-01-04T16:00:00Z,22.405
2025-01-04T17:00:00Z,23.0
2025-01-04T18:00:00Z,26.1
2025-01-04T19:00:00Z,25.45
2025-01-04T20:00:00Z,21.7
2025-01-04T21:00:00Z,21.7
2025-01-04T22:00:00Z,21.7
2025-01-04T23:00:00Z,21.7
2025-01-05T00:00:00Z,21.7
2025-01-05T01:00:00Z,21.7
2025-01-05T02:00:00Z,21.7
2025-01-05T03:00:00Z,23.575
2025-01-05T04:00:00Z,24.2
2025-01-05T05:00:00Z,24.2
2025-01-05T06:00:00Z,21.1
2025-01-05T07:00:00Z,22.593
2025-01-05T08:00:00Z,22.89
2025-01-05T09:00:00Z,22.593
2025-01-05T10:00:00Z,16.468
2025-01-05T11:00:00Z,21.7
2025-01-05T12:00:00Z,24.2
2025-01-05T13:00:00Z,26.075
2025-01-05T14:00:00Z,25.8
2025-01-05T15:00:00Z,30.5
2025-01-05T16:00:00Z,24.85
2025-01-05T17:00:00Z,24.825
2025-01-05T18:00:00Z,22.95
2025-01-05T19:00:00Z,21.7
2025-01-05T20:00:00Z,24.2
2025-01-05T21:00:00Z,24.2
2025-01-05T22:00:00Z,24.2
2025-01-05T23:00:00Z,24.2
2025-01-06T00:00:00Z,26.075
2025-01-06T01:00:00Z,26.7
2025-01-06T02:00:00Z,26.7
2025-01-06T03:00:00Z,27.95
2025-01-06T04:00:00Z,43.7
2025-01-06T05:00:00Z,44.95
2025-01-06T06:00:00Z,45.3
2025-01-06T07:00:00Z,45.9
2025-01-06T08:00:00Z,47.748
2025-01-06T09:00:00Z,49.295
2025-01-06T10:00:00Z,47.5
2025-01-06T11:00:00Z,47.5
2025-01-06T12:00:00Z,47.5
2025-01-06T13:00:00Z,50.0
2025-01-06T14:00:00Z,48.75
2025-01-06T15:00:00Z,43.25
2025-01-06T16:00:00Z,23.6
2025-01-06T17:00:00Z,22.325
2025-01-06T18:00:00Z,24.2
2025-01-06T19:00:00Z,25.605
2025-01-06T20:00:00Z,24.51
2025-01-06T21:00:00Z,23.2
2025-01-06T22:00:00Z,19.218
2025-01-06T23:00:00Z,17.89
2025-01-07T00:00:00Z,17.89
2025-01-07T01:00:00Z,17.89
2025-01-07T02:00:00Z,17.89
2025-01-07T03:00:00Z,17.89
2025-01-07T04:00:00Z,20.39
2025-01-07T05:00:00Z,20.39
2025-01-07T06:00:00Z,16.997
2025-01-07T07:00:00Z,17.593
2025-01-07T08:00:00Z,20.39
2025-01-07T09:00:00Z,20.39
2025-01-07T10:00:00Z,23.465
2025-01-07T11:00:00Z,25.99
2025-01-07T12:00:00Z,25.39
2025-01-07T13:00:00Z,25.42
2025-01-07T14:00:00Z,22.325
2025-01-07T15:00:00Z,18.6
2025-01-07T16:00:00Z,15.203
2025-01-07T17:00:00Z,15.5
2025-01-07T18:00:00Z,16.75
2025-01-07T19:00:00Z,15.5
2025-01-07T20:00:00Z,15.5
2025-01-07T21:00:00Z,17.375
2025-01-07T22:00:00Z,18.0
2025-01-07T23:00:00Z,18.0
2025-01-08T00:00:00Z,18.0
2025-01-08T01:00:00Z,18.0
2025-01-08T02:00:00Z,18.0
2025-01-08T03:00:00Z,19.25
2025-01-08T04:00:00Z,24.875
2025-01-08T05:00:00Z,26.185
2025-01-08T06:00:00Z,23.418
2025-01-08T07:00:00Z,26.81
2025-01-08T08:00:00Z,26.81
2025-01-08T09:00:00Z,26.81
2025-01-08T10:00:00Z,28.0
2025-01-08T11:00:00Z,28.0
2025-01-08T12:00:00Z,28.9
2025-01-08T13:00:00Z,34.2
2025-01-08T14:00:00Z,34.2
2025-01-08T15:00:00Z,33.6
2025-01-08T16:00:00Z,27.975
2025-01-08T17:00:00Z,23.575
2025-01-08T18:00:00Z,24.2
2025-01-08T19:00:00Z,23.575
2025-01-08T20:00:00Z,16.7
2025-01-08T21:00:00Z,18.575
2025-01-08T22:00:00Z,19.2
2025-01-08T23:00:00Z,19.2
2025-01-09T00:00:00Z,19.2
2025-01-09T01:00:00Z,19.2
2025-01-09T02:00:00Z,19.825
2025-01-09T03:00:00Z,21.7
2025-01-09T04:00:00Z,24.2
2025-01-09T05:00:00Z,23.0
2025-01-09T06:00:00Z,19.607
2025-01-09T07:00:00Z,16.06
2025-01-09T08:00:00Z,17.965
2025-01-09T09:00:00Z,20.918
2025-01-09T10:00:00Z,21.81
2025-01-09T11:00:00Z,21.81
2025-01-09T12:00:00Z,22.703
2025-01-09T13:00:00Z,22.375
2025-01-09T14:00:00Z,20.5
2025-01-09T15:00:00Z,23.0
2025-01-09T16:00:00Z,24.225
2025-01-09T17:00:00Z,24.825
2025-01-09T18:00:00Z,25.45
2025-01-09T19:00:00Z,25.8
2025-01-09T20:00:00Z,25.5
2025-01-09T21:00:00Z,20.5
2025-01-09T22:00:00Z,23.0
2025-01-09T23:00:00Z,25.655
2025-01-10T00:00:00Z,28.31
2025-01-10T01:00:00Z,28.31
2025-01-10T02:00:00Z,28.31
2025-01-10T03:00:00Z,32.06
2025-01-10T04:00:00Z,35.81
2025-01-10T05:00:00Z,37.275
2025-01-10T06:00:00Z,36.83
2025-01-10T07:00:00Z,38.322
2025-01-10T08:00:00Z,38.62
2025-01-10T09:00:00Z,38.62
2025-01-10T10:00:00Z,37.43
2025-01-10T11:00:00Z,51.305
2025-01-10T12:00:00Z,57.822
2025-01-10T13:00:00Z,55.62
2025-01-10T14:00:00Z,54.37
2025-01-10T15:00:00Z,54.995
2025-01-10T16:00:00Z,52.465
2025-01-10T17:00:00Z,43.06
2025-01-10T18:00:00Z,44.31
2025-01-10T19:00:00Z,31.06
2025-01-10T20:00:00Z,27.31
2025-01-10T21:00:00Z,24.585
2025-01-10T22:00:00Z,27.01
2025-01-10T23:00:00Z,27.01
2025-01-11T00:00:00Z,27.01
2025-01-11T01:00:00Z,27.01
2025-01-11T02:00:00Z,27.635
2025-01-11T03:00:00Z,29.51
2025-01-11T04:00:00Z,31.385
2025-01-11T05:00:00Z,30.76
2025-01-11T06:00:00Z,23.61
2025-01-11T07:00:00Z,24.21
2025-01-11T08:00:00Z,24.51
2025-01-11T09:00:00Z,27.01
2025-01-11T10:00:00Z,25.81
2025-01-11T11:00:00Z,25.81
2025-01-11T12:00:00Z,25.81
2025-01-11T13:00:00Z,23.935
2025-01-11T14:00:00Z,22.418
2025-01-11T15:00:00Z,22.12
2025-01-11T16:00:00Z,22.715
2025-01-11T17:00:00Z,23.935
2025-01-11T18:00:00Z,25.81
2025-01-11T19:00:00Z,25.81
2025-01-11T20:00:00Z,25.81
2025-01-11T21:00:00Z,28.31
2025-01-11T22:00:00Z,30.81
2025-01-11T23:00:00Z,30.81
2025-01-12T00:00:00Z,30.81
2025-01-12T01:00:00Z,32.01
2025-01-12T02:00:00Z,32.01
2025-01-12T03:00:00Z,35.76
2025-01-12T04:00:00Z,39.51
2025-01-12T05:00:00Z,39.51
2025-01-12T06:00:00Z,36.715
2025-01-12T07:00:00Z,38.21
2025-01-12T08:00:00Z,38.51
2025-01-12T09:00:00Z,37.61
2025-01-12T10:00:00Z,36.335
2025-01-12T11:00:00Z,34.81
2025-01-12T12:00:00Z,34.81
2025-01-12T13:00:00Z,35.495
2025-01-12T14:00:00Z,36.12
2025-01-12T15:00:00Z,39.87
2025-01-12T16:00:00Z,38.62
2025-01-12T17:00:00Z,39.84
2025-01-12T18:00:00Z,38.56
2025-01-12T19:00:00Z,28.26
2025-01-12T20:00:00Z,24.51
2025-01-12T21:00:00Z,28.26
2025-01-12T22:00:00Z,34.51
2025-01-12T23:00:00Z,34.51
2025-01-13T00:00:00Z,36.385
2025-01-13T01:00:00Z,37.01
2025-01-13T02:00:00Z,37.01
2025-01-13T03:00:00Z,37.01
2025-01-13T04:00:00Z,49.01
2025-01-13T05:00:00Z,47.76
2025-01-13T06:00:00Z,42.955
2025-01-13T07:00:00Z,40.0
2025-01-13T08:00:00Z,41.25
2025-01-13T09:00:00Z,42.5
2025-01-13T10:00:00Z,43.4
2025-01-13T11:00:00Z,43.7
2025-01-13T12:00:00Z,43.7
2025-01-13T13:00:00Z,44.975
2025-01-13T14:00:00Z,43.75
2025-01-13T15:00:00Z,32.25
2025-01-13T16:00:00Z,21.1
2025-01-13T17:00:00Z,16.7
2025-01-13T18:00:00Z,19.2
2025-01-13T19:00:00Z,19.2
2025-01-13T20:00:00Z,19.2
2025-01-13T21:00:00Z,22.95
2025-01-13T22:00:00Z,29.51
2025-01-13T23:00:00Z,29.51
2025-01-14T00:00:00Z,26.855
2025-01-14T01:00:00Z,24.2
2025-01-14T02:00:00Z,24.2
2025-01-14T03:00:00Z,25.45
2025-01-14T04:00:00Z,31.075
2025-01-14T05:00:00Z,30.45
2025-01-14T06:00:00Z,23.002
2025-01-14T07:00:00Z,22.703
2025-01-14T08:00:00Z,26.7
2025-01-14T09:00:00Z,26.7
2025-01-14T10:00:00Z,27.325
2025-01-14T11:00:00Z,29.2
2025-01-14T12:00:00Z,29.2
2025-01-14T13:00:00Z,28.6
2025-01-14T14:00:00Z,26.75
2025-01-14T15:00:00Z,25.5
2025-01-14T16:00:00Z,23.3
2025-01-14T17:00:00Z,23.0
2025-01-14T18:00:00Z,21.75
2025-01-14T19:00:00Z,19.25
2025-01-14T20:00:00Z,15.5
2025-01-14T21:00:00Z,16.75
2025-01-14T22:00:00Z,20.5
2025-01-14T23:00:00Z,20.5
2025-01-15T00:00:00Z,20.5
2025-01-15T01:00:00Z,20.5
2025-01-15T02:00:00Z,20.5
2025-01-15T03:00:00Z,20.5
2025-01-15T04:00:00Z,20.5
2025-01-15T05:00:00Z,19.31
2025-01-15T06:00:00Z,18.418
2025-01-15T07:00:00Z,21.512
2025-01-15T08:00:00Z,21.81
2025-01-15T09:00:00Z,21.81
2025-01-15T10:00:00Z,20.62
2025-01-15T11:00:00Z,20.62
2025-01-15T12:00:00Z,21.512
2025-01-15T13:00:00Z,27.435
2025-01-15T14:00:00Z,26.81
2025-01-15T15:00:00Z,26.81
2025-01-15T16:00:00Z,19.905
2025-01-15T17:00:00Z,15.5
2025-01-15T18:00:00Z,15.5
2025-01-15T19:00:00Z,14.875
2025-01-15T20:00:00Z,13.0
2025-01-15T21:00:00Z,16.75
2025-01-15T22:00:00Z,18.0
2025-01-15T23:00:00Z,18.0
2025-01-16T00:00:00Z,18.0
2025-01-16T01:00:00Z,18.0
2025-01-16T02:00:00Z,18.625
2025-01-16T03:00:00Z,21.75
2025-01-16T04:00:00Z,27.375
2025-01-16T05:00:00Z,25.56
2025-01-16T06:00:00Z,20.918
2025-01-16T07:00:00Z,22.495
2025-01-16T08:00:00Z,25.77
2025-01-16T09:00:00Z,29.02
2025-01-16T10:00:00Z,29.62
2025-01-16T11:00:00Z,29.62
2025-01-16T12:00:00Z,30.215
2025-01-16T13:00:00Z,30.185
2025-01-16T14:00:00Z,28.31
2025-01-16T15:00:00Z,30.81
2025-01-16T16:00:00Z,31.41
2025-01-16T17:00:00Z,30.81
2025-01-16T18:00:00Z,29.56
2025-01-16T19:00:00Z,27.06
2025-01-16T20:00:00Z,23.31
2025-01-16T21:00:00Z,33.62
2025-01-16T22:00:00Z,36.12
2025-01-16T23:00:00Z,36.12
2025-01-17T00:00:00Z,34.792
2025-01-17T01:00:00Z,30.81
2025-01-17T02:00:00Z,30.81
2025-01-17T03:00:00Z,30.81
2025-01-17T04:00:00Z,30.81
2025-01-17T05:00:00Z,29.62
2025-01-17T06:00:00Z,28.72
2025-01-17T07:00:00Z,29.62
2025-01-17T08:00:00Z,29.62
2025-01-17T09:00:00Z,29.62
2025-01-17T10:00:00Z,29.62
2025-01-17T11:00:00Z,42.245
2025-01-17T12:00:00Z,49.06
2025-01-17T13:00:00Z,49.06
2025-01-17T14:00:00Z,48.435
2025-01-17T15:00:00Z,49.06
2025-01-17T16:00:00Z,47.16
2025-01-17T17:00:00Z,37.76
2025-01-17T18:00:00Z,33.51
2025-01-17T19:00:00Z,19.51
2025-01-17T20:00:00Z,19.51
2025-01-17T21:00:00Z,22.01
2025-01-17T22:00:00Z,24.51
2025-01-17T23:00:00Z,24.51
2025-01-18T00:00:00Z,24.51
2025-01-18T01:00:00Z,24.51
2025-01-18T02:00:00Z,24.51
2025-01-18T03:00:00Z,27.635
2025-01-18T04:00:00Z,34.51
2025-01-18T05:00:00Z,33.26
2025-01-18T06:00:00Z,28.61
2025-01-18T07:00:00Z,30.402
2025-01-18T08:00:00Z,35.025
2025-01-18T09:00:00Z,39.4
2025-01-18T10:00:00Z,38.2
2025-01-18T11:00:00Z,37.903
2025-01-18T12:00:00Z,37.01
2025-01-18T13:00:00Z,35.682
2025-01-18T14:00:00Z,30.8
2025-01-18T15:00:00Z,31.1
2025-01-18T16:00:00Z,32.295
2025-01-18T17:00:00Z,32.89
2025-01-18T18:00:00Z,38.2
2025-01-18T19:00:00Z,38.2
2025-01-18T20:00:00Z,38.2
2025-01-18T21:00:00Z,41.95
2025-01-18T22:00:00Z,43.2
2025-01-18T23:00:00Z,43.2
2025-01-19T00:00:00Z,43.2
2025-01-19T01:00:00Z,43.2
2025-01-19T02:00:00Z,43.2
2025-01-19T03:00:00Z,43.2
2025-01-19T04:00:00Z,43.2
2025-01-19T05:00:00Z,41.95
2025-01-19T06:00:00Z,36.355
2025-01-19T07:00:00Z,34.1
2025-01-19T08:00:00Z,34.4
2025-01-19T09:00:00Z,33.5
2025-01-19T10:00:00Z,30.598
2025-01-19T11:00:00Z,32.968
2025-01-19T12:00:00Z,40.7
2025-01-19T13:00:00Z,41.385
2025-01-19T14:00:00Z,40.515
2025-01-19T15:00:00Z,43.37
2025-01-19T16:00:00Z,37.12
2025-01-19T17:00:00Z,37.715
2025-01-19T18:00:00Z,34.56
2025-01-19T19:00:00Z,29.56
2025-01-19T20:00:00Z,25.81
2025-01-19T21:00:00Z,29.56
2025-01-19T22:00:00Z,30.81
2025-01-19T23:00:00Z,30.81
2025-01-20T00:00:00Z,32.685
2025-01-20T01:00:00Z,35.185
2025-01-20T02:00:00Z,35.81
2025-01-20T03:00:00Z,35.185
2025-01-20T04:00:00Z,47.91
2025-01-20T05:00:00Z,50.26
2025-01-20T06:00:00Z,50.61
2025-01-20T07:00:00Z,48.555
2025-01-20T08:00:00Z,51.432
2025-01-20T09:00:00Z,54.01
2025-01-20T10:00:00Z,52.81
2025-01-20T11:00:00Z,52.81
2025-01-20T12:00:00Z,52.81
2025-01-20T13:00:00Z,54.685
2025-01-20T14:00:00Z,54.06
2025-01-20T15:00:00Z,45.56
2025-01-20T16:00:00Z,33.91
2025-01-20T17:00:00Z,32.01
2025-01-20T18:00:00Z,32.01
2025-01-20T19:00:00Z,28.91
2025-01-20T20:00:00Z,25.81
2025-01-20T21:00:00Z,28.31
2025-01-20T22:00:00Z,28.31
2025-01-20T23:00:00Z,28.31
2025-01-21T00:00:00Z,28.31
2025-01-21T01:00:00Z,28.31
2025-01-21T02:00:00Z,28.31
2025-01-21T03:00:00Z,28.31
2025-01-21T04:00:00Z,30.785
2025-01-21T05:00:00Z,29.56
2025-01-21T06:00:00Z,25.215
2025-01-21T07:00:00Z,27.06
2025-01-21T08:00:00Z,28.61
2025-01-21T09:00:00Z,29.51
2025-01-21T10:00:00Z,30.76
2025-01-21T11:00:00Z,37.01
2025-01-21T12:00:00Z,40.403
2025-01-21T13:00:00Z,41.95
2025-01-21T14:00:00Z,38.825
2025-01-21T15:00:00Z,35.7
2025-01-21T16:00:00Z,29.75
2025-01-21T17:00:00Z,27.308
2025-01-21T18:00:00Z,25.76
2025-01-21T19:00:00Z,23.91
2025-01-21T20:00:00Z,23.31
2025-01-21T21:00:00Z,25.81
2025-01-21T22:00:00Z,28.31
2025-01-21T23:00:00Z,28.31
2025-01-22T00:00:00Z,28.31
2025-01-22T01:00:00Z,28.31
2025-01-22T02:00:00Z,28.31
2025-01-22T03:00:00Z,29.56
2025-01-22T04:00:00Z,36.41
2025-01-22T05:00:00Z,38.26
2025-01-22T06:00:00Z,36.11
2025-01-22T07:00:00Z,39.21
2025-01-22T08:00:00Z,40.403
2025-01-22T09:00:00Z,40.7
2025-01-22T10:00:00Z,39.51
2025-01-22T11:00:00Z,39.51
2025-01-22T12:00:00Z,39.51
2025-01-22T13:00:00Z,43.26
2025-01-22T14:00:00Z,44.51
2025-01-22T15:00:00Z,42.635
2025-01-22T16:00:00Z,36.355
2025-01-22T17:00:00Z,28.2
2025-01-22T18:00:00Z,28.2
2025-01-22T19:00:00Z,23.285
2025-01-22T20:00:00Z,18.31
2025-01-22T21:00:00Z,23.31
2025-01-22T22:00:00Z,23.31
2025-01-22T23:00:00Z,23.31
2025-01-23T00:00:00Z,23.31
2025-01-23T01:00:00Z,23.31
2025-01-23T02:00:00Z,23.935
2025-01-23T03:00:00Z,25.81
2025-01-23T04:00:00Z,28.285
2025-01-23T05:00:00Z,27.06
2025-01-23T06:00:00Z,23.31
2025-01-23T07:00:00Z,25.227
2025-01-23T08:00:00Z,24.2
2025-01-23T09:00:00Z,25.093
2025-01-23T10:00:00Z,25.39
2025-01-23T11:00:00Z,26.997
2025-01-23T12:00:00Z,29.795
2025-01-23T13:00:00Z,31.015
2025-01-23T14:00:00Z,35.7
2025-01-23T15:00:00Z,35.7
2025-01-23T16:00:00Z,28.203
2025-01-23T17:00:00Z,27.01
2025-01-23T18:00:00Z,26.385
2025-01-23T19:00:00Z,23.91
2025-01-23T20:00:00Z,23.31
2025-01-23T21:00:00Z,29.56
2025-01-23T22:00:00Z,27.06
2025-01-23T23:00:00Z,25.81
2025-01-24T00:00:00Z,25.81
2025-01-24T01:00:00Z,25.81
2025-01-24T02:00:00Z,25.81
2025-01-24T03:00:00Z,27.06
2025-01-24T04:00:00Z,31.41
2025-01-24T05:00:00Z,31.41
2025-01-24T06:00:00Z,32.008
2025-01-24T07:00:00Z,31.445
2025-01-24T08:00:00Z,28.49
2025-01-24T09:00:00Z,27.89
2025-01-24T10:00:00Z,26.7
2025-01-24T11:00:00Z,39.95
2025-01-24T12:00:00Z,42.093
2025-01-24T13:00:00Z,41.14
2025-01-24T14:00:00Z,43.17
2025-01-24T15:00:00Z,46.45
2025-01-24T16:00:00Z,43.3
2025-01-24T17:00:00Z,38.6
2025-01-24T18:00:00Z,34.7
2025-01-24T19:00:00Z,23.855
2025-01-24T20:00:00Z,19.51
2025-01-24T21:00:00Z,23.26
2025-01-24T22:00:00Z,24.51
2025-01-24T23:00:00Z,24.51
2025-01-25T00:00:00Z,24.51
2025-01-25T01:00:00Z,24.51
2025-01-25T02:00:00Z,25.135
2025-01-25T03:00:00Z,27.01
2025-01-25T04:00:00Z,30.105
2025-01-25T05:00:00Z,29.75
2025-01-25T06:00:00Z,26.3
2025-01-25T07:00:00Z,25.137
2025-01-25T08:00:00Z,22.78
2025-01-25T09:00:00Z,23.98
2025-01-25T10:00:00Z,23.08
2025-01-25T11:00:00Z,25.28
2025-01-25T12:00:00Z,27.78
2025-01-25T13:00:00Z,27.155
2025-01-25T14:00:00Z,23.788
2025-01-25T15:00:00Z,23.79
2025-01-25T16:00:00Z,19.685
2025-01-25T17:00:00Z,19.09
2025-01-25T18:00:00Z,19.09
2025-01-25T19:00:00Z,18.49
2025-01-25T20:00:00Z,17.89
2025-01-25T21:00:00Z,22.89
2025-01-25T22:00:00Z,22.89
2025-01-25T23:00:00Z,22.89
2025-01-26T00:00:00Z,22.89
2025-01-26T01:00:00Z,22.89
2025-01-26T02:00:00Z,22.89
2025-01-26T03:00:00Z,25.39
2025-01-26T04:00:00Z,30.99
2025-01-26T05:00:00Z,30.34
2025-01-26T06:00:00Z,26.288
2025-01-26T07:00:00Z,28.68
2025-01-26T08:00:00Z,29.873
2025-01-26T09:00:00Z,29.277
2025-01-26T10:00:00Z,29.575
2025-01-26T11:00:00Z,28.98
2025-01-26T12:00:00Z,28.98
2025-01-26T13:00:00Z,29.655
2025-01-26T14:00:00Z,29.983
2025-01-26T15:00:00Z,32.84
2025-01-26T16:00:00Z,31.59
2025-01-26T17:00:00Z,32.185
2025-01-26T18:00:00Z,27.78
2025-01-26T19:00:00Z,23.435
2025-01-26T20:00:00Z,19.09
2025-01-26T21:00:00Z,26.59
2025-01-26T22:00:00Z,29.09
2025-01-26T23:00:00Z,29.09
2025-01-27T00:00:00Z,30.965
2025-01-27T01:00:00Z,31.59
2025-01-27T02:00:00Z,31.59
2025-01-27T03:00:00Z,31.59
2025-01-27T04:00:00Z,44.185
2025-01-27T05:00:00Z,47.28
2025-01-27T06:00:00Z,48.888
2025-01-27T07:00:00Z,48.157
2025-01-27T08:00:00Z,51.03
2025-01-27T09:00:00Z,52.28
2025-01-27T10:00:00Z,51.09
2025-01-27T11:00:00Z,51.09
2025-01-27T12:00:00Z,52.418
2025-01-27T13:00:00Z,58.275
2025-01-27T14:00:00Z,57.65
2025-01-27T15:00:00Z,51.525
2025-01-27T16:00:00Z,35.293
2025-01-27T17:00:00Z,29.098
2025-01-27T18:00:00Z,28.2
2025-01-27T19:00:00Z,27.605
2025-01-27T20:00:00Z,27.01
2025-01-27T21:00:00Z,27.01
2025-01-27T22:00:00Z,24.51
2025-01-27T23:00:00Z,24.51
2025-01-28T00:00:00Z,24.51
2025-01-28T01:00:00Z,24.51
2025-01-28T02:00:00Z,24.51
2025-01-28T03:00:00Z,25.76
2025-01-28T04:00:00Z,32.605
2025-01-28T05:00:00Z,30.76
2025-01-28T06:00:00Z,25.812
2025-01-28T07:00:00Z,26.71
2025-01-28T08:00:00Z,27.902
2025-01-28T09:00:00Z,28.2
2025-01-28T10:00:00Z,30.7
2025-01-28T11:00:00Z,32.307
2025-01-28T12:00:00Z,33.2
2025-01-28T13:00:00Z,36.3
2025-01-28T14:00:00Z,35.025
2025-01-28T15:00:00Z,31.9
2025-01-28T16:00:00Z,29.995
2025-01-28T17:00:00Z,29.1
2025-01-28T18:00:00Z,28.15
2025-01-28T19:00:00Z,23.8
2025-01-28T20:00:00Z,20.7
2025-01-28T21:00:00Z,24.45
2025-01-28T22:00:00Z,25.7
2025-01-28T23:00:00Z,25.7
2025-01-29T00:00:00Z,25.7
2025-01-29T01:00:00Z,25.7
2025-01-29T02:00:00Z,25.7
2025-01-29T03:00:00Z,25.7
2025-01-29T04:00:00Z,28.175
2025-01-29T05:00:00Z,30.947
2025-01-29T06:00:00Z,29.697
2025-01-29T07:00:00Z,34.288
2025-01-29T08:00:00Z,35.48
2025-01-29T09:00:00Z,35.48
2025-01-29T10:00:00Z,34.29
2025-01-29T11:00:00Z,36.79
2025-01-29T12:00:00Z,39.29
2025-01-29T13:00:00Z,44.915
2025-01-29T14:00:00Z,43.69
2025-01-29T15:00:00Z,41.215
2025-01-29T16:00:00Z,30.89
2025-01-29T17:00:00Z,25.59
2025-01-29T18:00:00Z,25.59
2025-01-29T19:00:00Z,24.07
2025-01-29T20:00:00Z,20.7
2025-01-29T21:00:00Z,23.2
2025-01-29T22:00:00Z,25.7
2025-01-29T23:00:00Z,25.7
2025-01-30T00:00:00Z,25.7
2025-01-30T01:00:00Z,25.7
2025-01-30T02:00:00Z,26.325
2025-01-30T03:00:00Z,30.7
2025-01-30T04:00:00Z,35.675
2025-01-30T05:00:00Z,35.65
2025-01-30T06:00:00Z,31.0
2025-01-30T07:00:00Z,24.067
2025-01-30T08:00:00Z,20.09
2025-01-30T09:00:00Z,20.983
2025-01-30T10:00:00Z,21.28
2025-01-30T11:00:00Z,21.28
2025-01-30T12:00:00Z,21.28
2025-01-30T13:00:00Z,21.28
2025-01-30T14:00:00Z,21.28
2025-01-30T15:00:00Z,21.28
2025-01-30T16:00:00Z,19.08
2025-01-30T17:00:00Z,18.78
2025-01-30T18:00:00Z,17.53
2025-01-30T19:00:00Z,14.435
2025-01-30T20:00:00Z,12.59
2025-01-30T21:00:00Z,20.09
2025-01-30T22:00:00Z,22.59
2025-01-30T23:00:00Z,22.59
2025-01-31T00:00:00Z,18.84
2025-01-31T01:00:00Z,17.59
2025-01-31T02:00:00Z,17.59
2025-01-31T03:00:00Z,17.59
2025-01-31T04:00:00Z,18.185
2025-01-31T05:00:00Z,17.59
2025-01-31T06:00:00Z,18.185
2025-01-31T07:00:00Z,19.68
2025-01-31T08:00:00Z,19.98
2025-01-31T09:00:00Z,19.98
2025-01-31T10:00:00Z,18.78
2025-01-31T11:00:00Z,33.28
2025-01-31T12:00:00Z,38.555
2025-01-31T13:00:00Z,38.23
2025-01-31T14:00:00Z,37.605
2025-01-31T15:00:00Z,38.23
2025-01-31T16:00:00Z,31.325
2025-01-31T17:00:00Z,24.48
2025-01-31T18:00:00Z,23.28
2025-01-31T19:00:00Z,13.685
2025-01-31T20:00:00Z,10.09
2025-01-31T21:00:00Z,12.59
2025-01-31T22:00:00Z,15.09
2025-01-31T23:00:00Z,15.09
2025-02-01T00:00:00Z,15.09
2025-02-01T01:00:00Z,15.09
2025-02-01T02:00:00Z,15.715
2025-02-01T03:00:00Z,18.84
2025-02-01T04:00:00Z,25.685
2025-02-01T05:00:00Z,28.84
2025-02-01T06:00:00Z,23.892
2025-02-01T07:00:00Z,26.883
2025-02-01T08:00:00Z,32.48
2025-02-01T09:00:00Z,33.373
2025-02-01T10:00:00Z,32.48
2025-02-01T11:00:00Z,32.48
2025-02-01T12:00:00Z,32.18
2025-02-01T13:00:00Z,30.605
2025-02-01T14:00:00Z,28.785
2025-02-01T15:00:00Z,26.935
2025-02-01T16:00:00Z,26.88
2025-02-01T17:00:00Z,26.28
2025-02-01T18:00:00Z,26.28
2025-02-01T19:00:00Z,24.435
2025-02-01T20:00:00Z,20.983
2025-02-01T21:00:00Z,26.28
2025-02-01T22:00:00Z,26.28
2025-02-01T23:00:00Z,26.28
2025-02-02T00:00:00Z,26.28
2025-02-02T01:00:00Z,26.28
2025-02-02T02:00:00Z,26.905
2025-02-02T03:00:00Z,28.78
2025-02-02T04:00:00Z,34.38
2025-02-02T05:00:00Z,33.73
2025-02-02T06:00:00Z,29.678
2025-02-02T07:00:00Z,32.07
2025-02-02T08:00:00Z,33.56
2025-02-02T09:00:00Z,30.818
2025-02-02T10:00:00Z,32.665
2025-02-02T11:00:00Z,34.87
2025-02-02T12:00:00Z,29.87
2025-02-02T13:00:00Z,30.575
2025-02-02T14:00:00Z,29.98
2025-02-02T15:00:00Z,32.48
2025-02-02T16:00:00Z,22.48
2025-02-02T17:00:00Z,23.075
2025-02-02T18:00:00Z,19.92
2025-02-02T19:00:00Z,15.575
2025-02-02T20:00:00Z,15.575
2025-02-02T21:00:00Z,23.67
2025-02-02T22:00:00Z,26.17
2025-02-02T23:00:00Z,26.17
2025-02-03T00:00:00Z,28.045
2025-02-03T01:00:00Z,28.67
2025-02-03T02:00:00Z,43.17
2025-02-03T03:00:00Z,46.92
2025-02-03T04:00:00Z,63.568
2025-02-03T05:00:00Z,63.81
2025-02-03T06:00:00Z,64.168
2025-02-03T07:00:00Z,63.87
2025-02-03T08:00:00Z,65.12
2025-02-03T09:00:00Z,65.77
2025-02-03T10:00:00Z,65.17
2025-02-03T11:00:00Z,65.17
2025-02-03T12:00:00Z,65.17
2025-02-03T13:00:00Z,66.45
2025-02-03T14:00:00Z,65.23
2025-02-03T15:00:00Z,53.73
2025-02-03T16:00:00Z,33.075
2025-02-03T17:00:00Z,30.277
2025-02-03T18:00:00Z,29.98
2025-02-03T19:00:00Z,28.43
2025-02-03T20:00:00Z,24.68
2025-02-03T21:00:00Z,23.73
2025-02-03T22:00:00Z,24.98
2025-02-03T23:00:00Z,24.98
2025-02-04T00:00:00Z,24.98
2025-02-04T01:00:00Z,24.98
2025-02-04T02:00:00Z,24.98
2025-02-04T03:00:00Z,24.98
2025-02-04T04:00:00Z,28.075
2025-02-04T05:00:00Z,26.23
2025-02-04T06:00:00Z,20.983
2025-02-04T07:00:00Z,25.332
2025-02-04T08:00:00Z,27.48
2025-02-04T09:00:00Z,26.88
2025-02-04T10:00:00Z,29.733
2025-02-04T11:00:00Z,33.78
2025-02-04T12:00:00Z,34.68
2025-02-04T13:00:00Z,36.2
2025-02-04T14:00:00Z,34.92
2025-02-04T15:00:00Z,31.17
2025-02-04T16:00:00Z,17.42
2025-02-04T17:00:00Z,14.08
2025-02-04T18:00:00Z,12.53
2025-02-04T19:00:00Z,10.685
2025-02-04T20:00:00Z,10.982
2025-02-04T21:00:00Z,11.28
2025-02-04T22:00:00Z,12.53
2025-02-04T23:00:00Z,16.28
2025-02-05T00:00:00Z,16.28
2025-02-05T01:00:00Z,16.28
2025-02-05T02:00:00Z,17.53
2025-02-05T03:00:00Z,20.03
2025-02-05T04:00:00Z,24.38
2025-02-05T05:00:00Z,27.48
2025-02-05T06:00:00Z,29.68
2025-02-05T07:00:00Z,29.98
2025-02-05T08:00:00Z,29.68
2025-02-05T09:00:00Z,28.185
2025-02-05T10:00:00Z,28.78
2025-02-05T11:00:00Z,28.78
2025-02-05T12:00:00Z,29.08
2025-02-05T13:00:00Z,36.23
2025-02-05T14:00:00Z,37.48
2025-02-05T15:00:00Z,37.48
2025-02-05T16:00:00Z,35.575
2025-02-05T17:00:00Z,35.575
2025-02-05T18:00:00Z,34.98
2025-02-05T19:00:00Z,32.508
2025-02-05T20:00:00Z,25.983
2025-02-05T21:00:00Z,26.28
2025-02-05T22:00:00Z,23.78
2025-02-05T23:00:00Z,21.28
2025-02-06T00:00:00Z,21.28
2025-02-06T01:00:00Z,21.28
2025-02-06T02:00:00Z,21.28
2025-02-06T03:00:00Z,21.28
2025-02-06T04:00:00Z,22.505
2025-02-06T05:00:00Z,23.78
2025-02-06T06:00:00Z,17.887
2025-02-06T07:00:00Z,18.483
2025-02-06T08:00:00Z,19.08
2025-02-06T09:00:00Z,19.38
2025-02-06T10:00:00Z,18.84
2025-02-06T11:00:00Z,24.465
2025-02-06T12:00:00Z,25.685
2025-02-06T13:00:00Z,27.48
2025-02-06T14:00:00Z,29.355
2025-02-06T15:00:00Z,28.73
2025-02-06T16:00:00Z,19.027
2025-02-06T17:00:00Z,14.98
2025-02-06T18:00:00Z,13.73
2025-02-06T19:00:00Z,12.235
2025-02-06T20:00:00Z,15.983
2025-02-06T21:00:00Z,18.78
2025-02-06T22:00:00Z,18.78
2025-02-06T23:00:00Z,17.53
2025-02-07T00:00:00Z,18.78
2025-02-07T01:00:00Z,18.78
2025-02-07T02:00:00Z,18.78
2025-02-07T03:00:00Z,20.03
2025-02-07T04:00:00Z,24.38
2025-02-07T05:00:00Z,22.53
2025-02-07T06:00:00Z,20.387
2025-02-07T07:00:00Z,22.59
2025-02-07T08:00:00Z,23.483
2025-02-07T09:00:00Z,24.435
2025-02-07T10:00:00Z,25.09
2025-02-07T11:00:00Z,37.09
2025-02-07T12:00:00Z,37.983
2025-02-07T13:00:00Z,38.28
2025-02-07T14:00:00Z,38.28
2025-02-07T15:00:00Z,38.905
2025-02-07T16:00:00Z,38.88
2025-02-07T17:00:00Z,33.28
2025-02-07T18:00:00Z,30.78
2025-02-07T19:00:00Z,16.935
2025-02-07T20:00:00Z,14.082
2025-02-07T21:00:00Z,14.98
2025-02-07T22:00:00Z,18.73
2025-02-07T23:00:00Z,19.98
2025-02-08T00:00:00Z,23.36
2025-02-08T01:00:00Z,24.09
2025-02-08T02:00:00Z,24.09
2025-02-08T03:00:00Z,24.09
2025-02-08T04:00:00Z,24.685
2025-02-08T05:00:00Z,24.03
2025-02-08T06:00:00Z,19.087
2025-02-08T07:00:00Z,19.09
2025-02-08T08:00:00Z,25.907
2025-02-08T09:00:00Z,28.38
2025-02-08T10:00:00Z,31.53
2025-02-08T11:00:00Z,32.78
2025-02-08T12:00:00Z,33.405
2025-02-08T13:00:00Z,35.28
2025-02-08T14:00:00Z,35.58
2025-02-08T15:00:00Z,34.03
2025-02-08T16:00:00Z,28.38
2025-02-08T17:00:00Z,27.78
2025-02-08T18:00:00Z,27.78
2025-02-08T19:00:00Z,27.185
2025-02-08T20:00:00Z,27.483
2025-02-08T21:00:00Z,31.53
2025-02-08T22:00:00Z,35.28
2025-02-08T23:00:00Z,35.28
2025-02-09T00:00:00Z,35.58
2025-02-09T01:00:00Z,36.48
2025-02-09T02:00:00Z,36.48
2025-02-09T03:00:00Z,37.73
2025-02-09T04:00:00Z,45.825
2025-02-09T05:00:00Z,45.795
2025-02-09T06:00:00Z,38.678
2025-02-09T07:00:00Z,38.98
2025-02-09T08:00:00Z,38.98
2025-02-09T09:00:00Z,38.38
2025-02-09T10:00:00Z,38.025
2025-02-09T11:00:00Z,36.48
2025-02-09T12:00:00Z,36.48
2025-02-09T13:00:00Z,36.83
2025-02-09T14:00:00Z,41.48
2025-02-09T15:00:00Z,41.48
2025-02-09T16:00:00Z,27.498
2025-02-09T17:00:00Z,26.17
2025-02-09T18:00:00Z,23.67
2025-02-09T19:00:00Z,19.325
2025-02-09T20:00:00Z,17.123
2025-02-09T21:00:00Z,22.42
2025-02-09T22:00:00Z,23.67
2025-02-09T23:00:00Z,23.67
2025-02-10T00:00:00Z,23.67
2025-02-10T01:00:00Z,23.67
2025-02-10T02:00:00Z,23.67
2025-02-10T03:00:00Z,23.67
2025-02-10T04:00:00Z,38.77
2025-02-10T05:00:00Z,52.62
2025-02-10T06:00:00Z,51.37
2025-02-10T07:00:00Z,54.763
2025-02-10T08:00:00Z,55.06
2025-02-10T09:00:00Z,54.465
2025-02-10T10:00:00Z,53.87
2025-02-10T11:00:00Z,52.97
2025-02-10T12:00:00Z,54.545
2025-02-10T13:00:00Z,55.825
2025-02-10T14:00:00Z,58.295
2025-02-10T15:00:00Z,48.67
2025-02-10T16:00:00Z,26.795
2025-02-10T17:00:00Z,18.998
2025-02-10T18:00:00Z,16.88
2025-02-10T19:00:00Z,15.685
2025-02-10T20:00:00Z,15.983
2025-02-10T21:00:00Z,16.28
2025-02-10T22:00:00Z,16.28
2025-02-10T23:00:00Z,16.28
2025-02-11T00:00:00Z,16.28
2025-02-11T01:00:00Z,16.28
2025-02-11T02:00:00Z,16.28
2025-02-11T03:00:00Z,17.53
2025-02-11T04:00:00Z,23.755
2025-02-11T05:00:00Z,38.28
2025-02-11T06:00:00Z,36.788
2025-02-11T07:00:00Z,40.54
2025-02-11T08:00:00Z,45.185
2025-02-11T09:00:00Z,45.483
2025-02-11T10:00:00Z,45.78
2025-02-11T11:00:00Z,44.888
2025-02-11T12:00:00Z,45.483
2025-02-11T13:00:00Z,47.005
2025-02-11T14:00:00Z,47.545
2025-02-11T15:00:00Z,30.42
2025-02-11T16:00:00Z,21.498
2025-02-11T17:00:00Z,21.88
2025-02-11T18:00:00Z,20.03
2025-02-11T19:00:00Z,16.935
2025-02-11T20:00:00Z,13.185
2025-02-11T21:00:00Z,15.03
2025-02-11T22:00:00Z,18.78
2025-02-11T23:00:00Z,18.78
2025-02-12T00:00:00Z,18.78
2025-02-12T01:00:00Z,18.78
2025-02-12T02:00:00Z,18.78
2025-02-12T03:00:00Z,18.78
2025-02-12T04:00:00Z,19.38
2025-02-12T05:00:00Z,21.23
2025-02-12T06:00:00Z,19.68
2025-02-12T07:00:00Z,20.873
2025-02-12T08:00:00Z,21.47
2025-02-12T09:00:00Z,21.77
2025-02-12T10:00:00Z,21.23
2025-02-12T11:00:00Z,26.17
2025-02-12T12:00:00Z,28.67
2025-02-12T13:00:00Z,36.415
2025-02-12T14:00:00Z,38.56
2025-02-12T15:00:00Z,35.465
2025-02-12T16:00:00Z,23.945
2025-02-12T17:00:00Z,17.777
2025-02-12T18:00:00Z,22.48
2025-02-12T19:00:00Z,20.685
2025-02-12T20:00:00Z,18.483
2025-02-12T21:00:00Z,22.53
2025-02-12T22:00:00Z,23.78
2025-02-12T23:00:00Z,23.78
2025-02-13T00:00:00Z,28.78
2025-02-13T01:00:00Z,28.78
2025-02-13T02:00:00Z,28.78
2025-02-13T03:00:00Z,30.03
2025-02-13T04:00:00Z,48.255
2025-02-13T05:00:00Z,47.03
2025-02-13T06:00:00Z,41.435
2025-02-13T07:00:00Z,42.358
2025-02-13T08:00:00Z,48.28
2025-02-13T09:00:00Z,47.685
2025-02-13T10:00:00Z,46.79
2025-02-13T11:00:00Z,47.09
2025-02-13T12:00:00Z,47.388
2025-02-13T13:00:00Z,48.905
2025-02-13T14:00:00Z,49.48
2025-02-13T15:00:00Z,46.98
2025-02-13T16:00:00Z,41.98
2025-02-13T17:00:00Z,42.575
2025-02-13T18:00:00Z,41.027
2025-02-13T19:00:00Z,37.633
2025-02-13T20:00:00Z,33.935
2025-02-13T21:00:00Z,43.28
2025-02-13T22:00:00Z,45.78
2025-02-13T23:00:00Z,45.78
2025-02-14T00:00:00Z,45.78
2025-02-14T01:00:00Z,40.78
2025-02-14T02:00:00Z,40.78
2025-02-14T03:00:00Z,40.78
2025-02-14T04:00:00Z,41.38
2025-02-14T05:00:00Z,45.97
2025-02-14T06:00:00Z,45.645
2025-02-14T07:00:00Z,47.165
2025-02-14T08:00:00Z,48.06
2025-02-14T09:00:00Z,47.465
2025-02-14T10:00:00Z,46.92
2025-02-14T11:00:00Z,62.67
2025-02-14T12:00:00Z,62.67
2025-02-14T13:00:00Z,61.123
2025-02-14T14:00:00Z,57.402
2025-02-14T15:00:00Z,58.98
2025-02-14T16:00:00Z,40.73
2025-02-14T17:00:00Z,32.627
2025-02-14T18:00:00Z,28.28
2025-02-14T19:00:00Z,18.685
2025-02-14T20:00:00Z,15.09
2025-02-14T21:00:00Z,18.84
2025-02-14T22:00:00Z,20.09
2025-02-14T23:00:00Z,20.09
2025-02-15T00:00:00Z,20.09
2025-02-15T01:00:00Z,20.09
2025-02-15T02:00:00Z,20.09
2025-02-15T03:00:00Z,21.34
2025-02-15T04:00:00Z,28.185
2025-02-15T05:00:00Z,30.03
2025-02-15T06:00:00Z,25.685
2025-02-15T07:00:00Z,26.198
2025-02-15T08:00:00Z,31.445
2025-02-15T09:00:00Z,34.27
2025-02-15T10:00:00Z,33.67
2025-02-15T11:00:00Z,33.67
2025-02-15T12:00:00Z,33.67
2025-02-15T13:00:00Z,28.97
2025-02-15T14:00:00Z,29.27
2025-02-15T15:00:00Z,28.373
2025-02-15T16:00:00Z,27.48
2025-02-15T17:00:00Z,26.58
2025-02-15T18:00:00Z,26.28
2025-02-15T19:00:00Z,24.435
2025-02-15T20:00:00Z,21.285
2025-02-15T21:00:00Z,27.48
2025-02-15T22:00:00Z,27.48
2025-02-15T23:00:00Z,28.105
2025-02-16T00:00:00Z,29.98
2025-02-16T01:00:00Z,29.98
2025-02-16T02:00:00Z,29.98
2025-02-16T03:00:00Z,29.98
2025-02-16T04:00:00Z,33.075
2025-02-16T05:00:00Z,33.105
2025-02-16T06:00:00Z,26.88
2025-02-16T07:00:00Z,29.273
2025-02-16T08:00:00Z,29.87
2025-02-16T09:00:00Z,28.375
2025-02-16T10:00:00Z,26.2
2025-02-16T11:00:00Z,28.73
2025-02-16T12:00:00Z,30.873
2025-02-16T13:00:00Z,32.152
2025-02-16T14:00:00Z,33.075
2025-02-16T15:00:00Z,33.73
2025-02-16T16:00:00Z,19.98
2025-02-16T17:00:00Z,19.98
2025-02-16T18:00:00Z,16.23
2025-02-16T19:00:00Z,11.88
2025-02-16T20:00:00Z,12.18
2025-02-16T21:00:00Z,16.23
2025-02-16T22:00:00Z,17.48
2025-02-16T23:00:00Z,17.48
2025-02-17T00:00:00Z,22.48
2025-02-17T01:00:00Z,24.98
2025-02-17T02:00:00Z,24.98
2025-02-17T03:00:00Z,26.23
2025-02-17T04:00:00Z,42.575
2025-02-17T05:00:00Z,46.92
2025-02-17T06:00:00Z,47.52
2025-02-17T07:00:00Z,50.263
2025-02-17T08:00:00Z,50.56
2025-02-17T09:00:00Z,50.263
2025-02-17T10:00:00Z,50.56
2025-02-17T11:00:00Z,50.56
2025-02-17T12:00:00Z,54.31
2025-02-17T13:00:00Z,56.84
2025-02-17T14:00:00Z,53.745
2025-02-17T15:00:00Z,42.77
2025-02-17T16:00:00Z,24.623
2025-02-17T17:00:00Z,17.48
2025-02-17T18:00:00Z,17.48
2025-02-17T19:00:00Z,15.93
2025-02-17T20:00:00Z,12.18
2025-02-17T21:00:00Z,17.48
2025-02-17T22:00:00Z,17.48
2025-02-17T23:00:00Z,17.48
2025-02-18T00:00:00Z,17.48
2025-02-18T01:00:00Z,17.48
2025-02-18T02:00:00Z,17.48
2025-02-18T03:00:00Z,17.48
2025-02-18T04:00:00Z,19.95
2025-02-18T05:00:00Z,18.73
2025-02-18T06:00:00Z,14.38
2025-02-18T07:00:00Z,16.88
2025-02-18T08:00:00Z,22.48
2025-02-18T09:00:00Z,22.18
2025-02-18T10:00:00Z,27.748
2025-02-18T11:00:00Z,31.17
2025-02-18T12:00:00Z,32.07
2025-02-18T13:00:00Z,32.695
2025-02-18T14:00:00Z,30.495
2025-02-18T15:00:00Z,27.37
2025-02-18T16:00:00Z,17.398
2025-02-18T17:00:00Z,13.78
2025-02-18T18:00:00Z,12.53
2025-02-18T19:00:00Z,10.685
2025-02-18T20:00:00Z,13.34
2025-02-18T21:00:00Z,19.09
2025-02-18T22:00:00Z,21.59
2025-02-18T23:00:00Z,21.59
2025-02-19T00:00:00Z,21.59
2025-02-19T01:00:00Z,21.59
2025-02-19T02:00:00Z,21.59
2025-02-19T03:00:00Z,22.84
2025-02-19T04:00:00Z,32.81
2025-02-19T05:00:00Z,37.78
2025-02-19T06:00:00Z,34.685
2025-02-19T07:00:00Z,33.19
2025-02-19T08:00:00Z,32.89
2025-02-19T09:00:00Z,29.94
2025-02-19T10:00:00Z,37.265
2025-02-19T11:00:00Z,39.09
2025-02-19T12:00:00Z,39.09
2025-02-19T13:00:00Z,46.56
2025-02-19T14:00:00Z,46.53
2025-02-19T15:00:00Z,41.53
2025-02-19T16:00:00Z,32.185
2025-02-19T17:00:00Z,25.34
2025-02-19T18:00:00Z,26.59
2025-02-19T19:00:00Z,24.74
2025-02-19T20:00:00Z,21.915
2025-02-19T21:00:00Z,24.09
2025-02-19T22:00:00Z,26.59
2025-02-19T23:00:00Z,26.59
2025-02-20T00:00:00Z,26.59
2025-02-20T01:00:00Z,26.59
2025-02-20T02:00:00Z,26.59
2025-02-20T03:00:00Z,25.34
2025-02-20T04:00:00Z,26.887
2025-02-20T05:00:00Z,32.84
2025-02-20T06:00:00Z,29.09
2025-02-20T07:00:00Z,31.29
2025-02-20T08:00:00Z,37.84
2025-02-20T09:00:00Z,38.165
2025-02-20T10:00:00Z,37.84
2025-02-20T11:00:00Z,41.59
2025-02-20T12:00:00Z,43.08
2025-02-20T13:00:00Z,41.48
2025-02-20T14:00:00Z,39.605
2025-02-20T15:00:00Z,41.48
2025-02-20T16:00:00Z,33.38
2025-02-20T17:00:00Z,29.03
2025-02-20T18:00:00Z,28.137
2025-02-20T19:00:00Z,25.99
2025-02-20T20:00:00Z,25.04
2025-02-20T21:00:00Z,27.84
2025-02-20T22:00:00Z,34.09
2025-02-20T23:00:00Z,36.59
2025-02-21T00:00:00Z,36.59
2025-02-21T01:00:00Z,38.465
2025-02-21T02:00:00Z,39.09
2025-02-21T03:00:00Z,35.34
2025-02-21T04:00:00Z,39.685
2025-02-21T05:00:00Z,51.09
2025-02-21T06:00:00Z,50.49
2025-02-21T07:00:00Z,48.045
2025-02-21T08:00:00Z,47.39
2025-02-21T09:00:00Z,47.093
2025-02-21T10:00:00Z,47.39
2025-02-21T11:00:00Z,60.64
2025-02-21T12:00:00Z,62.79
2025-02-21T13:00:00Z,61.84
2025-02-21T14:00:00Z,60.59
2025-02-21T15:00:00Z,61.84
2025-02-21T16:00:00Z,48.59
2025-02-21T17:00:00Z,46.09
2025-02-21T18:00:00Z,40.888
2025-02-21T19:00:00Z,28.435
2025-02-21T20:00:00Z,24.983
2025-02-21T21:00:00Z,25.28
2025-02-21T22:00:00Z,24.983
2025-02-21T23:00:00Z,24.09
2025-02-22T00:00:00Z,24.09
2025-02-22T01:00:00Z,24.09
2025-02-22T02:00:00Z,24.09
2025-02-22T03:00:00Z,24.09
2025-02-22T04:00:00Z,27.81
2025-02-22T05:00:00Z,41.03
2025-02-22T06:00:00Z,37.28
2025-02-22T07:00:00Z,37.28
2025-02-22T08:00:00Z,43.53
2025-02-22T09:00:00Z,44.185
2025-02-22T10:00:00Z,47.34
2025-02-22T11:00:00Z,48.59
2025-02-22T12:00:00Z,48.59
2025-02-22T13:00:00Z,48.59
2025-02-22T14:00:00Z,47.99
2025-02-22T15:00:00Z,41.39
2025-02-22T16:00:00Z,30.39
2025-02-22T17:00:00Z,29.14
2025-02-22T18:00:00Z,27.89
2025-02-22T19:00:00Z,27.295
2025-02-22T20:00:00Z,27.593
2025-02-22T21:00:00Z,33.79
2025-02-22T22:00:00Z,34.09
2025-02-22T23:00:00Z,34.09
2025-02-23T00:00:00Z,34.09
2025-02-23T01:00:00Z,34.09
2025-02-23T02:00:00Z,34.09
2025-02-23T03:00:00Z,35.34
2025-02-23T04:00:00Z,51.685
2025-02-23T05:00:00Z,50.405
2025-02-23T06:00:00Z,44.185
2025-02-23T07:00:00Z,46.275
2025-02-23T08:00:00Z,49.045
2025-02-23T09:00:00Z,49.075
2025-02-23T10:00:00Z,48.42
2025-02-23T11:00:00Z,45.08
2025-02-23T12:00:00Z,44.78
2025-02-23T13:00:00Z,45.435
2025-02-23T14:00:00Z,43.59
2025-02-23T15:00:00Z,47.34
2025-02-23T16:00:00Z,44.84
2025-02-23T17:00:00Z,42.965
2025-02-23T18:00:00Z,38.59
2025-02-23T19:00:00Z,34.24
2025-02-23T20:00:00Z,30.79
2025-02-23T21:00:00Z,34.84
2025-02-23T22:00:00Z,36.09
2025-02-23T23:00:00Z,36.09
2025-02-24T00:00:00Z,36.09
2025-02-24T01:00:00Z,37.965
2025-02-24T02:00:00Z,39.84
2025-02-24T03:00:00Z,43.59
2025-02-24T04:00:00Z,58.685
2025-02-24T05:00:00Z,60.53
2025-02-24T06:00:00Z,61.78
2025-02-24T07:00:00Z,61.43
2025-02-24T08:00:00Z,60.48
2025-02-24T09:00:00Z,59.88
2025-02-24T10:00:00Z,59.28
2025-02-24T11:00:00Z,59.28
2025-02-24T12:00:00Z,63.03
2025-02-24T13:00:00Z,65.56
2025-02-24T14:00:00Z,63.09
2025-02-24T15:00:00Z,48.59
2025-02-24T16:00:00Z,27.84
2025-02-24T17:00:00Z,18.79
2025-02-24T18:00:00Z,16.64
2025-02-24T19:00:00Z,17.295
2025-02-24T20:00:00Z,20.093
2025-02-24T21:00:00Z,25.39
2025-02-24T22:00:00Z,25.39
2025-02-24T23:00:00Z,21.64
2025-02-25T00:00:00Z,20.39
2025-02-25T01:00:00Z,20.39
2025-02-25T02:00:00Z,20.39
2025-02-25T03:00:00Z,21.64
2025-02-25T04:00:00Z,30.365
2025-02-25T05:00:00Z,29.14
2025-02-25T06:00:00Z,24.197
2025-02-25T07:00:00Z,29.14
2025-02-25T08:00:00Z,33.19
2025-02-25T09:00:00Z,33.49
2025-02-25T10:00:00Z,33.515
2025-02-25T11:00:00Z,35.39
2025-02-25T12:00:00Z,36.29
2025-02-25T13:00:00Z,36.915
2025-02-25T14:00:00Z,35.935
2025-02-25T15:00:00Z,31.53
2025-02-25T16:00:00Z,27.78
2025-02-25T17:00:00Z,25.34
2025-02-25T18:00:00Z,24.09
2025-02-25T19:00:00Z,23.49
2025-02-25T20:00:00Z,18.79
2025-02-25T21:00:00Z,21.59
2025-02-25T22:00:00Z,24.09
2025-02-25T23:00:00Z,24.09
2025-02-26T00:00:00Z,24.09
2025-02-26T01:00:00Z,24.09
2025-02-26T02:00:00Z,24.09
2025-02-26T03:00:00Z,24.09
2025-02-26T04:00:00Z,24.685
2025-02-26T05:00:00Z,29.09
2025-02-26T06:00:00Z,24.44
2025-02-26T07:00:00Z,23.79
2025-02-26T08:00:00Z,25.965
2025-02-26T09:00:00Z,25.99
2025-02-26T10:00:00Z,28.247
2025-02-26T11:00:00Z,30.39
2025-02-26T12:00:00Z,33.79
2025-02-26T13:00:00Z,35.638
2025-02-26T14:00:00Z,35.28
2025-02-26T15:00:00Z,33.405
2025-02-26T16:00:00Z,24.685
2025-02-26T17:00:00Z,18.465
2025-02-26T18:00:00Z,19.09
2025-02-26T19:00:00Z,18.49
2025-02-26T20:00:00Z,18.165
2025-02-26T21:00:00Z,19.09
2025-02-26T22:00:00Z,21.59
2025-02-26T23:00:00Z,21.59
2025-02-27T00:00:00Z,21.59
2025-02-27T01:00:00Z,21.59
2025-02-27T02:00:00Z,21.59
2025-02-27T03:00:00Z,22.84
2025-02-27T04:00:00Z,30.012
2025-02-27T05:00:00Z,32.78
2025-02-27T06:00:00Z,26.262
2025-02-27T07:00:00Z,30.608
2025-02-27T08:00:00Z,35.28
2025-02-27T09:00:00Z,34.983
2025-02-27T10:00:00Z,33.19
2025-02-27T11:00:00Z,34.09
2025-02-27T12:00:00Z,34.09
2025-02-27T13:00:00Z,33.763
2025-02-27T14:00:00Z,32.78
2025-02-27T15:00:00Z,29.03
2025-02-27T16:00:00Z,25.905
2025-02-27T17:00:00Z,28.108
2025-02-27T18:00:00Z,30.965
2025-02-27T19:00:00Z,29.09
2025-02-27T20:00:00Z,22.462
2025-02-27T21:00:00Z,25.935
2025-02-27T22:00:00Z,30.28
2025-02-27T23:00:00Z,32.155
2025-02-28T00:00:00Z,32.78
2025-02-28T01:00:00Z,32.78
2025-02-28T02:00:00Z,32.78
2025-02-28T03:00:00Z,32.78
2025-02-28T04:00:00Z,33.08
2025-02-28T05:00:00Z,35.23
2025-02-28T06:00:00Z,39.33
2025-02-28T07:00:00Z,40.525
2025-02-28T08:00:00Z,40.17
2025-02-28T09:00:00Z,40.17
2025-02-28T10:00:00Z,42.67
2025-02-28T11:00:00Z,58.498
2025-02-28T12:00:00Z,62.48
2025-02-28T13:00:00Z,62.48
2025-02-28T14:00:00Z,65.198
2025-02-28T15:00:00Z,67.37
2025-02-28T16:00:00Z,67.97
2025-02-28T17:00:00Z,68.57
2025-02-28T18:00:00Z,65.57
2025-02-28T19:00:00Z,55.97
2025-02-28T20:00:00Z,54.18
2025-02-28T21:00:00Z,52.955
2025-02-28T22:00:00Z,36.73
2025-02-28T23:00:00Z,29.885
2025-03-01T00:00:00Z,29.29
2025-03-01T01:00:00Z,29.29
2025-03-01T02:00:00Z,29.29
2025-03-01T03:00:00Z,30.54
2025-03-01T04:00:00Z,34.885
2025-03-01T05:00:00Z,34.23
2025-03-01T06:00:00Z,29.885
2025-03-01T07:00:00Z,30.48
2025-03-01T08:00:00Z,31.165
2025-03-01T09:00:00Z,31.815
2025-03-01T10:00:00Z,33.09
2025-03-01T11:00:00Z,33.39
2025-03-01T12:00:00Z,35.59
2025-03-01T13:00:00Z,40.293
2025-03-01T14:00:00Z,37.77
2025-03-01T15:00:00Z,30.39
2025-03-01T16:00:00Z,41.01
2025-03-01T17:00:00Z,41.905
2025-03-01T18:00:00Z,43.4
2025-03-01T19:00:00Z,41.55
2025-03-01T20:00:00Z,38.1
2025-03-01T21:00:00Z,42.15
2025-03-01T22:00:00Z,43.4
2025-03-01T23:00:00Z,43.4
2025-03-02T00:00:00Z,43.4
2025-03-02T01:00:00Z,43.4
2025-03-02T02:00:00Z,43.4
2025-03-02T03:00:00Z,44.025
2025-03-02T04:00:00Z,46.197
2025-03-02T05:00:00Z,45.275
2025-03-02T06:00:00Z,36.468
2025-03-02T07:00:00Z,38.665
2025-03-02T08:00:00Z,38.39
2025-03-02T09:00:00Z,37.495
2025-03-02T10:00:00Z,36.275
2025-03-02T11:00:00Z,40.293
2025-03-02T12:00:00Z,41.49
2025-03-02T13:00:00Z,42.44
2025-03-02T14:00:00Z,40.947
2025-03-02T15:00:00Z,45.875
2025-03-02T16:00:00Z,40.3
2025-03-02T17:00:00Z,47.15
2025-03-02T18:00:00Z,52.322
2025-03-02T19:00:00Z,49.305
2025-03-02T20:00:00Z,47.102
2025-03-02T21:00:00Z,51.15
2025-03-02T22:00:00Z,57.4
2025-03-02T23:00:00Z,57.4
2025-03-03T00:00:00Z,57.4
2025-03-03T01:00:00Z,57.4
2025-03-03T02:00:00Z,57.4
2025-03-03T03:00:00Z,58.65
2025-03-03T04:00:00Z,81.0
2025-03-03T05:00:00Z,83.85
2025-03-03T06:00:00Z,74.045
2025-03-03T07:00:00Z,69.543
2025-03-03T08:00:00Z,67.995
2025-03-03T09:00:00Z,68.05
2025-03-03T10:00:00Z,69.9
2025-03-03T11:00:00Z,68.7
2025-03-03T12:00:00Z,69.95
2025-03-03T13:00:00Z,72.778
2025-03-03T14:00:00Z,73.075
2025-03-03T15:00:00Z,56.2
2025-03-03T16:00:00Z,39.7
2025-03-03T17:00:00Z,40.0
2025-03-03T18:00:00Z,40.9
2025-03-03T19:00:00Z,41.55
2025-03-03T20:00:00Z,43.1
2025-03-03T21:00:00Z,43.4
2025-03-03T22:00:00Z,39.418
2025-03-03T23:00:00Z,38.09
2025-03-04T00:00:00Z,38.09
2025-03-04T01:00:00Z,38.09
2025-03-04T02:00:00Z,38.09
2025-03-04T03:00:00Z,38.09
2025-03-04T04:00:00Z,39.94
2025-03-04T05:00:00Z,51.34
2025-03-04T06:00:00Z,46.995
2025-03-04T07:00:00Z,49.115
2025-03-04T08:00:00Z,50.39
2025-03-04T09:00:00Z,49.495
2025-03-04T10:00:00Z,50.15
2025-03-04T11:00:00Z,57.05
2025-03-04T12:00:00Z,61.1
2025-03-04T13:00:00Z,60.203
2025-03-04T14:00:00Z,58.95
2025-03-04T15:00:00Z,49.2
2025-03-04T16:00:00Z,32.903
2025-03-04T17:00:00Z,32.307
2025-03-04T18:00:00Z,31.95
2025-03-04T19:00:00Z,30.402
2025-03-04T20:00:00Z,32.605
2025-03-04T21:00:00Z,35.7
2025-03-04T22:00:00Z,38.2
2025-03-04T23:00:00Z,38.2
2025-03-05T00:00:00Z,38.2
2025-03-05T01:00:00Z,38.2
2025-03-05T02:00:00Z,38.2
2025-03-05T03:00:00Z,38.2
2025-03-05T04:00:00Z,44.125
2025-03-05T05:00:00Z,42.918
2025-03-05T06:00:00Z,39.44
2025-03-05T07:00:00Z,39.388
2025-03-05T08:00:00Z,39.388
2025-03-05T09:00:00Z,39.388
2025-03-05T10:00:00Z,39.715
2025-03-05T11:00:00Z,43.082
2025-03-05T12:00:00Z,45.23
2025-03-05T13:00:00Z,49.305
2025-03-05T14:00:00Z,48.38
2025-03-05T15:00:00Z,47.263
2025-03-05T16:00:00Z,42.55
2025-03-05T17:00:00Z,36.3
2025-03-05T18:00:00Z,36.9
2025-03-05T19:00:00Z,37.85
2025-03-05T20:00:00Z,34.1
2025-03-05T21:00:00Z,35.65
2025-03-05T22:00:00Z,38.15
2025-03-05T23:00:00Z,36.9
2025-03-06T00:00:00Z,36.9
2025-03-06T01:00:00Z,36.9
2025-03-06T02:00:00Z,36.9
2025-03-06T03:00:00Z,36.9
2025-03-06T04:00:00Z,50.447
2025-03-06T05:00:00Z,56.4
2025-03-06T06:00:00Z,48.145
2025-03-06T07:00:00Z,52.665
2025-03-06T08:00:00Z,55.19
2025-03-06T09:00:00Z,54.295
2025-03-06T10:00:00Z,57.45
2025-03-06T11:00:00Z,60.19
2025-03-06T12:00:00Z,60.49
2025-03-06T13:00:00Z,59.865
2025-03-06T14:00:00Z,58.59
2025-03-06T15:00:00Z,52.34
2025-03-06T16:00:00Z,46.09
2025-03-06T17:00:00Z,46.74
2025-03-06T18:00:00Z,46.44
2025-03-06T19:00:00Z,44.295
2025-03-06T20:00:00Z,44.295
2025-03-06T21:00:00Z,42.39
2025-03-06T22:00:00Z,46.218
2025-03-06T23:00:00Z,50.2
2025-03-07T00:00:00Z,50.825
2025-03-07T01:00:00Z,52.7
2025-03-07T02:00:00Z,52.7
2025-03-07T03:00:00Z,53.95
2025-03-07T04:00:00Z,59.55
2025-03-07T05:00:00Z,62.7
2025-03-07T06:00:00Z,62.105
2025-03-07T07:00:00Z,62.052
2025-03-07T08:00:00Z,60.8
2025-03-07T09:00:00Z,60.8
2025-03-07T10:00:00Z,62.855
2025-03-07T11:00:00Z,77.808
2025-03-07T12:00:00Z,78.403
2025-03-07T13:00:00Z,77.508
2025-03-07T14:00:00Z,75.035
2025-03-07T15:00:00Z,69.06
2025-03-07T16:00:00Z,56.76
2025-03-07T17:00:00Z,46.73
2025-03-07T18:00:00Z,46.7
2025-03-07T19:00:00Z,33.805
2025-03-07T20:00:00Z,25.255
2025-03-07T21:00:00Z,26.95
2025-03-07T22:00:00Z,28.2
2025-03-07T23:00:00Z,28.2
2025-03-08T00:00:00Z,28.2
2025-03-08T01:00:00Z,28.2
2025-03-08T02:00:00Z,28.2
2025-03-08T03:00:00Z,28.2
2025-03-08T04:00:00Z,29.125
2025-03-08T05:00:00Z,30.65
2025-03-08T06:00:00Z,26.9
2025-03-08T07:00:00Z,32.332
2025-03-08T08:00:00Z,37.955
2025-03-08T09:00:00Z,36.135
2025-03-08T10:00:00Z,38.04
2025-03-08T11:00:00Z,39.64
2025-03-08T12:00:00Z,40.59
2025-03-08T13:00:00Z,39.263
2025-03-08T14:00:00Z,35.285
2025-03-08T15:00:00Z,39.215
2025-03-08T16:00:00Z,39.29
2025-03-08T17:00:00Z,38.337
2025-03-08T18:00:00Z,37.98
2025-03-08T19:00:00Z,37.385
2025-03-08T20:00:00Z,37.682
2025-03-08T21:00:00Z,42.98
2025-03-08T22:00:00Z,42.98
2025-03-08T23:00:00Z,42.98
2025-03-09T00:00:00Z,42.98
2025-03-09T01:00:00Z,42.98
2025-03-09T02:00:00Z,42.98
2025-03-09T03:00:00Z,44.23
2025-03-09T04:00:00Z,48.58
2025-03-09T05:00:00Z,52.93
2025-03-09T06:00:00Z,43.867
2025-03-09T07:00:00Z,45.06
2025-03-09T08:00:00Z,46.042
2025-03-09T09:00:00Z,43.922
2025-03-09T10:00:00Z,41.42
2025-03-09T11:00:00Z,40.47
2025-03-09T12:00:00Z,40.17
2025-03-09T13:00:00Z,40.2
2025-03-09T14:00:00Z,37.485
2025-03-09T15:00:00Z,36.013
2025-03-09T16:00:00Z,36.19
2025-03-09T17:00:00Z,38.665
2025-03-09T18:00:00Z,43.135
2025-03-09T19:00:00Z,43.94
2025-03-09T20:00:00Z,40.49
2025-03-09T21:00:00Z,45.79
2025-03-09T22:00:00Z,50.79
2025-03-09T23:00:00Z,50.79
2025-03-10T00:00:00Z,53.29
2025-03-10T01:00:00Z,53.29
2025-03-10T02:00:00Z,53.29
2025-03-10T03:00:00Z,53.29
2025-03-10T04:00:00Z,70.885
2025-03-10T05:00:00Z,76.48
2025-03-10T06:00:00Z,73.23
2025-03-10T07:00:00Z,69.93
2025-03-10T08:00:00Z,69.03
2025-03-10T09:00:00Z,69.683
2025-03-10T10:00:00Z,71.18
2025-03-10T11:00:00Z,71.478
2025-03-10T12:00:00Z,71.18
2025-03-10T13:00:00Z,71.86
2025-03-10T14:00:00Z,67.948
2025-03-10T15:00:00Z,59.745
2025-03-10T16:00:00Z,40.59
2025-03-10T17:00:00Z,34.94
2025-03-10T18:00:00Z,31.79
2025-03-10T19:00:00Z,30.595
2025-03-10T20:00:00Z,33.975
2025-03-10T21:00:00Z,35.9
2025-03-10T22:00:00Z,33.245
2025-03-10T23:00:00Z,30.59
2025-03-11T00:00:00Z,30.59
2025-03-11T01:00:00Z,30.59
2025-03-11T02:00:00Z,30.59
2025-03-11T03:00:00Z,33.09
2025-03-11T04:00:00Z,33.69
2025-03-11T05:00:00Z,34.29
2025-03-11T06:00:00Z,33.39
2025-03-11T07:00:00Z,37.682
2025-03-11T08:00:00Z,42.087
2025-03-11T09:00:00Z,42.115
2025-03-11T10:00:00Z,45.54
2025-03-11T11:00:00Z,47.682
2025-03-11T12:00:00Z,46.79
2025-03-11T13:00:00Z,46.19
2025-03-11T14:00:00Z,42.197
2025-03-11T15:00:00Z,40.775
2025-03-11T16:00:00Z,38.1
2025-03-11T17:00:00Z,37.5
2025-03-11T18:00:00Z,38.4
2025-03-11T19:00:00Z,36.85
2025-03-11T20:00:00Z,32.8
2025-03-11T21:00:00Z,35.275
2025-03-11T22:00:00Z,35.9
2025-03-11T23:00:00Z,35.9
2025-03-12T00:00:00Z,35.9
2025-03-12T01:00:00Z,35.9
2025-03-12T02:00:00Z,35.9
2025-03-12T03:00:00Z,35.9
2025-03-12T04:00:00Z,41.495
2025-03-12T05:00:00Z,41.995
2025-03-12T06:00:00Z,40.435
2025-03-12T07:00:00Z,39.655
2025-03-12T08:00:00Z,39.09
2025-03-12T09:00:00Z,39.09
2025-03-12T10:00:00Z,39.09
2025-03-12T11:00:00Z,41.263
2025-03-12T12:00:00Z,48.68
2025-03-12T13:00:00Z,49.605
2025-03-12T14:00:00Z,52.062
2025-03-12T15:00:00Z,51.19
2025-03-12T16:00:00Z,50.17
2025-03-12T17:00:00Z,45.0
2025-03-12T18:00:00Z,44.7
2025-03-12T19:00:00Z,43.425
2025-03-12T20:00:00Z,37.8
2025-03-12T21:00:00Z,40.9
2025-03-12T22:00:00Z,40.9
2025-03-12T23:00:00Z,40.9
2025-03-13T00:00:00Z,39.572
2025-03-13T01:00:00Z,40.9
2025-03-13T02:00:00Z,40.9
2025-03-13T03:00:00Z,43.4
2025-03-13T04:00:00Z,46.495
2025-03-13T05:00:00Z,46.465
2025-03-13T06:00:00Z,44.59
2025-03-13T07:00:00Z,46.578
2025-03-13T08:00:00Z,48.355
2025-03-13T09:00:00Z,46.0
2025-03-13T10:00:00Z,46.9
2025-03-13T11:00:00Z,46.9
2025-03-13T12:00:00Z,47.793
2025-03-13T13:00:00Z,47.465
2025-03-13T14:00:00Z,44.697
2025-03-13T15:00:00Z,42.495
2025-03-13T16:00:00Z,40.745
2025-03-13T17:00:00Z,48.725
2025-03-13T18:00:00Z,49.7
2025-03-13T19:00:00Z,48.375
2025-03-13T20:00:00Z,44.105
2025-03-13T21:00:00Z,47.825
2025-03-13T22:00:00Z,48.682
2025-03-13T23:00:00Z,50.01
2025-03-14T00:00:00Z,50.01
2025-03-14T01:00:00Z,50.01
2025-03-14T02:00:00Z,50.01
2025-03-14T03:00:00Z,50.01
2025-03-14T04:00:00Z,53.31
2025-03-14T05:00:00Z,63.835
2025-03-14T06:00:00Z,64.81
2025-03-14T07:00:00Z,67.853
2025-03-14T08:00:00Z,61.59
2025-03-14T09:00:00Z,60.995
2025-03-14T10:00:00Z,60.4
2025-03-14T11:00:00Z,78.62
2025-03-14T12:00:00Z,81.775
2025-03-14T13:00:00Z,80.85
2025-03-14T14:00:00Z,78.65
2025-03-14T15:00:00Z,78.65
2025-03-14T16:00:00Z,65.09
2025-03-14T17:00:00Z,48.197
2025-03-14T18:00:00Z,47.9
2025-03-14T19:00:00Z,35.002
2025-03-14T20:00:00Z,31.455
2025-03-14T21:00:00Z,31.9
2025-03-14T22:00:00Z,31.9
2025-03-14T23:00:00Z,31.9
2025-03-15T00:00:00Z,31.9
2025-03-15T01:00:00Z,31.9
2025-03-15T02:00:00Z,31.9
2025-03-15T03:00:00Z,33.15
2025-03-15T04:00:00Z,37.495
2025-03-15T05:00:00Z,50.715
2025-03-15T06:00:00Z,49.197
2025-03-15T07:00:00Z,50.15
2025-03-15T08:00:00Z,54.793
2025-03-15T09:00:00Z,54.495
2025-03-15T10:00:00Z,53.9
2025-03-15T11:00:00Z,53.9
2025-03-15T12:00:00Z,53.9
2025-03-15T13:00:00Z,53.6
2025-03-15T14:00:00Z,53.3
2025-03-15T15:00:00Z,45.875
2025-03-15T16:00:00Z,44.697
2025-03-15T17:00:00Z,44.94
2025-03-15T18:00:00Z,44.29
2025-03-15T19:00:00Z,42.44
2025-03-15T20:00:00Z,38.69
2025-03-15T21:00:00Z,39.29
2025-03-15T22:00:00Z,41.79
2025-03-15T23:00:00Z,41.79
2025-03-16T00:00:00Z,41.79
2025-03-16T01:00:00Z,41.79
2025-03-16T02:00:00Z,41.79
2025-03-16T03:00:00Z,41.79
2025-03-16T04:00:00Z,54.385
2025-03-16T05:00:00Z,58.79
2025-03-16T06:00:00Z,58.19
2025-03-16T07:00:00Z,58.79
2025-03-16T08:00:00Z,59.14
2025-03-16T09:00:00Z,53.965
2025-03-16T10:00:00Z,51.983
2025-03-16T11:00:00Z,56.03
2025-03-16T12:00:00Z,58.18
2025-03-16T13:00:00Z,57.282
2025-03-16T14:00:00Z,51.388
2025-03-16T15:00:00Z,47.935
2025-03-16T16:00:00Z,50.69
2025-03-16T17:00:00Z,52.54
2025-03-16T18:00:00Z,54.98
2025-03-16T19:00:00Z,49.385
2025-03-16T20:00:00Z,49.385
2025-03-16T21:00:00Z,49.98
2025-03-16T22:00:00Z,53.73
2025-03-16T23:00:00Z,61.23
2025-03-17T00:00:00Z,62.48
2025-03-17T01:00:00Z,62.48
2025-03-17T02:00:00Z,62.48
2025-03-17T03:00:00Z,63.73
2025-03-17T04:00:00Z,77.078
2025-03-17T05:00:00Z,85.353
2025-03-17T06:00:00Z,85.053
2025-03-17T07:00:00Z,83.588
2025-03-17T08:00:00Z,82.39
2025-03-17T09:00:00Z,83.995
2025-03-17T10:00:00Z,85.79
2025-03-17T11:00:00Z,85.79
2025-03-17T12:00:00Z,85.79
2025-03-17T13:00:00Z,87.393
2025-03-17T14:00:00Z,85.245
2025-03-17T15:00:00Z,69.4
2025-03-17T16:00:00Z,52.15
2025-03-17T17:00:00Z,43.4
2025-03-17T18:00:00Z,43.4
2025-03-17T19:00:00Z,43.477
2025-03-17T20:00:00Z,43.11
2025-03-17T21:00:00Z,45.585
2025-03-17T22:00:00Z,44.883
2025-03-17T23:00:00Z,40.9
2025-03-18T00:00:00Z,40.9
2025-03-18T01:00:00Z,40.9
2025-03-18T02:00:00Z,40.9
2025-03-18T03:00:00Z,40.9
2025-03-18T04:00:00Z,40.9
2025-03-18T05:00:00Z,39.7
2025-03-18T06:00:00Z,33.653
2025-03-18T07:00:00Z,32.307
2025-03-18T08:00:00Z,35.7
2025-03-18T09:00:00Z,37.195
2025-03-18T10:00:00Z,38.715
2025-03-18T11:00:00Z,41.49
2025-03-18T12:00:00Z,42.682
2025-03-18T13:00:00Z,43.035
2025-03-18T14:00:00Z,39.697
2025-03-18T15:00:00Z,37.495
2025-03-18T16:00:00Z,38.04
2025-03-18T17:00:00Z,40.24
2025-03-18T18:00:00Z,41.79
2025-03-18T19:00:00Z,41.79
2025-03-18T20:00:00Z,42.385
2025-03-18T21:00:00Z,44.23
2025-03-18T22:00:00Z,45.48
2025-03-18T23:00:00Z,45.48
2025-03-19T00:00:00Z,45.48
2025-03-19T01:00:00Z,45.48
2025-03-19T02:00:00Z,45.48
2025-03-19T03:00:00Z,45.78
2025-03-19T04:00:00Z,46.68
2025-03-19T05:00:00Z,54.18
2025-03-19T06:00:00Z,54.18
2025-03-19T07:00:00Z,53.28
2025-03-19T08:00:00Z,52.98
2025-03-19T09:00:00Z,52.98
2025-03-19T10:00:00Z,52.98
2025-03-19T11:00:00Z,52.98
2025-03-19T12:00:00Z,54.53
2025-03-19T13:00:00Z,57.93
2025-03-19T14:00:00Z,55.78
2025-03-19T15:00:00Z,56.08
2025-03-19T16:00:00Z,47.93
2025-03-19T17:00:00Z,44.608
2025-03-19T18:00:00Z,48.29
2025-03-19T19:00:00Z,47.99
2025-03-19T20:00:00Z,47.69
2025-03-19T21:00:00Z,48.29
2025-03-19T22:00:00Z,44.54
2025-03-19T23:00:00Z,40.79
2025-03-20T00:00:00Z,39.54
2025-03-20T01:00:00Z,38.29
2025-03-20T02:00:00Z,38.29
2025-03-20T03:00:00Z,39.54
2025-03-20T04:00:00Z,43.587
2025-03-20T05:00:00Z,42.665
2025-03-20T06:00:00Z,38.135
2025-03-20T07:00:00Z,37.385
2025-03-20T08:00:00Z,34.34
2025-03-20T09:00:00Z,30.59
2025-03-20T10:00:00Z,30.59
2025-03-20T11:00:00Z,30.89
2025-03-20T12:00:00Z,30.89
2025-03-20T13:00:00Z,28.69
2025-03-20T14:00:00Z,30.89
2025-03-20T15:00:00Z,31.815
2025-03-20T16:00:00Z,34.587
2025-03-20T17:00:00Z,35.455
2025-03-20T18:00:00Z,34.18
2025-03-20T19:00:00Z,33.58
2025-03-20T20:00:00Z,32.98
2025-03-20T21:00:00Z,33.057
2025-03-20T22:00:00Z,35.79
2025-03-20T23:00:00Z,35.79
2025-03-21T00:00:00Z,35.79
2025-03-21T01:00:00Z,36.682
2025-03-21T02:00:00Z,36.98
2025-03-21T03:00:00Z,36.385
2025-03-21T04:00:00Z,42.337
2025-03-21T05:00:00Z,42.665
2025-03-21T06:00:00Z,40.79
2025-03-21T07:00:00Z,45.432
2025-03-21T08:00:00Z,44.265
2025-03-21T09:00:00Z,44.293
2025-03-21T10:00:00Z,47.715
2025-03-21T11:00:00Z,64.69
2025-03-21T12:00:00Z,64.99
2025-03-21T13:00:00Z,63.17
2025-03-21T14:00:00Z,56.72
2025-03-21T15:00:00Z,56.885
2025-03-21T16:00:00Z,53.105
2025-03-21T17:00:00Z,49.655
2025-03-21T18:00:00Z,48.68
2025-03-21T19:00:00Z,34.805
2025-03-21T20:00:00Z,26.52
2025-03-21T21:00:00Z,26.043
2025-03-21T22:00:00Z,26.37
2025-03-21T23:00:00Z,26.37
2025-03-22T00:00:00Z,25.77
2025-03-22T01:00:00Z,25.17
2025-03-22T02:00:00Z,25.17
2025-03-22T03:00:00Z,25.17
2025-03-22T04:00:00Z,27.97
2025-03-22T05:00:00Z,28.245
2025-03-22T06:00:00Z,26.07
2025-03-22T07:00:00Z,26.37
2025-03-22T08:00:00Z,24.277
2025-03-22T09:00:00Z,27.352
2025-03-22T10:00:00Z,29.605
2025-03-22T11:00:00Z,32.373
2025-03-22T12:00:00Z,30.795
2025-03-22T13:00:00Z,34.403
2025-03-22T14:00:00Z,39.587
2025-03-22T15:00:00Z,39.885
2025-03-22T16:00:00Z,41.73
2025-03-22T17:00:00Z,42.302
2025-03-22T18:00:00Z,42.87
2025-03-22T19:00:00Z,41.025
2025-03-22T20:00:00Z,40.072
2025-03-22T21:00:00Z,40.37
2025-03-22T22:00:00Z,40.37
2025-03-22T23:00:00Z,39.775
2025-03-23T00:00:00Z,39.18
2025-03-23T01:00:00Z,39.18
2025-03-23T02:00:00Z,39.18
2025-03-23T03:00:00Z,41.68
2025-03-23T04:00:00Z,44.775
2025-03-23T05:00:00Z,45.37
2025-03-23T06:00:00Z,39.763
2025-03-23T07:00:00Z,40.06
2025-03-23T08:00:00Z,40.47
2025-03-23T09:00:00Z,39.277
2025-03-23T10:00:00Z,35.075
2025-03-23T11:00:00Z,32.07
2025-03-23T12:00:00Z,40.02
2025-03-23T13:00:00Z,43.027
2025-03-23T14:00:00Z,38.487
2025-03-23T15:00:00Z,43.59
2025-03-23T16:00:00Z,41.64
2025-03-23T17:00:00Z,45.572
2025-03-23T18:00:00Z,43.4
2025-03-23T19:00:00Z,39.05
2025-03-23T20:00:00Z,35.0
2025-03-23T21:00:00Z,35.9
2025-03-23T22:00:00Z,35.9
2025-03-23T23:00:00Z,38.4
2025-03-24T00:00:00Z,42.15
2025-03-24T01:00:00Z,43.4
2025-03-24T02:00:00Z,43.4
2025-03-24T03:00:00Z,43.4
2025-03-24T04:00:00Z,61.995
2025-03-24T05:00:00Z,68.59
2025-03-24T06:00:00Z,72.698
2025-03-24T07:00:00Z,73.05
2025-03-24T08:00:00Z,70.01
2025-03-24T09:00:00Z,70.01
2025-03-24T10:00:00Z,74.885
2025-03-24T11:00:00Z,75.885
2025-03-24T12:00:00Z,76.785
2025-03-24T13:00:00Z,79.61
2025-03-24T14:00:00Z,77.085
2025-03-24T15:00:00Z,66.11
2025-03-24T16:00:00Z,49.61
2025-03-24T17:00:00Z,44.935
2025-03-24T18:00:00Z,50.21
2025-03-24T19:00:00Z,49.61
2025-03-24T20:00:00Z,49.61
2025-03-24T21:00:00Z,51.965
2025-03-24T22:00:00Z,54.32
2025-03-24T23:00:00Z,54.32
2025-03-25T00:00:00Z,50.337
2025-03-25T01:00:00Z,49.01
2025-03-25T02:00:00Z,49.01
2025-03-25T03:00:00Z,51.51
2025-03-25T04:00:00Z,55.86
2025-03-25T05:00:00Z,69.71
2025-03-25T06:00:00Z,66.31
2025-03-25T07:00:00Z,69.382
2025-03-25T08:00:00Z,71.31
2025-03-25T09:00:00Z,70.713
2025-03-25T10:00:00Z,72.535
2025-03-25T11:00:00Z,75.007
2025-03-25T12:00:00Z,74.71
2025-03-25T13:00:00Z,75.062
2025-03-25T14:00:00Z,74.165
2025-03-25T15:00:00Z,63.32
2025-03-25T16:00:00Z,56.51
2025-03-25T17:00:00Z,57.138
2025-03-25T18:00:00Z,55.21
2025-03-25T19:00:00Z,53.36
2025-03-25T20:00:00Z,49.91
2025-03-25T21:00:00Z,52.71
2025-03-25T22:00:00Z,52.71
2025-03-25T23:00:00Z,52.71
2025-03-26T00:00:00Z,52.71
2025-03-26T01:00:00Z,52.71
2025-03-26T02:00:00Z,52.71
2025-03-26T03:00:00Z,52.71
2025-03-26T04:00:00Z,55.125
2025-03-26T05:00:00Z,58.275
2025-03-26T06:00:00Z,60.18
2025-03-26T07:00:00Z,61.7
2025-03-26T08:00:00Z,61.81
2025-03-26T09:00:00Z,63.737
2025-03-26T10:00:00Z,69.21
2025-03-26T11:00:00Z,72.31
2025-03-26T12:00:00Z,72.61
2025-03-26T13:00:00Z,80.11
2025-03-26T14:00:00Z,79.81
2025-03-26T15:00:00Z,74.537
2025-03-26T16:00:00Z,68.64
2025-03-26T17:00:00Z,60.273
2025-03-26T18:00:00Z,61.195
2025-03-26T19:00:00Z,56.85
2025-03-26T20:00:00Z,51.225
2025-03-26T21:00:00Z,54.32
2025-03-26T22:00:00Z,54.32
2025-03-26T23:00:00Z,54.32
2025-03-27T00:00:00Z,54.32
2025-03-27T01:00:00Z,54.32
2025-03-27T02:00:00Z,54.32
2025-03-27T03:00:00Z,57.445
2025-03-27T04:00:00Z,68.42
2025-03-27T05:00:00Z,73.195
2025-03-27T06:00:00Z,67.927
2025-03-27T07:00:00Z,71.105
2025-03-27T08:00:00Z,73.09
2025-03-27T09:00:00Z,69.335
2025-03-27T10:00:00Z,72.022
2025-03-27T11:00:00Z,78.213
2025-03-27T12:00:00Z,78.81
2025-03-27T13:00:00Z,80.985
2025-03-27T14:00:00Z,77.617
2025-03-27T15:00:00Z,72.915
2025-03-27T16:00:00Z,69.135
2025-03-27T17:00:00Z,72.588
2025-03-27T18:00:00Z,72.38
2025-03-27T19:00:00Z,72.08
2025-03-27T20:00:00Z,68.03
2025-03-27T21:00:00Z,68.005
2025-03-27T22:00:00Z,71.43
2025-03-27T23:00:00Z,71.43
2025-03-28T00:00:00Z,71.43
2025-03-28T01:00:00Z,71.43
2025-03-28T02:00:00Z,71.43
2025-03-28T03:00:00Z,71.43
2025-03-28T04:00:00Z,71.73
2025-03-28T05:00:00Z,70.805
2025-03-28T06:00:00Z,71.73
2025-03-28T07:00:00Z,70.78
2025-03-28T08:00:00Z,69.53
2025-03-28T09:00:00Z,69.83
2025-03-28T10:00:00Z,70.13
2025-03-28T11:00:00Z,80.522
2025-03-28T12:00:00Z,83.862
2025-03-28T13:00:00Z,85.115
2025-03-28T14:00:00Z,82.02
2025-03-28T15:00:00Z,78.52
2025-03-28T16:00:00Z,69.365
2025-03-28T17:00:00Z,59.43
2025-03-28T18:00:00Z,57.9
2025-03-28T19:00:00Z,48.602
2025-03-28T20:00:00Z,46.98
2025-03-28T21:00:00Z,43.383
2025-03-28T22:00:00Z,43.71
2025-03-28T23:00:00Z,43.71
2025-03-29T00:00:00Z,43.71
2025-03-29T01:00:00Z,43.71
2025-03-29T02:00:00Z,43.71
2025-03-29T03:00:00Z,46.21
2025-03-29T04:00:00Z,49.008
2025-03-29T05:00:00Z,49.275
2025-03-29T06:00:00Z,44.305
2025-03-29T07:00:00Z,45.5
2025-03-29T08:00:00Z,50.825
2025-03-29T09:00:00Z,51.805
2025-03-29T10:00:00Z,49.883
2025-03-29T11:00:00Z,48.043
2025-03-29T12:00:00Z,52.09
2025-03-29T13:00:00Z,51.495
2025-03-29T14:00:00Z,51.495
2025-03-29T15:00:00Z,52.09
2025-03-29T16:00:00Z,47.715
2025-03-29T17:00:00Z,49.89
2025-03-29T18:00:00Z,52.665
2025-03-29T19:00:00Z,55.367
2025-03-29T20:00:00Z,54.492
2025-03-29T21:00:00Z,56.665
2025-03-29T22:00:00Z,57.29
2025-03-29T23:00:00Z,57.29
2025-03-30T00:00:00Z,57.29
2025-03-30T01:00:00Z,69.29
2025-03-30T02:00:00Z,69.29
2025-03-30T03:00:00Z,69.29
2025-03-30T04:00:00Z,71.765
2025-03-30T05:00:00Z,67.99
2025-03-30T06:00:00Z,66.793
2025-03-30T07:00:00Z,65.3
2025-03-30T08:00:00Z,65.625
2025-03-30T09:00:00Z,63.75
2025-03-30T10:00:00Z,62.07
2025-03-30T11:00:00Z,49.825
2025-03-30T12:00:00Z,53.105
2025-03-30T13:00:00Z,59.675
2025-03-30T14:00:00Z,68.46
2025-03-30T15:00:00Z,64.953
2025-03-30T16:00:00Z,62.575
2025-03-30T17:00:00Z,52.65
2025-03-30T18:00:00Z,50.805
2025-03-30T19:00:00Z,50.805
2025-03-30T20:00:00Z,53.275
2025-03-30T21:00:00Z,53.9
2025-03-30T22:00:00Z,58.9
2025-03-30T23:00:00Z,58.9
2025-03-31T00:00:00Z,58.9
2025-03-31T01:00:00Z,61.4
2025-03-31T02:00:00Z,67.5
2025-03-31T03:00:00Z,84.57
2025-03-31T04:00:00Z,102.165
2025-03-31T05:00:00Z,113.54
2025-03-31T06:00:00Z,115.035
2025-03-31T07:00:00Z,111.19
2025-03-31T08:00:00Z,108.593
2025-03-31T09:00:00Z,107.1
2025-03-31T10:00:00Z,107.397
2025-03-31T11:00:00Z,103.975
2025-03-31T12:00:00Z,103.403
2025-03-31T13:00:00Z,104.0
2025-03-31T14:00:00Z,102.493
2025-03-31T15:00:00Z,72.147
2025-03-31T16:00:00Z,56.398
2025-03-31T17:00:00Z,59.79
2025-03-31T18:00:00Z,61.442
2025-03-31T19:00:00Z,62.0
2025-03-31T20:00:00Z,63.9
2025-03-31T21:00:00Z,57.5
2025-03-31T22:00:00Z,51.1
2025-03-31T23:00:00Z,51.1
2025-04-01T00:00:00Z,51.1
2025-04-01T01:00:00Z,51.1
2025-04-01T02:00:00Z,51.1
2025-04-01T03:00:00Z,51.398
2025-04-01T04:00:00Z,50.475
2025-04-01T05:00:00Z,46.398
2025-04-01T06:00:00Z,46.94
2025-04-01T07:00:00Z,42.59
2025-04-01T08:00:00Z,42.915
2025-04-01T09:00:00Z,42.617
2025-04-01T10:00:00Z,43.815
2025-04-01T11:00:00Z,46.585
2025-04-01T12:00:00Z,48.788
2025-04-01T13:00:00Z,53.49
2025-04-01T14:00:00Z,53.788
2025-04-01T15:00:00Z,50.365
2025-04-01T16:00:00Z,43.218
2025-04-01T17:00:00Z,46.665
2025-04-01T18:00:00Z,46.695
2025-04-01T19:00:00Z,46.695
2025-04-01T20:00:00Z,48.54
2025-04-01T21:00:00Z,47.29
2025-04-01T22:00:00Z,45.415
2025-04-01T23:00:00Z,44.79
2025-04-02T00:00:00Z,44.79
2025-04-02T01:00:00Z,44.79
2025-04-02T02:00:00Z,47.29
2025-04-02T03:00:00Z,52.21
2025-04-02T04:00:00Z,55.305
2025-04-02T05:00:00Z,50.69
2025-04-02T06:00:00Z,54.44
2025-04-02T07:00:00Z,56.367
2025-04-02T08:00:00Z,57.29
2025-04-02T09:00:00Z,59.383
2025-04-02T10:00:00Z,60.877
2025-04-02T11:00:00Z,62.07
2025-04-02T12:00:00Z,67.125
2025-04-02T13:00:00Z,64.383
2025-04-02T14:00:00Z,64.98
2025-04-02T15:00:00Z,60.96
2025-04-02T16:00:00Z,52.59
2025-04-02T17:00:00Z,53.49
2025-04-02T18:00:00Z,51.94
2025-04-02T19:00:00Z,48.515
2025-04-02T20:00:00Z,52.865
2025-04-02T21:00:00Z,55.99
2025-04-02T22:00:00Z,55.99
2025-04-02T23:00:00Z,54.74
2025-04-03T00:00:00Z,51.615
2025-04-03T01:00:00Z,50.99
2025-04-03T02:00:00Z,50.99
2025-04-03T03:00:00Z,52.48
2025-04-03T04:00:00Z,58.79
2025-04-03T05:00:00Z,54.695
2025-04-03T06:00:00Z,49.903
2025-04-03T07:00:00Z,51.56
2025-04-03T08:00:00Z,54.305
2025-04-03T09:00:00Z,54.9
2025-04-03T10:00:00Z,56.395
2025-04-03T11:00:00Z,58.19
2025-04-03T12:00:00Z,59.14
2025-04-03T13:00:00Z,56.395
2025-04-03T14:00:00Z,49.305
2025-04-03T15:00:00Z,40.8
2025-04-03T16:00:00Z,42.265
2025-04-03T17:00:00Z,46.04
2025-04-03T18:00:00Z,49.195
2025-04-03T19:00:00Z,46.837
2025-04-03T20:00:00Z,44.48
2025-04-03T21:00:00Z,48.462
2025-04-03T22:00:00Z,46.04
2025-04-03T23:00:00Z,44.79
2025-04-04T00:00:00Z,46.04
2025-04-04T01:00:00Z,47.29
2025-04-04T02:00:00Z,48.54
2025-04-04T03:00:00Z,52.89
2025-04-04T04:00:00Z,64.29
2025-04-04T05:00:00Z,63.097
2025-04-04T06:00:00Z,65.897
2025-04-04T07:00:00Z,64.4
2025-04-04T08:00:00Z,62.585
2025-04-04T09:00:00Z,62.852
2025-04-04T10:00:00Z,80.525
2025-04-04T11:00:00Z,86.895
2025-04-04T12:00:00Z,90.28
2025-04-04T13:00:00Z,94.172
2025-04-04T14:00:00Z,86.42
2025-04-04T15:00:00Z,81.107
2025-04-04T16:00:00Z,79.45
2025-04-04T17:00:00Z,84.097
2025-04-04T18:00:00Z,74.5
2025-04-04T19:00:00Z,67.072
2025-04-04T20:00:00Z,65.975
2025-04-04T21:00:00Z,66.6
2025-04-04T22:00:00Z,65.35
2025-04-04T23:00:00Z,64.1
2025-04-05T00:00:00Z,64.1
2025-04-05T01:00:00Z,64.1
2025-04-05T02:00:00Z,64.1
2025-04-05T03:00:00Z,65.65
2025-04-05T04:00:00Z,92.575
2025-04-05T05:00:00Z,89.63
2025-04-05T06:00:00Z,85.992
2025-04-05T07:00:00Z,86.13
2025-04-05T08:00:00Z,86.13
2025-04-05T09:00:00Z,82.677
2025-04-05T10:00:00Z,81.13
2025-04-05T11:00:00Z,87.035
2025-04-05T12:00:00Z,89.237
2025-04-05T13:00:00Z,90.785
2025-04-05T14:00:00Z,75.12
2025-04-05T15:00:00Z,71.11
2025-04-05T16:00:00Z,76.792
2025-04-05T17:00:00Z,80.02
2025-04-05T18:00:00Z,79.722
2025-04-05T19:00:00Z,82.522
2025-04-05T20:00:00Z,86.845
2025-04-05T21:00:00Z,84.892
2025-04-05T22:00:00Z,82.785
2025-04-05T23:00:00Z,79.66
2025-04-06T00:00:00Z,78.41
2025-04-06T01:00:00Z,78.41
2025-04-06T02:00:00Z,79.66
2025-04-06T03:00:00Z,108.907
2025-04-06T04:00:00Z,109.175
2025-04-06T05:00:00Z,103.907
2025-04-06T06:00:00Z,101.162
2025-04-06T07:00:00Z,100.16
2025-04-06T08:00:00Z,95.225
2025-04-06T09:00:00Z,92.172
2025-04-06T10:00:00Z,90.302
2025-04-06T11:00:00Z,93.16
2025-04-06T12:00:00Z,92.56
2025-04-06T13:00:00Z,91.01
2025-04-06T14:00:00Z,95.657
2025-04-06T15:00:00Z,83.925
2025-04-06T16:00:00Z,78.99
2025-04-06T17:00:00Z,85.582
2025-04-06T18:00:00Z,80.285
2025-04-06T19:00:00Z,77.19
2025-04-06T20:00:00Z,79.69
2025-04-06T21:00:00Z,80.315
2025-04-06T22:00:00Z,82.19
2025-04-06T23:00:00Z,82.19
2025-04-07T00:00:00Z,85.94
2025-04-07T01:00:00Z,87.19
2025-04-07T02:00:00Z,90.19
2025-04-07T03:00:00Z,105.09
2025-04-07T04:00:00Z,106.91
2025-04-07T05:00:00Z,101.6
2025-04-07T06:00:00Z,99.812
2025-04-07T07:00:00Z,94.925
2025-04-07T08:00:00Z,96.8
2025-04-07T09:00:00Z,95.662
2025-04-07T10:00:00Z,91.785
2025-04-07T11:00:00Z,85.585
2025-04-07T12:00:00Z,84.062
2025-04-07T13:00:00Z,83.195
2025-04-07T14:00:00Z,75.743
2025-04-07T15:00:00Z,55.39
2025-04-07T16:00:00Z,48.36
2025-04-07T17:00:00Z,46.93
2025-04-07T18:00:00Z,42.58
2025-04-07T19:00:00Z,43.505
2025-04-07T20:00:00Z,50.99
2025-04-07T21:00:00Z,49.79
2025-04-07T22:00:00Z,48.462
2025-04-07T23:00:00Z,44.48
2025-04-08T00:00:00Z,45.68
2025-04-08T01:00:00Z,45.68
2025-04-08T02:00:00Z,46.03
2025-04-08T03:00:00Z,48.83
2025-04-08T04:00:00Z,61.48
2025-04-08T05:00:00Z,56.295
2025-04-08T06:00:00Z,54.343
2025-04-08T07:00:00Z,57.84
2025-04-08T08:00:00Z,59.09
2025-04-08T09:00:00Z,64.335
2025-04-08T10:00:00Z,70.855
2025-04-08T11:00:00Z,66.08
2025-04-08T12:00:00Z,58.56
2025-04-08T13:00:00Z,56.36
2025-04-08T14:00:00Z,55.055
2025-04-08T15:00:00Z,49.43
2025-04-08T16:00:00Z,49.37
2025-04-08T17:00:00Z,51.87
2025-04-08T18:00:00Z,53.07
2025-04-08T19:00:00Z,47.17
2025-04-08T20:00:00Z,48.07
2025-04-08T21:00:00Z,49.32
2025-04-08T22:00:00Z,47.17
2025-04-08T23:00:00Z,46.87
2025-04-09T00:00:00Z,46.87
2025-04-09T01:00:00Z,46.87
2025-04-09T02:00:00Z,46.87
2025-04-09T03:00:00Z,48.367
2025-04-09T04:00:00Z,68.76
2025-04-09T05:00:00Z,86.485
2025-04-09T06:00:00Z,92.228
2025-04-09T07:00:00Z,97.757
2025-04-09T08:00:00Z,100.96
2025-04-09T09:00:00Z,100.96
2025-04-09T10:00:00Z,100.96
2025-04-09T11:00:00Z,102.15
2025-04-09T12:00:00Z,107.775
2025-04-09T13:00:00Z,107.507
2025-04-09T14:00:00Z,105.66
2025-04-09T15:00:00Z,87.96
2025-04-09T16:00:00Z,78.885
2025-04-09T17:00:00Z,79.46
2025-04-09T18:00:00Z,78.235
2025-04-09T19:00:00Z,75.76
2025-04-09T20:00:00Z,75.76
2025-04-09T21:00:00Z,62.963
2025-04-09T22:00:00Z,53.678
2025-04-09T23:00:00Z,53.38
2025-04-10T00:00:00Z,53.38
2025-04-10T01:00:00Z,53.38
2025-04-10T02:00:00Z,54.63
2025-04-10T03:00:00Z,59.867
2025-04-10T04:00:00Z,58.945
2025-04-10T05:00:00Z,51.612
2025-04-10T06:00:00Z,57.765
2025-04-10T07:00:00Z,56.29
2025-04-10T08:00:00Z,55.1
2025-04-10T09:00:00Z,56.403
2025-04-10T10:00:00Z,61.693
2025-04-10T11:00:00Z,64.733
2025-04-10T12:00:00Z,68.235
2025-04-10T13:00:00Z,67.873
2025-04-10T14:00:00Z,72.97
2025-04-10T15:00:00Z,68.02
2025-04-10T16:00:00Z,79.09
2025-04-10T17:00:00Z,85.502
2025-04-10T18:00:00Z,85.8
2025-04-10T19:00:00Z,79.61
2025-04-10T20:00:00Z,82.11
2025-04-10T21:00:00Z,79.61
2025-04-10T22:00:00Z,83.585
2025-04-10T23:00:00Z,84.91
2025-04-11T00:00:00Z,84.91
2025-04-11T01:00:00Z,93.91
2025-04-11T02:00:00Z,96.91
2025-04-11T03:00:00Z,112.96
2025-04-11T04:00:00Z,130.91
2025-04-11T05:00:00Z,128.225
2025-04-11T06:00:00Z,123.987
2025-04-11T07:00:00Z,117.995
2025-04-11T08:00:00Z,116.505
2025-04-11T09:00:00Z,115.53
2025-04-11T10:00:00Z,121.83
2025-04-11T11:00:00Z,123.817
2025-04-11T12:00:00Z,129.175
2025-04-11T13:00:00Z,134.57
2025-04-11T14:00:00Z,140.523
2025-04-11T15:00:00Z,128.83
2025-04-11T16:00:00Z,112.795
2025-04-11T17:00:00Z,106.39
2025-04-11T18:00:00Z,100.062
2025-04-11T19:00:00Z,96.485
2025-04-11T20:00:00Z,93.89
2025-04-11T21:00:00Z,86.64
2025-04-11T22:00:00Z,79.688
2025-04-11T23:00:00Z,78.49
2025-04-12T00:00:00Z,78.19
2025-04-12T01:00:00Z,78.19
2025-04-12T02:00:00Z,79.44
2025-04-12T03:00:00Z,82.24
2025-04-12T04:00:00Z,98.547
2025-04-12T05:00:00Z,101.66
2025-04-12T06:00:00Z,100.648
2025-04-12T07:00:00Z,96.737
2025-04-12T08:00:00Z,93.015
2025-04-12T09:00:00Z,88.68
2025-04-12T10:00:00Z,88.457
2025-04-12T11:00:00Z,94.862
2025-04-12T12:00:00Z,99.642
2025-04-12T13:00:00Z,100.838
2025-04-12T14:00:00Z,93.205
2025-04-12T15:00:00Z,77.44
2025-04-12T16:00:00Z,78.61
2025-04-12T17:00:00Z,79.8
2025-04-12T18:00:00Z,81.377
2025-04-12T19:00:00Z,85.81
2025-04-12T20:00:00Z,88.31
2025-04-12T21:00:00Z,88.61
2025-04-12T22:00:00Z,90.485
2025-04-12T23:00:00Z,88.61
2025-04-13T00:00:00Z,86.11
2025-04-13T01:00:00Z,86.11
2025-04-13T02:00:00Z,86.407
2025-04-13T03:00:00Z,104.405
2025-04-13T04:00:00Z,104.375
2025-04-13T05:00:00Z,100.625
2025-04-13T06:00:00Z,97.315
2025-04-13T07:00:00Z,93.73
2025-04-13T08:00:00Z,89.472
2025-04-13T09:00:00Z,87.325
2025-04-13T10:00:00Z,93.438
2025-04-13T11:00:00Z,95.17
2025-04-13T12:00:00Z,100.293
2025-04-13T13:00:00Z,102.97
2025-04-13T14:00:00Z,102.02
2025-04-13T15:00:00Z,100.362
2025-04-13T16:00:00Z,110.608
2025-04-13T17:00:00Z,109.55
2025-04-13T18:00:00Z,99.35
2025-04-13T19:00:00Z,90.6
2025-04-13T20:00:00Z,93.7
2025-04-13T21:00:00Z,96.2
2025-04-13T22:00:00Z,98.7
2025-04-13T23:00:00Z,98.7
2025-04-14T00:00:00Z,100.575
2025-04-14T01:00:00Z,103.85
2025-04-14T02:00:00Z,106.5
2025-04-14T03:00:00Z,111.35
2025-04-14T04:00:00Z,148.452
2025-04-14T05:00:00Z,146.118
2025-04-14T06:00:00Z,138.278
2025-04-14T07:00:00Z,133.24
2025-04-14T08:00:00Z,133.84
2025-04-14T09:00:00Z,132.248
2025-04-14T10:00:00Z,125.315
2025-04-14T11:00:00Z,125.86
2025-04-14T12:00:00Z,127.815
2025-04-14T13:00:00Z,125.695
2025-04-14T14:00:00Z,110.968
2025-04-14T15:00:00Z,87.858
2025-04-14T16:00:00Z,78.525
2025-04-14T17:00:00Z,84.69
2025-04-14T18:00:00Z,88.197
2025-04-14T19:00:00Z,89.69
2025-04-14T20:00:00Z,96.31
2025-04-14T21:00:00Z,96.31
2025-04-14T22:00:00Z,93.655
2025-04-14T23:00:00Z,90.7
2025-04-15T00:00:00Z,89.8
2025-04-15T01:00:00Z,92.3
2025-04-15T02:00:00Z,97.3
2025-04-15T03:00:00Z,98.225
2025-04-15T04:00:00Z,120.435
2025-04-15T05:00:00Z,106.815
2025-04-15T06:00:00Z,112.5
2025-04-15T07:00:00Z,112.43
2025-04-15T08:00:00Z,109.63
2025-04-15T09:00:00Z,113.655
2025-04-15T10:00:00Z,118.78
2025-04-15T11:00:00Z,123.52
2025-04-15T12:00:00Z,117.477
2025-04-15T13:00:00Z,113.765
2025-04-15T14:00:00Z,107.438
2025-04-15T15:00:00Z,94.18
2025-04-15T16:00:00Z,88.865
2025-04-15T17:00:00Z,90.31
2025-04-15T18:00:00Z,90.61
2025-04-15T19:00:00Z,88.11
2025-04-15T20:00:00Z,89.985
2025-04-15T21:00:00Z,90.61
2025-04-15T22:00:00Z,79.735
2025-04-15T23:00:00Z,76.11
2025-04-16T00:00:00Z,76.11
2025-04-16T01:00:00Z,76.11
2025-04-16T02:00:00Z,76.11
2025-04-16T03:00:00Z,84.36
2025-04-16T04:00:00Z,98.105
2025-04-16T05:00:00Z,116.88
2025-04-16T06:00:00Z,118.66
2025-04-16T07:00:00Z,111.983
2025-04-16T08:00:00Z,105.75
2025-04-16T09:00:00Z,104.5
2025-04-16T10:00:00Z,104.142
2025-04-16T11:00:00Z,108.735
2025-04-16T12:00:00Z,111.713
2025-04-16T13:00:00Z,111.655
2025-04-16T14:00:00Z,113.858
2025-04-16T15:00:00Z,98.543
2025-04-16T16:00:00Z,90.938
2025-04-16T17:00:00Z,81.237
2025-04-16T18:00:00Z,79.662
2025-04-16T19:00:00Z,85.69
2025-04-16T20:00:00Z,92.14
2025-04-16T21:00:00Z,92.14
2025-04-16T22:00:00Z,92.14
2025-04-16T23:00:00Z,96.718
2025-04-17T00:00:00Z,98.64
2025-04-17T01:00:00Z,98.64
2025-04-17T02:00:00Z,98.64
2025-04-17T03:00:00Z,108.99
2025-04-17T04:00:00Z,126.04
2025-04-17T05:00:00Z,116.045
2025-04-17T06:00:00Z,111.25
2025-04-17T07:00:00Z,106.77
2025-04-17T08:00:00Z,103.97
2025-04-17T09:00:00Z,104.87
2025-04-17T10:00:00Z,104.57
2025-04-17T11:00:00Z,109.153
2025-04-17T12:00:00Z,108.562
2025-04-17T13:00:00Z,104.87
2025-04-17T14:00:00Z,101.27
2025-04-17T15:00:00Z,90.403
2025-04-17T16:00:00Z,96.1
2025-04-17T17:00:00Z,104.14
2025-04-17T18:00:00Z,106.343
2025-04-17T19:00:00Z,104.55
2025-04-17T20:00:00Z,109.825
2025-04-17T21:00:00Z,110.45
2025-04-17T22:00:00Z,107.24
2025-04-17T23:00:00Z,113.14
2025-04-18T00:00:00Z,125.14
2025-04-18T01:00:00Z,125.14
2025-04-18T02:00:00Z,126.39
2025-04-18T03:00:00Z,135.44
2025-04-18T04:00:00Z,147.142
2025-04-18T05:00:00Z,145.058
2025-04-18T06:00:00Z,139.59
2025-04-18T07:00:00Z,138.668
2025-04-18T08:00:00Z,141.293
2025-04-18T09:00:00Z,143.265
2025-04-18T10:00:00Z,142.94
2025-04-18T11:00:00Z,142.885
2025-04-18T12:00:00Z,130.93
2025-04-18T13:00:00Z,130.03
2025-04-18T14:00:00Z,131.095
2025-04-18T15:00:00Z,132.07
2025-04-18T16:00:00Z,140.082
2025-04-18T17:00:00Z,144.885
2025-04-18T18:00:00Z,138.51
2025-04-18T19:00:00Z,124.705
2025-04-18T20:00:00Z,112.95
2025-04-18T21:00:00Z,112.95
2025-04-18T22:00:00Z,112.95
2025-04-18T23:00:00Z,115.45
2025-04-19T00:00:00Z,117.95
2025-04-19T01:00:00Z,120.605
2025-04-19T02:00:00Z,126.26
2025-04-19T03:00:00Z,150.86
2025-04-19T04:00:00Z,157.035
2025-04-19T05:00:00Z,148.695
2025-04-19T06:00:00Z,147.875
2025-04-19T07:00:00Z,147.163
2025-04-19T08:00:00Z,139.197
2025-04-19T09:00:00Z,144.537
2025-04-19T10:00:00Z,143.76
2025-04-19T11:00:00Z,138.433
2025-04-19T12:00:00Z,130.153
2025-04-19T13:00:00Z,128.713
2025-04-19T14:00:00Z,129.777
2025-04-19T15:00:00Z,132.195
2025-04-19T16:00:00Z,133.72
2025-04-19T17:00:00Z,135.93
2025-04-19T18:00:00Z,136.23
2025-04-19T19:00:00Z,112.855
2025-04-19T20:00:00Z,117.23
2025-04-19T21:00:00Z,117.23
2025-04-19T22:00:00Z,117.23
2025-04-19T23:00:00Z,117.23
2025-04-20T00:00:00Z,117.23
2025-04-20T01:00:00Z,123.23
2025-04-20T02:00:00Z,129.23
2025-04-20T03:00:00Z,129.23
2025-04-20T04:00:00Z,154.322
2025-04-20T05:00:00Z,159.75
2025-04-20T06:00:00Z,157.01
2025-04-20T07:00:00Z,156.712
2025-04-20T08:00:00Z,151.262
2025-04-20T09:00:00Z,151.735
2025-04-20T10:00:00Z,147.76
2025-04-20T11:00:00Z,151.04
2025-04-20T12:00:00Z,151.34
2025-04-20T13:00:00Z,151.637
2025-04-20T14:00:00Z,136.29
2025-04-20T15:00:00Z,126.583
2025-04-20T16:00:00Z,128.98
2025-04-20T17:00:00Z,133.92
2025-04-20T18:00:00Z,132.918
2025-04-20T19:00:00Z,132.62
2025-04-20T20:00:00Z,127.87
2025-04-20T21:00:00Z,125.62
2025-04-20T22:00:00Z,125.62
2025-04-20T23:00:00Z,125.62
2025-04-21T00:00:00Z,125.62
2025-04-21T01:00:00Z,125.62
2025-04-21T02:00:00Z,125.62
2025-04-21T03:00:00Z,146.918
2025-04-21T04:00:00Z,162.295
2025-04-21T05:00:00Z,155.42
2025-04-21T06:00:00Z,153.575
2025-04-21T07:00:00Z,148.44
2025-04-21T08:00:00Z,145.075
2025-04-21T09:00:00Z,138.11
2025-04-21T10:00:00Z,133.83
2025-04-21T11:00:00Z,133.205
2025-04-21T12:00:00Z,120.365
2025-04-21T13:00:00Z,106.692
2025-04-21T14:00:00Z,104.07
2025-04-21T15:00:00Z,99.935
2025-04-21T16:00:00Z,95.61
2025-04-21T17:00:00Z,88.877
2025-04-21T18:00:00Z,95.047
2025-04-21T19:00:00Z,93.5
2025-04-21T20:00:00Z,95.375
2025-04-21T21:00:00Z,91.595
2025-04-21T22:00:00Z,91.565
2025-04-21T23:00:00Z,90.94
2025-04-22T00:00:00Z,92.19
2025-04-22T01:00:00Z,92.19
2025-04-22T02:00:00Z,94.69
2025-04-22T03:00:00Z,98.74
2025-04-22T04:00:00Z,113.025
2025-04-22T05:00:00Z,108.407
2025-04-22T06:00:00Z,113.085
2025-04-22T07:00:00Z,112.993
2025-04-22T08:00:00Z,102.957
2025-04-22T09:00:00Z,105.447
2025-04-22T10:00:00Z,101.17
2025-04-22T11:00:00Z,100.007
2025-04-22T12:00:00Z,94.58
2025-04-22T13:00:00Z,96.48
2025-04-22T14:00:00Z,94.252
2025-04-22T15:00:00Z,94.713
2025-04-22T16:00:00Z,90.31
2025-04-22T17:00:00Z,89.302
2025-04-22T18:00:00Z,89.002
2025-04-22T19:00:00Z,88.11
2025-04-22T20:00:00Z,89.985
2025-04-22T21:00:00Z,90.61
2025-04-22T22:00:00Z,90.61
2025-04-22T23:00:00Z,85.502
2025-04-23T00:00:00Z,79.8
2025-04-23T01:00:00Z,91.8
2025-04-23T02:00:00Z,91.8
2025-04-23T03:00:00Z,104.755
2025-04-23T04:00:00Z,130.89
2025-04-23T05:00:00Z,152.345
2025-04-23T06:00:00Z,156.202
2025-04-23T07:00:00Z,152.235
2025-04-23T08:00:00Z,151.04
2025-04-23T09:00:00Z,156.34
2025-04-23T10:00:00Z,154.58
2025-04-23T11:00:00Z,152.52
2025-04-23T12:00:00Z,153.528
2025-04-23T13:00:00Z,149.517
2025-04-23T14:00:00Z,149.882
2025-04-23T15:00:00Z,125.045
2025-04-23T16:00:00Z,105.495
2025-04-23T17:00:00Z,95.205
2025-04-23T18:00:00Z,87.06
2025-04-23T19:00:00Z,80.535
2025-04-23T20:00:00Z,82.985
2025-04-23T21:00:00Z,83.61
2025-04-23T22:00:00Z,83.61
2025-04-23T23:00:00Z,83.61
2025-04-24T00:00:00Z,86.61
2025-04-24T01:00:00Z,98.11
2025-04-24T02:00:00Z,100.61
2025-04-24T03:00:00Z,106.907
2025-04-24T04:00:00Z,136.935
2025-04-24T05:00:00Z,135.115
2025-04-24T06:00:00Z,131.295
2025-04-24T07:00:00Z,127.905
2025-04-24T08:00:00Z,130.613
2025-04-24T09:00:00Z,129.02
2025-04-24T10:00:00Z,129.02
2025-04-24T11:00:00Z,130.218
2025-04-24T12:00:00Z,141.325
2025-04-24T13:00:00Z,147.333
2025-04-24T14:00:00Z,130.455
2025-04-24T15:00:00Z,101.625
2025-04-24T16:00:00Z,101.91
2025-04-24T17:00:00Z,104.0
2025-04-24T18:00:00Z,103.405
2025-04-24T19:00:00Z,101.203
2025-04-24T20:00:00Z,106.84
2025-04-24T21:00:00Z,105.62
2025-04-24T22:00:00Z,105.62
2025-04-24T23:00:00Z,105.62
2025-04-25T00:00:00Z,117.62
2025-04-25T01:00:00Z,117.62
2025-04-25T02:00:00Z,118.87
2025-04-25T03:00:00Z,145.54
2025-04-25T04:00:00Z,160.873
2025-04-25T05:00:00Z,160.06
2025-04-25T06:00:00Z,153.305
2025-04-25T07:00:00Z,145.407
2025-04-25T08:00:00Z,145.282
2025-04-25T09:00:00Z,149.173
2025-04-25T10:00:00Z,162.695
2025-04-25T11:00:00Z,156.39
2025-04-25T12:00:00Z,152.87
2025-04-25T13:00:00Z,146.963
2025-04-25T14:00:00Z,145.055
2025-04-25T15:00:00Z,130.108
2025-04-25T16:00:00Z,109.25
2025-04-25T17:00:00Z,104.66
2025-04-25T18:00:00Z,99.885
2025-04-25T19:00:00Z,91.11
2025-04-25T20:00:00Z,86.985
2025-04-25T21:00:00Z,87.61
2025-04-25T22:00:00Z,87.61
2025-04-25T23:00:00Z,86.42
2025-04-26T00:00:00Z,86.42
2025-04-26T01:00:00Z,86.42
2025-04-26T02:00:00Z,98.42
2025-04-26T03:00:00Z,118.898
2025-04-26T04:00:00Z,129.755
2025-04-26T05:00:00Z,136.537
2025-04-26T06:00:00Z,130.735
2025-04-26T07:00:00Z,124.915
2025-04-26T08:00:00Z,121.72
2025-04-26T09:00:00Z,118.63
2025-04-26T10:00:00Z,112.93
2025-04-26T11:00:00Z,107.83
2025-04-26T12:00:00Z,110.33
2025-04-26T13:00:00Z,108.835
2025-04-26T14:00:00Z,111.46
2025-04-26T15:00:00Z,102.045
2025-04-26T16:00:00Z,97.513
2025-04-26T17:00:00Z,104.19
2025-04-26T18:00:00Z,103.892
2025-04-26T19:00:00Z,97.142
2025-04-26T20:00:00Z,86.608
2025-04-26T21:00:00Z,85.58
2025-04-26T22:00:00Z,85.58
2025-04-26T23:00:00Z,82.925
2025-04-27T00:00:00Z,80.27
2025-04-27T01:00:00Z,80.27
2025-04-27T02:00:00Z,82.145
2025-04-27T03:00:00Z,99.07
2025-04-27T04:00:00Z,119.347
2025-04-27T05:00:00Z,116.097
2025-04-27T06:00:00Z,114.692
2025-04-27T07:00:00Z,113.987
2025-04-27T08:00:00Z,110.44
2025-04-27T09:00:00Z,113.93
2025-04-27T10:00:00Z,120.517
2025-04-27T11:00:00Z,120.815
2025-04-27T12:00:00Z,120.545
2025-04-27T13:00:00Z,126.262
2025-04-27T14:00:00Z,122.963
2025-04-27T15:00:00Z,97.868
2025-04-27T16:00:00Z,96.305
2025-04-27T17:00:00Z,100.543
2025-04-27T18:00:00Z,98.045
2025-04-27T19:00:00Z,93.7
2025-04-27T20:00:00Z,93.125
2025-04-27T21:00:00Z,90.0
2025-04-27T22:00:00Z,99.75
2025-04-27T23:00:00Z,107.0
2025-04-28T00:00:00Z,108.875
2025-04-28T01:00:00Z,109.5
2025-04-28T02:00:00Z,109.5
2025-04-28T03:00:00Z,122.1
2025-04-28T04:00:00Z,128.95
2025-04-28T05:00:00Z,131.205
2025-04-28T06:00:00Z,126.315
2025-04-28T07:00:00Z,130.722
2025-04-28T08:00:00Z,141.827
2025-04-28T09:00:00Z,148.11
2025-04-28T10:00:00Z,148.41
2025-04-28T11:00:00Z,150.56
2025-04-28T12:00:00Z,149.507
2025-04-28T13:00:00Z,148.067
2025-04-28T14:00:00Z,128.77
2025-04-28T15:00:00Z,116.653
2025-04-28T16:00:00Z,110.595
2025-04-28T17:00:00Z,102.69
2025-04-28T18:00:00Z,89.593
2025-04-28T19:00:00Z,84.8
2025-04-28T20:00:00Z,84.8
2025-04-28T21:00:00Z,84.8
2025-04-28T22:00:00Z,84.8
2025-04-28T23:00:00Z,84.8
2025-04-29T00:00:00Z,84.8
2025-04-29T01:00:00Z,84.8
2025-04-29T02:00:00Z,86.05
2025-04-29T03:00:00Z,90.1
2025-04-29T04:00:00Z,101.8
2025-04-29T05:00:00Z,96.83
2025-04-29T06:00:00Z,95.782
2025-04-29T07:00:00Z,93.123
2025-04-29T08:00:00Z,99.532
2025-04-29T09:00:00Z,105.672
2025-04-29T10:00:00Z,107.52
2025-04-29T11:00:00Z,109.312
2025-04-29T12:00:00Z,100.64
2025-04-29T13:00:00Z,94.27
2025-04-29T14:00:00Z,93.618
2025-04-29T15:00:00Z,88.157
2025-04-29T16:00:00Z,87.787
2025-04-29T17:00:00Z,89.58
2025-04-29T18:00:00Z,90.29
2025-04-29T19:00:00Z,90.6
2025-04-29T20:00:00Z,91.2
2025-04-29T21:00:00Z,91.2
2025-04-29T22:00:00Z,91.2
2025-04-29T23:00:00Z,91.2
2025-04-30T00:00:00Z,91.2
2025-04-30T01:00:00Z,103.2
2025-04-30T02:00:00Z,103.2
2025-04-30T03:00:00Z,110.42
2025-04-30T04:00:00Z,124.935
2025-04-30T05:00:00Z,137.315
2025-04-30T06:00:00Z,133.675
2025-04-30T07:00:00Z,129.435
2025-04-30T08:00:00Z,127.94
2025-04-30T09:00:00Z,128.84
2025-04-30T10:00:00Z,132.467
2025-04-30T11:00:00Z,124.44
2025-04-30T12:00:00Z,125.453
2025-04-30T13:00:00Z,124.23
2025-04-30T14:00:00Z,118.972
2025-04-30T15:00:00Z,107.61
2025-04-30T16:00:00Z,92.82
2025-04-30T17:00:00Z,93.39
2025-04-30T18:00:00Z,96.105
2025-04-30T19:00:00Z,95.71
2025-04-30T20:00:00Z,95.185
2025-04-30T21:00:00Z,96.435
2025-04-30T22:00:00Z,98.01
2025-04-30T23:00:00Z,97.11
2025-05-01T00:00:00Z,97.11
2025-05-01T01:00:00Z,97.11
2025-05-01T02:00:00Z,99.61
2025-05-01T03:00:00Z,107.285
2025-05-01T04:00:00Z,112.5
2025-05-01T05:00:00Z,110.625
2025-05-01T06:00:00Z,113.207
2025-05-01T07:00:00Z,115.435
2025-05-01T08:00:00Z,120.42
2025-05-01T09:00:00Z,119.578
2025-05-01T10:00:00Z,123.328
2025-05-01T11:00:00Z,123.03
2025-05-01T12:00:00Z,123.03
2025-05-01T13:00:00Z,121.832
2025-05-01T14:00:00Z,115.575
2025-05-01T15:00:00Z,116.843
2025-05-01T16:00:00Z,122.655
2025-05-01T17:00:00Z,125.4
2025-05-01T18:00:00Z,125.1
2025-05-01T19:00:00Z,124.5
2025-05-01T20:00:00Z,126.375
2025-05-01T21:00:00Z,114.625
2025-05-01T22:00:00Z,95.0
2025-05-01T23:00:00Z,95.0
2025-05-02T00:00:00Z,105.81
2025-05-02T01:00:00Z,105.81
2025-05-02T02:00:00Z,108.81
2025-05-02T03:00:00Z,117.078
2025-05-02T04:00:00Z,135.002
2025-05-02T05:00:00Z,132.912
2025-05-02T06:00:00Z,130.412
2025-05-02T07:00:00Z,127.315
2025-05-02T08:00:00Z,127.91
2025-05-02T09:00:00Z,131.21
2025-05-02T10:00:00Z,142.24
2025-05-02T11:00:00Z,137.618
2025-05-02T12:00:00Z,133.22
2025-05-02T13:00:00Z,138.855
2025-05-02T14:00:00Z,144.192
2025-05-02T15:00:00Z,144.733
2025-05-02T16:00:00Z,139.455
2025-05-02T17:00:00Z,132.373
2025-05-02T18:00:00Z,127.422
2025-05-02T19:00:00Z,123.23
2025-05-02T20:00:00Z,116.105
2025-05-02T21:00:00Z,104.73
2025-05-02T22:00:00Z,104.7
2025-05-02T23:00:00Z,105.92
2025-05-03T00:00:00Z,105.92
2025-05-03T01:00:00Z,108.42
2025-05-03T02:00:00Z,125.42
2025-05-03T03:00:00Z,141.925
2025-05-03T04:00:00Z,151.735
2025-05-03T05:00:00Z,146.065
2025-05-03T06:00:00Z,143.347
2025-05-03T07:00:00Z,144.465
2025-05-03T08:00:00Z,142.67
2025-05-03T09:00:00Z,142.97
2025-05-03T10:00:00Z,129.358
2025-05-03T11:00:00Z,123.442
2025-05-03T12:00:00Z,124.17
2025-05-03T13:00:00Z,123.005
2025-05-03T14:00:00Z,117.898
2025-05-03T15:00:00Z,98.888
2025-05-03T16:00:00Z,102.172
2025-05-03T17:00:00Z,103.028
2025-05-03T18:00:00Z,100.155
2025-05-03T19:00:00Z,100.81
2025-05-03T20:00:00Z,91.31
2025-05-03T21:00:00Z,91.31
2025-05-03T22:00:00Z,91.31
2025-05-03T23:00:00Z,87.56
2025-05-04T00:00:00Z,87.635
2025-05-04T01:00:00Z,91.61
2025-05-04T02:00:00Z,91.61
2025-05-04T03:00:00Z,94.71
2025-05-04T04:00:00Z,96.793
2025-05-04T05:00:00Z,95.02
2025-05-04T06:00:00Z,91.98
2025-05-04T07:00:00Z,86.18
2025-05-04T08:00:00Z,89.073
2025-05-04T09:00:00Z,87.015
2025-05-04T10:00:00Z,86.718
2025-05-04T11:00:00Z,95.94
2025-05-04T12:00:00Z,95.188
2025-05-04T13:00:00Z,91.12
2025-05-04T14:00:00Z,92.418
2025-05-04T15:00:00Z,91.875
2025-05-04T16:00:00Z,92.567
2025-05-04T17:00:00Z,94.843
2025-05-04T18:00:00Z,89.295
2025-05-04T19:00:00Z,89.295
2025-05-04T20:00:00Z,92.39
2025-05-04T21:00:00Z,93.015
2025-05-04T22:00:00Z,98.64
2025-05-04T23:00:00Z,99.89
2025-05-05T00:00:00Z,99.89
2025-05-05T01:00:00Z,99.89
2025-05-05T02:00:00Z,103.64
2025-05-05T03:00:00Z,105.257
2025-05-05T04:00:00Z,129.532
2025-05-05T05:00:00Z,138.22
2025-05-05T06:00:00Z,134.555
2025-05-05T07:00:00Z,130.315
2025-05-05T08:00:00Z,130.91
2025-05-05T09:00:00Z,133.603
2025-05-05T10:00:00Z,133.3
2025-05-05T11:00:00Z,133.275
2025-05-05T12:00:00Z,126.072
2025-05-05T13:00:00Z,117.907
2025-05-05T14:00:00Z,117.907
2025-05-05T15:00:00Z,105.438
2025-05-05T16:00:00Z,73.085
2025-05-05T17:00:00Z,76.765
2025-05-05T18:00:00Z,78.965
2025-05-05T19:00:00Z,72.77
2025-05-05T20:00:00Z,75.27
2025-05-05T21:00:00Z,75.27
2025-05-05T22:00:00Z,73.395
2025-05-05T23:00:00Z,72.77
2025-05-06T00:00:00Z,72.77
2025-05-06T01:00:00Z,78.77
2025-05-06T02:00:00Z,84.77
2025-05-06T03:00:00Z,92.695
2025-05-06T04:00:00Z,101.485
2025-05-06T05:00:00Z,100.74
2025-05-06T06:00:00Z,116.067
2025-05-06T07:00:00Z,123.42
2025-05-06T08:00:00Z,127.03
2025-05-06T09:00:00Z,130.505
2025-05-06T10:00:00Z,133.93
2025-05-06T11:00:00Z,139.995
2025-05-06T12:00:00Z,135.512
2025-05-06T13:00:00Z,125.825
2025-05-06T14:00:00Z,118.165
2025-05-06T15:00:00Z,105.0
2025-05-06T16:00:00Z,99.27
2025-05-06T17:00:00Z,97.183
2025-05-06T18:00:00Z,97.78
2025-05-06T19:00:00Z,85.03
2025-05-06T20:00:00Z,83.58
2025-05-06T21:00:00Z,83.58
2025-05-06T22:00:00Z,74.58
2025-05-06T23:00:00Z,71.58
2025-05-07T00:00:00Z,71.58
2025-05-07T01:00:00Z,83.58
2025-05-07T02:00:00Z,84.83
2025-05-07T03:00:00Z,100.877
2025-05-07T04:00:00Z,116.108
2025-05-07T05:00:00Z,136.525
2025-05-07T06:00:00Z,153.7
2025-05-07T07:00:00Z,145.95
2025-05-07T08:00:00Z,139.31
2025-05-07T09:00:00Z,145.502
2025-05-07T10:00:00Z,147.272
2025-05-07T11:00:00Z,135.542
2025-05-07T12:00:00Z,143.317
2025-05-07T13:00:00Z,144.348
2025-05-07T14:00:00Z,143.493
2025-05-07T15:00:00Z,119.427
2025-05-07T16:00:00Z,102.427
2025-05-07T17:00:00Z,88.703
2025-05-07T18:00:00Z,85.01
2025-05-07T19:00:00Z,76.94
2025-05-07T20:00:00Z,75.69
2025-05-07T21:00:00Z,75.69
2025-05-07T22:00:00Z,81.69
2025-05-07T23:00:00Z,87.69
2025-05-08T00:00:00Z,87.69
2025-05-08T01:00:00Z,96.345
2025-05-08T02:00:00Z,105.0
2025-05-08T03:00:00Z,105.595
2025-05-08T04:00:00Z,120.528
2025-05-08T05:00:00Z,135.743
2025-05-08T06:00:00Z,138.785
2025-05-08T07:00:00Z,136.97
2025-05-08T08:00:00Z,132.75
2025-05-08T09:00:00Z,141.34
2025-05-08T10:00:00Z,145.167
2025-05-08T11:00:00Z,152.53
2025-05-08T12:00:00Z,158.512
2025-05-08T13:00:00Z,173.185
2025-05-08T14:00:00Z,168.19
2025-05-08T15:00:00Z,138.305
2025-05-08T16:00:00Z,145.03
2025-05-08T17:00:00Z,148.24
2025-05-08T18:00:00Z,142.163
2025-05-08T19:00:00Z,140.288
2025-05-08T20:00:00Z,143.085
2025-05-08T21:00:00Z,139.96
2025-05-08T22:00:00Z,139.96
2025-05-08T23:00:00Z,139.96
2025-05-09T00:00:00Z,151.96
2025-05-09T01:00:00Z,151.96
2025-05-09T02:00:00Z,153.21
2025-05-09T03:00:00Z,157.26
2025-05-09T04:00:00Z,176.77
2025-05-09T05:00:00Z,182.295
2025-05-09T06:00:00Z,176.51
2025-05-09T07:00:00Z,168.89
2025-05-09T08:00:00Z,164.012
2025-05-09T09:00:00Z,160.93
2025-05-09T10:00:00Z,174.49
2025-05-09T11:00:00Z,167.985
2025-05-09T12:00:00Z,168.088
2025-05-09T13:00:00Z,171.067
2025-05-09T14:00:00Z,165.907
2025-05-09T15:00:00Z,160.148
2025-05-09T16:00:00Z,153.54
2025-05-09T17:00:00Z,159.268
2025-05-09T18:00:00Z,157.06
2025-05-09T19:00:00Z,151.317
2025-05-09T20:00:00Z,141.067
2025-05-09T21:00:00Z,140.77
2025-05-09T22:00:00Z,131.77
2025-05-09T23:00:00Z,127.52
2025-05-10T00:00:00Z,128.77
2025-05-10T01:00:00Z,145.92
2025-05-10T02:00:00Z,160.57
2025-05-10T03:00:00Z,174.42
2025-05-10T04:00:00Z,175.423
2025-05-10T05:00:00Z,173.887
2025-05-10T06:00:00Z,171.197
2025-05-10T07:00:00Z,181.498
2025-05-10T08:00:00Z,188.755
2025-05-10T09:00:00Z,186.785
2025-05-10T10:00:00Z,181.428
2025-05-10T11:00:00Z,173.92
2025-05-10T12:00:00Z,173.62
2025-05-10T13:00:00Z,172.428
2025-05-10T14:00:00Z,168.395
2025-05-10T15:00:00Z,168.567
2025-05-10T16:00:00Z,160.382
2025-05-10T17:00:00Z,145.29
2025-05-10T18:00:00Z,135.56
2025-05-10T19:00:00Z,132.86
2025-05-10T20:00:00Z,124.46
2025-05-10T21:00:00Z,124.46
2025-05-10T22:00:00Z,124.46
2025-05-10T23:00:00Z,124.46
2025-05-11T00:00:00Z,124.46
2025-05-11T01:00:00Z,133.665
2025-05-11T02:00:00Z,138.82
2025-05-11T03:00:00Z,154.397
2025-05-11T04:00:00Z,173.397
2025-05-11T05:00:00Z,167.803
2025-05-11T06:00:00Z,165.985
2025-05-11T07:00:00Z,160.257
2025-05-11T08:00:00Z,166.007
2025-05-11T09:00:00Z,169.483
2025-05-11T10:00:00Z,169.835
2025-05-11T11:00:00Z,172.188
2025-05-11T12:00:00Z,166.21
2025-05-11T13:00:00Z,166.46
2025-05-11T14:00:00Z,170.202
2025-05-11T15:00:00Z,152.16
2025-05-11T16:00:00Z,153.255
2025-05-11T17:00:00Z,141.86
2025-05-11T18:00:00Z,122.08
2025-05-11T19:00:00Z,117.73
2025-05-11T20:00:00Z,117.73
2025-05-11T21:00:00Z,117.73
2025-05-11T22:00:00Z,119.605
2025-05-11T23:00:00Z,123.98
2025-05-12T00:00:00Z,125.23
2025-05-12T01:00:00Z,125.23
2025-05-12T02:00:00Z,125.23
2025-05-12T03:00:00Z,132.812
2025-05-12T04:00:00Z,144.743
2025-05-12T05:00:00Z,144.855
2025-05-12T06:00:00Z,140.395
2025-05-12T07:00:00Z,142.7
2025-05-12T08:00:00Z,149.6
2025-05-12T09:00:00Z,157.99
2025-05-12T10:00:00Z,162.567
2025-05-12T11:00:00Z,150.78
2025-05-12T12:00:00Z,152.382
2025-05-12T13:00:00Z,150.835
2025-05-12T14:00:00Z,147.853
2025-05-12T15:00:00Z,142.37
2025-05-12T16:00:00Z,125.67
2025-05-12T17:00:00Z,128.228
2025-05-12T18:00:00Z,122.853
2025-05-12T19:00:00Z,122.853
2025-05-12T20:00:00Z,127.133
2025-05-12T21:00:00Z,128.46
2025-05-12T22:00:00Z,127.21
2025-05-12T23:00:00Z,125.96
2025-05-13T00:00:00Z,125.96
2025-05-13T01:00:00Z,131.96
2025-05-13T02:00:00Z,139.21
2025-05-13T03:00:00Z,145.835
2025-05-13T04:00:00Z,169.428
2025-05-13T05:00:00Z,178.02
2025-05-13T06:00:00Z,189.465
2025-05-13T07:00:00Z,185.803
2025-05-13T08:00:00Z,186.1
2025-05-13T09:00:00Z,193.817
2025-05-13T10:00:00Z,199.363
2025-05-13T11:00:00Z,201.178
2025-05-13T12:00:00Z,201.535
2025-05-13T13:00:00Z,196.895
2025-05-13T14:00:00Z,185.77
2025-05-13T15:00:00Z,159.028
2025-05-13T16:00:00Z,144.48
2025-05-13T17:00:00Z,146.243
2025-05-13T18:00:00Z,145.945
2025-05-13T19:00:00Z,140.35
2025-05-13T20:00:00Z,141.6
2025-05-13T21:00:00Z,142.85
2025-05-13T22:00:00Z,130.85
2025-05-13T23:00:00Z,130.85
2025-05-14T00:00:00Z,130.85
2025-05-14T01:00:00Z,136.85
2025-05-14T02:00:00Z,142.85
2025-05-14T03:00:00Z,161.1
2025-05-14T04:00:00Z,169.685
2025-05-14T05:00:00Z,181.468
2025-05-14T06:00:00Z,191.377
2025-05-14T07:00:00Z,189.01
2025-05-14T08:00:00Z,182.38
2025-05-14T09:00:00Z,182.08
2025-05-14T10:00:00Z,188.28
2025-05-14T11:00:00Z,175.752
2025-05-14T12:00:00Z,177.28
2025-05-14T13:00:00Z,174.025
2025-05-14T14:00:00Z,171.618
2025-05-14T15:00:00Z,159.208
2025-05-14T16:00:00Z,143.728
2025-05-14T17:00:00Z,123.642
2025-05-14T18:00:00Z,121.39
2025-05-14T19:00:00Z,114.933
2025-05-14T20:00:00Z,115.23
2025-05-14T21:00:00Z,119.213
2025-05-14T22:00:00Z,120.54
2025-05-14T23:00:00Z,120.54
2025-05-15T00:00:00Z,120.54
2025-05-15T01:00:00Z,132.54
2025-05-15T02:00:00Z,133.79
2025-05-15T03:00:00Z,137.84
2025-05-15T04:00:00Z,165.368
2025-05-15T05:00:00Z,164.305
2025-05-15T06:00:00Z,163.843
2025-05-15T07:00:00Z,162.635
2025-05-15T08:00:00Z,159.98
2025-05-15T09:00:00Z,166.148
2025-05-15T10:00:00Z,180.488
2025-05-15T11:00:00Z,199.957
2025-05-15T12:00:00Z,202.613
2025-05-15T13:00:00Z,198.558
2025-05-15T14:00:00Z,199.077
2025-05-15T15:00:00Z,176.213
2025-05-15T16:00:00Z,176.88
2025-05-15T17:00:00Z,190.412
2025-05-15T18:00:00Z,189.16
2025-05-15T19:00:00Z,179.51
2025-05-15T20:00:00Z,179.51
2025-05-15T21:00:00Z,177.01
2025-05-15T22:00:00Z,177.01
2025-05-15T23:00:00Z,177.01
2025-05-16T00:00:00Z,189.01
2025-05-16T01:00:00Z,189.01
2025-05-16T02:00:00Z,189.01
2025-05-16T03:00:00Z,209.91
2025-05-16T04:00:00Z,235.935
2025-05-16T05:00:00Z,234.227
2025-05-16T06:00:00Z,234.165
2025-05-16T07:00:00Z,234.76
2025-05-16T08:00:00Z,229.45
2025-05-16T09:00:00Z,233.295
2025-05-16T10:00:00Z,235.95
2025-05-16T11:00:00Z,234.615
2025-05-16T12:00:00Z,242.605
2025-05-16T13:00:00Z,246.132
2025-05-16T14:00:00Z,255.722
2025-05-16T15:00:00Z,251.065
2025-05-16T16:00:00Z,230.678
2025-05-16T17:00:00Z,231.768
2025-05-16T18:00:00Z,235.463
2025-05-16T19:00:00Z,234.27
2025-05-16T20:00:00Z,231.77
2025-05-16T21:00:00Z,225.21
2025-05-16T22:00:00Z,226.96
2025-05-16T23:00:00Z,214.96
2025-05-17T00:00:00Z,211.96
2025-05-17T01:00:00Z,211.96
2025-05-17T02:00:00Z,228.21
2025-05-17T03:00:00Z,247.46
2025-05-17T04:00:00Z,245.643
2025-05-17T05:00:00Z,242.3
2025-05-17T06:00:00Z,238.338
2025-05-17T07:00:00Z,233.798
2025-05-17T08:00:00Z,236.548
2025-05-17T09:00:00Z,236.29
2025-05-17T10:00:00Z,241.915
2025-05-17T11:00:00Z,242.897
2025-05-17T12:00:00Z,240.407
2025-05-17T13:00:00Z,229.925
2025-05-17T14:00:00Z,218.09
2025-05-17T15:00:00Z,205.547
2025-05-17T16:00:00Z,203.537
2025-05-17T17:00:00Z,210.222
2025-05-17T18:00:00Z,205.065
2025-05-17T19:00:00Z,196.31
2025-05-17T20:00:00Z,189.81
2025-05-17T21:00:00Z,189.81
2025-05-17T22:00:00Z,189.81
2025-05-17T23:00:00Z,189.81
2025-05-18T00:00:00Z,189.81
2025-05-18T01:00:00Z,201.12
2025-05-18T02:00:00Z,207.12
2025-05-18T03:00:00Z,208.995
2025-05-18T04:00:00Z,214.982
2025-05-18T05:00:00Z,220.135
2025-05-18T06:00:00Z,217.745
2025-05-18T07:00:00Z,204.407
2025-05-18T08:00:00Z,187.53
2025-05-18T09:00:00Z,180.53
2025-05-18T10:00:00Z,184.183
2025-05-18T11:00:00Z,178.875
2025-05-18T12:00:00Z,178.662
2025-05-18T13:00:00Z,185.532
2025-05-18T14:00:00Z,187.45
2025-05-18T15:00:00Z,181.433
2025-05-18T16:00:00Z,178.178
2025-05-18T17:00:00Z,181.205
2025-05-18T18:00:00Z,175.885
2025-05-18T19:00:00Z,174.99
2025-05-18T20:00:00Z,175.435
2025-05-18T21:00:00Z,172.78
2025-05-18T22:00:00Z,174.03
2025-05-18T23:00:00Z,177.78
2025-05-19T00:00:00Z,176.887
2025-05-19T01:00:00Z,176.59
2025-05-19T02:00:00Z,180.34
2025-05-19T03:00:00Z,197.185
2025-05-19T04:00:00Z,215.588
2025-05-19T05:00:00Z,218.89
2025-05-19T06:00:00Z,207.3
2025-05-19T07:00:00Z,199.98
2025-05-19T08:00:00Z,200.17
2025-05-19T09:00:00Z,202.26
2025-05-19T10:00:00Z,202.56
2025-05-19T11:00:00Z,194.347
2025-05-19T12:00:00Z,187.83
2025-05-19T13:00:00Z,188.697
2025-05-19T14:00:00Z,188.035
2025-05-19T15:00:00Z,180.365
2025-05-19T16:00:00Z,177.87
2025-05-19T17:00:00Z,180.645
2025-05-19T18:00:00Z,180.93
2025-05-19T19:00:00Z,177.53
2025-05-19T20:00:00Z,174.88
2025-05-19T21:00:00Z,172.23
2025-05-19T22:00:00Z,172.23
2025-05-19T23:00:00Z,172.23
2025-05-20T00:00:00Z,172.23
2025-05-20T01:00:00Z,178.23
2025-05-20T02:00:00Z,184.23
2025-05-20T03:00:00Z,197.855
2025-05-20T04:00:00Z,206.512
2025-05-20T05:00:00Z,215.0
2025-05-20T06:00:00Z,234.61
2025-05-20T07:00:00Z,225.17
2025-05-20T08:00:00Z,222.515
2025-05-20T09:00:00Z,221.735
2025-05-20T10:00:00Z,226.488
2025-05-20T11:00:00Z,226.0
2025-05-20T12:00:00Z,223.595
2025-05-20T13:00:00Z,213.642
2025-05-20T14:00:00Z,201.86
2025-05-20T15:00:00Z,194.925
2025-05-20T16:00:00Z,190.71
2025-05-20T17:00:00Z,182.092
2025-05-20T18:00:00Z,180.897
2025-05-20T19:00:00Z,180.9
2025-05-20T20:00:00Z,181.2
2025-05-20T21:00:00Z,177.217
2025-05-20T22:00:00Z,166.89
2025-05-20T23:00:00Z,163.89
2025-05-21T00:00:00Z,163.89
2025-05-21T01:00:00Z,167.39
2025-05-21T02:00:00Z,174.64
2025-05-21T03:00:00Z,193.985
2025-05-21T04:00:00Z,229.545
2025-05-21T05:00:00Z,252.08
2025-05-21T06:00:00Z,258.59
2025-05-21T07:00:00Z,246.33
2025-05-21T08:00:00Z,246.03
2025-05-21T09:00:00Z,245.055
2025-05-21T10:00:00Z,244.83
2025-05-21T11:00:00Z,244.23
2025-05-21T12:00:00Z,248.252
2025-05-21T13:00:00Z,251.175
2025-05-21T14:00:00Z,261.543
2025-05-21T15:00:00Z,254.16
2025-05-21T16:00:00Z,200.697
2025-05-21T17:00:00Z,180.227
2025-05-21T18:00:00Z,177.755
2025-05-21T19:00:00Z,169.09
2025-05-21T20:00:00Z,177.047
2025-05-21T21:00:00Z,179.7
2025-05-21T22:00:00Z,180.9
2025-05-21T23:00:00Z,192.9
2025-05-22T00:00:00Z,191.7
2025-05-22T01:00:00Z,191.7
2025-05-22T02:00:00Z,191.7
2025-05-22T03:00:00Z,224.652
2025-05-22T04:00:00Z,245.892
2025-05-22T05:00:00Z,248.127
2025-05-22T06:00:00Z,235.9
2025-05-22T07:00:00Z,228.412
2025-05-22T08:00:00Z,233.733
2025-05-22T09:00:00Z,230.298
2025-05-22T10:00:00Z,231.17
2025-05-22T11:00:00Z,233.85
2025-05-22T12:00:00Z,237.923
2025-05-22T13:00:00Z,247.725
2025-05-22T14:00:00Z,248.267
2025-05-22T15:00:00Z,219.683
2025-05-22T16:00:00Z,210.82
2025-05-22T17:00:00Z,200.395
2025-05-22T18:00:00Z,191.99
2025-05-22T19:00:00Z,190.415
2025-05-22T20:00:00Z,191.365
2025-05-22T21:00:00Z,188.89
2025-05-22T22:00:00Z,185.89
2025-05-22T23:00:00Z,176.89
2025-05-23T00:00:00Z,188.89
2025-05-23T01:00:00Z,194.89
2025-05-23T02:00:00Z,202.14
2025-05-23T03:00:00Z,216.74
2025-05-23T04:00:00Z,240.382
2025-05-23T05:00:00Z,247.418
2025-05-23T06:00:00Z,239.732
2025-05-23T07:00:00Z,224.73
2025-05-23T08:00:00Z,219.55
2025-05-23T09:00:00Z,222.205
2025-05-23T10:00:00Z,237.795
2025-05-23T11:00:00Z,235.655
2025-05-23T12:00:00Z,247.035
2025-05-23T13:00:00Z,250.12
2025-05-23T14:00:00Z,259.315
2025-05-23T15:00:00Z,241.165
2025-05-23T16:00:00Z,232.178
2025-05-23T17:00:00Z,236.528
2025-05-23T18:00:00Z,237.45
2025-05-23T19:00:00Z,229.832
2025-05-23T20:00:00Z,225.45
2025-05-23T21:00:00Z,226.05
2025-05-23T22:00:00Z,212.175
2025-05-23T23:00:00Z,223.55
2025-05-24T00:00:00Z,229.55
2025-05-24T01:00:00Z,235.55
2025-05-24T02:00:00Z,246.425
2025-05-24T03:00:00Z,252.848
2025-05-24T04:00:00Z,275.923
2025-05-24T05:00:00Z,277.262
2025-05-24T06:00:00Z,279.723
2025-05-24T07:00:00Z,265.517
2025-05-24T08:00:00Z,262.397
2025-05-24T09:00:00Z,253.178
2025-05-24T10:00:00Z,254.905
2025-05-24T11:00:00Z,262.118
2025-05-24T12:00:00Z,268.322
2025-05-24T13:00:00Z,264.212
2025-05-24T14:00:00Z,254.895
2025-05-24T15:00:00Z,223.417
2025-05-24T16:00:00Z,207.423
2025-05-24T17:00:00Z,215.815
2025-05-24T18:00:00Z,219.89
2025-05-24T19:00:00Z,216.66
2025-05-24T20:00:00Z,209.43
2025-05-24T21:00:00Z,209.43
2025-05-24T22:00:00Z,209.43
2025-05-24T23:00:00Z,205.68
2025-05-25T00:00:00Z,204.43
2025-05-25T01:00:00Z,204.43
2025-05-25T02:00:00Z,205.68
2025-05-25T03:00:00Z,218.94
2025-05-25T04:00:00Z,227.048
2025-05-25T05:00:00Z,220.47
2025-05-25T06:00:00Z,206.475
2025-05-25T07:00:00Z,196.957
2025-05-25T08:00:00Z,185.743
2025-05-25T09:00:00Z,173.252
2025-05-25T10:00:00Z,183.743
2025-05-25T11:00:00Z,190.968
2025-05-25T12:00:00Z,202.623
2025-05-25T13:00:00Z,207.777
2025-05-25T14:00:00Z,206.267
2025-05-25T15:00:00Z,187.822
2025-05-25T16:00:00Z,186.865
2025-05-25T17:00:00Z,184.207
2025-05-25T18:00:00Z,183.005
2025-05-25T19:00:00Z,181.78
2025-05-25T20:00:00Z,180.455
2025-05-25T21:00:00Z,182.105
2025-05-25T22:00:00Z,183.98
2025-05-25T23:00:00Z,183.98
2025-05-26T00:00:00Z,183.98
2025-05-26T01:00:00Z,183.98
2025-05-26T02:00:00Z,183.98
2025-05-26T03:00:00Z,189.88
2025-05-26T04:00:00Z,192.942
2025-05-26T05:00:00Z,204.082
2025-05-26T06:00:00Z,198.332
2025-05-26T07:00:00Z,190.188
2025-05-26T08:00:00Z,190.02
2025-05-26T09:00:00Z,189.76
2025-05-26T10:00:00Z,186.075
2025-05-26T11:00:00Z,182.505
2025-05-26T12:00:00Z,174.69
2025-05-26T13:00:00Z,169.718
2025-05-26T14:00:00Z,168.765
2025-05-26T15:00:00Z,167.6
2025-05-26T16:00:00Z,165.627
2025-05-26T17:00:00Z,164.778
2025-05-26T18:00:00Z,166.575
2025-05-26T19:00:00Z,165.68
2025-05-26T20:00:00Z,169.455
2025-05-26T21:00:00Z,170.08
2025-05-26T22:00:00Z,170.08
2025-05-26T23:00:00Z,169.455
2025-05-27T00:00:00Z,170.235
2025-05-27T01:00:00Z,175.89
2025-05-27T02:00:00Z,186.74
2025-05-27T03:00:00Z,224.685
2025-05-27T04:00:00Z,224.21
2025-05-27T05:00:00Z,220.725
2025-05-27T06:00:00Z,229.067
2025-05-27T07:00:00Z,210.96
2025-05-27T08:00:00Z,206.977
2025-05-27T09:00:00Z,209.485
2025-05-27T10:00:00Z,218.507
2025-05-27T11:00:00Z,220.898
2025-05-27T12:00:00Z,224.565
2025-05-27T13:00:00Z,224.45
2025-05-27T14:00:00Z,223.435
2025-05-27T15:00:00Z,217.9
2025-05-27T16:00:00Z,201.585
2025-05-27T17:00:00Z,179.433
2025-05-27T18:00:00Z,177.433
2025-05-27T19:00:00Z,167.55
2025-05-27T20:00:00Z,170.05
2025-05-27T21:00:00Z,173.8
2025-05-27T22:00:00Z,163.05
2025-05-27T23:00:00Z,163.05
2025-05-28T00:00:00Z,163.05
2025-05-28T01:00:00Z,169.05
2025-05-28T02:00:00Z,177.705
2025-05-28T03:00:00Z,175.35
2025-05-28T04:00:00Z,182.59
2025-05-28T05:00:00Z,215.978
2025-05-28T06:00:00Z,210.292
2025-05-28T07:00:00Z,199.877
2025-05-28T08:00:00Z,194.405
2025-05-28T09:00:00Z,190.127
2025-05-28T10:00:00Z,186.3
2025-05-28T11:00:00Z,181.235
2025-05-28T12:00:00Z,198.048
2025-05-28T13:00:00Z,194.572
2025-05-28T14:00:00Z,204.575
2025-05-28T15:00:00Z,177.032
2025-05-28T16:00:00Z,166.795
2025-05-28T17:00:00Z,151.775
2025-05-28T18:00:00Z,152.455
2025-05-28T19:00:00Z,149.658
2025-05-28T20:00:00Z,148.16
2025-05-28T21:00:00Z,149.36
2025-05-28T22:00:00Z,149.36
2025-05-28T23:00:00Z,149.36
2025-05-29T00:00:00Z,150.688
2025-05-29T01:00:00Z,163.67
2025-05-29T02:00:00Z,167.92
2025-05-29T03:00:00Z,181.745
2025-05-29T04:00:00Z,205.375
2025-05-29T05:00:00Z,199.022
2025-05-29T06:00:00Z,193.347
2025-05-29T07:00:00Z,182.748
2025-05-29T08:00:00Z,181.895
2025-05-29T09:00:00Z,201.67
2025-05-29T10:00:00Z,215.983
2025-05-29T11:00:00Z,222.78
2025-05-29T12:00:00Z,228.18
2025-05-29T13:00:00Z,227.06
2025-05-29T14:00:00Z,230.14
2025-05-29T15:00:00Z,202.868
2025-05-29T16:00:00Z,199.403
2025-05-29T17:00:00Z,213.01
2025-05-29T18:00:00Z,208.435
2025-05-29T19:00:00Z,194.465
2025-05-29T20:00:00Z,195.14
2025-05-29T21:00:00Z,191.39
2025-05-29T22:00:00Z,191.39
2025-05-29T23:00:00Z,179.39
2025-05-30T00:00:00Z,191.39
2025-05-30T01:00:00Z,197.39
2025-05-30T02:00:00Z,203.39
2025-05-30T03:00:00Z,206.99
2025-05-30T04:00:00Z,226.527
2025-05-30T05:00:00Z,245.215
2025-05-30T06:00:00Z,235.308
2025-05-30T07:00:00Z,234.04
2025-05-30T08:00:00Z,232.843
2025-05-30T09:00:00Z,233.31
2025-05-30T10:00:00Z,240.543
2025-05-30T11:00:00Z,245.795
2025-05-30T12:00:00Z,239.058
2025-05-30T13:00:00Z,251.145
2025-05-30T14:00:00Z,265.027
2025-05-30T15:00:00Z,256.1
2025-05-30T16:00:00Z,253.942
2025-05-30T17:00:00Z,257.7
2025-05-30T18:00:00Z,263.87
2025-05-30T19:00:00Z,263.045
2025-05-30T20:00:00Z,257.17
2025-05-30T21:00:00Z,264.498
2025-05-30T22:00:00Z,270.93
2025-05-30T23:00:00Z,277.28
2025-05-31T00:00:00Z,278.607
2025-05-31T01:00:00Z,288.59
2025-05-31T02:00:00Z,308.59
2025-05-31T03:00:00Z,316.015
2025-05-31T04:00:00Z,330.772
2025-05-31T05:00:00Z,323.712
2025-05-31T06:00:00Z,320.212
2025-05-31T07:00:00Z,314.298
2025-05-31T08:00:00Z,315.195
2025-05-31T09:00:00Z,308.99
2025-05-31T10:00:00Z,313.545
2025-05-31T11:00:00Z,317.058
2025-05-31T12:00:00Z,320.42
2025-05-31T13:00:00Z,320.45
2025-05-31T14:00:00Z,316.783
2025-05-31T15:00:00Z,270.352
2025-05-31T16:00:00Z,260.215
2025-05-31T17:00:00Z,252.173
2025-05-31T18:00:00Z,253.095
2025-05-31T19:00:00Z,240.548
2025-05-31T20:00:00Z,232.94
2025-05-31T21:00:00Z,232.94
2025-05-31T22:00:00Z,232.94
2025-05-31T23:00:00Z,232.94
2025-06-01T00:00:00Z,232.94
2025-06-01T01:00:00Z,244.94
2025-06-01T02:00:00Z,244.94
2025-06-01T03:00:00Z,260.635
2025-06-01T04:00:00Z,276.375
2025-06-01T05:00:00Z,284.312
2025-06-01T06:00:00Z,273.81
2025-06-01T07:00:00Z,269.005
2025-06-01T08:00:00Z,250.09
2025-06-01T09:00:00Z,236.822
2025-06-01T10:00:00Z,222.692
2025-06-01T11:00:00Z,219.905
2025-06-01T12:00:00Z,224.86
2025-06-01T13:00:00Z,227.192
2025-06-01T14:00:00Z,213.67
2025-06-01T15:00:00Z,199.94
2025-06-01T16:00:00Z,198.61
2025-06-01T17:00:00Z,202.245
2025-06-01T18:00:00Z,206.51
2025-06-01T19:00:00Z,207.11
2025-06-01T20:00:00Z,206.382
2025-06-01T21:00:00Z,207.4
2025-06-01T22:00:00Z,212.4
2025-06-01T23:00:00Z,213.025
2025-06-02T00:00:00Z,214.9
2025-06-02T01:00:00Z,226.9
2025-06-02T02:00:00Z,228.15
2025-06-02T03:00:00Z,248.055
2025-06-02T04:00:00Z,264.77
2025-06-02T05:00:00Z,259.963
2025-06-02T06:00:00Z,248.725
2025-06-02T07:00:00Z,240.2
2025-06-02T08:00:00Z,242.125
2025-06-02T09:00:00Z,241.085
2025-06-02T10:00:00Z,236.75
2025-06-02T11:00:00Z,227.438
2025-06-02T12:00:00Z,226.757
2025-06-02T13:00:00Z,233.225
2025-06-02T14:00:00Z,214.257
2025-06-02T15:00:00Z,180.44
2025-06-02T16:00:00Z,183.335
2025-06-02T17:00:00Z,205.327
2025-06-02T18:00:00Z,208.493
2025-06-02T19:00:00Z,200.915
2025-06-02T20:00:00Z,204.303
2025-06-02T21:00:00Z,205.63
2025-06-02T22:00:00Z,206.88
2025-06-02T23:00:00Z,205.63
2025-06-03T00:00:00Z,205.63
2025-06-03T01:00:00Z,207.505
2025-06-03T02:00:00Z,208.755
2025-06-03T03:00:00Z,224.178
2025-06-03T04:00:00Z,262.28
2025-06-03T05:00:00Z,283.798
2025-06-03T06:00:00Z,289.305
2025-06-03T07:00:00Z,283.98
2025-06-03T08:00:00Z,283.865
2025-06-03T09:00:00Z,285.822
2025-06-03T10:00:00Z,282.438
2025-06-03T11:00:00Z,282.305
2025-06-03T12:00:00Z,286.365
2025-06-03T13:00:00Z,291.262
2025-06-03T14:00:00Z,281.618
2025-06-03T15:00:00Z,259.625
2025-06-03T16:00:00Z,223.933
2025-06-03T17:00:00Z,210.037
2025-06-03T18:00:00Z,196.205
2025-06-03T19:00:00Z,191.28
2025-06-03T20:00:00Z,184.155
2025-06-03T21:00:00Z,185.405
2025-06-03T22:00:00Z,178.28
2025-06-03T23:00:00Z,175.28
2025-06-04T00:00:00Z,175.28
2025-06-04T01:00:00Z,183.78
2025-06-04T02:00:00Z,192.28
2025-06-04T03:00:00Z,223.762
2025-06-04T04:00:00Z,265.808
2025-06-04T05:00:00Z,296.353
2025-06-04T06:00:00Z,293.815
2025-06-04T07:00:00Z,282.173
2025-06-04T08:00:00Z,278.19
2025-06-04T09:00:00Z,282.135
2025-06-04T10:00:00Z,281.442
2025-06-04T11:00:00Z,281.277
2025-06-04T12:00:00Z,287.43
2025-06-04T13:00:00Z,276.735
2025-06-04T14:00:00Z,257.555
2025-06-04T15:00:00Z,230.355
2025-06-04T16:00:00Z,195.675
2025-06-04T17:00:00Z,184.132
2025-06-04T18:00:00Z,177.282
2025-06-04T19:00:00Z,166.68
2025-06-04T20:00:00Z,166.08
2025-06-04T21:00:00Z,161.08
2025-06-04T22:00:00Z,158.58
2025-06-04T23:00:00Z,161.08
2025-06-05T00:00:00Z,161.08
2025-06-05T01:00:00Z,178.08
2025-06-05T02:00:00Z,180.58
2025-06-05T03:00:00Z,197.157
2025-06-05T04:00:00Z,223.812
2025-06-05T05:00:00Z,233.178
2025-06-05T06:00:00Z,229.99
2025-06-05T07:00:00Z,218.493
2025-06-05T08:00:00Z,227.79
2025-06-05T09:00:00Z,241.308
2025-06-05T10:00:00Z,256.365
2025-06-05T11:00:00Z,260.947
2025-06-05T12:00:00Z,272.402
2025-06-05T13:00:00Z,272.392
2025-06-05T14:00:00Z,256.502
2025-06-05T15:00:00Z,222.412
2025-06-05T16:00:00Z,222.22
2025-06-05T17:00:00Z,223.85
2025-06-05T18:00:00Z,210.127
2025-06-05T19:00:00Z,208.73
2025-06-05T20:00:00Z,212.48
2025-06-05T21:00:00Z,216.83
2025-06-05T22:00:00Z,219.305
2025-06-05T23:00:00Z,207.93
2025-06-06T00:00:00Z,220.163
2025-06-06T01:00:00Z,234.74
2025-06-06T02:00:00Z,235.99
2025-06-06T03:00:00Z,259.315
2025-06-06T04:00:00Z,263.645
2025-06-06T05:00:00Z,252.965
2025-06-06T06:00:00Z,248.16
2025-06-06T07:00:00Z,234.225
2025-06-06T08:00:00Z,229.08
2025-06-06T09:00:00Z,228.222
2025-06-06T10:00:00Z,240.46
2025-06-06T11:00:00Z,247.762
2025-06-06T12:00:00Z,255.25
2025-06-06T13:00:00Z,257.77
2025-06-06T14:00:00Z,262.692
2025-06-06T15:00:00Z,263.137
2025-06-06T16:00:00Z,236.21
2025-06-06T17:00:00Z,243.615
2025-06-06T18:00:00Z,240.558
2025-06-06T19:00:00Z,235.26
2025-06-06T20:00:00Z,227.96
2025-06-06T21:00:00Z,224.66
2025-06-06T22:00:00Z,220.535
2025-06-06T23:00:00Z,234.142
2025-06-07T00:00:00Z,247.47
2025-06-07T01:00:00Z,252.47
2025-06-07T02:00:00Z,265.298
2025-06-07T03:00:00Z,282.007
2025-06-07T04:00:00Z,294.51
2025-06-07T05:00:00Z,284.64
2025-06-07T06:00:00Z,274.353
2025-06-07T07:00:00Z,263.058
2025-06-07T08:00:00Z,257.405
2025-06-07T09:00:00Z,259.222
2025-06-07T10:00:00Z,258.817
2025-06-07T11:00:00Z,260.125
2025-06-07T12:00:00Z,258.847
2025-06-07T13:00:00Z,247.892
2025-06-07T14:00:00Z,223.412
2025-06-07T15:00:00Z,182.632
2025-06-07T16:00:00Z,183.368
2025-06-07T17:00:00Z,200.075
2025-06-07T18:00:00Z,199.875
2025-06-07T19:00:00Z,198.875
2025-06-07T20:00:00Z,191.9
2025-06-07T21:00:00Z,180.275
2025-06-07T22:00:00Z,178.4
2025-06-07T23:00:00Z,178.4
2025-06-08T00:00:00Z,185.725
2025-06-08T01:00:00Z,200.7
2025-06-08T02:00:00Z,204.45
2025-06-08T03:00:00Z,215.05
2025-06-08T04:00:00Z,210.525
2025-06-08T05:00:00Z,196.702
2025-06-08T06:00:00Z,194.28
2025-06-08T07:00:00Z,178.583
2025-06-08T08:00:00Z,186.34
2025-06-08T09:00:00Z,194.765
2025-06-08T10:00:00Z,193.208
2025-06-08T11:00:00Z,188.63
2025-06-08T12:00:00Z,192.387
2025-06-08T13:00:00Z,190.058
2025-06-08T14:00:00Z,185.343
2025-06-08T15:00:00Z,169.14
2025-06-08T16:00:00Z,181.765
2025-06-08T17:00:00Z,186.188
2025-06-08T18:00:00Z,187.125
2025-06-08T19:00:00Z,186.353
2025-06-08T20:00:00Z,188.993
2025-06-08T21:00:00Z,185.01
2025-06-08T22:00:00Z,186.885
2025-06-08T23:00:00Z,187.51
2025-06-09T00:00:00Z,190.01
2025-06-09T01:00:00Z,210.01
2025-06-09T02:00:00Z,219.01
2025-06-09T03:00:00Z,232.502
2025-06-09T04:00:00Z,239.105
2025-06-09T05:00:00Z,248.64
2025-06-09T06:00:00Z,242.595
2025-06-09T07:00:00Z,236.49
2025-06-09T08:00:00Z,229.093
2025-06-09T09:00:00Z,227.765
2025-06-09T10:00:00Z,228.065
2025-06-09T11:00:00Z,228.205
2025-06-09T12:00:00Z,222.958
2025-06-09T13:00:00Z,223.765
2025-06-09T14:00:00Z,219.267
2025-06-09T15:00:00Z,215.165
2025-06-09T16:00:00Z,193.077
2025-06-09T17:00:00Z,212.838
2025-06-09T18:00:00Z,212.365
2025-06-09T19:00:00Z,212.395
2025-06-09T20:00:00Z,211.77
2025-06-09T21:00:00Z,214.425
2025-06-09T22:00:00Z,217.705
2025-06-09T23:00:00Z,215.175
2025-06-10T00:00:00Z,213.27
2025-06-10T01:00:00Z,214.52
2025-06-10T02:00:00Z,221.27
2025-06-10T03:00:00Z,245.37
2025-06-10T04:00:00Z,258.6
2025-06-10T05:00:00Z,269.898
2025-06-10T06:00:00Z,291.06
2025-06-10T07:00:00Z,297.097
2025-06-10T08:00:00Z,299.202
2025-06-10T09:00:00Z,304.82
2025-06-10T10:00:00Z,314.847
2025-06-10T11:00:00Z,313.642
2025-06-10T12:00:00Z,295.73
2025-06-10T13:00:00Z,291.038
2025-06-10T14:00:00Z,299.137
2025-06-10T15:00:00Z,293.44
2025-06-10T16:00:00Z,282.06
2025-06-10T17:00:00Z,255.657
2025-06-10T18:00:00Z,238.89
2025-06-10T19:00:00Z,226.562
2025-06-10T20:00:00Z,223.205
2025-06-10T21:00:00Z,225.08
2025-06-10T22:00:00Z,227.58
2025-06-10T23:00:00Z,227.58
2025-06-11T00:00:00Z,227.58
2025-06-11T01:00:00Z,241.455
2025-06-11T02:00:00Z,242.08
2025-06-11T03:00:00Z,242.68
2025-06-11T04:00:00Z,236.812
2025-06-11T05:00:00Z,248.088
2025-06-11T06:00:00Z,251.9
2025-06-11T07:00:00Z,241.815
2025-06-11T08:00:00Z,237.067
2025-06-11T09:00:00Z,233.088
2025-06-11T10:00:00Z,230.93
2025-06-11T11:00:00Z,231.675
2025-06-11T12:00:00Z,234.197
2025-06-11T13:00:00Z,232.465
2025-06-11T14:00:00Z,234.173
2025-06-11T15:00:00Z,221.798
2025-06-11T16:00:00Z,214.058
2025-06-11T17:00:00Z,217.395
2025-06-11T18:00:00Z,214.312
2025-06-11T19:00:00Z,213.282
2025-06-11T20:00:00Z,220.062
2025-06-11T21:00:00Z,221.39
2025-06-11T22:00:00Z,230.39
2025-06-11T23:00:00Z,235.89
2025-06-12T00:00:00Z,235.89
2025-06-12T01:00:00Z,237.765
2025-06-12T02:00:00Z,239.64
2025-06-12T03:00:00Z,256.967
2025-06-12T04:00:00Z,260.915
2025-06-12T05:00:00Z,252.583
2025-06-12T06:00:00Z,239.865
2025-06-12T07:00:00Z,233.148
2025-06-12T08:00:00Z,227.538
2025-06-12T09:00:00Z,224.387
2025-06-12T10:00:00Z,235.988
2025-06-12T11:00:00Z,243.817
2025-06-12T12:00:00Z,243.89
2025-06-12T13:00:00Z,235.305
2025-06-12T14:00:00Z,232.25
2025-06-12T15:00:00Z,221.808
2025-06-12T16:00:00Z,232.157
2025-06-12T17:00:00Z,242.715
2025-06-12T18:00:00Z,245.188
2025-06-12T19:00:00Z,238.7
2025-06-12T20:00:00Z,246.825
2025-06-12T21:00:00Z,248.7
2025-06-12T22:00:00Z,250.575
2025-06-12T23:00:00Z,242.2
2025-06-13T00:00:00Z,247.45
2025-06-13T01:00:00Z,261.95
2025-06-13T02:00:00Z,265.7
2025-06-13T03:00:00Z,297.123
2025-06-13T04:00:00Z,307.53
2025-06-13T05:00:00Z,298.16
2025-06-13T06:00:00Z,311.332
2025-06-13T07:00:00Z,299.623
2025-06-13T08:00:00Z,299.623
2025-06-13T09:00:00Z,316.44
2025-06-13T10:00:00Z,322.045
2025-06-13T11:00:00Z,331.12
2025-06-13T12:00:00Z,336.865
2025-06-13T13:00:00Z,336.533
2025-06-13T14:00:00Z,329.075
2025-06-13T15:00:00Z,325.743
2025-06-13T16:00:00Z,323.523
2025-06-13T17:00:00Z,337.555
2025-06-13T18:00:00Z,340.248
2025-06-13T19:00:00Z,338.005
2025-06-13T20:00:00Z,323.98
2025-06-13T21:00:00Z,299.58
2025-06-13T22:00:00Z,297.205
2025-06-13T23:00:00Z,308.58
2025-06-14T00:00:00Z,314.58
2025-06-14T01:00:00Z,324.955
2025-06-14T02:00:00Z,336.58
2025-06-14T03:00:00Z,347.005
2025-06-14T04:00:00Z,369.053
2025-06-14T05:00:00Z,354.455
2025-06-14T06:00:00Z,347.525
2025-06-14T07:00:00Z,333.465
2025-06-14T08:00:00Z,332.567
2025-06-14T09:00:00Z,326.808
2025-06-14T10:00:00Z,324.325
2025-06-14T11:00:00Z,325.64
2025-06-14T12:00:00Z,333.24
2025-06-14T13:00:00Z,329.652
2025-06-14T14:00:00Z,316.038
2025-06-14T15:00:00Z,264.36
2025-06-14T16:00:00Z,258.395
2025-06-14T17:00:00Z,269.462
2025-06-14T18:00:00Z,274.635
2025-06-14T19:00:00Z,271.78
2025-06-14T20:00:00Z,274.495
2025-06-14T21:00:00Z,266.745
2025-06-14T22:00:00Z,260.62
2025-06-14T23:00:00Z,260.62
2025-06-15T00:00:00Z,270.947
2025-06-15T01:00:00Z,279.805
2025-06-15T02:00:00Z,280.43
2025-06-15T03:00:00Z,305.855
2025-06-15T04:00:00Z,309.188
2025-06-15T05:00:00Z,296.868
2025-06-15T06:00:00Z,297.658
2025-06-15T07:00:00Z,279.31
2025-06-15T08:00:00Z,260.385
2025-06-15T09:00:00Z,247.74
2025-06-15T10:00:00Z,233.873
2025-06-15T11:00:00Z,237.163
2025-06-15T12:00:00Z,246.262
2025-06-15T13:00:00Z,244.248
2025-06-15T14:00:00Z,245.875
2025-06-15T15:00:00Z,235.657
2025-06-15T16:00:00Z,221.91
2025-06-15T17:00:00Z,225.87
2025-06-15T18:00:00Z,233.387
2025-06-15T19:00:00Z,234.965
2025-06-15T20:00:00Z,240.74
2025-06-15T21:00:00Z,238.09
2025-06-15T22:00:00Z,239.965
2025-06-15T23:00:00Z,241.483
2025-06-16T00:00:00Z,244.28
2025-06-16T01:00:00Z,252.637
2025-06-16T02:00:00Z,258.34
2025-06-16T03:00:00Z,269.012
2025-06-16T04:00:00Z,281.777
2025-06-16T05:00:00Z,275.618
2025-06-16T06:00:00Z,270.283
2025-06-16T07:00:00Z,261.955
2025-06-16T08:00:00Z,262.685
2025-06-16T09:00:00Z,257.157
2025-06-16T10:00:00Z,262.4
2025-06-16T11:00:00Z,259.447
2025-06-16T12:00:00Z,257.142
2025-06-16T13:00:00Z,245.692
2025-06-16T14:00:00Z,246.105
2025-06-16T15:00:00Z,252.863
2025-06-16T16:00:00Z,249.683
2025-06-16T17:00:00Z,263.895
2025-06-16T18:00:00Z,257.83
2025-06-16T19:00:00Z,255.19
2025-06-16T20:00:00Z,248.44
2025-06-16T21:00:00Z,235.19
2025-06-16T22:00:00Z,227.44
2025-06-16T23:00:00Z,226.19
2025-06-17T00:00:00Z,238.19
2025-06-17T01:00:00Z,240.065
2025-06-17T02:00:00Z,240.69
2025-06-17T03:00:00Z,257.54
2025-06-17T04:00:00Z,282.587
2025-06-17T05:00:00Z,280.598
2025-06-17T06:00:00Z,291.452
2025-06-17T07:00:00Z,278.197
2025-06-17T08:00:00Z,282.035
2025-06-17T09:00:00Z,288.762
2025-06-17T10:00:00Z,290.257
2025-06-17T11:00:00Z,281.472
2025-06-17T12:00:00Z,279.1
2025-06-17T13:00:00Z,276.462
2025-06-17T14:00:00Z,274.165
2025-06-17T15:00:00Z,265.635
2025-06-17T16:00:00Z,250.0
2025-06-17T17:00:00Z,221.737
2025-06-17T18:00:00Z,222.635
2025-06-17T19:00:00Z,213.933
2025-06-17T20:00:00Z,211.23
2025-06-17T21:00:00Z,211.23
2025-06-17T22:00:00Z,207.73
2025-06-17T23:00:00Z,201.73
2025-06-18T00:00:00Z,201.73
2025-06-18T01:00:00Z,204.23
2025-06-18T02:00:00Z,207.98
2025-06-18T03:00:00Z,247.83
2025-06-18T04:00:00Z,260.81
2025-06-18T05:00:00Z,275.798
2025-06-18T06:00:00Z,270.37
2025-06-18T07:00:00Z,266.19
2025-06-18T08:00:00Z,262.207
2025-06-18T09:00:00Z,259.54
2025-06-18T10:00:00Z,261.36
2025-06-18T11:00:00Z,263.748
2025-06-18T12:00:00Z,271.527
2025-06-18T13:00:00Z,267.02
2025-06-18T14:00:00Z,266.048
2025-06-18T15:00:00Z,253.757
2025-06-18T16:00:00Z,229.435
2025-06-18T17:00:00Z,206.713
2025-06-18T18:00:00Z,203.63
2025-06-18T19:00:00Z,199.488
2025-06-18T20:00:00Z,201.84
2025-06-18T21:00:00Z,201.84
2025-06-18T22:00:00Z,201.84
2025-06-18T23:00:00Z,203.715
2025-06-19T00:00:00Z,207.34
2025-06-19T01:00:00Z,224.215
2025-06-19T02:00:00Z,232.168
2025-06-19T03:00:00Z,248.75
2025-06-19T04:00:00Z,272.405
2025-06-19T05:00:00Z,276.35
2025-06-19T06:00:00Z,266.442
2025-06-19T07:00:00Z,270.81
2025-06-19T08:00:00Z,281.76
2025-06-19T09:00:00Z,288.727
2025-06-19T10:00:00Z,284.793
2025-06-19T11:00:00Z,298.825
2025-06-19T12:00:00Z,315.81
2025-06-19T13:00:00Z,320.34
2025-06-19T14:00:00Z,307.54
2025-06-19T15:00:00Z,279.862
2025-06-19T16:00:00Z,262.212
2025-06-19T17:00:00Z,273.317
2025-06-19T18:00:00Z,268.86
2025-06-19T19:00:00Z,267.452
2025-06-19T20:00:00Z,264.0
2025-06-19T21:00:00Z,264.0
2025-06-19T22:00:00Z,265.875
2025-06-19T23:00:00Z,254.5
2025-06-20T00:00:00Z,269.5
2025-06-20T01:00:00Z,283.965
2025-06-20T02:00:00Z,287.87
2025-06-20T03:00:00Z,305.238
2025-06-20T04:00:00Z,316.475
2025-06-20T05:00:00Z,309.035
2025-06-20T06:00:00Z,308.543
2025-06-20T07:00:00Z,297.857
2025-06-20T08:00:00Z,301.01
2025-06-20T09:00:00Z,301.397
2025-06-20T10:00:00Z,299.045
2025-06-20T11:00:00Z,311.582
2025-06-20T12:00:00Z,321.335
2025-06-20T13:00:00Z,328.235
2025-06-20T14:00:00Z,312.85
2025-06-20T15:00:00Z,305.527
2025-06-20T16:00:00Z,305.725
2025-06-20T17:00:00Z,315.577
2025-06-20T18:00:00Z,320.35
2025-06-20T19:00:00Z,313.805
2025-06-20T20:00:00Z,299.335
2025-06-20T21:00:00Z,286.74
2025-06-20T22:00:00Z,276.615
2025-06-20T23:00:00Z,289.24
2025-06-21T00:00:00Z,298.24
2025-06-21T01:00:00Z,311.39
2025-06-21T02:00:00Z,324.368
2025-06-21T03:00:00Z,339.613
2025-06-21T04:00:00Z,346.238
2025-06-21T05:00:00Z,345.033
2025-06-21T06:00:00Z,336.265
2025-06-21T07:00:00Z,331.345
2025-06-21T08:00:00Z,320.73
2025-06-21T09:00:00Z,310.71
2025-06-21T10:00:00Z,308.683
2025-06-21T11:00:00Z,314.4
2025-06-21T12:00:00Z,317.955
2025-06-21T13:00:00Z,303.995
2025-06-21T14:00:00Z,284.91
2025-06-21T15:00:00Z,266.043
2025-06-21T16:00:00Z,264.952
2025-06-21T17:00:00Z,256.647
2025-06-21T18:00:00Z,264.545
2025-06-21T19:00:00Z,260.738
2025-06-21T20:00:00Z,249.38
2025-06-21T21:00:00Z,244.555
2025-06-21T22:00:00Z,241.28
2025-06-21T23:00:00Z,241.28
2025-06-22T00:00:00Z,243.78
2025-06-22T01:00:00Z,254.705
2025-06-22T02:00:00Z,259.08
2025-06-22T03:00:00Z,270.49
2025-06-22T04:00:00Z,278.835
2025-06-22T05:00:00Z,274.688
2025-06-22T06:00:00Z,274.53
2025-06-22T07:00:00Z,254.598
2025-06-22T08:00:00Z,231.218
2025-06-22T09:00:00Z,219.95
2025-06-22T10:00:00Z,231.462
2025-06-22T11:00:00Z,235.34
2025-06-22T12:00:00Z,234.032
2025-06-22T13:00:00Z,234.142
2025-06-22T14:00:00Z,213.498
2025-06-22T15:00:00Z,192.627
2025-06-22T16:00:00Z,183.322
2025-06-22T17:00:00Z,219.325
2025-06-22T18:00:00Z,228.195
2025-06-22T19:00:00Z,224.615
2025-06-22T20:00:00Z,227.115
2025-06-22T21:00:00Z,222.44
2025-06-22T22:00:00Z,223.69
2025-06-22T23:00:00Z,224.94
2025-06-23T00:00:00Z,224.94
2025-06-23T01:00:00Z,226.815
2025-06-23T02:00:00Z,230.285
2025-06-23T03:00:00Z,255.553
2025-06-23T04:00:00Z,260.288
2025-06-23T05:00:00Z,268.875
2025-06-23T06:00:00Z,259.527
2025-06-23T07:00:00Z,250.305
2025-06-23T08:00:00Z,247.482
2025-06-23T09:00:00Z,250.472
2025-06-23T10:00:00Z,253.387
2025-06-23T11:00:00Z,256.048
2025-06-23T12:00:00Z,258.567
2025-06-23T13:00:00Z,255.31
2025-06-23T14:00:00Z,257.21
2025-06-23T15:00:00Z,264.925
2025-06-23T16:00:00Z,253.62
2025-06-23T17:00:00Z,238.495
2025-06-23T18:00:00Z,227.445
2025-06-23T19:00:00Z,227.743
2025-06-23T20:00:00Z,226.915
2025-06-23T21:00:00Z,218.54
2025-06-23T22:00:00Z,219.79
2025-06-23T23:00:00Z,218.54
2025-06-24T00:00:00Z,224.54
2025-06-24T01:00:00Z,238.415
2025-06-24T02:00:00Z,246.29
2025-06-24T03:00:00Z,267.795
2025-06-24T04:00:00Z,281.123
2025-06-24T05:00:00Z,286.772
2025-06-24T06:00:00Z,304.863
2025-06-24T07:00:00Z,300.298
2025-06-24T08:00:00Z,309.12
2025-06-24T09:00:00Z,310.912
2025-06-24T10:00:00Z,307.097
2025-06-24T11:00:00Z,303.882
2025-06-24T12:00:00Z,303.83
2025-06-24T13:00:00Z,302.55
2025-06-24T14:00:00Z,307.805
2025-06-24T15:00:00Z,301.985
2025-06-24T16:00:00Z,287.873
2025-06-24T17:00:00Z,253.153
2025-06-24T18:00:00Z,247.053
2025-06-24T19:00:00Z,246.16
2025-06-24T20:00:00Z,243.035
2025-06-24T21:00:00Z,241.785
2025-06-24T22:00:00Z,232.16
2025-06-24T23:00:00Z,229.16
2025-06-25T00:00:00Z,229.16
2025-06-25T01:00:00Z,237.66
2025-06-25T02:00:00Z,243.66
2025-06-25T03:00:00Z,266.518
2025-06-25T04:00:00Z,279.272
2025-06-25T05:00:00Z,301.152
2025-06-25T06:00:00Z,294.62
2025-06-25T07:00:00Z,282.31
2025-06-25T08:00:00Z,273.155
2025-06-25T09:00:00Z,270.32
2025-06-25T10:00:00Z,269.185
2025-06-25T11:00:00Z,269.47
2025-06-25T12:00:00Z,266.975
2025-06-25T13:00:00Z,260.24
2025-06-25T14:00:00Z,250.78
2025-06-25T15:00:00Z,233.868
2025-06-25T16:00:00Z,213.82
2025-06-25T17:00:00Z,198.39
2025-06-25T18:00:00Z,195.14
2025-06-25T19:00:00Z,195.44
2025-06-25T20:00:00Z,197.615
2025-06-25T21:00:00Z,198.24
2025-06-25T22:00:00Z,198.24
2025-06-25T23:00:00Z,200.74
2025-06-26T00:00:00Z,203.74
2025-06-26T01:00:00Z,217.265
2025-06-26T02:00:00Z,223.118
2025-06-26T03:00:00Z,236.123
2025-06-26T04:00:00Z,251.438
2025-06-26T05:00:00Z,238.428
2025-06-26T06:00:00Z,232.623
2025-06-26T07:00:00Z,239.273
2025-06-26T08:00:00Z,239.525
2025-06-26T09:00:00Z,256.995
2025-06-26T10:00:00Z,243.243
2025-06-26T11:00:00Z,235.39
2025-06-26T12:00:00Z,232.903
2025-06-26T13:00:00Z,238.385
2025-06-26T14:00:00Z,234.945
2025-06-26T15:00:00Z,227.29
2025-06-26T16:00:00Z,222.38
2025-06-26T17:00:00Z,229.375
2025-06-26T18:00:00Z,229.827
2025-06-26T19:00:00Z,220.413
2025-06-26T20:00:00Z,225.49
2025-06-26T21:00:00Z,226.74
2025-06-26T22:00:00Z,228.615
2025-06-26T23:00:00Z,220.24
2025-06-27T00:00:00Z,227.99
2025-06-27T01:00:00Z,228.77
2025-06-27T02:00:00Z,235.05
2025-06-27T03:00:00Z,268.633
2025-06-27T04:00:00Z,288.908
2025-06-27T05:00:00Z,271.933
2025-06-27T06:00:00Z,261.82
2025-06-27T07:00:00Z,247.715
2025-06-27T08:00:00Z,239.205
2025-06-27T09:00:00Z,236.695
2025-06-27T10:00:00Z,235.668
2025-06-27T11:00:00Z,250.56
2025-06-27T12:00:00Z,256.335
2025-06-27T13:00:00Z,265.22
2025-06-27T14:00:00Z,284.643
2025-06-27T15:00:00Z,307.61
2025-06-27T16:00:00Z,301.212
2025-06-27T17:00:00Z,296.015
2025-06-27T18:00:00Z,300.01
2025-06-27T19:00:00Z,290.82
2025-06-27T20:00:00Z,278.52
2025-06-27T21:00:00Z,262.62
2025-06-27T22:00:00Z,258.495
2025-06-27T23:00:00Z,271.12
2025-06-28T00:00:00Z,275.02
2025-06-28T01:00:00Z,286.195
2025-06-28T02:00:00Z,297.07
2025-06-28T03:00:00Z,306.683
2025-06-28T04:00:00Z,299.527
2025-06-28T05:00:00Z,287.015
2025-06-28T06:00:00Z,275.855
2025-06-28T07:00:00Z,267.192
2025-06-28T08:00:00Z,264.97
2025-06-28T09:00:00Z,261.22
2025-06-28T10:00:00Z,257.007
2025-06-28T11:00:00Z,249.735
2025-06-28T12:00:00Z,243.765
2025-06-28T13:00:00Z,244.093
2025-06-28T14:00:00Z,238.965
2025-06-28T15:00:00Z,217.845
2025-06-28T16:00:00Z,215.968
2025-06-28T17:00:00Z,216.332
2025-06-28T18:00:00Z,223.95
2025-06-28T19:00:00Z,220.947
2025-06-28T20:00:00Z,211.84
2025-06-28T21:00:00Z,211.24
2025-06-28T22:00:00Z,209.365
2025-06-28T23:00:00Z,208.74
2025-06-29T00:00:00Z,210.067
2025-06-29T01:00:00Z,215.925
2025-06-29T02:00:00Z,213.895
2025-06-29T03:00:00Z,213.715
2025-06-29T04:00:00Z,217.59
2025-06-29T05:00:00Z,218.488
2025-06-29T06:00:00Z,208.1
2025-06-29T07:00:00Z,206.905
2025-06-29T08:00:00Z,205.147
2025-06-29T09:00:00Z,204.85
2025-06-29T10:00:00Z,204.12
2025-06-29T11:00:00Z,207.968
2025-06-29T12:00:00Z,203.13
2025-06-29T13:00:00Z,210.335
2025-06-29T14:00:00Z,210.3
2025-06-29T15:00:00Z,219.588
2025-06-29T16:00:00Z,220.488
2025-06-29T17:00:00Z,227.613
2025-06-29T18:00:00Z,234.363
2025-06-29T19:00:00Z,230.91
2025-06-29T20:00:00Z,230.21
2025-06-29T21:00:00Z,226.86
2025-06-29T22:00:00Z,226.86
2025-06-29T23:00:00Z,226.86
2025-06-30T00:00:00Z,226.86
2025-06-30T01:00:00Z,226.86
2025-06-30T02:00:00Z,226.86
2025-06-30T03:00:00Z,252.955
2025-06-30T04:00:00Z,264.413
2025-06-30T05:00:00Z,249.727
2025-06-30T06:00:00Z,226.825
2025-06-30T07:00:00Z,203.602
2025-06-30T08:00:00Z,209.863
2025-06-30T09:00:00Z,210.572
2025-06-30T10:00:00Z,204.028
2025-06-30T11:00:00Z,207.808
2025-06-30T12:00:00Z,219.423
2025-06-30T13:00:00Z,227.612
2025-06-30T14:00:00Z,231.603
2025-06-30T15:00:00Z,228.597
2025-06-30T16:00:00Z,222.417
2025-06-30T17:00:00Z,235.023
2025-06-30T18:00:00Z,226.738
2025-06-30T19:00:00Z,218.04
2025-06-30T20:00:00Z,215.54
2025-06-30T21:00:00Z,215.54
2025-06-30T22:00:00Z,214.915
2025-06-30T23:00:00Z,214.915
