"UnitID","GenerationUnitEIC","PowerSystemResourceName","InstalledGenCapacity","ProductionType_FK","BiddingZone","HRMinPer","Efficiency","HRMaxPer","MinActive","FuelCoefA","FuelCoefB","FuelCoefC","StartUpTime","ShutDownTime","MinDownTime","RampUp","RampDown","FuelType","StartUpConsumptionCold","StartUpConsumptionWarm","StartUpConsumptionHot","ShutDownConsumptionCold","ShutDownConsumptionWarm","ShutDownConsumptionHot","Long","Lat"
1,"11W0-0000-0004-B","11W0-0000-0004-B",254.0,8,75,75.0,50.0,100.0,47.0,0.0,0.0,0.0,,,6.0,254.0,254.0,,,,,,,,,
2,"11W0-0000-0005-8","11W0-0000-0005-8",1037.3,8,75,75.0,50.0,100.0,182.0,0.0,0.0,0.0,,,6.0,1037.3,1037.3,,,,,,,,,
3,"11W0-0000-0006-5","11W0-0000-0006-5",691.7,8,66,75.0,50.0,100.0,112.0,0.0,0.0,0.0,,,7.0,691.7,691.7,,,,,,,,,
4,"11W0-0000-0044-W","11W0-0000-0044-W",1052.0,8,66,75.0,50.0,100.0,286.0,0.0,0.0,0.0,,,336.0,1052.0,1052.0,,,,,,,,,
5,"11W0-0000-0103-9","11W0-0000-0103-9",300.0,5,65,75.0,55.0,100.0,200.0,0.0,0.0,0.0,,,4.0,300.0,300.0,,,,,,,,,
6,"11W0-0000-0104-6","11W0-0000-0104-6",264.0,5,65,75.0,55.0,100.0,45.0,0.0,0.0,0.0,,,7.0,264.0,264.0,,,,,,,,,
7,"11W0-0000-0109-S","11W0-0000-0109-S",180.0,16,75,75.0,50.0,100.0,44.0,0.0,0.0,0.0,,,3.0,180.0,180.0,,,,,,,,,
8,"11W0-0000-0110-E","11W0-0000-0110-E",180.0,16,75,75.0,50.0,100.0,45.0,0.0,0.0,0.0,,,3.0,180.0,180.0,,,,,,,,,
9,"11W0-0000-0163-M","11W0-0000-0163-M",190.4,5,74,75.0,55.0,100.0,12.0,0.0,0.0,0.0,,,3.0,190.4,190.4,,,,,,,,,
10,"11WD2BR14000113U","11WD2BR14000113U",155.0,5,74,75.0,55.0,100.0,62.0,0.0,0.0,0.0,0.0,0.0,0.0,155.0,155.0,0,0.0,0.0,0.0,0.0,0.0,0.0,,
11,"11WD2BR15000116G","11WD2BR15000116G",119.0,8,74,75.0,50.0,100.0,6.0,0.0,0.0,0.0,,,3.0,119.0,119.0,,,,,,,,,
12,"11WD2BRE4000115K","11WD2BRE4000115K",176.0,5,74,75.0,55.0,100.0,117.0,0.0,0.0,0.0,,,3.0,176.0,176.0,,,,,,,,,
13,"11WD2BRE50001178","11WD2BRE50001178",127.0,8,74,75.0,50.0,100.0,50.800000000000004,0.0,0.0,0.0,0.0,0.0,0.0,127.0,127.0,0,0.0,0.0,0.0,0.0,0.0,0.0,,
14,"11WD2BRE6000118Z","11WD2BRE6000118Z",300.0,8,74,75.0,50.0,100.0,86.0,0.0,0.0,0.0,,,3.0,300.0,300.0,,,,,,,,,
15,"11WD2BROK000123P","11WD2BROK000123P",1410.0,3,74,75.0,50.0,100.0,766.0,0.0,0.0,0.0,,,336.0,1410.0,1410.0,,,,,,,,,
16,"11WD2BURG000145R","11WD2BURG000145R",120.0,5,74,75.0,55.0,100.0,28.0,0.0,0.0,0.0,,,4.0,120.0,120.0,,,,,,,,,
17,"11WD2BUSD0000386","11WD2BUSD0000386",352.0,12,74,75.0,50.0,100.0,140.8,0.0,0.0,0.0,,,0.0,352.0,352.0,,,,,,,,,
18,"11WD2FARG0001262","11WD2FARG0001262",350.0,8,74,75.0,50.0,100.0,164.0,0.0,0.0,0.0,,,4.0,350.0,350.0,,,,,,,,,
19,"11WD2FFW4000020J","11WD2FFW4000020J",110.5,5,74,75.0,55.0,100.0,60.0,0.0,0.0,0.0,,,336.0,110.5,110.5,,,,,,,,,
20,"11WD2GE2D000056A","11WD2GE2D000056A",440.0,5,74,75.0,55.0,100.0,145.0,0.0,0.0,0.0,,,6.0,440.0,440.0,,,,,,,,,
21,"11WD2GEB1000055R","11WD2GEB1000055R",383.0,5,74,75.0,55.0,100.0,90.0,0.0,0.0,0.0,,,336.0,383.0,383.0,,,,,,,,,
22,"11WD2GKBK000335V","11WD2GKBK000335V",450.0,5,74,75.0,55.0,100.0,156.0,0.0,0.0,0.0,,,52.0,450.0,450.0,,,,,,,,,
23,"11WD2GRAF000047F","11WD2GRAF000047F",1275.0,3,74,75.0,50.0,100.0,600.0,0.0,0.0,0.0,0.0,0.0,0.0,1275.0,1275.0,0,0.0,0.0,0.0,0.0,0.0,0.0,,
24,"11WD2GROH000049H","11WD2GROH000049H",1360.0,3,74,75.0,50.0,100.0,724.0,0.0,0.0,0.0,,,336.0,1360.0,1360.0,,,,,,,,,
25,"11WD2HANN5C---1X","11WD2HANN5C---1X",136.0,8,74,75.0,50.0,100.0,50.0,0.0,0.0,0.0,,,336.0,136.0,136.0,,,,,,,,,
26,"11WD2HANN5C---2V","11WD2HANN5C---2V",136.0,8,74,75.0,50.0,100.0,50.0,0.0,0.0,0.0,,,336.0,136.0,136.0,,,,,,,,,
27,"11WD2HERR5G----G","11WD2HERR5G----G",100.0,5,74,75.0,55.0,100.0,27.0,0.0,0.0,0.0,,,336.0,100.0,100.0,,,,,,,,,
28,"11WD2HEY40000638","11WD2HEY40000638",875.0,8,74,75.0,50.0,100.0,183.0,0.0,0.0,0.0,,,11.0,875.0,875.0,,,,,,,,,
29,"11WD2HUNT0000644","11WD2HUNT0000644",321.0,5,74,75.0,55.0,100.0,34.0,0.0,0.0,0.0,,,3.0,321.0,321.0,,,,,,,,,
30,"11WD2ING3000058X","11WD2ING3000058X",386.0,14,74,75.0,50.0,100.0,42.0,0.0,0.0,0.0,,,336.0,386.0,386.0,,,,,,,,,
31,"11WD2ING4000059N","11WD2ING4000059N",386.0,14,74,75.0,50.0,100.0,42.0,0.0,0.0,0.0,,,336.0,386.0,386.0,,,,,,,,,
32,"11WD2IRG30000606","11WD2IRG30000606",415.0,5,74,75.0,55.0,100.0,59.0,0.0,0.0,0.0,,,336.0,415.0,415.0,,,,,,,,,
33,"11WD2IRG4000061X","11WD2IRG4000061X",561.0,5,74,75.0,55.0,100.0,330.0,0.0,0.0,0.0,,,336.0,561.0,561.0,,,,,,,,,
34,"11WD2IRG5000062N","11WD2IRG5000062N",846.0,5,74,75.0,55.0,100.0,249.0,0.0,0.0,0.0,,,336.0,846.0,846.0,,,,,,,,,
35,"11WD2ISAR000122A","11WD2ISAR000122A",1410.0,3,74,75.0,50.0,100.0,854.0,0.0,0.0,0.0,,,336.0,1410.0,1410.0,,,,,,,,,
36,"11WD2KIEL000050P","11WD2KIEL000050P",323.0,8,74,75.0,50.0,100.0,135.0,0.0,0.0,0.0,,,51.0,323.0,323.0,,,,,,,,,
37,"11WD2KUM1000161L","11WD2KUM1000161L",144.5,16,74,75.0,50.0,100.0,18.0,0.0,0.0,0.0,,,13.0,144.5,144.5,,,,,,,,,
38,"11WD2KUM2000162B","11WD2KUM2000162B",144.5,16,74,75.0,50.0,100.0,18.0,0.0,0.0,0.0,,,15.0,144.5,144.5,,,,,,,,,
39,"11WD2MEHR2CSWHCZ","11WD2MEHR2CSWHCZ",690.0,8,74,75.0,50.0,100.0,150.0,0.0,0.0,0.0,,,336.0,690.0,690.0,,,,,,,,,
40,"11WD2NOR20001055","11WD2NOR20001055",333.0,8,74,75.0,50.0,100.0,211.0,0.0,0.0,0.0,,,3.0,333.0,333.0,,,,,,,,,
41,"11WD2S1G2000097U","11WD2S1G2000097U",108.0,5,74,75.0,55.0,100.0,70.0,0.0,0.0,0.0,,,6.0,108.0,108.0,,,,,,,,,
42,"11WD2S1G3000098K","11WD2S1G3000098K",108.0,5,74,75.0,55.0,100.0,69.0,0.0,0.0,0.0,,,5.0,108.0,108.0,,,,,,,,,
43,"11WD2S260000100F","11WD2S260000100F",128.0,5,74,75.0,55.0,100.0,32.0,0.0,0.0,0.0,,,6.0,128.0,128.0,,,,,,,,,
44,"11WD2S2610001015","11WD2S2610001015",136.0,5,74,75.0,55.0,100.0,90.0,0.0,0.0,0.0,,,4.0,136.0,136.0,,,,,,,,,
45,"11WD2S262000102W","11WD2S262000102W",136.0,5,74,75.0,55.0,100.0,70.0,0.0,0.0,0.0,,,4.0,136.0,136.0,,,,,,,,,
46,"11WD2SIM10001585","11WD2SIM10001585",250.0,13,74,75.0,50.0,100.0,18.0,0.0,0.0,0.0,,,13.0,250.0,250.0,,,,,,,,,
47,"11WD2SIM2000159W","11WD2SIM2000159W",250.0,13,74,75.0,50.0,100.0,18.0,0.0,0.0,0.0,,,15.0,250.0,250.0,,,,,,,,,
48,"11WD2STA4000065N","11WD2STA4000065N",622.0,5,74,75.0,55.0,100.0,218.0,0.0,0.0,0.0,,,336.0,622.0,622.0,,,,,,,,,
49,"11WD2STA5000066D","11WD2STA5000066D",510.0,8,74,75.0,50.0,100.0,230.0,0.0,0.0,0.0,,,10.0,510.0,510.0,,,,,,,,,
50,"11WD2VEL3000053J","11WD2VEL3000053J",303.0,8,74,75.0,50.0,100.0,121.2,0.0,0.0,0.0,0.0,0.0,0.0,303.0,303.0,0,0.0,0.0,0.0,0.0,0.0,0.0,,
51,"11WD2W2M1000073I","11WD2W2M1000073I",240.0,16,74,75.0,50.0,100.0,22.0,0.0,0.0,0.0,,,5.0,240.0,240.0,,,,,,,,,
52,"11WD2W2M20000748","11WD2W2M20000748",240.0,16,74,75.0,50.0,100.0,18.0,0.0,0.0,0.0,,,5.0,240.0,240.0,,,,,,,,,
53,"11WD2WBW1000039N","11WD2WBW1000039N",138.5,8,74,75.0,50.0,100.0,42.0,0.0,0.0,0.0,,,3.0,138.5,138.5,,,,,,,,,
54,"11WD2WBW2000040U","11WD2WBW2000040U",138.5,8,74,75.0,50.0,100.0,42.0,0.0,0.0,0.0,,,10.0,138.5,138.5,,,,,,,,,
55,"11WD2WIL10000688","11WD2WIL10000688",757.0,8,74,75.0,50.0,100.0,184.0,0.0,0.0,0.0,,,336.0,757.0,757.0,,,,,,,,,
56,"11WD2WILH0001255","11WD2WILH0001255",726.0,8,74,75.0,50.0,100.0,172.0,0.0,0.0,0.0,,,48.0,726.0,726.0,,,,,,,,,
57,"11WD2ZOL50001274","11WD2ZOL50001274",472.0,8,74,75.0,50.0,100.0,110.0,0.0,0.0,0.0,,,3.0,472.0,472.0,,,,,,,,,
58,"11WD43KOP2HM1--L","11WD43KOP2HM1--L",175.0,16,75,75.0,50.0,100.0,9.0,0.0,0.0,0.0,,,3.0,175.0,175.0,,,,,,,,,
59,"11WD43KOP2HM2--H","11WD43KOP2HM2--H",175.0,16,75,75.0,50.0,100.0,10.0,0.0,0.0,0.0,,,3.0,175.0,175.0,,,,,,,,,
60,"11WD43KOP2HM3--D","11WD43KOP2HM3--D",175.0,16,75,75.0,50.0,100.0,9.0,0.0,0.0,0.0,,,3.0,175.0,175.0,,,,,,,,,
61,"11WD43ROW2H----I","11WD43ROW2H----I",295.0,16,75,75.0,50.0,100.0,128.0,0.0,0.0,0.0,,,6.0,295.0,295.0,,,,,,,,,
62,"11WD4AL1U1C1---T","11WD4AL1U1C1---T",433.0,8,75,75.0,50.0,100.0,173.20000000000002,0.0,0.0,0.0,0.0,0.0,0.0,433.0,433.0,0,0.0,0.0,0.0,0.0,0.0,0.0,,
63,"11WD4AL1U1C2---O","11WD4AL1U1C2---O",336.0,8,75,75.0,50.0,100.0,106.0,0.0,0.0,0.0,,,9.0,336.0,336.0,,,,,,,,,
64,"11WD4GKNK1N-GESZ","11WD4GKNK1N-GESZ",1320.0,3,75,75.0,50.0,100.0,795.0,0.0,0.0,0.0,,,336.0,1320.0,1320.0,,,,,,,,,
65,"11WD4HLBR1C7---4","11WD4HLBR1C7---4",778.0,8,75,75.0,50.0,100.0,214.0,0.0,0.0,0.0,,,336.0,778.0,778.0,,,,,,,,,
66,"11WD4HLBR2C5---7","11WD4HLBR2C5---7",125.0,8,75,75.0,50.0,100.0,50.0,0.0,0.0,0.0,0.0,0.0,0.0,125.0,125.0,0,0.0,0.0,0.0,0.0,0.0,0.0,,
67,"11WD4HLBR5C6---I","11WD4HLBR5C6---I",125.0,8,75,75.0,50.0,100.0,50.0,0.0,0.0,0.0,0.0,0.0,0.0,125.0,125.0,0,0.0,0.0,0.0,0.0,0.0,0.0,,
68,"11WD4IFFE5H----T","11WD4IFFE5H----T",146.0,11,75,75.0,50.0,100.0,96.0,0.0,0.0,0.0,,,17.0,146.0,146.0,,,,,,,,,
69,"11WD4KKP21N2---E","11WD4KKP21N2---E",1402.0,3,75,75.0,50.0,100.0,553.0,0.0,0.0,0.0,,,336.0,1402.0,1402.0,,,,,,,,,
70,"11WD4KWLFB5M1107","11WD4KWLFB5M1107",106.0,11,75,75.0,50.0,100.0,53.0,0.0,0.0,0.0,,,5.0,106.0,106.0,,,,,,,,,
71,"11WD4KWRHF5M1-4I","11WD4KWRHF5M1-4I",100.0,11,75,75.0,50.0,100.0,37.0,0.0,0.0,0.0,,,5.0,100.0,100.0,,,,,,,,,
72,"11WD4MUST5X-DT-M","11WD4MUST5X-DT-M",109.0,15,75,75.0,50.0,100.0,22.0,0.0,0.0,0.0,,,3.0,109.0,109.0,,,,,,,,,
73,"11WD4RDK42G4---O","11WD4RDK42G4---O",353.0,5,75,75.0,55.0,100.0,141.20000000000002,0.0,0.0,0.0,0.0,0.0,0.0,353.0,353.0,0,0.0,0.0,0.0,0.0,0.0,0.0,,
74,"11WD4RDK71C7---G","11WD4RDK71C7---G",505.0,8,75,75.0,50.0,100.0,170.0,0.0,0.0,0.0,,,336.0,505.0,505.0,,,,,,,,,
75,"11WD4RDK81C8---3","11WD4RDK81C8---3",842.0,8,75,75.0,50.0,100.0,270.0,0.0,0.0,0.0,,,336.0,842.0,842.0,,,,,,,,,
76,"11WD4SAEK2HD4--9","11WD4SAEK2HD4--9",180.0,16,75,75.0,50.0,100.0,22.0,0.0,0.0,0.0,,,5.0,180.0,180.0,,,,,,,,,
77,"11WD4SAEK2HD7--Y","11WD4SAEK2HD7--Y",180.0,16,66,75.0,50.0,100.0,9.0,0.0,0.0,0.0,,,3.0,180.0,180.0,,,,,,,,,
78,"11WD4WALK5OGTD-F","11WD4WALK5OGTD-F",136.0,14,75,75.0,50.0,100.0,7.0,0.0,0.0,0.0,,,336.0,136.0,136.0,,,,,,,,,
79,"11WD4WEHR1HD4--Y","11WD4WEHR1HD4--Y",455.0,16,75,75.0,50.0,100.0,45.0,0.0,0.0,0.0,,,3.0,455.0,455.0,,,,,,,,,
80,"11WD4WEHR1HD7--M","11WD4WEHR1HD7--M",455.0,16,66,75.0,50.0,100.0,23.0,0.0,0.0,0.0,,,5.0,455.0,455.0,,,,,,,,,
81,"11WD4WITZ5H-SD4C","11WD4WITZ5H-SD4C",110.0,16,75,75.0,50.0,100.0,28.0,0.0,0.0,0.0,,,8.0,110.0,110.0,,,,,,,,,
82,"11WD4WITZ5H-SD76","11WD4WITZ5H-SD76",110.0,16,66,75.0,50.0,100.0,6.0,0.0,0.0,0.0,,,7.0,110.0,110.0,,,,,,,,,
83,"11WD72VIA2H--10R","11WD72VIA2H--10R",196.0,16,66,75.0,50.0,100.0,113.0,0.0,0.0,0.0,,,21.0,196.0,196.0,,,,,,,,,
84,"11WD72VIA2H--11P","11WD72VIA2H--11P",198.0,16,66,75.0,50.0,100.0,61.0,0.0,0.0,0.0,,,3.0,198.0,198.0,,,,,,,,,
85,"11WD7BEEC5XHAM4I","11WD7BEEC5XHAM4I",100.0,19,66,75.0,50.0,100.0,50.0,0.0,0.0,0.0,,,3.0,100.0,100.0,,,,,,,,,
86,"11WD7BEEC5XHAM5G","11WD7BEEC5XHAM5G",225.0,19,66,75.0,50.0,100.0,146.0,0.0,0.0,0.0,,,336.0,225.0,225.0,,,,,,,,,
87,"11WD7BEEC5XRUH4E","11WD7BEEC5XRUH4E",165.0,19,66,75.0,50.0,100.0,98.0,0.0,0.0,0.0,,,336.0,165.0,165.0,,,,,,,,,
88,"11WD7BERG1S--A-X","11WD7BERG1S--A-X",717.0,8,66,75.0,50.0,100.0,145.0,0.0,0.0,0.0,,,336.0,717.0,717.0,,,,,,,,,
89,"11WD7BISC5GKW2-W","11WD7BISC5GKW2-W",335.0,5,66,75.0,55.0,100.0,200.0,0.0,0.0,0.0,,,336.0,335.0,335.0,,,,,,,,,
90,"11WD7BISC5GKW3-T","11WD7BISC5GKW3-T",450.0,5,66,75.0,55.0,100.0,200.0,0.0,0.0,0.0,,,5.0,450.0,450.0,,,,,,,,,
91,"11WD7BOLA5GDTN2T","11WD7BOLA5GDTN2T",147.0,5,66,75.0,55.0,100.0,54.0,0.0,0.0,0.0,,,336.0,147.0,147.0,,,,,,,,,
92,"11WD7BOLA5GGTN2E","11WD7BOLA5GGTN2E",266.0,5,66,75.0,55.0,100.0,108.0,0.0,0.0,0.0,,,336.0,266.0,266.0,,,,,,,,,
93,"11WD7BOLL5BFRFBC","11WD7BOLL5BFRFBC",113.0,12,66,75.0,50.0,100.0,45.2,0.0,0.0,0.0,0.0,0.0,0.0,113.0,113.0,0,0.0,0.0,0.0,0.0,0.0,0.0,,
94,"11WD7BRAU5G-GUDH","11WD7BRAU5G-GUDH",562.0,5,66,75.0,55.0,100.0,260.0,0.0,0.0,0.0,,,7.0,562.0,562.0,,,,,,,,,
95,"11WD7EMSL-G-BLB0","11WD7EMSL-G-BLB0",475.0,5,66,75.0,55.0,100.0,136.0,0.0,0.0,0.0,,,6.0,475.0,475.0,,,,,,,,,
96,"11WD7EMSL-G-BLCZ","11WD7EMSL-G-BLCZ",475.0,5,66,75.0,55.0,100.0,136.0,0.0,0.0,0.0,,,5.0,475.0,475.0,,,,,,,,,
97,"11WD7EMSL1G-GUD9","11WD7EMSL1G-GUD9",870.0,5,66,75.0,55.0,100.0,244.0,0.0,0.0,0.0,,,6.0,870.0,870.0,,,,,,,,,
98,"11WD7ENSD2S--1-J","11WD7ENSD2S--1-J",106.0,8,66,75.0,50.0,100.0,38.0,0.0,0.0,0.0,,,91.0,106.0,106.0,,,,,,,,,
99,"11WD7ENSD5S--3-T","11WD7ENSD5S--3-T",283.0,8,66,75.0,50.0,100.0,85.0,0.0,0.0,0.0,,,20.0,283.0,283.0,,,,,,,,,
100,"11WD7FRIM2B--P-G","11WD7FRIM2B--P-G",289.0,12,66,75.0,50.0,100.0,115.60000000000001,0.0,0.0,0.0,0.0,0.0,0.0,289.0,289.0,0,0.0,0.0,0.0,0.0,0.0,0.0,,
101,"11WD7FRIM2B--Q-D","11WD7FRIM2B--Q-D",291.0,12,66,75.0,50.0,100.0,116.4,0.0,0.0,0.0,0.0,0.0,0.0,291.0,291.0,0,0.0,0.0,0.0,0.0,0.0,0.0,,
102,"11WD7FUEH5GMERKA","11WD7FUEH5GMERKA",110.0,5,66,75.0,55.0,100.0,66.0,0.0,0.0,0.0,,,336.0,110.0,110.0,,,,,,,,,
103,"11WD7GERS-G-BLF3","11WD7GERS-G-BLF3",410.0,5,66,75.0,55.0,100.0,42.0,0.0,0.0,0.0,,,336.0,410.0,410.0,,,,,,,,,
104,"11WD7GERS-G-BLG1","11WD7GERS-G-BLG1",402.0,5,66,75.0,55.0,100.0,42.0,0.0,0.0,0.0,,,336.0,402.0,402.0,,,,,,,,,
105,"11WD7GERS-G-BLIY","11WD7GERS-G-BLIY",410.0,5,66,75.0,55.0,100.0,53.0,0.0,0.0,0.0,,,336.0,410.0,410.0,,,,,,,,,
106,"11WD7GERS1S-K2-7","11WD7GERS1S-K2-7",614.0,8,66,75.0,50.0,100.0,347.0,0.0,0.0,0.0,,,49.0,614.0,614.0,,,,,,,,,
107,"11WD7GERS5S-K1-J","11WD7GERS5S-K1-J",112.0,5,66,75.0,55.0,100.0,62.0,0.0,0.0,0.0,,,336.0,112.0,112.0,,,,,,,,,
108,"11WD7HERD2G-H6-X","11WD7HERD2G-H6-X",424.0,5,66,75.0,55.0,100.0,201.0,0.0,0.0,0.0,,,336.0,424.0,424.0,,,,,,,,,
109,"11WD7HERN2S--4-X","11WD7HERN2S--4-X",460.0,8,66,75.0,50.0,100.0,106.0,0.0,0.0,0.0,,,20.0,460.0,460.0,,,,,,,,,
110,"11WD7HUCK2G--A-C","11WD7HUCK2G--A-C",300.0,19,66,75.0,50.0,100.0,120.0,0.0,0.0,0.0,0.0,0.0,0.0,300.0,300.0,0,0.0,0.0,0.0,0.0,0.0,0.0,,
111,"11WD7HUCK2G--B-9","11WD7HUCK2G--B-9",300.0,19,66,75.0,50.0,100.0,120.0,0.0,0.0,0.0,0.0,0.0,0.0,300.0,300.0,0,0.0,0.0,0.0,0.0,0.0,0.0,,
112,"11WD7IBBE2S--B-P","11WD7IBBE2S--B-P",790.0,8,66,75.0,50.0,100.0,452.0,0.0,0.0,0.0,,,336.0,790.0,790.0,,,,,,,,,
113,"11WD7KKE-1K-BLAZ","11WD7KKE-1K-BLAZ",1336.0,3,66,75.0,50.0,100.0,388.0,0.0,0.0,0.0,,,336.0,1336.0,1336.0,,,,,,,,,
114,"11WD7KOEP2P--5-G","11WD7KOEP2P--5-G",162.0,16,66,75.0,50.0,100.0,51.0,0.0,0.0,0.0,,,8.0,162.0,162.0,,,,,,,,,
115,"11WD7KRBG1KD7-BE","11WD7KRBG1KD7-BE",1284.0,3,66,75.0,50.0,100.0,513.6,0.0,0.0,0.0,0.0,0.0,0.0,1284.0,1284.0,0,0.0,0.0,0.0,0.0,0.0,0.0,,
116,"11WD7KRBG1KD7-CC","11WD7KRBG1KD7-CC",1288.0,3,66,75.0,50.0,100.0,686.0,0.0,0.0,0.0,,,336.0,1288.0,1288.0,,,,,,,,,
117,"11WD7KWHU1GBL10E","11WD7KWHU1GBL10E",425.0,5,66,75.0,55.0,100.0,220.0,0.0,0.0,0.0,,,5.0,425.0,425.0,,,,,,,,,
118,"11WD7KWHU1GBL20B","11WD7KWHU1GBL20B",425.0,5,66,75.0,55.0,100.0,200.0,0.0,0.0,0.0,,,5.0,425.0,425.0,,,,,,,,,
119,"11WD7KWKN-20-EEW","11WD7KWKN-20-EEW",426.0,5,66,75.0,55.0,100.0,237.0,0.0,0.0,0.0,,,4.0,426.0,426.0,,,,,,,,,
120,"11WD7KWKN-KW-EEN","11WD7KWKN-KW-EEN",784.0,5,66,75.0,55.0,100.0,249.0,0.0,0.0,0.0,,,4.0,784.0,784.0,,,,,,,,,
121,"11WD7LIES5B-WRKC","11WD7LIES5B-WRKC",151.0,12,66,75.0,50.0,100.0,60.400000000000006,0.0,0.0,0.0,0.0,0.0,0.0,151.0,151.0,0,0.0,0.0,0.0,0.0,0.0,0.0,,
122,"11WD7LUDW2GGT11E","11WD7LUDW2GGT11E",206.0,5,66,75.0,55.0,100.0,135.0,0.0,0.0,0.0,,,3.0,206.0,206.0,,,,,,,,,
123,"11WD7LUDW2GGT12C","11WD7LUDW2GGT12C",206.0,5,66,75.0,55.0,100.0,130.0,0.0,0.0,0.0,,,3.0,206.0,206.0,,,,,,,,,
124,"11WD7LUDW5GSDG1Q","11WD7LUDW5GSDG1Q",178.0,5,66,75.0,55.0,100.0,116.0,0.0,0.0,0.0,,,336.0,178.0,178.0,,,,,,,,,
125,"11WD7LUDW5GSDG2O","11WD7LUDW5GSDG2O",167.0,5,66,75.0,55.0,100.0,110.0,0.0,0.0,0.0,,,336.0,167.0,167.0,,,,,,,,,
126,"11WD7MITB1C---A1","11WD7MITB1C---A1",726.0,8,66,75.0,50.0,100.0,255.0,0.0,0.0,0.0,,,336.0,726.0,726.0,,,,,,,,,
127,"11WD7NEUR1B--B-X","11WD7NEUR1B--B-X",294.0,12,66,75.0,50.0,100.0,137.0,0.0,0.0,0.0,,,336.0,294.0,294.0,,,,,,,,,
128,"11WD7NEUR1B--C-U","11WD7NEUR1B--C-U",294.0,12,66,75.0,50.0,100.0,147.0,0.0,0.0,0.0,,,42.0,294.0,294.0,,,,,,,,,
129,"11WD7NEUR1B--D-R","11WD7NEUR1B--D-R",604.0,12,66,75.0,50.0,100.0,384.0,0.0,0.0,0.0,,,336.0,604.0,604.0,,,,,,,,,
130,"11WD7NEUR1B--E-O","11WD7NEUR1B--E-O",604.0,12,66,75.0,50.0,100.0,262.0,0.0,0.0,0.0,,,336.0,604.0,604.0,,,,,,,,,
131,"11WD7NEUR1B--F-L","11WD7NEUR1B--F-L",1060.0,12,66,75.0,50.0,100.0,482.0,0.0,0.0,0.0,,,53.0,1060.0,1060.0,,,,,,,,,
132,"11WD7NEUR1B--G-I","11WD7NEUR1B--G-I",1060.0,12,66,75.0,50.0,100.0,484.0,0.0,0.0,0.0,,,43.0,1060.0,1060.0,,,,,,,,,
133,"11WD7NEUR2B--A-T","11WD7NEUR2B--A-T",290.0,12,66,75.0,50.0,100.0,144.0,0.0,0.0,0.0,,,336.0,290.0,290.0,,,,,,,,,
134,"11WD7NIED1B--G-C","11WD7NIED1B--G-C",630.0,12,66,75.0,50.0,100.0,280.0,0.0,0.0,0.0,,,336.0,630.0,630.0,,,,,,,,,
135,"11WD7NIED1B--H-9","11WD7NIED1B--H-9",640.0,12,66,75.0,50.0,100.0,280.0,0.0,0.0,0.0,,,336.0,640.0,640.0,,,,,,,,,
136,"11WD7NIED1B--K-0","11WD7NIED1B--K-0",925.0,12,66,75.0,50.0,100.0,370.0,0.0,0.0,0.0,,,4.0,925.0,925.0,,,,,,,,,
137,"11WD7NIED2B--C-H","11WD7NIED2B--C-H",299.0,12,66,75.0,50.0,100.0,150.0,0.0,0.0,0.0,,,4.0,299.0,299.0,,,,,,,,,
138,"11WD7NIED2B--D-E","11WD7NIED2B--D-E",301.0,12,66,75.0,50.0,100.0,127.0,0.0,0.0,0.0,,,336.0,301.0,301.0,,,,,,,,,
139,"11WD7NIED2B--E-B","11WD7NIED2B--E-B",302.0,12,66,75.0,50.0,100.0,120.80000000000001,0.0,0.0,0.0,0.0,0.0,0.0,302.0,302.0,0,0.0,0.0,0.0,0.0,0.0,0.0,,
140,"11WD7NIED2B--F-8","11WD7NIED2B--F-8",307.0,12,66,75.0,50.0,100.0,122.80000000000001,0.0,0.0,0.0,0.0,0.0,0.0,307.0,307.0,0,0.0,0.0,0.0,0.0,0.0,0.0,,
141,"11WD7NORF5G-HTER","11WD7NORF5G-HTER",300.0,5,66,75.0,55.0,100.0,120.0,0.0,0.0,0.0,,,0.0,300.0,300.0,,,,,,,,,
142,"11WD7NORF5GAGUDC","11WD7NORF5GAGUDC",100.0,5,66,75.0,55.0,100.0,64.0,0.0,0.0,0.0,,,4.0,100.0,100.0,,,,,,,,,
143,"11WD7NORF5GGUDFA","11WD7NORF5GGUDFA",595.0,5,66,75.0,55.0,100.0,329.0,0.0,0.0,0.0,,,4.0,595.0,595.0,,,,,,,,,
144,"11WD7OPLA1G--318","11WD7OPLA1G--318",453.0,5,66,75.0,55.0,100.0,100.0,0.0,0.0,0.0,,,7.0,453.0,453.0,,,,,,,,,
145,"11WD7RHAU5GKW3B5","11WD7RHAU5GKW3B5",234.0,5,66,75.0,55.0,100.0,102.0,0.0,0.0,0.0,,,4.0,234.0,234.0,,,,,,,,,
146,"11WD7SCHO1S--B-0","11WD7SCHO1S--B-0",345.0,8,66,75.0,50.0,100.0,224.0,0.0,0.0,0.0,,,336.0,345.0,345.0,,,,,,,,,
147,"11WD7SCHO2S--C-R","11WD7SCHO2S--C-R",345.0,8,66,75.0,50.0,100.0,226.0,0.0,0.0,0.0,,,336.0,345.0,345.0,,,,,,,,,
148,"11WD7STUM1SBL10G","11WD7STUM1SBL10G",746.0,8,66,75.0,50.0,100.0,308.0,0.0,0.0,0.0,,,336.0,746.0,746.0,,,,,,,,,
149,"11WD7UCHT5XROEMT","11WD7UCHT5XROEMT",125.0,5,66,75.0,55.0,100.0,6.0,0.0,0.0,0.0,,,336.0,125.0,125.0,,,,,,,,,
150,"11WD7VIAN2H-1-1O","11WD7VIAN2H-1-1O",100.0,16,66,75.0,50.0,100.0,10.0,0.0,0.0,0.0,,,5.0,100.0,100.0,,,,,,,,,
151,"11WD7VIAN2H-1-2M","11WD7VIAN2H-1-2M",100.0,16,66,75.0,50.0,100.0,10.0,0.0,0.0,0.0,,,3.0,100.0,100.0,,,,,,,,,
152,"11WD7VIAN2H-1-3K","11WD7VIAN2H-1-3K",100.0,16,66,75.0,50.0,100.0,11.0,0.0,0.0,0.0,,,3.0,100.0,100.0,,,,,,,,,
153,"11WD7VIAN2H-1-4I","11WD7VIAN2H-1-4I",100.0,16,66,75.0,50.0,100.0,10.0,0.0,0.0,0.0,,,3.0,100.0,100.0,,,,,,,,,
154,"11WD7VIAN2H-2-5C","11WD7VIAN2H-2-5C",100.0,16,66,75.0,50.0,100.0,10.0,0.0,0.0,0.0,,,5.0,100.0,100.0,,,,,,,,,
155,"11WD7VIAN2H-2-6A","11WD7VIAN2H-2-6A",100.0,16,66,75.0,50.0,100.0,10.0,0.0,0.0,0.0,,,5.0,100.0,100.0,,,,,,,,,
156,"11WD7VIAN2H-2-78","11WD7VIAN2H-2-78",100.0,16,66,75.0,50.0,100.0,10.0,0.0,0.0,0.0,,,6.0,100.0,100.0,,,,,,,,,
157,"11WD7VIAN2H-2-86","11WD7VIAN2H-2-86",100.0,16,66,75.0,50.0,100.0,10.0,0.0,0.0,0.0,,,6.0,100.0,100.0,,,,,,,,,
158,"11WD7VIAN2H-2-94","11WD7VIAN2H-2-94",100.0,16,66,75.0,50.0,100.0,10.0,0.0,0.0,0.0,,,6.0,100.0,100.0,,,,,,,,,
159,"11WD7VOER1S--A-1","11WD7VOER1S--A-1",695.0,8,66,75.0,50.0,100.0,278.0,0.0,0.0,0.0,0.0,0.0,0.0,695.0,695.0,0,0.0,0.0,0.0,0.0,0.0,0.0,,
160,"11WD7VOER1S--B-Z","11WD7VOER1S--B-Z",695.0,8,66,75.0,50.0,100.0,278.0,0.0,0.0,0.0,0.0,0.0,0.0,695.0,695.0,0,0.0,0.0,0.0,0.0,0.0,0.0,,
161,"11WD7VOLK5S-HKVM","11WD7VOLK5S-HKVM",211.0,8,66,75.0,50.0,100.0,16.0,0.0,0.0,0.0,,,50.0,211.0,211.0,,,,,,,,,
162,"11WD7VOLK5S-MKV2","11WD7VOLK5S-MKV2",179.0,8,66,75.0,50.0,100.0,16.0,0.0,0.0,0.0,,,336.0,179.0,179.0,,,,,,,,,
163,"11WD7WALS1S--10A","11WD7WALS1S--10A",725.0,8,66,75.0,50.0,100.0,293.0,0.0,0.0,0.0,,,336.0,725.0,725.0,,,,,,,,,
164,"11WD7WALS5S--9-Y","11WD7WALS5S--9-Y",370.0,8,66,75.0,50.0,100.0,82.0,0.0,0.0,0.0,,,4.0,370.0,370.0,,,,,,,,,
165,"11WD7WEIH2S--C-A","11WD7WEIH2S--C-A",656.0,8,66,75.0,50.0,100.0,251.0,0.0,0.0,0.0,,,336.0,656.0,656.0,,,,,,,,,
166,"11WD7WEIS1B--F-M","11WD7WEIS1B--F-M",321.0,12,66,75.0,50.0,100.0,213.0,0.0,0.0,0.0,,,4.0,321.0,321.0,,,,,,,,,
167,"11WD7WEIS1B--G-J","11WD7WEIS1B--G-J",660.0,12,66,75.0,50.0,100.0,246.0,0.0,0.0,0.0,,,336.0,660.0,660.0,,,,,,,,,
168,"11WD7WEIS1B--H-G","11WD7WEIS1B--H-G",660.0,12,66,75.0,50.0,100.0,249.0,0.0,0.0,0.0,,,5.0,660.0,660.0,,,,,,,,,
169,"11WD7WEIS5B--E-Y","11WD7WEIS5B--E-Y",321.0,12,66,75.0,50.0,100.0,175.0,0.0,0.0,0.0,,,5.0,321.0,321.0,,,,,,,,,
170,"11WD7WEIS5GVGTGU","11WD7WEIS5GVGTGU",200.0,5,66,75.0,55.0,100.0,129.0,0.0,0.0,0.0,,,336.0,200.0,200.0,,,,,,,,,
171,"11WD7WEIS5GVGTHS","11WD7WEIS5GVGTHS",200.0,5,66,75.0,55.0,100.0,29.0,0.0,0.0,0.0,,,336.0,200.0,200.0,,,,,,,,,
172,"11WD7WEST5S--C-P","11WD7WEST5S--C-P",250.0,8,66,75.0,50.0,100.0,100.0,0.0,0.0,0.0,0.0,0.0,0.0,250.0,250.0,0,0.0,0.0,0.0,0.0,0.0,0.0,,
173,"11WD7WSFN1S--E-Z","11WD7WSFN1S--E-Z",780.0,8,66,75.0,50.0,100.0,216.0,0.0,0.0,0.0,,,336.0,780.0,780.0,,,,,,,,,
174,"11WD8BOXB1L---N8","11WD8BOXB1L---N8",500.0,12,65,75.0,50.0,100.0,214.0,0.0,0.0,0.0,,,336.0,500.0,500.0,,,,,,,,,
175,"11WD8BOXB1L---P4","11WD8BOXB1L---P4",500.0,12,65,75.0,50.0,100.0,210.0,0.0,0.0,0.0,,,4.0,500.0,500.0,,,,,,,,,
176,"11WD8BOXB1L---Q2","11WD8BOXB1L---Q2",840.0,12,65,75.0,50.0,100.0,506.0,0.0,0.0,0.0,,,4.0,840.0,840.0,,,,,,,,,
177,"11WD8BOXB1L---R0","11WD8BOXB1L---R0",630.0,12,65,75.0,50.0,100.0,408.0,0.0,0.0,0.0,,,3.0,630.0,630.0,,,,,,,,,
178,"11WD8DRES5X----D","11WD8DRES5X----D",260.0,5,65,75.0,55.0,100.0,66.0,0.0,0.0,0.0,,,60.0,260.0,260.0,,,,,,,,,
179,"11WD8GOLD1H---AL","11WD8GOLD1H---AL",265.0,16,65,75.0,50.0,100.0,40.0,0.0,0.0,0.0,,,6.0,265.0,265.0,,,,,,,,,
180,"11WD8GOLD1H---BJ","11WD8GOLD1H---BJ",265.0,16,65,75.0,50.0,100.0,54.0,0.0,0.0,0.0,,,6.0,265.0,265.0,,,,,,,,,
181,"11WD8GOLD1H---CH","11WD8GOLD1H---CH",265.0,16,65,75.0,50.0,100.0,56.0,0.0,0.0,0.0,,,6.0,265.0,265.0,,,,,,,,,
182,"11WD8GOLD1H---DF","11WD8GOLD1H---DF",265.0,16,65,75.0,50.0,100.0,74.0,0.0,0.0,0.0,,,6.0,265.0,265.0,,,,,,,,,
183,"11WD8JAEN1L---AD","11WD8JAEN1L---AD",500.0,12,65,75.0,50.0,100.0,332.0,0.0,0.0,0.0,,,4.0,500.0,500.0,,,,,,,,,
184,"11WD8JAEN1L---BB","11WD8JAEN1L---BB",500.0,12,65,75.0,50.0,100.0,178.0,0.0,0.0,0.0,,,4.0,500.0,500.0,,,,,,,,,
185,"11WD8JAEN1L---C9","11WD8JAEN1L---C9",500.0,12,65,75.0,50.0,100.0,302.0,0.0,0.0,0.0,,,14.0,500.0,500.0,,,,,,,,,
186,"11WD8JAEN1L---D7","11WD8JAEN1L---D7",500.0,12,65,75.0,50.0,100.0,296.0,0.0,0.0,0.0,,,336.0,500.0,500.0,,,,,,,,,
187,"11WD8JAEN1L---E5","11WD8JAEN1L---E5",500.0,12,65,75.0,50.0,100.0,324.0,0.0,0.0,0.0,,,4.0,500.0,500.0,,,,,,,,,
188,"11WD8JAEN1L---F3","11WD8JAEN1L---F3",498.0,12,65,75.0,50.0,100.0,199.20000000000002,0.0,0.0,0.0,0.0,0.0,0.0,498.0,498.0,0,0.0,0.0,0.0,0.0,0.0,0.0,,
189,"11WD8KLIN5G--13E","11WD8KLIN5G--13E",164.0,5,65,75.0,55.0,100.0,18.0,0.0,0.0,0.0,,,336.0,164.0,164.0,,,,,,,,,
190,"11WD8LEIP5X----6","11WD8LEIP5X----6",167.0,5,65,75.0,55.0,100.0,68.0,0.0,0.0,0.0,,,0.0,167.0,167.0,,,,,,,,,
191,"11WD8LICH5G---1Y","11WD8LICH5G---1Y",144.0,5,65,75.0,55.0,100.0,36.0,0.0,0.0,0.0,,,336.0,144.0,144.0,,,,,,,,,
192,"11WD8LICH5G---3U","11WD8LICH5G---3U",144.0,5,65,75.0,55.0,100.0,57.6,0.0,0.0,0.0,0.0,0.0,0.0,144.0,144.0,0,0.0,0.0,0.0,0.0,0.0,0.0,,
193,"11WD8LIPD1L---R6","11WD8LIPD1L---R6",891.0,12,65,75.0,50.0,100.0,436.0,0.0,0.0,0.0,,,4.0,891.0,891.0,,,,,,,,,
194,"11WD8LIPD1L---S4","11WD8LIPD1L---S4",891.0,12,65,75.0,50.0,100.0,432.0,0.0,0.0,0.0,,,51.0,891.0,891.0,,,,,,,,,
195,"11WD8MARK1H---AM","11WD8MARK1H---AM",160.0,16,65,75.0,50.0,100.0,100.0,0.0,0.0,0.0,,,7.0,160.0,160.0,,,,,,,,,
196,"11WD8MARK1H---BK","11WD8MARK1H---BK",160.0,16,65,75.0,50.0,100.0,100.0,0.0,0.0,0.0,,,7.0,160.0,160.0,,,,,,,,,
197,"11WD8MARK1H---CI","11WD8MARK1H---CI",160.0,16,65,75.0,50.0,100.0,100.0,0.0,0.0,0.0,,,7.0,160.0,160.0,,,,,,,,,
198,"11WD8MARK1H---DG","11WD8MARK1H---DG",160.0,16,65,75.0,50.0,100.0,40.0,0.0,0.0,0.0,,,6.0,160.0,160.0,,,,,,,,,
199,"11WD8MARK1H---EE","11WD8MARK1H---EE",160.0,16,65,75.0,50.0,100.0,40.0,0.0,0.0,0.0,,,7.0,160.0,160.0,,,,,,,,,
200,"11WD8MARK1H---FC","11WD8MARK1H---FC",160.0,16,65,75.0,50.0,100.0,100.0,0.0,0.0,0.0,,,6.0,160.0,160.0,,,,,,,,,
201,"11WD8MITT5GGUD-8","11WD8MITT5GGUD-8",444.0,5,65,75.0,55.0,100.0,62.0,0.0,0.0,0.0,,,336.0,444.0,444.0,,,,,,,,,
202,"11WD8MOOR1C---AV","11WD8MOOR1C---AV",800.0,8,65,75.0,50.0,100.0,302.0,0.0,0.0,0.0,,,336.0,800.0,800.0,,,,,,,,,
203,"11WD8MOOR1C---BT","11WD8MOOR1C---BT",800.0,8,65,75.0,50.0,100.0,304.0,0.0,0.0,0.0,,,336.0,800.0,800.0,,,,,,,,,
204,"11WD8REUT5X---CX","11WD8REUT5X---CX",124.0,8,65,75.0,50.0,100.0,74.0,0.0,0.0,0.0,,,336.0,124.0,124.0,,,,,,,,,
205,"11WD8REUW1C---DD","11WD8REUW1C---DD",282.0,8,65,75.0,50.0,100.0,166.0,0.0,0.0,0.0,,,336.0,282.0,282.0,,,,,,,,,
206,"11WD8REUW1C---EB","11WD8REUW1C---EB",282.0,8,65,75.0,50.0,100.0,158.0,0.0,0.0,0.0,,,336.0,282.0,282.0,,,,,,,,,
207,"11WD8ROST1C----K","11WD8ROST1C----K",514.0,8,65,75.0,50.0,100.0,267.0,0.0,0.0,0.0,,,3.0,514.0,514.0,,,,,,,,,
208,"11WD8SCHK1L---A2","11WD8SCHK1L---A2",450.0,12,65,75.0,50.0,100.0,246.0,0.0,0.0,0.0,,,3.0,450.0,450.0,,,,,,,,,
209,"11WD8SCHK1L---B0","11WD8SCHK1L---B0",450.0,12,65,75.0,50.0,100.0,170.0,0.0,0.0,0.0,,,3.0,450.0,450.0,,,,,,,,,
210,"11WD8SCHW5X---19","11WD8SCHW5X---19",117.0,14,65,75.0,50.0,100.0,78.0,0.0,0.0,0.0,,,4.0,117.0,117.0,,,,,,,,,
211,"11WD8SCHW5X---27","11WD8SCHW5X---27",117.0,14,65,75.0,50.0,100.0,78.0,0.0,0.0,0.0,,,3.0,117.0,117.0,,,,,,,,,
212,"11WD8SWPU1L---AK","11WD8SWPU1L---AK",755.0,12,65,75.0,50.0,100.0,302.0,0.0,0.0,0.0,,,18.0,755.0,755.0,,,,,,,,,
213,"11WD8SWPU1L---BI","11WD8SWPU1L---BI",755.0,12,65,75.0,50.0,100.0,309.0,0.0,0.0,0.0,,,4.0,755.0,755.0,,,,,,,,,
214,"11WD8TIEF5C----9","11WD8TIEF5C----9",189.0,8,65,75.0,50.0,100.0,68.0,0.0,0.0,0.0,,,6.0,189.0,189.0,,,,,,,,,
215,"11WD8TIEF5G-GUDI","11WD8TIEF5G-GUDI",127.0,5,65,75.0,55.0,100.0,6.0,0.0,0.0,0.0,,,5.0,127.0,127.0,,,,,,,,,
216,"11WD8WED15C---1M","11WD8WED15C---1M",134.0,8,65,75.0,50.0,100.0,36.0,0.0,0.0,0.0,,,336.0,134.0,134.0,,,,,,,,,
217,"11WD8WED15C---2K","11WD8WED15C---2K",116.0,8,65,75.0,50.0,100.0,36.0,0.0,0.0,0.0,,,336.0,116.0,116.0,,,,,,,,,
218,"12W-0000000007-I","12W-0000000007-I",340.0,13,217,75.0,50.0,100.0,97.0,0.0,0.0,0.0,,,3.0,340.0,340.0,,,,,,,,,
219,"12W-0000000072-5","12W-0000000072-5",126.0,11,217,75.0,50.0,100.0,10.0,0.0,0.0,0.0,,,3.0,126.0,126.0,,,,,,,,,
220,"12W-0000000164-Z","12W-0000000164-Z",100.0,11,217,75.0,50.0,100.0,34.0,0.0,0.0,0.0,,,23.0,100.0,100.0,,,,,,,,,
221,"12W-0000000207-8","12W-0000000207-8",102.0,13,217,75.0,50.0,100.0,35.0,0.0,0.0,0.0,,,3.0,102.0,102.0,,,,,,,,,
222,"12W-0000000209-2","12W-0000000209-2",120.0,11,217,75.0,50.0,100.0,26.0,0.0,0.0,0.0,,,15.0,120.0,120.0,,,,,,,,,
223,"12W-0000000210-P","12W-0000000210-P",125.0,16,217,75.0,50.0,100.0,10.0,0.0,0.0,0.0,,,4.0,125.0,125.0,,,,,,,,,
224,"12W-0000000211-M","12W-0000000211-M",107.0,16,217,75.0,50.0,100.0,6.0,0.0,0.0,0.0,,,4.0,107.0,107.0,,,,,,,,,
225,"12W-0000000431-4","12W-0000000431-4",365.0,3,217,75.0,50.0,100.0,153.0,0.0,0.0,0.0,,,336.0,365.0,365.0,,,,,,,,,
226,"12W-0000000433-Z","12W-0000000433-Z",365.0,3,217,75.0,50.0,100.0,240.0,0.0,0.0,0.0,,,3.0,365.0,365.0,,,,,,,,,
227,"12W-0000000438-K","12W-0000000438-K",1220.0,3,217,75.0,50.0,100.0,183.0,0.0,0.0,0.0,,,336.0,1220.0,1220.0,,,,,,,,,
228,"12W-0000000441-0","12W-0000000441-0",102.0,16,217,75.0,50.0,100.0,13.0,0.0,0.0,0.0,,,3.0,102.0,102.0,,,,,,,,,
229,"12W-0000000442-Y","12W-0000000442-Y",102.0,16,217,75.0,50.0,100.0,14.0,0.0,0.0,0.0,,,3.0,102.0,102.0,,,,,,,,,
230,"12W-0000000443-V","12W-0000000443-V",102.0,16,217,75.0,50.0,100.0,17.0,0.0,0.0,0.0,,,3.0,102.0,102.0,,,,,,,,,
231,"12W-0000000444-S","12W-0000000444-S",138.0,16,217,75.0,50.0,100.0,12.0,0.0,0.0,0.0,,,6.0,138.0,138.0,,,,,,,,,
232,"12W-0000000456-I","12W-0000000456-I",105.0,16,217,75.0,50.0,100.0,6.0,0.0,0.0,0.0,,,6.0,105.0,105.0,,,,,,,,,
233,"12W-0000000457-F","12W-0000000457-F",105.0,16,217,75.0,50.0,100.0,42.0,0.0,0.0,0.0,,,0.0,105.0,105.0,,,,,,,,,
234,"12W-0000000458-C","12W-0000000458-C",105.0,16,217,75.0,50.0,100.0,6.0,0.0,0.0,0.0,,,6.0,105.0,105.0,,,,,,,,,
235,"12W-0000000687-U","12W-0000000687-U",250.0,16,217,75.0,50.0,100.0,164.0,0.0,0.0,0.0,,,4.0,250.0,250.0,,,,,,,,,
236,"12W-0000000688-R","12W-0000000688-R",250.0,16,217,75.0,50.0,100.0,14.0,0.0,0.0,0.0,,,5.0,250.0,250.0,,,,,,,,,
237,"12W-0000000689-O","12W-0000000689-O",250.0,16,217,75.0,50.0,100.0,100.0,0.0,0.0,0.0,,,0.0,250.0,250.0,,,,,,,,,
238,"12W-0000000690-A","12W-0000000690-A",250.0,16,217,75.0,50.0,100.0,100.0,0.0,0.0,0.0,,,0.0,250.0,250.0,,,,,,,,,
239,"12W-0000000716-J","12W-0000000716-J",120.0,13,217,75.0,50.0,100.0,60.0,0.0,0.0,0.0,,,5.0,120.0,120.0,,,,,,,,,
240,"12W-0000000719-A","12W-0000000719-A",230.0,13,217,75.0,50.0,100.0,52.0,0.0,0.0,0.0,,,3.0,230.0,230.0,,,,,,,,,
241,"12W-0000000720-X","12W-0000000720-X",190.0,13,217,75.0,50.0,100.0,88.0,0.0,0.0,0.0,,,5.0,190.0,190.0,,,,,,,,,
242,"12W-0000000722-R","12W-0000000722-R",484.0,16,217,75.0,50.0,100.0,244.0,0.0,0.0,0.0,,,5.0,484.0,484.0,,,,,,,,,
243,"12W-0000000723-O","12W-0000000723-O",288.0,13,217,75.0,50.0,100.0,115.2,0.0,0.0,0.0,,,9.0,288.0,288.0,,,,,,,,,
244,"12W-0000000724-L","12W-0000000724-L",384.0,13,217,75.0,50.0,100.0,153.60000000000002,0.0,0.0,0.0,,,0.0,384.0,384.0,,,,,,,,,
245,"12W-0000000725-I","12W-0000000725-I",1254.0,13,217,75.0,50.0,100.0,114.0,0.0,0.0,0.0,,,3.0,1254.0,1254.0,,,,,,,,,
246,"12W-0000000730-T","12W-0000000730-T",185.0,13,217,75.0,50.0,100.0,116.0,0.0,0.0,0.0,,,3.0,185.0,185.0,,,,,,,,,
247,"12W-0000000731-Q","12W-0000000731-Q",162.0,13,217,75.0,50.0,100.0,80.0,0.0,0.0,0.0,,,3.0,162.0,162.0,,,,,,,,,
248,"12W-0000000733-K","12W-0000000733-K",108.0,13,217,75.0,50.0,100.0,5.0,0.0,0.0,0.0,,,3.0,108.0,108.0,,,,,,,,,
249,"12W-0000000734-H","12W-0000000734-H",150.0,13,217,75.0,50.0,100.0,74.0,0.0,0.0,0.0,,,3.0,150.0,150.0,,,,,,,,,
250,"12W-0000000839-Y","12W-0000000839-Y",914.0,16,217,75.0,50.0,100.0,365.6,0.0,0.0,0.0,,,0.0,914.0,914.0,,,,,,,,,
251,"12W-0000000922-H","12W-0000000922-H",420.0,13,217,75.0,50.0,100.0,20.0,0.0,0.0,0.0,,,4.0,420.0,420.0,,,,,,,,,
252,"12W-0000000926-5","12W-0000000926-5",1307.0,16,217,75.0,50.0,100.0,67.0,0.0,0.0,0.0,,,5.0,1307.0,1307.0,,,,,,,,,
253,"12W-0000000929-X","12W-0000000929-X",421.0,13,217,75.0,50.0,100.0,35.0,0.0,0.0,0.0,,,4.0,421.0,421.0,,,,,,,,,
254,"12W-0000000945-0","12W-0000000945-0",1020.0,3,217,75.0,50.0,100.0,456.0,0.0,0.0,0.0,,,336.0,1020.0,1020.0,,,,,,,,,
255,"12W-0000000946-Y","12W-0000000946-Y",378.0,3,217,75.0,50.0,100.0,230.0,0.0,0.0,0.0,,,336.0,378.0,378.0,,,,,,,,,
256,"12W-0000000950-B","12W-0000000950-B",226.0,13,217,75.0,50.0,100.0,50.0,0.0,0.0,0.0,,,3.0,226.0,226.0,,,,,,,,,
257,"12W-0000000951-8","12W-0000000951-8",114.0,13,217,75.0,50.0,100.0,12.0,0.0,0.0,0.0,,,4.0,114.0,114.0,,,,,,,,,
258,"12W-0000001570-H","12W-0000001570-H",192.7,16,217,75.0,50.0,100.0,33.0,0.0,0.0,0.0,,,6.0,192.7,192.7,,,,,,,,,
259,"12W-0000001572-B","12W-0000001572-B",198.0,13,217,75.0,50.0,100.0,11.0,0.0,0.0,0.0,,,13.0,198.0,198.0,,,,,,,,,
260,"12W-0000001616-I","12W-0000001616-I",108.0,16,217,75.0,50.0,100.0,54.0,0.0,0.0,0.0,,,8.0,108.0,108.0,,,,,,,,,
261,"12W-0000001719-4","12W-0000001719-4",106.0,11,217,75.0,50.0,100.0,10.0,0.0,0.0,0.0,,,4.0,106.0,106.0,,,,,,,,,
262,"14W-BAA-TU-----T","14W-BAA-TU-----T",168.0,11,8,75.0,50.0,100.0,110.0,0.0,0.0,0.0,,,0.0,168.0,168.0,,,,,,,,,
263,"14W-BAS-TU-----Y","14W-BAS-TU-----Y",287.4,11,8,75.0,50.0,100.0,152.0,0.0,0.0,0.0,,,4.0,287.4,287.4,,,,,,,,,
264,"14W-BAW-TU-----V","14W-BAW-TU-----V",328.0,11,8,75.0,50.0,100.0,214.0,0.0,0.0,0.0,,,0.0,328.0,328.0,,,,,,,,,
265,"14W-BFR-TU-----Q","14W-BFR-TU-----Q",172.0,11,8,75.0,50.0,100.0,112.0,0.0,0.0,0.0,,,0.0,172.0,172.0,,,,,,,,,
266,"14W-BGS-TU-----5","14W-BGS-TU-----5",293.0,11,8,75.0,50.0,100.0,185.0,0.0,0.0,0.0,,,0.0,293.0,293.0,,,,,,,,,
267,"14W-BLOCK07-L--J","14W-BLOCK07-L--J",153.0,5,8,75.0,55.0,100.0,102.0,0.0,0.0,0.0,,,336.0,153.0,153.0,,,,,,,,,
268,"14W-BME-TU-----5","14W-BME-TU-----5",187.0,11,8,75.0,50.0,100.0,120.0,0.0,0.0,0.0,,,0.0,187.0,187.0,,,,,,,,,
269,"14W-BOW-TU-----P","14W-BOW-TU-----P",179.0,11,8,75.0,50.0,100.0,118.0,0.0,0.0,0.0,,,0.0,179.0,179.0,,,,,,,,,
270,"14W-BWM-TU-----0","14W-BWM-TU-----0",210.0,11,8,75.0,50.0,100.0,136.0,0.0,0.0,0.0,,,0.0,210.0,210.0,,,,,,,,,
271,"14W-BYP-TU-----M","14W-BYP-TU-----M",236.5,11,8,75.0,50.0,100.0,152.0,0.0,0.0,0.0,,,0.0,236.5,236.5,,,,,,,,,
272,"14W-DMH-TU-----P","14W-DMH-TU-----P",730.0,16,8,75.0,50.0,100.0,124.0,0.0,0.0,0.0,,,4.0,730.0,730.0,,,,,,,,,
273,"14W-DMO-TU-----T","14W-DMO-TU-----T",120.0,16,8,75.0,50.0,100.0,50.0,0.0,0.0,0.0,,,7.0,120.0,120.0,,,,,,,,,
274,"14W-DRP-TU-----1","14W-DRP-TU-----1",430.0,16,8,75.0,50.0,100.0,160.0,0.0,0.0,0.0,,,7.0,430.0,430.0,,,,,,,,,
275,"14W-GEN-DO3----F","14W-GEN-DO3----F",395.0,5,8,75.0,55.0,100.0,180.0,0.0,0.0,0.0,,,12.0,395.0,395.0,,,,,,,,,
276,"14W-GEN-LAU----Z","14W-GEN-LAU----Z",140.0,5,8,75.0,55.0,100.0,56.0,0.0,0.0,0.0,,,0.0,140.0,140.0,,,,,,,,,
277,"14W-GEN-SIM1---Z","14W-GEN-SIM1---Z",840.0,5,8,75.0,55.0,100.0,402.0,0.0,0.0,0.0,,,9.0,840.0,840.0,,,,,,,,,
278,"14W-GEN-SIM3---P","14W-GEN-SIM3---P",420.0,5,8,75.0,55.0,100.0,200.0,0.0,0.0,0.0,,,11.0,420.0,420.0,,,,,,,,,
279,"14W-KW-DUE-EVN-A","14W-KW-DUE-EVN-A",335.0,8,8,75.0,50.0,100.0,220.0,0.0,0.0,0.0,,,3.0,335.0,335.0,,,,,,,,,
280,"14W-KW-KOR--M2-4","14W-KW-KOR--M2-4",101.2,5,8,75.0,55.0,100.0,7.0,0.0,0.0,0.0,,,3.0,101.2,101.2,,,,,,,,,
281,"14W-KW-KOR-EVN-F","14W-KW-KOR-EVN-F",150.0,5,8,75.0,55.0,100.0,60.0,0.0,0.0,0.0,0.0,0.0,0.0,150.0,150.0,0,0.0,0.0,0.0,0.0,0.0,0.0,,
283,"14W-KW-THE--M3-U","14W-KW-THE--M3-U",260.0,5,8,75.0,55.0,100.0,130.0,0.0,0.0,0.0,,,13.0,260.0,260.0,,,,,,,,,
283,"14W-KW-THE--M3-U","14W-KW-THE--M3-U",260.0,5,8,75.0,55.0,100.0,105.0,0.0,0.0,0.0,,,13.0,260.0,260.0,,,,,,,,,
285,"14W-KW-THE--M5-O","14W-KW-THE--M5-O",225.0,5,8,75.0,55.0,100.0,140.0,0.0,0.0,0.0,,,12.0,225.0,225.0,,,,,,,,,
285,"14W-KW-THE--M5-O","14W-KW-THE--M5-O",225.0,5,8,75.0,55.0,100.0,89.0,0.0,0.0,0.0,,,12.0,225.0,225.0,,,,,,,,,
286,"14W-KW-THE-KO--3","14W-KW-THE-KO--3",485.0,5,8,75.0,55.0,100.0,194.0,0.0,0.0,0.0,0.0,0.0,0.0,485.0,485.0,0,0.0,0.0,0.0,0.0,0.0,0.0,,
287,"14W-KW-THE-M2--7","14W-KW-THE-M2--7",130.0,5,8,75.0,55.0,100.0,80.0,0.0,0.0,0.0,,,5.0,130.0,130.0,,,,,,,,,
288,"14W-TKH-TU-----3","14W-TKH-TU-----3",260.0,13,8,75.0,50.0,100.0,44.0,0.0,0.0,0.0,,,4.0,260.0,260.0,,,,,,,,,
289,"14W-TKO-TU-----7","14W-TKO-TU-----7",112.8,16,8,75.0,50.0,100.0,42.0,0.0,0.0,0.0,,,5.0,112.8,112.8,,,,,,,,,
290,"14W-TKP-TU-----Y","14W-TKP-TU-----Y",480.0,16,8,75.0,50.0,100.0,198.0,0.0,0.0,0.0,,,5.0,480.0,480.0,,,,,,,,,
291,"14W-TKS-TU-----4","14W-TKS-TU-----4",120.0,13,8,75.0,50.0,100.0,30.0,0.0,0.0,0.0,,,3.0,120.0,120.0,,,,,,,,,
292,"14W-TZG-TU-----X","14W-TZG-TU-----X",200.2,13,8,75.0,50.0,100.0,10.0,0.0,0.0,0.0,,,4.0,200.2,200.2,,,,,,,,,
293,"14W-TZH-TU-----N","14W-TZH-TU-----N",360.0,16,8,75.0,50.0,100.0,179.0,0.0,0.0,0.0,,,6.0,360.0,360.0,,,,,,,,,
294,"14W-TZM-TU-----A","14W-TZM-TU-----A",355.0,13,8,75.0,50.0,100.0,20.0,0.0,0.0,0.0,,,3.0,355.0,355.0,,,,,,,,,
295,"14W-TZR-TU-----Y","14W-TZR-TU-----Y",231.0,16,8,75.0,50.0,100.0,58.0,0.0,0.0,0.0,,,6.0,231.0,231.0,,,,,,,,,
296,"14W-WDR-M1-----I","14W-WDR-M1-----I",380.0,8,8,75.0,50.0,100.0,152.0,0.0,0.0,0.0,0.0,0.0,0.0,380.0,380.0,0,0.0,0.0,0.0,0.0,0.0,0.0,,
297,"14W-WGM1-M1----5","14W-WGM1-M1----5",421.0,5,8,75.0,55.0,100.0,201.0,0.0,0.0,0.0,,,4.0,421.0,421.0,,,,,,,,,
298,"14W-WGM2-M1----X","14W-WGM2-M1----X",417.0,5,8,75.0,55.0,100.0,200.0,0.0,0.0,0.0,,,5.0,417.0,417.0,,,,,,,,,
299,"14W-WML-M1-----G","14W-WML-M1-----G",165.0,5,8,75.0,55.0,100.0,128.0,0.0,0.0,0.0,,,336.0,165.0,165.0,,,,,,,,,
300,"14W-WNW-M1-----6","14W-WNW-M1-----6",150.0,14,8,75.0,50.0,100.0,60.0,0.0,0.0,0.0,0.0,0.0,0.0,150.0,150.0,0,0.0,0.0,0.0,0.0,0.0,0.0,,
301,"14WENERGIEAGWR21","14WENERGIEAGWR21",150.0,8,8,75.0,50.0,100.0,60.0,0.0,0.0,0.0,,,0.0,150.0,150.0,,,,,,,,,
302,"14WENERGIEAGWT4S","14WENERGIEAGWT4S",400.0,5,8,75.0,55.0,100.0,101.0,0.0,0.0,0.0,,,5.0,400.0,400.0,,,,,,,,,
303,"14WGEN-SIM1DT--C","14WGEN-SIM1DT--C",250.0,5,8,75.0,55.0,100.0,100.0,0.0,0.0,0.0,0.0,0.0,0.0,250.0,250.0,0,0.0,0.0,0.0,0.0,0.0,0.0,,
304,"14WGEN-SIM1GT41F","14WGEN-SIM1GT41F",295.0,5,8,75.0,55.0,100.0,118.0,0.0,0.0,0.0,0.0,0.0,0.0,295.0,295.0,0,0.0,0.0,0.0,0.0,0.0,0.0,,
305,"14WGEN-SIM1GT42D","14WGEN-SIM1GT42D",295.0,5,8,75.0,55.0,100.0,118.0,0.0,0.0,0.0,0.0,0.0,0.0,295.0,295.0,0,0.0,0.0,0.0,0.0,0.0,0.0,,
306,"14WGEN-SIM3DT--0","14WGEN-SIM3DT--0",340.0,5,8,75.0,55.0,100.0,136.0,0.0,0.0,0.0,0.0,0.0,0.0,340.0,340.0,0,0.0,0.0,0.0,0.0,0.0,0.0,,
307,"15WCSEPELG1--GTH","15WCSEPELG1--GTH",142.0,5,81,75.0,55.0,100.0,47.0,0.27065,-0.00049529,0.000000626,,,5.0,142.0,142.0,,,,,,,,,
308,"15WCSEPELG2--GTB","15WCSEPELG2--GTB",142.0,5,81,75.0,55.0,100.0,46.0,0.27065,-0.00049529,0.000000626,,,43.0,142.0,142.0,,,,,,,,,
309,"15WCSEPELG3--ST6","15WCSEPELG3--ST6",118.0,5,81,75.0,55.0,100.0,14.0,0.27065,-0.00049529,0.000000626,,,44.0,118.0,118.0,,,,,,,,,
310,"15WDUMEG14---GTI","15WDUMEG14---GTI",143.0,5,81,75.0,55.0,100.0,79.0,0.27065,-0.00049529,0.000000626,,,336.0,143.0,143.0,,,,,,,,,
311,"15WDUMEG15---GTB","15WDUMEG15---GTB",154.0,5,81,75.0,55.0,100.0,60.0,0.27065,-0.00049529,0.000000626,,,336.0,154.0,154.0,,,,,,,,,
312,"15WDUMEG7----GT5","15WDUMEG7----GT5",269.0,5,81,75.0,55.0,100.0,160.0,0.27065,-0.00049529,0.000000626,,,336.0,269.0,269.0,,,,,,,,,
313,"15WDUMEG8----GTY","15WDUMEG8----GTY",132.0,5,81,75.0,55.0,100.0,88.0,0.27065,-0.00049529,0.000000626,,,50.0,132.0,132.0,,,,,,,,,
314,"15WGONYUG1-CCGTG","15WGONYUG1-CCGTG",427.0,5,81,75.0,55.0,100.0,181.0,0.27065,-0.00049529,0.000000626,,,3.0,427.0,427.0,,,,,,,,,
315,"15WKFGT------GT5","15WKFGT------GT5",125.0,5,81,75.0,55.0,100.0,36.0,0.27065,-0.00049529,0.000000626,,,336.0,125.0,125.0,,,,,,,,,
316,"15WKISPEST-CCGTY","15WKISPEST-CCGTY",109.0,5,81,75.0,55.0,100.0,71.0,0.27065,-0.00049529,0.000000626,,,336.0,109.0,109.0,,,,,,,,,
317,"15WLITERG----GTJ","15WLITERG----GTJ",120.0,14,81,75.0,50.0,100.0,51.0,0.34469,-0.00052918,0.000000767,,,336.0,120.0,120.0,,,,,,,,,
318,"15WLORINCG---GTQ","15WLORINCG---GTQ",170.0,14,81,75.0,50.0,100.0,60.0,0.34469,-0.00052918,0.000000767,,,336.0,170.0,170.0,,,,,,,,,
319,"15WMATRAG3---STO","15WMATRAG3---STO",200.0,12,81,75.0,50.0,100.0,128.0,0.80198,-0.0012314,0.00000179,,,11.0,200.0,200.0,,,,,,,,,
320,"15WMATRAG4---STH","15WMATRAG4---STH",206.0,12,81,75.0,50.0,100.0,119.0,0.80198,-0.0012314,0.00000179,,,49.0,206.0,206.0,,,,,,,,,
321,"15WMATRAG5---STA","15WMATRAG5---STA",207.0,12,81,75.0,50.0,100.0,135.0,0.80198,-0.0012314,0.00000179,,,17.0,207.0,207.0,,,,,,,,,
322,"15WPAKSG1----STK","15WPAKSG1----STK",239.9,3,81,75.0,50.0,100.0,114.0,0.0,0.0227,0.0,,,4.0,239.9,239.9,,,,,,,,,
323,"15WPAKSG2----STC","15WPAKSG2----STC",239.9,3,81,75.0,50.0,100.0,86.0,0.0,0.0227,0.0,,,8.0,239.9,239.9,,,,,,,,,
324,"15WPAKSG3----ST4","15WPAKSG3----ST4",237.8,3,81,75.0,50.0,100.0,127.0,0.0,0.0227,0.0,,,14.0,237.8,237.8,,,,,,,,,
325,"15WPAKSG4----STX","15WPAKSG4----STX",237.8,3,81,75.0,50.0,100.0,98.0,0.0,0.0227,0.0,,,3.0,237.8,237.8,,,,,,,,,
326,"15WPAKSG5----STP","15WPAKSG5----STP",235.8,3,81,75.0,50.0,100.0,112.0,0.0,0.0227,0.0,,,336.0,235.8,235.8,,,,,,,,,
327,"15WPAKSG6----STH","15WPAKSG6----STH",235.8,3,81,75.0,50.0,100.0,127.0,0.0,0.0227,0.0,,,336.0,235.8,235.8,,,,,,,,,
328,"15WPAKSG7----ST9","15WPAKSG7----ST9",235.8,3,81,75.0,50.0,100.0,113.0,0.0,0.0227,0.0,,,30.0,235.8,235.8,,,,,,,,,
329,"15WPAKSG8----ST1","15WPAKSG8----ST1",235.8,3,81,75.0,50.0,100.0,114.0,0.0,0.0227,0.0,,,4.0,235.8,235.8,,,,,,,,,
330,"15WSAJOSZG---GTD","15WSAJOSZG---GTD",120.0,14,81,75.0,50.0,100.0,51.0,0.34469,-0.00052918,0.000000767,,,336.0,120.0,120.0,,,,,,,,,
331,"16W-ALQUE1-----X","16W-ALQUE1-----X",127.0,16,173,75.0,50.0,100.0,6.0,0.0,0.0,0.0,,,6.0,127.0,127.0,,,,,,,,,
332,"16W-ALQUE2-----Q","16W-ALQUE2-----Q",127.0,16,173,75.0,50.0,100.0,6.0,0.0,0.0,0.0,,,6.0,127.0,127.0,,,,,,,,,
333,"16W-ALQUE3-----J","16W-ALQUE3-----J",127.0,16,173,75.0,50.0,100.0,6.0,0.0,0.0,0.0,,,7.0,127.0,127.0,,,,,,,,,
334,"16W-ALQUE4-----C","16W-ALQUE4-----C",127.0,16,173,75.0,50.0,100.0,6.0,0.0,0.0,0.0,,,7.0,127.0,127.0,,,,,,,,,
335,"16WAGUIE1------O","16WAGUIE1------O",112.0,16,173,75.0,50.0,100.0,70.0,0.0,0.0,0.0,,,7.0,112.0,112.0,,,,,,,,,
336,"16WAGUIE2------G","16WAGUIE2------G",112.0,16,173,75.0,50.0,100.0,70.0,0.0,0.0,0.0,,,6.0,112.0,112.0,,,,,,,,,
337,"16WAGUIE3------8","16WAGUIE3------8",112.0,16,173,75.0,50.0,100.0,75.0,0.0,0.0,0.0,,,7.0,112.0,112.0,,,,,,,,,
338,"16WALINDO1-----5","16WALINDO1-----5",315.0,13,173,75.0,50.0,100.0,194.0,0.0,0.0,0.0,,,6.0,315.0,315.0,,,,,,,,,
339,"16WALINDO2-----Z","16WALINDO2-----Z",315.0,13,173,75.0,50.0,100.0,156.0,0.0,0.0,0.0,,,6.0,315.0,315.0,,,,,,,,,
340,"16WBASBM1------T","16WBASBM1------T",76.0,16,173,75.0,50.0,100.0,50.0,0.0,0.0,0.0,,,6.0,76.0,76.0,,,,,,,,,
341,"16WBASBM2------L","16WBASBM2------L",76.0,16,173,75.0,50.0,100.0,4.0,0.0,0.0,0.0,,,7.0,76.0,76.0,,,,,,,,,
342,"16WBEMPOS1-----T","16WBEMPOS1-----T",80.0,11,173,75.0,50.0,100.0,51.0,0.0,0.0,0.0,,,5.0,80.0,80.0,,,,,,,,,
343,"16WBEMPOS2-----M","16WBEMPOS2-----M",80.0,11,173,75.0,50.0,100.0,50.0,0.0,0.0,0.0,,,5.0,80.0,80.0,,,,,,,,,
344,"16WBEMPOS3-----F","16WBEMPOS3-----F",80.0,11,173,75.0,50.0,100.0,50.0,0.0,0.0,0.0,,,4.0,80.0,80.0,,,,,,,,,
345,"16WBEMPOS4-----8","16WBEMPOS4-----8",191.0,11,173,75.0,50.0,100.0,120.0,0.0,0.0,0.0,,,3.0,191.0,191.0,,,,,,,,,
346,"16WCABRIL1-----G","16WCABRIL1-----G",54.0,13,173,75.0,50.0,100.0,36.0,0.0,0.0,0.0,,,4.0,54.0,54.0,,,,,,,,,
347,"16WCABRIL2-----9","16WCABRIL2-----9",54.0,13,173,75.0,50.0,100.0,36.0,0.0,0.0,0.0,,,6.0,54.0,54.0,,,,,,,,,
348,"16WCARRA1------C","16WCARRA1------C",67.0,11,173,75.0,50.0,100.0,40.0,0.0,0.0,0.0,,,4.0,67.0,67.0,,,,,,,,,
349,"16WCARRA2------4","16WCARRA2------4",67.0,11,173,75.0,50.0,100.0,42.0,0.0,0.0,0.0,,,3.0,67.0,67.0,,,,,,,,,
350,"16WCARRA3------X","16WCARRA3------X",67.0,11,173,75.0,50.0,100.0,31.0,0.0,0.0,0.0,,,4.0,67.0,67.0,,,,,,,,,
351,"16WCBODE1------Q","16WCBODE1------Q",53.0,13,173,75.0,50.0,100.0,34.0,0.0,0.0,0.0,,,3.0,53.0,53.0,,,,,,,,,
352,"16WCBODE2------I","16WCBODE2------I",53.0,13,173,75.0,50.0,100.0,5.0,0.0,0.0,0.0,,,6.0,53.0,53.0,,,,,,,,,
353,"16WCBODE3------A","16WCBODE3------A",53.0,13,173,75.0,50.0,100.0,6.0,0.0,0.0,0.0,,,6.0,53.0,53.0,,,,,,,,,
354,"16WCRESTU1-----5","16WCRESTU1-----5",39.0,11,173,75.0,50.0,100.0,20.0,0.0,0.0,0.0,,,3.0,39.0,39.0,,,,,,,,,
355,"16WCRESTU2-----Z","16WCRESTU2-----Z",39.0,11,173,75.0,50.0,100.0,25.0,0.0,0.0,0.0,,,7.0,39.0,39.0,,,,,,,,,
356,"16WCRESTU3-----S","16WCRESTU3-----S",39.0,11,173,75.0,50.0,100.0,20.0,0.0,0.0,0.0,,,3.0,39.0,39.0,,,,,,,,,
357,"16WFOZTG1------D","16WFOZTG1------D",130.0,16,173,75.0,50.0,100.0,80.0,0.0,0.0,0.0,,,7.0,130.0,130.0,,,,,,,,,
358,"16WFOZTG2------5","16WFOZTG2------5",130.0,16,173,75.0,50.0,100.0,80.0,0.0,0.0,0.0,,,6.0,130.0,130.0,,,,,,,,,
359,"16WFRADEG3-----N","16WFRADEG3-----N",390.0,16,173,75.0,50.0,100.0,200.0,0.0,0.0,0.0,,,5.0,390.0,390.0,,,,,,,,,
360,"16WFRADEG4-----G","16WFRADEG4-----G",390.0,16,173,75.0,50.0,100.0,200.0,0.0,0.0,0.0,,,6.0,390.0,390.0,,,,,,,,,
361,"16WFRADES1-----F","16WFRADES1-----F",95.0,16,173,75.0,50.0,100.0,60.0,0.0,0.0,0.0,,,4.0,95.0,95.0,,,,,,,,,
362,"16WFRADES2-----8","16WFRADES2-----8",95.0,16,173,75.0,50.0,100.0,60.0,0.0,0.0,0.0,,,4.0,95.0,95.0,,,,,,,,,
363,"16WFRATEL1-----M","16WFRATEL1-----M",44.0,11,173,75.0,50.0,100.0,16.0,0.0,0.0,0.0,,,5.0,44.0,44.0,,,,,,,,,
364,"16WFRATEL2-----F","16WFRATEL2-----F",44.0,11,173,75.0,50.0,100.0,16.0,0.0,0.0,0.0,,,6.0,44.0,44.0,,,,,,,,,
365,"16WFRATEL3-----8","16WFRATEL3-----8",44.0,11,173,75.0,50.0,100.0,28.0,0.0,0.0,0.0,,,6.0,44.0,44.0,,,,,,,,,
366,"16WLARES1------B","16WLARES1------B",413.0,5,173,75.0,55.0,100.0,155.0,0.0,0.0,0.0,,,5.0,413.0,413.0,,,,,,,,,
367,"16WLARES2------3","16WLARES2------3",413.0,5,173,75.0,55.0,100.0,155.0,0.0,0.0,0.0,,,4.0,413.0,413.0,,,,,,,,,
368,"16WMIRAN1------O","16WMIRAN1------O",60.0,11,173,75.0,50.0,100.0,40.0,0.0,0.0,0.0,,,4.0,60.0,60.0,,,,,,,,,
369,"16WMIRAN2------G","16WMIRAN2------G",60.0,11,173,75.0,50.0,100.0,40.0,0.0,0.0,0.0,,,5.0,60.0,60.0,,,,,,,,,
370,"16WMIRAN3------8","16WMIRAN3------8",60.0,11,173,75.0,50.0,100.0,40.0,0.0,0.0,0.0,,,5.0,60.0,60.0,,,,,,,,,
371,"16WMIRAN4------0","16WMIRAN4------0",189.0,11,173,75.0,50.0,100.0,10.0,0.0,0.0,0.0,,,4.0,189.0,189.0,,,,,,,,,
372,"16WPEGO3-------P","16WPEGO3-------P",418.0,5,173,75.0,55.0,100.0,258.0,0.0,0.0,0.0,,,3.0,418.0,418.0,,,,,,,,,
373,"16WPEGO4-------G","16WPEGO4-------G",418.0,5,173,75.0,55.0,100.0,262.0,0.0,0.0,0.0,,,4.0,418.0,418.0,,,,,,,,,
374,"16WPICOTE1-----N","16WPICOTE1-----N",65.0,11,173,75.0,50.0,100.0,42.0,0.0,0.0,0.0,,,3.0,65.0,65.0,,,,,,,,,
375,"16WPICOTE2-----G","16WPICOTE2-----G",65.0,11,173,75.0,50.0,100.0,40.0,0.0,0.0,0.0,,,3.0,65.0,65.0,,,,,,,,,
376,"16WPICOTE3-----9","16WPICOTE3-----9",65.0,11,173,75.0,50.0,100.0,42.0,0.0,0.0,0.0,,,3.0,65.0,65.0,,,,,,,,,
377,"16WPICOTE4-----3","16WPICOTE4-----3",245.0,11,173,75.0,50.0,100.0,120.0,0.0,0.0,0.0,,,4.0,245.0,245.0,,,,,,,,,
378,"16WPOCIN1------Z","16WPOCIN1------Z",62.0,11,173,75.0,50.0,100.0,26.0,0.0,0.0,0.0,,,4.0,62.0,62.0,,,,,,,,,
379,"16WPOCIN2------R","16WPOCIN2------R",62.0,11,173,75.0,50.0,100.0,30.0,0.0,0.0,0.0,,,3.0,62.0,62.0,,,,,,,,,
380,"16WPOCIN3------J","16WPOCIN3------J",62.0,11,173,75.0,50.0,100.0,40.0,0.0,0.0,0.0,,,3.0,62.0,62.0,,,,,,,,,
381,"16WREGUA1------8","16WREGUA1------8",60.0,11,173,75.0,50.0,100.0,39.0,0.0,0.0,0.0,,,3.0,60.0,60.0,,,,,,,,,
382,"16WREGUA2------0","16WREGUA2------0",60.0,11,173,75.0,50.0,100.0,38.0,0.0,0.0,0.0,,,4.0,60.0,60.0,,,,,,,,,
383,"16WREGUA3------T","16WREGUA3------T",60.0,11,173,75.0,50.0,100.0,40.0,0.0,0.0,0.0,,,5.0,60.0,60.0,,,,,,,,,
384,"16WRIBATE1-----0","16WRIBATE1-----0",392.0,5,173,75.0,55.0,100.0,120.0,0.0,0.0,0.0,,,6.0,392.0,392.0,,,,,,,,,
385,"16WRIBATE2-----U","16WRIBATE2-----U",392.0,5,173,75.0,55.0,100.0,130.0,0.0,0.0,0.0,,,336.0,392.0,392.0,,,,,,,,,
386,"16WRIBATE3-----N","16WRIBATE3-----N",392.0,5,173,75.0,55.0,100.0,119.0,0.0,0.0,0.0,,,5.0,392.0,392.0,,,,,,,,,
387,"16WRPG01-------E","16WRPG01-------E",288.0,8,173,75.0,50.0,100.0,102.0,0.0,0.0,0.0,,,336.0,288.0,288.0,,,,,,,,,
388,"16WRPG02-------5","16WRPG02-------5",288.0,8,173,75.0,50.0,100.0,100.0,0.0,0.0,0.0,,,336.0,288.0,288.0,,,,,,,,,
389,"16WRTG01-------3","16WRTG01-------3",330.0,5,173,75.0,55.0,100.0,216.0,0.0,0.0,0.0,,,4.0,330.0,330.0,,,,,,,,,
390,"16WRTG02-------V","16WRTG02-------V",330.0,5,173,75.0,55.0,100.0,216.0,0.0,0.0,0.0,,,5.0,330.0,330.0,,,,,,,,,
391,"16WRTG03-------M","16WRTG03-------M",330.0,5,173,75.0,55.0,100.0,200.0,0.0,0.0,0.0,,,6.0,330.0,330.0,,,,,,,,,
392,"16WSALAMG3-----6","16WSALAMG3-----6",220.0,16,173,75.0,50.0,100.0,120.0,0.0,0.0,0.0,,,7.0,220.0,220.0,,,,,,,,,
393,"16WSINES1------G","16WSINES1------G",295.0,8,173,75.0,50.0,100.0,90.0,0.0,0.0,0.0,,,26.0,295.0,295.0,,,,,,,,,
394,"16WSINES2------8","16WSINES2------8",295.0,8,173,75.0,50.0,100.0,90.0,0.0,0.0,0.0,,,336.0,295.0,295.0,,,,,,,,,
395,"16WSINES3------0","16WSINES3------0",295.0,8,173,75.0,50.0,100.0,90.0,0.0,0.0,0.0,,,336.0,295.0,295.0,,,,,,,,,
396,"16WSINES4------T","16WSINES4------T",295.0,8,173,75.0,50.0,100.0,90.0,0.0,0.0,0.0,,,336.0,295.0,295.0,,,,,,,,,
397,"16WTORRA1------U","16WTORRA1------U",70.0,11,173,75.0,50.0,100.0,46.0,0.0,0.0,0.0,,,5.0,70.0,70.0,,,,,,,,,
398,"16WTORRA2------M","16WTORRA2------M",70.0,11,173,75.0,50.0,100.0,44.0,0.0,0.0,0.0,,,6.0,70.0,70.0,,,,,,,,,
399,"16WVALEIR1-----0","16WVALEIR1-----0",80.0,11,173,75.0,50.0,100.0,50.0,0.0,0.0,0.0,,,3.0,80.0,80.0,,,,,,,,,
400,"16WVALEIR2-----U","16WVALEIR2-----U",80.0,11,173,75.0,50.0,100.0,50.0,0.0,0.0,0.0,,,4.0,80.0,80.0,,,,,,,,,
401,"16WVALEIR3-----N","16WVALEIR3-----N",80.0,11,173,75.0,50.0,100.0,50.0,0.0,0.0,0.0,,,3.0,80.0,80.0,,,,,,,,,
402,"16WVFURNA1-----O","16WVFURNA1-----O",72.0,16,173,75.0,50.0,100.0,4.0,0.0,0.0,0.0,,,6.0,72.0,72.0,,,,,,,,,
403,"16WVFURNA2-----H","16WVFURNA2-----H",71.0,16,173,75.0,50.0,100.0,4.0,0.0,0.0,0.0,,,7.0,71.0,71.0,,,,,,,,,
404,"17W100P100P00016","17W100P100P00016",412.0,5,60,75.0,55.0,100.0,200.0,0.0,0.0,0.0,,,4.0,412.0,412.0,,,,,,,,,
405,"17W100P100P00024","17W100P100P00024",115.0,8,60,75.0,50.0,100.0,46.0,0.0,0.0,0.0,0.0,0.0,0.0,115.0,115.0,0,0.0,0.0,0.0,0.0,0.0,0.0,,
406,"17W100P100P00032","17W100P100P00032",285.0,8,60,75.0,50.0,100.0,114.0,0.0,0.0,0.0,0.0,0.0,0.0,285.0,285.0,0,0.0,0.0,0.0,0.0,0.0,0.0,,
407,"17W100P100P0005Z","17W100P100P0005Z",595.0,8,60,75.0,50.0,100.0,350.0,0.0,0.0,0.0,,,336.0,595.0,595.0,,,,,,,,,
408,"17W100P100P0007V","17W100P100P0007V",245.0,8,60,75.0,50.0,100.0,98.0,0.0,0.0,0.0,0.0,0.0,0.0,245.0,245.0,0,0.0,0.0,0.0,0.0,0.0,0.0,,
409,"17W100P100P0009R","17W100P100P0009R",595.0,8,60,75.0,50.0,100.0,269.0,0.0,0.0,0.0,,,336.0,595.0,595.0,,,,,,,,,
410,"17W100P100P00105","17W100P100P00105",413.0,5,60,75.0,55.0,100.0,186.0,0.0,0.0,0.0,,,3.0,413.0,413.0,,,,,,,,,
411,"17W100P100P00113","17W100P100P00113",413.0,5,60,75.0,55.0,100.0,187.0,0.0,0.0,0.0,,,3.0,413.0,413.0,,,,,,,,,
412,"17W100P100P00122","17W100P100P00122",401.0,5,60,75.0,55.0,100.0,208.0,0.0,0.0,0.0,,,3.0,401.0,401.0,,,,,,,,,
413,"17W100P100P00123","17W100P100P00123",413.0,5,60,75.0,55.0,100.0,223.0,0.0,0.0,0.0,,,4.0,413.0,413.0,,,,,,,,,
414,"17W100P100P0016U","17W100P100P0016U",250.0,8,60,75.0,50.0,100.0,100.0,0.0,0.0,0.0,0.0,0.0,0.0,250.0,250.0,0,0.0,0.0,0.0,0.0,0.0,0.0,,
415,"17W100P100P0017S","17W100P100P0017S",580.0,8,60,75.0,50.0,100.0,321.0,0.0,0.0,0.0,,,336.0,580.0,580.0,,,,,,,,,
416,"17W100P100P0018Q","17W100P100P0018Q",580.0,8,60,75.0,50.0,100.0,333.0,0.0,0.0,0.0,,,336.0,580.0,580.0,,,,,,,,,
417,"17W100P100P0023X","17W100P100P0023X",580.0,8,60,75.0,50.0,100.0,354.0,0.0,0.0,0.0,,,336.0,580.0,580.0,,,,,,,,,
418,"17W100P100P0024V","17W100P100P0024V",250.0,8,60,75.0,50.0,100.0,100.0,0.0,0.0,0.0,0.0,0.0,0.0,250.0,250.0,0,0.0,0.0,0.0,0.0,0.0,0.0,,
419,"17W100P100P0025T","17W100P100P0025T",235.0,8,60,75.0,50.0,100.0,94.0,0.0,0.0,0.0,0.0,0.0,0.0,235.0,235.0,0,0.0,0.0,0.0,0.0,0.0,0.0,,
420,"17W100P100P0026R","17W100P100P0026R",250.0,8,60,75.0,50.0,100.0,100.0,0.0,0.0,0.0,0.0,0.0,0.0,250.0,250.0,0,0.0,0.0,0.0,0.0,0.0,0.0,,
421,"17W100P100P0027P","17W100P100P0027P",250.0,8,60,75.0,50.0,100.0,100.0,0.0,0.0,0.0,0.0,0.0,0.0,250.0,250.0,0,0.0,0.0,0.0,0.0,0.0,0.0,,
422,"17W100P100P0028N","17W100P100P0028N-c",100.0,14,60,75.0,50.0,100.0,30.0,0.0,0.0,0.0,0.0,0.0,0.0,0.0,0.0,0,0.0,0.0,0.0,0.0,0.0,0.0,,
423,"17W100P100P0029L","17W100P100P0029L-c",100.0,14,60,75.0,50.0,100.0,30.0,0.0,0.0,0.0,0.0,0.0,0.0,0.0,0.0,0,0.0,0.0,0.0,0.0,0.0,0.0,,
424,"17W100P100P0031Y","17W100P100P0031Y",125.0,14,60,75.0,50.0,100.0,77.0,0.0,0.0,0.0,,,336.0,125.0,125.0,,,,,,,,,
425,"17W100P100P0032W","17W100P100P0032W",129.0,14,60,75.0,50.0,100.0,64.0,0.0,0.0,0.0,,,336.0,129.0,129.0,,,,,,,,,
426,"17W100P100P0033U","17W100P100P0033U",134.0,14,60,75.0,50.0,100.0,44.0,0.0,0.0,0.0,,,336.0,134.0,134.0,,,,,,,,,
427,"17W100P100P0034S","17W100P100P0034S",685.0,14,60,75.0,50.0,100.0,274.0,0.0,0.0,0.0,0.0,0.0,0.0,685.0,685.0,0,0.0,0.0,0.0,0.0,0.0,0.0,,
428,"17W100P100P0035Q","17W100P100P0035Q",685.0,14,60,75.0,50.0,100.0,274.0,0.0,0.0,0.0,0.0,0.0,0.0,685.0,685.0,0,0.0,0.0,0.0,0.0,0.0,0.0,,
429,"17W100P100P0037M","17W100P100P0037M",203.0,5,60,75.0,55.0,100.0,132.0,0.0,0.0,0.0,,,8.0,203.0,203.0,,,,,,,,,
430,"17W100P100P0040X","17W100P100P0040X",185.0,14,60,75.0,50.0,100.0,18.0,0.0,0.0,0.0,,,336.0,185.0,185.0,,,,,,,,,
431,"17W100P100P0041V","17W100P100P0041V",185.0,14,60,75.0,50.0,100.0,19.0,0.0,0.0,0.0,,,336.0,185.0,185.0,,,,,,,,,
432,"17W100P100P0042T","17W100P100P0042T",585.0,14,60,75.0,50.0,100.0,234.0,0.0,0.0,0.0,0.0,0.0,0.0,585.0,585.0,0,0.0,0.0,0.0,0.0,0.0,0.0,,
433,"17W100P100P0043R","17W100P100P0043R",585.0,14,60,75.0,50.0,100.0,234.0,0.0,0.0,0.0,0.0,0.0,0.0,585.0,585.0,0,0.0,0.0,0.0,0.0,0.0,0.0,,
434,"17W100P100P0044P","17W100P100P0044P",535.0,14,60,75.0,50.0,100.0,214.0,0.0,0.0,0.0,0.0,0.0,0.0,535.0,535.0,0,0.0,0.0,0.0,0.0,0.0,0.0,,
435,"17W100P100P0045N","17W100P100P0045N",585.0,14,60,75.0,50.0,100.0,234.0,0.0,0.0,0.0,0.0,0.0,0.0,585.0,585.0,0,0.0,0.0,0.0,0.0,0.0,0.0,,
436,"17W100P100P0046L","17W100P100P0046L",181.0,14,60,75.0,50.0,100.0,117.0,0.0,0.0,0.0,,,336.0,181.0,181.0,,,,,,,,,
437,"17W100P100P0047J","17W100P100P0047J",179.0,14,60,75.0,50.0,100.0,21.0,0.0,0.0,0.0,,,336.0,179.0,179.0,,,,,,,,,
438,"17W100P100P0048H","17W100P100P0048H",182.0,14,60,75.0,50.0,100.0,36.0,0.0,0.0,0.0,,,336.0,182.0,182.0,,,,,,,,,
439,"17W100P100P0049F","17W100P100P0049F",105.0,11,60,75.0,50.0,100.0,37.0,0.0,0.0,0.0,,,3.0,105.0,105.0,,,,,,,,,
440,"17W100P100P0050U","17W100P100P0050U",106.0,11,60,75.0,50.0,100.0,70.0,0.0,0.0,0.0,,,3.0,106.0,106.0,,,,,,,,,
441,"17W100P100P0051S","17W100P100P0051S",146.0,13,60,75.0,50.0,100.0,90.0,0.0,0.0,0.0,,,5.0,146.0,146.0,,,,,,,,,
442,"17W100P100P0052Q","17W100P100P0052Q",118.0,13,60,75.0,50.0,100.0,8.0,0.0,0.0,0.0,,,5.0,118.0,118.0,,,,,,,,,
443,"17W100P100P0054M","17W100P100P0054M",114.0,13,60,75.0,50.0,100.0,74.0,0.0,0.0,0.0,,,5.0,114.0,114.0,,,,,,,,,
444,"17W100P100P0055K","17W100P100P0055K",240.0,13,60,75.0,50.0,100.0,157.0,0.0,0.0,0.0,,,4.0,240.0,240.0,,,,,,,,,
445,"17W100P100P0056I","17W100P100P0056I",259.0,16,60,75.0,50.0,100.0,172.0,0.0,0.0,0.0,,,5.0,259.0,259.0,,,,,,,,,
446,"17W100P100P0057G","17W100P100P0057G",259.0,16,60,75.0,50.0,100.0,169.0,0.0,0.0,0.0,,,6.0,259.0,259.0,,,,,,,,,
447,"17W100P100P0058E","17W100P100P0058E",170.0,16,60,75.0,50.0,100.0,98.0,0.0,0.0,0.0,,,5.0,170.0,170.0,,,,,,,,,
448,"17W100P100P0059C","17W100P100P0059C",152.0,16,60,75.0,50.0,100.0,63.0,0.0,0.0,0.0,,,6.0,152.0,152.0,,,,,,,,,
449,"17W100P100P0060R","17W100P100P0060R",157.0,16,60,75.0,50.0,100.0,93.0,0.0,0.0,0.0,,,5.0,157.0,157.0,,,,,,,,,
450,"17W100P100P0061P","17W100P100P0061P",152.0,16,60,75.0,50.0,100.0,60.0,0.0,0.0,0.0,,,6.0,152.0,152.0,,,,,,,,,
451,"17W100P100P0062N","17W100P100P0062N",157.0,16,60,75.0,50.0,100.0,93.0,0.0,0.0,0.0,,,5.0,157.0,157.0,,,,,,,,,
452,"17W100P100P0063L","17W100P100P0063L",152.0,16,60,75.0,50.0,100.0,63.0,0.0,0.0,0.0,,,7.0,152.0,152.0,,,,,,,,,
453,"17W100P100P0064J","17W100P100P0064J",152.0,16,60,75.0,50.0,100.0,62.0,0.0,0.0,0.0,,,6.0,152.0,152.0,,,,,,,,,
454,"17W100P100P0065H","17W100P100P0065H",152.0,16,60,75.0,50.0,100.0,61.0,0.0,0.0,0.0,,,7.0,152.0,152.0,,,,,,,,,
455,"17W100P100P0066F","17W100P100P0066F",152.0,16,60,75.0,50.0,100.0,62.0,0.0,0.0,0.0,,,7.0,152.0,152.0,,,,,,,,,
456,"17W100P100P0067D","17W100P100P0067D",152.0,16,60,75.0,50.0,100.0,62.0,0.0,0.0,0.0,,,6.0,152.0,152.0,,,,,,,,,
457,"17W100P100P0068B","17W100P100P0068B",152.0,16,60,75.0,50.0,100.0,60.0,0.0,0.0,0.0,,,6.0,152.0,152.0,,,,,,,,,
458,"17W100P100P00699","17W100P100P00699",157.0,16,60,75.0,50.0,100.0,93.0,0.0,0.0,0.0,,,4.0,157.0,157.0,,,,,,,,,
459,"17W100P100P0071M","17W100P100P0071M",227.0,16,60,75.0,50.0,100.0,88.0,0.0,0.0,0.0,,,6.0,227.0,227.0,,,,,,,,,
460,"17W100P100P0072K","17W100P100P0072K",227.0,16,60,75.0,50.0,100.0,96.0,0.0,0.0,0.0,,,6.0,227.0,227.0,,,,,,,,,
461,"17W100P100P0073I","17W100P100P0073I",227.0,16,60,75.0,50.0,100.0,95.0,0.0,0.0,0.0,,,6.0,227.0,227.0,,,,,,,,,
462,"17W100P100P0074G","17W100P100P0074G",227.0,16,60,75.0,50.0,100.0,90.0,0.0,0.0,0.0,,,6.0,227.0,227.0,,,,,,,,,
463,"17W100P100P0075E","17W100P100P0075E",286.0,13,60,75.0,50.0,100.0,92.0,0.0,0.0,0.0,,,5.0,286.0,286.0,,,,,,,,,
464,"17W100P100P0076C","17W100P100P0076C",202.0,16,60,75.0,50.0,100.0,101.0,0.0,0.0,0.0,,,6.0,202.0,202.0,,,,,,,,,
465,"17W100P100P0077A","17W100P100P0077A",202.0,16,60,75.0,50.0,100.0,76.0,0.0,0.0,0.0,,,4.0,202.0,202.0,,,,,,,,,
466,"17W100P100P00788","17W100P100P00788",202.0,16,60,75.0,50.0,100.0,107.0,0.0,0.0,0.0,,,6.0,202.0,202.0,,,,,,,,,
467,"17W100P100P00796","17W100P100P00796",202.0,16,60,75.0,50.0,100.0,108.0,0.0,0.0,0.0,,,6.0,202.0,202.0,,,,,,,,,
468,"17W100P100P0080L","17W100P100P0080L",124.0,13,60,75.0,50.0,100.0,57.0,0.0,0.0,0.0,,,3.0,124.0,124.0,,,,,,,,,
469,"17W100P100P0081J","17W100P100P0081J",126.0,13,60,75.0,50.0,100.0,57.0,0.0,0.0,0.0,,,3.0,126.0,126.0,,,,,,,,,
470,"17W100P100P0082H","17W100P100P0082H",152.0,16,60,75.0,50.0,100.0,74.0,0.0,0.0,0.0,,,6.0,152.0,152.0,,,,,,,,,
471,"17W100P100P0083F","17W100P100P0083F",152.0,16,60,75.0,50.0,100.0,11.0,0.0,0.0,0.0,,,6.0,152.0,152.0,,,,,,,,,
472,"17W100P100P0084D","17W100P100P0084D",152.0,16,60,75.0,50.0,100.0,74.0,0.0,0.0,0.0,,,3.0,152.0,152.0,,,,,,,,,
473,"17W100P100P0085B","17W100P100P0085B",152.0,16,60,75.0,50.0,100.0,8.0,0.0,0.0,0.0,,,4.0,152.0,152.0,,,,,,,,,
474,"17W100P100P00869","17W100P100P00869",162.0,16,60,75.0,50.0,100.0,84.0,0.0,0.0,0.0,,,3.0,162.0,162.0,,,,,,,,,
475,"17W100P100P00877","17W100P100P00877",182.0,13,60,75.0,50.0,100.0,109.0,0.0,0.0,0.0,,,4.0,182.0,182.0,,,,,,,,,
476,"17W100P100P00885","17W100P100P00885",182.0,13,60,75.0,50.0,100.0,101.0,0.0,0.0,0.0,,,4.0,182.0,182.0,,,,,,,,,
477,"17W100P100P00893","17W100P100P00893",123.0,13,60,75.0,50.0,100.0,49.2,0.0,0.0,0.0,,,0.0,123.0,123.0,,,,,,,,,
478,"17W100P100P0090I","17W100P100P0090I",1310.0,3,60,75.0,50.0,100.0,520.0,0.0,0.0,0.0,,,336.0,1310.0,1310.0,,,,,,,,,
479,"17W100P100P0091G","17W100P100P0091G",1310.0,3,60,75.0,50.0,100.0,156.0,0.0,0.0,0.0,,,5.0,1310.0,1310.0,,,,,,,,,
480,"17W100P100P0092E","17W100P100P0092E",910.0,3,60,75.0,50.0,100.0,216.0,0.0,0.0,0.0,,,336.0,910.0,910.0,,,,,,,,,
481,"17W100P100P0093C","17W100P100P0093C",910.0,3,60,75.0,50.0,100.0,386.0,0.0,0.0,0.0,,,336.0,910.0,910.0,,,,,,,,,
482,"17W100P100P0094A","17W100P100P0094A",910.0,3,60,75.0,50.0,100.0,354.0,0.0,0.0,0.0,,,336.0,910.0,910.0,,,,,,,,,
483,"17W100P100P00958","17W100P100P00958",910.0,3,60,75.0,50.0,100.0,362.0,0.0,0.0,0.0,,,336.0,910.0,910.0,,,,,,,,,
484,"17W100P100P00966","17W100P100P00966",910.0,3,60,75.0,50.0,100.0,482.0,0.0,0.0,0.0,,,106.0,910.0,910.0,,,,,,,,,
485,"17W100P100P00974","17W100P100P00974",910.0,3,60,75.0,50.0,100.0,242.0,0.0,0.0,0.0,,,25.0,910.0,910.0,,,,,,,,,
486,"17W100P100P00982","17W100P100P00982",880.0,3,60,75.0,50.0,100.0,459.0,0.0,0.0,0.0,,,13.0,880.0,880.0,,,,,,,,,
487,"17W100P100P01004","17W100P100P01004",880.0,3,60,75.0,50.0,100.0,318.0,0.0,0.0,0.0,,,336.0,880.0,880.0,,,,,,,,,
488,"17W100P100P01012","17W100P100P01012",1300.0,3,60,75.0,50.0,100.0,667.0,0.0,0.0,0.0,,,336.0,1300.0,1300.0,,,,,,,,,
489,"17W100P100P0103Z","17W100P100P0103Z",1300.0,3,60,75.0,50.0,100.0,633.0,0.0,0.0,0.0,,,4.0,1300.0,1300.0,,,,,,,,,
490,"17W100P100P0104X","17W100P100P0104X",1300.0,3,60,75.0,50.0,100.0,506.0,0.0,0.0,0.0,,,336.0,1300.0,1300.0,,,,,,,,,
491,"17W100P100P0105V","17W100P100P0105V",1300.0,3,60,75.0,50.0,100.0,846.0,0.0,0.0,0.0,,,336.0,1300.0,1300.0,,,,,,,,,
492,"17W100P100P0106T","17W100P100P0106T",905.0,3,60,75.0,50.0,100.0,305.0,0.0,0.0,0.0,,,336.0,905.0,905.0,,,,,,,,,
493,"17W100P100P0107R","17W100P100P0107R",905.0,3,60,75.0,50.0,100.0,365.0,0.0,0.0,0.0,,,336.0,905.0,905.0,,,,,,,,,
494,"17W100P100P0108P","17W100P100P0108P",905.0,3,60,75.0,50.0,100.0,555.0,0.0,0.0,0.0,,,336.0,905.0,905.0,,,,,,,,,
495,"17W100P100P0109N","17W100P100P0109N",905.0,3,60,75.0,50.0,100.0,236.0,0.0,0.0,0.0,,,336.0,905.0,905.0,,,,,,,,,
496,"17W100P100P01101","17W100P100P01101",1500.0,3,60,75.0,50.0,100.0,425.0,0.0,0.0,0.0,,,336.0,1500.0,1500.0,,,,,,,,,
497,"17W100P100P0112Y","17W100P100P0112Y",1500.0,3,60,75.0,50.0,100.0,203.0,0.0,0.0,0.0,,,336.0,1500.0,1500.0,,,,,,,,,
498,"17W100P100P0113W","17W100P100P0113W",1495.0,3,60,75.0,50.0,100.0,601.0,0.0,0.0,0.0,,,336.0,1495.0,1495.0,,,,,,,,,
499,"17W100P100P0114U","17W100P100P0114U",1495.0,3,60,75.0,50.0,100.0,404.0,0.0,0.0,0.0,,,336.0,1495.0,1495.0,,,,,,,,,
500,"17W100P100P0115S","17W100P100P0115S",915.0,3,60,75.0,50.0,100.0,244.0,0.0,0.0,0.0,,,336.0,915.0,915.0,,,,,,,,,
501,"17W100P100P0116Q","17W100P100P0116Q",915.0,3,60,75.0,50.0,100.0,112.0,0.0,0.0,0.0,,,336.0,915.0,915.0,,,,,,,,,
502,"17W100P100P0118M","17W100P100P0118M",915.0,3,60,75.0,50.0,100.0,372.0,0.0,0.0,0.0,,,336.0,915.0,915.0,,,,,,,,,
503,"17W100P100P0119K","17W100P100P0119K",915.0,3,60,75.0,50.0,100.0,384.0,0.0,0.0,0.0,,,336.0,915.0,915.0,,,,,,,,,
504,"17W100P100P0120Z","17W100P100P0120Z",890.0,3,60,75.0,50.0,100.0,340.0,0.0,0.0,0.0,,,336.0,890.0,890.0,,,,,,,,,
505,"17W100P100P0121X","17W100P100P0121X",890.0,3,60,75.0,50.0,100.0,482.0,0.0,0.0,0.0,,,9.0,890.0,890.0,,,,,,,,,
506,"17W100P100P0122V","17W100P100P0122V",890.0,3,60,75.0,50.0,100.0,364.0,0.0,0.0,0.0,,,336.0,890.0,890.0,,,,,,,,,
507,"17W100P100P0123T","17W100P100P0123T",890.0,3,60,75.0,50.0,100.0,524.0,0.0,0.0,0.0,,,336.0,890.0,890.0,,,,,,,,,
508,"17W100P100P0124R","17W100P100P0124R",880.0,3,60,75.0,50.0,100.0,181.0,0.0,0.0,0.0,,,43.0,880.0,880.0,,,,,,,,,
509,"17W100P100P0125P","17W100P100P0125P",880.0,3,60,75.0,50.0,100.0,550.0,0.0,0.0,0.0,,,336.0,880.0,880.0,,,,,,,,,
510,"17W100P100P0126N","17W100P100P0126N",1330.0,3,60,75.0,50.0,100.0,534.0,0.0,0.0,0.0,,,336.0,1330.0,1330.0,,,,,,,,,
511,"17W100P100P0127L","17W100P100P0127L",1330.0,3,60,75.0,50.0,100.0,578.0,0.0,0.0,0.0,,,336.0,1330.0,1330.0,,,,,,,,,
512,"17W100P100P0128J","17W100P100P0128J",1310.0,3,60,75.0,50.0,100.0,264.0,0.0,0.0,0.0,,,26.0,1310.0,1310.0,,,,,,,,,
513,"17W100P100P0129H","17W100P100P0129H",1310.0,3,60,75.0,50.0,100.0,342.0,0.0,0.0,0.0,,,336.0,1310.0,1310.0,,,,,,,,,
514,"17W100P100P0130W","17W100P100P0130W",910.0,3,60,75.0,50.0,100.0,332.0,0.0,0.0,0.0,,,336.0,910.0,910.0,,,,,,,,,
515,"17W100P100P0131U","17W100P100P0131U",910.0,3,60,75.0,50.0,100.0,188.0,0.0,0.0,0.0,,,336.0,910.0,910.0,,,,,,,,,
516,"17W100P100P0132S","17W100P100P0132S",910.0,3,60,75.0,50.0,100.0,502.0,0.0,0.0,0.0,,,336.0,910.0,910.0,,,,,,,,,
517,"17W100P100P0133Q","17W100P100P0133Q",910.0,3,60,75.0,50.0,100.0,344.0,0.0,0.0,0.0,,,336.0,910.0,910.0,,,,,,,,,
518,"17W100P100P0135M","17W100P100P0135M",910.0,3,60,75.0,50.0,100.0,184.0,0.0,0.0,0.0,,,336.0,910.0,910.0,,,,,,,,,
519,"17W100P100P0136K","17W100P100P0136K",910.0,3,60,75.0,50.0,100.0,560.0,0.0,0.0,0.0,,,336.0,910.0,910.0,,,,,,,,,
520,"17W100P100P0137I","17W100P100P0137I",1310.0,3,60,75.0,50.0,100.0,506.0,0.0,0.0,0.0,,,336.0,1310.0,1310.0,,,,,,,,,
521,"17W100P100P0138G","17W100P100P0138G",1310.0,3,60,75.0,50.0,100.0,286.0,0.0,0.0,0.0,,,336.0,1310.0,1310.0,,,,,,,,,
522,"17W100P100P0139E","17W100P100P0139E",1330.0,3,60,75.0,50.0,100.0,762.0,0.0,0.0,0.0,,,336.0,1330.0,1330.0,,,,,,,,,
523,"17W100P100P0140T","17W100P100P0140T",1330.0,3,60,75.0,50.0,100.0,482.0,0.0,0.0,0.0,,,336.0,1330.0,1330.0,,,,,,,,,
524,"17W100P100P0141R","17W100P100P0141R",1330.0,3,60,75.0,50.0,100.0,700.0,0.0,0.0,0.0,,,336.0,1330.0,1330.0,,,,,,,,,
525,"17W100P100P0142P","17W100P100P0142P",1330.0,3,60,75.0,50.0,100.0,382.0,0.0,0.0,0.0,,,336.0,1330.0,1330.0,,,,,,,,,
526,"17W100P100P0143N","17W100P100P0143N",1330.0,3,60,75.0,50.0,100.0,538.0,0.0,0.0,0.0,,,336.0,1330.0,1330.0,,,,,,,,,
527,"17W100P100P0144L","17W100P100P0144L",1330.0,3,60,75.0,50.0,100.0,346.0,0.0,0.0,0.0,,,336.0,1330.0,1330.0,,,,,,,,,
528,"17W100P100P0145J","17W100P100P0145J",1335.0,3,60,75.0,50.0,100.0,841.0,0.0,0.0,0.0,,,26.0,1335.0,1335.0,,,,,,,,,
529,"17W100P100P0146H","17W100P100P0146H",1335.0,3,60,75.0,50.0,100.0,262.0,0.0,0.0,0.0,,,336.0,1335.0,1335.0,,,,,,,,,
530,"17W100P100P0147F","17W100P100P0147F",915.0,3,60,75.0,50.0,100.0,335.0,0.0,0.0,0.0,,,336.0,915.0,915.0,,,,,,,,,
531,"17W100P100P0148D","17W100P100P0148D",915.0,3,60,75.0,50.0,100.0,352.0,0.0,0.0,0.0,,,336.0,915.0,915.0,,,,,,,,,
532,"17W100P100P0149B","17W100P100P0149B",915.0,3,60,75.0,50.0,100.0,188.0,0.0,0.0,0.0,,,336.0,915.0,915.0,,,,,,,,,
533,"17W100P100P0150Q","17W100P100P0150Q",915.0,3,60,75.0,50.0,100.0,239.0,0.0,0.0,0.0,,,336.0,915.0,915.0,,,,,,,,,
534,"17W100P100P0152M","17W100P100P0152M",915.0,3,60,75.0,50.0,100.0,370.0,0.0,0.0,0.0,,,336.0,915.0,915.0,,,,,,,,,
535,"17W100P100P0153K","17W100P100P0153K",915.0,3,60,75.0,50.0,100.0,504.0,0.0,0.0,0.0,,,336.0,915.0,915.0,,,,,,,,,
536,"17W100P100P0166B","17W100P100P0166B",122.0,11,60,75.0,50.0,100.0,80.0,0.0,0.0,0.0,,,7.0,122.0,122.0,,,,,,,,,
537,"17W100P100P01679","17W100P100P01679",425.0,5,60,75.0,55.0,100.0,126.0,0.0,0.0,0.0,,,3.0,425.0,425.0,,,,,,,,,
538,"17W100P100P0171I","17W100P100P0171I",435.0,5,60,75.0,55.0,100.0,189.0,0.0,0.0,0.0,,,3.0,435.0,435.0,,,,,,,,,
539,"17W100P100P0173E","17W100P100P0173E",427.0,5,60,75.0,55.0,100.0,180.0,0.0,0.0,0.0,,,4.0,427.0,427.0,,,,,,,,,
540,"17W100P100P0174C","17W100P100P0174C",465.0,5,60,75.0,55.0,100.0,177.0,0.0,0.0,0.0,,,4.0,465.0,465.0,,,,,,,,,
541,"17W100P100P0175A","17W100P100P0175A",465.0,5,60,75.0,55.0,100.0,178.0,0.0,0.0,0.0,,,4.0,465.0,465.0,,,,,,,,,
542,"17W100P100P01768","17W100P100P01768",585.0,5,60,75.0,55.0,100.0,290.0,0.0,0.0,0.0,,,5.0,585.0,585.0,,,,,,,,,
543,"17W100P100P02578","17W100P100P02578",85.0,14,60,75.0,50.0,100.0,42.0,0.0,0.0,0.0,,,336.0,85.0,85.0,,,,,,,,,
544,"17W100P100P02594","17W100P100P02594",85.0,14,60,75.0,50.0,100.0,42.0,0.0,0.0,0.0,,,336.0,85.0,85.0,,,,,,,,,
545,"17W100P100P0262F","17W100P100P0262F",85.0,14,60,75.0,50.0,100.0,41.0,0.0,0.0,0.0,,,3.0,85.0,85.0,,,,,,,,,
546,"17W100P100P0264B","17W100P100P0264B",85.0,14,60,75.0,50.0,100.0,41.0,0.0,0.0,0.0,,,3.0,85.0,85.0,,,,,,,,,
547,"17W100P100P0330O","17W100P100P0330O",167.0,5,60,75.0,55.0,100.0,35.0,0.0,0.0,0.0,,,3.0,167.0,167.0,,,,,,,,,
548,"17W100P100P0331M","17W100P100P0331M",231.0,5,60,75.0,55.0,100.0,118.0,0.0,0.0,0.0,,,4.0,231.0,231.0,,,,,,,,,
549,"17W100P100P0332K","17W100P100P0332K",167.0,5,60,75.0,55.0,100.0,108.0,0.0,0.0,0.0,,,3.0,167.0,167.0,,,,,,,,,
550,"17W100P100P0333I","17W100P100P0333I",231.0,5,60,75.0,55.0,100.0,117.0,0.0,0.0,0.0,,,3.0,231.0,231.0,,,,,,,,,
551,"17W100P100P03388","17W100P100P03388",428.0,5,60,75.0,55.0,100.0,222.0,0.0,0.0,0.0,,,3.0,428.0,428.0,,,,,,,,,
552,"17W100P100P03396","17W100P100P03396",62.0,1,60,75.0,50.0,100.0,24.8,0.0,0.0,0.0,,,336.0,62.0,62.0,,,,,,,,,
553,"17W100P100P03477","17W100P100P03477",120.0,5,60,75.0,55.0,100.0,71.0,0.0,0.0,0.0,,,336.0,120.0,120.0,,,,,,,,,
554,"17W100P100P03485","17W100P100P03485",120.0,5,60,75.0,55.0,100.0,71.0,0.0,0.0,0.0,,,79.0,120.0,120.0,,,,,,,,,
555,"17W100P100P03566","17W100P100P03566",100.0,13,60,75.0,50.0,100.0,33.0,0.0,0.0,0.0,,,6.0,100.0,100.0,,,,,,,,,
556,"17W100P100P03590","17W100P100P03590",100.0,13,60,75.0,50.0,100.0,57.0,0.0,0.0,0.0,,,3.0,100.0,100.0,,,,,,,,,
557,"17W100P100P0360F","17W100P100P0360F",100.0,13,60,75.0,50.0,100.0,60.0,0.0,0.0,0.0,,,3.0,100.0,100.0,,,,,,,,,
558,"17W100P100P0361D","17W100P100P0361D",100.0,13,60,75.0,50.0,100.0,58.0,0.0,0.0,0.0,,,3.0,100.0,100.0,,,,,,,,,
559,"17W100P100P03655","17W100P100P03655",150.0,10,60,75.0,50.0,100.0,14.0,0.0,0.0,0.0,,,336.0,150.0,150.0,,,,,,,,,
560,"17W100P100P20746","17W100P100P20746",240.0,16,60,75.0,50.0,100.0,150.0,0.0,0.0,0.0,,,4.0,240.0,240.0,,,,,,,,,
561,"18W000000000AI2L","18W000000000AI2L",148.3,7,202,75.0,50.0,100.0,10.0,0.0,0.0,0.0,,,8.0,148.3,148.3,,,,,,,,,
562,"18W000000000F3CQ","18W000000000F3CQ",392.8,7,202,75.0,50.0,100.0,60.0,0.0,0.0,0.0,,,9.0,392.8,392.8,,,,,,,,,
563,"18W000000000FUZA","18W000000000FUZA",157.5,7,202,75.0,50.0,100.0,8.0,0.0,0.0,0.0,,,12.0,157.5,157.5,,,,,,,,,
564,"18W000000000H02A","18W000000000H02A",391.0,7,202,75.0,50.0,100.0,29.0,0.0,0.0,0.0,,,8.0,391.0,391.0,,,,,,,,,
565,"18W000000000HBIJ","18W000000000HBIJ",100.0,7,202,75.0,50.0,100.0,55.0,0.0,0.0,0.0,,,8.0,100.0,100.0,,,,,,,,,
566,"18WABO1-12345-D7","18WABO1-12345-D7",341.7,8,202,75.0,50.0,100.0,187.0,0.0,0.0,0.0,,,336.0,341.7,341.7,,,,,,,,,
567,"18WABO2-12345-DY","18WABO2-12345-DY",561.8,8,202,75.0,50.0,100.0,251.0,0.0,0.0,0.0,,,51.0,561.8,561.8,,,,,,,,,
568,"18WACE3-12345-CD","18WACE3-12345-CD",386.0,5,202,75.0,55.0,100.0,172.0,0.0,0.0,0.0,,,5.0,386.0,386.0,,,,,,,,,
569,"18WACE4-12345-C3","18WACE4-12345-C3",372.6,5,202,75.0,55.0,100.0,139.0,0.0,0.0,0.0,,,5.0,372.6,372.6,,,,,,,,,
570,"18WAL11-12345-AZ","18WAL11-12345-AZ",132.9,13,202,75.0,50.0,100.0,20.0,0.0,0.0,0.0,,,4.0,132.9,132.9,,,,,,,,,
571,"18WAL12-12345-AP","18WAL12-12345-AP",132.7,13,202,75.0,50.0,100.0,21.0,0.0,0.0,0.0,,,5.0,132.7,132.7,,,,,,,,,
572,"18WAL13-12345-AF","18WAL13-12345-AF",133.0,13,202,75.0,50.0,100.0,22.0,0.0,0.0,0.0,,,5.0,133.0,133.0,,,,,,,,,
573,"18WAL14-12345-A5","18WAL14-12345-A5",133.1,13,202,75.0,50.0,100.0,22.0,0.0,0.0,0.0,,,3.0,133.1,133.1,,,,,,,,,
574,"18WAL15-12345-AW","18WAL15-12345-AW",131.8,13,202,75.0,50.0,100.0,21.0,0.0,0.0,0.0,,,3.0,131.8,131.8,,,,,,,,,
575,"18WAL16-12345-AM","18WAL16-12345-AM",134.3,13,202,75.0,50.0,100.0,76.0,0.0,0.0,0.0,,,3.0,134.3,134.3,,,,,,,,,
576,"18WAL21-12345-AO","18WAL21-12345-AO",216.2,13,202,75.0,50.0,100.0,130.0,0.0,0.0,0.0,,,5.0,216.2,216.2,,,,,,,,,
577,"18WAL21B-12345-W","18WAL21B-12345-W",200.0,16,202,75.0,50.0,100.0,80.0,0.0,0.0,0.0,,,0.0,200.0,200.0,,,,,,,,,
578,"18WAL22-12345-AE","18WAL22-12345-AE",212.2,13,202,75.0,50.0,100.0,131.0,0.0,0.0,0.0,,,4.0,212.2,212.2,,,,,,,,,
579,"18WAL22B-12345-M","18WAL22B-12345-M",200.0,16,202,75.0,50.0,100.0,80.0,0.0,0.0,0.0,,,0.0,200.0,200.0,,,,,,,,,
580,"18WALG3TG1-123-9","18WALG3TG1-123-9",282.4,5,202,75.0,55.0,100.0,170.0,0.0,0.0,0.0,,,336.0,282.4,282.4,,,,,,,,,
581,"18WALG3TG2-123-2","18WALG3TG2-123-2",279.6,5,202,75.0,55.0,100.0,169.0,0.0,0.0,0.0,,,336.0,279.6,279.6,,,,,,,,,
582,"18WALG3TV1-123-0","18WALG3TV1-123-0",258.5,5,202,75.0,55.0,100.0,90.0,0.0,0.0,0.0,,,5.0,258.5,258.5,,,,,,,,,
583,"18WALL1-12345-DV","18WALL1-12345-DV",346.8,8,202,75.0,50.0,100.0,215.0,0.0,0.0,0.0,,,336.0,346.8,346.8,,,,,,,,,
584,"18WALZ1-12345-BT","18WALZ1-12345-BT",1011.3,3,202,75.0,50.0,100.0,669.0,0.0,0.0,0.0,,,336.0,1011.3,1011.3,,,,,,,,,
585,"18WALZ2-12345-BJ","18WALZ2-12345-BJ",1005.8,3,202,75.0,50.0,100.0,664.0,0.0,0.0,0.0,,,43.0,1005.8,1005.8,,,,,,,,,
586,"18WAMBITG1-12--P","18WAMBITG1-12--P",252.4,5,202,75.0,55.0,100.0,167.0,0.0,0.0,0.0,,,11.0,252.4,252.4,,,,,,,,,
587,"18WAMBITG2-12-CT","18WAMBITG2-12-CT",252.4,5,202,75.0,55.0,100.0,168.0,0.0,0.0,0.0,,,336.0,252.4,252.4,,,,,,,,,
588,"18WAMBITV-123-CK","18WAMBITV-123-CK",281.6,5,202,75.0,55.0,100.0,106.0,0.0,0.0,0.0,,,11.0,281.6,281.6,,,,,,,,,
589,"18WARC3TG1-12-C4","18WARC3TG1-12-C4",260.9,5,202,75.0,55.0,100.0,85.0,0.0,0.0,0.0,,,5.0,260.9,260.9,,,,,,,,,
590,"18WARC3TG2-12-CY","18WARC3TG2-12-CY",267.8,5,202,75.0,55.0,100.0,90.0,0.0,0.0,0.0,,,4.0,267.8,267.8,,,,,,,,,
591,"18WARC3TV-123-CP","18WARC3TV-123-CP",294.1,5,202,75.0,55.0,100.0,130.0,0.0,0.0,0.0,,,4.0,294.1,294.1,,,,,,,,,
592,"18WARCOS1-123-CR","18WARCOS1-123-CR",389.2,5,202,75.0,55.0,100.0,234.0,0.0,0.0,0.0,,,5.0,389.2,389.2,,,,,,,,,
593,"18WARCOS2-123-CJ","18WARCOS2-123-CJ",373.2,5,202,75.0,55.0,100.0,233.0,0.0,0.0,0.0,,,4.0,373.2,373.2,,,,,,,,,
594,"18WARRU1-1234-CW","18WARRU1-1234-CW",394.6,5,202,75.0,55.0,100.0,234.0,0.0,0.0,0.0,,,4.0,394.6,394.6,,,,,,,,,
595,"18WARRU2-1234-CN","18WARRU2-1234-CN",390.0,5,202,75.0,55.0,100.0,126.0,0.0,0.0,0.0,,,4.0,390.0,390.0,,,,,,,,,
596,"18WASC1-12345-BD","18WASC1-12345-BD",995.8,3,202,75.0,50.0,100.0,660.0,0.0,0.0,0.0,,,336.0,995.8,995.8,,,,,,,,,
597,"18WASC2-12345-B3","18WASC2-12345-B3",991.7,3,202,75.0,50.0,100.0,594.0,0.0,0.0,0.0,,,307.0,991.7,991.7,,,,,,,,,
598,"18WBAHITG1-12-CR","18WBAHITG1-12-CR",256.6,5,202,75.0,55.0,100.0,148.0,0.0,0.0,0.0,,,336.0,256.6,256.6,,,,,,,,,
599,"18WBAHITG2-12-CK","18WBAHITG2-12-CK",257.4,5,202,75.0,55.0,100.0,144.0,0.0,0.0,0.0,,,336.0,257.4,257.4,,,,,,,,,
600,"18WBAHITV-123-CB","18WBAHITV-123-CB",271.3,5,202,75.0,55.0,100.0,128.0,0.0,0.0,0.0,,,11.0,271.3,271.3,,,,,,,,,
601,"18WBEL1-12345-AY","18WBEL1-12345-AY",102.5,13,202,75.0,50.0,100.0,56.0,0.0,0.0,0.0,,,5.0,102.5,102.5,,,,,,,,,
602,"18WBEL2-12345-AO","18WBEL2-12345-AO",104.8,13,202,75.0,50.0,100.0,37.0,0.0,0.0,0.0,,,3.0,104.8,104.8,,,,,,,,,
603,"18WBEL3-12345-AE","18WBEL3-12345-AE",102.9,13,202,75.0,50.0,100.0,37.0,0.0,0.0,0.0,,,3.0,102.9,102.9,,,,,,,,,
604,"18WBES3-12345-C7","18WBES3-12345-C7",411.9,5,202,75.0,55.0,100.0,166.0,0.0,0.0,0.0,,,4.0,411.9,411.9,,,,,,,,,
605,"18WBES4-12345-CY","18WBES4-12345-CY",399.7,5,202,75.0,55.0,100.0,172.0,0.0,0.0,0.0,,,4.0,399.7,399.7,,,,,,,,,
606,"18WBES5TG1-123-2","18WBES5TG1-123-2",276.0,5,202,75.0,55.0,100.0,94.0,0.0,0.0,0.0,,,6.0,276.0,276.0,,,,,,,,,
607,"18WBES5TG2-123-W","18WBES5TG2-123-W",276.0,5,202,75.0,55.0,100.0,90.0,0.0,0.0,0.0,,,5.0,276.0,276.0,,,,,,,,,
608,"18WBES5TV-1234-K","18WBES5TV-1234-K",307.0,5,202,75.0,55.0,100.0,76.0,0.0,0.0,0.0,,,3.0,307.0,307.0,,,,,,,,,
609,"18WBRR1-12345-DS","18WBRR1-12345-DS",570.0,8,202,75.0,50.0,100.0,170.0,0.0,0.0,0.0,,,336.0,570.0,570.0,,,,,,,,,
610,"18WCA21-12345-AJ","18WCA21-12345-AJ",112.1,13,202,75.0,50.0,100.0,49.0,0.0,0.0,0.0,,,4.0,112.1,112.1,,,,,,,,,
611,"18WCAMGI10-12-CK","18WCAMGI10-12-CK",392.6,5,202,75.0,55.0,100.0,124.0,0.0,0.0,0.0,,,21.0,392.6,392.6,,,,,,,,,
612,"18WCAMGI20-12-CC","18WCAMGI20-12-CC",387.9,5,202,75.0,55.0,100.0,249.0,0.0,0.0,0.0,,,336.0,387.9,387.9,,,,,,,,,
613,"18WCCO2-12345-DX","18WCCO2-12345-DX",138.3,8,202,75.0,50.0,100.0,55.32000000000001,0.0,0.0,0.0,0.0,0.0,0.0,138.3,138.3,0,0.0,0.0,0.0,0.0,0.0,0.0,,
614,"18WCCO3-12345-DN","18WCCO3-12345-DN",323.3,8,202,75.0,50.0,100.0,154.0,0.0,0.0,0.0,,,336.0,323.3,323.3,,,,,,,,,
615,"18WCED1-12345-AZ","18WCED1-12345-AZ",121.3,13,202,75.0,50.0,100.0,54.0,0.0,0.0,0.0,,,6.0,121.3,121.3,,,,,,,,,
616,"18WCED2-12345-AP","18WCED2-12345-AP",120.6,13,202,75.0,50.0,100.0,70.0,0.0,0.0,0.0,,,336.0,120.6,120.6,,,,,,,,,
617,"18WCED3-12345-AF","18WCED3-12345-AF",127.4,13,202,75.0,50.0,100.0,53.0,0.0,0.0,0.0,,,5.0,127.4,127.4,,,,,,,,,
618,"18WCED4-12345-A5","18WCED4-12345-A5",125.6,13,202,75.0,50.0,100.0,52.0,0.0,0.0,0.0,,,5.0,125.6,125.6,,,,,,,,,
619,"18WCO21-12345--L","18WCO21-12345--L",141.9,13,202,75.0,50.0,100.0,50.0,0.0,0.0,0.0,,,4.0,141.9,141.9,,,,,,,,,
620,"18WCO22-12345-AQ","18WCO22-12345-AQ",148.0,13,202,75.0,50.0,100.0,50.0,0.0,0.0,0.0,,,4.0,148.0,148.0,,,,,,,,,
621,"18WCOF1-12345-B2","18WCOF1-12345-B2",1063.9,3,202,75.0,50.0,100.0,629.0,0.0,0.0,0.0,,,336.0,1063.9,1063.9,,,,,,,,,
622,"18WCOL4-12345-CF","18WCOL4-12345-CF",390.9,5,202,75.0,55.0,100.0,50.0,0.0,0.0,0.0,,,6.0,390.9,390.9,,,,,,,,,
623,"18WCOM4-12345-D2","18WCOM4-12345-D2",341.1,8,202,75.0,50.0,100.0,175.0,0.0,0.0,0.0,,,336.0,341.1,341.1,,,,,,,,,
624,"18WCOM5-12345-DT","18WCOM5-12345-DT",340.6,8,202,75.0,50.0,100.0,161.0,0.0,0.0,0.0,,,336.0,340.6,340.6,,,,,,,,,
625,"18WCTGN1-1234-CP","18WCTGN1-1234-CP",418.2,5,202,75.0,55.0,100.0,165.0,0.0,0.0,0.0,,,5.0,418.2,418.2,,,,,,,,,
626,"18WCTGN2-1234-CG","18WCTGN2-1234-CG",417.8,5,202,75.0,55.0,100.0,165.0,0.0,0.0,0.0,,,5.0,417.8,417.8,,,,,,,,,
627,"18WCTGN3-1234-C7","18WCTGN3-1234-C7",412.7,5,202,75.0,55.0,100.0,165.0,0.0,0.0,0.0,,,5.0,412.7,412.7,,,,,,,,,
628,"18WCTJON1-123-CJ","18WCTJON1-123-CJ",424.9,5,202,75.0,55.0,100.0,272.0,0.0,0.0,0.0,,,336.0,424.9,424.9,,,,,,,,,
629,"18WCTJON2-123-CB","18WCTJON2-123-CB",378.9,5,202,75.0,55.0,100.0,175.0,0.0,0.0,0.0,,,3.0,378.9,378.9,,,,,,,,,
630,"18WCTJON3-1234-E","18WCTJON3-1234-E",418.4,5,202,75.0,55.0,100.0,262.0,0.0,0.0,0.0,,,336.0,418.4,418.4,,,,,,,,,
631,"18WCTN3TG1-12-CI","18WCTN3TG1-12-CI",249.2,5,202,75.0,55.0,100.0,96.0,0.0,0.0,0.0,,,336.0,249.2,249.2,,,,,,,,,
632,"18WCTN3TG2-12-CB","18WCTN3TG2-12-CB",249.7,5,202,75.0,55.0,100.0,86.0,0.0,0.0,0.0,,,3.0,249.7,249.7,,,,,,,,,
633,"18WCTN3TV-123-C2","18WCTN3TV-123-C2",283.1,5,202,75.0,55.0,100.0,130.0,0.0,0.0,0.0,,,3.0,283.1,283.1,,,,,,,,,
634,"18WCTN4TG1-123-M","18WCTN4TG1-123-M",265.2,5,202,75.0,55.0,100.0,80.0,0.0,0.0,0.0,,,5.0,265.2,265.2,,,,,,,,,
635,"18WCTN4TG2-123-F","18WCTN4TG2-123-F",268.9,5,202,75.0,55.0,100.0,84.0,0.0,0.0,0.0,,,4.0,268.9,268.9,,,,,,,,,
636,"18WCTN4TV-1234-3","18WCTN4TV-1234-3",305.2,5,202,75.0,55.0,100.0,80.0,0.0,0.0,0.0,,,4.0,305.2,305.2,,,,,,,,,
637,"18WCTNUTG1-12-C7","18WCTNUTG1-12-C7",263.0,5,202,75.0,55.0,100.0,65.0,0.0,0.0,0.0,,,336.0,263.0,263.0,,,,,,,,,
638,"18WCTNUTG2-12-C0","18WCTNUTG2-12-C0",263.0,5,202,75.0,55.0,100.0,65.0,0.0,0.0,0.0,,,336.0,263.0,263.0,,,,,,,,,
639,"18WCTNUTV-123-CS","18WCTNUTV-123-CS",264.6,5,202,75.0,55.0,100.0,66.0,0.0,0.0,0.0,,,336.0,264.6,264.6,,,,,,,,,
640,"18WECH1-12345-DK","18WECH1-12345-DK",142.3,12,202,75.0,50.0,100.0,56.92000000000001,0.0,0.0,0.0,0.0,0.0,0.0,142.3,142.3,0,0.0,0.0,0.0,0.0,0.0,0.0,,
641,"18WECT3TG1-123-X","18WECT3TG1-123-X",269.8,5,202,75.0,55.0,100.0,116.0,0.0,0.0,0.0,,,336.0,269.8,269.8,,,,,,,,,
642,"18WECT3TG2-123-Q","18WECT3TG2-123-Q",269.8,5,202,75.0,55.0,100.0,116.0,0.0,0.0,0.0,,,336.0,269.8,269.8,,,,,,,,,
643,"18WECT3TV1-123-O","18WECT3TV1-123-O",264.7,5,202,75.0,55.0,100.0,116.0,0.0,0.0,0.0,,,336.0,264.7,264.7,,,,,,,,,
644,"18WELC1-12345-GZ","18WELC1-12345-GZ",296.4,8,202,75.0,50.0,100.0,118.56,0.0,0.0,0.0,0.0,0.0,0.0,296.4,296.4,0,0.0,0.0,0.0,0.0,0.0,0.0,,
645,"18WESC6TG1-12-CL","18WESC6TG1-12-CL",259.2,5,202,75.0,55.0,100.0,89.0,0.0,0.0,0.0,,,6.0,259.2,259.2,,,,,,,,,
646,"18WESC6TG2-12-CE","18WESC6TG2-12-CE",265.5,5,202,75.0,55.0,100.0,90.0,0.0,0.0,0.0,,,336.0,265.5,265.5,,,,,,,,,
647,"18WESC6TV-123-C5","18WESC6TV-123-C5",290.9,5,202,75.0,55.0,100.0,129.0,0.0,0.0,0.0,,,4.0,290.9,290.9,,,,,,,,,
648,"18WESCCC1-123-C5","18WESCCC1-123-C5",402.6,5,202,75.0,55.0,100.0,155.0,0.0,0.0,0.0,,,18.0,402.6,402.6,,,,,,,,,
649,"18WESCCC2-123-CY","18WESCCC2-123-CY",401.3,5,202,75.0,55.0,100.0,155.0,0.0,0.0,0.0,,,336.0,401.3,401.3,,,,,,,,,
650,"18WESCCC3-123-CQ","18WESCCC3-123-CQ",395.2,5,202,75.0,55.0,100.0,155.0,0.0,0.0,0.0,,,7.0,395.2,395.2,,,,,,,,,
651,"18WEST21-12345-C","18WEST21-12345-C",185.3,13,202,75.0,50.0,100.0,98.0,0.0,0.0,0.0,,,6.0,185.3,185.3,,,,,,,,,
652,"18WFOI1-12345-D0","18WFOI1-12345-D0",505.5,5,202,75.0,55.0,100.0,202.20000000000002,0.0,0.0,0.0,0.0,0.0,0.0,505.5,505.5,0,0.0,0.0,0.0,0.0,0.0,0.0,,
653,"18WGAR1-12345-BN","18WGAR1-12345-BN",455.2,3,202,75.0,50.0,100.0,182.08,0.0,0.0,0.0,0.0,0.0,0.0,455.2,455.2,0,0.0,0.0,0.0,0.0,0.0,0.0,,
654,"18WGUA1-12345-D3","18WGUA1-12345-D3",143.4,8,202,75.0,50.0,100.0,74.0,0.0,0.0,0.0,,,27.0,143.4,143.4,,,,,,,,,
655,"18WGUA2-12345-DU","18WGUA2-12345-DU",342.4,8,202,75.0,50.0,100.0,166.0,0.0,0.0,0.0,,,336.0,342.4,342.4,,,,,,,,,
656,"18WGYG1-12345-A6","18WGYG1-12345-A6",110.4,13,202,75.0,50.0,100.0,64.0,0.0,0.0,0.0,,,18.0,110.4,110.4,,,,,,,,,
657,"18WJMO1-12345-AN","18WJMO1-12345-AN",237.0,13,202,75.0,50.0,100.0,98.0,0.0,0.0,0.0,,,5.0,237.0,237.0,,,,,,,,,
658,"18WJMO2-12345-AD","18WJMO2-12345-AD",239.0,13,202,75.0,50.0,100.0,100.0,0.0,0.0,0.0,,,7.0,239.0,239.0,,,,,,,,,
659,"18WJMO3-12345-A3","18WJMO3-12345-A3",239.3,13,202,75.0,50.0,100.0,93.0,0.0,0.0,0.0,,,7.0,239.3,239.3,,,,,,,,,
660,"18WJMO4-12345-AU","18WJMO4-12345-AU",237.8,13,202,75.0,50.0,100.0,100.0,0.0,0.0,0.0,,,4.0,237.8,237.8,,,,,,,,,
661,"18WLAD4-123456-B","18WLAD4-123456-B",347.7,8,202,75.0,50.0,100.0,187.0,0.0,0.0,0.0,,,336.0,347.7,347.7,,,,,,,,,
662,"18WLIT1-123456-S","18WLIT1-123456-S",557.5,8,202,75.0,50.0,100.0,333.0,0.0,0.0,0.0,,,336.0,557.5,557.5,,,,,,,,,
663,"18WLIT2-123456-I","18WLIT2-123456-I",562.0,8,202,75.0,50.0,100.0,302.0,0.0,0.0,0.0,,,336.0,562.0,562.0,,,,,,,,,
664,"18WMALA1-1234567","18WMALA1-1234567",415.5,5,202,75.0,55.0,100.0,164.0,0.0,0.0,0.0,,,4.0,415.5,415.5,,,,,,,,,
665,"18WMEI1-12345-DT","18WMEI1-12345-DT",557.2,8,202,75.0,50.0,100.0,175.0,0.0,0.0,0.0,,,336.0,557.2,557.2,,,,,,,,,
666,"18WMUE1-12345-FP","18WMUE1-12345-FP",211.5,13,202,75.0,50.0,100.0,99.0,0.0,0.0,0.0,,,7.0,211.5,211.5,,,,,,,,,
667,"18WMUE1B-12345-6","18WMUE1B-12345-6",190.0,16,202,75.0,50.0,100.0,76.0,0.0,0.0,0.0,,,0.0,190.0,190.0,,,,,,,,,
668,"18WMUE2-12345-FF","18WMUE2-12345-FF",211.4,13,202,75.0,50.0,100.0,124.0,0.0,0.0,0.0,,,8.0,211.4,211.4,,,,,,,,,
669,"18WMUE2B-12345-X","18WMUE2B-12345-X",190.0,16,202,75.0,50.0,100.0,76.0,0.0,0.0,0.0,,,0.0,190.0,190.0,,,,,,,,,
670,"18WMUE3-12345-F5","18WMUE3-12345-F5",211.0,13,202,75.0,50.0,100.0,12.0,0.0,0.0,0.0,,,7.0,211.0,211.0,,,,,,,,,
671,"18WMUE3B-12345-N","18WMUE3B-12345-N",190.0,16,202,75.0,50.0,100.0,76.0,0.0,0.0,0.0,,,0.0,190.0,190.0,,,,,,,,,
672,"18WMUE4-123456-6","18WMUE4-123456-6",218.9,13,202,75.0,50.0,100.0,100.0,0.0,0.0,0.0,,,8.0,218.9,218.9,,,,,,,,,
673,"18WMUE4B-12345-D","18WMUE4B-12345-D",205.0,16,202,75.0,50.0,100.0,82.0,0.0,0.0,0.0,,,0.0,205.0,205.0,,,,,,,,,
674,"18WMUE5-123456-X","18WMUE5-123456-X",220.8,13,202,75.0,50.0,100.0,99.0,0.0,0.0,0.0,,,6.0,220.8,220.8,,,,,,,,,
675,"18WMUE5B-12345-3","18WMUE5B-12345-3",205.0,16,202,75.0,50.0,100.0,82.0,0.0,0.0,0.0,,,0.0,205.0,205.0,,,,,,,,,
676,"18WMUE6-123456-N","18WMUE6-123456-N",218.7,13,202,75.0,50.0,100.0,99.0,0.0,0.0,0.0,,,4.0,218.7,218.7,,,,,,,,,
677,"18WMUE6B-12345-U","18WMUE6B-12345-U",205.0,16,202,75.0,50.0,100.0,82.0,0.0,0.0,0.0,,,0.0,205.0,205.0,,,,,,,,,
678,"18WMUE7-123456-D","18WMUE7-123456-D",219.4,13,202,75.0,50.0,100.0,85.0,0.0,0.0,0.0,,,7.0,219.4,219.4,,,,,,,,,
679,"18WMUE7B-12345-K","18WMUE7B-12345-K",205.0,16,202,75.0,50.0,100.0,82.0,0.0,0.0,0.0,,,0.0,205.0,205.0,,,,,,,,,
680,"18WNRC2-12345-DR","18WNRC2-12345-DR",154.3,8,202,75.0,50.0,100.0,88.0,0.0,0.0,0.0,,,336.0,154.3,154.3,,,,,,,,,
681,"18WNRC3-12345-DH","18WNRC3-12345-DH",347.4,8,202,75.0,50.0,100.0,206.0,0.0,0.0,0.0,,,336.0,347.4,347.4,,,,,,,,,
682,"18WPALOS1-123-CB","18WPALOS1-123-CB",386.7,5,202,75.0,55.0,100.0,193.0,0.0,0.0,0.0,,,336.0,386.7,386.7,,,,,,,,,
683,"18WPALOS2-123-C3","18WPALOS2-123-C3",389.1,5,202,75.0,55.0,100.0,199.0,0.0,0.0,0.0,,,336.0,389.1,389.1,,,,,,,,,
684,"18WPALOS3-123-CW","18WPALOS3-123-CW",391.0,5,202,75.0,55.0,100.0,156.4,0.0,0.0,0.0,,,0.0,391.0,391.0,,,,,,,,,
685,"18WPBCN1-1234-PG","18WPBCN1-1234-PG",434.8,5,202,75.0,55.0,100.0,174.0,0.0,0.0,0.0,,,5.0,434.8,434.8,,,,,,,,,
686,"18WPBCN2-1234-P7","18WPBCN2-1234-P7",431.4,5,202,75.0,55.0,100.0,171.0,0.0,0.0,0.0,,,5.0,431.4,431.4,,,,,,,,,
687,"18WPGR1-12345-DF","18WPGR1-12345-DF",350.9,8,202,75.0,50.0,100.0,184.0,0.0,0.0,0.0,,,336.0,350.9,350.9,,,,,,,,,
688,"18WPGR2-12345-D5","18WPGR2-12345-D5",351.0,8,202,75.0,50.0,100.0,204.0,0.0,0.0,0.0,,,336.0,351.0,351.0,,,,,,,,,
689,"18WPGR3-12345-DW","18WPGR3-12345-DW",350.2,8,202,75.0,50.0,100.0,188.0,0.0,0.0,0.0,,,336.0,350.2,350.2,,,,,,,,,
690,"18WPGR4-12345-DM","18WPGR4-12345-DM",350.8,8,202,75.0,50.0,100.0,183.0,0.0,0.0,0.0,,,336.0,350.8,350.8,,,,,,,,,
691,"18WPGR5TG1-123-T","18WPGR5TG1-123-T",276.6,5,202,75.0,55.0,100.0,182.0,0.0,0.0,0.0,,,4.0,276.6,276.6,,,,,,,,,
692,"18WPGR5TG2-123-M","18WPGR5TG2-123-M",276.3,5,202,75.0,55.0,100.0,184.0,0.0,0.0,0.0,,,4.0,276.3,276.3,,,,,,,,,
693,"18WPGR5TV-1234-A","18WPGR5TV-1234-A",302.7,5,202,75.0,55.0,100.0,128.0,0.0,0.0,0.0,,,4.0,302.7,302.7,,,,,,,,,
694,"18WPLL1-12345-DL","18WPLL1-12345-DL",206.1,8,202,75.0,50.0,100.0,82.44,0.0,0.0,0.0,0.0,0.0,0.0,206.1,206.1,0,0.0,0.0,0.0,0.0,0.0,0.0,,
695,"18WPNN3-12345-DT","18WPNN3-12345-DT",299.7,8,202,75.0,50.0,100.0,138.0,0.0,0.0,0.0,,,336.0,299.7,299.7,,,,,,,,,
696,"18WPVENT1-1234-X","18WPVENT1-1234-X",420.1,5,202,75.0,55.0,100.0,280.0,0.0,0.0,0.0,,,336.0,420.1,420.1,,,,,,,,,
697,"18WPVENT2-1234-P","18WPVENT2-1234-P",414.0,5,202,75.0,55.0,100.0,157.0,0.0,0.0,0.0,,,4.0,414.0,414.0,,,,,,,,,
698,"18WRIC21-1234-AZ","18WRIC21-1234-AZ",153.0,13,202,75.0,50.0,100.0,100.0,0.0,0.0,0.0,,,5.0,153.0,153.0,,,,,,,,,
699,"18WROB1-12345-DW","18WROB1-12345-DW",263.9,8,202,75.0,50.0,100.0,174.0,0.0,0.0,0.0,,,336.0,263.9,263.9,,,,,,,,,
700,"18WROB2-12345-DM","18WROB2-12345-DM",355.1,8,202,75.0,50.0,100.0,210.0,0.0,0.0,0.0,,,336.0,355.1,355.1,,,,,,,,,
701,"18WSA21-12345-AX","18WSA21-12345-AX",136.1,13,202,75.0,50.0,100.0,51.0,0.0,0.0,0.0,,,3.0,136.1,136.1,,,,,,,,,
702,"18WSA22-12345-AN","18WSA22-12345-AN",135.7,13,202,75.0,50.0,100.0,51.0,0.0,0.0,0.0,,,3.0,135.7,135.7,,,,,,,,,
703,"18WSAGU1-1234-CC","18WSAGU1-1234-CC",409.7,5,202,75.0,55.0,100.0,164.0,0.0,0.0,0.0,,,336.0,409.7,409.7,,,,,,,,,
704,"18WSAGU2-1234-C3","18WSAGU2-1234-C3",411.8,5,202,75.0,55.0,100.0,164.0,0.0,0.0,0.0,,,12.0,411.8,411.8,,,,,,,,,
705,"18WSAGU3-1234-CV","18WSAGU3-1234-CV",410.6,5,202,75.0,55.0,100.0,170.0,0.0,0.0,0.0,,,336.0,410.6,410.6,,,,,,,,,
706,"18WSBO3-12345-CE","18WSBO3-12345-CE",391.3,5,202,75.0,55.0,100.0,156.0,0.0,0.0,0.0,,,4.0,391.3,391.3,,,,,,,,,
707,"18WSLT1-12345-F1","18WSLT1-12345-F1",109.8,13,202,75.0,50.0,100.0,6.0,0.0,0.0,0.0,,,16.0,109.8,109.8,,,,,,,,,
708,"18WSLT1B-12345-J","18WSLT1B-12345-J",100.0,16,202,75.0,50.0,100.0,40.0,0.0,0.0,0.0,,,0.0,100.0,100.0,,,,,,,,,
709,"18WSLT2-12345-FS","18WSLT2-12345-FS",109.8,13,202,75.0,50.0,100.0,8.0,0.0,0.0,0.0,,,16.0,109.8,109.8,,,,,,,,,
710,"18WSLT2B-12345-9","18WSLT2B-12345-9",100.0,16,202,75.0,50.0,100.0,40.0,0.0,0.0,0.0,,,0.0,100.0,100.0,,,,,,,,,
711,"18WSLT3-12345-FI","18WSLT3-12345-FI",109.8,13,202,75.0,50.0,100.0,52.0,0.0,0.0,0.0,,,8.0,109.8,109.8,,,,,,,,,
712,"18WSLT3B--1234-V","18WSLT3B--1234-V",100.0,16,202,75.0,50.0,100.0,40.0,0.0,0.0,0.0,,,0.0,100.0,100.0,,,,,,,,,
713,"18WSLT4-12345-F8","18WSLT4-12345-F8",109.8,13,202,75.0,50.0,100.0,6.0,0.0,0.0,0.0,,,18.0,109.8,109.8,,,,,,,,,
714,"18WSLT4B-12345-Q","18WSLT4B-12345-Q",100.0,16,202,75.0,50.0,100.0,40.0,0.0,0.0,0.0,,,0.0,100.0,100.0,,,,,,,,,
715,"18WSOU1-12345-A1","18WSOU1-12345-A1",131.9,13,202,75.0,50.0,100.0,20.0,0.0,0.0,0.0,,,5.0,131.9,131.9,,,,,,,,,
716,"18WSRI2-12345-D7","18WSRI2-12345-D7",239.3,8,202,75.0,50.0,100.0,95.72000000000001,0.0,0.0,0.0,0.0,0.0,0.0,239.3,239.3,0,0.0,0.0,0.0,0.0,0.0,0.0,,
717,"18WSRI3-12345-DY","18WSRI3-12345-DY",346.2,8,202,75.0,50.0,100.0,166.0,0.0,0.0,0.0,,,336.0,346.2,346.2,,,,,,,,,
718,"18WSRI4-123456-V","18WSRI4-123456-V",426.0,5,202,75.0,55.0,100.0,169.0,0.0,0.0,0.0,,,5.0,426.0,426.0,,,,,,,,,
719,"18WSRI5-12345--5","18WSRI5-12345--5",428.1,5,202,75.0,55.0,100.0,248.0,0.0,0.0,0.0,,,336.0,428.1,428.1,,,,,,,,,
720,"18WSROQ1-1234-CJ","18WSROQ1-1234-CJ",389.8,5,202,75.0,55.0,100.0,120.0,0.0,0.0,0.0,,,4.0,389.8,389.8,,,,,,,,,
721,"18WSROQ2-1234-CA","18WSROQ2-1234-CA",401.8,5,202,75.0,55.0,100.0,113.0,0.0,0.0,0.0,,,3.0,401.8,401.8,,,,,,,,,
722,"18WSTC4-12345-CV","18WSTC4-12345-CV",396.4,5,202,75.0,55.0,100.0,224.0,0.0,0.0,0.0,,,3.0,396.4,396.4,,,,,,,,,
723,"18WTAPOWER-12-C7","18WTAPOWER-12-C7",416.9,5,202,75.0,55.0,100.0,134.0,0.0,0.0,0.0,,,8.0,416.9,416.9,,,,,,,,,
724,"18WTARRAG-123-CG","18WTARRAG-123-CG",385.8,5,202,75.0,55.0,100.0,154.32000000000002,0.0,0.0,0.0,0.0,0.0,0.0,385.8,385.8,0,0.0,0.0,0.0,0.0,0.0,0.0,,
725,"18WTER1-12345-DO","18WTER1-12345-DO",352.2,8,202,75.0,50.0,100.0,214.0,0.0,0.0,0.0,,,336.0,352.2,352.2,,,,,,,,,
726,"18WTER2-12345-DE","18WTER2-12345-DE",352.1,8,202,75.0,50.0,100.0,214.0,0.0,0.0,0.0,,,336.0,352.1,352.1,,,,,,,,,
727,"18WTER3-12345-D4","18WTER3-12345-D4",351.4,8,202,75.0,50.0,100.0,216.0,0.0,0.0,0.0,,,336.0,351.4,351.4,,,,,,,,,
728,"18WTJE1B-12345-A","18WTJE1B-12345-A",105.0,16,202,75.0,50.0,100.0,42.0,0.0,0.0,0.0,,,0.0,105.0,105.0,,,,,,,,,
729,"18WTJE2B-12345-0","18WTJE2B-12345-0",105.0,16,202,75.0,50.0,100.0,42.0,0.0,0.0,0.0,,,0.0,105.0,105.0,,,,,,,,,
730,"18WTJE3B-12345-R","18WTJE3B-12345-R",105.0,16,202,75.0,50.0,100.0,42.0,0.0,0.0,0.0,,,0.0,105.0,105.0,,,,,,,,,
731,"18WTJE4B-12345-H","18WTJE4B-12345-H",105.0,16,202,75.0,50.0,100.0,42.0,0.0,0.0,0.0,,,0.0,105.0,105.0,,,,,,,,,
732,"18WTRL1-12345-BC","18WTRL1-12345-BC",1003.4,3,202,75.0,50.0,100.0,557.0,0.0,0.0,0.0,,,336.0,1003.4,1003.4,,,,,,,,,
733,"18WVAN2-12345-BA","18WVAN2-12345-BA",1045.3,3,202,75.0,50.0,100.0,438.0,0.0,0.0,0.0,,,336.0,1045.3,1045.3,,,,,,,,,
734,"18WVC21-12345-A7","18WVC21-12345-A7",118.5,13,202,75.0,50.0,100.0,42.0,0.0,0.0,0.0,,,5.0,118.5,118.5,,,,,,,,,
735,"18WVRN1-12345-A3","18WVRN1-12345-A3",138.9,13,202,75.0,50.0,100.0,7.0,0.0,0.0,0.0,,,4.0,138.9,138.9,,,,,,,,,
736,"18WVRN1B-12345-B","18WVRN1B-12345-B",138.0,16,202,75.0,50.0,100.0,55.2,0.0,0.0,0.0,,,0.0,138.0,138.0,,,,,,,,,
737,"18WVRN2-12345-AU","18WVRN2-12345-AU",137.4,13,202,75.0,50.0,100.0,8.0,0.0,0.0,0.0,,,5.0,137.4,137.4,,,,,,,,,
738,"18WVRN2B-12345-1","18WVRN2B-12345-1",138.0,16,202,75.0,50.0,100.0,55.2,0.0,0.0,0.0,,,0.0,138.0,138.0,,,,,,,,,
739,"18WVRN3-12345-AK","18WVRN3-12345-AK",138.3,13,202,75.0,50.0,100.0,12.0,0.0,0.0,0.0,,,6.0,138.3,138.3,,,,,,,,,
740,"18WVRN3B-12345-S","18WVRN3B-12345-S",138.0,16,202,75.0,50.0,100.0,55.2,0.0,0.0,0.0,,,0.0,138.0,138.0,,,,,,,,,
741,"18WVRN4-12345-AA","18WVRN4-12345-AA",138.7,13,202,75.0,50.0,100.0,10.0,0.0,0.0,0.0,,,6.0,138.7,138.7,,,,,,,,,
742,"18WVRN4B-12345-I","18WVRN4B-12345-I",138.0,16,202,75.0,50.0,100.0,55.2,0.0,0.0,0.0,,,0.0,138.0,138.0,,,,,,,,,
743,"18WVRN5-12345-A0","18WVRN5-12345-A0",148.9,13,202,75.0,50.0,100.0,12.0,0.0,0.0,0.0,,,6.0,148.9,148.9,,,,,,,,,
744,"18WVRN5B-12345-8","18WVRN5B-12345-8",138.0,16,202,75.0,50.0,100.0,55.2,0.0,0.0,0.0,,,0.0,138.0,138.0,,,,,,,,,
745,"18WVRN6-12345-AR","18WVRN6-12345-AR",148.6,13,202,75.0,50.0,100.0,8.0,0.0,0.0,0.0,,,6.0,148.6,148.6,,,,,,,,,
746,"18WVRN6B-12345-Z","18WVRN6B-12345-Z",138.0,16,202,75.0,50.0,100.0,55.2,0.0,0.0,0.0,,,0.0,138.0,138.0,,,,,,,,,
747,"19W000000000007G","19W000000000007G",120.0,12,168,75.0,50.0,100.0,48.0,0.0,0.0,0.0,0.0,0.0,0.0,120.0,120.0,0,0.0,0.0,0.0,0.0,0.0,0.0,,
748,"19W000000000009C","19W000000000009C",120.0,12,168,75.0,50.0,100.0,48.0,0.0,0.0,0.0,0.0,0.0,0.0,120.0,120.0,0,0.0,0.0,0.0,0.0,0.0,0.0,,
749,"19W000000000011P","19W000000000011P",120.0,12,168,75.0,50.0,100.0,48.0,0.0,0.0,0.0,0.0,0.0,0.0,120.0,120.0,0,0.0,0.0,0.0,0.0,0.0,0.0,,
750,"19W000000000013L","19W000000000013L",120.0,12,168,75.0,50.0,100.0,48.0,0.0,0.0,0.0,0.0,0.0,0.0,120.0,120.0,0,0.0,0.0,0.0,0.0,0.0,0.0,,
751,"19W000000000015H","19W000000000015H",120.0,12,168,75.0,50.0,100.0,48.0,0.0,0.0,0.0,0.0,0.0,0.0,120.0,120.0,0,0.0,0.0,0.0,0.0,0.0,0.0,,
752,"19W000000000017D","19W000000000017D",370.0,12,168,75.0,50.0,100.0,220.0,0.0,0.0,0.0,,,5.0,370.0,370.0,,,,,,,,,
753,"19W000000000020O","19W000000000020O",370.0,12,168,75.0,50.0,100.0,218.0,0.0,0.0,0.0,,,4.0,370.0,370.0,,,,,,,,,
754,"19W000000000021M","19W000000000021M",380.0,12,168,75.0,50.0,100.0,206.0,0.0,0.0,0.0,,,5.0,380.0,380.0,,,,,,,,,
755,"19W000000000022K","19W000000000022K",380.0,12,168,75.0,50.0,100.0,238.0,0.0,0.0,0.0,,,5.0,380.0,380.0,,,,,,,,,
756,"19W000000000023I","19W000000000023I",380.0,12,168,75.0,50.0,100.0,206.0,0.0,0.0,0.0,,,26.0,380.0,380.0,,,,,,,,,
757,"19W000000000024G","19W000000000024G",394.0,12,168,75.0,50.0,100.0,204.0,0.0,0.0,0.0,,,4.0,394.0,394.0,,,,,,,,,
758,"19W000000000025E","19W000000000025E",390.0,12,168,75.0,50.0,100.0,212.0,0.0,0.0,0.0,,,5.0,390.0,390.0,,,,,,,,,
759,"19W000000000026C","19W000000000026C",390.0,12,168,75.0,50.0,100.0,210.0,0.0,0.0,0.0,,,5.0,390.0,390.0,,,,,,,,,
760,"19W000000000027A","19W000000000027A",390.0,12,168,75.0,50.0,100.0,206.0,0.0,0.0,0.0,,,51.0,390.0,390.0,,,,,,,,,
761,"19W0000000000288","19W0000000000288",390.0,12,168,75.0,50.0,100.0,210.0,0.0,0.0,0.0,,,28.0,390.0,390.0,,,,,,,,,
762,"19W0000000000296","19W0000000000296",390.0,12,168,75.0,50.0,100.0,206.0,0.0,0.0,0.0,,,50.0,390.0,390.0,,,,,,,,,
763,"19W000000000030L","19W000000000030L",390.0,12,168,75.0,50.0,100.0,220.0,0.0,0.0,0.0,,,36.0,390.0,390.0,,,,,,,,,
764,"19W000000000032H","19W000000000032H",858.0,12,168,75.0,50.0,100.0,436.0,0.0,0.0,0.0,,,51.0,858.0,858.0,,,,,,,,,
765,"19W0000000000377","19W0000000000377",113.0,8,168,75.0,50.0,100.0,75.0,0.0,0.0,0.0,,,336.0,113.0,113.0,,,,,,,,,
766,"19W0000000000385","19W0000000000385",113.0,8,168,75.0,50.0,100.0,75.0,0.0,0.0,0.0,,,336.0,113.0,113.0,,,,,,,,,
767,"19W0000000000458","19W0000000000458",222.0,8,168,75.0,50.0,100.0,100.0,0.0,0.0,0.0,,,336.0,222.0,222.0,,,,,,,,,
768,"19W0000000000474","19W0000000000474",232.0,8,168,75.0,50.0,100.0,113.0,0.0,0.0,0.0,,,336.0,232.0,232.0,,,,,,,,,
769,"19W0000000000490","19W0000000000490",222.0,8,168,75.0,50.0,100.0,102.0,0.0,0.0,0.0,,,20.0,222.0,222.0,,,,,,,,,
770,"19W000000000051D","19W000000000051D",222.0,8,168,75.0,50.0,100.0,101.0,0.0,0.0,0.0,,,9.0,222.0,222.0,,,,,,,,,
771,"19W0000000000539","19W0000000000539",227.0,8,168,75.0,50.0,100.0,112.0,0.0,0.0,0.0,,,336.0,227.0,227.0,,,,,,,,,
772,"19W0000000000555","19W0000000000555",232.0,8,168,75.0,50.0,100.0,113.0,0.0,0.0,0.0,,,336.0,232.0,232.0,,,,,,,,,
773,"19W0000000000644","19W0000000000644",225.0,8,168,75.0,50.0,100.0,130.0,0.0,0.0,0.0,,,51.0,225.0,225.0,,,,,,,,,
774,"19W0000000000652","19W0000000000652",225.0,8,168,75.0,50.0,100.0,128.0,0.0,0.0,0.0,,,336.0,225.0,225.0,,,,,,,,,
775,"19W0000000000660","19W0000000000660",225.0,8,168,75.0,50.0,100.0,130.0,0.0,0.0,0.0,,,336.0,225.0,225.0,,,,,,,,,
776,"19W000000000067Z","19W000000000067Z",225.0,8,168,75.0,50.0,100.0,131.0,0.0,0.0,0.0,,,52.0,225.0,225.0,,,,,,,,,
777,"19W000000000068X","19W000000000068X",220.0,8,168,75.0,50.0,100.0,130.0,0.0,0.0,0.0,,,336.0,220.0,220.0,,,,,,,,,
778,"19W000000000069V","19W000000000069V",225.0,8,168,75.0,50.0,100.0,138.0,0.0,0.0,0.0,,,336.0,225.0,225.0,,,,,,,,,
779,"19W0000000000709","19W0000000000709",100.0,8,168,75.0,50.0,100.0,42.0,0.0,0.0,0.0,,,3.0,100.0,100.0,,,,,,,,,
780,"19W0000000000717","19W0000000000717",112.0,8,168,75.0,50.0,100.0,61.0,0.0,0.0,0.0,,,336.0,112.0,112.0,,,,,,,,,
781,"19W000000000077W","19W000000000077W",135.0,8,168,75.0,50.0,100.0,81.0,0.0,0.0,0.0,,,336.0,135.0,135.0,,,,,,,,,
782,"19W0000000000830","19W0000000000830",122.0,8,168,75.0,50.0,100.0,63.0,0.0,0.0,0.0,,,336.0,122.0,122.0,,,,,,,,,
783,"19W000000000086V","19W000000000086V",120.0,8,168,75.0,50.0,100.0,63.0,0.0,0.0,0.0,,,336.0,120.0,120.0,,,,,,,,,
784,"19W000000000089P","19W000000000089P",102.0,8,168,75.0,50.0,100.0,58.0,0.0,0.0,0.0,,,336.0,102.0,102.0,,,,,,,,,
785,"19W000000000093Y","19W000000000093Y",107.0,8,168,75.0,50.0,100.0,60.0,0.0,0.0,0.0,,,336.0,107.0,107.0,,,,,,,,,
786,"19W000000000096S","19W000000000096S",228.0,8,168,75.0,50.0,100.0,127.0,0.0,0.0,0.0,,,51.0,228.0,228.0,,,,,,,,,
787,"19W000000000097Q","19W000000000097Q",228.0,8,168,75.0,50.0,100.0,145.0,0.0,0.0,0.0,,,51.0,228.0,228.0,,,,,,,,,
788,"19W000000000098O","19W000000000098O",228.0,8,168,75.0,50.0,100.0,131.0,0.0,0.0,0.0,,,51.0,228.0,228.0,,,,,,,,,
789,"19W000000000099M","19W000000000099M",225.0,8,168,75.0,50.0,100.0,130.0,0.0,0.0,0.0,,,336.0,225.0,225.0,,,,,,,,,
790,"19W000000000100Q","19W000000000100Q",228.0,8,168,75.0,50.0,100.0,143.0,0.0,0.0,0.0,,,50.0,228.0,228.0,,,,,,,,,
791,"19W000000000101O","19W000000000101O",228.0,8,168,75.0,50.0,100.0,144.0,0.0,0.0,0.0,,,50.0,228.0,228.0,,,,,,,,,
792,"19W000000000102M","19W000000000102M",220.0,8,168,75.0,50.0,100.0,128.0,0.0,0.0,0.0,,,28.0,220.0,220.0,,,,,,,,,
793,"19W000000000103K","19W000000000103K",228.0,8,168,75.0,50.0,100.0,131.0,0.0,0.0,0.0,,,49.0,228.0,228.0,,,,,,,,,
794,"19W000000000105G","19W000000000105G",566.0,8,168,75.0,50.0,100.0,234.0,0.0,0.0,0.0,,,51.0,566.0,566.0,,,,,,,,,
795,"19W000000000108A","19W000000000108A",100.0,8,168,75.0,50.0,100.0,52.0,0.0,0.0,0.0,,,336.0,100.0,100.0,,,,,,,,,
796,"19W000000000110N","19W000000000110N",231.0,5,168,75.0,55.0,100.0,110.0,0.0,0.0,0.0,,,336.0,231.0,231.0,,,,,,,,,
797,"19W000000000112J","19W000000000112J",120.0,8,168,75.0,50.0,100.0,48.0,0.0,0.0,0.0,0.0,0.0,0.0,120.0,120.0,0,0.0,0.0,0.0,0.0,0.0,0.0,,
798,"19W000000000113H","19W000000000113H",120.0,8,168,75.0,50.0,100.0,72.0,0.0,0.0,0.0,,,336.0,120.0,120.0,,,,,,,,,
799,"19W000000000114F","19W000000000114F",120.0,8,168,75.0,50.0,100.0,71.0,0.0,0.0,0.0,,,336.0,120.0,120.0,,,,,,,,,
800,"19W000000000115D","19W000000000115D",460.0,8,168,75.0,50.0,100.0,223.0,0.0,0.0,0.0,,,336.0,460.0,460.0,,,,,,,,,
801,"19W0000000001179","19W0000000001179",125.0,8,168,75.0,50.0,100.0,64.0,0.0,0.0,0.0,,,336.0,125.0,125.0,,,,,,,,,
802,"19W0000000001187","19W0000000001187",125.0,8,168,75.0,50.0,100.0,63.0,0.0,0.0,0.0,,,336.0,125.0,125.0,,,,,,,,,
803,"19W000000000121I","19W000000000121I",230.0,8,168,75.0,50.0,100.0,128.0,0.0,0.0,0.0,,,51.0,230.0,230.0,,,,,,,,,
804,"19W000000000122G","19W000000000122G",225.0,8,168,75.0,50.0,100.0,131.0,0.0,0.0,0.0,,,51.0,225.0,225.0,,,,,,,,,
805,"19W000000000124C","19W000000000124C",225.0,8,168,75.0,50.0,100.0,131.0,0.0,0.0,0.0,,,27.0,225.0,225.0,,,,,,,,,
806,"19W0000000001268","19W0000000001268",225.0,8,168,75.0,50.0,100.0,125.0,0.0,0.0,0.0,,,51.0,225.0,225.0,,,,,,,,,
807,"19W000000000130H","19W000000000130H",386.0,8,168,75.0,50.0,100.0,166.0,0.0,0.0,0.0,,,28.0,386.0,386.0,,,,,,,,,
808,"19W000000000131F","19W000000000131F",383.0,8,168,75.0,50.0,100.0,167.0,0.0,0.0,0.0,,,15.0,383.0,383.0,,,,,,,,,
809,"19W000000000132D","19W000000000132D",383.0,8,168,75.0,50.0,100.0,168.0,0.0,0.0,0.0,,,336.0,383.0,383.0,,,,,,,,,
810,"19W000000000133B","19W000000000133B",380.0,8,168,75.0,50.0,100.0,168.0,0.0,0.0,0.0,,,7.0,380.0,380.0,,,,,,,,,
811,"19W0000000001365","19W0000000001365",230.0,8,168,75.0,50.0,100.0,152.0,0.0,0.0,0.0,,,28.0,230.0,230.0,,,,,,,,,
812,"19W0000000001381","19W0000000001381",230.0,8,168,75.0,50.0,100.0,130.0,0.0,0.0,0.0,,,52.0,230.0,230.0,,,,,,,,,
813,"19W000000000141C","19W000000000141C",230.0,8,168,75.0,50.0,100.0,130.0,0.0,0.0,0.0,,,27.0,230.0,230.0,,,,,,,,,
814,"19W0000000001438","19W0000000001438",222.0,12,168,75.0,50.0,100.0,120.0,0.0,0.0,0.0,,,3.0,222.0,222.0,,,,,,,,,
815,"19W0000000001446","19W0000000001446",200.0,12,168,75.0,50.0,100.0,130.0,0.0,0.0,0.0,,,336.0,200.0,200.0,,,,,,,,,
816,"19W0000000001454","19W0000000001454",222.0,12,168,75.0,50.0,100.0,127.0,0.0,0.0,0.0,,,336.0,222.0,222.0,,,,,,,,,
817,"19W0000000001462","19W0000000001462",200.0,12,168,75.0,50.0,100.0,12.0,0.0,0.0,0.0,,,336.0,200.0,200.0,,,,,,,,,
818,"19W0000000001470","19W0000000001470",200.0,12,168,75.0,50.0,100.0,123.0,0.0,0.0,0.0,,,52.0,200.0,200.0,,,,,,,,,
819,"19W000000000148Z","19W000000000148Z",200.0,12,168,75.0,50.0,100.0,133.0,0.0,0.0,0.0,,,336.0,200.0,200.0,,,,,,,,,
820,"19W000000000150B","19W000000000150B",474.0,12,168,75.0,50.0,100.0,202.0,0.0,0.0,0.0,,,336.0,474.0,474.0,,,,,,,,,
821,"19W0000000001535","19W0000000001535",225.0,8,168,75.0,50.0,100.0,118.0,0.0,0.0,0.0,,,5.0,225.0,225.0,,,,,,,,,
822,"19W0000000001551","19W0000000001551",242.0,8,168,75.0,50.0,100.0,143.0,0.0,0.0,0.0,,,54.0,242.0,242.0,,,,,,,,,
823,"19W000000000157Y","19W000000000157Y",242.0,8,168,75.0,50.0,100.0,147.0,0.0,0.0,0.0,,,51.0,242.0,242.0,,,,,,,,,
824,"19W000000000158W","19W000000000158W",242.0,8,168,75.0,50.0,100.0,153.0,0.0,0.0,0.0,,,50.0,242.0,242.0,,,,,,,,,
825,"19W0000000001616","19W0000000001616",242.0,8,168,75.0,50.0,100.0,121.0,0.0,0.0,0.0,,,6.0,242.0,242.0,,,,,,,,,
826,"19W0000000001624","19W0000000001624",242.0,8,168,75.0,50.0,100.0,159.0,0.0,0.0,0.0,,,51.0,242.0,242.0,,,,,,,,,
827,"19W0000000001640","19W0000000001640",239.0,8,168,75.0,50.0,100.0,156.0,0.0,0.0,0.0,,,4.0,239.0,239.0,,,,,,,,,
828,"19W000000000166X","19W000000000166X",225.0,10,168,75.0,50.0,100.0,133.0,0.0,0.0,0.0,,,336.0,225.0,225.0,,,,,,,,,
829,"19W0000000001705","19W0000000001705",101.0,5,168,75.0,55.0,100.0,55.0,0.0,0.0,0.0,,,336.0,101.0,101.0,,,,,,,,,
830,"19W0000000001721","19W0000000001721",225.0,8,168,75.0,50.0,100.0,126.0,0.0,0.0,0.0,,,336.0,225.0,225.0,,,,,,,,,
831,"19W000000000174Y","19W000000000174Y",225.0,8,168,75.0,50.0,100.0,127.0,0.0,0.0,0.0,,,336.0,225.0,225.0,,,,,,,,,
832,"19W000000000175W","19W000000000175W",225.0,8,168,75.0,50.0,100.0,126.0,0.0,0.0,0.0,,,25.0,225.0,225.0,,,,,,,,,
833,"19W000000000176U","19W000000000176U",225.0,8,168,75.0,50.0,100.0,126.0,0.0,0.0,0.0,,,336.0,225.0,225.0,,,,,,,,,
834,"19W000000000177S","19W000000000177S",225.0,8,168,75.0,50.0,100.0,125.0,0.0,0.0,0.0,,,336.0,225.0,225.0,,,,,,,,,
835,"19W000000000178Q","19W000000000178Q",225.0,8,168,75.0,50.0,100.0,125.0,0.0,0.0,0.0,,,24.0,225.0,225.0,,,,,,,,,
836,"19W000000000179O","19W000000000179O",225.0,8,168,75.0,50.0,100.0,125.0,0.0,0.0,0.0,,,336.0,225.0,225.0,,,,,,,,,
837,"19W0000000001802","19W0000000001802",225.0,8,168,75.0,50.0,100.0,126.0,0.0,0.0,0.0,,,336.0,225.0,225.0,,,,,,,,,
838,"19W0000000001810","19W0000000001810",153.0,8,168,75.0,50.0,100.0,50.0,0.0,0.0,0.0,,,336.0,153.0,153.0,,,,,,,,,
839,"19W000000000182Z","19W000000000182Z",153.0,8,168,75.0,50.0,100.0,49.0,0.0,0.0,0.0,,,336.0,153.0,153.0,,,,,,,,,
840,"19W000000000183X","19W000000000183X",123.0,8,168,75.0,50.0,100.0,63.0,0.0,0.0,0.0,,,336.0,123.0,123.0,,,,,,,,,
841,"19W000000000184V","19W000000000184V",128.0,8,168,75.0,50.0,100.0,64.0,0.0,0.0,0.0,,,336.0,128.0,128.0,,,,,,,,,
842,"19W000000000185T","19W000000000185T",120.0,8,168,75.0,50.0,100.0,48.0,0.0,0.0,0.0,0.0,0.0,0.0,120.0,120.0,0,0.0,0.0,0.0,0.0,0.0,0.0,,
843,"19W000000000187P","19W000000000187P",110.0,8,168,75.0,50.0,100.0,70.0,0.0,0.0,0.0,,,336.0,110.0,110.0,,,,,,,,,
844,"19W000000000188N","19W000000000188N",110.0,8,168,75.0,50.0,100.0,44.0,0.0,0.0,0.0,0.0,0.0,0.0,110.0,110.0,0,0.0,0.0,0.0,0.0,0.0,0.0,,
845,"19W000000000191Y","19W000000000191Y",110.0,8,168,75.0,50.0,100.0,72.0,0.0,0.0,0.0,,,336.0,110.0,110.0,,,,,,,,,
846,"19W000000000192W","19W000000000192W",110.0,8,168,75.0,50.0,100.0,72.0,0.0,0.0,0.0,,,336.0,110.0,110.0,,,,,,,,,
847,"19W000000000194S","19W000000000194S",125.0,8,168,75.0,50.0,100.0,83.0,0.0,0.0,0.0,,,336.0,125.0,125.0,,,,,,,,,
848,"19W000000000196O","19W000000000196O",125.0,8,168,75.0,50.0,100.0,77.0,0.0,0.0,0.0,,,336.0,125.0,125.0,,,,,,,,,
849,"19W000000000201K","19W000000000201K",250.0,12,168,75.0,50.0,100.0,88.0,0.0,0.0,0.0,,,336.0,250.0,250.0,,,,,,,,,
850,"19W000000000203G","19W000000000203G",250.0,12,168,75.0,50.0,100.0,98.0,0.0,0.0,0.0,,,336.0,250.0,250.0,,,,,,,,,
851,"19W000000000205C","19W000000000205C",235.0,12,168,75.0,50.0,100.0,96.0,0.0,0.0,0.0,,,6.0,235.0,235.0,,,,,,,,,
852,"19W0000000002078","19W0000000002078",261.0,12,168,75.0,50.0,100.0,104.0,0.0,0.0,0.0,,,3.0,261.0,261.0,,,,,,,,,
853,"19W0000000002094","19W0000000002094",261.0,12,168,75.0,50.0,100.0,102.0,0.0,0.0,0.0,,,3.0,261.0,261.0,,,,,,,,,
854,"19W000000000211H","19W000000000211H",261.0,12,168,75.0,50.0,100.0,104.0,0.0,0.0,0.0,,,289.0,261.0,261.0,,,,,,,,,
855,"19W0000000002159","19W0000000002159",108.0,8,168,75.0,50.0,100.0,52.0,0.0,0.0,0.0,,,336.0,108.0,108.0,,,,,,,,,
856,"19W0000000002175","19W0000000002175",108.0,8,168,75.0,50.0,100.0,51.0,0.0,0.0,0.0,,,336.0,108.0,108.0,,,,,,,,,
857,"19W000000000221E","19W000000000221E",106.0,8,168,75.0,50.0,100.0,68.0,0.0,0.0,0.0,,,23.0,106.0,106.0,,,,,,,,,
858,"19W000000000223A","19W000000000223A",125.0,8,168,75.0,50.0,100.0,83.0,0.0,0.0,0.0,,,26.0,125.0,125.0,,,,,,,,,
859,"19W0000000002256","19W0000000002256",105.0,8,168,75.0,50.0,100.0,69.0,0.0,0.0,0.0,,,336.0,105.0,105.0,,,,,,,,,
860,"19W0000000002272","19W0000000002272",105.0,8,168,75.0,50.0,100.0,69.0,0.0,0.0,0.0,,,336.0,105.0,105.0,,,,,,,,,
861,"19W000000000231B","19W000000000231B",125.0,5,168,75.0,55.0,100.0,57.0,0.0,0.0,0.0,,,336.0,125.0,125.0,,,,,,,,,
862,"19W0000000002329","19W0000000002329",566.0,8,168,75.0,50.0,100.0,232.0,0.0,0.0,0.0,,,336.0,566.0,566.0,,,,,,,,,
863,"19W0000000002434","19W0000000002434",179.0,16,168,75.0,50.0,100.0,48.0,0.0,0.0,0.0,,,3.0,179.0,179.0,,,,,,,,,
864,"19W0000000002442","19W0000000002442",179.0,16,168,75.0,50.0,100.0,14.0,0.0,0.0,0.0,,,9.0,179.0,179.0,,,,,,,,,
865,"19W0000000002450","19W0000000002450",179.0,16,168,75.0,50.0,100.0,64.0,0.0,0.0,0.0,,,18.0,179.0,179.0,,,,,,,,,
866,"19W000000000246Z","19W000000000246Z",179.0,16,168,75.0,50.0,100.0,66.0,0.0,0.0,0.0,,,7.0,179.0,179.0,,,,,,,,,
867,"19W000000000248V","19W000000000248V",135.0,16,168,75.0,50.0,100.0,22.0,0.0,0.0,0.0,,,19.0,135.0,135.0,,,,,,,,,
868,"19W000000000249T","19W000000000249T",135.0,16,168,75.0,50.0,100.0,12.0,0.0,0.0,0.0,,,16.0,135.0,135.0,,,,,,,,,
869,"19W0000000002507","19W0000000002507",135.0,16,168,75.0,50.0,100.0,28.0,0.0,0.0,0.0,,,18.0,135.0,135.0,,,,,,,,,
870,"19W0000000002523","19W0000000002523",135.0,16,168,75.0,50.0,100.0,78.0,0.0,0.0,0.0,,,17.0,135.0,135.0,,,,,,,,,
871,"19W000000000257U","19W000000000257U",465.0,5,168,75.0,55.0,100.0,176.0,0.0,0.0,0.0,,,3.0,465.0,465.0,,,,,,,,,
872,"19W0000000002620","19W0000000002620",28.0,16,168,75.0,50.0,100.0,1.0,0.0,0.0,0.0,,,20.0,28.0,28.0,,,,,,,,,
873,"19W000000000263Z","19W000000000263Z",29.0,16,168,75.0,50.0,100.0,1.0,0.0,0.0,0.0,,,19.0,29.0,29.0,,,,,,,,,
874,"19W000000000264X","19W000000000264X",68.0,16,168,75.0,50.0,100.0,3.0,0.0,0.0,0.0,,,21.0,68.0,68.0,,,,,,,,,
875,"19W000000000265V","19W000000000265V",68.0,16,168,75.0,50.0,100.0,3.0,0.0,0.0,0.0,,,21.0,68.0,68.0,,,,,,,,,
876,"19W000000000266T","19W000000000266T",31.0,16,168,75.0,50.0,100.0,2.0,0.0,0.0,0.0,,,4.0,31.0,31.0,,,,,,,,,
877,"19W000000000267R","19W000000000267R",31.0,16,168,75.0,50.0,100.0,2.0,0.0,0.0,0.0,,,44.0,31.0,31.0,,,,,,,,,
878,"19W000000000268P","19W000000000268P",55.0,16,168,75.0,50.0,100.0,16.0,0.0,0.0,0.0,,,336.0,55.0,55.0,,,,,,,,,
879,"19W000000000269N","19W000000000269N",55.0,16,168,75.0,50.0,100.0,3.0,0.0,0.0,0.0,,,336.0,55.0,55.0,,,,,,,,,
880,"19W0000000002701","19W0000000002701",57.0,16,168,75.0,50.0,100.0,4.0,0.0,0.0,0.0,,,18.0,57.0,57.0,,,,,,,,,
881,"19W000000000273W","19W000000000273W",28.0,16,168,75.0,50.0,100.0,1.0,0.0,0.0,0.0,,,19.0,28.0,28.0,,,,,,,,,
882,"19W000000000277O","19W000000000277O",467.0,5,168,75.0,55.0,100.0,23.0,0.0,0.0,0.0,,,21.0,467.0,467.0,,,,,,,,,
883,"19W000000000278M","19W000000000278M",1075.0,8,168,75.0,50.0,100.0,452.0,0.0,0.0,0.0,,,3.0,1075.0,1075.0,,,,,,,,,
884,"19W000000000279K","19W000000000279K",630.0,5,168,75.0,55.0,100.0,284.0,0.0,0.0,0.0,,,11.0,630.0,630.0,,,,,,,,,
885,"19W000000000282V","19W000000000282V",480.0,12,168,75.0,50.0,100.0,192.0,0.0,0.0,0.0,,,0.0,480.0,480.0,,,,,,,,,
886,"19W000000000285P","19W000000000285P",905.0,8,168,75.0,50.0,100.0,370.0,0.0,0.0,0.0,,,336.0,905.0,905.0,,,,,,,,,
887,"19W000000000286N","19W000000000286N",905.0,8,168,75.0,50.0,100.0,330.0,0.0,0.0,0.0,,,336.0,905.0,905.0,,,,,,,,,
888,"19W000000000288J","19W000000000288J",910.0,8,168,75.0,50.0,100.0,456.0,0.0,0.0,0.0,,,12.0,910.0,910.0,,,,,,,,,
889,"21W00000000G0PVS","21W00000000G0PVS",210.0,12,140,75.0,50.0,100.0,136.0,0.0,0.0,0.0,,,336.0,210.0,210.0,,,,,,,,,
890,"21W00000G10PIVAM","21W00000G10PIVAM",114.0,13,140,75.0,50.0,100.0,71.0,0.0,0.0,0.0,,,7.0,114.0,114.0,,,,,,,,,
891,"21W00000G20PIVAF","21W00000G20PIVAF",114.0,13,140,75.0,50.0,100.0,71.0,0.0,0.0,0.0,,,6.0,114.0,114.0,,,,,,,,,
892,"21W00000G30PIVA8","21W00000G30PIVA8",114.0,13,140,75.0,50.0,100.0,71.0,0.0,0.0,0.0,,,6.0,114.0,114.0,,,,,,,,,
893,"22W20161115----Z","22W20161115----Z",165.0,6,19,75.0,50.0,100.0,9.0,0.0,0.0,0.0,,,3.0,165.0,165.0,,,,,,,,,
894,"22W20180615----H","22W20180615----H",307.0,6,19,75.0,50.0,100.0,25.0,0.0,0.0,0.0,,,3.0,307.0,307.0,,,,,,,,,
895,"22W201806282---2","22W201806282---2",150.0,5,19,75.0,55.0,100.0,86.0,0.0,0.0,0.0,,,336.0,150.0,150.0,,,,,,,,,
896,"22W201806283---Y","22W201806283---Y",150.0,5,19,75.0,55.0,100.0,78.0,0.0,0.0,0.0,,,4.0,150.0,150.0,,,,,,,,,
897,"22W201806284---T","22W201806284---T",170.0,5,19,75.0,55.0,100.0,74.0,0.0,0.0,0.0,,,336.0,170.0,170.0,,,,,,,,,
898,"22W20181015PU--J","22W20181015PU--J",255.0,5,19,75.0,55.0,100.0,28.0,0.0,0.0,0.0,,,7.0,255.0,255.0,,,,,,,,,
899,"22W201902151---T","22W201902151---T",369.6,6,19,75.0,50.0,100.0,20.0,0.0,0.0,0.0,,,4.0,369.6,369.6,,,,,,,,,
900,"22W201909151---M","22W201909151---M",219.1,6,19,75.0,50.0,100.0,56.0,0.0,0.0,0.0,,,3.0,219.1,219.1,,,,,,,,,
901,"22W20200615A---8","22W20200615A---8",237.0,6,19,75.0,50.0,100.0,94.80000000000001,0.0,0.0,0.0,,,0.0,237.0,237.0,,,,,,,,,
902,"22W20200615C---Z","22W20200615C---Z",252.0,6,19,75.0,50.0,100.0,100.80000000000001,0.0,0.0,0.0,,,0.0,252.0,252.0,,,,,,,,,
903,"22WAMERCO000008L","22WAMERCO000008L",289.0,5,19,75.0,55.0,100.0,189.0,0.0,0.0,0.0,,,3.0,289.0,289.0,,,,,,,,,
904,"22WAMERCO000009J","22WAMERCO000009J",162.0,5,19,75.0,55.0,100.0,107.0,0.0,0.0,0.0,,,4.0,162.0,162.0,,,,,,,,,
905,"22WBELWIN1500271","22WBELWIN1500271",171.0,6,19,75.0,50.0,100.0,9.0,0.0,0.0,0.0,,,3.0,171.0,171.0,,,,,,,,,
906,"22WCOOX1X0000481","22WCOOX1X0000481",158.0,16,19,75.0,50.0,100.0,101.0,0.0,0.0,0.0,,,6.0,158.0,158.0,,,,,,,,,
907,"22WCOOX2X0000521","22WCOOX2X0000521",158.0,16,19,75.0,50.0,100.0,102.0,0.0,0.0,0.0,,,6.0,158.0,158.0,,,,,,,,,
908,"22WCOOX3X000055N","22WCOOX3X000055N",158.0,16,19,75.0,50.0,100.0,104.0,0.0,0.0,0.0,,,6.0,158.0,158.0,,,,,,,,,
909,"22WCOOX4X0000588","22WCOOX4X0000588",230.0,16,19,75.0,50.0,100.0,152.0,0.0,0.0,0.0,,,6.0,230.0,230.0,,,,,,,,,
910,"22WCOOX5X000061A","22WCOOX5X000061A",230.0,16,19,75.0,50.0,100.0,152.0,0.0,0.0,0.0,,,6.0,230.0,230.0,,,,,,,,,
911,"22WCOOX6X000064W","22WCOOX6X000064W",230.0,16,19,75.0,50.0,100.0,150.0,0.0,0.0,0.0,,,7.0,230.0,230.0,,,,,,,,,
912,"22WDOELX1150076X","22WDOELX1150076X",445.0,3,19,75.0,50.0,100.0,82.0,0.0,0.0,0.0,,,336.0,445.0,445.0,,,,,,,,,
913,"22WDOELX2150077N","22WDOELX2150077N",445.0,3,19,75.0,50.0,100.0,217.0,0.0,0.0,0.0,,,336.0,445.0,445.0,,,,,,,,,
914,"22WDOELX3150078D","22WDOELX3150078D",1006.0,3,19,75.0,50.0,100.0,385.0,0.0,0.0,0.0,,,336.0,1006.0,1006.0,,,,,,,,,
915,"22WDOELX41500793","22WDOELX41500793",1039.0,3,19,75.0,50.0,100.0,624.0,0.0,0.0,0.0,,,336.0,1039.0,1039.0,,,,,,,,,
916,"22WDROGEN0000839","22WDROGEN0000839",150.0,5,19,75.0,55.0,100.0,88.0,0.0,0.0,0.0,,,3.0,150.0,150.0,,,,,,,,,
917,"22WDROGEN0000847","22WDROGEN0000847",150.0,5,19,75.0,55.0,100.0,100.0,0.0,0.0,0.0,,,3.0,150.0,150.0,,,,,,,,,
918,"22WDROGEN0000855","22WDROGEN0000855",160.0,5,19,75.0,55.0,100.0,74.0,0.0,0.0,0.0,,,4.0,160.0,160.0,,,,,,,,,
919,"22WESCH-S1500967","22WESCH-S1500967",376.4,5,19,75.0,55.0,100.0,150.56,0.0,0.0,0.0,0.0,0.0,0.0,376.4,376.4,0,0.0,0.0,0.0,0.0,0.0,0.0,,
920,"22WHERDER000125E","22WHERDER000125E",157.0,5,19,75.0,55.0,100.0,102.0,0.0,0.0,0.0,,,5.0,157.0,157.0,,,,,,,,,
921,"22WHERDER000126C","22WHERDER000126C",156.3,5,19,75.0,55.0,100.0,98.0,0.0,0.0,0.0,,,4.0,156.3,156.3,,,,,,,,,
922,"22WHERDER000127A","22WHERDER000127A",167.0,5,19,75.0,55.0,100.0,70.0,0.0,0.0,0.0,,,7.0,167.0,167.0,,,,,,,,,
923,"22WINESCO150149P","22WINESCO150149P",138.0,5,19,75.0,55.0,100.0,48.0,0.0,0.0,0.0,,,3.0,138.0,138.0,,,,,,,,,
924,"22WLANGER1501694","22WLANGER1501694",235.0,8,19,75.0,50.0,100.0,94.0,0.0,0.0,0.0,0.0,0.0,0.0,235.0,235.0,0,0.0,0.0,0.0,0.0,0.0,0.0,,
925,"22WLANGER150171H","22WLANGER150171H",235.0,8,19,75.0,50.0,100.0,94.0,0.0,0.0,0.0,0.0,0.0,0.0,235.0,235.0,0,0.0,0.0,0.0,0.0,0.0,0.0,,
926,"22WMARCIN150179H","22WMARCIN150179H",413.0,5,19,75.0,55.0,100.0,173.0,0.0,0.0,0.0,,,3.0,413.0,413.0,,,,,,,,,
927,"22WNORTHW150187B","22WNORTHW150187B",216.0,6,19,75.0,50.0,100.0,11.0,0.0,0.0,0.0,,,4.0,216.0,216.0,,,,,,,,,
928,"22WPLATEX150208N","22WPLATEX150208N",144.0,16,19,75.0,50.0,100.0,34.0,0.0,0.0,0.0,,,3.0,144.0,144.0,,,,,,,,,
929,"22WRINGVA150209C","22WRINGVA150209C",385.0,5,19,75.0,55.0,100.0,252.0,0.0,0.0,0.0,,,6.0,385.0,385.0,,,,,,,,,
930,"22WRODENH150213L","22WRODENH150213L",268.0,10,19,75.0,50.0,100.0,81.0,0.0,0.0,0.0,,,4.0,268.0,268.0,,,,,,,,,
931,"22WSAINT-150221B","22WSAINT-150221B",350.0,5,19,75.0,55.0,100.0,214.0,0.0,0.0,0.0,,,4.0,350.0,350.0,,,,,,,,,
932,"22WSCHELD1502261","22WSCHELD1502261",140.0,5,19,75.0,55.0,100.0,89.0,0.0,0.0,0.0,,,36.0,140.0,140.0,,,,,,,,,
933,"22WT-POWE150244W","22WT-POWE150244W",422.0,5,19,75.0,55.0,100.0,240.0,0.0,0.0,0.0,,,3.0,422.0,422.0,,,,,,,,,
934,"22WTHORNT150237E","22WTHORNT150237E",147.6,6,19,75.0,50.0,100.0,8.0,0.0,0.0,0.0,,,3.0,147.6,147.6,,,,,,,,,
935,"22WTHORNT150238C","22WTHORNT150238C",177.6,6,19,75.0,50.0,100.0,9.0,0.0,0.0,0.0,,,3.0,177.6,177.6,,,,,,,,,
936,"22WTIHANG150239G","22WTIHANG150239G",481.0,3,19,75.0,50.0,100.0,132.0,0.0,0.0,0.0,,,336.0,481.0,481.0,,,,,,,,,
937,"22WTIHANG150240V","22WTIHANG150240V",481.0,3,19,75.0,50.0,100.0,227.0,0.0,0.0,0.0,,,336.0,481.0,481.0,,,,,,,,,
938,"22WTIHANG150241T","22WTIHANG150241T",1008.0,3,19,75.0,50.0,100.0,542.0,0.0,0.0,0.0,,,336.0,1008.0,1008.0,,,,,,,,,
939,"22WTIHANG150242R","22WTIHANG150242R",1038.0,3,19,75.0,50.0,100.0,78.0,0.0,0.0,0.0,,,17.0,1038.0,1038.0,,,,,,,,,
940,"22WZANDVL150255D","22WZANDVL150255D",386.2,5,19,75.0,55.0,100.0,229.0,0.0,0.0,0.0,,,25.0,386.2,386.2,,,,,,,,,
941,"22WZELZAT1502618","22WZELZAT1502618",315.0,5,19,75.0,55.0,100.0,209.0,0.0,0.0,0.0,,,6.0,315.0,315.0,,,,,,,,,
942,"24WG--EBOG31---D","24WG--EBOG31---D",250.0,3,192,75.0,50.0,100.0,124.0,0.0,0.0,0.0,,,336.0,250.0,250.0,,,,,,,,,
943,"24WG--EBOG32---8","24WG--EBOG32---8",250.0,3,192,75.0,50.0,100.0,124.0,0.0,0.0,0.0,,,336.0,250.0,250.0,,,,,,,,,
944,"24WG--EBOG41---7","24WG--EBOG41---7",250.0,3,192,75.0,50.0,100.0,152.0,0.0,0.0,0.0,,,336.0,250.0,250.0,,,,,,,,,
945,"24WG--EBOG42---2","24WG--EBOG42---2",250.0,3,192,75.0,50.0,100.0,124.0,0.0,0.0,0.0,,,336.0,250.0,250.0,,,,,,,,,
946,"24WG--EMOG11---0","24WG--EMOG11---0",235.0,3,192,75.0,50.0,100.0,94.0,0.0,0.0,0.0,,,336.0,235.0,235.0,,,,,,,,,
947,"24WG--EMOG12---W","24WG--EMOG12---W",235.0,3,192,75.0,50.0,100.0,154.0,0.0,0.0,0.0,,,3.0,235.0,235.0,,,,,,,,,
948,"24WG--EMOG21---V","24WG--EMOG21---V",235.0,3,192,75.0,50.0,100.0,79.0,0.0,0.0,0.0,,,336.0,235.0,235.0,,,,,,,,,
949,"24WG--EMOG22---Q","24WG--EMOG22---Q",235.0,3,192,75.0,50.0,100.0,78.0,0.0,0.0,0.0,,,336.0,235.0,235.0,,,,,,,,,
950,"24WG--ENOG01---Y","24WG--ENOG01---Y",110.0,12,192,75.0,50.0,100.0,70.0,0.0,0.0,0.0,,,336.0,110.0,110.0,,,,,,,,,
951,"24WG--ENOG02---T","24WG--ENOG02---T",110.0,12,192,75.0,50.0,100.0,70.0,0.0,0.0,0.0,,,26.0,110.0,110.0,,,,,,,,,
952,"24WG--ENOG03---O","24WG--ENOG03---O",110.0,12,192,75.0,50.0,100.0,70.0,0.0,0.0,0.0,,,10.0,110.0,110.0,,,,,,,,,
953,"24WG--ENOG04---J","24WG--ENOG04---J",110.0,12,192,75.0,50.0,100.0,44.0,0.0,0.0,0.0,0.0,0.0,0.0,110.0,110.0,0,0.0,0.0,0.0,0.0,0.0,0.0,,
954,"24WG--EOKG11---E","24WG--EOKG11---E",419.6,5,192,75.0,55.0,100.0,256.0,0.0,0.0,0.0,,,6.0,419.6,419.6,,,,,,,,,
955,"24WG--EVOG15---A","24WG--EVOG15---A",110.0,8,192,75.0,50.0,100.0,60.0,0.0,0.0,0.0,,,336.0,110.0,110.0,,,,,,,,,
956,"24WG--EVOG16---5","24WG--EVOG16---5",110.0,8,192,75.0,50.0,100.0,64.0,0.0,0.0,0.0,,,336.0,110.0,110.0,,,,,,,,,
957,"24WG--HCVG01---A","24WG--HCVG01---A",122.4,16,192,75.0,50.0,100.0,48.96000000000001,0.0,0.0,0.0,,,5.0,122.4,122.4,,,,,,,,,
958,"24WG--HCVG02---5","24WG--HCVG02---5",122.4,16,192,75.0,50.0,100.0,48.96000000000001,0.0,0.0,0.0,,,6.0,122.4,122.4,,,,,,,,,
959,"24WG--HCVG03---0","24WG--HCVG03---0",122.4,16,192,75.0,50.0,100.0,48.96000000000001,0.0,0.0,0.0,,,6.0,122.4,122.4,,,,,,,,,
960,"24WG--HCVG04---W","24WG--HCVG04---W",122.4,16,192,75.0,50.0,100.0,48.96000000000001,0.0,0.0,0.0,,,6.0,122.4,122.4,,,,,,,,,
961,"24WG--HCVG05---R","24WG--HCVG05---R",122.4,16,192,75.0,50.0,100.0,48.96000000000001,0.0,0.0,0.0,,,5.0,122.4,122.4,,,,,,,,,
962,"24WG--HCVG06---M","24WG--HCVG06---M",122.4,16,192,75.0,50.0,100.0,48.96000000000001,0.0,0.0,0.0,,,5.0,122.4,122.4,,,,,,,,,
963,"24WG--PBAG01---X","24WG--PBAG01---X",158.0,5,192,75.0,55.0,100.0,19.0,0.0,0.0,0.0,,,336.0,158.0,158.0,,,,,,,,,
964,"26WCNTRLNTRNO118","26WCNTRLNTRNO118",175.0,13,122,75.0,50.0,100.0,12.0,0.0,0.0,0.0,,,5.0,175.0,175.0,,,,,,,,,
965,"26WNPWRBRNDSI10U","26WNPWRBRNDSI10U",381.0,5,122,75.0,55.0,100.0,213.0,0.0,0.0,0.0,,,3.0,381.0,381.0,,,,,,,,,
966,"26WNPWRFRRRRB10Q","26WNPWRFRRRRB10Q",230.0,5,122,75.0,55.0,100.0,148.0,0.0,0.0,0.0,,,3.0,230.0,230.0,,,,,,,,,
967,"26WNPWRRVENNA10P","26WNPWRRVENNA10P",381.0,5,122,75.0,55.0,100.0,230.0,0.0,0.0,0.0,,,4.0,381.0,381.0,,,,,,,,,
968,"26WNPWRRVENNA11N","26WNPWRRVENNA11N",395.0,5,122,75.0,55.0,100.0,263.0,0.0,0.0,0.0,,,4.0,395.0,395.0,,,,,,,,,
969,"26WPONTVENTOUX1J","26WPONTVENTOUX1J",150.0,16,122,75.0,50.0,100.0,72.0,0.0,0.0,0.0,,,26.0,150.0,150.0,,,,,,,,,
970,"26WPREM-GROSIO10","26WPREM-GROSIO10",737.0,11,122,75.0,50.0,100.0,90.0,0.0,0.0,0.0,,,4.0,737.0,737.0,,,,,,,,,
971,"26WTAGLIAMENTO1J","26WTAGLIAMENTO1J",220.0,11,122,75.0,50.0,100.0,46.0,0.0,0.0,0.0,,,5.0,220.0,220.0,,,,,,,,,
972,"26WTAVAZZANO-C64","26WTAVAZZANO-C64",371.0,5,122,75.0,55.0,100.0,179.0,0.0,0.0,0.0,,,5.0,371.0,371.0,,,,,,,,,
973,"26WUBDDSLDSRDI17","26WUBDDSLDSRDI17",138.0,2,122,75.0,50.0,100.0,8.0,0.0,0.0,0.0,,,3.0,138.0,138.0,,,,,,,,,
974,"26WUBRNDSSUDCE1N","26WUBRNDSSUDCE1N",605.0,8,122,75.0,50.0,100.0,262.0,0.0,0.0,0.0,,,336.0,605.0,605.0,,,,,,,,,
975,"26WUBRNDSSUDCE2L","26WUBRNDSSUDCE2L",605.0,8,122,75.0,50.0,100.0,261.0,0.0,0.0,0.0,,,336.0,605.0,605.0,,,,,,,,,
976,"26WUBRNDSSUDCE3J","26WUBRNDSSUDCE3J",605.0,8,122,75.0,50.0,100.0,261.0,0.0,0.0,0.0,,,336.0,605.0,605.0,,,,,,,,,
977,"26WUBRNDSSUDCE4H","26WUBRNDSSUDCE4H",605.0,8,122,75.0,50.0,100.0,261.0,0.0,0.0,0.0,,,336.0,605.0,605.0,,,,,,,,,
978,"26WUCCGTPRILIA15","26WUCCGTPRILIA15",787.0,5,122,75.0,55.0,100.0,195.0,0.0,0.0,0.0,,,3.0,787.0,787.0,,,,,,,,,
979,"26WUCNTRLDSCND16","26WUCNTRLDSCND16",410.0,5,122,75.0,55.0,100.0,150.0,0.0,0.0,0.0,,,4.0,410.0,410.0,,,,,,,,,
980,"26WUCNTRLDSCND24","26WUCNTRLDSCND24",411.0,5,122,75.0,55.0,100.0,260.0,0.0,0.0,0.0,,,4.0,411.0,411.0,,,,,,,,,
981,"26WUCNTRLDTRNL1C","26WUCNTRLDTRNL1C",800.0,5,122,75.0,55.0,100.0,161.0,0.0,0.0,0.0,,,3.0,800.0,800.0,,,,,,,,,
982,"26WUCNTRLDTVRL1D","26WUCNTRLDTVRL1D",404.0,5,122,75.0,55.0,100.0,160.0,0.0,0.0,0.0,,,3.0,404.0,404.0,,,,,,,,,
983,"26WUCTNUCENORD1T","26WUCTNUCENORD1T",410.0,1,122,75.0,50.0,100.0,164.0,0.0,0.0,0.0,0.0,0.0,0.0,410.0,410.0,0,0.0,0.0,0.0,0.0,0.0,0.0,,
984,"26WUCTNUCENORD2R","26WUCTNUCENORD2R",223.0,5,122,75.0,55.0,100.0,120.0,0.0,0.0,0.0,,,5.0,223.0,223.0,,,,,,,,,
985,"26WUCTNUCENORD3P","26WUCTNUCENORD3P",223.0,5,122,75.0,55.0,100.0,148.0,0.0,0.0,0.0,,,10.0,223.0,223.0,,,,,,,,,
986,"26WUCTTAMARETE11","26WUCTTAMARETE11",115.0,5,122,75.0,55.0,100.0,31.0,0.0,0.0,0.0,,,16.0,115.0,115.0,,,,,,,,,
987,"26WUETQ-ROVINA1Y","26WUETQ-ROVINA1Y",125.0,16,122,75.0,50.0,100.0,46.0,0.0,0.0,0.0,,,7.0,125.0,125.0,,,,,,,,,
988,"26WUETQCHIOTAS1O","26WUETQCHIOTAS1O",1064.0,16,122,75.0,50.0,100.0,133.0,0.0,0.0,0.0,,,3.0,1064.0,1064.0,,,,,,,,,
989,"26WUISABENERGY2N","26WUISABENERGY2N",288.0,19,122,75.0,50.0,100.0,100.0,0.0,0.0,0.0,,,3.0,288.0,288.0,,,,,,,,,
990,"26WUISABENERGY3L","26WUISABENERGY3L",288.0,19,122,75.0,50.0,100.0,180.0,0.0,0.0,0.0,,,336.0,288.0,288.0,,,,,,,,,
991,"26WULCSELLACLE5A","26WULCSELLACLE5A",1407.0,1,122,75.0,50.0,100.0,562.8000000000001,0.0,0.0,0.0,0.0,0.0,0.0,1407.0,1407.0,0,0.0,0.0,0.0,0.0,0.0,0.0,,
992,"26WULVTRNTCET31X","26WULVTRNTCET31X",400.0,19,122,75.0,50.0,100.0,26.0,0.0,0.0,0.0,,,3.0,400.0,400.0,,,,,,,,,
993,"26WUMONCALIERI36","26WUMONCALIERI36",380.0,5,122,75.0,55.0,100.0,160.0,0.0,0.0,0.0,,,4.0,380.0,380.0,,,,,,,,,
994,"26WUNCTLVRNFRR1D","26WUNCTLVRNFRR1D",776.0,5,122,75.0,55.0,100.0,199.0,0.0,0.0,0.0,,,3.0,776.0,776.0,,,,,,,,,
995,"26WUNERAVELINO11","26WUNERAVELINO11",295.0,11,122,75.0,50.0,100.0,63.0,0.0,0.0,0.0,,,3.0,295.0,295.0,,,,,,,,,
996,"26WUNPWRBRNDSI4A","26WUNPWRBRNDSI4A",180.0,1,122,75.0,50.0,100.0,6.0,0.0,0.0,0.0,,,3.0,180.0,180.0,,,,,,,,,
997,"26WUNPWRBRNDSI82","26WUNPWRBRNDSI82",381.0,5,122,75.0,55.0,100.0,187.0,0.0,0.0,0.0,,,4.0,381.0,381.0,,,,,,,,,
998,"26WUNPWRBRNDSI90","26WUNPWRBRNDSI90",381.0,5,122,75.0,55.0,100.0,209.0,0.0,0.0,0.0,,,8.0,381.0,381.0,,,,,,,,,
999,"26WUNPWRFRRRRB8C","26WUNPWRFRRRRB8C",395.0,5,122,75.0,55.0,100.0,145.0,0.0,0.0,0.0,,,4.0,395.0,395.0,,,,,,,,,
1000,"26WUNPWRFRRRRB9A","26WUNPWRFRRRRB9A",381.0,5,122,75.0,55.0,100.0,238.0,0.0,0.0,0.0,,,8.0,381.0,381.0,,,,,,,,,
1001,"26WUNPWRLVORNO77","26WUNPWRLVORNO77",149.0,5,122,75.0,55.0,100.0,76.0,0.0,0.0,0.0,,,336.0,149.0,149.0,,,,,,,,,
1002,"26WUNPWRMNTOVA2N","26WUNPWRMNTOVA2N",381.0,5,122,75.0,55.0,100.0,169.0,0.0,0.0,0.0,,,5.0,381.0,381.0,,,,,,,,,
1003,"26WUNPWRMNTOVA3L","26WUNPWRMNTOVA3L",381.0,5,122,75.0,55.0,100.0,243.0,0.0,0.0,0.0,,,3.0,381.0,381.0,,,,,,,,,
1004,"26WUNPWRRVENNA3F","26WUNPWRRVENNA3F",114.0,1,122,75.0,50.0,100.0,9.0,0.0,0.0,0.0,,,336.0,114.0,114.0,,,,,,,,,
1005,"26WUNPWRRVENNA93","26WUNPWRRVENNA93",123.0,5,122,75.0,55.0,100.0,70.0,0.0,0.0,0.0,,,336.0,123.0,123.0,,,,,,,,,
1006,"26WUNRGAMOLISE1H","26WUNRGAMOLISE1H",769.0,5,122,75.0,55.0,100.0,181.0,0.0,0.0,0.0,,,3.0,769.0,769.0,,,,,,,,,
1007,"26WUOMIRAFIORI3M","26WUOMIRAFIORI3M",122.0,5,122,75.0,55.0,100.0,48.800000000000004,0.0,0.0,0.0,0.0,0.0,0.0,122.0,122.0,0,0.0,0.0,0.0,0.0,0.0,0.0,,
1008,"26WUPNRGIAIGCC1R","26WUPNRGIAIGCC1R",240.0,5,122,75.0,55.0,100.0,150.0,0.0,0.0,0.0,,,3.0,240.0,240.0,,,,,,,,,
1009,"26WUPRCLCDLSSI1T","26WUPRCLCDLSSI1T",126.0,2,122,75.0,50.0,100.0,6.0,0.0,0.0,0.0,,,3.0,126.0,126.0,,,,,,,,,
1010,"26WUPZGLNDARCO14","26WUPZGLNDARCO14",105.0,5,122,75.0,55.0,100.0,42.0,0.0,0.0,0.0,,,0.0,105.0,105.0,,,,,,,,,
1011,"26WUROSELECTRA1D","26WUROSELECTRA1D",380.0,5,122,75.0,55.0,100.0,206.0,0.0,0.0,0.0,,,4.0,380.0,380.0,,,,,,,,,
1012,"26WUSANQUIRICO1H","26WUSANQUIRICO1H",137.0,5,122,75.0,55.0,100.0,54.800000000000004,0.0,0.0,0.0,0.0,0.0,0.0,137.0,137.0,0,0.0,0.0,0.0,0.0,0.0,0.0,,
1013,"26WUSCTNPWPFRR28","26WUSCTNPWPFRR28",381.0,5,122,75.0,55.0,100.0,169.0,0.0,0.0,0.0,,,336.0,381.0,381.0,,,,,,,,,
1014,"26WUSCTNPWPFRR36","26WUSCTNPWPFRR36",381.0,5,122,75.0,55.0,100.0,172.0,0.0,0.0,0.0,,,3.0,381.0,381.0,,,,,,,,,
1015,"26WUSMRICRICHI16","26WUSMRICRICHI16",885.0,5,122,75.0,55.0,100.0,216.0,0.0,0.0,0.0,,,3.0,885.0,885.0,,,,,,,,,
1016,"26WUSRGNPGLCNT1P","26WUSRGNPGLCNT1P",810.0,5,122,75.0,55.0,100.0,216.0,0.0,0.0,0.0,,,13.0,810.0,810.0,,,,,,,,,
1017,"26WUSTTNNRGSRL1T","26WUSTTNNRGSRL1T",80.0,14,122,75.0,50.0,100.0,32.0,0.0,0.0,0.0,,,0.0,80.0,80.0,,,,,,,,,
1018,"26WUSULCIS-CEN2C","26WUSULCIS-CEN2C",250.0,8,122,75.0,50.0,100.0,140.0,0.0,0.0,0.0,,,336.0,250.0,250.0,,,,,,,,,
1019,"26WUSYNDLSPPRT1X","26WUSYNDLSPPRT1X",30.0,1,122,75.0,50.0,100.0,12.0,0.0,0.0,0.0,0.0,0.0,0.0,30.0,30.0,0,0.0,0.0,0.0,0.0,0.0,0.0,,
1020,"26WUSZRNGNRZNE21","26WUSZRNGNRZNE21",268.0,13,122,75.0,50.0,100.0,15.0,0.0,0.0,0.0,,,5.0,268.0,268.0,,,,,,,,,
1021,"26WUTERMINI-I42G","26WUTERMINI-I42G",118.0,5,122,75.0,55.0,100.0,6.0,0.0,0.0,0.0,,,336.0,118.0,118.0,,,,,,,,,
1022,"26WUTNRSDLMNSP15","26WUTNRSDLMNSP15",122.0,5,122,75.0,55.0,100.0,17.0,0.0,0.0,0.0,,,45.0,122.0,122.0,,,,,,,,,
1023,"26WUTORINONORD1C","26WUTORINONORD1C",395.0,5,122,75.0,55.0,100.0,150.0,0.0,0.0,0.0,,,5.0,395.0,395.0,,,,,,,,,
1024,"26WUTORVISCOSA1F","26WUTORVISCOSA1F",830.0,5,122,75.0,55.0,100.0,362.0,0.0,0.0,0.0,,,3.0,830.0,830.0,,,,,,,,,
1025,"26WUTRMVLRZZTR3M","26WUTRMVLRZZTR3M",99.0,1,122,75.0,50.0,100.0,55.0,0.0,0.0,0.0,,,336.0,99.0,99.0,,,,,,,,,
1026,"26WUTRRVLDLIGA55","26WUTRRVLDLIGA55",790.0,5,122,75.0,55.0,100.0,170.0,0.0,0.0,0.0,,,3.0,790.0,790.0,,,,,,,,,
1027,"26WUTRRVLDLIGA63","26WUTRRVLDLIGA63",390.0,1,122,75.0,50.0,100.0,170.0,0.0,0.0,0.0,,,4.0,390.0,390.0,,,,,,,,,
1028,"26WUUALTOMONTE1Z","26WUUALTOMONTE1Z",808.0,5,122,75.0,55.0,100.0,192.0,0.0,0.0,0.0,,,3.0,808.0,808.0,,,,,,,,,
1029,"26WUUANAPO-C-L1O","26WUUANAPO-C-L1O",500.0,16,122,75.0,50.0,100.0,84.0,0.0,0.0,0.0,,,8.0,500.0,500.0,,,,,,,,,
1030,"26WUUBARGI-CEN11","26WUUBARGI-CEN11",281.0,16,122,75.0,50.0,100.0,81.0,0.0,0.0,0.0,,,7.0,281.0,281.0,,,,,,,,,
1031,"26WUUCTE-DEL-M2E","26WUUCTE-DEL-M2E",381.0,5,122,75.0,55.0,100.0,160.0,0.0,0.0,0.0,,,3.0,381.0,381.0,,,,,,,,,
1032,"26WUUFIUMESANT3F","26WUUFIUMESANT3F",267.0,8,122,75.0,50.0,100.0,170.0,0.0,0.0,0.0,,,336.0,267.0,267.0,,,,,,,,,
1033,"26WUUFIUMESANT4D","26WUUFIUMESANT4D",267.0,8,122,75.0,50.0,100.0,170.0,0.0,0.0,0.0,,,336.0,267.0,267.0,,,,,,,,,
1034,"26WUUISAB-ENER1O","26WUUISAB-ENER1O",556.0,1,122,75.0,50.0,100.0,222.4,0.0,0.0,0.0,0.0,0.0,0.0,556.0,556.0,0,0.0,0.0,0.0,0.0,0.0,0.0,,
1035,"26WUUISE-PIOMB10","26WUUISE-PIOMB10",181.0,1,122,75.0,50.0,100.0,72.4,0.0,0.0,0.0,0.0,0.0,0.0,181.0,181.0,0,0.0,0.0,0.0,0.0,0.0,0.0,,
1036,"26WUULA-CASELL1P","26WUULA-CASELL1P",375.0,5,122,75.0,55.0,100.0,170.0,0.0,0.0,0.0,,,336.0,375.0,375.0,,,,,,,,,
1037,"26WUULA-CASELL2N","26WUULA-CASELL2N",367.0,5,122,75.0,55.0,100.0,170.0,0.0,0.0,0.0,,,336.0,367.0,367.0,,,,,,,,,
1038,"26WUULA-CASELL3L","26WUULA-CASELL3L",365.0,5,122,75.0,55.0,100.0,204.0,0.0,0.0,0.0,,,336.0,365.0,365.0,,,,,,,,,
1039,"26WUULA-CASELL4J","26WUULA-CASELL4J",369.0,5,122,75.0,55.0,100.0,180.0,0.0,0.0,0.0,,,336.0,369.0,369.0,,,,,,,,,
1040,"26WUULAMARMORA16","26WUULAMARMORA16",117.0,1,122,75.0,50.0,100.0,40.0,0.0,0.0,0.0,,,336.0,117.0,117.0,,,,,,,,,
1041,"26WUULARINO-TG1C","26WUULARINO-TG1C",124.0,5,122,75.0,55.0,100.0,7.0,0.0,0.0,0.0,,,336.0,124.0,124.0,,,,,,,,,
1042,"26WUULARINO-TG2A","26WUULARINO-TG2A",124.0,5,122,75.0,55.0,100.0,11.0,0.0,0.0,0.0,,,336.0,124.0,124.0,,,,,,,,,
1043,"26WUUMALPENSA-1D","26WUUMALPENSA-1D",80.0,5,122,75.0,55.0,100.0,32.0,0.0,0.0,0.0,0.0,0.0,0.0,80.0,80.0,0,0.0,0.0,0.0,0.0,0.0,0.0,,
1044,"26WUUMONCALRPW2S","26WUUMONCALRPW2S",400.0,5,122,75.0,55.0,100.0,155.0,0.0,0.0,0.0,,,3.0,400.0,400.0,,,,,,,,,
1045,"26WUUOSTIGLIA12K","26WUUOSTIGLIA12K",751.0,5,122,75.0,55.0,100.0,175.0,0.0,0.0,0.0,,,6.0,751.0,751.0,,,,,,,,,
1046,"26WUUPIETRAFIT51","26WUUPIETRAFIT51",365.0,5,122,75.0,55.0,100.0,190.0,0.0,0.0,0.0,,,4.0,365.0,365.0,,,,,,,,,
1047,"26WUUPORTO-COR3N","26WUUPORTO-COR3N",350.0,5,122,75.0,55.0,100.0,180.0,0.0,0.0,0.0,,,336.0,350.0,350.0,,,,,,,,,
1048,"26WUUPORTO-COR4L","26WUUPORTO-COR4L",354.0,5,122,75.0,55.0,100.0,180.0,0.0,0.0,0.0,,,336.0,354.0,354.0,,,,,,,,,
1049,"26WUUPORTO-SCU1N","26WUUPORTO-SCU1N",120.0,14,122,75.0,50.0,100.0,48.0,0.0,0.0,0.0,0.0,0.0,0.0,120.0,120.0,0,0.0,0.0,0.0,0.0,0.0,0.0,,
1050,"26WUUPORTO-SCU2L","26WUUPORTO-SCU2L",120.0,14,122,75.0,50.0,100.0,48.0,0.0,0.0,0.0,0.0,0.0,0.0,120.0,120.0,0,0.0,0.0,0.0,0.0,0.0,0.0,,
1051,"26WUUPORTO-VIR1U","26WUUPORTO-VIR1U",134.0,5,122,75.0,55.0,100.0,53.6,0.0,0.0,0.0,0.0,0.0,0.0,134.0,134.0,0,0.0,0.0,0.0,0.0,0.0,0.0,,
1052,"26WUUPRESENZAN11","26WUUPRESENZAN11",1005.0,16,122,75.0,50.0,100.0,161.0,0.0,0.0,0.0,,,3.0,1005.0,1005.0,,,,,,,,,
1053,"26WUUPROVVIDEN13","26WUUPROVVIDEN13",139.0,16,122,75.0,50.0,100.0,44.0,0.0,0.0,0.0,,,19.0,139.0,139.0,,,,,,,,,
1054,"26WUURIZZICONI1S","26WUURIZZICONI1S",380.0,5,122,75.0,55.0,100.0,181.0,0.0,0.0,0.0,,,4.0,380.0,380.0,,,,,,,,,
1055,"26WUURIZZICONI2Q","26WUURIZZICONI2Q",380.0,5,122,75.0,55.0,100.0,219.0,0.0,0.0,0.0,,,336.0,380.0,380.0,,,,,,,,,
1056,"26WUURONCOVALG13","26WUURONCOVALG13",1000.0,16,122,75.0,50.0,100.0,393.0,0.0,0.0,0.0,,,3.0,1000.0,1000.0,,,,,,,,,
1057,"26WUUROSSANO-T1T","26WUUROSSANO-T1T",112.0,5,122,75.0,55.0,100.0,28.0,0.0,0.0,0.0,,,336.0,112.0,112.0,,,,,,,,,
1058,"26WUUROSSANO-T2R","26WUUROSSANO-T2R",400.0,1,122,75.0,50.0,100.0,160.0,0.0,0.0,0.0,0.0,0.0,0.0,400.0,400.0,0,0.0,0.0,0.0,0.0,0.0,0.0,,
1059,"26WUUROSSANO-T3P","26WUUROSSANO-T3P",112.0,5,122,75.0,55.0,100.0,13.0,0.0,0.0,0.0,,,11.0,112.0,112.0,,,,,,,,,
1060,"26WUUS-MASS-CL10","26WUUS-MASS-CL10",377.0,16,122,75.0,50.0,100.0,25.0,0.0,0.0,0.0,,,5.0,377.0,377.0,,,,,,,,,
1061,"26WUUSFLORIANO2R","26WUUSFLORIANO2R",120.0,11,122,75.0,50.0,100.0,75.0,0.0,0.0,0.0,,,5.0,120.0,120.0,,,,,,,,,
1062,"26WUUSOVERZENE1M","26WUUSOVERZENE1M",158.0,13,122,75.0,50.0,100.0,45.0,0.0,0.0,0.0,,,6.0,158.0,158.0,,,,,,,,,
1063,"26WUUSPARANISE1Q","26WUUSPARANISE1Q",380.0,5,122,75.0,55.0,100.0,220.0,0.0,0.0,0.0,,,3.0,380.0,380.0,,,,,,,,,
1064,"26WUUSPARANISE2O","26WUUSPARANISE2O",380.0,5,122,75.0,55.0,100.0,220.0,0.0,0.0,0.0,,,3.0,380.0,380.0,,,,,,,,,
1065,"26WUUSPEZIA-CE1X","26WUUSPEZIA-CE1X",329.0,1,122,75.0,50.0,100.0,131.6,0.0,0.0,0.0,0.0,0.0,0.0,329.0,329.0,0,0.0,0.0,0.0,0.0,0.0,0.0,,
1066,"26WUUSPEZIA-CE2V","26WUUSPEZIA-CE2V",321.0,1,122,75.0,50.0,100.0,128.4,0.0,0.0,0.0,0.0,0.0,0.0,321.0,321.0,0,0.0,0.0,0.0,0.0,0.0,0.0,,
1067,"26WUUSPEZIA-CE3T","26WUUSPEZIA-CE3T",520.0,8,122,75.0,50.0,100.0,278.0,0.0,0.0,0.0,,,336.0,520.0,520.0,,,,,,,,,
1068,"26WUUSULCIS-CE3T","26WUUSULCIS-CE3T",182.0,8,122,75.0,50.0,100.0,121.0,0.0,0.0,0.0,,,336.0,182.0,182.0,,,,,,,,,
1069,"26WUUTAVAZZANO5Z","26WUUTAVAZZANO5Z",740.0,5,122,75.0,55.0,100.0,179.0,0.0,0.0,0.0,,,4.0,740.0,740.0,,,,,,,,,
1070,"26WUUTAVAZZANO8T","26WUUTAVAZZANO8T",300.0,1,122,75.0,50.0,100.0,120.0,0.0,0.0,0.0,0.0,0.0,0.0,300.0,300.0,0,0.0,0.0,0.0,0.0,0.0,0.0,,
1071,"26WUUTERMINI-I4H","26WUUTERMINI-I4H",250.0,5,122,75.0,55.0,100.0,126.0,0.0,0.0,0.0,,,11.0,250.0,250.0,,,,,,,,,
1072,"26WUUTERMINI-I5F","26WUUTERMINI-I5F",118.0,5,122,75.0,55.0,100.0,6.0,0.0,0.0,0.0,,,336.0,118.0,118.0,,,,,,,,,
1073,"26WUUTERMINI-I6D","26WUUTERMINI-I6D",735.0,5,122,75.0,55.0,100.0,176.0,0.0,0.0,0.0,,,4.0,735.0,735.0,,,,,,,,,
1074,"26WUUTOR-DI-VA1F","26WUUTOR-DI-VA1F",109.0,1,122,75.0,50.0,100.0,43.6,0.0,0.0,0.0,0.0,0.0,0.0,109.0,109.0,0,0.0,0.0,0.0,0.0,0.0,0.0,,
1075,"26WUUTORREVALD49","26WUUTORREVALD49",308.0,5,122,75.0,55.0,100.0,123.2,0.0,0.0,0.0,,,0.0,308.0,308.0,,,,,,,,,
1076,"26WUUTORREVALN2K","26WUUTORREVALN2K",615.0,8,122,75.0,50.0,100.0,203.0,0.0,0.0,0.0,,,336.0,615.0,615.0,,,,,,,,,
1077,"26WUUTORREVALN3I","26WUUTORREVALN3I",615.0,8,122,75.0,50.0,100.0,202.0,0.0,0.0,0.0,,,336.0,615.0,615.0,,,,,,,,,
1078,"26WUUTORREVALN4G","26WUUTORREVALN4G",615.0,8,122,75.0,50.0,100.0,203.0,0.0,0.0,0.0,,,336.0,615.0,615.0,,,,,,,,,
1079,"26WUUTRAPANI-C1M","26WUUTRAPANI-C1M",106.0,5,122,75.0,55.0,100.0,5.0,0.0,0.0,0.0,,,336.0,106.0,106.0,,,,,,,,,
1080,"26WUUTRAPANI-C2K","26WUUTRAPANI-C2K",106.0,5,122,75.0,55.0,100.0,61.0,0.0,0.0,0.0,,,8.0,106.0,106.0,,,,,,,,,
1081,"26WUUUALTOADDA15","26WUUUALTOADDA15",327.0,16,122,75.0,50.0,100.0,23.0,0.0,0.0,0.0,,,3.0,327.0,327.0,,,,,,,,,
1082,"26WUUUBRINDISI3G","26WUUUBRINDISI3G",250.0,1,122,75.0,50.0,100.0,100.0,0.0,0.0,0.0,0.0,0.0,0.0,250.0,250.0,0,0.0,0.0,0.0,0.0,0.0,0.0,,
1083,"26WUUUBRINDISI4E","26WUUUBRINDISI4E",250.0,1,122,75.0,50.0,100.0,100.0,0.0,0.0,0.0,0.0,0.0,0.0,250.0,250.0,0,0.0,0.0,0.0,0.0,0.0,0.0,,
1084,"26WUUUCAPRIATI1B","26WUUUCAPRIATI1B",113.0,16,122,75.0,50.0,100.0,50.0,0.0,0.0,0.0,,,7.0,113.0,113.0,,,,,,,,,
1085,"26WUUUCHIVASSO1V","26WUUUCHIVASSO1V",753.0,5,122,75.0,55.0,100.0,180.0,0.0,0.0,0.0,,,3.0,753.0,753.0,,,,,,,,,
1086,"26WUUUCHIVASSO2T","26WUUUCHIVASSO2T",370.0,5,122,75.0,55.0,100.0,246.0,0.0,0.0,0.0,,,3.0,370.0,370.0,,,,,,,,,
1087,"26WUUUCTE-RAGE1N","26WUUUCTE-RAGE1N",100.0,1,122,75.0,50.0,100.0,40.0,0.0,0.0,0.0,0.0,0.0,0.0,100.0,100.0,0,0.0,0.0,0.0,0.0,0.0,0.0,,
1088,"26WUUUFUSINA-T18","26WUUUFUSINA-T18",145.0,8,122,75.0,50.0,100.0,90.0,0.0,0.0,0.0,,,336.0,145.0,145.0,,,,,,,,,
1089,"26WUUUFUSINA-T26","26WUUUFUSINA-T26",155.0,8,122,75.0,50.0,100.0,90.0,0.0,0.0,0.0,,,336.0,155.0,155.0,,,,,,,,,
1090,"26WUUUFUSINA-T34","26WUUUFUSINA-T34",280.0,8,122,75.0,50.0,100.0,140.0,0.0,0.0,0.0,,,336.0,280.0,280.0,,,,,,,,,
1091,"26WUUUFUSINA-T42","26WUUUFUSINA-T42",280.0,8,122,75.0,50.0,100.0,139.0,0.0,0.0,0.0,,,336.0,280.0,280.0,,,,,,,,,
1092,"26WUUUGARGNANO18","26WUUUGARGNANO18",137.0,16,122,75.0,50.0,100.0,50.0,0.0,0.0,0.0,,,8.0,137.0,137.0,,,,,,,,,
1093,"26WUUUGENOVA-T68","26WUUUGENOVA-T68",136.0,1,122,75.0,50.0,100.0,54.400000000000006,0.0,0.0,0.0,0.0,0.0,0.0,136.0,136.0,0,0.0,0.0,0.0,0.0,0.0,0.0,,
1094,"26WUUUMONFALCO12","26WUUUMONFALCO12",153.0,8,122,75.0,50.0,100.0,94.0,0.0,0.0,0.0,,,336.0,153.0,153.0,,,,,,,,,
1095,"26WUUUMONFALCO20","26WUUUMONFALCO20",162.0,8,122,75.0,50.0,100.0,88.0,0.0,0.0,0.0,,,336.0,162.0,162.0,,,,,,,,,
1096,"26WUUUMONTALTO1L","26WUUUMONTALTO1L",238.0,5,122,75.0,55.0,100.0,28.0,0.0,0.0,0.0,,,19.0,238.0,238.0,,,,,,,,,
1097,"26WUUUMONTALTO2J","26WUUUMONTALTO2J",246.0,5,122,75.0,55.0,100.0,20.0,0.0,0.0,0.0,,,17.0,246.0,246.0,,,,,,,,,
1098,"26WUUUMONTALTO3H","26WUUUMONTALTO3H",220.0,5,122,75.0,55.0,100.0,12.0,0.0,0.0,0.0,,,19.0,220.0,220.0,,,,,,,,,
1099,"26WUUUMONTALTO4F","26WUUUMONTALTO4F",230.0,1,122,75.0,50.0,100.0,92.0,0.0,0.0,0.0,,,0.0,230.0,230.0,,,,,,,,,
1100,"26WUUUMONTORIO1P","26WUUUMONTORIO1P",110.0,11,122,75.0,50.0,100.0,34.0,0.0,0.0,0.0,,,5.0,110.0,110.0,,,,,,,,,
1101,"26WUUUOSTIGLIA17","26WUUUOSTIGLIA17",375.0,5,122,75.0,55.0,100.0,150.0,0.0,0.0,0.0,0.0,0.0,0.0,375.0,375.0,0,0.0,0.0,0.0,0.0,0.0,0.0,,
1102,"26WUUUOSTIGLIA25","26WUUUOSTIGLIA25",375.0,5,122,75.0,55.0,100.0,150.0,0.0,0.0,0.0,0.0,0.0,0.0,375.0,375.0,0,0.0,0.0,0.0,0.0,0.0,0.0,,
1103,"26WUUUOSTIGLIA33","26WUUUOSTIGLIA33",373.0,5,122,75.0,55.0,100.0,175.0,0.0,0.0,0.0,,,4.0,373.0,373.0,,,,,,,,,
1104,"26WUUUPIACENZA4O","26WUUUPIACENZA4O",806.0,5,122,75.0,55.0,100.0,192.0,0.0,0.0,0.0,,,3.0,806.0,806.0,,,,,,,,,
1105,"26WUUUPRIOLO-C13","26WUUUPRIOLO-C13",360.0,5,122,75.0,55.0,100.0,175.0,0.0,0.0,0.0,,,3.0,360.0,360.0,,,,,,,,,
1106,"26WUUUPRIOLO-C21","26WUUUPRIOLO-C21",340.0,5,122,75.0,55.0,100.0,180.0,0.0,0.0,0.0,,,15.0,340.0,340.0,,,,,,,,,
1107,"26WUUUS-F--DEL16","26WUUUS-F--DEL16",145.0,14,122,75.0,50.0,100.0,59.0,0.0,0.0,0.0,,,336.0,145.0,145.0,,,,,,,,,
1108,"26WUUUS-F--DEL24","26WUUUS-F--DEL24",145.0,14,122,75.0,50.0,100.0,59.0,0.0,0.0,0.0,,,11.0,145.0,145.0,,,,,,,,,
1109,"26WUUUS-F--DEL5Z","26WUUUS-F--DEL5Z",288.0,14,122,75.0,50.0,100.0,136.0,0.0,0.0,0.0,,,336.0,288.0,288.0,,,,,,,,,
1110,"26WUUUS-F--DEL6X","26WUUUS-F--DEL6X",288.0,14,122,75.0,50.0,100.0,135.0,0.0,0.0,0.0,,,336.0,288.0,288.0,,,,,,,,,
1111,"26WUUUSBARBARA3W","26WUUUSBARBARA3W",391.0,5,122,75.0,55.0,100.0,195.0,0.0,0.0,0.0,,,5.0,391.0,391.0,,,,,,,,,
1112,"26WUUUSGIACOMO3I","26WUUUSGIACOMO3I",490.0,16,122,75.0,50.0,100.0,98.0,0.0,0.0,0.0,,,20.0,490.0,490.0,,,,,,,,,
1113,"26WUUUUAZOTATI5V","26WUUUUAZOTATI5V",236.0,5,122,75.0,55.0,100.0,73.0,0.0,0.0,0.0,,,5.0,236.0,236.0,,,,,,,,,
1114,"26WUUUUCANDELA1R","26WUUUUCANDELA1R",401.0,5,122,75.0,55.0,100.0,165.0,0.0,0.0,0.0,,,4.0,401.0,401.0,,,,,,,,,
1115,"26WUUUUCARDANO16","26WUUUUCARDANO16",121.0,11,122,75.0,50.0,100.0,19.0,0.0,0.0,0.0,,,10.0,121.0,121.0,,,,,,,,,
1116,"26WUUUUCASSANO1K","26WUUUUCASSANO1K",221.0,5,122,75.0,55.0,100.0,88.4,0.0,0.0,0.0,0.0,0.0,0.0,221.0,221.0,0,0.0,0.0,0.0,0.0,0.0,0.0,,
1117,"26WUUUUCASSANO2I","26WUUUUCASSANO2I",748.0,5,122,75.0,55.0,100.0,180.0,0.0,0.0,0.0,,,3.0,748.0,748.0,,,,,,,,,
1118,"26WUUUUFADALTO1G","26WUUUUFADALTO1G",220.0,16,122,75.0,50.0,100.0,92.0,0.0,0.0,0.0,,,5.0,220.0,220.0,,,,,,,,,
1119,"26WUUUUGALLETO2T","26WUUUUGALLETO2T",166.0,11,122,75.0,50.0,100.0,60.0,0.0,0.0,0.0,,,7.0,166.0,166.0,,,,,,,,,
1120,"26WUUUULANZADA1E","26WUUUULANZADA1E",188.0,13,122,75.0,50.0,100.0,75.2,0.0,0.0,0.0,0.0,0.0,0.0,188.0,188.0,0,0.0,0.0,0.0,0.0,0.0,0.0,,
1121,"26WUUUULEVANTE35","26WUUUULEVANTE35",388.0,5,122,75.0,55.0,100.0,170.0,0.0,0.0,0.0,,,336.0,388.0,388.0,,,,,,,,,
1122,"26WUUUULEVANTE43","26WUUUULEVANTE43",128.0,5,122,75.0,55.0,100.0,13.0,0.0,0.0,0.0,,,336.0,128.0,128.0,,,,,,,,,
1123,"26WUUUUMILAZZO1Z","26WUUUUMILAZZO1Z",145.0,5,122,75.0,55.0,100.0,35.0,0.0,0.0,0.0,,,336.0,145.0,145.0,,,,,,,,,
1124,"26WUUUUNAPOLIL48","26WUUUUNAPOLIL48",400.0,5,122,75.0,55.0,100.0,191.0,0.0,0.0,0.0,,,3.0,400.0,400.0,,,,,,,,,
1125,"26WUUUUPORCARI17","26WUUUUPORCARI17",102.0,5,122,75.0,55.0,100.0,54.0,0.0,0.0,0.0,,,7.0,102.0,102.0,,,,,,,,,
1126,"26WUUUURIVADEL38","26WUUUURIVADEL38",117.0,16,122,75.0,50.0,100.0,55.0,0.0,0.0,0.0,,,7.0,117.0,117.0,,,,,,,,,
1127,"26WUUUUSARMATO16","26WUUUUSARMATO16",180.0,5,122,75.0,55.0,100.0,72.0,0.0,0.0,0.0,0.0,0.0,0.0,180.0,180.0,0,0.0,0.0,0.0,0.0,0.0,0.0,,
1128,"26WUUUUSERMIDE3O","26WUUUUSERMIDE3O",385.0,5,122,75.0,55.0,100.0,180.0,0.0,0.0,0.0,,,336.0,385.0,385.0,,,,,,,,,
1129,"26WUUUUSERMIDE4M","26WUUUUSERMIDE4M",766.0,5,122,75.0,55.0,100.0,181.0,0.0,0.0,0.0,,,4.0,766.0,766.0,,,,,,,,,
1130,"26WUUUUSERVOLA2X","26WUUUUSERVOLA2X",45.0,1,122,75.0,50.0,100.0,18.0,0.0,0.0,0.0,0.0,0.0,0.0,45.0,45.0,0,0.0,0.0,0.0,0.0,0.0,0.0,,
1131,"26WUUUUSONDRIO19","26WUUUUSONDRIO19",144.0,11,122,75.0,50.0,100.0,57.6,0.0,0.0,0.0,0.0,0.0,0.0,144.0,144.0,0,0.0,0.0,0.0,0.0,0.0,0.0,,
1132,"26WUUUUTALORO11V","26WUUUUTALORO11V",240.0,16,122,75.0,50.0,100.0,53.0,0.0,0.0,0.0,,,7.0,240.0,240.0,,,,,,,,,
1133,"26WUUUUTORBOLE1H","26WUUUUTORBOLE1H",110.0,11,122,75.0,50.0,100.0,56.0,0.0,0.0,0.0,,,4.0,110.0,110.0,,,,,,,,,
1134,"26WUUUUTURBIGO3M","26WUUUUTURBIGO3M",279.0,1,122,75.0,50.0,100.0,111.60000000000001,0.0,0.0,0.0,,,0.0,279.0,279.0,,,,,,,,,
1135,"26WUUUUTURBIGO4K","26WUUUUTURBIGO4K",800.0,5,122,75.0,55.0,100.0,181.0,0.0,0.0,0.0,,,4.0,800.0,800.0,,,,,,,,,
1136,"26WUUUUUCELANO1J","26WUUUUUCELANO1J",175.0,5,122,75.0,55.0,100.0,70.0,0.0,0.0,0.0,0.0,0.0,0.0,175.0,175.0,0,0.0,0.0,0.0,0.0,0.0,0.0,,
1137,"26WUUUUUCIMEGO1U","26WUUUUUCIMEGO1U",220.0,13,122,75.0,50.0,100.0,80.0,0.0,0.0,0.0,,,7.0,220.0,220.0,,,,,,,,,
1138,"26WUUUUUIMPSUD2Q","26WUUUUUIMPSUD2Q",61.0,1,122,75.0,50.0,100.0,9.0,0.0,0.0,0.0,,,3.0,61.0,61.0,,,,,,,,,
1139,"26WUUUUUORTICA1F","26WUUUUUORTICA1F",395.0,11,122,75.0,50.0,100.0,20.0,0.0,0.0,0.0,,,7.0,395.0,395.0,,,,,,,,,
1140,"26WUUUUURATINO1O","26WUUUUURATINO1O",419.0,5,122,75.0,55.0,100.0,203.0,0.0,0.0,0.0,,,3.0,419.0,419.0,,,,,,,,,
1141,"26WUUUUUROSONE16","26WUUUUUROSONE16",135.0,13,122,75.0,50.0,100.0,41.0,0.0,0.0,0.0,,,4.0,135.0,135.0,,,,,,,,,
1142,"26WUUUUUSARLUX1W","26WUUUUUSARLUX1W",590.0,19,122,75.0,50.0,100.0,368.0,0.0,0.0,0.0,,,0.0,590.0,590.0,,,,,,,,,
1143,"26WUUUUUUAVISE1Z","26WUUUUUUAVISE1Z",127.0,11,122,75.0,50.0,100.0,70.0,0.0,0.0,0.0,,,5.0,127.0,127.0,,,,,,,,,
1144,"26WUUUUUUBUSSI19","26WUUUUUUBUSSI19",122.0,5,122,75.0,55.0,100.0,43.0,0.0,0.0,0.0,,,6.0,122.0,122.0,,,,,,,,,
1145,"26WUUUUUUDUINO1A","26WUUUUUUDUINO1A",110.0,5,122,75.0,55.0,100.0,6.0,0.0,0.0,0.0,,,3.0,110.0,110.0,,,,,,,,,
1146,"26WUUUUUUEDOLO19","26WUUUUUUEDOLO19",950.0,16,122,75.0,50.0,100.0,122.0,0.0,0.0,0.0,,,7.0,950.0,950.0,,,,,,,,,
1147,"26WUUUUUUGISSI19","26WUUUUUUGISSI19",420.0,5,122,75.0,55.0,100.0,229.0,0.0,0.0,0.0,,,3.0,420.0,420.0,,,,,,,,,
1148,"26WUUUUUUGISSI27","26WUUUUUUGISSI27",420.0,5,122,75.0,55.0,100.0,239.0,0.0,0.0,0.0,,,3.0,420.0,420.0,,,,,,,,,
1149,"26WUUUUUULEINI1V","26WUUUUUULEINI1V",385.0,5,122,75.0,55.0,100.0,191.0,0.0,0.0,0.0,,,4.0,385.0,385.0,,,,,,,,,
1150,"26WUUUUUUNOVEL1U","26WUUUUUUNOVEL1U",97.0,1,122,75.0,50.0,100.0,44.0,0.0,0.0,0.0,,,23.0,97.0,97.0,,,,,,,,,
1151,"26WUUUUUUROSEN1B","26WUUUUUUROSEN1B",325.0,5,122,75.0,55.0,100.0,173.0,0.0,0.0,0.0,,,3.0,325.0,325.0,,,,,,,,,
1152,"26WUUUUUUUCET21O","26WUUUUUUUCET21O",450.0,19,122,75.0,50.0,100.0,22.0,0.0,0.0,0.0,,,3.0,450.0,450.0,,,,,,,,,
1153,"26WUUUUUUUJESI1C","26WUUUUUUUJESI1C",140.0,1,122,75.0,50.0,100.0,56.0,0.0,0.0,0.0,0.0,0.0,0.0,140.0,140.0,0,0.0,0.0,0.0,0.0,0.0,0.0,,
1154,"26WUUUUUUULANA1R","26WUUUUUUULANA1R",120.0,11,122,75.0,50.0,100.0,7.0,0.0,0.0,0.0,,,4.0,120.0,120.0,,,,,,,,,
1155,"26WUUUUUUULIRO13","26WUUUUUUULIRO13",280.0,11,122,75.0,50.0,100.0,34.0,0.0,0.0,0.0,,,7.0,280.0,280.0,,,,,,,,,
1156,"26WUUUUUUUMESE16","26WUUUUUUUMESE16",164.0,11,122,75.0,50.0,100.0,15.0,0.0,0.0,0.0,,,3.0,164.0,164.0,,,,,,,,,
1157,"26WUUUUUUUNOCE1E","26WUUUUUUUNOCE1E",161.0,11,122,75.0,50.0,100.0,20.0,0.0,0.0,0.0,,,4.0,161.0,161.0,,,,,,,,,
1158,"26WUUUUUVENAUS10","26WUUUUUVENAUS10",230.0,13,122,75.0,50.0,100.0,40.0,0.0,0.0,0.0,,,7.0,230.0,230.0,,,,,,,,,
1159,"26WUUUUVOGHERA14","26WUUUUVOGHERA14",381.0,5,122,75.0,55.0,100.0,192.0,0.0,0.0,0.0,,,4.0,381.0,381.0,,,,,,,,,
1160,"26WUUUVADOTERM5P","26WUUUVADOTERM5P",760.0,5,122,75.0,55.0,100.0,221.0,0.0,0.0,0.0,,,3.0,760.0,760.0,,,,,,,,,
1161,"26WUUUVERZUOLO2R","26WUUUVERZUOLO2R",131.0,5,122,75.0,55.0,100.0,37.0,0.0,0.0,0.0,,,5.0,131.0,131.0,,,,,,,,,
1162,"26WUUVADO-TERM3T","26WUUVADO-TERM3T",296.0,1,122,75.0,50.0,100.0,118.4,0.0,0.0,0.0,0.0,0.0,0.0,296.0,296.0,0,0.0,0.0,0.0,0.0,0.0,0.0,,
1163,"26WUUVADO-TERM4R","26WUUVADO-TERM4R",297.0,1,122,75.0,50.0,100.0,118.80000000000001,0.0,0.0,0.0,0.0,0.0,0.0,297.0,297.0,0,0.0,0.0,0.0,0.0,0.0,0.0,,
1164,"26WUUVALLE-SEC1Z","26WUUVALLE-SEC1Z",114.0,4,122,75.0,50.0,100.0,58.0,0.0,0.0,0.0,,,195.0,114.0,114.0,,,,,,,,,
1165,"26WUUVALPELLIN15","26WUUVALPELLIN15",130.0,13,122,75.0,50.0,100.0,66.0,0.0,0.0,0.0,,,3.0,130.0,130.0,,,,,,,,,
1166,"26WUUZ-FIORANO1X","26WUUZ-FIORANO1X",272.0,16,122,75.0,50.0,100.0,110.0,0.0,0.0,0.0,,,5.0,272.0,272.0,,,,,,,,,
1167,"26WUUZMUCONE1S1I","26WUUZMUCONE1S1I",101.0,13,122,75.0,50.0,100.0,42.0,0.0,0.0,0.0,,,7.0,101.0,101.0,,,,,,,,,
1168,"26WUVALMALENCO17","26WUVALMALENCO17",350.0,11,122,75.0,50.0,100.0,40.0,0.0,0.0,0.0,,,5.0,350.0,350.0,,,,,,,,,
1169,"26WVALCAMONICA1Y","26WVALCAMONICA1Y",130.0,11,122,75.0,50.0,100.0,6.0,0.0,0.0,0.0,,,4.0,130.0,130.0,,,,,,,,,
1170,"27W-GU-ECHVG1--C","27W-GU-ECHVG1--C",192.0,12,38,75.0,50.0,100.0,76.80000000000001,0.0,0.0,0.0,,,336.0,192.0,192.0,,,,,,,,,
1171,"27W-GU-ECHVG2--8","27W-GU-ECHVG2--8",192.0,12,38,75.0,50.0,100.0,76.80000000000001,0.0,0.0,0.0,,,336.0,192.0,192.0,,,,,,,,,
1172,"27W-GU-ECHVG3--4","27W-GU-ECHVG3--4",192.0,12,38,75.0,50.0,100.0,76.80000000000001,0.0,0.0,0.0,,,336.0,192.0,192.0,,,,,,,,,
1173,"27W-GU-ECHVG4--0","27W-GU-ECHVG4--0",192.0,12,38,75.0,50.0,100.0,76.80000000000001,0.0,0.0,0.0,,,9.0,192.0,192.0,,,,,,,,,
1174,"27W-GU-EDALG1--2","27W-GU-EDALG1--2",118.0,16,38,75.0,50.0,100.0,74.0,0.0,0.0,0.0,,,7.0,118.0,118.0,,,,,,,,,
1175,"27W-GU-EDALG2--Z","27W-GU-EDALG2--Z",118.0,16,38,75.0,50.0,100.0,70.0,0.0,0.0,0.0,,,6.0,118.0,118.0,,,,,,,,,
1176,"27W-GU-EDALG3--V","27W-GU-EDALG3--V",118.0,16,38,75.0,50.0,100.0,74.0,0.0,0.0,0.0,,,6.0,118.0,118.0,,,,,,,,,
1177,"27W-GU-EDALG4--R","27W-GU-EDALG4--R",118.0,16,38,75.0,50.0,100.0,70.0,0.0,0.0,0.0,,,7.0,118.0,118.0,,,,,,,,,
1178,"27W-GU-EDETG1--0","27W-GU-EDETG1--0",187.0,8,38,75.0,50.0,100.0,74.8,0.0,0.0,0.0,,,0.0,187.0,187.0,,,,,,,,,
1179,"27W-GU-EDETG2--X","27W-GU-EDETG2--X",186.0,8,38,75.0,50.0,100.0,120.0,0.0,0.0,0.0,,,336.0,186.0,186.0,,,,,,,,,
1180,"27W-GU-EDETG3--T","27W-GU-EDETG3--T",188.0,8,38,75.0,50.0,100.0,121.0,0.0,0.0,0.0,,,336.0,188.0,188.0,,,,,,,,,
1181,"27W-GU-EDETG4--P","27W-GU-EDETG4--P",187.0,8,38,75.0,50.0,100.0,100.0,0.0,0.0,0.0,,,336.0,187.0,187.0,,,,,,,,,
1182,"27W-GU-EDSTG1--D","27W-GU-EDSTG1--D",319.0,16,38,75.0,50.0,100.0,182.0,0.0,0.0,0.0,,,7.0,319.0,319.0,,,,,,,,,
1183,"27W-GU-EDSTG2--9","27W-GU-EDSTG2--9",319.0,16,38,75.0,50.0,100.0,177.0,0.0,0.0,0.0,,,8.0,319.0,319.0,,,,,,,,,
1184,"27W-GU-EDUKB1--4","27W-GU-EDUKB1--4",470.0,3,38,75.0,50.0,100.0,222.0,0.0,0.0,0.0,,,336.0,470.0,470.0,,,,,,,,,
1185,"27W-GU-EDUKB2--0","27W-GU-EDUKB2--0",470.0,3,38,75.0,50.0,100.0,84.0,0.0,0.0,0.0,,,336.0,470.0,470.0,,,,,,,,,
1186,"27W-GU-EDUKB3--X","27W-GU-EDUKB3--X",470.0,3,38,75.0,50.0,100.0,104.0,0.0,0.0,0.0,,,336.0,470.0,470.0,,,,,,,,,
1187,"27W-GU-EDUKB4--T","27W-GU-EDUKB4--T",470.0,3,38,75.0,50.0,100.0,160.0,0.0,0.0,0.0,,,336.0,470.0,470.0,,,,,,,,,
1188,"27W-GU-EECKG4--B","27W-GU-EECKG4--B",125.0,12,38,75.0,50.0,100.0,83.0,0.0,0.0,0.0,,,13.0,125.0,125.0,,,,,,,,,
1189,"27W-GU-EECKG5--7","27W-GU-EECKG5--7",125.0,12,38,75.0,50.0,100.0,77.0,0.0,0.0,0.0,,,6.0,125.0,125.0,,,,,,,,,
1190,"27W-GU-ELEDG6--C","27W-GU-ELEDG6--C",597.0,12,38,75.0,50.0,100.0,363.0,0.0,0.0,0.0,,,6.0,597.0,597.0,,,,,,,,,
1191,"27W-GU-EME3G11-4","27W-GU-EME3G11-4",415.0,12,38,75.0,50.0,100.0,275.0,0.0,0.0,0.0,,,336.0,415.0,415.0,,,,,,,,,
1192,"27W-GU-EPC1G2--8","27W-GU-EPC1G2--8",187.0,12,38,75.0,50.0,100.0,116.0,0.0,0.0,0.0,,,336.0,187.0,187.0,,,,,,,,,
1193,"27W-GU-EPC1G3--4","27W-GU-EPC1G3--4",186.0,12,38,75.0,50.0,100.0,107.0,0.0,0.0,0.0,,,19.0,186.0,186.0,,,,,,,,,
1194,"27W-GU-EPC1G4--0","27W-GU-EPC1G4--0",187.0,12,38,75.0,50.0,100.0,119.0,0.0,0.0,0.0,,,28.0,187.0,187.0,,,,,,,,,
1195,"27W-GU-EPC1G5--X","27W-GU-EPC1G5--X",185.0,12,38,75.0,50.0,100.0,115.0,0.0,0.0,0.0,,,26.0,185.0,185.0,,,,,,,,,
1196,"27W-GU-EPC1G6--T","27W-GU-EPC1G6--T",185.0,12,38,75.0,50.0,100.0,116.0,0.0,0.0,0.0,,,336.0,185.0,185.0,,,,,,,,,
1197,"27W-GU-EPC2B21-L","27W-GU-EPC2B21-L",847.0,5,38,75.0,55.0,100.0,295.0,0.0,0.0,0.0,,,5.0,847.0,847.0,,,,,,,,,
1198,"27W-GU-EPR2-G22M","27W-GU-EPR2-G22M",189.0,12,38,75.0,50.0,100.0,75.60000000000001,0.0,0.0,0.0,0.0,0.0,0.0,189.0,189.0,0,0.0,0.0,0.0,0.0,0.0,0.0,,
1199,"27W-GU-EPR2G21-2","27W-GU-EPR2G21-2",189.0,12,38,75.0,50.0,100.0,75.60000000000001,0.0,0.0,0.0,0.0,0.0,0.0,189.0,189.0,0,0.0,0.0,0.0,0.0,0.0,0.0,,
1200,"27W-GU-EPR2G23-X","27W-GU-EPR2G23-X",227.0,12,38,75.0,50.0,100.0,106.0,0.0,0.0,0.0,,,4.0,227.0,227.0,,,,,,,,,
1201,"27W-GU-EPR2G24-U","27W-GU-EPR2G24-U",227.0,12,38,75.0,50.0,100.0,139.0,0.0,0.0,0.0,,,3.0,227.0,227.0,,,,,,,,,
1202,"27W-GU-EPR2G25-R","27W-GU-EPR2G25-R",227.0,12,38,75.0,50.0,100.0,110.0,0.0,0.0,0.0,,,336.0,227.0,227.0,,,,,,,,,
1203,"27W-GU-ETEMG1--P","27W-GU-ETEMG1--P",1029.0,3,38,75.0,50.0,100.0,526.0,0.0,0.0,0.0,,,336.0,1029.0,1029.0,,,,,,,,,
1204,"27W-GU-ETEMG2--L","27W-GU-ETEMG2--L",1027.0,3,38,75.0,50.0,100.0,647.0,0.0,0.0,0.0,,,336.0,1027.0,1027.0,,,,,,,,,
1205,"27W-GU-ETU2G21-N","27W-GU-ETU2G21-N",182.0,12,38,75.0,50.0,100.0,88.0,0.0,0.0,0.0,,,336.0,182.0,182.0,,,,,,,,,
1206,"27W-GU-ETU2G22-K","27W-GU-ETU2G22-K",182.0,12,38,75.0,50.0,100.0,114.0,0.0,0.0,0.0,,,3.0,182.0,182.0,,,,,,,,,
1207,"27W-GU-ETU2G23-H","27W-GU-ETU2G23-H",182.0,12,38,75.0,50.0,100.0,116.0,0.0,0.0,0.0,,,336.0,182.0,182.0,,,,,,,,,
1208,"27W-GU-ETU2G24-E","27W-GU-ETU2G24-E",182.0,12,38,75.0,50.0,100.0,87.0,0.0,0.0,0.0,,,7.0,182.0,182.0,,,,,,,,,
1209,"27WGU-EECKG7---A","27WGU-EECKG7---A",125.0,12,38,75.0,50.0,100.0,83.0,0.0,0.0,0.0,,,336.0,125.0,125.0,,,,,,,,,
1210,"28W-G-0000000130","28W-G-0000000130",114.0,5,196,75.0,55.0,100.0,45.6,0.0,0.0,0.0,,,336.0,114.0,114.0,,,,,,,,,
1211,"28W-G-000000014Z","28W-G-000000014Z",114.0,5,196,75.0,55.0,100.0,45.6,0.0,0.0,0.0,,,336.0,114.0,114.0,,,,,,,,,
1212,"28W-G-000000041W","28W-G-000000041W",696.0,3,196,75.0,50.0,100.0,278.40000000000003,0.0,0.0,0.0,,,6.0,696.0,696.0,,,,,,,,,
1213,"28W-G-000000054N","28W-G-000000054N",248.0,12,196,75.0,50.0,100.0,99.2,0.0,0.0,0.0,0.0,0.0,0.0,248.0,248.0,0,0.0,0.0,0.0,0.0,0.0,0.0,,
1214,"28W-G-000000055L","28W-G-000000055L",305.0,12,196,75.0,50.0,100.0,150.0,0.0,0.0,0.0,,,336.0,305.0,305.0,,,,,,,,,
1215,"28W-G-000000121Y","28W-G-000000121Y",539.0,12,196,75.0,50.0,100.0,215.60000000000002,0.0,0.0,0.0,,,336.0,539.0,539.0,,,,,,,,,
1216,"28W-G-000000123U","28W-G-000000123U",180.0,16,196,75.0,50.0,100.0,112.0,0.0,0.0,0.0,,,6.0,180.0,180.0,,,,,,,,,
1217,"29WGU-AGDIMI-I-8",Agios Dimitrios 1,274.0,12,78,75.0,50.0,100.0,157.0,0.80198,-0.0012314,0.00000179,,,336.0,274.0,274.0,,,,,,,,,
1218,"29WGU-AGDIMI-II7",Agios Dimitrios 2,274.0,12,78,75.0,50.0,100.0,148.0,0.80198,-0.0012314,0.00000179,,,336.0,274.0,274.0,,,,,,,,,
1219,"29WGU-AGDIMI-IVI",Agios Dimitrios 4,283.0,12,78,75.0,50.0,100.0,152.0,0.80198,-0.0012314,0.00000179,,,336.0,283.0,283.0,,,,,,,,,
1220,"29WGU-AGDIMI-V-6",Agios Dimitrios 5,342.0,12,78,75.0,50.0,100.0,185.0,0.80198,-0.0012314,0.00000179,,,45.0,342.0,342.0,,,,,,,,,
1221,"29WGU-AGDIMIIII5",Agios Dimitrios 3,283.0,12,78,75.0,50.0,100.0,151.0,0.80198,-0.0012314,0.00000179,,,336.0,283.0,283.0,,,,,,,,,
1224,"29WGU-ALIVERI-3U","29WGU-ALIVERI-3U",144.0,14,78,75.0,50.0,100.0,57.6,0.0,0.0,0.0,0.0,0.0,0.0,144.0,144.0,0,0.0,0.0,0.0,0.0,0.0,0.0,,
1225,"29WGU-ALIVERI-4S","29WGU-ALIVERI-4S",144.0,14,78,75.0,50.0,100.0,57.6,0.0,0.0,0.0,0.0,0.0,0.0,144.0,144.0,0,0.0,0.0,0.0,0.0,0.0,0.0,,
1227,"29WGU-ALOUMINIOF",ALOUMINIO,334.0,5,78,75.0,55.0,100.0,135.0,0.27065,-0.00049529,0.000000626,,,4.0,334.0,334.0,,,,,,0.0,,,
1228,"29WGU-AMYNT-I--7",AMYNTEO 1,273.0,12,78,75.0,50.0,100.0,147.0,0.80198,-0.0012314,0.00000179,,,336.0,273.0,273.0,,,,,,,,,
1229,"29WGU-AMYNT-II-O",AMYNTEO 2,273.0,12,78,75.0,50.0,100.0,148.0,0.80198,-0.0012314,0.00000179,,,336.0,273.0,273.0,,,,,,,,,
1230,"29WGU-ASOMATON-J","29WGU-ASOMATON-J",108.0,13,78,75.0,50.0,100.0,46.0,0.0,0.0,0.0,,,5.0,108.0,108.0,,,,,,,,,
1231,"29WGU-ELPEDISTHK",ELPEDISON - THISVI,410.0,5,78,75.0,55.0,100.0,232.0,0.27065,-0.00049529,0.000000626,,,3.0,410.0,410.0,,,,,,,,,
1232,"29WGU-ENERGEITH4",ELPEDISON - THESSALONIKI,400.0,5,78,75.0,55.0,100.0,221.0,0.27065,-0.00049529,0.000000626,,,3.0,400.0,400.0,,,,,,,,22.8797113,40.6867962
1233,"29WGU-HERON-CC-5",HERON CC,422.0,5,78,75.0,58.0,100.0,192.0,0.27065,-0.00049529,0.000000626,,,4.0,422.0,422.0,,,,,,,,,
1234,"29WGU-HERON1---C",HERON 1,49.0,20,78,75.0,50.0,100.0,10.0,0.27065,-0.00049529,0.000000626,,,336.0,49.0,49.0,,,,,,,,,
1235,"29WGU-HERON2---7",HERON 2,49.0,20,78,75.0,50.0,100.0,10.0,0.27065,-0.00049529,0.000000626,,,336.0,49.0,49.0,,,,,,,,,
1236,"29WGU-HERON3---2",HERON 3,49.0,20,78,75.0,50.0,100.0,10.0,0.27065,-0.00049529,0.000000626,,,336.0,49.0,49.0,,,,,,,,,
1237,"29WGU-ILARIONAS4","29WGU-ILARIONAS4",154.0,13,78,75.0,50.0,100.0,55.0,0.0,0.0,0.0,,,18.0,154.0,154.0,,,,,,,,,
1238,"29WGU-KARDIAI--4",Kardia 1,272.0,12,78,75.0,50.0,100.0,147.0,0.80198,-0.0012314,0.00000179,,,336.0,272.0,272.0,,,,,,,,,
1239,"29WGU-KARDIAII-L",Kardia 2,271.0,12,78,75.0,50.0,100.0,152.0,0.80198,-0.0012314,0.00000179,,,336.0,271.0,271.0,,,,,,,,,
1240,"29WGU-KARDIAIIIK",Kardia 3,280.0,12,78,75.0,50.0,100.0,149.0,0.80198,-0.0012314,0.00000179,,,336.0,280.0,280.0,,,,,,,,,
1241,"29WGU-KARDIAIV-J",Kardia 4,280.0,12,78,75.0,50.0,100.0,147.0,0.80198,-0.0012314,0.00000179,,,336.0,280.0,280.0,,,,,,,,,
1242,"29WGU-KASTRAKI-O","29WGU-KASTRAKI-O",320.0,13,78,75.0,50.0,100.0,36.0,0.0,0.0,0.0,,,5.0,320.0,320.0,,,,,,,,,
1243,"29WGU-KOMOTIN-IA",Komotini,476.0,5,78,75.0,55.0,100.0,179.0,0.27065,-0.00049529,0.000000626,,,9.0,476.0,476.0,,,,,,,,,
1244,"29WGU-KORITHPWR3",Korinthos Power,433.0,5,78,75.0,55.0,100.0,186.0,0.27065,-0.00049529,0.000000626,,,4.0,433.0,433.0,,,,,,,,,
1245,"29WGU-KREMASTONG","29WGU-KREMASTONG",437.0,13,78,75.0,50.0,100.0,42.0,0.0,0.0,0.0,,,4.0,437.0,437.0,,,,,,,,,
1246,"29WGU-LAVRIO-I-Z","29WGU-LAVRIO-I-Z",123.0,14,78,75.0,50.0,100.0,49.2,0.0,0.0,0.0,0.0,0.0,0.0,123.0,123.0,0,0.0,0.0,0.0,0.0,0.0,0.0,,
1247,"29WGU-LAVRIO-IIY","29WGU-LAVRIO-IIY",287.0,14,78,75.0,50.0,100.0,114.80000000000001,0.0,0.0,0.0,0.0,0.0,0.0,287.0,287.0,0,0.0,0.0,0.0,0.0,0.0,0.0,,
1248,"29WGU-LAVRIO-IV8",Lavrio 4,550.0,5,78,75.0,55.0,100.0,116.0,0.27065,-0.00049529,0.000000626,,,15.0,550.0,550.0,,,,,,,,24.0655266,37.7462378
1249,"29WGU-LAVRIO-V-X",Lavrio 5,378.0,5,78,75.0,55.0,100.0,227.0,0.27065,-0.00049529,0.000000626,,,11.0,378.0,378.0,,,,,,,,24.0655266,37.7462378
1251,"29WGU-MEGAL-IV-Z",Megalopoli 4,256.0,12,78,75.0,50.0,100.0,115.0,0.80198,-0.0012314,0.00000179,,,336.0,256.0,256.0,,,,,,,,,
1252,"29WGU-MEGAL-V--5",MEGALOPOLI 5,500.0,5,78,75.0,55.0,100.0,195.0,0.27065,-0.00049529,0.000000626,,,336.0,811.0,811.0,,,,,,,,22.0940528,37.4187384
1253,"29WGU-MEGALIII-G",Megalopoli 3,255.0,12,78,75.0,50.0,100.0,170.0,0.80198,-0.0012314,0.00000179,,,336.0,255.0,255.0,,,,,,,,,
1254,"29WGU-MELITII--3",Melitis,289.0,12,78,75.0,50.0,100.0,154.0,0.80198,-0.0012314,0.00000179,,,336.0,289.0,289.0,,,,,,,,,
1255,"29WGU-PLASTIRASN","29WGU-PLASTIRASN",130.0,13,78,75.0,50.0,100.0,38.0,0.0,0.0,0.0,,,40.0,130.0,130.0,,,,,,,,,
1256,"29WGU-POLYFYTO-Q","29WGU-POLYFYTO-Q",375.0,13,78,75.0,50.0,100.0,27.0,0.0,0.0,0.0,,,6.0,375.0,375.0,,,,,,,,,
1257,"29WGU-PROTERGCC2",Protergia,432.0,5,78,75.0,55.0,100.0,163.0,0.27065,-0.00049529,0.000000626,,,5.0,432.0,432.0,,,,,,,,,
1261,"29WGU-THESAVRO1B","29WGU-THESAVRO1B",128.0,16,78,75.0,50.0,100.0,30.0,0.0,0.0,0.0,,,19.0,128.0,128.0,,,,,,,,,
1262,"29WGU-THESAVRO29","29WGU-THESAVRO29",128.0,16,78,75.0,50.0,100.0,31.0,0.0,0.0,0.0,,,19.0,128.0,128.0,,,,,,,,,
1263,"29WGU-THESAVRO37","29WGU-THESAVRO37",128.0,16,78,75.0,50.0,100.0,32.0,0.0,0.0,0.0,,,19.0,128.0,128.0,,,,,,,,,
1264,"29WGU-YISAGRA--N","29WGU-YISAGRA--N",50.0,11,78,75.0,50.0,100.0,14.0,0.0,0.0,0.0,,,17.0,50.0,50.0,,,,,,,,,
1265,"29WGU-YISEDESS-U","29WGU-YISEDESS-U",19.0,11,78,75.0,50.0,100.0,2.0,0.0,0.0,0.0,,,336.0,19.0,19.0,,,,,,,,,
1266,"29WGU-YISLADONAD","29WGU-YISLADONAD",70.0,13,78,75.0,50.0,100.0,30.0,0.0,0.0,0.0,,,7.0,70.0,70.0,,,,,,,,,
1267,"29WGU-YISPAOOU-5","29WGU-YISPAOOU-5",210.0,13,78,75.0,50.0,100.0,26.0,0.0,0.0,0.0,,,15.0,210.0,210.0,,,,,,,,,
1268,"29WGU-YISPLATAN1","29WGU-YISPLATAN1",116.0,13,78,75.0,50.0,100.0,26.0,0.0,0.0,0.0,,,5.0,116.0,116.0,,,,,,,,,
1269,"29WGU-YISPOURN17","29WGU-YISPOURN17",300.0,13,78,75.0,50.0,100.0,120.0,0.0,0.0,0.0,,,20.0,300.0,300.0,,,,,,,,,
1270,"29WGU-YISPOURN25","29WGU-YISPOURN25",34.0,13,78,75.0,50.0,100.0,4.0,0.0,0.0,0.0,,,20.0,34.0,34.0,,,,,,,,,
1271,"29WGU-YISSFIKIAE","29WGU-YISSFIKIAE",315.0,16,78,75.0,50.0,100.0,101.0,0.0,0.0,0.0,,,20.0,315.0,315.0,,,,,,,,,
1272,"29WGU-YISSTRAT1L","29WGU-YISSTRAT1L",150.0,13,78,75.0,50.0,100.0,46.0,0.0,0.0,0.0,,,6.0,150.0,150.0,,,,,,,,,
1273,"30UBRAZBRAZ5---T","30UBRAZBRAZ5---T",98.0,5,180,75.0,55.0,100.0,61.0,0.27065,-0.00049529,0.000000626,,,336.0,98.0,98.0,,,,,,,,,
1274,"30UBRAZBRAZ6---O","30UBRAZBRAZ6---O",98.0,5,180,75.0,55.0,100.0,40.0,0.27065,-0.00049529,0.000000626,,,336.0,98.0,98.0,,,,,,,,,
1275,"30UCERNCERN1---P","30UCERNCERN1---P",650.0,3,180,75.0,50.0,100.0,264.0,0.0,0.0227,0.0,,,7.0,650.0,650.0,,,,,,,,,
1276,"30UCERNCERN2---K","30UCERNCERN2---K",650.0,3,180,75.0,50.0,100.0,258.0,0.0,0.0227,0.0,,,336.0,650.0,650.0,,,,,,,,,
1277,"30UHIDRLOTR2---7","30UHIDRLOTR2---7",170.0,13,180,75.0,50.0,100.0,23.0,0.0,0.0227,0.0,,,5.0,170.0,170.0,,,,,,,,,
1278,"30W-PETR-BRAZ1-W","30W-PETR-BRAZ1-W",832.0,5,180,75.0,55.0,100.0,209.0,0.27065,-0.00049529,0.000000626,,,3.0,832.0,832.0,,,,,,,,,
1279,"30WBRAZBRAZ5---1","30WBRAZBRAZ5---1",98.0,5,180,75.0,55.0,100.0,41.0,0.27065,-0.00049529,0.000000626,,,15.0,98.0,98.0,,,,,,,,,
1280,"30WBRAZBRAZ6---X","30WBRAZBRAZ6---X",98.0,5,180,75.0,55.0,100.0,45.0,0.27065,-0.00049529,0.000000626,,,336.0,98.0,98.0,,,,,,,,,
1281,"30WCERNCERN1---Y","30WCERNCERN1---Y",650.0,3,180,75.0,50.0,100.0,56.0,0.0,0.0227,0.0,,,0.0,650.0,650.0,,,,,,,,,
1282,"30WCERNCERN2---T","30WCERNCERN2---T",650.0,3,180,75.0,50.0,100.0,260.0,0.0,0.0227,0.0,,,0.0,650.0,650.0,,,,,,,,,
1283,"30WCRAICRA21---Y","30WCRAICRA21---Y",120.0,12,180,75.0,50.0,100.0,86.0,0.80198,-0.0012314,0.00000179,,,336.0,120.0,120.0,,,,,,,,,
1284,"30WCRAICRA22---T","30WCRAICRA22---T",120.0,12,180,75.0,50.0,100.0,80.0,0.80198,-0.0012314,0.00000179,,,336.0,120.0,120.0,,,,,,,,,
1285,"30WCRAIISAL7---D","30WCRAIISAL7---D",292.0,12,180,75.0,50.0,100.0,122.0,0.80198,-0.0012314,0.00000179,,,336.0,292.0,292.0,,,,,,,,,
1286,"30WCRAIISAL8---8","30WCRAIISAL8---8",290.0,12,180,75.0,50.0,100.0,122.0,0.80198,-0.0012314,0.00000179,,,336.0,290.0,290.0,,,,,,,,,
1287,"30WELCEBUCU3---2","30WELCEBUCU3---2",84.0,5,180,75.0,55.0,100.0,54.0,0.27065,-0.00049529,0.000000626,,,336.0,84.0,84.0,,,,,,,,,
1288,"30WELCEBUCU4---Y","30WELCEBUCU4---Y",84.0,5,180,75.0,55.0,100.0,55.0,0.27065,-0.00049529,0.000000626,,,336.0,84.0,84.0,,,,,,,,,
1289,"30WELCEBUCU5---T","30WELCEBUCU5---T",112.0,5,180,75.0,55.0,100.0,65.0,0.27065,-0.00049529,0.000000626,,,25.0,112.0,112.0,,,,,,,,,
1290,"30WELCEBUCU6---O","30WELCEBUCU6---O",112.0,5,180,75.0,55.0,100.0,44.800000000000004,0.27065,-0.00049529,0.000000626,,,0.0,112.0,112.0,,,,,,,,,
1291,"30WELCEBUCV1---6","30WELCEBUCV1---6",102.0,5,180,75.0,55.0,100.0,40.800000000000004,0.27065,-0.00049529,0.000000626,,,0.0,102.0,102.0,,,,,,,,,
1292,"30WELCEBUCV2---1","30WELCEBUCV2---1",112.7,5,180,75.0,55.0,100.0,63.0,0.27065,-0.00049529,0.000000626,,,7.0,112.7,112.7,,,,,,,,,
1293,"30WELCEBUCV3---X","30WELCEBUCV3---X",171.0,5,180,75.0,55.0,100.0,96.0,0.27065,-0.00049529,0.000000626,,,3.0,171.0,171.0,,,,,,,,,
1294,"30WELCEIERN1---E","30WELCEIERN1---E",93.7,5,180,75.0,55.0,100.0,61.0,0.27065,-0.00049529,0.000000626,,,336.0,93.7,93.7,,,,,,,,,
1295,"30WELCEIERN2---9","30WELCEIERN2---9",100.0,5,180,75.0,55.0,100.0,40.0,0.27065,-0.00049529,0.000000626,,,0.0,100.0,100.0,,,,,,,,,
1296,"30WELCEIERN3---4","30WELCEIERN3---4",100.0,5,180,75.0,55.0,100.0,40.0,0.27065,-0.00049529,0.000000626,,,0.0,100.0,100.0,,,,,,,,,
1297,"30WELCEIERN5---V","30WELCEIERN5---V",188.0,5,180,75.0,55.0,100.0,70.0,0.27065,-0.00049529,0.000000626,,,336.0,188.0,188.0,,,,,,,,,
1298,"30WELCEIERN6---Q","30WELCEIERN6---Q",188.0,5,180,75.0,55.0,100.0,70.0,0.27065,-0.00049529,0.000000626,,,336.0,188.0,188.0,,,,,,,,,
1299,"30WELCENIERN4--M","30WELCENIERN4--M",94.0,5,180,75.0,55.0,100.0,62.0,0.27065,-0.00049529,0.000000626,,,336.0,94.0,94.0,,,,,,,,,
1300,"30WGALAGALA5---Q","30WGALAGALA5---Q",98.0,5,180,75.0,55.0,100.0,30.0,0.27065,-0.00049529,0.000000626,,,336.0,98.0,98.0,,,,,,,,,
1301,"30WGALAGALA6---L","30WGALAGALA6---L",98.0,5,180,75.0,55.0,100.0,36.0,0.27065,-0.00049529,0.000000626,,,123.0,98.0,98.0,,,,,,,,,
1302,"30WGALATGALA3--G","30WGALATGALA3--G",98.0,5,180,75.0,55.0,100.0,30.0,0.27065,-0.00049529,0.000000626,,,336.0,98.0,98.0,,,,,,,,,
1304,"30WHIDRLOTR1---C","30WHIDRLOTR1---C",169.0,13,180,75.0,50.0,100.0,37.0,0.27065,-0.00049529,0.0,,,5.0,169.0,169.0,,,,,,,,,
1304,"30WHIDRLOTR1---C","30WHIDRLOTR1---C",169.0,13,180,75.0,50.0,100.0,59.0,0.27065,-0.00049529,0.0,,,5.0,169.0,169.0,,,,,,,,,
1305,"30WHIDRLOTR2---G","30WHIDRLOTR2---G",169.0,13,180,75.0,50.0,100.0,18.0,0.27065,0.0,0.0,,,4.0,169.0,169.0,,,,,,,,,
1307,"30WHIDRLOTR3---B","30WHIDRLOTR3---B",169.0,13,180,75.0,50.0,100.0,78.0,0.27065,0.0,0.0,,,5.0,169.0,169.0,,,,,,,,,
1307,"30WHIDRLOTR3---B","30WHIDRLOTR3---B",169.0,13,180,75.0,50.0,100.0,25.0,0.27065,0.0,0.0,,,5.0,169.0,169.0,,,,,,,,,
1308,"30WHIDRPDFE1---R","30WHIDRPDFE1---R",194.0,11,180,75.0,50.0,100.0,128.0,0.27065,0.0,0.0,,,4.0,194.0,194.0,,,,,,,,,
1309,"30WHIDRPDFE2---M","30WHIDRPDFE2---M",194.0,11,180,75.0,50.0,100.0,126.0,0.27065,0.0,0.0,,,4.0,194.0,194.0,,,,,,,,,
1310,"30WHIDRPDFE3---H","30WHIDRPDFE3---H",194.0,11,180,75.0,50.0,100.0,126.0,0.27065,0.0,0.0,,,4.0,194.0,194.0,,,,,,,,,
1311,"30WHIDRPDFE4---C","30WHIDRPDFE4---C",194.0,11,180,75.0,50.0,100.0,127.0,0.27065,0.0,0.0,,,4.0,194.0,194.0,,,,,,,,,
1312,"30WHIDRPDFE5---7","30WHIDRPDFE5---7",194.0,11,180,75.0,50.0,100.0,128.0,0.27065,0.0,0.0,,,4.0,194.0,194.0,,,,,,,,,
1313,"30WHIDRPDFE6---2","30WHIDRPDFE6---2",194.0,11,180,75.0,50.0,100.0,100.0,0.27065,0.0,0.0,,,4.0,194.0,194.0,,,,,,,,,
1314,"30WHIDRRIUM1---1","30WHIDRRIUM1---1",110.0,13,180,75.0,50.0,100.0,110.0,0.27065,0.0,0.0,,,4.0,110.0,110.0,,,,,,,,,
1315,"30WHIDRRIUM2---W","30WHIDRRIUM2---W",100.0,13,180,75.0,50.0,100.0,99.0,0.27065,0.0,0.0,,,7.0,100.0,100.0,,,,,,,,,
1316,"30WMINTMINT2---1","30WMINTMINT2---1",170.0,8,180,75.0,50.0,100.0,56.0,0.44383,-0.00068149,0.000000988,,,336.0,170.0,170.0,,,,,,,,,
1317,"30WMINTMINT3---X","30WMINTMINT3---X",190.0,8,180,75.0,50.0,100.0,66.0,0.44383,-0.00068149,0.000000988,,,336.0,190.0,190.0,,,,,,,,,
1318,"30WMINTMINT4---S","30WMINTMINT4---S",130.0,8,180,75.0,50.0,100.0,52.0,0.44383,-0.00068149,0.000000988,,,0.0,130.0,130.0,,,,,,,,,
1319,"30WMINTMINT5---N","30WMINTMINT5---N",170.0,8,180,75.0,50.0,100.0,56.0,0.44383,-0.00068149,0.000000988,,,336.0,170.0,170.0,,,,,,,,,
1320,"30WMINTMINT6---I","30WMINTMINT6---I",150.0,8,180,75.0,50.0,100.0,60.0,0.44383,-0.00068149,0.000000988,,,0.0,150.0,150.0,,,,,,,,,
1321,"30WROVIROVI3---K","30WROVIROVI3---K",290.0,12,180,75.0,50.0,100.0,190.0,0.80198,-0.0012314,0.00000179,,,336.0,290.0,290.0,,,,,,,,,
1322,"30WROVIROVI4---F","30WROVIROVI4---F",294.0,12,180,75.0,50.0,100.0,172.0,0.80198,-0.0012314,0.00000179,,,336.0,294.0,294.0,,,,,,,,,
1323,"30WROVIROVI5---A","30WROVIROVI5---A",300.0,12,180,75.0,50.0,100.0,120.0,0.80198,-0.0012314,0.00000179,,,0.0,300.0,300.0,,,,,,,,,
1324,"30WROVIROVI6---5","30WROVIROVI6---5",294.0,12,180,75.0,50.0,100.0,162.0,0.80198,-0.0012314,0.00000179,,,336.0,294.0,294.0,,,,,,,,,
1325,"30WTE--BORZ7---3","30WTE--BORZ7---3",194.0,5,180,75.0,55.0,100.0,77.60000000000001,0.27065,-0.00049529,0.000000626,,,0.0,194.0,194.0,,,,,,,,,
1326,"30WTE--BRAI11--0","30WTE--BRAI11--0",227.0,5,180,75.0,55.0,100.0,90.80000000000001,0.27065,-0.00049529,0.000000626,,,0.0,227.0,227.0,,,,,,,,,
1327,"30WTE--BRAI2---3","30WTE--BRAI2---3",210.0,5,180,75.0,55.0,100.0,84.0,0.27065,-0.00049529,0.000000626,,,0.0,210.0,210.0,,,,,,,,,
1328,"30WTE-PARO124--W","30WTE-PARO124--W",130.0,8,180,75.0,50.0,100.0,18.0,0.44383,-0.00068149,0.000000988,,,336.0,130.0,130.0,,,,,,,,,
1329,"30WTURCTURC1---Y","30WTURCTURC1---Y",330.0,12,180,75.0,50.0,100.0,132.0,0.80198,-0.0012314,0.00000179,,,0.0,330.0,330.0,,,,,,,,,
1330,"30WTURCTURC3---O","30WTURCTURC3---O",298.0,12,180,75.0,50.0,100.0,196.0,0.80198,-0.0012314,0.00000179,,,336.0,298.0,298.0,,,,,,,,,
1331,"30WTURCTURC4---J","30WTURCTURC4---J",298.0,12,180,75.0,50.0,100.0,192.0,0.80198,-0.0012314,0.00000179,,,336.0,298.0,298.0,,,,,,,,,
1332,"30WTURCTURC5---E","30WTURCTURC5---E",298.0,12,180,75.0,50.0,100.0,192.0,0.80198,-0.0012314,0.00000179,,,336.0,298.0,298.0,,,,,,,,,
1333,"30WTURCTURC6---9","30WTURCTURC6---9",313.0,12,180,75.0,50.0,100.0,125.2,0.80198,-0.0012314,0.00000179,,,0.0,313.0,313.0,,,,,,,,,
1334,"30WTURCTURC7---4","30WTURCTURC7---4",298.0,12,180,75.0,50.0,100.0,190.0,0.80198,-0.0012314,0.00000179,,,336.0,298.0,298.0,,,,,,,,,
1335,"32W001100100007O","32W001100100007O",190.0,12,27,75.0,50.0,100.0,90.0,0.80198,-0.0012314,0.00000179,,,336.0,190.0,190.0,,,,,,,,,
1336,"32W001100100008M","32W001100100008M",190.0,12,27,75.0,50.0,100.0,42.0,0.80198,-0.0012314,0.00000179,,,336.0,190.0,190.0,,,,,,,,,
1337,"32W001100100009K","32W001100100009K",190.0,12,27,75.0,50.0,100.0,82.0,0.80198,-0.0012314,0.00000179,,,336.0,190.0,190.0,,,,,,,,,
1338,"32W001100100016N","32W001100100016N",1000.0,3,27,75.0,50.0,100.0,447.0,0.0,0.0227,0.0,,,336.0,1000.0,1000.0,,,,,,,,,
1339,"32W001100100017L","32W001100100017L",1000.0,3,27,75.0,50.0,100.0,407.0,0.0,0.0227,0.0,,,336.0,1000.0,1000.0,,,,,,,,,
1340,"32W001100100024O","32W001100100024O",110.0,8,27,75.0,50.0,100.0,44.0,0.44383,-0.00068149,0.000000988,,,0.0,110.0,110.0,,,,,,,,,
1341,"32W001100100037F","32W001100100037F",227.0,12,27,75.0,50.0,100.0,147.0,0.80198,-0.0012314,0.00000179,,,336.0,227.0,227.0,,,,,,,,,
1342,"32W001100100038D","32W001100100038D",227.0,12,27,75.0,50.0,100.0,148.0,0.80198,-0.0012314,0.00000179,,,5.0,227.0,227.0,,,,,,,,,
1343,"32W001100100039B","32W001100100039B",227.0,12,27,75.0,50.0,100.0,146.0,0.80198,-0.0012314,0.00000179,,,336.0,227.0,227.0,,,,,,,,,
1344,"32W001100100040Q","32W001100100040Q",227.0,12,27,75.0,50.0,100.0,147.0,0.80198,-0.0012314,0.00000179,,,336.0,227.0,227.0,,,,,,,,,
1345,"32W001100100041O","32W001100100041O",177.0,12,27,75.0,50.0,100.0,73.0,0.80198,-0.0012314,0.00000179,,,336.0,177.0,177.0,,,,,,,,,
1346,"32W001100100042M","32W001100100042M",165.0,12,27,75.0,50.0,100.0,75.0,0.80198,-0.0012314,0.00000179,,,336.0,165.0,165.0,,,,,,,,,
1347,"32W001100100043K","32W001100100043K",177.0,12,27,75.0,50.0,100.0,71.0,0.80198,-0.0012314,0.00000179,,,336.0,177.0,177.0,,,,,,,,,
1348,"32W001100100044I","32W001100100044I",177.0,12,27,75.0,50.0,100.0,75.0,0.80198,-0.0012314,0.00000179,,,336.0,177.0,177.0,,,,,,,,,
1349,"32W001100100045G","32W001100100045G",230.0,12,27,75.0,50.0,100.0,12.0,0.80198,-0.0012314,0.00000179,,,336.0,230.0,230.0,,,,,,,,,
1350,"32W001100100046E","32W001100100046E",230.0,12,27,75.0,50.0,100.0,12.0,0.80198,-0.0012314,0.00000179,,,336.0,230.0,230.0,,,,,,,,,
1351,"32W001100100047C","32W001100100047C",218.0,12,27,75.0,50.0,100.0,11.0,0.80198,-0.0012314,0.00000179,,,336.0,218.0,218.0,,,,,,,,,
1352,"32W001100100048A","32W001100100048A",230.0,12,27,75.0,50.0,100.0,30.0,0.80198,-0.0012314,0.00000179,,,336.0,230.0,230.0,,,,,,,,,
1353,"32W0011001000498","32W0011001000498",120.0,12,27,75.0,50.0,100.0,55.0,0.80198,-0.0012314,0.00000179,,,336.0,120.0,120.0,,,,,,,,,
1354,"32W0011001000935","32W0011001000935",343.0,12,27,75.0,50.0,100.0,167.0,0.80198,-0.0012314,0.00000179,,,336.0,343.0,343.0,,,,,,,,,
1355,"32W0011001000943","32W0011001000943",343.0,12,27,75.0,50.0,100.0,167.0,0.80198,-0.0012314,0.00000179,,,336.0,343.0,343.0,,,,,,,,,
1356,"33W-HECVRUTOKG1B","33W-HECVRUTOKG1B",37.5,11,149,75.0,50.0,100.0,15.0,0.0,0.0,0.0,0.0,0.0,0.0,37.5,37.5,0,0.0,0.0,0.0,0.0,0.0,0.0,,
1357,"33W-HECVRUTOKG29","33W-HECVRUTOKG29",37.5,11,149,75.0,50.0,100.0,15.0,0.0,0.0,0.0,0.0,0.0,0.0,37.5,37.5,0,0.0,0.0,0.0,0.0,0.0,0.0,,
1358,"33W-HECVRUTOKG37","33W-HECVRUTOKG37",37.5,11,149,75.0,50.0,100.0,15.0,0.0,0.0,0.0,0.0,0.0,0.0,37.5,37.5,0,0.0,0.0,0.0,0.0,0.0,0.0,,
1359,"33W-HECVRUTOKG45","33W-HECVRUTOKG45",37.5,11,149,75.0,50.0,100.0,15.0,0.0,0.0,0.0,0.0,0.0,0.0,37.5,37.5,0,0.0,0.0,0.0,0.0,0.0,0.0,,
1360,"33W-TE-TO-GEN1-E","33W-TE-TO-GEN1-E",175.0,5,149,75.0,55.0,100.0,70.0,0.0,0.0,0.0,0.0,0.0,0.0,175.0,175.0,0,0.0,0.0,0.0,0.0,0.0,0.0,,
1361,"33W-TE-TO-GEN2-B","33W-TE-TO-GEN2-B",76.0,5,149,75.0,55.0,100.0,30.400000000000002,0.0,0.0,0.0,0.0,0.0,0.0,76.0,76.0,0,0.0,0.0,0.0,0.0,0.0,0.0,,
1362,"33W-TECBITOLAG1Q","33W-TECBITOLAG1Q",233.0,12,149,75.0,50.0,100.0,93.2,0.0,0.0,0.0,0.0,0.0,0.0,233.0,233.0,0,0.0,0.0,0.0,0.0,0.0,0.0,,
1363,"33W-TECBITOLAG2O","33W-TECBITOLAG2O",233.0,12,149,75.0,50.0,100.0,93.2,0.0,0.0,0.0,0.0,0.0,0.0,233.0,233.0,0,0.0,0.0,0.0,0.0,0.0,0.0,,
1364,"33W-TECBITOLAG3M","33W-TECBITOLAG3M",233.0,12,149,75.0,50.0,100.0,93.2,0.0,0.0,0.0,0.0,0.0,0.0,233.0,233.0,0,0.0,0.0,0.0,0.0,0.0,0.0,,
1365,"33WHECTIKVESG1-3","33WHECTIKVESG1-3",28.5,13,149,75.0,50.0,100.0,11.4,0.0,0.0,0.0,0.0,0.0,0.0,28.5,28.5,0,0.0,0.0,0.0,0.0,0.0,0.0,,
1366,"33WHECTIKVESG2-0","33WHECTIKVESG2-0",28.5,13,149,75.0,50.0,100.0,11.4,0.0,0.0,0.0,0.0,0.0,0.0,28.5,28.5,0,0.0,0.0,0.0,0.0,0.0,0.0,,
1367,"33WHECTIKVESG3-Y","33WHECTIKVESG3-Y",28.5,13,149,75.0,50.0,100.0,11.4,0.0,0.0,0.0,0.0,0.0,0.0,28.5,28.5,0,0.0,0.0,0.0,0.0,0.0,0.0,,
1368,"33WHECTIKVESG4-V","33WHECTIKVESG4-V",28.5,13,149,75.0,50.0,100.0,11.4,0.0,0.0,0.0,0.0,0.0,0.0,28.5,28.5,0,0.0,0.0,0.0,0.0,0.0,0.0,,
1369,"33WTECOSLOMEJG1V","33WTECOSLOMEJG1V",125.0,12,149,75.0,50.0,100.0,50.0,0.0,0.0,0.0,0.0,0.0,0.0,125.0,125.0,0,0.0,0.0,0.0,0.0,0.0,0.0,,
1370,"34WEHP-BBASHG1-V","34WEHP-BBASHG1-V",105.0,11,188,75.0,50.0,100.0,42.0,0.0,0.0,0.0,0.0,0.0,0.0,105.0,105.0,0,0.0,0.0,0.0,0.0,0.0,0.0,,
1371,"34WEHP-BBASHG2-S","34WEHP-BBASHG2-S",105.0,11,188,75.0,50.0,100.0,42.0,0.0,0.0,0.0,0.0,0.0,0.0,105.0,105.0,0,0.0,0.0,0.0,0.0,0.0,0.0,,
1372,"34WEHP-BBASHG3-P","34WEHP-BBASHG3-P",105.0,11,188,75.0,50.0,100.0,42.0,0.0,0.0,0.0,0.0,0.0,0.0,105.0,105.0,0,0.0,0.0,0.0,0.0,0.0,0.0,,
1373,"34WEHP-BBASHG4-M","34WEHP-BBASHG4-M",105.0,11,188,75.0,50.0,100.0,42.0,0.0,0.0,0.0,0.0,0.0,0.0,105.0,105.0,0,0.0,0.0,0.0,0.0,0.0,0.0,,
1374,"34WEHP-DJE-1G1-R","34WEHP-DJE-1G1-R",176.3,11,188,75.0,50.0,100.0,70.52000000000001,0.0,0.0,0.0,0.0,0.0,0.0,176.3,176.3,0,0.0,0.0,0.0,0.0,0.0,0.0,,
1375,"34WEHP-DJE-1G2-O","34WEHP-DJE-1G2-O",176.3,11,188,75.0,50.0,100.0,70.52000000000001,0.0,0.0,0.0,0.0,0.0,0.0,176.3,176.3,0,0.0,0.0,0.0,0.0,0.0,0.0,,
1376,"34WEHP-DJE-1G3-L","34WEHP-DJE-1G3-L",176.3,11,188,75.0,50.0,100.0,70.52000000000001,0.0,0.0,0.0,0.0,0.0,0.0,176.3,176.3,0,0.0,0.0,0.0,0.0,0.0,0.0,,
1377,"34WEHP-DJE-1G4-I","34WEHP-DJE-1G4-I",190.0,11,188,75.0,50.0,100.0,76.0,0.0,0.0,0.0,0.0,0.0,0.0,190.0,190.0,0,0.0,0.0,0.0,0.0,0.0,0.0,,
1378,"34WEHP-DJE-1G6-C","34WEHP-DJE-1G6-C",190.0,11,188,75.0,50.0,100.0,76.0,0.0,0.0,0.0,0.0,0.0,0.0,190.0,190.0,0,0.0,0.0,0.0,0.0,0.0,0.0,,
1379,"34WEHR-BBASRG1-X","34WEHR-BBASRG1-X",307.0,16,188,75.0,50.0,100.0,122.80000000000001,0.0,0.0,0.0,0.0,0.0,0.0,307.0,307.0,0,0.0,0.0,0.0,0.0,0.0,0.0,,
1380,"34WEHR-BBASRG2-U","34WEHR-BBASRG2-U",307.0,16,188,75.0,50.0,100.0,122.80000000000001,0.0,0.0,0.0,0.0,0.0,0.0,307.0,307.0,0,0.0,0.0,0.0,0.0,0.0,0.0,,
1381,"34WETG-NOSADG1-Z","34WETG-NOSADG1-Z",135.0,1,188,75.0,50.0,100.0,54.0,0.0,0.0,0.0,0.0,0.0,0.0,135.0,135.0,0,0.0,0.0,0.0,0.0,0.0,0.0,,
1382,"34WETG-NOSADG2-W","34WETG-NOSADG2-W",120.0,1,188,75.0,50.0,100.0,48.0,0.0,0.0,0.0,0.0,0.0,0.0,120.0,120.0,0,0.0,0.0,0.0,0.0,0.0,0.0,,
1383,"34WETG-ZRENJG1-4","34WETG-ZRENJG1-4-c",100.0,1,188,75.0,50.0,100.0,30.0,0.0,0.0,0.0,0.0,0.0,0.0,0.0,0.0,0,0.0,0.0,0.0,0.0,0.0,0.0,,
1384,"34WETL-KOSTAG1-J","34WETL-KOSTAG1-J",100.0,12,188,75.0,50.0,100.0,40.0,0.0,0.0,0.0,0.0,0.0,0.0,100.0,100.0,0,0.0,0.0,0.0,0.0,0.0,0.0,,
1385,"34WETL-KOSTAG2-G","34WETL-KOSTAG2-G",210.0,12,188,75.0,50.0,100.0,84.0,0.0,0.0,0.0,0.0,0.0,0.0,210.0,210.0,0,0.0,0.0,0.0,0.0,0.0,0.0,,
1386,"34WETL-KOSTBG1-E","34WETL-KOSTBG1-E",348.5,12,188,75.0,50.0,100.0,139.4,0.0,0.0,0.0,0.0,0.0,0.0,348.5,348.5,0,0.0,0.0,0.0,0.0,0.0,0.0,,
1387,"34WETL-KOSTBG2-B","34WETL-KOSTBG2-B",348.5,12,188,75.0,50.0,100.0,139.4,0.0,0.0,0.0,0.0,0.0,0.0,348.5,348.5,0,0.0,0.0,0.0,0.0,0.0,0.0,,
1388,"34WETL-MORAVG1-H","34WETL-MORAVG1-H",125.0,12,188,75.0,50.0,100.0,50.0,0.0,0.0,0.0,0.0,0.0,0.0,125.0,125.0,0,0.0,0.0,0.0,0.0,0.0,0.0,,
1389,"34WETL-TENTAG1-G","34WETL-TENTAG1-G",210.0,12,188,75.0,50.0,100.0,84.0,0.0,0.0,0.0,0.0,0.0,0.0,210.0,210.0,0,0.0,0.0,0.0,0.0,0.0,0.0,,
1390,"34WETL-TENTAG2-D","34WETL-TENTAG2-D",210.0,12,188,75.0,50.0,100.0,84.0,0.0,0.0,0.0,0.0,0.0,0.0,210.0,210.0,0,0.0,0.0,0.0,0.0,0.0,0.0,,
1391,"34WETL-TENTAG3-A","34WETL-TENTAG3-A",329.0,12,188,75.0,50.0,100.0,131.6,0.0,0.0,0.0,0.0,0.0,0.0,329.0,329.0,0,0.0,0.0,0.0,0.0,0.0,0.0,,
1392,"34WETL-TENTAG4-7","34WETL-TENTAG4-7",308.5,12,188,75.0,50.0,100.0,123.4,0.0,0.0,0.0,0.0,0.0,0.0,308.5,308.5,0,0.0,0.0,0.0,0.0,0.0,0.0,,
1393,"34WETL-TENTAG5-4","34WETL-TENTAG5-4",340.0,12,188,75.0,50.0,100.0,136.0,0.0,0.0,0.0,0.0,0.0,0.0,340.0,340.0,0,0.0,0.0,0.0,0.0,0.0,0.0,,
1394,"34WETL-TENTAG6-1","34WETL-TENTAG6-1",347.5,12,188,75.0,50.0,100.0,139.0,0.0,0.0,0.0,0.0,0.0,0.0,347.5,347.5,0,0.0,0.0,0.0,0.0,0.0,0.0,,
1395,"34WETL-TENTBG1-B","34WETL-TENTBG1-B",650.0,12,188,75.0,50.0,100.0,260.0,0.0,0.0,0.0,0.0,0.0,0.0,650.0,650.0,0,0.0,0.0,0.0,0.0,0.0,0.0,,
1396,"34WETL-TENTBG2-8","34WETL-TENTBG2-8",650.0,12,188,75.0,50.0,100.0,260.0,0.0,0.0,0.0,0.0,0.0,0.0,650.0,650.0,0,0.0,0.0,0.0,0.0,0.0,0.0,,
1397,"36W-H-CAPLJ-G1-K","36W-H-CAPLJ-G1-K",210.0,16,23,75.0,50.0,100.0,84.0,0.0,0.0,0.0,,,7.0,210.0,210.0,,,,,,,,,
1398,"36W-H-CAPLJ-G2-H","36W-H-CAPLJ-G2-H",220.0,16,23,75.0,50.0,100.0,141.0,0.0,0.0,0.0,,,4.0,220.0,220.0,,,,,,,,,
1399,"36W-H-DUBR--G2-H","36W-H-DUBR--G2-H",126.0,13,23,75.0,50.0,100.0,55.0,0.0,0.0,0.0,,,336.0,126.0,126.0,,,,,,,,,
1400,"36W-H-VISEG-G1-N","36W-H-VISEG-G1-N",105.0,13,23,75.0,50.0,100.0,69.0,0.0,0.0,0.0,,,6.0,105.0,105.0,,,,,,,,,
1401,"36W-H-VISEG-G2-K","36W-H-VISEG-G2-K",105.0,13,23,75.0,50.0,100.0,69.0,0.0,0.0,0.0,,,5.0,105.0,105.0,,,,,,,,,
1402,"36W-H-VISEG-G3-H","36W-H-VISEG-G3-H",105.0,13,23,75.0,50.0,100.0,69.0,0.0,0.0,0.0,,,7.0,105.0,105.0,,,,,,,,,
1403,"36W-TE-GACKO1--G","36W-TE-GACKO1--G",269.0,8,23,75.0,50.0,100.0,107.60000000000001,0.0,0.0,0.0,,,6.0,269.0,269.0,,,,,,,,,
1404,"36W-TE-KAKANJ5-A","36W-TE-KAKANJ5-A",100.0,8,23,75.0,50.0,100.0,40.0,0.0,0.0,0.0,,,336.0,100.0,100.0,,,,,,,,,
1405,"36W-TE-KAKANJ6-7","36W-TE-KAKANJ6-7",100.0,8,23,75.0,50.0,100.0,40.0,0.0,0.0,0.0,,,336.0,100.0,100.0,,,,,,,,,
1406,"36W-TE-KAKANJ7-4","36W-TE-KAKANJ7-4",216.0,8,23,75.0,50.0,100.0,92.0,0.0,0.0,0.0,,,336.0,216.0,216.0,,,,,,,,,
1407,"36W-TE-STANAG1-F","36W-TE-STANAG1-F",300.0,12,23,75.0,50.0,100.0,120.0,0.0,0.0,0.0,,,6.0,300.0,300.0,,,,,,,,,
1408,"36W-TE-TUZLA4--0","36W-TE-TUZLA4--0",200.0,8,23,75.0,50.0,100.0,133.0,0.0,0.0,0.0,,,336.0,200.0,200.0,,,,,,,,,
1409,"36W-TE-TUZLA5--X","36W-TE-TUZLA5--X",200.0,8,23,75.0,50.0,100.0,133.0,0.0,0.0,0.0,,,336.0,200.0,200.0,,,,,,,,,
1410,"36W-TE-TUZLA6--T","36W-TE-TUZLA6--T",230.0,8,23,75.0,50.0,100.0,150.0,0.0,0.0,0.0,,,336.0,230.0,230.0,,,,,,,,,
1411,"36W-TE-UGLJEV1-5","36W-TE-UGLJEV1-5",269.0,8,23,75.0,50.0,100.0,107.60000000000001,0.0,0.0,0.0,,,77.0,269.0,269.0,,,,,,,,,
1412,"38W-KTJ-AUV-G1-8","38W-KTJ-AUV-G1-8",270.0,17,51,75.0,50.0,100.0,132.0,0.0,0.0,0.0,,,336.0,270.0,270.0,,,,,,,,,
1413,"38W-MT--BEJG09-J","38W-MT--BEJG09-J",140.0,17,51,75.0,50.0,100.0,56.0,0.0,0.0,0.0,,,336.0,140.0,140.0,,,,,,,,,
1414,"38W-MT--BEJG10-5","38W-MT--BEJG10-5",140.0,17,51,75.0,50.0,100.0,56.0,0.0,0.0,0.0,,,3.0,140.0,140.0,,,,,,,,,
1415,"38W-MT--BEJG11-2","38W-MT--BEJG11-2",192.0,17,51,75.0,50.0,100.0,90.0,0.0,0.0,0.0,,,336.0,192.0,192.0,,,,,,,,,
1416,"38W-MT--BEJG1Q-1","38W-MT--BEJG1Q-1",140.0,17,51,75.0,50.0,100.0,68.0,0.0,0.0,0.0,,,3.0,140.0,140.0,,,,,,,,,
1417,"38W-MT--EEJG1--L","38W-MT--EEJG1--L",167.0,17,51,75.0,50.0,100.0,80.0,0.0,0.0,0.0,,,3.0,167.0,167.0,,,,,,,,,
1418,"38W-MT--EEJG2--H","38W-MT--EEJG2--H",167.0,17,51,75.0,50.0,100.0,80.0,0.0,0.0,0.0,,,3.0,167.0,167.0,,,,,,,,,
1419,"38W-MT--EEJG3--D","38W-MT--EEJG3--D",164.0,17,51,75.0,50.0,100.0,82.0,0.0,0.0,0.0,,,46.0,164.0,164.0,,,,,,,,,
1420,"38W-MT--EEJG4--9","38W-MT--EEJG4--9",164.0,17,51,75.0,50.0,100.0,82.0,0.0,0.0,0.0,,,3.0,164.0,164.0,,,,,,,,,
1421,"38W-MT--EEJG5--5","38W-MT--EEJG5--5",173.0,17,51,75.0,50.0,100.0,90.0,0.0,0.0,0.0,,,3.0,173.0,173.0,,,,,,,,,
1422,"38W-MT--EEJG6--1","38W-MT--EEJG6--1",173.0,17,51,75.0,50.0,100.0,90.0,0.0,0.0,0.0,,,0.0,173.0,173.0,,,,,,,,,
1423,"38W-MT--EEJG7--Y","38W-MT--EEJG7--Y",167.0,17,51,75.0,50.0,100.0,80.0,0.0,0.0,0.0,,,3.0,167.0,167.0,,,,,,,,,
1424,"38W-MT--EEJG8--U","38W-MT--EEJG8--U",194.0,17,51,75.0,50.0,100.0,100.0,0.0,0.0,0.0,,,3.0,194.0,194.0,,,,,,,,,
1425,"41WKHAE-----HA1Q","41WKHAE-----HA1Q",225.0,16,131,75.0,50.0,100.0,49.0,0.0,0.0,0.0,,,9.0,225.0,225.0,,,,,,,,,
1426,"41WKHAE-----HA2O","41WKHAE-----HA2O",225.0,16,131,75.0,50.0,100.0,49.0,0.0,0.0,0.0,,,9.0,225.0,225.0,,,,,,,,,
1427,"41WKHAE-----HA3M","41WKHAE-----HA3M",225.0,16,131,75.0,50.0,100.0,49.0,0.0,0.0,0.0,,,9.0,225.0,225.0,,,,,,,,,
1428,"41WKHAE-----HA4K","41WKHAE-----HA4K",225.0,16,131,75.0,50.0,100.0,49.0,0.0,0.0,0.0,,,20.0,225.0,225.0,,,,,,,,,
1429,"41WKTE------TG2V","41WKTE------TG2V",110.0,5,131,75.0,55.0,100.0,36.0,0.0,0.0,0.0,,,336.0,110.0,110.0,,,,,,,,,
1430,"41WLE-------TG5O","41WLE-------TG5O",300.0,5,131,75.0,55.0,100.0,120.0,0.0,0.0,0.0,0.0,0.0,0.0,300.0,300.0,0,0.0,0.0,0.0,0.0,0.0,0.0,,
1431,"41WLE-------TG6M","41WLE-------TG6M",300.0,5,131,75.0,55.0,100.0,120.0,0.0,0.0,0.0,0.0,0.0,0.0,300.0,300.0,0,0.0,0.0,0.0,0.0,0.0,0.0,,
1432,"41WLE-------TG7K","41WLE-------TG7K",300.0,5,131,75.0,55.0,100.0,138.0,0.0,0.0,0.0,,,11.0,300.0,300.0,,,,,,,,,
1433,"41WLE-------TG8I","41WLE-------TG8I",300.0,5,131,75.0,55.0,100.0,128.0,0.0,0.0,0.0,,,336.0,300.0,300.0,,,,,,,,,
1434,"41WLE-------TG9G","41WLE-------TG9G",445.0,5,131,75.0,55.0,100.0,172.0,0.0,0.0,0.0,,,336.0,445.0,445.0,,,,,,,,,
1435,"41WVE3------TG16","41WVE3------TG16",180.0,5,131,75.0,55.0,100.0,72.0,0.0,0.0,0.0,,,0.0,180.0,180.0,,,,,,,,,
1436,"41WVE3------TG24","41WVE3------TG24",180.0,5,131,75.0,55.0,100.0,72.0,0.0,0.0,0.0,,,0.0,180.0,180.0,,,,,,,,,
1437,"43W-PLAV-HG4---U","43W-PLAV-HG4---U",100.0,11,126,75.0,50.0,100.0,5.0,0.0,0.0,0.0,,,9.0,100.0,100.0,,,,,,,,,
1438,"43W-RTEC-2-GG1-B","43W-RTEC-2-GG1-B",291.0,5,126,75.0,55.0,100.0,101.0,0.0,0.0,0.0,,,336.0,291.0,291.0,,,,,,,,,
1439,"43W-RTEC-2-GG2-8","43W-RTEC-2-GG2-8",291.0,5,126,75.0,55.0,100.0,116.4,0.0,0.0,0.0,,,336.0,291.0,291.0,,,,,,,,,
1440,"43W-RTEC-2-TG1-K","43W-RTEC-2-TG1-K",150.0,5,126,75.0,55.0,100.0,92.0,0.0,0.0,0.0,,,336.0,150.0,150.0,,,,,,,,,
1441,"43W-RTEC-2-TG2-H","43W-RTEC-2-TG2-H",149.0,5,126,75.0,55.0,100.0,83.0,0.0,0.0,0.0,,,336.0,149.0,149.0,,,,,,,,,
1442,"44W-00000000006L","44W-00000000006L",125.0,1,55,75.0,50.0,100.0,70.0,0.0,0.0,0.0,,,5.0,125.0,125.0,,,,,,,,,
1443,"44W-00000000009F","44W-00000000009F",146.0,8,55,75.0,50.0,100.0,46.0,0.0,0.0,0.0,,,336.0,146.0,146.0,,,,,,,,,
1444,"44W-00000000010U","44W-00000000010U",260.0,10,55,75.0,50.0,100.0,162.0,0.0,0.0,0.0,,,9.0,260.0,260.0,,,,,,,,,
1445,"44W-T-KT-100000D","44W-T-KT-100000D",163.0,14,55,75.0,50.0,100.0,65.2,0.0,0.0,0.0,,,3.0,163.0,163.0,,,,,,,,,
1446,"44W-T-KT-100001B","44W-T-KT-100001B",163.0,14,55,75.0,50.0,100.0,65.2,0.0,0.0,0.0,,,3.0,163.0,163.0,,,,,,,,,
1447,"44W-T-LV-100000M","44W-T-LV-100000M",230.0,8,55,75.0,50.0,100.0,92.0,0.0,0.0,0.0,0.0,0.0,0.0,230.0,230.0,0,0.0,0.0,0.0,0.0,0.0,0.0,,
1448,"44W-T-LV-100001K","44W-T-LV-100001K",230.0,8,55,75.0,50.0,100.0,92.0,0.0,0.0,0.0,0.0,0.0,0.0,230.0,230.0,0,0.0,0.0,0.0,0.0,0.0,0.0,,
1449,"44W-T-LV-100003G","44W-T-LV-100003G",210.0,14,55,75.0,50.0,100.0,84.0,0.0,0.0,0.0,,,0.0,210.0,210.0,,,,,,,,,
1450,"44W-T-LV-100004E","44W-T-LV-100004E",240.0,8,55,75.0,50.0,100.0,96.0,0.0,0.0,0.0,,,0.0,240.0,240.0,,,,,,,,,
1451,"44W-T-LV-100005C","44W-T-LV-100005C",565.0,8,55,75.0,50.0,100.0,217.0,0.0,0.0,0.0,,,4.0,565.0,565.0,,,,,,,,,
1452,"44W-T-LV-100006A","44W-T-LV-100006A",240.0,8,55,75.0,50.0,100.0,96.0,0.0,0.0,0.0,,,0.0,240.0,240.0,,,,,,,,,
1453,"44W-T-LV-1000078","44W-T-LV-1000078",160.0,14,55,75.0,50.0,100.0,64.0,0.0,0.0,0.0,,,0.0,160.0,160.0,,,,,,,,,
1454,"44W-T-LV-1000086","44W-T-LV-1000086",150.0,18,55,75.0,50.0,100.0,44.0,0.0,0.0,0.0,,,336.0,150.0,150.0,,,,,,,,,
1455,"44W-T-YT-100000L","44W-T-YT-100000L",105.0,8,55,75.0,50.0,100.0,67.0,0.0,0.0,0.0,,,336.0,105.0,105.0,,,,,,,,,
1456,"44W-T-YT-100001J","44W-T-YT-100001J",105.0,8,55,75.0,50.0,100.0,58.0,0.0,0.0,0.0,,,336.0,105.0,105.0,,,,,,,,,
1457,"44W-T-YT-100005B","44W-T-YT-100005B",115.0,8,55,75.0,50.0,100.0,46.0,0.0,0.0,0.0,,,336.0,115.0,115.0,,,,,,,,,
1458,"44W-T-YT-1000069","44W-T-YT-1000069",105.0,8,55,75.0,50.0,100.0,65.0,0.0,0.0,0.0,,,336.0,105.0,105.0,,,,,,,,,
1459,"44W-T-YT-1000077","44W-T-YT-1000077",105.0,8,55,75.0,50.0,100.0,42.0,0.0,0.0,0.0,,,336.0,105.0,105.0,,,,,,,,,
1460,"44W-T-YT-100010I","44W-T-YT-100010I",155.0,8,55,75.0,50.0,100.0,90.0,0.0,0.0,0.0,,,8.0,155.0,155.0,,,,,,,,,
1461,"44W-T-YT-100011G","44W-T-YT-100011G",120.0,18,55,75.0,50.0,100.0,42.0,0.0,0.0,0.0,,,0.0,120.0,120.0,,,,,,,,,
1462,"44W-T-YT-100014A","44W-T-YT-100014A",170.0,5,55,75.0,55.0,100.0,68.0,0.0,0.0,0.0,,,336.0,170.0,170.0,,,,,,,,,
1463,"44W-T-YT-1000166","44W-T-YT-1000166",120.0,18,55,75.0,50.0,100.0,48.0,0.0,0.0,0.0,,,336.0,120.0,120.0,,,,,,,,,
1464,"44W-T-YT-1000174","44W-T-YT-1000174",223.0,8,55,75.0,50.0,100.0,60.0,0.0,0.0,0.0,,,336.0,223.0,223.0,,,,,,,,,
1465,"44W-T-YT-1000182","44W-T-YT-1000182",160.0,5,55,75.0,55.0,100.0,64.0,0.0,0.0,0.0,,,336.0,160.0,160.0,,,,,,,,,
1466,"44W-T-YT-1000190","44W-T-YT-1000190",160.0,5,55,75.0,55.0,100.0,84.0,0.0,0.0,0.0,,,0.0,160.0,160.0,,,,,,,,,
1467,"44W-T-YT-100020F","44W-T-YT-100020F",160.0,5,55,75.0,55.0,100.0,55.0,0.0,0.0,0.0,,,0.0,160.0,160.0,,,,,,,,,
1468,"44W-T-YT-100021D","44W-T-YT-100021D",240.0,18,55,75.0,50.0,100.0,96.0,0.0,0.0,0.0,,,336.0,240.0,240.0,,,,,,,,,
1469,"44W-T-YT-100022B","44W-T-YT-100022B",125.0,10,55,75.0,50.0,100.0,21.0,0.0,0.0,0.0,,,5.0,125.0,125.0,,,,,,,,,
1470,"44W-T-YT-1000239","44W-T-YT-1000239",190.0,18,55,75.0,50.0,100.0,76.0,0.0,0.0,0.0,,,93.0,190.0,190.0,,,,,,,,,
1471,"44W-T-YT-1000247","44W-T-YT-1000247",170.0,8,55,75.0,50.0,100.0,68.0,0.0,0.0,0.0,,,336.0,170.0,170.0,,,,,,,,,
1472,"44W-T-YV-1000003","44W-T-YV-1000003",248.0,3,55,75.0,50.0,100.0,153.0,0.0,0.0,0.0,,,336.0,248.0,248.0,,,,,,,,,
1473,"44W-T-YV-1000011","44W-T-YV-1000011",248.0,3,55,75.0,50.0,100.0,131.0,0.0,0.0,0.0,,,336.0,248.0,248.0,,,,,,,,,
1474,"44W-T-YV-100003Y","44W-T-YV-100003Y",248.0,3,55,75.0,50.0,100.0,115.0,0.0,0.0,0.0,,,14.0,248.0,248.0,,,,,,,,,
1475,"44W-T-YV-100004W","44W-T-YV-100004W",248.0,3,55,75.0,50.0,100.0,42.0,0.0,0.0,0.0,,,3.0,248.0,248.0,,,,,,,,,
1476,"44W-T-YV-100005U","44W-T-YV-100005U",890.0,3,55,75.0,50.0,100.0,450.0,0.0,0.0,0.0,,,336.0,890.0,890.0,,,,,,,,,
1477,"44W-T-YV-100006S","44W-T-YV-100006S",890.0,3,55,75.0,50.0,100.0,592.0,0.0,0.0,0.0,,,336.0,890.0,890.0,,,,,,,,,
1478,"45W000000000026O","45W000000000026O",260.0,14,49,75.0,50.0,100.0,63.0,0.0,0.0,0.0,,,6.0,260.0,260.0,,,,,,,,,
1479,"45W000000000027M","45W000000000027M",260.0,14,49,75.0,50.0,100.0,13.0,0.0,0.0,0.0,,,336.0,260.0,260.0,,,,,,,,,
1480,"45W000000000029I","45W000000000029I",250.0,10,49,75.0,50.0,100.0,160.0,0.0,0.0,0.0,,,3.0,250.0,250.0,,,,,,,,,
1481,"45W000000000030X","45W000000000030X",565.0,10,49,75.0,50.0,100.0,288.0,0.0,0.0,0.0,,,3.0,565.0,565.0,,,,,,,,,
1482,"45W000000000031V","45W000000000031V",392.0,10,49,75.0,50.0,100.0,56.0,0.0,0.0,0.0,,,3.0,392.0,392.0,,,,,,,,,
1483,"45W000000000032T","45W000000000032T",147.0,8,49,75.0,50.0,100.0,16.0,0.0,0.0,0.0,,,336.0,147.0,147.0,,,,,,,,,
1484,"45W000000000033R","45W000000000033R",640.0,8,49,75.0,50.0,100.0,226.0,0.0,0.0,0.0,,,82.0,640.0,640.0,,,,,,,,,
1485,"45W000000000034P","45W000000000034P",250.0,8,49,75.0,50.0,100.0,110.0,0.0,0.0,0.0,,,19.0,250.0,250.0,,,,,,,,,
1486,"45W000000000035N","45W000000000035N",372.0,8,49,75.0,50.0,100.0,45.0,0.0,0.0,0.0,,,336.0,372.0,372.0,,,,,,,,,
1487,"45W000000000036L","45W000000000036L",359.0,10,49,75.0,50.0,100.0,120.0,0.0,0.0,0.0,,,0.0,359.0,359.0,,,,,,,,,
1488,"45W000000000037J","45W000000000037J",357.0,8,49,75.0,50.0,100.0,53.0,0.0,0.0,0.0,,,336.0,357.0,357.0,,,,,,,,,
1489,"45W000000000038H","45W000000000038H",380.0,8,49,75.0,50.0,100.0,103.0,0.0,0.0,0.0,,,336.0,380.0,380.0,,,,,,,,,
1490,"45W000000000039F","45W000000000039F",285.0,8,49,75.0,50.0,100.0,114.0,0.0,0.0,0.0,0.0,0.0,0.0,285.0,285.0,0,0.0,0.0,0.0,0.0,0.0,0.0,,
1491,"45W000000000040U","45W000000000040U",377.0,8,49,75.0,50.0,100.0,62.0,0.0,0.0,0.0,,,27.0,377.0,377.0,,,,,,,,,
1492,"45W000000000042Q","45W000000000042Q",264.0,8,49,75.0,50.0,100.0,105.60000000000001,0.0,0.0,0.0,0.0,0.0,0.0,264.0,264.0,0,0.0,0.0,0.0,0.0,0.0,0.0,,
1493,"45W000000000043O","45W000000000043O",626.0,8,49,75.0,50.0,100.0,250.4,0.0,0.0,0.0,0.0,0.0,0.0,626.0,626.0,0,0.0,0.0,0.0,0.0,0.0,0.0,,
1494,"45W000000000044M","45W000000000044M",165.6,6,49,75.0,50.0,100.0,15.0,0.0,0.0,0.0,,,3.0,165.6,165.6,,,,,,,,,
1495,"45W000000000045K","45W000000000045K",207.0,6,49,75.0,50.0,100.0,12.0,0.0,0.0,0.0,,,3.0,207.0,207.0,,,,,,,,,
1496,"45W000000000046I","45W000000000046I",399.6,6,49,75.0,50.0,100.0,21.0,0.0,0.0,0.0,,,3.0,399.6,399.6,,,,,,,,,
1497,"45W000000000047G","45W000000000047G",160.0,6,49,75.0,50.0,100.0,50.0,0.0,0.0,0.0,,,3.0,160.0,160.0,,,,,,,,,
1498,"45W000000000048E","45W000000000048E",209.3,6,49,75.0,50.0,100.0,12.0,0.0,0.0,0.0,,,3.0,209.3,209.3,,,,,,,,,
1499,"45W000000000099Y","45W000000000099Y",108.2,5,49,75.0,55.0,100.0,47.0,0.0,0.0,0.0,,,5.0,108.2,108.2,,,,,,,,,
1500,"45W000000000113T","45W000000000113T",149.0,10,49,75.0,50.0,100.0,79.0,0.0,0.0,0.0,,,8.0,149.0,149.0,,,,,,,,,
1501,"45W000000000116N","45W000000000116N",407.0,6,49,75.0,50.0,100.0,33.0,0.0,0.0,0.0,,,3.0,407.0,407.0,,,,,,,,,
1502,"46WGU0000000001C","46WGU0000000001C",250.0,5,213,75.0,55.0,100.0,42.0,0.0,0.0,0.0,,,3.0,250.0,250.0,,,,,,,,,
1503,"46WGU0000000002A","46WGU0000000002A",100.0,13,213,75.0,50.0,100.0,10.0,0.0,0.0,0.0,,,4.0,100.0,100.0,,,,,,,,,
1504,"46WGU00000000038","46WGU00000000038",100.0,13,213,75.0,50.0,100.0,56.0,0.0,0.0,0.0,,,4.0,100.0,100.0,,,,,,,,,
1505,"46WGU00000000046","46WGU00000000046",130.0,13,213,75.0,50.0,100.0,14.0,0.0,0.0,0.0,,,4.0,130.0,130.0,,,,,,,,,
1506,"46WGU00000000054","46WGU00000000054",190.0,14,213,75.0,50.0,100.0,100.0,0.0,0.0,0.0,,,336.0,190.0,190.0,,,,,,,,,
1507,"46WGU00000000062","46WGU00000000062",130.0,8,213,75.0,50.0,100.0,58.0,0.0,0.0,0.0,,,336.0,130.0,130.0,,,,,,,,,
1508,"46WGU00000000070","46WGU00000000070",473.0,3,213,75.0,50.0,100.0,189.20000000000002,0.0,0.0,0.0,0.0,0.0,0.0,473.0,473.0,0,0.0,0.0,0.0,0.0,0.0,0.0,,
1509,"46WGU0000000009X","46WGU0000000009X",1400.0,3,213,75.0,50.0,100.0,746.0,0.0,0.0,0.0,,,336.0,1400.0,1400.0,,,,,,,,,
1510,"46WGU00000000127","46WGU00000000127",106.0,10,213,75.0,50.0,100.0,20.0,0.0,0.0,0.0,,,336.0,106.0,106.0,,,,,,,,,
1511,"46WGU00000000135","46WGU00000000135",172.0,14,213,75.0,50.0,100.0,34.0,0.0,0.0,0.0,,,336.0,172.0,172.0,,,,,,,,,
1512,"46WGU0000000017Y","46WGU0000000017Y-c",100.0,14,213,75.0,50.0,100.0,30.0,0.0,0.0,0.0,,,21.0,0.0,0.0,,,,,,,,,
1513,"46WGU0000000018W","46WGU0000000018W",335.0,14,213,75.0,50.0,100.0,22.0,0.0,0.0,0.0,,,0.0,335.0,335.0,,,,,,,,,
1514,"46WGU0000000019U","46WGU0000000019U",335.0,14,213,75.0,50.0,100.0,42.0,0.0,0.0,0.0,,,336.0,335.0,335.0,,,,,,,,,
1515,"46WGU00000000208","46WGU00000000208",320.0,13,213,75.0,50.0,100.0,18.0,0.0,0.0,0.0,,,6.0,320.0,320.0,,,,,,,,,
1516,"46WGU00000000216","46WGU00000000216",162.0,13,213,75.0,50.0,100.0,104.0,0.0,0.0,0.0,,,4.0,162.0,162.0,,,,,,,,,
1517,"46WGU00000000224","46WGU00000000224",162.0,13,213,75.0,50.0,100.0,106.0,0.0,0.0,0.0,,,4.0,162.0,162.0,,,,,,,,,
1518,"46WGU00000000232","46WGU00000000232",220.0,13,213,75.0,50.0,100.0,11.0,0.0,0.0,0.0,,,4.0,220.0,220.0,,,,,,,,,
1519,"46WGU00000000240","46WGU00000000240",220.0,13,213,75.0,50.0,100.0,144.0,0.0,0.0,0.0,,,5.0,220.0,220.0,,,,,,,,,
1520,"46WGU0000000025Z","46WGU0000000025Z",110.0,13,213,75.0,50.0,100.0,16.0,0.0,0.0,0.0,,,5.0,110.0,110.0,,,,,,,,,
1521,"46WGU0000000026X","46WGU0000000026X",110.0,13,213,75.0,50.0,100.0,6.0,0.0,0.0,0.0,,,5.0,110.0,110.0,,,,,,,,,
1522,"46WGU0000000027V","46WGU0000000027V",170.0,13,213,75.0,50.0,100.0,10.0,0.0,0.0,0.0,,,6.0,170.0,170.0,,,,,,,,,
1523,"46WGU0000000028T","46WGU0000000028T",440.0,13,213,75.0,50.0,100.0,86.0,0.0,0.0,0.0,,,5.0,440.0,440.0,,,,,,,,,
1524,"46WGU0000000029R","46WGU0000000029R",179.0,13,213,75.0,50.0,100.0,100.0,0.0,0.0,0.0,,,4.0,179.0,179.0,,,,,,,,,
1525,"46WGU00000000305","46WGU00000000305",150.0,13,213,75.0,50.0,100.0,96.0,0.0,0.0,0.0,,,4.0,150.0,150.0,,,,,,,,,
1526,"46WGU00000000313","46WGU00000000313",150.0,13,213,75.0,50.0,100.0,100.0,0.0,0.0,0.0,,,4.0,150.0,150.0,,,,,,,,,
1527,"46WGU00000000321","46WGU00000000321",152.0,13,213,75.0,50.0,100.0,8.0,0.0,0.0,0.0,,,4.0,152.0,152.0,,,,,,,,,
1528,"46WGU0000000034Y","46WGU0000000034Y",225.0,13,213,75.0,50.0,100.0,147.0,0.0,0.0,0.0,,,5.0,225.0,225.0,,,,,,,,,
1529,"46WGU0000000035W","46WGU0000000035W",146.0,13,213,75.0,50.0,100.0,10.0,0.0,0.0,0.0,,,3.0,146.0,146.0,,,,,,,,,
1530,"46WGU0000000036U","46WGU0000000036U",146.0,13,213,75.0,50.0,100.0,10.0,0.0,0.0,0.0,,,4.0,146.0,146.0,,,,,,,,,
1531,"46WGU0000000037S","46WGU0000000037S",146.0,13,213,75.0,50.0,100.0,8.0,0.0,0.0,0.0,,,6.0,146.0,146.0,,,,,,,,,
1532,"46WGU0000000038Q","46WGU0000000038Q",107.0,13,213,75.0,50.0,100.0,64.0,0.0,0.0,0.0,,,5.0,107.0,107.0,,,,,,,,,
1533,"46WGU0000000039O","46WGU0000000039O",100.0,13,213,75.0,50.0,100.0,20.0,0.0,0.0,0.0,,,4.0,100.0,100.0,,,,,,,,,
1534,"46WGU00000000402","46WGU00000000402",113.0,13,213,75.0,50.0,100.0,8.0,0.0,0.0,0.0,,,6.0,113.0,113.0,,,,,,,,,
1535,"46WGU00000000410","46WGU00000000410",101.0,13,213,75.0,50.0,100.0,66.0,0.0,0.0,0.0,,,7.0,101.0,101.0,,,,,,,,,
1536,"46WGU0000000042Z","46WGU0000000042Z",136.0,13,213,75.0,50.0,100.0,30.0,0.0,0.0,0.0,,,6.0,136.0,136.0,,,,,,,,,
1537,"46WGU0000000043X","46WGU0000000043X",136.0,13,213,75.0,50.0,100.0,85.0,0.0,0.0,0.0,,,4.0,136.0,136.0,,,,,,,,,
1538,"46WGU0000000044V","46WGU0000000044V",136.0,13,213,75.0,50.0,100.0,90.0,0.0,0.0,0.0,,,5.0,136.0,136.0,,,,,,,,,
1539,"46WGU0000000045T","46WGU0000000045T",171.0,13,213,75.0,50.0,100.0,88.0,0.0,0.0,0.0,,,5.0,171.0,171.0,,,,,,,,,
1540,"46WGU0000000046R","46WGU0000000046R",120.0,13,213,75.0,50.0,100.0,30.0,0.0,0.0,0.0,,,5.0,120.0,120.0,,,,,,,,,
1541,"46WGU0000000047P","46WGU0000000047P",120.0,18,213,75.0,50.0,100.0,66.0,0.0,0.0,0.0,,,336.0,120.0,120.0,,,,,,,,,
1542,"46WGU0000000048N","46WGU0000000048N",260.0,14,213,75.0,50.0,100.0,104.0,0.0,0.0,0.0,,,0.0,260.0,260.0,,,,,,,,,
1543,"46WGU0000000049L","46WGU0000000049L",260.0,14,213,75.0,50.0,100.0,104.0,0.0,0.0,0.0,,,0.0,260.0,260.0,,,,,,,,,
1544,"46WGU0000000053U","46WGU0000000053U",1167.0,3,213,75.0,50.0,100.0,542.0,0.0,0.0,0.0,,,336.0,1167.0,1167.0,,,,,,,,,
1545,"46WGU0000000137O","46WGU0000000137O",492.0,3,213,75.0,50.0,100.0,253.0,0.0,0.0,0.0,,,8.0,492.0,492.0,,,,,,,,,
1546,"46WGU0000000138M","46WGU0000000138M",492.0,3,213,75.0,50.0,100.0,314.0,0.0,0.0,0.0,,,336.0,492.0,492.0,,,,,,,,,
1547,"46WGU0000000139K","46WGU0000000139K",560.0,3,213,75.0,50.0,100.0,302.0,0.0,0.0,0.0,,,336.0,560.0,560.0,,,,,,,,,
1548,"46WGU0000000140Z","46WGU0000000140Z",560.0,3,213,75.0,50.0,100.0,322.0,0.0,0.0,0.0,,,336.0,560.0,560.0,,,,,,,,,
1549,"46WGU0000000142V","46WGU0000000142V",439.0,3,213,75.0,50.0,100.0,274.0,0.0,0.0,0.0,,,336.0,439.0,439.0,,,,,,,,,
1550,"46WGU0000000143T","46WGU0000000143T",439.0,3,213,75.0,50.0,100.0,156.0,0.0,0.0,0.0,,,336.0,439.0,439.0,,,,,,,,,
1551,"46WGU0000000144R","46WGU0000000144R",433.0,3,213,75.0,50.0,100.0,238.0,0.0,0.0,0.0,,,336.0,433.0,433.0,,,,,,,,,
1552,"46WGU0000000145P","46WGU0000000145P",432.0,3,213,75.0,50.0,100.0,166.0,0.0,0.0,0.0,,,3.0,432.0,432.0,,,,,,,,,
1553,"46WGU0000000146N","46WGU0000000146N",531.0,3,213,75.0,50.0,100.0,253.0,0.0,0.0,0.0,,,336.0,531.0,531.0,,,,,,,,,
1554,"46WGU0000000147L","46WGU0000000147L",531.0,3,213,75.0,50.0,100.0,131.0,0.0,0.0,0.0,,,336.0,531.0,531.0,,,,,,,,,
1555,"46WGU0000000148J","46WGU0000000148J",469.0,3,213,75.0,50.0,100.0,288.0,0.0,0.0,0.0,,,336.0,469.0,469.0,,,,,,,,,
1556,"46WGU0000000149H","46WGU0000000149H",469.0,3,213,75.0,50.0,100.0,262.0,0.0,0.0,0.0,,,336.0,469.0,469.0,,,,,,,,,
1557,"46WGU0000000150W","46WGU0000000150W",294.0,5,213,75.0,55.0,100.0,117.60000000000001,0.0,0.0,0.0,0.0,0.0,0.0,294.0,294.0,0,0.0,0.0,0.0,0.0,0.0,0.0,,
1558,"46WGU0000000151U","46WGU0000000151U",154.0,5,213,75.0,55.0,100.0,61.6,0.0,0.0,0.0,0.0,0.0,0.0,154.0,154.0,0,0.0,0.0,0.0,0.0,0.0,0.0,,
1559,"46WGU0000000242R","46WGU0000000242R",120.0,10,213,75.0,50.0,100.0,33.0,0.0,0.0,0.0,,,3.0,120.0,120.0,,,,,,,,,
1560,"47W000000000086D","47W000000000086D",118.0,18,83,75.0,50.0,100.0,46.0,0.0,0.0,0.0,,,336.0,118.0,118.0,,,,,,,,,
1561,"47W0000000000889","47W0000000000889",285.0,8,83,75.0,50.0,100.0,100.0,0.0,0.0,0.0,,,336.0,285.0,285.0,,,,,,,,,
1562,"47W0000000000897","47W0000000000897",285.0,8,83,75.0,50.0,100.0,113.0,0.0,0.0,0.0,,,336.0,285.0,285.0,,,,,,,,,
1563,"47W000000000090M","47W000000000090M",285.0,8,83,75.0,50.0,100.0,114.0,0.0,0.0,0.0,,,336.0,285.0,285.0,,,,,,,,,
1564,"47W000000000092I","47W000000000092I",271.0,5,83,75.0,55.0,100.0,21.0,0.0,0.0,0.0,,,4.0,271.0,271.0,,,,,,,,,
1565,"47W000000000094E","47W000000000094E",135.0,18,83,75.0,50.0,100.0,48.0,0.0,0.0,0.0,,,336.0,135.0,135.0,,,,,,,,,
1566,"47W000000000095C","47W000000000095C",342.0,5,83,75.0,55.0,100.0,120.0,0.0,0.0,0.0,,,4.0,342.0,342.0,,,,,,,,,
1567,"47W000000000096A","47W000000000096A",405.0,5,83,75.0,55.0,100.0,226.0,0.0,0.0,0.0,,,3.0,405.0,405.0,,,,,,,,,
1568,"47W0000000000978","47W0000000000978",404.0,5,83,75.0,55.0,100.0,195.0,0.0,0.0,0.0,,,7.0,404.0,404.0,,,,,,,,,
1569,"47W0000000000986","47W0000000000986",400.0,5,83,75.0,55.0,100.0,122.0,0.0,0.0,0.0,,,6.0,400.0,400.0,,,,,,,,,
1570,"47W0000000000994","47W0000000000994",241.0,14,83,75.0,50.0,100.0,36.0,0.0,0.0,0.0,,,336.0,241.0,241.0,,,,,,,,,
1571,"47W0000000001008","47W0000000001008",243.0,14,83,75.0,50.0,100.0,37.0,0.0,0.0,0.0,,,336.0,243.0,243.0,,,,,,,,,
1572,"47W0000000001024","47W0000000001024",313.0,14,83,75.0,50.0,100.0,165.0,0.0,0.0,0.0,,,5.0,313.0,313.0,,,,,,,,,
1573,"47W0000000001032","47W0000000001032",431.0,5,83,75.0,55.0,100.0,129.0,0.0,0.0,0.0,,,10.0,431.0,431.0,,,,,,,,,
1574,"47W0000000001040","47W0000000001040",435.0,5,83,75.0,55.0,100.0,187.0,0.0,0.0,0.0,,,336.0,435.0,435.0,,,,,,,,,
1575,"47W000000000105Z","47W000000000105Z",414.0,5,235,75.0,55.0,100.0,165.60000000000002,0.27065,-0.00049529,0.000000626,,,60.0,414.0,414.0,,,,,,,,,
1576,"47W000000000106X","47W000000000106X",247.0,5,235,75.0,55.0,100.0,98.80000000000001,0.27065,-0.00049529,0.000000626,,,60.0,247.0,247.0,,,,,,,,,
1577,"47W000000000107V","47W000000000107V",247.0,5,235,75.0,55.0,100.0,98.80000000000001,0.27065,-0.00049529,0.000000626,,,60.0,247.0,247.0,,,,,,,,,
1578,"47W000000000108T","47W000000000108T",101.0,5,235,75.0,55.0,100.0,40.400000000000006,0.27065,-0.00049529,0.000000626,,,60.0,101.0,101.0,,,,,,,,,
1579,"47W0000000001121","47W0000000001121",255.0,5,235,75.0,55.0,100.0,102.0,0.27065,-0.00049529,0.000000626,,,60.0,255.0,255.0,,,,,,,,,
1580,"47W000000000114Y","47W000000000114Y",258.0,5,235,75.0,55.0,100.0,103.2,0.27065,-0.00049529,0.000000626,,,60.0,258.0,258.0,,,,,,,,,
1581,"47W000000000177A","47W000000000177A",85.0,5,83,75.0,55.0,100.0,40.0,0.0,0.0,0.0,,,9.0,85.0,85.0,,,,,,,,,
1582,"47W0000000001788","47W0000000001788",85.0,5,83,75.0,55.0,100.0,40.0,0.0,0.0,0.0,,,7.0,85.0,85.0,,,,,,,,,
1583,"47W0000000001796","47W0000000001796",90.0,5,83,75.0,55.0,100.0,14.0,0.0,0.0,0.0,,,336.0,90.0,90.0,,,,,,,,,
1584,"47W000000000180L","47W000000000180L",90.0,5,83,75.0,55.0,100.0,14.0,0.0,0.0,0.0,,,336.0,90.0,90.0,,,,,,,,,
1585,"47W000000000181J","47W000000000181J",90.0,5,83,75.0,55.0,100.0,16.0,0.0,0.0,0.0,,,336.0,90.0,90.0,,,,,,,,,
1586,"47W000000000182H","47W000000000182H",21.0,11,83,75.0,50.0,100.0,12.0,0.0,0.0,0.0,,,12.0,21.0,21.0,,,,,,,,,
1587,"47W000000000183F","47W000000000183F",22.0,11,83,75.0,50.0,100.0,13.0,0.0,0.0,0.0,,,18.0,22.0,22.0,,,,,,,,,
1588,"47W000000000184D","47W000000000184D",19.0,11,83,75.0,50.0,100.0,12.0,0.0,0.0,0.0,,,16.0,19.0,19.0,,,,,,,,,
1589,"47W000000000185B","47W000000000185B",24.0,11,83,75.0,50.0,100.0,13.0,0.0,0.0,0.0,,,16.0,24.0,24.0,,,,,,,,,
1590,"47W0000000001869","47W0000000001869",10.0,11,83,75.0,50.0,100.0,4.0,0.0,0.0,0.0,,,8.0,10.0,10.0,,,,,,,,,
1591,"47W0000000001877","47W0000000001877",10.0,11,83,75.0,50.0,100.0,4.0,0.0,0.0,0.0,,,7.0,10.0,10.0,,,,,,,,,
1592,"47W0000000001885","47W0000000001885",22.0,11,83,75.0,50.0,100.0,10.0,0.0,0.0,0.0,,,7.0,22.0,22.0,,,,,,,,,
1593,"47W0000000001893","47W0000000001893",22.0,11,83,75.0,50.0,100.0,10.0,0.0,0.0,0.0,,,4.0,22.0,22.0,,,,,,,,,
1594,"47W000000000190I","47W000000000190I",91.0,18,83,75.0,50.0,100.0,33.0,0.0,0.0,0.0,,,336.0,91.0,91.0,,,,,,,,,
1595,"47W000000000191G","47W000000000191G",15.0,11,83,75.0,50.0,100.0,1.0,0.0,0.0,0.0,,,3.0,15.0,15.0,,,,,,,,,
1596,"47W000000000192E","47W000000000192E",15.0,11,83,75.0,50.0,100.0,1.0,0.0,0.0,0.0,,,21.0,15.0,15.0,,,,,,,,,
1597,"47W000000000193C","47W000000000193C",4.0,11,83,75.0,50.0,100.0,1.6,0.0,0.0,0.0,,,7.0,4.0,4.0,,,,,,,,,
1598,"47W000000000194A","47W000000000194A",4.0,11,83,75.0,50.0,100.0,1.6,0.0,0.0,0.0,,,17.0,4.0,4.0,,,,,,,,,
1599,"47W0000000001958","47W0000000001958",15.0,11,83,75.0,50.0,100.0,3.0,0.0,0.0,0.0,,,11.0,15.0,15.0,,,,,,,,,
1600,"47W0000000001966","47W0000000001966",4.0,11,83,75.0,50.0,100.0,1.6,0.0,0.0,0.0,,,336.0,4.0,4.0,,,,,,,,,
1601,"47W0000000001974","47W0000000001974",8.0,11,83,75.0,50.0,100.0,3.2,0.0,0.0,0.0,,,10.0,8.0,8.0,,,,,,,,,
1602,"47W0000000001982","47W0000000001982",73.0,16,83,75.0,50.0,100.0,5.0,0.0,0.0,0.0,,,6.0,73.0,73.0,,,,,,,,,
1603,"47W0000000001990","47W0000000001990",73.0,16,83,75.0,50.0,100.0,5.0,0.0,0.0,0.0,,,6.0,73.0,73.0,,,,,,,,,
1604,"47W0000000002004","47W0000000002004",73.0,16,83,75.0,50.0,100.0,5.0,0.0,0.0,0.0,,,6.0,73.0,73.0,,,,,,,,,
1605,"47W0000000002012","47W0000000002012",73.0,16,83,75.0,50.0,100.0,5.0,0.0,0.0,0.0,,,7.0,73.0,73.0,,,,,,,,,
1606,"47W000000000207R","47W000000000207R",74.0,14,83,75.0,50.0,100.0,19.0,0.0,0.0,0.0,,,336.0,74.0,74.0,,,,,,,,,
1607,"47W000000000208P","47W000000000208P",74.0,14,83,75.0,50.0,100.0,19.0,0.0,0.0,0.0,,,336.0,74.0,74.0,,,,,,,,,
1608,"47W000000000212Y","47W000000000212Y",52.0,1,83,75.0,50.0,100.0,12.0,0.0,0.0,0.0,,,336.0,52.0,52.0,,,,,,,,,
1609,"47W000000000213W","47W000000000213W",52.0,1,83,75.0,50.0,100.0,12.0,0.0,0.0,0.0,,,336.0,52.0,52.0,,,,,,,,,
1610,"47W000000000214U","47W000000000214U",52.0,1,83,75.0,50.0,100.0,12.0,0.0,0.0,0.0,,,336.0,52.0,52.0,,,,,,,,,
1611,"47W000000000215S","47W000000000215S",52.0,1,83,75.0,50.0,100.0,11.0,0.0,0.0,0.0,,,336.0,52.0,52.0,,,,,,,,,
1612,"47W000000000216Q","47W000000000216Q",56.0,5,83,75.0,55.0,100.0,19.0,0.0,0.0,0.0,,,336.0,56.0,56.0,,,,,,,,,
1613,"47W000000000217O","47W000000000217O",56.0,5,83,75.0,55.0,100.0,19.0,0.0,0.0,0.0,,,336.0,56.0,56.0,,,,,,,,,
1614,"47W000000000218M","47W000000000218M",15.0,4,83,75.0,50.0,100.0,7.0,0.0,0.0,0.0,,,3.0,15.0,15.0,,,,,,,,,
1615,"47W000000000219K","47W000000000219K",53.0,14,235,75.0,50.0,100.0,21.200000000000003,0.34469,-0.00052918,0.000000767,,,60.0,53.0,53.0,,,,,,,,,
1616,"47W000000000220Z","47W000000000220Z",58.0,14,235,75.0,50.0,100.0,23.200000000000003,0.34469,-0.00052918,0.000000767,,,60.0,58.0,58.0,,,,,,,,,
1617,"47W000000000221X","47W000000000221X",58.0,14,235,75.0,50.0,100.0,23.200000000000003,0.34469,-0.00052918,0.000000767,,,60.0,58.0,58.0,,,,,,,,,
1618,"47W000000000222V","47W000000000222V",42.0,14,235,75.0,50.0,100.0,16.8,0.34469,-0.00052918,0.000000767,,,60.0,42.0,42.0,,,,,,,,,
1619,"47W000000000223T","47W000000000223T",42.0,14,235,75.0,50.0,100.0,16.8,0.34469,-0.00052918,0.000000767,,,60.0,42.0,42.0,,,,,,,,,
1620,"47W000000000224R","47W000000000224R",29.0,14,235,75.0,50.0,100.0,11.600000000000001,0.34469,-0.00052918,0.000000767,,,60.0,29.0,29.0,,,,,,,,,
1621,"47W000000000225P","47W000000000225P",29.0,14,235,75.0,50.0,100.0,11.600000000000001,0.34469,-0.00052918,0.000000767,,,60.0,29.0,29.0,,,,,,,,,
1622,"47W000000000227L","47W000000000227L",12.0,5,235,75.0,55.0,100.0,4.800000000000001,0.27065,-0.00049529,0.000000626,,,60.0,12.0,12.0,,,,,,,,,
1623,"47W000000000228J","47W000000000228J",74.0,14,235,75.0,50.0,100.0,29.6,0.34469,-0.00052918,0.000000767,,,60.0,74.0,74.0,,,,,,,,,
1624,"47W000000000229H","47W000000000229H",3.0,14,235,75.0,50.0,100.0,1.2000000000000002,0.34469,-0.00052918,0.000000767,,,60.0,3.0,3.0,,,,,,,,,
1625,"47W000000000355C","47W000000000355C",245.0,5,83,75.0,55.0,100.0,120.0,0.0,0.0,0.0,,,336.0,245.0,245.0,,,,,,,,,
1626,"47W000000000356A","47W000000000356A",245.0,5,83,75.0,55.0,100.0,116.0,0.0,0.0,0.0,,,336.0,245.0,245.0,,,,,,,,,
1627,"48W0000000ABTH7Y","48W0000000ABTH7Y",535.0,8,232,75.0,50.0,100.0,214.0,0.0,0.0,0.0,,,60.0,535.0,535.0,,,,,,,,,
1628,"48W0000000ABTH8W","48W0000000ABTH8W",535.0,8,232,75.0,50.0,100.0,214.0,0.0,0.0,0.0,,,60.0,535.0,535.0,,,,,,,,,
1629,"48W0000000ABTH9U","48W0000000ABTH9U",520.0,8,232,75.0,50.0,100.0,208.0,0.0,0.0,0.0,,,60.0,520.0,520.0,,,,,,,,,
1630,"48W0000000COWE13","48W0000000COWE13",70.0,14,232,75.0,50.0,100.0,28.0,0.0,0.0,0.0,,,60.0,70.0,70.0,,,,,,,,,
1631,"48W0000000COWE21","48W0000000COWE21",70.0,14,232,75.0,50.0,100.0,28.0,0.0,0.0,0.0,,,60.0,70.0,70.0,,,,,,,,,
1632,"48W0000000FASN25","48W0000000FASN25",23.0,11,232,75.0,50.0,100.0,9.200000000000001,0.0,0.0,0.0,,,60.0,23.0,23.0,,,,,,,,,
1633,"48W0000000FASN33","48W0000000FASN33",22.0,11,232,75.0,50.0,100.0,8.8,0.0,0.0,0.0,,,60.0,22.0,22.0,,,,,,,,,
1634,"48W000000ABTH7G2","48W000000ABTH7G2",17.0,14,232,75.0,50.0,100.0,6.800000000000001,0.0,0.0,0.0,,,60.0,17.0,17.0,,,,,,,,,
1635,"48W000000ABTH9GX","48W000000ABTH9GX",17.0,14,232,75.0,50.0,100.0,6.800000000000001,0.0,0.0,0.0,,,60.0,17.0,17.0,,,,,,,,,
1636,"48W000000BAGE-1L","48W000000BAGE-1L",520.0,5,232,75.0,55.0,100.0,208.0,0.0,0.0,0.0,,,60.0,520.0,520.0,,,,,,,,,
1637,"48W000000BAGE-2J","48W000000BAGE-2J",32.0,5,232,75.0,55.0,100.0,12.8,0.0,0.0,0.0,,,60.0,32.0,32.0,,,,,,,,,
1638,"48W000000BLLA-1K","48W000000BLLA-1K",134.0,2,232,75.0,50.0,100.0,53.6,0.0,0.0,0.0,,,60.0,134.0,134.0,,,,,,,,,
1639,"48W000000BLLA-2I","48W000000BLLA-2I",69.0,2,232,75.0,50.0,100.0,27.6,0.0,0.0,0.0,,,60.0,69.0,69.0,,,,,,,,,
1640,"48W000000BRGG-1M","48W000000BRGG-1M",268.0,5,232,75.0,55.0,100.0,107.2,0.0,0.0,0.0,,,60.0,268.0,268.0,,,,,,,,,
1641,"48W000000BRYP-17","48W000000BRYP-17",245.0,5,232,75.0,55.0,100.0,98.0,0.0,0.0,0.0,,,60.0,245.0,245.0,,,,,,,,,
1642,"48W000000CARR-1I","48W000000CARR-1I",455.0,5,232,75.0,55.0,100.0,182.0,0.0,0.0,0.0,,,60.0,455.0,455.0,,,,,,,,,
1643,"48W000000CARR-2G","48W000000CARR-2G",455.0,5,232,75.0,55.0,100.0,182.0,0.0,0.0,0.0,,,60.0,455.0,455.0,,,,,,,,,
1644,"48W000000CDCL-1P","48W000000CDCL-1P",440.0,5,232,75.0,55.0,100.0,176.0,0.0,0.0,0.0,,,60.0,440.0,440.0,,,,,,,,,
1645,"48W000000CLAC-1N","48W000000CLAC-1N",44.0,11,232,75.0,50.0,100.0,17.6,0.0,0.0,0.0,,,60.0,44.0,44.0,,,,,,,,,
1646,"48W000000CORB-1Z","48W000000CORB-1Z",401.0,5,232,75.0,55.0,100.0,160.4,0.0,0.0,0.0,,,60.0,401.0,401.0,,,,,,,,,
1647,"48W000000COSO-1F","48W000000COSO-1F",800.0,5,232,75.0,55.0,100.0,320.0,0.0,0.0,0.0,,,60.0,800.0,800.0,,,,,,,,,
1648,"48W000000CRUA-16","48W000000CRUA-16",120.0,11,232,75.0,50.0,100.0,48.0,0.0,0.0,0.0,,,60.0,120.0,120.0,,,,,,,,,
1649,"48W000000CRUA-24","48W000000CRUA-24",120.0,11,232,75.0,50.0,100.0,48.0,0.0,0.0,0.0,,,60.0,120.0,120.0,,,,,,,,,
1650,"48W000000CRUA-32","48W000000CRUA-32",100.0,11,232,75.0,50.0,100.0,40.0,0.0,0.0,0.0,,,60.0,100.0,100.0,,,,,,,,,
1651,"48W000000CRUA-40","48W000000CRUA-40",100.0,11,232,75.0,50.0,100.0,40.0,0.0,0.0,0.0,,,60.0,100.0,100.0,,,,,,,,,
1652,"48W000000DAMC-1M","48W000000DAMC-1M",805.0,5,232,75.0,55.0,100.0,322.0,0.0,0.0,0.0,,,60.0,805.0,805.0,,,,,,,,,
1653,"48W000000DEEP-1N","48W000000DEEP-1N",260.0,5,232,75.0,55.0,100.0,104.0,0.0,0.0,0.0,0.0,0.0,60.0,260.0,260.0,0,0.0,0.0,0.0,0.0,0.0,0.0,,
1654,"48W000000DIDCB5C","48W000000DIDCB5C",780.0,5,232,75.0,55.0,100.0,312.0,0.0,0.0,0.0,,,60.0,780.0,780.0,,,,,,,,,
1655,"48W000000DIDCB6A","48W000000DIDCB6A",710.0,5,232,75.0,55.0,100.0,284.0,0.0,0.0,0.0,,,60.0,710.0,710.0,,,,,,,,,
1656,"48W000000DINO-1W","48W000000DINO-1W",336.0,11,232,75.0,50.0,100.0,134.4,0.0,0.0,0.0,,,60.0,336.0,336.0,,,,,,,,,
1657,"48W000000DINO-2U","48W000000DINO-2U",336.0,11,232,75.0,50.0,100.0,134.4,0.0,0.0,0.0,,,60.0,336.0,336.0,,,,,,,,,
1658,"48W000000DINO-3S","48W000000DINO-3S",336.0,11,232,75.0,50.0,100.0,134.4,0.0,0.0,0.0,,,60.0,336.0,336.0,,,,,,,,,
1659,"48W000000DINO-4Q","48W000000DINO-4Q",336.0,11,232,75.0,50.0,100.0,134.4,0.0,0.0,0.0,,,60.0,336.0,336.0,,,,,,,,,
1660,"48W000000DINO-5O","48W000000DINO-5O",336.0,11,232,75.0,50.0,100.0,134.4,0.0,0.0,0.0,,,60.0,336.0,336.0,,,,,,,,,
1661,"48W000000DINO-6M","48W000000DINO-6M",336.0,11,232,75.0,50.0,100.0,134.4,0.0,0.0,0.0,,,60.0,336.0,336.0,,,,,,,,,
1662,"48W000000DNGB216","48W000000DNGB216",660.0,3,232,75.0,50.0,100.0,264.0,0.0,0.0,0.0,0.0,0.0,60.0,660.0,660.0,0,0.0,0.0,0.0,0.0,0.0,0.0,,
1663,"48W000000DNGB224","48W000000DNGB224",660.0,3,232,75.0,50.0,100.0,264.0,0.0,0.0,0.0,0.0,0.0,60.0,660.0,660.0,0,0.0,0.0,0.0,0.0,0.0,0.0,,
1664,"48W000000EAAO-1R","48W000000EAAO-1R",340.0,6,232,75.0,50.0,100.0,136.0,0.0,0.0,0.0,,,60.0,340.0,340.0,,,,,,,,,
1665,"48W000000EAAO-2P","48W000000EAAO-2P",340.0,6,232,75.0,50.0,100.0,136.0,0.0,0.0,0.0,,,60.0,340.0,340.0,,,,,,,,,
1666,"48W000000EECL-15","48W000000EECL-15",408.0,5,232,75.0,55.0,100.0,163.20000000000002,0.0,0.0,0.0,,,60.0,408.0,408.0,,,,,,,,,
1667,"48W000000ERRO-1P","48W000000ERRO-1P",25.0,11,232,75.0,50.0,100.0,10.0,0.0,0.0,0.0,,,60.0,25.0,25.0,,,,,,,,,
1668,"48W000000ERRO-2N","48W000000ERRO-2N",25.0,11,232,75.0,50.0,100.0,10.0,0.0,0.0,0.0,,,60.0,25.0,25.0,,,,,,,,,
1669,"48W000000ERRO-3L","48W000000ERRO-3L",25.0,11,232,75.0,50.0,100.0,10.0,0.0,0.0,0.0,,,60.0,25.0,25.0,,,,,,,,,
1670,"48W000000FASN-18","48W000000FASN-18",22.0,11,232,75.0,50.0,100.0,8.8,0.0,0.0,0.0,,,60.0,22.0,22.0,,,,,,,,,
1671,"48W000000FASN-42","48W000000FASN-42",8.0,11,232,75.0,50.0,100.0,3.2,0.0,0.0,0.0,,,60.0,8.0,8.0,,,,,,,,,
1672,"48W000000FAWN-1P","48W000000FAWN-1P",150.0,5,232,75.0,55.0,100.0,60.0,0.0,0.0,0.0,,,60.0,150.0,150.0,,,,,,,,,
1673,"48W000000FELL-1R","48W000000FELL-1R",180.0,5,232,75.0,55.0,100.0,72.0,0.0,0.0,0.0,,,60.0,180.0,180.0,,,,,,,,,
1674,"48W000000FERR-1A","48W000000FERR-1A",490.0,8,232,75.0,50.0,100.0,196.0,0.0,0.0,0.0,0.0,0.0,60.0,490.0,490.0,0,0.0,0.0,0.0,0.0,0.0,0.0,,
1675,"48W000000FERR-28","48W000000FERR-28",490.0,8,232,75.0,50.0,100.0,196.0,0.0,0.0,0.0,0.0,0.0,60.0,490.0,490.0,0,0.0,0.0,0.0,0.0,0.0,0.0,,
1676,"48W000000FERR-36","48W000000FERR-36",490.0,8,232,75.0,50.0,100.0,196.0,0.0,0.0,0.0,0.0,0.0,60.0,490.0,490.0,0,0.0,0.0,0.0,0.0,0.0,0.0,,
1677,"48W000000FERR-44","48W000000FERR-44",490.0,8,232,75.0,50.0,100.0,196.0,0.0,0.0,0.0,0.0,0.0,60.0,490.0,490.0,0,0.0,0.0,0.0,0.0,0.0,0.0,,
1678,"48W000000FFES-1S","48W000000FFES-1S",96.0,11,232,75.0,50.0,100.0,38.400000000000006,0.0,0.0,0.0,,,60.0,96.0,96.0,,,,,,,,,
1679,"48W000000FFES-2Q","48W000000FFES-2Q",96.0,11,232,75.0,50.0,100.0,38.400000000000006,0.0,0.0,0.0,,,60.0,96.0,96.0,,,,,,,,,
1680,"48W000000FFES-3O","48W000000FFES-3O",96.0,11,232,75.0,50.0,100.0,38.400000000000006,0.0,0.0,0.0,,,60.0,96.0,96.0,,,,,,,,,
1681,"48W000000FFES-4M","48W000000FFES-4M",96.0,11,232,75.0,50.0,100.0,38.400000000000006,0.0,0.0,0.0,,,60.0,96.0,96.0,,,,,,,,,
1682,"48W000000FIDL-16","48W000000FIDL-16",485.0,8,232,75.0,50.0,100.0,194.0,0.0,0.0,0.0,0.0,0.0,60.0,485.0,485.0,0,0.0,0.0,0.0,0.0,0.0,0.0,,
1683,"48W000000FIDL-24","48W000000FIDL-24",485.0,8,232,75.0,50.0,100.0,194.0,0.0,0.0,0.0,,,60.0,485.0,485.0,,,,,,,,,
1684,"48W000000FIDL-32","48W000000FIDL-32",485.0,8,232,75.0,50.0,100.0,194.0,0.0,0.0,0.0,,,60.0,485.0,485.0,,,,,,,,,
1685,"48W000000FIDL-40","48W000000FIDL-40",506.0,8,232,75.0,50.0,100.0,202.4,0.0,0.0,0.0,,,60.0,506.0,506.0,,,,,,,,,
1686,"48W000000FINL-1U","48W000000FINL-1U",17.0,11,232,75.0,50.0,100.0,6.800000000000001,0.0,0.0,0.0,,,60.0,17.0,17.0,,,,,,,,,
1687,"48W000000FOYE-14","48W000000FOYE-14",160.0,11,232,75.0,50.0,100.0,64.0,0.0,0.0,0.0,,,60.0,160.0,160.0,,,,,,,,,
1688,"48W000000FOYE-22","48W000000FOYE-22",160.0,11,232,75.0,50.0,100.0,64.0,0.0,0.0,0.0,,,60.0,160.0,160.0,,,,,,,,,
1689,"48W000000GRAI-7Y","48W000000GRAI-7Y",455.0,5,232,75.0,55.0,100.0,182.0,0.0,0.0,0.0,,,60.0,455.0,455.0,,,,,,,,,
1690,"48W000000GRAI-8W","48W000000GRAI-8W",455.0,5,232,75.0,55.0,100.0,182.0,0.0,0.0,0.0,,,60.0,455.0,455.0,,,,,,,,,
1691,"48W000000GRAI1GA","48W000000GRAI1GA",29.0,5,232,75.0,55.0,100.0,11.600000000000001,0.0,0.0,0.0,,,60.0,29.0,29.0,,,,,,,,,
1692,"48W000000GRAI4G1","48W000000GRAI4G1",29.0,5,232,75.0,55.0,100.0,11.600000000000001,0.0,0.0,0.0,,,60.0,29.0,29.0,,,,,,,,,
1693,"48W000000GYAR-15","48W000000GYAR-15",420.0,5,232,75.0,55.0,100.0,168.0,0.0,0.0,0.0,,,60.0,420.0,420.0,,,,,,,,,
1694,"48W000000HEYM11C","48W000000HEYM11C",666.0,3,232,75.0,50.0,100.0,266.40000000000003,0.0,0.0,0.0,,,60.0,666.0,666.0,,,,,,,,,
1695,"48W000000HEYM12A","48W000000HEYM12A",666.0,3,232,75.0,50.0,100.0,266.40000000000003,0.0,0.0,0.0,,,60.0,666.0,666.0,,,,,,,,,
1696,"48W000000HEYM27Y","48W000000HEYM27Y",672.0,3,232,75.0,50.0,100.0,268.8,0.0,0.0,0.0,,,60.0,672.0,672.0,,,,,,,,,
1697,"48W000000HEYM28W","48W000000HEYM28W",672.0,3,232,75.0,50.0,100.0,268.8,0.0,0.0,0.0,,,60.0,672.0,672.0,,,,,,,,,
1698,"48W000000HINB-77","48W000000HINB-77",700.0,3,232,75.0,50.0,100.0,280.0,0.0,0.0,0.0,,,60.0,700.0,700.0,,,,,,,,,
1699,"48W000000HINB-85","48W000000HINB-85",700.0,3,232,75.0,50.0,100.0,280.0,0.0,0.0,0.0,,,60.0,700.0,700.0,,,,,,,,,
1700,"48W000000HRTL-16","48W000000HRTL-16",666.0,3,232,75.0,50.0,100.0,266.40000000000003,0.0,0.0,0.0,,,60.0,666.0,666.0,,,,,,,,,
1701,"48W000000HRTL-24","48W000000HRTL-24",666.0,3,232,75.0,50.0,100.0,266.40000000000003,0.0,0.0,0.0,,,60.0,666.0,666.0,,,,,,,,,
1702,"48W000000HUNB-79","48W000000HUNB-79",660.0,3,232,75.0,50.0,100.0,264.0,0.0,0.0,0.0,0.0,0.0,60.0,660.0,660.0,0,0.0,0.0,0.0,0.0,0.0,0.0,,
1703,"48W000000HUNB-87","48W000000HUNB-87",660.0,3,232,75.0,50.0,100.0,264.0,0.0,0.0,0.0,,,60.0,660.0,660.0,,,,,,,,,
1704,"48W000000INDQ-19","48W000000INDQ-19",140.0,5,232,75.0,55.0,100.0,56.0,0.0,0.0,0.0,,,60.0,140.0,140.0,,,,,,,,,
1705,"48W000000KEAD-15","48W000000KEAD-15",764.0,5,232,75.0,55.0,100.0,305.6,0.0,0.0,0.0,,,60.0,764.0,764.0,,,,,,,,,
1706,"48W000000LAGA-14","48W000000LAGA-14",905.0,5,232,75.0,55.0,100.0,362.0,0.0,0.0,0.0,,,60.0,905.0,905.0,,,,,,,,,
1707,"48W000000LBAR-1Y","48W000000LBAR-1Y",735.0,5,232,75.0,55.0,100.0,294.0,0.0,0.0,0.0,,,60.0,735.0,735.0,,,,,,,,,
1708,"48W000000LITT1G1","48W000000LITT1G1",35.0,14,232,75.0,50.0,100.0,14.0,0.0,0.0,0.0,0.0,0.0,60.0,35.0,35.0,0,0.0,0.0,0.0,0.0,0.0,0.0,,
1709,"48W000000LITT2GZ","48W000000LITT2GZ",35.0,14,232,75.0,50.0,100.0,14.0,0.0,0.0,0.0,0.0,0.0,60.0,35.0,35.0,0,0.0,0.0,0.0,0.0,0.0,0.0,,
1710,"48W000000LITTD2U","48W000000LITTD2U",685.0,14,232,75.0,50.0,100.0,274.0,0.0,0.0,0.0,0.0,0.0,60.0,685.0,685.0,0,0.0,0.0,0.0,0.0,0.0,0.0,,
1711,"48W000000LOAN-19","48W000000LOAN-19",600.0,8,232,75.0,50.0,100.0,240.0,0.0,0.0,0.0,0.0,0.0,60.0,600.0,600.0,0,0.0,0.0,0.0,0.0,0.0,0.0,,
1712,"48W000000LOAN-27","48W000000LOAN-27",600.0,8,232,75.0,50.0,100.0,240.0,0.0,0.0,0.0,0.0,0.0,60.0,600.0,600.0,0,0.0,0.0,0.0,0.0,0.0,0.0,,
1713,"48W000000LOAN-35","48W000000LOAN-35",600.0,8,232,75.0,50.0,100.0,240.0,0.0,0.0,0.0,0.0,0.0,60.0,600.0,600.0,0,0.0,0.0,0.0,0.0,0.0,0.0,,
1714,"48W000000LOAN-43","48W000000LOAN-43",600.0,8,232,75.0,50.0,100.0,240.0,0.0,0.0,0.0,0.0,0.0,60.0,600.0,600.0,0,0.0,0.0,0.0,0.0,0.0,0.0,,
1715,"48W000000MARK-1D","48W000000MARK-1D",55.0,1,232,75.0,50.0,100.0,22.0,0.0,0.0,0.0,,,60.0,55.0,55.0,,,,,,,,,
1716,"48W000000MEDP-12","48W000000MEDP-12",700.0,5,232,75.0,55.0,100.0,280.0,0.0,0.0,0.0,,,60.0,700.0,700.0,,,,,,,,,
1717,"48W000000MRWD-1P","48W000000MRWD-1P",920.0,5,232,75.0,55.0,100.0,368.0,0.0,0.0,0.0,,,60.0,920.0,920.0,,,,,,,,,
1718,"48W000000NANT-1R","48W000000NANT-1R",15.0,11,232,75.0,50.0,100.0,6.0,0.0,0.0,0.0,,,60.0,15.0,15.0,,,,,,,,,
1719,"48W000000PEHE-15","48W000000PEHE-15",1180.0,5,232,75.0,55.0,100.0,472.0,0.0,0.0,0.0,,,60.0,1180.0,1180.0,,,,,,,,,
1720,"48W000000PETEM1O","48W000000PETEM1O",405.0,5,232,75.0,55.0,100.0,162.0,0.0,0.0,0.0,,,60.0,405.0,405.0,,,,,,,,,
1721,"48W000000RATS-1A","48W000000RATS-1A",505.0,8,232,75.0,50.0,100.0,202.0,0.0,0.0,0.0,,,60.0,505.0,505.0,,,,,,,,,
1722,"48W000000RATS-28","48W000000RATS-28",505.0,8,232,75.0,50.0,100.0,202.0,0.0,0.0,0.0,,,60.0,505.0,505.0,,,,,,,,,
1723,"48W000000RATS-36","48W000000RATS-36",505.0,8,232,75.0,50.0,100.0,202.0,0.0,0.0,0.0,,,60.0,505.0,505.0,,,,,,,,,
1724,"48W000000RATS-44","48W000000RATS-44",505.0,8,232,75.0,50.0,100.0,202.0,0.0,0.0,0.0,,,60.0,505.0,505.0,,,,,,,,,
1725,"48W000000ROCK-16","48W000000ROCK-16",830.0,5,232,75.0,55.0,100.0,332.0,0.0,0.0,0.0,,,60.0,830.0,830.0,,,,,,,,,
1726,"48W000000RREW-14","48W000000RREW-14",90.0,6,232,75.0,50.0,100.0,36.0,0.0,0.0,0.0,,,60.0,90.0,90.0,,,,,,,,,
1727,"48W000000RRWW-1P","48W000000RRWW-1P",90.0,6,232,75.0,50.0,100.0,36.0,0.0,0.0,0.0,,,60.0,90.0,90.0,,,,,,,,,
1728,"48W000000SCCL-1U","48W000000SCCL-1U",400.0,5,232,75.0,55.0,100.0,160.0,0.0,0.0,0.0,,,60.0,400.0,400.0,,,,,,,,,
1729,"48W000000SCCL-2S","48W000000SCCL-2S",400.0,5,232,75.0,55.0,100.0,160.0,0.0,0.0,0.0,,,60.0,400.0,400.0,,,,,,,,,
1730,"48W000000SCCL-3Q","48W000000SCCL-3Q",400.0,5,232,75.0,55.0,100.0,160.0,0.0,0.0,0.0,,,60.0,400.0,400.0,,,,,,,,,
1731,"48W000000SEAB-1V","48W000000SEAB-1V",836.0,5,232,75.0,55.0,100.0,334.40000000000003,0.0,0.0,0.0,,,60.0,836.0,836.0,,,,,,,,,
1732,"48W000000SEAB-2T","48W000000SEAB-2T",422.0,5,232,75.0,55.0,100.0,168.8,0.0,0.0,0.0,,,60.0,422.0,422.0,,,,,,,,,
1733,"48W000000SEEL-18","48W000000SEEL-18",299.0,5,232,75.0,55.0,100.0,119.60000000000001,0.0,0.0,0.0,,,60.0,299.0,299.0,,,,,,,,,
1734,"48W000000SHBA-1C","48W000000SHBA-1C",810.0,5,232,75.0,55.0,100.0,324.0,0.0,0.0,0.0,,,60.0,810.0,810.0,,,,,,,,,
1735,"48W000000SHBA-2A","48W000000SHBA-2A",580.0,5,232,75.0,55.0,100.0,232.0,0.0,0.0,0.0,,,60.0,580.0,580.0,,,,,,,,,
1736,"48W000000SHOS-1N","48W000000SHOS-1N",420.0,5,232,75.0,55.0,100.0,168.0,0.0,0.0,0.0,,,60.0,420.0,420.0,,,,,,,,,
1737,"48W000000SIZB-1U","48W000000SIZB-1U",660.0,3,232,75.0,50.0,100.0,264.0,0.0,0.0,0.0,,,60.0,660.0,660.0,,,,,,,,,
1738,"48W000000SIZB-2S","48W000000SIZB-2S",660.0,3,232,75.0,50.0,100.0,264.0,0.0,0.0,0.0,,,60.0,660.0,660.0,,,,,,,,,
1739,"48W000000SLOY-1C","48W000000SLOY-1C",40.0,11,232,75.0,50.0,100.0,16.0,0.0,0.0,0.0,,,60.0,40.0,40.0,,,,,,,,,
1740,"48W000000SLOY-2A","48W000000SLOY-2A",40.0,11,232,75.0,50.0,100.0,16.0,0.0,0.0,0.0,,,60.0,40.0,40.0,,,,,,,,,
1741,"48W000000SLOY-38","48W000000SLOY-38",40.0,11,232,75.0,50.0,100.0,16.0,0.0,0.0,0.0,,,60.0,40.0,40.0,,,,,,,,,
1742,"48W000000SLOY-46","48W000000SLOY-46",33.0,11,232,75.0,50.0,100.0,13.200000000000001,0.0,0.0,0.0,,,60.0,33.0,33.0,,,,,,,,,
1743,"48W000000SPLN-1A","48W000000SPLN-1A",903.0,5,232,75.0,55.0,100.0,361.20000000000005,0.0,0.0,0.0,,,60.0,903.0,903.0,,,,,,,,,
1744,"48W000000STAY-1Y","48W000000STAY-1Y",457.0,5,232,75.0,55.0,100.0,182.8,0.0,0.0,0.0,,,60.0,457.0,457.0,,,,,,,,,
1745,"48W000000STAY-2W","48W000000STAY-2W",457.0,5,232,75.0,55.0,100.0,182.8,0.0,0.0,0.0,,,60.0,457.0,457.0,,,,,,,,,
1746,"48W000000STAY-3U","48W000000STAY-3U",457.0,5,232,75.0,55.0,100.0,182.8,0.0,0.0,0.0,,,60.0,457.0,457.0,,,,,,,,,
1747,"48W000000STAY-4S","48W000000STAY-4S",457.0,5,232,75.0,55.0,100.0,182.8,0.0,0.0,0.0,,,60.0,457.0,457.0,,,,,,,,,
1748,"48W000000SUTB-1P","48W000000SUTB-1P",819.0,5,232,75.0,55.0,100.0,327.6,0.0,0.0,0.0,,,60.0,819.0,819.0,,,,,,,,,
1749,"48W000000TAYL2GY","48W000000TAYL2GY",72.0,5,232,75.0,55.0,100.0,28.8,0.0,0.0,0.0,,,60.0,72.0,72.0,,,,,,,,,
1750,"48W000000TAYL3GV","48W000000TAYL3GV",72.0,5,232,75.0,55.0,100.0,28.8,0.0,0.0,0.0,,,60.0,72.0,72.0,,,,,,,,,
1751,"48W000000TORN-1G","48W000000TORN-1G",685.0,3,232,75.0,50.0,100.0,274.0,0.0,0.0,0.0,,,60.0,685.0,685.0,,,,,,,,,
1752,"48W000000TORN-2E","48W000000TORN-2E",685.0,3,232,75.0,50.0,100.0,274.0,0.0,0.0,0.0,,,60.0,685.0,685.0,,,,,,,,,
1753,"48W000000WYLF-1Y","48W000000WYLF-1Y",335.0,3,232,75.0,50.0,100.0,134.0,0.0,0.0,0.0,,,60.0,335.0,335.0,,,,,,,,,
1754,"48W000000WYLF-2W","48W000000WYLF-2W",335.0,3,232,75.0,50.0,100.0,134.0,0.0,0.0,0.0,,,60.0,335.0,335.0,,,,,,,,,
1755,"48W000000WYLF-3U","48W000000WYLF-3U",335.0,3,232,75.0,50.0,100.0,134.0,0.0,0.0,0.0,0.0,0.0,60.0,335.0,335.0,0,0.0,0.0,0.0,0.0,0.0,0.0,,
1756,"48W000000WYLF-4S","48W000000WYLF-4S",335.0,3,232,75.0,50.0,100.0,134.0,0.0,0.0,0.0,0.0,0.0,60.0,335.0,335.0,0,0.0,0.0,0.0,0.0,0.0,0.0,,
1757,"48W00000ABRBO-19","48W00000ABRBO-19",99.0,6,232,75.0,50.0,100.0,39.6,0.0,0.0,0.0,,,60.0,99.0,99.0,,,,,,,,,
1758,"48W00000ABRTW-1Z","48W00000ABRTW-1Z",36.0,2,232,75.0,50.0,100.0,14.4,0.0,0.0,0.0,,,60.0,36.0,36.0,,,,,,,,,
1759,"48W00000ACHRW-1O","48W00000ACHRW-1O",43.0,2,232,75.0,50.0,100.0,17.2,0.0,0.0,0.0,,,60.0,43.0,43.0,,,,,,,,,
1760,"48W00000AKGLW-22","48W00000AKGLW-22",63.0,2,232,75.0,50.0,100.0,25.200000000000003,0.0,0.0,0.0,,,60.0,63.0,63.0,,,,,,,,,
1761,"48W00000ANSUW-1E","48W00000ANSUW-1E",19.0,2,232,75.0,50.0,100.0,7.6000000000000005,0.0,0.0,0.0,,,60.0,19.0,19.0,,,,,,,,,
1762,"48W00000ASHWW-1Z","48W00000ASHWW-1Z",35.0,2,232,75.0,50.0,100.0,14.0,0.0,0.0,0.0,,,60.0,35.0,35.0,,,,,,,,,
1763,"48W00000BABAW-13","48W00000BABAW-13",52.0,2,232,75.0,50.0,100.0,20.8,0.0,0.0,0.0,,,60.0,52.0,52.0,,,,,,,,,
1764,"48W00000BEATO-1T","48W00000BEATO-1T",126.0,6,232,75.0,50.0,100.0,50.400000000000006,0.0,0.0,0.0,,,60.0,126.0,126.0,,,,,,,,,
1765,"48W00000BEATO-2R","48W00000BEATO-2R",126.0,6,232,75.0,50.0,100.0,50.400000000000006,0.0,0.0,0.0,,,60.0,126.0,126.0,,,,,,,,,
1766,"48W00000BEATO-3P","48W00000BEATO-3P",168.0,6,232,75.0,50.0,100.0,67.2,0.0,0.0,0.0,,,60.0,168.0,168.0,,,,,,,,,
1767,"48W00000BEATO-4N","48W00000BEATO-4N",168.0,6,232,75.0,50.0,100.0,67.2,0.0,0.0,0.0,,,60.0,168.0,168.0,,,,,,,,,
1768,"48W00000BEINW-1G","48W00000BEINW-1G",109.0,2,232,75.0,50.0,100.0,43.6,0.0,0.0,0.0,,,60.0,109.0,109.0,,,,,,,,,
1769,"48W00000BETHW-1H","48W00000BETHW-1H",30.0,2,232,75.0,50.0,100.0,12.0,0.0,0.0,0.0,,,60.0,30.0,30.0,,,,,,,,,
1770,"48W00000BHLAW-15","48W00000BHLAW-15",108.0,2,232,75.0,50.0,100.0,43.2,0.0,0.0,0.0,,,60.0,108.0,108.0,,,,,,,,,
1771,"48W00000BLKWW-1L","48W00000BLKWW-1L",53.0,2,232,75.0,50.0,100.0,21.200000000000003,0.0,0.0,0.0,,,60.0,53.0,53.0,,,,,,,,,
1772,"48W00000BNWKW-1W","48W00000BNWKW-1W",22.0,2,232,75.0,50.0,100.0,8.8,0.0,0.0,0.0,,,60.0,22.0,22.0,,,,,,,,,
1773,"48W00000BOWLW-1K","48W00000BOWLW-1K",90.0,6,232,75.0,50.0,100.0,36.0,0.0,0.0,0.0,,,60.0,90.0,90.0,,,,,,,,,
1774,"48W00000BRBEO-17","48W00000BRBEO-17",254.0,6,232,75.0,50.0,100.0,101.60000000000001,0.0,0.0,0.0,,,60.0,254.0,254.0,,,,,,,,,
1775,"48W00000BRDUW-1V","48W00000BRDUW-1V",74.0,2,232,75.0,50.0,100.0,29.6,0.0,0.0,0.0,,,60.0,74.0,74.0,,,,,,,,,
1776,"48W00000BRYBW-10","48W00000BRYBW-10",66.0,2,232,75.0,50.0,100.0,26.400000000000002,0.0,0.0,0.0,,,60.0,66.0,66.0,,,,,,,,,
1777,"48W00000BTUIW-2A","48W00000BTUIW-2A",43.0,2,232,75.0,50.0,100.0,17.2,0.0,0.0,0.0,,,60.0,43.0,43.0,,,,,,,,,
1778,"48W00000BURBW-1L","48W00000BURBW-1L",90.0,6,232,75.0,50.0,100.0,36.0,0.0,0.0,0.0,,,60.0,90.0,90.0,,,,,,,,,
1779,"48W00000CAIRW-2E","48W00000CAIRW-2E",42.0,2,232,75.0,50.0,100.0,16.8,0.0,0.0,0.0,,,60.0,42.0,42.0,,,,,,,,,
1780,"48W00000CGTHW-1W","48W00000CGTHW-1W",69.0,2,232,75.0,50.0,100.0,27.6,0.0,0.0,0.0,,,60.0,69.0,69.0,,,,,,,,,
1781,"48W00000CLDCW-17","48W00000CLDCW-17",198.0,2,232,75.0,50.0,100.0,79.2,0.0,0.0,0.0,,,60.0,198.0,198.0,,,,,,,,,
1782,"48W00000CLDNW-1Q","48W00000CLDNW-1Q",198.0,2,232,75.0,50.0,100.0,79.2,0.0,0.0,0.0,,,60.0,198.0,198.0,,,,,,,,,
1783,"48W00000CLDRW-16","48W00000CLDRW-16",37.0,2,232,75.0,50.0,100.0,14.8,0.0,0.0,0.0,,,60.0,37.0,37.0,,,,,,,,,
1784,"48W00000CLDSW-11","48W00000CLDSW-11",128.0,2,232,75.0,50.0,100.0,51.2,0.0,0.0,0.0,,,60.0,128.0,128.0,,,,,,,,,
1785,"48W00000CLFLW-1O","48W00000CLFLW-1O",15.0,2,232,75.0,50.0,100.0,6.0,0.0,0.0,0.0,,,60.0,15.0,15.0,,,,,,,,,
1786,"48W00000CNQPS-1E","48W00000CNQPS-1E",375.0,5,232,75.0,55.0,100.0,150.0,0.0,0.0,0.0,,,60.0,375.0,375.0,,,,,,,,,
1787,"48W00000CNQPS-2C","48W00000CNQPS-2C",375.0,5,232,75.0,55.0,100.0,150.0,0.0,0.0,0.0,,,60.0,375.0,375.0,,,,,,,,,
1788,"48W00000CNQPS-3A","48W00000CNQPS-3A",375.0,5,232,75.0,55.0,100.0,150.0,0.0,0.0,0.0,,,60.0,375.0,375.0,,,,,,,,,
1789,"48W00000CNQPS-48","48W00000CNQPS-48",375.0,5,232,75.0,55.0,100.0,150.0,0.0,0.0,0.0,,,60.0,375.0,375.0,,,,,,,,,
1790,"48W00000COTPS-1Q","48W00000COTPS-1Q",497.0,8,232,75.0,50.0,100.0,198.8,0.0,0.0,0.0,,,60.0,497.0,497.0,,,,,,,,,
1791,"48W00000COTPS-2O","48W00000COTPS-2O",507.0,8,232,75.0,50.0,100.0,202.8,0.0,0.0,0.0,,,60.0,507.0,507.0,,,,,,,,,
1792,"48W00000COTPS-3M","48W00000COTPS-3M",507.0,8,232,75.0,50.0,100.0,202.8,0.0,0.0,0.0,,,60.0,507.0,507.0,,,,,,,,,
1793,"48W00000COTPS-4K","48W00000COTPS-4K",497.0,8,232,75.0,50.0,100.0,198.8,0.0,0.0,0.0,,,60.0,497.0,497.0,,,,,,,,,
1794,"48W00000COUWW-16","48W00000COUWW-16",21.0,2,232,75.0,50.0,100.0,8.4,0.0,0.0,0.0,,,60.0,21.0,21.0,,,,,,,,,
1795,"48W00000CRGHW-1X","48W00000CRGHW-1X",46.0,2,232,75.0,50.0,100.0,18.400000000000002,0.0,0.0,0.0,,,60.0,46.0,46.0,,,,,,,,,
1796,"48W00000CRMLW-1E","48W00000CRMLW-1E",47.0,2,232,75.0,50.0,100.0,18.8,0.0,0.0,0.0,,,60.0,47.0,47.0,,,,,,,,,
1797,"48W00000CRYRW-2L","48W00000CRYRW-2L",200.0,2,232,75.0,50.0,100.0,80.0,0.0,0.0,0.0,,,60.0,200.0,200.0,,,,,,,,,
1798,"48W00000DALSW-1M","48W00000DALSW-1M",30.0,2,232,75.0,50.0,100.0,12.0,0.0,0.0,0.0,,,60.0,30.0,30.0,,,,,,,,,
1799,"48W00000DDGNO-1E","48W00000DDGNO-1E",108.0,6,232,75.0,50.0,100.0,43.2,0.0,0.0,0.0,,,60.0,108.0,108.0,,,,,,,,,
1800,"48W00000DDGNO-2C","48W00000DDGNO-2C",90.0,6,232,75.0,50.0,100.0,36.0,0.0,0.0,0.0,,,60.0,90.0,90.0,,,,,,,,,
1801,"48W00000DDGNO-3A","48W00000DDGNO-3A",102.0,6,232,75.0,50.0,100.0,40.800000000000004,0.0,0.0,0.0,,,60.0,102.0,102.0,,,,,,,,,
1802,"48W00000DDGNO-48","48W00000DDGNO-48",102.0,6,232,75.0,50.0,100.0,40.800000000000004,0.0,0.0,0.0,,,60.0,102.0,102.0,,,,,,,,,
1803,"48W00000DIDC01G1","48W00000DIDC01G1",25.0,14,232,75.0,50.0,100.0,10.0,0.0,0.0,0.0,,,60.0,25.0,25.0,,,,,,,,,
1804,"48W00000DIDC02GZ","48W00000DIDC02GZ",25.0,14,232,75.0,50.0,100.0,10.0,0.0,0.0,0.0,,,60.0,25.0,25.0,,,,,,,,,
1805,"48W00000DIDC03GW","48W00000DIDC03GW",25.0,14,232,75.0,50.0,100.0,10.0,0.0,0.0,0.0,,,60.0,25.0,25.0,,,,,,,,,
1806,"48W00000DIDC04GT","48W00000DIDC04GT",25.0,14,232,75.0,50.0,100.0,10.0,0.0,0.0,0.0,,,60.0,25.0,25.0,,,,,,,,,
1807,"48W00000DRAXX-1E","48W00000DRAXX-1E",660.0,10,232,75.0,50.0,100.0,264.0,0.0,0.0,0.0,,,60.0,660.0,660.0,,,,,,,,,
1808,"48W00000DRAXX-2C","48W00000DRAXX-2C",645.0,10,232,75.0,50.0,100.0,258.0,0.0,0.0,0.0,,,60.0,645.0,645.0,,,,,,,,,
1809,"48W00000DRAXX-3A","48W00000DRAXX-3A",645.0,10,232,75.0,50.0,100.0,258.0,0.0,0.0,0.0,,,60.0,645.0,645.0,,,,,,,,,
1810,"48W00000DRAXX-48","48W00000DRAXX-48",615.0,10,232,75.0,50.0,100.0,246.0,0.0,0.0,0.0,,,60.0,615.0,615.0,,,,,,,,,
1811,"48W00000DRAXX-56","48W00000DRAXX-56",645.0,8,232,75.0,50.0,100.0,258.0,0.0,0.0,0.0,,,60.0,645.0,645.0,,,,,,,,,
1812,"48W00000DRAXX-64","48W00000DRAXX-64",645.0,8,232,75.0,50.0,100.0,258.0,0.0,0.0,0.0,,,60.0,645.0,645.0,,,,,,,,,
1813,"48W00000DRSLW-17","48W00000DRSLW-17",69.0,2,232,75.0,50.0,100.0,27.6,0.0,0.0,0.0,,,60.0,69.0,69.0,,,,,,,,,
1814,"48W00000DUNGW-14","48W00000DUNGW-14",84.0,2,232,75.0,50.0,100.0,33.6,0.0,0.0,0.0,,,60.0,84.0,84.0,,,,,,,,,
1815,"48W00000EGGPS-1X","48W00000EGGPS-1X",525.0,8,232,75.0,50.0,100.0,210.0,0.0,0.0,0.0,0.0,0.0,60.0,525.0,525.0,0,0.0,0.0,0.0,0.0,0.0,0.0,,
1816,"48W00000EGGPS-2V","48W00000EGGPS-2V",525.0,8,232,75.0,50.0,100.0,210.0,0.0,0.0,0.0,0.0,0.0,60.0,525.0,525.0,0,0.0,0.0,0.0,0.0,0.0,0.0,,
1817,"48W00000EGGPS-3T","48W00000EGGPS-3T",525.0,8,232,75.0,50.0,100.0,210.0,0.0,0.0,0.0,0.0,0.0,60.0,525.0,525.0,0,0.0,0.0,0.0,0.0,0.0,0.0,,
1818,"48W00000EGGPS-4R","48W00000EGGPS-4R",525.0,8,232,75.0,50.0,100.0,210.0,0.0,0.0,0.0,0.0,0.0,60.0,525.0,525.0,0,0.0,0.0,0.0,0.0,0.0,0.0,,
1819,"48W00000EWHLW-1U","48W00000EWHLW-1U",39.0,2,232,75.0,50.0,100.0,15.600000000000001,0.0,0.0,0.0,,,60.0,39.0,39.0,,,,,,,,,
1820,"48W00000FAARW-13","48W00000FAARW-13",70.0,2,232,75.0,50.0,100.0,28.0,0.0,0.0,0.0,,,60.0,70.0,70.0,,,,,,,,,
1821,"48W00000FAARW-21","48W00000FAARW-21",70.0,2,232,75.0,50.0,100.0,28.0,0.0,0.0,0.0,,,60.0,70.0,70.0,,,,,,,,,
1822,"48W00000FALGW-1T","48W00000FALGW-1T",144.0,2,232,75.0,50.0,100.0,57.6,0.0,0.0,0.0,,,60.0,144.0,144.0,,,,,,,,,
1823,"48W00000FDUNT-15","48W00000FDUNT-15",99.0,2,232,75.0,50.0,100.0,39.6,0.0,0.0,0.0,,,60.0,99.0,99.0,,,,,,,,,
1824,"48W00000FERR-5GV","48W00000FERR-5GV",17.0,5,232,75.0,55.0,100.0,6.800000000000001,0.0,0.0,0.0,0.0,0.0,60.0,17.0,17.0,0,0.0,0.0,0.0,0.0,0.0,0.0,,
1825,"48W00000FERR-8GM","48W00000FERR-8GM",17.0,5,232,75.0,55.0,100.0,6.800000000000001,0.0,0.0,0.0,0.0,0.0,60.0,17.0,17.0,0,0.0,0.0,0.0,0.0,0.0,0.0,,
1826,"48W00000FIDL-2GF","48W00000FIDL-2GF",17.0,5,232,75.0,55.0,100.0,6.800000000000001,0.0,0.0,0.0,,,60.0,17.0,17.0,,,,,,,,,
1827,"48W00000FIDL-3GC","48W00000FIDL-3GC",17.0,5,232,75.0,55.0,100.0,6.800000000000001,0.0,0.0,0.0,,,60.0,17.0,17.0,,,,,,,,,
1828,"48W00000FSDLW-10","48W00000FSDLW-10",22.0,2,232,75.0,50.0,100.0,8.8,0.0,0.0,0.0,,,60.0,22.0,22.0,,,,,,,,,
1829,"48W00000GDSTW-14","48W00000GDSTW-14",13.0,2,232,75.0,50.0,100.0,5.2,0.0,0.0,0.0,,,60.0,13.0,13.0,,,,,,,,,
1830,"48W00000GFLDW-11","48W00000GFLDW-11",32.0,2,232,75.0,50.0,100.0,12.8,0.0,0.0,0.0,,,60.0,32.0,32.0,,,,,,,,,
1831,"48W00000GLNDO-1G","48W00000GLNDO-1G",100.0,11,232,75.0,50.0,100.0,40.0,0.0,0.0,0.0,,,60.0,100.0,100.0,,,,,,,,,
1832,"48W00000GLOFW-15","48W00000GLOFW-15",26.0,2,232,75.0,50.0,100.0,10.4,0.0,0.0,0.0,,,60.0,26.0,26.0,,,,,,,,,
1833,"48W00000GLWSW-13","48W00000GLWSW-13",56.0,2,232,75.0,50.0,100.0,22.400000000000002,0.0,0.0,0.0,,,60.0,56.0,56.0,,,,,,,,,
1834,"48W00000GNAPW-1P","48W00000GNAPW-1P",32.0,2,232,75.0,50.0,100.0,12.8,0.0,0.0,0.0,,,60.0,32.0,32.0,,,,,,,,,
1835,"48W00000GNFSW-1H","48W00000GNFSW-1H",100.0,6,232,75.0,50.0,100.0,40.0,0.0,0.0,0.0,,,60.0,100.0,100.0,,,,,,,,,
1836,"48W00000GNFSW-2F","48W00000GNFSW-2F",65.0,6,232,75.0,50.0,100.0,26.0,0.0,0.0,0.0,,,60.0,65.0,65.0,,,,,,,,,
1837,"48W00000GORDW-1D","48W00000GORDW-1D",70.0,2,232,75.0,50.0,100.0,28.0,0.0,0.0,0.0,,,60.0,70.0,70.0,,,,,,,,,
1838,"48W00000GRGBW-1V","48W00000GRGBW-1V",334.0,6,232,75.0,50.0,100.0,133.6,0.0,0.0,0.0,,,60.0,334.0,334.0,,,,,,,,,
1839,"48W00000GRGBW-2T","48W00000GRGBW-2T",167.0,6,232,75.0,50.0,100.0,66.8,0.0,0.0,0.0,,,60.0,167.0,167.0,,,,,,,,,
1840,"48W00000GRGBW-3R","48W00000GRGBW-3R",167.0,6,232,75.0,50.0,100.0,66.8,0.0,0.0,0.0,,,60.0,167.0,167.0,,,,,,,,,
1841,"48W00000GRIFW-2Y","48W00000GRIFW-2Y",102.0,2,232,75.0,50.0,100.0,40.800000000000004,0.0,0.0,0.0,,,60.0,102.0,102.0,,,,,,,,,
1842,"48W00000HADHW-1J","48W00000HADHW-1J",130.0,2,232,75.0,50.0,100.0,52.0,0.0,0.0,0.0,,,60.0,130.0,130.0,,,,,,,,,
1843,"48W00000HBHDW-18","48W00000HBHDW-18",52.0,2,232,75.0,50.0,100.0,20.8,0.0,0.0,0.0,,,60.0,52.0,52.0,,,,,,,,,
1844,"48W00000HLGLW-1F","48W00000HLGLW-1F",28.0,2,232,75.0,50.0,100.0,11.200000000000001,0.0,0.0,0.0,,,60.0,28.0,28.0,,,,,,,,,
1845,"48W00000HLTWW-1U","48W00000HLTWW-1U",48.0,2,232,75.0,50.0,100.0,19.200000000000003,0.0,0.0,0.0,,,60.0,48.0,48.0,,,,,,,,,
1846,"48W00000HMGTO-10","48W00000HMGTO-10",108.0,6,232,75.0,50.0,100.0,43.2,0.0,0.0,0.0,,,60.0,108.0,108.0,,,,,,,,,
1847,"48W00000HOWAO-1M","48W00000HOWAO-1M",406.0,6,232,75.0,50.0,100.0,162.4,0.0,0.0,0.0,,,60.0,406.0,406.0,,,,,,,,,
1848,"48W00000HOWAO-2K","48W00000HOWAO-2K",406.0,6,232,75.0,50.0,100.0,162.4,0.0,0.0,0.0,,,60.0,406.0,406.0,,,,,,,,,
1849,"48W00000HOWAO-3I","48W00000HOWAO-3I",406.0,6,232,75.0,50.0,100.0,162.4,0.0,0.0,0.0,,,60.0,406.0,406.0,,,,,,,,,
1850,"48W00000HRSTW-19","48W00000HRSTW-19",126.0,2,232,75.0,50.0,100.0,50.400000000000006,0.0,0.0,0.0,,,60.0,126.0,126.0,,,,,,,,,
1851,"48W00000HYWDW-1G","48W00000HYWDW-1G",30.0,6,232,75.0,50.0,100.0,12.0,0.0,0.0,0.0,,,60.0,30.0,30.0,,,,,,,,,
1852,"48W00000IRNPS-2S","48W00000IRNPS-2S",500.0,1,232,75.0,50.0,100.0,200.0,0.0,0.0,0.0,0.0,0.0,60.0,500.0,500.0,0,0.0,0.0,0.0,0.0,0.0,0.0,,
1853,"48W00000KILBW-1W","48W00000KILBW-1W",67.0,2,232,75.0,50.0,100.0,26.8,0.0,0.0,0.0,,,60.0,67.0,67.0,,,,,,,,,
1854,"48W00000KILNS-1P","48W00000KILNS-1P",680.0,5,232,75.0,55.0,100.0,272.0,0.0,0.0,0.0,0.0,0.0,60.0,680.0,680.0,0,0.0,0.0,0.0,0.0,0.0,0.0,,
1855,"48W00000KLGLW-1S","48W00000KLGLW-1S",228.0,2,232,75.0,50.0,100.0,91.2,0.0,0.0,0.0,,,60.0,228.0,228.0,,,,,,,,,
1856,"48W00000KNLCV-1X","48W00000KNLCV-1X",28.0,13,232,75.0,50.0,100.0,11.200000000000001,0.0,0.0,0.0,,,60.0,28.0,28.0,,,,,,,,,
1857,"48W00000LARYO-1Z","48W00000LARYO-1Z",180.0,6,232,75.0,50.0,100.0,72.0,0.0,0.0,0.0,,,60.0,180.0,180.0,,,,,,,,,
1858,"48W00000LARYO-2X","48W00000LARYO-2X",180.0,6,232,75.0,50.0,100.0,72.0,0.0,0.0,0.0,,,60.0,180.0,180.0,,,,,,,,,
1859,"48W00000LARYO-3V","48W00000LARYO-3V",180.0,6,232,75.0,50.0,100.0,72.0,0.0,0.0,0.0,,,60.0,180.0,180.0,,,,,,,,,
1860,"48W00000LARYO-4T","48W00000LARYO-4T",180.0,6,232,75.0,50.0,100.0,72.0,0.0,0.0,0.0,,,60.0,180.0,180.0,,,,,,,,,
1861,"48W00000LBAR-1G7","48W00000LBAR-1G7",17.0,14,232,75.0,50.0,100.0,6.800000000000001,0.0,0.0,0.0,,,60.0,17.0,17.0,,,,,,,,,
1862,"48W00000LCLTW-1D","48W00000LCLTW-1D",69.0,2,232,75.0,50.0,100.0,27.6,0.0,0.0,0.0,,,60.0,69.0,69.0,,,,,,,,,
1863,"48W00000LCSMH-1T","48W00000LCSMH-1T",28.0,13,232,75.0,50.0,100.0,11.200000000000001,0.0,0.0,0.0,,,60.0,28.0,28.0,,,,,,,,,
1864,"48W00000LNCSO-1R","48W00000LNCSO-1R",125.0,6,232,75.0,50.0,100.0,50.0,0.0,0.0,0.0,,,60.0,125.0,125.0,,,,,,,,,
1865,"48W00000LNCSO-2P","48W00000LNCSO-2P",125.0,6,232,75.0,50.0,100.0,50.0,0.0,0.0,0.0,,,60.0,125.0,125.0,,,,,,,,,
1866,"48W00000LNMTH-1R","48W00000LNMTH-1R",133.0,16,232,75.0,50.0,100.0,53.2,0.0,0.0,0.0,,,60.0,133.0,133.0,,,,,,,,,
1867,"48W00000LNMTH-2P","48W00000LNMTH-2P",133.0,16,232,75.0,50.0,100.0,53.2,0.0,0.0,0.0,,,60.0,133.0,133.0,,,,,,,,,
1868,"48W00000LNMTH-3N","48W00000LNMTH-3N",133.0,16,232,75.0,50.0,100.0,53.2,0.0,0.0,0.0,,,60.0,133.0,133.0,,,,,,,,,
1869,"48W00000MDHLW-1P","48W00000MDHLW-1P",76.0,2,232,75.0,50.0,100.0,30.400000000000002,0.0,0.0,0.0,,,60.0,76.0,76.0,,,,,,,,,
1870,"48W00000MIDMW-19","48W00000MIDMW-19",51.0,2,232,75.0,50.0,100.0,20.400000000000002,0.0,0.0,0.0,,,60.0,51.0,51.0,,,,,,,,,
1871,"48W00000MILWW-1M","48W00000MILWW-1M",65.0,2,232,75.0,50.0,100.0,26.0,0.0,0.0,0.0,,,60.0,65.0,65.0,,,,,,,,,
1872,"48W00000MINSW-1U","48W00000MINSW-1U",38.0,2,232,75.0,50.0,100.0,15.200000000000001,0.0,0.0,0.0,,,60.0,38.0,38.0,,,,,,,,,
1873,"48W00000MKHLW-1D","48W00000MKHLW-1D",56.0,2,232,75.0,50.0,100.0,22.400000000000002,0.0,0.0,0.0,,,60.0,56.0,56.0,,,,,,,,,
1874,"48W00000OMNDO-1J","48W00000OMNDO-1J",150.0,6,232,75.0,50.0,100.0,60.0,0.0,0.0,0.0,,,60.0,150.0,150.0,,,,,,,,,
1875,"48W00000PEMB-11T","48W00000PEMB-11T",465.0,5,232,75.0,55.0,100.0,186.0,0.0,0.0,0.0,,,60.0,465.0,465.0,,,,,,,,,
1876,"48W00000PEMB-21Q","48W00000PEMB-21Q",465.0,5,232,75.0,55.0,100.0,186.0,0.0,0.0,0.0,,,60.0,465.0,465.0,,,,,,,,,
1877,"48W00000PEMB-31N","48W00000PEMB-31N",465.0,5,232,75.0,55.0,100.0,186.0,0.0,0.0,0.0,,,60.0,465.0,465.0,,,,,,,,,
1878,"48W00000PEMB-41K","48W00000PEMB-41K",445.0,5,232,75.0,55.0,100.0,178.0,0.0,0.0,0.0,,,60.0,445.0,445.0,,,,,,,,,
1879,"48W00000PEMB-51H","48W00000PEMB-51H",465.0,5,232,75.0,55.0,100.0,186.0,0.0,0.0,0.0,,,60.0,465.0,465.0,,,,,,,,,
1880,"48W00000RCBKO-1S","48W00000RCBKO-1S",279.0,6,232,75.0,50.0,100.0,111.60000000000001,0.0,0.0,0.0,,,60.0,279.0,279.0,,,,,,,,,
1881,"48W00000RCBKO-2Q","48W00000RCBKO-2Q",286.0,6,232,75.0,50.0,100.0,114.4,0.0,0.0,0.0,,,60.0,286.0,286.0,,,,,,,,,
1882,"48W00000RMPNO-17","48W00000RMPNO-17",200.0,6,232,75.0,50.0,100.0,80.0,0.0,0.0,0.0,,,60.0,200.0,200.0,,,,,,,,,
1883,"48W00000RMPNO-25","48W00000RMPNO-25",200.0,6,232,75.0,50.0,100.0,80.0,0.0,0.0,0.0,,,60.0,200.0,200.0,,,,,,,,,
1884,"48W00000RUGGT-6A","48W00000RUGGT-6A",25.0,5,232,75.0,55.0,100.0,10.0,0.0,0.0,0.0,0.0,0.0,60.0,25.0,25.0,0,0.0,0.0,0.0,0.0,0.0,0.0,,
1885,"48W00000RUGGT-78","48W00000RUGGT-78",25.0,5,232,75.0,55.0,100.0,10.0,0.0,0.0,0.0,0.0,0.0,60.0,25.0,25.0,0,0.0,0.0,0.0,0.0,0.0,0.0,,
1886,"48W00000RUGPS-66","48W00000RUGPS-66",488.0,8,232,75.0,50.0,100.0,195.20000000000002,0.0,0.0,0.0,0.0,0.0,60.0,488.0,488.0,0,0.0,0.0,0.0,0.0,0.0,0.0,,
1887,"48W00000RUGPS-74","48W00000RUGPS-74",488.0,8,232,75.0,50.0,100.0,195.20000000000002,0.0,0.0,0.0,,,60.0,488.0,488.0,,,,,,,,,
1888,"48W00000RYHPS-1J","48W00000RYHPS-1J",715.0,5,232,75.0,55.0,100.0,286.0,0.0,0.0,0.0,,,60.0,715.0,715.0,,,,,,,,,
1889,"48W00000SANQW-1B","48W00000SANQW-1B",33.0,2,232,75.0,50.0,100.0,13.200000000000001,0.0,0.0,0.0,,,60.0,33.0,33.0,,,,,,,,,
1890,"48W00000SHRSO-1Y","48W00000SHRSO-1Y",157.0,2,232,75.0,50.0,100.0,62.800000000000004,0.0,0.0,0.0,,,60.0,157.0,157.0,,,,,,,,,
1891,"48W00000SHRSO-2W","48W00000SHRSO-2W",157.0,2,232,75.0,50.0,100.0,62.800000000000004,0.0,0.0,0.0,,,60.0,157.0,157.0,,,,,,,,,
1892,"48W00000STLGW-1E","48W00000STLGW-1E",75.0,2,232,75.0,50.0,100.0,30.0,0.0,0.0,0.0,,,60.0,75.0,75.0,,,,,,,,,
1893,"48W00000STLGW-2C","48W00000STLGW-2C",75.0,2,232,75.0,50.0,100.0,30.0,0.0,0.0,0.0,,,60.0,75.0,75.0,,,,,,,,,
1894,"48W00000STLGW-3A","48W00000STLGW-3A",75.0,2,232,75.0,50.0,100.0,30.0,0.0,0.0,0.0,,,60.0,75.0,75.0,,,,,,,,,
1895,"48W00000STRNW-1H","48W00000STRNW-1H",68.0,2,232,75.0,50.0,100.0,27.200000000000003,0.0,0.0,0.0,,,60.0,68.0,68.0,,,,,,,,,
1896,"48W00000SVRP-10A","48W00000SVRP-10A",425.0,5,232,75.0,55.0,100.0,170.0,0.0,0.0,0.0,,,60.0,425.0,425.0,,,,,,,,,
1897,"48W00000SVRP-207","48W00000SVRP-207",425.0,5,232,75.0,55.0,100.0,170.0,0.0,0.0,0.0,,,60.0,425.0,425.0,,,,,,,,,
1898,"48W00000TDBNW-1W","48W00000TDBNW-1W",28.0,2,232,75.0,50.0,100.0,11.200000000000001,0.0,0.0,0.0,,,60.0,28.0,28.0,,,,,,,,,
1899,"48W00000TLYMW-1S","48W00000TLYMW-1S",15.0,2,232,75.0,50.0,100.0,6.0,0.0,0.0,0.0,,,60.0,15.0,15.0,,,,,,,,,
1900,"48W00000TULWW-1U","48W00000TULWW-1U",17.0,2,232,75.0,50.0,100.0,6.800000000000001,0.0,0.0,0.0,,,60.0,17.0,17.0,,,,,,,,,
1901,"48W00000TULWW-2S","48W00000TULWW-2S",25.0,2,232,75.0,50.0,100.0,10.0,0.0,0.0,0.0,,,60.0,25.0,25.0,,,,,,,,,
1902,"48W00000USKM-13T","48W00000USKM-13T",121.0,8,232,75.0,50.0,100.0,48.400000000000006,0.0,0.0,0.0,0.0,0.0,60.0,121.0,121.0,0,0.0,0.0,0.0,0.0,0.0,0.0,,
1903,"48W00000USKM-14R","48W00000USKM-14R",121.0,8,232,75.0,50.0,100.0,48.400000000000006,0.0,0.0,0.0,0.0,0.0,60.0,121.0,121.0,0,0.0,0.0,0.0,0.0,0.0,0.0,,
1904,"48W00000USKM-15P","48W00000USKM-15P",121.0,8,232,75.0,50.0,100.0,48.400000000000006,0.0,0.0,0.0,,,60.0,121.0,121.0,,,,,,,,,
1905,"48W00000WBUGT-1T","48W00000WBUGT-1T",20.0,5,232,75.0,55.0,100.0,8.0,0.0,0.0,0.0,,,60.0,20.0,20.0,,,,,,,,,
1906,"48W00000WBUGT-4N","48W00000WBUGT-4N",20.0,5,232,75.0,55.0,100.0,8.0,0.0,0.0,0.0,,,60.0,20.0,20.0,,,,,,,,,
1907,"48W00000WBUPS-1P","48W00000WBUPS-1P",503.0,8,232,75.0,50.0,100.0,201.20000000000002,0.0,0.0,0.0,,,60.0,503.0,503.0,,,,,,,,,
1908,"48W00000WBUPS-2N","48W00000WBUPS-2N",503.0,8,232,75.0,50.0,100.0,201.20000000000002,0.0,0.0,0.0,,,60.0,503.0,503.0,,,,,,,,,
1909,"48W00000WBUPS-3L","48W00000WBUPS-3L",503.0,8,232,75.0,50.0,100.0,201.20000000000002,0.0,0.0,0.0,,,60.0,503.0,503.0,,,,,,,,,
1910,"48W00000WBUPS-4J","48W00000WBUPS-4J",503.0,8,232,75.0,50.0,100.0,201.20000000000002,0.0,0.0,0.0,,,60.0,503.0,503.0,,,,,,,,,
1911,"48W00000WBURB-19","48W00000WBURB-19",450.0,5,232,75.0,55.0,100.0,180.0,0.0,0.0,0.0,,,60.0,450.0,450.0,,,,,,,,,
1912,"48W00000WBURB-27","48W00000WBURB-27",460.0,5,232,75.0,55.0,100.0,184.0,0.0,0.0,0.0,,,60.0,460.0,460.0,,,,,,,,,
1913,"48W00000WBURB-35","48W00000WBURB-35",450.0,5,232,75.0,55.0,100.0,180.0,0.0,0.0,0.0,,,60.0,450.0,450.0,,,,,,,,,
1914,"48W00000WDNSO-1H","48W00000WDNSO-1H",191.0,6,232,75.0,50.0,100.0,76.4,0.0,0.0,0.0,,,60.0,191.0,191.0,,,,,,,,,
1915,"48W00000WDNSO-2F","48W00000WDNSO-2F",191.0,6,232,75.0,50.0,100.0,76.4,0.0,0.0,0.0,,,60.0,191.0,191.0,,,,,,,,,
1916,"48W00000WDNSW-1M","48W00000WDNSW-1M",191.0,2,232,75.0,50.0,100.0,76.4,0.0,0.0,0.0,0.0,0.0,60.0,191.0,191.0,0,0.0,0.0,0.0,0.0,0.0,0.0,,
1917,"48W00000WDNSW-2K","48W00000WDNSW-2K",191.0,2,232,75.0,50.0,100.0,76.4,0.0,0.0,0.0,0.0,0.0,60.0,191.0,191.0,0,0.0,0.0,0.0,0.0,0.0,0.0,,
1918,"48W00000WHIHW-15","48W00000WHIHW-15",27.0,2,232,75.0,50.0,100.0,10.8,0.0,0.0,0.0,,,60.0,27.0,27.0,,,,,,,,,
1919,"48W00000WHILW-1M","48W00000WHILW-1M",322.0,2,232,75.0,50.0,100.0,128.8,0.0,0.0,0.0,,,60.0,322.0,322.0,,,,,,,,,
1920,"48W00000WHILW-2K","48W00000WHILW-2K",238.0,2,232,75.0,50.0,100.0,95.2,0.0,0.0,0.0,,,60.0,238.0,238.0,,,,,,,,,
1921,"48W00000WILCT-1H","48W00000WILCT-1H",333.0,10,232,75.0,50.0,100.0,133.20000000000002,0.0,0.0,0.0,,,60.0,333.0,333.0,,,,,,,,,
1922,"48W00000WLNYO-23","48W00000WLNYO-23",183.0,6,232,75.0,50.0,100.0,73.2,0.0,0.0,0.0,,,60.0,183.0,183.0,,,,,,,,,
1923,"48W00000WLNYO-31","48W00000WLNYO-31",330.0,6,232,75.0,50.0,100.0,132.0,0.0,0.0,0.0,,,60.0,330.0,330.0,,,,,,,,,
1924,"48W00000WLNYO-4-","48W00000WLNYO-4-",329.0,6,232,75.0,50.0,100.0,131.6,0.0,0.0,0.0,,,60.0,329.0,329.0,,,,,,,,,
1925,"48W00000WLNYW-1A","48W00000WLNYW-1A",183.0,6,232,75.0,50.0,100.0,73.2,0.0,0.0,0.0,,,60.0,183.0,183.0,,,,,,,,,
1926,"48W00000WTMSO-1M","48W00000WTMSO-1M",210.0,2,232,75.0,50.0,100.0,84.0,0.0,0.0,0.0,,,60.0,210.0,210.0,,,,,,,,,
1927,"48W0000DRAXX-9GR","48W0000DRAXX-9GR",32.0,5,232,75.0,55.0,100.0,12.8,0.0,0.0,0.0,,,60.0,32.0,32.0,,,,,,,,,
1928,"48W0000GYMRO-15O","48W0000GYMRO-15O",148.0,6,232,75.0,50.0,100.0,59.2,0.0,0.0,0.0,,,60.0,148.0,148.0,,,,,,,,,
1929,"48W0000GYMRO-17K","48W0000GYMRO-17K",148.0,6,232,75.0,50.0,100.0,59.2,0.0,0.0,0.0,,,60.0,148.0,148.0,,,,,,,,,
1930,"48W0000GYMRO-26J","48W0000GYMRO-26J",148.0,6,232,75.0,50.0,100.0,59.2,0.0,0.0,0.0,,,60.0,148.0,148.0,,,,,,,,,
1931,"48W0000GYMRO-28F","48W0000GYMRO-28F",148.0,6,232,75.0,50.0,100.0,59.2,0.0,0.0,0.0,,,60.0,148.0,148.0,,,,,,,,,
1932,"48W0000KEADGT-3O","48W0000KEADGT-3O",30.0,5,232,75.0,55.0,100.0,12.0,0.0,0.0,0.0,,,60.0,30.0,30.0,,,,,,,,,
1933,"48W0000KILLPG-1Q","48W0000KILLPG-1Q",500.0,5,232,75.0,55.0,100.0,200.0,0.0,0.0,0.0,,,60.0,500.0,500.0,,,,,,,,,
1934,"48W0000KILLPG-2O","48W0000KILLPG-2O",500.0,5,232,75.0,55.0,100.0,200.0,0.0,0.0,0.0,,,60.0,500.0,500.0,,,,,,,,,
1935,"48W0000KLYN-A-1G","48W0000KLYN-A-1G",340.0,5,232,75.0,55.0,100.0,136.0,0.0,0.0,0.0,,,60.0,340.0,340.0,,,,,,,,,
1936,"48W0000RATSGT-2V","48W0000RATSGT-2V",17.0,5,232,75.0,55.0,100.0,6.800000000000001,0.0,0.0,0.0,,,60.0,17.0,17.0,,,,,,,,,
1937,"48W0000RATSGT-4R","48W0000RATSGT-4R",17.0,5,232,75.0,55.0,100.0,6.800000000000001,0.0,0.0,0.0,,,60.0,17.0,17.0,,,,,,,,,
1938,"48W000CAS-BEU01F","48W000CAS-BEU01F",98.0,11,232,75.0,50.0,100.0,39.2,0.0,0.0,0.0,,,60.0,98.0,98.0,,,,,,,,,
1939,"48W000CAS-CLU01B","48W000CAS-CLU01B",77.0,11,232,75.0,50.0,100.0,30.8,0.0,0.0,0.0,,,60.0,77.0,77.0,,,,,,,,,
1940,"48W000CAS-CON01O","48W000CAS-CON01O",87.0,11,232,75.0,50.0,100.0,34.800000000000004,0.0,0.0,0.0,,,60.0,87.0,87.0,,,,,,,,,
1941,"48W000CAS-GAR01H","48W000CAS-GAR01H",39.0,11,232,75.0,50.0,100.0,15.600000000000001,0.0,0.0,0.0,,,60.0,39.0,39.0,,,,,,,,,
1942,"48W000CAS-KIL01E","48W000CAS-KIL01E",60.0,11,232,75.0,50.0,100.0,24.0,0.0,0.0,0.0,,,60.0,60.0,60.0,,,,,,,,,
1943,"48W000CAS-MOR01M","48W000CAS-MOR01M",78.0,2,232,75.0,50.0,100.0,31.200000000000003,0.0,0.0,0.0,,,60.0,78.0,78.0,,,,,,,,,
1944,"48W000DRAXX-10G9","48W000DRAXX-10G9",32.0,5,232,75.0,55.0,100.0,12.8,0.0,0.0,0.0,,,60.0,32.0,32.0,,,,,,,,,
1945,"48W000DRAXX-12G3","48W000DRAXX-12G3",32.0,5,232,75.0,55.0,100.0,12.8,0.0,0.0,0.0,,,60.0,32.0,32.0,,,,,,,,,
1946,"48W100000ABTH8GN","48W100000ABTH8GN",17.0,14,232,75.0,50.0,100.0,6.800000000000001,0.0,0.0,0.0,,,60.0,17.0,17.0,,,,,,,,,
1947,"48W100000GRAI-6N","48W100000GRAI-6N",455.0,5,232,75.0,55.0,100.0,182.0,0.0,0.0,0.0,,,60.0,455.0,455.0,,,,,,,,,
1948,"48W100000GRMO-1N","48W100000GRMO-1N",144.0,5,232,75.0,55.0,100.0,57.6,0.0,0.0,0.0,,,60.0,144.0,144.0,,,,,,,,,
1949,"48W100000HUMR-1N","48W100000HUMR-1N",1240.0,5,232,75.0,55.0,100.0,496.0,0.0,0.0,0.0,,,60.0,1240.0,1240.0,,,,,,,,,
1950,"48W10000ARCHW-1N","48W10000ARCHW-1N",120.0,2,232,75.0,50.0,100.0,48.0,0.0,0.0,0.0,,,60.0,120.0,120.0,,,,,,,,,
1951,"48W10000EDINW-1N","48W10000EDINW-1N",42.0,2,232,75.0,50.0,100.0,16.8,0.0,0.0,0.0,,,60.0,42.0,42.0,,,,,,,,,
1952,"48W10000GRIFW-1N","48W10000GRIFW-1N",102.0,2,232,75.0,50.0,100.0,40.800000000000004,0.0,0.0,0.0,,,60.0,102.0,102.0,,,,,,,,,
1953,"49W000000000000J","49W000000000000J",120.3,2,146,75.0,50.0,100.0,48.120000000000005,0.0,0.0,0.0,0.0,0.0,0.0,120.3,120.3,0,0.0,0.0,0.0,0.0,0.0,0.0,,
1954,"49W000000000002F","49W000000000002F",631.0,8,146,75.0,50.0,100.0,335.0,0.0,0.0,0.0,,,5.0,631.0,631.0,,,,,,,,,
1955,"49W000000000004B","49W000000000004B",610.0,5,146,75.0,55.0,100.0,244.0,0.0,0.0,0.0,0.0,0.0,0.0,610.0,610.0,0,0.0,0.0,0.0,0.0,0.0,0.0,,
1956,"49W0000000000059","49W0000000000059",1304.0,5,146,75.0,55.0,100.0,415.0,0.0,0.0,0.0,,,7.0,1304.0,1304.0,,,,,,,,,
1957,"49W0000000000075","49W0000000000075",790.0,8,146,75.0,50.0,100.0,300.0,0.0,0.0,0.0,,,336.0,790.0,790.0,,,,,,,,,
1958,"49W0000000000083","49W0000000000083",790.0,8,146,75.0,50.0,100.0,302.0,0.0,0.0,0.0,,,336.0,790.0,790.0,,,,,,,,,
1959,"49W000000000013A","49W000000000013A",348.0,5,146,75.0,55.0,100.0,172.0,0.0,0.0,0.0,,,336.0,348.0,348.0,,,,,,,,,
1960,"49W0000000000148","49W0000000000148",418.0,5,146,75.0,55.0,100.0,211.0,0.0,0.0,0.0,,,5.0,418.0,418.0,,,,,,,,,
1961,"49W0000000000156","49W0000000000156",209.0,5,146,75.0,55.0,100.0,20.0,0.0,0.0,0.0,,,42.0,209.0,209.0,,,,,,,,,
1962,"49W0000000000164","49W0000000000164",249.0,5,146,75.0,55.0,100.0,164.0,0.0,0.0,0.0,,,50.0,249.0,249.0,,,,,,,,,
1963,"49W0000000000172","49W0000000000172",435.0,5,146,75.0,55.0,100.0,282.0,0.0,0.0,0.0,,,3.0,435.0,435.0,,,,,,,,,
1964,"49W0000000000180","49W0000000000180",470.0,5,146,75.0,55.0,100.0,300.0,0.0,0.0,0.0,,,4.0,470.0,470.0,,,,,,,,,
1965,"49W000000000019Z","49W000000000019Z",470.0,5,146,75.0,55.0,100.0,310.0,0.0,0.0,0.0,,,7.0,470.0,470.0,,,,,,,,,
1966,"49W000000000020D","49W000000000020D",470.0,5,146,75.0,55.0,100.0,302.0,0.0,0.0,0.0,,,4.0,470.0,470.0,,,,,,,,,
1967,"49W000000000021B","49W000000000021B",144.0,1,146,75.0,50.0,100.0,87.0,0.0,0.0,0.0,,,5.0,144.0,144.0,,,,,,,,,
1968,"49W0000000000229","49W0000000000229",350.0,5,146,75.0,55.0,100.0,126.0,0.0,0.0,0.0,,,336.0,350.0,350.0,,,,,,,,,
1969,"49W0000000000237","49W0000000000237",375.0,5,146,75.0,55.0,100.0,196.0,0.0,0.0,0.0,,,5.0,375.0,375.0,,,,,,,,,
1970,"49W0000000000245","49W0000000000245",247.0,5,146,75.0,55.0,100.0,160.0,0.0,0.0,0.0,,,14.0,247.0,247.0,,,,,,,,,
1971,"49W0000000000253","49W0000000000253",103.0,5,146,75.0,55.0,100.0,41.2,0.0,0.0,0.0,0.0,0.0,0.0,103.0,103.0,0,0.0,0.0,0.0,0.0,0.0,0.0,,
1972,"49W0000000000261","49W0000000000261",224.0,5,146,75.0,55.0,100.0,147.0,0.0,0.0,0.0,,,336.0,224.0,224.0,,,,,,,,,
1973,"49W000000000030A","49W000000000030A",535.0,8,146,75.0,50.0,100.0,214.0,0.0,0.0,0.0,0.0,0.0,0.0,535.0,535.0,0,0.0,0.0,0.0,0.0,0.0,0.0,,
1974,"49W0000000000318","49W0000000000318",535.0,8,146,75.0,50.0,100.0,214.0,0.0,0.0,0.0,0.0,0.0,0.0,535.0,535.0,0,0.0,0.0,0.0,0.0,0.0,0.0,,
1975,"49W0000000000326","49W0000000000326",1070.0,8,146,75.0,50.0,100.0,544.0,0.0,0.0,0.0,,,3.0,1070.0,1070.0,,,,,,,,,
1976,"49W0000000000342","49W0000000000342",112.0,5,146,75.0,55.0,100.0,42.0,0.0,0.0,0.0,,,4.0,112.0,112.0,,,,,,,,,
1977,"49W000000000037X","49W000000000037X",220.0,5,146,75.0,55.0,100.0,109.0,0.0,0.0,0.0,,,4.0,220.0,220.0,,,,,,,,,
1978,"49W000000000038V","49W000000000038V",650.0,8,146,75.0,50.0,100.0,302.0,0.0,0.0,0.0,,,4.0,650.0,650.0,,,,,,,,,
1979,"49W000000000039T","49W000000000039T",440.0,5,146,75.0,55.0,100.0,290.0,0.0,0.0,0.0,,,3.0,440.0,440.0,,,,,,,,,
1980,"49W0000000000407","49W0000000000407",128.0,5,146,75.0,55.0,100.0,51.2,0.0,0.0,0.0,,,0.0,128.0,128.0,,,,,,,,,
1981,"49W0000000000415","49W0000000000415",435.0,5,146,75.0,55.0,100.0,220.0,0.0,0.0,0.0,,,7.0,435.0,435.0,,,,,,,,,
1982,"49W0000000000423","49W0000000000423",435.0,5,146,75.0,55.0,100.0,231.0,0.0,0.0,0.0,,,7.0,435.0,435.0,,,,,,,,,
1983,"49W000000000049Q","49W000000000049Q",456.0,5,146,75.0,55.0,100.0,182.4,0.0,0.0,0.0,0.0,0.0,0.0,456.0,456.0,0,0.0,0.0,0.0,0.0,0.0,0.0,,
1984,"49W000000000049S","49W000000000049S",455.0,5,146,75.0,55.0,100.0,141.0,0.0,0.0,0.0,,,0.0,455.0,455.0,,,,,,,,,
1985,"49W000000000053Z","49W000000000053Z",408.0,8,146,75.0,50.0,100.0,163.20000000000002,0.0,0.0,0.0,0.0,0.0,0.0,408.0,408.0,0,0.0,0.0,0.0,0.0,0.0,0.0,,
1986,"49W000000000055V","49W000000000055V",485.0,3,146,75.0,50.0,100.0,152.0,0.0,0.0,0.0,,,336.0,485.0,485.0,,,,,,,,,
1987,"49W000000000059N","49W000000000059N",422.0,5,146,75.0,55.0,100.0,198.0,0.0,0.0,0.0,,,25.0,422.0,422.0,,,,,,,,,
1988,"49W000000000073T","49W000000000073T",426.0,5,146,75.0,55.0,100.0,274.0,0.0,0.0,0.0,,,3.0,426.0,426.0,,,,,,,,,
1989,"49W000000000075P","49W000000000075P",415.0,5,146,75.0,55.0,100.0,261.0,0.0,0.0,0.0,,,4.0,415.0,415.0,,,,,,,,,
1990,"49W000000000077L","49W000000000077L",592.0,8,146,75.0,50.0,100.0,236.8,0.0,0.0,0.0,0.0,0.0,0.0,592.0,592.0,0,0.0,0.0,0.0,0.0,0.0,0.0,,
1991,"49W000000000079H","49W000000000079H",731.0,8,146,75.0,50.0,100.0,434.0,0.0,0.0,0.0,,,336.0,731.0,731.0,,,,,,,,,
1992,"49W000000000081U","49W000000000081U",360.0,5,146,75.0,55.0,100.0,19.0,0.0,0.0,0.0,,,3.0,360.0,360.0,,,,,,,,,
1993,"49W000000000083Q","49W000000000083Q",359.0,5,146,75.0,55.0,100.0,18.0,0.0,0.0,0.0,,,3.0,359.0,359.0,,,,,,,,,
1994,"49W000000000085M","49W000000000085M",361.0,5,146,75.0,55.0,100.0,19.0,0.0,0.0,0.0,,,3.0,361.0,361.0,,,,,,,,,
1995,"49W000000000087I","49W000000000087I",359.0,5,146,75.0,55.0,100.0,221.0,0.0,0.0,0.0,,,3.0,359.0,359.0,,,,,,,,,
1996,"49W000000000089E","49W000000000089E",359.0,5,146,75.0,55.0,100.0,230.0,0.0,0.0,0.0,,,4.0,359.0,359.0,,,,,,,,,
1997,"49W000000000093N","49W000000000093N",130.0,5,146,75.0,55.0,100.0,68.0,0.0,0.0,0.0,,,19.0,130.0,130.0,,,,,,,,,
1998,"49W000000000095J","49W000000000095J",130.0,5,146,75.0,55.0,100.0,86.0,0.0,0.0,0.0,,,23.0,130.0,130.0,,,,,,,,,
1999,"49W000000000097F","49W000000000097F",131.0,5,146,75.0,55.0,100.0,9.0,0.0,0.0,0.0,,,336.0,131.0,131.0,,,,,,,,,
2000,"49W000000000109Y","49W000000000109Y",426.0,5,146,75.0,55.0,100.0,230.0,0.0,0.0,0.0,,,4.0,426.0,426.0,,,,,,,,,
2001,"49W0000000001136","49W0000000001136",790.0,5,146,75.0,55.0,100.0,450.0,0.0,0.0,0.0,,,4.0,790.0,790.0,,,,,,,,,
2002,"49W0000000001209","49W0000000001209",422.0,5,146,75.0,55.0,100.0,198.0,0.0,0.0,0.0,,,47.0,422.0,422.0,,,,,,,,,
2003,"49W0000000001241","49W0000000001241",72.0,5,146,75.0,55.0,100.0,28.8,0.0,0.0,0.0,,,0.0,72.0,72.0,,,,,,,,,
2004,"49W000000000136V","49W000000000136V",72.0,5,146,75.0,55.0,100.0,28.8,0.0,0.0,0.0,,,0.0,72.0,72.0,,,,,,,,,
2005,"49W000000000153V","49W000000000153V",343.0,5,146,75.0,55.0,100.0,137.20000000000002,0.0,0.0,0.0,0.0,0.0,0.0,343.0,343.0,0,0.0,0.0,0.0,0.0,0.0,0.0,,
2006,"50WG00000000015S","50WG00000000015S",110.0,13,170,75.0,50.0,100.0,44.0,0.0,0.0,0.0,,,0.0,110.0,110.0,,,,,,,,,
2007,"50WG00000000066B","50WG00000000066B",280.0,13,170,75.0,50.0,100.0,112.0,0.0,0.0,0.0,,,0.0,280.0,280.0,,,,,,,,,
2008,"50WG000000000695","50WG000000000695",280.0,13,170,75.0,50.0,100.0,112.0,0.0,0.0,0.0,,,0.0,280.0,280.0,,,,,,,,,
2009,"50WG00000000070K","50WG00000000070K",280.0,13,170,75.0,50.0,100.0,112.0,0.0,0.0,0.0,,,0.0,280.0,280.0,,,,,,,,,
2010,"50WG00000000074C","50WG00000000074C",150.0,13,170,75.0,50.0,100.0,60.0,0.0,0.0,0.0,,,0.0,150.0,150.0,,,,,,,,,
2011,"50WG00000000075A","50WG00000000075A",140.0,13,170,75.0,50.0,100.0,56.0,0.0,0.0,0.0,,,0.0,140.0,140.0,,,,,,,,,
2012,"50WG00000000132O","50WG00000000132O",240.0,13,170,75.0,50.0,100.0,96.0,0.0,0.0,0.0,,,0.0,240.0,240.0,,,,,,,,,
2013,"50WG000000001748","50WG000000001748",106.0,13,170,75.0,50.0,100.0,42.400000000000006,0.0,0.0,0.0,,,0.0,106.0,106.0,,,,,,,,,
2014,"50WG000000001756","50WG000000001756",106.0,13,170,75.0,50.0,100.0,42.400000000000006,0.0,0.0,0.0,,,0.0,106.0,106.0,,,,,,,,,
2015,"50WG00000000218E","50WG00000000218E",115.0,13,170,75.0,50.0,100.0,46.0,0.0,0.0,0.0,,,0.0,115.0,115.0,,,,,,,,,
2016,"50WG00000000252E","50WG00000000252E",114.0,13,170,75.0,50.0,100.0,45.6,0.0,0.0,0.0,,,0.0,114.0,114.0,,,,,,,,,
2017,"50WG00000000286Y","50WG00000000286Y",100.0,13,170,75.0,50.0,100.0,40.0,0.0,0.0,0.0,,,0.0,100.0,100.0,,,,,,,,,
2018,"50WG00000000341F","50WG00000000341F",110.0,13,170,75.0,50.0,100.0,44.0,0.0,0.0,0.0,,,0.0,110.0,110.0,,,,,,,,,
2019,"50WG00000000342D","50WG00000000342D",110.0,13,170,75.0,50.0,100.0,44.0,0.0,0.0,0.0,,,0.0,110.0,110.0,,,,,,,,,
2020,"50WG000000003473","50WG000000003473",110.0,13,170,75.0,50.0,100.0,44.0,0.0,0.0,0.0,,,0.0,110.0,110.0,,,,,,,,,
2021,"50WG000000003643","50WG000000003643",147.0,5,170,75.0,55.0,100.0,58.800000000000004,0.0,0.0,0.0,,,0.0,147.0,147.0,,,,,,,,,
2022,"50WG00000000565U","50WG00000000565U",143.5,13,170,75.0,50.0,100.0,57.400000000000006,0.0,0.0,0.0,,,0.0,143.5,143.5,,,,,,,,,
2023,"50WG00000000689C","50WG00000000689C",175.0,13,170,75.0,50.0,100.0,70.0,0.0,0.0,0.0,,,0.0,175.0,175.0,,,,,,,,,
2024,"50WG00000000690R","50WG00000000690R",120.0,13,170,75.0,50.0,100.0,48.0,0.0,0.0,0.0,,,0.0,120.0,120.0,,,,,,,,,
2025,"50WG00000000691P","50WG00000000691P",120.0,13,170,75.0,50.0,100.0,48.0,0.0,0.0,0.0,,,0.0,120.0,120.0,,,,,,,,,
2026,"50WG00000000781O","50WG00000000781O",290.0,13,170,75.0,50.0,100.0,116.0,0.0,0.0,0.0,,,0.0,290.0,290.0,,,,,,,,,
2027,"50WG00000000851T","50WG00000000851T",150.0,13,170,75.0,50.0,100.0,60.0,0.0,0.0,0.0,,,0.0,150.0,150.0,,,,,,,,,
2028,"50WG00000000852R","50WG00000000852R",150.0,13,170,75.0,50.0,100.0,60.0,0.0,0.0,0.0,,,0.0,150.0,150.0,,,,,,,,,
2029,"50WG000000009013","50WG000000009013",310.0,13,170,75.0,50.0,100.0,124.0,0.0,0.0,0.0,,,0.0,310.0,310.0,,,,,,,,,
2030,"50WG000000009021","50WG000000009021",310.0,13,170,75.0,50.0,100.0,124.0,0.0,0.0,0.0,,,0.0,310.0,310.0,,,,,,,,,
2031,"50WG00000000904Y","50WG00000000904Y",310.0,13,170,75.0,50.0,100.0,124.0,0.0,0.0,0.0,,,0.0,310.0,310.0,,,,,,,,,
2032,"50WG00000000906U","50WG00000000906U",310.0,13,170,75.0,50.0,100.0,124.0,0.0,0.0,0.0,,,0.0,310.0,310.0,,,,,,,,,
2033,"50WG00000000952N","50WG00000000952N",115.0,13,170,75.0,50.0,100.0,46.0,0.0,0.0,0.0,,,0.0,115.0,115.0,,,,,,,,,
2034,"50WG00000001029C","50WG00000001029C",128.0,13,170,75.0,50.0,100.0,51.2,0.0,0.0,0.0,,,0.0,128.0,128.0,,,,,,,,,
2035,"50WG00000001037D","50WG00000001037D",128.0,13,170,75.0,50.0,100.0,51.2,0.0,0.0,0.0,,,0.0,128.0,128.0,,,,,,,,,
2036,"50WG000000010852","50WG000000010852",110.0,13,170,75.0,50.0,100.0,44.0,0.0,0.0,0.0,,,0.0,110.0,110.0,,,,,,,,,
2037,"50WG00000001100W","50WG00000001100W",112.0,13,170,75.0,50.0,100.0,44.800000000000004,0.0,0.0,0.0,,,0.0,112.0,112.0,,,,,,,,,
2038,"50WG00000001145A","50WG00000001145A",108.0,13,170,75.0,50.0,100.0,43.2,0.0,0.0,0.0,,,0.0,108.0,108.0,,,,,,,,,
2039,"50WG00000001234B","50WG00000001234B",220.0,13,170,75.0,50.0,100.0,88.0,0.0,0.0,0.0,,,0.0,220.0,220.0,,,,,,,,,
2040,"50WG00000001302K","50WG00000001302K",125.0,13,170,75.0,50.0,100.0,50.0,0.0,0.0,0.0,,,0.0,125.0,125.0,,,,,,,,,
2041,"50WG00000001305E","50WG00000001305E",125.0,13,170,75.0,50.0,100.0,50.0,0.0,0.0,0.0,,,0.0,125.0,125.0,,,,,,,,,
2042,"50WG00000001307A","50WG00000001307A",125.0,13,170,75.0,50.0,100.0,50.0,0.0,0.0,0.0,,,0.0,125.0,125.0,,,,,,,,,
2043,"50WG000000013096","50WG000000013096",125.0,13,170,75.0,50.0,100.0,50.0,0.0,0.0,0.0,,,0.0,125.0,125.0,,,,,,,,,
2044,"50WG00000001330F","50WG00000001330F",114.0,13,170,75.0,50.0,100.0,45.6,0.0,0.0,0.0,,,0.0,114.0,114.0,,,,,,,,,
2045,"50WG00000001439U","50WG00000001439U",160.0,13,170,75.0,50.0,100.0,64.0,0.0,0.0,0.0,,,0.0,160.0,160.0,,,,,,,,,
2046,"50WG00000001458Q","50WG00000001458Q",160.0,13,170,75.0,50.0,100.0,64.0,0.0,0.0,0.0,,,0.0,160.0,160.0,,,,,,,,,
2047,"50WG00000001463X","50WG00000001463X",160.0,13,170,75.0,50.0,100.0,64.0,0.0,0.0,0.0,,,0.0,160.0,160.0,,,,,,,,,
2048,"50WG00000001474S","50WG00000001474S",360.0,13,170,75.0,50.0,100.0,144.0,0.0,0.0,0.0,,,0.0,360.0,360.0,,,,,,,,,
2049,"50WG00000001475Q","50WG00000001475Q",290.0,13,170,75.0,50.0,100.0,116.0,0.0,0.0,0.0,,,0.0,290.0,290.0,,,,,,,,,
2050,"50WG00000001476O","50WG00000001476O",360.0,13,170,75.0,50.0,100.0,144.0,0.0,0.0,0.0,,,0.0,360.0,360.0,,,,,,,,,
2051,"50WG00000001477M","50WG00000001477M",290.0,13,170,75.0,50.0,100.0,116.0,0.0,0.0,0.0,,,0.0,290.0,290.0,,,,,,,,,
2052,"50WG00000001479I","50WG00000001479I",100.0,13,170,75.0,50.0,100.0,40.0,0.0,0.0,0.0,,,0.0,100.0,100.0,,,,,,,,,
2053,"50WG00000001502C","50WG00000001502C",104.0,13,170,75.0,50.0,100.0,41.6,0.0,0.0,0.0,,,0.0,104.0,104.0,,,,,,,,,
2054,"50WG00000001503A","50WG00000001503A",100.0,13,170,75.0,50.0,100.0,40.0,0.0,0.0,0.0,,,0.0,100.0,100.0,,,,,,,,,
2055,"50WG000000015048","50WG000000015048",100.0,13,170,75.0,50.0,100.0,40.0,0.0,0.0,0.0,,,0.0,100.0,100.0,,,,,,,,,
2056,"50WG000000015056","50WG000000015056",100.0,13,170,75.0,50.0,100.0,40.0,0.0,0.0,0.0,,,0.0,100.0,100.0,,,,,,,,,
2057,"50WG00000001553W","50WG00000001553W",100.0,11,170,75.0,50.0,100.0,40.0,0.0,0.0,0.0,,,0.0,100.0,100.0,,,,,,,,,
2058,"50WG00000001555S","50WG00000001555S",100.0,13,170,75.0,50.0,100.0,40.0,0.0,0.0,0.0,,,0.0,100.0,100.0,,,,,,,,,
2059,"50WG00000001556Q","50WG00000001556Q",100.0,13,170,75.0,50.0,100.0,40.0,0.0,0.0,0.0,,,0.0,100.0,100.0,,,,,,,,,
2060,"50WG00000001557O","50WG00000001557O",136.0,13,170,75.0,50.0,100.0,54.400000000000006,0.0,0.0,0.0,,,0.0,136.0,136.0,,,,,,,,,
2061,"50WG00000001755K","50WG00000001755K",110.0,13,170,75.0,50.0,100.0,44.0,0.0,0.0,0.0,,,0.0,110.0,110.0,,,,,,,,,
2062,"50WG00000001791G","50WG00000001791G",400.0,13,170,75.0,50.0,100.0,160.0,0.0,0.0,0.0,,,0.0,400.0,400.0,,,,,,,,,
2063,"50WG00000001792E","50WG00000001792E",320.0,13,170,75.0,50.0,100.0,128.0,0.0,0.0,0.0,,,0.0,320.0,320.0,,,,,,,,,
2064,"50WG00000001830W","50WG00000001830W",106.0,13,170,75.0,50.0,100.0,42.400000000000006,0.0,0.0,0.0,,,0.0,106.0,106.0,,,,,,,,,
2065,"50WG00000001832S","50WG00000001832S",106.0,13,170,75.0,50.0,100.0,42.400000000000006,0.0,0.0,0.0,,,0.0,106.0,106.0,,,,,,,,,
2066,"50WG000000018881","50WG000000018881",113.0,13,170,75.0,50.0,100.0,45.2,0.0,0.0,0.0,,,0.0,113.0,113.0,,,,,,,,,
2067,"50WG000000018946","50WG000000018946",110.0,13,170,75.0,50.0,100.0,44.0,0.0,0.0,0.0,,,0.0,110.0,110.0,,,,,,,,,
2068,"50WG000000018954","50WG000000018954",110.0,13,170,75.0,50.0,100.0,44.0,0.0,0.0,0.0,,,0.0,110.0,110.0,,,,,,,,,
2069,"50WG000000018962","50WG000000018962",110.0,13,170,75.0,50.0,100.0,44.0,0.0,0.0,0.0,,,0.0,110.0,110.0,,,,,,,,,
2070,"50WG000000018970","50WG000000018970",110.0,13,170,75.0,50.0,100.0,44.0,0.0,0.0,0.0,,,0.0,110.0,110.0,,,,,,,,,
2071,"50WG000000019000","50WG000000019000",160.0,13,170,75.0,50.0,100.0,64.0,0.0,0.0,0.0,,,0.0,160.0,160.0,,,,,,,,,
2072,"50WG00000001901Z","50WG00000001901Z",160.0,13,170,75.0,50.0,100.0,64.0,0.0,0.0,0.0,,,0.0,160.0,160.0,,,,,,,,,
2073,"50WG00000001902X","50WG00000001902X",320.0,13,170,75.0,50.0,100.0,128.0,0.0,0.0,0.0,,,0.0,320.0,320.0,,,,,,,,,
2074,"50WG00000001903V","50WG00000001903V",160.0,13,170,75.0,50.0,100.0,64.0,0.0,0.0,0.0,,,0.0,160.0,160.0,,,,,,,,,
2075,"50WG00000001904T","50WG00000001904T",160.0,13,170,75.0,50.0,100.0,64.0,0.0,0.0,0.0,,,0.0,160.0,160.0,,,,,,,,,
2076,"50WG00000001921T","50WG00000001921T",130.0,13,170,75.0,50.0,100.0,52.0,0.0,0.0,0.0,,,0.0,130.0,130.0,,,,,,,,,
2077,"50WG00000001971E","50WG00000001971E",195.0,13,170,75.0,50.0,100.0,78.0,0.0,0.0,0.0,,,0.0,195.0,195.0,,,,,,,,,
2078,"50WG00000001972C","50WG00000001972C",195.0,13,170,75.0,50.0,100.0,78.0,0.0,0.0,0.0,,,0.0,195.0,195.0,,,,,,,,,
2079,"50WG000000019772","50WG000000019772",110.0,13,170,75.0,50.0,100.0,44.0,0.0,0.0,0.0,,,0.0,110.0,110.0,,,,,,,,,
2080,"50WG000000019780","50WG000000019780",110.0,13,170,75.0,50.0,100.0,44.0,0.0,0.0,0.0,,,0.0,110.0,110.0,,,,,,,,,
2081,"50WG00000001997X","50WG00000001997X",90.0,13,170,75.0,50.0,100.0,36.0,0.0,0.0,0.0,,,0.0,90.0,90.0,,,,,,,,,
2082,"50WG00000002015I","50WG00000002015I",105.0,11,170,75.0,50.0,100.0,42.0,0.0,0.0,0.0,,,0.0,105.0,105.0,,,,,,,,,
2083,"50WG000000020386","50WG000000020386",102.0,13,170,75.0,50.0,100.0,40.800000000000004,0.0,0.0,0.0,,,0.0,102.0,102.0,,,,,,,,,
2084,"50WG000000020394","50WG000000020394",102.0,13,170,75.0,50.0,100.0,40.800000000000004,0.0,0.0,0.0,,,0.0,102.0,102.0,,,,,,,,,
2085,"50WG000000020718","50WG000000020718",103.0,13,170,75.0,50.0,100.0,41.2,0.0,0.0,0.0,,,0.0,103.0,103.0,,,,,,,,,
2086,"50WG000000020726","50WG000000020726",103.0,13,170,75.0,50.0,100.0,41.2,0.0,0.0,0.0,,,0.0,103.0,103.0,,,,,,,,,
2087,"50WG000000020734","50WG000000020734",103.0,13,170,75.0,50.0,100.0,41.2,0.0,0.0,0.0,,,0.0,103.0,103.0,,,,,,,,,
2088,"50WG000000023261","50WG000000023261",129.0,11,170,75.0,50.0,100.0,51.6,0.0,0.0,0.0,,,0.0,129.0,129.0,,,,,,,,,
2089,"50WG00000002328Y","50WG00000002328Y",103.2,13,170,75.0,50.0,100.0,41.28,0.0,0.0,0.0,,,0.0,103.2,103.2,,,,,,,,,
2090,"50WG00000002347U","50WG00000002347U",225.0,13,170,75.0,50.0,100.0,90.0,0.0,0.0,0.0,,,0.0,225.0,225.0,,,,,,,,,
2091,"50WG00000002639H","50WG00000002639H",185.0,13,170,75.0,50.0,100.0,74.0,0.0,0.0,0.0,,,0.0,185.0,185.0,,,,,,,,,
2092,"50WG00000002640W","50WG00000002640W",185.0,13,170,75.0,50.0,100.0,74.0,0.0,0.0,0.0,,,0.0,185.0,185.0,,,,,,,,,
2093,"50WGI00000002855","50WGI00000002855",100.0,13,170,75.0,50.0,100.0,40.0,0.0,0.0,0.0,,,0.0,100.0,100.0,,,,,,,,,
2094,"50WGI00000014365","50WGI00000014365",160.0,13,170,75.0,50.0,100.0,64.0,0.0,0.0,0.0,,,0.0,160.0,160.0,,,,,,,,,
2095,"54W-FIERZ-G1002P","54W-FIERZ-G1002P",125.0,13,3,75.0,50.0,100.0,50.0,0.0,0.0,0.0,0.0,0.0,0.0,125.0,125.0,0,0.0,0.0,0.0,0.0,0.0,0.0,,
2096,"54W-FIERZ-G2003I","54W-FIERZ-G2003I",125.0,13,3,75.0,50.0,100.0,50.0,0.0,0.0,0.0,0.0,0.0,0.0,125.0,125.0,0,0.0,0.0,0.0,0.0,0.0,0.0,,
2097,"54W-FIERZ-G3004B","54W-FIERZ-G3004B",125.0,13,3,75.0,50.0,100.0,50.0,0.0,0.0,0.0,0.0,0.0,0.0,125.0,125.0,0,0.0,0.0,0.0,0.0,0.0,0.0,,
2098,"54W-FIERZ-G40054","54W-FIERZ-G40054",125.0,13,3,75.0,50.0,100.0,50.0,0.0,0.0,0.0,0.0,0.0,0.0,125.0,125.0,0,0.0,0.0,0.0,0.0,0.0,0.0,,
2099,"54W-KOMAN-G1007L","54W-KOMAN-G1007L",150.0,13,3,75.0,50.0,100.0,60.0,0.0,0.0,0.0,0.0,0.0,0.0,150.0,150.0,0,0.0,0.0,0.0,0.0,0.0,0.0,,
2100,"54W-KOMAN-G2008E","54W-KOMAN-G2008E",150.0,13,3,75.0,50.0,100.0,60.0,0.0,0.0,0.0,0.0,0.0,0.0,150.0,150.0,0,0.0,0.0,0.0,0.0,0.0,0.0,,
2101,"54W-KOMAN-G30097","54W-KOMAN-G30097",150.0,13,3,75.0,50.0,100.0,60.0,0.0,0.0,0.0,0.0,0.0,0.0,150.0,150.0,0,0.0,0.0,0.0,0.0,0.0,0.0,,
2102,"54W-KOMAN-G4010H","54W-KOMAN-G4010H",150.0,13,3,75.0,50.0,100.0,60.0,0.0,0.0,0.0,0.0,0.0,0.0,150.0,150.0,0,0.0,0.0,0.0,0.0,0.0,0.0,,
2103,"64WMGRES--1G4T72","64WMGRES--1G4T72",200.0,8,176,75.0,50.0,100.0,80.0,0.44383,-0.00068149,0.000000988,,,60.0,200.0,200.0,,,,,,,,,
2104,"64WMGRES--1G5T7Z","64WMGRES--1G5T7Z",200.0,8,176,75.0,50.0,100.0,80.0,0.44383,-0.00068149,0.000000988,,,60.0,200.0,200.0,,,,,,,,,
2105,"64WMGRES--1G7T7R","64WMGRES--1G7T7R",200.0,5,176,75.0,55.0,100.0,80.0,0.27065,-0.00049529,0.000000626,,,60.0,200.0,200.0,,,,,,,,,
2106,"64WMGRES--1G8T7N","64WMGRES--1G8T7N",200.0,5,176,75.0,55.0,100.0,80.0,0.27065,-0.00049529,0.000000626,,,60.0,200.0,200.0,,,,,,,,,
2107,"64WMGRES--1G9T7J","64WMGRES--1G9T7J",210.0,5,176,75.0,55.0,100.0,84.0,0.27065,-0.00049529,0.000000626,,,60.0,210.0,210.0,,,,,,,,,
2108,"64WMGRES-1G10T7Q","64WMGRES-1G10T7Q",210.0,5,176,75.0,55.0,100.0,84.0,0.27065,-0.00049529,0.000000626,,,60.0,210.0,210.0,,,,,,,,,
2109,"64WMGRES-1G11T7M","64WMGRES-1G11T7M",250.0,5,176,75.0,55.0,100.0,100.0,0.27065,-0.00049529,0.000000626,,,60.0,250.0,250.0,,,,,,,,,
2110,"64WMGRES-1G12T7I","64WMGRES-1G12T7I",250.0,5,176,75.0,55.0,100.0,100.0,0.27065,-0.00049529,0.000000626,,,60.0,250.0,250.0,,,,,,,,,
2111,CCST,CCST,132.0,14,301,75.0,50.0,100.0,52.800000000000004,0.34469,-0.00052918,0.000000767,,,60.0,132.0,132.0,,,,,,,,,
2112,d1,d1,51.12,14,301,75.0,50.0,100.0,20.448,0.34469,-0.00052918,0.000000767,,,60.0,51.12,51.12,,,,,,,,,
2113,d2,d2,51.12,14,301,75.0,50.0,100.0,20.448,0.34469,-0.00052918,0.000000767,,,60.0,51.12,51.12,,,,,,,,,
2114,DIESEL1,DIESEL1,12.28,14,301,75.0,50.0,100.0,4.912,0.34469,-0.00052918,0.000000767,,,60.0,12.28,12.28,,,,,,,,,
2115,DIESEL2,DIESEL2,12.28,14,301,75.0,50.0,100.0,4.912,0.34469,-0.00052918,0.000000767,,,60.0,12.28,12.28,,,,,,,,,
2116,DIESEL3,DIESEL3,12.28,14,301,75.0,50.0,100.0,4.912,0.34469,-0.00052918,0.000000767,,,60.0,12.28,12.28,,,,,,,,,
2117,DIESEL4,DIESEL4,12.28,14,301,75.0,50.0,100.0,4.912,0.34469,-0.00052918,0.000000767,,,60.0,12.28,12.28,,,,,,,,,
2118,GAS11X,GAS11X,59.0,14,301,75.0,50.0,100.0,23.6,0.34469,-0.00052918,0.000000767,,,60.0,59.0,59.0,,,,,,,,,
2119,GAS12X,GAS12X,59.0,14,301,75.0,50.0,100.0,23.6,0.34469,-0.00052918,0.000000767,,,60.0,59.0,59.0,,,,,,,,,
2120,GAS13X,GAS13X,28.0,14,301,75.0,50.0,100.0,11.200000000000001,0.34469,-0.00052918,0.000000767,,,60.0,28.0,28.0,,,,,,,,,
2121,GAS1L,GAS1L,16.25,14,301,75.0,50.0,100.0,6.5,0.34469,-0.00052918,0.000000767,,,60.0,16.25,16.25,,,,,,,,,
2122,GAS1X,GAS1X,16.2,14,301,75.0,50.0,100.0,6.48,0.34469,-0.00052918,0.000000767,,,60.0,16.2,16.2,,,,,,,,,
2123,GAS2L,GAS2L,16.25,14,301,75.0,50.0,100.0,6.5,0.34469,-0.00052918,0.000000767,,,60.0,16.25,16.25,,,,,,,,,
2124,GAS3L,GAS3L,43.3,14,301,75.0,50.0,100.0,17.32,0.34469,-0.00052918,0.000000767,,,60.0,43.3,43.3,,,,,,,,,
2125,GAS4L,GAS4L,14.72,14,301,75.0,50.0,100.0,5.888000000000001,0.34469,-0.00052918,0.000000767,,,60.0,14.72,14.72,,,,,,,,,
2126,GAS4X,GAS4X,28.0,14,301,75.0,50.0,100.0,11.200000000000001,0.34469,-0.00052918,0.000000767,,,60.0,28.0,28.0,,,,,,,,,
2127,GAS5L,GAS5L,27.95,14,301,75.0,50.0,100.0,11.18,0.34469,-0.00052918,0.000000767,,,60.0,27.95,27.95,,,,,,,,,
2128,GAS5X,GAS5X,30.0,14,301,75.0,50.0,100.0,12.0,0.34469,-0.00052918,0.000000767,,,60.0,30.0,30.0,,,,,,,,,
2129,STEAM1 ATH,STEAM1 ATH,46.5,14,301,75.0,50.0,100.0,18.6,0.34469,-0.00052918,0.000000767,,,60.0,46.5,46.5,,,,,,,,,
2130,STEAM1L,STEAM1L,0.0,14,301,75.0,50.0,100.0,0.0,0.34469,-0.00052918,0.000000767,,,60.0,0.0,0.0,,,,,,,,,
2131,STEAM2 ATH,STEAM2 ATH,46.5,14,301,75.0,50.0,100.0,18.6,0.34469,-0.00052918,0.000000767,,,60.0,46.5,46.5,,,,,,,,,
2132,STEAM2L,STEAM2L,15.0,14,301,75.0,50.0,100.0,6.0,0.34469,-0.00052918,0.000000767,,,60.0,15.0,15.0,,,,,,,,,
2133,STEAM3L,STEAM3L,15.0,14,301,75.0,50.0,100.0,6.0,0.34469,-0.00052918,0.000000767,,,60.0,15.0,15.0,,,,,,,,,
2134,STEAM4L,STEAM4L,25.0,14,301,75.0,50.0,100.0,10.0,0.34469,-0.00052918,0.000000767,,,60.0,25.0,25.0,,,,,,,,,
2135,STEAM5L,STEAM5L,25.0,14,301,75.0,50.0,100.0,10.0,0.34469,-0.00052918,0.000000767,,,60.0,25.0,25.0,,,,,,,,,
2136,STEAM6L,STEAM6L,25.0,14,301,75.0,50.0,100.0,10.0,0.34469,-0.00052918,0.000000767,,,60.0,25.0,25.0,,,,,,,,,
2137,"29WGU-ALIVERI-5Q",Demo1_1,500.0,12,2000,75.0,50.0,100.0,200.0,0.271,0.0,0.0,1.0,1.0,1.0,500.0,500.0,1,1.0,1.0,1.0,1.0,1.0,1.0,,
2138,"29WGU-ALIVERI-5Q",Demo1_2,500.0,12,2000,75.0,50.0,100.0,200.0,0.271,0.0,0.0,1.0,1.0,1.0,500.0,500.0,1,1.0,1.0,1.0,1.0,1.0,1.0,,
2139,"29WGU-ALIVERI-5Q",Demo1_3,500.0,12,2000,75.0,50.0,100.0,200.0,0.271,0.0,0.0,1.0,1.0,1.0,500.0,500.0,1,1.0,1.0,1.0,1.0,1.0,1.0,,
2140,"29WGU-ALIVERI-5Q",Demo2_1,500.0,5,2001,75.0,50.0,100.0,100.0,0.271,0.0,0.0,1.0,1.0,1.0,500.0,500.0,1,1.0,1.0,1.0,1.0,1.0,1.0,,
2141,"29WGU-ALIVERI-5Q",Demo2_2,500.0,5,2001,75.0,50.0,100.0,100.0,0.271,0.0,0.0,1.0,1.0,1.0,500.0,500.0,1,1.0,1.0,1.0,1.0,1.0,1.0,,
2142,"29WGU-ALIVERI-5Q",Demo2_3,500.0,5,2001,75.0,50.0,100.0,100.0,0.271,0.0,0.0,1.0,1.0,1.0,500.0,500.0,1,1.0,1.0,1.0,1.0,1.0,1.0,,
2143,"29WGU-ALIVERI-5Q",Demo3_1,500.0,5,2002,75.0,50.0,100.0,100.0,0.271,0.0,0.0,1.0,1.0,1.0,500.0,500.0,1,1.0,1.0,1.0,1.0,1.0,1.0,,
2144,"29WGU-ALIVERI-5Q",Demo3_2,500.0,5,2002,75.0,50.0,100.0,100.0,0.271,0.0,0.0,1.0,1.0,1.0,500.0,500.0,1,1.0,1.0,1.0,1.0,1.0,1.0,,
2145,"29WGU-ALIVERI-5Q",Demo3_3,500.0,5,2002,75.0,50.0,100.0,100.0,0.271,0.0,0.0,1.0,1.0,1.0,500.0,500.0,1,1.0,1.0,1.0,1.0,1.0,1.0,,
2146,ITALY Dummy 10,ITALY Dummy 10,1.0,14,100,75.0,50.0,100.0,0.3,0.0,0.0,0.0,1.0,1.0,1.0,1.0,1.0,1,1.0,1.0,1.0,1.0,1.0,1.0,,
2147,ITALY Dummy 11,ITALY Dummy 11,1.0,14,101,75.0,50.0,100.0,0.3,0.0,0.0,0.0,1.0,1.0,1.0,1.0,1.0,1,1.0,1.0,1.0,1.0,1.0,1.0,,
2148,ITALY Dummy 12,ITALY Dummy 12,1.0,14,102,75.0,50.0,100.0,0.3,0.0,0.0,0.0,1.0,1.0,1.0,1.0,1.0,1,1.0,1.0,1.0,1.0,1.0,1.0,,
2149,ITALY Dummy 13,ITALY Dummy 13,1.0,14,103,75.0,50.0,100.0,0.3,0.0,0.0,0.0,1.0,1.0,1.0,1.0,1.0,1,1.0,1.0,1.0,1.0,1.0,1.0,,
2150,ITALY Dummy 14,ITALY Dummy 14,1.0,14,104,75.0,50.0,100.0,0.3,0.0,0.0,0.0,1.0,1.0,1.0,1.0,1.0,1,1.0,1.0,1.0,1.0,1.0,1.0,,
1226,"29WGU-ALIVERI-5Q",ALIVERI5,417.0,5,78,75.0,50.0,100.0,188.0,0.271,0.0,0.0,1.0,1.0,1.0,417.0,417.0,0,0.0,0.0,0.0,0.0,0.0,0.0,24.052326,38.389819
