tree
version=v4
num_class=1
num_tree_per_iteration=1
label_index=0
max_feature_idx=9
objective=regression_l1
feature_names=v100m cloud pres hod dow doy_s doy_c doy_s2 doy_c2 cap95_wind
feature_infos=[4.5980392156862742:64.170588235294119] [1.8431372549019607:100] [959.82941176470592:1011.6039215686275] [0:23] [0:6] [-0.9999994220246925:0.99998555065071859] [-0.99997919295908233:0.9999907524084426] [-0.9999994220246925:0.99995318436087299] [-0.99999768809943823:0.99996300980480612] [3742.3999999999987:16046.082249999999]
tree_sizes=2708 2820 2835 2902 2830 2853 2849 2851 2846 2835 2853 2884 2872 2889 2865 2899 2860 2897 2869 2887 2867 2859 2887 2880 2895 2889 2913 2899 2867 2860 2925 2887 2906 2894 2899 2875 2901 2877 2886 2896 2865 2905 2867 2898 2877 2877 2885 2872 2865 2916 2886 2912 2885 2881 2906 2885 2878 2890 2885 2905 2904 2884 2920 2900 2900 2909 2897 2892 2880 2913 2907 2899 2902 2904 2924 2890 2900 2936 2934 2905 2905 2901 2901 2900 2915 2890 2898 2910 2902 2896 2901 2901 2922 2910 2907 2887 2903 2921 2900 2911 2905 2884 2900 2889 2869 2921 2925 2874 2914 2883 2894 2929 2919 2884 2883 2909 2901 2910 2893 2891 2914 2911 2910 2909 2875 2879 2922 2886 2896 2923 2909 2874 2877 2918 2904 2866 2910 2897 2875 2898 2870 2885 2904 2904 2908 2891 2880 2929 2891 2891 2878 2899 2889 2906 2898 2884 2921 2864 2903 2907 2874 2873 2905 2889 2876 2883 2880 2873 2896 2904 2879 2860 2908 2896 2895 2875 2873 2856 2890 2855 2902 2889 2881 2861 2920 2881 2916 2909 2877 2895 2912 2896 2862 2885 2922 2857 2858 2853 2898 2864 2899 2905 2898 2855 2908 2864 2894 2887 2865 2875 2900 2871 2874 2868 2863 2896 2907 2880 2890 2843 2905 2879 2896 2869 2881 2856 2900 2892 2897 2860 2873 2868 2894 2845 2854 2853 2917 2862 2888 2894 2833 2922 2884 2878 2895 2862 2886 2891 2891 2898 2875 2863 2911 2903 2894 2877 2880 2851 2863 2886 2906 2870 2882 2856 2850 2891 2879 2866 2870 2880 2859 2867 2896 2870 2853

Tree=0
num_leaves=31
num_cat=0
split_feature=0 9 0 0 9 9 0 9 7 9 3 0 3 9 9 9 0 0 0 3 3 5 0 3 9 2 3 5 0 7
split_gain=5774.67 567.35 513.523 401.702 406.733 153.043 115.586 91.3107 82.2724 80.474 75.8502 58.3926 56.1257 55.5059 53.7538 51.8832 44.8442 37.4826 34.387 35.1871 32.8687 31.125 28.9969 26.5214 24.2875 19.5725 18.5388 17.6783 16.2174 15.7359
threshold=22.55980392156863 7963.7148750000006 17.860784313725492 25.604901960784318 10842.376874999996 5917.7581250000003 20.753921568627455 4860.0500000000002 -0.091260668982868151 10428.337125000004 7.5000000000000009 29.044117647058826 20.500000000000004 9083.6258749999997 13519.3825 15217.491749999999 14.297058823529413 27.772549019607847 19.691176470588239 8.5000000000000018 7.5000000000000009 0.99761913169647187 20.522549019607847 8.5000000000000018 4527.2620000000015 998.21078431372564 19.500000000000004 0.75014288946266361 17.056862745098041 -0.83377653105606597
decision_type=2 2 2 2 2 2 2 2 2 2 2 2 2 2 2 2 2 2 2 2 2 2 2 2 2 2 2 2 2 2
left_child=1 2 7 4 13 18 -3 16 15 20 22 14 -12 -2 21 -6 -1 -16 19 -4 -8 -5 -7 -18 -21 29 -22 -10 -25 -15
right_child=3 6 5 11 8 10 9 -9 27 -11 12 -13 -14 25 17 -17 23 -19 -20 24 26 -23 -24 28 -26 -27 -28 -29 -30 -31
leaf_value=0.53078383505344395 0.55284372568130491 0.52613267153501508 0.5491726756095886 0.55588672161102293 0.54351242780685427 0.54084829092025755 0.54259753674268718 0.52722159698605542 0.53274005278944969 0.53245746940374372 0.53498720675706868 0.57009568214416506 0.54310105741024017 0.54956128299236295 0.54049856364727022 0.53409271985292439 0.54389303326606753 0.54782500267028811 0.55328240394592287 0.54640370607376099 0.53678521141409874 0.54233351349830627 0.54593909978866573 0.53681466653943066 0.53880806863307951 0.53934656083583832 0.54142071455717089 0.53817177116870885 0.5432118728756905 0.54299277812242508
leaf_weight=155 855 3435 76 1220 212 130 88 938 230 387 324 2587 103 48 147 46 102 91 302 47 146 61 112 118 98 47 66 135 40 252
leaf_count=155 855 3435 76 1220 212 130 88 938 230 387 324 2587 103 48 147 46 102 91 302 47 146 61 112 118 98 47 66 135 40 252
internal_value=0.540463 0.508536 0.527106 0.576351 0.55682 0.551031 0.497077 0.506036 0.524051 0.515856 0.53519 0.585025 0.52253 0.573805 0.577184 0.545657 0.525613 0.555282 0.571267 0.556178 0.535322 0.581238 0.55751 0.538339 0.541665 0.556873 0.524675 0.508807 0.525543 0.561568
internal_weight=12598 6667 2545 5931 1825 1192 4122 1353 623 687 669 4106 427 1202 1519 258 415 238 523 221 300 1281 242 260 145 347 212 365 158 300
internal_count=12598 6667 2545 5931 1825 1192 4122 1353 623 687 669 4106 427 1202 1519 258 415 238 523 221 300 1281 242 260 145 347 212 365 158 300
is_linear=0
shrinkage=1


Tree=1
num_leaves=31
num_cat=0
split_feature=0 9 0 9 0 9 9 9 3 0 5 3 9 0 3 3 0 0 9 3 0 0 9 0 9 0 3 3 9 3
split_gain=5494.49 521.717 483.457 455.211 412.2 152.504 105.393 102.76 95.0438 83.4697 74.7365 74.5153 62.4458 52.7621 45.2123 33.5743 32.9478 31.1015 45.6268 29.9505 29.3351 23.5227 23.4588 24.5875 23.1619 25.8813 29.9221 26.8524 22.9566 20.1046
threshold=22.177450980392159 7963.7148750000006 26.590196078431379 9306.025625000002 17.72058823529412 13485.0049375 4832.8999999999996 4860.0500000000002 7.5000000000000009 20.610784313725492 -0.03977009085991149 20.500000000000004 12134.6975 14.297058823529413 7.5000000000000009 16.500000000000004 22.709803921568632 28.475490196078436 14281.821437500001 8.5000000000000018 20.111764705882354 23.828431372549023 6422.4555 20.89901960784314 5917.7581250000003 23.264705882352946 7.5000000000000009 19.500000000000004 10428.337125000004 20.500000000000004
decision_type=2 2 2 2 2 2 2 2 2 2 2 2 2 2 2 2 2 2 2 2 2 2 2 2 2 2 2 2 2 2
left_child=1 4 3 24 7 10 -6 13 22 -3 16 20 -11 -1 28 -7 -5 18 -4 -15 -10 -17 -8 -24 -2 26 -26 -28 -12 -16
right_child=2 9 17 5 6 15 8 -9 11 12 14 -13 -14 19 29 21 -18 -19 -20 -21 -22 -23 23 -25 25 -27 27 -29 -30 -31
leaf_value=-0.0087230460345745116 0.0245275092124939 -0.013907346799969673 0.013690270334482195 -0.0014750301092863072 0.0093067485094070427 -0.0074008749239146722 0.008734506964683534 -0.012890129126608375 -0.0068023075908422498 -0.0019125206395983697 0.008642972260713578 0.0036005787551403046 -0.009757320508360862 0.0044891181588172903 -0.0028303239494562151 -0.0050707264430820938 0.0045503839850425725 0.026667158603668212 -0.0022913043200969707 -0.0021790850535035157 -0.0013232846930623073 0.00071682352572679522 0.00033605515956878774 0.0064118200540542632 0.0082579460740089435 0.010004834532737733 -0.0013033937290310854 0.0059081491827964799 -1.2334436178207397e-05 0.00092396616935729872
leaf_weight=143 396 3379 780 63 245 284 108 917 244 377 51 146 223 109 255 58 378 2853 47 159 194 63 155 51 72 597 102 54 69 51
leaf_count=143 396 3379 780 63 245 284 108 917 244 377 51 146 223 109 255 58 378 2853 47 159 194 63 155 51 72 597 102 54 69 51
internal_value=-0.000407953 -0.0326771 0.033309 0.0162991 -0.0146238 -0.00463472 0.00738636 -0.0335591 -0.000556174 -0.0438819 0.00720046 -0.0124786 -0.0266223 -0.0127427 -0.00772834 -0.0299261 0.0216063 0.0448248 0.0361715 0.000371747 -0.022779 -0.00778689 0.0215873 0.0115942 0.0380933 0.0332324 0.0187773 0.00636943 0.0181818 -0.0179153
internal_weight=12623 6450 6173 2493 2471 1272 1143 1328 898 3979 867 584 600 411 426 405 441 3680 827 268 438 121 314 206 1221 825 228 156 120 306
internal_count=12623 6450 6173 2493 2471 1272 1143 1328 898 3979 867 584 600 411 426 405 441 3680 827 268 438 121 314 206 1221 825 228 156 120 306
is_linear=0
shrinkage=0.05


Tree=2
num_leaves=31
num_cat=0
split_feature=0 9 0 0 9 0 7 9 9 9 9 9 0 3 3 0 9 3 0 3 3 3 5 3 3 0 5 3 7 0
split_gain=5288.83 534.508 430.16 401.316 397.977 142.645 109.196 106.136 87.4758 85.9451 65.4346 65.4212 62.161 55.841 57.1109 35.6042 40.0513 31.9366 29.1372 34.2119 26.0408 25.0852 24.9545 27.1973 24.2338 23.5439 22.9835 22.2783 21.7371 21.3522
threshold=22.55980392156863 7963.7148750000006 18.842156862745103 26.590196078431379 10982.71075 20.459803921568632 -0.091260668982868151 4860.0500000000002 10428.337125000004 5917.7581250000003 15217.491749999999 7909.5876875000004 16.355882352941183 6.5000000000000009 20.500000000000004 29.375490196078434 14234.741437499999 6.5000000000000009 15.624509803921571 7.5000000000000009 19.500000000000004 16.500000000000004 0.26037272046371446 8.5000000000000018 18.500000000000004 25.508823529411771 -0.28519255817492867 8.5000000000000018 0.94704596667653973 17.860784313725492
decision_type=2 2 2 2 2 2 2 2 2 2 2 2 2 2 2 2 2 2 2 2 2 2 2 2 2 2 2 2 2 2
left_child=1 2 7 4 11 29 10 12 17 26 -6 -2 -1 -11 -15 16 -5 -7 -9 -20 -19 -8 -13 -24 -25 -23 -4 -14 -18 -3
right_child=3 5 9 15 6 8 21 18 -10 13 -12 22 27 14 -16 -17 28 20 19 -21 -22 25 23 24 -26 -27 -28 -29 -30 -31
leaf_value=-0.0055508217625319968 0.016646492868661884 -0.015439870696514847 0.0097262097941711537 0.014017825655639173 0.0034181261807680109 0.0019558718707412492 -0.0062209037439897646 -0.01421482155285776 -0.0073837512768805021 0.0039924303293228164 -0.0054044163534417745 0.0063857752978801752 0.011655995458364488 -0.0041052829977124951 0.0048950688913464548 0.027272215247154237 -0.0026437936499714878 -0.0038228716021403682 -0.0027055029030889303 -0.0087411780254915399 0.0018067581355571739 -0.0020329671911895274 0.006939897328615191 -0.0015143744852393838 0.0046611967831850067 0.0026173145975917581 0.00020318710803985396 0.00055039541609585023 0.0027364668846130372 -0.0090323743633925931
leaf_weight=300 768 2243 352 1151 265 103 310 605 445 178 52 352 53 289 79 2472 49 190 193 314 69 107 95 140 71 50 64 119 50 1099
leaf_count=300 768 2243 352 1151 265 103 310 605 445 178 52 352 53 289 79 2472 49 190 193 314 69 107 95 140 71 50 64 119 50 1099
internal_value=-0.000344473 -0.030802 -0.0127601 0.03403 0.0171416 -0.0418675 -0.011465 -0.0287697 -0.0229579 0.0136033 0.0111635 0.0328662 -0.00887949 0.000548446 -0.0105691 0.0440505 0.0370903 -0.0046832 -0.0371968 -0.028248 -0.0140385 -0.0268162 0.0212443 0.0107492 0.000707547 -0.010443 0.0306954 0.0150289 0.0065 -0.0464254
internal_weight=12627 6695 2546 5932 2210 4149 784 1584 807 962 317 1426 472 546 368 3722 1250 362 1112 507 259 467 658 306 211 157 416 172 99 3342
internal_count=12627 6695 2546 5932 2210 4149 784 1584 807 962 317 1426 472 546 368 3722 1250 362 1112 507 259 467 658 306 211 157 416 172 99 3342
is_linear=0
shrinkage=0.05


Tree=3
num_leaves=31
num_cat=0
split_feature=2 2 5 6 7 2 5 7 4 7 5 1 8 6 7 4 6 2 5 8 2 5 6 6 7 6 5 3 6 5
split_gain=866.151 212.806 157.431 160.823 112.358 101.607 87.8938 93.2937 72.7539 67.9723 67.0333 62.3765 62.9391 56.9789 54.9814 63.4253 63.7983 49.8427 92.348 50.2796 49.7515 48.7003 48.4574 55.3266 62.5738 42.8 45.3147 41.2382 40.6995 45.2913
threshold=993.65000000000009 997.72843137254915 -0.01397611846945947 -0.68432604233786842 -0.98803388382128665 975.51666666666677 -0.065535378769913874 -0.91597725483594616 1.5000000000000002 -0.998663445439673 -0.16799356919963607 83.441176470588246 0.14889004263668562 0.99748108949426018 -0.93545056548590078 1.5000000000000002 -0.76696334127844745 986.85980392156875 -0.18492532721306487 -0.17646730165275518 984.37352941176482 0.9962888416657264 0.33222858587828868 0.18281312110578132 0.04621502027255215 0.98770287048522643 0.3744682635859638 15.500000000000002 0.063390085881955341 -0.93545489084327571
decision_type=2 2 2 2 2 2 2 2 2 2 2 2 2 2 2 2 2 2 2 2 2 2 2 2 2 2 2 2 2 2
left_child=2 6 3 10 -3 -4 14 -8 -7 -5 20 22 -13 25 -2 -16 -17 18 -11 28 -1 -9 23 24 -6 26 -10 -22 29 -19
right_child=1 4 5 9 11 8 7 21 13 17 -12 12 -14 -15 15 16 -18 19 -20 -21 27 -23 -24 -25 -26 -27 -28 -29 -30 -31
leaf_value=0.024849782827682795 -0.010038534244988115 0.013180381716671397 0.0065241368830203988 -0.013313531482405961 -0.0091051142456009988 -0.0070593169472645996 0.010675946098566053 -0.0071520993651822242 -0.00393313669115305 0.02175247165772598 0.021137864212691784 0.0063893927710130805 -0.0090697906697867463 -0.0083686341781169186 0.006030391450226308 -0.0068569621960865336 0.002013525908999142 0.018113426882214845 -0.005486364120431248 0.019476090425322765 -0.004442198602622377 0.0062839843627065439 -0.012910683059878648 0.0043143171027302755 -0.0017293435980565875 0.016742477041482923 0.0029886466174852107 0.0017369043291779213 -0.000101989995874463 0.0036178477565757929
leaf_weight=48 122 94 416 50 451 786 141 1383 287 1038 81 108 134 106 419 306 767 366 53 602 531 122 1217 53 213 106 1540 276 376 379
leaf_count=48 122 94 416 50 451 786 141 1383 287 1038 81 108 134 106 419 306 767 366 53 602 531 122 1217 53 213 106 1540 276 376 379
internal_value=-0.000433503 -0.0152414 0.0111971 0.0181005 -0.0269925 0.00309994 -0.00705305 -0.0151791 -0.000300778 0.0239791 0.000106724 -0.0293064 -0.00534979 0.00468137 0.00123839 0.0038848 -0.00256052 0.0250089 0.0333791 0.0196926 -0.00403037 -0.0188247 -0.0322997 -0.0219359 -0.0258647 0.00664426 0.00484136 -0.00699257 0.0134135 0.0201743
internal_weight=12571 5530 7041 3800 2270 3241 3260 1646 2825 2864 936 2176 242 2039 1614 1492 1073 2814 1091 1723 855 1505 1934 717 664 1933 1827 807 1121 745
internal_count=12571 5530 7041 3800 2270 3241 3260 1646 2825 2864 936 2176 242 2039 1614 1492 1073 2814 1091 1723 855 1505 1934 717 664 1933 1827 807 1121 745
is_linear=0
shrinkage=0.05


Tree=4
num_leaves=31
num_cat=0
split_feature=0 0 9 9 0 0 9 9 0 9 0 3 0 0 5 3 9 9 5 9 9 3 3 2 0 9 3 3 9 3
split_gain=5065.55 468.296 457.949 353.58 275.818 201.535 165.492 91.0588 78.6962 89.17 52.8601 45.4163 44.8312 44.2556 52.0374 42.189 38.9212 38.6173 36.9254 28.3195 25.4772 24.9409 24.8029 24.25 21.8198 23.2888 21.7066 28.4863 22.284 21.4599
threshold=22.006862745098044 25.397058823529417 5917.7581250000003 9306.025625000002 16.265686274509807 19.085294117647063 10523.2573125 13246.1105625 29.269607843137258 13793.843124999994 20.610784313725492 7.5000000000000009 27.772549019607847 19.844117647058827 -0.60554068365937697 19.500000000000004 7553.3263125000003 9053.0888749999995 0.039769539193789977 10170.803375 4258.8000000000002 7.5000000000000009 20.500000000000004 997.2656862745099 17.860784313725492 9642.3513124999936 18.500000000000004 6.5000000000000009 8270.7804374999996 8.5000000000000018
decision_type=2 2 2 2 2 2 2 2 2 2 2 2 2 2 2 2 2 2 2 2 2 2 2 2 2 2 2 2 2 2
left_child=2 3 4 16 20 24 10 18 9 17 26 -12 -11 14 29 -13 -2 -3 -5 21 -1 -20 -22 -19 -4 -26 27 28 -7 -6
right_child=1 8 5 7 13 6 -8 -9 -10 12 11 15 -14 -15 -16 -17 -18 23 19 -21 22 -23 -24 -25 25 -27 -28 -29 -30 -31
leaf_value=0.0003401169193896908 0.012383499266341094 0.02402676586306654 -0.01394331321391277 0.0026279169554973506 0.0095236989820527366 0.00066338505952618927 -0.0085618473699287274 -0.0053287093376368335 0.025449404212796359 -0.0025030058474373065 0.0027701364600239337 -0.0043615674759889976 0.0054638472644984726 0.0090975040750950528 -0.0033161138588318098 0.002391126918078515 0.003230468845492579 0.0075587564611900642 0.0074884454603644599 -0.0026356990580225811 -0.0093127931409515453 -0.0017624904066568692 0.00017956582929356537 0.00098304301322437739 -0.0061821395467780565 -0.0098524987687449942 -0.00055446774411015425 -0.0079247934199648488 -0.0038904371419583917 0.0017189788632001714
leaf_weight=54 644 633 2760 327 117 84 614 391 2500 129 152 201 77 235 119 92 390 784 44 176 454 74 45 105 318 327 115 272 80 177
leaf_count=54 644 633 2760 327 117 84 614 391 2500 129 152 201 77 235 119 92 390 784 44 176 454 74 45 105 318 327 115 272 80 177
internal_value=-0.000616444 0.0310757 -0.0326041 0.0114314 -0.00486689 -0.0392444 -0.0246431 -0.00957552 0.040577 0.0323308 -0.0120361 0.000784753 0.00144928 0.0172573 0.00736715 -0.0107143 0.0319807 0.0365069 0.00233119 -0.0105085 -0.0307762 0.00840336 -0.0343 0.0297191 -0.0461392 -0.0376935 -0.0223732 -0.02746 -0.0109091 0.0186441
internal_weight=12490 6274 6216 2046 1201 5015 1610 1012 4228 1728 996 445 206 648 413 293 1034 1522 621 294 553 118 499 889 3405 645 551 436 164 294
internal_count=12490 6274 6216 2046 1201 5015 1610 1012 4228 1728 996 445 206 648 413 293 1034 1522 621 294 553 118 499 889 3405 645 551 436 164 294
is_linear=0
shrinkage=0.05


Tree=5
num_leaves=31
num_cat=0
split_feature=0 9 0 0 9 3 9 5 0 3 9 9 9 0 9 9 0 0 0 9 3 3 0 5 2 2 8 2 4 8
split_gain=4824.49 513.355 417.998 356.401 333.055 115.484 107.57 102.556 100.157 88.8111 79.6031 69.9733 68.7043 56.2479 49.3108 43.9168 41.6454 39.3647 38.3172 64.796 32.4334 36.4146 31.0179 29.1973 25.1668 28.3218 23.5259 28.9385 27.8208 20.9934
threshold=22.630392156862751 8407.9186250000002 17.860784313725492 27.321568627450983 12602.305249999996 6.5000000000000009 4832.8999999999996 0.99966190462023474 20.178431372549024 19.500000000000004 5121.4499999999998 10736.109750000001 7833.4733125000002 14.297058823529413 14580.972874999998 6422.4555 23.914705882352944 20.89901960784314 32.071568627450986 13042.870687500001 8.5000000000000018 19.500000000000004 20.111764705882354 0.091259403071267925 992.18725490196084 978.75686274509815 -0.70291145964310642 994.24411764705894 4.5000000000000009 0.45847758937963173
decision_type=2 2 2 2 2 2 2 2 2 2 2 2 2 2 2 2 2 2 2 2 2 2 2 2 2 2 2 2 2 2
left_child=1 2 10 4 7 15 -7 12 -3 22 13 26 -2 -1 24 -4 -14 -17 19 -5 -15 -22 -8 -21 25 -6 27 28 -10 -11
right_child=3 8 5 18 14 6 9 -9 11 29 -12 -13 16 20 -16 17 -18 -19 -20 23 21 -23 -24 -25 -26 -27 -28 -29 -30 -31
leaf_value=-0.0094667429305682893 0.015301421345620476 -0.01242267787350761 0.011020841536563065 0.018632042874099922 0.00074348621560144101 0.0066379393596427971 -0.0066847411144999817 -0.0049391388428364439 -0.0030954224082225703 0.0060321949015109989 -0.010586820640328804 -0.0067999083803395588 0.00099109016177783009 0.0024939588897361534 -0.0073669396962797009 -0.00044337464969209099 0.0057300184066001241 0.0042195647708529183 0.028867896222136386 -0.0015159554747968846 -0.0048077684304147581 0.0029708849519311299 -0.0016736001211121649 0.0045749538285583258 0.00087475774102192545 -0.0042189521285910135 0.0015471144655428899 -0.0060894675477423006 0.0051894447811528521 -0.00022101583379408041
leaf_weight=273 882 2888 211 1336 70 193 301 42 86 116 951 505 317 119 176 189 730 85 1647 60 148 58 302 307 180 161 95 125 52 109
leaf_count=273 882 2888 211 1336 70 193 301 42 86 116 951 505 317 119 176 189 730 85 1647 60 148 58 302 307 180 161 95 125 52 109
internal_value=-0.00117184 -0.0298663 -0.0146433 0.0318836 0.0178195 0.00411413 -0.00543053 0.0276623 -0.0422575 -0.013269 -0.032871 -0.0272569 0.0293523 -0.0185309 -0.0152211 0.024177 0.0206584 0.0109091 0.0426141 0.0372946 -0.00444785 -0.0164251 -0.0232616 0.0186141 -0.00570388 -0.0165948 -0.0103064 -0.0179924 -0.00215827 0.0134956
internal_weight=12714 6806 3055 5908 2558 1506 1021 1971 3751 828 1549 863 1929 598 587 485 1047 274 3350 1703 325 206 603 367 411 231 358 263 138 225
internal_count=12714 6806 3055 5908 2558 1506 1021 1971 3751 828 1549 863 1929 598 587 485 1047 274 3350 1703 325 206 603 367 411 231 358 263 138 225
is_linear=0
shrinkage=0.05


Tree=6
num_leaves=31
num_cat=0
split_feature=0 0 9 9 0 7 9 0 9 0 0 9 9 9 9 0 1 5 7 8 1 9 0 0 9 0 0 7 5 9
split_gain=4554.03 523.237 416.806 392.35 291.726 105.95 102.684 88.2502 117.321 84.9377 65.9525 70.6167 47.7309 45.0976 40.3849 29.1799 28.5729 26.5678 26.4246 24.0489 22.2153 22.1846 20.9528 20.1081 20.0386 18.6029 17.3333 15.8935 15.6395 14.9616
threshold=21.5343137254902 25.397058823529417 7833.4733125000002 9642.3513124999936 16.963725490196083 -0.14250758662009075 4832.8999999999996 30.60588235294118 10842.376874999996 19.339215686274514 17.936274509803926 10590.001249999996 5917.7581250000003 4860.0500000000002 14580.972874999998 23.264705882352946 93.598039215686285 0.99818282439137029 -0.89405649444168434 -0.46800559042974538 83.245098039215705 14580.972874999998 23.264705882352946 23.185294117647064 4361.3500000000004 18.514705882352946 14.496078431372551 0.36848418633289504 0.58481550752069722 9053.0888749999995
decision_type=2 2 2 2 2 2 2 2 2 2 2 2 2 2 2 2 2 2 2 2 2 2 2 2 2 2 2 2 2 2
left_child=2 3 4 12 13 15 24 8 19 20 -4 16 -2 26 17 -5 27 -10 -14 29 -8 23 -20 -7 -6 -26 -1 -12 -16 -3
right_child=1 7 10 5 6 21 9 -9 14 -11 11 -13 18 -15 28 -17 -18 -19 22 -21 -22 -23 -24 -25 25 -27 -28 -29 -30 -31
leaf_value=-0.0070943802533464939 0.015107795928351934 0.01760112395695354 -0.013059614614540502 -0.0015166132908108879 0.010970616921661925 -0.0044393402862931575 -0.0044284328452860455 0.02447314881244508 0.0044181682495193723 0.0010973882771265155 -0.0054081933867542176 -0.0082770633356279884 0.0070459888570899611 -0.011162247272219159 -0.0037749531751176679 0.0025449928745233 0.0024429027231308493 -0.0022178359906675771 0.0013416332531875686 0.024157222295893024 0.00090046666707024057 -0.0093866289109172975 0.005313627102675811 -0.0014608570988216914 -0.001263926984178332 0.0060921053276437268 -0.0010304577620767253 -0.0010883058770529113 0.0015714617489507893 0.010867142902101985
leaf_weight=147 398 323 2217 208 141 196 378 2069 677 469 598 773 138 757 63 263 46 52 374 560 52 120 370 266 69 89 200 59 52 459
leaf_count=147 398 323 2217 208 141 196 378 2069 677 469 598 773 138 757 63 263 46 52 374 560 52 120 370 266 69 89 200 59 52 459
internal_value=-0.000766847 0.0279253 -0.0322965 0.00889032 -0.0155884 -0.0137097 0.00150125 0.0383576 0.0313214 -0.00694444 -0.0427044 -0.0344617 0.0274785 -0.0341176 0.0166864 0.00391949 -0.0229403 0.0210274 0.0209513 0.0405063 -0.0229698 -0.0279588 0.0171812 -0.0228942 0.0268333 0.0144654 -0.0191092 -0.0256079 -0.0107759 0.0347382
internal_weight=12583 6588 5995 2333 2302 1053 1198 4255 2186 899 3693 1476 1280 1104 844 471 703 729 882 1342 430 582 744 462 299 158 347 657 115 782
internal_count=12583 6588 5995 2333 2302 1053 1198 4255 2186 899 3693 1476 1280 1104 844 471 703 729 882 1342 430 582 744 462 299 158 347 657 115 782
is_linear=0
shrinkage=0.05


Tree=7
num_leaves=31
num_cat=0
split_feature=0 0 9 9 0 3 0 9 9 0 5 9 9 3 9 9 1 9 0 3 3 3 3 3 6 3 3 3 9 1
split_gain=4392.9 459.785 389.87 312.279 296.539 103.815 97.4681 131.359 96.2853 81.0763 80.6174 78.0137 69.7738 67.5469 64.0836 45.0915 41.9206 39.374 37.3522 37.084 53.1844 30.619 38.366 32.4915 43.8976 29.1874 29.9369 28.1736 28.0795 27.3724
threshold=21.765686274509807 25.397058823529417 7963.7148750000006 10842.376874999996 16.963725490196083 7.5000000000000009 31.050000000000004 9701.7165000000005 4361.3500000000004 18.171568627450984 -0.03977009085991149 7833.4733125000002 10523.2573125 19.500000000000004 14234.741437499999 6422.4555 83.245098039215705 5235.5330000000004 14.297058823529413 8.5000000000000018 18.500000000000004 19.500000000000004 8.5000000000000018 15.500000000000002 0.2332836900311728 19.500000000000004 5.5000000000000009 8.5000000000000018 11681.942812499996 63.656862745098046
decision_type=2 2 2 2 2 2 2 2 2 2 2 2 2 2 2 2 2 2 2 2 2 2 2 2 2 2 2 2 2 2
left_child=2 3 4 11 17 15 7 -3 -7 -4 -5 -2 25 16 21 -6 -10 18 -1 -13 29 22 -9 24 -24 26 -11 -20 -26 -21
right_child=1 6 9 10 5 8 -8 14 13 12 -12 19 -14 -15 -16 -17 -18 -19 27 20 -22 -23 23 -25 28 -27 -28 -29 -30 -31
leaf_value=-0.0093565098509315169 0.0099621574983133274 0.021012186725041754 -0.012146103386282608 0.0010578158814208011 0.0081645878633371284 0.0055687959349651431 0.024224690583773936 0.0065231022570463931 -0.0051838979015813857 -0.0014666976165816415 -0.0042127557642225397 0.0047260548370725158 -0.0077980420197006732 0.0019488855470232548 -0.00080558122042224132 0.00054435464122491175 0.00071469683687041825 -0.01123019851324362 0.0015228837691454557 -0.0031527770470660163 0.0042050377911498652 0.0083752824565249909 -0.0034530491199148139 0.0061031611197934184 0.012327564620414237 0.00018653546199557948 -0.0064885581472137691 -0.0045911797515919726 -0.00028532253094358528 0.00048129918714453492
leaf_weight=267 756 1072 2366 260 228 97 1921 403 438 165 522 260 790 197 183 196 86 593 107 126 162 204 68 184 58 127 385 157 140 142
leaf_count=267 756 1072 2366 260 228 97 1921 403 438 165 522 260 790 197 183 196 86 593 107 126 162 204 68 184 58 127 385 157 140 142
internal_value=-0.00161915 0.0272284 -0.0316855 0.00883804 -0.0157161 0.00112631 0.0369036 0.0299611 -0.00927961 -0.0415363 -0.0166028 0.0225985 -0.0322548 -0.0155817 0.0188558 0.0211765 -0.0249524 -0.0343111 -0.0243421 0.0104197 0.00139211 0.0235822 0.0193794 0.00931264 -0.00187266 -0.0204277 -0.0254083 -0.0109434 0.0100503 -0.0122677
internal_weight=12660 6461 6199 2228 2366 1242 4233 2312 818 3833 782 1446 1467 721 1240 424 524 1124 531 690 430 1057 853 450 266 677 550 264 198 268
internal_count=12660 6461 6199 2228 2366 1242 4233 2312 818 3833 782 1446 1467 721 1240 424 524 1124 531 690 430 1057 853 450 266 677 550 264 198 268
is_linear=0
shrinkage=0.05


Tree=8
num_leaves=31
num_cat=0
split_feature=0 0 9 9 0 0 7 8 9 3 3 0 9 9 0 0 9 0 1 0 9 0 3 3 0 3 3 8 1 0
split_gain=4201.15 459.092 400.312 350.997 220.747 159.356 137.698 98.8506 92.4724 58.1578 77.3366 74.2443 51.1768 47.1763 45.3645 42.8946 42.1559 38.5386 38.534 34.9716 34.88 29.7505 29.5228 46.524 27.9501 27.3954 40.4044 26.3622 26.1114 25.9502
threshold=21.673529411764708 27.321568627450983 6915.8354999999983 9623.6006875000003 16.440196078431374 19.485294117647062 -0.14250758662009075 0.26659387353423869 10170.803375 7.5000000000000009 18.500000000000004 24.05980392156863 13249.7464375 15217.491749999999 23.439215686274512 35.595098039215692 14768.196750000001 20.059803921568633 20.362745098039216 29.990196078431378 5917.7581250000003 17.72058823529412 6.5000000000000009 19.500000000000004 23.104901960784318 16.500000000000004 9.5000000000000018 -0.98212955754013376 59.833333333333336 13.990196078431374
decision_type=2 2 2 2 2 2 2 2 2 2 2 2 2 2 2 2 2 2 2 2 2 2 2 2 2 2 2 2 2 2
left_child=2 3 4 9 29 21 13 18 22 -2 11 20 19 14 -5 -14 24 -9 -6 27 -11 -4 -7 -24 -8 26 -26 28 -3 -1
right_child=1 12 5 6 7 8 16 17 -10 10 -12 -13 15 -15 -16 -17 -18 -19 -20 -21 -22 -23 23 -25 25 -27 -28 -29 -30 -31
leaf_value=-0.010604487421863179 0.012423753033924793 -0.0013962371775759486 -0.011720306168138845 -0.00042490106865332168 -0.0032313378789662812 0.0011635763126082374 -0.0037349365571053006 -0.0026855129965237187 -0.0070575358285785627 0.0053923964429029476 0.0089410379412022158 0.0087237057551587897 0.0037252156378880549 -0.0042700935812978059 0.0041199759011789905 0.018269735045291433 -0.0082822813282393132 0.0014787657882892715 0.0062192594257617223 0.02747441305482802 -0.0024012465802506489 -0.007027082095525241 -0.0049073220561806439 0.0013086628646232766 -3.7800286450284659e-05 0.00075242692684135415 -0.0041513164261005658 0.015064322615108709 0.0066823295112471322 -0.0046521215811117121
leaf_weight=379 494 41 2492 198 50 174 197 278 537 103 450 370 548 60 411 288 93 135 482 1653 223 844 293 108 206 173 178 766 46 409
leaf_count=379 494 41 2492 198 50 174 197 278 537 103 450 370 548 60 411 288 93 135 482 1653 223 844 293 108 206 173 178 766 46 409
internal_value=-0.00152603 0.0265425 -0.0310336 0.0128603 -0.0106401 -0.0389751 -0.00448253 0.00565539 -0.0225517 0.0288848 0.0226678 0.0121951 0.0394556 0.0124627 0.0166393 0.0286738 -0.0178656 -0.0126812 0.0198874 0.0430395 -0.00519878 -0.0444411 -0.00859375 -0.0160448 -0.0139073 -0.00815412 -0.0155844 0.034719 0.00852273 -0.0301648
internal_weight=12679 6498 6181 3156 1733 4448 1516 945 1112 1640 1146 696 3342 669 609 836 847 413 532 2506 326 3336 575 401 754 557 384 853 87 788
internal_count=12679 6498 6181 3156 1733 4448 1516 945 1112 1640 1146 696 3342 669 609 836 847 413 532 2506 326 3336 575 401 754 557 384 853 87 788
is_linear=0
shrinkage=0.05


Tree=9
num_leaves=31
num_cat=0
split_feature=0 9 0 0 9 9 0 7 0 9 9 9 9 0 3 3 3 9 3 9 3 0 9 3 0 9 7 6 3 7
split_gain=3924.92 426.93 347.684 331.802 299.162 113.853 106.758 82.8766 75.8517 71.5366 63.2273 59.8967 59.566 55.1456 43.7853 69.9016 42.4981 37.768 36.0372 44.3467 35.8115 33.82 34.4524 33.1404 31.8466 29.8795 28.7952 26.9279 26.6051 25.7941
threshold=22.177450980392159 7833.4733125000002 27.321568627450983 19.228431372549021 10842.376874999996 4022.0499999999988 19.085294117647063 -0.13292143739675699 15.037254901960786 7833.4733125000002 13246.1105625 5706.7157499999985 12134.6975 33.632352941176478 8.5000000000000018 19.500000000000004 7.5000000000000009 15217.491749999999 19.500000000000004 4616.411750000002 19.500000000000004 30.428431372549024 9701.7165000000005 6.5000000000000009 23.518627450980397 14580.972874999998 0.23746817830764474 -0.85674049181790024 8.5000000000000018 -0.98214488425316759
decision_type=2 2 2 2 2 2 2 2 2 2 2 2 2 2 2 2 2 2 2 2 2 2 2 2 2 2 2 2 2 2
left_child=1 3 4 5 9 -1 -3 17 -7 -2 21 14 20 26 -10 -16 -5 29 19 -18 28 22 -4 -13 -11 -9 -12 -20 -8 -6
right_child=2 6 10 16 7 8 12 25 11 24 13 23 -14 -15 15 -17 18 -19 27 -21 -22 -23 -24 -25 -26 -27 -28 -29 -30 -31
leaf_value=0.010202968609083336 0.011962319607195366 -0.010489455952876071 0.020853469175808489 0.0049986294417791377 -0.0052004129301116316 -0.0099852403845612381 -0.0018349899272229117 -0.0013285344022694546 0.003816997448117157 0.00011783208502622322 -0.0016132255277468257 -0.0015486717069643913 -0.0074930522620861098 0.013469075193896701 -0.0042533603640837305 0.0036124971057776346 0.0059612128579978 -0.0041201811764927463 5.6732017735094953e-05 -0.0028649142532773649 0.00034139360299130229 0.026186143588879541 0.0063545656987249351 -0.0077338096655540272 0.0046075101879295864 -0.0067965755771264777 0.0038559003227817469 0.0081164540723900735 -0.0058704570126926038 0.0033441482403926389
leaf_weight=59 995 2654 560 286 49 726 304 514 148 256 77 171 402 347 205 78 62 56 70 260 151 1559 409 306 565 132 395 89 385 258
leaf_count=59 995 2654 560 286 49 726 304 514 148 256 77 171 402 347 205 78 62 56 70 260 151 1559 409 306 565 132 395 89 385 258
internal_value=-0.00162024 -0.0291962 0.0267779 -0.0128809 0.0138535 -0.0252361 -0.0394919 -0.0079703 -0.0277064 0.0259769 0.0376792 -0.0180418 -0.0273532 0.0255488 -0.00451389 -0.0160211 0.014388 0.0111264 0.00529046 -0.00433437 -0.0197384 0.0415975 0.0341753 -0.0302301 0.0150243 -0.0187017 0.0143763 0.0246875 -0.0245652 0.0180195
internal_weight=12528 6356 6172 2460 2825 1693 3896 1009 1634 1816 3347 908 1242 819 431 283 767 363 481 322 840 2528 969 477 821 646 472 159 689 307
internal_count=12528 6356 6172 2460 2825 1693 3896 1009 1634 1816 3347 908 1242 819 431 283 767 363 481 322 840 2528 969 477 821 646 472 159 689 307
is_linear=0
shrinkage=0.05


Tree=10
num_leaves=31
num_cat=0
split_feature=0 0 9 0 9 9 9 9 0 8 0 9 7 3 9 0 8 3 3 3 3 3 8 7 3 4 3 3 0 3
split_gain=3832.09 491.205 314.877 240.041 237.967 210.31 95.7285 93.9766 86.2239 52.5318 49.1774 72.2489 48.5977 45.7793 44.6269 49.2021 38.9577 37.5945 67.1809 33.7897 32.6352 27.9112 29.9321 27.5902 27.3317 26.5642 26.4365 56.793 24.8692 24.6722
threshold=23.018627450980397 19.485294117647062 9623.6006875000003 27.906862745098042 9157.4811249999966 5917.7581250000003 13485.0049375 5970.7126874999976 15.624509803921571 -0.99864786094873803 32.825490196078441 9701.7165000000005 -0.17647005552944256 8.5000000000000018 10170.803375 16.506862745098044 0.92520893929334658 7.5000000000000009 19.500000000000004 6.5000000000000009 19.500000000000004 6.5000000000000009 0.83730377313544024 -0.9470547246821871 16.500000000000004 4.5000000000000009 16.500000000000004 8.5000000000000018 20.459803921568632 6.5000000000000009
decision_type=2 2 2 2 2 2 2 2 2 2 2 2 2 2 2 2 2 2 2 2 2 2 2 2 2 2 2 2 2 2
left_child=1 5 7 4 29 8 9 21 -1 -6 11 -5 23 -10 15 -7 26 28 -19 25 -15 -3 -23 -4 -8 -17 27 -13 -9 -2
right_child=3 2 12 10 6 14 24 17 13 -11 -12 16 -14 20 -16 19 -18 18 -20 -21 -22 22 -24 -25 -26 -27 -28 -29 -30 -31
leaf_value=-0.0065782379977265826 0.017542278818678776 0.01071030285899419 -0.0064015825039921122 0.024399983210274111 -0.0033734314083922801 -0.010092833991980524 -0.0034469349767185273 -0.0010423384891681765 0.0048202043399439565 0.0024768398707647136 0.024337885248225236 0.0070407100821972936 -0.0063508470842638309 -0.0030939973770635469 -0.010709671293598011 -0.0029631354317284451 -0.0017079796642582746 -0.0033514733698100764 0.0021228943951235482 -0.0065183714693698817 0.0031718622893245397 0.0073525342875958802 -0.0020392903578723256 -0.0018084589029578936 0.00032734499270390408 0.00094242109803613502 0.0085752577269684171 0.00063562062353483275 0.0029058630047902436 0.008841923657329288
leaf_weight=466 272 150 70 734 56 1187 275 113 164 919 1424 330 578 214 1628 181 74 399 191 604 81 223 44 350 130 80 259 275 208 843
leaf_count=466 272 150 70 734 56 1187 275 113 164 919 1424 330 578 214 1628 181 74 399 191 604 81 223 44 350 130 80 259 275 208 843
internal_value=-0.00231574 -0.0271567 -0.00842286 0.0284782 0.0169271 -0.0366153 0.00304127 0.00752445 -0.0152808 0.0115266 0.0377785 0.0319187 -0.0296296 0.000108696 -0.0419723 -0.037019 0.0226837 -0.00148026 -0.00896785 -0.0278868 -0.0116554 0.0271531 0.0173507 -0.0166271 -0.0173645 -0.0127863 0.0256647 0.0198845 0.0122671 0.034095
internal_weight=12522 6931 2326 5591 2495 4605 1380 1328 925 975 3096 1672 998 459 3680 2052 938 911 590 865 295 417 267 420 405 261 864 605 321 1115
internal_count=12522 6931 2326 5591 2495 4605 1380 1328 925 975 3096 1672 998 459 3680 2052 938 911 590 865 295 417 267 420 405 261 864 605 321 1115
is_linear=0
shrinkage=0.05


Tree=11
num_leaves=31
num_cat=0
split_feature=2 5 9 6 1 5 2 6 7 9 7 3 3 9 3 5 9 5 9 2 1 5 6 5 2 5 9 7 5 7
split_gain=664.376 257.088 247.784 138.965 108.956 107.089 106.489 138.552 92.0478 82.1605 77.8259 72.0787 69.0656 61.8429 61.5965 59.3979 92.1479 55.1268 56.1775 83.3677 53.4309 47.3876 63.7372 43.4511 41.3848 78.049 41.8616 39.6723 47.0846 46.8708
threshold=995.15980392156871 -0.01397611846945947 7028.4232500000007 -0.72102888505294738 82.735294117647072 -0.35041564478062465 990.22058823529426 0.56191161272202661 -0.998663445439673 14580.972874999998 -0.91597725483594616 18.500000000000004 18.500000000000004 5706.7157499999985 6.5000000000000009 -0.77245553105869302 8839.5343750000011 -0.8041866928211282 10231.2076875 985.63333333333344 92.049019607843164 0.091259403071267925 0.96633974041180493 0.59868201182722736 988.22450980392171 -0.93545489084327571 4577.2022500000021 -0.63920832810365535 0.9916835347852474 0.99196248624718542
decision_type=2 2 2 2 2 2 2 2 2 2 2 2 2 2 2 2 2 2 2 2 2 2 2 2 2 2 2 2 2 2
left_child=1 3 10 5 9 -1 20 12 -5 11 -2 -4 14 -7 -8 16 24 18 19 -18 21 -3 27 -14 -10 -26 -27 -23 29 -29
right_child=2 6 4 8 -6 13 7 -9 15 -11 -12 -13 23 -15 -16 -17 17 -19 -20 -21 -22 22 -24 -25 25 26 -28 28 -30 -31
leaf_value=-0.0020787561587960915 0.013491436124521179 -0.0071048901555766141 -0.0060437183465589213 -0.0069410017931526048 -0.000778037789146642 0.0013819766274251134 0.0010873546791785981 -0.0073655689102139965 0.023659942147024306 -0.010494081151286076 0.00036699065021635893 -0.0011707075885540139 -0.0057579518688490594 0.017519037060245529 -0.0052539390179969061 0.010586526435287008 0.0079022994606572691 -0.0062815667997680753 0.0067427762502480226 -0.0043215496610739873 0.004483902962077119 0.0049006685446494058 0.01286368950044459 0.0069464665898227723 0.013930553910717465 0.025933226124641086 -0.0015339729677819381 -0.0027279140192065458 0.013266177891018178 0.019372978209659088
leaf_weight=681 136 86 1828 65 564 271 439 456 510 615 575 510 61 149 697 1249 148 52 235 328 570 210 110 246 375 50 339 905 74 55
leaf_count=681 136 86 1828 65 564 271 439 456 510 615 575 510 61 149 697 1249 148 52 235 328 570 210 110 246 375 50 339 905 74 55
internal_value=-0.00156076 0.00660727 -0.017711 0.0148215 -0.0231524 -0.000589837 -0.00274936 -0.0112368 0.0198837 -0.0269973 0.00919944 -0.022702 -0.00363573 0.0192399 -0.00932278 0.0210526 0.0157753 0.0020288 0.0056882 -0.00419287 0.00527101 0.000138793 0.00243542 0.0173701 0.024 0.0166013 0.000897436 -0.000803213 -0.00483092 -0.00780437
internal_weight=12589 8361 4228 4452 3517 1101 3909 1899 3351 2953 711 2338 1443 420 1136 3286 2037 763 711 476 2010 1440 1354 307 1274 764 389 1244 1034 960
internal_count=12589 8361 4228 4452 3517 1101 3909 1899 3351 2953 711 2338 1443 420 1136 3286 2037 763 711 476 2010 1440 1354 307 1274 764 389 1244 1034 960
is_linear=0
shrinkage=0.05


Tree=12
num_leaves=31
num_cat=0
split_feature=0 0 9 9 0 0 9 0 5 3 3 5 9 9 8 9 9 3 1 3 3 3 2 0 3 0 7 7 5 3
split_gain=3610.07 571.944 312.547 307.646 124.536 92.4133 113.402 80.4151 79.8324 77.438 88.5383 57.7242 56.4149 52.7642 47.8956 38.1132 36.7761 34.8088 34.3179 33.2348 33.1541 45.8181 31.3319 31.1134 30.4502 25.0873 25.0131 30.354 24.7078 24.0518
threshold=20.753921568627455 25.604901960784318 9733.5883750000012 7028.4232500000007 16.007843137254905 31.652941176470595 10842.376874999996 17.385294117647064 0.022575936829235418 7.5000000000000009 18.500000000000004 -0.60554068365937697 10842.376874999996 5917.7581250000003 -0.93543596745397617 14580.972874999998 14580.972874999998 7.5000000000000009 52.088235294117659 19.500000000000004 6.5000000000000009 18.500000000000004 996.39509803921578 23.357843137254907 7.5000000000000009 13.898039215686277 0.83966414931270739 0.98213580174693105 0.99761913169647187 19.500000000000004
decision_type=2 2 2 2 2 2 2 2 2 2 2 2 2 2 2 2 2 2 2 2 2 2 2 2 2 2 2 2 2 2
left_child=3 2 9 4 24 6 14 -5 23 -2 13 17 20 -11 -3 28 -10 -6 -15 -19 22 -22 -9 -4 25 -1 -7 -28 -8 -26
right_child=1 5 8 7 11 26 15 12 16 10 -12 -13 -14 18 -16 -17 -18 19 -20 -21 21 -23 -24 -25 29 -27 27 -29 -30 -31
leaf_value=-0.0053196052107363752 0.0079420176623304084 0.0032875277083046217 -0.0016929370719807935 -0.010303531925362101 0.0080676395169436265 0.022417542561121523 0.0033421184182458904 0.0001610233427639052 -0.001996226054753475 0.0072006473190611153 0.0052948970335861883 -0.0020874921486825626 -0.0065791401607439657 -0.0042771777787142251 0.017162344329162995 -0.001499750966714064 -0.0072756980512321059 -0.0018383152936906372 0.00042686132368469635 0.0058611364323167912 -0.0063976401651995368 -0.0010834120811587884 -0.0033512721795610715 0.0017871265793128561 -0.0099707817435506618 -0.00035169788098590726 0.0025362430156876392 0.017533344206248615 -0.0015155211857346695 -0.0027739295853573711
leaf_weight=167 523 242 278 2325 172 1440 744 187 627 189 478 384 688 195 1206 139 146 237 236 82 485 191 93 266 309 137 135 140 67 69
leaf_count=167 523 242 278 2325 172 1440 744 187 627 189 478 384 688 195 1206 139 146 237 236 82 485 191 93 266 309 137 135 140 67 69
internal_value=-0.00216648 0.0215471 0.00469547 -0.0324227 -0.0135751 0.0335805 0.0272197 -0.0398111 -0.0133915 0.0193896 0.0118289 -0.00108447 -0.031307 -0.000644122 0.0360248 0.013775 -0.023708 0.0102642 -0.0103009 0.00046875 -0.0234065 -0.0293944 -0.0088968 0.0012844 -0.0295754 -0.0177049 0.0424534 0.028442 0.0179187 -0.0390501
internal_weight=12577 7051 2938 5526 1557 4113 2398 3969 1317 1621 1098 875 1644 620 1448 950 773 491 431 319 956 676 280 544 682 304 1715 275 811 378
internal_count=12577 7051 2938 5526 1557 4113 2398 3969 1317 1621 1098 875 1644 620 1448 950 773 491 431 319 956 676 280 544 682 304 1715 275 811 378
is_linear=0
shrinkage=0.05


Tree=13
num_leaves=31
num_cat=0
split_feature=0 0 0 6 5 5 0 3 6 6 7 3 6 6 0 5 3 3 5 3 1 3 3 3 5 3 6 3 5 7
split_gain=3406.96 512.101 204.202 171.994 165.454 101.831 92.6003 87.1235 81.4713 77.0641 86.8992 71.858 61.9305 61.8278 57.5194 46.1076 46.101 53.5007 44.6913 41.3566 39.8824 39.3859 55.5384 37.0147 31.4259 30.3512 27.7605 26.887 26.7451 26.0035
threshold=20.826470588235299 25.820588235294121 16.963725490196083 -0.15950993297387572 -0.50556189049999822 0.022575936829235418 35.255882352941185 7.5000000000000009 -0.14250536273956091 -0.16799793862756093 -0.39036798905311365 19.500000000000004 -0.33426211444629356 -0.39827153806311183 23.518627450980397 -0.69674959280705229 6.5000000000000009 19.500000000000004 0.75014288946266361 8.5000000000000018 87.362745098039241 17.500000000000004 9.5000000000000018 4.5000000000000009 0.77244481603295057 18.500000000000004 0.71353761266622884 7.5000000000000009 0.85226249403558707 -0.90893575921103265
decision_type=2 2 2 2 2 2 2 2 2 2 2 2 2 2 2 2 2 2 2 2 2 2 2 2 2 2 2 2 2 2
left_child=2 3 13 7 8 14 9 -2 -4 -3 -11 28 16 15 -5 27 -6 -18 -7 -20 -10 22 24 -17 -12 -21 -23 -1 -9 -16
right_child=1 6 4 5 12 18 -8 11 20 10 21 -13 -14 -15 29 23 17 -19 19 25 -22 26 -24 -25 -26 -27 -28 -29 -30 -31
leaf_value=0.0012234578367598837 0.0085099774578529328 0.021851694026618917 0.0018505618156533011 -0.00068002543168234342 0.0001944341908666769 -0.0049923912178898525 0.021356067911617017 0.00085532404109014417 -0.0046573884374839034 0.010956118491222711 0.0019003947305333447 0.0057021251583938091 -0.0060777581569395585 -0.01009496109166986 0.0069163893645095625 -0.0033796650890102961 -0.0061173717538389183 0.00012013886020261073 0.0016959545068688077 -0.0038097131131227149 0.00074461491911220203 0.0091345217588237864 -0.00020347837758461496 -0.0092315387737436066 0.0068064140328996693 0.00019632589452694139 0.0024654287278764232 -0.0044583391218272154 -0.0026376471904962506 0.0017499042545561561
leaf_weight=93 382 940 489 468 186 352 971 478 362 751 294 290 965 1867 126 230 355 120 159 193 83 228 475 676 260 121 149 159 106 302
leaf_count=93 382 940 489 468 186 352 971 478 362 751 294 290 965 1867 126 230 355 120 159 193 83 228 475 676 260 121 149 159 106 302
internal_value=-0.00240678 0.0207139 -0.03157 0.00495299 -0.0211636 -0.00531359 0.0322438 0.0190135 -0.00438503 0.0280019 0.0227757 0.0102857 -0.0307929 -0.0403668 0.00635452 -0.0312338 -0.0189577 -0.0272059 -0.0179782 -0.00791139 -0.019843 0.0154229 0.0103398 -0.0364939 0.0210811 -0.0184127 0.0292328 -0.012253 0.00017094 0.0195804
internal_weight=12630 7045 5585 2977 2560 1721 4068 1256 934 3097 2157 874 1626 3025 896 1158 661 475 825 473 445 1406 1029 906 554 314 377 252 584 428
internal_count=12630 7045 5585 2977 2560 1721 4068 1256 934 3097 2157 874 1626 3025 896 1158 661 475 825 473 445 1406 1029 906 554 314 377 252 584 428
is_linear=0
shrinkage=0.05


Tree=14
num_leaves=31
num_cat=0
split_feature=0 0 0 9 9 9 9 9 9 9 0 0 9 7 0 9 7 9 0 5 6 7 0 1 2 0 7 6 1 5
split_gain=3331.93 382.191 287.207 270.218 213.394 160.706 88.0638 76.9216 73.2393 68.337 71.6677 54.9163 54.8066 54.2268 54.0081 42.829 35.8949 32.0763 29.8547 29.4538 29.3645 28.0941 27.4605 27.3525 24.8381 27.8074 26.2263 24.759 24.1885 23.9794
threshold=22.336274509803925 17.860784313725492 27.772549019607847 8622.4701250000016 10842.376874999996 5121.4499999999998 14580.972874999998 5917.7581250000003 6114.3703124999984 8312.2723125000011 35.595098039215692 13.767647058823533 12134.6975 -0.13292143739675699 20.397058823529417 13246.1105625 -0.89405649444168434 4361.3500000000004 19.409803921568628 -0.34235669412071207 0.98005052076767474 0.80033572242307993 13.387254901960786 95.735294117647072 997.91764705882372 23.914705882352944 -0.46801289393397988 0.18281312110578132 54.323529411764717 0.70290292807158605
decision_type=2 2 2 2 2 2 2 2 2 2 2 2 2 2 2 2 2 2 2 2 2 2 2 2 2 2 2 2 2 2
left_child=1 5 4 7 8 11 13 17 -2 -4 15 -1 23 -6 -9 27 29 -3 -19 22 -17 -15 -7 -5 25 26 -18 28 -11 -10
right_child=2 3 9 12 6 19 -8 14 16 10 -12 -13 -14 21 -16 20 24 18 -20 -21 -22 -23 -24 -25 -26 -27 -28 -29 -30 -31
leaf_value=-0.0077331865255042933 0.016209985049256036 0.0095043168747139285 0.020956686166627062 -0.0033369274150819154 0.0024615697328899096 -0.010755835541736029 -0.004676304317777458 -0.002849230938315617 0.0079692560904454819 0.0019967434674913131 0.020470216754811723 -0.00046021810602486643 -0.0065151146722833208 -0.0017346710286151009 0.00062091040361729466 0.0028904801096048928 -0.0012346837659523186 -0.0020207532893671168 0.0039401090325279662 -0.0093080552311482108 -0.0015629234199215497 0.00075177991432582312 -0.0050581128453145155 0.0029211248423186564 -0.00057368507632342414 0.0061980784019825073 0.002524685356527917 0.0093498291560709015 0.0079302622704786607 0.0021768591549194971
leaf_weight=216 534 116 776 846 324 403 196 538 157 123 712 354 633 331 400 435 120 141 255 1844 80 206 724 40 180 610 185 712 317 83
leaf_count=216 534 116 776 846 324 403 196 538 157 123 712 354 633 331 400 435 120 141 255 1844 80 206 724 40 180 610 185 712 317 83
internal_value=-0.00223555 -0.0270926 0.0243752 -0.0138552 0.0130851 -0.0381846 -0.00486767 0.00158511 0.0232353 0.0348384 0.0306092 -0.0138354 -0.0285855 0.00203016 -0.00692226 0.0249101 0.0169536 0.017154 0.0103275 -0.0428499 0.0128876 -0.00771375 -0.0363918 -0.0205186 0.0130931 0.0164301 0.00408497 0.0302689 0.0208617 0.0344398
internal_weight=12591 6510 6081 2969 2926 3541 1057 1450 1869 3155 2379 570 1519 861 938 1667 1335 512 396 2971 515 537 1127 886 1095 915 305 1152 440 240
internal_count=12591 6510 6081 2969 2926 3541 1057 1450 1869 3155 2379 570 1519 861 938 1667 1335 512 396 2971 515 537 1127 886 1095 915 305 1152 440 240
is_linear=0
shrinkage=0.05


Tree=15
num_leaves=31
num_cat=0
split_feature=2 5 6 6 4 1 2 6 7 3 5 6 3 3 5 1 3 3 2 1 7 5 6 4 1 4 4 3 5 2
split_gain=608.513 260.176 153.431 115.93 110.698 106.182 99.8541 119.366 88.1456 84.5058 80.9001 68.2313 61.4477 87.9232 60.2754 53.024 51.8971 58.8042 61.4709 50.1607 43.0627 49.346 55.6645 58.9447 38.0059 37.1687 37.0863 41.3238 34.1051 31.2849
threshold=996.93627450980409 -0.03977009085991149 -0.72102888505294738 0.70747208174348741 1.5000000000000002 82.735294117647072 990.44803921568644 0.67644692717078936 -0.998663445439673 19.500000000000004 -0.44504625642270151 0.65720762023595369 18.500000000000004 7.5000000000000009 -0.9905448150984083 91.852941176470594 18.500000000000004 8.5000000000000018 986.40686274509824 82.460784313725512 -0.65234524191686594 0.9916835347852474 0.38043945030393422 5.5000000000000009 69.676470588235318 3.5000000000000004 3.5000000000000004 15.500000000000002 -0.99275805973510278 985.47549019607857
decision_type=2 2 2 2 2 2 2 2 2 2 2 2 2 2 2 2 2 2 2 2 2 2 2 2 2 2 2 2 2 2
left_child=1 2 4 5 10 9 15 12 -4 11 -1 -2 13 -8 19 20 17 -16 -19 29 -3 22 25 -24 -15 -22 -6 -28 -21 -10
right_child=3 6 8 -5 26 -7 7 -9 14 -11 -12 -13 -14 24 16 -17 -18 18 -20 28 21 -23 23 -25 -26 -27 27 -29 -30 -31
leaf_value=-0.00080682315200456553 -0.0050315096881958623 0.004591640846360873 -0.0067090478085964078 -0.007769975440030003 -0.0035486712860235249 0.0040899423275148452 0.00030560715702803999 -0.0066056035814424045 0.0040914761524527502 0.00083189963193160414 0.014580478531677139 0.0085665987197389524 0.0018237087741968139 -0.006162106788872493 0.0073518168146554158 0.0030874227355399799 0.0088837378383016669 0.013199704089249427 0.00055480923786333511 0.011759004798330808 -0.0060617219457354439 0.011555197762484475 0.0010815117100012818 -0.0064988823111948486 -0.0016622948340916433 -0.0021197732693582941 -0.0028789095258223334 0.0023081545609635631 -0.0051731131540853131 -0.004583546479374207
leaf_weight=187 1260 236 72 997 403 213 704 429 58 283 208 48 464 639 1261 603 700 358 1005 140 213 82 634 103 343 221 372 190 41 191
leaf_count=187 1260 236 72 997 403 213 704 429 58 283 208 48 464 639 1261 603 700 358 1005 140 213 82 634 103 343 221 372 190 41 191
internal_value=-0.00258314 0.00326131 0.0109697 -0.0231442 -0.00345334 -0.0155679 -0.00529752 -0.0118798 0.0160962 -0.0200063 0.0188131 -0.0253629 -0.00706648 -0.0114997 0.0171505 0.00281892 0.0194286 0.0161905 0.00898094 -0.000464037 -0.00224832 -0.00594099 -0.00857509 -0.000203252 -0.0211597 -0.0227586 -0.0125776 -0.00426288 0.0195055 -0.015
internal_weight=12658 9857 5186 2801 1360 1804 4671 2579 3826 1591 395 1308 2150 1686 3754 2092 3324 2624 1363 430 1489 1253 1171 737 982 434 965 562 181 249
internal_count=12658 9857 5186 2801 1360 1804 4671 2579 3826 1591 395 1308 2150 1686 3754 2092 3324 2624 1363 430 1489 1253 1171 737 982 434 965 562 181 249
is_linear=0
shrinkage=0.05


Tree=16
num_leaves=31
num_cat=0
split_feature=0 0 9 9 0 9 9 9 3 3 3 3 9 0 0 9 0 9 5 0 3 3 9 3 3 8 6 3 3 0
split_gain=3193.79 517.323 266.353 188.77 172.849 161.518 93.8252 76.622 68.0905 89.3154 61.1572 72.5352 56.786 54.217 51.7458 51.0989 49.4608 45.6488 44.9067 38.1002 37.7256 35.1298 37.0508 37.8927 34.9753 34.853 34.6388 34.1352 24.4447 22.5214
threshold=23.518627450980397 18.446078431372552 8643.5822500000031 5121.4499999999998 29.044117647058826 9157.4811249999966 13246.1105625 4832.8999999999996 6.5000000000000009 19.500000000000004 16.500000000000004 7.5000000000000009 13652.844500000003 13.990196078431374 37.432352941176475 14620.601500000001 20.826470588235299 8839.5343750000011 -0.18492532721306487 14.927450980392159 7.5000000000000009 7.5000000000000009 6114.3703124999984 19.500000000000004 8.5000000000000018 0.45847758937963173 0.53312596302726967 20.500000000000004 19.500000000000004 20.459803921568632
decision_type=2 2 2 2 2 2 2 2 2 2 2 2 2 2 2 2 2 2 2 2 2 2 2 2 2 2 2 2 2 2
left_child=1 3 7 13 5 21 -6 -3 29 26 11 15 16 -1 -8 -7 -4 19 -13 -5 -21 -2 -23 -24 -15 -11 -10 -26 -22 -9
right_child=4 2 12 17 6 10 14 8 9 25 -12 18 -14 24 -16 -17 -18 -19 -20 20 28 22 23 -25 27 -27 -28 -29 -30 -31
leaf_value=-0.0065012979928961547 0.015506324733208905 0.0075466709427106293 -0.0046169210138716143 -0.0087332234826584757 0.01859864287057238 0.0030109977650374987 0.0018154433236162672 0.00018971444155042733 -0.0030874842037903888 0.0051603439535996059 0.0035132213196657604 0.0012059949699096267 -0.005799844260146886 0.0045601615703545996 0.013745925121719769 -0.0046094254652913639 -0.0012100770668673989 -0.0084072046022645851 -0.0025245456181534412 -0.0018364318270653935 -0.0067459494305326332 0.017793663271728266 0.001970245715728841 0.0079179169612588456 -0.0027327916836865918 -0.00042974121941742886 0.0024733100797896868 0.003180993848154021 -0.0021356353332536051 0.0035800141616216031
leaf_weight=224 326 240 657 605 1930 471 462 168 599 152 509 142 327 148 220 46 753 2033 382 300 325 329 383 130 213 127 53 52 83 253
leaf_count=224 326 240 657 605 1930 471 462 168 599 152 509 142 327 148 220 46 753 2033 382 300 325 329 383 130 213 127 53 52 83 253
internal_value=-0.00272087 -0.0241761 -0.00962462 -0.0363328 0.0267117 0.0178742 0.0358974 0.00514752 0.000517369 -0.0070279 0.00728562 0.000335893 -0.0231588 -0.0113636 0.0199122 0.01361 -0.018781 -0.0410816 -0.0127619 -0.0337519 -0.025811 0.0319076 0.0264531 0.0179961 -0.000603865 0.0166071 -0.0171516 -0.0114662 -0.0356968 0.0171801
internal_weight=12642 7312 3329 3983 5330 2718 2612 1592 1352 931 1550 1041 1737 637 682 517 1410 3346 524 1313 708 1168 842 513 413 279 652 265 408 421
internal_count=12642 7312 3329 3983 5330 2718 2612 1592 1352 931 1550 1041 1737 637 682 517 1410 3346 524 1313 708 1168 842 513 413 279 652 265 408 421
is_linear=0
shrinkage=0.05


Tree=17
num_leaves=31
num_cat=0
split_feature=0 0 0 6 5 5 5 7 0 6 5 7 0 0 3 3 3 3 3 3 3 0 2 3 3 3 6 3 7 7
split_gain=2964.03 363.285 293.026 180.372 143.237 82.9758 81.4404 79.8032 77.4629 75.2872 61.6009 60.6461 59.2144 59.0872 47.9701 37.9489 37.9455 36.0863 35.5047 68.7763 34.2162 31.7384 31.5665 31.2799 27.4543 32.1469 25.7676 29.9363 25.4055 31.2923
threshold=21.673529411764708 26.590196078431379 17.056862745098041 -0.39827153806311183 -0.0053757284505435614 -0.61913973745509387 -0.29343379936893921 -0.159513159777915 33.904901960784322 -0.16799793862756093 -0.46801505794253101 -0.39036798905311365 13.387254901960786 20.397058823529417 6.5000000000000009 7.5000000000000009 19.500000000000004 19.500000000000004 16.500000000000004 8.5000000000000018 6.5000000000000009 23.595098039215689 998.02058823529421 18.500000000000004 4.5000000000000009 19.500000000000004 -0.27694043983797384 7.5000000000000009 0.85784900197110281 0.99196248624718542
decision_type=2 2 2 2 2 2 2 2 2 2 2 2 2 2 2 2 2 2 2 2 2 2 2 2 2 2 2 2 2 2
left_child=2 4 6 5 16 -4 12 15 9 -3 -5 -11 -1 20 -14 -6 21 -16 19 -13 -7 26 24 -22 -9 -26 27 -2 -10 -30
right_child=1 8 3 10 7 13 -8 22 28 11 -12 18 14 -15 17 -17 -18 -19 -20 -21 23 -23 -24 -25 25 -27 -28 -29 29 -31
leaf_value=-0.0089701220344316056 0.0087004504532252457 0.018619796531235324 0.0036952577551438437 -0.0023372698104550563 0.0041269195618610314 0.00011327031653152186 -0.0088494121869543453 0.00072242095394912118 0.018038404368473201 0.0085097645902226238 -0.0048382602667168852 0.0041506117491649785 -0.00066408682462924394 0.0012800314430430561 -0.0056403142684091998 5.4372375986511125e-05 0.0066636037714555511 -0.00042637475790950342 0.0052212653226451355 -0.00098640788632702319 -0.0051143319979898225 0.0045348247753486948 -0.0051065763836726733 -0.0011562626687303596 -0.0025841983864715173 0.00087764813981853346 -0.00053453486674128468 0.00046748613899983972 0.00034327119149286657 0.019500720802614075
leaf_weight=608 85 741 389 709 161 165 1567 93 1028 608 1192 436 298 218 476 353 309 123 343 365 300 701 148 123 410 108 308 112 85 90
leaf_count=608 85 741 389 709 161 165 1567 93 1028 608 1192 436 298 218 476 353 309 123 343 365 300 701 148 123 410 108 308 112 85 90
internal_value=-0.0029084 0.0206939 -0.0277192 -0.016855 0.00706346 -0.00163043 -0.0386593 -0.00529827 0.0309711 0.0259222 -0.0264196 0.020251 -0.0303121 -0.0107807 -0.0221047 0.00990291 0.0174472 -0.03025 0.0134498 0.00766833 -0.0190153 0.0134217 -0.0155921 -0.026533 -0.0105392 -0.0150289 0.00385375 0.0179293 0.0414037 0.0235795
internal_weight=12652 6484 6168 3096 2788 1195 3072 1273 3696 2493 1901 1752 1505 806 897 514 1515 599 1144 801 588 1206 759 423 611 518 505 197 1203 175
internal_count=12652 6484 6168 3096 2788 1195 3072 1273 3696 2493 1901 1752 1505 806 897 514 1515 599 1144 801 588 1206 759 423 611 518 505 197 1203 175
is_linear=0
shrinkage=0.05


Tree=18
num_leaves=31
num_cat=0
split_feature=0 0 9 9 0 0 9 0 3 3 9 9 9 1 0 3 3 3 3 1 2 0 3 3 1 9 9 1 6 2
split_gain=2841.66 427.544 253.273 244.566 131.047 108.123 104.846 85.208 82.2745 80.5794 79.6605 79.3408 61.5443 59.734 52.2166 51.9057 58.6646 48.1953 88.3638 52.3058 58.981 40.1694 34.4179 59.4629 32.9625 32.4538 30.0328 28.8984 25.9153 25.3315
threshold=20.826470588235299 26.687254901960788 7028.4232500000007 9733.5883750000012 17.385294117647064 13.252941176470591 8312.2723125000011 35.255882352941185 7.5000000000000009 20.500000000000004 14580.972874999998 4527.2620000000015 11170.814437500003 85.049019607843164 24.134313725490198 7.5000000000000009 18.500000000000004 16.500000000000004 7.5000000000000009 65.166666666666671 981.25098039215698 24.214705882352945 6.5000000000000009 19.500000000000004 56.18627450980393 10842.376874999996 4616.411750000002 83.245098039215705 0.28313308994381592 997.57156862745103
decision_type=2 2 2 2 2 2 2 2 2 2 2 2 2 2 2 2 2 2 2 2 2 2 2 2 2 2 2 2 2 2
left_child=2 3 5 8 -4 -1 -3 17 -2 21 14 24 22 15 -5 -13 -17 18 25 -20 -21 26 28 -24 -7 -8 -10 -28 -6 -22
right_child=1 6 4 10 12 11 7 -9 9 -11 -12 13 -14 -15 -16 16 -18 -19 19 20 29 -23 23 -25 -26 -27 27 -29 -30 -31
leaf_value=-0.0083848582552628684 0.0071068758273348416 0.017808476852226789 -0.0077357883548212075 -0.0015883185264050444 0.00049874684819290751 0.0043411694578864594 0.011911235858252987 0.016848167003354224 0.014477494771294548 0.0061495780529408966 -0.0052299613270737457 -0.00015886392378613447 -0.0051876153381370613 0.0047377408334695397 0.00088674022439108331 -0.0054728103122600631 -0.00040505602001402743 0.006496456044054833 -0.0022027122204066689 -0.002159297561143875 0.0044797760957282278 0.0044468235612726559 -0.0048567901727382956 0.00017186586364636853 -0.0014177398549709121 0.0038986572912397821 -0.0016990252374373212 0.0012168271440846118 -0.005043190073216801 -0.0011462663404252283
leaf_weight=296 573 973 2332 769 236 172 216 742 44 309 238 366 671 113 561 420 177 589 168 113 393 367 543 170 49 407 470 114 56 59
leaf_count=296 573 973 2332 769 236 172 216 742 44 309 238 366 671 113 561 420 177 589 168 113 393 367 543 170 49 407 470 114 56 59
internal_value=-0.00276226 0.0182311 -0.0293913 0.00558619 -0.0360938 -0.0125157 0.0301284 0.0250186 0.0177583 0.0108046 -0.00898662 -0.00627889 -0.0254025 -0.0118849 -0.00420736 -0.0159232 -0.025 0.0195015 0.0142962 0.00252044 0.00980565 0.00386546 -0.0175447 -0.0234594 0.0209459 0.028125 -0.00381558 -0.00683761 -0.00307167 0.0178808
internal_weight=12706 7105 5601 3445 4008 1593 3660 2687 1877 1304 1568 1297 1676 1076 1330 963 597 1945 1356 733 565 995 1005 713 221 623 628 584 292 452
internal_count=12706 7105 5601 3445 4008 1593 3660 2687 1877 1304 1568 1297 1676 1076 1330 963 597 1945 1356 733 565 995 1005 713 221 623 628 584 292 452
is_linear=0
shrinkage=0.05


Tree=19
num_leaves=31
num_cat=0
split_feature=0 0 9 9 9 0 0 0 9 9 9 9 9 3 3 1 1 2 3 3 3 3 5 0 6 3 3 5 3 1
split_gain=2766.29 417.588 250.63 208.576 139.219 121.104 106.376 88.1052 71.0191 66.6061 57.6614 56.5946 54.6317 47.7406 106.288 54.1611 44.2872 37.4474 35.6551 54.6608 35.4495 53.9989 35.4139 32.9803 26.5985 26.0959 33.8677 25.452 25.3001 36.6403
threshold=20.753921568627455 25.285294117647062 7028.4232500000007 9623.6006875000003 8168.3198125000008 16.694117647058828 37.432352941176475 14.297058823529413 14281.821437500001 4152.9249999999993 14580.972874999998 12007.490437500001 5970.7126874999976 17.500000000000004 7.5000000000000009 65.166666666666671 86.715686274509821 980.89117647058833 7.5000000000000009 18.500000000000004 18.500000000000004 6.5000000000000009 -0.0053757284505435614 30.145098039215689 0.080547328232315238 20.500000000000004 7.5000000000000009 0.3261394409934788 6.5000000000000009 15.421568627450982
decision_type=2 2 2 2 2 2 2 2 2 2 2 2 2 2 2 2 2 2 2 2 2 2 2 2 2 2 2 2 2 2
left_child=2 3 7 12 -3 -4 8 -1 13 -9 22 20 28 14 -6 -16 18 -17 -11 -20 21 24 -5 27 -7 26 -14 -19 -2 -30
right_child=1 4 5 10 6 11 -8 9 -10 16 -12 -13 25 -15 15 17 -18 23 19 -21 -22 -23 -24 -25 -26 -27 -28 -29 29 -31
leaf_value=-0.00625448308409585 0.013232850042853714 0.016841456958433143 -0.0078664251187549362 0.00054093545690264428 0.0058364207880219898 0.00012024523049632419 0.016913795921467533 0.0078431803075594449 -0.00099688487119115043 0.00043836415174558496 -0.0050468950824930463 -0.0050798900340378681 0.0024699085839964387 0.0066181107538777128 -0.0019380787804005124 -0.0011948874631771689 0.0064320096372036343 0.003187254436128795 -0.0041278831663665305 0.00072617984639889452 -0.00046434749556368144 -0.0051514377962426699 -0.0017466940298138723 0.0061936075885240197 -0.0032678976145780721 0.0032988116988117658 -0.00047475335002877264 -0.0019496534594789783 -0.002231854944907749 0.0083049612497978331
leaf_weight=428 176 1178 2038 426 711 224 560 92 289 333 208 620 318 598 230 143 84 147 407 203 238 669 621 295 177 180 512 104 40 317
leaf_count=428 176 1178 2038 426 711 224 560 92 289 333 208 620 318 598 230 143 84 147 407 203 238 669 621 295 177 180 512 104 40 317
internal_value=-0.00298401 0.0177559 -0.0295158 0.00275098 0.0276198 -0.0361734 0.022011 -0.0124354 0.0176132 -0.00504464 -0.0123806 -0.0271643 0.0150583 0.0206371 0.0161864 0.00494565 -0.00870623 0.0119565 -0.0118114 -0.0189853 -0.0212376 -0.0251167 -0.00758588 0.0179159 -0.0105721 0.00820969 0.00445247 0.00456349 0.0279963 0.0202514
internal_weight=12566 7053 5513 2798 4255 3966 3077 1547 2517 1119 1255 1928 1543 2228 1630 919 1027 689 943 610 1308 1070 1047 546 401 1010 830 251 533 357
internal_count=12566 7053 5513 2798 4255 3966 3077 1547 2517 1119 1255 1928 1543 2228 1630 919 1027 689 943 610 1308 1070 1047 546 401 1010 830 251 533 357
is_linear=0
shrinkage=0.05


Tree=20
num_leaves=31
num_cat=0
split_feature=0 0 9 0 9 9 9 9 0 9 0 5 9 9 9 1 4 3 3 9 3 0 3 3 1 0 3 3 3 3
split_gain=2569.02 378.325 235.778 233.742 165.443 103.84 102.104 96.0292 83.4947 66.4042 54.1761 50.946 45.8924 43.0609 41.9203 32.1713 31.3083 32.3298 30.641 29.1401 31.1712 38.1913 28.9763 64.7431 67.928 28.9758 28.2782 47.0715 27.9041 34.0152
threshold=22.55980392156863 16.795098039215691 5917.7581250000003 27.772549019607847 9083.6258749999997 8312.2723125000011 5121.4499999999998 12098.162624999999 38.557843137254913 14580.972874999998 19.920588235294122 0.99966190462023474 6037.9833750000007 13246.1105625 4527.2620000000015 92.225490196078439 4.5000000000000009 19.500000000000004 7.5000000000000009 8478.1000000000022 6.5000000000000009 13.098039215686276 17.500000000000004 7.5000000000000009 65.166666666666671 11.107843137254905 19.500000000000004 8.5000000000000018 7.5000000000000009 19.500000000000004
decision_type=2 2 2 2 2 2 2 2 2 2 2 2 2 2 2 2 2 2 2 2 2 2 2 2 2 2 2 2 2 2
left_child=1 6 14 4 12 -5 25 10 13 11 15 -6 -2 22 -3 16 17 -4 -18 20 21 -8 23 -7 -25 -1 27 -14 -27 -30
right_child=3 2 7 5 9 8 19 -9 -10 -11 -12 -13 26 -15 -16 -17 18 -19 -20 -21 -22 -23 -24 24 -26 28 -28 -29 29 -31
leaf_value=-0.0099103007728232294 0.014319345378863414 0.0071577788826114597 -0.0039969214531575389 0.016075980161693794 0.00065080596687691898 0.0085062669400044755 -0.0073342911362944824 -0.0047468721136450683 0.016397327771125954 -0.003773501740034066 -0.00069545774614917513 -0.0042122399574652195 0.0052818602592155043 0.0017227946177287179 0.0013488997572667168 0.0024022834287708711 0.00074991821344973794 -0.00064464456144922586 -0.0042398168289197622 -0.007723173623579699 -0.0070504940667242173 -0.0010112570905304347 0.010028786311554589 -0.0019179870450768523 0.0054534756465848856 0.00038246180931543754 0.0049820123383535891 -8.1413499337912315e-05 -0.0047021120963048006 0.0020794747496249129
leaf_weight=78 501 179 700 781 1300 384 119 799 472 189 1106 44 231 607 468 59 114 116 218 1564 530 189 321 151 426 155 148 356 185 56
leaf_count=78 501 179 700 781 1300 384 119 799 472 189 1106 44 231 607 468 59 114 116 218 1564 530 189 321 151 426 155 148 356 185 56
internal_value=-0.00288515 -0.024239 -0.0137899 0.0210842 0.0104874 0.0304168 -0.0378867 -0.0194989 0.0251693 -0.000488918 -0.0143258 0.00342007 0.0240905 0.0204497 0.0136574 -0.0216474 -0.0234987 -0.0287638 -0.0105105 -0.0420724 -0.0344458 -0.0216828 0.025643 0.0212578 0.0106401 -0.0166316 0.0161005 0.0111395 -0.0110831 -0.0216942
internal_weight=12546 6635 3759 5911 2769 3142 2876 3112 2361 1533 2313 1344 1236 1889 647 1207 1148 816 332 2402 838 308 1282 961 577 474 735 587 396 241
internal_count=12546 6635 3759 5911 2769 3142 2876 3112 2361 1533 2313 1344 1236 1889 647 1207 1148 816 332 2402 838 308 1282 961 577 474 735 587 396 241
is_linear=0
shrinkage=0.05


Tree=21
num_leaves=31
num_cat=0
split_feature=0 0 9 9 0 9 3 3 9 0 9 9 7 9 5 9 3 3 3 7 9 3 1 4 2 2 9 2 3 3
split_gain=2471.47 474.409 190.823 173.12 166.114 169.471 81.058 77.5698 81.0871 72.3229 61.768 61.4044 55.7312 44.7857 41.2617 41.2081 39.4988 38.5959 52.8155 38.2647 35.948 31.3737 30.6986 28.823 34.5072 27.7135 27.6712 27.3446 26.5241 40.9103
threshold=23.518627450980397 19.085294117647063 9642.3513124999936 5542.9865000000027 31.875490196078434 7553.3263125000003 18.500000000000004 8.5000000000000018 14580.972874999998 16.007843137254905 5970.7126874999976 13249.7464375 -0.83377653105606597 4022.0499999999988 -0.065535378769913874 13485.0049375 15.500000000000002 7.5000000000000009 19.500000000000004 0.85784900197110281 14156.373874999988 7.5000000000000009 89.676470588235318 2.5000000000000004 991.63529411764728 996.11666666666679 10700.330562500001 997.72843137254915 7.5000000000000009 19.500000000000004
decision_type=2 2 2 2 2 2 2 2 2 2 2 2 2 2 2 2 2 2 2 2 2 2 2 2 2 2 2 2 2 2
left_child=1 3 10 13 5 21 7 8 26 -5 -3 -6 -12 -1 -9 28 -16 -15 -19 25 -4 -2 -21 24 -14 -13 -7 -23 -11 -30
right_child=4 2 20 9 11 6 -8 14 -10 15 12 19 23 17 16 -17 -18 18 -20 22 -22 27 -24 -25 -26 -27 -28 -29 29 -31
leaf_value=0.0053532486460198953 0.017170719090013883 0.0040770246551423365 -0.0022830850056416384 -0.0075490971609997364 0.014865967728259245 0.0063318411557397956 0.0045858882191510885 0.0014618767557330048 -0.0036486025258275767 -0.0015345556670235266 0.001995802584403955 0.008595157308026985 -0.0034896784904317082 -8.4033193963069252e-05 -0.0025472051808132419 -0.0051015960805048588 0.0005545897909366382 -0.0048604699712530511 0.00148136663183292 -0.0040461733662887217 -0.004513250187406218 0.014321958052993812 0.0023013294167354482 -7.0154658518303831e-05 -0.00059849292978355619 -0.00020667530841190774 0.0017998876743417491 -0.00051476809044880283 -0.0051998105314947779 -0.0009338234765916332
leaf_weight=58 284 533 947 1954 1218 386 586 386 98 463 245 313 155 288 454 311 211 366 101 42 272 667 85 571 207 48 486 68 607 181
leaf_count=58 284 533 947 1954 1218 386 586 386 98 463 245 313 155 288 454 311 211 366 101 42 272 667 85 571 207 48 486 68 607 181
internal_value=-0.0027994 -0.0217837 -0.0062436 -0.0322979 0.0230452 0.0169837 0.0102186 0.00546489 0.015654 -0.0371055 0.00452687 0.035911 -0.00186599 -0.0114865 -0.00394487 -0.0290467 -0.0114865 -0.0147487 -0.0236111 0.0208589 -0.0213525 0.0342647 -0.00273438 -0.00744111 -0.0184573 0.0291436 0.020504 0.0287364 -0.0249601 -0.030545
internal_weight=12591 7259 2930 4329 5332 3626 2607 2021 970 3516 1711 1706 1178 813 1051 1562 665 755 467 488 1219 1019 127 933 362 361 872 735 1251 788
internal_count=12591 7259 2930 4329 5332 3626 2607 2021 970 3516 1711 1706 1178 813 1051 1562 665 755 467 488 1219 1019 127 933 362 361 872 735 1251 788
is_linear=0
shrinkage=0.05


Tree=22
num_leaves=31
num_cat=0
split_feature=0 0 0 9 9 9 9 9 0 9 0 3 3 6 3 9 0 3 3 3 1 7 4 6 7 3 0 3 2 3
split_gain=2455.64 392.949 227.39 208.686 153.518 131.98 103.351 86.2717 82.1662 66.5338 55.3133 47.2474 87.2026 44.424 41.8001 40.7819 43.5014 46.0567 40.3911 85.1515 44.5003 39.5176 34.7937 34.7825 33.933 32.6008 31.8256 28.2457 35.112 34.2854
threshold=22.709803921568632 17.481372549019614 27.906862745098042 9623.6006875000003 6114.3703124999984 5142.4372499999999 8312.2723125000011 14580.972874999998 38.557843137254913 4832.8999999999996 19.691176470588239 19.500000000000004 8.5000000000000018 0.98332250088165762 19.500000000000004 8850.8481250000023 13.626470588235295 6.5000000000000009 16.500000000000004 8.5000000000000018 65.166666666666671 -0.82415234898030387 1.5000000000000002 0.1318557721318592 -0.83377653105606597 16.500000000000004 12.24901960784314 6.5000000000000009 987.61274509803923 20.500000000000004
decision_type=2 2 2 2 2 2 2 2 2 2 2 2 2 2 2 2 2 2 2 2 2 2 2 2 2 2 2 2 2 2
left_child=1 5 4 9 -2 26 -4 11 13 -3 -11 12 -6 18 -5 16 -7 -18 19 -8 -21 -14 23 -23 -12 -24 -1 28 -26 -29
right_child=2 3 6 14 7 15 8 -9 -10 10 24 -13 21 -15 -16 -17 17 -19 -20 20 -22 22 25 -25 27 -27 -28 29 -30 -31
leaf_value=-0.0077983390802716379 0.013328386071991667 0.0048414754492020042 0.014653932541016169 -0.004349768748336558 0.0026720599856154509 -0.0080701027475583546 0.0058188294558043224 -0.0032023877710837482 0.014917875172774032 -0.0019464165725545546 0.0027754363862812661 0.0028762341942170258 0.0020769485460550574 -0.00095740177259964754 -0.0012787702804546303 -0.0067130619383633187 -0.00088396645265273466 -0.0043903528772946182 0.0065786872322953719 -0.0030462828519034705 0.002432311157343334 -0.0027177407765826556 -0.0029957545311821657 0.002755032033214594 -0.0028315631983275302 -0.00014597660928374889 -0.0013568170014675849 -0.0026319457990188521 0.0025395569579883983 0.0016010217165256691
leaf_weight=111 487 292 771 1157 738 452 590 189 487 733 189 384 167 142 272 1640 237 407 506 138 478 96 364 111 60 196 462 424 223 130
leaf_count=111 487 292 771 1157 738 452 590 189 487 733 189 384 167 142 272 1640 237 407 506 138 478 96 364 111 60 196 462 424 223 130
internal_value=-0.00309087 -0.023542 0.0206672 -0.011807 0.0101354 -0.0358761 0.0299068 0.00460819 0.0246584 -0.00158382 -0.00525568 0.00758386 0.00394501 0.0198383 -0.0264685 -0.0404457 -0.0329079 -0.0244961 0.0220665 0.0170671 0.00405186 -0.00620321 -0.0110026 0.00649038 0.00223953 -0.0174688 -0.0140244 -0.00208831 0.0107394 -0.00864865
internal_weight=12633 6789 5844 3480 2732 3309 3112 2245 2341 2051 1759 2056 1672 1854 1429 2736 1096 644 1712 1206 616 934 767 207 1026 560 573 837 283 554
internal_count=12633 6789 5844 3480 2732 3309 3112 2245 2341 2051 1759 2056 1672 1854 1429 2736 1096 644 1712 1206 616 934 767 207 1026 560 573 837 283 554
is_linear=0
shrinkage=0.05


Tree=23
num_leaves=31
num_cat=0
split_feature=0 0 9 0 9 9 9 9 0 9 0 5 9 6 3 3 3 3 3 1 1 3 9 0 3 6 4 3 3 3
split_gain=2287.7 409.436 202.978 193.381 125.589 107.819 107.328 101.161 89.9457 63.9147 62.7261 53.0548 46.115 40.5047 37.7688 44.1556 35.1165 33.6724 32.3625 29.2489 28.4909 28.4492 28.4086 31.3307 41.6987 25.3499 24.5453 25.6547 23.797 44.4969
threshold=20.397058823529417 27.440196078431377 5970.7126874999976 16.440196078431374 5917.7581250000003 13532.288750000002 8312.2723125000011 5121.4499999999998 38.557843137254913 11170.814437500003 23.751960784313727 0.99939377080793557 12098.162624999999 0.18281312110578132 17.500000000000004 7.5000000000000009 7.5000000000000009 20.500000000000004 8.5000000000000018 93.598039215686285 11.500000000000002 18.500000000000004 10428.337125000004 12.972549019607845 5.5000000000000009 0.98005052076767474 4.5000000000000009 20.500000000000004 19.500000000000004 7.5000000000000009
decision_type=2 2 2 2 2 2 2 2 2 2 2 2 2 2 2 2 2 2 2 2 2 2 2 2 2 2 2 2 2 2
left_child=3 2 20 7 18 10 -3 16 12 19 28 -12 13 14 15 -8 -1 -18 -5 26 -2 -20 23 -9 -25 -14 27 -6 29 -4
right_child=1 6 5 4 9 -7 8 22 -10 -11 11 -13 25 -15 -16 -17 17 -19 21 -21 -22 -23 -24 24 -26 -27 -28 -29 -30 -31
leaf_value=0.0001335379127049785 -0.0012796637306956129 0.013813007730635242 0.0005572366403016366 0.0062743673297142762 -0.0031497252503231103 -0.0025757937503729624 0.0065930092748575754 -0.0080825341297389702 0.014171981414135327 -0.0041691648887504391 0.0021385422184868109 -0.0030763945746644789 0.0021624798030973557 0.0087529964781691231 0.011052725997450753 -0.0013278449670199922 -0.0054035056961528275 0.0019574727339387479 -0.0019757462331813193 0.0051009124532155892 0.0096124470475899351 0.0023638368805400187 -0.0077085431440550968 -0.0017417731053953446 -0.0049481753512836645 -0.00098265792341588895 -0.0011423846330037069 8.7592445200623811e-06 0.00086341029184613949 -0.0021992067506197868
leaf_weight=185 61 809 480 158 814 523 143 534 481 746 1258 41 815 597 137 221 242 47 184 51 660 118 900 226 562 132 361 112 315 683
leaf_count=185 61 809 480 158 814 523 143 534 481 746 1258 41 815 597 137 221 242 47 184 51 660 118 900 226 562 132 361 112 315 683
internal_value=-0.00265142 0.0153323 0.00458727 -0.0278954 -0.0179961 -0.000666465 0.0282824 -0.0372265 0.0231896 -0.0232134 0.00325774 0.0112692 0.0185973 0.0255687 0.0150398 0.00657534 -0.0162105 -0.027069 0.00563991 -0.0166542 0.0286011 -0.0039604 -0.0417004 -0.0369615 -0.030545 0.0104958 -0.0181289 -0.022438 -0.00378634 -0.00708763
internal_weight=12596 7356 4021 5240 2544 3300 3335 2696 2526 2084 2777 1299 2045 1098 501 364 474 289 460 1338 721 302 2222 1322 788 947 1287 926 1478 1163
internal_count=12596 7356 4021 5240 2544 3300 3335 2696 2526 2084 2777 1299 2045 1098 501 364 474 289 460 1338 721 302 2222 1322 788 947 1287 926 1478 1163
is_linear=0
shrinkage=0.05


Tree=24
num_leaves=31
num_cat=0
split_feature=0 0 9 9 0 9 0 0 9 3 3 3 3 3 9 5 6 7 7 6 3 3 8 1 9 9 1 7 3 6
split_gain=2157.76 338.439 225.749 191.995 137.3 108.067 100.342 85.5505 83.6807 77.5556 83.7087 54.7981 50.9473 66.9946 50.7069 45.3476 42.5662 41.1807 40.8456 39.445 32.705 34.1544 32.1055 31.7053 30.1894 29.9792 32.5036 29.6571 29.3175 27.8843
threshold=20.826470588235299 28.273529411764709 8597.364375000001 10700.330562500001 13.767647058823533 8312.2723125000011 16.440196078431374 35.595098039215692 5834.9750000000013 6.5000000000000009 19.500000000000004 20.500000000000004 7.5000000000000009 19.500000000000004 14768.196750000001 -0.50556189049999822 0.19969739736768838 -0.67803021058859214 -0.049435780479547518 -0.84774213365954088 17.500000000000004 8.5000000000000018 -0.9787668070481591 82.990196078431396 13284.959874999999 13325.048624999996 89.264705882352956 -0.98214488425316759 8.5000000000000018 0.63089349388778826
decision_type=2 2 2 2 2 2 2 2 2 2 2 2 2 2 2 2 2 2 2 2 2 2 2 2 2 2 2 2 2 2
left_child=2 3 4 8 -1 -3 -4 17 -2 19 15 25 22 16 18 28 23 -7 27 -6 21 29 -10 -14 -20 26 -8 -5 -11 -19
right_child=1 5 6 14 9 7 11 -9 12 10 -12 -13 13 -15 -16 -17 -18 20 24 -21 -22 -23 -24 -25 -26 -27 -28 -29 -30 -31
leaf_value=-0.0060763121134713707 0.011683019873422693 0.013258970237094393 -0.0067519195463361702 -0.0054989713735223676 -0.00064688937387388237 0.0075097036901320864 -0.0036714543033066469 0.012872123217960559 -0.0011232504045640857 0.0011013765437751677 0.0012352361697083815 -0.00058851047303513926 -0.0024158024193676937 0.0035128953450939029 -0.0036568692918610758 -0.0041970778822623704 0.0017598187046324377 0.0051095456741813601 -0.0028683249891250612 0.0018810701343839028 0.0046794597463070634 -0.00034301789884786662 0.004755377920592563 0.0010626927381773288 -0.00051499257666857425 -0.0045498326349482591 -0.00059895871778660459 0.0013917209160812683 -0.002392372349666601 0.00034200237272627166
leaf_weight=596 582 724 1482 70 237 415 810 712 69 97 321 201 566 391 177 501 255 211 274 439 275 434 541 141 522 371 124 440 448 190
leaf_count=596 582 724 1482 70 237 415 810 712 69 97 321 201 566 391 177 501 255 211 274 439 275 434 541 141 522 371 124 440 448 190
internal_value=-0.00320995 0.0153433 -0.0262527 0.00590717 -0.0155871 0.0281735 -0.0356641 0.0227212 0.014238 -0.00941781 -0.0162646 -0.0265428 0.00929226 0.0038774 -0.00838949 -0.0231137 -0.00321911 0.0160223 -0.00497322 0.00443131 0.0109811 0.00604067 0.0212766 -0.0095339 -0.0120452 -0.0302833 -0.0254545 0.00606654 -0.0130952 0.0165423
internal_weight=12616 6989 5627 4028 2639 2961 2988 2237 2545 2043 1367 1506 1963 1353 1483 1046 962 1525 1306 676 1110 835 610 707 796 1305 934 510 545 401
internal_count=12616 6989 5627 4028 2639 2961 2988 2237 2545 2043 1367 1506 1963 1353 1483 1046 962 1525 1306 676 1110 835 610 707 796 1305 934 510 545 401
is_linear=0
shrinkage=0.05


Tree=25
num_leaves=31
num_cat=0
split_feature=0 0 0 9 9 9 9 9 9 1 3 3 3 3 3 7 9 0 1 9 0 9 0 3 8 7 3 0 7 3
split_gain=2099.5 354.279 206.324 200.366 163.979 79.9904 78.5586 77.4559 77.4121 60.8022 58.6254 88.9023 58.5755 81.1385 48.6926 45.9398 36.1619 35.5737 34.8204 33.6381 33.5452 32.7385 32.6496 31.9936 27.9553 26.682 26.4022 26.7678 27.094 26.3179
threshold=22.709803921568632 16.093137254901965 32.825490196078441 7193.7501875000025 11170.814437500003 14580.972874999998 13249.7464375 5285.7776249999997 4527.2620000000015 89.500000000000014 7.5000000000000009 19.500000000000004 19.500000000000004 8.5000000000000018 15.500000000000002 0.83966414931270739 7833.4733125000002 24.544117647058826 69.009803921568633 13652.844500000003 11.905882352941179 10428.337125000004 26.38529411764706 7.5000000000000009 -0.99054309756674508 -0.90163369914317015 6.5000000000000009 12.057843137254904 -0.86976336936302323 19.500000000000004
decision_type=2 2 2 2 2 2 2 2 2 2 2 2 2 2 2 2 2 2 2 2 2 2 2 2 2 2 2 2 2 2
left_child=1 7 3 17 8 12 -4 20 -3 10 16 25 13 24 18 -8 -10 -2 -15 -6 -1 26 -16 -22 -5 -12 27 -9 -29 -25
right_child=2 4 6 5 19 -7 15 21 9 -11 11 -13 -14 14 22 -17 -18 -19 -20 -21 23 -23 -24 29 -26 -27 -28 28 -30 -31
leaf_value=-0.0077934007727015258 0.0045447396826602702 0.0054282691161907926 0.01224027482807697 -0.0025979101318739125 -0.0028697871763204222 -0.0022872566359814495 0.0063902878785046307 -0.0062493244045191167 0.0014611995306485909 0.0016248793585952146 -0.00022038422732055529 0.00037384143534891504 0.0035470610353299128 -0.0032034928884298376 -0.0002028716295345956 -0.0016423002888495992 -0.00093403209683148858 0.013501948238343496 -0.00028656222171925539 -0.0040318902021601434 0.00064170709966386574 -0.0073135947932624528 0.0032480162940518504 -0.0036440151029972865 0.0028100559552441508 -0.0038867757676301715 -0.0064516601758353512 0.0020390995790157854 -0.0019056842903562813 0.0016983386184233785
leaf_weight=104 327 200 1017 92 758 281 296 123 476 266 137 451 553 301 260 110 409 812 517 451 147 872 304 155 980 1087 772 45 242 40
leaf_count=104 327 200 1017 92 758 281 296 123 476 266 137 451 553 301 260 110 409 812 517 451 147 872 304 155 980 1087 772 45 242 40
internal_value=-0.0031106 -0.0221422 0.0188002 0.0134711 -0.0133263 0.00720584 0.0353581 -0.0370652 -0.00710274 -0.0092324 -0.011597 -0.0170943 0.00959109 0.00627291 -0.00173536 0.0167076 -0.0011851 0.0315351 -0.00952381 -0.0288843 -0.0181208 -0.0411679 0.00955752 -0.0104956 0.016589 -0.0240816 -0.035672 -0.0253041 -0.0168403 -0.0237245
internal_weight=12585 6735 5850 4427 4235 3288 1423 2500 3026 2826 2560 1675 3007 2454 1382 406 885 1139 818 1209 446 2054 564 342 1072 1224 1182 410 287 195
internal_count=12585 6735 5850 4427 4235 3288 1423 2500 3026 2826 2560 1675 3007 2454 1382 406 885 1139 818 1209 446 2054 564 342 1072 1224 1182 410 287 195
is_linear=0
shrinkage=0.05


Tree=26
num_leaves=31
num_cat=0
split_feature=9 1 3 3 9 7 9 6 6 5 5 5 1 7 7 8 5 1 5 5 4 9 9 9 7 3 6 6 6 4
split_gain=410.622 242.512 170.364 164.541 106.326 109.474 98.7286 88.2895 64.9796 61.3978 57.7604 52.074 49.4047 46.2208 38.7068 69.4246 46.674 38.3366 36.3386 33.9135 33.1883 32.9335 29.1988 28.9687 40.5154 27.931 27.0652 27.0469 31.1219 26.9194
threshold=14580.972874999998 73.950980392156865 18.500000000000004 6.5000000000000009 7553.3263125000003 0.64415889436411822 4152.9249999999993 -0.048362832084465616 -0.76696334127844745 0.15951094710994371 0.074116354202380205 0.88220160189607266 60.539215686274517 -0.998663445439673 -0.67803021058859214 0.60383265664488517 -0.46801505794253101 95.911764705882362 -0.74441730022405961 -0.62588817255938378 2.5000000000000004 11487.490250000001 6114.3703124999984 13120.487999999999 0.34841060557183762 16.500000000000004 -0.048362832084465616 -0.80926783187727869 -0.30164489695395946 3.5000000000000004
decision_type=2 2 2 2 2 2 2 2 2 2 2 2 2 2 2 2 2 2 2 2 2 2 2 2 2 2 2 2 2 2
left_child=1 2 3 7 5 -3 -5 8 22 10 -2 13 25 -6 15 16 19 29 -7 -15 -13 26 -1 24 27 -8 -22 -4 -29 -16
right_child=9 4 23 6 11 18 12 -9 -10 -11 -12 20 -14 14 17 -17 -18 -19 -20 -21 21 -23 -24 -25 -26 -27 -28 28 -30 -31
leaf_value=0.0015219526573242313 -0.0043516161439335985 0.010799979349249778 -0.0024462994869604488 0.012649510925538988 -0.0057717204915519339 0.0043652754159439035 -0.0042538281032102948 -0.001449330856698264 0.0037774535692335718 -0.0049750541333954436 0.0048768210713852666 -0.0026989924895300943 -0.0018801747223290534 0.0011129474647383869 0.0011665723271366945 0.011468509342162536 -0.0029440739597496367 0.0038429185286191466 -0.0025617221508934529 0.0051577900527668506 -0.00089807136579590503 -0.0031429979300796884 -0.0010079544607958361 -0.0011008438135981791 0.004134106298068335 -0.0015294284807063838 0.0047630625161090628 0.0041934812082617401 0.00017676548374904595 -0.0011194321910841798
leaf_weight=246 511 633 152 94 48 291 1835 844 614 643 92 322 965 363 933 190 144 278 173 204 151 124 208 153 510 372 201 146 500 648
leaf_count=246 511 633 152 94 48 291 1835 844 614 643 92 322 965 363 933 190 144 278 173 204 151 124 208 153 510 372 201 146 500 648
internal_value=-0.00339979 -0.000405536 -0.00655873 -0.0108129 0.00828019 0.0219035 -0.0176309 0.000836383 0.0103835 -0.0306335 -0.0191225 0.00413086 -0.0191302 0.00733357 0.00818544 0.0166851 0.00948034 0.00405914 0.00344086 0.0159331 -0.00713392 0.00125786 -0.00395604 0.00851573 0.0109244 -0.0232563 0.00906516 0.00387985 0.00834621 0.00104298
internal_weight=12588 11342 6639 5178 4703 1097 3266 1912 1068 1246 603 3606 3172 2808 2760 901 711 1859 464 567 798 476 454 1461 1308 2207 352 798 646 1581
internal_count=12588 11342 6639 5178 4703 1097 3266 1912 1068 1246 603 3606 3172 2808 2760 901 711 1859 464 567 798 476 454 1461 1308 2207 352 798 646 1581
is_linear=0
shrinkage=0.05


Tree=27
num_leaves=31
num_cat=0
split_feature=9 1 9 3 3 9 1 6 6 4 1 7 5 5 4 6 6 5 9 7 7 7 5 8 8 7 5 9 9 9
split_gain=353.838 217.496 136.475 107.422 111.692 91.517 72.8786 75.7339 67.316 85.2556 56.681 54.5305 53.3223 51.0779 42.635 41.3577 45.0629 38.9623 38.5707 32.9905 57.8111 33.6103 32.5145 30.9206 30.297 31.9975 30.2944 29.3725 52.8391 25.6639
threshold=14580.972874999998 81.813725490196092 5917.7581250000003 17.500000000000004 6.5000000000000009 7465.1644374999951 63.950980392156872 0.96407344085605606 -0.76696334127844745 1.5000000000000002 61.911764705882355 0.44313197806314492 -0.35846811432664222 -0.42180583328916638 5.5000000000000009 -0.099822328936730861 -0.78858226040708135 -0.33425342068356556 15612.482750000001 0.033323506451456063 0.46230456327903491 0.94496830006774635 0.88621069759564464 0.60383265664488517 0.24998039114150908 -0.90163369914317015 -0.74441730022405961 4022.0499999999988 4836.5499999999984 4577.2022500000021
decision_type=2 2 2 2 2 2 2 2 2 2 2 2 2 2 2 2 2 2 2 2 2 2 2 2 2 2 2 2 2 2
left_child=1 2 8 4 15 11 -2 18 9 17 -6 -3 13 -7 -9 16 23 -1 -8 -14 -21 -22 -18 -4 -12 -26 -13 -10 29 -29
right_child=6 5 3 -5 10 12 7 14 27 -11 24 26 19 -15 -16 -17 22 -19 -20 20 21 -23 -24 -25 25 -27 -28 28 -30 -31
leaf_value=0.00036649477761689365 -0.0059549628158401691 0.010884361107542651 -0.0021913978980826975 0.00043896093021646989 -0.0039278138647360003 0.0025709970611478812 -0.0042554253556315981 -0.0024075866175080371 0.012941159895188218 -0.0021832717411461602 -0.0029439950872178489 0.0067203808060023532 -0.0012339621524306956 0.010980352767998393 0.0083930869146699675 -0.0011346235764260971 0.0037137200251826153 0.010713382908028627 0.00013621097294587298 0.0064049371733057754 -0.00114276650353633 0.0019476898981614311 -2.8675965351188105e-05 0.00051992125308041037 0.0071883096964058067 -0.0007056658479556333 -0.001373355748648908 0.0046668367751366074 0.010983380694578783 -0.0015701920816258458
leaf_weight=119 514 350 97 1655 1670 916 294 307 158 522 747 178 516 123 52 1029 296 116 56 227 581 389 204 208 59 299 119 181 283 256
leaf_count=119 514 350 97 1655 1670 916 294 307 158 522 747 178 516 123 52 1029 296 116 56 227 581 389 204 208 59 299 119 181 283 256
internal_value=-0.00285498 -8.85034e-05 -0.00463924 -0.00799681 -0.0119197 0.0104853 -0.0283905 -0.0179577 0.00822127 -0.00270449 -0.0182457 0.027392 0.006502 0.0154327 -0.00180556 -0.00234332 0.00614144 0.0222458 -0.0344729 0.00107935 0.00563439 0.00030896 0.0153693 -0.00898693 -0.00944846 0.00250696 0.0115772 0.0176337 0.0133148 0.00239726
internal_weight=12521 11298 7899 6264 4609 3399 1223 709 1635 757 2775 647 2752 1039 359 1834 805 235 350 1713 1197 970 500 305 1105 358 297 878 720 437
internal_count=12521 11298 7899 6264 4609 3399 1223 709 1635 757 2775 647 2752 1039 359 1834 805 235 350 1713 1197 970 500 305 1105 358 297 878 720 437
is_linear=0
shrinkage=0.05


Tree=28
num_leaves=31
num_cat=0
split_feature=0 0 0 9 9 9 0 9 9 9 3 3 9 6 3 0 3 6 5 3 0 1 3 3 3 2 6 6 9 1
split_gain=2019.95 347.984 227.209 132.451 131.639 113.434 104.654 74.234 69.4948 64.466 60.3476 81.553 45.0165 43.7833 35.8895 39.6402 33.8969 33.1001 32.0309 30.6594 29.897 29.7627 29.7393 29.605 47.502 26.548 24.1009 25.4752 23.2613 24.4824
threshold=20.753921568627455 26.016666666666669 15.426470588235295 7615.2225625000019 11170.814437500003 13793.843124999994 38.557843137254913 5834.9750000000013 5121.4499999999998 11681.942812499996 20.500000000000004 7.5000000000000009 6114.3703124999984 0.18281312110578132 18.500000000000004 31.244117647058829 7.5000000000000009 -0.14250536273956091 -0.28519255817492867 7.5000000000000009 10.880392156862746 88.578431372549034 8.5000000000000018 4.5000000000000009 19.500000000000004 999.87941176470611 0.98005052076767474 0.97263757644091875 14768.196750000001 87.774509803921589
decision_type=2 2 2 2 2 2 2 2 2 2 2 2 2 2 2 2 2 2 2 2 2 2 2 2 2 2 2 2 2 2
left_child=2 5 8 -3 10 7 9 19 20 13 11 12 -4 14 15 16 17 -5 21 -2 -1 -13 -22 -9 25 -25 27 -11 29 -28
right_child=1 3 4 6 -6 -7 -8 23 -10 26 -12 18 -14 -15 -16 -17 -18 -19 -20 -21 22 -23 -24 24 -26 -27 28 -29 -30 -31
leaf_value=-0.0080006403094807221 0.012051766659505803 0.011369977384502628 0.0034908945621168782 0.0053760670706155065 -0.003370350736283158 -0.0024855387287851028 0.0113303150830391 0.0015448343119912585 -0.0059132356908574062 0.001197834993252564 0.00096824848606197333 -0.0021811120295932018 -0.00076454142629067418 0.0082251603567820939 0.010809703184892605 0.009298239850154327 -0.0020842217823526243 -0.0011945659390373981 -0.0041236409296725772 0.0041207978583205135 0.00041462973233434845 0.0012200040992766657 -0.0036113114317087845 -0.0004846626298027235 0.0015067085570259599 -0.003044898518388918 0.0038597831469325081 0.0058584462981589262 -0.0036841501279396452 -0.0025889913082004614
leaf_weight=77 153 887 238 66 1000 355 514 501 1798 1006 297 689 598 540 161 218 208 72 524 333 147 52 134 1245 466 84 82 58 71 45
leaf_count=77 153 887 238 66 1000 355 514 501 1798 1006 297 689 598 540 161 218 208 72 524 333 147 52 134 1245 466 84 82 58 71 45
internal_value=-0.00303883 0.0146971 -0.0255986 0.0246119 -0.0175346 0.00227852 0.0196417 0.00567733 -0.0382939 0.015447 -0.0111713 -0.0141532 -0.00203106 0.0234202 0.0153581 0.00938053 -0.00115274 0.0179856 -0.0221564 0.0234086 -0.0181058 -0.0154313 -0.010461 0.00191554 -0.00108575 -0.00590226 0.0074426 0.0104225 -0.00854271 0.00429688
internal_weight=12619 7065 5554 3928 3398 3137 3041 2782 2156 2527 2398 2101 836 1265 725 564 346 138 1265 486 358 741 281 2296 1795 1329 1262 1064 198 127
internal_count=12619 7065 5554 3928 3398 3137 3041 2782 2156 2527 2398 2101 836 1265 725 564 346 138 1265 486 358 741 281 2296 1795 1329 1262 1064 198 127
is_linear=0
shrinkage=0.05


Tree=29
num_leaves=31
num_cat=0
split_feature=0 0 9 9 0 0 9 9 3 3 8 9 9 0 3 0 7 3 3 9 0 0 9 1 7 8 3 7 7 8
split_gain=1831.03 396.856 181.079 157.547 156.17 76.7453 70.1277 67.5959 65.9101 96.3766 54.4048 53.2513 45.3678 45.0548 44.5119 42.3992 40.4249 35.6733 35.8675 35.3493 32.7079 32.447 31.4053 31.0714 28.7626 27.3952 27.383 26.7433 26.0937 25.7993
threshold=23.751960784313727 15.53529411764706 10170.803375 9701.7165000000005 32.825490196078441 30.145098039215689 4527.2620000000015 8478.1000000000022 7.5000000000000009 19.500000000000004 -0.94703994556331683 14156.373874999988 13246.1105625 44.205882352941181 7.5000000000000009 12.057843137254904 -0.39036798905311365 7.5000000000000009 20.500000000000004 6422.4555 20.685294117647064 19.228431372549021 5801.3053750000026 63.323529411764717 0.65231507897944274 -0.99864786094873803 19.500000000000004 -0.7614135502316719 0.99463153969809781 -0.18704161936942101
decision_type=2 2 2 2 2 2 2 2 2 2 2 2 2 2 2 2 2 2 2 2 2 2 2 2 2 2 2 2 2 2
left_child=1 7 6 5 16 10 28 14 19 21 -2 20 -6 -14 15 -1 23 -12 22 -8 -4 -10 -19 27 -24 -18 -16 -5 -3 -27
right_child=3 2 11 4 12 -7 8 -9 9 -11 17 -13 13 -15 26 -17 25 18 -20 -21 -22 -23 24 -25 -26 29 -28 -29 -30 -31
leaf_value=-0.0049518930744628349 -6.1636109478990791e-05 0.0090724319695029039 -0.0027543397295717378 -0.0024274462224661343 0.010068646748679711 0.010659301632610075 0.0033219172708016903 -0.0061711303988647662 -0.0035466881956564308 0.00088834944244696457 0.011066022353763262 -0.0034934331052304118 0.001077645900101526 0.013979932753043656 -0.0059606886054563383 -0.00036875549834708703 -0.0021635877232150619 0.012992384276938329 0.011257287471330982 -0.00029422554949739139 -0.0012279473284486364 -0.0017800068483219329 0.0034302660798598201 0.0032480412933583117 -0.0022401355415117121 0.0010156830631578406 -0.0021235199041029816 0.0028668710449558546 -0.0015759572125413374 -0.00071534622838112516
leaf_weight=140 213 166 754 69 585 742 302 1227 655 534 332 572 319 87 442 273 40 199 168 772 534 809 402 567 113 574 116 81 68 660
leaf_count=140 213 166 754 69 585 742 302 1227 655 534 332 572 319 87 442 273 40 199 168 772 534 809 402 567 113 574 116 81 68 660
internal_value=-0.00323186 -0.0192261 -0.0116509 0.0196332 0.012169 0.0298848 -0.00462655 -0.0370168 -0.00663846 -0.012006 0.0230742 -0.0241268 0.028377 0.0154791 -0.0271091 -0.0146135 0.00409137 0.0271605 0.0218573 0.00334884 -0.0184639 -0.0186348 0.0169231 0.0135794 0.0103682 -0.0012549 -0.0363148 -0.00662252 0.0217021 8.09717e-05
internal_weight=12515 7364 5166 5151 2982 2169 3306 2198 3072 1998 1427 1860 991 406 971 413 1991 1214 882 1074 1288 1464 714 717 515 1274 558 150 234 1234
internal_count=12515 7364 5166 5151 2982 2169 3306 2198 3072 1998 1427 1860 991 406 971 413 1991 1214 882 1074 1288 1464 714 717 515 1274 558 150 234 1234
is_linear=0
shrinkage=0.05


Tree=30
num_leaves=31
num_cat=0
split_feature=2 3 3 2 9 9 6 1 6 9 7 9 9 6 1 8 9 3 1 1 6 7 3 3 7 1 6 8 9 3
split_gain=429.591 112.543 117.559 127.541 78.5106 60.5035 48.4209 46.8602 59.0228 51.6241 48.3765 41.4956 40.0607 86.8855 38.0735 36.3005 35.6247 34.8981 34.0579 32.4964 32.1713 31.7315 30.3992 29.0144 28.5086 27.4996 31.0167 27.1351 25.8018 25.0276
threshold=997.19705882352957 19.500000000000004 7.5000000000000009 990.08137254901965 14580.972874999998 9733.5883750000012 -0.80926783187727869 69.676470588235318 0.98174098242282837 9733.5883750000012 0.97109394436505758 5937.5147500000012 9170.8544999999995 -0.10837475778693638 90.382352941176478 -0.74586550181710298 13120.487999999999 15.500000000000002 88.578431372549034 19.225490196078436 -0.79904327102181261 -0.89405649444168434 14.500000000000002 18.500000000000004 -0.13292143739675699 84.87254901960786 0.99981043035926087 -0.6652727025667432 14580.972874999998 8.5000000000000018
decision_type=2 2 2 2 2 2 2 2 2 2 2 2 2 2 2 2 2 2 2 2 2 2 2 2 2 2 2 2 2 2
left_child=1 2 5 12 11 6 -1 8 9 22 21 -2 13 -4 19 -14 20 -17 23 -7 -3 -9 -5 29 -16 26 -6 -21 -26 -13
right_child=4 16 3 7 25 14 -8 10 -10 -11 -12 18 15 -15 24 17 -18 -19 -20 27 -22 -23 -24 -25 28 -27 -28 -29 -30 -31
leaf_value=-8.1653909802831281e-06 0.0034372462723274324 0.00054060441338268375 0.00062238453902071231 -0.0031514647429774487 -0.004966340141084661 0.0044354413495798972 0.004663235366393007 0.0027372314787471098 0.0045102548226363202 -0.0047074940457419723 -0.0044375257678417965 -0.0015081608538983855 -0.0033480825407318673 0.0097318375223008798 0.004112459240674363 -0.00064661187885518563 -9.8712318388638479e-05 0.0028926167262087578 0.0016546482397734486 -0.0028017816874579744 0.0045058714531344777 -0.0009347744318814827 -0.00050539247701021086 -0.00050833527291209164 0.0016548597905311213 -0.0018192472736615298 -0.0022053638905740192 -0.00010744898660549063 -0.0027746011097053991 -0.0041113957700709578
leaf_weight=508 111 283 677 684 510 50 1282 154 55 498 105 631 293 183 174 647 304 335 107 325 1072 827 475 363 218 114 51 698 73 703
leaf_count=508 111 283 677 684 510 50 1282 154 55 498 105 631 293 183 174 647 304 335 107 325 1072 827 475 363 218 114 51 698 73 703
internal_value=-0.00278955 0.00194537 -0.000441782 -0.00534049 -0.0209186 0.00681886 0.0130653 -0.0123616 -0.0175131 -0.0192099 -0.00423183 -0.0157359 0.00386236 0.0121951 -0.000454841 -0.00176332 0.0138253 0.00284842 -0.0175623 -0.00563315 0.0172935 -0.000763747 -0.0134052 -0.0192874 0.0114807 -0.0355769 -0.0401246 -0.00756836 0.00188356 -0.0226966
internal_weight=12510 9920 8261 4933 2590 3328 1790 2798 1712 1657 1086 1915 2135 860 1538 1275 1659 982 1804 1073 1355 981 1159 1697 465 675 561 1023 291 1334
internal_count=12510 9920 8261 4933 2590 3328 1790 2798 1712 1657 1086 1915 2135 860 1538 1275 1659 982 1804 1073 1355 981 1159 1697 465 675 561 1023 291 1334
is_linear=0
shrinkage=0.05


Tree=31
num_leaves=31
num_cat=0
split_feature=0 0 0 9 9 9 0 3 9 3 9 1 9 0 9 3 0 4 9 8 3 0 8 3 2 5 8 9 3 4
split_gain=1872.53 343.847 221.267 154.815 120.277 109.096 87.637 56.1054 53.9772 48.1686 47.8255 46.4789 43.6535 41.9737 35.8998 35.3688 38.3006 32.8306 32.1099 31.4753 29.5339 29.5121 27.5555 25.6399 22.5301 21.2092 20.4322 20.2488 20.0643 20.0553
threshold=20.459803921568632 27.906862745098042 14.927450980392159 7420.3617500000046 8312.2723125000011 8850.8481250000023 39.220588235294123 7.5000000000000009 14580.972874999998 19.500000000000004 8732.300687500001 89.029411764705898 12098.162624999999 23.982352941176476 5121.4499999999998 7.5000000000000009 12.057843137254904 3.5000000000000004 13325.048624999996 -0.93543596745397617 18.500000000000004 31.244117647058829 -0.99864786094873803 7.5000000000000009 987.74215686274522 -0.28519255817492867 -0.93543596745397617 5706.7157499999985 18.500000000000004 2.5000000000000004
decision_type=2 2 2 2 2 2 2 2 2 2 2 2 2 2 2 2 2 2 2 2 2 2 2 2 2 2 2 2 2 2
left_child=2 3 10 7 -3 11 12 -2 13 17 15 14 19 24 -4 16 -1 27 -7 20 21 -6 -15 -16 -5 -18 -26 -9 -25 -13
right_child=1 4 5 8 6 18 -8 9 -10 -11 -12 29 -14 22 23 -17 25 -19 -20 -21 -22 -23 -24 28 26 -27 -28 -29 -30 -31
leaf_value=-0.0046363464613582211 0.0073634896569310772 0.010125907781560185 7.9051333116419986e-05 -0.0018896915355759158 -0.001347796714733715 -0.0024522296705563025 0.010878911549759951 0.010168295798538507 -0.0021330623335306695 0.0059279931244822703 -0.0061620836527511887 -0.0026340267826122396 0.0012209327512887364 -0.0017979526358162135 -0.00041827153376691186 -0.0052947710982181734 0.00038620952178523849 -0.002513127033367302 -0.0033578057589587307 0.0073508348808233488 0.007898566362479013 0.0046597569760632286 0.0012252402664652828 -0.0032980977721094821 -0.0018853112030432384 -0.0026529505527364688 0.00010523037300302907 0.0006706237004436733 -0.0011896545953889769 0.0053200917503624413
leaf_weight=158 429 764 458 325 116 1063 438 155 281 288 1014 53 896 47 435 497 155 275 570 700 76 140 1163 563 217 76 809 201 204 81
leaf_count=158 429 764 458 325 116 1063 438 155 281 288 1014 53 896 47 435 497 155 275 570 700 76 140 1163 563 217 76 809 201 204 81
internal_value=-0.002534 0.0138779 -0.0250845 0.00450966 0.0264133 -0.0174883 0.0208281 0.0184581 -0.00211045 0.0114674 -0.0387691 -0.00896936 0.016226 0.000175644 -0.0112583 -0.0302142 -0.0188462 0.00371835 -0.026836 0.0232333 0.0105105 0.00233463 0.00693642 -0.0157938 -0.00588018 -0.00581897 -0.00223953 0.0137255 -0.0212891 0.0192593
internal_weight=12647 7320 5327 4190 3130 3427 2366 1348 2842 919 1900 1794 1928 2561 1660 886 389 631 1633 1032 332 256 1210 1202 1351 231 1026 356 767 134
internal_count=12647 7320 5327 4190 3130 3427 2366 1348 2842 919 1900 1794 1928 2561 1660 886 389 631 1633 1032 332 256 1210 1202 1351 231 1026 356 767 134
is_linear=0
shrinkage=0.05


Tree=32
num_leaves=31
num_cat=0
split_feature=2 5 6 4 8 7 6 3 1 5 7 7 2 6 7 5 6 4 7 1 5 6 2 5 5 5 1 8 4 1
split_gain=359.528 149.089 77.9707 74.4266 73.2495 60.605 52.8911 48.933 60.7164 79.5597 48.0146 99.429 51.0556 58.6156 39.2309 37.3483 38.3003 36.4569 35.0787 34.9665 34.737 33.8412 27.3204 27.2874 37.3361 32.4397 28.3235 29.4176 26.2667 25.0444
threshold=997.2656862745099 -0.065535378769913874 -0.73284120334876357 1.5000000000000002 0.011826363350393306 -0.998663445439673 0.67007489853957602 19.500000000000004 84.421568627450995 -0.99630266176052629 -0.90163369914317015 -0.97509344079810367 990.22058823529426 0.67644692717078936 0.99196248624718542 -0.35846811432664222 0.68274389090025245 1.5000000000000002 -0.93545056548590078 63.323529411764717 -0.35041564478062465 0.21652257995689161 992.40882352941196 0.45273815774107123 0.43733377705052551 0.99761913169647187 60.892156862745104 0.65720762023595369 1.5000000000000002 82.735294117647072
decision_type=2 2 2 2 2 2 2 2 2 2 2 2 2 2 2 2 2 2 2 2 2 2 2 2 2 2 2 2 2 2
left_child=1 2 3 20 6 -4 29 8 9 22 11 -3 14 17 23 16 -10 -14 19 -11 -1 -19 -7 24 26 -25 -12 -28 -29 -2
right_child=4 10 5 -5 -6 7 -8 -9 15 18 12 -13 13 -15 -16 -17 -18 21 -20 -21 -22 -23 -24 25 -26 -27 27 28 -30 -31
leaf_value=0.00046062458917210951 -0.0021252287414463391 -0.0015047240214573711 -0.0039744161373446918 -0.001555408793428581 -0.0034856579079336758 -0.0013854943738079357 0.0051656357078919135 0.0052128233340862197 0.003805271175559627 -0.00398417400386 -0.0026178475465920698 0.0061551968121945607 -0.002435819854276228 -0.0028870662961718255 0.0087711644275950476 -8.1064894633407769e-05 0.0082457918361168447 -0.0011902412394921417 0.0024750697994702642 0.00062225095437924986 0.0088419810380499508 0.0010344799220411815 -0.005741086105661518 -0.0014986672984390549 0.010967660444921085 0.011372797433549171 -0.0030212293388814262 0.0057714242895065887 0.00060771411254486327 0.00073374878311361367
leaf_weight=256 1126 248 72 893 1186 84 57 632 642 87 90 220 605 465 136 192 315 952 1724 146 146 389 100 967 60 50 82 105 384 151
leaf_count=256 1126 248 72 893 1186 84 57 632 642 87 90 220 605 465 136 192 315 952 1724 146 146 389 100 967 60 50 82 105 384 151
internal_value=-0.00255512 0.00168276 0.00745747 -0.00320216 -0.0194367 0.0109136 -0.0113858 0.0117512 0.00929809 0.00431839 -0.00474337 0.0104478 -0.00640457 -0.0112148 -0.000213333 0.0185652 0.0225992 -0.00739599 0.00727783 -0.0108974 0.0146402 -0.00279434 -0.027027 -0.00224267 0.00519391 -0.00751473 0.00173716 0.00585664 0.0105102 -0.0134977
internal_weight=12562 10042 5289 1295 2520 3994 1334 3922 3290 2141 4753 468 4285 2411 1874 1149 957 1946 1957 233 402 1341 184 1738 721 1017 661 571 489 1277
internal_count=12562 10042 5289 1295 2520 3994 1334 3922 3290 2141 4753 468 4285 2411 1874 1149 957 1946 1957 233 402 1341 184 1738 721 1017 661 571 489 1277
is_linear=0
shrinkage=0.05


Tree=33
num_leaves=31
num_cat=0
split_feature=2 5 6 9 6 9 9 2 5 9 1 2 3 3 1 9 6 9 9 5 5 5 9 3 3 5 5 5 2 3
split_gain=322.003 129.748 97.1703 108.5 100.262 84.7731 80.0351 71.3785 61.9806 60.1463 56.4116 56.3456 46.8203 80.1717 51.68 46.8359 40.0913 39.8051 62.3039 39.6661 42.2968 39.4812 35.4 32.9759 39.8407 30.8975 44.0227 42.8992 30.074 29.0727
threshold=997.2656862745099 0.022575936829235418 -0.67168186667784702 7465.1644374999951 -0.34234976856068178 14580.972874999998 14666.634812500002 984.96470588235309 -0.42180583328916638 6422.4555 84.637254901960787 990.72254901960798 5.5000000000000009 16.500000000000004 69.676470588235318 7193.7501875000025 -0.17646730165275518 4836.5499999999984 4527.2620000000015 -0.35846811432664222 -0.16799356919963607 0.22700754078277605 5937.5147500000012 18.500000000000004 6.5000000000000009 -0.99630266176052629 -0.8041866928211282 -0.94705910369513524 984.17549019607861 20.500000000000004
decision_type=2 2 2 2 2 2 2 2 2 2 2 2 2 2 2 2 2 2 2 2 2 2 2 2 2 2 2 2 2 2
left_child=1 2 28 4 9 12 22 -7 10 11 16 17 -3 14 -14 -16 -5 18 -4 -10 -21 -17 -2 24 -24 -18 27 -27 -1 -30
right_child=6 5 3 8 -6 7 -8 -9 19 -11 -12 -13 13 -15 15 21 25 -19 -20 20 -22 -23 23 -25 -26 26 -28 -29 29 -31
leaf_value=0.0076086725454829751 0.0029036268616281728 0.00074286714102830007 0.012530078917884886 0.0069050528802203359 0.0085795660485004765 0.0046195816804884358 -0.0038501791054116191 -0.0036485247048495708 0.0087818644075604475 -0.003317325317737152 0.001740476728185672 -0.00011938243540103866 -0.0034396428328486496 0.00057175665276880676 0.010121156617607208 0.0085139670938979423 -0.0035413420969829276 0.010342151861142901 0.00025652109688430457 -0.00029041783214107665 0.0050073991366284994 -0.0015480537631124116 -0.00073045737589191861 -0.00020459901596225905 -0.0034682367349430478 -0.00085276886757999217 -0.0020317377952617679 0.0038566349220232835 -0.0011353378510224833 0.002185706705428492
leaf_weight=45 107 1087 106 69 481 92 646 366 138 99 714 276 830 1253 51 66 175 146 214 247 181 969 518 377 913 282 431 274 1338 190
leaf_count=45 107 1087 106 69 481 92 646 366 138 99 714 276 830 1253 51 66 175 146 214 247 181 969 518 377 913 282 431 274 1338 190
internal_value=-0.00280319 0.00120541 0.00649158 0.0107851 0.0223734 -0.00485684 -0.0186378 -0.0252723 0.00467755 0.0119359 0.000436793 0.0168237 -0.00265445 -0.00572555 -0.0121544 -0.0049678 -0.00604708 0.027409 0.0174455 0.019224 0.011655 -0.00728764 -0.0134916 -0.0151465 -0.0186103 -0.00825451 -0.00480769 0.00448833 -0.00397078 -0.00516678
internal_weight=12681 10120 5406 3833 1322 4714 2561 458 2511 841 1945 742 4256 3169 1916 1086 1231 466 320 566 428 1035 1915 1808 1431 1162 987 556 1573 1528
internal_count=12681 10120 5406 3833 1322 4714 2561 458 2511 841 1945 742 4256 3169 1916 1086 1231 466 320 566 428 1035 1915 1808 1431 1162 987 556 1573 1528
is_linear=0
shrinkage=0.05


Tree=34
num_leaves=31
num_cat=0
split_feature=2 3 3 2 9 9 6 9 9 7 7 7 3 7 4 6 1 3 9 3 9 6 9 6 6 7 9 8 6 1
split_gain=304.473 98.1941 109.925 99.2048 94.9064 48.6438 87.4773 46.3336 39.2011 57.0458 47.1933 38.4355 39.3068 35.289 37.0239 34.0671 34.0146 30.3277 28.9228 28.1603 27.0021 26.9082 39.5135 45.5729 26.9069 26.845 26.2633 24.415 32.4289 27.9167
threshold=996.45588235294133 19.500000000000004 7.5000000000000009 990.30784313725496 14580.972874999998 9189.8500000000004 -0.091258822863740666 12173.294062500003 7028.4232500000007 0.067682722635586057 -0.091260668982868151 0.9252105435402006 16.500000000000004 0.99196248624718542 1.5000000000000002 0.04621408538533487 30.519607843137262 17.500000000000004 4577.2022500000021 6.5000000000000009 13519.3825 -0.80926783187727869 7420.3617500000046 -0.34234976856068178 0.16587474750015932 -0.97509344079810367 4577.2022500000021 -0.73865259438682551 0.29958852271690523 84.421568627450995
decision_type=2 2 2 2 2 2 2 2 2 2 2 2 2 2 2 2 2 2 2 2 2 2 2 2 2 2 2 2 2 2
left_child=1 2 7 5 8 6 26 21 10 17 -2 12 16 14 -7 -11 -5 24 -13 -12 -17 -1 23 -23 -10 -26 -4 28 29 -24
right_child=4 -3 3 11 -6 13 -8 -9 9 15 19 18 -14 -15 -16 20 -18 -19 -20 -21 -22 22 27 -25 25 -27 -28 -29 -30 -31
leaf_value=3.0432905752059149e-05 0.0044873375157470112 0.0022793984959431635 0.0089808413817502042 -0.0039376220946153399 -0.003620474700225629 0.0015725429321243574 0.00802803259965954 -0.00046749255297445227 -0.0037252900992236233 0.0040819885886861033 0.0021537229419650002 -0.00064559210094388699 0.00022698328465013408 0.010258361887355473 -0.0016866186294324738 -0.0016663837665270688 -0.0017605699498678088 -0.00067949733308515369 -0.0044693853772060392 -0.0024986316984431465 0.0010272631860356873 0.0039740204260408033 -0.00032488093540982283 0.0086326767811686026 -0.0034904803258837772 -0.001771509874901077 0.00011370941145589925 0.0025515344409944352 -0.0045387828317591779 0.0033375462303261052
leaf_weight=507 129 1541 94 215 704 338 193 756 498 129 80 103 535 70 907 309 1304 378 313 220 163 515 424 143 69 507 660 584 46 206
leaf_count=507 129 1541 94 215 704 338 193 756 498 129 80 103 535 70 907 309 1304 378 313 220 163 515 424 143 69 507 660 584 46 206
internal_value=-0.00207262 0.00243258 0.00018322 -0.00464821 -0.0154377 0.00291648 0.0115506 0.00736958 -0.0108337 -0.013705 0.00290698 -0.0115743 -0.00875912 -0.00330547 -0.00525682 -0.000747508 -0.0128618 -0.019064 -0.0254197 -0.00797342 -0.00697674 0.0107378 0.0134445 0.0233687 -0.0233488 -0.0159445 0.00384106 0.00824742 0.00177253 0.00475436
internal_weight=12640 9454 7913 4732 3186 2262 947 3181 2482 2053 429 2470 2054 1315 1245 601 1519 1452 416 300 472 2425 1918 658 1074 576 754 1260 676 630
internal_count=12640 9454 7913 4732 3186 2262 947 3181 2482 2053 429 2470 2054 1315 1245 601 1519 1452 416 300 472 2425 1918 658 1074 576 754 1260 676 630
is_linear=0
shrinkage=0.05


Tree=35
num_leaves=31
num_cat=0
split_feature=0 0 0 9 9 9 9 0 9 0 9 7 0 7 0 9 7 7 9 9 7 8 2 6 0 1 8 6 2 0
split_gain=1667.75 364.771 186.643 150.66 131.412 96.4366 51.1426 51.0701 46.4713 46.1331 42.8242 41.037 34.8165 29.5222 28.6678 31.9144 26.6981 43.5541 43.7854 31.3744 28.1879 26.5427 26.457 25.8734 24.3285 23.6688 23.0859 32.1052 29.9334 29.4754
threshold=22.709803921568632 15.037254901960786 31.050000000000004 10170.803375 9901.3638125000016 12602.305249999996 4527.2620000000015 43.150980392156875 10198.277875000002 19.691176470588239 5972.8463124999989 -0.83377653105606597 10.880392156862746 0.3036948619824264 36.452941176470596 9157.4811249999966 0.067682722635586057 -0.9470547246821871 14695.955000000002 11597.500624999999 0.90623151893102627 -0.99864786094873803 998.38235294117658 0.56191161272202661 25.397058823529417 89.264705882352956 -0.96687281075841669 -0.28519997588938989 985.90490196078451 28.140196078431376
decision_type=2 2 2 2 2 2 2 2 2 2 2 2 2 2 2 2 2 2 2 2 2 2 2 2 2 2 2 2 2 2
left_child=1 8 4 6 10 14 -3 -7 12 25 24 -11 -1 -13 15 -4 17 -5 19 -19 -18 -6 26 -14 -2 -8 -12 28 -28 -30
right_child=2 3 5 16 21 7 9 -9 -10 11 22 13 23 -15 -16 -17 20 18 -20 -21 -22 -23 -24 -25 -26 -27 27 -29 29 -31
leaf_value=-0.0069375567299285847 0.0068556116671504635 0.0032867195198876919 0.0093690221138025883 -0.0038807124329098223 -0.00256079011566005 0.001918553496252351 -0.0015964753123590804 0.010710662925848461 -0.0059118532475751669 0.0018973391568997855 9.185695815897566e-05 -0.0012387932780058648 -0.0030613681319294609 0.00093021000726923328 0.0086118527469691737 0.0047393657049010001 -0.0029529066129364567 -0.0018797238565754631 -0.0033128724766946006 0.0010166650862514976 -0.0012090732965435781 0.00028792782529063476 -0.0014368837035640431 3.6857409249560492e-05 0.01163158852926568 0.00092835909786108959 -0.0023322809949810094 0.0054272336455871767 0.0014311437962632985 0.010879385603339476
leaf_weight=291 297 234 326 117 45 569 1523 142 677 197 179 560 902 439 477 463 643 349 119 186 301 1837 132 71 302 139 48 433 418 183
leaf_count=291 297 234 326 117 45 569 1523 142 677 197 179 560 902 439 477 463 643 349 119 186 301 1837 132 71 302 139 48 433 418 183
internal_value=-0.00202778 -0.0189658 0.0175068 -0.0115745 0.0111226 0.0300051 -0.00497898 0.0152388 -0.0372554 -0.00682057 0.0200702 0.000668338 -0.0315415 -0.00345 0.0382794 0.0323418 -0.0234557 -0.0165155 -0.0114504 -0.00531716 -0.0291005 0.00164631 0.0152439 -0.0269507 0.03125 -0.0122069 0.0174723 0.0202216 0.0131538 0.016196
internal_weight=12599 6748 5851 4807 3874 1977 3092 711 1941 2858 1992 1196 1264 999 1266 789 1715 771 654 535 944 1882 1393 973 599 1662 1261 1082 649 601
internal_count=12599 6748 5851 4807 3874 1977 3092 711 1941 2858 1992 1196 1264 999 1266 789 1715 771 654 535 944 1882 1393 973 599 1662 1261 1082 649 601
is_linear=0
shrinkage=0.05


Tree=36
num_leaves=31
num_cat=0
split_feature=0 0 0 6 6 3 3 5 0 3 0 6 7 3 6 0 5 3 5 5 3 3 3 0 7 7 5 3 5 1
split_gain=1584.93 389.862 138.306 87.8353 83.0293 98.6814 68.0008 64.7376 53.1291 42.7443 41.3005 45.8371 43.1932 37.3151 37.2914 35.5157 30.9087 29.4142 26.7836 25.1373 32.8213 51.0041 24.9977 25.9201 24.474 36.2836 32.8604 22.9265 26.5096 22.7624
threshold=23.751960784313727 15.706862745098041 32.254901960784316 -0.31800055644052067 -0.022575793296316496 7.5000000000000009 18.500000000000004 -0.29343379936893921 11.320588235294119 8.5000000000000018 39.220588235294123 0.011826144619637555 -0.39036798905311365 20.500000000000004 -0.79904327102181261 21.215686274509807 -0.20180236284700911 6.5000000000000009 -0.99763297024448894 0.77244481603295057 7.5000000000000009 14.500000000000002 20.500000000000004 29.269607843137258 -0.45943279258162384 -0.7614135502316719 0.77244481603295057 18.500000000000004 -0.76141707087277943 30.519607843137262
decision_type=2 2 2 2 2 2 2 2 2 2 2 2 2 2 2 2 2 2 2 2 2 2 2 2 2 2 2 2 2 2
left_child=1 7 3 17 5 24 29 8 -1 -10 11 -4 -13 -11 -8 27 18 -2 -5 -18 -21 -22 23 -19 25 26 -3 28 -6 -7
right_child=2 4 10 16 15 6 14 -9 9 13 -12 12 -14 -15 -16 -17 19 22 -20 20 21 -23 -24 -25 -26 -27 -28 -29 -30 -31
leaf_value=-0.0064493162000409917 0.0088519093977972203 -0.00047497447688466535 0.0091073249446209543 -0.0016527725758744617 -0.0016061812276421672 -0.003672376790250201 -0.0014820990976328414 -0.0051162901732683093 -0.00071694745838745972 -0.0032674807380927138 0.0082044916790880995 0.0069618544343591111 0.0019151642889974924 -0.00011084221491666768 0.001419362612959027 -0.00085765451589867037 -0.00059374714589207906 0.0028132086083153514 0.0028121275044538708 0.00369217518998044 -0.0016425526275989589 0.0014411387351726701 0.010451989599056312 0.0092898178701902867 0.0020678368207454056 -0.0019013534562428603 0.0026555594319857046 -0.0008315837598537254 -0.0026037224967119413 -0.0021709146757872776
leaf_weight=296 229 83 265 62 339 245 241 1178 373 369 570 264 488 89 372 798 588 482 1104 267 246 315 133 145 663 105 68 352 995 861
leaf_count=296 229 83 265 62 339 245 241 1178 373 369 570 264 488 89 372 798 588 482 1104 267 246 315 133 145 663 105 68 352 995 861
internal_value=-0.00268155 -0.0174677 0.0186083 0.0131439 -0.00977943 -0.00359985 -0.0106686 -0.0345403 -0.0259309 -0.0194111 0.0308879 0.0248035 0.0184595 -0.0296296 0.0026873 -0.016338 0.00828494 0.0258081 0.0143102 0.00331687 0.00892642 0.00204626 0.021025 0.0167994 0.00961957 -0.00350195 0.0121711 -0.0204505 -0.0234457 -0.0180668
internal_weight=12585 7427 5158 3571 5122 2638 1719 2305 1127 831 1587 1017 752 458 613 2484 2582 989 1166 1416 828 561 760 627 919 256 151 1686 1334 1106
internal_count=12585 7427 5158 3571 5122 2638 1719 2305 1127 831 1587 1017 752 458 613 2484 2582 989 1166 1416 828 561 760 627 919 256 151 1686 1334 1106
is_linear=0
shrinkage=0.05


Tree=37
num_leaves=31
num_cat=0
split_feature=0 0 9 0 9 0 9 0 0 9 6 9 9 7 7 7 7 9 9 7 7 9 0 7 4 8 2 1 7 9
split_gain=1501.3 418.603 144.957 134.656 120.877 68.9158 56.1656 53.6646 51.5473 51.0492 44.6301 35.8387 33.8723 32.2782 38.6107 30.9844 42.4809 37.1998 48.6696 36.6827 30.0619 29.3045 28.0972 27.9112 27.4077 25.8092 23.896 22.4288 22.2533 20.8327
threshold=23.914705882352944 15.90686274509804 7909.5876875000004 35.595098039215692 10170.803375 29.269607843137258 10198.277875000002 13.898039215686277 19.691176470588239 10700.330562500001 0.38043945030393422 12602.305249999996 5706.7157499999985 -0.83377653105606597 0.3036948619824264 0.067682722635586057 -0.96235977360714686 15273.324999999999 11487.490250000001 0.90623151893102627 0.65231507897944274 5121.4499999999998 45.304901960784328 0.34841060557183762 4.5000000000000009 -0.81429049538372056 988.70686274509819 81.598039215686285 -0.97876850416056738 4527.2620000000015
decision_type=2 2 2 2 2 2 2 2 2 2 2 2 2 2 2 2 2 2 2 2 2 2 2 2 2 2 2 2 2 2
left_child=1 6 5 9 8 12 7 -1 21 10 23 -5 -2 -10 24 16 -6 18 -18 -17 25 -3 -13 -4 26 -14 -15 -28 -27 -16
right_child=2 4 3 11 15 -7 -8 -9 13 -11 -12 22 20 14 29 19 17 -19 -20 -21 -22 -23 -24 -25 -26 28 27 -29 -30 -31
leaf_value=-0.0042590932451784386 0.011910742493978645 0.00066547316323987147 0.0010081353064164468 0.0091121420743348388 -0.0034959963815624096 0.0080824321440303663 -0.0048637222076477185 -0.001694641314850376 0.0018790795754982409 0.00041082157937135657 0.0086870512818125589 0.0032638884601816189 -8.863418954184189e-05 -0.0032057822200808883 0.01165775889846939 -0.0026689939512639597 -0.0017794329674547277 -0.0027154866296637717 0.001142821611944836 -0.0007868262469386101 -0.0012016702650460621 -0.0015757593806685123 0.010634657727256969 0.0081371823244481226 0.00065500101995460698 -5.6820523127398829e-05 -0.0013286427572995016 0.0045618887329765224 0.007787909284663469 0.00092831399627449351
leaf_weight=921 297 329 751 341 110 550 857 617 263 1751 289 297 104 107 93 701 334 115 265 299 109 1243 102 131 198 53 398 40 267 630
leaf_count=921 297 329 751 341 110 550 857 617 263 1751 289 297 104 107 93 701 334 115 265 299 109 1243 102 131 198 53 398 40 267 630
internal_value=-0.00254716 -0.0166999 0.0185604 0.0133497 -0.00863246 0.0323678 -0.0339524 -0.0282001 -0.00292247 0.00851865 0.0165956 0.0323887 0.023225 0.00303468 0.000136333 -0.0189589 -0.0117576 -0.00727273 -0.00225 -0.0248751 0.0156367 -0.00947235 0.022125 0.0109853 -0.0078629 0.0216471 -0.0136447 -0.00842825 0.0286604 0.00835635
internal_weight=12562 7520 5042 3662 5125 1380 2395 1538 3301 2922 1171 740 830 1729 1466 1824 824 714 599 1000 533 1572 399 882 743 424 545 438 320 723
internal_count=12562 7520 5042 3662 5125 1380 2395 1538 3301 2922 1171 740 830 1729 1466 1824 824 714 599 1000 533 1572 399 882 743 424 545 438 320 723
is_linear=0
shrinkage=0.05


Tree=38
num_leaves=31
num_cat=0
split_feature=0 0 0 9 9 9 0 3 3 3 3 2 3 3 5 9 9 5 1 8 9 2 0 9 8 0 3 3 8 3
split_gain=1311.13 272.754 249.485 136.776 108.985 94.5927 84.6614 67.7775 60.7119 59.6764 49.5622 36.903 36.4519 44.2449 35.7635 40.8029 34.3442 32.905 27.6081 27.0335 26.0817 25.7668 24.9749 24.5702 24.0661 23.1266 21.3224 20.9782 25.4032 20.3885
threshold=20.397058823529417 28.140196078431376 14.100980392156865 9302.3970625000002 10036.000000000002 7420.3617500000046 39.220588235294123 8.5000000000000018 6.5000000000000009 19.500000000000004 20.500000000000004 997.49313725490208 15.500000000000002 8.5000000000000018 0.99966190462023474 12098.162624999999 5121.4499999999998 -0.57780908558020239 65.166666666666671 0.91852788691372023 10700.330562500001 981.25098039215698 23.828431372549023 7637.4085625000007 0.92520893929334658 24.797058823529415 6.5000000000000009 18.500000000000004 0.80800279670863706 11.500000000000002
decision_type=2 2 2 2 2 2 2 2 2 2 2 2 2 2 2 2 2 2 2 2 2 2 2 2 2 2 2 2 2 2
left_child=2 5 16 -3 7 8 12 17 -2 -9 11 19 13 20 15 22 26 -4 -15 -10 -5 -20 23 -7 -14 -17 -1 29 -29 -6
right_child=1 3 4 6 27 14 -8 9 10 -11 -12 -13 24 18 -16 25 -18 -19 21 -21 -22 -23 -24 -25 -26 -27 -28 28 -30 -31
leaf_value=-4.1841271982864807e-05 0.0060001729819177951 0.0078450374050316133 0.0014894902883275927 0.0075794937053131235 -0.002106308555891237 -0.003386492254338902 0.0086928075579047366 -0.0024779797604922607 0.0023258711673698365 0.00047663582614727726 0.0053064756704678806 -0.0029591083430805798 0.0033357456509471198 -0.0026881974563415234 -0.0028724096613809424 -0.00151993402369075 -0.0049581513344387857 -0.00045287868355806533 -0.0019053982737811392 -0.0019346168076740833 0.0017444640945848385 0.001580012369422179 0.0015480915669283169 8.0294925153417973e-05 -0.0017818065474241142 0.00016565257975697107 -0.0038043969056600875 -0.0005324322581532246 -0.0018274245176971128 -0.0036577651915830861
leaf_weight=88 399 948 460 137 754 47 418 1035 638 358 211 103 495 109 53 683 1246 512 93 82 450 330 853 871 53 408 152 194 66 370
leaf_count=88 399 948 460 137 754 47 418 1035 638 358 211 103 495 109 53 683 1246 512 93 82 450 330 853 871 53 408 152 194 66 370
internal_value=-0.00172783 0.0118464 -0.0208652 0.023352 -0.0139867 0.00381697 0.0161793 -0.00745985 0.0143305 -0.0145265 0.00792271 0.0023665 0.0111211 0.0059375 -0.0013546 -0.000593783 -0.0381977 0.00267215 -0.00450281 0.00638003 0.0153912 0.00129717 0.00409142 -0.00163221 0.0216758 -0.00819597 -0.0207469 -0.0251264 -0.0122605 -0.0280889
internal_weight=12616 7381 5235 3033 3749 4348 2085 2365 1433 1393 1034 823 1667 1119 2915 2862 1486 972 532 720 587 423 1771 918 548 1091 240 1384 260 1124
internal_count=12616 7381 5235 3033 3749 4348 2085 2365 1433 1393 1034 823 1667 1119 2915 2862 1486 972 532 720 587 423 1771 918 548 1091 240 1384 260 1124
is_linear=0
shrinkage=0.05


Tree=39
num_leaves=31
num_cat=0
split_feature=2 5 6 9 6 9 9 9 7 1 5 5 4 5 5 7 1 9 9 5 5 2 4 2 4 2 3 9 7 7
split_gain=261.656 113.827 77.4789 94.2857 105.22 76.1994 74.6932 58.6467 52.1825 46.0527 55.7088 45.4006 51.9125 45.7464 79.0125 56.583 48.1482 41.0148 90.9141 40.0872 39.5872 39.9333 38.4649 36.2497 35.8048 32.8795 31.7851 31.0388 28.3065 43.165
threshold=997.2656862745099 0.022575936829235418 -0.67168186667784702 7465.1644374999951 -0.34234976856068178 4527.2620000000015 14666.634812500002 14281.821437500001 -0.998663445439673 67.107843137254918 -0.27694604220087021 0.90892735371523092 1.0000000180025095e-35 0.55656748448714433 0.46800856592688472 -0.98214488425316759 70.225490196078439 6422.4555 4836.5499999999984 0.99818282439137029 0.12545942051955489 981.59901960784316 1.0000000180025095e-35 992.05980392156869 1.5000000000000002 993.40294117647068 17.500000000000004 5834.9750000000013 -0.67803021058859214 -0.75015329512557194
decision_type=2 2 2 2 2 2 2 2 2 2 2 2 2 2 2 2 2 2 2 2 2 2 2 2 2 2 2 2 2 2
left_child=1 2 22 4 5 -4 27 11 -5 10 -10 13 -13 14 16 26 25 18 -7 -14 21 -9 -1 -20 -18 -3 -15 -2 29 -11
right_child=6 7 3 8 -6 17 -8 20 9 28 -12 12 19 15 -16 -17 24 -19 23 -21 -22 -23 -24 -25 -26 -27 -28 -29 -30 -31
leaf_value=0.0023166470236502703 0.0032791867893470317 -0.002128715297235731 0.0082894183038400241 -0.0046250126756098324 0.0066616092909550844 -0.0008451668567632354 -0.0030034874264811759 0.0091712959700739009 -0.0013230094914651104 0.0015571388055977021 0.0037320460797889143 -0.0036139170216957922 -0.0012624861601241183 -0.0043604102506807603 -0.0031196463116528739 0.0019231019012781682 0.0074714206863779834 -0.0037697588851409781 0.0094582623939063418 0.0038368199032832759 -0.0026374330438336869 -0.0021073747240518206 -0.00077626989447396322 -0.0015872782595049832 0.00055088339695265331 0.00093963498690709528 0.0025680240134400068 -0.0015763921955241678 0.00044335768815771952 0.0070923913121566547
leaf_weight=225 70 244 188 60 471 376 645 40 503 695 105 217 1282 161 207 999 140 100 140 176 531 52 1308 40 438 157 55 1829 968 168
leaf_count=225 70 244 188 60 471 376 645 40 503 695 105 217 1282 161 207 999 140 100 140 176 531 52 1308 40 438 157 55 1829 968 168
internal_value=-0.00202526 0.00160247 0.00659125 0.0104063 0.0212386 0.0106509 -0.0163458 -0.00407447 0.0047 0.00584016 -0.00607553 -0.00188864 -0.00820406 0.00251873 -0.00446504 0.00933388 0.00147959 0.00258752 0.00789946 -0.00479781 -0.0183494 0.011828 -0.00290091 0.0370166 0.0107081 -0.0118159 -0.0138249 -0.0113421 0.00979803 0.0163773
internal_weight=12590 10046 5347 3814 1315 844 2544 4699 2499 2439 608 4076 1675 2401 1186 1215 979 656 556 1458 623 92 1533 180 578 401 216 1899 1831 863
internal_count=12590 10046 5347 3814 1315 844 2544 4699 2499 2439 608 4076 1675 2401 1186 1215 979 656 556 1458 623 92 1533 180 578 401 216 1899 1831 863
is_linear=0
shrinkage=0.05


Tree=40
num_leaves=31
num_cat=0
split_feature=0 0 9 0 9 3 3 9 0 9 0 7 8 9 8 7 9 3 0 2 8 9 0 5 9 5 8 5 3 3
split_gain=1306.69 347.335 145.376 135.1 112.292 93.6973 109.485 64.9027 39.8335 37.7976 36.9771 34.1595 31.671 31.0816 29.2058 29.1446 28.1663 34.9792 35.5376 27.1929 26.6695 25.2279 30.7231 23.0648 21.7439 21.0655 20.1399 33.0264 19.8235 19.6932
threshold=23.982352941176476 13.898039215686277 10170.803375 32.254901960784316 7615.2225625000019 8.5000000000000018 18.500000000000004 13165.293374999996 20.111764705882354 6422.4555 19.228431372549021 0.83966414931270739 -0.92272482904738262 10700.330562500001 -0.71502926860092908 0.28313881758084386 10117.322062499999 7.5000000000000009 11.320588235294119 997.49313725490208 0.91852788691372023 8312.2723125000011 36.016666666666673 0.3744682635859638 6114.3703124999984 -0.98523971305672675 0.94910885063987094 -0.065535378769913874 15.500000000000002 18.500000000000004
decision_type=2 2 2 2 2 2 2 2 2 2 2 2 2 2 2 2 2 2 2 2 2 2 2 2 2 2 2 2 2 2
left_child=1 16 5 4 19 9 10 21 -4 -3 -7 23 -12 14 15 29 17 18 -1 -2 25 -5 28 -9 -21 -8 -10 -28 -23 -6
right_child=3 2 8 7 13 6 20 11 26 -11 12 -13 -14 -15 -16 -17 -18 -19 -20 24 -22 22 -24 -25 -26 -27 27 -29 -30 -31
leaf_value=-0.0043526207006807918 0.0078952556405605286 0.002789742068088602 -0.0022231076625261388 0.0063297899210999599 -0.00036757480689798009 -0.0026729189068329137 -0.0014255591802791929 0.0023827965744350811 -0.0014430265030148243 -9.8397622380008723e-06 -0.0027695776757813762 -0.0011446351068922361 -0.00078874957361257936 0.00013682194635045443 0.0055303117353777582 0.0058993023443150829 -0.0052893295781449544 -0.0047811180114539541 -0.00052559204495153118 0.0058925320708692165 -0.0028380667980921481 0.0027759571043668749 0.0082814612413006482 0.0092532078828841523 -0.004946544848929796 0.0010829122429502874 0.0047221277013090148 -0.002638881483405717 0.0093149053219952205 0.0032249872866727067
leaf_weight=150 882 525 1311 346 416 776 84 262 803 1040 119 118 592 1387 339 163 496 525 219 41 67 242 379 115 42 660 45 83 108 146
leaf_count=150 882 525 1311 346 416 776 84 262 803 1040 119 118 592 1387 339 163 496 525 219 41 67 242 379 115 42 660 45 83 108 146
internal_value=-0.00192677 -0.0151214 -0.00998198 0.0179066 0.0123207 -0.00410197 -0.0105263 0.0300446 -0.020107 0.00533206 -0.018582 0.0150202 -0.010323 0.00662724 0.0130516 0.00736915 -0.0376707 -0.0322905 -0.0204054 0.0267598 0.00424877 0.0369424 0.0315753 0.0223545 -0.000595238 0.00697987 -0.0121781 0.00620155 0.0207977 0.00195382
internal_weight=12481 7495 6105 4986 3416 3863 2298 1570 2242 1565 1487 495 711 2451 1064 725 1390 894 369 965 811 1075 729 377 83 744 931 128 350 562
internal_count=12481 7495 6105 4986 3416 3863 2298 1570 2242 1565 1487 495 711 2451 1064 725 1390 894 369 965 811 1075 729 377 83 744 931 128 350 562
is_linear=0
shrinkage=0.05


Tree=41
num_leaves=31
num_cat=0
split_feature=0 0 0 0 6 6 3 0 3 3 5 3 7 7 6 5 5 6 6 6 3 2 3 7 2 5 3 6 2 5
split_gain=1268.22 304.432 177.385 67.364 84.4833 67.1778 52.7409 52.237 51.1973 61.838 46.4331 52.5466 45.3219 39.3956 31.7534 31.4529 27.1646 27.1388 27.0486 26.7586 24.4454 24.3298 24.2814 22.0894 21.8509 27.4314 19.9898 19.9334 19.9121 19.5095
threshold=22.177450980392159 14.927450980392159 28.273529411764709 39.220588235294123 -0.18493013702746822 -0.022575793296316496 8.5000000000000018 12.057843137254904 6.5000000000000009 20.500000000000004 -0.065535378769913874 5.5000000000000009 -0.3098332921407298 -0.39036798905311365 -0.95998493203694346 -0.8041866928211282 0.878110924644389 0.59003219687534991 0.66367808336324663 0.83258597624099873 20.500000000000004 987.19313725490213 16.500000000000004 -0.098750666093870385 987.61274509803923 0.17646842360078763 15.500000000000002 -0.72102888505294738 998.7656862745099 0.9916835347852474
decision_type=2 2 2 2 2 2 2 2 2 2 2 2 2 2 2 2 2 2 2 2 2 2 2 2 2 2 2 2 2 2
left_child=1 6 10 4 16 8 7 -1 21 14 20 18 15 -6 -10 -7 -4 -9 -12 23 28 -3 -13 -15 -21 -26 -18 -11 -2 -14
right_child=2 5 3 -5 13 12 -8 17 9 27 11 22 29 19 -16 -17 26 -19 -20 24 -22 -23 -24 -25 25 -27 -28 -29 -30 -31
leaf_value=-0.0040323903940451015 0.0019939291214478238 -0.0022851168356696982 0.0076156518746679398 0.0062991618528185252 0.0048755636385761974 0.00062817373156085496 -0.0046768669932082613 -0.00082549699292117367 -0.0036396942986328174 -0.00033123749533888331 0.0031356849943814827 -0.0012955190457362544 -0.001982434557241643 -0.001139427997241041 -0.0014261005233829631 -0.0015989902237298417 -0.00065760548423008942 -0.0032393990251058458 -0.0011583387806955365 -0.0012184088584464459 0.0041075497524827977 0.00098692647462023672 0.00035695240697742605 0.0024872451952182464 -0.00019503283569793917 0.0069987133307308049 0.01102730532785038 0.002084675237921696 -0.0007280073841237078 -0.0025741838820004998
leaf_weight=342 1319 82 482 569 609 267 1038 412 176 146 267 662 1274 104 1142 474 76 126 103 211 260 673 515 695 110 51 41 162 163 76
leaf_count=342 1319 82 482 569 609 267 1038 412 176 146 267 662 1274 104 1142 474 76 126 103 211 260 673 515 695 110 51 41 162 163 76
internal_value=-0.00171444 -0.0173682 0.0143235 0.0232282 0.0195168 -0.0102169 -0.0340281 -0.0249716 -0.00447103 -0.00946527 0.00633739 3.22997e-05 -0.0167543 0.0140371 -0.0141774 -0.00680593 0.03575 -0.0152134 0.016442 0.00866041 0.0119334 0.00628307 -0.00513582 0.0138125 -0.00241287 0.0114198 0.0139831 0.0106796 0.00944032 -0.0222058
internal_weight=12627 6390 6237 2948 2379 4472 1918 880 2381 1626 3289 1547 2091 1780 1318 741 599 538 370 1171 1742 755 1177 799 372 161 117 308 1482 1350
internal_count=12627 6390 6237 2948 2379 4472 1918 880 2381 1626 3289 1547 2091 1780 1318 741 599 538 370 1171 1742 755 1177 799 372 161 117 308 1482 1350
is_linear=0
shrinkage=0.05


Tree=42
num_leaves=31
num_cat=0
split_feature=0 0 9 0 9 0 3 3 9 9 6 6 9 3 0 9 8 0 0 3 3 0 3 9 3 6 9 1 0 3
split_gain=1118.96 347.014 134.703 125.915 117.848 71.9251 52.8175 76.3031 52.6003 45.4291 49.4207 45.3468 42.92 45.6517 38.5588 33.7292 33.4206 40.0554 33.04 30.4831 48.1754 26.7204 25.2023 23.852 23.2254 22.0916 26.4989 21.6741 20.5964 19.0137
threshold=23.751960784313727 14.100980392156865 7909.5876875000004 35.595098039215692 10170.803375 28.140196078431376 7.5000000000000009 20.500000000000004 13165.293374999996 10700.330562500001 0.38043945030393422 -0.95998493203694346 10117.322062499999 7.5000000000000009 11.320588235294119 5706.7157499999985 -0.92272482904738262 19.228431372549021 19.979411764705883 18.500000000000004 7.5000000000000009 46.379411764705893 8.5000000000000018 6114.3703124999984 20.500000000000004 0.9863035000474919 13120.487999999999 88.578431372549034 27.906862745098042 15.500000000000002
decision_type=2 2 2 2 2 2 2 2 2 2 2 2 2 2 2 2 2 2 2 2 2 2 2 2 2 2 2 2 2 2
left_child=1 12 5 9 6 15 23 11 -5 10 19 -8 13 14 -1 -2 27 -18 -6 20 28 -10 -17 -3 -15 -20 -27 -13 -4 -22
right_child=2 4 3 8 18 -7 7 -9 21 -11 -12 16 -14 24 -16 22 17 -19 25 -21 29 -23 -24 -25 -26 26 -28 -29 -30 -31
leaf_value=-0.0038244709525333143 0.011208357574988321 0.0032357713221911667 0.0017125019589125047 0.007502530960565479 -0.0019542336919026919 0.0065563232952668415 -0.0037642040292495435 0.0010348319124787342 0.0015658870125072055 0.00027047921149775389 0.0073704906262167472 -0.0028521399835954144 -0.0047164624885063294 -0.0044748012300821058 -0.00029775936973533423 0.0062848168038925015 -0.0016571252939230883 0.00033773268975890449 -0.0013060992255772702 0.0049545932338794481 -0.0019841322628073089 0.0096785760433295911 0.00050960238735908714 1.0102336116601941e-05 -0.0015331196791669112 0.0053511512428738861 -0.0018891144590919521 0.00061182256069713947 0.0066232342284241134 0.0018315939194700481
leaf_weight=137 272 453 161 415 1226 674 205 505 259 1825 291 265 537 478 243 142 734 667 789 234 293 65 348 886 95 41 72 40 101 127
leaf_count=137 272 453 161 415 1226 674 205 505 259 1825 291 265 537 478 243 142 734 667 789 234 293 65 348 886 95 41 72 40 101 127
internal_value=-0.00133535 -0.0138663 0.0164075 0.0114396 -0.00840415 0.0294363 -0.00307508 -0.00748862 0.0299324 0.00692384 0.0144454 -0.0120554 -0.0354125 -0.0289832 -0.0154856 0.0188729 -0.00937317 -0.00609843 -0.0178018 0.0087241 0.0033675 0.0147692 0.010998 0.00488806 -0.037892 -0.0105205 0.0100877 -0.0243464 0.0201521 -0.00712589
internal_weight=12580 7373 5207 3771 5883 1436 3755 2416 739 3032 1207 1911 1490 953 380 762 1706 1401 2128 916 682 324 490 1339 573 902 113 305 262 420
internal_count=12580 7373 5207 3771 5883 1436 3755 2416 739 3032 1207 1911 1490 953 380 762 1706 1401 2128 916 682 324 490 1339 573 902 113 305 262 420
is_linear=0
shrinkage=0.05


Tree=43
num_leaves=31
num_cat=0
split_feature=0 0 0 0 5 3 3 5 0 3 0 5 3 5 5 8 5 3 3 5 7 7 8 8 5 7 7 2 3 3
split_gain=1108.73 321.572 142.367 77.0338 50.2755 38.9197 39.7316 40.5121 37.3975 36.8939 34.0818 36.5789 33.1785 32.977 32.7097 32.5516 38.4737 36.8419 52.4401 29.3933 28.4079 31.667 27.1631 31.8515 24.6642 24.3712 22.2348 23.3157 22.1263 21.1511
threshold=24.05980392156863 14.100980392156865 32.254901960784316 19.691176470588239 -0.31799228562170639 19.500000000000004 8.5000000000000018 0.86113431103781346 12.24901960784314 5.5000000000000009 43.150980392156875 -0.20180236284700911 18.500000000000004 -0.099819732675876835 0.90892735371523092 0.44313120970497338 -0.0053757284505435614 18.500000000000004 8.5000000000000018 0.49812943072827093 0.75721938155395518 0.99196248624718542 -0.022576210847469604 -0.9575230291762723 -0.98523971305672675 -0.99467753128998015 0.77923869640500354 996.74803921568639 8.5000000000000018 8.5000000000000018
decision_type=2 2 2 2 2 2 2 2 2 2 2 2 2 2 2 2 2 2 2 2 2 2 2 2 2 2 2 2 2 2
left_child=1 8 5 4 29 6 22 25 -1 -6 11 -4 -11 28 15 17 -17 18 -5 -14 -13 -22 23 -2 -19 -8 27 -24 -10 -3
right_child=2 3 10 14 9 -7 7 -9 13 12 -12 20 19 -15 -16 16 -18 24 -20 -21 21 -23 26 -25 -26 -27 -28 -29 -30 -31
leaf_value=-0.0046216166093266458 -0.00029856024541645155 2.8067334205172936e-05 0.0051810394498076123 0.0011374676880071767 -0.00042997808821789167 0.0043928982729449315 -0.0054143129577883982 -0.0009926534647355142 -0.00034479744450592321 -0.002696401793101997 0.006887270698222459 0.005403428827730661 -0.0015438140654353103 -0.0033106008481765536 -0.0014807580225580875 0.0002651912376900545 -0.0020145832145642933 -0.0011056672584928984 -0.0015915486903364529 0.00015953160181339244 -0.0016295015462689966 0.0056762234302750961 0.0028533727217013305 0.0043397322851539914 0.002575409628465794 0.0016531599761111905 -0.0016883880791849271 -0.00094563870446459088 -0.0019635131589988302 -0.0014739624914046846
leaf_weight=774 128 595 562 570 486 608 46 344 189 984 327 480 115 297 475 487 444 43 528 184 138 64 331 586 326 1238 76 83 196 909
leaf_count=774 128 595 562 570 486 608 46 344 189 984 327 480 115 297 475 487 444 43 528 184 138 64 331 586 326 1238 76 83 196 909
internal_value=-0.00136753 -0.0134026 0.0168895 -0.00839434 -0.0136378 0.0111886 0.00871867 0.00362185 -0.034523 -0.0193503 0.0293575 0.0255422 -0.0237928 -0.0259151 -0.00241823 -4.1684e-05 -0.00734979 0.00459809 0 -0.00916667 0.017716 0.00197044 0.0156017 0.0218182 0.0182432 0.00770428 0.00651731 0.0110843 -0.0161917 -0.0069103
internal_weight=12613 7602 5011 6146 3273 3440 2832 1628 1456 1769 1571 1244 1283 682 2873 2398 931 1467 1098 299 682 202 1204 714 369 1284 490 414 385 1504
internal_count=12613 7602 5011 6146 3273 3440 2832 1628 1456 1769 1571 1244 1283 682 2873 2398 931 1467 1098 299 682 202 1204 714 369 1284 490 414 385 1504
is_linear=0
shrinkage=0.05


Tree=44
num_leaves=31
num_cat=0
split_feature=0 0 0 9 9 0 9 9 6 9 6 9 5 7 0 0 8 7 5 8 2 5 4 2 4 2 7 6 6 5
split_gain=1039.72 246.627 221.436 145.346 105.858 85.529 70.6954 49.2145 36.1289 35.2276 47.8813 32.1209 29.5825 29.1681 27.9286 25.211 24.0331 23.243 23.0476 28.8758 23.9716 21.4827 21.4127 28.6876 32.5115 31.834 25.1938 27.0211 26.1274 22.6101
threshold=20.111764705882354 28.273529411764709 13.626470588235295 8312.2723125000011 10045.650000000001 39.882352941176478 10170.803375 5706.7157499999985 0.39629089145655322 10700.330562500001 0.18281312110578132 5121.4499999999998 -0.29343379936893921 -0.814291907305839 24.726470588235298 11.320588235294119 -0.99940590107385374 -0.998663445439673 -0.92923668111203805 -0.94703994556331683 992.11666666666679 -0.95754239937548935 5.5000000000000009 989.3068627450981 3.5000000000000004 997.91764705882372 0.21652696009750597 -0.34234976856068178 0.04621408538533487 0.27694220057652758
decision_type=2 2 2 2 2 2 2 2 2 2 2 2 2 2 2 2 2 2 2 2 2 2 2 2 2 2 2 2 2 2
left_child=2 4 12 -3 7 9 11 14 22 10 16 -4 15 17 -2 -1 -5 -13 19 -15 21 -21 23 24 -9 26 28 -28 -25 -24
right_child=1 3 6 5 -6 -7 -8 8 -10 -11 -12 13 -14 18 -16 -17 -18 -19 -20 20 -22 -23 29 25 -26 -27 27 -29 -30 -31
leaf_value=-0.004748101951373194 0.0042099842339748004 0.0058458120121879127 0.00034611017014351267 0.0091534842284888181 -0.00062963769106454267 0.0068387773209670991 -0.0019422729099851364 -0.0028375165608323567 0.0031733669622225655 0.00099215362751385876 0.0078515312907110144 -0.0024898339044321831 -0.0043473316157683654 -0.0019001596727367871 0.010936542209099231 -0.0016093703281681111 0.00065544127956597702 0.00070613697027379079 -0.0016657315982797794 0.00099344568536349482 0.0019309584765790228 -0.00313132074316497 0.00071071901019712511 0.00058125310732494169 0.0012141886289477712 -0.0016434903301698126 0.00045492182113506809 0.0054937673521147784 -0.0015537662453289332 0.0053017396410363713
leaf_weight=282 434 714 559 58 1860 432 1342 212 188 1225 284 46 627 232 193 373 307 353 1079 40 94 40 171 506 112 222 193 246 118 118
leaf_count=282 434 714 559 58 1860 432 1342 212 188 1225 284 46 627 232 193 373 307 353 1079 40 94 40 171 506 112 222 193 246 118 118
internal_value=-0.0013743 0.0103305 -0.0189128 0.0214167 0.00300612 0.0153013 -0.0128236 0.00930361 0.00560613 0.0106667 0.0200769 -0.00775368 -0.0368667 -0.0108753 0.0215764 -0.0293445 0.00806011 0.001125 -0.0140983 -0.0039312 0.0114286 -0.00864198 0.00352817 0.00127329 -0.012 0.00462675 0.00822368 0.0173864 0.00176 0.0160345
internal_weight=12660 7593 5067 3020 4573 2306 3785 2713 2086 1874 649 2443 1282 1884 627 655 365 399 1485 406 174 80 1898 1609 324 1285 1063 439 624 289
internal_count=12660 7593 5067 3020 4573 2306 3785 2713 2086 1874 649 2443 1282 1884 627 655 365 399 1485 406 174 80 1898 1609 324 1285 1063 439 624 289
is_linear=0
shrinkage=0.05


Tree=45
num_leaves=31
num_cat=0
split_feature=0 0 0 9 9 9 0 9 6 8 6 0 1 0 2 5 6 9 9 4 0 8 0 9 5 5 6 9 9 0
split_gain=985.488 297.559 189.161 148.096 86.2353 76.6223 46.0393 41.5171 49.0517 36.2406 34.3292 29.9938 29.122 28.3337 26.2241 25.8462 24.3066 26.5533 21.7241 20.8958 20.8061 26.9391 18.9688 21.257 17.9431 17.3878 17.2726 17.0454 16.9672 18.0443
threshold=22.250000000000004 13.767647058823533 33.192156862745101 7193.7501875000025 12602.305249999996 10170.803375 26.38529411764706 10428.337125000004 0.38043945030393422 0.83730377313544024 0.99981043035926087 11.905882352941179 37.578431372549026 48.400980392156875 1002.8539215686276 -0.8041866928211282 -0.21022037796396451 4527.2620000000015 8732.300687500001 3.5000000000000004 19.633333333333336 -0.67802903493420741 36.016666666666673 11079.831250000001 0.99966190462023474 1.0000000180025095e-35 0.99681593486783593 5989.616750000002 14768.196750000001 24.652941176470595
decision_type=2 2 2 2 2 2 2 2 2 2 2 2 2 2 2 2 2 2 2 2 2 2 2 2 2 2 2 2 2 2
left_child=1 11 3 6 22 9 16 8 -5 14 12 -1 26 25 20 -14 17 -2 -13 27 -3 -22 23 -4 28 -6 -7 -19 -9 -30
right_child=2 5 4 7 13 10 -8 24 -10 -11 -12 18 15 -15 -16 -17 -18 19 -20 -21 21 -23 -24 -25 -26 -27 -28 -29 29 -31
leaf_value=-0.0043866074389082082 0.015407491894486295 -0.00050334937232795888 0.0064228865762310352 0.00088894659825830558 -0.00076750374571297195 9.918446074660415e-05 0.0069429831063061555 0.00010015796603990434 0.0051572386626032255 -0.0019989557374868517 0.0021024376594775129 -0.0014891086105032259 0.0010284761973897328 0.0085083448402036421 -0.0028879825041252002 -0.0019511803228079078 0.011269793341541285 0.0052432753135811918 -0.0030478315740743236 -0.00069484354525390377 -0.00072727374604061043 0.0010290377386230288 0.0050872209630583483 0.00087721086973571174 -0.002662885989721159 0.0034798796271169664 -0.0019185687711777942 -0.00084038072557938168 -0.0021723697580003616 -9.5579207836937752e-05
leaf_weight=709 62 1884 257 1310 92 235 564 1757 261 389 43 329 48 50 68 1419 86 189 325 237 403 567 489 81 46 375 66 79 84 139
leaf_count=709 62 1884 257 1310 92 235 564 1757 261 389 43 329 48 50 68 1419 86 189 325 237 403 567 489 81 46 375 66 79 84 139
internal_value=-0.00123774 -0.0148397 0.0130865 0.00845275 0.0296654 -0.00931095 0.0235222 0.00334908 0.00944656 -0.00478563 -0.0175773 -0.0355938 -0.0186546 0.01361 -0.00287376 -0.0215599 0.0144495 0.0106514 -0.0277863 0.00681818 -0.0021366 0.0038105 0.0396739 0.0303835 -0.00138135 0.00972222 -0.0044702 0.0163569 -0.000656234 -0.0136161
internal_weight=12643 6485 6158 4814 1344 5122 1217 3597 1571 3311 1811 1363 1768 517 2922 1467 653 567 654 505 2854 970 827 338 2026 467 301 268 1980 223
internal_count=12643 6485 6158 4814 1344 5122 1217 3597 1571 3311 1811 1363 1768 517 2922 1467 653 567 654 505 2854 970 827 338 2026 467 301 268 1980 223
is_linear=0
shrinkage=0.05


Tree=46
num_leaves=31
num_cat=0
split_feature=0 0 0 9 9 9 0 3 3 9 9 9 0 0 9 7 8 6 2 3 3 7 2 0 9 6 9 0 6 0
split_gain=935.801 221.877 215.275 104.469 85.2117 81.7456 75.1576 62.2302 58.1995 45.1262 37.9162 36.9955 36.317 31.7443 31.5415 28.0817 27.5899 28.0609 29.808 26.9849 26.5857 24.0512 26.767 23.9533 23.7945 22.3479 20.5743 20.5109 27.2173 19.8545
threshold=20.397058823529417 32.254901960784316 13.501960784313729 9733.5883750000012 13165.293374999996 10036.000000000002 24.544117647058826 8.5000000000000018 18.500000000000004 5706.7157499999985 4527.2620000000015 8312.2723125000011 34.946078431372555 48.400980392156875 10117.322062499999 -0.83377653105606597 -0.96687281075841669 -0.22700609751797865 998.21078431372564 18.500000000000004 7.5000000000000009 -0.97509344079810367 993.60294117647061 10.168627450980393 5121.4499999999998 0.9989598388634241 13504.861187500001 15.795098039215688 0.3484035575467645 24.05980392156863
decision_type=2 2 2 2 2 2 2 2 2 2 2 2 2 2 2 2 2 2 2 2 2 2 2 2 2 2 2 2 2 2
left_child=2 3 14 6 11 7 10 24 27 -8 -2 -3 -13 26 20 -12 -11 18 21 25 23 -18 -23 -1 -4 -7 -6 -9 -29 -5
right_child=1 4 5 29 13 19 9 8 -10 16 15 12 -14 -15 -16 -17 17 -19 -20 -21 -22 22 -24 -25 -26 -27 -28 28 -30 -31
leaf_value=-0.0038546010722583738 0.012816015654721836 0.0045679580817488685 0.0031851154742397942 -0.00080380940974590924 -0.0010798112844425528 -0.0021559028945204008 0.0077900314973093909 -0.0024003472034542263 0.00020846307167685652 -0.00043330116469577078 0.0017593848444716371 0.0035100186697904824 0.0062819893145325545 0.008291328833990896 -0.003992688935524665 -0.00024086165147786944 -0.003250814747450237 0.0059302307647434889 -0.005027959943993035 -0.00046796989285218877 -0.0038662836090594625 0.00255344342889213 0.0077748244997901785 -0.00094478482156073193 -8.2652284598411238e-05 0.00093408765705580159 0.0018176343339965429 -0.0021042548003649799 0.0014449593553534966 0.00020812289807536634
leaf_weight=63 90 351 220 1024 120 1177 303 262 444 171 254 296 443 45 452 1146 42 343 42 282 467 410 155 257 833 45 339 699 62 1768
leaf_count=63 90 351 220 1024 120 1177 303 262 444 171 254 296 443 45 452 1146 42 343 42 282 467 410 155 257 833 45 339 699 62 1768
internal_value=-0.00170157 0.00983249 -0.0177907 0.00525309 0.0263323 -0.0121739 0.0118025 -0.00666402 -0.0133174 0.0198364 0.00389001 0.0341888 0.0277703 0.00930693 -0.0360081 0.00185582 0.0153351 0.0185297 0.0123846 -0.0213953 -0.0298858 0.0152138 0.0179329 -0.0186916 0.00260911 -0.0246116 0.00532609 -0.019873 -0.0156824 -0.00168278
internal_weight=12605 7342 5263 5748 1594 4024 2956 2520 1467 1466 1490 1090 739 504 1239 1400 1163 992 649 1504 787 607 565 320 1053 1222 459 1023 761 2792
internal_count=12605 7342 5263 5748 1594 4024 2956 2520 1467 1466 1490 1090 739 504 1239 1400 1163 992 649 1504 787 607 565 320 1053 1222 459 1023 761 2792
is_linear=0
shrinkage=0.05


Tree=47
num_leaves=31
num_cat=0
split_feature=0 0 9 0 9 0 9 2 1 9 7 0 2 0 6 8 9 7 5 9 6 9 0 2 0 2 5 5 6 9
split_gain=920.157 319.593 124.573 112.625 74.5016 65.9189 51.5588 44.919 49.1605 38.367 34.9601 33.4531 33.3394 31.9723 31.721 31.6334 30.9339 29.932 36.7019 32.4155 40.0874 29.0462 27.1192 26.3849 25.1115 24.7563 25.2011 24.7056 24.5731 24.9594
threshold=24.214705882352945 13.990196078431374 7615.2225625000019 39.220588235294123 10170.803375 29.269607843137258 10117.322062499999 982.7735294117648 71.460784313725512 10982.71075 -0.96235977360714686 11.320588235294119 997.72843137254915 15.624509803921571 -0.95998493203694346 -0.9575230291762723 13193.419375000003 -0.030099068566675755 0.94978112945126536 13249.7464375 0.98899263613956456 9901.3638125000016 18.514705882352946 994.70686274509819 27.440196078431377 992.69509803921585 -0.8041866928211282 0.52766072109828632 0.56191161272202661 5285.7776249999997
decision_type=2 2 2 2 2 2 2 2 2 2 2 2 2 2 2 2 2 2 2 2 2 2 2 2 2 2 2 2 2 2
left_child=1 6 5 7 14 12 11 -4 21 24 -6 -1 -2 -12 -3 -16 -5 19 27 20 25 -9 -17 -23 -10 26 -15 -19 29 -13
right_child=2 4 3 16 10 -7 -8 8 9 -11 13 28 -14 17 15 22 -18 18 -20 -21 -22 23 -24 -25 -26 -27 -28 -29 -30 -31
leaf_value=-0.0040219922153561056 0.0063883235621899296 -0.0015733203833232401 -0.00061270438733326826 0.0058344416991014895 -0.0028733459190262364 0.00456290474244534 -0.0038092239090569743 0.0022676273053467617 0.0013018627502205061 0.0011874678999651556 -0.0016913194991452969 -0.00043876516302687328 -0.0022247542366821359 0.0013063407040391261 -0.0017158037684504093 -0.00074396524715835972 0.0035543970493484623 -0.001573855530506848 -0.0020209136543872324 -0.0015548419934977471 0.0060266368251769486 0.0008889072346666472 0.00045918487027098165 -0.0014162602593773832 0.0069022957445643912 0.00069768332381198173 -0.0019864157108556882 -0.00026257767716614532 0.0026316837060940262 -0.0024592298050533229
leaf_weight=335 640 461 559 273 142 517 520 456 219 925 291 170 67 52 468 1273 194 500 174 134 50 292 1811 320 420 293 181 435 43 389
leaf_count=335 640 461 559 273 142 517 520 456 219 925 291 170 67 52 468 1273 194 500 174 134 50 292 1811 320 420 293 181 435 43 389
internal_value=-0.0014042 -0.0121455 0.0155847 0.0109593 -0.00723747 0.0293878 -0.0332305 0.00759712 0.0103304 0.0159744 -0.014514 -0.0261727 0.0194209 -0.0128849 -0.00315147 -0.00154799 0.0338675 -0.0104121 -0.0155405 -0.002391 0.00277296 0.002058 0.000291734 -0.0050571 0.0253906 -0.00132827 -0.0134615 -0.0115919 -0.0190713 -0.021875
internal_weight=12604 7722 4882 3658 6265 1224 1457 3191 2632 1564 2252 937 707 2110 4013 3552 467 1819 1109 710 576 1068 3084 612 639 526 233 935 602 559
internal_count=12604 7722 4882 3658 6265 1224 1457 3191 2632 1564 2252 937 707 2110 4013 3552 467 1819 1109 710 576 1068 3084 612 639 526 233 935 602 559
is_linear=0
shrinkage=0.05


Tree=48
num_leaves=31
num_cat=0
split_feature=0 0 9 0 9 3 3 0 9 2 3 1 9 0 6 7 0 7 7 3 3 9 9 0 0 9 7 3 6 3
split_gain=855.026 321.802 148.051 122.191 82.9067 69.9127 88.6113 54.1729 52.1351 43.2071 42.5022 37.8304 38.6638 37.0143 34.0432 31.4631 29.689 28.132 27.674 27.5087 41.6093 27.4725 26.9767 26.3156 25.8819 23.2867 30.1467 22.7633 33.4662 27.287
threshold=24.797058823529415 13.990196078431374 7615.2225625000019 39.220588235294123 10170.803375 8.5000000000000018 17.500000000000004 29.269607843137258 10117.322062499999 982.7735294117648 6.5000000000000009 71.774509803921589 10982.71075 10.636274509803924 -0.98801846520836312 -0.45943279258162384 33.632352941176478 -0.89405649444168434 -0.98523971305672675 17.500000000000004 10.500000000000002 14840.974999999997 4022.0499999999988 30.89901960784314 23.018627450980397 5706.7157499999985 0.65231507897944274 5.5000000000000009 0.81800285027139297 15.500000000000002
decision_type=2 2 2 2 2 2 2 2 2 2 2 2 2 2 2 2 2 2 2 2 2 2 2 2 2 2 2 2 2 2
left_child=1 8 7 9 5 15 17 25 10 -4 13 16 23 -1 -8 -3 27 18 -7 20 -6 -5 -19 -13 -17 -2 -27 28 -11 -29
right_child=2 4 3 21 19 6 14 -9 -10 11 -12 12 -14 -15 -16 24 -18 22 -20 -21 -22 -23 -24 -25 -26 26 -28 29 -30 -31
leaf_value=-0.0032963767149188196 0.0088608249120857244 -0.000456032936437234 -0.00059392497147591763 0.005730608612252764 -0.00087834170997734551 -0.0014393239203389101 -0.0048152184826508737 0.0044482702958871306 -0.0035932769014771202 0.0033911338325876062 -0.0031647184415276087 0.0034419472745586713 0.001085304652964242 -4.7507454194262168e-05 0.00052099511636461012 0.00062330396555631553 0.005371681135222706 0.0031209878410594031 0.0015546672201350586 -0.00038644617375781373 -0.0028453388520634005 -4.3520122114160123e-05 -0.0021907211110436531 0.0068707363328605834 0.0037125607944456882 0.0058487186160729098 -0.0030936016118374432 -0.001828273476335668 -0.0026985297967730445 0.00078305240612151219
leaf_weight=79 210 513 553 397 1125 82 63 520 527 149 607 361 870 252 1002 981 132 44 95 597 681 50 1253 212 170 298 87 302 46 334
leaf_count=79 210 513 553 397 1125 82 63 520 527 149 607 361 870 252 1002 981 132 44 95 597 681 50 1253 212 170 298 87 302 46 334
internal_value=-0.00162789 -0.0113788 0.0157784 0.0105958 -0.00667474 -0.00243815 -0.00765748 0.031586 -0.0325716 0.00690878 -0.0254526 0.00980474 0.0149238 -0.010994 0.00333021 0.00552553 0.00212656 -0.0155932 0.00308989 -0.0140807 -0.0171555 0.034933 -0.0181433 0.025 0.0101128 0.0212248 0.0138601 -0.00138221 0.0135204 -0.00596546
internal_weight=12592 8071 4521 3406 6606 4203 2539 1115 1465 2959 938 2406 1443 331 1065 1664 963 1474 177 2403 1806 447 1297 573 1151 595 385 831 195 636
internal_count=12592 8071 4521 3406 6606 4203 2539 1115 1465 2959 938 2406 1443 331 1065 1664 963 1474 177 2403 1806 447 1297 573 1151 595 385 831 195 636
is_linear=0
shrinkage=0.05


Tree=49
num_leaves=31
num_cat=0
split_feature=0 0 0 9 9 0 0 5 9 3 3 0 3 3 3 3 7 5 4 9 7 6 5 7 9 4 7 7 8 8
split_gain=765.758 244.98 178.578 114.722 94.1971 69.7399 59.9488 55.1817 45.0576 38.0649 47.1336 32.6287 31.0507 31.0392 27.7729 44.9823 26.8988 26.5916 24.9337 24.5242 28.9594 24.4505 23.6088 26.1046 35.5493 37.8633 22.7354 36.7041 23.3302 31.0809
threshold=21.765686274509807 14.927450980392159 33.632352941176478 7193.7501875000025 12602.305249999996 28.140196078431376 11.320588235294119 -0.099819732675876835 11170.814437500003 8.5000000000000018 19.500000000000004 43.150980392156875 7.5000000000000009 18.500000000000004 6.5000000000000009 18.500000000000004 0.9962888416657264 0.99966190462023474 3.5000000000000004 12173.294062500003 -0.93545056548590078 0.83258597624099873 0.89787622492179153 -0.95753797188986722 14156.373874999988 2.5000000000000004 0.878110924644389 0.34841060557183762 -0.77245419167776552 -0.83377508534904698
decision_type=2 2 2 2 2 2 2 2 2 2 2 2 2 2 2 2 2 2 2 2 2 2 2 2 2 2 2 2 2 2
left_child=1 6 3 5 -4 9 -1 12 14 -2 -11 -6 18 -14 -3 -16 17 19 -8 26 -21 -22 23 -10 -25 -26 27 28 29 -5
right_child=2 8 4 16 11 -7 7 -9 22 10 -12 -13 13 -15 15 -17 -18 -19 -20 20 21 -23 -24 24 25 -27 -28 -29 -30 -31
leaf_value=-0.0038765872899153954 0.0055769085516904739 0.00036636630722430288 0.0042835722154270454 0.0004474885469937906 0.00046319973877998469 0.0056430594291777382 0.00070128304416269133 -0.0026652526291837137 -0.002938384073269751 -0.00069974179468788595 0.0052770295154974285 0.0063569640781469877 -0.0021503931306851606 -0.00011942307116744322 -0.0014172096875151475 0.0003966237058408817 -0.0030537412118813337 -0.0026800707806244137 -0.0010785821235927487 -0.0047157239368856244 0.00086764580581490396 -0.00067114544893604746 -0.0020023176395331135 7.5137643679479288e-05 -0.00028281874331303748 -0.0018357710333293531 -0.00093424740171635942 0.0040898708038699383 0.0016441589970460275 -0.0024946295454933822
leaf_weight=531 293 949 737 814 353 372 218 570 86 473 217 139 321 113 1452 631 50 68 121 67 667 742 215 471 223 272 53 290 978 120
leaf_count=531 293 949 737 814 353 372 218 570 86 473 217 139 321 113 1452 631 50 68 121 67 667 742 215 471 223 272 53 290 978 120
internal_value=-0.000872531 -0.0134516 0.0111983 0.00714697 0.0283333 0.0196534 -0.0285333 -0.0228795 -0.00687209 0.0126524 0.00622287 0.011359 -0.0141473 -0.0229885 -0.00356083 -0.00678983 0.00274026 0.00322368 -0.00279412 0.00379153 -0.00121869 0.000319149 -0.0147871 -0.0116809 -0.00930714 -0.0186492 0.00707004 0.00785293 0.00533194 -0.000320856
internal_weight=12606 6173 6433 5204 1229 1355 1874 1343 4299 983 690 492 773 434 3032 2083 3849 3799 339 3731 1476 1409 1267 1052 966 495 2255 2202 1912 934
internal_count=12606 6173 6433 5204 1229 1355 1874 1343 4299 983 690 492 773 434 3032 2083 3849 3799 339 3731 1476 1409 1267 1052 966 495 2255 2202 1912 934
is_linear=0
shrinkage=0.05


Tree=50
num_leaves=31
num_cat=0
split_feature=0 0 0 3 3 5 5 0 3 7 2 3 0 2 1 2 2 1 8 0 5 1 3 3 2 5 7 5 0 8
split_gain=789.571 306.927 116.866 73.5082 115.601 61.7352 57.8445 49.772 37.2113 32.607 31.6887 31.4141 30.4732 28.1076 26.4596 32.3184 25.2562 24.3138 28.8733 23.3975 22.8709 22.2295 34.0806 43.4291 35.4912 25.2113 23.4766 20.8936 23.4724 20.2768
threshold=24.544117647058826 13.767647058823533 39.220588235294123 5.5000000000000009 18.500000000000004 0.022575936829235418 -0.20180236284700911 30.89901960784314 7.5000000000000009 0.24998082458982465 983.26176470588246 8.5000000000000018 10.168627450980393 997.2656862745099 63.950980392156872 997.41078431372569 1000.7549019607844 92.049019607843164 0.44313120970497338 21.215686274509807 0.72695311118111527 70.225490196078439 7.5000000000000009 18.500000000000004 997.19705882352957 0.83376496542330847 -0.82415234898030387 -0.97876850416056738 19.339215686274514 0.71953727073011831
decision_type=2 2 2 2 2 2 2 2 2 2 2 2 2 2 2 2 2 2 2 2 2 2 2 2 2 2 2 2 2 2
left_child=1 8 6 16 5 11 7 9 12 14 -8 -5 -1 -11 15 -2 -3 18 -6 -7 29 22 24 -24 25 -12 -23 -13 -29 -4
right_child=2 3 20 4 17 19 10 -9 -10 13 21 27 -14 -15 -16 -17 -18 -19 -20 -21 -22 26 23 -25 -26 -27 -28 28 -30 -31
leaf_value=-0.0033259092413909092 -0.0019968176401660266 0.00038784922513948605 0.0037057897162934509 0.0004170292792930741 0.00046889181838928319 -0.0023336386670257422 -0.00058512868162806375 0.0038868153478216708 -0.003397276964784961 0.006439377507532912 0.00012310792560617234 -0.0025426076709224757 -0.0010747223869624109 -0.003590898326300879 0.0017870202009702464 0.0035699599323858384 -0.00087980335677455561 0.0022371851586548658 -0.00085594718980606943 -0.0012564079403907748 0.00019758885692006123 0.0055616904696566887 -0.00160310534928855 0.0022465548179362942 -0.0015295091737512036 0.0050083845004381461 0.0015684774100665475 -0.0015441346332768808 -0.00032863802090287445 0.0050802103713591291
leaf_weight=101 102 1574 343 463 892 1091 442 631 829 462 56 184 431 42 576 40 135 82 433 488 43 93 374 222 72 136 836 632 568 191
leaf_count=101 102 1574 343 463 892 1091 442 631 829 462 56 184 431 42 576 40 135 82 433 488 43 93 374 222 72 136 836 632 568 191
internal_value=-0.00112216 -0.0107477 0.0151973 -0.00625096 -0.00940215 -0.0143566 0.0122154 0.0187433 -0.0323421 0.0128373 0.00678763 -0.00814394 -0.0219512 0.0225743 0.00598053 -0.0132867 0.00266082 0.00266335 0.0010181 -0.0216139 0.0362457 0.0097486 0.0039489 -0.00268007 0.0188679 0.0300518 0.0151075 -0.0119134 -0.00949209 0.0390654
internal_weight=12564 7903 4661 6542 4833 3426 4084 1853 1361 1222 2231 1847 532 504 718 142 1709 1407 1325 1579 577 1789 860 596 264 192 929 1384 1200 534
internal_count=12564 7903 4661 6542 4833 3426 4084 1853 1361 1222 2231 1847 532 504 718 142 1709 1407 1325 1579 577 1789 860 596 264 192 929 1384 1200 534
is_linear=0
shrinkage=0.05


Tree=51
num_leaves=31
num_cat=0
split_feature=9 1 9 3 3 9 7 5 5 7 1 5 7 9 5 7 5 9 6 6 1 4 6 5 9 4 7 8 6 1
split_gain=145.927 104.381 76.6079 75.8444 146.429 74.5019 52.0532 53.9473 44.6932 40.3018 37.404 34.2495 33.1769 32.6739 35.4904 30.2647 51.1437 31.5476 30.0149 35.0168 26.1042 38.5186 35.5354 49.0721 51.0986 44.0367 25.1266 27.1227 24.2254 25.0591
threshold=14580.972874999998 81.813725490196092 4577.2022500000021 17.500000000000004 7.5000000000000009 7465.1644374999951 0.18281681932135149 -0.74441730022405961 0.86113431103781346 0.99463153969809781 49.401960784313736 0.99700008544936913 0.88618201382888007 10117.322062499999 0.77244481603295057 0.31596169403973995 -0.94139628442229062 6114.3703124999984 -0.59177783207548873 -0.33426211444629356 47.00980392156864 2.5000000000000004 0.96407344085605606 -0.13398594226331254 15048.991749999999 2.5000000000000004 -0.99629805505515945 -0.93543596745397617 0.95936279103287792 21.519607843137262
decision_type=2 2 2 2 2 2 2 2 2 2 2 2 2 2 2 2 2 2 2 2 2 2 2 2 2 2 2 2 2 2
left_child=1 2 9 4 13 6 -3 -8 12 -1 -11 -10 26 14 15 -4 -17 -18 -5 -20 21 -2 -22 -24 25 -25 -6 -28 29 -15
right_child=20 5 3 18 8 -7 7 -9 11 10 -12 -13 -14 28 -16 16 17 -19 19 -21 22 -23 23 24 -26 -27 27 -29 -30 -31
leaf_value=0.0045021034840735333 -0.00038348790355326596 0.0030645484479216614 -0.00040604660181743635 -0.00078354888246287698 -0.0042462590530498142 0.00061270816608133413 0.0033188020154171663 -0.0029509745305842357 -0.003073233511774855 0.004891994153102739 -0.0023044327917352671 5.551956835054828e-05 -0.002804437526441184 0.0025392880029327216 0.0019270028700488634 0.0041201755700171067 0.0015050151134168189 -0.0013904930327349797 0.0028659951525465965 0.00059097969634729075 -0.0016579590927080238 -0.0033162528467793177 0.0016969692342687027 0.0035196212546015852 -0.0036666639013096416 -0.0015395256756684851 -0.0027277956178890627 -0.0006970748095354633 0.0013373829595604301 -0.00095650616254934354
leaf_weight=312 120 329 740 576 82 2736 169 116 606 41 59 115 339 50 396 98 421 120 211 1199 444 231 152 76 81 135 230 1742 112 577
leaf_count=312 120 329 740 576 82 2736 169 116 606 41 59 115 339 50 396 98 421 120 211 1199 444 231 152 76 81 135 230 1742 112 577
internal_value=-0.00101062 0.000764701 -0.00232964 -0.00346684 -0.00643098 0.00817666 0.0239024 0.00821678 -0.0136758 0.0186441 -0.00891089 -0.0245845 -0.0103801 0.00254473 0.00622185 0.00242754 0.0103906 0.00433579 0.00493206 0.00885897 -0.0172984 -0.0288352 -0.0127109 -0.00269663 -0.0146758 -0.00165094 -0.00798054 -0.00684237 -0.00628378 -0.0101115
internal_weight=12615 11376 8026 7614 5628 3350 614 285 3114 412 100 721 2393 2514 1775 1379 639 541 1986 1410 1239 351 888 444 292 211 2054 1972 739 627
internal_count=12615 11376 8026 7614 5628 3350 614 285 3114 412 100 721 2393 2514 1775 1379 639 541 1986 1410 1239 351 888 444 292 211 2054 1972 739 627
is_linear=0
shrinkage=0.05


Tree=52
num_leaves=31
num_cat=0
split_feature=0 0 9 0 0 9 3 3 0 5 9 6 9 6 0 9 1 2 1 9 2 6 9 1 0 2 3 3 3 9
split_gain=744.583 271.581 128.418 109.258 95.6742 79.0552 58.7036 68.1152 47.584 52.3839 41.7004 49.4156 40.5484 35.0424 33.5842 33.3901 31.4937 40.6206 28.3073 28.0995 26.7658 25.709 24.1011 23.5754 23.0226 21.2881 20.9581 20.1817 23.8577 21.7338
threshold=24.214705882352945 14.100980392156865 7909.5876875000004 39.220588235294123 29.269607843137258 10036.000000000002 7.5000000000000009 20.500000000000004 11.107843137254905 -0.099819732675876835 10700.330562500001 0.38043945030393422 14840.974999999997 0.19969739736768838 31.050000000000004 5706.7157499999985 36.401960784313736 1001.6568627450981 63.950980392156872 6422.4555 993.08333333333337 -0.95998493203694346 8332.7556875000028 87.558823529411782 15.426470588235295 991.50882352941187 8.5000000000000018 2.5000000000000004 17.500000000000004 15273.324999999999
decision_type=2 2 2 2 2 2 2 2 2 2 2 2 2 2 2 2 2 2 2 2 2 2 2 2 2 2 2 2 2 2
left_child=1 8 4 10 15 6 19 13 -1 18 11 14 -5 21 -4 -2 17 25 -10 -3 -16 -8 -23 -24 -18 -7 -17 -26 -29 -30
right_child=2 5 3 12 -6 16 7 -9 9 -11 -12 -13 -14 -15 20 26 24 -19 -20 -21 -22 22 23 -25 27 -27 -28 28 29 -31
leaf_value=-0.0035536780129201101 0.00776317231387374 0.0031214915915613374 0.00037625301943802758 0.004941082733431185 0.0038492676748371315 -0.0023872372831266367 -0.0029922500947462531 0.00097524791252616709 -0.00024774379560694104 -0.0024783154059050587 0.0001404275419962464 0.0056681442001427669 -0.00076170367847646638 0.0004851573375108706 0.0067740621348333701 0.0052517073843383784 -0.0019538947303154872 -0.0016191627327920316 -0.0020001111685268936 0.00014638684997768243 -0.00019181020934002093 -0.00086492775130460895 -0.0021199124032725961 0.0013254907997234029 4.6465082881956557e-05 0.0010121687596165447 0.00043972689334406125 -0.0016476496418291111 -0.0001554201415310319 -0.0019373743503379533
leaf_weight=488 260 484 670 420 571 45 204 501 320 444 1897 306 57 266 160 141 206 95 230 898 56 1020 356 58 206 262 372 1106 433 43
leaf_count=488 260 484 670 420 571 45 204 501 320 444 1897 306 57 266 160 141 206 95 230 898 56 1020 356 58 206 262 372 1106 433 43
internal_value=-0.000783238 -0.0105205 0.0144166 0.00944772 0.0275836 -0.00591041 -0.00141235 -0.00613051 -0.029737 -0.0234171 0.00600324 0.0133277 0.0316946 -0.0104462 0.00732807 0.0160853 -0.0130163 -0.000248139 -0.0130672 0.00679682 0.024424 -0.0131788 -0.0108014 -0.0209639 -0.015589 0.0086039 0.00865759 -0.0137507 -0.0156665 -0.00628931
internal_weight=12575 7665 4910 3566 1344 6183 3787 2405 1482 994 3089 1192 477 1904 886 773 2396 402 550 1382 216 1638 1434 414 1994 307 513 1788 1582 476
internal_count=12575 7665 4910 3566 1344 6183 3787 2405 1482 994 3089 1192 477 1904 886 773 2396 402 550 1382 216 1638 1434 414 1994 307 513 1788 1582 476
is_linear=0
shrinkage=0.05


Tree=53
num_leaves=31
num_cat=0
split_feature=0 0 9 0 9 0 3 3 0 9 9 8 6 0 6 3 9 6 7 5 9 5 3 3 3 0 4 6 6 0
split_gain=705.578 297.326 156.16 84.1859 81.8306 65.9613 59.9745 79.7662 46.4446 36.4204 31.7359 49.3707 31.6963 27.9059 26.9405 36.8394 25.0555 23.5898 22.5528 30.9203 32.2178 27.8013 26.2841 26.1117 25.3308 22.3314 21.4812 21.1626 19.9325 18.7315
threshold=26.016666666666669 13.098039215686276 9302.3970625000002 41.504901960784323 10170.803375 29.659803921568628 6.5000000000000009 19.500000000000004 15.426470588235295 10117.322062499999 10736.109750000001 -0.92923506988415838 0.70747208174348741 10.168627450980393 0.51849435583340198 8.5000000000000018 5706.7157499999985 -0.95998493203694346 -0.96235977360714686 0.022575936829235418 15373.275 -0.15101209918632377 3.5000000000000004 17.500000000000004 10.500000000000002 23.828431372549023 2.5000000000000004 0.77108682076304769 0.90438663683299525 23.357843137254907
decision_type=2 2 2 2 2 2 2 2 2 2 2 2 2 2 2 2 2 2 2 2 2 2 2 2 2 2 2 2 2 2
left_child=1 9 5 10 6 16 -3 12 27 13 11 -4 17 -1 15 -15 -2 -8 29 20 21 -20 -21 24 -24 -26 -23 -6 -13 -10
right_child=2 4 3 -5 8 -7 7 -9 18 -11 -12 28 -14 14 -16 -17 -18 -19 19 22 -22 26 23 -25 25 -27 -28 -29 -30 -31
leaf_value=-0.0034286465275822232 0.0060331311202330602 0.0006144477200957344 -0.00050314311358828359 0.0048392356392750972 -0.0024106417569953343 0.0037028282649813286 -0.0024630976676925406 0.00077731660845341277 -0.0026617808095410395 -0.0032089062318412659 0.00028577540951467417 0.0042745757955873435 0.0055828162898371369 -0.00078681656101339261 0.0016841578938634862 -0.0031168917131121675 0.0030500948027782585 -0.0010801401630459785 -0.0001248470623354231 8.7610732263640467e-05 -0.002603700058253001 -8.0830137372020494e-05 -0.0010433032298690498 -0.0003487060141770873 -0.0030269827568442445 -0.00067456356596175 0.0041853277124401416 -0.0010065179503607816 0.0056420440187470557 0.00012201811557433496
leaf_weight=176 151 1486 179 319 179 706 258 838 107 392 1598 400 50 231 45 234 475 2159 555 245 42 51 440 404 340 96 86 201 78 42
leaf_count=176 151 1486 179 319 179 706 258 838 107 392 1598 400 50 231 45 234 475 2159 555 245 42 51 440 404 340 96 86 201 78 42
internal_value=-0.00084766 -0.00880688 0.0167904 0.00959223 -0.00531003 0.0306827 -0.00134599 -0.00509679 -0.012119 -0.0333642 0.00618351 0.0154255 -0.00962318 -0.0263464 -0.0203523 -0.023927 0.0188198 -0.0104425 -0.00954753 -0.00829646 0.000136054 0.0027417 -0.0123526 -0.0152225 -0.0200684 -0.0286041 0.0228261 -0.0283465 0.0237996 -0.0283333
internal_weight=12563 8657 3906 2574 7579 1332 4791 3305 2788 1078 2255 657 2467 686 510 465 626 2417 2408 2259 734 692 1525 1280 876 436 137 380 478 149
internal_count=12563 8657 3906 2574 7579 1332 4791 3305 2788 1078 2255 657 2467 686 510 465 626 2417 2408 2259 734 692 1525 1280 876 436 137 380 478 149
is_linear=0
shrinkage=0.05


Tree=54
num_leaves=31
num_cat=0
split_feature=0 0 0 3 3 6 6 0 0 7 6 0 3 3 6 3 7 7 8 1 0 7 1 6 1 6 4 2 3 3
split_gain=667.646 287.071 116.327 81.3908 108.585 76.5845 50.9121 43.0514 41.2072 41.1833 27.9334 27.7001 26.2365 32.3565 43.322 23.6462 23.3799 28.6042 22.6682 22.3044 21.4037 21.2617 20.8983 22.3483 23.5885 18.7309 18.2765 17.774 17.7379 22.9631
threshold=25.397058823529417 13.098039215686276 39.220588235294123 7.5000000000000009 18.500000000000004 -0.19337245081799007 -0.039769286347669845 15.795098039215688 29.269607843137258 -0.40614512594453095 0.7254836971458194 11.320588235294119 16.500000000000004 8.5000000000000018 0.63089349388778826 8.5000000000000018 -0.45943279258162384 -0.61237701952678392 -0.9575230291762723 63.950980392156872 22.709803921568632 -0.2270106897347694 88.578431372549034 -0.98801846520836312 47.970588235294123 0.92519182738459482 1.0000000180025095e-35 997.72843137254915 19.500000000000004 6.5000000000000009
decision_type=2 2 2 2 2 2 2 2 2 2 2 2 2 2 2 2 2 2 2 2 2 2 2 2 2 2 2 2 2 2
left_child=1 10 5 6 7 8 16 -5 27 19 11 -1 13 14 18 -13 17 -3 -11 -7 21 -18 23 -6 -25 -4 -8 28 29 -2
right_child=2 3 25 4 22 9 26 -9 -10 12 -12 15 -14 -15 -16 -17 20 -19 -20 -21 -22 -23 -24 24 -26 -27 -28 -29 -30 -31
leaf_value=-0.0029687984377593487 0.0054774722931349336 0.00026859362409274999 0.0030759047236073034 -0.0020121155025482891 -0.0047786687980825851 -0.00042632358473365108 0.00084011306043163265 -0.001282186557802624 0.0041218277260137047 0.00055706721364581768 -0.0030282581423778723 -0.00044366038210188476 0.001737161309978727 -0.00099438370042385102 -0.00071378363305269485 -0.0025845573438554393 0.0018106325620693463 -0.0020491444896889618 0.0028783586609323537 0.0030248789988020553 0.004056737788747578 0.00058142666544507839 0.0013778762344336575 0.00078921546107903759 -0.00035955005458593873 0.0043065485258517947 -0.00055878636676716387 -0.003192766029016525 0.0068430195660907139 0.0015235081801080741
leaf_weight=386 142 259 391 574 58 103 186 2596 447 143 270 199 556 619 273 238 94 67 214 754 161 706 160 514 817 203 1068 42 102 305
leaf_count=386 142 259 391 574 58 103 186 2596 447 143 270 199 556 619 273 238 94 67 214 754 161 706 160 514 817 203 1068 42 102 305
internal_value=-0.000747154 -0.00898372 0.0152736 -0.00538493 -0.00926907 0.0119697 0.00182927 -0.0145695 0.0234841 0.00747278 -0.0328611 -0.028216 0.00318383 -0.00084 0.00713154 -0.0195205 0.00881211 -0.00275229 0.0185754 0.0164918 0.0127339 0.0093633 0.00158065 -0.000395683 0.000938438 0.0357983 -0.00533865 0.0147804 0.0171818 0.0128348
internal_weight=12647 8353 4294 7260 4719 3700 2541 3170 1038 2662 1093 823 1805 1249 630 437 1287 326 357 857 961 800 1549 1389 1331 594 1254 591 549 447
internal_count=12647 8353 4294 7260 4719 3700 2541 3170 1038 2662 1093 823 1805 1249 630 437 1287 326 357 857 961 800 1549 1389 1331 594 1254 591 549 447
is_linear=0
shrinkage=0.05


Tree=55
num_leaves=31
num_cat=0
split_feature=0 0 0 9 9 9 0 3 3 0 9 3 3 5 8 9 9 0 4 0 4 8 1 9 7 1 7 7 7 4
split_gain=659.043 234.807 164.57 116.324 93.8729 79.3646 54.806 48.1622 44.4984 41.176 39.7047 35.9589 39.132 35.8932 28.3107 26.8424 25.9759 24.2237 23.4951 22.5248 22.4336 38.7411 35.408 23.4818 25.6638 22.2648 20.026 21.0602 19.9294 19.7748
threshold=21.765686274509807 12.697058823529414 31.383333333333336 8312.2723125000011 8850.8481250000023 7193.7501875000025 41.504901960784323 19.500000000000004 8.5000000000000018 28.273529411764709 13246.1105625 7.5000000000000009 20.500000000000004 0.99966190462023474 0.83730377313544024 10117.322062499999 4577.2022500000021 14.927450980392159 3.5000000000000004 9.8921568627451002 2.5000000000000004 -0.55656394595157355 85.049019607843164 4832.8999999999996 0.88618201382888007 70.225490196078439 -0.92273922871446856 -0.42180583328916638 -0.86976336936302323 3.5000000000000004
decision_type=2 2 2 2 2 2 2 2 2 2 2 2 2 2 2 2 2 2 2 2 2 2 2 2 2 2 2 2 2 2
left_child=1 15 5 -4 14 9 10 8 28 11 26 -2 16 -7 20 19 -13 -10 -18 -1 21 -3 23 -22 29 -20 -5 -28 -6 -25
right_child=2 4 3 6 7 13 -8 -9 17 -11 -12 12 -14 -15 -16 -17 18 -19 25 -21 22 -23 -24 24 -26 -27 27 -29 -30 -31
leaf_value=-0.0032008147893859088 0.0050269585464224331 -0.0024306975652604885 0.0029652446951001499 -0.00043394442806132528 -0.001842962326896544 0.00028909317631654332 0.0043965626251711801 4.2052141612357322e-05 -0.0027897577170671109 0.0049819648134302175 -0.00014010293636712579 0.0094209545079841361 0.0052954483033692719 -0.0027493892885919859 -0.0011149960592206048 -0.0029061824829638332 0.0014141259151273955 -0.0018232735731722113 -0.0047212991953127842 -0.0019766222316536415 0.0021077562041072473 6.9903395090183115e-05 0.003128434197667976 0.0011339243963811752 -0.0021207886919778736 0.00095103171850612067 0.0045783574905098549 0.0022479978580808302 -0.00049154170539722486 -0.00021870869701586597
leaf_weight=143 285 256 430 84 74 3340 352 389 210 237 395 47 155 66 378 356 255 923 139 454 275 670 166 197 151 78 233 387 901 614
leaf_count=143 285 256 430 84 74 3340 352 389 210 237 395 47 155 66 378 356 255 923 139 454 275 670 166 197 151 78 233 387 901 614
internal_value=-0.000229412 -0.0119438 0.0108961 0.0233528 -0.00776177 0.00580056 0.0165634 -0.0147518 -0.0177335 0.0168755 0.0110455 0.0122396 0.00592593 0.00190784 -0.00131093 -0.0347484 -0.000673077 -0.0244709 -0.00422833 -0.0281773 0.000751073 -0.00528587 0.00473647 0.00181745 -0.00186916 -0.0162844 0.018156 0.021256 -0.0098873 0.00166256
internal_weight=12640 6157 6483 1881 5204 4602 1451 2497 2108 1196 1099 959 674 3406 2707 953 519 1133 472 597 2329 926 1403 1237 962 217 704 620 975 811
internal_count=12640 6157 6483 1881 5204 4602 1451 2497 2108 1196 1099 959 674 3406 2707 953 519 1133 472 597 2329 926 1403 1237 962 217 704 620 975 811
is_linear=0
shrinkage=0.05


Tree=56
num_leaves=31
num_cat=0
split_feature=0 0 9 0 0 3 3 9 9 0 0 6 9 7 2 6 9 2 1 6 9 9 3 6 7 3 7 9 9 2
split_gain=616.875 266.584 126.517 103.656 84.2925 70.3608 90.585 39.1687 38.5782 65.0075 31.7053 31.2908 29.705 34.1492 26.1917 25.6387 24.3982 23.1243 22.8569 22.5736 26.4597 24.5669 21.6827 21.6605 21.2886 20.1894 19.4912 24.4158 21.685 18.9305
threshold=24.214705882352945 12.697058823529414 7615.2225625000019 41.504901960784323 29.269607843137258 5.5000000000000009 18.500000000000004 9189.8500000000004 11681.942812499996 33.632352941176478 15.138235294117649 0.90438663683299525 5706.7157499999985 0.65231507897944274 991.12352941176471 -0.099822328936730861 10117.322062499999 999.54313725490204 92.049019607843164 0.1318557721318592 11061.174437499998 12173.294062500003 8.5000000000000018 -0.95998493203694346 -0.69057042736241547 15.500000000000002 -0.97876850416056738 6713.7418749999979 7193.7501875000025 987.19313725490213
decision_type=2 2 2 2 2 2 2 2 2 2 2 2 2 2 2 2 2 2 2 2 2 2 2 2 2 2 2 2 2 2
left_child=1 16 4 8 12 15 7 22 9 11 -9 -4 -2 26 -12 29 -1 18 -8 20 -16 24 -7 -24 -21 -15 -14 -28 -29 -3
right_child=2 5 3 -5 -6 6 17 10 -10 -11 14 -13 13 25 19 -17 -18 -19 -20 21 -22 -23 23 -25 -26 -27 27 28 -30 -31
leaf_value=-0.0021817991261219903 0.006619716442665069 -0.0019221101799346526 0.00075513746873119569 0.0041349227247297398 0.0028102025542484088 0.0001532139769881008 0.00027906298792101383 -0.0022861712666036372 0.00011867296049279525 0.0049422024321364721 -0.0020918038910107905 0.0051385880656956351 -0.0017667753425699097 -0.0054743699699371096 -0.00238826584829992 -0.0002703591952961798 -0.0028210130529373284 -0.00092074150398534097 0.0025860880649292012 -0.0007717280656099585 2.1188674997568715e-05 -0.00099753294636415607 -0.0024297951559040607 -0.00085153091101673327 0.0013805671143636011 0.001866167505214822 0.00141484157364484 0.0074949500920595494 0.00075536679581175161 0.001094049879628209
leaf_weight=592 257 85 1282 344 529 478 1125 285 1668 298 541 94 51 56 150 888 350 198 73 67 70 482 189 1192 157 47 114 123 58 807
leaf_count=592 257 85 1282 344 529 478 1125 285 1668 298 541 94 51 56 150 888 350 198 73 67 70 482 189 1192 157 47 114 123 58 807
internal_value=-0.000213422 -0.00902329 0.0136225 0.00897749 0.0274676 -0.00556128 -0.00859625 -0.0127769 0.00628178 0.0116418 -0.0181403 0.0070443 0.0161245 0.00833333 -0.0151567 0.00297586 -0.0339343 0.00221904 0.00483736 -0.0100324 -0.0239819 -0.00565771 -0.00771505 -0.01089 0.008 -0.0168269 0.0158501 0.020777 0.0321429 0.00895857
internal_weight=12650 7729 4921 3686 1235 6787 5007 3611 3342 1674 1752 1376 706 449 1467 1780 942 1396 1198 926 220 706 1859 1381 224 103 346 295 181 892
internal_count=12650 7729 4921 3686 1235 6787 5007 3611 3342 1674 1752 1376 706 449 1467 1780 942 1396 1198 926 220 706 1859 1381 224 103 346 295 181 892
is_linear=0
shrinkage=0.05


Tree=57
num_leaves=31
num_cat=0
split_feature=0 0 9 0 0 9 3 3 3 3 9 0 7 6 9 6 9 1 2 3 0 7 7 2 9 8 6 3 9 6
split_gain=581.138 240.298 138.336 97.6166 85.9456 69.0286 47.7212 46.869 37.466 59.6873 34.3482 33.7921 32.721 32.5537 32.4983 32.4582 30.4003 29.4682 33.4254 27.9695 29.6386 27.5777 24.4987 23.7726 23.4897 42.5202 26.7684 22.9936 22.7949 21.2401
threshold=24.8921568627451 13.098039215686276 8168.3198125000008 39.220588235294123 29.269607843137258 10170.803375 8.5000000000000018 20.500000000000004 15.500000000000002 8.5000000000000018 10117.322062499999 15.426470588235295 -0.96235977360714686 0.7487283477006671 12602.305249999996 0.63089349388778826 5706.7157499999985 66.068627450980401 982.47352941176484 8.5000000000000018 10.168627450980393 -0.83377653105606597 -0.93545056548590078 991.35196078431386 14580.972874999998 -0.6905596507703472 0.99138911339924218 1.5000000000000002 11061.174437499998 0.50370931781787065
decision_type=2 2 2 2 2 2 2 2 2 2 2 2 2 2 2 2 2 2 2 2 2 2 2 2 2 2 2 2 2 2
left_child=1 10 4 8 16 6 -3 21 9 15 19 13 -13 -7 -5 -4 -2 -11 -19 20 -1 -8 -20 27 25 -25 -26 -14 -10 -21
right_child=2 5 3 14 -6 11 7 -9 28 17 -12 12 23 -15 -16 -17 -18 18 22 29 -22 -23 -24 24 26 -27 -28 -29 -30 -31
leaf_value=-0.0025718417671752509 0.0062393661231123776 0.00044741953169604722 0.0022891063722414394 0.0038143360315737954 0.0028831615246650345 -0.0022468854686295767 0.00028163005720367176 0.0008713327430662929 0.0044700873834608414 -0.0032162848194959071 -0.0024366730295920392 -0.002401481537942399 0.00073577805300611152 -0.00068085319462204627 0.0040946404376031812 -3.7071773825153591e-05 0.0019887752255015991 -0.0026995622871962503 -0.0028402871480198103 -0.0028032732120296805 -0.00037326798957380283 -0.001336827888530491 0.00084933182663705648 -0.0012413053776889615 -0.00043280826830525146 0.0008079792389630192 -0.0022228707313025941 -0.0016034670531400613 0.00059630290973194673 -0.00071501029994863535
leaf_weight=82 203 1762 500 197 594 179 332 570 423 211 404 136 59 200 258 471 454 156 45 309 248 1746 418 287 373 595 93 592 552 68
leaf_count=82 203 1762 500 197 594 179 332 570 423 211 404 136 59 200 258 471 454 156 45 309 248 1746 418 287 373 595 93 592 552 68
internal_value=-0.000459339 -0.00850548 0.0139639 0.00849319 0.0280751 -0.00503971 -0.00126955 -0.00551151 0.00496939 0.000693674 -0.0300809 -0.0116501 -0.00919944 -0.0253947 0.0299342 0.00910494 0.0155775 -0.00914561 -0.00362903 -0.0233757 -0.0126888 -0.00899471 0.003125 -0.007575 -0.00378058 0.00101925 -0.012848 -0.0154141 0.0128586 -0.032672
internal_weight=12517 8035 4482 3231 1251 6924 4410 2648 2776 1801 1111 2514 2135 379 455 971 657 830 619 707 330 2078 463 1999 1348 882 466 651 975 377
internal_count=12517 8035 4482 3231 1251 6924 4410 2648 2776 1801 1111 2514 2135 379 455 971 657 830 619 707 330 2078 463 1999 1348 882 466 651 975 377
is_linear=0
shrinkage=0.05


Tree=58
num_leaves=31
num_cat=0
split_feature=0 0 9 9 0 3 3 3 2 9 0 9 6 0 0 9 4 0 1 9 0 3 1 2 3 3 3 6 2 9
split_gain=534.583 262.905 158.392 77.3415 71.2509 47.8116 97.5975 41.5692 40.1583 37.141 33.1514 32.5037 42.9951 31.7294 31.0135 29.962 32.9566 29.9047 28.39 26.2583 26.1068 23.9358 22.5045 22.4854 19.8886 31.8031 19.2807 18.9293 18.8693 18.8029
threshold=27.440196078431377 13.767647058823533 8312.2723125000011 5691.125 39.220588235294123 17.500000000000004 8.5000000000000018 8.5000000000000018 982.7735294117648 14840.974999999997 10.168627450980393 10700.330562500001 0.18281312110578132 23.357843137254907 29.659803921568628 10045.650000000001 2.5000000000000004 16.093137254901965 80.813725490196092 10117.322062499999 20.111764705882354 20.500000000000004 71.460784313725512 994.70686274509819 7.5000000000000009 15.500000000000002 14.500000000000002 -0.88220415136009767 989.21764705882367 15469.050000000001
decision_type=2 2 2 2 2 2 2 2 2 2 2 2 2 2 2 2 2 2 2 2 2 2 2 2 2 2 2 2 2 2
left_child=1 7 14 13 8 6 15 10 26 -6 -1 12 24 -3 -2 16 28 -8 20 -12 -18 -9 23 -13 -10 -26 -4 -7 -5 -29
right_child=2 3 4 5 9 27 17 21 11 -11 19 22 -14 -15 -16 -17 18 -19 -20 -21 -22 -23 -24 -25 25 -27 -28 29 -30 -31
leaf_value=-0.0024070063692673603 0.0043875648455599216 0.00043149298884885974 -0.0010057776845381727 -0.0026889281343613321 0.0039458057197622413 -0.0014338427334378012 -0.002001200597013573 -0.0027827181584743304 0.0056573212921729012 -0.0016849092356256647 -0.00016603746735068884 0.00081316064448029026 0.005394523024731224 0.0059082380941813673 0.0025944757085721859 -0.00035230350416860237 -0.00026411001820453029 -0.0013512917685527086 0.0030653297058001877 -0.0011086779786049009 0.0012336927519722126 -0.00097474843424375868 0.0011804996338060205 -0.0023834700300701286 -0.0026790128478154044 0.0057196106265980824 0.00068309475150100387 0.00041420788183557655 -3.8378502931214758e-05 -0.001351559412950068
leaf_weight=121 271 990 259 108 395 181 330 612 75 53 316 174 269 266 552 1159 348 2006 170 152 334 152 729 122 125 112 172 1491 450 40
leaf_count=121 271 990 259 108 395 181 330 612 75 53 316 174 269 266 552 1159 348 2006 170 152 334 152 729 122 125 112 172 1491 450 40
internal_value=-1.59553e-05 -0.0061992 0.0172257 -0.00269876 0.0109212 -0.00485796 -0.00736853 -0.026551 0.00694308 0.0289532 -0.0165254 0.0105787 0.0200172 0.00867144 0.0362257 -0.000642023 0.0042523 -0.0147625 0.0104338 -0.0104478 0.00585652 -0.0342484 0.00521442 -0.00639731 0.00734824 0.000210084 -0.00659722 0.00233508 -0.00518784 0.00414491
internal_weight=12534 9226 3308 7873 2485 6617 4905 1353 2037 448 589 1606 581 1256 823 2569 1410 2336 852 468 682 764 1025 296 312 237 431 1712 558 1531
internal_count=12534 9226 3308 7873 2485 6617 4905 1353 2037 448 589 1606 581 1256 823 2569 1410 2336 852 468 682 764 1025 296 312 237 431 1712 558 1531
is_linear=0
shrinkage=0.05


Tree=59
num_leaves=31
num_cat=0
split_feature=0 0 0 6 0 3 3 5 5 5 6 7 0 6 5 3 3 7 1 0 6 5 6 8 5 6 6 6 1 5
split_gain=542.803 246.081 84.4517 79.9968 63.0612 42.9483 58.5897 37.9711 37.3367 35.6458 34.0207 26.8617 31.2673 24.8983 24.7532 26.2805 46.2826 28.552 30.2208 23.3179 22.913 27.5362 22.8966 22.3934 22.2874 21.9861 24.6275 21.2979 24.2427 21.1773
threshold=27.11274509803922 12.697058823529414 39.220588235294123 -0.19337245081799007 19.633333333333336 7.5000000000000009 18.500000000000004 -0.13398594226331254 0.61237135649459018 -0.30983472475487867 0.98332250088165762 0.77923869640500354 30.89901960784314 0.18281312110578132 0.99966190462023474 8.5000000000000018 17.500000000000004 -0.45943279258162384 60.14705882352942 29.269607843137258 0.92519182738459482 0.71503381463111937 0.98332250088165762 0.42763731121559989 0.97875492728876534 0.77108682076304769 -0.091258822863740666 -0.59177783207548873 66.421568627450995 -0.97876850416056738
decision_type=2 2 2 2 2 2 2 2 2 2 2 2 2 2 2 2 2 2 2 2 2 2 2 2 2 2 2 2 2 2
left_child=1 9 3 8 5 23 7 -7 19 29 11 12 13 -5 15 17 22 -6 -19 -2 21 -4 27 25 -20 26 -3 -17 -29 -1
right_child=2 4 20 10 14 6 -8 -9 -10 -11 -12 -13 -14 -15 -16 16 -18 18 24 -21 -22 -23 -24 -25 -26 -27 -28 28 -30 -31
leaf_value=-0.0038897354707240306 0.0046163048814324929 0.00087423299059996714 0.0024210383121581972 -0.00095548880031126604 -0.0001747529623056035 -0.0010415504060427795 1.5953665583284814e-05 -0.0019524736969166977 0.0022182192932441946 -0.0025167420872792435 -0.001559824977208424 3.0864206836733746e-06 0.0025368331198120544 0.0019528187899171545 -0.0020737371219930272 0.0001079757714963242 0.0005717321420286636 0.0021282720538569862 -0.00018058453672275683 0.0033478022778460795 0.0032766397444973453 0.0022434745058978359 0.0013361829199138864 -0.00063259242582329879 0.0029474094651405548 0.001292920272958316 -0.00059032797938945731 -0.0023352316203179985 -0.00061393788732884988 -0.0011168337427682265
leaf_weight=59 200 470 322 197 518 856 681 824 226 503 178 471 765 509 51 367 1313 507 466 321 202 57 79 478 51 53 400 431 601 370
leaf_count=59 200 470 322 197 518 856 681 824 226 503 178 471 765 509 51 367 1313 507 466 321 202 57 79 478 51 53 400 431 601 370
internal_value=0.000191586 -0.00622315 0.0170774 0.013546 -0.00343685 -0.00818496 -0.0122989 -0.0173111 0.027607 -0.0305466 0.00858086 0.0104992 0.0138247 0.00622348 0.00063854 0.00104984 -0.00184456 0.00628645 0.011122 0.0349617 0.0344502 0.0417105 -0.00791075 -0.00124822 0.00260618 0.00330087 0.00137773 -0.00939286 -0.0130687 -0.0198837
internal_weight=12526 9078 3448 2867 8146 3762 2361 1680 747 932 2120 1942 1471 706 4384 4333 2791 1542 1024 521 581 379 1478 1401 517 923 870 1399 1032 429
internal_count=12526 9078 3448 2867 8146 3762 2361 1680 747 932 2120 1942 1471 706 4384 4333 2791 1542 1024 521 581 379 1478 1401 517 923 870 1399 1032 429
is_linear=0
shrinkage=0.05


Tree=60
num_leaves=31
num_cat=0
split_feature=0 0 9 0 9 0 0 6 2 9 9 9 6 5 5 6 0 8 8 5 1 8 2 9 6 4 1 4 5 5
split_gain=468.575 226.734 157.364 58.916 57.8942 46.1747 42.9428 41.8523 37.9097 37.604 34.9304 33.4716 40.696 31.7138 30.5853 30.245 22.4449 30.5258 32.0491 34.2877 34.8251 21.6052 22.2004 26.9684 24.9528 31.0544 22.7637 31.3 30.5601 23.244
threshold=27.11274509803922 12.838235294117649 8312.2723125000011 39.220588235294123 8622.4701250000016 15.795098039215688 29.269607843137258 0.73136292505298039 982.7735294117648 12602.305249999996 4022.0499999999988 10736.109750000001 0.33222858587828868 -0.30983472475487867 1.0000000180025095e-35 0.70747208174348741 19.485294117647062 -0.30982845708428081 -0.55656394595157355 -0.90163369914317015 42.617647058823536 -0.99940590107385374 991.58137254901965 14580.972874999998 0.91852788691372023 2.5000000000000004 64.343137254901976 1.5000000000000002 -0.98523971305672675 0.99552231814189451
decision_type=2 2 2 2 2 2 2 2 2 2 2 2 2 2 2 2 2 2 2 2 2 2 2 2 2 2 2 2 2 2
left_child=1 13 6 8 7 -6 -2 10 -4 -5 -3 12 -10 15 -11 -1 17 18 19 20 -12 -7 -23 24 26 -26 28 -28 -24 -30
right_child=2 4 3 9 5 21 -8 -9 11 14 16 -13 -14 -15 -16 -17 -18 -19 -20 -21 -22 22 23 -25 25 -27 27 -29 29 -31
leaf_value=-0.0017327991414257254 0.0038538841225621043 0.0057576254344589217 -0.00084850616207012843 0.0031800184341424622 -0.0012009822885143046 -0.002420608400855802 0.0024593533458896256 0.0078426432856848142 0.001633560598838646 -0.0015179836674328651 0.0011644342131920324 0.00050155976937898419 0.006069671154197976 -0.0022762631672574572 0.0044408054050509406 0.0005632837296237897 0.00037516214361700968 -0.00081220566003047947 0.0023647404615437582 -0.0026940103985471117 -0.00074568920505634908 -0.00090737403902911302 -0.0022182639838344621 -0.00066831507794002862 -0.00046954996619913983 0.0028404281534708978 -0.00075231396636616385 0.0013088182520219359 -1.6542689079343531e-05 -0.0019080979663818748
leaf_weight=416 268 132 433 184 739 85 608 95 426 65 40 1068 223 527 184 46 1888 1143 226 80 149 1366 77 500 69 121 183 422 773 59
leaf_count=416 268 132 433 184 739 85 608 95 426 65 40 1068 223 527 184 46 1888 1143 226 80 149 1366 77 500 69 121 183 422 773 59
internal_value=-0.000107177 -0.00604137 0.0155636 0.00934598 -0.00329529 -0.00718999 0.0338655 0.00126532 0.00595072 0.0261521 0.000409948 0.00928405 0.0182308 -0.0286364 0.0134 -0.0190065 -0.000538701 -0.00482001 0.00554435 -0.00611111 0.00552632 -0.00488239 -0.00428451 -0.00117914 0.00181818 0.0188482 -0.000330033 0.00717822 -0.00532967 -0.00252101
internal_weight=12595 9136 3459 2583 8147 4394 876 3753 2150 433 3658 1717 649 989 249 462 3526 1638 495 269 189 3655 3570 2204 1704 190 1514 605 909 832
internal_count=12595 9136 3459 2583 8147 4394 876 3753 2150 433 3658 1717 649 989 249 462 3526 1638 495 269 189 3655 3570 2204 1704 190 1514 605 909 832
is_linear=0
shrinkage=0.05


Tree=61
num_leaves=31
num_cat=0
split_feature=0 0 0 6 3 3 5 6 0 5 5 0 6 5 3 6 6 5 5 0 7 7 1 5 2 7 1 0 6 0
split_gain=460.135 193.918 83.8485 75.8336 54.4448 91.9166 40.4935 36.8272 33.6734 34.2541 32.777 31.7303 28.9721 34.6048 26.5418 25.4456 25.2556 24.7693 24.5787 32.0868 26.4557 23.3961 21.0686 20.7026 19.86 31.0822 31.2265 24.8483 19.5134 18.8918
threshold=26.238235294117647 12.697058823529414 39.220588235294123 -0.20180761162458913 8.5000000000000018 17.500000000000004 0.61237135649459018 0.98332250088165762 16.093137254901965 0.66527693225344786 -0.30983472475487867 29.269607843137258 0.92519182738459482 0.71503381463111937 6.5000000000000009 -0.4755978891912595 -0.99168640063982161 0.82414472752956958 -0.97876850416056738 9.5137254901960802 0.93771544905322102 0.04621502027255215 71.460784313725512 -0.59176244063315286 982.47352941176484 0.98213580174693105 69.676470588235318 35.595098039215692 0.91159213926341531 21.5343137254902
decision_type=2 2 2 2 2 2 2 2 2 2 2 2 2 2 2 2 2 2 2 2 2 2 2 2 2 2 2 2 2 2
left_child=1 10 3 6 23 8 11 24 9 -6 18 -2 13 -4 -12 -10 -7 -8 -1 -20 22 28 -21 -3 27 26 -26 -5 -17 -25
right_child=2 4 12 7 5 16 17 -9 15 -11 14 -13 -14 -15 -16 21 -18 -19 19 20 -22 -23 -24 29 25 -27 -28 -29 -30 -31
leaf_value=-0.0035755498779842937 0.0044589852930306982 0.00075265619257993137 0.002130841574424691 -0.0006545879925528409 -0.0012333775197789416 -0.00447746584251344 -0.0025716697484379717 -0.0015181249266596143 -0.0002820403719004938 -0.0026500709601751785 -0.00090698271486331782 0.0030328543985884806 0.0028152186711241814 0.0016357039931455654 -0.002806142694219413 -0.0010487224630983756 0.00027259277016547512 0.0027443996760940976 -0.0025785643760845053 0.00036991931761281297 -0.0015217104108604274 -0.0020790344645613052 -0.0015592370886963053 -0.0002674654249187253 0.00020013355852314398 -0.0020571617949100285 0.0022739469793134405 0.0016741454265016276 0.00069687447985325728 0.00056869060355546348
leaf_weight=59 322 1107 325 366 424 59 42 189 701 163 177 322 184 64 329 660 1950 210 81 171 84 675 54 1314 496 57 1132 89 145 595
leaf_count=59 322 1107 325 366 424 59 42 189 701 163 177 322 184 64 329 660 1950 210 81 171 84 675 54 1314 496 57 1132 89 145 595
internal_value=0 -0.00630929 0.0145301 0.0113918 -0.00370157 -0.00702177 0.0237458 0.0066309 -0.0129289 -0.0235544 -0.0275628 0.0303876 0.0321429 0.0398718 -0.0362919 -0.0100596 0.0011194 0.00671937 -0.0176667 -0.0130435 -0.00564516 -0.0137745 0.00331858 0.00155784 0.0085007 0.0110024 0.0122775 -0.000767544 -0.00800248 -0.00159686
internal_weight=12546 8748 3798 3225 7793 4777 896 2329 2768 587 955 644 573 389 506 2181 2009 252 449 390 309 1480 225 3016 2140 1685 1628 455 805 1909
internal_count=12546 8748 3798 3225 7793 4777 896 2329 2768 587 955 644 573 389 506 2181 2009 252 449 390 309 1480 225 3016 2140 1685 1628 455 805 1909
is_linear=0
shrinkage=0.05


Tree=62
num_leaves=31
num_cat=0
split_feature=0 0 0 6 5 3 3 6 7 6 0 2 6 0 8 0 7 7 5 8 3 8 4 7 7 4 5 6 7 7
split_gain=497.749 233.779 88.4179 76.4567 55.5607 33.5512 68.9569 40.7264 34.7663 29.9376 34.9062 31.6307 37.9695 28.6295 26.171 29.264 26.0264 25.7393 33.5125 27.8292 23.6104 23.5939 38.1545 26.5004 23.388 21.0212 20.9272 20.9052 20.4695 31.1133
threshold=27.440196078431377 14.699019607843139 41.504901960784323 -0.20180761162458913 -0.30983472475487867 8.5000000000000018 19.500000000000004 0.84658398682345093 -0.45943279258162384 0.98332250088165762 34.946078431372555 982.7735294117648 0.1318557721318592 31.050000000000004 -0.92272482904738262 9.8921568627451002 -0.57078386445773377 -0.63920832810365535 0.022575936829235418 0.68274389090025245 6.5000000000000009 -0.95244002147885598 4.5000000000000009 -0.030099068566675755 0.96687895796550427 1.0000000180025095e-35 0.99700008544936913 0.11478523713130605 0.90623151893102627 0.98702314536340274
decision_type=2 2 2 2 2 2 2 2 2 2 2 2 2 2 2 2 2 2 2 2 2 2 2 2 2 2 2 2 2 2
left_child=1 4 3 13 14 7 17 8 16 10 11 -5 -13 -2 -1 -16 -3 19 -19 -7 -6 22 23 -10 -14 -9 28 -12 -20 -30
right_child=2 5 -4 9 20 6 -8 25 21 -11 27 12 24 -15 15 -17 -18 18 26 -21 -22 -23 -24 -25 -26 -27 -28 -29 29 -31
leaf_value=-0.0031085951989471786 0.0030051575533725176 -2.2536972198505811e-05 0.0027542314011973269 -0.00071306488704536155 -0.00078542561814048256 -0.00031422441433545808 0.00045273972207921236 0.0014986250934414449 0.00026812541527626994 -0.00078635805887100618 0.0049193668658712442 -0.00083325696488029686 0.0025062914937153736 0.002990161133716163 -0.0023627012927592535 -0.00028951786921396772 -0.002073300124056654 -0.00065189711643885576 -0.0019341448577040316 0.0032163941628739813 -0.0023358309518081905 0.0010635211656482167 0.0034378837199045319 -0.0019770158136918764 -0.00072429862721878078 -0.0011308860685990379 0.00042088585476687812 0.0016955443402161263 0.00098983921077960293 -0.0014291425866978236
leaf_weight=114 408 656 448 311 304 682 1358 64 128 199 87 259 869 279 105 661 100 1402 924 47 592 1306 74 119 94 420 73 348 121 91
leaf_count=114 408 656 448 311 304 682 1358 64 128 199 87 259 869 279 105 661 100 1402 924 47 592 1306 74 119 94 420 73 348 121 91
internal_value=-0.000122588 -0.00602119 0.0165607 0.01331 -0.022341 -0.00218742 -0.00478825 0.00207462 0.00476091 0.00869465 0.0105637 0.00700782 0.0106296 0.0278343 -0.0133939 -0.0100391 -0.00409511 -0.0086501 -0.0109686 -0.000342466 -0.0311037 0.00887592 -0.00326087 -0.0127016 0.0151971 -0.011134 -0.0170661 0.0230505 -0.0187335 -0.00469484
internal_weight=12643 9341 3302 2854 1776 7565 4698 2867 2383 2167 1968 1533 1222 687 880 766 756 3340 2611 729 896 1627 321 247 963 484 1209 435 1136 212
internal_count=12643 9341 3302 2854 1776 7565 4698 2867 2383 2167 1968 1533 1222 687 880 766 756 3340 2611 729 896 1627 321 247 963 484 1209 435 1136 212
is_linear=0
shrinkage=0.05


Tree=63
num_leaves=31
num_cat=0
split_feature=0 0 9 0 0 9 2 3 3 9 6 0 9 9 9 3 9 3 3 1 9 6 9 2 3 3 6 2 2 6
split_gain=466.324 187.777 151.031 82.9139 58.6152 50.8202 41.9507 40.4814 53.6399 37.01 38.2026 35.0684 31.7991 26.2125 24.6216 24.4273 25.6189 23.9128 23.3598 23.2258 21.1505 20.961 23.4312 20.8853 20.7617 39.335 20.6692 20.0457 18.3547 19.6725
threshold=26.238235294117647 12.838235294117649 8168.3198125000008 41.504901960784323 29.269607843137258 5706.7157499999985 982.7735294117648 4.5000000000000009 17.500000000000004 10736.109750000001 0.33222858587828868 16.265686274509807 10117.322062499999 5706.7157499999985 12986.269937499999 9.5000000000000018 8622.4701250000016 5.5000000000000009 11.500000000000002 90.382352941176478 6602.3732499999987 -0.35846086284744721 4022.0499999999988 993.65000000000009 7.5000000000000009 14.500000000000002 -0.79904327102181261 994.30000000000007 970.93823529411782 0.80290535434334509
decision_type=2 2 2 2 2 2 2 2 2 2 2 2 2 2 2 2 2 2 2 2 2 2 2 2 2 2 2 2 2 2
left_child=1 12 4 6 13 21 28 -7 11 10 24 18 17 -2 -5 -13 20 -1 -9 26 -17 22 23 -3 -8 -26 -10 -24 -4 -30
right_child=2 5 3 14 -6 7 9 8 19 -11 -12 15 -14 -15 -16 16 -18 -19 -20 -21 -22 -23 27 -25 25 -27 -28 -29 29 -31
leaf_value=-0.00027504197575327073 0.0050017503902171417 0.0076710205194371137 0.00078512307620355604 0.0028347531415353015 0.0020790887756726105 0.00010903855624181669 0.004105159252238341 -0.00093733846239703322 -0.0013464948184373369 0.00041508874115832317 0.0048655845441318742 -0.00021132855934359596 -0.0019639427621565286 0.0028183458479259186 0.0037054484366678187 -0.0020487000636838881 -0.001475624889252361 -0.0018368615095121861 -0.0019463499098251909 0.001112644333711274 0.00020472013062628749 0.0097073511803506905 -8.6676602094812316e-05 -7.3905117224903902e-05 -0.0023971600330114032 0.0032373974522179275 0.0001364796629619053 0.0021580068877629049 -0.00019583116854294814 -0.0022231936924732411
leaf_weight=169 123 84 120 140 609 1435 132 454 242 1222 255 1083 357 291 186 166 1061 453 280 153 399 46 912 40 139 213 1230 204 238 153
leaf_count=169 123 84 120 140 609 1435 132 454 242 1222 255 1083 357 291 186 166 1061 453 280 153 399 46 912 40 139 213 1230 204 238 153
internal_value=0.000194599 -0.00615806 0.0147698 0.00875313 0.0312012 -0.00356226 0.0056207 -0.00535824 -0.00745709 0.00894495 0.0177703 -0.0109901 -0.0267857 0.0166265 0.0324159 -0.00835793 -0.0122311 -0.0199037 -0.0206803 3.07503e-05 -0.00362191 0.00551671 0.00427075 0.0248 0.00948454 0.00311615 -0.00190088 0.00196956 -0.00712891 -0.0123724
internal_weight=12589 8768 3821 2798 1023 7789 2472 6503 5068 1961 739 3443 979 414 326 2709 1626 622 734 1625 565 1286 1240 124 484 352 1472 1116 511 391
internal_count=12589 8768 3821 2798 1023 7789 2472 6503 5068 1961 739 3443 979 414 326 2709 1626 622 734 1625 565 1286 1240 124 484 352 1472 1116 511 391
is_linear=0
shrinkage=0.05


Tree=64
num_leaves=31
num_cat=0
split_feature=0 0 9 0 9 7 5 9 0 5 9 0 6 3 3 3 6 4 9 4 0 5 4 6 7 4 5 4 3 3
split_gain=428.94 176.996 163.218 63.8362 63.2855 44.4176 41.9743 34.045 33.8036 31.6035 31.2023 38.7806 29.8925 26.6932 26.721 24.0925 22.3658 40.0999 33.7306 25.169 21.8257 21.7028 22.0654 26.9953 20.6923 25.58 28.9097 65.0597 23.9354 27.388
threshold=27.772549019607847 13.098039215686276 8312.2723125000011 41.504901960784323 5706.7157499999985 0.99463153969809781 -0.30983472475487867 4527.2620000000015 19.633333333333336 -0.97876850416056738 11681.942812499996 34.946078431372555 0.18281312110578132 19.500000000000004 5.5000000000000009 3.5000000000000004 -0.52034141052533245 2.5000000000000004 4766.7499999999991 2.5000000000000004 29.847058823529412 -0.13398594226331254 1.0000000180025095e-35 0.080547328232315238 -0.030099068566675755 4.5000000000000009 -0.92923668111203805 1.5000000000000002 9.5000000000000018 16.500000000000004
decision_type=2 2 2 2 2 2 2 2 2 2 2 2 2 2 2 2 2 2 2 2 2 2 2 2 2 2 2 2 2 2
left_child=1 6 20 10 5 7 9 -3 15 -1 11 12 13 14 -4 -6 17 -9 19 -18 -2 22 23 -17 25 26 27 -10 -26 -30
right_child=2 4 3 -5 8 -7 -8 16 24 -11 -12 -13 -14 -15 -16 21 18 -19 -20 -21 -22 -23 -24 -25 28 -27 -28 -29 29 -31
leaf_value=-0.0030456862610825268 0.0034970644319468613 0.0048929839998424519 0.0021760418736817113 0.0028566821292724531 6.2361025130525111e-05 -0.0013847117440390967 -0.0018731170054615124 0.0015494315797627224 0.0013211308465585715 -0.0006334204916083907 5.7742272618199754e-05 0.0042824814887207577 0.0031919490613329994 0.0063120474618553251 -0.0016287028318001219 -0.0031148359669709857 -0.0039188434782702845 -0.001453138485517104 0.0070982618425345758 0.0015643654079352505 0.0018738009940551083 -0.0010711449549667186 -0.00072647589113013786 0.0023485755529131739 0.00012878123507612804 0.00083377392173444311 0.00013505134144095184 -0.0028775375941207828 -0.0019475099737125967 -0.00025160065680424618
leaf_weight=75 213 238 81 302 517 161 543 304 96 438 1081 174 369 75 253 47 49 364 126 116 539 1422 849 79 748 681 1280 167 531 659
leaf_count=75 213 238 81 302 517 161 543 304 96 438 1081 174 369 75 253 47 49 364 126 116 539 1422 849 79 748 681 1280 167 531 659
internal_value=-4.37271e-05 -0.00531029 0.0161431 0.00961045 -0.00289271 0.00699043 -0.0245979 0.0103088 -0.00479017 -0.0142996 0.00641593 0.0130115 0.00821566 -0.00109756 -0.00716418 -0.00891938 0.00609375 0.00104634 0.017637 0.00271084 0.0363878 -0.01103 -0.00527664 0.0141732 -0.00189767 0.00139326 -0.00216969 -0.0172348 -0.00567303 -0.0100756
internal_weight=12577 9490 3087 2335 8434 1358 1056 1197 7076 513 2033 952 778 409 334 2914 959 668 291 165 752 2397 975 126 4162 2224 1543 263 1938 1190
internal_count=12577 9490 3087 2335 8434 1358 1056 1197 7076 513 2033 952 778 409 334 2914 959 668 291 165 752 2397 975 126 4162 2224 1543 263 1938 1190
is_linear=0
shrinkage=0.05


Tree=65
num_leaves=31
num_cat=0
split_feature=9 5 4 2 4 9 7 3 9 1 3 1 8 1 2 5 2 9 9 5 5 4 9 9 5 7 5 8 7 7
split_gain=81.8782 57.4661 49.4463 45.6032 43.6816 41.5314 44.9794 37.3216 43.645 42.9446 36.4794 49.0803 36.977 34.9325 32.1169 27.873 27.7363 26.0823 27.8136 25.119 31.8796 24.5226 30.2897 24.3861 22.8675 23.1155 19.385 18.9515 20.7331 32.243
threshold=14580.972874999998 0.91248814248966237 1.0000000180025095e-35 998.5901960784314 1.5000000000000002 12173.294062500003 -0.93545056548590078 20.500000000000004 12057.643624999999 95.911764705882362 7.5000000000000009 28.71568627450981 -0.45274365290664587 56.539215686274517 991.9205882352943 0.96904697354198299 998.29705882352948 10117.322062499999 9615.159999999998 0.94978112945126536 0.93237596376505805 5.5000000000000009 8002.7451874999997 6114.3703124999984 -0.98803845231459242 -0.99763297024448894 0.66527693225344786 -0.93543596745397617 0.99351232050787985 0.98519415784776321
decision_type=2 2 2 2 2 2 2 2 2 2 2 2 2 2 2 2 2 2 2 2 2 2 2 2 2 2 2 2 2 2
left_child=1 3 -3 5 14 7 -7 8 9 10 24 12 -12 -6 -2 17 -16 18 -4 20 -19 23 -23 -5 -1 -26 -15 -13 29 -29
right_child=4 2 15 21 13 6 -8 -9 -10 -11 11 27 -14 26 16 -17 -18 19 -20 -21 -22 22 -24 -25 25 -27 -28 28 -30 -31
leaf_value=-0.00091394714570939845 0.0032719627776609307 -0.0016262701509081262 -0.001459649591895526 0.001706575502050023 -0.0019750710054442957 -0.0036034120649845571 -1.6667743697552917e-05 0.0018272310329156883 0.0029720181380421041 0.0012069822190367786 0.00060774347831638324 -0.0010237726573683382 -0.0023005091898088193 -0.00061495562456092287 -0.0020150472015414938 0.00019541759954032069 0.00019640326076919362 -0.0019428480412580773 0.0013678123342269423 -0.0027683941921577762 0.0016671968863537251 -0.0017802046505298237 0.0016815752481535414 -0.00096585551387235878 -0.0026874259293265534 0.0012049211521529823 -0.0018312929568481977 0.00037702841570150388 -0.0015458894530574073 0.0083159601814771916
leaf_weight=177 73 282 204 109 298 128 1596 810 138 176 124 316 331 495 104 951 190 79 194 136 58 61 145 818 45 1850 74 2454 106 44
leaf_count=177 73 282 204 109 298 128 1596 810 138 176 124 316 331 495 104 951 190 79 194 136 58 61 145 818 45 1850 74 2454 106 44
internal_value=7.95735e-05 0.00141181 -0.00650919 0.00301198 -0.0121457 0.00429725 -0.0026087 0.00610925 0.00469455 0.0040096 0.00322137 1.48104e-05 -0.0152412 -0.0182604 0.00230978 -0.00314233 -0.00508475 -0.0109375 -0.00275689 -0.0228102 -0.0076087 -0.0063933 0.00917874 -0.00985991 0.00844187 0.0100475 -0.0109649 0.00239644 0.00380038 0.00472189
internal_weight=12566 11332 1904 9428 1234 8295 1724 6571 5761 5623 5447 3375 455 867 367 1622 294 671 398 273 137 1133 206 927 2072 1895 569 2920 2604 2498
internal_count=12566 11332 1904 9428 1234 8295 1724 6571 5761 5623 5447 3375 455 867 367 1622 294 671 398 273 137 1133 206 927 2072 1895 569 2920 2604 2498
is_linear=0
shrinkage=0.05


Tree=66
num_leaves=31
num_cat=0
split_feature=0 0 9 0 9 0 0 3 2 9 6 9 5 5 5 2 3 3 0 5 5 9 5 4 2 0 9 6 8 8
split_gain=356.022 182.706 163.718 65.4223 57.6872 38.598 34.9185 31.2559 30.0829 29.6971 36.8264 28.0453 31.1307 27.0005 30.2633 30.1538 24.4214 35.8997 23.5352 22.8658 20.8069 19.8937 28.6434 23.5243 19.9147 19.1098 18.9074 20.4691 18.0233 35.6755
threshold=28.273529411764709 12.24901960784314 8312.2723125000011 41.504901960784323 5691.125 20.111764705882354 22.879411764705889 4.5000000000000009 991.50882352941187 10700.330562500001 0.18281312110578132 12986.269937499999 1.0000000180025095e-35 -0.63255557784149707 -0.99985146406598202 1002.1666666666667 8.5000000000000018 16.500000000000004 33.632352941176478 -0.57078386445773377 -0.30983472475487867 7404.1654374999989 0.75014288946266361 1.0000000180025095e-35 998.7656862745099 10.168627450980393 14768.196750000001 0.98005052076767474 0.9980355542543059 0.97263757644091875
decision_type=2 2 2 2 2 2 2 2 2 2 2 2 2 2 2 2 2 2 2 2 2 2 2 2 2 2 2 2 2 2
left_child=1 7 -2 9 6 8 -3 25 -6 10 18 -5 -13 14 -10 -16 21 -18 -4 -15 -9 -7 -23 -24 -25 -1 -11 -28 29 -21
right_child=2 4 3 11 5 16 -8 20 13 26 -12 12 -14 19 15 -17 17 -19 -20 28 -22 22 23 24 -26 -27 27 -29 -30 -31
leaf_value=-0.0014628782594554347 0.0019478012397426969 0.00032588551889079501 -0.00068320271035510194 0.0024802057103108901 -0.0012492778618951143 0.0022530943960447415 0.004415652119068381 -0.001629728022949946 -0.0023520059734457063 0.00030269208901189673 0.0038443136918320797 -0.0012124428217485052 0.003975682975441131 -0.0044994408271139706 0.00067627132598898363 -0.0013425232298219826 -0.0011924470919704806 0.00016771718658191716 0.0047608728125458806 -0.00039677729304437307 -0.0021451275292730353 -0.00033574531758218676 -0.0022586625003324676 0.0019095360765049253 -0.0012870021712561158 0.00015560400608987253 0.0009557338193980164 -0.0035000559721854898 0.001652409804725319 -0.0014588499322366862
leaf_weight=58 706 1051 259 144 840 288 343 297 40 1117 293 48 138 59 600 68 1170 1379 104 1573 344 715 42 324 40 122 56 88 43 191
leaf_count=58 706 1051 259 144 840 288 343 297 40 1117 293 48 138 59 600 68 1170 1379 104 1573 344 715 42 324 40 122 56 88 43 191
internal_value=-9.56861e-05 -0.00477159 0.0150812 0.0084742 -0.00265769 -0.00442154 0.00666667 -0.0273114 -0.00831625 0.00492701 0.0135464 0.029003 0.0160428 -0.00563107 0.00267983 0.00523169 -0.00106087 -0.00398039 0.00288462 -0.00878415 -0.0324766 0.00421986 0.00120321 0.0117936 0.0158904 -0.00883978 0.000435816 -0.0165517 -0.00777102 -0.00855524
internal_weight=12540 9587 2953 2247 8766 7372 1394 821 3414 1917 656 330 186 2574 708 668 3958 2549 363 1866 641 1409 1121 406 364 180 1261 144 1807 1764
internal_count=12540 9587 2953 2247 8766 7372 1394 821 3414 1917 656 330 186 2574 708 668 3958 2549 363 1866 641 1409 1121 406 364 180 1261 144 1807 1764
is_linear=0
shrinkage=0.05


Tree=67
num_leaves=31
num_cat=0
split_feature=0 0 0 6 3 3 7 5 0 0 6 0 6 6 0 6 6 3 5 6 6 6 5 6 6 2 5 4 4 5
split_gain=387.429 151.123 97.8783 71.069 54.3029 55.7403 38.6511 33.8861 31.6469 30.6319 32.0026 26.2441 25.256 24.678 22.788 20.9483 26.8005 20.6954 20.2679 22.8234 19.6949 19.5515 19.052 18.1288 17.6162 17.162 16.4973 16.1467 19.4888 18.408
threshold=24.652941176470595 11.905882352941179 33.632352941176478 -0.31800055644052067 5.5000000000000009 18.500000000000004 -0.97113884758256674 0.022575936829235418 28.585294117647063 48.400980392156875 0.51849435583340198 15.138235294117649 0.66367808336324663 -0.9260227363677036 41.504901960784323 -0.28519997588938989 -0.18493013702746822 9.5000000000000018 -0.30983472475487867 0.63089349388778826 -0.79904327102181261 0.89691351184655443 0.878110924644389 -0.39827153806311183 0.98770287048522643 1002.1666666666667 -0.16799356919963607 4.5000000000000009 2.5000000000000004 -0.46801505794253101
decision_type=2 2 2 2 2 2 2 2 2 2 2 2 2 2 2 2 2 2 2 2 2 2 2 2 2 2 2 2 2 2
left_child=1 18 3 6 -3 7 -2 17 26 10 -4 13 -12 -9 24 -5 -17 -6 19 -1 -7 25 -10 -22 -14 27 -8 28 29 -19
right_child=2 4 9 15 5 20 8 11 22 -11 12 -13 14 -15 -16 16 -18 21 -20 -21 23 -23 -24 -25 -26 -27 -28 -29 -30 -31
leaf_value=-0.0017060909585489019 -0.0035244506299317527 0.00014870481213353215 0.0019144897590896771 -0.0022187520624308899 8.2584538551216949e-05 -0.0011354962148014791 0.0044054478576775078 0.00054031726915339533 0.0025897864236108185 0.0022479008621082877 -0.0058593357546487812 -0.0010171475635970609 0.0014143394768268037 -0.0019488210222951144 0.0024680499539115664 0.0053203380110701422 0.00032997089243911318 -0.00079029822245440531 -0.001815132757940552 9.7978802995700453e-05 0.0016270744756355648 0.0003229394828841714 0.0026143548031854094 6.4338352451148717e-05 -0.00061001682936554511 -0.0016527425204921496 0.0005175798961507827 -0.0021214911081828174 0.00017155374462017177 -0.0029823769910023584
leaf_weight=278 41 1898 397 77 733 299 304 40 279 138 56 1418 334 252 209 107 2335 368 363 53 275 200 56 910 81 44 204 350 372 68
leaf_count=278 41 1898 397 77 733 299 304 40 279 138 56 1418 334 252 209 107 2335 368 363 53 275 200 56 910 81 44 204 350 372 68
internal_value=0.000203349 -0.0065072 0.0117125 0.00735899 -0.00436497 -0.00695122 0.019548 -0.0101274 0.0218602 0.0238898 0.0210111 -0.0153711 0.0143906 -0.0290102 0.01728 0.0030754 0.00388866 -0.00592228 -0.028777 -0.0197289 0.00127946 -0.00947969 0.0337798 0.00417369 0.0104567 -0.0118869 0.0139489 -0.0106989 -0.00679852 -0.0139588
internal_weight=12539 7921 4618 3403 7227 5329 884 3845 843 1215 1077 1710 680 292 624 2519 2442 2135 694 331 1484 1402 335 1185 415 1202 508 1158 808 436
internal_count=12539 7921 4618 3403 7227 5329 884 3845 843 1215 1077 1710 680 292 624 2519 2442 2135 694 331 1484 1402 335 1185 415 1202 508 1158 808 436
is_linear=0
shrinkage=0.05


Tree=68
num_leaves=31
num_cat=0
split_feature=0 0 9 9 0 0 0 5 9 1 3 5 9 5 4 3 3 3 4 3 2 3 5 2 0 5 5 9 1 3
split_gain=316.793 154.748 125.414 61.9408 59.5173 37.7521 36.8126 33.5096 30.1371 29.2417 28.2604 26.3417 23.9802 23.0021 21.6132 21.4844 20.6827 21.8967 26.0663 20.6443 20.0096 19.9168 19.6774 19.1497 20.2771 19.1363 18.9509 18.7607 20.3392 18.4339
threshold=28.273529411764709 12.057843137254904 9302.3970625000002 5706.7157499999985 41.504901960784323 24.377450980392162 19.085294117647063 -0.8041866928211282 7291.6111250000004 18.735294117647062 3.5000000000000004 -0.99940763397299126 12568.910374999999 0.99966190462023474 3.5000000000000004 7.5000000000000009 16.500000000000004 9.5000000000000018 5.5000000000000009 20.500000000000004 981.9205882352943 9.5000000000000018 1.0000000180025095e-35 997.49313725490208 9.8921568627451002 -0.60554068365937697 0.88621069759564464 8478.1000000000022 51.676470588235297 20.500000000000004
decision_type=2 2 2 2 2 2 2 2 2 2 2 2 2 2 2 2 2 2 2 2 2 2 2 2 2 2 2 2 2 2
left_child=1 8 9 5 16 29 7 11 15 -2 -9 -5 -6 -8 23 -1 17 18 20 21 -4 -12 -14 -10 -25 -17 -18 28 -13 -3
right_child=2 3 4 6 12 -7 13 10 14 -11 19 27 22 -15 -16 25 26 -19 -20 -21 -22 -23 -24 24 -26 -27 -28 -29 -30 -31
leaf_value=0.00026834397876071976 -0.0010582651014156453 9.1857556171884302e-05 -0.00050103451597599546 -0.0018331808764174952 0.0023596959869690904 0.0049550863814650133 -0.00011420626260231215 1.0202088185592985e-05 -0.0016686479786107156 0.0020477116386711292 -0.00054237489882702776 0.0023756967353573857 -4.9128709464640879e-05 -0.0022347636357374413 -0.0022442727980584959 0.00016075369875540662 0.0008306898263446467 -0.00094352847665043484 -0.0022399989012220844 -7.185584214576268e-05 0.0019242718214450617 -0.0014008898384564831 0.0036645037835636553 -0.0012811199145130723 0.00038165052872115028 -0.0023097784971255171 0.0050239365660471247 -2.4338337037899119e-05 0.0003472489686426911 0.002453512225987481
leaf_weight=84 40 1070 140 67 104 220 4499 406 121 892 682 75 75 62 316 44 362 573 58 263 459 916 140 43 61 71 128 333 83 167
leaf_count=84 40 1070 140 67 104 220 4499 406 121 892 682 75 75 62 316 44 362 573 58 263 459 916 140 43 61 71 128 333 83 167
internal_value=-7.96495e-05 -0.0045023 0.0141824 -0.00266282 0.00723039 0.00675583 -0.00452146 -0.00900566 -0.0264507 0.0293676 -0.0117063 0.0019678 0.0270313 -0.00174266 -0.0325646 -0.00975 0.00354445 8.12348e-05 0.00630699 -0.0143126 0.00941667 -0.0164478 0.0173611 -0.0205752 -0.0047619 -0.0237069 0.01222 0.00599593 0.0201258 0.00335218
internal_weight=12554 9583 2971 8843 2039 1457 7386 2825 740 932 2267 558 319 4561 541 199 1720 1230 657 1861 599 1598 215 225 104 115 490 491 158 1237
internal_count=12554 9583 2971 8843 2039 1457 7386 2825 740 932 2267 558 319 4561 541 199 1720 1230 657 1861 599 1598 215 225 104 115 490 491 158 1237
is_linear=0
shrinkage=0.05


Tree=69
num_leaves=31
num_cat=0
split_feature=9 5 6 9 6 6 5 9 7 6 5 1 1 2 2 5 5 5 3 1 5 9 9 1 3 3 5 1 9 3
split_gain=55.2354 53.0227 42.6038 77.2515 66.7637 50.4321 47.6618 41.4644 40.3699 37.8464 37.0366 42.8312 38.3509 25.4197 31.2373 24.9362 37.451 28.2538 28.2269 28.9373 23.0774 29.0572 38.2643 22.3618 20.877 42.8558 38.6421 28.0386 24.591 20.7743
threshold=14580.972874999998 0.89787622492179153 -0.63257203029273779 7404.1654374999989 -0.19337245081799007 -0.22700609751797865 0.69056404122701587 4527.2620000000015 -0.97876850416056738 -0.56369940867848845 -0.94705910369513524 96.460784313725512 8.8529411764705905 985.13235294117669 988.10392156862747 0.54219432480460406 0.45273815774107123 0.39036257410962044 6.5000000000000009 29.323529411764707 -0.88622299073327826 4836.5499999999984 5882.3499999999995 71.166666666666671 7.5000000000000009 16.500000000000004 0.99700008544936913 63.950980392156872 8919.4506250000031 20.500000000000004
decision_type=2 2 2 2 2 2 2 2 2 2 2 2 2 2 2 2 2 2 2 2 2 2 2 2 2 2 2 2 2 2
left_child=1 2 6 5 -5 7 15 -4 -6 -9 11 -10 -12 -11 -15 16 17 18 -1 29 21 -16 -23 -24 28 26 27 -26 -3 -20
right_child=-2 24 3 4 8 -7 -8 9 10 13 12 -13 -14 14 20 -17 -18 -19 19 -21 -22 22 23 -25 25 -27 -28 -29 -30 -31
leaf_value=0.00052666553445139823 -0.00062983935770325253 -0.0022044590618821025 0.002358744896421067 0.0019960274172019731 -0.0014247139611455739 0.0020352180941838939 -0.0032994143552585176 -0.0034473721039928115 -0.00080691701408481121 -0.0063427168276494646 -0.0011039366719273803 0.0033609850825395693 0.00044337856999548952 0.0012060956031332282 -0.0037773236188405196 0.0018323880596536669 -0.0015211130912754197 0.0045198450581550812 -0.0022722911478199569 -0.00011286572927687311 0.0033663009978371684 0.0021986910398137383 0.00042162756744668908 -0.0039602222274249697 -0.0032833783944936552 1.9569307232514266e-05 0.00070725192059439834 -0.0011743950523285752 0.00020739708419134918 0.0012594410141633151
leaf_weight=652 1216 57 142 412 256 404 129 118 1058 49 64 43 3430 167 60 212 119 82 334 1161 156 68 169 51 293 581 133 344 639 76
leaf_count=652 1216 57 142 412 256 404 129 118 1058 49 64 43 3430 167 60 212 119 82 334 1161 156 68 169 51 293 581 133 344 639 76
internal_value=0.00018539 0.00126091 0.00284713 0.00501655 0.00225114 0.0155235 -0.00236804 0.00937819 0.000607997 0.00512515 0.00168625 -0.00630672 0.00420601 0.00943135 0.0119792 -0.000910125 -0.00235052 -0.00093235 -0.0020009 -0.00562977 0.00574257 -0.00143266 0.00519031 -0.00497738 -0.00603027 -0.00965237 -0.01738 -0.0224922 0.0010043 -0.0170316
internal_weight=12675 11459 9412 6647 5263 1384 2765 980 4851 838 4595 1101 3494 720 671 2636 2424 2305 2223 1571 504 348 288 220 2047 1351 770 637 696 410
internal_count=12675 11459 9412 6647 5263 1384 2765 980 4851 838 4595 1101 3494 720 671 2636 2424 2305 2223 1571 504 348 288 220 2047 1351 770 637 696 410
is_linear=0
shrinkage=0.05


Tree=70
num_leaves=31
num_cat=0
split_feature=0 0 0 3 3 0 7 5 5 5 3 2 2 8 1 7 5 4 0 5 5 7 2 7 5 7 0 8 7 7
split_gain=302.33 133.704 79.153 53.3976 56.1749 43.4499 35.8441 32.7236 36.4452 32.37 27.3183 25.352 25.4024 25.194 24.7621 24.3278 26.5711 24.1677 21.5505 31.6208 20.7793 20.1061 19.5567 24.7923 20.7344 19.1522 19.8212 19.0645 20.5772 18.3337
threshold=23.595098039215689 11.905882352941179 33.377450980392162 8.5000000000000018 17.500000000000004 15.795098039215688 -0.99763297024448894 -0.20180236284700911 -0.26866367175705824 0.3744682635859638 5.5000000000000009 983.26176470588246 969.64509803921578 -0.14250536273956091 86.51960784313728 0.79380680106549595 -0.61913973745509387 1.0000000180025095e-35 45.304901960784328 -0.15101209918632377 0.99966190462023474 0.70288017738294994 983.54313725490204 0.99196248624718542 -0.37447345805034543 0.59004413292372648 30.89901960784314 -0.56547028338718019 -0.95753797188986722 0.98213580174693105
decision_type=2 2 2 2 2 2 2 2 2 2 2 2 2 2 2 2 2 2 2 2 2 2 2 2 2 2 2 2 2 2
left_child=1 10 6 13 5 9 -2 8 15 -5 -1 12 -9 27 -4 21 -17 -15 22 -20 29 25 23 -16 -24 26 -8 -3 -29 -13
right_child=2 3 14 4 -6 -7 7 11 -10 -11 -12 20 -14 17 18 16 -18 -19 19 -21 -22 -23 24 -25 -26 -27 -28 28 -30 -31
leaf_value=-0.00033193609414147593 -0.0032201765593666445 9.074046827921082e-05 0.0019594755829368759 -0.0010976410238016392 -6.8277328184884742e-05 -0.00079187277974484551 0.00029921705100594833 0.0014655178387359413 0.0043899144268415569 -0.0019684838449772223 -0.0017494518007283096 0.00086052374764897244 -0.0015284357423145491 0.0010389118535867965 -0.00021753870553319901 0.0029155487251499856 -0.0017285616080225609 -0.00050649413900927807 -2.4602059881506657e-05 0.0029389714291640223 -0.001853654555247708 -0.0043166211277603983 0.0011621691913967004 0.0035230913507373288 0.00055049654397028303 0.0021541729973898693 0.0026388705729179286 -0.00042507663854204767 0.0021040085616106665 -0.002149392316008436
leaf_weight=201 70 892 633 389 1605 1759 988 58 107 206 500 1609 313 191 220 225 50 1136 56 94 69 60 114 43 154 163 243 66 346 76
leaf_count=201 70 892 633 389 1605 1759 988 58 107 206 500 1609 313 191 220 225 50 1136 56 94 69 60 114 43 154 163 243 66 346 76
internal_value=8.7046e-05 -0.00653456 0.00911897 -0.00432408 -0.00799242 -0.0129087 0.00564236 0.00627208 0.0111595 -0.0245805 -0.0272792 0.0020461 -0.00981183 0.00119681 0.0197719 0.00939306 0.0230072 -0.00365211 0.0131232 0.0298013 0.0045584 0.00680412 0.00836466 -0.00132576 0.0178439 0.00802867 0.00588474 0.00613027 0.0150121 0.00566429
internal_weight=12636 7291 5345 6590 3959 2354 4031 3961 1836 595 701 2125 371 2631 1314 1729 275 1327 681 150 1754 1454 531 263 268 1394 1231 1304 412 1685
internal_count=12636 7291 5345 6590 3959 2354 4031 3961 1836 595 701 2125 371 2631 1314 1729 275 1327 681 150 1754 1454 531 263 268 1394 1231 1304 412 1685
is_linear=0
shrinkage=0.05


Tree=71
num_leaves=31
num_cat=0
split_feature=2 9 6 9 3 3 5 7 1 9 9 9 9 9 8 8 2 6 8 5 1 1 5 1 2 6 7 7 7 6
split_gain=63.6574 45.3702 49.3816 43.054 35.1219 42.3018 36.829 30.4293 26.5957 26.0723 62.1452 26.006 28.7188 25.5086 22.7744 25.4425 39.3979 26.6117 25.3565 22.7492 39.8705 23.6695 22.424 21.3296 20.1098 19.6291 19.3869 39.0593 21.0657 19.3822
threshold=996.50686274509815 12134.6975 0.71952396275653763 4022.0499999999988 20.500000000000004 6.5000000000000009 -0.83377653105606597 -0.93545056548590078 76.049019607843164 10198.277875000002 10271.191874999999 6915.8354999999983 4836.5499999999984 4719.7140000000018 -0.99763124042248752 0.91423533665985768 1003.1833333333335 0.96407344085605606 0.78725816212489719 -0.15101209918632377 93.382352941176478 67.735294117647072 -0.21861968191509915 29.93137254901961 1004.7049019607845 -0.99465740988130902 0.067682722635586057 1.0000000180025095e-35 -0.091260668982868151 0.99530134160901229
decision_type=2 2 2 2 2 2 2 2 2 2 2 2 2 2 2 2 2 2 2 2 2 2 2 2 2 2 2 2 2 2
left_child=1 2 3 -1 5 -5 11 -3 -9 -4 -11 12 13 -7 -2 17 26 18 24 21 -21 -12 -23 -8 -16 -25 27 28 29 -17
right_child=14 7 9 4 -6 6 23 8 -10 10 19 -13 -14 -15 15 16 -18 -19 -20 20 -22 22 -24 25 -26 -27 -28 -29 -30 -31
leaf_value=0.0043043407626537885 -0.0018342943983617661 -0.0026022343996497475 0.0017783117720621717 0.00058402491430670775 0.0010739222262943742 0.001861415610321715 -0.0018947249066111845 -0.00071734925036793943 7.3104701565604449e-05 -0.0037763470258058655 -0.0021398536225462673 -3.9001168842267568e-05 0.0022236500707432496 -0.0010006747191472925 -0.0001015782309589125 -0.00074739277839198654 -0.0020940173561180193 0.0014804457351805913 -0.0010265808757247668 0.0022844998914907989 -0.0020589371314997137 0.0020213541539456786 -0.0015498524631473638 0.0023067754951490494 -0.0016679572876245928 -0.00057499118002972416 -0.0011745458524968584 0.0028120425869422512 -0.0018409850951327579 0.0029006062907393731
leaf_weight=142 133 119 264 1827 755 53 384 752 1430 42 56 741 138 128 2076 99 132 126 261 131 40 300 77 61 83 2037 72 46 84 54
leaf_count=142 133 119 264 1827 755 53 384 752 1430 42 56 741 138 128 2076 99 132 126 261 131 40 300 77 61 83 2037 72 46 84 54
internal_value=-0.00017795 0.00187276 0.00383168 0.00224988 0.00161633 0.000195531 -0.00299181 -0.00423545 -0.00288594 0.0147091 0.00927357 0.00480679 0.0167188 0.00357143 -0.00631512 -0.00542189 -0.0158811 -0.00341578 -0.00458488 0.0133884 0.0287791 0.00725806 0.0117725 -0.006323 -0.00280093 -0.0043354 -0.00716292 -0.00123239 -0.00945378 0.00162338
internal_weight=12643 9477 7176 6266 6124 5369 3542 2301 2182 910 646 1060 319 181 3166 3033 487 2546 2420 604 171 433 377 2482 2159 2098 355 283 237 153
internal_count=12643 9477 7176 6266 6124 5369 3542 2301 2182 910 646 1060 319 181 3166 3033 487 2546 2420 604 171 433 377 2482 2159 2098 355 283 237 153
is_linear=0
shrinkage=0.05


Tree=72
num_leaves=31
num_cat=0
split_feature=0 0 9 0 9 6 3 9 3 6 3 0 2 9 3 9 5 5 7 0 6 9 3 5 2 2 2 3 6 4
split_gain=297.945 159.647 90.4819 54.5241 40.9632 46.3163 40.8286 32.3996 30.4817 29.5766 29.105 25.9061 25.4814 24.9475 24.5338 23.6804 23.4909 23.3805 26.3428 24.0913 22.7763 22.9381 22.5471 21.6456 49.9565 21.4849 19.678 18.4199 28.5106 21.4082
threshold=27.906862745098042 12.697058823529414 9302.3970625000002 41.504901960784323 10198.277875000002 0.73136292505298039 6.5000000000000009 4022.0499999999988 2.5000000000000004 -0.90531874877253482 16.500000000000004 19.485294117647062 993.49901960784325 12568.910374999999 10.500000000000002 14768.196750000001 1.0000000180025095e-35 0.022575936829235418 -0.91597725483594616 23.595098039215689 0.90438663683299525 11181.991500000002 15.500000000000002 0.61237135649459018 992.85980392156875 1002.1666666666667 986.53627450980412 8.5000000000000018 0.67644692717078936 5.5000000000000009
decision_type=2 2 2 2 2 2 2 2 2 2 2 2 2 2 2 2 2 2 2 2 2 2 2 2 2 2 2 2 2 2
left_child=1 6 23 15 5 7 9 12 -6 -1 14 25 -3 -5 -10 20 -15 18 -16 -19 22 -22 27 -2 -25 -9 -13 28 29 -4
right_child=2 4 3 13 8 -7 -8 11 10 -11 -12 26 -14 16 17 -17 -18 19 -20 -21 21 -23 -24 24 -26 -27 -28 -29 -30 -31
leaf_value=0.0011822155370562249 0.0016219488082055589 0.0062318644670680858 0.0024773043310507229 0.0020535121910106647 0.00036076160487160671 0.0056244058788985814 -0.001634109428846857 -0.00038992992515837142 -0.00046843197421800878 -0.00059599240379689397 -9.3322213695531958e-05 -0.001076073256798818 -0.00028658895679739007 -9.0698990983062447e-05 -0.0036184613340922351 -0.0023032042638158586 0.003362166755734153 -0.0022593993313471785 6.0861780175161534e-05 -0.00082856814560781651 0.0029859369593508629 0.00098242965743122745 0.0019096952552523196 0.0040174450216533377 -0.0025386964298825033 -0.0014596417027107262 0.00045196890584397467 -0.0010972543829982472 -0.0014315258424896339 -0.0018526740736758058
leaf_weight=63 822 88 238 108 374 115 637 2256 1075 260 960 372 46 72 57 138 139 331 197 135 96 317 425 110 57 63 2437 419 125 40
leaf_count=63 822 88 238 108 374 115 637 2256 1075 260 960 372 46 72 57 138 139 331 197 135 96 317 425 110 57 63 2437 419 125 40
internal_value=-0.000206792 -0.00461603 0.0132282 0.00738905 -0.00243329 0.000213834 -0.0239334 -0.000475014 -0.00698083 -0.00941358 -0.00879898 -0.00111133 0.0237037 0.0264062 -0.0125557 0.00400222 0.0162736 -0.0196949 -0.00745098 -0.0263383 0.00565924 0.0158213 0.00228365 0.0257071 0.00922619 -0.00502155 0.00211744 -0.00255164 0.00507426 0.0139785
internal_weight=12572 9466 3106 2117 8506 5377 960 5262 3129 323 2755 5128 134 319 1795 1798 211 720 254 466 1660 413 1247 989 167 2319 2809 822 403 278
internal_count=12572 9466 3106 2117 8506 5377 960 5262 3129 323 2755 5128 134 319 1795 1798 211 720 254 466 1660 413 1247 989 167 2319 2809 822 403 278
is_linear=0
shrinkage=0.05


Tree=73
num_leaves=31
num_cat=0
split_feature=0 0 0 9 9 5 5 8 8 9 5 9 7 0 2 1 5 0 1 6 0 2 2 5 0 5 8 1 9 2
split_gain=262.013 98.4035 70.1518 94.2813 53.443 38.0734 33.3794 26.8722 41.9503 30.5105 29.8101 38.1971 27.088 26.8501 26.7865 34.8302 43.7313 26.4474 24.0062 22.4451 21.8667 27.8824 21.6879 21.5815 21.3549 20.7405 26.827 29.5888 26.3977 20.1032
threshold=23.595098039215689 11.905882352941179 33.377450980392162 7193.7501875000025 13165.293374999996 0.91248814248966237 -0.18492532721306487 -0.32003627663099971 -0.56547028338718019 5121.4499999999998 -0.67166439702596292 4022.0499999999988 0.88618201382888007 15.706862745098041 986.97745098039229 80.382352941176478 -0.57078386445773377 46.379411764705893 95.284313725490208 0.99981043035926087 29.269607843137258 998.21078431372564 998.8686274509804 -0.99630266176052629 19.228431372549021 -0.99467753128998015 -0.94703994556331683 75.774509803921589 8695.4433125000014 999.87941176470611
decision_type=2 2 2 2 2 2 2 2 2 2 2 2 2 2 2 2 2 2 2 2 2 2 2 2 2 2 2 2 2 2
left_child=1 -1 3 20 14 7 -6 8 18 10 11 -9 22 -7 15 -4 -17 -8 23 24 21 -2 -10 -3 -11 -25 -27 28 -28 -30
right_child=2 5 4 -5 6 13 17 9 12 19 -12 -13 -14 -15 -16 16 -18 -19 -20 -21 -22 -23 -24 25 -26 26 27 -29 29 -31
leaf_value=-0.0012624856806774604 0.0033211861627710951 -0.0015474667295701254 0.0011239287166106894 3.4892737635340569e-05 -0.0019658068249380489 -0.0012702799632124126 0.00053720497055142764 0.0036173549841465205 0.0024167726767611087 -0.00066965644548556144 0.0010866364023534914 -0.0026431236362691791 -0.00018202251387363367 -0.00081319736275710104 0.0027980831648492634 -0.00012350094367924447 0.0016804777078827217 0.0039270940725274093 0.0017490694630338394 0.0017893490115465261 0.0019932898585316551 -0.0028534994050107843 0.00038069397675456339 0.0012154544325699236 -0.00018004435552106541 -0.0018695096371889042 -0.00011185965587448278 -0.0012192818341232011 0.0021235193358038113 -0.00067002453477789381
leaf_weight=695 705 179 125 2988 64 210 314 88 279 1815 295 139 206 760 392 160 198 46 72 43 262 75 123 60 1418 118 312 310 166 41
leaf_count=695 705 179 125 2988 64 210 314 88 279 1815 295 139 206 760 392 160 198 46 72 43 262 75 123 60 1418 118 312 310 166 41
internal_value=-0.000189588 -0.00632333 0.00824578 0.00498636 0.0183462 -0.00444612 0.00376471 -0.00287732 0.00203535 -0.00529087 0.00592734 -0.00767544 0.0128079 -0.0135942 0.0253995 0.0174587 0.00947075 0.00969529 -0.00317712 -0.00707965 0.0179291 0.0137004 0.0203474 -0.00488627 -0.0075603 -0.00203373 -0.00385021 -0.000662651 0.00663462 0.0204327
internal_weight=12658 7329 5329 4030 1299 6634 424 5664 1866 3798 522 227 608 970 875 483 358 360 1258 3276 1042 780 402 1186 3233 1007 947 829 519 207
internal_count=12658 7329 5329 4030 1299 6634 424 5664 1866 3798 522 227 608 970 875 483 358 360 1258 3276 1042 780 402 1186 3233 1007 947 829 519 207
is_linear=0
shrinkage=0.05


Tree=74
num_leaves=31
num_cat=0
split_feature=2 3 3 5 1 1 8 5 6 8 7 7 5 2 3 8 8 4 5 5 4 5 8 1 5 8 7 4 5 5
split_gain=51.6281 40.616 94.2053 43.2322 37.7326 25.4824 24.3923 22.6778 22.0676 20.5534 20.0365 19.792 20.7469 27.5567 19.1543 19.0359 27.1874 19.9094 18.6765 28.8834 27.1807 24.3263 23.8255 17.5239 26.7622 19.7247 16.8155 16.7455 16.1716 17.8213
threshold=999.54313725490204 17.500000000000004 8.5000000000000018 0.85226249403558707 65.51960784313728 15.421568627450982 0.89693010073300883 0.95242846126021108 -0.79904327102181261 0.9899370942838045 -0.998663445439673 0.93315540453694978 -0.13398594226331254 1005.7029411764707 15.500000000000002 -0.92272482904738262 -0.35846749276936624 1.5000000000000002 -0.59176244063315286 -0.42957681104363482 1.0000000180025095e-35 -0.36647417525074694 -0.9575230291762723 43.578431372549026 0.91596454896554913 -0.039769286347669845 0.70288017738294994 1.5000000000000002 0.96687895796550427 0.99700008544936913
decision_type=2 2 2 2 2 2 2 2 2 2 2 2 2 2 2 2 2 2 2 2 2 2 2 2 2 2 2 2 2 2
left_child=1 2 10 5 14 -4 15 -6 -3 -8 -1 12 13 27 -5 -7 17 26 22 20 -20 -21 -12 25 -25 -10 -17 -2 -9 -30
right_child=11 8 3 4 7 6 9 28 23 -11 18 -13 -14 -15 -16 16 -18 -19 19 21 -22 -23 -24 24 -26 -27 -28 -29 29 -31
leaf_value=-0.0027866733565755589 0.00042053316178577993 -0.00039195189175930125 -0.0014116791217313248 -0.0025115854116282243 -0.0017665078846393319 -0.0016486584699663244 0.0014522234376271343 0.0030681255994760102 0.0021138649630601846 -0.0013769204880520304 -0.00047143032186379652 0.00055140556228259758 -0.00098342460175911139 0.002770300502425424 -0.00044265405306221782 0.002366167571858624 -0.00046571906274012756 3.4856668778415757e-05 0.0025481523079245272 0.0011774428544701011 -0.0014506117486104463 0.00024692420056501434 0.0013206808632183183 0.00068297936704067033 -0.00037210905315687232 0.00022049784676095516 -9.8643720628277534e-05 -0.00074409568516680964 -0.00066169355812202438 0.0011665580055143024
leaf_weight=51 136 464 153 333 182 267 328 42 335 98 212 125 599 41 85 151 1843 477 52 106 244 2387 1109 1533 322 147 43 467 139 60
leaf_count=51 136 464 153 333 182 267 328 42 335 98 212 125 599 41 85 151 1843 477 52 106 244 2387 1109 1533 322 147 43 467 139 60
internal_value=0.00017954 0.0013033 -0.000442425 -0.00572347 -0.0158551 -0.00318358 -0.0022288 -0.0053066 0.0065132 0.0088993 0.00488948 -0.00898466 -0.0108923 -0.00465116 -0.0264916 -0.00393602 -0.00258449 0.00602679 0.00527852 0.00295699 -0.0117845 0.00471131 0.010174 0.00849016 0.00627694 0.0169772 0.0194872 -0.00736755 0.00475207 -0.00125
internal_weight=12531 11163 8362 4201 841 3360 3207 423 2801 426 4161 1368 1243 644 418 2781 2514 671 4110 2789 296 2493 1321 2337 1855 482 194 603 241 199
internal_count=12531 11163 8362 4201 841 3360 3207 423 2801 426 4161 1368 1243 644 418 2781 2514 671 4110 2789 296 2493 1321 2337 1855 482 194 603 241 199
is_linear=0
shrinkage=0.05


Tree=75
num_leaves=31
num_cat=0
split_feature=0 0 0 6 7 7 3 3 0 4 6 0 1 6 2 1 2 7 0 3 2 7 7 7 7 2 7 4 1 7
split_gain=237.646 105.03 64.2565 47.6692 34.4843 32.2069 29.419 37.6143 36.3926 27.7349 26.8988 26.1433 25.9294 25.3786 22.3467 20.4504 24.1564 40.5396 32.4512 19.7622 17.7557 17.5123 17.3688 21.9935 17.514 21.2439 23.6001 31.4308 20.4843 23.1252
threshold=23.264705882352946 12.057843137254904 33.904901960784322 -0.44505783185115427 -0.98214488425316759 -0.98214488425316759 8.5000000000000018 19.500000000000004 14.927450980392159 3.5000000000000004 -0.91249077947840473 26.118627450980394 63.323529411764717 -0.68432604233786842 983.26176470588246 86.107843137254918 986.53627450980412 0.17011757999667351 46.379411764705893 6.5000000000000009 969.64509803921578 -0.95244167294248061 -0.46801289393397988 -0.3098332921407298 0.4737060765891063 1003.1833333333335 -0.030099068566675755 4.5000000000000009 39.14705882352942 0.99274428880883148
decision_type=2 2 2 2 2 2 2 2 2 2 2 2 2 2 2 2 2 2 2 2 2 2 2 2 2 2 2 2 2 2
left_child=1 4 3 5 -1 -2 22 8 -8 -6 -11 12 13 19 20 -4 17 -17 -19 -7 -5 -22 -3 -24 25 26 -25 -28 -26 -30
right_child=2 6 15 14 9 11 7 -9 -10 10 -12 -13 -14 -15 -16 16 -18 18 -20 -21 21 -23 23 24 28 -27 27 -29 29 -31
leaf_value=0.00081531319808779152 -0.002739063820439622 -0.00043306330155839444 0.0016039922469982537 0.0015447351218124351 -0.00077456844361496822 0.0026341168097186065 -0.0011366691405356598 0.00013877431183307448 -0.00055837156298077365 -2.4008244009830761e-05 -0.0019229527057646281 0.0027551220199853511 -0.0014723436576696393 0.0061910211143962534 0.00045779870916446699 -0.000182701731911894 0.0011643522932388518 0.0011597730459737999 0.002397997531000862 -0.00088265271153081251 0.002225040865750233 -0.0011540049823795585 0.0012249272246002254 0.00063257756203222442 0.0010913681502230932 -0.0023051379360161024 -0.00125075069866058 0.00068406637563213357 0.00033272630411098074 -0.0013751862330231347
leaf_weight=45 52 744 551 61 326 42 468 1048 2296 49 328 452 134 98 2832 159 206 208 60 129 44 459 155 201 263 45 267 127 687 101
leaf_count=45 52 744 551 61 326 42 468 1048 2296 49 328 452 134 98 2832 159 206 208 60 129 44 459 155 201 263 45 267 127 687 101
internal_value=9.09954e-05 -0.00591526 0.00791727 0.00507667 -0.0236315 0.0152533 -0.00384195 -0.0066352 -0.00969259 -0.0263494 -0.035582 0.0175818 0.00829208 0.0172222 0.00235502 0.0182278 0.0120662 0.00525701 0.0171004 0.00552326 -0.00672566 -0.00982143 0.000270166 0.00286952 0.00121158 -0.00530421 -0.00276846 -0.00987342 0.00518061 0.00114068
internal_weight=12637 7150 5487 4303 748 907 6402 3812 2764 703 377 855 403 269 3396 1184 633 427 268 171 564 503 2590 1846 1691 640 595 394 1051 788
internal_count=12637 7150 5487 4303 748 907 6402 3812 2764 703 377 855 403 269 3396 1184 633 427 268 171 564 503 2590 1846 1691 640 595 394 1051 788
is_linear=0
shrinkage=0.05


Tree=76
num_leaves=31
num_cat=0
split_feature=3 3 1 9 9 7 9 1 7 5 9 2 5 9 5 5 6 9 3 5 9 1 9 9 7 7 9 9 6 2
split_gain=49.0491 72.2826 48.91 33.26 27.705 33.0945 23.6771 20.9204 20.3163 20.3168 20.1437 19.8597 21.7468 19.3712 23.5028 29.4179 18.5766 55.9548 18.7292 17.9971 16.4637 16.3131 19.6731 17.8416 15.4114 18.4887 21.4184 22.2121 15.5283 19.2838
threshold=18.500000000000004 8.5000000000000018 64.813725490196092 8622.4701250000016 4527.2620000000015 0.99463153969809781 15048.991749999999 97.460784313725512 -0.99940763397299126 0.99966190462023474 14580.972874999998 986.97745098039229 -0.97113884758256674 13485.0049375 -0.63921128368950708 -0.74441730022405961 0.95436825032516992 13120.487999999999 16.500000000000004 -0.97113884758256674 15373.275 29.93137254901961 8332.7556875000028 4152.9249999999993 0.97650828179861848 0.67008845381070758 7193.7501875000025 6713.7418749999979 -0.065537083312030994 986.62941176470599
decision_type=2 2 2 2 2 2 2 2 2 2 2 2 2 2 2 2 2 2 2 2 2 2 2 2 2 2 2 2 2 2
left_child=1 4 3 11 5 -1 -2 13 -6 10 -10 -3 -13 14 15 19 18 -18 -5 -4 -15 22 -14 -23 25 26 27 -16 -28 -30
right_child=6 2 7 16 8 -7 -8 -9 9 -11 -12 12 21 20 24 -17 17 -19 -20 -21 -22 23 -24 -25 -26 -27 28 -29 29 -31
leaf_value=0.0047508377395806883 0.00056035599435142814 0.00094091317803295387 -0.0012658594808344693 -0.0018176239864446859 -0.0020344624110059466 -0.00081057301307446705 -0.00079072154320493089 0.0017141397922628811 0.00029244396809182115 -0.0021185452893799166 -0.00044079625102109169 0.0027832099082663432 -0.0016745329380774693 -0.0011769112389718895 0.00075326538855140799 -0.0023206284759943771 0.0025312498648025761 -0.00098470410102290714 -0.00033784490092442221 0.00035110412340531584 0.00067083598808224129 0.0041178748504542258 0.00097502049572947835 -0.00047026452606075688 0.0022628728898963393 -0.0013655611512017039 -0.00072504487697065689 0.0026047445205517996 -0.00019951890682683439 0.00083092616824684273
leaf_weight=108 2526 47 239 705 50 47 109 105 4078 44 463 75 363 522 110 134 45 188 173 491 51 44 51 622 58 231 328 68 181 401
leaf_count=108 2526 47 239 705 50 47 109 105 4078 44 463 75 363 522 110 134 45 188 173 491 51 44 51 622 58 231 328 68 181 401
internal_value=-0.000169853 -0.00176594 -0.0058284 -0.0112576 0.00267168 0.0233974 0.00589909 -0.00152397 0.00197368 0.00232229 0.00265302 -0.00548628 -0.00679066 -0.00234458 -0.000245317 -0.0067052 -0.017491 -0.00491453 -0.0208191 -0.00273598 -0.0105401 -0.00860315 -0.0163855 -0.00374813 0.00380987 0.00268939 0.00541781 0.0212291 0.00230516 0.00720412
internal_weight=12657 10022 5232 2313 4790 155 2635 2919 4635 4585 4541 1202 1155 2814 2241 864 1111 233 878 730 573 1080 414 666 1377 1319 1088 178 910 582
internal_count=12657 10022 5232 2313 4790 155 2635 2919 4635 4585 4541 1202 1155 2814 2241 864 1111 233 878 730 573 1080 414 666 1377 1319 1088 178 910 582
is_linear=0
shrinkage=0.05


Tree=77
num_leaves=31
num_cat=0
split_feature=2 5 5 4 4 5 6 6 5 2 5 5 1 5 5 7 2 6 6 6 2 7 8 8 7 6 2 2 7 7
split_gain=39.9701 24.7187 40.6092 32.1568 24.4973 30.3889 36.4418 29.9892 57.1655 29.8983 27.4273 25.8887 35.3674 24.7868 27.5623 27.4444 23.3658 22.9406 30.982 21.3625 21.1307 20.4191 19.9719 31.6378 31.0551 24.2954 24.1333 20.5073 24.8292 24.0357
threshold=996.50686274509815 0.89787622492179153 0.83376496542330847 1.0000000180025095e-35 1.5000000000000002 -0.59176244063315286 0.78724360164103002 0.98486764554468398 0.022575936829235418 966.38431372549041 0.14250626876356556 -0.99630266176052629 93.990196078431396 0.72695311118111527 0.65233619298682533 0.99463153969809781 991.43431372549026 -0.99168640063982161 -0.93845867424155849 -0.99465740988130902 995.4696078431374 -0.9470547246821871 0.91423533665985768 0.99865940500831329 1.0000000180025095e-35 0.96177147954086928 1002.8539215686276 1002.1666666666667 -0.90893575921103265 0.067682722635586057
decision_type=2 2 2 2 2 2 2 2 2 2 2 2 2 2 2 2 2 2 2 2 2 2 2 2 2 2 2 2 2 2
left_child=1 2 4 20 13 6 11 9 -9 -7 -10 12 -6 14 15 17 -15 -1 -19 -11 -3 -20 25 26 -25 27 -24 28 -2 -30
right_child=22 3 -4 -5 5 7 -8 8 10 19 -12 -13 -14 16 -16 -17 -18 18 21 -21 -22 -23 23 24 -26 -27 -28 -29 29 -31
leaf_value=-0.0025718303172216021 0.00089965520495755783 -0.0013922809349822222 0.0020223886210606642 -0.00011799362317014978 -0.0016151783419985689 0.0023501617973733183 0.0045778427775664881 0.0033880730951995289 -0.0018966026778900358 0.0024318970350424296 0.0014536189835986702 0.00045342345854281906 0.0044808921296183085 -0.0025038276642791167 0.0030733982250573558 -0.0014805474052727503 0.00018449483687432711 0.0029643033267768904 -0.00032367209742906747 -0.00046867608857954491 0.00068335097986148849 0.00092089252424176629 -0.00064397695879955255 -0.00043992721994661269 0.0029704683016852891 0.00088135616474369354 -0.0022520293292351101 -0.00094618504548766864 -0.00065599375197968046 0.00011186488392206373
leaf_weight=75 276 180 298 1375 199 44 60 106 173 80 74 1992 41 67 75 60 110 151 160 2615 46 1510 248 74 50 135 101 278 1137 845
leaf_count=75 276 180 298 1375 199 44 60 106 173 80 74 1992 41 67 75 60 110 151 160 2615 46 1510 248 74 50 135 101 278 1137 845
internal_value=-0.000106838 0.0015118 0.00266126 -0.00415106 0.00194916 0.000129991 0.00449193 -0.00310378 0.0105932 -0.00487226 -0.00262097 0.00344828 -0.0120332 0.00638298 0.00794783 0.00679612 -0.0115169 0.00785451 0.00897366 -0.00554525 -0.0215859 0.0070018 -0.00499205 -0.0144515 0.0072 -0.00331213 -0.0221429 -0.00441466 -0.00283311 -0.00479072
internal_weight=12635 9491 7890 1601 7592 5384 2292 3092 353 2739 247 2232 240 2208 2031 1956 177 1896 1821 2695 226 1670 3144 473 124 2671 349 2536 2258 1982
internal_count=12635 9491 7890 1601 7592 5384 2292 3092 353 2739 247 2232 240 2208 2031 1956 177 1896 1821 2695 226 1670 3144 473 124 2671 349 2536 2258 1982
is_linear=0
shrinkage=0.05


Tree=78
num_leaves=31
num_cat=0
split_feature=3 3 1 5 2 5 8 8 7 7 5 8 3 7 4 5 6 7 7 5 7 7 2 7 8 7 1 2 8 5
split_gain=36.0004 85.7585 45.4704 45.1579 28.2814 24.0391 22.4134 44.0535 29.9568 25.5808 22.3618 21.6414 21.5187 20.868 21.8766 20.8232 19.3647 19.3599 31.2425 19.7439 19.276 18.7261 18.2791 18.1648 16.8906 25.8124 22.4328 22.6988 19.7968 35.2885
threshold=17.500000000000004 8.5000000000000018 62.323529411764717 0.66527693225344786 1002.1666666666667 0.99700008544936913 0.42763731121559989 0.45847758937963173 -0.77245553105869302 -0.70291267844185523 -0.98803845231459242 0.39629089145655322 15.500000000000002 -0.015051239303264097 1.5000000000000002 -0.45274443793211405 -0.49065906150552346 -0.63920832810365535 -0.45943279258162384 0.83376496542330847 0.5331367478917558 0.61746692340271048 996.68921568627457 -0.12546116083924153 -0.95244002147885598 0.033323506451456063 50.872549019607852 996.05588235294135 -0.84313311835787952 0.94978112945126536
decision_type=2 2 2 2 2 2 2 2 2 2 2 2 2 2 2 2 2 2 2 2 2 2 2 2 2 2 2 2 2 2
left_child=1 6 3 4 10 12 24 -8 15 -10 -3 17 -5 23 -15 -9 -4 19 -19 -2 -12 -22 -11 -13 25 -1 -27 -28 -26 -30
right_child=11 2 16 5 -6 -7 7 8 9 22 20 13 -14 14 -16 -17 -18 18 -20 -21 21 -23 -24 -25 28 26 27 -29 29 -31
leaf_value=0.0004876399930582018 0.00070853550370871552 -0.0018134737014465177 0.00077140510440181507 -0.0026677682679103355 -0.0013462980685030352 0.00040404923380642503 -0.0021490505379038738 9.0083123706549695e-05 0.0012976231794122552 0.0002845110032798859 0.00011250338848176334 -0.00022951041855140408 -0.00041929028608060919 0.0016439421495532153 -9.4536327791439067e-06 -0.0020309380893268301 -0.00030788160871137452 -0.00096866056798883835 0.00067322442657758721 0.0024363055095291187 -0.0026154738073854824 -0.00060556671902533697 -0.00055555090635287484 -0.0020920826721286278 0.0013596758538601623 -0.0020114279954624669 -0.00085105997415740875 0.001964718567340179 0.00053347450085653727 -0.0016265923554269106
leaf_weight=282 469 88 515 386 135 47 54 53 59 961 701 432 91 157 425 74 2242 124 1399 111 43 436 368 46 428 40 121 59 2158 56
leaf_count=282 469 88 515 386 135 47 54 53 59 961 701 432 91 157 425 74 2242 124 1399 111 43 436 368 46 428 40 121 59 2158 56
internal_value=0.000175145 -0.00137795 -0.00616862 -0.0120591 -0.00737179 -0.0245714 0.00338354 -0.00149682 9.89446e-05 0.00223182 -0.00504334 0.00478824 -0.0279289 -0.00103676 0.00531732 -0.0230469 -0.00204859 0.00772338 0.00475722 0.0154905 -0.00321761 -0.0109375 0.000789474 -0.00876827 0.00581876 -0.00258449 -0.0153846 -0.00773481 0.00741582 0.0055079
internal_weight=12560 9397 4684 1927 1403 524 4713 1569 1515 1388 1268 3163 477 1060 582 127 2757 2103 1523 580 1180 479 1329 478 3144 502 220 180 2642 2214
internal_count=12560 9397 4684 1927 1403 524 4713 1569 1515 1388 1268 3163 477 1060 582 127 2757 2103 1523 580 1180 479 1329 478 3144 502 220 180 2642 2214
is_linear=0
shrinkage=0.05


Tree=79
num_leaves=31
num_cat=0
split_feature=3 3 1 5 3 4 5 5 9 9 6 1 6 9 4 6 9 1 1 1 3 6 9 9 2 8 8 9 5 4
split_gain=40.5359 50.6733 44.3268 31.2241 38.537 29.3099 22.5816 47.8488 22.1663 21.8294 21.7016 20.8314 18.9331 18.8092 22.2314 17.3885 17.8374 17.302 16.8627 16.5971 15.6955 16.2754 15.1603 14.4436 14.3662 13.2639 20.4348 18.6969 25.9695 17.8198
threshold=20.500000000000004 7.5000000000000009 63.323529411764717 0.22700754078277605 15.500000000000002 3.5000000000000004 -0.98523971305672675 -0.97113884758256674 5943.6702500000001 14580.972874999998 -0.7444366621422277 37.127450980392162 0.97832380634958016 13652.844500000003 1.0000000180025095e-35 0.96633974041180493 15612.482750000001 33.00980392156864 96.460784313725512 17.127450980392158 16.500000000000004 -0.89787881968372518 4361.3500000000004 4152.9249999999993 991.43431372549026 0.2332836900311728 0.283138326639013 5834.9750000000013 0.95242846126021108 5.5000000000000009
decision_type=2 2 2 2 2 2 2 2 2 2 2 2 2 2 2 2 2 2 2 2 2 2 2 2 2 2 2 2 2 2
left_child=1 9 3 5 10 6 -3 -8 -2 23 11 -5 15 14 -6 16 -11 -16 20 -9 25 -22 -7 -1 -14 27 -27 -4 -29 -30
right_child=8 2 18 4 13 22 7 19 -10 12 -12 -13 24 -15 17 -17 -18 -19 -20 -21 21 -23 -24 -25 -26 26 -28 28 29 -31
leaf_value=0.0028441918243663046 0.0019300812373028054 -0.0014855616317607735 0.00083449774348267063 -0.0006950186439937348 -0.001811413228871911 0.0026485399570940205 0.0032228655151763544 -0.0010410627514053472 0.00034828048484504965 -0.00053619988228596792 -0.0020193450500343604 0.0015335006014106471 0.00059994534703902149 -0.0013608665075099742 0.0014641543126629381 0.0025890093107210897 0.00077001907005705634 -0.00013851531456667566 0.0012266352507045554 0.00017467441239604894 -0.0019603036565506659 0.00053812283221994501 -0.0010234052321062268 0.00029515551591380171 -0.0020821421837172913 0.002971849537870708 -3.0176837245458889e-05 -0.0010783112410430813 -5.2423191036765626e-06 0.0041468737341234865
leaf_weight=61 273 77 230 45 50 59 74 125 1336 154 577 42 46 56 111 44 44 191 231 783 60 1044 749 3754 112 45 966 1061 227 42
leaf_count=61 273 77 230 45 50 59 74 125 1336 154 577 42 46 56 111 44 44 191 231 783 60 1044 749 3754 112 45 966 1061 227 42
internal_value=-0.000114444 -0.00119338 -0.00384896 -0.00848639 -0.0152842 -0.00457709 0.000896226 0.00295015 0.00729814 0.00311907 -0.0227068 0.000568182 -0.00798005 -0.00317848 0.00113314 0.000823045 -0.00552764 0.00627063 -0.000358331 -0.000220022 -0.00118335 0.0038009 -0.0117429 0.00428459 -0.0213836 -0.00332426 0.00113636 -0.00621397 -0.00848986 0.00537037
internal_weight=12669 11060 6845 2939 1072 1867 1059 982 1609 4215 664 87 400 408 352 242 198 302 3906 908 3675 1104 808 3815 158 2571 1011 1560 1330 269
internal_count=12669 11060 6845 2939 1072 1867 1059 982 1609 4215 664 87 400 408 352 242 198 302 3906 908 3675 1104 808 3815 158 2571 1011 1560 1330 269
is_linear=0
shrinkage=0.05


Tree=80
num_leaves=31
num_cat=0
split_feature=9 1 1 6 7 4 5 5 1 2 1 9 6 9 2 2 6 5 2 5 2 9 1 2 6 4 5 5 3 3
split_gain=38.112 42.7586 38.3426 35.6412 32.6852 28.2426 35.9332 32.6973 26.2888 26.2398 32.5163 25.9093 24.4915 24.3843 23.4759 29.6672 27.8113 44.1884 33.6953 26.8225 45.1261 26.373 26.266 24.9076 30.5714 22.861 21.9423 32.968 23.5406 25.0273
threshold=9733.5883750000012 15.421568627450982 69.284313725490208 0.36447543099728863 -0.92273922871446856 3.5000000000000004 -0.065535378769913874 0.99552231814189451 37.578431372549026 999.64411764705903 85.480392156862749 12057.643624999999 0.92519182738459482 12756.855499999998 986.62941176470599 997.19705882352957 -0.013976481981245173 -0.99630266176052629 996.45588235294133 -0.92923668111203805 989.83823529411768 7420.3617500000046 71.166666666666671 988.22450980392171 -0.67168186667784702 4.5000000000000009 -0.88622299073327826 -0.861146256326485 6.5000000000000009 20.500000000000004
decision_type=2 2 2 2 2 2 2 2 2 2 2 2 2 2 2 2 2 2 2 2 2 2 2 2 2 2 2 2 2 2
left_child=1 -1 4 14 -2 7 11 8 -6 10 -5 -7 -10 -14 21 16 17 -16 -18 20 -19 22 -3 24 -21 -22 -25 -28 -29 -30
right_child=2 3 -4 9 5 6 -8 -9 12 -11 -12 -13 13 -15 15 -17 18 19 -20 23 25 -23 -24 26 -26 -27 27 28 29 -31
leaf_value=-0.00074936374006749705 -0.0024637581388184341 0.00091550316952219166 9.6448448633407183e-06 0.002157182768806365 0.00066155763555857951 -0.00063125931133452273 -0.0012764230786833086 -0.0018522478777017876 -0.00068500419451825449 -0.00013789819728962649 9.7902833040064419e-05 0.0011212276930084393 0.0013477966009424081 -5.5551764487571381e-06 -0.0024386957456962984 -0.00055100504455806722 0.0039946489343770436 -0.00052644951605370087 -0.0021517654604931943 -0.00024664980065523535 0.003049746143343449 -0.0010001132433928694 -0.000144483381925975 -0.0032102407713701419 0.002738978052026747 0.0001038701176096557 0.0055507711173610032 0.00086302702044442354 -0.00043397517464014438 0.0012089025282837563
leaf_weight=572 131 129 3598 352 423 167 676 72 543 203 171 121 49 202 89 681 222 86 56 143 264 341 255 144 201 99 56 744 1495 333
leaf_count=572 131 129 3598 352 423 167 676 72 543 203 171 121 49 202 89 681 222 86 56 143 264 341 255 144 201 99 56 744 1495 333
internal_value=-0.000198114 0.00241073 -0.00309209 0.00364386 -0.00800839 -0.00658829 -0.013057 -0.00174419 0.000205255 0.0140303 0.0199427 0.0017301 -0.00515723 0.0077381 0.00222888 0.00354356 0.00521231 0.00404925 0.0204301 0.00492148 0.0163333 -0.00612948 0.00285714 0.00327238 0.015942 0.0240385 0.00169492 0.00273868 0.00190439 -0.00114817
internal_weight=12618 6636 5982 6064 2384 2253 964 1289 1217 726 523 288 794 251 5338 4613 3932 3654 278 3565 449 725 384 3116 344 363 2772 2628 2572 1828
internal_count=12618 6636 5982 6064 2384 2253 964 1289 1217 726 523 288 794 251 5338 4613 3932 3654 278 3565 449 725 384 3116 344 363 2772 2628 2572 1828
is_linear=0
shrinkage=0.05


Tree=81
num_leaves=31
num_cat=0
split_feature=0 0 6 0 7 1 5 0 3 3 0 7 3 0 5 6 7 5 2 2 1 6 4 6 0 5 1 7 7 5
split_gain=203.955 93.8417 32.5552 37.1667 36.2105 35.2689 34.9163 42.8254 27.8564 34.4263 30.3174 22.5775 20.1752 23.0023 18.7023 18.4386 18.276 23.5814 17.4386 17.4167 17.3401 25.4112 31.8759 18.3547 17.3186 19.6108 16.0634 16.0562 15.8173 15.6958
threshold=24.214705882352945 12.057843137254904 -0.42958798411962301 33.632352941176478 -0.97509344079810367 87.97058823529413 -0.2270106897347694 46.379411764705893 8.5000000000000018 17.500000000000004 14.927450980392159 -0.46801289393397988 5.5000000000000009 10.168627450980393 0.54219432480460406 -0.97874870457683594 -0.83377653105606597 0.77244481603295057 983.97549019607857 983.26176470588246 73.333333333333357 -0.12545862287572049 4.5000000000000009 -0.27694043983797384 26.118627450980394 -0.73282214301478099 46.323529411764717 0.99196248624718542 0.59004413292372648 0.91248814248966237
decision_type=2 2 2 2 2 2 2 2 2 2 2 2 2 2 2 2 2 2 2 2 2 2 2 2 2 2 2 2 2 2
left_child=1 12 4 19 -2 -5 18 27 11 10 14 16 13 -1 -10 -11 17 -3 -7 -4 21 22 23 28 25 -6 -17 -8 -21 -28
right_child=2 8 3 5 24 6 7 -9 9 15 -12 -13 -14 -15 -16 26 -18 -19 -20 20 -22 -23 -24 -25 -26 -27 29 -29 -30 -31
leaf_value=-0.0011705339630444602 -0.0023403324875763964 -0.00022419160344209905 -0.0004953876392262607 0.001386340420197041 0.0067807323085463892 -0.00018677389302327319 -1.0664836400631207e-05 0.0024198214454908221 -0.00078937057797783547 -0.0022723395060724599 -0.00062432346938934432 0.00016123093784539829 -0.0014438016318195426 0.00014921092568207368 -0.0016618004794176308 0.00048353382028759953 -0.0010119691434759381 0.0023011717309340709 -5.8104675667136625e-06 -0.0017662867371913138 0.00092535118380779324 -0.00050013304131518721 -0.0041179922475989561 0.0039453763808312671 0.0021160009419838978 6.0739478410176684e-05 -3.0890363725200042e-05 0.0027999896342133707 0.0029577082999517391 -0.0012568747415382055
leaf_weight=74 45 364 500 619 57 87 244 67 303 82 2043 1976 549 123 134 516 393 59 135 71 1282 854 53 91 549 207 925 46 48 193
leaf_count=74 45 364 500 619 57 87 244 67 303 82 2043 1976 549 123 134 516 393 59 135 71 1282 854 53 91 549 207 925 46 48 193
internal_value=-0.00070528 -0.00577893 0.00721348 0.00535627 0.0160652 0.0127606 0.00387931 0.0135475 -0.00397768 -0.0065523 -0.0103184 -0.000107411 -0.0226238 -0.00883838 -0.0222603 -0.00110658 -0.00709914 0.000117925 -0.0116592 0.0022931 0.0040625 -0.00049195 0.0130682 0.0218009 0.0184889 0.00792453 6.11621e-05 0.00515464 0.00875 -0.00330652
internal_weight=12689 7734 4955 4097 858 1198 579 357 6988 4196 2480 2792 746 197 437 1716 816 423 222 2899 2399 1117 263 210 813 264 1634 290 119 1118
internal_count=12689 7734 4955 4097 858 1198 579 357 6988 4196 2480 2792 746 197 437 1716 816 423 222 2899 2399 1117 263 210 813 264 1634 290 119 1118
is_linear=0
shrinkage=0.05


Tree=82
num_leaves=31
num_cat=0
split_feature=0 0 6 3 3 9 7 9 5 0 0 7 7 7 7 9 8 0 0 3 7 8 8 3 3 8 7 6 7 6
split_gain=160.887 87.8284 43.6618 33.8474 36.7744 31.6819 38.5809 22.9676 37.1159 32.1973 30.9106 59.1816 22.0057 24.3709 40.7062 23.6226 21.7072 20.0544 19.0198 29.7697 18.659 18.5895 17.7778 17.626 31.0504 32.1124 31.5136 22.396 19.7592 21.8121
threshold=14.927450980392159 28.383333333333336 -0.78858226040708135 8.5000000000000018 18.500000000000004 4527.2620000000015 0.99683609994235922 13193.419375000003 -0.2270106897347694 46.379411764705893 32.453921568627457 -0.94139628442229062 -0.998663445439673 -0.83377653105606597 -0.80418297442179409 10462.707375 -0.7614016681079937 41.504901960784323 20.397058823529417 8.5000000000000018 -0.86976336936302323 -0.99940590107385374 -0.99940590107385374 8.5000000000000018 16.500000000000004 0.68274389090025245 -0.59869031648930193 -0.73284120334876357 -0.45943279258162384 0.8511460603353429
decision_type=2 2 2 2 2 2 2 2 2 2 2 2 2 2 2 2 2 2 2 2 2 2 2 2 2 2 2 2 2 2
left_child=3 5 -3 -1 -5 6 18 10 -9 -10 -4 17 -7 15 -15 -14 22 -12 19 -2 -17 -16 -13 28 25 -25 -27 -26 -23 -30
right_child=1 2 7 4 -6 12 -8 8 9 -11 11 16 13 14 21 20 -18 -19 -20 -21 -22 23 -24 24 27 26 -28 -29 29 -31
leaf_value=-0.00028955598174623952 0.0082982964453518996 0.0024027078084532419 0.00050069479215603119 -0.0011703096676418244 -0.00015757195502102834 -0.0022918297736795796 -0.0021681003618646668 -0.0033659114662535961 4.4365668964307939e-05 0.003289309518708994 5.8354897238777074e-05 0.0037255994666483441 0.0010939985979633554 -0.0024621397974832039 -0.0016739792533148751 -0.00054208924242152778 0.0014754242010913965 -0.00016917183645137059 0.0072568653242748252 -0.00057724397867349735 0.0019002766797702798 -0.00059655305845039426 0.00064238921883638667 -0.0011896679077762783 -0.00090358155740241511 0.0024401412860047822 -0.00012112198762254667 0.00030392040006261558 0.00064539607336021885 -0.0004951083561287276
leaf_weight=864 45 174 921 754 291 118 63 52 699 48 76 46 710 133 87 324 528 50 117 79 48 382 300 1326 458 54 489 1447 1508 338
leaf_count=864 45 174 921 754 291 118 63 52 699 48 76 46 710 133 87 324 528 50 117 79 48 382 300 1326 458 54 489 1447 1508 338
internal_value=-0.000331205 0.00207137 0.00949914 -0.0136911 -0.0197419 -0.00071179 0.015082 0.00793826 0.0008125 0.00367647 0.0109001 0.016983 -0.00136064 -0.001013 -0.00221758 0.00590951 0.0216 -0.0149606 0.0241736 0.0104 -0.00428954 -0.00161741 0.0118156 -0.00128269 -0.00336424 -0.00794118 0.00229779 0.00112802 0.00224316 0.00438549
internal_weight=12529 10620 2894 1909 1045 7726 304 2720 799 747 1921 1000 7422 7304 6222 1082 874 126 241 124 372 6089 346 6002 3774 1869 543 1905 2228 1846
internal_count=12529 10620 2894 1909 1045 7726 304 2720 799 747 1921 1000 7422 7304 6222 1082 874 126 241 124 372 6089 346 6002 3774 1869 543 1905 2228 1846
is_linear=0
shrinkage=0.05


Tree=83
num_leaves=31
num_cat=0
split_feature=0 0 0 9 9 5 6 3 3 5 5 5 0 5 2 5 5 5 6 2 7 1 6 6 1 1 7 6 2 6
split_gain=168.161 68.7751 42.4193 43.2343 41.9109 34.2584 32.1719 29.6403 37.4078 29.3106 29.1975 28.8122 25.5022 25.6954 23.4888 22.2366 23.1928 38.4763 21.7359 23.9269 20.4135 18.4159 17.6595 20.1189 17.0595 16.8613 16.8327 16.2273 20.5656 25.0402
threshold=21.377450980392158 11.320588235294119 30.89901960784314 12527.411750000001 7118.0913750000027 -0.57078386445773377 -0.22700609751797865 8.5000000000000018 19.500000000000004 0.67802080537253961 -0.72696319516528884 -0.95244167294248061 14.599019607843138 -0.28519255817492867 992.40882352941196 0.99966190462023474 0.9550229469509578 0.94138322595482449 0.36447543099728863 989.51862745098049 -0.998663445439673 77.539215686274517 0.9989598388634241 0.99249573635719013 59.14705882352942 52.970588235294123 -0.95753797188986722 -0.91249077947840473 997.49313725490208 0.51849435583340198
decision_type=2 2 2 2 2 2 2 2 2 2 2 2 2 2 2 2 2 2 2 2 2 2 2 2 2 2 2 2 2 2
left_child=1 26 4 5 6 10 11 -3 12 -7 18 -2 13 -9 -11 16 17 20 19 21 -6 -4 23 -22 -5 -25 -1 -28 -29 -30
right_child=2 7 3 24 15 9 -8 8 -10 14 -12 -13 -14 -15 -16 -17 -18 -19 -20 -21 22 -23 -24 25 -26 -27 27 28 29 -31
leaf_value=4.1278771687833229e-05 -0.0026615107952066676 -4.3817386147226856e-07 0.00089753715894927985 -0.0023898438886370611 -0.0045652540967342729 0.0017645316694779535 0.0047570021472665095 -0.00061191506865618673 7.1571796827807346e-05 0.0035393194933159289 -3.5575788485708858e-05 0.0012583183812397065 -0.00062318010219649669 -0.0014725880921304252 -0.00054664791117708673 -0.0016855233921938995 0.00099450305941947985 -0.0022614820801424794 0.0021498153510061345 0.0023344651113350713 1.8980665031786972e-05 -0.00018829504109720843 -0.0039948602114333693 0.0032790189830268256 0.0003967121825578457 -0.00075253551095616489 -0.00015821223412782609 -0.00178891557023034 0.00062420101672863238 -0.0010919194449680242
leaf_weight=49 64 2211 79 58 41 337 160 248 865 154 131 970 1859 225 98 69 535 125 134 122 2596 151 46 70 687 41 62 243 48 156
leaf_count=49 64 2211 79 58 41 337 160 248 865 154 131 970 1859 225 98 69 535 125 134 122 2596 151 46 70 687 41 62 243 48 156
internal_value=-0.000102889 -0.00620077 0.00535313 0.0115523 0.0027872 0.0173985 0.0108787 -0.00447402 -0.00755159 0.0260169 0.00914239 0.00763285 -0.0108444 -0.0212025 0.0130435 4.25653e-05 0.000607815 -0.00114726 0.0147844 0.0082153 7.15564e-05 -0.0012987 0.000599129 0.00112629 0.00207775 0.021875 -0.022898 -0.0255882 -0.0289063 -0.0170732
internal_weight=12634 5966 6668 1951 4717 1206 1194 5408 3197 589 617 1034 2332 473 252 3523 3454 2919 486 352 2794 230 2753 2707 745 111 558 509 447 204
internal_count=12634 5966 6668 1951 4717 1206 1194 5408 3197 589 617 1034 2332 473 252 3523 3454 2919 486 352 2794 230 2753 2707 745 111 558 509 447 204
is_linear=0
shrinkage=0.05


Tree=84
num_leaves=31
num_cat=0
split_feature=0 0 9 8 5 5 1 5 0 5 9 6 1 9 1 4 0 0 9 7 8 4 0 7 6 7 5 4 0 5
split_gain=150.763 83.1492 37.6445 30.5554 29.8997 31.9348 27.5093 27.3734 55.9846 26.9768 26.4573 30.7779 31.2576 24.9261 24.9072 24.6827 22.8187 21.5021 33.2783 26.4629 26.4069 21.4568 28.0498 21.1598 20.6582 19.0753 18.925 21.4589 18.3028 17.8303
threshold=24.377450980392162 11.107843137254905 12134.6975 0.64415777744009783 0.89787622492179153 0.77244481603295057 93.205882352941202 1.0000000180025095e-35 45.304901960784328 0.022575936829235418 15469.050000000001 0.98899263613956456 26.813725490196081 11550.812250000001 40.617647058823536 1.5000000000000002 13.387254901960786 30.738235294117647 5882.3499999999995 -0.99275346941927067 0.56192200557241578 4.5000000000000009 15.426470588235295 -0.8431462759492121 0.47369649395226454 -0.95753797188986722 -0.99630266176052629 2.5000000000000004 18.288235294117651 -0.99467753128998015
decision_type=2 2 2 2 2 2 2 2 2 2 2 2 2 2 2 2 2 2 2 2 2 2 2 2 2 2 2 2 2 2
left_child=1 25 3 17 5 9 14 15 -9 10 11 26 -13 21 -5 -4 -11 18 -2 -20 23 -6 -23 -21 -7 -1 27 -3 -26 -28
right_child=2 4 7 6 13 24 -8 8 -10 16 -12 12 -14 -15 -16 -17 -18 -19 19 20 -22 22 -24 -25 28 -27 29 -29 -30 -31
leaf_value=9.3826311921881017e-05 0.002165932396081649 -0.0018996627867764128 -0.0021740903355330606 -0.00013145877771497951 -0.00077840598715349374 0.0012477759818183692 -0.00048092476577576981 0.00013936827441905219 0.002566907964985632 -0.0009558242320836408 -0.0018691242871623475 -5.9883527840961379e-05 0.0032228255979824833 -0.0012930462592437284 0.0026554640118896635 -7.8845538742639009e-05 -0.00036687263625774378 0.00094923502932109383 -0.0065992555776128508 0.0020995901122786045 -0.0031906193570687804 -0.00096588197644597315 0.0010027548035215217 0.00016017775305234296 -0.00085157649975598361 -0.0013138208853528716 0.0018396080214354794 -0.00024565811158741015 0.00061048915333854767 -5.663588643959883e-05
leaf_weight=51 245 93 155 66 729 280 59 1086 77 193 52 74 76 180 381 312 1427 916 45 253 60 45 237 1090 60 460 55 115 154 3576
leaf_count=51 245 93 155 66 729 280 59 1086 77 193 52 74 76 180 381 312 1427 916 45 253 60 45 237 1090 60 460 55 115 154 3576
internal_value=-0.000388796 -0.00463858 0.0066477 0.00986842 -0.00328025 -0.00187622 0.0211045 0.000490497 0.00459622 -0.00294066 -0.000754577 -0.000288221 0.0218543 -0.0105285 0.0253348 -0.00972222 -0.00838988 0.00768199 0.00433884 0.00144928 0.00267094 -0.00746047 0.00424028 0.00412946 0.010303 -0.0241211 -0.00115885 -0.0157895 -0.00139535 -0.00031663
internal_weight=12602 7857 4745 3115 7346 6155 506 1630 1163 5661 4041 3989 150 1191 447 467 1620 2609 1693 1448 1403 1011 282 1343 494 511 3839 208 214 3631
internal_count=12602 7857 4745 3115 7346 6155 506 1630 1163 5661 4041 3989 150 1191 447 467 1620 2609 1693 1448 1403 1011 282 1343 494 511 3839 208 214 3631
is_linear=0
shrinkage=0.05


Tree=85
num_leaves=31
num_cat=0
split_feature=0 0 6 1 0 7 0 5 9 7 2 2 7 7 9 9 6 7 0 1 9 9 6 4 4 0 5 5 2 1
split_gain=145.278 73.514 42.5789 39.5093 27.6671 50.7659 24.9198 27.3439 24.8731 26.9446 26.5199 21.8454 29.3875 24.3972 21.5626 24.9169 25.4792 24.7154 24.9772 24.2661 21.1428 20.3233 17.8995 19.8456 16.2035 15.7627 15.5821 20.0367 14.7042 14.6118
threshold=26.118627450980394 14.927450980392159 -0.70900320270980455 67.107843137254918 48.400980392156875 -0.69057042736241547 10.168627450980393 -0.28519255817492867 4527.2620000000015 0.99683609994235922 995.4696078431374 982.47352941176484 0.99196248624718542 -0.99629805505515945 10736.109750000001 11152.979250000002 0.51849435583340198 -0.61237701952678392 38.557843137254913 68.127450980392169 15273.324999999999 11201.173687499997 0.51849435583340198 4.5000000000000009 5.5000000000000009 29.375490196078434 0.99966190462023474 0.99700008544936913 999.42156862745117 82.735294117647072
decision_type=2 2 2 2 2 2 2 2 2 2 2 2 2 2 2 2 2 2 2 2 2 2 2 2 2 2 2 2 2 2
left_child=1 3 25 6 11 -6 -1 22 9 10 -3 12 29 -13 17 19 -17 18 -15 -16 24 -18 23 -8 -9 -2 27 -10 -23 -4
right_child=2 8 4 -5 5 -7 7 20 26 -11 -12 13 -14 14 15 16 21 -19 -20 -21 -22 28 -24 -25 -26 -27 -28 -29 -30 -31
leaf_value=-0.00096978246498487383 0.0032300512190553466 0.0066947125444652622 0.00047451291984322298 -0.0010706880809549604 -7.031971316278641e-05 0.0016548301864966143 0.00010304745676241179 -0.00047319470695606771 -0.00014526525208246322 -0.0015316383052752459 -0.00075825634130725352 -0.0026410396464615128 0.0020513899962537499 0.0031014314728171621 -0.0033714049191720555 0.0020519689516037055 0.0025979282452902488 0.00074384375151569093 -5.3751768997734042e-05 1.8451751567030717e-05 0.00080414283201339404 -6.6207016633423884e-05 0.00079142388546483012 -0.0013848564580848579 -0.0015718274766662163 0.0022327472196502552 -0.0016873849481744614 0.0016280769650795224 0.0010321893058544002 -0.00051565520293713754
leaf_weight=251 194 162 200 642 50 101 363 366 6424 69 48 44 63 398 48 207 50 862 42 78 42 856 138 46 57 125 47 109 73 499
leaf_count=251 194 162 200 642 50 101 363 366 6424 69 48 44 63 398 48 207 50 862 42 78 42 856 138 46 57 125 47 109 73 499
internal_value=-4.74121e-05 -0.00361666 0.0079928 -0.0123033 0.00642497 0.0273026 -0.00715981 -0.00365252 -0.00120262 0.0133929 0.0222749 0.00549547 -0.00196592 0.00763445 0.00826004 0.00373191 0.00598147 0.0128166 0.022449 -0.0173228 -0.0125536 0.00260204 0.00392336 -0.00134146 -0.0159198 0.0254688 -0.00182343 -0.00161463 0.000913978 -0.00492857
internal_weight=12654 8764 3890 1905 3571 151 1263 1012 6859 279 210 3420 762 2658 2614 1312 1186 1302 440 126 465 979 547 409 423 319 6580 6533 929 699
internal_count=12654 8764 3890 1905 3571 151 1263 1012 6859 279 210 3420 762 2658 2614 1312 1186 1302 440 126 465 979 547 409 423 319 6580 6533 929 699
is_linear=0
shrinkage=0.05


Tree=86
num_leaves=31
num_cat=0
split_feature=0 0 3 3 1 5 5 2 0 7 7 7 1 3 3 4 5 4 2 7 3 8 7 5 7 7 1 2 8 1
split_gain=124.002 64.5886 37.9303 32.903 27.9087 25.4396 22.3562 22.325 41.1319 48.6606 23.803 23.6297 23.3322 20.0762 32.248 19.0392 24.5042 20.94 35.8809 18.2446 16.8353 19.0789 23.0639 23.6734 16.3456 15.8842 27.126 19.008 16.9939 15.8197
threshold=27.906862745098042 14.793137254901962 7.5000000000000009 20.500000000000004 68.421568627450995 -0.30983472475487867 -0.97876850416056738 986.75392156862756 44.205882352941181 -0.69057042736241547 0.99196248624718542 0.95239763423914636 81.068627450980401 20.500000000000004 9.5000000000000018 2.5000000000000004 -0.69057362043749781 1.5000000000000002 992.57352941176475 0.93771544905322102 15.500000000000002 0.68274389090025245 0.067682722635586057 -0.13398594226331254 0.41203339881415796 -0.45943279258162384 31.911764705882359 999.32843137254906 -0.67802903493420741 34.18627450980393
decision_type=2 2 2 2 2 2 2 2 2 2 2 2 2 2 2 2 2 2 2 2 2 2 2 2 2 2 2 2 2 2
left_child=1 2 -1 5 -5 6 -4 8 10 -10 11 12 -2 14 25 16 -9 18 -18 -8 21 -16 -23 -24 -20 28 27 -27 -3 -17
right_child=7 13 3 4 -6 -7 19 15 9 -11 -12 -13 -14 -15 20 29 17 -19 24 -21 -22 22 23 -25 -26 26 -28 -29 -30 -31
leaf_value=-0.00010238197396369859 0.00064949340892505041 -0.0014129116073422793 -0.0022234531217092527 0.00029452645896366067 -0.0010059470004081307 -0.0013286023589189643 -0.00011378354553380627 0.0023994397156243742 -0.00014552236403339024 0.0014725448967816636 0.0025269389448800863 -0.0037750906090810304 -0.0002443273373801347 0.00057257503737858653 -0.0010576315468595638 -0.0009168925872488743 0.0024059792280857585 0.0022067494816232769 -0.0016012987616011332 -0.0019341070530744736 -9.3130641608409059e-05 0.00068339653159507499 0.0016852568077625031 -0.0018482669042073074 0.0022964517415380525 0.001823330323577791 0.00010441562451750098 -8.5079402877513702e-05 1.9749016630388195e-05 0.0010182365051197907
leaf_weight=766 266 211 63 149 43 466 323 229 55 160 71 54 630 981 1347 72 220 246 157 82 1698 209 70 115 65 340 1756 103 765 913
leaf_count=766 266 211 63 149 43 466 323 229 55 160 71 54 630 981 1347 72 220 246 157 82 1698 209 70 115 65 340 1756 103 765 913
internal_value=0.000178204 -0.0026718 -0.010935 -0.0167702 0.00207254 -0.0206417 -0.0123667 0.00879261 0.00355699 0.0233796 -0.000636008 -0.00273396 -0.000780379 -0.000612164 -0.00160242 0.0121913 0.0173747 0.012627 0.00609481 -0.00800493 -0.0049564 -0.00840987 0.00126582 -0.0115591 -0.00807175 0.00203086 0.00438636 0.0154279 -0.00327533 0.00735294
internal_weight=12625 9487 1892 1126 192 934 468 3138 1236 215 1021 950 896 7595 6614 1902 917 688 442 405 3439 1741 394 185 222 3175 2199 443 976 985
internal_count=12625 9487 1892 1126 192 934 468 3138 1236 215 1021 950 896 7595 6614 1902 917 688 442 405 3439 1741 394 185 222 3175 2199 443 976 985
is_linear=0
shrinkage=0.05


Tree=87
num_leaves=31
num_cat=0
split_feature=0 0 9 0 2 8 9 7 9 4 1 0 7 6 6 7 2 6 0 9 1 1 6 9 2 4 1 9 7 7
split_gain=100.789 64.3372 33.3879 61.1069 37.6039 35.0286 29.2959 35.527 25.1549 20.3823 19.8188 20.2041 19.5208 18.3362 18.2178 19.1561 17.3507 24.2071 16.2206 16.0226 16.9368 15.5444 15.5264 15.4967 14.6444 24.9932 17.0224 15.8399 24.7604 23.3985
threshold=26.016666666666669 12.972549019607845 10700.330562500001 41.504901960784323 986.62941176470599 0.64415777744009783 12568.910374999999 0.033323506451456063 10170.803375 2.5000000000000004 69.941176470588246 7.7480392156862754 -0.96235977360714686 0.69521084835931835 0.33222858587828868 -0.94139628442229062 1002.1666666666667 0.5475998096715059 15.238235294117649 11152.979250000002 63.950980392156872 82.245098039215705 0.7487283477006671 11488.780000000001 986.62941176470599 4.5000000000000009 95.911764705882362 5706.7157499999985 0.99463153969809781 0.98519415784776321
decision_type=2 2 2 2 2 2 2 2 2 2 2 2 2 2 2 2 2 2 2 2 2 2 2 2 2 2 2 2 2 2
left_child=1 10 4 19 14 9 -5 -8 13 -6 11 -1 -10 16 21 -16 17 24 22 20 -4 -2 -14 -21 25 -3 27 28 29 -26
right_child=2 8 3 6 5 -7 7 -9 12 -11 -12 -13 18 -15 15 -17 -18 -19 -20 23 -22 -23 -24 -25 26 -27 -28 -29 -30 -31
leaf_value=-0.0027712133641467421 9.2916650477348217e-05 -0.0015553448190677264 -0.0034161044375078443 0.0012821338612054034 0.0019469285052470477 0.00364836802688322 -0.00028632591058619931 0.0023771187072860081 -0.0012411950374469226 0.00075929161823894424 -0.0014792450278147498 -0.00041516846211671343 -0.00095567844777164491 0.002943153143222044 -6.6251741864375988e-05 0.00066589866443346197 -0.001185696048944282 0.0024446041640400259 -0.00017837668552510844 0.0029182335961666474 -0.00027842641922702914 -0.00042233926576159544 -0.00023777815981474508 -0.00010722293557577923 0.00058721563884089889 0.00078962654124691565 0.0024714382584446249 -8.0825432733638852e-05 -0.00098162587617323669 0.0057016616201379603
leaf_weight=50 215 284 53 100 551 232 74 132 156 597 252 727 152 113 45 180 135 90 2301 85 95 205 190 1427 891 164 45 2833 145 109
leaf_count=50 215 284 53 100 551 232 74 132 156 597 252 727 152 113 45 180 135 90 2301 85 95 205 190 1427 891 164 45 2833 145 109
internal_value=5.5428e-05 -0.00298101 0.00662575 0.00198271 0.0111303 0.0157857 0.0224756 0.0115942 -0.00139309 0.0121845 -0.0147087 -0.0107326 -0.00516071 0.000800416 0.00116099 0.0126106 0.000319353 0.000843928 -0.00414145 -0.00180614 -0.0174497 -0.00498812 -0.0142857 -0.000264375 0.00032424 -0.00824053 0.00127982 0.000929882 0.00589005 0.00869131
internal_weight=12628 8637 3991 1966 2025 1380 306 206 7608 1148 1029 777 2799 4809 645 225 4696 4561 2643 1660 148 420 342 1512 4471 448 4023 3978 1145 1000
internal_count=12628 8637 3991 1966 2025 1380 306 206 7608 1148 1029 777 2799 4809 645 225 4696 4561 2643 1660 148 420 342 1512 4471 448 4023 3978 1145 1000
is_linear=0
shrinkage=0.05


Tree=88
num_leaves=31
num_cat=0
split_feature=3 3 1 8 9 6 5 9 4 7 7 1 8 7 7 7 3 5 5 9 4 8 4 9 1 9 4 1 9 7
split_gain=28.0808 40.3684 39.7151 34.3883 20.7325 19.6982 23.5594 22.5318 25.9019 22.1112 20.5012 20.0087 23.573 18.7341 29.9399 28.647 18.4155 17.7472 25.6083 26.9403 17.3605 21.5303 17.0187 19.377 16.7372 21.1143 16.6489 17.1135 16.6042 16.5078
threshold=19.500000000000004 8.5000000000000018 30.519607843137262 0.99924179677339053 10117.322062499999 0.14888728888808328 0.95998215779580554 7156.0436875000014 1.5000000000000002 0.71503381463111937 -0.98214488425316759 69.009803921568633 -0.99273797715557011 0.31596169403973995 -0.022576249993022688 0.61746692340271048 1.5000000000000002 0.99700008544936913 0.88621069759564464 10304.991187499991 2.5000000000000004 0.36447543099728863 1.5000000000000002 4616.411750000002 29.93137254901961 4527.2620000000015 3.5000000000000004 33.00980392156864 4785.6999999999998 -0.94139628442229062
decision_type=2 2 2 2 2 2 2 2 2 2 2 2 2 2 2 2 2 2 2 2 2 2 2 2 2 2 2 2 2 2
left_child=1 4 -3 17 5 10 7 -7 -9 -10 -1 13 -13 14 -12 -15 -6 18 22 -20 21 -14 28 -24 -17 -26 27 -18 -4 -30
right_child=-2 2 3 -5 16 6 -8 8 9 -11 11 12 20 15 -16 24 26 -19 19 -21 -22 -23 23 -25 25 -27 -28 -29 29 -31
leaf_value=-0.002501107615687931 0.00042247566351936994 -0.00091894456540864145 -0.0018636340451962524 0.0042654244006710305 0.00025924668946602781 0.0024097101308290514 0.0058636452601632943 0.0015911570719654704 -0.00054379283820892444 0.0029009969735958765 0.00032235345068177824 0.0020953727926633077 -0.0010992350493757741 0.0023805218208575174 -0.0010178461114803208 0.002241605652011812 0.00093710213757613775 0.0012268614904651809 -0.00016751846356652945 -0.0016758115234920268 0.00022137302341763144 0.0013676270211561759 0.00095911453135991706 -0.00034617652515345768 0.0041822129427974922 -0.00025468056877904629 -0.00048898467221035198 -8.4689789033470805e-05 -0.0010006033436813833 0.00048194383620553676
leaf_weight=84 2099 903 68 46 438 95 60 120 282 43 447 74 245 173 126 138 88 131 395 294 369 61 143 2676 83 314 706 780 139 972
leaf_count=84 2099 903 68 46 438 95 60 120 282 43 447 74 245 173 126 138 88 131 395 294 369 61 143 2676 83 314 706 780 139 972
internal_value=-6.35274e-05 -0.00111969 -0.00392684 -0.00213772 0.0023059 0.00515654 0.0131448 0.00979667 0.00504484 -0.00230061 0.00288416 0.00388971 -0.0026 0.00768331 0.000958188 0.0131171 -0.00153999 -0.0025524 -0.00306101 -0.0119565 -0.00554734 -0.0143322 -0.00152538 -0.00363475 0.0073694 0.00213568 -0.00406349 0.000575374 0.00351695 0.00499101
internal_weight=12592 10493 5767 4864 4726 2714 600 540 445 325 2114 2030 749 1281 573 708 2012 4818 4687 689 675 306 3998 2819 535 397 1574 868 1179 1111
internal_count=12592 10493 5767 4864 4726 2714 600 540 445 325 2114 2030 749 1281 573 708 2012 4818 4687 689 675 306 3998 2819 535 397 1574 868 1179 1111
is_linear=0
shrinkage=0.05


Tree=89
num_leaves=31
num_cat=0
split_feature=0 3 0 7 6 0 9 1 0 9 2 9 9 7 9 2 6 2 8 7 2 1 1 3 9 0 2 3 2 7
split_gain=106.323 41.3723 49.5656 30.3895 29.9969 31.7799 25.1287 53.4212 33.8335 34.3504 27.6638 25.855 24.4374 20.9199 25.0872 22.2283 20.8455 23.9262 20.3634 21.7233 19.8283 19.4217 16.3694 16.2562 25.1572 18.9944 17.341 16.1447 15.1644 15.4758
threshold=24.377450980392162 4.5000000000000009 12.571568627450983 -0.99629805505515945 -0.44505783185115427 31.383333333333336 7465.1644374999951 82.245098039215705 43.150980392156875 9327.9116250000025 981.59901960784316 12568.910374999999 10198.277875000002 -0.95244167294248061 11825.62075 989.67156862745117 0.44312301391210612 1001.0558823529414 -0.6652727025667432 -0.96235977360714686 993.40294117647068 25.382352941176475 95.735294117647072 16.500000000000004 13652.844500000003 14.699019607843139 994.70686274509819 19.500000000000004 971.74607843137267 -0.83377653105606597
decision_type=2 2 2 2 2 2 2 2 2 2 2 2 2 2 2 2 2 2 2 2 2 2 2 2 2 2 2 2 2 2
left_child=1 -1 27 -2 -5 13 7 -7 9 20 -10 -12 16 14 -6 28 21 -18 -14 -20 -8 -4 -23 25 26 -21 -25 -3 -15 -30
right_child=3 2 12 4 5 6 8 -9 10 -11 11 -13 18 15 -16 -17 17 -19 19 23 -22 22 -24 24 -26 -27 -28 -29 29 -31
leaf_value=0.00012174810504435307 -0.0028214984098130893 -0.00095267386697490345 -0.0007286468073990568 0.0014049955173500606 0.0043541199735485899 0.0007731410139784179 0.0025442723366281062 -0.00018916109532894911 0.0014989652577109714 0.00051745447310486137 0.0014199117497554758 -9.9480716691890963e-05 -0.001156765932838684 0.0019279269883822948 -0.00054124392309906069 0.00045587277899111214 0.001085580881026646 -0.00091273424279218751 -0.0015188472191378756 -0.00083727416783741101 -0.0011911940465832327 -0.00012752961269666964 0.0017186653593884939 0.00023378536719887433 -0.00037348389705655353 -0.00046365904182638085 0.0017985640887498656 -5.1188468558290012e-05 0.0021032191775853027 -0.0011245769353913527
leaf_weight=1753 80 569 591 746 72 89 114 120 145 1019 49 79 383 52 76 1333 221 64 117 133 40 2496 55 164 227 819 135 115 65 707
leaf_count=1753 80 569 591 746 72 89 114 120 145 1019 49 79 383 52 76 1333 221 64 117 133 40 2496 55 164 227 819 135 115 65 707
internal_value=-0.000190039 -0.00377407 -0.0057225 0.00568206 0.00620353 0.00446857 0.00975242 -0.00642857 0.012094 0.00839012 0.0279197 0.0108527 -0.0041158 0.00067216 0.0187919 -0.00057924 -0.00156068 0.0113636 -0.00853967 -0.00604637 0.0303226 -0.00273624 -0.000842476 -0.00439486 0.00265655 -0.00828961 0.0121667 -0.0183942 -0.0070303 -0.0087969
internal_weight=12628 7842 6089 4786 4706 3960 1655 209 1446 1173 273 128 5405 2305 148 2157 3427 285 1978 1595 154 3142 2551 1478 526 952 299 684 824 772
internal_count=12628 7842 6089 4786 4706 3960 1655 209 1446 1173 273 128 5405 2305 148 2157 3427 285 1978 1595 154 3142 2551 1478 526 952 299 684 824 772
is_linear=0
shrinkage=0.05


Tree=90
num_leaves=31
num_cat=0
split_feature=0 0 9 6 3 3 0 9 9 7 7 9 7 6 9 9 0 1 0 7 9 6 0 7 6 3 3 8 8 6
split_gain=109.729 38.1908 31.4744 28.5589 28.4627 31.6602 32.4387 24.1865 22.1838 23.6342 28.8351 35.8064 20.1719 23.0642 19.6201 23.9327 41.8701 34.2562 30.9223 29.9612 26.6912 16.8637 16.7763 45.5735 16.7331 17.1016 15.4582 15.4026 19.7749 17.6347
threshold=20.397058823529417 31.383333333333336 7420.3617500000046 -0.22700609751797865 8.5000000000000018 17.500000000000004 14.599019607843138 5121.4499999999998 7300.5538750000014 -0.94139628442229062 -0.35846811432664222 6598.3249999999962 -0.98214488425316759 0.69521084835931835 12173.294062500003 7465.1644374999951 35.595098039215692 82.245098039215705 34.946078431372555 0.59004413292372648 10908.050874999999 0.9989598388634241 42.333333333333336 0.033323506451456063 -0.97874870457683594 20.500000000000004 15.500000000000002 0.61746585276059895 0.7912140244565844 0.82777578779003613
decision_type=2 2 2 2 2 2 2 2 2 2 2 2 2 2 2 2 2 2 2 2 2 2 2 2 2 2 2 2 2 2
left_child=4 2 3 8 7 6 -6 -1 9 -2 -11 24 13 -4 15 16 19 -18 20 -3 26 -14 -16 -24 -12 -26 -17 29 -29 -8
right_child=1 14 12 -5 5 -7 27 -9 -10 10 11 -13 21 -15 22 18 17 -19 -20 -21 -22 -23 23 -25 25 -27 -28 28 -30 -31
leaf_value=0.0012546071333363496 -0.0012986056715592526 0.0013147724564828934 0.00052598076884650122 0.0033139543720067336 -0.00094301304749797629 -8.0100173346456257e-05 -0.00060420807506764715 -0.00026933786526926604 0.0029393057116651189 0.0021405189711886543 -0.0014172187432146073 -0.0015735107394531046 2.3112960029891828e-05 -0.0042321831699325286 -6.4531899056446962e-05 0.00096884017743575912 0.00033437519664086812 -0.00024532547499702686 0.0013085178188158354 -0.00042732843445021375 -0.0010361310656846867 -0.0031430750516271561 -0.0002797450267931767 0.0023717942711331819 0.00092142976384943518 0.0041979545386568286 0.0048677087045367112 0.0015781224080393564 -0.00030551576169329521 -0.0019255261493804272
leaf_weight=327 124 123 41 187 624 1093 897 1902 47 124 140 199 3725 72 578 148 58 91 373 65 117 68 65 130 718 127 85 63 299 48
leaf_count=327 124 123 41 187 624 1093 897 1902 47 124 140 199 3725 72 578 148 58 91 373 65 117 68 65 130 718 127 85 63 299 48
internal_value=-0.000173789 0.00374696 0.0016867 0.00743851 -0.00570042 -0.0088595 -0.012707 -0.00141256 0.00510135 0.00397767 0.00595875 0.0035443 -0.000767853 -0.0214912 0.0100055 0.0144204 0.00340237 -0.0163333 0.0195442 0.0190476 0.00883191 -0.000144966 0.00394057 0.0165816 0.00745436 0.0101064 0.0185897 -0.00821865 0.000550964 -0.0115751
internal_weight=12658 7405 5572 1666 5253 3024 1931 2229 1479 1432 1308 1184 3906 113 1833 1060 337 149 723 188 350 3793 773 195 985 845 233 1307 362 945
internal_count=12658 7405 5572 1666 5253 3024 1931 2229 1479 1432 1308 1184 3906 113 1833 1060 337 149 723 188 350 3793 773 195 985 845 233 1307 362 945
is_linear=0
shrinkage=0.05


Tree=91
num_leaves=31
num_cat=0
split_feature=0 0 3 9 5 0 1 9 9 5 5 7 7 1 0 3 7 9 0 2 9 7 1 3 5 4 3 2 7 7
split_gain=77.006 39.5123 27.4788 27.3915 24.6529 47.2474 40.461 38.73 31.9121 43.7392 23.5819 38.2951 38.6435 26.7432 22.4374 21.9163 22.7887 21.6255 30.125 20.8081 20.5121 19.0381 17.9192 20.5523 17.3984 17.283 17.1963 17.1588 17.0824 40.956
threshold=31.383333333333336 12.697058823529414 4.5000000000000009 10198.277875000002 -0.26866367175705824 46.379411764705893 82.735294117647072 9327.9116250000025 7465.1644374999951 -0.40614700388750385 -0.98523971305672675 -0.21022365857738434 -0.10837644903917555 76.911764705882362 26.238235294117647 1.5000000000000002 -0.98214488425316759 14840.974999999997 33.904901960784322 984.96470588235309 12602.305249999996 0.59004413292372648 75.186274509803937 20.500000000000004 -0.99275805973510278 3.5000000000000004 7.5000000000000009 1002.1666666666667 0.90623151893102627 0.067682722635586057
decision_type=2 2 2 2 2 2 2 2 2 2 2 2 2 2 2 2 2 2 2 2 2 2 2 2 2 2 2 2 2 2
left_child=1 2 -1 10 6 7 21 -6 -8 -10 11 -3 -13 24 27 -5 -17 18 25 26 -20 -2 23 -4 -14 -9 -16 -12 29 -18
right_child=4 3 22 15 5 -7 8 17 9 -11 14 12 13 -15 19 16 28 -19 20 -21 -22 -23 -24 -25 -26 -27 -28 -29 -30 -31
leaf_value=8.683325314789021e-05 0.00093594744331938491 -0.0027855689019563538 -0.00075657099594745453 0.00042811241407724815 0.0020166733661837687 0.0013112894117037644 -0.00019116774315312002 0.00090223977109710196 0.00081519710575461701 -0.00044651630091618877 0.00010479064617435336 0.00086565771819037407 -0.001527468292477044 0.00095349466962014605 0.0014833193612580177 -0.0021208783647677478 -5.1103903378146853e-05 -0.0024924332871664404 0.0024170610523426284 0.0016365718002681441 0.0013607201820522996 -6.1125923349147909e-05 -0.0016658151647586336 0.00015894943860785029 0.0011245820494748162 -0.0021908886762912693 -0.0017983062772752635 -0.001009043234923207 0.00024824457889109224 -0.00086410640034420842
leaf_weight=215 275 78 523 316 120 111 133 171 200 87 4353 95 175 202 45 146 1431 85 163 864 325 73 133 86 42 94 115 121 669 1167
leaf_count=215 275 78 523 316 120 111 133 171 200 87 4353 95 175 202 45 146 1431 85 163 864 325 73 133 86 42 94 115 121 669 1167
internal_value=-1.98192e-05 -0.00163311 -0.0113257 -0.000687373 0.00943961 0.0143458 0.00260078 0.0107404 -0.00783848 0.0015625 0.00137908 -0.00809444 -0.0031068 -0.00964286 0.00240044 -0.00406166 -0.00522847 0.00691299 0.00961538 0.00907317 0.0169734 0.0151862 -0.0158816 -0.0122131 -0.021789 -0.00394737 -0.00745342 0.000871508 -0.00436047 -0.00619469
internal_weight=12613 10776 957 9819 1837 1069 768 958 420 287 6090 592 514 419 5498 3729 3413 838 753 1024 488 348 742 609 217 265 160 4474 3267 2598
internal_count=12613 10776 957 9819 1837 1069 768 958 420 287 6090 592 514 419 5498 3729 3413 838 753 1024 488 348 742 609 217 265 160 4474 3267 2598
is_linear=0
shrinkage=0.05


Tree=92
num_leaves=31
num_cat=0
split_feature=0 0 0 9 6 5 9 5 2 0 7 7 7 2 0 7 9 8 6 6 6 9 7 7 2 5 5 5 9 4
split_gain=84.3386 36.0494 27.0879 31.2596 33.3967 26.8051 24.5808 27.5372 23.3054 39.9777 69.8176 28.1702 20.9749 19.5337 25.9454 21.4815 18.395 18.2843 26.7681 19.7363 24.2325 39.0496 33.1226 22.0749 18.5599 18.2467 20.8171 38.9456 18.2224 31.3823
threshold=20.397058823529417 10.168627450980393 31.244117647058829 7118.0913750000027 -0.22700609751797865 -0.95244167294248061 5121.4499999999998 -0.63255557784149707 987.74215686274522 43.150980392156875 0.11478755917771409 0.78325454425165997 -0.998663445439673 991.35196078431386 13.387254901960786 -0.32614396506100213 3913.7249999999999 0.99865940500831329 0.99445195900249039 0.42763731121559989 -0.091258822863740666 6598.3249999999962 0.98334239299093984 0.93771544905322102 997.2656862745099 0.99966190462023474 0.9550229469509578 0.94138322595482449 13193.419375000003 1.5000000000000002
decision_type=2 2 2 2 2 2 2 2 2 2 2 2 2 2 2 2 2 2 2 2 2 2 2 2 2 2 2 2 2 2
left_child=1 -1 3 4 5 -2 7 -3 9 -4 -11 28 -5 14 -8 -15 -7 18 19 20 21 22 23 -17 -20 26 27 -14 -10 -30
right_child=2 6 8 12 -6 16 13 -9 11 10 -12 -13 25 15 -16 17 -18 -19 24 -21 -22 -23 -24 -25 -26 -27 -28 -29 29 -31
leaf_value=-0.0010393622151357918 -0.0026555267904318476 -0.00028349663176394785 -5.8069627181689398e-05 -0.003702909473259625 0.0034027744924977291 0.0083010186988874361 -0.0022222110328493964 0.0012045594929378388 0.0014976624178380084 -0.00012371860228491683 0.0014985244905799167 -0.0018646622853259688 1.1249415045290479e-05 5.1169191115103822e-05 -0.00057193229096736829 -0.00073678351204952699 0.000793016260817947 0.00095597066456329241 -6.7349125671581358e-05 5.4401885348809303e-05 -0.00094743375156829341 0.00047377202273273596 0.0027386171067020435 -0.0029854131660268252 -0.0016488132085828132 -0.0014728766728920623 0.00074471328840120118 -0.0027919258288304663 -0.0027942887215100577 0.0014384747096889306
leaf_weight=296 78 458 755 57 175 49 122 257 593 107 158 81 3202 1302 945 217 1111 47 40 588 480 290 43 87 78 72 602 139 43 117
leaf_count=296 78 458 755 57 175 49 122 257 593 107 158 81 3202 1302 945 217 1111 47 40 588 480 290 43 87 78 72 602 139 43 117
internal_value=0.000210485 -0.00462769 0.00367166 0.00190485 0.00830976 0.00540759 -0.00361251 0.0049581 0.00889488 0.00381978 0.0204887 0.0150898 -0.000319175 -0.00505896 -0.0109082 -0.00308856 0.00732127 -0.00652058 -0.00731908 -0.00571512 -0.00961538 -0.00321317 -0.0145115 -0.0203279 -0.0302521 0.000112052 0.000570487 -0.000972472 0.0181034 0.00310559
internal_weight=12589 5250 7339 5485 1413 1238 4954 715 1854 1020 265 834 4072 4239 1067 3172 1160 1870 1823 1705 1117 637 347 304 118 4015 3943 3341 753 160
internal_count=12589 5250 7339 5485 1413 1238 4954 715 1854 1020 265 834 4072 4239 1067 3172 1160 1870 1823 1705 1117 637 347 304 118 4015 3943 3341 753 160
is_linear=0
shrinkage=0.05


Tree=93
num_leaves=31
num_cat=0
split_feature=3 3 1 8 8 8 7 5 3 9 1 9 9 5 3 5 5 8 9 7 7 5 5 7 5 7 1 7 7 7
split_gain=35.3483 29.5624 27.3651 39.8588 20.6369 23.5716 18.6519 22.0416 17.1139 26.9661 26.0938 16.5138 15.8016 15.3243 25.276 16.8461 15.1287 14.725 15.2376 32.1776 14.693 14.4657 23.3144 20.8511 20.0681 16.4859 23.4221 16.5796 45.0104 16.4033
threshold=19.500000000000004 7.5000000000000009 30.519607843137262 0.99924179677339053 0.89693010073300883 0.98901092807778201 -0.71504042705586657 0.52766072109828632 16.500000000000004 8072.8103750000009 63.950980392156872 7711.3053125000015 10641.3835 0.95242846126021108 10.500000000000002 0.97314989601849466 -0.97113884758256674 0.91852788691372023 15048.991749999999 -0.29343379936893921 -0.98803388382128665 0.77244481603295057 0.99374995976406788 1.0000000180025095e-35 0.67802080537253961 0.31596169403973995 31.911764705882359 -0.90893575921103265 -0.878119045158818 -0.82415234898030387
decision_type=2 2 2 2 2 2 2 2 2 2 2 2 2 2 2 2 2 2 2 2 2 2 2 2 2 2 2 2 2 2
left_child=1 21 6 4 8 17 7 -3 9 11 -11 -4 20 14 -12 -15 -8 -6 19 -19 -2 24 29 -24 25 27 -27 -1 -29 -23
right_child=12 2 3 -5 5 -7 16 -9 -10 10 13 -13 -14 15 -16 -17 -18 18 -20 -21 -22 22 23 -25 -26 26 -28 28 -30 -31
leaf_value=0.00069788692344003732 0.0021693720265334934 0.0016493993926350746 -9.9743895622206319e-05 0.0038249031805370651 0.0021224388804492746 -0.00071659609811444431 0.0004307244698253582 -0.0011856738969062643 0.00010528046218284127 -0.0011476136096508994 0.00011325388104149042 0.00086082730390775746 8.1620846194008223e-06 0.0025343186086474014 -0.00097312430866643639 -5.0435186070512535e-05 -0.0010744860051343356 -0.0019497480464463479 -0.00098406298755329691 0.0012403311617599445 0.00061871372561664306 0.0021808882233456811 0.00062516528394472451 -0.0010635406208992075 -0.0016582798828742252 0.0012542684152620277 0.00017654459065901131 -0.0025588137356478413 -0.00013741715708368436 0.00041339731137683829
leaf_weight=390 54 94 1091 48 70 81 77 63 1198 635 450 137 788 67 934 210 765 54 79 239 1239 84 68 98 165 243 1093 69 1290 696
leaf_count=390 54 94 1091 48 70 81 77 63 1198 635 450 137 788 67 934 210 765 54 79 239 1239 84 68 98 165 243 1093 69 1290 696
internal_value=-0.000115354 -0.0012966 -0.00346417 -0.0020306 -0.00244949 0.00696565 -0.01105 0.00474684 -0.00349354 -0.00524823 -0.0084458 0.000732303 0.00583573 -0.0051444 -0.00729242 0.00557554 -0.0139976 0.0115124 0.0075067 0.0127551 0.00923493 0.00195378 0.00739176 -0.00958084 0.000369117 0.00127997 0.00545999 -0.00191429 -0.00452206 0.0110115
internal_weight=12569 10488 6292 5293 5245 523 999 157 4722 3524 2296 1228 2081 1661 1384 277 842 442 372 293 1293 4196 946 166 3250 3085 1336 1749 1359 780
internal_count=12569 10488 6292 5293 5245 523 999 157 4722 3524 2296 1228 2081 1661 1384 277 842 442 372 293 1293 4196 946 166 3250 3085 1336 1749 1359 780
is_linear=0
shrinkage=0.05


Tree=94
num_leaves=31
num_cat=0
split_feature=3 3 3 9 8 9 5 2 8 8 9 2 8 7 7 7 7 5 1 5 1 9 4 7 7 5 5 8 9 9
split_gain=25.1554 34.8452 43.0988 30.4343 32.6073 28.3018 16.806 16.7338 17.8139 20.8189 18.9728 24.6809 18.7069 16.536 17.5404 22.4874 15.9918 15.4864 18.9665 15.4535 14.5362 13.6436 29.8455 26.7744 23.3069 12.9873 12.8977 12.8344 12.7141 25.1724
threshold=1.5000000000000002 16.500000000000004 9.5000000000000018 13485.0049375 0.63089349388778826 14620.601500000001 0.80417553764032002 975.51666666666677 0.26659387353423869 0.21652658465572394 10304.991187499991 986.53627450980412 0.046214940139115722 -0.99275346941927067 -0.93545056548590078 -0.78326178756187226 -0.62588817255938378 0.83376496542330847 38.049019607843142 0.9893236546938301 57.382352941176478 8597.364375000001 4.5000000000000009 0.88618201382888007 0.98091558679606194 -0.57780908558020239 0.99700008544936913 -0.89404254237865755 5834.9750000000013 6713.7418749999979
decision_type=2 2 2 2 2 2 2 2 2 2 2 2 2 2 2 2 2 2 2 2 2 2 2 2 2 2 2 2 2 2
left_child=6 2 -2 4 21 -5 -1 -3 9 10 11 -9 17 -13 -15 -16 -6 -12 -19 -20 -7 22 27 -24 26 -10 -23 -4 -29 -30
right_child=1 7 3 5 16 20 -8 8 25 -11 12 13 -14 14 15 -17 -18 18 19 -21 -22 24 23 -25 -26 -27 -28 28 29 -31
leaf_value=0.00019003789659977901 6.275050142927063e-05 0.0010348834933975981 0.0017959861665853784 -0.0018264301545585504 0.0019866862187011948 -0.0006870592873282164 0.0010715884896903658 -0.00024644856446437435 -0.0012148176869343219 0.0024134372629573322 0.00072341352012253587 0.0029347107480812043 -0.0016595529185945757 -0.00051163402799312763 0.0023647475148477733 0.00070657673468709501 0.00031593545193543546 0.0010932968804366616 -0.001051621007410207 0.0017809665350802266 0.00029205623644818282 -0.0008853099775095963 -0.00030614774678247862 -0.0034883629927682184 0.0012194549320229009 -9.2396419550527797e-05 0.00069307487401545638 0.00052203743285686444 -0.0019736856084560119 0.00020479892464229379
leaf_weight=831 4221 137 60 351 85 115 220 249 43 60 266 81 67 98 116 1006 520 60 184 68 181 1157 227 83 47 1280 90 291 128 297
leaf_count=831 4221 137 60 351 85 115 220 249 43 60 266 81 67 98 116 1006 520 60 184 68 181 1157 227 83 47 1280 90 291 128 297
internal_value=0.000249604 -0.000423546 -0.00231092 -0.00630333 -0.00416946 -0.0161265 0.00765209 0.00356566 0.00290584 0.00560727 0.00480419 0.00780142 -0.00239938 0.0105607 0.00909091 0.0108638 0.00618812 0.000518135 -0.00702875 -0.0130435 -0.0047138 -0.00680386 -0.00266789 -0.0157556 -0.0102703 -0.0016994 -0.0115785 0.002574 0.00069735 -0.00481221
internal_weight=12619 11568 7853 3632 2985 647 1051 3715 3578 2255 2195 1550 645 1301 1220 1122 605 578 312 252 296 2380 1086 310 1294 1323 1247 776 716 425
internal_count=12619 11568 7853 3632 2985 647 1051 3715 3578 2255 2195 1550 645 1301 1220 1122 605 578 312 252 296 2380 1086 310 1294 1323 1247 776 716 425
is_linear=0
shrinkage=0.05


Tree=95
num_leaves=31
num_cat=0
split_feature=0 0 7 8 6 0 7 2 9 1 6 2 9 9 6 2 2 1 0 4 6 0 9 4 7 4 7 0 0 6
split_gain=80.0469 37.1362 28.8165 25.0872 24.4515 22.7796 73.1887 34.8235 36.0365 28.9287 21.6012 21.2922 23.5467 21.2576 26.0357 24.5056 21.0564 20.9612 20.1957 17.0808 20.2658 15.6265 15.5747 28.9323 14.5479 17.9468 17.7914 14.4742 14.3409 15.6819
threshold=24.652941176470595 10.636274509803924 -0.99763297024448894 -0.99940590107385374 -0.49065906150552346 45.304901960784328 0.11478755917771409 989.13431372549041 8050.7221250000011 71.774509803921589 -0.074115882986646633 990.96372549019611 4022.0499999999988 12134.6975 1.0000000180025095e-35 991.04313725490204 990.44803921568644 86.51960784313728 27.663725490196082 1.5000000000000002 0.88117331841669433 7.7480392156862754 5706.7157499999985 4.5000000000000009 -0.8431462759492121 3.5000000000000004 -0.9470547246821871 31.050000000000004 13.501960784313729 0.8511460603353429
decision_type=2 2 2 2 2 2 2 2 2 2 2 2 2 2 2 2 2 2 2 2 2 2 2 2 2 2 2 2 2 2
left_child=1 21 -2 -3 17 7 -7 10 -9 16 18 12 -5 14 -11 -15 -10 22 -6 20 -17 -1 -4 -24 25 26 -12 -26 -14 -30
right_child=2 3 4 11 5 6 -8 8 9 13 24 -13 28 15 -16 19 -18 -19 -20 -21 -22 -23 23 -25 27 -27 -28 -29 29 -31
leaf_value=-0.0025025927698923128 -0.0023240283315952822 -0.0013999898574920567 0.0015243388863943608 0.0087509997253919624 0.00029250184488472389 -0.00013441788256706168 0.0012297166825846586 0.0018727358833709408 0.002094461455428534 0.0004016831994781256 -0.00019204157903352504 -1.4324324548328771e-05 -0.0012207179319861485 -0.0018384806796699642 0.0029795751075899104 0.0018311353947578714 -0.00036314833616450941 0.0018822848725012832 -0.00049321801645082488 0.0013479189325407703 -0.0030272437359542604 -0.0007116008661038134 -0.00033478940043484289 0.0022818164096348073 -0.00088332472715242367 0.003705811483566579 0.0031616733436663326 0.00016479364117037988 -0.00030090323045525724 -0.0013292630056461309
leaf_weight=47 72 69 209 50 99 112 120 280 78 139 136 5352 169 92 300 59 760 60 145 250 58 353 244 125 504 67 40 648 1611 421
leaf_count=47 72 69 209 50 99 112 120 280 78 139 136 5352 169 92 300 59 760 60 145 250 58 353 244 125 504 67 40 648 1611 421
internal_value=-0.000122336 -0.00312152 0.00514354 -0.00234589 0.00564516 0.00415381 0.0193133 0.00318654 0.00758552 0.00489349 -0.00222561 -0.00207128 -0.00615009 0.0111235 0.0189773 0.00358696 -0.00178784 0.0147105 -0.0159184 0.009375 -0.00635593 -0.0179551 0.0117444 0.00554054 0.000179083 0.0112705 0.00282486 -0.00216826 -0.00692552 -0.00575504
internal_weight=12669 8072 4597 7672 4525 3887 232 3655 2016 1736 1639 7603 2251 898 439 459 838 638 244 367 117 400 578 369 1395 243 176 1152 2201 2032
internal_count=12669 8072 4597 7672 4525 3887 232 3655 2016 1736 1639 7603 2251 898 439 459 838 638 244 367 117 400 578 369 1395 243 176 1152 2201 2032
is_linear=0
shrinkage=0.05


Tree=96
num_leaves=31
num_cat=0
split_feature=2 9 7 9 9 9 2 5 3 6 6 9 6 7 4 5 3 9 3 7 5 7 5 5 6 3 1 6 1 7
split_gain=22.7075 33.8477 27.4893 24.4911 38.0098 29.1798 25.5732 25.1478 22.3267 21.9144 27.9757 37.6425 26.266 35.0261 33.629 26.1409 17.6395 33.3679 19.3289 17.1404 16.4299 16.0007 15.7417 22.261 18.7097 17.8091 26.4271 20.6163 20.2479 20.2313
threshold=975.51666666666677 13943.429624999999 0.99196248624718542 12134.6975 12057.643624999999 12491.249562499996 999.54313725490204 -0.46801505794253101 20.500000000000004 0.99981043035926087 0.99024581825578073 14691.241 0.96177147954086928 0.60726729507090926 1.0000000180025095e-35 1.0000000180025095e-35 9.5000000000000018 13284.959874999999 15.500000000000002 0.95566275305367776 -0.20180236284700911 0.93315540453694978 -0.98803845231459242 -0.96235977360714686 0.11478523713130605 7.5000000000000009 35.14705882352942 -0.99168640063982161 66.735294117647072 0.89693165594635726
decision_type=2 2 2 2 2 2 2 2 2 2 2 2 2 2 2 2 2 2 2 2 2 2 2 2 2 2 2 2 2 2
left_child=1 2 19 4 6 -5 8 -7 22 10 12 -12 13 -9 -14 -11 17 -15 -18 21 -16 -1 24 -24 -2 28 27 -27 -25 -29
right_child=3 -3 -4 5 -6 7 -8 9 -10 15 11 -13 14 16 20 -17 18 -19 -20 -21 -22 -23 23 25 -26 26 -28 29 -30 -31
leaf_value=-9.1455716062058278e-05 -0.00027882483319752183 0.0017834713713821991 0.0011975527640101236 -0.0021441819100195994 0.0021638297891651338 0.0015147945777063633 -0.00047817272550956249 -0.00092263364357550448 0.00053713119060173626 -0.00032993044156258216 -0.00011124880516557163 -0.0017328839844519635 0.0035946950528927936 -0.0026239911075312873 0.0019717058867915723 0.0037305348240530738 -0.001077706450669605 0.00057314848912628504 1.4610641774169543e-05 -0.0028271619283660094 -4.8299063625428798e-05 0.0019497225260033252 0.0012693532579453313 0.00058851490038904506 -0.0034889630852547983 -0.0021192810154368746 1.103621456947368e-05 -0.00010299847483684621 -6.1616447104007044e-05 -0.0018569985493880226
leaf_weight=246 491 92 67 183 87 153 734 444 1022 41 242 198 57 60 55 54 351 501 460 46 295 40 388 1284 59 61 3168 481 1087 201
leaf_count=246 491 92 67 183 87 153 734 444 1022 41 242 198 57 60 55 54 351 501 460 46 295 40 388 1284 59 61 3168 481 1087 201
internal_value=-6.32461e-05 0.0104675 0.004125 -0.00048939 0.000821933 -0.00432956 0.000501281 -0.00310783 0.00129807 -0.00420442 -0.0050488 -0.0165533 -0.00276529 -0.00533847 0.00870098 0.0192708 -0.00138383 0.00542705 -0.00609606 -0.0018018 0.002849 0.00278746 0.000318515 0.000989357 -0.00780399 0.000270571 -0.00180215 -0.0102823 0.00368887 -0.00775988
internal_weight=12648 491 399 12157 9063 3094 8976 2911 8242 2758 2663 440 2223 1816 407 95 1372 561 811 332 350 286 7220 6670 550 6282 3911 743 2371 682
internal_count=12648 491 399 12157 9063 3094 8976 2911 8242 2758 2663 440 2223 1816 407 95 1372 561 811 332 350 286 7220 6670 550 6282 3911 743 2371 682
is_linear=0
shrinkage=0.05


Tree=97
num_leaves=31
num_cat=0
split_feature=0 0 6 0 9 8 8 4 5 0 6 0 9 4 9 3 8 8 4 6 9 8 5 2 6 9 4 8 0 8
split_gain=84.0379 29.9004 29.2386 41.114 26.7445 23.7324 23.5714 29.6691 22.2456 61.4763 34.909 23.6213 32.1467 27.7575 37.4267 22.1749 22.1054 23.7356 22.0564 21.8798 21.5332 18.8593 18.7822 18.5453 20.5977 34.4059 26.2077 23.7307 21.3405 17.7403
threshold=20.397058823529417 30.89901960784314 0.99958851518450398 9.8921568627451002 10700.330562500001 -0.99940590107385374 -0.67802903493420741 1.0000000180025095e-35 0.074116354202380205 43.150980392156875 -0.69676771491221523 38.557843137254913 7337.5749999999998 3.5000000000000004 12568.910374999999 4.5000000000000009 -0.8611288361322974 -0.92923506988415838 5.5000000000000009 -0.67168186667784702 11152.979250000002 0.97786949981288174 0.89404822654372251 990.87941176470611 -0.56369940867848845 8597.364375000001 4.5000000000000009 -0.92272482904738262 14.927450980392159 0.93158198870884079
decision_type=2 2 2 2 2 2 2 2 2 2 2 2 2 2 2 2 2 2 2 2 2 2 2 2 2 2 2 2 2 2
left_child=2 4 3 -1 6 -3 7 -2 11 10 -10 -7 -13 14 -14 -5 17 18 -9 -8 -6 22 23 29 26 -26 -25 28 -27 -17
right_child=1 5 -4 15 20 8 19 16 9 -11 -12 12 13 -15 -16 21 -18 -19 -20 -21 -22 -23 -24 24 25 27 -28 -29 -30 -31
leaf_value=-0.001395579128147561 -0.0015092755274336762 0.0028071048465141192 0.00075787654141770482 0.00011098113216876093 -0.0013230962199552304 0.00047905823022140751 0.00032483688776016042 -0.00022793742197059209 0.0017453686809202785 0.0013317461647926133 0.00051269305754566565 -0.00020253387268679424 0.00056718673851705037 -0.0003001127182178043 -0.001254199579105042 -0.00083733791583684165 -0.00061649859897961465 0.0019011452109872762 0.0035790780053787637 0.001656977447516958 -9.9948213662801047e-05 -0.00088031210546700574 -0.00072985231797730661 -0.00012945312285860545 0.0010109636993427679 -0.0016879834242392951 -0.001663750122649356 5.3297685540615318e-05 -0.00031140869722898619 0.0013636588942287878
leaf_weight=208 175 53 76 1110 134 696 1033 409 51 161 683 76 102 106 41 709 535 273 78 878 1786 189 630 586 373 81 213 875 130 42
leaf_count=208 175 53 76 1110 134 696 1033 409 51 161 683 76 102 106 41 709 535 273 78 878 1786 189 630 586 373 81 213 875 130 42
internal_value=0.000224126 0.00369963 -0.00461421 -0.00507092 0.00174462 0.00895939 0.00442046 -0.000339905 0.00803339 0.0137835 0.00761905 0.00298434 -0.00812883 0.0006 0.0149306 -0.00415064 0.00227623 0.00775296 0.00112705 0.00808054 -0.0029672 -0.00595456 -0.0051511 -0.00350498 -0.00123949 0.00229452 -0.0076875 -0.00220791 -0.017217 -0.0103059
internal_weight=12492 7270 5222 5146 5301 1969 3381 1470 1916 895 734 1021 325 249 143 4938 1295 760 487 1911 1920 3828 3639 3009 2258 1459 799 1086 211 751
internal_count=12492 7270 5222 5146 5301 1969 3381 1470 1916 895 734 1021 325 249 143 4938 1295 760 487 1911 1920 3828 3639 3009 2258 1459 799 1086 211 751
is_linear=0
shrinkage=0.05


Tree=98
num_leaves=31
num_cat=0
split_feature=0 0 7 9 2 6 0 0 3 6 9 2 5 0 1 6 6 6 9 3 6 7 7 0 1 0 6 3 9 2
split_gain=76.0763 38.5687 57.4205 28.9238 31.8664 30.5301 43.3911 26.4652 20.8221 20.3495 19.9479 21.0498 21.6306 19.3433 18.0465 21.3275 42.2517 25.3708 19.2783 24.066 19.0786 20.4748 37.3178 17.9804 20.2475 17.354 16.4758 16.1684 24.7847 17.1015
threshold=24.652941176470595 45.304901960784328 0.11478755917771409 10700.330562500001 978.75686274509815 0.33222858587828868 37.89019607843138 7.7480392156862754 19.500000000000004 -0.8901731938066898 4022.0499999999988 991.50882352941187 0.9893236546938301 13.252941176470591 42.166666666666679 0.84658398682345093 0.76002003530985496 0.98005052076767474 13693.986749999995 10.500000000000002 0.28313308994381592 0.99351232050787985 0.94911049632748046 33.192156862745101 77.87254901960786 41.504901960784323 0.31595530242620651 8.5000000000000018 10001.092000000001 987.31176470588252
decision_type=2 2 2 2 2 2 2 2 2 2 2 2 2 2 2 2 2 2 2 2 2 2 2 2 2 2 2 2 2 2
left_child=7 3 -3 4 -2 8 -7 -1 9 -6 -9 12 13 -12 -15 16 20 18 -17 -20 21 22 27 -11 -25 -5 -22 28 29 -16
right_child=1 2 -4 25 5 6 -8 10 -10 23 11 -13 -14 14 15 17 -18 -19 19 -21 26 -23 -24 24 -26 -27 -28 -29 -30 -31
leaf_value=-0.0023011825441536992 -0.00039828581990777878 -1.590822427819383e-05 0.0011226063073289051 -8.8214161755509343e-05 0.0017722059655704448 0.002853978937055782 -0.00016117829182666911 0.00327636606066829 0.0017898745991259679 -0.00010365093091657119 -0.0012478971182243407 -5.665586777773291e-05 0.00076829873194935458 -0.0014756798320639142 -0.0010670140802489015 -0.0026257901482522523 0.0018652854035625596 0.00028289836114121227 0.00045176263096994023 -0.0014416063416407166 -0.0022957451117756752 -0.0014595748483127336 0.0043299893291662839 0.00089366793338738204 -0.00013455401943858193 0.0011435708522974763 -0.00073364365105703724 -0.00037814982487525132 0.0016872773237138123 0.0011784296573906089
leaf_weight=46 150 115 128 1896 260 390 43 120 326 1030 209 5305 57 277 157 174 80 121 55 58 48 80 60 116 81 124 304 586 40 166
leaf_count=46 150 115 128 1896 260 390 43 120 326 1030 209 5305 57 277 157 174 80 121 55 58 48 80 60 116 81 124 304 586 40 166
internal_value=-3.96731e-05 0.00503219 0.0243852 0.00396197 0.00767626 0.00916778 0.0210829 -0.00301485 0.00631202 0.00379704 -0.00279185 -0.00310491 -0.00691468 -0.00763659 -0.00625283 -0.00453368 -0.00180683 -0.0146699 -0.0227431 -0.00657895 -0.00377947 -0.000504587 0.00143564 0.00109935 0.014899 -0.000445324 -0.013881 -0.001 0.00728022 0.00262346
internal_weight=12602 4659 243 4416 2396 2246 433 7943 1813 1487 7897 7777 2472 2415 2206 1929 1521 408 287 113 1441 1089 1009 1227 197 2020 352 949 363 323
internal_count=12602 4659 243 4416 2396 2246 433 7943 1813 1487 7897 7777 2472 2415 2206 1929 1521 408 287 113 1441 1089 1009 1227 197 2020 352 949 363 323
is_linear=0
shrinkage=0.05


Tree=99
num_leaves=31
num_cat=0
split_feature=3 3 1 4 1 7 7 2 2 7 2 6 9 8 9 4 2 6 7 7 1 3 8 9 6 6 4 2 7 2
split_gain=28.3308 23.9954 24.1894 20.9035 19.6371 18.4551 22.3055 18.7242 23.1118 21.3497 18.4 24.5715 20.5751 23.6667 22.1062 22.8624 24.621 26.5769 28.5512 17.3489 16.0955 15.9609 21.3214 15.8263 14.9413 14.5797 14.5363 21.9984 15.8372 16.2102
threshold=20.500000000000004 5.5000000000000009 96.303921568627473 3.5000000000000004 16.029411764705888 -0.93545056548590078 -0.85227431625818906 975.51666666666677 982.7735294117648 0.82048548965790546 997.19705882352957 0.90438663683299525 9189.8500000000004 -0.97507822412530132 9157.4811249999966 2.5000000000000004 989.83823529411768 -0.99168640063982161 0.67008845381070758 0.21652696009750597 87.97058823529413 9.5000000000000018 -0.95244002147885598 12173.294062500003 0.19969739736768838 -0.44505783185115427 1.0000000180025095e-35 1006.4568627450982 0.019351116170480156 999.00490196078442
decision_type=2 2 2 2 2 2 2 2 2 2 2 2 2 2 2 2 2 2 2 2 2 2 2 2 2 2 2 2 2 2
left_child=1 -1 3 5 -5 23 -7 -8 9 -9 11 12 14 -14 15 16 -10 -18 19 25 -13 -15 -23 -3 -12 -19 -26 28 -28 -30
right_child=-2 2 -4 4 -6 6 7 8 10 -11 24 20 13 21 -16 -17 17 18 -20 -21 -22 22 -24 -25 26 -27 27 -29 29 -31
leaf_value=0.00014424154286313829 0.00038027163246704136 -0.00035164911118464872 0.0011798244866579322 -0.001000272749295822 -0.00032370882244429634 0.0015922184051935546 0.00058773425750630048 -0.0011305628267859024 -0.0005489544558247184 0.0027180380361325309 -0.00092977061061426955 0.00098965897638284006 -0.0015817136312663489 0.0005649764604134744 0.0023207155480674093 0.0012433951901025171 -0.0018231427350164379 0.0012497191549614498 -0.00026750646547312742 0.002194955625743089 -0.00047594749606814788 0.0007685448739841186 -0.00079571761382766159 -0.0021108767743212077 0.00046422860780592073 -0.0015852749779003972 -0.00045799514073782688 -0.001427867575774828 -0.00012213340828046428 0.0011020750869902827
leaf_weight=3162 1569 365 309 214 2999 199 184 208 326 46 307 279 98 183 51 370 62 90 297 172 101 52 492 49 95 41 182 45 58 68
leaf_count=3162 1569 365 309 214 2999 199 184 208 326 46 307 279 98 183 51 370 62 90 297 172 101 52 492 49 95 41 182 45 58 68
internal_value=0.000114407 -0.000774426 -0.00224097 -0.0027967 -0.00586497 -0.000565483 0.00047417 -0.000380777 -0.00117274 -0.0156863 -7.4184e-05 0.00191205 -8.94855e-05 -0.00635593 0.00358156 0.00235467 -0.0016178 0.00392157 0.00715474 0.0179276 0.0136483 -0.00322802 -0.00752294 -0.0106024 -0.00694444 0.00416667 -0.00111359 -0.00579096 -0.000970874 0.0125984
internal_weight=12673 11104 7942 7633 3213 4420 4006 3807 3623 254 3369 2614 2234 825 1409 1358 988 662 600 303 380 727 544 414 755 131 448 353 308 126
internal_count=12673 11104 7942 7633 3213 4420 4006 3807 3623 254 3369 2614 2234 825 1409 1358 988 662 600 303 380 727 544 414 755 131 448 353 308 126
is_linear=0
shrinkage=0.05


Tree=100
num_leaves=31
num_cat=0
split_feature=0 0 7 5 5 3 2 7 5 0 7 2 6 7 3 7 2 7 2 3 7 7 7 0 6 7 5 6 5 2
split_gain=65.1564 29.8159 37.5188 23.4347 28.4195 25.5583 23.1351 46.2167 24.4344 21.9679 64.5318 27.4676 31.1809 22.2491 18.4388 18.0599 20.8602 16.9642 16.6808 15.9625 15.5332 18.293 17.7929 18.5648 22.9795 17.4727 14.8484 33.8238 16.5987 13.6438
threshold=30.89901960784314 14.699019607843139 -0.99629805505515945 -0.97876850416056738 -0.814291907305839 7.5000000000000009 984.57647058823545 0.92023804793023134 0.99966190462023474 43.150980392156875 -0.45274443793211405 986.62941176470599 -0.69676771491221523 0.99196248624718542 20.500000000000004 0.92273069556937592 992.75196078431384 -0.091260668982868151 992.35000000000014 1.5000000000000002 0.99274428880883148 0.99983759474438971 0.99049901459377832 21.47058823529412 0.9989598388634241 -0.99763297024448894 0.9053161325100999 0.080547328232315238 0.99053107487289871 974.79313725490204
decision_type=2 2 2 2 2 2 2 2 2 2 2 2 2 2 2 2 2 2 2 2 2 2 2 2 2 2 2 2 2 2
left_child=1 2 -1 -4 -5 18 7 19 20 11 -11 13 -13 -2 -7 -14 -17 -16 -6 -3 22 -22 23 26 25 -25 -8 28 -28 -9
right_child=9 6 3 4 5 14 8 29 -10 10 -12 12 15 -15 17 16 -18 -19 -20 -21 21 -23 -24 24 -26 -27 27 -29 -30 -31
leaf_value=0.0012550729037929351 -0.00012682871492185612 0.00077768499240212234 -0.0014878366733152961 0.00046535765219060253 -0.00069881830600922743 -0.00085118443385978279 -4.9525293509933295e-06 0.00025511291146214089 -0.0014585030599819138 -0.00015305116787094343 0.0010005961078943027 0.0014786269915699757 0.00096633053909557238 0.0025696114814474091 -0.00051217930087802267 -0.0044285931549881896 0.0011004711777323317 0.00048292844844803482 0.00012011973510537636 -0.0011657973867688909 -0.0012165898454759129 0.0025299383819495955 0.0018776305957066254 -0.0024420517276253664 -0.0034568886331264705 0.00053741032919030066 -0.00062218610610428752 -0.0010278192390727608 0.000987959832304769 0.0024687245632188342
leaf_weight=44 629 79 123 267 190 667 3013 52 79 113 230 65 789 59 65 50 40 74 372 732 295 57 55 69 45 3682 259 197 108 58
leaf_count=44 629 79 123 267 190 667 3013 52 79 113 230 65 789 59 65 50 40 74 372 732 295 57 55 69 45 3682 259 197 108 58
internal_value=9.15751e-05 -0.00146461 -0.00732113 -0.00847072 -0.00687653 -0.00978817 -0.000261929 -0.00775488 0.000617048 0.00842611 0.0199128 0.00600122 0.0115344 -0.00159652 -0.0154895 0.00903409 -0.0120879 0.00107143 -0.00159858 -0.0118842 0.000899627 -0.00934844 0.00138646 0.00117304 0.00360811 0.00403785 -0.0014114 -0.00884956 0.00013587 0.0225225
internal_weight=12557 10582 1802 1758 1635 1368 8780 921 7859 1975 343 1632 944 688 806 879 90 139 562 811 7780 352 7428 7373 3796 3751 3577 564 367 110
internal_count=12557 10582 1802 1758 1635 1368 8780 921 7859 1975 343 1632 944 688 806 879 90 139 562 811 7780 352 7428 7373 3796 3751 3577 564 367 110
is_linear=0
shrinkage=0.05


Tree=101
num_leaves=31
num_cat=0
split_feature=0 0 6 0 5 9 2 8 0 3 3 9 5 9 9 5 2 5 8 6 3 9 6 6 8 0 9 5 2 2
split_gain=73.3177 23.8765 26.9249 22.9234 65.1971 28.843 31.0073 22.3386 20.7905 22.1338 47.364 21.5583 22.4199 20.2569 19.1445 21.2642 20.9344 20.2501 18.837 18.4885 18.019 17.7136 23.4488 17.2292 37.3336 15.8565 16.2099 14.9933 16.1661 14.9419
threshold=23.595098039215689 10.880392156862746 0.99958851518450398 45.304901960784328 0.074116354202380205 9901.3638125000016 987.19313725490213 -0.73137137938158592 29.990196078431378 18.500000000000004 7.5000000000000009 5319.2233750000005 -0.97509794945709805 6805.518124999996 5121.4499999999998 -0.63255557784149707 991.50882352941187 0.98522604642031408 -0.99940590107385374 -0.69676771491221523 9.5000000000000018 11597.500624999999 0.63089349388778826 -0.78858226040708135 0.36447543099728863 12.972549019607845 13485.0049375 -0.44504625642270151 994.47156862745112 980.89117647058833
decision_type=2 2 2 2 2 2 2 2 2 2 2 2 2 2 2 2 2 2 2 2 2 2 2 2 2 2 2 2 2 2
left_child=1 2 21 5 -5 6 7 29 9 10 -8 -12 -13 20 15 -3 17 25 -18 -10 -9 22 -1 24 -20 -16 -27 -17 -29 -2
right_child=3 14 -4 4 -6 -7 8 13 19 -11 11 12 -14 -15 16 27 18 -19 23 -21 -22 -23 -24 -25 -26 26 -28 28 -30 -31
leaf_value=-0.00080534378070662026 -3.403835050141968e-06 -9.781514315642115e-05 0.00044056791174728954 -4.8453986340746273e-05 0.0011071283480935667 2.7125136563241339e-05 0.0023789560668754373 -0.00043648204060584006 0.0014381330865965048 0.0022516554462530952 0.0043976361284805759 0.0036241178759185561 -0.0015388844452585038 0.0024318088282583752 -0.0019105385007518461 0.0024242161266106498 -0.0012409423430933737 0.00073595900420077992 -0.0027974899384884985 0.0012399919135205107 0.00027292720723419152 -0.0011613381233487076 0.00039009691874552919 2.0776055830153128e-05 -0.00019044441312703053 -0.00051100443188443199 -0.00095929105211282342 -0.00060439105716158105 0.001216108208676936 -0.00057790701947462168
leaf_weight=269 113 586 40 132 114 2738 369 82 81 310 77 54 453 98 73 130 65 72 81 371 154 99 41 3346 729 1443 186 89 55 127
leaf_count=269 113 586 40 132 114 2738 369 82 81 310 77 54 453 98 73 130 65 72 81 371 154 99 41 3346 729 1443 186 89 55 127
internal_value=6.75783e-05 -0.00317591 -0.0143333 0.00456011 0.0194332 0.00382856 0.00796943 -0.00208696 0.0113345 0.00803006 0.00424528 -0.00461538 -0.00836614 0.00626866 -0.00244312 0.00452962 -0.00344396 -0.008 -0.00152771 0.0205298 -0.00168776 -0.0181707 -0.0122186 -0.00110657 -0.00764488 -0.00910159 -0.00806748 0.016 0.00482759 -0.0136929
internal_weight=12577 7304 449 5273 246 5027 2289 574 1715 1263 953 584 507 334 6855 860 5995 1774 4221 452 236 409 310 4156 810 1702 1629 274 144 240
internal_count=12577 7304 449 5273 246 5027 2289 574 1715 1263 953 584 507 334 6855 860 5995 1774 4221 452 236 409 310 4156 810 1702 1629 274 144 240
is_linear=0
shrinkage=0.05


Tree=102
num_leaves=31
num_cat=0
split_feature=8 8 7 8 9 3 3 8 5 9 7 7 4 5 5 6 6 5 2 8 5 2 5 5 2 9 6 5 6 7
split_gain=16.3403 30.1949 32.0933 18.425 36.7531 23.1073 34.3208 32.3786 25.1598 28.255 24.7068 27.8862 31.5781 23.8839 18.4339 26.5582 19.0196 19.3419 17.2266 16.7993 16.2719 17.0042 14.8965 14.3512 13.9102 13.8957 15.9671 13.8573 17.6625 13.8726
threshold=0.9899370942838045 0.99865940500831329 1.0000000180025095e-35 0.86762559983340226 15469.050000000001 8.5000000000000018 15.500000000000002 0.79773375822167203 0.85226249403558707 11279.944937500002 -0.98523971305672675 -0.43733782138609528 4.5000000000000009 0.95242846126021108 -0.20180236284700911 0.99249573635719013 0.99024581825578073 -0.18492532721306487 1000.5941176470589 0.88917497572200743 0.074116354202380205 986.13431372549041 0.59868201182722736 0.99966190462023474 983.03235294117655 8642.4175000000014 0.31595530242620651 -0.082689790342551819 0.9863035000474919 0.31596169403973995
decision_type=2 2 2 2 2 2 2 2 2 2 2 2 2 2 2 2 2 2 2 2 2 2 2 2 2 2 2 2 2 2
left_child=3 -2 18 5 14 23 8 -8 10 13 -7 24 -13 25 -5 16 17 -16 -3 -19 -17 -22 -14 -1 -12 -10 -27 28 29 -21
right_child=1 2 -4 4 -6 6 7 -9 9 -11 11 12 22 -15 15 20 -18 19 -20 27 21 -23 -24 -25 -26 26 -28 -29 -30 -31
leaf_value=0.00016975907083966181 -0.0011309623432016469 -0.0021251106991437979 0.0020236663508377386 0.0014040507375604639 -0.0014604349331980217 -0.0017015521313925516 0.00014725026528612518 -0.0010426342774643355 0.00018997653151227312 -0.0021484330242614383 -0.00045788100126614164 -0.00011450107805447627 -0.0018452105514760308 3.35270087176813e-05 -0.0035391997938872912 0.0044498483197905779 -0.0025600100536353879 -0.00052034849841827162 0.00034891629866091458 -0.0013961754359322843 0.0018489047688200367 -0.0004121063690386798 0.00016138804613761439 -0.0012706399136679924 0.00044108075788019675 -0.0042550816139113436 -0.0010226632529220321 0.00064371268388309789 0.0011317140768445145 0.0018630169359987682
leaf_weight=4026 285 56 93 212 56 174 3439 161 53 166 48 1052 369 306 56 54 64 103 41 107 56 58 71 40 737 93 71 406 83 41
leaf_count=4026 285 56 93 212 56 174 3439 161 53 166 48 1052 369 306 56 54 64 103 41 107 56 58 71 40 737 93 71 406 83 41
internal_value=-5.16775e-05 -0.00913866 0.00628272 0.000305709 0.00593678 -0.00037013 -0.00216585 0.00116634 -0.00598535 -0.0144203 -0.0036093 -0.00221686 -0.00622907 -0.00868321 0.0077357 0.00495627 0.00139373 0.00351317 -0.0137755 0.00566802 0.0230769 0.0121739 -0.0174603 0.00260634 0.00540712 -0.0213303 -0.0284848 0.00869906 -0.00107759 -0.0114094
internal_weight=12577 475 190 12102 1296 10806 6740 3600 3140 689 2451 2277 1492 523 1240 1028 860 796 97 740 168 114 440 4066 785 217 164 637 231 148
internal_count=12577 475 190 12102 1296 10806 6740 3600 3140 689 2451 2277 1492 523 1240 1028 860 796 97 740 168 114 440 4066 785 217 164 637 231 148
is_linear=0
shrinkage=0.05


Tree=103
num_leaves=31
num_cat=0
split_feature=0 0 5 9 8 8 9 3 5 5 5 7 7 3 7 1 8 1 9 0 7 1 5 9 3 4 5 7 7 1
split_gain=55.6042 28.6558 27.6267 24.8005 27.5974 26.7247 21.0262 20.9327 20.2242 20.0619 35.4086 19.6471 34.9683 19.4272 18.2838 21.1342 18.2088 16.3759 15.2931 21.233 34.9887 21.2055 26.7924 20.9361 16.5957 16.1294 15.0836 36.6739 30.6564 26.8375
threshold=31.244117647058829 12.571568627450983 -0.97876850416056738 14840.974999999997 0.88917497572200743 0.9899370942838045 10045.650000000001 5.5000000000000009 -0.30983472475487867 -0.96235977360714686 -0.94705910369513524 0.99196248624718542 0.95566275305367776 17.500000000000004 -0.049435780479547518 49.401960784313736 -0.99940590107385374 83.441176470588246 13504.861187500001 36.934313725490206 -0.67803021058859214 82.245098039215705 0.39036257410962044 9422.8140000000003 8.5000000000000018 2.5000000000000004 -0.98523971305672675 -0.21022365857738434 -0.14250758662009075 77.87254901960786
decision_type=2 2 2 2 2 2 2 2 2 2 2 2 2 2 2 2 2 2 2 2 2 2 2 2 2 2 2 2 2 2
left_child=1 2 -1 4 11 -6 26 -4 13 -8 -11 12 16 -9 -10 -16 -2 -5 19 20 23 25 -23 -18 -20 -21 27 -3 -29 -30
right_child=3 6 7 17 5 -7 9 8 14 10 -12 -13 -14 -15 15 -17 18 -19 24 21 -22 22 -24 -25 -26 -27 -28 28 29 -31
leaf_value=-0.0015185755009062788 0.0023731861632679319 -0.0025698075488427038 0.00014124589853860213 -0.0039627571155297584 0.0012612294594651298 -0.00083466384854297701 0.0022814637052830573 -0.00045975789909230504 -0.0012052815193717772 -0.0029881177789522042 -0.00018035317653179869 0.00092446058065505105 -0.0036918856393277355 0.00081574718231575355 0.00018106732377152213 -0.0010867617908757413 0.0013745296702688205 -5.8225140467882413e-06 0.0030724229077247339 -0.00024198121278287135 -1.6114750039641911e-05 -0.00017928417290951072 0.001600441307777667 0.0015225417102304629 0.001717935986154895 0.00051539165847749868 0.00017691864006746523 0.0010841458466311349 -0.0010469306235494137 0.0011866626213361293
leaf_weight=63 56 71 222 41 209 40 61 202 177 46 3820 108 81 58 86 84 108 72 64 45 447 209 41 195 107 60 5320 69 249 180
leaf_count=63 56 71 222 41 209 40 61 202 177 46 3820 108 81 58 86 84 108 72 64 45 447 209 41 195 107 60 5320 69 249 180
internal_value=0.000226334 -0.00116724 -0.00974244 0.00814756 0.0095991 0.025 -0.000387084 -0.00728916 -0.0120888 -0.00322047 -0.0036721 0.00706307 0.00548091 -0.00153257 -0.0199713 -0.00818713 0.00742686 -0.0144737 0.00618637 0.00402351 0.00878828 -0.00603933 -0.0139442 0.021875 0.0200581 0.0127358 0.00150255 -0.00622807 -0.00140281 -0.00639535
internal_weight=12591 10708 892 1883 1770 249 9816 829 607 3927 3866 1521 1413 260 347 170 1332 113 1276 1105 750 355 250 303 171 105 5889 569 498 429
internal_count=12591 10708 892 1883 1770 249 9816 829 607 3927 3866 1521 1413 260 347 170 1332 113 1276 1105 750 355 250 303 171 105 5889 569 498 429
is_linear=0
shrinkage=0.05


Tree=104
num_leaves=31
num_cat=0
split_feature=0 0 0 5 2 9 9 0 5 2 8 2 2 9 0 4 9 4 3 0 1 8 0 2 2 8 2 2 9 5
split_gain=47.5183 24.4235 20.4259 43.8519 24.1898 24.2872 34.7629 28.9528 25.6485 23.1537 21.3919 21.1219 17.2405 19.4302 18.593 17.6553 16.8452 19.3266 16.0511 18.4519 16.0507 17.1359 24.1955 27.487 20.5446 19.4776 15.7142 15.6591 15.5428 22.8466
threshold=20.111764705882354 7.7480392156862754 46.379411764705893 -0.15101209918632377 984.76960784313735 12134.6975 12491.249562499996 33.377450980392162 -0.37447345805034543 998.11470588235306 -0.25414035925338746 989.9205882352943 975.51666666666677 13943.429624999999 31.244117647058829 3.5000000000000004 5943.6702500000001 5.5000000000000009 9.5000000000000018 26.989215686274513 95.911764705882362 0.64415777744009783 25.508823529411771 994.47156862745112 987.74215686274522 0.5475998096715059 995.41078431372569 978.75686274509815 7050.9738125000013 -0.97509794945709805
decision_type=2 2 2 2 2 2 2 2 2 2 2 2 2 2 2 2 2 2 2 2 2 2 2 2 2 2 2 2 2 2
left_child=1 -1 4 -4 12 7 -7 9 11 20 18 -9 13 15 -14 -2 -11 -18 19 -8 21 25 23 -23 -24 28 -20 -16 29 -6
right_child=2 -3 3 -5 5 6 10 8 -10 16 -12 -13 14 -15 27 -17 17 -19 26 -21 -22 22 24 -25 -26 -27 -28 -29 -30 -31
leaf_value=-0.0020592169333812898 0.00055693169468943042 -0.0001772230371877598 -8.701829915769288e-05 0.0008399350434909747 0.0062811248472334109 -0.0033803788843376316 0.00054722265321277834 -0.00017305791649981919 0.0017735127502246707 0.0014901306155713501 -0.000239019769654536 0.0014475110083277953 -0.0011581301816862373 0.0018348198994580123 -0.00045973550742233198 -0.0020853160064043699 -0.0010664091120475964 0.00042171112566024432 -0.00078890948136540746 0.0023552193437159086 0.0026364939081158002 -0.0005272849778589217 -0.00027680830713376349 0.0030074615946712904 0.003539515756508016 -0.0022203163516895694 0.0018888985678129078 0.00033792737025933883 0.0001861830878219617 0.00093152601706069098
leaf_weight=48 228 5058 79 108 49 129 81 135 181 61 1018 82 566 51 94 84 338 102 183 89 66 232 44 129 214 128 86 303 1908 744
leaf_count=48 228 5058 79 108 49 129 81 135 181 61 1018 82 566 51 94 84 338 102 183 89 66 232 44 129 214 128 86 303 1908 744
internal_value=7.92456e-05 -0.00364206 0.00260881 0.018883 0.00219083 0.00354167 -0.00176434 0.00544857 0.0182957 0.00417082 0.000445816 0.00665138 -0.00391861 0.00535714 -0.00741701 0.000638978 -0.00587649 -0.00929705 0.00965909 0.0216374 0.00560455 0.00513192 0.0126613 0.00428177 0.0243243 0.00348057 0.00203704 0.000879397 0.00438564 0.0102645
internal_weight=12618 5106 7512 187 7325 5999 1586 4413 398 4015 1457 217 1326 363 963 312 501 440 439 170 3514 3448 619 361 258 2829 269 397 2701 793
internal_count=12618 5106 7512 187 7325 5999 1586 4413 398 4015 1457 217 1326 363 963 312 501 440 439 170 3514 3448 619 361 258 2829 269 397 2701 793
is_linear=0
shrinkage=0.05


Tree=105
num_leaves=31
num_cat=0
split_feature=0 6 0 8 0 5 1 4 5 6 6 3 3 6 4 0 2 4 6 2 3 0 2 6 6 2 6 5 8 3
split_gain=39.8285 21.8445 21.6475 21.2172 17.0713 40.9777 23.3381 27.5785 20.3078 16.7089 22.9953 16.8016 17.2401 16.8637 16.1376 16.1287 15.4913 14.8315 17.6626 18.8445 14.6076 16.8667 12.3701 18.3849 28.8404 13.5935 18.9186 19.6218 18.2945 18.0606
threshold=24.797058823529415 -0.90531874877253482 7.7480392156862754 -0.99940590107385374 33.632352941176478 0.15951094710994371 88.147058823529434 5.5000000000000009 -0.2270106897347694 -0.95998493203694346 -0.96904977397942549 20.500000000000004 4.5000000000000009 0.99958851518450398 1.0000000180025095e-35 12.057843137254904 986.13431372549041 5.5000000000000009 -0.99168640063982161 991.81666666666672 15.500000000000002 45.304901960784328 1003.1833333333335 0.97832380634958016 0.96177147954086928 990.96372549019611 0.84658398682345093 -0.92274349529687905 0.50371863418624774 8.5000000000000018
decision_type=2 2 2 2 2 2 2 2 2 2 2 2 2 2 2 2 2 2 2 2 2 2 2 2 2 2 2 2 2 2
left_child=2 16 -1 -4 -3 6 7 -6 14 10 17 12 -11 15 -8 -14 -2 18 19 -5 21 -7 25 24 -24 26 27 -17 -27 -30
right_child=1 4 3 9 5 20 8 -9 -10 11 -12 -13 13 -15 -16 22 -18 -19 -20 -21 -22 -23 23 -25 -26 28 -28 -29 29 -31
leaf_value=-0.0017966285037177246 -0.00038048860530257023 8.7840629574703621e-05 -0.0011058818726780329 -0.0035613513565628378 0.00027304453375588954 0.0011374460389304731 0.00061099871224370994 -0.00032791718082867961 0.00027151623906248034 0.0001088703852810305 -0.0021180613372153603 0.00026442410087680336 -0.00057993741338311093 0.00096131230322488723 -0.00021900590465382397 -0.0018241039111211749 0.0022154806759339118 -0.0019988067463118549 0.0008324944200275076 -7.6305846393268103e-05 0.0024234243627268338 0.0012300618410167276 -0.0010003217050790125 -0.0016519439289196512 0.00049236980697055515 -0.00015579696529141457 -0.0013661922349624323 -6.593710200347159e-05 -0.00031673300649348108 0.0006407782467186332
leaf_weight=49 44 3035 75 51 358 262 44 46 108 1601 103 951 407 57 179 141 209 80 191 145 169 57 72 46 73 2188 289 971 130 418
leaf_count=49 44 3035 75 51 358 262 44 46 108 1601 103 951 407 57 179 141 209 80 191 145 169 57 72 46 73 2188 289 971 130 418
internal_value=-9.16335e-05 0.003668 -0.00220177 -0.00199625 0.00281756 0.00780229 0.000339674 0.00839506 -0.00948795 -0.00174352 -0.00998249 -0.00110279 -0.00202534 -0.00352598 -0.0180804 -0.00385346 0.0179134 -0.00523504 -0.00115979 -0.0116751 0.0190184 0.0126563 -0.0029568 -0.0153646 -0.00650685 -0.00238038 -0.00638374 -0.0034142 -0.000328827 0.00783242
internal_weight=12549 4511 8038 7989 4258 1223 735 404 331 7914 570 7344 6393 4792 223 4735 253 467 387 196 488 319 4328 191 145 4137 1401 1112 2736 548
internal_count=12549 4511 8038 7989 4258 1223 735 404 331 7914 570 7344 6393 4792 223 4735 253 467 387 196 488 319 4328 191 145 4137 1401 1112 2736 548
is_linear=0
shrinkage=0.05


Tree=106
num_leaves=31
num_cat=0
split_feature=0 7 7 5 5 0 7 7 7 5 6 9 5 3 7 4 6 7 7 9 4 0 3 3 5 6 5 3 3 5
split_gain=32.3393 29.9417 28.0486 22.9058 25.1554 19.1252 36.4056 20.8766 36.5487 26.6823 23.9913 26.1767 20.2321 18.364 16.7049 34.3605 32.6444 19.7807 27.934 18.4561 16.7788 15.7557 15.4413 15.4124 15.3703 13.7659 13.744 13.5629 16.0431 22.0775
threshold=14.793137254901962 -0.998663445439673 -0.99629805505515945 -0.97876850416056738 -0.92923668111203805 45.304901960784328 0.11478755917771409 -0.83377653105606597 -0.80418297442179409 0.46800856592688472 0.86439018870140905 10358.819500000001 -0.73866753694953124 16.500000000000004 -0.67803021058859214 3.5000000000000004 -0.90531874877253482 -0.48314718476766422 -0.39727776132405557 10045.650000000001 4.5000000000000009 18.761764705882356 5.5000000000000009 19.500000000000004 0.86113431103781346 -0.56369940867848845 -0.90163369914317015 20.500000000000004 8.5000000000000018 0.99966190462023474
decision_type=2 2 2 2 2 2 2 2 2 2 2 2 2 2 2 2 2 2 2 2 2 2 2 2 2 2 2 2 2 2
left_child=2 13 -1 -4 -5 7 -7 10 9 -9 11 25 -13 -2 15 21 -17 20 19 -19 -16 -10 24 -24 -6 -3 -18 28 29 -20
right_child=1 5 3 4 22 6 -8 8 14 -11 -12 12 -14 -15 17 16 26 18 27 -21 -22 -23 23 -25 -26 -27 -28 -29 -30 -31
leaf_value=0.0010058986667727324 -0.0023019939455454978 0.00029071539714235626 -0.0012060421202670286 0.0010932223462757767 -0.00012905506002678093 -2.8895580730048387e-05 0.00086317632996991695 -0.0028891543198569791 -0.00045852823811987076 0.00015321760051865697 0.00469977323973706 0.00053304402628194254 -0.00086202008085590901 0.00026896207219430092 -0.00072037403263641026 0.0035606972281749805 0.0015875590801002039 0.00010611859939864133 0.00023537745689540814 0.0020272011795797683 0.00017822833305449761 0.0019731978611773142 -0.00051632821557566629 7.2988300396916597e-05 0.00020917012107128375 0.0014120940633095436 -0.00066306622968690808 0.00045081318818764873 -0.00017474153385540204 -0.0011231476434833867
leaf_weight=41 98 372 125 65 365 128 118 107 43 54 63 256 328 43 560 41 74 145 2449 155 225 229 939 200 85 482 218 913 3609 48
leaf_count=41 98 372 125 65 365 128 118 107 43 54 63 256 328 43 560 41 74 145 2449 155 225 229 939 200 85 482 218 913 3609 48
internal_value=0.000286191 0.00132912 -0.00587589 -0.00682584 -0.0052568 0.00163402 0.0153846 0.0013064 0.000383271 -0.0231481 0.00675766 0.00542043 -0.00273504 -0.0214789 0.000820896 0.00882838 -0.00194611 0.000222085 0.00103142 0.0159468 -0.00731552 0.021978 -0.00650943 -0.00960526 0.00133038 0.0109942 -0.00784983 0.000391738 -0.00045849 0.0026221
internal_weight=12578 10758 1820 1779 1654 10617 246 10371 8870 161 1501 1438 584 141 8709 605 333 8104 7319 300 785 272 1589 1139 450 854 292 7019 6106 2497
internal_count=12578 10758 1820 1779 1654 10617 246 10371 8870 161 1501 1438 584 141 8709 605 333 8104 7319 300 785 272 1589 1139 450 854 292 7019 6106 2497
is_linear=0
shrinkage=0.05


Tree=107
num_leaves=31
num_cat=0
split_feature=0 7 0 6 6 6 3 6 0 1 3 8 4 6 4 9 3 3 6 9 1 7 6 1 9 0 6 4 9 0
split_gain=36.571 31.298 19.6304 19.3147 17.4885 31.7274 16.5019 18.0025 16.0766 16.4445 14.2654 14.1408 14.4407 18.1964 17.7152 13.4416 23.0557 20.6509 18.8318 17.0519 15.4425 13.2604 19.3334 14.2106 13.1386 14.6935 25.1032 18.156 21.9696 24.188
threshold=21.765686274509807 -0.998663445439673 7.7480392156862754 0.9989598388634241 0.99249573635719013 0.99024581825578073 3.5000000000000004 0.99958851518450398 12.571568627450983 80.107843137254918 19.500000000000004 0.83730377313544024 5.5000000000000009 0.71952396275653763 4.5000000000000009 12134.6975 16.500000000000004 10.500000000000002 0.21652257995689161 14776.2090625 47.500000000000007 -0.80418297442179409 0.81800285027139297 81.990196078431396 4467.2620000000015 27.11274509803922 -0.70900320270980455 2.5000000000000004 5687.9882500000012 45.304901960784328
decision_type=2 2 2 2 2 2 2 2 2 2 2 2 2 2 2 2 2 2 2 2 2 2 2 2 2 2 2 2 2 2
left_child=2 -2 -1 4 5 24 -4 8 9 10 11 12 13 14 -8 18 17 -17 -10 -19 -20 22 23 -22 -3 -26 -27 28 -28 -30
right_child=1 3 6 -5 -6 -7 7 -9 15 -11 -12 -13 -14 -15 -16 16 -18 19 20 -21 21 -23 -24 -25 25 26 27 -29 29 -31
leaf_value=-0.0016370732464211812 -0.0028164307564192584 0.002712775839815185 0.00012637858854652739 -0.0019976896544005142 0.0014653470622410015 -0.0030389325316576123 -0.00027288269262963697 0.0008469189301508834 -0.00022487900180813981 -0.0013537791937681899 0.00014203937196899803 -0.00099309341157504988 -0.00084424963545947122 0.00027625263496401794 -0.0018025554654508156 -0.00020627265996604611 0.0001397069652671612 -0.0012031983134836973 0.0010263701895606881 -0.00032166274516124002 -0.00046857196417728064 0.0003029504121377494 -0.0016739465233467712 0.0024456504295336662 5.6870510865847383e-05 0.0012936360567278151 -0.00018074877273536183 1.5325966775170397e-05 0.00095748023404701454 0.0020969005764902514
leaf_weight=50 57 91 1086 80 178 71 264 61 2597 93 95 62 46 61 52 354 299 196 199 78 91 358 62 42 2761 250 96 1622 1195 64
leaf_count=50 57 91 1086 80 178 71 264 61 2597 93 95 62 46 61 52 354 299 196 199 78 91 358 62 42 2761 250 96 1622 1195 64
internal_value=0.000321123 0.00294618 -0.00244021 0.00327664 0.00358666 0.0031377 -0.0021814 -0.00339254 -0.00372727 -0.010905 -0.00774527 -0.011214 -0.00790094 -0.00462963 -0.00946372 -0.00259528 -0.00792026 -0.0133545 -0.0011194 -0.0236364 0.00584329 0.0015343 -0.00892857 0.00186567 0.00352796 0.00323927 0.00552974 0.00424782 0.0085177 0.0102778
internal_weight=12611 6465 6146 6408 6328 6150 6096 5010 4949 673 580 485 423 377 316 4276 927 628 3349 274 752 553 195 133 6079 5988 3227 2977 1355 1259
internal_count=12611 6465 6146 6408 6328 6150 6096 5010 4949 673 580 485 423 377 316 4276 927 628 3349 274 752 553 195 133 6079 5988 3227 2977 1355 1259
is_linear=0
shrinkage=0.05


Tree=108
num_leaves=31
num_cat=0
split_feature=6 8 3 3 6 1 5 2 4 2 5 7 1 6 6 5 4 3 5 2 1 5 7 7 7 2 2 7 6 2
split_gain=18.6735 23.8989 15.9897 36.7442 15.0601 14.9599 19.2484 21.2213 18.2912 17.4578 15.1326 14.8935 14.3457 13.0177 22.129 14.5835 13.0524 12.4624 12.3655 11.4324 11.9722 22.6459 11.6346 13.2675 14.1035 11.3433 11.1589 10.8575 16.5345 19.1554
threshold=0.99981043035926087 0.99351059783078122 16.500000000000004 9.5000000000000018 -0.85674049181790024 61.205882352941181 0.69056404122701587 1002.1666666666667 5.5000000000000009 992.05980392156869 0.95242846126021108 0.96687895796550427 77.87254901960786 -0.56369940867848845 -0.39827153806311183 -0.8781231054254196 5.5000000000000009 22.500000000000004 0.99966190462023474 975.51666666666677 38.049019607843142 0.29342972903661901 -0.96688789938088693 -0.93545056548590078 -0.8431462759492121 995.27549019607852 996.05588235294135 0.81425425632861714 -0.039769286347669845 999.42156862745117
decision_type=2 2 2 2 2 2 2 2 2 2 2 2 2 2 2 2 2 2 2 2 2 2 2 2 2 2 2 2 2 2
left_child=1 2 3 18 12 6 7 8 27 10 -7 -11 -5 16 15 -15 17 -4 -1 -16 21 26 25 -24 -25 -22 -21 28 -6 -30
right_child=-2 -3 13 4 5 9 -8 -9 -10 11 -12 -13 -14 14 19 -17 -18 -19 -20 20 22 -23 23 24 -26 -27 -28 -29 29 -31
leaf_value=0.00011009538708551537 0.00083771134903936478 -0.0006643552383664681 -0.00074418202563101285 0.0006914340295195797 0.0013464013225326227 -0.00044049171805700117 -0.0013325573657002655 -0.00083426077729046103 -0.0015809339156499466 0.00023253731329223037 0.00061532354332225067 -0.0011209690816343946 -0.00061772148549209542 -1.5774311574046076e-05 0.00062316247931951682 0.0021763293316780798 0.0012564639829671426 0.00072507120535849072 -0.0009357993149607946 0.0040288975442448766 0.0019210107959616253 0.0011943378103912246 -0.00096653845334751108 0.0020413149281170106 -2.8795216309521199e-05 -0.00023833972961147671 -0.00014598881815716113 -0.00048478262508455661 -0.00037857785956256777 0.00059805944300600283
leaf_weight=5034 100 303 592 360 88 1126 409 77 96 692 104 78 69 60 142 146 126 99 46 42 106 186 52 98 1626 44 193 211 196 86
leaf_count=5034 100 303 592 360 88 1126 409 77 96 692 104 78 69 60 142 146 126 99 46 42 106 186 52 98 1626 44 193 211 196 86
internal_value=0.000369399 0.000196188 0.00054165 -0.000611092 -0.00448094 -0.0056732 -0.0101804 -0.00543046 -0.00258112 -0.00304848 -0.00674249 0.00285344 0.00430233 0.00338742 0.00506306 0.0207729 -0.00213936 -0.00484104 0.00212557 0.00375502 0.00291738 0.010545 0.00124546 0.000112549 0.000869565 0.0145695 0.000211864 0.000773196 0.00592992 0
internal_weight=12587 12487 12184 8672 3592 3163 1163 754 677 2000 1230 770 429 3512 2695 206 817 691 5080 2489 2347 421 1926 1776 1724 150 235 581 370 282
internal_count=12587 12487 12184 8672 3592 3163 1163 754 677 2000 1230 770 429 3512 2695 206 817 691 5080 2489 2347 421 1926 1776 1724 150 235 581 370 282
is_linear=0
shrinkage=0.05


Tree=109
num_leaves=31
num_cat=0
split_feature=0 0 0 5 2 9 0 9 9 8 9 8 2 1 9 2 5 5 2 3 4 8 3 2 8 3 4 2 1 5
split_gain=35.9669 18.5331 17.7742 27.6759 26.4647 20.8959 23.4011 25.6126 20.6925 18.9971 39.8631 29.3195 20.777 20.6299 27.7787 18.5384 18.2509 18.9396 24.183 17.9839 20.7837 34.7623 17.5268 17.4917 16.9165 16.5773 16.4007 24.4797 19.2047 19.1243
threshold=19.691176470588239 10.636274509803924 44.205882352941181 0.074116354202380205 984.76960784313735 10045.650000000001 28.273529411764709 4527.2620000000015 5569.7282499999992 0.8500094512057853 13249.7464375 0.91423533665985768 992.18725490196084 64.813725490196092 12271.200937500003 991.04313725490204 0.54219432480460406 0.75014288946266361 974.79313725490204 8.5000000000000018 1.0000000180025095e-35 0.063390085881955341 16.500000000000004 991.35196078431386 0.99924179677339053 8.5000000000000018 2.5000000000000004 988.62647058823541 93.029411764705898 0.35846314187849709
decision_type=2 2 2 2 2 2 2 2 2 2 2 2 2 2 2 2 2 2 2 2 2 2 2 2 2 2 2 2 2 2
left_child=1 -1 4 -4 16 6 7 -6 -8 13 12 23 -11 14 -7 26 -2 18 -18 20 21 -9 -10 -12 -13 -3 29 28 -28 -15
right_child=2 25 3 -5 5 9 8 19 22 10 11 24 -14 15 -16 -17 17 -19 -20 -21 -22 -23 -24 -25 -26 -27 27 -29 -30 -31
leaf_value=-0.00047099782180614339 -0.00034927615239236379 5.6985125951436459e-05 -2.5692409142163976e-05 0.000768774746262213 0.0042686628054933425 -0.0013388061158896847 -0.00016705413236053901 -0.002607389978071817 0.0009122285782994455 0.0010442643525500506 -3.9296613871886434e-05 -0.0015933594118440629 0.0039224557459157762 0.001302000269916398 0.00010819398244712453 0.00039782211410010067 4.1680150857009712e-05 -0.00052958268282952698 0.0022355458748290007 -4.3977572059994423e-05 0.0013799435754133283 0.0015699732999317818 0.0023573051983618561 0.0021185891713803198 0.002232523999880426 -0.00027379543810808065 -0.00098876519113904617 -0.0030778280840405461 0.0014201154697874975 -0.0023502804542144097
leaf_weight=408 941 1807 146 143 130 326 106 65 517 137 73 204 98 208 290 822 113 200 76 1669 722 69 232 67 52 2463 149 155 64 40
leaf_count=408 941 1807 146 143 130 326 106 65 517 137 73 204 98 208 290 822 113 200 76 1669 722 69 232 67 52 2463 149 155 64 40
internal_value=0.000432242 -0.00303484 0.002508 0.0146552 0.0020396 0.00341349 0.00595272 0.00363328 0.0131425 9.30752e-05 0.00767405 -0.00201511 0.0239407 -0.00223844 -0.00988655 0.00104239 -0.00435763 0.00474359 0.0160526 0.00251386 0.0084014 -0.00962963 0.0160667 0.0163121 -0.0120623 -0.00206041 -0.00551053 -0.0121951 -0.00116822 0.00441767
internal_weight=12492 4678 7814 289 7525 6195 3510 2655 855 2685 631 396 235 2054 616 1438 1330 389 189 2525 856 134 749 140 256 4270 616 368 213 248
internal_count=12492 4678 7814 289 7525 6195 3510 2655 855 2685 631 396 235 2054 616 1438 1330 389 189 2525 856 134 749 140 256 4270 616 368 213 248
is_linear=0
shrinkage=0.05


Tree=110
num_leaves=31
num_cat=0
split_feature=0 6 0 6 4 8 9 6 7 8 5 9 5 0 7 7 1 1 0 9 5 1 9 4 9 5 0 9 4 9
split_gain=38.9841 23.2395 25.9695 16.8771 20.0963 14.9183 16.0708 34.6847 22.079 37.2038 21.9908 21.5205 19.74 14.3239 22.3257 17.9201 15.6533 15.477 12.9055 15.4228 14.9717 23.8375 17.1489 16.6714 13.7578 13.3619 12.4698 48.206 22.2417 14.6258
threshold=24.726470588235298 0.99958851518450398 7.7480392156862754 -0.8901731938066898 1.0000000180025095e-35 -0.99940590107385374 12134.6975 0.98899263613956456 -0.99275346941927067 0.046214940139115722 0.9053161325100999 12491.249562499996 -0.46801505794253101 11.905882352941179 -0.98523971305672675 -0.96688789938088693 77.539215686274517 78.147058823529434 14.699019607843139 14666.634812500002 0.52766072109828632 37.127450980392162 13504.861187500001 1.0000000180025095e-35 14620.601500000001 0.65233619298682533 43.150980392156875 7337.5749999999998 2.5000000000000004 10641.3835
decision_type=2 2 2 2 2 2 2 2 2 2 2 2 2 2 2 2 2 2 2 2 2 2 2 2 2 2 2 2 2 2
left_child=1 2 -1 4 -2 -4 7 8 9 -7 11 -8 -13 17 16 -16 -15 -10 19 -14 23 -22 -23 24 -20 -24 29 -28 -29 -5
right_child=3 -3 5 26 -6 6 10 -9 13 -11 -12 12 18 14 15 -17 -18 -19 20 -21 21 22 25 -25 -26 -27 27 28 -30 -31
leaf_value=-0.0017377360167115297 -0.00040256799393012521 0.00073405729792631403 -0.0010265063510827149 0.0003667104858421422 0.0020301173377071935 -0.00033806203613861302 -0.0017939099059102168 0.0034402639979905464 -0.00037143141753735037 0.0043646204066060878 -0.00072665138907889034 0.0018129402472352341 -0.00096194316797160314 -0.002339251898937546 0.00085149956530731769 -8.0923490672980827e-05 -0.00054029586911741171 -0.0013635524072550767 -0.00018491329747415131 -0.00013993470635351168 0.0017067156855325367 0.0010246428848433783 -0.0019046294119184821 -0.00050655660288873169 0.0011077382250730074 0.00013849676815050617 -0.00016113830569240985 0.00089531102013887818 0.0001422366947986864 -0.00010463818099258338
leaf_weight=45 72 84 70 2014 229 118 87 48 402 84 131 67 101 44 158 4964 50 72 49 185 76 54 70 628 51 278 45 106 184 1959
leaf_count=45 72 84 70 2014 229 118 87 48 402 84 131 67 101 44 158 4964 50 72 49 185 76 54 70 628 51 278 45 106 184 1959
internal_value=-0.000347278 -0.00247569 -0.00275756 0.00330803 0.0147351 -0.00253595 -0.00232573 -0.00107726 -0.00142542 0.0147783 -0.00649606 -0.00491803 -0.00355769 -0.00200316 -0.00124593 -0.000800312 -0.0252632 -0.0103158 -0.00475553 -0.0142857 -0.0024855 0.00438413 -0.000496278 -0.00699588 0.0118812 -0.00458453 0.00250638 0.011756 0.019244 0.0017237
internal_weight=12525 7916 7832 4609 301 7787 7717 5940 5892 202 1777 1646 1559 5690 5216 5122 94 474 1492 286 1206 478 402 728 100 348 4308 335 290 3973
internal_count=12525 7916 7832 4609 301 7787 7717 5940 5892 202 1777 1646 1559 5690 5216 5122 94 474 1492 286 1206 478 402 728 100 348 4308 335 290 3973
is_linear=0
shrinkage=0.05


Tree=111
num_leaves=31
num_cat=0
split_feature=3 5 3 3 9 5 7 6 5 6 7 7 1 7 6 3 3 5 6 2 9 1 5 1 7 9 1 9 7 2
split_gain=18.4396 18.7685 17.8643 17.3363 21.7362 20.7553 21.9815 20.0981 17.9186 16.8786 15.7853 20.8921 20.3629 16.9649 15.0835 39.1383 33.2113 36.4201 18.2146 21.2583 16.34 14.5916 23.7341 21.7428 17.0922 14.4767 18.9875 18.2472 21.3377 14.317
threshold=2.5000000000000004 0.80417553764032002 16.500000000000004 9.5000000000000018 8407.9186250000002 0.056951373111866731 -0.98803388382128665 -0.30164489695395946 0.99700008544936913 -0.79904327102181261 -0.97876850416056738 -0.39036798905311365 45.774509803921575 -0.73866412149774419 0.19969739736768838 6.5000000000000009 7.5000000000000009 -0.861146256326485 0.04621408538533487 987.08529411764721 7156.0436875000014 67.382352941176478 -0.97113884758256674 28.71568627450981 0.50371950759872852 14695.955000000002 86.32352941176471 13485.0049375 -0.29343379936893921 994.18725490196096
decision_type=2 2 2 2 2 2 2 2 2 2 2 2 2 2 2 2 2 2 2 2 2 2 2 2 2 2 2 2 2 2
left_child=1 -1 3 14 5 21 -7 -6 10 -4 -9 13 -13 -12 16 20 18 -18 19 -2 -16 22 -5 -24 -25 27 -27 28 -14 -26
right_child=2 -3 9 4 7 6 -8 8 -10 -11 11 12 25 -15 15 -17 17 -19 -20 -21 -22 -23 23 24 29 26 -28 -29 -30 -31
leaf_value=9.8857574398436576e-05 -0.0011427879843161765 0.00077463041478094137 -0.00052382408838464454 0.0016010965794774346 -0.0036037760858135151 -0.0019130840022466582 0.00090147339836179621 -0.0022548852433752985 0.0010915219981450814 0.0001823094652942399 -0.00040382535412612774 -0.0009880792650586456 -0.0024480277998409281 0.00052592650271017234 0.0015972176503692621 0.00066070862347925594 0.00057528302626895511 -0.0014809249639846972 -0.00063759023104893384 0.00038908154492755533 -0.00014553124252149885 -0.00028067831069503727 -0.0011814382324848412 0.0013318307762514407 0.00028034613579194789 -0.00074730467990798968 0.0013575053599675813 -0.001199837036192171 1.3440148350447879e-05 -0.0014991435742802513
leaf_weight=1245 142 336 552 60 80 53 329 73 100 3064 326 352 63 312 44 767 141 418 140 1047 1003 437 182 54 238 67 62 368 498 87
leaf_count=1245 142 336 552 60 80 53 329 73 100 3064 326 352 63 312 44 767 141 418 140 1047 1003 437 182 54 238 67 62 368 498 87
internal_value=-8.70184e-05 0.00496207 -0.000809222 -0.00220983 -0.00460983 0.000208189 0.0101828 -0.00762381 -0.00672817 0.00207354 -0.007705 -0.00688141 -0.0102764 0.000625978 0.000216041 0.00347107 -0.00291159 -0.013125 0.00139098 0.00340336 -0.00281489 -0.00339943 0.00152733 -0.00169039 0.00513158 -0.00679887 0.00884615 -0.00897849 -0.00329181 0.000766871
internal_weight=12640 1581 11059 7443 3741 1440 382 2301 2221 3616 2121 2048 1410 638 3702 1814 1888 559 1329 1189 1047 1058 621 561 379 1058 129 929 561 325
internal_count=12640 1581 11059 7443 3741 1440 382 2301 2221 3616 2121 2048 1410 638 3702 1814 1888 559 1329 1189 1047 1058 621 561 379 1058 129 929 561 325
is_linear=0
shrinkage=0.05


Tree=112
num_leaves=31
num_cat=0
split_feature=0 6 0 8 2 0 6 4 1 6 5 8 2 6 2 6 6 6 5 5 5 5 6 6 1 8 6 5 4 2
split_gain=32.3394 19.3652 27.921 19.8454 16.1628 18.3317 23.4907 18.2433 15.2626 19.9608 19.3502 15.0614 27.3915 14.0628 13.2572 28.1051 14.4185 13.5252 15.531 12.509 29.6662 14.8268 27.7662 19.7814 14.5193 12.4149 38.7888 35.4161 14.179 13.8255
threshold=24.652941176470595 0.99958851518450398 10.636274509803924 -0.99940590107385374 988.88627450980414 43.150980392156875 0.81800285027139297 2.5000000000000004 33.676470588235297 -0.91249077947840473 -0.97113884758256674 0.99530134160901229 991.81666666666672 0.75438814418115718 1002.4647058823531 0.97832380634958016 0.82293497932636284 0.98332250088165762 -0.065535378769913874 -0.28519255817492867 -0.25205528343633254 -0.35846811432664222 0.88117331841669433 0.86439018870140905 95.735294117647072 0.42763731121559989 0.79253265336324141 0.3744682635859638 5.5000000000000009 995.73039215686288
decision_type=2 2 2 2 2 2 2 2 2 2 2 2 2 2 2 2 2 2 2 2 2 2 2 2 2 2 2 2 2 2
left_child=1 2 -1 -4 5 -2 13 -8 10 -10 -6 14 -13 -7 17 16 -16 19 -19 21 -21 22 23 24 -5 26 -22 28 29 -27
right_child=4 -3 3 11 8 6 7 -9 9 -11 -12 12 -14 -15 15 -17 -18 18 -20 20 25 -23 -24 -25 -26 27 -28 -29 -30 -31
leaf_value=-0.00058600761102118974 -7.7672457313637816e-05 0.00063694492639747302 -0.0010871860419059277 5.462753169145629e-06 0.0018924543204691753 0.00013766648286162587 0.0016902745953668143 0.00023216216518812116 0.0037537473797218837 0.00059521739213817544 -0.00066694532127220128 -0.0080351203684637437 -3.617184645178587e-05 -0.00015544638570819114 -0.0010137719130418527 -0.0013984099190923402 0.00038408377404875463 0.001422280668472395 4.5289006684484658e-05 -0.0026593939959626278 -5.1181227838123514e-05 0.00064850394988693542 -0.0025114205297617044 0.0030455394781687588 0.0015410654386316281 0.00031937505032851452 0.0011580175187336677 -0.0010593498634536562 -0.0014228044741302994 -0.00050783675379893962
leaf_weight=364 1777 83 72 2993 46 94 57 94 133 1986 376 53 98 41 141 71 141 93 145 85 2169 198 66 54 63 406 66 284 108 188
leaf_count=364 1777 83 72 2993 46 94 57 94 133 1986 376 53 98 41 141 71 141 93 145 85 2169 198 66 54 63 406 66 284 108 188
internal_value=7.57213e-05 -0.00185721 -0.00211223 -0.0014543 0.00340934 0.000121124 0.0118467 0.0253289 0.00607789 0.0078066 -0.00260047 -0.00119898 -0.0167763 -0.00330882 -0.000873212 -0.0103107 -0.00318021 -0.00039023 0.0112971 -0.000808262 -0.00299365 0.00133333 0.00050362 0.00118933 0.000654236 -0.00221912 -0.00015653 -0.00688956 -0.000853485 0.00218487
internal_weight=12545 7941 7858 7494 4604 2063 286 151 2541 2119 422 7422 151 135 7271 353 282 6918 238 6680 3306 3374 3176 3110 3056 3221 2235 986 702 594
internal_count=12545 7941 7858 7494 4604 2063 286 151 2541 2119 422 7422 151 135 7271 353 282 6918 238 6680 3306 3374 3176 3110 3056 3221 2235 986 702 594
is_linear=0
shrinkage=0.05


Tree=113
num_leaves=31
num_cat=0
split_feature=0 2 0 7 7 2 7 1 2 6 0 8 8 5 1 3 7 2 6 6 6 0 5 1 1 0 7 5 7 5
split_gain=23.4949 28.4877 27.0554 25.5506 17.8002 18.5675 26.5459 18.9421 21.2451 17.0414 29.2199 15.942 15.4898 27.9775 14.9795 20.888 20.1958 14.5096 25.2843 25.494 20.6752 14.4408 12.7957 12.491 13.6433 12.249 25.672 17.1073 19.5036 14.9752
threshold=26.118627450980394 988.88627450980414 44.205882352941181 0.11478755917771409 -0.99629805505515945 996.56960784313731 0.92273069556937592 60.14705882352942 1001.4823529411766 0.99958851518450398 10.636274509803924 -0.96687281075841669 0.99530134160901229 1.0000000180025095e-35 82.735294117647072 16.500000000000004 0.99196248624718542 1002.8539215686276 0.99530134160901229 0.82293497932636284 0.9863035000474919 28.475490196078436 1.0000000180025095e-35 55.715686274509814 21.519607843137262 38.557843137254913 -0.55657263146136127 0.14250626876356556 0.46230456327903491 -0.20180236284700911
decision_type=2 2 2 2 2 2 2 2 2 2 2 2 2 2 2 2 2 2 2 2 2 2 2 2 2 2 2 2 2 2
left_child=9 2 14 -4 -3 6 -6 11 -9 10 -1 -7 17 -14 15 -2 25 20 19 -19 -12 -8 -13 24 -21 26 -16 -28 -29 -27
right_child=1 4 3 -5 5 7 21 8 -10 -11 12 22 13 -15 16 -17 -18 18 -20 23 -22 -23 -24 -25 -26 29 27 28 -30 -31
leaf_value=-0.00058894652679094325 -0.00013444904733098118 -0.0039566896226689357 -2.0683059775383762e-05 0.00071808547452811291 0.0011199174320819184 -0.0048660194618673214 0.0008571875082365566 5.4146975359625761e-05 0.00157573697012543 0.00060509768007759946 -4.4530072544840539e-05 -0.0019586577974809449 0.00017079938997753287 -0.0038030652694479197 0.00034766901914249363 0.0012796563248381188 0.0018015058955006325 -0.0014220454296477115 -0.0013243115026280042 0.00049045179451668176 0.00081984790048333716 -0.0013067959344052417 0.0011824839719661584 0.0010586825471970652 -0.00069269064855512208 -0.00030374774012378316 -0.0011303996057181966 0.001769463257703724 -0.0011537720370850934 -0.0011779894960492145
leaf_weight=366 418 41 106 144 1367 45 60 235 43 93 7577 89 71 83 245 192 61 145 54 48 242 92 72 55 61 80 194 79 245 89
leaf_count=366 418 41 106 144 1367 45 60 235 43 93 7577 89 71 83 245 192 61 145 54 48 242 92 72 55 61 80 194 79 245 89
internal_value=-6.30269e-05 0.00316829 -0.00132147 0.0139442 0.00723716 0.00790918 0.010625 -0.000618557 0.0078853 -0.001495 -0.00172354 -0.0120773 -0.00111551 -0.0167742 -0.00370948 0.00245499 -0.00749497 -0.000818771 -0.0105769 -0.005 -0.00036445 -0.00915033 -0.00462963 0.00848485 -0.00136364 -0.00932476 -0.00660995 -0.0129094 -0.00584615 -0.0214706
internal_weight=12692 3897 1853 250 2044 2003 1519 484 278 8795 8702 206 8336 154 1603 610 993 8182 363 309 7819 152 161 164 109 932 763 518 324 169
internal_count=12692 3897 1853 250 2044 2003 1519 484 278 8795 8702 206 8336 154 1603 610 993 8182 363 309 7819 152 161 164 109 932 763 518 324 169
is_linear=0
shrinkage=0.05


Tree=114
num_leaves=31
num_cat=0
split_feature=0 2 7 0 5 0 9 3 7 5 2 7 2 7 3 1 5 5 9 9 5 9 5 3 7 3 9 0 9 7
split_gain=27.2837 30.7029 32.8552 36.8146 20.3549 17.024 21.8869 15.464 13.6005 36.371 23.9509 22.4454 22.0185 24.3279 20.7244 20.3072 15.8237 19.429 13.555 16.1682 13.0701 12.7483 12.5447 11.9601 14.6586 12.5246 12.9936 12.2894 19.269 36.0013
threshold=12.571568627450983 997.65196078431393 -0.049435780479547518 9.5137254901960802 -0.97876850416056738 31.383333333333336 10198.277875000002 5.5000000000000009 0.83373797915484082 0.15951094710994371 992.85980392156875 0.99196248624718542 988.88627450980414 0.27074174196563189 19.500000000000004 92.049019607843164 0.074116354202380205 -0.72696319516528884 12756.855499999998 9170.8544999999995 -0.68430824382591193 10231.2076875 -0.92274349529687905 21.500000000000004 0.3362885358101006 7.5000000000000009 10117.322062499999 25.508823529411771 4527.2620000000015 0.99351232050787985
decision_type=2 2 2 2 2 2 2 2 2 2 2 2 2 2 2 2 2 2 2 2 2 2 2 2 2 2 2 2 2 2
left_child=1 4 3 -3 -1 6 23 -6 9 12 -11 -10 13 16 18 -13 17 22 19 -14 -9 -8 -7 25 -25 27 -27 28 29 -2
right_child=5 2 -4 -5 7 8 21 20 11 10 -12 15 14 -15 -16 -17 -18 -19 -20 -21 -22 -23 -24 24 -26 26 -28 -29 -30 -31
leaf_value=-0.0016259357824606538 0.0058114784829908618 -0.00086971825629172668 0.00041905991295969233 0.00025486504935354415 7.2363428513806678e-06 -5.4323283656843026e-06 -0.001549962223275244 0.00016774404341389355 -0.0009596883823630415 0.0019961539682593287 -0.00030900613583588758 -5.8898463053491673e-05 0.00022632434411613001 -0.00042697931387205017 -0.00039989426030287992 0.0010124151333394948 0.0012006749465390155 -0.0001946140519787254 -3.8525613299167373e-05 0.0019160364554529298 -0.0010076551149480258 -0.00014521088573009878 0.0013881135121150301 7.0217470642519594e-05 0.0018674225845911664 -8.7979202862584213e-05 0.0012924068061047249 0.0013507912966278846 6.048880733235118e-05 -0.0015854409993304105
leaf_weight=59 67 97 98 113 174 163 48 59 202 379 99 51 126 100 64 55 54 231 97 127 322 3711 69 293 223 3445 56 362 1579 40
leaf_count=59 67 97 98 113 174 163 48 59 202 379 99 51 126 100 64 55 54 231 97 127 322 3711 69 293 223 3445 56 362 1579 40
internal_value=-6.76536e-05 -0.00834236 0.00453074 -0.00663507 -0.0147967 0.000588387 -0.000234097 -0.0117806 0.005033 0.00698675 0.0183716 -0.00453074 0.00169574 -0.00428803 0.0106024 0.0140187 9.65251e-05 -0.00290948 0.0153846 0.0214567 -0.0174084 -0.00323138 0.00729614 0.0016238 0.00889749 0.000945946 -0.000870931 0.00405076 0.00225252 0.0226852
internal_weight=12563 922 308 210 614 11641 9824 555 1817 1509 478 308 1031 617 414 106 517 463 350 253 381 3759 232 6065 516 5549 3501 2048 1686 107
internal_count=12563 922 308 210 614 11641 9824 555 1817 1509 478 308 1031 617 414 106 517 463 350 253 381 3759 232 6065 516 5549 3501 2048 1686 107
is_linear=0
shrinkage=0.05


Tree=115
num_leaves=31
num_cat=0
split_feature=0 6 0 8 9 6 5 1 6 4 9 6 3 9 6 9 5 5 9 5 3 0 1 9 4 9 0 5 1 9
split_gain=31.5557 19.8537 31.9882 15.8354 13.9168 27.7018 25.2812 17.0661 16.8987 26.0904 31.8552 25.0135 18.4665 16.6129 21.153 20.6003 16.0288 15.3685 19.0783 14.917 12.5518 21.2065 12.1637 19.9566 11.9015 19.7856 13.4211 12.4955 11.8896 12.1575
threshold=24.377450980392162 0.99958851518450398 10.168627450980393 -0.99940590107385374 12098.162624999999 0.98899263613956456 0.94978112945126536 22.774509803921571 0.19969739736768838 1.5000000000000002 7465.1644374999951 0.63089349388778826 5.5000000000000009 8695.4433125000014 -0.099822328936730861 6422.4555 -0.35846811432664222 -0.24372957273992746 11170.814437500003 -0.76141707087277943 11.500000000000002 14.927450980392159 70.852941176470594 7156.0436875000014 1.0000000180025095e-35 14620.601500000001 14.793137254901962 0.22700754078277605 28.127450980392158 14840.974999999997
decision_type=2 2 2 2 2 2 2 2 2 2 2 2 2 2 2 2 2 2 2 2 2 2 2 2 2 2 2 2 2 2
left_child=1 2 -1 -4 5 8 7 -6 12 11 -11 20 13 15 -15 -5 19 -18 -19 -12 -10 -22 23 -17 25 -9 27 -26 -2 -30
right_child=28 -3 3 4 6 -7 -8 24 9 10 16 -13 -14 14 -16 22 17 18 -20 -21 21 -23 -24 -25 26 -27 -28 -29 29 -31
leaf_value=-0.00076588778623327795 -0.0004480747588588047 0.00056769324915161186 -0.00098662771829388933 0.00082147535188382699 0.0002637891893252715 0.0033275316312000869 -0.003343365161257278 -0.00043410968678064544 0.0022779594375955947 0.0036227171549139355 -0.0001343928814048434 -0.0003101933020346892 -0.00022900586752126474 0.00087826814130525653 -8.4970706436338092e-05 -0.00084933177793174728 0.00084619102357179907 0.00099049666855797482 -0.0009375231010175962 -0.00099238242280176234 -0.0003678968057867181 0.0020873504738752936 -0.0011004188911242052 0.00034042032762851007 -0.00019026600046661015 0.00092067294493999592 -0.0002917887931272373 -0.00069350468732827248 0.00032869901781437119 -0.00047462942109248452
leaf_weight=270 368 84 69 436 194 46 40 135 141 96 463 99 3157 138 116 100 74 125 108 140 48 51 145 219 68 72 1013 147 4201 220
leaf_count=270 368 84 69 436 194 46 40 135 141 96 463 99 3157 138 116 100 74 125 108 140 48 51 145 219 68 72 1013 147 4201 220
internal_value=0.000282104 -0.00168056 -0.00194527 -0.00133047 -0.00110553 7.01385e-05 -0.00511976 -0.0041411 -0.000247481 0.00464339 0.000595829 0.0166176 -0.00177412 0.00363636 0.014902 0.000443951 -0.00230516 0.00698052 0.000641026 -0.00703642 0.0253112 0.0115 -0.00688172 -0.00140625 -0.00602368 0.00504808 -0.0078926 -0.019213 0.00347599 0.00419493
internal_weight=12583 7794 7710 7440 7371 5702 1669 1629 5656 1345 1006 339 4311 1154 254 900 910 307 233 603 240 99 464 319 1435 207 1228 215 4789 4421
internal_count=12583 7794 7710 7440 7371 5702 1669 1629 5656 1345 1006 339 4311 1154 254 900 910 307 233 603 240 99 464 319 1435 207 1228 215 4789 4421
is_linear=0
shrinkage=0.05


Tree=116
num_leaves=31
num_cat=0
split_feature=0 5 7 7 1 2 5 0 0 9 9 4 7 7 0 7 7 5 9 9 2 5 7 9 2 2 6 1 9 9
split_gain=20.3835 33.6412 55.1751 37.9974 22.1311 18.0681 25.0428 20.3644 19.3774 20.6553 20.7229 20.2975 17.9194 35.4902 17.719 18.7764 20.0614 24.8768 29.0079 17.5606 19.0472 19.1292 17.6684 16.5788 16.3154 16.1555 19.6196 20.707 18.905 15.7741
threshold=33.377450980392162 0.15951094710994371 0.83966414931270739 0.99196248624718542 92.049019607843164 990.96372549019611 0.99966190462023474 26.118627450980394 13.501960784313729 13485.0049375 13284.959874999999 1.5000000000000002 -0.83377653105606597 -0.80418297442179409 7.7480392156862754 0.93544191479114935 0.97364703930971175 0.79383249484937135 4577.2022500000021 5882.3499999999995 996.74803921568639 1.0000000180025095e-35 -0.97876850416056738 12007.490437500001 975.51666666666677 990.08137254901965 0.99249573635719013 79.088235294117666 13423.626000000004 12986.269937499999
decision_type=2 2 2 2 2 2 2 2 2 2 2 2 2 2 2 2 2 2 2 2 2 2 2 2 2 2 2 2 2 2
left_child=5 25 -3 -4 -5 8 7 14 -1 10 12 -11 23 -14 -7 -16 17 18 -17 -9 22 -22 -21 -10 -13 26 27 -2 -27 -15
right_child=1 2 3 4 -6 6 -8 19 9 11 -12 24 13 29 15 16 -18 -19 -20 20 21 -23 -24 -25 -26 28 -28 -29 -30 -31
leaf_value=-0.0007763597920414034 0.00010424733970070266 0.0020507118575468441 -0.0028058226595859383 -0.00012980221951744975 0.00097237626541788478 -0.0014505264173950033 -0.001139047404223173 0.002012549968391686 0.0013416967049730709 0.00083048900098646678 0.0012535259527981487 3.4695519563870957e-05 -0.0026844394215951362 -8.5702991477873422e-05 5.0380157917379045e-05 0.00058016158658163737 -7.7115910889719036e-05 0.00082884647154939377 -0.0025259151672192299 -0.0028758093833246793 -0.001689218080906807 0.00041763883847569796 0.0012156898169024212 -0.00025691662668606566 -0.001540465220600329 0.00070856887824869439 0.00077002469122513519 -0.00015282276952134356 -0.00061610967392586877 -0.0014061166103490356
leaf_weight=225 133 332 102 41 57 47 79 89 318 84 116 81 109 2242 5210 52 500 65 174 45 143 198 780 251 271 151 51 363 71 170
leaf_count=225 133 332 102 41 57 47 79 89 318 84 116 81 109 2242 5210 52 500 65 174 45 143 198 780 251 271 151 51 363 71 170
internal_value=0.000183252 0.00610599 0.0157598 -0.00497512 0.0171717 -0.000502222 0.000948124 0.00125274 -0.00327042 -0.00238814 -0.000997817 -0.0125858 -0.00177936 -0.00358842 4.9595e-05 0.000291569 -0.00688131 -0.0172945 -0.0251101 0.00704618 0.00539846 -0.00453216 0.00950363 0.00622807 -0.017847 -0.000584416 -0.00520073 -0.0082495 0.0107623 -0.00232076
internal_weight=12550 1301 532 200 98 11249 7382 7303 3867 3642 3206 436 3090 2521 6048 6001 791 291 226 1255 1166 341 825 569 352 769 547 496 222 2412
internal_count=12550 1301 532 200 98 11249 7382 7303 3867 3642 3206 436 3090 2521 6048 6001 791 291 226 1255 1166 341 825 569 352 769 547 496 222 2412
is_linear=0
shrinkage=0.05


Tree=117
num_leaves=31
num_cat=0
split_feature=0 4 3 3 3 5 3 1 9 5 4 0 2 1 0 5 9 2 7 7 5 7 5 9 0 9 3 1 0 5
split_gain=23.3242 19.7986 16.6881 20.6358 19.1037 23.3323 20.9645 20.3972 16.1408 31.853 23.5939 19.5561 18.2418 25.7923 17.8456 15.9642 43.3095 15.8274 16.1185 15.0094 16.3079 22.9666 14.2929 14.0297 13.7285 12.1991 15.5886 12.2665 12.427 12.2002
threshold=9.5137254901960802 5.5000000000000009 1.5000000000000002 16.500000000000004 11.500000000000002 0.40614137006726808 8.5000000000000018 49.872549019607852 9360.6405625000007 0.039769539193789977 4.5000000000000009 43.150980392156875 991.69411764705899 64.813725490196092 16.355882352941183 0.52766072109828632 13943.429624999999 1001.0558823529414 -0.98214488425316759 0.99831452020184319 0.99374995976406788 1.0000000180025095e-35 0.80417553764032002 5285.7776249999997 21.47058823529412 14776.2090625 9.5000000000000018 13.323529411764708 19.485294117647062 -0.13398594226331254
decision_type=2 2 2 2 2 2 2 2 2 2 2 2 2 2 2 2 2 2 2 2 2 2 2 2 2 2 2 2 2 2
left_child=1 -1 22 4 5 25 15 -8 9 10 23 12 -10 -14 -15 16 -7 18 -17 20 24 -22 -2 -6 -20 27 29 28 -4 -27
right_child=2 -3 3 -5 8 6 7 -9 11 -11 -12 -13 13 14 -16 17 -18 -19 19 -21 21 -23 -24 -25 -26 26 -28 -29 -30 -31
leaf_value=-0.00078084756977737165 0.00020154737777312027 0.00044862877790307899 -0.0011631850532417942 0.00016405190464783838 0.00054213108514964065 -0.002024454199067566 -0.0018182202608951052 -0.00048065435259673773 -0.0013674779952451588 0.00078152815665412107 -0.0013778279478896607 0.00028702078062965431 -0.00068606967743287605 -0.00071433963144037149 0.00066117281189105039 -0.0027868074936171607 0.0010437045420331901 -0.00087887317602251824 5.4869504015536696e-05 -0.0017491210771790945 0.00038720174350613399 -0.0010131516306414081 0.00070563878818264152 -0.00024305405383755476 0.00098558749069186389 4.3482121939567023e-06 0.00040728483691082135 0.00024161488132009581 0.0010053576070895049 -0.0013128018242121358
leaf_weight=164 783 42 75 3585 194 99 142 409 569 360 244 59 368 82 278 52 42 40 434 49 64 72 234 446 423 78 42 2956 44 102
leaf_count=164 783 42 75 3585 194 99 142 409 569 360 244 59 368 82 278 52 42 40 434 49 64 72 234 446 423 78 42 2956 44 102
internal_value=0.000219438 -0.0164251 0.000498945 -5.30551e-05 -0.00150829 0.000263466 -0.00426929 -0.0124094 -0.00499808 -0.000883534 -0.0059887 -0.00876934 -0.0100539 -0.0048011 0.00470914 -0.000744514 -0.0165493 0.00123348 0.00237443 0.00373921 0.00508048 -0.0109489 0.00663065 -0.000936037 0.00763403 0.00277441 -0.00852018 0.00359233 -0.0120833 -0.0149171
internal_weight=12531 206 12325 11308 7723 5123 1826 551 2600 1244 884 1356 1297 728 360 1275 141 1134 1094 1042 993 136 1017 640 857 3297 222 3075 119 180
internal_count=12531 206 12325 11308 7723 5123 1826 551 2600 1244 884 1356 1297 728 360 1275 141 1134 1094 1042 993 136 1017 640 857 3297 222 3075 119 180
is_linear=0
shrinkage=0.05


Tree=118
num_leaves=31
num_cat=0
split_feature=0 0 8 2 0 9 9 9 7 1 9 9 1 1 7 6 9 8 6 3 3 8 8 2 3 6 2 6 6 7
split_gain=26.5111 18.4335 18.1022 14.1627 17.0126 22.6729 16.3886 14.9175 17.9582 16.3887 14.7214 15.1111 32.5642 18.6305 17.0124 15.2928 33.874 14.6051 14.4808 13.6468 13.4087 17.4081 14.658 13.0917 12.8416 11.9677 12.9851 23.6983 25.7994 12.5349
threshold=24.652941176470595 7.7480392156862754 -0.99940590107385374 989.13431372549041 44.205882352941181 13943.429624999999 14840.974999999997 5972.8463124999989 -0.97876850416056738 41.656862745098046 6598.3249999999962 7193.7501875000025 50.872549019607852 72.676470588235318 0.44313197806314492 1.0000000180025095e-35 10641.3835 -0.21022037796396451 0.011826144619637555 6.5000000000000009 16.500000000000004 -0.70291145964310642 -0.8697618612574799 994.70686274509819 17.500000000000004 0.99958851518450398 1002.1666666666667 0.99530134160901229 0.82293497932636284 -0.83377653105606597
decision_type=2 2 2 2 2 2 2 2 2 2 2 2 2 2 2 2 2 2 2 2 2 2 2 2 2 2 2 2 2 2
left_child=1 -1 -3 4 6 -6 20 9 -9 -5 -10 12 -12 18 -14 24 19 -11 -13 -17 -2 22 -22 -20 -15 26 29 28 -28 -4
right_child=3 2 25 7 5 -7 -8 8 10 17 11 13 14 15 -16 16 -18 -19 23 -21 21 -23 -24 -25 -26 -27 27 -29 -30 -31
leaf_value=-0.0012125925235920308 -0.0001326993550365696 -0.0010182114665988659 0.00022664397439148832 -0.00063567327787027454 3.3998212038582888e-05 0.0012964543921387683 -0.0045354984444760165 -0.004046050013018338 -0.0028799744184606737 -1.4375013578071805e-05 0.0055300628241812368 0.0010972000718904779 0.00059826751749098581 -0.0010035466128221371 -0.0040611900382282349 0.0013355652680663577 0.00052651558617130558 0.0035619311708551763 0.00015882584562139092 0.003990960988679515 0.00061569452477752142 0.0011038801465971971 -0.0008659978282221537 -0.00094869413097406485 0.0032271742098976212 0.00061341706803516799 -0.00086246765755421118 -0.00090065719057621997 0.00016039679298124611 -8.6748212702505989e-05
leaf_weight=53 1316 72 1217 73 186 56 44 54 52 40 81 258 148 155 41 40 621 126 304 119 67 384 74 358 42 84 174 62 173 6182
leaf_count=53 1316 72 1217 73 186 56 44 54 52 40 81 258 148 155 41 40 621 126 304 119 67 384 74 358 42 84 174 62 173 6182
internal_value=0.000300229 -0.00144051 -0.00124294 0.00330819 0.000305451 0.0127572 -0.00129905 0.00584958 0.00459543 0.0177083 0.00529279 0.00592712 0.0169742 0.00434668 0.00552632 0.00915133 0.0122919 0.0263473 -0.000760043 0.0328125 -0.000570033 0.00617871 -0.00880282 -0.00467572 -0.00328283 -0.00101356 -0.00121655 -0.00987805 -0.00474138 -0.000736486
internal_weight=12656 8017 7964 4639 2127 242 1885 2512 2273 239 2219 2167 270 1897 189 977 780 166 920 159 1841 525 141 662 197 7892 7808 409 347 7399
internal_count=12656 8017 7964 4639 2127 242 1885 2512 2273 239 2219 2167 270 1897 189 977 780 166 920 159 1841 525 141 662 197 7892 7808 409 347 7399
is_linear=0
shrinkage=0.05


Tree=119
num_leaves=31
num_cat=0
split_feature=0 6 0 9 8 9 6 2 2 6 4 9 1 2 1 9 1 6 6 9 9 9 9 6 6 7 2 9 0 7
split_gain=18.7993 18.6071 14.2103 23.1081 19.4573 17.7211 41.8902 33.7186 24.996 23.5205 23.0033 45.7829 30.114 24.4981 21.2075 19.0942 21.1776 19.0814 25.0418 18.5549 17.364 16.985 16.704 16.2221 14.6045 14.3778 15.948 22.4444 14.3052 18.2383
threshold=10.168627450980393 0.99958851518450398 31.875490196078434 6598.3249999999962 -0.99940590107385374 10045.650000000001 0.16587474750015932 981.9205882352943 999.75882352941187 0.11478523713130605 1.5000000000000002 10908.050874999999 19.225490196078436 991.2735294117648 25.382352941176475 11201.173687499997 52.088235294117659 0.94066717844141279 0.88117331841669433 13504.861187500001 10036.000000000002 8168.3198125000008 10080.9220625 -0.46039597980994923 0.14888728888808328 -0.88622299073327826 1005.1392156862747 15529.725 14.297058823529413 -0.030099068566675755
decision_type=2 2 2 2 2 2 2 2 2 2 2 2 2 2 2 2 2 2 2 2 2 2 2 2 2 2 2 2 2 2
left_child=1 -1 5 -4 -5 6 9 -8 14 -2 11 -7 -13 22 21 -14 19 18 -18 -17 -16 -9 -12 -6 -11 -15 28 -28 -27 -30
right_child=2 -3 3 4 23 10 7 8 -10 24 13 12 15 25 20 16 17 -19 -20 -21 -22 -23 -24 -25 -26 26 27 -29 29 -31
leaf_value=-0.000589203861942364 8.6022854015127544e-06 0.0004813322019345458 -0.00016242715121949638 0.0017270814185313178 0.00083075922314702628 0.0019995300768076681 -0.00092141581777351609 -0.0014577094364699396 5.4384308111857242e-05 -0.0027975373067701289 -0.0029195274023058326 0.0011251653687494618 -0.0014535136831683852 -0.00088010783569996147 0.0030767464199291331 -0.001736253701989013 0.00012318066801247918 0.00084852673878383635 -0.0019679984233137633 1.631655595867032e-05 -0.00017141525494889648 0.0009174050896451208 -0.00075757185315640247 0.00022358867942688933 -9.7359698152353624e-05 -0.00042299644251330912 0.00015178382686986127 -0.0012201742552947995 0.00067818704180982461 -9.013204419489885e-05
leaf_weight=265 5133 40 130 46 50 144 140 45 294 67 49 73 80 144 492 84 423 197 96 86 54 138 1079 1446 42 255 75 72 541 815
leaf_count=265 5133 40 130 46 50 144 140 45 294 67 49 73 80 144 492 84 423 197 96 86 54 138 1079 1446 42 255 75 72 541 815
internal_value=0.000313592 -0.0119281 0.000618339 0.00490137 0.0066105 -5.65025e-05 0.00160006 0.0101804 0.0133301 -0.000305169 -0.00257475 0.00333615 -0.000336538 -0.00488288 0.0182877 -0.00268873 -0.000563698 0.00320781 -0.00182692 -0.0163743 0.0232176 0.00353261 -0.0107174 0.00561122 -0.0231818 -0.00141881 -0.000170551 -0.0158784 0.00127171 0.00331614
internal_weight=12595 305 12290 1672 1542 10618 6405 1163 1023 5242 4213 1183 1039 3030 729 966 886 716 519 170 546 183 1128 1496 109 1902 1758 147 1611 1356
internal_count=12595 305 12290 1672 1542 10618 6405 1163 1023 5242 4213 1183 1039 3030 729 966 886 716 519 170 546 183 1128 1496 109 1902 1758 147 1611 1356
is_linear=0
shrinkage=0.05


Tree=120
num_leaves=31
num_cat=0
split_feature=3 3 6 1 6 5 7 7 7 7 7 1 8 8 7 4 8 7 2 8 8 2 8 2 2 8 2 7 4 7
split_gain=15.0988 17.5671 17.7763 15.204 17.4032 13.2424 11.0076 13.0901 11.1406 15.8633 21.5369 11.6529 24.6546 10.9021 10.3561 12.7795 13.7803 13.8389 13.3229 18.9004 13.7982 12.7381 10.7797 10.7786 10.3959 9.96983 13.9236 9.82335 9.75361 19.6599
threshold=19.500000000000004 10.500000000000002 0.99958851518450398 97.735294117647072 0.99445195900249039 0.99966190462023474 -0.96688789938088693 -0.94139628442229062 -0.85227431625818906 -0.48314718476766422 -0.62588817255938378 44.029411764705891 0.92520893929334658 -0.94703994556331683 0.43152950955792641 3.5000000000000004 0.81800285027139297 0.88618201382888007 995.34019607843152 0.26659387353423869 0.029024409397335523 991.58137254901965 -0.52765736634565841 992.18725490196084 978.75686274509815 -0.54220090575550783 994.70686274509819 -0.998663445439673 2.5000000000000004 0.63920241694561786
decision_type=2 2 2 2 2 2 2 2 2 2 2 2 2 2 2 2 2 2 2 2 2 2 2 2 2 2 2 2 2 2
left_child=1 5 3 4 14 27 -2 -8 -9 10 25 12 13 -11 -3 24 17 22 19 20 21 -19 -17 -24 -16 26 -10 -1 -26 -30
right_child=6 2 -4 -5 -6 -7 7 8 9 11 -12 -13 -14 -15 15 16 -18 18 -20 -21 -22 -23 23 -25 28 -27 -28 -29 29 -31
leaf_value=-0.001357076829478178 0.0012817415754995344 -4.8579474363095317e-05 0.00094151849526672023 0.0012191376275300079 -0.00074615394123103695 -0.00072828771682100087 -0.0017229596096687005 0.00113044570752725 -5.9191754550691483e-05 -0.00032402527671515635 -0.0013238111121038898 0.00012938623333749594 -0.00072921474900900407 0.0015862705446872294 0.00050535345562951475 -0.0010581880010188394 -0.0014477052041989903 4.3134456336513252e-05 -0.0022937697642471861 -0.0030167919452348093 0.0033792112712541875 -0.0023394571778526884 -0.00026320550051339985 0.0015284644665202287 -0.00034990416818299688 -0.00057062778741794886 0.0015892277488164853 8.8414058829874861e-05 -0.0028553619711291114 0.00088821330927122419
leaf_weight=82 139 2622 46 70 120 56 53 118 72 61 107 1024 100 274 128 179 44 62 121 47 40 56 128 88 751 115 50 5611 51 173
leaf_count=82 139 2622 46 70 120 56 53 118 72 61 107 1024 100 274 128 179 44 62 121 47 40 56 128 88 751 115 50 5611 51 173
internal_value=9.53213e-05 -0.000682512 -0.00294055 -0.00324717 -0.00360009 0.00117391 0.00394986 0.00298734 0.00366805 0.00268847 -0.00695652 0.00496575 0.0118119 0.0183036 -0.00309508 -0.005939 -0.0109008 -0.00921053 -0.0168196 -0.00898058 -0.000628931 -0.0092437 -0.00290404 0.00460829 -0.00249094 0.00147059 0.0113821 0.00141377 -0.00425205 0.00488889
internal_weight=12588 10475 4726 4680 4610 5749 2113 1974 1921 1803 344 1459 435 335 4490 1868 765 721 326 205 158 118 395 216 1103 237 122 5693 975 224
internal_count=12588 10475 4726 4680 4610 5749 2113 1974 1921 1803 344 1459 435 335 4490 1868 765 721 326 205 158 118 395 216 1103 237 122 5693 975 224
is_linear=0
shrinkage=0.05


Tree=121
num_leaves=31
num_cat=0
split_feature=0 0 7 3 1 0 3 0 4 9 7 5 2 5 3 0 7 7 5 2 0 9 4 9 5 4 9 2 7 5
split_gain=25.4061 21.3972 23.9463 19.3298 19.1864 18.7509 17.6256 18.3765 16.9015 15.7341 13.412 12.6328 18.2354 34.8432 17.5504 25.0135 14.5734 15.515 17.903 13.6035 14.2977 15.5867 21.1951 12.8893 12.0492 11.7468 11.0439 26.0362 13.7385 14.3968
threshold=7.7480392156862754 33.632352941176478 -0.10837644903917555 5.5000000000000009 71.774509803921589 36.934313725490206 17.500000000000004 12.057843137254904 1.0000000180025095e-35 7300.5538750000014 -0.99763297024448894 0.86113431103781346 981.25098039215698 0.57077594689671507 11.500000000000002 13.767647058823533 -0.159513159777915 -0.2270106897347694 0.34235194516023087 996.11666666666679 25.820588235294121 11550.812250000001 1.0000000180025095e-35 6037.9833750000007 -0.54220184589352438 1.5000000000000002 6422.4555 987.19313725490213 0.99274428880883148 0.15951094710994371
decision_type=2 2 2 2 2 2 2 2 2 2 2 2 2 2 2 2 2 2 2 2 2 2 2 2 2 2 2 2 2 2
left_child=-1 3 5 26 -4 24 7 25 -6 -7 -9 12 13 -12 -14 -16 17 18 -17 20 21 22 -13 -18 -3 -5 27 -2 29 -28
right_child=1 2 4 6 8 9 -8 10 -10 -11 11 19 14 -15 15 16 23 -19 -20 -21 -22 -23 -24 -25 -26 -27 28 -29 -30 -31
leaf_value=-0.001280322038460833 -0.0010375952817486907 -7.8794804955600878e-05 0.00068525841011177766 6.458716966900695e-05 0.001139920783434889 -0.0002586579563087166 9.0369916518523444e-05 -0.0015928473159361912 0.00015721749277514686 -8.421295822745867e-05 -0.0017753005692892011 -0.00096594801524094306 0.00020472397787257846 0.0013858831633274838 -0.00064874763140862978 -0.00017781238809086997 8.436910277198201e-05 0.0016006166564787039 0.001181953429220467 -0.00076297542742059798 -0.0017096490575850916 -0.0006414484418215343 0.00060323791362960628 -0.00091940477721229189 0.0021351033809489882 -0.00059089552193487003 -0.00012767238731107577 0.0013391172356916504 -0.0015992411103963073 0.0002418594487433784
leaf_weight=50 84 92 171 96 104 54 2870 92 496 237 191 67 1901 53 106 511 452 45 136 339 224 94 339 641 97 283 1068 491 51 1178
leaf_count=50 84 92 171 96 104 54 2870 92 496 237 191 67 1901 53 106 511 452 45 136 339 224 94 339 641 97 283 1068 491 51 1178
internal_value=-7.53131e-05 6.76536e-05 0.00626997 -0.000618757 0.0117228 -0.0024948 -0.00182443 -0.00346437 0.00748752 -0.0104452 -0.00268683 -0.00234314 -0.00106515 -0.0142857 -0.000210915 -0.00362051 -0.00221165 0.0034632 0.00146605 -0.00718985 -0.00331034 0.00139721 0.00565111 -0.00580439 0.00973684 -0.0140789 0.00292377 0.00911458 0.00137076 0.00195817
internal_weight=12613 12563 1251 11312 771 480 8440 5570 600 291 5191 5099 4036 244 3792 1891 1785 692 647 1063 724 500 406 1093 189 379 2872 575 2297 2246
internal_count=12613 12563 1251 11312 771 480 8440 5570 600 291 5191 5099 4036 244 3792 1891 1785 692 647 1063 724 500 406 1093 189 379 2872 575 2297 2246
is_linear=0
shrinkage=0.05


Tree=122
num_leaves=31
num_cat=0
split_feature=0 7 7 2 8 0 9 8 2 3 9 7 2 0 3 3 2 0 6 6 1 0 7 6 0 9 0 7 7 1
split_gain=27.2098 28.8576 25.9254 17.1777 22.2005 16.7415 16.3723 18.3303 22.3997 21.8643 13.3847 12.6823 12.5764 17.4121 11.0811 10.2725 10.3906 16.4646 14.7424 14.644 23.1082 21.313 25.4964 14.7489 16.2003 14.3308 14.9176 14.2154 17.1168 23.5289
threshold=14.927450980392159 -0.99275346941927067 -0.998663445439673 998.02058823529421 0.92763104771667149 7.7480392156862754 11079.831250000001 -0.96235810494626717 990.96372549019611 8.5000000000000018 4785.6999999999998 -0.78326178756187226 999.00490196078442 11.905882352941179 19.500000000000004 2.5000000000000004 986.62941176470599 26.887254901960787 0.3484035575467645 0.80290535434334509 85.049019607843164 41.504901960784323 0.17011757999667351 0.66367808336324663 43.150980392156875 4152.9249999999993 18.369607843137256 0.76558307451930629 0.36848418633289504 66.735294117647072
decision_type=2 2 2 2 2 2 2 2 2 2 2 2 2 2 2 2 2 2 2 2 2 2 2 2 2 2 2 2 2 2
left_child=1 -1 -2 4 6 -5 7 -3 -9 10 -10 -12 -7 -14 -11 -4 18 25 -17 20 -20 -21 -23 -22 -25 26 -18 28 29 -19
right_child=2 3 15 5 -6 12 -8 8 9 14 11 -13 13 -15 -16 16 17 27 19 21 23 22 -24 24 -26 -27 -28 -29 -30 -31
leaf_value=0.00082069059643943084 -0.0018140460228368198 -0.0010453781673901306 0.00036631515711413879 -0.0010546087777589669 0.00041574603145083243 0.00034179980489204564 -0.00068577755924078979 -0.000857246448007442 -0.0007602076276749637 -0.0007296987538112005 -0.00094270124569101061 0.0011261004708102867 0.00022792052283036673 -0.00016682284407782896 0.00017050054532871258 -0.00030325105373300924 -0.00031817659916228981 -0.00041415571800325628 0.001289387536501796 -0.00073325882688786155 -0.0017895861770971244 -0.00014561358387659153 0.0010438979592251264 0.0016382406513129001 -0.00012245424083784373 -2.78572326427029e-05 0.0067532419247306298 -0.0004870907473562114 0.001269644626735042 0.00069147033585401085
leaf_weight=58 137 90 1309 46 75 123 274 284 50 234 48 184 150 214 65 772 51 435 178 601 121 45 109 156 45 5187 80 325 388 798
leaf_count=58 137 90 1309 46 75 123 274 284 50 234 48 184 150 214 65 772 51 435 178 601 121 45 109 156 45 5187 80 325 388 798
internal_value=-9.49893e-05 -0.00561709 0.000880052 -0.00671926 -0.00980843 0.000842697 -0.0114228 -0.0083159 -0.00606236 -0.000429553 0.00954064 0.0145923 0.00358607 -0.00109589 -0.00983333 0.00116027 0.000575764 0.00145905 -0.00258876 0.000756369 0.00738523 -0.00363757 0.0129032 -0.000619195 0.00767327 1.88005e-05 0.0162879 0.00539291 0.0073058 0.00441653
internal_weight=12632 1895 10737 1837 1304 533 1229 955 865 581 282 232 487 364 299 10600 9291 7264 2027 1255 500 755 154 322 201 5318 131 1946 1621 1233
internal_count=12632 1895 10737 1837 1304 533 1229 955 865 581 282 232 487 364 299 10600 9291 7264 2027 1255 500 755 154 322 201 5318 131 1946 1621 1233
is_linear=0
shrinkage=0.05


Tree=123
num_leaves=31
num_cat=0
split_feature=6 6 2 2 6 6 6 6 2 6 6 9 1 1 9 5 6 2 9 6 1 9 2 6 1 1 7 6 7 7
split_gain=15.0769 11.2797 21.7538 14.126 36.0436 17.4214 27.3069 16.6766 16.7118 16.5357 16.0626 16.0138 12.1545 10.1247 13.094 9.18114 9.13673 12.8828 12.2886 25.208 30.1539 17.0847 16.2065 15.9969 14.7432 24.4814 22.4929 23.364 14.415 18.4584
threshold=0.99981043035926087 0.99932962452255414 997.2656862745099 1002.4647058823531 0.97832380634958016 0.99249573635719013 0.99024581825578073 0.97263757644091875 984.57647058823545 0.94636490295939868 0.82293497932636284 13120.487999999999 25.382352941176475 85.87254901960786 14189.140124999985 -0.16799356919963607 0.93469109537144635 996.68921568627457 10045.650000000001 0.38043945030393422 88.147058823529434 10001.092000000001 998.38235294117658 0.77652048701313048 22.774509803921571 53.421568627450988 0.90623151893102627 0.85561368268953431 -0.99763297024448894 -0.99275346941927067
decision_type=2 2 2 2 2 2 2 2 2 2 2 2 2 2 2 2 2 2 2 2 2 2 2 2 2 2 2 2 2 2
left_child=1 3 -3 5 10 6 7 9 -9 16 -5 -7 -11 14 -10 -15 18 -18 19 21 22 28 -21 -22 -20 26 27 -26 -1 -30
right_child=-2 2 -4 4 -6 11 -8 8 13 12 -12 -13 -14 15 -16 -17 17 -19 24 20 23 -23 -24 -25 25 -27 -28 -29 29 -31
leaf_value=-0.0024495635026181226 0.00076001483368027536 -0.0068556090928131924 0.0001215897658008669 -0.00052375644741026184 -0.0008564902034901026 0.0033257768734270723 -0.0023506758466373735 -0.00015828414474826081 0.0014376738882589447 0.00036012248345235339 0.00038380636131582946 0.0001291146315324232 -0.00092406369337532388 0.00060284300224787153 -0.00069787846553753807 0.0025796666235301303 0.00077515387787892515 -0.00026436401583871674 0.00057382963868821688 0.001241443882300275 2.1346716624059961e-05 0.0033295077425017487 0.00021047893227145662 -0.00033582913713416378 -0.0011517234986826025 -7.5675762054644441e-05 0.00049180633349426856 0.0013015646191525149 0.0017327499242624014 -1.7928609285255971e-05
leaf_weight=73 93 41 40 215 105 77 79 64 48 41 164 225 259 73 71 95 104 49 155 367 87 60 296 54 345 3106 105 51 59 5888
leaf_count=73 93 41 40 215 105 77 79 64 48 41 164 225 259 73 71 95 104 49 155 367 87 60 296 54 345 3106 105 51 59 5888
internal_value=-0.000268215 -0.000419456 -0.0189024 -0.000296362 -0.00865979 4.64841e-05 -0.000264527 -6.113e-05 0.0106534 -0.000400901 -0.00144737 0.0118812 -0.0119601 0.0157986 0.00458333 0.0236686 -7.87037e-05 0.012013 -0.000253593 0.00100218 0.00931677 -9.8668e-05 0.0137801 -0.0116197 -0.00255116 -0.00320122 -0.0134462 -0.0188917 -0.000365388 -9.24681e-05
internal_weight=12489 12396 81 12315 484 11831 11529 11450 351 11099 379 302 300 287 119 168 10799 153 10646 6884 804 6080 663 141 3762 3607 501 396 6020 5947
internal_count=12489 12396 81 12315 484 11831 11529 11450 351 11099 379 302 300 287 119 168 10799 153 10646 6884 804 6080 663 141 3762 3607 501 396 6020 5947
is_linear=0
shrinkage=0.05


Tree=124
num_leaves=31
num_cat=0
split_feature=0 2 6 8 0 5 1 6 0 5 2 2 3 0 3 8 8 5 0 6 0 5 1 7 7 3 1 5 0 1
split_gain=18.8894 15.9105 22.0116 15.2595 12.4932 12.0447 11.5643 17.3132 18.2806 15.3297 13.0397 13.0222 12.07 13.3772 12.8179 11.0706 16.3161 15.7841 25.6542 19.4857 20.6963 16.515 23.9235 12.4966 11.7905 13.2564 11.5292 22.5249 11.4536 11.0399
threshold=25.604901960784318 988.88627450980414 -0.91249077947840473 -0.99940590107385374 7.7480392156862754 0.99761913169647187 54.323529411764717 0.011826144619637555 33.377450980392162 -0.96235977360714686 1001.4823529411766 995.08921568627454 17.500000000000004 27.218627450980396 7.5000000000000009 -0.75015199441507729 -0.35846749276936624 0.15951094710994371 34.946078431372555 0.99249573635719013 38.557843137254913 -0.18492532721306487 90.774509803921589 -0.69057042736241547 0.75721938155395518 5.5000000000000009 87.362745098039241 0.54219432480460406 30.428431372549024 70.852941176470594
decision_type=2 2 2 2 2 2 2 2 2 2 2 2 2 2 2 2 2 2 2 2 2 2 2 2 2 2 2 2 2 2
left_child=3 15 -3 -1 -5 -6 7 8 9 -4 -8 -9 14 -14 -11 -2 23 19 24 20 21 22 -18 28 -19 -26 -27 -28 -17 -25
right_child=1 2 6 4 5 -7 10 11 -10 12 -12 -13 13 -15 -16 16 17 18 -20 -21 -22 -23 -24 29 25 26 27 -29 -30 -31
leaf_value=-0.00074477114195753153 -0.00031327794505022491 0.0036437126587192947 0.0029089434468666966 -0.00086729505563939199 -5.4801932116148311e-05 0.0013383575458875002 0.00043234021265608493 0.00010293722552557895 0.0015677983297099907 0.00056874820579624896 0.0017083112394970846 -0.0015774684788207984 -0.0011130166099947492 0.0030280383627518284 -0.0053545568947810738 0.0010327710893392739 -0.00028433068063148662 0.00050764840490451495 0.0011032360401225572 0.0006083458624833838 -0.00020399220788965835 -0.0028300662983747338 0.0016513753284619682 0.0009656919709404633 -0.0030588848702879702 -0.0017481490896112117 -0.002520845355681681 0.0025388386564044242 0.002086089722526763 -0.00024844439155999879
leaf_weight=71 402 114 41 45 8227 103 1392 153 46 43 57 177 41 50 76 49 242 161 253 76 161 65 82 85 45 46 42 59 61 95
leaf_count=71 402 114 41 45 8227 103 1392 153 46 43 57 177 41 50 76 49 242 161 253 76 161 65 82 85 45 46 42 59 61 95
internal_value=-3.18446e-05 0.00274605 0.00565952 -0.00138511 -0.00118792 -0.00104429 0.00447761 -0.00119427 0.00755034 0.00218254 0.00693103 -0.00906344 -0.00331754 0.0103261 -0.01375 -0.000571429 0.00137886 -0.00113544 0.00461285 -0.00669856 -0.00998185 -0.00371795 0.000923077 0.0120275 -0.00409605 -0.0124352 -0.00506757 0.00441176 0.0252252 0.0038674
internal_weight=12560 4114 2190 8446 8375 8330 2076 627 297 251 1449 330 210 91 119 1924 1522 1232 606 626 550 389 324 290 353 192 147 101 110 180
internal_count=12560 4114 2190 8446 8375 8330 2076 627 297 251 1449 330 210 91 119 1924 1522 1232 606 626 550 389 324 290 353 192 147 101 110 180
is_linear=0
shrinkage=0.05


Tree=125
num_leaves=31
num_cat=0
split_feature=0 0 7 7 7 0 7 7 6 5 2 1 4 6 2 2 7 1 2 4 5 5 3 3 1 5 5 6 5 0
split_gain=16.8499 13.514 14.4844 27.9053 16.3703 22.9184 14.4679 16.6287 15.4855 16.351 17.7106 14.3523 12.3843 12.2979 12.1415 11.4944 20.9057 16.5634 17.9521 11.0691 14.4418 18.3961 15.6207 27.2262 15.1814 13.7384 11.9204 19.9398 13.9362 14.1618
threshold=7.7480392156862754 24.652941176470595 -0.99275346941927067 -0.98523971305672675 -0.99629805505515945 15.706862745098041 -0.83377653105606597 -0.80418297442179409 -0.83849291496497236 -0.49813634056773481 986.13431372549041 83.245098039215705 2.5000000000000004 0.88117331841669433 988.88627450980414 995.65588235294126 -0.96688789938088693 13.323529411764708 1000.7549019607844 3.5000000000000004 -0.20180236284700911 1.0000000180025095e-35 6.5000000000000009 15.500000000000002 81.990196078431396 0.81428061195174062 -0.27694604220087021 0.93158198870884079 -0.39036798905311365 29.144117647058827
decision_type=2 2 2 2 2 2 2 2 2 2 2 2 2 2 2 2 2 2 2 2 2 2 2 2 2 2 2 2 2 2
left_child=-1 2 4 -4 5 -2 8 13 -5 10 -10 -7 -11 -8 -3 16 -12 -17 -19 20 26 -22 -23 24 25 -24 27 28 29 -16
right_child=1 14 3 6 -6 11 7 -9 9 12 15 -13 -14 -15 19 17 -18 18 -20 -21 21 22 23 -25 -26 -27 -28 -29 -30 -31
leaf_value=-0.00096073900512782531 0.001128371636172957 -1.5257082315334182e-05 -0.0015938583256506962 -0.00082163992950682197 0.0039401436949542956 -0.001280409889827204 -0.00029007217191724248 -7.2589102119680068e-05 0.0021311214720354256 -0.0001219553823249453 0.00017229234897958579 0.0018148992685237759 0.0015334182092041127 -0.0023653855859912146 9.1786826628034731e-05 -0.00061804449748457946 -0.0018039309003477029 0.00078628308605029756 -0.00050399708580048115 3.1856256286166844e-05 -0.0012490979054920028 0.0013756626485778246 0.00086256316843601752 0.0010519828863402359 0.00041669956893968798 -0.0032923250308821584 0.0021206394268234868 -0.0024517561610735705 0.0028670991471215659 0.0011429789308961547
leaf_weight=49 54 2070 111 73 44 123 77 6633 58 57 52 46 230 42 288 53 89 191 41 961 119 206 49 266 99 164 105 42 57 225
leaf_count=49 54 2070 111 73 44 123 77 6633 58 57 52 46 230 42 288 53 89 191 41 961 119 206 49 266 99 164 105 42 57 225
internal_value=-3.15582e-05 8.31617e-05 -0.00116614 -0.00156331 0.0102612 0.0046875 -0.00119784 -0.0019695 0.00497041 0.00705959 0.0014433 -0.00441176 0.0164931 -0.0204167 0.00222485 -0.00210773 -0.0137324 0.00367133 0.00944206 0.00451201 0.0070327 0.0028208 0.0056051 0.00138169 -0.0086262 -0.0161215 0.0123259 0.0096248 0.0120841 0.0094358
internal_weight=12674 12625 7974 7707 267 223 7596 6752 844 771 484 169 287 119 4651 426 141 285 232 2581 1620 903 784 578 312 213 717 612 570 513
internal_count=12674 12625 7974 7707 267 223 7596 6752 844 771 484 169 287 119 4651 426 141 285 232 2581 1620 903 784 578 312 213 717 612 570 513
is_linear=0
shrinkage=0.05


Tree=126
num_leaves=31
num_cat=0
split_feature=0 6 0 6 6 5 7 6 6 8 5 5 5 7 4 7 1 6 4 6 1 4 5 1 1 5 3 3 6 7
split_gain=17.289 16.2186 22.9163 12.9287 15.4037 15.0349 11.1577 10.9571 17.5754 10.3163 11.4951 22.7239 19.5819 16.3023 18.1659 14.7179 14.2729 18.6945 25.1811 15.1973 14.8685 13.2141 12.7529 11.0048 9.62835 14.7642 14.2387 15.2015 10.9494 10.0681
threshold=19.691176470588239 0.99958851518450398 10.168627450980393 0.99445195900249039 0.98486764554468398 -0.065535378769913874 -0.998663445439673 -0.41399101439218416 -0.38243420677835349 -0.99628250747696534 -0.28519255817492867 -0.42957681104363482 -0.46801505794253101 0.88618201382888007 4.5000000000000009 0.84660111278280559 41.656862745098046 -0.3744658827978154 1.0000000180025095e-35 0.1318557721318592 76.598039215686285 2.5000000000000004 -0.70291267844185523 70.852941176470594 63.656862745098046 0.82414472752956958 6.5000000000000009 9.5000000000000018 -0.99168640063982161 -0.95244167294248061
decision_type=2 2 2 2 2 2 2 2 2 2 2 2 2 2 2 2 2 2 2 2 2 2 2 2 2 2 2 2 2 2
left_child=1 2 -1 4 9 -5 -2 24 -9 -4 11 12 13 15 -15 16 19 20 -19 -11 -18 -21 -20 -12 26 29 -8 -28 -29 -26
right_child=6 -3 3 5 -6 -7 7 8 -10 10 23 -13 -14 14 -16 -17 17 18 22 21 -22 -23 -24 -25 25 -27 27 28 -30 -31
leaf_value=-0.00054534423688297549 -0.0027623867666677019 0.00043826832916674596 -0.00084284283317886607 -0.00080729614160380549 0.00049007282277936659 -0.00011417765001965064 0.0018631344265025163 -0.0047574502678692015 5.111228924041256e-05 0.0014829644069437168 -5.0607100300208153e-05 0.00082144933826584646 -0.00163509108752741 -7.1556803853725653e-05 -0.0013267655373366439 0.0030906135759037642 -0.0029327366859193018 0.0044933690152718867 -0.00014431475721718087 -0.00071402975779416014 4.6369538875606914e-05 0.00069613863210968296 0.0009247033093393725 -0.00041790643324019221 0.00063191027772344652 0.0015400921533149981 -0.0015580141629505939 -0.0014047335873350192 0.00089204738685056133 -0.00015942352687760565
leaf_weight=254 77 68 104 45 48 94 255 65 5861 70 1307 245 85 466 126 99 84 58 464 55 62 118 95 760 83 93 77 68 602 635
leaf_count=254 77 68 104 45 48 94 255 65 5861 70 1307 245 85 466 126 99 84 58 464 55 62 118 95 760 83 93 77 68 602 635
internal_value=6.78697e-05 -0.00232583 -0.00268319 -0.00183539 -0.00134212 -0.0167857 0.00150953 0.00169897 0.000658006 -0.00166706 -0.00126984 0.00140533 -0.000560852 0.000618375 -0.00607083 0.00420434 0.00238332 -0.000981675 0.00283172 0.0129098 -0.0170068 0.00488506 -0.000446429 -0.00389265 0.00509923 0.0010468 0.00837488 0.00487968 0.00730253 -0.00139082
internal_weight=12523 4707 4639 4385 4246 139 7816 7739 5926 4198 4094 2027 1782 1697 592 1105 1006 763 617 243 146 173 559 2067 1813 811 1002 747 670 718
internal_count=12523 4707 4639 4385 4246 139 7816 7739 5926 4198 4094 2027 1782 1697 592 1105 1006 763 617 243 146 173 559 2067 1813 811 1002 747 670 718
is_linear=0
shrinkage=0.05


Tree=127
num_leaves=31
num_cat=0
split_feature=6 5 6 2 3 3 5 1 2 6 8 1 2 2 1 2 9 1 3 6 7 5 5 1 7 7 1 9 1 9
split_gain=11.6792 22.0316 18.745 12.4854 11.1002 12.4234 14.4748 12.198 10.8604 21.4466 20.8682 16.8429 16.7473 15.7596 15.0539 14.12 13.3534 12.6724 10.6267 13.3512 10.3689 10.0516 13.8528 10.7316 9.92476 14.2937 14.4479 28.3618 9.5671 12.2575
threshold=0.99958851518450398 1.0000000180025095e-35 0.99932962452255414 1002.1666666666667 19.500000000000004 1.5000000000000002 0.80417553764032002 96.97058823529413 1001.0558823529414 0.97263757644091875 0.98334068794774554 97.186274509803937 982.7735294117648 986.02450980392166 56.990196078431374 992.40882352941196 13120.487999999999 21.519607843137262 8.5000000000000018 0.99138911339924218 -0.9905448150984083 0.86113431103781346 0.90892735371523092 20.941176470588239 -0.98803388382128665 -0.99275346941927067 47.500000000000007 12007.490437500001 10.911764705882355 9701.7165000000005
decision_type=2 2 2 2 2 2 2 2 2 2 2 2 2 2 2 2 2 2 2 2 2 2 2 2 2 2 2 2 2 2
left_child=2 3 4 -2 5 6 -1 20 9 24 14 12 -11 -14 17 -15 -17 -10 -18 -20 -6 -22 -23 -24 25 26 -7 -28 -26 -30
right_child=1 -3 -4 -5 7 8 -8 -9 10 11 -12 -13 13 15 -16 16 18 -19 19 -21 21 22 23 -25 28 -27 27 -29 29 -31
leaf_value=8.7987231370545427e-05 -0.0014070411364881714 0.0032088296166673915 -0.0065736236785127302 0.00035207645861413538 0.0019247068113578238 -0.0012053366543486996 0.00062416799549721571 -0.001113817625689484 0.00011090158294196976 -0.00035088036011349244 -0.00076693133452361496 0.0024869228184454029 0.002349012316517976 -0.00035569182817833531 0.00064461883457555831 0.0032447551575201963 -0.00060083522029987868 -0.00058543636852106777 0.0015982037748019625 -2.7299215457425587e-05 5.0114388115907185e-05 0.0018329581431144216 0.0020492945721829331 6.5914684150761291e-05 -0.00052201412883564821 -0.0010019712950976075 0.0018206708829798524 -0.00092421846666593537 2.1631685935430414e-05 -0.00017117283865404067
leaf_weight=809 40 55 40 40 83 107 233 47 93 74 63 44 64 130 163 70 66 242 44 57 1562 71 46 276 249 74 73 96 4329 3231
leaf_count=809 40 55 40 40 83 107 233 47 93 74 63 44 64 130 163 70 66 242 44 57 1562 71 46 276 249 74 73 96 4329 3231
internal_value=-0.000234648 0.0143382 -0.000393986 -0.00246914 -0.000282326 -0.000955198 0.0042186 0.0030441 -0.00153722 -0.00110231 -0.00827402 0.00845455 0.00583004 0.00960648 -0.00480962 0.00557065 0.0128151 -0.0108631 0.00505952 0.0151961 0.00362923 0.00288855 0.0100254 0.00557276 -0.00174632 -0.00997151 -0.00469314 0.00441176 -0.00137644 -0.00105806
internal_weight=12571 135 12436 80 12396 10311 1042 2085 9269 8708 561 549 505 431 498 367 237 335 167 101 2038 1955 393 322 8159 350 276 169 7809 7560
internal_count=12571 135 12436 80 12396 10311 1042 2085 9269 8708 561 549 505 431 498 367 237 335 167 101 2038 1955 393 322 8159 350 276 169 7809 7560
is_linear=0
shrinkage=0.05


Tree=128
num_leaves=31
num_cat=0
split_feature=0 1 0 4 1 9 6 2 7 7 2 6 7 7 4 3 4 9 0 2 7 2 7 9 4 4 6 2 6 1
split_gain=15.2276 14.729 29.4133 24.7335 15.5478 15.0992 23.3912 12.9903 12.6634 12.1345 13.651 12.0968 12.9406 11.7873 37.3761 12.2418 19.2421 12.3081 11.6622 11.335 13.568 11.6796 11.2303 16.1194 15.4096 15.966 13.8249 11.157 18.649 22.8893
threshold=21.840196078431379 86.931372549019628 15.138235294117649 2.5000000000000004 70.539215686274517 10045.650000000001 0.029024409397335523 987.31176470588252 -0.998663445439673 0.98519415784776321 993.84607843137258 0.21652257995689161 -0.55657263146136127 0.88618201382888007 3.5000000000000004 9.5000000000000018 1.5000000000000002 5937.5147500000012 7.7480392156862754 991.43431372549026 0.56192297990542495 990.08137254901965 0.99274428880883148 5049.1750000000002 3.5000000000000004 2.5000000000000004 0.69521084835931835 986.53627450980412 0.38043945030393422 68.421568627450995
decision_type=2 2 2 2 2 2 2 2 2 2 2 2 2 2 2 2 2 2 2 2 2 2 2 2 2 2 2 2 2 2
left_child=1 4 -3 5 7 6 -4 -1 -2 13 -11 -5 -13 18 15 -15 17 -17 -9 20 21 -20 23 -6 25 -25 -27 28 -10 -30
right_child=8 2 3 11 22 -7 -8 9 27 10 -12 12 -14 14 -16 16 -18 -19 19 -21 -22 -23 -24 24 -26 26 -28 -29 29 -31
leaf_value=-0.0011177539493854958 -0.0021800344393935801 -0.00071587578631858548 0.00028567624255850936 0.0029400381013767601 0.00083099444961819981 0.00043360333953260739 -0.0029510870281892229 -0.00099558141510697 -0.0002485384585633632 0.0001117902396259654 0.0032066435338667086 0.0014366693491770445 7.7379472763944304e-05 0.00073122917473953254 -0.0013855338362540562 -6.0979779667461045e-05 -0.0016408747685725479 0.0015583026957544906 -0.00040399657582775863 5.6990434642473225e-05 0.0003366854227921157 -0.0012277584535701352 -0.0013074266392121671 -0.00036926490983618253 -0.0008911501580250316 0.00094931599813453396 -0.00056511852064769497 0.00024308930861892397 0.0017896746992825327 4.713693454567736e-05
leaf_weight=144 57 172 88 157 131 136 46 45 663 160 44 63 157 145 253 61 90 47 193 2517 143 123 67 475 520 107 45 4466 62 1111
leaf_count=144 57 172 88 157 131 136 46 45 663 160 44 63 157 145 253 61 90 47 193 2517 143 123 67 475 520 107 45 4466 62 1111
internal_value=-8.00705e-06 -0.0017863 0.00445122 0.00933642 -0.00274901 -0.00221402 -0.0140741 -0.00117247 0.00170597 -0.000614861 0.0112195 0.0175926 0.00995475 -0.00128524 -0.00770519 0.00305233 -0.00502513 0.00917431 -1.65453e-05 0.000369499 -0.00684783 -0.0126183 -0.00739227 -0.00633307 -0.00823171 -0.00294586 0.0111111 0.00191972 -0.00136091 0.0024276
internal_weight=12488 6129 819 647 5310 270 134 3965 6359 3821 204 377 220 3617 596 343 198 108 3021 2976 459 316 1345 1278 1147 627 152 6302 1836 1173
internal_count=12488 6129 819 647 5310 270 134 3965 6359 3821 204 377 220 3617 596 343 198 108 3021 2976 459 316 1345 1278 1147 627 152 6302 1836 1173
is_linear=0
shrinkage=0.05


Tree=129
num_leaves=31
num_cat=0
split_feature=2 4 6 8 6 3 5 3 8 8 5 8 8 8 4 7 7 2 1 3 6 3 3 5 6 2 4 5 3 6
split_gain=11.3509 13.4962 14.0157 12.5174 11.2229 11.1728 15.9424 12.7718 13.5985 17.2336 13.8004 11.6076 16.3381 17.8782 10.9883 14.2 11.6485 13.5507 10.8881 10.6789 13.2092 26.0906 20.0512 31.5767 18.9486 19.6819 50.7114 13.7125 13.151 18.009
threshold=1002.4647058823531 1.0000000180025095e-35 0.97062204580664158 -0.94139465211055529 0.9989598388634241 1.5000000000000002 0.77244481603295057 19.500000000000004 0.89693010073300883 0.91852788691372023 -0.18492532721306487 0.99971796171254768 0.99865940500831329 0.99530134160901229 4.5000000000000009 -0.29343379936893921 -0.159513159777915 995.41078431372569 97.186274509803937 9.5000000000000018 0.19969739736768838 7.5000000000000009 7.5000000000000009 0.3744682635859638 0.04621408538533487 986.85980392156875 3.5000000000000004 0.95998215779580554 15.500000000000002 0.11478523713130605
decision_type=2 2 2 2 2 2 2 2 2 2 2 2 2 2 2 2 2 2 2 2 2 2 2 2 2 2 2 2 2 2
left_child=5 -2 3 -3 -4 6 -1 8 19 -10 -11 12 13 14 16 -16 17 -12 -9 20 22 27 24 -24 25 26 -7 -22 29 -21
right_child=1 2 4 -5 -6 7 -8 18 9 10 11 -13 -14 -15 15 -17 -18 -19 -20 28 21 -23 23 -25 -26 -27 -28 -29 -30 -31
leaf_value=0.00012396635705904657 0.00046164360517853069 -0.0011574276819255643 -0.00088006037995374685 2.7388468821101799e-05 -1.9313694659835875e-05 -0.0018104525003437566 0.0005975788515416192 0.00021639306977979669 0.0018309884938687239 -0.0026952016253195725 0.0010670309071454721 -0.0024822219243122792 0.0020543331674889032 -0.00066050050327535299 -0.0011185300513386718 0.0012684721357155927 -0.00014597878665990882 -0.00041927449978109989 -0.0011179044151373497 -9.1214791778526652e-05 -5.6635617395603414e-05 0.00094259572873031661 -8.5276525314462179e-05 -0.0015493777842254088 -0.00054706140650945397 0.00031765405383250015 0.0012741317922209006 0.002216397210126403 -1.6770197055859803e-05 -0.00055792644305392995
leaf_weight=747 72 52 113 242 43 92 235 1979 113 50 123 48 63 89 56 204 227 54 43 1399 1142 397 298 191 162 1151 79 52 1783 1295
leaf_count=747 72 52 113 242 43 92 235 1979 113 50 123 48 63 89 56 204 227 54 43 1399 1142 397 298 191 162 1151 79 52 1783 1295
internal_value=-0.000436681 -0.00764818 -0.0108647 -0.00440678 -0.0229299 -0.000124244 0.00498474 -0.000577044 -0.00137832 0.00403696 0.00174863 0.00323699 0.00465116 0.00258621 0.00541353 0.01341 0.000246914 0.00983146 0.00301532 -0.00207038 -2.80505e-05 0.00336055 -0.00276089 -0.0115306 0.00013468 0.0021164 -0.0136628 -0.000334728 -0.00369585 -0.00589981
internal_weight=12594 522 450 294 156 12072 982 11090 9068 1027 914 864 816 753 664 260 404 177 2022 8041 3564 1591 1973 489 1484 1322 171 1194 4477 2694
internal_count=12594 522 450 294 156 12072 982 11090 9068 1027 914 864 816 753 664 260 404 177 2022 8041 3564 1591 1973 489 1484 1322 171 1194 4477 2694
is_linear=0
shrinkage=0.05


Tree=130
num_leaves=31
num_cat=0
split_feature=0 5 5 9 1 1 9 3 3 0 5 5 0 6 4 5 5 5 9 3 6 9 6 5 5 0 9 5 0 6
split_gain=13.1928 18.7198 20.5389 19.0187 23.1592 18.9621 15.9778 15.9132 26.1959 15.1553 19.9993 19.66 16.3071 16.0915 14.2394 18.9306 21.1568 17.7385 20.6399 13.6819 13.4318 15.141 47.6417 14.8098 13.9406 13.7649 13.3881 25.1819 13.1866 13.1772
threshold=28.383333333333336 0.15951094710994371 0.21022171450811275 14840.974999999997 83.441176470588246 81.068627450980401 6037.9833750000007 8.5000000000000018 20.500000000000004 33.377450980392162 0.91248814248966237 0.46800856592688472 41.504901960784323 -0.35042475891464198 4.5000000000000009 -0.30163705152652742 -0.25205528343633254 -0.46038400545438724 4290.0000000000009 15.500000000000002 -0.63257203029273779 6915.8354999999983 -0.21022037796396451 -0.54939360607974019 0.75014288946266361 22.950000000000003 7465.1644374999951 -0.40614700388750385 8.5245098039215694 -0.27694043983797384
decision_type=2 2 2 2 2 2 2 2 2 2 2 2 2 2 2 2 2 2 2 2 2 2 2 2 2 2 2 2 2 2
left_child=6 3 -3 4 29 -5 7 -1 14 13 11 12 -11 -4 15 -9 -17 18 -16 -13 23 22 25 -8 -25 -22 -6 -28 -23 -2
right_child=1 2 9 5 26 -7 20 8 -10 10 -12 19 -14 -15 17 16 -18 -19 -20 -21 21 28 -24 24 -26 -27 27 -29 -30 -31
leaf_value=0.00091840003485181565 -0.00012262176695981841 0.0039769195721693351 0.00073126717967721415 -0.0038096786260104101 -0.00016659735302042568 -0.0004812427295233457 -0.0021224755871485259 0.00017446252518067001 0.0015338461440710383 0.00059924690253387598 0.0024911075009897313 -0.00055872595339283575 0.0020315008643680189 -0.00017070519680989772 0.00058260856451386879 -0.0023256127914294696 -0.00033233450276636824 0.00061275778330359626 -0.0035103550175549698 0.00079859820456977819 0.00060630828915075874 -0.00058905565204930431 0.0082370950733294986 -0.00024752520959775426 -0.0019205324415244142 -0.0043146627878322468 0.00053644500051814312 -0.00030103326252836073 -5.1732911445842579e-05 0.0005571398833428276
leaf_weight=793 225 41 178 41 164 101 69 562 265 94 130 132 59 622 42 45 114 80 132 75 43 76 75 1042 40 41 320 199 6237 547
leaf_count=793 225 41 178 41 164 101 69 562 265 94 130 132 59 622 42 45 114 80 132 75 43 76 75 1042 40 41 320 199 6237 547
internal_value=-7.15137e-05 0.00286787 0.00724474 -0.000782228 0.000927198 -0.0181818 -0.000963032 0.00297443 -0.000564061 0.00611929 0.0130346 0.00692521 0.0204545 0.00187266 -0.00435451 -0.000761773 -0.0159375 -0.0145098 -0.0234286 -0.003125 -0.00201338 -0.00112776 0.0140625 -0.00698785 -0.00554017 -0.0117647 -0.00577485 -0.00182692 -0.00151251 0.0068564
internal_weight=12584 2928 1331 1597 1455 142 9656 2033 1240 1290 490 360 153 800 975 721 159 254 174 207 7623 6472 159 1151 1082 84 683 519 6313 772
internal_count=12584 2928 1331 1597 1455 142 9656 2033 1240 1290 490 360 153 800 975 721 159 254 174 207 7623 6472 159 1151 1082 84 683 519 6313 772
is_linear=0
shrinkage=0.05


Tree=131
num_leaves=31
num_cat=0
split_feature=0 7 2 0 7 2 3 3 9 6 2 1 6 0 9 7 1 0 6 7 0 2 2 8 1 7 8 7 7 9
split_gain=21.6585 22.5315 13.4927 23.7457 14.1221 13.765 13.2955 20.7006 20.5387 25.723 25.7306 21.9076 19.4935 21.19 19.1147 18.6285 16.5424 16.3884 14.4 12.8479 11.7542 12.5277 11.2115 11 10.7189 12.3463 10.5194 10.196 15.9739 13.7729
threshold=11.737254901960785 -0.98214488425316759 997.65196078431393 9.5137254901960802 -0.091260668982868151 994.35784313725492 9.5000000000000018 15.500000000000002 9189.8500000000004 -0.26867065956352881 992.35000000000014 60.539215686274517 -0.7444366621422277 28.140196078431376 5121.4499999999998 -0.20075075429075132 85.480392156862749 14.395098039215688 0.57605713708605399 0.96687895796550427 18.928431372549024 991.2735294117648 990.96372549019611 0.1318557721318592 5.5882352941176476 -0.998663445439673 0.93158198870884079 -0.9905448150984083 0.21652696009750597 5691.125
decision_type=2 2 2 2 2 2 2 2 2 2 2 2 2 2 2 2 2 2 2 2 2 2 2 2 2 2 2 2 2 2
left_child=1 -1 5 4 -4 22 24 8 27 -10 16 15 13 14 -9 -12 -11 -13 -17 -19 -16 -22 -3 -24 -2 -26 -23 -8 -29 -30
right_child=6 2 3 -5 -6 -7 7 12 9 10 11 17 -14 -15 20 18 -18 19 -20 -21 21 26 23 -25 25 -27 -28 28 29 -31
leaf_value=0.00064421642073486315 0.0010259378075995293 -0.00090631186435743418 -0.00087950418228381004 0.00035867307739760466 6.7349661060878138e-05 -0.0009205521200523648 -0.001303729156234272 0.00085223242288314795 -0.0068702858563675952 -0.0018156147873582039 0.00019271701792966529 -0.00044736739056434188 0.0001388890795280262 0.001045109292429658 -0.0017522969626037291 -0.0020600860119255023 -0.0003240099883140113 0.00077371121052370595 -0.00024424170734253656 -0.0011498527530988457 -0.0033226476060156194 0.0003675232938170625 -0.00074080969165739731 0.00057011927785297761 -0.0015241993859514053 0.00012132418983542838 -0.001650773056401228 0.00031778622733106139 2.2142358649244329e-05 -0.0012617670757885226
leaf_weight=40 41 95 73 103 50 187 70 129 50 376 113 50 3331 63 116 121 401 323 106 53 132 194 40 65 61 4859 72 604 392 314
leaf_count=40 41 95 73 103 50 187 70 129 50 376 113 50 3331 63 116 121 401 323 106 53 132 194 40 65 61 4859 72 604 392 314
internal_value=-0.000237624 -0.00909786 -0.0114821 -0.00176211 -0.0165323 -0.0171392 0.000246408 -0.00115533 -0.00432078 -0.00818695 -0.0070272 -0.000521512 0.00117632 -0.00636492 -0.00908385 -0.00997067 -0.0134319 0.00702576 -0.0182018 0.0106101 -0.0133981 -0.00927318 -0.0079602 0.00330189 0.00222692 0.00201179 -0.00299625 0.000144823 0.00114416 -0.0039604
internal_weight=12624 653 613 226 123 387 11971 7010 2973 1593 1543 766 4037 706 643 340 777 426 227 376 514 398 200 105 4961 4920 266 1380 1310 706
internal_count=12624 653 613 226 123 387 11971 7010 2973 1593 1543 766 4037 706 643 340 777 426 227 376 514 398 200 105 4961 4920 266 1380 1310 706
is_linear=0
shrinkage=0.05


Tree=132
num_leaves=31
num_cat=0
split_feature=0 4 0 8 8 9 1 2 2 5 5 9 1 1 5 9 2 9 2 6 4 5 5 5 6 2 2 5 5 1
split_gain=12.4109 11.2056 9.00519 14.906 13.4415 12.0864 15.2577 14.4798 11.5454 13.503 26.8988 17.5781 11.9323 11.2705 10.7919 28.1032 17.7838 18.0003 12.4214 10.0484 9.10345 13.8927 30.0782 19.6429 8.81906 20.6561 16.117 23.249 13.3956 13.284
threshold=10.168627450980393 5.5000000000000009 28.273529411764709 -0.99940590107385374 -0.99983123799342477 4152.9249999999993 61.500000000000007 991.58137254901965 982.47352941176484 0.42179998225932674 0.46800856592688472 13325.048624999996 92.049019607843164 34.656862745098046 -0.26866367175705824 13193.419375000003 992.05980392156869 8643.5822500000031 996.39509803921578 -0.082691941062253513 5.5000000000000009 -0.73866753694953124 -0.52766804058324157 -0.92274349529687905 0.53312596302726967 984.37352941176482 993.80000000000007 0.42179998225932674 0.15951094710994371 75.421568627450995
decision_type=2 2 2 2 2 2 2 2 2 2 2 2 2 2 2 2 2 2 2 2 2 2 2 2 2 2 2 2 2 2
left_child=1 -1 4 -4 -2 6 7 -6 9 -5 -11 12 -12 19 15 16 17 -15 -18 -10 21 23 -23 -19 -16 -26 27 28 -27 -28
right_child=2 -3 3 8 5 -7 -8 -9 13 10 11 -13 -14 14 24 -17 18 20 -20 -21 -22 22 -24 -25 25 26 29 -29 -30 -31
leaf_value=-0.00045402601428718266 -0.0010029717035273042 0.00033567687892128301 0.0013460177939158546 -0.00015296052425288755 0.0061754267968776146 -4.0277525789153557e-05 -0.00094862584666365469 0.00059222803054403972 0.00040403205045079775 0.0015656458847518207 -0.00022500856370032964 -0.0013604042006595458 0.00059770418527884674 -0.00016429366581462992 0.00079889336701111091 -0.0028727433908910028 0.0017897961332132063 -0.00028740746110577644 -0.00012294372965572232 -0.0015125439414588882 -0.00051611820102578367 -0.0023268902043224403 0.0007554257984945024 0.0016427752602780621 0.0025822309146652069 -0.00024103426433459419 -0.00054904263341351014 -0.0024183277593811617 0.0020764031468739285 0.0014667834638889656
leaf_weight=238 40 57 64 393 65 9105 40 73 43 62 90 78 96 272 529 44 121 54 69 99 59 63 107 131 60 130 55 104 81 123
leaf_count=238 40 57 64 393 65 9105 40 73 43 62 90 78 96 272 529 44 121 54 69 99 59 63 107 131 60 130 55 104 81 123
internal_value=-0.000187311 -0.0103041 5.71382e-05 0.00247609 -0.000702488 -0.00057626 0.0122905 0.0201439 0.00193785 -0.00354167 0.00397554 -0.00301887 0.00534759 0.00377622 0.00474289 0.000760043 0.0027366 -0.00101892 0.0162304 -0.00979021 0.00554217 0.00856742 -0.00175439 0.0180108 0.00812558 0.00370036 0.000303644 -0.00648734 0.00306604 0.0122905
internal_weight=12545 295 12250 2927 9323 9283 178 138 2863 719 326 264 186 2144 2002 920 876 686 190 142 414 355 170 185 1082 553 493 315 211 178
internal_count=12545 295 12250 2927 9323 9283 178 138 2863 719 326 264 186 2144 2002 920 876 686 190 142 414 355 170 185 1082 553 493 315 211 178
is_linear=0
shrinkage=0.05


Tree=133
num_leaves=31
num_cat=0
split_feature=0 0 8 7 7 7 0 7 7 7 6 5 8 2 2 7 2 1 5 5 2 6 1 5 7 5 5 7 5 5
split_gain=13.3146 10.5623 14.0285 11.3966 30.1621 15.2503 17.4043 10.4373 10.1925 23.3648 21.9393 15.7099 14.9952 12.0416 10.4531 17.3269 9.40114 11.0878 9.12218 9.58219 10.7544 16.1072 17.2509 13.9091 14.5061 17.8491 23.3102 15.9167 17.2173 15.6492
threshold=9.5137254901960802 24.652941176470595 -0.99940590107385374 -0.99275346941927067 -0.98803388382128665 -0.99763297024448894 15.90686274509804 -0.049435780479547518 -0.83377653105606597 -0.80418297442179409 -0.63257203029273779 -0.49813634056773481 0.56192200557241578 986.13431372549041 995.54215686274517 -0.96688789938088693 1000.7549019607844 13.323529411764708 0.9962888416657264 0.99374995976406788 990.96372549019611 -0.95502570686053045 20.362745098039216 -0.9905448150984083 -0.51941337148263467 -0.74441730022405961 -0.8041866928211282 0.3362885358101006 0.94978112945126536 -0.94139628442229062
decision_type=2 2 2 2 2 2 2 2 2 2 2 2 2 2 2 2 2 2 2 2 2 2 2 2 2 2 2 2 2 2
left_child=7 2 -2 5 -5 6 -4 -1 10 12 -6 13 -10 -12 15 -15 17 -16 19 20 21 -11 -23 -24 -25 26 29 -27 -29 -26
right_child=1 -3 3 4 8 -7 -8 -9 9 18 11 -13 -14 14 16 -17 -18 -19 -20 -21 -22 22 23 24 25 27 -28 28 -30 -31
leaf_value=-0.00043676250262791129 -0.00071886033292650894 0.00011301913496759576 0.00075162050012190509 -0.0016687208641965739 -0.00079451923494625043 0.0031318120783654924 -0.00092025862356615593 6.3794758984255659e-05 -0.00010357658649185892 -0.002321949820051386 0.0016005012382965687 0.0014170646219183181 -0.0022789530902473597 0.00013405883990093016 -0.00052132712673126711 -0.0015833332467995289 -0.00060168721625102203 0.0010205068514619346 0.00071511104371328185 -0.0010514581141164048 1.7753033008509335e-05 -0.0019023032071931014 -0.0013687135153919062 -0.0014349658254830229 0.0013846590233661444 0.00023871277131780612 0.0071409675461937914 -0.00024262078508951042 -0.0012688170967499386 -0.00012256584640758518
leaf_weight=124 76 4656 41 63 166 95 109 84 48 137 62 211 56 66 45 85 54 194 107 87 4394 41 93 123 63 298 68 690 77 230
leaf_count=124 76 4656 41 63 166 95 109 84 48 137 62 211 56 66 45 85 54 194 107 87 4394 41 93 123 63 298 68 690 77 230
internal_value=7.51345e-05 0.000285462 -0.000841902 -0.000629543 -0.000978683 0.00995935 0 -0.0124402 -0.000682802 -0.0013665 0.0043552 0.00814763 -0.0247619 0.00335306 0.000449438 -0.0101974 0.00595238 0.0102083 -0.000982993 -0.00122977 -0.000997586 -0.00422845 -0.00288005 -0.00206939 -0.000935484 0.00049054 0.0100829 -0.00276735 -0.00657552 0.00391156
internal_weight=12643 12435 7779 7703 7458 245 150 208 7395 6512 883 717 104 506 444 151 293 239 6408 6301 6214 1820 1683 1642 1549 1426 361 1065 767 293
internal_count=12643 12435 7779 7703 7458 245 150 208 7395 6512 883 717 104 506 444 151 293 239 6408 6301 6214 1820 1683 1642 1549 1426 361 1065 767 293
is_linear=0
shrinkage=0.05


Tree=134
num_leaves=31
num_cat=0
split_feature=0 4 8 2 9 2 4 7 7 9 5 7 7 6 9 5 7 2 0 7 8 9 4 5 4 4 5 7 2 7
split_gain=14.1363 13.3043 10.81 8.76648 17.7031 41.1681 19.0514 15.824 22.7392 16.5262 24.5755 15.7962 19.3718 15.6921 24.3042 29.4637 17.0648 16.4614 15.7757 20.308 18.7738 15.5782 20.5505 14.887 14.5956 14.2888 40.1343 16.7579 14.0503 13.7556
threshold=9.5137254901960802 5.5000000000000009 -0.19337602734302625 986.75392156862756 13943.429624999999 975.51666666666677 1.5000000000000002 0.88618201382888007 0.90159200968320541 5285.7776249999997 -0.88622299073327826 -0.83377653105606597 -0.73866412149774419 0.18281312110578132 10641.3835 0.88220160189607266 -0.998663445439673 1002.4647058823531 25.397058823529417 0.019351116170480156 -0.99763124042248752 6977.7482500000015 1.5000000000000002 -0.36647417525074694 1.5000000000000002 4.5000000000000009 -0.92274349529687905 -0.63920832810365535 994.24411764705894 -0.9470547246821871
decision_type=2 2 2 2 2 2 2 2 2 2 2 2 2 2 2 2 2 2 2 2 2 2 2 2 2 2 2 2 2 2
left_child=1 2 -1 4 11 -6 -7 9 -9 10 -5 29 -13 16 15 17 -11 21 -18 -20 -21 -15 -23 -12 -25 26 -24 -27 -29 -2
right_child=3 -3 -4 7 5 6 -8 8 -10 13 23 12 -14 14 -16 -17 18 -19 19 20 -22 22 25 24 -26 27 -28 28 -30 -31
leaf_value=-0.00099074801351543775 -1.4133816540801149e-05 0.00041029559486536473 -0.00034512367153991495 -0.00025393993298815365 0.0011870109789882553 0.0030640531792067772 -0.0011571779633070822 -0.0017813233740186078 -0.00015911080778606147 -0.002601155150189802 0.0023004743647166148 -0.0013234513861163366 -0.00015128723123392085 0.0023904298350197473 1.7304667969374189e-05 0.0028806360575792059 -0.00011075907200861907 -0.00078671603810006598 0.00085861644796745304 -0.0032980071659890922 2.4930024960162501e-05 0.0013183590176178526 -0.0017132314347719198 -0.00067846909230188934 0.0021461720135407731 -0.00010175055347929619 0.00043373572526432536 0.0035339270897872311 0.0010009065593329092 0.0012077166163358896
leaf_weight=45 239 46 117 120 86 43 124 116 1592 56 239 77 1789 93 2244 190 2939 86 569 41 491 270 108 54 87 182 226 71 72 114
leaf_count=45 239 46 117 120 86 43 124 116 1592 56 239 77 1789 93 2244 190 2939 86 569 41 491 270 108 54 87 182 226 71 72 114
internal_value=-2.39483e-05 -0.0129187 -0.0196319 0.000194821 -0.00246664 0.0100394 -0.00446429 0.000863207 -0.00351083 0.00178155 0.0105788 -0.0038964 -0.00573112 0.00120435 0.00364098 0.00908391 -0.0009031 0.00595131 -0.000519673 0.00458258 -0.00243902 0.00772239 0.00575269 0.0167979 0.00387324 0.000984848 -0.00626866 0.00843558 0.0211806 0.00579096
internal_weight=12526 208 162 12318 2472 253 167 9846 1708 8138 500 2219 1866 7638 3542 1298 4096 1108 4040 1101 532 1022 929 380 141 659 334 325 143 353
internal_count=12526 208 162 12318 2472 253 167 9846 1708 8138 500 2219 1866 7638 3542 1298 4096 1108 4040 1101 532 1022 929 380 141 659 334 325 143 353
is_linear=0
shrinkage=0.05


Tree=135
num_leaves=31
num_cat=0
split_feature=0 6 9 8 8 5 0 8 8 8 3 3 3 8 8 6 9 0 9 6 8 8 6 0 6 2 9 5 6 4
split_gain=13.3745 14.5969 20.4148 12.1704 20.417 21.2516 14.3066 12.6987 11.9945 18.6297 9.25622 9.83041 17.2001 17.1187 21.8336 18.3558 17.8992 15.7532 19.9445 13.1824 12.5306 12.516 16.6221 15.884 12.0777 11.6499 16.6044 12.1259 10.9372 18.5656
threshold=24.377450980392162 0.98770287048522643 15048.991749999999 0.8500094512057853 0.92520893929334658 -0.082689790342551819 28.930392156862748 -0.99940590107385374 0.76558174705471205 0.74729605595282433 1.5000000000000002 15.500000000000002 9.5000000000000018 -0.98801846520836312 -0.47748501237563551 0.33222858587828868 13532.288750000002 27.218627450980396 8732.300687500001 0.18281312110578132 -0.99467580659249177 0.1147873601445511 0.56191161272202661 32.071568627450986 0.71353761266622884 977.84117647058838 12134.6975 -0.54220184589352438 0.83730377313544024 2.5000000000000004
decision_type=2 2 2 2 2 2 2 2 2 2 2 2 2 2 2 2 2 2 2 2 2 2 2 2 2 2 2 2 2 2
left_child=-1 3 -3 7 -5 -6 -7 -2 9 10 -9 12 13 20 15 17 21 18 -15 -19 -12 22 -16 -23 -13 -26 27 -27 -14 -30
right_child=1 2 -4 4 5 6 -8 8 -10 -11 11 24 28 14 16 -17 -18 19 -20 -21 -22 23 -24 -25 25 26 -28 -29 29 -31
leaf_value=-6.0464134044364851e-05 0.0011623680234449818 -3.5889787220022562e-05 -0.0033232980812760828 0.0017786428700787727 -0.0011795594315130997 -0.00041345865329214804 0.0020893932864763376 0.00052238404161212009 -0.00073430510481110878 0.0051837017993509151 0.00024064959682002925 0.00052103033205885829 -0.00035831134475844406 0.0067431630548111798 -0.0015319537661414419 0.0018601781718309953 0.00094285582858130159 -0.00042637225539794433 0.00028997194742871879 0.0011151839928058239 -0.0011985402087869468 0.00088207706633796072 -0.00010836156071116766 -0.00022295649121794049 0.00076901086427084162 -0.00019774662688055723 -0.001550149987691235 0.0014856284533284914 0.0018649811642549698 -0.00026559773272417101
leaf_weight=7770 89 243 63 205 113 40 41 296 106 48 46 1037 889 54 80 112 147 137 71 48 51 171 75 113 113 65 115 52 55 89
leaf_count=7770 89 243 63 205 113 40 41 296 106 48 46 1037 889 54 80 112 147 137 71 48 51 171 75 113 113 65 115 52 55 89
internal_value=-7.97766e-06 0.00207765 -0.00846906 0.00280332 0.011125 -0.000512821 0.0189024 0.00198276 0.00156132 0.00201811 0.00162431 0.000908833 -0.00121552 0.00311935 0.00505451 0.0137116 -0.0011925 0.0073955 0.0210317 -0.00188172 -0.0168367 -0.00625 -0.0176282 0 0.00419378 -0.00390173 -0.0103004 0.0029661 -0.00585106 0.00689655
internal_weight=12534 4764 306 4458 399 194 81 4059 3970 3864 3816 3520 2138 1105 1008 422 586 310 125 185 97 439 155 284 1382 345 232 117 1033 144
internal_count=12534 4764 306 4458 399 194 81 4059 3970 3864 3816 3520 2138 1105 1008 422 586 310 125 185 97 439 155 284 1382 345 232 117 1033 144
is_linear=0
shrinkage=0.05


Tree=136
num_leaves=31
num_cat=0
split_feature=0 4 3 3 6 4 9 6 2 6 0 4 4 5 6 9 6 4 5 5 4 6 6 4 5 5 4 1 6 3
split_gain=11.3686 11.2106 9.62319 22.9385 22.5311 22.1319 18.0572 22.7772 19.3976 21.5983 19.1858 18.3533 27.0389 23.4657 14.6193 14.578 14.0675 13.9771 13.7076 12.8669 12.5631 15.8746 12.1945 15.0553 11.7275 10.5036 9.40826 9.07705 9.00979 21.1041
threshold=9.5137254901960802 5.5000000000000009 9.5000000000000018 15.500000000000002 -0.72102888505294738 5.5000000000000009 9422.8140000000003 -0.26867065956352881 992.35000000000014 0.85561368268953431 42.333333333333336 4.5000000000000009 1.0000000180025095e-35 0.17646842360078763 -0.4755978891912595 11279.944937500002 -0.8901731938066898 1.5000000000000002 0.99966190462023474 0.84313847884979054 1.5000000000000002 0.16587474750015932 0.99445195900249039 1.5000000000000002 -0.49064630004295678 0.99552231814189451 5.5000000000000009 61.911764705882355 -0.23537842981696178 7.5000000000000009
decision_type=2 2 2 2 2 2 2 2 2 2 2 2 2 2 2 2 2 2 2 2 2 2 2 2 2 2 2 2 2 2
left_child=1 -1 18 6 5 17 11 -8 10 15 20 12 14 -13 16 25 -4 -5 28 -17 -9 -22 23 -11 -19 -10 -15 -25 29 -2
right_child=2 -3 3 4 -6 -7 7 8 9 22 -12 13 -14 26 -16 19 -18 24 -20 -21 21 -23 -24 27 -26 -27 -28 -29 -30 -31
leaf_value=-0.0003955430815007592 7.330822399784776e-05 0.00038271453009129517 -0.00064756203304201516 1.343886686219764e-05 0.00014930382609918414 0.0014755581115478813 -0.0059541348257702896 -0.00040784750806163175 -0.00018619195262478544 -0.00027820171055621993 0.00045477318123969828 -0.00092455937028626816 0.00029674016408083316 -0.00023368896781928439 -0.0012502096934211742 -0.00038877377472323828 0.00064596140696835671 -0.0025893501747045328 -0.00063476407219970055 -0.0015089837185612688 0.00011891279390714993 -0.0018290576036767024 -0.00041494800545049254 0.00020567979506775914 -0.00079559879735443401 0.00080727134315838065 0.0020801307096358526 0.0013949948336799635 0.00015999035089530602 -0.00086502044109544325
leaf_weight=153 1497 41 48 223 3400 105 50 183 183 52 71 313 859 53 92 173 74 118 51 100 46 467 62 70 324 50 56 85 3281 353
leaf_count=153 1497 41 48 223 3400 105 50 183 183 52 71 313 859 53 92 173 74 118 51 100 46 467 62 70 324 50 56 85 3281 353
internal_value=-0.000328479 -0.0123077 -0.000140675 -0.00131579 0.00110285 -0.00661479 -0.00458225 -0.00828625 -0.00719378 -0.00161082 -0.0128255 -0.000635027 0.00283985 -0.00945626 -0.0130233 -0.00769231 -0.00162602 -0.00998498 0.00150492 -0.0155109 -0.0153515 -0.019358 0.00981481 0.015625 -0.0151242 0.00149573 0.0104545 0.0233974 0.00176345 -0.00102647
internal_weight=12633 194 12439 7257 4170 770 3087 1592 1542 775 767 1495 1073 422 214 506 122 665 5182 273 696 513 269 207 442 233 109 155 5131 1850
internal_count=12633 194 12439 7257 4170 770 3087 1592 1542 775 767 1495 1073 422 214 506 122 665 5182 273 696 513 269 207 442 233 109 155 5131 1850
is_linear=0
shrinkage=0.05


Tree=137
num_leaves=31
num_cat=0
split_feature=0 3 2 8 5 0 5 5 4 4 8 8 5 5 4 0 5 8 9 5 0 9 0 1 8 0 8 8 0 9
split_gain=11.315 11.4285 8.73337 29.1393 22.6754 18.372 18.751 28.116 26.234 24.2803 20.9305 31.0175 19.4588 29.0158 28.3349 25.9528 15.6503 23.2708 17.2584 22.0388 13.5333 12.3655 16.1248 12.6917 11.669 13.1861 11.4751 21.0567 17.2996 23.6956
threshold=10.636274509803924 17.500000000000004 990.87941176470611 -0.99763124042248752 0.99966190462023474 13.252941176470591 -0.92274349529687905 -0.74441730022405961 4.5000000000000009 5.5000000000000009 -0.57606379612791392 -0.54760613975548533 -0.63921128368950708 -0.59869031648930193 1.5000000000000002 45.304901960784328 0.55656748448714433 0.60383265664488517 13532.288750000002 0.75014288946266361 27.440196078431377 7465.1644374999951 31.383333333333336 70.225490196078439 -0.24372464231556024 17.936274509803926 0.97786949981288174 0.87291090774974645 30.285294117647062 7636.4835625000005
decision_type=2 2 2 2 2 2 2 2 2 2 2 2 2 2 2 2 2 2 2 2 2 2 2 2 2 2 2 2 2 2
left_child=1 -1 3 -2 20 -5 8 9 21 10 -8 -12 -9 -14 15 26 17 -16 -18 -20 -4 23 -23 -7 25 -13 27 28 29 -15
right_child=2 -3 4 5 -6 6 7 12 -10 -11 11 24 13 14 16 -17 18 -19 19 -21 -22 22 -24 -25 -26 -27 -28 -29 -30 -31
leaf_value=-0.00030325257495798265 0.0015947600653521633 0.0002409620762109946 7.9478974077659695e-06 -0.00094756413811179503 -0.00092782862006955409 0.0006212704346712617 0.0026412868363629607 -0.00083768200030298059 0.00034340069835524516 -0.0018027552808500713 -0.0011180014504890187 -0.0022991533803717449 0.0041368908821464876 0.0027856114974965486 -0.00096199236390836498 0.00073324413916452395 0.00010121725630174994 -0.00017890322638472735 0.0001042075784446539 -0.003994690283554328 0.00038875994747538116 -0.0031277636737046979 -0.00011901205670963312 -0.00018927983117112413 0.003328903530754765 0.00075968640290945415 -0.001288700733195665 0.0026460030465243508 -0.00042844914470198115 0.00012133546439656584
leaf_weight=322 65 81 6074 136 87 41 144 272 165 87 56 41 82 50 303 59 799 944 51 56 1233 187 73 140 130 279 50 109 201 309
leaf_count=322 65 81 6074 136 87 41 144 272 165 87 56 41 82 50 303 59 799 944 51 56 1233 187 73 140 130 279 50 109 201 309
internal_value=-0.000554368 -0.00878713 -0.000282232 -0.00193582 0.000797836 -0.00239244 -0.00185785 -0.000621427 -0.0100494 0.00819783 0.0115207 0.00670611 -0.00260195 -0.00144326 -0.00226808 0.00590501 -0.00522284 -0.00885417 -0.000220507 -0.0189815 0.00110153 -0.0164027 -0.0233716 -0.00631868 0.0110865 0.005919 0.00326389 0.005 0.00106952 0.00763889
internal_weight=12626 403 12223 4829 7394 4764 4628 4022 606 737 650 506 3285 3013 2931 778 2153 1247 906 107 7307 441 260 181 450 320 719 669 560 359
internal_count=12626 403 12223 4829 7394 4764 4628 4022 606 737 650 506 3285 3013 2931 778 2153 1247 906 107 7307 441 260 181 450 320 719 669 560 359
is_linear=0
shrinkage=0.05


Tree=138
num_leaves=31
num_cat=0
split_feature=0 9 9 7 5 7 7 7 7 1 7 0 7 0 7 1 9 7 6 9 5 0 7 1 3 8 6 6 0 3
split_gain=8.76268 8.39307 9.43326 10.6402 7.79019 7.73705 14.4867 15.4402 20.9029 20.6295 14.0124 11.2863 21.2636 16.2781 10.6638 8.86851 8.73358 12.8493 40.8784 12.9066 22.9666 10.5815 11.2516 9.13941 8.7667 7.58096 18.9519 15.7039 7.40591 6.79566
threshold=10.636274509803924 5691.125 8025.0103124999978 -0.049435780479547518 -0.814291907305839 0.99983759474438971 0.99351232050787985 0.98901264295277169 0.98702314536340274 81.813725490196092 0.98091558679606194 17.72058823529412 0.9962888416657264 34.946078431372555 0.9993614236720848 45.264705882352949 4467.2620000000015 0.93544191479114935 0.57605713708605399 5917.7581250000003 -0.60554068365937697 29.044117647058826 0.95752911693909493 37.578431372549026 10.500000000000002 0.99971796171254768 0.99981043035926087 0.99932962452255414 18.446078431372552 7.5000000000000009
decision_type=2 2 2 2 2 2 2 2 2 2 2 2 2 2 2 2 2 2 2 2 2 2 2 2 2 2 2 2 2 2
left_child=1 -1 -3 4 -4 6 7 8 10 -9 16 12 -8 14 15 -13 29 25 19 20 -19 22 -20 -21 -23 26 27 -18 -24 -2
right_child=5 2 3 -5 -6 -7 11 9 -10 -11 -12 13 -14 -15 -16 -17 17 18 21 23 -22 24 28 -25 -26 -27 -28 -29 -30 -31
leaf_value=-0.0012646578067534971 0.0041696066010883659 0.00051397200192109525 1.7830944436287439e-05 0.00017508745700823907 -0.00065762027391932758 0.0016325233550954167 -0.00080268163880891296 -0.00036246643538020155 -0.0035783569759102632 0.0020181271763195147 0.0016708995884889529 0.00033347405198825013 0.00043810391667188365 0.00023838405772225735 -0.002251339193095267 -0.0014955104929269382 2.0451386736480837e-05 -0.0031571876695477212 -0.00029678002582116949 -0.0015460915054417248 0.00063793676453751953 0.00090798361755065624 2.952673238752618e-05 -0.0027174611450857759 -0.001669768851656467 -0.0013621234089332816 0.0021378512662211468 -0.0014759440497642219 0.0016984489600118113 0.00014192894012693413
leaf_weight=57 52 77 52 91 120 79 40 70 73 86 146 44 113 52 60 105 10455 106 81 58 53 50 40 73 44 66 55 58 93 103
leaf_count=57 52 77 52 91 120 79 40 70 73 86 146 44 113 52 60 105 10455 106 81 58 53 50 40 73 44 66 55 58 93 103
internal_value=-0.000110646 -0.00741206 -0.00439883 -0.00890152 -0.016185 0.000126469 2.46366e-05 0.000348551 0.000137848 0.0159236 0.000307786 -0.00915663 0.00162338 -0.015458 -0.0216667 -0.0143333 0.000109765 -5.3414e-05 -0.00717863 -0.0206186 -0.0109375 0.00550162 0.0116279 -0.032197 -0.00842105 0.000347908 0.000454158 0.000299601 0.0205224 0.011859
internal_weight=12652 397 340 263 172 12255 12176 11762 11606 156 11533 414 153 261 209 149 11387 11232 598 290 159 308 214 131 94 10634 10568 10513 133 155
internal_count=12652 397 340 263 172 12255 12176 11762 11606 156 11533 414 153 261 209 149 11387 11232 598 290 159 308 214 131 94 10634 10568 10513 133 155
is_linear=0
shrinkage=0.05


Tree=139
num_leaves=31
num_cat=0
split_feature=6 0 9 5 8 2 8 0 8 2 9 2 6 0 1 2 2 6 9 5 2 0 8 8 2 2 8 6 4 6
split_gain=12.6409 18.6453 13.903 12.4993 9.07675 30.5594 16.1309 6.2151 16.2237 11.0705 16.5607 9.02248 17.8475 15.1666 14.7288 19.4503 12.5382 12.4573 10.546 10.1385 11.1529 9.93889 9.52656 11.3663 24.835 15.6423 13.3361 24.3176 12.58 11.765
threshold=0.99958851518450398 9.5137254901960802 8407.9186250000002 1.0000000180025095e-35 0.99530134160901229 991.81666666666672 0.9980355542543059 24.377450980392162 -0.99940590107385374 1002.8539215686276 15529.725 997.65196078431393 -0.29342786347392819 12.571568627450983 55.2843137254902 999.10686274509817 999.54313725490204 0.95178258287705175 5285.7776249999997 0.95752911693909493 991.35196078431386 17.72058823529412 0.92520893929334658 0.83730377313544024 994.13627450980403 995.73039215686288 0.75438814418115718 0.87709077819680659 3.5000000000000004 0.76556758748011045
decision_type=2 2 2 2 2 2 2 2 2 2 2 2 2 2 2 2 2 2 2 2 2 2 2 2 2 2 2 2 2 2
left_child=1 2 -1 -2 7 -6 -7 8 -3 11 -11 13 16 18 15 -14 -13 21 -10 20 -20 -17 23 26 -25 -26 27 29 -28 -15
right_child=3 4 -4 -5 5 6 -8 -9 9 10 -12 12 14 22 -16 17 -18 -19 19 -21 -22 -23 -24 24 25 -27 28 -29 -30 -31
leaf_value=0.00037972659345515068 6.2257284208695759e-05 -0.0007468986885463436 -0.00052657312556173962 0.0025553443999277951 -0.0061773656973729708 -0.00037252047155219084 0.0019332226228002737 7.3126575434284699e-05 6.8032841552878587e-05 -0.00010892406895210011 -0.00094765034156384521 -3.8350823047694774e-05 0.00098412923991435535 -6.0673320221971139e-05 -3.5580816592117874e-05 0.00032287122457717453 -0.0018584902720704512 0.00073307924383307632 -0.001427169757900431 4.6184621796381558e-05 -0.00049821659946423726 -0.0002113538828187378 0.00024998003318489338 -0.0023914990452185815 0.0011410760757098362 -0.0008463196269670397 0.0012436691127821588 -0.0011003721556443191 0.00011553633169872486 0.00043483333573679788
leaf_weight=58 80 66 116 64 48 74 43 4708 115 258 67 164 189 4031 369 205 61 43 60 57 268 205 397 119 46 40 86 143 131 258
leaf_count=58 80 66 116 64 48 74 43 4708 115 258 67 164 189 4031 369 205 61 43 60 57 268 205 397 119 46 40 86 143 131 258
internal_value=-0.000194909 -0.000366168 -0.0165714 0.0144828 -0.000134672 -0.011747 0.00211864 2.48201e-05 -0.000880878 -0.000656365 -0.00966258 -0.000236119 0.00363783 -0.00106919 0.00647233 0.011042 -0.0090708 0.00539648 -0.00938124 -0.013342 -0.0167173 0.0026764 -0.000276085 -0.000885685 -0.0123786 0.00804598 -0.000376344 -0.000969998 0.0116972 -0.000291375
internal_weight=12569 12425 174 144 12251 165 117 12086 7378 7312 325 6987 1236 5751 1011 642 225 453 500 385 328 410 5251 4854 205 86 4649 4432 217 4289
internal_count=12569 12425 174 144 12251 165 117 12086 7378 7312 325 6987 1236 5751 1011 642 225 453 500 385 328 410 5251 4854 205 86 4649 4432 217 4289
is_linear=0
shrinkage=0.05


Tree=140
num_leaves=31
num_cat=0
split_feature=9 6 9 6 5 1 6 6 3 3 7 5 0 7 2 5 1 7 5 2 6 9 2 1 6 6 0 9 2 0
split_gain=12.0648 18.8005 15.0619 19.573 16.8524 15.4634 14.9504 21.5386 13.4419 14.0688 19.7957 35.3604 23.1716 14.5977 14.1048 12.7828 21.5247 12.2298 11.8562 17.8609 17.5156 13.628 22.4186 12.8994 11.209 12.6224 13.6355 14.9528 11.2807 23.5976
threshold=10700.330562500001 0.91852788691372023 11152.979250000002 0.14888728888808328 0.99700008544936913 80.598039215686285 0.88117331841669433 0.86439018870140905 21.500000000000004 8.5000000000000018 0.3036948619824264 0.95998215779580554 30.738235294117647 0.61746692340271048 984.57647058823545 -0.23537230790205757 66.068627450980401 0.3362885358101006 -0.88622299073327826 988.42254901960791 -0.52034141052533245 6114.3703124999984 993.95980392156878 58.441176470588239 0.82777578779003613 0.5475998096715059 28.383333333333336 10231.2076875 1000.0049019607844 25.397058823529417
decision_type=2 2 2 2 2 2 2 2 2 2 2 2 2 2 2 2 2 2 2 2 2 2 2 2 2 2 2 2 2 2
left_child=1 6 3 4 -2 -6 7 8 9 10 24 12 13 15 -15 16 -12 -10 19 -16 21 22 -20 -22 25 26 27 -1 29 -27
right_child=2 -3 -4 -5 5 -7 -8 -9 17 -11 11 -13 -14 14 18 -17 -18 -19 20 -21 23 -23 -24 -25 -26 28 -28 -29 -30 -31
leaf_value=-0.00025458479353732691 0.0021608196429792142 0.0027122476856854538 -4.5733661799984494e-05 -0.0012042813691565965 -0.0011450674261380786 0.00077514521803570134 -0.0003384557238701236 0.0044934438659099962 0.00010698790287101413 -7.8440529278672743e-05 0.0031057435587172237 0.0054196109442455429 -0.0004496594055169001 -0.001250771337614852 0.0011581705410219523 -9.4670520432882377e-05 0.0007867071615622307 0.0014957367491963359 8.423257835721149e-05 -0.0031672443112830359 0.00083250253076028874 -0.00046018423578554071 0.0024961355480185412 0.0034416514265824373 -0.0023412880678789247 0.0023857163112785255 0.00039098587228671437 0.00098814177139248667 -0.00043569842197316441 -8.7934590721994177e-05
leaf_weight=1177 58 53 4474 138 54 40 96 41 371 4171 116 66 47 45 47 61 86 249 334 62 44 110 131 46 50 74 206 57 56 41
leaf_count=1177 58 53 4474 138 54 40 96 41 371 4171 116 66 47 45 47 61 86 249 334 62 44 110 131 46 50 74 206 57 56 41
internal_value=-5.15791e-05 0.00115463 -0.00203568 -0.0130584 -0.000653595 -0.0136842 0.000950546 0.00119651 0.00100026 0.000377063 0.00308015 0.00798495 0.00588496 0.00738689 0.00408537 0.0176136 0.0236453 0.00805153 0.00567742 -0.00954545 0.00818318 0.00494792 0.00869099 0.0285714 -0.000451264 0.000279156 -0.00124913 -0.00323887 0.0130814 0.0219828
internal_weight=12601 7837 4764 290 152 94 7784 7688 7647 7027 2856 1195 1129 1082 819 263 202 620 774 109 665 575 465 90 1661 1611 1440 1234 171 115
internal_count=12601 7837 4764 290 152 94 7784 7688 7647 7027 2856 1195 1129 1082 819 263 202 620 774 109 665 575 465 90 1661 1611 1440 1234 171 115
is_linear=0
shrinkage=0.05


Tree=141
num_leaves=31
num_cat=0
split_feature=0 1 1 9 9 0 5 1 4 2 8 5 0 1 4 4 2 5 1 1 5 9 0 0 9 3 9 8 8 3
split_gain=11.7878 25.1877 9.75505 8.59402 23.7054 24.1989 19.5156 17.6906 17.4631 16.408 15.919 15.897 14.8938 14.571 24.7564 18.2485 19.0016 17.0109 15.3941 15.2233 14.8583 14.7316 14.5406 14.1404 19.6514 16.0749 17.7263 13.4667 18.8747 13.3164
threshold=12.697058823529414 81.303921568627473 5.5882352941176476 9733.5883750000012 8768.3537500000002 33.632352941176478 0.88621069759564464 38.049019607843142 5.5000000000000009 993.08333333333337 -0.99273797715557011 0.82414472752956958 32.254901960784316 70.539215686274517 2.5000000000000004 4.5000000000000009 986.53627450980412 -0.8781231054254196 15.421568627450982 88.578431372549034 -0.75015329512557194 7193.7501875000025 33.904901960784322 19.409803921568628 4832.8999999999996 14.500000000000002 7193.7501875000025 -0.98212955754013376 -0.99763124042248752 12.500000000000002
decision_type=2 2 2 2 2 2 2 2 2 2 2 2 2 2 2 2 2 2 2 2 2 2 2 2 2 2 2 2 2 2
left_child=1 -1 -2 4 6 7 11 10 27 -8 -6 13 -5 18 17 16 -16 -15 -4 21 -19 -18 -17 25 -25 26 -20 28 -9 -11
right_child=2 -3 3 12 5 -7 9 8 -10 29 -12 -13 -14 14 15 22 19 20 23 -21 -22 -23 -24 24 -26 -27 -28 -29 -30 -31
leaf_value=-5.0621904347562116e-05 0.00090634901152174686 -0.00089686611988320098 -0.00063853280005886641 -0.00011581879928927453 -0.0022406088535613113 0.0025346405311142297 -0.002234436415364477 0.0018127085909746599 0.0033326714009559557 -0.00083013643101391703 8.430335653719646e-06 0.0011434119119894115 0.00019015267182375119 -0.0007564899694795735 -0.0001372896455970385 -7.44316703512063e-05 0.0018211341137783111 0.0030236037047132684 -0.00021730998812855771 0.0040433700087073882 -0.0002477329888617874 -0.0002954606925112874 -0.00011351421771315096 0.0029657156795787178 0.0003938671363177937 -0.00064273265755289551 0.00059943816641249846 0.00067412330689859974 -0.0017802778122705449 0.0011562451177556583
leaf_weight=835 78 113 321 4446 46 89 73 73 88 47 213 123 1077 269 95 470 109 49 516 62 420 68 61 201 1299 342 264 543 88 49
leaf_count=835 78 113 321 4446 46 89 73 73 88 47 213 123 1077 269 95 470 109 49 516 62 420 68 61 201 1299 342 264 543 88 49
internal_value=-0.00022749 -0.00558483 0.000211572 9.12885e-05 0.00140492 0.00788782 -0.000123993 0.00575095 0.00945776 -0.0167647 -0.00557692 0.000481799 -0.00133056 0 -0.00383416 0.00190531 0.0110448 -0.0105548 0.00208899 0.0185417 -0.00478723 0.0109551 -0.00385338 0.00335494 0.00652898 -0.000890472 0.00307298 0.00680851 -0.0058642 -0.00309278
internal_weight=12527 948 11579 11501 5978 1140 4838 1051 792 169 259 4669 5523 4546 1603 865 334 738 2943 239 469 177 531 2622 1500 1122 780 704 161 96
internal_count=12527 948 11579 11501 5978 1140 4838 1051 792 169 259 4669 5523 4546 1603 865 334 738 2943 239 469 177 531 2622 1500 1122 780 704 161 96
is_linear=0
shrinkage=0.05


Tree=142
num_leaves=31
num_cat=0
split_feature=3 3 8 2 6 5 7 2 6 8 8 1 9 3 9 9 6 6 8 9 5 9 6 9 7 5 5 3 6 5
split_gain=13.6954 20.2224 12.9004 28.0463 14.3373 11.7539 11.2282 15.9545 16.5474 13.5407 15.9606 14.1996 11.5065 13.8881 11.0334 10.7421 13.904 13.7713 10.5984 12.9517 21.1966 10.2528 9.96044 9.94359 19.3673 10.0672 14.1798 11.1853 10.2074 10.0032
threshold=16.500000000000004 9.5000000000000018 0.45847758937963173 992.40882352941196 0.99445195900249039 0.99700008544936913 0.31596169403973995 990.08137254901965 0.92843842216862604 -0.70748025990135355 -0.62083866033519952 73.333333333333357 7028.4232500000007 6.5000000000000009 5989.616750000002 15048.991749999999 0.97648852793709995 0.98770287048522643 -0.47748501237563551 4577.2022500000021 -0.70898476237405783 11550.812250000001 -0.93237865822738086 10428.337125000004 0.90892735371523092 0.95242846126021108 0.97112537654464559 13.500000000000002 0.75438814418115718 -0.83377653105606597
decision_type=2 2 2 2 2 2 2 2 2 2 2 2 2 2 2 2 2 2 2 2 2 2 2 2 2 2 2 2 2 2
left_child=1 6 5 -4 22 23 12 8 -8 11 -11 21 13 14 -1 17 -17 -2 -12 -20 -21 -9 -5 25 29 28 -27 -28 -3 -25
right_child=15 2 3 4 -6 -7 7 9 -10 10 18 -13 -14 -15 -16 16 -18 -19 19 20 -22 -23 -24 24 -26 26 27 -29 -30 -31
leaf_value=0.00037777734574188926 0.00012543236930331119 -0.00024150361435552328 -0.00029289092510750365 3.0279146239070576e-05 -0.00024419886310142469 0.0007285763456091138 -0.00024266536437171917 0.0024512696548638388 0.00099700826443142052 -0.00085828529015258281 0.0009145797298996533 -0.00027382330141527552 -8.0233454283465408e-05 -0.0001649479033493162 0.0019664644142593501 1.2409234501430111e-05 -0.0011864286681125575 0.00082452916632871356 0.002024158047790181 -0.0025044620279686767 0.00026327680389924351 4.8420450739564136e-06 0.00058179549458102432 0.0005268457976948304 -1.2786438566458892e-05 0.0039726680959862454 -0.00056800933770010385 0.00042953727977827484 0.00015606102444465364 -0.0013983594517173814
leaf_weight=78 3322 1456 568 163 93 104 811 149 85 68 107 76 2712 74 74 95 59 175 109 70 784 42 352 53 275 44 73 53 55 414
leaf_count=78 3322 1456 568 163 93 104 811 149 85 68 107 76 2712 74 74 95 59 175 109 70 784 42 352 53 275 44 73 53 55 414
internal_value=-1.98507e-05 -0.00107347 -0.00390119 0.000424809 0.00788177 -0.00591377 0.000925573 0.0035404 -0.00167224 0.00686344 0.00447761 0.0169776 -0.00112283 0.00969163 0.0183007 0.00256024 -0.0103226 0.00313036 0.00597572 0.00430498 0.00222222 0.0242188 0.0111434 -0.00662129 -0.0114401 -0.0044887 0.00701754 -0.0015748 -0.00578704 -0.0176282
internal_weight=12593 8942 3703 1176 608 2527 5239 2301 896 1405 1138 267 2938 226 152 3651 154 3497 1070 963 854 191 515 2423 742 1681 170 126 1511 467
internal_count=12593 8942 3703 1176 608 2527 5239 2301 896 1405 1138 267 2938 226 152 3651 154 3497 1070 963 854 191 515 2423 742 1681 170 126 1511 467
is_linear=0
shrinkage=0.05


Tree=143
num_leaves=31
num_cat=0
split_feature=3 7 0 0 7 3 6 9 7 0 2 9 7 7 3 7 1 1 7 1 3 1 8 7 9 9 6 1 8 2
split_gain=11.699 11.7706 11.7039 11.1118 23.2531 16.4145 14.9169 18.6191 12.326 28.6176 22.1392 26.092 20.7912 17.9316 12.1013 12.2071 10.653 10.0715 11.1761 9.64464 9.4283 18.0954 11.2766 15.0204 10.9898 20.4888 11.7087 19.7414 9.68888 9.02916
threshold=18.500000000000004 -0.9905448150984083 23.185294117647064 14.793137254901962 -0.998663445439673 11.500000000000002 0.2332836900311728 11170.814437500003 -0.83377653105606597 34.451960784313734 987.4205882352943 10389.133687500002 -0.80418297442179409 -0.88622299073327826 7.5000000000000009 0.46230456327903491 55.715686274509814 98.009803921568633 0.46230456327903491 85.87254901960786 9.5000000000000018 27.519607843137262 0.1147873601445511 0.97364703930971175 5943.6702500000001 7379.3042499999974 0.38043945030393422 14.725490196078432 -0.029024744910506859 999.64411764705903
decision_type=2 2 2 2 2 2 2 2 2 2 2 2 2 2 2 2 2 2 2 2 2 2 2 2 2 2 2 2 2 2
left_child=3 2 -2 5 -5 6 19 29 9 10 -6 -12 -10 16 -9 -16 -13 20 -19 -1 -14 24 28 -24 -22 -26 -27 -28 -23 -8
right_child=1 -3 -4 4 8 -7 7 14 12 -11 11 13 17 -15 15 -17 -18 18 -20 -21 21 22 23 -25 25 26 27 -29 -30 -31
leaf_value=-0.00015096493217888406 0.0031162937151274031 8.0379732683358304e-05 0.00041287731544600859 -0.0014728836315162364 0.0016850821351059586 -0.00042228985356540917 0.001341769359978802 -0.00019612156162404084 -0.0016910831719044118 -0.00018740432447483248 0.00059583987798241672 -0.0026406113579679549 6.0122138034673926e-05 0.0023987181546944458 0.00054005491779644116 -3.3397759134186358e-05 -0.00054770022811152514 0.0020858948692399682 -0.00030893574314089651 -0.0011676463007936927 -0.0018993819612804193 -0.00011156867034289309 5.5575005647567899e-05 0.0015763969637704158 0.0013603100638519281 -0.0012250267149706369 0.00075770069835450068 -0.00082389658221186104 -0.00076091941950025006 0.0001043225112475777
leaf_weight=654 48 2537 53 107 221 430 109 167 128 98 580 54 3490 41 43 57 169 53 52 47 117 1624 1159 55 78 174 40 77 69 54
leaf_count=654 48 2537 53 107 221 430 109 167 128 98 580 54 3490 41 43 57 169 53 52 47 117 1624 1159 55 78 174 40 77 69 54
internal_value=-0.000496584 0.00246305 0.0191176 -0.00128166 -0.000560391 -0.00515365 -0.00198763 0.00533643 -0.000259662 0.00451031 0.00689493 0.00319527 -0.00103976 -0.00981132 -0.00279851 0.0108911 -0.0154018 -0.000672485 0.0146226 -0.00648148 -0.000907902 -0.00278433 -0.00128955 0.00238683 -0.0117043 -0.00743243 -0.0135274 -0.00127119 -0.00392562 0.0185976
internal_weight=12585 2638 101 9947 8386 1561 1131 430 8279 1163 1065 844 7116 264 267 100 223 6988 105 701 6883 3393 2907 1214 486 369 291 117 1693 163
internal_count=12585 2638 101 9947 8386 1561 1131 430 8279 1163 1065 844 7116 264 267 100 223 6988 105 701 6883 3393 2907 1214 486 369 291 117 1693 163
is_linear=0
shrinkage=0.05


Tree=144
num_leaves=31
num_cat=0
split_feature=8 3 1 8 1 3 5 7 3 7 7 1 7 2 7 5 7 5 2 4 2 4 5 1 7 2 5 1 7 5
split_gain=8.72904 16.7729 14.4051 9.78551 16.4035 6.29872 10.3612 9.3192 7.99355 11.2659 10.7719 17.7179 17.3501 18.8861 10.9927 14.435 11.1229 12.0884 9.33038 14.5773 8.82275 8.69155 15.3394 25.1682 17.6028 28.1841 21.9254 14.7875 21.6466 14.0365
threshold=0.99865940500831329 7.5000000000000009 30.519607843137262 0.99530134160901229 15.421568627450982 2.5000000000000004 0.80417553764032002 -0.99275346941927067 16.500000000000004 -0.9905448150984083 -0.97876850416056738 48.911764705882355 -0.99275346941927067 987.82843137254906 -0.95753797188986722 -0.61237985104942771 -0.93545056548590078 -0.58482361983252518 999.54313725490204 5.5000000000000009 990.44803921568644 5.5000000000000009 0.71503381463111937 43.10784313725491 0.38044714639866822 994.70686274509819 -0.48314718476766422 85.676470588235318 -0.29343379936893921 0.66527693225344786
decision_type=2 2 2 2 2 2 2 2 2 2 2 2 2 2 2 2 2 2 2 2 2 2 2 2 2 2 2 2 2 2
left_child=3 -2 -3 5 -5 6 7 -1 10 -10 11 -7 -13 -14 15 -12 17 -16 -11 -20 -19 29 24 -24 25 27 -27 -23 -29 -18
right_child=1 2 -4 4 -6 8 -8 -9 9 18 14 12 13 -15 16 -17 21 20 19 -21 -22 22 23 -25 -26 26 -28 28 -30 -31
leaf_value=0.0013496274400113806 -0.00033552447929950798 -2.3060138317947817e-05 0.0019237008972499152 0.00022390845694481541 -0.0017262302203117073 -0.0018195580869475815 0.00042211539802961137 -2.8944409321443601e-05 0.001192822934741611 7.1654545812238629e-05 -0.00027233044792830674 0.00051846087015788584 0.00015762818944615732 -0.0013205091414935839 0.00014476009647512722 0.0017552640942824133 3.7280739321517847e-05 -0.00012754182285091843 -0.00047429202840285902 0.0014763711381144823 -0.0021781503975539657 -0.0021655934778488373 -0.0013582767079407061 0.00089262092444145633 -0.0012475704020143419 -0.0001688550963236446 0.0026798540619882381 -0.0010746034549480228 0.0013415595121698738 -0.00023775247793879283
leaf_weight=47 66 52 77 42 92 89 328 1130 135 3127 71 150 63 95 43 101 3982 42 285 58 48 73 56 191 335 69 72 68 52 1546
leaf_count=47 66 52 77 42 92 89 328 1130 135 3127 71 150 63 95 43 101 3982 42 285 58 48 73 56 191 335 69 72 68 52 1546
internal_value=-0.00052042 0.00994898 0.0203846 -0.000685982 -0.0140741 -0.000538468 0.00249004 0.000297114 -0.000962612 0.000956739 -0.00193088 -0.00992462 -0.00420712 -0.0157233 -0.00145926 0.0109827 -0.00178626 -0.0160448 0.000403342 -0.00741279 -0.0263736 -0.00148953 -0.00599782 0.0046371 -0.00992537 -0.00179104 0.0151408 -0.0141753 -0.00330579 -0.000741545
internal_weight=12585 195 129 12390 134 12256 1505 1177 10751 3605 7146 397 308 158 6749 172 6577 133 3470 343 90 6444 916 247 669 334 141 193 120 5528
internal_count=12585 195 129 12390 134 12256 1505 1177 10751 3605 7146 397 308 158 6749 172 6577 133 3470 343 90 6444 916 247 669 334 141 193 120 5528
is_linear=0
shrinkage=0.05


Tree=145
num_leaves=31
num_cat=0
split_feature=0 1 7 7 7 9 0 1 2 2 0 2 5 2 7 2 2 0 9 8 8 8 2 8 5 9 4 7 7 1
split_gain=12.3989 14.4169 9.90914 9.66426 18.5356 13.696 21.283 15.7036 13.3312 13.0352 12.5515 11.6982 11.3836 9.40771 19.7997 13.448 11.4415 11.0032 9.65711 8.9789 19.3081 18.4806 9.88979 12.7103 16.0077 12.224 11.7596 11.0517 18.5545 12.4163
threshold=12.972549019607845 81.303921568627473 -0.39036798905311365 0.99351232050787985 0.96851839807117801 13793.843124999994 17.481372549019614 35.872549019607852 991.35196078431386 993.45196078431388 18.514705882352946 991.63529411764728 0.71503381463111937 991.58137254901965 0.27074174196563189 993.27745098039225 998.02058823529421 9.5137254901960802 5691.125 0.99971796171254768 0.99865940500831329 0.99731940924863693 996.50686274509815 0.97650658860526895 0.056951373111866731 12057.643624999999 5.5000000000000009 -0.65234524191686594 -0.48314718476766422 74.186274509803937
decision_type=2 2 2 2 2 2 2 2 2 2 2 2 2 2 2 2 2 2 2 2 2 2 2 2 2 2 2 2 2 2
left_child=1 13 -3 4 19 6 11 -8 -7 12 -11 -6 -5 14 -1 -15 -17 -18 -16 20 21 22 23 -2 25 -25 27 29 -29 -24
right_child=3 2 -4 9 5 8 7 -9 -10 10 -12 -13 -14 15 18 16 17 -19 -20 -21 -22 -23 26 24 -26 -27 -28 28 -30 -31
leaf_value=-0.0015633202375782624 1.4091070252950089e-05 -0.00026655851512167732 -0.0011036049347162957 -0.00080047045251396831 0.00062023947010896171 -0.0049924793123063086 0.00077960310353842883 0.0047521810714900858 0.00018784715619888926 0.0011978839748818708 -0.00082755287241500781 -0.0010007737966385101 0.00026355620254414625 0.00052365091640257727 -0.00082293901640664998 -0.00023926411113808917 -0.00013337100395430514 0.0001655743882840774 0.00057827149097830911 -0.0021539155271425416 0.0016912459381885903 -0.0061560381737120837 0.00037308243942573013 0.0005555082662474204 -9.4570932954596293e-05 0.0034877071580954573 0.00038821287596437631 -0.00085120955147082117 -0.00017550928311440493 -0.00049577552117151811
leaf_weight=52 7525 63 53 243 40 40 96 183 175 45 79 55 71 86 66 367 125 198 48 57 92 57 416 64 133 59 382 174 1452 115
leaf_count=52 7525 63 53 243 40 40 96 183 175 45 79 55 71 86 66 367 125 198 48 57 92 57 416 64 133 59 382 174 1452 115
internal_value=-0.000487631 -0.00566572 -0.0222222 -1.29825e-05 0.000274379 0.00889831 0.0146667 0.0216071 -0.00115741 -0.00728929 0.0064 -0.00572917 -0.0126984 -0.00360551 -0.0143713 -0.001287 -0.00361795 0.00324074 -0.0026087 -0.000208986 -0.000100287 -0.000303527 -0.000145335 0.000738885 0.0116732 0.0245968 -0.00285433 -0.00428638 -0.00633067 0.00197368
internal_weight=12611 1058 116 11553 11115 589 374 279 215 438 124 95 314 942 166 776 690 323 114 10526 10469 10377 10320 7781 256 123 2539 2157 1626 531
internal_count=12611 1058 116 11553 11115 589 374 279 215 438 124 95 314 942 166 776 690 323 114 10526 10469 10377 10320 7781 256 123 2539 2157 1626 531
is_linear=0
shrinkage=0.05


Tree=146
num_leaves=31
num_cat=0
split_feature=3 8 9 0 6 3 7 7 6 1 7 8 0 9 2 1 1 6 9 9 9 3 0 8 9 3 2 0 9 7
split_gain=10.9232 9.74778 10.8588 9.70781 8.68999 7.97021 17.818 16.1404 15.0984 12.7379 13.1619 12.6102 11.8236 15.0367 11.6504 11.0023 10.4117 17.7887 14.2757 19.2358 15.4466 11.3291 17.0758 13.1242 10.0278 17.5863 9.88059 14.9087 10.2787 9.87706
threshold=1.5000000000000002 -0.30982845708428081 9306.025625000002 10.880392156862746 -0.031174269516803289 17.500000000000004 -0.97509344079810367 -0.96688789938088693 -0.79904327102181261 46.323529411764717 -0.75015329512557194 0.1147873601445511 25.508823529411771 5285.7776249999997 986.53627450980412 59.833333333333336 96.303921568627473 0.3484035575467645 12134.6975 13793.843124999994 14691.241 11.500000000000002 12.972549019607845 -0.95244002147885598 12134.6975 15.500000000000002 987.4205882352943 32.254901960784316 7118.0913750000027 -0.23432901867687267
decision_type=2 2 2 2 2 2 2 2 2 2 2 2 2 2 2 2 2 2 2 2 2 2 2 2 2 2 2 2 2 2
left_child=1 2 -1 -2 -4 6 26 -8 12 -10 11 -11 13 15 -13 -7 21 -18 -19 -20 -21 23 -23 29 -24 -26 27 -5 -28 -9
right_child=3 -3 4 5 -6 8 7 16 9 10 -12 14 -14 -15 -16 -17 17 18 19 20 -22 22 24 -25 25 -27 28 -29 -30 -31
leaf_value=0.00016780118158220281 -0.00016381837496261994 2.3600603672586234e-05 0.0018230674199628178 0.00051659578659158658 0.00065104160018432953 0.0018844180522739756 0.0014220420750917341 -0.0021254173840084991 0.00070393339548834315 0.00124396882103901 -6.7907436826353259e-05 0.00054570419539846655 0.00074807635821136928 -0.0014029692009430259 -0.0004254274227317362 -0.00094479548457737238 0.0016184911125879387 -0.00090829909654251975 0.0016146810491246889 -0.001967362336083381 0.001218315477189244 -0.00065539392308808925 -5.0845420787321022e-05 5.2556293259450187e-05 -0.00076584964804733496 0.00019497906654920296 -2.9245516986825537e-05 -0.00014299929207255426 -0.001055088793333267 -0.0001908325468831046
leaf_weight=226 406 598 55 91 177 64 81 54 683 241 1518 54 73 270 128 40 85 49 86 52 42 109 1935 3950 476 225 104 47 243 472
leaf_count=226 406 598 55 91 177 64 81 54 683 241 1518 54 73 270 128 40 85 49 86 52 42 109 1935 3950 476 225 104 47 243 472
internal_value=-0.000324495 0.00454115 0.0100218 -0.000768633 0.0175966 -0.000492258 -0.00131449 -0.000722069 0.00167643 0.00312381 0.00105561 0.00884434 -0.00680804 -0.0104 -0.0010929 0.00571429 -0.000962049 0.00793651 0.000652174 0.00718232 -0.00842105 -0.00135004 -0.00387837 0.000201027 -0.00307167 -0.00819088 -0.0105967 0.000719424 -0.0150862 -0.00721063
internal_weight=12634 1056 458 11578 232 11172 8101 7616 3071 2624 1941 423 447 374 182 104 7535 314 229 180 94 7221 2745 4476 2636 701 485 138 347 526
internal_count=12634 1056 458 11578 232 11172 8101 7616 3071 2624 1941 423 447 374 182 104 7535 314 229 180 94 7221 2745 4476 2636 701 485 138 347 526
is_linear=0
shrinkage=0.05


Tree=147
num_leaves=31
num_cat=0
split_feature=0 7 1 2 5 5 7 2 5 7 2 3 3 9 2 1 7 9 4 9 9 4 9 3 1 5 1 2 7 7
split_gain=11.3858 20.2211 16.808 18.6328 17.9731 23.7806 14.3264 11.0097 7.83444 26.6304 16.0845 14.0403 27.4041 12.6479 11.8341 18.6015 15.6307 15.1455 14.4888 34.6564 20.4499 26.6583 25.5695 22.848 20.4351 25.1645 22.3874 18.0617 18.9364 17.788
threshold=15.037254901960786 -0.99275346941927067 90.382352941176478 984.76960784313735 -0.97876850416056738 -0.92923668111203805 -0.9470547246821871 996.50686274509815 0.9916835347852474 1.0000000180025095e-35 991.12352941176471 9.5000000000000018 16.500000000000004 9569.9143750000021 990.96372549019611 86.715686274509821 -0.93545056548590078 10842.376874999996 1.5000000000000002 9170.8544999999995 10045.650000000001 2.5000000000000004 5970.7126874999976 9.5000000000000018 74.186274509803937 -0.88622299073327826 39.14705882352942 988.31862745098044 -0.83377653105606597 -0.79384350655589164
decision_type=2 2 2 2 2 2 2 2 2 2 2 2 2 2 2 2 2 2 2 2 2 2 2 2 2 2 2 2 2 2
left_child=1 -1 3 -3 -5 -6 7 -7 14 10 -10 -11 -13 -12 18 16 17 -16 19 24 21 22 23 -20 25 -2 -27 28 -22 -30
right_child=8 2 -4 4 5 6 -8 -9 9 11 13 12 -14 -15 15 -17 -18 -19 20 -21 27 -23 -24 -25 -26 26 -28 -29 29 -31
leaf_value=0.00080194391679208686 -0.0021824096865805166 -0.00096063527128224531 -0.0010072547274724273 -0.00070229666674627227 0.0021163544108460139 -0.0019948843200846694 -4.0132496918722162e-05 -7.9047623577091497e-05 0.0044838312328425532 -0.0010150784764802079 -0.0015624957522617556 0.00062049713193772921 -0.0015329702670629553 0.00062183651241797954 -0.00018642312936459349 0.00060197783255627616 0.00011528968431598064 -0.0016695810415999935 -0.00092031234624926359 0.00067492077215327575 0.00058067062219621104 0.00021697075039766868 -0.0020602324141257402 0.0038355226576040295 -0.00033003737841467154 -0.0010801276479676743 0.0013710360638149899 -0.00086806695744726103 -0.0028101679059347739 -0.00020132195267394404
leaf_weight=52 42 44 100 128 51 43 1478 52 62 125 55 92 97 122 368 787 4339 117 47 729 238 1240 220 87 231 68 153 361 58 1010
leaf_count=52 42 44 100 128 51 43 1478 52 62 125 55 92 97 122 368 787 4339 117 47 729 238 1240 220 87 231 68 153 361 58 1010
internal_value=-0.000539811 -0.00405336 -0.00490248 -0.00378408 -0.00296634 -0.00153846 -0.00263659 -0.0213542 0.000103296 -0.00568592 0.006875 -0.0152381 -0.00657895 -0.000842697 0.000420959 0.00195118 0.000787565 -0.00771605 -0.00149387 0.00314542 -0.00323421 0.000815047 -0.0112676 0.00592593 -0.00707071 0.00246212 0.00923423 -0.00710432 -0.00436113 -0.00720299
internal_weight=12596 1948 1896 1796 1752 1624 1573 95 10648 553 239 314 189 177 10095 5611 4824 485 4484 1223 3261 1594 354 134 494 263 221 1667 1306 1068
internal_count=12596 1948 1896 1796 1752 1624 1573 95 10648 553 239 314 189 177 10095 5611 4824 485 4484 1223 3261 1594 354 134 494 263 221 1667 1306 1068
is_linear=0
shrinkage=0.05


Tree=148
num_leaves=31
num_cat=0
split_feature=7 7 2 0 4 7 7 7 1 7 4 1 7 6 6 2 0 5 0 3 4 2 7 7 4 6 0 7 1 5
split_gain=11.7653 11.2986 12.3838 19.1718 22.4806 11.8881 13.2867 11.4473 9.92299 9.36156 31.0198 8.4873 8.32239 18.3919 17.3068 15.2187 14.6354 10.8422 11.528 12.1202 9.62197 9.35829 18.8751 22.5844 19.7523 19.3774 18.1136 25.3951 17.846 17.3582
threshold=0.99983759474438971 0.99351232050787985 984.96470588235309 17.72058823529412 2.5000000000000004 0.98901264295277169 0.98702314536340274 0.9993614236720848 78.147058823529434 0.98091558679606194 3.5000000000000004 81.813725490196092 0.88119114410046628 0.8511460603353429 0.57605713708605399 997.57156862745103 29.144117647058827 0.83376496542330847 27.218627450980396 21.500000000000004 3.5000000000000004 988.62647058823541 -0.83377653105606597 -0.80418297442179409 5.5000000000000009 0.84658398682345093 43.150980392156875 0.11478755917771409 96.460784313725512 0.98667101781630195
decision_type=2 2 2 2 2 2 2 2 2 2 2 2 2 2 2 2 2 2 2 2 2 2 2 2 2 2 2 2 2 2
left_child=1 5 -3 4 -4 6 9 8 -5 12 -11 -7 21 14 15 17 -16 18 19 -14 -18 22 24 -24 25 -1 29 -28 -23 -25
right_child=-2 2 3 7 -6 11 -8 -9 -10 10 -12 -13 13 -15 16 -17 20 -19 -20 -21 -22 28 23 26 -26 -27 27 -29 -30 -31
leaf_value=-8.916659171215591e-05 0.0015827803470337437 0.00046528955680432695 -0.00054055702562232771 -0.0002127390537049162 0.0008367707659899887 7.5644310765246586e-06 -0.0021621135537687494 -0.0026454830537579522 -0.0015769527123026678 0.0040949307352699475 -0.0017610235378551801 0.0014785783923243522 -0.00040257192559502305 -0.0019237696194717214 0.00049185320684170739 -0.0020333509547625613 0.00038561714397451486 0.0019104043126372261 -0.00063050188833285172 0.001221418458123763 -0.0020271510020226312 1.8517312875292181e-05 -0.002365280312162263 -0.00027336993962135683 0.0015169123167107724 0.0051612430399154254 -8.205978192865615e-05 0.00063948199003364687 0.0012795695149418287 0.0022146749252771659
leaf_weight=392 70 69 88 102 69 66 77 54 53 96 54 85 569 41 298 94 67 45 82 54 73 7441 82 2010 92 43 81 114 120 43
leaf_count=392 70 69 88 102 69 66 77 54 53 96 54 85 569 41 298 94 67 45 82 54 73 7441 82 2010 92 43 81 114 120 43
internal_value=-0.000578218 -0.000692951 -0.00860092 -0.0122616 0.000949367 -0.000408416 -0.000584844 -0.0221429 -0.0150641 -0.000449882 0.0119205 0.0134868 -0.000608925 -0.0043429 -0.00327358 -0.00745562 0.0047836 -0.00505992 -0.0065864 -0.00424679 -0.00851064 -0.00013437 -0.00257173 -0.0045045 0.00596591 0.00149083 -0.00355714 0.0109694 0.000786829 -0.00494158
internal_weight=12624 12554 435 366 157 12119 11968 209 155 11891 150 151 11741 1323 1282 844 438 750 705 623 140 10418 2857 2330 527 435 2248 195 7561 2053
internal_count=12624 12554 435 366 157 12119 11968 209 155 11891 150 151 11741 1323 1282 844 438 750 705 623 140 10418 2857 2330 527 435 2248 195 7561 2053
is_linear=0
shrinkage=0.05


Tree=149
num_leaves=31
num_cat=0
split_feature=8 5 7 6 9 5 2 9 6 9 3 4 6 4 3 3 2 2 2 5 9 5 5 8 8 8 4 9 5 5
split_gain=6.23391 22.899 11.4371 25.6506 23.2617 29.3371 22.2 12.0419 21.7785 10.0199 11.5535 9.09758 12.4086 20.9393 15.1838 33.8606 14.5887 11.4069 7.89039 11.7419 14.4837 13.8458 12.7879 21.9762 13.796 24.1889 22.9127 17.3673 11.9916 20.6085
threshold=-0.93543596745397617 -0.97509794945709805 1.0000000180025095e-35 0.11478523713130605 9189.8500000000004 -0.99630266176052629 988.53235294117655 11061.174437499998 0.1318557721318592 8597.364375000001 16.500000000000004 1.0000000180025095e-35 -0.091258822863740666 5.5000000000000009 16.500000000000004 9.5000000000000018 993.90294117647068 996.05588235294135 990.96372549019611 -0.92274349529687905 7156.0436875000014 -0.95754239937548935 -0.74441730022405961 -0.24372464231556024 -0.57606379612791392 -0.54760613975548533 4.5000000000000009 5569.7282499999992 -0.63921128368950708 -0.59869031648930193
decision_type=2 2 2 2 2 2 2 2 2 2 2 2 2 2 2 2 2 2 2 2 2 2 2 2 2 2 2 2 2 2
left_child=2 9 3 4 -1 -6 -7 8 11 -2 -11 -4 17 14 15 16 -14 -13 19 20 -3 -22 23 24 26 -26 27 -21 -24 -30
right_child=1 18 7 -5 5 6 -8 -9 -10 10 -12 12 13 -15 -16 -17 -18 -19 -20 22 21 -23 28 -25 25 -27 -28 -29 29 -31
leaf_value=0.0012482435813315346 0.0038671957692729799 2.9618693532307284e-05 -0.0018639955975405854 -0.0016088914712807656 -0.0027429625426895646 0.0028067600980582474 -1.9359973974227701e-05 -0.0010964218363657102 0.0014520744003639384 -2.7979015605243684e-05 0.0026213314218259537 -2.8504315913868707e-05 -6.4805329941663997e-05 0.0013937637298223782 -0.0014310302569119028 0.00035413235194129496 -0.0012559423960956024 0.0030907399613825659 6.2304957258453594e-05 0.00078729431508985093 0.00062701615183604622 -0.0029563820618292852 -0.00062797819317977205 0.0023943939163651342 -0.0014907352465021841 5.2666136401038902e-05 -0.00085644806726416505 0.0031075583926683196 0.003533629264223623 -8.0295811990990101e-05
leaf_weight=214 63 139 98 143 55 52 328 55 72 96 40 102 53 77 103 102 93 40 6444 54 40 128 286 125 57 378 68 61 78 2956
leaf_count=214 63 139 98 143 55 52 328 55 72 96 40 102 53 77 103 102 93 40 6444 54 40 128 286 125 57 378 68 61 78 2956
internal_value=6.3487e-05 0.000485745 -0.00286524 0.00138714 0.00561538 -0.00103211 0.00393701 -0.00709799 -0.00539811 0.01725 0.00948905 -0.00822123 -0.00577933 -0.0100233 -0.0151989 -0.00843373 -0.0238095 0.00699301 0.000175682 -0.0014642 -0.0108766 -0.0207101 -0.000750492 0.00517473 0.00129241 -0.00355505 0.0127717 0.0262931 -0.00207769 -0.00115321
internal_weight=12600 11013 1587 792 649 435 380 795 740 199 136 668 570 428 351 248 146 142 10814 4370 307 168 4063 743 618 435 183 115 3320 3034
internal_count=12600 11013 1587 792 649 435 380 795 740 199 136 668 570 428 351 248 146 142 10814 4370 307 168 4063 743 618 435 183 115 3320 3034
is_linear=0
shrinkage=0.05


Tree=150
num_leaves=31
num_cat=0
split_feature=0 1 7 3 7 1 7 9 0 7 7 2 7 3 7 1 6 2 2 0 6 7 2 3 3 7 7 0 6 6
split_gain=12.13 22.4887 12.3548 11.4371 11.1454 8.59463 7.74971 10.5459 9.35366 15.3338 13.1066 10.4755 7.21195 16.0676 17.9519 14.3085 9.64513 7.80215 8.38813 8.49663 7.81273 7.03027 6.77635 6.58685 17.1368 11.7527 6.38739 17.519 16.8694 15.29
threshold=15.138235294117649 74.186274509803937 -0.998663445439673 16.500000000000004 -0.99275346941927067 67.107843137254918 -0.69057042736241547 7637.4085625000007 10.168627450980393 -0.42860892273876966 -0.049435780479547518 995.93431372549026 0.63423707282422626 4.5000000000000009 0.28313881758084386 31.147058823529417 -0.8739740505118182 996.68921568627457 994.70686274509819 13.990196078431374 -0.60555643346685839 0.5331367478917558 991.04313725490204 17.500000000000004 11.500000000000002 -0.86114227455745762 0.67008845381070758 37.89019607843138 0.71353761266622884 0.83258597624099873
decision_type=2 2 2 2 2 2 2 2 2 2 2 2 2 2 2 2 2 2 2 2 2 2 2 2 2 2 2 2 2 2
left_child=1 4 3 5 -1 -2 7 -6 10 11 -8 -10 13 -11 -15 -16 -14 18 19 20 22 -12 -18 24 25 -9 -4 29 -29 -28
right_child=2 -3 26 -5 6 -7 8 23 9 12 21 -13 16 14 15 -17 17 -19 -20 -21 -22 -23 -24 -25 -26 -27 27 28 -30 -31
leaf_value=0.00063808051670492046 -0.0019306251746212533 -0.00049243348130220688 7.0873053810149855e-05 0.00027707099845444074 -0.00094347973552235331 -0.00068619349676932737 -0.0007502480236226323 0.00065861124605555996 0.0018669264557444123 0.00022110286803708886 0.00037918828925965695 0.00023094283715671405 0.00089599791665242047 7.2085309688052495e-08 -0.00020626901769053851 -0.0011162536635929039 7.0210269179236959e-05 0.00026770577774018202 -0.00094369926874187868 -0.0005479249605769732 -9.266053816040995e-05 -0.00048343326378956779 0.0011247657848448861 0.00052020362790840822 -0.00059044077057210939 -0.00048075044738254692 -3.2218827761093531e-05 -9.4608778272098351e-05 0.00096143627992924534 -0.00051508551013565993
leaf_weight=46 48 493 7343 40 64 40 47 78 41 93 63 82 60 176 53 74 48 81 61 74 74 63 48 55 69 59 2505 52 122 385
leaf_count=46 48 493 7343 40 64 40 47 78 41 93 63 82 60 176 53 74 48 81 61 74 74 63 48 55 69 59 2505 52 122 385
internal_value=-2.79151e-05 -0.00359461 0.000650152 -0.0147287 -0.000562914 -0.0247191 -0.00133197 -0.00812883 0.000614574 0.00253623 -0.0100575 0.0189516 0.000118624 -0.00478589 -0.0103618 -0.0246094 0.00447427 0.00155039 -0.00212418 0.00204082 0.00818713 -0.0015748 0.0175258 -0.00362595 -0.00772947 0.00253623 0.000840699 -0.00107667 0.0142857 -0.00200623
internal_weight=12537 2002 10535 128 1509 88 1463 325 1138 965 173 123 842 396 303 127 446 386 305 244 170 126 96 261 206 137 10407 3064 174 2890
internal_count=12537 2002 10535 128 1509 88 1463 325 1138 965 173 123 842 396 303 127 446 386 305 244 170 126 96 261 206 137 10407 3064 174 2890
is_linear=0
shrinkage=0.05


Tree=151
num_leaves=31
num_cat=0
split_feature=0 5 2 5 5 5 2 5 9 5 6 2 6 6 5 7 9 9 1 2 2 5 7 2 9 9 2 0 5 0
split_gain=8.59428 8.14172 17.646 10.9522 13.1937 16.687 12.5069 10.0179 8.97336 19.0916 18.3361 20.3125 18.3001 19.1434 17.6191 15.1007 14.014 17.0189 13.5947 14.3636 15.1489 16.2008 15.771 13.5296 11.9759 22.7275 13.2241 19.2361 13.0824 15.9862
threshold=10.636274509803924 0.99966190462023474 994.07941176470592 0.99865421017599998 0.99374995976406788 0.9893236546938301 991.35196078431386 0.9916835347852474 10428.337125000004 0.98372640911059162 0.16587474750015932 979.65196078431393 0.11478523713130605 0.080547328232315238 0.9550229469509578 -0.998663445439673 10523.2573125 10641.3835 94.794117647058826 980.43627450980409 987.5029411764707 -0.93545489084327571 0.95239763423914636 981.9205882352943 7300.5538750000014 8454.6499999999996 1002.1666666666667 31.875490196078434 -0.46801505794253101 29.659803921568628
decision_type=2 2 2 2 2 2 2 2 2 2 2 2 2 2 2 2 2 2 2 2 2 2 2 2 2 2 2 2 2 2
left_child=-1 3 -3 4 5 8 -6 -7 10 16 12 -12 13 15 24 -2 -10 -18 19 -17 21 -21 -23 -14 26 -26 27 -13 29 -27
right_child=1 2 -4 -5 6 7 -8 -9 9 -11 11 14 23 -15 -16 18 17 -19 -20 20 -22 22 -24 -25 25 28 -28 -29 -30 -31
leaf_value=-0.00017567369375575057 -0.0016633875897255632 0.00075027913363806542 -0.00096749396881602029 0.0032744918547173208 0.00081666111712975012 0.001341832721693696 -0.00072375256859216752 0.00026536193159652083 -0.0023583253368644284 -0.0013553714550697705 -0.00020770071347676056 0.0030326342817963317 -0.00020611072923301112 0.0006593961082774491 0.0034441654773077926 0.00059080994841645982 0.00076035409643050028 -5.6853005158066797e-05 0.0013416163758400797 -0.0018133974596037051 2.5418984383862587e-05 -7.9559852062574551e-05 -0.00088308141081427656 -0.0015256765203203516 -0.00036364689321262829 0.00050373930064437908 -0.0010693587502478424 -5.8187991759239833e-05 -0.00010308902975222357 0.0031140777983644785
leaf_weight=385 58 41 76 111 42 66 232 70 82 77 206 149 76 79 141 69 74 4350 96 104 4195 518 40 63 169 646 44 53 258 77
leaf_count=385 58 41 76 111 42 66 232 70 82 77 206 149 76 79 141 69 74 4350 96 104 4195 518 40 63 169 646 44 53 258 77
internal_value=-0.00029649 -6.52369e-05 -0.0131356 6.17487e-05 -8.3091e-05 0.000170054 -0.0109091 0.0175182 -3.44086e-05 -0.00175611 0.00108634 0.00553326 -0.00037743 0.000106589 0.00750975 -0.000275536 -0.00133126 -0.000949153 1.99084e-05 -0.000345038 -0.000669 -0.00769231 -0.00429338 -0.0182143 0.00579814 0.003649 0.0157895 0.0211823 0.00656823 0.0100138
internal_weight=12647 12262 117 12145 12034 11760 274 136 11624 4583 7041 1743 5298 5159 1537 5080 4506 4424 5022 4926 4857 662 558 139 1396 1150 246 202 981 723
internal_count=12647 12262 117 12145 12034 11760 274 136 11624 4583 7041 1743 5298 5159 1537 5080 4506 4424 5022 4926 4857 662 558 139 1396 1150 246 202 981 723
is_linear=0
shrinkage=0.05


Tree=152
num_leaves=31
num_cat=0
split_feature=0 1 1 1 6 8 2 6 8 7 7 3 8 1 7 1 2 3 5 7 7 6 7 5 2 5 7 3 2 5
split_gain=12.1611 13.0682 9.87912 7.92021 7.75381 12.0286 25.2542 8.69399 8.41461 7.00978 14.0067 12.1879 12.6621 9.7912 12.8563 13.1537 12.8984 7.80838 7.61988 7.1124 16.663 28.5678 15.7268 15.567 15.4803 17.4139 16.1573 27.3977 17.0828 10.4381
threshold=12.697058823529414 14.725490196078432 84.87254901960786 9.6176470588235308 0.99981043035926087 0.99530134160901229 991.81666666666672 -0.99700296666818056 0.99731940924863693 -0.97509344079810367 -0.96688789938088693 16.500000000000004 0.1147873601445511 55.2843137254902 -0.99275346941927067 74.833333333333357 987.74215686274522 8.5000000000000018 -0.70291267844185523 -0.9470547246821871 -0.83377653105606597 0.86439018870140905 -0.80418297442179409 0.46800856592688472 985.63333333333344 0.84313847884979054 -0.90893575921103265 8.5000000000000018 997.91764705882372 0.59868201182722736
decision_type=2 2 2 2 2 2 2 2 2 2 2 2 2 2 2 2 2 2 2 2 2 2 2 2 2 2 2 2 2 2
left_child=1 3 -3 -1 5 7 -7 -2 -8 11 17 13 -13 -9 15 -15 -16 -11 -17 29 21 24 23 -22 -21 26 28 -28 -26 -12
right_child=4 2 -4 -5 -6 6 8 9 -10 10 19 12 -14 14 16 18 -18 -19 -20 20 22 -23 -24 -25 25 -27 27 -29 -30 -31
leaf_value=-0.00014658006761079717 0.0014265656051949739 -0.00016820096227883192 -0.00094114548367405242 0.0002338011927647439 0.00093877253705347834 -0.0056388209306524302 -0.00055393734496154425 -0.0016759531895854413 0.00073013434030334975 0.0029046260361899057 -0.00037466376029969832 0.0013974881686008884 -0.00039136087965284118 0.0014144766384898062 -2.6308371585576087e-05 -0.00059596205964767765 -0.0010658972349334038 0.00027833934392236108 0.00045590821938423093 0.001158220899924048 -0.0018435588527035585 0.003385825689017072 6.8101768895892367e-06 0.00016591296297377989 4.6041274588132236e-05 0.0014931029402888265 -0.002161106754538514 0.00020070684802760559 0.0024082202855396171 0.00032547444737561216
leaf_weight=44 59 755 74 71 67 56 59 120 70 45 159 132 58 51 94 58 90 70 58 43 113 76 9430 57 260 104 89 154 43 57
leaf_count=44 59 755 74 71 67 56 59 120 70 45 159 132 58 51 94 58 90 70 58 43 113 76 9430 57 260 104 89 154 43 57
internal_value=-0.000364587 -0.00582011 -0.00801205 0.00991379 7.7101e-05 -2.15406e-05 -0.0126344 0.000183872 -0.000384615 8.3612e-05 0.000392487 -0.00490937 0.00575916 -0.0092161 -0.00497159 0.00505952 -0.0140541 0.0176724 -0.0042735 0.000203098 0.00039055 0.00746753 -0.000177065 -0.0152047 0.00425072 0.00230415 -0.00127971 -0.0108607 0.00641447 -0.00875576
internal_weight=12616 944 829 115 11672 11605 185 11420 129 11361 10700 661 190 471 351 167 184 115 116 10585 10369 769 9600 170 693 650 546 243 303 216
internal_count=12616 944 829 115 11672 11605 185 11420 129 11361 10700 661 190 471 351 167 184 115 116 10585 10369 769 9600 170 693 650 546 243 303 216
is_linear=0
shrinkage=0.05


Tree=153
num_leaves=31
num_cat=0
split_feature=7 2 7 4 6 9 9 7 7 9 5 6 2 4 5 9 8 2 6 5 9 2 4 2 2 7 3 4 3 2
split_gain=11.1165 9.11527 8.31669 13.8181 13.7943 12.5538 26.0206 10.9015 18.4093 11.0245 28.5093 10.1659 19.0135 22.2296 16.9187 17.3758 10.0518 9.46449 8.82463 13.7087 12.7562 14.9923 12.1305 14.5341 14.1522 15.7893 13.1586 23.2879 19.8226 19.0271
threshold=0.99994162507853945 1002.1666666666667 0.87501852446360251 1.0000000180025095e-35 -0.81925291736142503 14580.972874999998 5937.5147500000012 0.79380680106549595 0.77923869640500354 15048.991749999999 -0.13398594226331254 0.8852232634113919 985.47549019607857 2.5000000000000004 -0.88622299073327826 5339.8963750000021 -0.5074255885747686 993.69313725490213 0.97263757644091875 0.17646842360078763 12007.490437500001 998.21078431372564 4.5000000000000009 994.70686274509819 980.43627450980409 0.57957876984334955 9.5000000000000018 1.0000000180025095e-35 14.500000000000002 990.87941176470611
decision_type=2 2 2 2 2 2 2 2 2 2 2 2 2 2 2 2 2 2 2 2 2 2 2 2 2 2 2 2 2 2
left_child=1 2 7 5 17 6 -4 8 9 18 -11 12 -9 14 -14 -16 -17 -5 20 -20 -1 22 23 26 -24 -26 27 -22 29 -28
right_child=-2 -3 3 4 -6 -7 -8 11 -10 10 -12 -13 13 -15 15 16 -18 -19 19 -21 21 -23 24 -25 25 -27 28 -29 -30 -31
leaf_value=5.9888567111762715e-05 0.0037869100864611569 -0.00018094205055496084 -0.00021698447798255694 -0.00043517527398734268 -0.00011206052277791049 -0.00037050989296039398 0.0016482692755382612 -0.00078826472707540509 -0.0014799180012305042 -1.6673528604947697e-05 -0.0036246403349328052 0.0013210231651734406 -0.0011627357045171872 0.0018058926364392187 0.0025270060948571677 0.00014132272032018611 -0.0013556942411916185 -0.0032368639171332344 0.00013849738668428037 0.0028912151251095173 -0.00051900458919947468 0.00096843582694890607 0.00057851221959012993 -0.0013281235415500388 -0.00019389435168808979 -0.0010929421134823348 -0.002958743859841208 0.00099632703472501971 0.00019736969944019747 0.00015291220253736728
leaf_weight=6870 42 567 113 95 1704 60 141 76 112 201 53 81 58 179 73 121 52 65 649 74 64 63 44 143 205 108 88 217 251 42
leaf_count=6870 42 567 113 95 1704 60 141 76 112 201 53 81 58 179 73 121 52 65 649 74 64 63 44 143 205 108 88 217 251 42
internal_value=0.000202188 0.000115354 0.000408231 -0.00238642 -0.00402145 0.00730159 0.0121569 0.00102799 0.000587915 0.00083765 -0.00941176 0.00733229 0.00491071 0.00857438 0.000327869 0.00607287 -0.00258621 -0.0180124 0.00113392 0.00642265 0.00066082 -0.00403752 -0.00533104 -0.00192308 -0.0129888 -0.0167197 0.00120664 0.00939716 -0.00484293 -0.0206107
internal_weight=12611 12569 12002 2178 1864 314 254 9824 9184 9072 254 640 559 483 304 246 173 160 8818 723 8095 1225 1162 805 357 313 662 281 381 130
internal_count=12611 12569 12002 2178 1864 314 254 9824 9184 9072 254 640 559 483 304 246 173 160 8818 723 8095 1225 1162 805 357 313 662 281 381 130
is_linear=0
shrinkage=0.05


Tree=154
num_leaves=31
num_cat=0
split_feature=3 0 3 8 9 9 7 7 0 3 3 7 5 3 0 7 7 9 6 0 5 5 8 8 4 5 8 8 6 6
split_gain=9.10695 12.2443 15.5383 16.2402 14.6926 12.9847 12.5148 19.7372 12.0699 13.0457 11.8438 10.3778 9.96964 12.9129 9.42191 9.21611 11.4031 9.03911 9.77916 9.30346 8.7948 12.3138 8.75813 14.6987 12.5801 9.55929 8.74356 9.20375 27.8895 22.354
threshold=20.500000000000004 29.990196078431378 11.500000000000002 0.99865940500831329 7028.4232500000007 14840.974999999997 0.83966414931270739 0.80033572242307993 13.767647058823533 17.500000000000004 8.5000000000000018 0.99196248624718542 -0.62588817255938378 15.500000000000002 11.905882352941179 0.90623151893102627 0.57957876984334955 10641.3835 0.60383265664488517 37.432352941176475 0.76140650896573503 0.58481550752069722 -0.99763124042248752 -0.97507822412530132 4.5000000000000009 0.9893236546938301 0.99953765813430351 0.6490740716826261 0.87709077819680659 0.86004965528756494
decision_type=2 2 2 2 2 2 2 2 2 2 2 2 2 2 2 2 2 2 2 2 2 2 2 2 2 2 2 2 2 2
left_child=1 2 26 8 10 6 7 -6 9 15 -3 20 13 -12 -11 16 -4 18 -2 -19 21 -8 -10 24 -24 -25 27 28 29 -1
right_child=17 4 3 -5 5 -7 11 -9 22 14 12 -13 -14 -15 -16 -17 -18 19 -20 -21 -22 -23 23 25 -26 -27 -28 -29 -30 -31
leaf_value=-2.4707655801785996e-05 0.00037943405368285336 -0.00027656021707566091 -0.00043019507705156367 0.0010552371319841741 0.00022384755166452442 -0.0011879536644635869 -0.00026899089167334859 0.0014481840829781046 -0.0008880169667254815 0.00026099302712452712 0.00012572627462748565 0.00019465994335010617 -0.00031758383930666212 -0.0002069811975257796 -0.00051958334734391535 -0.0014315388521884986 0.00014603829231464168 2.9006338921351572e-05 0.00097407652575867698 -0.00054120587576197976 0.00020049303104039407 -0.0051612461270995284 1.8667431346383602e-05 -0.00026760789710272848 0.0018813524769810297 0.00068577656270501922 -0.0010258478133620707 0.00018991321526327655 -0.0015936098580577674 0.0036899802419723018
leaf_weight=3874 905 57 181 58 1337 107 66 44 85 50 64 105 82 44 60 47 49 560 76 58 92 44 106 3013 71 43 51 1196 86 55
leaf_count=3874 905 57 181 58 1337 107 66 44 85 50 64 105 82 44 60 47 49 560 76 58 92 44 106 3013 71 43 51 1196 86 55
internal_value=-0.00024473 -0.000754427 -0.00154554 -0.00399841 0.00274107 0.00431514 0.0053878 0.00741679 -0.00441176 -0.0127577 -0.00866935 -0.00373377 -0.0026178 0.00733945 0.0018018 -0.0185252 -0.0142857 0.00328125 0.00626273 -0.00145396 -0.0103448 -0.0198198 -0.00343477 -0.00301484 0.0109551 -0.00382728 0.000209006 0.00041251 -0.000734562 -0.000114504
internal_weight=12666 11067 9025 3763 2042 1795 1688 1381 3705 387 247 307 190 108 110 277 230 1599 981 618 202 110 3318 3233 177 3056 5262 5211 4015 3929
internal_count=12666 11067 9025 3763 2042 1795 1688 1381 3705 387 247 307 190 108 110 277 230 1599 981 618 202 110 3318 3233 177 3056 5262 5211 4015 3929
is_linear=0
shrinkage=0.05


Tree=155
num_leaves=31
num_cat=0
split_feature=0 7 7 1 7 3 7 7 3 3 7 6 4 1 1 7 0 3 1 5 5 1 5 5 3 0 8 6 1 7
split_gain=6.62113 21.3933 10.4692 9.33836 9.33486 8.69012 16.2049 21.0676 15.8443 13.6215 10.6399 11.4991 8.60565 10.9236 8.54177 8.77875 8.03883 7.24167 8.38829 6.55417 8.56121 7.07936 6.48982 13.3794 7.84281 8.21318 9.66396 11.2297 10.3685 6.42547
threshold=15.795098039215688 -0.99629805505515945 -0.998663445439673 74.186274509803937 -0.9470547246821871 11.500000000000002 0.89115239534193136 0.63423707282422626 17.500000000000004 16.500000000000004 0.44313197806314492 -0.082691941062253513 1.5000000000000002 48.911764705882355 56.539215686274517 -0.55657263146136127 15.138235294117649 16.500000000000004 56.18627450980393 -0.97113884758256674 -0.52766804058324157 90.382352941176478 -0.8041866928211282 -0.85227431625818906 9.5000000000000018 13.898039215686277 0.097680735332368748 -0.85674049181790024 35.14705882352942 0.99274428880883148
decision_type=2 2 2 2 2 2 2 2 2 2 2 2 2 2 2 2 2 2 2 2 2 2 2 2 2 2 2 2 2 2
left_child=1 -1 17 4 -3 14 7 8 10 -9 11 -7 -10 -14 22 -16 19 18 -2 -5 -21 -22 23 -6 25 26 -24 -28 -29 -4
right_child=2 3 29 16 5 6 -8 9 12 -11 -12 -13 13 -15 15 -17 -18 -19 -20 20 21 -23 24 -25 -26 -27 27 28 -30 -31
leaf_value=0.00059921841564807704 -0.0018382663386675782 -0.00033220014350773927 4.6324532436423095e-05 -0.00090600810270308825 -0.00017853100860032586 0.00037226935798375906 -0.00062019622448413576 0.00053594381382090638 -0.00036654856485477121 -3.2651193036153939e-05 -0.00090567716753018235 -0.00028794677962158541 0.00077204913588131425 -0.00031709262122173111 0.0012639469961174474 0.00010095272348951898 0.00015320284055303016 0.00014927035137553279 -0.00012977737148091585 0.00015938264446968 -0.00019723392002517459 -0.0011568233143742519 0.0010918016501753323 0.0029815059830641758 0.0001825038576243221 -0.00027939227883231471 0.00045102105203943533 -2.8756179843605208e-05 -0.00084513545812445754 -0.00031638268222484723
leaf_weight=53 46 98 9672 64 83 64 104 59 57 51 40 106 87 60 58 222 110 41 40 105 252 58 48 42 94 193 92 92 55 423
leaf_count=53 46 98 9672 64 83 64 104 59 57 51 40 106 87 60 58 222 110 41 40 105 252 58 48 42 94 193 92 92 55 423
internal_value=-1.19332e-05 -0.0024063 0.000538003 -0.00313725 -0.00126026 -0.00034204 -0.00492846 -0.00133333 -0.00650602 0.018018 -0.0161137 -0.0105263 0.00341463 0.0097973 0.00260204 0.00996441 -0.00855932 -0.0136719 -0.0218391 -0.0113542 -0.00901442 -0.0131833 -0.000357143 0.00992063 -0.0026087 -0.00519751 0.000173611 -0.00395833 -0.0125 0.000718106
internal_weight=12569 2347 10222 2294 1705 1607 628 524 414 110 210 170 204 147 979 280 589 127 86 479 415 310 699 125 574 480 287 239 147 10095
internal_count=12569 2347 10222 2294 1705 1607 628 524 414 110 210 170 204 147 979 280 589 127 86 479 415 310 699 125 574 480 287 239 147 10095
is_linear=0
shrinkage=0.05


Tree=156
num_leaves=31
num_cat=0
split_feature=3 3 9 5 9 5 5 5 9 0 0 5 5 5 7 9 6 9 9 6 8 6 8 8 9 6 3 5 2 6
split_gain=8.00659 22.0103 16.4118 14.9489 14.2363 16.5835 17.6339 22.3945 12.4995 16.3487 15.7208 12.1205 15.9851 24.273 10.9667 12.9733 22.7809 12.0909 10.8909 10.7206 10.4879 16.5273 10.4782 11.4391 23.6553 36.0981 45.0605 17.8671 45.557 16.4498
threshold=16.500000000000004 10.500000000000002 11181.991500000002 -0.41398024697495356 5834.9750000000013 -0.48314718476766422 -0.54939360607974019 -0.63255557784149707 15273.324999999999 20.753921568627455 33.377450980392162 -0.58482361983252518 -0.49813634056773481 -0.47558551945199218 -0.9905448150984083 8247.595937500002 -0.42958798411962301 7636.4835625000005 7291.6111250000004 0.66367808336324663 -0.27694043983797384 -0.14250536273956091 0.99953765813430351 0.64415777744009783 13504.861187500001 0.8511460603353429 7.5000000000000009 0.54219432480460406 990.50490196078442 0.2499757677084001
decision_type=2 2 2 2 2 2 2 2 2 2 2 2 2 2 2 2 2 2 2 2 2 2 2 2 2 2 2 2 2 2
left_child=1 11 3 4 -3 6 7 -6 10 -10 -4 -1 -13 -14 17 18 -17 -2 -16 -12 21 -20 23 24 25 26 -15 -26 -29 -28
right_child=14 2 8 -5 5 -7 -8 -9 9 -11 19 12 13 22 15 16 -18 -19 20 -21 -22 -23 -24 -25 27 -27 29 28 -30 -31
leaf_value=0.00023118489162567981 0.0026896905934184951 5.9957250578102086e-05 -0.00075088514299262378 0.00011153027096247049 -0.00023636860568866381 -0.0026163470708067504 0.0021223770231897587 -0.001372751034599424 -0.0002780310165877785 0.0013278679085303793 -0.0055973640405113934 -0.00095185570317961885 0.0040046795402385038 5.7142201203563836e-05 -3.4146562467463062e-05 0.0022921684926322963 0.00013636538973917922 -0.00081316288935864291 0.0014545843849853802 0.00010857776435947432 -0.0014474194160179435 -0.0002708715754644098 -0.00074117506165850833 0.00013360009858382759 0.0010337526230018491 -0.0015513573753445711 -0.0019580185794531358 -0.0026655423110676815 0.00037784419217760522 2.7593230604457122e-05
leaf_weight=1900 81 359 754 928 587 50 60 77 58 52 43 211 51 1113 949 45 2261 48 50 173 166 87 47 1386 68 128 311 67 363 95
leaf_count=1900 81 359 754 928 587 50 60 77 58 52 43 211 51 1113 949 45 2261 48 50 173 166 87 47 1386 68 128 311 67 363 95
internal_value=-0.000453497 -0.00126661 -0.00463081 -0.00201261 -0.0058642 -0.00967742 -0.00772414 -0.0100752 -0.00962072 0.00630631 -0.0114315 0.000574813 -0.0010414 -0.000261708 0.00150488 0.000983422 0.00320763 0.0157692 -0.00311253 0.000460829 -0.0113487 -0.00108696 -0.000754401 -0.000438845 -0.002726 -0.00561286 -0.00345395 0.00681363 0.00301624 -0.0176904
internal_weight=12568 8881 3141 2061 1133 774 724 664 1080 110 970 5740 3840 3629 3687 3558 2306 129 1252 216 303 137 3578 3531 2145 1647 1519 498 430 406
internal_count=12568 8881 3141 2061 1133 774 724 664 1080 110 970 5740 3840 3629 3687 3558 2306 129 1252 216 303 137 3578 3531 2145 1647 1519 498 430 406
is_linear=0
shrinkage=0.05


Tree=157
num_leaves=31
num_cat=0
split_feature=0 7 7 0 2 7 5 0 9 2 7 7 8 9 9 7 1 7 8 7 2 2 8 2 4 5 7 9 0 9
split_gain=11.5326 12.7135 16.3212 18.2515 11.486 10.9971 23.7653 10.9071 10.4117 15.6839 11.1251 18.9602 17.802 22.402 12.8527 21.6957 13.3226 12.8069 18.3102 14.3595 12.0577 10.8192 10.5984 11.8182 10.0583 31.4329 16.1279 10.6067 17.9696 11.7125
threshold=24.652941176470595 0.85784900197110281 0.79380680106549595 41.504901960784323 986.75392156862756 -0.93545056548590078 -0.69057362043749781 30.60588235294118 13693.986749999995 1000.0049019607844 0.72692958206603386 0.34841060557183762 -0.74586550181710298 6598.3249999999962 12441.68724999999 1.0000000180025095e-35 41.656862745098046 -0.074117039608866245 -0.78324956448884031 -0.40614512594453095 993.49901960784325 992.69509803921585 0.86440617605192027 993.84607843137258 3.5000000000000004 -0.43733984355855576 0.14889030080148793 14156.373874999988 29.144117647058827 10982.71075
decision_type=2 2 2 2 2 2 2 2 2 2 2 2 2 2 2 2 2 2 2 2 2 2 2 2 2 2 2 2 2 2
left_child=-1 2 4 7 24 6 -6 -4 9 10 11 14 13 -13 15 17 -17 18 19 -7 -14 -21 -10 -24 -2 -26 -27 28 -28 -30
right_child=1 -3 3 -5 5 8 -8 -9 22 -11 -12 12 20 -15 -16 16 -18 -19 -20 21 -22 -23 23 -25 25 26 27 -29 29 -31
leaf_value=-6.716650825044912e-05 -0.00018198675164217138 -0.00018964847813955911 0.0024557886270184129 0.0014312202925589714 0.00096676303270350769 -0.0027197596690886395 -0.00050320754656325579 -9.4859439578548482e-05 -0.0022425789158097287 -0.0014186992912218477 -0.0018758721237796816 -0.00055212646784001955 0.0040039169224031284 0.0011968712982541319 -0.00045710321565847756 -0.0019220899380869461 0.00010403175181528113 0.0021596962037227496 0.0011255668462021751 -0.00064543815070409192 0.0017040862799294178 0.0020091671119984167 -0.00067783491923701375 0.00089293062900871469 0.0010557981514376592 -0.00028683761747924088 -0.0021452588598157188 0.0010149232202693592 0.0017688047606458813 -7.4256088709925841e-05
leaf_weight=8027 629 760 40 42 78 47 241 56 52 96 92 55 92 309 213 67 211 81 570 63 49 77 76 111 161 128 66 49 49 84
leaf_count=8027 629 760 40 42 78 47 241 56 52 96 92 55 92 309 213 67 211 81 570 63 49 77 76 111 161 128 66 49 49 84
internal_value=-0.000540562 0.00144241 0.00259974 0.0194245 0.00197491 0.00383572 -0.00484375 0.00721649 0.00506189 0.00622837 0.00721328 0.0080654 0.0163043 0.010411 0.00492481 0.00707252 -0.00501792 0.0110846 0.00903694 -0.00452128 0.031338 0.0035461 -0.00479167 0.000797872 -0.00214225 0.00288104 -0.00503979 0.00240964 -0.00275 0.00783582
internal_weight=12671 4644 3884 138 3746 2580 319 96 2261 2022 1926 1834 505 364 1329 1116 278 838 757 187 141 140 239 187 1166 537 376 248 199 133
internal_count=12671 4644 3884 138 3746 2580 319 96 2261 2022 1926 1834 505 364 1329 1116 278 838 757 187 141 140 239 187 1166 537 376 248 199 133
is_linear=0
shrinkage=0.05


Tree=158
num_leaves=31
num_cat=0
split_feature=0 1 3 1 3 8 2 5 8 9 5 8 9 5 0 8 5 4 3 1 9 1 9 9 3 3 0 9 1 5
split_gain=9.98777 12.927 9.96841 13.3026 11.9392 9.0709 8.51781 8.30516 7.92618 16.1135 9.13869 8.96474 19.1841 20.5577 25.6416 17.0883 16.086 27.3845 18.4655 17.7183 16.7858 14.2242 12.4848 11.7709 11.143 15.7869 11.5016 13.9378 16.897 11.7685
threshold=12.972549019607845 84.166666666666671 18.500000000000004 57.676470588235297 11.500000000000002 0.99971796171254768 990.72254901960798 0.86113431103781346 0.67485701100832973 15469.050000000001 0.39036257410962044 0.283138326639013 5121.4499999999998 -0.54939360607974019 42.333333333333336 0.2332836900311728 -0.47558551945199218 1.5000000000000002 5.5000000000000009 36.401960784313736 9642.3513124999936 71.166666666666671 6713.7418749999979 6805.518124999996 18.500000000000004 9.5000000000000018 19.085294117647063 7996.4141874999996 47.500000000000007 -0.8041866928211282
decision_type=2 2 2 2 2 2 2 2 2 2 2 2 2 2 2 2 2 2 2 2 2 2 2 2 2 2 2 2 2 2
left_child=1 2 4 -4 6 8 -1 -8 11 10 -10 15 -13 21 16 24 17 -15 -19 -18 -20 -14 -21 -17 25 -2 27 28 -26 -29
right_child=5 -3 3 -5 -6 -7 7 -9 9 -11 -12 12 13 14 -16 23 19 18 20 22 -22 -23 -24 -25 26 -27 -28 29 -30 -31
leaf_value=-0.00075219847206910791 7.8500684087390315e-05 -0.00069072121011632618 0.00063692769327683982 -0.00033803063716219552 -0.00031870133212887758 -0.001814938366751498 -2.1780074706859166e-05 0.00011333610254361943 0.00010128357364624918 -0.00055506667422685339 0.0020556298170168494 0.00077529851267679056 -0.0025350683715450796 0.0036377749390850561 0.0012296457763356639 -0.00036162914782828935 0.0010745839788458265 -0.00092762406965845039 -0.00062286669312588278 -0.0013754005483758729 0.0012083246372431551 -0.00012686025968243199 -0.00043424805487555232 0.002499168137376512 0.00069033287055220995 -0.00018425493082868533 0.00054920919234255632 0.00090177666571106545 -0.00228956317236258 -0.00033750595061658316
leaf_weight=110 2947 93 91 50 223 57 432 65 2485 55 56 96 78 52 42 50 71 79 123 102 113 132 753 110 41 2652 1146 81 67 160
leaf_count=110 2947 93 91 50 223 57 432 65 2485 55 56 96 78 52 42 50 71 79 123 102 113 132 753 110 41 2652 1146 81 67 160
internal_value=-0.000531198 -0.00516432 -0.0034465 0.00880282 -0.0055355 -0.000103905 -0.00189145 0.000903614 -4.35085e-06 0.00242588 0.00300944 -0.000713804 -0.00404994 -0.00540103 -0.00310629 4.13508e-05 -0.00436631 0.0044837 -0.00110759 -0.00787487 0.00590717 -0.0199052 -0.0098715 0.0161491 -0.000324172 -0.00134821 0.00350936 -0.00442857 -0.0192661 0.00227273
internal_weight=12612 1064 971 141 830 11548 607 497 11491 2596 2541 8895 1641 1545 1335 7254 1293 367 315 926 236 210 855 160 7094 5599 1495 349 108 241
internal_count=12612 1064 971 141 830 11548 607 497 11491 2596 2541 8895 1641 1545 1335 7254 1293 367 315 926 236 210 855 160 7094 5599 1495 349 108 241
is_linear=0
shrinkage=0.05


Tree=159
num_leaves=31
num_cat=0
split_feature=0 1 1 1 2 7 8 7 5 2 5 4 6 5 6 5 0 4 8 8 5 0 5 5 4 6 7 1 0 2
split_gain=7.85188 13.789 6.9791 10.9598 8.50297 9.93225 12.2678 7.66371 12.4503 7.43002 12.7211 22.8438 17.7668 13.9868 20.1387 15.3451 11.1397 9.96367 17.9146 13.0513 9.67542 22.7522 10.3261 9.86861 9.71912 18.9281 17.1898 12.8602 11.7474 9.83112
threshold=12.697058823529414 83.931372549019628 4.598039215686275 10.264705882352944 995.65588235294126 -0.3098332921407298 -0.55656394595157355 -0.998663445439673 -0.69057362043749781 989.60294117647061 -0.92274349529687905 3.5000000000000004 0.080547328232315238 -0.74441730022405961 -0.61915584096709908 -0.67166439702596292 29.847058823529412 5.5000000000000009 -0.57606379612791392 -0.54760613975548533 -0.58482361983252518 28.801960784313732 -0.52766804058324157 -0.63921128368950708 1.5000000000000002 -0.23537842981696178 -0.89405649444168434 69.009803921568633 45.304901960784328 968.42549019607861
decision_type=2 2 2 2 2 2 2 2 2 2 2 2 2 2 2 2 2 2 2 2 2 2 2 2 2 2 2 2 2 2
left_child=1 -1 -2 4 -4 6 -6 8 -5 10 11 16 -13 14 -12 -15 -9 18 -16 -20 21 23 -22 -17 25 27 -26 -24 -27 -28
right_child=2 -3 3 7 5 -7 -8 9 -10 -11 13 12 -14 15 17 20 -18 -19 19 -21 22 -23 24 -25 26 28 29 -29 -30 -31
leaf_value=-6.5953138502477388e-05 0.0012952830804101119 -0.00069135508609926015 8.771061022968819e-05 0.0002026986012180404 0.00092793749507967679 -0.00087614080988370694 -0.0010365214431253655 -0.0027142386320918228 -0.0016222046114187318 6.4553383477872209e-05 0.0057833703110305697 -0.00033860322401639835 0.0014779256986864706 -0.0023431228737803901 0.0021284990313966802 0.00025445974064230162 -4.20895869742477e-05 -0.0030304393734385121 -0.00065760404444330516 0.00035489282030090331 -0.00027349949935593368 -0.00013011929803398716 0.00024692217084986703 0.0038039330522628145 0.0028405934392238988 0.00029116314252909464 0.00067334398795764199 -0.0011734379361114948 0.0011455329993910414 -0.00026612428361205145
leaf_weight=856 41 77 117 67 42 114 40 213 69 7345 52 84 64 93 116 44 181 61 54 336 67 78 40 73 62 430 63 66 43 1612
leaf_count=856 41 77 117 67 42 114 40 213 69 7345 52 84 64 93 116 44 181 61 54 336 67 78 40 73 62 430 63 66 43 1612
internal_value=-0.000460281 -0.00487152 -0.000107131 -0.000180614 -0.0093949 -0.015736 -0.00240964 7.51282e-05 -0.0116788 0.000219181 -0.00156535 -0.00865562 0.00805369 -0.000395017 0.00637097 -0.00196482 -0.0149367 0.00360915 0.00591716 0.000767263 -0.00124079 0.00943878 -0.00211829 0.0233051 -0.00155373 0.00405172 -0.00342348 -0.0149533 0.00833333 -0.00438544
internal_weight=12600 933 11667 11626 313 196 82 11313 136 11177 3832 542 148 3290 619 2671 394 567 506 390 2578 195 2383 117 2316 579 1737 106 473 1675
internal_count=12600 933 11667 11626 313 196 82 11313 136 11177 3832 542 148 3290 619 2671 394 567 506 390 2578 195 2383 117 2316 579 1737 106 473 1675
is_linear=0
shrinkage=0.05


Tree=160
num_leaves=31
num_cat=0
split_feature=0 8 7 2 0 5 5 7 7 2 2 1 0 5 8 7 0 3 5 0 7 2 0 7 1 3 4 0 8 2
split_gain=8.72152 13.8058 12.7639 7.88311 21.6623 13.29 13.9078 10.1718 14.9235 13.0145 15.0265 11.0386 18.71 13.8726 12.6062 11.8481 15.1867 12.4374 12.0903 9.65261 16.5115 13.4819 14.201 15.9087 11.9079 12.906 15.3267 9.41574 10.2481 9.31726
threshold=9.5137254901960802 0.8277910979379729 -0.9470547246821871 982.47352941176484 14.793137254901962 0.24372619187392155 -0.99275805973510278 0.88618201382888007 0.90159200968320541 984.37352941176482 987.4205882352943 93.794117647058826 37.89019607843138 -0.40614700388750385 0.67485701100832973 0.82048548965790546 24.461764705882356 11.500000000000002 -0.52032787705993211 36.016666666666673 0.98702314536340274 981.25098039215698 27.218627450980396 0.90623151893102627 91.284313725490208 11.500000000000002 4.5000000000000009 24.652941176470595 -0.99940590107385374 969.64509803921578
decision_type=2 2 2 2 2 2 2 2 2 2 2 2 2 2 2 2 2 2 2 2 2 2 2 2 2 2 2 2 2 2
left_child=1 2 -1 4 -2 6 -6 11 -9 -10 -11 15 13 -13 -14 27 18 -18 -17 21 -21 22 23 24 25 26 -7 28 -5 -24
right_child=3 -3 -4 7 5 19 -8 8 9 10 -12 12 14 -15 -16 16 17 -19 -20 20 -22 -23 29 -25 -26 -27 -28 -29 -30 -31
leaf_value=5.0470398189279844e-05 -0.00086117014562106249 0.00014292793136562316 -0.00076780838622366322 -0.0005420976384542586 0.00039563664338160834 -0.0012016484692321334 -0.00025121759384754696 -0.0010860753586953099 0.0015754972607662232 -0.0016783294252715132 -5.7903330802383524e-05 0.0018208268920122729 -0.00015590194424468519 0.0001870539386784831 0.00026297068129166882 0.004364439735920567 0.00049216836632001715 -0.00084810111783009126 0.00023966892638906947 0.0011335571959629977 -5.1678707012203789e-05 -0.0015135423906347978 0.00047112305998789908 0.0014648789508908855 -0.0010531036190110012 0.00058688422626019534 0.00075822944079499829 0.00012097976126124317 -8.6227625359203148e-06 -0.00081345195824185368
leaf_weight=41 40 73 91 67 46 59 418 139 45 71 1615 189 44 251 40 89 56 43 281 94 83 53 75 71 68 100 44 2896 5330 154
leaf_count=41 40 73 91 67 46 59 418 139 45 71 1615 189 44 251 40 89 56 43 281 94 83 53 75 71 68 100 44 2896 5330 154
internal_value=0.000252625 -0.00995146 -0.0195489 0.000421281 -0.00325421 -0.00209321 -0.0088172 0.000851483 -0.00251203 -0.00124134 -0.00195614 0.00152902 0.00857143 0.0126984 -0.0129412 0.00110693 0.00882979 -0.0085 0.0134771 0.00180798 0.0120787 -0.00112 0.00113636 0.00758017 0.00202206 0.00808824 -0.00432692 0.000669158 -0.000565024 -0.00847826
internal_weight=12666 205 132 12461 1305 1265 464 11156 1870 1731 1686 9286 524 440 84 8762 469 99 370 801 177 624 571 342 271 203 103 8293 5397 229
internal_count=12666 205 132 12461 1305 1265 464 11156 1870 1731 1686 9286 524 440 84 8762 469 99 370 801 177 624 571 342 271 203 103 8293 5397 229
is_linear=0
shrinkage=0.05


Tree=161
num_leaves=31
num_cat=0
split_feature=0 4 1 5 5 1 5 4 6 5 6 1 0 1 5 3 3 1 5 3 3 4 3 3 5 3 3 9 9 1
split_gain=6.50859 12.6875 4.97778 4.28455 17.3059 21.3519 15.2089 8.43562 13.8873 13.0217 15.1027 23.3792 18.0168 12.8822 8.3456 7.76878 11.5487 7.18281 7.17381 10.3763 25.3337 7.77865 12.7622 18.2249 5.90169 5.19905 19.27 15.1082 26.8734 20.2299
threshold=48.400980392156875 2.5000000000000004 92.049019607843164 0.95998215779580554 0.94704596667653973 78.578431372549034 0.96465729447553372 1.0000000180025095e-35 0.029024409397335523 0.96904697354198299 1.0000000180025095e-35 86.32352941176471 21.47058823529412 70.539215686274517 0.94425825643485939 7.5000000000000009 11.500000000000002 55.715686274509814 0.9916835347852474 17.500000000000004 8.5000000000000018 5.5000000000000009 15.500000000000002 8.5000000000000018 0.99761913169647187 10.500000000000002 16.500000000000004 8407.9186250000002 7291.6111250000004 73.950980392156865
decision_type=2 2 2 2 2 2 2 2 2 2 2 2 2 2 2 2 2 2 2 2 2 2 2 2 2 2 2 2 2 2
left_child=3 -2 -3 4 14 17 -5 8 -8 -9 11 15 13 -12 25 24 -17 -6 19 20 -14 22 23 -20 -11 -1 27 28 29 -27
right_child=1 2 -4 6 5 -7 7 9 -10 10 12 -13 18 -15 -16 16 -18 -19 21 -21 -22 -23 -24 -25 -26 26 -28 -29 -30 -31
leaf_value=4.3436798013835048e-05 0.00024926650482310909 -3.1991011800425186e-05 0.00019445532166593727 0.00075522999179483826 -0.0027597864154616028 0.00054324701699755285 -0.0011324685193726113 -0.00082964157747224265 0.00047866424371923876 0.0020367210292942641 -0.00098630072518744597 -0.0011091002173609296 0.0021507951560427118 0.0003632905777688801 0.00064012425317616921 -0.00054793120259910642 0.0010559935999535808 -0.001090835465563668 -0.00033757026261606039 0.0025571138938912303 -0.0020172728630273975 0.0027816178594690048 -0.0012337353731456753 0.00067169260092648099 0.00065152004288842051 1.414258071473773e-05 7.4322818778893573e-05 -0.00031736002470210552 0.00060673351571524094 -0.00047810829618452069
leaf_weight=4976 40 54 44 75 60 63 98 62 75 83 104 82 50 60 43 60 196 70 49 44 51 41 57 50 47 611 3187 1548 347 267
leaf_count=4976 40 54 44 75 60 63 98 62 75 83 104 82 50 60 43 60 196 70 49 44 51 41 57 50 47 611 3187 1548 347 267
internal_value=3.17586e-05 0.0107914 0.0010101 -8.83038e-05 -0.000402757 -0.0152062 0.00264591 0.00128099 -0.00890805 0.00298939 0.00441026 0.0108742 -0.00157791 -0.0151515 -0.000141166 0.0160207 0.0108949 -0.0267176 0.00495627 0.0133562 0.00441176 -0.00126263 -0.00636943 0.0045 0.0259542 -0.000228582 -0.00122463 -0.00427181 -0.000122349 -0.00477816
internal_weight=12594 138 98 12456 11172 193 1284 1209 173 1036 974 468 506 164 10979 386 256 130 342 145 101 197 156 99 130 10936 5960 2773 1225 878
internal_count=12594 138 98 12456 11172 193 1284 1209 173 1036 974 468 506 164 10979 386 256 130 342 145 101 197 156 99 130 10936 5960 2773 1225 878
is_linear=0
shrinkage=0.05


Tree=162
num_leaves=31
num_cat=0
split_feature=0 7 0 1 7 2 7 7 0 7 6 5 4 5 4 5 2 2 1 8 5 5 5 6 8 8 1 0 1 0
split_gain=5.50734 7.91496 12.4576 15.6916 7.75959 10.9124 5.9602 10.8993 9.23146 8.11544 10.129 9.0822 8.83516 15.7993 12.4117 16.546 14.6668 18.3625 12.7472 12.4577 13.381 18.2565 11.8556 11.6758 15.2265 14.813 11.054 12.5317 10.5232 11.1939
threshold=20.059803921568633 0.99463153969809781 37.89019607843138 60.892156862745104 0.99865421017599998 992.62843137254913 -0.99467753128998015 -0.98523971305672675 14.496078431372551 -0.83377653105606597 -0.83849291496497236 -0.49813634056773481 1.5000000000000002 -0.92923668111203805 2.5000000000000004 -0.39826117949089107 991.58137254901965 988.31862745098044 52.500000000000007 0.99731940924863693 -0.861146256326485 -0.88622299073327826 -0.88622299073327826 -0.90531874877253482 0.81800285027139297 0.93158198870884079 81.303921568627473 16.963725490196083 37.127450980392162 14.206862745098041
decision_type=2 2 2 2 2 2 2 2 2 2 2 2 2 2 2 2 2 2 2 2 2 2 2 2 2 2 2 2 2 2
left_child=4 -2 3 -3 6 -6 8 -8 -1 10 -9 -12 13 -11 15 16 17 -14 -17 20 21 28 -15 24 -22 -26 -25 -28 -16 -30
right_child=1 2 -4 -5 5 -7 7 9 -10 12 11 -13 14 22 19 18 -18 -19 -20 -21 23 -23 -24 26 25 -27 27 -29 29 -31
leaf_value=0.0006280349420422313 3.3562198450176608e-05 0.00018896649995738674 0.00045650498002973162 -0.0020938750818288998 -0.00030203714243728089 0.0033606486382799505 -0.00083228732929845897 -0.00060201730495780884 -3.8126112290794156e-05 0.00053507143085017306 4.5192783687083086e-05 0.0013221972107879108 -0.0019020536188356946 -0.001925091851197583 0.00088859378923199922 0.00026070215288945823 -0.0015283463296548875 0.0009497816123289933 -0.0004370107954856095 0.00040664907512136944 0.00081445306335107279 0.0042589441175738879 8.9391147746198385e-06 -0.00032401766002468081 -0.0013859616541394477 0.00025596589140385875 -0.00027619591028699711 0.00064122125532138923 -0.00067606575739913028 0.00025493538817227825
leaf_weight=47 7327 90 52 103 44 43 89 78 90 129 324 136 53 82 56 162 136 64 184 43 136 49 1105 1083 117 112 157 113 119 250
leaf_count=47 7327 90 52 103 44 43 89 78 90 129 324 136 53 82 56 162 136 64 184 43 136 49 1105 1083 117 112 157 113 119 250
internal_value=-0.000361858 0.000488578 -0.00833333 -0.0141753 -0.00164934 0.0130682 -0.00191251 -0.00220804 0.00833333 -0.00187673 0.0038961 0.00672451 -0.00262587 0.000759301 -0.00419753 -0.0105833 -0.0202756 -0.00720339 -0.00345821 -0.00248211 -0.00300958 0.00442105 -0.00105219 -0.00506108 0.00286885 -0.005 -0.00720089 0.00184502 0.00105634 -0.00202703
internal_weight=12573 7572 245 193 5001 87 4914 4777 137 4688 538 460 4150 1316 2834 599 253 117 346 2235 2192 474 1187 1718 365 229 1353 270 425 369
internal_count=12573 7572 245 193 5001 87 4914 4777 137 4688 538 460 4150 1316 2834 599 253 117 346 2235 2192 474 1187 1718 365 229 1353 270 425 369
is_linear=0
shrinkage=0.05


Tree=163
num_leaves=31
num_cat=0
split_feature=0 4 2 9 0 5 6 5 4 9 5 6 5 6 6 6 6 3 3 3 3 4 5 2 9 2 4 2 2 9
split_gain=6.08859 9.23547 9.25008 5.47064 11.4971 14.3469 9.7875 25.1758 33.9389 25.4197 23.8851 16.3287 13.9101 10.8089 18.6447 19.5525 12.4836 12.0151 19.1712 10.752 17.5205 8.54249 11.0099 23.6033 19.4726 9.086 8.51249 18.1158 25.5645 10.137
threshold=48.400980392156875 2.5000000000000004 976.74901960784325 5285.7776249999997 10.418627450980393 -0.65882179392489248 -0.7444366621422277 -0.41398024697495356 1.0000000180025095e-35 5687.9882500000012 -0.18492532721306487 -0.72102888505294738 -0.23537230790205757 -0.67168186667784702 -0.42958798411962301 -0.38243420677835349 -0.40613878790836594 5.5000000000000009 10.500000000000002 6.5000000000000009 16.500000000000004 2.5000000000000004 -0.861146256326485 989.9950980392158 4577.2022500000021 986.53627450980412 1.5000000000000002 995.86960784313737 993.40294117647068 7291.6111250000004
decision_type=2 2 2 2 2 2 2 2 2 2 2 2 2 2 2 2 2 2 2 2 2 2 2 2 2 2 2 2 2 2
left_child=3 -2 -3 4 -1 21 7 8 -5 10 -9 -8 -11 19 17 16 -16 -15 -19 -13 -21 -6 23 25 -24 -23 27 28 -14 -28
right_child=1 2 -4 6 5 -7 11 9 -10 12 -12 13 26 14 15 -17 -18 18 -20 20 -22 22 24 -25 -26 -27 29 -29 -30 -31
leaf_value=-0.00075747229055697781 0.00020458738290978219 -5.7530587294607477e-05 7.8714067026319789e-05 0.0026248484953068003 -0.00025227970924387999 0.0006062551515852708 0.002402791848714966 -0.0028505010763342528 -0.0012587565417001819 0.00099432908616226001 7.5410904704623091e-05 0.00010266594075016845 -0.0005674181502406631 0.0011535164988141333 -0.00035319265350900467 -1.582920320558623e-06 -0.0025932411196202339 -0.00065075015057258767 0.00066096480834066664 -0.0034870053890191351 9.0735972728758779e-05 -0.0015957511419591288 0.00030343661670179795 0.0090220147949455903 -0.0019840303810462756 0.0027781247161931424 0.00026208497086981086 -0.00092449750900483051 0.0014349648252595217 -0.00041737305322660652
leaf_weight=51 47 44 57 52 374 503 78 61 288 195 55 44 105 118 95 8546 78 105 259 57 40 53 210 42 73 67 419 91 79 285
leaf_count=51 47 44 57 52 374 503 78 61 288 195 55 44 105 118 95 8546 78 105 259 57 40 53 210 42 73 67 419 91 79 285
internal_value=1.98855e-05 0.0100671 0.00147059 -0.000100612 0.00287482 0.00377929 -0.000470546 -0.0040466 -0.016129 -0.000852053 -0.0230769 0.000148604 0.0013617 -4.28128e-05 0.000168442 -0.000361239 -0.016954 0.00973085 0.00520548 -0.0137324 -0.0229592 -0.000304878 0.0043722 0.0147239 -0.00158451 0.00330579 -0.00107143 -0.00851449 0.000540541 0.00184397
internal_weight=12571 148 101 12423 1373 1322 11050 1630 340 1290 116 9420 1174 9342 9201 8719 173 482 364 141 97 819 445 162 283 120 979 275 184 704
internal_count=12571 148 101 12423 1373 1322 11050 1630 340 1290 116 9420 1174 9342 9201 8719 173 482 364 141 97 819 445 162 283 120 979 275 184 704
is_linear=0
shrinkage=0.05


Tree=164
num_leaves=31
num_cat=0
split_feature=3 3 6 1 8 7 6 8 0 6 6 6 1 2 7 0 8 0 1 1 6 2 6 6 0 0 4 2 6 1
split_gain=5.65345 18.6473 24.7252 15.5413 13.9442 22.2566 12.0803 18.2547 12.3236 13.2333 13.2018 8.97523 8.21636 10.0175 8.82517 10.1368 7.5476 8.39927 29.8311 16.3876 8.08998 26.3591 12.727 10.6498 11.5749 12.6741 9.69465 7.8138 7.79388 7.38821
threshold=10.500000000000002 15.500000000000002 -0.83849291496497236 75.186274509803937 -0.97507822412530132 -0.030099068566675755 0.99855310097228334 0.9899370942838045 18.369607843137256 0.16587474750015932 0.99249573635719013 0.36447543099728863 77.87254901960786 993.65000000000009 0.69522491211780757 16.007843137254905 -0.99940590107385374 20.826470588235299 85.480392156862749 39.637254901960794 0.71353761266622884 988.42254901960791 0.59003219687534991 0.77652048701313048 36.452941176470596 24.461764705882356 1.5000000000000002 997.91764705882372 -0.4755978891912595 80.107843137254918
decision_type=2 2 2 2 2 2 2 2 2 2 2 2 2 2 2 2 2 2 2 2 2 2 2 2 2 2 2 2 2 2
left_child=-1 2 3 -2 5 -4 7 8 9 12 16 -11 13 -3 15 -15 -10 18 19 28 22 -22 -19 -23 25 -25 -24 -27 -18 -21
right_child=1 6 4 -5 -6 -7 -8 -9 10 11 -12 -13 -14 14 -16 -17 17 20 -20 29 21 23 26 24 -26 27 -28 -29 -30 -31
leaf_value=5.6840677796650076e-05 0.00068346632153384879 6.4977694037317293e-05 -0.00054549766285628065 -0.00038565090659643396 -0.00031096509552641096 0.00067027307544053065 0.0003863957673813298 -0.0014183754359375336 -0.00031369426411429483 0.00081177716664774526 0.00187107059985987 4.3796357137720898e-06 -0.0011580070776546819 -0.00068028194246030492 -0.0017593953196132746 0.00059393079425923423 0.00032736023501513112 9.7329630783415954e-05 0.0025098101640340324 -0.0004027698352602971 0.00032403281826771658 -0.0034578869755636623 0.0028091341143405726 -0.00084433276003083042 -0.0008614558367689096 -0.00016785577531151509 0.00018112652720911893 0.00055944065885585596 0.0011418034280419181 0.00074387761144588675
leaf_weight=5696 281 220 91 64 2100 121 81 76 49 43 62 417 84 94 52 52 54 1609 97 272 327 45 49 75 50 114 100 40 72 66
leaf_count=5696 281 220 91 64 2100 121 81 76 49 43 62 417 84 94 52 52 54 1609 97 272 327 45 49 75 50 114 100 40 72 66
internal_value=1.19484e-05 -0.000955089 -0.00423251 0.00823699 -0.00609598 0.00610329 0.00111878 0.000740291 0.00119931 -0.00373832 0.00274173 0.00238612 -0.00934394 -0.00644391 -0.0145729 -0.00816327 0.00226821 0.00259172 0.00809609 0.0027957 0.00130705 -0.00345092 0.00306993 -0.0135385 -0.00982143 -0.005 0.017 0.00322581 0.0181102 -0.00294985
internal_weight=12553 6857 2657 345 2312 212 4200 4119 4043 962 3081 460 502 418 198 146 3019 2970 561 464 2409 651 1758 324 279 229 149 154 126 338
internal_count=12553 6857 2657 345 2312 212 4200 4119 4043 962 3081 460 502 418 198 146 3019 2970 561 464 2409 651 1758 324 279 229 149 154 126 338
is_linear=0
shrinkage=0.05


Tree=165
num_leaves=31
num_cat=0
split_feature=2 2 9 1 7 7 6 9 1 9 6 7 7 9 9 1 4 0 9 6 0 7 0 0 0 0 7 0 1 9
split_gain=11.5815 10.6167 10.134 11.2624 9.90177 15.2344 11.4357 16.8954 18.3677 15.4401 14.6054 14.9225 18.5833 17.9864 17.3307 22.8981 18.3254 15.2511 16.6288 14.1774 15.3602 14.9697 13.9297 13.6637 13.5498 13.2952 14.3237 12.3523 12.1042 11.9038
threshold=990.96372549019611 991.63529411764728 11079.831250000001 80.813725490196092 0.99983759474438971 0.9993614236720848 0.16587474750015932 10462.707375 40.617647058823536 8168.3198125000008 0.097680735332368748 0.9252105435402006 0.97650828179861848 4527.2620000000015 5285.7776249999997 31.911764705882359 3.5000000000000004 19.085294117647063 5937.5147500000012 0.41202506375868281 24.652941176470595 -0.99275346941927067 15.238235294117649 15.238235294117649 39.220588235294123 30.428431372549024 -0.92923668111203805 20.685294117647064 94.186274509803937 11859.688749999988
decision_type=2 2 2 2 2 2 2 2 2 2 2 2 2 2 2 2 2 2 2 2 2 2 2 2 2 2 2 2 2 2
left_child=-1 2 -2 -4 5 6 10 8 9 -8 11 14 13 -13 15 -3 -17 18 -14 -10 21 -21 -15 -23 25 26 27 -9 -16 -28
right_child=1 4 3 -5 -6 -7 7 24 19 -11 -12 12 17 22 28 16 -18 -19 -20 20 -22 23 -24 -25 -26 -27 29 -29 -30 -31
leaf_value=-5.5546279021684297e-05 0.00062466768322176766 0.0039243862144028785 -0.00089484338994932563 0.00080650991853953172 0.0024072576104247154 -0.0014195817087611362 -0.00074900847633396913 6.5316502246672023e-05 0.0024549087524298992 0.00032453406983417172 -0.00079177318235878905 0.00022881564040596187 -0.0014126486957613815 -0.00030132253209533971 -4.802369045119534e-05 -3.3245146620416997e-05 0.0040376186947832238 0.0038725432366041868 0.0020158341260544319 0.0019055491836343225 0.0016925563679022649 0.00024080107937472783 -0.003634765119647926 -0.00081972396598852535 -0.00044662970896671155 0.00080719051095614616 -0.00036436295321720939 -0.0028412025872866843 0.0018390077379101324 7.3516242189100581e-05
leaf_weight=4868 335 40 48 62 54 57 74 40 182 385 171 58 67 62 2750 232 74 89 40 60 102 141 109 80 44 227 301 57 50 1693
leaf_count=4868 335 40 48 62 54 57 74 40 182 385 171 58 67 62 2750 232 74 89 40 60 102 141 109 80 44 227 301 57 50 1693
internal_value=-6.37298e-05 0.00114509 0.00863229 -0.0045045 0.000683702 0.000521848 0.000729415 0.00283437 0.00819512 0.00076087 -0.00117553 -0.000489922 -0.0092723 -0.018913 0.000699078 0.0112392 0.00651466 0.00203046 -0.0106481 0.0142226 0.00872396 0.00265957 -0.0270349 -0.00337838 0.000507829 0.00103493 -0.000215105 -0.0188776 -0.000606926 0.000701754
internal_weight=12552 7684 445 110 7239 7185 7128 3386 1024 459 3742 3571 425 229 3146 346 306 196 107 565 383 281 171 221 2362 2318 2091 97 2800 1994
internal_count=12552 7684 445 110 7239 7185 7128 3386 1024 459 3742 3571 425 229 3146 346 306 196 107 565 383 281 171 221 2362 2318 2091 97 2800 1994
is_linear=0
shrinkage=0.05


Tree=166
num_leaves=31
num_cat=0
split_feature=6 9 6 0 9 2 6 9 6 6 5 1 5 5 4 1 6 4 5 2 9 0 2 5 0 9 0 6 1 8
split_gain=8.16422 12.3006 10.692 9.02309 16.3551 6.40114 17.8866 9.45468 18.577 9.27267 6.75609 6.74147 5.80725 17.3674 6.64035 6.01259 9.82602 10.8211 15.3792 7.48909 8.43798 5.06435 4.95321 14.1756 13.1238 11.8255 11.1033 20.0038 16.0859 14.5325
threshold=0.96177147954086928 15469.050000000001 0.95691861501572195 9.5137254901960802 8454.6499999999996 1005.7029411764707 0.97062204580664158 14840.974999999997 0.98899263613956456 0.97263757644091875 0.19337368024598436 88.578431372549034 -0.065535378769913874 -0.11692013674435776 3.5000000000000004 28.71568627450981 0.99981043035926087 4.5000000000000009 0.10837544681456425 994.77745098039225 13120.487999999999 17.860784313725492 990.96372549019611 0.9893236546938301 13.387254901960786 5542.9865000000027 26.887254901960787 0.92519182738459482 33.676470588235297 0.64415777744009783
decision_type=2 2 2 2 2 2 2 2 2 2 2 2 2 2 2 2 2 2 2 2 2 2 2 2 2 2 2 2 2 2
left_child=2 5 3 4 -1 7 -7 9 -9 11 12 -2 13 14 -11 21 17 18 -17 20 -19 -14 23 24 25 -5 -24 28 -28 -30
right_child=1 -3 -4 22 -6 6 -8 8 -10 10 -12 -13 15 -15 -16 16 -18 19 -20 -21 -22 -23 26 -25 -26 -27 27 -29 29 -31
leaf_value=0.00016678343197965297 0.00027414933801784284 -0.0007155453025914347 -0.00068994625395655824 0.0001004108677307547 -0.0006534523924816044 0.0019780717493993851 -7.9021772342732779e-05 0.00014223758801262671 -0.0025082156492704181 0.00036397990866831047 0.0028962547873787325 -0.00083378591134132269 5.0175720093694268e-05 0.002861331951536328 -0.0013768288230697459 -0.00068530020992456093 0.00088179912999458156 0.0024489508195370993 0.0002619614451232377 -9.7786412457461647e-05 0.00018268409250922214 -0.0010250985511161658 -1.1772969606024809e-05 0.00094136341686066368 -4.0991929389699871e-05 -0.00087580624179546096 -0.00052605492997465639 -0.0019567227364807901 0.00040999599688303079 0.0024311317354211714
leaf_weight=61 63 53 75 73 70 45 63 122 54 75 41 54 47 57 56 133 83 44 90 48 47 55 5571 110 4061 110 177 40 894 100
leaf_count=61 63 53 75 73 70 45 63 122 54 75 41 54 47 57 56 133 83 44 90 48 47 55 5571 110 4061 110 177 40 894 100
internal_value=3.18142e-05 0.00389927 -0.000387904 -0.000261803 -0.0132576 0.00496604 0.0165138 0.00378505 -0.00677966 0.00587248 0.00785071 -0.00720339 0.00672554 0.0142857 0.00416667 0.00410584 0.00661435 0.0030303 -0.00379464 0.0139286 0.0222826 -0.00679612 -0.000107749 -0.00142365 -0.00188457 -0.0149457 0.000737137 0.00507426 0.00627133 0.00874372
internal_weight=12572 1230 11342 11267 131 1177 108 1069 176 893 776 117 735 188 131 547 445 362 223 139 91 102 11136 4354 4244 183 6782 1211 1171 994
internal_count=12572 1230 11342 11267 131 1177 108 1069 176 893 776 117 735 188 131 547 445 362 223 139 91 102 11136 4354 4244 183 6782 1211 1171 994
is_linear=0
shrinkage=0.05


Tree=167
num_leaves=31
num_cat=0
split_feature=7 7 3 7 9 5 1 4 5 3 7 7 4 6 6 1 1 6 7 7 6 9 5 8 9 9 1 7 7 9
split_gain=7.76557 11.8001 9.29423 5.43751 6.82197 15.7825 11.3357 8.78789 14.1607 9.24709 8.58162 24.4452 12.4981 25.2795 13.9669 14.7389 13.0367 8.69092 8.23778 17.6567 12.694 15.019 18.1 13.8628 11.5981 11.0855 8.69748 8.19173 15.5731 7.86222
threshold=0.99994162507853945 0.9993614236720848 9.5000000000000018 0.99865421017599998 4577.2022500000021 -0.63255557784149707 63.950980392156872 5.5000000000000009 -0.78326540922535159 7.5000000000000009 0.88618201382888007 0.90159200968320541 1.0000000180025095e-35 -0.7444366621422277 -0.69676771491221523 56.990196078431374 93.794117647058826 0.76002003530985496 0.79380680106549595 0.77923869640500354 0.8852232634113919 6536.1293125000002 -0.8781231054254196 0.53313582347195043 15469.050000000001 5339.8963750000021 82.735294117647072 0.99274428880883148 0.99049901459377832 13652.844500000003
decision_type=2 2 2 2 2 2 2 2 2 2 2 2 2 2 2 2 2 2 2 2 2 2 2 2 2 2 2 2 2 2
left_child=1 3 -3 4 5 6 7 8 -1 -10 18 29 14 -14 -13 -16 27 -17 19 24 21 22 25 -23 -6 -20 -21 28 -15 -12
right_child=-2 2 -4 -5 10 -7 -8 -9 9 -11 11 12 13 16 15 17 -18 -19 20 26 -22 23 -24 -25 -26 -27 -28 -29 -30 -31
leaf_value=0.0012806211899925814 0.0030646010479670142 0.00043466002395680108 -0.0011483952710507062 0.0009513102195742529 1.6838146490877338e-05 0.0020634238156277298 -0.0006595119255248139 0.0046565196441228805 0.0011104103558942826 -0.0008441735994800609 -0.0019905455658178889 0.0034754822505019436 -0.0012694826559996057 0.00021199648664535498 -0.00056824214532830088 0.0011831244835629696 -0.00076479216389952484 -0.00012729810995790598 -0.0022801934483121164 -0.0023245581110917153 0.0010756305639977009 5.7941031377116427e-05 0.0030534495050907108 -0.00089636898851517405 -0.0006797680374618629 0.0004578485690330092 -0.00021334881257094597 -0.0001742427816078862 0.0016404704996658749 -0.0005375204559888658
leaf_weight=85 40 47 65 77 9495 61 87 54 42 68 88 63 212 600 56 55 185 58 58 65 79 316 173 76 55 56 57 131 44 41
leaf_count=85 40 47 65 77 9495 61 87 54 42 68 88 63 212 600 56 55 185 58 58 65 79 316 173 76 55 56 57 131 44 41
internal_value=0.00022637 0.000155378 -0.0159292 0.000301495 0.000218429 0.00665829 0.00237389 0.0078 0.00280612 -0.00900901 4.1792e-06 -0.00348761 -0.00156584 -0.00366581 0.00901288 0.00147059 -0.000208117 0.0118421 0.000517688 0.000124057 0.0055336 0.00330882 0.0119792 -0.00305344 0.000366454 -0.00347826 -0.0186992 0.00264175 0.00496124 -0.0242308
internal_weight=12589 12549 112 12437 12360 397 336 249 195 110 11963 1533 1404 1172 232 169 960 113 10430 9672 758 679 287 392 9550 114 122 775 644 129
internal_count=12589 12549 112 12437 12360 397 336 249 195 110 11963 1533 1404 1172 232 169 960 113 10430 9672 758 679 287 392 9550 114 122 775 644 129
is_linear=0
shrinkage=0.05


Tree=168
num_leaves=31
num_cat=0
split_feature=2 8 1 7 7 7 2 7 7 6 8 3 8 8 9 6 2 3 6 7 7 7 9 6 6 5 3 7 1 5
split_gain=6.53703 15.9838 10.3316 14.2894 14.7265 13.0748 10.8566 11.3543 15.7436 9.93295 15.1292 15.167 10.7354 11.0418 9.78936 15.8083 11.785 9.48038 17.4241 8.71366 16.9134 11.5656 9.74865 15.587 9.37579 11.1077 12.9901 8.92875 13.9074 9.89629
threshold=990.96372549019611 -0.99763124042248752 81.598039215686285 0.99983759474438971 0.9993614236720848 0.99572776335819457 991.63529411764728 -0.0053757035942445328 -0.59869031648930193 0.94066717844141279 0.44313120970497338 8.5000000000000018 0.39629089145655322 0.26659387353423869 8644.715000000002 -0.14250536273956091 992.11666666666679 8.5000000000000018 0.98005052076767474 0.88618201382888007 0.90623151893102627 0.92023804793023134 15217.491749999999 0.98005052076767474 -0.79904327102181261 -0.74441730022405961 7.5000000000000009 -0.93545056548590078 49.401960784313736 0.99374995976406788
decision_type=2 2 2 2 2 2 2 2 2 2 2 2 2 2 2 2 2 2 2 2 2 2 2 2 2 2 2 2 2 2
left_child=1 -1 3 4 6 9 7 8 -2 10 12 -12 13 14 -4 -16 -17 18 -11 22 -21 -22 27 -24 -23 26 -26 28 -8 -29
right_child=2 -3 5 -5 -6 -7 19 -9 -10 17 11 -13 -14 -15 15 16 -18 -19 -20 20 21 24 23 -25 25 -27 -28 29 -30 -31
leaf_value=0.001426513079244446 0.00045096683385379978 -5.1532869203708975e-05 0.0014134205361878663 0.0022937011866155099 -0.0013416292663413348 -0.00061728662489738545 -0.00076074223990522244 0.00070320793071712302 -0.0014483012967631409 0.0011648248067131926 -0.0026813665488776839 6.7284314800143e-05 0.0020704225100726058 -0.00054374638286216472 -0.00084500608771543868 0.0020927199996353604 0.00019525864789290832 0.00085985837817072067 -0.00095165350701695577 -0.0013440683272519336 0.0013148726903308373 -0.0015454677981902865 1.5217547830498335e-05 -0.00097915510926194086 0.00035857234793163498 0.00010389567372178568 -0.0016017166014414275 8.0817988874071911e-05 5.7634517239496531e-05 -0.00022919284075874208
leaf_weight=64 78 4886 230 51 63 51 237 194 51 46 64 118 42 79 69 72 539 165 49 80 71 88 107 67 54 386 97 3926 277 328
leaf_count=64 78 4886 230 51 63 51 237 194 51 46 64 118 42 79 69 72 539 165 49 80 71 88 107 67 54 386 97 3926 277 328
internal_value=-0.000138559 -0.00155524 0.00077474 -0.000138077 -0.00036036 0.00445902 -0.00010758 0.0087963 -0.00269231 0.00532564 0.00341845 -0.00983607 0.0057655 0.00469697 0.00625686 0.00323054 0.00580065 0.0141762 0.0015625 -0.000611995 -0.00553411 -0.00301291 0.000161845 -0.0114286 -0.00519169 -0.00269517 -0.0141447 0.000587125 -0.00563107 0.0013396
internal_weight=12629 4950 7679 6155 6104 1524 6041 323 129 1473 1213 182 1031 989 910 680 611 260 95 5718 776 696 4942 174 625 537 151 4768 514 4254
internal_count=12629 4950 7679 6155 6104 1524 6041 323 129 1473 1213 182 1031 989 910 680 611 260 95 5718 776 696 4942 174 625 537 151 4768 514 4254
is_linear=0
shrinkage=0.05


Tree=169
num_leaves=31
num_cat=0
split_feature=3 1 0 0 9 3 9 2 0 1 6 3 9 2 3 9 6 2 6 6 9 6 8 6 6 8 6 2 6 9
split_gain=8.30422 13.7323 11.6063 11.1327 21.0091 14.7776 14.233 17.0794 13.9545 12.3518 12.0717 22.7448 20.7962 25.0533 21.997 17.8689 27.3019 16.3449 17.203 13.7305 13.3867 13.8676 19.5874 11.2787 11.0273 10.8489 10.4333 10.5528 10.2984 10.2631
threshold=19.500000000000004 61.911764705882355 17.385294117647064 30.89901960784314 7337.5749999999998 9.5000000000000018 6422.4555 985.63333333333344 19.485294117647062 77.245098039215705 -0.34234976856068178 6.5000000000000009 7420.3617500000046 996.68921568627457 7.5000000000000009 9053.0888749999995 -0.46039597980994923 983.03235294117655 -0.056951011027366626 -0.63257203029273779 7996.4141874999996 0.28313308994381592 -0.76833606022544876 0.9989598388634241 -0.59177783207548873 0.99138911339924218 0.9980355542543059 976.74901960784325 -0.70900320270980455 14156.373874999988
decision_type=2 2 2 2 2 2 2 2 2 2 2 2 2 2 2 2 2 2 2 2 2 2 2 2 2 2 2 2 2 2
left_child=3 25 -3 5 9 6 7 -1 -9 -5 11 15 13 -12 20 16 19 -16 -19 -8 -14 -22 -23 -24 28 -2 27 -7 -10 -6
right_child=1 2 -4 4 29 26 10 8 24 -11 12 -13 14 -15 17 -17 -18 18 -20 -21 21 22 23 -25 -26 -27 -28 -29 -30 -31
leaf_value=-0.0015416036218555307 0.00052166819552579714 -0.00041632044107639267 6.3830558288482939e-05 2.2620356355518292e-05 0.00025957267079084747 0.00052252846791435025 -8.8667159001276646e-05 0.00010873030044039473 0.0017284018967055311 -0.00016543411282530785 0.0051170620089445564 -0.0013058178799434115 -0.0021954292780052734 -0.00056624100384789768 -0.00098430975175246567 0.0023376941452101954 -0.0018549449479240588 -0.00072937728032870797 0.00076005936930079177 0.0014903582654787085 0.00017402940302292392 -0.0033922500521538558 -8.4466605744998324e-05 -0.00048580670400993794 0.0017844069089156924 -0.000408825367471094 0.00017621186191717661 -0.00022714544616266041 -0.0016208592564104008 -0.00039934646693010056
leaf_weight=62 877 161 965 133 1180 94 349 542 158 152 80 230 83 41 61 42 75 75 399 61 693 59 1269 54 126 60 99 4064 51 219
leaf_count=62 877 161 965 133 1180 94 349 542 158 152 80 230 83 41 61 42 75 75 399 61 693 59 1269 54 126 60 99 4064 51 219
internal_value=-6.39233e-05 0.0028343 -0.000887311 -0.000636242 0.00308605 -0.00135151 0.000642873 0.00611702 0.00791572 -0.00926573 -0.000797872 -0.00639842 0.00071048 0.0209016 -0.000204157 -0.000662879 -0.00339506 0.00886194 0.012 0.00170316 -0.00245484 -0.00166185 -0.00455531 -0.0032855 0.0159226 0.00730277 -0.00346407 -0.00384708 0.00880952 0.00560714
internal_weight=12514 2063 1126 10451 1684 8767 4510 939 877 285 3571 757 2814 121 2693 527 485 535 474 410 2158 2075 1382 1323 335 937 4257 4158 209 1399
internal_count=12514 2063 1126 10451 1684 8767 4510 939 877 285 3571 757 2814 121 2693 527 485 535 474 410 2158 2075 1382 1323 335 937 4257 4158 209 1399
is_linear=0
shrinkage=0.05


Tree=170
num_leaves=31
num_cat=0
split_feature=3 1 0 7 3 1 7 7 7 7 7 1 2 3 1 6 0 1 7 0 2 1 4 6 7 0 2 7 6 2
split_gain=7.96627 12.9151 10.5215 8.70101 13.9355 11.4749 12.8311 10.0766 14.4659 8.49838 17.1932 11.7612 9.59188 8.42389 7.9954 13.3312 13.4184 7.59273 9.99031 7.6871 8.0789 12.4683 7.51541 7.19723 7.1401 7.14032 12.4314 7.65739 11.0522 14.8887
threshold=20.500000000000004 63.323529411764717 14.496078431372551 -0.98214488425316759 3.5000000000000004 86.51960784313728 -0.99629805505515945 -0.96688789938088693 -0.97113884758256674 0.34841060557183762 -0.091260668982868151 44.029411764705891 992.75196078431384 14.500000000000002 97.460784313725512 0.45847758937963173 32.453921568627457 96.97058823529413 0.94911049632748046 14.206862745098041 989.83823529411768 86.715686274509821 1.5000000000000002 0.68274389090025245 -0.96235977360714686 9.5137254901960802 1002.8539215686276 0.99274428880883148 0.71353761266622884 993.33431372549023
decision_type=2 2 2 2 2 2 2 2 2 2 2 2 2 2 2 2 2 2 2 2 2 2 2 2 2 2 2 2 2 2
left_child=3 2 22 4 -1 13 -7 8 -5 10 -4 -11 -13 -6 24 -16 -17 18 19 -3 -21 -22 -2 -15 -9 26 -26 -27 29 -29
right_child=1 17 9 7 5 6 -8 14 -10 11 -12 12 -14 23 15 16 -18 -19 -20 20 21 -23 -24 -25 25 27 -28 28 -30 -31
leaf_value=0.00041168806077210296 0.0001582782956822515 -0.00057137818120431836 0.0003270083312819236 5.0294990541082524e-05 -0.00082524700809349168 0.0011067287406724107 -0.00031398692521101835 -0.0014627655162694306 0.0033158369802327673 0.0015614301198455085 -0.0013275491369432125 0.0015185453806583595 -0.00096912230183774934 0.0003012485006894439 0.0012347162698060354 -0.00073180112070734833 0.00081232236827970825 -0.001156551320229443 0.0014685703690386909 -0.00024520049144454158 -6.9352293457988767e-05 0.00082380818609929796 0.00079014544098463674 -0.00096575886152396322 -0.00048082948984588575 -1.874964043163674e-07 9.3310485098997876e-05 -0.00052929439564763372 -0.00068491885939928054 0.0013124478561404877
leaf_weight=101 44 41 254 149 224 44 74 52 51 163 85 43 63 71 59 75 86 40 86 285 276 84 82 56 108 9471 42 269 80 84
leaf_count=101 44 41 254 149 224 44 74 52 51 163 85 43 63 71 59 75 86 40 86 285 276 84 82 56 108 9471 42 269 80 84
internal_value=0 0.00336134 0.00816327 -0.000468595 -0.00647986 -0.0101064 0.00336134 -0.000142491 0.0109453 0.00541872 0.000147059 0.012037 -0.000934579 -0.0146307 -0.000358284 0.00904977 0.00154321 -0.00098401 0.000129366 -0.00189229 -0.000541796 0.00443213 0.0212598 -0.00429688 -0.000563966 -0.000467429 -0.0112583 -0.000302877 -0.00679724 -0.0029661
internal_weight=12642 1546 734 11096 570 469 118 10526 200 608 339 269 106 351 10326 220 161 812 772 686 645 360 126 127 10106 10054 150 9904 433 353
internal_count=12642 1546 734 11096 570 469 118 10526 200 608 339 269 106 351 10326 220 161 812 772 686 645 360 126 127 10106 10054 150 9904 433 353
is_linear=0
shrinkage=0.05


Tree=171
num_leaves=31
num_cat=0
split_feature=9 9 4 7 9 8 8 3 7 4 2 0 7 4 2 4 1 1 2 0 4 2 2 7 0 7 1 2 3 0
split_gain=5.41285 12.5847 12.0646 21.4639 25.5372 21.0938 11.4518 12.4517 12.2126 17.4605 11.7454 11.2646 11.0442 21.4789 11.557 17.5388 14.8351 15.5381 11.5193 10.9139 10.6899 18.4825 10.7727 10.3023 20.5511 14.7241 10.2335 10.0446 9.10845 8.94312
threshold=10641.3835 10523.2573125 3.5000000000000004 -0.48314718476766422 11152.979250000002 -0.091260510743598464 0.93992883619806145 1.5000000000000002 -0.12546116083924153 4.5000000000000009 987.93039215686292 20.059803921568633 -0.96688789938088693 5.5000000000000009 990.44803921568644 5.5000000000000009 47.500000000000007 23.43137254901961 980.43627450980409 36.452941176470596 1.5000000000000002 995.65588235294126 993.27745098039225 -0.19337636264337835 34.207843137254905 0.019351116170480156 57.382352941176478 1002.1666666666667 11.500000000000002 15.138235294117649
decision_type=2 2 2 2 2 2 2 2 2 2 2 2 2 2 2 2 2 2 2 2 2 2 2 2 2 2 2 2 2 2
left_child=1 -1 3 4 -2 -6 7 -4 -8 11 -11 -10 13 -9 15 19 17 27 -17 -14 21 -7 -22 24 -5 -25 -24 -16 -12 -27
right_child=2 -3 6 23 5 20 8 12 9 10 28 -13 14 -15 16 18 -18 -19 -20 -21 22 -23 26 25 -26 29 -28 -29 -30 -31
leaf_value=2.5660090324869378e-05 -0.0018364037520755814 0.0006975556806929254 0.00032181729187373765 0.00084747217850339039 0.00074317154827693854 -0.000651545616265814 0.0012225184688236428 -0.0011907825398625367 -1.7301335693185871e-05 0.0011850606699934389 0.00022692348983469231 -0.0013272346494034278 -0.000729971901702578 0.0006586634322023944 0.00062117664083498206 -9.5516073199902748e-05 -7.7044877781484722e-05 -0.0011417884445588944 -0.0018368270195161483 0.00074213054791628106 -0.0013840591911810308 -0.0030253110310995385 -0.00013432660126349029 -0.00035834513316481721 -0.00034922924491658793 -9.4528381008958392e-05 0.00047478399465127052 -0.00045426361332714937 -0.00056844580045352366 0.00016448074143947112
leaf_weight=7737 80 79 150 269 201 119 78 69 47 60 50 45 346 51 47 47 663 125 134 48 72 65 41 176 70 186 63 41 53 1419
leaf_count=7737 80 79 150 269 201 119 78 69 47 60 50 45 346 51 47 47 663 125 134 48 72 65 41 176 70 186 63 41 53 1419
internal_value=8.31222e-05 0.000895484 -0.00123547 0.000923244 -0.00708723 -0.00329181 -0.00413625 -0.00577816 0.00434132 -0.000976562 0.00884146 -0.0182796 -0.00709288 0.00743802 -0.0082989 -0.0138021 -0.00467503 -0.0161215 -0.0266484 -0.0078481 -0.0105263 -0.0189189 -0.00169492 0.00334748 0.0113235 0.00182379 0.00857143 0 -0.00144231 0.00333126
internal_weight=12631 7816 4815 2761 641 561 2054 1721 333 255 163 92 1571 120 1451 575 876 213 181 394 360 184 176 2120 339 1781 104 88 103 1605
internal_count=12631 7816 4815 2761 641 561 2054 1721 333 255 163 92 1571 120 1451 575 876 213 181 394 360 184 176 2120 339 1781 104 88 103 1605
is_linear=0
shrinkage=0.05


Tree=172
num_leaves=31
num_cat=0
split_feature=7 1 7 7 8 4 8 0 0 9 6 7 7 6 7 9 1 9 0 1 1 1 8 4 9 1 8 4 0 6
split_gain=8.61188 5.86466 6.85669 9.01865 6.19119 14.0306 9.62778 13.785 8.7096 12.5067 7.22627 14.9376 15.6308 12.437 11.6662 11.665 25.6636 23.4333 14.5893 13.0342 12.1353 11.7289 22.2787 13.516 21.283 15.625 13.3262 18.4475 21.923 13.6407
threshold=0.99994162507853945 9.6176470588235308 -0.20075075429075132 -0.82415234898030387 0.99865940500831329 2.5000000000000004 0.99530134160901229 18.094117647058827 9.5137254901960802 8454.6499999999996 -0.23537842981696178 -0.99763297024448894 -0.99275346941927067 -0.25206183926700709 -0.98214488425316759 7420.3617500000046 75.774509803921589 8050.7221250000011 24.134313725490198 75.774509803921589 92.049019607843164 20.941176470588239 -0.98212955754013376 1.0000000180025095e-35 8768.3537500000002 58.029411764705891 -0.99467580659249177 2.5000000000000004 25.820588235294121 0.011826144619637555
decision_type=2 2 2 2 2 2 2 2 2 2 2 2 2 2 2 2 2 2 2 2 2 2 2 2 2 2 2 2 2 2
left_child=1 2 3 -1 6 -6 8 -8 9 -3 11 -10 -13 14 -14 16 -12 19 -18 -17 -21 22 -19 24 -23 -26 27 28 -25 -29
right_child=-2 4 -4 -5 5 -7 7 -9 10 -11 15 12 13 -15 -16 17 18 21 -20 20 -22 23 -24 26 25 -27 -28 29 -30 -31
leaf_value=-0.0002453070274268665 0.0022612048978822297 5.2920353077950959e-05 -0.00033891417291776474 0.00077404180344436209 -1.3664357780129867e-05 0.0014087290342509129 5.343638228968127e-05 -0.0029360796128689252 -0.0017008979940380644 -0.00085906247488464068 0.00080065985293911182 0.0028163858781020666 -0.0014607695180242491 -0.00078915579641250511 -2.0967884467978926e-05 -0.0013809314005079733 0.003276281899285605 -0.00051653170477700963 -6.2523136832104428e-05 0.00018414962069051023 -0.00037396768219971621 0.0030775131745130512 0.00055330015831904641 -0.0008784227003484663 -0.000354351254637076 0.00034749981710792828 -3.118726100394785e-05 0.0009304508676465568 0.00061430857796629379 0.0035567357309422066
leaf_weight=63 41 63 211 58 117 56 40 80 65 73 184 54 75 77 3902 97 51 66 194 65 46 54 403 90 186 707 5252 138 41 55
leaf_count=63 41 63 211 58 117 56 40 80 65 73 184 54 75 77 3902 97 51 66 194 65 46 54 403 90 186 707 5252 138 41 55
internal_value=1.58667e-05 -5.96944e-05 -0.00660661 0.00286885 0.000118542 0.00948276 -1.65851e-05 -0.0140496 0.000125639 -0.0124088 0.000271118 -0.00140153 -0.00102215 -0.00138101 -0.000992961 0.00118611 0.00918605 0.000708235 -0.00142276 -0.0157895 -0.00401786 0.0012012 0.00882979 0.000651441 0.00617089 0.00430649 -0.000286893 0.00953846 -0.00492424 0.0193299
internal_weight=12604 12563 332 121 12231 173 12058 120 11938 136 11802 4173 4108 4054 3977 7629 429 7200 245 208 111 6992 469 6523 947 893 5576 324 131 193
internal_count=12604 12563 332 121 12231 173 12058 120 11938 136 11802 4173 4108 4054 3977 7629 429 7200 245 208 111 6992 469 6523 947 893 5576 324 131 193
is_linear=0
shrinkage=0.05


Tree=173
num_leaves=31
num_cat=0
split_feature=3 7 1 7 7 1 2 9 1 3 8 3 6 9 2 6 7 2 8 7 8 1 9 9 9 4 7 2 6 1
split_gain=7.71584 12.3005 10.874 9.01835 13.885 10.8022 12.1968 10.7714 7.87724 7.20496 14.8779 10.6074 22.6115 17.9385 11.2528 10.9723 10.7187 10.3939 13.206 10.1273 11.8795 23.3387 9.4757 8.85362 10.9994 12.8618 11.317 8.53375 9.89308 8.33416
threshold=20.500000000000004 -0.99467753128998015 63.656862745098046 0.34841060557183762 -0.091260668982868151 42.166666666666679 992.75196078431384 8168.3198125000008 52.500000000000007 11.500000000000002 0.99865940500831329 14.500000000000002 0.36447543099728863 8695.4433125000014 999.32843137254906 -0.31800055644052067 -0.99467753128998015 994.41764705882372 -0.82413948779581736 0.92919371535393525 -0.63090078682092632 58.029411764705891 11380.287062500001 7271.1529999999993 8644.715000000002 3.5000000000000004 -0.030099068566675755 974.79313725490204 0.86869874770991873 52.088235294117659
decision_type=2 2 2 2 2 2 2 2 2 2 2 2 2 2 2 2 2 2 2 2 2 2 2 2 2 2 2 2 2 2
left_child=9 -2 3 4 7 -5 -7 -3 -9 -1 11 12 22 16 -14 -15 -13 18 -18 20 -19 -22 23 29 25 -25 -26 28 -17 -11
right_child=1 2 -4 5 -6 6 -8 8 -10 10 -12 13 14 15 -16 27 17 19 -20 -21 21 -23 -24 24 26 -27 -28 -29 -30 -31
leaf_value=2.1751466750408179e-05 0.0022825613810874726 -0.00036636570369717459 -4.5220945558027693e-05 0.0015496984963543792 -0.00078221396627285169 0.0018040317807851052 -0.00040861129148274389 0.00044142747179734825 0.0010466025982960008 0.00015177451050850388 0.00090937087193806586 0.00095718616869072128 -0.00080038026618829694 0.0019280911409462311 4.8036219030664874e-05 -4.0887927043367639e-05 0.00045092104156071457 -0.0011573536615195432 -0.00021539848097872351 -0.0035236919074115749 0.00031785980385983518 -0.001377980049839725 -0.0020825436797499027 0.0011230480901974176 -0.0004709530810600174 -1.9417609498473265e-05 0.00045151752753970557 3.2034867010782841e-05 0.0013158858302028732 -0.00015959108643626152
leaf_weight=6313 44 78 791 183 99 54 99 166 54 167 74 54 533 47 122 52 71 127 787 40 143 72 45 108 149 81 112 1661 53 251
leaf_count=6313 44 78 791 183 99 54 99 166 54 167 74 54 533 47 122 52 71 127 787 40 143 72 45 108 149 81 112 1661 53 251
internal_value=-0.000158341 0.00312301 0.00236066 0.00674387 0.00163317 0.0127596 0.00292208 0.00702341 0.0126697 -0.000623701 -0.00209474 -0.00244867 -0.00579987 -0.000756113 -0.0128811 0.00245314 -0.00525097 -0.00620467 -0.00314319 -0.0130548 -0.0102041 -0.00300926 -0.00071116 0.000460299 0.00532151 0.0144737 -0.00133588 0.00181098 0.015566 -0.00477327
internal_weight=12630 1568 1524 733 397 336 153 298 220 11062 4749 4675 1568 3107 655 1813 1294 1240 858 382 342 215 913 868 450 189 261 1766 105 418
internal_count=12630 1568 1524 733 397 336 153 298 220 11062 4749 4675 1568 3107 655 1813 1294 1240 858 382 342 215 913 868 450 189 261 1766 105 418
is_linear=0
shrinkage=0.05


Tree=174
num_leaves=31
num_cat=0
split_feature=6 9 1 9 1 6 9 8 0 5 4 3 9 5 4 0 3 0 1 6 9 1 0 5 0 9 3 9 8 5
split_gain=4.97816 15.6051 20.4044 19.585 15.5335 15.1477 13.6483 22.467 17.8067 18.2715 15.6608 17.6431 18.4083 14.2915 13.91 13.8144 15.2496 12.4816 16.4986 12.3499 14.1521 30.5127 12.3206 12.2553 11.9153 11.8162 11.767 11.6526 18.8754 16.185
threshold=-0.23537842981696178 7404.1654374999989 76.343137254901976 8050.7221250000011 73.029411764705898 -0.25206183926700709 10700.330562500001 -0.92923506988415838 10.880392156862746 0.9550229469509578 1.5000000000000002 12.500000000000002 10045.650000000001 -0.39036798905311365 5.5000000000000009 28.475490196078436 6.5000000000000009 22.950000000000003 33.00980392156864 -0.013976481981245173 11488.780000000001 62.323529411764717 24.134313725490198 -0.88622299073327826 20.826470588235299 9623.6006875000003 6.5000000000000009 9422.8140000000003 -0.55656394595157355 -0.94139628442229062
decision_type=2 2 2 2 2 2 2 2 2 2 2 2 2 2 2 2 2 2 2 2 2 2 2 2 2 2 2 2 2 2
left_child=5 2 -2 4 -3 26 7 14 -9 10 11 13 -13 -10 -5 16 -12 18 -18 -8 21 -21 -4 -22 -6 -19 27 28 29 -1
right_child=1 3 22 6 24 -7 19 8 9 -11 15 12 -14 -15 -16 -17 17 25 -20 20 23 -23 -24 -25 -26 -27 -28 -29 -30 -31
leaf_value=0.00065965880935628949 0.00099511551134703348 -0.0012881698800681297 0.0037988499595049963 -0.0001612448361583252 0.00068316429873074228 -0.00075129974994241901 0.00039276821857666679 -0.00024094874938496852 0.0032661348694608019 0.0021856453973016473 -0.0010111273992986752 -0.00032144374818620925 0.0016442897434083171 0.0003405335581827554 0.001271351064713977 0.00097825684241724668 0.001152621265471289 -0.0012744569665889716 4.519578605283181e-05 -0.0016262919376822831 0.0012550594306222186 -6.0221468289745067e-05 -7.2989830888003923e-05 -2.0503517190161025e-05 -0.00022337525044598963 0.00013404449516136175 -0.00012875178598347888 0.0013777006922908134 0.0002747231747232182 -0.00097202356897540675
leaf_weight=59 189 94 50 973 40 73 215 100 123 214 206 103 53 65 147 211 138 47 225 125 40 385 170 4024 99 102 3136 68 997 156
leaf_count=59 189 94 50 973 40 73 215 100 123 214 206 103 53 65 147 211 138 47 225 125 40 385 170 4024 99 102 3136 68 997 156
internal_value=0.000122743 0.000860057 0.0103659 0.000355757 -0.0138889 -0.00121381 0.00080032 0.00363737 0.00746222 0.00883737 0.00655416 0.0156522 0.00318471 0.0259259 -0.00178412 0.00317204 -0.000139082 0.00448343 0.00947802 -0.000803758 -0.00135519 -0.00919765 0 -0.000369004 -0.00321429 -0.00766667 -0.000837673 0.00320062 0.00206101 -0.0113426
internal_weight=12627 8138 409 7729 233 4489 7496 2707 1587 1487 1273 344 156 188 1120 929 718 512 363 4789 4574 510 220 4064 139 149 4416 1280 1212 215
internal_count=12627 8138 409 7729 233 4489 7496 2707 1587 1487 1273 344 156 188 1120 929 718 512 363 4789 4574 510 220 4064 139 149 4416 1280 1212 215
is_linear=0
shrinkage=0.05


Tree=175
num_leaves=31
num_cat=0
split_feature=1 7 7 1 6 6 0 7 7 0 7 0 8 8 6 5 7 7 5 2 0 0 2 2 1 2 0 5 2 7
split_gain=6.05756 5.76248 7.1154 5.35254 7.19841 8.69529 9.05855 5.26637 7.87377 15.173 7.26533 16.0344 18.3245 9.0203 7.47692 6.12016 5.55403 17.4388 18.802 13.46 19.0031 8.01428 9.27834 6.99229 14.4986 6.25984 14.0603 14.3398 13.2925 16.4193
threshold=10.911764705882355 0.99983759474438971 0.9993614236720848 4.598039215686275 -0.69676771491221523 -0.16799793862756093 13.098039215686276 0.99865421017599998 0.9962888416657264 17.638235294117653 0.97109394436505758 16.587254901960787 0.18281650233046789 0.14889004263668562 -0.63257203029273779 0.73865729060996166 0.93544191479114935 0.94135275643221272 0.79383249484937135 988.97156862745112 28.140196078431376 26.490196078431374 996.28137254901981 993.90294117647068 42.617647058823536 982.47352941176484 43.150980392156875 0.95242846126021108 975.51666666666677 -0.95244167294248061
decision_type=2 2 2 2 2 2 2 2 2 2 2 2 2 2 2 2 2 2 2 2 2 2 2 2 2 2 2 2 2 2
left_child=3 2 7 -1 -5 -6 -7 8 10 -10 16 14 13 15 -12 -13 25 -18 19 20 -19 22 23 24 -21 26 27 28 -2 -30
right_child=1 -3 -4 4 5 6 -8 -9 9 -11 11 12 -14 -15 -16 -17 17 18 -20 21 -22 -23 -24 -25 -26 -27 -28 -29 29 -31
leaf_value=0.00055164858661330694 2.9581145051921222e-05 0.00097707101316475155 -0.0011292516132991065 -0.0010548647806557677 0.00059956324554970861 0.00019871272837768684 -0.00027186580427777663 0.00087689565606111704 0.00030672860956527936 -0.0015408070955647412 -0.0014204530957718732 0.0010323342813991596 0.0036387628453454545 -0.001588482268674505 8.0329346624358202e-07 3.6422411195233263e-05 -0.002102542622209898 0.001600810173376227 0.0010970823826586755 -0.0027991241103490303 -0.0011203609746723963 0.00012553612032673855 -0.0019206660883099053 0.00024570362636083186 -5.2105337118993349e-05 2.7059399279499332e-05 0.00019988071220544137 0.0008883781910254962 0.00061024866719498478 -0.00086103328396595349
leaf_weight=52 265 66 63 146 46 46 169 72 74 80 59 254 62 50 96 152 64 79 74 43 45 56 48 41 53 9492 142 92 47 490
leaf_count=52 265 66 63 146 46 46 169 72 74 80 59 254 62 50 96 152 64 79 74 43 45 56 48 41 53 9492 142 92 47 490
internal_value=8.78664e-05 0.000302653 0.000220944 -0.00554348 -0.00747549 -0.00248092 -0.00671296 0.000310117 0.000227675 -0.0109677 0.000375908 0.00541543 0.00963391 0.00612691 -0.00865385 0.00859951 6.7984e-05 -0.00505952 -0.00147727 -0.00614754 0.0072 -0.0130165 -0.0180108 -0.0112319 -0.0185567 0.00031342 -0.00337512 -0.00569832 -0.00784558 -0.0123606
internal_weight=12518 12059 11993 459 407 261 215 11930 11858 154 11704 673 518 456 155 406 11031 503 439 365 124 241 185 137 96 10528 1036 894 802 537
internal_count=12518 12059 11993 459 407 261 215 11930 11858 154 11704 673 518 456 155 406 11031 503 439 365 124 241 185 137 96 10528 1036 894 802 537
is_linear=0
shrinkage=0.05


Tree=176
num_leaves=31
num_cat=0
split_feature=9 1 2 7 7 9 9 2 2 7 6 0 0 1 7 7 2 2 5 3 3 2 2 2 9 9 0 1 5 5
split_gain=7.51083 13.8884 8.03506 7.6463 24.9078 11.1886 10.9171 9.7836 9.75315 10.1705 18.214 10.5173 9.37448 8.96427 11.4954 9.24919 8.0065 7.96485 15.0874 12.4867 13.0711 7.91505 7.45114 12.3798 10.1654 17.8848 11.8729 13.935 11.8471 15.7747
threshold=4152.9249999999993 52.970588235294123 993.21078431372564 0.89115239534193136 0.90159200968320541 4719.7140000000018 4766.7499999999991 1007.6264705882355 993.60294117647061 0.91593490216309192 -0.78858226040708135 14.699019607843139 13.387254901960786 43.10784313725491 0.94704596667653973 0.96231527631374336 987.08529411764721 991.9205882352943 0.75014288946266361 9.5000000000000018 3.5000000000000004 995.86960784313737 999.64411764705903 999.21372549019623 12173.294062500003 12491.249562499996 10.636274509803924 52.500000000000007 0.94978112945126536 0.93237596376505805
decision_type=2 2 2 2 2 2 2 2 2 2 2 2 2 2 2 2 2 2 2 2 2 2 2 2 2 2 2 2 2 2
left_child=1 2 -1 5 -5 -2 16 22 17 -10 11 -11 -12 15 -15 -14 -7 18 -6 20 -19 -17 23 24 26 -26 27 -8 29 -27
right_child=3 -3 -4 4 8 6 7 -9 9 10 12 -13 13 14 -16 21 -18 19 -20 -21 -22 -23 -24 -25 25 28 -28 -29 -30 -31
leaf_value=0.0044280796029383838 0.0024118330761837394 -0.0007745792873488852 2.4239413578214244e-05 -0.0012975717932113011 -4.3094380120366206e-06 -0.0004223961519785824 6.5146493792243859e-05 0.00092223544597404012 0.0015051758669969988 -1.8911664173899142e-05 -0.00047892479302025367 -0.0028768263579131066 0.001699563782087818 -0.001171609958404879 0.00040567947050327018 0.0010774992837804711 -0.0026980509195002806 -0.001983723055664481 -0.0028551223817102015 -0.0010541890654319319 0.00106966434098478 -0.00061512428973246056 -0.00010657406678155346 0.00034093064946395389 -0.0012444535136476476 -2.5686287031406047e-05 6.9607749356098711e-05 -0.00086902671683568148 -0.0011583494287785046 0.0018254311820535248
leaf_weight=81 61 56 49 120 744 68 88 69 62 40 46 52 63 58 299 88 67 44 54 158 52 43 1104 157 169 1613 6828 94 97 58
leaf_count=81 61 56 49 120 744 68 88 69 62 40 46 52 63 58 299 88 67 44 54 158 52 43 1104 157 169 1613 6828 94 97 58
internal_value=0.000214575 0.0101604 0.019084 6.45317e-05 -0.00283264 0.000596716 0.000470566 0.000656743 -0.00135809 0.00299202 0.00123188 -0.0193548 0.00443144 0.00625 0.00153631 0.0148718 -0.0136029 -0.00446344 -0.0020025 -0.0121569 0.00206186 0.00719697 0.000528945 0.000999451 0.000754359 -0.00245098 0.00164028 -0.010929 -0.000960995 2.99043e-05
internal_weight=12582 186 130 12396 1923 10473 10412 10277 1803 751 689 92 597 551 357 194 135 1052 798 254 96 131 10208 9104 8947 1937 7010 182 1768 1671
internal_count=12582 186 130 12396 1923 10473 10412 10277 1803 751 689 92 597 551 357 194 135 1052 798 254 96 131 10208 9104 8947 1937 7010 182 1768 1671
is_linear=0
shrinkage=0.05


Tree=177
num_leaves=31
num_cat=0
split_feature=3 1 5 1 2 0 0 0 1 5 8 8 3 8 0 8 9 8 8 1 0 8 8 2 2 2 2 2 2 0
split_gain=7.65695 8.85829 10.7822 10.4063 8.26206 9.19331 7.86306 9.453 16.0233 7.9287 7.70074 8.13226 7.66125 12.8747 17.81 13.3772 13.3859 9.97515 14.6616 15.4538 16.1552 19.6314 10.5944 9.47812 9.46346 14.7904 11.6762 9.40786 9.18515 9.85696
threshold=20.500000000000004 64.343137254901976 -0.69674959280705229 20.941176470588239 990.08137254901965 14.395098039215688 14.100980392156865 21.05980392156863 87.774509803921589 0.9550229469509578 0.8500094512057853 0.53313582347195043 9.5000000000000018 0.89975755788027889 15.706862745098041 0.91852788691372023 7239.4937499999978 0.77652048701313048 0.50371863418624774 77.539215686274517 30.738235294117647 0.65720762023595369 0.74299920719979395 993.80000000000007 996.00098039215698 986.02450980392166 999.42156862745117 1004.7049019607845 991.19509803921585 17.385294117647064
decision_type=2 2 2 2 2 2 2 2 2 2 2 2 2 2 2 2 2 2 2 2 2 2 2 2 2 2 2 2 2 2
left_child=12 2 3 -2 -4 -6 -3 8 -8 10 11 -9 -1 17 -15 -16 -17 18 -14 22 -21 -22 -20 -18 25 -19 -26 -28 -27 -30
right_child=1 6 4 -5 5 -7 7 9 -10 -11 -12 -13 13 14 15 16 23 24 19 20 21 -23 -24 -25 26 28 27 -29 29 -31
leaf_value=4.0055472829372832e-05 -0.00028896162486037326 -0.00028853620886364203 0.0014782131883946115 0.0020340594067405002 0.00031242622722919974 -4.4997845916503609e-05 2.5999183807629002e-05 -0.00010332365704437408 0.0012857649242208613 0.0021824874824333514 0.00037384599152711089 -0.00062360268691343814 -0.00011281306312849182 0.00027346624698569718 0.001682694128341683 -0.0014144647803608912 -0.0001200820365990396 0.0012148156630934826 0.00036760922567040806 -0.0013425022408869532 0.001064972255254515 -0.00035768122477195522 0.002279942328649716 0.00028958405087308597 0.00068548215020001438 -0.00087357828469241403 -0.0007570727372785941 0.00022606026834218925 -0.00083149303335841032 0.00033614341113433758
leaf_weight=5214 46 52 67 168 74 410 201 283 63 50 62 103 4044 93 64 122 240 43 288 167 85 71 40 188 54 96 55 44 47 57
leaf_count=5214 46 52 67 168 74 410 201 283 63 50 62 103 4044 93 64 122 240 43 288 167 85 71 40 188 54 96 55 44 47 57
internal_value=0.000131036 0.00338608 0.00724543 0.0167442 0.00353261 0.00123711 -0.000245399 0.00104849 0.00867925 -0.00300601 -0.00512249 -0.00775194 -0.000335967 -0.00158648 0.00473164 0.00162602 -0.000907441 -0.00246465 -0.0018207 0.00513804 -0.00262346 0.0089172 0.012766 0.0032634 -0.0100756 -0.0161885 -0.000324675 -0.0105 -0.0218905 -0.0114286
internal_weight=12591 1579 765 214 551 484 814 762 264 498 448 386 11012 5798 707 614 550 5091 4695 651 323 156 328 428 396 243 153 99 200 104
internal_count=12591 1579 765 214 551 484 814 762 264 498 448 386 11012 5798 707 614 550 5091 4695 651 323 156 328 428 396 243 153 99 200 104
is_linear=0
shrinkage=0.05


Tree=178
num_leaves=31
num_cat=0
split_feature=0 9 9 2 3 7 2 6 6 0 4 6 2 6 6 9 0 2 2 4 6 4 7 9 6 2 2 9 4 7
split_gain=4.67905 19.1204 9.78401 16.6733 7.28792 7.76769 5.74976 11.0029 9.27413 11.943 8.33083 7.77031 7.73741 6.09022 26.4659 16.9012 14.0132 13.5254 14.5507 11.8943 6.13166 17.0601 8.24885 7.07145 15.1418 18.2049 27.384 15.2328 14.385 17.8122
threshold=10.168627450980393 5691.125 7582.0725625000005 997.91764705882372 6.5000000000000009 -0.091260668982868151 1002.1666666666667 0.99681593486783593 0.96177147954086928 25.914705882352944 3.5000000000000004 0.97062204580664158 1001.8931372549021 0.99249573635719013 0.99024581825578073 13120.487999999999 17.860784313725492 999.10686274509817 984.17549019607861 3.5000000000000004 0.97263757644091875 2.5000000000000004 0.3362885358101006 10428.337125000004 0.18281312110578132 991.04313725490204 994.30000000000007 9615.159999999998 2.5000000000000004 -0.99275346941927067
decision_type=2 2 2 2 2 2 2 2 2 2 2 2 2 2 2 2 2 2 2 2 2 2 2 2 2 2 2 2 2 2
left_child=1 -1 -3 -4 -5 -6 12 8 9 10 -8 -10 13 14 20 -15 -17 18 -18 -20 23 -22 -23 24 28 -26 -27 -28 29 -2
right_child=6 2 3 4 5 -7 7 -9 11 -11 -12 -13 -14 15 -16 16 17 -19 19 -21 21 22 -24 -25 25 26 27 -29 -30 -31
leaf_value=-0.00088310019383481056 0.0032685524650547127 0.00066921976944718737 -0.00078334868972859619 -0.00037072943229778007 -3.7090972098826476e-05 0.00023166267147358769 -0.0012998946805653237 -0.00071347466342920195 0.00069689423306192814 0.00041320156607539406 -0.0003609398085454699 -0.00018708182274589232 0.0011089170716195654 0.0028963103417474103 -0.0020467007099216894 0.00040679289565270229 0.00056555823505973217 0.0010901768303580807 -0.00017813602757074112 -0.0024797617430714642 0.0013028174583831821 -0.00016422571040755618 0.00034356235410213379 -7.0963538969590073e-05 -1.0084078890260085e-05 0.0021199693966173646 -4.1947959647165027e-05 0.0014300934546472009 7.8211588226584372e-05 -0.00014871326275518461
leaf_weight=42 48 44 60 43 69 53 106 44 80 61 103 105 50 73 72 50 62 73 97 57 103 182 63 3627 724 242 400 196 3183 2407
leaf_count=42 48 44 60 43 69 53 106 44 80 61 103 105 50 73 72 50 62 73 97 57 103 182 63 3627 724 242 400 196 3183 2407
internal_value=-0.000203674 -0.00625 -0.0012963 -0.00553097 0.00271084 0.00894309 -4.91441e-05 -0.0053 -0.00296053 -0.00885609 -0.0145238 0.00564516 0.000175064 9.00515e-05 -0.000128912 0.00605327 0.00132353 -0.00293103 -0.00921659 -0.0174194 6.71081e-05 0.00659026 -0.000609756 -0.000143147 0.000763783 0.00511836 0.0101311 0.00435511 -0.000443341 -0.0033184
internal_weight=12519 311 269 225 165 122 12208 499 455 270 209 185 11709 11659 11247 412 339 289 216 154 11175 348 245 10827 7200 1562 838 596 5638 2455
internal_count=12519 311 269 225 165 122 12208 499 455 270 209 185 11709 11659 11247 412 339 289 216 154 11175 348 245 10827 7200 1562 838 596 5638 2455
is_linear=0
shrinkage=0.05


Tree=179
num_leaves=31
num_cat=0
split_feature=8 6 3 5 1 7 6 1 3 9 6 6 1 6 9 9 7 7 8 8 8 1 1 5 8 2 6 2 3 6
split_gain=6.85482 11.4106 10.9752 11.1393 8.6018 13.9259 10.1633 9.4553 9.45694 8.42443 7.50262 30.5129 19.8045 9.75245 7.45502 12.6514 9.8275 14.8895 7.20587 16.6152 13.266 7.12703 7.06909 10.467 6.69499 6.37212 15.8754 8.71183 7.61453 6.0993
threshold=0.89693010073300883 0.97062204580664158 5.5000000000000009 0.19337368024598436 25.382352941176475 -0.05695216311707673 0.99981043035926087 18.735294117647062 14.500000000000002 13249.7464375 -0.95998493203694346 -0.96904977397942549 51.676470588235297 -0.91249077947840473 15048.991749999999 15273.324999999999 -0.29343379936893921 -0.159513159777915 0.95111414672704442 0.98334068794774554 0.92763104771667149 86.107843137254918 72.441176470588246 -0.31799228562170639 0.93771382312378282 991.98725490196091 -0.94426098523567992 993.60294117647061 17.500000000000004 -0.93237865822738086
decision_type=2 2 2 2 2 2 2 2 2 2 2 2 2 2 2 2 2 2 2 2 2 2 2 2 2 2 2 2 2 2
left_child=1 10 9 4 5 -4 14 8 -7 18 11 12 -1 22 16 -16 24 -18 20 -20 -2 -17 25 -24 -6 26 -12 -27 29 -29
right_child=2 -3 3 -5 6 7 -8 -9 -10 -11 13 -13 -14 -15 15 21 17 -19 19 -21 -22 -23 23 -25 -26 27 -28 28 -30 -31
leaf_value=0.0026317254250251458 -0.00035150811766314631 -0.00043430157641403749 7.4692768474385684e-05 0.0012798419627409715 0.00018456057869634668 0.00016287900159668648 0.0014957458750425034 -0.0023395215478353203 -0.0035109100832916742 -0.0006729722239699463 -6.1660927101506177e-05 -0.0012668898138964804 -0.00071711091369018327 -2.2991914163096595e-05 -0.0028049934357269935 -0.00065338595264312978 0.001881123375530823 0.0001675640530783465 -0.00074093996417891892 0.00059100538693978026 0.0017787672748506207 0.00033723191168070213 -0.00059702317080767846 0.0013990325843080021 -0.0027186054955040495 -0.00065056025839063398 0.0021785943871968252 0.00027480509747632723 -0.00043665426113365384 0.0016220139576811586
leaf_weight=56 41 40 120 77 57 42 60 48 40 171 42 112 41 10276 42 48 102 432 73 66 40 61 62 47 43 61 75 62 40 62
leaf_count=56 41 40 120 77 57 42 60 48 40 171 42 112 41 10276 42 48 102 432 73 66 40 61 62 47 43 61 75 62 40 62
internal_value=-5.98086e-05 -0.000501048 0.00303708 0.0054561 0.00415146 -0.00398406 0.00656028 -0.0152672 -0.00481928 -0.00420918 -0.000402304 -0.0097619 0.0107143 -0.000219053 0.00502545 -0.00493421 0.00740157 0.0100935 0.00226244 -0.00464286 0.0140244 0.00409091 0.00696903 -0.00409091 -0.00693069 0.0104956 0.0199153 0.00553097 0.0115152 0.0176
internal_weight=12539 10976 1563 1172 1095 250 845 130 82 391 10936 209 97 10727 785 151 634 534 220 139 81 109 451 109 100 342 117 225 164 124
internal_count=12539 10976 1563 1172 1095 250 845 130 82 391 10936 209 97 10727 785 151 634 534 220 139 81 109 451 109 100 342 117 225 164 124
is_linear=0
shrinkage=0.05


Tree=180
num_leaves=31
num_cat=0
split_feature=7 7 7 7 9 0 2 4 9 0 5 0 9 7 7 7 9 7 9 7 9 1 9 9 9 2 0 0 1 5
split_gain=8.27563 5.59799 6.1906 6.40755 6.63012 16.7914 26.0344 12.8454 10.7621 12.0614 8.00706 6.32473 8.54904 4.63527 14.8672 15.7111 17.1607 6.32207 11.4809 10.4596 10.2484 10.0379 7.7616 17.5498 28.6212 17.1423 12.5584 10.2556 10.4634 12.8054
threshold=0.99994162507853945 0.9993614236720848 0.99865421017599998 0.99351232050787985 4577.2022500000021 27.906862745098042 995.21470588235309 2.5000000000000004 4616.411750000002 18.842156862745103 -0.79384350655589164 14.206862745098041 4258.8000000000002 0.99049901459377832 0.98702314536340274 0.98091558679606194 13793.843124999994 0.96687895796550427 4719.7140000000018 0.97364703930971175 4766.7499999999991 48.911764705882355 6114.3703124999984 6713.7418749999979 6915.8354999999983 994.89705882352962 31.526470588235298 22.799019607843139 85.676470588235318 -0.20180236284700911
decision_type=2 2 2 2 2 2 2 2 2 2 2 2 2 2 2 2 2 2 2 2 2 2 2 2 2 2 2 2 2 2
left_child=1 2 3 4 5 6 7 -1 9 -6 -9 -5 -13 14 15 17 -17 18 -10 -19 -20 -21 26 25 -25 -24 27 -22 29 -29
right_child=-2 -3 -4 11 8 -7 -8 10 13 -11 -12 12 -14 -15 -16 16 -18 19 20 21 22 -23 23 24 -26 -27 -28 28 -30 -31
leaf_value=0.00036979209804022251 0.0029092331309054976 -0.00053689423282762274 0.0011654441321537229 0.00018523472991302111 -0.0052315041589944492 -0.0004365018926915987 -0.00073199926313156363 0.001045189507951383 0.002746340860032974 0.0012927328455929533 0.0075984247036049116 -0.0044943367332417206 -0.0002467355608391904 0.0006822948453455394 -0.0028445411975883184 0.0040879929814524266 -9.2389152767019533e-05 -0.0011714107073869677 -0.001239154727959399 -0.0023896222304337872 0.000112659708434254 0.00057710729305469617 -3.64962154268178e-05 0.004637258219103507 -3.6894264148081004e-06 -0.0010989796972678283 -9.9337297492141382e-05 0.0015808173329661113 -0.0004295114150797974 -0.00095145555049293566
leaf_weight=69 43 118 78 60 41 49 61 43 58 41 72 44 168 95 96 58 59 76 140 40 766 75 269 83 9150 250 105 287 46 74
leaf_count=69 43 118 78 60 41 49 61 43 58 41 72 44 168 95 96 58 59 76 140 40 766 75 269 83 9150 250 105 287 46 74
internal_value=-5.54895e-05 -0.000131244 -2.81034e-05 -0.000117162 5.37013e-05 0.00745763 0.0128049 0.0221622 -0.000131245 -0.0180723 0.0323276 -0.00769231 -0.0117371 -4.2633e-06 -9.45586e-05 6.93421e-05 0.0182203 -0.000118214 3.56221e-05 -0.00911458 -8.05658e-05 0.000431034 9.06536e-05 -0.000389624 0.00011371 -0.00932692 0.00375293 0.0052385 0.0116422 0.0145028
internal_weight=12614 12571 12453 12375 12103 294 245 184 11809 82 115 272 212 11727 11632 11536 117 11419 11228 191 11170 115 11030 9752 9233 519 1278 1173 407 361
internal_count=12614 12571 12453 12375 12103 294 245 184 11809 82 115 272 212 11727 11632 11536 117 11419 11228 191 11170 115 11030 9752 9233 519 1278 1173 407 361
is_linear=0
shrinkage=0.05


Tree=181
num_leaves=31
num_cat=0
split_feature=3 0 9 1 9 3 1 7 0 1 7 8 8 3 3 2 9 5 7 7 7 1 2 5 1 8 9 7 1 3
split_gain=5.91318 6.78787 20.3534 10.9631 16.6932 10.7063 9.13232 7.8352 12.7303 14.6552 9.11733 7.50545 8.67081 7.32292 7.28634 9.05075 10.2924 15.0289 12.0774 9.08532 12.5901 15.2364 8.45751 7.57849 15.5437 20.7158 14.191 18.745 13.0472 11.5844
threshold=19.500000000000004 33.377450980392162 7337.5749999999998 97.460784313725512 14156.373874999988 11.500000000000002 82.735294117647072 0.99274428880883148 17.638235294117653 58.029411764705891 0.98901264295277169 0.41203268437863022 -0.99054309756674508 14.500000000000002 2.5000000000000004 982.47352941176484 13325.048624999996 -0.61237985104942771 0.71051919230648819 -0.98214488425316759 -0.96688789938088693 53.852941176470594 976.21862745098042 -0.861146256326485 95.735294117647072 -0.80417042486635371 6713.7418749999979 0.31596169403973995 75.774509803921589 9.5000000000000018
decision_type=2 2 2 2 2 2 2 2 2 2 2 2 2 2 2 2 2 2 2 2 2 2 2 2 2 2 2 2 2 2
left_child=1 7 -3 4 6 -6 11 10 -9 -10 14 12 -4 -14 22 16 17 -16 -18 -17 21 -21 -1 24 25 26 29 -28 -29 -22
right_child=-2 2 3 -5 5 -7 -8 8 9 -11 -12 -13 13 -15 15 19 18 -19 -20 20 23 -23 -24 -25 -26 -27 27 28 -30 -31
leaf_value=0.0013745730596141455 0.00010936823295517249 -8.4002033580465882e-05 0.00046198520019888892 0.0015783602235915795 2.8113227728904236e-05 -0.0021998079566838634 4.1149282543917477e-05 0.00012225670119872905 -1.0800164120411405e-05 -0.0015246754891956637 0.0012719011377130532 0.00056934316688597448 -9.9013025377281408e-05 0.00043038768203228499 -0.0017940201759632985 -0.00045001371933361435 -0.001596005930155131 6.8213361616877019e-05 -0.00034216413431028967 -0.00018454436077524651 -0.00027243584495747488 0.0014693501026555368 6.7313228877727288e-05 -9.2437618110504874e-05 0.0019791902477638182 0.00061573688381690028 -0.0002798054062216171 0.0021894081316346766 -0.00011854315453432297 -0.0038724536362704566
leaf_weight=46 2076 163 65 83 70 62 446 168 97 118 80 92 96 42 93 400 42 349 72 52 41 93 1320 5084 67 565 593 71 53 45
leaf_count=46 2076 163 65 83 70 62 446 168 97 118 80 92 96 42 93 400 42 349 72 52 41 93 1320 5084 67 565 593 71 53 45
internal_value=-3.16331e-05 -0.000510928 0.00316964 0.00595611 0.00429062 -0.0120301 0.00721024 -0.00094709 -0.00794271 -0.0159722 -0.000650711 0.0140203 0.00857843 0.00143885 -0.000801157 -0.00140402 -0.00754039 -0.00406321 -0.0208696 -0.000920028 -0.00048012 0.0140411 0.00256035 -0.000805215 0.00240251 0.00124178 -0.00391791 -0.00160167 0.016 -0.0229885
internal_weight=12644 10568 1119 956 873 132 741 9449 383 215 9066 295 203 138 8986 7620 556 442 114 7064 6664 145 1366 6519 1435 1368 803 717 124 86
internal_count=12644 10568 1119 956 873 132 741 9449 383 215 9066 295 203 138 8986 7620 556 442 114 7064 6664 145 1366 6519 1435 1368 803 717 124 86
is_linear=0
shrinkage=0.05


Tree=182
num_leaves=31
num_cat=0
split_feature=2 2 0 9 6 8 9 1 9 9 6 9 0 7 2 6 0 9 8 6 0 2 7 3 3 8 8 8 2 8
split_gain=5.74117 9.93474 13.5355 14.19 11.4698 9.7923 26.0621 11.2168 11.8896 17.6936 11.6568 10.0771 12.4389 9.25725 11.5128 10.1915 10.1045 11.0432 8.88266 11.654 8.79401 8.4734 8.42685 7.99833 10.2606 7.92285 8.89674 27.7185 14.2119 9.88933
threshold=996.45588235294133 989.67156862745117 26.989215686274513 13793.843124999994 0.98770287048522643 -0.78324956448884031 7615.2225625000019 93.598039215686285 9083.6258749999997 9642.3513124999936 -0.031174269516803289 4152.9249999999993 18.288235294117651 -0.030099068566675755 991.58137254901965 0.21652257995689161 24.134313725490198 11061.174437499998 -0.67802903493420741 -0.38243420677835349 33.377450980392162 993.80000000000007 -0.93545056548590078 5.5000000000000009 16.500000000000004 -0.65721521735223198 -0.59350570164704342 -0.48314634702607501 991.9205882352943 -0.10837475778693638
decision_type=2 2 2 2 2 2 2 2 2 2 2 2 2 2 2 2 2 2 2 2 2 2 2 2 2 2 2 2 2 2
left_child=1 -1 4 22 5 6 -3 8 -8 10 -10 12 -7 14 -11 -16 17 -15 19 -13 -5 -19 -4 -21 -25 -20 28 -28 -27 -29
right_child=-2 2 3 20 -6 11 7 -9 9 13 -12 18 -14 16 15 -17 -18 21 25 23 -22 -23 -24 24 -26 26 27 29 -30 -31
leaf_value=-3.9000994583270057e-05 -6.8421455652374624e-05 0.0029708744610696448 -0.00029963779047411103 0.0004064752962817886 0.00046538391749163734 -0.00043877214880005402 -0.00085579085444535132 0.00150834185651767 0.0006790911219571108 -0.00088839614799018788 0.0052051066124018568 -0.0021467129403885178 0.0050305796167951613 7.7553381457123868e-06 0.00020348780742329708 0.0033676919858612155 0.00089175548406744969 -0.00038691385445188968 0.0007315697602821525 -0.0010602909255539833 -0.0022934994612090003 -0.0010684642305565401 0.00078563843919100546 0.00054166182707080619 -0.00056621298460998726 0.00023548549142115294 0.0011829235801630229 -0.00048128172812866854 -0.0013904657038706692 -2.7684093411615985e-05
leaf_weight=4004 3186 117 104 69 84 43 180 43 44 50 40 61 56 71 201 42 64 45 56 45 62 46 935 46 45 60 161 401 101 1983
leaf_count=4004 3186 117 104 69 84 43 180 43 44 50 40 61 56 71 201 42 64 45 56 45 62 46 935 46 45 60 161 401 101 1983
internal_value=-5.22256e-05 0.000577754 0.00200723 0.00674637 0.000648556 0.000262369 0.00471398 0.00157195 0.000191327 0.0035596 0.0247059 -0.00111147 0.0145 9.61538e-05 0.00595238 0.0104508 -0.00748899 -0.0141104 -0.00163851 -0.0118687 -0.00871212 -0.0255435 0.00870192 -0.00364964 0.0048913 -0.000904814 -0.00129294 -0.000569521 -0.0126543 -0.00192872
internal_weight=12445 9259 5255 1170 4085 4001 943 826 783 603 84 3058 99 519 293 243 226 162 2959 197 131 91 1039 136 91 2762 2706 2545 161 2384
internal_count=12445 9259 5255 1170 4085 4001 943 826 783 603 84 3058 99 519 293 243 226 162 2959 197 131 91 1039 136 91 2762 2706 2545 161 2384
is_linear=0
shrinkage=0.05


Tree=183
num_leaves=31
num_cat=0
split_feature=3 9 6 1 7 7 4 6 1 6 0 7 7 1 3 0 3 4 6 7 4 5 5 9 6 9 9 9 4 1
split_gain=5.58956 7.90731 13.0593 11.3577 7.83044 14.672 9.51418 14.0422 9.67525 14.7368 12.8982 21.0463 14.3011 10.7656 11.3878 9.66537 15.2684 11.3861 16.9213 9.17572 13.1823 9.00987 8.013 7.7396 7.70128 7.71664 7.2644 14.2822 7.20279 7.58024
threshold=20.500000000000004 5542.9865000000027 -0.85674049181790024 61.205882352941181 0.88618201382888007 0.90159200968320541 1.0000000180025095e-35 -0.81925291736142503 20.941176470588239 -0.73284120334876357 29.044117647058826 0.99274428880883148 0.99274428880883148 65.166666666666671 6.5000000000000009 19.085294117647063 10.500000000000002 1.5000000000000002 -0.64580103137750788 0.95239763423914636 2.5000000000000004 0.76140650896573503 -0.68430824382591193 10641.3835 0.39629089145655322 10080.9220625 5937.5147500000012 13485.0049375 1.0000000180025095e-35 95.029411764705898
decision_type=2 2 2 2 2 2 2 2 2 2 2 2 2 2 2 2 2 2 2 2 2 2 2 2 2 2 2 2 2 2
left_child=4 3 -3 -2 -1 -6 26 -8 9 -9 11 15 19 22 -15 16 -10 -17 -19 20 -12 -21 -13 24 25 -4 -7 -28 -25 -30
right_child=1 2 23 -5 5 6 7 8 10 -11 12 13 -14 14 -16 17 -18 18 -20 21 -22 -23 -24 28 -26 -27 27 -29 29 -31
leaf_value=-3.0404232502667662e-06 0.0031937171251058914 -0.00075506409853983163 6.1026652093033876e-05 -3.9710125126006525e-05 -0.00117492913958379 -0.00022991679862990473 -0.0026639486775180128 -0.0021599548714229312 0.00025535463327065191 1.9318519354756884e-05 -0.0011884583826182933 0.002759042843970866 0.00010601931703826396 -0.0013735949399610052 -0.00052121585685887921 -0.00094272703247263447 -0.00068939321439887989 0.0065244028946911149 0.00077100178688618989 -0.0015224217692875186 0.00081145658005791219 -0.0009207558795392035 -0.00078009312261128271 -0.00049438294416182947 0.00075103679089154329 0.0011411076539179401 0.0028742449047353944 -1.2890924449646818e-06 0.00011683476244220421 -0.0005974887937600093
leaf_weight=9076 112 135 458 80 130 97 68 62 181 70 40 47 70 58 124 47 121 54 272 77 41 52 64 90 142 40 70 96 472 52
leaf_count=9076 112 135 458 80 130 97 68 62 181 70 40 47 70 58 124 47 121 54 272 77 41 52 64 90 142 40 70 96 472 52
internal_value=-0.000344028 0.00243363 0.00111511 0.0119171 -0.000746474 -0.00371878 -0.00248248 -0.00407177 -0.00296886 -0.0157895 -0.00160128 0.00113519 -0.011032 -0.010034 -0.0174863 0.00599112 -0.000660066 0.0113636 0.0146789 -0.0175355 -0.00426829 -0.0257692 0.00223214 0.00270916 0.00655226 0.00360721 0.00625 0.0125749 -0.00130081 0.000952381
internal_weight=12498 1581 1389 192 10917 1841 1711 1448 1380 132 1248 968 280 293 182 675 302 373 326 210 81 129 111 1254 640 498 263 166 614 524
internal_count=12498 1581 1389 192 10917 1841 1711 1448 1380 132 1248 968 280 293 182 675 302 373 326 210 81 129 111 1254 640 498 263 166 614 524
is_linear=0
shrinkage=0.05


Tree=184
num_leaves=31
num_cat=0
split_feature=3 8 8 8 1 2 1 8 6 3 3 3 6 2 0 2 7 4 7 6 6 1 2 2 2 0 2 1 6 7
split_gain=8.35567 7.90477 10.1586 13.0133 5.2803 5.69042 4.97284 12.1596 4.91688 13.6174 24.0974 24.25 18.2846 14.2496 12.9841 17.6786 12.9793 11.7431 30.3034 18.3287 16.1124 15.453 11.8177 11.7978 23.4501 11.505 11.2453 14.516 11.002 13.7118
threshold=1.5000000000000002 0.83730377313544024 0.70747208174348741 0.57605713708605399 17.127450980392158 977.35588235294131 8.8529411764705905 -0.55656394595157355 0.18281312110578132 5.5000000000000009 10.500000000000002 14.500000000000002 0.2332836900311728 975.51666666666677 36.934313725490206 986.40686274509824 -0.99763297024448894 1.0000000180025095e-35 0.8277925332691819 -0.96466008222729416 -0.75581183015052977 94.401960784313744 992.51862745098049 987.19313725490213 993.69313725490213 12.571568627450983 998.21078431372564 53.852941176470594 0.97263757644091875 -0.69057042736241547
decision_type=2 2 2 2 2 2 2 2 2 2 2 2 2 2 2 2 2 2 2 2 2 2 2 2 2 2 2 2 2 2
left_child=1 2 3 4 -1 -6 7 -2 16 -10 -11 26 -13 -14 28 -16 -8 18 19 22 -20 25 -18 -21 -25 -19 27 -12 29 -15
right_child=6 -3 -4 -5 5 -7 8 -9 9 10 11 12 13 14 15 -17 17 21 20 23 -22 -23 -24 24 -26 -27 -28 -29 -30 -31
leaf_value=0.00095625421335040074 0.00043171314056438263 -0.0003259478705611576 0.00077723027101460904 -0.0010249566154337392 0.00038351563159164104 0.00016508830218022464 -0.0019884898497868216 -0.00037749729511705262 -0.00013651653057104586 0.00031441510743979579 -0.0011341911508741616 0.0014170984433523272 0.00073974868539021803 0.00025637293743591415 5.1071253798218308e-06 -0.00091192789853068452 -0.00029636246807047685 -0.00032811937514307804 0.0028450935448605524 -0.0016231630652377373 4.4438869954643861e-06 0.0010343036082644406 0.0023619690240174462 6.5730661258078807e-05 -0.0010741411625959062 -8.2142378071414783e-07 6.7846278829585696e-05 -0.00032574135772498461 0.00029478074058229001 -0.00016235802673984711
leaf_weight=58 75 172 73 53 41 673 57 201 991 1259 111 85 173 601 110 69 49 357 60 85 105 120 40 196 286 4371 214 687 309 940
leaf_count=58 75 172 73 53 41 673 57 201 991 1259 111 85 173 601 110 69 49 357 60 85 105 120 40 196 286 4371 214 687 309 940
internal_value=-0.000209951 0.00401494 0.00589544 0.00429782 0.00595084 0.00475524 -0.000601627 -0.00722022 -0.000438985 0.000621622 0.00177671 -0.000469697 0.00238199 0.00149796 0.000320197 -0.0125 -0.00146674 -0.00122575 -0.00675182 -0.0115677 0.0123494 -0.000288719 0.00944444 -0.0148768 -0.0118012 -0.000740114 -0.00691017 -0.00963705 0.00156672 -0.000162127
internal_weight=12621 1070 898 825 772 714 11551 276 11275 5549 4558 3299 2287 2202 2029 179 5726 5669 821 656 165 4848 89 567 482 4728 1012 798 1850 1541
internal_count=12621 1070 898 825 772 714 11551 276 11275 5549 4558 3299 2287 2202 2029 179 5726 5669 821 656 165 4848 89 567 482 4728 1012 798 1850 1541
is_linear=0
shrinkage=0.05


Tree=185
num_leaves=31
num_cat=0
split_feature=7 7 3 5 6 4 6 2 5 3 9 7 9 2 4 2 2 9 5 2 4 6 9 6 6 5 6 7 7 9
split_gain=7.00127 17.6551 11.4643 10.1889 10.0057 7.12774 16.3399 29.2827 8.58923 11.0565 8.37128 7.54014 6.77633 14.867 14.1475 9.87469 13.9049 6.51876 10.4614 6.16862 5.83766 25.7288 19.8628 19.8518 12.97 12.8124 19.7601 14.1389 18.3949 13.1279
threshold=0.88618201382888007 0.90159200968320541 21.500000000000004 0.63920241694561786 -0.78858226040708135 3.5000000000000004 -0.70900320270980455 995.21470588235309 0.59868201182722736 6.5000000000000009 4577.2022500000021 0.96687895796550427 13793.843124999994 991.50882352941187 2.5000000000000004 985.30980392156869 972.5568627450981 5006.8249999999998 -0.56368474752277564 1007.6264705882355 1.0000000180025095e-35 1.0000000180025095e-35 14768.196750000001 -0.96466008222729416 -0.99168640063982161 -0.99275805973510278 0.1318557721318592 0.69056404122701587 -0.96235977360714686 11079.831250000001
decision_type=2 2 2 2 2 2 2 2 2 2 2 2 2 2 2 2 2 2 2 2 2 2 2 2 2 2 2 2 2 2
left_child=19 -2 4 -4 17 12 7 -7 9 -8 -11 -10 14 -14 15 16 -6 -3 -19 20 21 23 25 24 -1 -23 -27 28 -28 -30
right_child=1 2 3 -5 5 6 8 -9 11 10 -12 -13 13 -15 -16 -17 -18 18 -20 -21 -22 22 -24 -25 -26 26 27 -29 29 -31
leaf_value=-0.00010228647931648794 -0.00091256184266261297 0.0002047467188518476 0.0014651292489237439 -0.00045312746871184473 -0.00019001593374265991 0.0057922446099135773 0.0001529414135087226 -0.00088616355422619373 0.0013902565124020981 -0.0004759005382961368 -0.0025672104343537564 -0.00028514032152745508 -0.0070477190109028039 1.7180393858742815e-06 0.0015292886956085286 -0.0002452706837164795 0.0017868590397609576 -0.0011135995104522608 -0.00081111814875111656 0.00088517117984212028 3.5854896740961793e-05 0.0011588188567351111 -0.0007624305452634206 -0.00065651017773334585 0.0025013747529544026 -0.0025737815913401451 -0.00095544016280995627 -0.00029476370770348259 0.0010741731961064066 0.00018565952027614353
leaf_weight=42 156 53 116 57 62 49 71 61 68 77 83 245 41 229 158 376 84 90 70 70 8974 41 44 520 51 56 81 115 210 295
leaf_count=42 156 53 116 57 62 49 71 61 68 77 83 245 41 229 158 376 84 90 70 70 8974 41 44 520 51 56 81 115 210 295
internal_value=0.000272814 -0.00232883 -0.00105475 0.0112069 -0.00222772 -0.000872274 -0.0048855 0.0126126 -0.00844037 -0.0157328 -0.0229814 -0.00302548 0.00189274 -0.00479705 0.00455213 0.000573614 0.0115646 -0.0123832 -0.0173913 0.000804762 0.000704698 -0.00223214 0.00344009 -0.0100163 0.0111702 0.00525657 0.00375989 0.00605413 0.00919932 0.012747
internal_weight=12645 2146 1990 173 1817 1604 654 110 544 231 160 313 950 270 680 522 146 213 160 10499 10429 1455 842 613 93 798 757 701 586 505
internal_count=12645 2146 1990 173 1817 1604 654 110 544 231 160 313 950 270 680 522 146 213 160 10499 10429 1455 842 613 93 798 757 701 586 505
is_linear=0
shrinkage=0.05


Tree=186
num_leaves=31
num_cat=0
split_feature=8 5 4 2 6 7 2 8 8 6 6 6 4 4 3 8 6 7 4 5 9 2 9 6 4 5 5 9 9 2
split_gain=7.45751 13.0321 16.5333 14.8724 10.8781 8.56723 13.5327 7.57006 7.31649 7.18918 21.9006 10.1321 36.5092 22.4517 9.62201 7.08405 17.152 13.5385 12.4858 19.8399 17.8662 9.61637 8.33386 11.454 14.2353 20.0592 18.7603 14.1845 10.592 16.7672
threshold=0.89693010073300883 0.14250626876356556 1.0000000180025095e-35 996.93627450980409 0.97062204580664158 0.24998082458982465 988.31862745098044 0.94353349168649059 0.9999398912535008 -0.95998493203694346 -0.96904977397942549 -0.91249077947840473 1.0000000180025095e-35 1.5000000000000002 8.5000000000000018 0.283138326639013 0.78724360164103002 -0.91597725483594616 1.0000000180025095e-35 -0.46801505794253101 13943.429624999999 999.21372549019623 5121.4499999999998 0.81304046271159414 4.5000000000000009 -0.42180583328916638 -0.46801505794253101 14094.875750000001 12645.406999999997 978.75686274509815
decision_type=2 2 2 2 2 2 2 2 2 2 2 2 2 2 2 2 2 2 2 2 2 2 2 2 2 2 2 2 2 2
left_child=4 5 -3 7 9 8 -7 -4 -2 10 -1 12 -11 -14 -12 16 -13 -17 19 -19 -21 22 -20 -24 25 26 -25 -27 -26 -30
right_child=1 2 3 -5 -6 6 -8 -9 -10 11 14 15 13 -15 -16 17 -18 18 21 20 -22 -23 23 24 28 27 -28 -29 29 -31
leaf_value=0.00064877258310087546 6.6039441922911835e-05 0.0024078777830610592 0.001030692112687713 -0.0010073971335393729 -0.00046145065055051631 -0.0029403970253767484 9.3964179159605754e-05 -1.6962980962742515e-05 -0.00043283801553360701 -0.00093910091387122696 -0.00023681166621737084 -8.8516342718059082e-07 0.005225332328673964 0.00044841078133613381 -0.0012004416153855238 -0.00035580627669085096 0.0027089090126495826 0.0020119358187088003 0.00045684737944524522 -0.00039844135137852288 0.00047588982309467457 0.0001301821037903668 -0.00067161833370149864 0.00087172384174032949 5.1942787710868028e-06 0.00069633293739507218 -0.0019616743603159486 -0.00022748933927391746 0.00036417472060063243 -0.00099449915256509818
leaf_weight=92 1082 60 120 41 42 66 91 53 41 62 42 7798 66 348 74 209 74 78 90 148 104 336 471 60 126 391 89 174 59 176
leaf_count=92 1082 60 120 41 42 66 91 53 41 62 42 7798 66 348 74 209 74 78 90 148 104 336 471 60 126 391 89 174 59 176
internal_value=-2.76374e-05 0.00321543 0.0130909 0.00651163 -0.000481548 0.0010929 -0.00981013 0.012931 0.00262456 -0.00038399 -0.00956938 -0.000207182 0.00691824 0.0122892 -0.0239316 -0.000534476 0.000203226 -0.00284634 -0.00173686 0.00725076 0.000395257 -0.00324379 -0.0048259 -0.00568843 -0.00283457 0.00125874 -0.015 0.00556537 -0.0109116 -0.017161
internal_weight=12663 1554 274 214 11109 1280 157 173 1123 11067 208 10859 476 414 116 10383 7872 2511 2302 330 252 1972 1636 1546 1075 714 149 565 361 235
internal_count=12663 1554 274 214 11109 1280 157 173 1123 11067 208 10859 476 414 116 10383 7872 2511 2302 330 252 1972 1636 1546 1075 714 149 565 361 235
is_linear=0
shrinkage=0.05


Tree=187
num_leaves=31
num_cat=0
split_feature=6 6 9 3 6 0 9 4 6 8 6 6 5 0 5 9 9 0 6 0 2 8 5 6 2 4 9 8 2 5
split_gain=5.89645 19.2029 17.2685 19.2861 14.6167 9.04561 7.88849 6.17374 19.5071 17.6791 19.5415 14.5562 10.7979 18.1489 13.8077 16.8314 21.4309 19.331 13.9602 12.6948 11.4614 10.7011 25.301 21.7686 25.6535 20.9613 16.8583 14.5336 18.0815 10.3405
threshold=0.99249573635719013 0.99024581825578073 13120.487999999999 6.5000000000000009 0.99855310097228334 9.5137254901960802 8407.9186250000002 3.5000000000000004 0.97461712852231652 -0.99467580659249177 0.029024409397335523 0.98005052076767474 -0.28519255817492867 35.255882352941185 -0.18492532721306487 10428.337125000004 13504.861187500001 19.160784313725493 0.96407344085605606 29.659803921568628 983.54313725490204 -0.96687281075841669 0.9893236546938301 0.029024409397335523 998.11470588235306 1.0000000180025095e-35 9170.8544999999995 -0.99940590107385374 993.80000000000007 0.94978112945126536
decision_type=2 2 2 2 2 2 2 2 2 2 2 2 2 2 2 2 2 2 2 2 2 2 2 2 2 2 2 2 2 2
left_child=1 5 -2 4 -4 6 -1 8 21 10 -9 -10 20 14 18 19 17 -17 -14 -16 -11 23 -23 25 -25 26 -7 28 -27 -18
right_child=2 -3 3 -5 -6 7 -8 9 11 12 -12 -13 13 -15 15 16 29 -19 -20 -21 -22 22 -24 24 -26 27 -28 -29 -30 -31
leaf_value=8.3302375745029922e-05 0.0024847995920097444 -0.0013556432454871065 5.4328372378975588e-05 0.00011702715435297981 -0.00096442382899357144 -0.0024938368352657755 -0.00054509104916048432 0.00031488277106621614 0.0017964206405779032 0.0004338564156094918 0.0046908857741025716 0.00015894732887567211 -0.0022758102769066613 0.0003024145830735625 -0.00010211605450368144 -1.0091676185197685e-05 -3.3014433849828939e-05 -0.0016584440843869675 -0.00034786759049066919 0.00084186983838706049 -3.4957453053000023e-06 3.8852883816591426e-05 0.0012140015638523558 -0.0012734621253032764 0.0002845332973429704 0.00050080439595517889 3.3786358217012535e-05 0.00056187463719894332 -0.00042852265632350176 -0.0019363432588706945
leaf_weight=56 84 74 71 342 71 56 81 143 80 146 41 79 68 164 989 146 644 361 52 108 2188 5828 79 164 51 40 56 228 75 40
leaf_count=56 84 74 71 342 71 56 81 143 80 146 41 79 68 164 989 146 644 361 52 108 2188 5828 79 164 51 40 56 228 75 40
internal_value=0.000122957 -0.000112145 0.00509666 0.0014433 -0.013986 4.59712e-05 -0.0126812 0.00019447 0.00118747 -0.00111962 0.0140541 0.0184375 -0.00169146 -0.00392538 -0.00502283 -0.00415028 -0.00826342 -0.0160433 -0.0214876 0.000318761 0.000770878 0.000767711 0.00144719 -0.0052161 -0.018287 0.000986842 -0.0176991 0.00712209 -0.00732759 -0.00248175
internal_weight=12605 12037 568 484 142 11963 137 11826 6736 5090 184 159 4906 2572 2408 2288 1191 507 120 1097 2334 6577 5907 670 215 455 112 343 115 684
internal_count=12605 12037 568 484 142 11963 137 11826 6736 5090 184 159 4906 2572 2408 2288 1191 507 120 1097 2334 6577 5907 670 215 455 112 343 115 684
is_linear=0
shrinkage=0.05


Tree=188
num_leaves=31
num_cat=0
split_feature=3 2 2 1 2 9 6 1 6 5 9 9 2 5 2 5 0 5 1 9 0 3 5 1 2 5 3 8 5 9
split_gain=7.71498 12.5522 9.40571 7.99411 8.27711 7.67781 15.3754 13.1183 17.5338 20.6793 11.4026 8.59164 10.6463 11.0727 12.1707 8.24565 8.17797 11.0667 7.63903 7.51147 9.10692 6.40915 14.0188 9.92504 13.2994 16.3146 20.46 9.60028 9.27542 8.86669
threshold=19.500000000000004 986.75392156862756 985.90490196078451 95.735294117647072 976.21862745098042 10641.3835 0.16587474750015932 86.107843137254918 1.0000000180025095e-35 0.8697513045430848 5706.7157499999985 13504.861187500001 990.50490196078442 0.9893236546938301 997.41078431372569 -0.39036798905311365 24.726470588235298 0.59868201182722736 44.029411764705891 5006.8249999999998 19.085294117647063 10.500000000000002 -0.54220184589352438 80.107843137254918 995.15980392156871 -0.64578423485557612 14.500000000000002 0.99865940500831329 -0.83377653105606597 11181.991500000002
decision_type=2 2 2 2 2 2 2 2 2 2 2 2 2 2 2 2 2 2 2 2 2 2 2 2 2 2 2 2 2 2
left_child=21 2 3 4 -2 6 7 8 9 10 19 12 -7 14 -14 -8 17 -12 -18 20 -3 -1 23 24 -23 26 28 29 -26 -24
right_child=1 5 -4 -5 -6 11 15 -9 -10 -11 16 -13 13 -15 -16 -17 18 -19 -20 -21 -22 22 27 -25 25 -27 -28 -29 -30 -31
leaf_value=1.3363928862743236e-05 0.00056174393434270528 -0.00050443136605231862 -0.0014103784920058483 -0.00067813369582008518 -5.5973736537005825e-05 0.00062521416485007979 0.00079416642097814298 0.0018818029983097063 -0.00092654374554255743 0.0015667251572569901 -0.00088488359719012747 0.00017942272713399981 -0.00094125981762617776 0.0012260877430964462 0.00016039846908659229 0.0022939104704902376 0.0023441688721943469 0.00060081397623157904 -0.000255165152204323 0.0014914127842159772 0.0019881590203436549 1.458684081204753e-05 6.34375030867107e-05 -0.00045893336304511927 0.00057221319493286284 -0.0021678269488480243 -0.00055502906905714473 0.00085177434519084847 -0.00015388117393112452 -0.00015294064534893126
leaf_weight=5772 72 69 50 44 240 61 175 71 71 115 254 294 144 44 42 48 50 45 48 100 59 735 1641 500 126 63 201 67 48 1360
leaf_count=5772 72 69 50 44 240 61 175 71 71 115 254 294 144 44 42 48 50 45 48 100 59 735 1641 500 126 63 201 67 48 1360
internal_value=-0.000289453 0.00247973 -0.00540541 -0.00252101 0.000319489 0.00437611 0.0068264 0.00385051 0.00203202 0.00431849 0.00071885 -0.000255973 -0.00633562 -0.0112554 -0.0165775 0.0185268 -0.00439698 -0.0085 0.00808081 0.00960699 0.00155039 -0.000841735 -0.00220371 -0.00588411 -0.00336457 -0.0102506 -0.00625 -0.000195503 0.00628571 -0.000616256
internal_weight=12609 2096 406 356 312 1690 1105 882 811 740 625 585 291 230 186 223 397 299 98 228 128 10513 4741 1673 1173 438 375 3068 174 3001
internal_count=12609 2096 406 356 312 1690 1105 882 811 740 625 585 291 230 186 223 397 299 98 228 128 10513 4741 1673 1173 438 375 3068 174 3001
is_linear=0
shrinkage=0.05


Tree=189
num_leaves=31
num_cat=0
split_feature=7 7 3 2 5 2 9 7 0 9 7 8 3 2 4 2 8 7 7 7 8 5 2 0 0 3 8 8 3 0
split_gain=4.61649 6.28887 11.1144 5.01052 9.31424 10.8594 17.8553 13.3056 12.8124 12.4175 10.7835 7.48918 10.643 6.9815 10.8391 9.39694 10.4265 10.3361 13.895 31.2163 11.2182 9.24351 11.066 9.85508 13.9099 9.71267 16.5387 10.3533 11.5652 8.98464
threshold=0.99994162507853945 0.9993614236720848 7.5000000000000009 982.47352941176484 0.95242846126021108 975.51666666666677 13943.429624999999 -0.95244167294248061 32.825490196078441 13485.0049375 0.66045618230038983 -0.72696193466471681 14.500000000000002 996.56960784313731 5.5000000000000009 997.65196078431393 -0.99940590107385374 -0.19337636264337835 -0.65234524191686594 -0.80418297442179409 0.046214940139115722 0.93237596376505805 1000.1215686274511 17.72058823529412 18.604901960784318 8.5000000000000018 0.98334068794774554 0.99138911339924218 10.500000000000002 16.506862745098044
decision_type=2 2 2 2 2 2 2 2 2 2 2 2 2 2 2 2 2 2 2 2 2 2 2 2 2 2 2 2 2 2
left_child=1 3 -3 4 5 6 11 -7 9 -9 -10 -1 -13 -5 15 17 -17 18 19 20 -15 23 -23 25 -25 26 -18 28 -27 -30
right_child=-2 2 -4 13 -6 7 -8 8 10 -11 -12 12 -14 14 -16 16 21 -19 -20 -21 -22 22 -24 24 -26 27 -28 -29 29 -31
leaf_value=0.00023672315275876656 0.002327628048670205 0.0011079764553115837 -0.00087279423842095277 4.4647283631249829e-05 0.0012994965591829944 0.00034165887659160513 0.00053365673762556943 -0.00068129138605960149 -7.8168615328100269e-05 -0.002516615187076807 0.00083629322291317034 -0.00034898523239325634 0.00042193764800531054 0.00012718014955944711 0.00032335293262290566 -0.00076543823720481787 5.1663387140371555e-05 -6.7049186361768656e-05 -0.0010187001012746555 0.0020610620208173338 -0.0013908148878330794 0.00091413034593933054 -0.0010981564134588256 -0.00078994382415155113 -9.4117703072800493e-05 0.00047658561071420302 -0.00048559680536539794 0.00038760077080382885 -7.4007746761715559e-05 0.00042944148340056526
leaf_weight=47 42 42 80 8028 95 55 84 340 155 72 70 213 135 40 482 42 279 326 177 47 65 92 40 113 836 83 57 57 288 57
leaf_count=47 42 42 80 8028 95 55 84 340 155 72 70 213 135 40 482 42 279 326 177 47 65 92 40 113 836 83 57 57 288 57
internal_value=-7.57576e-05 -0.000132021 -0.0113821 -2.02004e-05 -0.00299921 -0.00422355 0.0015625 -0.00822511 -0.0102665 -0.0154964 -0.000663717 -0.00290404 -0.00544413 0.000319532 -0.00170344 -0.00298077 -0.00123393 -0.00815549 -0.0143939 -0.00326797 -0.0183962 -0.000683132 0.0120301 -0.00163749 -0.00510526 0.00237226 -0.0041543 0.006893 0.0041958 0.000144509
internal_weight=12539 12497 122 12375 1266 1171 479 692 637 412 225 395 348 11109 3081 2599 1944 655 329 152 105 1902 132 1770 949 821 336 485 428 345
internal_count=12539 12497 122 12375 1266 1171 479 692 637 412 225 395 348 11109 3081 2599 1944 655 329 152 105 1902 132 1770 949 821 336 485 428 345
is_linear=0
shrinkage=0.05


Tree=190
num_leaves=31
num_cat=0
split_feature=8 6 6 2 2 8 5 4 2 9 5 2 6 3 1 1 1 3 1 2 1 6 3 2 4 9 8 5 1 5
split_gain=6.45219 6.20698 8.69653 5.80066 5.0818 15.8915 15.1032 19.2549 15.7959 7.67407 7.826 7.52752 8.80861 17.1117 13.6123 11.9577 10.3466 8.1062 9.08166 8.68664 11.1356 9.76534 7.9571 7.16589 11.0127 29.8422 22.2377 16.8325 15.7428 11.3355
threshold=0.9999398912535008 0.99981043035926087 0.99932962452255414 997.65196078431393 990.96372549019611 -0.99763124042248752 -0.98523971305672675 2.5000000000000004 985.47549019607857 3913.7249999999999 -0.96235977360714686 999.54313725490204 0.011826144619637555 7.5000000000000009 56.539215686274517 76.598039215686285 22.774509803921571 12.500000000000002 85.676470588235318 1005.1392156862747 18.735294117647062 0.93158198870884079 3.5000000000000004 986.97745098039229 2.5000000000000004 9642.3513124999936 -0.06339081865169055 -0.61237985104942771 50.36274509803922 -0.18492532721306487
decision_type=2 2 2 2 2 2 2 2 2 2 2 2 2 2 2 2 2 2 2 2 2 2 2 2 2 2 2 2 2 2
left_child=1 2 4 -4 5 -1 7 -7 -9 -8 -11 -6 22 14 16 -16 -14 -15 19 20 -19 -22 -13 -12 28 26 -26 -27 -25 -28
right_child=-2 -3 3 -5 11 6 9 8 -10 10 23 12 13 17 15 -17 -18 18 -20 -21 21 -23 -24 24 25 27 29 -29 -30 -31
leaf_value=0.0011452848409196359 -0.00048322195774957305 0.0013924629638903065 -0.0051383796156316448 -1.4387770190573552e-05 8.7770735770799357e-05 -0.0016471628810879602 0.0040753364904526027 0.00033871026014284936 -0.00052342219405778769 0.00050060183896621089 1.3357678908126892e-05 0.00017801715319268885 -2.8135732181582346e-05 0.00033074780422263781 0.00073135927701149035 -0.00049856858985766338 -0.0009455790515027027 0.00052463659890785862 0.0009643180069214566 -0.00029149176584716694 6.0899140997337789e-05 -0.00052215603281870475 -0.00083859482297232659 -0.00063132923609461329 0.00083996410475523922 -0.0023293208180633035 -0.00059647430896940523 -0.0004771647251489625 0.00015082327277798349 0.00032727235927867417
leaf_weight=65 40 55 40 40 6262 129 44 51 77 82 2322 40 80 265 56 57 168 64 43 89 252 49 146 176 326 136 221 355 725 110
leaf_count=65 40 55 40 40 6262 129 44 51 77 82 2322 40 80 265 56 57 168 64 43 89 252 49 146 176 326 136 221 355 725 110
internal_value=0.000290466 0.000355261 0.000280651 -0.0160494 0.000387378 -0.000881743 -0.00121977 -0.0129845 0.000775194 -0.000544687 -0.000752133 0.00119519 -0.00225191 -0.000578292 -0.00953039 0.00482456 -0.0160643 0.00366972 -0.000100402 -0.0021978 0.00122951 -0.00281457 -0.0122995 -0.00104071 -0.00319512 -0.00644038 0.000531915 -0.015752 0.00094235 -0.00858434
internal_weight=12565 12525 12470 80 12390 4819 4754 257 128 4497 4453 7571 1309 1123 361 113 248 762 497 454 365 301 186 4371 2049 1148 657 491 901 331
internal_count=12565 12525 12470 80 12390 4819 4754 257 128 4497 4453 7571 1309 1123 361 113 248 762 497 454 365 301 186 4371 2049 1148 657 491 901 331
is_linear=0
shrinkage=0.05


Tree=191
num_leaves=31
num_cat=0
split_feature=0 0 2 6 2 2 8 5 8 5 7 8 0 7 7 5 0 1 8 1 9 8 8 8 8 2 5 5 0 9
split_gain=6.05069 4.66308 8.32801 8.92627 6.28922 12.413 11.9724 9.70718 12.0324 27.3268 16.6282 9.56778 9.89692 15.7145 8.55449 8.36431 18.3404 7.96566 7.72992 7.25536 6.51682 6.51773 17.2467 12.411 10.5093 12.0757 8.66965 14.7945 8.8058 12.139
threshold=7.7480392156862754 45.304901960784328 973.39705882352962 0.91852788691372023 990.96372549019611 991.50882352941187 -0.99763124042248752 -0.99763297024448894 -0.97507822412530132 -0.9905448150984083 -0.098750666093870385 0.99731940924863693 12.972549019607845 0.27074174196563189 -0.0053757035942445328 -0.95754239937548935 23.595098039215689 96.97058823529413 -0.61236746317008228 76.911764705882362 14840.974999999997 -0.74586550181710298 -0.57606379612791392 -0.54760613975548533 -0.64743680879621224 987.08529411764721 0.95242846126021108 0.94978112945126536 18.094117647058827 7179.2621249999984
decision_type=2 2 2 2 2 2 2 2 2 2 2 2 2 2 2 2 2 2 2 2 2 2 2 2 2 2 2 2 2 2
left_child=-1 4 -3 -4 6 14 -2 -8 10 -10 -9 12 13 -11 18 16 -14 -7 -6 -16 21 26 24 -24 25 -23 27 28 -17 -30
right_child=1 2 3 -5 5 17 7 8 9 11 -12 -13 15 -15 19 20 -18 -19 -20 -21 -22 22 23 -25 -26 -27 -28 -29 29 -31
leaf_value=-0.00035255857505393301 0.0010635443251809206 -7.2712426313581433e-05 0.00023047815576613951 2.5179347409803877e-05 0.0014711749210317912 1.5243102386022779e-05 -0.00043069340217904983 0.0035732663601586003 -0.0028097208249716846 -0.0015422720015332209 -5.0042633715269293e-05 -0.0071898198644602231 0.0019424543492963201 -0.00013720744143424363 0.00099618918611429777 0.00031798819209297516 -2.6603545882020185e-05 0.00056318136447305325 -0.00045387027441046168 0.00027893346818010784 -0.00089646379840118556 0.0014431458895299511 -0.0011608819633081248 -2.2020745904027806e-05 0.0019783452821422022 -0.00068947473376124169 6.7360038421122875e-06 -0.0016352831741935595 2.3388732359863607e-05 -0.0023423018496253989
leaf_weight=54 64 72 84 78 43 7297 83 54 61 41 62 41 44 138 144 40 103 73 85 73 66 181 58 2854 90 87 364 40 109 146
leaf_count=54 64 72 84 78 43 7297 83 54 61 41 62 41 44 138 144 40 103 73 85 73 66 181 58 2854 90 87 364 40 109 146
internal_value=0.000184603 0.00025639 0.00723404 0.0134969 0.000124578 0.00100441 -0.00131161 -0.00160841 -0.00129913 -0.00171371 0.0145299 -0.00124915 -0.00102017 -0.0125 0.0102601 -0.000525938 0.0111486 0.000569801 0 0.0162844 -0.000953915 -0.000692695 0.000244574 -0.00102987 0.010585 0.00557621 -0.00507143 -0.0108631 -0.00692568 -0.0103516
internal_weight=12729 12675 234 162 12441 7715 4726 4662 4579 4463 116 4402 4361 179 345 4182 147 7370 128 217 4035 3969 3270 2912 358 268 699 335 295 255
internal_count=12729 12675 234 162 12441 7715 4726 4662 4579 4463 116 4402 4361 179 345 4182 147 7370 128 217 4035 3969 3270 2912 358 268 699 335 295 255
is_linear=0
shrinkage=0.05


Tree=192
num_leaves=31
num_cat=0
split_feature=0 8 8 9 7 2 9 1 0 0 1 1 4 0 8 4 8 2 4 9 9 2 1 0 0 2 8 9 8 9
split_gain=7.72995 5.39563 24.3743 12.2138 10.4659 14.0868 20.9939 15.9373 11.8525 9.91934 9.98306 9.45227 8.45385 7.22494 11.1527 9.11207 9.76764 9.14418 6.68793 8.5929 5.92913 9.05361 5.79908 8.7211 13.6896 5.65238 5.61052 12.4869 25.4446 11.4593
threshold=7.7480392156862754 -0.27694043983797384 -0.24372464231556024 14475.134125 -0.82415234898030387 986.75392156862756 11681.942812499996 97.186274509803937 30.428431372549024 35.255882352941185 8.0098039215686292 8.8529411764705905 2.5000000000000004 26.799019607843142 -0.73137137938158592 4.5000000000000009 -0.80417042486635371 977.35588235294131 1.5000000000000002 8799.2771250000005 12007.490437500001 986.97745098039229 35.14705882352942 23.439215686274512 28.383333333333336 982.7735294117648 0.65720762023595369 14776.2090625 0.96117374062971617 13943.429624999999
decision_type=2 2 2 2 2 2 2 2 2 2 2 2 2 2 2 2 2 2 2 2 2 2 2 2 2 2 2 2 2 2
left_child=-1 3 -3 4 11 6 8 9 13 10 -7 -2 22 15 25 17 -17 -6 -10 -20 -14 -22 -13 -24 -25 -15 29 -28 -29 -4
right_child=1 2 26 -5 5 7 -8 -9 18 -11 -12 12 20 14 -16 16 -18 -19 19 -21 21 -23 23 24 -26 -27 27 28 -30 -31
leaf_value=-0.00038062597862206023 -0.00022446955804610524 -0.0014406971875557508 -0.0001245028771900497 0.001472423704310931 0.00048422637234265821 0.00069114735027135947 -0.003371918345063485 0.0013446695359477568 -0.00010453893632724754 0.00059815017993171133 1.5999983558184771e-05 -0.0008285928927645736 0.0010721168247196349 -0.0012348842646188519 1.1512263543517199e-05 0.002030005272623986 -0.0011577826326587078 -0.00086010020317994903 1.1047665592162082e-05 0.0014533152634670365 0.00076078963806252013 -0.0019563201746980482 0.0020738360823009125 -0.0022799200941016006 0.0006001275445919219 -0.0040669864398744432 8.7533284055686677e-05 -3.3520682493126678e-06 -0.0008542578300723858 0.00017122812112756113
leaf_weight=57 53 135 3200 42 45 67 45 53 65 143 3739 42 175 62 68 77 66 260 112 86 55 40 53 40 71 43 2575 439 96 529
leaf_count=57 53 135 3200 42 45 67 45 53 65 143 3739 42 175 62 68 77 66 260 112 86 55 40 53 40 71 43 2575 439 96 529
internal_value=0.000107707 0.000192354 -0.000731183 0.00136289 0.00115363 0.000435929 -0.00510753 0.00172371 -0.00338983 0.00135443 0.000866824 0.00783019 0.0100629 -0.00715434 -0.0158046 -0.00378619 0.00659722 -0.00866013 0.00549242 0.0100503 0.0158672 0.00572917 0.00241546 0.00666667 -0.00133929 -0.0259434 -0.000314327 0.00125362 -0.0056903 -0.00162198
internal_weight=12533 12476 6974 5502 5460 4931 929 4002 884 3949 3806 529 476 621 173 448 143 305 263 198 270 95 206 164 111 105 6839 3110 535 3729
internal_count=12533 12476 6974 5502 5460 4931 929 4002 884 3949 3806 529 476 621 173 448 143 305 263 198 270 95 206 164 111 105 6839 3110 535 3729
is_linear=0
shrinkage=0.05


Tree=193
num_leaves=31
num_cat=0
split_feature=0 2 7 2 4 7 7 1 0 5 1 7 2 2 1 2 1 6 7 3 6 0 4 0 7 3 1 5 0 2
split_gain=7.91029 6.31358 10.2406 22.4569 17.2659 15.7988 11.35 8.05233 7.72996 10.7584 9.32774 9.07479 9.33126 29.6443 15.0699 12.8411 10.9235 8.19809 7.91756 9.7486 9.51556 13.1013 12.675 16.0663 8.97675 10.8602 15.3113 12.3953 10.7112 14.5023
threshold=7.7480392156862754 990.96372549019611 -0.83377653105606597 988.10392156862747 5.5000000000000009 -0.92273922871446856 -0.80418297442179409 87.362745098039241 31.244117647058829 0.9893236546938301 97.460784313725512 -0.75015329512557194 985.30980392156869 982.47352941176484 78.147058823529434 988.97156862745112 60.892156862745104 0.689015599449598 0.94135275643221272 19.500000000000004 -0.67168186667784702 20.826470588235299 3.5000000000000004 26.799019607843142 0.87501852446360251 10.500000000000002 84.637254901960787 0.95242846126021108 26.118627450980394 985.76666666666677
decision_type=2 2 2 2 2 2 2 2 2 2 2 2 2 2 2 2 2 2 2 2 2 2 2 2 2 2 2 2 2 2
left_child=-1 2 3 4 5 -2 -4 -5 9 18 11 -10 13 -13 16 -16 -14 -15 24 20 21 -20 -22 -24 25 -8 28 -28 -27 -30
right_child=1 -3 6 7 -6 -7 8 -9 10 -11 -12 12 14 17 15 -17 -18 -19 19 -21 22 -23 23 -25 -26 26 27 -29 29 -31
leaf_value=-0.00042289562835518479 1.2082918373124142e-06 3.8851291983114937e-05 -0.0016591978450268719 -0.00073487360738140335 0.0014005446600631772 0.0014432096976396262 -1.6999758820378243e-06 9.1466220290992172e-06 0.00049857242961175445 0.0010463903682670784 0.00084225750906777308 -4.1699740904860286e-05 -0.00021814528459691008 5.7755329483932805e-05 -0.00068626800298652875 -2.3556255441603558e-05 0.00056380030256145131 0.0011978476042796783 -2.0849015538219884e-05 0.002614330219568198 0.002032023994374682 -0.0041472811998304049 0.0007098762900466266 -0.0014290988070396527 -0.00057115295588943543 -0.00047797989302636598 -0.001083043598820186 0.00041084689044262255 -0.00073840523877614092 0.0017941740263277051
leaf_weight=50 297 7644 105 179 88 98 1004 67 59 64 96 496 64 61 126 76 84 80 96 72 129 41 63 43 222 567 330 68 79 117
leaf_count=50 297 7644 105 179 88 98 1004 67 59 64 96 496 64 61 126 76 84 80 96 72 129 41 63 43 222 567 330 68 79 117
internal_value=4.37689e-05 0.000123841 -0.00128284 0.00417808 0.0104339 0.00593434 -0.00224475 -0.00809717 -0.00182021 -0.00319406 0.00166229 0.000286533 -0.000860324 0.00274295 -0.00740741 -0.0162562 0.00469799 0.0228873 -0.00365466 0.00247191 -0.00080429 -0.0112319 0.00529661 -0.00747664 -0.00479481 -0.00380886 -0.00709983 -0.0150376 -0.00294503 0.0071066
internal_weight=12565 12515 4871 729 483 395 4142 246 4037 2895 1142 1046 987 637 350 202 148 141 2831 444 372 137 235 106 2387 2165 1161 398 763 196
internal_count=12565 12515 4871 729 483 395 4142 246 4037 2895 1142 1046 987 637 350 202 148 141 2831 444 372 137 235 106 2387 2165 1161 398 763 196
is_linear=0
shrinkage=0.05


Tree=194
num_leaves=31
num_cat=0
split_feature=6 6 9 3 3 3 4 8 7 8 9 7 8 9 2 9 2 4 0 2 6 6 0 6 9 6 7 8 9 2
split_gain=8.24305 19.5831 15.4323 9.37069 6.90268 7.65736 8.85262 19.0031 9.98059 12.8621 13.9791 9.75161 13.3126 11.6999 19.4664 16.9486 16.0414 14.8172 14.2576 13.9659 18.6063 16.3119 16.0726 13.8243 12.096 17.98 16.2896 12.1853 11.57 14.5921
threshold=0.99249573635719013 0.99024581825578073 13120.487999999999 5.5000000000000009 1.5000000000000002 20.500000000000004 3.5000000000000004 -0.99628250747696534 -0.93545056548590078 0.29958852271690523 12173.294062500003 0.88618201382888007 0.42763731121559989 7833.4733125000002 998.29705882352948 8643.5822500000031 1001.4823529411766 5.5000000000000009 12.057843137254904 998.47352941176484 -0.3744658827978154 -0.42958798411962301 30.738235294117647 -0.63257203029273779 10036.000000000002 0.080547328232315238 0.55120426863728689 -0.93543596745397617 13650.320750000001 995.79117647058843
decision_type=2 2 2 2 2 2 2 2 2 2 2 2 2 2 2 2 2 2 2 2 2 2 2 2 2 2 2 2 2 2
left_child=1 4 -2 -4 -1 6 8 -8 9 10 -6 13 28 19 15 -15 17 -16 -17 20 21 23 -22 -9 25 -20 -27 -26 29 -13
right_child=2 -3 3 -5 5 -7 7 11 -10 -11 -12 12 -14 14 16 18 -18 -19 24 -21 22 -23 -24 -25 27 26 -28 -29 -30 -31
leaf_value=0.00018847626690059462 0.0024344731443729341 -0.0015343425306512547 -0.00021227984867077667 7.1329074608845328e-05 3.7139581775536001e-06 9.9460727605982246e-05 0.0021449028564907145 -6.3449707100964039e-05 3.2127851811272755e-05 -0.0011887196149062253 -0.0011473880188546115 -0.00038126332369310125 -0.0012928155092151756 -0.0010511591983052315 0.00024184380248691852 -0.00048096850985140835 -0.00029228591711730895 0.0012197284137531684 -0.00022746543578830436 -0.00059639811555166626 0.0015756324475802775 -0.0049957960806037184 -4.228634382643648e-05 0.001939291411474315 -0.00092462092775428553 0.0032450444959269218 -0.00010708139469709499 -0.00013298478393493631 0.0001242332947361674 -0.0016854137764176977
leaf_weight=1001 80 86 107 356 403 1513 80 514 4866 80 64 362 63 228 149 92 153 63 246 113 163 60 57 140 103 106 79 962 237 76
leaf_count=1001 80 86 107 356 403 1513 80 514 4866 80 64 362 63 228 149 92 153 63 246 113 163 60 57 140 103 106 79 962 237 76
internal_value=-0.000230104 -0.000501658 0.00579044 0.00226293 -0.000329881 -0.000692609 -0.00122093 -0.00298987 0.000101588 -0.00629562 -0.00309829 -0.0034787 -0.00866035 -0.00229173 -0.00437672 -0.00649422 0.00614754 0.0150235 -0.00465702 0.00205153 0.00406417 0.00013986 0.0167421 0.00244275 -0.00347361 0.00358796 0.0153226 -0.00633208 -0.00658284 -0.0113895
internal_weight=12602 12059 543 463 11973 10972 9459 4046 5413 547 467 3966 738 3228 2181 1816 365 212 1588 1047 934 714 220 654 1496 431 185 1065 675 438
internal_count=12602 12059 543 463 11973 10972 9459 4046 5413 547 467 3966 738 3228 2181 1816 365 212 1588 1047 934 714 220 654 1496 431 185 1065 675 438
is_linear=0
shrinkage=0.05


Tree=195
num_leaves=31
num_cat=0
split_feature=5 6 0 6 2 2 5 3 1 5 0 4 1 5 4 0 5 1 1 2 0 1 3 2 5 0 4 8 8 2
split_gain=6.0178 15.3852 14.0863 10.016 16.733 16.8865 9.67878 12.6567 9.35278 16.9361 11.2449 9.69276 7.70427 7.34249 26.1602 18.3817 13.3575 12.627 8.78134 6.78736 5.69441 5.67549 5.14607 8.57444 8.66889 7.14832 7.32792 17.3585 17.6181 32.2077
threshold=-0.98523971305672675 0.11478523713130605 14.927450980392159 0.080547328232315238 989.37450980392168 985.47549019607857 -0.97509794945709805 18.500000000000004 68.715686274509821 -0.9905448150984083 26.118627450980394 3.5000000000000004 29.93137254901961 -0.95244167294248061 1.5000000000000002 22.950000000000003 -0.97113884758256674 81.990196078431396 71.460784313725512 966.38431372549041 29.659803921568628 33.676470588235297 19.500000000000004 986.62941176470599 0.91939013254733981 36.016666666666673 1.0000000180025095e-35 -0.61236746317008228 0.046214940139115722 995.65588235294126
decision_type=2 2 2 2 2 2 2 2 2 2 2 2 2 2 2 2 2 2 2 2 2 2 2 2 2 2 2 2 2 2
left_child=1 2 -1 4 5 -4 7 12 11 10 -10 -6 -2 14 16 17 -8 21 -17 -15 -3 -16 -21 24 -24 26 27 -25 -29 -30
right_child=6 20 3 -5 8 -7 13 -9 9 -11 -12 -13 -14 19 15 18 -18 -19 -20 22 -22 -23 23 25 -26 -27 -28 28 29 -31
leaf_value=-0.0005277702203246228 0.00077112584249516565 -0.0011309283244826801 5.3534753030770599e-05 0.0019030122744065044 -0.0010134667473193227 -0.0016882443077846435 -0.00047986887889114459 0.0027788442330352048 0.002469611635752697 -0.0010941167143563191 0.00036411688479497388 0.00032191311698714367 -8.18825066903478e-05 0.001532429765316884 -0.00010863519182663373 -0.0024036414461310884 0.0017247059473065819 -0.0015421471744554523 -0.0012342563839175425 1.7826020565936409e-06 -0.0017079278691203377 0.00078489493594272042 -3.3682289522385389e-05 -0.0010311539611742361 -0.00087115827982389433 -0.00060759889433488208 0.00031370338803782819 0.0019241608569846415 0.00061339246991186651 -0.0016012646791933795
leaf_weight=103 71 79 78 55 54 74 42 52 89 48 57 90 120 49 53 69 75 41 59 9385 40 40 283 57 60 48 1255 63 70 44
leaf_count=103 71 79 78 55 54 74 42 52 89 48 57 90 120 49 53 69 75 41 59 9385 40 40 283 57 60 48 1255 63 70 44
internal_value=0.000318797 -0.00397135 -0.000924499 0.00228938 0 -0.0137255 0.000594789 0.0104508 0.00619469 0.0133333 0.0217687 -0.00344828 0.00442708 0.000389088 -0.00644737 -0.0152091 0.0131356 -0.00222222 -0.0286822 0.000618648 -0.0204167 0.00797872 0.000537014 0.00292398 -0.00421512 0.00451886 0.00513423 -0.00297872 0.00477528 -0.00695652
internal_weight=12703 767 648 545 490 152 11936 243 338 194 146 144 191 11693 379 262 117 134 128 11314 119 93 11265 1880 343 1537 1489 234 177 114
internal_count=12703 767 648 545 490 152 11936 243 338 194 146 144 191 11693 379 262 117 134 128 11314 119 93 11265 1880 343 1537 1489 234 177 114
is_linear=0
shrinkage=0.05


Tree=196
num_leaves=31
num_cat=0
split_feature=0 1 9 9 9 1 1 7 8 6 1 0 5 1 3 9 3 8 5 5 6 8 5 7 7 7 0 0 9 9
split_gain=4.80968 4.28152 7.76348 9.57597 6.05376 15.2386 14.306 29.2821 13.4658 10.7298 9.92658 15.0292 10.2957 15.4026 12.5747 13.355 13.2999 11.9497 19.6562 11.6263 10.7802 11.3575 9.59772 15.1524 13.7101 13.2446 10.5927 9.59083 19.6769 11.404
threshold=7.7480392156862754 10.911764705882355 9569.9143750000021 12271.200937500003 9733.5883750000012 14.725490196078432 55.2843137254902 -0.88622299073327826 -0.98212955754013376 -0.013976481981245173 34.656862745098046 20.522549019607847 0.9550229469509578 63.950980392156872 10.500000000000002 6566.1293124999984 16.500000000000004 -0.72251215431422378 -0.93545489084327571 -0.59869031648930193 0.75438814418115718 -0.72251215431422378 -0.48314718476766422 -0.57078386445773377 -0.159513159777915 -0.23432901867687267 19.409803921568628 25.710784313725494 8478.1000000000022 8312.2723125000011
decision_type=2 2 2 2 2 2 2 2 2 2 2 2 2 2 2 2 2 2 2 2 2 2 2 2 2 2 2 2 2 2
left_child=-1 2 -2 -4 9 -6 7 -7 -9 -3 11 -11 14 -14 15 -12 20 18 -17 -19 21 -16 -10 -24 25 26 -25 28 -18 -29
right_child=1 4 3 -5 5 6 -8 8 22 10 12 -13 13 -15 16 17 27 19 -20 -21 -22 -23 23 24 -26 -27 -28 29 -30 -31
leaf_value=-0.00028962954879287325 -0.00033892155333277029 5.8740331579876242e-06 0.0013723381469324643 -8.9687843025037728e-05 0.00067007197031866694 -0.0024972467598721295 1.3117536619311478e-06 -0.0007642908836876628 0.00076067521034295935 0.00039995306972068629 -0.00016054414546375908 -0.00065822588712915195 0.00066492236335674863 0.0047554760846000299 -2.7674197960203541e-05 0.00038237701524673209 0.00145406903429494 0.0023384669305339056 -0.00070604527873416735 0.00046715827302612478 0.00023555039988697459 -0.00056235947721145353 -0.00091404181701233093 0.00087024505844121895 -0.00020713187431956048 0.003161867128675647 -0.00026599701428094147 1.4606531365923825e-05 -0.00077920872832284863 0.0028740288203164214
leaf_weight=52 309 4841 46 92 64 68 4427 110 81 170 73 172 64 44 99 135 74 91 48 93 45 105 93 42 735 46 60 60 84 59
leaf_count=52 309 4841 46 92 64 68 4427 110 81 170 73 172 64 44 99 135 74 91 48 93 45 105 93 42 735 46 60 60 84 59
internal_value=-6.40872e-05 0 -0.00479911 0.00503597 0.000179406 -0.000995285 -0.00127141 -0.00602751 -0.0041524 0.00125439 0.00508116 -0.00233236 0.00744186 0.0220183 0.00579111 0.0120181 0.00056926 0.0158967 0.00679348 0.0248649 -0.0078 -0.0126829 -0.00241021 -0.0037871 -0.00175339 0.0120805 0.00194175 0.00809353 0 0.01875
internal_weight=12482 12430 447 138 11983 5726 5662 1235 1167 6257 1416 342 1074 108 966 440 526 367 183 184 249 204 1057 976 883 148 102 277 158 119
internal_count=12482 12430 447 138 11983 5726 5662 1235 1167 6257 1416 342 1074 108 966 440 526 367 183 184 249 204 1057 976 883 148 102 277 158 119
is_linear=0
shrinkage=0.05


Tree=197
num_leaves=31
num_cat=0
split_feature=9 7 0 0 8 8 0 9 7 2 0 4 3 2 4 2 7 9 3 2 4 9 5 9 8 3 2 9 5 8
split_gain=5.85015 9.03982 7.90664 13.0414 5.7926 12.4122 13.1106 10.1491 11.8876 11.299 14.8462 10.8308 11.822 20.8126 9.42357 10.8786 9.11781 8.44794 15.9607 9.91731 8.43638 8.08761 11.9135 16.6674 17.02 23.1185 11.9766 10.7441 10.4586 9.96192
threshold=4152.9249999999993 0.99049901459377832 24.544117647058826 19.633333333333336 0.89693010073300883 0.91852788691372023 24.726470588235298 14695.955000000002 -0.091260668982868151 993.84607843137258 23.357843137254907 5.5000000000000009 8.5000000000000018 992.35000000000014 4.5000000000000009 987.19313725490213 -0.159513159777915 14620.601500000001 8.5000000000000018 992.05980392156869 1.5000000000000002 10428.337125000004 0.9893236546938301 11487.490250000001 0.47370525521770246 7.5000000000000009 994.82843137254906 10358.819500000001 0.9962888416657264 0.8842148469408333
decision_type=2 2 2 2 2 2 2 2 2 2 2 2 2 2 2 2 2 2 2 2 2 2 2 2 2 2 2 2 2 2
left_child=1 2 3 -1 21 6 -6 8 9 20 16 12 -9 -14 17 -16 -11 19 -19 -10 -7 27 23 24 -23 -26 -27 -2 -24 -25
right_child=4 -3 -4 -5 5 7 -8 11 14 10 -12 -13 13 -15 15 -17 -18 18 -20 -21 -22 22 28 29 25 26 -28 -29 -30 -31
leaf_value=0.00025287794786562625 1.3876204797624858e-05 -0.00069471880620908819 -1.9113292218736477e-05 0.0067927961723079138 -8.2521728463430529e-06 0.00054634579188402315 0.0016329569567540615 -0.00082124146234648088 -0.00089321612873424566 0.0023780662456737672 0.0034504108986662427 0.00076189774634581326 -0.0031501345479517774 6.4288133386539165e-05 0.0012117051861828627 6.8691314166306749e-05 -0.00014233113957836386 -0.00079941405451543874 0.00070891135454661668 1.4803259141688008e-05 -0.00030779744744634523 -0.00073379024718190147 0.0018244118154720269 -3.2621467793281235e-05 -0.0013531883719962502 1.8256240610164954e-06 0.0024840245918898427 0.0012306881293797896 0.00010089502585163419 -0.0005555158277042706
leaf_weight=48 6917 51 40 42 90 69 115 98 178 52 54 40 47 119 40 168 55 44 70 200 119 326 89 3081 44 50 44 73 205 42
leaf_count=48 6917 51 40 42 90 69 115 98 178 52 54 40 47 119 40 168 55 44 70 200 119 326 89 3081 44 50 44 73 205 42
internal_value=0.000166521 0.00906593 0.0160305 0.0241758 3.62027e-05 0.00288647 0.0143204 0.00114476 0.00347619 0.011 0.020679 -0.00688525 -0.010566 -0.00239521 -0.000285307 0.00861244 0.00972222 -0.0040568 0.00782609 -0.00765172 0.0026455 -0.000372517 -0.00220247 -0.0029961 -0.011828 0.0028777 0.0168421 0.000643685 0.00745763 -0.00168054
internal_weight=12610 181 130 90 12429 1558 205 1353 1049 349 161 304 264 166 700 208 107 492 114 378 188 10871 3881 3587 464 138 94 6990 294 3123
internal_count=12610 181 130 90 12429 1558 205 1353 1049 349 161 304 264 166 700 208 107 492 114 378 188 10871 3881 3587 464 138 94 6990 294 3123
is_linear=0
shrinkage=0.05


Tree=198
num_leaves=31
num_cat=0
split_feature=2 0 6 9 1 0 9 9 5 1 2 0 2 7 2 8 5 1 6 5 1 2 6 5 9 0 2 7 2 2
split_gain=5.64568 6.03294 10.5707 4.3489 8.58477 7.54588 4.55736 12.2214 15.0142 11.596 16.5464 21.2872 8.93324 12.3281 9.6045 8.30477 15.0632 14.2155 9.26664 7.25518 6.66452 14.5011 9.63805 9.33078 9.02949 11.2365 9.77403 8.1005 13.9939 9.00434
threshold=966.38431372549041 48.400980392156875 0.98770287048522643 4152.9249999999993 52.970588235294123 18.369607843137256 13504.861187500001 13193.419375000003 0.59868201182722736 94.186274509803937 975.51666666666677 38.557843137254913 990.65098039215707 0.96687895796550427 987.82843137254906 0.98005052076767474 1.0000000180025095e-35 30.519607843137262 -0.99168640063982161 0.35846314187849709 93.598039215686285 980.89117647058833 0.79773375822167203 -0.16799356919963607 12098.162624999999 29.847058823529412 990.8068627450981 0.88618201382888007 997.822549019608 993.60294117647061
decision_type=2 2 2 2 2 2 2 2 2 2 2 2 2 2 2 2 2 2 2 2 2 2 2 2 2 2 2 2 2 2
left_child=-1 3 -3 4 5 -2 7 15 -9 10 -8 -12 14 -14 19 18 -17 -18 -5 -11 24 23 -23 -22 27 -26 -27 -20 29 -29
right_child=1 2 -4 6 -6 -7 9 8 -10 12 11 -13 13 -15 -16 16 17 -19 20 -21 21 22 -24 -25 25 26 -28 28 -30 -31
leaf_value=0.0013883185634857966 -0.00018210880937464814 5.9775596134015174e-06 0.00027541090484762279 -0.0014546591022644275 -0.00038465782077939936 0.0033513928683224781 0.0010382720495237363 -0.00096848707108198326 0.0011905260846366479 0.00031989745788336689 0.00010864344076363664 -0.001933627904223223 0.00051013721587032381 -0.00094657534188907842 -0.0017488823319921605 0.00073217093441391721 -0.0004832825659706386 0.00033887406620823488 4.9386624579123022e-06 -0.0010235981630586659 -0.00058153598634740902 0.00070538326209740603 -1.7199226331920947e-05 0.00010811587421275249 -0.00069153778497628091 -3.9205532011843408e-05 0.0017597566061218262 -0.00038440736413045411 -0.002069874643608183 0.00013585549782981765
leaf_weight=44 49 99 40 63 56 81 101 306 76 79 1623 71 79 57 55 157 77 102 7187 52 80 281 137 104 438 141 41 535 63 307
leaf_count=44 49 99 40 63 56 81 101 306 76 79 1623 71 79 57 55 157 77 102 7187 52 80 281 137 104 438 141 41 535 63 307
internal_value=9.93483e-05 3.58909e-05 0.0103571 -8.06517e-05 0.00748663 0.0145038 -0.000196512 -0.000638867 -0.00939948 0.00191218 0.00347996 0.00230088 -0.00681115 0.00291971 -0.0139037 -0.000293391 0.0074184 -0.0025 -0.000570484 -0.00643939 -0.00044015 0.00464345 0.0097852 -0.00702703 -0.00079192 -0.00660225 0.00382514 -0.000345978 -0.00480132 -0.00308422
internal_weight=12581 12537 139 12398 186 130 12212 10095 382 2117 1795 1694 322 136 186 9713 336 179 9377 131 9314 602 418 184 8712 620 182 8092 905 842
internal_count=12581 12537 139 12398 186 130 12212 10095 382 2117 1795 1694 322 136 186 9713 336 179 9377 131 9314 602 418 184 8712 620 182 8092 905 842
is_linear=0
shrinkage=0.05


Tree=199
num_leaves=31
num_cat=0
split_feature=0 1 7 7 1 0 4 3 4 3 3 5 5 3 9 9 5 9 9 5 0 3 3 3 5 0 4 0 1 4
split_gain=6.10348 10.4829 5.34471 11.8779 11.9941 11.8373 14.0452 11.8247 22.7388 22.0192 8.61394 16.2209 14.9791 15.4062 12.1143 11.5831 15.0445 11.4704 11.2146 12.3773 10.5707 10.1948 10.5623 9.77665 9.97935 9.09087 8.49414 12.5519 10.7845 8.79268
threshold=10.636274509803924 74.460784313725512 -0.48314718476766422 -0.55657263146136127 26.029411764705888 39.220588235294123 2.5000000000000004 6.5000000000000009 3.5000000000000004 14.500000000000002 4.5000000000000009 0.77244481603295057 0.42179998225932674 10.500000000000002 7028.4232500000007 9053.0888749999995 0.88621069759564464 12173.294062500003 12491.249562499996 -0.45274443793211405 24.544117647058826 11.500000000000002 7.5000000000000009 5.5000000000000009 0.63920241694561786 21.377450980392158 3.5000000000000004 22.630392156862751 85.264705882352956 2.5000000000000004
decision_type=2 2 2 2 2 2 2 2 2 2 2 2 2 2 2 2 2 2 2 2 2 2 2 2 2 2 2 2 2 2
left_child=1 -1 3 5 -5 10 -7 -6 9 -9 11 14 17 23 -2 16 -13 21 25 20 -20 22 -12 -14 -25 -19 27 29 -28 -15
right_child=2 -3 -4 4 7 6 -8 8 -10 -11 12 15 13 26 -16 -17 -18 18 19 -21 -22 -23 -24 24 -26 -27 28 -29 -30 -31
leaf_value=-8.7043010474750597e-05 0.00092894292049620637 -0.0005682595145848978 3.3634777235644345e-05 -0.0012335620392184554 -0.00093233952438893106 4.6894904678851379e-05 -9.6581694116704153e-05 0.00043611584385386124 0.00097683231469483938 -0.0021332314674420692 2.8606681799561717e-05 0.0018215824521071401 8.829657997360546e-05 0.00022725354524842506 -6.7980815585896856e-05 0.0019056978120307461 -0.00054215894805951799 -5.3264994966081838e-05 0.0015526428385331332 -0.00047359971379644513 7.8831125929412776e-05 9.0265389230348433e-06 0.0010493470727653588 -0.00011665221518041002 -0.0017427843012052025 -0.002458128237981297 -0.0007411011342563237 -0.00032254504698470132 0.00076158996274499767 0.002244549176167693
leaf_weight=358 56 41 8491 68 71 54 111 41 93 63 207 53 52 126 459 50 41 46 40 122 99 773 246 53 185 82 207 200 44 42
leaf_count=358 56 41 8491 68 71 54 111 41 93 63 207 53 52 126 459 50 41 46 40 122 99 773 246 53 185 82 207 200 44 42
internal_value=-4.77137e-05 -0.006125 0.000151938 -0.00143826 -0.0103858 -0.000537474 -0.0135542 -0.00557621 0.000757576 -0.0152381 0.000141332 0.00522727 -0.00118812 -0.00631868 0.00106589 0.02 0.00947368 0.00170173 -0.00576923 0.00019084 0.0103571 0.00407498 0.010022 -0.0158076 -0.0200837 -0.0178295 -0.00185484 0.00298103 -0.00892857 0.0130178
internal_weight=12574 399 12175 3684 336 3348 165 268 197 104 3183 659 2524 909 515 144 94 1615 389 261 139 1226 453 290 238 128 619 368 251 168
internal_count=12574 399 12175 3684 336 3348 165 268 197 104 3183 659 2524 909 515 144 94 1615 389 261 139 1226 453 290 238 128 619 368 251 168
is_linear=0
shrinkage=0.05


Tree=200
num_leaves=31
num_cat=0
split_feature=8 3 3 6 5 0 6 5 9 6 3 5 3 9 1 0 0 6 9 6 4 0 0 3 9 9 0 1 3 0
split_gain=5.7977 4.18538 9.97329 12.712 13.5925 15.2115 13.5302 9.65464 20.4104 28.4698 22.7183 15.5926 15.5322 15.3127 13.6913 12.0421 14.134 9.50769 13.1479 9.43629 11.0915 9.252 8.59706 9.72942 15.5523 9.25968 8.59121 10.6517 13.2307 9.90122
threshold=-0.99983123799342477 16.500000000000004 11.500000000000002 0.41202506375868281 0.86113431103781346 14.699019607843139 0.5475998096715059 0.40614137006726808 13504.861187500001 0.86869874770991873 7.5000000000000009 0.54219432480460406 5.5000000000000009 6422.4555 39.637254901960794 27.906862745098042 19.844117647058827 -0.83849291496497236 7420.3617500000046 -0.38243420677835349 3.5000000000000004 26.590196078431379 27.772549019607847 20.500000000000004 6510.888750000001 7028.4232500000007 18.514705882352946 93.794117647058826 14.500000000000002 32.254901960784316
decision_type=2 2 2 2 2 2 2 2 2 2 2 2 2 2 2 2 2 2 2 2 2 2 2 2 2 2 2 2 2 2
left_child=-1 2 7 -4 5 -5 -7 12 9 10 -9 -10 13 15 -12 16 -2 18 22 -16 21 -21 23 24 -3 -26 -8 28 -28 -29
right_child=1 17 3 4 -6 6 26 8 11 -11 14 -13 -14 -15 19 -17 -18 -19 -20 20 -22 -23 -24 -25 25 -27 27 29 -30 -31
leaf_value=-0.0002325665961801532 2.9831880344059759e-05 -0.0014984569717454183 -9.5221152197830228e-06 -0.00039327352883349775 -0.0016948338655656315 0.0019288691816484018 0.00016390238398431291 3.3621593776106411e-05 0.00084749591594336995 -0.0030661700897163164 -0.0019821613235427543 8.8419698533687146e-05 0.00018877280664369723 -0.00011991277810090573 -0.0013126189201566254 -0.00024134762512191267 0.0016389679467848695 9.1718195129042446e-05 -0.0021916283647254536 0.00057999615443049275 -0.001456432417214404 -0.00023379981171694765 0.0012581009203023298 0.00036271763792025403 0.0021287802550754853 -0.00047370865343347588 -0.00098190023793651724 -0.00052122232741971396 -1.2743753112673396e-05 0.00040828339288644935
leaf_weight=75 306 128 1536 153 55 71 133 1037 84 65 112 464 2057 1443 127 41 250 3157 85 105 130 60 41 180 41 43 337 54 218 76
leaf_count=75 306 128 1536 153 55 71 133 1037 84 65 112 464 2057 1443 127 41 250 3157 85 105 130 60 41 180 41 43 337 54 218 76
internal_value=-4.73747e-05 3.57427e-05 -0.000549635 -0.00313212 -0.00724044 -0.00594439 -0.00342697 0.00053327 -0.00215103 -0.00494808 -0.00359415 0.00619308 0.00196437 -0.0011269 -0.0119626 0.00560201 0.00754039 0.00145539 -0.00481696 -0.00780142 -0.00287162 0.00572289 -0.00126728 -0.00356234 -0.0107981 0.00588235 -0.00525031 -0.00750729 -0.0105216 0.00534351
internal_weight=12664 12589 8914 2633 1097 1042 889 6281 2184 1636 1571 548 4097 2040 534 597 556 3675 518 422 295 165 433 392 212 84 818 685 555 130
internal_count=12664 12589 8914 2633 1097 1042 889 6281 2184 1636 1571 548 4097 2040 534 597 556 3675 518 422 295 165 433 392 212 84 818 685 555 130
is_linear=0
shrinkage=0.05


Tree=201
num_leaves=31
num_cat=0
split_feature=7 7 9 2 4 7 5 5 3 3 9 8 4 7 7 9 3 2 8 4 4 8 3 5 6 9 3 8 8 9
split_gain=5.86008 16.091 11.3578 15.8982 30.2171 11.0293 11.3074 27.1 13.5065 20.5322 10.7223 18.794 11.4195 25.1686 16.7998 15.4911 15.0892 17.276 12.6077 10.661 14.1879 19.7768 18.9299 15.3649 15.8462 11.6961 10.8003 16.3072 16.8675 15.1093
threshold=-0.46801289393397988 -0.61237701952678392 15273.324999999999 996.39509803921578 5.5000000000000009 -0.022576249993022688 0.9916835347852474 0.9893236546938301 16.500000000000004 10.500000000000002 13193.419375000003 0.71953727073011831 5.5000000000000009 -0.89405649444168434 -0.75015329512557194 7711.3053125000015 12.500000000000002 993.84607843137258 -0.29343329057636974 3.5000000000000004 2.5000000000000004 -0.15314025082153274 6.5000000000000009 0.66527693225344786 -0.93237865822738086 14094.875750000001 8.5000000000000018 -0.30982845708428081 -0.029024744910506859 7553.3263125000003
decision_type=2 2 2 2 2 2 2 2 2 2 2 2 2 2 2 2 2 2 2 2 2 2 2 2 2 2 2 2 2 2
left_child=1 10 3 -3 -5 -2 7 19 9 -8 11 12 18 15 16 -14 17 -15 -1 20 -7 -22 25 24 -24 -23 27 29 -29 -21
right_child=5 2 -4 4 -6 6 8 -9 -10 -11 -12 -13 13 14 -16 -17 -18 -19 -20 26 21 22 23 -25 -26 -27 -28 28 -30 -31
leaf_value=0.00012439430685774362 0.0001411105287668274 -0.00018783926417420549 0.00020823676807956438 -0.0011172460727940827 0.00055352173976488397 1.3304654437465425e-05 -0.00034765759086541754 0.0011338686090775223 -0.0014799873702063524 0.00058353729453566319 -0.00099587055754045699 0.00075558344303735538 9.7105005515335529e-05 -0.0031026904581234085 0.0013376673221827673 0.0010430219294507216 0.00023206562842539998 -0.00017765659892619718 -0.00012882763825844968 0.00098950240939782441 0.00083904694358135636 -0.00024550055619763922 -0.001263463759026895 -0.00057108036965091563 0.00069353905904466777 -0.0017435389597308005 -0.00018293854171851505 -0.0010081566874896835 3.8079511726113462e-05 0.00014248476300198141
leaf_weight=1050 1813 413 91 128 43 2797 138 43 90 87 76 133 96 43 60 111 72 44 1614 142 404 112 55 42 270 40 1764 97 521 254
leaf_count=1050 1813 413 91 128 43 2797 138 43 90 87 76 133 96 43 60 111 72 44 1614 142 404 112 55 42 270 40 1764 97 521 254
internal_value=0.000407308 -0.00118239 -0.00821006 -0.0107692 -0.0235465 0.0011361 0.000218755 0.000664934 -0.00901899 -0.00243363 0.000257576 0.000697891 -9.7056e-05 0.00749415 -0.00431818 0.0199519 -0.0128125 -0.0267045 -0.00131332 0.000400062 0.00214996 0.00752165 0.00105769 0.00720109 0.0108896 -0.0137255 -0.00194315 0.00216749 -0.00290792 0.0100756
internal_weight=12643 3974 675 584 171 8669 6856 6541 315 225 3299 3223 3090 426 219 207 159 87 2664 6498 3720 923 519 367 325 152 2778 1014 618 396
internal_count=12643 3974 675 584 171 8669 6856 6541 315 225 3299 3223 3090 426 219 207 159 87 2664 6498 3720 923 519 367 325 152 2778 1014 618 396
is_linear=0
shrinkage=0.05


Tree=202
num_leaves=31
num_cat=0
split_feature=0 4 2 2 1 2 8 4 2 3 1 8 8 8 0 0 9 8 6 8 1 6 8 1 6 6 3 6 1 9
split_gain=6.19662 17.8503 8.95253 6.36525 8.56949 15.2229 10.4177 10.3745 9.67517 13.3373 10.3081 9.50776 12.7785 13.5838 9.42659 15.2367 10.3617 8.76329 12.8059 8.62782 8.05535 7.62977 9.92198 8.38946 9.63781 21.1691 9.72872 11.5557 7.48675 7.43874
threshold=45.304901960784328 1.5000000000000002 973.39705882352962 982.7735294117648 86.51960784313728 986.13431372549041 -0.48314634702607501 3.5000000000000004 986.75392156862756 5.5000000000000009 65.166666666666671 -0.99467580659249177 -0.93543596745397617 -0.90163213577682544 37.432352941176475 34.451960784313734 9170.8544999999995 -0.99467580659249177 -0.031174269516803289 -0.99983123799342477 90.578431372549034 0.99024581825578073 0.91423533665985768 90.205882352941202 0.36447543099728863 0.2499757677084001 13.500000000000002 -0.40613878790836594 92.049019607843164 14281.821437500001
decision_type=2 2 2 2 2 2 2 2 2 2 2 2 2 2 2 2 2 2 2 2 2 2 2 2 2 2 2 2 2 2
left_child=3 -2 -3 29 7 6 -6 8 9 -5 -11 -7 20 -14 15 19 -17 18 -9 -10 -13 22 23 -15 25 26 27 -25 -24 -1
right_child=1 2 -4 4 5 11 -8 17 14 10 -12 12 13 21 -16 16 -18 -19 -20 -21 -22 -23 28 24 -26 -27 -28 -29 -30 -31
leaf_value=-8.1114634121370887e-05 0.00046398154159009165 -0.00014649528820527281 4.0216580634810932e-05 -0.0014007280707031583 -5.1309029235366291e-05 0.0011083500465432106 0.00084888480021771409 -6.7905582321387339e-05 -0.00061224477289346111 0.00057986407900841865 -0.00020273367101917642 -5.5762667686061475e-05 0.00061611256786456986 0.00024009497535041198 -0.0003880773322747777 -4.1647860015925358e-06 0.0019599864789482504 -0.00012663381959652221 0.0027447057863819015 6.171482594839045e-05 -0.0016331254681486629 -0.00047403069507907791 6.642814665607164e-05 4.6601143619001697e-05 -0.00036583534811036601 0.0029780380554221943 0.00043669760431790387 -0.0021222849414730531 0.0029327431980224333 -0.00098044113946990641
leaf_weight=1110 66 46 139 86 106 81 263 86 42 42 196 58 49 462 88 41 80 3727 45 4714 40 70 40 79 575 57 65 44 42 77
leaf_count=1110 66 46 139 86 106 81 263 86 42 42 196 58 49 462 88 41 80 3727 45 4714 40 70 40 79 575 57 65 44 42 77
internal_value=-2.37774e-05 0.0077381 -0.000268817 -0.000181951 0.000187852 0.003125 0.0122973 -0.000464582 0.000973535 -0.00738462 -0.00125523 0.00108238 0.000221239 0.0013814 0.00152034 0.00181427 0.0192623 -0.00243586 0.0102273 0.00136641 -0.0171717 0.000487805 0.00131868 0.000233827 -0.00280146 0.0054878 -0.0026455 -0.0108871 0.0180723 -0.00366162
internal_weight=12616 251 185 12365 11178 2031 369 9147 5289 324 238 1662 1581 1483 4965 4877 121 3858 131 4756 98 1434 1364 1282 820 245 188 123 82 1187
internal_count=12616 251 185 12365 11178 2031 369 9147 5289 324 238 1662 1581 1483 4965 4877 121 3858 131 4756 98 1434 1364 1282 820 245 188 123 82 1187
is_linear=0
shrinkage=0.05


Tree=203
num_leaves=31
num_cat=0
split_feature=8 9 5 0 9 3 9 0 5 0 5 8 2 0 6 6 0 3 7 2 5 5 8 0 8 0 9 2 2 6
split_gain=4.23804 15.9994 16.8854 15.4624 8.9971 8.96527 13.6577 10.3739 11.2151 10.7607 9.19537 8.14627 16.9391 18.3118 16.8998 13.879 13.2491 15.8573 10.4647 7.63777 7.4642 7.02198 6.98559 10.5797 16.3759 12.4062 8.3264 6.72697 8.11619 6.44457
threshold=0.89693010073300883 15048.991749999999 -0.13398594226331254 18.232352941176476 5943.6702500000001 5.5000000000000009 13249.7464375 25.039215686274513 0.074116354202380205 15.795098039215688 -0.0053757284505435614 0.83138725112258183 1004.7049019607845 16.265686274509807 -0.96904977397942549 -0.97315270831292444 16.694117647058828 10.500000000000002 0.49253244405029933 988.31862745098044 -0.15101209918632377 -0.18492532721306487 0.67485701100832973 28.475490196078436 0.75438814418115718 25.508823529411771 10523.2573125 993.5441176470589 990.15392156862765 0.89691351184655443
decision_type=2 2 2 2 2 2 2 2 2 2 2 2 2 2 2 2 2 2 2 2 2 2 2 2 2 2 2 2 2 2
left_child=11 4 -3 -4 20 6 27 9 19 -7 -11 22 14 -14 15 -13 -16 18 -18 -9 21 -2 29 25 -25 -24 -27 28 -6 -1
right_child=1 2 3 -5 5 7 -8 8 -10 10 -12 12 13 -15 16 -17 17 -19 -20 -21 -22 -23 23 24 -26 26 -28 -29 -30 -31
leaf_value=-3.0582965158162947e-06 -0.0010808137648430445 0.00012529925455426056 -0.0001512161417446055 -0.0025341055818057681 0.00012760339527459892 0.00020110624496021414 -0.00065274337640745252 -0.00040701266062450616 0.00095457621095402796 0.00061558274960838994 -0.00033792458656106976 -0.00065710359420525501 -0.00021261636173027372 0.0015910305846382367 -0.0011383189936266026 0.0024478445373193993 -0.00018931338410364124 -0.00094028467031432867 0.00082447561482841417 0.00034470199799163659 -0.0020157386219995048 0.0016753347816739429 0.00014998272244286099 7.1840722915006425e-05 -0.0012272026632246915 0.0047760691331006026 0.00038974271803325357 0.0016499225349656923 -0.0011029284953408922 -0.00039365167337189065
leaf_weight=9482 40 112 40 53 58 155 115 41 183 139 307 41 47 47 82 61 44 138 45 101 59 40 633 164 54 47 49 71 52 190
leaf_count=9482 40 112 40 53 58 155 115 41 183 139 307 41 47 47 82 61 44 138 45 101 59 40 633 164 54 47 49 71 52 190
internal_value=0.000118194 0.00255265 -0.0104369 -0.0260638 0.00451542 0.00588716 -0.0016835 0.00830636 0.0154908 0.00440199 0.000447427 -0.000224719 -0.00642292 0.0126316 -0.010801 0.00679612 -0.0166129 -0.010307 0.00611111 0.0048951 -0.0075 0.00246914 7.06215e-05 0.00416667 -0.00547945 0.00705479 0.0237113 0.00686813 -0.000900901 -0.000330818
internal_weight=12690 1566 205 93 1361 1222 296 926 325 601 446 11124 505 94 411 102 309 227 89 142 139 80 10619 947 218 729 96 181 110 9672
internal_count=12690 1566 205 93 1361 1222 296 926 325 601 446 11124 505 94 411 102 309 227 89 142 139 80 10619 947 218 729 96 181 110 9672
is_linear=0
shrinkage=0.05


Tree=204
num_leaves=31
num_cat=0
split_feature=8 7 0 6 6 2 6 6 6 0 2 1 0 8 2 6 6 6 9 0 7 7 5 7 7 7 0 9 8 6
split_gain=4.71358 24.2592 12.3707 8.18462 6.004 14.0247 8.53156 7.32676 12.8959 11.6006 9.00283 6.1216 12.2545 12.1043 15.3107 9.788 9.6199 18.6607 9.51498 7.69083 16.0731 12.4223 12.3539 8.36176 19.6848 11.9823 10.0649 8.64031 8.32346 8.29714
threshold=0.99865940500831329 1.0000000180025095e-35 18.842156862745103 0.99932962452255414 0.99855310097228334 997.2656862745099 0.99748108949426018 0.99249573635719013 0.99024581825578073 19.920588235294122 992.18725490196084 86.715686274509821 13.990196078431374 0.89693010073300883 983.03235294117655 0.97832380634958016 0.95178258287705175 0.94636490295939868 14776.2090625 35.255882352941185 0.60726729507090926 0.95566275305367776 -0.99763297024448894 0.86972315351350449 0.68589359117003446 0.95566275305367776 29.044117647058826 13325.048624999996 -0.95244002147885598 0.95178258287705175
decision_type=2 2 2 2 2 2 2 2 2 2 2 2 2 2 2 2 2 2 2 2 2 2 2 2 2 2 2 2 2 2
left_child=3 2 -2 4 6 -6 7 8 11 -9 -11 15 -13 19 -15 16 17 -1 -17 22 -21 -22 -14 24 28 27 -27 -25 -24 -30
right_child=1 -3 -4 -5 5 -7 -8 9 -10 10 -12 12 13 14 -16 18 -18 -19 -20 20 21 -23 23 25 -26 26 -28 -29 29 -31
leaf_value=-2.0635658379518365e-05 7.7393081972252861e-05 0.0020316371333636619 -0.0014065560771103437 -0.0049679159718782843 0.0014277199077391391 -8.186130634102104e-05 -0.00051007511539871047 -0.00017118089746712419 -0.00084079992591349359 0.00012851673998083568 0.0026521591975298799 -0.00053428719847963273 0.0034810932144450943 -0.00021426181154449164 0.0012739939769595143 1.1066654191721482e-05 0.00023099375326565003 -0.00052736027906978393 -0.0015524844154619522 -8.6700715575238624e-05 0.001023499947501727 -6.3357135919234198e-05 -0.00079480456272005705 0.0029593859348472974 -0.00064095487167225857 0.00051445731347649906 -0.00080264942571050277 0.00020412725078970546 0.00023805113376927715 -0.00033751638816091335
leaf_weight=8826 58 103 42 43 40 40 78 69 73 90 61 116 50 50 163 60 281 55 83 237 81 92 102 61 182 244 92 68 956 99
leaf_count=8826 58 103 42 43 40 40 78 69 73 90 61 116 50 50 163 60 281 55 83 237 81 92 102 61 182 244 92 68 956 99
internal_value=5.95427e-05 0.00759804 -0.00990099 -6.45526e-05 1.21457e-05 0.0135802 -7.74246e-05 2.87073e-05 -0.000137822 0.00904977 0.0167763 -8.40407e-06 0.00213955 0.00288539 0.0142523 -0.000607135 -0.000403798 -0.000692412 -0.0135417 0.00181015 -0.00437956 0.00718391 0.00318059 0.00249307 0.000485075 0.0082618 0.00326409 0.0211538 0.00289292 0.00421402
internal_weight=12595 203 100 12392 12349 80 12269 12191 11971 220 151 11898 2593 2477 213 9305 9162 8881 143 2264 410 173 1854 1804 1339 465 336 129 1157 1055
internal_count=12595 203 100 12392 12349 80 12269 12191 11971 220 151 11898 2593 2477 213 9305 9162 8881 143 2264 410 173 1854 1804 1339 465 336 129 1157 1055
is_linear=0
shrinkage=0.05


Tree=205
num_leaves=31
num_cat=0
split_feature=5 9 6 2 5 5 4 1 3 3 3 1 2 3 6 9 9 6 3 4 3 9 6 5 5 6 9 5 8 3
split_gain=6.95299 15.8663 20.1652 11.4404 9.91299 13.0322 11.4267 7.91645 7.8396 6.57761 8.74511 5.14225 4.01273 9.99518 15.1799 16.2813 16.4238 13.277 26.4192 21.7832 17.4367 11.5396 11.2999 9.74697 9.68477 12.5885 14.342 9.20284 9.20188 12.4781
threshold=-0.99630266176052629 9189.8500000000004 0.011826144619637555 993.21078431372564 -0.99275805973510278 -0.98803845231459242 1.5000000000000002 66.735294117647072 17.500000000000004 13.500000000000002 6.5000000000000009 84.87254901960786 996.56960784313731 6.5000000000000009 0.97832380634958016 11235.802625000002 10170.803375 0.1318557721318592 11.500000000000002 1.0000000180025095e-35 10.500000000000002 14691.241 0.97062204580664158 0.89017062131308955 0.24372619187392155 -0.24372464231556024 7637.4085625000007 -0.82415615971448097 -0.84313311835787952 7.5000000000000009
decision_type=2 2 2 2 2 2 2 2 2 2 2 2 2 2 2 2 2 2 2 2 2 2 2 2 2 2 2 2 2 2
left_child=1 2 3 -1 6 8 -2 -4 11 10 -5 -6 28 14 15 16 23 18 27 -20 21 -19 -23 24 25 -14 -27 -15 29 -7
right_child=4 -3 7 9 5 12 -8 -9 -10 -11 -12 -13 13 17 -16 -17 -18 20 19 -21 -22 22 -24 -25 -26 26 -28 -29 -30 -31
leaf_value=7.7118077393073533e-05 -1.5225820003808566e-05 -0.002087638453431663 0.00017498562199765868 -0.0010515536707583998 -0.00056816827244100538 0.00055378242997279896 0.0018988895142792381 0.0020861497743084128 0.00071342213637046051 -0.0014291829315948718 0.00018776917445983908 -0.0018256244713865501 0.00041571364846859361 0.00028820492020478208 -0.00076118590736755647 0.00024430137916610638 -0.001184433153334269 0.00074452762080085694 -0.0013904420373229824 0.00031256404375893944 1.170550459374635e-05 0.0004224185983224868 -0.00054414312959391727 0.00043693052118692899 -0.00045045658081480506 -0.0015115575961623816 -7.8046676373075283e-05 -0.0010747953562499622 2.6736681151801056e-05 6.3061501770281247e-05
leaf_weight=85 75 57 40 47 70 433 78 58 44 65 48 48 81 45 108 245 69 260 70 369 1020 49 46 59 62 50 143 215 7734 799
leaf_count=85 75 57 40 47 70 433 78 58 44 65 48 48 81 45 108 245 69 260 70 369 1020 49 46 59 62 50 143 215 7734 799
internal_value=0.00049312 -0.00598504 -0.00188953 -0.00955285 0.000706482 0.000544925 0.0133117 0.0171717 -0.0134969 -0.0173913 -0.00885417 -0.0201681 0.000737898 -0.000881743 -0.00556235 -0.00288732 -0.0083871 0.000963855 -0.00464286 0.00284091 0.00381541 0.0133427 -0.0015625 -0.00441919 -0.00771513 -0.00363636 -0.010567 -0.0172414 0.00126018 0.0052717
internal_weight=12572 400 343 245 12172 12019 153 98 162 160 95 118 11857 2891 817 709 464 2074 699 439 1375 355 95 395 336 274 193 260 8966 1232
internal_count=12572 400 343 245 12172 12019 153 98 162 160 95 118 11857 2891 817 709 464 2074 699 439 1375 355 95 395 336 274 193 260 8966 1232
is_linear=0
shrinkage=0.05


Tree=206
num_leaves=31
num_cat=0
split_feature=7 7 3 6 3 0 6 0 6 8 5 0 0 6 8 4 6 6 8 5 3 3 1 1 5 5 3 3 1 0
split_gain=5.98133 11.1671 13.6686 4.30132 14.4118 8.66186 4.61837 6.72814 4.36529 3.90244 6.21892 20.1605 6.5048 7.96362 5.70887 11.3579 8.91467 3.63923 10.4465 17.338 15.7375 22.8072 11.3685 14.0629 8.001 7.87754 7.22142 9.94195 8.58865 7.18207
threshold=0.99983759474438971 0.9993614236720848 12.500000000000002 0.99855310097228334 6.5000000000000009 9.5137254901960802 0.99932962452255414 21.591176470588241 -0.21862536810265826 0.98901092807778201 1.0000000180025095e-35 18.369607843137256 23.357843137254907 0.99681593486783593 0.98005052076767474 2.5000000000000004 -0.99168640063982161 -0.27694043983797384 -0.61236746317008228 0.84313847884979054 15.500000000000002 7.5000000000000009 41.656862745098046 76.343137254901976 0.81428061195174062 0.92273069556937592 8.5000000000000018 15.500000000000002 66.735294117647072 19.085294117647063
decision_type=2 2 2 2 2 2 2 2 2 2 2 2 2 2 2 2 2 2 2 2 2 2 2 2 2 2 2 2 2 2
left_child=1 3 -3 5 -5 8 -6 -8 -1 14 12 -12 13 -11 16 -16 -7 18 22 24 21 -21 25 26 29 -18 28 -28 -24 -20
right_child=-2 2 -4 4 6 9 7 -9 -10 10 11 -13 -14 -15 15 -17 17 -19 19 20 -22 -23 23 -25 -26 -27 27 -29 -30 -31
leaf_value=7.8458499913781906e-05 0.0010370678838964198 4.6031628312404038e-05 -0.0020525314311919396 -0.00027974201648971327 0.0004742741664753088 -0.0019549293296248285 0.00057645508527319825 -0.00041445405475145638 -0.00037170232095861994 0.00016603880918421578 9.4304045904281688e-05 -0.0015163464896557088 0.0012112284332346235 -0.00049864730283555867 -0.00026557849323506497 0.0012192813293894101 0.0013528300114786437 2.7557512548689879e-05 -0.00017988753139646098 0.0018017778697798582 0.0018996610546781201 -0.0011595183164227238 9.6403948204006745e-05 -7.433372020617113e-05 -0.0015343882134127185 -0.0011250306420963363 -0.002899470783224764 -0.00078889336395333582 -0.0013432762620408463 9.2214995816175541e-05
leaf_weight=47 73 42 43 70 58 54 68 57 110 50 56 60 43 48 57 95 52 7640 1312 65 69 66 86 309 51 51 96 125 54 1549
leaf_count=47 73 42 43 70 58 54 68 57 110 50 56 60 43 48 57 95 52 7640 1312 65 69 66 86 309 51 51 96 125 54 1549
internal_value=1.59274e-05 -6.80872e-05 -0.0180233 5.64562e-05 0.00649606 -7.82151e-05 0.0138587 0.00833333 -0.0117089 7.50688e-05 -0.00600775 -0.0145299 0.00105634 -0.00606061 0.000208831 0.00980392 8.2038e-05 0.000177859 -0.00106794 0.000224863 0.0144279 0.00416667 -0.00626615 -0.00864382 -0.000755235 0.00913462 -0.0153315 -0.0209459 -0.00638298 -0.000401817
internal_weight=12556 12483 85 12398 253 12145 183 125 157 11988 257 116 141 98 11731 152 11579 11525 3885 3112 200 131 773 670 2912 103 361 221 140 2861
internal_count=12556 12483 85 12398 253 12145 183 125 157 11988 257 116 141 98 11731 152 11579 11525 3885 3112 200 131 773 670 2912 103 361 221 140 2861
is_linear=0
shrinkage=0.05


Tree=207
num_leaves=31
num_cat=0
split_feature=7 7 2 7 7 4 7 3 2 7 4 7 7 1 3 3 6 6 7 7 3 7 1 7 8 1 2 1 2 7
split_gain=5.27287 9.44409 4.37537 12.5761 17.8638 18.4173 10.372 9.44904 8.43434 7.96643 13.4889 9.65434 9.21779 8.84508 8.19277 13.9413 7.00607 8.55582 6.74507 15.913 10.4058 10.1213 10.8133 8.37582 12.5065 6.8451 11.602 11.46 6.72387 8.04364
threshold=0.99983759474438971 0.9993614236720848 986.75392156862756 -0.83377653105606597 -0.9470547246821871 5.5000000000000009 -0.77245553105869302 11.500000000000002 985.47549019607857 -0.93545056548590078 5.5000000000000009 -0.99275346941927067 -0.99763297024448894 98.009803921568633 6.5000000000000009 14.500000000000002 -0.53495380374625956 -0.12545862287572049 -0.90163369914317015 -0.878119045158818 11.500000000000002 -0.83377653105606597 29.93137254901961 -0.80418297442179409 0.56192200557241578 75.421568627450995 995.93431372549026 85.480392156862749 989.21764705882367 -0.98214488425316759
decision_type=2 2 2 2 2 2 2 2 2 2 2 2 2 2 2 2 2 2 2 2 2 2 2 2 2 2 2 2 2 2
left_child=1 2 3 4 5 -1 -5 -6 -8 10 11 12 -4 18 -14 -16 -10 -18 25 20 -20 22 -21 24 -23 26 -11 -27 -13 -30
right_child=-2 -3 9 6 7 -7 8 -9 16 13 -12 28 14 -15 15 -17 17 -19 19 21 -22 23 -24 -25 -26 27 -28 -29 29 -31
leaf_value=-0.00021407413393266796 0.0010750661220526717 -0.00091820452567989994 -0.00049833809013119241 -0.0019634084530286201 0.0018404784123016188 0.00089375940954218309 -3.1457331815054614e-05 0.00023328679501009031 -0.0026708294742749522 -0.00039523058400395831 0.000220614708028892 6.4107941491264861e-05 0.0010788505056153585 0.0012362285739364112 -0.00042954388143626388 0.0026171584512697564 0.00019173422085976279 -0.0006390040749981341 -0.0013488152178636138 -0.00038977390270744585 -0.00019137332046353166 3.3836260840974795e-05 0.00099216028812959003 3.350180126962532e-05 -0.0016410032318478929 0.0020103405966397482 0.001253811249257797 6.6495870600846724e-05 -0.0015079334706499525 -0.00035376498363899893
leaf_weight=202 74 77 150 69 54 51 1700 59 55 73 114 79 43 78 48 44 119 171 81 70 72 77 176 8125 61 63 89 55 113 319
leaf_count=202 74 77 150 69 54 51 1700 59 55 73 114 79 43 78 48 44 119 171 81 70 72 77 176 8125 61 63 89 55 113 319
internal_value=0.000115427 3.60346e-05 0.000145033 -0.00173317 0.00681199 -0.000590551 -0.00321513 0.0232456 -0.00256598 0.000614238 -0.00384193 -0.00614806 0.00122378 0.00106418 0.0106618 0.00215054 -0.00968208 -0.00652921 0.000916918 0.000669514 -0.0152597 0.000957697 0.0109312 0.000659487 -0.0115108 0.00854093 0.00184049 0.0176471 -0.0102539 -0.0127021
internal_weight=12561 12487 12410 2480 366 253 2114 113 2045 9930 910 796 285 9020 135 92 345 290 8942 8662 153 8509 246 8263 138 280 162 118 511 432
internal_count=12561 12487 12410 2480 366 253 2114 113 2045 9930 910 796 285 9020 135 92 345 290 8942 8662 153 8509 246 8263 138 280 162 118 511 432
is_linear=0
shrinkage=0.05


Tree=208
num_leaves=31
num_cat=0
split_feature=3 9 1 9 8 7 0 0 3 3 8 1 9 3 2 2 1 2 7 9 4 9 9 0 0 9 7 1 1 7
split_gain=8.2016 6.43207 5.18824 5.80351 4.53861 10.0453 8.87071 6.27423 5.77027 6.99885 5.33308 4.79415 17.3657 9.54989 8.73254 10.8052 8.37017 10.6051 7.97742 6.04341 6.01245 5.0688 14.2255 8.08952 10.6953 12.3471 8.75205 7.49995 8.13336 13.616
threshold=1.0000000180025095e-35 8050.7221250000011 41.656862745098046 6535.0872499999996 0.99865940500831329 1.0000000180025095e-35 19.228431372549021 9.5137254901960802 6.5000000000000009 12.500000000000002 0.99731940924863693 17.127450980392158 9569.9143750000021 5.5000000000000009 995.65588235294126 992.35000000000014 8.8529411764705905 998.5901960784314 0.28313881758084386 7291.6111250000004 5.5000000000000009 10641.3835 10523.2573125 36.016666666666673 38.557843137254913 13693.986749999995 0.99971969515277614 22.774509803921571 54.323529411764717 -0.86976336936302323
decision_type=2 2 2 2 2 2 2 2 2 2 2 2 2 2 2 2 2 2 2 2 2 2 2 2 2 2 2 2 2 2
left_child=1 2 -1 -4 7 6 -6 8 -2 -10 11 12 14 -14 15 -9 -15 -18 19 -17 -16 22 -13 26 25 -25 27 -23 29 -29
right_child=4 -3 3 -5 5 -7 -8 10 9 -11 -12 21 13 16 20 18 17 -19 -20 -21 -22 23 -24 24 -26 -27 -28 28 -30 -31
leaf_value=0.00090573423288899395 -0.00038615780825304179 0.00044654177284236818 0.00021150600388600838 -0.00070577317204671144 0.00019615289288050995 0.001399690940223497 -0.0011651293858215173 -0.00064583036862366774 9.4228333388607024e-05 -0.00032171610028771395 -0.0014391687911174652 3.8527320881952268e-05 0.0005159553438772044 -0.00024214012332774706 -0.00067318040826667709 -0.0024268539535102773 -9.3150948668208064e-05 0.00051966995472803659 0.0021821670657460159 0.00020237453772454784 2.168066613334463e-05 0.00036434066229061872 0.00079915460669109379 0.0026207374453010805 1.9059056699988199e-05 -0.00015554621429925697 -0.00081436626290572189 -0.002080135014448363 -3.5885748542843764e-05 -0.0001663937597754954
leaf_weight=55 45 323 65 62 55 92 44 78 52 61 53 6582 57 75 277 41 77 50 73 52 59 111 69 79 399 52 59 60 2874 596
leaf_count=55 45 323 65 62 55 92 44 78 52 61 53 6582 57 75 277 41 77 50 73 52 59 111 69 79 399 52 59 60 2874 596
internal_value=0.000186094 0.00642292 -0.0010929 -0.00664063 -7.4239e-05 0.00755208 -0.0035 -0.000196949 -0.0100629 -0.00394737 -6.36997e-05 8.5317e-06 -0.00363095 0.00711538 -0.00843373 -0.00122449 0.00197044 0.00976562 0.00598802 -0.0037234 -0.0136499 0.000289469 0.00115003 -0.00106358 0.0047081 0.0170455 -0.00189138 -0.0015788 -0.00198244 -0.00700152
internal_weight=12627 505 182 127 12122 191 99 11931 158 113 11773 11720 839 259 580 244 202 127 166 93 336 10881 6651 4230 530 131 3700 3641 3530 656
internal_count=12627 505 182 127 12122 191 99 11931 158 113 11773 11720 839 259 580 244 202 127 166 93 336 10881 6651 4230 530 131 3700 3641 3530 656
is_linear=0
shrinkage=0.05


Tree=209
num_leaves=31
num_cat=0
split_feature=2 1 8 8 0 2 2 2 7 7 7 0 7 8 0 4 8 3 4 7 8 1 4 8 8 7 3 8 2 1
split_gain=4.65685 12.2966 14.292 9.00912 10.9421 8.57804 8.50851 8.13275 8.04392 28.0449 11.8701 14.5201 22.0254 14.4268 19.3556 10.1752 13.1084 19.2014 10.7387 12.228 10.3783 9.97948 9.68305 9.1695 8.59461 9.6477 8.53212 10.4184 10.6921 8.19792
threshold=990.96372549019611 22.205882352941178 -0.99763124042248752 -0.99273797715557011 32.254901960784316 989.9205882352943 995.86960784313737 996.00098039215698 0.70288017738294994 0.80417553764032002 -0.878119045158818 29.375490196078434 -0.96688789938088693 -0.93543596745397617 14.496078431372551 3.5000000000000004 -0.8697618612574799 12.500000000000002 2.5000000000000004 0.067682722635586057 0.96851671873169776 58.029411764705891 2.5000000000000004 -0.47748501237563551 -0.17646730165275518 0.92273069556937592 3.5000000000000004 0.91160899963879305 991.98725490196091 85.87254901960786
decision_type=2 2 2 2 2 2 2 2 2 2 2 2 2 2 2 2 2 2 2 2 2 2 2 2 2 2 2 2 2 2
left_child=1 5 -3 4 -4 -1 8 -8 10 22 11 12 -2 14 -12 16 17 -15 20 -20 26 -21 -10 -11 25 -25 -18 28 -28 -30
right_child=6 2 3 -5 -6 -7 7 -9 9 23 13 -13 -14 15 -16 -17 18 -19 19 21 -22 -23 -24 24 -26 -27 27 -29 29 -31
leaf_value=-0.00016056314000838514 0.0001314836866086834 0.00093888760070014459 -0.0025067944641507162 -2.1611175027225207e-05 5.9856161730176273e-05 -0.001186843277138304 -0.00047917746052746903 -1.2058944760856562e-05 -0.001954255563653856 0.0019600947677981583 -0.00108326768880249 0.00083150388555026662 -0.00090118471632861803 0.005005589133688349 0.0001273942341976586 0.00011665665977708267 -0.00011153137037788406 0.00046768232137573974 0.0020469540538519378 -0.00097785717387439768 -0.00035597953687939443 0.0014295697550076273 -0.00059080840916314603 0.00048019607979634673 0.00012488055164654941 -0.0014474597486132342 0.0012030484683982991 0.001441601937413506 0.00034085501562376025 -0.00047226895592713609
leaf_weight=63 266 58 42 4661 41 58 93 3531 89 68 80 81 175 76 363 666 122 75 160 58 120 40 142 87 665 178 89 41 320 46
leaf_count=63 266 58 42 4661 41 58 93 3531 89 68 80 81 175 76 363 666 122 75 160 58 120 40 142 87 665 178 89 41 320 46
internal_value=7.16846e-05 -0.00112713 -0.000728711 -0.00103267 -0.0172619 -0.0168033 0.000845126 -0.000910345 0.00243263 -0.000934959 0.00392227 -0.00286807 -0.00644796 0.00549402 -0.00259009 0.00746968 0.0103223 0.0240132 0.00822467 0.0169884 0.00514208 0.0030303 -0.0165948 0.0027027 0.00139635 -0.00620301 0.00775444 0.010664 0.00844298 0.00463215
internal_weight=12554 4923 4802 4744 83 121 7631 3624 4007 1229 2778 522 441 2256 443 1813 1147 151 996 258 738 98 231 998 930 265 618 496 455 366
internal_count=12554 4923 4802 4744 83 121 7631 3624 4007 1229 2778 522 441 2256 443 1813 1147 151 996 258 738 98 231 998 930 265 618 496 455 366
is_linear=0
shrinkage=0.05


Tree=210
num_leaves=31
num_cat=0
split_feature=5 2 8 4 6 0 4 6 7 7 5 5 9 9 9 2 2 0 5 7 4 7 7 5 4 9 6 0 2 6
split_gain=6.16005 10.9394 10.5845 15.9245 12.9229 7.06728 6.46505 13.8346 14.1388 17.5275 15.6481 18.6754 13.4641 28.1339 20.6515 19.4976 16.4002 17.9053 13.5236 11.5884 12.463 11.7271 9.87182 18.7419 20.0725 9.35707 14.0433 26.5137 16.811 9.32291
threshold=0.99966190462023474 994.07941176470592 -0.99467580659249177 2.5000000000000004 0.029024409397335523 26.016666666666669 1.5000000000000002 0.1318557721318592 0.4737060765891063 0.61746692340271048 -0.88622299073327826 -0.92923668111203805 11079.831250000001 10045.650000000001 11201.173687499997 992.05980392156869 1000.7549019607844 16.795098039215691 -0.03977009085991149 0.21652696009750597 1.0000000180025095e-35 0.24998082458982465 0.9252105435402006 -0.46038400545438724 1.0000000180025095e-35 7193.7501875000025 -0.21022037796396451 30.738235294117647 999.21372549019623 0.94066717844141279
decision_type=2 2 2 2 2 2 2 2 2 2 2 2 2 2 2 2 2 2 2 2 2 2 2 2 2 2 2 2 2 2
left_child=2 -2 3 5 -5 -1 7 8 19 -10 11 -11 13 -9 -14 29 18 -18 -17 20 -4 -21 23 -12 -25 26 -8 28 -28 -16
right_child=1 -3 6 4 -6 -7 25 12 9 10 22 -13 14 -15 15 16 17 -19 -20 21 -22 -23 -24 24 -26 -27 27 -29 -30 -31
leaf_value=-0.00068572209944690605 0.00022353489919728632 -0.00090156084729403206 -0.00033267281071995558 0.00043417878898037725 0.0038503372179086504 0.0011895979762237829 2.0933987984837755e-05 0.00012662965656295573 0.001664101265233653 8.2947360117219265e-05 0.0020785604327838493 -0.0034096098201423872 -0.0016281496705023548 0.0012611943169318629 0.00012841019455360342 -0.0012587805713617222 -6.1131309026202924e-05 0.0014990020710185098 -3.1901958009058345e-05 -0.0022877122789907943 9.9965620094090438e-05 -0.00055991028868555002 -4.898325658001246e-05 -0.0010421953103490979 0.0023578096809992056 -6.8979525319187718e-05 0.0044904487718048381 -0.00023153762160686988 -6.2289128189833842e-05 0.00081265718280582044
leaf_weight=92 41 70 384 173 41 42 2102 441 73 54 104 61 56 147 357 164 82 50 306 55 352 119 276 60 52 6316 132 41 51 201
leaf_count=92 41 70 384 173 41 42 2102 441 73 54 104 61 56 147 357 164 82 50 306 55 352 119 276 60 52 6316 132 41 51 201
internal_value=-0.000380122 -0.0120536 -0.000274526 0.00830946 0.0167442 -0.00518519 -0.000523386 0.00132548 -0.00207417 0.00337739 0.000575658 -0.0159483 0.00432133 0.0105263 0.00131471 0.00275624 -0.00348259 0.0120301 -0.00785563 -0.00614709 -0.00339213 -0.0177143 0.00446247 0.0124424 -0.00176991 -0.00124957 0.00146111 0.0133333 0.0214674 0.00948122
internal_weight=12495 111 12384 348 214 134 12036 3394 1590 680 607 115 1804 588 1216 1160 602 132 470 910 736 174 492 216 112 8642 2326 224 183 558
internal_count=12495 111 12384 348 214 134 12036 3394 1590 680 607 115 1804 588 1216 1160 602 132 470 910 736 174 492 216 112 8642 2326 224 183 558
is_linear=0
shrinkage=0.05


Tree=211
num_leaves=31
num_cat=0
split_feature=0 2 7 0 9 2 2 1 5 5 1 5 5 2 2 9 0 1 6 2 5 5 7 1 0 9 0 1 3 5
split_gain=6.84472 5.20619 10.034 15.5813 12.8437 15.3591 15.7248 10.1837 7.57161 12.7042 9.24006 18.3121 15.485 11.1392 11.1129 7.48519 8.27318 8.12958 7.51382 14.6544 15.5745 10.0623 7.16775 6.31505 6.225 6.16111 11.4056 16.2348 6.12294 6.08131
threshold=7.7480392156862754 987.61274509803923 -0.83377653105606597 34.451960784313734 13943.429624999999 975.51666666666677 980.89117647058833 89.500000000000014 0.95752911693909493 0.94704596667653973 59.500000000000007 0.039769539193789977 -0.85227431625818906 983.7656862745099 982.7735294117648 11181.991500000002 30.145098039215689 90.931372549019628 -0.35846086284744721 984.96470588235309 -0.861146256326485 -0.99467753128998015 -0.90893575921103265 79.088235294117666 17.567647058823535 12173.294062500003 20.826470588235299 80.107843137254918 12.500000000000002 -0.65234524191686594
decision_type=2 2 2 2 2 2 2 2 2 2 2 2 2 2 2 2 2 2 2 2 2 2 2 2 2 2 2 2 2 2
left_child=-1 2 3 7 8 -6 -7 22 9 10 11 12 -4 14 -12 16 17 18 19 -15 -21 -20 25 -11 -10 26 -2 -28 -23 -3
right_child=1 29 4 -5 5 6 -8 -9 24 23 13 -13 -14 15 -16 -17 -18 -19 21 20 -22 28 -24 -25 -26 -27 27 -29 -30 -31
leaf_value=-0.00021412753065373216 -0.0018948579526962689 0.00012281786404476914 0.00069579313761891084 -0.00010370055722178084 0.00055929386795225964 -0.0031150578602471227 0.00036946423968259729 0.0015584418009029683 -0.00047161962307161465 -0.0026121287530410046 -8.9670364079041953e-05 0.0015591139167982328 -0.00072741252833568031 -0.0058569427594152403 0.0006062933578335983 -0.0009588056337400231 6.0669372921806633e-05 0.00012345470702601751 -0.00012934898023099912 0.0012818695461644326 -0.0013797318852555142 -0.0013353654670017507 0.0013510268282879657 -0.00054140162106767478 0.00081572211658096922 -0.0010228658190467408 0.0038493348169673426 -0.00032755421200058037 -0.0038875655652143241 -9.934987765371912e-06
leaf_weight=51 51 2894 41 80 99 50 150 122 42 43 906 42 67 53 121 163 114 54 44 77 102 56 48 43 143 48 42 47 45 6794
leaf_count=51 51 2894 41 80 99 50 150 122 42 43 906 42 67 53 121 163 114 54 44 77 102 56 48 43 143 48 42 47 45 6794
internal_value=-0.000166231 -9.14004e-05 -0.00195232 0.00501139 -0.00319625 0.0065 -0.00149254 0.00947075 -0.00454335 -0.00545132 -0.00458643 0.00728477 -0.00366972 -0.00561636 -0.00228599 -0.0104372 -0.00760073 -0.0107639 -0.0133598 -0.00772532 -0.000833333 -0.0222603 0.00337553 -0.0241379 0.00510753 -0.0010582 0.00425532 0.015 -0.0308824 0.000464444
internal_weight=12632 12581 2893 438 2455 299 200 358 2156 1971 1885 150 108 1735 1027 708 545 431 377 232 179 145 236 86 185 188 140 89 101 9688
internal_count=12632 12581 2893 438 2455 299 200 358 2156 1971 1885 150 108 1735 1027 708 545 431 377 232 179 145 236 86 185 188 140 89 101 9688
is_linear=0
shrinkage=0.05


Tree=212
num_leaves=31
num_cat=0
split_feature=0 8 8 7 7 7 1 7 2 1 7 1 7 7 7 5 6 6 6 0 1 2 2 2 2 1 1 2 1 5
split_gain=7.30362 5.47584 13.96 3.98909 5.00978 6.06633 7.53335 4.09626 16.3994 5.7517 4.25103 9.29423 8.32924 6.34439 6.16413 4.08544 3.98061 24.596 11.9053 12.0267 10.4443 8.1231 19.3732 17.8688 15.7988 6.81396 12.1506 6.45064 6.39277 10.781
threshold=7.7480392156862754 0.99971796171254768 0.99865940500831329 0.99994162507853945 0.9993614236720848 0.99865421017599998 77.87254901960786 0.99463153969809781 989.9950980392158 85.264705882352956 0.98901264295277169 31.147058823529417 0.98702314536340274 0.99274428880883148 0.98519415784776321 0.66527693225344786 -0.95998493203694346 -0.96466008222729416 -0.9260227363677036 14.927450980392159 45.774509803921575 990.08137254901965 987.82843137254906 993.21078431372564 995.08921568627454 16.558823529411772 50.36274509803922 998.29705882352948 72.441176470588246 -0.31799228562170639
decision_type=2 2 2 2 2 2 2 2 2 2 2 2 2 2 2 2 2 2 2 2 2 2 2 2 2 2 2 2 2 2
left_child=-1 2 3 4 5 7 -7 10 15 -10 12 -12 14 -13 16 -9 17 21 19 -18 -21 22 -2 -23 -25 -26 27 -27 -22 -30
right_child=1 -3 -4 -5 -6 6 -8 8 9 -11 11 13 -14 -15 -16 -17 18 -19 -20 20 28 23 -24 24 25 26 -28 -29 29 -31
leaf_value=-0.00019091625557902115 -0.00031385431987954182 -0.00046924377663976616 0.00067085818799514927 0.00161885036754581 -0.00045282497554125086 0.0017542299464628599 -0.00015421430147863208 -0.0030229760588701472 0.00053164247231167125 -0.00033041834940057414 -0.00053845984340982758 0.0016636272522817658 -0.0016744947353916004 0.00014891359177829634 0.0034230218279154012 -0.00011353565962860524 0.0012582037899897564 -0.0011961332369088411 1.0490405134400139e-06 -0.0021899908669864203 0.0011558371952362979 -0.0015511241076725081 0.0009550451495978781 0.0010988269068087212 -0.00056553960719132467 0.0021084374755557119 -0.0011963361579160712 -1.4898729603013417e-05 -0.001678215052220053 0.0014255238392654969
leaf_weight=44 62 67 117 41 116 45 40 57 82 42 51 77 75 63 40 45 75 56 10579 46 142 121 54 134 76 40 58 41 41 48
leaf_count=44 62 67 117 41 116 45 40 57 82 42 51 77 75 63 40 45 75 56 10579 46 142 121 54 134 76 40 58 41 41 48
internal_value=0.000107347 0.00017954 0.000256719 9.31325e-05 4.06273e-05 0.000139447 0.0133721 4.5432e-05 -0.00660793 0.0056 0.000172559 0.00755208 5.13303e-05 0.0141844 0.000159291 -0.0213592 9.07206e-05 -0.0037325 0.000315587 0.00934844 0.0044964 -0.000681431 0.0111111 -0.00360934 0.00214286 -0.00625 0.000357143 0.0128049 0.00883621 -0.00166667
internal_weight=12575 12531 12464 12347 12306 12190 85 12105 226 124 11879 191 11688 140 11613 102 11573 642 10931 352 277 586 116 470 349 215 139 81 231 89
internal_count=12575 12531 12464 12347 12306 12190 85 12105 226 124 11879 191 11688 140 11613 102 11573 642 10931 352 277 586 116 470 349 215 139 81 231 89
is_linear=0
shrinkage=0.05


Tree=213
num_leaves=31
num_cat=0
split_feature=5 5 6 5 0 0 0 3 3 5 5 0 0 5 4 3 5 1 5 5 6 1 5 6 5 0 3 3 5 1
split_gain=3.68099 7.37821 6.79949 6.69236 10.7357 13.2274 9.35896 9.71282 12.7971 11.8471 10.8443 8.52316 8.41627 8.02555 6.40399 10.2578 8.5758 7.75432 6.44649 10.0243 6.03966 12.5121 7.06765 7.41738 6.59956 6.29887 9.06807 6.19 5.84262 5.54806
threshold=0.77244481603295057 0.78325454425165997 0.60383265664488517 0.91596454896554913 33.377450980392162 36.934313725490206 14.395098039215688 14.500000000000002 7.5000000000000009 0.878110924644389 0.878110924644389 27.906862745098042 22.709803921568632 0.92273069556937592 1.0000000180025095e-35 3.5000000000000004 0.99466373373798567 13.323529411764708 0.99865421017599998 0.99966190462023474 0.31595530242620651 83.441176470588246 0.95242846126021108 0.26659387353423869 0.94138322595482449 27.772549019607847 13.500000000000002 13.500000000000002 0.96465729447553372 29.93137254901961
decision_type=2 2 2 2 2 2 2 2 2 2 2 2 2 2 2 2 2 2 2 2 2 2 2 2 2 2 2 2 2 2
left_child=-1 -2 3 6 13 -6 -3 8 11 12 -10 29 -9 -5 15 -15 28 -16 20 -20 22 -22 24 25 27 -24 -27 -19 -17 -8
right_child=1 2 -4 4 5 -7 7 9 10 -11 -12 -13 -14 14 17 16 -18 18 19 -21 21 -23 23 -25 -26 26 -28 -29 -30 -31
leaf_value=-1.8140198598054491e-05 0.0017218960277715857 0.00056044466257930967 -0.00072508806899101172 -0.00077734235603292567 0.0025312694126485517 -0.00013367858414326528 -0.00037756155162672477 0.00081579626068661458 -1.4479540140904802e-05 0.00089118721645890244 -0.002010783507851764 0.0015036711177457503 -0.00030802357186942024 0.00043345500061503441 0.00066720527041520545 -0.00061035767737124271 -0.0020221203224711354 -0.00081207295735433735 0.0027360429862068273 -0.00019282015283151601 0.0008318889876827968 -0.000546618592318282 -4.7428527355702913e-06 0.0033150745933293634 -0.0012829456950613745 -0.0025345296061589084 9.818097242982049e-05 0.0013653728656387032 0.0001363404014747105 0.00014619229122986855
leaf_weight=9790 56 56 42 74 75 52 40 74 153 127 99 66 125 40 105 67 55 57 95 66 63 67 654 52 70 71 64 43 75 170
leaf_count=9790 56 56 42 74 75 52 40 74 153 127 99 66 125 40 105 67 55 57 95 66 63 67 654 52 70 71 64 43 75 170
internal_value=-9.09522e-05 0.00148914 0.0011258 0.00143324 -0.000297941 0.0136719 0.00493963 0.00362573 -0.000567108 0.0103976 -0.00869565 0.00685921 0.00275 -0.00133799 -0.000607903 -0.00819328 -0.0128788 0.000674716 -0.00038373 0.00895062 -0.00170753 0.00839695 -0.00301383 -0.00112827 -0.0122807 -0.00234177 -0.0121324 -0.0039604 -0.00629371 0.00189573
internal_weight=12643 2853 2797 2755 1845 127 910 854 528 326 252 276 199 1718 1644 237 197 1407 1302 161 1141 130 1011 841 170 789 135 100 142 210
internal_count=12643 2853 2797 2755 1845 127 910 854 528 326 252 276 199 1718 1644 237 197 1407 1302 161 1141 130 1011 841 170 789 135 100 142 210
is_linear=0
shrinkage=0.05


Tree=214
num_leaves=31
num_cat=0
split_feature=7 4 6 9 6 9 9 5 0 5 1 2 1 2 2 2 1 0 7 6 7 1 5 5 9 0 1 0 2 5
split_gain=4.80871 20.4754 11.8544 13.8586 9.49525 8.41173 8.08587 7.90943 10.227 11.3255 10.7829 9.99926 8.31687 12.7493 9.59795 8.07332 7.91385 13.4977 7.31054 17.1429 12.9865 11.7379 9.53818 11.1997 9.34397 12.0682 8.85558 11.6391 7.83163 9.78909
threshold=-0.93545056548590078 5.5000000000000009 0.80798785254895478 12173.294062500003 -0.75581183015052977 7711.3053125000015 7300.5538750000014 0.70290292807158605 32.453921568627457 -0.69057362043749781 92.049019607843164 991.19509803921585 66.735294117647072 993.40294117647068 991.04313725490204 985.47549019607857 74.833333333333357 22.006862745098044 -0.83377653105606597 0.86439018870140905 -0.80418297442179409 80.598039215686285 0.54219432480460406 0.49812943072827093 8478.1000000000022 28.383333333333336 79.598039215686285 28.273529411764709 987.61274509803923 0.039769539193789977
decision_type=2 2 2 2 2 2 2 2 2 2 2 2 2 2 2 2 2 2 2 2 2 2 2 2 2 2 2 2 2 2
left_child=1 2 3 4 -1 6 -3 8 9 15 11 -11 13 14 -9 -6 17 -17 19 22 21 -20 23 24 -2 -26 27 -24 29 -22
right_child=18 5 -4 -5 7 -7 -8 12 -10 10 -12 -13 -14 -15 -16 16 -18 -19 20 -21 28 -23 26 -25 25 -27 -28 -29 -30 -31
leaf_value=-0.00080045529625162874 0.0011231545100912289 0.0017241279410867727 -0.0013859622608611817 -0.0012980651424663204 0.00079300807885382407 0.00066987205547450472 -5.3639769866213605e-05 -0.00043723960794599397 -0.00015956189681605172 0.0073662770500907589 -0.00059089209714144331 0.00090040984505198327 -0.00094313590376893805 -0.0022275421226958525 0.00084264107213149477 -0.00014668815787783896 -0.00065159814158224363 0.0017195711017519767 -9.9548449156983135e-05 0.0025782107131441137 -0.00011614428592274795 -0.002736666635380464 0.0009224608751307096 -0.00094287658271786099 -0.00028024352324708125 0.0015504325329839669 0.001022277308596653 -0.000378320307374469 4.9775236159066427e-05 2.892455697615093e-05
leaf_weight=89 58 41 58 115 41 75 58 46 91 59 40 84 51 44 49 146 83 41 111 77 1035 77 101 57 296 80 51 46 8071 1350
leaf_count=89 58 41 58 115 41 75 58 46 91 59 40 84 51 44 49 146 83 41 111 77 1035 77 101 57 296 80 51 46 8071 1350
internal_value=0.000312946 -0.00268152 -0.00534682 -0.00403061 -0.00184971 0.0131429 0.0035 -6.4433e-05 0.0028157 0.00565657 0.0154891 0.021875 -0.00890052 -0.0025 0.0078125 -0.000160256 -0.00332103 0.00239362 0.00063097 0.0053455 0.000291217 -0.0126984 0.00282609 -0.000914634 0.00183908 -0.00106101 0.0120603 0.00574324 0.000525963 -0.00199078
internal_weight=12621 1211 1037 979 864 174 99 775 585 494 183 143 190 139 95 311 270 187 11410 766 10644 188 689 491 434 376 198 147 10456 2385
internal_count=12621 1211 1037 979 864 174 99 775 585 494 183 143 190 139 95 311 270 187 11410 766 10644 188 689 491 434 376 198 147 10456 2385
is_linear=0
shrinkage=0.05


Tree=215
num_leaves=31
num_cat=0
split_feature=1 1 7 7 2 6 7 5 3 2 4 1 9 9 6 1 2 1 6 6 9 5 1 6 5 3 3 6 3 9
split_gain=7.38063 4.66536 9.05448 6.71303 3.22658 5.61177 6.03939 15.3176 5.57182 10.5314 9.89708 6.92641 4.50732 8.94461 9.08998 17.1583 16.2707 11.3614 9.98895 4.71748 18.7946 21.581 10.843 17.7158 11.0281 9.17448 8.82285 26.6967 22.231 16.6911
threshold=4.598039215686275 9.6176470588235308 -0.20075075429075132 -0.73866412149774419 1002.1666666666667 0.16587474750015932 -0.51297808981038739 -0.2270106897347694 7.5000000000000009 1007.6264705882355 2.5000000000000004 39.637254901960794 15561.89825 14768.196750000001 0.99024581825578073 91.127450980392169 998.02058823529421 77.87254901960786 0.99445195900249039 0.18281312110578132 10045.650000000001 0.9550229469509578 87.97058823529413 0.31595530242620651 -0.62588817255938378 19.500000000000004 15.500000000000002 0.2332836900311728 10.500000000000002 14620.601500000001
decision_type=2 2 2 2 2 2 2 2 2 2 2 2 2 2 2 2 2 2 2 2 2 2 2 2 2 2 2 2 2 2
left_child=-1 2 3 -2 12 -6 -7 -8 10 11 -9 -10 13 19 15 16 17 -15 -16 -3 21 22 23 -21 -24 -25 28 -28 -22 -29
right_child=1 4 -4 -5 5 6 7 8 9 -11 -12 -13 -14 14 18 -17 -18 -19 -20 20 26 -23 24 25 -26 -27 27 29 -30 -31
leaf_value=0.00063238437405686301 -0.00019143865965915441 -9.9823700705520279e-06 -0.00045113264130427073 0.00077833795824302783 -0.00080121247155724446 -0.00039062977939732514 0.0013647915494136229 1.3622922098890934e-05 -5.7931611185391141e-06 -0.00059304844202875343 -0.0008167931429480732 0.00027266274010548651 0.0001755331941037608 -0.00094669888546883719 -0.0027562780706592823 0.0010275789691299262 0.00015329521066283908 -0.00032173518660141842 -5.3706320409034615e-05 -0.00021521750292445159 4.1309264470404398e-05 0.0028542359964794819 6.5361763200688655e-05 0.00029744810636220882 -0.00053379802406022597 0.0013805012384945443 0.0024169776967498851 4.1196757612380068e-05 -0.00046144791471778858 0.00078330450278055468
leaf_weight=52 61 6149 190 49 67 92 62 55 89 48 54 60 116 50 47 62 102 72 56 140 1825 120 143 572 98 127 46 1236 792 51
leaf_count=52 61 6149 190 49 67 92 62 55 89 48 54 60 116 50 47 62 102 72 56 140 1825 120 143 572 98 127 46 1236 792 51
internal_value=0.000248344 0.000170203 -0.00598007 0.00540541 0.000320305 -0.00350379 -0.00151844 0.00135501 -0.00325733 0.00176768 -0.0122727 0.00833333 0.000491317 0.000393532 -0.00705128 -0.00243902 -0.00888889 -0.0211382 -0.0197115 0.000650442 0.00176665 0.00724396 0.00499537 0.00767857 -0.00433884 0.0109286 0.00010124 0.00341079 -0.00158518 0.00205745
internal_weight=12683 12631 300 110 12331 527 460 368 306 197 109 149 11804 11688 389 286 224 122 103 11299 5150 1200 1080 839 241 699 3950 1333 2617 1287
internal_count=12683 12631 300 110 12331 527 460 368 306 197 109 149 11804 11688 389 286 224 122 103 11299 5150 1200 1080 839 241 699 3950 1333 2617 1287
is_linear=0
shrinkage=0.05


Tree=216
num_leaves=31
num_cat=0
split_feature=0 3 6 4 3 6 6 5 4 5 5 2 5 5 0 4 8 6 1 1 0 0 3 5 3 3 6 5 0 5
split_gain=5.08578 4.544 13.6449 19.4655 10.5008 12.4892 8.39482 8.37454 17.3516 8.24927 8.19155 8.13952 8.05106 8.49147 7.88033 14.8601 9.71777 8.95805 11.3718 10.7031 8.58733 8.35811 8.11326 7.82165 10.8964 10.7068 18.9994 11.3691 12.6241 15.1342
threshold=7.7480392156862754 15.500000000000002 -0.7444366621422277 5.5000000000000009 11.500000000000002 -0.98801846520836312 -0.91939278948206182 -0.16799356919963607 1.5000000000000002 0.99966190462023474 0.99552231814189451 993.90294117647068 0.99761913169647187 0.99374995976406788 18.094117647058827 4.5000000000000009 0.78725816212489719 -0.52034141052533245 92.441176470588246 26.029411764705888 43.150980392156875 16.177450980392162 14.500000000000002 0.40614137006726808 6.5000000000000009 7.5000000000000009 -0.048362832084465616 0.84313847884979054 26.238235294117647 0.9916835347852474
decision_type=2 2 2 2 2 2 2 2 2 2 2 2 2 2 2 2 2 2 2 2 2 2 2 2 2 2 2 2 2 2
left_child=-1 4 3 7 23 -6 -5 8 11 12 14 -3 13 -4 15 16 21 19 20 -16 22 -7 -19 24 -2 27 -27 -25 -29 -30
right_child=1 2 9 6 5 10 -8 -9 -10 -11 -12 -13 -14 -15 17 -17 -18 18 -20 -21 -22 -23 -24 25 -26 26 -28 28 29 -31
leaf_value=-0.00022696540878892283 -1.5007428886554264e-05 0.0013916792251899028 0.00010340837903278778 -6.8050416926201955e-07 0.00094232089782348154 5.1132736885558389e-05 0.0020541343597163032 -0.0010203361157215124 -0.00081140147577552781 -0.00039347907260938733 0.00038254525571013723 -0.00023783827766941102 0.0031472048357657103 -0.00051138880693220041 -0.00132223963269692 -0.00048422036072331336 -0.00027388030680234877 -0.001052616807645973 6.3985571122726631e-05 0.00026683460614093657 9.166915424896338e-05 0.0011797314441787166 -0.00011184570880290456 -0.00015030672940178903 0.00018305733383243151 -0.001084271776561653 -3.1527197618450024e-05 2.565352239851937e-05 0.0013850985201717015 -0.00016120531777210625
leaf_weight=50 2362 76 3285 50 61 226 56 282 213 40 74 48 70 66 41 150 83 659 187 262 53 103 229 645 1728 275 451 596 154 67
leaf_count=50 2362 76 3285 50 61 226 56 282 213 40 74 48 70 66 41 150 83 659 187 262 53 103 229 645 1728 275 451 596 154 67
internal_value=7.11856e-05 0.000134996 0.00148077 -0.00475207 -0.000535268 -0.00356975 0.0149533 -0.00814516 -0.00281065 0.00278741 -0.00423114 0.012 0.00305377 0.00269988 -0.00483952 0.00017762 0.00508475 -0.00680866 -0.0088574 0.000822368 -0.0110934 0.00893939 -0.012261 0.000493709 0.0017844 -0.00191868 -0.00687758 0.000546822 0.0044621 0.0146396
internal_weight=12642 12592 4186 725 8406 2128 106 619 337 3461 2067 124 3421 3351 1993 562 412 1431 1128 303 941 329 888 6278 4090 2188 726 1462 817 221
internal_count=12642 12592 4186 725 8406 2128 106 619 337 3461 2067 124 3421 3351 1993 562 412 1431 1128 303 941 329 888 6278 4090 2188 726 1462 817 221
is_linear=0
shrinkage=0.05


Tree=217
num_leaves=31
num_cat=0
split_feature=1 1 6 1 6 3 9 2 9 9 5 2 3 3 3 0 0 3 3 5 9 0 7 2 6 6 6 6 2 2
split_gain=4.63628 4.67674 4.75752 12.589 14.1613 13.3479 12.0935 9.36163 8.71439 8.10396 14.7375 12.9408 12.6845 7.01087 9.99874 9.21054 6.53104 6.10789 11.0925 5.4124 4.8193 18.5807 19.9097 12.0734 8.12846 11.4203 15.3407 11.4079 10.073 9.64309
threshold=98.460784313725512 4.598039215686275 -0.90531874877253482 76.911764705882362 -0.93237865822738086 17.500000000000004 6037.9833750000007 999.87941176470611 5897.7096874999997 5943.6702500000001 -0.048361574224334618 992.25686274509815 15.500000000000002 7.5000000000000009 20.500000000000004 14.100980392156865 25.508823529411771 10.500000000000002 6.5000000000000009 0.091259403071267925 4527.2620000000015 27.321568627450983 0.97872324816535838 995.21470588235309 -0.56369940867848845 -0.42958798411962301 -0.38243420677835349 -0.39827153806311183 988.42254901960791 985.90490196078451
decision_type=2 2 2 2 2 2 2 2 2 2 2 2 2 2 2 2 2 2 2 2 2 2 2 2 2 2 2 2 2 2
left_child=1 -1 3 4 7 -6 8 9 -5 13 -11 12 -12 15 16 -3 -15 18 -13 -19 21 22 23 -4 -22 29 27 28 -27 -26
right_child=-2 2 20 6 5 -7 -8 -9 -10 10 11 17 -14 14 -16 -17 -18 19 -20 -21 24 -23 -24 -25 25 26 -28 -29 -30 -31
leaf_value=0.00061021804865973308 0.00011711409128701834 0.0016819135913265254 0.0042897756773998489 -0.00066114622261241325 0.00098204334374993318 -0.00030954960939792443 -0.0023549907807566329 -0.00070782718320861404 0.00067406421956842663 0.0018304816291337318 0.00017017158542786406 0.00037315501283946562 -0.0029828220193920426 -0.0011507008299821001 0.00087084331192611997 -0.00022747532535228877 0.00014064913939849656 6.046370922835193e-05 -0.00078795400585410312 0.0013714256373616564 -0.00022668221764043375 -0.00064153184491556609 -1.4633749216275139e-05 2.0691342614082012e-05 -0.0002933853501508377 0.0025198024708455061 -2.6573166794593985e-06 -0.0020703865322070926 -0.0011148262392969843 0.00055895429499772803
leaf_weight=47 84 48 94 42 152 55 57 56 53 40 57 87 48 126 53 77 63 55 46 101 1411 45 231 41 52 41 8706 74 102 484
leaf_count=47 84 48 94 42 152 55 57 56 53 40 57 87 48 126 53 77 63 55 46 101 1411 45 231 41 52 41 8706 74 102 484
internal_value=0.000126693 4.78278e-05 -1.20019e-05 0.00295809 0.00488263 0.0165865 -0.0104575 0.00203963 0.000520833 0.00342893 0.00804598 0.00506329 -0.00990566 -0.00203804 -0.00699588 0.00753968 -0.0123684 0.0105172 0.00261194 0.0171975 -0.000332388 0.00497573 0.00871935 0.0238971 -0.00053353 -5.28541e-06 -0.000431421 -0.0135321 -0.00520833 0.00707635
internal_weight=12628 12544 12497 1216 1064 207 152 857 95 801 434 394 105 367 242 125 189 289 133 156 11281 411 366 135 10870 9459 8923 217 143 536
internal_count=12628 12544 12497 1216 1064 207 152 857 95 801 434 394 105 367 242 125 189 289 133 156 11281 411 366 135 10870 9459 8923 217 143 536
is_linear=0
shrinkage=0.05


Tree=218
num_leaves=31
num_cat=0
split_feature=0 4 5 5 5 3 6 9 4 5 3 2 5 0 5 2 9 4 2 0 6 2 1 5 3 6 5 5 2 9
split_gain=6.56823 4.89268 15.1763 9.82885 19.0521 10.8631 24.1255 17.497 16.2372 12.3313 10.4887 8.46575 16.0529 19.6884 9.82824 13.702 13.6789 10.9863 15.8988 14.0947 12.2994 10.7039 16.5343 11.6309 14.0732 9.93117 21.3347 12.7386 11.8168 10.99
threshold=8.5245098039215694 3.5000000000000004 0.99907018497641664 0.91596454896554913 0.9550229469509578 13.500000000000002 0.18281312110578132 10428.337125000004 5.5000000000000009 0.99761913169647187 7.5000000000000009 987.61274509803923 -0.91597725483594616 30.89901960784314 0.99374995976406788 994.24411764705894 10908.050874999999 2.5000000000000004 1005.1392156862747 34.946078431372555 0.97263757644091875 992.35000000000014 15.421568627450982 0.96465729447553372 7.5000000000000009 0.04621408538533487 -0.91597725483594616 -0.97876850416056738 989.9950980392158 5943.6702500000001
decision_type=2 2 2 2 2 2 2 2 2 2 2 2 2 2 2 2 2 2 2 2 2 2 2 2 2 2 2 2 2 2
left_child=-1 11 3 -3 10 7 9 8 -6 -7 -5 12 13 -2 17 -16 -17 21 19 20 25 22 -13 -23 -25 27 -27 -19 -29 -30
right_child=1 2 -4 4 5 6 -8 -9 -10 -11 -12 14 -14 -15 15 16 -18 18 -20 -21 -22 23 -24 24 -26 26 -28 28 29 -31
leaf_value=-0.00021177099567051412 -0.0019009293981729237 -1.7702593597529458e-05 0.0020380709123429125 -6.3672510254164655e-05 -0.00030405442005097539 -0.00034877839451009853 0.0023942304389731358 -0.00086423718566045198 0.0030557643364827916 0.002387787121673621 -0.0019770460137940398 -0.0012786865567491286 4.2469333640354766e-06 4.7784700315511855e-05 0.00025208635818779745 -0.0016897639481652351 -0.00015611913624176689 0.0021161548134052523 -0.00056558326643967244 -0.001132991941851108 0.0016723768590979765 -6.8311713317985995e-05 0.00020291872292102777 0.0018128143235710882 0.00010873371222925553 -0.0017764525543051441 0.00025486719676459934 0.0016526958203642113 -0.00061816759369717896 0.000402032454486357
leaf_weight=95 177 4605 40 63 123 132 46 134 46 47 121 66 1320 139 77 95 117 60 40 42 58 2412 1217 65 154 72 427 108 172 364
leaf_count=95 177 4605 40 63 123 132 46 134 46 47 121 66 1320 139 77 95 117 60 40 42 58 2412 1217 65 154 72 427 108 172 364
internal_value=7.91452e-06 0.000107656 -0.00103583 -0.00126927 -0.00673212 -0.00189036 0.00641593 -0.00805921 0.00264706 -0.00194444 -0.0205405 0.000960601 -0.00219914 -0.0123028 0.00189292 -0.00706897 -0.013615 0.00238684 0.0062872 0.00724693 0.00820127 0.00104725 0.00478972 -0.000778875 0.0102273 0.00710133 0.0017 0.010922 0.00883721 0.00577281
internal_weight=12634 12539 5357 5317 712 528 225 303 169 179 184 7182 1636 316 5546 289 212 5257 1343 1303 1261 3914 1283 2631 219 1203 499 704 644 536
internal_count=12634 12539 5357 5317 712 528 225 303 169 179 184 7182 1636 316 5546 289 212 5257 1343 1303 1261 3914 1283 2631 219 1203 499 704 644 536
is_linear=0
shrinkage=0.05


Tree=219
num_leaves=31
num_cat=0
split_feature=9 6 0 1 2 1 0 0 0 9 7 2 7 1 7 1 6 2 2 5 1 1 1 1 2 5 4 9 1 2
split_gain=6.34266 11.9005 15.3956 15.1264 15.0422 11.6209 8.87661 11.446 6.84335 17.3358 16.573 13.0751 16.1488 10.5129 11.8133 14.8201 8.6955 13.7998 11.2114 12.1259 10.1008 8.18188 8.12933 7.66301 7.49285 7.21378 8.60927 6.93397 14.4883 13.3153
threshold=14776.2090625 0.99024581825578073 22.336274509803925 93.794117647058826 997.822549019608 78.382352941176478 24.652941176470595 22.250000000000004 29.990196078431378 7337.5749999999998 0.85784900197110281 993.49901960784325 0.99274428880883148 34.656862745098046 0.36848418633289504 81.068627450980401 0.91159213926341531 979.65196078431393 987.08529411764721 -0.98803845231459242 88.362745098039241 89.500000000000014 75.421568627450995 92.813725490196092 972.5568627450981 0.45273815774107123 2.5000000000000004 14475.134125 94.794117647058826 992.75196078431384
decision_type=2 2 2 2 2 2 2 2 2 2 2 2 2 2 2 2 2 2 2 2 2 2 2 2 2 2 2 2 2 2
left_child=8 3 -3 4 5 -2 7 -6 27 -10 13 12 24 -11 15 22 18 -18 19 -17 -19 -21 -15 -14 -12 26 -16 -1 29 -29
right_child=1 2 -4 -5 6 -7 -8 -9 9 10 11 -13 23 14 25 16 17 20 -20 21 -22 -23 -24 -25 -26 -27 -28 28 -30 -31
leaf_value=-1.6423169343470628e-05 -0.0005464474174487387 -8.2578099626425688e-05 -0.0029042565897412667 0.0017400409056721412 7.6144478500714266e-05 -0.00013730720022283316 0.00071783263587168469 -0.0010243810857408747 -8.2325906187913359e-05 -0.0004271484925421121 -0.00031744023112523781 0.0006942137371241941 -6.3422362519727213e-05 0.00032019165045725219 0.0012153047053380052 -0.00033066294249108345 0.00015745289396659203 5.5858286466248244e-05 0.0008808524761205694 -0.00016020788769398054 -0.0021427003048883342 0.00032084098166123014 0.0015420522344420041 0.0014138642194686303 -0.003595289729187687 0.0011176970203938263 0.00011614318866211005 0.00063047118425934169 -0.00090448614635332933 8.1055111021333812e-05
leaf_weight=9264 60 56 40 51 289 94 63 61 372 66 84 63 43 342 93 40 49 51 158 92 102 98 107 43 76 129 113 124 50 327
leaf_count=9264 60 56 40 51 289 94 63 61 372 66 84 63 43 342 93 40 49 51 158 92 102 98 107 43 76 129 113 124 50 327
internal_value=0.000238076 -0.00433566 -0.0206186 -0.00177706 -0.00413732 -0.0174194 0.000845411 -0.0022792 0.000513166 0.00308671 0.00517143 -0.00532258 -0.0105263 0.0074254 0.00836364 0.00572115 0.000507614 -0.00788177 0.00488432 -0.0021645 -0.0152597 0.00314136 0.0125556 0.00689655 -0.0198758 0.0165179 0.010628 -4.60782e-05 0.00567729 0.0085177
internal_weight=12600 714 96 618 567 154 413 350 11886 2121 1749 309 246 1440 1374 1039 590 202 388 230 153 190 449 86 160 335 206 9765 501 451
internal_count=12600 714 96 618 567 154 413 350 11886 2121 1749 309 246 1440 1374 1039 590 202 388 230 153 190 449 86 160 335 206 9765 501 451
is_linear=0
shrinkage=0.05


Tree=220
num_leaves=31
num_cat=0
split_feature=8 6 0 1 8 1 9 9 4 6 0 6 1 5 5 6 5 0 3 3 3 4 6 9 6 0 0 9 5 9
split_gain=6.21096 7.99064 6.75254 14.6443 5.0843 15.4907 8.9196 6.58964 9.76954 5.52848 4.89857 4.63947 4.50704 4.41016 21.9167 11.0539 8.38941 7.99256 13.8477 7.14444 7.02239 4.23377 4.2267 13.7985 7.37341 4.47823 10.5746 10.0152 4.27428 14.4655
threshold=0.9999398912535008 0.99981043035926087 9.5137254901960802 25.382352941176475 -0.99467580659249177 63.323529411764717 8643.5822500000031 9189.8500000000004 3.5000000000000004 -0.013976481981245173 45.304901960784328 0.99932962452255414 4.598039215686275 0.9916835347852474 0.9893236546938301 0.063390085881955341 0.98802474685579866 20.318627450980397 15.500000000000002 15.500000000000002 7.5000000000000009 2.5000000000000004 0.99249573635719013 13120.487999999999 0.99024581825578073 17.72058823529412 22.412745098039217 14768.196750000001 0.9550229469509578 10080.9220625
decision_type=2 2 2 2 2 2 2 2 2 2 2 2 2 2 2 2 2 2 2 2 2 2 2 2 2 2 2 2 2 2
left_child=1 2 3 -1 5 21 -7 9 -9 -8 11 12 -6 14 16 19 22 -17 -19 20 -15 -4 24 -24 28 -25 -27 -28 -14 -30
right_child=-2 -3 4 -5 10 6 7 8 -10 -11 -12 -13 13 15 -16 17 -18 18 -20 -21 -22 -23 23 25 -26 26 27 -29 29 -31
leaf_value=8.1881334280218412e-05 -0.00036544437385545894 0.0012190628204120342 -0.00042504460699543251 -0.00038640877865864405 0.00078358153318148431 -0.00011667976114931312 0.00053325233870444026 -0.00021060783685952213 0.0018755947489617038 0.0025589910666689365 6.4108147385422148e-05 -0.0010802646202163785 -2.1695377020844454e-05 8.9124149513068751e-05 0.00075164746754068925 -0.00072586990333681494 -0.0015455597849880515 0.00050848042650626787 -0.0016654604203725388 0.00092249246761068326 -0.00064564937608282968 0.00014868858792923962 0.0015542976230169981 9.1283367511710639e-05 -0.0011644800565354511 -0.00063818145993888584 0.0020359989477401474 -0.0013665672121776912 0.00087025608309709433 -5.8069363827317756e-05
leaf_weight=55 40 60 102 124 44 46 64 75 56 67 237 66 10030 63 77 61 41 44 43 62 63 54 77 88 62 77 61 41 276 369
leaf_count=55 40 60 102 124 44 46 64 75 56 67 237 66 10030 63 77 61 41 44 43 62 63 54 77 88 62 77 61 41 276 369
internal_value=-8.31617e-05 -1.98633e-05 -0.000107776 -0.00972222 3.23965e-05 0.00516129 0.0116505 0.0152091 0.00719697 0.0231061 -0.000168308 -0.000313412 -0.000237478 -0.000299064 -0.000129464 -0.00593472 -0.000314663 -0.0161074 -0.00625 0.0021164 -0.00472441 -0.00764331 -0.000230103 0.00521739 -0.000405103 -0.000186567 -0.00472222 0.00582524 -0.000304421 0.00363777
internal_weight=12625 12585 12525 179 12346 464 308 262 131 131 11882 11645 11579 11535 11199 336 11122 148 87 188 126 156 11081 344 10737 267 179 102 10675 645
internal_count=12625 12585 12525 179 12346 464 308 262 131 131 11882 11645 11579 11535 11199 336 11122 148 87 188 126 156 11081 344 10737 267 179 102 10675 645
is_linear=0
shrinkage=0.05


Tree=221
num_leaves=31
num_cat=0
split_feature=3 5 5 5 4 9 5 0 0 2 4 5 0 9 9 2 2 6 5 0 0 3 6 3 3 0 2 2 4 5
split_gain=5.61654 9.8885 16.9238 15.1991 12.1166 12.1136 11.6851 16.2162 14.025 10.4941 9.42498 17.3986 9.7046 8.74392 13.7364 11.8338 19.1963 11.6307 14.2465 11.656 11.2278 10.3152 10.0247 9.64494 8.91359 8.38566 17.7359 8.35434 9.84262 21.5393
threshold=10.500000000000002 -0.58482361983252518 -0.56368474752277564 -0.61237985104942771 1.0000000180025095e-35 12491.249562499996 -0.73282214301478099 14.599019607843138 26.887254901960787 996.3480392156863 1.5000000000000002 -0.73866753694953124 27.321568627450983 7420.3617500000046 8312.2723125000011 985.47549019607857 994.53039215686283 -0.54940789553007929 -0.79384350655589164 27.663725490196082 19.979411764705883 7.5000000000000009 0.1318557721318592 6.5000000000000009 7.5000000000000009 21.591176470588241 999.87941176470611 987.31176470588252 1.0000000180025095e-35 0.3261394409934788
decision_type=2 2 2 2 2 2 2 2 2 2 2 2 2 2 2 2 2 2 2 2 2 2 2 2 2 2 2 2 2 2
left_child=1 3 -3 4 6 10 7 -1 9 -9 11 12 -6 17 23 -16 -17 18 -12 -19 21 22 -18 -15 -20 27 -27 -4 29 -29
right_child=-2 2 25 -5 5 -7 -8 8 -10 -11 13 -13 -14 14 15 16 20 19 24 -21 -22 -23 -24 -25 -26 26 -28 28 -30 -31
leaf_value=0.0019663528289949775 -3.4164878655496005e-05 -0.00069530519822889186 -0.00042882889248519189 0.0017232971280940813 0.0010343334343147978 0.0016712730975312756 0.001023709356981395 -0.0023032733923473102 7.5614988704175712e-05 -0.00061364151276973038 -0.0016323088484429095 -0.00019117231643186463 -9.2742306623186396e-05 -0.001368146969666223 0.00079534279814090785 -0.0007483738137205099 0.00062307895063317342 0.001331997714612887 0.00052582210924853948 -0.00011604216106083643 0.0018352281795754905 0.00057078690522939025 -0.0010058262017363319 0.00034490668838798731 -0.00064330829688288155 0.00016224475635802927 -0.0014341356989621247 0.00093553464006398621 -7.7048418146231926e-05 -9.6737803108085113e-05
leaf_weight=44 6820 55 232 67 160 46 45 75 52 52 57 46 52 79 106 236 62 283 136 70 55 67 77 44 49 1681 130 82 1473 141
leaf_count=44 6820 55 232 67 160 46 45 75 52 52 57 46 52 79 106 236 62 283 136 70 55 67 77 44 49 1681 130 82 1473 141
internal_value=-5.5666e-05 0.0010947 -0.000395257 0.00397756 0.0031415 0.0047663 -0.00669145 -0.0113839 -0.0180556 -0.0269531 0.00401899 0.0127413 0.0187793 0.00230711 -0.00137552 0.00173841 -0.00150602 0.0067953 -0.00164609 0.0125706 0.00782443 0.00241546 -0.00535714 -0.0165323 0.00510753 1.3369e-05 0.00245585 -0.00228097 -0.0010607 0.00870536
internal_weight=12574 5754 3794 1960 1893 1625 268 223 179 127 1579 258 212 1321 726 603 497 595 242 353 261 206 139 123 185 3739 1811 1928 1696 223
internal_count=12574 5754 3794 1960 1893 1625 268 223 179 127 1579 258 212 1321 726 603 497 595 242 353 261 206 139 123 185 3739 1811 1928 1696 223
is_linear=0
shrinkage=0.05


Tree=222
num_leaves=31
num_cat=0
split_feature=1 0 9 9 7 7 3 7 5 6 6 6 9 6 4 3 0 6 1 1 9 3 3 0 0 1 0 5 9 0
split_gain=7.90512 12.5677 10.943 10.5212 7.76303 18.4332 12.9618 10.8455 8.93421 9.28642 25.1271 23.3748 12.6923 17.6423 15.1454 9.94222 9.84345 8.71065 15.3819 14.1644 8.14782 14.4338 39.3592 8.91407 10.5409 9.44141 9.27399 8.04366 7.81716 7.7511
threshold=92.049019607843164 14.395098039215688 13423.626000000004 13127.677875000003 -0.46801289393397988 -0.61237701952678392 16.500000000000004 -0.39727776132405557 -0.90893996196865023 0.90438663683299525 0.88117331841669433 0.86439018870140905 10001.092000000001 0.71952396275653763 5.5000000000000009 11.500000000000002 30.428431372549024 0.95436825032516992 72.676470588235318 47.00980392156864 9053.0888749999995 6.5000000000000009 15.500000000000002 18.171568627450984 18.928431372549024 31.911764705882359 12.405882352941179 0.49812943072827093 10145.234375 23.675490196078435
decision_type=2 2 2 2 2 2 2 2 2 2 2 2 2 2 2 2 2 2 2 2 2 2 2 2 2 2 2 2 2 2
left_child=4 -2 3 -3 5 8 17 -6 -1 10 11 12 14 16 20 27 -14 19 -19 -7 23 -22 -23 25 -25 -10 -27 -16 -8 -4
right_child=1 2 29 -5 7 6 28 -9 9 -11 -12 -13 13 -15 15 -17 -18 18 -20 -21 21 22 -24 24 -26 26 -28 -29 -30 -31
leaf_value=0.00078395919334152278 -0.00066762386840147074 0.00010549145254585835 0.00019641818919173966 0.0013669326265156102 0.00069900557320826682 -0.00096832611387514189 -0.0019431619943184376 1.0464154144813887e-05 -0.00011987329668530083 0.00016452301650449197 -0.00096781205658362241 0.0025150005714632442 -0.00020860736086757565 -0.0010437729212755583 0.0011821409862569189 0.00018464832335716582 0.00075072409900655006 0.00073734330691190052 -0.00046815843009672954 -6.3273524406076698e-05 0.0024740285428430766 -0.0063586700979308686 0.002787657985285838 -0.0015692751099419312 -0.0002178604743014956 -9.1841975926117497e-05 0.00060663508558996134 0.00050537271604556564 -0.00039203045017141818 -0.00029971914025778704
leaf_weight=150 49 785 138 98 257 109 93 7390 163 205 113 71 379 268 41 104 99 54 51 226 50 59 60 59 753 92 189 53 86 360
leaf_count=150 49 785 138 98 257 109 93 7390 163 205 113 71 379 268 41 104 99 54 51 226 50 59 60 59 753 92 189 53 86 360
internal_value=0.000134867 0.00363382 0.00452243 0.00786199 -0.000313199 -0.0022534 -0.0100806 0.000581851 -0.000584393 -0.00123233 -0.0020556 -0.000983204 -0.00183544 -0.00722892 0.000646552 0.0135678 -0.00146138 -0.00544218 0.00707547 -0.009375 -0.00115708 0.00911765 -0.000416667 -0.00254574 -0.00565806 0.00314607 0.00868794 0.0252632 -0.0213889 -0.00140281
internal_weight=12604 1430 1381 883 11174 3527 619 7647 2908 2758 2553 2440 2369 746 1623 198 478 440 105 335 1425 169 119 1256 812 444 281 94 179 498
internal_count=12604 1430 1381 883 11174 3527 619 7647 2908 2758 2553 2440 2369 746 1623 198 478 440 105 335 1425 169 119 1256 812 444 281 94 179 498
is_linear=0
shrinkage=0.05


Tree=223
num_leaves=31
num_cat=0
split_feature=0 4 1 5 7 1 9 0 0 1 9 2 2 5 5 9 9 0 1 4 9 2 0 2 5 5 9 7 2 5
split_gain=8.97841 10.6949 9.7548 4.92141 12.8321 10.5875 14.1889 14.476 10.1607 9.67544 10.4444 8.58282 7.98334 7.26525 10.926 6.98544 20.3328 7.52464 7.46558 7.30652 6.27328 8.55092 7.72506 7.48768 6.72538 6.64572 14.2836 13.5406 19.5075 19.4848
threshold=45.304901960784328 1.5000000000000002 92.049019607843164 -0.98803845231459242 -0.21022365857738434 64.813725490196092 8643.5822500000031 15.238235294117649 23.518627450980397 59.500000000000007 8839.5343750000011 995.15980392156871 992.4617647058825 -0.96235977360714686 -0.95244167294248061 6713.7418749999979 8050.7221250000011 24.05980392156863 74.186274509803937 1.5000000000000002 10700.330562500001 999.87941176470611 25.604901960784318 1002.8539215686276 0.24372619187392155 0.9893236546938301 11488.780000000001 -0.30061409409415352 996.21666666666681 -0.35846811432664222
decision_type=2 2 2 2 2 2 2 2 2 2 2 2 2 2 2 2 2 2 2 2 2 2 2 2 2 2 2 2 2 2
left_child=3 -2 -3 4 -1 9 -7 -8 11 10 -6 -9 -10 15 -15 -5 -17 19 -19 -18 21 -16 23 24 -23 26 27 28 29 -22
right_child=1 2 -4 13 5 6 7 8 12 -11 -12 -13 -14 14 20 16 17 18 -20 -21 25 22 -24 -25 -26 -27 -28 -29 -30 -31
leaf_value=-0.0016949314024774231 0.00048253648739795543 -5.0365105912980605e-05 9.1621184237966621e-05 -0.00022853685326722496 0.00027509691052579475 -0.00013062925806236054 -0.0010189445034309585 0.00066812785747280285 0.0015280496821588941 -0.00097636361586393445 -0.00058614578864951141 0.002114044745807711 -0.00083417070030223641 -0.0011346491965932349 5.7920403795390375e-05 0.0027087627435104095 0.0012691126381529029 -0.00086455236120603913 5.8235945657125754e-05 0.00018428434614064655 -0.002397534764077286 -5.7956868261749288e-05 0.00089328304822690612 -0.00074306231347635171 -0.0013511402298417312 0.000286099798752984 -2.4921539064376444e-05 -0.0009048584305624747 0.00096151050472353678 -4.7352363844593157e-05
leaf_weight=81 66 96 73 94 84 143 52 40 67 41 79 44 56 157 6013 78 47 59 55 206 57 203 44 60 60 290 3945 122 43 186
leaf_count=81 66 96 73 94 84 143 52 40 67 41 79 44 56 157 6013 78 47 59 55 206 57 203 44 60 60 290 3945 122 43 186
internal_value=0.00029663 0.00995763 0.00323529 0.00011284 -0.00399709 -0.0014827 0.00322581 0.0101923 0.0161058 -0.0107317 -0.00518293 0.0294118 0.00685484 0.000354096 8.04937e-05 0.00601852 0.00863229 0.00366848 -0.00695652 0.00846457 0.000267598 0.00128507 -0.00611413 -0.0087963 -0.00511364 -0.00113049 -0.0016192 -0.0105134 -0.00452962 -0.010041
internal_weight=12641 235 169 12406 687 606 402 259 207 204 163 84 123 11719 11180 539 445 367 114 253 11023 6380 367 323 263 4643 4353 408 286 243
internal_count=12641 235 169 12406 687 606 402 259 207 204 163 84 123 11719 11180 539 445 367 114 253 11023 6380 367 323 263 4643 4353 408 286 243
is_linear=0
shrinkage=0.05


Tree=224
num_leaves=31
num_cat=0
split_feature=1 3 3 2 3 9 8 5 2 7 9 3 1 8 8 2 9 5 5 5 9 2 5 5 2 1 8 1 2 2
split_gain=4.63652 8.62003 8.1474 6.29072 5.04028 12.4749 11.2541 9.54342 9.43745 8.82013 8.01985 6.52715 5.62232 9.79143 18.1498 10.5088 9.61784 8.39179 8.28503 12.5809 7.84511 6.82706 6.59046 19.4652 6.29843 5.98909 5.96553 5.84665 5.75308 5.70221
threshold=97.735294117647072 5.5000000000000009 18.500000000000004 987.4205882352943 20.500000000000004 6536.1293125000002 0.1147873601445511 -0.8781231054254196 1000.7549019607844 -0.96688789938088693 13284.959874999999 21.500000000000004 34.656862745098046 -0.97507822412530132 -0.88622145408796527 990.96372549019611 5006.8249999999998 0.99907018497641664 -0.95244167294248061 -0.8781231054254196 8597.364375000001 992.97745098039229 -0.49813634056773481 -0.30983472475487867 990.08137254901965 25.382352941176475 0.99924179677339053 77.245098039215705 994.89705882352962 992.80784313725496
decision_type=2 2 2 2 2 2 2 2 2 2 2 2 2 2 2 2 2 2 2 2 2 2 2 2 2 2 2 2 2 2
left_child=4 -2 3 -3 12 7 8 -6 9 -7 -8 -9 13 21 20 16 -16 26 -17 -20 -15 -1 25 -24 -18 -21 -14 -19 -27 -25
right_child=1 2 -4 -5 5 6 10 11 -10 -11 -12 -13 17 14 15 18 24 27 19 22 -22 -23 23 29 -26 28 -28 -29 -30 -31
leaf_value=7.555136232999249e-06 -0.00030630029642645388 0.00030931223051384462 -0.00031130677642646768 0.0013027960579328113 -0.0010146250791100043 0.00096214786279617001 -0.00032638835630501993 0.00044589870977601451 -0.00054731748188318057 0.00018094353697959976 5.7820551397341772e-05 0.0019680874511970648 -1.659565205998359e-05 0.0023953318255857392 0.0036524619158276317 -0.0012508710715198046 -0.0007829602387924323 0.00061983684663139836 0.001301855645911028 -0.00011152042874699453 0.00020540112455168236 -0.0013734045952218589 0.0017374721252766568 0.00057567951441703789 -0.0022220944213155154 -0.00040003345218719984 0.00061635684943413575 8.1661202500762919e-05 -0.00087405884682107977 -7.5235589304289985e-05
leaf_weight=52 49 60 43 56 45 64 310 89 42 609 197 174 8528 60 43 84 92 64 44 259 182 108 45 62 54 50 70 62 72 845
leaf_count=52 49 60 43 56 45 64 310 89 42 609 197 174 8528 60 43 84 92 64 44 259 182 108 45 62 54 50 70 62 72 845
internal_value=-0.000207751 0.00717703 0.0128125 0.0196581 -0.000333144 0.0023514 8.17661e-05 0.0113269 0.00412011 0.0055638 -0.00561024 0.0149621 -0.000714485 -0.00306868 -0.00206022 -0.00393701 -0.015 -0.000160458 -0.00249658 -0.00156023 0.0106996 -0.0149068 -0.00243628 -0.000209864 -0.0210884 -0.00798429 -0.000348878 0.0125984 -0.0170732 -0.00181718
internal_weight=12514 208 159 116 12306 1530 1222 308 715 673 507 263 10776 2052 1892 1650 189 8724 1461 1377 242 160 1333 952 146 381 8598 126 122 907
internal_count=12514 208 159 116 12306 1530 1222 308 715 673 507 263 10776 2052 1892 1650 189 8724 1461 1377 242 160 1333 952 146 381 8598 126 122 907
is_linear=0
shrinkage=0.05


Tree=225
num_leaves=31
num_cat=0
split_feature=2 1 8 5 6 5 0 0 1 5 0 1 8 5 8 2 3 1 0 5 1 0 5 5 0 3 0 0 0 9
split_gain=5.77623 8.94514 7.53907 8.73084 8.12161 10.87 9.51279 10.9949 7.86976 23.6511 8.85768 13.6404 12.5789 22.9986 17.1424 13.6071 10.1334 9.83885 8.45791 13.9942 15.5929 7.299 7.03776 8.30996 6.88744 6.83788 6.65327 10.2781 6.63648 6.49373
threshold=986.75392156862756 98.009803921568633 -0.70291145964310642 -0.88622299073327826 0.28313308994381592 0.94978112945126536 18.016666666666669 21.47058823529412 62.323529411764717 0.039769539193789977 36.016666666666673 90.774509803921589 0.38044648673137205 0.40614137006726808 -0.3744658827978154 982.7735294117648 5.5000000000000009 96.715686274509821 28.048039215686281 -0.30163705152652742 75.421568627450995 25.15588235294118 0.34235194516023087 0.46800856592688472 41.504901960784323 12.500000000000002 17.140196078431376 27.772549019607847 43.150980392156875 5706.7157499999985
decision_type=2 2 2 2 2 2 2 2 2 2 2 2 2 2 2 2 2 2 2 2 2 2 2 2 2 2 2 2 2 2
left_child=2 29 4 -4 6 26 -1 -8 9 -5 11 18 14 15 -13 -14 28 -16 19 20 -10 -21 -18 -24 -25 -22 -6 -28 -12 -2
right_child=1 -3 3 8 5 -7 7 -9 10 -11 16 12 13 -15 17 -17 22 -19 -20 21 25 -23 23 24 -26 -27 27 -29 -30 -31
leaf_value=-0.0011140657156524987 0.00013044044010107614 0.00023656882604048413 0.00075468775315691301 -0.00025678345656297011 0.00016245978978563782 -0.0017839427666886205 0.0012628083835882322 -0.00013702106800885517 -0.00087053826651900122 0.001408622043742136 -0.00087541266240417361 -0.0011605062336665418 -0.0010901301418402233 -0.0023063069039183704 0.0018116907973401209 0.0013132414321094189 1.5597828408453475e-05 0.00023775161523995059 -0.00059041016112753588 -0.00070016069508946344 0.0015268776826927123 5.4952996971768811e-05 0.0010221794208982893 0.0015076375733703851 -0.00028599117686822773 8.1130847257125668e-05 -0.0025993131099767797 -2.7278056334278936e-05 5.0368381939669421e-06 -1.5481674215490904e-05
leaf_weight=45 1461 91 55 57 43 46 49 420 80 46 49 43 67 63 96 99 177 43 243 211 77 76 76 48 48 54 54 71 60 8629
leaf_count=45 1461 91 55 57 43 46 49 420 80 46 49 43 67 63 96 99 177 43 243 211 77 76 76 48 48 54 54 71 60 8629
internal_value=-0.0002879 0.000240621 -0.00244293 -0.000678349 -0.00672154 -0.0148837 -0.00330097 -0.00117021 -0.00131272 0.0120192 -0.00217256 -0.00450997 0.00279126 -0.005 0.0125683 0.00479042 0.0037037 0.0210714 -0.00855795 -0.00480962 0.00495283 -0.0119792 0.00785714 0.0150289 0.00515464 0.0155303 -0.00887574 -0.0146825 -0.00954545 9.90982e-05
internal_weight=12677 10181 2496 1768 728 214 514 469 1713 103 1610 1152 411 229 182 166 458 139 741 498 211 287 349 172 96 131 168 125 109 10090
internal_count=12677 10181 2496 1768 728 214 514 469 1713 103 1610 1152 411 229 182 166 458 139 741 498 211 287 349 172 96 131 168 125 109 10090
is_linear=0
shrinkage=0.05


Tree=226
num_leaves=31
num_cat=0
split_feature=5 0 8 4 5 9 9 9 0 3 5 6 0 9 9 9 4 3 7 7 9 3 3 0 6 9 4 5 7 9
split_gain=4.75879 9.91348 12.833 14.6895 10.0778 10.8577 8.56312 7.90981 7.97745 6.48586 5.22859 4.45283 4.4269 12.5304 15.7696 9.45544 10.0671 12.8073 9.25841 8.79726 7.82812 9.89515 9.43029 11.7474 10.6701 10.2618 10.1275 17.6736 11.5883 16.9053
threshold=-0.98523971305672675 14.927450980392159 -0.97507822412530132 1.0000000180025095e-35 -0.99630266176052629 9189.8500000000004 8768.3537500000002 8643.5822500000031 21.673529411764708 14.500000000000002 -0.98214942551678475 -0.056951011027366626 29.659803921568628 7300.5538750000014 10736.109750000001 14768.196750000001 5.5000000000000009 12.500000000000002 0.83966414931270739 -0.92273922871446856 6037.9833750000007 22.500000000000004 7.5000000000000009 26.238235294117647 -0.4755978891912595 5569.7282499999992 4.5000000000000009 -0.30163705152652742 0.86972315351350449 4290.0000000000009
decision_type=2 2 2 2 2 2 2 2 2 2 2 2 2 2 2 2 2 2 2 2 2 2 2 2 2 2 2 2 2 2
left_child=1 11 4 -4 5 7 9 -3 -9 -5 -2 -1 20 -14 -15 16 18 -18 19 -16 21 22 24 26 -12 -26 27 -24 -28 -30
right_child=10 2 3 6 -6 -7 -8 8 -10 -11 12 -13 13 14 15 -17 17 -19 -20 -21 -22 -23 23 -25 25 -27 28 -29 29 -31
leaf_value=-0.0013665933247443828 0.0011231911612383614 -4.743778292576884e-05 -0.002220158925486436 -0.00019290356071574312 0.0014237741006370515 -0.0012340913587635797 0.00069504499800348012 0.0015160883139834062 0.00032299204520017669 -0.0018793821826019394 0.00055610649834155206 -0.00013816131825253666 -8.6082298788536793e-05 0.00039152871544377024 -0.00044257490243493071 -0.00036963728966473157 -0.0030172578339342673 0.00011983414972221995 -0.00011390872561333754 0.00039034783892173409 -4.1430312266149687e-05 0.0020817876641057499 0.00014436879943678928 0.001104494830293823 -0.0016860188869005867 0.00019342957429480668 1.0354390834460549e-05 -0.0008668712123019646 0.00055770826537279857 -0.0027073197351224045
leaf_weight=45 74 124 64 63 95 57 73 54 73 52 617 74 389 498 126 168 51 59 317 597 7463 87 644 155 49 53 124 173 54 113
leaf_count=45 74 124 64 63 95 57 73 54 73 52 617 74 389 498 126 168 51 59 317 597 7463 87 644 155 49 53 124 173 54 113
internal_value=-7.54807e-05 -0.00387097 -0.00144817 -0.0102767 0.00408416 -0.000323625 -0.0031746 0.00416667 0.0128906 -0.0116379 0.000173552 -0.0170833 8.94531e-05 0.00210789 0.0038525 0.000985595 0.00260643 -0.0117117 0.00413064 0.00725138 -0.000377636 0.002343 0.00161372 -0.000988924 0.00618056 -0.00873786 -0.00279531 6.11247e-05 -0.0107877 -0.0193452
internal_weight=12585 774 655 252 403 308 188 251 127 115 11811 119 11737 2205 1816 1318 1150 110 1040 723 9532 2069 1982 1263 719 102 1108 817 291 167
internal_count=12585 774 655 252 403 308 188 251 127 115 11811 119 11737 2205 1816 1318 1150 110 1040 723 9532 2069 1982 1263 719 102 1108 817 291 167
is_linear=0
shrinkage=0.05


Tree=227
num_leaves=31
num_cat=0
split_feature=8 3 0 8 2 8 2 0 7 4 5 2 7 7 5 3 3 4 9 9 3 2 8 9 5 8 5 5 2 0
split_gain=4.94872 10.7984 6.50289 6.275 22.1602 6.41721 12.8416 6.60451 7.96754 13.4641 9.38654 6.08839 6.01102 5.89702 5.63955 14.1434 14.2319 10.3743 12.694 35.8354 12.9132 17.456 23.9679 13.9391 10.8213 10.4769 9.73033 11.2442 27.3014 8.882
threshold=0.99865940500831329 8.5000000000000018 8.5245098039215694 0.99530134160901229 992.51862745098049 0.98005052076767474 1005.1392156862747 16.963725490196083 -0.159513159777915 4.5000000000000009 0.056951373111866731 992.4617647058825 1.0000000180025095e-35 -0.05695216311707673 0.77244481603295057 7.5000000000000009 12.500000000000002 1.5000000000000002 7076.5114375000003 6598.3249999999962 5.5000000000000009 995.27549019607852 0.38044648673137205 11079.831250000001 -0.9905448150984083 0.76971054597235045 -0.54939360607974019 -0.36647417525074694 992.35000000000014 23.439215686274512
decision_type=2 2 2 2 2 2 2 2 2 2 2 2 2 2 2 2 2 2 2 2 2 2 2 2 2 2 2 2 2 2
left_child=2 -2 -1 5 -5 14 7 -7 -9 -10 11 -11 -3 -6 17 -16 29 18 19 26 23 24 -23 -20 -22 -25 -4 -28 -29 -17
right_child=1 12 3 4 13 6 -8 8 9 10 -12 -13 -14 -15 15 16 -18 -19 20 -21 21 22 -24 25 -26 -27 27 28 -30 -31
leaf_value=-0.00019927498571547936 -0.00036358710760842907 0.0001813288850523731 -8.6503838822238335e-05 -0.011684456303553116 -0.00031991176670511311 0.00061233455998147425 -0.00047206062078747476 0.0032651630959048498 -0.00092523961852349903 0.0020866682923351755 -9.4064059228624744e-05 0.00056078027380768722 0.0028451051545883761 0.00037774151004341534 0.00024163102851683106 -0.00015076420301663869 8.7692483617671246e-05 -8.3675907656766832e-05 0.00024558178555721745 -0.0013682779473560892 -0.00051498057320341773 0.00045968023169804532 -0.00042305604075458389 -0.00054561510605097567 0.00053794564764329811 0.00016988657390280273 0.0019299274765702146 0.00093702957946426588 -0.0019298484081425567 -0.0018904946965263903
leaf_weight=84 73 55 488 40 40 55 49 43 63 45 52 45 66 40 962 330 1313 6286 210 135 70 231 172 151 856 88 103 81 72 265
leaf_count=84 73 55 488 40 40 55 49 43 63 45 52 45 66 40 962 330 1313 6286 210 135 70 231 172 151 856 88 103 81 72 265
internal_value=-0.00021092 0.00769231 -0.000335489 -0.000240111 -0.0115702 -0.000127404 0.00651558 0.0103618 0.00682731 0.0026699 0.0111888 0.0208791 0.0168033 0.0037037 -0.000325885 0.00160223 -0.000890519 -0.000944767 0.00167419 -0.00323864 0.00410343 0.00657895 -0.00210396 -0.00322222 0.010356 -0.0114583 0.00107383 0.00894942 0.000324675 -0.00729866
internal_weight=12563 194 12369 12285 120 12165 352 303 248 205 142 90 121 80 11813 2870 1908 8943 2657 879 1778 1329 403 449 926 239 744 256 153 595
internal_count=12563 194 12369 12285 120 12165 352 303 248 205 142 90 121 80 11813 2870 1908 8943 2657 879 1778 1329 403 449 926 239 744 256 153 595
is_linear=0
shrinkage=0.05


Tree=228
num_leaves=31
num_cat=0
split_feature=1 2 2 2 8 6 6 6 1 3 3 9 6 5 9 7 6 6 2 2 5 6 5 6 2 6 3 3 6 7
split_gain=8.43326 8.45021 10.1489 10.257 9.95042 13.8205 12.1375 9.50867 7.8332 8.66899 7.69907 6.78218 15.1091 19.7781 14.1951 18.0232 11.9178 11.6388 11.9016 13.2363 13.5641 10.4262 12.6045 11.1513 10.3056 9.66679 25.4208 13.5142 14.2045 16.5847
threshold=92.049019607843164 969.64509803921578 981.9205882352943 985.47549019607857 0.91423533665985768 0.36447543099728863 0.99024581825578073 0.011826144619637555 93.205882352941202 9.5000000000000018 9.5000000000000018 10641.3835 0.1318557721318592 0.89017062131308955 13504.861187500001 0.3036948619824264 0.91852788691372023 0.097680735332368748 980.43627450980409 985.13235294117669 -0.861146256326485 0.67007489853957602 -0.55657520495441892 0.6174544326165855 983.54313725490204 0.97832380634958016 7.5000000000000009 10.500000000000002 0.95436825032516992 0.60726729507090926
decision_type=2 2 2 2 2 2 2 2 2 2 2 2 2 2 2 2 2 2 2 2 2 2 2 2 2 2 2 2 2 2
left_child=11 -2 -3 -4 5 7 -6 -5 9 -7 -9 12 17 16 15 21 -14 18 -1 20 -20 23 24 -13 -23 27 -27 28 29 -16
right_child=1 2 3 4 6 8 -8 10 -10 -11 -12 14 13 -15 25 -17 -18 -19 19 -21 -22 22 -24 -25 -26 26 -28 -29 -30 -31
leaf_value=0.00047744573085672514 0.00048630159365427029 -0.00012405697040294151 0.00073006044529225775 6.3800066231237135e-05 0.0019538378193063033 0.00051811189484841783 -0.0003286907140563733 0.00063214102163080545 -0.00031131782785584765 -0.00045394646981728462 0.0028794897816956655 2.7302461745605524e-05 3.5746906232469315e-05 0.00079430139695014785 -0.00095177849275230187 -0.00040777681807682709 0.001527247676344215 -0.00046509418224877086 -0.0022654468386812733 -3.5398456800679601e-06 -0.00012031474341196448 0.00022669197200479859 -6.1149004218893918e-05 0.0006190803226627517 -0.0013388057778720181 -0.00075892620493474706 5.6624220888445988e-05 -5.6187854349211422e-05 0.00062390657055563792 0.00038024637845748832
leaf_weight=58 69 373 196 132 67 58 45 71 348 50 53 617 1322 313 55 589 56 116 66 5196 151 40 653 63 187 114 248 714 118 442
leaf_count=58 69 373 196 132 67 58 45 71 348 50 53 617 1322 313 55 589 56 116 66 5196 151 40 653 63 187 114 248 714 118 442
internal_value=0.000190764 0.0037594 0.00290531 0.00548482 0.0030303 0.000841515 0.0168142 0.0101167 -0.00437637 0.00733945 0.02 -0.000278802 0.000618217 0.00475768 -0.00197865 -0.00467442 0.00217549 -0.00063529 -0.000301535 -0.000544884 -0.0126147 -0.00185778 -0.00544835 0.00279001 -0.0155702 0.00144799 -0.00578512 0.00342105 0.0088474 0.00512048
internal_weight=12580 1462 1393 1020 824 712 112 256 456 108 124 11118 7278 1691 3840 2149 1378 5587 5471 5413 217 1560 880 680 227 1691 362 1329 615 497
internal_count=12580 1462 1393 1020 824 712 112 256 456 108 124 11118 7278 1691 3840 2149 1378 5587 5471 5413 217 1560 880 680 227 1691 362 1329 615 497
is_linear=0
shrinkage=0.05


Tree=229
num_leaves=31
num_cat=0
split_feature=8 5 4 1 2 0 3 0 8 8 2 9 9 8 3 1 8 2 2 5 2 3 4 1 2 1 1 1 9 8
split_gain=6.70955 12.9436 9.49127 11.67 14.1417 11.1328 10.2124 15.1637 14.8426 19.75 10.3954 11.3727 30.1478 30.6024 10.2537 21.6819 26.5608 19.8278 13.95 11.2735 11.2608 9.95108 13.7959 10.4327 9.53927 9.14537 8.97009 11.6781 11.3869 8.90939
threshold=-0.35243545167535567 0.81428061195174062 1.0000000180025095e-35 18.735294117647062 996.11666666666679 17.567647058823535 8.5000000000000018 20.826470588235299 -0.99054309756674508 -0.99467580659249177 982.7735294117648 10045.650000000001 12491.249562499996 -0.83377508534904698 12.500000000000002 69.284313725490208 -0.97113716369942038 992.11666666666679 995.34019607843152 0.84313847884979054 985.30980392156869 6.5000000000000009 5.5000000000000009 74.460784313725512 990.72254901960798 71.460784313725512 54.323529411764717 62.323529411764717 10045.650000000001 -0.62588708731544751
decision_type=2 2 2 2 2 2 2 2 2 2 2 2 2 2 2 2 2 2 2 2 2 2 2 2 2 2 2 2 2 2
left_child=2 -2 3 -1 26 -6 7 21 9 25 -10 -12 13 -13 15 17 -17 -8 20 -19 -18 22 29 -24 -23 -9 -5 -28 -29 -4
right_child=1 -3 6 4 5 -7 14 8 10 -11 11 12 -14 -15 -16 16 18 19 -20 -21 -22 24 23 -25 -26 -27 27 28 -30 -31
leaf_value=-0.0016081933660636483 -2.0058713658457908e-05 -0.0022154224130183746 -0.0003694018374062941 -0.0013587293943895518 0.00043107954999753245 -0.0001388122826414165 -0.0022700677948830602 -0.00019222200623645325 -6.1450421805572813e-05 -0.0015316139118784601 0.0016320629253587017 0.0010422621115821929 0.0015259010425008879 -0.0017662178840096134 0.00010010971691526878 0.00069006721005997998 -0.0010560525783441688 0.00024422562546989602 -0.0013758442015879774 -0.0012749394652845948 0.00038600985641680107 0.001078535105934246 0.0012563003743105484 -0.00034012829606080985 0.00035985321756165233 0.0020313288717468069 0.00038675560004324471 -0.00050999628706123186 0.00022816045479895179 0.000235742280207972
leaf_weight=49 7251 56 369 55 128 120 115 46 96 51 446 79 99 79 2086 72 73 140 40 158 176 40 51 43 147 42 74 248 94 147
leaf_count=49 7251 56 369 55 128 120 115 46 96 51 446 79 99 79 2086 72 73 140 40 158 176 40 51 43 147 42 74 248 94 147
internal_value=0.000157841 -0.00082786 0.00150075 -0.00364109 -0.00201389 0.00763052 0.00236075 0.00538594 0.00969116 -0.00535714 0.0123125 0.0144176 0.00600775 -0.00754717 0.000524292 -0.0043871 0.00455801 -0.0121981 -0.00224138 -0.00535117 0.0022 0.000313283 -0.00278232 0.0147368 0.0103723 0.00898876 -0.00709746 -0.00455635 -0.00845481 -0.00599613
internal_weight=12670 7307 5363 768 719 248 4595 1735 938 139 799 703 257 158 2860 774 361 413 289 298 249 797 610 94 187 88 471 416 342 516
internal_count=12670 7307 5363 768 719 248 4595 1735 938 139 799 703 257 158 2860 774 361 413 289 298 249 797 610 94 187 88 471 416 342 516
is_linear=0
shrinkage=0.05


Tree=230
num_leaves=31
num_cat=0
split_feature=0 2 9 1 1 3 2 0 9 8 3 4 9 9 9 4 5 0 5 0 1 9 2 9 0 1 9 5 4 2
split_gain=4.72544 9.40647 11.0427 4.19276 4.076 3.001 11.7568 8.33015 8.77487 17.2387 16.2953 8.18172 7.62208 16.1561 13.7082 14.3865 13.6349 13.0527 29.2309 14.4686 11.186 10.5082 11.6375 16.7041 12.58 10.0439 11.4364 9.46494 10.0949 9.17101
threshold=9.1294117647058837 1002.4647058823531 8454.6499999999996 4.598039215686275 98.460784313725512 15.500000000000002 978.75686274509815 16.587254901960787 10117.322062499999 -0.59868927840444253 18.500000000000004 2.5000000000000004 8643.5822500000031 7637.4085625000007 10045.650000000001 1.5000000000000002 0.63920241694561786 23.264705882352946 0.94704596667653973 27.906862745098042 84.637254901960787 15217.491749999999 990.44803921568644 13504.861187500001 21.673529411764708 46.323529411764717 8270.7804374999996 -0.98523971305672675 2.5000000000000004 998.8686274509804
decision_type=2 2 2 2 2 2 2 2 2 2 2 2 2 2 2 2 2 2 2 2 2 2 2 2 2 2 2 2 2 2
left_child=1 2 -1 -2 5 -5 -7 8 9 -8 -11 -12 13 -9 17 16 -16 27 -19 -20 25 22 24 -24 -17 26 -15 -14 -29 -25
right_child=3 -3 -4 4 -6 6 7 12 -10 10 11 -13 14 20 15 21 -18 18 19 -21 -22 -23 23 29 -26 -27 -28 28 -30 -31
leaf_value=4.0821000065378869e-05 0.0005625451083244589 8.7575685558585054e-05 -0.00066334873969510488 -2.3465138768606621e-05 0.00019225394311678246 0.00036867158465700434 -0.00061101411238603733 7.4033604596834837e-05 6.2341538115300723e-05 -0.00052442862132086321 -6.5076151068080298e-05 0.00056325314462233049 -0.00089304413085329604 -0.0011834338812184099 0.00071152122512889166 0.00073378962117851834 -6.5095629299219423e-05 0.002710425292843416 0.0011485575995412889 -0.001114234744117948 0.00041647912895971252 -0.0010509441375042617 -8.4839715966444909e-05 0.0010244918497209099 -0.00044253398791592739 -0.001392288177530754 0.00056984535987353866 -0.00011880375412692269 0.0019437595940545284 -0.00014635658022889436
leaf_weight=45 46 49 57 8246 80 272 130 1109 240 91 93 73 66 55 233 65 143 171 59 73 47 90 354 133 263 119 44 65 60 45
leaf_count=45 46 49 57 8246 80 272 130 1109 240 91 93 73 66 55 233 65 143 171 59 73 47 90 354 133 263 119 44 65 60 45
internal_value=-0.000118887 -0.00888158 -0.0174757 -1.20327e-05 -6.8438e-05 -0.000141815 0.000964827 0.000248561 -0.00501592 -0.00966495 -0.00213178 0.00718563 0.00128326 -0.00152727 0.00340472 0.00075358 0.00901857 0.0105051 0.0169408 -0.00075188 -0.012594 -0.00252366 -0.000813008 0.00375235 -0.00820669 -0.0173516 -0.0055 0.000260417 0.00833333 0.0162011
internal_weight=12616 151 102 12465 12419 12339 4093 3821 627 387 257 166 3194 1374 1820 1326 376 494 303 132 265 950 860 532 328 218 99 191 125 178
internal_count=12616 151 102 12465 12419 12339 4093 3821 627 387 257 166 3194 1374 1820 1326 376 494 303 132 265 950 860 532 328 218 99 191 125 178
is_linear=0
shrinkage=0.05


Tree=231
num_leaves=31
num_cat=0
split_feature=8 7 7 0 7 5 6 2 9 9 9 5 4 4 4 2 7 5 4 5 0 5 0 5 5 0 5 9 0 9
split_gain=5.01145 4.15533 17.1696 12.8317 11.1695 9.8515 8.48633 11.3755 9.71247 6.7475 16.2718 11.9952 9.15145 9.02247 13.6094 13.2471 11.2942 9.72971 12.3961 16.4329 9.13277 7.29504 6.77707 6.34697 16.9941 6.01349 5.8676 5.57021 7.72298 14.3118
threshold=0.9999398912535008 0.70288017738294994 0.71503381463111937 39.220588235294123 0.69522491211780757 0.63920241694561786 0.8511460603353429 972.5568627450981 14234.741437499999 13284.959874999999 6510.888750000001 0.9053161325100999 5.5000000000000009 4.5000000000000009 2.5000000000000004 995.08921568627454 0.8277925332691819 -0.86976336936302323 5.5000000000000009 -0.65882179392489248 19.014705882352946 -0.64578423485557612 33.377450980392162 -0.54939360607974019 -0.50556189049999822 23.675490196078435 -0.64578423485557612 5937.5147500000012 18.604901960784318 4785.6999999999998
decision_type=2 2 2 2 2 2 2 2 2 2 2 2 2 2 2 2 2 2 2 2 2 2 2 2 2 2 2 2 2 2
left_child=1 4 -3 6 -1 -5 9 -8 25 10 13 12 23 14 15 16 -4 -15 21 -20 -21 -19 -11 -12 -25 -9 27 28 29 -18
right_child=-2 2 3 5 -6 -7 7 8 -10 22 11 -13 -14 17 -16 -17 26 18 19 20 -22 -23 -24 24 -26 -27 -28 -29 -30 -31
leaf_value=3.3441181180160488e-05 -0.0003396362136370689 -0.0016174251913522676 -0.0011629808631067912 0.00073632171493551732 0.0018798737932894855 3.6295512401907096e-05 0.00082335786410915471 -0.00039407812163969188 -7.076943800240488e-05 0.00015580692456866331 -0.0016479329724467112 0.00098866656502899497 -0.0022960507233721855 0.002537799853924114 0.00072979276798552657 0.00090604959067258281 -0.0025697663999658979 -0.00023310318850719992 -0.00099493980105561097 7.5056007224355575e-05 0.0038948430545698246 -0.0010591400662225679 -0.0012471870371210114 0.0043728616474222326 -0.00030760470262015119 -0.0026864949867412558 0.00044084339709234426 -0.0018446947428863505 0.00033991911098369966 0.00040375676069246417
leaf_weight=9007 40 70 88 71 43 83 54 66 89 913 61 63 82 58 447 54 88 97 95 43 40 90 60 40 371 68 119 42 151 59
leaf_count=9007 40 70 88 71 43 83 54 66 89 913 61 63 82 58 447 54 88 97 95 43 40 90 60 40 371 68 119 42 151 59
internal_value=0.000379357 0.000436058 -0.00101038 -0.000515316 0.00100541 0.0135484 -0.00116801 -0.00953237 -0.0145089 -0.00040823 -0.00201053 -0.00881877 -0.0111712 0.000849185 0.00333651 -0.00157807 -0.00392336 -0.0053066 -0.00833333 0.00111732 0.0172619 -0.0172872 0.00302875 -0.00845666 -0.00618932 -0.022963 -0.00076087 -0.00410557 -0.00167224 -0.0097973
internal_weight=12652 12612 3562 3492 9050 154 3338 277 223 3061 2088 617 554 1471 1048 601 547 423 365 178 83 187 973 472 411 134 459 340 298 147
internal_count=12652 12612 3562 3492 9050 154 3338 277 223 3061 2088 617 554 1471 1048 601 547 423 365 178 83 187 973 472 411 134 459 340 298 147
is_linear=0
shrinkage=0.05


Tree=232
num_leaves=31
num_cat=0
split_feature=1 9 2 5 3 6 6 6 4 5 9 9 4 2 2 9 6 5 4 1 1 5 0 5 1 3 9 5 3 6
split_gain=5.34587 4.68007 10.2925 10.637 5.92146 9.3757 18.5062 10.2112 10.6207 18.1946 16.6854 9.96046 9.49017 14.8491 10.4997 9.17283 8.52009 8.84455 12.1371 11.4302 11.3392 13.6695 12.924 15.0441 10.9835 15.705 11.3316 9.19953 8.50952 10.5671
threshold=98.460784313725512 15561.89825 1006.4568627450982 0.55656748448714433 16.500000000000004 -0.91249077947840473 -0.93237865822738086 -0.80926783187727869 4.5000000000000009 -0.54939360607974019 6536.1293125000002 5897.7096874999997 1.5000000000000002 992.4617647058825 993.08333333333337 5970.7126874999976 0.99249573635719013 0.55656748448714433 1.0000000180025095e-35 63.323529411764717 38.617647058823536 0.62587949062545845 27.561764705882357 0.88621069759564464 31.911764705882359 20.500000000000004 7379.3042499999974 -0.18492532721306487 11.500000000000002 0.99932962452255414
decision_type=2 2 2 2 2 2 2 2 2 2 2 2 2 2 2 2 2 2 2 2 2 2 2 2 2 2 2 2 2 2
left_child=1 4 3 -3 5 6 11 8 9 -7 -11 12 13 -1 -14 -13 17 24 19 -19 -20 -22 -23 -24 25 -6 27 -27 29 -9
right_child=-2 2 -4 -5 16 7 -8 28 -10 10 -12 15 14 -15 -16 -17 -18 18 20 -21 21 22 23 -25 -26 26 -28 -29 -30 -31
leaf_value=-1.5261551132461637e-05 0.00019237952646655732 8.704089554790323e-05 -0.00069204436298017928 0.0016339149183304494 -0.00058876742259955867 -0.0013376363909693935 0.00090077748723007981 1.2664027084011154e-05 -0.00070402944959351292 0.0017549638566649777 -0.00016399895177569013 0.0014028443973124333 -0.0011885981866886124 -0.0038739063171197188 0.00087633071833044811 6.0058614388348865e-05 0.00033460392405552654 -0.00096254581248794442 0.00078580605175821718 0.00021361201927934672 0.0016254374262094197 -7.7803402066878313e-05 -6.5634880112216967e-05 0.0025180704578782634 3.6600781804999037e-05 0.0029181652067128473 -0.00056607285463221855 -0.00019038997036591732 -0.00012109160054977649 -0.00059196271320358096
leaf_weight=53 83 104 40 45 199 67 122 5128 133 98 187 72 90 44 101 362 147 71 179 87 61 493 98 115 1968 73 76 40 2168 86
leaf_count=53 83 104 40 45 199 67 122 5128 133 98 187 72 90 44 101 362 147 71 179 87 61 493 98 115 1968 73 76 40 2168 86
internal_value=-7.14796e-05 -0.0001559 0.00763158 0.0136667 -0.000275996 -0.000981405 0.00402367 -0.00151881 -0.00853909 -0.00396601 0.00157343 0.000968188 -0.00622837 -0.0188776 0.000260417 0.00574713 0.00142738 0.000924588 0.00461538 -0.0081761 0.00675818 0.00410156 0.00212164 0.0123832 -0.000806109 -0.00848329 0.00184211 0.0118421 -0.00105648 3.83509e-05
internal_weight=12590 12507 189 149 12318 8711 844 7867 485 352 285 722 288 97 191 434 3607 3460 1104 158 946 767 706 213 2356 388 189 113 7382 5214
internal_count=12590 12507 189 149 12318 8711 844 7867 485 352 285 722 288 97 191 434 3607 3460 1104 158 946 767 706 213 2356 388 189 113 7382 5214
is_linear=0
shrinkage=0.05


Tree=233
num_leaves=31
num_cat=0
split_feature=0 9 9 4 1 1 0 0 7 1 1 7 7 7 7 7 5 4 9 1 9 0 4 0 7 0 0 8 5 9
split_gain=5.47359 16.057 12.2039 12.9062 9.47413 7.81442 8.89752 8.23413 7.26833 8.5688 8.88469 11.8847 9.5733 12.1223 10.4808 9.49687 9.11409 8.26694 6.62869 8.39989 5.95543 8.84932 5.64696 5.23432 6.22351 5.16348 7.55862 5.14175 6.40181 11.9759
threshold=29.659803921568628 14156.373874999988 7028.4232500000007 5.5000000000000009 84.637254901960787 78.382352941176478 41.504901960784323 34.207843137254905 0.85784900197110281 34.656862745098046 85.480392156862749 0.36848418633289504 -0.94139628442229062 -0.69057042736241547 -0.54220184589352438 0.68589359117003446 -0.65234524191686594 4.5000000000000009 11984.392062499997 85.676470588235318 9170.8544999999995 34.207843137254905 2.5000000000000004 34.680392156862759 -0.878119045158818 31.652941176470595 34.451960784313734 -0.99940590107385374 0.99865421017599998 9287.0005624999994
decision_type=2 2 2 2 2 2 2 2 2 2 2 2 2 2 2 2 2 2 2 2 2 2 2 2 2 2 2 2 2 2
left_child=27 2 4 8 25 -3 7 -7 9 -4 12 20 16 23 -15 -13 -11 22 19 -5 21 -12 -10 24 -14 -2 -27 -1 -29 -30
right_child=1 5 3 18 -6 6 -8 -9 17 10 11 15 13 14 -16 -17 -18 -19 -20 -21 -22 -23 -24 -25 -26 26 -28 28 29 -31
leaf_value=-0.00034087380461502451 0.00016126586132589882 -0.0019035336733308817 -0.00035408260368674786 -0.00024577084472502401 -0.00017712781780347965 -1.5026808262547098e-05 0.0004118176714562827 -0.0018117190129269046 7.622684855545237e-05 0.00099538884674207082 0.0012353472083763029 0.0022673867936722938 0.0016631502999611136 -6.8590904426280022e-05 0.00040137222332482515 0.00033400042472888638 -0.0016110563938671997 0.00075888235945374975 -0.0020500000223531655 0.0001974795131331808 -7.6676368004480197e-05 -8.4018255305351459e-06 -0.00048027348972868867 0.00053349418055587681 0.0025802922189751502 -0.00032772295941208007 7.2087455946123755e-05 -2.5996687901519435e-05 -0.0013236702674339395 0.0018954326828539926
leaf_weight=93 69 77 72 87 79 86 61 68 136 42 42 74 41 54 368 69 42 43 75 83 294 62 94 40 66 77 53 9965 52 73
leaf_count=93 69 77 72 87 79 86 61 68 136 42 42 74 41 54 368 69 42 43 75 83 294 62 94 40 66 77 53 9965 52 73
internal_value=-9.17212e-05 0.00208068 0.00363548 0.00515406 -0.00609319 -0.00887372 -0.00393519 -0.0103226 0.00685065 0.00844515 0.00945607 0.0047048 0.0133792 0.0157018 0.0113475 0.0170139 -0.00235294 -0.000547445 -0.0054878 0 0.000250627 0.0104762 -0.004329 0.0280405 0.0337963 -0.00025 -0.00610687 -0.000594069 -0.000485581 0.0107143
internal_weight=12537 2354 2062 1784 278 292 215 154 1539 1266 1194 541 653 569 422 143 84 273 245 170 398 104 230 147 107 199 130 10183 10090 125
internal_count=12537 2354 2062 1784 278 292 215 154 1539 1266 1194 541 653 569 422 143 84 273 245 170 398 104 230 147 107 199 130 10183 10090 125
is_linear=0
shrinkage=0.05


Tree=234
num_leaves=31
num_cat=0
split_feature=5 5 2 2 3 1 7 3 1 5 5 1 7 6 9 1 9 3 5 1 9 1 6 5 1 9 6 8 6 3
split_gain=4.78161 6.29941 6.74313 3.31359 9.04729 7.84219 7.74688 6.00724 5.75567 5.69703 4.83288 6.99988 4.43401 6.12039 12.4963 7.35932 4.55793 6.34884 7.52033 4.25236 9.20212 5.21408 9.98061 9.51221 7.69049 7.53248 6.81306 21.1594 9.98188 13.9599
threshold=0.99865421017599998 0.99966190462023474 994.30000000000007 979.19607843137271 13.500000000000002 69.941176470588246 0.73430383941986921 20.500000000000004 96.97058823529413 0.49812943072827093 0.93237596376505805 90.931372549019628 0.95566275305367776 0.86869874770991873 13693.986749999995 88.578431372549034 9615.159999999998 8.5000000000000018 0.55656748448714433 98.009803921568633 13519.3825 74.460784313725512 -0.84774213365954088 0.9916835347852474 87.774509803921589 4577.2022500000021 -0.49065906150552346 -0.34234976856068178 -0.64580103137750788 16.500000000000004
decision_type=2 2 2 2 2 2 2 2 2 2 2 2 2 2 2 2 2 2 2 2 2 2 2 2 2 2 2 2 2 2
left_child=3 -2 -3 4 8 -6 10 9 12 -8 11 -7 13 16 -15 -16 -1 18 -18 21 -21 -5 24 25 -23 -24 27 -27 29 -29
right_child=1 2 -4 19 5 6 7 -9 -10 -11 -12 -13 -14 14 15 -17 17 -19 -20 20 -22 22 23 -25 -26 26 -28 28 -30 -31
leaf_value=-4.1619161661615724e-05 0.001800661048711294 0.00013110051744724821 -0.00051158995444121889 1.1944540255773296e-05 0.00043705255716817992 -0.0005919307921181436 0.00090179182432725824 -0.00028720334625522147 -0.0012308741740764658 0.0004658088288472473 0.00053137859426147379 3.8608069659862304e-05 -0.00016388591283051924 -0.0004285337158022207 0.00083525562598788243 -6.1217112008493674e-05 0.0001874677259412705 -9.8902232239866941e-05 0.0015648724364746458 0.00044181266991176059 -0.00016932474721579328 -0.00062693848890261756 -0.0009862096374078312 -0.00030765547302463725 0.00017168761421800378 0.0018841850733779309 -4.3484728426555767e-05 -0.00017025505840587014 -0.002975010471498141 0.0015532613275259927
leaf_weight=74 127 46 66 7113 40 56 52 40 50 62 48 72 59 65 45 41 44 50 53 64 51 227 63 77 60 80 3529 148 49 54
leaf_count=74 127 46 66 7113 40 56 52 40 50 62 48 72 59 65 45 41 44 50 53 64 51 227 63 77 60 80 3529 148 49 54
internal_value=-0.000115025 0.006875 -0.00176991 -0.000250667 0.00275822 0.00862534 0.0060423 0.0141935 -0.00176349 0.02 -0.00112994 -0.00620155 0.000115741 0.00214477 -0.00559211 0.00689655 0.00743243 0.0125 0.019898 -0.000473255 0.00905172 -0.000570125 -0.00194729 -0.00129968 -0.0109375 -0.000955657 -0.000673401 0.0061747 -0.000992063 0.00394089
internal_weight=12605 239 112 12366 851 370 330 154 481 114 176 128 431 372 151 86 221 147 97 11515 115 11400 4287 4000 287 3923 3860 331 251 202
internal_count=12605 239 112 12366 851 370 330 154 481 114 176 128 431 372 151 86 221 147 97 11515 115 11400 4287 4000 287 3923 3860 331 251 202
is_linear=0
shrinkage=0.05


Tree=235
num_leaves=31
num_cat=0
split_feature=7 3 6 7 2 9 6 2 2 1 7 1 7 0 7 6 1 7 7 0 9 3 7 9 0 6 2 0 1 2
split_gain=5.50725 3.73312 8.42481 10.0748 13.2085 8.48437 9.97454 8.03513 7.48935 10.8179 12.2367 9.50559 8.33433 11.1227 6.56044 6.93893 13.1677 5.98687 17.6145 13.2893 9.76213 9.39605 21.2335 13.1776 9.13077 8.26764 12.2722 8.85127 8.0035 7.20285
threshold=0.99994162507853945 2.5000000000000004 0.99138911339924218 0.69056404122701587 995.86960784313737 11279.944937500002 0.28313308994381592 985.90490196078451 984.17549019607861 72.088235294117666 0.20391355282604834 79.862745098039227 0.46230456327903491 25.508823529411771 -0.48971288843577082 0.080547328232315238 50.36274509803922 -0.93545056548590078 -0.95244167294248061 21.05980392156863 12173.294062500003 15.500000000000002 -0.97509344079810367 7636.4835625000005 20.753921568627455 0.68274389090025245 993.03039215686283 24.134313725490198 84.87254901960786 988.70686274509819
decision_type=2 2 2 2 2 2 2 2 2 2 2 2 2 2 2 2 2 2 2 2 2 2 2 2 2 2 2 2 2 2
left_child=1 2 3 5 -5 6 8 -7 -1 12 11 -11 13 14 -10 16 -16 18 20 -20 21 22 25 28 -22 26 -3 -27 -23 -24
right_child=-2 17 -4 4 -6 7 -8 -9 9 10 -12 -13 -14 -15 15 -17 -18 -19 19 -21 24 23 29 -25 -26 27 -28 -29 -30 -31
leaf_value=0.00096805376360308286 0.0021099462718322582 -0.0003222711941029355 -0.00018536232043301975 -0.00027319941683241408 0.00032310829981757329 0.0016326877864988655 -0.00017297469452438597 0.0002843630504224454 0.00070111253495775273 -0.00032013089227853623 -0.0010955390897932683 0.0015550055023626859 0.001638548151752492 0.0015793955579502695 0.0001485442610919513 0.00023871546038632744 -0.001133270461399577 -1.0635324677837899e-05 0.00033331789268780808 -0.00053779734332420892 0.0001482503784023509 0.001587376235766562 0.002447303662389945 -8.9197849719910299e-05 -0.0015915486765224808 0.00086171280052118259 -0.0009459078678544044 -8.7215899161796625e-05 -0.00014364441466780398 6.5039173153254307e-05
leaf_weight=43 41 123 78 348 97 53 211 204 94 50 46 66 57 53 90 42 47 9908 40 113 40 124 46 137 82 60 96 54 40 114
leaf_count=43 41 123 78 348 97 53 211 204 94 50 46 66 57 53 90 42 47 9908 40 113 40 124 46 137 82 60 96 54 40 114
internal_value=-0.000218289 -0.000278729 0.00199367 0.00282956 -0.00347534 0.00548723 0.0029375 0.0133721 0.00628183 0.00467033 -0.00613497 0.0025641 0.00924479 0.00611621 0.0020073 -0.00361111 -0.00905797 -0.000605757 -0.00415888 -0.0198052 -0.00152672 0.000503145 -0.00374494 0.00745033 -0.0146341 -0.0109281 -0.0165909 0 0.0169697 0.0111801
internal_weight=12597 12556 1579 1501 445 1056 799 257 588 545 162 116 383 326 273 179 137 10977 1069 153 916 794 493 301 122 333 219 114 164 160
internal_count=12597 12556 1579 1501 445 1056 799 257 588 545 162 116 383 326 273 179 137 10977 1069 153 916 794 493 301 122 333 219 114 164 160
is_linear=0
shrinkage=0.05


Tree=236
num_leaves=31
num_cat=0
split_feature=1 1 7 7 7 3 7 3 8 2 5 2 3 2 8 8 8 8 1 7 6 2 7 6 1 2 6 3 6 6
split_gain=3.47483 5.44083 3.54874 4.67117 5.01084 3.15699 11.6707 6.8502 9.05342 9.11024 13.0742 11.4773 6.76915 5.94494 15.7322 10.1713 9.44249 11.0579 11.1761 9.22887 17.0399 8.62081 10.5729 8.93907 8.56747 8.25778 8.09272 17.8289 9.14272 7.18459
threshold=98.460784313725512 99.284313725490208 0.99983759474438971 0.9993614236720848 0.99865421017599998 19.500000000000004 -0.9905448150984083 11.500000000000002 0.99924179677339053 978.75686274509815 0.42179998225932674 973.39705882352962 14.500000000000002 992.51862745098049 0.81178104038754306 0.89975755788027889 0.65720762023595369 0.71953727073011831 76.911764705882362 0.18281681932135149 0.97461712852231652 995.86960784313737 -0.064463015794845938 -0.38243420677835349 79.362745098039241 995.27549019607852 0.16587474750015932 15.500000000000002 0.7487283477006671 -0.73284120334876357
decision_type=2 2 2 2 2 2 2 2 2 2 2 2 2 2 2 2 2 2 2 2 2 2 2 2 2 2 2 2 2 2
left_child=2 -2 3 4 5 7 -7 -1 9 10 11 -9 -12 14 16 21 26 -18 -19 -16 -21 22 23 -15 -17 -25 29 28 -28 -11
right_child=1 -3 -4 -5 -6 6 -8 8 -10 13 12 -13 -14 15 19 24 17 18 -20 20 -22 -23 -24 25 -26 -27 27 -29 -30 -31
leaf_value=1.0111149230687678e-05 0.00090940872618607428 -0.00012248195031697718 0.00092369181338527312 -0.00078421287473079285 0.00043774439857203199 0.0012507475125694751 2.3709308228307691e-05 -0.0011192089168000879 0.00086326449828035251 -0.00056665807509278935 0.00018873557356584026 4.5417811253029017e-05 0.00068276473843345011 -4.3616600671768547e-05 -0.0014488724668370986 6.2857728544285513e-05 0.00078962219875817335 0.0007846894041413921 -0.0015291257615941412 -0.0012906895017721508 0.00081584671053094859 -0.00016940827378254583 -0.00018773793477994821 0.0010926844389726521 0.00098802980474570613 -0.00083773342092809686 -0.0012212877850312942 -2.6315139760887953e-05 -0.00029423618746951888 3.3480052550738383e-05
leaf_weight=6094 46 41 76 80 75 78 1982 41 44 166 56 68 99 142 124 203 58 56 40 94 48 972 470 171 54 41 189 270 76 655
leaf_count=6094 46 41 76 80 75 78 1982 41 44 166 56 68 99 142 124 203 58 56 40 94 48 972 470 171 54 41 189 270 76 655
internal_value=-0.000241872 0.00965909 -0.000311427 -0.000377601 -0.000299183 -0.000378295 0.00140708 -0.000737881 -0.00230788 -0.00255252 0.00641509 -0.00681818 0.0157051 -0.00317232 -0.00528981 -0.00133885 -0.00330907 0.0083871 -0.00206186 -0.0164794 -0.00769231 -0.00267112 0.00109091 0.00760563 0.00794574 0.0140845 -0.00464259 -0.00942164 -0.018609 -0.00152068
internal_weight=12609 87 12522 12446 12366 12291 2060 10231 4137 4093 264 109 155 3829 1776 2053 1510 154 96 266 142 1796 824 354 257 212 1356 535 265 821
internal_count=12609 87 12522 12446 12366 12291 2060 10231 4137 4093 264 109 155 3829 1776 2053 1510 154 96 266 142 1796 824 354 257 212 1356 535 265 821
is_linear=0
shrinkage=0.05


Tree=237
num_leaves=31
num_cat=0
split_feature=0 5 5 3 5 0 3 4 5 2 5 2 2 0 6 2 5 1 0 6 3 5 2 9 2 2 4 2 1 9
split_gain=6.08237 14.4835 11.8705 10.3337 13.7456 9.26079 9.14162 8.9583 8.77931 7.51944 7.10997 6.5849 9.05165 16.8709 8.50669 7.62756 6.34502 7.52807 11.0494 12.5607 6.32461 6.12491 5.67555 9.07082 5.57741 8.20032 8.64713 7.50851 6.89236 5.57388
threshold=33.377450980392162 0.82414472752956958 0.75014288946266361 4.5000000000000009 0.15951094710994371 34.946078431372555 16.500000000000004 1.5000000000000002 0.96904697354198299 988.79705882352948 0.40614137006726808 968.42549019607861 983.03235294117655 26.799019607843142 0.80290535434334509 983.54313725490204 0.95242846126021108 84.87254901960786 20.178431372549024 0.86004965528756494 9.5000000000000018 0.46800856592688472 977.35588235294131 12057.643624999999 991.04313725490204 984.37352941176482 3.5000000000000004 994.53039215686283 80.813725490196092 13650.320750000001
decision_type=2 2 2 2 2 2 2 2 2 2 2 2 2 2 2 2 2 2 2 2 2 2 2 2 2 2 2 2 2 2
left_child=11 2 3 -2 6 -6 24 -7 -3 -8 -9 -1 13 16 -15 -14 17 18 19 -13 -16 -20 -19 -24 25 26 28 -26 -5 -17
right_child=1 8 -4 4 5 7 9 10 -10 -11 -12 12 15 14 20 29 -18 22 21 -21 -22 -23 23 -25 27 -27 -28 -29 -30 -31
leaf_value=0.0010942629619708753 -6.2963348079408951e-05 0.0034337496369642728 -0.005714695518083005 8.5158754077552246e-05 -3.6192602331050483e-05 0.00091428967554355598 -2.1924437875409098e-06 0.0025256568631739974 0.00037438994306230878 -0.00048798388752181455 5.9285291534472154e-05 0.0002057517899542588 0.00068847097256316547 -0.00036821816613828441 -0.00023058862419775424 -3.5493163516112787e-05 0.0012159683757745428 0.00013072893238005035 0.0015565376955980509 -0.0010632484709600849 -0.0031032389553300403 8.8649612662017321e-05 -0.0010693552922809435 -7.8819838875017484e-05 0.00043922724640333978 -6.1609603346274308e-05 0.00027055459729106172 2.6371864968255389e-05 -0.0001279713026828333 6.8246139643041159e-05
leaf_weight=52 194 42 46 40 58 62 132 55 92 90 85 71 78 216 40 8878 56 63 55 49 69 47 84 66 43 174 63 48 66 1474
leaf_count=52 194 42 46 40 58 62 132 55 92 90 85 71 78 216 40 8878 56 63 55 49 69 47 84 66 43 174 63 48 66 1474
internal_value=-0.00023036 0.00302091 0.00121003 0.00225023 0.0044711 0.0141762 0.000608828 0.0192118 0.0185185 -0.00762332 0.0120567 -0.000601823 -0.000684627 -0.00575275 -0.0145706 -0.000287604 0.000101626 -0.00194954 0.0044843 -0.00578512 -0.0259091 0.0165049 -0.00864486 -0.0139073 0.00482759 0.00188953 0.00970588 0.0157609 0.000934579 -0.00040568
internal_weight=12588 1290 1156 1110 916 260 656 202 134 222 140 11298 11246 816 325 10430 491 435 222 120 109 102 213 150 434 343 169 91 106 10352
internal_count=12588 1290 1156 1110 916 260 656 202 134 222 140 11298 11246 816 325 10430 491 435 222 120 109 102 213 150 434 343 169 91 106 10352
is_linear=0
shrinkage=0.05


Tree=238
num_leaves=31
num_cat=0
split_feature=0 1 2 6 2 9 3 6 0 0 9 9 4 1 4 2 3 2 2 4 2 0 6 4 1 3 2 8 2 1
split_gain=6.43588 7.17731 6.59603 8.55305 4.20975 13.5029 11.1508 8.62188 5.82528 8.0849 13.8314 12.8754 9.87019 13.1672 9.12493 9.67152 8.48864 8.19204 9.47185 8.04595 8.01286 11.3268 21.5219 7.57875 10.8427 17.1226 7.37515 9.58399 11.9273 10.0934
threshold=45.304901960784328 85.87254901960786 973.39705882352962 0.92519182738459482 975.51666666666677 13943.429624999999 14.500000000000002 0.86004965528756494 39.220588235294123 30.428431372549024 7028.4232500000007 14156.373874999988 5.5000000000000009 96.303921568627473 3.5000000000000004 986.62941176470599 9.5000000000000018 996.00098039215698 985.30980392156869 3.5000000000000004 989.60294117647061 26.590196078431379 -0.8901731938066898 1.0000000180025095e-35 62.323529411764717 15.500000000000002 987.61274509803923 -0.73137137938158592 982.7735294117648 92.637254901960787
decision_type=2 2 2 2 2 2 2 2 2 2 2 2 2 2 2 2 2 2 2 2 2 2 2 2 2 2 2 2 2 2
left_child=4 -2 -3 -4 5 6 7 -1 9 20 16 12 13 14 15 -12 -11 18 -13 -10 21 -6 -23 -17 25 -25 27 29 -29 -24
right_child=1 2 3 -5 8 -7 -8 -9 19 10 11 17 -14 -15 -16 23 -18 -19 -20 -21 -22 22 26 24 -26 -27 -28 28 -30 -31
leaf_value=3.8135078870471521e-05 -2.8759056152732888e-05 -1.0220529681947977e-05 0.00021814549722823373 6.5040019432249796e-05 -7.0042729415741028e-05 0.00086949215731964985 0.00055365878532734889 -0.00053964343840133826 -0.00023890685758402031 -0.00047415685973646317 -0.00023152053853419121 0.00075840001037284777 -0.0001872900546730838 0.0015313637499318857 0.00073285458430032428 -9.3424992060336948e-05 -7.1008578760156657e-05 0.00034306931446646539 -0.0028669776224416635 5.9986349730811739e-06 -3.6254941300606361e-06 0.0014043684136312074 -0.0025095170844022215 -0.00090812877838343802 0.0015076815959037039 0.0012189791419805807 -0.0016751144601033108 -0.001220072735678246 0.00029608583153982183 0.00021032189380364443
leaf_weight=136 86 50 52 43 1900 46 134 85 181 49 163 46 125 54 277 126 145 55 67 107 7865 43 98 86 170 41 121 69 177 41
leaf_count=136 86 50 52 43 1900 46 134 85 181 49 163 46 125 54 277 126 145 55 67 107 7865 43 98 86 170 41 121 69 177 41
internal_value=-0.000276921 0.00797414 0.014726 0.0223958 -0.000431173 0.00460199 0.00126404 -0.00563063 -0.00059965 -0.000426658 0.00313167 0.00511974 0.0071908 0.00898693 0.00746528 0.00391823 -0.00923077 -0.00769231 -0.0153509 -0.00761246 -0.000911294 -0.00340816 -0.00972727 0.00790094 0.0122483 0.00117188 -0.0126233 -0.00919689 -0.00323887 -0.0196429
internal_weight=12638 231 145 95 12407 401 355 221 12006 11718 1404 1210 1042 917 863 586 194 168 113 288 10314 2449 549 423 297 127 506 385 246 139
internal_count=12638 231 145 95 12407 401 355 221 12006 11718 1404 1210 1042 917 863 586 194 168 113 288 10314 2449 549 423 297 127 506 385 246 139
is_linear=0
shrinkage=0.05


Tree=239
num_leaves=31
num_cat=0
split_feature=7 9 0 0 0 3 5 5 7 9 1 9 0 7 1 9 7 7 0 9 0 9 3 7 1 4 7 5 7 0
split_gain=5.88211 4.78482 10.5729 15.2386 14.23 17.3736 6.85754 5.08166 5.04722 4.58846 8.14205 15.6572 18.8552 9.00969 7.64652 7.64361 11.9612 8.49902 8.82339 8.67825 11.8862 13.7688 10.756 13.4709 12.1754 15.5201 15.7481 14.6061 11.8455 14.7686
threshold=-0.99940763397299126 4527.2620000000015 15.90686274509804 26.687254901960788 21.840196078431379 14.500000000000002 -0.70898476237405783 -0.69674959280705229 0.98519415784776321 13650.320750000001 94.598039215686285 14695.955000000002 29.144117647058827 0.98091558679606194 81.303921568627473 12134.6975 -0.93545056548590078 -0.99467753128998015 23.185294117647064 8768.3537500000002 15.624509803921571 8850.8481250000023 15.500000000000002 0.88618201382888007 73.333333333333357 2.5000000000000004 0.79380680106549595 0.89404822654372251 0.24998082458982465 32.254901960784316
decision_type=2 2 2 2 2 2 2 2 2 2 2 2 2 2 2 2 2 2 2 2 2 2 2 2 2 2 2 2 2 2
left_child=-1 2 7 4 5 8 -7 -2 -4 15 11 -11 -13 -12 -14 17 -17 18 -3 22 -21 -22 23 24 27 -26 28 -19 29 -27
right_child=1 9 3 -5 -6 6 -8 -9 -10 10 13 12 14 -15 -16 16 -18 19 -20 20 21 -23 -24 -25 25 26 -28 -29 -30 -31
leaf_value=-0.00050952798086756281 0.00028113602383397773 0.0010228396536703071 0.0043909677220910328 -0.00020230631725784987 0.0044396313117787359 -0.0021150453103122523 0.00032723301374253393 -0.00056870643256219655 0.00062373253594795181 0.00027823585247669925 -4.9361476661169415e-05 4.8487407460754561e-05 -0.002289552181355617 -0.00085507755593877796 -0.00027363446972686892 -0.0014976260481777603 -8.4226352467776241e-05 0.00017085673820310123 -1.8056011260941806e-05 -0.00011378781565526998 0.0018912876102362211 0.00010794191131067722 -0.00017267748215602508 -0.00053137230481350994 -0.00019265405072648736 0.000640952674420231 0.0028815107940967314 -0.00068759375051039929 -0.00065276371960637796 -6.9697633576876192e-05
leaf_weight=118 47 105 43 55 61 41 43 50 59 878 231 606 48 46 79 96 1418 1697 88 626 88 2967 1609 454 432 230 44 46 178 82
leaf_count=118 47 105 43 55 61 41 43 50 59 878 231 606 48 46 79 96 1418 1697 88 626 88 2967 1609 454 432 230 44 46 178 82
internal_value=0.000139265 0.000245019 0.005625 0.010231 0.0155242 0.00855615 -0.00823529 -0.00867347 0.0223301 6.63956e-05 0.00232927 0.00369107 -0.001703 -0.00557554 -0.0191406 -0.000354296 -0.00363036 0.000219729 0.010567 -1.77431e-05 0.00180608 0.00309228 -0.00142468 0.000268647 0.00160517 -0.00289555 0.00280374 0.00409977 0.000203666 0.00607029
internal_weight=12565 12447 399 302 247 186 84 97 102 12048 1888 1611 733 277 127 10160 1514 8646 193 8453 3681 3055 4772 3163 2709 966 534 1743 490 312
internal_count=12565 12447 399 302 247 186 84 97 102 12048 1888 1611 733 277 127 10160 1514 8646 193 8453 3681 3055 4772 3163 2709 966 534 1743 490 312
is_linear=0
shrinkage=0.05


Tree=240
num_leaves=31
num_cat=0
split_feature=9 9 0 0 3 0 2 2 3 0 2 7 9 2 8 6 2 0 9 9 0 3 7 2 4 9 6 7 7 0
split_gain=5.30377 9.83062 9.81719 8.57905 8.40381 13.6337 8.8075 8.15087 12.6396 15.0673 12.5924 12.2002 12.0691 10.703 7.7731 11.2288 8.18363 13.3058 9.50731 7.8828 7.60134 6.65611 6.65179 6.45099 9.56351 9.36694 6.34448 6.19179 15.6801 6.37707
threshold=6037.9833750000007 6566.1293124999984 15.334313725490199 18.288235294117651 17.500000000000004 24.461764705882356 995.08921568627454 993.27745098039225 7.5000000000000009 25.397058823529417 995.08921568627454 0.92919371535393525 4832.8999999999996 991.98725490196091 -0.75439686467415534 -0.3744658827978154 987.5029411764707 23.518627450980397 5339.8963750000021 5542.9865000000027 16.587254901960787 14.500000000000002 0.4737060765891063 994.95980392156878 3.5000000000000004 4832.8999999999996 -0.4755978891912595 0.99463153969809781 0.97109394436505758 20.178431372549024
decision_type=2 2 2 2 2 2 2 2 2 2 2 2 2 2 2 2 2 2 2 2 2 2 2 2 2 2 2 2 2 2
left_child=7 2 -2 -4 5 6 -5 13 22 10 12 -12 -10 14 -1 16 -16 19 -19 26 -15 -22 -9 25 -25 -24 27 28 -18 -30
right_child=1 -3 3 4 -6 -7 -8 8 9 -11 11 -13 -14 20 15 -17 17 18 -20 -21 21 -23 23 24 -26 -27 -28 -29 29 -31
leaf_value=-0.00094897292871973802 6.456090458256126e-05 -1.5756079492354471e-05 -0.00079131270131208855 0.00073110939292037047 0.0009124256142851229 -0.0029452498536455957 -0.001422107278621751 6.5455638144226727e-05 0.0028800140529798902 0.0017805402201500121 -4.2469198146738441e-05 -0.0010105208813354469 -0.00048664386921858094 -0.00065466751940722052 -0.00010805198398906036 0.00024298151362938116 0.00011517213616919209 0.00048797857331869257 0.0017705788156403446 -0.00077976764930642319 0.00058095809705708266 -0.0019992639386722773 0.0024988217721249651 0.007614077371278268 0.00044993529741736704 -0.00024487009867933538 -0.0015636601766056081 -0.0006435998924950629 0.00099975478187264719 0.007862891124968829
leaf_weight=45 59 9914 70 50 65 40 42 69 77 78 148 82 90 96 383 84 331 63 73 117 68 66 49 48 46 40 45 78 45 47
leaf_count=45 59 9914 70 50 65 40 42 69 77 78 148 82 90 96 383 84 331 63 73 117 68 66 49 48 46 40 45 78 45 47
internal_value=-0.000159885 -0.000644468 -0.00917431 -0.0132463 -0.00782828 -0.0150376 -0.00430108 0.00202732 0.00638736 0.00157563 -0.00238693 -0.00995671 0.00803571 -3.24254e-05 0.00171494 0.00244672 0.00118343 0.0040625 0.0182482 0.00112952 -0.00995671 -0.00222222 0.015415 0.0203804 0.0294737 0.0105556 0.00365631 0.00527888 0.00766509 0.0258065
internal_weight=12508 10240 326 267 197 132 92 2268 727 475 397 230 167 1541 1311 1266 1182 799 136 663 230 134 252 183 94 89 546 501 423 92
internal_count=12508 10240 326 267 197 132 92 2268 727 475 397 230 167 1541 1311 1266 1182 799 136 663 230 134 252 183 94 89 546 501 423 92
is_linear=0
shrinkage=0.05


Tree=241
num_leaves=31
num_cat=0
split_feature=8 1 1 8 5 2 1 4 7 5 4 6 6 6 6 2 6 1 4 6 2 7 5 4 5 1 1 5 7 4
split_gain=4.44308 4.26085 3.80835 6.55319 4.56898 3.75644 8.60101 9.64776 10.9371 6.54818 9.43732 6.01508 4.41982 13.7378 15.7625 11.5048 9.96681 8.47288 10.6716 7.89426 6.8387 14.3717 8.36742 8.11261 11.7961 6.93492 11.4988 10.5275 8.71664 8.40169
threshold=-0.99983123799342477 4.598039215686275 9.6176470588235308 -0.48314634702607501 -0.03977009085991149 1002.4647058823531 56.539215686274517 1.0000000180025095e-35 0.49253244405029933 1.0000000180025095e-35 4.5000000000000009 0.86004965528756494 -0.28519997588938989 -0.40613878790836594 -0.38243420677835349 994.65392156862765 -0.36648370705903521 20.941176470588239 1.0000000180025095e-35 0.99981043035926087 995.73039215686288 0.93771544905322102 0.84313847884979054 1.5000000000000002 -0.23537230790205757 72.441176470588246 87.774509803921589 -0.84315017450793706 -0.9470547246821871 2.5000000000000004
decision_type=2 2 2 2 2 2 2 2 2 2 2 2 2 2 2 2 2 2 2 2 2 2 2 2 2 2 2 2 2 2
left_child=-1 -2 3 -3 -5 12 7 -7 9 10 -9 -8 13 20 -15 16 -16 18 -14 -19 22 23 25 24 -22 -4 27 29 -29 -27
right_child=1 2 5 4 -6 6 11 8 -10 -11 -12 -13 17 14 15 -17 -18 19 -20 -21 21 -23 -24 -25 -26 26 -28 28 -30 -31
leaf_value=-0.00017062102950768376 0.00049527755978601574 0.00019898143122579204 7.0305761153099952e-05 -0.001049232148407324 -7.0032271995869319e-05 0.00032064036756817297 -0.00018873118682971937 -0.00057437930253174463 8.1989041076674374e-05 -0.0010802883938152029 0.00010936166550782855 0.00022259131830113939 -0.0013376139174101119 -0.0017776181424886803 0.00066864738731692861 -0.0019211698481493705 -0.00021649007900676755 6.0481915237886603e-06 0.00034814114656167436 0.0012587759746074346 0.0011563520239639094 -0.0010144755236349641 0.00075552645376023855 0.00010475289173584729 -0.00040719930510038085 -0.00028134700912948454 0.00026180475537132124 0.00030596984322640576 -0.0006227426396304581 0.00087369544872878966
leaf_weight=70 46 101 1975 117 72 45 80 80 75 60 52 84 40 119 55 62 312 7052 429 48 70 74 170 339 141 45 170 77 372 85
leaf_count=70 46 101 1975 117 72 45 80 80 75 60 52 84 40 119 55 62 312 7052 429 48 70 74 170 339 141 45 170 77 372 85
internal_value=-0.000203707 -0.000132551 -0.000189486 -0.00584192 -0.0113158 -5.36658e-05 -0.00440252 -0.00926518 -0.0128731 -0.019171 -0.012782 0.00484848 0.000124613 -0.00120482 -0.00856102 -0.00406977 -0.000679348 0.000838838 0.00734043 0.000408393 -5.68343e-05 -0.0048 0.000967185 -0.00199637 -0.00966981 0.000293578 -0.0038 -0.00715517 -0.0107778 0.00534351
internal_weight=12517 12447 12401 290 189 12111 476 312 267 192 132 164 11635 4066 548 429 367 7569 469 7100 3518 624 2894 550 211 2724 749 579 449 130
internal_count=12517 12447 12401 290 189 12111 476 312 267 192 132 164 11635 4066 548 429 367 7569 469 7100 3518 624 2894 550 211 2724 749 579 449 130
is_linear=0
shrinkage=0.05


Tree=242
num_leaves=31
num_cat=0
split_feature=0 9 5 5 9 9 1 9 1 2 9 5 5 3 2 5 5 9 6 0 6 0 1 6 9 1 6 9 6 2
split_gain=6.67177 10.2809 13.4575 30.7965 9.35535 12.6881 12.137 7.36883 7.26808 8.01529 6.92269 6.3194 8.57111 6.47657 6.24831 6.15894 5.5459 5.27755 14.8862 11.9826 10.556 8.80515 6.77949 5.99721 7.69468 16.5122 17.726 16.3497 16.2635 15.0218
threshold=19.085294117647063 5121.4499999999998 -0.36647417525074694 -0.65882179392489248 4616.411750000002 4577.2022500000021 32.382352941176478 5191.2575000000006 47.00980392156864 991.63529411764728 15911.550937500002 0.99865421017599998 0.99966190462023474 14.500000000000002 992.75196078431384 0.99700008544936913 -0.77245553105869302 14840.974999999997 0.99024581825578073 29.144117647058827 0.96407344085605606 24.8921568627451 89.676470588235318 0.86439018870140905 10045.650000000001 90.931372549019628 0.71353761266622884 10001.092000000001 0.66367808336324663 977.35588235294131
decision_type=2 2 2 2 2 2 2 2 2 2 2 2 2 2 2 2 2 2 2 2 2 2 2 2 2 2 2 2 2 2
left_child=4 2 3 14 5 6 -1 -3 -8 -10 -6 15 -13 -14 16 17 -2 23 19 20 21 -19 -21 24 27 26 -26 -9 -27 -28
right_child=1 7 -4 -5 10 -7 8 11 9 -11 -12 12 13 -15 -16 -17 -18 18 -20 22 -22 -23 -24 -25 25 28 29 -29 -30 -31
leaf_value=-0.00066640842526484315 0.00010113089259139452 -0.0011285863633156785 -0.004338175175576978 0.0072490348531555615 -4.0719802596037029e-05 -0.0042771963402774621 0.00090834439355172859 2.2326741790312798e-05 0.00027555938678424513 -0.00098142610886590704 0.00027095033851979726 0.0022508381790436699 0.00010786117114656158 -0.0005230647638709313 0.0023112477021146995 -0.00032975854988550051 -0.00079925846604137765 -0.00045509738830805391 -0.0021307476166061074 -0.0017181296584598662 0.0014253936504469711 0.00085623148285515066 -4.9360363762346317e-05 0.0001477993196120582 -6.4860095550958732e-05 -8.9764959972038483e-05 9.3014440491732975e-05 0.0029143572153843126 0.00097264017006409723 -0.0011613852151403925
leaf_weight=58 249 68 40 73 3965 43 60 3585 52 59 91 114 67 40 59 89 52 62 49 55 46 40 53 1384 1092 279 90 64 236 291
leaf_count=58 249 68 40 73 3965 43 60 3585 52 59 91 114 67 40 59 89 52 62 49 55 46 40 53 1384 1092 279 90 64 236 291
internal_value=-7.59635e-05 0.000764246 0.00791139 0.0104839 -0.0016632 -0.0106227 -0.00586957 0.000324465 0.000872093 -0.00669643 -0.0010599 0.000471389 0.00878378 -0.00138889 0.00443213 0.000222492 0.00149007 0.000382148 -0.00604575 -0.00116732 0.00805369 -0.000970874 -0.0137615 0.000662205 -6.20788e-05 -0.0025641 -0.0052578 0.00130137 0.00513566 -0.0145288
internal_weight=12505 8177 473 433 4328 272 229 7704 171 111 4056 7636 221 107 360 7415 301 7326 305 256 148 102 108 7021 5637 1988 1473 3649 515 381
internal_count=12505 8177 473 433 4328 272 229 7704 171 111 4056 7636 221 107 360 7415 301 7326 305 256 148 102 108 7021 5637 1988 1473 3649 515 381
is_linear=0
shrinkage=0.05


Tree=243
num_leaves=31
num_cat=0
split_feature=1 7 3 1 7 9 7 7 9 5 7 2 9 7 6 7 1 2 2 2 7 3 9 2 9 3 3 7 1 1
split_gain=4.58747 4.46655 7.77741 9.37684 4.52421 10.5539 10.0468 11.6668 9.0608 8.57171 6.83615 11.4651 17.1851 10.5243 15.6152 13.5304 11.9474 9.60628 7.75366 10.9273 9.57572 11.1703 9.99574 7.35226 7.26879 9.07344 4.78762 4.78453 7.99198 7.88362
threshold=98.460784313725512 -0.99763297024448894 16.500000000000004 49.401960784313736 -0.99275346941927067 12007.490437500001 -0.98214488425316759 -0.96688789938088693 12173.294062500003 0.63920241694561786 -0.93545056548590078 985.47549019607857 10842.376874999996 -0.83377653105606597 0.86439018870140905 -0.80418297442179409 80.382352941176478 989.9205882352943 987.93039215686292 989.45098039215702 -0.90893575921103265 11.500000000000002 10358.819500000001 998.21078431372564 7300.5538750000014 15.500000000000002 14.500000000000002 -0.97113884758256674 77.245098039215705 54.323529411764717
decision_type=2 2 2 2 2 2 2 2 2 2 2 2 2 2 2 2 2 2 2 2 2 2 2 2 2 2 2 2 2 2
left_child=1 2 3 -1 5 -3 8 27 9 26 11 -9 24 14 18 16 17 -15 -12 -20 23 22 -22 -21 -13 -26 -6 28 29 -8
right_child=-2 4 -4 -5 6 -7 7 10 -10 -11 13 12 -14 15 -16 -17 -18 -19 19 20 21 -23 -24 -25 25 -27 -28 -29 -30 -31
leaf_value=-0.0010964133761212538 0.00012636537000016991 0.0010172313454352988 0.0002345510819042579 -2.4882587298835635e-05 -2.8026378564299793e-05 -0.00046259639259657592 1.1462526456196277e-05 0.00043685633995786124 -0.0020728726810536171 -0.00099883246551227267 0.00082011319487415026 -0.00039090893850912689 -0.0022715110543317153 -0.0011925609903765955 0.0025194837148510233 1.8186237379980154e-06 -0.0020370602388399025 0.00027107748967475641 -0.0013417534864363341 0.00054773110273496634 -0.00011276257183844425 0.00026970998334459317 -0.0021387083964846064 0.0018549407141753836 0.00026567619456661641 -0.00061502339358707756 0.00036978460582016981 0.0022564135175623837 -0.00032961659149389479 0.00058911334988357789
leaf_weight=72 77 120 60 87 75 61 68 69 43 74 89 81 55 40 73 10379 79 70 44 170 126 181 41 42 72 41 42 58 40 60
leaf_count=72 77 120 60 87 75 61 68 69 43 74 89 81 55 40 73 10379 79 70 44 170 126 181 41 42 72 41 42 58 40 60
internal_value=9.13423e-05 1.59834e-05 -0.00704545 -0.0128125 0.000142346 0.00796703 2.47668e-05 0.000227292 -0.0102128 -0.00546875 8.58148e-06 -0.00721003 -0.0122 0.000211734 0.00586701 -0.000198694 -0.0134211 -0.0027027 0.00353026 0.0014876 0.00338681 -0.0017192 -0.0110119 0.0117371 -0.00512821 0.00307018 0.0029661 0.0114537 0.00710059 0.0131783
internal_weight=12589 12512 219 159 12293 181 12112 11878 234 191 11652 318 249 11334 766 10568 189 110 693 604 560 348 167 212 194 113 117 226 168 128
internal_count=12589 12512 219 159 12293 181 12112 11878 234 191 11652 318 249 11334 766 10568 189 110 693 604 560 348 167 212 194 113 117 226 168 128
is_linear=0
shrinkage=0.05


Tree=244
num_leaves=31
num_cat=0
split_feature=1 0 0 0 6 6 0 0 2 4 6 2 9 4 5 6 2 2 2 0 5 5 2 0 7 7 0 7 5 7
split_gain=4.06263 17.062 8.97118 12.5482 12.0642 11.1894 9.63821 12.0705 8.74771 7.61772 6.33242 5.9509 5.69923 5.50785 10.2732 7.03288 6.95391 20.3786 10.7369 7.13659 7.44725 8.43626 9.79138 7.19919 10.3019 17.0795 10.2243 10.6343 10.293 9.8158
threshold=92.049019607843164 14.496078431372551 23.675490196078435 31.875490196078434 0.8511460603353429 0.98005052076767474 19.085294117647063 20.111764705882354 982.7735294117648 2.5000000000000004 0.77108682076304769 981.9205882352943 7404.1654374999989 3.5000000000000004 0.99865421017599998 0.99932962452255414 978.2323529411766 986.75392156862756 972.5568627450981 37.432352941176475 0.99374995976406788 0.98802474685579866 996.45588235294133 19.691176470588239 0.98702314536340274 0.95752911693909493 13.898039215686277 -0.69057042736241547 -0.45274443793211405 0.9252105435402006
decision_type=2 2 2 2 2 2 2 2 2 2 2 2 2 2 2 2 2 2 2 2 2 2 2 2 2 2 2 2 2 2
left_child=13 -2 5 4 10 6 -3 -8 -6 -10 -4 -9 -5 16 15 -15 18 -18 -1 20 21 23 -23 26 25 29 27 28 -19 -25
right_child=1 2 3 12 8 -7 7 11 9 -11 -12 -13 -14 14 -16 -17 17 19 -20 -21 -22 22 -24 24 -26 -27 -28 -29 -30 -31
leaf_value=-7.4327782114846921e-05 -0.00065345365017878551 -0.00016245610094711704 -0.0001266504429058013 -3.495355168298686e-05 -0.0032009471756915711 0.0010141383093268453 0.0025915981167138891 -0.00076513790417056529 0.00045788451772393879 -0.0016625409477096982 0.0016063481084524489 0.00025368246198185509 0.00021469208305976983 -7.0892731602646694e-05 0.0015139958176375674 -0.00089297198846753775 -0.00020194807546733559 0.00015634618479844903 0.00023606326678936586 -0.00028454354372279834 -0.00028193273528448611 0.00082281711180253218 1.2456124453677497e-05 0.00017765064153968391 -0.0010107188490707866 0.0029012719466132708 -0.00011049215969530652 0.00014747835993541257 -0.00043778698024828089 -0.0010637688469446239
leaf_weight=113 51 149 274 60 54 53 41 40 43 54 69 142 442 4535 84 41 630 85 205 112 246 70 80 2437 104 89 1586 502 77 88
leaf_count=113 51 149 274 60 54 53 41 40 43 54 69 142 442 4535 84 41 630 85 205 112 246 70 80 2437 104 89 1586 502 77 88
internal_value=-0.000294656 0.00217244 0.00319972 0.000601805 -0.00505051 0.0092723 0.00616622 0.0127232 -0.0167763 -0.00765306 0.000145349 0.00710383 0.00616302 -0.000622463 -0.00193092 -0.00225038 0.000326848 -4.9124e-05 0.00752351 0.000931167 0.00119292 0.00160188 0.013245 0.00124774 0.00297904 0.00359465 -0.000844069 0.0043609 -0.00674847 0.00283056
internal_weight=12556 1472 1421 996 494 425 372 223 151 97 343 182 502 11084 4660 4576 6424 6106 318 5476 5364 5118 150 4968 2718 2614 2250 664 162 2525
internal_count=12556 1472 1421 996 494 425 372 223 151 97 343 182 502 11084 4660 4576 6424 6106 318 5476 5364 5118 150 4968 2718 2614 2250 664 162 2525
is_linear=0
shrinkage=0.05


Tree=245
num_leaves=31
num_cat=0
split_feature=8 1 4 1 0 8 0 2 1 2 8 1 8 4 0 6 9 1 2 7 8 0 6 4 2 2 8 6 0 1
split_gain=5.99376 11.2993 5.42657 10.4653 6.44528 5.00233 10.7295 5.53958 8.40987 8.72145 5.44836 15.5702 5.22371 16.7669 9.95621 13.7248 4.08632 4.02766 3.99903 3.63554 3.37757 9.92488 7.95493 7.69748 13.1855 18.3957 7.98205 7.02626 18.9614 5.84065
threshold=-0.99467580659249177 29.93137254901961 5.5000000000000009 89.029411764705898 25.508823529411771 -0.98523800472371936 14.927450980392159 997.91764705882372 49.872549019607852 991.43431372549026 -0.9787668070481591 56.539215686274517 -0.96687281075841669 1.0000000180025095e-35 23.185294117647064 0.097680735332368748 9189.8500000000004 83.245098039215705 995.65588235294126 0.019351116170480156 0.98005052076767474 8.5245098039215694 -0.99168640063982161 4.5000000000000009 991.69411764705899 996.74803921568639 0.9899370942838045 0.9980355542543059 18.369607843137256 20.362745098039216
decision_type=2 2 2 2 2 2 2 2 2 2 2 2 2 2 2 2 2 2 2 2 2 2 2 2 2 2 2 2 2 2
left_child=1 -1 3 4 16 6 -2 8 9 -8 11 18 13 -12 15 -15 19 -6 -7 -3 21 -14 -23 24 -22 -26 -25 28 -28 -29
right_child=5 2 -4 -5 17 10 7 -9 -10 -11 12 -13 20 14 -16 -17 -18 -19 -20 -21 23 22 -24 26 25 -27 27 29 -30 -31
leaf_value=-0.00054765131910890642 -0.00093952954420934158 0.00069576041509652054 0.0010711121584776988 0.0031508653548108917 0.00034956893564947605 -0.00080924460873256087 0.001804211732438188 0.00072934698975373195 -0.00028879126689838056 -0.0004323516486798185 -0.0025091336506717524 0.0013900785157336991 -0.0002557709448835155 0.00063107191419602138 0.00085860325465302316 -0.0005685355497593046 -0.00062276474904568728 -5.3131044011944795e-05 0.00029241046928983329 -0.00049479878928314488 -0.0024714267019641471 -0.0021662901190558945 -1.8962406370498509e-05 0.0011064185573490815 0.0010259626803540533 -0.00011801477680905004 0.00055902114308986758 4.542050421468824e-06 -0.0010633292988579764 0.0010310470543645506
leaf_weight=56 48 49 58 40 76 44 40 50 116 45 44 66 67 43 73 83 88 41 45 46 91 61 10659 59 84 249 43 41 50 45
leaf_count=56 48 49 58 40 76 44 40 50 116 45 44 66 67 43 73 83 88 41 45 46 91 61 10659 59 84 249 43 41 50 45
internal_value=-0.000579319 0.00505495 0.00802005 0.00557185 0.00232558 -0.000790319 -0.00716667 -0.00297619 -0.00668317 0.00523256 -0.000628798 0.00865385 -0.000752587 -0.0079918 -0.00175 -0.0102362 -0.00353261 0.0114407 -0.005 0.00364583 -0.000598253 -0.000811086 -0.000690234 0.00286576 -0.00117647 0.00344311 0.0100418 0.00472222 -0.00478723 0.0149425
internal_weight=12600 454 398 340 300 12146 299 251 201 85 11847 155 11692 243 199 126 183 117 89 95 11449 10787 10720 662 424 333 238 179 93 86
internal_count=12600 454 398 340 300 12146 299 251 201 85 11847 155 11692 243 199 126 183 117 89 95 11449 10787 10720 662 424 333 238 179 93 86
is_linear=0
shrinkage=0.05


Tree=246
num_leaves=31
num_cat=0
split_feature=0 7 1 0 7 6 6 6 6 2 1 6 5 2 0 9 6 2 9 5 2 4 0 5 7 1 1 0 1 5
split_gain=4.89248 8.20625 4.82935 11.0661 8.43387 7.88517 12.3528 14.3328 10.4955 7.87793 7.57025 13.3915 7.4207 12.0289 9.59954 7.25405 21.3353 17.7086 15.7181 15.6162 18.4676 12.159 17.1781 10.8481 7.90149 7.72081 10.9683 9.98656 7.2973 7.26459
threshold=8.5245098039215694 -0.091260668982868151 74.186274509803937 15.138235294117649 0.99983759474438971 0.76556758748011045 0.79773375822167203 0.81304046271159414 0.75438814418115718 991.98725490196091 95.029411764705898 0.78192542922038288 -0.99275805973510278 988.42254901960791 26.118627450980394 10641.3835 0.19969739736768838 999.64411764705903 11152.979250000002 -0.94705910369513524 989.37450980392168 1.5000000000000002 23.185294117647064 -0.90163369914317015 -0.98214488425316759 20.362745098039216 10.911764705882355 16.963725490196083 63.950980392156872 -0.84315017450793706
decision_type=2 2 2 2 2 2 2 2 2 2 2 2 2 2 2 2 2 2 2 2 2 2 2 2 2 2 2 2 2 2
left_child=1 -1 4 9 15 8 10 -8 12 -4 11 -7 13 -5 -15 16 24 19 28 21 -21 -18 -23 -22 -2 26 -20 -28 -17 -25
right_child=2 -3 3 5 -6 6 7 -9 -10 -11 -12 -13 -14 14 -16 18 17 -19 25 20 23 22 -24 29 -26 -27 27 -29 -30 -31
leaf_value=-0.00050823187991395956 -0.00064872577159315326 6.2216726296041377e-05 -2.6446387541402551e-05 -5.9841587047840263e-05 0.0014535006436633595 0.00026502506075635205 -0.0002969887760325474 8.257539129386538e-05 -0.00032945365241697781 -0.00031726602069453855 -9.1277439951148456e-05 0.0024787259143100094 -6.78320475508809e-05 0.0016497639224000882 0.00015816626451584659 -0.0011996012737089863 0.001117722162715773 -4.1415807093914131e-05 -4.8256821924152694e-05 -3.9874010564955321e-05 0.0049007936267457773 0.00033173791544273694 -0.0013043781638512387 7.6661487063076073e-06 2.7236263828997465e-05 -5.1929215871504568e-05 0.00054534099974219436 0.00019978990635894647 -7.7805805704653932e-05 0.0013860270523171085
leaf_weight=52 158 46 189 100 52 61 89 1459 67 300 40 47 2746 65 45 119 45 273 112 107 46 42 43 49 4010 1630 63 123 72 312
leaf_count=52 158 46 189 100 52 61 89 1459 67 300 40 47 2746 65 45 119 45 273 112 107 46 42 43 49 4010 1630 63 123 72 312
internal_value=-3.97994e-05 -0.0111111 4.81348e-05 -0.00111346 0.000881907 -0.000370763 0.0023571 0.00103292 -0.00190146 -0.00826531 0.0161074 0.0229358 -0.00145418 0.00758294 0.0189189 0.0007356 0.00175973 0.00866013 -0.0017217 0.0131783 0.0170874 -0.00229008 -0.0133721 0.0219363 0.000239866 -0.000362882 0.00702341 0.0144385 -0.0153646 0.0189227
internal_weight=12562 98 12464 5208 7256 4719 1696 1548 3023 489 148 108 2956 210 110 7204 5085 917 2119 644 514 130 85 407 4168 1928 298 186 191 361
internal_count=12562 98 12464 5208 7256 4719 1696 1548 3023 489 148 108 2956 210 110 7204 5085 917 2119 644 514 130 85 407 4168 1928 298 186 191 361
is_linear=0
shrinkage=0.05


Tree=247
num_leaves=31
num_cat=0
split_feature=7 7 7 9 9 9 6 9 9 0 6 7 7 4 4 3 4 7 9 5 0 9 7 0 9 5 4 9 7 0
split_gain=4.75862 9.18912 4.52505 3.94008 15.0083 9.32785 14.6122 7.92869 11.549 10.677 7.19745 6.54462 9.39828 7.2526 10.3946 14.2917 8.56785 11.967 11.8519 10.1566 6.40698 7.95447 7.83272 11.0182 8.89622 11.8272 9.99074 8.13901 7.24922 7.12582
threshold=0.99983759474438971 0.9993614236720848 0.99865421017599998 13650.320750000001 13793.843124999994 12173.294062500003 0.99349222267034787 13943.429624999999 14094.875750000001 29.144117647058827 0.96177147954086928 0.88119114410046628 0.90159200968320541 4.5000000000000009 5.5000000000000009 13.500000000000002 2.5000000000000004 0.92273069556937592 4467.2620000000015 -0.57780908558020239 9.5137254901960802 5285.7776249999997 0.8277925332691819 20.610784313725492 5569.7282499999992 -0.18492532721306487 3.5000000000000004 5706.7157499999985 0.4737060765891063 25.604901960784318
decision_type=2 2 2 2 2 2 2 2 2 2 2 2 2 2 2 2 2 2 2 2 2 2 2 2 2 2 2 2 2 2
left_child=1 2 3 5 -5 6 11 -6 -9 -10 -11 20 -13 16 -15 -16 17 -14 -18 -19 -1 29 24 -24 25 26 -23 28 -26 -22
right_child=-2 -3 -4 4 7 -7 -8 8 9 10 -12 12 13 14 15 -17 18 19 -20 -21 21 22 23 -25 27 -27 -28 -29 -30 -31
leaf_value=-0.0001470900390791636 0.00079275520075422913 -0.0009371161672498407 0.00064252506108099868 0.00085138848265348122 -0.0018110447228832317 -0.00014227359584753909 0.0031555634743676373 0.00061879061810701244 5.486840774669849e-05 -0.00096160949123758337 -7.6574856474703756e-05 -0.00078001829820118222 0.001224711987143376 -0.0009652820459496933 -0.00068831588770592038 0.0011451012698463299 0.0045363068572107645 -0.00019754841251729829 1.8795387920453323e-05 -0.00090073544579136265 0.00023783793552171475 -0.00026793083085852878 -0.00076663721185634694 -1.4156537679965721e-05 1.1629423690479036e-05 0.0010227180404828618 -0.0026210388650787435 -3.783837606424756e-06 0.00075118563369602211 0.00049873296095348518
leaf_weight=129 76 83 80 183 74 1480 40 40 1192 96 218 140 58 114 71 53 74 336 190 68 520 56 49 82 68 55 40 6750 58 102
leaf_count=129 76 83 80 183 74 1480 40 40 1192 96 218 140 58 114 71 53 74 336 190 68 520 56 49 82 68 55 40 6750 58 102
internal_value=-0.000703721 -0.00078 -0.000668438 -0.000745724 0.00141353 -0.00111544 -0.000513585 -0.000123381 0.000646412 -6.6357e-05 -0.00825397 -0.00064899 -0.00425339 -0.00248705 -0.0100418 0 0 -0.00410367 0.00716981 -0.00716049 -0.000145386 3.85555e-05 -0.000433021 -0.0125 -0.000206318 -0.0121711 -0.0226804 5.81649e-05 0.0125984 0.00545746
internal_weight=12575 12499 12416 12336 1803 10533 9053 1620 1546 1506 314 9013 1104 964 238 124 726 462 264 404 7909 7780 7158 131 7027 151 96 6876 126 622
internal_count=12575 12499 12416 12336 1803 10533 9053 1620 1546 1506 314 9013 1104 964 238 124 726 462 264 404 7909 7780 7158 131 7027 151 96 6876 126 622
is_linear=0
shrinkage=0.05


Tree=248
num_leaves=31
num_cat=0
split_feature=3 6 7 7 6 6 1 2 7 6 7 7 2 6 7 2 9 6 1 1 6 6 9 9 5 5 6 5 9 6
split_gain=3.61735 14.0263 14.9279 8.4222 6.481 10.9284 6.45969 8.9487 8.59607 7.34614 6.85426 15.8182 11.6564 8.2347 6.41833 7.21696 5.73924 10.2723 5.69324 5.02544 6.84881 4.73176 11.3255 9.48211 9.83176 9.98696 6.52012 6.00978 4.67841 19.2992
threshold=2.5000000000000004 0.98174098242282837 0.98901264295277169 0.97508442350096236 0.90803977035715633 0.86869874770991873 73.637254901960787 987.82843137254906 0.23746817830764474 0.42763731121559989 0.69056404122701587 0.46230456327903491 1000.5941176470589 -0.7444366621422277 -0.48971288843577082 985.47549019607857 5121.4499999999998 0.39629089145655322 77.87254901960786 30.519607843137262 -0.099822328936730861 0.99249573635719013 13120.487999999999 13127.677875000003 0.074116354202380205 0.022575936829235418 0.99024581825578073 1.0000000180025095e-35 10908.050874999999 0.91852788691372023
decision_type=2 2 2 2 2 2 2 2 2 2 2 2 2 2 2 2 2 2 2 2 2 2 2 2 2 2 2 2 2 2
left_child=1 2 3 4 5 6 7 -1 14 -10 11 12 13 -9 15 -8 -12 -18 -3 20 -15 26 -23 -24 25 27 28 -25 29 -2
right_child=21 18 -4 -5 -6 -7 8 10 9 -11 16 -13 -14 19 -16 -17 17 -19 -20 -21 -22 22 23 24 -26 -27 -28 -29 -30 -31
leaf_value=-0.00053487926508756782 -1.1221622670143371e-06 -0.00043573975751339222 -0.0010112413772249585 0.0027220533830195903 0.00045617397148346245 -0.00050571373653597324 0.00038192883119587685 -0.00020902576641500248 -0.00045899205815512354 0.00014728792124305836 0.0012420179820269246 0.0019810604035468971 -0.00072015461724755925 0.00074451514489555851 0.00091931897287523829 -0.00021873827821671521 -0.00086253715901725707 0.00018722558437382077 -3.8021639780660979e-05 0.0011476213844729063 -0.00020831302203784541 0.0018433995058811312 -0.00086716276011543781 1.3841468788983181e-05 0.0015332027099480784 -0.0010460643851569779 -0.0012235658597209932 0.0012122271767494421 -5.7389155238707362e-05 0.0017832057986666983
leaf_weight=71 6893 64 85 43 142 48 47 95 111 42 61 68 45 44 82 137 55 65 43 208 61 68 42 209 51 64 68 51 3507 55
leaf_count=71 6893 64 85 43 142 48 47 95 111 42 61 68 45 44 82 137 55 65 43 208 61 68 42 209 51 64 68 51 3507 55
internal_value=-7.52416e-05 0.00213226 0.00337525 0.00459327 0.00390456 0.00273973 0.00368818 0.00639535 -0.00130952 -0.0107143 0.00810811 0.0110153 0.00759912 0.0102689 0.00411985 -0.00108108 -0.000274725 -0.00661157 -0.0152778 0.014172 0.00518868 -0.000399673 0.00442387 0.00131579 0.00385638 0.000615385 -0.000622387 0.00498084 -0.000521232 0.000230249
internal_weight=12625 1617 1510 1425 1382 1240 1192 773 419 153 702 521 453 408 266 184 181 120 107 313 105 11008 485 417 375 324 10523 260 10455 6948
internal_count=12625 1617 1510 1425 1382 1240 1192 773 419 153 702 521 453 408 266 184 181 120 107 313 105 11008 485 417 375 324 10523 260 10455 6948
is_linear=0
shrinkage=0.05


Tree=249
num_leaves=31
num_cat=0
split_feature=7 0 7 1 7 7 0 7 6 1 5 7 7 1 6 9 1 4 1 7 1 1 0 5 9 0 9 8 7 1
split_gain=5.03358 10.1108 8.7181 10.0796 4.82512 8.11547 11.7576 11.1325 8.05552 9.07205 18.5549 12.987 10.4932 8.68736 8.53962 7.69459 11.7884 8.92053 8.48742 8.85916 12.6713 7.93055 7.33034 7.24746 6.07274 5.94744 14.4517 15.317 12.0683 9.47845
threshold=-0.99763297024448894 15.795098039215688 -0.99275346941927067 86.32352941176471 0.88119114410046628 0.84660111278280559 18.514705882352946 0.85784900197110281 0.83258597624099873 86.107843137254918 0.58481550752069722 0.99983759474438971 0.9993614236720848 98.009803921568633 -0.65883892954715351 13650.320750000001 36.401960784313736 5.5000000000000009 81.068627450980401 0.96522610578843548 41.656862745098046 69.941176470588246 17.481372549019614 0.58481550752069722 13504.861187500001 29.659803921568628 14691.241 -0.77245419167776552 -0.98803388382128665 75.186274509803937
decision_type=2 2 2 2 2 2 2 2 2 2 2 2 2 2 2 2 2 2 2 2 2 2 2 2 2 2 2 2 2 2
left_child=1 -1 3 -2 5 25 -7 -8 9 11 14 12 15 -12 -11 18 -17 -18 19 23 22 -22 -21 -6 -9 28 27 -27 -4 -30
right_child=2 -3 4 -5 8 6 7 24 -10 10 13 -13 -14 -15 -16 16 17 -19 -20 20 21 -23 -24 -25 -26 26 -28 -29 29 -31
leaf_value=0.00027764831853551721 0.0012243160152055671 -0.00059934462928453456 -0.0010481294361551403 -0.00067278549973116006 -0.00032450989949032452 0.0012783745844623037 0.0032469398783780191 -0.00043115706886115993 -0.00036365777415090839 0.00068948946261591232 7.6086305725450723e-05 0.00089110833723650418 -0.00091525320974135686 -0.00070159683827670247 0.0025276444955164624 0.0017226249508287329 -0.00031440040013805962 0.0014779134041817523 -0.0014372350099820354 -0.00064870503782980956 0.001181516495941462 -9.1471657459973879e-05 -1.6179978867120192e-05 -0.0013703609531962328 0.0003951716136250505 -6.361512648156431e-05 -0.00042689329312831651 0.00012820479503738991 3.7856810089270666e-05 -9.8570805564848768e-05
leaf_weight=47 120 193 72 40 499 86 44 101 112 54 429 57 71 45 40 48 166 43 66 75 175 85 150 60 69 555 202 1187 5027 2718
leaf_count=47 120 193 72 40 499 86 44 101 112 54 429 57 71 45 40 48 166 43 66 75 175 85 150 60 69 555 202 1187 5027 2718
internal_value=0.000102873 -0.00705394 0.000241994 0.0118012 8.98913e-05 0.00055158 0.00863787 0.00232558 -0.00204504 -0.00133236 0.00404218 -0.00337567 -0.00430855 0 0.0242105 -0.00332602 0.00445736 -0.000714286 -0.00513051 -0.00401914 0.000925926 0.00842912 -0.00774336 -0.00830357 -0.00350877 0.000302192 0.00277635 0.00424555 -0.000313379 -0.000122644
internal_weight=12636 240 12396 160 12236 10061 300 214 2175 2063 568 1495 1438 474 94 1367 257 209 1110 1044 485 260 225 559 170 9761 1944 1742 7817 7745
internal_count=12636 240 12396 160 12236 10061 300 214 2175 2063 568 1495 1438 474 94 1367 257 209 1110 1044 485 260 225 559 170 9761 1944 1742 7817 7745
is_linear=0
shrinkage=0.05


Tree=250
num_leaves=31
num_cat=0
split_feature=7 3 9 3 7 7 2 9 7 7 7 2 0 0 8 7 0 2 7 4 3 4 2 8 5 0 9 4 4 0
split_gain=4.22021 14.2112 11.2982 10.716 8.94746 9.14473 10.5219 18.0164 8.61572 14.1463 12.1673 9.78199 8.463 7.28943 17.5378 8.96135 7.24198 8.68573 7.15094 12.1433 8.80032 6.82568 6.02251 5.68068 5.46224 6.98912 5.86211 7.75144 6.07786 5.29444
threshold=-0.98214488425316759 16.500000000000004 7636.4835625000005 2.5000000000000004 -0.96688789938088693 -0.93545056548590078 985.47549019607857 10842.376874999996 -0.83377653105606597 -0.86976336936302323 -0.80418297442179409 993.08333333333337 24.134313725490198 10.168627450980393 0.8277910979379729 0.27074174196563189 17.936274509803926 991.2735294117648 -0.90163369914317015 5.5000000000000009 8.5000000000000018 5.5000000000000009 995.27549019607852 0.50371863418624774 0.69056404122701587 16.355882352941183 7156.0436875000014 2.5000000000000004 1.5000000000000002 26.490196078431374
decision_type=2 2 2 2 2 2 2 2 2 2 2 2 2 2 2 2 2 2 2 2 2 2 2 2 2 2 2 2 2 2
left_child=1 3 12 -1 21 6 -6 16 9 18 -10 -11 -3 14 15 -12 -8 -18 -7 20 -20 -2 -22 -13 25 -5 28 -28 -27 -19
right_child=4 2 -4 24 5 8 7 -9 10 11 13 23 -14 -15 -16 -17 17 29 19 -21 22 -23 -24 -25 -26 26 27 -29 -30 -31
leaf_value=0.00062455335715648074 0.00013863261154651237 0.0021720082800178483 -0.00024523057306029831 0.00019612469300760648 0.00029802313452031992 0.00039947330537415951 0.0004481305874407926 -0.001801635727963119 -0.00060956592279262927 0.0012113549178343565 -0.0008155207297322253 5.6353007601997467e-06 -2.4439937335513085e-05 9.344722924631288e-07 7.1799588355071783e-05 -0.00011862810023320348 2.1869067374624685e-05 -0.001049652114990772 -0.00060657463515911836 -0.0020243757791984368 -6.5269027438873142e-05 0.00077724816439256892 0.00026478332748001293 0.0011416751335633635 -0.00087705849756036032 -0.00021925786062660936 -0.00031305426306242894 -0.001534389523162505 0.00061082376706155244 -3.6387243045088445e-05
leaf_weight=74 174 64 77 40 77 288 47 61 196 94 52 109 40 10259 102 62 69 62 71 42 62 59 56 57 82 45 77 63 51 51
leaf_count=74 174 64 77 40 77 288 47 61 196 94 52 109 40 10259 102 62 69 62 71 42 62 59 56 57 82 45 77 63 51 51
internal_value=-0.000272426 -0.00431596 0.00741758 -0.00923788 -6.63845e-05 -0.000258081 -0.0080163 -0.0123711 -8.73286e-06 0.0050641 -0.000379498 0.0145594 0.0180952 -0.000147957 -0.00921659 -0.0226087 -0.00586957 -0.0103825 0.000288462 -0.00625 -0.000789474 0.00961538 0.00756303 0.00718563 -0.0128134 -0.00938628 -0.0126582 -0.0191489 -0.00309278 -0.0188596
internal_weight=12663 613 181 432 12050 11817 367 290 11450 779 10671 260 104 10475 216 114 229 182 519 231 189 233 118 166 358 276 236 140 96 113
internal_count=12663 613 181 432 12050 11817 367 290 11450 779 10671 260 104 10475 216 114 229 182 519 231 189 233 118 166 358 276 236 140 96 113
is_linear=0
shrinkage=0.05


Tree=251
num_leaves=31
num_cat=0
split_feature=1 9 1 9 0 9 1 9 5 4 9 7 3 3 6 1 6 4 0 5 1 9 6 3 3 3 3 0 5 1
split_gain=5.54705 5.1983 12.9899 16.7685 13.328 12.4312 13.2561 12.5454 11.6315 9.01533 8.80622 8.27524 6.82051 6.78953 15.4631 12.3501 11.3551 10.5282 6.43997 15.1307 14.6277 9.00265 7.28195 6.89277 6.19198 6.15987 11.398 11.1161 10.7882 6.90597
threshold=4.598039215686275 13519.3825 94.598039215686285 14695.955000000002 38.557843137254913 12098.162624999999 94.186274509803937 12057.643624999999 0.94978112945126536 1.0000000180025095e-35 14776.2090625 -0.9998468409516591 11.500000000000002 8.5000000000000018 0.97832380634958016 79.598039215686285 0.95436825032516992 2.5000000000000004 18.446078431372552 -0.45274443793211405 79.362745098039241 13504.861187500001 0.99445195900249039 13.500000000000002 3.5000000000000004 15.500000000000002 10.500000000000002 18.171568627450984 0.82414472752956958 82.245098039215705
decision_type=2 2 2 2 2 2 2 2 2 2 2 2 2 2 2 2 2 2 2 2 2 2 2 2 2 2 2 2 2 2
left_child=-1 5 3 8 13 7 18 11 25 -8 -4 -2 -9 14 16 -15 24 -17 19 -7 22 -20 -21 -23 -5 26 28 -28 29 -3
right_child=1 2 10 4 -6 6 9 12 -10 -11 -12 -13 -14 15 -16 17 -18 -19 21 20 -22 23 -24 -25 -26 -27 27 -29 -30 -31
leaf_value=0.00048215232169889074 -0.00087387030590687926 -2.9252399256246564e-05 -0.00055047670304290139 0.00020945828743602104 -0.001364444932437664 0.00066461935371231885 0.0013067848833593133 0.0019651593080206586 -0.0016562544729066932 3.9602466844090856e-05 0.00081632186185865438 -9.1707801345153328e-06 0.00014484870164248599 -1.8607501728662434e-05 -0.00079442977704465641 -7.5270145682773681e-05 0.00044267631614963547 0.0012611994493204708 -0.00041752004739298298 -7.3518566538409444e-05 -0.00046837887112883214 0.00086415530345261289 0.0008281171129284851 -0.00028750040357914953 -0.00063917982743623913 0.00052976419743865912 0.00014750459939078255 -0.00060960533563916429 0.002163514303469716 0.00039461844272450919
leaf_weight=48 41 149 229 44 60 51 41 48 41 156 61 9096 53 301 72 40 72 70 915 126 50 44 40 49 55 305 42 151 45 215
leaf_count=48 41 149 229 44 60 51 41 48 41 156 61 9096 53 301 72 40 72 70 915 126 50 44 40 49 55 305 42 151 45 215
internal_value=-0.000464165 -0.000529101 0.00184332 0.00354781 -0.00223776 -0.000961628 -0.00522743 -0.000281416 0.00790306 0.00681818 -0.00790378 -0.000476034 0.0171569 -0.000152672 -0.0067623 0.00376214 0.00145349 0.018018 -0.00709248 -0.000186567 -0.00599078 -0.00891972 0.0011976 0.00585106 -0.0095 0.0090859 0.00613599 -0.00386598 0.0108537 0.00794521
internal_weight=12710 12662 1952 1662 714 10710 1472 9238 948 197 290 9137 101 654 243 411 171 110 1275 267 216 1008 166 93 99 907 602 193 409 364
internal_count=12710 12662 1952 1662 714 10710 1472 9238 948 197 290 9137 101 654 243 411 171 110 1275 267 216 1008 166 93 99 907 602 193 409 364
is_linear=0
shrinkage=0.05


Tree=252
num_leaves=31
num_cat=0
split_feature=7 7 3 2 5 9 8 8 6 4 2 6 6 6 4 2 3 6 6 6 6 8 4 4 9 3 5 9 7 3
split_gain=4.99239 5.50723 4.04755 3.89725 9.14957 6.62043 6.12635 9.51923 7.40469 7.40337 7.27662 6.65339 6.09683 23.6482 13.8993 12.0164 11.0425 6.7872 7.04714 8.41039 6.14147 9.37611 11.2791 11.5778 12.8849 11.5037 11.079 10.9337 10.1495 9.11458
threshold=0.99983759474438971 0.9993614236720848 10.500000000000002 1005.1392156862747 -0.099819732675876835 15561.89825 0.98005052076767474 0.9899370942838045 -0.99168640063982161 2.5000000000000004 991.69411764705899 0.99855310097228334 -0.96904977397942549 -0.95998493203694346 5.5000000000000009 995.73039215686288 14.500000000000002 -0.93845867424155849 -0.93237865822738086 -0.9260227363677036 -0.59177783207548873 -0.24372464231556024 5.5000000000000009 4.5000000000000009 6114.3703124999984 15.500000000000002 0.39036257410962044 6536.1293125000002 -0.99275346941927067 12.500000000000002
decision_type=2 2 2 2 2 2 2 2 2 2 2 2 2 2 2 2 2 2 2 2 2 2 2 2 2 2 2 2 2 2
left_child=1 3 -3 5 -5 6 8 9 -1 -8 11 -9 14 -14 15 16 -10 -15 -19 -20 21 29 23 24 -23 26 -24 -25 -26 -21
right_child=-2 2 -4 4 -6 -7 7 10 12 -11 -12 -13 13 17 -16 -17 -18 18 19 20 -22 22 25 27 28 -27 -28 -29 -30 -31
leaf_value=-0.0013078909360169533 0.00079604081235924164 -3.1791485534021782e-05 -0.0016703263387401357 0.00068466465617658678 -0.00023922261224863621 0.00034037241524323972 -0.00062577074175301783 -0.00082863056571121649 0.0025401066732607669 0.0012924207139816124 9.9498466405704641e-05 0.00042305022966708516 -0.00079002340434571885 0.00086618802657718321 -0.001220979398403349 -0.0002720852332451229 0.00087404583598263907 -0.001872375504814243 0.0015118484130401566 -0.0013653017632453636 4.4483481471013777e-06 0.00029301429420504484 -0.00058157041931606874 -0.0012081005573061133 0.00058175656113251264 0.0013937342201803095 0.00060012872733627434 -5.5019978361212089e-05 -0.00029792945683453781 -1.7778311966393234e-05
leaf_weight=57 80 41 45 63 186 143 40 57 105 107 365 55 115 224 58 65 86 54 53 55 8887 544 95 116 100 82 67 132 532 40
leaf_count=57 80 41 45 63 186 143 40 57 105 107 365 55 115 224 58 65 86 54 53 55 8887 544 95 116 100 82 67 132 532 40
internal_value=-2.7668e-05 -0.000107399 -0.0126437 -2.00256e-05 -0.0062 0.000106253 -2.06748e-05 0.0048 -0.000283397 0.0158784 0.00135983 -0.00973451 -0.000192796 -0.000387492 0.00666667 0.0116732 0.0179688 -0.000150246 -0.000329987 -0.000238229 -0.000337996 -0.00303288 -0.00215698 -0.00385965 -0.0017842 0.0077551 0 -0.0136546 -0.00663507 -0.0182292
internal_weight=12649 12569 86 12483 249 12234 12091 624 11467 147 477 112 11410 11096 314 256 191 10981 10757 10703 10650 1763 1668 1424 1176 244 162 248 632 95
internal_count=12649 12569 86 12483 249 12234 12091 624 11467 147 477 112 11410 11096 314 256 191 10981 10757 10703 10650 1763 1668 1424 1176 244 162 248 632 95
is_linear=0
shrinkage=0.05


Tree=253
num_leaves=31
num_cat=0
split_feature=6 6 7 7 7 1 7 2 2 6 7 7 6 6 1 4 4 9 9 4 3 1 1 1 9 9 2 4 1 1
split_gain=4.84779 4.63018 4.04363 5.64533 6.78437 15.7406 8.4386 6.76525 17.1689 11.0897 7.41462 4.58466 3.71792 3.80317 3.63439 3.56159 3.04826 2.89323 6.22605 10.6268 6.87672 6.4361 10.6371 6.49033 5.89264 9.97053 8.67673 12.358 10.5545 13.916
threshold=-0.99966479353140603 -0.99864786094873803 0.99994162507853945 0.99274428880883148 0.98901264295277169 37.578431372549026 0.98702314536340274 985.30980392156869 989.9950980392158 0.71353761266622884 0.99463153969809781 0.9993614236720848 -0.99465740988130902 -0.99168640063982161 57.382352941176478 1.5000000000000002 3.5000000000000004 13650.320750000001 14094.875750000001 3.5000000000000004 15.500000000000002 22.774509803921571 29.323529411764707 8.8529411764705905 12173.294062500003 12057.643624999999 997.91764705882372 4.5000000000000009 53.421568627450988 21.519607843137262
decision_type=2 2 2 2 2 2 2 2 2 2 2 2 2 2 2 2 2 2 2 2 2 2 2 2 2 2 2 2 2 2
left_child=-1 -2 3 4 6 -6 12 -5 15 10 -10 16 14 -14 -3 -9 -12 24 19 20 -19 23 -23 -20 25 -15 28 -28 29 -26
right_child=1 2 -4 7 5 -7 -8 8 9 -11 11 -13 13 17 -16 -17 -18 18 21 -21 -22 22 -24 -25 26 -27 27 -29 -30 -31
leaf_value=0.00090792609521314909 -0.00037762890750662472 -2.7620840010553899e-05 0.0015462799341932289 0.0001524011544711601 -0.00047999028918530029 0.0011088716586149497 -0.0022336040439747866 -0.00036541685134564017 -0.001683643101407545 -0.00056815636721326555 0.00016247067969185798 -0.00010815177460275077 -0.001242496389216108 3.0953508949327357e-06 0.00050393287220139586 -0.0037696122310322214 0.0015574135270605236 0.00048470504174393805 -0.00010993597278750774 -0.00012558634037560524 0.0012289105552547031 -0.00069797539027506301 1.3799464906019689e-05 0.00017305469428237493 5.3078426107100453e-05 0.00080480547256163719 -0.00012952128160679811 0.0014596455207986456 -8.686830238533034e-05 -0.00094276362738337648
leaf_weight=59 61 44 41 87 41 80 80 75 41 61 68 66 59 8349 71 47 60 115 48 119 61 57 1175 130 82 93 95 64 1013 181
leaf_count=59 61 44 41 87 41 80 80 75 41 61 68 66 59 8349 71 47 60 115 48 119 61 57 1175 130 82 93 95 64 1013 181
internal_value=-1.18821e-05 -7.95862e-05 -1.19962e-05 -6.419e-05 0.000154708 0.0118852 3.37923e-05 -0.00523715 -0.00787589 -0.0013468 0.00360169 0.00769231 0.000144595 5.58323e-05 0.00905172 -0.0235772 0.0131783 0.000120867 0.00202227 0.00861486 0.0163842 0.000637845 -0.000648824 0.00949721 -0.000207532 0.000296103 -0.00316852 0.0078125 -0.0045419 -0.013447
internal_weight=12623 12564 12503 12462 11957 121 11836 505 418 296 235 194 11756 11641 115 122 128 11582 1705 295 176 1410 1232 178 9877 8442 1435 159 1276 263
internal_count=12623 12564 12503 12462 11957 121 11836 505 418 296 235 194 11756 11641 115 122 128 11582 1705 295 176 1410 1232 178 9877 8442 1435 159 1276 263
is_linear=0
shrinkage=0.05


Tree=254
num_leaves=31
num_cat=0
split_feature=1 8 7 0 1 2 0 0 0 2 4 1 7 5 6 6 8 2 5 1 6 6 2 5 2 2 0 1 5 1
split_gain=4.8151 7.70201 4.70424 10.4723 4.38235 4.119 7.29678 7.17713 10.3781 6.18249 5.96222 7.55051 7.04049 8.98298 3.67373 3.64292 11.2134 11.619 11.4722 10.5543 9.55091 9.93045 8.97559 15.8763 8.51518 7.74613 7.35766 7.42874 7.24789 7.33559
threshold=8.8529411764705905 -0.48314634702607501 -0.998663445439673 16.440196078431374 5.5882352941176476 1002.4647058823531 8.5245098039215694 13.501960784313729 15.624509803921571 1001.8931372549021 1.5000000000000002 63.323529411764717 0.49253244405029933 -0.92274349529687905 -0.099822328936730861 -0.27694043983797384 -0.61236746317008228 991.81666666666672 0.84313847884979054 53.852941176470594 -0.25206183926700709 -0.23537842981696178 993.08333333333337 -0.92923668111203805 993.45196078431388 991.76274509803932 17.72058823529412 83.931372549019628 0.81428061195174062 72.441176470588246
decision_type=2 2 2 2 2 2 2 2 2 2 2 2 2 2 2 2 2 2 2 2 2 2 2 2 2 2 2 2 2 2
left_child=1 14 3 -2 -3 6 -4 -7 -9 15 -10 12 13 -12 -1 16 17 19 28 -8 -17 -22 23 -19 25 -20 -21 -28 29 -18
right_child=2 4 5 -5 -6 7 9 8 10 -11 11 -13 -14 -15 -16 20 18 22 24 26 21 -23 -24 -25 -26 -27 27 -29 -30 -31
leaf_value=0.00039284435280492194 0.00028742386478040893 -9.6246865047541766e-06 -0.00016034231286418538 -0.00077040737373746261 -0.00041228656582733837 7.6117289138395372e-05 0.0039070771580665409 -0.00046911236422222252 0.00013877781292548908 0.00056694222671425931 -6.1907890704215871e-05 0.00033998758000147733 1.1022108917397439e-05 -0.001367055699100392 -0.00015018478584503671 0.00051062295221087077 4.8977561752741595e-05 -0.00016187412909945964 0.0016037524818250605 0.0018834967362810276 -0.00076548784014907891 2.6880949151535454e-05 -0.00044924657430159 -0.0024470867157938368 -0.00016544951556757561 0.0017427255538218585 -0.0010830641668479496 0.00026321933642666498 -0.00058331902885937485 -0.00013849807814248494
leaf_weight=59 45 67 63 116 120 81 40 54 81 79 41 71 68 77 58 94 2324 48 79 40 69 7218 305 64 43 42 177 85 54 798
leaf_count=59 45 67 63 116 120 81 40 54 81 79 41 71 68 77 58 94 2324 48 79 40 69 7218 305 64 43 42 177 85 54 798
internal_value=-2.38834e-05 -0.00622951 0.000130538 -0.00833333 -0.0125 0.000243882 0.000430182 -0.00432489 -0.00712468 0.000523356 -0.00383481 -0.00755814 -0.0128342 -0.0201681 0.00381356 0.000426792 -0.000768293 -0.00625 0.000478899 0.00058309 0.00109049 0.000885016 -0.0118421 -0.0238938 0.0133333 0.020082 -0.00264026 -0.00570342 -0.000188857 0.000128082
internal_weight=12560 304 12256 161 187 12095 11622 473 392 11559 338 257 186 118 117 11480 4099 759 3340 342 7381 7287 417 112 164 121 302 262 3176 3122
internal_count=12560 304 12256 161 187 12095 11622 473 392 11559 338 257 186 118 117 11480 4099 759 3340 342 7381 7287 417 112 164 121 302 262 3176 3122
is_linear=0
shrinkage=0.05


Tree=255
num_leaves=31
num_cat=0
split_feature=3 0 9 5 5 1 3 7 4 7 1 5 5 1 3 5 5 3 9 3 0 7 5 9 9 4 1 1 4 7
split_gain=4.52884 7.25386 19.9087 12.2353 9.86124 13.0267 6.79674 6.56498 16.28 14.2737 6.89743 6.27564 6.47837 9.55038 12.939 9.9168 8.80435 7.91379 7.3839 8.21434 10.813 7.29162 6.18408 5.97192 10.352 8.51729 8.19856 11.8249 6.93503 5.33743
threshold=11.500000000000002 29.659803921568628 14189.140124999985 0.12545942051955489 -0.94139628442229062 67.735294117647072 18.500000000000004 -0.97509344079810367 5.5000000000000009 -0.96688789938088693 86.931372549019628 -0.89406062840022227 -0.099819732675876835 82.735294117647072 14.500000000000002 -0.61237985104942771 0.52766072109828632 20.500000000000004 9623.6006875000003 17.500000000000004 34.207843137254905 -0.75015329512557194 -0.98803845231459242 14620.601500000001 14768.196750000001 3.5000000000000004 62.323529411764717 40.617647058823536 3.5000000000000004 0.91593490216309192
decision_type=2 2 2 2 2 2 2 2 2 2 2 2 2 2 2 2 2 2 2 2 2 2 2 2 2 2 2 2 2 2
left_child=7 23 4 6 5 -3 -4 8 10 -9 -1 -6 13 15 -15 -13 17 -14 -18 20 -20 -16 -7 -2 25 -25 27 28 -26 -11
right_child=1 2 3 -5 11 22 -8 9 -10 29 -12 12 16 14 21 -17 18 -19 19 -21 -22 -23 -24 24 26 -27 -28 -29 -30 -31
leaf_value=-0.00059729997074784444 -0.00011540689292230955 0.00014678732764284997 0.00076237742236935364 -0.0056127483579488302 0.00053002606326170161 -5.5059647240562892e-05 -0.00073487974893474703 0.0021243241053987894 0.00061775617203519155 4.1847577649169188e-05 1.6348474068939022e-05 0.00074518707906556791 0.00074108145232264504 0.00010874952086205037 -0.00019797773654572914 -3.1772035858590457e-05 0.00061063884161816073 -8.7924283677934259e-05 -0.0017089359735760813 0.00064120760536461323 0.00027816204283448442 -0.00073069276169960293 -0.0010489210610742595 0.000676485893285506 0.0001586937528439983 4.5843734451597733e-05 0.00019527186257292108 -0.00051486980675431726 -0.00040707124386378735 -7.7813212420276012e-05
leaf_weight=251 4647 65 45 40 61 49 41 61 49 4929 81 82 150 51 76 73 97 40 97 113 63 44 65 54 66 48 149 43 55 910
leaf_count=251 4647 65 45 40 61 49 41 61 49 4929 81 82 150 51 76 73 97 40 97 113 63 44 65 54 66 48 149 43 55 910
internal_value=-0.000226262 -0.00117181 0.00223464 -0.0165354 0.00434783 -0.00638889 -0.00574713 0.000724292 -0.00562827 0.0011354 -0.00960961 0.00638186 0.00529876 -0.00030581 -0.00843023 0.00865385 0.00855615 0.0172775 0.00404313 -0.000182482 -0.00745342 -0.0173554 -0.0165217 -0.00201462 0.00372596 0.0174757 -0.000796178 -0.00848485 -0.000409836 0.000881849
internal_weight=12595 6314 1252 126 1126 179 86 6281 381 5900 332 947 886 326 171 155 560 190 370 273 160 120 114 5062 415 102 313 164 121 5839
internal_count=12595 6314 1252 126 1126 179 86 6281 381 5900 332 947 886 326 171 155 560 190 370 273 160 120 114 5062 415 102 313 164 121 5839
is_linear=0
shrinkage=0.05


Tree=256
num_leaves=31
num_cat=0
split_feature=9 0 5 5 1 1 0 0 9 1 4 9 1 2 2 6 2 8 6 4 6 2 4 8 1 6 6 4 1 4
split_gain=3.5281 6.96415 10.0298 30.3526 7.34338 13.5338 7.95707 7.17057 6.11853 12.3257 13.4091 10.8466 7.80613 6.64008 5.72541 5.68051 9.75933 10.0833 11.2873 14.9232 11.1387 10.273 9.51073 6.97341 17.4731 11.851 11.4187 9.37316 8.89835 11.4106
threshold=5121.4499999999998 19.409803921568628 -0.36647417525074694 -0.65882179392489248 81.813725490196092 64.343137254901976 26.016666666666669 22.630392156862751 4616.411750000002 32.382352941176478 2.5000000000000004 4577.2022500000021 54.323529411764717 991.98725490196091 991.12352941176471 -0.27694043983797384 999.42156862745117 -0.6391983530350368 -0.38243420677835349 4.5000000000000009 -0.53495380374625956 992.80784313725496 5.5000000000000009 0.65720762023595369 72.441176470588246 -0.88220415136009767 -0.91939278948206182 5.5000000000000009 45.774509803921575 1.0000000180025095e-35
decision_type=2 2 2 2 2 2 2 2 2 2 2 2 2 2 2 2 2 2 2 2 2 2 2 2 2 2 2 2 2 2
left_child=1 8 3 4 5 6 7 -3 11 -10 13 14 -12 -11 -1 16 17 18 19 -2 23 -22 -20 25 26 -19 27 -25 29 -27
right_child=15 2 -4 -5 -6 -7 -8 -9 9 10 12 -13 -14 -15 -16 -17 -18 20 22 -21 21 -23 -24 24 -26 28 -28 -29 -30 -31
leaf_value=0.00049985963124093427 -0.0022120704990358591 0.0014507568602934008 -0.0037169363630345179 0.0076967121974224704 0.00070672988735575042 -0.00043263520268425339 -0.00012738664941434609 0.0040650422249768562 0.0010081837654773052 -7.9368302019262873e-05 -0.00075514998633062079 -0.0039396351947271176 0.00063617773256934788 -0.00053683690139277038 -0.00032213500227697427 1.6940661858189098e-05 -0.00075561820367891499 -0.00098896524321681069 -3.9085519653037083e-07 -0.00069582704245633737 0.0006671158122432242 -9.6079216812107465e-05 -0.0018914997889701969 0.00027673385274107901 -0.00046865575753112583 0.0012086930084833803 0.0020882217677130137 -0.00082396530928842903 7.0282371796379087e-05 -0.00048518211682300197
leaf_weight=71 42 75 41 64 45 132 48 41 65 78 50 49 176 60 159 8269 103 131 353 97 178 136 55 659 164 43 42 80 640 420
leaf_count=71 42 75 41 64 45 132 48 41 65 78 50 49 176 60 159 8269 103 131 353 97 178 136 55 659 164 43 42 80 640 420
internal_value=0.000310337 0.00294372 0.00782998 0.0102217 0.00423977 0.0013468 0.0109091 0.0179487 -0.000141044 0.00360465 0 -0.00589286 0.00748899 -0.0122302 -0.0012987 4.38097e-05 -0.00176527 -0.00124959 -0.00739051 -0.0196429 0.000100241 0.00888889 -0.00317848 -0.00116972 0.00206131 -0.00364372 0.00517903 0.00371622 -0.00194746 -0.00721983
internal_weight=12566 1154 446 405 341 296 164 116 708 429 364 279 226 138 230 11412 3143 3040 547 139 2493 314 408 2179 945 1234 781 739 1103 463
internal_count=12566 1154 446 405 341 296 164 116 708 429 364 279 226 138 230 11412 3143 3040 547 139 2493 314 408 2179 945 1234 781 739 1103 463
is_linear=0
shrinkage=0.05


Tree=257
num_leaves=31
num_cat=0
split_feature=7 7 9 3 4 1 4 0 7 5 0 4 5 3 7 0 1 3 9 0 0 1 1 0 0 7 1 1 6 5
split_gain=5.06746 9.61015 8.49198 10.8805 10.1043 8.23483 7.35924 12.9412 7.63725 6.99431 6.9146 5.89271 5.34342 10.5162 4.88099 4.81006 7.06131 5.86806 4.73177 8.35247 6.24225 3.82267 3.49116 7.41743 4.43968 5.35084 3.01666 6.54799 9.72652 5.37405
threshold=-0.93545056548590078 -0.96688789938088693 12173.294062500003 16.500000000000004 5.5000000000000009 86.32352941176471 4.5000000000000009 19.485294117647062 -0.95244167294248061 0.70290292807158605 20.318627450980397 2.5000000000000004 -0.72696319516528884 9.5000000000000018 -0.92923668111203805 25.914705882352944 85.480392156862749 8.5000000000000018 7636.4835625000005 22.006862745098044 23.264705882352946 68.127450980392169 8.8529411764705905 26.590196078431379 21.922549019607846 0.55120426863728689 74.186274509803937 73.333333333333357 -0.11692317777808843 0.71503381463111937
decision_type=2 2 2 2 2 2 2 2 2 2 2 2 2 2 2 2 2 2 2 2 2 2 2 2 2 2 2 2 2 2
left_child=1 2 3 4 9 6 7 -3 -9 12 -4 -12 13 -1 -2 16 17 -14 19 -5 -20 -6 23 24 25 -16 27 -24 -29 -28
right_child=14 5 10 18 21 -7 -8 8 -10 -11 11 -13 15 -15 22 -17 -18 -19 20 -21 -22 -23 26 -25 -26 -27 29 28 -30 -31
leaf_value=5.9341176808413999e-05 0.0014452360235493568 0.00020658974551929639 0.00013806633873734571 0.00193708668042481 1.5405091783661508e-05 2.4166900737632171e-05 -0.00077074679718711634 -0.00033745269450508042 -0.0010577227917494771 -0.0010079674565638054 -0.00024721984384199483 -0.0017930054264411605 -0.00031795600850870052 -0.00080782408398410099 2.0522094997360575e-05 -7.872309362755292e-05 0.0012478452560416909 0.00063944019900645391 -0.00055091625441265613 0.00019482369183941863 0.0012858255713616318 0.0012045902993141388 1.9447386538817141e-05 0.00056218740515555918 -0.0016454491934889959 -0.00032464151698480829 -4.4770663233428823e-05 -0.0001598408111697064 0.0010765713557723932 9.2343194880782634e-05
leaf_weight=70 64 76 42 59 40 71 50 63 85 90 47 43 71 45 134 64 51 47 42 72 41 43 6238 42 61 56 3547 68 66 1156
leaf_count=70 64 76 42 59 40 71 50 63 85 90 47 43 71 45 134 64 51 47 42 72 41 43 6238 42 61 56 3547 68 66 1156
internal_value=-0.000142349 -0.00321517 -0.000403226 0.00169837 -0.00220307 -0.0102601 -0.0141818 -0.0102222 -0.0187919 -0.00523918 -0.0120301 -0.0197802 -0.00200573 -0.0107759 0.000183679 0.00235043 0.00676471 0 0.0111628 0.0170455 0.00178571 0.0136905 0.00010555 -0.00527211 -0.00853175 -0.00471204 0.000248285 0.000957163 0.0118519 -0.00071216
internal_weight=12644 1212 867 735 521 345 274 224 148 438 132 90 348 115 11432 233 169 118 214 131 83 83 11368 293 251 190 11075 6372 134 4703
internal_count=12644 1212 867 735 521 345 274 224 148 438 132 90 348 115 11432 233 169 118 214 131 83 83 11368 293 251 190 11075 6372 134 4703
is_linear=0
shrinkage=0.05


Tree=258
num_leaves=31
num_cat=0
split_feature=7 6 6 3 6 2 1 3 6 6 2 5 1 1 9 2 9 2 1 9 1 4 3 2 9 9 6 2 7 2
split_gain=6.04237 4.18924 11.8547 6.69782 11.8895 6.93501 7.20937 8.12284 6.7821 10.7908 8.60104 6.25702 9.3517 11.7256 6.48237 6.28201 9.94125 5.1533 4.43654 4.41742 12.9436 10.6121 9.53537 9.18393 8.59792 8.24154 11.6337 9.80654 8.49517 8.55664
threshold=0.99994162507853945 0.97263757644091875 0.97062204580664158 6.5000000000000009 0.99855310097228334 982.7735294117648 30.519607843137262 16.500000000000004 0.98005052076767474 0.99445195900249039 993.08333333333337 0.10837544681456425 61.500000000000007 78.833333333333357 13127.677875000003 997.49313725490208 13120.487999999999 991.81666666666672 93.990196078431396 13650.320750000001 93.990196078431396 4.5000000000000009 9.5000000000000018 1001.0558823529414 14281.821437500001 12007.490437500001 0.8852232634113919 984.37352941176482 -0.95753797188986722 997.91764705882372
decision_type=2 2 2 2 2 2 2 2 2 2 2 2 2 2 2 2 2 2 2 2 2 2 2 2 2 2 2 2 2 2
left_child=1 2 19 4 8 18 7 -7 -3 10 -10 12 15 -14 -13 16 -8 -15 -5 23 24 22 -22 25 -21 -1 28 -28 -27 -30
right_child=-2 3 -4 5 -6 6 11 -9 9 -11 -12 14 13 17 -16 -17 -18 -19 -20 20 21 -23 -24 -25 -26 26 27 -29 29 -31
leaf_value=1.503821419919782e-05 0.0016746265111223957 0.0013819122652414071 -0.00046188540508917064 -0.0001795347336968012 -0.00040493093685103345 -0.00028793357651824838 0.0006504254452973147 0.00026161444359574935 -2.210255677638773e-05 9.5731351092098044e-05 -0.001154572058630604 0.00037030609871850921 -0.00089247238354864819 -6.6247346530753926e-05 0.0018827035476516542 0.00076289633666789852 -0.00080078687326203132 0.00045318755409951288 0.00029875608938708114 0.00053305072467819687 0.00081600688251705085 -0.0018966487094589368 -0.00037652214646794472 -0.00019537948983489874 6.2208506020031146e-05 -0.00021778119855712653 -0.00011584309498482438 -0.0018296652698123216 -1.4147929041441466e-05 0.00059258800088916777
leaf_weight=8366 40 44 40 40 72 83 41 60 82 72 40 47 71 66 77 72 46 108 43 351 69 54 93 356 729 255 110 124 903 66
leaf_count=8366 40 44 40 40 72 83 41 60 82 72 40 47 71 66 77 72 46 108 43 351 69 54 93 356 729 255 110 124 903 66
internal_value=0.000348625 0.000286146 8.68282e-06 0.00328638 -0.00289389 0.00582781 0.00751488 -0.00243056 0.00251046 -0.00153846 -0.0105691 0.0102079 0.00716049 0.00101626 0.02 0.0165625 0.00738636 0.008 -0.0077381 0.000104557 0.00285274 -0.00829493 -0.00184049 -0.000245555 0.00508788 4.07125e-05 -0.003427 -0.013617 -0.00146939 0.000670103
internal_weight=12620 12580 11516 1064 310 754 671 143 238 194 122 528 404 245 124 159 87 174 83 11476 1296 216 162 10180 1080 9824 1458 234 1224 969
internal_count=12620 12580 11516 1064 310 754 671 143 238 194 122 528 404 245 124 159 87 174 83 11476 1296 216 162 10180 1080 9824 1458 234 1224 969
is_linear=0
shrinkage=0.05


Tree=259
num_leaves=31
num_cat=0
split_feature=7 3 0 3 8 3 8 7 2 8 2 0 2 5 7 7 2 6 2 6 8 6 5 6 6 4 2 3 6 3
split_gain=6.82575 11.7126 8.00406 6.78567 8.54711 15.051 14.6108 13.5093 12.1183 12.9894 18.1736 11.4081 9.1576 8.62277 8.24978 8.2183 8.05059 8.99515 13.981 13.6577 7.82571 7.44585 6.84083 6.10107 15.7609 9.46149 13.3725 17.0253 12.0149 9.63564
threshold=-0.998663445439673 16.500000000000004 19.633333333333336 11.500000000000002 0.63089349388778826 8.5000000000000018 0.57605713708605399 0.067682722635586057 996.74803921568639 0.90438663683299525 1004.7049019607845 24.134313725490198 1002.8539215686276 -0.27694604220087021 -0.57078386445773377 0.78725952717486247 971.74607843137267 0.86004965528756494 983.26176470588246 0.84658398682345093 0.94910885063987094 -0.93237865822738086 -0.32614396506100213 -0.73284120334876357 -0.64580103137750788 5.5000000000000009 996.50686274509815 16.500000000000004 -0.80926783187727869 15.500000000000002
decision_type=2 2 2 2 2 2 2 2 2 2 2 2 2 2 2 2 2 2 2 2 2 2 2 2 2 2 2 2 2 2
left_child=1 2 -1 4 6 8 12 20 14 10 13 -11 16 -10 22 -8 -2 19 -19 -18 -7 -9 -6 25 -25 28 27 -27 29 -5
right_child=3 -3 -4 23 5 7 15 21 9 11 -12 -13 -14 -15 -16 -17 17 18 -20 -21 -22 -23 -24 24 -26 26 -28 -29 -30 -31
leaf_value=-6.6386119017639031e-05 -8.7757423100692794e-05 0.00044445997248330484 -0.0012275251236370452 0.00013432888964339806 0.0001190323487442746 0.00055183574777247673 -0.0018303863630476994 -0.00034914892176495242 8.8588281328356999e-05 -0.00059603599491505764 0.0013512841434629595 0.00024077736788040427 -0.00091904407511199111 -0.00061796850145929389 0.0001131229822299365 -0.0001657211929668251 3.6376627509970837e-05 -0.00030968277469648202 0.0023233369592389141 -0.0010454018665640829 0.0010182050822359374 0.00023796328124134488 0.0010985501196468753 0.0010951178898990972 -1.9058472520183669e-05 -0.00074805553584699348 0.0031892250963610775 0.00079894188732239639 -0.00068913889181327357 -0.00026932896939675102
leaf_weight=62 86 45 62 269 63 116 77 71 63 128 47 58 91 62 744 60 4120 41 77 59 83 138 59 164 4923 50 40 75 167 530
leaf_count=62 86 45 62 269 63 116 77 71 63 128 47 58 91 62 744 60 4120 41 77 59 83 138 59 164 4923 50 40 75 167 530
internal_value=0.000245428 -0.00970588 -0.0176 0.000381159 0.00154548 0.00465401 0.000444493 0.0129584 0.00187755 -0.00584958 0.00404624 -0.0149733 0.000938547 -0.00595238 0.00507497 -0.0155797 0.00126597 0.0015705 0.0151261 0.00118421 0.02225 0.00404762 0.0170732 -0.000787908 -4.91352e-05 -0.00410777 0.00692771 -0.00119048 -0.00599793 -0.0034375
internal_weight=12630 169 124 12461 6243 1632 4611 408 1224 358 172 186 4474 125 866 137 4383 4297 118 4179 199 209 122 6218 5087 1131 165 125 966 799
internal_count=12630 169 124 12461 6243 1632 4611 408 1224 358 172 186 4474 125 866 137 4383 4297 118 4179 199 209 122 6218 5087 1131 165 125 966 799
is_linear=0
shrinkage=0.05


Tree=260
num_leaves=31
num_cat=0
split_feature=7 6 8 6 0 0 7 7 0 2 7 2 0 7 6 6 8 8 7 7 0 7 7 8 3 6 7 2 7 0
split_gain=5.07156 9.19188 4.57394 7.00466 4.27071 3.75373 7.72813 7.33905 13.3554 14.8434 16.8108 12.4713 13.8909 12.0682 11.9337 11.7528 9.19669 8.754 9.41826 10.7376 7.68873 7.41087 9.89058 9.52779 7.15921 7.01573 6.85213 9.47156 7.31037 7.24826
threshold=-0.998663445439673 0.70747208174348741 0.9999398912535008 0.99981043035926087 20.826470588235299 19.014705882352946 0.99865421017599998 0.95239763423914636 17.860784313725492 998.21078431372564 -0.90893575921103265 994.77745098039225 17.481372549019614 0.90159200968320541 0.98486764554468398 0.95936279103287792 -0.084834093387464782 -0.97507822412530132 0.88119114410046628 0.85223490906209554 16.177450980392162 -0.0053757035942445328 0.4737060765891063 -0.72696193466471681 8.5000000000000018 0.86439018870140905 -0.95753797188986722 991.04313725490204 -0.98214488425316759 17.567647058823535
decision_type=2 2 2 2 2 2 2 2 2 2 2 2 2 2 2 2 2 2 2 2 2 2 2 2 2 2 2 2 2 2
left_child=1 4 3 5 -1 6 7 8 9 13 -11 12 16 14 15 17 -9 20 19 26 -2 23 -23 -12 -25 -10 27 -19 -29 -28
right_child=2 -3 -4 -5 -6 -7 -8 11 25 10 21 -13 -14 -15 -16 -17 -18 18 -20 -21 -22 22 -24 24 -26 -27 29 28 -30 -31
leaf_value=-0.00074932555935300078 -0.00072901365713134991 0.00010469406336559712 -0.00036696383953390598 0.0022149911111526504 -0.00086264375196770389 1.4893641372905331e-05 0.00054212123790414323 -0.0012488405040251519 -0.00030242239339683675 0.00085355846648168534 0.00051236971625190158 -0.00078281156712907559 0.0013230869865160811 0.00034163870021547069 0.00060211307375840079 -0.0013371906478423764 -0.00013174424040392554 -0.0017264864171495033 -0.0011726853261259081 0.0018405991684459569 0.00033543109574260131 -0.00033976361841097925 6.3357101910926567e-05 -7.2428702244578533e-05 0.00013500725788761077 -0.00047415377904124758 -4.2463466479532658e-05 0.00022059305947186997 -0.00011133236577301475 0.00036759796539180339
leaf_weight=55 93 75 42 56 44 8158 74 76 510 85 68 114 98 164 57 52 173 41 41 50 53 64 166 160 256 115 1486 48 54 94
leaf_count=55 93 75 42 56 44 8158 74 76 510 85 68 114 98 164 57 52 173 41 41 50 53 64 166 160 256 115 1486 48 54 94
internal_value=-0.000118831 -0.00857143 0 5.64198e-05 -0.0185 -2.42895e-05 -0.00124016 -0.0015295 -0.000779114 0.000593472 0.0064375 -0.00746753 -0.00272989 -0.00149955 -0.00253623 -0.00317933 -0.009 -0.00254972 -0.0015978 -0.00104284 -0.0142857 0.00391608 -0.0034632 0.00742268 0.00455635 -0.00742812 -0.00171114 -0.0121528 -0.0038835 -0.000759013
internal_weight=12622 174 12448 12406 99 12350 4192 4118 3657 3032 799 461 347 2233 2069 2012 249 1960 1814 1773 146 714 230 484 416 625 1723 143 102 1580
internal_count=12622 174 12448 12406 99 12350 4192 4118 3657 3032 799 461 347 2233 2069 2012 249 1960 1814 1773 146 714 230 484 416 625 1723 143 102 1580
is_linear=0
shrinkage=0.05


Tree=261
num_leaves=31
num_cat=0
split_feature=0 6 9 2 9 0 6 3 4 1 9 1 1 4 4 2 1 3 1 3 2 1 6 8 4 0 3 8 2 6
split_gain=7.34545 4.38957 4.17845 10.7919 4.31096 6.31784 11.1234 6.83229 11.4325 8.52788 6.13685 12.1081 11.8028 5.26211 7.95985 6.12974 5.21288 4.7211 6.79736 10.8798 9.66572 4.82729 3.99448 14.2817 11.7052 10.2249 8.91028 9.68488 8.80438 8.2373
threshold=7.7480392156862754 0.99988440732898443 3913.7249999999999 992.05980392156869 4766.7499999999991 18.604901960784318 -0.75581183015052977 5.5000000000000009 4.5000000000000009 70.852941176470594 5121.4499999999998 31.911764705882359 44.637254901960794 3.5000000000000004 4.5000000000000009 991.2735294117648 64.813725490196092 3.5000000000000004 69.284313725490208 14.500000000000002 993.33431372549023 51.264705882352949 -0.7444366621422277 0.65720762023595369 1.0000000180025095e-35 20.253921568627451 17.500000000000004 0.81800285027139297 990.36568627450981 -0.96904977397942549
decision_type=2 2 2 2 2 2 2 2 2 2 2 2 2 2 2 2 2 2 2 2 2 2 2 2 2 2 2 2 2 2
left_child=-1 2 3 -2 5 17 -7 -8 -9 -10 11 -6 -13 15 -15 -14 -17 -4 20 -20 21 -19 23 24 25 -12 27 28 -25 -29
right_child=1 -3 4 -5 10 6 7 8 9 -11 22 12 13 14 -16 16 -18 18 19 -21 -22 -23 -24 26 -26 -27 -28 29 -30 -31
leaf_value=-0.00010598448173269465 0.0030648998343051764 -0.00038917651346696835 -0.0012912279540078177 -0.00011382680026411629 0.0014373750901348155 0.0044972897746046406 0.0016546454670496704 0.00011888259308688033 -7.3048454555024733e-05 -0.0054696902731306233 0.0007307283202112922 -0.00064440925713405155 0.00011699656659432956 0.0026825842805183078 0.00015958862838311578 -0.00050999660922994988 0.0012752394508853725 -0.00183484625651673 0.00093917988005831068 -0.0013502544024768305 9.0326867057879964e-05 -0.00060028869575692596 4.3594769914098721e-06 6.8994882241429919e-05 -0.00042661940448098933 -0.00048750508552138365 -0.00031119084676071166 0.0001882354981081136 0.0010226760312200683 -0.00036883088369393249
leaf_weight=52 54 49 63 66 66 41 54 106 45 41 46 62 43 47 74 76 58 42 64 48 69 59 9544 76 682 49 256 453 127 118
leaf_count=52 54 49 63 66 66 41 54 106 45 41 46 62 43 47 74 76 58 42 64 48 69 59 9544 76 682 49 256 453 127 118
internal_value=-0.00029293 -0.000214643 -0.000155626 0.00909091 -0.00024577 -0.0042654 0.00121528 -0.00283401 -0.00725389 -0.0206897 -2.97164e-05 0.0058548 0.00221607 0.00635452 0.0143443 0.000842697 -0.00444444 -0.00881503 -0.00600707 0.00353982 -0.0122807 -0.0220588 -0.000251057 -0.00240597 -0.00751928 0.00885417 0.0014549 0.00412903 0.0134804 0.000786713
internal_weight=12630 12578 12529 120 12409 632 287 246 192 86 11777 426 360 298 121 177 134 345 282 112 170 101 11351 1807 777 95 1030 774 203 571
internal_count=12630 12578 12529 120 12409 632 287 246 192 86 11777 426 360 298 121 177 134 345 282 112 170 101 11351 1807 777 95 1030 774 203 571
is_linear=0
shrinkage=0.05


Tree=262
num_leaves=31
num_cat=0
split_feature=5 5 0 5 2 4 2 9 8 0 9 0 2 0 2 0 7 0 9 5 0 0 2 9 7 3 8 8 2 2
split_gain=4.42791 7.17464 8.96571 8.19813 8.01559 11.3009 9.29122 11.1545 8.77174 12.1325 8.40877 8.01993 6.78055 9.89315 7.29416 6.76731 5.76952 8.18737 4.83076 4.63286 4.08793 4.83035 10.6285 10.9116 8.09562 7.58811 8.50485 19.4832 12.2653 9.44577
threshold=-0.95244167294248061 -0.96235977360714686 14.927450980392159 -0.97876850416056738 988.79705882352948 3.5000000000000004 996.56960784313731 8660.0444999999982 -0.89404254237865755 22.709803921568632 7996.4141874999996 29.144117647058827 991.63529411764728 27.561764705882357 994.70686274509819 31.383333333333336 -0.17647005552944256 22.006862745098044 7833.4733125000002 -0.99763297024448894 7.7480392156862754 13.767647058823533 998.68529411764723 11079.831250000001 0.63423707282422626 14.500000000000002 -0.084834093387464782 -0.14250536273956091 990.8068627450981 985.47549019607857
decision_type=2 2 2 2 2 2 2 2 2 2 2 2 2 2 2 2 2 2 2 2 2 2 2 2 2 2 2 2 2 2
left_child=1 2 3 -1 5 15 7 10 16 -10 11 -6 13 -9 -14 -4 17 -8 -3 -18 -2 22 23 -22 -25 -23 27 -27 -29 -28
right_child=20 18 4 -5 6 -7 8 12 9 -11 -12 -13 14 -15 -16 -17 19 -19 -20 -21 21 25 -24 24 -26 26 29 28 -30 -31
leaf_value=-0.00043230408519336907 -7.0243098400286574e-05 -0.00043467954303837435 -0.0011092438924858784 0.00029625474908959453 0.0019121393739831378 0.0002019406834406712 -0.00071086765571229816 0.0025916820678647673 0.00019232484568049437 -0.001794371714868065 0.0028233060685788737 -7.2749832938068254e-05 -0.00083471649468723215 -0.00026249100140978142 0.00099244350972159954 1.3300421644102389e-05 2.6401554679048034e-05 0.00056689800321892971 -0.0013606057297632828 0.0013102845866349634 6.8383742112479445e-05 -1.3101015688288254e-05 0.00018222919504538512 -0.00040048014708821481 5.371774762585602e-05 0.00017036587977613539 0.00022942639770574813 0.0012962851025446866 0.0038552359242132964 -6.6558659256155114e-05
leaf_weight=133 54 72 131 54 89 77 62 41 53 67 50 40 87 40 56 61 79 58 82 61 687 6125 280 117 83 1678 437 41 43 1701
leaf_count=133 54 72 131 54 89 77 62 41 53 67 50 40 87 40 56 61 79 58 82 61 687 6125 280 117 83 1678 437 41 43 1701
internal_value=0.00054193 -0.00211621 -0.000846774 -0.0109043 0.000949668 -0.00648148 0.00350765 0.00878713 -0.00209974 -0.0132231 0.0180556 0.0111538 0.00133333 0.0128049 -0.00520833 -0.0129534 0.00306513 -0.00495868 -0.0122581 0.00992908 0.000871343 0.000938086 0.00398116 0.00129505 -0.00895522 0.000583483 0.0023071 0.00487805 0.0282353 0.000187003
internal_weight=12639 1393 1239 187 1052 269 783 403 380 120 179 129 224 81 143 192 260 120 154 140 11246 11192 1167 887 200 10025 3900 1762 84 2138
internal_count=12639 1393 1239 187 1052 269 783 403 380 120 179 129 224 81 143 192 260 120 154 140 11246 11192 1167 887 200 10025 3900 1762 84 2138
is_linear=0
shrinkage=0.05


Tree=263
num_leaves=31
num_cat=0
split_feature=0 9 1 2 2 0 8 1 8 8 8 9 2 8 5 8 5 8 9 3 2 1 2 6 9 2 3 5 8 3
split_gain=7.65873 3.78444 5.97562 11.4936 3.10772 9.36254 9.94811 8.4457 7.47823 7.96975 16.5334 19.1137 16.5807 10.057 9.78213 8.49002 19.2169 7.07 10.0179 15.6766 9.41307 10.365 15.7879 11.7765 7.59168 10.6602 7.51556 13.7758 7.46858 7.14887
threshold=7.7480392156862754 4152.9249999999993 50.872549019607852 993.21078431372564 991.19509803921585 26.887254901960787 -0.96687281075841669 20.941176470588239 -0.99763124042248752 -0.74586550181710298 -0.83377508534904698 10045.650000000001 989.51862745098049 -0.98801846520836312 0.84313847884979054 -0.97507822412530132 -0.9905448150984083 -0.44697929599948477 10022.550000000001 18.500000000000004 1000.8813725490197 59.14705882352942 995.21470588235309 -0.70900320270980455 12645.406999999997 993.33431372549023 6.5000000000000009 -0.91597725483594616 0.41203268437863022 10.500000000000002
decision_type=2 2 2 2 2 2 2 2 2 2 2 2 2 2 2 2 2 2 2 2 2 2 2 2 2 2 2 2 2 2
left_child=-1 2 3 -2 7 -6 -7 -3 -9 10 13 12 -12 -10 -11 -15 -17 18 19 26 21 22 23 -19 28 -26 -8 -28 -23 -30
right_child=1 4 -4 -5 5 6 17 8 9 14 11 -13 -14 15 -16 16 -18 20 -20 -21 -22 24 -24 -25 25 -27 27 -29 29 -31
leaf_value=-0.00011532507986924349 0.0030377691264149467 -0.00062135529115319452 -0.00020774879625175269 -0.00044917849278113269 -4.0038919490587022e-06 -0.00035580450377727948 0.00079137559098476924 0.001255771161694197 -0.00029267560059657031 -5.6124971967719262e-06 -0.000280626220491087 -0.002629150159091315 0.0010641751154126023 0.00094289804850606349 0.001059447220407217 -0.0015227717089471293 0.00012371213581725306 0.002034167428193684 0.0016597956147240689 0.0015683857986247718 0.0011980815574329285 1.913682906508063e-05 -0.0017202452658104219 -0.00026820229672145371 -0.0010102050257179169 0.0002839784548665375 0.00027277238527047553 -0.0055808661477056909 0.0025145157959134581 0.00067921899124637761
leaf_weight=52 70 115 70 45 6065 197 60 63 129 3507 256 93 41 71 187 57 480 42 102 68 40 107 87 79 58 196 84 62 60 80
leaf_count=52 70 115 70 45 6065 197 60 63 129 3507 256 93 41 71 187 57 480 42 102 68 40 107 87 79 58 196 84 62 60 80
internal_value=9.90177e-05 0.000178969 0.00725806 0.0142241 7.26568e-05 0.000724147 0.00453515 -0.00089 -0.000573183 -0.000798424 -0.00447695 -0.0127877 -0.00654362 -6.77507e-05 0.000324763 0.00262726 0.000464684 0.00634991 0.0119363 0.00690909 0.00353333 0.0021831 -0.00717703 0.0045082 0.0060757 0 0 -0.00612245 0.0122984 0.0198582
internal_weight=12623 12571 185 115 12386 7387 1322 4999 4884 4821 1127 390 297 737 3694 608 537 1125 376 274 749 709 208 121 501 254 206 146 247 140
internal_count=12623 12571 185 115 12386 7387 1322 4999 4884 4821 1127 390 297 737 3694 608 537 1125 376 274 749 709 208 121 501 254 206 146 247 140
is_linear=0
shrinkage=0.05


Tree=264
num_leaves=31
num_cat=0
split_feature=0 9 4 1 2 2 4 1 7 2 5 0 1 1 5 1 7 6 6 6 0 6 6 5 9 4 4 1 4 5
split_gain=4.78227 3.58118 7.48358 11.3904 14.1668 11.5414 10.5458 11.6929 9.19437 9.09932 8.94312 8.63417 9.50772 8.88784 7.88998 15.0347 6.18902 6.00033 7.47228 9.13873 9.01867 6.25001 6.18361 19.2509 12.1006 8.50709 6.79813 6.1242 5.47505 9.87354
threshold=7.7480392156862754 5121.4499999999998 3.5000000000000004 31.911764705882359 991.12352941176471 993.27745098039225 4.5000000000000009 79.362745098039241 0.93771544905322102 993.27745098039225 -0.36647417525074694 20.459803921568632 63.656862745098046 35.872549019607852 -0.82415615971448097 79.862745098039227 0.98519415784776321 -0.67168186667784702 -0.91249077947840473 -0.94426098523567992 21.05980392156863 -0.64580103137750788 -0.96904977397942549 -0.23537230790205757 5687.9882500000012 5.5000000000000009 3.5000000000000004 56.990196078431374 1.0000000180025095e-35 -0.44504625642270151
decision_type=2 2 2 2 2 2 2 2 2 2 2 2 2 2 2 2 2 2 2 2 2 2 2 2 2 2 2 2 2 2
left_child=-1 2 3 8 14 -6 9 11 -2 -4 -7 13 -13 -8 15 -5 -16 18 19 22 -21 -19 23 -3 -24 -25 -26 -27 29 -20
right_child=1 17 6 4 5 10 7 -9 -10 -11 -12 12 -14 -15 16 -17 -18 21 28 20 -22 -23 24 25 26 27 -28 -29 -30 -31
leaf_value=-7.6243203884166123e-05 0.0022182218040517343 0.00420876753226494 0.00030545032030532688 -0.0016706819317918954 -0.0011896999823150789 0.00022003529982665972 -0.0011150658297084434 -0.0012085376223130969 3.942963830323998e-05 0.0085233229420768174 -0.00088642046074735722 0.0023802911594521638 -0.000824929050060208 0.00043381187361453692 0.00072084605100196657 0.00050429573341491678 5.1629031349595401e-05 0.00087779462891896811 0.001790354241872451 0.00011203694104602036 0.002816226322613673 -5.3318723369333305e-06 -0.001550342213843084 3.5729587891633611e-05 -0.00021449360545397063 -0.0014847768868157544 0.00034148631497799567 -0.00018584076793444205 -0.00034848283798559758 -0.00033744974868722412
leaf_weight=50 44 42 91 77 121 106 54 55 57 57 58 91 47 85 81 53 58 78 58 121 62 9283 43 456 72 53 98 41 883 73
leaf_count=50 44 42 91 77 121 106 54 55 57 57 58 91 47 85 81 53 58 78 58 121 62 9283 43 456 72 53 98 41 883 73
internal_value=-0.000406407 -0.000344028 0.00233275 -0.00114329 -0.00396396 -0.0117133 0.00706861 0.0021021 0.0142157 0.0181208 -0.0030303 0.00629496 0.0151079 -0.0025 0.00425926 -0.00458015 0.0125 -0.00061158 -0.00309536 0 0.0100543 -8.01111e-05 -0.00229529 0.000337268 -0.00957944 -0.00217786 -0.00350877 -0.0157895 -0.00610837 0.00340909
internal_weight=12548 12498 1135 655 554 285 480 332 101 148 164 277 138 139 269 130 139 11363 2002 988 183 9361 805 592 213 550 170 94 1014 131
internal_count=12548 12498 1135 655 554 285 480 332 101 148 164 277 138 139 269 130 139 11363 2002 988 183 9361 805 592 213 550 170 94 1014 131
is_linear=0
shrinkage=0.05


Tree=265
num_leaves=31
num_cat=0
split_feature=0 7 8 8 8 2 0 8 9 0 1 0 9 2 6 6 9 0 5 9 7 7 1 9 1 1 7 1 2 2
split_gain=6.80747 7.32331 3.7718 4.93181 8.12736 14.8726 5.05694 4.7902 11.2774 6.66381 5.6889 11.2662 6.38985 6.4834 4.67711 3.76116 11.599 11.3352 13.9773 10.7644 10.2573 11.9059 9.52447 8.96451 8.87404 14.5304 18.4564 11.985 10.5145 18.9507
threshold=8.5245098039215694 -0.091260668982868151 0.99971796171254768 0.99865940500831329 0.99530134160901229 993.15588235294126 18.604901960784318 0.98005052076767474 14691.241 16.355882352941183 72.441176470588246 23.828431372549023 13120.487999999999 997.65196078431393 -0.99168640063982161 -0.23537842981696178 7404.1654374999989 29.990196078431378 -0.94139628442229062 7739.3881250000004 -0.99763297024448894 -0.99275346941927067 79.362745098039241 10736.109750000001 20.362745098039216 58.441176470588239 0.76140650896573503 43.10784313725491 999.75882352941187 1001.4823529411766
decision_type=2 2 2 2 2 2 2 2 2 2 2 2 2 2 2 2 2 2 2 2 2 2 2 2 2 2 2 2 2 2
left_child=1 -1 3 4 7 -6 -5 14 10 -10 11 12 13 -9 -2 20 17 18 -17 22 -16 -22 -18 -21 -25 26 28 -28 -26 -30
right_child=2 -3 -4 6 5 -7 -8 8 9 -11 -12 -13 -14 -15 15 16 19 -19 -20 23 21 -23 -24 24 25 -27 27 -29 29 -31
leaf_value=-0.00041428581329803343 -0.0012172176394976255 3.1042671407820886e-05 -0.00040174878436734229 -0.0001521689626628936 -0.0053650638726931155 -2.7024258326568963e-06 0.0012514958643855768 0.0025940554235848083 6.5062852420866987e-05 -0.00047532065859780953 -0.00024757266415653955 0.0023636181582547045 -0.00020572169532713793 5.8559416430052638e-05 -0.00098488974077106523 0.0040093832812865965 -0.0007321147712105084 -6.1249254237671916e-06 0.00069528493913391116 0.00011035630580116877 0.0020390613471496567 -4.9120796094705156e-05 3.3886270533717291e-06 0.00020396116123478221 -0.00062634886021874225 1.3789454760021471e-06 0.00057057656534032777 -0.00020344638523989297 0.00058372361349535995 -0.00049027115525255292
leaf_weight=51 61 40 68 41 41 78 73 40 42 78 49 48 55 46 78 64 98 163 193 2709 47 4083 94 215 381 3305 127 116 52 101
leaf_count=51 61 40 68 41 41 78 73 40 42 78 49 48 55 46 78 64 98 163 193 2709 47 4083 94 215 381 3305 127 116 52 101
internal_value=-3.56069e-05 -0.013587 6.37603e-05 0.000128215 3.23494e-05 -0.0129167 0.0104348 0.000159236 0.00584958 -0.00661157 0.0121339 0.0160526 0.00880282 0.0172414 -1.26178e-05 5.91866e-05 0.00072188 0.0087886 0.0153101 0.000250035 -0.00114041 -0.000798838 -0.011399 0.000570858 -0.000849232 -0.00137154 -0.00751928 0.00389344 -0.0127103 -0.00162338
internal_weight=12637 91 12546 12478 12364 119 114 12245 358 120 238 189 141 86 11887 11826 7618 420 257 7198 4208 4130 192 7006 4297 4082 777 243 534 153
internal_count=12637 91 12546 12478 12364 119 114 12245 358 120 238 189 141 86 11887 11826 7618 420 257 7198 4208 4130 192 7006 4297 4082 777 243 534 153
is_linear=0
shrinkage=0.05


Tree=266
num_leaves=31
num_cat=0
split_feature=7 1 7 7 7 2 2 4 5 2 2 3 6 2 5 5 8 5 3 2 4 1 2 3 2 3 2 6 3 8
split_gain=3.59412 7.59295 4.26601 20.7824 15.6525 10.4142 17.9367 9.50364 13.1493 6.87669 9.24739 14.9861 6.46262 9.64387 10.1225 6.11649 5.87695 9.71627 8.20209 15.6597 10.0223 7.63199 14.2319 6.76918 6.59998 6.5866 12.8293 12.0935 11.8168 12.9559
threshold=-0.998663445439673 47.500000000000007 0.5331367478917558 0.4737060765891063 0.55120426863728689 992.75196078431384 990.44803921568644 2.5000000000000004 0.24372619187392155 1007.6264705882355 1002.4647058823531 6.5000000000000009 -0.93845867424155849 988.53235294117655 -0.31799228562170639 -0.26866367175705824 0.60383265664488517 0.42179998225932674 10.500000000000002 991.81666666666672 2.5000000000000004 72.676470588235318 993.60294117647061 16.500000000000004 994.13627450980403 4.5000000000000009 983.26176470588246 0.8852232634113919 8.5000000000000018 -0.32003627663099971
decision_type=2 2 2 2 2 2 2 2 2 2 2 2 2 2 2 2 2 2 2 2 2 2 2 2 2 2 2 2 2 2
left_child=1 -1 3 9 -4 6 -5 8 -7 10 -2 -12 13 14 -6 -9 25 18 19 20 -18 22 -20 -23 -21 26 -14 28 29 -27
right_child=2 -3 4 5 12 7 -8 15 -10 -11 11 -13 16 -15 -16 -17 17 -19 21 24 -22 23 -24 -25 -26 27 -28 -29 -30 -31
leaf_value=-0.00059884916854234256 1.3307814281734305e-05 7.4422898920231695e-05 -0.0012478049044197526 0.0013816751018066774 -0.0003734796409451957 0.0029488372512244511 -0.0010899699078149472 -0.00028484525507085218 0.00077361758080864845 0.00066498784059759524 -0.0010502540070109687 -6.4071653453721258e-05 -0.00040410146319184439 0.0029123160023618922 0.0015433209184218533 0.00066172661134209919 0.00095428455553298464 -0.002113329740846498 0.00059668052697544336 -0.00086568944656665041 3.4740611787520413e-05 -0.0015104329243842002 -0.00028061049893498001 -0.00042769971675731824 -4.7508775237843639e-05 0.00087475469264319957 -8.0869688933415959e-05 0.00064624883902707491 -5.9910723650533072e-05 9.5919212533102101e-06
leaf_weight=96 7260 77 71 64 45 58 41 40 65 68 93 230 129 73 41 46 46 40 61 47 107 83 73 83 57 238 645 57 2239 355
leaf_count=96 7260 77 71 64 45 58 41 40 65 68 93 230 129 73 41 46 46 40 61 47 107 83 73 83 57 238 645 57 2239 355
internal_value=-4.75097e-05 -0.00718391 5.21837e-05 0.000746924 -0.00118014 0.0133333 0.000471698 0.0197619 0.028629 0.000228698 8.57068e-05 -0.00817901 -0.000803167 0.0090625 -0.00229885 0.00689655 -0.00117343 -0.00576923 -0.00403226 0.00251938 0.0126623 -0.00963455 -0.000740741 -0.0167665 -0.012381 -0.000423035 -0.00451613 0.00067474 0.00021179 0.00648148
internal_weight=12628 173 12455 7965 4490 314 105 209 123 7651 7583 323 4419 159 86 86 4260 597 557 257 153 300 134 166 104 3663 774 2889 2832 593
internal_count=12628 173 12455 7965 4490 314 105 209 123 7651 7583 323 4419 159 86 86 4260 597 557 257 153 300 134 166 104 3663 774 2889 2832 593
is_linear=0
shrinkage=0.05


Tree=267
num_leaves=31
num_cat=0
split_feature=0 9 3 2 0 8 1 5 5 1 0 5 4 5 1 2 1 8 3 1 3 5 4 9 5 1 2 8 8 1
split_gain=4.28582 7.19561 7.68912 7.82442 6.85527 8.39825 7.02173 6.96011 12.2877 7.1856 6.93814 6.0618 5.63222 13.2925 9.54459 7.34028 6.12308 5.76031 5.2032 10.218 13.1569 15.3306 13.3693 11.3954 9.32008 8.63108 8.17277 9.5104 14.5124 11.0792
threshold=19.633333333333336 4616.411750000002 8.5000000000000018 993.27745098039225 17.860784313725492 -0.97507822412530132 91.127450980392169 -0.92923668111203805 -0.97113884758256674 77.245098039215705 15.795098039215688 -0.91597725483594616 5.5000000000000009 0.17646842360078763 38.617647058823536 998.47352941176484 24.166666666666668 0.39629089145655322 13.500000000000002 10.264705882352944 7.5000000000000009 -0.79384350655589164 1.0000000180025095e-35 6566.1293124999984 0.48314048284850658 20.941176470588239 993.5441176470589 0.87291090774974645 -0.52765736634565841 61.911764705882355
decision_type=2 2 2 2 2 2 2 2 2 2 2 2 2 2 2 2 2 2 2 2 2 2 2 2 2 2 2 2 2 2
left_child=1 2 3 -1 5 10 12 8 9 -7 -3 -9 14 -14 16 -16 -6 -17 19 -13 -21 -22 24 -24 -23 -20 -25 28 29 -28
right_child=-2 4 -4 -5 6 7 -8 11 -10 -11 -12 18 13 -15 15 17 -18 -19 25 20 21 22 23 26 -26 -27 27 -29 -30 -31
leaf_value=-0.00078141715400860683 2.4619792227040252e-05 -0.00041589477586434812 -0.000770122227848602 0.0013427803037930619 -0.00023745218935797285 0.00055019269866363673 0.00045915259515605936 -0.00062813550582219027 0.0017829460625996109 -0.001404146697046596 0.00033489700673619007 -0.00019159986813522338 -0.00048937292800739637 0.0011346336082389246 -0.00055589192928895967 -0.0016505973368055968 0.00034426869299195376 -0.00024690970034148415 0.00020997719428245687 -1.128801146755426e-05 0.0011781238239828456 0.00071484945864122335 -0.00035442551861938204 0.00051989997925522974 0.00019831018815482765 -8.8044570781666004e-05 0.00011458269579774916 -0.0002966308769977704 0.00052651428944554583 -0.00054054154677224138
leaf_weight=79 7890 154 162 50 129 64 99 51 73 46 85 105 86 76 470 42 120 44 136 1066 90 40 171 113 40 823 49 64 160 48
leaf_count=79 7890 154 162 50 129 64 99 51 73 46 85 105 86 76 470 42 120 44 136 1066 90 40 171 113 40 823 49 64 160 48
internal_value=5.94012e-05 -0.00112965 -0.00873288 0.000384615 -0.000629921 0.000473513 -0.00412371 0.00116242 0.0105978 0 -0.00854167 0.000574907 -0.00542355 0.00306748 -0.007134 -0.010772 0.001 -0.0241379 0.000877495 0.00236261 0.00323018 0.00818299 0.00561224 0.00305281 0.0246914 -0.00213542 0.00735632 0.00326087 0.00755814 -0.00765306
internal_weight=12625 4735 291 129 4444 3378 1066 3139 183 110 239 2956 967 162 805 556 249 86 2905 1946 1841 775 685 605 80 959 434 321 257 97
internal_count=12625 4735 291 129 4444 3378 1066 3139 183 110 239 2956 967 162 805 556 249 86 2905 1946 1841 775 685 605 80 959 434 321 257 97
is_linear=0
shrinkage=0.05


Tree=268
num_leaves=31
num_cat=0
split_feature=7 0 0 0 0 1 4 5 7 9 1 0 1 9 4 1 5 7 7 5 1 1 7 7 0 9 4 1 9 1
split_gain=4.20862 7.29794 3.38231 5.60455 10.2955 8.24678 9.6837 10.2275 8.80712 7.25514 6.95159 8.27674 5.19715 5.17454 8.01915 8.15718 15.5417 7.93803 10.8823 8.14108 9.56288 6.13352 6.09225 9.25606 8.37675 7.92722 7.78869 8.5216 7.78433 6.53869
threshold=-0.998663445439673 15.90686274509804 18.604901960784318 17.72058823529412 17.567647058823535 54.323529411764717 4.5000000000000009 0.51297097409535064 -0.58482091572441486 12098.162624999999 92.225490196078439 14.496078431372551 19.225490196078436 5706.7157499999985 4.5000000000000009 50.872549019607852 -0.79384350655589164 0.69522491211780757 0.50371950759872852 -0.63255557784149707 51.264705882352949 33.676470588235297 0.98702314536340274 0.95752911693909493 29.044117647058826 5897.7096874999997 4.5000000000000009 92.049019607843164 6422.4555 96.303921568627473
decision_type=2 2 2 2 2 2 2 2 2 2 2 2 2 2 2 2 2 2 2 2 2 2 2 2 2 2 2 2 2 2
left_child=1 -1 3 4 10 12 8 -8 -7 -10 -2 -12 -5 14 17 21 -17 18 -4 20 -19 -16 23 25 -25 -15 27 -24 -27 -29
right_child=2 -3 13 5 -6 6 7 -9 9 -11 11 -13 -14 22 15 16 -18 19 -20 -21 -22 -23 26 24 -26 28 -28 29 -30 -31
leaf_value=0.00025649259533082753 -9.4671219145719972e-06 -0.00053561604355595316 0.00025207080255638947 4.5926120647538096e-05 0.00054468326611780142 0.0006141589647067167 -0.00013929907725507355 0.0014761316346824595 -0.0014725280440663917 0.00011111897102187852 -0.00062470523388263172 -0.00016703322927860004 -0.0006266829820014239 -0.00038974524878601093 -0.00015922455656359471 9.1964073986727798e-05 -0.0028188363007012776 -0.00029578726358526488 -0.00030012622521923828 0.0049877216435687717 0.00063869412838284687 0.0033957917000851825 -0.00086653922598085029 0.001259389098789615 -0.00027417949242942167 0.00058655875299629958 0.00043105566310986944 0.00010193691288170604 -2.6481250555876469e-06 -0.001673456840530263
leaf_weight=46 3153 117 151 53 96 56 64 45 120 57 48 87 190 121 70 86 59 94 110 67 226 45 145 173 80 184 81 55 6647 47
leaf_count=46 3153 117 151 53 96 56 64 45 120 57 48 87 190 121 70 86 59 94 110 67 226 45 145 173 80 184 81 55 6647 47
internal_value=-0.000274376 -0.00823171 -0.000169205 -0.0013728 -0.000590842 -0.00588737 -0.000874636 0.0113636 -0.00662393 -0.0120787 -0.00106415 -0.0121324 -0.0129098 0.000396825 0.0039604 -0.00344828 -0.0113014 0.00693374 0.00019084 0.0114691 0.00809969 0.00646552 -3.31829e-05 0.000270608 0.00964567 -7.19114e-05 -0.00668693 -0.0110887 0.000153689 0
internal_weight=12573 163 12410 3969 3384 585 342 109 233 177 3288 135 243 8441 908 260 145 648 261 387 320 115 7533 7205 253 6952 328 247 6831 102
internal_count=12573 163 12410 3969 3384 585 342 109 233 177 3288 135 243 8441 908 260 145 648 261 387 320 115 7533 7205 253 6952 328 247 6831 102
is_linear=0
shrinkage=0.05


Tree=269
num_leaves=31
num_cat=0
split_feature=8 7 7 7 7 8 7 3 4 3 3 3 4 1 2 7 3 6 1 7 3 1 4 1 8 3 9 3 8 6
split_gain=3.50612 3.40535 3.23383 5.56606 3.06287 2.84787 11.2299 10.4563 15.8604 12.875 9.40564 11.4135 9.74668 8.41639 7.6115 7.03734 9.26474 9.55777 6.71513 6.59837 5.53316 4.01137 3.99962 3.81029 3.4545 19.2204 7.51838 4.61952 9.64985 6.43246
threshold=0.9999398912535008 0.99983759474438971 0.9993614236720848 0.99865421017599998 0.99758684199993486 -0.96687281075841669 -0.0053757035942445328 18.500000000000004 3.5000000000000004 7.5000000000000009 16.500000000000004 7.5000000000000009 1.5000000000000002 67.735294117647072 994.95980392156878 -0.21022365857738434 15.500000000000002 -0.031174269516803289 63.656862745098046 0.10196183112029107 19.500000000000004 83.441176470588246 3.5000000000000004 59.500000000000007 -0.9575230291762723 14.500000000000002 9901.3638125000016 10.500000000000002 0.99924179677339053 -0.21022037796396451
decision_type=2 2 2 2 2 2 2 2 2 2 2 2 2 2 2 2 2 2 2 2 2 2 2 2 2 2 2 2 2 2
left_child=1 2 3 4 5 6 7 9 -9 14 11 19 -13 -12 18 -11 17 -17 -1 -8 -15 -14 -21 -19 25 26 -7 29 -29 -26
right_child=-2 -3 -4 -5 -6 24 10 8 -10 15 13 12 21 20 -16 16 -18 23 -20 22 -22 -23 -24 -25 27 -27 -28 28 -30 -31
leaf_value=-0.0005839632938289069 -0.00035051988065464695 0.00049852606922518581 -0.00037453191384077545 0.0007525463298072466 -0.00059404819625926146 -0.0011690938630932624 -1.8380963134959072e-05 4.2057995826572103e-06 0.0024164775006114223 -0.0015151055469693579 -0.0014779109802646575 -0.00050700893733783288 0.00035689568006338492 -0.00047211647698314207 0.00066446186290054223 -0.001101181816402158 0.0011229078658393566 -0.00045697716046850801 0.0013477096956611549 -0.00065773002701753625 0.00020826828419620027 -1.0573076303344031e-05 -0.00074147792383923757 0.0002657486976753956 -4.0708150538965039e-05 0.0041790375731365018 0.00018886803484281477 -1.6623692692419036e-05 0.0022678745201511379 9.002973345129395e-05
leaf_weight=60 42 70 73 82 77 47 79 71 50 40 80 69 107 43 67 54 57 41 56 68 51 50 44 62 2057 58 52 5833 52 2929
leaf_count=60 42 70 73 82 77 47 79 71 50 40 80 69 107 43 67 54 57 41 56 68 51 50 44 62 2057 58 52 5833 52 2929
internal_value=0.000299473 0.000348558 0.00028606 0.000348545 0.000261118 0.000324355 -0.00204348 0.00304114 0.0159836 -0.000570776 -0.00684122 -0.0027512 0.00484581 -0.0165714 0.00951087 -0.00784314 -0.00418605 -0.010443 0.0017094 -0.0117188 -0.00631579 0.0117089 -0.019469 -0.00144231 0.000571221 0.00791139 -0.0055 0.000464496 -0.0004842 0.00158412
internal_weight=12521 12479 12409 12336 12254 12177 1149 558 121 437 591 417 226 174 183 254 214 157 116 191 94 157 112 103 11028 157 99 10871 5885 4986
internal_count=12521 12479 12409 12336 12254 12177 1149 558 121 437 591 417 226 174 183 254 214 157 116 191 94 157 112 103 11028 157 99 10871 5885 4986
is_linear=0
shrinkage=0.05


Tree=270
num_leaves=31
num_cat=0
split_feature=9 3 3 5 9 5 2 5 2 9 5 3 6 2 6 0 0 5 0 2 2 2 6 0 2 2 0 8 1 0
split_gain=3.11163 7.60031 15.3493 18.3891 12.1422 10.9911 10.6206 8.88737 8.29737 15.4284 17.3954 12.1492 10.1936 14.4477 14.2682 11.4107 8.36817 7.20889 13.8878 7.07177 9.9036 6.76385 6.49889 6.4933 15.0823 11.9458 8.75607 6.29865 9.65142 8.64707
threshold=13504.861187500001 10.500000000000002 14.500000000000002 0.19337368024598436 14768.196750000001 0.22700754078277605 994.30000000000007 0.40614137006726808 993.45196078431388 13532.288750000002 0.76140650896573503 5.5000000000000009 0.97832380634958016 997.91764705882372 0.9989598388634241 20.318627450980397 17.72058823529412 0.61237135649459018 17.860784313725492 999.10686274509817 1005.1392156862747 987.5029411764707 0.99932962452255414 34.946078431372555 990.44803921568644 992.05980392156869 27.440196078431377 0.97650658860526895 10.264705882352944 16.795098039215691
decision_type=2 2 2 2 2 2 2 2 2 2 2 2 2 2 2 2 2 2 2 2 2 2 2 2 2 2 2 2 2 2
left_child=22 8 3 -3 5 -4 -6 -5 9 -2 11 21 13 15 16 -10 -14 -9 -19 -15 -21 -11 27 24 26 -26 -7 -1 -29 -30
right_child=1 2 4 7 6 23 -8 17 12 10 -12 -13 14 19 -16 -17 -18 18 -20 20 -22 -23 -24 -25 25 -27 -28 28 29 -31
leaf_value=-1.2011627190255947e-05 0.0012356586886533205 0.00022890116018037707 0.00057268434532054859 -0.00080582273934491362 -0.00083135134677352898 -0.00071220717327553993 1.4549203729242317e-05 0.00049780053607590975 -0.00054575347434803335 0.00022001579296435648 -0.00096955493757175382 0.00052379122748505977 -0.00010766125122463159 0.00078075319207228659 8.8146098430865434e-05 0.00034649356480589977 -0.0015199856436239169 0.00016070790522261828 -0.0015942953089793197 -2.7439017756505924e-05 0.001094177672718124 -0.00047170680746639259 -0.00092708255072574688 0.001385145066509852 0.0011407656255693151 0.00024572531212139483 3.9742488614236128e-05 -0.00012504851637969267 0.00066364891147862627 0.00025525966730277627
leaf_weight=9889 48 104 74 81 74 60 220 41 91 97 53 157 40 57 42 103 62 40 107 112 68 76 72 55 45 242 41 40 62 307
leaf_count=9889 48 104 74 81 74 60 220 41 91 97 53 157 40 57 42 103 62 40 107 112 68 76 72 55 45 242 41 40 62 307
internal_value=0.000159223 0.00187129 -0.000843882 -0.0092246 0.00301724 0.00762548 -0.00508475 -0.0161111 0.00506455 0.0103009 0.00690104 0.0111782 0.00112847 0.00497685 -0.0103448 -0.00512821 -0.0203883 -0.0100529 -0.0152027 0.0132353 0.00828729 0.00201149 -0.000202488 0.00461712 0.00231362 0.00815972 -0.0142157 -9.70968e-05 0.00597561 0.00851351
internal_weight=12560 2190 1184 373 811 517 294 269 1006 431 383 330 575 431 144 194 102 188 147 237 180 173 10370 443 388 287 101 10298 409 369
internal_count=12560 2190 1184 373 811 517 294 269 1006 431 383 330 575 431 144 194 102 188 147 237 180 173 10370 443 388 287 101 10298 409 369
is_linear=0
shrinkage=0.05


Tree=271
num_leaves=31
num_cat=0
split_feature=0 3 6 3 2 5 0 2 6 6 3 5 8 2 6 3 5 6 0 7 7 7 0 9 2 7 0 8 8 8
split_gain=4.13279 9.34734 8.9472 10.9535 12.4846 10.268 8.79661 10.1978 9.97165 13.3995 8.41439 7.34333 8.05421 9.30013 7.32699 6.95133 7.25183 6.65611 5.69817 8.20769 5.3314 10.802 7.02308 7.29187 5.0951 5.38489 6.18264 8.74125 18.6582 5.88302
threshold=16.093137254901965 13.500000000000002 0.16587474750015932 17.500000000000004 996.11666666666679 0.65233619298682533 13.898039215686277 1003.1833333333335 0.8852232634113919 0.95436825032516992 20.500000000000004 0.9893236546938301 -0.88622145408796527 994.95980392156878 0.88917497572200743 15.500000000000002 0.76140650896573503 -0.64580103137750788 16.963725490196083 0.70288017738294994 0.49253244405029933 0.18281681932135149 16.587254901960787 8478.1000000000022 1000.479411764706 -0.9470547246821871 10.636274509803924 0.097680735332368748 0.45847758937963173 -0.43733099657705293
decision_type=2 2 2 2 2 2 2 2 2 2 2 2 2 2 2 2 2 2 2 2 2 2 2 2 2 2 2 2 2 2
left_child=1 6 10 4 -4 14 7 8 11 -10 15 12 13 -1 -5 -3 -17 -12 19 20 21 22 23 -2 25 -14 -27 29 -29 -28
right_child=18 2 3 5 -6 -7 -8 -9 9 -11 17 -13 24 -15 -16 16 -18 -19 -20 -21 -22 -23 -24 -25 -26 26 27 28 -30 -31
leaf_value=-0.0010721821174605143 0.00063046633257881626 -0.00021107779087094631 0.00020021573247586133 0.00056595278807259762 -0.00028240939335453938 -0.00023190147213929675 -0.00011705991961502017 0.00012009798067991046 -0.00045448265656305374 0.00015967194855363525 0.00029453710049614015 0.00039974815322345872 -0.00023321470449769039 3.5368776624805641e-05 -1.8710113938440187e-05 -0.00086743188417527097 -0.00020869604437671123 -0.00035388071918641896 6.0352607385988355e-06 -0.00014529780272347915 0.00085268821126002487 -0.00041357988269999927 0.00058755133357728045 -9.9107073239549515e-05 0.00053774457437162843 -6.5407375501000403e-05 0.00020248425819354571 -0.00051484749459717878 0.00022808225292448027 0.00087383081905250196
leaf_weight=42 51 80 63 110 113 40 743 55 62 42 68 43 67 61 85 101 42 66 9586 205 47 41 84 90 40 129 129 87 159 56
leaf_count=42 51 80 63 110 113 40 743 55 62 42 68 43 67 61 85 101 42 66 9586 205 47 41 84 90 40 129 129 87 159 56
internal_value=3.57483e-05 -0.00179147 -0.00637191 -0.00133495 -0.0107345 0.00572034 0.000262238 0.00339157 0.00212418 -0.012381 -0.0121508 0.00399263 0.00285344 -0.0100962 0.0104592 -0.0180804 -0.0246528 -0.00222222 0.000484908 0.00558767 0.0106688 0.00786517 0.0121681 0.00528169 0.00486527 0.00374204 0.00534759 0.00821759 0.00202429 0.0163978
internal_weight=12587 2483 768 411 176 235 1715 972 917 104 357 813 770 103 195 223 143 134 10104 518 313 266 225 141 667 627 560 431 246 185
internal_count=12587 2483 768 411 176 235 1715 972 917 104 357 813 770 103 195 223 143 134 10104 518 313 266 225 141 667 627 560 431 246 185
is_linear=0
shrinkage=0.05


Tree=272
num_leaves=31
num_cat=0
split_feature=6 6 6 0 0 2 9 5 3 6 0 0 2 7 7 3 3 2 3 0 9 9 2 5 5 9 9 5 6 5
split_gain=3.07721 13.5317 10.7224 11.9983 22.7704 10.9761 9.77431 8.22828 8.06857 7.71395 10.8543 10.6669 8.57351 7.63786 7.42962 6.47968 25.0251 12.2881 11.0993 12.8713 14.6286 10.2662 9.20817 9.02954 8.72187 8.20824 15.4363 12.0863 9.32582 7.85419
threshold=0.31595530242620651 0.29958852271690523 0.36447543099728863 27.772549019607847 17.481372549019614 990.8068627450981 10045.650000000001 0.91939013254733981 22.500000000000004 0.45847758937963173 18.232352941176476 15.53529411764706 996.11666666666679 -0.998663445439673 -0.99275346941927067 7.5000000000000009 10.500000000000002 985.90490196078451 14.500000000000002 31.050000000000004 14682.300000000001 13693.986749999995 993.27745098039225 0.056951373111866731 0.51297097409535064 11201.173687499997 10842.376874999996 0.42179998225932674 0.98770287048522643 -0.13398594226331254
decision_type=2 2 2 2 2 2 2 2 2 2 2 2 2 2 2 2 2 2 2 2 2 2 2 2 2 2 2 2 2 2
left_child=1 8 3 4 -2 -6 -3 9 13 10 11 12 -4 -1 -15 22 17 -17 19 20 -18 29 25 -24 -19 26 -11 28 -27 -21
right_child=2 6 7 -5 5 -7 -8 -9 -10 15 -12 -13 -14 14 -16 16 18 24 -20 21 -22 -23 23 -25 -26 27 -28 -29 -30 -31
leaf_value=-0.00060300689640633643 0.0016302396196529124 -1.0978317850485199e-05 -0.00011823431720161954 0.00088728892186682178 -0.0023586244932968905 0.00068472649160842842 -0.002193762974613865 -0.00043585615795183193 0.00048261151030087049 6.2791315724453067e-06 0.00082470510855285617 -0.00083843541680721223 0.00026837943969744291 0.00097871147037698557 -3.1883386755926506e-05 -1.0751004438772083e-05 -0.00057404718681362268 0.00070493055538944091 2.8800193855957337e-05 1.5542228600873289e-05 6.8565197621709217e-05 -0.00051729452965183775 -0.00038157396270338821 2.6827147785898898e-05 6.5272125121851324e-05 0.00048256079838252116 -0.00078587610024879193 -0.00015317319152012289 -0.00011577493139474927 0.00046983815193154811
leaf_weight=48 53 43 48 88 53 44 42 81 274 124 226 45 65 70 6496 148 459 357 1856 83 132 80 464 304 111 322 56 253 99 68
leaf_count=48 53 43 48 88 53 44 42 81 274 124 226 45 65 70 6496 148 459 357 1856 83 132 80 464 304 111 322 56 253 99 68
internal_value=6.35274e-05 -0.000638084 0.000934164 0.0112971 0.00264901 -0.0117347 -0.0203488 0.000473802 -0.000391929 0.000716846 0.00753247 -0.00251572 0.00570175 -0.000740741 -0.000593878 0.000183038 0.00145675 0.0105348 -0.000634565 -0.0054678 -0.009375 0.00452586 -0.00240296 -0.00637191 0.0144989 0.00116959 -0.00828729 0.0037037 0.00888626 0.0121711
internal_weight=12592 6973 5619 238 150 97 85 5381 6888 5300 384 158 113 6614 6566 4916 3294 616 2678 822 591 231 1622 768 468 854 180 674 421 151
internal_count=12592 6973 5619 238 150 97 85 5381 6888 5300 384 158 113 6614 6566 4916 3294 616 2678 822 591 231 1622 768 468 854 180 674 421 151
is_linear=0
shrinkage=0.05


Tree=273
num_leaves=31
num_cat=0
split_feature=6 9 4 4 1 0 9 3 6 6 5 0 4 1 3 6 0 1 1 9 6 5 1 9 0 9 0 1 3 6
split_gain=3.92909 9.10306 9.83529 13.3816 14.1076 8.27477 13.269 18.1339 7.40844 7.23159 5.55549 3.5987 11.1095 7.28411 8.01974 4.22328 3.29905 3.17575 5.31547 4.71039 7.74638 3.22724 4.65627 6.97767 3.12173 9.45809 3.52634 10.4507 5.12223 6.05951
threshold=0.99249573635719013 12756.855499999998 4.5000000000000009 3.5000000000000004 31.911764705882359 35.255882352941185 13249.7464375 7.5000000000000009 0.99855310097228334 0.99024581825578073 1.0000000180025095e-35 45.304901960784328 1.5000000000000002 92.049019607843164 15.500000000000002 0.9863035000474919 23.828431372549023 4.598039215686275 8.8529411764705905 6713.7418749999979 -0.11692317777808843 0.99865421017599998 62.990196078431374 11061.174437499998 9.5137254901960802 8454.6499999999996 12.24901960784314 85.480392156862749 9.5000000000000018 -0.9260227363677036
decision_type=2 2 2 2 2 2 2 2 2 2 2 2 2 2 2 2 2 2 2 2 2 2 2 2 2 2 2 2 2 2
left_child=9 -2 3 4 -3 6 -6 -8 16 11 -9 15 -13 14 -14 17 -4 -1 19 -19 -21 24 -23 -24 25 -20 27 28 29 -26
right_child=1 2 8 -5 5 -7 7 10 -10 -11 -12 12 13 -15 -16 -17 -18 18 21 20 -22 22 23 -25 26 -27 -28 -29 -30 -31
leaf_value=0.00043103918663241203 0.0023186109262745224 -0.0003336468138257255 -1.6639922841626966e-05 -0.0014878981584892717 -0.00063991738983430128 -0.00015124407828899234 -0.00013936178990723303 0.00017183213385866018 0.00026072557038425497 -0.00090370337235918814 0.0033517239470395562 0.00031422094459258588 1.8779371462723795e-05 8.1433295231170272e-05 -0.00017774022037584381 0.00038039862873577579 0.00092677942850630246 -0.00088515498343200443 2.6716990857455353e-05 0.00034290571154589611 -0.00020479928721692521 -0.00014753215238919037 0.0024499321655649833 -2.0483536510637614e-05 0.00030653229504671865 -0.0003884340667141481 -5.9415695585790519e-06 -0.00063911186908973718 0.00017847000492447231 -6.8972124638801494e-05
leaf_weight=53 43 62 52 58 62 45 51 44 55 73 56 52 64 70 41 76 43 65 68 41 121 72 75 63 49 71 10452 50 234 214
leaf_count=53 43 62 52 58 62 45 51 44 55 73 56 52 64 70 41 76 43 65 68 41 121 72 75 63 49 71 10452 50 234 214
internal_value=0.000234574 0.00428322 0.00245747 -0.00184697 0.00218069 0.00733591 0.0114486 0.0194079 0.013245 4.16493e-05 0.0316832 0.000138284 0.00635965 0.000284091 -0.00801887 1.70867e-05 0.0046875 -6.01943e-05 -0.000116621 -0.00767544 -0.00306748 3.52454e-05 0.00616114 0.0115108 -8.07972e-05 -0.0075 1.36364e-05 0.00392336 0.0061245 0.00132576
internal_weight=12575 571 528 378 320 258 213 151 150 12004 100 11931 227 175 105 11704 95 11628 11575 227 162 11348 210 138 11138 139 10999 547 497 263
internal_count=12575 571 528 378 320 258 213 151 150 12004 100 11931 227 175 105 11704 95 11628 11575 227 162 11348 210 138 11138 139 10999 547 497 263
is_linear=0
shrinkage=0.05


Tree=274
num_leaves=31
num_cat=0
split_feature=3 6 4 9 4 8 3 6 0 6 8 8 6 6 3 0 0 6 2 2 0 3 0 1 6 0 2 9 3 1
split_gain=5.14787 7.82297 5.37977 4.85871 4.48202 12.568 20.95 14.0206 11.4467 10.7131 9.75119 13.1869 11.354 18.7148 11.2589 10.834 10.4044 10.3437 9.64841 8.54786 7.78245 6.45936 8.30925 6.77204 5.78959 8.85242 10.089 14.6866 10.1166 5.59853
threshold=1.0000000180025095e-35 -0.75581183015052977 5.5000000000000009 6114.3703124999984 1.0000000180025095e-35 0.7912140244565844 11.500000000000002 -0.90531874877253482 23.439215686274512 -0.96466008222729416 0.16587474750015932 0.60383265664488517 0.71952396275653763 0.029024409397335523 15.500000000000002 32.636274509803933 18.232352941176476 -0.12545862287572049 995.93431372549026 980.89117647058833 17.567647058823535 9.5000000000000018 19.014705882352946 60.892156862745104 0.14888728888808328 28.801960784313732 999.42156862745117 11079.831250000001 11.500000000000002 78.147058823529434
decision_type=2 2 2 2 2 2 2 2 2 2 2 2 2 2 2 2 2 2 2 2 2 2 2 2 2 2 2 2 2 2
left_child=1 3 -3 -1 5 7 8 -2 -7 -8 12 15 13 14 17 18 -16 21 20 -15 -12 23 -23 -9 -21 26 27 28 -26 -25
right_child=4 2 -4 -5 -6 6 9 10 -10 -11 11 -13 -14 19 16 -17 -18 -19 -20 24 -22 22 -24 29 25 -27 -28 -29 -30 -31
leaf_value=0.00020496920313015088 -0.00049418177875064644 0.00015246119052297614 0.00090840714627524752 -0.0014540436666895279 -6.7469445817858886e-06 0.0014544177895973343 0.00092536843104733539 -0.00019913867506155536 0.00013225586265213087 -0.00042908711174032281 2.0300720584711524e-05 -0.00064335866014552658 -0.0010173896558344346 -0.00030920489199955938 -0.0016357595577467063 -9.1219064929837232e-05 0.00019229963112876725 -0.0012775637827918658 -0.0002041428005830029 0.00033707319210376233 0.0021917511263582603 -0.00063485582877516745 0.00011635069546831467 -0.0026379996854340492 0.0044254932353929646 0.00086684572169826168 -0.00049297252253946986 -0.00029185461499035836 0.00012129578706904232 -0.00044647687314983142
leaf_weight=41 58 357 65 47 10408 81 43 67 63 115 54 92 59 49 44 46 135 74 46 54 113 52 56 40 44 65 45 144 41 47
leaf_count=41 58 357 65 47 10408 81 43 67 63 115 54 92 59 49 44 46 135 74 46 54 113 52 56 40 44 65 45 144 41 47
internal_value=-0.000415151 0.00450098 0.00732861 -0.00898876 -0.000622116 -0.00298032 0.00627063 -0.0049439 0.02 -0.00628931 -0.00391082 0.00326705 -0.00639135 -0.00506263 -0.011531 0.00903846 -0.00138889 -0.0169139 0.013785 0.00248307 0.0193452 -0.0121673 -0.00275229 -0.0187097 0.00494924 0.0025 -0.00145455 0.00282609 0.019186 -0.0278409
internal_weight=12645 510 422 88 12135 1727 302 1425 144 158 1367 351 1016 957 515 259 179 336 213 442 167 262 108 154 393 339 274 229 85 87
internal_count=12645 510 422 88 12135 1727 302 1425 144 158 1367 351 1016 957 515 259 179 336 213 442 167 262 108 154 393 339 274 229 85 87
is_linear=0
shrinkage=0.05


end of trees

feature_importances:
cap95_wind=1153
v100m=1115
doy_s2=926
doy_s=916
hod=890
doy_c=853
pres=799
cloud=713
doy_c2=491
dow=394

parameters:
[boosting: gbdt]
[objective: regression_l1]
[metric: l1]
[tree_learner: serial]
[device_type: cpu]
[data_sample_strategy: bagging]
[data: ]
[valid: ]
[num_iterations: 275]
[learning_rate: 0.05]
[num_leaves: 31]
[num_threads: 80]
[seed: 0]
[deterministic: 0]
[force_col_wise: 0]
[force_row_wise: 0]
[histogram_pool_size: -1]
[max_depth: -1]
[min_data_in_leaf: 40]
[min_sum_hessian_in_leaf: 0.001]
[bagging_fraction: 0.8]
[pos_bagging_fraction: 1]
[neg_bagging_fraction: 1]
[bagging_freq: 1]
[bagging_seed: 3]
[bagging_by_query: 0]
[feature_fraction: 0.8]
[feature_fraction_bynode: 1]
[feature_fraction_seed: 2]
[extra_trees: 0]
[extra_seed: 6]
[early_stopping_round: 0]
[early_stopping_min_delta: 0]
[first_metric_only: 0]
[max_delta_step: 0]
[lambda_l1: 0]
[lambda_l2: 1]
[linear_lambda: 0]
[min_gain_to_split: 0]
[drop_rate: 0.1]
[max_drop: 50]
[skip_drop: 0.5]
[xgboost_dart_mode: 0]
[uniform_drop: 0]
[drop_seed: 4]
[top_rate: 0.2]
[other_rate: 0.1]
[min_data_per_group: 100]
[max_cat_threshold: 32]
[cat_l2: 10]
[cat_smooth: 10]
[max_cat_to_onehot: 4]
[top_k: 20]
[monotone_constraints: ]
[monotone_constraints_method: basic]
[monotone_penalty: 0]
[feature_contri: ]
[forcedsplits_filename: ]
[refit_decay_rate: 0.9]
[cegb_tradeoff: 1]
[cegb_penalty_split: 0]
[cegb_penalty_feature_lazy: ]
[cegb_penalty_feature_coupled: ]
[path_smooth: 0]
[interaction_constraints: ]
[verbosity: -1]
[saved_feature_importance_type: 0]
[use_quantized_grad: 0]
[num_grad_quant_bins: 4]
[quant_train_renew_leaf: 0]
[stochastic_rounding: 1]
[linear_tree: 0]
[max_bin: 255]
[max_bin_by_feature: ]
[min_data_in_bin: 3]
[bin_construct_sample_cnt: 200000]
[data_random_seed: 1]
[is_enable_sparse: 1]
[enable_bundle: 1]
[use_missing: 1]
[zero_as_missing: 0]
[feature_pre_filter: 1]
[pre_partition: 0]
[two_round: 0]
[header: 0]
[label_column: ]
[weight_column: ]
[group_column: ]
[ignore_column: ]
[categorical_feature: ]
[forcedbins_filename: ]
[precise_float_parser: 0]
[parser_config_file: ]
[objective_seed: 5]
[num_class: 1]
[is_unbalance: 0]
[scale_pos_weight: 1]
[sigmoid: 1]
[boost_from_average: 1]
[reg_sqrt: 0]
[alpha: 0.9]
[fair_c: 1]
[poisson_max_delta_step: 0.7]
[tweedie_variance_power: 1.5]
[lambdarank_truncation_level: 30]
[lambdarank_norm: 1]
[label_gain: ]
[lambdarank_position_bias_regularization: 0]
[eval_at: ]
[multi_error_top_k: 1]
[auc_mu_weights: ]
[num_machines: 1]
[local_listen_port: 12400]
[time_out: 120]
[machine_list_filename: ]
[machines: ]
[gpu_platform_id: -1]
[gpu_device_id: -1]
[gpu_device_id_list: ]
[gpu_use_dp: 0]
[num_gpu: 1]

end of parameters

pandas_categorical:[]
