tree
version=v4
num_class=1
num_tree_per_iteration=1
label_index=0
max_feature_idx=9
objective=regression_l1
feature_names=v100m cloud pres hod dow doy_s doy_c doy_s2 doy_c2 cap95_wind
feature_infos=[1.3:54.24666666666667] [0:100.2] [899.25999999999999:946.74000000000001] [0:23] [0:6] [-0.9999994220246925:0.99998555065071859] [-0.99997919295908233:0.9999907524084426] [-0.9999994220246925:0.99995318436087299] [-0.99999768809943823:0.99996300980480612] [498.24999999999977:1695.7124999999999]
tree_sizes=2737 2868 2889 2901 2871 2855 2875 2846 2848 2882 2858 2895 2878 2900 2861 2910 2861 2880 2865 2851 2881 2857 2882 2866 2879 2826 2860 2896 2889 2869 2876 2879 2894 2922 2893 2854 2904 2900 2884 2902 2871 2898 2856 2904 2895 2890 2895 2915 2875 2880 2904 2906 2889 2875 2885 2902 2879 2894 2859 2916 2913 2895 2900 2858 2902 2877 2854 2897 2877 2913 2889 2860 2879 2897 2939 2867 2914 2887 2893 2904 2905 2846 2906 2885 2883 2885 2906 2902 2918 2882 2874 2905 2887 2871

Tree=0
num_leaves=31
num_cat=0
split_feature=0 0 0 0 2 2 9 0 0 5 9 9 9 6 5 7 7 9 5 5 9 6 5 5 6 2 2 9 9 5
split_gain=4246.97 426.308 303.697 73.8745 71.4467 56.1479 54.3376 44.9028 43.1368 42.189 32.419 51.2419 32.0167 36.8901 28.4469 25.2548 32.1479 23.5289 22.8577 19.1336 26.8624 28.5316 31.0127 23.6687 19.4994 18.9039 18.3317 17.4129 17.3948 16.4905
threshold=9.1233333333333366 13.750000000000002 6.3900000000000015 18.890000000000004 926.23666666666679 926.09000000000003 1261.5499999999997 5.4433333333333342 10.490000000000004 0.95752911693909493 1261.5499999999997 1337.2812499999993 1211.0312500000002 0.67007489853957602 0.39036257410962044 0.90623151893102627 0.98334239299093984 1466.0562499999999 0.96687895796550427 0.39036257410962044 1170.8812499999999 0.97461712852231652 -0.45274443793211405 -0.57078386445773377 1.0000000180025095e-35 934.11666666666679 924.31666666666672 748.22499999999991 1424.4625000000001 0.49812943072827093
decision_type=2 2 2 2 2 2 2 2 2 2 2 2 2 2 2 2 2 2 2 2 2 2 2 2 2 2 2 2 2 2
left_child=2 5 7 15 6 10 -4 -1 29 12 -2 -12 13 14 -6 -3 27 -8 -13 20 24 22 23 -22 -10 -11 -9 -17 -21 -7
right_child=1 3 4 -5 9 8 17 26 19 25 11 18 -14 -15 -16 16 -18 -19 -20 28 21 -23 -24 -25 -26 -27 -28 -29 -30 -31
leaf_value=0.23720760215073824 0.26685018688440321 0.25954864025115965 0.25556395947933197 0.2742024749517441 0.24210555888712407 0.24460522085428238 0.24067177027463912 0.24172469787299633 0.2479851447045803 0.24802552834153174 0.23973385579884052 0.25427723824977877 0.2406297318637371 0.25920151025056837 0.24680656492710112 0.24344903193414211 0.26168534010648725 0.24593973159790039 0.24493238180875779 0.25598645210266113 0.24589460864663124 0.25534017905592921 0.24290028065443039 0.25254157707095148 0.26737693697214127 0.24306649342179298 0.23968398906290531 0.2496683955192566 0.24804555103182793 0.24698212668299674
leaf_weight=2116 251 1550 121 1776 602 527 215 106 432 96 57 457 1149 43 77 50 149 214 84 154 213 62 144 48 53 47 1091 101 268 250
leaf_count=2116 251 1550 121 1776 602 527 215 106 432 96 57 457 1149 43 77 50 149 214 84 154 213 62 144 48 53 47 1091 101 268 250
internal_value=0.245887 0.27333 0.214948 0.284864 0.227878 0.25938 0.243855 0.204949 0.255075 0.223519 0.270263 0.263881 0.221519 0.229807 0.226954 0.277834 0.264456 0.235502 0.268637 0.260397 0.256449 0.247881 0.243019 0.253294 0.264678 0.249671 0.212754 0.248154 0.269255 0.245658
internal_weight=12503 6626 5877 3626 2564 3000 550 3313 2151 2014 849 598 1871 722 679 1850 300 429 541 1374 952 467 405 261 485 143 1197 151 422 777
internal_count=12503 6626 5877 3626 2564 3000 550 3313 2151 2014 849 598 1871 722 679 1850 300 429 541 1374 952 467 405 261 485 143 1197 151 422 777
is_linear=0
shrinkage=1


Tree=1
num_leaves=31
num_cat=0
split_feature=0 0 0 0 0 2 2 9 0 5 5 6 5 9 6 9 6 7 2 9 6 6 2 7 6 5 2 6 9 5
split_gain=3946.35 364.26 316.517 85.2018 61.2301 58.8871 57.5274 46.0456 37.7201 36.2166 31.6482 30.0333 44.8417 24.5312 22.89 22.0143 28.68 21.6998 18.1919 24.6766 19.9841 27.5146 17.3781 26.6919 22.3168 17.3611 17.2923 29.2916 21.8461 16.6804
threshold=9.2566666666666695 16.363333333333337 6.623333333333334 11.583333333333337 5.5300000000000011 927.11666666666679 926.82333333333338 724.55000000000007 20.876666666666669 0.94704596667653973 0.98667101781630195 0.93769647993491489 -0.13398594226331254 1211.0312500000002 -0.9497838742125716 872.19999999999948 -0.53495380374625956 0.9252105435402006 926.09000000000003 1690.0562500000001 0.97062204580664158 0.88917497572200743 936.08333333333348 0.95752911693909493 0.97648852793709995 -0.88622299073327826 922.85000000000002 0.84199059757024453 1232.9937500000001 0.67802080537253961
decision_type=2 2 2 2 2 2 2 2 2 2 2 2 2 2 2 2 2 2 2 2 2 2 2 2 2 2 2 2 2 2
left_child=2 3 4 6 -1 7 11 -4 15 13 -6 -2 -13 14 -7 16 -3 25 19 -5 21 -20 23 24 -15 -16 27 29 -28 -9
right_child=1 8 5 18 10 9 -8 26 -10 -11 -12 12 -14 22 17 -17 -18 -19 20 -21 -22 -23 -24 -25 -26 -27 28 -29 -30 -31
leaf_value=-0.0080931570101529359 0.0089055541157722472 0.00058173664845526183 0.01166902706027031 0.013114009499549868 -0.0055792407877743241 -0.0040219478495419026 0.00022599251940846473 0.012695562392473221 0.028702877014875412 0.00017868470400571879 0.00065331628546118771 -0.0044525873661041271 0.012743664672598243 -0.0047137692198157312 -0.0033975109644234186 0.015975679159164431 0.051289873868227011 -0.0039785564132034787 0.0049078573659062392 -0.0009962994605302812 0.0129683693125844 -0.00014225237071514157 -0.0063762133568525314 0.0028402075543999677 0.00059235546737909379 0.00045551761053502576 0.001640143245458603 -0.0030093700066208839 -0.0045103087648749344 -0.0017132062837481499
leaf_weight=2238 510 110 43 715 1267 122 1130 71 1328 149 72 45 40 619 151 1035 53 109 1282 44 115 163 282 41 47 230 102 100 273 44
leaf_count=2238 510 110 43 715 1267 122 1130 71 1328 149 72 45 40 619 151 1035 53 109 1282 44 115 163 282 41 47 230 102 100 273 44
internal_value=-0.000502753 0.0262213 -0.0299614 0.0169098 -0.0393656 -0.0158347 0.00848783 -0.00276025 0.0411159 -0.0205597 -0.0308582 0.021057 -0.00639535 -0.0227528 -0.014845 0.0346122 0.017378 -0.00997963 0.0231681 0.0295395 0.0200512 0.0184302 -0.0276263 -0.0233757 -0.0257871 -0.00431937 -0.00642978 0.00486111 -0.0128989 0.0219828
internal_weight=12530 6570 5960 4044 3577 2383 1725 633 2526 1750 1339 595 85 1601 612 1198 163 490 2319 759 1560 1445 989 707 666 381 590 215 375 115
internal_count=12530 6570 5960 4044 3577 2383 1725 633 2526 1750 1339 595 85 1601 612 1198 163 490 2319 759 1560 1445 989 707 666 381 590 215 375 115
is_linear=0
shrinkage=0.05


Tree=2
num_leaves=31
num_cat=0
split_feature=0 0 0 0 1 0 1 9 9 5 0 5 5 8 0 7 7 9 1 5 7 9 9 7 5 7 4 1 8 0
split_gain=3710.57 389.909 258.415 90.603 62.3153 57.1796 48.0407 28.6837 27.8301 35.9672 24.9283 23.8956 43.6948 21.4769 21.1036 20.9586 22.6662 26.8123 20.4594 20.8194 27.3804 22.5691 20.3848 20.1858 18.5262 17.9547 16.0119 15.7996 14.8797 14.7971
threshold=8.9633333333333365 16.803333333333338 5.7966666666666677 11.156666666666668 94.433333333333351 7.370000000000001 21.900000000000002 722.14999999999998 1170.8812499999999 0.34235194516023087 20.876666666666669 0.39036257410962044 0.26037272046371446 -0.89404254237865755 5.0300000000000011 0.91161058030431363 0.97872324816535838 975.18750000000011 10.033333333333335 -0.21861968191509915 0.40614137006726808 1147.1499999999996 1019.7874999999996 0.89693165594635726 -0.68430824382591193 -0.62588817255938378 3.5000000000000004 21.900000000000002 -0.77245419167776552 9.6366666666666685
decision_type=2 2 2 2 2 2 2 2 2 2 2 2 2 2 2 2 2 2 2 2 2 2 2 2 2 2 2 2 2 2
left_child=2 3 14 6 11 7 -2 -4 23 25 -3 12 15 27 -1 -5 17 -17 22 21 -21 -20 -7 -8 -15 29 -27 -9 -6 -10
right_child=1 10 5 4 28 18 8 13 9 -11 -12 -13 -14 24 -16 16 -18 -19 19 20 -22 -23 -24 -25 -26 26 -28 -29 -30 -31
leaf_value=-0.0081028212900273507 0.0044314320208504792 0.015829993575811385 0.00042635484505444828 0.0084033682327717546 -0.00058195719774812443 0.0027739311577752225 0.0044757969784550372 0.00020185144431889013 -0.0025180536708794537 0.0011131569361314182 0.027313770301640033 0.0098454555068165066 -0.0019177522547543055 -0.0066199848158285017 -0.0059140106393024321 -0.0041188044156879183 0.006233541401103139 0.0043815120439976455 -0.00206047160550952 -0.00021788055263459658 -0.0038689937787130474 -0.0056065760664641851 -0.0013671643398702146 -0.0019931759322062135 -0.004399082391522824 -0.0062390983859077105 -0.0015616555684246124 -0.0041350048324093223 0.0031632001101970677 0.0011705574011430131
leaf_weight=1653 421 1013 88 1197 194 75 230 90 56 459 1315 628 73 407 862 61 96 49 185 332 272 327 250 63 1063 147 120 165 489 143
leaf_count=1653 421 1013 88 1197 194 75 230 90 56 459 1315 628 73 407 862 61 96 49 185 332 272 327 250 63 1063 147 120 165 489 143
internal_value=-0.00066672 0.0244856 -0.0301127 0.0157669 0.0212518 -0.0207988 0.00643293 -0.0267089 0.00139459 -0.00286177 0.0410477 0.0255107 0.0220041 -0.0281286 -0.0421502 0.0239672 0.00917874 -0.00630631 -0.0133495 -0.0165622 -0.0102479 -0.0239766 -0.00230061 0.0147959 -0.0304555 -0.0126338 -0.0210821 -0.0146484 0.00811404 -0.00125
internal_weight=12523 6754 5769 4426 2787 3254 1639 1813 1218 925 2328 2104 1476 1725 2515 1403 206 110 1441 1116 604 512 325 293 1470 466 267 255 683 199
internal_count=12523 6754 5769 4426 2787 3254 1639 1813 1218 925 2328 2104 1476 1725 2515 1403 206 110 1441 1116 604 512 325 293 1470 466 267 255 683 199
is_linear=0
shrinkage=0.05


Tree=3
num_leaves=31
num_cat=0
split_feature=2 2 8 6 5 7 3 3 5 6 5 5 8 7 2 2 5 5 6 5 6 5 5 2 1 5 3 8 5 5
split_gain=1007.9 317.505 132.984 145.091 102.572 84.9667 87.8267 118.429 82.6839 62.2185 59.8969 68.0369 58.7358 117.168 53.012 46.7835 45.776 44.0112 39.0803 37.0537 35.7182 34.5796 33.9606 33.5919 31.162 30.6665 28.6771 28.4177 27.2796 26.7212
threshold=925.09000000000003 935.63666666666677 -0.97113716369942038 0.97461712852231652 -0.75579217237767959 -0.88622299073327826 8.5000000000000018 17.500000000000004 -0.93545489084327571 0.81800285027139297 0.70290292807158605 0.80417553764032002 0.26659387353423869 0.54217677573236234 930.61666666666679 923.25666666666677 -0.83377653105606597 0.95752911693909493 0.91511078773075516 0.93845596220871974 0.99748108949426018 -0.099819732675876835 0.61237135649459018 912.49333333333345 2.5666666666666669 -0.99985146406598202 11.500000000000002 -0.54760613975548533 0.98522604642031408 -0.90893996196865023
decision_type=2 2 2 2 2 2 2 2 2 2 2 2 2 2 2 2 2 2 2 2 2 2 2 2 2 2 2 2 2 2
left_child=9 2 25 4 14 10 19 18 -3 15 -6 -12 -10 -14 16 22 27 -9 26 -7 23 -5 -1 -11 -16 -2 -8 29 -21 -4
right_child=1 8 3 21 5 6 7 17 12 20 11 -13 13 -15 24 -17 -18 -19 -20 28 -22 -23 -24 -25 -26 -27 -28 -29 -30 -31
leaf_value=0.025821448738500476 -0.0037619852856267235 0.0022768898034002645 -0.00077182410513050722 -0.00061249930732883498 0.008102161266887559 -0.0034197017179103568 -0.00016555044245906148 -0.0032777270936174326 -0.0070115140981040899 0.021148890132829546 -0.0065855171945295304 0.006738636792683975 -0.0063069098388659761 0.0052016052454244349 -0.00021228943248279288 0.010368748440640048 -0.0047342153635690923 0.0014302622553426778 -0.0033206619328819218 0.0015811282501555974 0.048489041502401235 0.012251311531523243 0.012882948972051965 0.0018664645805954922 -0.0060445975624024879 0.0079342525811865929 0.0032727726057171836 0.0018032585083739825 -0.0044956700566224752 -0.0062945336158620208
leaf_weight=607 73 97 429 112 561 1434 479 986 896 114 122 53 400 97 97 684 242 118 181 152 72 374 848 637 709 555 965 196 66 113
leaf_count=607 73 97 429 112 561 1434 479 986 896 114 122 53 400 97 97 684 242 118 181 152 72 374 848 637 709 555 965 196 66 113
internal_value=-0.000589415 -0.0085244 -0.00458344 -0.00646143 -0.00832126 -0.00471864 -0.00735965 -0.00184982 -0.0297116 0.0248734 0.0109905 -0.0144886 -0.0328192 -0.0189759 -0.0186346 0.0293692 -0.0108053 -0.0144796 0.00673432 -0.0164549 0.0131675 0.0199179 0.0344437 0.00990691 -0.0281289 0.0174881 0.00948097 -0.00460081 0.00273973 -0.0104972
internal_weight=12469 9507 8017 7389 6903 5117 4381 2729 1490 2962 736 175 1393 497 1786 2139 980 1104 1625 1652 823 486 1455 751 806 628 1444 738 218 542
internal_count=12469 9507 8017 7389 6903 5117 4381 2729 1490 2962 736 175 1393 497 1786 2139 980 1104 1625 1652 823 486 1455 751 806 628 1444 738 218 542
is_linear=0
shrinkage=0.05


Tree=4
num_leaves=31
num_cat=0
split_feature=0 0 0 0 9 2 5 2 0 6 9 7 9 9 7 5 6 9 9 2 9 4 5 0 6 7 7 7 9 7
split_gain=3313.22 371.614 280.724 75.9458 60.7544 49.724 46.5376 45.0399 43.8658 41.3168 47.8055 32.5622 26.4612 24.7203 31.9514 24.6499 29.9777 22.4959 22.933 20.7879 19.6934 23.9553 19.5046 19.4698 19.3672 18.9227 18.0247 24.9685 18.827 21.3568
threshold=9.1233333333333366 16.363333333333337 6.1766666666666667 11.996666666666668 722.14999999999998 926.09000000000003 0.39036257410962044 936.08333333333348 5.0300000000000011 -0.69676771491221523 975.18750000000011 -0.54220184589352438 1199.2750000000003 1211.0312500000002 -0.70291267844185523 0.54219432480460406 -0.10837475778693638 1261.5499999999997 1337.2812499999993 927.11666666666679 1665.5500000000002 3.5000000000000004 0.98522604642031408 7.1566666666666681 0.99530134160901229 -0.8431462759492121 -0.54220184589352438 -0.62588817255938378 1636.3750000000002 -0.21022365857738434
decision_type=2 2 2 2 2 2 2 2 2 2 2 2 2 2 2 2 2 2 2 2 2 2 2 2 2 2 2 2 2 2
left_child=2 3 8 5 19 17 11 12 -1 10 -3 -6 -8 14 -7 16 -15 -2 -19 -4 -11 -22 -14 -13 25 -5 27 -18 29 -28
right_child=1 9 4 24 6 13 7 -9 -10 20 -12 23 22 15 -16 -17 26 18 -20 -21 21 -23 -24 -25 -26 -27 28 -29 -30 -31
leaf_value=-0.0075339376961835666 0.014974708852985642 -0.00053064592779614032 0.010164241490999704 0.011962350180696229 -0.0053137823970930177 0.011410056080228534 0.0044834842805902006 -0.0048134444461495141 -0.0052430255883748767 0.022749940690249205 0.020736288489438592 -0.0043870141106584926 -0.0019184157882025474 -0.0038023684876738115 0.00065596504211425793 0.00089798028869321478 -0.0013960726578719912 -0.0034725968840043061 0.0054283233779855063 -0.00044598953099572183 0.0016418818505853417 0.014886683236437381 0.0018110291483066977 -0.0022556810497012347 0.024997196325834376 0.004857392849412865 -0.00046122773541370512 -0.0066451657553610851 -0.001772695312340511 0.0080353346352087102
leaf_weight=1649 150 120 53 264 531 106 44 154 1296 1943 304 440 721 63 450 405 191 50 383 77 77 49 127 682 77 1686 89 43 81 78
leaf_count=1649 150 120 53 264 531 106 44 154 1296 1943 304 440 721 63 450 405 191 50 383 77 77 49 127 682 77 1686 89 43 81 78
internal_value=-0.000851906 0.0233207 -0.0285195 0.0140879 -0.0172615 0.00739234 -0.0188704 -0.0106017 -0.0393245 0.0385525 0.0242353 -0.0240931 -0.006271 0.00258792 0.0109515 -0.00231335 -0.00924908 0.0197774 0.0139401 0.0160305 0.0414734 0.0220472 -0.00824499 -0.0192342 0.0209813 0.0199897 -0.00496894 -0.0148936 0.00441767 0.0139881
internal_weight=12383 6609 5774 4116 2829 2089 2699 1046 2945 2493 424 1653 892 1506 556 950 545 583 433 130 2069 126 848 1122 2027 1950 482 234 248 167
internal_count=12383 6609 5774 4116 2829 2089 2699 1046 2945 2493 424 1653 892 1506 556 950 545 583 433 130 2069 126 848 1122 2027 1950 482 234 248 167
is_linear=0
shrinkage=0.05


Tree=5
num_leaves=31
num_cat=0
split_feature=0 0 0 0 2 1 9 1 2 5 2 0 1 0 9 2 0 1 9 5 2 9 5 8 0 8 8 9 9 8
split_gain=3176.32 354.87 259.869 87.4709 56.3442 50.1173 46.4162 45.4916 56.1206 43.0092 37.2233 36.6933 35.3613 29.3187 28.8094 25.764 25.1687 22.1297 20.7301 37.3453 42.3012 19.6698 18.4035 18.3173 18.1028 24.2504 24.8839 20.9714 18.8099 17.5111
threshold=9.1233333333333366 17.570000000000004 6.1366666666666676 11.156666666666668 935.96333333333348 98.833333333333343 722.14999999999998 21.900000000000002 926.50333333333344 0.39036257410962044 926.09000000000003 5.0300000000000011 19.633333333333336 24.016666666666669 1199.2750000000003 926.96333333333348 7.203333333333334 13.300000000000002 1261.5499999999997 -0.15101209918632377 923.70333333333349 1391.25 0.35846314187849709 0.91160899963879305 13.650000000000004 0.59004310983071195 0.80800279670863706 872.19999999999948 1559.7250000000001 0.72399708366809723
decision_type=2 2 2 2 2 2 2 2 2 2 2 2 2 2 2 2 2 2 2 2 2 2 2 2 2 2 2 2 2 2
left_child=2 3 11 7 6 10 15 -2 -9 16 -5 -1 -6 -3 -11 -4 -8 -12 -7 20 -20 -16 -21 -18 25 -19 -27 -26 -28 -10
right_child=1 13 4 5 12 18 9 8 29 14 17 -13 -14 -15 21 -17 23 24 19 22 -22 -23 -24 -25 27 26 28 -29 -30 -31
leaf_value=-0.007122984493175057 0.0043551939012879742 0.016610774971595268 0.0097453094346612937 0.013628364692591061 -0.0038457419800307681 0.013066548370480234 -0.0043625380775638755 0.00498449426011849 -0.00081749819795187771 0.0026962223509679906 0.0087139012878107887 -0.0051591510307403363 -0.0057280971554052804 0.026488625740554883 -0.0040010543877860181 -0.0018525313226985156 -0.0031800581204114286 0.002837032075895753 0.013162891795489007 0.0060534856545790966 -0.0047728481571057803 -0.00081623753417562619 0.0002871341034775543 -0.00017918449686288586 0.00048623421942861622 -0.0060932528006809594 -0.00098591596710265877 0.005864547079961516 0.0072887419954751065 -0.0031336514428160454
leaf_weight=1657 387 1304 54 744 122 98 595 426 598 47 456 1337 297 826 194 92 716 458 41 118 98 675 228 165 109 52 52 493 53 124
leaf_count=1657 387 1304 54 744 122 98 595 426 598 47 456 1337 297 826 194 92 716 458 41 118 98 675 228 165 109 52 52 493 53 124
internal_value=-0.00116509 0.0225398 -0.0277134 0.0146274 -0.0171907 0.0195935 -0.0143757 0.00491536 -8.70322e-05 -0.0160468 0.0227667 -0.0380968 -0.0341667 0.0393712 -0.00752454 0.0129252 -0.021327 0.0186081 0.00642123 0.00216049 -0.0196429 -0.0095977 0.010951 -0.0159297 0.0150657 0.00900974 -0.00791139 0.0212272 0.00613208 -0.00857538
internal_weight=12616 6665 5951 4535 2957 3000 2538 1535 1148 2392 2417 2994 419 2130 916 146 1476 1673 583 485 139 869 346 881 1217 615 157 602 105 722
internal_count=12616 6665 5951 4535 2957 3000 2538 1535 1148 2392 2417 2994 419 2130 916 146 1476 1673 583 485 139 869 346 881 1217 615 157 602 105 722
is_linear=0
shrinkage=0.05


Tree=6
num_leaves=31
num_cat=0
split_feature=0 0 0 0 1 0 8 8 5 6 1 9 6 9 9 0 1 7 7 7 0 9 5 9 6 9 5 7 1 7
split_gain=2958.33 415.145 215.135 105.499 50.852 37.7868 36.1823 42.4173 41.461 32.749 56.2374 42.5359 30.4205 54.007 31.4395 23.0238 26.5503 22.8313 20.0223 18.9388 18.9207 18.5459 21.6235 18.427 17.4083 17.2479 22.4808 16.9675 26.4582 16.2659
threshold=8.7766666666666691 13.450000000000001 6.2233333333333336 19.103333333333339 13.300000000000002 5.0833333333333348 0.75438814418115718 0.88917497572200743 -0.05695216311707673 -0.59177783207548873 93.700000000000017 947.11874999999998 0.18281312110578132 1090.9187499999996 1496.7062500000002 10.096666666666669 91.233333333333348 0.93315540453694978 -0.0053757035942445328 0.99274428880883148 27.443333333333339 724.55000000000007 -0.42180583328916638 1422.8499999999997 -0.91939278948206182 1434.9562500000002 -0.67803021058859214 0.13612025994847315 86.566666666666677 0.18281681932135149
decision_type=2 2 2 2 2 2 2 2 2 2 2 2 2 2 2 2 2 2 2 2 2 2 2 2 2 2 2 2 2 2
left_child=2 4 5 9 24 -1 15 -8 -9 11 23 -3 18 -14 -15 21 19 -16 -4 -17 27 -6 -23 -11 -2 -18 -27 -5 -29 -20
right_child=1 3 12 20 6 -7 7 8 -10 10 -12 -13 13 14 17 16 25 -19 29 -21 -22 22 -24 -25 -26 26 -28 28 -30 -31
leaf_value=-0.0067357033821557784 0.00056656478917376798 -0.0011942908964054173 -0.00068432701261264485 0.022129185142845065 0.012122013337145222 -0.0045722496745483291 -0.0031669959621401463 -0.0020226713239037178 0.0039119521074987744 0.017604367769175039 0.0050800856759064513 0.0064751126809319609 0.0092375596662935683 -0.0051360504825686791 -0.0040706866839165957 0.0040267621722011237 0.0046387044658347991 -0.00015501939241876762 -0.0070228274549577587 -0.0012305356361926479 0.026347817462645154 -0.0021059129084475903 0.0011874121031405908 0.009003364594274435 0.0057211725773750697 -0.0040665950914969299 0.00015385942768691432 0.01801747599224587 0.0079866980027456652 -0.0027170039806338033
leaf_weight=1726 98 158 596 543 40 1316 222 76 171 464 515 409 52 589 446 939 150 151 60 51 520 276 333 495 502 65 221 436 243 623
leaf_count=1726 98 158 596 543 40 1316 222 76 171 464 515 409 52 589 446 939 150 151 60 51 520 276 333 495 502 65 221 436 243 623
internal_value=-0.0011532 0.0206481 -0.0283183 0.031805 0.00721781 -0.0372659 0.00412574 -0.00840426 0.00584677 0.0240695 0.028 0.0138204 -0.017494 -0.0230831 -0.0252738 0.0069605 0.0105116 -0.0171405 -0.0120703 0.0150353 0.0408491 -0.000846154 -0.00303279 0.0351562 0.0202995 0.000228833 -0.00696864 0.0373671 0.0319853 -0.0179094
internal_weight=12486 6927 5559 3783 3144 3042 2544 469 247 2041 1474 567 2517 1238 1186 2075 1426 597 1279 990 1742 649 609 959 600 436 286 1222 679 683
internal_count=12486 6927 5559 3783 3144 3042 2544 469 247 2041 1474 567 2517 1238 1186 2075 1426 597 1279 990 1742 649 609 959 600 436 286 1222 679 683
is_linear=0
shrinkage=0.05


Tree=7
num_leaves=31
num_cat=0
split_feature=0 0 0 0 2 2 1 0 1 6 9 9 0 5 1 2 9 5 2 9 2 9 9 1 5 2 1 6 9 6
split_gain=2784.27 376.132 221.799 101.286 59.283 49.744 52.8021 49.1257 33.433 32.5101 46.238 39.6346 27.0398 25.9992 25.6987 25.6896 25.303 25.2782 36.8163 21.7592 20.2241 20.1648 19.8521 18.8821 18.5504 18.0611 25.2217 17.5767 17.3319 17.3196
threshold=8.9033333333333342 18.200000000000003 5.4433333333333342 11.996666666666668 936.08333333333348 925.93000000000006 13.700000000000001 7.3166666666666673 98.833333333333343 -0.38243420677835349 1372.0312499999998 907.64999999999998 28.563333333333336 -0.92923668111203805 2.3666666666666671 926.59000000000015 1261.5499999999997 -0.099819732675876835 923.70333333333349 1337.2812499999993 922.85000000000002 708.19999999999993 1261.5499999999997 10.033333333333335 0.39036257410962044 924.10333333333347 60.033333333333339 -0.9497838742125716 1470.425 0.8511460603353429
decision_type=2 2 2 2 2 2 2 2 2 2 2 2 2 2 2 2 2 2 2 2 2 2 2 2 2 2 2 2 2 2
left_child=2 3 -1 5 7 16 -7 25 9 11 -11 21 -3 -6 -15 -13 -2 18 -10 -18 29 -5 -20 27 -17 26 -4 -22 -12 -9
right_child=1 12 4 8 13 6 -8 20 17 10 28 15 -14 14 -16 24 19 -19 22 -21 23 -23 -24 -25 -26 -27 -28 -29 -30 -31
leaf_value=-0.0061879287668171728 0.016544682767829583 0.017557113755569436 0.0033427543671658206 0.0075202332069105151 0.0018991604979318511 0.0040471042596053044 -0.00062488377095950426 0.0085500521120056103 0.013736822179191706 0.018894386086944472 0.0024984740973919479 0.017405831753517793 0.025340480827547546 -0.004162862910298876 -0.0052676843934204125 0.0016619883882305871 -0.0030583979235629514 0.003907039658132108 0.0034806248610721267 0.0046868943385917437 -0.0036034708663874281 -0.0014027635881916857 -0.0050251492423058477 -0.0025779004034783997 0.0096021584291993093 -0.0036071470063066624 -0.0042233276062272921 0.00099601115572084549 0.0069441245136914083 -0.0026239315934097661
leaf_weight=2112 158 1554 86 81 41 410 1251 81 52 454 206 148 434 61 433 317 54 317 42 402 46 159 87 842 105 1570 127 227 639 62
leaf_count=2112 158 1554 86 81 41 410 1251 81 52 454 206 148 434 61 433 317 54 317 42 402 46 159 87 842 105 1570 127 227 639 62
internal_value=-0.00098734 0.0204337 -0.0268589 0.0129633 -0.019262 0.00525044 0.000752106 -0.0165516 0.0196894 0.0224408 0.0273462 0.0145499 0.0387632 -0.0346082 -0.0377778 0.0217163 0.0173984 0.00801603 -0.00686813 0.0113786 -0.00897538 -0.00248963 -0.0211538 -0.0112455 0.0153664 -0.021889 -0.00817757 0.000182482 0.0203901 0.00868056
internal_weight=12558 6870 5688 4882 3576 2275 1661 3041 2607 2109 1299 810 1988 535 494 570 614 498 181 456 1258 240 129 1115 422 1783 213 273 845 143
internal_count=12558 6870 5688 4882 3576 2275 1661 3041 2607 2109 1299 810 1988 535 494 570 614 498 181 456 1258 240 129 1115 422 1783 213 273 845 143
is_linear=0
shrinkage=0.05


Tree=8
num_leaves=31
num_cat=0
split_feature=0 0 0 1 0 2 0 0 9 7 2 1 9 7 7 8 2 1 0 1 9 2 9 2 1 8 1 7 2 2
split_gain=2655.02 340.191 244.427 65.9462 62.5381 60.0304 48.2087 41.9922 35.6478 35.4993 37.4333 33.1363 30.5519 27.6481 26.5885 32.5322 25.1409 22.7644 20.996 20.863 22.8035 27.4717 20.12 18.3301 20.9886 17.5829 20.7574 17.1919 22.8554 17.0692
threshold=9.1233333333333366 16.363333333333337 6.1766666666666667 32.233333333333341 11.723333333333334 935.41666666666686 24.716666666666672 5.0833333333333348 722.14999999999998 -0.878119045158818 918.63666666666677 18.300000000000001 1665.5500000000002 -0.34235511113144612 0.42178632996157733 0.83730377313544024 926.59000000000015 99.033333333333346 7.370000000000001 95.166666666666686 1646.08125 929.03666666666675 872.19999999999948 926.50333333333344 86.566666666666677 -0.029024744910506859 49.966666666666676 0.67799886003753596 927.59666666666681 935.02333333333343
decision_type=2 2 2 2 2 2 2 2 2 2 2 2 2 2 2 2 2 2 2 2 2 2 2 2 2 2 2 2 2 2
left_child=2 3 7 16 9 8 14 -1 27 -5 -11 13 19 -7 17 22 -2 -3 -10 -6 21 -21 -16 24 -20 -12 -27 -4 -29 -18
right_child=1 6 5 4 12 11 -8 -9 18 10 25 -13 -14 -15 15 -17 29 -19 23 20 -22 -23 -24 -25 -26 26 -28 28 -30 -31
leaf_value=-0.0061423106204871432 0.010678318121283559 0.016713937972752051 0.012701061727742541 0.0034432053263433807 0.0058543775983629451 -0.0048682641772135986 0.022980763584416159 -0.0042842529155068939 -0.0031870981352250557 0.0078648823276442573 -0.00018522130137859085 -0.0049109591440789045 -0.0018139070484993166 0.0010315263024378352 0.0026473753917952147 -0.0039651841460533067 0.0033618505404623428 0.00836106818478753 0.0026624636843362 0.0025913367324922583 0.0084048907722887485 -0.0024708496116266397 0.012203362499432747 -0.0015620406855739858 -0.0035942421548578562 0.00041265354981066609 -0.0029110476605195938 0.0062492217690662925 -0.0043562379177198044 0.0074602164430047609
leaf_weight=1773 192 777 44 210 1043 73 732 1253 990 121 547 339 119 75 151 46 870 212 214 257 87 132 616 902 132 82 342 40 59 165
leaf_count=1773 192 777 44 210 1043 73 732 1253 990 121 547 339 119 75 151 46 870 212 214 257 87 132 616 902 132 82 342 40 59 165
internal_value=-0.00125834 0.0202701 -0.0257337 0.0114803 0.00741244 -0.0152666 0.034714 -0.0356459 -0.0119857 -0.00076746 -0.00439158 -0.03125 0.0139109 -0.0114094 0.0302829 0.0235258 0.0212134 0.0358081 -0.0135328 0.0158224 0.00712788 0.00192308 0.0259766 -0.00920737 0.000576369 -0.00766461 -0.0152941 0.0121528 0.0005 0.0180985
internal_weight=12595 6701 5894 4167 2940 2868 2534 3026 2381 1302 1092 487 1638 148 1802 813 1227 989 2238 1519 476 389 767 1248 346 971 424 143 99 1035
internal_count=12595 6701 5894 4167 2940 2868 2534 3026 2381 1302 1092 487 1638 148 1802 813 1227 989 2238 1519 476 389 767 1248 346 971 424 143 99 1035
is_linear=0
shrinkage=0.05


Tree=9
num_leaves=31
num_cat=0
split_feature=0 0 0 0 2 0 1 2 6 1 6 9 9 7 9 6 9 9 3 1 9 6 0 7 0 8 2 1 6 9
split_gain=2501.96 355.746 186.626 103.57 57.2201 45.4067 43.6151 39.0624 37.4698 31.6193 54.5861 42.2558 30.2545 31.5867 26.3289 24.0584 22.6884 22.024 21.5473 20.3797 19.9897 45.3294 20.9896 19.2058 19.0074 17.8931 17.742 21.8985 19.8255 17.0269
threshold=8.9033333333333342 13.450000000000001 5.4433333333333342 20.876666666666669 936.18333333333351 7.3166666666666673 31.633333333333336 925.17000000000019 0.3484035575467645 98.833333333333343 -0.59177783207548873 947.11874999999998 1261.5499999999997 -0.66528308454101848 1685.0874999999999 -0.91939278948206182 1417.5249999999999 1690.0562500000001 14.500000000000002 3.0333333333333337 1059.1000000000001 -0.3744658827978154 10.810000000000002 -0.26037633224328088 4.330000000000001 0.1318557721318592 922.85000000000002 23.566666666666674 0.84199059757024453 1536.6874999999998
decision_type=2 2 2 2 2 2 2 2 2 2 2 2 2 2 2 2 2 2 2 2 2 2 2 2 2 2 2 2 2 2
left_child=2 6 24 9 5 -4 15 12 -6 10 11 -3 -8 -14 -5 -2 -12 20 25 -10 21 -9 -22 -15 -1 29 28 -28 -7 -17
right_child=1 3 4 14 8 26 7 17 19 -11 16 -13 13 23 -16 18 -18 -19 -20 -21 22 -23 -24 -25 -26 -27 27 -29 -30 -31
leaf_value=-0.0062430790438101312 -0.00068561479892981919 -0.0014782036442144847 -0.0033051201582153622 0.020842127009696884 -0.00048240381087243659 0.0091437075211669439 0.01582858279883027 -0.00098886389811046619 -0.0031414130495883612 0.0041196178323960886 0.015707317706998639 0.0075708020353218346 0.0052937491383090313 -0.0036015887360912021 0.0054072595186101888 0.0030998806371698301 0.0091273478375750918 0.0013036299088309807 0.0071339758053129898 -0.0049944967743988369 -0.0016877717284049286 0.0093955602256401982 9.2627480184040445e-05 0.0020710292151891797 -0.0045987875559346776 0.0046557854087691227 -0.00023393851330892265 -0.0025539635512493181 -0.0014812283365100015 -0.0024723297251464981
leaf_weight=1000 140 176 1789 1281 80 81 141 170 49 441 560 458 129 87 60 251 738 57 299 399 556 125 593 255 1102 195 382 737 61 50
leaf_count=1000 140 176 1789 1281 80 81 141 170 49 441 560 458 129 87 60 251 738 57 299 399 556 125 593 255 1102 195 382 737 61 50
internal_value=-0.00132605 0.0192222 -0.0257877 0.0296097 -0.0188321 -0.0161914 0.00655953 0.00257805 -0.0340265 0.0233151 0.0260735 0.0140157 0.0132137 0.00709746 0.0407228 0.0155449 0.0319477 -0.00176431 0.018907 -0.0396437 -0.00297578 0.00861486 -0.00595652 -0.000874636 -0.0376129 0.0124748 -0.00891442 -0.0110268 0.00769231 0.00480132
internal_weight=12442 6762 5680 3714 3578 3050 3048 2113 528 2373 1932 634 612 471 1341 935 1298 1501 795 448 1444 295 1149 342 2102 496 1261 1119 142 301
internal_count=12442 6762 5680 3714 3578 3050 3048 2113 528 2373 1932 634 612 471 1341 935 1298 1501 795 448 1444 295 1149 342 2102 496 1261 1119 142 301
is_linear=0
shrinkage=0.05


Tree=10
num_leaves=31
num_cat=0
split_feature=0 0 0 0 2 0 0 8 1 2 9 2 1 7 1 9 9 8 9 7 7 7 7 0 7 9 0 7 2 7
split_gain=2212.95 383.815 174.124 66.1122 58.5207 53.0019 37.2186 34.0655 31.3349 43.4975 30.7171 30.6237 26.4239 25.6622 26.8869 28.9916 23.9433 22.6384 21.6364 18.8384 22.9999 21.2655 18.7768 18.8788 17.339 16.857 16.6624 15.7592 19.157 15.4048
threshold=8.7166666666666703 16.803333333333338 5.4433333333333342 11.156666666666668 935.87000000000012 24.716666666666672 6.3900000000000015 -0.75015199441507729 21.366666666666671 926.89666666666676 1422.8499999999997 924.43000000000006 60.366666666666674 0.17011757999667351 96.233333333333348 872.19999999999948 735.47499999999968 -0.8697618612574799 735.47499999999968 -0.8431462759492121 -0.97509344079810367 -0.5484990889199054 -0.63920832810365535 3.2433333333333341 0.9252105435402006 1261.5499999999997 13.750000000000002 0.21652696009750597 923.70333333333349 0.93544191479114935
decision_type=2 2 2 2 2 2 2 2 2 2 2 2 2 2 2 2 2 2 2 2 2 2 2 2 2 2 2 2 2 2
left_child=2 3 22 11 6 13 -4 -6 -5 10 27 25 -13 -3 15 18 24 -12 -15 20 -11 -21 -1 -24 -8 -2 -19 -10 -29 -23
right_child=1 5 4 8 7 -7 16 -9 9 19 17 12 -14 14 -16 -17 -18 26 -20 21 -22 29 23 -25 -26 -27 -28 28 -30 -31
leaf_value=-0.0060878833090204495 0.016688854493746214 0.015502100776091316 -0.003362742539681449 0.0072424595680041781 -0.00056882520440447036 0.020992016647743295 0.0022372998746607365 -0.0046390510893257481 0.017568051832158978 -0.00090411967710233578 -0.0022597672375360869 0.0006048828163861174 -0.0011524574335446888 0.0080952472868399492 0.0025540571198881395 0.01101451704921003 -0.0021385754880566821 0.0028022225024513835 -0.002987121403811026 -0.0024389906935168727 0.0077863756570533326 0.0014967694507388163 -0.0065078812533575312 -0.0044683434296877737 -0.0034551376346902418 0.0026579715186342045 0.01118877689351864 0.016772935252658744 0.0016839901891380488 -0.0021168464791068652
leaf_weight=567 78 708 938 601 83 747 107 489 174 69 99 872 630 89 178 595 1715 232 40 125 86 769 193 1328 53 264 219 122 129 135
leaf_count=567 78 708 938 601 83 747 107 489 174 69 99 872 630 89 178 595 1715 232 40 125 86 769 193 1328 53 264 219 122 129 135
internal_value=-0.00128669 0.017416 -0.0250731 0.00901194 -0.0180597 0.033821 -0.0150853 -0.0326353 0.013908 0.011088 0.0189037 0.00168022 -0.00139721 0.0286778 0.0230343 0.0273103 -0.0110075 0.0110708 0.00576923 0.00464135 0.0208333 0.00218447 -0.0364289 -0.0334757 0.00745342 0.0151603 0.0158186 0.0289906 0.0208333 0.00486188
internal_weight=12434 6961 5473 4604 3385 2357 2813 572 2760 2159 975 1844 1502 1610 902 724 1875 550 129 1184 155 1029 2088 1521 160 342 451 425 251 904
internal_count=12434 6961 5473 4604 3385 2357 2813 572 2760 2159 975 1844 1502 1610 902 724 1875 550 129 1184 155 1029 2088 1521 160 342 451 425 251 904
is_linear=0
shrinkage=0.05


Tree=11
num_leaves=31
num_cat=0
split_feature=2 2 9 5 5 5 7 9 7 7 9 9 9 6 5 5 9 9 1 9 5 6 1 9 9 2 2 9 9 7
split_gain=670.435 244.323 141.63 103.899 90.9119 88.212 83.7976 118.336 108.717 66.3509 64.5934 57.7281 63.2888 56.0031 71.5333 70.3446 50.5644 50.4574 48.6465 58.6643 43.2756 59.8135 47.968 42.9154 42.613 39.0229 38.503 37.8947 37.11 35.1776
threshold=925.01666666666677 935.87000000000012 1261.5499999999997 -0.20180236284700911 -0.93545489084327571 -0.99275805973510278 -0.90163369914317015 1154.0562499999999 -0.92923668111203805 -0.51297808981038739 1685.0874999999999 1211.0312500000002 1444.5374999999997 0.97461712852231652 0.92922379131507438 0.90162119223771331 1337.2812499999993 872.19999999999948 68.166666666666686 1461.8999999999999 0.77244481603295057 0.99932962452255414 24.033333333333335 1417.5249999999999 1472.7500000000002 926.89666666666676 919.78333333333342 1615.6500000000001 726.07500000000005 0.55656748448714433
decision_type=2 2 2 2 2 2 2 2 2 2 2 2 2 2 2 2 2 2 2 2 2 2 2 2 2 2 2 2 2 2
left_child=2 3 -1 5 -3 -2 7 -7 -9 -6 16 17 -13 14 15 -5 26 28 19 -14 21 22 -11 -18 -25 -19 -4 -24 -8 -26
right_child=1 4 10 13 9 6 11 8 -10 20 -12 12 18 -15 -16 -17 23 25 -20 -21 -22 -23 27 24 29 -27 -28 -29 -30 -31
leaf_value=0.022056943764014385 0.006927135332861812 0.0032557178744583707 0.010688028447584492 -0.00039790025472549452 -0.0060486620125364838 0.021685809132080243 -0.0018657139851033567 -0.0036523907616133181 0.0045404050183681802 0.0036755199834433263 -0.003425930170484873 -0.0054399886174325632 0.014012934173433243 0.006148571214183606 0.0019866960781763443 -0.0042166282024938499 0.013755999601968733 0.0040973032154644155 -0.00476795364750047 -0.0041942916518063599 -0.004878279151642767 -0.0056815478335733582 -0.0031202238616285399 0.00057969582344695317 0.009969561742331998 -0.0011642385567701607 -0.0067553338832174042 0.0042046135073404295 -0.0045246642023872565 0.0048305480952093287
leaf_weight=753 437 98 41 2219 481 160 505 237 114 120 131 389 117 485 916 211 248 204 375 306 396 84 166 521 545 1006 68 53 509 608
leaf_count=753 437 98 41 2219 481 160 505 237 114 120 131 389 117 485 916 211 248 204 375 306 396 84 166 521 545 1006 68 53 509 608
internal_value=-0.00139555 -0.00777975 0.0195988 -0.00448053 -0.0270908 -0.00975917 -0.0121336 0.00673828 -0.00951705 -0.0305919 0.0130837 -0.0149619 -0.0238636 0.00152662 -0.000776815 -0.00526532 0.0152805 -0.0102022 -0.0157697 -0.00412736 -0.0218902 -0.0107311 -0.00132353 0.0171607 0.0142687 -0.00330306 -0.0177273 -0.0152273 -0.0184236 0.0196274
internal_weight=12503 9588 2915 8190 1398 4359 3922 511 351 1300 2162 3411 1187 3831 3346 2430 2031 2224 798 423 819 423 339 1922 1674 1210 109 219 1014 1153
internal_count=12503 9588 2915 8190 1398 4359 3922 511 351 1300 2162 3411 1187 3831 3346 2430 2031 2224 798 423 819 423 339 1922 1674 1210 109 219 1014 1153
is_linear=0
shrinkage=0.05


Tree=12
num_leaves=31
num_cat=0
split_feature=0 0 0 0 2 1 2 9 0 7 9 5 9 5 8 7 2 1 5 9 9 7 1 8 8 8 9 9 7 2
split_gain=2125.48 336.549 210.445 55.51 49.084 44.2009 68.1501 41.6634 40.9374 39.8267 37.553 31.4072 38.9262 28.2484 32.2672 27.1573 34.239 27.0568 26.824 24.9196 24.1281 23.7493 22.007 21.1613 20.4324 24.6583 20.1267 19.9398 18.1598 18.679
threshold=9.2566666666666695 16.363333333333337 6.1366666666666676 24.716666666666672 935.87000000000012 21.366666666666671 928.71666666666681 1261.5499999999997 4.4966666666666679 0.91161058030431363 1319.3062499999999 0.39036257410962044 722.14999999999998 0.97112537654464559 -0.83377508534904698 0.90623151893102627 924.31666666666672 92.63333333333334 -0.67803021058859214 556.74999999999989 1199.2750000000003 -0.48314718476766422 19.633333333333336 0.57605713708605399 0.91160899963879305 0.93158198870884079 1507.4312499999999 1436.9687500000002 -0.66528308454101848 925.39666666666676
decision_type=2 2 2 2 2 2 2 2 2 2 2 2 2 2 2 2 2 2 2 2 2 2 2 2 2 2 2 2 2 2
left_child=2 5 8 15 11 -2 7 9 -1 -7 -9 12 -4 14 -12 17 -17 23 -10 -8 -13 -6 -23 -3 -14 -26 28 -19 29 -16
right_child=1 3 4 -5 21 6 19 10 18 -11 13 20 24 -15 26 16 -18 27 -20 -21 -22 22 -24 -25 25 -27 -28 -29 -30 -31
leaf_value=-0.0054694478289068361 0.0047265658822854958 0.016166616848409237 0.0021942140120523009 0.01935736853444097 -0.0042923174944692914 0.012601459610675615 0.019216716705293863 -0.0053553526282497828 -0.0047799400260093551 -0.0010689757731614598 0.012666572278969754 0.0027624497733474336 -0.0030620957003225147 -0.0016526512401122129 0.0042375737350904691 0.014640382647775646 -0.00028730094721313436 0.018410702752962204 -0.0032168410129571647 -0.00037501632089668589 -0.00081347120509082113 -0.00071251030038615786 -0.0039906608176581964 0.0095654542118186227 0.0035589426699219324 -0.0018005902205986233 0.0052110656309948171 0.0043140778858151768 -0.0025146458813054386 -0.0012293939708237008
leaf_weight=1135 902 653 147 740 160 470 43 95 598 101 111 45 1234 169 130 111 163 150 1186 1364 857 96 182 424 62 201 486 261 64 134
leaf_count=1135 902 653 147 740 160 470 43 95 598 101 111 45 1234 169 130 111 163 150 1186 1364 857 96 182 424 62 201 486 261 64 134
internal_value=-0.00150701 0.0180539 -0.0232808 0.032481 -0.0139363 0.0091769 0.00639205 0.0129472 -0.0328253 0.0240385 0.00760504 -0.0112682 -0.0153799 0.0102283 0.0136609 0.0276234 0.0130909 0.0302888 -0.0280672 -0.00181108 -0.00376523 -0.029385 -0.0204301 0.034462 -0.0177904 -0.00511364 0.010184 0.0192961 0.000607903 0.00641509
internal_weight=12474 6571 5903 2502 2984 4069 3167 1760 2919 571 1189 2546 1644 1094 925 1762 274 1488 1784 1407 902 438 278 1077 1497 263 814 411 328 264
internal_count=12474 6571 5903 2502 2984 4069 3167 1760 2919 571 1189 2546 1644 1094 925 1762 274 1488 1784 1407 902 438 278 1077 1497 263 814 411 328 264
is_linear=0
shrinkage=0.05


Tree=13
num_leaves=31
num_cat=0
split_feature=0 0 0 0 0 0 1 1 7 7 7 6 1 6 5 7 5 6 0 1 1 5 8 1 5 1 3 7 8 6
split_gain=1946.83 339.063 178.148 79.3227 43.4942 42.6216 39.0848 31.797 31.0117 25.8405 42.0398 32.3461 38.1834 24.9936 22.9332 22.4286 26.9799 22.0824 21.4532 21.6178 19.6354 18.8595 18.4322 28.2765 22.6162 17.5285 21.6376 18.6337 17.2313 16.893
threshold=8.9033333333333342 18.890000000000004 5.4433333333333342 12.953333333333335 7.5233333333333343 27.443333333333339 73.433333333333351 86.033333333333346 0.13612025994847315 -0.99940763397299126 -0.8431462759492121 -0.3744658827978154 98.300000000000011 -0.22700609751797865 -0.13398594226331254 -0.19337636264337835 0.81428061195174062 -0.91939278948206182 4.2700000000000005 1.0000000180025095e-35 7.7000000000000011 0.39036257410962044 -0.8611288361322974 2.3666666666666671 -0.75579217237767959 31.633333333333336 15.500000000000002 -0.83377653105606597 0.1318557721318592 -0.69676771491221523
decision_type=2 2 2 2 2 2 2 2 2 2 2 2 2 2 2 2 2 2 2 2 2 2 2 2 2 2 2 2 2 2
left_child=2 3 18 6 22 7 17 -3 -9 -5 -11 20 -13 29 -15 -14 -17 -2 -1 -20 -12 -6 23 -4 -24 26 28 -27 -19 -8
right_child=1 5 4 9 21 -7 13 8 -10 10 11 12 15 14 -16 16 -18 25 19 -21 -22 -23 24 -25 -26 27 -28 -29 -30 -31
leaf_value=-0.0052627142226241985 -0.00095157814045259835 0.015224999557313747 0.0046881705473965501 -0.0027038296537498204 -0.0019190579281169575 0.019464200474331436 -0.00089793766339342431 0.014557542858630691 0.0037214371981970865 0.010351683587709585 0.0066745779511234397 0.0090280323184208245 -0.0019002932979182458 -0.0028707899121168281 0.00010777254482392252 0.0089038003756349571 -0.002225377982283794 0.00044042505902549823 -0.0024991407592941024 -0.0041121525709749418 0.00026080817492157019 -0.0001960643858669134 -0.0043440030015075353 -0.0026931506613278966 -0.0029755280490769394 0.0035486059416487067 0.0062599695241354839 0.00018930525523029043 0.0034897288098293014 0.00333627882098648
leaf_weight=933 177 831 42 45 778 526 58 201 241 241 170 950 99 401 457 192 80 289 146 1021 494 461 516 323 1443 192 248 647 182 139
leaf_count=933 177 831 42 45 778 526 58 201 241 241 170 950 99 401 457 192 80 289 146 1021 494 461 516 323 1443 192 248 647 182 139
internal_value=-0.00168876 0.0162221 -0.0233845 0.00959107 -0.0165685 0.0348611 0.00394124 0.0298666 0.0189616 0.0165273 0.0172878 0.0148792 0.0194024 -0.00364583 -0.00733411 0.00577957 0.0131868 0.00855415 -0.0349357 -0.030351 0.00586466 -0.00899194 -0.0206022 -0.0102459 -0.0225255 0.0104554 0.0161806 0.00553571 0.00985169 0.0123737
internal_weight=12523 6860 5663 5061 3563 1799 2790 1273 442 2271 2226 1985 1321 1055 858 371 272 1735 2100 1167 664 1239 2324 365 1959 1558 719 839 471 197
internal_count=12523 6860 5663 5061 3563 1799 2790 1273 442 2271 2226 1985 1321 1055 858 371 272 1735 2100 1167 664 1239 2324 365 1959 1558 719 839 471 197
is_linear=0
shrinkage=0.05


Tree=14
num_leaves=31
num_cat=0
split_feature=0 0 0 2 2 1 9 0 9 1 6 7 1 7 0 5 5 9 6 9 5 5 6 5 9 0 7 7 6 2
split_gain=1749.99 311.506 161.412 60.2495 59.4082 60.5993 56.476 38.856 35.5736 32.2956 31.6612 29.5162 30.1471 29.0811 27.5246 27.2479 26.1182 27.1375 25.2889 25.119 24.215 30.3297 22.4008 21.5548 24.6731 21.2944 25.4939 37.0521 20.9028 27.676
threshold=8.9633333333333365 19.103333333333339 5.6100000000000012 935.87000000000012 926.66333333333341 21.900000000000002 1261.5499999999997 28.563333333333336 556.74999999999989 75.63333333333334 -0.9260227363677036 -0.48314718476766422 2.5666666666666669 0.91161058030431363 4.1500000000000012 0.99274428880883148 0.96687895796550427 1338.1499999999994 0.28313308994381592 1459.7 0.93544191479114935 0.97112537654464559 -0.91939278948206182 -0.71504373327588355 726.07500000000005 10.55666666666667 -0.8431462759492121 -0.98803388382128665 0.97062204580664158 932.10333333333347
decision_type=2 2 2 2 2 2 2 2 2 2 2 2 2 2 2 2 2 2 2 2 2 2 2 2 2 2 2 2 2 2
left_child=2 4 14 15 6 10 13 9 -7 -3 -6 -5 -13 22 -1 23 17 -8 -19 -11 25 -22 -2 24 -4 -10 27 -27 -28 -30
right_child=1 7 3 11 5 8 16 -9 20 19 -12 12 -14 -15 -16 -17 -18 18 -20 -21 21 -23 -24 -25 -26 26 28 -29 29 -31
leaf_value=-0.0050856606338634527 0.0053106476826083188 0.015707977477166537 -0.00032560829481026042 -0.0041465860516741466 -0.00063758562391461331 0.022762088698296074 -0.0048974883131973936 0.018538836321352586 -0.0014957871729142037 0.020054565819457072 0.0050665413942119599 0.0031634560584778734 -0.0033397689813169152 0.0032303835101545639 -0.003650332365831946 0.0023410476090134401 -0.0014558548515299391 0.0092677939031597083 0.0034511373172559133 0.0051393635526932966 0.0033285760407110359 -3.4619247916733985e-05 0.018241095423798964 -0.0017151120779137802 -0.0037559801808764088 -0.002084547856044608 -0.0005372374085520188 0.0060127316556984993 -0.0006019308149642522 0.0097210768633819236
leaf_weight=837 78 730 161 189 195 55 75 439 486 202 789 54 297 83 1472 79 187 192 746 377 100 139 439 2001 641 63 1105 128 78 65
leaf_count=837 78 730 161 189 195 55 75 439 486 202 789 54 297 83 1472 79 187 192 746 377 100 139 439 2001 641 63 1105 128 78 65
internal_value=-0.0013939 0.0158546 -0.0217114 -0.0148116 0.0095024 0.00541511 0.0167685 0.0340194 0.000833333 0.0296565 0.015736 -0.0301294 -0.0214489 0.0292845 -0.0319264 -0.011932 0.0104913 0.0136588 0.0159744 0.0207759 -0.000184758 0.0147917 0.0336873 -0.0127496 -0.0196762 -0.00205088 0.00100694 0.0179688 -0.00160128 0.0163194
internal_weight=12482 6751 5731 3422 5003 3203 1800 1748 2219 1309 984 540 351 600 2309 2882 1200 1013 938 579 2164 239 517 2803 802 1925 1439 191 1248 143
internal_count=12482 6751 5731 3422 5003 3203 1800 1748 2219 1309 984 540 351 600 2309 2882 1200 1013 938 579 2164 239 517 2803 802 1925 1439 191 1248 143
is_linear=0
shrinkage=0.05


Tree=15
num_leaves=31
num_cat=0
split_feature=2 2 7 8 5 5 5 6 7 5 5 5 5 5 7 5 2 4 7 7 2 8 7 7 5 2 6 6 7 5
split_gain=529.358 222.488 92.5709 87.6152 107.99 76.5575 60.77 52.3526 60.5535 56.3772 47.1381 47.4726 43.4616 52.6903 37.4199 34.8744 34.5156 34.1575 44.1174 47.5257 44.7168 41.9358 47.1586 41.68 47.3362 33.7877 34.0276 33.3975 32.6104 32.3574
threshold=925.09000000000003 935.87000000000012 -0.51297808981038739 -0.97113716369942038 -0.75579217237767959 -0.2270106897347694 -0.8041866928211282 0.97461712852231652 -0.83377653105606597 0.92922379131507438 0.97112537654464559 0.95752911693909493 0.72695311118111527 0.81428061195174062 -0.77245553105869302 0.90892735371523092 931.13000000000011 4.5000000000000009 0.59866263443171663 0.99196248624718542 930.86333333333346 0.42763731121559989 0.97650828179861848 -0.72696319516528884 -0.16799356919963607 912.49333333333345 0.99855310097228334 0.81800285027139297 0.83966414931270739 0.77244481603295057
decision_type=2 2 2 2 2 2 2 2 2 2 2 2 2 2 2 2 2 2 2 2 2 2 2 2 2 2 2 2 2 2
left_child=6 3 -3 -2 -5 -4 -1 8 12 14 11 -11 -6 -14 16 17 -10 18 23 20 21 22 -20 -16 -25 28 27 -27 -8 -7
right_child=1 2 5 4 7 29 25 -9 9 10 -12 -13 13 -15 15 -17 -18 -19 19 -21 -22 -23 -24 24 -26 26 -28 -29 -30 -31
leaf_value=0.015638296247037782 0.0050454412096425094 -0.0049697028393011697 0.0038830960178458324 -0.0025578372543110656 0.0048596711707161932 -0.0016694982113646438 0.021611349718633821 0.0041094965716034658 -0.0057919201041782198 0.00052350516743920048 -0.000951831230240896 0.010840261144952987 -0.0043099636727696473 0.0023170578424376838 0.0079968069405428471 -0.0043374881945832293 -0.0012235325391956417 0.00024103503144529416 -0.0043289127120814041 -0.0023024237789792965 0.0020528877857011615 0.00039839387903139735 0.0042267993257884464 -0.0048670586020458486 -0.0018472073546674898 0.00609729689485803 0.03611423224371102 0.00049472010048852162 0.0052918111087336909 -0.0038258546203038396
leaf_weight=419 613 460 128 1845 751 409 139 463 121 238 318 157 133 109 61 135 127 913 156 288 370 447 44 340 512 1546 59 663 171 412
leaf_count=419 613 460 128 1845 751 409 139 463 121 238 318 157 133 109 61 135 127 913 156 288 370 447 44 340 512 1546 59 663 171 412
internal_value=-0.00133487 -0.00708826 -0.0254255 -0.00391182 -0.00539248 -0.0164737 0.0169947 -0.00197924 -0.00340931 -0.00601939 0.00679272 0.0183081 0.00769618 -0.0106996 -0.0086202 -0.00719314 -0.0273092 -0.0061143 -0.00946372 -0.00356049 0.00152259 -0.00640432 -0.0253731 -0.0178884 -0.0207503 0.014114 0.0119877 0.0109729 0.029582 -0.0220803
internal_weight=12547 9550 1409 8141 7528 949 2997 5683 5220 4227 713 395 993 242 3514 3266 248 3131 2218 1305 1017 647 200 913 852 2578 2268 2209 310 821
internal_count=12547 9550 1409 8141 7528 949 2997 5683 5220 4227 713 395 993 242 3514 3266 248 3131 2218 1305 1017 647 200 913 852 2578 2268 2209 310 821
is_linear=0
shrinkage=0.05


Tree=16
num_leaves=31
num_cat=0
split_feature=0 0 0 0 0 0 9 6 9 9 6 0 9 5 6 9 9 7 7 6 9 7 5 9 6 9 7 6 6 7
split_gain=1633.06 277.366 176.295 55.5527 55.5132 45.7885 28.8799 31.3129 39.8358 28.4087 32.8967 26.6549 25.8748 24.7589 24.2734 72.2622 27.6894 24.1373 29.2795 33.1114 39.9997 23.7148 19.7618 39.2086 35.0873 19.5955 19.2258 18.422 23.5687 18.8815
threshold=9.2566666666666695 18.200000000000003 5.4433333333333342 25.213333333333335 12.953333333333335 7.5233333333333343 1459.7 -0.67168186667784702 1019.7874999999996 1058.4749999999995 -0.3744658827978154 3.2433333333333341 1665.5500000000002 0.39036257410962044 0.3484035575467645 1090.9187499999996 1497.3625000000002 -0.99940763397299126 -0.8431462759492121 -0.38243420677835349 1050.55 -0.63920832810365535 -0.9905448150984083 1502.7874999999997 0.48877522411129348 1199.2750000000003 0.96687895796550427 0.97832380634958016 0.19969739736768838 0.94496830006774635
decision_type=2 2 2 2 2 2 2 2 2 2 2 2 2 2 2 2 2 2 2 2 2 2 2 2 2 2 2 2 2 2
left_child=2 4 11 6 9 14 7 8 -3 10 -2 -1 17 -11 -4 -16 -17 -6 -19 -20 -21 -13 -22 24 -24 -15 -18 28 -7 -30
right_child=1 3 5 -5 12 27 -8 -9 -10 13 -12 21 -14 25 15 16 26 18 19 20 22 -23 23 -25 -26 -27 -28 -29 29 -31
leaf_value=-0.0051831891682157976 0.00031508201366387272 -0.0027446976737423717 -0.0021865629060179304 0.01659135456579405 -0.0026288305110763787 -0.00038994687344756087 0.0055035497726888018 0.017975834887457524 0.015965439928763897 -0.00060672223381552095 0.010500057846129625 -0.0046214841025108344 -0.0008814074891529051 0.011568133553630955 0.0099770306513320868 -0.0038794697854071039 -0.003533341917568102 0.011014722511343812 0.0011563762325839805 0.026185426362493148 0.011370736456112427 -0.0034661776460216151 0.0048726173308504955 0.0083684149147860362 -0.0030182765757811509 0.00076959204079904008 0.00042123120732155683 0.0017963628467756163 -0.0029189304828254716 0.00040688910759818092
leaf_weight=265 304 80 1355 715 44 738 568 417 209 1109 228 486 137 43 48 500 349 215 621 116 117 1351 279 452 105 864 85 107 539 107
leaf_count=265 304 80 1355 715 44 738 568 417 209 1109 228 486 137 43 48 500 349 215 621 116 117 1351 279 452 105 864 85 107 539 107
internal_value=-0.0015971 0.0154665 -0.0206542 0.0310804 0.00875944 -0.0142596 0.0247843 0.0315417 0.0187931 0.00380541 0.0140713 -0.0322872 0.0148059 0.00109073 -0.018627 -0.0246185 -0.0277005 0.0162821 0.0171301 0.0149024 0.0202336 -0.0301143 0.0168239 0.014098 0.00233766 0.00721366 -0.0183908 -0.00740617 -0.00895307 -0.0159196
internal_weight=12553 6623 5930 1989 4634 3828 1274 706 289 2548 532 2102 2086 2016 2337 982 934 1949 1905 1690 1069 1837 953 836 384 907 434 1491 1384 646
internal_count=12553 6623 5930 1989 4634 3828 1274 706 289 2548 532 2102 2086 2016 2337 982 934 1949 1905 1690 1069 1837 953 836 384 907 434 1491 1384 646
is_linear=0
shrinkage=0.05


Tree=17
num_leaves=31
num_cat=0
split_feature=0 0 0 0 2 5 5 0 6 0 5 2 7 6 6 6 8 8 2 7 0 5 5 0 2 6 3 8 5 5
split_gain=1553.01 271.534 171.331 58.6357 55.6969 38.1832 35.6541 32.8045 32.3888 30.3794 29.4261 33.3325 26.6416 25.0569 32.8736 25.0438 32.0981 33.253 23.2925 22.827 20.4186 19.0395 19.7071 18.9032 17.1386 20.3753 17.0112 17.0026 31.5743 27.4338
threshold=9.3166666666666682 20.876666666666669 5.6100000000000012 14.263333333333335 935.87000000000012 -0.72101013194340913 -0.20180236284700911 4.2700000000000005 0.3484035575467645 29.243333333333336 -0.74441730022405961 923.25666666666677 -0.65234524191686594 0.99681593486783593 0.99249573635719013 0.9980355542543059 0.75438814418115718 0.88917497572200743 920.02333333333343 0.13612025994847315 12.783333333333335 -0.65882179392489248 -0.59869031648930193 7.3166666666666673 925.23000000000013 -0.10837475778693638 15.500000000000002 -0.99054309756674508 -0.99275805973510278 -0.94705910369513524
decision_type=2 2 2 2 2 2 2 2 2 2 2 2 2 2 2 2 2 2 2 2 2 2 2 2 2 2 2 2 2 2
left_child=2 3 7 15 10 24 18 -1 -6 19 11 -4 -8 14 26 16 27 20 -7 -3 -18 -9 -23 -12 -5 -26 -14 -2 -29 -30
right_child=1 9 4 5 8 6 12 21 -10 -11 23 -13 13 -15 -16 -17 17 -19 -20 -21 -22 22 -24 -25 25 -27 -28 28 29 -31
leaf_value=-0.0043976452748000208 -0.00073231148691576826 0.014488526315041807 0.012045428625645263 0.018385482632777495 -0.00029122337687806642 0.017452110839318979 0.008955072462932704 -0.0039763966445775052 -0.003230842633163897 0.01663600782984551 -0.0019043640594327415 -0.0027656608451867917 0.0068944937281705775 0.032226924557415902 -0.0019749459678634605 0.0092010083153554797 -0.0027121906122338385 0.00084954295207646596 -0.00072084062279696855 0.010334724787826953 0.00014380537309608351 0.00035207281423947634 -0.002950461875400183 -0.00054995134427194279 0.0021323096346500385 0.010609822529706362 0.0018103791748120019 0.012478296290422703 -0.0018654520979888554 0.0018037096087587551
leaf_weight=959 147 443 43 160 94 40 141 492 467 402 1140 812 562 59 58 52 190 260 404 499 96 51 866 1120 150 161 315 86 256 2026
leaf_count=959 147 443 43 160 94 40 141 492 467 402 1140 812 562 59 58 52 190 260 404 499 96 51 866 1120 150 161 315 86 256 2026
internal_value=-0.00186823 0.0150814 -0.0201158 0.00986638 -0.0133533 0.016431 0.0126899 -0.0306036 -0.027847 0.0350929 -0.0107349 -0.0186332 0.0173856 0.0144724 0.0124466 0.0055395 0.00494775 -0.00603291 0.000674157 0.0301166 -0.01777 -0.0257092 -0.0214052 -0.00773994 0.0289195 0.0219551 0.0148633 0.00733307 0.00835796 0.00722733
internal_weight=12551 6507 6044 5163 3676 2050 1579 2368 561 1344 3115 855 1135 994 935 3113 3061 546 444 942 286 1409 917 2260 471 311 877 2515 2368 2282
internal_count=12551 6507 6044 5163 3676 2050 1579 2368 561 1344 3115 855 1135 994 935 3113 3061 546 444 942 286 1409 917 2260 471 311 877 2515 2368 2282
is_linear=0
shrinkage=0.05


Tree=18
num_leaves=31
num_cat=0
split_feature=0 0 0 0 2 1 9 0 2 9 5 0 1 6 3 9 5 2 5 1 9 1 6 9 9 6 9 9 6 6
split_gain=1450.23 261.695 179.281 59.9677 53.2537 68.4783 64.0412 39.3594 38.5674 33.7665 28.9203 28.0152 24.4508 24.2494 25.3464 24.1333 25.4437 24.1188 28.5199 24.1062 22.6601 21.5549 33.4045 21.9476 21.5213 38.2556 26.2709 20.7814 20.6842 20.6542
threshold=9.4500000000000011 19.65666666666667 4.703333333333334 6.4833333333333343 926.09000000000003 13.700000000000001 1232.9937500000001 29.243333333333336 935.87000000000012 1685.0874999999999 0.96687895796550427 10.683333333333335 72.166666666666686 0.04621408538533487 13.500000000000002 726.07500000000005 0.39036257410962044 927.04333333333352 0.66527693225344786 97.500000000000014 556.74999999999989 80.566666666666677 -0.38243420677835349 1022.3000000000001 1211.0312500000002 0.44312301391210612 1054.1000000000001 1050.55 0.36447543099728863 -0.64580103137750788
decision_type=2 2 2 2 2 2 2 2 2 2 2 2 2 2 2 2 2 2 2 2 2 2 2 2 2 2 2 2 2 2
left_child=2 4 -1 24 6 13 29 9 15 12 19 -7 -3 14 -6 -5 -17 18 -14 -8 -13 22 23 -22 25 26 -4 -24 -10 -2
right_child=1 7 3 8 5 11 10 -9 28 -11 -12 20 17 -15 -16 16 -18 -19 -20 -21 21 -23 27 -25 -26 -27 -28 -29 -30 -31
leaf_value=-0.0040163879016963822 0.0074083452129028449 0.014086810543168311 -0.0031741130238088751 0.0018343363468918093 0.0018616181982698155 -0.0012569382489840853 0.0065448734295260524 0.015713371887821088 3.1933915313860087e-05 -0.0023550013963650807 -0.0017427218814294156 0.027467822117235603 0.015377485641708752 0.010064883840362963 0.0049859469159155151 -0.0021622343278993972 -0.000297356900569154 -0.0010110599108429888 0.004647362228261182 0.00095315553369500769 -0.001703813158220069 -0.00053317378627792684 0.021309183871916666 0.0014765233964616426 -0.0032368638390187681 0.0032372195185756099 -0.00090408282817072282 0.0025116792179120358 -0.0026889074368772227 0.03117014342832743
leaf_weight=1335 205 633 431 184 337 543 661 396 69 62 171 43 252 194 231 1304 858 94 201 360 263 643 64 286 1285 57 261 631 318 235
leaf_count=1335 205 633 431 184 337 543 661 396 69 62 171 43 252 194 231 1304 858 94 201 360 263 643 64 286 1285 57 261 631 318 235
internal_value=-0.00136818 0.0150553 -0.018876 -0.0143352 0.00923377 0.00551607 0.0165952 0.0323368 -0.00949159 0.0279163 0.0105616 0.00147534 0.0298052 0.0186107 0.0133568 -0.00707286 -0.00855294 0.0219891 0.0267621 0.0137476 0.00429829 0.00346928 0.00730924 -0.00190909 -0.0208354 -0.0140667 -0.017316 0.0145833 -0.0240979 0.0328798
internal_weight=12607 6505 6102 4767 4867 3235 1632 1638 2733 1242 1192 2473 1180 762 568 2346 2162 547 453 1021 1930 1887 1244 549 2034 749 692 695 387 440
internal_count=12607 6505 6102 4767 4867 3235 1632 1638 2733 1242 1192 2473 1180 762 568 2346 2162 547 453 1021 1930 1887 1244 549 2034 749 692 695 387 440
is_linear=0
shrinkage=0.05


Tree=19
num_leaves=31
num_cat=0
split_feature=0 0 0 2 0 5 0 0 2 1 5 0 9 2 9 5 1 1 2 3 9 5 2 1 9 1 6 9 5 9
split_gain=1346.98 230.047 223.631 56.8319 55.0138 52.0597 36.8918 33.7924 33.4169 29.9631 27.3546 26.2281 29.793 25.9244 31.5782 42.3206 28.2662 23.1883 23.0195 20.3261 19.8972 23.4622 19.6168 19.5304 18.4429 19.4425 18.5152 18.3427 18.0543 17.9425
threshold=10.096666666666669 5.4833333333333343 20.876666666666669 935.87000000000012 14.536666666666667 -0.93545489084327571 7.2566666666666686 4.2700000000000005 923.13000000000011 31.633333333333336 -0.24372957273992746 29.243333333333336 1459.7 926.66333333333341 1422.8499999999997 0.82414472752956958 24.033333333333335 37.500000000000007 922.02333333333343 15.500000000000002 722.14999999999998 0.3744682635859638 935.87000000000012 67.233333333333348 1138.16875 68.166666666666686 0.97648852793709995 1199.2750000000003 0.99274428880883148 1170.8812499999999
decision_type=2 2 2 2 2 2 2 2 2 2 2 2 2 2 2 2 2 2 2 2 2 2 2 2 2 2 2 2 2 2
left_child=1 7 4 6 9 -5 28 -1 -8 -2 -7 12 -4 14 -6 -16 29 -12 -17 27 -10 24 -11 -14 -22 -26 -27 -9 -3 -15
right_child=2 3 11 5 13 10 8 19 20 22 17 -13 23 16 15 18 -18 -19 -20 -21 21 -23 -24 -25 25 26 -28 -29 -30 -31
leaf_value=-0.0039654810395455117 0.0032501312863900929 -0.002151523277617637 0.018832806191408574 0.003839098716467905 0.013923720441234289 -0.0034031935463862493 0.0039079402653255241 -0.0021706716123026603 0.0057625912855937267 0.00055243346036394636 -0.00063115583825898165 0.01510226880690164 0.0098119636446733008 0.0046960592595292061 0.0088562041051859827 -0.0048725443950365628 0.0017331755120581786 -0.0032505295686754451 0.0038852426071304597 -0.0017855659400127532 -0.00042827446631343304 3.1290017237736724e-05 -0.0027115014890391753 0.0034569411529860958 -0.00091482778563962627 -0.0047557246835434625 0.00064423060657480826 -0.0039611876894156189 0.0022372563055888819 0.012742676886129557
leaf_weight=914 777 1648 464 53 437 233 264 288 99 1823 171 388 164 209 334 60 724 211 67 424 393 643 51 325 376 247 43 499 52 104
leaf_count=914 777 1648 464 53 437 233 264 288 99 1823 171 388 164 209 334 60 724 211 67 424 393 643 51 325 376 247 43 499 52 104
internal_value=-0.00150969 -0.0171215 0.0157642 -0.0106337 0.010508 -0.0240658 -0.00824482 -0.0306444 -0.00375121 0.00582579 -0.0281656 0.0337183 0.0291929 0.0169163 0.0231368 0.013961 0.0115125 -0.0198433 -0.0105469 -0.0251238 -0.00618757 -0.00745743 0.0024 0.0205102 -0.0120283 -0.0170915 -0.0268041 -0.0298858 -0.0136978 0.0240446
internal_weight=12485 6558 5927 4433 4586 668 3765 2125 2065 2651 615 1341 953 1935 898 461 1037 382 127 1211 1801 1702 1874 489 1059 666 290 787 1700 313
internal_count=12485 6558 5927 4433 4586 668 3765 2125 2065 2651 615 1341 953 1935 898 461 1037 382 127 1211 1801 1702 1874 489 1059 666 290 787 1700 313
is_linear=0
shrinkage=0.05


Tree=20
num_leaves=31
num_cat=0
split_feature=0 0 0 0 6 2 0 9 0 5 5 4 9 5 4 6 5 5 5 1 2 2 5 6 9 1 9 5 6 2
split_gain=1255.81 217.937 207.713 66.8243 41.8921 39.2581 36.9532 35.0224 34.9338 30.56 28.2036 33.833 32.9342 32.3068 28.2734 27.8386 27.6955 27.4668 26.4341 25.0941 21.4708 25.486 23.638 21.3076 22.3551 19.4333 19.1594 32.4809 25.6599 18.5653
threshold=9.8233333333333359 19.65666666666667 6.6633333333333349 4.4966666666666679 0.99681593486783593 935.76333333333343 27.443333333333339 1685.0874999999999 12.953333333333335 -0.99467753128998015 0.40614137006726808 1.5000000000000002 1232.9937500000001 -0.72101013194340913 3.5000000000000004 0.93769647993491489 -0.72696319516528884 0.97112537654464559 -0.92923668111203805 10.433333333333335 932.75666666666677 928.71666666666681 -0.54220184589352438 0.95936279103287792 1559.7250000000001 66.033333333333346 845.10624999999982 0.39036257410962044 -0.35846086284744721 929.99666666666678
decision_type=2 2 2 2 2 2 2 2 2 2 2 2 2 2 2 2 2 2 2 2 2 2 2 2 2 2 2 2 2 2
left_child=2 4 3 -1 8 26 7 -3 15 -10 11 -11 -12 29 -15 -2 18 -14 -5 -7 21 22 -16 -17 -25 -19 28 -28 -4 -13
right_child=1 6 5 16 -6 19 -8 -9 9 10 12 13 17 14 20 23 -18 25 -20 -21 -22 -23 -24 24 -26 -27 27 -29 -30 -31
leaf_value=-0.003695869771836835 0.0013469327635776713 0.011070517395533074 -0.0001117528467153503 -0.0024902460772795567 0.020274873775567439 0.00016256519529287141 0.014035275473455117 -0.0038844581969999046 0.010131179031458673 0.0047180469905962787 0.015622055447184108 0.0097039748999192404 0.0076184823675320675 -0.0029586387311341111 -0.0052720424521067004 -0.0025172913739783748 -0.0020681167533129377 0.0045478471769415107 -0.0036243632452132401 -0.002350952469306149 0.0037598524336252578 -0.0018358282348096612 0.0087313870550558177 -0.0062742733586081748 0.0038377388595825361 -0.0020331186948125747 -0.0016727626440664002 0.00012774444854662671 0.017289653371168705 0.00014485032161441481
leaf_weight=1135 1815 1028 204 280 107 96 507 51 113 445 149 184 448 274 50 74 1689 81 473 293 105 134 144 48 88 106 1247 897 68 122
leaf_count=1135 1815 1028 204 280 107 96 507 51 113 445 149 184 448 274 50 74 1689 81 473 293 105 134 144 48 88 106 1247 897 68 122
internal_value=-0.001136 0.0151383 -0.0166223 -0.0246087 0.00950312 -0.00643264 0.0310649 0.025787 0.0087423 0.012882 0.0115916 0.00747087 0.0192357 0.00241617 -0.00346045 0.00392399 -0.0199345 0.0142296 -0.0279178 -0.0211538 0.00449309 -0.00182371 0.00974359 -0.0132701 -0.00145985 -0.0018617 -0.00405461 -0.00564103 0.00842491 0.0159609
internal_weight=12455 6073 6382 3577 4487 2805 1586 1079 4380 2355 2242 1458 784 1013 707 2025 2442 635 753 389 433 328 194 210 136 187 2416 2144 272 306
internal_count=12455 6073 6382 3577 4487 2805 1586 1079 4380 2355 2242 1458 784 1013 707 2025 2442 635 753 389 433 328 194 210 136 187 2416 2144 272 306
is_linear=0
shrinkage=0.05


Tree=21
num_leaves=31
num_cat=0
split_feature=0 0 0 2 7 9 7 2 0 7 9 7 1 2 5 0 0 5 1 5 7 4 7 0 5 9 5 2 4 9
split_gain=1190.71 241.804 170.711 62.005 50.7553 42.5349 70.0903 60.8106 39.9923 38.2432 36.7632 31.134 30.4799 44.647 32.2079 30.5967 28.7772 25.4585 22.982 20.8385 20.5913 19.6401 22.7947 19.6389 19.9679 19.3979 19.3748 18.358 17.9902 17.0748
threshold=9.3166666666666682 18.200000000000003 5.4433333333333342 935.87000000000012 0.17011757999667351 1226.89375 -0.70291267844185523 925.09000000000003 4.0966666666666676 -0.99940763397299126 1685.0874999999999 -0.48314718476766422 44.766666666666673 912.49333333333345 0.63920241694561786 13.236666666666668 7.5233333333333343 0.96687895796550427 2.5666666666666669 0.95242846126021108 -0.63920832810365535 1.5000000000000002 0.91593490216309192 26.370000000000001 -0.84315017450793706 1690.0562500000001 -0.24372957273992746 912.49333333333345 5.5000000000000009 1274.3749999999989
decision_type=2 2 2 2 2 2 2 2 2 2 2 2 2 2 2 2 2 2 2 2 2 2 2 2 2 2 2 2 2 2
left_child=2 5 8 16 -3 6 -2 -8 -1 -7 21 -5 -11 -14 15 29 -4 19 -13 -16 -10 22 -6 24 -23 28 -20 -26 -19 -15
right_child=1 4 3 11 10 9 7 -9 20 12 -12 18 13 14 17 -17 -18 25 26 -21 -22 23 -24 -25 27 -27 -28 -29 -30 -31
leaf_value=-0.0037158099187529631 0.01219008058391865 0.012382276638381363 -0.0019977606484411869 -0.0035591688132749683 0.012450924986428857 -0.0031579203956785401 0.017714643122668655 0.00083032369008183846 -0.0036687001443697674 0.0025897625053063009 -0.0046585809407946252 0.0029918745834959324 0.011332840235536747 -0.0058741695586410885 0.0012795861253987878 0.001002011717602723 -0.00050543526466361734 -0.0011406949471401307 0.0028050106463080255 0.0083803734932826699 -0.0022912497870497552 0.032763665249259777 0.0010344180764372492 0.013016289625698447 0.019676926292739119 -0.0021588520334441643 -0.0026068086308444361 0.0014589288669356771 0.0080106570460225235 -0.0017613315822445144
leaf_weight=791 275 999 1937 213 235 48 235 1289 353 675 42 61 107 40 347 480 1309 149 40 93 970 56 47 153 50 63 298 413 46 686
leaf_count=791 275 999 1937 213 235 48 235 1289 353 675 42 61 107 40 347 480 1309 149 40 93 970 56 47 153 50 63 298 413 46 686
internal_value=-0.00147988 0.0132792 -0.0176126 -0.0113501 0.0277806 0.00689237 0.0128611 0.00865574 -0.0290307 0.00296161 0.0197593 -0.025938 0.00375884 0.000670974 -0.00110236 -0.00604805 -0.00859255 0.0074392 -0.017625 0.0147392 -0.0236782 0.0217801 0.0328622 0.0170877 0.0124038 -0.00501931 -0.0227139 0.00894397 0.00280612 -0.0125172
internal_weight=12500 6528 5972 3858 1995 4533 1799 1524 2114 2734 996 612 2686 2011 1904 1206 3246 698 399 440 1323 954 282 672 519 258 338 463 195 726
internal_count=12500 6528 5972 3858 1995 4533 1799 1524 2114 2734 996 612 2686 2011 1904 1206 3246 698 399 440 1323 954 282 672 519 258 338 463 195 726
is_linear=0
shrinkage=0.05


Tree=22
num_leaves=31
num_cat=0
split_feature=0 0 0 0 7 9 2 1 9 7 7 0 6 9 7 7 9 6 2 9 7 6 2 9 7 9 1 9 6 7
split_gain=1060.29 207.165 193.426 49.0568 46.9929 41.2922 33.3154 51.5529 43.6728 27.392 32.5379 26.2432 25.478 77.3456 29.3179 24.9525 24.0538 24.0218 27.6087 28.61 23.897 25.1653 23.2272 22.0146 21.9894 21.426 21.1006 21.0072 20.9857 19.2919
threshold=10.096666666666669 5.0833333333333348 19.463333333333335 7.3166666666666673 0.13612025994847315 1665.5500000000002 925.39666666666676 13.300000000000002 1232.9937500000001 -0.8431462759492121 -0.99940763397299126 4.0966666666666676 0.26659387353423869 1090.9187499999996 0.96687895796550427 -0.77245553105869302 1054.1000000000001 0.19969739736768838 920.02333333333343 1154.0562499999999 -0.022576249993022688 -0.9497838742125716 935.87000000000012 875.79374999999948 0.91161058030431363 1519.5500000000002 98.300000000000011 1023.9374999999999 0.97832380634958016 -0.92273922871446856
decision_type=2 2 2 2 2 2 2 2 2 2 2 2 2 2 2 2 2 2 2 2 2 2 2 2 2 2 2 2 2 2
left_child=1 11 6 12 -4 -6 8 20 24 10 -9 -1 16 -14 22 -11 -3 -5 -19 -20 25 -22 -15 -17 -2 -8 -10 -12 -21 -29
right_child=2 3 4 17 5 -7 7 9 26 15 27 -13 13 14 -16 23 -18 18 19 28 21 -23 -24 -25 -26 -27 -28 29 -30 -31
leaf_value=-0.003480690478972176 0.01930692791746352 -0.0025676686741330102 0.01246738751051576 0.00011181721395847819 0.0086595488497370875 -0.0047185061788358523 0.0085488337505744069 -0.001903116650898043 0.0053324814214356702 -0.0043531873754183601 0.030031508511125383 -0.0027428313325841532 0.0080686509795549043 -0.0026149659028983593 -0.00013388156672798914 -0.0017561322648966524 -0.00067691886150077348 0.0041286958898501943 0.0080150455197196963 -0.0021352653330730539 -0.0030101475750754767 0.0032624865292502276 -0.0037312488065422648 0.00051909029621011735 0.0020728820344499909 0.0011669787939443677 -1.6923709025995492e-05 0.00072959396713512259 0.00080815616012129901 0.0050895373805729671
leaf_weight=780 274 547 847 1166 773 48 228 47 651 75 52 957 63 608 141 226 849 146 53 853 56 310 331 1639 51 61 337 152 108 122
leaf_count=780 274 547 847 1166 773 48 228 47 651 75 52 957 63 608 141 226 849 146 53 853 56 310 331 1639 51 61 337 152 108 122
internal_value=-0.00104764 -0.0148417 0.0142605 -0.00954583 0.0286998 0.0201338 0.00862915 0.00569215 0.0152588 0.00218237 0.0145722 -0.0296605 -0.0143504 -0.0198864 -0.0230342 -0.000206079 -0.00980673 -0.00429738 -0.00938846 -0.0123153 0.018064 0.00953678 -0.0262234 0.000937835 0.031135 0.0287931 0.0100101 0.0201835 -0.0142931 0.0145455
internal_weight=12551 6602 5949 4865 1668 821 4281 2968 1313 2313 373 1737 2539 1143 1080 1940 1396 2326 1160 1014 655 366 939 1865 325 289 988 326 961 274
internal_count=12551 6602 5949 4865 1668 821 4281 2968 1313 2313 373 1737 2539 1143 1080 1940 1396 2326 1160 1014 655 366 939 1865 325 289 988 326 961 274
is_linear=0
shrinkage=0.05


Tree=23
num_leaves=31
num_cat=0
split_feature=0 0 0 0 2 9 9 0 0 9 0 1 6 2 2 1 2 9 5 3 6 1 2 5 1 5 5 9 6 1
split_gain=975.453 222.861 149.404 47.7636 46.0344 49.2783 37.7389 35.191 32.042 44.4089 30.7582 29.4325 29.1297 26.3008 25.8862 25.8862 31.315 38.9977 28.6092 20.8899 20.659 20.1416 19.3326 18.9888 18.8934 18.4558 18.403 18.9013 17.074 16.8746
threshold=9.1233333333333366 20.876666666666669 5.0300000000000011 12.953333333333335 935.96333333333348 1329.3749999999998 1455.9937499999999 6.3900000000000015 27.443333333333339 1459.7 4.0966666666666676 21.900000000000002 0.99681593486783593 930.27666666666676 935.76333333333343 7.7000000000000011 923.3900000000001 1147.1499999999996 0.97508442350096236 9.5000000000000018 -0.91939278948206182 70.100000000000009 924.83666666666682 0.99274428880883148 22.433333333333334 -0.97509794945709805 -0.861146256326485 799.37499999999977 0.81304046271159414 5.3000000000000007
decision_type=2 2 2 2 2 2 2 2 2 2 2 2 2 2 2 2 2 2 2 2 2 2 2 2 2 2 2 2 2 2
left_child=2 3 10 11 7 -6 -7 13 9 -3 -1 28 15 -4 22 -5 17 -17 -19 -11 -18 -22 -13 29 -8 -24 -15 -28 -2 -9
right_child=1 8 4 12 5 6 24 23 -10 19 -12 14 -14 26 -16 16 20 18 -20 -21 21 -23 25 -25 -26 -27 27 -29 -30 -31
leaf_value=-0.003313436819411074 0.0026475275620428452 0.015752495276806066 -0.0027505104546869871 0.0084799980670135534 0.0023268608212636626 -0.0038594116047268746 -0.00022708468860063865 0.00024598389454731916 0.01226002254106906 -0.00029062939941265631 -0.0025090566206291474 0.003098634380955376 0.020922827514098449 -0.0037528439570658151 -0.0028716823003574958 0.028604646610554976 -0.0014966993617686387 0.0065661175746046926 -0.0041193975307587697 0.0072762506458710604 0.0040006435736858114 0.00021410281191607818 -0.0021864257478676923 0.0035102909771530578 -0.0022681587953292518 -5.7697330513979683e-05 0.0021587265296116689 -0.00088753068698589068 0.0034975304504115791 -0.0012916944316646564
leaf_weight=758 577 401 730 319 45 252 139 449 533 165 898 535 79 108 82 93 210 488 69 240 758 649 156 62 237 1208 48 421 55 1726
leaf_count=758 577 401 730 319 45 252 139 449 533 165 898 535 79 108 82 93 210 488 69 240 758 649 156 62 237 1208 48 421 55 1726
internal_value=-0.0011128 0.0120505 -0.0159431 0.00742565 -0.0109412 -0.0229228 -0.0265501 -0.00866008 0.0302612 0.0239157 -0.0286663 0.0026205 0.0121343 -0.0151758 -0.000378406 0.0112099 0.0093254 0.0185868 0.0135305 0.0121921 0.00559333 0.00777699 0.000815789 -0.00484808 -0.0164456 -0.00234432 -0.00717993 -0.00287234 0.0120063 -0.0056296
internal_weight=12490 6617 5873 5278 4217 673 628 3544 1339 806 1656 2613 2665 1307 1981 2586 2267 650 557 405 1617 1407 1899 2237 376 1364 577 469 632 2175
internal_count=12490 6617 5873 5278 4217 673 628 3544 1339 806 1656 2613 2665 1307 1981 2586 2267 650 557 405 1617 1407 1899 2237 376 1364 577 469 632 2175
is_linear=0
shrinkage=0.05


Tree=24
num_leaves=31
num_cat=0
split_feature=0 0 0 7 0 0 9 3 9 6 9 6 7 1 9 6 9 5 7 9 5 7 5 9 6 5 1 5 9 5
split_gain=932.315 229.801 131.27 54.755 45.0104 38.1656 31.2444 29.9774 29.585 36.5189 28.7442 28.2329 27.6666 26.8013 26.775 47.9253 44.3454 26.0772 22.3578 39.6538 26.1363 23.8862 22.8307 22.733 31.8393 27.6205 19.6082 25.6918 18.6394 18.3686
threshold=8.9633333333333365 18.200000000000003 4.2700000000000005 0.13612025994847315 6.4833333333333343 12.953333333333335 1685.0874999999999 6.5000000000000009 1058.4749999999995 -0.53495380374625956 1650.1500000000001 -0.91939278948206182 -0.99940763397299126 76.90000000000002 1199.2750000000003 0.45847758937963173 1054.1000000000001 0.54219432480460406 0.70288017738294994 1232.9937500000001 -0.96235977360714686 0.74300049550786151 -0.99467753128998015 1502.7874999999997 0.29958852271690523 0.98372640911059162 75.166666666666686 0.67802080537253961 1095.4437499999999 0.12545942051955489
decision_type=2 2 2 2 2 2 2 2 2 2 2 2 2 2 2 2 2 2 2 2 2 2 2 2 2 2 2 2 2 2
left_child=2 5 -1 -3 14 8 7 -5 9 -2 11 -7 -13 29 15 16 -4 -16 19 20 22 -20 -14 24 25 -21 -10 -28 -15 -6
right_child=1 3 4 6 13 10 -8 -9 26 -11 -12 12 18 28 17 -17 -18 -19 21 23 -22 -23 -24 -25 -26 -27 27 -29 -30 -31
leaf_value=-0.0031543090753722806 -0.00035975841630249834 0.01059011503268702 -0.0023174849320843831 0.00038237008963424305 -0.0015747446488520813 -0.00082863516825778952 -0.0044146296489941698 0.0087129489496869661 0.00037412784451133774 0.0063745325551754304 -0.0010151367702850634 -0.0035601343184011869 0.0086751112998895881 0.0012263147314902551 -0.0031351080497386136 0.0055532649133875709 0.00022822439203770418 -0.0016269881887592604 -0.0029551730249915867 0.0068753697663552485 0.019170030978068024 0.0026791219912439077 -0.0016881150465266977 0.0075452876743674242 -0.001759042509759562 -0.0021494945492049138 -0.0020133504098589329 0.00087268110949768884 -0.0024791551112179622 0.00018906843703367927
leaf_weight=939 260 951 496 213 922 232 41 750 1297 344 174 44 62 92 863 71 278 720 45 192 230 533 48 259 199 69 591 260 681 657
leaf_count=939 260 951 496 213 922 232 41 750 1297 344 174 44 62 92 863 71 278 720 45 192 230 533 48 259 199 69 591 260 681 657
internal_value=-0.00149832 0.0110228 -0.0163724 0.0254857 -0.0130098 0.00517562 0.0173134 0.019139 0.00130766 0.0110744 0.010273 0.0120428 0.0142985 -0.0080748 -0.0177851 -0.0105792 -0.0141935 -0.0216225 0.0153541 0.0196698 0.0337243 0.0074266 0.0135135 0.0129861 0.00629067 0.0177481 -0.00144253 -0.00733568 -0.0156977 -0.00433544
internal_weight=12513 6794 5719 1955 4780 4839 1004 963 2752 604 2087 1913 1681 2352 2428 845 774 1583 1637 1059 340 578 110 719 460 261 2148 851 773 1579
internal_count=12513 6794 5719 1955 4780 4839 1004 963 2752 604 2087 1913 1681 2352 2428 845 774 1583 1637 1059 340 578 110 719 460 261 2148 851 773 1579
is_linear=0
shrinkage=0.05


Tree=25
num_leaves=31
num_cat=0
split_feature=0 0 0 7 2 2 1 9 6 7 9 9 6 2 8 9 9 1 7 9 1 6 2 9 9 9 3 9 1 2
split_gain=854.565 239.95 134.664 51.2985 45.3726 38.8287 42.9506 42.7029 38.387 31.2488 30.8389 33.0625 29.6509 26.2139 25.1567 25.0557 23.2116 22.432 28.0733 21.9694 28.316 21.4823 21.1154 22.6817 34.8927 27.3433 20.253 19.8161 18.9986 18.9533
threshold=8.7166666666666703 18.200000000000003 5.0833333333333348 0.20391355282604834 936.18333333333351 926.89666666666676 13.700000000000001 1261.5499999999997 0.3484035575467645 0.21652696009750597 1261.5499999999997 942.19374999999991 -0.31800055644052067 925.01666666666677 -0.92272482904738262 1685.0874999999999 556.74999999999989 98.300000000000011 -0.96235977360714686 1459.7 69.566666666666677 0.92519182738459482 936.52333333333343 1458.6375 1425.3 1494.4875 7.5000000000000009 726.07500000000005 47.233333333333341 914.32333333333349
decision_type=2 2 2 2 2 2 2 2 2 2 2 2 2 2 2 2 2 2 2 2 2 2 2 2 2 2 2 2 2 2
left_child=2 5 10 19 -4 7 12 9 -6 -2 11 -1 27 28 -13 26 -8 18 -9 -3 -21 -22 23 24 -18 -25 -5 -7 -11 -19
right_child=1 3 4 15 8 6 16 17 -10 13 -12 14 -14 -15 -16 -17 22 29 -20 20 21 -23 -24 25 -26 -27 -28 -29 -30 -31
leaf_value=-0.0028843897657962053 0.017632102083067525 0.01513400098561722 -0.001316576578494727 0.00087453183864926733 0.00091095985643130373 0.011888217867005625 0.014401420381319275 -0.0027529910813610353 -0.0026084207102777916 0.018694976377292626 -0.0030721823071533324 -0.0037691517289777962 0.0058651606482349912 -5.0499394022607286e-05 -0.0005162971822050736 -0.0044867524516254186 -0.00046874330242553945 0.0060595322358036278 0.0042207888030831369 0.0096153651210488991 0.0010630654873835909 0.0096863252599301182 -0.0020155600564342488 0.0031931330088365282 -0.0033182403469787917 -1.0350287763882805e-05 0.0073783722183521283 -0.00021990680706323874 0.0057698172807543044 -0.0020903908147569153
leaf_weight=224 177 618 3201 217 86 57 55 72 484 102 1143 54 321 193 306 40 1154 54 800 156 183 93 129 170 154 703 668 389 154 327
leaf_count=224 177 618 3201 217 86 57 55 72 484 102 1143 54 321 193 306 40 1154 54 800 156 183 93 129 170 154 703 668 389 154 327
internal_value=-0.00138566 0.010219 -0.0161302 0.0249747 -0.0108298 0.00439944 0.000989467 0.0100798 -0.0238179 0.0207337 -0.027691 -0.0182906 0.011263 0.0136667 -0.00886427 0.0163607 -0.00234573 0.00474482 0.0091638 0.0325404 0.0237875 0.0140794 -0.00311553 -0.00194775 -0.00611154 0.00429062 0.0181151 0.00290828 0.0241245 -0.00536649
internal_weight=12484 6986 5498 1975 3771 5011 3132 1879 570 626 1727 584 767 449 360 925 2365 1253 872 1050 432 276 2310 2181 1308 873 885 446 256 381
internal_count=12484 6986 5498 1975 3771 5011 3132 1879 570 626 1727 584 767 449 360 925 2365 1253 872 1050 432 276 2310 2181 1308 873 885 446 256 381
is_linear=0
shrinkage=0.05


Tree=26
num_leaves=31
num_cat=0
split_feature=8 9 6 5 9 9 9 5 4 9 6 9 5 5 6 9 9 9 5 5 5 4 9 5 5 5 4 5 5 9
split_gain=106.28 109.665 192.802 110.649 117.454 68.267 62.3189 54.6585 67.3085 53.4054 46.2526 46.8601 128.832 76.1805 79.2857 64.4761 42.5115 65.806 41.8098 40.0364 37.3776 36.5322 35.2626 49.2597 76.1295 32.3615 45.2604 34.2837 31.3453 41.149
threshold=-0.97507822412530132 1211.0312500000002 -0.3744658827978154 -0.69057362043749781 1450.6000000000001 907.64999999999998 1094.5187499999995 -0.814291907305839 2.5000000000000004 735.47499999999968 0.99932962452255414 1420.8062499999999 0.93237596376505805 0.78325454425165997 0.28313308994381592 1661.075 1395.8062499999999 1391.25 -0.90163369914317015 -0.88622299073327826 -0.8781231054254196 4.5000000000000009 1543.9375 0.97508442350096236 0.92273069556937592 0.39036257410962044 1.5000000000000002 0.3261394409934788 -0.99985146406598202 1425.3
decision_type=2 2 2 2 2 2 2 2 2 2 2 2 2 2 2 2 2 2 2 2 2 2 2 2 2 2 2 2 2 2
left_child=28 2 5 4 21 9 -4 8 18 -2 11 12 16 15 22 -13 17 -5 -6 -7 -10 -3 -15 24 -24 27 -27 -21 -1 -30
right_child=1 3 6 10 7 19 -8 -9 20 -11 -12 13 -14 14 -16 -17 -18 -19 -20 25 -22 -23 23 -25 -26 26 -28 -29 29 -31
leaf_value=-0.0020657577073195446 -0.00088492542279521307 -0.0035887673924019162 0.0098038559034647737 -0.0019471978413055523 -0.0030855567398965305 -0.0023940239215977689 -0.0012817934973416323 -0.0051172198385103698 0.0054450034166193878 -0.0031102860955983984 -0.0031482423131845034 0.0014329159636611161 0.0088507398089098972 0.0010781326958613335 -0.0030019037462955147 -0.0037427950903014904 -0.0034925793303044322 0.0056597892549354548 0.0022610129930775965 0.0006442798588697868 -0.0040314581052406043 -0.0016463964383140136 -0.0032373996471856668 -0.0043001054229549474 0.0016583989542329786 -0.0024895002039764138 0.0072703805174266934 -0.0028682443628644475 0.010352376846411816 0.00040420850664283638
leaf_weight=75 773 588 920 561 198 112 79 64 290 321 100 2506 182 721 553 243 456 72 111 1516 83 208 114 138 193 65 251 80 565 351
leaf_count=75 773 588 920 561 198 112 79 64 290 321 100 2506 182 721 553 243 456 72 111 1516 83 208 114 138 193 65 251 80 565 351
internal_value=-0.00123699 -0.00259153 0.00394609 -0.00623815 -0.0181465 -0.00218019 0.02305 -0.0038822 0.000292826 -0.0122374 -0.00309075 -0.0025 -0.010967 -8.95055e-05 -0.00834302 0.00507273 -0.0174771 -0.0090694 -0.0169355 0.00325926 0.0145722 -0.0314931 -0.000942588 -0.0119955 -0.000811688 0.00496602 0.0195584 0.00206637 0.0144657 0.017012
internal_weight=12489 11498 4117 7381 1542 3118 999 746 682 1094 5839 5739 1271 4468 1719 2749 1089 633 309 2024 373 796 1166 445 307 1912 316 1596 991 916
internal_count=12489 11498 4117 7381 1542 3118 999 746 682 1094 5839 5739 1271 4468 1719 2749 1089 633 309 2024 373 796 1166 445 307 1912 316 1596 991 916
is_linear=0
shrinkage=0.05


Tree=27
num_leaves=31
num_cat=0
split_feature=8 9 6 5 9 5 4 7 9 6 6 7 6 7 5 5 4 9 4 5 4 9 9 6 5 5 5 5 9 5
split_gain=101.177 85.7378 161.679 105.849 150.827 72.9982 66.4931 61.9347 57.3379 64.8901 57.6808 37.4704 37.3379 41.3215 98.0954 66.4878 40.9366 35.3083 41.3767 35.0331 47.2729 40.6969 52.3447 39.6063 32.9638 30.4191 30.0581 41.6941 47.8652 35.901
threshold=-0.97507822412530132 1211.0312500000002 0.65720762023595369 -0.20180236284700911 1458.6375 0.39036257410962044 2.5000000000000004 -0.83377653105606597 1661.075 -0.23537842981696178 0.99932962452255414 0.94704596667653973 -0.63257203029273779 0.66527693225344786 0.78325454425165997 0.40614137006726808 3.5000000000000004 1483.9375 5.5000000000000009 -0.92923668111203805 4.5000000000000009 907.64999999999998 735.47499999999968 -0.44505783185115427 0.46800856592688472 0.92273069556937592 -0.065535378769913874 -0.01397611846945947 1029.7874999999997 -0.15101209918632377
decision_type=2 2 2 2 2 2 2 2 2 2 2 2 2 2 2 2 2 2 2 2 2 2 2 2 2 2 2 2 2 2
left_child=-1 2 5 4 -3 19 7 -6 10 25 12 -11 16 -14 15 -15 -5 -8 -19 20 -2 22 -21 26 -17 -10 29 -28 -29 -23
right_child=1 3 -4 8 6 -7 17 -9 9 11 -12 -13 13 14 -16 24 -18 18 -20 21 -22 23 -24 -25 -26 -27 27 28 -30 -31
leaf_value=0.0037633307240138719 0.0045663881596894277 -0.0029336153036598703 0.021518604782875914 -0.0032842976063224812 0.0017958568685752922 0.0042725714848828649 0.0052386208775420601 -0.0031109597667440371 -0.0035634155564982818 -0.0035692440693485166 -0.0028952396609356838 0.0033276255733625153 0.0015057130858279922 -0.0048437561852651585 -0.0030146853071536897 0.0075940297494292326 0.0040110960465408046 -0.0017863031749361736 0.0041289428289270989 -0.00081374775786763613 -0.0018872814629805779 0.00076245628225649629 -0.0030708933410601813 -0.0025716644512563855 0.00082645781676311814 0.001609082835062451 -0.0050379236127101271 0.0055752154544803896 -0.0010251889415397815 0.022405017977967429
leaf_weight=997 316 1410 399 185 140 413 292 386 40 480 102 59 2083 107 464 152 53 267 117 771 129 1041 322 96 826 170 66 56 399 74
leaf_count=997 316 1410 399 185 140 413 292 386 40 480 102 59 2083 107 464 152 53 267 117 771 129 1041 322 96 826 170 66 56 399 74
internal_value=-0.00128897 -0.00262351 0.00318393 -0.00585629 -0.0139303 -9.50054e-05 -0.000914381 -0.0142315 -0.00138712 -0.0140667 0.0010068 -0.0232407 0.00198915 0.003248 -0.00293548 0.00529466 -0.0171548 0.00945347 -0.000519481 -0.00259859 0.010426 -0.00465322 -0.0122029 0.000115407 0.00939734 0.00947867 0.0019548 -0.00795019 -0.00252193 0.00658602
internal_weight=12412 11415 4082 7333 2612 3683 1202 526 4721 749 3972 539 3870 3632 1549 1085 238 676 384 3270 445 2825 1093 1732 978 210 1636 521 455 1115
internal_count=12412 11415 4082 7333 2612 3683 1202 526 4721 749 3972 539 3870 3632 1549 1085 238 676 384 3270 445 2825 1093 1732 978 210 1636 521 455 1115
is_linear=0
shrinkage=0.05


Tree=28
num_leaves=31
num_cat=0
split_feature=0 0 0 7 6 9 2 1 0 3 3 2 9 9 0 1 6 9 0 5 1 9 0 9 7 5 7 7 1 6
split_gain=767.6 217.893 105.168 55.2462 37.9972 39.6123 28.38 29.8668 24.367 23.6609 22.899 21.591 21.8404 21.0167 20.8033 20.7885 20.4793 20.2415 18.8393 17.8394 32.2011 19.436 20.8948 19.1944 17.1643 21.2726 16.627 25.5419 17.9549 16.7557
threshold=8.7766666666666691 18.200000000000003 5.0833333333333348 0.17011757999667351 0.99681593486783593 674.92499999999973 925.85666666666668 8.1000000000000014 3.7300000000000004 16.500000000000004 16.500000000000004 935.87000000000012 1329.3749999999998 1455.9937499999999 27.443333333333339 45.166666666666679 -0.31800055644052067 1261.5499999999997 6.7100000000000017 0.091259403071267925 98.100000000000009 1650.1500000000001 13.236666666666668 1329.3749999999998 0.59866263443171663 0.95752911693909493 0.74300049550786151 -0.015051239303264097 5.3000000000000007 -0.83849291496497236
decision_type=2 2 2 2 2 2 2 2 2 2 2 2 2 2 2 2 2 2 2 2 2 2 2 2 2 2 2 2 2 2
left_child=2 4 8 14 5 -2 10 16 -1 -10 17 18 -13 -14 -3 -12 -8 -7 -4 20 -9 22 -21 -22 25 -23 27 28 -20 -28
right_child=1 3 11 -5 -6 6 7 19 9 -11 15 12 13 -15 -16 -17 -18 -19 26 21 23 24 -24 -25 -26 -27 29 -29 -30 -31
leaf_value=-0.0027727275056487074 0.017786468309012159 0.0079108693433075309 -0.0016572413600372997 0.0050168651049150225 0.011331056260358387 0.010206176230044828 0.00063081325039057658 -0.00041143325142310592 -0.0025505354167318231 -0.0014323642322935926 0.0064685073969549317 0.0013410567326870002 -0.0031441557468101255 -0.0013865187307001078 0.010862011397286203 -0.0011890740103565362 0.0059124220985197111 0.00258591036838374 0.0013187131504536959 3.1497714767964034e-05 -0.00090151866978299276 0.0014950248647682075 0.0034073411701348562 -0.0046770384159871455 -0.0066025391238343171 -0.0010037675065765917 0.0042247692690656402 -0.002537316898485928 -0.00098941954976423528 -0.00016867585490072808
leaf_weight=496 206 664 1566 970 130 242 366 1278 784 437 100 45 232 360 329 342 216 701 159 605 82 101 293 134 73 75 51 479 642 360
leaf_count=496 206 664 1566 970 130 242 366 1278 784 437 100 45 232 360 329 342 216 701 159 605 82 101 293 134 73 75 51 479 642 360
internal_value=-0.00159757 0.00956138 -0.0153332 0.0236507 0.0039636 0.00323988 0.00227815 -0.000294665 -0.0256403 -0.0218085 0.00826118 -0.0107831 -0.0192006 -0.0217538 0.0319416 -0.00112867 0.00994854 0.0126589 -0.00913137 -0.00255488 -0.00615385 0.00213415 0.00556174 -0.0239631 -0.0102 -0.00169492 -0.0054669 -0.00827479 -0.00280549 0.0032767
internal_weight=12518 6907 5611 1963 4944 4814 4608 3223 1717 1221 1385 3894 637 592 993 442 582 943 3257 2641 1494 1147 898 216 249 176 1691 1280 801 411
internal_count=12518 6907 5611 1963 4944 4814 4608 3223 1717 1221 1385 3894 637 592 993 442 582 943 3257 2641 1494 1147 898 216 249 176 1691 1280 801 411
is_linear=0
shrinkage=0.05


Tree=29
num_leaves=31
num_cat=0
split_feature=0 0 0 0 9 0 9 9 7 1 4 7 1 2 8 7 7 2 9 7 1 9 8 2 2 9 9 2 8 4
split_gain=733.457 190.431 127.33 66.7899 49.8575 44.0468 39.2517 34.0192 27.9356 27.8598 26.7385 25.0164 23.4635 24.5183 22.9055 21.9544 34.1908 26.0489 33.2561 29.3533 25.7555 30.3568 28.1224 22.2002 25.8855 21.7944 42.3507 20.5888 32.2828 31.7267
threshold=11.223333333333334 6.4833333333333343 25.833333333333339 4.0966666666666676 1650.1500000000001 19.463333333333335 726.07500000000005 1459.7 -0.48971288843577082 60.56666666666667 1.0000000180025095e-35 -0.63920832810365535 98.300000000000011 926.50333333333344 -0.18704161936942101 -0.8431462759492121 -0.99940763397299126 925.09000000000003 1147.1499999999996 -0.72696319516528884 7.7000000000000011 1644.0125 -0.70748025990135355 930.67000000000019 927.79666666666674 1436.9687500000002 1434.9562500000002 932.53000000000009 0.99351059783078122 1.5000000000000002
decision_type=2 2 2 2 2 2 2 2 2 2 2 2 2 2 2 2 2 2 2 2 2 2 2 2 2 2 2 2 2 2
left_child=1 3 4 -1 5 15 -3 -7 -6 -9 -10 25 13 -8 -11 16 -2 18 -17 -20 -19 22 23 24 -22 26 -5 28 -13 -29
right_child=2 6 -4 11 8 7 12 9 10 14 -12 27 -14 -15 -16 17 -18 20 19 -21 21 -23 -24 -25 -26 -27 -28 29 -30 -31
leaf_value=-0.0025953160962763414 -0.0016772362537066212 0.0025418018539813975 0.0096975622079608359 -0.0022631553446079574 0.0042344865618097081 0.012122062193500269 0.0014116125098731225 0.0066115232739509481 -0.0051117987858322117 -0.0025000057974511047 -0.00068349410909626098 -0.0018571766750968438 -0.0022130139278750609 -0.0007249272172993107 0.0047660218496692695 0.015708993152532987 0.0062897398358189756 0.0056341950720091051 0.016588200390252252 0.0016926208576988483 0.00020098798051896018 0.0086347521341497615 -0.00080824856639299535 -0.0015548805396382926 0.0062824463310953349 -0.0032900928964398704 0.0019570072446829091 -0.0026654883173539926 0.0030304854077668774 -9.8257116629951741e-05
leaf_weight=770 57 262 647 344 61 526 714 97 53 140 251 1120 630 2365 138 205 387 354 47 608 133 92 956 141 181 266 64 183 48 561
leaf_count=770 57 262 647 344 61 526 714 97 53 140 251 1120 630 2365 138 205 387 354 47 608 133 92 956 141 181 266 64 183 48 561
internal_value=-0.00113288 -0.0112514 0.0134778 -0.0200179 0.0104449 0.0120354 -0.00383938 0.0217849 -0.00724044 0.0102394 -0.0134426 -0.0161577 -0.00516173 -0.00336039 0.00215054 0.00925047 0.0195506 0.00756071 0.0147503 0.00922256 0.00422497 0.00136303 -0.00046034 0.00975877 0.0171429 -0.0244444 -0.0171149 -0.0132253 -0.0173653 -0.00671141
internal_weight=12401 7327 5074 3356 4427 4062 3971 901 365 375 304 2586 3709 3079 278 3161 444 2717 860 655 1857 1503 1411 455 314 674 408 1912 1168 744
internal_count=12401 7327 5074 3356 4427 4062 3971 901 365 375 304 2586 3709 3079 278 3161 444 2717 860 655 1857 1503 1411 455 314 674 408 1912 1168 744
is_linear=0
shrinkage=0.05


Tree=30
num_leaves=31
num_cat=0
split_feature=2 2 9 9 7 9 1 8 9 8 6 2 7 8 2 9 8 2 9 3 2 4 7 7 2 7 6 9 4 8
split_gain=253.309 120.777 119.509 57.452 54.4929 45.84 45.1746 37.8184 39.6592 52.3346 38.5478 32.9474 31.1888 53.4643 38.2225 28.6543 27.1686 51.7711 28.1703 24.4435 29.2686 26.1845 24.3184 27.8942 24.3022 23.3362 32.5846 23.3025 22.2117 46.4383
threshold=923.70333333333349 936.08333333333348 1147.1499999999996 1690.0562500000001 -0.51297808981038739 1619.3187499999997 55.766666666666673 -0.97113716369942038 674.92499999999973 -0.091260510743598464 0.97461712852231652 926.96333333333348 0.067682722635586057 -0.3744658827978154 917.10333333333347 1045.9124999999997 -0.98523800472371936 929.99666666666678 1372.0312499999998 9.5000000000000018 926.96333333333348 5.5000000000000009 0.75721938155395518 0.68589359117003446 929.03666666666675 0.28313881758084386 0.31595530242620651 1438.2 4.5000000000000009 -0.85227283847737434
decision_type=2 2 2 2 2 2 2 2 2 2 2 2 2 2 2 2 2 2 2 2 2 2 2 2 2 2 2 2 2 2
left_child=2 7 -1 12 -3 6 -6 15 9 11 19 -9 13 -4 -15 -2 17 18 -17 -10 21 -21 23 25 -18 -14 27 -27 -22 -30
right_child=1 4 3 -5 5 -7 -8 8 10 -11 -12 -13 22 14 -16 16 24 -19 -20 20 28 -23 -24 -25 -26 26 -28 -29 29 -31
leaf_value=0.024219739748511122 0.027559223059179766 -0.002493017175101113 0.0082812580469951713 -0.0033910738817072728 0.00086061078231490788 -0.0023655186479528329 -0.0020825792378287218 0.01686172537786744 -0.0012122800962524258 0.01574771162080851 0.0022722835700278942 -0.0021567502973032088 -0.0029377350514188608 0.010021612417456803 -0.00037204873261977858 0.0080045114619503362 0.00034653625010481613 -0.0020680243085627876 -0.0010202831424631687 0.0020935354502908815 -0.0010221455588801636 -0.0018045099636723059 0.0044033070055571289 -0.0053967633000698298 0.011511139911135912 0.0027812855533380192 0.014305146527501329 -0.0059129232096296674 -0.0028376384478829295 0.00058241232387676171
leaf_weight=400 40 441 410 107 323 319 192 46 2975 176 570 115 176 100 323 130 111 206 88 748 2331 129 463 76 124 52 126 75 136 891
leaf_count=400 40 441 410 107 323 319 192 46 2975 176 570 115 176 100 323 130 111 206 88 748 2331 129 463 76 124 52 126 75 136 891
internal_value=-0.00160081 -0.00501883 0.0133391 0.00811943 -0.0193966 -0.0118563 -0.00261628 -0.00293751 -0.00389874 0.0128698 -0.00462665 -0.00771605 0.0102386 0.0173261 0.00483491 0.00821429 0.00568182 -0.00188235 0.0150685 -0.00561642 -0.00317517 0.00495444 0.00412797 -0.0034585 0.0192797 0.00151163 0.0112205 -0.00664063 -0.0052992 0.000826848
internal_weight=12399 10091 2308 1908 1275 834 515 8816 8117 337 7780 161 1801 833 423 699 659 424 218 7210 4235 877 968 505 235 429 253 127 3358 1027
internal_count=12399 10091 2308 1908 1275 834 515 8816 8117 337 7780 161 1801 833 423 699 659 424 218 7210 4235 877 968 505 235 429 253 127 3358 1027
is_linear=0
shrinkage=0.05


Tree=31
num_leaves=31
num_cat=0
split_feature=0 0 0 0 9 0 5 9 5 9 2 1 9 5 9 4 0 2 9 4 9 2 2 5 5 5 2 8 1 0
split_gain=660.348 184.071 115.619 52.0955 40.9087 29.7797 27.8051 26.7437 41.3254 36.9844 31.7369 34.4149 26.9514 27.5139 22.7696 19.6524 18.9857 20.462 19.6471 18.8909 24.5244 20.9754 17.7607 22.6639 17.7501 20.3084 17.6465 18.7418 17.517 22.1901
threshold=11.810000000000002 5.0833333333333348 23.663333333333338 7.5233333333333343 1650.1500000000001 4.0966666666666676 -0.99467753128998015 674.92499999999973 -0.099819732675876835 1060.4625000000003 920.25333333333344 98.433333333333351 907.64999999999998 -0.61913973745509387 722.14999999999998 3.5000000000000004 18.200000000000003 931.67000000000019 1094.5187499999995 2.5000000000000004 1470.425 927.35666666666668 928.40333333333342 0.39036257410962044 0.96687895796550427 0.54219432480460406 935.87000000000012 -0.75015199441507729 62.366666666666674 30.04666666666667
decision_type=2 2 2 2 2 2 2 2 2 2 2 2 2 2 2 2 2 2 2 2 2 2 2 2 2 2 2 2 2 2
left_child=1 5 4 26 6 -1 -2 -8 10 -10 -9 12 13 -12 -5 -7 17 18 -14 -20 21 -21 -16 -24 25 -6 -3 -28 -4 -30
right_child=2 3 28 14 24 15 7 8 9 -11 11 -13 16 -15 22 -17 -18 -19 19 20 -22 -23 23 -25 -26 -27 27 -29 29 -31
leaf_value=-0.0023821731912062501 0.0078004856516577341 -0.0013205321936063858 0.01041482562750764 0.005206848490061553 -0.0014201104373136127 -0.0021409372990653336 0.025219749775207741 0.012881257407282626 0.017948539912509564 0.0032405579013208563 0.00059258830592938828 -0.0034776093292888835 0.002962921847312536 -0.0046226258467163082 0.00019212284300073048 -0.0011509592673968089 0.0063343585624860204 0.0045670238441100439 -0.0028840845662064076 0.0026204944822382117 0.0047292197218582995 -0.0027201831155469953 -0.0013208234206396664 9.6927232730609214e-05 -0.0022939385741850174 0.0040738695116632308 0.00021159182113295803 -0.002171265399115481 0.0054932855716944232 0.0094072393860893805
leaf_weight=768 198 2265 307 162 213 575 163 112 186 1439 160 181 169 139 1298 394 215 186 133 43 81 76 1177 737 61 61 76 411 321 258
leaf_count=768 198 2265 307 162 213 575 163 112 186 1439 160 181 169 139 1298 394 215 186 133 43 81 76 1177 737 61 61 76 411 321 258
internal_value=-0.00165924 -0.0105226 0.0131618 -0.00644687 0.00937909 -0.0248849 0.0109851 0.00988124 0.00884332 0.0143604 0.00284091 0.000758671 0.00382377 -0.00916667 -0.00228148 -0.0190206 0.00813053 0.00406386 -0.00119284 -0.00823353 0.00149254 -0.0129167 -0.00320573 -0.00626632 -0.00729167 -0.00181818 -0.011551 -0.0201844 0.029425 0.0242241
internal_weight=12565 7863 4702 6126 3816 1737 3481 3283 3120 1625 1495 1383 1202 299 3374 969 903 688 502 333 200 119 3212 1914 335 274 2752 487 886 579
internal_count=12565 7863 4702 6126 3816 1737 3481 3283 3120 1625 1495 1383 1202 299 3374 969 903 688 502 333 200 119 3212 1914 335 274 2752 487 886 579
is_linear=0
shrinkage=0.05


Tree=32
num_leaves=31
num_cat=0
split_feature=2 2 5 5 6 5 4 7 5 5 6 2 8 6 7 2 6 5 4 5 5 7 7 7 5 4 4 8 5 8
split_gain=235.288 84.7208 63.7232 47.9752 47.4918 49.4403 45.2722 44.5735 44.3528 39.4525 52.0201 37.1055 36.4892 44.5078 36.6622 45.9748 36.4357 35.8629 35.0944 61.8321 47.6792 34.909 41.63 32.4766 31.5547 31.0563 53.2232 42.2663 39.3817 27.9226
threshold=926.74333333333345 935.96333333333348 -0.93545489084327571 0.15951094710994371 0.99855310097228334 -0.84315017450793706 2.5000000000000004 -0.51297808981038739 -0.78326540922535159 0.77244481603295057 0.99958851518450398 912.49333333333345 -0.96687281075841669 0.67007489853957602 0.8277925332691819 931.9766666666668 -0.97315270831292444 0.056951373111866731 4.5000000000000009 -0.51297808981038739 -0.099819732675876835 -0.90163369914317015 -0.77245553105869302 0.83966414931270739 -0.49813634056773481 1.5000000000000002 3.5000000000000004 -0.99273797715557011 -0.99630266176052629 0.1147873601445511
decision_type=2 2 2 2 2 2 2 2 2 2 2 2 2 2 2 2 2 2 2 2 2 2 2 2 2 2 2 2 2 2
left_child=4 3 -3 12 5 6 -1 -4 -7 10 -9 23 25 14 -14 -16 -13 18 19 -15 -21 29 -23 -10 -20 28 -27 -28 -2 -18
right_child=1 2 7 -5 -6 8 -8 9 11 -11 -12 16 13 17 15 -17 21 -19 24 20 -22 22 -24 -25 -26 26 27 -29 -30 -31
leaf_value=0.0011344871151636072 -0.003465296535251457 0.0042586942440163604 -0.0022492576567857449 9.2080871094080141e-05 0.022137183440377968 -0.003747536961747744 0.011004675445703431 0.00069591079682858326 0.014825023846624312 -0.0020712498737718798 -0.0029626812186763839 0.025270500157044053 -0.0019165452269007165 0.0053775401031572996 -0.0012624894434488743 0.0017478991085722768 0.00022156027450178988 -0.0038273549927734882 -0.000689774438563082 -0.0030035819525149401 0.0062778173133128451 -0.0030980794790551771 0.00048197872261084159 0.0029142152296880875 0.0051162536993373756 0.01023024068736233 0.005747974401283701 -0.0030059457903277883 0.0090313803487971894 0.0090328741139732386
leaf_weight=247 78 97 463 2671 77 62 350 330 142 384 75 52 1959 167 841 192 228 67 104 308 111 105 2353 158 187 135 87 61 83 307
leaf_count=247 78 97 463 2671 77 62 350 330 142 384 75 52 1959 167 841 192 228 67 104 308 111 105 2353 158 187 135 87 61 83 307
internal_value=-0.00170245 -0.00648732 -0.017963 -0.00428956 0.00814552 0.00739076 0.0206522 -0.0209896 0.00506162 -0.0137342 -0.00283251 0.0058428 -0.0075097 -0.00904242 -0.0120281 -0.00440039 0.00418582 0.00042328 0.00313212 -0.00391823 -0.0141667 0.00345691 0.00093534 0.0225914 0.0172945 0.00606742 0.0160211 -0.00469799 -0.0114198 0.0150187
internal_weight=12481 8400 1349 7051 4081 4004 597 1252 3407 789 405 3345 4380 3936 2992 1033 3045 944 877 586 419 2993 2458 300 291 444 283 148 161 535
internal_count=12481 8400 1349 7051 4081 4004 597 1252 3407 789 405 3345 4380 3936 2992 1033 3045 944 877 586 419 2993 2458 300 291 444 283 148 161 535
is_linear=0
shrinkage=0.05


Tree=33
num_leaves=31
num_cat=0
split_feature=2 9 7 2 5 5 5 2 8 8 9 7 9 9 2 2 6 5 5 6 9 5 5 1 6 1 5 8 9 5
split_gain=212.097 96.4763 97.694 86.8474 61.6312 53.8027 52.7538 42.9701 36.9451 45.3929 30.9617 35.0809 41.1084 39.2573 35.105 34.9979 30.9467 40.9465 29.5073 29.3454 26.6706 51.0468 24.2362 23.0258 45.5261 22.9229 22.7604 22.6757 72.063 37.2607
threshold=926.74333333333345 1232.9937500000001 0.91161058030431363 935.96333333333348 -0.92923668111203805 -0.83377653105606597 -0.20180236284700911 912.49333333333345 -0.96687281075841669 -0.90892157495189674 1685.0874999999999 -0.96235977360714686 1337.2812499999993 1397.8249999999996 922.21000000000015 919.78333333333342 -0.91939278948206182 -0.11692013674435776 -0.69674959280705229 -0.9497838742125716 1472.7500000000002 -0.45274443793211405 0.93237596376505805 0.36666666666666675 -0.99864786094873803 76.90000000000002 0.97508442350096236 -0.52765736634565841 674.92499999999973 -0.91597725483594616
decision_type=2 2 2 2 2 2 2 2 2 2 2 2 2 2 2 2 2 2 2 2 2 2 2 2 2 2 2 2 2 2
left_child=1 2 16 6 -5 -6 8 -3 -2 -10 11 14 15 -14 -9 -13 17 -1 -4 -11 25 -22 -17 -8 -25 -15 -12 29 -29 -21
right_child=3 7 18 4 5 -7 23 10 9 19 26 12 13 20 -16 22 -18 -19 -20 27 21 -23 -24 24 -26 -27 -28 28 -30 -31
leaf_value=-0.00074758495361258454 0.0016611822769613386 0.0066552650556580915 0.00092061947840970802 0.002711756518088962 -0.0032062771701343671 -0.0013914483300093575 0.001615658571689744 0.001719137951042367 -0.002778220287779637 -0.002632065589088252 -0.0014425997807073045 0.0056868563977324725 0.0062129188456096253 0.00081919449016462295 -0.0034030024677095235 -0.0050154895049829068 0.015187071108116635 0.024430273032364114 -0.0031937883372461979 -0.00089818499186071835 0.011253556951118036 0.0014141037954482961 0.0031541399267812995 -0.0051803326635872539 5.0351836092576987e-05 -0.0021589136976070608 -0.0033875772653410574 0.012784093581815523 -0.00086273323801962926 -0.0026253862970492814
leaf_weight=135 438 268 145 122 166 1055 358 77 241 203 110 104 220 268 161 148 719 47 69 547 129 975 41 58 2997 350 55 156 1992 227
leaf_count=135 438 268 145 122 166 1055 358 77 241 203 110 104 220 268 161 148 719 47 69 547 129 975 41 58 2997 350 55 156 1992 227
internal_value=-0.0014028 0.00806813 0.0205645 -0.00585212 -0.0175223 -0.0209083 -0.0036783 0.00326797 -0.00772668 -0.00950401 0.00132626 0.00272838 0.00467352 0.00730829 -0.0154812 -0.0127551 0.0277716 0.00928962 -0.00976744 -0.00788548 0.00475914 0.00941176 -0.0255263 0.000834798 -0.000572644 -0.00355412 -0.0195783 -0.00660281 -0.00395533 -0.0139355
internal_weight=12581 4021 1115 8560 1343 1221 7217 2906 3804 3366 2638 2473 2235 1942 238 293 901 182 214 3125 1722 1104 189 3413 3055 618 165 2922 2148 774
internal_count=12581 4021 1115 8560 1343 1221 7217 2906 3804 3366 2638 2473 2235 1942 238 293 901 182 214 3125 1722 1104 189 3413 3055 618 165 2922 2148 774
is_linear=0
shrinkage=0.05


Tree=34
num_leaves=31
num_cat=0
split_feature=2 9 2 7 9 1 6 1 8 9 8 4 8 4 6 7 9 7 4 8 7 7 3 8 2 7 3 2 7 7
split_gain=206.879 114.66 94.9579 52.3261 42.8689 30.8323 29.6403 46.8532 27.8204 33.8363 34.1815 54.6104 47.4744 35.7328 32.3143 38.5809 74.1223 99.4557 31.5043 26.6022 25.6606 32.4888 24.6718 23.556 21.7551 20.9478 20.7329 23.5272 35.1206 48.3742
threshold=923.70333333333349 1147.1499999999996 936.08333333333348 -0.51297808981038739 1690.0562500000001 55.300000000000004 0.99958851518450398 27.700000000000006 -0.97113716369942038 1045.9124999999997 -0.99628250747696534 3.5000000000000004 -0.99273797715557011 1.5000000000000002 0.97461712852231652 -0.88622299073327826 1199.2750000000003 -0.93545056548590078 5.5000000000000009 -0.99940590107385374 0.98091558679606194 0.66527693225344786 10.500000000000002 -0.091260510743598464 929.03666666666675 -0.12546116083924153 8.5000000000000018 927.59666666666681 0.90892735371523092 0.74300049550786151
decision_type=2 2 2 2 2 2 2 2 2 2 2 2 2 2 2 2 2 2 2 2 2 2 2 2 2 2 2 2 2 2
left_child=1 -1 8 -4 5 -3 7 -5 9 -2 13 -12 24 -11 15 16 23 18 -18 -7 21 25 -15 -10 -13 -9 -17 28 29 -28
right_child=2 4 3 6 -6 19 -8 20 14 10 11 12 -14 22 -16 26 17 -19 -20 -21 -22 -23 -24 -25 -26 -27 27 -29 -30 -31
leaf_value=0.020657032016874435 0.025065949476629212 0.0063809445540008924 -0.0020467085119576685 0.00086688163181606335 -0.0030664422697638189 0.0084674497702388329 -0.0026663017092602693 -0.0025556901892576493 -0.00022296809272532789 -0.0034835686728480809 0.0070662685541378256 0.009336879000365195 -0.0030457369457542794 -0.0014891300956224596 0.0022817084849323303 -0.0012389767231101795 -0.0024934256415648838 0.0033216962301114619 0.00077559835214091187 0.00087282019392397883 0.0024328792173928027 -0.0021854735444226357 0.0059142581786840349 0.013149802542220835 -0.00056070592197690898 0.00099388739310232103 0.00027690296604766898 -0.00073728202293452257 -0.0024290583359991543 0.011099095004707578
leaf_weight=404 44 310 433 323 107 61 74 96 40 101 229 51 115 49 566 2494 434 304 101 1429 45 229 61 218 56 102 574 3148 200 141
leaf_count=404 44 310 433 323 107 61 74 96 40 101 229 51 115 49 566 2494 434 304 101 1429 45 229 61 218 56 102 574 3148 200 141
internal_value=-0.0013756 0.0121324 -0.00442859 -0.0170376 0.00699686 0.00882843 -0.00994253 -0.00709799 -0.00258766 0.00693069 0.0040724 0.0118363 -0.0058296 -0.0125 -0.00340591 -0.00425865 0.00441712 -0.00279762 -0.0157649 0.00583501 -0.0171247 -0.0209112 0.00720721 0.0277992 0.0180556 -0.00603015 -0.00571058 -0.0035064 0.00354803 0.00872905
internal_weight=12539 2311 10228 1302 1907 1800 869 795 8926 706 662 451 222 211 8220 7654 1097 839 535 1490 472 427 110 258 107 198 6557 4063 915 715
internal_count=12539 2311 10228 1302 1907 1800 869 795 8926 706 662 451 222 211 8220 7654 1097 839 535 1490 472 427 110 258 107 198 6557 4063 915 715
is_linear=0
shrinkage=0.05


Tree=35
num_leaves=31
num_cat=0
split_feature=0 0 0 9 7 0 0 6 8 1 6 9 2 7 9 2 2 7 4 7 4 6 7 9 1 2 9 9 6 2
split_gain=588.046 135.27 133.684 43.7413 38.7071 38.3535 35.444 34.9026 32.4215 32.2787 38.5763 33.4972 27.0601 23.1046 22.6579 21.3947 23.9487 21.0375 20.5853 21.3488 20.2219 20.0583 23.8412 26.2563 25.7479 20.9852 21.6861 19.7404 27.732 24.7939
threshold=9.7566666666666695 4.2700000000000005 20.416666666666671 1459.7 0.63920241694561786 30.04666666666667 7.370000000000001 0.99681593486783593 0.67485701100832973 75.63333333333334 0.04621408538533487 1381.5249999999999 934.78333333333342 0.98334239299093984 582.74999999999989 933.89666666666676 932.53000000000009 -0.92923668111203805 2.5000000000000004 -0.074117039608866245 4.5000000000000009 0.99249573635719013 0.71051919230648819 1559.7250000000001 20.766666666666669 927.99666666666678 1650.1500000000001 1204.6500000000003 0.68274389090025245 933.33333333333337
decision_type=2 2 2 2 2 2 2 2 2 2 2 2 2 2 2 2 2 2 2 2 2 2 2 2 2 2 2 2 2 2
left_child=1 13 7 4 -4 -5 27 8 9 10 -2 -12 14 -1 -11 16 21 -13 19 -16 -17 22 23 24 -10 -25 -27 28 29 -3
right_child=2 6 3 5 -6 -7 -8 -9 15 12 11 17 -14 -15 18 20 -18 -19 -20 -21 -22 -23 -24 25 -26 26 -28 -29 -30 -31
leaf_value=-0.0020647703070594452 0.001190712188462606 -0.0012884157074412456 0.014127754671004434 0.0020851471385593344 0.004636044573187806 0.0068508823570036272 -0.00052390728144687264 0.012133996741462767 0.0021747128283770927 0.016237140948707176 0.01393456889484182 -0.0013025898557037952 -0.005348947429393242 0.00060246581897999943 -0.0020084658913221711 5.0062304480530398e-05 -0.0031717199865617623 0.0036210336236637401 0.0014737519266061429 0.00036785030900237108 0.0067282206942198223 -0.00287515735228667 -0.0037414283499459691 0.01355812585642225 -0.0023786442805723684 0.0045405752546765436 -0.0064308942257752591 -0.0015899406341447417 0.0048062976963401316 0.0010340646178659215
leaf_weight=886 1375 953 582 541 124 198 2040 113 176 43 241 72 40 48 220 101 136 552 648 356 52 85 57 89 272 79 41 2162 69 154
leaf_count=886 1375 953 582 541 124 198 2040 113 176 43 241 72 40 48 220 101 136 552 648 356 52 85 57 89 272 79 41 2162 69 154
internal_value=-0.00133136 -0.0120703 0.00961414 0.0229253 0.0318246 0.0143919 -0.00901655 0.00555907 0.00488568 0.00720124 0.0108434 0.0191109 0.000955657 -0.0296257 0.00224763 -0.00266299 -0.00550214 0.01296 0.000979592 -0.00589255 0.0146104 -0.0021875 0.000559441 0.00326748 -0.00356347 0.0178571 0.00413223 -0.0121893 -0.00696686 -0.00888989
internal_weight=12505 6312 6193 1445 706 739 5378 4748 4635 3547 2240 865 1307 934 1267 1088 935 624 1224 576 153 799 714 657 448 209 120 3338 1176 1107
internal_count=12505 6312 6193 1445 706 739 5378 4748 4635 3547 2240 865 1307 934 1267 1088 935 624 1224 576 153 799 714 657 448 209 120 3338 1176 1107
is_linear=0
shrinkage=0.05


Tree=36
num_leaves=31
num_cat=0
split_feature=0 0 0 7 1 5 6 0 4 8 6 0 6 6 3 1 3 6 6 5 1 6 6 6 8 7 7 7 7 4
split_gain=564.687 161.261 97.4926 43.2678 35.7419 27.362 24.918 24.8474 24.4694 21.1191 20.9557 19.6858 27.1574 23.4424 18.6276 18.5924 17.8591 23.545 15.8127 19.4009 29.2366 18.8483 15.7653 14.7832 42.3656 21.0668 17.5263 25.1871 21.6954 34.4105
threshold=7.9433333333333342 17.883333333333336 4.0966666666666676 0.20391355282604834 66.033333333333346 -0.861146256326485 0.29958852271690523 23.663333333333338 2.5000000000000004 0.9899370942838045 -0.91939278948206182 11.996666666666668 0.04621408538533487 0.29958852271690523 6.5000000000000009 2.3666666666666671 19.500000000000004 -0.54940789553007929 0.39629089145655322 -0.98523971305672675 60.56666666666667 -0.27694043983797384 -0.19337245081799007 -0.27694043983797384 -0.17646730165275518 0.98213580174693105 -0.98803388382128665 -0.99629805505515945 -0.19337636264337835 4.5000000000000009
decision_type=2 2 2 2 2 2 2 2 2 2 2 2 2 2 2 2 2 2 2 2 2 2 2 2 2 2 2 2 2 2
left_child=2 4 22 7 10 8 -7 -3 -4 23 -2 -12 -13 -14 -5 -8 17 -16 19 -10 21 -21 -1 24 -6 26 27 -25 29 -28
right_child=1 3 5 14 9 6 15 -9 18 -11 11 12 13 -15 16 -17 -18 -19 -20 20 -22 -23 -24 25 -26 -27 28 -29 -30 -31
leaf_value=-0.0014917378410095892 -0.00055187789608762141 0.0048713260197963239 -0.0024716458676844605 -0.00028016262340724854 0.0022464833693888395 -0.00065000287225154768 9.9933203200487652e-05 0.0086626139023753667 -0.0025049979031676372 0.018448768710511328 0.00058798763947948563 0.001591297703518102 0.0068218435613000812 0.0042846711500872858 0.0016802230991089934 -0.0015958112493329873 -0.00083278649565319282 0.0072939922987054822 -0.00360148218049176 -0.0024102788983064367 0.0017726916568997623 0.0011013931948485199 -0.0020310304469644842 -0.0010334039878558243 -0.0015482233542019747 0.002644755567650434 -0.0028849239291295738 0.01426574903616913 -0.00064157169729784497 0.0014351036344344981
leaf_weight=257 418 553 323 206 252 1680 198 555 113 51 1575 656 119 355 231 1432 117 418 56 85 109 77 530 69 204 136 527 41 1007 157
leaf_count=257 418 553 323 206 252 1680 198 555 113 51 1575 656 119 355 231 1432 117 418 56 85 109 77 530 69 204 136 527 41 1007 157
internal_value=-0.00121922 0.00725026 -0.0145443 0.0191254 0.0028107 -0.0114261 -0.00945334 0.0258792 -0.0199607 -0.00171779 0.00635403 0.00796378 0.0129973 0.0221053 0.011408 -0.0138565 0.0149935 0.0182308 -0.0122449 -0.00857143 -0.00128676 -0.0147239 -0.0306472 -0.00240184 0.00568928 -0.00430857 -0.00574362 0.0135135 -0.00700355 -0.0138686
internal_weight=12507 7647 4860 2080 5567 4073 3310 1108 763 2444 3123 2705 1130 474 972 1630 766 649 440 384 271 162 787 2393 456 1937 1801 110 1691 684
internal_count=12507 7647 4860 2080 5567 4073 3310 1108 763 2444 3123 2705 1130 474 972 1630 766 649 440 384 271 162 787 2393 456 1937 1801 110 1691 684
is_linear=0
shrinkage=0.05


Tree=37
num_leaves=31
num_cat=0
split_feature=0 0 0 6 0 9 0 2 7 1 7 1 6 4 7 9 6 4 1 2 2 7 9 9 9 7 8 7 4 4
split_gain=491.916 144.106 84.1015 46.3312 39.2659 33.6579 32.9324 26.3342 26.1432 24.2585 22.0522 21.8902 22.5989 21.4167 21.1207 20.4891 19.8563 19.4241 19.1572 19.0627 30.7369 18.9334 17.8939 16.3674 30.2387 30.8349 45.9671 24.3634 33.1024 20.346
threshold=11.996666666666668 5.4433333333333342 23.663333333333338 0.99681593486783593 3.8766666666666674 1665.5500000000002 7.6833333333333345 913.84333333333348 -0.63920832810365535 22.966666666666672 0.40614137006726808 34.900000000000006 -0.34234976856068178 1.0000000180025095e-35 0.97364703930971175 1058.4749999999995 0.36447543099728863 4.5000000000000009 81.833333333333343 926.74333333333345 929.57666666666682 -0.97876850416056738 1170.8812499999999 1507.4312499999999 1436.9687500000002 -0.78326178756187226 -0.70748025990135355 0.98802474685579866 1.5000000000000002 2.5000000000000004
decision_type=2 2 2 2 2 2 2 2 2 2 2 2 2 2 2 2 2 2 2 2 2 2 2 2 2 2 2 2 2 2
left_child=1 4 3 5 -1 7 11 -2 16 -9 22 19 -13 -7 -14 21 -6 -12 -17 -3 -21 -8 -4 24 25 -11 29 28 -25 -27
right_child=2 6 10 -5 8 13 15 9 -10 23 17 12 14 -15 -16 18 -18 -19 -20 20 -22 -23 -24 27 -26 26 -28 -29 -30 -31
leaf_value=-0.0019726756378610909 0.010409714315553499 0.0015685428705112679 0.019949901700990383 0.017412562399873498 -0.001412316762910641 -0.0051899285943393563 0.0075379292557489659 0.0045487729248981316 -0.0012081361391581302 0.0060660774393905192 0.0051114925295642159 -0.00040027573956639279 -0.0021787278323417733 -0.00014154738010344615 0.00039526599943785908 -4.2003196737980254e-05 -0.0020494469988025692 -0.0081043985796365858 -0.0014759811926860573 -0.0022330950405403311 -0.00021918006757796864 0.0005666420539928587 0.0060144863746932342 0.0059274308741357057 -0.0012281977283613993 0.0010428910091448197 -0.00083888594803150783 0.011466127326288923 0.00026449891245668432 0.0084545975887591659
leaf_weight=608 144 165 138 97 136 50 57 694 1075 250 219 335 993 195 86 1755 267 41 905 248 684 596 475 184 457 208 705 64 377 243
leaf_count=608 144 165 138 97 136 50 57 694 1075 250 219 335 993 195 86 1755 267 41 905 248 684 596 475 184 457 208 705 64 377 243
internal_value=-0.00136926 -0.008899 0.0117459 0.00842191 -0.0201725 0.0074888 -0.00485837 0.00880673 -0.0157539 0.00785423 0.0256865 -0.00917596 -0.0132862 -0.0103659 -0.0168056 -0.00158419 -0.0266089 0.01341 -0.00353251 -0.00387067 -0.00664523 0.00634557 0.0308632 0.0055444 0.00319206 0.00682303 0.00337079 0.0125399 0.0091637 0.0158186
internal_weight=12451 7910 4541 3668 2086 3571 5824 3326 1478 3182 873 2511 1414 245 1079 3313 403 260 2660 1097 932 653 613 2488 1863 1406 1156 625 561 451
internal_count=12451 7910 4541 3668 2086 3571 5824 3326 1478 3182 873 2511 1414 245 1079 3313 403 260 2660 1097 932 653 613 2488 1863 1406 1156 625 561 451
is_linear=0
shrinkage=0.05


Tree=38
num_leaves=31
num_cat=0
split_feature=0 0 0 3 1 9 5 9 2 9 9 7 9 9 7 1 7 3 9 7 0 2 2 3 0 9 7 2 1 7
split_gain=427.619 144.563 85.8651 36.4746 33.131 30.8208 30.6667 27.6558 26.4264 43.16 26.4268 24.1532 24.3494 39.3692 25.6694 22.6558 21.454 22.9517 20.8979 20.6388 19.496 25.3416 18.7565 18.6073 18.4237 18.3507 35.3166 17.8572 27.3643 17.0286
threshold=10.750000000000002 5.4433333333333342 25.213333333333335 17.500000000000004 98.433333333333351 735.47499999999968 -0.20180236284700911 1665.5500000000002 922.99000000000012 1147.1499999999996 1519.5500000000002 -0.8431462759492121 875.79374999999948 708.19999999999993 -0.77245553105869302 1.9000000000000001 0.23746817830764474 9.5000000000000018 1203.0812500000002 -0.63920832810365535 4.2700000000000005 932.10333333333347 925.23000000000013 13.500000000000002 3.3300000000000005 775.14999999999952 -0.96688789938088693 922.85000000000002 81.033333333333346 0.9252105435402006
decision_type=2 2 2 2 2 2 2 2 2 2 2 2 2 2 2 2 2 2 2 2 2 2 2 2 2 2 2 2 2 2
left_child=1 3 4 19 7 29 27 8 9 -2 -11 25 13 -13 -14 23 -4 -18 22 -1 -5 -22 -6 -8 -21 -10 -27 28 -7 -3
right_child=2 5 16 20 18 6 15 -9 11 10 -12 12 14 -15 -16 -17 17 -19 -20 24 21 -23 -24 -25 -26 26 -28 -29 -30 -31
leaf_value=-0.002038913555103692 0.017990981432798519 0.0023523363785305437 0.0077209140238976744 -0.0010733544989757482 0.017717872158032173 0.012599975175373186 7.7118590996468062e-05 -0.0008930913538597097 0.022631555453562796 0.00031574786522064194 0.010022264639068426 0.0084971659040352036 -0.0040223284512734981 -0.0028871241231726375 0.0021582390897368548 -0.00061737882048195638 -0.0003009567429195004 0.0088864954075355915 -0.00066940430911064113 -0.002509253512793924 -0.0014397974902761526 0.00088162684604412575 -0.00052195381918435091 0.0027309748106331272 -0.0016048837156163094 -0.00085204968980512059 0.0047773640450745813 -0.0013662406129043765 -0.0018222610506256191 -0.00086048562890247429
leaf_weight=371 158 275 434 349 59 51 187 215 73 294 246 146 82 248 1984 2167 114 136 813 126 207 169 69 115 885 154 223 1969 63 133
leaf_count=371 158 275 434 349 59 51 187 215 73 294 246 146 82 248 1984 2167 114 136 813 126 207 169 69 115 885 154 223 1969 63 133
internal_value=-0.00138623 -0.00950057 0.00913929 -0.0204696 0.00675761 -0.00483773 -0.00601801 0.00882584 0.00986423 0.018598 0.0118299 0.00776366 0.00581065 -0.00556962 0.00798258 -0.00224696 0.0256934 0.0139442 -0.00164544 -0.025235 -0.0113636 -0.00344828 0.0170543 0.0105611 -0.0214921 0.0184035 0.0138889 -0.0104846 0.00869565 0.00831296
internal_weight=12515 7067 5448 2107 4764 4960 4552 3823 3608 698 540 2910 2460 394 2066 2469 684 250 941 1382 725 376 128 302 1011 450 377 2083 114 408
internal_count=12515 7067 5448 2107 4764 4960 4552 3823 3608 698 540 2910 2460 394 2066 2469 684 250 941 1382 725 376 128 302 1011 450 377 2083 114 408
is_linear=0
shrinkage=0.05


Tree=39
num_leaves=31
num_cat=0
split_feature=2 9 2 5 5 5 5 5 2 9 5 1 2 7 9 7 5 9 1 7 4 7 7 4 3 9 5 5 2 1
split_gain=158.96 98.4503 88.4259 54.9705 42.1255 41.7378 31.8838 48.3898 31.8056 30.992 57.8686 32.8691 30.8183 30.7786 28.7543 27.5075 26.3731 31.84 23.379 23.0893 39.4468 31.1386 26.8281 24.9316 29.3943 26.8823 25.1102 37.3168 26.2358 24.0257
threshold=923.25666666666677 1147.1499999999996 935.96333333333348 -0.93545489084327571 -0.83377653105606597 -0.79384350655589164 -0.099819732675876835 -0.065535378769913874 912.49333333333345 674.92499999999973 -0.73866753694953124 99.63333333333334 926.82333333333338 0.98091558679606194 1644.3500000000001 0.83966414931270739 -0.99275805973510278 1045.9124999999997 50.433333333333344 -0.9905448150984083 4.5000000000000009 -0.878119045158818 -0.91597725483594616 1.5000000000000002 10.500000000000002 1084.3312500000002 0.94138322595482449 0.89404822654372251 925.01666666666677 1.0333333333333334
decision_type=2 2 2 2 2 2 2 2 2 2 2 2 2 2 2 2 2 2 2 2 2 2 2 2 2 2 2 2 2 2
left_child=1 -1 6 -4 -5 -3 9 -8 15 10 12 16 -2 -6 18 -7 17 -11 -10 20 -9 22 -21 25 -25 -23 27 -27 -28 -26
right_child=2 5 3 4 13 8 7 19 14 11 -12 -13 -14 -15 -16 -17 -18 -19 -20 21 -22 23 -24 24 29 26 28 -29 -30 -31
leaf_value=0.017372497453176063 0.012258288868393821 0.0069996128151787297 0.0041878999293508898 -0.0025043771912746661 -0.0011475395771380909 0.010533413644147378 0.0067838596147202085 -0.0043772287015810948 0.0080899851407213678 0.02125297765459884 0.013314232284078343 -0.0023559286426244734 -0.0017071707930599333 0.0028234020203867869 -0.002822479170712891 0.0016090097491802348 -0.00080018529874531378 0.0005703300029368377 0.00026343122346771943 0.0012013033231812827 0.0037691471422328067 0.0046415221677105186 0.0086793721818095304 -0.0011858005807540166 0.0036389325220641507 0.00053345560953167032 -0.0019627841720551752 -0.0029222199040397009 0.0050610464151318382 -1.1679090883007227e-05
leaf_weight=357 51 197 94 188 1024 116 90 90 131 40 178 408 129 52 261 155 3699 431 955 259 41 100 91 1089 115 553 64 111 226 1197
leaf_count=357 51 197 94 188 1024 116 90 90 131 40 178 408 129 52 261 155 3699 431 955 259 41 100 91 1089 115 553 64 111 226 1197
internal_value=-0.00120067 0.0110907 -0.00378839 -0.0156733 -0.018419 0.00636013 -0.00198594 0.00131612 0.00370599 -0.00467895 0.00947075 -0.00578729 -0.0104972 -0.0145775 0.00055638 0.0193015 -0.00445936 0.00667373 0.00413983 0.000482601 -0.0200758 0.00119548 0.0153846 -0.000245949 -0.00305995 0.00616114 0.00356021 -0.00180451 0.0158076 0.0019802
internal_weight=12492 2172 10320 1358 1264 1815 8962 4026 1618 4936 358 4578 180 1076 1347 271 4170 471 1086 3936 131 3805 350 3455 2401 1054 954 664 290 1312
internal_count=12492 2172 10320 1358 1264 1815 8962 4026 1618 4936 358 4578 180 1076 1347 271 4170 471 1086 3936 131 3805 350 3455 2401 1054 954 664 290 1312
is_linear=0
shrinkage=0.05


Tree=40
num_leaves=31
num_cat=0
split_feature=0 0 0 9 7 0 3 3 9 9 5 4 7 7 9 2 7 5 5 8 7 5 5 9 2 5 4 3 5 5
split_gain=411.468 109.942 85.6597 48.3573 39.5042 37.4786 32.3808 25.8239 24.6778 24.6633 43.3831 39.8232 28.454 22.3897 35.494 21.5272 21.5068 20.5391 24.2441 20.3157 19.2671 17.2733 23.292 32.7848 28.938 18.196 19.8104 17.5476 15.8586 24.5372
threshold=8.7166666666666703 19.103333333333339 4.2700000000000005 1459.7 0.63920241694561786 31.670000000000005 6.5000000000000009 19.500000000000004 674.92499999999973 1199.2750000000003 0.54219432480460406 3.5000000000000004 -0.015051239303264097 -0.72696319516528884 1417.5249999999999 936.08333333333348 -0.57078386445773377 -0.73866753694953124 -0.91597725483594616 0.79773375822167203 0.98334239299093984 -0.99275805973510278 -0.099819732675876835 1079.39375 919.78333333333342 -0.99866806308218525 3.5000000000000004 12.500000000000002 0.97112537654464559 0.93845596220871974
decision_type=2 2 2 2 2 2 2 2 2 2 2 2 2 2 2 2 2 2 2 2 2 2 2 2 2 2 2 2 2 2
left_child=2 8 15 4 -3 6 -5 -8 17 12 11 -11 -4 14 -13 20 -15 18 -2 -14 -1 25 24 -24 -23 27 -27 -10 29 -25
right_child=1 3 9 5 -6 -7 7 -9 21 10 -12 13 19 16 -16 -17 -18 -19 -20 -21 -22 22 23 28 -26 26 -28 -29 -30 -31
leaf_value=-0.0015145476529584716 0.01354086158713126 0.01108570260994924 0.0011269641859200797 -0.0016464452121442653 0.0041730277985317426 0.0059207308947375088 0.0046716399068232606 -0.0020308657734531168 -0.0019373245513103295 -0.0020258037619208984 -0.00053816699844315419 0.00036327423718708065 -0.00042634812862522159 0.0026133309704447303 -0.0031051296832931823 -0.001795464340934053 -0.00071736217127994079 0.017536746158131389 -0.0057254896181216652 -0.0019983964911177948 0.00075969745493716795 0.0086071094035817808 0.0077347180073056082 0.00043193460723018885 -0.00046671843202884258 0.0075534229768163185 -0.0015510354662681858 0.003695021747547972 -0.00081066869511842036 0.0036130833291960042
leaf_weight=611 54 661 302 204 174 158 408 97 47 943 1366 122 1005 55 191 270 425 102 41 184 53 111 214 1642 2093 117 48 53 398 249
leaf_count=611 54 661 302 204 174 158 408 97 47 943 1366 122 1005 55 191 270 425 102 41 184 53 111 214 1642 2093 117 48 53 398 249
internal_value=-0.00139527 0.00677386 -0.0115503 0.0177921 0.0263756 0.00950461 0.00457746 0.0113636 0.00314313 -0.00873966 -0.0112794 -0.0165227 -0.00345174 -0.00824937 -0.0186306 -0.0253476 -0.0014553 0.0204545 0.00364583 -0.00693277 -0.0204511 0.00245325 0.00175234 0.00505192 -0.00199546 0.0148496 0.025 -0.0019802 0.00329694 0.00520613
internal_weight=12398 6871 5527 1702 835 867 709 505 5169 4593 3102 1736 1491 793 313 934 480 197 95 1189 664 4972 4707 2503 2204 265 165 100 2289 1891
internal_count=12398 6871 5527 1702 835 867 709 505 5169 4593 3102 1736 1491 793 313 934 480 197 95 1189 664 4972 4707 2503 2204 265 165 100 2289 1891
is_linear=0
shrinkage=0.05


Tree=41
num_leaves=31
num_cat=0
split_feature=0 0 0 1 6 0 8 3 0 7 2 6 2 2 6 7 5 7 0 2 6 6 3 7 7 3 1 6 2 7
split_gain=386.942 96.8877 71.2994 34.8381 35.0583 30.3329 28.726 32.7765 30.2503 24.4109 23.2088 23.0727 35.3794 23.9861 22.5284 22.1668 25.1996 21.8994 21.207 20.7421 23.7034 20.4062 17.3643 17.3599 19.8587 18.3545 17.2724 17.2233 25.3735 17.0894
threshold=10.023333333333335 4.2700000000000005 19.870000000000005 97.90000000000002 -0.10837475778693638 6.7100000000000017 0.98005052076767474 8.5000000000000018 33.95333333333334 1.0000000180025095e-35 934.25000000000011 -0.27694043983797384 928.05666666666673 923.3900000000001 -0.95502570686053045 0.88618201382888007 -0.24372957273992746 0.91161058030431363 12.860000000000001 929.63000000000011 -0.73284120334876357 0.99024581825578073 4.5000000000000009 0.77241981449888963 0.65231507897944274 16.500000000000004 62.70000000000001 -0.56369940867848845 934.17666666666685 0.96687895796550427
decision_type=2 2 2 2 2 2 2 2 2 2 2 2 2 2 2 2 2 2 2 2 2 2 2 2 2 2 2 2 2 2
left_child=1 10 3 4 11 15 7 8 9 -4 -1 13 -13 -2 -15 16 23 -16 -6 -17 -21 -9 -7 24 25 -3 -11 -22 -29 -30
right_child=2 5 6 -5 18 22 -8 21 -10 26 -12 12 -14 14 17 19 -18 -19 -20 20 27 -23 -24 -25 -26 -27 -28 28 29 -31
leaf_value=-0.0013655068004717671 0.0089578390258308778 -0.0019816036795108649 0.0021163236915334783 -0.00055474475750475209 0.0010677500127994608 0.00055794210746374295 0.0087996904251089695 0.0075930982327321039 0.010157985726017471 0.0050186809937298182 -0.0018743860412133752 -0.0060849919234344796 0.00017040500461138128 -0.0010702712589053033 0.0017782380745650251 -0.0011291770975448202 -0.00088050435196207 -0.0011598735518727644 0.0043239957627632889 0.0018975702329038385 -0.0025191950338802694 -0.0016122733738747341 -0.00085961275003614977 -0.0024071367418732519 0.00041650809948903941 -0.00083110344705344952 -0.0027962912880844363 0.0024737560228074718 -0.0019605811967970247 0.0010693844411165914
leaf_weight=512 129 611 186 833 810 620 119 918 42 64 409 81 130 277 829 227 1086 298 1012 82 68 58 2314 101 72 267 186 51 51 70
leaf_count=512 129 611 186 833 810 620 119 918 42 64 409 81 130 277 829 227 1086 298 1012 82 68 58 2314 101 72 267 186 51 51 70
internal_value=-0.00146636 -0.00986701 0.00773481 0.00446591 0.0066162 -0.00740082 0.0168679 0.0149141 0.00417537 0.000228833 -0.0248915 0.00154728 -0.0139151 0.00368318 0.00177936 -0.0112393 -0.0135407 0.00492021 0.0114646 -0.00227273 0.00588235 0.0201638 -0.00388416 -0.0190589 -0.0169295 -0.0189989 -0.00996016 -0.00207469 0.00635838 -0.00614754
internal_weight=12513 6541 5972 4399 3566 5620 1573 1454 478 436 921 1744 211 1533 1404 2686 2137 1127 1822 549 322 976 2934 1051 950 878 250 240 172 121
internal_count=12513 6541 5972 4399 3566 5620 1573 1454 478 436 921 1744 211 1533 1404 2686 2137 1127 1822 549 322 976 2934 1051 950 878 250 240 172 121
is_linear=0
shrinkage=0.05


Tree=42
num_leaves=31
num_cat=0
split_feature=0 0 0 0 6 9 1 9 5 6 6 9 6 5 9 2 1 6 9 9 1 2 9 6 9 3 8 6 6 5
split_gain=353.891 122.82 58.1022 50.2415 42.5927 29.8098 29.3372 23.8295 26.1748 23.4129 23.1323 22.7825 31.4068 24.6898 22.5938 21.2556 20.4287 35.8306 46.206 24.0575 27.5343 19.7505 17.6348 24.8515 17.5585 17.1827 18.4972 16.8798 16.8501 16.6921
threshold=7.3166666666666673 24.016666666666669 4.0966666666666676 11.996666666666668 0.99681593486783593 1650.1500000000001 98.300000000000011 1199.2750000000003 0.54219432480460406 0.77108682076304769 0.99138911339924218 1073.7812499999998 0.45847758937963173 -0.32614396506100213 1459.7 936.08333333333348 98.833333333333343 -0.11692317777808843 1219.83125 1502.7874999999997 66.033333333333346 926.89666666666676 1646.08125 0.063390085881955341 1515.575 14.500000000000002 -0.62588708731544751 0.063390085881955341 -0.25206183926700709 0.96465729447553372
decision_type=2 2 2 2 2 2 2 2 2 2 2 2 2 2 2 2 2 2 2 2 2 2 2 2 2 2 2 2 2 2
left_child=2 3 15 6 5 10 21 11 -9 -10 16 12 13 -4 -3 25 17 -5 -19 20 27 29 23 -18 -21 -1 -27 -20 -7 -2
right_child=1 14 7 4 -6 28 -8 8 9 -11 -12 -13 -14 -15 -16 -17 22 18 19 24 -22 -23 -24 -25 -26 26 -28 -29 -30 -31
leaf_value=-0.001688773562665743 0.0024106751643413354 0.012899293458338627 -0.00085881465953920879 0.0008328435862693537 0.013123022294416233 0.0033170515961439273 -0.0014649295551957806 -0.0015430419831411455 -0.00096764909286057861 0.0025574434173193713 -0.0024267528162468855 0.00080175364572356305 0.003477538498349897 -0.0022713742519921017 0.0040697625277338724 -0.0017025772737964116 0.0042552371162000646 0.0099955357375543456 -0.0025569773916157877 0.0093203945109708013 -0.00093239324915763008 -0.00016505586091768027 0.010071942123277068 -0.0023880206394630513 0.004409541160425157 -0.0014781630914097899 0.00014258971538416154 0.0043072575387746032 -0.0013909505443055416 -0.0024205308946125079
leaf_weight=313 796 384 682 1336 106 51 633 1272 971 46 78 305 81 119 455 240 148 284 40 74 244 2184 76 344 417 97 126 214 282 98
leaf_count=313 796 384 682 1336 106 51 633 1272 971 46 78 305 81 119 455 240 148 284 40 74 244 2184 76 344 417 97 126 214 282 98
internal_value=-0.000888213 0.00515464 -0.0126029 0.00309884 0.00722598 0.00629702 -0.00101024 -0.00983607 -0.0128166 -0.00682711 0.00775491 -0.00408249 -0.00815402 -0.0111596 0.0232738 -0.0249678 0.00841724 0.0102874 0.0162873 0.0111616 0.00340681 0.00100682 -0.000175747 -0.00365112 0.0190041 -0.0193669 -0.00870536 0.014902 -0.00793413 0.00726257
internal_weight=12496 8244 4252 7405 3694 3588 3711 3476 2289 1017 3255 1187 882 801 839 776 3177 2609 1273 989 498 3078 568 492 491 536 223 254 333 894
internal_count=12496 8244 4252 7405 3694 3588 3711 3476 2289 1017 3255 1187 882 801 839 776 3177 2609 1273 989 498 3078 568 492 491 536 223 254 333 894
is_linear=0
shrinkage=0.05


Tree=43
num_leaves=31
num_cat=0
split_feature=0 0 0 1 0 3 7 5 1 2 7 7 7 7 2 1 0 7 7 4 0 7 2 2 8 2 4 2 8 2
split_gain=322.448 87.8183 58.6666 29.078 34.2765 27.5118 24.0404 21.1263 25.6166 35.8831 22.123 21.3616 28.0047 26.5098 21.2035 19.2169 18.533 18.2332 35.2236 28.4834 17.6547 17.5287 17.9036 17.3288 16.9392 16.7717 16.4459 15.7895 35.6558 24.8539
threshold=11.810000000000002 5.0833333333333348 23.663333333333338 62.366666666666674 35.296666666666674 17.500000000000004 -0.63920832810365535 0.51297097409535064 69.033333333333346 932.41666666666686 -0.89405649444168434 -0.039769906970920914 0.35845153958890236 -0.51297808981038739 939.65666666666675 98.833333333333343 3.3300000000000005 -0.7614135502316719 -0.98803388382128665 3.5000000000000004 6.7100000000000017 0.88618201382888007 927.04333333333352 918.13000000000011 0.1318557721318592 932.10333333333347 2.5000000000000004 926.82333333333338 0.97263757644091875 934.05000000000007
decision_type=2 2 2 2 2 2 2 2 2 2 2 2 2 2 2 2 2 2 2 2 2 2 2 2 2 2 2 2 2 2
left_child=1 5 15 -4 23 6 -1 8 11 17 -11 13 26 14 -3 27 -8 18 -10 -19 21 22 -14 -5 -9 -23 -13 28 -2 -29
right_child=2 7 3 4 -6 -7 16 24 9 10 -12 12 20 -15 -16 -17 -18 19 -20 -21 -22 25 -24 -25 -26 -27 -28 29 -30 -31
leaf_value=-0.001695537875462886 0.0034836493882746873 -0.00031205898965205175 0.0071691866696236006 0.0085808865723700899 0.0099458942384820625 -0.00070122961559457991 -0.0019160922564141593 -0.00033174059873151973 0.0019022051232775159 0.00019360273334648496 -0.003106561968125675 -0.00020474636703634447 0.00034848961106593722 0.0014533763797158297 -0.0020177360722792993 -0.00018386060632373524 -0.0012170367533645256 -0.0016034067894872301 -0.0033144550969587492 0.0010564015640470771 5.090371890925094e-05 -0.0013864865163214558 -0.0019237951416369303 -1.1271194359988025e-05 0.0011940933230719418 0.0022993080027088777 -0.0036727699027670302 0.00049179115080763558 0.015099378869512606 0.0037486729806919528
leaf_weight=317 1184 731 304 191 115 625 124 1625 58 50 281 95 69 462 51 719 673 448 207 309 743 148 215 278 338 46 197 1563 80 287
leaf_count=317 1184 731 304 191 115 625 124 1625 58 50 281 95 69 462 51 719 673 448 207 309 743 148 215 278 338 46 197 1563 80 287
internal_value=-0.00130445 -0.00753872 0.00901101 0.0205849 0.0140171 -0.0174425 -0.0221525 -0.00470036 -0.00673802 -0.0123708 -0.0266566 -0.00397027 -0.00795905 0.000883534 -0.00472542 0.00632499 -0.0174812 -0.00772239 -0.018985 -0.00375989 -0.00462357 -0.0121086 -0.02 0.00797872 -0.00043279 -0.000512821 -0.021843 0.00802568 0.012332 0.00507834
internal_weight=12533 7812 4721 888 584 1739 1114 6073 4110 1353 331 2757 1513 1244 782 3833 797 1022 265 757 1221 478 284 469 1963 194 292 3114 1264 1850
internal_count=12533 7812 4721 888 584 1739 1114 6073 4110 1353 331 2757 1513 1244 782 3833 797 1022 265 757 1221 478 284 469 1963 194 292 3114 1264 1850
is_linear=0
shrinkage=0.05


Tree=44
num_leaves=31
num_cat=0
split_feature=0 0 0 6 9 0 9 7 5 4 9 5 8 4 8 9 7 8 0 8 7 4 2 2 5 5 5 5 5 8
split_gain=292.469 104.386 66.7706 47.5406 41.5007 24.6813 24.2595 22.3296 24.7995 24.3172 20.555 20.1887 27.4122 20.1619 30.6655 23.8621 26.5985 28.0396 19.9478 18.9179 26.8717 18.8373 17.6116 17.5145 19.3336 17.419 19.8939 17.4002 17.6475 17.2078
threshold=11.723333333333334 5.4433333333333342 30.04666666666667 0.99681593486783593 1650.1500000000001 4.0966666666666676 735.47499999999968 0.9252105435402006 -0.88622299073327826 4.5000000000000009 1617.6250000000002 0.51297097409535064 0.1318557721318592 3.5000000000000004 0.63089349388778826 1138.16875 -0.86976336936302323 -0.97507822412530132 16.803333333333338 0.67485701100832973 0.55656748448714433 1.0000000180025095e-35 936.08333333333348 928.35000000000002 -0.86976336936302323 0.12545942051955489 0.99818282439137029 -0.47558551945199218 -0.54220184589352438 -0.94703994556331683
decision_type=2 2 2 2 2 2 2 2 2 2 2 2 2 2 2 2 2 2 2 2 2 2 2 2 2 2 2 2 2 2
left_child=1 5 3 4 18 22 7 8 -3 -9 -5 13 -13 15 23 -8 -17 -18 25 -16 -21 -4 -1 24 -15 27 -27 28 -2 -25
right_child=2 6 21 10 -6 -7 11 9 -10 -11 -12 12 -14 14 19 16 17 -19 -20 20 -22 -23 -24 29 -26 26 -28 -29 -30 -31
leaf_value=-0.0012522597317327286 0.00062561540296896814 -0.0012876210590703056 -0.00037822251079983608 0.013284384413381829 -0.00094011214301599759 -0.001144199236261493 -0.00025655260235433742 -0.0030450517269222676 0.0032618666909802864 0.00087762080686411498 0.0026322116734898318 -0.00039428738497025717 0.0015960813832413573 0.0029626231967745361 0.0036975749168724065 0.00012654655571966295 0.0092574042037227994 -0.0024284235254488726 0.0033630902292016377 0.00096232895886524397 -0.0017118143993189257 0.0067921486462060813 -0.0014665294283321322 -0.0035927925413635864 -0.001287525369674867 0.0026324448772703764 -0.002723820297181634 -0.0010625535743454151 0.0107211341115373 -0.0010606149871605741
leaf_weight=539 860 101 45 90 405 1351 577 94 207 62 42 1495 326 105 121 215 47 1017 1751 405 95 311 231 85 198 796 49 373 49 527
leaf_count=539 860 101 45 90 405 1351 577 94 207 62 42 1495 326 105 121 215 47 1017 1751 405 95 311 231 85 198 796 49 373 49 527
internal_value=-0.00142005 -0.00738556 0.00832984 0.00664629 0.00573063 -0.0168473 -0.00384819 0.00709677 0.0148867 -0.00828025 0.0360902 -0.00482355 -0.00057629 -0.00710286 -0.00286272 -0.0106085 -0.0144141 -0.0176526 0.00732147 0.0057074 0.00139721 0.0291317 -0.0239948 -0.00867904 0.00115132 0.00406485 0.00963357 0.000389712 0.00412088 -0.01354
internal_weight=12569 7798 4771 4415 4283 2121 5677 464 308 156 132 5213 1821 3392 1536 1856 1279 1064 3878 621 500 356 770 915 303 2127 845 1282 909 612
internal_count=12569 7798 4771 4415 4283 2121 5677 464 308 156 132 5213 1821 3392 1536 1856 1279 1064 3878 621 500 356 770 915 303 2127 845 1282 909 612
is_linear=0
shrinkage=0.05


Tree=45
num_leaves=31
num_cat=0
split_feature=0 0 0 9 6 0 2 2 5 9 5 1 6 9 2 5 5 8 8 8 4 9 2 8 5 5 4 5 6 0
split_gain=269.653 89.1926 46.4518 45.9723 80.66 50.5831 45.3558 35.2713 34.3198 25.7625 25.6757 24.8331 29.3054 30.659 24.8146 24.6838 27.0344 26.5409 28.5245 25.9958 24.3107 23.9406 23.7673 23.6674 22.8561 21.781 44.1959 28.6992 18.3588 17.9837
threshold=7.6833333333333345 24.716666666666672 4.2700000000000005 1226.89375 -0.10837475778693638 11.650000000000002 925.09000000000003 912.49333333333345 0.39036257410962044 1170.8812499999999 0.55656748448714433 66.033333333333346 0.04621408538533487 1636.3750000000002 940.6933333333335 -0.861146256326485 -0.92923668111203805 0.44313120970497338 0.1318557721318592 0.62252290335232308 1.5000000000000002 775.14999999999952 927.93666666666684 0.99629402419378799 0.48314048284850658 -0.20180236284700911 2.5000000000000004 -0.48314718476766422 0.16587474750015932 37.56666666666667
decision_type=2 2 2 2 2 2 2 2 2 2 2 2 2 2 2 2 2 2 2 2 2 2 2 2 2 2 2 2 2 2
left_child=2 3 -1 4 6 21 -2 -5 9 23 -10 12 24 14 -14 16 -4 18 22 -19 -20 -6 28 -8 -9 26 27 -13 -17 -3
right_child=1 29 15 7 5 -7 8 11 10 -11 -12 25 13 -15 -16 17 -18 19 20 -21 -22 -23 -24 -25 -26 -27 -28 -29 -30 -31
leaf_value=-0.0012733440249334028 0.0099904586549933345 0.0044047247403334938 -0.0010729745374930843 0.0061271536397247556 0.0091529088487976463 0.010173237903066222 7.0457493723048711e-05 -0.0020326437733181879 0.0086803191428936645 -0.0032528930743476766 0.00049958661498331611 -0.0021450624947511377 0.0020557197570715531 -0.0014294939491316329 -0.0025467711541818528 -0.00094417305050625714 -0.00184019501879195 -0.0020924185955741238 -0.0016816060161612594 -0.0008371866880150313 0.0022569312940631985 -0.00090039930103841259 -0.00011842062157813305 -0.0054266442364764387 -0.00017783294937747247 -0.0003273470755407654 -0.00016938566550165347 -0.0053445559618562552 -0.0028696749411943668 0.0097438534305982968
leaf_weight=932 308 659 448 187 50 410 1474 95 86 119 95 213 969 205 52 298 265 266 81 862 208 136 1141 54 511 1649 405 131 139 84
leaf_count=932 308 659 448 187 50 410 1474 95 86 119 95 213 969 205 52 298 265 266 81 862 208 136 1141 54 511 1649 405 131 139 84
internal_value=-0.00146812 0.00415558 -0.0110321 0.00244056 0.0075375 0.0237856 0.00299485 -0.000712992 0 -0.00227549 0.0206044 -0.00165446 0.00272777 0.00717196 0.0107143 -0.00851982 -0.0168768 -0.00652537 -0.00286403 -0.0125775 0.0115517 0.00213904 -0.00550982 -0.000523218 -0.0062603 -0.00500208 -0.0120667 -0.0252174 -0.015411 0.0206317
internal_weight=12532 7892 4640 7149 2732 596 2136 4417 1828 1647 181 4230 1832 1226 1021 3708 713 2995 1867 1128 289 186 1578 1528 606 2398 749 344 437 743
internal_count=12532 7892 4640 7149 2732 596 2136 4417 1828 1647 181 4230 1832 1226 1021 3708 713 2995 1867 1128 289 186 1578 1528 606 2398 749 344 437 743
is_linear=0
shrinkage=0.05


Tree=46
num_leaves=31
num_cat=0
split_feature=0 0 0 9 3 6 8 9 8 2 4 7 2 6 8 3 0 9 7 7 7 4 6 6 6 6 9 7 7 7
split_gain=268.246 72.8087 68.798 36.6556 36.0209 35.7844 38.1151 28.2322 27.8058 24.4888 22.7093 22.644 22.5583 22.7204 25.3542 22.1022 33.4101 21.4026 32.7653 29.6054 27.7113 21.0411 18.4465 18.4213 18.1155 16.4609 15.915 30.6829 28.3573 22.1886
threshold=9.5700000000000021 22.370000000000005 4.2700000000000005 1147.1499999999996 16.500000000000004 0.99681593486783593 0.67485701100832973 674.92499999999973 0.64415777744009783 933.9766666666668 4.5000000000000009 0.61746692340271048 932.53000000000009 0.99349222267034787 0.88917497572200743 8.5000000000000018 33.95333333333334 1199.2750000000003 -0.98803388382128665 -0.015051239303264097 0.18281681932135149 2.5000000000000004 -0.61915584096709908 -0.8739740505118182 -0.3744658827978154 0.96633974041180493 1347.6874999999993 -0.9905448150984083 0.91161058030431363 0.98702314536340274
decision_type=2 2 2 2 2 2 2 2 2 2 2 2 2 2 2 2 2 2 2 2 2 2 2 2 2 2 2 2 2 2
left_child=2 5 4 11 -1 6 7 -2 23 12 25 -3 13 14 -8 16 -5 19 -19 -4 -21 24 -6 -9 -22 -11 28 -28 -25 -29
right_child=1 3 17 15 22 -7 9 8 -10 10 -12 -13 -14 -15 -16 -17 -18 18 -20 20 21 -23 -24 26 -26 -27 27 29 -30 -31
leaf_value=-0.001533733188243332 0.015798959080988835 0.016195879125559483 0.0011291421114521 -0.00089214734786544905 0.0008205637317200608 0.0085413210740763971 -0.0012667076322987526 -0.0019596750710686979 0.0052331870671992291 -0.0017645484283807565 0.0067466890861792809 0.0018841861814439865 -0.0032370254344262399 -0.0033976975915652936 0.0017404170094903833 0.0050658523023459695 0.0034903698518560125 -0.0029226366255593397 -0.00076583554113694512 -0.003424482633172134 -0.0013760054054655026 0.0002646517538079693 -0.00063089329944761297 0.0035887991977996136 0.00098175477436854091 0.0054249923278085676 -0.0025690089163637993 0.00042762708319056959 -0.00039166365814113094 0.0041054582002623338
leaf_weight=550 213 176 366 264 56 137 477 118 91 66 54 44 160 73 339 550 45 145 3388 109 426 671 335 1051 118 41 82 1810 381 178
leaf_count=550 213 176 366 264 56 137 477 118 91 66 54 44 160 73 339 550 45 145 3388 109 426 671 335 1051 118 41 82 1810 381 178
internal_value=-0.000567319 0.00664462 -0.00799676 0.0184722 -0.0204352 0.00422041 0.0035443 0.00593631 0.00491649 -0.0042114 0.0138889 0.0366516 -0.007 -0.0038764 -0.00146879 0.0137791 0.00306452 -0.0057523 -0.00796548 -0.0011236 -0.00460377 -0.00242599 -0.00880102 0.00422535 -0.00972477 0.000462963 0.00488153 0.00207629 0.00893231 0.00331825
internal_weight=12514 6350 6164 1079 941 5271 5134 3924 3711 1210 161 220 1049 889 816 859 309 5223 3533 1690 1324 1215 391 3620 544 107 3502 2070 1432 1988
internal_count=12514 6350 6164 1079 941 5271 5134 3924 3711 1210 161 220 1049 889 816 859 309 5223 3533 1690 1324 1215 391 3620 544 107 3502 2070 1432 1988
is_linear=0
shrinkage=0.05


Tree=47
num_leaves=31
num_cat=0
split_feature=0 0 0 6 7 5 2 1 2 2 7 7 5 9 7 2 7 9 2 9 9 5 8 5 7 6 8 5 7 9
split_gain=233.104 103.535 52.1998 45.9239 25.4881 21.3704 20.0208 19.6779 29.3985 28.2571 27.2659 22.7528 22.1804 19.6351 24.7959 19.1808 23.8954 21.649 23.1232 67.4611 34.1704 33.4606 23.9463 19.4217 18.3776 26.4634 24.4045 23.1818 19.4985 18.3722
threshold=13.943333333333333 5.4433333333333342 31.670000000000005 0.99681593486783593 -0.63920832810365535 -0.99763297024448894 935.11000000000013 69.566666666666677 926.59000000000015 934.95000000000016 0.97364703930971175 -0.78326178756187226 0.54219432480460406 1232.9937500000001 0.46800856592688472 934.05000000000007 0.04621502027255215 708.19999999999993 922.99000000000012 1147.1499999999996 907.64999999999998 0.94978112945126536 0.97263757644091875 0.27694220057652758 -0.049435780479547518 -0.9497838742125716 0.98901092807778201 -0.98214942551678475 0.18281681932135149 1619.8687499999999
decision_type=2 2 2 2 2 2 2 2 2 2 2 2 2 2 2 2 2 2 2 2 2 2 2 2 2 2 2 2 2 2
left_child=1 4 3 5 6 -2 -1 8 13 12 11 -11 -9 14 -3 17 -17 -7 19 -19 -20 -21 -22 -18 26 -26 27 -10 -27 -6
right_child=2 7 -4 -5 29 15 -8 9 24 10 -12 -13 -14 -15 -16 16 23 18 20 21 22 -23 -24 -25 25 28 -28 -29 -30 -31
leaf_value=-0.0010277300539087515 0.0062990256099744379 0.0085125349381162761 0.0062350984107387682 0.010897935762185668 -0.00080384440905237819 0.015042889079063156 -0.0014213847711713871 -0.0010297031613806151 0.0087266570917397292 0.00041149730925265152 0.0011275311794144026 -0.0025762396260823523 0.00037802714519470236 0.00038609025890336686 0.0020373658538264216 0.007093591843573336 -0.0065117545023328288 0.017147738741872927 -0.0034731345366362633 0.0037411810067780604 0.0010086754434334212 -0.0020555508754228932 -0.0020123297968450958 0.0045746553441113336 -0.0019022250726980828 -0.0017129752720237313 0.002909144403756456 -0.00012898146176179223 -0.00023529773905710608 -0.0014775805637181141
leaf_weight=343 136 93 266 114 1207 151 214 1490 83 40 55 210 795 584 260 76 49 163 181 595 1381 219 130 81 207 159 65 1506 1350 302
leaf_count=343 136 93 266 114 1207 151 214 1490 83 40 55 210 795 584 260 76 49 163 181 595 1381 219 130 81 207 159 65 1506 1350 302
internal_value=-0.0010355 -0.00532686 0.00982218 0.00808666 -0.0151427 0.00695542 -0.0242832 -0.00238475 -0.00031337 -0.00582787 -0.020098 -0.0270916 -0.00391514 0.00751599 0.0168079 0.00607863 0.0207729 0.00499823 0.00395131 0.0100716 0.000413467 0.00417178 0.00287698 0.00763359 -0.00249184 -0.00611532 0.00126888 3.14465e-05 -0.00380795 -0.011755
internal_weight=12505 8963 3542 3276 2066 3162 557 6897 4307 2590 305 250 2285 937 353 3026 206 2820 2669 977 1692 814 1511 130 3370 1716 1654 1589 1509 1509
internal_count=12505 8963 3542 3276 2066 3162 557 6897 4307 2590 305 250 2285 937 353 3026 206 2820 2669 977 1692 814 1511 130 3370 1716 1654 1589 1509 1509
is_linear=0
shrinkage=0.05


Tree=48
num_leaves=31
num_cat=0
split_feature=0 0 6 0 9 0 4 3 1 9 4 1 7 7 4 7 9 7 7 4 7 4 2 9 6 7 4 7 7 3
split_gain=218.829 66.1067 49.5083 45.0057 35.2627 27.503 25.3268 23.9158 21.6149 22.6908 23.0599 21.4756 21.0594 19.6713 27.6268 48.0106 24.5345 45.0155 19.6051 20.8683 21.8285 18.8911 17.7165 26.5463 31.7261 26.1059 16.7539 16.5257 31.7847 16.2926
threshold=11.996666666666668 4.0966666666666676 0.99681593486783593 29.243333333333336 1650.1500000000001 7.3166666666666673 1.0000000180025095e-35 16.500000000000004 7.7000000000000011 1644.0125 3.5000000000000004 97.90000000000002 0.98213580174693105 -0.8431462759492121 2.5000000000000004 -0.48971288843577082 775.14999999999952 -0.96235977360714686 0.96851839807117801 4.5000000000000009 0.99865421017599998 1.5000000000000002 923.70333333333349 1385.0124999999996 0.38043945030393422 0.10196183112029107 1.0000000180025095e-35 0.90623151893102627 0.98334239299093984 6.5000000000000009
decision_type=2 2 2 2 2 2 2 2 2 2 2 2 2 2 2 2 2 2 2 2 2 2 2 2 2 2 2 2 2 2
left_child=1 7 3 4 8 18 -5 -1 21 13 -11 -7 -13 16 15 -15 -10 -18 26 20 -20 -2 23 -16 25 -25 -3 29 -29 -24
right_child=2 5 -4 6 -6 11 -8 -9 9 10 -12 12 -14 14 22 -17 17 -19 19 -21 -22 -23 27 24 -26 -27 -28 28 -30 -31
leaf_value=-0.001426598217136536 0.0092296745501551872 -0.0013795873852502632 0.010019065876188123 -0.00076184323078199454 -0.0010269072322788648 2.1382796270351392e-05 0.0059336550782642496 -0.00052496632994967075 0.017399544762460497 0.012247070604299835 0.00019600320832603019 -0.0016893772859460157 0.0018141976304314605 -0.0047979801350622664 0.011120121792109328 2.9259061988218261e-05 -0.0016751229842385973 0.0039373983785345344 0.00013804963176965168 0.0021484888891910594 -0.0026940169231247368 0.0029207492718713078 -0.0017513893051936125 0.0019168260211984687 0.0067086844032496987 -0.0099494182723898969 -0.00083881340493526142 -0.0047699592514803546 0.0021648776019914107 0.0020344058826249458
leaf_weight=458 165 480 129 53 364 3034 314 326 77 99 72 616 54 121 198 931 201 229 213 109 45 276 136 50 207 76 2610 78 67 699
leaf_count=458 165 480 129 53 364 3034 314 326 77 99 72 616 54 121 198 931 201 229 213 109 45 276 136 50 207 76 2610 78 67 699
internal_value=-0.00109305 -0.00609741 0.00766014 0.00676257 0.00523845 -0.00458671 0.0235054 -0.0198726 0.00670649 0.00528994 0.0229651 -0.00159244 -0.00968703 0.00429827 0.0025156 -0.0037037 0.0132874 0.00858469 -0.00779352 0.003125 -0.0046332 0.0170814 0.00684524 0.0141917 0.00553892 -0.0141732 -0.00909091 0.00285423 -0.0126712 0.0055622
internal_weight=12487 7945 4542 4413 4046 7161 367 784 3682 3241 171 3704 670 3070 2563 1052 507 430 3457 367 258 441 1511 531 333 126 3090 980 145 835
internal_count=12487 7945 4542 4413 4046 7161 367 784 3682 3241 171 3704 670 3070 2563 1052 507 430 3457 367 258 441 1511 531 333 126 3090 980 145 835
is_linear=0
shrinkage=0.05


Tree=49
num_leaves=31
num_cat=0
split_feature=0 0 0 6 6 3 9 3 9 5 7 4 7 7 7 5 9 6 7 3 7 3 7 7 7 7 3 0 4 5
split_gain=206.846 60.1758 41.3737 47.5333 34.6465 30.4576 22.5916 22.1294 19.0727 23.4991 33.2276 18.334 37.6562 35.7865 34.2714 24.3179 20.1947 25.4166 25.231 19.102 19.6984 18.3392 16.8771 23.5756 18.0117 19.9278 16.1449 15.8535 14.7154 14.5351
threshold=12.783333333333335 5.4433333333333342 28.563333333333336 0.99681593486783593 0.99349222267034787 15.500000000000002 1650.1500000000001 5.5000000000000009 1147.1499999999996 -0.11692013674435776 -0.35846811432664222 1.5000000000000002 0.18281681932135149 -0.85227431625818906 0.30983042691905771 -0.56368474752277564 1337.2812499999993 -0.91939278948206182 -0.91597725483594616 3.5000000000000004 -0.064463015794845938 7.5000000000000009 0.97508442350096236 0.99683609994235922 0.90623151893102627 0.93771544905322102 8.5000000000000018 3.7966666666666673 2.5000000000000004 -0.50556189049999822
decision_type=2 2 2 2 2 2 2 2 2 2 2 2 2 2 2 2 2 2 2 2 2 2 2 2 2 2 2 2 2 2
left_child=1 5 3 4 6 7 11 -1 -4 10 -10 12 13 -2 16 -14 17 -13 -18 -20 28 -17 24 -24 29 -26 -11 -9 -21 -16
right_child=2 -3 8 -5 -6 -7 -8 27 9 26 -12 14 15 -15 22 21 18 -19 19 20 -22 -23 23 -25 25 -27 -28 -29 -30 -31
leaf_value=-0.00061445761803803904 0.0031222129165369428 -0.00034225364625441873 0.013522514303323692 0.010027461550554662 -0.0026575976940468346 -0.0003311272458885656 -0.00064712286441416804 -0.0018248739453092884 0.0050814295404633565 0.0011968226667797288 -0.0053259142046039043 0.00011485036977030156 0.00064537741358248752 -0.0022001077337109377 0.0044065192461579198 0.0030186585397903977 -0.0038104708954547874 0.0079221699406315915 -0.0028930795291315634 -0.00026637594056045099 -0.00087132195557037553 0.0094582909713605348 0.0049461232005203583 -0.0012376688315948682 -0.0077440112774951001 -0.0017553886564983731 0.0059961976183973897 -0.0014501630635536771 0.0048521010821231669 -0.0010683773526489833
leaf_weight=632 153 6291 82 121 69 791 331 185 52 107 41 134 142 202 235 103 99 337 77 73 114 291 137 107 59 76 148 474 331 521
leaf_count=632 153 6291 82 121 69 791 331 185 52 107 41 134 142 202 235 103 99 337 77 73 114 291 137 107 59 76 148 474 331 521
internal_value=-0.000834931 -0.00535586 0.00830316 0.00659844 0.00555401 -0.012722 0.00624468 -0.0174536 0.0229698 0.017765 -0.0037234 0.00753446 0.0136211 0.000983146 0.00517166 0.0219739 0.0111921 0.0191737 0.0057554 0.00964765 0.0131021 0.0283544 -0.00101232 0.0106122 -0.00420404 -0.0209559 0.0255859 -0.0238636 0.0182716 -0.0011889
internal_weight=12515 8373 4142 3712 3591 2082 3522 1291 430 348 93 3191 891 355 2300 536 1165 471 694 595 518 394 1135 244 891 135 255 659 404 756
internal_count=12515 8373 4142 3712 3591 2082 3522 1291 430 348 93 3191 891 355 2300 536 1165 471 694 595 518 394 1135 244 891 135 255 659 404 756
is_linear=0
shrinkage=0.05


Tree=50
num_leaves=31
num_cat=0
split_feature=0 0 0 7 3 0 1 3 8 5 0 2 3 1 7 2 2 5 7 7 8 3 3 2 5 2 5 7 0 4
split_gain=189.33 62.7944 41.1025 31.3819 30.2834 24.2168 29.2561 24.1206 23.3587 21.5451 20.1624 17.2519 16.8946 16.2934 24.1054 20.8512 19.9237 20.9581 20.4456 31.9217 18.5207 16.29 16.2238 32.1325 28.9842 22.1433 19.7112 18.9625 16.2802 15.7963
threshold=11.943333333333333 5.4433333333333342 31.670000000000005 -0.63920832810365535 5.5000000000000009 22.370000000000005 72.63333333333334 8.5000000000000018 0.98901092807778201 -0.99467753128998015 3.2433333333333341 926.37000000000012 20.500000000000004 97.90000000000002 0.98213580174693105 934.87666666666678 925.85666666666668 -0.8041866928211282 -0.015051239303264097 0.18281681932135149 0.98901092807778201 15.500000000000002 16.500000000000004 926.96333333333348 0.29342972903661901 929.99666666666678 -0.065535378769913874 -0.39036798905311365 13.236666666666668 1.5000000000000002
decision_type=2 2 2 2 2 2 2 2 2 2 2 2 2 2 2 2 2 2 2 2 2 2 2 2 2 2 2 2 2 2
left_child=1 3 4 11 8 9 12 -8 -2 -6 -5 -1 -7 16 15 -15 17 -3 20 -20 -18 -12 23 -11 -25 27 -27 -24 -26 -28
right_child=2 13 -4 10 5 6 7 -9 -10 22 21 -13 -14 14 -16 -17 18 -19 19 -21 -22 -23 25 24 28 26 29 -29 -30 -31
leaf_value=0.00034911841577972075 -0.00053438307175643351 0.0075761600739087109 0.0053160646433178839 -0.0012779174831003563 0.0053718165490824147 0.0079777677050185732 -0.0055016831949795649 0.0041403967547820972 0.0088872494567439394 0.0058073413017645809 -0.00092097861597721241 -0.0012053647768419562 -0.0020533652128562978 -0.0011193091484481305 0.0013045326813772636 -0.0020594039732918334 -5.5095904601488999e-05 0.00031508861655394905 -0.0029450542832532081 -0.00054735146146794313 0.0022821932807519964 2.1242504111472493e-05 -0.0029026565469442824 -0.00026340560483027324 -0.00061434140038105082 0.0048899274076113419 0.0026840997233120974 3.9830068693087754e-05 0.0061193201510603909 -0.0024209820651418801
leaf_weight=54 778 137 246 192 142 289 48 242 43 672 867 498 42 707 84 127 1909 821 179 1767 78 472 193 877 94 99 45 442 240 101
leaf_count=54 778 137 246 192 142 289 48 242 43 672 867 498 42 707 84 127 1909 821 179 1767 78 472 193 877 94 99 45 442 240 101
internal_value=-0.000788884 -0.00548587 0.00728124 -0.0129319 0.00615225 0.00816558 0.0171222 0.00549828 -0.00249392 0.0062457 -0.00923629 -0.0231465 0.027259 -0.00281411 -0.00892274 -0.011497 -0.00166599 0.00479666 -0.00324098 -0.00688238 0.000326962 -0.00705224 0.00526411 0.00788217 0.00301155 -0.000340522 0.0123984 -0.0052673 0.0155224 0.000680272
internal_weight=12485 7892 4593 2083 4347 3526 621 290 821 2905 1531 552 331 5809 918 834 4891 958 3933 1946 1987 1339 2763 1883 1211 880 245 635 334 146
internal_count=12485 7892 4593 2083 4347 3526 621 290 821 2905 1531 552 331 5809 918 834 4891 958 3933 1946 1987 1339 2763 1883 1211 880 245 635 334 146
is_linear=0
shrinkage=0.05


Tree=51
num_leaves=31
num_cat=0
split_feature=9 6 9 5 9 5 9 5 5 5 5 5 7 5 9 6 4 7 5 7 4 5 5 5 5 7 4 5 4 5
split_gain=58.3849 108.766 79.842 54.776 50.3811 37.3666 45.0722 44.1114 35.7612 43.526 34.0664 33.082 29.8398 29.1113 29.2432 35.1915 29.0448 26.7464 26.2861 26.1993 26.0678 30.9125 34.1243 25.092 24.9668 24.7124 33.028 29.4194 22.8318 42.956
threshold=1408.9062499999998 -0.013976481981245173 1154.0562499999999 0.94425825643485939 1420.8062499999999 -0.61237985104942771 1470.425 -0.92923668111203805 -0.022576249993022688 0.14250626876356556 -0.94705910369513524 -0.11692013674435776 0.99898004730802425 0.21022171450811275 1647.7749999999999 -0.21862536810265826 4.5000000000000009 0.93544191479114935 -0.96235977360714686 -0.039769906970920914 2.5000000000000004 -0.46801505794253101 -0.24372957273992746 0.30983042691905771 -0.78326540922535159 -0.9905448150984083 3.5000000000000004 0.51297097409535064 1.5000000000000002 -0.90163369914317015
decision_type=2 2 2 2 2 2 2 2 2 2 2 2 2 2 2 2 2 2 2 2 2 2 2 2 2 2 2 2 2 2
left_child=1 12 -3 19 16 6 7 10 11 -10 18 20 25 -11 -15 -16 -2 23 -6 -4 21 -7 -23 -17 -9 26 -1 -27 29 -8
right_child=4 2 3 -5 5 8 28 24 9 13 -12 -13 -14 14 15 17 -18 -19 -20 -21 -22 22 -24 -25 -26 27 -28 -29 -30 -31
leaf_value=-0.0044214065034347523 -0.0016335224093329979 0.0092723394370465267 0.00023780357789215112 0.0051097039995828767 -2.8604081264892168e-06 0.0020613038931916574 -0.0021900070713340358 -0.0021373946492668368 -0.0017560018190111695 0.005106516922492141 0.0027433051920668916 0.0022441364423278708 -0.002221387622336079 5.5568445285036905e-05 0.00056241044152895994 0.00015526088687227991 -5.2341109371414898e-05 0.0014893380237150811 -0.003554695837118399 -0.0023457577163095451 0.0022765575535008513 -0.004669697877812809 0.00055869759384323883 -0.0022864629162292049 -0.0017985193251182558 -0.00018390882747362642 0.00086800635162272155 0.0024916719462378199 0.001184905884054119 0.0025036074248024134
leaf_weight=96 369 660 425 251 106 115 120 174 272 139 62 97 118 2701 227 115 157 79 56 212 354 123 74 503 209 3678 59 393 491 82
leaf_count=96 369 660 425 251 106 115 120 174 272 139 62 97 118 2701 227 115 157 79 56 212 354 123 74 503 209 3678 59 393 491 82
internal_value=-0.000922671 0.00269812 0.0140736 0.00427447 -0.00414277 -0.00286066 -0.0103766 -0.0203125 -0.000822917 -0.00270002 -0.00266667 0.00909686 -0.00135788 -0.00130146 -0.00216492 -0.00983784 -0.0189753 -0.0154011 -0.0147239 -0.00352665 0.00509745 -0.00543131 -0.0174242 -0.0189015 -0.030599 -0.000662408 -0.0201923 8.59528e-05 -0.00165706 -0.0157635
internal_weight=12517 5892 1548 888 6625 6099 1300 607 4799 4036 224 763 4344 3764 3625 924 526 697 162 637 666 312 197 618 383 4226 155 4071 693 202
internal_count=12517 5892 1548 888 6625 6099 1300 607 4799 4036 224 763 4344 3764 3625 924 526 697 162 637 666 312 197 618 383 4226 155 4071 693 202
is_linear=0
shrinkage=0.05


Tree=52
num_leaves=31
num_cat=0
split_feature=0 0 0 6 9 0 9 9 3 3 3 9 5 6 9 2 2 1 0 5 8 1 2 2 9 5 5 6 6 2
split_gain=183.049 49.3839 48.4082 43.6561 33.6573 37.18 33.9094 28.2427 26.5866 24.2225 28.5394 22.3036 21.5849 20.5089 19.3483 17.641 17.4187 16.7791 16.669 16.1193 25.8861 19.9912 18.9855 16.8746 16.0691 29.4957 15.6384 14.635 14.3649 14.2743
threshold=11.943333333333333 5.6633333333333349 35.296666666666674 0.99681593486783593 1650.1500000000001 20.416666666666671 1219.83125 1502.7874999999997 9.5000000000000018 15.500000000000002 5.5000000000000009 674.92499999999973 -0.99467753128998015 -0.34234976856068178 735.47499999999968 928.6500000000002 917.63000000000011 29.500000000000004 3.7966666666666673 0.14250626876356556 0.88917497572200743 91.966666666666683 932.41666666666686 919.24000000000012 1636.3750000000002 -0.33425342068356556 -0.73866753694953124 0.88917497572200743 0.79773375822167203 926.96333333333348
decision_type=2 2 2 2 2 2 2 2 2 2 2 2 2 2 2 2 2 2 2 2 2 2 2 2 2 2 2 2 2 2
left_child=1 9 3 4 5 7 13 11 28 10 -1 26 -13 -7 -3 -5 -9 -6 -12 21 -21 23 -23 -16 25 -11 -2 -14 -8 -18
right_child=2 14 -4 15 17 6 8 16 -10 24 18 12 27 -15 19 -17 29 -19 -20 20 -22 22 -24 -25 -26 -27 -28 -29 -30 -31
leaf_value=-0.00050733505201080856 0.0012430839520898686 0.00088191539320925383 0.0069424359920836343 0.010418180498086894 0.0027741770800885942 0.0064072692490019069 -0.0015857020383075239 -7.3071925691542414e-05 0.0034500128999342076 -0.00065109928142810514 -0.001575626116522043 0.0044348032525025121 -9.1990455383977887e-05 0.013192242357853169 0.0088819940809423525 0.0010081873077753239 0.0092963229554216247 -0.0016468893500830029 -0.0014220102166837543 -0.00018163808818905949 0.0034112183542888298 -0.00099732663602801193 -0.0024369402860209503 -0.00059124703797832224 -0.0013294744596070538 0.00072657165860717386 0.015946438746855952 -0.0027747840981019001 0.002489481801444743 0.001802263460378953
leaf_weight=711 62 427 132 78 51 196 203 181 429 416 202 143 1815 161 41 60 158 357 557 2237 106 482 136 2092 147 311 77 101 97 311
leaf_count=711 62 427 132 78 51 196 203 181 429 416 202 143 1815 161 41 60 158 357 557 2237 106 482 136 2092 147 311 77 101 97 311
internal_value=-0.000797403 -0.00543478 0.00711034 0.00622629 0.00534193 0.00675985 0.0146274 0.0037557 0.00842466 -0.0115139 -0.0154317 0.00104593 -0.00026699 0.0272346 -0.00285223 0.0338129 0.0129032 -0.00831296 -0.0221711 -0.00370952 -0.000661263 -0.00630451 -0.0142165 -0.00400656 -0.00491429 -0.0018544 0.0203571 -0.00166927 -0.00299003 0.0179787
internal_weight=12477 7865 4612 4480 4342 3934 1086 2848 729 2344 1470 2198 2059 357 5521 138 650 408 759 5094 2343 2751 618 2133 874 727 139 1916 300 469
internal_count=12477 7865 4612 4480 4342 3934 1086 2848 729 2344 1470 2198 2059 357 5521 138 650 408 759 5094 2343 2751 618 2133 874 727 139 1916 300 469
is_linear=0
shrinkage=0.05


Tree=53
num_leaves=31
num_cat=0
split_feature=0 0 9 9 0 6 8 7 9 5 8 6 9 4 9 5 3 4 6 9 5 6 4 8 7 3 9 9 7 5
split_gain=162.525 58.2165 43.835 30.6411 29.883 27.3548 25.1002 21.681 21.0931 35.8117 35.7089 24.7423 24.3728 27.6881 25.0079 20.8922 19.1153 25.3377 21.3888 18.9468 18.1443 19.2172 18.1297 17.749 17.6641 17.4277 16.8182 22.4313 22.2426 22.4097
threshold=7.9433333333333342 22.370000000000005 1450.6000000000001 674.92499999999973 3.3300000000000005 0.99681593486783593 -0.73865259438682551 0.65231507897944274 1347.6874999999993 0.55656748448714433 -0.93543596745397617 -0.26037106507032781 1458.6375 1.5000000000000002 1585.2125000000001 -0.0053757284505435614 9.5000000000000018 1.0000000180025095e-35 0.87291090774974645 1029.7874999999997 -0.70291267844185523 -0.40613878790836594 1.5000000000000002 0.99629402419378799 -0.9905448150984083 16.500000000000004 1073.7812499999998 1115.8687499999999 0.8277925332691819 -0.83377653105606597
decision_type=2 2 2 2 2 2 2 2 2 2 2 2 2 2 2 2 2 2 2 2 2 2 2 2 2 2 2 2 2 2
left_child=4 3 7 20 25 23 -4 19 10 12 -6 26 -10 -14 -15 -13 18 -18 -8 -3 21 -2 -23 24 -5 -1 28 -28 -12 -30
right_child=1 2 6 5 8 -7 16 -9 9 -11 11 15 13 14 -16 -17 17 -19 -20 -21 -22 22 -24 -25 -26 -27 27 -29 29 -31
leaf_value=-0.0014103896786053381 -0.0034309033916150354 0.012822473837880917 -0.0016197244335810464 -0.0017983957802883248 -0.0025024951985323954 0.0045950740671475481 -0.0032847215783691265 -0.0010959647823946318 -0.0013810227943815831 -0.00029503617345677042 -0.0012074678880178 0.0013012547008627565 -0.0015976930485317635 0.0008996177201024678 -0.0013335771668118628 -0.00047530109469391056 -0.0010753443710802642 0.0051892379135476986 0.0011843892272058649 0.0065911929152241535 0.015409693256328287 0.019839551831647501 0.0024614835551036991 -0.0047759310425351184 0.00022563495660813394 -0.00059210486494251256 0.0026070381158262248 -4.417810111391994e-05 0.0019567842074511279 -0.00050456634026556368
leaf_weight=157 50 120 166 204 117 171 81 56 723 1202 392 262 219 254 281 109 54 208 118 251 78 51 70 54 5912 138 56 388 72 451
leaf_count=157 50 120 166 204 117 171 81 56 723 1202 392 262 219 254 281 109 54 208 118 251 78 51 70 54 5912 138 56 388 72 451
internal_value=-0.000557516 0.00397646 0.0148815 0.00223031 -0.00774575 0.00155314 0.00644904 0.0272196 -0.00673735 -0.0095709 -0.00262446 -0.000808781 -0.0147835 -0.00847682 -0.00233209 0.0106183 0.0124459 0.0212928 0.00075 0.031586 0.0194 0.0101744 0.0209016 0.0010047 0.00125879 -0.0231419 -0.00393382 0.00404494 -0.00780568 -0.00104962
internal_weight=12465 7644 1054 6590 4821 6341 627 427 4526 2679 1847 1730 1477 754 535 371 461 262 199 371 249 171 121 6170 6116 295 1359 444 915 523
internal_count=12465 7644 1054 6590 4821 6341 627 427 4526 2679 1847 1730 1477 754 535 371 461 262 199 371 249 171 121 6170 6116 295 1359 444 915 523
is_linear=0
shrinkage=0.05


Tree=54
num_leaves=31
num_cat=0
split_feature=0 0 0 6 1 6 3 6 6 2 3 3 2 6 3 3 0 2 7 1 7 2 4 6 0 0 7 2 2 3
split_gain=171.502 55.1694 34.6797 33.5852 31.7554 38.1604 18.1484 17.1925 36.3631 17.1635 16.1192 21.0899 25.3227 15.7532 15.6957 21.8813 26.4007 18.702 19.2662 19.2361 15.5263 14.6286 18.4206 14.6115 14.4891 14.3742 15.1955 15.5591 15.0628 14.0066
threshold=10.750000000000002 31.670000000000005 3.8766666666666674 0.99681593486783593 66.833333333333343 -0.10837475778693638 18.500000000000004 0.90803977035715633 0.96407344085605606 928.05666666666673 7.5000000000000009 16.500000000000004 928.71666666666681 -0.20180761162458913 4.5000000000000009 15.500000000000002 5.9300000000000006 928.17666666666685 -0.77245553105869302 88.433333333333351 0.81425425632861714 919.24000000000012 3.5000000000000004 0.99024581825578073 14.923333333333336 21.540000000000003 -0.85227431625818906 928.12333333333345 923.3900000000001 14.500000000000002
decision_type=2 2 2 2 2 2 2 2 2 2 2 2 2 2 2 2 2 2 2 2 2 2 2 2 2 2 2 2 2 2
left_child=2 3 6 4 5 25 -1 24 -9 -5 -6 12 13 -12 -4 16 -16 18 19 -18 -14 22 -13 -10 -7 26 27 -2 -28 -30
right_child=1 -3 14 9 10 7 -8 8 23 -11 11 21 20 -15 15 -17 17 -19 -20 -21 -22 -23 -24 -25 -26 -27 28 -29 29 -31
leaf_value=-0.0011480026871659888 0.00035538847226767868 0.0046654420114234877 -5.3630343907164898e-05 0.009339906803705212 -0.0011706954960085392 0.0014452390316771813 -0.00043684756250312803 -0.0027776523987059227 0.0040239209216254264 0.00092873088915156336 0.0060328425987793872 0.0097175595284193575 0.0002820972729045093 0.0024045913511263148 -0.0013603156982103246 -0.00023339124715126663 -5.0523135078917036e-05 -0.0010585656252666039 0.00075524151180026149 -0.0037952451354628285 -0.0031368471002524039 -0.0017792494574428539 -0.003137891131859877 -0.0011240583921653946 0.0053076203067954301 0.0071611913828982026 0.012981799868197801 0.012205037612866376 -0.0012139619734692687 0.00055960500604138323
leaf_weight=395 76 266 1630 82 681 460 211 58 96 63 175 88 242 511 771 2154 95 1313 471 57 70 476 69 57 575 117 90 62 665 473
leaf_count=395 76 266 1630 82 681 460 211 58 96 63 175 88 242 511 771 2154 95 1313 471 57 70 476 69 57 575 117 90 62 665 473
internal_value=-0.00074502 0.00592334 -0.00586785 0.00478118 0.0040956 0.00774725 -0.0172982 0.0141941 0.00117925 0.0284247 -0.000216169 0.00248162 0.00700701 0.0123726 -0.00479821 -0.00622172 -0.00921344 -0.00609189 0.00104167 -0.0143791 -0.00479233 -0.004653 0.0085443 0.013961 0.0168436 0.0023248 0.000877835 0.0165468 -0.000895037 -0.0024583
internal_weight=12549 5452 7097 5186 5041 2729 606 1246 211 145 2312 1631 998 686 6491 4861 2707 1936 623 152 312 633 157 153 1035 1483 1366 138 1228 1138
internal_count=12549 5452 7097 5186 5041 2729 606 1246 211 145 2312 1631 998 686 6491 4861 2707 1936 623 152 312 633 157 153 1035 1483 1366 138 1228 1138
is_linear=0
shrinkage=0.05


Tree=55
num_leaves=31
num_cat=0
split_feature=0 0 9 0 0 5 7 1 5 9 7 7 1 4 9 5 5 5 4 5 7 7 7 7 9 9 1 5 3 1
split_gain=134.612 47.9975 39.113 60.624 33.6345 32.6853 25.874 22.9969 21.0985 38.3322 33.3042 24.0855 19.568 18.8032 20.6836 21.967 19.6931 18.6893 46.1818 26.9008 24.2533 22.0596 18.6457 17.6603 20.4142 17.3285 17.052 16.5792 22.1299 19.3045
threshold=7.9433333333333342 31.670000000000005 1219.83125 21.540000000000003 3.3300000000000005 0.8697513045430848 -0.70291267844185523 67.233333333333348 0.15951094710994371 1377.8812500000001 -0.015051239303264097 0.28313881758084386 23.566666666666674 4.5000000000000009 1487.8999999999999 -0.0053757284505435614 -0.97509794945709805 0.12545942051955489 3.5000000000000004 0.17646842360078763 -0.94139628442229062 -0.7614135502316719 0.24998082458982465 -0.49813403728436417 1280.4937499999994 1559.7250000000001 2.3666666666666671 -0.77245553105869302 16.500000000000004 4.7000000000000011
decision_type=2 2 2 2 2 2 2 2 2 2 2 2 2 2 2 2 2 2 2 2 2 2 2 2 2 2 2 2 2 2
left_child=4 2 3 5 -1 6 -2 -4 9 10 -6 -12 -13 14 16 -16 -11 18 20 -19 -9 -20 -5 -22 -25 -3 -10 29 -29 -18
right_child=1 25 7 22 8 -7 -8 17 26 13 11 12 -14 -15 15 -17 27 19 21 -21 23 -23 -24 24 -26 -27 -28 28 -30 -31
leaf_value=-0.001043929362856923 0.0039232154749202957 0.0055483871992220608 0.00053189747175541038 0.012132817941502106 0.00055487218640526621 0.0087548326655945558 0.00032300508376377425 0.0016216359988576957 0.0010231526534119739 0.00027230788098531606 -0.0023243990018553024 -0.00097539148825188417 0.00024538027951498956 -0.00064310972676636107 0.0004114697950069635 -0.0011275102106530002 -0.00011326844369442223 0.011660150677650371 -0.0011993617938219293 -0.00019336774735114888 -0.0040336178118603053 0.0027284244182933515 0.0088436537836062319 -0.0047686636769100101 -0.00039431292561795952 0.0011696304060915903 -0.00045136346443539204 -0.0016909541093087018 0.00013677516477919108 -0.0016270642854941974
leaf_weight=300 362 163 2055 139 246 68 2052 77 213 64 134 658 503 345 136 72 43 60 141 1551 262 217 107 89 207 106 1607 227 96 256
leaf_count=300 362 163 2055 139 246 68 2052 77 213 64 134 658 503 345 136 72 43 60 141 1551 262 217 107 89 207 106 1607 227 96 256
internal_value=-0.000589313 0.00355231 0.00279507 0.00754855 -0.00705978 0.00519533 0.0042236 1.07296e-05 -0.0059987 -0.00873786 -0.00346952 -0.00667438 -0.00434596 -0.0152823 -0.0191061 -0.00526316 -0.0232897 -0.0031094 -0.00850101 0.000217122 -0.0165881 0.00584958 0.0311741 -0.0202147 -0.0117845 0.0242593 -0.00181219 -0.0260032 -0.0180556 -0.0345
internal_weight=12556 7656 7387 2728 4900 2482 2414 4659 4600 2780 1541 1295 1161 1239 894 208 686 2604 993 1611 635 358 246 558 296 269 1820 622 323 299
internal_count=12556 7656 7387 2728 4900 2482 2414 4659 4600 2780 1541 1295 1161 1239 894 208 686 2604 993 1611 635 358 246 558 296 269 1820 622 323 299
is_linear=0
shrinkage=0.05


Tree=56
num_leaves=31
num_cat=0
split_feature=0 0 9 3 9 6 9 2 7 2 7 6 7 7 6 7 7 2 2 1 7 6 1 1 2 2 3 9 9 7
split_gain=136.636 57.3539 68.8844 32.2421 27.7506 26.2993 24.0836 31.7399 24.4693 29.5129 22.1405 21.3711 20.6316 22.6154 19.7682 19.5954 33.2383 30.0243 25.7252 19.9994 18.9925 17.5484 24.7011 17.0798 20.6538 17.0599 16.9169 17.0628 15.9379 21.5577
threshold=7.9433333333333342 21.843333333333337 1219.83125 8.5000000000000018 674.92499999999973 0.99681593486783593 1377.8812500000001 934.95000000000016 0.96687895796550427 935.11000000000013 -0.015051239303264097 0.26659387353423869 -0.72696319516528884 -0.67803021058859214 0.83730377313544024 0.88618201382888007 0.9252105435402006 931.61666666666679 927.11666666666679 91.966666666666683 0.34235194516023087 -0.3744658827978154 31.100000000000005 98.300000000000011 913.18000000000018 931.9233333333334 18.500000000000004 1497.91875 1513.1250000000002 -0.049435780479547518
decision_type=2 2 2 2 2 2 2 2 2 2 2 2 2 2 2 2 2 2 2 2 2 2 2 2 2 2 2 2 2 2
left_child=6 4 20 14 21 23 7 10 9 12 -1 -11 25 -14 -4 18 -17 -18 -12 -20 -3 22 -2 -6 -25 -8 -5 -28 -13 -30
right_child=1 2 3 26 5 -7 8 -9 -10 11 15 28 13 -15 -16 16 17 -19 19 -21 -22 -23 -24 24 -26 -27 27 -29 29 -31
leaf_value=0.00048335095947341057 0.014099522693906519 0.010902494048445011 -0.0017645530288001477 0.0035989451400460729 0.0002524928379055602 0.0039972358440491327 -0.0014188130734934272 0.00066430805346567249 0.00042400212501625265 0.00023398505676314741 0.00033626350200615247 -0.0012269651051869382 0.0021224231282433196 -0.00065636231356986036 0.00081319868245215425 0.0031519037519582879 -0.00088675900729291365 0.0015977553826621001 -0.0014480708419080746 0.00049661289322177032 0.0061614846862511263 0.013605185977375388 -0.0040538181971156596 0.0093767021117825977 -0.00093486168266940792 -0.00012156846372772743 0.0037812594454161019 -0.0029978265501178661 0.0010388335274444987 -0.0010239230693006981
leaf_weight=434 59 191 188 392 4998 174 467 163 212 109 175 470 52 1075 121 51 362 97 608 64 92 136 47 65 1071 168 49 95 55 327
leaf_count=434 59 191 188 392 4998 174 467 163 212 109 175 470 52 1075 121 51 362 97 608 64 92 136 47 65 1071 168 49 95 55 327
internal_value=-0.000839433 0.00332074 0.013729 0.00656028 0.00152648 0.000887621 -0.00737219 -0.00306905 -0.010235 -0.0115088 -0.00499442 -0.0185551 -0.0076574 -0.00359043 -0.00629032 -0.00813697 -0.000391389 -0.00467391 -0.0127948 -0.0172363 0.0350352 0.018107 0.00280374 0.000342298 -0.00518909 -0.0148585 0.0139665 -0.000689655 -0.0212192 -0.013577
internal_weight=12567 7678 1128 845 6550 6308 4889 1954 2935 2723 1791 961 1762 1127 309 1357 510 459 847 672 283 242 106 6134 1136 635 536 144 852 382
internal_count=12567 7678 1128 845 6550 6308 4889 1954 2935 2723 1791 961 1762 1127 309 1357 510 459 847 672 283 242 106 6134 1136 635 536 144 852 382
is_linear=0
shrinkage=0.05


Tree=57
num_leaves=31
num_cat=0
split_feature=0 0 0 9 6 3 3 3 3 1 2 1 0 7 3 9 7 7 6 7 2 7 9 6 9 6 2 9 2 6
split_gain=139.876 43.5816 42.2724 34.6498 102.303 31.5128 30.8257 23.7166 34.7238 22.6083 21.994 22.8807 18.9422 18.0416 21.7005 17.8905 37.9407 34.6495 23.6269 25.7359 30.0393 27.061 20.1305 19.1884 21.4671 20.1661 51.7026 19.5304 19.9352 18.0657
threshold=14.923333333333336 5.6633333333333349 31.670000000000005 1219.83125 -0.34234976856068178 15.500000000000002 5.5000000000000009 4.5000000000000009 16.500000000000004 28.366666666666671 926.74333333333345 11.300000000000002 3.7966666666666673 0.91161058030431363 7.5000000000000009 1058.4749999999995 -0.0053757035942445328 0.18281681932135149 -0.35846086284744721 0.8277925332691819 928.29000000000008 0.91161058030431363 942.19374999999991 0.28313308994381592 1062.0250000000003 0.2332836900311728 930.81666666666683 1588.9937500000001 920.02333333333343 -0.63257203029273779
decision_type=2 2 2 2 2 2 2 2 2 2 2 2 2 2 2 2 2 2 2 2 2 2 2 2 2 2 2 2 2 2
left_child=1 5 3 4 10 6 -1 -5 9 -9 13 -12 -8 14 -2 16 -3 -18 19 20 -19 -21 -23 24 -17 -26 -27 28 -25 -24
right_child=2 15 -4 7 -6 -7 12 8 -10 -11 11 -13 -14 -15 -16 23 17 18 -20 21 -22 22 29 27 25 26 -28 -29 -30 -31
leaf_value=-0.00033848669966593525 -0.0032859352251612853 0.0036426814646417782 0.0040665337650683253 -0.0014326085572301363 0.0094086030524227274 -0.00013152764086098794 -0.0012801264243140792 0.009171555788841523 -0.0012209856645686496 0.0021778384328854346 0.0047132098903576673 -0.0021615737476731903 -0.0011834559703291052 -0.0030018027401984824 0.012401744481658929 -0.0032909758637731444 -0.0041716412943127341 0.0014721110852866023 0.0026097088759770709 0.0027089078807643256 -0.0022620635196865394 -0.002008435616152568 0.0024923715534227275 0.0024682226270032956 -2.4947829798721567e-05 0.0072939678468275232 -0.0034173476002347159 -1.7727992451704868e-05 -0.0010132848175137391 -0.0027023568924636485
leaf_weight=716 41 238 265 345 377 876 191 74 472 822 167 322 572 52 160 48 102 116 265 190 198 238 157 154 2359 75 40 989 1745 62
leaf_count=716 41 238 265 345 377 876 191 74 472 822 167 322 572 52 160 48 102 116 265 190 198 238 157 154 2359 75 40 989 1745 62
internal_value=-0.00063561 -0.0036916 0.00857005 0.00677727 0.0136161 -0.00957131 -0.0140203 0.00230455 0.00525931 0.0110368 0.00282638 -0.00336735 -0.0210079 0.0147638 0.0215347 -0.0017056 0.00299936 -0.000300978 0.00203749 -0.00161123 -0.0133333 0.00408951 -0.00251092 -0.00306782 0.000118906 0.000767677 0.0211207 -0.00584978 -0.00881579 0.00840909
internal_weight=12428 9331 3097 2832 1119 2355 1479 1713 1368 896 742 489 763 253 201 6976 1566 1328 1226 961 314 647 457 5410 2522 2474 115 2888 1899 219
internal_count=12428 9331 3097 2832 1119 2355 1479 1713 1368 896 742 489 763 253 201 6976 1566 1328 1226 961 314 647 457 5410 2522 2474 115 2888 1899 219
is_linear=0
shrinkage=0.05


Tree=58
num_leaves=31
num_cat=0
split_feature=0 0 6 0 6 9 9 3 1 6 3 2 9 9 3 3 0 2 9 2 9 9 2 6 0 6 0 9 4 9
split_gain=117.351 36.9099 36.2316 32.6518 26.97 24.4026 22.9103 19.2417 20.3914 22.8011 20.3191 19.3144 18.4439 20.6685 17.5133 24.3089 23.6232 16.6337 19.4436 17.5666 18.6458 17.1318 16.1365 16.9987 15.5375 14.7839 14.6602 14.1463 13.1204 12.9333
threshold=11.810000000000002 30.04666666666667 0.99681593486783593 5.4433333333333342 0.99024581825578073 1615.6500000000001 1147.1499999999996 5.5000000000000009 8.1000000000000014 -0.91939278948206182 19.500000000000004 929.99666666666678 1014.8562499999996 726.07500000000005 16.500000000000004 5.5000000000000009 3.7966666666666673 927.19000000000005 1211.0312500000002 922.99000000000012 907.64999999999998 973.06875000000002 930.57000000000016 0.93469109537144635 37.56666666666667 -0.3744658827978154 24.716666666666672 1636.3750000000002 2.5000000000000004 960.56875000000002
decision_type=2 2 2 2 2 2 2 2 2 2 2 2 2 2 2 2 2 2 2 2 2 2 2 2 2 2 2 2 2 2
left_child=3 2 4 14 7 -4 -3 22 12 -10 17 -12 13 -9 15 -1 -17 18 19 -11 -21 25 23 -2 -8 -19 -23 -16 -29 -5
right_child=1 6 5 29 -6 -7 24 8 9 10 11 -13 -14 -15 27 16 -18 21 -20 20 -22 26 -24 -25 -26 -27 -28 28 -30 -31
leaf_value=-0.0003023876483954448 -0.0012503862321739806 0.009859334368570484 0.0086652845610629466 0.0003925928058169971 -0.0023331093472454159 0.00031455840089301691 0.00086531027641597593 0.015769325282063883 -0.0019351325830478244 0.013961850616730165 -0.0019375064989726007 0.001765817501722225 0.0063394449214573493 -0.0024950079522101046 -4.2303043731263536e-05 -0.0012061057690032182 -0.0010120630903175415 -0.0021969897271515494 0.0023416596546936121 -0.0022138159355326267 0.011395922469644838 0.00078365013902138294 0.0029170270388468866 0.0037653654160482554 0.0046707641583036696 0.011862956786160506 0.0054938071069273453 -0.00029676530199156115 -0.0015290352608286308 -0.00034889634358831884
leaf_weight=613 584 66 77 876 145 43 205 43 239 85 384 114 308 71 629 202 496 215 831 78 121 728 135 43 70 49 43 72 59 4808
leaf_count=613 584 66 77 876 145 43 205 43 239 85 384 114 308 71 629 202 496 215 831 78 121 728 135 43 70 49 43 72 59 4808
internal_value=-0.000579104 0.0056755 0.00442702 -0.00435147 0.00365189 0.031405 0.0214912 0.00440815 0.0060574 0.00455332 0.00588901 -0.00320641 0.0163121 -0.000869565 -0.0097249 -0.0132241 -0.0195994 0.00799628 0.0122312 0.0235088 0.01525 0.00342664 -0.00275229 -0.00613057 0.0150362 -0.00754717 0.00718912 -0.00367937 -0.0185606 -0.00239226
internal_weight=12432 4677 4336 7755 4216 120 341 4071 3309 2887 2648 498 422 114 2071 1311 698 2150 1115 284 199 1035 762 627 275 264 771 760 131 5684
internal_count=12432 4677 4336 7755 4216 120 341 4071 3309 2887 2648 498 422 114 2071 1311 698 2150 1115 284 199 1035 762 627 275 264 771 760 131 5684
is_linear=0
shrinkage=0.05


Tree=59
num_leaves=31
num_cat=0
split_feature=0 0 6 0 3 8 7 1 7 0 8 7 6 5 3 5 5 5 0 1 6 7 4 7 5 3 5 0 4 7
split_gain=110.881 33.5739 33.0074 32.5034 25.0201 23.2327 24.5953 21.6304 20.497 18.5748 18.3018 18.0825 22.2127 15.9368 15.3778 15.0297 18.6794 15.1116 14.6737 18.6863 21.5505 20.4562 23.4951 31.1669 15.6887 14.5734 21.7449 19.8682 14.3847 15.8907
threshold=11.996666666666668 3.3300000000000005 0.99681593486783593 37.56666666666667 6.5000000000000009 0.67008729192674277 0.90623151893102627 8.1000000000000014 0.97508442350096236 27.443333333333339 0.70747208174348741 0.99351232050787985 -0.69676771491221523 0.12545942051955489 16.500000000000004 -0.47558551945199218 -0.24372957273992746 -0.72696319516528884 4.6500000000000012 84.500000000000014 -0.9497838742125716 -0.97876850416056738 4.5000000000000009 -0.42180583328916638 1.0000000180025095e-35 17.500000000000004 0.49812943072827093 13.943333333333333 1.5000000000000002 0.93771544905322102
decision_type=2 2 2 2 2 2 2 2 2 2 2 2 2 2 2 2 2 2 2 2 2 2 2 2 2 2 2 2 2 2
left_child=1 14 3 4 15 6 7 -6 28 25 -7 -10 -13 18 -1 17 -17 -2 -3 20 -20 -21 23 -23 -22 27 -27 -9 -8 -30
right_child=2 13 -4 -5 5 10 8 9 11 -11 -12 12 -14 -15 -16 16 -18 -19 19 21 24 22 -24 -25 -26 26 -28 -29 29 -31
leaf_value=-0.0011459496852998484 -0.00020663793359572554 -0.00058858206927508083 0.0057145840211607624 0.0061889315615281772 0.0075848986733563946 -0.0042634916325082961 0.00057341300722751627 -0.00015780503146281685 0.0034129003873541843 0.0052285300921439464 0.00017197228773238455 -0.003941394942825022 0.0035139057571698636 -9.9373613499302574e-05 -0.00045222700761334803 -0.0053172029340141647 -0.00055249945677801615 0.0033486748212975537 -0.0011970831160894202 0.0011765105070222306 -1.2685632592727981e-05 -0.002256865083302194 4.1343152773977436e-05 -0.00072297067955949816 -0.0012190167521473423 0.0027938260019207631 -0.0019139919764750658 0.0041291113029625322 -0.0060200331069995856 -0.0018804404624083477
leaf_weight=163 204 645 133 85 187 59 89 280 111 212 758 53 109 3189 133 45 570 108 285 76 2539 319 237 275 62 279 217 865 64 81
leaf_count=163 204 645 133 85 187 59 89 280 111 212 758 53 109 3189 133 45 570 108 285 76 2539 319 237 275 62 279 217 865 64 81
internal_value=-0.000482587 -0.00404467 0.00577605 0.00502627 0.00441519 0.00641902 0.00877159 0.01122 -0.00108268 0.00957389 -0.00091687 0.00821168 -0.00245399 -0.00340194 -0.0205387 -0.0028556 -0.00738636 0.00607029 -0.00533904 -0.00415129 -0.0021822 -0.0104075 -0.0126803 -0.0179832 -0.000749424 0.00776492 0.000603622 0.0108639 -0.0119149 -0.0215753
internal_weight=12432 7923 4509 4376 4291 3364 2547 2040 507 1853 817 273 162 7627 296 927 615 312 4438 3793 2886 907 831 594 2601 1641 496 1145 234 145
internal_count=12432 7923 4509 4376 4291 3364 2547 2040 507 1853 817 273 162 7627 296 927 615 312 4438 3793 2886 907 831 594 2601 1641 496 1145 234 145
is_linear=0
shrinkage=0.05


Tree=60
num_leaves=31
num_cat=0
split_feature=0 9 6 2 0 0 0 1 9 2 6 9 4 6 5 6 9 9 2 5 9 2 5 6 8 6 4 9 9 5
split_gain=94.8376 39.7939 104.267 40.4667 27.718 27.6482 21.5724 18.8714 22.3011 39.9284 22.0491 21.6955 19.7652 23.1323 18.4842 18.1926 17.8056 26.3225 17.7866 17.2015 16.9161 37.9409 25.9125 24.9362 21.2873 23.3428 23.1416 34.2405 21.9044 18.9137
threshold=9.4500000000000011 1079.39375 1.0000000180025095e-35 923.13000000000011 15.823333333333336 37.56666666666667 3.643333333333334 65.566666666666677 1514.1562500000002 915.78333333333342 -0.95998493203694346 1636.3750000000002 2.5000000000000004 -0.19337245081799007 -0.99275805973510278 -0.23537842981696178 907.64999999999998 708.19999999999993 927.35666666666668 -0.99467753128998015 1377.8812500000001 935.33000000000004 0.55656748448714433 -0.64580103137750788 -0.10837475778693638 -0.85674049181790024 4.5000000000000009 757.77499999999986 1199.2750000000003 -0.97876850416056738
decision_type=2 2 2 2 2 2 2 2 2 2 2 2 2 2 2 2 2 2 2 2 2 2 2 2 2 2 2 2 2 2
left_child=6 2 3 -2 -4 7 -1 10 9 -9 -3 -12 14 -14 -11 -13 17 -5 -16 -18 21 24 29 -24 -8 -26 27 -27 -29 -22
right_child=1 5 4 16 -6 -7 20 8 -10 12 11 15 13 -15 18 -17 19 -19 -20 -21 22 -23 23 -25 25 26 -28 28 -30 -31
leaf_value=-0.00073496021548217702 0.013595815209434703 -0.0018548002038935793 0.0051808947975527627 0.0027273008331371003 0.010005231029290698 0.003100653098957057 -0.00083281394212715229 0.0059781780490268839 0.000390983134559722 0.0044957635840514711 0.0012797866364693171 0.00073438713681345529 0.0039396863453897146 -0.0014764855229572661 -0.0018370512110680943 -0.0017939863864551708 -0.0018015660261995999 -0.0025172677777056205 -0.0037588629178253868 0.0016590307153092428 0.00042784466443808737 0.00084992277332914716 -0.0025647383476977456 -2.2869829032712286e-05 -0.00041462335258879023 -0.0015688947859612938 0.0026037604758586299 0.0028229601121745138 -0.0015651512678231652 -0.00094977769608611611
leaf_weight=469 110 142 202 182 256 76 866 68 1173 42 1780 95 139 505 386 198 51 301 150 573 163 166 57 1425 697 129 211 185 86 1631
leaf_count=469 110 142 202 182 256 76 866 68 1173 42 1780 95 139 505 386 198 51 301 150 573 163 166 57 1425 697 129 211 185 86 1631
internal_value=-0.000447463 0.00378694 0.0104117 0.00275041 0.030719 0.0014511 -0.00492113 0.000961744 -0.00204951 -0.00658404 0.00430957 0.00561716 -0.00866721 -0.00263566 -0.0153713 -0.00697279 -0.000135379 -0.00733471 -0.0178771 0.00544 -0.00405911 -0.000811619 -0.00637778 -0.00148348 -0.00257471 0.00145149 0.00857843 0.00149626 0.0115809 -0.0104178
internal_weight=12514 6429 1675 1217 458 4754 6085 4678 2463 1290 2215 2073 1222 644 578 293 1107 483 536 624 5616 2340 3276 1482 2174 1308 611 400 271 1794
internal_count=12514 6429 1675 1217 458 4754 6085 4678 2463 1290 2215 2073 1222 644 578 293 1107 483 536 624 5616 2340 3276 1482 2174 1308 611 400 271 1794
is_linear=0
shrinkage=0.05


Tree=61
num_leaves=31
num_cat=0
split_feature=0 0 0 6 3 2 0 1 3 3 2 5 5 6 7 7 7 5 2 7 3 4 2 5 1 3 2 2 5 1
split_gain=95.4186 31.3326 29.8561 29.4121 23.3483 20.3355 19.1859 26.8351 17.5683 21.8864 34.3183 23.3968 20.3719 18.6218 16.3125 24.4645 17.0977 14.4303 13.7204 20.9676 13.6013 13.4416 16.5726 12.7688 15.5518 13.3627 19.1267 15.9378 23.0055 14.7234
threshold=11.723333333333334 3.3300000000000005 37.56666666666667 0.99681593486783593 5.5000000000000009 927.4433333333335 21.843333333333337 21.900000000000002 4.5000000000000009 15.500000000000002 928.29000000000008 -0.97509794945709805 -0.98523971305672675 -0.35042475891464198 0.99351232050787985 0.97650828179861848 0.96231527631374336 0.52766072109828632 929.63000000000011 0.97364703930971175 16.500000000000004 4.5000000000000009 916.78333333333342 -0.9905448150984083 15.100000000000001 19.500000000000004 930.45000000000016 926.96333333333348 0.39036257410962044 14.566666666666668
decision_type=2 2 2 2 2 2 2 2 2 2 2 2 2 2 2 2 2 2 2 2 2 2 2 2 2 2 2 2 2 2
left_child=1 20 3 4 17 -5 23 -8 18 10 11 -10 -12 -13 15 16 -11 -2 -3 -20 -1 22 -9 24 -6 27 -27 -25 -29 -30
right_child=2 8 -4 5 6 -7 7 21 9 14 12 13 -14 -15 -16 -17 -18 -19 19 -21 -22 -23 -24 25 -26 26 -28 28 29 -31
leaf_value=-0.0010534836325107315 0.00039208025263711701 -0.00029323245825054541 0.0056845685833276875 0.0074377562280129707 0.0077072173706127511 0.0003025911646959645 0.0085302524953147062 0.0068395220634722203 0.0045134961739160817 -5.7111936225096725e-05 -0.0024946055748984843 0.0017747229434846648 -0.00078923588562656579 -0.0011765250209377573 -0.001990651217703835 0.0031846676480544928 -0.0015746803145330974 -0.0017897523864234795 0.00015838272207341423 0.0021700100141254439 -0.00032830972722291724 -0.0017643935836880315 0.0015313638608098535 0.0032360147306118529 0.001846470923646515 -0.0020091337643892287 0.0016331690235528386 -0.00049628285710409952 0.008297884608255689 0.00083874114159682156
leaf_weight=177 530 868 82 73 40 65 89 117 65 2242 137 223 2041 606 105 113 81 331 857 65 136 124 462 867 133 327 115 1057 84 253
leaf_count=177 530 868 82 73 40 65 89 117 65 2242 137 223 2041 606 105 113 81 331 857 65 136 124 462 867 133 327 115 1057 84 253
internal_value=-0.000364993 -0.00379681 0.00521053 0.00468081 0.00398455 0.0273381 0.00572363 0.0126103 -0.00314019 -0.0045155 -0.00735438 0.000893855 -0.0107389 -0.00138554 -0.00108183 -0.000246204 -0.00135542 -0.00342227 0.00117253 0.00541712 -0.0192675 0.00930398 0.0125 0.00382343 0.016954 0.00297707 -0.00496614 0.00453139 0.00121864 0.012574
internal_weight=12465 7716 4749 4667 4529 138 3668 792 7403 5613 3072 894 2178 829 2541 2436 2323 861 1790 922 313 703 579 2876 173 2703 442 2261 1394 337
internal_count=12465 7716 4749 4667 4529 138 3668 792 7403 5613 3072 894 2178 829 2541 2436 2323 861 1790 922 313 703 579 2876 173 2703 442 2261 1394 337
is_linear=0
shrinkage=0.05


Tree=62
num_leaves=31
num_cat=0
split_feature=0 0 0 6 3 0 3 3 8 7 3 2 5 6 2 8 8 7 5 7 8 7 6 8 0 2 5 3 7 2
split_gain=111.464 42.8246 23.7445 22.9169 22.4696 30.3532 20.8907 19.4671 18.3819 29.2098 22.0503 20.8072 24.2901 21.2867 18.5077 18.2267 31.6437 17.3856 15.3446 14.7732 14.7421 16.6881 14.927 14.5386 14.7956 13.8828 13.6069 13.3393 13.8145 12.6116
threshold=14.923333333333336 6.4833333333333343 37.56666666666667 0.99855310097228334 16.500000000000004 3.643333333333334 4.5000000000000009 6.5000000000000009 0.67485701100832973 0.90159200968320541 19.500000000000004 934.11666666666679 -0.065535378769913874 -0.99168640063982161 915.78333333333342 -0.99054309756674508 -0.97507822412530132 0.9252105435402006 0.54219432480460406 0.067682722635586057 -0.69830365819682616 -0.9905448150984083 0.2332836900311728 -0.029024744910506859 20.216666666666672 927.73000000000013 0.94978112945126536 5.5000000000000009 -0.26762993667585538 922.99000000000012
decision_type=2 2 2 2 2 2 2 2 2 2 2 2 2 2 2 2 2 2 2 2 2 2 2 2 2 2 2 2 2 2
left_child=1 4 3 7 5 6 -1 18 9 10 14 12 13 -10 -9 19 -17 -11 -2 -3 22 -22 27 24 -19 -23 29 28 -7 -12
right_child=2 15 -4 -5 -6 20 -8 8 11 17 26 -13 -14 -15 -16 16 -18 23 -20 -21 21 25 -24 -25 -26 -27 -28 -29 -30 -31
leaf_value=-0.00024523981552454049 0.00070786647732871142 -0.0007072926106858169 0.0053604564089850763 0.0053946711305246755 -0.00013514146954056103 0.0015777797066250114 -0.0010778033628988069 0.0074816148217863171 0.014211258088155855 -0.0042695976223015688 0.007577587330063227 0.0020523151285606446 -0.0028180658218360244 4.2436979228094307e-05 0.0039536347665633052 0.004534263497524854 -0.00012175079769361081 0.00064743500935345868 -0.0017002647671023052 -0.0051962688279361714 -0.0015241924127476208 -0.0010341068929544135 -0.0022760911282717752 -0.0012214393291248016 0.0075476720229467886 -0.00018923409816008313 -0.003197698067768151 -0.0017926914483950046 -0.0012401703022920929 -9.1144421164954251e-05
leaf_weight=72 382 183 83 73 1172 55 181 74 44 75 64 89 208 233 1054 185 5622 62 279 62 55 306 96 173 41 1152 80 172 110 104
leaf_count=72 382 183 83 73 1172 55 181 74 44 75 64 89 208 233 1054 185 5622 62 279 62 55 306 96 173 41 1152 80 172 110 104
internal_value=-0.000498326 -0.00320989 0.00769477 0.0069664 -0.00772539 -0.0107045 -0.0269685 0.00627742 0.00844917 0.0110243 0.0143065 0.000695652 -0.00339506 0.00629496 0.0172719 -0.000693871 -0.000129132 -0.00184659 -0.00128399 -0.0140244 -0.0085773 -0.00624174 -0.0167051 0.00397112 0.01875 -0.00520905 0.000803213 -0.0116864 -0.00150602 0.00887574
internal_weight=12541 9423 3118 3035 3371 2199 253 2962 2301 1727 1376 574 485 277 1128 6052 5807 351 661 245 1946 1513 433 276 103 1458 248 337 165 168
internal_count=12541 9423 3118 3035 3371 2199 253 2962 2301 1727 1376 574 485 277 1128 6052 5807 351 661 245 1946 1513 433 276 103 1458 248 337 165 168
is_linear=0
shrinkage=0.05


Tree=63
num_leaves=31
num_cat=0
split_feature=0 9 6 0 2 2 4 3 3 6 1 2 0 9 6 1 4 9 8 9 8 1 3 2 0 2 8 6 2 6
split_gain=94.5241 35.5321 84.1714 32.1314 20.715 21.1119 20.6508 19.886 31.6182 20.6705 29.9251 17.4992 16.0876 17.9084 23.2141 23.1008 15.4227 40.931 25.7238 25.3457 17.3846 17.4104 16.5836 15.4041 14.5701 15.072 14.5117 27.3078 17.0518 15.9294
threshold=14.923333333333336 1079.39375 -0.34234976856068178 3.3300000000000005 927.59666666666681 934.05000000000007 4.5000000000000009 6.5000000000000009 17.500000000000004 -0.95998493203694346 27.700000000000006 929.69666666666683 7.9433333333333342 1056.6187499999994 -0.3744658827978154 0.36666666666666675 2.5000000000000004 1646.08125 0.53313582347195043 1646.08125 0.87291090774974645 43.166666666666679 7.5000000000000009 917.10333333333347 24.393333333333334 921.82333333333338 0.24998039114150908 0.47369649395226454 917.63000000000011 0.6174544326165855
decision_type=2 2 2 2 2 2 2 2 2 2 2 2 2 2 2 2 2 2 2 2 2 2 2 2 2 2 2 2 2 2
left_child=3 2 4 11 -2 -6 -4 23 9 -9 -11 -1 -5 14 15 -14 17 18 -15 26 21 -20 -22 -3 -10 -26 27 -18 -28 -29
right_child=1 7 6 12 5 -7 -8 8 24 10 -12 -13 13 16 -16 -17 19 -19 20 -21 22 -23 -24 -25 25 -27 28 29 -30 -31
leaf_value=0.00024619822893201076 0.0076888183306931205 0.0046736409971565862 0.01026040275138174 -0.00035001593833994954 -0.002496084766564266 0.017368867129775006 0.0026982341265521185 -0.0043988742158029785 -0.001809806074583617 0.0068713348649320164 0.0019617315278577185 -0.00083897934336381113 0.0027864763869538374 -0.00043835031090904352 0.0030099273650555924 -0.0010229718425889655 0.00078058467624396726 0.0023820064387469171 -0.00059201726224326694 -0.0017389555134587808 0.0024409591268117858 -0.0042589075973582125 -0.0024291318886178986 -0.0011569461251496689 0.0051111987142965611 -0.00033592026908929319 0.012754251087189729 -0.0035536269170914087 0.00091082455012069798 -0.00049287016048651098
leaf_weight=50 196 101 296 4543 263 41 55 55 375 157 966 251 105 926 413 481 732 236 86 234 65 165 115 460 42 68 45 74 651 229
leaf_count=50 196 101 296 4543 263 41 55 55 375 157 966 251 105 926 413 481 732 236 86 234 65 165 115 460 42 68 45 74 651 229
internal_value=-0.000504929 0.00710338 0.0157864 -0.00299404 0.00259481 -0.00557377 0.034517 0.00377528 0.00652043 0.0109415 0.012411 -0.0190397 -0.00246127 -0.000362001 0.00555 -0.000851789 -0.00202304 -0.00567754 -0.00902062 0.000940997 -0.0190972 -0.0275794 -0.00718232 -0.00435943 -0.00421811 0.0117117 0.00303118 -0.000723938 0.00860832 -0.0133224
internal_weight=12476 3075 851 9401 500 304 351 2224 1663 1178 1123 301 9100 4557 999 586 3558 1593 1357 1965 431 251 180 561 485 110 1731 1035 696 303
internal_count=12476 3075 851 9401 500 304 351 2224 1663 1178 1123 301 9100 4557 999 586 3558 1593 1357 1965 431 251 180 561 485 110 1731 1035 696 303
is_linear=0
shrinkage=0.05


Tree=64
num_leaves=31
num_cat=0
split_feature=0 9 6 0 3 3 6 3 5 9 7 4 5 5 7 7 4 7 0 9 7 7 7 0 7 4 5 6 9 6
split_gain=86.4648 35.1133 90.9892 29.4548 23.9542 44.1136 37.3209 18.1605 17.6495 24.0258 26.7679 24.2952 35.891 24.2453 18.9156 48.3681 28.3442 18.4271 17.8679 39.7327 17.7923 28.811 18.896 17.6611 17.2977 16.4629 16.2716 15.4687 15.0237 14.9303
threshold=13.943333333333333 1079.39375 1.0000000180025095e-35 3.5700000000000007 17.500000000000004 6.5000000000000009 -0.95502570686053045 17.500000000000004 0.12545942051955489 1377.8812500000001 -0.35846811432664222 3.5000000000000004 -0.90893996196865023 -0.94705910369513524 -0.71504042705586657 -0.49813403728436417 1.5000000000000002 -0.78326178756187226 9.0366666666666671 775.14999999999952 0.99898004730802425 0.83373797915484082 0.77241981449888963 8.0033333333333356 0.91593490216309192 1.5000000000000002 0.85226249403558707 -0.26037106507032781 1425.1874999999998 -0.10837475778693638
decision_type=2 2 2 2 2 2 2 2 2 2 2 2 2 2 2 2 2 2 2 2 2 2 2 2 2 2 2 2 2 2
left_child=3 2 24 7 5 -3 -7 -1 9 10 18 14 13 -13 17 -16 -17 -11 -5 -20 21 22 -12 -14 25 -2 -6 -8 -28 -29
right_child=1 4 -4 8 26 6 27 -9 -10 11 20 12 23 -15 15 16 -18 -19 19 -21 -22 -23 -24 -25 -26 -27 28 29 -30 -31
leaf_value=-0.00090313009977221993 0.0092417067944394176 -0.00074660765803215854 0.0076640187409576016 0.0014808620440939974 -0.00017126011134657449 -0.0035190221335515779 0.0054009999896945105 -0.00024800949410208606 7.6448395034352249e-06 -0.00040768397330029284 -0.00049570898379877886 0.00046979452154685274 -0.0012358796229077985 0.0065603943647733198 -0.002375724082590961 -0.0013800013240071966 0.00069554437677433057 0.0021780437214063962 0.008734958953158142 -0.0016296735050728901 -0.0017681174447463706 0.0004602187764318179 -0.001478539661608494 -2.0674341070360538e-05 -0.0021590048526462127 0.00091303421989842874 0.00064592664385967338 -0.0015625722104113172 -0.0037078813988158446 0.0023128422276398387
leaf_weight=250 124 640 327 149 402 91 275 175 3552 528 1462 223 350 55 250 200 167 55 62 51 86 860 155 311 192 341 48 55 116 916
leaf_count=250 124 640 327 149 402 91 275 175 3552 528 1462 223 350 55 250 200 167 55 62 51 86 860 155 311 192 341 48 55 116 916
internal_value=-0.000633571 0.0059949 0.0140102 -0.00324871 0.00288915 0.00548534 0.0106502 -0.0160798 -0.00260655 -0.00453172 -0.00150389 -0.00852804 -0.0025 0.0125448 -0.013239 -0.0193366 -0.00774457 -0.0067637 0.0136882 -0.00131579 -0.00306162 -0.00228006 -0.00621137 -0.00883686 0.00326748 0.00847639 -0.00617284 0.012911 -0.0193939 0.00992798
internal_weight=12468 3527 984 8941 2543 1977 1337 425 8516 4964 2825 2139 939 278 1200 617 367 583 262 113 2563 2477 1617 661 657 465 566 1246 164 971
internal_count=12468 3527 984 8941 2543 1977 1337 425 8516 4964 2825 2139 939 278 1200 617 367 583 262 113 2563 2477 1617 661 657 465 566 1246 164 971
is_linear=0
shrinkage=0.05


Tree=65
num_leaves=31
num_cat=0
split_feature=9 2 7 7 7 7 7 2 9 5 8 7 9 4 9 9 8 9 2 7 4 4 9 1 7 7 1 1 8 8
split_gain=37.8634 76.4811 34.8597 30.0869 43.6049 35.5975 29.9874 30.8027 39.1315 35.2371 29.9782 27.8112 61.0871 28.4097 33.5125 27.666 24.6778 24.6075 23.8225 23.3991 23.3557 22.4937 21.5634 27.4728 21.5236 23.4083 57.1012 23.4555 24.5497 22.8848
threshold=1408.9062499999998 922.52333333333343 0.69056404122701587 0.94496830006774635 0.87501852446360251 0.75721938155395518 0.66527693225344786 935.87000000000012 1470.425 -0.022576249993022688 -0.72696193466471681 -0.0053757035942445328 1029.7874999999997 3.5000000000000004 1391.25 1056.6187499999994 -0.81429049538372056 1393.5562500000001 935.21000000000015 0.82414472752956958 1.0000000180025095e-35 4.5000000000000009 1170.8812499999999 30.433333333333334 0.63920241694561786 0.55656748448714433 99.76666666666668 98.63333333333334 0.98448590438035632 0.91160899963879305
decision_type=2 2 2 2 2 2 2 2 2 2 2 2 2 2 2 2 2 2 2 2 2 2 2 2 2 2 2 2 2 2
left_child=1 2 15 4 5 6 7 24 10 -10 -9 12 20 14 22 -1 -17 18 -13 -7 -3 -12 23 -14 25 27 -27 28 29 -2
right_child=3 11 -4 -5 -6 19 -8 8 9 -11 21 17 13 -15 -16 16 -18 -19 -20 -21 -22 -23 -24 -25 -26 26 -28 -29 -30 -31
leaf_value=0.0091383356045251947 7.4528445347610278e-06 -0.00016263249883002596 -0.0046002281393043801 0.00067636025741193431 -0.0018634298428037298 0.0039403242651755007 -0.0022740351108757662 0.00091328546134326763 0.0014035809329504948 -0.00084612436332366235 -0.0011136722730023154 -0.00041850070161031442 -0.00026705976738680416 0.00083119522378299719 0.0078702981372452616 0.0048526646146709214 0.0007243818749730458 0.007103733814816846 0.0016475830653030156 -0.00047037677256576223 0.0093584777259914775 -0.00010943216109140994 -0.0013047343947744485 0.002886098647643884 0.004371687568565273 -0.0063972316395817259 0.0019860161244312918 -0.0011966369911727004 -0.0025999080724894556 0.0016919974640516866
leaf_weight=207 2747 74 61 743 366 204 189 72 176 178 293 3286 119 632 66 179 205 40 133 126 297 61 529 56 52 96 77 828 70 305
leaf_count=207 2747 74 61 743 366 204 189 72 176 178 293 3286 119 632 66 179 205 40 133 126 297 61 529 56 52 96 77 828 70 305
internal_value=-0.000212544 0.00270178 0.0188361 -0.00281744 -0.00402328 -0.00290411 -0.00392614 -0.00317797 -0.0122919 0 -0.0224824 0.000687942 0.0057779 0.000997862 -0.00544747 0.0225507 0.0145455 -0.00192197 -0.00238304 0.0129909 0.0237903 -0.0284507 -0.00865248 0.00653409 -0.0014727 -0.00187924 -0.0198276 -0.00108833 0.000896574 0.00157222
internal_weight=12467 5884 652 6583 5840 5474 5144 4955 780 354 426 5232 1773 1402 770 591 384 3459 3419 330 371 354 704 175 4175 4123 173 3950 3122 3052
internal_count=12467 5884 652 6583 5840 5474 5144 4955 780 354 426 5232 1773 1402 770 591 384 3459 3419 330 371 354 704 175 4175 4123 173 3950 3122 3052
is_linear=0
shrinkage=0.05


Tree=66
num_leaves=31
num_cat=0
split_feature=0 9 6 0 3 3 0 2 3 3 6 9 9 3 9 5 2 8 9 9 4 8 9 2 5 2 6 2 9 5
split_gain=64.9291 45.5322 90.0025 29.1558 25.0653 27.6783 23.0371 22.1147 24.2928 32.9187 31.2421 22.1091 21.1181 19.9479 16.8754 18.3818 16.7637 19.5158 16.4202 16.203 15.2659 15.1742 14.7928 14.5056 14.3557 14.1182 25.3061 13.97 13.8348 25.9421
threshold=14.923333333333336 1079.39375 -0.34234976856068178 6.3900000000000015 16.500000000000004 5.5000000000000009 3.5700000000000007 915.78333333333342 7.5000000000000009 14.500000000000002 -0.95998493203694346 1619.8687499999999 1499.825 10.500000000000002 1564.1562500000002 0.96465729447553372 931.39666666666676 0.96117374062971617 1564.40625 1019.7874999999996 2.5000000000000004 -0.81429049538372056 1170.8812499999999 926.82333333333338 -0.35041564478062465 932.62333333333345 0.19969739736768838 932.15666666666675 674.92499999999973 -0.70291267844185523
decision_type=2 2 2 2 2 2 2 2 2 2 2 2 2 2 2 2 2 2 2 2 2 2 2 2 2 2 2 2 2 2
left_child=3 2 19 4 5 25 -7 12 -9 10 -10 14 -3 -12 15 27 17 22 -14 23 -13 -8 -11 -2 -15 -1 -27 -6 29 -5
right_child=1 7 -4 28 11 6 21 8 9 16 13 20 18 24 -16 -17 -18 -19 -20 -21 -22 -23 -24 -25 -26 26 -28 -29 -30 -31
leaf_value=-0.00053234831641790802 0.0065987864555211639 0.004532237606224526 0.0076074148967535116 -0.00029917561129159665 -0.0005722660678605544 -0.00088020937758713784 -0.0019219548415970542 -0.0011281268732656058 -0.004327035295443692 0.0048660231283998712 0.00025370705421008389 -0.0002053453846537585 -0.0039110147955058461 0.00183259318140388 0.0016993986164590838 0.0021899502875605474 0.0014775659245077899 -0.0032132389259882156 0.0038814106443984114 0.0096095617993465221 -0.0014719166106262006 -0.00061220366455488418 -0.0012475680548808628 -0.0020443126094722972 0.0051504512245668099 0.0021741802454731647 -0.00022522713736460587 0.00042382970074434788 -0.00010890702799787184 0.009287785464785819
leaf_weight=626 120 76 350 135 436 154 154 562 44 45 244 88 46 140 66 48 133 56 148 144 96 812 498 224 273 102 273 405 5877 67
leaf_count=626 120 76 350 135 436 154 154 562 44 45 244 88 46 140 66 48 133 56 148 144 96 812 498 224 273 102 273 405 5877 67
internal_value=-0.000482199 0.00578286 0.015733 -0.00256424 -0.00637841 -0.00959001 -0.0149866 0.0020962 0.000275551 0.00373082 0.0114672 -0.000394737 0.0154982 0.0142097 0.00266736 0.000842697 -0.00368349 -0.00725 0.00666667 0.00184049 -0.0162162 -0.0120993 -0.00431985 -0.00405797 0.0208937 -0.00354291 0.00412234 -0.000890736 -0.000518092 0.0123153
internal_weight=12442 3103 838 9339 3260 2121 1120 2265 1995 1433 701 1139 270 657 955 889 732 599 194 488 184 966 543 344 413 1001 375 841 6079 202
internal_count=12442 3103 838 9339 3260 2121 1120 2265 1995 1433 701 1139 270 657 955 889 732 599 194 488 184 966 543 344 413 1001 375 841 6079 202
is_linear=0
shrinkage=0.05


Tree=67
num_leaves=31
num_cat=0
split_feature=0 2 5 6 0 4 5 2 7 7 2 7 7 6 7 4 5 2 4 7 5 8 7 7 2 8 6 6 5 8
split_gain=58.3497 40.7643 25.3834 21.6904 21.2888 21.1433 17.0075 16.4626 15.2472 33.223 38.274 21.653 20.5389 21.9968 17.9418 41.8741 47.7821 15.7816 15.1854 37.3216 36.6821 35.1662 40.3368 28.2781 25.8531 24.9737 25.5367 18.6992 23.4457 20.4085
threshold=7.9433333333333342 918.13000000000011 -0.39036798905311365 0.99611390731392835 3.4700000000000006 1.0000000180025095e-35 0.99939377080793557 940.6933333333335 0.90623151893102627 0.97508442350096236 929.9433333333335 0.96231527631374336 0.99049901459377832 -0.69676771491221523 0.82048548965790546 1.5000000000000002 -0.50556189049999822 928.05666666666673 3.5000000000000004 0.11478755917771409 -0.96235977360714686 0.33222858587828868 -0.48314718476766422 -0.65234524191686594 928.40333333333342 0.1318557721318592 -0.59177783207548873 0.28313308994381592 -0.84315017450793706 -0.88622145408796527
decision_type=2 2 2 2 2 2 2 2 2 2 2 2 2 2 2 2 2 2 2 2 2 2 2 2 2 2 2 2 2 2
left_child=4 2 -2 5 -1 -4 -7 8 14 10 -10 -12 -11 -14 18 -16 17 -17 21 -20 -21 25 23 -23 -22 26 -3 29 -29 -28
right_child=1 7 3 -5 -6 6 -8 -9 9 12 11 -13 13 -15 15 16 -18 -19 19 20 24 22 -24 -25 -26 -27 27 28 -30 -31
leaf_value=-0.00059777225636591103 0.006115960362749473 -0.004826262698772215 -0.0035407232632472061 0.0048460096751264089 -0.00030460485609464866 0.0029251712931105001 0.0039236083855619915 -0.0014622987889183689 -0.0043913764310005545 0.0026969381941608535 0.00068535314739757026 -0.0038022385867996751 -0.0032537413370223841 0.0004780241206217839 0.0069382281800558837 0.0097809824567662747 -0.0030848030171368732 0.00044033903071583058 0.0015029454919235825 -0.0037985771991490948 0.0022191783297081102 -0.0014550721127949398 -0.00025174475483088766 -0.0041284655566389159 -0.001696901819437849 0.0086673134393200173 9.3370798454076032e-05 -0.002517082793409581 0.00051976022932027075 0.0023322338024690976
leaf_weight=355 96 49 68 46 4528 528 44 55 202 180 172 55 85 201 106 91 128 75 1479 84 353 272 945 82 323 106 773 157 251 560
leaf_count=355 96 49 68 46 4528 528 44 55 202 180 172 55 85 201 106 91 128 75 1479 84 353 272 945 82 323 106 773 157 251 560
internal_value=-0.00039759 0.00235232 0.0131545 0.00975255 -0.00465807 0.00733229 0.0104712 0.00110538 0.00132987 -0.0047433 -0.0147674 -0.000657895 0.00449679 -0.00383275 0.00226221 0.0124688 0.00271186 0.0203593 0.00150874 0.00466518 -0.0043364 -0.000704005 -0.00703846 -0.0214085 -0.000443131 0.00363732 0.00223339 0.0032434 -0.00611247 0.00610945
internal_weight=12449 7566 782 686 4883 640 572 6784 6729 895 429 227 466 286 5834 400 294 166 5434 2239 760 3195 1299 354 676 1896 1790 1741 408 1333
internal_count=12449 7566 782 686 4883 640 572 6784 6729 895 429 227 466 286 5834 400 294 166 5434 2239 760 3195 1299 354 676 1896 1790 1741 408 1333
is_linear=0
shrinkage=0.05


Tree=68
num_leaves=31
num_cat=0
split_feature=0 9 6 0 0 2 1 4 6 3 3 9 4 3 0 9 5 5 2 6 6 9 9 2 6 1 2 6 9 3
split_gain=80.0772 34.6456 83.2536 28.5796 22.5414 21.1158 28.2283 24.7836 21.497 18.6757 25.2794 17.2786 16.8971 16.1893 14.735 25.7401 19.1265 18.0873 19.4116 34.3522 23.2884 29.4297 23.6591 23.9307 15.7715 19.964 17.9372 15.3763 14.9809 14.5262
threshold=15.350000000000001 1079.39375 -0.34234976856068178 3.5700000000000007 42.043333333333344 915.78333333333342 65.566666666666677 4.5000000000000009 -0.95998493203694346 20.500000000000004 7.5000000000000009 1019.7874999999996 4.5000000000000009 16.500000000000004 7.6833333333333345 722.14999999999998 -0.70291267844185523 -0.861146256326485 927.67000000000019 -0.83849291496497236 -0.84774213365954088 1073.7812499999998 1347.6874999999993 935.11000000000013 0.36447543099728863 15.633333333333335 936.8900000000001 -0.91249077947840473 724.55000000000007 4.5000000000000009
decision_type=2 2 2 2 2 2 2 2 2 2 2 2 2 2 2 2 2 2 2 2 2 2 2 2 2 2 2 2 2 2
left_child=3 2 11 13 5 7 8 -3 -7 10 -10 -2 -4 29 17 16 -16 24 19 -19 21 -20 28 -24 26 -26 -5 -23 -22 -1
right_child=1 4 12 14 -6 6 -8 -9 9 -11 -12 -13 -14 -15 15 -17 -18 18 20 -21 22 27 23 -25 25 -27 -28 -29 -30 -31
leaf_value=-0.00015578831469394359 -0.00091830029809820697 0.0041031422204543203 0.0085006430371883639 -0.00082064719529430794 0.0047524380483817078 -0.0040980962929299631 -0.00084009058511562993 -0.0016214012282366854 -0.00037098390641607807 -0.0014618909769520891 0.003448569244288205 0.0080659069041770001 0.0025259759292289132 -0.00022032339416704143 0.00093277432688701066 -0.00010044411323756955 0.0071871565039624222 0.0016396194592050496 -0.0013949740870832967 -0.0010971936433088545 -0.0013493166726235351 0.00080822933770458439 0.0002622784150316627 -0.00055112538847859464 6.8683450906852078e-05 -0.0013272966321329735 0.0022716700525515846 -0.0013964162697628056 0.00066106508863024828 -0.00084072226763893122
leaf_weight=57 310 181 280 591 42 52 1024 63 187 84 473 141 47 167 178 4740 79 101 176 735 54 199 856 666 40 111 67 46 534 167
leaf_count=57 310 181 280 591 42 52 1024 63 187 84 473 141 47 167 178 4740 79 101 176 735 54 199 856 666 40 111 67 46 534 167
internal_value=-0.000265082 0.0070364 0.0160462 -0.00246733 0.00370195 0.002954 0.0010983 0.0167347 0.00815558 0.0103356 0.0131619 0.00210177 0.0352134 -0.0156888 -0.00190211 -7.0028e-05 0.0153101 -0.00409385 -0.00247922 -0.00908005 -0.000296209 -0.011019 0.00184747 -0.00144452 -0.0108025 -0.0253289 -0.00743551 0.000203252 0.0103565 -0.0244444
internal_weight=12448 2884 778 9564 2106 2064 1820 244 796 744 660 451 327 391 9173 4997 257 4176 3367 836 2531 421 2110 1522 809 151 658 245 588 224
internal_count=12448 2884 778 9564 2106 2064 1820 244 796 744 660 451 327 391 9173 4997 257 4176 3367 836 2531 421 2110 1522 809 151 658 245 588 224
is_linear=0
shrinkage=0.05


Tree=69
num_leaves=31
num_cat=0
split_feature=2 9 1 9 7 5 7 7 1 5 9 9 6 8 1 7 7 2 6 9 7 7 7 9 6 2 9 7 9 9
split_gain=47.0679 84.9658 21.5754 16.3206 33.0503 22.8275 26.7627 43.5974 23.9383 21.6557 24.8142 21.0629 36.0452 20.2382 19.0985 18.7068 48.5402 18.5797 17.6829 21.4561 20.5467 32.9705 34.8073 43.4046 19.6286 17.8815 17.8368 16.3544 17.9419 42.0363
threshold=923.25666666666677 1056.6187499999994 52.56666666666667 674.92499999999973 -0.9905448150984083 0.15951094710994371 0.87501852446360251 0.94496830006774635 99.63333333333334 -0.73866753694953124 595.27499999999986 1636.3750000000002 0.99530134160901229 -0.022576210847469604 4.1666666666666679 -0.90893575921103265 -0.92273922871446856 928.79000000000008 0.97832380634958016 1647.7749999999999 0.75721938155395518 0.66527693225344786 0.49812943072827093 1543.9375 -0.21862536810265826 933.21000000000015 1578.95 -0.54220184589352438 907.64999999999998 735.47499999999968
decision_type=2 2 2 2 2 2 2 2 2 2 2 2 2 2 2 2 2 2 2 2 2 2 2 2 2 2 2 2 2 2
left_child=1 -1 -3 9 13 8 18 -8 11 10 -2 12 15 -5 -9 16 -6 -10 19 20 21 22 23 -7 -21 -26 -23 -17 29 -29
right_child=3 2 -4 4 5 6 7 14 17 -11 -12 -13 -14 -15 -16 27 -18 -19 -20 24 -22 26 -24 -25 25 -27 -28 28 -30 -31
leaf_value=0.0064647039125944276 0.00084405688206350181 0.0038023539197359693 3.9127676757363955e-05 -0.002037086377329952 -0.00010497041262113594 0.0007437003132298337 -0.0016513222667364992 0.0030418298267127306 -0.00035766843220553097 0.0053814109253523135 -0.0019083224505956082 -0.0010123708169496384 0.0018590895301617894 -0.00063617093624111646 -7.4906500954780023e-05 -0.00062146342907277725 0.0036679068214048234 -0.0017578391179690783 0.0042334731386625898 0.00039227689024400882 0.0015705963908817261 -0.0022080175509018849 0.0038249314974161232 -0.0020663119318134054 -0.0024835999359785702 -0.00022129523670498671 3.1480402694817125e-05 4.0557443269695351e-06 -7.0406371944245141e-05 -0.0012066303133510413
leaf_weight=283 132 280 1601 129 381 1646 287 41 213 160 54 193 211 152 423 841 83 254 84 215 274 76 207 137 215 231 60 551 2810 354
leaf_count=283 132 280 1601 129 381 1646 287 41 213 160 54 193 211 152 423 841 83 254 84 215 274 76 207 137 215 231 60 551 2810 354
internal_value=-0.00033389 0.00637413 0.00252391 -0.00172828 -0.00209554 -0.00160911 0.00136002 -0.00711436 -0.00357264 0.00893372 -0.0026738 -0.00263594 -0.00203555 -0.0189716 0.00236559 -0.00288787 0.00666667 -0.0144231 0.00338525 0.00275963 0.00495627 0.00329102 0.00492215 0.00266256 -0.00521148 -0.0111857 -0.020438 -0.00386219 -0.00243541 -0.00855408
internal_weight=12578 2164 1881 10414 10068 9787 3896 751 5891 346 186 5424 5231 281 464 5020 464 467 3145 3061 2400 2126 1990 1783 661 446 136 4556 3715 905
internal_count=12578 2164 1881 10414 10068 9787 3896 751 5891 346 186 5424 5231 281 464 5020 464 467 3145 3061 2400 2126 1990 1783 661 446 136 4556 3715 905
is_linear=0
shrinkage=0.05


Tree=70
num_leaves=31
num_cat=0
split_feature=0 0 5 5 3 3 1 2 7 4 2 2 5 8 2 1 5 7 7 3 3 0 3 3 8 5 2 8 2 1
split_gain=66.6125 27.0753 21.9665 32.9802 27.6607 20.528 18.957 18.1408 17.7262 20.9475 17.9824 16.2594 31.6321 23.2334 15.754 14.7875 28.9194 17.8453 16.737 13.5906 19.1518 20.2566 13.5501 17.1058 13.4034 13.9148 13.2707 13.0236 12.4947 12.0954
threshold=21.843333333333337 6.7100000000000017 -0.99866806308218525 -0.96235977360714686 8.5000000000000018 18.500000000000004 98.300000000000011 917.87666666666678 0.96687895796550427 4.5000000000000009 920.25333333333344 922.99000000000012 -0.75579217237767959 0.97263757644091875 920.9100000000002 9.1666666666666679 -0.98803845231459242 -0.878119045158818 -0.92273922871446856 16.500000000000004 4.5000000000000009 3.5700000000000007 12.500000000000002 3.5000000000000004 0.315961146185463 -0.70291267844185523 919.24000000000012 -0.029024744910506859 913.18000000000018 46.300000000000004
decision_type=2 2 2 2 2 2 2 2 2 2 2 2 2 2 2 2 2 2 2 2 2 2 2 2 2 2 2 2 2 2
left_child=1 8 -2 -4 7 -6 11 -5 10 22 -1 12 14 -14 -3 16 -13 18 24 20 -12 -22 23 -10 25 29 -7 -11 -8 -17
right_child=2 6 3 4 5 26 28 -9 9 27 19 15 13 -15 -16 17 -18 -19 -20 -21 21 -23 -24 -25 -26 -27 -28 -29 -30 -31
leaf_value=-0.0023674632799288095 0.0079585810520981411 0.012410956529601705 -0.0028196007869121468 0.003954866686528411 0.0037734249221750729 0.0029790252264616846 0.0071188297620851382 -0.0013507788297131063 0.00046892066712210593 7.716466844370079e-05 -0.00012236399081651684 0.0091130217904972204 0.00048236247182207594 0.0075611535790742982 0.0033148989964669252 -0.0016500587306578385 0.00035571636903686255 -0.0003674271130355844 0.0026515158388951965 -6.0399338627672996e-05 -0.00077475858059972375 -0.00067132278839110025 0.0015789061849978553 -0.00090296499161564194 -0.00066647954913193479 0.0018699580968324575 -0.00125973733139238 0.0022607355156004059 -0.00089860762593836152 0.00014894047664930495
leaf_weight=98 50 58 60 104 545 61 63 235 62 48 814 75 685 48 80 49 1219 3431 161 1123 150 1086 89 106 84 318 105 72 1316 131
leaf_count=98 50 58 60 104 545 61 63 235 62 48 814 75 685 48 80 49 1219 3431 161 1123 150 1086 89 106 84 318 105 72 1316 131
internal_value=-0.000383172 -0.00154834 0.011025 0.00954095 0.011608 0.0172051 0.00012955 -0.000147059 -0.00509729 0.00515873 -0.00628056 0.00128549 0.00762615 0.00347411 0.0294964 0.000274273 0.00494208 -0.00117365 0.00584677 -0.00562382 -0.00804486 -0.0119644 -0.00290698 -0.0112426 0.00188679 0.00501002 0.00179641 0.022314 -0.00518116 -0.00607735
internal_weight=12526 11366 1160 1110 1050 711 7718 339 3648 377 3271 6339 871 733 138 5468 1294 4174 743 3173 2050 1236 257 168 582 498 166 120 1379 180
internal_count=12526 11366 1160 1110 1050 711 7718 339 3648 377 3271 6339 871 733 138 5468 1294 4174 743 3173 2050 1236 257 168 582 498 166 120 1379 180
is_linear=0
shrinkage=0.05


Tree=71
num_leaves=31
num_cat=0
split_feature=2 9 1 9 5 9 5 7 2 7 2 2 9 7 9 8 2 7 5 7 2 7 6 7 8 7 9 1 2 7
split_gain=28.9564 85.649 25.7928 21.6856 17.751 16.1445 25.4385 23.4447 22.7464 20.9697 23.0633 27.3713 20.8939 18.2796 31.0499 33.7492 25.2567 26.1238 21.9139 21.0587 29.7338 17.3138 31.8127 16.5248 19.757 15.8096 15.2483 14.1709 15.4743 13.9021
threshold=922.99000000000012 1056.6187499999994 60.56666666666667 1646.08125 0.99983759474438971 674.92499999999973 -0.73866753694953124 -0.9905448150984083 931.67000000000019 -0.89405649444168434 939.65666666666675 932.4766666666668 595.27499999999986 -0.75015329512557194 1445.9249999999997 -0.58481178939031186 931.07666666666682 -0.86114227455745762 0.51297097409535064 -0.70291267844185523 937.91666666666686 -0.63920832810365535 0.36447543099728863 -0.97876850416056738 0.1318557721318592 -0.62588817255938378 1499.825 61.500000000000007 932.57666666666682 0.75721938155395518
decision_type=2 2 2 2 2 2 2 2 2 2 2 2 2 2 2 2 2 2 2 2 2 2 2 2 2 2 2 2 2 2
left_child=1 -1 3 -3 29 6 12 8 -7 10 11 23 -2 14 18 -16 -17 -18 -11 20 26 22 -21 24 -9 -23 -15 28 -20 -4
right_child=5 2 4 -5 -6 7 -8 9 -10 13 -12 -13 -14 19 15 16 17 -19 27 21 -22 25 -24 -25 -26 -27 -28 -29 -30 -31
leaf_value=0.0060217879741701176 0.0006887588889598604 0.0044923530067467118 -0.00096231040697349339 -0.0025855470112864237 0.0026657094689556769 -0.00076778183968400759 0.0064458842547726828 5.3305849173745229e-05 -0.0019448665060137684 -0.00027859307109233123 -0.00073820441086960712 0.00085463410513225225 -0.0014909209617038595 0.0031965875375366301 -0.002075033455647992 -0.0027062241396069125 -0.0016889990409549634 0.0018782328230952938 -0.0037347177824813126 -0.00024714149123609145 -0.00069396567698142789 0.0040125373352191294 -0.0012801498187564458 -0.00030489468371176776 0.013694906885972163 -0.00016029656346928657 0.00015752208166438242 0.0034650692642413539 0.0026535586128265307 0.001172317939913581
leaf_weight=248 132 332 973 50 60 208 163 90 94 279 49 275 57 143 119 141 70 85 40 169 42 59 93 411 50 7488 77 67 72 405
leaf_count=248 132 332 973 50 60 208 163 90 94 279 49 275 57 143 119 141 70 85 40 169 42 59 93 411 50 7488 77 67 72 405
internal_value=-0.000378727 0.00502658 0.00126304 0.0127937 -0.00180681 -0.00144644 0.00906516 -0.00181288 -0.0155116 -0.00139002 0.00599315 0.00798065 -0.00342105 -0.00211291 -0.00898169 -0.0188702 -0.00976431 0.00416667 0 -0.00136893 0.0125475 -0.00183739 -0.0144487 0.00153986 0.0163121 -0.00139772 0.0199095 0.0136111 0.00265487 -0.00297317
internal_weight=12541 2068 1820 382 1438 10473 352 10121 302 9819 875 826 189 8944 873 415 296 155 458 8071 262 7809 262 551 140 7547 220 179 112 1378
internal_count=12541 2068 1820 382 1438 10473 352 10121 302 9819 875 826 189 8944 873 415 296 155 458 8071 262 7809 262 551 140 7547 220 179 112 1378
is_linear=0
shrinkage=0.05


Tree=72
num_leaves=31
num_cat=0
split_feature=0 9 6 0 3 3 0 2 4 3 3 6 2 6 5 0 6 9 9 5 2 5 5 5 9 9 2 7 9 5
split_gain=64.8324 44.0094 74.7428 22.8172 23.998 22.2491 23.8592 20.8629 23.3348 22.3859 23.806 28.7493 16.8238 17.5796 16.6935 13.4106 13.9517 12.3635 17.258 18.1904 12.8923 16.6254 22.0767 12.3089 12.297 12.1946 11.9274 13.7654 11.5962 12.9173
threshold=15.350000000000001 1079.39375 -0.34234976856068178 7.9433333333333342 4.5000000000000009 16.500000000000004 3.5700000000000007 917.10333333333347 4.5000000000000009 9.5000000000000018 16.500000000000004 -0.95998493203694346 930.38333333333344 0.95691861501572195 0.99761913169647187 16.610000000000003 0.83730377313544024 1022.3000000000001 1619.8687499999999 0.96465729447553372 931.24333333333345 -0.86976336936302323 -0.96689237009891416 -0.37447345805034543 1059.1000000000001 726.07500000000005 920.02333333333343 0.8277925332691819 1019.7874999999996 -0.84315017450793706
decision_type=2 2 2 2 2 2 2 2 2 2 2 2 2 2 2 2 2 2 2 2 2 2 2 2 2 2 2 2 2 2
left_child=3 2 28 4 -1 6 -6 8 -3 12 11 -11 15 -14 -5 -9 -17 -7 19 20 -19 22 -22 -23 -4 -8 -13 -28 29 -2
right_child=1 7 24 14 5 17 25 9 -10 10 -12 26 13 -15 -16 16 -18 18 -20 -21 21 23 -24 -25 -26 -27 27 -29 -30 -31
leaf_value=0.0001094056112378835 0.014187118476680916 0.0036514750891179812 0.0072955396857566808 8.0925307597511103e-05 -0.00071939881430465973 -0.00084360477749337651 0.00036153128724715077 0.00094123351110546045 -0.0014517245770064248 -0.0043655206377060081 -0.00075240565748429524 -0.0012478786403447156 0.0030558666614165066 -0.0011090756750609776 -0.0027855365747198133 -0.0025386295071784279 4.37546452082771e-05 -0.00066650912745571701 -0.00076527355996796611 0.0021463221980436661 0.00067017407292388378 0.0011914683818066826 -0.0014483891605705777 0.00036357771656186227 0.003283804616860678 -0.00080745464078147778 0.0033785818048537087 -0.0019859432850332843 0.0089419049446579218 -0.0016501538600970978
leaf_weight=1282 73 254 271 4625 173 303 103 75 81 52 476 68 78 52 90 323 119 356 230 84 98 135 73 330 54 1713 500 47 140 220
leaf_count=1282 73 254 271 4625 173 303 103 75 81 52 476 68 78 52 90 323 119 356 230 84 98 135 73 330 54 1713 500 47 140 220
internal_value=-0.000176296 0.00639736 0.0167325 -0.00215194 -0.00454825 -0.00664073 -0.0101759 0.00270461 0.0141369 0.000558347 0.00476399 0.0108533 -0.00686728 0.00916031 0.000328668 -0.0109073 -0.0142212 -0.00226708 -0.000153022 0.00250696 0.00060423 0.00486656 -0.00843023 0.00976395 0.034816 -0.00847551 0.0138799 0.0163321 0.0031106 -0.00255102
internal_weight=12478 2883 758 9595 4880 3598 1989 2125 335 1790 1143 667 647 130 4715 517 442 1609 1306 1076 992 636 171 465 325 1816 615 547 433 293
internal_count=12478 2883 758 9595 4880 3598 1989 2125 335 1790 1143 667 647 130 4715 517 442 1609 1306 1076 992 636 171 465 325 1816 615 547 433 293
is_linear=0
shrinkage=0.05


Tree=73
num_leaves=31
num_cat=0
split_feature=0 9 6 2 0 6 0 1 7 9 0 1 9 2 7 7 2 5 9 9 6 1 7 7 6 2 9 9 2 7
split_gain=51.5314 34.9735 81.594 41.8712 19.5706 16.6439 16.5493 16.3957 16.8174 18.6995 16.0259 16.4196 18.2559 16.8692 13.3371 17.115 22.5014 11.7178 11.5454 14.184 26.3756 19.0117 29.7675 21.6614 20.4988 32.1141 23.4698 19.024 28.085 48.4638
threshold=10.750000000000002 1079.39375 1.0000000180025095e-35 923.13000000000011 15.823333333333336 0.70747208174348741 3.4700000000000006 20.100000000000005 0.14889030080148793 1005.2687500000001 37.56666666666667 65.566666666666677 1138.16875 931.13000000000011 0.99865421017599998 0.97364703930971175 929.29666666666674 -0.63255557784149707 740.19999999999993 1022.3000000000001 -0.59177783207548873 21.900000000000002 0.9252105435402006 -0.9470547246821871 -0.19337245081799007 934.05000000000007 1690.0562500000001 1519.5500000000002 932.21000000000015 -0.89405649444168434
decision_type=2 2 2 2 2 2 2 2 2 2 2 2 2 2 2 2 2 2 2 2 2 2 2 2 2 2 2 2 2 2
left_child=6 2 3 -2 5 -4 -1 -5 -9 -10 11 12 13 -3 15 18 -17 -18 -8 20 -20 22 23 -21 25 -23 27 28 -26 -30
right_child=1 10 4 7 -6 -7 14 8 9 -11 -12 -13 -14 -15 -16 16 17 -19 19 21 -22 24 -24 -25 26 -27 -28 -29 29 -31
leaf_value=-0.00043753055148826954 0.010493800120634634 -0.0047421340086757115 -0.0008730115869814703 0.0020764668213326815 0.0059841163420358279 0.0096099397599772214 0.00040830629406880987 -0.0038716218867822145 -0.0015621646279341816 0.0039999762714066972 0.0017407824797106898 -0.00039337531924963092 0.00073385143095734966 0.00025759143472285639 -0.0017801076590603386 -0.00034173741414387577 0.0031332293451041674 0.00049728771455694737 -0.0010748533684631794 -0.0010774819649195756 -5.4981149507655341e-05 -5.0498198904804645e-05 0.0024205049261096958 0.00010945253927713145 -0.00041688890923070876 0.0028013011656354103 -0.0025155816736205125 -3.4287783931617746e-05 0.00011061772038439069 -0.0015587285377324728
leaf_weight=360 107 40 64 324 253 83 410 47 435 98 71 2117 1691 55 115 221 75 175 258 120 275 738 122 1506 1011 49 77 942 195 515
leaf_count=360 107 40 64 324 253 83 410 47 435 98 71 2117 1691 55 115 221 75 175 258 120 275 738 122 1506 1011 49 77 942 195 515
internal_value=-0.00036255 0.00333271 0.0100921 0.00251976 0.0291771 0.014527 -0.00314027 -0.000994475 -0.0060241 -0.00346442 0.000930818 0.000499488 0.0040291 -0.0171875 -0.00258633 -0.00229447 0.00688559 0.0171315 -0.00299083 -0.00356344 -0.0113296 -0.00277672 0.00148656 -0.000307314 -0.00488946 0.00222081 -0.00693178 -0.00613739 -0.00926249 -0.0168776
internal_weight=12549 5385 1411 1011 400 147 7164 904 580 533 3974 3903 1786 95 6804 6689 471 250 6218 5808 533 5275 1748 1626 3527 787 2740 2663 1721 710
internal_count=12549 5385 1411 1011 400 147 7164 904 580 533 3974 3903 1786 95 6804 6689 471 250 6218 5808 533 5275 1748 1626 3527 787 2740 2663 1721 710
is_linear=0
shrinkage=0.05


Tree=74
num_leaves=31
num_cat=0
split_feature=2 5 1 2 1 5 7 7 8 7 8 2 7 4 7 6 5 5 7 4 7 5 6 6 8 8 5 2 7 7
split_gain=26.234 44.144 24.295 15.2986 18.1479 17.982 15.8466 33.251 26.1203 24.8834 35.3593 25.727 24.755 20.2538 19.1355 18.126 17.5652 32.7514 28.9005 23.9125 30.3524 22.8463 32.9279 24.153 22.0584 18.9118 16.0305 18.1554 33.6742 28.6537
threshold=922.99000000000012 -0.85227431625818906 29.500000000000004 938.4100000000002 58.166666666666679 -0.73866753694953124 -0.89405649444168434 -0.93545056548590078 1.0000000180025095e-35 -0.75015329512557194 -0.61236746317008228 930.81666666666683 -0.70291267844185523 4.5000000000000009 -0.72696319516528884 -0.64580103137750788 0.8697513045430848 0.81428061195174062 -0.63920832810365535 1.0000000180025095e-35 0.59866263443171663 0.91248814248966237 0.29958852271690523 0.2332836900311728 0.98005052076767474 -0.28725831407847041 0.67802080537253961 928.35000000000002 0.90623151893102627 0.72692958206603386
decision_type=2 2 2 2 2 2 2 2 2 2 2 2 2 2 2 2 2 2 2 2 2 2 2 2 2 2 2 2 2 2
left_child=1 -1 -3 6 5 -5 7 8 15 10 -8 13 14 -12 -11 -2 17 18 -14 20 24 -18 23 -23 -20 -22 27 28 29 -21
right_child=3 2 -4 4 -6 -7 9 -9 -10 12 11 -13 16 -15 -16 -17 21 -19 19 26 25 22 -24 -25 -26 -27 -28 -29 -30 -31
leaf_value=0.0061200356650914171 -0.0041875760319709304 0.005930561598611459 0.00027366584152737906 0.00050619165602829865 -0.00086714859407499621 -0.00037432815711301585 -0.0019372135007560431 0.0021686349661173133 0.0011148280538098327 0.00014012708523743062 -0.0022688870541490353 2.9277478452954811e-05 -0.0013079964639081542 0.00091474055786807881 0.0023347587813938387 -0.0003793761339444153 0.0014833025579237685 -0.00181143714351985 -0.0019997023078041779 0.00047335130910569417 -0.0010687139159916037 0.0001909831971100555 -0.0017543042710423215 0.0064101411759952725 0.0025876522277458545 0.00085804628387906869 0.0011702373132207748 -0.00019553467964517277 -0.00087590191223995144 0.0052022134092472479
leaf_weight=236 51 104 1710 83 170 295 113 291 400 113 211 471 147 45 98 454 173 219 397 870 97 974 149 92 44 303 199 3315 297 297
leaf_count=236 51 104 1710 83 170 295 113 291 400 113 211 471 147 45 98 454 173 219 397 870 97 974 149 92 44 303 199 3315 297 297
internal_value=-0.000144939 0.00502194 0.00236915 -0.00116694 -0.00928962 -0.00316623 -0.000712758 0.00467836 -5.51876e-05 -0.00146087 -0.00963139 -0.00556319 -0.000578035 -0.0182879 0.0162736 -0.0076087 -0.00104964 -0.00219043 -0.00149154 -0.000936426 -0.00872922 0.00403168 0.00160362 0.00468604 -0.0177602 0.00124688 0.000381603 -0.000198745 0.00443686 0.00826199
internal_weight=12418 2050 1814 10368 548 378 9820 1196 905 8624 840 727 7784 256 211 505 7573 6185 5966 5819 841 1388 1215 1066 441 400 4978 4779 1464 1167
internal_count=12418 2050 1814 10368 548 378 9820 1196 905 8624 840 727 7784 256 211 505 7573 6185 5966 5819 841 1388 1215 1066 441 400 4978 4779 1464 1167
is_linear=0
shrinkage=0.05


Tree=75
num_leaves=31
num_cat=0
split_feature=0 0 1 2 4 6 8 8 4 2 6 7 7 7 7 3 0 3 2 1 6 6 6 6 6 7 2 0 7 2
split_gain=48.0472 22.5104 18.7232 19.7021 19.9421 18.9999 14.7656 24.2453 16.5119 21.2499 14.6873 14.0996 12.1278 18.184 14.0954 12.122 14.8283 21.6254 11.738 11.6402 19.3196 17.2358 11.5754 21.3392 20.6535 13.9965 19.2017 13.2366 10.4543 10.0996
threshold=14.923333333333336 35.296666666666674 21.366666666666671 915.78333333333342 4.5000000000000009 -0.42958798411962301 -0.99054309756674508 -0.97507822412530132 3.5000000000000004 922.99000000000012 0.97461712852231652 -0.16693488597178294 0.90623151893102627 0.97508442350096236 0.88119114410046628 3.5000000000000004 3.5700000000000007 16.500000000000004 927.86333333333346 66.500000000000014 -0.83849291496497236 0.99855310097228334 0.97461712852231652 0.9863035000474919 0.99530134160901229 -0.049435780479547518 928.71666666666681 7.3166666666666673 0.067682722635586057 929.57666666666682
decision_type=2 2 2 2 2 2 2 2 2 2 2 2 2 2 2 2 2 2 2 2 2 2 2 2 2 2 2 2 2 2
left_child=6 2 5 4 -4 -2 28 8 11 -10 -3 -8 14 18 19 29 17 -17 -14 20 -5 -21 -18 27 -25 -26 -27 -24 -1 -9
right_child=1 10 3 12 -6 -7 7 15 9 -11 -12 -13 13 -15 -16 16 22 -19 -20 21 -22 -23 23 24 25 26 -28 -29 -30 -31
leaf_value=-0.00083502970463801291 0.0018711324308958639 0.0041194719392919302 0.0038363205965637141 -0.0022566703269494451 -0.001023440919272889 0.0047615260103693437 0.0088191879454082474 -0.00015975096355969507 0.0073119212533868973 -0.0020748326761152514 0.00025476805995126585 0.0031483761166761271 -0.0051808975691822528 0.00057512000552348015 0.010387552354567502 -0.00064650678040855118 -0.00028779727903758271 -7.9229975165365582e-05 -0.0014359702812586361 -0.00059641195516944585 0.0017451160448230198 0.002105978883907253 7.2533646176178515e-05 -0.0036358279222065736 0.0026470616393447972 0.0031977667553800371 -0.0010762347101486794 0.0056330550692599395 -0.0036204091506614358 0.00036659006807195364
leaf_weight=239 270 73 209 161 77 171 52 787 42 61 54 85 59 148 48 174 6455 175 65 1047 658 46 66 99 83 68 100 88 77 813
leaf_count=239 270 73 209 161 77 171 52 787 42 61 54 85 59 148 48 174 6455 175 65 1047 658 46 66 99 83 68 100 88 77 813
internal_value=-0.000557724 0.00485909 0.00396959 0.0023025 0.0146341 0.0134615 -0.00232435 -0.0019565 0.0136929 -0.00144231 0.0253906 0.025 0.000716525 -0.00915751 0.00209077 -0.00237962 -0.00324258 -0.0132857 -0.0232 0.0014114 0.00591463 -0.00196527 -0.00273707 0.00455446 -0.0022792 0.00535714 -0.00295858 0.02 -0.0129338 0.00156152
internal_weight=12550 3086 2959 2518 286 441 9464 9148 240 103 127 137 2232 272 1960 8908 7308 349 124 1912 819 1093 6959 504 350 251 168 154 316 1600
internal_count=12550 3086 2959 2518 286 441 9464 9148 240 103 127 137 2232 272 1960 8908 7308 349 124 1912 819 1093 6959 504 350 251 168 154 316 1600
is_linear=0
shrinkage=0.05


Tree=76
num_leaves=31
num_cat=0
split_feature=2 9 1 9 5 7 8 7 2 2 7 5 9 6 7 9 7 1 7 1 9 6 9 5 9 5 2 7 8 7
split_gain=23.4859 85.7742 25.6706 15.7103 24.4927 24.2536 23.5168 21.7151 25.3882 20.5613 20.4614 19.5248 19.4519 19.3685 17.6254 25.3935 26.4844 56.8238 17.3011 25.4199 19.3341 27.1889 18.2334 32.3482 33.8278 17.4465 19.9227 16.9224 15.7344 15.0901
threshold=922.99000000000012 1056.6187499999994 52.166666666666679 674.92499999999973 -0.70291267844185523 -0.9905448150984083 -0.022576210847469604 -0.89405649444168434 939.65666666666675 932.31666666666672 -0.97876850416056738 0.15951094710994371 1047.9875 -0.42958798411962301 0.58481550752069722 1497.3625000000002 0.71503381463111937 99.76666666666668 -0.49813403728436417 72.166666666666686 1636.3750000000002 0.99530134160901229 907.64999999999998 -0.82415615971448097 854.72499999999991 1.0000000180025095e-35 938.99000000000012 0.52766072109828632 0.1318557721318592 -0.878119045158818
decision_type=2 2 2 2 2 2 2 2 2 2 2 2 2 2 2 2 2 2 2 2 2 2 2 2 2 2 2 2 2 2
left_child=1 -1 -3 4 13 6 -5 8 9 10 28 18 -13 -2 27 -16 17 -17 19 29 21 22 23 24 -20 -22 -27 -14 -7 -9
right_child=3 2 -4 5 -6 7 -8 11 -10 -11 -12 12 14 -15 15 16 -18 -19 20 -21 25 -23 -24 -25 -26 26 -28 -29 -30 -31
leaf_value=0.005927459930508883 -0.00073386902268664201 0.0036294193651240092 -0.00027168002174339512 -0.001743899744253952 0.0071289051933672689 0.00025010062389629173 -0.00052935371250491389 -0.0010217058708033211 -0.00098034739364216521 0.00086069565525931238 -0.00026646775408636361 0.0034135574950392949 0.00017757120805693972 0.0019434146512890063 -0.0011396355232512216 -0.0034216879880100272 0.00031259590256741689 0.0073923089103092978 0.0021457018268730768 -0.0013499000000060043 -0.0010092603816366367 0.0015499060917127903 -9.9186439419733316e-05 -0.00087535826703217384 -0.0027230434576038624 -0.0022645818493648821 0.00030144581164556137 0.00152917023417175 0.012177439441217597 -2.019604720830924e-05
leaf_weight=237 74 245 1566 132 114 76 160 46 46 304 415 44 2083 156 303 162 845 61 125 518 40 210 2888 765 46 148 41 106 50 551
leaf_count=237 74 245 1566 132 114 76 160 46 46 304 415 44 2083 156 303 162 845 61 125 518 40 210 2888 765 46 148 41 106 50 551
internal_value=-0.000553432 0.00434358 0.000634658 -0.00150809 0.00898551 -0.00186406 -0.016041 -0.00144318 0.00599776 0.00797872 0.00212177 -0.0021819 0.000665742 -0.0004329 0.000252738 -0.00419096 -0.000561272 -0.0158482 -0.00408998 -0.00963262 -0.00263837 -0.00183395 -0.00279739 -0.00885806 0.0107558 -0.0167391 -0.0102632 0.00303653 0.019685 -0.00259197
internal_weight=12557 2048 1811 10509 344 10165 292 9873 891 845 541 8982 3604 230 3560 1371 1068 223 5378 1115 4263 4034 3824 936 171 229 189 2189 126 597
internal_count=12557 2048 1811 10509 344 10165 292 9873 891 845 541 8982 3604 230 3560 1371 1068 223 5378 1115 4263 4034 3824 936 171 229 189 2189 126 597
is_linear=0
shrinkage=0.05


Tree=77
num_leaves=31
num_cat=0
split_feature=2 6 1 2 6 5 7 8 4 6 5 7 8 1 5 5 6 2 2 4 4 6 5 1 4 6 4 7 7 7
split_gain=20.4286 27.3431 25.3738 25.464 23.8573 22.5266 18.3205 18.2066 17.3886 16.7062 16.6927 16.1438 14.5778 29.7618 25.087 22.3414 33.4346 40.7132 27.163 21.9329 25.839 18.2419 16.818 16.7058 15.6738 17.7628 23.1708 15.4959 27.3666 39.2321
threshold=926.74333333333345 0.99855310097228334 48.900000000000006 922.99000000000012 -0.84774213365954088 0.95242846126021108 -0.9998468409516591 -0.99763124042248752 4.5000000000000009 0.2332836900311728 -0.90163369914317015 0.88618201382888007 -0.96687281075841669 24.033333333333335 -0.99630266176052629 -0.8781231054254196 0.36447543099728863 936.8900000000001 931.52333333333343 1.5000000000000002 3.5000000000000004 0.21652257995689161 -0.95244167294248061 69.033333333333346 5.5000000000000009 0.21652257995689161 4.5000000000000009 0.99898004730802425 0.98213580174693105 0.99196248624718542
decision_type=2 2 2 2 2 2 2 2 2 2 2 2 2 2 2 2 2 2 2 2 2 2 2 2 2 2 2 2 2 2
left_child=1 2 3 -1 -5 6 -2 -4 10 -7 -6 -10 13 14 -8 16 17 18 21 23 -21 -14 -23 -15 25 26 -20 28 -17 -30
right_child=5 -3 7 4 8 9 12 -9 11 -11 -12 -13 15 19 -16 27 -18 -19 24 20 -22 22 -24 -25 -26 -27 -28 -29 29 -31
leaf_value=0.005167612304658409 0.0034216419723233195 0.0037549685609732709 0.0024223778058131366 0.0026347831825127874 0.0035283809984683837 0.00056330102165900108 0.00032557391515252061 -0.0001475921769398314 -0.0027190606374974946 0.010296789582411637 -0.00010799550203010149 0.0020596719164412249 -0.00059402982844608543 -0.0060516533198248686 0.0096877469792618996 -0.0001509823141815159 -0.0011261594621967863 0.0032700776225107532 -8.7642629861137489e-05 0.0043029861426491624 -0.0022334939594116712 0.0040876992751039311 -8.7006671150355669e-05 -0.00043089712368425963 -0.00014922252065934229 -0.0019106099049647747 -0.0025651371258762238 -0.0016181040134005432 0.0029279769366773677 -0.00029585525819923812
leaf_weight=295 45 76 115 203 109 628 104 2820 135 46 283 43 405 42 71 5648 140 115 124 86 72 53 66 50 98 130 82 98 146 202
leaf_count=295 45 76 115 203 109 628 104 2820 135 46 283 43 405 42 71 5648 140 115 124 86 72 53 66 50 98 130 82 98 146 202
internal_value=4.78813e-05 0.00295343 0.00238511 0.00898036 0.00419897 -0.00135471 -0.00211494 -1.703e-05 -0.00105079 0.00740741 0.00483461 -0.0139665 -0.00230182 0.00669014 0.0224432 -0.00282567 -0.00901977 -0.00600559 -0.00938478 -0.00438247 0.00691824 -0.00171429 0.0154167 -0.0236559 -0.0186207 -0.0237389 -0.0144928 -0.00159147 -0.0012673 0.0123209
internal_weight=12530 4079 4003 1068 773 8451 7777 2935 570 674 392 178 7732 425 175 7307 1213 1073 958 250 158 524 119 92 434 336 206 6094 5996 348
internal_count=12530 4079 4003 1068 773 8451 7777 2935 570 674 392 178 7732 425 175 7307 1213 1073 958 250 158 524 119 92 434 336 206 6094 5996 348
is_linear=0
shrinkage=0.05


Tree=78
num_leaves=31
num_cat=0
split_feature=2 1 7 7 7 5 2 7 7 6 4 2 7 5 1 7 3 2 5 5 4 2 2 5 4 3 2 8 8 2
split_gain=17.8079 24.9233 15.8808 21.1297 20.6033 32.4348 22.9929 17.9247 25.7048 30.483 16.5835 14.5637 14.4653 13.8108 13.6022 13.6512 12.755 13.2995 17.9714 33.5827 13.5731 25.5873 15.9931 18.6526 13.1999 12.7216 25.6576 15.1597 29.91 15.7401
threshold=923.25666666666677 46.300000000000004 -0.89405649444168434 -0.93545056548590078 -0.75015329512557194 -0.88622299073327826 931.24333333333345 -0.70291267844185523 -0.63920832810365535 0.36447543099728863 4.5000000000000009 933.68333333333351 -0.62588817255938378 -0.099819732675876835 19.033333333333335 -0.99763297024448894 13.500000000000002 924.64333333333354 0.86113431103781346 0.78325454425165997 1.5000000000000002 927.86333333333346 936.29000000000008 0.96234642434711437 2.5000000000000004 4.5000000000000009 929.57666666666682 -0.8697618612574799 -0.69830365819682616 932.69000000000005
decision_type=2 2 2 2 2 2 2 2 2 2 2 2 2 2 2 2 2 2 2 2 2 2 2 2 2 2 2 2 2 2
left_child=1 13 3 14 5 -4 10 11 9 -9 -7 -6 -10 -1 15 -2 25 -18 19 -19 -20 -22 23 -23 -21 26 -14 29 -29 -28
right_child=2 -3 4 -5 7 6 -8 8 12 -11 -12 -13 16 -15 -16 -17 17 18 20 24 21 22 -24 -25 -26 -27 27 28 -30 -31
leaf_value=0.0084834998112947504 0.0029635124573776984 0.00041060968511136834 -0.0019529362289066735 0.0020279079860843689 0.0020299081198647548 -0.0023069198011054443 1.6841790270402669e-05 -0.00034896699057343494 0.0048889218347005483 -0.0010970839490190222 9.5896561149830953e-05 -0.00023269195560802152 -0.00046921343689276048 0.0022062141732167684 0.00016655014123815315 -0.00095628050766559045 -0.0027238132634335708 0.00013795819446653888 0.0027901465619102912 -7.1823453387401265e-05 -0.0021973465857619877 0.002451342184835083 -0.00046793181736807664 0.00056331028582703448 -0.0015459945719237681 -0.00051586122880110041 0.0005373844764853822 -0.002230055339369587 0.00051557352134635787 0.0022664825462450876
leaf_weight=132 50 1847 56 308 196 234 485 147 58 96 87 46 697 168 761 157 190 2378 164 41 82 95 51 121 86 2874 95 74 620 80
leaf_count=132 50 1847 56 308 196 234 485 147 58 96 87 46 697 168 761 157 190 2378 164 41 82 95 51 121 86 2874 95 74 620 80
internal_value=-0.000208383 0.00393389 -0.0010697 0.00415035 -0.00180583 -0.00915411 -0.00656753 -0.00103149 -0.00144025 -0.017418 -0.0169255 0.0123457 -0.000934216 0.0172757 0.000515996 -0.0108173 -0.00112433 0.00127766 0.00208678 0.000339186 0.0106031 0.005 0.0125 0.0184332 -0.0246094 -0.00285972 0.000765795 0.00649425 0.00316547 0.0196023
internal_weight=12476 2147 10329 1276 9053 862 806 8191 7949 243 321 242 7706 300 968 207 7648 3208 3018 2505 513 349 267 216 127 4440 1566 869 694 175
internal_count=12476 2147 10329 1276 9053 862 806 8191 7949 243 321 242 7706 300 968 207 7648 3208 3018 2505 513 349 267 216 127 4440 1566 869 694 175
is_linear=0
shrinkage=0.05


Tree=79
num_leaves=31
num_cat=0
split_feature=9 6 2 2 5 5 4 1 5 5 5 2 6 5 2 1 2 2 2 4 9 4 3 9 5 3 6 5 5 9
split_gain=27.9915 68.0738 30.6466 22.1093 17.9126 20.6108 20.2627 25.3474 18.0109 22.2026 17.4512 17.3985 16.2573 25.3259 13.7608 16.9243 19.5693 25.7489 13.7535 17.1549 35.2176 16.017 14.7657 17.4341 14.2953 13.4391 18.5346 13.3613 24.7765 29.2937
threshold=1219.83125 0.011826144619637555 920.74333333333345 935.02333333333343 0.14250626876356556 0.21022171450811275 3.5000000000000004 79.833333333333343 -0.90163369914317015 -0.94705910369513524 -0.83377653105606597 915.41666666666674 0.080547328232315238 -0.73866753694953124 925.23000000000013 40.166666666666679 932.81000000000017 937.75333333333344 928.40333333333342 2.5000000000000004 931.91250000000002 5.5000000000000009 5.5000000000000009 872.19999999999948 -0.76694339346796603 15.500000000000002 -0.84774213365954088 0.12545942051955489 -0.46038400545438724 1022.3000000000001
decision_type=2 2 2 2 2 2 2 2 2 2 2 2 2 2 2 2 2 2 2 2 2 2 2 2 2 2 2 2 2 2
left_child=1 2 -1 18 6 -6 7 -2 9 -8 -10 -9 -3 -14 -12 16 -16 -18 19 20 24 22 23 -21 -4 -24 -27 28 -20 -30
right_child=4 12 3 -5 5 -7 8 11 10 -11 14 -13 13 -15 15 -17 17 -19 27 21 -22 -23 25 -25 -26 26 -28 -29 29 -31
leaf_value=0.012731848445914008 -0.00014454198100828932 0.0065044926431232775 -0.00029764141725307505 0.0038674265306005103 0.0035180217288334095 -5.4300460650723999e-05 0.00016743405482391588 0.0040027366108331564 -0.0012805235225810481 0.0059699243455938363 -0.0012396601703248582 -0.0014393607025006807 -0.0010417889453959884 0.0033270869420747255 -0.0025410156528083449 0.00047872512177239945 0.00074044742201810317 -0.0009566392137983639 -0.00013687881779609611 0.0041342957770937648 0.001277677165514029 -0.00052825490117935914 0.0067191381629942877 -0.0012168069343393624 -0.0014853249223200707 0.0032825933399808719 -0.00045108132251529684 0.00059528256539367614 -0.0014808307763752799 -0.0005030932727834559
leaf_weight=56 1215 78 111 98 161 4416 298 44 115 118 170 765 43 528 70 456 103 66 1385 56 304 203 195 111 179 74 117 503 240 275
leaf_count=56 1215 78 111 98 161 4416 298 44 115 118 170 765 43 528 70 456 103 66 1385 56 304 203 195 111 179 74 117 503 240 275
internal_value=-0.000187191 0.00294053 0.000447799 -9.08619e-05 -0.00196924 7.64526e-05 -0.00470623 -0.00790123 -7.1582e-05 0.00863309 -0.00377166 -0.0147531 0.0179231 0.0149476 -0.00132794 0.00179598 -0.00895833 0.000294118 -0.000705914 0.00333087 -0.00302521 0.00832232 0.0127256 0.000297619 -0.0154639 0.0180879 0.00859375 -0.00297421 -0.00489216 -0.0142442
internal_weight=12553 4556 3907 3851 7997 4577 3420 2024 1396 416 980 809 649 571 865 695 239 169 3753 1350 594 756 553 167 290 386 191 2403 1900 515
internal_count=12553 4556 3907 3851 7997 4577 3420 2024 1396 416 980 809 649 571 865 695 239 169 3753 1350 594 756 553 167 290 386 191 2403 1900 515
is_linear=0
shrinkage=0.05


Tree=80
num_leaves=31
num_cat=0
split_feature=9 6 2 7 7 7 7 7 7 4 9 5 5 9 5 5 7 6 2 4 9 7 4 2 5 5 4 4 2 7
split_gain=27.2094 66.2868 27.9395 29.2039 23.3145 45.9331 26.3683 29.6748 19.1336 28.0522 19.0079 21.9489 26.831 23.895 20.3573 18.2292 17.4837 19.941 17.2462 16.9076 28.4766 28.3708 16.3446 20.5519 28.0441 25.5518 29.2041 16.2646 15.804 15.4346
threshold=1211.0312500000002 0.011826144619637555 926.59000000000015 0.91161058030431363 0.94496830006774635 0.87501852446360251 0.75721938155395518 0.68589359117003446 0.97872324816535838 2.5000000000000004 1022.3000000000001 -0.61913973745509387 -0.65882179392489248 674.92499999999973 -0.42957681104363482 -0.99630266176052629 -0.98803388382128665 -0.70900320270980455 931.47000000000014 3.5000000000000004 1570.7437499999999 0.99831452020184319 1.0000000180025095e-35 933.68333333333351 -0.50556189049999822 -0.56368474752277564 4.5000000000000009 2.5000000000000004 930.76333333333343 -0.90893575921103265
decision_type=2 2 2 2 2 2 2 2 2 2 2 2 2 2 2 2 2 2 2 2 2 2 2 2 2 2 2 2 2 2
left_child=1 2 3 -1 5 6 7 16 -5 -10 11 12 28 -13 -15 -12 17 -2 -16 27 -21 -22 -17 24 -24 26 -25 -6 -4 -18
right_child=4 -3 10 8 19 -7 -8 -9 9 -11 15 13 -14 14 18 22 29 -19 -20 20 21 -23 23 25 -26 -27 -28 -29 -30 -31
leaf_value=0.0035724290827108154 0.003575429001001375 0.0032001883222266439 -3.5412006423245907e-06 -0.0039435849359837384 0.00053510687867720124 -0.0014740415174876184 0.0011664620266855635 -0.0018829247588403018 -0.0025505430167385048 0.0079049859892663058 -0.0018421367189162562 0.0028933388934489659 0.002146677267038054 -0.0019856916276268892 -0.0002142425682457712 -0.0012336288698235119 0.00028618067383376046 -0.0015854963833732501 -0.002844431671595891 -0.0012365990642456276 0.0077006211400158404 -0.0075869958171700062 0.0029758069063212256 0.0019597870924028074 -0.00021639563487121233 0.0057603729308646733 -0.0024473590012279098 0.0030318526973973237 -0.0012094907853693474 -0.00015090147974973248
leaf_weight=551 40 654 630 72 304 384 378 232 66 62 112 56 113 126 200 178 698 272 73 173 122 55 210 76 763 126 49 120 258 5369
leaf_count=551 40 654 630 72 304 384 378 232 66 62 112 56 113 126 200 178 698 272 73 173 122 55 210 76 763 126 49 120 258 5369
internal_value=0.000167691 0.00334781 0.000765717 0.009375 -0.00154026 -0.00240711 -0.00148069 -0.00221567 -0.00696517 0.00465116 -0.00141367 -0.00549073 -0.00134731 -0.0145833 -0.018875 0.00250825 -0.00157524 -0.013099 -0.0111314 0.00670968 -0.0014245 0.0126404 0.00406272 0.00612245 0.00282341 0.0188492 0.00277778 0.0134118 -0.00427447 -0.000980554
internal_weight=12522 4375 3721 751 8147 7373 6989 6611 200 128 2970 1456 1001 455 399 1514 6379 312 273 774 350 177 1402 1224 973 251 125 424 888 6067
internal_count=12522 4375 3721 751 8147 7373 6989 6611 200 128 2970 1456 1001 455 399 1514 6379 312 273 774 350 177 1402 1224 973 251 125 424 888 6067
is_linear=0
shrinkage=0.05


Tree=81
num_leaves=31
num_cat=0
split_feature=0 0 1 2 4 3 7 7 2 2 7 6 4 5 3 2 7 7 4 3 7 1 0 2 6 6 7 2 6 6
split_gain=34.2945 20.8495 23.9534 19.6733 20.1226 18.0831 14.7346 16.7481 17.5367 14.8808 18.0489 14.1869 12.7127 20.5718 15.3191 10.1591 10.7788 9.88416 40.6218 12.5154 12.2813 11.0087 9.83993 10.8111 9.71268 9.36796 8.9985 10.386 8.80436 23.8003
threshold=35.296666666666674 14.923333333333336 21.366666666666671 915.78333333333342 4.5000000000000009 18.500000000000004 -0.72696319516528884 -0.78326178756187226 930.57000000000016 926.43000000000006 -0.98523971305672675 -0.53495380374625956 1.5000000000000002 0.039769539193789977 13.500000000000002 931.24333333333345 -0.074117039608866245 -0.9905448150984083 5.5000000000000009 9.5000000000000018 -0.99763297024448894 36.033333333333339 2.936666666666667 934.95000000000016 0.97461712852231652 0.85561368268953431 -0.97876850416056738 929.45000000000016 0.97461712852231652 0.9863035000474919
decision_type=2 2 2 2 2 2 2 2 2 2 2 2 2 2 2 2 2 2 2 2 2 2 2 2 2 2 2 2 2 2
left_child=1 17 5 4 -4 11 7 8 9 10 -5 12 -3 14 -14 16 -13 18 19 20 -1 -21 23 -19 -2 -10 27 -24 -28 -30
right_child=24 2 3 6 -6 -7 -8 -9 25 -11 -12 15 13 -15 -16 -17 -18 22 -20 21 -22 -23 26 -25 -26 -27 28 -29 29 -31
leaf_value=0.001096669331565653 0.0030923270115116087 0.0054728774814825276 0.0030689888836284485 -0.0028595533073674699 -0.00073566900117506557 -0.0016670750077189544 -0.00028840247825703824 0.0067858675595772718 0.0070369943849862004 -0.0044038061896977485 0.0028640018533841131 -0.00010460582115941475 -0.0070136484053880789 0.010039495998891718 0.0010676266869431657 0.006953205834592838 0.0061516246529851916 5.43386471695731e-05 0.0056175193877751736 -0.003613225298351844 -0.0011386184085502363 -0.0012985165875455231 0.0019544347184876493 -0.00063489953777101692 0.00060174751381606448 8.6421864771102374e-05 -0.00015861072480914779 -0.00042919924648063203 0.0020069809459428338 -0.00021935310048246213
leaf_weight=55 73 89 216 58 81 43 1800 46 66 67 133 45 57 58 42 70 60 59 48 81 77 102 125 89 57 45 8172 57 174 434
leaf_count=55 73 89 216 58 81 43 1800 46 66 67 133 45 57 58 42 70 60 59 48 81 77 102 125 89 57 45 8172 57 174 434
internal_value=-0.000258347 -0.000526104 0.00312395 0.00119379 0.013255 0.0135484 -0.0004287 0.00805288 0.00445946 -0.0027027 0.00442708 0.0167062 0.00890688 0.000316456 -0.0135 0.0275568 0.0174528 -0.001673 -0.00975275 -0.0162975 -0.00451128 -0.0247283 -0.00135002 -0.014094 0.0251908 0.0209821 -0.00113801 0.00983607 -0.00136659 0.0044335
internal_weight=12579 12449 2976 2512 297 464 2215 415 369 258 191 421 246 157 99 175 105 9473 363 315 132 183 9110 148 130 111 8962 182 8780 608
internal_count=12579 12449 2976 2512 297 464 2215 415 369 258 191 421 246 157 99 175 105 9473 363 315 132 183 9110 148 130 111 8962 182 8780 608
is_linear=0
shrinkage=0.05


Tree=82
num_leaves=31
num_cat=0
split_feature=9 6 0 0 7 7 7 7 7 7 7 7 4 9 6 7 5 4 7 7 9 9 7 4 5 9 0 4 7 0
split_gain=25.7581 57.4134 47.7699 16.8499 16.4888 19.5979 27.407 18.4437 15.8617 42.4529 28.5944 24.8514 16.7373 24.0575 14.7485 13.942 23.2512 26.2088 31.3254 48.4222 26.8242 39.9571 26.0898 40.5997 25.3412 30.689 23.0254 32.7285 20.8732 20.4651
threshold=1219.83125 0.011826144619637555 11.443333333333335 21.843333333333337 -0.9905448150984083 -0.90893575921103265 -0.92273922871446856 -0.998663445439673 0.94496830006774635 0.87501852446360251 0.78325454425165997 0.82414472752956958 4.5000000000000009 1588.9937500000001 -0.8739740505118182 0.68589359117003446 0.14250626876356556 2.5000000000000004 -0.48314718476766422 -0.71504042705586657 1458.6375 1585.2125000000001 0.20391355282604834 1.5000000000000002 0.21022171450811275 1424.4625000000001 7.5233333333333343 1.0000000180025095e-35 0.71503381463111937 5.2366666666666672
decision_type=2 2 2 2 2 2 2 2 2 2 2 2 2 2 2 2 2 2 2 2 2 2 2 2 2 2 2 2 2 2
left_child=1 3 -3 -1 7 6 -6 -2 9 10 14 -12 -10 -14 -7 16 17 18 19 26 -19 -22 23 -20 -18 -26 -16 -28 -17 -30
right_child=4 2 -4 -5 5 8 -8 -9 12 -11 11 -13 13 -15 15 28 24 20 22 -21 21 -23 -24 -25 25 -27 27 -29 29 -31
leaf_value=-2.9140904452601947e-05 0.0003015163562055376 -0.00014344640387578544 0.0044776513092970758 0.0039464172366332761 0.00010108108708560757 -0.0024843150460987966 0.0035750216235047338 -0.0016421420136498944 0.00088508956012394379 -0.0014713486463654446 0.004105060482964446 -6.7431853650643837e-05 -0.0020340970237793412 0.0029767230190597183 0.0001929923062200502 -0.0029869291928603468 0.0041441568518165084 -0.00047062437478988879 -0.00060917501759400372 -0.0015739935305861534 0.0018515994695519373 -0.0008744779412277158 -0.0026897890379773619 0.0018234699093947237 0.0022275059217977456 -0.00020368101230773365 0.0013469329311421474 -0.0049747939170180222 0.0008367918114893354 -0.0010309000564919471
leaf_weight=3732 110 252 385 141 619 65 96 166 536 378 131 132 113 109 138 112 158 696 344 289 554 242 146 150 375 1906 50 75 64 168
leaf_count=3732 110 252 385 141 619 65 96 166 536 378 131 132 113 109 138 112 158 696 344 289 554 242 146 150 375 1906 50 75 64 168
internal_value=-0.000378026 0.002638 0.0165361 0.000348477 -0.00209517 -0.00166078 0.00621508 -0.0140794 -0.00247403 -0.00331228 -0.00225155 0.0138258 0.00434783 -0.00717489 -0.00301825 -0.00273409 -0.00207845 -0.00528864 -0.0108131 -0.0195298 -0.00087073 0.00539523 -0.00327613 0.00222222 0.00145492 0.000109553 -0.00397727 -0.0194444 -0.0124638 -0.00386266
internal_weight=12432 4510 637 3873 7922 7646 715 276 6931 6173 5795 263 758 222 5532 5467 5123 2684 1192 552 1492 796 640 494 2439 2281 263 125 344 232
internal_count=12432 4510 637 3873 7922 7646 715 276 6931 6173 5795 263 758 222 5532 5467 5123 2684 1192 552 1492 796 640 494 2439 2281 263 125 344 232
is_linear=0
shrinkage=0.05


Tree=83
num_leaves=31
num_cat=0
split_feature=0 9 6 0 1 2 2 9 1 1 2 7 7 7 0 9 7 5 7 7 7 7 7 5 9 5 2 9 3 5
split_gain=34.9826 22.9057 54.0534 38.197 22.1154 21.6998 21.9906 19.5071 15.4914 19.4189 16.6366 15.017 22.9675 18.1596 14.5652 14.0394 22.2799 22.1475 20.1042 12.5014 28.3956 24.8771 22.7343 15.796 15.0214 23.9279 14.5601 20.7865 14.216 13.8642
threshold=42.043333333333344 1211.0312500000002 0.011826144619637555 11.443333333333335 2.1000000000000005 926.59000000000015 935.02333333333343 775.14999999999952 48.900000000000006 94.233333333333348 926.0100000000001 0.99898004730802425 0.97872324816535838 0.99351232050787985 30.04666666666667 1022.3000000000001 0.88119114410046628 -0.065535378769913874 0.8277925332691819 0.94496830006774635 0.87501852446360251 0.75721938155395518 0.68589359117003446 0.59868201182722736 1598.0312499999993 0.78325454425165997 914.32333333333349 1466.0562499999999 4.5000000000000009 0.73865729060996166
decision_type=2 2 2 2 2 2 2 2 2 2 2 2 2 2 2 2 2 2 2 2 2 2 2 2 2 2 2 2 2 2
left_child=1 2 5 4 -4 8 11 -6 -1 10 -10 12 15 -14 -5 17 18 -7 -17 20 21 22 26 -21 25 29 27 -3 -24 -25
right_child=-2 19 3 14 7 6 -8 -9 9 -11 -12 -13 13 -15 -16 16 -18 -19 -20 23 -22 -23 28 24 -26 -27 -28 -29 -30 -31
leaf_value=0.0028092284606580338 0.0035889024292941026 0.0084104322850530773 0.0022912987330082958 0.0047423748447739111 0.0018248475988258519 -0.00046371999324702209 0.0033850317079253084 -0.0019645355377502019 -0.0017269120827229307 0.0067519714832812109 0.0031941534254631074 -0.001561551063369271 0.0030674214370123923 -3.842542549810993e-05 0.0043036711590856589 -7.8432989971566336e-05 0.0024700654955361495 -0.0024197383141346058 -0.0027567760251427961 0.0035286594278584218 -0.0014567779876197562 0.00092849173571252913 0.0002985956785486511 -0.00043366725845990012 0.0030675004836306441 -0.0010044211093669958 -0.00019068721928432731 -0.00046960913915473083 -0.0024717156466828576 0.00093875334754544854
leaf_weight=412 46 53 85 327 64 1105 98 109 205 68 60 105 101 116 56 1223 122 58 55 80 379 376 46 378 164 56 6237 67 182 99
leaf_count=412 46 53 85 327 64 1105 98 109 205 68 60 105 101 116 56 1223 122 58 55 80 379 376 46 378 164 56 6237 67 182 99
internal_value=-0.000502673 -0.000664691 0.002254 0.0156542 0.000772201 -5.36337e-05 -0.00196046 -0.00948276 0.00757373 -0.000449102 -0.00657895 -0.00275468 -0.00204962 0.0135321 0.025651 -0.00337363 0 -0.00743127 -0.00195465 -0.00223577 -0.00287427 -0.00214737 -0.00286213 0.00379177 0.00136103 -0.00271536 -0.00230418 0.014876 -0.0183406 0.000941423
internal_weight=12532 12486 4369 641 258 3728 2983 173 745 333 265 2885 2780 217 383 2563 1400 1163 1278 8117 7340 6961 6585 777 697 533 6357 120 228 477
internal_count=12532 12486 4369 641 258 3728 2983 173 745 333 265 2885 2780 217 383 2563 1400 1163 1278 8117 7340 6961 6585 777 697 533 6357 120 228 477
is_linear=0
shrinkage=0.05


Tree=84
num_leaves=31
num_cat=0
split_feature=0 9 6 9 5 9 9 5 4 5 4 1 7 7 0 5 0 6 9 4 5 0 9 4 1 7 6 1 6 0
split_gain=25.9847 25.1315 75.0168 18.5249 28.6336 17.1499 16.8294 15.5902 23.0357 21.5843 14.8376 13.9832 11.4443 16.4257 10.934 14.4992 13.4503 23.3061 19.02 38.3582 13.8971 13.3293 13.2717 21.3744 19.9219 14.8854 12.9092 17.4169 12.6565 11.5506
threshold=10.096666666666669 1219.83125 1.0000000180025095e-35 1305.0687499999999 0.94425825643485939 1347.6874999999993 1184.8125000000002 -0.96235977360714686 3.5000000000000004 -0.92923668111203805 1.0000000180025095e-35 91.233333333333348 -0.97509344079810367 -0.88622299073327826 37.56666666666667 0.97508442350096236 19.29666666666667 0.28313308994381592 1507.4312499999999 4.5000000000000009 -0.92923668111203805 28.050000000000004 1650.1500000000001 4.5000000000000009 63.366666666666674 -0.77245553105869302 0.04621408538533487 90.833333333333343 -0.23537842981696178 13.943333333333333
decision_type=2 2 2 2 2 2 2 2 2 2 2 2 2 2 2 2 2 2 2 2 2 2 2 2 2 2 2 2 2 2
left_child=-1 2 6 4 -3 -5 7 8 -2 -9 -4 -12 -7 -14 15 16 17 26 19 -19 -18 -17 23 25 -25 -22 27 28 -15 -20
right_child=1 3 10 5 -6 12 -8 9 -10 -11 11 -13 13 14 -16 21 20 18 29 -21 22 -23 -24 24 -26 -27 -28 -29 -30 -31
leaf_value=-0.00017536003079178866 -4.3443915209027965e-05 -0.0031878387958320167 -0.00031684062028607411 0.0045793116532675321 0.0046463709842025722 -0.002166218468963818 0.0029119078356528607 0.0087211814955403984 -0.004428078921667228 -0.0002129346292644413 0.005623419725544399 0.0015991197130394653 0.0020113006061477021 0.00027037564975774256 0.0017862046209961404 -0.0017588884574536085 -0.0035991059203832054 -0.0023395599265168599 -0.00021671750178202943 0.0053629900504916983 -0.003510674061463809 0.0014408585985249524 -0.0020502184840446385 0.0008350852711929758 -0.007452711836390364 0.0010967511419237685 0.0038735881383234251 0.002709645967337063 -0.0035613384549017732 0.0020936645575604846
leaf_weight=6586 86 214 43 82 69 158 211 133 53 1346 307 97 264 133 66 373 54 187 524 71 43 61 170 51 75 389 170 56 42 399
leaf_count=6586 86 214 43 82 69 158 211 133 53 1346 307 97 264 133 66 373 54 187 524 71 43 61 170 51 75 389 170 56 42 399
internal_value=-0.00041953 0.00198212 0.00610452 -0.000588719 -0.0128521 0.000445236 0.00161202 -0.000123533 -0.0160714 0.00138514 0.024442 0.0274074 -0.000121692 0.000543305 -0.000558464 -0.00103608 0.0005074 0.00315856 -0.000380711 -0.0123552 -0.00485313 -0.00942529 -0.00301783 0.000715564 -0.0173228 0.00600462 0.0135572 0.00581897 -0.00198864 0.00297619
internal_weight=12513 5927 2276 3651 283 3368 1829 1618 139 1479 447 404 3286 3128 2864 2798 2364 1582 1181 258 782 434 728 558 126 432 401 231 175 923
internal_count=12513 5927 2276 3651 283 3368 1829 1618 139 1479 447 404 3286 3128 2864 2798 2364 1582 1181 258 782 434 728 558 126 432 401 231 175 923
is_linear=0
shrinkage=0.05


Tree=85
num_leaves=31
num_cat=0
split_feature=0 0 1 2 4 9 7 9 0 2 9 6 9 7 7 4 9 9 2 7 6 1 6 6 2 9 5 6 5 5
split_gain=34.1409 19.4331 20.163 18.6343 19.1391 15.8317 13.6845 36.6563 12.7624 12.475 17.9054 12.571 14.813 12.1082 10.7407 16.2942 12.1053 24.3546 18.1145 17.7531 16.7033 16.5755 20.9102 15.2266 13.6167 28.8999 35.7686 30.2198 18.896 17.6411
threshold=33.95333333333334 14.923333333333336 21.366666666666671 915.78333333333342 4.5000000000000009 1381.5249999999999 1.0000000180025095e-35 1170.8812499999999 19.103333333333339 931.39666666666676 1381.5249999999999 0.96849880583763492 1536.6874999999998 -0.96235977360714686 0.99898004730802425 4.5000000000000009 1347.6874999999993 1329.3749999999998 918.63666666666677 -0.9905448150984083 -0.44505783185115427 2.1000000000000005 0.67644692717078936 0.5475998096715059 935.11000000000013 1424.4625000000001 -0.814291907305839 0.63755505330306683 -0.92923668111203805 0.86113431103781346
decision_type=2 2 2 2 2 2 2 2 2 2 2 2 2 2 2 2 2 2 2 2 2 2 2 2 2 2 2 2 2 2
left_child=1 14 -3 4 -4 -2 7 8 -5 10 -9 12 13 -12 16 -16 17 18 -1 -18 -21 22 23 -22 -23 26 -26 28 -27 -30
right_child=5 2 3 6 -6 -7 -8 9 -10 -11 11 -13 -14 -15 15 -17 19 -19 -20 20 21 24 -24 -25 25 27 -28 -29 29 -31
leaf_value=0.0081202936998086145 0.002623673944715538 0.0027272675958087329 0.0043166649992146455 0.0045009130703896477 -0.00072338916812307867 0.00047810418665749092 -0.00052119937429362937 -0.0035293535071521721 0.0059522405042969802 0.00098790769472047462 -0.0024280993911594221 0.0067903150600913571 -0.002141887530809483 0.0020239673533742676 -0.0016916519383640444 0.00034692443905795582 -0.0011981076045792492 0.00048275591350662833 -2.9682846281318955e-06 0.0013485243030213552 0.00062891561115030405 -0.00017487775827924914 -0.00040564656710620207 0.0032350648799981995 6.3986286951604222e-05 0.0013959762055696847 -0.0012518594705494416 0.00054347375196967527 -0.00071196573718526493 -0.00018416007723243388
leaf_weight=62 72 443 182 66 69 106 1367 76 57 124 79 41 89 317 74 52 194 96 3702 240 182 3542 170 57 72 82 129 312 289 208
leaf_count=62 72 443 182 66 69 106 1367 76 57 124 79 41 89 317 74 52 194 96 3702 240 182 3542 170 57 72 82 129 312 289 208
internal_value=0.000107553 -0.000206077 0.00336654 0.00160049 0.0144841 0.0217877 0.000135318 0.00511765 0.0302419 0.000825309 -0.00215589 0.00113852 -0.00113169 0.00302267 -0.00130495 -0.015748 -0.00110837 0.001036 0.000398406 -0.00261957 -0.00207229 -0.00268636 0.00695122 0.0164583 -0.0035383 -0.0084172 -0.025495 -0.00454036 -0.0112931 -0.0149598
internal_weight=12551 12373 2910 2467 251 178 2216 849 123 726 602 526 485 396 9463 126 9337 3860 3764 5477 5283 5043 409 239 4634 1092 201 891 579 497
internal_count=12551 12373 2910 2467 251 178 2216 849 123 726 602 526 485 396 9463 126 9337 3860 3764 5477 5283 5043 409 239 4634 1092 201 891 579 497
is_linear=0
shrinkage=0.05


Tree=86
num_leaves=31
num_cat=0
split_feature=0 0 3 8 8 3 3 2 5 5 0 1 7 7 7 8 8 4 7 8 8 0 2 5 1 2 5 4 4 7
split_gain=25.2746 14.2506 19.6569 22.9857 18.8009 15.7673 18.8481 17.7461 18.2175 17.6744 16.8094 15.1764 24.4763 15.1733 16.479 12.8686 15.5405 12.6658 19.5328 11.5867 24.2251 10.7993 10.6136 20.6321 14.8483 14.2689 15.3604 12.2163 10.5575 13.6436
threshold=31.670000000000005 10.750000000000002 5.5000000000000009 0.99629402419378799 0.99421661762139257 4.5000000000000009 14.500000000000002 928.17666666666685 -0.98523971305672675 -0.97509794945709805 3.0800000000000005 8.1000000000000014 0.92919371535393525 -0.88622299073327826 -0.99940763397299126 -0.94703994556331683 -0.98523800472371936 2.5000000000000004 0.067682722635586057 -0.79384213008979243 -0.67326866607897362 13.05666666666667 920.74333333333345 0.39036257410962044 76.90000000000002 930.61666666666679 -0.55657520495441892 2.5000000000000004 1.5000000000000002 0.97650828179861848
decision_type=2 2 2 2 2 2 2 2 2 2 2 2 2 2 2 2 2 2 2 2 2 2 2 2 2 2 2 2 2 2
left_child=1 5 22 4 11 -1 7 9 -9 -7 -10 12 17 14 -13 16 -8 21 -19 -11 -21 -4 23 -3 -25 -24 -27 -28 -17 -30
right_child=-2 2 3 -5 -6 6 15 8 10 19 -12 13 -14 -15 -16 28 -18 18 -20 20 -22 -23 25 24 -26 26 27 -29 29 -31
leaf_value=0.00010829226640679396 0.0012416301495217969 0.0040331695143190132 0.0019672538250655766 -0.0023919234464280905 0.0038687965555167709 0.0042030335032625238 -0.00040711326783550894 -0.002008318073066799 -0.00069636776152841697 -0.0025054419332293716 -0.00043882080762129989 -0.0023317726797378925 -0.0028173737144473326 8.6437330035426396e-05 0.0029794452392091111 -0.00054533125726877023 0.0019106214890602742 0.0044135269284667072 -0.0019207378625073089 0.0051333249259317114 -0.00025197229182562963 0.0066918986120385439 -0.0014856939380845091 0.0042652871683067639 -0.0025275277526619344 0.0051347014976910778 0.0020955971408038953 -0.0011053438113175164 -4.2998867809472541e-05 0.0025204810350594104
leaf_weight=1710 268 78 58 75 44 49 96 127 74 111 1837 67 64 3098 402 656 150 137 86 48 554 116 577 49 114 50 72 85 1569 116
leaf_count=1710 268 78 58 75 44 49 96 127 74 111 1837 67 64 3098 402 656 150 137 86 48 554 116 577 49 114 50 72 85 1569 116
internal_value=-0.000291115 -0.000623472 0.00137251 0.00290501 0.00341272 -0.00207805 -0.00340572 -0.00624777 -0.00868073 0.000262123 -0.00745293 0.00305287 0.0115801 0.00194787 0.0103191 -0.000328439 0.0105263 0.016206 0.00825893 -0.0017507 0.000995025 0.0262857 -0.00482456 0.00433884 -0.00579268 -0.00764331 0.00360577 -0.00411392 -0.0014731 0.000622776
internal_weight=12537 12269 5172 4147 4072 7097 5387 2800 2038 762 1911 4028 461 3567 469 2587 246 397 223 713 602 174 1025 241 163 784 207 157 2341 1685
internal_count=12537 12269 5172 4147 4072 7097 5387 2800 2038 762 1911 4028 461 3567 469 2587 246 397 223 713 602 174 1025 241 163 784 207 157 2341 1685
is_linear=0
shrinkage=0.05


Tree=87
num_leaves=31
num_cat=0
split_feature=0 6 9 2 2 7 1 9 2 9 9 6 7 6 6 2 9 7 2 6 6 2 7 6 6 9 9 7 0 2
split_gain=23.1873 22.3251 16.3561 40.5865 29.0248 16.3986 17.1573 23.3765 24.5971 18.8025 18.2101 29.1281 20.8557 18.2719 15.5585 21.5452 19.9643 32.7659 55.7257 25.1558 16.8107 23.758 15.3903 15.8772 15.0208 26.1157 23.2192 16.0144 15.0538 15.5596
threshold=35.296666666666674 0.97461712852231652 1347.6874999999993 920.9100000000002 935.02333333333343 -0.98803388382128665 23.566666666666674 1381.5249999999999 936.52333333333343 1424.4625000000001 1665.5500000000002 -0.21862536810265826 0.92023804793023134 0.94909129669788206 -0.44505783185115427 930.61666666666679 1517.9062499999998 -0.54220184589352438 922.21000000000015 0.70138038092733435 0.38043945030393422 933.46333333333348 -0.091260668982868151 0.99445195900249039 0.011826144619637555 1154.0562499999999 1289.3312499999995 -0.19337636264337835 19.103333333333339 926.66333333333341
decision_type=2 2 2 2 2 2 2 2 2 2 2 2 2 2 2 2 2 2 2 2 2 2 2 2 2 2 2 2 2 2
left_child=2 -2 3 -1 24 -4 -7 -8 10 -10 14 -12 13 -13 15 -9 -16 18 -18 20 21 -19 -21 -24 -5 28 27 -27 29 -26
right_child=1 -3 5 4 -6 6 7 8 9 -11 11 12 -14 -15 16 -17 17 19 -20 22 -22 -23 23 -25 25 26 -28 -29 -30 -31
leaf_value=0.0039532152209281858 0.002336874275702572 -3.2896820124017625e-05 -0.0010996385723579497 -0.00014205450965045012 0.00084985408855837031 0.00017053388474368785 -0.0034061790612866525 0.00030908049920874703 -0.0011979241373564411 -0.000302179423805914 0.00058418266158301595 -0.002585575412805647 0.0013405528171053561 0.00011414368030906106 -0.00034603243534783864 0.0055653214602318733 0.0056863922191519008 0.0018161091341524786 -0.0020585922823581088 0.0016676488729564455 0.0020987237427096349 -0.0012549855041674074 0.00026596447852337283 -0.002268175786580126 0.0071545519181851593 -0.0039309071669261708 0.0013471535183463051 -0.00067424659282747448 0.0052425538069369787 0.00060834270416710169
leaf_weight=331 71 55 257 3954 256 1424 82 169 69 479 118 228 59 58 2197 43 66 117 186 136 188 45 1133 87 85 46 106 146 75 249
leaf_count=331 71 55 257 3954 256 1424 82 169 69 479 118 228 59 58 2197 43 66 117 186 136 188 45 1133 87 85 46 106 146 75 249
internal_value=3.99489e-06 0.0212598 -0.000213882 0.00190512 0.000762505 -0.00177121 -0.00130719 -0.00258194 -0.00217513 -0.012204 -0.00103498 -0.0104526 -0.0177746 -0.0233449 -3.43407e-05 0.0131455 -0.000709817 0.00296069 -0.013834 0.00544815 0.0173789 0.00552147 0.00235814 0.000573301 -0.000139425 0.0065678 -0.00468227 -0.0150259 0.0147561 0.0101493
internal_weight=12515 126 12389 5248 4917 7141 6884 5460 5378 548 4830 463 345 286 4367 212 4155 1958 252 1706 350 162 1356 1220 4661 707 298 192 409 334
internal_count=12515 126 12389 5248 4917 7141 6884 5460 5378 548 4830 463 345 286 4367 212 4155 1958 252 1706 350 162 1356 1220 4661 707 298 192 409 334
is_linear=0
shrinkage=0.05


Tree=88
num_leaves=31
num_cat=0
split_feature=7 9 6 7 7 5 5 1 4 3 3 1 7 8 9 7 9 6 3 7 1 4 3 8 5 4 8 6 9 7
split_gain=17.0006 19.1952 56.1373 20.3819 18.6625 16.3384 27.0951 17.3069 22.4413 19.1205 16.0556 15.9772 15.9483 24.1105 23.2595 26.8024 20.0651 32.7453 23.3206 25.2516 22.3004 16.8902 17.231 15.8142 13.8312 12.9263 23.6134 19.7226 14.4776 14.6935
threshold=0.99898004730802425 1058.4749999999995 -0.26037106507032781 -0.9905448150984083 -0.998663445439673 -0.63255557784149707 -0.65882179392489248 1.0333333333333334 1.5000000000000002 10.500000000000002 12.500000000000002 3.0333333333333337 0.9252105435402006 0.26659387353423869 1594.8312499999997 0.97364703930971175 1665.5500000000002 -0.21862536810265826 10.500000000000002 0.8277925332691819 4.1666666666666679 4.5000000000000009 16.500000000000004 0.99731940924863693 0.30983042691905771 5.5000000000000009 -0.67326866607897362 0.18281312110578132 1574.4750000000001 0.78325454425165997
decision_type=2 2 2 2 2 2 2 2 2 2 2 2 2 2 2 2 2 2 2 2 2 2 2 2 2 2 2 2 2 2
left_child=1 2 5 4 -3 6 11 8 -7 -10 -2 -1 16 14 15 -14 18 21 19 -5 -19 22 -18 25 -22 27 -27 -20 -29 -30
right_child=10 3 -4 12 -6 7 -8 -9 9 -11 -12 -13 13 -15 -16 -17 17 20 23 -21 24 -23 -24 -25 -26 26 -28 28 29 -31
leaf_value=-0.00089156149549668722 -0.0019729958334356828 0.00010771109336281393 0.0022749075532919856 -0.00017973598659754288 -0.0018674061085641451 0.0034097399177294659 0.0033204476990291647 -0.00093825825058061721 -0.0011342056248721279 0.0020110562433957374 -9.638321305886107e-05 0.00032525313775933417 -0.0012624048291761149 0.0023877408582348041 0.0019942125722664664 0.00013278785480003719 0.0019320516791791018 0.0010269131668203819 0.00088435067952556754 -0.0017028029387149424 -0.00047671737838161921 -0.00082969549987031753 -0.00043051189986372668 -0.00084274432154850601 -0.0020949894408779702 -0.00074774804866063478 0.0015025739777585702 -0.0004264608685326542 -7.6647694023705693e-05 0.0017151547928726835
leaf_weight=180 100 122 720 3321 189 92 83 485 114 74 94 1005 108 198 268 291 112 58 1486 181 94 72 42 73 315 221 379 1407 436 172
leaf_count=180 100 122 720 3321 189 92 83 485 114 74 94 1005 108 198 268 291 112 58 1486 181 94 72 42 73 315 221 379 1407 436 172
internal_value=-0.000224126 8.13074e-06 0.00368555 -0.0010528 -0.0136218 -0.000565388 0.00291568 -0.00633159 0.00355872 -0.00634921 -0.0148718 0.000969646 -0.000628045 0.00583141 0.00127246 -0.006375 -0.0012963 -0.00943804 -0.000560115 -0.00356837 -0.0169872 0.0061674 0.0154839 0.00196407 -0.0210976 0.00237689 0.00915141 0.00121359 -0.00200893 0.0044335
internal_weight=12492 12298 2753 9545 311 2033 1268 765 280 188 194 1185 9234 865 667 399 8369 693 7676 3502 467 226 154 4174 409 4101 600 3501 2015 608
internal_count=12492 12298 2753 9545 311 2033 1268 765 280 188 194 1185 9234 865 667 399 8369 693 7676 3502 467 226 154 4174 409 4101 600 3501 2015 608
is_linear=0
shrinkage=0.05


Tree=89
num_leaves=31
num_cat=0
split_feature=0 9 0 7 6 2 2 0 8 9 0 6 1 9 2 1 9 9 7 2 6 2 6 2 9 2 9 6 9 2
split_gain=26.9083 16.5058 51.0564 31.1618 25.3308 27.2503 20.8349 15.7343 14.2844 18.1882 12.5267 11.3891 13.9232 21.072 13.7865 14.8973 12.2052 26.9626 41.8119 44.3211 30.9123 21.8482 18.7859 20.4708 17.9425 23.6103 23.0397 18.6878 25.9922 29.2544
threshold=42.043333333333344 1211.0312500000002 21.540000000000003 0.067682722635586057 0.70747208174348741 920.74333333333345 935.02333333333343 10.490000000000004 -0.40613878790836594 1019.7874999999996 6.8966666666666674 0.98899263613956456 1.9000000000000001 1444.5374999999997 932.75666666666677 1.0000000180025095e-35 1650.1500000000001 1517.9062499999998 -0.59869031648930193 922.21000000000015 0.92519182738459482 935.21000000000015 -0.21862536810265826 928.91666666666686 1436.9687500000002 915.78333333333342 1391.25 -0.10837475778693638 1347.6874999999993 922.99000000000012
decision_type=2 2 2 2 2 2 2 2 2 2 2 2 2 2 2 2 2 2 2 2 2 2 2 2 2 2 2 2 2 2
left_child=1 2 4 -4 5 -1 -7 -6 -5 -10 -8 12 13 -3 -13 -16 17 20 19 -19 24 -22 23 -18 25 -14 27 -27 -29 -30
right_child=-2 11 3 8 7 6 10 -9 9 -11 -12 14 16 -15 15 -17 22 18 -20 -21 21 -23 -24 -25 -26 26 -28 28 29 -31
leaf_value=0.0097938770147905588 0.002684144570892394 -0.00023812259052363624 0.0048561571619412103 0.0052605795846566222 0.00053749437535635658 -0.00015702440481385612 7.5249217490395984e-05 0.0061467673123730476 -0.0022990642042973633 0.0029022985767974021 0.0046668334877962734 -0.0019624872256853929 0.0045429522498046937 0.0018173291289257682 -0.00049101661604038433 0.00061543968337072694 0.0024780552621497479 0.0046971692811629221 0.00068903848350059253 -0.0017561195485888326 -0.00045991349938812113 -0.0012595382093852775 -0.0011833607106962588 -0.0002312754862157554 -0.0004406578237187216 -0.0010882890064946112 0.00039150190505752859 0.00050172223581933868 0.0037580923851071647 -0.0023783447295768756
leaf_weight=66 45 202 93 74 133 3601 64 135 51 65 77 314 70 219 51 123 74 69 1720 242 125 77 642 138 2156 422 813 425 67 173
leaf_count=66 45 202 93 74 133 3601 64 135 51 65 77 314 70 219 51 123 74 69 1720 242 125 77 642 138 2156 422 813 425 67 173
internal_value=-0.000127724 -0.000268386 0.0022133 0.0227113 0.000784891 -0.000262536 -0.000828213 0.0156134 0.0109948 0 0.0179577 -0.00160039 -0.00112639 0.00770142 -0.00899796 0.00228571 -0.00164264 -0.000888365 0.00386319 -0.0129808 -0.0031185 -0.0221675 -0.00725146 0.0056338 -0.00218076 0.00126839 0.000210416 -0.00454963 0.000675676 -0.0124481
internal_weight=12526 12481 4359 283 4076 3808 3742 268 190 116 141 8122 7634 421 488 174 7213 6359 2031 311 4328 202 854 212 4126 1970 1900 1087 665 240
internal_count=12526 12481 4359 283 4076 3808 3742 268 190 116 141 8122 7634 421 488 174 7213 6359 2031 311 4328 202 854 212 4126 1970 1900 1087 665 240
is_linear=0
shrinkage=0.05


Tree=90
num_leaves=31
num_cat=0
split_feature=0 9 8 7 4 6 7 9 6 6 0 4 8 1 7 7 3 6 6 9 0 9 9 1 6 1 9 8 0 1
split_gain=24.6791 13.0884 10.871 33.4546 19.9667 19.1506 17.6128 15.8 14.5028 19.6512 19.2098 18.8993 21.8625 15.0473 14.2338 14.0498 14.6377 18.6203 12.7173 14.9717 23.1971 26.3104 23.1514 22.8263 16.9551 16.2947 16.205 15.7211 14.9699 14.6669
threshold=35.296666666666674 1381.5249999999999 0.69984120524093585 -0.59869031648930193 1.0000000180025095e-35 -0.91249077947840473 0.71051919230648819 1655.1937500000001 -0.86548532668110156 -0.82899557272681157 6.7100000000000017 1.5000000000000002 0.63089349388778826 14.566666666666668 0.91161058030431363 0.59866263443171663 8.5000000000000018 0.96849880583763492 -0.80926783187727869 1436.9687500000002 21.843333333333337 1073.7812499999998 1458.6375 0.36666666666666675 -0.36648370705903521 3.0333333333333337 1385.425 -0.99864786094873803 8.3500000000000032 15.633333333333335
decision_type=2 2 2 2 2 2 2 2 2 2 2 2 2 2 2 2 2 2 2 2 2 2 2 2 2 2 2 2 2 2
left_child=2 -2 5 -4 7 -1 -6 15 11 10 -10 13 -13 -7 -12 16 17 -5 28 20 25 -22 29 -24 -25 -20 -23 -27 -11 -21
right_child=1 -3 3 4 6 8 -8 -9 9 18 14 12 -14 -15 -16 -17 -18 -19 19 22 21 26 23 24 -26 27 -28 -29 -30 -31
leaf_value=0.003035247915386158 0.002960898810714774 0.0003529634594214015 -0.0011319298478739859 -0.00060096236042153368 0.00010685543044990573 0.0060337747102140685 -0.0043166467012266396 -0.0046863497454833125 -0.0012643020321402619 -1.2179660369221469e-05 0.0070017112835925686 -0.0019402907234943867 0.00031078863213186567 -0.00047239724961681831 0.00026187297739513826 0.001499034743702915 -0.0023112538920375715 0.0045200493938407308 -0.00041641218070763989 0.00038018155880151298 0.0046238728808284729 -0.00052273922567552258 0.0020932736695217641 -0.0012049269468263032 1.2199988547712329e-05 -0.0028006876969727656 0.0049589704096880856 0.0002593100496271487 -0.0044405236262472251 -0.00095318768599655381
leaf_weight=94 55 74 231 56 2143 40 40 47 43 65 133 157 82 73 60 61 162 48 529 78 131 133 105 117 3566 78 53 3500 45 556
leaf_count=94 55 74 231 56 2143 40 40 47 43 65 133 157 82 73 60 61 162 48 529 78 131 133 105 117 3566 78 53 3500 45 556
internal_value=0.000250876 0.0219231 2.4141e-05 -0.00272499 -0.00107506 0.000819587 0.000755495 -0.0117333 0.000597171 0.000979006 0.0151899 -0.00934844 -0.0172917 0.00745614 0.0219072 -0.00777439 -0.0127341 0.00190476 0.00060288 0.000813835 0.00287006 0.0158805 -0.0012435 0.00023753 -0.000420738 0.00186222 0.00374332 0.00307348 -0.0162162 -0.0100787
internal_weight=12555 129 12426 2788 2557 9638 2183 374 9544 9192 236 352 239 113 193 327 266 104 8956 8846 4424 317 4422 3788 3683 4107 186 3578 110 634
internal_count=12555 129 12426 2788 2557 9638 2183 374 9544 9192 236 352 239 113 193 327 266 104 8956 8846 4424 317 4422 3788 3683 4107 186 3578 110 634
is_linear=0
shrinkage=0.05


Tree=91
num_leaves=31
num_cat=0
split_feature=0 0 9 3 3 5 5 7 7 3 3 2 4 7 0 3 5 1 5 9 3 3 0 5 4 1 7 4 9 7
split_gain=35.3315 16.0357 20.2578 15.4093 22.1624 24.7186 20.4806 18.5654 24.6051 15.232 19.1888 24.7836 15.0114 29.8894 14.5344 14.2139 18.4295 14.1147 22.2148 18.6333 16.2192 15.1622 14.1562 13.9985 18.654 17.9371 13.0371 13.001 12.7672 12.7285
threshold=35.296666666666674 11.996666666666668 674.92499999999973 5.5000000000000009 17.500000000000004 0.95752911693909493 -0.89406062840022227 -0.67803021058859214 -0.98523971305672675 4.5000000000000009 15.500000000000002 931.18333333333351 2.5000000000000004 -0.91597725483594616 3.7966666666666673 8.5000000000000018 -0.98523971305672675 24.633333333333336 -0.9905448150984083 1593.1937500000001 14.500000000000002 9.5000000000000018 18.890000000000004 0.71503381463111937 4.5000000000000009 97.500000000000014 0.080548957663405765 2.5000000000000004 1337.2812499999993 -0.814291907305839
decision_type=2 2 2 2 2 2 2 2 2 2 2 2 2 2 2 2 2 2 2 2 2 2 2 2 2 2 2 2 2 2
left_child=1 9 -3 -4 5 7 26 8 -5 -1 11 23 13 -10 -13 -16 -17 18 -9 27 21 -20 -23 24 25 -11 -6 -19 -7 -12
right_child=-2 2 3 4 6 28 -8 17 12 10 29 14 -14 -15 15 16 -18 19 20 -21 -22 22 -24 -25 -26 -27 -28 -29 -30 -31
leaf_value=0.00012209229037464433 0.0014989468681180036 0.0059397750779488006 -0.00061910423512240298 -0.0018298039162276056 0.0042915597570938385 0.0054976285939473124 -0.00079644479174798282 0.0050020915174921084 0.0032556067026649205 0.00010288275239018346 0.00033186571319678286 -0.00043219986056315993 0.0039858038335687683 -0.0023451318595612823 -9.4264699127714479e-05 -0.0034198920889030038 -0.00097950203914897501 -0.0021405274190663937 0.0073190918097198465 0.00096428994015044373 0.0034524606854828169 -0.0019533314982329852 0.0041225878370418721 -0.0010336587416461187 0.0013716788314419395 -0.0017760854469191486 -0.00077377152438911224 -6.837405629505009e-05 0.0027402372846841994 -0.00010064753218358217
leaf_weight=1884 130 149 808 76 82 45 750 48 61 662 515 152 246 52 616 54 883 394 40 365 101 169 68 434 352 173 48 588 306 2242
leaf_count=1884 130 149 808 76 82 45 750 48 61 662 515 152 246 52 616 54 883 394 40 365 101 169 68 434 352 173 48 588 306 2242
internal_value=0.00012406 -0.000149628 0.00227428 0.00163606 0.00309593 0.00544922 -0.00374574 0.00348574 0.0127294 -0.0014872 -0.00270381 -0.00525999 0.0181944 0.00307018 -0.00946659 -0.00801158 -0.011887 0.00121195 0.00913349 -0.00129822 0.00501319 -0.00125899 -0.00609244 -0.000832306 0.00197811 -0.0020933 0.0145038 -0.00488301 0.0177557 0.000380711
internal_weight=12493 12363 4396 4247 3439 2559 880 2208 435 7967 6083 3326 359 113 1705 1553 937 1773 426 1347 378 277 237 1621 1187 835 130 982 351 2757
internal_count=12493 12363 4396 4247 3439 2559 880 2208 435 7967 6083 3326 359 113 1705 1553 937 1773 426 1347 378 277 237 1621 1187 835 130 982 351 2757
is_linear=0
shrinkage=0.05


Tree=92
num_leaves=31
num_cat=0
split_feature=0 6 9 0 9 4 8 2 9 6 2 7 7 2 5 0 4 5 9 9 5 4 7 9 7 4 9 6 2 6
split_gain=22.7701 18.6136 15.1898 13.9201 21.387 31.4383 17.4816 20.8407 15.8531 41.3627 21.5099 15.9224 29.309 20.0277 14.9076 14.2011 13.7817 19.045 11.9927 17.1043 19.2533 14.022 11.7644 17.9651 10.8557 20.985 20.1969 20.5556 13.0309 9.8261
threshold=35.296666666666674 0.97461712852231652 1650.1500000000001 11.943333333333333 1644.0125 3.5000000000000004 0.99629402419378799 929.88333333333344 1147.1499999999996 1.0000000180025095e-35 923.13000000000011 -0.96235977360714686 -0.89405649444168434 924.54333333333352 -0.94705910369513524 15.956666666666669 1.0000000180025095e-35 0.79383249484937135 1005.2687500000001 708.19999999999993 -0.60554068365937697 1.5000000000000002 0.99865421017599998 947.11874999999998 0.97872324816535838 2.5000000000000004 748.22499999999991 -0.68432604233786842 912.49333333333345 -0.38243420677835349
decision_type=2 2 2 2 2 2 2 2 2 2 2 2 2 2 2 2 2 2 2 2 2 2 2 2 2 2 2 2 2 2
left_child=2 -2 3 22 6 -6 8 -8 9 10 -5 -10 13 -13 -12 -11 17 -4 19 21 -21 -16 24 -24 28 26 -26 -28 -1 -18
right_child=1 -3 16 4 5 -7 7 -9 11 15 14 12 -14 -15 18 -17 29 -19 -20 20 -22 -23 23 -25 25 -27 27 -29 -30 -31
leaf_value=0.0057828750247922488 0.0016569291109603979 -0.00022071961907218498 -0.0034670560054391453 0.0065663151335900232 0.010174353496730772 -0.00051135936631832861 0.0037261505693664933 -0.0081723057233782023 -0.0023876501019593739 0.0023069937606837176 -0.0025451601463366436 0.00010705389461233006 -0.00011794383574252333 0.0043665500007365465 0.013406413384138139 0.0037818171870761755 -0.0018639767414307948 -0.00056629129959739758 0.0021733530008064051 -0.00020369581785377802 -0.0037000949893681943 0.00049353534618972459 -0.0015111637534332744 -0.00028059616960590602 -0.0017341789403305732 0.0025580875603412687 0.0027876613681735341 -0.0002598586158575618 -0.0001059200886177683 -0.00014247427946068107
leaf_weight=58 76 49 69 108 104 81 43 40 183 118 114 85 1999 116 41 200 41 77 338 308 119 87 43 82 53 150 50 197 6661 799
leaf_count=58 76 49 69 108 104 81 43 40 183 118 114 85 1999 116 41 200 41 77 338 308 119 87 43 82 53 150 50 197 6661 799
internal_value=-0.000116093 0.0210317 -0.000331581 0.00018455 0.00252142 0.019086 0.00173077 -0.0208333 0.00222688 0.00638075 0.00183692 -0.000272651 0.000908678 0.0190594 -0.000446429 0.0222571 -0.00628166 -0.0204082 0.00173378 -0.00278777 -0.00759346 0.0131783 -0.00112406 -0.0162698 -0.000857741 0.00665188 -0.000996678 0.00504032 -0.00136161 -0.00380499
internal_weight=12489 125 12364 11378 4084 185 3899 83 3816 1433 1115 2383 2200 201 1007 318 986 146 893 555 427 128 7294 125 7169 450 300 247 6719 840
internal_count=12489 125 12364 11378 4084 185 3899 83 3816 1433 1115 2383 2200 201 1007 318 986 146 893 555 427 128 7294 125 7169 450 300 247 6719 840
is_linear=0
shrinkage=0.05


Tree=93
num_leaves=31
num_cat=0
split_feature=9 2 7 2 8 7 4 8 7 1 9 8 2 2 9 4 1 5 8 2 4 3 1 5 8 3 5 5 5 7
split_gain=14.6822 37.136 25.7139 21.274 19.7342 18.3155 28.3571 21.8799 19.5153 18.7661 21.9904 13.2477 12.1736 12.1619 12.1268 12.0152 24.3415 19.2105 31.6513 19.9764 13.1338 11.103 10.4193 13.2853 14.6547 9.40016 11.9363 10.1309 12.9227 10.1028
threshold=1211.0312500000002 926.59000000000015 -0.97876850416056738 935.02333333333343 -0.40613878790836594 1.0000000180025095e-35 2.5000000000000004 0.99138911339924218 -0.10837644903917555 18.300000000000001 1201.5250000000003 -0.53676558762589088 933.68333333333351 932.15666666666675 1184.8125000000002 1.5000000000000002 5.0333333333333341 -0.56368474752277564 0.87291090774974645 927.53000000000009 4.5000000000000009 4.5000000000000009 30.033333333333335 -0.53493989022977317 0.68274389090025245 7.5000000000000009 -0.39826117949089107 -0.70898476237405783 -0.84315017450793706 0.99898004730802425
decision_type=2 2 2 2 2 2 2 2 2 2 2 2 2 2 2 2 2 2 2 2 2 2 2 2 2 2 2 2 2 2
left_child=1 2 -1 5 21 6 9 15 12 -3 -11 -5 14 -9 -8 17 20 19 -19 -7 -17 -4 23 -6 -25 26 27 28 -18 -27
right_child=-2 3 4 11 22 7 8 13 -10 10 -12 -13 -14 -15 -16 16 25 18 -20 -21 -22 -23 -24 24 -26 29 -28 -29 -30 -31
leaf_value=0.0060283469174373331 -8.8181965906332377e-05 -0.0014273845202322001 0.00031026407018628911 0.00039333322831936954 -0.00090660068457426167 -0.0011617736443600146 -0.00010062408418688024 -0.0020583209354104585 0.0042453024856729058 0.0017200807879552847 -0.0027269866066496882 0.0045115198873635458 0.001984319095132209 -0.0037620282180243409 0.0036396906346669146 -0.00050179436402855823 0.0010307404181399847 0.0037166467296866792 -0.0014666968809758818 7.1472068864492094e-05 -0.0011912970921648587 0.0065831479669784566 -0.000213426150291815 0.0053708767764875619 0.00086455087141872338 -0.00027747477017627252 -0.0012539606817035559 0.0025565867867293514 -0.00080332285146714969 -0.0015086407323563423
leaf_weight=97 8140 187 58 96 57 49 265 43 74 157 50 60 89 47 111 293 114 187 57 369 157 214 384 68 114 707 43 88 41 63
leaf_count=97 8140 187 58 96 57 49 265 43 74 157 50 60 89 47 111 293 114 187 57 369 157 214 384 68 114 707 43 88 41 63
internal_value=3.60577e-05 0.00238479 0.0108761 -0.000134409 0.00820313 -0.00101817 0.00487152 -0.00345286 0.0123148 -0.00531646 0.00504808 0.0178344 0.00847639 -0.0274725 0.00450928 -0.00244352 -0.00491042 0.00316742 0.0142857 -0.00334129 -0.0146341 0.0194139 0.00328526 0.0114583 0.0180328 -0.000756859 0.00696864 0.0112705 0.00352564 -0.00363165
internal_weight=12479 4339 992 3347 895 3191 933 2258 539 394 207 156 465 90 376 2168 1506 662 244 418 450 272 623 239 182 1056 286 243 155 770
internal_count=12479 4339 992 3347 895 3191 933 2258 539 394 207 156 465 90 376 2168 1506 662 244 418 450 272 623 239 182 1056 286 243 155 770
is_linear=0
shrinkage=0.05


end of trees

feature_importances:
cap95_wind=447
doy_s2=422
doy_s=360
v100m=358
pres=340
doy_c=291
cloud=194
dow=140
doy_c2=136
hod=132

parameters:
[boosting: gbdt]
[objective: regression_l1]
[metric: l1]
[tree_learner: serial]
[device_type: cpu]
[data_sample_strategy: bagging]
[data: ]
[valid: ]
[num_iterations: 94]
[learning_rate: 0.05]
[num_leaves: 31]
[num_threads: 80]
[seed: 0]
[deterministic: 0]
[force_col_wise: 0]
[force_row_wise: 0]
[histogram_pool_size: -1]
[max_depth: -1]
[min_data_in_leaf: 40]
[min_sum_hessian_in_leaf: 0.001]
[bagging_fraction: 0.8]
[pos_bagging_fraction: 1]
[neg_bagging_fraction: 1]
[bagging_freq: 1]
[bagging_seed: 3]
[bagging_by_query: 0]
[feature_fraction: 0.8]
[feature_fraction_bynode: 1]
[feature_fraction_seed: 2]
[extra_trees: 0]
[extra_seed: 6]
[early_stopping_round: 0]
[early_stopping_min_delta: 0]
[first_metric_only: 0]
[max_delta_step: 0]
[lambda_l1: 0]
[lambda_l2: 1]
[linear_lambda: 0]
[min_gain_to_split: 0]
[drop_rate: 0.1]
[max_drop: 50]
[skip_drop: 0.5]
[xgboost_dart_mode: 0]
[uniform_drop: 0]
[drop_seed: 4]
[top_rate: 0.2]
[other_rate: 0.1]
[min_data_per_group: 100]
[max_cat_threshold: 32]
[cat_l2: 10]
[cat_smooth: 10]
[max_cat_to_onehot: 4]
[top_k: 20]
[monotone_constraints: ]
[monotone_constraints_method: basic]
[monotone_penalty: 0]
[feature_contri: ]
[forcedsplits_filename: ]
[refit_decay_rate: 0.9]
[cegb_tradeoff: 1]
[cegb_penalty_split: 0]
[cegb_penalty_feature_lazy: ]
[cegb_penalty_feature_coupled: ]
[path_smooth: 0]
[interaction_constraints: ]
[verbosity: -1]
[saved_feature_importance_type: 0]
[use_quantized_grad: 0]
[num_grad_quant_bins: 4]
[quant_train_renew_leaf: 0]
[stochastic_rounding: 1]
[linear_tree: 0]
[max_bin: 255]
[max_bin_by_feature: ]
[min_data_in_bin: 3]
[bin_construct_sample_cnt: 200000]
[data_random_seed: 1]
[is_enable_sparse: 1]
[enable_bundle: 1]
[use_missing: 1]
[zero_as_missing: 0]
[feature_pre_filter: 1]
[pre_partition: 0]
[two_round: 0]
[header: 0]
[label_column: ]
[weight_column: ]
[group_column: ]
[ignore_column: ]
[categorical_feature: ]
[forcedbins_filename: ]
[precise_float_parser: 0]
[parser_config_file: ]
[objective_seed: 5]
[num_class: 1]
[is_unbalance: 0]
[scale_pos_weight: 1]
[sigmoid: 1]
[boost_from_average: 1]
[reg_sqrt: 0]
[alpha: 0.9]
[fair_c: 1]
[poisson_max_delta_step: 0.7]
[tweedie_variance_power: 1.5]
[lambdarank_truncation_level: 30]
[lambdarank_norm: 1]
[label_gain: ]
[lambdarank_position_bias_regularization: 0]
[eval_at: ]
[multi_error_top_k: 1]
[auc_mu_weights: ]
[num_machines: 1]
[local_listen_port: 12400]
[time_out: 120]
[machine_list_filename: ]
[machines: ]
[gpu_platform_id: -1]
[gpu_device_id: -1]
[gpu_device_id_list: ]
[gpu_use_dp: 0]
[num_gpu: 1]

end of parameters

pandas_categorical:[]
