tree
version=v4
num_class=1
num_tree_per_iteration=1
label_index=0
max_feature_idx=15
objective=regression_l1
feature_names=T Tma cdh hdh cdh2 hdh2 ghi hod dow is_hol doy_s doy_c doy_s2 doy_c2 ar1 ar7
feature_infos=[-0.38947368421052631:38.210526315789473] [1.648464912280702:31.293201754385965] [0:17.210526315789473] [0:16.889473684210525] [0:29.620221606648197] [0:28.525432132963989] [0:950.6052631578948] [0:23] [0:6] [0:1] [-0.9999994220246925:0.99998555065071859] [-0.99997919295908233:0.9999907524084426] [-0.9999994220246925:0.99995318436087299] [-0.99999768809943823:0.99996300980480612] [1447:4559.25] [1447:4559.25]
tree_sizes=2653 2767 2775 2787 2798 2812 2799 2790 2786 2796 2778 2813 2773 2797 2816 2808 2820 2803 2820 2815 2824 2808 2803 2813 2818 2819 2820 2829 2813 2825 2847 2840 2832 2815 2831 2844 2839 2810 2820 2828 2820 2830 2824 2814 2851 2865 2834 2845 2821 2832 2813 2836 2813 2843 2844 2862 2839 2846 2853 2842 2838 2841 2837 2854 2858 2852 2816 2844 2861 2836 2803 2837 2853 2845 2845 2829 2844 2865 2863 2835 2872 2850 2846 2847 2889 2851 2845 2858 2859 2828 2855 2838 2875 2839 2846 2844 2831 2843 2846 2836 2829 2865 2848 2852 2843 2851 2831 2836 2872 2844 2861 2854 2860 2843 2820 2870 2864 2863 2849 2852 2821 2857 2863 2820 2860 2832 2849 2870 2850 2862 2845 2854 2837 2814 2860 2829 2851 2844 2878 2839 2856 2817 2867 2841 2854 2848 2841 2844 2825 2849 2824 2827 2830 2848 2815 2844 2828 2855 2832 2824 2842 2821 2845 2868 2815 2797 2802 2851 2843 2816 2833 2814 2812 2842 2856 2851 2808 2857 2853 2833 2846 2822 2841 2853 2805 2824 2826 2815 2798 2837 2849 2840 2852 2824 2843 2848 2868 2835 2809 2825 2818 2838 2870 2837 2804 2842 2857 2775 2802 2816 2840 2810 2781 2825 2826 2786 2855 2834 2793 2806 2843 2812 2834 2816 2846 2836 2809 2862 2831 2793 2801 2820 2827 2855 2812 2845 2825 2814 2837 2831 2805 2822 2805 2848 2830 2849 2809 2842 2795 2802 2840 2842 2850 2849 2792 2802 2824 2837 2811 2825 2838 2828 2871 2844 2806 2810 2807 2847 2784 2810 2879 2837 2824 2816 2803 2830 2794 2848 2838 2836 2824 2848 2837 2858 2802 2832 2852 2836 2810 2818 2810 2817 2834 2818 2822 2817 2804 2850 2797 2814 2803 2804 2837 2837 2805 2802 2773 2796 2841 2818 2822 2798 2850 2828 2838 2852 2818 2786 2802 2828 2798 2881 2770 2797 2838 2821 2836

Tree=0
num_leaves=31
num_cat=0
split_feature=15 9 15 14 8 14 14 8 8 15 13 8 3 8 15 14 11 10 13 14 8 6 8 7 7 7 7 14 11 6
split_gain=9254.04 585.423 293.861 248.904 393.005 107.007 101.425 81.9573 44.5482 30.606 34.2054 29.9992 29.9307 28.5333 25.2354 17.7665 16.603 16.4804 15.522 13.7732 13.5984 13.3542 104.762 56.7844 13.2334 12.7546 12.4614 10.8205 10.7865 9.78423
threshold=2647.1250000000005 1.0000000180025095e-35 2800.8750000000005 2674.1250000000005 4.5000000000000009 3475.3750000000005 2694.8750000000005 1.0000000180025095e-35 4.5000000000000009 2412.8750000000005 0.68274389090025245 4.5000000000000009 6.0894736842105264 1.0000000180025095e-35 2530.3750000000005 3107.8750000000005 -0.90531874877253482 -0.01397611846945947 0.47370525521770246 2612.8750000000005 5.5000000000000009 0.14473684210526319 4.5000000000000009 5.5000000000000009 15.500000000000002 20.500000000000004 16.500000000000004 2745.1250000000005 0.99024581825578073 342.05263157894746
decision_type=8 2 10 10 2 10 10 2 2 10 2 2 2 2 10 10 2 2 2 10 2 2 2 2 2 2 2 10 2 2
left_child=3 2 6 9 28 14 7 -2 27 21 -11 25 16 -12 -6 -13 -10 -15 -7 -9 -16 -1 23 -23 -22 -4 -18 -8 -5 -17
right_child=1 -3 11 4 5 18 8 19 12 10 13 15 -14 17 20 29 26 -19 -20 -21 24 22 -24 -25 -26 -27 -28 -29 -30 -31
leaf_value=2626.7125000000001 2663.2125000000001 2636.7249999999999 2691.8312500000002 2668.7874999999999 2642.7874999999999 2656.5374999999999 2660.6374999999998 2651.4124999999999 2665.0187500000002 2647.6312499999999 2671.1374999999998 2661.09375 2663.8249999999998 2642.0812500000002 2651.0625 2671.5875000000001 2653.7750000000001 2653.4000000000001 2661.8562499999998 2656.8375000000001 2653.7624999999998 2641.9812499999998 2627.6312499999999 2668.8499999999999 2658.2624999999998 2664.0812500000002 2659.2750000000001 2673.5374999999999 2676.7062500000002 2666.4124999999999
leaf_weight=3833 129 212 5290 195 699 65 47 154 42 576 45 72 93 68 106 203 71 61 42 56 40 48 664 72 41 96 49 265 40 81
leaf_count=3833 129 212 5290 195 699 65 47 154 42 576 45 72 93 68 106 203 71 61 42 56 40 48 664 72 41 96 49 265 40 81
internal_value=2657.25 2657.29 2657.29 2657.21 2657.23 2657.21 2657.27 2657.25 2657.28 2657.2 2657.21 2657.3 2657.26 2657.23 2657.21 2657.28 2657.25 2657.22 2657.26 2657.23 2657.23 2657.2 2657.21 2657.25 2657.24 2657.3 2657.24 2657.29 2657.29 2657.29
internal_weight=13455 6860 6648 6595 1228 993 906 339 567 5367 750 5742 255 174 886 356 162 129 107 210 187 4617 784 120 81 5386 120 312 235 284
internal_count=13455 6860 6648 6595 1228 993 906 339 567 5367 750 5742 255 174 886 356 162 129 107 210 187 4617 784 120 81 5386 120 312 235 284
is_linear=0
shrinkage=1


Tree=1
num_leaves=31
num_cat=0
split_feature=15 9 15 15 7 6 8 7 12 15 12 3 10 2 2 15 13 1 15 1 11 12 13 11 2 10 1 3 7 13
split_gain=9107.41 590.505 291.192 191.833 79.2368 55.2345 301.544 84.4117 51.9863 50.3868 33.1253 29.8587 29.5459 23.4699 23.1649 20.6351 28.6132 20.2586 18.7327 15.9498 24.3688 19.2504 14.4475 14.3905 13.1179 10.853 10.4151 9.99597 7.71941 7.63828
threshold=2647.1250000000005 1.0000000180025095e-35 2864.3750000000005 2530.3750000000005 3.5000000000000004 0.17105263157894737 4.5000000000000009 5.5000000000000009 -0.35846811432664222 2740.1250000000005 -0.49813403728436417 6.7671052631578945 0.022575936829235418 3.3315789473684227 0.090789473684210989 2423.1250000000005 0.8842148469408333 8.0635142543859661 3047.6250000000005 28.225054824561408 -0.72102888505294738 0.033323506451456063 0.21652658465572394 0.99138911339924218 11.98421052631579 -0.63255557784149707 11.765268640350881 8.0486842105263161 16.500000000000004 0.80800279670863706
decision_type=8 2 10 10 2 2 2 2 2 8 2 2 2 2 2 10 2 2 10 2 2 2 2 2 2 2 2 2 2 2
left_child=3 2 4 5 -2 15 7 -7 -6 11 22 14 -9 17 26 -1 -17 -12 29 20 -11 -22 -5 -20 27 -15 -10 -8 -13 -4
right_child=1 -3 18 10 8 6 24 12 9 19 13 28 -14 25 -16 16 -18 -19 23 -21 21 -23 -24 -25 -26 -27 -28 -29 -30 -31
leaf_value=-28.148125000000007 -8.8706249999999951 -21.086249999999996 13.577187499999992 -1.9503124999999955 8.2018749999999958 -10.752812499999994 -21.956562499999997 7.6559375000000047 -0.81437499999999552 -1.1884375000000091 -0.82421875 1.4337500000000092 19.123125000000005 -4.3531250000000004 2.515625 -9.4565624999999951 -0.32687499999999547 -7.1731249999999935 36.227187499999992 26.258124999999996 0.19578125000000457 6.9334374999999913 2.5321875000000094 9.9396874999999909 -4.0331249999999956 2.1118750000000093 -4.495624999999996 -12.076874999999996 4.3037500000000026 14.670937499999992
leaf_weight=3984 41 219 850 102 429 68 1214 45 45 77 62 47 117 43 102 357 49 290 4360 128 54 243 83 74 40 51 74 102 46 113
leaf_count=3984 41 219 850 102 429 68 1214 45 45 77 62 47 117 43 102 357 49 290 4360 128 54 243 83 74 40 51 74 102 46 113
internal_value=-0.000196151 0.0399681 0.0426167 -0.0421535 0.0212121 -0.0449222 -0.036862 0.0160173 0.0234751 0.0160343 -0.0159019 0.00031746 0.0355828 -0.0232662 -0.00968468 -0.0478251 -0.036855 -0.0291785 0.0477121 0.0258449 0.0205333 0.0270134 0.00188172 0.0491094 -0.0458364 -0.00105263 -0.0245833 -0.046697 0.0239362 0.0412344
internal_weight=13509 6902 6683 6607 1286 5976 1586 230 1245 816 631 314 162 446 221 4390 406 352 5397 502 374 297 185 4434 1356 94 119 1316 93 963
internal_count=13509 6902 6683 6607 1286 5976 1586 230 1245 816 631 314 162 446 221 4390 406 352 5397 502 374 297 185 4434 1356 94 119 1316 93 963
is_linear=0
shrinkage=0.05


Tree=2
num_leaves=31
num_cat=0
split_feature=15 9 15 15 12 6 8 7 2 0 10 10 15 12 2 15 12 10 11 10 11 12 10 8 7 7 8 8 2 10
split_gain=8836.48 544.854 309.01 205.164 66.2017 50.7516 293.19 69.9829 45.5893 44.6054 37.2211 42.536 34.3546 34.2731 30.5411 26.2409 22.9436 23.5918 19.7016 19.5766 29.2279 25.0738 18.2512 16.8847 29.1098 14.7562 14.5344 13.8709 12.9732 11.5867
threshold=2647.1250000000005 1.0000000180025095e-35 2828.1250000000005 2440.3750000000005 -0.40614512594453095 0.14473684210526319 4.5000000000000009 5.5000000000000009 3.6421052631578967 13.07763157894737 -0.91597725483594616 0.61237135649459018 2968.6250000000005 0.68589359117003446 2.8578947368421059 2740.1250000000005 0.033323506451456063 0.79904096188274243 0.99138911339924218 0.10837544681456425 0.96633974041180493 -0.93545056548590078 0.022575936829235418 4.5000000000000009 14.500000000000002 16.500000000000004 4.5000000000000009 4.5000000000000009 9.2684210526315809 -0.022576249993022688
decision_type=8 2 10 10 2 2 2 2 2 2 2 2 10 2 2 10 2 2 2 2 2 2 2 2 2 2 2 2 2 2
left_child=3 2 4 5 -2 -1 7 -7 9 16 -5 13 26 14 19 27 -6 -18 -14 21 -21 -12 -9 -10 -25 -3 -4 -11 -15 -28
right_child=1 25 12 10 8 6 -8 22 23 15 11 -13 18 28 -16 -17 17 -19 -20 20 -22 -23 -24 24 -26 -27 29 -29 -30 -31
leaf_value=-26.646968749999999 6.3733437499999814 -27.700687500000004 11.074265624999999 -6.9854062500000058 -2.2561914062500024 -11.298921874999998 -21.512640624999996 9.2278281249999967 46.360218750000016 -2.1004999999999998 0.6022031250000055 -8.1016015625000026 32.847078124999989 -7.4087187500000029 5.3356250000000047 1.2101249999999937 5.3736406250000073 0.022906250000005457 9.6114531249999811 -3.5587343749999949 20.739468750000015 -6.8246328124999884 17.616968750000002 -3.6793281250000067 8.8981562499999995 -7.9319375000000036 3.6664531249999985 -9.7145624999999995 -0.070468749999986355 8.245671874999994
leaf_weight=4004 319 164 607 167 54 56 1152 42 119 98 72 276 4767 251 78 86 151 87 79 65 52 240 109 51 40 55 103 62 41 70
leaf_count=4004 319 164 607 167 54 56 1152 42 119 98 72 276 4767 251 78 86 151 87 79 65 52 240 109 51 40 55 103 62 41 70
internal_value=3.69877e-06 0.0395197 0.0420601 -0.0413488 0.0173689 -0.045591 -0.0371691 0.0175481 0.00921228 0.00148423 -0.0230088 -0.0195632 0.0467389 -0.0136875 -0.00580709 -0.01417 0.0146758 0.0213389 0.0483185 -0.0110465 0.00635593 -0.0175719 0.0351974 0.02891 0.0125 -0.0379545 0.0368758 -0.026087 -0.0273038 0.0238506
internal_weight=13517 6912 6693 6605 1067 5363 1359 207 748 538 1242 1075 5626 799 507 246 292 238 4846 429 117 312 151 210 91 219 780 160 292 173
internal_count=13517 6912 6693 6605 1067 5363 1359 207 748 538 1242 1075 5626 799 507 246 292 238 4846 429 117 312 151 210 91 219 780 160 292 173
is_linear=0
shrinkage=0.05


Tree=3
num_leaves=31
num_cat=0
split_feature=15 14 15 11 14 14 15 10 12 14 13 11 1 10 6 13 14 15 12 12 0 1 6 15 1 3 14 6 13 11
split_gain=8688.89 290.613 282.704 116.948 112.519 95.7104 70.9203 57.4698 56.4156 49.4888 35.6996 32.17 28.8465 26.7829 26.3348 44.705 45.2902 23.9918 24.6032 33.3229 20.8654 19.4884 21.3828 19.2734 18.1651 16.1182 15.8311 14.9002 14.3704 14.1598
threshold=2647.1250000000005 2603.2500000000005 2828.1250000000005 0.99138911339924218 3528.3750000000005 2684.8750000000005 2530.3750000000005 -0.03977009085991149 -0.35846811432664222 2923.3750000000005 -0.51850034946736112 -0.28519997588938989 22.322998903508775 0.83849049182116964 0.14473684210526319 0.68274389090025245 2300.2500000000005 3303.3750000000005 -0.86976336936302323 -0.83377653105606597 25.138157894736846 24.060690789473689 106.02631578947371 1895.1250000000002 6.2878015350877208 8.6986842105263182 2774.5000000000005 0.14473684210526319 0.47370525521770246 -0.68432604233786842
decision_type=8 10 10 2 10 10 10 2 2 10 2 2 2 2 2 2 8 10 2 2 2 2 2 10 2 2 10 2 2 2
left_child=1 14 5 9 6 8 10 25 -2 11 -3 17 23 -7 -1 -16 -17 18 -4 -20 29 22 -8 -12 -25 -5 27 -14 -6 -10
right_child=2 4 3 7 28 13 21 -9 20 -11 12 -13 26 -15 15 16 -18 -19 19 -21 -22 -23 -24 24 -26 -27 -28 -29 -30 -31
leaf_value=-24.208370312500008 5.026239062499986 -13.557767578124993 9.5602476562499881 -13.070980078125013 3.161872265625016 6.4646593749999965 -0.3773738281249962 10.821177343749993 -6.2813812500000044 31.023474218749996 2.0291296874999944 23.923474218749995 -0.63974062500000173 0.042596875000003823 -24.283102343749988 10.157995312499999 -15.45208671874998 39.354724218749993 -5.6219031249999949 7.9521593749999973 6.7938890625000115 1.9348859375000076 -7.5688390625000013 -2.1725890625000033 -10.984664843749989 -0.81911953125002135 0.66667187499999736 -13.674762890624994 11.412396093750012 -2.2743109375000019
leaf_weight=4307 116 302 162 50 47 611 144 75 85 4098 41 814 40 88 678 65 101 157 49 329 43 98 73 54 390 49 107 44 60 138
leaf_count=4307 116 302 162 50 47 611 144 75 85 4098 41 814 40 88 678 65 101 157 49 329 43 98 73 54 390 49 107 44 60 138
internal_value=0.000122987 -0.0410638 0.0394319 0.0438192 -0.0208423 0.0159427 -0.0249227 0.00342857 -0.00417755 0.0450713 -0.0315628 0.0372685 -0.0251108 0.0269286 -0.0465547 -0.0383432 -0.0149701 0.029298 0.0242144 0.0171504 -0.0168539 -0.00427215 -0.0126147 -0.0315844 -0.0346067 -0.0215 -0.00859375 -0.0247059 0.0282407 -0.0229911
internal_weight=13415 6551 6864 5783 1400 1081 1293 174 382 5609 978 1511 676 699 5151 844 166 697 540 378 266 315 217 485 444 99 191 84 107 223
internal_count=13415 6551 6864 5783 1400 1081 1293 174 382 5609 978 1511 676 699 5151 844 166 697 540 378 266 315 217 485 444 99 191 84 107 223
is_linear=0
shrinkage=0.05


Tree=4
num_leaves=31
num_cat=0
split_feature=15 9 15 15 12 6 11 10 12 2 3 10 15 11 1 0 15 11 11 0 15 10 1 15 11 2 12 12 1 10
split_gain=8399.99 525.411 293.784 215.149 70.3051 49.1911 65.3507 39.5733 34.5637 31.7319 51.9032 32.9107 30.6658 28.8506 28.9974 25.2566 23.038 21.369 20.4939 19.5807 19.0393 17.6458 15.6677 15.2168 14.3073 13.5326 12.2086 9.72332 9.07527 9.06845
threshold=2647.1250000000005 1.0000000180025095e-35 2881.5000000000005 2440.3750000000005 -0.39036798905311365 0.14473684210526319 0.95436825032516992 0.022575936829235418 -0.48971288843577082 4.2907894736842112 6.7671052631578945 0.039769539193789977 3108.1250000000005 -0.98372925196996197 7.0808936403508786 22.061842105263164 2740.1250000000005 0.99138911339924218 -0.99168640063982161 28.623684210526321 2558.3750000000005 -0.8041866928211282 5.2020285087719307 2769.3750000000005 -0.96904977397942549 10.531578947368425 0.20391355282604834 -0.95753797188986722 8.6816885964912291 0.039769539193789977
decision_type=8 2 10 10 2 2 2 2 2 2 2 2 10 2 2 2 10 2 2 2 10 2 2 8 2 2 2 2 2 2
left_child=3 2 4 5 -2 18 25 -8 15 10 16 -12 24 -10 -15 20 -6 -14 -1 -16 27 -18 -20 -11 -4 -7 -3 -5 -13 -23
right_child=1 26 12 8 9 6 7 -9 13 23 11 28 17 14 19 -17 21 -19 22 -21 -22 29 -24 -25 -26 -27 -28 -29 -30 -31
leaf_value=-5.649667539062512 6.5465767968749908 -22.123331044921873 8.8942106640625074 -0.60373851562499115 -2.3297439062500191 -18.813026464843734 -20.160665976562473 12.731345546874991 4.114981015624994 3.4215146875000073 -2.3177241796875023 8.495147500000007 32.903550507812497 -0.030659023437499402 -7.2393881835937464 10.154724062499998 4.8459124218750054 5.9218364453124881 -14.19795179687501 -0.16368960937497834 0.69291513671875016 -2.2101403125000161 -24.51045179687501 28.718974843750019 11.762191132812497 -5.3292812695312364 -11.291100957031245 -4.9224237890624867 2.2373506250000221 2.6159904687500104
leaf_weight=44 448 168 40 61 221 1184 41 74 45 65 42 97 4019 78 669 42 51 69 78 53 110 89 3867 153 1137 42 46 135 94 78
leaf_count=44 448 168 40 61 221 1184 41 74 45 65 42 97 4019 78 669 42 51 69 78 53 110 89 3867 153 1137 42 46 135 94 78
internal_value=2.24871e-05 0.038831 0.041331 -0.0405349 0.0203883 -0.0448321 -0.0364754 -0.000431034 -0.0213149 0.0122334 0.00683507 0.0258547 0.0466483 -0.026773 -0.0289638 -0.00802292 -0.00329545 0.0487161 -0.0476316 -0.0320885 -0.0130293 0.00821918 -0.0480106 0.0287671 0.0394312 -0.0398533 -0.0381395 -0.022335 0.0346354 0.000297619
internal_weight=13340 6817 6603 6523 1338 5330 1341 115 1193 890 672 233 5265 845 800 348 439 4088 3989 722 306 218 3945 218 1177 1226 214 196 191 167
internal_count=13340 6817 6603 6523 1338 5330 1341 115 1193 890 672 233 5265 845 800 348 439 4088 3989 722 306 218 3945 218 1177 1226 214 196 191 167
is_linear=0
shrinkage=0.05


Tree=5
num_leaves=31
num_cat=0
split_feature=15 9 14 15 14 14 12 15 13 7 15 15 10 10 15 12 6 11 15 11 7 13 6 14 7 14 11 13 14 13
split_gain=8328.91 508.67 310.033 295.552 140.161 130.556 78.5064 66.7065 39.5839 30.3523 29.8804 25.8161 22.7007 24.775 29.7142 22.0742 26.4802 20.6603 20.4447 23.2452 20.3624 19.2267 17.9009 28.4069 14.7391 13.9124 13.9756 13.3453 13.2143 12.374
threshold=2647.1250000000005 1.0000000180025095e-35 2567.1250000000005 2949.5000000000005 3466.2500000000005 2754.2500000000005 -0.39036798905311365 2530.3750000000005 -0.5074255885747686 3.5000000000000004 2340.1250000000005 2740.1250000000005 -0.77245553105869302 0.80417553764032002 2412.8750000000005 -0.33324245164869215 20.434210526315791 0.99138911339924218 3160.5000000000005 -0.97874870457683594 5.5000000000000009 0.6952237066490784 0.48684210526315791 2239.1250000000005 15.500000000000002 2952.3750000000005 -0.60555643346685839 0.47370525521770246 2663.5000000000005 0.99731940924863693
decision_type=8 2 10 10 10 10 2 10 2 2 10 8 2 2 10 2 2 2 10 2 2 2 2 10 2 10 2 2 10 2
left_child=2 3 10 5 7 6 -2 8 -4 -8 29 15 -10 14 21 -7 -17 18 19 -5 -9 -14 -12 -24 -22 26 -21 -6 -26 -1
right_child=1 -3 4 17 27 11 9 20 12 -11 22 -13 13 -15 -16 16 -18 -19 -20 25 24 -23 23 -25 28 -27 -28 -29 -30 -31
leaf_value=-24.647429207031269 5.2839350273437393 -17.580486025878894 -12.647375141601538 8.8143087246093845 2.6213994970703198 6.5678647539062585 -7.6415124921875082 2.5356107568359452 0.052472804199237548 -0.54086583203126115 -8.0750297119140679 8.7642892460937443 -12.851030278320287 5.300025502929703 -1.930811215820313 5.1144511015624863 -2.0217168720703174 8.3937297792968373 32.46712298242187 7.0388044863281269 -5.3639395917968615 -9.5373644804687512 0.52554256347655159 -11.892928989257825 -2.5564376689452959 16.003156966796872 11.596397318359369 9.6332847607421979 0.86984520019532285 -27.959929207031269
leaf_weight=4122 232 217 349 42 70 78 41 47 82 360 742 849 251 50 206 73 90 82 3756 130 125 163 57 107 50 662 268 70 131 101
leaf_count=4122 232 217 349 42 70 78 41 47 82 360 742 849 251 50 206 73 90 82 3756 130 125 163 57 107 50 662 268 70 131 101
internal_value=-0.000393267 0.0382793 -0.0399688 0.0407338 -0.0206897 0.0228828 0.00481073 -0.0252921 -0.0313521 -0.00858209 -0.0459552 0.0333639 -0.024834 -0.0278689 -0.0305958 0.0188017 0.00823171 0.0469541 0.047376 0.0412511 -0.00635593 -0.0383133 -0.0375965 -0.0224242 -0.0110749 0.0426956 0.0350877 0.0269504 -0.00192308 -0.0477391
internal_weight=13603 6880 6723 6663 1594 1723 633 1454 1101 401 5129 1090 752 670 620 241 163 4940 4858 1102 353 414 906 164 306 1060 398 140 181 4223
internal_count=13603 6880 6723 6663 1594 1723 633 1454 1101 401 5129 1090 752 670 620 241 163 4940 4858 1102 353 414 906 164 306 1060 398 140 181 4223
is_linear=0
shrinkage=0.05


Tree=6
num_leaves=31
num_cat=0
split_feature=15 9 15 14 14 14 15 12 13 6 13 14 14 11 15 15 0 14 6 13 12 13 6 1 14 13 7 11 15 0
split_gain=8006.55 513.633 310.813 287.922 130.775 110.911 68.2975 61.3238 37.3659 31.1083 44.3509 28.2988 27.0172 28.7821 30.9403 26.5892 25.5834 23.9205 23.3056 28.9927 21.2047 20.7201 19.6247 18.8436 17.6261 17.5581 16.756 16.3724 15.21 13.8288
threshold=2647.1250000000005 1.0000000180025095e-35 2929.1250000000005 2536.1250000000005 2754.2500000000005 3466.2500000000005 2512.8750000000005 -0.39036798905311365 -0.54220090575550783 0.14473684210526319 0.68274389090025245 2254.6250000000005 2942.6250000000005 -0.60555643346685839 3365.1250000000005 2740.1250000000005 8.7210526315789512 1940.3750000000002 0.14473684210526319 -0.19337602734302625 -0.35846811432664222 0.71503753411753179 23.013157894736846 24.311842105263164 2393.2500000000005 0.6952237066490784 5.5000000000000009 -0.52765736634565841 1775.8750000000002 25.722368421052636
decision_type=8 2 10 10 10 10 10 2 2 2 2 10 10 2 10 8 2 10 2 2 2 2 2 2 10 2 2 2 10 2
left_child=3 2 4 9 7 6 8 -2 -5 24 17 -12 13 14 -4 20 -9 28 21 27 -6 -10 -22 26 -1 -7 -8 -20 -11 -18
right_child=1 -3 12 5 15 25 23 16 18 10 11 -13 -14 -15 -16 -17 29 -19 19 -21 22 -23 -24 -25 -26 -27 -28 -29 -30 -31
leaf_value=-22.627557746679713 4.2410363355468688 -16.701461724584941 6.0678527971679621 -11.433427146240206 6.9779090162109476 1.0123461872558666 1.0607101896972608 3.1114787291015547 -6.1548776931152593 -39.75217444296873 9.5599986481933694 -14.277703372802717 27.735016833300779 21.058766833300798 36.162204333300771 7.8029134556640658 -2.8693079896484392 -21.371036948413053 2.1572137377197351 -9.5923236354980315 3.7783550699219064 0.4345590100097525 -1.9206310284668122 1.2320680119628833 -6.9599965270996336 12.84948759301758 -3.2580886245117315 -12.932137971435521 -4.0632345646972681 2.7528432212890608
leaf_weight=3755 226 227 212 359 75 76 43 65 125 40 59 73 3767 890 114 787 250 526 87 390 72 105 90 98 425 61 268 62 67 42
leaf_count=3755 226 227 212 359 75 76 43 65 125 40 59 73 3767 890 114 787 250 526 87 390 72 105 90 98 425 61 268 62 67 42
internal_value=-0.000386991 0.037643 0.0401912 -0.0395544 0.021051 -0.0216119 -0.0254551 0.00214041 -0.0317981 -0.0456227 -0.0362272 -0.00977444 0.0463583 0.0397699 0.0269113 0.0318049 -0.0107542 -0.0417192 -0.0255195 -0.0312037 0.0170168 -0.0121212 0.00674847 -0.00792683 -0.0473332 0.0213768 -0.0139423 -0.0123333 -0.0199074 -0.0170648
internal_weight=13436 6817 6590 6619 1607 1674 1537 583 1128 4945 765 132 4983 1216 326 1024 357 633 769 539 237 230 162 409 4180 137 311 149 107 292
internal_count=13436 6817 6590 6619 1607 1674 1537 583 1128 4945 765 132 4983 1216 326 1024 357 633 769 539 237 230 162 409 4180 137 311 149 107 292
is_linear=0
shrinkage=0.05


Tree=7
num_leaves=31
num_cat=0
split_feature=15 9 15 15 12 13 15 0 7 11 10 12 7 15 11 7 10 10 1 11 13 10 0 7 15 13 0 1 12 1
split_gain=7817.88 501.43 386.998 194.083 82.3155 66.7487 58.6112 37.5985 30.3703 49.0418 36.7648 30.0864 28.7616 25.0015 24.4173 24.3535 24.1115 24.0079 27.8758 23.2837 20.2261 55.0869 18.9923 17.3949 15.1329 14.7716 14.2362 19.7705 21.355 13.6427
threshold=2614.6250000000005 1.0000000180025095e-35 2949.5000000000005 2340.1250000000005 -0.42180583328916638 0.67008729192674277 2740.1250000000005 24.246052631578952 4.5000000000000009 0.95691861501572195 0.10837544681456425 -0.79384350655589164 4.5000000000000009 3254.3750000000005 -0.60555643346685839 14.500000000000002 -0.099819732675876835 0.022575936829235418 7.1933662280701762 0.99138911339924218 0.88917497572200743 0.022575936829235418 10.082894736842109 15.500000000000002 2538.1250000000005 -0.63090078682092632 25.306578947368426 9.4626096491228093 0.38044714639866822 25.556825657894745
decision_type=8 2 10 10 2 2 8 2 2 2 2 2 2 10 2 2 2 2 2 2 2 2 2 2 10 2 2 2 2 2
left_child=3 2 4 8 -2 11 25 17 -1 -10 -11 -5 -8 14 16 -12 -4 29 -19 -15 26 23 -20 -22 -13 -6 27 -14 -29 -7
right_child=1 -3 13 5 6 7 12 -9 9 10 15 24 20 19 -16 -17 -18 18 22 -21 21 -23 -24 -25 -26 -27 -28 28 -30 -31
leaf_value=-23.683679859345741 7.144779195510262 -16.440858658375237 5.5461859260351396 -2.7492257131530553 -2.0661186397656368 -6.9474806851196496 -4.1659714680957221 4.4834174657593167 -17.802372595548082 -19.746179859345741 10.113195140654263 -7.3353248257446468 6.8454844615918091 32.535765991635735 14.150899126401363 -6.4336798593457392 14.998532261166998 16.800156840759268 -8.080158160021961 4.3112135424169651 -5.4683805862597525 19.42923184440431 -0.22903575299073964 0.71970705045898742 -3.6477243594116318 0.42183018327148147 23.54827334928714 4.507928772202149 0.69287549186524311 -0.58501515405273496
leaf_weight=2463 652 239 210 278 119 163 47 77 2043 151 57 751 84 3205 1192 41 253 59 43 64 44 54 75 49 229 319 191 87 219 50
leaf_count=2463 652 239 210 278 119 163 47 77 2043 151 57 751 84 3205 1192 41 253 59 43 64 44 54 75 49 229 319 191 87 219 50
internal_value=-0.000244282 0.0362783 0.038785 -0.039855 0.019373 -0.0254635 0.0116557 -0.00929487 -0.0450694 -0.0408635 -0.0198 -0.0314535 0.0199098 0.046132 0.0410326 0.0040404 0.0311422 -0.015601 -0.00196629 0.0487003 0.0223594 0.00574324 -0.0159664 -0.0175532 -0.0355759 -0.00296128 0.0265464 0.0209719 0.0149837 -0.0268692
internal_weight=13508 7028 6789 6480 1865 1725 1213 467 4755 2292 249 1258 775 4924 1655 98 463 390 177 3269 728 147 118 93 980 438 581 390 306 213
internal_count=13508 7028 6789 6480 1865 1725 1213 467 4755 2292 249 1258 775 4924 1655 98 463 390 177 3269 728 147 118 93 980 438 581 390 306 213
is_linear=0
shrinkage=0.05


Tree=8
num_leaves=31
num_cat=0
split_feature=15 15 15 11 8 8 7 0 13 1 7 15 6 8 10 11 8 15 11 8 0 10 11 1 11 10 13 11 7 0
split_gain=7638.96 360.328 230.017 141.91 89.5773 59.5183 59.3763 54.7114 52.8972 49.0676 48.0978 41.3071 40.0014 344.135 36.5912 32.4241 32.081 31.0762 30.2472 30.1943 28.6557 32.8814 50.6845 20.5814 16.0775 16.0725 22.4739 15.252 14.3537 13.6036
threshold=2614.6250000000005 3016.7500000000005 2333.6250000000005 0.99138911339924218 4.5000000000000009 1.5000000000000002 4.5000000000000009 10.409210526315793 0.70747208174348741 26.64771910919541 20.500000000000004 2530.3750000000005 16.736842105263161 4.5000000000000009 0.82899317702918729 0.99349222267034787 3.5000000000000004 3365.1250000000005 -0.32613736746952143 5.5000000000000009 21.794736842105269 0.10837544681456425 0.96633974041180493 9.9100328947368457 0.6174544326165855 -0.8041866928211282 0.5475998096715059 0.98332250088165762 14.500000000000002 11.625000000000002
decision_type=8 10 10 2 2 2 2 2 2 2 2 10 2 2 2 2 2 10 2 2 2 2 2 2 2 2 2 2 2 2
left_child=2 4 12 17 6 -5 -2 27 11 29 14 -4 -1 -14 15 -8 -16 18 25 20 21 -10 -23 -12 -13 -3 -27 -6 -11 -9
right_child=1 3 8 5 7 -7 10 9 19 28 23 24 13 -15 16 -17 -18 -19 -20 -21 -22 22 -24 -25 -26 26 -28 -29 -30 -31
leaf_value=-20.893561229568334 -2.3576728946909271 22.040721035315666 -6.5691991858038596 8.1930442715460909 4.954525859448939 -9.6961603573601458 9.3171279298469241 0.78405328174793576 -7.0332149263189878 -0.045339535134735348 3.8994588918325466 -3.4969087022314511 15.748325148299148 -18.570687661616628 5.2890049067495744 0.061839132971908843 -1.0371749975261082 34.877727692053945 16.307057739661367 -4.9172898626800592 4.1643785707672238 -5.0345877467010727 30.071539161953709 -0.56036521856788113 0.20471072677950133 5.9696095766486792 19.215227692053944 -0.56691597730807641 7.5033534318227799 -5.0009449645483528
leaf_weight=3745 87 124 994 61 196 75 969 50 122 67 75 272 126 826 238 61 81 2618 1284 121 90 43 61 139 86 386 226 45 79 220
leaf_count=3745 87 124 994 61 196 75 969 50 122 67 75 272 126 826 238 61 81 2618 1284 121 90 43 61 139 86 386 226 45 79 220
internal_value=-1.84257e-05 0.0358868 -0.0392169 0.0437277 0.019649 -0.00656934 0.0258631 0.00402736 -0.0239385 -0.00695444 0.028101 -0.0288248 -0.0450298 -0.0357817 0.0315926 0.0361785 0.0167188 0.0452037 0.040475 -0.00878995 -0.000630915 -0.0101322 0.0104762 0.00604651 -0.0142061 0.0322931 0.0288744 0.0229339 0.0163265 -0.0195572
internal_weight=13567 7081 6486 4774 2307 136 1650 657 1789 416 1563 1352 4697 952 1349 1030 319 4638 2020 437 316 226 104 214 358 736 612 241 146 270
internal_count=13567 7081 6486 4774 2307 136 1650 657 1789 416 1563 1352 4697 952 1349 1030 319 4638 2020 437 316 226 104 214 358 736 612 241 146 270
is_linear=0
shrinkage=0.05


Tree=9
num_leaves=31
num_cat=0
split_feature=15 9 15 14 8 14 8 8 14 14 14 8 15 8 14 7 14 15 14 14 12 13 14 13 0 14 8 7 0 8
split_gain=7238.89 482.629 395.569 302.019 325.636 150.321 105.5 95.6176 90.6853 71.2365 47.3378 74.0683 47.225 39.5228 38.4 64.3031 32.5827 32.1422 28.6095 27.7472 21.8812 20.5061 19.1231 18.8513 18.3339 17.9856 17.9285 17.114 14.7617 12.357
threshold=2614.6250000000005 1.0000000180025095e-35 2949.5000000000005 2528.1250000000005 4.5000000000000009 2754.2500000000005 4.5000000000000009 1.5000000000000002 3466.2500000000005 2663.5000000000005 3039.1250000000005 1.0000000180025095e-35 2259.2500000000005 1.0000000180025095e-35 3590.5000000000005 15.500000000000002 2933.1250000000005 2364.6250000000005 2196.3750000000005 2674.1250000000005 -0.32614396506100213 0.97009571160424379 3159.3750000000005 -0.19337602734302625 25.722368421052636 2509.8750000000005 4.5000000000000009 19.500000000000004 18.567105263157902 5.5000000000000009
decision_type=8 2 10 10 2 10 2 2 10 10 10 2 10 2 10 2 10 10 10 10 2 2 10 2 2 10 2 2 2 2
left_child=3 2 5 12 9 7 -7 20 17 -5 11 -4 -1 18 15 -8 25 -6 27 -9 -2 -15 29 -19 -25 -13 -12 -14 -27 -17
right_child=1 -3 10 4 8 6 14 19 -10 -11 26 16 13 21 -16 22 -18 23 -20 -21 -22 -23 -24 24 -26 28 -28 -29 -30 -31
leaf_value=-21.473883168089927 6.1550373334001058 -15.373237498940341 21.707797723869703 -0.33114802365890911 -12.571318847442468 8.990376782081773 -4.4281700720058783 -5.3833895493387223 2.5141235185129975 12.875180355574129 25.852591307451235 11.76565588594616 -1.5609157146764119 -8.5109151418284572 6.5946254949554488 -0.93489566826197013 6.9985664491138326 -5.5781524594445502 4.5837098208625546 -0.024011024472633837 0.86236144969566342 -5.83529255833189 5.0231639732039639 -4.1322710615778195 0.93032419772328012 3.7011270305713881 7.052885214869173 -5.1170736335241607 -0.74847046099539516 3.0125855864089091
leaf_weight=3607 166 230 870 188 558 704 117 197 92 204 3347 54 76 948 147 63 227 237 40 102 189 73 75 236 54 133 156 81 128 95
leaf_count=3607 166 230 870 188 558 704 117 197 92 204 3347 54 76 948 147 63 227 237 40 102 189 73 75 236 54 133 156 81 128 95
internal_value=5.22583e-05 0.0351807 0.0376015 -0.038405 -0.0193312 0.0179149 0.028411 -0.00137405 -0.0324703 0.0201018 0.0450264 0.0372258 -0.0446022 -0.0360131 0.010743 0.0017094 0.0226519 -0.0365101 -0.015404 -0.0221667 0.0161517 -0.0399706 0.0168803 -0.0275568 -0.0189003 0.0121835 0.0481592 -0.025 0.00667939 0.00691824
internal_weight=13394 7000 6770 6394 1569 1855 1201 654 1177 392 4915 1412 4825 1218 497 350 542 1085 197 299 355 1021 233 527 290 315 3503 157 261 158
internal_count=13394 7000 6770 6394 1569 1855 1201 654 1177 392 4915 1412 4825 1218 497 350 542 1085 197 299 355 1021 233 527 290 315 3503 157 261 158
is_linear=0
shrinkage=0.05


Tree=10
num_leaves=31
num_cat=0
split_feature=15 9 14 15 14 15 14 12 15 12 14 6 1 15 10 10 14 1 1 11 14 6 5 6 14 12 1 7 1 10
split_gain=7249.22 402.66 389.338 259.396 118.773 90.7353 74.8937 61.778 60.6607 39.4674 33.6929 33.2103 29.1558 26.5317 25.1143 35.1227 24.0481 23.8221 23.6358 22.0325 21.7294 21.5795 19.9542 19.7681 18.2927 17.5598 14.1552 14.0889 29.7965 12.9119
threshold=2688.7500000000005 1.0000000180025095e-35 2528.1250000000005 3027.1250000000005 2764.3750000000005 2448.3750000000005 3400.3750000000005 -0.39036798905311365 2364.6250000000005 -0.90893575921103265 3068.1250000000005 118.75000000000001 22.254413377192986 2838.8750000000005 0.022575936829235418 -0.70291267844185523 2867.8750000000005 24.522642543859654 6.597807017543861 0.94636490295939868 2674.1250000000005 424.59210526315798 6.3390931440443206 113.48684210526318 2536.1250000000005 -0.88622299073327826 28.225054824561408 4.5000000000000009 5.925932017543861 0.10837544681456425
decision_type=8 2 10 10 10 10 10 2 10 2 10 2 2 8 2 2 10 2 2 2 10 2 2 2 10 2 2 2 2 2
left_child=2 3 8 4 7 6 12 24 27 -7 20 17 18 25 15 -9 23 19 -4 -11 26 -10 -16 -14 -2 -6 -5 -1 -29 -21
right_child=1 -3 5 10 13 9 -8 14 21 11 -12 -13 16 -15 22 -17 -18 -19 -20 29 -22 -23 -24 -25 -26 -27 -28 28 -30 -31
leaf_value=-20.524873646495553 7.052380937114231 -13.856793801296215 -2.7541638324095405 19.902494167856915 8.3813993700284524 2.6935723752995275 7.4230854445990877 1.7565139087922716 -6.2179215624117665 -1.6147242648029989 24.850504852491284 -4.4389461067185492 -1.591628878503218 7.5463597461375347 -0.21676268727164827 -4.4186232999887354 2.3084189870052798 2.651051773430686 -10.596116071979077 -1.142348791788993 7.8160989850587272 1.8637836296036996 5.7198419209022866 -8.6964157649478473 1.0147828219291568 3.3192769890826415 5.5879589545880437 -3.5904986464955528 -16.516527876432747 8.6777119175784723
leaf_weight=2462 171 210 57 723 87 106 63 85 691 309 3213 309 78 820 83 167 63 100 621 46 530 43 41 72 83 368 40 60 1651 44
leaf_count=2462 171 210 57 723 87 106 63 85 691 309 3213 309 78 820 83 167 63 100 621 46 530 43 41 72 83 368 40 60 1651 44
internal_value=-0.000470255 0.0367336 -0.0368285 0.038966 0.0234785 -0.017389 -0.0281675 0.00570523 -0.0442237 -0.00612022 0.045507 -0.00988875 -0.0318946 0.0322492 -0.0071618 -0.0162055 -0.0156542 -0.0019 -0.0369661 -0.007375 0.0386012 -0.0308844 0.0112 -0.0264901 0.0247059 0.0224781 0.0440445 -0.0465621 -0.0429614 0.0142857
internal_weight=13396 6621 6775 6411 1905 1868 954 630 4907 914 4506 808 891 1275 376 252 213 499 678 399 1293 734 124 150 254 455 763 4173 1711 90
internal_count=13396 6621 6775 6411 1905 1868 954 630 4907 914 4506 808 891 1275 376 252 213 499 678 399 1293 734 124 150 254 455 763 4173 1711 90
is_linear=0
shrinkage=0.05


Tree=11
num_leaves=31
num_cat=0
split_feature=14 6 14 14 9 9 7 14 1 13 12 13 1 14 7 14 7 14 11 3 14 2 12 14 12 7 11 12 14 7
split_gain=4596.17 842.943 391.423 287.065 106.159 86.3157 57.8962 54.5112 68.3104 51.657 48.6107 41.1034 46.3768 36.9379 36.7432 32.7865 28.2336 27.6293 23.4749 26.8793 27.8763 24.6934 22.9974 22.698 22.5584 22.4839 18.925 18.3353 22.6376 17.6809
threshold=2783.5000000000005 1.0000000180025095e-35 2468.3750000000005 3236.7500000000005 1.0000000180025095e-35 1.0000000180025095e-35 15.500000000000002 2384.1250000000005 12.970120614035089 -0.57606379612791392 -0.72696319516528884 0.42763731121559989 27.204495614035093 2294.3750000000005 16.500000000000004 2612.8750000000005 5.5000000000000009 3455.1250000000005 0.99611390731392835 5.0250000000000004 2536.1250000000005 8.7118421052631625 -0.58482091572441486 3039.1250000000005 -0.72696319516528884 6.5000000000000009 -0.78858226040708135 -0.29343379936893921 2247.1250000000005 15.500000000000002
decision_type=10 2 8 10 2 2 2 8 2 2 2 2 2 10 2 8 2 10 2 2 10 2 2 10 2 2 2 2 10 2
left_child=1 2 13 5 7 6 11 8 -3 14 -10 12 26 -1 -9 -4 -12 29 19 21 -21 -11 -18 -8 -7 -13 -2 -24 -29 -5
right_child=3 4 15 17 -6 24 23 9 10 18 16 25 -14 -15 -16 -17 22 -19 -20 20 -22 -23 27 -25 -26 -27 -28 28 -30 -31
leaf_value=-18.492379964170777 11.718156670275699 17.380062842110124 -2.3231102122250604 15.580591668704598 -19.034786961292379 -28.95962128522067 3.9678074935443877 -12.684199030463697 -7.5909891633838136 -3.3166895940115184 -11.723835417252008 4.1651233372856158 -1.8137119937519401 -6.4093432656332201 1.7628989601559171 0.17123082793243613 15.914422710484565 32.179936499454108 -7.3489345957354324 41.42338921286494 3.9057559577921555 19.515119296389116 -14.859199030463698 8.6009949504054823 -0.29702281105733164 -3.2707483937721467 5.8100912767824759 13.924847250377139 4.1336660537462881 14.815213340335459
leaf_weight=3485 70 292 504 890 144 51 667 173 392 397 65 98 77 709 61 426 56 2221 53 72 92 112 100 460 50 200 934 136 93 376
leaf_count=3485 70 292 504 890 144 51 667 173 392 397 65 98 77 709 61 426 56 2221 53 72 92 112 100 460 50 200 934 136 93 376
internal_value=-0.000401278 -0.0269863 -0.0381659 0.0317145 -0.00138455 0.0191526 0.0209813 0.00147971 0.00889868 -0.00728408 0.00166074 0.0140942 0.0186229 -0.0446722 -0.0276596 -0.00880773 0.0128603 0.0410981 -0.000687758 0.0018546 0.0193939 -0.00382353 0.0180052 0.0293883 -0.0259804 -0.00234114 0.0214925 0.0128788 0.0206522 0.0351223
internal_weight=13456 7362 5124 6094 2238 2607 2506 2094 1134 960 842 1379 1081 4194 234 930 450 3487 726 673 164 509 385 1127 101 298 1004 329 229 1266
internal_count=13456 7362 5124 6094 2238 2607 2506 2094 1134 960 842 1379 1081 4194 234 930 450 3487 726 673 164 509 385 1127 101 298 1004 329 229 1266
is_linear=0
shrinkage=0.05


Tree=12
num_leaves=31
num_cat=0
split_feature=14 8 8 7 7 14 8 14 7 14 14 14 13 0 1 6 8 0 6 14 14 0 14 7 11 6 11 14 6 11
split_gain=4307.13 1389.32 1266.1 698.928 292.107 234.892 202.297 162.702 145.246 98.6389 70.5028 44.4417 38.9313 34.58 50.4718 32.7363 177.632 31.6701 30.841 27.7939 26.7134 22.3618 18.7133 17.8933 16.5212 19.9257 19.6192 15.3427 19.1273 15.3477
threshold=2783.5000000000005 4.5000000000000009 1.0000000180025095e-35 4.5000000000000009 20.500000000000004 2468.3750000000005 4.5000000000000009 3554.7500000000005 16.500000000000004 3098.6250000000005 2217.6250000000005 2024.8750000000002 -0.022576210847469604 25.138157894736846 11.289446271929828 1.3815789473684212 4.5000000000000009 32.806578947368429 23.013157894736846 2335.8750000000005 2612.8750000000005 12.785526315789475 3124.8750000000005 19.500000000000004 0.99138911339924218 549.3026315789474 -0.76696334127844745 3973.3750000000005 91.197368421052644 0.78192542922038288
decision_type=10 2 2 2 2 8 2 10 2 10 10 10 2 2 2 2 2 2 2 10 10 2 10 2 2 2 2 10 2 2
left_child=2 9 3 -1 11 15 20 8 17 24 -6 -5 -9 14 -10 19 18 -3 -17 -4 -7 -20 -16 -13 25 -2 -27 28 -14 -30
right_child=1 7 5 4 10 6 -8 12 13 -11 -12 23 27 -15 22 16 -18 -19 21 -21 -22 -23 -24 -25 -26 26 -28 -29 29 -31
leaf_value=-24.69276096596225 6.5100718088308218 -7.6490831760460658 -17.14276096596225 4.8765478870469456 -9.8122436176552821 -1.322450867629243 -8.432750915851603 -2.5510930473092004 2.6654365163038847 23.542173295250144 3.911024970075323 20.574945557601609 5.1816538787709199 6.0908611293465587 -3.8694080390864203 -5.1338350818901297 -19.554590235961541 0.54581144300053663 -0.59874699795966535 -6.3552908618681165 0.43051741116910308 13.048617496051884 0.28040458898331055 4.3617129533061307 1.5538200234596389 13.846416095303789 2.8055967732368345 9.6758037978485394 3.7876005602604099 -1.2848895988353435
leaf_weight=413 920 698 2942 287 171 380 691 59 141 3458 73 842 74 74 93 40 492 50 40 461 405 63 42 74 55 45 192 73 50 56
leaf_count=413 920 698 2942 287 171 380 691 59 141 3458 73 842 74 74 93 40 492 50 40 461 405 63 42 74 55 45 192 73 50 56
internal_value=-0.000631735 0.0305213 -0.0263186 0.00934981 0.0257251 -0.03835 -0.0212593 -0.0129695 -0.02202 0.0436523 -0.0240816 0.0358389 0.0188498 0.0045584 -0.00361011 -0.0445902 -0.0340409 -0.0344459 0.0149306 -0.0465482 -0.00388041 0.0293269 -0.0253676 0.0412214 0.0313273 0.0325993 0.0195378 0.0273622 0.019337 0.00560748
internal_weight=13454 6080 7374 1860 1447 5514 1476 1410 1098 4670 244 1203 312 350 276 4038 635 748 143 3403 785 103 135 916 1212 1157 237 253 180 106
internal_count=13454 6080 7374 1860 1447 5514 1476 1410 1098 4670 244 1203 312 350 276 4038 635 748 143 3403 785 103 135 916 1212 1157 237 253 180 106
is_linear=0
shrinkage=0.05


Tree=13
num_leaves=31
num_cat=0
split_feature=15 9 15 15 8 1 1 15 7 7 6 8 10 1 12 12 1 6 15 7 12 10 6 1 1 1 10 1 7 13
split_gain=6747.42 400.415 310.898 301.537 111.401 83.8311 56.9623 52.7958 41.5602 46.607 39.8113 300.775 39.4486 34.2889 31.7253 30.201 28.9142 24.5235 23.6659 22.3129 21.9141 24.2828 25.5069 20.7419 19.1487 21.5289 18.8718 17.8244 16.2931 16.1019
threshold=2656.1250000000005 1.0000000180025095e-35 3079.8750000000005 2265.3750000000005 4.5000000000000009 24.522642543859654 5.4137883771929838 2538.1250000000005 4.5000000000000009 20.500000000000004 16.736842105263161 4.5000000000000009 -0.38242426011641079 8.5820997807017552 -0.58482091572441486 -0.45943279258162384 26.449013157894743 357.11842105263162 3254.3750000000005 13.500000000000002 0.99351232050787985 0.84773968378660736 593.35526315789491 22.186485745614036 9.9100328947368457 25.369106359649127 -0.45274443793211405 11.859566885964915 15.500000000000002 0.98448590438035632
decision_type=8 2 10 10 2 2 2 10 2 2 2 2 2 2 2 2 2 2 10 2 2 2 2 2 2 2 2 2 2 2
left_child=3 2 4 10 8 6 -5 14 -2 20 -1 -12 -7 -6 23 -9 17 -15 -4 -18 21 29 -23 26 -11 -26 -8 -16 -3 -10
right_child=1 28 18 5 13 12 7 15 9 24 11 -13 -14 16 27 -17 19 -19 -20 -21 -22 22 -24 -25 25 -27 -28 -29 -30 -31
leaf_value=-17.185622917664137 -1.555295903985666 -22.388748885722137 10.400821197583946 8.0147135522220765 4.9742503632848871 -3.2872600477128233 -1.8752035597293231 0.32498132283501491 8.7720904609343631 3.0008345293060987 14.886279929921535 -17.041779063246828 2.4882451411862121 -0.88604622900782037 -5.3333707489864537 -3.7594589678299601 -1.8942021289507238 -10.777317524006197 24.329885362798997 6.918239473447648 -0.048993466963042923 4.425732963046153 -1.6207251291658851 0.81282331273048392 -2.9405942447747067 3.5136606523444698 -4.4687666407360327 -7.888139413949796 -2.8367589280288943 3.821653273401262
leaf_weight=3393 63 147 999 50 116 256 212 166 1058 59 115 676 177 257 501 316 55 52 3288 85 44 269 53 47 65 62 228 554 72 45
leaf_count=3393 63 147 999 50 116 256 212 166 1058 59 115 676 177 257 501 316 55 52 3288 85 44 269 53 47 65 62 228 554 72 45
internal_value=-0.000764038 0.034352 0.0365698 -0.0363942 0.0216506 -0.0226675 -0.0268434 -0.0281481 0.0279814 0.0294988 -0.0446117 -0.0344066 -0.00264977 0.00238516 -0.0326636 -0.0136646 -0.00388889 -0.0124194 0.0445079 0.0148936 0.032483 0.0335554 0.0213622 -0.0220287 0.00588235 -0.00507813 -0.0253968 -0.0375473 -0.0320455 0.0370924
internal_weight=13480 6789 6570 6691 2283 2507 2074 2024 1718 1655 4184 791 433 565 1542 482 449 309 4287 140 1469 1425 322 487 186 127 440 1055 219 1103
internal_count=13480 6789 6570 6691 2283 2507 2074 2024 1718 1655 4184 791 433 565 1542 482 449 309 4287 140 1469 1425 322 487 186 127 440 1055 219 1103
is_linear=0
shrinkage=0.05


Tree=14
num_leaves=31
num_cat=0
split_feature=15 15 14 11 14 14 13 15 14 15 11 10 11 13 10 10 10 13 12 1 6 13 10 12 0 15 1 10 1 13
split_gain=6413.15 353.354 329.032 144.271 123.992 81.8612 69.2434 66.9805 60.3973 53.8771 51.563 42.4815 40.9611 34.0147 32.538 30.3028 29.1779 44.5374 28.7209 26.8213 23.7838 26.1313 23.6055 21.5969 21.4526 20.5245 20.4204 32.209 23.1704 20.3978
threshold=2656.1250000000005 3027.1250000000005 2468.3750000000005 0.99138911339924218 2783.5000000000005 3236.7500000000005 -0.67802903493420741 2202.0000000000005 3268.3750000000005 2456.1250000000005 -0.056951011027366626 0.022575936829235418 -0.91249077947840473 -0.09768186449137739 0.39036257410962044 -0.065535378769913874 -0.8041866928211282 0.5475998096715059 0.69522491211780757 24.311842105263164 0.14473684210526319 0.8842148469408333 0.8697513045430848 -0.39036798905311365 20.50131578947369 2432.6250000000005 8.5820997807017552 -0.75015329512557194 23.534649122807021 -0.19337602734302625
decision_type=8 10 10 2 10 10 2 10 10 10 2 2 2 2 2 2 2 2 2 2 2 2 2 2 2 10 2 2 2 2
left_child=2 4 7 5 11 10 25 -1 9 20 16 13 24 -2 -10 -5 -3 -18 22 23 21 -8 -6 -11 -9 -4 -20 28 -28 -22
right_child=1 3 6 15 18 -7 8 12 14 19 -12 -13 -14 -15 -16 -17 17 -19 26 -21 29 -23 -24 -25 -26 -27 27 -29 -30 -31
leaf_value=-17.726341771780927 1.7998833554227531 11.988377544310948 -10.483317724157519 -6.4058674221352705 7.0575532214704602 23.520572899534887 -3.9069461896243638 -8.050311571035218 4.346933289755305 0.045725511361047216 12.807786460014075 2.1567688388828175 -6.4545869085717644 -3.4580103228313877 -2.3522338698123804 7.8335134551813326 3.1774928171457533 21.367670929326028 5.1286565972093063 1.6879919866728188 -6.4344765620856155 2.2147083248068387 2.9080822100385606 -4.1832176487425619 1.8663084321388625 -2.6434518424886506 -1.2773314193965917 -0.53569409441938665 18.877367136025239 -7.5781850865126446
leaf_weight=3260 131 170 277 80 748 2679 193 48 164 166 908 418 1261 279 55 50 523 201 57 148 163 75 185 211 79 238 40 209 92 355
leaf_count=3260 131 170 277 80 748 2679 193 48 164 166 908 418 1261 279 55 50 523 201 57 148 163 75 185 211 79 238 40 209 92 355
internal_value=-0.000961824 0.0333481 -0.0356663 0.0411644 0.0166435 0.0426707 -0.0189394 -0.04302 -0.0135859 -0.0176448 0.0343871 0.00144753 -0.0337653 -0.00997567 0.0106818 -0.010687 0.0258101 0.0213793 0.0260886 -0.00522814 -0.0259212 -0.0137546 0.0308887 -0.0123016 -0.00664063 -0.0347868 0.014787 0.0100877 0.0293233 -0.0321773
internal_weight=13463 6770 6693 4611 2159 4481 2045 4648 1530 1311 1802 828 1388 410 219 130 894 724 1331 525 786 268 933 377 127 515 398 341 132 518
internal_count=13463 6770 6693 4611 2159 4481 2045 4648 1530 1311 1802 828 1388 410 219 130 894 724 1331 525 786 268 933 377 127 515 398 341 132 518
is_linear=0
shrinkage=0.05


Tree=15
num_leaves=31
num_cat=0
split_feature=15 15 15 11 15 15 13 7 15 12 7 12 11 11 7 12 10 10 13 1 1 13 13 13 0 7 11 12 15 10
split_gain=6212.03 345.314 331.132 142.447 57.4658 51.752 50.2847 46.3006 45.4991 40.2622 38.9356 39.9094 36.0853 32.5674 30.6296 28.291 26.6469 24.614 25.4295 23.9148 21.8015 21.571 21.4484 20.8667 20.6994 20.6468 24.8597 19.9137 18.4664 25.9037
threshold=2666.3750000000005 2364.6250000000005 3068.3750000000005 0.99138911339924218 2789.2500000000005 3365.1250000000005 0.83138725112258183 4.5000000000000009 2530.3750000000005 -0.89405649444168434 4.5000000000000009 0.23746817830764474 -0.056951011027366626 -0.98801846520836312 3.5000000000000004 0.99351232050787985 -0.065535378769913874 -0.8041866928211282 0.5475998096715059 6.1667489035087728 7.7117050438596495 0.1147873601445511 0.70747208174348741 -0.61236746317008228 7.5960526315789485 3.5000000000000004 0.99349222267034787 -0.90893575921103265 2202.0000000000005 0.80417553764032002
decision_type=8 10 10 2 8 10 2 2 10 2 2 2 2 2 2 2 2 2 2 2 2 2 2 2 2 2 2 2 10 2
left_child=1 6 4 5 9 12 14 -6 22 -2 13 -12 17 -8 -1 -9 24 -4 -19 -13 -11 -10 27 -16 -5 -23 -27 -3 29 -25
right_child=2 8 3 16 7 -7 10 15 21 20 11 19 -14 -15 23 -17 -18 18 -20 -21 -22 25 -24 28 -26 26 -28 -29 -30 -31
leaf_value=-16.046818554772109 4.539674600750323 -0.71079414642101713 11.159112443898778 0.067912516560215866 -3.0795537995942368 26.53503164917047 0.47436745534417923 5.4583818057060176 -1.974379388072248 3.1997491969777911 -10.521691971695033 14.28797279996693 11.515173490751829 -18.927839624233002 -13.978806584465815 -0.6737463730899208 7.0865227638767694 3.3473494486238113 13.367712805352415 -2.7176524818159127 -0.8736359605760754 -5.8130861157517533 -1.575361751550804 -14.462348037821176 -10.38333015217038 1.631474693253756 -6.5379888282973297 -4.4095573111950674 -4.5339283945208537 -14.701014018745036
leaf_weight=1820 106 105 198 40 51 2574 40 1545 369 74 205 51 942 314 984 75 45 380 212 53 448 48 261 785 46 288 41 737 537 149
leaf_count=1820 106 105 198 40 51 2574 40 1545 369 74 205 51 942 314 984 75 45 380 212 53 448 48 261 785 46 288 41 737 537 149
internal_value=-0.00092798 -0.0346862 0.0330859 0.0410658 0.0176739 0.0426283 -0.0415874 0.0225179 -0.0162432 0.00476948 -0.0286898 -0.0156452 0.0358915 -0.04 -0.0435804 0.0239975 -0.0102273 0.0279393 0.0227656 0.00952381 -0.000956023 -0.00669344 -0.0226902 -0.0398819 -0.0264368 0.00171958 0.00621212 -0.0265718 -0.0360394 -0.0403209
internal_weight=13523 6787 6736 4437 2299 4306 4938 1671 1849 628 663 309 1732 354 4275 1620 131 790 592 104 522 746 1103 2455 86 377 329 842 1471 934
internal_count=13523 6787 6736 4437 2299 4306 4938 1671 1849 628 663 309 1732 354 4275 1620 131 790 592 104 522 746 1103 2455 86 377 329 842 1471 934
is_linear=0
shrinkage=0.05


Tree=16
num_leaves=31
num_cat=0
split_feature=15 15 9 15 14 14 14 14 14 12 1 1 3 11 13 12 11 12 3 12 10 1 10 12 10 15 15 11 15 10
split_gain=6040.22 381.289 354.313 292.326 100.142 99.3423 61.3996 54.8414 54.1654 42.3169 35.4693 35.1845 30.6635 29.3886 35.6184 29.1223 28.3165 22.9242 22.6421 21.041 20.1827 19.9987 19.4398 21.7131 19.0462 18.9892 17.572 18.6395 16.2865 14.5277
threshold=2688.7500000000005 2379.6250000000005 1.0000000180025095e-35 3125.6250000000005 2842.1250000000005 2314.1250000000005 3309.6250000000005 2567.1250000000005 3277.1250000000005 -0.39036798905311365 5.7586622807017553 22.862911184210528 9.5960526315789494 -0.40613878790836594 0.33222858587828868 0.69522491211780757 0.98899263613956456 -0.43733782138609528 4.7578947368421058 -0.48971288843577082 -0.8041866928211282 22.254413377192986 0.77788564761185042 0.99683609994235922 0.98522604642031408 2996.6250000000005 2177.1250000000005 -0.90531874877253482 2809.8750000000005 0.022575936829235418
decision_type=8 10 2 10 10 10 10 10 10 2 2 2 2 2 2 2 2 2 2 2 2 2 2 2 2 10 10 2 8 2
left_child=1 5 3 4 9 26 10 19 13 -2 -7 12 17 14 20 28 24 -9 -19 -3 -5 -12 23 -17 -15 29 -1 -28 -6 -11
right_child=2 7 -4 8 15 6 -8 11 -10 25 21 -13 -14 16 -16 22 -18 18 -20 -21 -22 -23 -24 -25 -26 -27 27 -29 -30 -31
leaf_value=-16.796908228716756 3.2521414509347553 -1.5166794534423618 -13.515626865018294 17.845561278301286 3.2453355094912468 2.0850286671396363 4.500010194418155 -0.42903303352029526 23.327135234212701 -1.7969400155670883 -8.4656563645544107 1.3223860660492393 2.5770797043374842 12.4441886775375 15.686036283436955 4.921512600113056 1.8958131002410141 -4.7104056303839341 -1.8819611362316893 -5.0019177583663126 0.95808358294832496 -4.8171495872644758 -0.87819403225241788 -0.97474954588499263 6.0245523441207753 8.0471329046527114 -2.4278448148812006 -7.2491547488220709 7.5723212456076912 0.79680228193524272
leaf_weight=2856 403 232 213 41 179 51 79 254 2378 295 961 262 94 937 244 352 66 233 216 542 202 330 54 45 145 98 40 701 867 137
leaf_count=2856 403 232 213 41 179 51 79 254 2378 295 961 262 94 937 244 352 66 233 216 542 202 330 54 45 145 98 40 701 867 137
internal_value=-0.000721794 -0.0336763 0.0331981 0.0352964 0.0215961 -0.0408049 -0.029571 -0.0141494 0.043585 0.00872591 -0.0320923 -0.00674528 -0.0119674 0.036522 0.026127 0.0296061 0.0409051 -0.015554 -0.0223333 -0.0242581 0.0125 -0.0337074 0.0189159 0.0227387 0.042844 -0.000564972 -0.0452335 -0.0382075 0.0341929 -0.00508083
internal_weight=13507 6851 6656 6443 2430 5018 1421 1833 4013 933 1342 1059 797 1635 487 1497 1148 703 449 774 243 1291 451 397 1082 530 3597 741 1046 432
internal_count=13507 6851 6656 6443 2430 5018 1421 1833 4013 933 1342 1059 797 1635 487 1497 1148 703 449 774 243 1291 451 397 1082 530 3597 741 1046 432
is_linear=0
shrinkage=0.05


Tree=17
num_leaves=31
num_cat=0
split_feature=15 15 9 15 8 15 11 1 7 7 8 7 7 7 15 11 7 11 11 1 1 8 0 11 0 7 1 7 1 0
split_gain=5812.55 392.898 332.155 280.89 99.9766 68.7127 56.9022 49.0586 37.9702 38.0142 35.1836 94.3488 90.1923 150.477 34.7661 31.3196 30.8647 30.5814 29.9043 28.5807 29.6551 26.7623 26.3814 25.6218 25.4592 24.6841 23.3683 22.7186 21.6036 22.6035
threshold=2688.7500000000005 2304.6250000000005 1.0000000180025095e-35 3125.6250000000005 4.5000000000000009 2538.1250000000005 0.99138911339924218 5.5828673245614047 5.5000000000000009 19.500000000000004 4.5000000000000009 3.5000000000000004 20.500000000000004 4.5000000000000009 3294.8750000000005 0.5475998096715059 3.5000000000000004 -0.93237865822738086 -0.91939278948206182 8.3344024122807028 26.449013157894743 4.5000000000000009 20.50131578947369 -0.091258822863740666 13.169736842105266 21.500000000000004 25.01647478070176 4.5000000000000009 26.812282314241493 10.672368421052633
decision_type=8 10 2 10 2 10 2 2 2 2 2 2 2 2 10 2 2 2 2 2 2 2 2 2 2 2 2 2 2 2
left_child=1 7 3 4 8 18 14 16 -2 -10 11 17 13 -13 23 26 -1 -9 -3 -6 24 25 -14 -5 -21 27 -11 -7 29 -23
right_child=2 5 -4 6 19 21 -8 10 9 15 -12 12 22 -15 -16 -17 -18 -19 -20 20 -22 28 -24 -25 -26 -27 -28 -29 -30 -31
leaf_value=-9.9636253172809131 1.0475751350357883 -0.0928107769496819 -13.070363911539154 6.7331932718248373 4.4504278451785924 -2.4009602054546804 -0.79474529072633693 -2.4312510331160753 7.7826952830545117 -1.7888935869657303 -16.268624108399546 -5.9427192789321452 -7.9648830578918934 14.231975555301961 21.620246968918195 4.4183554880698921 1.5472732878508055 -13.947838344017441 -3.8276174962368374 -0.029806217290820315 3.1810884314635133 -0.36012424819641642 0.40106780444725704 9.3998999212207313 -5.8316793225173349 -4.5885718890582217 4.8838709809719383 2.1074170972780393 0.61654159124177577 -5.3955077547517138
leaf_weight=48 280 145 208 458 102 84 75 74 1244 116 2150 169 490 134 2940 143 82 1331 1414 175 125 111 41 561 125 54 85 286 76 174
leaf_count=48 280 145 208 458 102 84 75 74 1244 116 2150 169 490 134 2940 143 82 1331 1414 175 125 111 41 561 125 54 85 286 76 174
internal_value=-0.000948078 -0.0332095 0.0324119 0.0344246 0.0208472 -0.0165885 0.0424783 -0.0418252 0.0262707 0.0292637 -0.0427221 -0.0382813 -0.0249102 -0.003125 0.0432955 0.0144928 -0.0114504 -0.0461949 -0.0226603 0.00160985 -0.00410798 -0.00451654 -0.037312 0.0352451 -0.0126246 0.004 0.00173267 0.00862534 -0.0145028 -0.0208042
internal_weight=13500 6863 6637 6429 2395 2344 4034 4519 1868 1588 4389 2239 834 303 3959 344 130 1405 1559 527 425 785 531 1019 300 424 201 370 361 285
internal_count=13500 6863 6637 6429 2395 2344 4034 4519 1868 1588 4389 2239 834 303 3959 344 130 1405 1559 527 425 785 531 1019 300 424 201 370 361 285
is_linear=0
shrinkage=0.05


Tree=18
num_leaves=31
num_cat=0
split_feature=15 15 14 9 8 14 14 8 8 14 15 8 14 7 14 15 10 14 13 8 14 6 14 13 6 13 14 12 1 14
split_gain=5477.33 418.884 284.248 238.461 238.458 151.239 117.58 150.011 135.511 83.1538 55.6057 54.4951 59.2188 52.7389 65.6907 47.5826 42.1704 33.035 34.0109 31.0544 27.644 27.3375 23.2174 22.2295 22.5441 22.0803 20.2774 18.942 18.917 18.7498
threshold=2597.1250000000005 3125.6250000000005 2268.1250000000005 1.0000000180025095e-35 4.5000000000000009 2536.1250000000005 2823.2500000000005 4.5000000000000009 2.5000000000000004 3302.2500000000005 2216.6250000000005 1.0000000180025095e-35 3048.1250000000005 15.500000000000002 3777.6250000000005 2209.1250000000005 0.63920241694561786 2823.2500000000005 0.046214940139115722 1.0000000180025095e-35 2794.7500000000005 567.53947368421063 2694.8750000000005 0.94910885063987094 29.684210526315795 0.70747208174348741 2981.3750000000005 -0.63172727744526391 8.6816885964912291 2970.7500000000005
decision_type=8 10 10 2 2 10 10 2 2 10 10 2 10 2 10 10 2 10 2 2 10 2 8 2 2 2 10 2 2 10
left_child=2 6 15 9 5 25 8 16 23 11 -6 -3 -13 14 -9 -1 26 -12 -19 27 -7 -18 -10 24 28 -4 -8 -17 -2 -15
right_child=1 3 4 -5 10 20 7 13 22 -11 17 12 -14 29 -16 19 21 18 -20 -21 -22 -23 -24 -25 -26 -27 -28 -29 -30 -31
leaf_value=-15.174196426816572 4.4024528558690008 17.768753433388863 -2.3676746989627531 -12.478913051646282 -11.463836227185448 1.5616336576129926 3.5840328989782848 -4.0859692160526384 -5.6585338246230323 21.914687403987159 -5.229650671982518 1.7854109379286571 6.6627171828773504 -0.48943553389194677 4.1867723180637428 0.93242160425868414 4.2931793726021175 -4.7419499004285059 -0.20572673519900492 -7.6779960446282987 16.995051382715996 -0.53502485053700188 -1.082040166914328 -1.0619247895778359 6.7434404364474521 0.025337082530859336 12.950777453332421 -3.590077017168892 0.94565796245365163 3.0212951154013581
leaf_weight=2920 41 698 500 123 674 202 237 208 208 2334 594 270 743 74 108 59 302 298 227 464 141 90 190 84 332 152 524 135 375 256
leaf_count=2920 41 698 500 123 674 202 237 208 208 2334 594 270 743 74 108 59 302 298 227 464 141 90 190 84 332 152 524 135 375 256
internal_value=-0.000394426 0.0294874 -0.0341762 0.0397697 -0.0221943 -0.00256024 0.01533 0.0234722 0.00341186 0.0418562 -0.0330825 0.0334404 0.0259862 0.00417311 -0.0104101 -0.0435038 0.0342721 -0.0262054 -0.0170152 -0.0312595 0.0242733 0.0208651 -0.0205514 0.014886 0.0176235 -0.0166922 0.0411417 -0.014359 0.00983213 0.0181269
internal_weight=13563 7197 6366 4168 2788 995 3029 1799 1230 4045 1793 1711 1013 646 316 3578 1153 1119 525 658 343 392 398 832 748 652 761 194 416 330
internal_count=13563 7197 6366 4168 2788 995 3029 1799 1230 4045 1793 1711 1013 646 316 3578 1153 1119 525 658 343 392 398 832 748 652 761 194 416 330
is_linear=0
shrinkage=0.05


Tree=19
num_leaves=31
num_cat=0
split_feature=15 15 15 9 14 14 14 1 1 12 12 15 11 13 12 11 1 14 14 13 15 13 9 7 7 7 11 12 7 13
split_gain=5248.46 390.732 287.969 216.451 119.929 103.063 85.4181 62.1909 55.701 66.0525 46.5785 46.1169 45.801 51.2001 45.767 42.9896 36.4053 33.3109 28.4878 28.2728 27.5794 27.4774 27.2345 24.7941 21.1963 20.7691 26.5779 20.042 19.9778 17.4831
threshold=2597.1250000000005 3038.3750000000005 2209.1250000000005 1.0000000180025095e-35 2783.5000000000005 3336.2500000000005 3283.8750000000005 24.522642543859654 5.4137883771929838 -0.45943279258162384 0.91161058030431363 2809.8750000000005 -0.60555643346685839 0.33222858587828868 -0.90163369914317015 0.98899263613956456 11.765268640350881 2178.2500000000005 2674.1250000000005 0.86762559983340226 2405.1250000000005 -0.42764225457030058 1.0000000180025095e-35 3.5000000000000004 21.500000000000004 13.500000000000002 -0.7444366621422277 0.23746817830764474 14.500000000000002 0.98901092807778201
decision_type=8 10 10 2 10 10 10 2 2 2 2 8 2 2 2 2 2 10 10 2 10 2 2 2 2 2 2 2 2 2
left_child=2 4 6 5 14 12 17 8 -4 20 -9 21 13 25 -2 -14 -11 -1 -12 -19 -10 -6 23 -16 29 26 -3 -21 -5 -25
right_child=1 3 7 28 11 -7 -8 10 9 16 18 -13 15 -15 22 -17 -18 19 -20 27 -22 -23 -24 24 -26 -27 -28 -29 -30 -31
leaf_value=-15.275697317256618 2.9019236225410396 -2.5297694594901374 6.4619108138201913 -19.062381673608094 -1.718432767189654 21.350203033787807 16.794560640629651 1.0544178530140926 -2.9236737130763006 -3.3825326694798608 -6.5008849705483733 4.6977241007131054 8.839457640309524 11.317639084649308 -6.4115015110588729 0.37115407840708486 -6.5105096712341153 -9.1669411401584746 1.4063217300913948 -8.6601855520026909 -0.33892822958817992 3.0172434037886888 -14.643751398482619 0.54834762965342632 -5.0227845941411715 4.5775002990969602 0.75190669229614293 1.0902129878350479 0.60120990848367917 -4.4418161878710753
leaf_weight=2569 169 60 52 89 124 2210 47 252 434 683 135 964 1612 314 55 84 706 974 41 73 320 411 56 617 61 99 93 46 46 40
leaf_count=2569 169 60 52 89 124 2210 47 252 434 683 135 964 1612 314 55 84 706 974 41 73 320 411 56 617 61 99 93 46 46 40
internal_value=-0.000535834 0.0289655 -0.0336333 0.0375977 0.0130304 0.0394813 -0.0426011 -0.0209413 -0.0243397 -0.025583 -0.0034965 0.0219667 0.0319487 0.0195767 -0.0004004 0.0360636 -0.0320504 -0.0434616 -0.0231638 -0.0360603 -0.0136424 0.0101679 -0.00524096 -0.00277778 -0.000278164 0.0027668 -0.00876623 -0.0129167 -0.0246324 0.00235562
internal_weight=13436 7104 6332 4607 2497 4472 3709 2623 2195 2143 428 1499 2262 566 998 1696 1389 3662 176 1093 754 535 829 773 718 252 153 119 135 657
internal_count=13436 7104 6332 4607 2497 4472 3709 2623 2195 2143 428 1499 2262 566 998 1696 1389 3662 176 1093 754 535 829 773 718 252 153 119 135 657
is_linear=0
shrinkage=0.05


Tree=20
num_leaves=31
num_cat=0
split_feature=15 15 15 9 14 14 14 14 6 12 13 13 15 14 1 7 11 11 11 11 1 15 13 12 6 11 6 14 6 12
split_gain=4982.31 381.967 290.538 221.954 99.7282 95.1448 93.1512 61.8887 57.7792 44.661 41.2615 39.4665 33.9189 30.2792 28.4972 27.2472 25.8897 31.1357 23.4316 22.8139 22.5055 21.6666 21.3888 22.2459 21.3222 32.7161 19.9647 19.4262 25.5132 17.1534
threshold=2597.1250000000005 3027.1250000000005 2189.6250000000005 1.0000000180025095e-35 3302.2500000000005 2783.5000000000005 3283.8750000000005 2468.3750000000005 625.43421052631595 -0.39036798905311365 -0.65234411079832233 0.33222858587828868 2809.8750000000005 2190.8750000000005 29.166940789473689 15.500000000000002 -0.61915584096709908 0.98005052076767474 -0.90531874877253482 0.96633974041180493 5.7586622807017553 3246.6250000000005 -0.45848288923838371 0.97508442350096236 53.605263157894747 -0.49065906150552346 3.1710526315789478 2952.3750000000005 7.0263157894736858 0.71051919230648819
decision_type=8 10 10 2 10 10 10 10 2 2 2 2 8 10 2 2 2 2 2 2 2 10 2 2 2 2 2 10 2 2
left_child=2 5 6 4 8 9 13 18 16 -2 -9 -10 24 26 20 -5 -3 -18 -4 -15 -12 -6 -14 -24 -7 -26 -1 28 29 -22
right_child=1 3 7 15 21 12 -8 10 11 -11 14 -13 22 19 -16 -17 17 -19 -20 -21 27 -23 23 -25 25 -27 -28 -29 -30 -31
leaf_value=-14.302951739612901 1.7956798802063076 6.0762039070167937 -1.8508820038007685 -16.016805741062605 8.993396400411644 2.5678094135799032 17.636761404594836 -3.8965240712178799 -0.084892190913637935 -1.193011255636327 5.1141737739263711 18.663742831632646 2.2677739788889313 -9.2295323267914693 3.4496571147949342 0.96422621768342653 8.3539770156172946 2.6850511273000621 -4.6981890462740017 -3.6320405446218049 0.13034154750223478 20.882692882098425 7.2023843925183542 1.3356163019323277 5.0555807579460978 -3.0327132496123799 -19.704230165087484 0.073530993681197296 -3.8055313951287872 -2.4274273544212748
leaf_weight=2351 384 365 118 101 306 257 48 378 221 602 58 82 271 894 44 40 1358 85 1262 76 229 2090 558 68 146 153 204 253 293 128
leaf_count=2351 384 365 118 101 306 257 48 378 221 602 58 82 271 894 44 40 1358 85 1262 76 229 2090 558 68 146 153 204 253 293 128
internal_value=-0.000577324 0.0282238 -0.0327915 0.0366315 0.0385648 0.0121926 -0.0422076 -0.0206042 0.0306108 0.000202634 -0.0131142 0.0103618 0.0203232 -0.0431509 -0.00780318 -0.025 0.0339967 0.0370152 -0.0280956 -0.0355304 -0.00961538 0.0455569 0.0263363 0.0314195 0.0105925 0.0015 -0.046029 -0.0115597 -0.016129 -0.00712291
internal_weight=13423 7087 6336 4648 4507 2439 3573 2763 2111 986 1383 303 1453 3525 1005 141 1808 1443 1380 970 961 2396 897 626 556 299 2555 903 650 357
internal_count=13423 7087 6336 4648 4507 2439 3573 2763 2111 986 1383 303 1453 3525 1005 141 1808 1443 1380 970 961 2396 897 626 556 299 2555 903 650 357
is_linear=0
shrinkage=0.05


Tree=21
num_leaves=31
num_cat=0
split_feature=15 15 15 8 14 9 14 14 9 8 14 8 14 8 7 14 8 14 14 14 14 8 14 14 6 14 13 13 15 1
split_gain=4811.36 390.79 292.901 154.589 155.608 150.595 98.7429 72.0055 64.3912 59.4803 57.7456 133.46 46.4634 45.8796 44.3903 69.7047 42.8013 39.7043 37.797 34.4891 29.6609 112.643 33.1474 27.2138 28.1947 23.2488 22.9748 21.9518 21.6463 19.9363
threshold=2597.1250000000005 3254.3750000000005 2177.1250000000005 4.5000000000000009 3039.1250000000005 1.0000000180025095e-35 3283.8750000000005 3373.1250000000005 1.0000000180025095e-35 1.5000000000000002 2419.3750000000005 4.5000000000000009 2727.6250000000005 1.5000000000000002 15.500000000000002 3777.6250000000005 1.0000000180025095e-35 2970.7500000000005 2716.3750000000005 3466.2500000000005 2178.2500000000005 4.5000000000000009 2328.1250000000005 3098.6250000000005 674.28947368421075 2117.6250000000005 0.99138911339924218 0.95938053495154851 2978.6250000000005 8.7560581140350902
decision_type=8 10 10 2 10 2 10 10 2 2 10 2 10 2 2 10 2 8 10 10 10 2 10 10 2 10 2 2 8 2
left_child=2 3 6 4 8 7 20 13 9 27 16 18 -11 -3 15 -5 25 -16 -12 26 -1 22 -22 -15 -25 -4 -13 -2 -14 -19
right_child=1 5 10 14 -6 -7 -8 -9 -10 12 11 19 28 23 17 -17 -18 29 -20 -21 21 -23 -24 24 -26 -27 -28 -29 -30 -31
leaf_value=-14.140213810940077 4.9206774025190043 12.966180654703022 -2.6698184958816 -5.3080845621882196 9.0772346908661117 -7.554497496821341 21.514494665685756 21.83727547953097 -9.3590758199001822 -1.7302019819923544 0.11505500385965206 -4.2331828253374173 2.1121563731246851 0.38360550575373509 -1.765248695075252 3.0683833000862366 -5.2858170202996462 4.4922368664981835 9.921618993605513 0.78815876337272361 -2.2016541582487892 -11.181278918816611 3.2040962243110473 5.5857024809157796 -1.5290197944949342 2.8326208208886556 1.7347099021355235 -0.34094621722911145 -0.13750511706703036 1.4879082932751544
leaf_weight=2455 909 863 165 256 1045 91 48 1867 91 221 357 938 419 117 148 116 1092 61 106 84 156 726 81 397 45 64 44 59 202 205
leaf_count=2455 909 863 165 256 1045 91 48 1867 91 221 357 938 419 117 148 116 1092 61 106 84 156 726 81 397 45 64 44 59 202 205
internal_value=-0.000647852 0.0275552 -0.0324046 0.0163943 0.0216491 0.0398699 -0.042169 0.0416261 0.0131178 0.015185 -0.0205191 -0.0138889 0.0054567 0.0330991 -0.00330368 -0.0158177 -0.028177 0.00795181 0.00851293 -0.0236176 -0.0431705 -0.0356328 -0.00567227 0.021875 0.0275395 -0.00847826 -0.0262462 0.0236326 0.0124598 0.0194757
internal_weight=13428 7112 6316 3732 2946 3380 3466 3289 1901 1810 2850 1529 842 1422 786 372 1321 414 463 1066 3418 963 237 559 442 229 982 968 621 266
internal_count=13428 7112 6316 3732 2946 3380 3466 3289 1901 1810 2850 1529 842 1422 786 372 1321 414 463 1066 3418 963 237 559 442 229 982 968 621 266
is_linear=0
shrinkage=0.05


Tree=22
num_leaves=31
num_cat=0
split_feature=15 15 15 9 8 9 6 7 1 10 12 8 6 1 15 6 0 3 6 7 15 2 3 1 1 12 7 7 8 6
split_gain=4614.83 396.495 294.368 173.625 120.496 120.844 52.0464 51.034 50.3566 49.9986 49.5868 49.0928 120.358 43.6372 37.0003 39.0615 36.7127 47.0511 33.2723 32.9936 28.6746 27.9978 24.2427 29.3273 24.13 48.9854 42.4523 26.7508 22.1804 203.838
threshold=2597.1250000000005 3221.6250000000005 2177.1250000000005 1.0000000180025095e-35 4.5000000000000009 1.0000000180025095e-35 1.3815789473684212 15.500000000000002 9.7736293859649148 0.63920241694561786 0.95938219844953276 4.5000000000000009 2.6973684210526323 5.2020285087719307 3475.3750000000005 447.94736842105266 26.780263157894741 7.8039473684210536 593.35526315789491 13.500000000000002 2740.1250000000005 10.214473684210528 5.9460526315789473 27.988322368421056 24.311842105263164 0.93771544905322102 3.5000000000000004 21.500000000000004 4.5000000000000009 3.6973684210526323
decision_type=8 10 10 2 2 2 2 2 2 2 2 2 2 2 10 2 2 2 2 2 10 2 2 2 2 2 2 2 2 2
left_child=2 4 13 14 5 6 8 22 -2 10 -8 12 24 -1 15 -3 17 -9 -11 -12 -10 -13 23 -6 26 -26 -4 -28 29 -15
right_child=1 3 11 -5 7 -7 9 16 20 18 19 21 -14 28 -16 -17 -18 -19 -20 -21 -22 -23 -24 -25 25 -27 27 -29 -30 -31
leaf_value=-2.6521198755131423 4.0397663115465781 8.0909666015384918 -5.7399634038137268 -8.0762285931981754 -5.5029319871170177 -12.02761917393982 11.04549211421379 -0.95938059044053725 -0.99378004586627644 3.3809511510976109 -2.0456344897265355 -4.6122370872664762 12.385413727010906 -10.268293462085239 22.243163852792794 5.0965232895965755 5.6916996707455612 3.9512921944795836 -0.12910447151639345 7.6550510880224696 1.7999328726226054 0.32042847904202748 1.2365045614950532 0.12399754345831299 1.6367216354438483 -6.3467388769464153 -0.99022613581703356 -3.7071357060772701 -15.078620471527394 18.858597364267599
leaf_weight=74 265 1088 243 103 177 123 827 255 236 464 77 1301 138 1573 2062 340 74 83 189 46 562 66 119 81 128 80 574 367 1689 71
leaf_count=74 265 1088 243 103 177 123 827 255 236 464 77 1301 138 1573 2062 340 74 83 189 46 562 66 119 81 128 80 574 367 1689 71
internal_value=-0.0008645 0.0265686 -0.0320698 0.0382999 0.0147807 0.0196595 0.0218973 -0.00246835 0.0132989 0.0275873 0.0349106 -0.0203416 -0.0141737 -0.0420335 0.0401891 0.0339398 0.00968523 0.00265487 0.016896 0.00524194 0.00700876 -0.0272295 -0.0157407 -0.0243243 -0.018593 -0.00287081 -0.0213502 -0.0165074 -0.0428764 -0.0386626
internal_weight=13475 7171 6304 3593 3578 2789 2666 789 1063 1603 950 2897 1530 3407 3490 1428 412 338 653 123 798 1367 377 258 1392 208 1184 941 3333 1644
internal_count=13475 7171 6304 3593 3578 2789 2666 789 1063 1603 950 2897 1530 3407 3490 1428 412 338 653 123 798 1367 377 258 1392 208 1184 941 3333 1644
is_linear=0
shrinkage=0.05


Tree=23
num_leaves=31
num_cat=0
split_feature=15 15 14 8 8 14 14 14 8 9 9 8 6 14 8 14 11 11 14 14 7 0 6 14 7 14 14 6 11 8
split_gain=4266.88 413.193 334.327 183.971 169.806 135.27 77.8044 77.0994 152.887 52.9785 49.1604 48.2844 46.042 45.8408 135.736 39.4012 36.247 44.3658 36.09 36.0214 34.3323 41.066 32.7546 29.247 27.2266 33.9455 26.4598 24.6549 39.8199 22.9504
threshold=2688.7500000000005 2195.3750000000005 3261.6250000000005 1.5000000000000002 4.5000000000000009 2783.5000000000005 3200.3750000000005 2468.3750000000005 4.5000000000000009 1.0000000180025095e-35 1.0000000180025095e-35 1.5000000000000002 21.605263157894743 2190.8750000000005 4.5000000000000009 3048.1250000000005 0.98899263613956456 0.57605713708605399 3528.3750000000005 2794.7500000000005 15.500000000000002 25.722368421052636 1.1710526315789476 3475.3750000000005 16.500000000000004 3790.7500000000005 2321.2500000000005 625.43421052631595 -0.79904327102181261 5.5000000000000009
decision_type=8 10 10 2 2 10 10 10 2 2 2 2 2 10 2 10 2 2 10 10 2 2 2 10 2 10 10 2 2 2
left_child=1 6 3 10 23 -5 13 11 19 15 16 12 -3 -1 26 -7 17 22 20 -9 -10 29 -2 -4 25 -6 -15 -24 -29 -22
right_child=2 7 4 5 24 9 -8 8 18 -11 -12 -13 -14 14 -16 -17 -18 -19 -20 -21 21 -23 27 -25 -26 -27 -28 28 -30 -31
leaf_value=-12.510176239060037 1.9451540090038635 -2.3581769553074992 7.492766048955616 -2.9990824512733982 -2.9304710933376215 0.89221002396145654 5.0755995441451205 0.37253836318477629 -4.3767757803379252 -14.434429149508492 -7.5376797057412546 -4.909541556556019 15.902447004112037 -1.8984155511115433 -9.7428786743919318 3.9310416996668551 0.057925543320391175 19.690538888579091 1.4144835209013422 9.8205293450560021 -2.8610457701238148 3.9436503609560534 7.2910425694897532 22.778286271377308 3.2440874327639224 2.8677920654431319 3.1705608221917148 20.314242948233552 0.55458341234207187 -0.074767169946255763
leaf_weight=2528 241 488 934 387 126 646 66 413 683 59 76 932 57 157 713 738 92 405 104 145 200 49 794 1724 95 106 112 88 151 140
leaf_count=2528 241 488 934 387 126 646 66 413 683 59 76 932 57 157 713 738 92 405 104 145 200 49 794 1724 95 106 112 88 151 140
internal_value=-0.000583643 -0.0284841 0.0278403 0.0177406 0.0402713 0.00649918 -0.0401733 -0.0154577 -0.00829971 0.0135388 0.028869 -0.0238498 -0.0119963 -0.0411848 -0.031943 0.0155235 0.0305587 0.0322321 -0.0185217 0.0132379 -0.0212488 -0.00935897 0.0276078 0.0444528 0.00625 -0.00300429 -0.00166667 0.0314797 0.0172917 -0.0155425
internal_weight=13449 6787 6662 3677 2985 1830 3576 3211 1734 1443 1847 1477 545 3510 982 1384 1771 1679 1176 558 1072 389 1274 2658 327 232 269 1033 239 340
internal_count=13449 6787 6662 3677 2985 1830 3576 3211 1734 1443 1847 1477 545 3510 982 1384 1771 1679 1176 558 1072 389 1274 2658 327 232 269 1033 239 340
is_linear=0
shrinkage=0.05


Tree=24
num_leaves=31
num_cat=0
split_feature=15 15 14 9 14 15 14 15 13 6 10 13 7 14 7 14 14 14 13 10 7 13 6 1 6 7 1 12 14 13
split_gain=4189.32 408.757 313.471 142.501 86.0313 84.9549 79.7646 74.3403 52.3008 49.2805 44.2149 41.3967 37.5826 36.4279 33.8668 32.6933 28.9121 26.8877 24.864 30.0553 23.2181 23.365 21.7762 21.2256 21.1905 21.0425 20.7619 21.6172 18.8758 18.7935
threshold=2699.1250000000005 2189.6250000000005 3268.3750000000005 1.0000000180025095e-35 2468.3750000000005 2900.3750000000005 3283.8750000000005 3262.1250000000005 -0.80417042486635371 479.0789473684211 0.61237135649459018 0.5475998096715059 18.500000000000004 2154.1250000000005 14.500000000000002 2754.2500000000005 3493.3750000000005 3528.3750000000005 -0.65234411079832233 0.26037272046371446 5.5000000000000009 0.91852788691372023 0.17105263157894737 10.879714912280706 741.17105263157907 14.500000000000002 11.051781798245615 0.86113431103781346 2859.6250000000005 1.0000000180025095e-35
decision_type=8 10 10 2 10 10 10 8 2 2 2 2 2 10 2 10 10 10 2 2 2 2 2 2 2 2 2 2 10 2
left_child=1 6 3 5 -3 15 13 -4 23 12 14 24 20 22 17 -2 -9 -10 -15 -20 -7 26 -1 -6 -11 -23 -22 -28 -16 -5
right_child=2 4 7 29 8 9 -8 16 10 11 -12 -13 -14 18 28 -17 -18 -19 19 -21 21 25 -24 -25 -26 -27 27 -29 -30 -31
leaf_value=-12.066869977027977 -0.20176707302896377 -3.6883301031752356 5.9001432698572103 -23.621045669156445 0.5060165379868522 1.194275422478063 13.148307320113304 7.4347798142711099 -1.9256992850915595 2.7963874611491293 -3.4438637025820071 17.821845630458803 2.617511117092886 -9.3550447845764673 0.22385965414841849 1.849145566140419 22.201871957808432 3.5447542337126494 -3.5567296344155697 -8.2845273868051432 22.59301588449398 -2.2869921771756707 -16.580463278463707 -3.1962420151710038 -1.1417061903165633 11.935517108712999 6.1468570161664049 3.6242623491181689 2.5933628635175183 -3.9142493277238715
leaf_weight=2159 425 1499 700 64 45 91 51 711 563 353 270 97 385 341 367 539 1568 78 415 406 317 55 203 332 147 45 864 124 163 124
leaf_count=2159 425 1499 700 64 45 91 51 711 563 353 270 97 385 341 367 539 1568 78 415 406 317 55 203 332 147 45 864 124 163 124
internal_value=-0.000611021 -0.0278834 0.027829 0.0179565 -0.0152351 0.020273 -0.0396113 0.039849 -0.00791644 0.0251714 -0.00357143 0.0126254 0.0291445 -0.0405106 0.000639932 0.00766839 0.0442325 -0.00708723 -0.03319 -0.0284063 0.0327321 0.0343172 -0.0440965 -0.0244709 0.00678643 0.0108911 0.0361026 0.032457 0.00998117 -0.0243386
internal_weight=13501 6892 6609 3630 3317 3442 3575 2979 1818 2478 1441 597 1881 3524 1171 964 2279 641 1162 821 1496 1405 2362 377 500 100 1305 988 530 188
internal_count=13501 6892 6609 3630 3317 3442 3575 2979 1818 2478 1441 597 1881 3524 1171 964 2279 641 1162 821 1496 1405 2362 377 500 100 1305 988 530 188
is_linear=0
shrinkage=0.05


Tree=25
num_leaves=31
num_cat=0
split_feature=15 15 15 8 14 11 14 8 14 6 14 14 8 7 14 10 8 11 14 8 6 14 2 1 12 15 8 14 11 11
split_gain=3874.38 352.726 298.49 161.86 150.089 125.612 89.4841 79.2651 75.7769 60.8466 60.0247 51.3834 119.672 41.8304 52.6314 39.9347 37.2598 36.2968 35.4641 35.4341 144.28 101.408 35.3132 45.3173 33.3827 32.6924 32.5655 31.8421 28.3625 27.6749
threshold=2597.1250000000005 3294.8750000000005 2127.8750000000005 4.5000000000000009 2997.8750000000005 0.98899263613956456 3194.3750000000005 1.0000000180025095e-35 3432.6250000000005 484.76315789473693 2694.8750000000005 2428.3750000000005 4.5000000000000009 15.500000000000002 3603.2500000000005 0.63920241694561786 1.0000000180025095e-35 -0.8739740505118182 2555.8750000000005 4.5000000000000009 1.1710526315789476 2147.6250000000005 5.7723684210526338 8.4661184210526343 -0.064463015794845938 2432.6250000000005 3.5000000000000004 3475.3750000000005 -0.70900320270980455 -0.61915584096709908
decision_type=8 10 10 2 10 2 10 2 10 2 10 10 2 2 10 2 2 2 10 2 2 10 2 2 2 10 2 10 2 2
left_child=2 3 6 4 7 8 19 -2 9 29 -9 16 18 14 -5 -6 -4 -11 25 20 21 -1 23 -15 -19 -13 -12 -14 -26 -3
right_child=1 5 11 13 15 -7 -8 10 -10 17 26 12 27 22 -16 -17 -18 24 -20 -21 -22 -23 -24 -25 28 -27 -28 -29 -30 -31
leaf_value=-9.8369471209772428 5.1427792460242472 5.0565164727795269 -1.0909180579189184 -5.6120290455725126 8.1028139594081043 -3.7726974339675508 18.87968451782897 -2.1067501414849743 19.416778359917998 21.061131958835894 1.6201237319391339 2.0240542970850131 -3.4690626713219217 3.3405347843075788 0.66510245356506636 3.562460101432305 -4.1362514734281035 -2.7010956239018813 3.378340737656663 -14.085693432256164 12.60696890834812 -0.81426840421570434 3.99811110150024 -1.3413093872706896 -2.4686574363490763 -1.4551961705682972 -1.0100749819690236 1.3739593297252441 5.0148318384611006 8.8371284074613872
leaf_weight=1223 687 159 274 201 963 103 55 356 1621 74 625 83 1117 81 168 362 1430 62 243 1508 62 168 75 267 59 125 205 76 142 867
leaf_count=1223 687 159 274 201 963 103 55 356 1621 74 625 83 1117 81 168 362 1430 62 243 1508 62 168 75 267 59 125 205 76 142 867
internal_value=-0.00082205 0.0246327 -0.029128 0.0148083 0.0198187 0.0373219 -0.040537 0.010699 0.039196 0.0304619 0.00286436 -0.0188414 -0.0125228 -0.00542245 -0.0177027 0.0326923 -0.0249267 0.0119822 0.00940265 -0.0417117 -0.0360729 -0.0394037 0.0053066 -0.00143266 0.0032197 -0.00574163 0.0102286 -0.0208124 0.0131188 0.0365141
internal_weight=13441 7077 6364 3990 3198 3087 3016 1873 2984 1363 1186 3348 1644 792 369 1325 1704 337 451 2961 1453 1391 423 348 263 208 830 1193 201 1026
internal_count=13441 7077 6364 3990 3198 3087 3016 1873 2984 1363 1186 3348 1644 792 369 1325 1704 337 451 2961 1453 1391 423 348 263 208 830 1193 201 1026
is_linear=0
shrinkage=0.05


Tree=26
num_leaves=31
num_cat=0
split_feature=15 15 15 11 8 9 11 1 11 12 6 11 10 12 0 1 1 12 12 8 6 0 1 0 1 10 10 15 7 7
split_gain=3684.38 348.712 329.542 119.772 115.595 122.482 76.9234 57.468 47.9898 46.6355 45.9488 54.921 53.5497 72.99 44.7612 60.9195 41.5204 41.4871 40.8169 37.6032 185.676 40.6829 37.4426 36.1763 29.4484 32.9726 28.5931 28.026 26.4517 26.3711
threshold=2597.1250000000005 3294.8750000000005 2127.8750000000005 0.98899263613956456 4.5000000000000009 1.0000000180025095e-35 0.57605713708605399 24.522642543859654 0.6174544326165855 0.97650828179861848 1.3815789473684212 0.11478523713130605 0.63920241694561786 0.95938219844953276 8.5039473684210538 27.878015350877199 25.01647478070176 0.91161058030431363 -0.45943279258162384 4.5000000000000009 0.51315789473684215 19.08289473684211 16.645339912280708 21.928947368421056 5.4137883771929838 -0.51297808981038739 -0.89406062840022227 3700.3750000000005 8.5000000000000018 14.500000000000002
decision_type=8 10 10 2 2 2 2 2 2 2 2 2 2 2 2 2 2 2 2 2 2 2 2 2 2 2 2 10 2 2
left_child=2 4 19 6 5 10 9 8 18 16 11 -2 13 -12 -6 -16 26 -9 23 20 21 -1 -14 -4 -10 -26 -3 -28 -19 -15
right_child=1 3 7 -5 14 -7 -8 17 24 -11 12 -13 22 29 15 -17 -18 28 -20 -21 -22 -23 -24 -25 25 -27 27 -29 -30 -31
leaf_value=-9.0077940239897316 -0.011355630058687893 6.0047798859273147 -2.1772313438194262 -2.4469386918631586 2.3280063553191326 -10.975234119218705 20.408439441922113 1.1110712701122567 4.8458307212810503 -1.5307739704911343 8.5448382785512429 2.6268732206643679 3.2337915017647676 -1.7214148898877057 -2.3450735416043358 2.4367800582830572 24.487530597091279 -6.175615992952828 -4.9158261497319025 -13.352686167872548 17.935700291937518 -1.7645619968760458 -0.98319943697182455 1.5709100471994704 0.31876989908128056 -2.2598570219908312 4.1657455815477533 12.248713277761135 -0.14503633039232683 5.66849105477844
leaf_weight=1284 477 417 580 114 148 141 1247 269 65 70 1040 656 591 100 528 148 466 110 1109 1539 83 118 172 66 179 796 609 201 109 40
leaf_count=1284 477 417 580 114 148 141 1247 269 65 70 1040 656 591 100 528 148 466 110 1109 1539 83 118 172 66 179 796 609 201 109 40
internal_value=-0.000786759 0.0237441 -0.0286541 0.036288 0.0140401 0.0183188 0.0381933 -0.0176766 -0.0204399 0.0314342 0.0204095 0.0123898 0.0250772 0.0317528 -0.00266667 -0.00812408 0.0330874 -0.00184049 -0.0254841 -0.040562 -0.034825 -0.0391304 0.0147251 -0.015456 -0.0119116 -0.0140881 0.0282166 0.022688 -0.0179545 -0.00212766
internal_weight=13472 7165 6307 3124 4041 3217 3010 3283 2795 1763 3076 1133 1943 1180 824 676 1693 488 1755 3024 1485 1402 763 646 1040 975 1227 810 219 140
internal_count=13472 7165 6307 3124 4041 3217 3010 3283 2795 1763 3076 1133 1943 1180 824 676 1693 488 1755 3024 1485 1402 763 646 1040 975 1227 810 219 140
is_linear=0
shrinkage=0.05


Tree=27
num_leaves=31
num_cat=0
split_feature=15 14 15 8 8 14 14 9 15 14 8 14 8 14 14 14 8 14 9 8 14 14 15 12 7 6 8 14 8 14
split_gain=3408.97 377.612 318.503 202.973 192.126 82.3626 70.9793 58.1399 55.8567 55.2106 89.7616 59.2906 48.4534 45.064 44.5889 34.4401 82.9889 50.6915 34.0476 32.8376 30.8617 30.6983 30.3545 28.471 28.2243 27.1913 56.8374 25.9073 24.4211 23.3273
threshold=2568.8750000000005 3293.5000000000005 2127.8750000000005 2.5000000000000004 4.5000000000000009 2814.1250000000005 3027.6250000000005 1.0000000180025095e-35 2871.3750000000005 2247.1250000000005 4.5000000000000009 2468.3750000000005 1.0000000180025095e-35 2774.5000000000005 3578.2500000000005 2064.1250000000005 4.5000000000000009 2254.6250000000005 1.0000000180025095e-35 1.5000000000000002 3603.2500000000005 3422.3750000000005 2340.1250000000005 0.92273069556937592 16.500000000000004 3.1710526315789478 5.5000000000000009 3116.8750000000005 3.5000000000000004 2013.1250000000002
decision_type=8 10 10 2 2 10 10 2 10 10 2 10 2 10 10 10 2 10 2 2 10 10 10 2 2 2 2 10 2 10
left_child=2 3 6 7 14 -5 15 8 13 19 11 22 29 -2 -3 25 17 -17 28 -4 24 -12 -11 27 -6 -1 -27 -14 -7 -10
right_child=1 4 9 5 20 18 -8 -9 12 10 21 -13 23 -15 -16 16 -18 -19 -20 -21 -22 -23 -24 -25 -26 26 -28 -29 -30 -31
leaf_value=-12.577370221606067 0.3711223465881176 7.3285559023225124 -2.4210830913800923 -2.6524055969981646 -3.2148485217715006 2.9449876723242827 4.8868242407642928 -8.1435930620151336 3.1431479478546183 0.11382587928256954 -3.5025914578565565 2.1272714333793714 2.5161739083789145 4.1816084012679315 21.567010623930038 -2.9007689000300161 -9.5529945550598772 2.3490583570405192 -15.836727880746935 -5.6595550399881409 2.3919466556792712 0.67569619413239934 -3.2747045414593687 -0.097521315302071809 1.1852188580506435 9.8571624098258326 -22.343177833033703 5.3491661929560683 0.20984263292011748 11.714779733463764
leaf_weight=1604 473 1146 449 483 105 441 64 103 121 252 1217 360 481 162 1326 317 855 84 63 555 236 86 249 136 54 46 79 345 687 804
leaf_count=1604 473 1146 449 483 105 441 64 103 121 252 1217 360 481 162 1326 317 855 84 63 555 236 86 249 136 54 46 79 345 687 804
internal_value=-0.00099746 0.0225059 -0.0280878 0.0131279 0.0365586 -0.000477612 -0.039623 0.0218012 0.0233056 -0.016977 -0.0124711 5.80046e-05 0.0276218 0.010456 0.0417307 -0.0407401 -0.0343675 -0.0155473 0.00658557 -0.0266667 0.00416667 -0.0207439 -0.0110558 0.01973 -0.0128125 -0.0453468 -0.022619 0.0232164 0.00859167 0.0357991
internal_weight=13383 7166 6217 4299 2867 1674 3049 2625 2522 3168 2164 861 1887 635 2472 2985 1256 401 1191 1004 395 1303 501 962 159 1729 125 826 1128 925
internal_count=13383 7166 6217 4299 2867 1674 3049 2625 2522 3168 2164 861 1887 635 2472 2985 1256 401 1191 1004 395 1303 501 962 159 1729 125 826 1128 925
is_linear=0
shrinkage=0.05


Tree=28
num_leaves=31
num_cat=0
split_feature=15 15 15 14 8 14 8 14 13 8 9 14 1 1 13 8 6 14 14 8 14 6 1 14 6 14 9 6 13 14
split_gain=3270.97 359.504 310.618 163.331 119.92 142.816 116.968 80.3448 55.067 53.1161 43.1536 39.6085 33.1255 44.5786 37.126 32.8236 115.563 85.6757 31.8081 30.8812 78.2222 26.8893 25.6477 24.7743 24.2645 23.7268 22.5603 22.5121 36.5562 22.0195
threshold=2568.8750000000005 3277.6250000000005 2109.6250000000005 3400.3750000000005 4.5000000000000009 2997.8750000000005 1.5000000000000002 3027.6250000000005 0.14889004263668562 2.5000000000000004 1.0000000180025095e-35 3149.8750000000005 8.4661184210526343 26.449013157894743 0.94910885063987094 4.5000000000000009 16.736842105263161 2135.3750000000005 2634.2500000000005 3.5000000000000004 2360.1250000000005 505.25000000000006 22.466282894736846 3027.6250000000005 189.61842105263165 2804.2500000000005 1.0000000180025095e-35 495.77631578947376 0.51849435583340198 2254.6250000000005
decision_type=8 8 10 10 2 10 2 10 2 2 2 10 2 2 2 2 2 10 10 2 10 2 2 10 2 10 2 2 2 10
left_child=2 4 7 6 5 9 27 15 19 26 21 -10 14 24 -6 16 17 22 -11 20 -4 23 -1 -8 -14 -21 -2 -3 -29 -19
right_child=1 3 8 -5 12 -7 10 -9 11 18 -12 -13 13 -15 -16 -17 -18 29 -20 25 -22 -23 -24 -25 -26 -27 -28 28 -30 -31
leaf_value=-8.9924209098479206 2.2285142803119697 10.953400707526384 -2.8710749814907217 15.617276801192203 3.160333054652483 5.8661076085125394 -1.8889758371524523 13.074144372674869 -1.7249575387634195 -4.6214633162327692 -8.1713092636061226 3.1780989071294474 -1.2260795334148158 1.344982702006928 -2.5099363429735946 -12.399632294925574 13.703447631673839 -1.9246009679153531 0.060670396929424442 -4.311754279522984 1.2995041337786917 -1.4071287019880061 -3.0351066481962565 3.203707415243207 -6.0826184711932916 -3.3647823607204148 -9.1774905185780433 1.131065847911259 34.56407725836025 2.6948056006272396
leaf_weight=1053 1307 693 602 1815 129 1216 73 63 1257 116 69 92 332 187 42 1457 50 111 438 761 191 134 86 390 150 359 56 129 65 58
leaf_count=1053 1307 693 602 1815 129 1216 73 63 1257 116 69 92 332 187 42 1457 50 111 438 761 191 134 86 390 150 359 56 129 65 58
internal_value=-0.000315235 0.0222078 -0.0272431 0.0342238 0.0120156 0.0165124 0.0222973 -0.039215 -0.0166718 0.00800313 0.00644678 -0.00892593 -0.00475624 -0.00977612 0.0148256 -0.0404652 -0.034805 -0.0376623 -0.00504505 -0.0221264 -0.0145466 0.010786 -0.0425877 0.0164871 -0.0178054 -0.0274755 0.0133065 0.0341779 0.0189744 -0.00441176
internal_weight=13481 7341 6140 3368 3973 3133 1553 2878 3262 1917 666 1349 840 669 171 2815 1358 1308 554 1913 793 597 1139 463 482 1120 1363 887 194 169
internal_count=13481 7341 6140 3368 3973 3133 1553 2878 3262 1917 666 1349 840 669 171 2815 1358 1308 554 1913 793 597 1139 463 482 1120 1363 887 194 169
is_linear=0
shrinkage=0.05


Tree=29
num_leaves=31
num_cat=0
split_feature=15 15 15 11 8 11 10 10 9 13 6 12 7 7 8 6 10 0 12 1 1 1 8 10 12 12 8 9 0 1
split_gain=3097.96 365.106 308.823 117.626 114 98.1455 55.7311 57.9215 52.424 46.2118 50.4058 44.5829 42.3847 45.948 42.2455 178.156 41.5643 40.6736 39.3639 45.9748 35.471 44.2406 43.713 34.9664 53.3684 32.1783 31.0258 29.3226 28.713 28.5567
threshold=2597.1250000000005 2127.8750000000005 3294.8750000000005 0.98899263613956456 3.5000000000000004 0.6174544326165855 0.62587949062545845 0.022575936829235418 1.0000000180025095e-35 0.51849435583340198 473.78947368421063 -0.098750666093870385 5.5000000000000009 19.500000000000004 4.5000000000000009 16.736842105263161 0.22700754078277605 19.08289473684211 -0.92273922871446856 24.522642543859654 8.5820997807017552 27.878015350877199 4.5000000000000009 0.59868201182722736 0.97872324816535838 0.99049901459377832 4.5000000000000009 1.0000000180025095e-35 10.809210526315793 16.645339912280708
decision_type=8 10 10 2 2 2 2 2 2 2 2 2 2 2 2 2 2 2 2 2 2 2 2 2 2 2 2 2 2 2
left_child=1 14 4 5 8 9 7 18 12 10 -4 -12 -2 23 15 17 -9 -1 28 -20 -6 22 27 24 -14 -21 -8 -22 -3 -25
right_child=2 6 3 -5 20 -7 26 16 -10 -11 11 -13 13 -15 -16 -17 -18 -19 19 25 21 -23 -24 29 -26 -27 -28 -29 -30 -31
leaf_value=-7.6196796736177026 0.31617413166081865 2.70773774827029 5.3258510261325913 -3.9261272696459857 2.7067590803702846 18.166303098569916 -2.1073143124430316 3.9768914054908922 -7.4651019090371395 18.180539406777964 -3.1435449008034086 4.6425542586232948 7.7996770429848317 0.75685892250269271 -11.492027742775907 16.020551117434902 -0.7764886812386067 -1.2938234818553156 -3.4208931337604214 0.40601760472118259 0.88399568530708172 2.6942820992550085 -2.4075481631909725 3.2727354717976485 -0.17094667917922379 -5.3953436453869932 -5.0817794886221694 -17.062683869887405 -1.4993569642528315 -0.35168697919639275
leaf_weight=1285 300 80 914 113 211 1166 487 211 91 488 66 352 935 392 1562 78 464 115 1098 325 540 186 483 526 105 89 413 49 112 139
leaf_count=1285 300 80 914 113 211 1166 487 211 91 488 66 352 935 392 1562 78 464 115 1098 325 540 186 483 526 105 89 413 49 112 139
internal_value=-0.000863487 -0.0262896 0.0219073 0.0337258 0.0126453 0.035621 -0.0147104 -0.0106933 0.0191643 0.0283361 0.0234809 0.00906921 0.0205796 0.0230934 -0.0387701 -0.0326572 0.00170118 -0.0367595 -0.0156012 -0.018308 0.00159864 -0.00158856 -0.0054986 0.0266413 0.0323727 -0.00409639 -0.0253052 0.00364407 0.00569948 0.0176426
internal_weight=13375 6319 7056 3099 3957 2986 3279 2379 2488 1820 1332 418 2397 2097 3040 1478 675 1400 1704 1512 1469 1258 1072 1705 1040 414 900 589 192 665
internal_count=13375 6319 7056 3099 3957 2986 3279 2379 2488 1820 1332 418 2397 2097 3040 1478 675 1400 1704 1512 1469 1258 1072 1705 1040 414 900 589 192 665
is_linear=0
shrinkage=0.05


Tree=30
num_leaves=31
num_cat=0
split_feature=15 15 15 8 14 14 14 14 8 14 14 8 14 9 14 8 8 14 14 14 8 14 15 1 1 1 12 12 10 13
split_gain=2981.56 342.139 330.773 120.283 148.618 88.2261 83.0858 65.6246 54.9361 54.1605 48.3939 74.1223 71.3349 46.7387 43.9208 69.7634 41.5998 52.1636 39.5779 39.1544 38.7405 34.5312 31.8381 27.9955 26.1861 27.4731 32.8917 26.9758 24.1751 24.0675
threshold=2597.1250000000005 3455.1250000000005 2097.7500000000005 3.5000000000000004 3169.3750000000005 3554.7500000000005 2903.3750000000005 3027.6250000000005 1.0000000180025095e-35 3210.2500000000005 2203.1250000000005 4.5000000000000009 2674.1250000000005 1.0000000180025095e-35 2064.1250000000005 4.5000000000000009 1.0000000180025095e-35 2823.2500000000005 2013.1250000000002 2254.6250000000005 1.0000000180025095e-35 2885.3750000000005 3056.3750000000005 9.6870065789473703 7.6205043859649138 24.819819078947372 -0.90163369914317015 0.9252105435402006 0.42179998225932674 0.68274389090025245
decision_type=8 10 10 2 10 10 10 10 2 10 10 2 10 2 10 2 2 10 10 10 2 10 10 2 2 2 2 2 2 2
left_child=2 3 7 4 13 8 -5 14 -3 -10 20 12 -12 16 -1 19 18 -18 -2 29 -4 -13 -19 -22 -8 26 -26 -27 -23 -16
right_child=1 5 10 6 -6 -7 24 -9 9 -11 11 21 -14 -15 15 -17 17 22 -20 -21 23 28 -24 -25 25 27 -28 -29 -30 -31
leaf_value=-11.565742851598054 0.84155418936375104 19.559858580478274 -1.1577798135527246 -2.7547844206093033 7.0550755756553718 18.479271199176413 4.4704473013368213 10.285228162622502 -1.0187822761632561 5.1520639016416228 -0.77653520238231977 -3.6422923011279411 7.674483741040615 -9.9237126003936744 -2.6456459467534388 -7.9500468435283898 -0.32288217266612951 3.171391323415401 5.8496372999310786 3.1284842041826666 -2.0102166302025011 -0.29457559048640863 1.1076871047844861 -5.3097270429060819 4.6325485532903485 5.8520507119438436 -0.090177285606955593 -0.66038932727617528 -4.6366155677011198 0.26064915346535145
leaf_weight=1650 203 393 249 369 958 1180 123 58 161 465 931 959 132 95 169 725 506 461 607 68 176 344 412 582 99 207 777 69 162 61
leaf_count=1650 203 393 249 369 958 1180 123 58 161 465 931 959 132 95 169 725 506 461 607 68 176 344 412 582 99 207 777 69 162 61
internal_value=-0.000662822 0.0215566 -0.0257859 0.0141805 0.0197656 0.0379318 0.00316109 -0.0388543 0.0271078 0.0178628 -0.0156816 -0.011981 -0.00192669 0.0128228 -0.0399963 -0.0317871 0.0143151 0.00902174 0.0233046 -0.0113712 -0.0249504 -0.0192701 0.0164188 -0.0305665 0.00920846 0.00685169 0.00250855 0.0205776 -0.0086785 -0.0212121
internal_weight=13351 7085 6266 4886 3242 2199 1644 2731 1019 626 3535 2528 1063 2284 2673 1023 2189 1379 810 298 1007 1465 873 758 1275 1152 876 276 506 230
internal_count=13351 7085 6266 4886 3242 2199 1644 2731 1019 626 3535 2528 1063 2284 2673 1023 2189 1379 810 298 1007 1465 873 758 1275 1152 876 276 506 230
is_linear=0
shrinkage=0.05


Tree=31
num_leaves=31
num_cat=0
split_feature=15 15 15 11 14 14 14 14 14 15 12 9 11 12 1 11 12 11 1 11 9 14 1 11 12 14 12 3 12 11
split_gain=2712.67 358.213 325.896 111.673 101.504 70.501 57.297 51.9906 43.6533 40.7244 38.0016 46.2657 37.8078 36.8507 34.3574 43.3128 32.3526 36.5847 39.4252 32.3476 31.4887 38.0206 27.7622 31.845 27.5677 26.057 27.4537 25.7971 25.1923 24.9146
threshold=2568.8750000000005 3444.3750000000005 2097.7500000000005 0.98899263613956456 2952.3750000000005 2100.1250000000005 3603.2500000000005 2232.3750000000005 3027.6250000000005 3038.3750000000005 0.69522491211780757 1.0000000180025095e-35 0.57605713708605399 0.86440767487108461 17.340762061403513 0.33222858587828868 0.79380680106549595 -0.63257203029273779 22.466282894736846 -0.99168640063982161 1.0000000180025095e-35 2774.5000000000005 9.7736293859649148 0.88917497572200743 -0.29343379936893921 2754.2500000000005 -0.39036798905311365 3.5697368421052622 -0.60468929461279042 -0.90531874877253482
decision_type=8 10 10 2 10 10 10 10 10 10 2 2 2 2 2 2 2 2 2 2 2 10 2 2 2 10 2 2 2 2
left_child=2 4 5 6 9 -1 12 22 -7 25 11 14 13 24 15 27 -12 -18 -19 -9 21 -11 23 -4 -3 26 -2 -6 -21 -24
right_child=1 3 7 -5 10 8 -8 19 -10 20 16 -13 -14 -15 -16 -17 17 18 -20 28 -22 -23 29 -25 -26 -27 -28 -29 -30 -31
leaf_value=-10.343696454141991 0.92655947382443182 1.9873108047519397 0.46716161931924494 -3.3099615243120981 0.28505710074521179 -5.3808642238751307 18.502774383682596 3.3103629919250808 11.105148190038268 5.1801366869074403 -1.3016696575512243 -20.042544677698473 14.08948901263966 0.88060465301466595 5.7921975119146971 5.2925519725648655 -0.43506724256257034 1.3905133973960233 17.854237755196095 -0.47634034933856811 -18.296799030273544 -0.53872973478312358 0.50834395342197924 -3.9884625728068386 7.3915253205190652 0.79404882394105702 -1.632976415039866 3.2819204684052696 -2.0880067618683937 -4.2018667897698263
leaf_weight=1843 377 90 113 97 474 868 1090 64 53 487 147 43 374 153 741 657 160 264 126 630 45 152 68 130 488 579 626 187 1622 794
leaf_count=1843 377 90 113 97 474 868 1090 64 53 487 147 43 374 153 741 657 160 264 126 630 45 152 68 130 488 579 626 187 1622 794
internal_value=-0.000369194 0.0201481 -0.0247737 0.036546 0.0127221 -0.0375407 0.0388661 -0.0144506 -0.0261931 0.00485223 0.0190893 0.0224441 0.0307866 0.024112 0.0235194 0.0186505 0.00895415 0.0145191 0.0227621 -0.0101856 0.0150365 0.0178906 -0.0233725 -0.00840164 0.0298791 0.000442198 -0.00443227 0.00959215 -0.0111851 -0.0275782
internal_weight=13542 7357 6185 2292 5065 2764 2195 3421 921 2266 2799 2102 1105 731 2059 1318 697 550 390 2316 684 639 1105 243 578 1582 1003 661 2252 862
internal_count=13542 7357 6185 2292 5065 2764 2195 3421 921 2266 2799 2102 1105 731 2059 1318 697 550 390 2316 684 639 1105 243 578 1582 1003 661 2252 862
is_linear=0
shrinkage=0.05


Tree=32
num_leaves=31
num_cat=0
split_feature=15 14 15 8 8 14 14 8 15 8 14 14 14 8 15 1 14 10 0 1 15 14 15 7 14 1 14 12 1 10
split_gain=2535.29 347.989 322.339 179.89 172.005 118.653 61.509 98.1633 56.272 49.8929 44.3178 42.7436 36.9912 35.6876 34.9086 33.8962 32.6675 31.5025 45.0385 30.9369 29.8879 50.6474 36.3704 28.3978 27.0545 26.7286 26.7059 26.5946 26.5311 26.4077
threshold=2558.3750000000005 3400.3750000000005 2041.3750000000002 1.5000000000000002 4.5000000000000009 2706.8750000000005 2239.1250000000005 4.5000000000000009 2871.3750000000005 1.0000000180025095e-35 3088.1250000000005 3635.1250000000005 2495.3750000000005 3.5000000000000004 2340.1250000000005 9.7308662280701768 2894.6250000000005 0.76140650896573503 17.464473684210528 29.567626096491232 3391.6250000000005 3169.3750000000005 3016.7500000000005 14.500000000000002 2823.2500000000005 5.2020285087719307 2019.1250000000002 0.067682722635586057 9.6870065789473703 0.62587949062545845
decision_type=8 10 10 2 2 10 10 2 8 2 10 10 10 2 10 2 10 2 2 2 10 10 10 2 10 2 10 2 2 2
left_child=2 3 10 8 11 -5 9 12 24 26 25 -3 14 20 -8 27 23 19 -19 -10 21 22 -7 28 -2 -1 -4 -11 -9 -25
right_child=1 4 6 5 -6 13 7 16 17 15 -12 -13 -14 -15 -16 -17 -18 18 -20 -21 -22 -23 -24 29 -26 -27 -28 -29 -30 -31
leaf_value=-0.58668719258002966 0.42871737012673067 6.3233093504765865 -1.9437904256036518 -2.8846283739170193 0.39854620529051776 2.0454746590710102 0.70046651085581291 -2.0257172606128733 7.2069109892330063 -4.554884786595335 10.549890780536362 18.446385664498461 2.282780417525021 0.1462709463982492 -1.7706234228973472 -4.2992822016616632 -1.344237431911347 4.2903251148521235 -2.6127008592822794 -0.93758772029892734 -0.15287028102654859 5.2433021819075298 -0.35759981172541305 -0.49308016395498272 6.3100756897147789 -9.8303613027685515 0.91296087447269658 0.07474491092161771 -5.9586003194351864 -2.8210259494747336
leaf_weight=50 392 816 173 446 358 427 303 161 1224 109 45 1193 310 1048 277 928 477 322 80 56 238 370 307 307 54 2156 107 167 384 147
leaf_count=50 392 816 173 446 358 427 303 161 1224 109 45 1193 310 1048 277 928 477 322 80 56 238 370 307 307 54 2156 107 167 384 147
internal_value=-0.000305218 0.0195104 -0.024115 0.0119839 0.0352829 0.00373634 -0.0153207 -0.0103084 0.0229685 -0.0232997 -0.039143 0.0409701 0.00280584 0.00815558 -0.00464716 -0.0277178 -0.0182126 0.0271539 0.0148883 0.0309914 0.0135517 0.0170136 0.00938776 -0.02335 0.00715884 -0.040145 -0.00427046 -0.0122744 -0.031044 -0.0140659
internal_weight=13432 7331 6101 4964 2367 2836 3850 2366 2128 1484 2251 2009 890 2390 580 1204 1476 1682 402 1280 1342 1104 734 999 446 2206 280 276 545 454
internal_count=13432 7331 6101 4964 2367 2836 3850 2366 2128 1484 2251 2009 890 2390 580 1204 1476 1682 402 1280 1342 1104 734 999 446 2206 280 276 545 454
is_linear=0
shrinkage=0.05


Tree=33
num_leaves=31
num_cat=0
split_feature=15 14 15 8 8 14 14 8 14 15 14 8 13 14 14 6 14 14 8 12 14 7 6 1 1 8 6 14 1 1
split_gain=2519.49 326.989 291.702 147.127 145.816 71.4899 59.0867 124.682 53.9849 46.3145 46.6729 45.2928 44.6305 43.4451 43.2291 39.9057 36.9094 36.5498 41.8295 33.0735 31.4418 31.284 31.013 26.1935 39.2922 22.042 21.6766 26.5098 23.2908 21.8076
threshold=2558.3750000000005 3400.3750000000005 2097.7500000000005 4.5000000000000009 2.5000000000000004 2814.1250000000005 2082.1250000000005 4.5000000000000009 2261.3750000000005 3005.8750000000005 2885.3750000000005 1.0000000180025095e-35 -0.61236746317008228 3671.8750000000005 3098.6250000000005 439.51315789473693 2013.1250000000002 2894.6250000000005 3.5000000000000004 -0.26037633224328088 2468.3750000000005 14.500000000000002 5.328947368421054 9.4626096491228093 26.812282314241493 4.5000000000000009 162.30263157894743 2875.3750000000005 10.798574561403511 15.247532894736844
decision_type=8 10 10 2 2 10 10 2 10 10 10 2 2 10 10 2 10 10 2 2 10 2 2 2 2 2 2 10 2 2
left_child=2 4 6 13 9 -6 -1 8 -8 10 -2 16 26 -3 19 -7 -11 18 20 -13 22 -20 -14 -5 -25 -19 27 28 -4 -30
right_child=1 3 12 23 5 15 7 -9 -10 11 -12 14 17 -15 -16 -17 -18 25 21 -21 -22 -23 -24 24 -26 -27 -28 -29 29 -31
leaf_value=-9.774235912262407 0.83520127904454289 6.4557051239130603 1.2446449945149312 2.7934437539601618 -2.1566225505253671 1.4422882569339208 -1.2915660746214599 -6.7524091788390708 5.1693484142102424 1.2458244645047671 4.9896935282884218 2.3810534186090537 -1.5683974259504112 18.805320837188503 3.9350592764959291 -1.0157167165969896 9.89007251358953 13.926128728991422 -4.4529187901876641 -1.0246196338085611 1.8268832354183702 -1.2240955335825903 19.378072968047846 -2.786901280951986 3.1141204970035008 0.10418787871368523 -6.6794336136951191 0.50962066066108491 -4.1479808735691455 -1.2347262349701169
leaf_weight=1740 826 956 60 122 498 1125 199 748 104 98 218 193 806 1064 648 391 781 41 571 203 182 431 46 154 95 272 256 71 254 399
leaf_count=1740 826 956 60 122 498 1125 199 748 104 98 218 193 806 1064 648 391 781 41 571 203 182 431 46 154 95 272 256 71 254 399
internal_value=-0.000464842 0.019273 -0.0240091 0.0344691 0.0119731 0.00158809 -0.0359778 -0.0265684 0.000493421 0.0190195 0.0105263 0.0236227 -0.0141445 0.0397823 0.016555 0.00698748 0.0319886 -0.0103191 -0.0127639 0.00352645 -0.00570048 -0.0200399 -0.00973036 0.00551075 -0.0038 0.00557325 -0.0227666 -0.0185987 -0.0214986 -0.0242355
internal_weight=13552 7372 6180 2391 4981 2014 2791 1051 303 2967 1044 1923 3389 2020 1044 1516 879 2349 2036 396 1034 1002 852 371 249 313 1040 784 713 653
internal_count=13552 7372 6180 2391 4981 2014 2791 1051 303 2967 1044 1923 3389 2020 1044 1516 879 2349 2036 396 1034 1002 852 371 249 313 1040 784 713 653
is_linear=0
shrinkage=0.05


Tree=34
num_leaves=31
num_cat=0
split_feature=14 8 14 8 14 14 8 8 7 7 7 7 8 14 14 7 8 11 11 0 12 14 7 9 8 9 7 7 1 14
split_gain=1566.96 518.775 481.287 414.109 263.286 236.853 105.188 104.556 99.5998 73.9462 62.5045 57.46 40.4175 40.3738 39.2907 36.0235 34.5368 34.427 48.2162 44.9928 38.6461 32.0832 26.6053 26.4751 26.3851 30.0988 25.5458 25.2956 24.5768 24.5612
threshold=2885.3750000000005 1.5000000000000002 2024.8750000000002 4.5000000000000009 2190.8750000000005 3554.7500000000005 1.0000000180025095e-35 4.5000000000000009 4.5000000000000009 15.500000000000002 15.500000000000002 15.500000000000002 5.5000000000000009 3302.2500000000005 3517.8750000000005 3.5000000000000004 4.5000000000000009 0.99138911339924218 0.11478523713130605 21.202631578947372 0.98334239299093984 1789.3750000000002 2.5000000000000004 1.0000000180025095e-35 1.5000000000000002 1.0000000180025095e-35 17.500000000000004 8.5000000000000018 5.925932017543861 2019.1250000000002
decision_type=10 2 10 2 10 10 2 2 2 2 2 2 2 10 10 2 2 2 2 2 2 10 2 2 2 2 2 2 2 10
left_child=1 2 8 5 16 13 15 23 21 14 -10 22 -13 24 -5 -4 29 18 19 -17 -21 -1 -9 28 -2 -26 -8 -24 -6 -3
right_child=3 4 6 9 7 -7 26 11 10 -11 -12 12 -14 -15 -16 17 -18 -19 -20 20 -22 -23 27 -25 25 -27 -28 -29 -30 -31
leaf_value=-12.321114054636087 4.2735147659836228 -6.484629561893394 -3.1138166940121894 -3.6648455905892661 4.0523208270559286 14.939367640096556 1.4819869205698071 -1.6417117334379556 1.9866743841014569 1.0801238088250216 -3.1785114356329247 -3.3637003484877486 -0.22083346475999407 4.9057871516291245 0.023994804195854161 0.28403885980001181 -11.184644757889647 -1.0409010505896958 10.476191660556948 10.799215909031274 -2.3568140532756048 -4.5203247059728939 -7.8071312353418989 -8.4729773398474215 1.9912261869908663 -12.268453854300743 -0.73080992419003232 -4.0256639732713442 -0.52445435382090866 -2.2916364128944906
leaf_weight=321 497 454 41 525 43 1456 309 98 298 410 142 254 365 1043 263 186 1106 59 519 275 52 339 405 102 1241 57 272 439 1376 559
leaf_count=321 497 454 41 525 43 1456 309 98 298 410 142 254 365 1043 263 186 1106 59 519 275 52 339 405 102 1241 57 272 439 1376 559
internal_value=-0.000836603 -0.0149345 0.00236318 0.0197342 -0.0242887 0.0269849 0.0189323 -0.014953 -0.0234332 -0.00625521 -0.00498866 -0.0240397 -0.0121774 0.0185629 -0.0152091 0.0278023 -0.0378538 0.029533 0.0316554 0.0207198 0.0318598 -0.0357035 -0.0318134 -0.00561761 0.0140033 0.0102386 0.0016323 -0.0346746 -0.00383803 -0.0311144
internal_weight=13506 8014 2813 5492 5201 4294 1713 3082 1100 1198 440 1561 619 2838 788 1132 2119 1091 1032 513 327 660 942 1521 1795 1298 581 844 1419 1013
internal_count=13506 8014 2813 5492 5201 4294 1713 3082 1100 1198 440 1561 619 2838 788 1132 2119 1091 1032 513 327 660 942 1521 1795 1298 581 844 1419 1013
is_linear=0
shrinkage=0.05


Tree=35
num_leaves=31
num_cat=0
split_feature=15 15 15 11 0 14 14 14 10 10 14 11 12 1 1 15 1 12 10 13 10 3 11 11 10 12 1 10 1 11
split_gain=2122.64 324.046 313.672 114.899 70.2018 66.841 61.3445 55.6792 43.335 46.23 42.2679 40.1155 34.4512 34.1003 38.808 33.1308 31.8268 31.4098 30.7614 27.6484 65.1857 32.7333 32.3133 35.6967 26.0119 24.3504 32.2597 27.0717 25.5096 23.3902
threshold=2568.8750000000005 3466.2500000000005 2036.7500000000002 0.98899263613956456 12.635526315789475 3149.8750000000005 2239.1250000000005 3764.6250000000005 0.61237135649459018 -0.92274349529687905 2064.1250000000005 0.99958851518450398 0.11478755917771409 9.4626096491228093 24.522642543859654 2890.6250000000005 9.7736293859649148 0.067682722635586057 -0.73866753694953124 0.91852788691372023 0.022575936829235418 7.9618421052631581 -0.8739740505118182 -0.73284120334876357 0.54219432480460406 -0.90163369914317015 17.800137061403515 -0.8041866928211282 16.544353070175443 -0.42958798411962301
decision_type=8 8 10 2 2 10 10 10 2 2 10 2 2 2 2 10 2 2 2 2 2 2 2 2 2 2 2 2 2 2
left_child=2 5 10 4 -3 19 16 -6 9 -8 -1 -11 -7 -14 15 -15 17 -4 -16 21 -21 22 -2 24 -24 28 -27 -28 -25 -18
right_child=1 3 6 -5 7 12 8 -9 -10 11 -12 -13 13 14 18 -17 29 -19 -20 20 -22 -23 23 25 -26 26 27 -29 -30 -31
leaf_value=-10.074549532788843 3.4311336884629555 14.900898761191138 -3.5755541093072227 -3.5545324310317712 5.0162443603624984 4.3618600605990876 -2.2014856510416165 24.532165584240445 -2.5938925050311585 0.080747758493487254 -5.557931805332271 -10.144186039331409 4.6200813697892498 -2.9744692335619676 20.942386849195088 1.2754219471029729 -2.2587367942850278 0.40051364823654012 1.077305530582646 -5.0331850099045603 6.5678729276257632 2.6061272621820537 -3.3470028960715128 3.1425859844610731 1.0800988207201385 -0.062004686092950581 2.1663083197937341 -0.45439424197752487 -1.0177521808069514 -3.6492581784273401
leaf_weight=1405 221 1017 131 95 876 991 344 315 680 1404 776 45 197 102 78 449 407 204 120 183 95 239 190 312 156 1049 346 173 78 787
leaf_count=1405 221 1017 131 95 876 991 344 315 680 1404 776 45 197 102 78 449 407 204 120 183 95 239 190 312 156 1049 346 173 78 787
internal_value=-0.000441854 0.0178498 -0.0219842 0.033355 0.0356722 0.0106727 -0.0136648 0.0273909 -0.00879143 -0.00471014 -0.0372365 -0.000793103 0.0179309 0.0110876 0.0062 -0.000634058 -0.0215359 -0.0078869 0.0251256 0.00604666 -0.00896057 0.00755877 0.00587886 0.00412148 -0.0106628 0.00673813 0.00395156 0.0141346 0.0179028 -0.0253556
internal_weight=13465 7282 6183 2303 2208 4979 4002 1191 2473 1793 2181 1449 1937 946 749 551 1529 335 198 3042 278 2764 2525 2304 346 1958 1568 519 390 1194
internal_count=13465 7282 6183 2303 2208 4979 4002 1191 2473 1793 2181 1449 1937 946 749 551 1529 335 198 3042 278 2764 2525 2304 346 1958 1568 519 390 1194
is_linear=0
shrinkage=0.05


Tree=36
num_leaves=31
num_cat=0
split_feature=15 15 15 11 8 14 13 14 1 11 8 14 12 1 15 1 10 1 1 12 12 9 8 14 15 14 11 13 8 14
split_gain=1956.08 324.642 310.41 118.363 105.819 90.9206 62.0991 56.9668 56.415 52.3498 42.6547 127.784 41.2593 59.873 38.2987 43.302 35.4225 34.5951 39.8756 34.2924 34.1844 33.2344 38.3609 45.3969 37.6316 32.666 29.1509 40.7536 32.7758 52.6473
threshold=2568.8750000000005 2000.1250000000002 3518.1250000000005 0.98899263613956456 3.5000000000000004 3194.3750000000005 -0.40613878790836594 2903.3750000000005 25.189391447368426 0.57605713708605399 4.5000000000000009 2128.8750000000005 0.97650828179861848 24.819819078947372 2286.6250000000005 9.7736293859649148 0.65233619298682533 7.5498081140350886 24.522642543859654 -0.96235977360714686 0.99463153969809781 1.0000000180025095e-35 1.0000000180025095e-35 2842.1250000000005 3027.1250000000005 2007.1250000000002 0.99958851518450398 0.99530134160901229 3.5000000000000004 2468.3750000000005
decision_type=8 10 10 2 2 10 2 10 2 2 2 10 2 2 10 2 2 2 2 2 2 2 2 10 10 10 2 2 2 10
left_child=1 10 4 9 5 21 8 -6 14 12 11 -1 13 -4 15 -3 -7 -9 19 -19 26 22 25 -24 -25 -2 27 28 29 -8
right_child=2 6 3 -5 7 16 20 17 -10 -11 -12 -13 -14 -15 -16 -17 -18 18 -20 -21 -22 -23 23 24 -26 -27 -28 -29 -30 -31
leaf_value=-6.6888308752648529 0.61529964972584139 1.8322233270442212 4.3619408133805679 -3.2594359546961416 -2.1495135726367152 6.0221535812253366 -0.67866104688926043 3.9355241088841697 1.7912082814572614 14.954287019349749 -11.267643619725483 3.5439345436121017 -4.1590131402993054 18.69064585657393 -1.6999200886713881 -3.6987706259157336 1.9630508315437283 4.3667870193497498 3.2061191670888096 -0.54966558352061845 -3.6117091957648202 -8.5587897075280122 -0.19396269396511345 2.8546309433364629 0.88647432988065022 4.3700646451945664 -7.0186973597171347 5.6755415700127401 -1.6937521917945675 3.0376708203965337
leaf_weight=753 198 59 484 96 427 830 867 126 56 919 1039 100 48 352 691 936 235 79 301 838 163 112 625 412 540 659 53 62 1262 155
leaf_count=753 198 59 484 96 427 830 867 126 56 919 1039 100 48 352 691 936 235 79 301 838 163 112 625 412 540 659 53 62 1262 155
internal_value=-0.000604689 -0.0212522 0.0169665 0.0343421 0.0108304 0.0157392 -0.0136585 0.000818284 -0.0209409 0.0372228 -0.0385103 -0.0301522 0.0284746 0.0310633 -0.0225845 -0.0288655 0.0280019 0.00587361 0.00328138 -0.00190632 -0.00870074 0.0106007 0.0118275 0.00719265 0.0140609 0.020338 -0.0071875 -0.00634853 -0.00743982 -0.000782014
internal_weight=13477 6196 7281 1899 5382 3611 4304 1771 1742 1803 1892 853 884 836 1686 995 1065 1344 1218 917 2562 2546 2434 1577 952 857 2399 2346 2284 1022
internal_count=13477 6196 7281 1899 5382 3611 4304 1771 1742 1803 1892 853 884 836 1686 995 1065 1344 1218 917 2562 2546 2434 1577 952 857 2399 2346 2284 1022
is_linear=0
shrinkage=0.05


Tree=37
num_leaves=31
num_cat=0
split_feature=14 8 7 8 14 8 14 14 14 7 7 6 1 5 2 14 11 6 7 11 1 11 13 7 14 14 1 12 7 1
split_gain=1307.53 520.801 453.873 284.306 208.356 205.463 129.85 123.536 105.887 80.4365 65.6445 49.5728 53.7485 36.4189 40.9761 34.424 31.8449 31.0506 30.6859 29.1361 28.3634 27.2132 26.7188 25.761 25.5001 24.56 23.9798 30.1032 21.9494 21.7712
threshold=2997.8750000000005 4.5000000000000009 3.5000000000000004 4.5000000000000009 3541.3750000000005 1.0000000180025095e-35 2013.1250000000002 2274.1250000000005 2019.1250000000002 15.500000000000002 21.500000000000004 297.93421052631589 24.819819078947372 8.0739684903047095 1.7552631578947386 2247.1250000000005 -0.8739740505118182 275.14473684210532 18.500000000000004 0.99981043035926087 9.7736293859649148 -0.93845867424155849 -0.96235810494626717 7.5000000000000009 2468.3750000000005 3764.6250000000005 23.534649122807021 0.93771544905322102 15.500000000000002 11.765268640350881
decision_type=10 2 2 2 10 2 10 8 10 2 2 2 2 2 2 10 2 2 2 2 2 2 2 2 10 10 2 2 2 2
left_child=1 2 8 4 17 6 28 -3 -1 20 16 23 -13 14 -11 -12 -7 -2 22 29 -9 -19 -8 -5 -20 -6 -10 -28 -4 -18
right_child=3 7 5 11 25 10 18 9 26 13 15 12 -14 -15 -16 -17 19 21 24 -21 -22 -23 -24 -25 -26 -27 27 -29 -30 -31
leaf_value=-6.5097132780285625 3.3351917039739081 -9.0028977523487193 1.0039200346451025 -1.7834632555300574 7.3295137969455944 2.6824124084951793 0.69176767944020412 -2.0036027238851033 -1.5922011904643114 -1.9888400368340855 -3.2636934932928057 -5.5736300129800274 1.4300523207396509 1.7207381867254754 1.570714192059677 -0.85980114965786925 0.85825599616416648 7.7051530800866885 0.40615479391499321 -9.415583538239515 -5.1665534223561282 1.8405168627598414 10.516348253369427 0.97328836939475427 5.5478077342899725 18.96907266838225 1.5499400229295475 -3.8767330986801429 -2.628317315919253 -0.27034490293394814
leaf_weight=889 1392 1294 336 118 698 133 69 238 477 460 304 252 138 71 129 331 523 57 176 44 657 931 792 483 91 803 162 57 114 1197
leaf_count=889 1392 1294 336 118 698 133 69 238 477 460 304 252 138 71 129 331 523 57 176 44 657 931 792 483 91 803 162 57 114 1197
internal_value=-4.47194e-05 -0.0118315 -0.00309867 0.0206238 0.0267259 0.00566772 0.0198227 -0.0292807 -0.0258197 -0.0197622 -0.00315831 -0.00327621 -0.0171355 -0.0065053 -0.0105932 -0.0170597 0.00150158 0.0175136 0.0288751 -0.000283286 -0.0295201 0.0107179 0.0334687 0.0057309 0.0139925 0.0413116 -0.0111908 0.0025 -0.00288248 0.000755375
internal_weight=13416 8544 5695 4872 3881 4110 1578 2849 1585 1555 2532 991 390 660 589 635 1897 2380 1128 1764 895 988 861 601 267 1501 696 219 450 1720
internal_count=13416 8544 5695 4872 3881 4110 1578 2849 1585 1555 2532 991 390 660 589 635 1897 2380 1128 1764 895 988 861 601 267 1501 696 219 450 1720
is_linear=0
shrinkage=0.05


Tree=38
num_leaves=31
num_cat=0
split_feature=14 8 14 8 8 14 6 14 14 6 1 6 14 11 8 1 1 13 13 9 8 14 10 14 6 11 3 11 10 1
split_gain=1229.37 505.983 396.674 265.088 260.785 172.1 149.075 136.801 69.5677 49.8826 45.7894 43.5522 43.1555 42.0408 34.8892 33.2429 48.1879 28.8186 28.7778 30.1941 26.2605 53.0035 23.9553 21.6029 21.2644 20.6909 26.5695 28.1739 39.1273 18.4635
threshold=3107.8750000000005 4.5000000000000009 2019.1250000000002 4.5000000000000009 1.0000000180025095e-35 3685.7500000000005 21.605263157894743 2093.8750000000005 2239.1250000000005 353.21052631578954 25.01647478070176 0.51315789473684215 2585.8750000000005 0.99981043035926087 3.5000000000000004 9.6870065789473703 26.64771910919541 -0.92923506988415838 0.97009571160424379 1.0000000180025095e-35 1.5000000000000002 1777.1250000000002 -0.048361574224334618 2624.1250000000005 338.76315789473693 0.9863035000474919 1.1684210526315797 -0.86548532668110156 -0.67803021058859214 22.862911184210528
decision_type=10 2 10 2 2 10 2 8 10 2 2 2 10 2 2 2 2 2 2 2 2 10 2 10 2 2 2 2 2 2
left_child=1 2 6 5 11 14 20 -3 -6 -5 -11 12 -4 18 24 -9 -17 -16 19 23 21 -1 -20 -10 -2 26 27 -13 -29 -26
right_child=3 7 4 9 8 -7 -8 15 13 10 -12 25 -14 -15 17 16 -18 -19 22 -21 -22 -23 -24 -25 29 -27 -28 28 -30 -31
leaf_value=-10.323903667600185 4.1317449120216683 -11.39618461583175 0.28309897100722309 0.72291403035281976 -1.5311970676221336 15.576555693810679 2.8149315373144645 -1.4223665567388253 -0.27984424335570568 -6.1648702260396249 1.6589948508893941 19.021503137178936 7.8691158741860479 -6.9442196104109488 -0.98657003533544418 -4.5414265238913689 -0.79381792458857492 2.9937083574084 -0.31953264636276801 -12.650697772115075 -5.5378657852424684 -2.5909413010472009 8.678396191450588 0.79844441918332909 2.386606670995707 -1.1739749914422875 14.625123345298062 4.7237237610770535 -0.94073239023707633 6.2367874987197869
leaf_weight=318 1189 789 292 560 841 1069 224 567 978 187 93 139 96 50 97 1329 321 520 63 78 432 542 111 1379 449 45 296 182 126 125
leaf_count=318 1189 789 292 560 841 1069 224 567 978 187 93 139 96 50 97 1329 321 520 63 78 432 542 111 1379 449 45 296 182 126 125
internal_value=-0.000366993 -0.0106751 -0.00250283 0.0217366 0.00470387 0.0278696 -0.0247198 -0.0275025 -0.00214225 -0.00344828 -0.0206406 0.0250637 0.0113111 0.00182331 0.0203696 -0.0211226 -0.0247123 0.0101133 0.00270115 0.0012931 -0.0312452 -0.0261324 0.0222857 0.00231128 0.0239512 0.0318124 0.0338038 0.0260045 0.0174757 0.016
internal_weight=13487 9198 6192 4289 4676 3449 1516 3006 3500 840 280 1176 388 2659 2380 2217 1650 617 2609 2435 1292 860 174 2357 1763 788 743 447 308 574
internal_count=13487 9198 6192 4289 4676 3449 1516 3006 3500 840 280 1176 388 2659 2380 2217 1650 617 2609 2435 1292 860 174 2357 1763 788 743 447 308 574
is_linear=0
shrinkage=0.05


Tree=39
num_leaves=31
num_cat=0
split_feature=15 15 14 8 8 14 8 14 8 8 10 1 8 14 15 10 7 15 14 13 6 14 15 15 14 12 14 12 6 12
split_gain=1687.29 371.785 256.122 113.308 69.0382 66.671 115.51 62.7668 92.915 63.83 46.0802 39.8175 39.7086 58.6052 49.99 39.3239 36.0757 35.1847 34.5307 30.9176 30.4576 28.3762 34.5406 27.7332 26.2167 22.5965 22.0624 21.8448 21.607 21.5958
threshold=2740.1250000000005 2041.3750000000002 3603.2500000000005 3.5000000000000004 4.5000000000000009 2050.1250000000005 4.5000000000000009 2634.2500000000005 4.5000000000000009 3.5000000000000004 0.62587949062545845 9.6870065789473703 1.5000000000000002 3116.8750000000005 3493.3750000000005 0.76140650896573503 15.500000000000002 2202.0000000000005 2254.6250000000005 -0.70291145964310642 91.197368421052644 2239.1250000000005 2333.6250000000005 3212.2500000000005 2903.3750000000005 -0.3098332921407298 3210.2500000000005 0.80417553764032002 195.84210526315795 0.04621502027255215
decision_type=8 10 10 2 2 10 2 10 2 2 2 2 2 10 10 2 2 10 10 2 2 10 10 10 10 2 10 2 2 2
left_child=1 5 3 12 19 -1 18 9 29 20 17 -11 14 27 15 -2 -13 -10 -7 -4 21 -3 -23 -15 -5 -18 -25 -14 -26 -9
right_child=2 7 4 24 -6 6 -8 8 10 11 -12 16 13 23 -16 -17 25 -19 -20 -21 -22 22 -24 26 28 -27 -28 -29 -30 -31
leaf_value=-8.1896025065457945 3.8129273991310018 -1.4560853846167903 0.78072956350893041 -2.7405602072901161 1.4757949008431184 -0.5499292140723242 -5.8625472826668101 1.368637665385245 -4.1205796537373773 -0.77401556962918228 -3.7163562230440679 -4.4994176694945285 0.46892036306915091 6.1165267103106089 10.304607384454153 0.64020026562304799 -0.2390128968804561 0.17153584120123924 5.7893802455043897 12.754291250272605 14.29626077417031 1.3543521690403395 -0.8563871846626967 -2.2496095094306385 0.99423160400058352 -3.0677536617870715 2.7330275221505307 -1.7044473811396301 -0.86126666291669385 5.9147166161969498
leaf_weight=1403 1152 1031 47 236 180 154 626 200 95 308 305 645 539 261 521 389 226 787 78 1227 72 237 474 83 528 252 684 137 396 182
leaf_count=1403 1152 1031 47 236 180 154 626 200 95 308 305 645 539 261 521 389 226 787 78 1227 72 237 474 83 528 252 684 137 396 182
internal_value=-0.000308413 -0.0171213 0.0183357 0.0128882 0.0367698 -0.0338417 -0.0228172 -0.00926272 -0.00105096 -0.0132317 -0.00795455 -0.0211243 0.0170958 0.011437 0.0217644 0.0172179 -0.0254893 -0.00215176 0.00729614 0.0408627 -0.00699725 -0.00831899 -0.000632022 0.0189504 -0.000775194 -0.0150313 0.0141276 0 0.00302703 0.0203655
internal_weight=13455 7075 6380 4926 1454 2261 858 4814 1569 3245 1187 1431 3766 1704 2062 1541 1123 882 232 1274 1814 1742 711 1028 1160 478 767 676 924 382
internal_count=13455 7075 6380 4926 1454 2261 858 4814 1569 3245 1187 1431 3766 1704 2062 1541 1123 882 232 1274 1814 1742 711 1028 1160 478 767 676 924 382
is_linear=0
shrinkage=0.05


Tree=40
num_leaves=31
num_cat=0
split_feature=15 15 14 8 8 14 8 8 14 14 8 14 15 11 6 6 14 10 11 14 14 14 7 6 1 1 15 1 10 14
split_gain=1446.35 375.553 247.368 109.524 79.4135 60.6187 87.3468 66.9456 53.7969 51.4337 110.098 50.6492 45.5042 60.0393 39.1894 37.4167 33.9964 33.4668 30.554 29.7056 26.8274 23.7555 26.9827 21.6989 20.3856 23.0429 19.9749 19.5181 19.5533 23.861
threshold=2749.3750000000005 2000.1250000000002 3635.1250000000005 2.5000000000000004 4.5000000000000009 2754.2500000000005 4.5000000000000009 1.5000000000000002 3068.1250000000005 2087.3750000000005 4.5000000000000009 2128.8750000000005 3518.1250000000005 0.98899263613956456 37.092105263157897 21.605263157894743 3277.1250000000005 0.62587949062545845 0.57605713708605399 1869.3750000000002 3764.6250000000005 3517.8750000000005 15.500000000000002 308.67105263157902 9.7308662280701768 8.6816885964912291 3005.8750000000005 24.311842105263164 -0.53493989022977317 3309.6250000000005
decision_type=8 10 10 2 2 10 2 2 10 10 2 10 10 2 2 2 10 2 2 10 10 10 2 2 2 2 10 2 2 10
left_child=1 9 3 12 20 7 -7 15 -5 -1 -11 -9 16 18 -13 19 -2 21 -14 -3 -4 22 -8 -19 25 -16 -6 -10 29 -29
right_child=2 5 4 8 26 6 17 11 27 10 -12 14 13 -15 24 -17 -18 23 -20 -21 -22 -23 -24 -25 -26 -27 -28 28 -30 -31
leaf_value=-9.1174159446536809 1.5743540135924605 -2.4774848343392932 6.3453165047508833 -1.2488574975396434 2.6503429581796696 6.8526089569693118 -1.5763000878510525 -3.6762242609535178 1.070465730504111 2.8338368853516727 -6.0725193328303249 -1.0052641704265397 5.2826335645202906 -4.9779285560278712 -2.9076776180360642 9.8446230757288511 4.6417326705755952 -1.3447179023411993 14.043453170907298 0.060844789938050786 16.338920069183839 1.9682012660542569 0.99722329811431798 -6.8371190584206154 -3.7906304144317122 1.7111544098327045 -1.7460029209713868 -2.353005427116432 6.6499231514946588 4.7060414818420666
leaf_weight=1351 1850 223 396 655 100 250 442 664 1135 134 415 1761 354 44 67 105 428 148 260 687 770 123 189 98 411 46 62 46 102 45
leaf_count=1351 1850 223 396 655 100 250 442 664 1135 134 415 1761 354 44 67 105 428 148 260 687 770 123 189 98 411 46 62 46 102 45
internal_value=-0.00080452 -0.0162193 0.0167494 0.0115752 0.0358916 -0.00928092 0.000319744 -0.0123077 0.00249496 -0.0352446 -0.0222727 -0.0161186 0.0177051 0.0292868 -0.0125766 -0.00123031 0.0143484 -0.00629371 0.0333333 -0.00450055 0.0404456 -0.0010596 -0.00498418 -0.0222672 -0.0245714 -0.00570175 0.00306748 0.0082769 0.0229381 0.00597826
internal_weight=13361 7114 6247 4919 1328 5214 1250 3964 1983 1900 549 2949 2936 658 2285 1015 2278 1000 614 910 1166 754 631 246 524 113 162 1328 193 91
internal_count=13361 7114 6247 4919 1328 5214 1250 3964 1983 1900 549 2949 2936 658 2285 1015 2278 1000 614 910 1166 754 631 246 524 113 162 1328 193 91
is_linear=0
shrinkage=0.05


Tree=41
num_leaves=31
num_cat=0
split_feature=14 8 7 8 14 14 8 14 14 7 11 8 7 13 8 11 1 3 7 11 1 8 14 6 7 7 13 8 11 11
split_gain=962.291 388.401 313.076 265.079 222.684 156.134 114.759 87.1937 86.5523 60.142 56.1956 53.3403 53.0991 42.58 36.5023 33.2003 33.1094 31.8728 37.6031 31.2719 51.5839 29.8664 43.8553 29.6265 28.9737 28.9083 28.5332 26.1185 25.5843 30.9615
threshold=2885.3750000000005 3.5000000000000004 3.5000000000000004 4.5000000000000009 3764.6250000000005 2082.1250000000005 1.0000000180025095e-35 2000.3750000000002 2024.8750000000002 14.500000000000002 0.60383265664488517 4.5000000000000009 15.500000000000002 0.70747208174348741 1.0000000180025095e-35 0.99958851518450398 25.369106359649127 9.2881578947368446 21.500000000000004 0.99138911339924218 10.648108552631582 1.5000000000000002 1750.3750000000002 301.09210526315798 18.500000000000004 21.500000000000004 -0.97113716369942038 5.5000000000000009 -0.8739740505118182 -0.65883892954715351
decision_type=10 2 2 2 10 8 2 10 10 2 2 2 2 2 2 2 2 2 2 2 2 2 10 2 2 2 2 2 2 2
left_child=1 2 7 4 10 -3 8 14 -4 11 13 -7 -5 23 -1 25 17 18 -11 20 -10 22 -16 -2 26 28 -22 -14 -8 -30
right_child=3 5 6 12 -6 9 15 -9 19 16 -12 -13 27 -15 21 -17 -18 -19 -20 -21 24 -23 -24 -25 -26 -27 -28 -29 29 -31
leaf_value=-11.504451354540596 2.2747305462637768 -9.0196820452232256 -0.25790452586265927 -1.9048265452353235 15.812130684299769 -0.6967115005676533 3.3476675266379061 -0.99348492005881328 11.557507624036134 -0.99014828401284383 4.6171382951242324 -4.4049219550019814 0.18240367229992671 6.5673265275772001 -4.8026815081871526 -8.2486529660291126 1.9403335321783288 1.5288012815867889 -4.0458215656697574 -1.9316101832914911 -1.056376195460939 -4.4684836804152157 -0.028623453132490796 0.93232815183898765 0.37485355281655758 -1.2123783586544619 5.6166203240887178 2.9051013177491996 -2.1093879852081274 0.49004381262936936
leaf_weight=274 1284 969 481 801 785 353 90 569 338 641 827 1140 322 310 77 59 132 94 181 61 53 194 185 1032 177 474 451 94 183 827
leaf_count=274 1284 969 481 801 785 353 90 569 338 641 827 1140 322 310 77 59 132 94 181 61 53 194 185 1032 177 474 451 94 183 827
internal_value=-0.000512668 -0.0115505 -0.00181353 0.01568 0.0215853 -0.0240103 0.00660407 -0.0225 0.0162932 -0.0174862 0.0161118 -0.023929 -0.00488506 0.0125238 -0.0339261 -0.00266218 -0.00829361 -0.0116685 -0.0148238 0.0241443 0.0262255 -0.0251641 -0.0140684 0.0101856 0.0182551 -0.00126984 0.0243564 0.00959233 0.00317893 0.000890208
internal_weight=13458 8003 4493 5455 4238 3510 3194 1299 1561 2541 3453 1493 1217 2626 730 1633 1048 916 822 1080 1019 456 262 2316 681 1574 504 416 1100 1010
internal_count=13458 8003 4493 5455 4238 3510 3194 1299 1561 2541 3453 1493 1217 2626 730 1633 1048 916 822 1080 1019 456 262 2316 681 1574 504 416 1100 1010
is_linear=0
shrinkage=0.05


Tree=42
num_leaves=31
num_cat=0
split_feature=15 15 15 11 15 8 3 13 7 1 11 8 6 1 1 9 1 11 11 11 1 8 2 6 7 9 2 1 6 7
split_gain=1363.06 358.202 205.174 97.0572 65.5647 56.2036 49.6077 48.6371 38.4948 38.4633 44.422 37.3692 55.8807 39.1534 34.4836 33.209 30.5611 31.2813 29.953 37.1544 29.705 34.6136 37.7381 39.8767 43.0698 27.9904 27.8924 31.0782 24.7688 24.0148
threshold=2789.2500000000005 1975.1250000000002 3578.6250000000005 0.98899263613956456 2379.6250000000005 2.5000000000000004 3.751315789473685 -0.94139465211055529 21.500000000000004 25.01647478070176 -0.78858226040708135 4.5000000000000009 12.92105263157895 23.534649122807021 5.2020285087719307 1.0000000180025095e-35 11.909402412280704 0.88917497572200743 -0.9260227363677036 0.1318557721318592 8.0635142543859661 4.5000000000000009 4.4144736842105265 447.94736842105266 18.500000000000004 1.0000000180025095e-35 4.5539473684210554 5.4137883771929838 23.013157894736846 16.500000000000004
decision_type=8 10 10 2 10 2 2 2 2 2 2 2 2 2 2 2 2 2 2 2 2 2 2 2 2 2 2 2 2 2
left_child=1 14 5 6 7 18 9 -3 15 -4 -11 12 13 16 -1 26 17 -9 28 25 -7 22 23 24 -22 -20 27 -6 -2 -23
right_child=2 4 3 -5 8 20 -8 11 -10 10 -12 -13 -14 -15 -16 -17 -18 -19 19 -21 21 29 -24 -25 -26 -27 -28 -29 -30 -31
leaf_value=1.7136362817187889 0.94165334973251902 -3.2532601993104437 3.422450890904702 -4.2436093901554619 27.807496650563692 3.6462255240107879 11.699461092703793 0.64517788423655709 -2.4460250837238164 17.998476493902242 -1.3070446120035628 -2.2004511897544035 15.763900208883378 1.2627681696389346 -7.6466882927765596 -10.414019576215606 -1.8036978703576325 -2.0356057521682147 1.3556279358699612 3.1666136225487209 1.8460476992935129 -2.7738101012927245 6.1012670645311688 -2.2816230335612206 -1.0947567550870645 -18.495669517088324 2.1642594345833688 -0.26290104191049296 10.759160394408855 0.52191036946402392
leaf_weight=42 69 453 378 77 47 168 871 314 233 274 60 1239 88 244 1619 67 708 290 1173 993 815 188 276 224 194 45 230 1738 173 152
leaf_count=42 69 453 378 77 47 168 871 314 233 274 60 1239 88 244 1619 67 708 290 1173 993 815 188 276 224 194 45 230 1738 173 152
internal_value=-0.000245481 -0.0148229 0.0171424 0.0321493 -0.00881989 0.0115634 0.0348169 -0.0133054 -0.0023532 0.0249649 0.0373134 -0.010905 -0.00595745 -0.00815671 -0.0352286 -0.000192031 -0.0115765 -0.00330579 0.0166463 0.0148056 0.00537661 0.00354054 0.00678808 0.0030389 0.00727723 0.00894176 0.000967262 -0.00114782 0.0333333 -0.0108504
internal_weight=13442 7312 6130 1660 5651 4470 1583 3336 2315 712 334 2883 1644 1556 1661 2082 1312 604 2453 2211 2017 1849 1509 1233 1009 1218 2015 1785 242 340
internal_count=13442 7312 6130 1660 5651 4470 1583 3336 2315 712 334 2883 1644 1556 1661 2082 1312 604 2453 2211 2017 1849 1509 1233 1009 1218 2015 1785 242 340
is_linear=0
shrinkage=0.05


Tree=43
num_leaves=31
num_cat=0
split_feature=14 14 8 8 14 8 7 8 6 8 14 8 14 14 6 13 1 1 9 2 3 7 1 7 3 11 11 10 3 14
split_gain=967.808 417.602 337.971 158.004 130.917 112.968 106.771 103.027 111.839 60.7698 57.1195 51.9666 44.8901 35.4946 50.6206 30.3988 27.7384 30.0442 25.0655 24.7713 27.6246 24.6054 23.1555 21.0011 20.5154 32.1295 21.2515 31.1671 20.326 18.8155
threshold=3220.2500000000005 2050.1250000000005 1.5000000000000002 4.5000000000000009 3764.6250000000005 4.5000000000000009 14.500000000000002 3.5000000000000004 2.6973684210526323 1.0000000180025095e-35 2485.1250000000005 5.5000000000000009 1762.1250000000002 2612.8750000000005 0.51315789473684215 -0.89404254237865755 11.428618421052633 26.64771910919541 1.0000000180025095e-35 4.8539473684210526 8.5513157894736853 14.500000000000002 26.23933662280702 20.500000000000004 0.51973684210526294 0.9863035000474919 -0.86548532668110156 -0.67803021058859214 8.0092105263157922 2923.3750000000005
decision_type=10 10 2 2 10 2 2 2 2 2 10 2 10 10 2 2 2 2 2 2 2 2 2 2 2 2 2 2 2 10
left_child=1 7 9 4 15 10 16 8 12 13 -4 22 -1 14 -3 -2 29 -18 -12 20 -13 -20 23 -8 26 -26 -16 -28 -5 -7
right_child=3 2 5 28 -6 6 11 -9 -10 -11 18 19 -14 -15 24 -17 17 -19 21 -21 -22 -23 -24 -25 25 -27 27 -29 -30 -31
leaf_value=-7.9898448254531793 1.0749328103192057 -0.0065536521244666801 -0.99183950120666398 -0.573333468608621 14.57405109544959 -3.0727810651489964 -1.3731539981062726 -8.9534330670858377 2.089267787188692 0.61712427063935138 0.48353369288136039 -0.4153039050387406 -2.4052027105317735 10.934359950134969 13.537643952121039 3.8653328288356534 -5.8923006522145336 -1.2855960563044961 -17.282228129053205 2.9078969371376617 1.5998290245860745 1.1151414286890942 0.93227694635661473 -3.940439338593194 10.795567874807455 -1.3478492046191377 3.2648702012739594 -2.7941973169134147 2.5473196817427608 0.66902987632952327
leaf_weight=310 386 270 1170 554 773 436 251 859 267 945 1668 430 924 218 87 1747 744 214 60 71 90 45 53 170 266 44 148 93 117 64
leaf_count=310 386 270 1170 554 773 436 251 859 267 945 1668 430 924 218 87 1747 744 214 60 71 90 45 53 170 266 44 148 93 117 64
internal_value=-0.00019295 -0.00824914 -0.00250066 0.0220933 0.0271414 -0.00901774 -0.0167789 -0.0265989 -0.0186751 0.0146959 -0.00236073 -0.00473734 -0.0250202 0.0225377 0.0181518 0.0207357 -0.0255655 -0.0305527 0.00329763 0.00515203 0.00134357 -0.020283 -0.0170526 -0.0209716 0.0258216 0.0350482 0.0170213 0.00929752 0.000223214 -0.0159681
internal_weight=13474 9897 7537 3577 2906 5466 2523 2360 1501 2071 2943 1065 1234 1126 908 2133 1458 958 1773 591 520 105 474 421 638 310 328 241 671 500
internal_count=13474 9897 7537 3577 2906 5466 2523 2360 1501 2071 2943 1065 1234 1126 908 2133 1458 958 1773 591 520 105 474 421 638 310 328 241 671 500
is_linear=0
shrinkage=0.05


Tree=44
num_leaves=31
num_cat=0
split_feature=15 15 14 15 15 11 11 14 14 13 6 14 10 6 10 10 10 1 9 13 12 1 11 7 2 11 11 10 11 1
split_gain=1128.73 291.912 281.984 67.508 67.3855 58.2551 83.5043 55.8387 43.6403 42.8004 43.092 39.7126 39.0032 37.0989 34.7541 37.161 34.9735 31.2936 29.7971 29.7364 28.9045 49.9339 28.7079 31.6223 30.9957 28.4451 40.967 27.8574 26.3636 25.1505
threshold=2568.8750000000005 1975.1250000000002 3685.7500000000005 3444.3750000000005 2908.3750000000005 0.60383265664488517 0.98005052076767474 2172.3750000000005 2634.2500000000005 0.5475998096715059 757.23684210526324 2057.1250000000005 -0.022576249993022688 0.17105263157894737 0.61237135649459018 0.091259403071267925 0.26037272046371446 25.01647478070176 1.0000000180025095e-35 0.90438663683299525 -0.55657263146136127 24.522642543859654 -0.72102888505294738 9.5000000000000018 2.5342105263157912 0.60383265664488517 0.89691351184655443 -0.75015329512557194 0.097680735332368748 17.678536184210532
decision_type=8 10 10 8 10 2 2 10 10 2 2 10 2 2 2 2 2 2 2 2 2 2 2 2 2 2 2 2 2 2
left_child=1 11 4 -4 8 9 13 25 -2 10 18 -1 -8 -7 15 20 -17 19 22 -11 -9 -22 -6 29 28 -3 -27 -23 -25 -24
right_child=2 7 3 -5 5 6 12 14 -10 17 -12 -13 -14 -15 -16 16 -18 -19 -20 -21 21 27 23 24 -26 26 -28 -29 -30 -31
leaf_value=-8.0432614137315461 -1.4122130752817499 -2.3952015179188382 2.4985393873666797 10.808521154847359 -1.1834246892547071 2.2349929009907785 -4.1691458095823464 0.42047230237045596 0.66403811799073087 4.3396182609072529 -2.8294369525836829 -4.1423879313673408 8.427072565743515 8.0800986895773921 -1.7387881060344625 3.2242691353525972 0.036887498202963796 6.626859477051358 -16.05851715454553 -6.3925987190879372 -2.3634569642966881 2.2167449237419876 2.2705459002739645 -0.53912339546109256 3.7720626940099922 0.64089829397482845 -3.3062333100722983 -0.57087390038047947 1.4447552772226118 4.0615159069182827
leaf_weight=1151 600 1122 256 978 293 393 156 456 1220 180 191 521 56 450 838 181 389 215 65 64 721 108 476 534 249 217 233 287 699 204
leaf_count=1151 600 1122 256 978 293 393 156 456 1220 180 191 521 56 450 838 181 389 215 65 64 721 108 476 534 249 217 233 287 699 204
internal_value=-0.000159212 -0.0157912 0.0132074 0.0349798 0.00875786 0.012222 0.0223958 -0.00922469 0.000713893 0.00883002 0.00643437 -0.0336521 -0.0056338 0.0294431 -0.0051996 -0.00181988 0.00910683 0.0229348 0.00817136 0.0106122 -0.00578512 -0.0101164 0.00905945 0.0110495 0.00694538 -0.0168468 -0.00620843 0.00416667 0.0036872 0.0199706
internal_weight=13503 6224 7279 1234 6045 4225 1055 4552 1820 3170 2711 1672 212 843 2980 2142 570 459 2520 244 1572 1116 2455 2162 1482 1572 450 395 1233 680
internal_count=13503 6224 7279 1234 6045 4225 1055 4552 1820 3170 2711 1672 212 843 2980 2142 570 459 2520 244 1572 1116 2455 2162 1482 1572 450 395 1233 680
is_linear=0
shrinkage=0.05


Tree=45
num_leaves=31
num_cat=0
split_feature=15 15 14 14 15 14 11 11 10 9 6 11 11 1 1 15 9 1 12 1 12 11 1 6 6 15 12 10 11 12
split_gain=980.876 341.622 223.741 65.7136 60.1584 55.4032 48.567 77.4271 52.6431 39.5293 47.5559 49.3652 52.3018 54.6838 36.4504 36.0779 35.0459 43.5074 35.8617 42.125 45.8094 38.2768 37.3324 33.7429 28.1141 27.2728 26.3365 27.4258 26.1648 25.6061
threshold=2789.2500000000005 2041.3750000000002 3712.7500000000005 2030.1250000000002 3347.1250000000005 2684.8750000000005 0.60383265664488517 0.98005052076767474 0.039769539193789977 1.0000000180025095e-35 1.3815789473684212 -0.88220415136009767 -0.60555643346685839 22.686211622807022 25.01647478070176 2279.1250000000005 1.0000000180025095e-35 9.6870065789473703 -0.39036798905311365 24.522642543859654 0.93771544905322102 -0.65883892954715351 16.96132127192983 1.0000000180025095e-35 227.77631578947373 1884.2500000000002 0.067682722635586057 -0.24372957273992746 0.96633974041180493 -0.0053757035942445328
decision_type=8 10 10 10 8 10 2 2 2 2 2 2 2 2 2 10 2 2 2 2 2 2 2 2 2 10 2 2 2 2
left_child=1 3 6 25 -4 16 9 23 -9 10 -2 14 -13 24 -12 -7 17 26 -19 21 -21 -20 -23 -8 -14 -1 27 -3 -5 -26
right_child=2 5 4 28 -6 15 7 8 -10 -11 11 12 13 -15 -16 -17 -18 18 19 20 -22 22 -24 -25 29 -27 -28 -29 -30 -31
leaf_value=-10.416525491408823 -0.31191678841516934 0.21774395347548536 1.0666784190764476 -3.2007552686071565 11.112209651872218 -2.1509439792906391 1.9101292315087222 -3.5662070973533448 8.6438106045919891 -13.227914468464974 3.2948550893454809 -0.68105841287531355 2.2100226583955873 9.2138777340645337 9.0362657820381411 0.62644625369177909 -13.588542192082901 -0.28371849610706479 -7.5664879656268802 1.8660164474606746 -2.2458805096503283 -2.7380154736514215 -0.68511076850189745 7.1817661375177071 -0.63372270046954782 -2.6167976402454203 1.0094436637629998 -3.5853855575729767 1.2983430571542045 2.0339079154680806
leaf_weight=755 607 172 143 864 923 224 501 201 56 104 250 653 793 154 238 1350 129 932 117 223 242 703 420 483 490 572 473 104 96 505
leaf_count=755 607 172 143 864 923 224 501 201 56 104 250 653 793 154 238 1350 129 932 117 223 242 703 420 483 490 572 473 104 96 505
internal_value=-0.000204036 -0.0124712 0.0146264 -0.0285184 0.0354264 -0.0052554 0.0102164 0.0188003 -0.00562016 0.00740448 0.00826334 0.0107815 0.00803159 0.0121462 0.0253579 0.00253968 -0.00874573 -0.00776498 -0.0107847 -0.0150938 -0.00225322 -0.0199033 -0.0170374 0.0251777 0.00967021 -0.0357304 0.00286667 -0.00938628 -0.0185224 0.00406627
internal_weight=13477 7376 6101 2287 1066 5089 5035 1241 257 3794 3690 3083 2595 1942 488 1574 3515 3386 2637 1705 465 1240 1123 984 1788 1327 749 276 960 995
internal_count=13477 7376 6101 2287 1066 5089 5035 1241 257 3794 3690 3083 2595 1942 488 1574 3515 3386 2637 1705 465 1240 1123 984 1788 1327 749 276 960 995
is_linear=0
shrinkage=0.05


Tree=46
num_leaves=31
num_cat=0
split_feature=8 6 7 7 9 11 11 7 8 6 8 7 11 10 1 12 1 1 11 1 0 1 7 1 11 1 1 12 11 11
split_gain=647.887 536.862 175.611 152.632 140.21 163.909 105.493 104.144 84.8666 79.4955 77.5052 73.2123 68.2053 93.1422 67.1224 48.6129 51.8329 44.9132 44.6742 65.1675 40.0309 45.4362 30.2709 29.3028 39.1805 25.4949 34.8966 25.3355 24.6581 27.7492
threshold=4.5000000000000009 1.0000000180025095e-35 3.5000000000000004 7.5000000000000009 1.0000000180025095e-35 0.60383265664488517 -0.89787881968372518 21.500000000000004 1.0000000180025095e-35 490.89473684210537 5.5000000000000009 21.500000000000004 0.98899263613956456 0.022575936829235418 24.819819078947372 0.36848418633289504 22.862911184210528 25.80183662280702 -0.65883892954715351 18.135005482456144 8.3013157894736853 26.812282314241493 5.5000000000000009 9.9100328947368457 0.99349222267034787 11.602028508771932 20.792132675438602 -0.39036798905311365 -0.59177783207548873 -0.3744658827978154
decision_type=2 2 2 2 2 2 2 2 2 2 2 2 2 2 2 2 2 2 2 2 2 2 2 2 2 2 2 2 2 2
left_child=1 2 8 10 5 6 17 23 -1 11 25 20 -7 -14 -11 16 -10 -3 22 -20 -5 27 -8 24 -4 -2 -27 -22 -17 -30
right_child=3 4 7 9 -6 12 18 -9 15 14 -12 -13 13 -15 -16 28 -18 -19 19 -21 21 -23 -24 -25 -26 26 -28 -29 29 -31
leaf_value=-8.2131356559775792 -0.75330179365771532 3.6536197088312292 2.1522940524259981 1.2249324145535867 -9.581512522695153 9.5509543738488905 -3.1289891343975231 -1.5147158125660782 -2.1606626534942053 -6.8381543821437845 -8.6102514199215818 -4.1542462848612329 -4.7688143841116357 23.030416016630397 0.02844168129361151 -2.8849882509423423 1.5654684125851988 14.517204277344797 1.2571311759751098 4.2317879992145322 0.087373704324886614 2.7826261233224616 0.85212275331393816 0.24402058933537774 -1.6734550482425732 -5.1737030922041471 -1.1499133527926915 -1.6290098817741183 2.8350968458946797 0.05953703311524805
leaf_weight=319 225 298 590 241 186 1057 78 792 712 417 636 331 86 64 167 150 74 362 1691 630 543 137 712 1360 128 246 171 738 52 296
leaf_count=319 225 298 590 241 186 1057 78 792 712 417 636 331 86 64 167 150 74 362 1691 630 543 137 712 1360 128 246 171 738 52 296
internal_value=1.85322e-05 0.00694646 -0.00573312 -0.0173112 0.0179284 0.019522 0.0143823 0.00167189 -0.0189838 -0.0102913 -0.0314308 -0.00552486 0.0355546 0.00397351 -0.0264957 -0.0132296 -0.0209657 0.0325265 0.0105238 0.0140181 -0.00123494 -0.00443975 0.000252845 0.00755171 0.0157163 -0.0191291 -0.0264354 -0.00737129 -0.001002 0.00630372
internal_weight=13489 9637 4473 3852 5164 4978 3771 2870 1603 2574 1278 1990 1207 150 584 1284 786 660 3111 2321 1659 1418 790 2078 718 642 417 1281 498 348
internal_count=13489 9637 4473 3852 5164 4978 3771 2870 1603 2574 1278 1990 1207 150 584 1284 786 660 3111 2321 1659 1418 790 2078 718 642 417 1281 498 348
is_linear=0
shrinkage=0.05


Tree=47
num_leaves=31
num_cat=0
split_feature=15 15 14 8 9 1 1 8 11 11 8 14 12 11 15 12 10 1 11 13 4 10 10 10 0 1 1 11 1 15
split_gain=906.44 279.859 223.328 104.176 64.0599 67.6327 77.6968 59.5989 53.8872 64.7068 51.3716 116.093 43.9122 55.3309 53.4921 43.8506 44.8617 53.7473 40.7314 40.1294 41.4516 36.3797 35.8068 38.0247 35.2444 32.8558 32.4857 30.7461 36.8487 26.163
threshold=2789.2500000000005 1938.7500000000002 3764.6250000000005 3.5000000000000004 1.0000000180025095e-35 9.7736293859649148 20.517489035087724 4.5000000000000009 0.57605713708605399 0.97263757644091875 4.5000000000000009 2013.1250000000002 0.38044714639866822 0.31595530242620651 2312.1250000000005 0.11478755917771409 -0.76141707087277943 24.522642543859654 0.99958851518450398 0.5475998096715059 2.1573587257617723 0.074116354202380205 -0.78326540922535159 -0.97876850416056738 15.556578947368424 25.189391447368426 5.4137883771929838 0.87709077819680659 9.1594298245614052 3897.1250000000005
decision_type=8 10 10 2 2 2 2 2 2 2 2 10 2 2 10 2 2 2 2 2 2 2 2 2 2 2 2 2 2 8
left_child=1 10 3 8 5 18 12 -4 19 -10 11 -1 13 14 -7 -8 25 -18 26 22 -21 -11 23 -2 -24 -17 -3 -28 -29 -26
right_child=2 4 7 -5 -6 6 15 -9 9 21 -12 -13 -14 -15 -16 16 17 -19 -20 20 -22 -23 24 -25 29 -27 27 28 -30 -31
leaf_value=-6.3754122099657824 0.023138683199135812 6.025360935316451 12.26551428164869 -0.5238556223941373 -10.239560853455595 -2.1440611649373409 1.315435510607847 0.29249815809235996 4.9995611044437966 -1.9881113848247425 -8.0864417262200625 2.6838360506966867 -3.291900571489498 0.0068180453207560276 -0.41877161641547223 -0.30749320794761847 -6.8491973184336077 -0.98019020010840452 -4.4175095697724265 1.741658878569001 10.103083664385645 15.434589049611397 1.8691867902779677 2.8658364169092465 -1.1328066718138872 2.2409856421985297 0.92174477050348291 0.079901780467264427 -4.5688335151197697 3.9868063811949241
leaf_weight=456 313 102 778 1226 210 957 486 106 841 165 815 119 576 717 558 429 141 455 52 235 251 51 605 654 813 145 613 462 104 44
leaf_count=456 313 102 778 1226 210 957 486 106 841 165 815 119 576 717 558 429 141 455 52 235 251 51 605 654 813 145 613 462 104 44
internal_value=-0.000456231 -0.0122128 0.0138419 0.00988652 -0.00753162 -0.00654536 -0.00949608 0.0370621 0.0138183 0.0234877 -0.0324227 -0.0209201 -0.0145603 -0.0113748 -0.0167876 -0.00090525 -0.00614859 -0.0157454 0.00333583 0.0103052 0.0234086 -0.000921659 0.0076749 0.0151343 0.00273411 0.00382609 0.0051092 0.00275424 -0.00564374 -0.00378788
internal_weight=13479 7397 6082 5198 6007 5797 4464 884 3972 1057 1390 575 2808 2232 1515 1656 1170 596 1333 2915 486 216 2429 967 1462 574 1281 1179 566 857
internal_count=13479 7397 6082 5198 6007 5797 4464 884 3972 1057 1390 575 2808 2232 1515 1656 1170 596 1333 2915 486 216 2429 967 1462 574 1281 1179 566 857
is_linear=0
shrinkage=0.05


Tree=48
num_leaves=31
num_cat=0
split_feature=14 8 7 14 14 8 7 14 14 8 9 7 8 9 2 3 8 1 1 7 8 1 12 11 11 7 7 14 7 13
split_gain=698.64 346.003 251.27 159.67 128.431 111.643 94.5021 93.8292 76.1406 58.1148 52.6155 50.6463 46.5786 35.8797 33.3468 38.7443 33.1553 30.2582 32.1743 27.9002 25.561 30.3258 24.7743 29.5948 21.8219 21.4598 21.0295 20.9329 20.3036 19.2553
threshold=3230.1250000000005 4.5000000000000009 3.5000000000000004 3804.3750000000005 2093.8750000000005 1.0000000180025095e-35 14.500000000000002 2019.1250000000002 2328.1250000000005 4.5000000000000009 1.0000000180025095e-35 21.500000000000004 4.5000000000000009 1.0000000180025095e-35 5.6828947368421057 8.9855263157894747 1.0000000180025095e-35 11.602028508771932 25.189391447368426 15.500000000000002 1.5000000000000002 24.522642543859654 0.27074174196563189 0.57605713708605399 0.60383265664488517 16.500000000000004 20.500000000000004 2082.1250000000005 15.500000000000002 -0.7614016681079937
decision_type=10 2 2 10 8 2 2 10 10 2 2 2 2 2 2 2 2 2 2 2 2 2 2 2 2 2 2 10 2 2
left_child=1 2 7 9 -3 8 17 16 13 20 11 -7 -5 19 15 26 -1 -6 -19 -4 -2 24 -18 -24 -22 -11 -8 -13 -12 -10
right_child=3 4 5 12 6 10 14 -9 29 25 28 27 -14 -15 -16 -17 22 18 -20 -21 21 -23 23 -25 -26 -27 -28 -29 -30 -31
leaf_value=-8.4530921237686414 4.061589893439236 -7.6316960227094004 2.3116200459446761 13.277238567566247 -2.1515640215242002 0.51242999121323007 -0.47079394940685693 -0.49152997150264927 0.02198174903917334 -0.91388468431755432 -14.504360507149933 -2.6084399051545919 0.81530304100529072 -14.5131749298797 2.4228202862859689 1.5673118275527032 -2.2156272696277939 -5.4902651192565379 -1.2962490773719992 -0.26890773503340598 0.95226705749173568 4.893103034223441 -3.0277697384973976 1.4631575319782997 2.8656374722261035 1.575475233968382 -2.2300194868963104 -0.6023327656351285 -1.2596554929493777 9.6529109940843121
leaf_weight=278 499 789 692 674 454 2666 603 734 51 401 126 140 128 60 98 96 445 665 247 284 917 240 102 47 563 111 252 475 74 530
leaf_count=278 499 789 692 674 454 2666 603 734 51 401 126 140 128 60 98 96 445 665 247 284 917 240 102 47 563 111 252 475 74 530
internal_value=-8.55527e-05 -0.00689272 -0.000432513 0.0190011 -0.0204056 0.00500098 -0.014673 -0.0176727 0.0158529 0.0132321 -4.30787e-05 0.00147776 0.0386052 0.00771456 -0.00338095 -0.00625 -0.0287514 -0.0233358 -0.0285871 0.0100307 0.0167342 0.0138292 -0.0220168 -0.00433333 0.0111411 -0.00194932 -0.00963785 -0.0114448 -0.0248756 0.0303265
internal_weight=13441 9908 6704 3533 3204 5098 2415 1606 1617 2731 3481 3281 802 1036 1049 951 872 1366 912 976 2219 1720 594 149 1480 512 855 615 200 581
internal_count=13441 9908 6704 3533 3204 5098 2415 1606 1617 2731 3481 3281 802 1036 1049 951 872 1366 912 976 2219 1720 594 149 1480 512 855 615 200 581
is_linear=0
shrinkage=0.05


Tree=49
num_leaves=31
num_cat=0
split_feature=15 15 14 8 9 1 15 15 8 14 14 8 14 7 15 11 14 8 14 0 14 0 15 15 3 1 1 7 14 3
split_gain=792.678 273.453 210.543 102.992 59.3747 57.7552 56.2178 54.4207 47.7423 107.808 45.0111 57.7902 57.8048 43.4749 40.903 39.9866 39.0998 37.7912 37.2756 36.2852 34.2604 30.7569 30.2088 26.6811 24.8011 25.0056 24.7538 31.57 23.3592 22.8976
threshold=2749.3750000000005 1975.1250000000002 3804.3750000000005 2.5000000000000004 1.0000000180025095e-35 5.4137883771929838 3373.5000000000005 3542.2500000000005 4.5000000000000009 2050.1250000000005 2239.1250000000005 4.5000000000000009 2832.3750000000005 15.500000000000002 2340.1250000000005 0.98899263613956456 2981.3750000000005 1.5000000000000002 3177.3750000000005 17.568421052631582 3412.2500000000005 6.8565789473684227 1875.6250000000002 3254.3750000000005 8.0486842105263161 24.311842105263164 25.369106359649127 20.500000000000004 3364.2500000000005 3.843421052631578
decision_type=8 10 10 2 2 2 8 10 2 10 10 2 10 2 10 2 10 2 10 2 10 2 10 10 2 2 2 2 10 2
left_child=1 8 3 7 5 -3 -4 18 9 19 17 12 14 20 -12 29 -5 -7 -2 -1 -13 -15 -10 -20 25 -18 27 -23 -27 -9
right_child=2 4 6 16 -6 10 -8 15 22 -11 11 13 -14 21 -16 -17 24 -19 23 -21 -22 26 -24 -25 -26 28 -28 -29 -30 -31
leaf_value=-4.7942395316069568 0.97803821200800489 6.4371002345931174 0.47784707191524378 -1.2336017349615078 -10.739919730182454 -0.4023477658583488 12.239985795042299 3.9453713055227357 -8.6934713388655105 2.9920020195201689 1.5293598219740034 -2.2834145207397341 9.9165843481465235 2.4102380190026338 -0.4859746758903043 -3.6028197975292531 -0.03534144704510709 -1.8481936957239669 6.4878948749488021 1.6013963683677048 0.67320384183229864 0.10387396431370917 -3.3029010101813583 2.0020745143980778 2.8178399473807305 0.069094056867993456 2.3192455010386426 -2.4581981504475383 3.9728076729121997 8.1024854219040208
leaf_weight=534 1742 93 111 497 188 727 660 420 642 121 351 1071 152 60 782 44 1355 1199 235 57 184 414 330 471 177 135 102 122 160 354
leaf_count=534 1742 93 111 497 188 727 660 420 642 121 351 1071 152 60 782 44 1355 1199 235 57 184 414 330 471 177 135 102 122 160 354
internal_value=-0.000326143 -0.0117742 0.0125039 0.0091218 -0.00632574 -0.00533473 0.0369819 0.0148454 -0.0293769 -0.0194951 -0.00604066 -0.00243902 0.00579316 -0.00785568 0.00189594 0.0260073 0.00107527 -0.0120913 0.0111066 -0.0282939 -0.0134156 0.00214592 -0.0365879 0.0207921 0.00445842 0.00254391 -0.00109546 -0.00540037 0.0157095 0.0286452
internal_weight=13490 7129 6361 5590 5445 5257 771 3266 1684 712 5164 3238 1285 1953 1133 818 2324 1926 2448 591 1255 698 972 706 1827 1650 638 536 295 774
internal_count=13490 7129 6361 5590 5445 5257 771 3266 1684 712 5164 3238 1285 1953 1133 818 2324 1926 2448 591 1255 698 972 706 1827 1650 638 536 295 774
is_linear=0
shrinkage=0.05


Tree=50
num_leaves=31
num_cat=0
split_feature=14 14 8 14 8 8 7 7 8 8 8 9 14 6 1 1 8 8 1 14 14 8 7 7 11 11 0 8 6 7
split_gain=561.219 289.682 258.793 140.362 127.306 85.1545 82.2756 61.0745 59.7943 57.416 49.241 37.9864 36.2999 34.8718 33.7626 33.3695 33.3028 32.2369 29.0051 27.7415 26.3274 37.3272 24.5844 24.3515 23.722 40.5383 23.0514 30.9477 29.4988 25.9486
threshold=3268.3750000000005 2030.1250000000002 1.0000000180025095e-35 3804.3750000000005 4.5000000000000009 2.5000000000000004 14.500000000000002 3.5000000000000004 1.0000000180025095e-35 4.5000000000000009 4.5000000000000009 1.0000000180025095e-35 2694.8750000000005 0.80263157894736847 24.311842105263164 11.602028508771932 5.5000000000000009 2.5000000000000004 25.556825657894745 2832.3750000000005 1733.1250000000002 1.5000000000000002 22.500000000000004 16.500000000000004 0.56191161272202661 0.9863035000474919 10.022368421052635 5.5000000000000009 9.3289473684210549 3.5000000000000004
decision_type=10 10 2 10 2 2 2 2 2 2 2 2 10 2 2 2 2 2 2 10 10 2 2 2 2 2 2 2 2 2
left_child=1 5 12 9 11 7 15 8 -1 14 -5 19 13 -3 17 26 -8 -2 -17 -4 -10 -22 -9 -13 -15 -26 27 29 -29 -6
right_child=3 2 4 10 6 -7 16 22 20 -11 -12 23 -14 24 -16 18 -18 -19 -20 -21 21 -23 -24 -25 25 -27 -28 28 -30 -31
leaf_value=-7.8505250166987146 3.4285294751904645 0.56307941592662025 -0.20427774323147788 12.254665394720929 2.1465173093242811 -6.2713079073656335 -1.4777201002574998 0.32117939781994664 -2.6401104018476191 -0.44178050466767904 0.86335482040897205 -10.758178809220727 11.880059351017771 3.0171966073260479 4.9554927843824998 -4.7729504757973249 0.66193932477344797 1.144657957760387 -0.88567702151793815 0.99300843044616161 0.86997491350300615 -2.5724130266873773 -2.315768404000869 1.0636476158882828 12.523235278125265 -2.0997480042110057 0.7652951639185176 -5.1655364949354867 -0.82954172407497717 -2.4736176287148854
leaf_weight=290 810 308 2298 683 77 916 502 505 85 488 138 135 138 466 290 781 597 881 254 1639 194 116 107 64 202 43 130 140 94 79
leaf_count=290 810 308 2298 683 77 916 502 505 85 488 138 135 138 466 290 781 597 881 254 1639 194 116 107 64 202 43 130 140 94 79
internal_value=0.000104081 -0.0057081 -0.00125189 0.0180492 -0.00497718 -0.0217028 -0.0135217 -0.0134438 -0.023688 0.012085 0.0359489 0.000507614 0.0205959 0.0173039 0.0158678 -0.020919 -0.00304545 0.0131501 -0.02611 0.0015871 -0.0109848 -0.00418006 -0.00195759 -0.02075 0.0233848 0.0359756 -0.0105566 -0.016624 -0.0280851 0.000636943
internal_weight=13450 10160 7947 3290 6790 2213 2654 1297 685 2469 821 4136 1157 1019 1981 1555 1099 1691 1035 3937 395 310 612 199 711 245 520 390 234 156
internal_count=13450 10160 7947 3290 6790 2213 2654 1297 685 2469 821 4136 1157 1019 1981 1555 1099 1691 1035 3937 395 310 612 199 711 245 520 390 234 156
is_linear=0
shrinkage=0.05


Tree=51
num_leaves=31
num_cat=0
split_feature=15 15 15 14 14 8 14 8 8 14 8 14 8 11 2 6 15 9 10 8 3 14 15 6 8 14 14 12 10 1
split_gain=634.713 254.978 184.286 81.5461 49.2818 69.8068 56.1815 47.5956 43.6834 79.0569 42.5903 64.9246 37.4179 33.5576 33.5224 39.8518 30.1633 29.0599 28.6263 28.5108 26.7886 24.9899 28.0926 30.3285 23.32 31.3285 23.307 22.9703 24.4872 22.6273
threshold=2730.8750000000005 1923.1250000000002 3672.3750000000005 3855.3750000000005 2232.3750000000005 4.5000000000000009 2859.6250000000005 2.5000000000000004 4.5000000000000009 1976.6250000000002 4.5000000000000009 3412.2500000000005 2.5000000000000004 0.97648852793709995 12.889473684210531 513.98684210526324 2333.6250000000005 1.0000000180025095e-35 0.35846314187849709 1.5000000000000002 3.4513157894736843 1987.8750000000002 2177.1250000000005 278.09210526315798 1.0000000180025095e-35 2477.1250000000005 3098.6250000000005 -0.93545056548590078 0.59868201182722736 8.0635142543859661
decision_type=8 10 8 10 10 2 10 2 2 10 2 10 2 2 2 2 10 2 2 2 2 10 10 2 2 10 10 2 2 2
left_child=1 8 10 7 17 6 16 13 9 -1 11 12 27 20 15 26 -6 19 -13 -3 -4 -21 23 -23 -18 -26 -7 28 -2 -12
right_child=2 4 3 -5 5 14 -8 -9 -10 -11 29 18 -14 -15 -16 -17 24 -19 -20 21 -22 22 -24 -25 25 -27 -28 -29 -30 -31
leaf_value=-6.2180657161835313 4.4638213259335888 -0.3116809537011932 4.0828503532847664 14.007394079699772 1.1731535685635095 -1.1945410671844001 11.273063393120005 0.58163232729219771 -7.2335881209839163 1.250711477950631 2.6504176118406577 4.0613784508589106 -0.25160711393756402 -1.318529500575528 2.7885138534096883 -3.5767006022421359 4.6822048271506906 -12.207750772007484 0.9440543659357673 -2.9722421598873101 8.4170430891958858 -0.30226086706629762 -3.1420105003263985 -4.7885179006237424 -1.8838005315131114 0.24792805229735679 0.44934875150947851 0.84783465685436576 0.55536865016321146 -1.286870602231909
leaf_weight=384 178 793 293 449 420 1360 156 330 760 129 87 669 1278 54 48 289 66 98 276 295 301 738 308 55 307 451 379 1976 156 392
leaf_count=384 178 793 293 449 420 1360 156 330 760 129 87 669 1278 54 48 289 66 98 276 295 301 738 308 55 307 451 379 1976 156 392
internal_value=-0.000263431 -0.0106437 0.0110792 0.0269258 -0.00616759 -0.00241588 0.00620985 0.0187947 -0.030887 -0.0195525 0.00656294 0.00806131 0.00498746 0.0266564 -0.00823303 -0.00921636 0.0026506 -0.0118663 0.0197146 -0.0106621 0.030084 -0.0149606 -0.0114791 -0.00648615 -0.00290909 -0.00540184 -0.00635057 0.00878408 0.0208955 -0.00760417
internal_weight=13475 7036 6439 1427 5763 3476 1400 978 1273 513 5012 4533 3588 648 2076 2028 1244 2287 945 2189 594 1396 1101 793 824 758 1739 2310 334 479
internal_count=13475 7036 6439 1427 5763 3476 1400 978 1273 513 5012 4533 3588 648 2076 2028 1244 2287 945 2189 594 1396 1101 793 824 758 1739 2310 334 479
is_linear=0
shrinkage=0.05


Tree=52
num_leaves=31
num_cat=0
split_feature=15 15 14 8 14 8 14 11 11 11 6 9 1 10 7 8 8 14 8 11 1 1 14 15 12 6 1 2 10 7
split_gain=592.795 224.598 169.016 93.1434 70.3864 87.8067 51.3092 49.9897 78.4009 44.1086 47.3547 43.7847 53.5769 52.3946 40.1699 39.0634 38.307 54.5046 37.5071 29.9461 29.708 32.2747 27.0707 25.2658 23.0922 22.8028 50.6658 22.7838 22.602 22.2609
threshold=2789.2500000000005 1875.6250000000002 3790.7500000000005 2.5000000000000004 2804.2500000000005 4.5000000000000009 3186.3750000000005 0.59003219687534991 0.98899263613956456 -0.8739740505118182 23.013157894736846 1.0000000180025095e-35 9.7736293859649148 0.62587949062545845 19.500000000000004 4.5000000000000009 4.5000000000000009 1869.3750000000002 3.5000000000000004 0.99958851518450398 24.522642543859654 22.392434210526321 2007.1250000000002 3027.1250000000005 0.04621502027255215 342.05263157894746 26.812282314241493 2.7644736842105275 -0.099819732675876835 7.5000000000000009
decision_type=8 10 10 2 10 2 10 2 2 2 2 2 2 2 2 2 2 10 2 2 2 2 10 10 2 2 2 2 2 2
left_child=1 16 3 7 11 24 -5 9 14 10 27 12 19 18 -9 -4 17 -1 22 -3 21 -8 -14 -17 -6 29 -27 -2 -10 -7
right_child=2 4 15 6 5 25 20 8 28 -11 -12 -13 13 -15 -16 23 -18 -19 -20 -21 -22 -23 -24 -25 -26 26 -28 -29 -30 -31
leaf_value=-7.3594290438779186 -3.4077819582373881 0.2713706174993149 9.7597740494098737 -0.87402433261415813 3.3878313958705579 -1.2418995185970063 0.72756844830327061 5.6185246327455847 -6.8506115315133576 0.87513390562153293 8.0004459787055797 -9.387239684144987 -1.143791830239701 -1.9752765670494796 -0.25838620657159483 3.3616938064667012 -7.4939342416712407 0.79321205275858808 -1.4414722174898089 -4.0153138131062409 3.2613048939821283 -5.7041136878937442 0.34459010162702275 -2.7536488113176461 10.233601558094097 -3.9478681725467255 1.689537923466196 3.6541647329856235 1.91884305490604 0.70882902924581692
leaf_weight=248 47 1008 700 851 161 163 1054 641 56 1896 295 192 378 1219 85 57 611 132 1253 47 210 80 928 42 129 246 94 41 76 479
leaf_count=248 47 1008 700 851 161 163 1054 641 56 1896 295 192 378 1219 85 57 611 132 1253 47 210 80 928 42 129 246 94 41 76 479
internal_value=4.84352e-05 -0.00958979 0.0115052 0.00828802 -0.00610511 0.00439906 0.000387067 0.0138145 0.0240978 0.00993421 0.0253906 -0.00876442 -0.00782995 -0.0106113 0.0305365 0.0329375 -0.0317036 -0.0191601 -0.00654297 0.00213068 0.0064684 0.00325991 -0.000612089 0.0035 0.0285223 -0.00274669 -0.0131965 -0.00674157 -0.0112782 0.00279938
internal_weight=13419 7288 6131 5332 6297 1272 2195 3137 858 2279 383 5025 4833 3778 726 799 991 380 2559 1055 1344 1134 1306 99 290 982 340 88 132 642
internal_count=13419 7288 6131 5332 6297 1272 2195 3137 858 2279 383 5025 4833 3778 726 799 991 380 2559 1055 1344 1134 1306 99 290 982 340 88 132 642
is_linear=0
shrinkage=0.05


Tree=53
num_leaves=31
num_cat=0
split_feature=14 14 8 8 14 8 7 6 8 11 8 14 11 11 7 8 1 6 8 14 10 6 8 10 10 2 8 7 6 7
split_gain=534.828 284.454 225.046 127.381 82.2156 72.1602 69.2465 63.3285 45.563 43.9398 38.7513 38.1348 34.7409 43.7783 33.1175 32.3506 30.7528 44.7108 30.0355 29.8114 27.1133 28.0988 26.4147 26.0905 31.9139 24.0793 22.7561 51.1175 22.0423 21.2904
threshold=3412.2500000000005 2007.1250000000002 1.0000000180025095e-35 4.5000000000000009 3919.0000000000005 4.5000000000000009 14.500000000000002 2.6973684210526323 2.5000000000000004 0.99981043035926087 5.5000000000000009 1733.1250000000002 0.99138911339924218 0.63089349388778826 2.5000000000000004 5.5000000000000009 24.819819078947372 294.68421052631589 1.5000000000000002 2485.1250000000005 0.63920241694561786 654.9078947368422 4.5000000000000009 -0.082689790342551819 -0.26037633224328088 4.048684210526317 1.0000000180025095e-35 2.5000000000000004 447.94736842105266 7.5000000000000009
decision_type=10 10 2 2 10 2 2 2 2 2 2 10 2 2 2 2 2 2 2 10 2 2 2 2 2 2 2 2 2 2
left_child=1 5 12 9 8 7 14 11 -2 19 -8 -1 13 25 15 -5 17 -10 26 -4 23 -22 -6 24 28 -3 27 -13 -21 -16
right_child=4 2 3 6 22 -7 10 -9 16 -11 -12 18 -14 -15 29 -17 -18 -19 -20 20 21 -23 -24 -25 -26 -27 -28 -29 -30 -31
leaf_value=-6.6971427943078083 4.3770799419424975 1.0176644448051093 -0.37832775922662454 0.93350784143565313 14.642878085436315 -7.3495726541922863 -1.4696268592669186 1.6047951634549691 1.6369418069965491 -7.1774136516214071 0.72527246315044069 -6.3344528732618528 -2.814673857479943 7.9260011518924331 -3.5859897906145535 -2.9874841984629033 4.2787519490449091 -1.6302662851723881 -2.4738393889432588 1.1863897311173788 0.13828812067735044 -3.5150897666871743 2.3046432148846523 2.3668626997703996 -2.8208753745427204 7.7141107570014587 0.42552330194699267 -0.25122341161662692 -0.94460120620524324 -2.3313904070697617
leaf_weight=269 777 548 1584 153 423 543 557 236 692 60 619 129 63 359 630 108 209 267 362 1219 960 175 82 551 121 232 228 214 249 811
leaf_count=269 777 548 1584 153 423 543 557 236 692 60 619 129 63 359 630 108 209 267 362 1219 960 175 82 551 121 232 228 214 249 811
internal_value=0.000342491 -0.00437119 -0.000594444 -0.00369967 0.0214606 -0.0215187 -0.0120528 -0.0156359 0.016778 0.00118902 -0.00271878 -0.0202826 0.0195345 0.0215351 -0.0184968 -0.00209924 0.0105218 0.00671875 -0.0154711 0.00171811 0.00444139 -0.00180458 0.0394269 0.00775339 0.00449686 0.0148528 -0.0083042 -0.0164244 0.00653506 -0.0214632
internal_weight=13430 10980 8999 7797 2450 1981 2878 1438 1945 4919 1176 1202 1202 1139 1702 261 1168 959 933 4859 3275 1135 505 2140 1589 780 571 343 1468 1441
internal_count=13430 10980 8999 7797 2450 1981 2878 1438 1945 4919 1176 1202 1202 1139 1702 261 1168 959 933 4859 3275 1135 505 2140 1589 780 571 343 1468 1441
is_linear=0
shrinkage=0.05


Tree=54
num_leaves=31
num_cat=0
split_feature=15 15 15 14 9 8 1 1 1 12 11 12 11 13 14 8 15 13 8 0 12 12 11 8 11 1 12 8 14 12
split_gain=501.048 241.201 184.547 88.1969 57.1507 55.6311 55.3031 48.5959 47.1718 56.3865 39.5264 38.106 35.7543 41.5629 34.0941 38.9821 36.0906 34.4325 33.1746 32.8466 32.2169 39.5475 36.1008 35.5689 30.9778 58.4236 30.52 30.0468 58.7026 28.9398
threshold=2789.2500000000005 1884.2500000000002 3578.6250000000005 3919.0000000000005 1.0000000180025095e-35 2.5000000000000004 5.4137883771929838 25.189391447368426 11.859566885964915 -0.5484990889199054 0.98899263613956456 -0.88622299073327826 -0.63257203029273779 0.99138911339924218 3412.2500000000005 4.5000000000000009 3212.2500000000005 -0.15951288319385923 3.5000000000000004 10.740789473684213 0.033323506451456063 0.55120426863728689 0.98332250088165762 2.5000000000000004 -0.65883892954715351 18.72258771929825 0.80033572242307993 4.5000000000000009 1976.6250000000002 0.3362885358101006
decision_type=8 10 8 10 2 2 2 2 2 2 2 2 2 2 10 2 10 2 2 2 2 2 2 2 2 2 2 2 10 2
left_child=1 27 14 5 6 10 -3 8 11 -10 19 -8 13 -9 18 16 -16 -18 -2 -4 22 23 -13 -22 -11 -26 -23 28 -1 -25
right_child=2 4 3 -5 -6 -7 7 12 9 24 -12 20 -14 -15 15 -17 17 -19 -20 -21 21 26 -24 29 25 -27 -28 -29 -30 -31
leaf_value=-6.1008141487353216 0.75116102565020815 7.0332979344305393 7.7736919902457435 13.530657514359872 -8.6528349117124446 0.52468858289446418 1.7556059207529531 -0.40881356284178311 -0.38923445388952588 -5.0880544691114897 -3.3286229030411278 -0.38167654815300694 2.3602941674333127 5.4703542303858974 12.456390467140739 -0.73401336719067567 -0.13447209633850435 2.7150219872672441 -0.87722911793064218 3.8384599098166179 5.7927041268524366 -2.2742831032134974 -4.3468172431947893 -1.6290381117302219 -2.351314547080233 -0.13456106978431989 0.027156498895669758 -6.837719182909189 1.4327248078470802 2.2527577351432342
leaf_weight=329 2695 113 302 408 231 481 222 580 1471 171 52 392 150 69 136 198 253 364 740 554 104 185 188 182 965 530 558 682 87 142
leaf_count=329 2695 113 302 408 231 481 222 580 1471 171 52 392 150 69 136 198 253 364 740 554 104 185 188 182 965 530 558 682 87 142
internal_value=-0.000147765 -0.00897035 0.0103412 0.023832 -0.00517269 0.0178058 -0.00423377 -0.00489848 -0.00669145 -0.0105003 0.0250825 -0.000633232 0.0065625 0.00146154 0.00480966 0.0131828 0.0183687 0.0131877 0.00248836 0.0276546 -0.00311073 0.00166382 -0.0127367 0.0137529 -0.0167966 -0.0144719 -0.00530914 -0.0305732 -0.0199041 0.00553846
internal_weight=13534 7351 6183 1797 6253 1389 6022 5909 5110 3137 908 1973 799 649 4386 951 753 617 3435 856 1751 1171 580 428 1666 1495 743 1098 416 324
internal_count=13534 7351 6183 1797 6253 1389 6022 5909 5110 3137 908 1973 799 649 4386 951 753 617 3435 856 1751 1171 580 428 1666 1495 743 1098 416 324
is_linear=0
shrinkage=0.05


Tree=55
num_leaves=31
num_cat=0
split_feature=15 15 14 14 7 9 1 15 1 1 9 7 1 6 13 10 12 10 10 14 1 12 7 3 12 6 1 14 14 12
split_gain=456.431 216.204 168.739 51.3472 43.952 42.3848 52.5438 42.2872 42.1243 39.8071 35.4691 38.8562 32.9412 50.3319 31.8736 30.4157 31.2375 29.1289 33.5665 27.1664 26.5405 93.0017 45.3119 31.5417 47.7953 31.8715 27.7349 27.1405 26.4892 23.1286
threshold=2789.2500000000005 1914.6250000000002 3804.3750000000005 2684.8750000000005 19.500000000000004 1.0000000180025095e-35 9.6870065789473703 3518.1250000000005 8.4661184210526343 5.5828673245614047 1.0000000180025095e-35 15.500000000000002 21.621600877192989 434.03947368421058 0.94910885063987094 0.62587949062545845 -0.94139628442229062 -0.065535378769913874 -0.20180236284700911 1961.5000000000002 24.522642543859654 0.94911049632748046 13.500000000000002 0.19605263157894728 -0.90163369914317015 1.6710526315789476 17.505400219298249 2774.5000000000005 3325.1250000000005 0.8080041977283311
decision_type=8 10 10 10 2 2 2 8 2 2 2 2 2 2 2 2 2 2 2 10 2 2 2 2 2 2 2 10 10 2
left_child=1 9 4 5 8 6 -3 -4 14 -1 20 -12 13 -5 28 16 -8 18 -18 -11 23 -22 -23 26 -25 -26 -10 -27 -2 -28
right_child=2 3 7 12 -6 -7 15 -9 10 19 11 -13 -14 -15 -16 -17 17 -19 -20 -21 21 22 -24 24 25 27 29 -29 -30 -31
leaf_value=2.488445750415258 9.6500319250931632 0.40752900517525181 0.54935602808768635 0.26749814951442658 -0.91208259160237048 -8.8275039289253989 0.90689247025833319 8.8796779849446814 -0.69185178851273577 -7.3348729377325981 -12.773291947666758 2.9705787648396154 1.6450914665959318 -4.1059265371707401 0.007729152245724436 -1.5874944457110587 -0.99126260077090367 0.43059636501297976 -6.6027841797273599 -3.1506748900540233 5.8438617507381654 -4.1470609622703822 1.0046403441802909 2.710214375977603 -0.53411915935341769 4.8271953323212076 1.4044177523427608 0.99780764610721917 2.6024881753206501 -2.5390013183590554
leaf_weight=50 156 897 117 1002 370 169 228 660 708 671 111 40 428 197 133 1095 1589 462 82 512 475 124 110 380 436 240 852 820 223 186
leaf_count=50 156 897 117 1002 370 169 228 660 708 671 111 40 428 197 133 1095 1589 462 82 512 475 124 110 380 436 240 852 820 223 186
internal_value=-0.000277285 -0.00865502 0.00979323 -0.00482114 0.0066356 -0.00756135 -0.00660312 0.0315553 0.00786787 -0.0277553 0.00631274 -0.0174342 0.00279484 -0.00145833 0.0214425 -0.00940121 -0.00620237 -0.00808341 -0.0111543 -0.029603 0.00714451 0.0159859 -0.00978723 0.00540988 0.00990943 0.00587842 0.00057241 0.0105561 0.0288158 0.00577478
internal_weight=13523 7382 6141 6149 5364 4522 4353 777 4994 1233 4482 151 1627 1199 512 3456 2361 2133 1671 1183 4331 709 234 3622 1876 1496 1746 1060 379 1038
internal_count=13523 7382 6141 6149 5364 4522 4353 777 4994 1233 4482 151 1627 1199 512 3456 2361 2133 1671 1183 4331 709 234 3622 1876 1496 1746 1060 379 1038
is_linear=0
shrinkage=0.05


Tree=56
num_leaves=31
num_cat=0
split_feature=15 15 15 1 1 10 11 1 11 8 5 2 10 8 8 1 12 13 7 8 10 12 12 10 12 12 10 10 15 12
split_gain=439.969 190.547 152.758 51.8958 65.7668 50.0935 47.4266 43.4843 43.414 40.4619 40.0498 39.7785 35.3423 32.9008 50.702 32.8999 31.1707 27.9634 29.411 26.4916 24.7452 24.6617 37.5452 23.8921 24.0564 43.5543 27.5474 23.8022 23.4598 26.3558
threshold=2789.2500000000005 1875.6250000000002 3738.3750000000005 25.189391447368426 11.602028508771932 0.84313847884979054 0.99349222267034787 5.2020285087719307 0.98332250088165762 1.5000000000000002 3.3899975761772851 10.214473684210528 0.80417553764032002 4.5000000000000009 1.0000000180025095e-35 5.4137883771929838 0.9252105435402006 -0.97113716369942038 19.500000000000004 3.5000000000000004 0.22700754078277605 0.27074174196563189 -0.93545056548590078 -0.51297808981038739 -0.064463015794845938 0.52217737485370563 -0.18492532721306487 0.9893236546938301 2048.6250000000005 0.11478755917771409
decision_type=8 10 8 2 2 2 2 2 2 2 2 2 2 2 2 2 2 2 2 2 2 2 2 2 2 2 2 2 10 2
left_child=1 13 7 4 6 12 15 -2 10 17 11 19 28 14 -1 20 -5 -9 -19 -4 -3 22 -16 -17 26 27 -25 -26 -6 -30
right_child=2 3 8 16 5 -7 -8 9 -10 -11 -12 -13 -14 -15 21 23 -18 18 -20 -21 -22 -23 -24 24 25 -27 -28 -29 29 -31
leaf_value=-5.7974825338219267 10.070894023616781 18.619996495302384 3.1827114402566394 1.9022041215100332 -1.320421232090621 -2.6476001506977695 -3.501014190196452 -0.70443031243650012 -2.61174165787711 0.21113200889088832 9.2288481089349261 16.405064072590019 1.6655439829816601 -6.2931292908459682 3.3303390495419878 1.5538945899924557 -0.67503111409478156 2.2750091788273266 -1.1398717350857852 -0.91575177153538334 -0.16124108522826647 2.8042309968600878 -7.260088649713385 -0.45303584504162586 3.3554348226085042 -0.35865731973522091 -4.1669641613837598 0.23674092350177034 -0.23582338268506647 -1.5978611775420406
leaf_weight=221 73 68 445 478 589 874 291 192 73 3080 373 198 78 619 40 203 330 1481 119 112 41 52 73 330 200 754 84 147 1199 692
leaf_count=221 73 68 445 478 589 874 291 192 73 3080 373 198 78 619 40 203 330 1481 119 112 41 52 73 330 200 754 84 147 1199 692
internal_value=-0.00011473 -0.00835823 0.00976086 -0.00515804 -0.00688164 -0.0111564 4.71921e-05 0.00587343 0.0257488 0.00529448 0.0281665 0.0214947 -0.00762016 -0.0285785 -0.0170543 0.00303611 0.00667491 0.011266 0.0134291 0.0146057 0.0295455 0.00391566 -0.00921053 0.00133799 -0.000824538 0.00303993 -0.0110843 0.0176724 -0.00866586 -0.00594609
internal_weight=13509 7363 6146 6358 5550 3432 2118 4945 1201 4872 1128 755 2558 1005 386 1827 808 1792 1600 557 109 165 113 1718 1515 1101 414 347 2480 1891
internal_count=13509 7363 6146 6358 5550 3432 2118 4945 1201 4872 1128 755 2558 1005 386 1827 808 1792 1600 557 109 165 113 1718 1515 1101 414 347 2480 1891
is_linear=0
shrinkage=0.05


Tree=57
num_leaves=31
num_cat=0
split_feature=15 15 15 14 8 1 10 10 10 13 1 12 10 0 0 11 12 1 8 14 13 11 11 1 11 1 10 8 12 0
split_gain=425.805 228.175 155.292 55.7451 48.045 47.9826 46.108 54.6673 78.4773 61.0243 36.7358 35.3128 42.2667 33.4228 34.4895 31.6064 29.5649 28.2212 26.724 37.0446 26.0361 25.5388 42.3518 29.6557 24.2259 32.3913 31.3423 23.6623 23.5648 22.185
threshold=2789.2500000000005 1875.6250000000002 3700.3750000000005 3919.0000000000005 2.5000000000000004 5.2020285087719307 0.62587949062545845 0.022575936829235418 -0.25205528343633254 0.85561368268953431 9.7736293859649148 -0.39036798905311365 0.63920241694561786 6.7315789473684227 30.721052631578953 0.89309379682046119 -0.29343379936893921 8.3344024122807028 5.5000000000000009 1859.1250000000002 0.85561368268953431 -0.9260227363677036 -0.67168186667784702 25.189391447368426 0.36447543099728863 11.524287280701754 0.98522604642031408 4.5000000000000009 -0.92273922871446856 22.192105263157899
decision_type=8 10 8 10 2 2 2 2 2 2 2 2 2 2 2 2 2 2 2 10 2 2 2 2 2 2 2 2 2 2
left_child=1 18 5 4 -4 -2 7 8 13 15 -8 12 -7 -3 21 -9 -13 -17 19 -1 -21 -15 -23 28 25 -12 -27 -11 -24 -14
right_child=2 6 3 -5 -6 11 10 9 -10 27 24 16 29 14 -16 17 -18 -19 -20 20 -22 22 23 -25 -26 26 -28 -29 -30 -31
leaf_value=-6.7503002426895371 7.9561914138253771 2.1389395659536832 5.5815951672532611 12.306086005277473 0.35751020829129632 2.1333990636255975 0.46031369858777682 0.43833937504352893 -4.129989483133409 6.6748025416538672 1.1451490683760199 -3.545050155674403 0.13847568434648566 4.8957969031205497 1.8224079406080138 -0.049434857676851608 0.32479134060554316 -4.022546680078392 -7.0758440858664926 -2.2105832391692277 2.3803662850516845 -2.5873513819223719 0.70584272777000479 1.8873021047905469 -2.4268606190735458 -1.1157963933547081 -4.0933731165208433 0.82061732988736369 -0.70746481432488517 -6.2631102161448098
leaf_weight=303 69 159 640 372 330 1357 300 657 403 270 138 117 477 71 95 119 2721 88 462 204 60 382 332 121 319 895 201 165 1525 50
leaf_count=303 69 159 640 372 330 1357 300 657 403 270 138 117 477 71 95 119 2721 88 462 204 60 382 332 121 319 895 201 165 1525 50
internal_value=-0.000156681 -0.0083425 0.00954516 0.0245719 0.0182286 0.0053318 -0.00474283 -0.0019485 -0.00556815 0.00665385 -0.0113538 0.00472158 0.0100265 -0.0024758 -0.00387812 -0.00104046 0.0011976 -0.0180288 -0.0301456 -0.0227993 -0.0090566 -0.00503701 -0.00592969 -0.0029813 -0.0144466 -0.0112551 -0.0141294 0.0219037 -0.0045479 -0.00198864
internal_weight=13402 7269 6133 1342 970 4791 6240 4387 3088 1299 1853 4722 1884 2685 2526 864 2838 207 1029 567 264 2431 2360 1978 1553 1234 1096 435 1857 527
internal_count=13402 7269 6133 1342 970 4791 6240 4387 3088 1299 1853 4722 1884 2685 2526 864 2838 207 1029 567 264 2431 2360 1978 1553 1234 1096 435 1857 527
is_linear=0
shrinkage=0.05


Tree=58
num_leaves=31
num_cat=0
split_feature=14 15 15 8 14 7 8 14 9 15 8 6 7 14 15 1 0 7 1 8 14 15 14 15 1 15 0 11 13 15
split_gain=353.611 233.743 127.349 115.9 65.2144 51.1494 51.0565 50.6785 49.6609 47.4131 44.7604 45.8747 39.7572 31.5554 29.5976 28.6306 27.5435 32.3497 25.6072 24.4682 24.2174 24.4592 24.1174 59.8598 27.7883 24.5981 23.9761 37.107 23.1174 22.1405
threshold=2232.3750000000005 3578.6250000000005 1821.8750000000002 4.5000000000000009 3949.7500000000005 16.500000000000004 1.0000000180025095e-35 3422.3750000000005 1.0000000180025095e-35 3170.1250000000005 5.5000000000000009 2.6973684210526323 15.500000000000002 3646.8750000000005 2340.1250000000005 5.7586622807017553 7.5250000000000012 19.500000000000004 7.1933662280701762 3.5000000000000004 1976.6250000000002 2177.1250000000005 2867.8750000000005 3005.8750000000005 20.792132675438602 3475.3750000000005 33.626315789473693 0.029024409397335523 -0.15951288319385923 3269.8750000000005
decision_type=10 8 10 2 10 2 2 10 2 10 2 2 2 10 10 2 2 2 2 2 10 10 10 10 2 10 2 2 2 10
left_child=2 3 -1 7 6 26 -3 14 10 -9 11 15 -12 -8 -2 -4 -7 -18 -16 -15 -17 -22 25 24 -24 -20 27 -5 -11 -25
right_child=1 4 8 5 -6 16 13 9 -10 28 12 -13 -14 19 18 20 17 -19 22 -21 21 -23 23 29 -26 -27 -28 -29 -30 -31
leaf_value=-6.5619672174214543 1.5920741520645834 10.833724583010145 4.0177609439475992 -2.7854791367612055 12.445878288296649 2.0319925876560094 0.54399620051821107 17.766521545866226 -9.9567203198269567 0.27530064764791862 -4.6556295685372904 1.4918526823637763 -0.080236006822315187 3.3790210221610892 3.0345062909509011 -1.4257554884635397 0.72407440226880915 -1.1471183547625969 -0.41345235983083062 -0.029413668084168877 0.063827948654068226 -1.6497067764549458 1.2742141093028749 0.78315462634116106 5.4886866692599829 5.8048417280787818 1.4640076103616479 -0.86500246218442955 2.3085265465801057 -0.61410549532849934
leaf_weight=691 487 279 42 741 358 105 476 141 161 249 277 504 150 454 202 813 446 309 1573 124 828 450 369 828 165 44 82 961 343 736
leaf_count=691 487 279 42 741 358 105 476 141 161 249 277 504 150 454 202 813 446 309 1573 124 828 450 369 828 165 44 82 961 343 736
internal_value=-5.22817e-05 0.0051726 -0.0126883 0.00150989 0.0220154 -0.00699433 0.016904 0.0058875 -0.00850899 0.0180518 -0.00707993 -0.00464367 -0.0220794 0.0118483 0.00385925 -0.00784911 0.00301974 -0.000330688 0.00241194 0.0196891 -0.00867591 -0.00437842 0.00146663 0.00500238 0.0194393 -0.00312114 -0.0118207 -0.0130945 0.0118044 6.38978e-05
internal_weight=13388 9472 3916 7781 1691 2644 1333 5137 3225 733 3064 2637 427 1054 4404 2133 860 755 3917 578 2091 1278 3715 2098 534 1617 1784 1702 592 1564
internal_count=13388 9472 3916 7781 1691 2644 1333 5137 3225 733 3064 2637 427 1054 4404 2133 860 755 3917 578 2091 1278 3715 2098 534 1617 1784 1702 592 1564
is_linear=0
shrinkage=0.05


Tree=59
num_leaves=31
num_cat=0
split_feature=15 14 8 14 8 14 15 8 9 7 1 0 0 7 8 6 15 7 7 7 0 2 7 14 0 8 10 12 2 7
split_gain=313.023 213.781 121.936 80.3332 75.173 63.6993 78.3749 50.9871 47.2813 45.8698 40.2878 35.2036 33.3603 32.8964 47.1594 32.1741 40.6171 31.6493 28.3417 45.9843 37.2093 34.2596 27.4368 25.9683 22.2983 21.1771 20.9701 22.3891 25.8972 23.135
threshold=3518.1250000000005 1953.8750000000002 4.5000000000000009 3919.0000000000005 2.5000000000000004 3293.5000000000005 3212.2500000000005 2.5000000000000004 1.0000000180025095e-35 15.500000000000002 5.4137883771929838 7.1986842105263174 10.022368421052635 3.5000000000000004 1.0000000180025095e-35 4.6447368421052637 2637.1250000000005 20.500000000000004 2.5000000000000004 7.5000000000000009 15.998684210526319 12.889473684210531 14.500000000000002 2912.6250000000005 16.239473684210534 2.5000000000000004 0.63920241694561786 0.94911049632748046 6.419736842105265 9.5000000000000018
decision_type=8 10 2 10 2 10 10 2 2 2 2 2 2 2 2 2 10 2 2 2 2 2 2 10 2 2 2 2 2 2
left_child=1 4 5 7 13 8 -7 12 10 18 -3 -11 -2 14 -1 25 -17 -13 -4 23 -21 -22 -10 -20 -18 -12 27 28 29 -26
right_child=3 2 9 -5 -6 6 -8 -9 22 11 15 17 -14 -15 -16 16 24 -19 19 20 21 -23 -24 -25 26 -27 -28 -29 -30 -31
leaf_value=-5.7748849720544744 6.1255070557857385 5.5699901512014094 0.15111280956606948 10.024027276382924 -6.4280329936742993 9.3565871206747726 0.85962523856945838 0.10969227080465771 -15.929625044041178 1.9303929582732053 0.146380251640187 0.27747931333582304 2.5859819087633698 -0.31968771623890008 -0.71163927440031793 10.033130205206863 1.6206071429717896 -1.4096603897670776 -3.8830178655557122 0.053904074128399773 -2.8951802538253562 1.6890139256480552 -0.74197075241224875 -0.95510760217802049 2.8876810930379864 -0.46115653033033371 -0.90330727258195798 -1.3703511935364987 5.7553145673362458 -0.016944541232442135
leaf_weight=251 285 99 332 402 533 323 730 615 115 121 1708 728 771 425 303 133 520 350 521 533 612 69 99 170 141 1456 346 176 90 437
leaf_count=251 285 99 332 402 533 323 730 615 115 121 1708 728 771 425 303 133 520 350 521 533 612 69 99 170 141 1456 346 176 90 437
internal_value=-0.000186637 -0.00345787 -0.000759429 0.0176712 -0.0209518 0.00333386 0.0145636 0.0128289 0.00110881 -0.00835031 0.00207558 -0.000458333 0.0194891 -0.0127041 -0.0207207 0.00144768 0.0066974 -0.00333642 -0.0125782 -0.0149265 -0.0090535 -0.0167889 -0.0218605 -0.0252168 0.00461718 -0.00161137 0.000839631 0.00508876 0.00926756 0.00535406
internal_weight=13394 11321 9809 2073 1512 6373 1053 1671 5320 3436 5106 1199 1056 979 554 5007 1843 1078 2237 1905 1214 681 214 691 1710 3164 1190 844 668 578
internal_count=13394 11321 9809 2073 1512 6373 1053 1671 5320 3436 5106 1199 1056 979 554 5007 1843 1078 2237 1905 1214 681 214 691 1710 3164 1190 844 668 578
is_linear=0
shrinkage=0.05


Tree=60
num_leaves=31
num_cat=0
split_feature=14 8 14 8 8 1 1 14 14 14 6 14 14 9 12 6 0 12 2 10 7 0 7 8 13 1 1 7 7 1
split_gain=284.419 220.848 128.852 65.7451 60.0415 55.6578 65.5278 44.4669 39.0237 38.2303 35.4731 34.1785 31.1097 30.3657 28.7861 28.1751 28.0928 26.5417 25.9065 25.0797 23.4465 22.6286 22.4827 48.8891 22.3201 28.8131 22.304 21.9984 21.1081 21.0541
threshold=2007.1250000000002 3.5000000000000004 3541.3750000000005 5.5000000000000009 1.0000000180025095e-35 26.64771910919541 10.013157894736844 2867.8750000000005 2328.1250000000005 3973.3750000000005 21.605263157894743 3039.1250000000005 1733.1250000000002 1.0000000180025095e-35 0.60726729507090926 537.59210526315803 9.2013157894736874 0.99463153969809781 6.2828947368421071 0.85226249403558707 18.500000000000004 8.7855263157894754 7.5000000000000009 5.5000000000000009 0.78725816212489719 7.5498081140350886 23.37757675438597 11.500000000000002 21.500000000000004 11.977604166666669
decision_type=10 2 10 2 2 2 2 10 10 10 2 10 10 2 2 2 2 2 2 2 2 2 2 2 2 2 2 2 2 2
left_child=3 2 4 10 8 6 24 17 -2 16 12 14 -1 19 15 22 -4 26 -7 -14 -10 -21 23 29 -3 -26 -6 -13 -24 -8
right_child=1 5 9 -5 7 18 11 -9 20 -11 -12 27 13 -15 -16 -17 -18 -19 -20 21 -22 -23 28 -25 25 -27 -28 -29 -30 -31
leaf_value=-4.7959730228874324 1.0770390761070077 0.571327083297274 5.0749044235339857 -6.5751806114555507 -0.31936091432203856 -0.21651414998298152 2.0584600614921214 1.0450065587617019 8.2927560639951601 13.203633010062664 0.93193064466070163 0.56775035315188238 -0.63038164593856438 -10.627541325590954 -2.5840547482974898 -4.965525251121381 2.0572925349108799 -2.6924826756615632 1.872337335278087 0.71489880493309677 0.7024825476710248 -3.2911988473352722 -0.050092995488705584 -5.5665542201730434 0.42617919079739297 -3.0245912449902108 1.1422446812262137 -1.4064662419114144 -2.0586006479277219 -1.5195114415945115
leaf_weight=296 616 910 174 375 1586 340 59 2081 428 243 231 485 748 72 422 215 709 83 360 52 151 208 690 141 255 227 310 582 124 300
leaf_count=296 616 910 174 375 1586 340 59 2081 428 243 231 485 748 72 422 215 709 83 360 52 151 208 690 141 255 227 310 582 124 300
internal_value=-0.000515808 0.00250174 0.00870417 -0.018003 0.00541286 -0.00524359 -0.0073226 0.0025117 0.0152592 0.0240461 -0.0135883 -0.0114607 -0.0166304 -0.0126735 -0.0153945 -0.0121895 0.0191742 -0.00285354 0.00784593 -0.0104063 0.024569 -0.0237548 -0.00942966 -0.0177645 0.00165111 -0.00703934 -0.00163416 -0.0042603 -0.00429448 -0.00791667
internal_weight=13473 11491 6381 1982 5255 5110 4410 4060 1195 1126 1607 3018 1376 1080 1951 1529 883 1979 700 1008 579 260 1314 500 1392 482 1896 1067 814 359
internal_count=13473 11491 6381 1982 5255 5110 4410 4060 1195 1126 1607 3018 1376 1080 1951 1529 883 1979 700 1008 579 260 1314 500 1392 482 1896 1067 814 359
is_linear=0
shrinkage=0.05


Tree=61
num_leaves=31
num_cat=0
split_feature=15 15 14 14 3 11 14 1 11 11 4 1 11 1 12 12 11 15 7 12 10 12 12 10 6 15 12 6 6 1
split_gain=288.844 213.777 85.6186 78.6712 50.4939 55.015 47.4464 33.7094 44.516 45.8421 35.7524 32.1575 27.7446 25.5129 52.9126 40.8133 53.1543 26.1542 25.6463 25.6142 24.7064 26.2064 23.6959 23.0484 21.0367 20.5224 20.2711 23.0088 22.0495 30.88
threshold=3518.1250000000005 1914.6250000000002 2885.3750000000005 4000.1250000000005 6.0539473684210527 0.98005052076767474 1953.8750000000002 7.1933662280701762 0.88917497572200743 0.77652048701313048 3.1611028393351819 4.8951206140350889 0.99349222267034787 25.189391447368426 0.93771544905322102 -0.37447172655954952 -0.67168186667784702 2177.1250000000005 6.5000000000000009 -0.064463015794845938 0.63920241694561786 -0.90163369914317015 -0.8431462759492121 0.99818282439137029 224.18421052631581 1760.1250000000002 0.84660111278280559 383.43421052631589 0.14473684210526319 26.23933662280702
decision_type=8 10 10 10 2 2 10 2 2 2 2 2 2 2 2 2 2 10 2 2 2 2 2 2 2 10 2 2 2 2
left_child=1 6 7 4 26 -6 25 12 9 10 13 -4 -3 15 -15 -9 -17 -16 -19 24 21 -13 -23 -22 -18 -1 28 -28 -2 -30
right_child=3 2 11 -5 5 -7 -8 8 -10 -11 -12 20 -14 14 17 16 19 18 -20 -21 23 22 -24 -25 -26 -27 27 -29 29 -31
leaf_value=-8.0681438900803535 -1.6691778347840796 1.5601492793710463 11.299250276851479 12.012566655897809 5.0499073514399928 -1.8591987829933716 -2.0557766637938131 -0.21941620816839419 -2.3258218889332514 1.171909970637796 1.6105187941539272 2.0667466634319114 -1.3954982503313205 1.7118369261950648 0.74205212186239466 -5.5236239747404285 -1.1424639314693195 -4.7414246578066699 -1.4636798834022899 -0.72016871239593461 -0.71100292372148033 -1.4047038397088274 0.775163188967531 2.4458322642778287 -7.1343746248001372 -3.5387656333054682 0.95035507615325521 -3.9147961308860317 1.5615692517573052 12.364419128688656
leaf_weight=324 72 292 48 275 479 91 561 1948 603 320 287 418 133 385 74 168 297 95 74 1590 963 128 2218 99 86 327 195 132 597 151
leaf_count=324 72 292 48 275 479 91 561 1948 603 320 287 418 133 385 74 168 297 95 74 1590 963 128 2218 99 86 327 195 132 597 151
internal_value=-0.000506291 -0.00356675 -0.00121248 0.0170597 0.0130675 0.0252189 -0.023413 -0.00478514 -0.0057608 -0.00430047 -0.00547453 0.00464516 0.00880282 -0.00651759 0.00286169 -0.00795844 -0.0127218 -0.0153689 -0.0261765 -0.0104103 0.00412856 0.00661844 0.00455901 -0.00235183 -0.0220052 -0.032592 0.0070122 -0.0035061 0.0112058 0.0137517
internal_weight=13430 11438 10226 1992 1717 570 1212 6352 5927 5324 5004 3874 425 4717 628 4089 2141 243 169 1973 3826 2764 2346 1062 383 651 1147 327 820 748
internal_count=13430 11438 10226 1992 1717 570 1212 6352 5927 5324 5004 3874 425 4717 628 4089 2141 243 169 1973 3826 2764 2346 1062 383 651 1147 327 820 748
is_linear=0
shrinkage=0.05


Tree=62
num_leaves=31
num_cat=0
split_feature=14 14 8 8 9 7 14 14 7 6 14 1 0 8 7 7 8 2 6 1 12 11 12 9 11 11 1 1 12 1
split_gain=255.563 157.918 111.485 97.0919 62.3585 57.8957 56.9412 56.6742 41.9691 40.1083 38.2437 31.0016 29.6689 28.4313 25.6534 25.6098 41.2272 26.3846 24.2937 27.3917 31.0284 23.3722 22.7705 22.201 21.9975 21.8034 21.6977 42.0365 21.8954 20.3404
threshold=2239.1250000000005 3855.3750000000005 1.5000000000000002 5.5000000000000009 1.0000000180025095e-35 15.500000000000002 3098.6250000000005 1762.1250000000002 18.500000000000004 1.1710526315789476 1887.6250000000002 5.5828673245614047 9.7013157894736874 4.5000000000000009 3.5000000000000004 15.500000000000002 4.5000000000000009 5.6828947368421057 275.14473684210532 24.819819078947372 0.9252105435402006 0.097680735332368748 0.43152950955792641 1.0000000180025095e-35 0.99138911339924218 -0.65883892954715351 29.567626096491232 23.534649122807021 -0.29343379936893921 23.37757675438597
decision_type=10 10 2 2 2 2 10 10 2 2 8 2 2 2 2 2 2 2 2 2 2 2 2 2 2 2 2 2 2 2
left_child=3 2 8 4 7 -5 15 14 12 11 -7 -9 24 -3 -1 16 23 21 -8 -20 -21 -17 -23 25 -2 -4 27 28 -14 -10
right_child=1 13 6 5 -6 10 18 9 29 -11 -12 -13 26 -15 -16 17 -18 -19 19 20 -22 22 -24 -25 -26 -27 -28 -29 -30 -31
leaf_value=-4.4406261783867365 6.6871515967005513 7.7141158790518833 -1.1751895557696344 -5.2613377927164153 -9.2034625462539221 -5.0142533667087834 0.9526268070147581 4.1205693031375858 -0.6030784444046049 1.7873440911373792 0.58574663329121679 -0.74116885621544393 2.180915408487317 0.24282038133972039 -0.53771936139278298 -0.68695614286586992 -2.0027661832155901 2.6849983112623477 -1.1058297093011107 3.2538341339250678 -1.6614452875265671 1.0624449732405992 -0.41472743726669709 -11.904307355161382 0.64501831692637102 0.45372373442335179 -3.8081302980317107 7.4285130314368537 0.45578107447362304 1.9554578817078891
leaf_weight=246 219 557 311 594 161 45 1808 51 393 495 161 2076 487 110 156 839 1023 63 974 172 59 483 287 75 67 643 52 242 516 122
leaf_count=246 219 557 311 594 161 45 1808 51 393 495 161 2076 487 110 156 839 1023 63 974 172 59 483 287 75 67 643 52 242 516 122
internal_value=-0.00102684 0.0034305 0.00165799 -0.0116533 -0.00773697 -0.027216 -0.0014767 -0.0061157 0.0117199 -0.00343119 -0.00434783 -0.00641447 0.0157513 0.0268713 -0.0235732 -0.00561074 -0.00935217 -0.00101614 0.00363305 -0.00186567 0.0135776 -0.00226708 0.00402075 -0.00228155 0.0303136 -0.000209424 0.0125193 0.0138443 0.00931275 -0.000678295
internal_weight=13487 9502 8835 3985 3185 800 6737 3024 2098 2622 206 2127 1583 667 402 3724 2052 1672 3013 1205 231 1609 770 1029 286 954 1297 1245 1003 515
internal_count=13487 9502 8835 3985 3185 800 6737 3024 2098 2622 206 2127 1583 667 402 3724 2052 1672 3013 1205 231 1609 770 1029 286 954 1297 1245 1003 515
is_linear=0
shrinkage=0.05


Tree=63
num_leaves=31
num_cat=0
split_feature=15 15 8 9 1 2 12 1 11 11 12 11 0 1 11 10 12 12 2 12 10 10 10 10 12 13 15 1 13 11
split_gain=241.269 179.348 66.9595 82.4841 59.4896 48.3966 59.2198 36.4105 63.283 36.2748 35.34 32.9307 42.6052 53.1145 32.3218 37.3344 41.0224 32.1392 31.9827 30.7541 29.861 65.8118 45.1025 28.2181 31.5586 27.928 29.3269 27.1316 25.7352 24.6629
threshold=3647.8750000000005 1832.6250000000002 4.5000000000000009 1.0000000180025095e-35 5.4137883771929838 4.4144736842105265 0.94911049632748046 26.23933662280702 0.080547328232315238 0.99988440732898443 0.27074174196563189 0.97263757644091875 10.740789473684213 26.036184210526319 0.60383265664488517 -0.52766804058324157 -0.9905448150984083 0.50371950759872852 4.3486842105263177 0.94911049632748046 -0.022576249993022688 0.24372619187392155 -0.20180236284700911 0.95998215779580554 -0.96688789938088693 1.0000000180025095e-35 2759.3750000000005 9.1594298245614052 -0.3744658827978154 0.48877522411129348
decision_type=8 10 2 2 2 2 2 2 2 2 2 2 2 2 2 2 2 2 2 2 2 2 2 2 2 2 10 2 2 2
left_child=1 10 3 4 -3 9 -7 8 -4 14 28 12 -2 -14 29 16 -16 -12 -15 -20 22 -22 27 24 -10 -5 -27 -17 -1 -6
right_child=11 2 7 25 5 6 -8 -9 23 -11 17 -13 13 18 15 20 -18 -19 19 -21 21 -23 -24 -25 -26 26 -28 -29 -30 -31
leaf_value=-6.8017004909186314 6.0436831390558616 8.3997203604253396 -2.1474886974320384 -13.798738725606746 -0.018177118342578069 4.9090860598368415 -1.3228027321368814 0.51397554669233614 2.1987883431247384 -4.3076798087976158 2.1997937626512338 -0.80236152736633815 0.81038935566175496 -1.500957198145602 0.12454824241816596 0.8076291611753732 2.8912203410752912 -3.0813868357847469 13.817931238690916 -0.005078163206894715 8.7737395673425684 0.00091978066222964117 -7.2448208378406438 2.1308673871405293 -0.74862762162142649 -8.9550606652729012 2.9933726961893172 -1.8086898614664848 -3.8353806421330603 -1.2404331500843684
leaf_weight=302 467 146 1131 105 4521 487 196 487 139 57 79 115 548 59 232 185 295 61 288 56 161 583 91 77 1505 108 89 150 352 331
leaf_count=302 467 146 1131 105 4521 487 196 487 139 57 79 115 548 59 232 185 295 61 288 56 161 583 91 77 1505 108 89 150 352 331
internal_value=-0.000309609 -0.00272092 -0.0010743 0.00147971 0.00252152 0.00188615 0.0145468 -0.00699102 -0.00914826 0.000575148 -0.0256604 0.0183507 0.0204369 0.0143382 0.000923664 0.00686101 0.0178977 -0.00283688 0.0280941 0.033913 0.00187874 0.00791946 -0.00866511 -0.00310685 -0.00449848 -0.0240924 -0.0128788 -0.00014881 -0.0305344 -0.00115393
internal_weight=13403 11870 11076 7737 7435 7289 683 3339 2852 6606 794 1533 1418 951 6549 1697 527 140 403 344 1170 744 426 1721 1644 302 197 335 654 4852
internal_count=13403 11870 11076 7737 7435 7289 683 3339 2852 6606 794 1533 1418 951 6549 1697 527 140 403 344 1170 744 426 1721 1644 302 197 335 654 4852
is_linear=0
shrinkage=0.05


Tree=64
num_leaves=31
num_cat=0
split_feature=15 15 8 6 9 15 1 11 12 11 3 1 11 6 12 9 1 12 4 6 11 11 11 1 11 10 1 13 13 10
split_gain=232.348 183.241 69.4555 79.9294 51.7572 67.7152 38.9353 73.5956 36.6102 35.7432 53.7812 32.4926 39.2587 32.6418 43.3602 30.4985 36.9139 27.9533 48.9455 30.4099 25.7288 25.2469 25.1884 22.4049 43.0594 38.4908 35.9545 21.2875 25.1708 20.5054
threshold=3578.6250000000005 1787.3750000000002 4.5000000000000009 8.7236842105263186 1.0000000180025095e-35 2604.7500000000005 26.23933662280702 -0.056951011027366626 0.27074174196563189 0.98005052076767474 6.6486842105263166 25.80183662280702 -0.42179730054635828 18.947368421052634 0.94911049632748046 1.0000000180025095e-35 5.4137883771929838 0.94496830006774635 4.6544712603878109 314.3815789473685 0.60383265664488517 -0.70900320270980455 -0.88220415136009767 17.607839912280706 -0.30982845708428081 0.15951094710994371 20.517489035087724 -0.30982845708428081 -0.21022037796396451 0.62587949062545845
decision_type=8 8 2 2 2 10 2 2 2 2 2 2 2 2 2 2 2 2 2 2 2 2 2 2 2 2 2 2 2 2
left_child=1 8 3 15 5 -5 7 23 27 10 11 12 22 -13 -15 16 -3 18 19 20 -7 -19 -2 -4 25 -25 -27 -1 -29 -18
right_child=9 2 6 4 -6 17 -8 -9 -10 -11 -12 13 -14 14 -16 -17 29 21 -20 -21 -22 -23 -24 24 -26 26 -28 28 -30 -31
leaf_value=-7.2786560447957074 -0.13170303003173559 4.0384806067348569 -3.6887683048442685 15.755043469822386 -13.108801789326414 1.0251328012159775 0.42231260766842527 -0.35155934554695706 -0.13093973352572449 -2.0160941725520387 6.1341409410642775 -1.4202017801737385 1.8390776122658281 12.613303946661938 -1.4744748767121791 -6.9401966089954392 -0.045129046348779414 -5.4906782743577658 6.2041874158062456 -0.12162862753871195 4.3367253011955427 0.70542319590208535 -5.2721217830546614 -3.2724849480002378 1.3111890285353867 -4.7768224476370964 0.98096419375928579 1.1138811079138577 -5.6071148429998292 -0.71472268895469149
leaf_weight=257 118 102 422 173 125 1087 507 1919 91 105 400 60 663 302 70 167 2882 87 250 1076 237 129 54 275 117 85 160 51 206 1252
leaf_count=257 118 102 422 173 125 1087 507 1919 91 105 400 60 663 302 70 167 2882 87 250 1076 237 129 54 275 117 85 160 51 206 1252
internal_value=-0.000450484 -0.0030151 -0.00154709 0.00114297 0.00720379 0.00850329 -0.00738669 -0.00956697 -0.0297855 0.0164129 0.0181954 0.0131309 0.00735646 0.0242494 0.0297587 -0.00321299 -0.00238376 0.00666202 0.00807243 0.00587255 0.0109434 -0.0105991 -0.0138728 -0.0201415 -0.014185 -0.0203455 -0.00589431 -0.0349515 -0.0246124 -0.00311971
internal_weight=13429 11657 11052 7567 3164 3039 3485 2978 605 1772 1667 1267 835 432 372 4403 4236 2866 2650 2400 1324 216 172 1059 637 520 245 514 257 4134
internal_count=13429 11657 11052 7567 3164 3039 3485 2978 605 1772 1667 1267 835 432 372 4403 4236 2866 2650 2400 1324 216 172 1059 637 520 245 514 257 4134
is_linear=0
shrinkage=0.05


Tree=65
num_leaves=31
num_cat=0
split_feature=14 14 8 8 11 14 6 11 14 12 2 3 11 2 7 10 12 12 2 7 6 12 12 7 12 12 8 13 7 8
split_gain=236.069 167.426 123.526 55.8329 53.9163 44.6066 43.6035 50.0113 35.7569 33.7343 63.3331 29.0613 27.4487 33.5152 26.843 24.0435 23.5893 26.3594 23.0162 21.9018 20.0277 19.9032 20.4483 18.8623 17.9691 33.9189 17.9136 17.3898 17.2137 15.1316
threshold=1976.6250000000002 3671.8750000000005 3.5000000000000004 1.5000000000000002 0.99981043035926087 4027.1250000000005 1.6710526315789476 0.59003219687534991 1813.1250000000002 0.97872324816535838 4.4144736842105265 5.9460526315789473 0.14888728888808328 0.39078947368421174 14.500000000000002 0.95998215779580554 -0.95753797188986722 -0.98803388382128665 5.6828947368421057 9.5000000000000018 124.15789473684212 -0.85227431625818906 -0.61998829497903662 8.5000000000000018 0.90623151893102627 0.98091558679606194 2.5000000000000004 0.71503753411753179 10.500000000000002 4.5000000000000009
decision_type=10 10 2 2 2 10 2 2 10 2 2 2 2 2 2 2 2 2 2 2 2 2 2 2 2 2 2 2 2 2
left_child=3 2 4 8 6 11 -2 9 -1 10 19 27 13 -4 29 16 17 -14 -16 -8 -21 -18 23 -23 -24 -26 -13 -3 -9 -15
right_child=1 5 12 -5 -6 -7 7 28 -10 -11 -12 26 15 14 18 -17 21 -19 -20 20 -22 22 24 -25 25 -27 -28 -29 -30 -31
leaf_value=-2.3950992232764747 0.050560607284865 -0.14804651423298765 -1.5260300669618119 -4.0148985827959569 -5.4177005845595891 10.129841325144321 1.6726291302020855 7.2046738459023345 0.1118084113409509 -2.4834461087774118 4.7923518138575218 4.2342720475332047 -0.87646186003714777 0.7702510345332485 -0.20633749941890756 2.0444159120403582 -2.4070364270090412 3.0399981611584281 2.0296807744945227 0.93592970691719302 -0.44946544764375179 -1.8098488505389867 -0.90273085162511968 2.0075653497818622 1.1027984733372251 -1.1452200726042521 2.0383953380731898 2.1879581096240828 3.7927177261604244 -1.2721532175866628
leaf_weight=512 2625 299 1369 751 74 299 684 164 446 169 465 203 103 185 288 124 186 161 163 324 867 74 1111 136 195 121 260 233 352 478
leaf_count=512 2625 299 1369 751 74 299 684 164 446 169 465 203 103 185 288 124 186 161 163 324 867 74 1111 136 195 121 260 233 352 478
internal_value=-0.00056996 0.00196363 -0.000143968 -0.017924 0.00478603 0.0189189 0.00534419 0.0094349 -0.00990615 0.00651394 0.00807347 0.0138052 -0.00615548 -0.00976248 -0.00331839 -0.00210217 -0.00337644 0.010566 0.00608407 0.00397122 -0.000125839 -0.00540022 -0.00363248 0.0109005 -0.00577731 0.00473186 0.0229526 0.00581614 0.0235977 -0.00971386
internal_weight=13421 11712 10418 1709 5724 1294 5650 3025 958 2509 2340 995 4694 2483 1114 2211 2087 264 451 1875 1191 1823 1637 210 1427 316 463 532 516 663
internal_count=13421 11712 10418 1709 5724 1294 5650 3025 958 2509 2340 995 4694 2483 1114 2211 2087 264 451 1875 1191 1823 1637 210 1427 316 463 532 516 663
is_linear=0
shrinkage=0.05


Tree=66
num_leaves=31
num_cat=0
split_feature=14 8 14 7 15 9 6 3 15 7 7 11 11 8 2 11 13 12 2 7 3 14 7 3 11 15 3 7 15 14
split_gain=224.29 176.057 126.422 79.737 75.8296 48.7466 50.6803 46.3372 43.3875 37.5908 36.8966 34.3948 30.2854 29.0882 26.2124 30.783 22.1855 22.2463 33.2514 26.1754 20.9246 20.7196 20.4907 20.1163 24.4097 19.58 19.5682 19.501 21.6424 18.3723
threshold=1953.8750000000002 4.5000000000000009 3919.0000000000005 16.500000000000004 1760.1250000000002 1.0000000180025095e-35 1.3815789473684212 6.2855263157894736 2647.1250000000005 21.500000000000004 15.500000000000002 -0.99465740988130902 0.98332250088165762 1.5000000000000002 13.018421052631579 -0.056951011027366626 -0.93543596745397617 0.94496830006774635 9.4618421052631607 10.500000000000002 8.9855263157894747 2384.1250000000005 5.5000000000000009 8.4605263157894743 0.8511460603353429 1960.3750000000002 4.7907894736842103 5.5000000000000009 3099.8750000000005 2485.1250000000005
decision_type=10 2 10 2 8 2 2 2 10 2 2 2 2 2 2 2 2 2 2 2 2 10 2 2 2 8 2 2 10 10
left_child=4 2 5 14 -1 6 25 8 22 23 -7 -10 -9 -6 15 -3 -13 18 19 27 -11 -12 -8 24 -5 -2 -19 -18 -29 -27
right_child=1 3 -4 9 13 10 7 12 11 20 21 16 -14 -15 -16 -17 17 26 -20 -21 -22 -23 -24 -25 -26 29 -28 28 -30 -31
leaf_value=-6.6452286576932584 0.94476193639080752 -2.3052425802114729 8.1717056417099467 0.72190942647816891 -0.68154262922784037 -9.9432786442323504 0.27338445278246581 4.5897481266936779 19.164115285281696 -1.4135682497207427 -2.8029636885604305 -0.64867444973527888 -0.92609792838163685 -2.9473338889046374 1.6940522291340585 -1.0836452783292885 -0.9855348136640032 -1.8273980989000849 5.681312569527222 0.50751754504458402 1.0975624287450274 4.0782823821645477 13.378912092350584 2.0591539937163361 -1.3865745455332672 -0.32788788198397473 2.9532651707899049 6.5542470721018624 2.1299978072752768 0.35588783514447186
leaf_weight=348 162 972 425 631 804 178 53 424 57 199 43 504 75 394 77 1334 84 295 182 1483 50 65 149 98 82 1802 64 149 687 1543
leaf_count=348 162 972 425 631 804 178 53 424 57 199 43 504 75 394 77 1334 84 295 182 1483 50 65 149 98 82 1802 64 149 687 1543
internal_value=-0.000257194 0.00207701 0.00597033 -0.00744774 -0.0181642 0.00455625 0.00530853 0.00900879 0.00707929 0.00395853 -0.0156794 0.00577581 0.0233 -0.0121768 -0.012521 -0.0134807 0.00513192 0.00679117 0.00841067 0.00684276 -0.013 0.00733945 0.0295567 0.00917488 0.00623249 0.000869441 -0.00486111 0.0134636 0.0157706 4.48296e-05
internal_weight=13413 11867 8424 3443 1546 7999 7713 4206 3707 1060 286 3505 499 1198 2383 2306 3448 2944 2585 2403 249 108 202 811 713 3507 359 920 836 3345
internal_count=13413 11867 8424 3443 1546 7999 7713 4206 3707 1060 286 3505 499 1198 2383 2306 3448 2944 2585 2403 249 108 202 811 713 3507 359 920 836 3345
is_linear=0
shrinkage=0.05


Tree=67
num_leaves=31
num_cat=0
split_feature=14 8 14 8 6 0 9 11 13 1 1 6 1 11 12 12 11 1 1 13 14 11 10 1 1 1 6 0 12 10
split_gain=193.016 137.508 108.893 60.4917 45.9718 57.3094 43.6212 37.0417 31.4788 34.4337 29.6084 29.5125 28.6318 58.1445 27.3099 27.4212 25.6755 47.1417 25.1824 24.0275 22.8228 19.8337 18.8687 19.2484 26.1633 18.6191 18.4879 17.8254 27.2134 17.5001
threshold=1953.8750000000002 4.5000000000000009 4027.1250000000005 4.5000000000000009 1.6710526315789476 10.28684210526316 1.0000000180025095e-35 0.98332250088165762 0.70747208174348741 27.741803728070185 9.0858552631578977 16.736842105263161 26.64771910919541 0.029024409397335523 -0.93545056548590078 -0.99275346941927067 -0.65883892954715351 22.686211622807022 17.878591008771934 -0.93543596745397617 3455.1250000000005 0.60383265664488517 0.97508442350096236 18.135005482456144 16.645339912280708 28.567790570175443 537.59210526315803 18.363157894736847 0.9252105435402006 -0.63255557784149707
decision_type=10 2 10 2 2 2 2 2 2 2 2 2 2 2 2 2 2 2 2 2 10 2 2 2 2 2 2 2 2 2
left_child=3 2 4 11 10 7 8 -6 16 -10 -2 -1 13 26 15 -12 -7 19 -8 -18 21 22 23 24 -21 -14 -3 -16 -29 -30
right_child=1 12 -4 -5 5 6 18 -9 9 -11 14 -13 25 -15 27 -17 17 -19 -20 20 -22 -23 -24 -25 -26 -27 -28 28 29 -31
leaf_value=-1.6799254706332023 0.80622471873527957 -1.4561263033789602 10.867336486519186 -4.8526946315081325 4.6353953830794126 -0.65537079660063002 -12.784882896482578 -0.56623662734178881 1.8648308202011095 18.140697516960451 -0.61049991250113755 1.3361054856262058 1.1347495760963966 -0.24132782597096139 -0.52241316808456306 1.211693884838428 -0.69493932952040049 6.2615994757156388 1.307300677764772 1.5806707471951995 -0.21920212633691563 4.2784867376928331 6.2186760597727471 1.9155319139166977 -1.2499038273257839 -0.62126066453621442 -4.1615848612398052 0.76543191344101169 -0.75907551133491902 -2.5342219628988008
leaf_weight=939 757 875 244 375 517 750 72 138 544 95 128 156 296 1864 1687 261 510 256 48 579 450 139 41 199 199 210 260 605 164 59
leaf_count=939 757 875 244 375 517 750 72 138 544 95 128 156 296 1864 1687 261 510 256 48 579 450 139 41 199 199 210 260 605 164 59
internal_value=-4.09897e-05 0.00206311 0.00551937 -0.0171312 0.00453714 0.00789996 0.00558846 0.0215701 0.00653734 0.0166406 0.000368651 -0.011177 -0.0062607 -0.00811667 -0.00192771 0.0103846 0.00446543 0.00701348 -0.0239669 0.00455619 0.00755597 0.0112694 0.00883219 0.00741309 0.00385109 0.00473373 -0.0170335 -0.00383545 0.00217129 -0.0127232
internal_weight=13417 11947 8442 1470 8198 4537 3882 655 3762 639 3661 1095 3505 2999 2904 389 3123 2373 120 2117 1607 1157 1018 977 778 506 1135 2515 828 223
internal_count=13417 11947 8442 1470 8198 4537 3882 655 3762 639 3661 1095 3505 2999 2904 389 3123 2373 120 2117 1607 1157 1018 977 778 506 1135 2515 828 223
is_linear=0
shrinkage=0.05


Tree=68
num_leaves=31
num_cat=0
split_feature=14 15 15 1 11 14 11 1 12 12 1 10 12 1 1 12 12 12 1 1 10 7 11 11 1 12 1 12 1 12
split_gain=203.969 126.417 92.6323 42.6388 38.5534 34.7359 29.9101 65.4017 54.6119 31.6152 29.7794 56.7816 29.3241 28.9235 28.0727 32.8161 26.9533 49.3828 29.8504 25.473 25.3572 24.3885 23.74 23.6703 49.3504 24.3336 33.6081 32.6757 28.8058 27.8214
threshold=2232.3750000000005 3766.5000000000005 1821.8750000000002 4.8951206140350889 -0.99864786094873803 4027.1250000000005 -0.59177783207548873 25.556825657894745 -0.90893575921103265 -0.9905448150984083 21.621600877192989 0.056951373111866731 -0.85227431625818906 11.977604166666669 24.522642543859654 0.97109394436505758 -0.37447172655954952 -0.064463015794845938 5.7586622807017553 14.540323464912282 -0.79384350655589164 15.500000000000002 0.99981043035926087 -0.056951011027366626 18.578481359649128 0.55120426863728689 9.7736293859649148 0.23746817830764474 12.131414473684213 -0.52766560075116253
decision_type=10 8 10 2 2 10 2 2 2 2 2 2 2 2 2 2 2 2 2 2 2 2 2 2 2 2 2 2 2 2
left_child=2 3 13 -2 -5 -3 10 8 9 -8 19 14 21 -1 15 -12 -4 -18 -19 -6 -11 -10 23 24 -14 27 -27 29 -28 -25
right_child=1 5 16 4 6 -7 7 -9 12 20 11 -13 22 -15 -16 -17 17 18 -20 -21 -22 -23 -24 25 -26 26 28 -29 -30 -31
leaf_value=-2.0241217522742887 7.8044686826662657 2.5607555774693767 -0.13591768349022004 7.6000570591974572 1.7376127053971573 10.367035022577284 -0.36236351250306598 6.8001138422063834 -4.9210515245160655 -0.49136078802938532 -5.45183296106336 1.3415681346736621 -1.5567708010308026 -4.7690385763573548 -0.31980442050851254 0.39553715681772705 -3.1455941825105129 2.2903702033358742 -0.8673857991854903 -2.031771349599262 3.3940937329780585 0.048581312898363649 -5.7559625415271061 1.1623326994557375 0.43423052418465891 0.36666856399015163 -1.7428561162397729 2.6859447317286369 0.56179134618007542 -0.13098904831267646
leaf_weight=197 127 831 1452 85 58 207 205 143 129 96 171 550 658 524 826 89 389 42 1349 507 463 93 50 629 633 766 391 439 218 1113
leaf_count=197 127 831 1452 85 58 207 205 143 129 96 171 550 658 524 826 89 389 42 1349 507 463 93 50 629 633 766 391 439 218 1113
internal_value=-0.000513737 0.00346592 -0.0100531 0.00143957 0.000998436 0.019923 0.000650219 0.00247221 0.00165704 0.0141176 -0.00433697 -0.00091631 -0.000205078 -0.0262465 -0.0075437 -0.0218391 -0.00643365 -0.0105559 -0.00614224 -0.0142226 0.0202679 -0.0179372 0.000602287 0.000959158 -0.00483746 0.00306438 -0.0021439 0.00634739 -0.0109016 0.00327022
internal_weight=13430 9477 3953 8439 8312 1038 8227 6026 5883 764 2201 1636 5119 721 1086 260 3232 1780 1391 565 559 222 4897 4847 1291 3556 1375 2181 609 1742
internal_count=13430 9477 3953 8439 8312 1038 8227 6026 5883 764 2201 1636 5119 721 1086 260 3232 1780 1391 565 559 222 4897 4847 1291 3556 1375 2181 609 1742
is_linear=0
shrinkage=0.05


Tree=69
num_leaves=31
num_cat=0
split_feature=15 15 8 9 14 8 13 1 1 6 15 3 13 13 15 1 12 6 2 1 2 15 6 12 12 1 15 12 12 11
split_gain=177.695 119.094 55.6292 67.6898 43.5561 44.8406 42.5229 39.5016 38.0241 36.5138 48.6404 36.398 33.3865 29.5365 31.3017 27.5703 29.8594 25.7075 27.8965 26.1638 23.9742 22.3963 21.7872 20.0697 37.9419 31.7272 19.8305 20.1547 19.5914 19.4487
threshold=1875.6250000000002 3766.5000000000005 4.5000000000000009 1.0000000180025095e-35 4063.8750000000005 2.5000000000000004 -0.30982845708428081 5.4137883771929838 12.527384868421054 23.013157894736846 2604.7500000000005 6.0539473684210527 0.90438663683299525 1.0000000180025095e-35 2749.3750000000005 20.341200657894742 0.93771544905322102 490.89473684210537 9.9986842105263172 13.275520833333337 7.0473684210526342 3212.2500000000005 404.6578947368422 -0.90893575921103265 -0.99629805505515945 12.527384868421054 3170.1250000000005 0.8080041977283311 -0.97876850416056738 0.99138911339924218
decision_type=8 8 2 2 10 2 2 2 2 2 10 2 2 2 10 2 2 2 2 2 2 10 2 2 2 2 10 2 2 2
left_child=6 2 3 7 5 12 8 -2 -1 23 -11 15 -3 -5 -15 22 26 20 19 -19 -4 -18 -12 24 -9 -26 -17 -28 -8 -30
right_child=1 4 17 13 -6 -7 28 9 -10 10 11 -13 -14 14 -16 16 21 18 -20 -21 -22 -23 -24 -25 25 -27 27 -29 29 -31
leaf_value=-0.8038714581524119 5.4647220468615849 4.9920660510419568 -0.49636884884905613 -10.605932772249151 9.8038066882284518 -0.28114994835279961 -4.7159097293238235 -1.548550684534689 -4.8248743758011985 12.401732229838821 0.59744170348978975 3.4470821910631231 -0.76794495337016999 -7.6963003087078512 2.3696339832503099 5.5329977122387053 0.83913874447723635 0.19583802946979179 0.39211708430796083 -3.4446950468251774 2.0945536537400815 -5.0465834151584659 -0.94062151061255017 -0.15179049926462085 2.0982899585427504 0.21229834076309545 1.7069257698605158 -3.4092380275999066 -0.20265492009491481 -4.9497496594006636
leaf_weight=96 151 480 2628 108 182 327 88 99 399 130 1199 258 93 101 107 282 140 83 143 283 75 98 761 3703 194 365 460 72 371 79
leaf_count=96 151 480 2628 108 182 327 88 99 399 130 1199 258 93 101 107 282 140 83 143 283 75 98 761 3703 194 365 460 72 371 79
internal_value=0.000143848 0.00178871 0.000288436 0.00246689 0.0176362 0.0130966 -0.0197776 0.00337419 -0.0303427 0.00287941 0.00676272 0.00556405 0.0215157 -0.0201893 -0.00909091 0.00401593 0.0105413 -0.00529101 -0.0155882 -0.0228883 -0.00334689 -0.00502092 0.000509944 -0.000149014 0.00789074 0.0129464 0.015092 0.00938086 -0.0100186 -0.00576497
internal_weight=13555 12522 11440 8228 1082 900 1033 7912 495 7761 3400 3270 573 316 208 3012 1052 3212 509 366 2703 238 1960 4361 658 559 814 532 538 450
internal_count=13555 12522 11440 8228 1082 900 1033 7912 495 7761 3400 3270 573 316 208 3012 1052 3212 509 366 2703 238 1960 4361 658 559 814 532 538 450
is_linear=0
shrinkage=0.05


Tree=70
num_leaves=31
num_cat=0
split_feature=8 6 5 7 1 12 7 9 8 7 6 1 11 10 7 9 1 11 12 7 8 5 1 11 8 7 7 1 7 10
split_gain=153.512 118.356 78.7079 53.2969 53.2728 109.512 48.3402 43.1519 35.5979 77.9998 37.6716 34.2899 28.428 48.5262 28.3852 27.7598 28.2033 27.5661 29.9604 26.0352 63.5249 25.8843 25.2957 24.0801 23.274 21.6625 23.1769 20.899 20.884 20.5224
threshold=4.5000000000000009 1.3815789473684212 3.7467285318559553 15.500000000000002 25.80183662280702 0.94911049632748046 21.500000000000004 1.0000000180025095e-35 5.5000000000000009 7.5000000000000009 473.78947368421063 26.23933662280702 0.98005052076767474 0.022575936829235418 9.5000000000000018 1.0000000180025095e-35 7.8870065789473704 0.99138911339924218 0.66045618230038983 2.5000000000000004 1.0000000180025095e-35 8.1902500000000007 24.522642543859654 0.8511460603353429 5.5000000000000009 16.500000000000004 20.500000000000004 12.131414473684213 2.5000000000000004 0.84773968378660736
decision_type=2 2 2 2 2 2 2 2 2 2 2 2 2 2 2 2 2 2 2 2 2 2 2 2 2 2 2 2 2 2
left_child=1 15 4 8 7 -6 21 -3 10 11 28 27 -4 -14 -7 16 17 18 -1 20 -18 23 -12 24 -5 -17 -27 -10 29 -2
right_child=3 2 12 6 5 14 -8 -9 9 -11 22 -13 13 -15 -16 25 19 -19 -20 -21 -22 -23 -24 -25 -26 26 -28 -29 -30 -31
leaf_value=2.1436320279719214 1.7385155266133325 0.67380701446093105 4.5466547584957651 -0.35971252574829582 9.935947495735423 -6.2797905130298091 -1.4542948691963149 -12.030148540895722 -2.7966597954899046 -0.65857608095234932 -4.9529691148371064 -0.28654036556170015 -3.0510329659254469 11.174072742517957 0.18311449604379959 -8.2291086779067779 -5.1682874889810364 -2.5265411488484006 -0.084117932589651903 -0.078688189407228049 -0.29847965114793168 2.2777675795301322 0.14136039047587021 -1.3382231090662799 1.2737454993126449 2.5463854487369417 -4.9385321064737244 -5.13309292874942 -0.74115039293870955 -2.3474399971552602
leaf_weight=258 201 3414 638 375 481 70 319 95 236 660 218 93 101 47 153 98 199 107 164 2882 837 87 89 117 383 46 47 318 714 46
leaf_count=258 201 3414 638 375 481 70 319 95 236 660 218 93 101 47 153 98 199 107 164 2882 837 87 89 117 383 46 47 318 714 46
internal_value=-0.000100044 0.0032735 0.00861 -0.00852995 0.00589701 0.0184397 -0.000195008 0.00337607 -0.0126747 -0.0184633 -0.00669819 -0.030787 0.0231258 0.0033557 -0.0104911 -0.00247898 -0.00167491 0.00915094 0.0148936 -0.00313856 -0.0099325 0.00539979 -0.0219156 0.0027968 0.00606061 -0.0210938 -0.0037234 -0.0354955 -0.00181913 0.0106855
internal_weight=13493 9637 4999 3856 4213 704 1281 3509 2575 1307 1268 647 786 148 223 4638 4447 529 422 3918 1036 962 307 875 758 191 93 554 961 247
internal_count=13493 9637 4999 3856 4213 704 1281 3509 2575 1307 1268 647 786 148 223 4638 4447 529 422 3918 1036 962 307 875 758 191 93 554 961 247
is_linear=0
shrinkage=0.05


Tree=71
num_leaves=31
num_cat=0
split_feature=14 15 8 15 1 1 14 11 8 8 12 1 7 11 11 7 7 11 11 11 11 1 12 11 12 12 15 0 11 1
split_gain=168.16 131.213 65.8868 63.477 37.7379 39.7844 36.5603 34.0508 32.5054 32.3647 27.1626 63.8152 39.2888 44.0902 33.9607 33.815 32.5533 29.2037 23.2022 36.1335 36.2791 24.5372 35.8006 32.1362 21.3115 19.497 19.1982 18.9786 30.021 18.8572
threshold=1953.8750000000002 3792.6250000000005 3.5000000000000004 1717.3750000000002 8.4661184210526343 25.80183662280702 4063.8750000000005 0.99981043035926087 2.5000000000000004 1.5000000000000002 0.93544191479114935 25.189391447368426 18.500000000000004 0.57605713708605399 -0.67168186667784702 12.500000000000002 6.5000000000000009 0.87709077819680659 -0.056951011027366626 0.8511460603353429 0.77652048701313048 20.639391447368425 -0.59869031648930193 -0.32613736746952143 0.84660111278280559 0.78725952717486247 3005.8750000000005 10.082894736842109 0.97648852793709995 17.878591008771934
decision_type=10 8 2 8 2 2 10 2 2 2 2 2 2 2 2 2 2 2 2 2 2 2 2 2 2 2 10 2 2 2
left_child=3 2 7 -1 -4 18 8 10 -3 -5 11 12 13 -2 15 -12 17 -15 21 20 -20 -6 -23 -24 -13 -14 -18 -21 -29 -11
right_child=1 6 4 9 5 -7 -8 -9 -10 29 14 24 25 16 -16 -17 26 -19 19 27 -22 22 23 -25 -26 -27 -28 28 -30 -31
leaf_value=-5.9993680458708525 0.39358959262648913 4.4046768059244412 0.64390802652447976 -0.68687717462265718 -2.0674341701796495 0.59642946256631146 9.532585846427537 -4.4489033690775726 0.10051918444958119 -2.9419807457364473 -4.0722458184761541 2.8033558050539344 -0.16893634313685199 1.1244160304280626 0.38686180835900363 -0.022986339615749786 28.184752784757269 -0.82757797738569261 -0.29328697696194583 -2.8428455148873812 1.8576420380396486 1.2044652500905046 -2.1361030850937825 1.3389122601634995 7.137179817000697 -1.6756870122834018 2.1300456565932566 -3.0252020516917129 3.1370283712655125 -0.850516704915799
leaf_weight=238 2470 521 708 816 911 708 176 69 263 400 129 375 983 136 452 119 98 214 1534 297 128 175 435 110 90 131 541 101 67 105
leaf_count=238 2470 521 708 816 911 708 176 69 263 400 129 375 983 136 452 119 98 214 1534 297 128 175 435 110 90 131 541 101 67 105
internal_value=-0.000170358 0.00184642 0.000295939 -0.015609 -0.00380676 -0.00550705 0.019563 0.00395145 0.0149045 -0.0113086 0.00437358 0.00565588 0.00385877 0.00648844 -0.00485021 -0.0196787 0.015404 0.0031339 -0.0075552 -0.00411184 -0.000661455 -0.0120404 -0.00513176 -0.0114469 0.0232833 -0.00430493 0.0221094 -0.0164163 -0.00295858 -0.0212451
internal_weight=13500 11941 10981 1559 5174 4466 960 5807 784 1321 5738 5038 4573 3459 700 248 989 350 3758 2127 1662 1631 720 545 465 1114 639 465 168 505
internal_count=13500 11941 10981 1559 5174 4466 960 5807 784 1321 5738 5038 4573 3459 700 248 989 350 3758 2127 1662 1631 720 545 465 1114 639 465 168 505
is_linear=0
shrinkage=0.05


Tree=72
num_leaves=31
num_cat=0
split_feature=15 15 11 8 7 9 1 6 15 7 7 15 6 13 0 0 15 1 7 3 10 11 13 7 15 1 11 11 11 10
split_gain=160.425 97.4884 47.3618 41.7726 54.6109 54.3642 39.9359 41.7201 54.1441 34.3941 31.8454 29.9975 29.5517 27.1197 26.977 26.6208 28.4342 36.445 26.2386 28.9337 33.059 26.0451 22.9982 22.6888 25.6552 21.8285 21.7278 44.6675 23.8429 23.4357
threshold=1787.3750000000002 3766.5000000000005 -0.99864786094873803 4.5000000000000009 15.500000000000002 1.0000000180025095e-35 5.4137883771929838 38.881578947368432 2759.3750000000005 2.5000000000000004 15.500000000000002 2711.3750000000005 0.51315789473684215 -0.30982845708428081 7.4039473684210542 10.475000000000003 3160.5000000000005 20.792132675438602 7.5000000000000009 0.46973684210526129 0.61237135649459018 0.98332250088165762 0.029024409397335523 19.500000000000004 3047.6250000000005 12.574013157894738 -0.59177783207548873 -0.48313741114591585 -0.84774213365954088 0.75014288946266361
decision_type=8 8 2 2 2 2 2 2 10 2 2 10 2 2 2 2 10 2 2 2 2 2 2 2 10 2 2 2 2 2
left_child=13 2 -2 5 9 6 -4 26 -9 -5 22 -12 -3 25 -6 -10 17 -17 -11 20 -20 -14 -7 24 -16 -1 28 -28 -8 -29
right_child=1 12 3 4 14 10 7 8 15 18 11 -13 21 -15 23 16 -18 -19 19 -21 -22 -23 -24 -25 -26 -27 27 29 -30 -31
leaf_value=-0.64828154607858446 7.1177981661829568 -1.4833867392876756 4.6849840548105481 0.69835359608086955 1.8478297026744828 -13.290478494128706 0.014005672233679434 8.644750103891818 3.1274968201152435 -2.1275039091124426 -4.1682530451601449 4.4070969203906545 4.1121639283701255 -2.7834306328304423 0.98899855753049914 0.46421912907513846 -0.14965067015493788 3.7164443266170566 -0.76852464152952971 0.056922421836691231 -5.3893499197591614 -2.9213948194151502 -6.7529308220902982 -0.72679403164290768 -2.9238097856422658 -5.740545422565674 2.5417779009123596 0.12757831794088476 -1.0828924795011063 -0.68539028340758257
leaf_weight=40 88 99 163 349 136 93 476 256 217 659 59 59 910 280 534 650 1762 271 520 524 164 53 125 509 49 251 168 2486 506 969
leaf_count=40 88 99 163 349 136 93 476 256 217 659 59 59 910 280 534 650 1762 271 520 524 164 53 125 509 49 251 168 2486 506 969
internal_value=-0.000227171 0.00092571 -0.000381582 -0.000657839 -0.00528302 0.00127103 0.00210726 0.00159108 0.00601837 -0.00996843 -0.0183976 0.00252101 0.015428 -0.0261364 0.00317331 0.00406756 0.00270119 0.00981562 -0.0126606 -0.0082713 -0.0150365 0.0181017 -0.0296804 0.000548948 0.0072774 -0.0368151 -0.00144377 0.000344923 -0.00803662 -0.000882523
internal_weight=13425 12854 11792 11704 3444 8260 7924 7761 3156 2216 336 118 1062 571 1228 2900 2683 921 1867 1208 684 963 218 1092 583 291 4605 3623 982 3455
internal_count=13425 12854 11792 11704 3444 8260 7924 7761 3156 2216 336 118 1062 571 1228 2900 2683 921 1867 1208 684 963 218 1092 583 291 4605 3623 982 3455
is_linear=0
shrinkage=0.05


Tree=73
num_leaves=31
num_cat=0
split_feature=15 14 7 8 8 9 7 3 13 15 1 6 7 13 7 1 8 15 12 12 1 12 12 12 12 13 7 1 15 12
split_gain=147.835 90.5435 69.0368 68.5926 57.4592 37.2369 33.466 54.2562 45.8547 31.5491 31.4996 46.7177 32.8245 27.5118 26.4825 24.5968 23.69 24.7992 23.5942 22.0134 32.242 26.5654 28.9172 32.1939 24.6924 24.6464 21.616 21.1503 20.4342 29.1842
threshold=1787.3750000000002 4000.1250000000005 6.5000000000000009 5.5000000000000009 2.5000000000000004 1.0000000180025095e-35 18.500000000000004 3.1539473684210519 0.99897831515029056 2604.7500000000005 24.522642543859654 439.51315789473693 21.500000000000004 -0.30982845708428081 3.5000000000000004 26.23933662280702 4.5000000000000009 2759.3750000000005 0.97650828179861848 0.43152950955792641 9.4626096491228093 0.18281681932135149 0.11478755917771409 0.067682722635586057 -0.39036798905311365 0.42763731121559989 11.500000000000002 12.527384868421054 3246.6250000000005 0.91161058030431363
decision_type=8 10 2 2 2 2 2 2 2 10 2 2 2 2 2 2 2 10 2 2 2 2 2 2 2 2 2 2 10 2
left_child=13 2 3 5 6 18 7 9 -9 -4 11 12 19 27 15 -5 17 -13 -2 21 -21 22 23 24 -6 26 -22 -1 -11 -30
right_child=1 -3 4 14 10 -7 -8 8 -10 28 -12 16 -14 -15 -16 -17 -18 -19 -20 20 25 -23 -24 -25 -26 -27 -28 -29 29 -31
leaf_value=-0.97548713275244836 -0.10003238437612937 6.6569126322087646 19.419807081121839 -2.2605674683334089 0.78012534620786489 -8.0053521638618577 -0.0005938307379608432 3.5328549740450401 -4.5447278644847984 1.1796609247278524 1.1031026188136026 8.8199758680756197 -1.2405596234463703 -2.3316056227067294 -3.9719187125432769 1.4299448201899396 -3.1375392314134389 -1.209479926801214 -1.3914773116381072 0.56024235583259951 1.2051735685634526 1.7583514910431632 -2.4304403089653421 2.79540245919668 -0.92728971744911637 -2.7213860018759761 -1.3766533964640759 -4.9724613389600449 0.36032354467806726 -4.1686493730798366
leaf_weight=42 2812 347 62 129 1237 99 1192 899 49 794 706 48 491 283 174 47 414 385 238 294 144 278 102 96 437 119 385 260 815 126
leaf_count=42 2812 347 62 129 1237 99 1192 899 49 794 706 48 491 283 174 47 414 385 238 294 144 278 102 96 437 119 385 260 815 126
internal_value=-0.000266568 0.000847523 0.000151117 -0.00581429 0.00245206 -0.00347619 0.00699594 0.0100328 0.019705 0.00492214 -0.00103173 -0.00259535 -9.76563e-05 -0.0248294 -0.0267806 -0.0129944 -0.0131486 -0.00495392 -0.00249099 0.00181054 -0.00455992 0.00460251 0.00245595 0.00395257 0.00232836 -0.0107858 -0.00613208 -0.0353135 0.00365783 -0.00132696
internal_weight=13504 12919 12572 3499 9073 3149 3937 2745 948 1797 5136 4430 3583 585 350 176 847 433 3050 3092 942 2150 1872 1770 1674 648 529 302 1735 941
internal_count=13504 12919 12572 3499 9073 3149 3937 2745 948 1797 5136 4430 3583 585 350 176 847 433 3050 3092 942 2150 1872 1770 1674 648 529 302 1735 941
is_linear=0
shrinkage=0.05


Tree=74
num_leaves=31
num_cat=0
split_feature=8 6 14 14 0 14 11 1 9 11 1 1 12 6 11 13 1 11 11 14 10 11 1 6 14 10 6 10 1 10
split_gain=111.597 89.833 79.2617 63.0421 48.9004 36.4064 34.3021 60.8811 30.5579 45.7595 28.9979 34.1345 36.034 29.7182 26.9858 25.6614 36.5956 29.5601 45.551 22.2696 23.1523 21.8125 21.6927 19.8382 28.464 19.2101 19.178 21.3295 22.4292 18.4124
threshold=4.5000000000000009 1.3815789473684212 1905.8750000000002 4102.0000000000009 9.8868421052631614 2112.2500000000005 0.99138911339924218 7.1933662280701762 1.0000000180025095e-35 -0.72102888505294738 9.7308662280701768 26.23933662280702 0.38044714639866822 420.8289473684211 0.9989598388634241 0.6952237066490784 27.878015350877199 -0.65883892954715351 -0.4755978891912595 2485.1250000000005 -0.89406062840022227 0.95178258287705175 7.5498081140350886 424.59210526315798 2774.5000000000005 -0.8041866928211282 75.026315789473699 -0.47558551945199218 25.80183662280702 0.63920241694561786
decision_type=2 2 10 10 2 10 2 2 2 2 2 2 2 2 2 2 2 2 2 10 2 2 2 2 10 2 2 2 2 2
left_child=1 5 -2 4 14 6 7 -1 15 -10 21 12 13 19 -3 17 -17 26 25 -12 -21 -4 -23 24 -20 -19 -6 28 -28 -29
right_child=2 3 10 -5 8 -7 -8 -9 9 -11 11 -13 -14 -15 -16 16 -18 18 23 20 -22 22 -24 -25 -26 -27 27 29 -30 -31
leaf_value=3.1884016738166339 -4.0946951888945708 3.8401469720024353 0.78359189182151567 9.9313079942275415 -1.6335120004458306 0.04455830383673174 -6.1452410418940877 -0.75492349345710186 6.8037989684223481 -10.801812846009717 -0.93687410110912883 0.39717939694912729 -2.1380351547145211 -2.9709825399707768 -5.6983816897918933 1.5395641895009022 15.793585306801583 8.8422023282084421 2.3892846367063498 1.3070607391200726 -0.39939202016731773 0.27798554452112967 -2.7016690588105008 -0.69949753736823372 0.39163560544734538 2.7452727803000245 -5.2141382951038171 2.6350375708540699 -0.23294567795571766 -1.3319820675828851
leaf_weight=63 281 539 580 153 137 2950 141 1432 40 89 641 505 665 324 40 598 100 129 328 170 348 167 146 646 1210 259 67 271 194 140
leaf_count=63 281 539 580 153 137 2950 141 1432 40 89 641 505 665 324 40 598 100 129 328 170 348 167 146 646 1210 259 67 271 194 140
internal_value=-0.000430583 0.00246667 -0.00764107 0.0071443 0.00612991 -0.00257249 -0.00855223 -0.00631684 0.00425279 -0.0196154 -0.00561037 -0.00823286 -0.0109819 -0.00663747 0.0197414 0.00501225 0.0137339 0.00320816 0.00582977 -0.00288793 0.00481696 0.00218121 -0.00843949 0.00302059 0.00610786 0.0215938 -0.00512346 -0.00163447 -0.0127863 0.00546117
internal_weight=13353 9526 3827 4940 4787 4586 1636 1495 4208 129 3546 2653 2148 1483 579 4079 698 3381 2572 1159 518 893 313 2184 1538 388 809 672 261 411
internal_count=13353 9526 3827 4940 4787 4586 1636 1495 4208 129 3546 2653 2148 1483 579 4079 698 3381 2572 1159 518 893 313 2184 1538 388 809 672 261 411
is_linear=0
shrinkage=0.05


Tree=75
num_leaves=31
num_cat=0
split_feature=15 8 15 11 1 1 1 13 13 11 9 11 3 11 6 15 7 15 8 7 13 3 13 11 15 13 7 7 6 11
split_gain=140.42 69.5224 58.1991 45.3143 32.918 32.6157 38.367 29.6925 29.6861 28.2912 28.0806 27.2804 26.4741 24.7205 23.7333 22.1988 22.1174 29.2123 35.6002 33.004 29.9936 25.4309 29.5565 27.3424 23.7256 24.3313 21.9898 20.9064 20.5269 19.0583
threshold=1787.3750000000002 3.5000000000000004 3805.8750000000005 0.99981043035926087 12.527384868421054 10.013157894736844 25.556825657894745 0.99731940924863693 0.79773375822167203 -0.60555643346685839 1.0000000180025095e-35 -0.95502570686053045 7.2434210526315788 0.97263757644091875 0.51315789473684215 2730.8750000000005 5.5000000000000009 3347.1250000000005 1.0000000180025095e-35 17.500000000000004 0.5475998096715059 4.3381578947368427 -0.32614339955141752 -0.42179730054635828 2333.6250000000005 0.56192200557241578 2.5000000000000004 15.500000000000002 0.51315789473684215 0.94353349168649059
decision_type=8 2 8 2 2 2 2 2 2 2 2 2 2 2 2 10 2 10 2 2 2 2 2 2 10 2 2 2 2 2
left_child=4 2 3 7 -1 29 11 10 9 -8 12 -7 16 28 -14 -12 21 19 -19 20 -18 22 23 -2 25 -24 -25 -17 -4 -3
right_child=1 5 13 -5 -6 6 8 -9 -10 -11 15 -13 14 -15 -16 27 17 18 -20 -21 -22 -23 24 26 -26 -27 -28 -29 -30 -31
leaf_value=-1.2054047063959503 2.6375676702669013 0.73107634069767757 -1.4064436982963344 -4.6378667282111339 -4.433016394792566 -7.5523444562876421 -0.82848565299512988 8.2716655918804243 2.0506469803338176 1.7170009194883733 -6.2537855267282056 -0.83435416785439998 0.44602357645449048 -0.98186310690906575 3.948381503120709 -6.1129202540485839 1.2765068579487662 1.7866381720513347 -0.75149278809327602 0.042103335563399472 8.4242999879415503 -1.4925944586096536 -0.62966253233796587 -0.78537653326665124 -2.5177423751862307 2.6436126649779683 1.0419532384615309 2.8623788080485384 4.9488134697098536 -0.62541868324565264
leaf_weight=173 116 902 47 97 400 83 400 92 315 96 74 3074 901 60 249 74 1339 269 1032 1286 161 294 158 153 197 92 170 44 625 545
leaf_count=173 116 902 47 97 400 83 400 92 315 96 74 3074 901 60 249 74 1339 269 1032 1286 161 294 158 153 197 92 170 44 625 545
internal_value=-0.000103558 0.000969411 0.00407648 0.00263274 -0.0243031 -0.00335118 -0.00569413 0.00312593 0.00400246 -0.00362173 0.00273071 -0.00818556 0.00329542 0.0174625 0.0101651 -0.0160622 0.00179385 0.00353474 -0.00264977 0.00642268 0.011459 -0.0042337 0 0.00920455 -0.00904018 0.00119522 0.00169753 -0.00252101 0.020208 0.0030732
internal_weight=13518 12945 7530 6798 573 5415 3968 6701 811 496 6609 3157 6417 732 1150 192 5267 4087 1301 2786 1500 1180 886 439 447 250 323 118 672 1447
internal_count=13518 12945 7530 6798 573 5415 3968 6701 811 496 6609 3157 6417 732 1150 192 5267 4087 1301 2786 1500 1180 886 439 447 250 323 118 672 1447
is_linear=0
shrinkage=0.05


Tree=76
num_leaves=31
num_cat=0
split_feature=15 14 8 13 15 14 0 7 8 15 15 8 11 1 15 14 12 1 10 7 1 1 12 1 12 6 7 0 14 13
split_gain=138.635 75.0967 66.4876 41.2046 35.964 29.4967 40.0082 34.3982 52.4253 34.4693 27.5779 51.4217 27.4751 33.5242 26.3663 23.2653 23.1984 50.0918 26.8908 23.0929 22.8323 28.78 23.6765 22.6233 22.5313 22.2694 31.0416 24.6354 22.1729 22.4262
threshold=1843.2500000000002 4027.1250000000005 2.5000000000000004 -0.3744658827978154 3766.5000000000005 2894.6250000000005 6.8565789473684227 8.5000000000000018 5.5000000000000009 2209.1250000000005 3117.3750000000005 4.5000000000000009 0.99981043035926087 7.3837993421052639 2759.3750000000005 3373.1250000000005 0.93544191479114935 25.80183662280702 -0.49064630004295678 20.500000000000004 9.7308662280701768 17.096299342105269 -0.39036798905311365 11.859566885964915 -0.45943279258162384 23.013157894736846 9.5000000000000018 12.938157894736845 2172.3750000000005 -0.10837475778693638
decision_type=8 10 2 2 8 10 2 2 2 10 10 2 2 2 10 10 2 2 2 2 2 2 2 2 2 2 2 2 10 2
left_child=3 2 4 23 12 7 -7 8 9 -4 11 14 13 19 -8 -16 17 24 -19 -2 -9 22 -22 -1 -15 -26 -27 -28 -11 -30
right_child=1 -3 5 -5 -6 6 10 20 -10 28 -12 -13 -14 16 15 -17 -18 18 -20 -21 21 -23 -24 -25 25 26 27 -29 29 -31
leaf_value=-0.46061952529463501 3.4611369548314999 6.6146944223450426 -0.006190178421070414 -1.4579280940965476 3.148663219711807 2.7788589737334406 8.9343429231314087 0.52674576425788477 -2.617737921941091 -5.3469658405367912 -0.66831103878662368 -0.19577522182346457 -3.8732813535746859 0.53940520599974207 0.89798883802022833 10.810316523286634 -0.73779764034858319 10.113374644054943 2.305018463265708 -0.69840965039129521 -0.32343616356263283 0.22538141094221376 -2.2405138880546018 -4.2921772514970433 -0.70339096929960765 2.0245294640987255 4.2773522762674361 -0.77021621241108285 0.071105153628343493 -1.8359902081414932
leaf_weight=53 320 292 837 454 583 163 93 477 418 67 1463 1010 72 1776 345 69 534 97 224 59 446 735 388 352 1043 222 82 440 154 254
leaf_count=53 320 292 837 454 583 163 93 477 418 67 1463 1010 72 1776 345 69 534 97 224 59 446 735 388 352 1043 222 82 440 154 254
internal_value=-0.00039932 0.000919931 0.000327352 -0.0198256 0.00445626 -0.0029263 0.000652036 -0.00590416 -0.0110919 -0.00616908 -0.000670916 0.00405138 0.00304928 0.00351188 0.0170276 0.0115663 0.00228558 0.00362934 0.0225155 0.0177632 -0.00151441 -0.00442675 -0.0107784 -0.0314039 0.001922 -0.00204139 0.00456376 -0.00210325 -0.0169118 -0.0124694
internal_weight=13522 12663 12371 859 5452 6919 3143 3776 1730 1312 2980 1517 4869 4797 507 414 4418 3884 321 379 2046 1569 834 405 3563 1787 744 522 475 408
internal_count=13522 12663 12371 859 5452 6919 3143 3776 1730 1312 2980 1517 4869 4797 507 414 4418 3884 321 379 2046 1569 834 405 3563 1787 744 522 475 408
is_linear=0
shrinkage=0.05


Tree=77
num_leaves=31
num_cat=0
split_feature=14 14 8 8 14 7 8 9 8 12 8 7 8 6 12 12 13 10 11 8 14 11 11 12 2 7 6 14 11 3
split_gain=128.006 69.9806 63.4063 39.4821 31.4179 25.8813 85.5369 28.4688 23.9347 33.7727 24.9374 23.3104 52.5754 21.3892 24.8837 21.2852 21.0364 32.4823 25.9328 20.3865 22.6172 20.3549 33.7571 30.1469 43.7912 30.4816 24.3142 37.6024 20.2021 30.9515
threshold=1905.8750000000002 3919.0000000000005 1.5000000000000002 3.5000000000000004 3124.8750000000005 8.5000000000000018 5.5000000000000009 1.0000000180025095e-35 5.5000000000000009 0.99898004730802425 3.5000000000000004 2.5000000000000004 1.0000000180025095e-35 331.53947368421058 0.11478755917771409 0.90623151893102627 0.95111414672704442 -0.048361574224334618 -0.97315270831292444 4.5000000000000009 4135.2500000000009 0.98899263613956456 0.59003219687534991 0.94704596667653973 10.96447368421053 9.5000000000000018 1.0000000180025095e-35 3373.1250000000005 -0.65883892954715351 1.0000000180025095e-35
decision_type=10 10 2 2 10 2 2 2 2 2 2 2 2 2 2 2 2 2 2 2 10 2 2 2 2 2 2 10 2 2
left_child=3 2 21 11 5 6 7 28 9 10 -7 12 -1 14 -12 -8 18 -18 -6 20 -3 22 23 24 25 -2 -24 -28 -4 -30
right_child=1 19 4 -5 16 8 15 -9 -10 -11 13 -13 -14 -15 -16 -17 17 -19 -20 -21 -22 -23 26 -25 -26 -27 27 -29 29 -31
leaf_value=-4.6845570312775067 2.0030433712418811 3.0430900197302666 -0.93731959972535606 -3.7963928227015007 -6.8348683734875415 0.016976641934161308 -2.7466022362821776 -7.4867341382889441 0.40731977280627235 6.080706637655112 0.014374209836796582 -0.272885441547146 -0.33305494910275685 -3.4894705182080998 -1.470998521642821 -0.6001259082466277 -2.0600587395776073 9.0833170549084574 0.27233917026408111 -0.63305339258532745 9.7239501942530762 -1.2334782701359019 0.72458179465184003 -1.8783463577067323 12.78759042724014 0.011090566067400687 7.5005815448473641 0.5710332134320879 1.1616264786325132 -0.13699013097725585
leaf_weight=164 578 288 473 359 54 1065 500 70 1067 54 493 463 236 249 300 98 42 105 2807 80 129 165 405 221 65 1207 233 146 235 1143
leaf_count=164 578 288 473 359 54 1065 500 70 1067 54 493 463 236 249 300 98 42 105 2807 80 129 165 405 221 65 1207 233 146 235 1143
internal_value=-0.000518711 0.0010185 0.000242018 -0.0159444 -0.00191297 -0.00407968 -0.00787698 -0.00273153 -0.0011149 -0.00413969 -0.00514706 -0.0101273 -0.0189526 -0.0106424 -0.00661209 -0.024374 0.00222665 0.0206081 0.00127533 0.0193775 0.0238038 0.00648792 0.00747549 0.00412645 0.00621286 0.00473124 0.0163057 0.0253947 -0.00153888 0.00152284
internal_weight=13494 12272 11775 1222 8755 5747 2519 1921 3228 2161 2107 863 400 1042 793 598 3008 147 2861 497 417 3020 2855 2071 1850 1785 784 379 1851 1378
internal_count=13494 12272 11775 1222 8755 5747 2519 1921 3228 2161 2107 863 400 1042 793 598 3008 147 2861 497 417 3020 2855 2071 1850 1785 784 379 1851 1378
is_linear=0
shrinkage=0.05


Tree=78
num_leaves=31
num_cat=0
split_feature=14 14 1 1 12 12 11 1 11 7 11 12 9 0 10 1 1 10 0 6 11 14 7 12 3 11 13 7 1 10
split_gain=105.024 87.6618 33.2021 42.159 65.6402 41.2825 68.9708 42.3972 48.4015 30.1029 27.8443 26.0256 29.9591 25.8354 25.1449 23.3835 23.995 52.2118 27.3707 23.1324 22.7258 22.9488 22.1608 20.5216 19.7034 33.51 19.0767 20.9919 25.481 18.2267
threshold=1976.6250000000002 3949.7500000000005 11.602028508771932 25.01647478070176 0.94135275643221272 -0.37447172655954952 -0.67168186667784702 17.096299342105269 -0.048362832084465616 13.500000000000002 0.99981043035926087 -0.97876850416056738 1.0000000180025095e-35 15.46447368421053 -0.51297808981038739 11.289446271929828 9.1594298245614052 0.52766072109828632 10.211842105263161 16.736842105263161 0.53312596302726967 2281.1250000000005 16.500000000000004 -0.99275346941927067 8.2381578947368439 0.99138911339924218 -0.99273797715557011 9.5000000000000018 20.143640350877195 0.63920241694561786
decision_type=10 10 2 2 2 2 2 2 2 2 2 2 2 2 2 2 2 2 2 2 2 10 2 2 2 2 2 2 2 2
left_child=13 2 10 5 -5 11 -7 8 -8 -6 14 -4 -13 19 23 16 -16 18 -18 24 21 -10 -14 -2 -1 -26 -9 -28 -29 -19
right_child=1 -3 3 4 9 6 7 26 20 -11 -12 12 22 -15 15 -17 17 29 -20 -21 -22 -23 -24 -25 25 -27 27 28 -30 -31
leaf_value=-2.2672935758988899 -0.10462121359840922 4.6676387747350878 -0.68352992035283933 1.7644881172328384 -1.5847090875029721 -4.1270618622804367 -3.7119561570963584 1.3024700638067372 -2.4615792287181311 0.75200788087574899 -4.1827048124519477 0.42277264737178943 -11.354156669216877 -0.55263970423181952 0.51932004147230371 1.9946381505865476 -2.4332059262873944 2.3895453523244954 0.018540967678404741 1.6074069496672792 1.4332622379215083 -0.59006326997262026 1.0859832679328747 2.6225251357603159 0.50455747107920956 -4.4277587386580137 0.81381822132570969 -1.5831655296540761 -0.027868840805695072 0.24209578849311131
leaf_weight=780 130 441 565 1072 332 338 308 146 227 241 73 2294 99 528 1726 155 371 90 215 45 97 607 43 275 208 130 402 186 486 824
leaf_count=780 130 441 565 1072 332 338 308 146 227 241 73 2294 99 528 1726 155 371 90 215 45 97 607 43 275 208 130 402 186 486 824
internal_value=-0.000558243 0.00111972 0.000265416 -0.00168592 0.00537667 -0.00369029 -0.00805933 -0.00514228 -0.0116532 -0.00827526 0.0040285 0.000383078 0.00262618 -0.0122045 0.00462107 0.00320816 0.00229315 -0.00233178 -0.0139693 -0.016366 -0.00595494 -0.00862275 -0.0195804 0.0163793 -0.0177837 -0.00766962 0.0014742 -0.000837209 -0.00624071 0.00513661
internal_weight=13434 11743 11302 7443 1645 5798 2797 2459 1239 573 3859 3001 2436 1691 3786 3381 3226 1500 586 1163 931 834 142 405 1118 338 1220 1074 672 914
internal_count=13434 11743 11302 7443 1645 5798 2797 2459 1239 573 3859 3001 2436 1691 3786 3381 3226 1500 586 1163 931 834 142 405 1118 338 1220 1074 672 914
is_linear=0
shrinkage=0.05


Tree=79
num_leaves=31
num_cat=0
split_feature=14 14 8 8 10 11 10 12 6 13 12 2 3 1 11 10 1 1 7 6 7 3 3 14 1 12 12 1 11 8
split_gain=103.241 69.9985 60.8298 52.7231 31.764 32.7021 31.4468 27.0447 26.3744 24.0552 23.3093 53.6968 26.2574 23.8946 29.1291 28.9483 23.0856 33.326 21.6693 19.5086 17.8885 24.548 17.3669 18.8793 17.2044 17.1663 46.5735 19.1176 35.9367 16.819
threshold=1925.1250000000002 3949.7500000000005 2.5000000000000004 5.5000000000000009 -0.60554068365937697 0.75438814418115718 -0.40614700388750385 -0.88622299073327826 16.736842105263161 0.34841000145353967 0.93544191479114935 4.4144736842105265 4.3828947368421058 12.574013157894738 0.99138911339924218 0.074116354202380205 25.189391447368426 9.7308662280701768 14.500000000000002 2.0131578947368429 18.500000000000004 3.1539473684210519 10.592105263157896 3261.6250000000005 27.455509868421057 0.99898004730802425 0.99463153969809781 18.490049342105266 -0.19337245081799007 4.5000000000000009
decision_type=10 10 2 2 2 2 2 2 2 2 2 2 2 2 2 2 2 2 2 2 2 2 2 10 2 2 2 2 2 2
left_child=3 2 10 8 5 25 7 -6 -1 -3 11 13 -12 14 20 18 17 22 -16 -14 21 -2 -8 -24 -13 26 27 28 -4 -19
right_child=1 9 4 -5 6 -7 16 -9 -10 -11 12 24 19 -15 15 -17 -18 29 -20 -21 -22 -23 23 -25 -26 -27 -28 -29 -30 -31
leaf_value=-1.3593219096917153 -0.53873150630166722 -1.7024751908030114 -5.4545209571024715 -3.6983936068468894 1.2664217498615018 2.3136223107979959 0.45407648533105205 -1.9086424514215992 1.7214460469220967 5.5233505421774227 -1.4569146263351855 3.311595235204766 -0.2662627767273989 0.19039688631579565 -5.7949512027701306 5.9085086375039282 1.0070106551662321 -0.44891438221347929 0.065912461414427526 3.8326343158045804 0.10066762713321396 2.2970852556649106 -0.91553644709558746 2.1930239737039985 13.495190474381502 2.8589549479581819 -5.3599186495878941 0.61705760497884521 -0.086775021156142884 -1.2890468831282078
leaf_weight=958 142 64 44 239 91 122 965 410 151 393 376 320 147 2198 83 72 377 1420 75 92 298 826 231 45 90 91 57 911 1081 1160
leaf_count=958 142 64 44 239 91 122 965 410 151 393 376 320 147 2198 83 72 377 1420 75 92 298 826 231 45 90 91 57 911 1081 1160
internal_value=3.69549e-06 0.00145707 0.000707889 -0.0131208 -0.00224807 0.00255743 -0.00460638 -0.0164343 -0.00851351 0.0206332 0.00509534 0.00645554 -0.00397727 0.00454668 0.00941884 -0.00692641 -0.00319124 -0.00435636 -0.0188679 0.00895833 0.0123915 0.0156863 0.0023752 -0.00866426 0.023601 0.00114416 0.0002149 0.00147275 -0.00288632 -0.00759396
internal_weight=13529 12181 11724 1348 7005 2306 4699 501 1109 457 4719 4104 615 3694 1496 230 4198 3821 158 239 1266 968 1241 276 410 2184 2093 2036 1125 2580
internal_count=13529 12181 11724 1348 7005 2306 4699 501 1109 457 4719 4104 615 3694 1496 230 4198 3821 158 239 1266 968 1241 276 410 2184 2093 2036 1125 2580
is_linear=0
shrinkage=0.05


Tree=80
num_leaves=31
num_cat=0
split_feature=7 8 7 11 6 8 7 8 9 1 12 8 7 1 1 12 1 9 11 11 12 0 1 10 12 1 9 10 14 11
split_gain=103.631 135.582 75.2038 54.9274 53.6059 51.1519 46.8671 52.3665 41.6438 35.758 54.2293 33.157 58.9568 29.2794 26.213 24.0476 32.6092 22.5777 22.0012 25.1762 31.2106 34.5449 25.1877 29.3594 21.6607 19.924 19.4336 19.0689 18.4577 18.394
threshold=6.5000000000000009 5.5000000000000009 21.500000000000004 -0.99864786094873803 301.09210526315798 4.5000000000000009 12.500000000000002 5.5000000000000009 1.0000000180025095e-35 25.80183662280702 0.94911049632748046 1.0000000180025095e-35 2.5000000000000004 26.23933662280702 8.4661184210526343 -0.52766560075116253 25.80183662280702 1.0000000180025095e-35 0.99138911339924218 -0.61915584096709908 -0.90893575921103265 16.535526315789479 9.2205866228070192 0.99865421017599998 -0.80418297442179409 11.859566885964915 1.0000000180025095e-35 -0.97509794945709805 3455.1250000000005 -0.67168186667784702
decision_type=2 2 2 2 2 2 2 2 2 2 2 2 2 2 2 2 2 2 2 2 2 2 2 2 2 2 2 2 10 2
left_child=1 8 3 -2 6 9 7 17 11 26 -11 12 -1 25 -8 -16 29 -5 19 -13 -21 22 -22 24 -24 -3 27 -6 -29 -17
right_child=2 13 -4 4 5 -7 14 -9 -10 10 -12 18 -14 -15 15 16 -18 -19 -20 20 21 -23 23 -25 -26 -27 -28 28 -30 -31
leaf_value=-3.8225845348118583 12.053579230725905 -1.9415967741500937 -0.81566218270984336 2.9336002987511849 -1.3885140709792836 -1.5287042620456988 1.127183481476459 -1.5352254279937256 -6.3878787627071354 6.4217246679971716 -0.42053917022652743 -0.59906731738076358 0.23607679197657491 -0.069948218870354142 0.81889320703189705 -3.5574135827196418 1.6291384314919926 -6.1026317593794603 -4.7003199881012057 1.2019344493392738 0.61807554860067748 1.2084091921363325 -2.4291367027177673 3.0239187835378858 -0.41408948422601954 -4.3117210999105398 -9.9813768692347828 0.74857778091668481 -1.2567381598954626 -0.31803290799110756
leaf_weight=234 73 199 1128 1151 160 954 650 190 118 292 150 677 293 73 1139 101 317 41 83 259 356 257 107 52 905 291 61 1214 389 1558
leaf_count=234 73 199 1128 1151 160 954 650 190 118 292 150 677 293 73 1139 101 317 41 83 259 356 257 107 52 905 291 61 1214 389 1558
internal_value=-0.000690269 -0.00755442 0.00211098 0.00373179 0.00335206 -0.00170754 0.00651709 0.014389 -0.00372531 0.002382 0.0151242 -0.00265199 -0.0141098 -0.0302305 0.00362454 0.00171694 -0.00161861 0.0182733 -0.000407861 0.000401683 0.00330408 0.000804529 -0.00225194 -0.00610329 -0.00799605 -0.0346232 -0.000712329 0.000255102 0.0019015 -0.00442771
internal_weight=13472 3904 9568 8440 8367 3220 5147 1382 3341 2266 442 3223 527 563 3765 3115 1976 1192 2696 2613 1936 1677 1420 1064 1012 490 1824 1763 1603 1659
internal_count=13472 3904 9568 8440 8367 3220 5147 1382 3341 2266 442 3223 527 563 3765 3115 1976 1192 2696 2613 1936 1677 1420 1064 1012 490 1824 1763 1603 1659
is_linear=0
shrinkage=0.05


Tree=81
num_leaves=31
num_cat=0
split_feature=15 14 7 8 11 7 10 8 15 15 13 8 10 13 13 10 11 11 1 1 11 15 12 7 12 10 1 10 10 10
split_gain=111.799 66.9527 41.8094 74.3678 40.7489 40.6157 36.6482 35.5281 29.8343 27.9522 39.3641 34.151 27.7062 27.4692 26.0677 28.9709 42.2126 40.3702 37.2835 22.388 21.8206 21.4442 20.9 20.6523 20.2971 18.7004 25.5326 26.5422 26.1073 22.3432
threshold=1717.3750000000002 3949.7500000000005 6.5000000000000009 5.5000000000000009 0.9863035000474919 22.500000000000004 0.022575936829235418 2.5000000000000004 2231.1250000000005 2209.1250000000005 -0.59868927840444253 1.0000000180025095e-35 0.84773968378660736 -0.30982845708428081 -0.53676558762589088 0.022575936829235418 0.97263757644091875 -0.59177783207548873 23.534649122807021 20.517489035087724 -0.61915584096709908 1843.2500000000002 0.3362885358101006 2.5000000000000004 0.96687895796550427 0.62587949062545845 13.86173245614035 0.98522604642031408 0.69056404122701587 0.52766072109828632
decision_type=8 10 2 2 2 2 2 2 10 8 2 2 2 2 2 2 2 2 2 2 2 10 2 2 2 2 2 2 2 2
left_child=13 2 3 4 9 7 -6 8 -4 11 -11 23 21 -1 -10 16 17 18 -16 -19 -15 -13 -23 -2 -5 29 28 -28 -27 -9
right_child=1 -3 5 24 6 -7 -8 25 14 10 -12 12 -14 20 15 -17 -18 19 -20 -21 -22 22 -24 -25 -26 26 27 -29 -30 -31
leaf_value=-4.859788189216534 -2.4743254241587693 4.1724359221170522 3.515420326970025 -2.2079566779441393 -7.4340257150622051 -0.92682061850650832 1.0588838078068648 0.095102096194841584 -0.049032497873395191 0.58445431556222049 -1.2441388934721773 2.970684939025773 -0.38165261436216724 -4.9445793573631533 -4.5564718656041805 2.0694938085710421 -3.130873261012471 1.4550927320303915 1.1593906782625596 9.4279502117968157 0.46408325335933115 0.16587222694159892 1.674159617165367 0.3292966904309424 0.39793047500325546 -3.7414945119125154 -0.91072143444100684 -5.5844975871888893 0.21125203891931507 2.1040028928830679
leaf_weight=157 157 455 158 377 107 545 54 3169 1275 449 1060 54 313 64 124 1113 174 476 316 75 97 644 316 121 50 46 459 61 899 179
leaf_count=157 157 455 158 377 107 545 54 3169 1275 449 1060 54 313 64 124 1113 174 476 316 75 97 644 316 121 50 46 459 61 899 179
internal_value=9.59764e-05 0.000801391 0.000129189 -0.00434783 -0.00178571 0.001957 -0.0262346 0.00280352 0.00647899 -0.000513644 -0.00539735 0.00407846 0.00741717 -0.0291536 0.00552898 0.0087319 0.00321612 0.00720766 -0.00408163 0.0162138 -0.0145062 0.0114286 0.00967742 -0.011828 -0.0239486 -3.11591e-05 -0.00474079 -0.0136276 0.000158562 0.00203046
internal_weight=13544 13226 12771 3702 3275 9069 161 8524 3711 3114 1509 1605 1327 318 3553 2278 1165 991 440 551 161 1014 960 278 427 4813 1465 520 945 3348
internal_count=13544 13226 12771 3702 3275 9069 161 8524 3711 3114 1509 1605 1327 318 3553 2278 1165 991 440 551 161 1014 960 278 427 4813 1465 520 945 3348
is_linear=0
shrinkage=0.05


Tree=82
num_leaves=31
num_cat=0
split_feature=15 15 11 8 9 7 7 7 12 3 7 11 11 10 12 12 12 0 10 2 13 10 10 13 7 8 11 3 7 7
split_gain=118.43 61.9703 40.2263 32.7553 44.36 42.4725 34.5229 34.8427 24.4863 23.7035 26.7562 23.5191 64.3358 28.3651 24.9527 30.5838 27.6021 27.6317 22.9375 31.4367 22.5416 22.2972 25.3829 22.116 25.0171 34.3729 20.6931 20.3622 19.9604 18.3376
threshold=1717.3750000000002 3792.6250000000005 -0.99864786094873803 4.5000000000000009 1.0000000180025095e-35 15.500000000000002 15.500000000000002 19.500000000000004 0.20391355282604834 8.9855263157894747 19.500000000000004 -0.60555643346685839 -0.48313741114591585 -0.38242426011641079 -0.90893575921103265 -0.86976336936302323 -0.9905448150984083 9.0921052631578974 -0.57780908558020239 13.246052631578946 -0.30982845708428081 -0.26866367175705824 -0.13398594226331254 0.88917497572200743 10.500000000000002 2.5000000000000004 0.99988440732898443 13.65263157894737 22.500000000000004 2.5000000000000004
decision_type=8 8 2 2 2 2 2 2 2 2 2 2 2 2 2 2 2 2 2 2 2 2 2 2 2 2 2 2 2 2
left_child=20 2 -2 4 11 -5 8 -8 -6 10 -7 13 -13 -4 16 -16 -14 -18 -3 23 -1 -15 -23 24 -20 -26 27 28 29 -17
right_child=1 18 3 5 6 9 7 -9 -10 -11 -12 12 14 21 15 26 17 -19 19 -21 -22 22 -24 -25 25 -27 -28 -29 -30 -31
leaf_value=-4.5565462339694704 5.6587270124502886 -0.7463409996503515 -1.7196846904055292 -0.97001258185807737 -9.4458996945094214 0.5486095774309433 4.5897518836284918 -4.0355715494207969 1.1533303389109506 1.4633309626829716 -0.67561593606386627 3.6009915871684601 -0.36069806671723659 2.434356683844658 -3.1912598049702638 -0.54822350784388618 3.4293688800774138 0.90289660046951215 4.1938196642800909 11.313151503956613 -3.0815164503239547 -5.8030288685868188 0.10976980838215696 -0.45800810157834349 2.7575733392702206 -1.7381619483116766 -2.9120645756230035 3.7668901592666999 -1.1346695514191538 0.29933063278012922
leaf_weight=159 100 57 644 2361 165 548 55 58 45 137 530 388 218 117 81 648 100 367 342 92 152 74 1112 183 188 102 63 55 230 4025
leaf_count=159 100 57 644 2361 165 548 55 58 45 137 530 388 218 117 81 648 100 367 342 92 152 74 1112 183 188 102 63 55 230 4025
internal_value=-0.000485183 0.000240715 -0.000730078 -0.000994011 0.000704475 -0.00500419 -0.0174383 0.00482456 -0.0293839 0.00259046 9.26784e-05 0.00142804 0.0029388 -0.00336242 0.00161541 0.000411523 0.0105685 0.0174145 0.0124352 0.0143722 -0.0309295 0.000881902 -0.00117944 0.0112132 0.0156398 0.004811 0.000906014 0.00127042 0.000927814 0.00163671
internal_weight=13396 13085 12121 12021 8445 3576 323 113 210 1215 1078 8122 6175 1947 5787 5102 685 467 964 907 311 1303 1186 815 632 290 5021 4958 4903 4673
internal_count=13396 13085 12121 12021 8445 3576 323 113 210 1215 1078 8122 6175 1947 5787 5102 685 467 964 907 311 1303 1186 815 632 290 5021 4958 4903 4673
is_linear=0
shrinkage=0.05


Tree=83
num_leaves=31
num_cat=0
split_feature=14 8 14 8 1 3 10 2 12 1 6 12 12 12 11 3 14 6 11 11 14 11 10 1 11 1 1 11 10 12
split_gain=87.9129 49.8262 46.82 42.1947 29.5757 23.4457 23.5922 23.2559 41.3224 23.2567 22.6395 20.9115 19.2333 32.8583 17.5507 17.411 26.1331 16.1339 19.6492 31.241 16.0114 15.7089 15.4376 19.7885 15.2165 45.4027 23.6292 32.5632 21.1092 29.4977
threshold=1905.8750000000002 3.5000000000000004 4027.1250000000005 4.5000000000000009 8.4661184210526343 7.0934210526315793 -0.46801505794253101 4.4144736842105265 0.94911049632748046 28.225054824561408 1.1710526315789476 -0.9998468409516591 0.99898004730802425 0.99463153969809781 -0.82899557272681157 3.1973684210526314 1702.3750000000002 495.77631578947376 -0.60555643346685839 -0.49065906150552346 2933.1250000000005 0.19969739736768838 -0.44504625642270151 23.37757675438597 0.8511460603353429 9.7736293859649148 10.879714912280706 0.97648852793709995 0.98522604642031408 0.60726729507090926
decision_type=10 2 10 2 2 2 2 2 2 2 2 2 2 2 2 2 10 2 2 2 10 2 2 2 2 2 2 2 2 2
left_child=3 2 5 15 20 7 -7 17 9 14 -8 -6 13 24 -9 21 -17 18 22 -20 -3 -1 23 -2 25 -13 -26 -28 29 -27
right_child=1 4 -4 -5 11 6 10 8 -10 -11 -12 12 -14 -15 -16 16 -18 -19 19 -21 -22 -23 -24 -25 26 28 27 -29 -30 -31
leaf_value=0.39764699346928867 -5.6197552580302732 0.048095988167784758 6.268210496230882 -2.9232780647747916 -2.4870332407587172 2.7000475227446259 0.14746618576189122 0.88492373597702001 -0.71659327438617315 9.0055052326578569 2.508909389102064 1.6314722034490161 1.6360409481153511 -3.2796426193645973 3.5896601344296641 -4.5565728298589194 -0.79011874595153131 -1.2304548761131855 3.2428063895854962 0.19292531442880545 1.5993159029157369 -1.3643435042967269 -0.12152379920311206 -0.67880136942658287 -2.2341976651700408 -0.020482396372312906 -2.4379115689979929 2.8972333821616534 -2.3038799745530243 -0.72680528177361348
leaf_weight=319 90 436 178 310 67 128 808 308 222 90 369 254 141 52 201 137 395 487 189 2938 309 72 700 177 360 2405 46 73 249 997
leaf_count=319 90 436 178 310 67 128 808 308 222 90 369 254 141 52 201 137 395 487 189 2938 309 72 700 177 360 2405 46 73 249 997
internal_value=-0.000285016 0.00099389 0.00381208 -0.0130065 -0.00260668 0.00313804 0.00915008 0.00168425 0.00942822 0.01625 0.00691851 -0.00409042 -0.00368065 -0.00425963 0.0120588 -0.00762987 -0.0135084 0.000294631 0.00131868 0.00324488 0.00663539 0.000382653 -0.00490702 -0.0151119 -0.00378563 -0.00275218 -0.0121875 0.00708333 -0.00417579 -0.00314428
internal_weight=13507 12274 6885 1233 5389 6707 1305 5402 821 599 1177 4644 4577 4436 509 923 532 4581 4094 3127 745 391 967 267 4384 3905 479 119 3651 3402
internal_count=13507 12274 6885 1233 5389 6707 1305 5402 821 599 1177 4644 4577 4436 509 923 532 4581 4094 3127 745 391 967 267 4384 3905 479 119 3651 3402
is_linear=0
shrinkage=0.05


Tree=84
num_leaves=31
num_cat=0
split_feature=14 11 8 8 14 9 11 12 10 12 0 11 6 6 14 11 12 3 9 12 11 12 12 12 12 11 10 8 11 11
split_gain=78.396 57.6526 42.6189 40.3314 31.7531 26.5686 25.2079 31.9017 30.1595 23.3986 25.2054 26.9331 27.6728 33.3744 28.0994 23.4973 20.252 19.8379 19.7182 18.5129 19.0586 17.3198 29.0502 23.9333 22.3918 17.4739 25.8012 16.9757 16.2678 16.1645
threshold=1905.8750000000002 -0.99864786094873803 5.5000000000000009 3.5000000000000004 3973.3750000000005 1.0000000180025095e-35 0.080547328232315238 0.99898004730802425 0.97696484778429815 0.99351232050787985 24.985526315789478 -0.60555643346685839 335.18421052631589 2.0131578947368429 2783.5000000000005 0.77108682076304769 0.99463153969809781 5.5171052631578963 1.0000000180025095e-35 -0.90893575921103265 -0.48313741114591585 -0.96235977360714686 -0.98523971305672675 -0.78326178756187226 -0.59263320653766849 0.53312596302726967 0.78857998149907527 4.5000000000000009 0.99138911339924218 -0.4755978891912595
decision_type=10 2 2 2 10 2 2 2 2 2 2 2 2 2 10 2 2 2 2 2 2 2 2 2 2 2 2 2 2 2
left_child=2 -2 18 4 5 9 7 16 21 10 11 -3 13 19 15 -15 17 -5 -1 -13 -21 22 -8 -23 -25 -26 27 -27 -17 -16
right_child=1 3 -4 6 -6 -7 8 -9 -10 -11 -12 12 -14 14 29 28 -18 -19 -20 20 -22 23 -24 24 25 26 -28 -29 -30 -31
leaf_value=-0.65301828646817062 7.99920402917137 -0.64167892636948531 -3.3937629984485285 -0.54657585182039836 4.0398251698670036 -3.6460385138247262 -0.63513427045431858 2.5774441622173301 2.5002609605423913 -1.0973783658405409 1.9230916478403062 0.80772669950188181 -0.77687258620981092 1.2916064637490081 8.6143628023692607 10.294302427424908 -3.1865350806219794 -2.1125493620922327 -6.064993743319099 2.8938167124862275 -0.072268476833778558 -1.7528725589395435 3.1367370802502936 1.2595506986775775 -0.89752040918970133 0.63033126709487997 1.6932948958751242 -0.39589340790889765 3.8074209540181188 0.69291197022813555
leaf_weight=902 115 944 223 2433 227 210 135 75 131 231 744 307 693 225 59 118 41 146 76 51 1877 309 143 252 526 371 83 732 52 1020
leaf_count=902 115 944 223 2433 227 210 135 75 131 231 744 307 693 225 59 118 41 146 76 51 1877 309 143 252 526 371 83 732 52 1020
internal_value=-0.000501784 0.000693821 -0.0126872 0.000358438 0.00292943 0.00228873 -0.00287282 -0.00628709 0.000559076 0.00287093 0.00346413 0.00226295 0.00390643 0.00561995 0.0114576 0.0228535 -0.00721099 -0.00664729 -0.0081716 0.00176655 -5.18403e-05 -0.000646552 0.0111111 -0.00208883 -5.08906e-05 -0.00210158 0.00126369 -0.000769928 0.0368421 0.00726852
internal_weight=13451 12250 1201 12135 6758 6531 5377 2695 2682 6321 6090 5346 4402 3709 1474 395 2620 2579 978 2235 1928 2551 278 2273 1964 1712 1186 1103 170 1079
internal_count=13451 12250 1201 12135 6758 6531 5377 2695 2682 6321 6090 5346 4402 3709 1474 395 2620 2579 978 2235 1928 2551 278 2273 1964 1712 1186 1103 170 1079
is_linear=0
shrinkage=0.05


Tree=85
num_leaves=31
num_cat=0
split_feature=15 14 1 13 9 1 12 8 7 14 8 15 1 13 1 7 1 14 7 8 12 15 0 15 7 12 7 15 7 14
split_gain=94.0995 67.0672 35.6099 51.6675 40.5369 40.0121 37.0922 30.0049 29.7734 31.6151 27.9558 58.1674 28.2662 27.0331 45.4915 24.6869 23.6285 22.7435 22.4171 22.4103 21.6756 21.6062 22.5225 21.0786 26.9305 20.8309 19.9424 19.2394 18.3304 18.0744
threshold=1717.3750000000002 4000.1250000000005 25.80183662280702 -0.33223242633771072 1.0000000180025095e-35 11.602028508771932 0.71953851835684701 4.5000000000000009 15.500000000000002 2274.1250000000005 1.0000000180025095e-35 3187.3750000000005 11.177412280701756 0.59004310983071195 9.0230263157894743 16.500000000000004 5.7586622807017553 3833.6250000000005 3.5000000000000004 1.0000000180025095e-35 -0.35846811432664222 3262.1250000000005 11.561842105263159 2209.1250000000005 9.5000000000000018 0.17011757999667351 22.500000000000004 2949.5000000000005 15.500000000000002 1905.8750000000002
decision_type=8 10 2 2 2 2 2 2 2 10 2 10 2 2 2 2 2 10 2 2 2 10 2 10 2 2 2 10 2 10
left_child=25 2 4 -4 5 10 19 26 -6 -10 11 16 13 21 17 29 -2 -15 -18 -5 -16 -12 28 -8 -25 -1 -7 -14 -23 -9
right_child=1 -3 3 6 8 7 23 15 9 -11 12 -13 27 14 20 -17 18 -19 -20 -21 -22 22 -24 24 -26 -27 -28 -29 -30 -31
leaf_value=-3.6719662705945439 10.041346409335574 4.620034622474452 6.0440965324722242 8.212058114584023 -5.3193381215302686 -0.033131215498610804 1.3334926891149395 -3.2879157948443378 -3.7512494895063129 2.6212081721849247 0.57590507379353539 5.4346975648926907 2.5590437102278885 -0.025864459145702769 -1.4431790164998348 0.030319039931850967 -2.1112658733409604 2.6089277541802063 0.25180098379798893 1.1474089087511856 -2.9995882959800158 1.3998022806008068 -2.2030621340422614 -2.2876773853166923 0.15307105643512386 0.19470898432492734 -1.1050422128124808 0.048506235385900709 -0.39151430582082869 -1.2478156490268248
leaf_weight=279 40 360 138 114 268 4767 105 86 43 95 1286 288 132 832 263 571 78 96 209 507 251 247 171 245 427 46 212 92 147 1151
leaf_count=279 40 360 138 114 268 4767 105 86 43 95 1286 288 132 832 263 571 78 96 209 507 251 247 171 245 427 46 212 92 147 1151
internal_value=-0.00030265 0.000351687 -0.000244907 0.00689655 -0.00121402 -0.000636447 0.00400286 -0.00299794 -0.0167076 0.00215827 0.0032422 0.0130682 0.00152075 0.00034912 -0.0047817 -0.00851299 -0.00137195 0.00182992 -0.00642361 0.0131029 -0.016699 0.00434665 -0.00379859 -0.00327763 -0.00653789 -0.0268405 -0.000993976 0.0186667 0.00278481 -0.0124798
internal_weight=13546 13221 12861 1536 11325 10919 1398 6787 406 138 4132 615 3517 3293 1442 1808 327 928 287 621 514 1851 565 777 672 325 4979 224 394 1237
internal_count=13546 13221 12861 1536 11325 10919 1398 6787 406 138 4132 615 3517 3293 1442 1808 327 928 287 621 514 1851 565 777 672 325 4979 224 394 1237
is_linear=0
shrinkage=0.05


Tree=86
num_leaves=31
num_cat=0
split_feature=15 11 8 15 13 1 12 13 14 10 1 10 1 1 6 7 8 11 1 1 11 11 11 10 11 7 3 1 10 1
split_gain=101.125 51.2801 40.7375 31.0569 32.1076 27.0283 25.9336 24.5434 23.6033 22.5533 23.6144 28.6005 36.0951 34.9171 20.1049 19.8697 34.9916 19.6902 26.3102 23.2205 26.8214 19.234 18.8775 24.4171 17.6158 17.4463 20.2659 16.1502 16.9041 15.8769
threshold=1717.3750000000002 -0.99864786094873803 2.5000000000000004 3779.8750000000005 0.90438663683299525 7.3837993421052639 0.17011757999667351 0.33222858587828868 1905.8750000000002 -0.60554068365937697 9.4626096491228093 -0.38242426011641079 25.01647478070176 29.269572368421056 1.1710526315789476 2.5000000000000004 1.0000000180025095e-35 -0.94426098523567992 20.341200657894742 14.632209429824561 0.31595530242620651 0.75438814418115718 0.99138911339924218 0.074116354202380205 0.88917497572200743 12.500000000000002 8.2013157894736857 11.602028508771932 0.98213580174693105 10.14701206140351
decision_type=8 2 2 8 2 2 2 2 10 2 2 2 2 2 2 2 2 2 2 2 2 2 2 2 2 2 2 2 2 2
left_child=6 -2 3 5 7 22 -1 -5 -4 21 -11 13 17 -12 -9 16 -7 -13 19 20 27 -10 -3 -24 29 26 -22 -19 -29 -18
right_child=1 2 8 4 -6 15 -8 14 9 10 11 12 -14 -15 -16 -17 24 18 -20 -21 25 -23 23 -25 -26 -27 -28 28 -30 -31
leaf_value=-3.7080047443160087 7.2791290659135033 2.3271830101656521 -1.9739759292957162 0.14485748432823584 -1.8943910867717024 -3.0654240219539703 0.96975806994005331 -1.1551783232091795 0.089008563619444203 0.11924184828744729 -2.0109349418250306 -5.6484020072504908 1.0192257989939209 1.9394553506549075 6.0249728091581805 0.19429728392530024 1.8790857152591798 1.7465373137505367 0.9810637330089208 -1.7073318102161239 0.26652420200741744 1.9202069189404825 -2.731445714116262 6.0682053272685952 -2.7078540225180863 -1.5607177599100284 -2.3789885379441786 0.45744385163616247 -1.7435547693210367 -0.10858758734411822
leaf_weight=273 109 290 261 145 93 154 41 47 2174 1298 377 122 382 41 326 4018 49 219 270 661 408 112 93 54 43 470 96 325 210 340
leaf_count=273 109 290 261 145 93 154 41 47 2174 1298 377 122 382 41 326 4018 49 219 270 661 408 112 93 54 43 470 96 325 210 340
internal_value=-0.000573989 9.47831e-05 -0.000191146 0.00300725 0.0136438 0.00171559 -0.0285714 0.0184971 -0.00262556 -0.00208624 -0.00400615 -0.00609994 -0.00447219 -0.0183771 0.0252674 0.000586319 -0.00800681 -0.00645219 -0.00554511 -0.00721757 -0.00416426 0.00201137 0.0135845 -0.00101351 -0.000692841 -0.00964103 -0.00316832 0.00291391 -0.00177239 0.00269231
internal_weight=13501 13187 13078 5652 611 5041 314 518 7426 7165 4879 3581 3163 418 373 4604 586 2781 2659 2389 1728 2286 437 147 432 974 504 754 535 389
internal_count=13501 13187 13078 5652 611 5041 314 518 7426 7165 4879 3581 3163 418 373 4604 586 2781 2659 2389 1728 2286 437 147 432 974 504 754 535 389
is_linear=0
shrinkage=0.05


Tree=87
num_leaves=31
num_cat=0
split_feature=7 8 14 8 8 14 7 7 11 7 13 1 8 12 12 12 13 1 0 12 11 1 12 1 12 12 8 1 11 1
split_gain=66.6146 99.7329 52.8698 43.9498 39.5412 37.8564 35.3407 31.0317 27.4798 25.7222 24.7196 21.118 19.4169 18.7131 17.9065 31.9991 21.4786 21.8051 22.8807 20.2075 32.1657 34.5908 32.1636 28.6834 22.9388 21.6569 19.9084 18.6081 24.0034 17.9462
threshold=5.5000000000000009 5.5000000000000009 4102.0000000000009 1.0000000180025095e-35 1.0000000180025095e-35 2536.1250000000005 2.5000000000000004 22.500000000000004 0.99138911339924218 9.5000000000000018 -0.09768186449137739 4.8951206140350889 1.5000000000000002 -0.049435780479547518 -0.5484990889199054 -0.23432901867687267 -0.6905596507703472 23.37757675438597 16.967105263157901 0.68589359117003446 -0.79904327102181261 29.166940789473689 0.83373797915484082 27.878015350877199 0.99463153969809781 0.99898004730802425 2.5000000000000004 20.341200657894742 -0.9260227363677036 23.074122807017549
decision_type=2 2 10 2 2 10 2 2 2 2 2 2 2 2 2 2 2 2 2 2 2 2 2 2 2 2 2 2 2 2
left_child=1 4 3 5 6 9 -1 11 12 -2 -3 -5 -6 -10 16 -16 -13 18 -18 23 21 -21 -22 -17 29 26 -26 -20 -29 -24
right_child=2 10 -4 7 8 -7 -8 -9 13 -11 -12 14 -14 -15 15 19 17 -19 27 20 22 -23 24 -25 25 -27 -28 28 -30 -31
leaf_value=-3.0121545451519127 2.5102286570125103 -2.8927339847858664 5.7154578495131325 4.0169863871566127 0.87327708670794668 5.3474135086662962 -0.32160589353659363 -0.93708455537057489 -8.4454411232649136 0.13404432426042376 -1.2768155622733959 1.5261523421649601 -0.060180860457126076 -3.0768966546711343 -1.0805311428215305 0.27217916631580014 0.5459458180437935 1.8880388840630986 -1.4213773641783178 -2.1604338169529913 -1.1791059414285427 2.930224763795684 0.20566396017418356 6.5825346735130097 0.24788658838313041 0.57811840511214996 -3.7372539457480118 -2.2856962121651918 1.800110531249925 1.6587488420713044
leaf_weight=236 308 237 221 100 456 279 251 482 44 854 273 298 1867 65 816 2107 1342 104 606 300 444 48 722 133 51 133 94 68 227 349
leaf_count=236 308 237 221 100 456 279 251 482 44 854 273 298 1867 65 816 2107 1342 104 606 300 444 48 722 133 51 133 94 68 227 349
internal_value=0.000173868 -0.00584548 0.00222068 0.00167748 -0.0022774 0.00974341 -0.0152664 0.000296736 0.000328812 0.00576096 -0.0262231 0.00104495 0.00148451 -0.0240909 0.000752263 -0.000952289 0.00410053 0.00249148 0.00144831 0.00074167 -0.00273109 -0.0166189 -2.78707e-05 0.00406069 0.00381481 -0.00896057 -0.0222603 -0.00471175 0.00557432 0.00713619
internal_weight=13515 3429 10086 9865 2919 1441 487 8424 2432 1162 510 7942 2323 109 7842 5197 2645 2347 2243 4381 2141 348 1793 2240 1349 278 145 901 295 1071
internal_count=13515 3429 10086 9865 2919 1441 487 8424 2432 1162 510 7942 2323 109 7842 5197 2645 2347 2243 4381 2141 348 1793 2240 1349 278 145 901 295 1071
is_linear=0
shrinkage=0.05


Tree=88
num_leaves=31
num_cat=0
split_feature=15 15 11 6 1 9 7 12 12 11 14 7 1 13 1 12 0 12 12 6 8 15 14 1 1 8 11 1 1 12
split_gain=81.1703 48.8036 38.8298 28.1879 27.3599 33.8423 35.9418 24.7039 27.3928 25.9419 24.6986 21.9513 21.6651 27.7749 30.4629 20.9075 20.8951 36.5239 28.325 21.6785 20.5711 19.9027 19.492 19.2833 33.0224 18.167 17.7813 73.5578 32.4432 29.2114
threshold=1717.3750000000002 3950.8750000000005 -0.99864786094873803 0.51315789473684215 7.4657346491228092 1.0000000180025095e-35 15.500000000000002 -0.9998468409516591 -0.5484990889199054 0.88917497572200743 2254.6250000000005 21.500000000000004 11.428618421052633 -0.6391983530350368 15.521737938596493 0.17011757999667351 5.6223684210526326 0.17011757999667351 -0.26037633224328088 143.01315789473688 3.5000000000000004 2279.1250000000005 4027.1250000000005 20.792132675438602 16.112061403508775 5.5000000000000009 -0.60555643346685839 25.80183662280702 25.01647478070176 -0.0053757035942445328
decision_type=8 8 2 2 2 2 2 2 2 2 10 2 2 2 2 2 2 2 2 2 2 10 10 2 2 2 2 2 2 2
left_child=15 2 -2 -3 16 7 -7 -6 9 12 -8 26 25 14 -14 -1 17 18 -4 -18 -5 -13 -22 24 -15 -9 28 29 -10 -28
right_child=1 3 4 20 5 6 10 8 11 -11 -12 21 13 23 -16 -17 19 -19 -20 -21 22 -23 -24 -25 -26 -27 27 -29 -30 -31
leaf_value=-3.2514380075044644 5.7312770196567051 -2.1777806094451422 0.30273042242215525 3.5304691156757828 -2.0364133913889648 -5.9141567928617809 -3.3055626474766089 1.9648345369089157 -2.6328825431955467 -1.3907200959002468 1.9390320079034269 -0.16349747494526812 -0.47648422262928991 0.31254527960586531 1.8980002929223305 0.29506082176999943 1.624383659539717 1.2664561039274305 -4.6694540967967217 -0.079807039175341293 -4.7082745813364459 -1.9002677305603357 5.4296849570374661 0.86546554047643554 -0.90480985407726855 -0.75522780663600886 -0.77320510026238487 4.8184299413393097 -0.16637833301539331 0.073304087433109552
leaf_weight=272 107 56 77 416 75 224 42 376 432 218 78 338 194 1041 350 42 457 279 109 200 55 303 51 536 880 58 1381 165 1078 3558
leaf_count=272 107 56 77 416 75 224 42 376 432 218 78 338 194 1041 350 42 457 279 109 200 55 303 51 536 880 58 1381 165 1078 3558
internal_value=-0.000632017 -3.0453e-05 -0.000684877 0.0141623 -0.000943775 -0.00168167 -0.0171014 -0.0011972 -0.000999175 0.00253147 0.00495868 -0.00277701 0.0035943 0.00208195 0.0122936 -0.0257143 0.00650045 -0.00160944 -0.0187166 0.012234 0.017782 -0.0116044 -0.00186916 -0.000183076 -0.00252341 0.014023 -0.00191988 -0.000509305 -0.00668432 -0.00160931
internal_weight=13448 13134 12556 578 12449 11327 344 10983 10908 3653 120 7255 3435 3001 544 314 1122 465 186 657 522 641 106 2457 1921 434 6614 5104 1510 4939
internal_count=13448 13134 12556 578 12449 11327 344 10983 10908 3653 120 7255 3435 3001 544 314 1122 465 186 657 522 641 106 2457 1921 434 6614 5104 1510 4939
is_linear=0
shrinkage=0.05


Tree=89
num_leaves=31
num_cat=0
split_feature=15 11 7 7 6 7 1 15 7 3 11 15 9 15 12 11 1 3 11 14 15 7 11 13 12 0 1 12 1 11
split_gain=75.0163 46.5522 31.7539 40.5911 31.6386 55.873 38.1004 35.4889 36.6752 43.6731 29.1151 26.369 22.625 21.2012 20.9861 35.7699 19.5571 24.6113 18.7661 18.4223 18.2701 17.877 16.6241 16.4318 16.2568 15.4456 14.992 14.7295 20.7504 16.8909
threshold=1717.3750000000002 -0.99864786094873803 22.500000000000004 6.5000000000000009 278.09210526315798 13.500000000000002 20.341200657894742 2340.1250000000005 20.500000000000004 8.9855263157894747 0.99138911339924218 2578.3750000000005 1.0000000180025095e-35 1717.3750000000002 0.067682722635586057 0.98899263613956456 7.1933662280701762 10.592105263157896 0.78724360164103002 2123.2500000000005 2347.3750000000005 15.500000000000002 -0.67168186667784702 -0.99763124042248752 -0.12546116083924153 18.756578947368428 6.0474506578947382 -0.67803021058859214 24.819819078947372 -0.8739740505118182
decision_type=8 2 2 2 2 2 2 10 2 2 2 10 2 10 2 2 2 2 2 10 8 2 2 2 2 2 2 2 2 2
left_child=18 -2 3 10 5 14 12 25 9 11 16 21 -6 -8 15 -5 17 -3 -1 -19 -4 -9 27 -18 -12 -7 -16 29 -29 -15
right_child=1 2 20 4 6 7 13 8 -10 -11 24 -13 -14 22 26 -17 23 19 -20 -21 -22 -23 -24 -25 -26 -27 -28 28 -30 -31
leaf_value=-3.1613973482845381 6.3369425997070721 2.1926827594354452 -0.51886920667776626 1.6866204726355591 -0.72687620637182138 0.70737005928128838 18.998532459928867 -1.4165488315447192 -0.91973414953386057 1.9082217395958878 -7.2884898896372654 -0.21429071255963664 -7.2564890786560001 5.3148276240538284 5.3415074869615182 -4.4244574387182638 2.3031976840834432 1.5402332587638399 0.49538909139413367 -1.001934747974383 -2.9680748205788632 1.4648102652937156 1.3156827390219179 -0.39230267422090037 -1.8142493171549063 2.6784569201514277 2.1124522553944192 -2.0342914225891038 0.12274011331743395 -0.17984383192708719
leaf_weight=272 113 55 461 666 1819 615 58 49 558 230 48 2199 80 91 75 77 91 55 45 95 78 292 390 3191 109 152 643 229 564 109
leaf_count=272 113 55 461 666 1819 615 58 49 558 230 48 2199 80 91 75 77 91 55 45 95 78 292 390 3191 109 152 643 229 564 109
internal_value=-0.000373797 0.000204654 -7.263e-05 0.000438562 0.00225919 0.00457081 -0.00158635 0.00157471 -0.000660859 0.00169614 -0.00400549 -0.000196773 -0.00623684 0.0045423 0.0129617 0.00705645 -0.00305333 0.0118932 -0.0243711 0.0013245 -0.0119444 0.0127193 0.00328757 -0.00399025 -0.025 0.011263 0.0190542 -0.000150905 -0.00321159 0.0119403
internal_weight=13509 13192 13079 12540 8896 5556 3340 4095 3328 2770 3644 2540 1899 1441 1461 743 3487 205 317 150 539 341 1383 3282 157 767 718 993 793 200
internal_count=13509 13192 13079 12540 8896 5556 3340 4095 3328 2770 3644 2540 1899 1441 1461 743 3487 205 317 150 539 341 1383 3282 157 767 718 993 793 200
is_linear=0
shrinkage=0.05


Tree=90
num_leaves=31
num_cat=0
split_feature=15 14 12 9 8 6 15 1 6 15 14 14 14 15 12 1 14 12 1 6 12 12 1 12 0 12 12 13 14 15
split_gain=69.879 38.7622 35.1489 33.8005 29.4082 23.6154 104.47 22.2058 21.8815 28.5035 25.3465 21.1328 18.3889 18.7581 18.0541 17.6171 21.9615 19.2382 16.606 20.5786 17.1039 22.1017 20.4492 28.4309 16.4767 16.2881 15.944 15.7238 15.5876 15.2929
threshold=1717.3750000000002 4102.0000000000009 -0.9998468409516591 1.0000000180025095e-35 4.5000000000000009 21.605263157894743 2604.7500000000005 5.4137883771929838 195.84210526315795 3160.5000000000005 3088.1250000000005 1915.1250000000002 1887.6250000000002 3068.3750000000005 0.68589359117003446 16.112061403508775 2674.1250000000005 -0.77245553105869302 26.967324561403512 668.90789473684231 0.38044714639866822 0.52217737485370563 9.7736293859649148 0.57957876984334955 25.306578947368426 0.10196183112029107 0.3362885358101006 -0.22072160979833103 2154.1250000000005 2347.3750000000005
decision_type=8 10 2 2 2 2 10 2 2 10 10 10 8 8 2 2 10 2 2 2 2 2 2 2 2 2 2 2 10 10
left_child=25 2 -2 4 5 7 -7 -4 15 10 -10 -5 -6 18 -9 16 -8 -17 19 20 26 -22 27 -24 -12 -1 -14 -23 -20 -16
right_child=1 -3 3 11 12 6 8 14 9 -11 24 -13 13 -15 29 17 -18 -19 28 -21 21 22 23 -25 -26 -27 -28 -29 -30 -31
leaf_value=-2.9265855057039918 -2.1245633865261708 4.9961534499984737 2.6114497422401657 -4.4961083582133146 -1.8019430718365017 12.342119773818638 5.1789161690384624 0.10177108232041975 0.25365518196092579 -0.47263319876824428 1.5215570084153116 -1.4227256621391917 -0.025465283538369479 -3.1531783255013126 0.14222562640314892 -1.2085959657097192 1.264843409422133 0.58624766659977467 1.9702243800601877 -1.9470684871635513 -3.3114460864958688 2.3893417031908029 1.5917212414407915 -1.1685624865445108 6.1760656386276995 0.12466657907400532 1.7175060946458531 0.046954753581826485 0.34380539599621901 -0.68398525191275894
leaf_weight=268 78 203 117 77 119 212 169 3361 526 1749 180 378 1574 99 496 101 673 419 41 169 70 51 107 476 82 51 134 319 353 870
leaf_count=268 78 203 117 77 119 212 169 3361 526 1749 180 378 1574 99 496 101 673 419 41 169 70 51 107 476 82 51 134 319 353 870
internal_value=0.000118317 0.000677825 0.000338436 0.00054167 0.00103064 0.00255136 0.00533804 0.000185759 0.00347436 0.00072892 0.0086185 -0.0128289 -0.00284657 -0.00216559 -0.000348985 0.00858401 0.0130486 0.00134357 -0.00151745 -0.00282661 -0.00177526 -0.00688477 -0.00487421 -0.0107021 0.0212928 -0.0229687 0.0012873 0.00431267 0.00810127 -0.00519386
internal_weight=13522 13203 13000 12922 12467 8955 4111 4844 3899 2537 788 455 3512 3393 4727 1362 842 520 3294 2900 2731 1023 953 583 262 319 1708 370 394 1366
internal_count=13522 13203 13000 12922 12467 8955 4111 4844 3899 2537 788 455 3512 3393 4727 1362 842 520 3294 2900 2731 1023 953 583 262 319 1708 370 394 1366
is_linear=0
shrinkage=0.05


Tree=91
num_leaves=31
num_cat=0
split_feature=15 11 8 15 13 12 11 12 10 3 1 1 10 15 1 1 12 1 10 9 7 1 11 10 13 6 1 7 0 8
split_gain=65.7454 41.5916 30.8661 34.7381 28.5929 24.6942 24.3242 23.0433 20.7597 30.7487 29.4955 23.1939 38.3775 20.0863 19.2333 18.0057 21.67 32.7012 30.4132 19.9903 19.4782 17.5114 25.1729 18.8773 16.239 24.11 16.0552 18.4243 28.0094 23.081
threshold=1717.3750000000002 -0.99864786094873803 2.5000000000000004 3897.1250000000005 0.90438663683299525 -0.9998468409516591 0.99981043035926087 0.17011757999667351 -0.53493989022977317 8.2381578947368439 11.602028508771932 25.01647478070176 -0.15101209918632377 3542.2500000000005 10.879714912280706 7.1933662280701762 0.93544191479114935 25.80183662280702 -0.49064630004295678 1.0000000180025095e-35 20.500000000000004 20.341200657894742 -0.84774213365954088 0.39036257410962044 0.33222858587828868 17.776315789473689 9.9424342105263168 7.5000000000000009 8.0697368421052662 5.5000000000000009
decision_type=8 2 2 8 2 2 2 2 2 2 2 2 2 10 2 2 2 2 2 2 2 2 2 2 2 2 2 2 2 2
left_child=7 -2 3 6 24 -4 15 -1 9 -7 14 12 -12 -13 26 20 17 19 -19 -17 -3 22 -14 -23 -5 -26 27 28 -10 -29
right_child=1 2 5 4 -6 8 -8 -9 10 -11 11 13 21 -15 -16 16 -18 18 -20 -21 -22 23 -24 -25 25 -27 -28 29 -30 -31
leaf_value=-2.8195155784541615 5.8302148817577297 2.4468697509411186 -1.8439591219902127 0.54270330150037582 -1.6663150379536547 0.043590925776129552 -3.03520042291392 0.65196669161380216 -1.4152776797280353 2.3621606952204504 -3.3261869767104262 0.5866562307486447 -6.197710527552676 -1.9163850447884443 1.408995334337783 0.19402692799690158 -0.97739968670714461 7.7009971758329812 0.78979911471810738 -4.3869781595556905 -0.89185289623917474 -2.0977971113929699 -0.93964796234135406 1.0027918260174602 -0.11622140563716812 8.1584403703036976 -0.95810102026523514 0.015519499209619881 1.2263085741402393 1.2017316098172388
leaf_weight=277 119 349 71 80 65 2306 79 42 396 123 214 459 44 85 199 3768 559 97 199 107 59 129 1442 227 42 201 400 844 148 305
leaf_count=277 119 349 71 80 65 2306 79 42 396 123 214 459 44 85 199 3768 559 97 199 107 59 129 1442 227 42 201 400 844 148 305
internal_value=-0.000264216 0.000282077 1.15402e-05 0.00280949 0.0172237 -0.0021101 0.00173438 -0.0226563 -0.00182327 0.00195473 -0.00369916 -0.00734333 -0.00977151 0.00183486 0.00043611 0.00215995 0.00128937 0.00252876 0.0185185 0.00130289 0.0122249 -0.00743353 -0.00981843 0.00252101 0.0233025 0.0297131 -0.000978988 0.00115112 -0.00642202 0.00473913
internal_weight=13435 13116 12997 5605 388 7392 5217 319 7321 2429 4892 2600 2056 544 2292 5138 4730 4171 296 3875 408 1842 1486 356 323 243 2093 1693 544 1149
internal_count=13435 13116 12997 5605 388 7392 5217 319 7321 2429 4892 2600 2056 544 2292 5138 4730 4171 296 3875 408 1842 1486 356 323 243 2093 1693 544 1149
is_linear=0
shrinkage=0.05


Tree=92
num_leaves=31
num_cat=0
split_feature=15 14 7 8 15 3 9 7 6 2 7 15 7 8 7 14 8 0 11 11 10 2 11 11 11 15 9 7 11 0
split_gain=67.8954 33.0275 24.0195 60.5046 35.0555 32.987 27.8851 24.9169 28.56 34.009 28.9925 49.0016 27.0104 26.3816 25.851 26.4729 24.7071 24.0549 23.0897 22.9879 30.5912 25.0001 24.2899 21.842 31.3022 20.8829 20.8256 20.6987 20.3893 19.6588
threshold=1717.3750000000002 4102.0000000000009 6.5000000000000009 5.5000000000000009 2209.1250000000005 1.0000000180025095e-35 1.0000000180025095e-35 22.500000000000004 434.03947368421058 3.8513157894736847 11.500000000000002 2357.1250000000005 7.5000000000000009 4.5000000000000009 20.500000000000004 3325.1250000000005 1.0000000180025095e-35 27.811842105263164 0.097680735332368748 -0.60555643346685839 -0.53493989022977317 1.4802631578947383 0.44312301391210612 0.99138911339924218 0.60383265664488517 1952.6250000000002 1.0000000180025095e-35 2.5000000000000004 0.53312596302726967 18.756578947368428
decision_type=8 10 2 2 8 2 2 2 2 2 2 10 2 2 2 10 2 2 2 2 2 2 2 2 2 10 2 2 2 2
left_child=-1 2 3 4 5 -2 19 8 10 26 12 29 13 -4 15 17 27 18 -13 20 -6 -22 -21 24 -18 -26 -10 -7 -24 -12
right_child=1 -3 7 -5 6 16 -8 -9 9 -11 11 14 -14 -15 -16 -17 23 -19 -20 22 21 -23 28 -25 25 -27 -28 -29 -30 -31
leaf_value=-2.4628841986123691 1.3390884971286596 4.2887806913751207 0.97294434055954759 -1.6077747970924634 -4.2099056528634833 -2.375365222855629 -11.108455342196885 -0.71465207731897074 -1.2143360890652275 0.34929480158846221 0.68690401000731072 -0.32156077645890946 1.9242281820254221 -1.5148625690570725 -0.82352023980777178 -0.54829371560941809 -0.039525516321060654 2.1625305169864988 0.66142529620065038 0.43587283843839941 -1.8935958423213948 1.2840251212223963 -6.6329916795064952 -2.6177218664221416 2.9389185752465097 0.77182369765787373 -7.747573035774832 0.18486076491582254 -0.62449935675225565 2.2884327686909276
leaf_weight=315 340 192 390 420 122 112 46 550 1065 1021 709 1047 1104 169 545 1136 672 117 1174 493 268 132 46 89 74 323 56 102 408 203
leaf_count=315 340 192 390 420 122 112 46 550 1065 1021 709 1047 1104 169 545 1136 672 117 1174 493 268 132 46 89 74 323 56 102 408 203
internal_value=-0.000357116 0.000194271 -0.000112108 -0.00354989 -0.00122367 0.00367776 -0.00676121 0.00123829 0.00188852 -0.00312646 0.00351782 0.00159165 0.00922476 0.000267857 -0.000783582 0.000805755 0.0002185 0.0038478 0.00267777 -0.00554422 -0.0139579 -0.00723192 -0.000896624 0.00310613 0.00509346 0.016206 -0.00913547 -0.0153488 -0.00923077 0.0120482
internal_weight=13440 13125 12933 3647 3227 1712 1515 9286 8736 2142 6594 4931 1663 559 4019 3474 1372 2338 2221 1469 522 400 947 1158 1069 397 1121 214 454 912
internal_count=13440 13125 12933 3647 3227 1712 1515 9286 8736 2142 6594 4931 1663 559 4019 3474 1372 2338 2221 1469 522 400 947 1158 1069 397 1121 214 454 912
is_linear=0
shrinkage=0.05


Tree=93
num_leaves=31
num_cat=0
split_feature=15 1 13 13 1 15 13 8 1 6 15 13 13 1 2 1 13 13 1 13 8 7 13 15 13 15 13 14 3 1
split_gain=55.1803 42.8956 39.8452 44.0133 27.5919 23.4487 22.8251 21.8117 21.0323 20.8382 20.3943 20.3925 17.0713 16.4293 19.0628 15.8477 17.0796 16.7139 31.2526 31.5469 22.6137 36.3615 18.7957 16.3722 17.0422 18.9892 17.9934 16.1519 15.4347 15.5693
threshold=1717.3750000000002 25.80183662280702 -0.33223242633771072 0.71503753411753179 11.687828947368422 3805.8750000000005 0.99924179677339053 3.5000000000000004 29.166940789473689 434.03947368421058 2223.1250000000005 0.45847758937963173 0.1318557721318592 27.741803728070185 9.9171052631578966 4.8951206140350889 0.89975755788027889 0.91423533665985768 10.709375000000003 0.98448590438035632 1.0000000180025095e-35 3.5000000000000004 0.74299920719979395 3950.8750000000005 0.56192200557241578 3262.1250000000005 0.64415777744009783 3422.3750000000005 5.3210526315789473 24.183634868421056
decision_type=8 2 2 2 2 10 2 2 2 2 10 2 2 2 2 2 2 2 2 2 2 2 2 10 2 10 2 10 2 2
left_child=11 4 -3 8 6 -5 15 -6 10 28 -4 -1 -10 14 -12 16 -2 20 19 -19 21 -17 -23 24 25 -22 -26 -27 29 -9
right_child=1 2 3 5 7 -7 -8 9 12 -11 13 -13 -14 -15 -16 17 -18 18 -20 -21 23 22 -24 -25 26 27 -28 -29 -30 -31
leaf_value=-2.6753498560223647 -0.22121009110273918 5.764721236961055 1.255514167576655 1.7574338118084485 -0.039646958671460203 10.364893726822107 -2.985148035656346 -0.14236897126595524 -1.1828617433965065 -2.1292768918373897 -0.78745138436006534 0.34658519327642812 1.6293761420961006 -2.070477664170312 0.91940644173705555 -1.692663843820094 9.7535184089555855 -2.6448427835390138 4.7282742774584907 0.36131323588519992 0.55734657674489652 1.7454940705426567 7.4540729087330879 2.0914251890513245 -1.3014140263837135 -1.8214700576746736 -0.12154042926271132 0.073240929372150279 -1.5899926176645067 -1.9803453586619981
leaf_weight=247 63 139 79 642 4102 64 104 1855 111 611 121 65 186 244 64 75 82 336 91 283 1422 352 103 172 132 151 754 445 273 89
leaf_count=247 63 139 79 642 4102 64 104 1855 111 611 121 65 186 244 64 75 82 336 91 283 1422 352 103 172 132 151 754 445 273 89
internal_value=-0.000338089 0.000155941 0.00769231 0.00532407 -0.000926409 0.0144272 0.00209155 -0.00291444 -0.00266749 -0.00629198 -0.00884086 -0.0210863 0.00788591 -0.0131395 -0.00188172 0.00263335 0.0188356 0.00208478 -0.00492264 -0.00895161 0.00346548 0.0129944 0.0183114 0.00181995 0.000929432 0.00346706 -0.0048478 -0.0040201 -0.00403517 -0.00246787
internal_weight=13457 13145 1650 1511 11495 706 4565 6930 805 2828 508 312 297 429 185 4461 145 4316 710 619 3606 530 455 3076 2904 2018 886 596 2217 1944
internal_count=13457 13145 1650 1511 11495 706 4565 6930 805 2828 508 312 297 429 185 4461 145 4316 710 619 3606 530 455 3076 2904 2018 886 596 2217 1944
is_linear=0
shrinkage=0.05


Tree=94
num_leaves=31
num_cat=0
split_feature=15 11 12 15 8 12 12 1 11 1 12 11 12 12 8 10 8 11 7 13 13 10 1 8 0 6 10 10 12 1
split_gain=58.5048 30.7908 29.4462 26.7235 33.4692 26.022 40.4015 40.8089 33.7324 51.9615 23.7899 23.114 40.8936 45.1614 30.222 30.2372 29.1986 28.1545 24.2864 20.1295 19.7231 18.459 19.099 18.4624 17.8029 17.6939 17.6934 27.6007 17.6895 17.2603
threshold=1717.3750000000002 -0.99864786094873803 -0.9998468409516591 3920.6250000000005 3.5000000000000004 -0.39036798905311365 -0.159513159777915 16.20326206140351 -0.73284120334876357 24.819819078947372 -0.32614396506100213 -0.43733099657705293 0.4737060765891063 0.23746817830764474 5.5000000000000009 -0.8041866928211282 2.5000000000000004 0.16587474750015932 15.500000000000002 -0.99273797715557011 0.51849435583340198 -0.38242426011641079 29.166940789473689 1.0000000180025095e-35 22.944736842105268 807.51315789473699 -0.26866367175705824 0.056951373111866731 0.90623151893102627 10.798574561403511
decision_type=8 2 2 8 2 2 2 2 2 2 2 2 2 2 2 2 2 2 2 2 2 2 2 2 2 2 2 2 2 2
left_child=20 -2 -3 5 -5 25 7 -7 9 -8 -9 14 13 19 15 18 -17 24 -10 29 -1 22 -11 -24 -15 -4 -23 -28 -14 -13
right_child=1 2 3 4 -6 6 8 10 11 21 -12 12 28 17 -16 16 -18 -19 -20 -21 -22 26 23 -25 -26 -27 27 -29 -30 -31
leaf_value=-2.3823687487643439 5.1670192752455257 -1.8182196796108543 0.31434885886943675 2.4248452127769955 -1.7169733723965124 -2.5153723273893323 -3.8277486185247542 -0.81258969815334015 5.2069492264588693 -1.4453377725694054 1.305496456475413 2.7548892363293818 -0.71867997482353307 -0.2051010672536677 -0.74718543675832061 -1.6383637387312548 1.5405848478932285 4.0037574399584743 0.36432514410514616 -0.80548296333067815 0.74950759911337173 2.3504512102849504 -3.7384309725236111 1.5526966273958125 1.6777762174798683 -1.794915881054908 -2.2784646754607367 7.8781164128809227 0.096347285950241723 0.247296098981451
leaf_weight=270 118 77 4540 472 128 611 298 123 245 284 162 93 1762 309 118 139 195 472 121 747 50 172 55 147 61 228 102 45 917 444
leaf_count=270 118 77 4540 472 128 611 298 123 245 284 162 93 1762 309 118 139 195 472 121 747 50 172 55 147 61 228 102 45 917 444
internal_value=0.000218421 0.000731837 0.000501224 0.00068509 0.0109817 0.000185619 -0.00162666 -0.0115942 -0.000297309 -0.00828804 0.00402098 0.00127134 -5.20183e-05 0.00512459 0.00903541 0.0129815 0.00208955 0.0141163 0.0228883 -0.00077821 -0.0208723 -0.00167494 -0.00780287 0.00394089 0.00377358 0.00308241 0.00765625 -0.00506757 -0.00416045 0.00659851
internal_weight=13505 13185 13067 12990 600 12390 7622 896 6726 1103 285 5623 4805 2126 818 700 334 842 366 1284 320 805 486 202 370 4768 319 147 2679 537
internal_count=13505 13185 13067 12990 600 12390 7622 896 6726 1103 285 5623 4805 2126 818 700 334 842 366 1284 320 805 486 202 370 4768 319 147 2679 537
is_linear=0
shrinkage=0.05


Tree=95
num_leaves=31
num_cat=0
split_feature=14 8 7 0 12 7 8 9 7 7 7 6 8 7 8 7 14 1 7 8 10 8 11 11 12 12 11 10 11 6
split_gain=49.8873 38.8509 44.3494 38.7809 35.0232 29.7356 29.441 25.6383 26.1288 23.359 58.7535 28.2312 23.2009 23.1888 21.0502 20.974 19.3297 17.8908 17.8402 56.7535 20.8371 17.5655 17.1059 29.0032 15.5582 15.1846 26.4762 19.189 18.5339 27.5466
threshold=1813.1250000000002 4.5000000000000009 16.500000000000004 31.128947368421056 0.94911049632748046 1.5000000000000002 5.5000000000000009 1.0000000180025095e-35 15.500000000000002 10.500000000000002 6.5000000000000009 301.09210526315798 5.5000000000000009 19.500000000000004 5.5000000000000009 19.500000000000004 3039.1250000000005 28.793914473684215 8.5000000000000018 5.5000000000000009 -0.52032787705993211 1.5000000000000002 -0.59177783207548873 -0.35846086284744721 0.95752911693909493 0.71051919230648819 -0.69676771491221523 0.80926549319045582 0.097680735332368748 338.76315789473693
decision_type=10 2 2 2 2 2 2 2 2 2 2 2 2 2 2 2 10 2 2 2 2 2 2 2 2 2 2 2 2 2
left_child=14 3 5 7 21 12 13 9 -9 10 22 16 -3 -4 -1 -10 -12 25 19 20 -7 -5 -2 -24 -21 28 -27 -28 -11 -30
right_child=1 2 6 4 -6 18 -8 8 15 17 11 -13 -14 -15 -16 -17 -18 -19 -20 24 -22 -23 23 -25 -26 26 27 -29 29 -31
leaf_value=-1.002815039514394 -0.73112483600118594 2.5933752927250624 0.82030306960671173 6.8893032480888223 -0.22865083829485686 0.48370059760695772 1.1911546524164578 -4.4023017134171027 3.2700446694800238 -0.29759354211738581 4.7754955996662716 0.98185991952841511 -0.47136946087345566 -0.89830756478661444 -2.5868540584424182 -2.4114289953889059 1.967055299003539 3.6430832494972267 -0.55705028991984595 -2.4391635432610883 -0.88205975392481273 3.5999415804227173 1.8440905410512869 0.03624450478773724 -0.078463158660537158 -2.3255836101077647 0.093886070649364231 -1.5753428741706443 0.71209155748798603 -1.6378889707794315
leaf_weight=616 652 144 241 105 137 182 522 194 56 1700 206 649 148 312 115 57 608 87 1258 479 354 194 191 1419 62 161 735 206 1542 227
leaf_count=616 652 144 241 105 137 182 522 194 56 1700 206 649 148 312 115 57 608 87 1258 479 354 194 191 1419 62 161 735 206 1542 227
internal_value=-7.74336e-05 0.000646972 -0.0036727 0.00239947 0.0169336 -0.00717275 0.00487918 0.00166839 -0.0125 0.00218869 0.00513956 0.012944 0.00784983 -0.00315884 -0.0127732 0.00657895 0.0191411 -0.000171711 -0.00905394 -0.0137755 -0.00223464 0.0265 8.83783e-05 0.00285537 -0.0251845 -0.000601487 -0.0057117 -0.00249469 0.00102305 0.00460452
internal_weight=13559 12828 3702 9126 436 2627 1075 8690 307 8383 3725 1463 292 553 731 113 814 4658 2335 1077 536 299 2262 1610 541 4571 1102 941 3469 1769
internal_count=13559 12828 3702 9126 436 2627 1075 8690 307 8383 3725 1463 292 553 731 113 814 4658 2335 1077 536 299 2262 1610 541 4571 1102 941 3469 1769
is_linear=0
shrinkage=0.05


Tree=96
num_leaves=31
num_cat=0
split_feature=8 6 11 14 3 9 1 6 12 1 12 12 12 3 11 13 8 14 11 1 10 13 11 14 10 11 6 10 12 10
split_gain=39.2314 36.6209 29.9084 29.7367 25.0783 22.7144 24.0222 20.8676 20.4581 27.4332 23.5356 20.1584 19.1819 24.102 17.642 19.376 17.5896 15.7624 17.3653 23.0577 17.3701 15.629 14.5929 18.2066 13.0403 12.9658 12.2213 10.3691 10.3479 10.2727
threshold=4.5000000000000009 8.7236842105263186 -0.99700296666818056 1905.8750000000002 6.685526315789474 1.0000000180025095e-35 17.878591008771934 692.18421052631595 0.99351232050787985 26.23933662280702 0.94911049632748046 -0.99629805505515945 -0.90893575921103265 7.4171052631578949 -0.97315270831292444 -0.93543596745397617 2.5000000000000004 2485.1250000000005 0.99138911339924218 7.0808936403508786 -0.022576249993022688 0.2332836900311728 0.99855310097228334 3236.7500000000005 0.97508442350096236 0.99024581825578073 549.3026315789474 -0.082689790342551819 0.76558307451930629 0.9916835347852474
decision_type=2 2 2 10 2 2 2 2 2 2 2 2 2 2 2 2 2 10 2 2 2 2 2 10 2 2 2 2 2 2
left_child=1 11 -3 21 5 8 -7 -5 9 14 16 -1 13 -13 -4 26 -11 18 19 -14 -20 -2 23 27 -17 -19 -16 -6 -9 -28
right_child=3 2 4 7 22 6 -8 28 -10 10 -12 12 17 -15 15 24 -18 25 20 -21 -22 -23 -24 -25 -26 -27 29 -29 -30 -31
leaf_value=-1.5474089977022913 -2.290950642229018 9.6588032697174651 -2.5308516392842648 -0.17706745411499014 0.81560514217107993 -8.3407903453153729 1.9798664253154812 -3.4806005469654568 -2.5231940116274703 6.1631400665326055 -0.41862533630612692 0.13426470208401042 0.97843887468500279 2.4088959588191643 -0.10761896131759841 0.59799337139913866 1.7738491318442358 0.036066523364911521 -4.3600778499102715 -0.46460432930996376 -1.6500346295900159 -0.22850967963558447 -4.7243416712550017 1.3814350981044301 5.1189730130627371 2.2668054292263378 -2.4645046331655522 5.9012658858866303 -0.064437851269417479 -0.17995793061818405
leaf_weight=118 207 53 112 3328 53 65 44 197 132 232 89 489 135 88 399 2667 129 1539 79 2241 115 90 40 333 51 93 80 130 75 61
leaf_count=118 207 53 112 3328 53 65 44 197 132 232 89 489 135 88 399 2667 129 1539 79 2241 115 90 40 333 51 93 80 130 75 61
internal_value=-0.0002228 0.00149979 0.00466709 -0.004451 0.00423343 0.00286805 -0.0195455 -0.00319356 0.00349102 0.00416121 0.0157428 -0.00152103 -0.00101464 0.00752595 0.0026105 0.00328322 0.0214088 -0.00218891 -0.00462855 -0.00344973 -0.0189744 -0.0196309 0.0141831 0.016441 0.00500184 0.0016534 -0.00536044 0.0290761 -0.0164835 -0.0179577
internal_weight=13464 9567 4670 3897 4617 4061 109 3600 3952 3820 450 4897 4779 577 3370 3258 361 4202 2570 2376 194 297 556 516 2718 1632 540 183 272 141
internal_count=13464 9567 4670 3897 4617 4061 109 3600 3952 3820 450 4897 4779 577 3370 3258 361 4202 2570 2376 194 297 556 516 2718 1632 540 183 272 141
is_linear=0
shrinkage=0.05


Tree=97
num_leaves=31
num_cat=0
split_feature=15 2 1 9 7 7 7 8 15 8 8 15 13 7 15 15 10 0 10 11 11 0 15 0 7 7 11 10 0 10
split_gain=46.6881 24.4995 20.3979 26.3258 29.1251 23.5263 22.3399 34.1786 28.4715 45.3378 27.1709 50.1116 26.0246 21.4809 32.0292 21.3955 20.5877 26.1845 20.502 26.583 20.3705 20.1413 19.5133 22.272 18.1941 17.7107 15.9167 17.3986 23.4992 17.3303
threshold=1731.6250000000002 13.789473684210529 7.4657346491228092 1.0000000180025095e-35 15.500000000000002 22.500000000000004 5.5000000000000009 5.5000000000000009 2202.0000000000005 1.0000000180025095e-35 3.5000000000000004 2245.3750000000005 -0.59868927840444253 18.500000000000004 2987.1250000000005 2637.1250000000005 0.49812943072827093 16.077631578947372 0.75014288946266361 0.83730377313544024 -0.39036009226888674 17.25131578947369 2252.1250000000005 17.967105263157901 3.5000000000000004 21.500000000000004 0.99138911339924218 0.022575936829235418 5.3039473684210536 0.34235194516023087
decision_type=8 2 2 2 2 2 2 2 8 2 2 10 2 2 10 10 2 2 2 2 2 2 8 2 2 2 2 2 2 2
left_child=-1 2 18 5 -5 6 7 8 9 20 11 25 -10 14 16 -15 -13 -18 19 -2 -4 -11 23 -7 -9 -8 29 28 -28 -21
right_child=1 -3 3 4 -6 22 10 24 12 21 -12 13 -14 15 -16 -17 17 -19 -20 26 -22 -23 -24 -25 -26 -27 27 -29 -30 -31
leaf_value=-2.0165967049302709 2.8114372047154803 2.513574243477342 0.19619033175924872 -4.8705972899059873 0.6488751939520967 -0.62963661382739256 11.882700915610782 -0.69827713381532708 0.23595985491425608 0.22752826942364665 -0.17096003408728394 7.5162693532320191 -1.3400641783831362 0.33525170647910729 0.33804848246493296 -0.78247771896428731 5.3002651133780665 -0.056142996304970438 -2.4099807720435935 1.3912195823326101 -1.9221210025207143 1.5441966964289464 -2.221232183825157 1.9578419632009856 -2.3145018611432988 0.58217423924436396 -3.6813499256398416 3.6392951960006261 0.1874319464535347 -0.5437041085705232
leaf_weight=368 119 171 73 224 114 262 115 177 306 971 3457 206 745 375 2945 607 74 218 90 499 162 202 148 69 113 94 84 80 144 119
leaf_count=368 119 171 73 224 114 262 115 177 306 971 3457 206 745 375 2945 607 74 218 90 499 162 202 148 69 113 94 84 80 144 119
internal_value=-0.000348785 0.000150417 -0.000101618 -0.000724824 -0.0144543 -0.000313604 0.000166036 -0.00372727 -0.00180894 0.00283889 0.00148913 0.00399137 -0.00803232 0.00285811 0.00471835 -0.00366226 0.0164329 0.00784983 0.00629401 0.0082696 -0.017161 0.0068569 -0.0111458 -0.00436747 -0.0199313 0.0278571 0.00539374 -0.0038835 -0.010917 0.0100162
internal_weight=13331 12963 12792 11657 338 11319 10840 2749 2459 1408 8091 4634 1051 4425 3443 982 498 292 1135 1045 235 1173 479 331 290 209 926 308 228 618
internal_count=13331 12963 12792 11657 338 11319 10840 2749 2459 1408 8091 4634 1051 4425 3443 982 498 292 1135 1045 235 1173 479 331 290 209 926 308 228 618
is_linear=0
shrinkage=0.05


Tree=98
num_leaves=31
num_cat=0
split_feature=15 11 1 12 10 15 10 10 8 1 11 10 1 12 1 1 1 11 10 10 1 7 9 10 1 11 7 4 1 8
split_gain=43.3544 35.3248 28.891 21.6937 19.2501 26.675 34.6505 60.0289 28.7964 26.033 36.4228 21.0155 20.2686 18.4996 34.6359 17.9487 19.9569 38.2266 18.8038 37.6529 23.382 19.1142 17.7909 18.5688 17.6035 17.2675 17.0673 16.9979 18.1894 16.2406
threshold=1717.3750000000002 -0.99864786094873803 7.4657346491228092 -0.9998468409516591 -0.60554068365937697 3805.8750000000005 0.022575936829235418 -0.18492532721306487 1.0000000180025095e-35 20.341200657894742 -0.84774213365954088 0.19337368024598436 10.219599780701756 0.78725952717486247 29.166940789473689 12.224424342105268 17.096299342105269 0.063390085881955341 -0.86976336936302323 -0.92923668111203805 14.187883771929828 7.5000000000000009 1.0000000180025095e-35 0.45273815774107123 8.7560581140350902 -0.96904977397942549 7.5000000000000009 19.01497576177286 9.9424342105263168 4.5000000000000009
decision_type=8 2 2 2 2 8 2 2 2 2 2 2 2 2 2 2 2 2 2 2 2 2 2 2 2 2 2 2 2 2
left_child=-1 26 -3 -4 15 6 7 13 -7 10 -8 12 -12 25 -15 -5 17 -17 19 -19 -20 -21 23 24 -13 -6 -2 28 -10 -24
right_child=1 2 3 4 5 8 9 -9 27 -11 11 22 -14 14 -16 16 -18 18 20 21 -22 -23 29 -25 -26 -27 -28 -29 -30 -31
leaf_value=-1.8821217562830954 -0.074060449511512166 0.60757918829101532 -1.6447959896448765 1.0432741606882245 -4.0681351726769206 7.6648992063802552 -5.1815720755398615 -4.3503284716152057 2.2133545674902737 0.82325529345682757 0.06313188898166118 0.10519892990262179 6.4222644559459248 -2.1342432337276707 1.534145385992008 -2.2623769081813863 0.29475893521694163 -0.22185428280963607 0.26863937577991237 0.61118736332148282 -1.6088157560459877 4.5303113101021841 -6.4667569670431364 -0.11318560961763069 -2.1746645452743678 0.012161797683324949 5.7588036790938419 6.584906696938174 -0.44745375556894945 0.33560548965749604
leaf_weight=318 40 1135 76 295 59 138 53 294 197 933 121 88 73 297 58 218 2421 382 283 60 223 124 93 3823 157 949 82 42 395 49
leaf_count=318 40 1135 76 295 59 138 53 294 197 933 121 88 73 297 58 218 2421 382 283 60 223 124 93 3823 157 949 82 42 395 49
internal_value=-0.000281962 0.000159587 -9.20457e-05 -0.00081919 -0.00064688 -0.00209079 -0.0030576 -0.00937877 0.00672704 -0.00111297 -0.00270301 -0.00220204 0.0138462 -0.00494868 -0.0147472 0.0021712 0.00122575 -0.00379551 9.31966e-05 0.00634921 -0.00690335 0.0248649 -0.00294467 -0.00233473 -0.0156504 -0.00148662 0.0268293 0.00220472 0 -0.0202797
internal_weight=13476 13158 13036 11901 11825 7819 7047 1657 772 5390 4457 4404 194 1363 355 4006 3711 1290 1072 566 506 184 4210 4068 245 1008 122 634 592 142
internal_count=13476 13158 13036 11901 11825 7819 7047 1657 772 5390 4457 4404 194 1363 355 4006 3711 1290 1072 566 506 184 4210 4068 245 1008 122 634 592 142
is_linear=0
shrinkage=0.05


Tree=99
num_leaves=31
num_cat=0
split_feature=15 7 8 15 7 8 11 11 15 6 7 8 8 7 14 10 15 1 10 10 11 10 6 15 14 15 15 7 7 8
split_gain=40.4173 25.9826 44.0611 27.8657 26.8712 26.7639 30.7462 26.6097 25.1701 24.9338 48.7851 23.658 23.4708 23.8739 22.8978 22.3451 21.7531 21.3275 25.1394 22.1768 21.2325 21.1037 20.3953 20.3131 20.0929 23.2121 19.5012 19.4073 18.5877 18.5108
threshold=1701.2500000000002 6.5000000000000009 5.5000000000000009 2177.1250000000005 4.5000000000000009 1.0000000180025095e-35 0.99138911339924218 -0.99864786094873803 1747.8750000000002 268.40789473684214 11.500000000000002 4.5000000000000009 5.5000000000000009 18.500000000000004 3355.1250000000005 0.57077594689671507 3493.3750000000005 20.341200657894742 -0.75015329512557194 0.3744682635859638 0.33222858587828868 0.022575936829235418 129.23684210526321 2549.1250000000005 2875.3750000000005 3347.1250000000005 1895.1250000000002 8.5000000000000018 2.5000000000000004 4.5000000000000009
decision_type=8 2 2 8 2 2 2 2 10 2 2 2 2 2 10 2 10 2 2 2 2 2 2 10 10 10 10 2 2 2
left_child=-1 2 3 5 -4 28 15 -3 29 10 11 21 13 14 20 26 22 -11 -19 -20 23 -10 -16 -12 -5 -26 -7 -13 -2 -9
right_child=1 7 4 24 -6 6 -8 8 9 17 12 27 -14 -15 16 -17 -18 18 19 -21 -22 -23 -24 -25 25 -27 -28 -29 -30 -31
leaf_value=-2.0854465448093267 -1.9974077694442032 4.7810856795034402 -0.63220431940610533 -0.91353899547832507 -3.135684417482469 2.8831918609687932 -2.3494233490839633 13.146869709198677 1.0401840626574881 -0.7906343451499197 2.2288517986922218 -1.3451923162147068 0.78179737458074217 -0.31781342225260689 1.5836615377642489 -0.011943436536239461 -0.94155866700443769 1.3893517007907008 -0.47934671727537081 2.2986501341806616 2.586012690763869 3.3796382381241643 -1.5376364993990821 -0.096371796954031197 0.78013516537362193 -1.8455138312521626 0.6322165803598353 1.9823943935707804 0.2593629091849266 0.062349130830847345
leaf_weight=259 173 78 289 1185 155 86 90 82 438 1928 52 179 676 2355 238 478 477 400 814 206 411 398 106 536 350 110 704 115 121 64
leaf_count=259 173 78 289 1185 155 86 90 82 438 1928 52 179 676 2355 238 478 477 400 814 206 411 398 106 536 350 110 704 115 121 64
internal_value=-0.000284049 9.77811e-05 -0.00343399 -0.00144027 -0.0182022 0.0031458 0.00610743 0.00148106 0.00123997 0.000916399 0.00285022 0.0122016 0.000669827 -0.000730364 0.00356947 0.00811663 -0.00261557 -0.00253807 0.00211119 -0.00205681 0.00865 0.0164875 0.00695652 0.00254669 -0.00604496 0.00281996 0.0132743 0 -0.0105085 0.0217687
internal_weight=13553 13294 3741 3297 444 1652 1358 9553 9475 9329 5981 1130 4851 4175 1820 1268 821 3348 1420 1020 999 836 344 588 1645 460 790 294 294 146
internal_count=13553 13294 3741 3297 444 1652 1358 9553 9475 9329 5981 1130 4851 4175 1820 1268 821 3348 1420 1020 999 836 344 588 1645 460 790 294 294 146
is_linear=0
shrinkage=0.05


Tree=100
num_leaves=31
num_cat=0
split_feature=14 14 8 7 0 12 12 14 1 12 12 7 12 12 0 1 0 1 8 10 13 12 7 0 3 0 8 1 1 10
split_gain=29.3312 26.8879 30.0476 21.5768 21.9158 20.8796 30.1247 18.3158 23.1708 23.9184 22.7143 19.1988 18.2017 22.4944 21.2396 18.0256 16.2358 15.5739 15.3548 19.4726 14.5319 14.3847 14.0593 13.9185 23.3958 13.2767 13.2171 13.0429 12.9004 27.5411
threshold=1869.3750000000002 4135.2500000000009 1.5000000000000002 18.500000000000004 9.7013157894736874 0.94704596667653973 0.8277925332691819 3567.6250000000005 23.534649122807021 -0.23432901867687267 -0.0053757035942445328 14.500000000000002 -0.98214488425316759 -0.90893575921103265 17.748684210526317 3.5949013157894742 8.7855263157894754 16.645339912280708 5.5000000000000009 0.039769539193789977 0.33222858587828868 0.11478755917771409 7.5000000000000009 6.7315789473684227 3.751315789473685 22.422368421052635 4.5000000000000009 15.103645833333337 20.341200657894742 -0.95754239937548935
decision_type=10 10 2 2 2 2 2 10 2 2 2 2 2 2 2 2 2 2 2 2 2 2 2 2 2 2 2 2 2 2
left_child=18 2 3 4 -2 6 7 8 9 17 -11 -12 14 16 22 -15 -14 27 19 -1 -8 -3 -4 -21 -25 -10 -18 -6 -17 -30
right_child=1 21 12 -5 5 -7 20 -9 25 10 11 -13 13 15 -16 28 26 -19 -20 23 -22 -23 -24 24 -26 -27 -28 -29 29 -31
leaf_value=-1.2475998867468208 1.7537509596260179 7.4085047216872688 -0.95330695395367693 -0.36502182463216287 1.0362164066094921 -1.2582714998255371 5.9174407114732963 -1.2478328960579121 -0.062114037528056089 -3.1967983194793308 0.67256619093275283 -1.6902274584690078 2.6355522612959308 11.551318835299277 -3.293205655100087 -0.25568325017884491 1.0087244444104273 -0.0092809019902688316 -2.0205218291727078 1.4926364515738328 1.4294231527675834 1.0048270577831317 0.11686836641897572 0.46352806922129164 -1.5651995042325666 6.190251418135154 -0.71046354759148478 3.518416846888488 1.1656593599950156 0.01366666238743619
leaf_weight=319 501 59 191 728 231 218 106 139 50 77 286 113 122 54 93 5255 403 264 163 55 78 85 291 246 207 137 235 188 159 2362
leaf_count=319 501 59 191 728 231 218 106 139 50 77 286 113 122 54 93 5255 403 264 163 55 78 85 291 246 207 137 235 188 159 2362
internal_value=3.72689e-06 0.00066393 0.000411171 0.00465191 0.00694851 0.00447564 0.00637725 0.00400404 0.00579065 0.00314655 -0.00545073 -0.000625 -0.00103098 -0.000453963 -0.00963542 -0.00125144 0.00775296 0.00913743 -0.00827447 -0.00549517 0.0254054 0.022069 -0.00538302 0.000589391 -0.00231278 0.0220745 0.00453834 0.015119 -0.001453 0.00148692
internal_weight=13415 12425 12281 3116 2388 1887 1669 1485 1346 1159 476 399 9165 8590 575 7830 760 683 990 827 184 144 482 508 453 187 638 419 7776 2521
internal_count=13415 12425 12281 3116 2388 1887 1669 1485 1346 1159 476 399 9165 8590 575 7830 760 683 990 827 184 144 482 508 453 187 638 419 7776 2521
is_linear=0
shrinkage=0.05


Tree=101
num_leaves=31
num_cat=0
split_feature=15 2 12 6 11 8 0 14 15 11 8 14 15 14 6 11 6 15 6 11 2 11 12 13 12 12 11 12 12 10
split_gain=34.5294 21.2799 21.7466 18.4712 18.4011 18.9575 15.2884 16.5172 20.3734 20.6932 19.8481 21.0026 29.937 16.525 16.3805 15.2446 14.4327 14.2875 14.0793 13.5626 13.5331 12.8007 12.4166 26.5548 13.6384 15.1452 12.3088 12.8474 17.9131 13.3704
threshold=1717.3750000000002 13.018421052631579 0.89693165594635726 668.90789473684231 0.99981043035926087 2.5000000000000004 7.8236842105263165 2321.2500000000005 2688.7500000000005 0.98899263613956456 1.0000000180025095e-35 2942.6250000000005 3254.3750000000005 2849.8750000000005 106.02631578947371 -0.33426211444629356 18.947368421052634 3212.2500000000005 0.17105263157894737 0.3484035575467645 7.0473684210526342 -0.83849291496497236 -0.90893575921103265 0.38044648673137205 -0.99763297024448894 -0.95244167294248061 0.89309379682046119 -0.20075075429075132 -0.83377653105606597 -0.78326540922535159
decision_type=8 2 2 2 2 2 2 10 10 2 2 10 10 10 2 2 2 10 2 2 2 2 2 2 2 2 2 2 2 2
left_child=-1 3 -3 4 5 6 16 26 13 10 14 -12 -13 -9 19 21 -2 -4 -6 -10 22 -14 23 24 -7 -26 27 28 -8 -29
right_child=1 2 17 -5 18 20 7 8 9 -11 11 12 15 -15 -16 -17 -18 -19 -20 -21 -22 -23 -24 -25 25 -27 -28 29 -30 -31
leaf_value=-1.7190660942265141 0.52264681360697984 5.0962512704142684 1.0299241692616079 -0.92108389377738153 -0.90436244712684588 -0.70651744528964855 -0.14702197322903884 0.80240402160349056 -0.83768023777771539 -5.7447373872913658 -0.61470042563362315 1.3686695120584773 -0.096739266871304616 9.7489213652959741 4.1665355565616897 0.25507729276730517 3.0421708869917894 -2.0695830345890842 -7.0094578173901256 2.2681123825640839 1.0755126105033015 -2.3227809090619758 -0.21179930886728471 3.3101904277985796 0.74359257680159208 -0.95454206810153441 -1.794022700789742 0.27852159386850417 0.8752829232802356 -1.2377955810481696
leaf_weight=319 525 145 49 893 57 221 407 326 104 52 373 444 122 55 161 788 129 46 43 146 265 113 5633 75 498 82 105 274 436 532
leaf_count=319 525 145 49 893 57 221 407 326 104 52 373 444 122 55 161 788 129 46 43 146 265 113 5633 75 498 82 105 274 436 532
internal_value=-0.000178851 0.000217557 0.0149378 -5.83204e-05 0.000459597 0.000640431 0.00294522 0.00189232 0.00435754 0.00258247 0.00330817 0.00108637 0.00378065 0.0150524 0.0132282 -0.000927734 0.0100763 -0.00364583 -0.0207921 0.00517928 -0.00109225 -0.0120763 -0.00154378 0.00399088 0.00130923 0.00533563 -0.00188034 -0.000818182 0.00349526 -0.00532838
internal_weight=13418 13099 240 12859 11966 11866 5092 4438 2684 2303 2251 1840 1467 381 411 1023 654 95 100 250 6774 235 6509 876 801 580 1754 1649 843 806
internal_count=13418 13099 240 12859 11966 11866 5092 4438 2684 2303 2251 1840 1467 381 411 1023 654 95 100 250 6774 235 6509 876 801 580 1754 1649 843 806
is_linear=0
shrinkage=0.05


Tree=102
num_leaves=31
num_cat=0
split_feature=14 8 14 7 1 7 8 7 6 7 8 9 7 11 13 13 10 3 13 10 14 14 10 11 1 3 11 10 2 8
split_gain=35.7569 28.5813 28.3151 21.2839 17.7288 16.4444 57.2369 30.7652 23.7142 29.9798 22.0039 16.9538 16.9201 16.3952 15.4531 14.9837 21.6285 14.0396 13.9388 15.4291 13.0354 13.5 23.4718 12.9639 12.8247 20.984 12.0461 24.3547 14.8977 12.027
threshold=1869.3750000000002 1.5000000000000002 4135.2500000000009 18.500000000000004 5.5828673245614047 7.5000000000000009 5.5000000000000009 3.5000000000000004 452.6052631578948 11.500000000000002 5.5000000000000009 1.0000000180025095e-35 17.500000000000004 0.99681593486783593 0.97009571160424379 0.59004310983071195 -0.41398024697495356 8.2750000000000004 -0.97113716369942038 0.99907018497641664 3567.6250000000005 2335.8750000000005 0.88220160189607266 0.96407344085605606 28.225054824561408 5.8618421052631575 0.96849880583763492 0.12545942051955489 0.34736842105263227 5.5000000000000009
decision_type=8 2 10 2 2 2 2 2 2 2 2 2 2 2 2 2 2 2 2 2 10 10 2 2 2 2 2 2 2 2
left_child=29 3 5 4 -2 6 11 -8 9 13 14 -3 23 -7 15 17 -17 -11 19 -6 21 -20 -23 -12 25 -22 28 -28 -18 -1
right_child=1 2 -4 -5 18 8 7 -9 -10 10 12 -13 -14 -15 -16 16 26 -19 20 -21 24 22 -24 -25 -26 -27 27 -29 -30 -31
leaf_value=-0.66463611077349471 7.8041232475151903 -0.014492819614497422 4.2676018636431197 -0.34295740649483836 -1.5370526709709793 1.8772299312277256 -0.51513426714388977 -2.6030306800672407 -0.75629072196716152 -0.11239467642795944 0.12774866370150448 -5.7950752874459228 0.99409514027011603 -3.0417906585282255 1.4117493930183174 -1.8273135259116544 -1.3508670330848873 1.0858036166226839 0.42932818600886552 4.6181274971669497 -3.1323256492243674 2.1052168755253091 -0.85083517030432176 -1.5373327512149446 3.4390393434270665 0.69637591131129284 -1.7678483664612827 5.813954786219881 0.152699109580999 -1.8053758726827938
leaf_weight=821 68 2355 120 761 126 770 247 312 1465 2118 273 72 434 47 177 63 299 169 817 46 119 948 139 43 41 118 86 76 155 144
leaf_count=821 68 2355 120 761 126 770 247 312 1465 2118 273 72 434 47 177 63 299 169 817 46 119 948 139 43 41 118 86 76 155 144
internal_value=-0.000204765 0.000513438 -0.000888817 0.00460113 0.00689228 -0.00120607 -0.00425176 -0.0186607 0.000267163 0.00199533 0.000166923 -0.000926689 0.00785619 0.0106968 -0.00166985 -0.00252781 -0.00904412 -0.000590035 0.00615711 -0.00751445 0.00723775 0.00871391 0.0123621 -0.000946372 -0.00286738 -0.00735294 -0.00615883 0.00552147 -0.0103297 -0.00947205
internal_weight=13429 12464 9281 3183 2422 9161 2986 559 6175 4710 3893 2427 750 817 3143 2966 679 2287 2354 172 2182 1904 1087 316 278 237 616 162 454 965
internal_count=13429 12464 9281 3183 2422 9161 2986 559 6175 4710 3893 2427 750 817 3143 2966 679 2287 2354 172 2182 1904 1087 316 278 237 616 162 454 965
is_linear=0
shrinkage=0.05


Tree=103
num_leaves=31
num_cat=0
split_feature=15 1 1 11 12 10 15 10 10 1 10 7 0 7 15 11 12 14 10 14 7 15 1 11 10 10 14 11 1 10
split_gain=30.2022 24.1776 20.6722 34.4775 24.1399 43.7754 27.1169 32.9355 35.2402 40.3348 25.4241 23.0888 21.9209 21.413 20.2959 18.9243 33.9927 25.1257 21.4883 18.6914 17.1906 17.9964 16.8072 15.8671 18.4626 17.9212 15.5983 14.501 44.2332 19.3702
threshold=1682.1250000000002 7.4657346491228092 20.341200657894742 -0.8901731938066898 0.11478755917771409 -0.21861968191509915 2223.1250000000005 -0.75015329512557194 -0.38242426011641079 29.166940789473689 -0.63255557784149707 8.5000000000000018 25.911842105263162 9.5000000000000018 1731.6250000000002 -0.056951011027366626 -0.36547639117285574 2254.6250000000005 0.97508442350096236 4027.1250000000005 10.500000000000002 2379.6250000000005 16.776864035087723 0.99138911339924218 -0.082689790342551819 0.75014288946266361 1932.1250000000002 0.88917497572200743 11.859566885964915 -0.8781231054254196
decision_type=8 2 2 2 2 2 10 2 2 2 2 2 2 2 10 2 2 10 2 10 2 10 2 2 2 2 10 2 2 2
left_child=26 23 3 -3 19 6 12 13 9 -9 11 -11 14 -8 -6 16 18 27 -5 -4 21 22 -18 25 -25 -2 -1 28 -17 -30
right_child=1 2 4 15 5 -7 7 8 -10 10 -12 -13 -14 -15 -16 17 20 -19 -20 -21 -22 -23 -24 24 -26 -27 -28 -29 29 -31
leaf_value=-2.271211863446911 1.1043048292635604 -4.5557247814270454 0.88247614582357992 -0.20741186568554895 -3.5088800488316796 -3.83097648345306 1.6316950347826378 -1.7317489046975312 1.9015479909068973 -4.8497345813416137 2.40095942026519 0.74220865274112391 8.3945315253675066 0.080521733609771218 0.69435386066950855 0.70047619356494129 -2.9452017141135913 0.16014798598060909 2.6667888001818199 8.1196655054284292 -2.1731824868690524 0.35126798878408183 0.18265224828540455 -3.8965017332651088 0.27016304779685923 -1.603489689586536 0.41076682676090287 -1.4303398308722537 -0.19485770596819521 -1.3703553023913857
leaf_weight=151 769 53 1012 1546 58 182 284 604 217 50 105 106 97 603 384 523 101 4220 70 45 362 154 46 59 257 91 56 340 420 490
leaf_count=151 769 53 1012 1546 58 182 284 604 217 50 105 106 97 603 384 523 101 4220 70 45 362 154 46 59 257 91 56 340 420 490
internal_value=-8.54637e-05 0.000211337 -0.000455562 -0.00184362 0.00262807 0.000111483 0.0018334 -0.000888325 -0.00674054 -0.0112587 0.00515267 -0.00764331 0.0117593 0.00625 0.00699774 -0.00158346 -0.00546053 -0.000108442 -0.00154607 0.00902647 -0.0149849 -0.00612583 -0.0185811 0.00705183 -0.00252366 0.0105691 -0.0189904 -0.00510147 -0.002894 -0.00954995
internal_weight=13455 13248 12072 8325 3747 2690 2508 1969 1082 865 261 156 539 887 442 8272 2279 5993 1616 1057 663 301 147 1176 316 860 207 1773 1433 910
internal_count=13455 13248 12072 8325 3747 2690 2508 1969 1082 865 261 156 539 887 442 8272 2279 5993 1616 1057 663 301 147 1176 316 860 207 1773 1433 910
is_linear=0
shrinkage=0.05


Tree=104
num_leaves=31
num_cat=0
split_feature=15 1 12 6 14 11 1 7 6 3 12 10 6 1 9 11 7 12 12 1 15 6 8 12 11 11 11 12 11 11
split_gain=28.458 24.5603 22.3531 20.129 20.8932 21.9162 28.0598 17.9571 16.1829 17.3269 23.4726 19.0817 16.9111 15.9128 15.7802 29.9939 25.7789 14.6258 23.4553 24.9437 20.0094 19.1059 15.2993 19.6994 20.8942 18.2095 27.1112 16.4985 20.9926 27.5567
threshold=3877.2500000000005 7.4657346491228092 -0.9998468409516591 2.0131578947368429 3124.8750000000005 -0.9497838742125716 28.096025219298252 10.500000000000002 331.53947368421058 10.855263157894738 0.17011757999667351 -0.13398594226331254 29.684210526315795 10.050904605263161 1.0000000180025095e-35 -0.72102888505294738 15.500000000000002 -0.39036798905311365 -0.27694476165744958 16.776864035087723 1775.8750000000002 140.17105263157899 1.5000000000000002 -0.98214488425316759 -0.68432604233786842 0.85561368268953431 0.81800285027139297 -0.96688789938088693 0.48877522411129348 0.36447543099728863
decision_type=8 2 2 2 8 2 2 2 2 2 2 2 2 2 2 2 2 2 2 2 10 2 2 2 2 2 2 2 2 2
left_child=1 8 -3 -2 -5 6 -6 13 9 -1 11 -11 -12 -7 17 -16 -17 20 19 -19 -4 -21 -22 24 -24 26 27 -25 29 -29
right_child=3 2 14 4 5 7 -8 -9 -10 10 12 -13 -14 -15 15 16 -18 18 -20 21 22 -23 23 25 -26 -27 -28 28 -30 -31
leaf_value=1.13294731909715 -2.0696245281991081 -1.393738792462591 -1.0639786395719797 8.4395995035955593 -0.036601001663575515 2.4840765300083039 13.788539013900209 -0.83600480740241212 -2.9695427533247769 0.28621108639671322 0.55281854034255962 -2.7226207907788651 8.3028125751977768 -0.28227085051966017 4.0585753452248357 -4.5322798937066242 0.45858139000645226 -2.8626128429511937 -0.099899731272694234 0.62588801888399537 0.71805554575830688 -1.9486034429950678 -2.0242516732150309 1.4787075745538687 -0.067142078816885942 -0.8750260543959314 2.8050181177017635 0.10429450329324937 -1.1265813396885507 1.9030024896243163
leaf_weight=576 70 83 312 136 56 102 67 190 67 70 237 107 41 96 61 190 94 229 6338 123 1239 72 151 203 324 324 84 1363 259 200
leaf_count=576 70 83 312 136 56 102 67 190 67 70 237 107 41 96 61 190 94 229 6338 123 1239 72 151 203 324 324 84 1363 259 200
internal_value=0.00013368 -0.000411829 -0.00108584 0.00981894 0.0125772 0.00791016 0.0262097 0.00205656 0.00673339 0.00828488 0.000986842 -0.0132022 0.0100358 0.0125628 -0.00089911 -0.0114162 -0.0182456 -0.000574764 -0.00204051 -0.0134118 0.00164798 -0.000255102 0.0025675 0.000584393 -0.00871849 0.00240345 0.00409953 0.00293682 0.00142622 0.00361253
internal_weight=13464 12747 11649 717 647 511 123 388 1098 1031 455 177 278 198 11566 345 284 11221 6762 424 4459 195 4147 2908 475 2433 2109 2025 1822 1563
internal_count=13464 12747 11649 717 647 511 123 388 1098 1031 455 177 278 198 11566 345 284 11221 6762 424 4459 195 4147 2908 475 2433 2109 2025 1822 1563
is_linear=0
shrinkage=0.05


Tree=105
num_leaves=31
num_cat=0
split_feature=7 8 7 15 7 6 7 15 7 8 3 10 10 15 8 12 7 10 12 7 10 1 15 6 15 1 8 15 1 15
split_gain=40.4325 39.4106 28.4442 28.0759 22.2703 20.5166 34.5105 32.0483 31.7908 28.5134 27.7362 24.2235 20.6946 19.7036 48.8431 25.1459 22.168 18.3077 19.187 19.691 18.0497 16.3794 16.1407 15.322 19.0161 14.8555 14.6269 26.2063 14.4193 15.3082
threshold=6.5000000000000009 5.5000000000000009 22.500000000000004 1.0000000180025095e-35 4.5000000000000009 242.50000000000003 13.500000000000002 2440.3750000000005 20.500000000000004 5.5000000000000009 9.0513157894736871 0.022575936829235418 -0.18492532721306487 2209.1250000000005 1.0000000180025095e-35 0.27074174196563189 2.5000000000000004 -0.75015329512557194 -0.78326178756187226 3.5000000000000004 0.97314989601849466 20.341200657894742 1994.1250000000002 648.02631578947387 1895.1250000000002 20.517489035087724 4.5000000000000009 2740.1250000000005 29.002604166666668 2987.1250000000005
decision_type=2 2 2 10 2 2 2 10 2 2 2 2 2 10 2 2 2 2 2 2 2 2 10 2 10 2 2 10 2 10
left_child=1 13 3 -2 -3 6 9 -8 10 11 28 12 -5 14 16 22 25 18 -15 -20 -19 23 -16 24 -7 -1 27 -25 29 -9
right_child=2 4 -4 5 -6 21 7 8 -10 -11 -12 -13 -14 17 15 -17 -18 20 19 -21 -22 -23 -24 26 -26 -27 -28 -29 -30 -31
leaf_value=-2.2734235886764793 10.901839962684448 -0.63868231938546394 -0.70396064977260275 1.297456380192034 -2.7230893055644745 4.0010311788688968 0.75091634428570164 0.34820808687452431 -1.1107948477698073 -0.9135908856709648 1.3065840809638531 2.7139715440991949 -3.7784807304979839 -8.4285954270781769 0.41931060258275465 1.1890210160416417 0.047161022902992046 -1.1216173369618219 -0.86638419849964521 1.2460004277635564 1.541075114280011 0.41643467774301829 -0.38781124158934976 7.9346676035565906 -0.22373383275496508 -1.6715747036367248 -4.3324385514004238 -1.6084200319199227 3.0791630774905343 -0.33573391825693766
leaf_weight=176 92 402 574 461 158 44 993 915 427 165 233 532 80 47 475 486 138 1047 68 257 88 1482 500 43 1632 61 145 281 67 1355
leaf_count=176 92 402 574 461 158 44 993 915 427 165 233 532 80 47 475 486 138 1047 68 257 88 1482 500 43 1632 61 145 281 67 1355
internal_value=0.000327747 -0.00395748 0.00208465 0.00277716 -0.016221 0.00248984 0.00449417 0.00223002 -0.000350233 0.0117837 0.00175029 0.0147579 0.00728782 -0.00189892 0.00157866 0.00571135 -0.0144947 -0.00613395 0.00348525 0.00782209 -0.00928697 -0.000399669 0.00107582 -0.00319199 -0.000954085 -0.0237395 -0.0111702 -0.00523077 0.000106929 -0.000572435
internal_weight=13424 3903 9521 8947 560 8855 5228 3990 2997 1238 2570 1073 541 3343 1836 1461 375 1507 372 325 1135 3627 975 2145 1676 237 469 324 2337 2270
internal_count=13424 3903 9521 8947 560 8855 5228 3990 2997 1238 2570 1073 541 3343 1836 1461 375 1507 372 325 1135 3627 975 2145 1676 237 469 324 2337 2270
is_linear=0
shrinkage=0.05


Tree=106
num_leaves=31
num_cat=0
split_feature=15 1 15 8 11 1 1 3 15 10 10 6 15 10 10 8 11 6 6 13 6 6 13 13 11 10 8 6 10 15
split_gain=35.4762 19.8631 21.2456 27.3292 23.0552 54.8602 23.6917 31.3599 23.3009 24.5849 27.5139 19.5453 23.674 18.8304 17.4398 16.6444 16.0046 15.6041 15.4162 15.2366 13.536 13.2637 13.2836 27.063 16.0175 12.9458 12.51 29.9835 19.8454 26.5636
threshold=1682.1250000000002 7.4657346491228092 3805.8750000000005 3.5000000000000004 0.88917497572200743 10.949259868421054 11.602028508771932 3.3565789473684222 3117.3750000000005 0.98213580174693105 0.97508442350096236 0.51315789473684215 3805.8750000000005 -0.54220184589352438 -0.32614396506100213 1.0000000180025095e-35 0.28313308994381592 162.30263157894743 189.61842105263165 0.34841000145353967 175.90789473684217 8.7236842105263186 -0.42180510190895731 -0.074115882986646633 0.41202506375868281 0.82899317702918729 4.5000000000000009 68.539473684210535 -0.814291907305839 2730.8750000000005
decision_type=8 2 8 2 2 2 2 2 10 2 2 2 10 2 2 2 2 2 2 2 2 2 2 2 2 2 2 2 2 10
left_child=-1 13 4 11 6 -6 -3 8 9 10 26 -4 -13 -2 -5 -14 -10 -11 -18 20 -17 22 24 -24 -9 -20 27 -8 -29 -30
right_child=1 2 3 14 5 -7 7 21 16 17 -12 12 15 -15 -16 19 18 -19 25 -21 -22 -23 23 -25 -26 -27 -28 28 29 -31
leaf_value=-1.8324983562209696 2.6608683380002049 0.34346440751073715 -1.9230461052215446 -3.5356714660118316 -1.231776743531225 4.2717268088777933 0.05678315860575367 -1.2061344782607706 -0.80945835166489821 0.13576071571815759 8.5240885420412269 13.916346189574279 6.4692269636753288 0.401818340859802 0.28805977537466559 1.1507778485591871 1.7821085063065085 -4.0878038099544032 -2.1168056808388429 1.4962108832191234 -1.9645576327140704 0.14681540133415183 0.55283014278502385 -0.80939678424767303 -4.398136218507176 0.89481047748446374 -0.06071654299190641 4.8055144477624028 7.0711540611489454 0.47865219170658979
leaf_weight=204 45 1935 54 55 896 103 1889 630 1589 46 43 46 124 1130 118 54 224 70 123 297 82 286 236 190 90 76 1891 147 154 596
leaf_count=204 45 1935 54 55 896 103 1889 630 1589 46 43 46 124 1130 118 54 224 70 123 297 82 286 236 190 90 76 1891 147 154 596
internal_value=0.000152712 0.000472769 -0.000132835 0.00758123 -0.000704414 -0.00795 4.89428e-06 -0.00115928 0.000248211 0.00212942 0.00269011 0.012234 0.0148179 0.00667517 -0.0100575 0.0119176 -0.00427223 -0.0205128 0.00436321 0.00725806 -0.00656934 -0.00788555 -0.0102877 -0.00327869 -0.0144244 -0.00575 0.00231937 0.00444923 0.011971 0.00865513
internal_weight=13423 13219 12044 830 11214 999 10215 8280 6848 4836 4720 657 603 1175 173 557 2012 116 423 433 136 1432 1146 426 720 199 4677 2786 897 750
internal_count=13423 13219 12044 830 11214 999 10215 8280 6848 4836 4720 657 603 1175 173 557 2012 116 423 433 136 1432 1146 426 720 199 4677 2786 897 750
is_linear=0
shrinkage=0.05


Tree=107
num_leaves=31
num_cat=0
split_feature=10 10 10 10 1 11 15 6 8 15 1 1 7 15 14 8 15 8 15 10 7 11 0 1 1 15 0 14 6 11
split_gain=26.0787 23.8568 31.1495 23.0172 20.3056 21.7206 19.9704 26.2665 22.6008 21.784 18.6857 17.5557 16.3855 15.8919 41.0268 29.3348 26.8036 24.4224 18.0464 15.8482 15.773 15.2833 24.8293 21.1512 18.579 15.3289 22.6868 22.8864 15.2379 15.0746
threshold=0.83849049182116964 0.99818282439137029 0.9962888416657264 0.91939013254733981 11.524287280701754 0.097680735332368748 3950.8750000000005 2.0131578947368429 3.5000000000000004 3950.8750000000005 7.3837993421052639 12.224424342105268 6.5000000000000009 3254.3750000000005 3124.8750000000005 4.5000000000000009 3068.3750000000005 1.0000000180025095e-35 2968.6250000000005 -0.54220184589352438 18.500000000000004 0.88917497572200743 10.082894736842109 9.0858552631578977 10.709375000000003 1775.8750000000002 16.077631578947372 1905.8750000000002 500.85526315789485 0.36447543099728863
decision_type=2 2 2 2 2 2 8 2 2 10 2 2 2 10 10 2 10 2 10 2 2 2 2 2 2 10 2 10 2 2
left_child=6 2 3 -2 5 -5 10 -8 9 -9 19 -6 -13 14 21 18 -17 -15 -16 -1 -19 25 23 -23 -24 26 27 -12 -14 -20
right_child=1 -3 -4 4 11 -7 7 8 -10 -11 13 12 28 17 15 16 -18 20 29 -21 -22 22 24 -25 -26 -27 -28 -29 -30 -31
leaf_value=2.2089593950292001 -0.92008566580352635 0.67154379680628162 -4.1799891341558348 -2.2450785796881347 -3.012617593330015 1.9245217520629241 -2.3429061032455025 12.82827467635666 -1.1809374717159244 1.4441269688151692 -2.3577702647094156 -1.2003027508253468 0.56009289808134788 0.87322491903992161 7.7368212379638637 0.49310637264886736 -3.439760447754725 -0.57760337015074581 0.65873051064151023 0.39568131189100769 -1.9585272508022855 -0.3051004217235459 -0.99860236870047181 -2.1392302721719147 2.5810766371869307 0.026469669513664942 0.64825292094369624 -0.1957851185086156 -1.389556519830319 2.6293075411906672
leaf_weight=44 779 268 119 72 203 274 60 51 109 362 109 248 466 369 147 545 61 1648 318 1032 112 314 113 267 60 4912 81 79 160 134
leaf_count=44 779 268 119 72 203 274 60 51 109 362 109 248 466 369 147 545 61 1648 318 1032 112 314 113 267 60 4912 81 79 160 134
internal_value=-0.000295924 -0.00480695 -0.00643842 -0.00508398 -0.00129916 0.0092219 0.000773243 0.00977702 0.0133843 0.0187198 0.000265803 -0.0046846 -0.0016 -0.000458468 0.000672175 0.0090796 0.00131796 -0.00424883 0.0169167 0.00649954 -0.00670074 -0.00103605 -0.00768212 -0.0126289 0.00890805 -6.75415e-05 -0.0116667 -0.021164 0.00271132 0.0119205
internal_weight=13516 2589 2321 2202 1423 346 10927 582 522 413 10345 1077 874 9269 7140 1205 606 2129 599 1076 1760 5935 754 581 173 5181 269 188 626 452
internal_count=13516 2589 2321 2202 1423 346 10927 582 522 413 10345 1077 874 9269 7140 1205 606 2129 599 1076 1760 5935 754 581 173 5181 269 188 626 452
is_linear=0
shrinkage=0.05


Tree=108
num_leaves=31
num_cat=0
split_feature=15 12 14 15 10 10 0 14 11 10 10 10 12 0 11 10 4 3 15 15 14 15 11 7 15 14 11 14 14 14
split_gain=30.9747 25.2171 20.8227 18.7324 14.5992 23.8613 19.1405 17.5296 21.3191 17.3588 59.7992 39.693 24.7918 15.6676 15.3708 19.3082 15.1576 14.5114 14.3383 13.6903 12.7397 21.3888 25.9108 15.1884 13.1059 18.0349 16.7548 17.0512 12.6637 12.6231
threshold=1682.1250000000002 -0.9998468409516591 3949.7500000000005 2779.2500000000005 0.84313847884979054 0.91939013254733981 8.5039473684210538 2093.8750000000005 -0.18493013702746822 0.022575936829235418 -0.2270106897347694 0.17646842360078763 0.31596169403973995 6.2197368421052639 -0.048362832084465616 0.95752911693909493 0.95204743767313071 3.751315789473685 3578.6250000000005 2104.5000000000005 2335.8750000000005 2202.0000000000005 -0.68432604233786842 2.5000000000000004 2959.1250000000005 2952.3750000000005 0.50370931781787065 3236.7500000000005 1932.1250000000002 3466.2500000000005
decision_type=8 2 10 10 2 2 2 10 2 2 2 2 2 2 2 2 2 2 10 10 10 8 2 2 10 10 2 10 10 10
left_child=28 -2 4 -4 9 -6 -7 8 17 10 13 -11 16 -3 15 -9 -12 -8 -5 -16 21 22 -15 -23 25 -22 27 -27 -1 -13
right_child=1 2 3 18 5 6 7 14 -10 11 12 29 -14 20 19 -17 -18 -19 -20 -21 24 23 -24 -25 -26 26 -28 -29 -30 -31
leaf_value=-2.0453048156327043 -1.5208678536436311 1.0703749823308613 13.333120462025683 -2.1307571368578695 -0.86713386883543542 1.7200898975936525 0.72086797982996709 0.74332113150849188 -2.3006391949122817 2.5860110856654503 -1.5798479260773322 0.19722242058057873 -8.0124359313140996 1.6045093601411282 2.6442781472481216 -1.533123782590792 3.0370595332674615 -1.4536671854759504 1.1847343364451264 0.36053142067383992 0.17444875499577395 -2.7283182502131469 -0.022167579327043541 -0.64170086957079775 -0.051356014692555622 0.49122525759801194 -0.020332167315200423 3.5336886059241355 0.13480535653260403 -0.43754854065946347
leaf_weight=170 67 149 65 61 711 183 104 143 258 469 656 2741 73 87 58 329 58 46 318 634 1140 125 940 648 2018 228 163 188 53 571
leaf_count=170 67 149 65 61 711 183 104 143 258 469 656 2741 73 87 58 329 58 46 318 634 1140 125 940 648 2018 228 163 188 53 571
internal_value=-8.91862e-05 0.000222944 0.000379795 0.0110112 7.86102e-06 -0.00344548 -0.000313212 -0.0020979 -0.0110024 0.000838615 -0.000733704 0.00352988 -0.0136421 0.00105504 0.00103004 -0.00591966 -0.0107692 0.00397351 0.00671053 0.00577201 0.000622969 -0.00283176 0.00189689 -0.00910853 0.00228732 0.00549419 0.0126724 0.0179856 -0.0185268 0.00159976
internal_weight=13454 13231 13164 444 12720 2466 1755 1572 408 10254 6473 3781 787 5686 1164 472 714 150 379 692 5537 1800 1027 773 3737 1719 579 416 223 3312
internal_count=13454 13231 13164 444 12720 2466 1755 1572 408 10254 6473 3781 787 5686 1164 472 714 150 379 692 5537 1800 1027 773 3737 1719 579 416 223 3312
is_linear=0
shrinkage=0.05


Tree=109
num_leaves=31
num_cat=0
split_feature=15 1 10 15 11 11 1 7 10 10 10 1 6 11 7 8 7 15 10 1 15 1 10 11 15 6 15 1 1 11
split_gain=27.0598 22.4822 32.1669 35.7111 20.8195 19.1976 17.5213 17.4602 23.4151 17.6626 15.6309 15.5954 14.8673 14.9739 15.3455 14.8145 13.8948 14.1742 13.1543 15.668 15.9582 13.1008 15.535 23.1916 11.2444 11.0911 10.9533 10.1847 20.2454 20.212
threshold=1664.6250000000002 25.80183662280702 -0.82415615971448097 2177.1250000000005 -0.97315270831292444 -0.99864786094873803 3.5949013157894742 13.500000000000002 -0.54939360607974019 -0.44504625642270151 -0.15101209918632377 23.534649122807021 662.75000000000011 0.99981043035926087 13.500000000000002 1.5000000000000002 21.500000000000004 3117.3750000000005 0.59868201182722736 16.544353070175443 3326.1250000000005 7.4657346491228092 0.75014288946266361 0.83730377313544024 3578.6250000000005 2.4605263157894739 3897.1250000000005 24.183634868421056 20.341200657894742 -0.84774213365954088
decision_type=8 2 2 10 2 2 2 2 2 2 2 2 2 2 2 2 2 10 2 2 10 2 2 2 10 2 10 2 2 2
left_child=-1 4 25 -4 10 24 -6 8 15 -10 11 -2 13 21 -15 -7 17 -9 -14 20 -20 22 23 -8 -5 -3 27 28 29 -23
right_child=1 2 3 5 6 7 12 16 9 -11 -12 -13 18 14 -16 -17 -18 -19 19 -21 -22 26 -24 -25 -26 -27 -28 -29 -30 -31
leaf_value=-1.5920807068684781 -8.0127375196657677 0.71008661625443215 2.1147175948698873 0.63188280561405463 12.541183601361173 -4.16208700842376 2.1103520714765298 1.9053073289203213 2.1183402046000084 -0.62359713593059496 -0.23326120733589734 -3.2174522154726448 -0.1249299653444723 -5.1720667748498501 0.24820639084268806 -0.71756021399162373 -1.1327285411576327 0.0023977314235708036 -0.57185617480278095 -4.4254134844684021 -5.7161709495436872 -3.6655104304742738 -1.9678854537798545 0.35123645914088686 7.439732453743682 6.3957721052767971 1.2686446731703769 -0.51797907658262832 0.52578132578018999 -0.087964684875606741
leaf_weight=155 56 60 282 61 52 71 107 196 71 275 102 55 355 55 41 204 92 230 244 100 40 43 90 845 46 83 302 281 1273 7504
leaf_count=155 56 60 282 61 52 71 107 196 71 275 102 55 355 55 41 204 92 230 244 100 40 43 90 845 46 83 302 281 1273 7504
internal_value=-0.00013087 0.00011349 0.0055323 0.00340092 -0.000671228 -0.000240577 -0.000379423 -0.00214912 -0.00779743 0.000864553 -0.0161215 -0.0290179 -0.000514139 -3.32005e-05 -0.0195876 -0.0186594 0.00462428 0.00843091 -0.00736486 -0.0137662 -0.0077193 0.000148382 0.005465 0.00734523 0.0199074 0.028125 -0.000441302 -0.000752582 -0.000453463 -0.00143747
internal_weight=13371 13216 1671 1528 11545 1246 11332 1139 621 346 213 111 11280 10541 96 275 518 426 739 384 284 10445 1042 952 107 143 9403 9101 8820 7547
internal_count=13371 13216 1671 1528 11545 1246 11332 1139 621 346 213 111 11280 10541 96 275 518 426 739 384 284 10445 1042 952 107 143 9403 9101 8820 7547
is_linear=0
shrinkage=0.05


Tree=110
num_leaves=31
num_cat=0
split_feature=14 15 7 15 15 1 1 14 9 12 12 2 1 0 6 13 12 12 13 12 12 14 6 0 15 12 0 12 14 6
split_gain=25.1582 22.0402 21.4907 27.9217 26.653 23.3096 19.4564 17.7764 17.5593 16.42 15.2364 12.0742 12.058 11.4868 11.7066 15.1664 11.5331 23.2167 18.8603 17.7594 19.9593 21.4653 19.3734 30.6763 14.8093 14.6226 13.54 12.7434 11.9752 13.156
threshold=1932.1250000000002 1682.1250000000002 21.500000000000004 1.0000000180025095e-35 2340.1250000000005 4.8951206140350889 25.369106359649127 4135.2500000000009 1.0000000180025095e-35 0.43152950955792641 -0.9998468409516591 6.9013157894736858 11.909402412280704 3.9842105263157901 807.51315789473699 0.2332836900311728 -0.66528308454101848 -0.71504042705586657 0.59004310983071195 -0.159513159777915 -0.37447172655954952 3455.1250000000005 268.40789473684214 12.867105263157898 3620.3750000000005 -0.75015329512557194 6.2197368421052639 -0.64660957966595745 3790.7500000000005 126.90789473684212
decision_type=10 10 2 10 8 2 2 8 2 2 2 2 2 2 2 2 2 2 2 2 2 10 2 2 10 2 2 2 10 2
left_child=1 -1 3 11 6 9 12 10 -3 -5 -7 -2 -4 -12 16 -16 17 18 24 20 27 22 23 -22 26 -20 -15 -18 -21 -30
right_child=2 8 4 5 -6 7 -8 -9 -10 -11 13 -13 -14 14 15 -17 19 -19 25 28 21 -23 -24 -25 -26 -27 -28 -29 29 -31
leaf_value=-1.9194254281114924 1.8188299759654685 -0.16475038053117716 0.30812507949434575 8.8694042479893369 -1.6054653609550997 -1.6350106740584351 2.8567133851830024 2.2891797123815651 -2.7548595121519384 -0.025689545286513751 -1.4819532901926267 12.251745362849432 -0.62967937848333122 1.7590848778973509 -2.1709053234215729 -0.057353998371650054 -2.1675595725572294 1.771171773418837 -1.6756485268718053 0.16086420558521014 -1.8271782567556558 -3.5479183525593498 -2.2868385523829602 0.58023702379334741 4.1896114277055068 0.27395657714891969 0.23785675522865404 0.16504935241175644 0.48989204445782664 -1.8019269508962226
leaf_weight=177 40 1114 240 90 318 62 55 128 81 53 86 54 341 55 150 264 83 234 158 5236 211 63 162 256 84 115 2066 976 174 242
leaf_count=177 40 1114 240 90 318 62 55 128 81 53 86 54 341 55 150 264 83 234 158 5236 211 63 162 256 84 115 2066 976 174 242
internal_value=7.47999e-05 -0.00633649 0.000808535 0.00143077 -0.00638743 0.00119646 -0.000470958 0.000930039 -0.00388796 0.0211806 0.000707061 0.0284211 -0.00317869 0.000852487 0.0010019 -0.00722892 0.00133946 0.00412827 0.0027027 0.000317396 -0.00408105 -0.0106782 -0.00785714 -0.00267094 0.00423844 -0.00967153 0.00341659 0.000235849 0.00168052 -0.00647482
internal_weight=13368 1372 11996 11042 954 10948 636 10805 1195 143 10677 94 581 10615 10529 414 10115 2712 2478 7403 1751 692 629 467 2205 273 2121 1059 5652 416
internal_count=13368 1372 11996 11042 954 10948 636 10805 1195 143 10677 94 581 10615 10529 414 10115 2712 2478 7403 1751 692 629 467 2205 273 2121 1059 5652 416
is_linear=0
shrinkage=0.05


Tree=111
num_leaves=31
num_cat=0
split_feature=8 15 7 7 1 9 8 11 11 10 10 7 8 10 7 14 7 7 8 15 14 7 1 7 8 14 13 11 13 7
split_gain=26.8573 43.6654 33.0818 30.6925 28.8378 33.6918 25.5127 24.6365 40.5487 24.4466 33.7323 24.4438 30.3651 24.2367 19.4069 24.2313 19.2422 22.3602 38.6016 29.0125 47.0047 21.0706 20.3961 19.1982 17.3515 16.3245 34.7428 16.3424 15.6607 15.517
threshold=4.5000000000000009 3068.3750000000005 16.500000000000004 2.5000000000000004 25.80183662280702 1.0000000180025095e-35 5.5000000000000009 -0.59177783207548873 -0.57782411410281842 -0.83377653105606597 -0.38242426011641079 19.500000000000004 5.5000000000000009 0.12545942051955489 15.500000000000002 2281.1250000000005 18.500000000000004 2.5000000000000004 1.0000000180025095e-35 2987.1250000000005 3277.1250000000005 10.500000000000002 9.4904331140350902 7.5000000000000009 5.5000000000000009 3336.2500000000005 -0.28725831407847041 0.99138911339924218 0.51849435583340198 5.5000000000000009
decision_type=2 8 2 2 2 2 2 2 2 2 2 2 2 2 2 10 2 2 2 10 10 2 2 2 2 10 2 2 2 2
left_child=4 2 3 6 5 7 -2 13 -9 -6 -11 -4 -13 -1 28 -16 17 18 -10 20 29 22 -21 24 -5 26 -23 -28 -7 -19
right_child=1 -3 11 23 9 14 -8 8 16 10 -12 12 -14 -15 15 -17 -18 19 -20 21 -22 25 -24 -25 -26 -27 27 -29 -30 -31
leaf_value=-2.5010792288899442 1.6141820988124664 -3.9950330857653173 1.0903988065005024 -0.55433228341262297 6.112650345795851 -7.6891433819949615 -0.51032548408157374 5.7262453587043529 -1.8780945428453266 -0.1068365177314945 2.7395593546999866 -0.79995104839317721 0.65167574838376374 -0.0766454671285942 -4.0714670640345956 2.4341783343902308 -0.23490589739969892 0.28493153510692082 0.016993590171233565 2.0507018253483014 13.165731678858061 -0.23377764950676011 0.2833431869680112 -0.5125478293349488 -1.5224218495341633 -0.69814474650586367 3.9820100024410068 -3.2832925660939964 -2.2384238570082062 3.0936506789663101
leaf_weight=423 236 118 415 386 78 82 238 60 167 559 508 332 317 1001 43 62 1363 815 676 313 83 779 964 1385 402 961 175 49 146 355
leaf_count=423 236 118 415 386 78 82 238 60 167 559 508 332 317 1001 43 62 1363 815 676 313 83 779 964 1385 402 961 175 49 146 355
internal_value=-0.000255707 -0.00379896 -0.00284213 -0.00583459 0.00114871 0.000146748 0.00568421 0.000781918 0.00204112 0.00859511 0.00660112 0.00460094 -0.00146154 -0.00519298 -0.0154192 0.00235849 0.00167139 0.00302548 -0.00444313 0.00442714 0.0108852 0.00192782 0.00692488 -0.00834867 -0.0145754 -0.00132316 0.00313745 0.0204444 -0.0235808 0.00828352
internal_weight=13491 3829 3711 2647 9662 8517 474 8184 6760 1145 1067 1064 649 1424 333 105 6700 5337 843 4494 1253 3241 1277 2173 788 1964 1003 224 228 1170
internal_count=13491 3829 3711 2647 9662 8517 474 8184 6760 1145 1067 1064 649 1424 333 105 6700 5337 843 4494 1253 3241 1277 2173 788 1964 1003 224 228 1170
is_linear=0
shrinkage=0.05


Tree=112
num_leaves=31
num_cat=0
split_feature=14 14 10 6 10 10 10 12 10 10 10 1 10 1 12 0 1 10 7 10 10 10 14 0 12 12 1 11 1 7
split_gain=23.6389 17.299 14.9576 17.2241 15.3755 38.8464 30.3538 28.7092 16.6898 15.4114 28.8689 15.934 18.0418 57.0097 14.8005 24.0262 23.3544 19.1735 14.0511 12.8647 25.328 12.2428 11.8118 12.7298 11.7158 18.9836 11.8043 26.116 17.5345 11.3316
threshold=4265.8750000000009 1813.1250000000002 0.62587949062545845 820.36842105263179 0.022575936829235418 -0.21861968191509915 0.24372619187392155 0.31596169403973995 0.30983042691905771 -0.38242426011641079 -0.46038400545438724 11.428618421052633 -0.59176244063315286 29.269572368421056 0.23746817830764474 7.9052631578947379 6.597807017543861 0.039769539193789977 3.5000000000000004 0.99818282439137029 0.9962888416657264 -0.35846811432664222 3186.3750000000005 12.182894736842107 0.99898004730802425 0.99463153969809781 19.792955043859653 -0.19337245081799007 22.254413377192986 17.500000000000004
decision_type=10 10 2 2 2 2 2 2 2 2 2 2 2 2 2 2 2 2 2 2 2 2 10 2 2 2 2 2 2 2
left_child=1 -1 4 19 5 9 14 -7 18 10 11 -3 22 -14 17 16 -16 -6 -8 20 -4 -11 24 -24 25 26 27 -13 -28 -21
right_child=-2 2 3 -5 6 7 8 -9 -10 21 -12 12 13 -15 15 -17 -18 -19 -20 29 -22 -23 23 -25 -26 -27 28 -29 -30 -31
leaf_value=-0.71504232248875044 5.4027784245517525 0.97469934429198024 -0.15094360481547825 -4.1405544274028898 11.99249379168457 -0.95955685407607805 0.99385279570581142 -7.5382963700983625 0.26570346586074722 2.8908125939073672 -1.0023439192886598 -4.0575382041049926 -1.8185962950647365 2.2948858460461223 3.6670558255368864 7.4447178526027189 -1.557951897317571 0.25354214478001041 -1.5620407443277202 2.0883896039972685 -3.7394910089760121 0.83220154607745378 -1.4427667538140214 0.75594078238078743 1.8119953739022436 -1.601481036870132 1.0394721206370947 -0.088345028441335682 0.03612199486098007 -1.6563564507501043
leaf_weight=701 51 567 3174 100 48 666 45 74 1539 102 363 64 324 77 124 122 43 356 198 174 110 627 44 1014 104 111 212 1379 838 67
leaf_count=701 51 567 3174 100 48 666 45 74 1539 102 363 64 324 77 124 122 43 356 198 174 110 627 44 1014 104 111 212 1379 838 67
internal_value=7.45212e-06 -0.000123429 0.000299992 -0.00241313 0.00138797 0.000121821 0.00474556 -0.0106613 0.00128996 0.00149305 0.000519812 0.00156283 0.000491843 -0.00957711 0.0136167 0.0222414 0.00982143 0.00740741 -0.0108607 -0.00182927 -0.0026484 0.00828767 0.00156623 0.00604344 -0.00018457 -0.00084453 6.01443e-05 -0.00287396 0.00409134 0.00929752
internal_weight=13418 13367 12666 3625 9041 6566 2475 740 1782 5826 5097 4734 4167 401 693 289 167 404 243 3525 3284 729 3766 1058 2708 2604 2493 1443 1050 241
internal_count=13418 13367 12666 3625 9041 6566 2475 740 1782 5826 5097 4734 4167 401 693 289 167 404 243 3525 3284 729 3766 1058 2708 2604 2493 1443 1050 241
is_linear=0
shrinkage=0.05


Tree=113
num_leaves=31
num_cat=0
split_feature=1 11 7 7 8 15 11 9 7 12 1 15 1 12 12 6 6 7 14 6 12 3 11 4 15 11 3 7 15 7
split_gain=21.091 23.5401 23.6225 26.9423 25.9353 22.0085 25.9503 21.9456 20.0052 35.0977 23.659 19.911 25.6162 25.194 22.4581 19.8875 18.9838 25.687 22.7671 18.6022 20.1471 17.74 17.1856 15.7297 31.5382 15.5253 19.9787 14.3372 13.2105 12.7177
threshold=25.80183662280702 -0.056951011027366626 7.5000000000000009 10.500000000000002 5.5000000000000009 2177.1250000000005 -0.57782411410281842 1.0000000180025095e-35 13.500000000000002 0.97109394436505758 29.166940789473689 3108.1250000000005 20.341200657894742 0.84660111278280559 0.31596169403973995 126.90789473684212 138.15789473684214 19.500000000000004 3432.6250000000005 23.013157894736846 0.44313197806314492 9.0513157894736871 -0.84774213365954088 2.6767036011080356 1717.3750000000002 0.99748108949426018 4.1065789473684218 9.5000000000000018 2996.6250000000005 21.500000000000004
decision_type=2 2 2 2 2 10 2 2 2 2 2 8 2 2 2 2 2 2 8 2 2 2 2 2 10 2 2 2 10 2
left_child=1 11 4 15 7 23 8 -3 9 10 -7 12 14 19 22 -4 17 21 25 -13 27 -5 -1 24 -2 26 -18 -21 -19 -10
right_child=5 2 3 16 -6 6 -8 -9 29 -11 -12 13 -14 -15 -16 -17 18 28 -20 20 -22 -23 -24 -25 -26 -27 -28 -29 -30 -31
leaf_value=-4.7127150375986675 -3.4890964518318017 0.0013012531330559797 2.057910202538733 0.43920700490122044 -1.2690502933479708 -0.38699043292822355 4.9949429216902903 -3.5430375756790458 1.1760804719993985 -2.6349036830131243 2.543099577590465 -3.972743221155429 0.27763046067173036 -4.0001260594385259 -3.7577724304292648 1.009707378517487 -0.27899511749808426 -0.032536601538868129 -1.7771525010485676 -0.22320820149694784 0.95230548624635958 1.5866878301067346 -0.27959619272617148 9.6060928120635261 1.4346715949362192 -5.016003295972542 1.9998458056765913 -1.7991030404251889 -1.6965965560677774 -0.6732985637366028
leaf_weight=46 53 2001 316 1304 345 399 114 73 483 190 111 78 1457 99 108 600 640 1124 375 286 249 199 1855 81 177 43 176 355 96 104
leaf_count=46 53 2001 316 1304 345 399 114 73 483 190 111 78 1457 99 108 600 640 1124 375 286 249 199 1855 81 177 43 176 355 96 104
internal_value=-4.8013e-05 -0.000799087 0.000959824 0.00296471 -0.00307851 0.00513719 0.00246077 -0.000963855 0.000427019 -0.00527817 0.00156556 -0.00362814 -0.00178829 -0.00959738 -0.00544776 0.010687 0.00117484 0.00350587 -0.00396761 -0.00712074 -0.00505051 0.00787899 -0.00417981 0.0171474 0.0103896 0.000523256 0.00208078 -0.0097352 -0.0018837 0.00722789
internal_weight=13537 11825 7292 4873 2419 1712 1401 2074 1287 700 510 4533 3466 1067 2009 916 3957 2723 1234 968 890 1503 1901 311 230 859 816 641 1220 587
internal_count=13537 11825 7292 4873 2419 1712 1401 2074 1287 700 510 4533 3466 1067 2009 916 3957 2723 1234 968 890 1503 1901 311 230 859 816 641 1220 587
is_linear=0
shrinkage=0.05


Tree=114
num_leaves=31
num_cat=0
split_feature=8 7 7 8 4 12 3 7 8 8 0 7 12 11 8 7 6 7 14 8 12 7 12 12 6 7 3 14 13 10
split_gain=24.1514 27.8481 28.172 29.7969 21.7603 23.0998 19.986 18.513 40.4942 29.2282 17.6571 19.1364 20.0596 21.9637 16.846 15.3459 26.3584 21.0244 15.0009 14.8686 15.931 14.6768 13.3387 15.3193 13.1394 12.7825 12.1782 12.1176 11.7129 31.5568
threshold=4.5000000000000009 16.500000000000004 2.5000000000000004 5.5000000000000009 12.491004155124662 0.93771544905322102 9.3539473684210552 2.5000000000000004 1.0000000180025095e-35 1.5000000000000002 9.7013157894736874 18.500000000000004 0.66045618230038983 0.99981043035926087 5.5000000000000009 8.5000000000000018 678.98684210526324 12.500000000000002 2849.8750000000005 5.5000000000000009 0.95752911693909493 19.500000000000004 -0.96235977360714686 -0.86976336936302323 25.684210526315791 20.500000000000004 6.582894736842106 3804.3750000000005 -0.93543596745397617 0.97696484778429815
decision_type=2 2 2 2 2 2 2 2 2 2 2 2 2 2 2 2 2 2 10 2 2 2 2 2 2 2 2 10 2 2
left_child=4 2 3 26 7 -6 14 8 -1 -10 11 12 13 -9 21 19 17 -17 -19 -4 -21 -3 -16 -24 -14 -25 -2 -26 -12 -30
right_child=1 6 15 -5 5 -7 -8 10 9 -11 28 -13 24 -15 22 16 -18 18 -20 20 -22 -23 23 25 27 -27 -28 -29 29 -31
leaf_value=-2.036937659017275 2.0727625669369218 0.36280651137458336 -0.53075009965134545 -0.58116560861092814 4.9818134289890175 -0.29611595394269447 1.2633962732763679 1.334357982796496 1.0480568770972696 -0.34008262605900086 -0.42259463243617579 -0.15904164216185565 -0.2428488792997314 -2.6083423244984036 2.448153790442257 0.84373017361203895 -2.0085744238739496 0.06635433201083743 -1.5112904360619268 -1.8819716164928537 0.1982729983148829 -0.96140116100486928 -1.0739220068672239 1.1131689091796033 4.8243052150629069 -0.12438064021962419 0.40653087111811603 -0.084542451378797526 0.071053153208276862 6.7050432880820843
leaf_weight=236 155 214 481 242 202 115 112 832 240 710 875 527 288 53 47 427 320 263 267 433 51 285 45 241 60 181 90 73 5317 45
leaf_count=236 155 214 481 242 202 115 112 832 240 710 875 527 288 53 47 427 320 263 267 433 51 285 45 241 60 181 90 73 5317 45
internal_value=-0.000212243 -0.00355383 -0.00628205 0.00461066 0.00113328 0.0139937 0.00306394 0.000691369 -0.00513901 -0.000525762 0.00154875 0.0058615 0.00910482 0.0133747 0.000838264 -0.00864913 -0.00504695 -0.000887265 -0.00753296 -0.0134058 -0.0195876 -0.0057 0.00718447 0.00459402 0.000118483 0.00756501 0.0168699 0.0130597 0.000280539 0.00115607
internal_weight=13427 3854 2729 487 9573 317 1125 9256 1186 950 8070 1833 1306 885 1013 2242 1277 957 530 965 484 499 514 467 421 422 245 133 6237 5362
internal_count=13427 3854 2729 487 9573 317 1125 9256 1186 950 8070 1833 1306 885 1013 2242 1277 957 530 965 484 499 514 467 421 422 245 133 6237 5362
is_linear=0
shrinkage=0.05


Tree=115
num_leaves=31
num_cat=0
split_feature=2 12 15 6 1 13 10 12 1 11 11 8 11 11 0 0 1 15 12 10 3 1 11 12 10 9 11 1 1 11
split_gain=21.0214 18.7606 15.3342 14.6804 13.2137 15.3809 43.7269 21.6738 16.5238 27.2219 24.9043 24.4367 18.7416 14.7553 14.1299 13.4489 13.2192 13.2138 13.1216 13.2528 13.0903 12.8835 35.9605 19.6022 26.3061 19.9963 18.434 17.8098 16.3713 24.0718
threshold=9.9171052631578966 -0.9998468409516591 1701.2500000000002 752.10526315789491 4.8951206140350889 0.90438663683299525 -0.099819732675876835 -0.35846811432664222 9.4292489035087748 0.84658398682345093 0.75438814418115718 2.5000000000000004 0.97062204580664158 0.99981043035926087 10.535526315789477 11.151315789473687 9.59934210526316 3347.1250000000005 0.99196248624718542 -0.58482361983252518 11.119736842105265 20.341200657894742 -0.83849291496497236 0.38044714639866822 -0.95244167294248061 1.0000000180025095e-35 0.2499757677084001 21.347889254385972 11.859566885964915 0.011826144619637555
decision_type=2 2 8 2 2 2 2 2 2 2 2 2 2 2 2 2 2 8 2 2 2 2 2 2 2 2 2 2 2 2
left_child=1 -1 -3 -2 -4 8 7 -7 12 10 17 -11 15 20 -12 18 -13 21 19 -6 -8 22 -10 25 -25 28 -26 -23 29 -24
right_child=3 2 4 -5 5 6 13 -9 9 11 14 16 -14 -15 -16 -17 -18 -19 -20 -21 -22 27 23 24 26 -27 -28 -29 -30 -31
leaf_value=-1.3780131966009492 2.0105465889871086 -1.1330970772846172 1.2835296177181137 0.030608427508980185 2.5060746630853661 0.27606968540704885 0.92634722236682598 -3.5789676407723281 -4.0160841166383081 1.1324875411776816 1.9629203583853041 -3.3249526834673135 6.4270104623539517 -2.4509446550363125 0.12339016747648657 -1.3756128925288751 -1.4287272305960643 -0.72183258123673122 1.027634353527435 0.12360994555619982 -1.4477376907786947 1.5484114992426272 -0.7812856629204078 -3.7647034646552813 4.0742299726760853 -2.2264840809874387 -0.59953908767167829 0.13285200489909813 0.019568612152284004 1.456202857878941
leaf_weight=80 329 264 161 324 74 80 631 314 73 136 165 65 73 82 126 189 257 1335 128 1402 115 262 116 67 53 166 703 1962 3343 350
leaf_count=80 329 264 161 324 74 80 631 314 73 136 165 65 73 82 126 189 257 1335 128 1402 115 262 116 67 53 166 703 1962 3343 350
internal_value=-0.000256964 -0.000704611 -0.000551485 0.00848624 -0.000297691 -0.000485002 -0.0058054 -0.0194937 0.00010411 -0.000767974 -0.000143316 -0.0126362 0.00439207 0.000723764 0.0142123 0.00337235 -0.0201238 -0.000640493 0.00485981 0.00352065 0.00294511 0.000218433 -0.00122126 -0.000687643 -0.00770631 0.000767103 -0.00501982 0.00337079 0.00150919 0.0102784
internal_weight=13425 12772 12692 653 12428 12267 1222 394 11045 9179 8721 458 1866 828 291 1793 322 8430 1604 1476 746 7095 4871 4798 823 3975 756 2224 3809 466
internal_count=13425 12772 12692 653 12428 12267 1222 394 11045 9179 8721 458 1866 828 291 1793 322 8430 1604 1476 746 7095 4871 4798 823 3975 756 2224 3809 466
is_linear=0
shrinkage=0.05


Tree=116
num_leaves=31
num_cat=0
split_feature=7 8 15 8 10 7 8 15 1 7 15 7 15 8 14 7 15 11 0 7 10 0 15 1 8 14 11 10 8 11
split_gain=18.1197 26.6513 25.532 44.8359 26.1194 21.7917 36.4734 28.4058 22.8127 21.5804 20.5095 23.2365 29.8257 26.5404 56.8893 35.5895 20.9396 19.1375 18.9255 17.7607 17.2233 16.9355 16.3708 16.3163 24.6403 15.7038 15.6335 14.5771 14.2634 18.7176
threshold=6.5000000000000009 5.5000000000000009 2209.1250000000005 1.0000000180025095e-35 -0.75015329512557194 10.500000000000002 4.5000000000000009 2809.8750000000005 12.574013157894738 3.5000000000000004 2949.5000000000005 21.500000000000004 2286.6250000000005 4.5000000000000009 3261.6250000000005 15.500000000000002 2340.1250000000005 0.44312301391210612 20.50131578947369 2.5000000000000004 -0.98214942551678475 18.048684210526321 1967.8750000000002 8.6816885964912291 1.0000000180025095e-35 2970.7500000000005 -0.99465740988130902 0.97314989601849466 3.5000000000000004 -0.84774213365954088
decision_type=2 2 10 2 2 2 2 10 2 2 10 2 8 2 10 2 10 2 2 2 2 2 10 2 2 10 2 2 2 2
left_child=1 2 3 19 17 6 7 -2 -9 -3 11 13 18 14 16 -15 -7 -4 -13 -1 -8 22 -5 24 -12 -18 -25 -6 -28 -30
right_child=5 9 4 21 27 10 20 8 -10 -11 23 12 -14 15 -16 -17 25 -19 -20 -21 -22 -23 -24 26 -26 -27 28 -29 29 -31
leaf_value=-1.745618480866483 10.475729453705084 -0.4394967698932874 0.75277059656898482 0.82017751359077806 -1.0443606094752114 2.7579588075073618 2.9002185621792367 1.8822242140579419 0.22635394051029609 -1.7829668163645067 4.3230992391334668 -0.042993779133939827 -1.4584316988847605 -0.9810802325957525 11.114586729170355 0.47149959543999104 0.046831541711617325 -8.831147064527034 2.3245102612388338 0.12771888735813947 -0.7074076655813315 1.4603412257514039 -0.0023782766095337138 5.8876995099648868 -0.01218398085492254 2.2052169479684154 -0.32334839838907786 0.74455064123576453 -3.1573300251117189 -0.74561345447157246
leaf_weight=244 132 311 308 462 1051 173 40 562 880 248 112 668 368 772 101 859 867 42 69 142 616 229 810 77 358 151 2106 89 101 464
leaf_count=244 132 311 308 462 1051 173 40 562 880 248 112 668 368 772 101 859 867 42 69 142 616 229 810 77 358 151 2106 89 101 464
internal_value=-0.000171475 -0.00302261 -0.00134695 0.00251589 -0.00623742 0.00101298 0.00533393 0.00946032 0.00741511 -0.013125 -0.000317373 0.00206006 -0.00411392 0.00439466 0.00974478 0.000153186 0.00666946 0.00569801 0.00169377 -0.0126615 -0.00456621 0.00642477 0.00416339 -0.00329295 0.00530786 0.00392542 -0.00476537 -0.00990359 -0.00540793 -0.0124558
internal_weight=13412 3936 3377 1887 1490 9476 2230 1574 1442 559 7246 4028 1105 2923 1292 1631 1191 350 737 386 656 1501 1272 3218 470 1018 2748 1140 2671 565
internal_count=13412 3936 3377 1887 1490 9476 2230 1574 1442 559 7246 4028 1105 2923 1292 1631 1191 350 737 386 656 1501 1272 3218 470 1018 2748 1140 2671 565
is_linear=0
shrinkage=0.05


Tree=117
num_leaves=31
num_cat=0
split_feature=14 2 11 11 8 7 15 1 10 0 0 10 1 1 7 7 12 1 10 10 7 10 10 15 10 8 10 10 12 12
split_gain=20.0148 14.3182 13.6091 41.6216 23.4332 19.2236 17.1607 27.3648 24.2557 24.7891 17.9147 14.7218 13.8739 18.1305 13.8544 13.822 13.4966 13.2938 18.8438 22.303 17.7628 16.8079 12.6847 16.4805 12.245 30.1799 12.8102 12.0644 21.4619 23.6074
threshold=1800.3750000000002 12.596052631578951 -0.59177783207548873 -0.49065906150552346 5.5000000000000009 11.500000000000002 2333.6250000000005 21.942077850877197 -0.099819732675876835 19.180263157894739 22.061842105263164 -0.21861968191509915 11.602028508771932 11.36436403508772 11.500000000000002 22.500000000000004 0.90892735371523092 17.096299342105269 -0.95754239937548935 -0.86976336936302323 7.5000000000000009 -0.92923668111203805 -0.31799228562170639 3700.3750000000005 -0.91597725483594616 1.0000000180025095e-35 -0.92274349529687905 -0.45274443793211405 0.067682722635586057 0.52217737485370563
decision_type=10 2 2 2 2 2 10 2 2 2 2 2 2 2 2 2 2 2 2 2 2 2 2 8 2 2 2 2 2 2
left_child=-1 2 6 4 5 -4 7 10 9 -8 -2 -11 13 27 -15 16 17 18 -14 20 -20 -22 -3 -24 26 -26 -19 -5 -29 -30
right_child=1 22 3 12 -6 -7 8 -9 -10 11 -12 -13 15 14 -16 -17 -18 24 19 -21 21 -23 23 -25 25 -27 -28 28 29 -31
leaf_value=-0.78552241422198676 -0.23411501435882087 0.33821368125570644 4.4707078674221066 0.79287651110055324 -0.59840879716119277 0.88831122752146718 -4.4841176119243986 0.62870394042417965 0.040405686923111264 -0.64955633034975335 -4.6060154915241585 -5.2997128569707463 -1.1390031637896243 2.4475135692689038 0.54468105589453442 -1.1175464153533312 1.4777480041838773 0.22890104135493061 -0.59839031616832017 -0.35975756809806403 0.28080291236519772 4.5902635255890116 0.56655008540492424 10.642904100293983 5.7871343910467203 -0.81566308380391783 2.0767734506730791 -0.47548044415607366 1.1551963092916482 -0.00065411968507760325
leaf_weight=648 376 208 195 564 60 199 61 639 974 952 53 103 438 67 86 162 46 1070 87 2017 63 109 40 51 41 334 56 1182 802 1708
leaf_count=648 376 208 195 564 60 199 61 639 974 952 53 103 438 67 86 162 46 1070 87 2017 63 109 40 51 41 334 56 1182 802 1708
internal_value=-6.34707e-05 0.000372724 0.000112495 0.00107677 0.0158242 0.0202532 -0.00272238 0.00243218 -0.00535629 -0.010385 -0.00732558 -0.00857008 0.000316993 0.00230159 0.0191558 -0.00166139 -0.0011145 -0.00141129 -0.00349908 -0.00166886 0.0121154 0.0213873 0.0111667 0.0266304 0.00236352 -0.00545213 0.00496894 0.00169133 0.000649878 0.00326563
internal_weight=13391 12743 12444 9286 454 394 3158 1068 2090 1116 429 1055 8832 4409 153 4423 4261 4215 2714 2276 259 172 299 91 1501 375 1126 4256 3692 2510
internal_count=13391 12743 12444 9286 454 394 3158 1068 2090 1116 429 1055 8832 4409 153 4423 4261 4215 2714 2276 259 172 299 91 1501 375 1126 4256 3692 2510
is_linear=0
shrinkage=0.05


Tree=118
num_leaves=31
num_cat=0
split_feature=15 7 7 7 15 8 8 7 7 3 11 8 9 7 15 8 14 7 15 15 7 8 15 7 14 15 10 15 7 8
split_gain=21.6364 14.895 16.5443 25.009 28.7962 23.3289 23.8082 22.5252 20.84 23.9076 20.2974 19.165 17.3389 25.9721 16.3495 17.2064 32.6144 17.0662 16.0382 15.6956 15.4221 14.192 28.079 13.6593 18.8235 18.1794 13.649 13.9608 23.7702 22.7668
threshold=1664.6250000000002 22.500000000000004 7.5000000000000009 10.500000000000002 2432.6250000000005 4.5000000000000009 5.5000000000000009 20.500000000000004 20.500000000000004 9.2881578947368446 0.57605713708605399 5.5000000000000009 1.0000000180025095e-35 3.5000000000000004 3135.1250000000005 4.5000000000000009 3245.7500000000005 15.500000000000002 2237.1250000000005 2779.2500000000005 4.5000000000000009 1.0000000180025095e-35 3455.1250000000005 15.500000000000002 2368.1250000000005 2122.1250000000005 0.99865421017599998 2151.8750000000005 5.5000000000000009 1.0000000180025095e-35
decision_type=8 2 2 2 10 2 2 2 2 2 2 2 2 2 10 2 10 2 8 10 2 2 10 2 10 8 2 10 2 2
left_child=-1 2 11 10 5 7 -7 -5 9 14 -4 12 26 -14 15 16 19 -17 -3 -6 -13 22 -16 24 25 -8 27 28 29 -2
right_child=1 18 3 4 8 6 23 -9 -10 -11 -12 20 13 -15 21 17 -18 -19 -20 -21 -22 -23 -24 -25 -26 -27 -28 -29 -30 -31
leaf_value=-1.2562271674032901 -0.74774164847103752 -0.10029679718682019 0.52591277820815774 7.5738758471144827 0.90368392648389317 -0.67792241986821866 -0.14879950992512933 0.64659449474231678 -0.9868154523932845 1.3092798150368026 1.6923922657381809 -0.32452715180483555 0.56663934934022109 -8.3068960762527748 -1.1925431612747162 -1.4702905704840306 4.8363854491250438 0.11997938760630406 -1.8305359640266943 -0.051139328183103322 -1.924780152762338 -0.6233540357032098 2.0002862020874885 1.0785217167902148 1.0253162140134238 -3.799025310526531 2.968782620271452 -0.19219419409257626 10.470621882933086 0.2994608981627721
leaf_weight=163 286 386 1146 141 314 419 107 401 454 227 545 316 67 66 214 300 152 509 170 834 228 1996 234 281 142 41 66 2109 46 1167
leaf_count=163 286 386 1146 141 314 419 107 401 454 227 545 316 67 66 214 300 152 509 170 834 228 1996 234 281 142 41 66 2109 46 1167
internal_value=6.28326e-05 0.000284325 0.000632368 0.00192126 0.000561549 0.00658839 0.00201816 0.0149171 -0.00120344 -0.000230077 0.00735816 -0.0018727 -0.000617122 -0.0182836 -0.00102108 0.00220379 0.0057648 -0.00351852 -0.00771993 0.00287206 -0.0106422 -0.00380368 0.00423163 0.00865385 0.00103093 -0.0114094 2.72109e-05 -0.000387919 0.0033 0.00216644
internal_weight=13527 13364 12808 8457 6766 1532 990 542 5234 4780 1691 4351 3807 133 4553 2109 1300 809 556 1148 544 2444 448 571 290 148 3674 3608 1499 1453
internal_count=13527 13364 12808 8457 6766 1532 990 542 5234 4780 1691 4351 3807 133 4553 2109 1300 809 556 1148 544 2444 448 571 290 148 3674 3608 1499 1453
is_linear=0
shrinkage=0.05


Tree=119
num_leaves=31
num_cat=0
split_feature=15 8 8 8 2 15 9 12 11 10 15 5 10 12 12 12 12 5 14 12 12 1 5 11 8 10 10 10 1 0
split_gain=17.4702 17.2106 15.7125 14.4699 20.5034 25.3311 17.9932 17.0879 20.6432 35.0753 25.8501 18.2744 17.8802 17.3104 35.8157 21.7555 19.8102 19.5043 15.3372 15.2615 51.5651 21.6398 23.1075 14.3367 19.0298 14.1141 34.3702 13.7992 35 13.2698
threshold=1682.1250000000002 1.0000000180025095e-35 5.5000000000000009 3.5000000000000004 6.676315789473688 1866.2500000000002 1.0000000180025095e-35 0.99898004730802425 0.080547328232315238 0.95998215779580554 3016.7500000000005 2.9573563019390581 0.70290292807158605 -0.96688789938088693 -0.78326178756187226 -0.61998829497903662 -0.98803388382128665 7.5667108725761771 3603.2500000000005 0.90623151893102627 0.97508442350096236 8.7560581140350902 6.3390931440443206 0.91511078773075516 4.5000000000000009 0.99818282439137029 0.98522604642031408 -0.90893996196865023 18.490049342105266 9.7013157894736874
decision_type=8 2 2 2 2 10 2 2 2 2 10 2 2 2 2 2 2 2 10 2 2 2 2 2 2 2 2 2 2 2
left_child=1 -1 -3 4 6 -6 -2 8 10 13 11 18 -9 16 17 -16 -10 -15 25 21 -21 -17 23 -23 -25 26 -5 28 -12 -8
right_child=3 2 -4 7 5 -7 29 12 9 -11 27 -13 -14 14 15 19 -18 -19 -20 20 -22 22 -24 24 -26 -27 -28 -29 -30 -31
leaf_value=-2.983722219238496 0.083903206977447561 2.8670706099088079 -0.95246031553023736 -0.14135953442887514 10.084741473200552 0.92522165556044911 -0.30030285963898112 1.9330647553559517 -0.27690384369774962 2.2302252347252991 -1.4983841549433692 -1.3925614904004591 -0.34677933637145775 -2.1057867283606129 1.1602045367175209 0.39223411290167864 2.5399228767003934 0.49032500328838752 3.6180262561494376 1.9540008038221459 -1.2386497824537288 -0.82642514425739366 -2.3458626363822419 1.9311001267951498 -0.89228556342980037 1.2524216954787619 -3.5099644479369321 -2.1318579259969965 1.6766896117042394 -4.2935967408854259
leaf_weight=47 6720 49 122 1981 43 616 122 122 110 149 49 166 40 258 204 473 133 76 84 187 118 574 169 100 94 52 79 341 56 124
leaf_count=47 6720 49 122 1981 43 616 122 122 110 149 49 166 40 258 204 473 133 76 84 187 118 574 169 100 94 52 79 341 56 124
internal_value=-0.000148599 -0.0141553 -0.00668605 8.30753e-05 0.00150144 0.00992424 0.000703316 -0.00184295 -0.0023194 0.00085034 -0.00530438 -0.00321625 0.0141104 -0.000560673 -0.0019299 0.000703125 0.0120902 -0.0170149 -0.00200273 -0.00113636 0.00898693 -0.00333097 -0.00772921 -0.00403121 0.00769231 -0.00283956 -0.00349345 -0.0163311 -0.000471698 -0.0125506
internal_weight=13458 218 171 13240 7625 659 6966 5615 5453 2645 2808 2362 162 2496 2253 1919 243 334 2196 1715 305 1410 937 768 194 2112 2060 446 105 246
internal_count=13458 218 171 13240 7625 659 6966 5615 5453 2645 2808 2362 162 2496 2253 1919 243 334 2196 1715 305 1410 937 768 194 2112 2060 446 105 246
is_linear=0
shrinkage=0.05


Tree=120
num_leaves=31
num_cat=0
split_feature=15 7 15 1 15 1 7 8 7 11 11 12 11 15 15 8 7 10 11 6 2 12 3 1 1 3 10 10 1 6
split_gain=19.8805 15.1891 24.7596 14.6755 16.9125 23.1505 28.1918 22.1924 20.509 19.9243 19.238 17.742 16.9022 15.8957 14.5387 14.1903 13.7315 13.1378 16.9649 13.0272 12.4942 12.4431 12.2479 15.6142 11.8988 11.736 11.2729 15.1831 16.2097 10.765
threshold=1682.1250000000002 21.500000000000004 2286.6250000000005 7.4657346491228092 3027.1250000000005 20.639391447368425 13.500000000000002 4.5000000000000009 18.500000000000004 0.75438814418115718 -0.8901731938066898 0.99463153969809781 -0.99465740988130902 2432.6250000000005 2279.1250000000005 5.5000000000000009 19.500000000000004 0.75014288946266361 0.83258597624099873 195.84210526315795 12.814473684210528 0.78725952717486247 3.248684210526315 8.6816885964912291 25.369106359649127 4.1065789473684218 -0.8041866928211282 -0.88622299073327826 22.111129385964919 335.18421052631589
decision_type=8 2 8 2 10 2 2 2 2 2 2 2 2 10 10 2 2 2 2 2 2 2 2 2 2 2 2 2 2 2
left_child=-1 3 24 17 5 10 11 8 9 12 -5 15 -6 -8 -13 20 -15 18 -2 22 26 -9 -11 -24 -3 -21 27 28 -7 -20
right_child=1 2 -4 4 7 6 13 21 -10 19 -12 14 -14 16 -16 -17 -18 -19 29 25 -22 -23 23 -25 -26 -27 -28 -29 -30 -31
leaf_value=-1.0060190845213186 2.28615300634101 -0.10270242150601235 -1.3456443436086376 -2.8076498787921085 6.1796701791956368 1.5798665820931548 2.6402746474335119 -6.5586342145872214 -1.159837284532 3.2087159482382503 -0.017753916060587471 0.29686459938395732 -0.33347297663723341 1.7623472165120575 -2.5083475061748235 -0.46924610695771207 -0.062868995992471352 -1.5051380238993717 0.53577036980791493 -2.3427384176145893 7.5253824828301505 -0.67600904881546742 2.4763483044982992 0.20953390223496626 2.4310509375065976 0.80039727104581293 0.15082109425718501 3.5984710357485028 -0.38965163769303218 -2.8894222284359219
leaf_weight=210 89 654 407 61 94 61 165 54 324 43 4708 41 2972 260 67 264 186 86 837 68 42 49 174 361 47 116 701 141 111 40
leaf_count=210 89 654 407 61 94 61 165 54 324 43 4708 41 2972 260 67 264 186 86 837 68 42 49 174 361 47 116 701 141 111 40
internal_value=-0.000413131 -0.000170145 -0.00577096 0.000342522 -0.000194324 0.00135115 0.00580882 -0.00266682 -0.00209487 -0.00107078 -0.000555556 0.00195941 -0.00286925 0.0147876 -0.0174312 0.00355791 0.0098434 0.00598291 0.00765253 0.0061599 0.00614948 -0.0254808 0.00984456 0.00774254 -7.12251e-05 -0.00540541 0.00502463 0.0128981 0.00289017 0.00552392
internal_weight=13433 13223 1108 12115 11063 6808 2039 4255 4152 3828 4769 1428 3066 611 108 1320 446 1052 966 762 1056 103 578 535 701 184 1014 313 172 877
internal_count=13433 13223 1108 12115 11063 6808 2039 4255 4152 3828 4769 1428 3066 611 108 1320 446 1052 966 762 1056 103 578 535 701 184 1014 313 172 877
is_linear=0
shrinkage=0.05


Tree=121
num_leaves=31
num_cat=0
split_feature=1 12 11 7 8 14 7 8 7 6 11 9 12 14 7 6 11 12 6 13 13 10 14 1 12 0 12 12 1 10
split_gain=18.9992 24.1294 20.6184 18.8008 18.5614 21.9647 17.8453 23.2191 17.9301 30.1247 15.4094 14.8204 14.3244 14.0732 14.6729 14.2459 14.003 13.2942 13.2637 19.5142 16.9577 14.4843 12.9546 12.9051 12.9922 12.7087 12.6041 16.8066 27.6613 21.6189
threshold=25.80183662280702 0.9252105435402006 -0.056951011027366626 13.500000000000002 1.0000000180025095e-35 2437.6250000000005 7.5000000000000009 5.5000000000000009 10.500000000000002 178.89473684210529 -0.082691941062253513 1.0000000180025095e-35 0.85223490906209554 3336.2500000000005 20.500000000000004 129.23684210526321 0.88917497572200743 -0.99629805505515945 815.84210526315803 0.51849435583340198 0.90438663683299525 -0.15101209918632377 2300.2500000000005 11.909402412280704 0.68589359117003446 9.0921052631578974 -0.95753797188986722 -0.7614135502316719 11.428618421052633 -0.46801505794253101
decision_type=2 2 2 2 2 10 2 2 2 2 2 2 2 10 2 2 2 2 2 2 2 2 10 2 2 2 2 2 2 2
left_child=2 4 10 -3 5 -2 7 11 9 -8 18 17 -6 14 -10 -15 23 -4 20 -20 25 -22 -18 -16 -25 -1 -19 28 29 -28
right_child=1 3 6 -5 12 -7 8 -9 13 -11 -12 -13 -14 15 16 -17 22 26 19 -21 21 -23 -24 24 -26 -27 27 -29 -30 -31
leaf_value=-2.5425372080719004 0.19243418941623533 -0.65862666894436195 -1.1398080390808332 0.65659407868042763 0.36675060602460691 9.5455429667784752 2.0999980847300663 -1.0983053865273404 0.44028409051745715 0.16153873185216983 -2.8188867124982382 -2.8435903844117321 2.5187558105513861 0.07896472797875731 0.44204159983420371 -1.3068800961490752 -0.13027213274638144 0.99040602869281436 -3.8351929089718966 0.52048387751730163 -3.8403109453746085 -0.90729952069197006 -1.3786568970417648 -0.16552006416172846 -2.9351602384556146 -0.10965570223808073 2.167693713221206 0.15798511971688642 -2.0590424943737502 -0.58079270558552032
leaf_weight=40 69 361 52 264 765 92 422 355 1941 495 116 71 148 616 338 473 131 127 186 108 66 102 141 283 40 3894 63 1546 145 48
leaf_count=40 69 361 52 264 765 92 422 355 1941 495 116 71 148 616 338 473 131 127 186 108 66 102 141 283 40 3894 63 1546 145 48
internal_value=-8.88955e-05 0.00485294 -0.000800847 -0.00295527 0.00939535 0.025 0.000843853 -0.00267857 0.00258144 0.008878 -0.00345668 -0.00063322 0.00661926 0.0011226 0.00295652 -0.0037156 -0.00219486 0.000176589 -0.0029793 -0.0132203 -0.00224226 -0.0177515 -0.0117216 0.00173716 -0.00540123 -0.0015756 0.000854922 -0.000221852 -0.0120623 0.00669643
internal_weight=13498 1699 11799 625 1074 161 7287 2407 4880 917 4512 2052 913 3963 2874 1089 933 1981 4396 294 4102 168 272 661 323 3934 1929 1802 256 111
internal_count=13498 1699 11799 625 1074 161 7287 2407 4880 917 4512 2052 913 3963 2874 1089 933 1981 4396 294 4102 168 272 661 323 3934 1929 1802 256 111
is_linear=0
shrinkage=0.05


Tree=122
num_leaves=31
num_cat=0
split_feature=7 8 15 8 13 12 15 7 14 8 15 15 14 7 15 14 8 7 14 8 14 6 15 14 7 12 11 11 13 7
split_gain=20.997 26.4909 23.5136 39.7518 25.1723 22.1885 24.7479 20.301 17.3455 17.9754 31.8454 38.3119 21.3814 19.7843 18.1187 28.9248 53.2918 21.0764 23.9281 20.2331 23.3798 16.8027 16.6975 23.461 15.4432 15.1102 16.1936 15.9893 14.7562 14.0969
threshold=6.5000000000000009 5.5000000000000009 2209.1250000000005 1.0000000180025095e-35 -0.59868927840444253 0.27074174196563189 1975.1250000000002 3.5000000000000004 4265.8750000000009 1.0000000180025095e-35 3455.1250000000005 2677.1250000000005 2706.8750000000005 20.500000000000004 3254.3750000000005 3603.2500000000005 4.5000000000000009 9.5000000000000018 2832.3750000000005 3.5000000000000004 3194.3750000000005 572.76315789473699 2151.8750000000005 2261.3750000000005 9.5000000000000018 -0.97876850416056738 -0.94426098523567992 -0.49065906150552346 -0.050510150083665391 2.5000000000000004
decision_type=2 2 8 2 2 2 10 2 10 2 8 10 10 2 10 10 2 2 10 2 10 2 10 10 2 2 2 2 2 2
left_child=1 2 3 29 -4 6 -5 28 9 10 11 13 24 -2 15 19 -17 -16 -19 20 -11 22 -21 -24 -13 -23 -27 -28 -3 -1
right_child=8 7 4 5 -6 -7 -8 -9 -10 14 -12 12 -14 -15 17 16 -18 18 -20 21 -22 25 23 -25 -26 26 27 -29 -30 -31
leaf_value=-1.7478479073241375 9.9618834153225748 -0.78333906436978396 0.25831784507286104 0.79252343246107559 -1.0284469056968875 0.97989634936757286 -0.28747337602014228 -1.9478515336776299 5.5046479738051861 0.13574202427855653 2.7357506167053205 1.1742709337460497 4.740803990115114 0.5639121952518622 0.52910588443997997 9.8534477179030091 0.25842944685477959 3.4748826040952054 -0.74066051203524241 0.47283297008555114 2.6547330652111896 -8.49389349227285 -3.0914785552025705 -0.073394006635999182 -1.278399185437695 -2.6092801902847214 0.23469279269315849 -1.6759809422890215 0.30777534145170193 0.064990364190975924
leaf_weight=238 98 165 446 427 1093 460 584 236 51 1681 388 124 48 213 728 117 255 67 1788 629 296 40 114 1916 506 76 258 176 171 139
leaf_count=238 98 165 446 427 1093 460 584 236 51 1681 388 124 48 213 728 117 255 67 1788 629 296 40 114 1916 506 76 258 176 171 139
internal_value=-0.000258704 -0.00332071 -0.00163813 0.00216333 -0.0062013 0.00587636 0.00172925 -0.0132635 0.00100836 0.00085093 0.00613208 0.00136364 -0.00530191 0.0158654 -4.2987e-05 0.00156503 0.0150134 -0.00350232 -0.00633082 0.000597648 0.00457533 -0.00185358 -0.000206767 -0.0024126 -0.00776545 -0.00980036 -0.0074364 -0.00367816 -0.00534125 -0.0123016
internal_weight=13528 3959 3387 1848 1539 1471 1011 572 9569 9518 1377 989 678 311 8141 5558 372 2583 1855 5186 1977 3209 2659 2030 630 550 510 434 336 377
internal_count=13528 3959 3387 1848 1539 1471 1011 572 9569 9518 1377 989 678 311 8141 5558 372 2583 1855 5186 1977 3209 2659 2030 630 550 510 434 336 377
is_linear=0
shrinkage=0.05


Tree=123
num_leaves=31
num_cat=0
split_feature=11 15 13 8 12 12 12 0 0 13 11 11 1 0 1 12 15 7 12 12 1 1 1 8 1 4 8 7 12 11
split_gain=18.059 18.2695 20.747 12.8718 18.2904 33.723 21.3166 18.0365 17.8069 15.2993 20.5908 19.6736 21.6038 19.4511 19.0013 16.841 16.8197 15.7676 14.0723 13.9613 16.5552 19.1967 14.1722 13.71 16.1343 14.0079 13.6731 13.5196 13.0097 12.8709
threshold=0.99981043035926087 1664.6250000000002 0.99731940924863693 2.5000000000000004 0.99898004730802425 0.99463153969809781 0.98519415784776321 10.672368421052633 25.911842105263162 0.47370525521770246 0.77652048701313048 0.98486764554468398 24.819819078947372 10.409210526315793 9.0230263157894743 0.17011757999667351 3590.8750000000005 14.500000000000002 0.99983759474438971 0.31596169403973995 20.341200657894742 11.602028508771932 10.648108552631582 4.5000000000000009 28.793914473684215 2.1573587257617723 3.5000000000000004 22.500000000000004 0.98091558679606194 -0.91939278948206182
decision_type=2 8 2 2 2 2 2 2 2 2 2 2 2 2 2 2 10 2 2 2 2 2 2 2 2 2 2 2 2 2
left_child=1 -1 3 -3 5 6 9 -7 18 10 27 12 14 -12 26 17 23 -13 -6 20 21 22 -16 25 -25 -14 -11 28 -5 -22
right_child=-2 2 -4 4 8 7 -8 -9 -10 11 13 15 16 -15 19 -17 -18 -19 -20 -21 29 -23 -24 24 -26 -27 -28 -29 -30 -31
leaf_value=-0.95905767202543191 -1.9074345108751913 0.17654664427182071 3.3473763375722685 0.011746957736431796 1.5186674679722616 -0.23797385174395913 2.6791671394149263 -3.3424695630894008 3.6502838016746182 -0.93374427355322498 1.4107374544324103 -1.4147205624069672 0.52378050245224583 -0.56945854664641049 -1.8921450208369379 3.8038586939709376 -1.9806461492246628 0.9076812557066205 -0.48221027405893441 -1.600737986215927 -1.6635673181217727 -3.4989735642548343 1.0488753784057507 0.57219462635433727 -1.5024250225989364 4.454277277943766 0.21302009058670138 -1.0093637965700282 -1.5670017944339634 1.2929166665116327
leaf_weight=152 93 5547 151 4155 62 52 58 78 61 119 307 153 107 85 208 99 60 95 53 319 123 79 69 172 101 95 339 186 73 119
leaf_count=152 93 5547 151 4155 62 52 58 78 61 119 307 153 107 85 208 99 60 95 53 319 123 79 69 172 101 95 339 186 73 119
internal_value=2.99155e-05 0.000184516 0.000384733 0.000169557 -0.00119144 -0.00157887 -0.00111626 -0.0267176 0.0146893 -0.00136608 0.000228833 -0.00476085 -0.00675039 0.0111959 -0.0100654 0.00617816 0.00177239 -0.000803213 0.00301724 -0.0142157 -0.0096828 -0.0165266 -0.0102518 0.00493697 -0.00237226 0.0147783 -0.00174292 -0.000747452 -0.000165524 0.000411523
internal_weight=13370 13277 13125 12974 7427 7251 7121 130 176 7063 4806 2257 1910 392 1375 347 535 248 115 917 598 356 277 475 273 202 458 4414 4228 242
internal_count=13370 13277 13125 12974 7427 7251 7121 130 176 7063 4806 2257 1910 392 1375 347 535 248 115 917 598 356 277 475 273 202 458 4414 4228 242
is_linear=0
shrinkage=0.05


Tree=124
num_leaves=31
num_cat=0
split_feature=15 4 13 13 6 13 8 6 6 7 8 1 7 15 7 7 0 15 8 9 13 10 0 15 0 11 13 7 10 7
split_gain=15.237 17.2441 14.8685 16.361 14.2721 16.2162 12.9678 15.6162 11.5394 12.2764 19.7272 19.6129 18.459 16.5211 25.1177 18.5033 16.9076 16.2791 30.7891 28.6719 16.9641 19.3056 16.2801 15.7123 20.4975 15.2239 14.705 14.2371 13.9206 13.8389
threshold=3836.1250000000005 20.089335180055411 0.89693010073300883 0.94910885063987094 1.0000000180025095e-35 0.7912140244565844 1.0000000180025095e-35 335.18421052631589 619.59210526315803 7.5000000000000009 5.5000000000000009 27.741803728070185 10.500000000000002 2340.1250000000005 20.500000000000004 21.500000000000004 7.1986842105263174 2151.8750000000005 1.0000000180025095e-35 1.0000000180025095e-35 -0.050510150083665391 -0.55657520495441892 12.785526315789475 3117.3750000000005 26.57368421052632 0.88917497572200743 -0.77245419167776552 3.5000000000000004 0.22700754078277605 2.5000000000000004
decision_type=8 2 2 2 2 2 2 2 2 2 2 2 2 10 2 2 2 10 2 2 2 2 2 10 2 2 2 2 2 2
left_child=8 2 4 -4 -2 6 -6 -8 9 10 17 27 -11 15 16 -14 28 18 29 20 -19 22 -22 24 -18 -16 -17 -12 -15 -1
right_child=1 -3 3 -5 5 -7 7 -9 -10 12 11 -13 13 14 25 26 23 19 -20 -21 21 -23 -24 -25 -26 -27 -28 -29 -30 -31
leaf_value=-1.5179097469218279 -2.6396336566132277 7.4851212918804553 -2.28461025113628 0.73627262500039026 5.9799500144292326 3.8889104233284799 0.86252102542762266 -1.1318262570018305 -0.61610073250116104 0.99760341216349391 -0.23876297784502187 0.36943723213058777 0.76716490196517961 2.0156500406836813 -0.52994040652516794 -0.87080153522620096 0.054133292132905811 0.081882606108888478 0.38632312459595824 -7.4315006688399023 0.19074977197435602 -0.4250659801350139 -2.9826655108041566 -0.37309928104435813 2.0182726119030008 -1.5677123973869926 0.23897794685549345 -1.7991605815161962 -0.058462160710996615 0.26979731726266892
leaf_weight=211 52 49 52 80 82 105 247 141 1150 1085 295 50 659 159 566 220 1663 1025 1257 56 41 864 114 1858 162 128 562 301 73 112
leaf_count=211 52 49 52 80 82 105 247 141 1150 1085 295 50 659 159 566 220 1663 1025 1257 56 41 864 114 1858 162 128 562 301 73 112
internal_value=-0.000100596 0.0065513 0.00467105 -0.0105263 0.00788217 0.0101563 0.00615711 0.00231362 -0.000527276 -4.79846e-05 -0.0021493 -0.0102009 0.00122618 0.000148736 -0.00131236 0.00481969 0.000242594 -0.000733496 0.0030993 -0.00361733 -0.00264059 -0.00720588 -0.0233974 -0.000583605 0.00271084 -0.0100719 -0.000383142 -0.0127303 0.0133047 -0.0106481
internal_weight=13419 808 759 132 627 575 470 388 12611 11461 4326 646 7135 6050 4609 1441 3915 3680 1580 2100 2044 1019 155 3683 1825 694 782 596 232 323
internal_count=13419 808 759 132 627 575 470 388 12611 11461 4326 646 7135 6050 4609 1441 3915 3680 1580 2100 2044 1019 155 3683 1825 694 782 596 232 323
is_linear=0
shrinkage=0.05


Tree=125
num_leaves=31
num_cat=0
split_feature=14 7 8 1 7 6 9 7 15 7 15 8 14 15 14 7 13 7 14 8 7 14 15 15 7 12 7 6 1 12
split_gain=20.05 11.9016 24.9786 22.0392 20.4583 23.0726 17.9739 22.5173 17.3825 26.1376 22.5932 16.1224 30.3282 26.9747 19.8337 19.1011 15.8754 15.7951 15.2242 21.3053 15.0492 14.7364 18.1343 14.1315 13.6356 13.427 13.1925 13.119 12.8463 12.3078
threshold=1615.5000000000002 7.5000000000000009 5.5000000000000009 27.741803728070185 10.500000000000002 268.40789473684214 1.0000000180025095e-35 3.5000000000000004 3117.3750000000005 21.500000000000004 2440.3750000000005 3.5000000000000004 3079.6250000000005 2597.1250000000005 2603.2500000000005 16.500000000000004 0.97786949981288174 18.500000000000004 3400.3750000000005 5.5000000000000009 18.500000000000004 2894.6250000000005 3455.1250000000005 3356.3750000000005 14.500000000000002 -0.65234524191686594 3.5000000000000004 109.06578947368423 26.449013157894743 0.97508442350096236
decision_type=10 2 2 2 2 2 2 2 10 2 8 2 10 10 10 2 2 2 10 2 2 10 10 10 2 2 2 2 2 2
left_child=-1 2 6 26 5 -3 -2 -8 9 11 28 12 13 -6 24 -13 17 21 19 20 -17 22 -10 -23 -15 -14 -4 -18 -11 -7
right_child=1 4 3 -5 8 29 7 -9 16 10 -12 15 25 14 -16 18 27 -19 -20 -21 -22 23 -24 -25 -26 -27 -28 -29 -30 -31
leaf_value=-3.113181148677393 -0.0024210093853980655 1.5423224093498449 -0.33116347881772867 0.35126031645070271 1.8527395901735646 0.42352136587795713 0.2869699847051152 -7.0295842608974342 -0.54692066792811145 -0.26347101815051704 -1.5696663180912311 -0.31672912349154103 1.1949101364871695 1.0927618176590386 0.37648107744944359 0.97942952275398065 4.6749777294370691 -1.4307264634618151 2.7180093618699974 0.880761439719845 -0.43160274002971166 0.14327394159877258 1.7155219444109777 -0.84021346531488916 -1.475061613541061 4.8264787841032222 -1.7622988169955194 0.95117772109765619 1.8522906335416565 -1.246008695501712
leaf_weight=81 3653 631 282 57 328 960 70 67 241 848 197 1107 76 95 516 144 41 296 58 401 403 623 218 1200 229 188 311 75 61 78
leaf_count=81 3653 631 282 57 328 960 70 67 241 848 197 1107 76 95 516 144 41 296 58 401 403 623 218 1200 229 188 311 75 61 78
internal_value=-0.000350916 -0.000200669 -0.0023193 -0.0113671 0.000843039 0.00583832 -0.00076497 -0.0184783 -0.000292676 0.00155847 -0.00514905 0.003652 0.00774599 0.00427716 -0.000475624 0.000875118 -0.00348794 -0.00430399 0.00585899 0.00432034 -0.00209854 -0.00289093 0.0051087 -0.0049068 -0.0101538 0.0230189 -0.0142256 0.0145299 -0.00181319 0.0012512
internal_weight=13535 13454 4440 650 9014 1669 3790 137 7345 4651 1106 3545 1432 1168 840 2113 2694 2578 1006 948 547 2282 459 1823 324 264 593 116 909 1038
internal_count=13535 13454 4440 650 9014 1669 3790 137 7345 4651 1106 3545 1432 1168 840 2113 2694 2578 1006 948 547 2282 459 1823 324 264 593 116 909 1038
is_linear=0
shrinkage=0.05


Tree=126
num_leaves=31
num_cat=0
split_feature=8 15 6 6 7 8 8 11 15 14 8 15 15 15 7 7 11 6 7 1 14 15 15 0 14 11 11 11 1 1
split_gain=14.7494 19.9795 28.157 17.2219 15.0082 20.8062 21.2319 16.5197 16.5056 32.1726 29.049 26.2019 16.2146 15.2565 21.8077 20.0677 22.1774 22.1565 16.36 21.2808 15.8081 18.9515 12.5419 22.8565 22.1672 12.6082 12.3041 11.8851 11.8187 13.4504
threshold=3.5000000000000004 4186.2500000000009 46.90789473684211 495.77631578947376 2.5000000000000004 1.0000000180025095e-35 1.5000000000000002 -0.99700296666818056 3347.1250000000005 3159.3750000000005 1.0000000180025095e-35 3466.2500000000005 2987.1250000000005 2597.1250000000005 19.500000000000004 21.500000000000004 0.99981043035926087 23.013157894736846 5.5000000000000009 6.7560581140350893 2654.5000000000005 3079.8750000000005 2151.8750000000005 16.077631578947372 2172.3750000000005 0.60383265664488517 -0.79904327102181261 0.96407344085605606 16.112061403508775 12.131414473684213
decision_type=2 8 2 2 2 2 2 2 10 10 2 10 10 10 2 2 2 2 2 2 10 10 10 2 10 2 2 2 2 2
left_child=1 4 -3 22 5 -1 -7 -6 9 13 11 -10 -11 15 18 16 17 -9 -15 -20 -16 -22 23 25 -24 -2 -21 -17 29 -12
right_child=3 2 -4 -5 7 6 -8 8 10 12 28 -13 -14 14 20 27 -18 -19 19 26 21 -23 24 -25 -26 -27 -28 -29 -30 -31
leaf_value=-1.4920998703234034 -0.37480626126640576 -1.4548705416140935 3.5128369098599137 -0.95014579250013187 4.9109164588411209 0.62504070759416663 -0.39015271733566692 0.73128404885665077 -1.0445663494911741 7.1274778275734665 -0.48031998199614923 2.4397869661652751 1.0980163410987871 -0.65318911226765985 -1.8607219737895322 0.030359316832470996 -3.0060011266893185 10.421210373814347 6.3184764658246992 2.6747644120221139 0.31751363953014788 -1.8432157774856934 -2.3455525811082225 0.69150775217765392 -0.11186090720457287 0.41958704345142905 0.049224879221276302 -2.103875767454872 -0.79291855864585159 0.85212330730921626
leaf_weight=222 749 40 122 863 66 238 470 907 106 125 847 349 574 263 169 516 49 92 40 181 160 47 134 515 2959 481 1180 60 609 245
leaf_count=222 749 40 122 863 66 238 470 907 106 125 847 349 574 263 169 516 49 92 40 181 160 47 134 515 2959 481 1180 60 609 245
internal_value=0.000269078 0.00169966 0.0190184 -0.00165731 0.00132384 -0.00461869 -0.000423131 0.00216368 0.00190951 0.00367782 -0.00166898 0.00953947 0.0135 0.00180082 -0.0010779 0.00541538 0.00953289 0.01115 0.00138138 0.00353067 -0.0119363 -0.00264423 -0.00049597 0.00289233 -0.00240789 -0.000812348 0.00245962 -0.00207972 -0.00467098 -0.00155535
internal_weight=13378 7677 162 5701 7515 930 708 6585 6519 4363 2156 455 699 3664 2040 1624 1048 999 1664 1401 376 207 4838 1745 3093 1230 1361 576 1701 1092
internal_count=13378 7677 162 5701 7515 930 708 6585 6519 4363 2156 455 699 3664 2040 1624 1048 999 1664 1401 376 207 4838 1745 3093 1230 1361 576 1701 1092
is_linear=0
shrinkage=0.05


Tree=127
num_leaves=31
num_cat=0
split_feature=14 8 15 3 9 15 14 15 8 15 7 1 11 10 10 10 7 8 7 15 7 8 15 0 9 11 11 14 15 14
split_gain=19.8083 17.5001 14.3104 13.8426 16.0822 16.7471 46.6807 21.131 20.3478 19.401 15.1404 13.5579 13.2935 13.1137 14.2489 11.9622 11.633 21.3723 21.8686 18.1595 14.5311 15.7498 35.5986 16.181 17.5991 17.2817 17.5214 15.0453 17.7915 18.0821
threshold=1702.3750000000002 3.5000000000000004 3897.1250000000005 7.1302631578947366 1.0000000180025095e-35 3254.3750000000005 3200.3750000000005 2968.6250000000005 1.0000000180025095e-35 3455.1250000000005 1.5000000000000002 21.942077850877197 0.97263757644091875 -0.46801505794253101 -0.59869031648930193 0.96904697354198299 16.500000000000004 5.5000000000000009 19.500000000000004 2587.8750000000005 1.5000000000000002 4.5000000000000009 3047.6250000000005 31.128947368421056 1.0000000180025095e-35 -0.68432604233786842 -0.29342786347392819 3855.3750000000005 2530.3750000000005 3017.3750000000005
decision_type=10 2 10 2 2 10 10 10 2 8 2 2 2 2 2 2 2 2 2 10 2 2 8 2 2 2 2 10 10 10
left_child=-1 3 16 4 5 6 10 -8 9 -7 -2 -6 -10 14 -5 -15 20 18 19 -18 -3 23 27 24 25 -22 -27 28 29 -23
right_child=1 2 -4 13 11 8 7 -9 12 -11 -12 -13 -14 15 -16 -17 17 -19 -20 -21 21 22 -24 -25 -26 26 -28 -29 -30 -31
leaf_value=-1.1954494521705328 -0.51061341540604421 0.46982651281007864 -2.6720706030832275 0.19344681855413912 -3.8748666527617162 -0.76440814485829378 7.7461165168291704 1.5160548658143285 -0.38268727168263017 1.9857878219632086 0.16771103986717437 0.41672330483233966 -3.0941291708643464 0.1628933743790526 4.8934265497457776 1.4918174922912613 1.8261807383395992 0.69457238174404667 -0.59796154728105655 0.023421151487787031 -1.4626747928005217 -0.50007194992520565 -4.3669724335943787 2.6580594005482454 -5.3122245408846318 2.9061459693580676 0.076854245474567054 1.8167672809432815 -1.2435034978714157 0.63134847558108054
leaf_weight=281 376 464 84 79 93 182 104 258 1671 290 2820 51 60 1226 79 169 92 538 634 383 185 1502 60 67 53 127 696 59 418 341
leaf_count=281 376 464 84 79 93 182 104 258 1671 290 2820 51 60 1226 79 169 92 538 634 383 185 1502 60 67 53 127 696 59 418 341
internal_value=-0.00018597 9.49704e-05 -0.00198983 0.00168923 0.000584152 0.000997917 0.00311885 0.0201102 -0.0024274 0.00676533 0.00118861 -0.0158621 -0.00493649 0.00588803 0.0194969 0.00433381 -0.00168149 0.00185073 -0.00211712 0.00598739 -0.00314624 -0.00424622 -0.00655187 0.000620018 -0.000894539 0.000594648 0.00370146 -0.00555795 -0.00621132 -0.00409436
internal_weight=13442 13161 5703 7458 5905 5761 3558 362 2203 472 3196 144 1731 1553 158 1395 5619 1647 1109 475 3972 3508 2380 1128 1061 1008 823 2320 2261 1843
internal_count=13442 13161 5703 7458 5905 5761 3558 362 2203 472 3196 144 1731 1553 158 1395 5619 1647 1109 475 3972 3508 2380 1128 1061 1008 823 2320 2261 1843
is_linear=0
shrinkage=0.05


Tree=128
num_leaves=31
num_cat=0
split_feature=11 10 12 1 6 1 10 1 14 10 10 1 11 11 11 12 11 1 12 12 7 1 13 12 1 14 7 11 1 11
split_gain=14.7628 13.705 13.9905 15.7345 12.8579 12.1721 16.8336 15.9806 13.9077 19.3103 19.7156 12.0051 12.0325 16.487 21.0845 17.4978 16.8889 16.461 16.3809 17.3965 15.0052 14.4834 11.9848 12.4327 20.2049 19.4081 19.2713 14.4883 13.5272 26.9489
threshold=0.99981043035926087 0.84313847884979054 -0.99275346941927067 15.521737938596493 0.17105263157894737 18.256304824561408 0.91939013254733981 11.051781798245615 2093.8750000000005 0.98213580174693105 0.96687895796550427 9.5204495614035114 0.87709077819680659 0.82293497932636284 0.80798785254895478 0.97364703930971175 0.78724360164103002 6.9731359649122817 0.99274428880883148 0.9962888416657264 16.500000000000004 9.0230263157894743 0.9980355542543059 -0.40614512594453095 26.23933662280702 3919.0000000000005 14.500000000000002 -0.93845867424155849 10.709375000000003 0.98486764554468398
decision_type=2 2 2 2 2 2 2 2 10 2 2 2 2 2 2 2 2 2 2 2 2 2 2 2 2 10 2 2 2 2
left_child=1 2 3 -1 -2 6 -3 -8 9 10 -9 12 13 14 15 16 -4 -15 20 -20 -17 -14 23 -13 25 26 28 -28 -25 -30
right_child=4 5 11 -5 -6 -7 7 8 -10 -11 -12 22 21 17 -16 18 -18 -19 19 -21 -22 -23 -24 24 -26 -27 27 -29 29 -31
leaf_value=-0.17109644503625532 -0.437023817712759 -0.81305702024544646 2.7745067317320151 -1.4207579689585943 -6.0265340979083142 1.0673196275131602 0.83329751721321377 -0.70974091214184798 -0.011754561619716242 -2.5780192464760434 1.4632425219674587 0.21172192688924271 0.25307354024835149 -0.25107735171185369 -2.2203270136356537 -1.7991484882634952 0.61465187024609813 1.9737392601926445 2.9416136080539674 0.053122579934188258 0.52603763408428683 -0.86812018031324678 4.3021970641566218 -0.65157580757659161 0.34461304642369445 -3.8944550551163162 -5.8595475836764086 -0.45693810942959773 0.10855723689528532 6.7943022685939702
leaf_weight=443 58 678 51 110 42 52 445 214 898 154 61 2925 1336 50 84 108 103 270 43 93 51 213 80 340 1448 72 73 1179 1663 41
leaf_count=443 58 678 51 110 42 52 445 214 898 154 61 2925 1336 50 84 108 103 270 43 93 51 213 80 340 1448 72 73 1179 1663 41
internal_value=0.000231706 0.000376534 0.0011506 -0.00658845 -0.0188119 -0.00295645 -0.00346797 -0.000902425 -0.00365211 -0.0110465 -0.00307971 0.00156984 0.00466084 0.00942623 0.00402622 0.00833333 0.0219355 0.0183801 0.00118243 0.0138686 -0.0096875 0.00203226 0.000620046 0.000419788 -0.00114179 -0.00326506 -0.00269942 -0.0075818 0.000293399 0.00211144
internal_weight=13378 13278 10776 553 100 2502 2450 1772 1327 429 275 10223 2402 853 533 449 154 320 295 136 159 1549 7821 7741 4816 3368 3296 1252 2044 1704
internal_count=13378 13278 10776 553 100 2502 2450 1772 1327 429 275 10223 2402 853 533 449 154 320 295 136 159 1549 7821 7741 4816 3368 3296 1252 2044 1704
is_linear=0
shrinkage=0.05


Tree=129
num_leaves=31
num_cat=0
split_feature=7 8 7 6 1 9 7 14 6 7 12 4 14 12 8 10 10 12 6 10 3 8 12 11 13 11 11 10 1 1
split_gain=17.2619 24.0047 21.0938 21.3695 17.0029 15.5613 24.8484 17.3975 15.1333 20.9073 18.0229 17.9872 18.5231 16.9862 16.9395 14.6436 18.0029 14.2777 14.4957 13.4598 15.7571 13.3523 13.0039 27.064 12.7845 17.3174 17.4117 12.11 12.0848 12.0521
threshold=7.5000000000000009 5.5000000000000009 10.500000000000002 181.68421052631581 26.23933662280702 1.0000000180025095e-35 3.5000000000000004 1718.8750000000002 138.15789473684214 18.500000000000004 0.49253244405029933 1.4450017313019401 3336.2500000000005 0.067682722635586057 5.5000000000000009 -0.72696319516528884 -0.62588817255938378 -0.37447172655954952 424.59210526315798 0.091259403071267925 8.2750000000000004 3.5000000000000004 -0.88622299073327826 -0.59177783207548873 0.97009571160424379 0.88917497572200743 0.097680735332368748 0.99865421017599998 6.4061129385964932 15.451069078947372
decision_type=2 2 2 2 2 2 2 10 2 2 2 2 10 2 2 2 2 2 2 2 2 2 2 2 2 2 2 2 2 2
left_child=1 5 3 19 -3 7 -7 29 9 10 28 12 13 17 24 -9 -17 18 -10 20 -2 -13 23 -18 25 26 -11 -19 -4 -1
right_child=2 4 8 -5 -6 6 -8 15 11 14 -12 21 -14 -15 -16 16 22 27 -20 -21 -22 -23 -24 -25 -26 -27 -28 -29 -30 -31
leaf_value=-2.431214125161512 1.5437629393014278 -1.0807297418590225 5.1592946308386676 0.53706773902790705 0.28721693796996989 0.21337446847350067 -7.9719294927343531 0.35640815246445073 0.22653623405660711 -0.32235293045926028 -0.058812937975994829 1.1667385337988889 -1.5173151879997022 0.51702426618637676 0.474608803254921 -1.3030055399797675 -0.16510588322441891 -2.002611980447091 -0.85684475596769971 3.5251202453107795 -1.5825991500230658 -0.34398609345432762 -0.14157897200047956 1.3036955846641378 1.1817133862124478 -0.88911599763306415 0.17322518831498998 1.6555100368338231 0.70365643018910762 -0.0045760940784361995
leaf_weight=122 169 557 79 1234 86 69 67 881 364 1187 486 583 527 429 405 151 205 252 374 200 73 445 2067 145 146 280 804 44 919 93
leaf_count=122 169 557 79 1234 86 69 67 881 364 1187 486 583 527 429 405 151 205 252 374 200 73 445 2067 145 146 280 804 44 919 93
internal_value=6.32252e-05 -0.0024865 0.00132208 0.00638044 -0.011413 -0.000973428 -0.0175182 -0.000354707 0.000163823 0.0020664 0.00686869 -0.00255051 -0.00532396 -0.00242486 -0.000460503 0.000507246 -0.00140132 -0.00589372 -0.00216509 0.0158014 0.00781893 0.00281827 -0.00035153 0.00854701 -0.00204715 -0.00297095 -0.00133032 -0.0151515 0.0107107 -0.0141204
internal_weight=13443 4443 9000 1676 643 3800 136 3664 7324 4306 1484 3018 1990 1463 2822 3449 2568 1034 738 442 242 1028 2417 350 2417 2271 1991 296 998 215
internal_count=13443 4443 9000 1676 643 3800 136 3664 7324 4306 1484 3018 1990 1463 2822 3449 2568 1034 738 442 242 1028 2417 350 2417 2271 1991 296 998 215
is_linear=0
shrinkage=0.05


Tree=130
num_leaves=31
num_cat=0
split_feature=14 2 6 7 7 8 8 12 6 7 6 3 11 14 12 12 8 7 3 12 11 10 1 11 7 3 14 11 13 13
split_gain=20.5018 14.4803 11.7183 12.3874 15.6704 14.9046 12.5452 18.6324 13.0754 15.7261 20.4159 18.1346 15.3827 13.8372 13.7655 12.4752 12.1622 14.7884 14.3712 13.1587 14.5224 12.1022 22.371 24.8043 11.4323 14.5688 11.204 11.1876 10.5361 20.3292
threshold=1702.3750000000002 11.176315789473689 648.02631578947387 6.5000000000000009 10.500000000000002 5.5000000000000009 5.5000000000000009 0.9252105435402006 338.76315789473693 18.500000000000004 1.0000000180025095e-35 8.8118421052631586 0.79773375822167203 3355.1250000000005 0.95239763423914636 -0.46801289393397988 4.5000000000000009 8.5000000000000018 6.7355263157894738 -0.0053757035942445328 0.89309379682046119 0.40614137006726808 9.7308662280701768 0.28313308994381592 3.5000000000000004 1.3328947368421054 3567.6250000000005 -0.73284120334876357 0.51849435583340198 0.75438814418115718
decision_type=10 2 2 2 2 2 2 2 2 2 2 2 2 10 2 2 2 2 2 2 2 2 2 2 2 2 10 2 2 2
left_child=-1 2 3 5 16 -2 8 21 9 10 11 -6 -10 15 -11 -12 19 18 -18 -5 26 -8 -23 -24 25 -7 27 -21 -4 -30
right_child=1 -3 28 4 6 24 7 -9 12 14 13 -13 -14 -15 -16 -17 17 -19 -20 20 -22 22 23 -25 -26 -27 -28 -29 29 -31
leaf_value=-1.217721754041952 -0.017825722247823705 1.0392809684264195 -0.90449695689674181 0.5696184505368137 0.5796841780625982 0.5590331559228503 0.29380189975656779 -0.71938280404306176 -0.3845925142441729 -0.26510963735756832 1.2979707362879935 4.1448254850745121 -2.5382546454668273 -0.32705293937303853 0.62163000054961237 0.076008223486530829 -0.12136872473752192 1.1003654033910608 -2.9376583082998424 -1.6328270563994467 5.1127743043908938 2.2441626299312589 1.0834602690289785 -3.1086902626114465 -1.3068316812852687 -0.62399970702845176 0.34130043679176653 2.220159313514114 2.9009926815474616 -1.7261784040673094
leaf_weight=279 3172 469 631 676 283 112 495 107 725 2127 387 72 85 767 232 662 213 235 83 41 126 67 180 48 245 193 260 279 104 114
leaf_count=279 3172 469 631 676 283 112 495 107 725 2127 387 72 85 767 232 662 213 235 83 41 126 67 180 48 245 193 260 279 104 114
internal_value=0.000352635 0.000636798 0.000318346 0.000724333 0.00181573 -0.00166532 0.000601154 0.00606904 -0.000318292 0.000728316 0.00379834 0.0147472 -0.00616523 0.00165107 -0.00209746 0.00538095 0.00577325 -0.000657895 -0.00808081 0.00824295 0.0130127 0.00872314 0.016723 0.00917031 -0.0092559 -0.00277778 0.00963855 0.0158879 -0.00535294 0.00410959
internal_weight=13469 13190 12721 11872 8150 3722 6237 897 5340 4530 2171 355 810 1816 2359 1049 1913 531 296 1382 706 790 295 228 550 305 580 320 849 218
internal_count=13469 13190 12721 11872 8150 3722 6237 897 5340 4530 2171 355 810 1816 2359 1049 1913 531 296 1382 706 790 295 228 550 305 580 320 849 218
is_linear=0
shrinkage=0.05


Tree=131
num_leaves=31
num_cat=0
split_feature=11 6 7 11 7 15 14 13 8 7 3 15 8 11 15 13 8 7 14 14 15 15 6 15 6 6 2 11 2 13
split_gain=12.2856 14.1999 13.679 12.3794 13.7123 12.4653 22.9198 21.1434 20.1157 22.7852 20.0737 18.5139 22.0342 32.0251 27.7973 18.6487 17.6251 16.967 16.8668 16.3922 23.2761 17.2845 15.9209 15.6674 14.2974 13.6364 13.2645 13.1741 16.2416 12.6904
threshold=-0.99864786094873803 867.18421052631595 7.5000000000000009 0.99981043035926087 13.500000000000002 2177.1250000000005 2247.1250000000005 0.19969739736768838 1.0000000180025095e-35 17.500000000000004 0.42499999999999899 3347.1250000000005 4.5000000000000009 0.97461712852231652 3068.3750000000005 0.59004310983071195 5.5000000000000009 19.500000000000004 2764.3750000000005 3186.3750000000005 2968.6250000000005 2978.6250000000005 14.144736842105265 3027.1250000000005 530.31578947368428 4.6447368421052637 8.4486842105263182 -0.45273527932988084 7.2105263157894752 0.29958852271690523
decision_type=2 2 2 2 2 10 10 2 2 2 2 10 2 2 10 2 2 2 10 10 10 10 2 10 2 2 2 2 2 2
left_child=2 3 -1 5 -5 7 16 10 9 -8 24 12 13 15 -14 19 -7 -15 23 21 -21 -10 -12 -11 -2 -23 29 28 -13 -9
right_child=1 -3 -4 4 -6 6 8 26 11 18 22 27 14 17 -16 -17 -18 -19 -20 20 -22 25 -24 -25 -26 -27 -28 -29 -30 -31
leaf_value=-1.1692821972827347 0.6152544436561812 -1.7284124465186324 3.9965052443177571 -3.8071602640641231 0.61867017050285544 -0.57728688519011939 2.323920948085902 1.2191329309793788 0.27223883311714875 0.1917203113103142 -0.28426740821792013 -2.6303857585895685 -0.12704403706395626 6.9607823671501485 -2.7816682727169564 -0.49525347106600748 -3.3013849976738814 -0.044995656244532257 2.1290838029090766 8.6845176475521395 0.85054509525618871 -1.6271689676378742 1.264941437268658 -1.4768134236676702 -0.81375085759865451 -0.048862668599326753 4.7432021977482917 -0.22593656033519666 -0.16929819114001249 0.38637114191371896
leaf_weight=40 509 256 76 59 42 1288 447 123 1355 124 1449 195 1881 114 79 456 57 43 49 80 657 182 143 92 135 492 53 1714 254 1055
leaf_count=40 509 256 76 59 42 1288 447 123 1355 124 1449 195 1881 114 79 456 57 43 49 80 657 182 143 92 135 492 53 1714 254 1055
internal_value=0.000107407 -3.36222e-05 0.0162393 0.000194241 -0.0171569 0.000330084 -0.000601464 0.00289792 0.000389531 0.00841515 0 -0.000373184 0.00120787 0.00365385 -0.00300867 0.00257524 -0.00664933 0.0256329 -0.00319549 0.00411999 0.0105014 0.00179803 -0.00301318 -0.00921659 0.00744186 -0.00474074 0.00815747 -0.00427449 -0.0118889 0.00703986
internal_weight=13499 13383 116 13127 101 13026 9559 3467 8214 712 2236 7502 5339 3379 1960 3222 1345 157 265 2766 737 2029 1592 216 644 674 1231 2163 449 1178
internal_count=13499 13383 116 13127 101 13026 9559 3467 8214 712 2236 7502 5339 3379 1960 3222 1345 157 265 2766 737 2029 1592 216 644 674 1231 2163 449 1178
is_linear=0
shrinkage=0.05


Tree=132
num_leaves=31
num_cat=0
split_feature=11 1 12 15 8 6 15 15 7 10 10 10 11 11 1 6 12 8 1 10 15 7 15 1 2 15 12 2 15 7
split_gain=11.2749 28.3767 26.5228 25.7888 16.4239 41.2034 18.6084 17.7945 16.2665 16.7188 14.795 25.5544 14.5423 14.4324 13.5042 13.3395 16.4783 17.2011 23.7448 13.4241 12.8139 12.3108 11.99 11.9798 11.0726 14.1189 14.1377 15.1398 11.5596 11.0625
threshold=-0.056951011027366626 18.578481359649128 0.38044714639866822 3170.1250000000005 4.5000000000000009 156.72368421052633 3047.6250000000005 1866.2500000000002 3.5000000000000004 -0.93545489084327571 0.98213580174693105 0.97875492728876534 -0.048362832084465616 -0.61915584096709908 15.186869517543863 42.394736842105267 0.89693165594635726 1.0000000180025095e-35 27.285197368421056 -0.90893996196865023 3805.8750000000005 6.5000000000000009 3635.8750000000005 25.80183662280702 5.4026315789473722 3005.8750000000005 0.95938219844953276 0.12236842105263258 1914.6250000000002 7.5000000000000009
decision_type=2 2 2 10 2 2 8 10 2 2 2 2 2 2 2 2 2 2 2 2 10 2 10 2 2 8 2 2 10 2
left_child=1 2 10 4 5 24 8 -7 -6 -10 11 -1 -2 -9 -12 -5 17 18 -17 -19 22 -11 -21 -18 25 26 27 28 -3 -14
right_child=12 3 -4 15 6 7 -8 13 9 21 14 -13 29 -15 -16 16 23 19 -20 20 -22 -23 -24 -25 -26 -27 -28 -29 -30 -31
leaf_value=-0.26183117004219414 1.3901667055437201 1.275999896881217 -3.266543006188158 -1.3012213937464823 0.59805410542066972 9.9997497722370099 -2.9758075507266089 1.9121011714042879 1.2068157699179212 -1.1128620612027704 -1.3059215603192174 4.3013749119996652 -0.1276678407267923 4.9627152061959237 -2.4533022471053414 0.12131249222659335 -4.7349193765323552 0.68259853830911654 8.6027969430756794 -0.7552857002803649 0.41401165942586432 -0.15500080519486803 -3.146457230772171 -0.56313570664922286 2.6388327887567358 -1.4920216683571426 -0.8607498303965031 1.306476069308883 -0.13823089030559005 0.17402677661832514
leaf_weight=1630 45 42 102 135 197 51 74 281 79 131 234 42 2416 112 78 87 50 157 46 256 167 688 90 152 57 112 181 319 589 4791
leaf_count=1630 45 42 102 135 197 51 74 281 79 131 234 42 2416 112 78 87 50 157 46 256 167 688 90 152 57 112 181 319 589 4791
internal_value=-1.12007e-05 -0.00158795 -0.00632487 0.000851011 0.00334592 0.00641834 -0.00123932 0.0195506 0.000410584 -0.00244716 -0.00503778 -0.00316796 0.00132359 0.0158629 -0.015016 -0.00552147 -0.00352883 -0.000310945 0.0160448 -0.00357675 -0.00749027 -0.00457317 -0.0129683 -0.0162562 0.0019216 0.000924437 0.00260601 0.00504732 0.000553797 0.00114456
internal_weight=13391 6139 2086 4053 2913 1744 1169 444 1095 898 1984 1672 7252 393 312 1140 1005 803 133 670 513 819 346 202 1300 1243 1131 950 631 7207
internal_count=13391 6139 2086 4053 2913 1744 1169 444 1095 898 1984 1672 7252 393 312 1140 1005 803 133 670 513 819 346 202 1300 1243 1131 950 631 7207
is_linear=0
shrinkage=0.05


Tree=133
num_leaves=31
num_cat=0
split_feature=1 15 1 10 7 12 12 11 3 15 8 12 13 7 15 7 12 11 7 15 1 7 10 8 10 7 11 10 10 1
split_gain=16.9627 23.0175 20.4116 17.7184 19.008 21.2347 18.2486 11.7844 11.3712 13.2473 22.3929 18.943 18.91 14.7091 13.8174 12.1822 12.7942 12.145 11.1852 12.3705 11.1032 10.8926 10.0514 9.97006 9.9523 8.74313 8.674 8.62278 20.0453 12.2286
threshold=25.80183662280702 2183.1250000000005 11.687828947368422 -0.82415615971448097 13.500000000000002 0.97109394436505758 0.99898004730802425 0.99981043035926087 3.843421052631578 2929.1250000000005 3.5000000000000004 0.91161058030431363 -0.056952064366225956 10.500000000000002 3423.6250000000005 17.500000000000004 0.8277925332691819 -0.039769286347669845 21.500000000000004 3117.3750000000005 29.166940789473689 13.500000000000002 0.99374995976406788 5.5000000000000009 -0.72696319516528884 13.500000000000002 -0.048362832084465616 0.98213580174693105 0.97508442350096236 15.103645833333337
decision_type=2 10 2 2 2 2 2 2 2 8 2 2 2 2 10 2 2 2 2 10 2 2 2 2 2 2 2 2 2 2
left_child=2 -2 7 25 5 20 -7 24 9 27 11 15 14 -14 -12 16 22 -17 19 -6 23 -9 -11 -5 -1 -3 -26 28 -4 -29
right_child=1 3 8 4 18 6 -8 21 -10 10 12 -13 13 -15 -16 17 -18 -19 -20 -21 -22 -23 -24 -25 26 -27 -28 29 -30 -31
leaf_value=1.3800410207896903 1.6159883103292942 5.2675339994589878 0.017011658723140501 -0.039041106955676246 1.720703242359241 -3.2316800682087319 0.32140273972831895 -3.5797787451981211 -0.52361716874910369 0.076484945733704998 -1.1805451559517905 -2.6667098832339775 -1.1537422136386339 -5.9388922729933489 1.33727500387256 -1.1111584916085917 3.9296481655463937 0.48701648490628036 -0.81910634951914296 0.15287553668731563 1.9915311309473283 0.6454866147497228 -3.7130311124409903 -1.4062792626616329 -2.2386830473912598 0.44456717818106883 0.14788943191492762 0.0076030522395058144 3.1485866758119982 -2.6287461015973008
leaf_weight=51 324 62 3427 346 228 134 55 58 1295 1489 247 124 58 81 61 142 50 73 101 256 93 40 40 43 51 41 4373 63 51 44
leaf_count=51 324 62 3427 346 228 134 55 58 1295 1489 247 124 58 81 61 142 50 73 101 256 93 40 40 43 51 41 4373 63 51 44
internal_value=-3.33284e-05 0.00466152 -0.000702259 0.00180147 0.000159109 -0.00558036 -0.0197368 0.00191299 -0.00235302 -0.00142833 -0.00433221 -0.0019802 -0.0143973 -0.0296429 -0.00744337 -0.000668524 0.00085443 -0.0118056 0.00674061 0.00989691 0 -0.0151515 3.26797e-05 -0.00371795 0.00228999 0.0216346 0.0020339 0.000488009 0.000919805 -0.0134259
internal_weight=13501 1683 11818 1359 1256 671 189 4573 7245 5950 2365 1918 447 139 308 1794 1579 215 585 484 482 98 1529 389 4475 103 4424 3585 3478 107
internal_count=13501 1683 11818 1359 1256 671 189 4573 7245 5950 2365 1918 447 139 308 1794 1579 215 585 484 482 98 1529 389 4475 103 4424 3585 3478 107
is_linear=0
shrinkage=0.05


Tree=134
num_leaves=31
num_cat=0
split_feature=2 6 11 6 7 12 13 11 3 11 12 1 10 6 10 3 1 7 10 10 10 13 10 1 12 10 10 10 14 11
split_gain=14.9609 13.6581 11.5514 13.7566 10.1381 9.65324 10.418 22.8493 12.0695 13.7296 16.4999 20.1465 15.6259 20.9633 15.6799 15.4057 13.7779 14.2527 15.8483 27.3518 12.7163 13.2915 13.0889 12.5957 24.8007 11.9892 33.1694 20.5951 17.9516 17.4743
threshold=13.246052631578946 807.51315789473699 0.99981043035926087 0.17105263157894737 22.500000000000004 -0.9998468409516591 -0.41594454530410557 0.48877522411129348 10.751315789473686 -0.056951011027366626 -0.66528308454101848 17.276836622807021 0.98213580174693105 377.72368421052641 0.97508442350096236 8.9434210526315798 17.096299342105269 2.5000000000000004 0.97696484778429815 0.98667101781630195 -0.98523971305672675 -0.99628250747696534 -0.97509794945709805 18.578481359649128 0.31596169403973995 -0.031173458710879235 -0.2270106897347694 0.24372619187392155 3833.6250000000005 0.92191100909954782
decision_type=2 2 2 2 2 2 2 2 2 2 2 2 2 2 2 2 2 2 2 2 2 2 2 2 2 2 2 2 10 2
left_child=1 2 4 -4 5 -1 7 8 9 12 11 -11 14 -14 23 16 17 -12 -19 -20 21 -18 -22 24 -7 26 -8 28 -27 -29
right_child=-2 -3 3 -5 -6 6 25 -9 -10 10 15 -13 13 -15 -16 -17 20 18 19 -21 22 -23 -24 -25 -26 27 -28 29 -30 -31
leaf_value=-0.91712760134107052 1.2028239544069153 -1.1676749684159062 -0.10778609013074175 -6.5466511877468525 -0.45484449701749557 -0.14232308159897686 0.15037591574593989 -1.5745072189894473 -1.4648142294885247 2.2363009758740304 -1.5743536680902253 -0.37407554229541806 -0.7099359094730574 -3.9192820540400364 2.4423640587943738 2.3200072818412538 0.52134570721696039 -0.43339326536379308 4.0445744171446334 0.17313365869679276 -0.81232160326937908 1.6684003221503758 0.54852223098484953 0.13358479035437654 -2.1574100465268202 0.95142875705766983 -1.3778213102237715 0.22986041162914717 9.0362396741689519 -0.5897542846034185
leaf_weight=76 234 405 61 43 550 704 2955 267 51 182 176 107 194 85 69 86 109 919 78 380 99 86 163 916 140 682 581 2615 52 329
leaf_count=76 234 405 61 43 550 704 2955 267 51 182 176 107 194 85 69 86 109 919 78 380 99 86 163 916 140 682 581 2615 52 329
internal_value=0.000261292 3.7991e-05 0.000325337 -0.0161905 0.000462377 0.000764336 0.000877266 -0.000924771 -8.80088e-05 0.000189141 0.00278709 0.0139655 -0.00275012 -0.01375 -0.00106557 0.00123987 0.000348086 -0.00189833 -0.000181422 0.00740741 0.00796943 0.017602 0.000760456 -0.00198751 -0.00639053 0.002079 0 0.00407719 0.0115646 0.00220713
internal_weight=13394 13160 12755 104 12651 12101 12025 4811 4544 4493 2385 289 2108 279 1829 2096 2010 1553 1377 458 457 195 262 1760 844 7214 3536 3678 734 2944
internal_count=13394 13160 12755 104 12651 12101 12025 4811 4544 4493 2385 289 2108 279 1829 2096 2010 1553 1377 458 457 195 262 1760 844 7214 3536 3678 734 2944
is_linear=0
shrinkage=0.05


Tree=135
num_leaves=31
num_cat=0
split_feature=10 14 11 6 3 10 1 0 10 10 10 10 10 10 10 14 15 11 11 15 15 1 1 6 15 10 1 10 1 10
split_gain=14.3575 13.5088 12.9582 38.5179 14.92 15.8348 16.893 11.6265 11.3592 13.6826 11.1613 39.7774 23.3857 14.9809 18.0478 10.0693 14.0295 9.66098 9.69983 9.92581 9.51703 12.467 26.7114 9.13276 12.0133 8.91282 14.4201 13.0207 14.8024 13.4097
threshold=0.84313847884979054 4265.8750000000009 0.45847758937963173 283.64473684210537 6.685526315789474 0.98522604642031408 15.247532894736844 5.7934210526315804 0.97696484778429815 0.98213580174693105 0.022575936829235418 -0.2270106897347694 0.17646842360078763 -0.38242426011641079 -0.39826117949089107 2076.3750000000005 2080.6250000000005 -0.96904977397942549 0.93158198870884079 2312.1250000000005 3660.5000000000005 8.2792489035087744 9.2205866228070192 837.25000000000011 2127.8750000000005 0.73865729060996166 17.151864035087723 0.63920241694561786 16.706140350877195 0.45273815774107123
decision_type=2 10 2 2 2 2 2 2 2 2 2 2 2 2 2 10 10 2 2 8 10 2 2 2 10 2 2 2 2 2
left_child=1 10 4 -4 5 8 15 -6 -2 -10 11 13 -12 14 -1 16 -7 -15 19 -19 21 -20 -23 25 -25 27 -27 29 -29 -14
right_child=2 -3 3 -5 7 6 -8 -9 9 -11 12 -13 23 17 -16 -17 -18 18 20 -21 -22 22 -24 24 -26 26 -28 28 -30 -31
leaf_value=0.01841521213905253 -0.25864847586534551 5.292152353325128 -2.4970993109664961 2.5283775328681717 -1.6182482531532401 -1.0860569393282504 -2.5721802218170979 0.77241073609219491 3.7589818516228206 -0.24287599092830306 1.6843932141909024 -1.3705121220329262 -0.080754970885413974 -1.2490072404725538 -2.5379847840312211 -0.52643351364522462 -4.0064775080179462 2.6310958997051559 -0.54944646241394823 1.8758566784226787 1.3082847523273813 10.442123752428552 -0.83398720881093602 -4.5334906126263155 -0.084536701659499169 0.54598898386900607 -1.3459544544188931 -0.11732916071687215 -1.9302061516281357 0.47213094701143066
leaf_weight=5135 1178 46 140 48 42 47 45 391 77 68 542 812 1076 78 72 413 64 51 103 296 81 43 76 51 134 707 47 485 99 926
leaf_count=5135 1178 46 140 48 42 47 45 391 77 68 542 812 1076 78 72 413 64 51 103 296 81 43 76 51 134 707 47 485 99 926
internal_value=0.000123374 0.000911518 -0.00328162 -0.015873 -0.00225709 -0.00417327 -0.0111404 0.00610599 -0.00117069 0.0119863 0.000795192 -0.000451986 0.00286382 0.000968666 2.88018e-05 -0.00857143 -0.021875 0.00768176 0.00967742 0.0153736 0.003125 -0.00224215 0.00875 0.0013755 -0.0094086 0.00197546 0.00675497 0.000579822 -0.00598291 0.00249626
internal_weight=13373 10860 2513 188 2325 1892 569 433 1323 145 10814 6747 4067 5935 5207 524 111 728 650 347 303 222 119 3525 185 3340 754 2586 584 2002
internal_count=13373 10860 2513 188 2325 1892 569 433 1323 145 10814 6747 4067 5935 5207 524 111 728 650 347 303 222 119 3525 185 3340 754 2586 584 2002
is_linear=0
shrinkage=0.05


Tree=136
num_leaves=31
num_cat=0
split_feature=8 15 15 0 12 9 1 7 15 14 8 7 8 13 13 14 8 0 15 1 7 15 7 7 13 14 1 7 7 13
split_gain=11.8265 27.8405 18.6429 20.3837 15.419 14.6845 23.485 15.9665 30.3568 54.9575 23.1848 19.6303 20.2642 26.2191 25.1741 19.3179 19.2478 15.3474 24.916 14.2332 14.1168 16.9451 21.6051 26.1598 19.5288 16.9472 13.7843 13.3242 20.7196 23.4159
threshold=4.5000000000000009 3068.3750000000005 1.0000000180025095e-35 28.898684210526323 -0.99940763397299126 1.0000000180025095e-35 21.942077850877197 2.5000000000000004 2987.1250000000005 3261.6250000000005 1.0000000180025095e-35 18.500000000000004 1.0000000180025095e-35 0.18281650233046789 0.097680735332368748 2536.1250000000005 1.5000000000000002 9.5855263157894761 2919.8750000000005 23.534649122807021 22.500000000000004 2432.6250000000005 4.5000000000000009 20.500000000000004 -0.084834093387464782 2849.8750000000005 22.322998903508775 16.500000000000004 3.5000000000000004 -0.6391983530350368
decision_type=2 8 10 2 2 2 2 2 10 10 2 2 2 2 2 10 2 2 10 2 2 10 2 2 2 10 2 2 2 2
left_child=2 27 3 -1 -4 7 17 10 9 20 -6 12 13 14 19 -15 -12 18 -7 -10 21 22 24 26 -9 -23 -24 28 29 -2
right_child=1 -3 4 -5 5 6 -8 8 11 -11 16 -13 -14 15 -16 -17 -18 -19 -20 -21 -22 25 23 -25 -26 -27 -28 -29 -30 -31
leaf_value=-1.0821563510838133 -0.56723073865722429 -3.5273443514180829 -1.3427912276821077 7.5063961118232561 -1.7183141943529621 -2.7586988000586419 3.3876293438948779 0.80355916284561324 0.22448654480527921 8.1424402542508911 0.71133057194839466 -0.72176236065504329 -0.084269941268019011 1.4037555288485237 -5.15169165193812 6.7110424769753765 -0.30543384812399382 -4.0421537952121183 1.4032889902487113 4.5355534934093615 -0.41882649090975976 -0.075858544960829027 9.3929677322583185 0.69848521401020214 -0.28528016388070798 0.97736209272053431 0.79706286950228111 0.23462203572375984 -0.52213911131602797 0.71705271140813809
leaf_weight=49 191 112 54 53 230 89 79 322 394 131 236 393 3400 191 46 103 672 157 56 41 380 1185 148 383 298 510 42 1082 2048 460
leaf_count=49 191 112 54 53 230 89 79 322 394 131 236 393 3400 191 46 103 672 157 56 41 380 1185 148 383 298 510 42 1082 2048 460
internal_value=0.000232713 -0.00209296 0.00117183 0.0223301 0.000943297 0.00109624 -0.00850785 0.00149901 0.00229041 0.00586765 -0.00403863 -0.000372073 0.000634579 0.00792526 0.000726141 0.019661 -0.000440044 -0.0148515 -0.00308219 0.00447248 0.00458856 0.00578055 0.0103434 0.0173345 0.00386473 0.00256486 0.0324607 -0.00136171 -0.00324074 0.00452454
internal_weight=13535 3893 9642 102 9540 9486 381 9105 7967 3399 1138 4568 4175 775 481 294 908 302 145 435 3268 2888 1193 573 620 1695 190 3781 2699 651
internal_count=13535 3893 9642 102 9540 9486 381 9105 7967 3399 1138 4568 4175 775 481 294 908 302 145 435 3268 2888 1193 573 620 1695 190 3781 2699 651
is_linear=0
shrinkage=0.05


Tree=137
num_leaves=31
num_cat=0
split_feature=1 2 6 12 10 2 7 7 6 7 11 14 8 9 7 3 11 2 11 10 12 10 10 1 12 12 12 7 14 7
split_gain=12.9288 11.3424 12.6457 11.689 11.8559 10.6324 9.73979 10.5204 14.5291 31.6004 17.3508 16.7311 14.1498 15.3819 21.4116 13.4631 17.4509 14.37 18.5245 21.4481 13.9034 14.9242 22.0787 16.0144 12.486 23.1892 14.404 11.6247 11.5263 11.3602
threshold=3.5949013157894742 13.355263157894738 768.40789473684231 0.88119114410046628 -0.64578423485557612 9.6289473684210538 22.500000000000004 7.5000000000000009 124.15789473684212 14.500000000000002 0.98899263613956456 3685.7500000000005 5.5000000000000009 1.0000000180025095e-35 2.5000000000000004 1.6407894736842101 0.99748108949426018 2.3868421052631583 -0.67168186667784702 -0.47558551945199218 -0.40614512594453095 -0.8781231054254196 -0.79384350655589164 16.544353070175443 0.96687895796550427 0.76140650896573503 0.86440767487108461 1.5000000000000002 1994.6250000000002 20.500000000000004
decision_type=2 2 2 2 2 2 2 2 2 2 2 10 2 2 2 2 2 2 2 2 2 2 2 2 2 2 2 2 10 2
left_child=-1 2 5 -3 -5 6 7 12 9 10 -9 15 13 -2 -15 17 -17 20 19 -19 21 -10 -23 -24 25 28 -27 -14 -11 -30
right_child=1 3 -4 4 -6 -7 -8 8 11 24 -12 -13 27 14 -16 16 -18 18 -20 -21 -22 22 23 -25 -26 26 -28 -29 29 -31
leaf_value=7.6906949436996683 0.014700465445127976 3.275325066915002 -0.94968493628974793 1.4700765647641447 -1.7313557209317425 0.97588868101893245 -0.58471461458848928 2.4047184419694534 1.7370565483751079 1.2693038199602826 -1.3624797783845453 -0.996526193027512 0.16802101323156649 0.50680190747807508 -5.6126329206240317 0.87856757818234432 -3.8912922085095945 -2.061764735217571 1.2398132110973279 0.18587232080146807 -0.97628621450157882 -3.6918345994622883 0.64523706350728394 -1.0616884117924996 0.69884336170732697 -1.5541140193371008 -0.21369957966580844 -0.97809772721799959 0.36731474584660195 -0.20232998045585193
leaf_weight=58 3664 134 538 49 47 287 556 400 151 107 79 432 159 49 82 846 63 64 298 259 647 100 374 195 278 196 297 486 1833 765
leaf_count=58 3664 134 538 49 47 287 556 400 151 107 79 432 159 49 82 846 63 64 298 259 647 100 374 195 278 196 297 486 1833 765
internal_value=0.00037424 0.000271658 7.95093e-05 0.0112554 -0.00206186 0.000398642 0.000177692 0.00048203 0.00163846 0.00370324 0.0157292 -0.00074344 -0.00144112 -0.000276607 -0.0170455 0.000583722 0.00565934 -0.00162757 0.00474277 -0.00354938 -0.00432561 0 -0.00320896 0.000614035 0.00204199 0.00115661 -0.00880567 -0.00828173 0.00297487 0.00230858
internal_weight=13493 13435 13205 230 96 12667 12380 11824 7384 3955 479 3429 4440 3795 131 2997 909 2088 621 323 1467 820 669 569 3476 3198 493 645 2705 2598
internal_count=13493 13435 13205 230 96 12667 12380 11824 7384 3955 479 3429 4440 3795 131 2997 909 2088 621 323 1467 820 669 569 3476 3198 493 645 2705 2598
is_linear=0
shrinkage=0.05


Tree=138
num_leaves=31
num_cat=0
split_feature=15 1 15 12 1 7 12 1 2 7 15 12 10 6 11 1 10 15 13 7 13 10 9 7 11 11 13 13 9 3
split_gain=8.35084 7.8577 8.46331 21.881 15.9931 15.6209 21.6647 16.0375 15.5117 12.9785 14.0314 11.6155 10.9365 10.5616 18.3914 12.6411 13.4277 12.8389 12.4011 14.1144 15.0044 13.4506 12.3958 12.2442 12.2093 12.6341 11.0749 18.5292 14.5498 10.9257
threshold=1664.6250000000002 3.5949013157894742 2151.8750000000005 -0.99763297024448894 26.967324561403512 3.5000000000000004 0.75721938155395518 17.02741228070176 0.8723684210526309 19.500000000000004 3230.8750000000005 -0.61998829497903662 -0.26866367175705824 275.14473684210532 0.92843842216862604 8.5820997807017552 0.75014288946266361 2987.1250000000005 -0.90892157495189674 7.5000000000000009 -0.87810534180523914 -0.90893996196865023 1.0000000180025095e-35 13.500000000000002 0.8852232634113919 0.90070004940655357 0.51849435583340198 0.59004310983071195 1.0000000180025095e-35 4.4605263157894743
decision_type=8 2 10 2 2 2 2 2 2 2 10 2 2 2 2 2 2 10 2 2 2 2 2 2 2 2 2 2 2 2
left_child=-1 -2 3 -3 8 6 7 -4 11 13 -11 -5 -6 15 26 16 17 -7 23 21 -21 -20 -22 -17 -19 -26 28 -28 29 -15
right_child=1 2 5 4 12 9 -8 -9 -10 10 -12 -13 -14 14 -16 18 -18 24 19 20 22 -23 -24 -25 25 -27 27 -29 -30 -31
leaf_value=-0.59079698153094007 6.5041347769831424 -0.89599797394735681 -2.1236894547408158 0.48467671374897919 1.8772524934861623 0.15863011058763732 0.042073344786081185 -1.0282821576923766 -1.3829303197872378 -0.22781615697780355 -2.8699345334931881 0.0073170186719039524 -0.31124530163573927 -0.31822495546919072 -2.2141447888735684 1.2441227145703238 -2.2357617704611359 3.973164451137734 1.192701418248032 -1.5364888441588391 0.1347675810277906 -0.68273930849223918 2.8667363456345245 0.028334402972780028 -0.91491228998111185 0.90978318083508614 3.5673901105516621 0.17773490857039179 -4.6562117673725423 1.3162662917892249
leaf_weight=154 55 126 103 1051 191 387 243 180 178 1556 42 1564 76 1994 118 320 61 132 134 67 2099 952 52 330 44 320 112 614 72 173
leaf_count=154 55 126 103 1051 191 387 243 180 178 1556 42 1564 76 1994 118 320 61 132 134 67 2099 952 52 330 44 320 112 614 72 173
internal_value=-7.40686e-05 5.99386e-05 -1.88083e-05 0.0022278 0.00307089 -0.000727291 -0.00910816 -0.0184859 0.00195061 -0.00026618 -0.00437774 0.00292431 0.0147388 0.000557504 -0.00173476 0.00200041 0.00719577 0.00876697 0.000758534 -0.000484115 0.00180261 -0.00515179 0.00253253 0.00706605 0.0140845 0.00931507 -0.00096089 0.00440165 -0.00270089 -0.00196033
internal_weight=13500 13346 13291 3186 3060 10105 526 283 2793 9579 1598 2615 267 7981 3083 4898 944 883 3954 3304 2218 1086 2151 650 496 364 2965 726 2239 2167
internal_count=13500 13346 13291 3186 3060 10105 526 283 2793 9579 1598 2615 267 7981 3083 4898 944 883 3954 3304 2218 1086 2151 650 496 364 2965 726 2239 2167
is_linear=0
shrinkage=0.05


Tree=139
num_leaves=31
num_cat=0
split_feature=14 8 7 15 15 14 14 14 15 7 15 13 11 11 12 15 14 15 0 11 7 7 8 14 7 7 13 1 11 1
split_gain=13.0642 11.8235 27.8393 23.5115 21.0543 68.8536 25.2854 23.2496 19.984 18.3966 18.1635 15.9152 23.2524 22.5524 13.9521 16.1657 13.5918 13.2097 19.3353 13.1728 12.7914 12.209 12.0154 12.0068 18.0831 11.846 13.9893 11.8279 14.4101 12.8492
threshold=1615.5000000000002 4.5000000000000009 1.5000000000000002 3117.3750000000005 3262.1250000000005 3541.3750000000005 2894.6250000000005 2867.8750000000005 3493.3750000000005 15.500000000000002 2940.1250000000005 0.98334068794774554 -0.42179730054635828 0.98332250088165762 0.8080041977283311 2578.3750000000005 3635.1250000000005 2929.1250000000005 26.321052631578954 0.99981043035926087 19.500000000000004 10.500000000000002 5.5000000000000009 3210.2500000000005 12.500000000000002 3.5000000000000004 -0.22072160979833103 29.002604166666668 -0.9260227363677036 22.686211622807022
decision_type=8 2 2 10 10 10 10 10 10 2 10 2 2 2 2 8 8 8 2 2 2 2 2 10 2 2 2 2 2 2
left_child=-1 4 22 9 5 7 8 17 -6 14 -9 12 27 21 15 23 -11 19 20 -2 -19 -14 -3 -4 -25 -16 -27 28 29 -8
right_child=1 2 3 -5 6 -7 11 10 -10 16 -12 -13 13 -15 25 -17 -18 18 -20 -21 -22 -23 -24 24 -26 26 -28 -29 -30 -31
leaf_value=-1.9133590351180261 0.087468279465406348 1.9059956421312449 -0.72884876810208543 -3.40084321862297 -0.49359511828893121 6.9075568016329614 2.1767845384727482 1.9324611168741854 1.305792310661525 0.054507195468988814 0.27423324999008403 5.1742659833036555 0.3302937535999263 -4.3262677382186672 0.50109238421022162 -2.5530652766876187 2.9836308586739961 -0.92742976227643803 1.5730237316575655 -1.7852131426365305 -2.9428320322403354 -0.40523740784733492 0.061275444837968963 1.7806212072505332 -1.5143254843284923 0.67180389400178919 -0.57323554388617592 0.22135891328891832 -2.6587844246602459 -1.1815149005729837
leaf_weight=55 3910 169 1322 50 289 158 45 454 394 1208 1073 64 763 40 62 242 41 424 88 83 75 1121 162 142 70 138 245 90 276 213
leaf_count=55 3910 169 1322 50 289 158 45 454 394 1208 1073 64 763 40 62 242 41 424 88 83 75 1121 162 142 70 138 245 90 276 213
internal_value=-7.42556e-06 9.32001e-05 -0.00224559 -0.00355013 0.00103546 0.00273699 -0.00219964 0.00189096 0.00635965 -0.00305387 0.00723168 -0.00443934 -0.00506081 -0.00233766 -0.00578308 -0.0077659 0.0018 0.000109146 -0.00688776 0.00113921 -0.0107 -0.00153846 0.0115964 -0.00586319 0.00516432 0.00213004 -0.00117188 -0.01344 -0.0162617 -0.00772201
internal_weight=13466 13411 3851 3520 9560 6265 3295 6107 683 3470 1527 2612 2548 1924 2221 1776 1249 4580 587 3993 499 1884 331 1534 212 445 383 624 534 258
internal_count=13466 13411 3851 3520 9560 6265 3295 6107 683 3470 1527 2612 2548 1924 2221 1776 1249 4580 587 3993 499 1884 331 1534 212 445 383 624 534 258
is_linear=0
shrinkage=0.05


Tree=140
num_leaves=31
num_cat=0
split_feature=14 15 12 14 1 1 12 15 10 14 1 6 15 7 14 6 1 1 14 13 13 15 7 14 13 3 7 13 15 13
split_gain=14.5625 12.3669 15.3912 15.3671 12.3887 9.4949 11.9534 9.92537 10.1259 9.11233 22.9709 12.253 8.67758 17.1014 16.3477 15.2938 14.9925 14.2265 22.358 13.4188 13.3233 12.8824 15.8246 10.386 12.1322 13.2231 9.81294 9.57194 9.24395 12.2568
threshold=1702.3750000000002 2122.1250000000005 -0.99763297024448894 2335.8750000000005 27.040981359649127 24.522642543859654 0.98091558679606194 2062.2500000000005 -0.96689237009891416 2794.7500000000005 14.632209429824561 359.8289473684211 2959.1250000000005 18.500000000000004 2783.5000000000005 113.48684210526318 28.225054824561408 20.792132675438602 3220.2500000000005 0.99530134160901229 0.89693010073300883 3688.1250000000005 8.5000000000000018 3659.6250000000005 0.79773375822167203 4.5013157894736864 5.5000000000000009 0.38044648673137205 3284.6250000000005 0.57605713708605399
decision_type=10 10 2 10 2 2 2 10 2 10 2 2 10 2 10 2 2 2 10 2 2 10 2 10 2 2 2 2 10 2
left_child=-1 2 -2 -3 5 6 7 8 -4 11 -11 -10 17 14 21 26 -15 -5 -19 20 23 22 -14 24 25 28 -16 -23 -17 -30
right_child=1 3 4 12 -6 -7 -8 -9 9 10 -12 -13 13 16 15 19 -18 18 -20 -21 -22 27 -24 -25 -26 -27 -28 -29 29 -31
leaf_value=-0.88618949670530478 -0.59715262770877187 -0.42052936734611424 -0.38951101975198416 0.022489283561651519 1.3676254271921153 -0.62933852989081063 -1.0729427069078044 0.79886921355810614 0.18624045132120273 4.4863386764088657 -7.2212719478983791 2.5132278195297206 -4.5678554870531061 -1.0762733542589331 -1.9508426684073585 0.14051219779407803 1.1017860327086169 0.27115332026321542 3.1144279074421095 4.8016779166134711 -2.0784627536453173 -0.36395514910625482 0.62181414345800479 -0.88617097689286772 3.6980507175378081 1.7354467146739809 0.3076521971958755 5.2516090064672198 -0.6931088151058703 -2.397819701016715
leaf_weight=292 107 2162 186 2496 227 85 51 444 1558 42 43 138 42 409 53 642 54 963 174 43 162 46 246 536 52 127 1255 129 675 55
leaf_count=292 107 2162 186 2496 227 85 51 444 1558 42 43 138 42 409 53 642 54 963 174 43 162 46 246 536 52 127 1255 129 675 55
internal_value=0.000103742 0.000348406 0.00324427 -0.000460182 0.00396396 0.00296311 0.00353228 0.00404229 0.00251524 0.00367565 -0.0122093 0.00447849 0.000533088 -0.000927767 0.000110728 -0.00102749 -0.0100216 0.00235278 0.00698594 -0.00348888 -0.00402222 0.00894397 0.00242215 -0.0029454 -0.000869845 -0.0017 0.00328495 0.0196023 -0.00313183 -0.00697674
internal_weight=13494 13202 2881 10321 2774 2547 2462 2411 1967 1781 85 1696 8159 4526 4063 3600 463 3633 1137 2292 2249 463 288 2087 1551 1499 1308 175 1372 730
internal_count=13494 13202 2881 10321 2774 2547 2462 2411 1967 1781 85 1696 8159 4526 4063 3600 463 3633 1137 2292 2249 463 288 2087 1551 1499 1308 175 1372 730
is_linear=0
shrinkage=0.05


Tree=141
num_leaves=31
num_cat=0
split_feature=1 1 5 1 13 10 12 12 1 1 12 10 12 10 15 12 12 12 15 1 1 12 14 8 14 14 6 10 8 15
split_gain=15.5 19.182 15.5457 17.5448 14.3372 16.7373 12.336 24.6562 14.6138 11.4822 11.2396 10.2 25.0316 20.2335 18.7746 17.1318 20.7542 20.2244 17.0899 14.1183 13.9847 12.9682 12.6142 11.221 12.317 10.9862 14.9477 10.7537 22.5946 11.1198
threshold=25.80183662280702 12.527384868421054 1.2743022853185588 12.760087719298246 0.90438663683299525 -0.15101209918632377 0.99898004730802425 0.99463153969809781 29.166940789473689 13.78061951754386 0.68589359117003446 -0.45274443793211405 -0.159513159777915 -0.18492532721306487 3672.3750000000005 0.52217737485370563 0.23746817830764474 0.63423707282422626 3195.6250000000005 10.648108552631582 7.4657346491228092 0.66045618230038983 2037.1250000000002 1.5000000000000002 2989.1250000000005 2867.8750000000005 178.89473684210529 0.21022171450811275 2.5000000000000004 2209.1250000000005
decision_type=2 2 2 2 2 2 2 2 2 2 2 2 2 2 10 2 2 2 10 2 2 2 10 2 10 10 2 2 2 10
left_child=1 11 4 10 -3 -6 7 -2 -8 -5 -4 14 13 19 22 16 -14 -17 25 20 -13 -19 -1 -15 -25 27 -27 28 -18 -29
right_child=6 2 3 9 5 -7 8 -9 -10 -11 -12 12 15 23 -16 17 18 21 -20 -21 -22 -23 -24 24 -26 26 -28 29 -30 -31
leaf_value=1.435272285693759 0.36520159017363768 -0.058693519347752958 -1.0513674462043867 0.085950621049778422 -5.0702304666380318 -0.27051940038531941 2.5345084363600225 -1.0907398161818833 0.13854791543486727 -0.71121976880854731 -3.4115706837304973 0.45717860942344263 0.089004363925994312 -4.2273836738493173 7.9553292932377762 -1.0237726701391239 11.018550420091163 1.6336586414980729 -0.12047683181078811 1.8942535855682081 -0.58224140526119761 0.040604020490786756 0.15651075039003218 -0.19148006605614684 -3.088961748787824 5.6249606654501125 0.76418417392260385 2.3437030100473524 -1.2163691179139733 0.18076575730619882
leaf_weight=93 1449 5422 102 330 77 114 62 102 58 546 62 154 771 109 52 277 63 57 131 43 434 1680 552 167 50 135 41 139 70 73
leaf_count=93 1449 5422 102 330 77 114 62 102 58 546 62 154 771 109 52 277 63 57 131 43 434 1680 552 167 50 135 41 139 70 73
internal_value=-4.84496e-05 -0.000689655 -0.00245717 -0.00806916 -0.0014161 -0.0148438 0.00445574 0.00325387 0.0198347 -0.00524515 -0.0230303 0.00162019 0.0007281 -0.00641962 0.00723496 0.0027196 0.00691713 -0.000248139 0.0134763 -0.00118671 -0.00322581 0.00175489 0.00487616 -0.0165138 -0.00986239 0.0175287 0.0276836 0.0122832 0.0011194 0.0192488
internal_weight=13415 11744 6653 1040 5613 191 1671 1551 120 876 164 5091 4394 957 697 3437 1423 2014 652 631 588 1737 645 326 217 521 176 345 133 212
internal_count=13415 11744 6653 1040 5613 191 1671 1551 120 876 164 5091 4394 957 697 3437 1423 2014 652 631 588 1737 645 326 217 521 176 345 133 212
is_linear=0
shrinkage=0.05


Tree=142
num_leaves=31
num_cat=0
split_feature=14 8 9 15 13 13 1 4 10 13 0 10 10 7 7 14 8 15 15 15 14 14 13 10 15 15 7 8 13 10
split_gain=15.5351 12.3378 14.168 12.934 28.3645 15.7751 16.2692 15.4233 13.1743 16.0192 19.0539 18.0267 15.8702 13.1605 12.4036 15.3409 16.7557 28.117 22.7126 11.8308 26.315 16.1077 13.5869 14.8974 12.6054 12.1488 11.9311 19.4839 11.6025 33.1907
threshold=1615.5000000000002 2.5000000000000004 1.0000000180025095e-35 3347.1250000000005 0.95436825032516992 0.42763731121559989 12.527384868421054 0.35156267313019396 -0.99940763397299126 -0.99467580659249177 14.228947368421055 0.98802474685579866 0.99761913169647187 10.500000000000002 1.0000000180025095e-35 3056.8750000000005 4.5000000000000009 2940.1250000000005 3117.3750000000005 2340.1250000000005 2495.3750000000005 2528.1250000000005 -0.54760613975548533 -0.814291907305839 2996.6250000000005 2286.6250000000005 9.5000000000000018 5.5000000000000009 0.50371863418624774 0.022575936829235418
decision_type=10 2 2 10 2 2 2 2 2 2 2 2 2 2 2 10 2 10 8 8 10 10 2 2 8 10 2 2 2 2
left_child=-1 2 28 8 5 7 -7 13 -3 10 -10 14 -13 -5 -11 19 17 -17 -18 21 -21 26 -22 -24 -25 -23 27 -16 -2 -30
right_child=1 3 -4 4 -6 6 -8 -9 9 11 -12 12 -14 -15 15 16 18 -19 -20 20 22 25 23 24 -26 -27 -28 -29 29 -31
leaf_value=-2.407428305820611 0.048527722517201256 -1.0472109723998984 -1.9639034639667672 0.049159689982491275 3.455877257874056 -0.63715753098103967 -2.4210660925595677 1.3135735555821613 -0.047674504742201411 0.60421097879714125 2.04914867171899 -2.4679008019410333 0.27525998163924331 -1.1706784250895452 0.19832647523601282 5.8219713266400959 0.08329917518444746 0.29570841966249189 -2.7862713240933319 -1.9658727285790292 0.34598090469405635 -1.2801134965005305 -1.2833460389803122 -0.11772942977361255 -3.3521189768925979 0.64641780393712911 0.40256349838444411 -0.6040045846898352 -0.074337977285159701 1.6190994933038725
leaf_weight=69 3847 53 177 260 94 260 181 95 81 310 69 142 74 251 765 167 803 567 59 325 306 358 44 812 107 84 918 487 936 740
leaf_count=69 3847 53 177 260 94 260 181 95 81 310 69 142 74 251 765 167 803 567 59 325 306 358 44 812 107 84 918 487 936 740
internal_value=-7.81134e-05 4.48665e-05 0.0018067 -0.00126417 -0.00617338 -0.00854008 -0.015724 -0.00329489 -0.000405695 -0.000200648 0.015894 -0.000584611 -0.0147465 -0.00673828 -8.17929e-05 -0.000603136 0.00356919 0.00911565 -0.00115875 -0.00218683 -0.00557994 -0.000114811 -0.00232283 -0.00523859 -0.0038587 -0.00880361 0.00165822 -0.00151636 0.0022538 0.00572451
internal_weight=13441 13372 5700 7672 1141 1047 441 606 6531 6478 150 6328 216 511 6112 5802 1596 734 862 4206 1594 2612 1269 963 919 442 2170 1252 5523 1676
internal_count=13441 13372 5700 7672 1141 1047 441 606 6531 6478 150 6328 216 511 6112 5802 1596 734 862 4206 1594 2612 1269 963 919 442 2170 1252 5523 1676
is_linear=0
shrinkage=0.05


Tree=143
num_leaves=31
num_cat=0
split_feature=2 15 15 8 14 8 15 10 10 11 14 15 15 15 1 1 11 3 1 1 11 1 10 10 14 10 6 1 15 14
split_gain=11.3102 20.0683 11.4533 26.623 19.0782 35.0141 29.3777 22.6811 18.6018 18.2747 15.2717 12.4501 12.3266 12.0974 13.5783 16.0919 18.4276 21.4846 17.5174 15.0771 14.637 19.2272 13.2764 19.6192 11.8802 11.7943 11.3396 14.5631 15.7757 21.0887
threshold=14.584210526315792 3805.8750000000005 3347.1250000000005 1.0000000180025095e-35 3116.8750000000005 4.5000000000000009 2987.1250000000005 -0.861146256326485 0.3744682635859638 0.59003219687534991 2210.2500000000005 3262.1250000000005 3089.2500000000005 2440.3750000000005 20.341200657894742 11.859566885964915 0.88117331841669433 6.2328947368421064 7.3837993421052639 5.4137883771929838 0.82293497932636284 8.6816885964912291 0.091259403071267925 0.12545942051955489 3590.5000000000005 -0.69057362043749781 0.14473684210526319 20.939994517543866 1832.6250000000002 1947.1250000000002
decision_type=2 8 10 2 10 2 10 2 2 2 10 10 8 8 2 2 2 2 2 2 2 2 2 2 10 2 2 2 10 10
left_child=2 -2 4 10 13 6 8 -7 -6 -8 -4 -11 24 14 15 16 20 -18 19 -19 21 -1 25 -24 -9 -15 27 -16 -29 -30
right_child=1 -3 3 -5 5 7 9 12 -10 11 -12 -13 -14 22 26 -17 17 18 -20 -21 -22 -23 23 -25 -26 -27 -28 28 29 -31
leaf_value=-0.66243954679816852 -0.057339416769809762 6.1707681980566127 -0.97212808968818087 -0.42997128475279855 6.0159990341480807 1.1423660118512886 0.24698610291784462 -0.62346905420174614 0.94562321806203053 1.8709233306811257 2.2293139799427992 0.033929510733935332 -2.6595705966492802 -0.13605381602594663 1.8019342154138713 -0.16496319743855567 2.2082868403166915 -1.2744319315833537 -0.95184798189357034 0.620212079797966 1.5000038620302178 0.62225307194792101 6.5843203696900447 -0.01140574277280848 0.53351949312499303 -0.98687238826405521 -0.17899294128494603 1.7594662632707867 -2.1872356112995477 0.53291281748859098
leaf_weight=161 65 40 87 2278 197 144 725 386 96 143 385 68 72 937 63 2255 81 107 407 236 154 572 47 1571 222 865 309 48 87 655
leaf_count=161 65 40 87 2278 197 144 725 386 96 143 385 68 72 937 63 2255 81 107 407 236 154 572 47 1571 222 865 309 48 87 655
internal_value=0.000241384 0.0165094 0.000112284 -0.00276263 0.000857762 0.005185 0.0105285 -0.00278788 0.0243197 0.00618997 0.00803383 0.0191038 -0.00660793 -0.000181159 0.00135319 -3.77453e-05 0.00360675 -0.00174279 -0.00439414 0.00392442 0.00861486 0.00565395 -0.00248465 0.000802965 -0.00426929 -0.00543539 0.0061049 0.00907494 0.00720607 0.00538358
internal_weight=13463 105 13358 2750 10608 2053 1229 824 293 936 472 211 680 8555 5135 3973 1718 831 750 343 887 733 3420 1618 608 1802 1162 853 790 742
internal_count=13463 105 13358 2750 10608 2053 1229 824 293 936 472 211 680 8555 5135 3973 1718 831 750 343 887 733 3420 1618 608 1802 1162 853 790 742
is_linear=0
shrinkage=0.05


Tree=144
num_leaves=31
num_cat=0
split_feature=12 14 11 11 5 11 11 11 14 7 6 12 12 0 0 12 12 8 7 12 8 13 12 0 14 10 8 14 10 13
split_gain=16.2818 11.5593 8.7575 11.7666 8.26312 8.29692 13.5972 20.8071 12.3153 12.0829 9.57729 8.49055 20.6618 16.0616 10.7891 10.2896 12.8888 12.2875 11.195 10.0379 11.202 11.4804 9.67959 7.97283 7.99746 14.3572 15.3757 12.8709 9.76182 9.25865
threshold=-0.9998468409516591 1666.8750000000002 -0.99465740988130902 -0.97315270831292444 20.295127770083109 -0.90531874877253482 -0.8901731938066898 -0.88220415136009767 2147.6250000000005 3.5000000000000004 807.51315789473699 0.99898004730802425 0.99463153969809781 11.001315789473686 10.872368421052634 0.98519415784776321 0.97508442350096236 1.0000000180025095e-35 14.500000000000002 0.99274428880883148 2.5000000000000004 0.1147873601445511 0.96687895796550427 19.180263157894739 2970.7500000000005 -0.38242426011641079 1.5000000000000002 3210.2500000000005 -0.26866367175705824 0.81800285027139297
decision_type=2 10 2 2 2 2 2 2 10 2 2 2 2 2 2 2 2 2 2 2 2 2 2 2 10 2 2 10 2 2
left_child=-1 -2 -3 -4 5 8 -7 -8 9 -5 11 12 15 -14 -13 16 22 -17 -18 20 21 -19 -9 -10 29 -26 -27 -28 -29 -25
right_child=1 2 3 4 -6 6 7 10 23 -11 -12 14 13 -15 -16 17 18 19 -20 -21 -22 -23 -24 24 25 26 27 28 -30 -31
leaf_value=-1.2964948940401884 -1.0910309247500665 1.1018534861011176 -0.87961123762265747 1.8820962739515268 1.3738446867191443 -1.2191966300837578 3.9499194311308545 0.0072083594934838407 -1.048694913385134 0.70977204980553665 -1.2654656074827928 -0.051960892778447489 -0.096655678333581824 -2.4269773338785172 1.4051223483819399 -1.3732177984210923 -2.2882340541524626 -1.8491298991603913 0.10272828601396214 2.4904726286334156 2.7706463531423768 1.0279179364358926 0.98213685886806845 1.7314175847210664 -1.6656845547294894 -0.88334706226102078 -1.078387789929002 4.2781572252488784 0.14929185099373399 -0.50905786896864813
leaf_weight=70 195 223 296 62 56 154 76 10187 44 50 271 66 131 123 102 57 132 60 82 55 46 76 144 204 70 70 61 105 88 99
leaf_count=70 195 223 296 62 56 154 76 10187 44 50 271 66 131 123 102 57 132 60 82 55 46 76 144 204 70 70 61 105 88 99
internal_value=-6.31688e-05 6.34992e-05 0.00024259 7.32572e-05 0.000303819 0.000217977 -0.000127518 6.89121e-05 0.00497658 0.020354 -0.000104049 0.000119872 -4.95763e-05 -0.0141176 0.0112426 0.000281365 2.37057e-05 0.00949153 -0.012093 0.0144958 0.00874317 0.00145985 0.000275842 0.00262803 0.00393983 -0.000759494 0.00369231 0.00941176 0.0157216 0.0100329
internal_weight=13455 13385 13190 12967 12671 12615 11762 11608 853 112 11532 11261 11093 254 168 10839 10545 294 214 237 182 136 10331 741 697 394 324 254 193 303
internal_count=13455 13385 13190 12967 12671 12615 11762 11608 853 112 11532 11261 11093 254 168 10839 10545 294 214 237 182 136 10331 741 697 394 324 254 193 303
is_linear=0
shrinkage=0.05


Tree=145
num_leaves=31
num_cat=0
split_feature=14 12 15 14 8 15 14 8 14 7 8 15 13 11 1 14 1 9 15 1 13 11 1 1 14 15 10 15 7 7
split_gain=12.9495 12.6034 10.1575 20.3398 28.5841 16.7055 19.1387 23.7538 28.7773 15.2824 15.159 20.5937 14.3249 15.7368 16.8875 13.0552 17.0468 12.9757 12.8306 12.5184 13.0977 14.7432 11.6918 11.6541 11.3464 13.643 11.1637 10.3409 15.6804 12.0103
threshold=1645.3750000000002 -0.9998468409516591 2151.8750000000005 2360.1250000000005 1.0000000180025095e-35 3254.3750000000005 3194.3750000000005 4.5000000000000009 3541.3750000000005 17.500000000000004 1.5000000000000002 2333.6250000000005 0.98334068794774554 0.98332250088165762 21.942077850877197 2274.1250000000005 17.02741228070176 1.0000000180025095e-35 2838.8750000000005 6.1667489035087728 0.67008729192674277 0.8852232634113919 10.298053728070178 29.166940789473689 2804.2500000000005 3016.7500000000005 -0.2270106897347694 2929.1250000000005 16.500000000000004 11.500000000000002
decision_type=10 2 10 10 2 10 10 2 10 2 2 10 2 2 2 10 2 2 10 2 2 2 2 2 10 10 2 10 2 2
left_child=-1 -2 -3 10 9 6 -6 8 -8 -5 17 15 13 14 19 16 -12 -4 -13 -7 21 -21 26 -16 25 -11 -22 29 -29 -9
right_child=1 2 3 4 5 12 7 27 -10 24 11 18 -14 -15 23 -17 -18 -19 -20 20 22 -23 -24 -25 -26 -27 -28 28 -30 -31
leaf_value=-1.3528189369887287 -0.79819616097122437 0.15797803427478813 -0.0076375650325417157 3.3251896392804614 -0.015181628511641065 -1.2857483242072705 1.2467009833698741 1.3966268427308819 6.718303465110921 1.4844898178576729 -0.97682986609736422 -2.7934173215128797 3.7177262837374658 -2.9978968066069229 -1.1618575002961051 0.3589243397223072 0.3396369325887918 -5.0883463611178747 0.40621704871756492 -0.045527389491496706 1.2503680360674707 -1.5238123627193318 1.9153220012385193 0.61781609195213605 2.2202044076202014 -1.287633536925239 -0.50543136774134612 -2.7903766892333581 0.58370545445824296 -0.38327033438583841
leaf_weight=124 77 3271 1165 313 3429 91 501 246 92 62 302 235 85 62 544 170 133 56 40 1494 120 99 50 76 40 90 120 85 60 271
leaf_count=124 77 3271 1165 313 3429 91 501 246 92 62 302 235 85 62 544 170 133 56 40 1494 120 99 50 76 40 90 120 85 60 271
internal_value=1.8513e-05 0.000168161 0.00028565 -0.000503389 0.000655655 -0.000127929 0.00168623 0.00696656 0.0142256 0.0121542 -0.00487631 -0.00987514 -0.00322757 -0.00387655 -0.00327553 -0.00470297 -0.00928899 -0.00126841 -0.0211957 -0.00101266 -0.000132696 -0.00191343 0.00962199 -0.010467 0.00103627 -0.00522876 0.00497925 0.000452489 -0.0113014 0.00376448
internal_weight=13503 13379 13302 10031 7930 7425 4684 1255 593 505 2101 880 2741 2656 2594 605 435 1221 275 1974 1883 1593 290 620 192 152 240 662 145 517
internal_count=13503 13379 13302 10031 7930 7425 4684 1255 593 505 2101 880 2741 2656 2594 605 435 1221 275 1974 1883 1593 290 620 192 152 240 662 145 517
is_linear=0
shrinkage=0.05


Tree=146
num_leaves=31
num_cat=0
split_feature=1 11 1 1 14 11 13 1 13 11 10 11 14 1 1 1 13 7 6 12 12 12 14 1 10 8 6 13 12 6
split_gain=15.0075 13.8717 10.8517 14.6737 18.1767 11.4592 18.0948 10.5731 13.9187 10.5312 12.9821 9.58389 13.9424 10.7584 11.0523 9.86714 9.67704 11.3708 9.5785 10.3004 13.836 13.1083 18.0859 9.00731 8.94639 19.3892 18.5244 8.92346 13.7351 14.8177
threshold=25.80183662280702 -0.97315270831292444 24.183634868421056 23.074122807017549 2042.8750000000002 0.60383265664488517 -0.22072160979833103 29.959237938596498 0.9980355542543059 -0.80926783187727869 -0.42957681104363482 0.48877522411129348 3659.6250000000005 14.632209429824561 12.665241228070178 10.879714912280706 -0.38441749230002448 12.500000000000002 815.84210526315803 -0.67803021058859214 -0.72696319516528884 -0.63920832810365535 2159.3750000000005 10.14701206140351 -0.8041866928211282 5.5000000000000009 40.473684210526322 -0.99273797715557011 0.067682722635586057 26.855263157894743
decision_type=2 2 2 2 10 2 2 2 2 2 2 2 10 2 2 2 2 2 2 2 2 2 10 2 2 2 2 2 2 2
left_child=1 -1 3 5 -5 11 -7 8 24 10 -6 12 18 14 15 23 -16 -18 19 20 -3 22 -21 -13 25 26 -2 28 -23 -30
right_child=7 2 -4 4 9 6 -8 -9 -10 -11 -12 13 -14 -15 16 -17 17 -19 -20 21 -22 27 -24 -25 -26 -27 -28 -29 29 -31
leaf_value=-2.0559584105610158 1.1376429136979824 0.076997811813180314 -0.48616780422944433 -3.7680926679172675 -1.7835261931629818 1.7496861037081772 0.047449824231625831 -1.0106811368317268 5.4426555306828961 2.1295084518974137 1.4486983597873746 -0.75571981882724237 -2.8119837050682466 -1.460259857953804 1.6205280178423607 -1.6106771468843704 -1.2089261945467229 0.62088328260549597 -1.9929811578341743 0.55597850251398317 1.4768506321434871 0.015108357252393035 -3.1775915457112549 0.54497529920143961 0.17493122783555465 -0.82854365659316054 4.6442292144602559 -0.22582567672939149 0.1993421985862483 2.4603229336756161
leaf_weight=214 67 1683 345 46 48 109 4019 112 43 149 98 71 69 205 50 130 50 43 227 40 180 411 68 80 1329 41 79 3390 62 51
leaf_count=214 67 1683 345 46 48 109 4019 112 43 149 98 71 69 205 50 130 50 43 227 40 180 411 68 80 1329 41 79 3390 62 51
internal_value=-0.000277572 -0.000903793 -0.000670968 -0.000403369 0.00979532 -0.000722187 0.00135626 0.0041567 0.00522436 0.0143581 0.0047619 -0.00198209 -0.00138305 -0.00785714 -0.00329412 -0.00904255 0.00798611 -0.00159574 -0.00112874 -0.000739042 0.00233369 -0.00216257 -0.0192661 -0.000328947 0.00441661 0.0146277 0.0231293 -0.00168582 0.00438095 0.0197368
internal_weight=13509 11838 11624 11279 341 10938 4128 1671 1559 295 146 6810 6181 629 424 281 143 93 6112 5885 1863 4022 108 151 1516 187 146 3914 524 113
internal_count=13509 11838 11624 11279 341 10938 4128 1671 1559 295 146 6810 6181 629 424 281 143 93 6112 5885 1863 4022 108 151 1516 187 146 3914 524 113
is_linear=0
shrinkage=0.05


Tree=147
num_leaves=31
num_cat=0
split_feature=14 12 4 6 12 4 14 1 1 1 14 13 13 1 10 12 10 1 3 1 13 7 12 8 6 6 12 10 12 12
split_gain=14.5542 8.84105 9.28581 11.6987 8.27034 7.47704 17.1609 11.1329 7.06741 8.8096 12.078 11.2948 11.4239 10.6163 12.8844 18.0605 16.8716 14.0281 12.7858 12.4971 12.3946 11.4438 11.3463 16.6853 10.5865 10.5347 10.2205 23.1786 15.9631 14.1298
threshold=1702.3750000000002 0.99463153969809781 22.303070637119109 820.36842105263179 0.99274428880883148 2.5303549168975077 2804.2500000000005 28.292050438596497 26.64771910919541 11.602028508771932 3875.7500000000005 -0.99983123799342477 -0.99864786094873803 11.36436403508772 -0.45274443793211405 0.019351116170480156 0.99907018497641664 7.5498081140350886 1.8855263157894726 5.925932017543861 0.94910885063987094 11.500000000000002 -0.9905448150984083 5.5000000000000009 227.77631578947373 353.21052631578954 0.52217737485370563 0.30983042691905771 0.20391355282604834 0.13612025994847315
decision_type=10 2 2 2 2 2 10 2 2 2 10 2 2 2 2 2 2 2 2 2 2 2 2 2 2 2 2 2 2 2
left_child=-1 2 3 4 8 7 -7 -3 9 13 11 -11 -13 14 22 17 18 19 -17 -16 25 -15 -2 24 -24 -19 28 -28 29 -20
right_child=1 5 -4 -5 -6 6 -8 -9 -10 10 -12 12 -14 21 15 16 -18 20 26 -21 -22 -23 23 -25 -26 -27 27 -29 -30 -31
leaf_value=-0.65174453434326551 -0.24109718220288415 -0.32383464983049637 2.4804467567422082 -0.98423094123872945 1.6712188232114842 1.53267198727508 -0.6617403096226554 -2.9293825741287494 0.28092155890917642 2.4623638028369896 -5.3713031863242469 -1.5223496591436743 -0.046143604422604768 2.0227768271039621 -1.2636121035730867 -3.8323624869064137 2.2281276615295385 -0.18184005431023709 0.60926140225983549 0.54644765079349333 -2.8155537268071615 0.52795707230523026 1.9008102706750378 -0.51011236593571996 -1.3432070944620138 -5.1611402740166801 -1.1551135373276111 0.090309606617074684 1.6958033839066502 -2.8057950800663551
leaf_weight=299 129 288 68 389 69 53 63 41 1041 49 44 87 6723 76 77 41 47 587 163 305 140 83 298 75 43 41 120 1312 555 117
leaf_count=299 129 288 68 389 69 53 63 41 1041 49 44 87 6723 76 77 41 47 587 163 305 140 83 298 75 43 41 120 1312 555 117
internal_value=5.58701e-05 0.000304762 0.000548107 0.000447986 0.000719954 -0.00661435 0.0042735 -0.0104545 0.000621195 0.000251957 -0.000847335 -0.000677843 -0.000851564 0.00205463 0.00155517 0.000442099 0.00294992 -0.00469157 0.00233867 0.00313316 -0.00858257 0.0146875 0.00869963 0.0127098 0.0173977 -0.00556439 0.00284392 0.000279135 0.00723684 -0.0024911
internal_weight=13423 13124 12679 12611 12222 445 116 329 12153 11112 6903 6859 6810 4209 4050 3505 2355 1150 2308 382 768 159 545 416 341 628 2267 1432 835 280
internal_count=13423 13124 12679 12611 12222 445 116 329 12153 11112 6903 6859 6810 4209 4050 3505 2355 1150 2308 382 768 159 545 416 341 628 2267 1432 835 280
is_linear=0
shrinkage=0.05


Tree=148
num_leaves=31
num_cat=0
split_feature=8 15 15 7 7 2 7 15 1 10 1 15 7 15 14 8 15 12 1 6 10 14 15 0 7 12 10 1 7 10
split_gain=11.4067 20.8099 20.2363 17.9193 17.3696 15.0354 14.0964 20.8919 12.4744 11.9461 15.443 13.0764 11.3861 20.7432 50.6052 19.0559 15.8452 14.1366 14.084 18.9243 14.7644 13.3993 14.7554 11.7722 11.2154 12.6161 11.1684 10.8895 13.7281 10.5525
threshold=4.5000000000000009 3117.3750000000005 4186.2500000000009 1.5000000000000002 16.500000000000004 10.428947368421055 20.500000000000004 2189.6250000000005 22.254413377192986 0.90162119223771331 13.951973684210527 2347.3750000000005 2.5000000000000004 3117.3750000000005 3528.3750000000005 1.0000000180025095e-35 1981.3750000000002 -0.82415234898030387 8.6816885964912291 294.68421052631589 -0.45274443793211405 2903.3750000000005 2237.1250000000005 20.382894736842111 9.5000000000000018 -0.27694476165744958 0.59868201182722736 6.2878015350877208 13.500000000000002 -0.25205528343633254
decision_type=2 8 8 2 2 2 2 10 2 2 2 8 2 10 10 2 10 2 2 2 2 10 10 2 2 2 2 2 2 2
left_child=2 3 12 -2 9 8 -6 -8 -4 -5 11 -11 15 14 21 -1 17 -17 19 20 -15 22 23 -14 -23 -26 -21 -22 -29 -10
right_child=1 -3 5 4 6 -7 7 -9 29 10 -12 -13 13 18 -16 16 -18 -19 -20 26 27 24 -24 -25 25 -27 -28 28 -30 -31
leaf_value=-1.2032389032307833 0.8257623340191913 -2.7585786303696298 3.2319076793801518 -0.26200490257281217 0.51735961223105276 5.4262529512051634 0.24845760092003957 -1.7552888401524229 0.56990141945815365 0.058710805645318942 -1.9523582820763921 -2.6088136194776781 0.34397988581358735 6.4868036939461042 7.6678824595821204 -0.16482704641894089 -0.2508833268073431 0.88250490337986776 -0.22707805133100012 -3.1113634909138455 -0.16386849626061351 3.1268218809603243 -0.036622339541054316 2.9679712372039151 -0.015110906421068649 1.2788519778950787 0.91409849778408447 2.629285863670225 0.13759050228704836 -3.456912591659409
leaf_weight=234 318 83 41 1995 613 60 309 162 46 175 146 69 910 53 83 94 692 182 3397 57 144 190 2306 75 387 252 48 159 177 40
leaf_count=234 318 83 41 1995 613 60 309 162 46 175 146 69 910 53 83 94 692 182 3397 57 144 190 2306 75 387 252 48 159 177 40
internal_value=0.00012224 -0.00216998 0.00104383 -0.00162355 -0.00266571 0.0172872 0.00258065 -0.00391949 0.00742188 -0.00505029 -0.0130435 -0.00530612 0.000720263 0.00138366 0.00384158 -0.00382377 -0.000722394 0.00938628 -0.00117691 0.0056338 0.00945693 0.00305751 0.00162515 0.00674442 0.00873494 0.00554687 -0.0136792 0.00665281 0.0115727 -0.00344828
internal_weight=13497 3870 9627 3787 3469 187 1084 471 127 2385 390 244 9440 8238 4203 1202 968 276 4035 638 533 4120 3291 985 829 639 105 480 336 86
internal_count=13497 3870 9627 3787 3469 187 1084 471 127 2385 390 244 9440 8238 4203 1202 968 276 4035 638 533 4120 3291 985 829 639 105 480 336 86
is_linear=0
shrinkage=0.05


Tree=149
num_leaves=31
num_cat=0
split_feature=10 1 1 7 3 1 1 10 10 13 13 7 8 10 14 10 12 10 10 10 7 1 4 6 7 14 8 1 12 12
split_gain=13.5287 11.9734 15.0395 11.1549 10.8082 9.96529 9.74243 16.111 28.7417 18.6485 19.0657 16.9605 14.1306 21.3754 19.8478 16.5177 11.943 16.5693 14.0959 12.2641 16.4206 13.6955 11.1337 13.3435 10.6659 11.0674 10.5606 28.0124 13.4234 11.4852
threshold=0.84313847884979054 8.8327028508771956 11.051781798245615 22.500000000000004 8.0907894736842128 18.256304824561408 25.80183662280702 0.10837544681456425 0.17646842360078763 0.92520893929334658 0.97650658860526895 16.500000000000004 4.5000000000000009 -0.83377653105606597 2477.1250000000005 -0.38242426011641079 0.77241981449888963 -0.75015329512557194 -0.88622299073327826 -0.85227431625818906 12.500000000000002 24.183634868421056 0.65967936288088691 427.31578947368428 13.500000000000002 3316.8750000000005 1.5000000000000002 6.7560581140350893 0.80033572242307993 -0.998663445439673
decision_type=2 2 2 2 2 2 2 2 2 2 2 2 2 2 10 2 2 2 2 2 2 2 2 2 2 10 2 2 2 2
left_child=3 -2 -3 6 5 -4 7 9 -9 16 -11 -12 13 -8 -14 24 22 18 -18 20 -20 -21 23 -1 -15 -26 27 -10 -29 -28
right_child=1 2 4 -5 -6 -7 12 8 26 10 11 -13 14 15 -16 -17 17 -19 19 21 -22 -23 -24 -25 25 -27 29 28 -30 -31
leaf_value=0.077681199627500072 -1.5835097098392681 0.47635175484449521 -0.51649365350453991 -0.43036087863417838 1.5697199633260881 1.1214072510093616 3.9325798416557975 3.6393258680975862 4.4593323752547063 -2.4681547311060514 -0.86197164905165669 0.89095109278196105 1.0257142536896027 -0.4585785907069635 -0.50059073852073654 1.9828723502365506 -1.5032151679167101 -1.3497155089520221 4.0015221661039959 0.68132992097591805 -0.30586805561574693 -1.2325006110118011 0.81948475975411839 -1.2282509392528824 1.2219346160351734 -0.25858747168229002 -1.3048510501532975 0.83394130240674258 -0.30066181835719591 0.071415218193192229
leaf_weight=3485 123 493 1805 473 44 56 82 186 124 273 349 124 135 332 367 478 84 203 55 165 42 83 247 238 154 69 98 532 312 2262
leaf_count=3485 123 493 1805 473 44 56 82 186 124 273 349 124 135 332 367 478 84 203 55 165 42 83 247 238 154 69 98 532 312 2262
internal_value=0.000308001 -0.00299366 -0.00220925 0.0010682 -0.0042235 -0.00480666 0.00140744 0.000755952 0.00338549 -0.000972144 -0.00829987 -0.00221519 0.00497528 0.00810932 -0.00198807 0.0061412 0.00021725 -0.00616114 -0.000581395 0.00390173 0.0188776 -0.00200803 0.00123395 0.000550483 0.000269784 0.00870536 0.00231301 0.00670795 0.00343195 0.000508259
internal_weight=13473 2521 2398 10952 1905 1861 10479 8862 3514 5348 746 473 1617 1115 502 1033 4602 632 429 345 97 248 3970 3723 555 223 3328 968 844 2360
internal_count=13473 2521 2398 10952 1905 1861 10479 8862 3514 5348 746 473 1617 1115 502 1033 4602 632 429 345 97 248 3970 3723 555 223 3328 968 844 2360
is_linear=0
shrinkage=0.05


Tree=150
num_leaves=31
num_cat=0
split_feature=1 11 11 13 1 12 12 11 12 14 15 1 10 10 1 13 12 8 10 14 10 12 12 14 1 10 10 1 10 1
split_gain=9.41894 13.1843 14.1101 13.2087 13.3901 26.0583 17.5562 13.1491 13.0618 16.5844 17.7758 13.7029 12.7154 15.0418 10.6908 13.5143 10.683 18.5154 10.6725 10.5233 10.3029 11.6112 16.0312 10.2985 9.95208 9.91238 21.4176 14.0699 17.8958 32.6385
threshold=25.80183662280702 -0.056951011027366626 -0.082691941062253513 0.90438663683299525 18.578481359649128 0.38044714639866822 0.61746692340271048 -0.048362832084465616 0.34841060557183762 2509.8750000000005 2286.6250000000005 24.522642543859654 0.45273815774107123 0.42179998225932674 29.959237938596498 0.9980355542543059 0.21652696009750597 2.5000000000000004 0.39036257410962044 2961.8750000000005 -0.83377653105606597 0.99898004730802425 0.99683609994235922 2190.8750000000005 29.166940789473689 -0.75015329512557194 -0.44504625642270151 22.111129385964919 -0.88622299073327826 22.604029605263161
decision_type=2 2 2 2 2 2 2 2 2 10 8 2 2 2 2 2 2 2 2 10 2 2 2 10 2 2 2 2 2 2
left_child=1 2 3 4 5 -1 8 -3 11 10 -10 12 13 16 15 20 17 23 -19 -14 -2 22 -22 -6 -23 27 -27 -8 29 -29
right_child=14 7 -4 -5 6 -7 25 -9 9 -11 -12 -13 19 -15 -16 -17 -18 18 -20 -21 21 24 -24 -25 -26 26 -28 28 -30 -31
leaf_value=-0.20286848207533695 2.4276454021426392 1.2086481930717925 -1.8172301030052609 -2.0386036135035739 4.1632004582194666 -2.8338455565954406 1.4272390241007997 0.05284233523908597 0.82048749277265642 1.2856699077080749 -3.0029228750218295 -0.99000780247608877 0.55493698630018573 -1.2780990353336052 -1.3033404122255208 4.832838603372057 -0.75477641137690632 -1.7904536652328034 0.77935579310458258 3.1670667225993614 0.21718100319259293 2.5338034876111468 -3.8140362023349326 0.76346258094419006 0.57597831184335746 -2.257116785126914 0.55705127121179887 -3.0753045628470774 0.63943386723638018 -0.2110763599856682
leaf_weight=1923 114 40 108 186 53 104 97 7224 44 166 44 61 345 70 96 51 113 95 61 76 1236 52 61 122 46 178 79 73 295 204
leaf_count=1923 114 40 108 186 53 104 97 7224 44 166 44 61 345 70 96 51 113 95 61 76 1236 52 61 122 46 178 79 73 295 204
internal_value=0.000212401 -0.000284816 -0.00241218 -0.00197039 -0.00139153 -0.0043146 0.00133211 0.00103235 0.00519584 0.0152941 -0.00224719 0.00260782 0.00411325 -0.00116505 0.0037417 0.00474055 0.00224719 0.00677711 -0.00573248 0.010545 0.00387417 0.00268625 0.00142527 0.0178977 0.0191919 -0.0038835 -0.0122093 -0.000671642 -0.00366492 -0.0127698
internal_weight=13417 11761 4497 4389 4203 2027 2176 7264 1250 254 88 996 935 514 1656 1560 444 331 156 421 1509 1395 1297 175 98 926 257 669 572 277
internal_count=13417 11761 4497 4389 4203 2027 2176 7264 1250 254 88 996 935 514 1656 1560 444 331 156 421 1509 1395 1297 175 98 926 257 669 572 277
is_linear=0
shrinkage=0.05


Tree=151
num_leaves=31
num_cat=0
split_feature=14 8 14 15 13 9 15 12 10 12 14 13 12 0 12 1 15 15 1 1 15 15 13 1 10 12 13 11 15 15
split_gain=12.9367 13.105 15.1212 16.1858 13.5649 12.5559 16.2581 13.2962 31.0522 16.9102 12.659 12.0392 12.019 21.9664 14.2181 12.639 11.6113 13.444 11.2169 13.8032 10.6609 14.766 13.3094 10.6406 14.2391 10.4987 11.4887 8.78255 8.16015 8.2433
threshold=1762.1250000000002 1.5000000000000002 3567.6250000000005 3518.1250000000005 0.56192200557241578 1.0000000180025095e-35 4031.0000000000005 0.86113431103781346 -0.814291907305839 0.98702314536340274 2754.2500000000005 0.34841000145353967 -0.98214488425316759 17.748684210526317 -0.97113884758256674 9.7308662280701768 3493.3750000000005 2677.1250000000005 29.166940789473689 28.793914473684215 2587.8750000000005 3672.3750000000005 0.89693010073300883 15.393832236842107 -0.71504373327588355 -0.9470547246821871 0.14889004263668562 -0.64580103137750788 3143.1250000000005 2688.7500000000005
decision_type=10 2 10 10 2 2 10 2 2 2 10 2 2 2 2 2 10 10 2 2 8 10 2 2 2 2 2 2 10 10
left_child=-1 2 5 -4 11 6 7 20 -9 16 -11 -5 13 15 -14 -3 17 -10 19 -16 -2 25 -23 24 -17 26 27 -22 29 -7
right_child=1 12 3 4 -6 28 -8 8 9 10 -12 -13 14 -15 18 23 -18 -19 -20 -21 21 22 -24 -25 -26 -27 -28 -29 -30 -31
leaf_value=-0.51107551164313925 0.98213600444739768 -1.3933819618921917 3.4017023512469109 -1.2795979702402747 -2.1667534441127603 -1.6469007455558597 6.8621501315122719 3.344520972602993 -0.30225617062703808 -0.16790502977432881 1.545059832361426 2.072014372580111 1.2629212717921974 -3.0962480785525375 -0.025273501899215491 -0.46109049227869719 0.0053041482238086251 -2.7758130051766785 0.9217374704270811 -1.6166530716514673 2.5096106405708043 3.7063108459250316 -0.11412585943280647 -1.2123825615770216 0.39925579222121999 0.031893173596915861 4.0846157215850551 -0.082787420081695026 -4.9221240367111028 0.99825442138441078
leaf_weight=491 759 57 44 79 133 40 49 54 93 158 50 42 173 97 8398 94 83 99 266 108 46 117 43 112 219 1318 62 121 49 40
leaf_count=491 759 57 44 79 133 40 49 54 93 158 50 42 173 97 8398 94 83 99 266 108 46 117 43 112 219 1318 62 121 49 40
internal_value=0.000133383 0.000434482 0.00306034 -0.00769231 -0.012549 0.00406977 0.00471667 0.00424434 -0.00288104 -0.00692149 0.00382775 -0.000409836 -0.000524934 -0.0075 -7.26582e-05 -0.00310559 -0.0150362 -0.0217617 -0.000353357 -0.000670036 0.00579651 0.0036007 0.0180124 -0.000117371 0.00461783 0.00209948 0.0119565 0.00505952 -0.0111538 -0.00123457
internal_weight=13494 13003 3479 298 254 3181 3052 3003 537 483 208 121 9524 579 8945 482 275 192 8772 8506 2466 1707 160 425 313 1547 229 167 129 80
internal_count=13494 13003 3479 298 254 3181 3052 3003 537 483 208 121 9524 579 8945 482 275 192 8772 8506 2466 1707 160 425 313 1547 229 167 129 80
is_linear=0
shrinkage=0.05


Tree=152
num_leaves=31
num_cat=0
split_feature=7 7 6 8 6 12 8 12 13 12 3 8 7 13 7 14 13 1 11 13 14 6 7 12 11 1 11 6 7 3
split_gain=12.0083 14.3704 15.0486 13.0595 20.5373 17.2231 17.416 14.439 16.7442 18.2729 14.0393 11.7663 20.8758 11.9933 11.243 19.876 10.5116 10.9366 10.0823 10.5856 14.3756 9.89839 9.66521 9.39545 19.0441 16.5474 12.3489 22.2492 26.2478 24.766
threshold=7.5000000000000009 10.500000000000002 495.77631578947376 5.5000000000000009 662.75000000000011 0.9993614236720848 4.5000000000000009 0.98091558679606194 0.91423533665985768 -0.049435780479547518 9.3539473684210552 5.5000000000000009 4.5000000000000009 -0.09768186449137739 15.500000000000002 3635.1250000000005 -0.83377508534904698 14.941228070175441 0.99611390731392835 0.38044648673137205 2867.8750000000005 175.90789473684217 19.500000000000004 0.71051919230648819 -0.8901731938066898 27.285197368421056 0.38043945030393422 178.89473684210529 19.500000000000004 10.230263157894738
decision_type=2 2 2 2 2 2 2 2 2 2 2 2 2 2 2 10 2 2 2 2 10 2 2 2 2 2 2 2 2 2
left_child=11 2 18 5 7 6 23 8 -5 -10 14 -1 13 -13 -8 22 -4 -18 19 -2 -21 -22 -16 25 -25 26 -3 28 -28 -30
right_child=1 3 16 4 -6 -7 10 -9 9 -11 -12 12 -14 -15 15 -17 17 -19 -20 20 21 -23 -24 24 -26 -27 27 -29 29 -31
leaf_value=-0.039469409396622274 0.96559018274799657 -0.094835158238015541 -1.4878728331191384 0.7190897393826049 -0.85856442377366315 1.9945453747441093 -1.4398638778749273 -0.99094822280585504 1.6915058449080107 -1.9665264654036265 1.2268742048982404 -0.7464359759127831 -1.6339038152720038 0.4274756069204102 0.0090262534695511928 1.8552514452077504 2.670221843837385 -0.011658945545354982 -2.8454060130243763 6.269032871846548 1.8400306576721506 -0.14995408484855943 -0.85270049247185398 -1.5906805937617265 -0.14232971151872106 2.6816712723675211 1.2795780497817077 -0.8617344879949087 0.28485362578956031 -1.8748308645910017
leaf_weight=3854 705 2304 113 769 120 62 383 57 50 75 60 182 247 210 247 43 51 479 49 80 162 79 276 62 1258 157 643 292 315 94
leaf_count=3854 705 2304 113 769 120 62 383 57 50 75 60 182 247 210 247 43 51 479 49 80 162 79 276 62 1258 157 643 292 315 94
internal_value=0.000185474 0.00124082 0.00535195 0.000268299 0.00536381 -0.0006132 -0.000880196 0.00782563 0.00938547 -0.00753968 -0.00688119 -0.00192479 -0.00820313 -0.00101781 -0.00836842 -0.00388007 -0.000698758 0.00225989 0.0089684 0.0100292 0.0175466 0.0113636 -0.00658397 0.00030238 -0.00333081 0.00156332 0.000876953 0.00468401 0.00807217 -0.00182927
internal_weight=13478 8985 1718 7267 1071 6196 6134 951 894 125 1009 4493 639 392 949 566 643 530 1075 1026 321 241 523 5125 1320 3805 3648 1344 1052 409
internal_count=13478 8985 1718 7267 1071 6196 6134 951 894 125 1009 4493 639 392 949 566 643 530 1075 1026 321 241 523 5125 1320 3805 3648 1344 1052 409
is_linear=0
shrinkage=0.05


Tree=153
num_leaves=31
num_cat=0
split_feature=14 7 8 8 7 12 15 14 15 14 8 12 15 7 6 15 12 8 13 14 7 6 12 12 6 13 12 7 15 0
split_gain=12.8 9.32947 13.2454 15.9375 20.8419 19.6171 19.3223 24.7308 14.7619 26.8868 17.8766 14.0091 13.8827 12.9896 13.4701 13.3962 15.6276 19.9172 18.2576 13.7912 15.0051 12.2513 11.8164 11.5082 11.4278 10.946 10.8166 10.4548 10.2552 21.6613
threshold=1615.5000000000002 7.5000000000000009 1.5000000000000002 1.0000000180025095e-35 3.5000000000000004 0.86113431103781346 2109.6250000000005 1869.3750000000002 2202.0000000000005 2087.3750000000005 5.5000000000000009 0.89693165594635726 1775.8750000000002 10.500000000000002 184.13157894736847 3135.1250000000005 -0.79384350655589164 3.5000000000000004 0.97786949981288174 3777.6250000000005 18.500000000000004 338.76315789473693 0.77923869640500354 -0.23432901867687267 86.328947368421083 -0.89404254237865755 -0.9905448150984083 8.5000000000000018 1981.3750000000002 15.751315789473688
decision_type=8 2 2 2 2 2 8 10 8 10 2 2 10 2 2 10 2 2 2 10 2 2 2 2 2 2 2 2 8 2
left_child=-1 2 3 4 28 -6 -5 -8 10 -10 12 22 -4 14 27 -15 17 21 19 20 23 26 -12 24 -18 -11 -17 -3 29 -2
right_child=1 13 8 6 5 -7 7 -9 9 25 11 -13 -14 15 -16 16 18 -19 -20 -21 -22 -23 -24 -25 -26 -27 -28 -29 -30 -31
leaf_value=-1.8911881580038994 -0.85913138491982866 0.52024804014763504 2.1976383977051683 1.4833455410674619 1.5399372182974049 -1.7160746569927596 -2.2905038546018885 0.45845789440421642 -4.4156823510032437 0.37298404777420729 -0.62429628791268221 0.54407604917840902 0.068498069497627517 0.088518651094022974 0.20405709609613043 -1.0622464809542635 0.06576232988803668 -1.3876917662866619 1.8593985785999849 -1.21571834401243 -1.2988417869539604 -1.5845382931882797 -1.8243881353783764 0.0034652100955781862 -1.5751571409646432 -0.56595786998262843 2.1832707107898162 2.5871098903912642 -2.9944388528782042 0.93323688319794662
leaf_weight=55 199 227 76 196 259 56 57 400 58 183 483 87 1097 4774 1228 63 116 63 118 306 220 67 40 1150 234 1138 203 220 60 45
leaf_count=55 199 227 76 196 259 56 57 400 58 183 483 87 1097 4774 1228 63 116 63 118 306 220 67 40 1150 234 1138 203 220 60 45
internal_value=-0.000252244 -0.000152712 -0.00202931 0.00227808 -0.00346774 0.00553797 0.00772171 0.00207424 -0.00376225 -0.00764493 -0.000756726 -0.00769231 0.00285349 0.000773081 0.00474344 -0.000136705 -0.00306966 0.00604534 -0.00475524 -0.00587074 -0.00412551 0.0109281 -0.0107824 -0.00233178 -0.0102564 -0.0061649 0.0157303 0.0121652 -0.0127869 -0.00816327
internal_weight=13478 13423 4434 1272 619 315 653 457 3162 1379 1783 610 1173 8989 1675 7314 2540 396 2144 2026 1720 333 523 1500 350 1321 266 447 304 244
internal_count=13478 13423 4434 1272 619 315 653 457 3162 1379 1783 610 1173 8989 1675 7314 2540 396 2144 2026 1720 333 523 1500 350 1321 266 447 304 244
is_linear=0
shrinkage=0.05


Tree=154
num_leaves=31
num_cat=0
split_feature=14 14 8 9 11 11 6 14 12 11 11 15 15 12 8 15 11 12 0 11 7 14 0 14 15 7 3 11 11 11
split_gain=10.5029 10.1403 8.26469 15.649 12.5062 36.9578 13.1362 19.3247 14.4083 19.2268 13.3808 13.178 12.8362 10.7646 9.89804 9.84359 9.47332 9.04602 17.359 17.0789 24.0137 28.2703 14.5326 14.002 9.35192 8.13637 13.5591 13.3274 14.5242 10.6674
threshold=1666.8750000000002 4265.8750000000009 2.5000000000000004 1.0000000180025095e-35 -0.86548532668110156 -0.82899557272681157 167.56578947368425 3646.8750000000005 0.41203339881415796 -0.9497838742125716 -0.9260227363677036 3805.8750000000005 4002.2500000000005 0.44313197806314492 1.5000000000000002 3170.1250000000005 -0.80926783187727869 0.94704596667653973 10.535526315789477 -0.46039597980994923 14.500000000000002 1762.1250000000002 21.661842105263162 2832.3750000000005 3212.2500000000005 7.5000000000000009 2.1881578947368419 0.26659387353423869 0.81304046271159414 0.93469109537144635
decision_type=10 10 2 2 2 2 2 10 2 2 2 8 10 2 2 10 2 2 2 2 2 10 2 10 10 2 2 2 2 2
left_child=-1 2 3 4 6 -6 8 13 -2 -10 -11 -9 -13 15 17 -8 -16 19 23 20 21 -7 -22 -19 -20 27 -27 -18 -29 -30
right_child=1 -3 -4 -5 5 14 7 11 9 10 -12 12 -14 -15 16 -17 25 18 24 -21 22 -23 -24 -25 -26 26 -28 28 29 -31
leaf_value=-1.133144329334641 1.2500199160104444 3.4031850574273452 -0.064100003592352559 -1.7190632828356742 -4.8350334745474246 -0.28294180545466363 6.5176871610176823 -1.1148524287081727 -3.8335433843993316 2.1315292191434199 -1.0958604557945364 2.7587214266722868 -0.21179492921583007 6.0024067923146394 -1.9611899743777714 0.87381010614379884 0.1110630972558056 0.0034584119080136588 -0.50630884681368116 0.17972323016965674 -0.7648074095064431 3.8504591770282106 2.6495614189397658 2.0041836390184473 -3.0951282669640481 -0.35386605964363299 0.52771248178839869 -1.3896980526319114 0.3868305607912248 -0.69021475922863262
leaf_weight=175 196 51 7659 170 60 42 60 53 61 44 73 46 41 62 57 106 251 123 143 2234 123 209 45 40 103 505 526 132 68 66
leaf_count=175 196 51 7659 170 60 42 60 53 61 44 73 46 41 62 57 106 251 123 143 2234 123 209 45 40 103 505 526 132 68 66
internal_value=-8.13309e-05 7.86517e-05 -7.51936e-06 0.00144504 0.00191042 0.000962352 0.00794078 0.0146341 0.00133333 -0.00893855 0.0029661 0 0.0119318 0.0235808 0.00146744 0.0167665 -0.00171233 0.00313418 -0.00378049 0.00420121 0.0134524 0.0232143 -0.00118343 0.00884146 -0.0121457 -0.000968367 0.00159884 -0.00608108 -0.0138577 -0.00222222
internal_weight=13524 13349 13298 5639 5469 4727 742 368 374 178 117 140 87 228 4667 166 1605 3062 409 2653 419 251 168 163 246 1548 1031 517 266 134
internal_count=13524 13349 13298 5639 5469 4727 742 368 374 178 117 140 87 228 4667 166 1605 3062 409 2653 419 251 168 163 246 1548 1031 517 266 134
is_linear=0
shrinkage=0.05


Tree=155
num_leaves=31
num_cat=0
split_feature=1 8 6 15 14 10 0 1 0 0 10 8 1 11 10 1 11 1 12 15 12 1 15 15 14 15 15 14 12 6
split_gain=10.5282 8.44816 15.9952 14.1163 23.012 11.7765 11.4061 13.2751 16.1957 10.4498 9.10051 19.7236 12.0612 8.92251 14.9378 12.0948 17.7144 16.5353 15.0464 14.1949 10.7209 9.55383 8.78383 9.56357 27.3226 15.8464 15.7203 15.2806 10.1992 10.1694
threshold=29.166940789473689 3.5000000000000004 674.28947368421075 2116.3750000000005 2050.1250000000005 -0.96689237009891416 15.751315789473688 14.842927631578949 12.635526315789475 18.856578947368426 0.17646842360078763 4.5000000000000009 7.6205043859649138 0.080547328232315238 0.95998215779580554 16.28541666666667 -0.32613736746952143 18.959978070175442 -0.97509344079810367 2699.1250000000005 0.14889030080148793 13.409786184210528 1664.6250000000002 3347.1250000000005 3186.3750000000005 3005.8750000000005 3753.2500000000005 3764.6250000000005 1.0000000180025095e-35 126.90789473684212
decision_type=2 2 2 8 10 2 2 2 2 2 2 2 2 2 2 2 2 2 2 10 2 2 8 10 10 10 10 10 2 2
left_child=1 22 3 5 -5 -3 7 8 10 -8 11 -7 -13 15 -15 18 -17 20 -6 21 -18 -20 -1 24 -24 28 -25 -28 -26 -29
right_child=-2 2 -4 4 13 6 9 -9 -10 -11 -12 12 -14 14 -16 16 17 -19 19 -21 -22 -23 23 26 25 -27 27 29 -30 -31
leaf_value=-0.75864613426624039 0.58569567681249735 -0.60525778575736244 -1.050809844110836 -3.580345733015486 0.49532914926912786 -1.1643837559634278 0.9613565292217402 -0.35733713299309217 1.4920955495430919 0.30489300014667153 -0.087212470860333735 1.6472115841638129 0.48990760313756709 -0.070910865910366286 1.5462023090661206 -0.36269463310723044 0.47631209946048331 1.1313597776711732 0.55336548480543113 -2.0223613429346643 -1.4874870145444676 -1.6268798818118513 0.034692142843391595 -0.42560286434440969 0.087200043607390407 0.85499966704653618 1.0800486666923008 0.20262584730771779 5.8294619623693738 -1.1720756174172153
leaf_weight=48 431 171 455 79 47 70 200 222 68 227 435 82 143 1866 85 869 59 111 73 125 51 142 4555 1383 43 499 441 175 127 170
leaf_count=48 431 171 455 79 47 70 200 222 68 227 435 82 143 1866 85 869 59 111 73 125 51 142 4555 1383 43 499 441 175 127 170
internal_value=-0.000156099 -0.000410843 -0.00188138 -0.00108272 -0.00286488 0.00277949 0.00424724 0.0013712 0.00438048 0.0110981 0.00218878 0.0089527 0.0161504 -0.00224555 -2.56148e-05 -0.00517591 -0.00247479 0.0101351 -0.0127577 -0.0164223 -0.0036036 -0.00856481 0.000692018 0.000831755 0.00199043 0.0114179 -0.00195853 0.00368488 0.0245614 -0.00419075
internal_weight=13452 13021 5580 5125 3507 1618 1447 1020 798 427 730 295 225 3428 1951 1477 1090 221 387 340 110 215 7441 7393 5224 669 2169 786 170 345
internal_count=13452 13021 5580 5125 3507 1618 1447 1020 798 427 730 295 225 3428 1951 1477 1090 221 387 340 110 215 7441 7393 5224 669 2169 786 170 345
is_linear=0
shrinkage=0.05


Tree=156
num_leaves=31
num_cat=0
split_feature=7 15 8 15 7 15 7 13 11 15 13 3 7 12 8 15 7 12 15 15 1 15 12 6 7 13 1 1 1 8
split_gain=9.05289 16.8557 13.0147 36.0685 17.3936 17.0839 30.3916 34.2775 26.1788 21.37 16.9621 16.7573 15.5347 15.8732 17.4506 15.2612 19.5472 11.4717 13.6428 11.2416 12.575 11.057 14.4725 9.83303 9.54532 14.3957 10.2481 9.54101 10.8308 12.6984
threshold=5.5000000000000009 2978.6250000000005 4.5000000000000009 2006.8750000000002 17.500000000000004 3135.1250000000005 20.500000000000004 0.51849435583340198 0.99958851518450398 2440.3750000000005 0.98448590438035632 9.0513157894736871 10.500000000000002 -0.69057042736241547 2.5000000000000004 2740.1250000000005 16.500000000000004 0.98802474685579866 3688.1250000000005 2626.1250000000005 5.925932017543861 2456.1250000000005 0.019351116170480156 338.76315789473693 8.5000000000000018 -0.9575230291762723 20.792132675438602 16.544353070175443 17.505400219298249 3.5000000000000004
decision_type=2 8 2 10 2 10 2 2 2 8 2 2 2 2 2 8 2 2 10 10 2 10 2 2 2 2 2 2 2 2
left_child=1 -1 3 4 -2 6 7 21 19 -8 12 -11 -7 14 23 24 -17 -15 -19 -9 -21 -5 27 -14 25 -4 -27 -23 -29 -30
right_child=2 -3 15 5 -6 10 9 8 -10 11 -12 -13 13 17 -16 16 -18 18 -20 20 -22 22 -24 -25 -26 26 -28 28 29 -31
leaf_value=-0.091288328762789209 8.7213222929349978 -2.4951823484253852 2.2221339029389813 2.933752361468362 0.40261661101009172 0.23582066598276016 0.20649306904088008 11.996433013332728 -1.7580091077139288 -0.71618238222054065 3.5243083219610529 -1.7547051050348046 1.676620837407063 -0.58779629267884281 -0.73820009610509496 -2.0838522953188203 0.0011708306938089663 0.81378549303665304 -1.1669398150799453 12.117332872296494 1.6031494497625545 0.39658073477307881 1.0631358404941467 -1.3124663809863251 0.05424798693738922 -1.8937306281566408 0.089318026150613156 -1.2431367525512997 0.81271386533462653 -1.3633206038272647
leaf_weight=3265 111 94 41 58 124 1435 646 110 53 349 113 63 217 1814 192 253 231 109 53 51 198 593 421 57 2023 269 100 153 157 49
leaf_count=3265 111 94 41 58 124 1435 646 110 53 349 113 63 217 1814 192 253 231 109 53 51 198 593 421 57 2023 269 100 153 157 49
internal_value=-0.00014922 -0.00239583 0.00060235 0.00175389 0.0209746 0.00109547 0.00401447 0.00789046 0.0205811 -0.00273843 -0.00102731 -0.0116223 -0.00158587 -0.00401146 0.00428266 -0.00221042 -0.0103093 -0.00596864 0.00674847 0.0254167 0.0194 0.00422486 0.0033115 0.0123636 -0.000595727 -0.00754258 -0.0106757 -0.000104932 -0.00652778 0.000966184
internal_weight=13402 3359 10043 7126 235 6891 2901 1843 412 1058 3990 412 3877 2442 466 2917 484 1976 162 359 249 1431 1373 274 2433 410 369 952 359 206
internal_count=13402 3359 10043 7126 235 6891 2901 1843 412 1058 3990 412 3877 2442 466 2917 484 1976 162 359 249 1431 1373 274 2433 410 369 952 359 206
is_linear=0
shrinkage=0.05


Tree=157
num_leaves=31
num_cat=0
split_feature=12 7 15 15 14 8 7 14 11 12 15 11 11 15 14 14 6 11 7 13 7 14 13 13 6 7 8 7 13 15
split_gain=9.84132 8.35361 10.8455 9.18829 19.5227 30.6301 11.876 12.9529 20.871 16.736 18.0127 13.4398 22.2836 13.1211 15.8955 21.7523 14.9324 12.2042 11.5096 11.3337 17.0181 15.4211 11.131 9.56479 8.99796 8.55871 16.46 21.1784 24.9476 15.5805
threshold=-0.9998468409516591 22.500000000000004 2252.1250000000005 3117.3750000000005 3646.8750000000005 4.5000000000000009 19.500000000000004 3567.6250000000005 0.60383265664488517 0.86113431103781346 3688.1250000000005 0.81800285027139297 0.84658398682345093 3262.1250000000005 3210.2500000000005 2210.2500000000005 198.88157894736847 0.77652048701313048 9.5000000000000018 0.97650658860526895 16.500000000000004 2196.3750000000005 0.97009571160424379 0.99731940924863693 195.84210526315795 5.5000000000000009 3.5000000000000004 17.500000000000004 0.51849435583340198 2521.2500000000005
decision_type=2 2 8 10 10 2 2 10 2 2 10 2 2 10 10 10 2 2 2 2 2 10 2 2 2 2 2 2 2 10
left_child=-1 3 -3 4 19 -6 7 8 9 10 18 -9 -13 -10 15 -15 -17 -16 -5 22 21 -21 25 -22 -14 -2 27 28 -27 -28
right_child=1 2 -4 6 5 -7 -8 11 13 -11 -12 12 24 14 17 16 -18 -19 -20 20 23 -23 -24 -25 -26 26 29 -29 -30 -31
leaf_value=-0.8963816690374643 -0.06120077053028581 -0.10242885815946466 -1.4021654714477336 0.55668676189136479 6.7026594125399015 0.33767848603592943 -1.7384044958242157 -0.88748855793833181 2.2287783626812372 -1.5415473367763071 1.7953635684039684 4.2927727963084186 0.0139779562030526 -1.2077207371167789 0.58851676361721272 3.4017909782463449 -0.21587775274429077 -1.5537529160462555 -0.39847540308302315 -0.13118236344891443 -0.064704428210376363 -2.6098109175222817 10.451806035815252 2.8682683622718517 -0.98680223584501625 1.0890657320010406 0.14597651040825213 0.081697230191957723 9.870867155091311 -0.29689244611207644
leaf_weight=71 3135 389 164 529 91 215 100 813 89 315 138 70 367 40 94 215 82 122 1140 172 84 201 51 45 104 699 1799 1058 119 1036
leaf_count=71 3135 389 164 529 91 215 100 813 89 315 138 70 367 40 94 215 82 122 1140 172 84 201 51 45 104 699 1799 1058 119 1036
internal_value=-0.000313699 -0.000215181 -0.00622744 4.25565e-05 0.000970595 0.013355 -0.00187248 -0.00145666 0.000506329 -0.00188413 -2.76549e-05 -0.00546125 0.000645756 0.00839813 0.00550542 0.0122781 0.0169463 -0.00506912 -0.00146707 0.000517857 -0.00675944 -0.0121658 0.000981261 0.00884615 -0.0032839 0.000828342 0.0021753 0.00580714 0.0118437 -0.000229196
internal_weight=13547 13476 553 12923 8705 306 4218 4118 2764 2122 1807 1354 541 642 553 337 297 216 1669 8399 502 373 7897 129 471 7846 4711 1876 818 2835
internal_count=13547 13476 553 12923 8705 306 4218 4118 2764 2122 1807 1354 541 642 553 337 297 216 1669 8399 502 373 7897 129 471 7846 4711 1876 818 2835
is_linear=0
shrinkage=0.05


Tree=158
num_leaves=31
num_cat=0
split_feature=14 0 12 12 12 8 14 10 7 12 12 7 12 14 7 8 13 11 0 8 10 10 11 10 10 7 10 13 14 10
split_gain=10.0709 8.9174 7.07912 6.97287 12.1522 11.3121 12.0806 10.5107 7.9299 6.99963 9.0814 16.7643 13.9571 8.13114 6.72004 6.37706 11.6452 15.0426 6.20349 5.5604 9.51618 9.45762 18.0208 10.3679 9.21529 15.0616 8.08611 9.40616 17.4296 16.0292
threshold=1702.3750000000002 34.51315789473685 0.89693165594635726 0.99898004730802425 0.99351232050787985 2.5000000000000004 2644.8750000000005 0.70290292807158605 8.5000000000000018 0.98519415784776321 0.97508442350096236 14.500000000000002 0.96687895796550427 2933.1250000000005 8.5000000000000018 2.5000000000000004 -0.11905762902754294 0.74298546529340237 10.352631578947371 2.5000000000000004 -0.99985146406598202 -0.97509794945709805 0.1318557721318592 -0.99275805973510278 -0.96689237009891416 14.500000000000002 -0.99940763397299126 -0.99273797715557011 2070.6250000000005 0.98522604642031408
decision_type=10 2 2 2 2 2 10 2 2 2 2 2 2 10 2 2 2 2 2 2 2 2 2 2 2 2 2 2 10 2
left_child=-1 3 -3 4 9 8 -7 14 -6 10 12 18 19 -14 -5 16 -11 -18 -12 20 -2 22 23 -22 25 -23 -21 28 -28 -29
right_child=1 2 -4 7 5 6 -8 -9 -10 15 11 -13 13 -15 -16 -17 17 -19 -20 26 21 24 -24 -25 -26 -27 27 29 -30 -31
leaf_value=-0.57931413519640962 2.1036014988046872 2.6866148838361372 -0.011176326233203327 0.16882668689573849 -1.1400810483899648 -0.16402079018325821 -3.8445869653009597 -0.42965206341563089 0.76529348934012664 -1.6200589721815277 -0.88245776673786058 0.30738292144951629 0.13905107418322588 1.7103012173085972 2.304780624260093 2.4162537612160806 3.0133676325790475 -0.082065149712616414 -3.1494408039442421 -0.95980889265395042 -0.23642219804760317 1.8528771296246533 2.4670255859788996 -1.88993874606212 0.08904574823768599 -0.56989977873500952 -0.56357136925366269 -0.034076117668132615 0.99920939629594163 -1.4340107713030195
leaf_weight=278 49 123 85 56 62 57 82 40 90 75 54 81 85 63 77 51 52 77 83 59 185 68 49 116 4546 46 46 6259 217 259
leaf_count=278 49 123 85 56 62 57 82 40 90 75 54 81 85 63 77 51 52 77 83 59 185 68 49 116 4546 46 46 6259 217 259
internal_value=8.16569e-05 0.000280452 0.0105263 0.000115518 -1.9513e-05 -0.0101027 -0.0203571 0.0100575 -0.000653595 0.000215638 4.48394e-05 -0.0100457 0.000228254 0.0154362 0.016791 0.00839844 0.00439024 0.0134615 -0.0206522 3.78151e-05 0.00129447 0.00107763 -0.00683761 -0.0114238 0.00167346 0.0156522 -0.000891683 -0.000729873 0.00852273 -0.00110446
internal_weight=13470 13192 208 12984 12811 291 139 173 152 12520 12265 218 12047 148 133 255 204 129 137 11899 5059 5010 350 301 4660 114 6840 6781 263 6518
internal_count=13470 13192 208 12984 12811 291 139 173 152 12520 12265 218 12047 148 133 255 204 129 137 11899 5059 5010 350 301 4660 114 6840 6781 263 6518
is_linear=0
shrinkage=0.05


Tree=159
num_leaves=31
num_cat=0
split_feature=1 11 11 14 1 15 10 7 12 12 14 1 11 7 7 6 14 14 3 6 10 10 1 14 15 6 0 10 1 6
split_gain=8.92097 10.765 17.4357 12.4429 11.184 10.3885 11.2397 13.0333 14.1518 18.2913 12.2586 8.72562 8.45566 9.17157 10.1594 11.1693 9.3754 9.06564 15.6114 13.9989 11.542 29.3413 13.4533 9.6682 8.88739 8.84871 10.2704 8.68925 12.743 8.45813
threshold=25.80183662280702 -0.065537083312030994 -0.082691941062253513 3833.6250000000005 12.340789473684215 2116.3750000000005 -0.82415615971448097 12.500000000000002 0.97109394436505758 0.99898004730802425 3336.2500000000005 29.166940789473689 -0.031174269516803289 8.5000000000000018 10.500000000000002 178.89473684210529 3875.7500000000005 3455.1250000000005 4.034210526315789 178.89473684210529 -0.92274349529687905 -0.86976336936302323 16.857319078947373 3169.3750000000005 1930.8750000000002 561.59210526315803 17.967105263157901 0.99552231814189451 11.051781798245615 162.30263157894743
decision_type=2 2 2 8 2 10 2 2 2 2 10 2 2 2 2 2 10 10 2 2 2 2 2 10 10 2 2 2 2 2
left_child=1 2 3 4 -1 -2 10 8 11 -10 -7 -8 29 -14 15 -15 -17 20 19 -19 23 22 -22 -16 -23 26 27 -26 -29 -3
right_child=5 12 -4 -5 -6 6 7 -9 9 -11 -12 -13 13 14 17 16 -18 18 -20 -21 21 24 -24 -25 25 -27 -28 28 -30 -31
leaf_value=-2.0899815887927389 1.0836482333366804 1.4253379246624946 -2.4396083540406384 -6.5288158435087214 -0.089522778115394885 0.19952524593684304 -0.34466877407844554 0.35514896636252619 -2.6675499857353318 0.68503896506456385 3.63115702315406 1.136312049766093 -0.10525598361396078 2.1962023696960844 -0.46286695023422342 0.72556905010129646 -1.5629950288269585 0.098784439994460627 0.008378634931364105 -1.8656629049292519 4.4958458307450888 1.7950585167686315 0.82690599999772874 0.60343205396311539 0.13607831986684005 1.2682100070928302 -3.0698779676018377 0.33795068118031396 -2.5223983493456217 -0.34687060620551624
leaf_weight=86 273 95 79 46 4264 73 377 649 129 51 46 111 2674 195 378 360 47 81 663 126 70 49 76 112 2018 108 47 63 70 61
leaf_count=86 273 95 79 46 4264 73 377 649 129 51 46 111 2674 195 378 360 47 81 663 126 70 49 76 112 2018 108 47 63 70 61
internal_value=-7.04852e-05 -0.000560795 -0.00249106 -0.00206959 -0.00179269 0.00330409 0.00160056 0.000265554 -0.00463378 -0.0165746 0.01625 -0.000204499 0.0006238 0.000371252 0.00175851 0.00779436 0.00306373 0.00081564 -0.00367394 -0.015625 0.00212233 0.0034972 0.0251701 -0.00488798 0.00214346 0.00169051 0.00100045 0.00151022 -0.0108209 0.0121019
internal_weight=13477 11768 4475 4396 4350 1709 1436 1317 668 180 119 488 7293 7137 4463 602 407 3861 870 207 2991 2501 146 490 2355 2306 2198 2151 133 156
internal_count=13477 11768 4475 4396 4350 1709 1436 1317 668 180 119 488 7293 7137 4463 602 407 3861 870 207 2991 2501 146 490 2355 2306 2198 2151 133 156
is_linear=0
shrinkage=0.05


Tree=160
num_leaves=31
num_cat=0
split_feature=11 7 8 7 7 15 5 11 15 14 15 7 7 15 7 11 11 1 12 14 8 14 15 1 11 11 15 0 10 0
split_gain=8.93599 8.96703 7.7062 18.6222 15.4001 20.0069 13.953 14.3768 11.3981 38.3476 13.0293 12.1166 20.0302 16.7913 30.401 23.6399 19.7018 14.8018 14.6928 14.8876 14.2744 14.0437 13.6948 13.4201 13.2497 12.4773 11.7806 16.2855 11.4472 15.4913
threshold=0.99981043035926087 13.500000000000002 4.5000000000000009 1.5000000000000002 16.500000000000004 3027.1250000000005 8.74963331024931 0.95691861501572195 3135.1250000000005 3236.7500000000005 2959.1250000000005 2.5000000000000004 20.500000000000004 2587.8750000000005 4.5000000000000009 0.31595530242620651 -0.86548532668110156 6.0474506578947382 -0.0053757035942445328 2823.2500000000005 1.0000000180025095e-35 2468.3750000000005 2209.1250000000005 16.544353070175443 -0.65883892954715351 -0.56369940867848845 1987.1250000000002 15.751315789473688 -0.28519255817492867 15.840789473684213
decision_type=2 2 2 2 2 8 2 2 10 10 10 2 2 10 2 2 2 2 2 10 2 10 8 2 2 2 8 2 2 2
left_child=2 -2 8 -4 5 -5 7 -6 9 11 28 20 13 14 15 24 -15 -14 19 23 26 -16 -22 25 -13 -18 27 -1 -11 -30
right_child=1 -3 3 4 6 -7 -8 -9 -10 10 -12 12 17 16 21 -17 18 -19 -20 -21 22 -23 -24 -25 -26 -27 -28 -29 29 -31
leaf_value=-0.92177458258690315 -3.0743438499070521 0.46578530133805318 0.84124327922843922 -0.31413055213547525 0.083467410697221578 -3.8276540235292829 0.91690279897650273 -1.6943732583878957 -0.087857419681586182 7.3669031528821165 1.2949466326562971 -0.022442251387337821 -2.6587987753236351 1.8399067700442402 5.312200027784229 -0.31589515059171164 1.0412038050130263 -0.072473532906860788 0.46992251310398392 0.083275310628050658 0.1327131016548492 1.502553789979902 -0.95618309501038545 -1.8357237392992034 1.0140929876645715 -0.6003679927745339 -3.907300189048192 0.63724778965854512 8.8600544255528355 -0.53589610819295785
leaf_weight=156 56 42 326 2359 984 74 119 48 4029 70 161 147 41 161 165 325 58 1146 573 487 733 191 225 180 266 224 43 46 55 46
leaf_count=156 56 42 326 2359 984 74 119 48 4029 70 161 147 41 161 165 325 58 1146 573 487 733 191 225 180 266 224 43 46 55 46
internal_value=-0.000184679 -0.0151515 -7.44103e-05 -0.00194324 -0.00298466 -0.00523829 0.00177951 -9.68054e-05 0.000692623 0.00217273 0.0186186 0.00111262 0.00244641 0.00476962 0.00958904 0.0037889 0.00163302 -0.00298822 -0.00013132 -0.00394737 -0.00328073 0.0215686 -0.000521376 -0.0103672 0.011715 -0.00353357 -0.0140244 -0.008867 0.0281977 0.0171569
internal_weight=13536 98 13438 3910 3584 2433 1151 1032 9528 5499 332 5167 3964 2777 1094 738 1683 1187 1522 949 1203 356 958 462 413 282 245 202 171 101
internal_count=13536 98 13438 3910 3584 2433 1151 1032 9528 5499 332 5167 3964 2777 1094 738 1683 1187 1522 949 1203 356 958 462 413 282 245 202 171 101
is_linear=0
shrinkage=0.05


Tree=161
num_leaves=31
num_cat=0
split_feature=1 11 1 13 10 1 15 6 6 8 15 10 8 15 2 15 10 11 10 6 8 15 6 2 15 0 11 10 11 6
split_gain=7.69336 11.7036 9.39228 19.3613 8.5207 6.82994 15.4827 6.97486 6.75683 8.53874 6.39895 6.52702 7.32694 5.97507 9.93009 10.5615 13.3713 9.87718 8.55751 8.02129 11.4148 7.83896 6.5421 6.40972 5.70418 17.5828 12.224 27.7307 14.95 9.69351
threshold=25.189391447368426 -0.97315270831292444 24.183634868421056 0.36447543099728863 -0.8041866928211282 23.534649122807021 3125.6250000000005 156.72368421052633 42.394736842105267 4.5000000000000009 1967.8750000000002 -0.72696319516528884 3.5000000000000004 3212.2500000000005 5.0302631578947379 2340.1250000000005 -0.60554068365937697 -0.99465740988130902 0.074116354202380205 325.17105263157902 4.5000000000000009 2637.1250000000005 741.17105263157907 6.9671052631578965 2006.8750000000002 22.192105263157899 0.98899263613956456 0.10837544681456425 0.99681593486783593 0.48684210526315791
decision_type=2 2 2 2 2 2 10 2 2 2 8 2 2 10 2 8 2 2 2 2 2 10 2 2 10 2 2 2 2 2
left_child=1 -1 5 -4 8 24 7 -7 -2 -10 -6 12 -12 14 15 18 -17 -15 -13 -16 -21 -18 -22 -19 25 -3 -26 28 -28 -30
right_child=4 2 3 -5 10 6 -8 -9 9 -11 11 13 -14 17 19 16 21 23 -20 20 22 -23 -24 -25 26 -27 27 -29 29 -31
leaf_value=-2.1655715234616992 0.14455805144330044 0.11130866378031215 -1.3308633694110767 0.5867954776221268 1.4378542786752009 0.69368203956784102 -1.7501218090375348 3.4152495575664035 4.2123992940710648 0.084656293980344799 0.017221179755642881 0.90716257802866951 -1.2846357706029268 3.0097605250682138 1.4367774548508352 -2.7539030520463714 -1.0165441180421568 -1.5937893976181614 -0.40916290400017491 2.148162701832689 0.38462291979287788 0.78954846693118275 -0.94207671145155703 -0.092644306315639829 -0.037687349624070526 -2.2993068658911113 -2.2894415628554952 12.552701504468587 0.58800067413540091 -1.9582682402788352
leaf_weight=169 116 1739 177 63 44 78 54 43 67 40 61 131 49 93 132 55 187 107 52 74 95 107 78 326 8684 82 209 49 121 146
leaf_count=169 116 1739 177 63 44 78 54 43 67 40 61 131 49 93 132 55 187 107 52 74 95 107 78 326 8684 82 209 49 121 146
internal_value=-0.000327649 -0.000800689 -0.000607199 -0.0103734 0.00269972 -0.000397109 0.009375 0.0192623 0.0118304 0.0208333 0.00141332 0.000872093 -0.0108108 0.0017733 0.00422149 -0.000187617 -0.00528571 -0.00246679 0.00951087 0.0103947 0.00504032 -0.00101695 -0.00201149 -0.00564516 -0.000552987 0.00200329 -0.00105863 -0.00846008 -0.0121593 -0.00429104
internal_weight=13428 11614 11445 240 1814 11205 175 121 223 107 1591 1547 110 1437 911 532 349 526 183 379 247 294 173 433 11030 1821 9209 525 476 267
internal_count=13428 11614 11445 240 1814 11205 175 121 223 107 1591 1547 110 1437 911 532 349 526 183 379 247 294 173 433 11030 1821 9209 525 476 267
is_linear=0
shrinkage=0.05


Tree=162
num_leaves=31
num_cat=0
split_feature=1 11 12 14 11 8 13 13 6 6 12 8 12 1 11 14 1 8 1 11 11 1 1 0 6 11 1 1 11 12
split_gain=10.4533 9.67282 14.7497 9.37111 9.08885 13.1928 7.25265 19.9492 11.6628 10.6599 15.428 12.3535 9.23198 8.12701 13.9533 11.2325 12.5804 26.2055 15.8847 15.7026 12.8459 10.3908 11.4213 9.81135 11.5013 9.26958 21.5058 25.5206 10.2317 14.7268
threshold=25.80183662280702 -0.98372925196996197 0.31596169403973995 1666.8750000000002 -0.55656394595157355 4.5000000000000009 -0.99273797715557011 -0.98523800472371936 138.15789473684214 0.48684210526315791 0.067682722635586057 4.5000000000000009 0.11478755917771409 14.842927631578949 0.48877522411129348 1915.1250000000002 15.825219298245615 1.5000000000000002 16.28541666666667 0.1318557721318592 -0.33426211444629356 17.505400219298249 17.276836622807021 14.138157894736844 49.092105263157912 0.8852232634113919 10.879714912280706 9.0230263157894743 0.89691351184655443 0.73430383941986921
decision_type=2 2 2 10 2 2 2 2 2 2 2 2 2 2 2 10 2 2 2 2 2 2 2 2 2 2 2 2 2 2
left_child=1 2 -1 -3 -2 -6 9 8 12 11 -11 -5 -8 25 15 -15 17 20 19 -18 -17 22 -20 -16 -25 -9 27 28 -27 -30
right_child=4 3 -4 6 5 -7 7 13 -10 10 -12 -13 -14 14 23 16 18 -19 21 -21 -22 -23 -24 24 -26 26 -28 -29 29 -31
leaf_value=-0.050893540973822843 0.1818528570091644 -0.85408155177624401 -4.5204379428910446 0.27118383880175545 3.1207685637138867 -0.35312337178550024 0.4166899889205638 0.1641411835957115 -2.3233055054825971 0.68631331214500058 1.7096393311432168 -1.337321936017247 -0.86041737613888936 0.37710390188858584 -1.9326836616944094 2.9154187013494042 0.27482942197361809 -1.0612492677450747 -0.31788807150603593 4.4036329742018099 -0.090968786547796304 -0.021624341207308363 -1.8603658879388492 0.25369115743392856 -3.9065788445503813 -0.75921765482783032 1.4558545113922379 -0.98916838766745063 0.047828528886407186 1.3477284875471867
leaf_weight=84 1558 170 46 165 81 41 74 4008 90 222 67 65 73 456 66 41 175 409 491 68 67 2528 111 78 65 59 158 605 1253 54
leaf_count=84 1558 170 46 165 81 41 74 4008 90 222 67 65 73 456 66 41 175 409 491 68 67 2528 111 78 65 59 158 605 1253 54
internal_value=0.000297863 -0.000229807 -0.0137405 -7.74593e-05 0.00398572 0.0170732 9.60783e-05 -0.000178408 -0.0144958 0.00586538 0.0122414 -0.0021645 -0.00574324 0.000140279 -0.00145961 -0.000851162 -0.00172192 -0.00897683 -0.000607587 0.0116803 0.012844 -0.001565 -0.00746269 -0.0140476 -0.00659722 0.00132779 -0.00133803 -0.00276369 0.00102414 0.00194954
internal_weight=13428 11748 130 11618 1680 122 11448 10929 237 519 289 230 147 10692 4555 4346 3890 517 3373 243 108 3130 602 209 143 6137 2129 1971 1366 1307
internal_count=13428 11748 130 11618 1680 122 11448 10929 237 519 289 230 147 10692 4555 4346 3890 517 3373 243 108 3130 602 209 143 6137 2129 1971 1366 1307
is_linear=0
shrinkage=0.05


Tree=163
num_leaves=31
num_cat=0
split_feature=12 12 10 6 11 14 15 10 10 14 15 15 8 14 10 10 0 10 14 15 10 0 15 14 8 12 15 8 14 12
split_gain=7.25775 16.0871 7.90001 8.12516 7.024 6.99024 6.04688 5.95263 26.5301 13.9293 10.3762 8.93039 8.61177 5.65195 6.11714 9.72327 17.4106 12.6375 8.33929 10.0153 8.01057 6.71204 6.39683 15.0201 14.2271 15.4652 11.9563 16.402 31.7236 15.4669
threshold=-0.98214488425316759 -0.97113884758256674 -0.62588817255938378 189.61842105263165 -0.7444366621422277 4265.8750000000009 1731.6250000000002 0.99818282439137029 0.99552231814189451 2070.6250000000005 2157.7500000000005 2312.1250000000005 3.5000000000000004 1733.1250000000002 0.99053107487289871 0.98522604642031408 11.353947368421055 0.97508442350096236 2314.1250000000005 3326.1250000000005 0.98213580174693105 13.788157894736845 2195.3750000000005 2428.3750000000005 1.0000000180025095e-35 0.84313847884979054 3027.1250000000005 3.5000000000000004 3006.8750000000005 -0.7614135502316719
decision_type=2 2 2 2 2 10 10 2 2 10 10 10 2 10 2 2 2 2 10 10 2 2 10 10 2 2 10 2 10 2
left_child=4 2 -2 -4 -1 7 -6 8 13 -9 -10 -11 -13 -3 15 17 -17 22 -16 -20 21 -19 -15 -24 25 -25 27 28 -26 -29
right_child=1 5 3 -5 6 -7 -8 9 10 11 -12 12 -14 14 18 16 -18 20 19 -21 -22 -23 23 24 26 -27 -28 29 -30 -31
leaf_value=-1.7602175341016677 3.3970176739077318 -0.53386069912737644 1.2293046923939757 -0.8997556972464622 -1.1271273652494187 3.1638513740096643 -0.13156288948305248 -1.025643235899804 0.54320803735540724 1.8999539577201177 -2.332185197319359 1.7396271298310921 -0.60208651451795281 0.1059183044211693 -0.32275090259756783 1.3375077638016366 -2.1514187289352775 1.0653629065528833 2.5803940669184158 -0.16178107487357921 -0.016760342270197272 3.6310864014748692 -0.39777341615094886 2.6449180718926986 0.16003113568509664 -0.47899399074112808 -0.2002504384078293 -1.102504110290613 3.1209716120601003 0.055044362282774276
leaf_weight=70 80 329 92 50 40 46 724 55 41 56 119 102 60 2734 65 40 101 86 77 44 66 44 1766 293 812 120 3233 236 206 1631
leaf_count=70 80 329 92 50 40 46 724 55 41 56 119 102 60 2734 65 40 101 86 77 44 66 44 1766 293 812 120 3233 236 206 1631
internal_value=-0.000156495 0.000143027 0.0134529 0.00629371 -0.00467066 -9.70638e-05 -0.00326797 -0.000170496 -0.000336267 0.00711679 -0.0204969 0.0127854 0.00674847 -6.31101e-05 0.00012116 -2.63875e-05 -0.0130282 0.000138048 0.00909091 0.0168033 0.0126904 0.0198473 -8.61131e-05 -0.000777296 0.000329149 0.00929952 -0.000277823 0.00206168 0.00716389 -0.000722698
internal_weight=13418 12584 222 142 834 12362 764 12316 12043 273 160 218 162 11883 11554 11368 141 11227 186 121 196 130 11031 8297 6531 413 6118 2885 1018 1867
internal_count=13418 12584 222 142 834 12362 764 12316 12043 273 160 218 162 11883 11554 11368 141 11227 186 121 196 130 11031 8297 6531 413 6118 2885 1018 1867
is_linear=0
shrinkage=0.05


Tree=164
num_leaves=31
num_cat=0
split_feature=2 11 10 8 11 10 1 8 11 14 8 10 1 6 11 11 1 1 10 10 11 3 8 0 3 10 14 6 1 1
split_gain=7.98892 8.64213 17.0985 16.0012 12.8756 14.0732 15.637 13.4156 16.4243 10.8311 12.7587 8.17546 13.5633 6.99752 6.98864 12.8281 18.6442 24.4981 13.186 12.3037 13.3949 11.91 8.2294 15.3359 8.29963 8.20684 8.1043 10.0071 8.66787 20.9579
threshold=14.03684210526316 0.60383265664488517 -0.76141707087277943 4.5000000000000009 0.45847758937963173 0.88220160189607266 16.112061403508775 1.0000000180025095e-35 0.48877522411129348 2261.3750000000005 4.5000000000000009 0.73865729060996166 6.2878015350877208 807.51315789473699 0.75438814418115718 0.8852232634113919 10.798574561403511 9.0230263157894743 0.40614137006726808 -0.21861968191509915 0.99249573635719013 5.1013157894736842 2.5000000000000004 10.409210526315793 9.4802631578947381 -0.29343379936893921 2093.8750000000005 217.11842105263162 10.219599780701756 9.7308662280701768
decision_type=2 2 2 2 2 2 2 2 2 10 2 2 2 2 2 2 2 2 2 2 2 2 2 2 2 2 10 2 2 2
left_child=1 4 3 -3 13 6 7 -6 -9 10 -10 14 -13 -1 26 22 17 -17 -18 25 21 -21 24 -24 -16 -19 -4 28 29 -28
right_child=-2 2 11 -5 5 -7 -8 8 9 -11 -12 12 -14 -15 15 16 18 19 -20 20 -22 -23 23 -25 -26 -27 27 -29 -30 -31
leaf_value=-0.0009918099342257848 1.7994319700590951 3.4966269982228826 0.42642408281597 0.4231902866447172 -1.1104019659674578 -4.4762377425729145 -1.8194915866362409 2.4660914681011037 0.14074406701259931 0.19625985943896468 -2.9439964891171941 -1.3078126785854012 1.3805850448494199 -0.75527131239125544 0.95697910147289356 0.11631497744631361 2.1033133358250327 -0.99516624410205168 -0.80838698434189382 -0.10371389706963328 0.04198662940220857 -2.330863374522028 0.31648522908096766 -0.96681838990302826 -0.25431382416960563 1.5755226755502463 -1.2128020757116589 0.64381515908403353 -0.99515159476793547 1.3921271648974654
leaf_weight=7967 153 58 100 61 105 42 175 63 48 305 47 49 138 435 361 1388 133 179 40 56 80 200 453 133 55 80 144 113 201 67
leaf_count=7967 153 58 100 61 105 42 175 63 48 305 47 49 138 435 361 1388 133 179 40 56 80 200 453 133 55 80 144 113 201 67
internal_value=4.09531e-05 -9.03819e-05 0.00182152 0.0204167 -0.000941445 -0.00706107 -0.00544355 -0.00140598 0.00226293 -0.00149626 -0.0161458 0.00125913 0.0114362 -0.000368916 0.000753171 0.0017094 -0.000463607 -0.00183972 0.0152299 -0.0103188 -0.0166172 -0.022179 0.00638086 0.00255537 0.0117506 -0.00211538 -0.00407348 -0.00655894 -0.0101695 -0.00306604
internal_weight=13429 13276 4089 119 9187 785 743 568 463 400 95 3970 187 8402 3783 3158 2156 1983 173 595 336 256 1002 586 416 259 625 525 412 211
internal_count=13429 13276 4089 119 9187 785 743 568 463 400 95 3970 187 8402 3783 3158 2156 1983 173 595 336 256 1002 586 416 259 625 525 412 211
is_linear=0
shrinkage=0.05


Tree=165
num_leaves=31
num_cat=0
split_feature=12 2 10 8 15 15 10 15 12 14 12 14 15 2 12 13 14 13 1 14 1 14 1 1 12 0 1 10 15 1
split_gain=13.2177 8.90136 11.7572 11.3853 16.285 15.4918 20.3502 16.9733 12.0478 11.2995 10.4195 12.2788 16.489 10.184 10.0296 9.94256 9.88828 9.75975 9.6971 9.45315 9.12363 8.80309 8.7889 8.12036 8.03288 10.0439 7.93438 7.92824 7.8248 6.94139
threshold=-0.9998468409516591 1.7552631578947386 -0.96689237009891416 3.5000000000000004 3779.8750000000005 3160.5000000000005 -0.814291907305839 3805.8750000000005 0.91161058030431363 3646.8750000000005 0.99898004730802425 3619.8750000000005 2614.6250000000005 1.3342105263157917 0.83373797915484082 0.81800285027139297 3919.0000000000005 0.097680735332368748 26.812282314241493 3603.2500000000005 25.189391447368426 2933.1250000000005 25.369106359649127 28.567790570175443 -0.48314718476766422 27.58289473684211 20.517489035087724 -0.38242426011641079 1644.6250000000002 26.036184210526319
decision_type=2 2 2 2 10 10 2 10 2 10 2 8 8 2 2 2 8 2 2 10 2 10 2 2 2 2 2 2 10 2
left_child=-1 13 26 5 10 6 -4 8 9 24 11 12 -5 28 15 22 -13 -8 -11 -9 -15 -10 -14 27 -7 -26 -3 -21 -2 -23
right_child=1 2 3 4 -6 7 17 19 21 18 -12 16 14 20 -16 -17 -18 -19 -20 23 -22 29 -24 -25 25 -27 -28 -29 -30 -31
leaf_value=-1.0827328020554661 -0.71409241534283874 0.13992596082842965 3.221042171450438 0.12498573435485696 -2.8975899328596371 -0.68580656732128775 -0.54245074893271983 2.5816588299197747 -4.418320309849264 0.042171119012618878 2.4186724490870803 2.7228697916232707 -0.83106833039014427 -1.8834142826131028 -1.2450281378484762 -2.1646246867425134 -0.17164105846666189 1.1279483456970638 -2.7273497376353819 -0.98445794768140338 -0.092103794262754946 -2.3135441066629485 0.90944370231405858 2.2982025573580813 0.068544433355668843 4.0952004775561592 1.1934234307656653 1.7630976228237387 -0.018037782807959958 0.44334554072636367
leaf_weight=76 108 46 102 456 53 83 137 95 51 59 67 94 70 99 144 71 73 383 56 49 82 41 54 42 115 79 68 45 10492 49
leaf_count=76 108 46 102 456 53 83 137 95 51 59 67 94 70 99 144 71 73 383 56 49 82 41 54 42 115 79 68 45 10492 49
internal_value=-0.000122768 -3.74139e-06 0.0026326 0.0019036 -0.00193906 0.00490267 0.0107544 0.000130719 -0.00477528 -0.000254453 -0.000533981 -0.00186916 -0.0044598 -0.000635318 -0.0127941 -0.00535714 0.0104167 0.00671785 -0.0133621 0.0114224 -0.0123626 -0.0172535 0.0032 0.00291971 0.00521583 0.0107692 0.0182609 -0.00526316 -0.000433921 -0.00769231
internal_weight=13439 13363 2582 2468 1082 1386 622 764 533 392 1029 962 795 10781 339 195 167 520 115 231 181 141 124 136 277 194 114 94 10600 90
internal_count=13439 13363 2582 2468 1082 1386 622 764 533 392 1029 962 795 10781 339 195 167 520 115 231 181 141 124 136 277 194 114 94 10600 90
is_linear=0
shrinkage=0.05


Tree=166
num_leaves=31
num_cat=0
split_feature=11 6 1 10 10 7 1 8 1 7 7 12 1 10 10 8 12 1 1 1 1 11 1 11 11 11 1 0 11 11
split_gain=6.88435 12.5757 5.41822 10.459 7.79295 7.5993 11.9577 10.0043 9.1333 8.58327 8.4953 19.4987 12.9797 12.3433 18.9102 9.68534 11.3384 16.0492 17.9685 7.90476 7.6593 7.32881 26.4453 13.1411 12.1396 16.9384 8.39524 15.1319 12.0648 14.7321
threshold=0.99981043035926087 0.17105263157894737 8.6816885964912291 0.97696484778429815 -0.58482361983252518 19.500000000000004 5.7586622807017553 5.5000000000000009 7.5498081140350886 9.5000000000000018 15.500000000000002 0.46230456327903491 6.4061129385964932 -0.022576249993022688 -0.2270106897347694 3.5000000000000004 0.49253244405029933 6.2878015350877208 6.8265350877192992 7.7117050438596495 7.8171052631578961 0.8852232634113919 10.709375000000003 0.87291090774974645 0.85561368268953431 0.75438814418115718 10.050904605263161 10.943421052631582 0.95936279103287792 0.96633974041180493
decision_type=2 2 2 2 2 2 2 2 2 2 2 2 2 2 2 2 2 2 2 2 2 2 2 2 2 2 2 2 2 2
left_child=2 -2 3 4 -1 7 -7 10 -9 -10 13 12 -12 14 -6 16 -15 -18 -19 -17 -20 23 26 24 25 -4 28 -28 -23 -30
right_child=1 -3 21 -5 5 6 -8 8 9 -11 11 -13 -14 15 -16 19 17 18 20 -21 -22 22 -24 -25 -26 -27 27 -29 29 -31
leaf_value=2.3639906445237044 0.25256631597469553 -5.4049586200193067 -0.015223676812252052 -2.6263534480403794 0.40711676152481008 -2.0893224931845 -0.006552835688216874 0.085140021739084665 -1.868409899768102 -0.1168917202532839 8.0547781243467735 -0.37475665870525748 1.4228396831181727 2.2113476070274714 -1.5125499487666503 0.95973378344965576 -1.5245182035699827 2.6779460153628181 -0.91361168214607469 2.7621067095554168 0.78427439294937928 -1.0658247079936929 0.71921766124280573 2.0690674451247335 -1.4213226869609117 0.60649506709567058 -3.454266017153782 0.29482086410720287 4.4868725321048712 -0.39915016946897597
leaf_weight=62 57 43 10042 50 238 49 228 141 44 44 44 104 91 167 131 125 77 47 82 56 88 291 193 81 79 449 101 54 51 161
leaf_count=62 57 43 10042 50 238 49 228 141 44 44 44 104 91 167 131 125 77 47 82 56 88 291 193 81 79 449 101 54 51 161
internal_value=0.00013362 -0.0128713 0.000231845 0.00272873 0.00335349 0.00273193 -0.00485612 0.00415541 -0.00543478 -0.0179775 0.00591527 0.014375 0.0268382 0.00390316 -0.00337838 0.00808709 0.00422078 -0.00169492 0.00527523 0.0178571 -0.00233918 -0.000173868 -0.00463615 0.000183064 2.83795e-05 0.000176325 -0.00940819 -0.0195513 -0.00625 0.0028169
internal_weight=13470 100 13370 1868 1818 1756 277 1479 229 88 1250 239 135 1011 369 642 461 294 217 181 170 11502 851 10651 10570 10491 658 155 503 212
internal_count=13470 100 13370 1868 1818 1756 277 1479 229 88 1250 239 135 1011 369 642 461 294 217 181 170 11502 851 10651 10570 10491 658 155 503 212
is_linear=0
shrinkage=0.05


Tree=167
num_leaves=31
num_cat=0
split_feature=15 14 12 12 6 8 15 1 14 12 14 13 8 7 15 13 11 7 12 15 14 15 7 7 15 14 6 11 15 11
split_gain=7.41401 18.673 14.8092 16.7434 18.4324 14.6807 15.3419 14.0293 13.3607 13.0321 12.5547 12.4756 12.4253 15.3663 12.5836 12.2826 12.1581 10.8513 17.366 15.4223 23.0133 12.1223 13.0016 12.1805 30.6876 25.5843 12.4037 11.9882 12.0739 11.3874
threshold=2177.1250000000005 1859.1250000000002 -0.98214488425316759 -0.71504042705586657 668.90789473684231 4.5000000000000009 3117.3750000000005 27.040981359649127 2287.8750000000005 0.97508442350096236 2076.3750000000005 -0.22701029611497395 1.0000000180025095e-35 2.5000000000000004 1905.1250000000002 -0.90892157495189674 -0.70900320270980455 17.500000000000004 0.93771544905322102 2440.3750000000005 2393.2500000000005 2195.3750000000005 3.5000000000000004 5.5000000000000009 2987.1250000000005 3444.1250000000005 236.52631578947373 0.99445195900249039 2730.8750000000005 -0.54940789553007929
decision_type=8 10 2 2 2 2 8 2 10 2 10 2 2 2 10 2 2 2 2 8 10 10 2 2 10 10 2 2 10 2
left_child=2 -2 -1 -4 7 17 8 12 11 -10 -9 -7 13 14 -5 -15 -11 21 19 20 -19 22 -3 -23 25 26 27 28 -25 -28
right_child=1 5 3 4 -6 6 -8 10 9 16 -12 -13 -14 15 -16 -17 -18 18 -20 -21 -22 23 -24 24 -26 -27 29 -29 -30 -31
leaf_value=-0.37015709726365459 -1.9927695805584564 -0.11408626526690568 0.56241939225076865 -0.67310957976513919 -1.8463467379254384 -4.0094872253263025 -2.7854257219230023 2.6235038722230684 -0.040598786862619821 0.44720070988821592 0.15688658136485856 -0.36983329625938954 0.092967798219842745 2.7768283674735361 -3.5748208805516697 -0.46268479305502414 -1.1918837467060712 -0.070619708062884007 0.67661353696230442 -0.47093648078098344 1.9371493348100559 -0.34914429486875637 3.7680353073323776 25.313799565187903 0.04082374690260622 6.8389655679376578 1.6125735326130326 -0.09150472178921519 1.9154462107564996 -0.92500194088061116
leaf_weight=267 198 52 980 107 50 59 65 41 1757 51 94 63 1729 41 41 90 121 328 278 1393 105 892 70 43 3945 57 259 58 101 139
leaf_count=267 198 52 980 107 50 59 65 41 1757 51 94 63 1729 41 41 90 121 328 278 1393 105 892 70 43 3945 57 259 58 101 139
internal_value=-0.000230056 -0.000916791 0.00177274 0.00272527 0.000296263 -0.000609942 -0.00429854 0.0010028 -0.00353314 -0.00251295 0.0165441 -0.0195122 -4.9776e-05 -0.00982143 -0.0208054 0.00265152 -0.0156069 0.000401502 -0.00266033 -0.0044335 0.00380184 0.00154887 0.0170732 0.00120109 0.00223767 0.012234 0.00915141 0.0192118 0.0268966 0.00401003
internal_weight=13474 10034 3440 3173 2193 9836 2116 2143 2051 1929 135 122 2008 279 148 131 172 7720 2104 1826 433 5616 122 5494 4602 657 600 202 144 398
internal_count=13474 10034 3440 3173 2193 9836 2116 2143 2051 1929 135 122 2008 279 148 131 172 7720 2104 1826 433 5616 122 5494 4602 657 600 202 144 398
is_linear=0
shrinkage=0.05


Tree=168
num_leaves=31
num_cat=0
split_feature=7 15 15 6 14 0 15 0 11 14 7 6 6 15 7 15 11 11 15 12 14 15 12 12 8 12 12 15 12 12
split_gain=10.747 12.9869 11.9203 11.3674 14.0933 6.52524 8.35434 7.614 6.34634 6.02727 5.94321 13.6691 11.9698 11.5808 17.7135 15.3143 11.3813 10.075 17.9122 12.6215 10.837 10.5204 9.33284 10.6698 11.8 10.2015 12.6627 9.47205 9.42644 12.8532
threshold=22.500000000000004 2448.3750000000005 4031.0000000000005 2.6973684210526323 2804.2500000000005 21.928947368421056 2018.1250000000002 9.9565789473684241 0.90803977035715633 1905.8750000000002 6.5000000000000009 0.14473684210526319 132.38157894736847 2139.8750000000005 19.500000000000004 3117.3750000000005 0.9989598388634241 -0.84774213365954088 1905.1250000000002 0.50371950759872852 2859.6250000000005 2820.1250000000005 0.83373797915484082 0.86113431103781346 1.0000000180025095e-35 0.52217737485370563 0.43152950955792641 2347.3750000000005 0.71051919230648819 0.75011860976965206
decision_type=2 8 8 2 8 2 10 2 2 8 2 2 2 10 2 10 2 2 10 2 10 10 2 2 2 2 2 10 2 2
left_child=2 5 10 -4 -5 6 9 8 -8 -2 11 17 13 -12 -15 -16 -14 18 -1 -20 21 22 25 -24 -25 26 -19 -26 -27 -30
right_child=1 -3 3 4 -6 -7 7 -9 -10 -11 12 -13 16 14 15 -17 -18 20 19 -21 -22 -23 23 24 27 28 -28 -29 29 -31
leaf_value=1.4162083567918899 0.70820935983898614 -3.3714634469644467 -1.3954032322752028 6.5001807209858731 0.65425483360090775 0.59309215710175067 0.41695601155506667 -1.5689616891769902 -0.83350099039576553 -0.44800136431665583 0.6160279295752048 -0.76407827449977506 -0.082620496663173532 0.30670639994082194 -0.059925668312371276 -1.8150907792723048 -2.6770111326353345 -0.090659577789244855 -1.1177854247045047 1.1956928040830008 0.4556453024200664 -1.641649228826384 2.0666612007843241 -0.97171999730467185 0.50607274854002637 -1.4637498110923333 1.748170670133294 -1.1448587816251234 1.1585162664684105 -0.74326785701326803
leaf_weight=53 66 40 50 58 306 44 75 147 44 127 341 689 4364 2549 1289 97 49 1659 147 117 169 70 45 79 374 178 76 62 40 110
leaf_count=53 66 40 50 58 306 44 75 147 44 127 341 689 4364 2549 1289 97 49 1659 147 117 169 70 45 79 374 178 76 62 40 110
internal_value=-0.000192379 -0.00707721 9.63614e-05 0.00843373 0.0115068 -0.00486111 -0.00663043 -0.0123596 -0.00291667 0.00128866 -0.000179169 -0.00180925 0.000546605 0.00243161 0.00166413 -0.00288392 -0.00128002 -0.000424528 0.00801887 0.00264151 -0.00136221 -0.00213437 -0.00161966 0.00409982 0.00203488 -0.00317345 -0.00164171 0.00526316 -0.0112462 -0.00198675
internal_weight=13514 543 12971 414 364 503 459 266 119 193 12557 3868 8689 4276 3935 1386 4413 3179 317 264 2862 2693 2623 560 515 2063 1735 436 328 150
internal_count=13514 543 12971 414 364 503 459 266 119 193 12557 3868 8689 4276 3935 1386 4413 3179 317 264 2862 2693 2623 560 515 2063 1735 436 328 150
is_linear=0
shrinkage=0.05


Tree=169
num_leaves=31
num_cat=0
split_feature=8 13 15 10 10 10 10 11 14 15 8 6 13 15 14 6 14 0 11 15 0 11 15 2 14 12 12 11 10 15
split_gain=5.20642 12.8279 11.2174 11.7056 21.2441 13.86 17.4751 15.9794 11.6605 10.9274 17.7632 14.0847 12.2975 10.2081 14.1567 9.4136 9.16431 13.2523 10.5186 8.28638 8.15885 7.86597 7.76498 10.1874 10.134 18.3437 15.4156 22.1653 12.2021 10.5753
threshold=3.5000000000000004 -0.99628250747696534 3897.1250000000005 0.98802474685579866 0.99761913169647187 0.95998215779580554 0.9550229469509578 0.14888728888808328 3646.8750000000005 2929.1250000000005 4.5000000000000009 181.68421052631581 0.80417972082707845 2340.1250000000005 2393.2500000000005 14.144736842105265 2509.8750000000005 7.5960526315789485 -0.30982845708428081 2068.3750000000005 9.0921052631578974 0.79253265336324141 4105.3750000000009 7.8171052631578961 3764.6250000000005 0.4737060765891063 1.0000000180025095e-35 0.81800285027139297 -0.42180583328916638 3792.6250000000005
decision_type=2 2 10 2 2 2 2 2 10 8 2 2 2 8 8 2 10 2 2 10 2 2 8 2 10 2 2 2 2 10
left_child=22 -2 3 5 -5 6 8 -7 13 21 12 -12 -11 16 15 -15 -3 -18 -19 -20 -9 -10 24 -24 29 26 27 -26 -29 -1
right_child=1 2 -4 4 -6 7 -8 20 9 10 11 -13 -14 14 -16 -17 17 18 19 -21 -22 -23 23 -25 25 -27 -28 28 -30 -31
leaf_value=0.020059128758839508 -1.1903100791728776 0.13241671280460424 -1.5117471246319383 -2.43361843394805 0.12961749532960312 -0.63330685353859062 -3.4894688959743689 0.26459742147968657 2.7323272973105759 0.07491031517374723 0.24980992096516275 -2.6257011383955162 2.5572096832055196 -2.1856205069024557 -0.14178718013308753 -0.3390704150085071 -1.6411969743751116 -0.7518744863057123 3.2309974134001607 0.13690031847656883 2.0330957905269487 1.0030642954869791 0.23254747258043837 2.3425610871047753 -3.1442358519329447 -1.2667610310901409 3.6071384758969547 3.6916339024337503 -0.10076813249195311 1.02176267477098
leaf_weight=6599 93 1898 92 95 115 104 73 40 62 121 40 59 76 96 2032 64 61 236 42 178 106 84 142 102 45 255 61 40 75 289
leaf_count=6599 93 1898 92 95 115 104 73 40 62 121 40 59 76 96 2032 64 61 236 42 178 106 84 142 102 45 255 61 40 75 289
internal_value=-0.00022802 -0.00136096 -0.00105727 -0.000770195 -0.0123223 -0.000316397 -0.000878392 0.0111554 -0.000524752 0.00722348 0.0016835 -0.0155 0.0103535 -0.00126953 -0.00373917 -0.0180124 0.000972682 -0.00492278 -0.00196937 0.00588235 0.0217687 0.0183673 0.000630832 0.00938776 0.000339443 -0.0067086 0.00382883 -0.00434783 0.00732759 0.000827406
internal_weight=13375 5767 5674 5582 210 5372 5122 250 5049 442 296 99 197 4607 2192 160 2415 517 456 220 146 146 7608 244 7364 476 221 160 115 6888
internal_count=13375 5767 5674 5582 210 5372 5122 250 5049 442 296 99 197 4607 2192 160 2415 517 456 220 146 146 7608 244 7364 476 221 160 115 6888
is_linear=0
shrinkage=0.05


Tree=170
num_leaves=31
num_cat=0
split_feature=7 15 15 13 14 8 7 15 11 7 14 7 15 13 8 7 7 15 8 13 15 10 2 7 10 7 15 7 11 14
split_gain=8.33912 17.7573 13.6025 15.3394 13.8058 24.2323 22.1908 17.948 11.7861 10.9138 10.5968 9.43602 13.8452 10.9937 10.3131 20.4142 18.454 27.2635 22.2458 16.1318 12.8397 12.2754 11.9381 18.1812 11.9143 11.0772 11.1287 10.7838 14.2055 13.2402
threshold=5.5000000000000009 2959.1250000000005 3246.6250000000005 0.97786949981288174 3646.8750000000005 4.5000000000000009 15.500000000000002 2919.8750000000005 0.98332250088165762 11.500000000000002 2961.8750000000005 22.500000000000004 2245.3750000000005 -0.7614016681079937 4.5000000000000009 9.5000000000000018 17.500000000000004 2530.3750000000005 5.5000000000000009 -0.94139465211055529 2440.3750000000005 0.90892735371523092 4.5065789473684221 12.500000000000002 -0.98214942551678475 19.500000000000004 2497.6250000000005 20.500000000000004 0.75438814418115718 3230.1250000000005
decision_type=2 8 10 2 8 2 2 8 2 2 10 2 8 2 2 2 2 10 2 2 8 2 2 2 2 2 8 2 2 10
left_child=1 -1 4 8 11 -6 7 9 -4 -7 -10 14 13 -13 15 -2 17 24 19 -18 -17 25 27 -24 -16 -21 -27 28 -22 -30
right_child=2 -3 3 -5 5 6 -8 -9 10 -11 -12 12 -14 -15 16 20 18 -19 -20 21 22 -23 23 -25 -26 26 -28 -29 29 -31
leaf_value=-0.055909894371416163 2.0430737190319861 -2.3530805921495017 -0.13151711601560692 2.5608772731764478 5.1699209630588712 2.2130027371229062 2.4935805779025033 -2.5474646591832428 -0.2454476460738988 -0.81970270954993796 -3.3311273611589858 -0.74108545028131523 -1.6026461365080196 0.27649251903833377 1.0748306451158727 0.82603659632044357 -1.6804068339135938 -0.9818994471675524 0.87676715354765522 0.65123999723707593 -0.059598253640410805 1.719640886837533 -0.59206763588090328 1.0051882671446606 -0.038951390640954743 -0.10140998792437586 -2.3887942257124792 -0.65419517358493529 0.56219317993139839 3.5537034298700294
leaf_weight=3321 475 102 3153 157 109 79 49 66 43 56 40 106 165 291 108 516 43 439 398 120 1398 43 95 242 1144 149 50 341 156 47
leaf_count=3321 475 102 3153 157 109 79 49 66 43 56 40 106 165 291 108 516 43 439 398 120 1398 43 95 242 1144 149 50 341 156 47
internal_value=0.000248111 -0.00188376 0.000972319 -0.00160577 0.00228089 0.0118056 0.00318725 -0.00420792 -0.00234785 0.00625 -0.0208333 0.00173858 -0.0044405 0.000628141 0.00234172 0.00418832 -8.01603e-05 -0.00304374 0.00615672 -0.0020936 0.00255722 0.00137741 0.000942982 0.00961538 0.000718276 -0.00203125 -0.00925 -0.000566135 0.00115481 0.0134804
internal_weight=13501 3423 10078 3393 6685 359 250 201 3236 135 83 6326 562 397 5764 3270 2494 1691 803 405 2795 362 2279 337 1252 319 199 1942 1601 203
internal_count=13501 3423 10078 3393 6685 359 250 201 3236 135 83 6326 562 397 5764 3270 2494 1691 803 405 2795 362 2279 337 1252 319 199 1942 1601 203
is_linear=0
shrinkage=0.05


Tree=171
num_leaves=31
num_cat=0
split_feature=1 11 8 1 1 12 12 8 8 10 11 11 10 12 6 10 8 15 10 1 15 15 11 6 6 15 6 9 9 11
split_gain=7.42908 13.9101 10.7206 8.82285 10.0741 13.8308 15.0945 15.5339 8.83416 7.98716 8.91642 12.6211 13.9208 9.00807 7.76565 7.73421 7.36579 6.78844 6.49674 7.70311 9.60656 6.89754 6.43213 7.12434 6.13655 5.49252 12.0254 10.4558 9.83274 8.3275
threshold=25.369106359649127 -0.98372925196996197 3.5000000000000004 29.959237938596498 29.166940789473689 0.99898004730802425 0.97650828179861848 2.5000000000000004 5.5000000000000009 -0.8041866928211282 -0.98372925196996197 -0.96466008222729416 -0.38242426011641079 0.96851839807117801 281.02631578947376 -0.35041564478062465 1.5000000000000002 3620.3750000000005 -0.28519255817492867 26.812282314241493 3483.5000000000005 2530.3750000000005 0.99981043035926087 0.48684210526315791 40.473684210526322 2006.8750000000002 807.51315789473699 1.0000000180025095e-35 1.0000000180025095e-35 0.98899263613956456
decision_type=2 2 2 2 2 2 2 2 2 2 2 2 2 2 2 2 2 10 2 2 10 10 2 2 2 8 2 2 2 2
left_child=1 2 -1 4 5 6 8 -8 9 24 -11 -12 13 17 15 -10 -5 -13 19 -14 -21 -20 25 -24 -2 26 28 -27 29 -3
right_child=3 22 -4 16 -6 -7 7 -9 14 10 11 12 18 -15 -16 -17 -18 -19 21 20 -22 -23 23 -25 -26 27 -28 -29 -30 -31
leaf_value=-1.0554120222096117 0.62287647276598368 0.052575896686499847 -5.2852880422065489 -2.4656643553387996 1.1221893528963847 1.7101743435212597 0.22563797884920406 -2.945917101928194 -0.4785911924223456 0.99499371774508072 -1.1493277288684112 -0.35492928177532124 3.9663828584294722 0.46915255175670156 -1.0826530656176148 1.6421895902709935 0.27713496751164257 -1.540140272762119 -0.94593554536209012 2.1497803704822789 -1.0416196233823143 1.360859600231163 -0.25083620130756118 -3.3991216504694424 2.7134345183118742 -0.036147589879283258 -2.9531996870129209 -1.0811263739662651 1.4463510384882854 1.152714618468258
leaf_weight=56 87 1596 40 57 318 58 59 92 41 162 122 163 54 51 69 59 49 76 48 72 40 48 49 40 79 9331 65 310 75 117
leaf_count=56 87 1596 40 57 318 58 59 92 41 162 122 163 54 51 69 59 49 76 48 72 40 48 49 40 79 9331 65 310 75 117
internal_value=-0.000270691 -0.000732021 -0.0195876 0.00271468 0.00359035 0.00173787 0.000680272 -0.0141447 0.00260239 0.00438684 0.00238949 -0.000148148 0.00307414 -0.00446735 -0.00794118 0.000990099 -0.011215 -0.00854167 0.0114068 0.0173653 0.00973451 0.00103093 -0.000574068 -0.0138889 0.0143713 -0.000469769 0.00202265 -0.000948973 0.00279486 0.00201284
internal_weight=13483 11679 96 1804 1698 1380 1322 151 1171 1002 836 674 552 290 169 100 106 239 262 166 112 96 11583 89 166 11494 1853 9641 1788 1713
internal_count=13483 11679 96 1804 1698 1380 1322 151 1171 1002 836 674 552 290 169 100 106 239 262 166 112 96 11583 89 166 11494 1853 9641 1788 1713
is_linear=0
shrinkage=0.05


Tree=172
num_leaves=31
num_cat=0
split_feature=1 14 11 12 7 7 15 15 14 15 15 7 10 10 1 15 11 12 1 10 12 12 1 10 12 6 0 0 10 1
split_gain=9.06929 11.7254 10.6181 7.49289 17.4775 11.7158 9.09247 7.96232 16.2341 14.4089 10.5867 7.61911 19.805 9.87351 7.40146 7.43351 7.38345 7.47413 9.26936 11.9344 8.90541 8.12591 11.8556 7.37524 6.84545 6.6102 6.42632 8.0695 7.97015 9.0329
threshold=25.369106359649127 2147.6250000000005 -0.97315270831292444 0.9252105435402006 14.500000000000002 21.500000000000004 2440.3750000000005 2497.6250000000005 3475.3750000000005 2908.3750000000005 3455.1250000000005 9.5000000000000018 -0.031173458710879235 -0.35041564478062465 27.124862938596497 2151.8750000000005 0.99981043035926087 -0.98214488425316759 16.706140350877195 0.75014288946266361 -0.9905448150984083 -0.97113884758256674 12.224424342105268 -0.35041564478062465 0.96851839807117801 205.27631578947373 17.748684210526317 10.211842105263161 -0.73866753694953124 15.597341008771933
decision_type=2 10 2 2 2 2 8 8 10 10 10 2 2 2 2 8 2 2 2 2 2 2 2 2 2 2 2 2 2 2
left_child=2 14 25 5 -5 7 -7 -3 10 -10 -9 13 23 -11 -2 -16 17 18 19 26 -20 22 -19 -13 -6 -1 27 -4 -29 -30
right_child=1 3 16 4 24 6 -8 8 9 11 -12 12 -14 -15 15 -17 -18 21 20 -21 -22 -23 -24 -25 -26 -27 -28 28 29 -31
leaf_value=-2.7756844076740208 0.059853258180464768 -0.20382850705227612 -0.50761243640139353 -0.76429974429952385 -0.21974538435313207 0.58951002464752944 -1.9392570811574843 1.0904770071384291 2.7433293913532908 1.8098939260250178 5.3731110434399287 -0.56824271286093342 1.7745944000929172 -0.41845023643113566 2.2752062827075861 0.45790287990287198 -1.4250597804275913 2.7486013212633624 0.15601195211178265 0.96646538147906547 -2.1475692584770516 0.00066183055288320252 0.24249475085868541 -3.0472822081954973 0.89464430231872716 -0.42417722438931382 -2.0575004500250258 -0.84134769938680165 0.42952037558709438 -0.76655946496966865
leaf_weight=90 51 209 145 309 70 40 49 303 99 48 58 123 60 57 55 47 88 58 41 49 77 10340 174 49 170 89 78 50 327 55
leaf_count=90 51 209 145 309 70 40 49 303 99 48 58 123 60 57 55 47 88 58 41 49 77 10340 174 49 170 89 78 50 327 55
internal_value=5.94398e-05 0.00336485 -0.00045018 0.00212766 -0.00263636 0.00451642 -0.0127778 0.0060576 0.00833333 0.00183066 0.0161602 -0.00310651 -0.00815451 0.00801887 0.0165584 0.0242718 -0.000261256 -0.000149188 -0.00473876 -0.00255319 -0.0176471 0.000208077 0.00944206 -0.016763 0.00746888 -0.0125 -0.00434451 -0.00250865 0.000923788 0.00339426
internal_weight=13458 1797 11661 1644 549 1095 89 1006 797 436 361 337 232 105 153 102 11482 11394 822 704 118 10572 232 172 240 179 655 577 432 382
internal_count=13458 1797 11661 1644 549 1095 89 1006 797 436 361 337 232 105 153 102 11482 11394 822 704 118 10572 232 172 240 179 655 577 432 382
is_linear=0
shrinkage=0.05


Tree=173
num_leaves=31
num_cat=0
split_feature=14 6 11 15 8 12 15 10 15 6 11 6 10 15 11 0 0 15 1 14 11 15 12 11 1 14 12 12 8 15
split_gain=8.54801 4.81023 16.097 10.7084 27.1127 26.073 25.6994 20.9236 13.0947 11.7611 12.8634 11.5876 11.1432 13.3135 11.7047 10.6956 10.2767 13.1251 13.0865 9.17359 14.8253 15.8628 10.6177 17.306 11.988 8.94454 8.76756 9.76261 10.8388 8.60188
threshold=4265.8750000000009 23.013157894736846 0.99958851518450398 3117.3750000000005 4.5000000000000009 -0.69057042736241547 2587.8750000000005 0.88621069759564464 2871.3750000000005 195.84210526315795 -0.8901731938066898 103.53947368421053 0.62587949062545845 2740.1250000000005 -0.69676771491221523 11.905263157894739 20.382894736842111 2318.1250000000005 13.78061951754386 3646.8750000000005 -0.8739740505118182 3672.3750000000005 -0.074117039608866245 -0.49812626372919411 25.369106359649127 2268.1250000000005 -0.93545056548590078 -0.71504042705586657 1.0000000180025095e-35 4066.2500000000005
decision_type=10 2 2 10 2 2 10 2 10 2 2 2 2 8 2 2 2 10 2 10 2 10 2 2 2 10 2 2 2 8
left_child=1 29 3 4 5 6 -3 11 -7 10 -5 -8 13 25 -14 -10 17 18 -16 20 21 -11 26 24 -24 -6 -22 -28 -29 -1
right_child=-2 2 -4 9 12 8 7 -9 15 19 -12 -13 14 -15 16 -17 -18 -19 -20 -21 22 -23 23 -25 -26 -27 27 28 -30 -31
leaf_value=-0.03810652835747419 2.5667711088301988 5.9313171830987024 -4.5243138769721556 -1.1915991461067734 -0.80253925543381688 3.6153757951341734 -1.073864380806606 -3.8640912130478458 7.9255868266687912 0.051479721755686117 0.42386927181814826 0.42283476617208182 -4.054307983471154 -0.77138890785729475 1.2619555641950002 0.82641348849231244 -1.4810231189946537 -1.083266527332853 -0.29626415192807942 -0.7709688907620148 0.2318978943656248 4.2791707136567316 -4.0246022933299628 0.40599540781358884 -0.6172035937320971 0.30134975451967422 -3.1424264558741246 -3.3301757922586832 -0.18516256297482414 -2.2783440074745616
leaf_weight=7192 51 86 44 89 104 258 60 53 40 159 1053 381 41 223 123 333 64 185 106 492 139 71 45 619 115 916 131 50 194 70
leaf_count=7192 51 86 44 89 104 258 60 53 40 159 1053 381 41 223 123 333 64 185 106 492 139 71 45 619 115 916 131 50 194 70
internal_value=-4.0777e-05 -0.000119074 0.000906883 0.00112543 0.00327841 0.00903465 0.00137694 -0.0030303 0.0160601 -0.00090247 0.00314961 0.000565611 -0.000680658 0.00188907 -0.00682692 0.0100267 -0.0045929 -0.00168675 0.00630435 -0.0031994 -0.00127953 0.0103896 -0.00336167 0.000320513 -0.0142857 0.0043095 -0.00893204 -0.0128989 -0.00693878 -0.000991326
internal_weight=13487 13436 6174 6130 2973 1211 580 494 631 3157 1142 441 1762 1243 519 373 478 414 229 2015 1523 230 1293 779 160 1020 514 375 244 7262
internal_count=13487 13436 6174 6130 2973 1211 580 494 631 3157 1142 441 1762 1243 519 373 478 414 229 2015 1523 230 1293 779 160 1020 514 375 244 7262
is_linear=0
shrinkage=0.05


Tree=174
num_leaves=31
num_cat=0
split_feature=2 14 10 12 12 10 8 12 11 12 13 10 7 9 0 7 7 7 10 7 12 7 13 11 10 12 10 0 12 10
split_gain=8.57154 8.11805 8.09144 7.28173 14.5227 11.0024 7.66574 9.01129 13.7787 12.6235 9.90396 11.7337 10.7796 8.40029 28.8314 19.3224 16.6284 14.4587 9.46948 9.1472 18.8742 16.3115 16.2376 13.7773 31.6645 13.9395 20.3227 20.1268 17.8346 15.5565
threshold=14.934210526315789 1615.5000000000002 -0.52032787705993211 -0.98214488425316759 -0.97113884758256674 -0.62588817255938378 4.5000000000000009 -0.90163369914317015 -0.60555643346685839 -0.59869031648930193 -0.48314634702607501 -0.39036798905311365 7.5000000000000009 1.0000000180025095e-35 20.50131578947369 2.5000000000000004 16.500000000000004 20.500000000000004 1.0000000180025095e-35 14.500000000000002 0.93544191479114935 2.5000000000000004 0.97009571160424379 0.98899263613956456 -0.03977009085991149 -0.63920832810365535 -0.79384350655589164 15.556578947368424 -0.5484990889199054 -0.91597725483594616
decision_type=2 8 2 2 2 2 2 2 2 2 2 2 2 2 2 2 2 2 2 2 2 2 2 2 2 2 2 2 2 2
left_child=1 -1 -2 -3 5 -5 13 8 -8 10 12 -12 -9 19 15 -15 18 -18 -17 20 21 -6 -21 25 -25 26 27 -23 -27 -29
right_child=2 3 -4 4 6 -7 7 9 -10 -11 11 -13 -14 14 -16 16 17 -19 -20 22 -22 23 -24 24 -26 28 -28 29 -30 -31
leaf_value=-1.3568321966081101 -0.091514574843870378 -0.16841111299555678 4.2246883234102368 3.1483235757108163 -0.13252853143577001 0.32970610302166392 0.53986317476917522 -0.046466364434763818 -1.3041717887654274 -0.14945884822436711 -0.83469174301052362 0.4168732791014691 1.8753676362937768 1.2819880397571639 2.1534161270734558 -0.96866948383908502 2.0531947772172319 -2.6755216052906579 -5.6200167995809016 -0.11165749320030045 -0.44076287458103708 -3.6907088305431444 1.2282204733765185 -5.233897258853017 0.51102117340569753 1.7897515376360162 0.56967225677801137 3.2208619337418556 0.74231960616781412 -1.4882643294910509
leaf_weight=58 42 824 43 78 904 148 58 75 148 2719 154 224 150 41 69 61 43 40 104 3010 685 92 163 51 117 117 714 46 2392 108
leaf_count=58 42 824 43 78 904 148 58 75 148 2719 154 224 150 41 69 61 43 40 104 3010 685 92 163 51 117 117 714 46 2392 108
internal_value=-3.70947e-05 -0.000138122 0.0156977 -5.62388e-05 0.000243766 0.0127753 1.2209e-05 -0.00195523 -0.0120773 -0.0013241 0.00521523 0.000263852 0.0134956 0.000804978 -0.00668524 -0.0136207 -0.0188755 -0.000595238 -0.028012 0.001125 0.00241056 0.00357772 -0.000992439 0.00507147 -0.00887574 0.00574928 0.00062435 -0.0117409 0.00770916 -0.000645161
internal_weight=13478 13393 85 13335 12511 226 12285 3528 206 3322 603 378 225 8757 358 289 248 83 165 8399 5226 4541 3173 3637 168 3469 960 246 2509 154
internal_count=13478 13393 85 13335 12511 226 12285 3528 206 3322 603 378 225 8757 358 289 248 83 165 8399 5226 4541 3173 3637 168 3469 960 246 2509 154
is_linear=0
shrinkage=0.05


Tree=175
num_leaves=31
num_cat=0
split_feature=15 1 8 2 1 3 7 9 1 13 10 8 10 10 10 13 12 7 13 0 11 10 7 7 8 15 7 12 11 10
split_gain=8.35576 12.6666 17.5924 11.0946 10.6129 9.99681 8.00549 19.9491 12.5173 10.3918 12.5408 16.7726 22.4807 18.9789 10.5509 10.0582 9.9591 8.81383 8.37939 8.32291 7.6849 13.7933 7.35582 12.4847 26.6257 19.8995 19.1655 18.5451 22.2029 16.503
threshold=3047.6250000000005 8.6816885964912291 1.0000000180025095e-35 13.898684210526318 6.1667489035087728 7.453947368421054 14.500000000000002 1.0000000180025095e-35 28.341529605263165 -0.63090078682092632 -0.57078386445773377 2.5000000000000004 0.72695311118111527 0.878110924644389 -0.46038400545438724 0.95111414672704442 -0.97876850416056738 11.500000000000002 -0.72696193466471681 17.653947368421054 -0.43733099657705293 -0.69057362043749781 5.5000000000000009 20.500000000000004 4.5000000000000009 2379.6250000000005 16.500000000000004 0.04621502027255215 -0.65883892954715351 -0.98214942551678475
decision_type=10 2 2 2 2 2 2 2 2 2 2 2 2 2 2 2 2 2 2 2 2 2 2 2 2 8 2 2 2 2
left_child=3 2 -2 22 -4 -6 7 9 -8 18 16 13 15 14 -12 -13 -11 20 -3 -20 21 -18 -1 24 27 -25 29 -24 -29 -26
right_child=1 6 4 -5 5 -7 8 -9 -10 10 11 12 -14 -15 -16 -17 17 -19 19 -21 -22 -23 23 25 26 -27 -28 28 -30 -31
leaf_value=-0.050907821071706397 2.5102488786282269 0.12088185195217421 -0.46515240811190783 2.619534828069459 -0.52555776093022366 0.78452709137066001 -0.66692867256489308 -3.8874935017928012 0.32786218628159536 0.31702121605695766 3.2582508140804749 -1.6818560141946932 1.7937683333149608 -2.6997570808251115 0.83029026046058341 2.2042186857498112 2.030047303837796 -0.36308366467957287 0.39657904664547916 3.1807426358486399 -3.1228191018656961 -2.4706912514332999 0.41011358351327093 0.14871768585725251 0.89644840204255161 -0.6975826928155584 0.54624945692025906 -0.38196285308870304 2.7267481334878427 -0.30718141491174722
leaf_weight=3326 153 786 150 66 156 211 1234 66 114 114 90 350 79 41 495 47 45 126 42 44 100 67 1045 1104 115 565 598 109 408 1529
leaf_count=3326 153 786 150 66 156 211 1234 66 114 114 90 350 79 41 495 47 45 126 42 44 100 67 1045 1104 115 565 598 109 408 1529
internal_value=-0.000265401 -0.00201729 0.00432191 0.000625987 -9.65251e-05 0.0044837 -0.00312419 -0.00144404 -0.00622683 -0.000700453 -0.00315113 -0.000271985 -0.00733753 0.00510367 0.00742321 -0.0121859 -0.0101545 -0.0144543 0.00366552 0.0183908 -0.0206573 -0.0115044 0.000471591 0.00159847 0.00318003 -0.00200599 -0.000312082 0.00818938 0.0159266 -0.0031003
internal_weight=13375 4510 670 8865 517 367 3840 2492 1348 2426 1554 1102 476 626 585 397 452 338 872 86 212 112 8799 5473 3804 1669 2242 1562 517 1644
internal_count=13375 4510 670 8865 517 367 3840 2492 1348 2426 1554 1102 476 626 585 397 452 338 872 86 212 112 8799 5473 3804 1669 2242 1562 517 1644
is_linear=0
shrinkage=0.05


Tree=176
num_leaves=31
num_cat=0
split_feature=12 1 10 3 1 10 12 10 1 15 2 11 12 11 6 15 15 12 15 10 1 1 15 10 12 6 10 1 10 11
split_gain=7.04703 14.0487 10.0329 9.01636 8.27128 9.15338 7.96817 16.6724 6.72358 5.78883 15.7029 9.14087 13.3781 9.09673 7.58374 7.73825 9.61016 14.844 9.14004 8.74598 7.86995 7.53694 10.6941 11.7619 6.6683 6.0546 5.87172 25.6229 19.6642 14.238
threshold=-0.98214488425316759 16.706140350877195 0.75014288946266361 0.27894736842105244 14.941228070175441 0.71503381463111937 -0.97113884758256674 -0.62588817255938378 14.065816885964916 3836.1250000000005 14.435526315789476 0.97263757644091875 0.21652696009750597 0.88917497572200743 668.90789473684231 3317.8750000000005 2504.2500000000005 -0.59869031648930193 2721.6250000000005 0.26037272046371446 27.040981359649127 24.183634868421056 2890.6250000000005 0.35846314187849709 0.81425425632861714 752.10526315789491 -0.95754239937548935 17.096299342105269 -0.98214942551678475 0.1318557721318592
decision_type=2 2 2 2 2 2 2 2 2 8 2 2 2 2 2 10 10 2 10 2 2 2 10 2 2 2 2 2 2 2
left_child=1 2 4 -3 5 8 7 -2 -1 14 11 12 13 -11 26 16 17 -16 -18 24 21 22 -20 -24 -17 -25 27 28 29 -8
right_child=6 3 -4 -5 -6 -7 9 -9 -10 10 -12 -13 -14 -15 15 19 18 -19 20 -21 -22 -23 23 25 -26 -27 -28 -29 -30 -31
leaf_value=-0.19265868177692483 2.8140551765250397 -1.4772577946514049 1.4137723536086471 -1.9903607474168781 -0.8064398796222747 1.0444233539599168 -0.66272659510852927 0.0034541365546829185 0.373214941032461 6.4312158134069826 4.4329289337325921 -1.6208875913157272 0.11263689674028683 0.45939843093733546 0.2500607311621707 -0.085624282169942501 1.5307336049353126 -1.2064652565497227 -3.515292962079025 -3.5881539996057654 -1.2958429598571799 1.9859162601140157 -2.0515599930265807 -0.29158899618164469 -3.6077521363859888 3.4842278456914757 0.024318664405359416 0.10142385470420551 -2.131720026585731 2.6740221165493612
leaf_weight=411 67 67 45 52 152 50 311 151 79 46 40 62 615 82 121 114 83 133 50 53 52 40 40 53 40 95 9385 788 129 42
leaf_count=411 67 67 45 52 152 50 311 151 79 46 40 62 615 82 121 114 83 133 50 53 52 40 40 53 40 95 9385 788 129 42
internal_value=-0.000163581 -0.00455076 -0.00196477 -0.0204167 -0.0034632 -0.000554529 0.000134996 0.00958904 -0.00264766 -3.23232e-05 0.00395981 0.00241935 0.00396505 0.0186047 -0.000325239 -0.0048 -0.00217066 -0.00980392 0.00253623 -0.0132212 -0.00120846 0.00215054 -0.00125523 0.0042328 -0.00709677 0.0107383 4.22297e-05 -0.00314713 -0.0122153 -0.00607345
internal_weight=13448 856 737 119 692 540 12592 218 490 12374 845 805 743 128 11529 874 667 254 413 207 330 278 238 188 154 148 10655 1270 482 353
internal_count=13448 856 737 119 692 540 12592 218 490 12374 845 805 743 128 11529 874 667 254 413 207 330 278 238 188 154 148 10655 1270 482 353
is_linear=0
shrinkage=0.05


Tree=177
num_leaves=31
num_cat=0
split_feature=2 6 14 11 7 7 6 8 7 11 12 11 14 7 10 10 0 8 14 12 0 14 1 14 10 14 12 12 10 12
split_gain=9.60354 7.80645 9.02347 9.09961 7.55648 7.36249 11.2291 10.2684 12.7297 13.9479 11.6291 12.2736 17.7015 11.8111 12.0074 10.2 10.034 9.67957 13.2365 9.08651 8.59142 8.56106 8.28331 8.26757 8.1654 8.06372 7.63121 23.4788 19.7425 17.1992
threshold=14.934210526315789 807.51315789473699 3751.6250000000005 -0.78858226040708135 22.500000000000004 6.5000000000000009 0.14473684210526319 1.0000000180025095e-35 2.5000000000000004 0.42763731121559989 0.84313847884979054 -0.90531874877253482 2112.2500000000005 1.0000000180025095e-35 0.99761913169647187 -0.28519255817492867 8.1539473684210559 5.5000000000000009 2076.3750000000005 0.95752911693909493 9.0921052631578974 2663.5000000000005 8.9728618421052655 2875.3750000000005 0.9916835347852474 1869.3750000000002 0.04621502027255215 0.11478755917771409 0.9962888416657264 0.23746817830764474
decision_type=2 2 10 2 2 2 2 2 2 2 2 2 8 2 2 2 2 2 10 2 2 10 2 10 2 10 2 2 2 2
left_child=1 4 3 -3 5 6 7 8 -1 -10 11 12 -9 -13 17 -14 -11 24 25 -12 22 26 -21 -8 -15 -19 28 -28 -7 -29
right_child=-2 2 -4 -5 -6 21 23 10 9 16 19 13 15 14 -16 -17 -18 18 -20 20 -22 -23 -24 -25 -26 -27 27 29 -30 -31
leaf_value=-1.1788732971779723 1.1990746875237164 0.27837342297829654 -1.5194729591674561 -1.9808055154638624 -0.31233052114257592 0.15626361610047754 -1.0386207182942826 1.6656572613890774 1.6518504577345425 0.042111133394570288 0.91188993170877097 0.34358193352792343 1.5538555640676579 -0.086658877210970792 1.9716614256554068 -0.90848493301864441 -2.8664968866222353 -0.83929348380958124 -1.5829903395355815 -0.072322858927822156 -0.25552367319691599 -0.0063754135640010645 1.3357312425757755 -0.062674528206230207 -1.3750203618249088 0.13285456045445018 2.5432350765143159 -1.3718439980512358 -2.7691858322615532 0.53253766392726909
leaf_weight=239 77 230 79 172 573 1571 405 42 107 72 248 345 57 1322 46 97 47 65 87 58 160 5577 57 300 43 109 96 88 74 1011
leaf_count=239 77 230 79 172 573 1571 405 42 107 72 248 345 57 1322 46 97 47 65 87 58 160 5577 57 300 43 109 96 88 74 1011
internal_value=-0.000185805 -0.000287786 -0.00653527 -0.00347395 -5.42762e-05 0.000206913 -0.0015869 -0.00032792 -0.00718884 0.00132159 0.000840336 -0.000745257 0.0111675 -0.00190783 -0.00364614 0.00322581 -0.0104167 -0.00436386 -0.0131679 0.00753817 0.00126812 0.00103944 0.0116379 -0.00729462 -0.00267204 -0.00514286 0.0032735 0.00631271 0.00106318 0.00422727
internal_weight=13454 13377 481 402 12896 12323 3906 3201 465 226 2736 2213 196 2017 1672 154 119 1626 261 523 275 8417 115 705 1365 174 2840 1195 1645 1099
internal_count=13454 13377 481 402 12896 12323 3906 3201 465 226 2736 2213 196 2017 1672 154 119 1626 261 523 275 8417 115 705 1365 174 2840 1195 1645 1099
is_linear=0
shrinkage=0.05


Tree=178
num_leaves=31
num_cat=0
split_feature=13 13 6 7 0 1 7 7 15 7 6 15 7 14 14 1 3 11 1 0 6 7 15 1 15 15 0 13 11 13
split_gain=6.91149 12.3458 11.4045 9.44756 10.0392 8.43765 7.01952 9.25186 12.7236 19.0722 14.0762 16.3609 14.4537 11.7357 11.3436 11.3427 11.0615 9.64022 14.5917 10.958 9.54322 12.881 12.4331 9.32836 8.76376 8.3577 8.24491 8.08595 7.89822 20.3856
threshold=-0.99273797715557011 -0.98212955754013376 148.63157894736847 17.500000000000004 13.609210526315792 13.060142543859653 6.5000000000000009 10.500000000000002 2340.1250000000005 20.500000000000004 124.15789473684212 2587.8750000000005 18.500000000000004 3325.1250000000005 3302.2500000000005 29.002604166666668 10.675000000000001 0.99611390731392835 7.5498081140350886 8.3013157894736853 678.98684210526324 21.500000000000004 2286.6250000000005 8.1376918859649141 3027.1250000000005 3356.3750000000005 22.677631578947373 0.95111414672704442 -0.68432604233786842 0.2332836900311728
decision_type=2 2 2 2 2 2 2 2 10 2 2 10 2 10 10 2 2 2 2 2 2 2 8 2 10 8 2 2 2 2
left_child=3 2 5 -1 -5 -2 25 17 20 10 11 -10 23 14 15 -12 -11 18 -8 -20 21 -9 26 -13 -14 -3 -23 -15 29 -21
right_child=1 6 -4 4 -6 -7 7 8 9 16 13 12 24 27 -16 -17 -18 -19 19 28 -22 22 -24 -25 -26 -27 -28 -29 -30 -31
leaf_value=0.7532847988796334 -1.3493399954714733 -0.072846120067714543 -1.9238100950597528 -1.6899788165694531 0.68406220115327876 0.25776097264529202 1.7078031923205346 0.76027511443555795 0.95512329536901464 -0.58856886559148058 -0.18213578498972538 0.81468336920243023 0.0068445203999090154 -0.82992205144608988 2.3416623171636046 1.6865433725869026 -2.9276625394112674 -2.1618308727464863 -1.0245004337114552 -2.7261349725742323 -0.67207428101853572 0.061589021857389528 -1.7560312863470813 0.083156544641974514 -0.55077893842690173 -1.4922164310383323 1.8331955927589547 1.173653403268736 0.72595496130290948 0.25235137111185396
leaf_weight=419 63 3478 112 76 61 133 167 669 274 592 1344 253 431 804 49 77 41 71 140 116 170 611 84 916 355 156 40 78 1205 415
leaf_count=419 63 3478 112 76 61 133 167 669 274 592 1344 253 431 804 49 77 41 71 140 116 170 611 84 916 355 156 40 78 1205 415
internal_value=-0.00024625 -0.000482678 -0.010356 0.00520646 -0.00615942 -0.00304569 -0.000239292 0.00051668 -0.000382972 -0.00157239 -0.000447403 0.0023991 0.000792434 -0.00314492 -0.000407886 -0.00123066 -0.00970032 0.00340426 0.0040362 0.00277038 0.00355556 0.00491103 0.000339674 0.00431624 -0.00444727 -0.00209078 0.00268405 -0.00770102 0.00385723 -0.0012218
internal_weight=13400 12844 308 556 137 196 12536 8902 6788 5214 4581 2229 1955 2352 1470 1421 633 2114 2043 1876 1574 1404 735 1169 786 3634 651 882 1736 531
internal_count=13400 12844 308 556 137 196 12536 8902 6788 5214 4581 2229 1955 2352 1470 1421 633 2114 2043 1876 1574 1404 735 1169 786 3634 651 882 1736 531
is_linear=0
shrinkage=0.05


Tree=179
num_leaves=31
num_cat=0
split_feature=14 15 14 10 8 6 14 8 14 15 8 7 7 14 1 9 15 1 15 14 7 14 13 13 1 10 10 1 3 14
split_gain=9.21422 6.67097 9.65521 10.5032 9.87348 20.5707 9.34798 23.7367 13.8399 13.8306 16.7464 14.2303 13.4701 12.96 11.7753 11.679 9.53609 9.48645 9.25595 9.25357 8.02082 8.97373 8.36536 15.3094 8.00599 7.64992 17.1768 18.7387 7.45643 7.41634
threshold=4265.8750000000009 2604.7500000000005 3230.1250000000005 0.77788564761185042 1.5000000000000002 4.6447368421052637 2400.8750000000005 1.0000000180025095e-35 2612.8750000000005 3347.1250000000005 4.5000000000000009 14.500000000000002 17.500000000000004 3554.7500000000005 28.096025219298252 1.0000000180025095e-35 3038.3750000000005 11.909402412280704 1682.1250000000002 2754.2500000000005 16.500000000000004 3541.3750000000005 0.7912140244565844 0.47370525521770246 6.1667489035087728 0.10837544681456425 0.49812943072827093 16.414802631578954 10.230263157894738 2694.8750000000005
decision_type=10 10 8 2 2 2 10 2 10 10 2 2 2 10 2 2 10 2 10 8 2 10 2 2 2 2 2 2 2 10
left_child=1 2 4 -4 5 18 25 12 17 10 11 13 29 15 -13 -10 -14 -9 -1 -18 22 -22 23 -12 28 -3 -27 -28 -11 -8
right_child=-2 6 3 -5 -6 -7 7 8 9 24 20 14 16 -15 -16 -17 19 -19 -20 -21 21 -23 -24 -25 -26 26 27 -29 -30 -31
leaf_value=-1.1063822458916832 2.5177072806975502 -0.8613722956087031 1.7230029312791544 -0.64149396872234099 -0.013703042538327282 7.1123572678560327 2.2243562250472908 0.34795586576720439 0.70855295718251909 -1.75539623643665 -0.97009133456981544 -0.11323670087546134 1.8158790669044267 3.6777027792748189 1.6565779688470004 -4.2110416794148593 -1.8009642276196018 -1.6986368176255384 0.24997222894518245 1.0877755165778014 -0.094631671364709291 1.7949512135699479 -1.8800192420525947 0.69136055291398868 -0.20747763840007566 4.3998262861041892 0.037858429002903905 -3.119813400391604 0.0050759299005221697 4.7804102846481333
leaf_weight=62 47 487 292 56 4779 81 219 56 1155 67 185 1106 54 72 49 41 68 150 1214 40 286 45 103 80 2114 73 269 65 40 53
leaf_count=62 47 487 292 56 4779 81 219 56 1155 67 185 1106 54 72 49 41 68 150 1214 40 286 45 103 80 2114 73 269 65 40 53
internal_value=7.45768e-06 -7.10971e-05 0.00107941 0.00916905 0.000619195 0.00438144 -0.00115586 -0.000442848 -0.00132432 -0.00083271 0.00131284 0.0032797 0.0108046 0.00693459 -0.000735294 0.00568087 -0.000613497 -0.0140097 0.00281911 -0.00917431 -0.0055 0.000150602 -0.0105691 -0.00582707 -0.00384788 -0.00592179 -0.000857843 -0.00567164 -0.0171296 0.0175824
internal_weight=13408 13361 6484 348 6136 1357 6877 5983 5549 5343 3122 2423 434 1268 1155 1196 162 206 1276 108 699 331 368 265 2221 894 407 334 107 272
internal_count=13408 13361 6484 348 6136 1357 6877 5983 5549 5343 3122 2423 434 1268 1155 1196 162 206 1276 108 699 331 368 265 2221 894 407 334 107 272
is_linear=0
shrinkage=0.05


Tree=180
num_leaves=31
num_cat=0
split_feature=7 7 15 13 7 13 6 6 14 1 15 12 2 12 14 14 1 15 12 12 7 14 11 14 11 7 15 10 5 10
split_gain=5.99244 11.8545 11.969 18.0754 16.3401 11.3037 10.9068 10.5255 14.5597 10.3859 14.1951 10.321 13.5961 11.085 13.3554 13.0156 9.85373 11.2427 9.54389 23.003 17.1711 10.5234 9.45342 9.36614 10.4706 9.11458 11.8795 16.498 10.9973 17.1653
threshold=6.5000000000000009 10.500000000000002 3117.3750000000005 0.97786949981288174 19.500000000000004 0.90438663683299525 100.56578947368423 0.14473684210526319 2875.3750000000005 27.040981359649127 2202.0000000000005 0.97508442350096236 6.676315789473688 0.04621502027255215 2536.1250000000005 2172.3750000000005 24.183634868421056 2092.1250000000005 -0.79384350655589164 -0.98523971305672675 12.500000000000002 3554.7500000000005 0.98899263613956456 3336.2500000000005 -0.90531874877253482 20.500000000000004 2388.5000000000005 0.39036257410962044 0.17766101108033241 0.98522604642031408
decision_type=2 2 10 2 2 2 2 2 10 2 8 2 2 2 10 8 2 10 2 2 2 10 2 10 2 2 8 2 2 2
left_child=5 11 25 4 18 7 -5 9 -9 16 -11 13 -13 22 15 -15 -1 -18 19 -4 -21 -22 -2 24 -20 28 -27 -28 29 -3
right_child=1 2 3 6 -6 -7 -8 8 -10 10 -12 12 -14 14 -16 -17 17 -19 23 20 21 -23 -24 -25 -26 26 27 -29 -30 -31
leaf_value=0.0172442699123053 0.39509669832714284 0.068958595023877939 -1.3306754877552522 3.0828502319715998 -1.9655032452713614 -0.92630401681381047 0.3414654609577838 -1.194028266940427 0.092199166070781768 1.2413738964158825 0.01667479823912572 0.074601044793860191 -2.4055399129414128 -0.57176577393587424 0.48908661289812017 3.0983329408780267 -1.2662777459479231 -0.02919101096481427 -2.2480715325497842 -1.6526934776025428 1.982685611642188 0.49031873642513801 -1.5576182264972545 -0.63777972444363518 0.015457127362549273 0.076057620544185064 -1.2468416396269959 0.19842584279149378 0.4592806123957644 -2.1247644765496942
leaf_weight=2484 1089 1789 99 44 94 441 72 381 279 95 126 114 53 42 738 125 51 67 62 59 142 84 64 1059 922 1116 401 159 1198 51
leaf_count=2484 1089 1789 99 44 94 441 72 381 279 95 126 114 53 42 738 125 51 67 62 59 142 84 64 1059 922 1116 401 159 1198 51
internal_value=1.48137e-05 0.000689151 -0.000278836 -0.00297574 -0.00386598 -0.00163057 0.0162393 -0.000674512 -0.00635401 0.000655099 0.011036 0.00388589 -0.00803571 0.00485673 0.00899558 0.0217262 -0.000230503 -0.0142857 -0.00306837 0.00415584 0.0113636 0.0176211 0.00160312 -0.00442759 -0.000913706 0.00123012 -0.00172928 -0.00766488 0.00286278 0.000434546
internal_weight=13500 9576 7351 2637 2521 3924 116 3483 660 2823 221 2225 167 2058 905 167 2602 118 2427 384 285 226 1153 2043 984 4714 1676 560 3038 1840
internal_count=13500 9576 7351 2637 2521 3924 116 3483 660 2823 221 2225 167 2058 905 167 2602 118 2427 384 285 226 1153 2043 984 4714 1676 560 3038 1840
is_linear=0
shrinkage=0.05


Tree=181
num_leaves=31
num_cat=0
split_feature=7 15 13 14 12 2 1 1 1 12 12 8 12 14 15 14 1 8 1 11 7 1 2 8 14 12 12 12 12 11
split_gain=9.76363 8.64463 9.25379 8.89961 8.64564 7.40803 8.94759 7.06452 6.20204 11.2675 14.7392 6.48564 12.8546 12.0013 7.07722 7.87684 9.48968 9.37139 11.1327 7.68184 9.79833 6.67569 7.76418 5.8325 8.61936 5.55721 20.5082 14.9573 17.7493 11.7351
threshold=22.500000000000004 2237.1250000000005 -0.7614016681079937 1915.1250000000002 0.60726729507090926 15.421052631578947 29.959237938596498 3.5949013157894742 25.80183662280702 0.99898004730802425 0.99683609994235922 1.0000000180025095e-35 0.92919371535393525 2428.3750000000005 3555.5000000000005 3253.8750000000005 29.269572368421056 4.5000000000000009 28.793914473684215 -0.96466008222729416 14.500000000000002 28.225054824561408 10.96447368421053 3.5000000000000004 2509.8750000000005 0.88618201382888007 0.80033572242307993 0.8277925332691819 0.86113431103781346 -0.59177783207548873
decision_type=2 8 2 10 2 2 2 2 2 2 2 2 2 10 10 8 2 2 2 2 2 2 2 2 10 2 2 2 2 2
left_child=5 2 -2 -4 -3 6 7 -1 25 10 11 12 13 -10 15 16 23 19 -19 -17 -21 -16 -23 -13 -25 26 -9 -28 -29 -27
right_child=1 4 3 -5 -6 -7 -8 8 9 -11 -12 14 -14 -15 21 17 -18 18 -20 20 -22 22 -24 24 -26 29 27 28 -30 -31
leaf_value=4.0340180626868234 -0.86968991577661547 -3.3282187560959304 0.79236795592629505 -0.12025363575378947 -1.0576722527704647 1.5015595046705585 -1.1484854680156786 -0.0018674260425314061 0.21746481243230847 1.6191797597524442 -3.063766399396127 0.44576054346183586 -1.4729635393334093 4.9689959628307294 -1.0062487923029835 0.24702883580105209 1.6349748512111093 1.6202944622189308 -1.2906355763368085 4.042348225158185 0.83966216828728202 0.43038091037390136 -0.62429831485465004 0.23978424604678139 -0.44569751159037879 -0.82630315588266967 -2.2295641572181242 0.64341757316017267 -1.4255651860625904 0.39795029729184539
leaf_weight=54 120 60 62 212 98 57 83 9357 64 104 61 200 56 80 116 49 57 72 56 57 41 47 57 126 246 249 184 179 169 1124
leaf_count=54 120 60 62 212 98 57 83 9357 64 104 61 200 56 80 116 49 57 72 56 57 41 47 57 126 246 249 184 179 169 1124
internal_value=-3.70425e-06 -0.00650995 -0.00253165 0.00254545 -0.0163522 0.000274216 0.000193964 0.00030064 0.000223494 0.00325503 0.00205628 0.00316981 0.0114428 0.0193103 0.00168889 0.00364641 0.000555556 0.0106884 0.000775194 0.0192568 0.0272727 -0.00633484 0.00285714 -0.00139616 -0.00509383 -0.000177573 -0.000591507 -0.0101313 -0.00401146 0.00280204
internal_weight=13497 552 394 274 158 12945 12888 12805 12751 1489 1385 1324 200 144 1124 904 629 275 128 147 98 220 104 572 372 11262 9889 532 348 1373
internal_count=13497 552 394 274 158 12945 12888 12805 12751 1489 1385 1324 200 144 1124 904 629 275 128 147 98 220 104 572 372 11262 9889 532 348 1373
is_linear=0
shrinkage=0.05


Tree=182
num_leaves=31
num_cat=0
split_feature=7 7 6 7 15 13 13 6 15 13 1 13 12 13 14 14 10 8 8 14 15 13 7 10 15 14 10 12 8 14
split_gain=10.2733 17.2031 14.1441 11.3005 10.8733 10.3583 12.7971 10.035 10.131 19.1024 16.492 13.9488 23.0543 16.8554 15.0461 12.93 12.8848 12.5312 18.4523 15.9572 12.8143 14.7045 12.6548 11.2537 11.1489 11.8978 10.7361 10.209 10.8067 9.3351
threshold=7.5000000000000009 10.500000000000002 181.68421052631581 8.5000000000000018 3117.3750000000005 0.97786949981288174 0.89693010073300883 409.19736842105272 2202.0000000000005 -0.59868927840444253 27.040981359649127 -0.41594454530410557 0.81425425632861714 -0.28725831407847041 1877.7500000000002 2716.3750000000005 -0.62588817255938378 5.5000000000000009 1.0000000180025095e-35 1947.1250000000002 1787.3750000000002 0.95111414672704442 3.5000000000000004 -0.69057362043749781 1938.7500000000002 1666.8750000000002 0.878110924644389 0.43152950955792641 1.5000000000000002 2076.3750000000005
decision_type=2 2 2 2 10 2 2 2 8 2 2 2 2 2 10 10 2 2 2 10 10 2 2 2 10 10 2 2 2 10
left_child=7 2 3 -2 -3 6 -6 8 10 -10 17 12 -11 15 -15 -13 23 18 22 -19 21 -20 24 -16 25 -1 27 28 -22 -12
right_child=1 4 -4 -5 5 -7 -8 -9 9 11 29 13 -14 14 16 -17 -18 19 20 -21 26 -23 -24 -25 -26 -27 -28 -29 -30 -31
leaf_value=-1.1514809006965379 0.39788611338190094 0.055183451979735315 0.25909541787607399 2.1280735980882581 -0.22957754345926562 2.1654106369466262 -1.5471066523462242 1.7648894635010153 0.13462054317891445 -7.1693629858959644 1.926534100911141 1.8200523581282597 -0.061892860130410558 -3.8202546177606109 -0.6530695324233875 -0.893579088790591 -0.45128558580490791 0.11286413701034236 2.0654758956528556 -0.97086435687035655 0.85954231715399487 -0.91336041179963567 1.5078174623582301 -2.8417790977036477 -2.6083018407083163 -0.33163317582786933 -0.43222839447207662 0.81158410949657311 -0.043805087434236611 0.32434405305239128
leaf_weight=52 223 4614 1221 219 2290 122 191 48 602 72 44 52 61 49 83 40 987 159 60 366 144 42 57 59 47 159 279 255 609 87
leaf_count=52 223 4614 1221 219 2290 122 191 48 602 72 44 52 61 49 83 40 987 159 60 366 144 42 57 59 47 159 279 255 609 87
internal_value=-0.000124116 0.000855759 0.0054387 0.0130926 -0.000200887 -0.00278418 -0.00348509 -0.0020956 -0.00234769 -0.00496012 -0.000127065 -0.00815527 -0.0235075 -0.00653029 -0.00814249 0.0139785 -0.0069469 -0.0011435 0.000938416 -0.00788973 0.00341727 0.0203883 -0.00996835 -0.020979 -0.0146718 -0.00966981 0.00205745 0.00445986 0.0015252 0.0170455
internal_weight=13293 8880 1663 442 7217 2603 2481 4413 4365 2005 2360 1403 133 1270 1178 92 1129 2229 1704 525 1389 102 315 142 258 211 1287 1008 753 131
internal_count=13293 8880 1663 442 7217 2603 2481 4413 4365 2005 2360 1403 133 1270 1178 92 1129 2229 1704 525 1389 102 315 142 258 211 1287 1008 753 131
is_linear=0
shrinkage=0.05


Tree=183
num_leaves=31
num_cat=0
split_feature=10 10 6 15 3 11 6 12 15 2 13 13 14 10 13 11 10 10 13 12 14 13 10 11 13 14 13 12 15 3
split_gain=8.92681 16.8628 7.69052 16.5502 13.6317 7.07862 6.86954 5.75995 4.64505 11.9499 7.17509 6.79072 8.48599 6.59616 9.87428 9.0954 8.95482 15.1068 10.0954 6.22934 6.39627 5.78471 22.1529 16.3608 17.2269 16.2285 15.4486 14.5156 14.4087 13.2576
threshold=0.99818282439137029 0.99552231814189451 29.684210526315795 3317.8750000000005 7.1302631578947366 1.0000000180025095e-35 233.96052631578951 -0.9998468409516591 2666.3750000000005 13.686842105263162 0.9980355542543059 0.9980355542543059 2335.8750000000005 0.9916835347852474 -0.93543596745397617 -0.13398942717002907 0.97508442350096236 0.96904697354198299 -0.8697618612574799 -0.99763297024448894 1813.1250000000002 0.91852788691372023 0.039769539193789977 0.97461712852231652 0.89693010073300883 2832.3750000000005 0.88118961618000469 0.23746817830764474 3542.2500000000005 5.9828947368421055
decision_type=2 2 2 10 2 2 2 2 10 2 2 2 10 2 2 2 2 2 2 2 10 2 2 2 2 10 2 2 10 2
left_child=1 7 4 -4 5 -2 -3 -1 9 11 13 -9 -13 14 15 -10 17 18 -16 -20 -21 23 25 24 26 28 -22 -24 -23 -28
right_child=2 6 3 -5 -6 -7 -8 8 10 -11 -12 12 -14 -15 16 -17 -18 -19 19 20 21 22 27 -25 -26 -27 29 -29 -30 -31
leaf_value=-0.66574364924304064 0.20026613630648171 -0.89661292674352355 3.6843026769251312 -0.93638998328385703 1.6990347071043403 -3.6714393586745704 -2.8625562631861841 0.051762442349809139 -1.6410065110170309 2.4563397833793035 1.2752598501011108 0.30065948550075067 -3.3239030499672482 1.1151958964290658 0.91172561500716265 -0.25961501784231589 1.5784610695573749 -2.5864063719096295 0.73423298964712558 -3.2186110163441528 -0.07015954411963321 -1.9539263223570515 -0.060384630126895905 2.9397182771342729 -2.1702731465895684 -1.8156327503986178 5.2223095654521563 3.0975600062180777 0.97305258388960292 0.12071090895188946
leaf_weight=77 42 106 85 53 49 40 47 6315 77 55 99 59 59 104 200 405 63 67 101 49 4519 83 147 42 56 181 43 54 73 40
leaf_count=77 42 106 85 53 49 40 47 6315 77 55 99 59 59 104 200 405 63 67 101 49 4519 83 147 42 56 181 43 54 73 40
internal_value=7.4677e-05 -0.000110501 0.00907407 0.0172662 0.000378788 -0.0120482 -0.0165584 8.48176e-05 0.00016677 0.00110957 -0.00078857 0.000909232 -0.0109244 -0.000999207 -0.00120948 -0.00807453 -0.000629481 -0.000839816 -0.000554661 -0.000964929 -0.00120083 -0.00103073 -0.00593692 -0.000467986 -0.000751234 -0.0137574 -0.000412774 0.00717822 -0.00191083 0.0208333
internal_weight=13390 13121 269 138 131 82 153 12968 12891 6488 6403 6433 118 6304 6200 482 5718 5655 5588 5388 5287 5238 538 4700 4658 337 4602 201 156 83
internal_count=13390 13121 269 138 131 82 153 12968 12891 6488 6403 6433 118 6304 6200 482 5718 5655 5588 5388 5287 5238 538 4700 4658 337 4602 201 156 83
is_linear=0
shrinkage=0.05


Tree=184
num_leaves=31
num_cat=0
split_feature=8 7 7 6 7 15 15 7 10 8 12 11 1 10 10 12 10 8 7 10 10 11 12 1 10 1 10 10 15 12
split_gain=8.34655 18.5738 15.982 15.4036 13.816 12.8894 12.3736 11.7758 14.8488 11.3168 14.8054 11.1723 13.2631 18.9594 14.2019 11.7792 18.2249 9.9752 9.94285 9.41624 12.6771 9.05494 11.3188 12.5637 12.2754 8.92666 10.0999 11.8657 8.71078 10.2846
threshold=4.5000000000000009 3.5000000000000004 16.500000000000004 7.8815789473684221 21.500000000000004 3027.1250000000005 2237.1250000000005 11.500000000000002 -0.9905448150984083 5.5000000000000009 -0.86976336936302323 0.29958852271690523 20.792132675438602 0.71503381463111937 0.90162119223771331 -0.78326178756187226 -0.15101209918632377 5.5000000000000009 19.500000000000004 0.78857998149907527 -0.90893996196865023 -0.68432604233786842 0.31596169403973995 9.9424342105263168 0.52766072109828632 22.466282894736846 -0.18492532721306487 -0.54939360607974019 2357.1250000000005 -0.70291267844185523
decision_type=2 2 2 2 2 8 8 2 2 2 2 2 2 2 2 2 2 2 2 2 2 2 2 2 2 2 2 2 10 2
left_child=-1 9 3 -3 17 7 19 8 -5 10 -2 12 13 -10 -15 -13 -17 18 -4 20 -6 -11 23 -23 -24 -14 27 -27 -19 -30
right_child=1 2 4 5 6 -7 -8 -9 11 21 -12 15 25 14 -16 16 -18 28 -20 -21 -22 22 24 -25 -26 26 -28 -29 29 -31
leaf_value=0.051398810756427341 1.9586966943072071 -0.8283145673157265 0.19115259946458993 2.353892346431826 -2.0705006799516696 -2.4963879846205828 -2.2646466153885512 -0.48030286422444424 -2.6190634070620491 0.74599476149810473 0.45194257535134741 -1.003091414426126 1.4093666201071073 1.3635769609112971 -1.4252095780144829 3.7738404515564299 0.5616544105788307 1.4346935239223968 -0.78028806414545215 -1.2807207673851395 0.47133047981518533 1.6710567746030904 -1.1677023205652064 -0.11462665473728749 0.17360095564131939 -0.031326259524962555 -1.2181056384208888 0.65785574035145378 -0.94110190111919112 0.52732933955240924
leaf_weight=9599 61 394 230 44 43 69 51 782 91 81 241 76 48 54 132 51 149 144 160 66 160 48 59 105 44 105 56 62 54 230
leaf_count=9599 61 394 230 44 43 69 51 782 91 81 241 76 48 54 132 51 149 144 160 66 160 48 59 105 44 105 56 62 54 230
internal_value=2.59451e-05 -0.00192753 -0.00345941 -0.00603122 0.00131694 -0.00398256 -0.00747664 -0.00308904 0.000920598 0.00585938 0.0128713 -0.000606061 -0.00473588 -0.0124101 -0.00320856 0.00758123 0.0139303 0.0047619 -0.00102302 -0.00314815 0.00220588 -0.000443787 -0.00505837 0.00357143 -0.0177885 0.003125 -0.00111607 0.00505952 0.0100233 0.00491228
internal_weight=13489 3890 3251 2113 1138 1719 320 1650 868 639 302 824 548 277 186 276 200 818 390 269 203 337 256 153 103 271 223 167 428 284
internal_count=13489 3890 3251 2113 1138 1719 320 1650 868 639 302 824 548 277 186 276 200 818 390 269 203 337 256 153 103 271 223 167 428 284
is_linear=0
shrinkage=0.05


Tree=185
num_leaves=31
num_cat=0
split_feature=7 15 14 7 15 14 8 15 1 1 8 12 14 8 14 14 1 8 12 8 12 15 1 0 14 1 7 10 12 14
split_gain=7.32179 9.7597 8.35917 7.52118 10.8446 12.9501 9.91297 13.1941 13.8572 13.8171 13.6384 12.0861 14.6643 10.4382 9.83488 9.64084 8.5742 7.78003 9.85547 13.3445 9.24697 11.7362 8.08302 8.07014 7.79436 9.78101 7.59071 9.40374 8.68049 6.88771
threshold=22.500000000000004 2379.6250000000005 2321.2500000000005 6.5000000000000009 3356.3750000000005 3277.1250000000005 5.5000000000000009 2177.1250000000005 19.242516447368427 21.621600877192989 1.0000000180025095e-35 0.89693165594635726 1961.5000000000002 1.5000000000000002 1869.3750000000002 2087.3750000000005 27.204495614035093 1.5000000000000002 0.27074174196563189 4.5000000000000009 -0.66528308454101848 1960.3750000000002 10.013157894736844 7.7513157894736855 1846.7500000000002 15.323410087719301 3.5000000000000004 -0.69057362043749781 0.80033572242307993 2585.8750000000005
decision_type=2 8 10 2 10 10 2 8 2 2 2 2 8 2 10 10 2 2 2 2 2 10 2 2 10 2 2 2 2 10
left_child=3 2 -2 4 5 6 7 8 10 -10 -1 12 14 26 -8 -15 -11 24 20 -20 23 -22 -23 -19 25 -12 -9 -28 -29 -5
right_child=1 -3 -4 29 -6 -7 11 13 9 16 17 -13 -14 15 -16 -17 -18 18 19 -21 21 22 -24 -25 -26 -27 27 28 -30 -31
leaf_value=-0.57180926133206644 -0.34217815359206727 -2.2715890565656083 0.42181781750782649 0.24005410877787201 -1.433045951693066 1.5137844810408525 -0.31154552017777637 -0.77602784928346868 0.87088486198539961 0.066503596659885034 -0.27555753140842398 0.26695161174599208 -1.0555681035497002 -2.3099972486994376 0.59815427445590785 -0.40306316883115872 1.8110676083978547 1.0491165207360382 0.10660311352062309 1.4985891360209054 0.15670571206680961 -1.8425794683808363 -0.25150933678777959 0.12236206263648911 2.3410410476240258 0.88095020070807672 1.8810306009055695 0.27453692763876919 -0.91737072793289376 0.017283838567220756
leaf_weight=279 443 65 66 2633 119 102 83 117 74 210 90 87 320 60 93 875 46 48 161 75 119 65 152 291 55 52 107 195 55 6374
leaf_count=279 443 65 66 2633 119 102 83 117 74 210 90 87 320 60 93 875 46 48 161 75 119 65 152 291 55 52 107 195 55 6374
internal_value=0.000129515 -0.0053913 -0.00303922 0.000374865 -0.00145001 -0.000983736 -0.001469 -0.000351775 0.00259022 0.0117825 0.000396254 -0.00744863 -0.0104628 -0.00393617 0.00112994 -0.00699786 0.00622568 0.00288548 0.000932018 0.00970464 -0.00214497 -0.00801187 -0.0149083 0.00367647 0.0118687 0.00559441 0.00210526 0.00572626 0.000398406 0.00117118
internal_weight=13511 574 509 12937 3930 3811 3709 3126 1717 330 1387 583 496 1409 176 935 256 1108 911 236 675 336 217 339 197 142 474 357 250 9007
internal_count=13511 574 509 12937 3930 3811 3709 3126 1717 330 1387 583 496 1409 176 935 256 1108 911 236 675 336 217 339 197 142 474 357 250 9007
is_linear=0
shrinkage=0.05


Tree=186
num_leaves=31
num_cat=0
split_feature=15 14 10 14 15 8 15 15 11 15 7 7 12 15 1 11 12 1 11 1 1 10 5 5 10 12 12 1 11 12
split_gain=6.78597 14.1045 22.1641 11.3149 13.6591 10.038 18.9942 14.7132 9.65116 9.46226 8.83078 21.2477 8.6244 7.99382 7.96966 20.382 11.8585 7.36486 17.4132 19.4725 17.5355 14.7099 12.352 10.6313 9.95627 8.86758 8.39686 9.19384 12.2421 8.7431
threshold=3347.1250000000005 3253.8750000000005 0.91248814248966237 3325.1250000000005 3493.3750000000005 4.5000000000000009 2940.1250000000005 3117.3750000000005 0.75438814418115718 4186.2500000000009 11.500000000000002 15.500000000000002 -0.814291907305839 2800.8750000000005 8.1376918859649141 0.99138911339924218 -0.70291267844185523 11.859566885964915 0.88117331841669433 10.798574561403511 8.9147478070175463 -0.21861968191509915 3.5795031163434898 17.920754847645437 -0.29343379936893921 0.49253244405029933 0.99865421017599998 8.6816885964912291 0.011826144619637555 -0.99629805505515945
decision_type=10 10 2 10 10 2 8 8 2 10 2 2 2 10 2 2 2 2 2 2 2 2 2 2 2 2 2 2 2 2
left_child=1 17 5 4 -2 6 -3 10 12 -5 13 -12 -8 -7 15 -6 -16 18 26 20 23 24 -19 -20 -22 -24 27 -1 -29 -30
right_child=3 2 -4 9 14 7 8 -9 -10 -11 11 -13 -14 -15 16 -17 -18 22 19 -21 21 -23 25 -25 -26 -27 -28 28 29 -31
leaf_value=-0.012513981870836233 -0.6459629030841143 5.4973982841568159 -1.2732113107046985 -0.39127177310998607 4.8949456860576674 1.5972663734025674 -0.49924360333820916 -2.0515584221698648 1.8303408151547842 0.68327349894175315 -1.1095902886546811 0.92478327496171464 0.9792247679531102 -0.10902395786021089 -2.9513244028527881 -0.46086453517368686 0.72785063681071738 -0.011112808206348745 0.11624395950466351 1.6331061426016049 -1.2397574293542448 -1.469544214233804 -0.206908348622585 -1.4930456927385649 3.3548191231991953 -2.4523539395112834 -0.25649351592908259 -0.29367830855887861 -0.15898207898833336 0.85120467946666167
leaf_weight=335 391 101 158 1786 75 163 91 49 88 87 150 120 401 72 51 52 417 6171 799 87 99 219 220 86 50 102 69 112 53 874
leaf_count=335 391 101 158 1786 75 163 91 49 88 87 150 120 401 72 51 52 417 6171 799 87 99 219 220 86 50 102 69 112 53 874
internal_value=0.000362185 0.000941893 0.00563128 -0.0018007 0.00253293 0.00788835 0.0119501 0.00288288 0.00843373 -0.00408218 0.00543478 -0.000738007 0.00567951 0.0125 0.00729866 0.0183594 0.00426439 0.000237146 0.00238865 -0.00171514 -0.00330941 -0.0124661 -0.000685248 0.000507901 -0.000333333 -0.0102167 0.00619806 0.00705455 0.009375 0.0112608
internal_weight=13528 10669 1393 2859 986 1235 681 554 580 1873 505 270 492 235 595 127 468 9276 2783 1340 1253 368 6493 885 149 322 1443 1374 1039 927
internal_count=13528 10669 1393 2859 986 1235 681 554 580 1873 505 270 492 235 595 127 468 9276 2783 1340 1253 368 6493 885 149 322 1443 1374 1039 927
is_linear=0
shrinkage=0.05


Tree=187
num_leaves=31
num_cat=0
split_feature=14 1 15 14 7 7 10 1 13 11 13 14 13 14 11 15 14 10 10 10 14 14 12 13 12 15 14 3 13 13
split_gain=6.17766 5.83131 5.57398 16.415 14.5472 12.2792 11.8301 10.4383 8.26548 13.435 6.86553 15.5175 15.4212 14.2014 13.6639 9.11905 13.9624 11.5523 13.1087 9.96279 10.7272 8.58393 8.23817 14.6952 16.2209 6.40182 7.36683 9.96847 6.5258 6.16049
threshold=1666.8750000000002 15.451069078947372 2940.1250000000005 3554.7500000000005 5.5000000000000009 18.500000000000004 0.27694220057652758 28.096025219298252 0.51849435583340198 0.74298546529340237 0.18281650233046789 3056.8750000000005 0.33222858587828868 3919.0000000000005 -0.7444366621422277 3507.1250000000005 3875.7500000000005 0.45273815774107123 0.3261394409934788 -0.022576249993022688 3507.1250000000005 3455.1250000000005 0.95566275305367776 0.34841000145353967 -0.814291907305839 3792.6250000000005 2159.3750000000005 7.8486842105263168 0.6952237066490784 0.65720762023595369
decision_type=8 2 10 10 2 2 2 2 2 2 2 10 2 10 2 10 10 2 2 2 10 10 2 2 2 10 10 2 2 2
left_child=1 -1 3 -2 -4 10 -5 8 9 -7 13 12 -12 14 -6 16 17 18 19 20 -13 -17 23 -23 -25 26 -14 -28 -27 -26
right_child=2 -3 4 6 5 7 -8 -9 -10 -11 11 15 25 -15 -16 21 -18 -19 -20 -21 -22 22 -24 24 29 28 27 -29 -30 -31
leaf_value=-1.3960670035221143 0.01582439961732689 0.017775146909571049 -2.161749619230386 2.2688980278560393 -2.8911505423870723 -1.049990842996408 -0.42450510903761374 0.4809382393744045 -1.6767498439983797 0.5657156001604563 4.6758597538792861 -0.66643163444183529 1.8497403802749659 -2.2959002905325634 -0.059353122394327329 -2.4272757080015936 -1.7819913121833679 2.7829686931394577 -0.99947441312694996 1.9471858707764114 1.2460465719956801 -2.2313583648822259 1.2824835469819391 3.2206163308549094 -0.86911500021016086 3.7270603180666289 -0.67076700837017145 1.5487934760673738 1.0154630065894252 -0.042433042307936833
leaf_weight=89 7841 73 88 223 76 182 79 57 170 56 44 72 43 45 2566 73 52 70 77 109 81 58 50 78 232 51 175 74 92 486
leaf_count=89 7841 73 88 223 76 182 79 57 170 56 44 72 43 45 2566 73 52 70 77 109 81 58 50 78 232 51 175 74 92 486
internal_value=-0.000141128 -0.00981595 -2.25547e-05 0.000791994 -0.00130865 -0.000956607 0.0122112 -0.00869099 -0.0114914 -0.00543933 -0.000173724 0.00211157 0.00989583 -0.00180432 -0.00132425 -0.000486449 0.00530303 0.00841463 0.00455882 0.00988593 0.00162338 -0.00322086 -0.00187845 -0.00304094 -0.00125471 0.00699541 0.00273038 -0.0006 0.015625 -0.00361613
internal_weight=13462 162 13300 8143 5157 5069 302 465 408 238 4604 1917 479 2687 2642 1438 461 409 339 262 153 977 904 854 796 435 292 249 143 718
internal_count=13462 162 13300 8143 5157 5069 302 465 408 238 4604 1917 479 2687 2642 1438 461 409 339 262 153 977 904 854 796 435 292 249 143 718
is_linear=0
shrinkage=0.05


Tree=188
num_leaves=31
num_cat=0
split_feature=13 6 13 1 13 13 10 15 14 14 10 11 15 15 10 11 15 12 15 1 10 15 15 15 15 14 1 13 1 1
split_gain=6.75366 9.02256 8.02484 5.73047 5.03488 22.6101 21.3774 17.7789 18.2739 15.0218 20.8841 15.8847 13.1555 11.0906 10.2558 12.1485 20.8428 19.3807 19.0053 8.8719 8.02995 11.2725 7.37664 7.20156 6.9093 6.25732 8.31486 5.56354 5.10713 4.44415
threshold=0.99924179677339053 28.302631578947373 0.99731940924863693 8.1376918859649141 0.90438663683299525 0.88917497572200743 0.039769539193789977 2085.6250000000005 2307.1250000000005 2981.3750000000005 -0.18492532721306487 -0.98801846520836312 3528.8750000000005 3779.8750000000005 0.17646842360078763 0.99445195900249039 2048.6250000000005 -0.159513159777915 2080.6250000000005 26.036184210526319 -0.099819732675876835 2789.2500000000005 2472.6250000000005 2721.6250000000005 2769.3750000000005 1733.1250000000002 16.96132127192983 -0.24372464231556024 10.298053728070178 29.002604166666668
decision_type=2 2 2 2 2 2 2 10 10 10 2 2 8 10 2 2 10 2 10 2 2 10 10 10 10 10 2 2 2 2
left_child=2 -2 4 -4 5 25 7 -6 -9 20 -11 13 -7 -12 15 16 -8 19 -17 -18 21 -10 -19 -20 28 26 27 -1 -16 -27
right_child=1 -3 3 -5 6 12 14 8 9 10 11 -13 -14 -15 24 18 17 22 23 -21 -22 -23 -24 -25 -26 29 -28 -29 -30 -31
leaf_value=-1.3937695471685061 -0.06578702210155711 -3.2018834895911485 0.31193389794941595 3.8963739049173229 0.43379570046218419 3.8492554622205888 -1.2317965613092383 -2.7914811598631903 0.72356074708269491 0.77060476507921294 -2.9561747596696026 -4.1849411586087175 0.038848904079441131 0.58913671329398765 -1.6040561418588368 1.6929987631313566 1.2259860215560481 1.3278823078323059 -1.7568718135711379 -1.2954780933235952 2.0503619373266591 -2.1449123536265007 7.2931767425316822 -0.045712773302557255 1.0255199825695172 0.001182359299377822 0.55457519915770492 0.059219133344936385 -0.089188369473367862 0.41002116757852036
leaf_weight=170 76 56 66 53 66 86 64 132 56 42 40 77 50 46 49 43 46 56 66 47 98 80 95 48 45 11180 77 56 43 363
leaf_count=170 76 56 66 53 66 86 64 132 56 42 40 77 50 46 49 43 46 56 66 47 98 80 95 48 45 11180 77 56 43 363
internal_value=-6.68003e-05 -0.0112782 4.49741e-05 0.0129167 -7.18499e-05 0.00024201 -0.00310484 -0.00948276 -0.0123252 -0.00738636 -0.017233 -0.0253049 0.020438 -0.0103448 0.00364842 0.00718884 0.012945 0.0195918 -0.00411392 0.00159574 0.0012766 -0.00656934 0.0305921 -0.0147826 -0.00833333 8.44096e-06 -0.00707237 -0.0118943 -0.016129 0.000194906
internal_weight=13472 132 13340 119 13221 11982 1239 637 571 439 205 163 136 86 602 465 308 244 157 93 234 136 151 114 137 11846 303 226 92 11543
internal_count=13472 132 13340 119 13221 11982 1239 637 571 439 205 163 136 86 602 465 308 244 157 93 234 136 151 114 137 11846 303 226 92 11543
is_linear=0
shrinkage=0.05


Tree=189
num_leaves=31
num_cat=0
split_feature=7 15 7 14 6 12 6 6 8 11 15 14 6 7 15 11 14 11 9 15 12 13 15 15 8 8 14 3 10 8
split_gain=6.61204 9.60586 11.103 7.68305 9.76203 7.67651 7.51053 11.506 7.92998 7.27723 9.34989 8.57283 7.73129 17.0942 18.9736 15.9982 15.3809 12.3203 11.0786 12.1327 11.1863 10.6307 13.9162 21.2278 11.322 10.5078 9.92051 9.44769 15.6938 8.74164
threshold=6.5000000000000009 3027.1250000000005 5.5000000000000009 2859.6250000000005 0.14473684210526319 -0.091260668982868151 12.065789473684212 42.394736842105267 3.5000000000000004 -0.99465740988130902 2730.8750000000005 3383.8750000000005 331.53947368421058 18.500000000000004 2340.1250000000005 0.99681593486783593 2000.3750000000002 0.92519182738459482 1.0000000180025095e-35 3005.8750000000005 0.86440767487108461 0.34841000145353967 3542.2500000000005 2145.8750000000005 3.5000000000000004 3.5000000000000004 2859.6250000000005 0.72236842105263055 -0.90893996196865023 5.5000000000000009
decision_type=2 8 2 10 2 2 2 2 2 2 10 10 2 2 8 2 10 2 2 8 2 2 10 8 2 2 10 2 2 2
left_child=1 3 -3 4 -1 6 8 -8 -6 10 -2 -12 13 16 15 27 -11 21 19 25 -21 -14 23 -23 -24 26 -16 -15 -29 -18
right_child=9 2 -4 -5 5 -7 7 -9 -10 12 11 -13 17 14 18 -17 29 -19 -20 20 -22 22 24 -25 -26 -27 -28 28 -30 -31
leaf_value=-0.037202452250858185 -1.237213502333907 -3.2644420901021931 -0.48833338246894303 0.43753438635453679 -1.0472509179749978 -0.011898238242667959 0.64568877558868965 -1.388357627785024 -2.4649922462886256 6.0881707707906578 4.0132459059182226 1.3580848404853669 -0.26394580738051449 0.58113826393342838 -0.11031263321606276 2.7842938154571928 0.28841226077037163 -1.7974515970148333 2.6481000667274319 -1.1907419518069673 0.036732290460599872 -2.4556889793500662 -0.0777000687003465 1.1260016164226272 -3.4576154391671028 -0.47155789527184883 1.5656990930681332 -1.6805355325806659 0.10408920889026377 -0.13738129813084471
leaf_weight=3001 40 77 296 217 54 128 40 76 42 43 40 82 2059 340 624 40 3134 59 48 289 107 73 216 478 41 456 105 89 596 525
leaf_count=3001 40 77 296 217 54 128 40 76 42 43 40 82 2059 340 624 40 3134 59 48 289 107 73 216 478 41 456 105 89 596 525
internal_value=-0.000145349 -0.00186928 -0.00949198 -0.00106772 -0.00166068 -0.00967742 -0.015493 -0.00683761 -0.0257732 0.00056932 0.0110429 0.0178862 0.000386142 0.00136001 -0.00166976 0.00351782 0.00356468 -0.0017424 -0.00506135 -0.00578382 -0.0133501 -0.00127266 0.00358467 0.00806159 -0.00600775 -0.00324621 0.000479452 0.00229045 -0.00109329 0.00321038
internal_weight=13415 3931 373 3558 3341 340 212 116 96 9484 162 122 9322 6396 2694 1065 3702 2926 1629 1581 396 2867 808 551 257 1185 729 1025 685 3659
internal_count=13415 3931 373 3558 3341 340 212 116 96 9484 162 122 9322 6396 2694 1065 3702 2926 1629 1581 396 2867 808 551 257 1185 729 1025 685 3659
is_linear=0
shrinkage=0.05


Tree=190
num_leaves=31
num_cat=0
split_feature=8 13 0 3 14 1 1 15 14 15 0 2 1 15 15 10 15 9 1 15 8 10 3 1 14 1 1 10 13 1
split_gain=5.50894 15.0735 7.72044 18.2897 12.9174 8.48562 9.29523 7.43905 16.0039 14.0514 11.0592 7.4002 17.9264 10.5585 11.9117 8.45031 17.6519 8.41052 7.37412 13.2425 11.0566 9.62882 8.43606 15.1393 8.72767 9.76752 18.3249 13.8478 13.195 10.2567
threshold=3.5000000000000004 -0.99628250747696534 8.6434210526315827 10.855263157894738 1905.8750000000002 6.7560581140350893 7.6205043859649138 2041.3750000000002 2123.2500000000005 2265.3750000000005 13.956578947368422 4.048684210526317 21.800274122807021 1682.1250000000002 1810.8750000000002 -0.84315017450793706 3528.8750000000005 1.0000000180025095e-35 9.0858552631578977 3483.5000000000005 1.5000000000000002 0.022575936829235418 5.9828947368421055 9.9424342105263168 3493.3750000000005 16.544353070175443 17.096299342105269 -0.9905448150984083 -0.99273797715557011 12.224424342105268
decision_type=2 2 2 2 10 2 2 10 10 10 2 2 2 10 10 2 10 2 2 10 2 2 2 2 10 2 2 2 2 2
left_child=2 -2 3 -1 -5 -4 -7 -3 9 10 -9 13 -13 -8 -15 16 -14 18 19 21 -21 -16 24 -24 25 27 -27 -20 -28 -29
right_child=1 7 5 4 -6 6 11 8 -10 -11 -12 12 15 14 17 -17 -18 -19 22 20 -22 -23 23 -25 -26 26 28 29 -30 -31
leaf_value=0.54909214201823031 -1.0703986648154911 0.0977658327884285 3.1049957448173702 0.71274769152825002 -0.50336007734715627 -1.4268416989383355 -1.3970754653750193 -0.64176786411164821 -0.072915426479084999 -6.1332755583519658 0.24580478391051203 3.6085084781760544 2.8450293576443983 0.85897811689953874 0.35492315397959828 0.028700917439437035 -0.54581878838333753 -2.0042092163577765 -1.1851161046519791 -0.51681261570781778 2.0888403150683419 5.2296412721301522 0.45362090020099122 -0.92427130363309973 -0.61543942100620375 -0.82985656550719122 1.4329525107697123 -0.25618072189990926 -0.07001192382847421 0.51443071737510315
leaf_weight=873 104 1420 46 71 321 84 65 124 4007 47 78 76 60 102 55 841 40 119 97 85 55 53 212 371 381 245 90 407 1661 1239
leaf_count=873 104 1420 46 71 321 84 65 124 4007 47 78 76 60 102 55 841 40 119 97 85 55 53 212 371 381 245 90 407 1661 1239
internal_value=-6.32911e-05 -0.00122816 0.000816993 0.00438389 -0.00458015 0.000109632 -4.73261e-05 -0.000880747 -0.00192624 -0.0142 -0.00837438 0.000175859 0.00407662 -0.000582283 -0.000328629 0.00217622 0.0158416 -0.000670479 -0.000353393 0.00803213 -0.00212766 0.0211009 -0.000797194 -0.00642123 0 0.000735294 -0.00165248 0.00346904 0.000142694 0.00455373
internal_weight=13429 5780 7649 1265 392 6384 6338 5676 4256 249 202 6254 1017 5237 5172 941 100 5070 4951 248 140 108 4703 583 4120 3739 1996 1743 1751 1646
internal_count=13429 5780 7649 1265 392 6384 6338 5676 4256 249 202 6254 1017 5237 5172 941 100 5070 4951 248 140 108 4703 583 4120 3739 1996 1743 1751 1646
is_linear=0
shrinkage=0.05


Tree=191
num_leaves=31
num_cat=0
split_feature=8 7 7 15 14 7 15 10 7 15 13 14 6 13 10 13 7 10 1 15 3 10 15 10 14 15 12 15 8 10
split_gain=7.25675 16.3355 12.5524 24.0859 14.9005 13.989 12.6003 12.5347 12.3135 14.5779 18.653 18.3168 22.3391 13.4237 14.4583 12.2873 11.5295 12.0007 11.3249 13.6625 13.4046 12.6159 11.1336 10.018 9.97691 13.1822 10.1569 9.93309 9.53824 9.05496
threshold=4.5000000000000009 1.0000000180025095e-35 16.500000000000004 2820.1250000000005 3804.3750000000005 19.500000000000004 2189.6250000000005 -0.022576249993022688 2.5000000000000004 2423.1250000000005 0.99924179677339053 2335.8750000000005 21.605263157894743 -0.27694043983797384 0.22700754078277605 1.0000000180025095e-35 21.500000000000004 -0.39036798905311365 13.78061951754386 2325.3750000000005 6.6171052631578942 0.98213580174693105 2133.6250000000005 -0.53493989022977317 2453.1250000000005 2006.8750000000002 -0.59869031648930193 2587.8750000000005 5.5000000000000009 0.95998215779580554
decision_type=2 2 2 8 10 2 8 2 2 10 2 10 2 2 2 2 2 2 2 10 2 2 8 2 10 10 2 10 2 2
left_child=8 22 3 4 7 27 15 23 -1 10 11 12 -10 -13 -15 28 17 -8 19 20 29 24 -2 -3 -20 -26 -27 -4 -7 -9
right_child=1 2 5 -5 -6 6 16 18 9 -11 -12 13 -14 14 -16 -17 -18 -19 21 -21 -22 -23 -24 -25 25 26 -28 -29 -30 -31
leaf_value=-0.15512511869580978 1.2912540343178422 -0.16643880676249412 1.0205053642357711 -2.1684855923751001 1.8353095180051811 -1.1092575124507789 -1.4164727594093052 0.4601797343395333 0.084898183495261043 0.025551342190942707 -3.1502045257607394 1.983126668295347 10.08314120573764 1.929813701824719 -0.48655618702609904 0.60617865341095589 -2.3266079251307477 0.060670492518670474 -0.11010715397429749 -0.76687395964947891 -0.41453670993680591 -1.9421670053911044 -0.37594330581932245 0.28783895639176083 -6.7337606378622867 0.29462873077150109 -1.9045336760223792 0.079923175857913975 0.42891403144399193 1.4501595608095159
leaf_weight=1207 134 831 182 201 40 109 90 116 1182 6783 46 126 54 192 87 124 73 127 262 257 261 70 42 315 44 71 59 298 115 75
leaf_count=1207 134 831 182 201 40 109 90 116 1182 6783 46 126 54 192 87 124 73 127 262 257 261 70 42 315 44 71 59 298 115 75
internal_value=-2.57846e-05 -0.00184758 -0.00255308 -0.0044564 -0.00305995 0.00187668 -0.0029734 -0.00357748 0.000707791 0.00138118 0.0055391 0.00642509 0.00339531 0.0156404 0.00946429 0.0034384 -0.0106529 -0.00481651 -0.00711349 -0.00302817 0.00220751 -0.0128205 0.0129944 0.000174368 -0.00961098 -0.0188571 -0.010687 0.00831601 -0.00355556 0.0122396
internal_weight=13573 3896 3720 2602 2401 1118 638 2361 9677 8470 1687 1641 1236 405 279 348 290 217 1215 709 452 506 176 1146 436 174 130 480 224 191
internal_count=13573 3896 3720 2602 2401 1118 638 2361 9677 8470 1687 1641 1236 405 279 348 290 217 1215 709 452 506 176 1146 436 174 130 480 224 191
is_linear=0
shrinkage=0.05


Tree=192
num_leaves=31
num_cat=0
split_feature=7 7 8 15 10 11 1 13 1 15 10 13 12 15 3 11 3 2 15 13 8 1 1 15 15 11 8 15 12 1
split_gain=6.6004 10.5653 14.9487 15.7051 10.9994 13.1357 15.1801 10.8376 10.6562 11.2506 9.7715 9.7225 8.98281 14.5224 9.48654 8.80619 17.6705 11.8834 11.4544 11.6364 8.75056 14.0176 9.60408 13.3255 9.43906 8.1201 7.85459 13.8157 7.44803 8.00413
threshold=6.5000000000000009 10.500000000000002 4.5000000000000009 2940.1250000000005 -0.57078386445773377 -0.73284120334876357 17.678536184210532 -0.23328638671828431 29.002604166666668 3365.1250000000005 -0.16799356919963607 0.97650658860526895 -0.79384350655589164 3672.3750000000005 2.9355263157894735 0.097680735332368748 5.8618421052631575 1.7552631578947386 2012.6250000000002 -0.99273797715557011 5.5000000000000009 7.7117050438596495 23.074122807017549 1930.8750000000002 3337.1250000000005 -0.056951011027366626 1.0000000180025095e-35 2949.5000000000005 -0.86976336936302323 14.187883771929828
decision_type=2 2 2 10 2 2 2 2 2 8 2 2 2 10 2 2 2 2 10 2 2 2 2 8 10 2 2 10 2 2
left_child=20 2 3 7 5 -5 -7 -2 9 15 -4 12 13 14 -11 16 17 18 -3 -20 24 -22 23 -23 -1 -8 27 -21 -12 -30
right_child=1 8 10 4 -6 6 25 -9 -10 11 28 -13 -14 -15 -16 -17 -18 -19 19 26 21 22 -24 -25 -26 -27 -28 -29 29 -31
leaf_value=-0.014069925853186761 6.1959412539458079 0.36912553408137116 0.29605686907245854 -2.9551157482056398 0.69881910065778363 -0.86551838807221204 0.44051450843519435 1.9540576522143285 0.74785135519985035 1.0838572288993304 1.2146505645356798 0.88160408491166897 -0.53038665510530336 3.335800583361106 -0.81390272993237434 0.11724180543991453 -1.6930762784960962 0.30983348719948939 0.32340842165476719 -0.63638096508857422 0.70830475494256584 -0.39419381737493497 0.12101600880048409 -1.6245280920283449 -1.305730314988216 3.2656987514303637 -0.31918873262400216 -3.6127656788122184 -0.50962517728582957 -2.8118606001834907
leaf_weight=3199 58 258 295 48 961 220 141 141 249 66 65 78 1283 42 94 2542 85 981 216 159 60 308 91 70 138 54 1153 62 204 87
leaf_count=3199 58 258 295 48 961 220 141 141 249 66 65 78 1283 42 94 2542 85 981 216 159 60 308 91 70 138 54 1153 62 204 87
internal_value=-0.000119323 0.000586818 0.00356044 0.00612685 0.0042807 -0.00204741 0.000841346 0.01925 -0.000343926 -0.000705128 -0.00283742 -0.00444373 -0.00534993 0.0044335 -0.00248447 0.000366502 -0.00150943 -0.000830389 -0.00319091 -0.00477687 -0.00186191 -0.00783019 -0.0107447 -0.014248 -0.000913721 0.0109694 -0.00647273 -0.0150901 -0.00840336 -0.0118151
internal_weight=13408 9542 2274 1623 1424 463 415 199 7268 7019 651 1563 1485 202 160 5456 2914 2829 1848 1590 3866 529 469 378 3337 195 1374 221 356 291
internal_count=13408 9542 2274 1623 1424 463 415 199 7268 7019 651 1563 1485 202 160 5456 2914 2829 1848 1590 3866 529 469 378 3337 195 1374 221 356 291
is_linear=0
shrinkage=0.05


Tree=193
num_leaves=31
num_cat=0
split_feature=7 15 12 15 14 15 10 7 14 11 11 13 13 15 7 14 11 12 10 13 12 13 14 12 12 7 15 7 7 7
split_gain=6.23147 19.1364 7.40595 6.21941 12.6303 12.3936 6.9373 7.03205 6.22986 8.31027 7.19848 7.15232 12.1121 10.697 8.81368 8.21553 10.9402 16.0404 8.13141 8.41396 12.6354 9.62358 9.14685 7.53813 16.6115 17.8519 8.88732 7.95489 7.06779 7.42513
threshold=5.5000000000000009 2987.1250000000005 -0.99763297024448894 3356.3750000000005 3646.8750000000005 3068.3750000000005 0.27694220057652758 10.500000000000002 4135.2500000000009 -0.98801846520836312 -0.91939278948206182 0.89693010073300883 0.88118961618000469 3950.8750000000005 15.500000000000002 3336.2500000000005 0.53312596302726967 -0.62588817255938378 -0.95244167294248061 -0.63090078682092632 0.66045618230038983 -0.54220090575550783 3507.1250000000005 0.86113431103781346 0.78725952717486247 9.5000000000000018 3444.3750000000005 10.500000000000002 11.500000000000002 14.500000000000002
decision_type=2 8 2 10 10 10 2 2 10 2 2 2 2 10 2 10 2 2 2 2 2 2 10 2 2 2 10 2 2 2
left_child=1 2 -1 4 -2 6 7 -6 9 -5 -10 12 15 14 -13 16 17 -11 -17 20 22 -21 -20 24 25 26 -19 -25 -27 -30
right_child=3 -3 -4 8 5 -7 -8 -9 10 11 -12 13 -14 -15 -16 18 -18 23 19 21 -22 -23 -24 27 -26 28 -28 -29 29 -31
leaf_value=-0.33970597424047927 0.044612876615133246 -2.218313650999403 -0.04065217326095763 1.9904710596732684 3.6971401783036755 -1.1347253373024615 0.041731553076874664 1.9747894479049706 -0.41955533134437251 -3.2386778030177767 1.7518978472644449 -1.5170338668851855 3.6483712152677756 -3.2372803087828745 0.8778090685914095 -1.0016515018989025 1.2333630637021544 -0.20245464472935171 0.52245472398788029 -2.5571461561890945 2.4471923417652874 -0.32568329043901945 -1.2129539409415884 -3.1173760444341725 4.2642535416035576 -1.7516588914663318 2.6826950405886922 0.025837109751967093 0.35047092020142828 -1.4219821040599072
leaf_weight=78 6954 91 3185 96 88 72 82 126 54 68 63 128 56 40 58 106 244 40 77 76 42 1119 65 41 61 55 67 72 70 73
leaf_count=78 6954 91 3185 96 88 72 82 126 54 68 63 128 56 40 58 106 244 40 77 76 42 1119 65 41 61 55 67 72 70 73
internal_value=-0.000100387 -0.00196721 -0.00133272 0.000520111 0.00128363 0.0102981 0.0148148 0.0195349 -0.00149711 -0.00199623 0.00974576 -0.00254005 -0.00171453 -0.0110132 -0.00588235 -0.00228371 0.00183081 -0.00209854 -0.0044751 -0.00344203 0.00648649 -0.00497492 -0.000699301 0.00114583 0.00463215 -0.000163399 0.0162037 -0.0100877 -0.00904523 -0.003125
internal_weight=13447 3354 3263 10093 7322 368 296 214 2771 2654 117 2558 2332 226 186 2276 791 547 1485 1379 184 1195 142 479 366 305 107 113 198 143
internal_count=13447 3354 3263 10093 7322 368 296 214 2771 2654 117 2558 2332 226 186 2276 791 547 1485 1379 184 1195 142 479 366 305 107 113 198 143
is_linear=0
shrinkage=0.05


Tree=194
num_leaves=31
num_cat=0
split_feature=1 5 1 1 11 7 1 13 8 11 13 13 10 14 6 15 11 10 11 8 1 1 14 14 10 11 15 11 6 1
split_gain=6.13037 10.6956 15.0675 10.4835 14.7032 11.735 10.2224 11.9108 14.4372 9.48708 9.19621 11.5692 10.875 13.1265 12.2772 10.7183 16.5485 9.13112 8.92592 9.46877 8.58329 9.34551 8.56135 9.69883 11.1763 8.33878 8.35404 10.4196 10.3402 9.12828
threshold=11.602028508771932 1.7883995844875347 12.062280701754389 14.796546052631582 0.48877522411129348 18.500000000000004 15.451069078947372 -0.97113716369942038 1.5000000000000002 0.28313308994381592 -0.59868927840444253 -0.38441749230002448 0.92922379131507438 3088.1250000000005 386.61842105263167 2139.8750000000005 0.11478523713130605 0.90892735371523092 0.14888728888808328 3.5000000000000004 18.256304824561408 17.607839912280706 1702.3750000000002 1947.1250000000002 0.99700008544936913 0.04621408538533487 2202.0000000000005 -0.19337245081799007 214.03947368421055 25.01647478070176
decision_type=2 2 2 2 2 2 2 2 2 2 2 2 2 10 2 10 2 2 2 2 2 2 10 10 2 2 10 2 2 2
left_child=-1 2 -2 10 6 -6 7 -5 -9 18 12 -12 13 14 -4 -14 -17 -10 25 20 21 -20 -3 -24 -25 26 27 -8 29 -28
right_child=1 22 3 4 5 -7 9 8 17 -11 11 -13 15 -15 -16 16 -18 -19 19 -21 -22 -23 23 24 -26 -27 28 -29 -30 -31
leaf_value=0.078708270904337505 -2.2359805556636276 -1.7814515672098539 -0.39124087590882939 1.767717800852006 -1.8266361118120813 0.55771485234023432 0.32718346833969464 0.70638987356574034 -2.0303500555093592 0.65338235064599537 2.0522960804040395 0.46050794864287359 1.3448863079790045 0.5500174496069008 -3.4839243816418048 -0.68703750927637663 2.0193909337571085 -0.36346239487374987 -0.48434420267026329 -1.1313948344656184 -1.1240276754349452 0.53003067238573753 0.2595857373409558 -0.46636967256682738 2.0279205373036691 1.1855050557876781 -0.38683214949551259 -0.41852722010157212 0.13605299765192741 0.057411532372179865
leaf_weight=4476 111 61 84 49 158 44 1189 107 154 379 109 386 49 56 43 192 82 89 63 121 44 69 240 768 48 78 1260 182 1990 775
leaf_count=4476 111 61 84 49 158 44 1189 107 154 379 109 386 49 56 43 192 82 89 63 121 44 69 240 768 48 78 1260 182 1990 775
internal_value=7.43108e-06 -0.000746019 -9.53713e-05 0.000167677 -0.000540581 -0.0137931 -0.000129771 -0.007875 -0.0111111 0.000373923 0.00494012 0.00977823 0.000197239 -0.00951087 -0.0183594 0.00570988 0.00181818 -0.0178279 -0.000129938 -0.00855705 -0.00112994 0.00526316 -0.005322 -0.00425733 -0.00685435 0.000328767 9.26441e-05 0.0034621 -0.00105564 -0.0035609
internal_weight=13456 8980 7863 7752 6751 202 6549 399 350 6150 1001 495 506 183 127 323 274 243 5771 297 176 132 1117 1056 816 5474 5396 1371 4025 2035
internal_count=13456 8980 7863 7752 6751 202 6549 399 350 6150 1001 495 506 183 127 323 274 243 5771 297 176 132 1117 1056 816 5474 5396 1371 4025 2035
is_linear=0
shrinkage=0.05


Tree=195
num_leaves=31
num_cat=0
split_feature=11 7 15 0 10 10 12 12 15 7 8 15 10 11 10 10 6 7 12 12 12 15 15 13 15 10 15 10 10 10
split_gain=5.98414 9.76167 19.2326 14.2137 9.42115 12.4281 8.69327 14.1968 8.43097 14.8431 30.9738 18.7475 15.7997 14.9865 13.9586 15.9742 13.6854 11.5836 15.7831 14.068 12.4011 11.4569 10.9286 11.6181 10.8498 10.99 10.6498 10.3922 10.4413 30.8791
threshold=0.1318557721318592 21.500000000000004 2372.6250000000005 17.464473684210528 -0.98523971305672675 -0.97509794945709805 -0.9905448150984083 -0.96688789938088693 2987.1250000000005 2.5000000000000004 4.5000000000000009 2340.1250000000005 -0.76141707087277943 -0.013976481981245173 0.73865729060996166 -0.28519255817492867 0.48684210526315791 15.500000000000002 -0.97509344079810367 0.78725952717486247 0.96231527631374336 2881.5000000000005 2209.1250000000005 0.65720762023595369 2759.3750000000005 -0.18492532721306487 2292.3750000000005 0.39036257410962044 0.98213580174693105 0.99761913169647187
decision_type=2 2 8 2 2 2 2 2 10 2 2 10 2 2 2 2 2 2 2 2 2 10 8 2 8 2 8 2 2 2
left_child=1 8 3 -3 -2 -6 -7 -8 9 13 11 14 16 22 15 26 -13 18 -12 -19 -21 -14 23 -1 25 -20 -11 -27 -29 -30
right_child=4 2 -4 -5 5 6 7 -9 -10 10 17 12 21 -15 -16 -17 -18 19 24 20 -22 -23 -24 -25 -26 27 -28 28 29 -31
leaf_value=-0.06633004919548284 1.8796086475388394 -0.73935210055123557 -2.5088790313434859 0.66003108595791682 -0.84473387971154357 -0.30983731051600216 1.0896426568967059 0.064655861800633832 -0.18223281579173545 0.36459766326770482 -3.704047932406934 0.38376110519182022 -0.13357550790408368 -1.3141092284718525 2.1955382125456824 -0.43768096164981785 3.1458624852096593 0.47141004977021339 0.071969338991436871 -1.5040360075637524 0.26515678173177548 0.72494260012360889 -1.0363075164683095 1.7785450418324276 -2.2517095794606576 -1.7211978601537454 2.9432071945858982 0.0626472634820118 -3.0364822845453321 0.86274035724020459
leaf_weight=505 77 252 136 202 122 312 266 5714 2359 93 58 197 679 81 190 138 101 380 454 40 40 261 203 80 65 87 60 276 55 65
leaf_count=505 77 252 136 202 122 312 266 5714 2359 93 58 197 679 81 190 138 101 380 454 40 40 261 203 80 65 87 60 276 55 65
internal_value=0.000221419 -0.000786342 -0.00693739 -0.00197802 0.00131701 0.00110678 0.00141427 0.00183916 -0.000224181 0.00114383 0.00270062 0.00729651 0.00403551 -0.00465517 0.0156639 0.00873288 0.0140468 -0.00249836 -0.00537229 0.00412148 -0.0148148 0.000850159 -0.00253485 0.000938567 -0.00388833 -0.00250533 0.0198052 -0.00774793 -0.00428212 -0.0165289
internal_weight=13548 7057 590 454 6491 6414 6292 5980 6467 4108 3239 1719 1238 869 481 291 298 1520 1060 460 80 940 788 585 1002 937 153 483 396 120
internal_count=13548 7057 590 454 6491 6414 6292 5980 6467 4108 3239 1719 1238 869 481 291 298 1520 1060 460 80 940 788 585 1002 937 153 483 396 120
is_linear=0
shrinkage=0.05


Tree=196
num_leaves=31
num_cat=0
split_feature=4 15 8 7 7 7 12 15 14 13 1 7 12 14 7 12 0 14 1 12 12 12 15 12 13 15 12 14 15 6
split_gain=9.40872 8.25459 14.0499 16.9514 14.8498 15.0679 14.1643 19.9314 32.0097 19.3194 18.8204 13.4075 19.2245 12.8881 16.8931 12.5492 15.0157 12.314 10.2854 11.8829 10.2007 15.0238 11.2751 12.2563 13.062 12.9638 10.1235 12.4272 12.5899 10.0785
threshold=23.780903739612189 2177.1250000000005 4.5000000000000009 2.5000000000000004 9.5000000000000018 21.500000000000004 -0.159513159777915 2929.1250000000005 3107.8750000000005 0.95938053495154851 27.741803728070185 14.500000000000002 0.98901264295277169 2716.3750000000005 7.5000000000000009 0.86440767487108461 12.785526315789475 3764.6250000000005 13.951973684210527 -0.70291267844185523 -0.97113884758256674 -0.878119045158818 2779.2500000000005 -0.10837644903917555 0.98448590438035632 2456.1250000000005 0.71051919230648819 2832.3750000000005 2530.3750000000005 349.09210526315798
decision_type=2 8 2 2 2 2 2 10 10 2 2 2 2 10 2 2 2 10 2 2 2 2 10 2 2 10 2 10 8 2
left_child=1 13 3 -3 26 20 9 8 10 -5 -8 15 -13 14 -1 17 -17 -9 -15 -20 -6 -22 23 25 -25 -23 27 -4 -29 -18
right_child=-2 2 4 6 5 -7 7 11 -10 -11 -12 12 -14 18 -16 16 29 -19 19 -21 21 22 -24 24 -26 -27 -28 28 -30 -31
leaf_value=0.027071771815735703 1.6616132575141593 -0.86271867752082021 -2.4843785212716285 -0.035126503057790616 1.3574174564193981 -1.9193965264759072 0.58817575328457683 0.77537070672685793 3.7633000697629768 -2.1571864749909992 -1.3313915555656424 -0.50075219850139097 0.97007942627608379 0.41862925913371785 0.53691442048592541 0.83665108106910113 -2.6549650006965066 -0.19155009949200805 -1.1748763261123145 -3.2223773651255274 -1.1487019193390098 1.0745605456943168 -0.53434155649046033 0.037087255655433186 -2.3246065358494206 -0.035740759905479536 -0.11045586341321041 0.033087512912948112 -1.6032505536787427 -0.48172608597816408
leaf_weight=2245 53 298 124 3123 91 70 1091 941 134 156 137 1003 112 87 977 262 66 254 68 40 103 173 286 635 58 147 214 129 96 190
leaf_count=2245 53 298 124 3123 91 70 1091 941 134 156 137 1003 112 87 977 262 66 254 68 40 103 173 286 635 58 147 214 129 96 190
internal_value=0.000467674 0.000383142 -0.000348696 0.00063723 -0.00394922 -0.00143862 0.00110442 0.0030303 0.00799707 -0.00135671 0.00545159 0.000636267 -0.00362903 0.00250146 0.00325783 0.00341307 -0.00308285 0.0062291 -0.00994898 -0.0201835 -0.000368139 -0.00142552 3.84615e-05 0.00251479 -0.00122478 0.0105919 -0.0109043 -0.0161429 -0.0090708 -0.0116732
internal_weight=13363 13310 9893 7767 2126 1563 7469 4190 1362 3279 1228 2828 1115 3417 3222 1713 518 1195 195 108 1493 1402 1299 1013 693 320 563 349 225 256
internal_count=13363 13310 9893 7767 2126 1563 7469 4190 1362 3279 1228 2828 1115 3417 3222 1713 518 1195 195 108 1493 1402 1299 1013 693 320 563 349 225 256
is_linear=0
shrinkage=0.05


Tree=197
num_leaves=31
num_cat=0
split_feature=2 8 15 9 6 1 1 1 2 11 10 10 1 1 14 1 10 10 10 2 10 1 13 10 14 15 14 11 13 10
split_gain=7.66109 6.12284 10.9224 11.8116 11.7065 10.1495 12.6409 19.2428 12.0727 10.9285 13.0107 13.7173 10.55 9.79327 10.4956 9.68049 9.10661 12.7135 8.8651 11.3441 8.09382 8.97128 7.69579 9.88817 6.73975 15.6198 16.4589 9.50399 9.09734 14.7721
threshold=14.934210526315789 4.5000000000000009 2530.3750000000005 1.0000000180025095e-35 0.48684210526315791 20.792132675438602 22.466282894736846 22.779221491228075 4.6447368421052628 -0.14250536273956091 0.98213580174693105 0.71503381463111937 14.882976973684213 17.607839912280706 2343.1250000000005 15.451069078947372 0.91248814248966237 0.78857998149907527 0.29342972903661901 11.176315789473689 -0.92274349529687905 28.096025219298252 1.0000000180025095e-35 -0.75015329512557194 2428.3750000000005 2959.1250000000005 3236.7500000000005 -0.64580103137750788 0.90438663683299525 -0.082689790342551819
decision_type=2 2 8 2 2 2 2 2 2 2 2 2 2 2 10 2 2 2 2 2 2 2 2 2 10 10 10 2 2 2
left_child=1 24 3 5 -5 9 8 -8 -7 10 11 -3 -13 14 15 -14 17 22 19 20 -9 -22 23 -4 28 26 -26 -28 -1 -30
right_child=-2 2 16 4 -6 6 7 18 -10 -11 -12 12 13 -15 -16 -17 -18 -19 -20 -21 21 -23 -24 -25 25 -27 27 -29 29 -31
leaf_value=-0.012129439613607929 1.2228943285952483 -1.3401972609532438 -0.75275486647126399 2.4260926526295634 0.075142563446570429 0.99153492581254454 -1.7593130686527161 -0.11773270562721337 -0.35792268714560582 -0.014589829108285813 -1.5948973067506644 0.68626056059168838 -0.88912944638991576 0.51006869946162403 -2.8803554421791659 1.0804386159393062 -2.2331816687431685 1.5796802548816686 -0.78899339223043519 -0.58720847609122306 1.2588560940449953 0.046833480541386058 -0.23896893369064856 -1.7651110995326578 0.30750210096103958 0.0025358114438404303 0.39918065034137273 5.367231604731808 -1.9813893805361147 -0.11028914335573746
leaf_weight=3322 81 222 163 41 44 120 54 49 45 1527 58 114 45 69 41 47 58 54 52 41 197 99 630 58 1472 4219 56 114 132 272
leaf_count=3322 81 222 163 41 44 120 54 49 45 1527 58 114 45 69 41 47 58 54 52 41 197 99 630 58 1472 4219 56 114 132 272
internal_value=7.40905e-06 -8.57185e-05 -0.00177592 -0.000226797 0.0180233 -0.000791082 0.00463526 0.000608519 0.0165663 -0.00247175 -0.00820771 -0.00575139 0.000946372 -0.00591133 -0.013806 -0.00430108 -0.00637967 -0.00513245 0.00410023 0.00671835 0.00968208 0.0127946 -0.00663146 -0.0146396 0.000589278 0.0016462 0.00578211 0.0204678 -0.00107325 -0.00814815
internal_weight=13496 13415 3828 2865 85 2780 657 492 165 2123 596 538 316 202 133 92 963 905 438 386 345 296 851 221 9587 5861 1642 170 3726 404
internal_count=13496 13415 3828 2865 85 2780 657 492 165 2123 596 538 316 202 133 92 963 905 438 386 345 296 851 221 9587 5861 1642 170 3726 404
is_linear=0
shrinkage=0.05


Tree=198
num_leaves=31
num_cat=0
split_feature=11 1 1 6 6 8 0 11 15 0 11 1 1 10 10 10 1 1 3 11 3 8 1 10 10 10 11 15 0 2
split_gain=7.39319 11.04 11.7413 8.92751 11.4173 9.3246 17.9872 10.0997 13.1576 9.22407 8.667 9.99624 14.0934 18.2302 9.82926 8.64496 8.43964 7.83048 7.57897 7.24112 7.1396 7.07403 6.67776 6.52244 18.9374 7.59873 6.46296 6.20572 6.79446 5.83198
threshold=0.75438814418115718 6.2878015350877208 6.8265350877192992 178.89473684210529 8.7236842105263186 4.5000000000000009 10.211842105263161 0.98899263613956456 3483.5000000000005 13.001315789473685 0.83258597624099873 8.9147478070175463 10.798574561403511 -0.2270106897347694 -0.20180236284700911 0.022575936829235418 9.4626096491228093 8.7560581140350902 5.9828947368421055 0.95178258287705175 13.38684210526316 1.5000000000000002 8.9728618421052655 0.99761913169647187 0.99552231814189451 0.99983759474438971 0.95691861501572195 2940.1250000000005 9.343421052631582 1.7552631578947386
decision_type=2 2 2 2 2 2 2 2 10 2 2 2 2 2 2 2 2 2 2 2 2 2 2 2 2 2 2 10 2 2
left_child=1 -1 -3 4 10 7 19 8 -6 17 22 20 14 -14 16 -9 -13 27 -15 -7 21 -12 -2 24 29 -25 -10 -5 -29 -4
right_child=3 2 23 9 5 6 -8 15 26 -11 11 12 13 18 -16 -17 -18 -19 -20 -21 -22 -23 -24 25 -26 -27 -28 28 -30 -31
leaf_value=-1.1242103445266594 0.031441004120915751 2.2782233421612772 -0.077116687666352851 0.17380413205813738 5.9301278686032681 1.6599742816395748 -2.0890712709898938 -1.4469203612802859 1.3639454788922423 -2.5109723012636778 0.61737992156972155 -0.9618483346153085 -1.010536548687776 1.8035711043700531 -0.89808515446430881 2.1119845833119371 0.80814591961203641 0.46948083635777493 0.41999626823337621 -0.43731202903418309 -1.3494352791597919 0.050124771784328462 0.81265940309150442 1.1724722352919685 -1.5786605330526755 -0.26690890419001789 -0.16340838909918604 -0.049795825242767933 -2.6230196756446507 0.12137997486261157
leaf_weight=71 156 42 7174 116 63 66 41 61 267 59 304 102 46 61 287 55 121 161 65 71 78 606 200 236 122 81 72 75 69 2531
leaf_count=71 156 42 7174 116 63 66 41 61 267 59 304 102 46 61 287 55 121 161 65 71 78 606 200 236 122 81 72 75 69 2531
internal_value=2.6003e-05 -0.000628778 -0.000490822 0.00212301 0.00323173 0.00875179 -0.00111732 0.0121387 0.0158809 -0.004158 0.00133202 -0.000179533 -0.00483163 0.00751445 -0.00900196 -0.000854701 -0.00111607 -0.00154028 0.0173228 0.0076087 0.00303337 0.00428101 0.00840336 -0.000601281 -0.000829263 0.00644654 0.0119118 -0.00689655 -0.0137931 -0.000582114
internal_weight=13459 10257 10186 3202 2722 696 178 518 402 480 2026 1670 682 172 510 116 223 421 126 137 988 910 356 10144 9827 317 339 260 144 9705
internal_count=13459 10257 10186 3202 2722 696 178 518 402 480 2026 1670 682 172 510 116 223 421 126 137 988 910 356 10144 9827 317 339 260 144 9705
is_linear=0
shrinkage=0.05


Tree=199
num_leaves=31
num_cat=0
split_feature=1 8 1 1 6 14 8 10 6 12 8 12 12 1 0 1 10 1 14 1 8 8 13 14 3 12 14 3 13 13
split_gain=4.88895 11.2426 10.5109 7.18578 7.12145 7.07727 12.8572 8.37705 7.01144 6.428 9.84869 9.30935 17.4238 16.0324 7.30871 6.29462 4.9444 4.75575 9.22122 8.64068 11.4199 8.40063 9.60617 10.3527 12.1123 11.1882 9.55254 8.66271 8.11153 12.5601
threshold=29.959237938596498 1.5000000000000002 29.166940789473689 28.793914473684215 301.09210526315798 2468.3750000000005 4.5000000000000009 -0.50556189049999822 178.89473684210529 0.99898004730802425 5.5000000000000009 0.99463153969809781 0.99274428880883148 10.14701206140351 10.872368421052634 28.422263755980868 -0.69057362043749781 11.602028508771932 3737.1250000000005 26.036184210526319 2.5000000000000004 3.5000000000000004 -0.99628250747696534 2064.1250000000005 1.3855263157894735 -0.77245553105869302 1897.3750000000002 7.0592105263157903 0.96117374062971617 0.90438663683299525
decision_type=2 2 2 2 2 10 2 2 2 2 2 2 2 2 2 2 2 2 10 2 2 2 2 8 2 2 10 2 2 2
left_child=2 -2 3 9 -5 -4 7 -7 -9 11 14 12 15 -13 -11 17 -15 -1 21 20 -20 28 -23 24 25 -24 -26 -25 29 -19
right_child=1 -3 5 4 -6 6 -8 8 -10 10 -12 13 -14 16 -16 -17 -18 18 19 -21 -22 22 23 27 26 -27 -28 -29 -30 -31
leaf_value=0.058447760558897249 -2.7647508844470852 0.56290978246893253 -0.6453901132005968 -0.21572225474950529 -2.0864029232733401 0.5522161210021409 -0.17129576026675297 1.5719225450723571 3.6188526356647688 0.20907435237077154 -0.11600317718559837 0.48250484803708105 3.209888023030544 -0.71520932530474968 3.6579890307943175 0.51681334147965574 -2.5527145236526851 0.07455509553797128 -4.4665841364123819 -0.087171890289255316 -0.89233424022329477 -1.140272403915219 1.4846357229493266 -0.17836652761773736 -0.54540679519686819 0.087369804616395194 0.25067760818293439 -1.6561114611745553 1.5397831432814884 -1.8759185572056596
leaf_weight=4267 55 43 73 60 46 88 73 40 50 51 40 106 41 63 42 101 53 4354 58 113 70 64 106 2668 139 154 245 45 88 81
leaf_count=4267 55 43 73 60 46 88 73 40 50 51 40 106 41 63 42 101 53 4354 58 113 70 64 106 2668 139 154 245 45 88 81
internal_value=-4.08072e-05 -0.0111111 4.11061e-05 -0.000179994 -0.0130841 0.00892308 0.0128968 0.0201117 0.0307692 -7.33591e-05 0.0108209 -0.000187251 -7.93966e-06 -0.0103139 0.0196809 -0.000115501 -0.0230769 -0.000216815 -0.000922306 -0.0105372 -0.0193798 -0.000629327 -0.00249854 -0.00212924 0.00356589 0.0118774 -0.00207792 -0.00348195 0.000784704 0.000484671
internal_weight=13477 98 13379 13055 106 324 251 178 90 12949 133 12816 12594 222 93 12553 116 12452 8185 241 128 7944 3421 3357 644 260 384 2713 4523 4435
internal_count=13477 98 13379 13055 106 324 251 178 90 12949 133 12816 12594 222 93 12553 116 12452 8185 241 128 7944 3421 3357 644 260 384 2713 4523 4435
is_linear=0
shrinkage=0.05


Tree=200
num_leaves=31
num_cat=0
split_feature=2 13 11 13 11 3 14 1 7 11 14 14 12 12 1 8 1 1 8 1 3 10 11 11 11 11 11 3 11 1
split_gain=6.46886 6.13558 6.20624 15.0947 14.2697 10.4482 11.607 9.44752 10.8502 8.27205 7.39376 12.5169 9.77112 8.88028 7.67153 6.65859 9.07478 11.6256 6.58529 16.0231 13.3309 10.5103 7.72779 6.62788 12.4404 21.7148 15.7039 12.9326 11.5372 17.5655
threshold=15.421052631578947 0.9999398912535008 0.60383265664488517 -0.22072160979833103 0.45847758937963173 7.351315789473686 1932.1250000000002 16.544353070175443 12.500000000000002 0.33222858587828868 1835.2500000000002 2368.1250000000005 0.68589359117003446 -0.63920832810365535 12.340789473684215 2.5000000000000004 10.879714912280706 12.062280701754389 1.5000000000000002 6.7560581140350893 13.155263157894739 0.091259403071267925 0.99958851518450398 0.77652048701313048 0.8511460603353429 0.81800285027139297 0.80798785254895478 5.5171052631578963 0.86004965528756494 10.798574561403511
decision_type=2 2 2 2 2 2 10 2 2 2 10 10 2 2 2 2 2 2 2 2 2 2 2 2 2 2 2 2 2 2
left_child=1 2 4 -4 9 6 -6 15 -9 -1 -11 14 13 -13 -12 16 -8 -18 19 20 21 -5 23 -20 25 26 27 -25 -26 -30
right_child=-2 -3 3 18 5 -7 7 8 -10 10 11 12 -14 -15 -16 -17 17 -19 22 -21 -22 -23 -24 24 28 -27 -28 -29 29 -31
leaf_value=-0.020117305468147606 1.5188798034837419 -0.84832495192689528 1.8637020737484875 0.31455912469069747 -1.1743974208882493 -1.1911283929521232 0.8242720856819461 -3.6338024239304563 -0.053122580619310612 1.5133602438400886 1.0719019721936776 1.308226158276625 -0.48206068288056941 2.2061035310350348 -1.0587546424727863 0.5948617436678546 -2.2939432149078356 -0.1055940048595744 -0.18566607785603539 0.071171837683516523 -0.80995420807392982 4.4850391653840234 -1.4343187376919333 -0.72200236925334593 -1.5954208199757887 1.9056770162491377 -2.6370063682383034 1.1332502112546081 -0.037272279051239823 0.71635732142949571
leaf_weight=7902 53 42 126 81 81 81 64 43 49 45 41 176 127 84 159 258 59 140 655 888 40 111 64 45 75 159 58 163 1475 185
leaf_count=7902 53 42 126 81 81 81 64 43 49 45 41 176 127 84 159 258 59 140 655 888 40 111 64 45 75 159 58 163 1475 185
internal_value=0.000321508 0.000252282 0.000312616 0.00192681 -0.000402793 -0.00689433 -0.00489209 -0.00252443 -0.0172043 0.000187463 0.0056872 0.00416667 0.00940722 0.0149425 -0.00597015 9.57854e-05 -0.00549242 -0.01075 0.0013875 0.00463872 0.016309 0.0217617 0.000121528 0.000514915 0.00185099 0.00950704 0.000749064 0.00717703 -2.88018e-05 0.000842866
internal_weight=13529 13476 13434 4125 9309 775 694 613 92 8534 632 587 387 260 200 521 263 199 3999 1120 232 192 2879 2815 2160 425 266 208 1735 1660
internal_count=13529 13476 13434 4125 9309 775 694 613 92 8534 632 587 387 260 200 521 263 199 3999 1120 232 192 2879 2815 2160 425 266 208 1735 1660
is_linear=0
shrinkage=0.05


Tree=201
num_leaves=31
num_cat=0
split_feature=7 15 14 8 15 7 15 15 8 7 14 7 8 7 1 1 1 7 15 7 14 12 7 11 14 15 13 7 11 12
split_gain=7.49507 11.6174 9.32476 10.6801 9.16283 8.1869 17.7863 12.7719 10.8587 24.0942 14.3864 12.9717 13.6611 13.1418 10.6501 12.8603 12.4934 14.066 20.2724 19.0031 10.6285 10.537 10.1703 9.90647 13.0071 9.88753 9.47015 17.1954 12.159 10.1437
threshold=22.500000000000004 2018.1250000000002 2105.6250000000005 1.0000000180025095e-35 2379.6250000000005 5.5000000000000009 2959.1250000000005 2940.1250000000005 4.5000000000000009 9.5000000000000018 3200.3750000000005 16.500000000000004 5.5000000000000009 19.500000000000004 28.793914473684215 20.792132675438602 19.792955043859653 12.500000000000002 2357.1250000000005 9.5000000000000018 3200.3750000000005 -0.86976336936302323 18.500000000000004 0.31595530242620651 2684.8750000000005 2340.1250000000005 0.50371863418624774 20.500000000000004 0.99445195900249039 0.3036948619824264
decision_type=2 8 10 2 8 2 8 10 2 2 10 2 2 2 2 2 2 2 10 2 10 2 2 2 10 8 2 2 2 2
left_child=5 -2 3 -3 -4 6 -1 8 9 -7 25 14 13 -13 15 16 17 19 -19 20 -10 -21 -9 24 -23 -11 29 28 -28 -27
right_child=1 2 4 -5 -6 7 -8 22 11 10 -12 12 -14 -15 -16 -17 -18 18 -20 21 -22 23 -24 -25 -26 26 27 -29 -30 -31
leaf_value=-0.072228372147060335 0.032928613597175631 -0.138374337853719 -0.014812110741024754 -2.7259454800771779 -2.105251528744748 3.9333326405668689 -2.1987786304375279 -0.023661330849756725 -1.3726055234300363 0.77062119206727864 1.850385962935593 0.61620237133945466 0.5759379324061229 -0.54224434676902999 -1.4712239125357884 0.24040502950274459 -2.8191817494164981 0.0067873057022325156 -1.7366379809617685 -0.32428447071056327 0.3366209689889047 1.2283254445553895 -0.56110043983419478 2.0265217782256286 -1.2300399136100624 -0.31495570533816136 5.7420159752029578 -0.39843426420120526 -0.058076261362793959 0.33642977705795829
leaf_weight=3241 199 48 194 73 54 202 103 4582 276 374 126 194 460 249 70 381 48 241 211 71 132 54 479 146 47 627 111 175 53 288
leaf_count=3241 199 48 194 73 54 202 103 4582 276 374 126 194 460 249 70 381 48 241 211 71 132 54 479 146 47 627 111 175 53 288
internal_value=-0.000358993 -0.0059754 -0.0112162 -0.022541 -0.00562249 -0.000112038 -0.00224215 0.00063034 0.00255676 0.00536536 0.00347578 0.000426191 0.00525442 -0.00101351 -0.00217521 -0.00133706 -0.00383048 -0.00279898 -0.00971302 0.00151307 -0.00562347 0.0106583 -0.0010964 0.0155242 0.00343137 0.00220994 7.96813e-05 0.00720588 0.0187879 -0.0025655
internal_weight=13509 568 369 121 248 12941 3344 9597 4536 1956 1754 2580 903 443 1677 1607 1226 1178 452 726 408 318 5061 247 101 1628 1254 339 164 915
internal_count=13509 568 369 121 248 12941 3344 9597 4536 1956 1754 2580 903 443 1677 1607 1226 1178 452 726 408 318 5061 247 101 1628 1254 339 164 915
is_linear=0
shrinkage=0.05


Tree=202
num_leaves=31
num_cat=0
split_feature=13 13 7 12 8 10 7 6 6 14 10 10 8 13 1 12 12 13 7 9 2 1 12 9 7 3 10 12 2 14
split_gain=7.38093 8.91896 6.07115 6.8669 7.24647 7.12975 6.76411 11.7483 10.7109 9.96342 10.9061 12.9909 9.64132 15.0261 10.9303 8.58529 16.5962 9.07963 8.79723 9.14292 8.53935 8.52916 9.02864 9.42196 9.42106 8.80298 8.46484 8.4119 8.18051 10.9114
threshold=0.99924179677339053 0.99731940924863693 21.500000000000004 0.92919371535393525 5.5000000000000009 -0.51297808981038739 6.5000000000000009 126.90789473684212 29.684210526315795 2804.2500000000005 -0.96235977360714686 -0.98214942551678475 5.5000000000000009 0.91423533665985768 9.1594298245614052 0.96522610578843548 0.78325454425165997 0.5475998096715059 17.500000000000004 1.0000000180025095e-35 1.0000000180025095e-35 9.8209978070175463 0.99049901459377832 1.0000000180025095e-35 9.5000000000000018 3.4065789473684212 0.96687895796550427 -0.99467753128998015 14.584210526315792 4027.1250000000005
decision_type=2 2 2 2 2 2 2 2 2 10 2 2 2 2 2 2 2 2 2 2 2 2 2 2 2 2 2 2 2 10
left_child=1 2 6 4 -4 -6 -1 8 12 10 11 -9 15 14 -14 16 18 -18 -8 20 -20 25 23 24 26 -11 -23 -12 29 -26
right_child=-2 -3 3 -5 5 -7 7 9 -10 21 27 -13 13 -15 -16 -17 17 -19 19 -21 -22 22 -24 -25 28 -27 -28 -29 -30 -31
leaf_value=-0.059725243021398457 -1.2141905108575657 1.985666529981569 -0.4365653661040938 0.61040341165269185 1.6226167806812328 -0.13128742841686858 0.53200443565540356 0.50139796374417644 0.49350354411974423 -3.000139724686278 -2.2722553717819665 -1.7391613340156937 -0.13723166158058575 -0.63727734730794061 1.1821053591500459 0.5959621109110913 -0.53742264690581576 -2.0499337013205721 -0.20818511525178565 2.3643266057296728 0.46052207273894513 0.65588125426820632 -1.6219019681233022 -5.4512186712591415 -0.11119134717373527 -0.63488007876117081 -1.6035014768794669 0.52059047147536153 1.4224888650508547 -1.794678598032283
leaf_weight=3848 129 114 818 149 41 96 441 84 980 51 59 49 70 61 251 201 275 42 1113 48 168 593 83 40 1800 407 66 1280 43 84
leaf_count=3848 129 114 818 149 41 96 441 84 980 51 59 49 70 61 251 201 275 42 1113 48 168 593 83 40 1800 407 66 1280 43 84
internal_value=-6.67408e-05 4.86673e-05 -7.17414e-05 -0.00361991 -0.00517782 0.00543478 0.000251277 0.00105549 0.00317721 -0.000614224 0.00278344 -0.0108209 0.00153501 0.00887728 0.0131988 0.00030581 -0.000646552 -0.0111635 0.00124224 -0.000789474 -0.00159906 -0.00219381 -0.00112546 -0.00060906 -0.000231929 -0.00849673 0.00492424 0.00414179 -0.00199689 -0.00249337
internal_weight=13484 13355 13241 1104 955 137 12137 8289 3650 4639 1472 133 2670 382 321 2288 2087 317 1770 1329 1281 3167 2709 2626 2586 458 659 1339 1927 1884
internal_count=13484 13355 13241 1104 955 137 12137 8289 3650 4639 1472 133 2670 382 321 2288 2087 317 1770 1329 1281 3167 2709 2626 2586 458 659 1339 1927 1884
is_linear=0
shrinkage=0.05


Tree=203
num_leaves=31
num_cat=0
split_feature=12 1 12 1 1 10 0 14 10 1 15 15 14 12 1 1 10 13 1 13 12 12 12 15 1 12 6 15 1 14
split_gain=6.50234 15.3496 12.4568 12.4054 10.0807 11.5515 8.53357 10.9198 7.20284 8.11709 7.42826 6.05367 16.8157 14.4946 13.1623 8.79683 7.83086 13.5805 8.11053 8.00231 7.23468 6.85678 12.0784 8.71517 7.45991 7.20046 8.39776 7.18498 10.0302 6.80911
threshold=-0.98214488425316759 16.706140350877195 -0.97113884758256674 9.7736293859649148 10.298053728070178 0.75014288946266361 17.859210526315795 3507.1250000000005 -0.71504373327588355 15.451069078947372 2216.6250000000005 2151.8750000000005 2335.8750000000005 -0.85227431625818906 16.544353070175443 4.8951206140350889 -0.96689237009891416 -0.94703994556331683 17.678536184210532 -0.96687281075841669 -0.82415234898030387 0.99351232050787985 0.98519415784776321 3230.8750000000005 27.878015350877199 0.97508442350096236 116.47368421052633 3950.8750000000005 8.5820997807017552 3764.6250000000005
decision_type=2 2 2 2 2 2 2 10 2 2 10 10 10 2 2 2 2 2 2 2 2 2 2 10 2 2 2 10 2 10
left_child=1 3 -2 -1 -5 6 7 8 -6 10 -10 15 13 14 -13 -4 17 19 -19 -17 -15 22 25 -24 -23 27 -27 -14 -29 -30
right_child=2 -3 11 4 5 -7 -8 -9 9 -11 -12 12 21 20 -16 16 -18 18 -20 -21 -22 24 23 -25 -26 26 -28 28 29 -31
leaf_value=-0.81116348356257506 1.0459940565877559 -1.5156937104030477 -1.6730211366910455 1.2415516025403237 -0.20884517912107869 1.2770521553023402 -2.5598109796681685 -1.7134776571980865 -0.012867951817651147 -0.41557185527587992 0.9185863666124533 -0.50750707624993086 0.025341426922614121 2.073323386646496 -2.8844969775020672 -0.12270392528079128 0.19094049425171988 -1.468736834294083 -0.080854307419082269 1.0422994821569886 -0.30420887910000832 -0.022080098374692627 1.9260104440083525 0.40292357762158421 -1.6829441891402213 0.062747589467869611 -2.0434837494732392 3.0315791625405382 1.3280745668427245 -0.5182846217850966
leaf_weight=60 231 125 51 58 125 45 77 54 114 59 146 99 6544 54 73 144 2649 44 64 43 1642 218 99 92 117 84 78 71 130 178
leaf_count=60 231 125 51 58 125 45 77 54 114 59 146 99 6544 54 73 144 2649 44 64 43 1642 218 99 92 117 84 78 71 130 178
internal_value=8.84369e-05 -0.0041088 0.000373839 -0.00135318 0.000589102 -0.00128824 -0.00321181 -0.000801603 0.00179775 0.00578125 0.00957854 0.000160321 -0.000458861 -0.0047084 -0.0184971 0.00211949 0.00247878 -0.00523649 -0.0192661 0.00292553 -0.00329994 0.000584603 0.000906967 0.0132813 -0.00639881 0.00057155 -0.00981595 0.000816002 0.0075 0.00355987
internal_weight=13568 863 12705 738 678 620 575 498 444 319 260 12474 9479 1868 172 2995 2944 295 108 187 1696 7611 7276 191 335 7085 162 6923 379 308
internal_count=13568 863 12705 738 678 620 575 498 444 319 260 12474 9479 1868 172 2995 2944 295 108 187 1696 7611 7276 191 335 7085 162 6923 379 308
is_linear=0
shrinkage=0.05


Tree=204
num_leaves=31
num_cat=0
split_feature=13 13 12 12 10 10 13 7 15 3 15 13 7 1 3 1 1 15 1 14 3 13 10 10 12 1 1 3 1 10
split_gain=6.83956 20.0895 14.1711 12.6627 12.0343 7.26235 13.2732 9.1237 8.70075 13.4412 7.23871 18.5622 10.598 22.0218 5.69004 5.59406 12.4977 6.19801 5.55427 7.71764 6.27474 5.14187 15.275 9.72474 9.10625 7.81259 6.83457 5.65065 7.21527 5.4093
threshold=0.90438663683299525 0.88917497572200743 0.34841060557183762 0.3362885358101006 0.21022171450811275 0.022575936829235418 0.99138911339924218 6.5000000000000009 1946.2500000000002 11.196052631578949 3792.6250000000005 0.97650658860526895 15.500000000000002 10.097094298245617 8.2750000000000004 10.709375000000003 28.225054824561408 2333.6250000000005 6.1667489035087728 2190.8750000000005 11.672368421052633 -0.99467580659249177 0.99466373373798567 0.99761913169647187 0.033323506451456063 11.687828947368422 11.859566885964915 6.685526315789474 16.96132127192983 0.99053107487289871
decision_type=2 2 2 2 2 2 2 2 10 2 10 2 2 2 2 2 2 10 2 10 2 2 2 2 2 2 2 2 2 2
left_child=1 18 3 5 -3 8 -7 -8 -2 10 12 -12 15 -14 -4 17 -17 -10 19 -1 21 24 29 25 27 -24 -26 28 -20 -23
right_child=2 4 14 -5 -6 6 7 -9 9 -11 11 -13 13 -15 -16 16 -18 -19 20 -21 -22 22 23 -25 26 -27 -28 -29 -30 -31
leaf_value=0.69661598030444338 0.51043714995801115 0.26609952484932364 -3.0462748270268665 3.8174721009495443 7.7698077013053997 -0.10704810032764273 -1.4482957603384876 3.0309462481537821 -3.1347351025040329 -1.7508550267703413 -1.3184238780891293 3.1418741964841845 0.66384688469684083 -1.6600990064743202 -0.63023737586535167 0.69299789012111435 -2.5543045185025903 -1.9422415053215674 -0.73713343942929443 -0.61256219463114125 0.53099986497578588 -0.013031928174268615 -3.4045438331173274 0.13377273838225393 2.6265783887013527 -1.2154392003938483 0.36370808641933083 1.4341637970350689 1.0271089398238018 0.93975561045544964
leaf_weight=40 65 73 62 41 56 394 40 95 41 85 84 52 115 88 66 51 62 121 177 201 144 10644 52 80 60 103 99 54 79 148
leaf_count=40 65 73 62 41 56 394 40 95 41 85 84 52 115 88 66 51 62 121 177 201 144 10644 52 80 60 103 99 54 79 148
internal_value=-0.000326579 6.66056e-05 -0.00355434 -0.00202247 0.0196154 -0.00289799 0.00160377 0.0150735 -0.00601307 -0.00764286 -0.00504065 0.00510949 -0.00793319 0.000735294 -0.0193798 -0.0143116 -0.00570175 -0.0202454 -0.000147282 -0.00764463 8.59033e-06 -0.000121771 -0.000340044 -0.0129237 0.005 -0.0201923 0.0146875 0 -0.00311284 -6.48569e-05
internal_weight=13472 12010 1462 1334 129 1293 529 135 764 699 614 136 478 203 128 275 113 162 11881 241 11640 11496 11027 235 469 155 159 310 256 10792
internal_count=13472 12010 1462 1334 129 1293 529 135 764 699 614 136 478 203 128 275 113 162 11881 241 11640 11496 11027 235 469 155 159 310 256 10792
is_linear=0
shrinkage=0.05


Tree=205
num_leaves=31
num_cat=0
split_feature=1 1 10 11 8 10 12 15 7 7 12 7 15 12 1 11 15 8 12 7 6 11 11 15 2 11 6 15 7 10
split_gain=6.88956 6.52202 10.0827 6.5008 10.286 12.9048 10.3008 10.9803 11.4584 9.56054 17.9772 17.8603 17.4436 16.908 15.6615 12.4959 10.7573 10.624 10.5597 10.2313 11.8518 9.92076 9.45828 15.106 11.4921 9.36216 9.34984 9.94747 8.04084 8.08136
threshold=29.269572368421056 29.959237938596498 -0.63255557784149707 -0.065537083312030994 3.5000000000000004 0.95752911693909493 0.99898004730802425 2202.0000000000005 21.500000000000004 14.500000000000002 0.97109394436505758 2.5000000000000004 3326.1250000000005 0.78725952717486247 21.800274122807021 -0.96904977397942549 2464.8750000000005 1.0000000180025095e-35 -0.62588817255938378 5.5000000000000009 0.14473684210526319 -0.99168640063982161 -0.90531874877253482 3542.2500000000005 1.2513157894736866 -0.9497838742125716 404.6578947368422 3195.6250000000005 8.5000000000000018 0.99761913169647187
decision_type=2 2 2 2 2 2 2 8 2 2 2 2 10 2 2 2 10 2 2 2 2 2 2 10 2 2 2 8 2 2
left_child=3 2 -2 4 9 6 7 -6 22 10 11 17 13 19 16 21 -11 -1 -14 20 -13 -16 23 24 -9 -26 -21 -28 29 -5
right_child=1 -3 -4 28 5 -7 -8 8 -10 14 -12 12 18 -15 15 -17 -18 -19 -20 26 -22 -23 -24 -25 25 -27 27 -29 -30 -31
leaf_value=-1.4641293734432794 -0.1612647784199851 -0.3484424347048844 1.4151942361355396 -0.077623438593587946 0.031156681708625913 -1.3197263703764408 1.3432054783223066 -0.42996960198628359 -1.965361102534098 0.037979684058018395 -1.7877595898027552 0.61522031721027592 -2.4422355778817519 2.5316115457857222 0.82454392617167971 0.40714688387580511 -0.97793076041843963 -0.073851131099729628 0.061071824427745017 2.2843655481329281 -0.55913128019078617 -4.1004290096458025 -0.45565528303723113 -3.2746562389792757 0.32632436175713342 1.2545188585889493 0.32130917777832341 2.0437347980342113 0.11294793824524732 1.6289567346547871
leaf_weight=95 96 102 173 2616 917 185 64 72 65 199 112 183 49 136 48 518 400 297 507 157 150 60 867 48 182 79 304 98 4517 113
leaf_count=95 96 102 173 2616 917 185 64 72 65 199 112 183 49 136 48 518 400 297 507 157 150 60 867 48 182 79 304 98 4517 113
internal_value=0.000145414 0.00685484 0.0109259 -4.60158e-05 -0.00129467 -0.00372984 -0.00270153 -0.00327208 -0.00620244 0.000528063 0.00258497 0.00369246 0.00605678 0.00991254 -0.00297716 0.00255183 -0.00875 -0.00585242 -0.0010772 0.00739082 0.000449102 -0.012844 -0.0051241 0.00143979 0.00523952 0.0101145 0.0115179 0.00744417 0.000952118 -0.00119048
internal_weight=13409 371 269 13038 5792 2479 2294 2230 1313 3313 2088 1976 1584 1028 1225 626 599 392 556 892 333 108 1248 381 333 261 559 402 7246 2729
internal_count=13409 371 269 13038 5792 2479 2294 2230 1313 3313 2088 1976 1584 1028 1225 626 599 392 556 892 333 108 1248 381 333 261 559 402 7246 2729
is_linear=0
shrinkage=0.05


Tree=206
num_leaves=31
num_cat=0
split_feature=2 15 13 6 13 5 11 11 10 11 11 0 5 11 14 2 10 12 12 14 12 6 10 8 10 12 12 15 10 14
split_gain=7.29158 11.9953 5.99134 7.51115 5.41599 5.04328 13.4036 12.7842 12.7247 8.83756 11.4473 7.49745 8.99102 7.76367 7.2439 8.42084 10.1088 9.03554 8.79306 9.328 8.52741 10.0241 16.0238 7.73743 14.0978 11.7713 7.41308 13.3175 14.8431 10.4128
threshold=14.03684210526316 4105.3750000000009 0.99897831515029056 2.4605263157894739 0.99731940924863693 4.4696263850415514 0.96849880583763492 0.98770287048522643 0.10837544681456425 0.87709077819680659 0.82777578779003613 6.7315789473684227 13.62134695290859 0.78192542922038288 3973.3750000000005 1.7552631578947386 -0.96689237009891416 -0.95244167294248061 -0.94139628442229062 3507.1250000000005 -0.86976336936302323 537.59210526315803 -0.92274349529687905 5.5000000000000009 0.85226249403558707 -0.88622299073327826 -0.66528308454101848 1987.1250000000002 -0.8781231054254196 2942.6250000000005
decision_type=2 8 2 2 2 2 2 2 2 2 2 2 2 2 8 2 2 2 2 10 2 2 2 2 2 2 2 10 2 10
left_child=2 -2 4 -4 5 6 14 -8 -9 10 11 12 13 -7 15 18 -17 -18 19 -1 23 26 -23 24 25 -20 27 -22 29 -29
right_child=1 -3 3 -5 -6 9 7 8 -10 -11 -12 -13 -14 -15 -16 16 17 -19 20 -21 21 22 -24 -25 -26 -27 -28 28 -30 -31
leaf_value=0.19378987760833299 0.22454275447473721 3.726783236253425 -0.042905638274214654 -2.1567645152659227 2.7833919330692654 -0.12813593877133372 1.3142729865449554 -1.8787462831671293 4.0186399534201085 -0.045987032558127798 0.94761123694913751 0.24848349379052481 0.57910009847038857 -0.83525214805455905 -0.87847389462638148 0.84893483653887647 -3.6372636868822159 0.15408696069750932 -0.21322628303855709 -0.83283044730067113 1.0233725543029208 -1.7802736125396905 -0.43118306071917234 -1.058402862648552 1.9534135881404155 -2.4127137155988407 -0.084958134035287014 0.11332119404687546 -0.24586679270742026 2.1063582282443578
leaf_weight=1125 107 40 95 66 65 157 156 81 69 1481 273 1018 90 58 208 114 40 2017 374 94 184 69 391 94 43 70 4133 112 459 107
leaf_count=1125 107 40 95 66 65 157 156 81 69 1481 273 1018 90 58 208 114 40 2017 374 94 184 69 391 94 43 70 4133 112 459 107
internal_value=0.000112016 0.0111486 -1.13259e-05 -0.0095679 0.000107009 3.45675e-05 -0.000513027 0.00977199 -0.000662252 0.00180312 0.00438322 0.00245468 -0.00441176 -0.0099537 -0.000840685 -0.00063647 0.00209484 0.00128766 -0.00145397 0.00241803 -0.00223621 -0.00162207 -0.00867679 -0.00798969 -0.00543033 -0.00808989 -0.000970777 0.0032445 0 0.0106818
internal_weight=13390 147 13243 161 13082 13017 9940 306 150 3077 1596 1323 305 215 9634 9426 2171 2057 7255 1219 6036 5455 460 581 487 444 4995 862 678 219
internal_count=13390 147 13243 161 13082 13017 9940 306 150 3077 1596 1323 305 215 9634 9426 2171 2057 7255 1219 6036 5455 460 581 487 444 4995 862 678 219
is_linear=0
shrinkage=0.05


Tree=207
num_leaves=31
num_cat=0
split_feature=1 1 12 7 15 12 0 15 15 0 6 8 14 8 7 0 1 1 1 14 14 12 10 7 1 10 10 15 14 1
split_gain=9.8503 12.5103 11.0341 15.2563 19.7659 18.7477 9.45933 6.98943 6.57452 10.6152 5.76123 5.74252 7.67904 6.30412 16.7604 5.42121 12.5241 5.32748 6.84193 9.48718 7.67842 7.14841 7.75944 8.07022 7.16354 8.12287 5.99392 5.75664 5.63288 7.48914
threshold=25.189391447368426 24.522642543859654 0.97109394436505758 14.500000000000002 2170.8750000000005 0.98901264295277169 32.409210526315796 2677.1250000000005 2068.3750000000005 23.751315789473686 530.31578947368428 1.0000000180025095e-35 2437.6250000000005 1.5000000000000002 10.500000000000002 26.57368421052632 29.567626096491232 29.567626096491232 26.449013157894743 2509.8750000000005 2634.2500000000005 0.95239763423914636 -0.54939360607974019 13.500000000000002 27.124862938596497 -0.35041564478062465 -0.42957681104363482 3269.8750000000005 4027.1250000000005 27.455509868421057
decision_type=2 2 2 2 10 2 2 10 10 2 2 2 10 2 2 2 2 2 2 10 10 2 2 2 2 2 2 10 10 2
left_child=1 -1 8 4 -4 -6 7 -7 9 -2 -3 12 -10 14 -13 -5 -17 18 20 -20 -15 22 -21 26 -25 -26 -24 -22 29 -28
right_child=2 10 3 15 5 6 -8 -9 11 -11 -12 13 -14 17 -16 16 -18 -19 19 21 27 -23 23 24 25 -27 28 -29 -30 -31
leaf_value=-0.027634258728426175 -0.7341861812382604 -1.5317367098643673 0.73240901649940049 -0.55334118560948586 -2.9501767843128279 -0.20349042776074386 0.21331561675099239 -3.1478144103434715 0.54056957207227474 0.50632570879306515 0.18678378160011563 1.0742590729643553 2.7267879248974509 -0.027349263063683793 -1.0613770904179092 2.6539044233223197 -0.74712611418503916 1.7398081288915366 1.452456378275474 -0.57262307375067401 2.2052364809980758 0.24836555464039523 0.87319967054338576 -0.60978240492725044 -0.25019705135860021 1.5520436113200959 -0.044451426235423246 0.75975401764665096 0.23660340719700346 -1.9234176425921305
leaf_weight=11435 108 108 49 56 44 52 59 55 72 106 46 79 98 54 89 52 40 46 77 69 72 78 40 40 59 96 61 70 40 75
leaf_count=11435 108 108 49 56 44 52 59 55 72 106 46 79 98 54 89 52 40 46 77 69 72 78 40 40 59 96 61 70 40 75
internal_value=-0.00018993 -0.000729077 0.00321176 -0.00404412 -0.0113462 -0.0180095 -0.0101796 -0.0189815 0.00527972 -0.0027907 -0.0148387 0.0067023 0.0152047 0.00530593 -0.0035503 0.00872483 0.016129 0.00700456 0.00606971 0.00353774 0.0142132 0.00125224 -0.0010395 0.00157767 0.00892857 0.0137821 -0.00506912 0.0202797 -0.00903955 -0.0138686
internal_weight=13425 11589 1836 407 259 210 166 107 1429 214 154 1215 170 1045 168 148 92 877 831 635 196 558 480 411 195 155 216 142 176 136
internal_count=13425 11589 1836 407 259 210 166 107 1429 214 154 1215 170 1045 168 148 92 877 831 635 196 558 480 411 195 155 216 142 176 136
is_linear=0
shrinkage=0.05


Tree=208
num_leaves=31
num_cat=0
split_feature=13 10 10 11 12 1 1 1 1 13 11 8 12 8 1 1 7 7 15 10 10 8 14 8 3 7 13 15 0 10
split_gain=7.38341 10.1826 18.6524 9.86641 12.7754 13.5923 9.21635 8.15901 7.30078 7.25703 13.5308 7.72653 8.72022 11.9393 8.57664 8.51926 7.64874 12.4467 10.0978 8.58337 14.0123 9.5793 11.5005 8.11039 7.46978 6.93347 15.3419 14.3433 13.3692 10.4446
threshold=-0.34234976856068178 -0.8041866928211282 -0.79384350655589164 0.48877522411129348 0.90892735371523092 11.765268640350881 8.2135142543859665 16.776864035087723 22.529139254385967 -0.22072160979833103 0.6174544326165855 5.5000000000000009 -0.95753797188986722 3.5000000000000004 14.065816885964916 14.842927631578949 1.0000000180025095e-35 7.5000000000000009 2333.6250000000005 -0.72696319516528884 -0.75015329512557194 2.5000000000000004 2783.5000000000005 4.5000000000000009 11.015789473684212 10.500000000000002 0.36447543099728863 2259.2500000000005 22.301315789473687 -0.58482361983252518
decision_type=2 2 2 2 2 2 2 2 2 2 2 2 2 2 2 2 2 2 8 2 2 2 10 2 2 2 2 8 2 2
left_child=3 8 -3 6 7 -6 -1 -5 -2 10 11 12 14 15 -4 -14 18 -18 23 20 21 22 -19 -11 25 26 28 -28 -21 -27
right_child=1 2 9 4 5 -7 -8 -9 -10 16 -12 -13 13 -15 -16 -17 17 19 -20 24 -22 -23 -24 -25 -26 29 27 -29 -30 -31
leaf_value=-2.0381450689248939 0.12422266903794253 -1.2835027643256127 0.26728834674944441 -0.69426151659424706 -0.55110300350543184 1.5948709320828585 -0.022505064911638329 -2.0655688385941633 1.0782897509227609 0.29656294405929201 5.9838043560247574 2.133616543160997 0.84774546206068635 1.2516453714160776 -2.2034274016953419 -1.4770899954555716 -0.12673561296644495 1.7207241978762113 -1.7802094410156428 0.37801944339270221 -1.3216370754910713 2.0923139588041524 -1.8471685790512311 1.8223362347579042 -0.41019050532263468 0.50102754911297331 -2.9854580893722868 1.1365369616479257 -1.7560598067646653 0.035742653977513326
leaf_weight=68 56 74 56 305 71 45 4901 40 68 180 41 64 84 56 42 45 2193 40 44 224 107 51 44 73 224 463 40 529 73 3205
leaf_count=68 56 74 56 305 71 45 4901 40 68 180 41 64 84 56 42 45 2193 40 44 224 107 51 44 73 224 463 40 529 73 3205
internal_value=8.14393e-05 0.00103999 0.000817302 -0.00134414 -0.00833333 0.00598291 -0.000694165 -0.0131503 0.0152 0.00105343 0.00771208 0.00445402 0.000880282 0.00725806 -0.0111111 -0.00115385 0.000707516 0.000382263 0.00855705 0.00175965 -0.00740741 0.00330882 -0.00705882 0.0124016 0.00222736 0.00266814 0.00668973 0.0114912 -0.00251678 0.00171709
internal_weight=13506 8076 7952 5430 461 116 4969 345 124 7878 388 347 283 185 98 129 7490 7193 297 5000 242 135 84 253 4758 4534 866 569 297 3668
internal_count=13506 8076 7952 5430 461 116 4969 345 124 7878 388 347 283 185 98 129 7490 7193 297 5000 242 135 84 253 4758 4534 866 569 297 3668
is_linear=0
shrinkage=0.05


Tree=209
num_leaves=31
num_cat=0
split_feature=8 7 6 7 8 15 14 12 15 12 12 12 15 1 12 6 15 12 15 6 10 10 14 12 14 15 14 15 12 6
split_gain=7.59871 14.3355 11.5497 9.97869 12.2514 14.8291 16.5224 13.4956 11.2185 10.6755 23.9904 19.4642 12.03 12.3005 10.4761 10.1578 9.57852 9.27357 8.83491 10.4488 8.12542 7.99592 7.75784 7.43385 7.11877 6.97926 21.7409 11.3661 10.6631 8.64057
threshold=4.5000000000000009 1.5000000000000002 867.18421052631595 8.5000000000000018 5.5000000000000009 2133.6250000000005 3068.1250000000005 0.3362885358101006 2558.3750000000005 -0.96688789938088693 -0.88622299073327826 -0.5484990889199054 2587.8750000000005 22.604029605263161 -0.86976336936302323 434.03947368421058 2364.6250000000005 -0.99940763397299126 4186.2500000000009 33.078947368421062 0.17646842360078763 -0.99985146406598202 3737.1250000000005 0.89693165594635726 2393.2500000000005 3254.3750000000005 3194.3750000000005 2908.3750000000005 0.3036948619824264 93.486842105263179
decision_type=2 2 2 2 2 8 8 2 8 2 2 2 10 2 2 2 8 2 8 2 2 2 10 2 10 10 10 10 2 2
left_child=17 -2 3 4 5 7 16 14 20 15 -11 12 13 -12 -3 24 -7 -1 21 -20 -8 -19 -10 -6 -5 26 29 28 -28 -23
right_child=1 2 -4 9 23 6 8 -9 22 10 11 -13 -14 -15 -16 -17 -18 18 19 -21 -22 25 -24 -25 -26 -27 27 -29 -30 -31
leaf_value=-0.83618379330216619 0.72072148708954842 1.3470020206663778 -1.9500706851166116 1.2334709787155249 -0.82121076878853505 -0.86375183407437817 2.073913972340006 1.5707487227304797 -1.7049316664757612 -1.2158561828742451 0.92821084330108194 -0.11646482797175964 -0.90491935608174578 -0.57471707339902312 -0.30136676856051281 -1.8106489824340486 -2.5664788840537085 1.6262155675706538 -1.3213683468217825 1.3204264809248345 -0.014553682087773724 -0.025090364571155988 0.33729234543443454 0.096665467083187198 0.36980595877857925 -0.075081265870483097 2.1194522166792695 0.52309949045319404 6.1034264074029583 0.37267317680218642
leaf_weight=61 306 63 81 72 467 96 42 70 62 151 298 1602 73 42 99 40 40 56 45 154 46 4369 42 80 97 3202 73 470 51 1084
leaf_count=61 306 63 81 72 467 96 42 70 62 151 298 1602 73 42 99 40 40 56 45 154 46 4369 42 80 97 3202 73 470 51 1084
internal_value=-2.9773e-05 -0.00189922 -0.00279181 -0.00235429 -0.00627256 -0.00106952 -0.00790274 0.00858369 0.0015544 -0.000526094 -0.00156899 -0.000124008 0.00954106 0.0134897 0.000613497 0.0102381 -0.0211679 0.000726531 0.000852183 0.01125 0.0146067 0.000628627 -0.00952381 -0.0115876 0.0155882 0.000513514 0.0015129 0.0105882 0.024 0.000522552
internal_weight=13434 3869 3563 3482 1107 560 328 232 192 2375 2166 2015 413 340 162 209 136 9565 9504 199 88 9305 104 547 169 9249 6047 594 124 5453
internal_count=13434 3869 3563 3482 1107 560 328 232 192 2375 2166 2015 413 340 162 209 136 9565 9504 199 88 9305 104 547 169 9249 6047 594 124 5453
is_linear=0
shrinkage=0.05


Tree=210
num_leaves=31
num_cat=0
split_feature=7 10 10 10 14 7 6 10 7 11 7 8 11 3 11 12 10 12 12 14 11 0 13 8 13 8 6 14 7 4
split_gain=5.82914 8.4628 12.7262 8.92149 12.0889 8.58851 11.4784 19.8068 8.75107 14.0831 17.1994 9.82109 12.2071 11.5227 9.53942 9.284 9.68676 9.14324 9.07788 8.71051 11.9178 9.88062 9.71837 20.6118 15.7721 9.74415 9.52621 9.3838 7.96213 9.08948
threshold=20.500000000000004 0.99761913169647187 0.99552231814189451 0.99966190462023474 2814.1250000000005 6.5000000000000009 126.90789473684212 0.97696484778429815 14.500000000000002 0.98899263613956456 8.5000000000000018 5.5000000000000009 0.99249573635719013 0.38026315789473669 0.11478523713130605 0.96522610578843548 0.66527693225344786 0.77923869640500354 0.78325454425165997 2867.8750000000005 -0.86548532668110156 20.710526315789476 0.063390085881955341 5.5000000000000009 -0.57606379612791392 5.5000000000000009 602.38157894736855 2644.8750000000005 9.5000000000000018 22.303070637119109
decision_type=2 2 2 2 10 2 2 2 2 2 2 2 2 2 2 2 2 2 2 10 2 2 2 2 2 2 2 10 2 2
left_child=1 2 5 -3 -5 -1 7 8 9 10 14 12 15 -13 -7 18 -17 -12 -10 20 -8 -22 24 27 26 -26 -23 -24 -21 -30
right_child=-2 3 -4 4 -6 6 19 -9 11 -11 17 13 -14 -15 -16 16 -18 -19 -20 28 21 22 23 -25 25 -27 -28 -29 29 -31
leaf_value=-0.067121459696045355 -0.20680608894078889 1.3848885589451811 -1.4091143859574231 -1.1775731809628951 0.79770971195674756 1.5306387025404888 2.2499406547627814 1.8243380018767539 -0.039131253683217439 -0.94553304371569313 2.4591548709234416 1.4537957911329387 1.2456434940836971 0.064944919976801435 0.19981487848865528 0.94373161759297097 -0.1322648612976991 0.58504178922612482 -0.96631897668114564 0.23509656910202922 0.32332440993309319 -0.09767248084926905 -5.056273180789276 0.6167940810100675 2.1074656254842239 -0.80420075865979479 -2.5731650912040096 -0.81426796501364151 -0.33685151370439148 1.398696202319502
leaf_weight=3787 1711 173 97 44 54 40 212 110 1339 110 168 107 114 186 362 112 73 70 243 713 831 111 69 52 139 47 58 43 2158 52
leaf_count=3787 1711 173 97 44 54 40 212 110 1339 110 168 107 114 186 362 112 73 70 243 713 831 111 69 52 139 47 58 43 2158 52
internal_value=-0.000108322 0.000291221 8.33041e-05 0.00900735 -0.0030303 0.00023879 0.00121676 0.00359143 0.00280342 0.00745672 0.0102964 0.0011954 -0.000132837 0.00969388 0.00397022 -0.0011595 0.0094086 0.0209205 -0.00240051 -0.000390103 0.00262316 0.000888231 -0.00451923 -0.0145455 0.000140449 0.0101604 -0.0108824 -0.0265487 -0.00200068 -0.00348259
internal_weight=13385 11674 11403 271 98 11306 7519 3034 2924 750 640 2174 1881 293 402 1767 185 238 1582 4485 1562 1350 519 164 355 186 169 112 2923 2210
internal_count=13385 11674 11403 271 98 11306 7519 3034 2924 750 640 2174 1881 293 402 1767 185 238 1582 4485 1562 1350 519 164 355 186 169 112 2923 2210
is_linear=0
shrinkage=0.05


Tree=211
num_leaves=31
num_cat=0
split_feature=15 14 1 11 14 13 13 15 10 15 1 0 12 7 15 10 14 13 10 10 10 1 1 1 10 14 11 10 14 14
split_gain=6.14464 11.4108 9.38986 8.26578 6.55023 6.18074 14.3322 9.43901 8.14801 7.96071 5.85516 8.50155 9.02948 4.59222 9.25555 22.5429 12.7328 9.4512 7.30474 14.6336 13.5561 15.3162 9.66883 11.0573 9.17545 8.62744 8.76048 12.6045 8.42408 7.40154
threshold=3975.6250000000005 3635.1250000000005 23.534649122807021 0.89691351184655443 4102.0000000000009 -0.99273797715557011 -0.99864786094873803 2968.6250000000005 0.9962888416657264 2216.6250000000005 17.415515350877197 11.203947368421055 0.04621502027255215 6.5000000000000009 2340.1250000000005 -0.90893996196865023 2428.3750000000005 0.95436825032516992 0.92922379131507438 0.94138322595482449 0.88220160189607266 15.933963815789475 14.752165570175441 12.574013157894738 0.94704596667653973 2745.1250000000005 -0.13398942717002907 0.97112537654464559 2716.3750000000005 2961.8750000000005
decision_type=10 10 2 2 10 2 2 10 2 10 2 2 2 2 8 2 10 2 2 2 2 2 2 2 2 10 2 2 10 10
left_child=5 2 -2 4 -3 6 -1 10 13 -10 11 -8 -13 14 -7 -16 -17 -18 20 29 -15 22 23 -22 -21 -26 27 -27 -25 -20
right_child=1 3 -4 -5 -6 8 7 -9 9 -11 -12 12 -14 18 15 16 17 -19 19 24 21 -23 -24 28 25 26 -28 -29 -30 -31
leaf_value=-0.20829994185518219 2.2172637526784684 -0.7870008911226023 3.1786358817835438 0.60685195420364835 0.10826448432449071 -0.021540174683650548 -0.12948161125964361 1.7893948837317795 0.21255406396096532 -2.4024828702602692 -0.083728526793220237 0.17484982784519618 1.8373653766804183 -0.0022837216804418858 0.72718987254920653 -1.725664059062092 -0.13680390435491746 -1.7376634709570569 3.4355774550299998 -1.8821818937310355 0.10835783394251167 -3.2847892897382511 0.7108509241780212 -1.9440673870463288 0.63903816794670554 0.41791383298671009 0.44258848460902983 -1.629322458324225 -2.7689802558371412 0.94093959508786618
leaf_weight=220 77 129 49 71 76 2607 76 87 43 76 41 44 58 7441 163 331 586 58 46 56 100 57 81 58 349 70 250 80 53 68
leaf_count=220 77 129 49 71 76 2607 76 87 43 76 41 44 58 7441 163 331 586 58 46 56 100 57 81 58 349 70 250 80 53 68
internal_value=-0.000374019 0.0057072 0.0181102 0 -0.00509709 -0.000561069 0.00474383 0.0117264 -0.000783362 -0.01375 0.00613636 0.0100559 0.0194175 -0.00065837 -0.00212226 -0.00588235 -0.00876025 -0.00465116 -2.87026e-05 0.00418478 -0.000526248 -0.0101429 -0.00546075 -0.0110849 0.00179901 0.00326667 -0.00174564 -0.0112583 -0.021875 0.0208696
internal_weight=13501 402 126 276 205 13099 526 306 12573 119 219 178 102 12454 3745 1138 975 644 8709 919 7790 349 292 211 805 749 400 150 111 114
internal_count=13501 402 126 276 205 13099 526 306 12573 119 219 178 102 12454 3745 1138 975 644 8709 919 7790 349 292 211 805 749 400 150 111 114
is_linear=0
shrinkage=0.05


Tree=212
num_leaves=31
num_cat=0
split_feature=1 13 10 15 8 13 1 0 15 11 10 12 1 7 0 7 10 8 0 8 1 11 15 13 1 15 15 3 7 8
split_gain=6.95574 9.85731 17.2699 10.8553 15.5435 9.51075 9.53751 9.73333 8.99432 8.4097 8.23064 10.487 7.99211 11.181 7.7451 9.93225 8.9635 8.68605 7.63699 6.96734 6.50723 9.01366 6.33985 6.24535 8.24057 8.67795 7.06583 6.10942 8.41064 6.07067
threshold=7.4657346491228092 0.90438663683299525 0.022575936829235418 3578.6250000000005 2.5000000000000004 0.8842148469408333 7.6205043859649138 7.5960526315789485 2968.6250000000005 -0.97874870457683594 0.34235194516023087 0.71051919230648819 6.2878015350877208 9.5000000000000018 5.3039473684210536 20.500000000000004 0.14250626876356556 1.5000000000000002 8.2381578947368457 3.5000000000000004 10.709375000000003 -0.98372925196996197 2464.8750000000005 0.99138911339924218 10.219599780701756 2364.6250000000005 3475.3750000000005 8.7697368421052655 16.500000000000004 1.0000000180025095e-35
decision_type=2 2 2 10 2 2 2 2 10 2 2 2 2 2 2 2 2 2 2 2 2 2 10 2 2 10 10 2 2 2
left_child=10 5 3 8 9 6 7 -2 20 -5 14 -12 -13 -14 15 29 18 -18 27 -6 22 -22 -3 24 25 -4 -26 -16 -29 -1
right_child=1 2 23 4 19 -7 -8 -9 -10 -11 11 12 13 -15 16 -17 17 -19 -20 -21 21 -23 -24 -25 26 -27 -28 28 -30 -31
leaf_value=1.2665471499678689 0.37381633190045704 -2.4162328679548413 0.048925698843220289 -0.0940570902762147 2.1323878947124286 1.3592069167482805 -0.0071563890674610775 -2.276442552606659 -3.2858876441217264 -2.3990203059752275 -1.3189057916933054 -0.66212526795247872 1.4294340782331916 -0.19407184715182668 1.7234904375767996 -2.1587309071478558 3.6713253008329505 0.39337399429164183 -0.28934000917438424 0.0546733483377011 -0.59350657772811244 0.609921611749769 -0.83573528271710984 0.92021692038774749 0.46961995506514997 -1.6412819381921964 -1.8804812171501681 -0.064247172376235548 1.0709051856866381 0.0087671280385620779
leaf_weight=47 42 83 40 52 40 103 11061 55 90 52 81 97 54 70 48 51 64 81 131 47 85 61 60 105 204 45 43 124 92 227
leaf_count=47 42 83 40 52 40 103 11061 55 90 52 81 97 54 70 48 51 64 81 131 47 85 61 60 105 204 45 43 124 92 227
internal_value=-0.000219559 -0.000570544 -0.00530754 -0.0110333 -0.00130208 -0.00014651 -0.000286764 -0.0158163 -0.0159211 -0.0142857 0.00346747 -0.00363036 0.00202703 0.0104 0.00594688 -0.000153374 0.00961183 0.0202055 0.00568182 0.0142045 -0.0115517 -0.00408163 -0.0190972 0.00216895 -0.0012012 -0.0145349 0.00342742 0.010566 0.00691244 0.00363636
internal_weight=13435 12268 1007 570 191 11261 11158 97 379 104 1167 302 221 124 865 325 540 145 395 87 289 146 143 437 332 85 247 264 216 274
internal_count=13435 12268 1007 570 191 11261 11158 97 379 104 1167 302 221 124 865 325 540 145 395 87 289 146 143 437 332 85 247 264 216 274
is_linear=0
shrinkage=0.05


Tree=213
num_leaves=31
num_cat=0
split_feature=14 15 8 15 12 14 1 10 10 0 14 14 0 9 12 6 12 11 8 14 15 1 12 12 13 15 15 15 1 15
split_gain=4.81851 4.95936 11.3265 10.2394 12.9385 12.8166 10.0308 8.86843 12.8294 11.2685 19.109 8.57916 12.738 11.0073 10.8304 9.06897 12.6619 11.3522 8.90605 21.7662 8.26624 12.2874 8.84863 8.45078 8.21772 8.11513 8.86116 7.65004 7.25744 7.07362
threshold=4265.8750000000009 2177.1250000000005 4.5000000000000009 3047.6250000000005 0.74300049550786151 3818.2500000000005 27.878015350877199 -0.97876850416056738 -0.814291907305839 20.067105263157899 2849.8750000000005 2624.1250000000005 19.951315789473693 1.0000000180025095e-35 -0.73866412149774419 15.526315789473687 -0.97509344079810367 -0.90531874877253482 5.5000000000000009 2274.1250000000005 2062.2500000000005 24.183634868421056 0.98213580174693105 0.78725952717486247 -0.27694043983797384 2164.1250000000005 2151.8750000000005 1987.1250000000002 13.157401315789476 2104.5000000000005
decision_type=10 8 2 8 2 10 2 2 2 2 10 10 2 2 2 2 2 2 2 10 10 2 2 2 2 10 10 10 2 10
left_child=1 6 -3 5 -5 7 11 -4 9 10 -9 13 24 15 -14 17 -17 -1 -18 27 21 -19 23 25 -13 26 -22 -20 -26 -21
right_child=-2 2 3 4 -6 -7 -8 8 -10 -11 -12 12 14 -15 -16 16 18 20 19 29 22 -23 -24 -25 28 -27 -28 -29 -30 -31
leaf_value=1.41315268115045 1.3720230178780186 0.0048591735724585307 0.37757899295654629 -2.7311499905222263 0.2774622468930602 1.0877823327112766 0.94865158693460216 -1.7512652973118521 -0.099137541958111808 -1.584807550717892 1.0260619829181679 1.4780796335827291 -1.0988028500427107 0.95586178931462207 -3.4206646091826087 -2.4716472812310144 6.457716425218246 -0.063048072668482294 0.18763789315716509 2.2841871971274714 0.13486559665374218 -1.1408088380439723 -0.44970066448341872 1.0084826957858752 -1.9286989715228402 1.3040992376383884 -0.88832368245182358 -0.72423064896881906 0.84420572143442318 0.31958408193279414
leaf_weight=141 47 7826 114 86 44 76 83 75 1572 139 66 58 46 139 41 45 46 1770 96 93 412 49 46 120 52 50 47 49 40 43
leaf_count=141 47 7826 114 86 44 76 83 75 1572 139 66 58 46 139 41 45 46 1770 96 93 412 49 46 120 52 50 47 49 40 43
internal_value=-0.000188721 -0.00024508 -0.000810081 -0.00400368 -0.0175573 -0.00313265 0.00138448 -0.00391459 -0.00474906 -0.0145907 -0.00457746 0.000960402 -0.00819328 0.00165237 -0.0232955 0.00101396 0.00831099 -1.89681e-05 0.0117378 0.00833333 -0.000801603 -0.00255495 0.00392012 0.00547619 0.000662252 0.00264706 0.000543478 -0.00513699 -0.00860215 0.0226277
internal_weight=13511 13464 9998 2172 130 2042 3466 1966 1852 280 141 3383 237 3146 87 3007 372 2635 327 281 2494 1819 675 629 150 509 459 145 92 136
internal_count=13511 13464 9998 2172 130 2042 3466 1966 1852 280 141 3383 237 3146 87 3007 372 2635 327 281 2494 1819 675 629 150 509 459 145 92 136
is_linear=0
shrinkage=0.05


Tree=214
num_leaves=31
num_cat=0
split_feature=7 8 12 2 7 15 0 15 8 7 10 0 7 15 14 3 12 10 0 14 8 15 11 10 10 15 15 10 12 10
split_gain=7.43512 10.6546 10.1882 12.9592 8.78856 10.679 12.5104 10.1377 22.0619 12.0688 10.3423 11.4376 9.28435 9.5102 12.2702 8.85167 8.7993 9.24267 10.6862 8.17074 8.04462 11.0628 7.83036 8.31823 9.86487 7.75814 11.5615 12.4952 7.62764 23.5528
threshold=7.5000000000000009 5.5000000000000009 0.97109394436505758 3.0105263157894755 20.500000000000004 2448.3750000000005 18.469736842105267 2597.1250000000005 4.5000000000000009 17.500000000000004 -0.89406062840022227 18.567105263157902 12.500000000000002 2364.6250000000005 2576.8750000000005 8.0486842105263161 0.61746692340271048 -0.42957681104363482 8.7210526315789512 1947.1250000000002 1.0000000180025095e-35 2279.1250000000005 -0.77788789561442695 0.95242846126021108 0.98522604642031408 1821.8750000000002 1905.1250000000002 -0.26037633224328088 0.83373797915484082 -0.814291907305839
decision_type=2 2 2 2 2 8 2 10 2 2 2 2 2 10 10 2 2 2 2 8 2 8 2 2 2 10 10 2 2 2
left_child=1 2 28 -4 7 6 -6 8 20 10 11 -10 13 14 -12 -9 -7 -18 -19 -3 -2 -22 -14 -24 -25 -21 -27 -28 -1 -30
right_child=4 19 3 -5 5 16 -8 15 9 -11 12 -13 22 -15 -16 -17 17 18 -20 25 21 -23 23 24 -26 26 27 -29 29 -31
leaf_value=-0.027479194393731633 7.6499697511968634 0.14275969816228554 -0.16591651583809722 -2.5017648241257122 -0.1347803602956674 -1.4967327179769427 0.79794769777556673 -0.016638622111963743 1.8006911700578598 0.72965739119016471 0.82361471927057439 0.067253885775335226 0.19909532045004427 1.0879589096697373 -1.209704027207704 0.31086515616871113 -1.4425877582015916 -0.27987200858062805 0.94426695025031226 -1.3944936407680588 -0.88508620618358691 1.5691537487669394 -1.0544758080532177 1.0104107924813548 -0.98894313061523464 0.30694047443161027 -0.040492145727205303 -1.3464231771033839 2.5075712881033612 0.01625476605338463
leaf_weight=3084 74 153 256 55 957 234 239 5044 66 252 163 141 84 179 148 551 120 48 88 130 78 191 264 47 41 93 130 129 82 358
leaf_count=3084 74 153 256 55 957 234 239 5044 66 252 163 141 84 179 148 551 120 48 88 130 78 191 264 47 41 93 130 129 82 358
internal_value=-0.000122404 -0.00178931 -0.000795099 -0.00945513 0.000704772 -0.0025489 0 0.00145412 0.00480046 0.00198413 -0.000220459 0.00985577 -0.00248112 0.00224033 -0.00304487 0.000419943 -0.00875764 -0.00233463 0.00656934 -0.00778302 0.0161337 0.012037 -0.00778032 -0.0110482 0.00224719 -0.0109731 -0.00708215 -0.0125 -2.83688e-05 0.00612245
internal_weight=13479 4470 3835 311 9009 1686 1196 7323 1728 1385 1133 207 926 490 311 5595 490 256 136 635 343 269 436 352 88 482 352 259 3524 440
internal_count=13479 4470 3835 311 9009 1686 1196 7323 1728 1385 1133 207 926 490 311 5595 490 256 136 635 343 269 436 352 88 482 352 259 3524 440
is_linear=0
shrinkage=0.05


Tree=215
num_leaves=31
num_cat=0
split_feature=11 1 10 11 0 14 11 5 12 12 10 6 10 10 1 7 6 5 6 14 7 5 10 0 5 5 0 7 6 10
split_gain=5.8321 6.17663 13.9175 10.7841 7.05923 7.49087 6.16335 13.885 12.7565 13.5843 11.4639 9.86179 9.14641 12.5006 15.1731 9.03384 8.62592 7.97012 7.10745 6.50177 6.85505 6.56953 6.26058 6.02263 8.01201 6.42497 6.05079 5.99978 5.93691 5.67578
threshold=0.99981043035926087 8.6816885964912291 0.97696484778429815 0.98770287048522643 6.4250000000000016 2547.3750000000005 0.92843842216862604 13.858865997229918 0.80033572242307993 0.84313847884979054 -0.37447345805034543 165.42105263157899 0.57077594689671507 0.70290292807158605 6.2878015350877208 12.500000000000002 201.69736842105266 4.4205003462603889 2.0131578947368429 1940.3750000000002 5.5000000000000009 18.639435595567871 0.022575936829235418 8.7855263157894754 12.760080678670361 8.9875391274238243 7.9907894736842122 15.500000000000002 0.17105263157894737 0.10837544681456425
decision_type=2 2 2 2 2 10 2 2 2 2 2 2 2 2 2 2 2 2 2 10 2 2 2 2 2 2 2 2 2 2
left_child=1 2 6 4 5 -3 8 11 10 -10 16 17 18 -14 -15 22 23 -8 -11 -9 -21 29 -13 24 25 26 -1 -5 -2 -22
right_child=28 3 -4 27 -6 -7 7 19 9 12 -12 15 13 14 -16 -17 -18 -19 -20 20 21 -23 -24 -25 -26 -27 -28 -29 -30 -31
leaf_value=0.38297199399942206 -0.14333071633865302 -0.18457875855579006 -2.7319077443960627 -1.6006819164202171 -0.011015593231491039 -0.68278793681886329 6.3085459351895228 0.58335870590510697 -1.2246510075457309 0.49983849662984314 0.88942825599015696 -0.33575367245651933 -1.3856376953070482 -0.61811181905050039 1.4089150990367445 -1.4671092104089896 -0.53473077194936425 0.21294448038750036 1.7134885134412459 -1.9339076844885541 -1.9627238578213451 1.5390369373175306 0.67162405233716527 1.0589878637738821 1.3381476866946516 -0.24521621772732943 -0.19599654290370838 0.052400432678700787 -2.8980705853397697 -0.21116942093934768
leaf_weight=49 56 89 57 120 11241 49 45 45 63 66 134 54 94 71 75 61 44 523 50 59 42 40 47 65 47 67 42 55 40 66
leaf_count=49 56 89 57 120 11241 49 45 45 63 66 134 54 94 71 75 61 44 523 50 59 42 40 47 65 47 67 42 55 40 66
internal_value=-0.000154902 -6.68598e-05 0.00256948 -0.000501947 -0.000311951 -0.0115108 0.00332432 0.000610376 0.00639401 0.000119048 0.0122494 0.00410397 0.00392157 -0.00165975 0.00748299 -0.00674847 0.00698413 0.00720562 0.0153846 -0.00948617 -0.0132212 -0.00738255 0.00245098 0.0103321 0.00606796 0.000628931 0.00923913 -0.0127841 -0.0123711 -0.0137615
internal_weight=13556 13460 1906 11554 11379 138 1849 982 867 419 448 730 356 240 146 162 314 568 116 252 207 148 101 270 205 158 91 175 96 108
internal_count=13556 13460 1906 11554 11379 138 1849 982 867 419 448 730 356 240 146 162 314 568 116 252 207 148 101 270 205 158 91 175 96 108
is_linear=0
shrinkage=0.05


Tree=216
num_leaves=31
num_cat=0
split_feature=2 15 7 13 15 7 7 7 12 2 15 12 8 7 15 11 11 10 13 10 10 10 15 3 8 8 13 12 12 8
split_gain=5.99117 18.5466 5.63927 5.64359 5.60167 17.4968 14.1605 14.0295 14.1063 13.9736 12.0338 11.3368 9.00226 23.919 11.5907 19.6807 26.5707 10.4969 11.1015 10.3698 13.506 11.4497 8.624 7.9785 7.93371 13.3007 7.80898 9.88103 9.45622 7.55629
threshold=13.789473684210529 4066.2500000000005 22.500000000000004 0.93771382312378282 2340.1250000000005 3.5000000000000004 14.500000000000002 19.500000000000004 0.95239763423914636 2.6039473684210557 3016.7500000000005 -0.99629805505515945 4.5000000000000009 17.500000000000004 3254.3750000000005 0.95436825032516992 0.99349222267034787 -0.97876850416056738 -0.29959198586732044 0.99053107487289871 0.49812943072827093 0.45273815774107123 3027.1250000000005 7.0592105263157903 5.5000000000000009 4.5000000000000009 0.94910885063987094 0.97508442350096236 -0.049435780479547518 3.5000000000000004
decision_type=2 8 2 2 8 2 2 2 2 2 10 2 2 2 10 2 2 2 2 2 2 2 8 2 2 2 2 2 2 2
left_child=2 -2 4 -4 6 9 11 12 10 -6 29 -1 14 17 15 19 -17 -14 -19 20 21 -7 26 -21 25 -8 27 -20 -28 -9
right_child=1 -3 3 -5 5 7 24 8 -10 -11 -12 -13 13 -15 -16 16 -18 18 22 23 -22 -23 -24 -25 -26 -27 28 -29 -30 -31
leaf_value=-0.73524023475897593 -0.070326064917730954 2.9825999360909465 -0.16777104161710668 -1.5468451433447854 -1.7180788923481716 0.2279795942435385 0.86648653723635793 -0.14801826246022073 0.32618162596099864 0.69101843415139685 -1.3862544212024432 0.029614253051727248 1.0433790261622449 0.42403096974751409 -0.034766164089273847 9.0349177392217381 -0.0038741749978498776 -1.2414795062855093 0.15741027725456436 0.51756127000498964 -0.27905144371484314 5.1986832537860668 -2.1893727622896222 7.7614460791234592 0.79470992619144454 -0.23324829974260411 -0.2883133960761825 -1.0294754987217403 -2.4917788656303403 -0.76922622648285144
leaf_weight=129 132 49 515 49 122 1253 312 544 150 41 132 3365 54 287 3258 117 108 267 466 105 947 82 78 40 269 206 49 81 43 257
leaf_count=129 132 49 515 49 122 1253 312 544 150 41 132 3365 54 287 3258 117 108 267 466 105 947 82 78 40 269 206 49 81 43 257
internal_value=5.55227e-05 0.00906593 -6.75321e-05 -0.00495575 0.000148868 -0.000595378 0.00162307 -0.000276476 -0.00558118 -0.0167683 -0.00786938 0.000257511 0.000518242 -0.00320513 0.00135341 0.00380701 0.0179204 -0.00673725 -0.00791878 0.00249176 0.00166448 0.00490269 -0.00466574 0.015411 0.00767766 0.00404624 -0.00273438 -0.000456204 -0.016129 -0.00554863
internal_weight=13507 181 13326 564 12762 8481 4281 8318 1083 163 933 3494 7235 1325 5910 2652 225 1038 984 2427 2282 1335 717 145 787 518 639 547 92 801
internal_count=13507 181 13326 564 12762 8481 4281 8318 1083 163 933 3494 7235 1325 5910 2652 225 1038 984 2427 2282 1335 717 145 787 518 639 547 92 801
is_linear=0
shrinkage=0.05


Tree=217
num_leaves=31
num_cat=0
split_feature=7 6 15 14 11 15 7 15 14 10 10 14 6 15 6 7 10 15 10 15 6 11 11 12 3 12 12 10 15 7
split_gain=6.08619 15.3492 8.26017 6.61238 7.27684 11.9862 6.53492 12.4338 12.0835 12.3326 8.50194 7.62705 11.7261 9.05458 6.64919 5.87068 6.51588 10.7587 10.4601 6.55788 5.76134 9.67285 10.1885 9.2599 12.3793 10.5617 15.2565 9.06978 8.19957 10.0876
threshold=5.5000000000000009 0.80263157894736847 2940.1250000000005 2875.3750000000005 -0.90531874877253482 1952.6250000000002 21.500000000000004 2183.1250000000005 2165.7500000000005 0.39036257410962044 -0.54220184589352438 2000.3750000000002 386.61842105263167 2231.1250000000005 28.302631578947373 22.500000000000004 -0.022576249993022688 2018.1250000000002 -0.92274349529687905 1938.7500000000002 473.78947368421063 -0.78858226040708135 -0.80926783187727869 0.019351116170480156 3.7118421052631576 -0.40614512594453095 -0.60468929461279042 -0.52032787705993211 2597.1250000000005 8.5000000000000018
decision_type=2 2 8 10 2 10 2 8 10 2 2 10 2 8 2 2 2 10 2 10 2 2 2 2 2 2 2 2 10 2
left_child=1 2 3 4 5 -1 11 15 -9 10 -10 12 13 -2 -15 -8 18 19 -17 -18 28 22 27 25 -25 26 -23 -22 29 -13
right_child=6 -3 -4 -5 -6 -7 7 8 9 -11 -12 20 -14 14 -16 16 17 -19 -20 -21 21 23 -24 24 -26 -27 -28 -29 -30 -31
leaf_value=1.7493687128976831 4.7666098406154562 -1.1267636291844383 -1.6661955449862491 0.99548779092162931 -0.057021430930626595 0.34935268834458388 0.5033363766979505 -2.5038554565663618 -0.024354395133570961 0.71747002824516815 -1.0726287561869299 -0.1955203510688989 0.020677998696305624 -0.48152007914807204 2.1574301172851391 -0.55802418961761757 -0.5494807153151442 -1.1753819993077286 0.49656215890390742 0.99268588167460625 -1.0847541914891281 -1.5905312665611975 2.6378918412723582 -0.14078058386762679 3.7570574696672794 -1.6916437846012287 2.5616326479607778 0.20010180850380835 0.024482420239860404 0.36368997918616519
leaf_weight=44 44 293 59 40 2763 169 228 123 126 118 168 385 191 47 55 57 83 64 99 57 61 303 43 605 52 153 60 648 4973 1357
leaf_count=44 44 293 59 40 2763 169 228 123 126 118 168 385 191 47 55 57 83 64 99 57 61 303 43 605 52 153 60 648 4973 1357
internal_value=0 -0.00184031 -0.000796489 -0.000430892 -0.000705408 0.00817757 0.000613801 -0.00298043 -0.00848881 -0.00435835 -0.00983051 0.00106371 0.00843195 0.0190476 0.0106796 0.00203735 -0.00193906 -0.00780488 0.00573248 0 0.000775373 -0.00163551 0.00278884 -0.00447189 -0.000531915 -0.00947776 -0.00480769 0.00133803 0.00146665 0.00441767
internal_weight=13468 3368 3075 3016 2976 213 10100 1123 535 412 294 8977 337 146 102 588 360 204 156 140 8640 1925 752 1173 657 516 363 709 6715 1742
internal_count=13468 3368 3075 3016 2976 213 10100 1123 535 412 294 8977 337 146 102 588 360 204 156 140 8640 1925 752 1173 657 516 363 709 6715 1742
is_linear=0
shrinkage=0.05


Tree=218
num_leaves=31
num_cat=0
split_feature=1 1 14 8 1 11 11 1 1 11 14 7 0 6 10 15 11 11 8 7 8 10 14 6 7 3 1 3 8 8
split_gain=5.02051 11.4391 6.55269 8.17875 5.48408 12.7677 7.08265 16.5039 16.744 14.7012 11.5289 11.2407 14.5783 13.3152 10.7351 9.49776 9.39323 8.81841 8.81529 9.68009 14.3605 16.2132 9.03735 8.56626 8.36641 9.15419 7.77101 7.58368 11.0139 8.03568
threshold=29.166940789473689 29.959237938596498 2485.1250000000005 4.5000000000000009 11.602028508771932 0.85561368268953431 0.87709077819680659 10.879714912280706 7.5498081140350886 0.81800285027139297 3833.6250000000005 6.5000000000000009 6.7315789473684227 271.98684210526324 0.34235194516023087 2578.3750000000005 0.98005052076767474 0.97263757644091875 4.5000000000000009 20.500000000000004 1.0000000180025095e-35 0.19337368024598436 2453.1250000000005 6.1973684210526327 12.500000000000002 8.9855263157894747 3.5949013157894742 8.6381578947368425 2.5000000000000004 4.5000000000000009
decision_type=2 2 10 2 2 2 2 2 2 2 10 2 2 2 2 10 2 2 2 2 2 2 10 2 2 2 2 2 2 2
left_child=4 2 -2 -4 6 -6 9 8 18 10 -1 12 -10 17 -14 -11 -9 -13 19 20 21 -8 -20 -17 -24 -26 -22 28 -19 -30
right_child=1 -3 3 -5 5 -7 7 16 11 15 -12 13 14 -15 -16 23 -18 27 22 -21 26 -23 24 -25 25 -27 -28 -29 29 -31
leaf_value=0.11885842203889752 -0.37413060798173775 -0.68638693279411889 1.5947354226820836 0.024500994199206618 -0.024882972698605954 -1.5358616542683194 0.14112855173984826 1.5741296237895768 0.59831443784041771 1.0073110893741615 -1.2130201415985313 0.28833839714668558 -1.135928952900997 -1.3626567758354668 -2.7121720788847599 -0.25619936574832991 0.36502313515081825 -1.2204826693774748 0.92326379376040679 -0.50920666809923887 3.9133793166809143 9.6026778894961815 0.96303453856469334 1.482150161151276 -1.6102584415920547 0.42793968388244824 -0.22860271949064101 -1.3886562410268029 1.0867525701781575 -0.11927009362347007
leaf_weight=1799 70 102 164 68 8481 84 65 41 91 185 114 443 204 84 43 117 67 111 103 82 54 47 65 138 53 44 410 78 60 42
leaf_count=1799 70 102 164 68 8481 84 65 41 91 185 114 443 204 84 43 117 67 111 103 82 54 47 65 138 53 44 410 78 60 42
internal_value=0.000196151 0.00567901 0.0105611 0.0145923 2.67053e-05 -0.000717955 0.0014314 -0.000617002 -0.00161058 0.00333475 0.00143678 -0.00561798 -0.0132743 -0.002442 -0.0195565 0.0115646 0.0183486 -0.000272109 0.00340909 0.00030349 0.00259965 0.0185841 0.0110902 0.00527344 0.00368098 -0.00561224 -0.00129032 -0.00702055 -0.0021028 0.00970874
internal_weight=13509 404 302 232 13105 8565 4540 2187 2079 2353 1913 1156 338 818 247 440 108 734 923 658 576 112 265 255 162 97 464 291 213 102
internal_count=13509 404 302 232 13105 8565 4540 2187 2079 2353 1913 1156 338 818 247 440 108 734 923 658 576 112 265 255 162 97 464 291 213 102
is_linear=0
shrinkage=0.05


Tree=219
num_leaves=31
num_cat=0
split_feature=1 14 15 1 14 1 15 1 1 12 1 12 6 6 12 1 14 10 14 15 14 12 12 0 6 6 13 14 14 12
split_gain=4.4242 7.71768 12.4946 7.04179 5.83625 5.15286 4.59275 10.4021 11.876 12.4225 11.7803 10.625 10.5265 10.2041 9.1374 10.4635 8.60827 14.0854 8.52 15.2218 8.26814 7.94807 7.6445 7.93901 7.48485 6.42533 6.00582 5.66359 5.34913 6.16331
threshold=29.166940789473689 2536.1250000000005 2614.6250000000005 28.793914473684215 3210.2500000000005 29.959237938596498 3356.3750000000005 14.941228070175441 17.151864035087723 0.84660111278280559 14.321491228070178 -0.9905448150984083 294.68421052631589 6.1973684210526327 0.23746817830764474 12.131414473684213 3777.6250000000005 0.27694220057652758 3764.6250000000005 4031.0000000000005 2981.3750000000005 0.80033572242307993 0.71953851835684701 19.288157894736848 189.61842105263165 86.328947368421083 0.88917497572200743 3261.6250000000005 3483.5000000000005 0.28313881758084386
decision_type=2 10 10 2 10 2 8 2 2 2 2 2 2 2 2 2 10 2 10 8 10 2 2 2 2 2 2 10 10 2
left_child=3 2 -2 6 -5 -3 16 10 -9 13 11 -8 20 -10 -14 27 -1 -18 19 22 21 -13 23 -15 -25 -23 28 -16 29 -26
right_child=1 5 -4 4 -6 -7 7 8 9 -11 -12 12 14 18 15 -17 17 -19 -20 -21 -22 25 -24 24 26 -27 -28 -29 -30 -31
leaf_value=0.0048727818444604058 0.36885582700872988 0.71943343566219942 -4.3452939550095042 -1.6086429932928696 0.15637569221321429 -0.18516525602650519 -1.3803537074961696 -1.6618277483521524 -2.3035621198111587 -1.3929412001901029 2.1618726659003871 1.6001796799337968 -1.9728019969063553 0.59497941127642662 2.0759959635676069 0.99163570042137517 4.1130348960203262 -0.45404595314851126 -0.8158993339332028 3.3435831539547509 0.0079434944414856542 -1.1562596901188045 2.2908915974738195 -1.8546207223852207 -1.03240002556322 1.7242563696334856 1.9000989950853864 -1.5490396870963197 -0.75075089084352842 1.3853737676215134
leaf_weight=10134 72 231 44 63 43 68 49 115 47 130 40 186 113 81 41 62 90 47 189 74 974 46 80 46 68 40 56 137 53 65
leaf_count=10134 72 231 44 63 43 68 49 115 47 130 40 186 113 81 41 62 90 47 189 74 974 46 80 46 68 40 56 137 53 65
internal_value=-0.000148313 0.00492788 -0.00598291 -0.00030987 -0.0130841 0.00916667 -0.000204412 -0.00204233 -0.00606965 -0.00410112 0.00035524 -0.000303214 0.00040625 -0.00164474 -0.00720339 -0.00165975 0.000277453 0.0126812 -0.000140252 0.00314885 0.00256616 0.0102564 -0.000333333 -0.00337838 -0.00726644 -0.00229885 -0.0037037 -0.00782123 -0.00802139 -0.00261194
internal_weight=13484 415 116 13069 106 299 12963 2692 1004 889 1688 1648 1599 759 353 240 10271 137 712 523 1246 272 449 369 288 86 242 178 186 133
internal_count=13484 415 116 13069 106 299 12963 2692 1004 889 1688 1648 1599 759 353 240 10271 137 712 523 1246 272 449 369 288 86 242 178 186 133
is_linear=0
shrinkage=0.05


Tree=220
num_leaves=31
num_cat=0
split_feature=13 6 15 1 10 3 6 15 10 10 12 15 14 10 15 1 14 14 10 10 12 1 1 3 8 15 15 15 6 14
split_gain=6.86959 8.40517 4.93328 4.89017 10.0836 8.35085 9.02498 8.04734 7.27173 15.2911 13.3466 11.9474 8.2127 7.18537 7.16576 11.9807 12.2784 9.41869 11.7344 8.67984 8.67658 11.6754 8.34113 12.6025 9.05871 7.93122 7.75302 7.69368 19.2835 12.3617
threshold=0.99897831515029056 55.76315789473685 4186.2500000000009 8.6816885964912291 0.97696484778429815 10.855263157894738 249.63157894736847 1832.6250000000002 -0.082689790342551819 -0.46801505794253101 0.66045618230038983 2900.3750000000005 2368.1250000000005 -0.30983472475487867 3493.3750000000005 9.2895010964912306 3017.3750000000005 3098.6250000000005 -0.26866367175705824 0.69056404122701587 0.23746817830764474 11.859566885964915 10.14701206140351 5.9065789473684216 2.5000000000000004 3433.7500000000005 2504.2500000000005 2996.6250000000005 2.0131578947368429 2495.3750000000005
decision_type=2 2 10 2 2 2 2 10 2 2 2 10 10 2 10 2 10 10 2 2 2 2 2 2 2 10 10 8 2 10
left_child=2 -2 3 4 5 6 7 -1 9 11 12 -9 -10 -7 17 -16 -17 27 26 22 -21 -22 24 -24 -18 -20 -19 -5 29 -29
right_child=1 -3 -4 14 -6 13 -8 8 10 -11 -12 -13 -14 -15 15 16 19 18 25 20 21 -23 23 -25 -26 -27 -28 28 -30 -31
leaf_value=-0.67112960731916482 -0.018860341622917078 -2.701897162931914 0.50032697860165176 -0.0053017314653970972 -2.3854419539506808 0.46765314365993621 -0.29843700641599752 0.088233585792909255 0.54006411978378999 -0.11991287859846125 0.27367783819713626 5.7925926246811743 3.1307984907791253 -0.18247128646664806 -1.4013086495256062 0.84569712562126831 1.9630742599814539 1.1380059413426922 -0.15459798839808628 -2.1947683562130806 -0.015213973669187909 4.1521749247028197 -0.51333000181357424 -2.260529060872432 -0.66627849685776264 0.95678450030962958 0.19253989270525837 -3.3583652319643762 -0.11517656155567693 -0.86431497342472319
leaf_weight=40 109 66 89 6424 50 70 200 77 74 277 349 51 165 480 132 236 85 190 979 46 113 64 643 43 95 94 1151 56 843 224
leaf_count=40 109 66 89 6424 50 70 200 77 74 277 349 51 165 480 132 236 85 190 979 46 113 64 643 43 95 94 1151 56 843 224
internal_value=-0.000129476 -0.00994318 0 -7.92333e-05 0.00231734 0.00294283 0.0052269 0.00710832 0.00799799 0.00283251 0.011545 0.0170543 0.020625 -0.00217786 -0.000464139 -0.003738 -0.00230015 1.50572e-05 0.00273292 -0.00454128 0.00424107 0.00926966 -0.00680507 -0.00931587 0.00276243 -0.00116387 0.00584948 -0.000854531 -0.00467082 -0.0160142
internal_weight=13515 175 13340 13251 1833 1783 1233 1033 993 405 588 128 239 550 11418 1457 1325 9961 2414 1089 223 177 866 686 180 1073 1341 7547 1123 280
internal_count=13515 175 13340 13251 1833 1783 1233 1033 993 405 588 128 239 550 11418 1457 1325 9961 2414 1089 223 177 866 686 180 1073 1341 7547 1123 280
is_linear=0
shrinkage=0.05


Tree=221
num_leaves=31
num_cat=0
split_feature=8 7 12 7 14 8 12 1 1 12 7 7 14 6 10 12 12 1 5 12 12 14 2 14 14 0 13 10 10 14
split_gain=6.14826 16.3514 11.8473 10.3497 15.6787 13.2239 13.1048 10.6273 16.805 12.0902 10.3311 9.43052 12.5668 10.8214 9.9769 9.86296 9.44804 9.38506 14.6517 9.34013 12.6232 8.71658 10.8152 7.56432 13.9025 10.206 7.5231 7.48751 7.4592 8.15763
threshold=4.5000000000000009 1.5000000000000002 0.38044714639866822 14.500000000000002 3619.8750000000005 5.5000000000000009 -0.96235977360714686 15.521737938596493 9.7308662280701768 0.83373797915484082 2.5000000000000004 12.500000000000002 2859.6250000000005 68.539473684210535 -0.9905448150984083 0.88119114410046628 0.98091558679606194 9.1594298245614052 7.0074529085872577 0.95239763423914636 0.57957876984334955 2268.1250000000005 11.68157894736842 2912.6250000000005 2536.1250000000005 8.0697368421052662 -0.022576210847469604 0.77244481603295057 -0.96235977360714686 2468.3750000000005
decision_type=2 2 2 2 8 2 2 2 2 2 2 2 8 2 2 2 2 2 2 2 2 8 2 10 8 2 2 2 2 8
left_child=10 2 -2 11 5 19 -7 8 17 -9 -1 13 -13 15 -15 23 -17 18 -8 20 -5 27 28 24 26 -25 -3 -16 -23 -30
right_child=1 3 -4 4 -6 6 7 9 -10 -11 -12 12 -14 14 21 16 -18 -19 -20 -21 -22 22 -24 25 -26 -27 -28 -29 29 -31
leaf_value=-0.16009343122317432 1.1459247126013339 -0.6068194488889731 -0.086585697774938811 -0.24429931384102022 1.0611218900133623 1.7098900386110132 -0.9105491986934795 0.9318458868685866 -0.83971709974842956 -0.7587201185215009 0.068571532272665089 -0.071357052978618191 -2.1113407676790077 1.9616535325890709 -2.3394410854373575 0.89546684377042995 -0.36161667462186531 2.1101301789001581 0.45928090068385929 0.20329860919651993 -1.433092667166352 -1.6588215544930791 -0.40128424022877884 -1.3604402092514079 -2.0048748141217856 0.99662131633876927 -0.062458376227675673 -0.028171580714820267 0.95752675591013492 0.11478421695439921
leaf_weight=1179 203 275 122 449 82 76 61 240 165 76 8396 168 145 45 62 83 42 43 78 78 107 41 57 48 95 55 216 68 83 604
leaf_count=1179 203 275 122 449 82 76 61 240 165 76 8396 168 145 45 62 83 42 43 78 78 107 41 57 48 95 55 216 68 83 604
internal_value=1.48776e-05 -0.00166753 0.00904908 -0.00265312 0.000583791 -0.000691412 0.00385135 0.00158133 -0.00445402 0.00820189 0.000694444 -0.004909 -0.0128981 -0.00349296 0.000104058 -0.00773006 0.00515873 0.00601093 -0.000357143 -0.00598425 -0.00825853 -0.00103712 0.000954198 -0.0100725 -0.0122658 0.00240385 -0.00884146 -0.0129771 0.00260631 0.00385174
internal_weight=13442 3867 325 3542 1455 1373 739 663 347 316 9575 2087 313 1774 960 814 125 182 139 634 556 915 785 689 586 103 491 130 728 687
internal_count=13442 3867 325 3542 1455 1373 739 663 347 316 9575 2087 313 1774 960 814 125 182 139 634 556 915 785 689 586 103 491 130 728 687
is_linear=0
shrinkage=0.05


Tree=222
num_leaves=31
num_cat=0
split_feature=13 10 15 14 12 6 1 0 5 14 13 15 12 7 10 8 9 8 10 15 6 14 12 7 12 15 6 8 1 1
split_gain=7.07963 17.7305 13.7814 11.6172 11.4874 9.95279 7.3909 7.57821 11.6724 7.35294 11.4987 10.0449 6.85563 9.2621 10.2224 8.8543 8.78132 6.96223 13.7133 9.31435 8.70992 6.53163 7.08549 7.53788 7.05894 6.96463 16.1775 8.74614 10.9544 11.2434
threshold=0.92520893929334658 -0.082689790342551819 2145.8750000000005 2239.1250000000005 0.31596169403973995 230.89473684210529 10.374725877192985 10.740789473684213 7.1580512465373962 3578.2500000000005 -0.70291145964310642 2908.3750000000005 -0.091260668982868151 7.5000000000000009 0.091259403071267925 5.5000000000000009 1.0000000180025095e-35 2.5000000000000004 0.022575936829235418 2388.5000000000005 68.539473684210535 3194.3750000000005 0.99898004730802425 8.5000000000000018 0.99463153969809781 3143.1250000000005 0.80263157894736847 1.5000000000000002 29.166940789473689 11.765268640350881
decision_type=2 2 10 10 2 2 2 2 2 10 2 8 2 2 2 2 2 2 2 10 2 10 2 2 2 8 2 2 2 2
left_child=6 2 -2 -4 5 -5 -1 8 -8 21 -11 -12 13 -3 -15 16 17 18 20 -20 -14 22 24 -24 25 27 -27 -9 29 -29
right_child=1 12 3 4 -6 -7 7 9 -10 10 11 -13 15 14 -16 -17 -18 -19 19 -21 -22 -23 23 -25 -26 26 -28 28 -30 -31
leaf_value=0.12912539696310432 0.97173451000205668 -1.1952721190626789 -3.0101077875896696 -0.78965046985763365 -3.424306923021311 1.8001794490297358 -0.29213899918049718 0.22563168459599867 0.65252802047730263 -3.5034006150189274 1.1111570403780207 -0.43996162229541369 0.24496491083864386 3.434686642454972 0.034893131586932212 -0.85534783701352812 -1.0766291065238078 -0.14645908792693946 1.5146264507130753 8.1885171884930283 -2.0044352064649047 0.20518391053260532 -0.076270918896091194 2.9839857911653329 -1.026627897995138 -2.1947913914725974 -0.11040676594162734 0.85099716983802409 0.79328145177221365 -0.077020422498344496
leaf_weight=2974 44 78 52 188 40 52 745 1393 94 45 57 487 78 71 80 117 76 293 40 55 50 1517 41 59 104 140 768 94 73 3567
leaf_count=2974 44 78 52 188 40 52 745 1393 94 45 57 487 78 71 80 117 76 293 40 55 50 1517 41 59 104 140 768 94 73 3567
internal_value=-8.9067e-05 -0.00357414 -0.0127321 -0.0162162 -0.0120996 -0.00788382 0.000287853 -0.000413718 -0.00494048 4.19363e-05 -0.00533898 -0.00330275 0.000106496 0.0076087 0.0148026 -0.00232394 0.000168634 0.00251451 0.00915179 0.0234375 -0.00155039 0.000451205 -0.000264423 0.0128713 -0.000480456 -0.000256793 -0.00429043 0.000458268 -0.000803213 -0.00118788
internal_weight=13472 1314 376 332 280 240 12158 9184 839 8345 589 544 938 229 151 709 592 516 223 95 128 7756 6239 100 6139 6035 908 5127 3734 3661
internal_count=13472 1314 376 332 280 240 12158 9184 839 8345 589 544 938 229 151 709 592 516 223 95 128 7756 6239 100 6139 6035 908 5127 3734 3661
is_linear=0
shrinkage=0.05


Tree=223
num_leaves=31
num_cat=0
split_feature=12 11 11 10 8 1 1 10 10 3 3 1 12 3 11 11 6 0 1 0 0 12 12 1 1 1 0 8 1 1
split_gain=8.00955 5.48906 23.5 12.3006 10.4829 7.79139 14.2928 8.56442 8.82495 6.60119 6.42994 10.209 6.84806 5.61744 5.52993 18.3551 5.51822 6.04347 6.62899 12.0086 9.12426 5.4774 8.76487 10.2263 17.341 6.40232 5.35126 5.91284 5.34667 7.71758
threshold=0.99994162507853945 0.97832380634958016 0.97461712852231652 -0.082689790342551819 2.5000000000000004 10.949259868421054 10.709375000000003 -0.67803021058859214 -0.61237985104942771 3.3565789473684222 8.2013157894736857 11.177412280701756 0.89404822654372251 1.6407894736842101 -0.35042475891464198 -0.27694043983797384 178.89473684210529 5.3039473684210536 7.6205043859649138 8.7210526315789512 7.5960526315789485 0.80417553764032002 0.63423707282422626 12.574013157894738 12.807785087719299 12.224424342105268 11.285526315789477 3.5000000000000004 6.2878015350877208 6.4061129385964932
decision_type=2 2 2 2 2 2 2 2 2 2 2 2 2 2 2 2 2 2 2 2 2 2 2 2 2 2 2 2 2 2
left_child=1 2 5 4 -3 6 7 -1 -9 -7 11 -11 14 -10 -13 -16 17 -5 19 -19 -20 22 -17 -24 -25 -23 27 -22 -15 -30
right_child=-2 3 -4 16 -6 9 -8 8 13 10 -12 12 -14 28 15 21 -18 18 20 -21 26 25 23 24 -26 -27 -28 -29 29 -31
leaf_value=-0.39707102319798654 1.8933774877913494 -3.6959420866101085 2.7756750074904972 -0.33031008871295742 -0.12826477700814395 -0.0081248870877743684 0.85273288652665546 1.1077228360164442 -2.4436767918549211 -1.2343306373336418 0.40337106252945321 0.083052535366323357 0.81321750193043274 -0.32153518939262543 -1.8297043045351531 -0.2333451201693606 -1.6593133045490049 1.3429949372306511 -0.90954506412635971 -0.96270966020883864 3.9212874190208482 -0.051454148829066071 1.6230705848549634 -2.3432201087799287 1.482262614453066 -2.4936715305001145 -0.2458553446898975 0.039595005530736672 2.1751767652558671 0.11816053306595223
leaf_weight=89 40 114 74 182 151 7363 137 84 40 65 72 299 42 276 83 939 96 125 61 41 54 41 79 50 43 47 64 59 42 2657
leaf_count=89 40 114 74 182 151 7363 137 84 40 65 72 299 42 276 83 939 96 125 61 41 54 41 79 50 43 47 64 59 42 2657
internal_value=-0.00011473 -0.000181886 9.58237e-05 -0.00385021 -0.0129699 -7.2295e-05 0.0019994 0.00131703 0.00175806 -0.000827488 -0.00357751 -0.00420367 -0.00341749 0.00130968 -0.0039507 -0.00537802 -0.000292826 0.00153322 0.00493827 0.0125749 -0.00041841 -0.00379167 -0.00283273 0.00751445 -0.0037234 -0.0157303 0.00533708 0.0118421 0.0015625 0.00224074
internal_weight=13509 13469 12522 947 265 12448 3325 3188 3099 9123 1760 1688 1623 3015 1581 1282 682 586 404 166 238 1199 1111 172 93 88 177 113 2975 2699
internal_count=13509 13469 12522 947 265 12448 3325 3188 3099 9123 1760 1688 1623 3015 1581 1282 682 586 404 166 238 1199 1111 172 93 88 177 113 2975 2699
is_linear=0
shrinkage=0.05


Tree=224
num_leaves=31
num_cat=0
split_feature=1 15 1 11 7 15 12 12 11 1 8 1 7 1 14 12 7 15 14 11 12 0 12 14 11 12 12 8 12 12
split_gain=7.33965 6.10215 6.6136 11.7801 11.6648 7.79966 11.7287 10.2574 10.1183 18.2404 12.617 23.9923 15.7512 22.7778 27.889 10.072 9.28849 9.22993 13.0439 9.11777 21.228 11.5166 11.0911 8.88519 9.43643 11.1617 8.33433 11.8694 10.3014 12.8734
threshold=29.166940789473689 1644.6250000000002 14.882976973684213 0.48877522411129348 17.500000000000004 3365.1250000000005 -0.23432901867687267 0.21652696009750597 0.36447543099728863 16.20326206140351 1.5000000000000002 17.096299342105269 14.500000000000002 16.544353070175443 1813.1250000000002 0.38044714639866822 12.500000000000002 2637.1250000000005 2360.1250000000005 -0.59177783207548873 0.81425425632861714 17.748684210526317 0.91161058030431363 3818.2500000000005 -0.98372925196996197 0.14889030080148793 -0.91597725483594616 2.5000000000000004 -0.79384350655589164 -0.75015329512557194
decision_type=2 8 2 2 2 10 2 2 2 2 2 2 2 2 10 2 2 8 10 2 2 2 2 10 2 2 2 2 2 2
left_child=1 -1 -3 5 -5 8 -7 -8 10 16 12 15 13 14 -4 -12 -10 -14 -19 22 21 -21 -15 24 25 -13 27 -26 -28 -30
right_child=-2 2 3 4 -6 6 7 -9 9 -11 11 23 17 19 -16 -17 -18 18 -20 20 -22 -23 -24 -25 26 -27 28 -29 29 -31
leaf_value=-0.32532096137266536 0.37049078869029017 0.038733441878844137 -0.098437074451226181 -2.1148871280200412 0.26546080301126268 -1.4449250677329701 0.81815472469950246 -0.44684719321643346 2.554577675210453 -0.084199519969638467 -0.52520060560761983 -0.12032098239874359 0.28055047184310528 0.18570415955733779 4.825997918510291 -2.4177178069792831 4.95925945446852 -2.6982810955455308 -0.2421906948892911 0.89482211169477077 2.7298111498097573 -0.85972206876238033 -1.3975866646911754 2.5557337757795153 -1.8165314572298259 -1.5514057221447957 0.64813240315382936 -0.020058054796163561 -1.5758742941904984 0.02430320254381968
leaf_weight=109 405 6609 61 149 42 179 126 588 46 161 799 79 226 258 116 40 46 69 265 117 69 115 85 46 58 51 292 108 78 2013
leaf_count=109 405 6609 61 149 42 179 126 588 46 161 799 79 226 258 116 40 46 69 265 117 69 115 85 46 58 51 292 108 78 2013
internal_value=-0.0003394 -0.000546112 -0.000446013 -0.00160751 -0.0138021 -0.00122292 -0.00553691 -0.00265734 -0.000480862 0.00925197 -0.00098059 -0.00255259 0.00307525 0.00748175 0.0233146 -0.00994048 0.0268817 -0.00338681 -0.00865672 0.00310078 0.00943709 0.00214592 -0.00247093 -0.000275128 -0.000652985 -0.0137405 1.96078e-05 -0.0107784 0.000776007 -0.000454111
internal_weight=13405 13000 12891 6282 191 6091 893 714 5198 253 4945 3564 1381 821 177 839 92 560 334 644 301 232 343 2725 2679 130 2549 166 2383 2091
internal_count=13405 13000 12891 6282 191 6091 893 714 5198 253 4945 3564 1381 821 177 839 92 560 334 644 301 232 343 2725 2679 130 2549 166 2383 2091
is_linear=0
shrinkage=0.05


Tree=225
num_leaves=31
num_cat=0
split_feature=8 7 7 8 12 12 12 12 15 13 8 12 15 13 7 6 15 8 13 3 12 12 15 12 10 7 8 15 15 13
split_gain=5.1484 10.904 9.44375 16.4304 12.9464 16.3591 12.5855 10.7431 12.2395 10.2533 8.82345 8.44029 8.1951 7.66475 7.17207 11.6043 6.93313 15.9823 12.4513 10.6991 9.77905 9.76431 6.92749 7.10078 8.25204 6.64733 10.307 17.4645 9.5293 21.2031
threshold=4.5000000000000009 1.5000000000000002 8.5000000000000018 5.5000000000000009 -0.95244167294248061 -0.88622299073327826 0.96231527631374336 0.91161058030431363 3068.3750000000005 0.93992883619806145 5.5000000000000009 0.97364703930971175 2127.8750000000005 0.9863035000474919 11.500000000000002 287.15789473684214 2223.1250000000005 5.5000000000000009 -0.51850034946736112 8.601315789473686 -0.90893575921103265 -0.13292143739675699 1682.1250000000002 0.95752911693909493 0.15951094710994371 2.5000000000000004 1.0000000180025095e-35 1975.1250000000002 2340.1250000000005 0.91423533665985768
decision_type=2 2 2 2 2 2 2 2 8 2 2 2 8 2 2 2 8 2 2 2 2 2 10 2 2 2 2 8 10 2
left_child=25 10 16 7 -5 -6 13 8 9 14 12 -9 -2 -7 15 -4 17 18 21 -18 -19 -3 -22 24 -24 26 27 -1 29 -27
right_child=1 2 3 4 5 6 -8 11 -10 -11 -12 -13 -14 -15 -16 -17 19 20 -20 -21 22 -23 23 -25 -26 28 -28 -29 -30 -31
leaf_value=-0.31256872808447728 1.9153607909954873 -1.0329535665096727 2.6035063309861473 1.0968606290674416 -1.119798008051214 0.30831861536389626 -0.83139452614243514 1.0015938046041128 -2.2753453135031805 0.60676997654934439 -0.047844248357432666 -0.15901711539223698 -0.12534283499636559 -0.79551038669342233 -0.70170050684394036 -0.44073281545756804 -0.20576946270052759 -1.4874336491320719 0.72896961694283391 -2.1282462884210078 0.4505102581477104 0.28926917683101011 -0.09584849590930844 0.27090693335755989 -1.0280033588764581 0.35625134088454619 -0.018466584185398462 -3.9769250375198908 0.0078402442545211677 -1.2815174068905208
leaf_weight=196 106 43 41 132 56 857 113 73 55 83 161 84 44 61 737 142 285 69 186 76 41 56 171 59 147 1301 965 41 7012 169
leaf_count=196 106 43 41 132 56 857 113 73 55 83 161 84 44 61 737 142 285 69 186 76 41 56 171 59 147 1301 965 41 7012 169
internal_value=-0.000213817 -0.00175303 -0.00253643 -0.000780287 0.00331967 0.00151654 0.00295543 -0.00489309 -0.00670444 -0.00542829 0.00721154 0.00727848 0.015894 0.00489663 -0.00694897 0.00190217 -0.00630511 -0.00362225 0.00576923 -0.0120166 -0.00911885 -0.0085 -0.00620525 -0.00833333 -0.0112853 0.000402685 -0.00307564 -0.012395 0.000895909 0.00455472
internal_weight=13562 3878 3567 2434 1219 1087 1031 1215 1058 1003 311 157 150 918 920 183 1133 772 285 361 487 99 418 377 318 9684 1202 237 8482 1470
internal_count=13562 3878 3567 2434 1219 1087 1031 1215 1058 1003 311 157 150 918 920 183 1133 772 285 361 487 99 418 377 318 9684 1202 237 8482 1470
is_linear=0
shrinkage=0.05


Tree=226
num_leaves=31
num_cat=0
split_feature=14 13 13 10 10 8 7 11 15 13 1 10 0 15 10 13 13 8 14 0 0 8 7 15 7 8 1 15 10 7
split_gain=7.99279 4.61078 14.0622 12.6856 11.7833 10.6508 10.9129 8.6212 6.95223 9.86241 7.72786 7.07917 5.89352 10.4335 19.49 9.75453 8.08523 5.52306 5.38787 7.00943 5.28445 4.69161 12.5548 16.3248 10.6421 17.8299 9.94317 10.2137 9.1476 9.1328
threshold=1615.5000000000002 0.90438663683299525 0.88917497572200743 -0.099819732675876835 0.21022171450811275 2.5000000000000004 12.500000000000002 0.98899263613956456 2440.3750000000005 0.93158198870884079 4.8951206140350889 0.15951094710994371 5.4710526315789485 3016.7500000000005 0.091259403071267925 0.97263757644091875 0.98901092807778201 4.5000000000000009 3973.3750000000005 24.985526315789478 17.653947368421054 1.5000000000000002 9.5000000000000018 2626.1250000000005 2.5000000000000004 1.0000000180025095e-35 12.712253289473686 2029.8750000000002 0.99466373373798567 19.500000000000004
decision_type=8 2 2 2 2 2 2 2 10 2 2 2 2 10 2 2 2 2 10 2 2 2 2 8 2 2 2 8 2 2
left_child=-1 2 21 5 -4 7 -7 20 9 -5 -10 -11 -12 15 18 -14 -17 -8 19 -15 -3 22 24 -24 25 -2 -27 -28 -26 -25
right_child=1 3 4 8 -6 6 17 -9 10 11 12 -13 13 14 -16 16 -18 -19 -20 -21 -22 -23 23 29 28 26 27 -29 -30 -31
leaf_value=-0.86357019830686577 -0.67468865441738901 0.025660755886133303 0.15886566180652154 -1.1377453905673292 6.2441183808172358 0.31579584836722463 -0.086198369126418595 -4.5111499290428076 5.3826565771465198 -0.16900294216347903 -0.68628334576420125 1.9968613144222787 1.6427710075873847 0.38262880041195335 -2.0900017694619009 -2.0799772566745673 0.45914918496823703 -1.5868272747799894 -0.15462474300629767 3.321773537892216 -4.2577201183143529 -0.012362820991052105 0.60115216665305982 -0.11429401796206094 0.54286993011990037 1.6264602315249364 1.0088413960628146 -0.59303833701810049 3.3798553305876116 -1.0259825543733769
leaf_weight=55 212 45 73 52 57 116 53 78 46 366 48 41 67 73 85 40 147 54 49 40 48 8448 439 1378 935 63 63 72 43 165
leaf_count=55 212 45 73 52 57 116 53 78 46 366 48 41 67 73 85 40 147 54 49 40 48 8448 439 1378 935 63 63 72 43 165
internal_value=0.000100357 0.000179145 0.000502134 -0.00248447 0.0167939 -0.0101266 -0.00290179 -0.0194767 0.000379147 -0.00423913 0.00394295 -0.00159314 0.00227273 0.00388446 -0.00342742 0.0109804 0.00505319 -0.0143519 0.00674847 0.0127193 -0.00904255 0.000321516 0.00189855 -0.000655572 0.00554356 -0.00121655 0.00954774 0.00183824 0.00837589 -0.00307642
internal_weight=13451 13396 11948 1448 130 394 223 171 1054 459 595 407 549 501 247 254 187 107 162 113 93 11818 3370 1982 1388 410 198 135 978 1543
internal_count=13451 13396 11948 1448 130 394 223 171 1054 459 595 407 549 501 247 254 187 107 162 113 93 11818 3370 1982 1388 410 198 135 978 1543
is_linear=0
shrinkage=0.05


Tree=227
num_leaves=31
num_cat=0
split_feature=8 6 12 12 12 6 10 10 10 11 15 14 6 10 15 14 12 14 15 10 10 0 15 11 15 13 14 12 12 13
split_gain=4.97366 9.77626 10.5115 16.9245 11.2157 9.76435 9.47154 20.7288 14.049 11.2866 12.6595 12.3364 10.0038 8.94581 7.73769 13.9066 10.1921 8.44928 14.7564 12.6774 18.7649 7.81482 7.52711 7.20794 7.01837 6.86592 6.66111 14.2382 27.5323 7.40805
threshold=3.5000000000000004 867.18421052631595 -0.96688789938088693 -0.90163369914317015 -0.998663445439673 16.736842105263161 0.98213580174693105 0.95998215779580554 0.95752911693909493 -0.065537083312030994 2177.1250000000005 2184.1250000000005 0.80263157894736847 -0.54220184589352438 2202.0000000000005 2154.1250000000005 -0.7614135502316719 3230.1250000000005 2504.2500000000005 0.039769539193789977 0.17646842360078763 23.751315789473686 2820.1250000000005 -0.40613878790836594 4105.3750000000009 -0.51850034946736112 3578.2500000000005 -0.9470547246821871 -0.82415234898030387 0.88118961618000469
decision_type=2 2 2 2 2 2 2 2 2 2 10 10 2 2 10 10 2 10 10 2 2 2 10 2 10 2 10 2 2 2
left_child=24 2 4 13 5 -2 7 8 14 -8 11 -11 -9 -4 21 -16 -17 -18 25 22 -21 -5 -20 -24 26 -19 -1 -28 -29 -30
right_child=1 -3 3 6 -6 -7 9 12 -10 10 -12 -13 -14 -15 15 16 17 18 19 20 -22 -23 23 -25 -26 -27 27 28 29 -31
leaf_value=0.053713655023466346 0.15145941331144855 -1.557318219635522 -1.8304814524671658 0.02176642630713559 0.85779707116273585 -1.0576483204485272 -1.2499962639982642 0.40147700069290981 -2.1696628950614922 -0.18612893721254978 -0.71609988909020794 1.7646027937941484 2.6012763065120055 -0.36659598756056655 -1.6471939641001996 -0.74242231404507497 -0.12940980606387029 2.504612486453448 0.56733247389056485 3.6308156076347586 0.11449758538416291 0.99618610074031722 -1.4039951283346683 -0.055824572584083403 0.90918250014215118 0.42126112604937593 -1.9998112425193542 3.5770224677312856 -0.46473626977151528 0.45227106147081031
leaf_weight=6593 90 124 118 1389 339 80 127 53 41 65 164 46 60 130 73 253 1496 45 79 44 384 135 189 206 159 40 44 61 608 177
leaf_count=6593 90 124 118 1389 339 80 127 53 41 65 164 46 60 130 73 253 1496 45 79 44 384 135 189 206 159 40 44 61 608 177
internal_value=-0.000260941 -0.00136891 -0.00106251 -0.00174192 0.00578431 -0.00467836 -0.00109407 -0.000434492 -0.000982857 -0.00843672 -0.00271739 0.0102679 0.020614 -0.0144578 -0.000703738 -0.00225979 -0.00168067 -0.000704509 0.00288462 0.000996678 0.00722611 0.00216393 -0.00463158 -0.00744949 0.00057569 0.0226744 0.000354089 -0.0037037 -0.00224321 -0.00477099
internal_weight=13412 5770 5646 5137 509 170 4889 4487 4374 402 275 111 113 248 4333 2809 2736 2483 987 902 428 1524 474 395 7642 85 7483 890 846 785
internal_count=13412 5770 5646 5137 509 170 4889 4487 4374 402 275 111 113 248 4333 2809 2736 2483 987 902 428 1524 474 395 7642 85 7483 890 846 785
is_linear=0
shrinkage=0.05


Tree=228
num_leaves=31
num_cat=0
split_feature=14 7 7 13 4 7 11 10 11 0 6 7 11 14 11 12 12 3 1 10 10 11 6 0 1 1 13 12 12 14
split_gain=8.37662 7.2905 7.74336 9.83 8.38775 7.86297 10.8641 8.60224 6.86438 8.25225 6.53312 9.51689 14.2101 10.0885 14.5735 9.07477 11.5786 10.3167 10.4558 9.84298 32.605 14.3797 9.76623 9.31018 7.98858 13.7841 9.68035 10.2166 8.38928 8.19332
threshold=4265.8750000000009 22.500000000000004 6.5000000000000009 -0.8697618612574799 1.8051319252077576 2.5000000000000004 0.14888728888808328 0.99761913169647187 0.92191100909954782 9.2802631578947388 434.03947368421058 14.500000000000002 0.14888728888808328 2961.8750000000005 0.029024409397335523 0.95752911693909493 0.77241981449888963 7.0592105263157903 10.648108552631582 -0.92274349529687905 -0.76141707087277943 0.26659387353423869 6.1973684210526327 24.985526315789478 24.819819078947372 9.8209978070175463 -0.32003627663099971 0.90892735371523092 0.86113431103781346 3079.6250000000005
decision_type=10 2 2 2 2 2 2 2 2 2 2 2 2 8 2 2 2 2 2 2 2 2 2 2 2 2 2 2 2 10
left_child=1 2 3 5 -5 6 -1 -7 9 -3 11 12 13 -4 -15 16 19 18 22 21 -21 -13 -17 -20 25 -18 27 28 -27 -26
right_child=-2 8 10 4 -6 7 -8 -9 -10 -11 -12 15 -14 14 -16 17 24 -19 23 20 -22 -23 -24 -25 29 26 -28 -29 -30 -31
leaf_value=-0.3046024029247747 1.4413714268942386 0.48609514239807938 1.830435637421681 -0.098480018972520622 -1.5729058275681496 0.27324288377781158 1.0387049665506198 3.3073434983501446 -0.86980932980396808 -0.47346239819983116 -0.12000183060172276 -0.11675444515337859 0.14287584480568968 0.037463710675410766 3.8436906398706925 0.99276339237125066 0.26351260559567891 -0.21085661640806849 -1.2768939309979033 1.3424630050537871 0.0026675758168266841 -1.0587162368070495 0.29516998187059473 0.90273771432807737 -0.50388280733520785 -0.3782820785487957 -2.0543405979468616 0.73598213702634896 -1.9220844765195353 0.61857322326247877
leaf_weight=231 43 98 262 3218 44 334 62 50 66 387 2287 495 1787 345 74 66 137 90 80 239 2388 94 48 125 71 65 104 49 43 69
leaf_count=231 43 98 262 3218 44 334 62 50 66 387 2287 495 1787 345 74 66 137 90 80 239 2388 94 48 125 71 65 104 49 43 69
internal_value=-0.000189563 -0.000261019 -1.94431e-05 -0.00186548 -0.00300337 0.00361357 -0.00255102 0.00831169 -0.00588768 -0.00380658 0.000796053 0.00159077 0.00405022 0.0101906 0.00535714 0.000132085 -0.000639148 0.00719512 0.0114062 0.000497358 0.00180746 -0.00533898 0.0234783 0.00461165 -0.00742115 -0.0110276 -0.0177481 -0.00981013 -0.0183486 0.00283688
internal_weight=13451 13408 12857 3939 3262 677 293 384 551 485 8918 6631 2468 681 419 4163 3754 409 319 3216 2627 589 114 205 538 398 261 157 108 140
internal_count=13451 13408 12857 3939 3262 677 293 384 551 485 8918 6631 2468 681 419 4163 3754 409 319 3216 2627 589 114 205 538 398 261 157 108 140
is_linear=0
shrinkage=0.05


Tree=229
num_leaves=31
num_cat=0
split_feature=14 13 14 13 8 11 10 6 1 10 10 1 8 1 0 14 10 14 15 0 10 11 0 14 6 0 14 6 1 1
split_gain=6.14259 4.59749 7.42204 5.40551 11.4536 10.0106 8.55078 6.92151 9.64404 5.26103 15.9958 22.649 8.83796 7.98611 6.3649 6.38888 5.59174 6.90906 12.0852 9.06058 6.82398 15.0886 13.8532 10.4579 7.94928 6.70266 6.65292 8.79538 11.1566 7.89913
threshold=4265.8750000000009 -0.99864786094873803 2814.1250000000005 -0.99467580659249177 3.5000000000000004 -0.031174269516803289 0.99466373373798567 484.76315789473693 12.970120614035089 0.97875492728876534 0.98213580174693105 15.323410087719301 1.5000000000000002 11.909402412280704 14.91184210526316 2294.3750000000005 0.84313847884979054 2037.1250000000002 1967.8750000000002 10.872368421052634 0.92922379131507438 0.33222858587828868 17.748684210526317 2952.3750000000005 148.63157894736847 9.8276315789473703 1762.1250000000002 20.434210526315791 14.842927631578949 15.597341008771933
decision_type=10 2 10 2 2 2 2 2 2 2 2 2 2 2 2 10 2 10 10 2 2 2 2 10 2 2 10 2 2 2
left_child=1 2 -1 4 -3 -6 9 8 -8 16 -11 12 13 -12 15 -14 -5 19 -19 25 -20 22 23 24 -22 -18 29 28 -28 -21
right_child=-2 3 -4 6 5 -7 7 -9 -10 10 11 -13 14 -15 -16 -17 17 18 20 26 21 -23 -24 -25 -26 -27 27 -29 -30 -31
leaf_value=-1.3433001694742643 1.2775978178084644 1.7604268691274456 0.20868695184476566 0.016605218089580376 0.33554593908984887 -0.80894366794281047 -0.91385691803452573 -2.2275538759859272 1.2115369155507894 2.0236240450307377 -2.128146178794259 -1.4280553010667292 0.86348552077574825 0.78479735002945294 -0.18831025516028604 1.3253889076532461 0.067581127468179153 -2.3017093057336524 -0.54832690661825156 -1.2763210625985835 -0.15175905894254813 2.3377088502011705 2.5979704048282883 -1.7119919329323581 2.1089203988291048 -1.7044215985523465 1.353996709158247 2.3021248372664331 -0.20444435832822594 0.47231283942973051
leaf_weight=129 52 76 106 10677 98 66 107 45 63 79 62 56 69 41 56 115 83 49 565 61 165 61 55 208 47 57 54 75 82 71
leaf_count=129 52 76 106 10677 98 66 107 45 63 79 62 56 69 41 56 115 83 49 565 61 165 61 55 208 47 57 54 75 82 71
internal_value=-7.39044e-06 -7.41895e-05 -0.00699153 4.90788e-05 0.00746888 0 -8.84343e-05 -0.0099537 -0.00526316 7.81922e-05 0.00521921 0.001125 0.0059593 -0.00625 0.0112033 0.0156757 -0.000121842 -0.00284578 -0.00495222 0.00216942 -0.00385662 0.00018622 -0.00283613 -0.00593824 0.00187793 -0.00851064 0.0065407 0.0120283 0.00437956 -0.00225564
internal_weight=13530 13478 235 13243 240 164 13003 215 170 12788 478 399 343 103 240 184 12310 1633 1150 483 1101 536 475 420 212 140 343 211 136 132
internal_count=13530 13478 235 13243 240 164 13003 215 170 12788 478 399 343 103 240 184 12310 1633 1150 483 1101 536 475 420 212 140 343 211 136 132
is_linear=0
shrinkage=0.05


Tree=230
num_leaves=31
num_cat=0
split_feature=4 1 6 8 0 15 15 11 1 0 15 13 11 10 10 10 1 13 10 11 1 1 1 6 6 14 1 4 10 15
split_gain=5.01963 4.9443 3.83039 12.8411 7.58342 7.40461 5.34732 10.268 9.36755 5.30413 14.8494 10.6608 15.9048 9.53123 11.7667 7.95307 7.84459 14.4011 12.1507 9.73912 7.10436 6.60674 5.63099 5.46446 5.27074 5.13435 8.47958 5.03557 6.56497 5.97791
threshold=23.780903739612189 29.959237938596498 668.90789473684231 3.5000000000000004 22.422368421052635 3603.2500000000005 3326.1250000000005 -0.86548532668110156 27.741803728070185 17.967105263157901 3284.6250000000005 -0.92272482904738262 -0.35846086284744721 0.69056404122701587 0.85226249403558707 0.58481550752069722 17.800137061403515 -0.82413948779581736 -0.95244167294248061 0.45847758937963173 23.37757675438597 21.145285087719305 16.776864035087723 175.90789473684217 712.85526315789491 2842.1250000000005 16.706140350877195 0.027424515235457251 0.14250626876356556 2151.8750000000005
decision_type=2 2 2 2 2 8 10 2 2 2 8 2 2 2 2 2 2 2 2 2 2 2 2 2 2 10 2 2 2 10
left_child=1 2 4 6 9 -5 7 -4 24 -1 11 -11 13 15 -15 20 18 -18 -14 22 23 -19 -20 -13 -8 26 -9 28 29 -22
right_child=-2 -3 3 5 -6 -7 8 25 -10 10 -12 12 16 14 -16 -17 17 21 19 -21 27 -23 -24 -25 -26 -27 -28 -29 -30 -31
leaf_value=0.016851851933188302 0.8126701207457927 -0.59716397408186028 3.4710383948643542 -0.40561290312402892 0.17363037246223031 -2.3485269559286053 -3.1152043338106981 0.71829382431169508 0.43323028009397152 -0.57949664327729811 -1.1633669370045936 -0.6222668349680589 -1.7500420796284744 -2.869482203222367 0.25542861043209086 1.4660683665930039 1.1394250055636803 1.3907982110910782 4.5836365815960907 -0.45925586901748833 1.2728464135328068 -0.63682382855890873 0.3473060950173249 0.806423724350259 -0.29117783916608458 0.94985272120150066 -1.8595980053186623 -0.089395361146796415 -0.10956554443318965 0.38779428864515925
leaf_weight=8622 50 80 79 435 1751 40 43 51 52 232 264 367 59 68 49 70 79 53 44 41 42 41 40 73 146 142 64 142 75 160
leaf_count=8622 50 80 79 435 1751 40 43 51 52 232 264 367 59 68 49 70 79 53 44 41 42 41 40 73 146 142 64 142 75 160
internal_value=2.97287e-05 -2.98396e-05 4.50281e-05 -0.002849 0.000293327 -0.00892857 0.00216263 0.00623145 -0.0035124 -0.000213838 -0.00260526 -0.000825183 0.000819088 -0.00229226 -0.015678 -0.000591398 0.0099162 0.0175287 0.0027027 0.0115079 -0.0019186 0.00421053 0.0211765 -0.00634921 -0.00868421 0.00135659 -0.00646552 0.0027381 0.00665468 0.01133
internal_weight=13454 13404 13324 1052 12272 475 577 336 241 10521 1899 1635 1403 1046 117 929 357 173 184 125 859 94 84 440 189 257 115 419 277 202
internal_count=13454 13404 13324 1052 12272 475 577 336 241 10521 1899 1635 1403 1046 117 929 357 173 184 125 859 94 84 440 189 257 115 419 277 202
is_linear=0
shrinkage=0.05


Tree=231
num_leaves=31
num_cat=0
split_feature=12 1 1 15 1 14 14 6 2 15 14 8 15 2 3 6 14 1 11 11 6 11 9 12 12 12 8 6 12 6
split_gain=6.05439 15.7767 9.29965 9.58295 8.97097 7.37569 9.35555 8.78593 5.06008 3.96441 15.0484 15.3264 15.0594 11.0769 9.37434 15.5441 8.11795 7.53554 6.78968 8.99079 18.1186 8.84043 9.39846 8.21701 12.0995 8.14892 6.6367 10.2742 12.1934 11.0173
threshold=-0.99467753128998015 15.521737938596493 13.951973684210527 2259.2500000000005 14.752165570175441 2165.7500000000005 2674.1250000000005 153.52631578947373 15.421052631578947 2340.1250000000005 2368.1250000000005 3.5000000000000004 2568.8750000000005 7.2105263157894752 0.72236842105263055 249.63157894736847 1718.8750000000002 4.468667763157895 -0.9497838742125716 -0.86548532668110156 79.500000000000014 -0.7444366621422277 1.0000000180025095e-35 -0.67803021058859214 -0.46801289393397988 -0.94139628442229062 1.0000000180025095e-35 372.44736842105272 0.78725952717486247 132.38157894736847
decision_type=2 2 2 8 2 10 10 2 2 8 10 2 8 2 2 2 10 2 2 2 2 2 2 2 2 2 2 2 2 2
left_child=1 2 5 -4 -5 -1 -7 -8 9 13 11 18 -13 14 16 17 -2 -16 -11 20 -20 -21 23 25 -25 -23 27 28 29 -12
right_child=8 -3 3 4 -6 6 7 -9 -10 10 26 12 -14 -15 15 -17 -18 -19 19 21 -22 22 -24 24 -26 -27 -28 -29 -30 -31
leaf_value=0.26887558012040247 1.0348083874569398 -1.9566961263391933 -0.16975130351175383 1.2390929167027935 0.8733882258383574 -2.0681615529834119 -0.96129901687352237 0.85777170329204189 1.0595878272389201 -1.876390513336105 1.168441413273581 -2.4984101637792495 -0.33598222397527028 -0.80906502365821786 -2.0748925454188796 1.4742482378381965 0.25641282527866455 -0.034627613904615377 -1.0437609178963159 -2.9766800475469495 8.0330801122905768 0.38975531158757803 -3.1304905418657487 0.95813142236770554 -0.10511254071989243 -1.7853827394977999 -0.024176624411632021 3.0252597612257319 -0.9191940526593726 -1.5294325154985928
leaf_weight=71 48 66 62 41 54 48 70 40 57 63 227 92 67 80 43 110 1548 2730 43 70 43 67 58 62 554 125 6684 82 135 65
leaf_count=71 48 66 62 41 54 48 70 40 57 63 227 92 67 80 43 110 1548 2730 43 70 43 67 58 62 554 125 6684 82 135 65
internal_value=-0.000277654 -0.00596026 -0.00206718 0.00727848 0.0171875 -0.00847826 -0.0144654 -0.00630631 -8.04351e-05 -0.000146188 -0.000788101 -0.00586345 -0.0203125 0.00104167 0.00137277 -0.000329404 0.00444584 -0.00106345 -0.00372928 -0.00273705 0.0126437 -0.00416222 -0.00276817 -0.0013597 0.00145867 -0.0103627 9.03531e-05 0.00558824 0.00245327 0.00819113
internal_weight=13505 452 386 157 95 229 158 110 13053 12996 8437 1244 159 4559 4479 2883 1596 2773 1085 1022 86 936 866 808 616 192 7193 509 427 292
internal_count=13505 452 386 157 95 229 158 110 13053 12996 8437 1244 159 4559 4479 2883 1596 2773 1085 1022 86 936 866 808 616 192 7193 509 427 292
is_linear=0
shrinkage=0.05


Tree=232
num_leaves=31
num_cat=0
split_feature=14 7 15 12 7 15 7 8 7 15 11 11 1 12 1 1 7 11 0 2 14 7 12 15 14 0 12 8 5 7
split_gain=6.36185 4.93951 6.73722 6.48972 6.04018 7.54643 16.1151 12.5576 13.1004 14.2595 12.8306 17.4101 11.44 10.9667 12.7939 11.4162 8.6604 8.03631 7.78728 11.2944 9.8849 8.54516 8.23433 14.1391 9.15156 11.7214 7.68202 9.59935 8.51133 7.3746
threshold=1615.5000000000002 22.500000000000004 2388.5000000000005 0.40024370752619226 6.5000000000000009 2864.3750000000005 9.5000000000000018 3.5000000000000004 20.500000000000004 2656.1250000000005 -0.72102888505294738 0.99981043035926087 11.428618421052633 0.93315540453694978 17.678536184210532 16.706140350877195 14.500000000000002 -0.72102888505294738 16.780263157894741 1.7552631578947386 3737.1250000000005 14.500000000000002 -0.82415234898030387 3660.5000000000005 3483.5000000000005 9.6407894736842135 -0.030099068566675755 3.5000000000000004 3.4887676592797789 12.500000000000002
decision_type=10 2 8 2 2 10 2 2 2 8 2 2 2 2 2 2 2 2 2 2 10 2 2 10 10 2 2 2 2 2
left_child=-1 4 3 -3 -2 7 13 8 10 -10 16 12 -12 14 15 26 -6 -15 22 21 -21 29 23 24 -8 -26 27 -7 -28 -20
right_child=1 2 -4 -5 5 6 18 -9 9 -11 11 -13 -14 17 -16 -17 -18 -19 19 20 -22 -23 -24 -25 25 -27 28 -29 -30 -31
leaf_value=-0.87302866642008903 -0.071976436250008644 -0.28204418152577093 -1.7643696420277593 0.29017466305126621 1.734747220883162 0.72099331401036582 0.65691127990512543 0.028121728336941487 0.31910746668202139 -0.52328032009975234 10.182781448417609 -1.7418793053158881 1.1367015389995687 -2.328223316356707 1.5655611916482259 -1.385454576623431 -0.65760946420157329 -0.095950814715160967 -1.0740332374159949 0.078422780553967189 -0.8555532965731345 -1.021912150382434 -0.065081225741369056 3.1142709481005797 2.6287503335525346 -1.3098705579917806 3.3999562732062487 -1.2291294234978523 0.20999133601212636 0.27634957996441473
leaf_weight=74 3897 344 61 172 76 276 191 2621 498 111 113 48 299 40 315 62 103 99 242 926 205 368 1649 44 40 82 95 91 137 170
leaf_count=74 3897 344 61 172 76 276 191 2621 498 111 113 48 299 40 315 62 103 99 242 926 205 368 1649 44 40 82 95 91 137 170
internal_value=-0.000144981 -6.35467e-05 -0.00458478 -0.00270793 0.000140636 0.000859357 -0.000417246 0.00251938 0.00664532 0.00139344 0.0116406 0.0160521 0.0193705 0.00488351 0.00675537 0.00279456 0.000277778 -0.00821429 -0.001927 -0.00421025 -0.0010159 -0.00883483 0.000249128 0.00712291 0.00334395 -0.00731707 0.00491667 0.000407609 0.0120172 -0.00387409
internal_weight=13449 13375 577 516 12798 8901 5032 3869 1248 609 639 460 412 1115 976 661 179 139 3917 1911 1131 780 2006 357 313 122 599 367 232 412
internal_count=13449 13375 577 516 12798 8901 5032 3869 1248 609 639 460 412 1115 976 661 179 139 3917 1911 1131 780 2006 357 313 122 599 367 232 412
is_linear=0
shrinkage=0.05


Tree=233
num_leaves=31
num_cat=0
split_feature=1 8 11 11 13 2 1 2 15 15 6 15 11 1 11 10 11 11 1 1 1 10 15 12 0 0 15 11 12 11
split_gain=6.87448 7.94903 5.28389 18.826 6.60933 7.26606 6.29104 5.40591 4.73059 14.1053 11.6408 9.33699 12.9408 9.03611 12.3551 10.248 6.68036 7.70419 7.73329 16.9191 6.64505 16.234 7.49414 8.59466 7.45205 12.5253 9.1117 6.30311 29.7177 7.46413
threshold=29.959237938596498 1.5000000000000002 0.97832380634958016 0.97461712852231652 0.9980355542543059 11.98421052631579 28.225054824561408 14.584210526315792 3117.3750000000005 3187.3750000000005 8.7236842105263186 3254.3750000000005 0.59003219687534991 23.141721491228076 -0.93237865822738086 0.49812943072827093 -0.90531874877253482 -0.8901731938066898 22.392434210526321 19.47853618421053 24.183634868421056 -0.91597725483594616 2881.5000000000005 0.90159200968320541 21.794736842105269 20.171052631578949 2730.8750000000005 -0.065537083312030994 0.38044714639866822 -0.031174269516803289
decision_type=2 2 2 2 2 2 2 2 8 10 2 10 2 2 2 2 2 2 2 2 2 2 10 2 2 2 10 2 2 2
left_child=2 -2 3 4 5 8 -7 -8 13 10 -10 12 -11 14 -1 20 -16 -18 19 27 24 -22 -23 -24 25 -15 -26 28 -19 -29
right_child=1 -3 -4 -5 -6 6 7 -9 9 11 -12 -13 -14 15 16 -17 17 18 -20 -21 21 22 23 -25 26 -27 -28 29 -30 -31
leaf_value=-1.7520309793132811 -3.0759791417852171 0.18197960106729172 -0.2370712506548216 2.2662514112263241 1.7791753124451135 3.9786433035260417e-06 -1.1354317709199109 -0.0038580601695912264 -0.98775470067914739 0.36429156376684663 -0.35611185712697307 -0.062449665492295026 2.0725354658547985 1.7356065456667693 1.1616926436245194 -0.62388770784743885 -1.3086730122431165 -0.067472304118149404 -0.86117574244377693 0.50410326388911242 -1.0924921483006187 0.17559923313236825 2.3327745835340012 0.17756726507436726 1.3969566624913115 -0.99132303318361892 0.68192388557387185 1.0491546026033347 -2.4741184077192204 0.02926139246641242
leaf_weight=84 60 43 929 79 48 157 132 61 159 325 318 2931 52 81 128 74 76 1756 230 512 40 832 70 91 45 48 46 99 71 3786
leaf_count=84 60 43 929 79 48 157 132 61 159 325 318 2931 52 81 128 74 76 1756 230 512 40 832 70 91 45 48 46 99 71 3786
internal_value=-0.000175846 -0.0129808 -7.54091e-05 0.00019867 4.08063e-05 -3.27735e-05 -0.00712251 -0.0131443 0.00017714 -0.00128104 -0.00930962 -0.000120882 0.00727513 0.000861214 0.000118642 0.00463102 0.000360414 0.000137804 0.000325329 0.000658635 0.00570175 0.00401354 0.00528169 0.0151235 0.0135747 0.00576923 0.0244565 -0.000122528 -0.00254376 0.00101647
internal_weight=13363 103 13260 12331 12252 12204 350 193 11854 3785 477 3308 377 8069 6742 1327 6658 6530 6454 6224 1253 1033 993 161 220 129 91 5712 1827 3885
internal_count=13363 103 13260 12331 12252 12204 350 193 11854 3785 477 3308 377 8069 6742 1327 6658 6530 6454 6224 1253 1033 993 161 220 129 91 5712 1827 3885
is_linear=0
shrinkage=0.05


Tree=234
num_leaves=31
num_cat=0
split_feature=14 14 15 15 10 10 6 13 6 1 10 11 7 7 15 0 14 11 1 15 1 11 11 0 1 11 14 13 7 3
split_gain=5.91726 5.41909 9.14863 8.2683 7.68741 9.58305 9.4016 6.65931 5.37821 4.94191 7.3358 5.97802 4.90787 4.57379 4.48887 7.33069 4.23416 7.86975 4.01879 7.81051 7.73149 12.0962 11.5474 8.21971 7.29442 6.99783 6.72896 6.38042 7.25242 5.86729
threshold=4265.8750000000009 3764.6250000000005 2820.1250000000005 4066.2500000000005 -0.27694604220087021 -0.57078386445773377 132.38157894736847 0.97263757644091875 91.197368421052644 9.7308662280701768 -0.45274443793211405 -0.9260227363677036 9.5000000000000018 22.500000000000004 2423.1250000000005 17.568421052631582 3818.2500000000005 0.64414586362404946 7.4657346491228092 3317.8750000000005 7.9742598684210533 0.90803977035715633 0.82293497932636284 7.1986842105263174 7.6205043859649138 0.84199059757024453 1905.8750000000002 0.99731940924863693 7.5000000000000009 10.855263157894738
decision_type=10 8 8 10 2 2 2 2 2 2 2 2 2 2 8 2 10 2 2 10 2 2 2 2 2 2 10 2 2 2
left_child=1 3 -3 13 5 -4 8 16 -6 10 -7 -11 -13 18 15 -15 -8 -18 19 26 21 22 24 -23 -20 -21 -1 -22 -29 -28
right_child=-2 2 4 -5 6 9 7 -9 -10 11 -12 12 -14 14 -16 -17 17 -19 20 25 27 23 -24 -25 -26 -27 29 28 -30 -31
leaf_value=0.68127666136246035 1.2731859773473844 0.87677904932243111 -2.3147104942662624 2.1184647660242719 -0.65390279547619912 4.0599917181924416 -0.73940335900188081 -0.053489235645065497 0.84766559243453232 1.1579362099787205 0.1309702870442834 0.43751723257878439 -1.0517656170552756 -0.19052070903413779 -2.0242353821971166 0.33238686247391347 -4.3706978018685509 -1.0761100276399476 -1.6585158345654691 3.9251643211297509 -0.011509030297429491 -0.14162082357181591 1.5146718631950762 -2.1528061424428304 0.053044939779601924 0.28128174740934359 0.18755815694804598 -0.52683576571371304 1.5792908178640914 -0.39152804800444302
leaf_weight=100 44 73 48 96 216 42 60 53 52 62 75 47 83 370 49 120 41 86 53 45 10558 42 61 62 55 134 324 41 58 313
leaf_count=100 44 73 48 96 216 42 60 53 52 62 75 47 83 370 49 120 41 86 53 45 10558 42 61 62 55 134 324 41 58 313
internal_value=-0.000323084 -0.000383756 -0.00404686 -0.000108156 -0.00548499 0.000139665 -0.00943026 -0.0165975 -0.00297398 0.0033871 0.0114407 -0.0015544 -0.00763359 -0.000222025 -0.00472222 -0.00325866 -0.0210106 -0.0261719 -1.68819e-05 0.00316249 -0.000283597 -0.00857664 -0.000294118 -0.0219048 -0.0100917 0.0125 0.000880759 -7.03697e-05 0.0125 -0.00101881
internal_weight=13463 13419 938 12481 865 357 508 240 268 309 117 192 130 12385 539 490 187 127 11846 916 10930 273 169 104 108 179 737 10657 99 637
internal_count=13463 13419 938 12481 865 357 508 240 268 309 117 192 130 12385 539 490 187 127 11846 916 10930 273 169 104 108 179 737 10657 99 637
is_linear=0
shrinkage=0.05


Tree=235
num_leaves=31
num_cat=0
split_feature=7 15 7 8 7 14 15 7 6 8 7 5 6 8 7 8 14 15 14 11 7 2 10 15 2 12 12 7 15 10
split_gain=7.27408 7.28971 12.2179 11.4591 8.60567 8.7815 8.60285 8.50567 14.3666 12.6869 15.5977 9.64732 9.87584 9.25927 17.2802 11.609 9.59654 23.342 9.4574 8.51079 8.32727 8.24591 12.0907 7.81608 9.61917 7.49343 7.76192 7.24805 8.27051 8.77957
threshold=22.500000000000004 2666.3750000000005 18.500000000000004 4.5000000000000009 14.500000000000002 3373.1250000000005 2820.1250000000005 5.5000000000000009 42.394736842105267 1.0000000180025095e-35 15.500000000000002 12.11737534626039 668.90789473684231 1.0000000180025095e-35 2.5000000000000004 1.5000000000000002 1869.3750000000002 2109.6250000000005 1702.3750000000002 -0.59177783207548873 1.0000000180025095e-35 1.0000000180025095e-35 0.39036257410962044 2412.8750000000005 5.5697368421052653 -0.48314718476766422 -0.86976336936302323 5.5000000000000009 2978.6250000000005 -0.8781231054254196
decision_type=2 10 2 2 2 10 10 2 2 2 2 2 2 2 2 2 10 10 10 2 2 2 2 8 2 2 2 2 10 2
left_child=1 7 3 27 5 -5 -7 8 13 10 -9 12 -11 14 25 16 17 -15 -16 -18 -17 22 -4 24 -14 26 -1 28 29 -3
right_child=-2 2 21 4 -6 6 -8 9 -10 11 -12 -13 23 15 18 20 19 -19 -20 -21 -22 -23 -24 -25 -26 -27 -28 -29 -30 -31
leaf_value=-0.73978973623320599 -0.2146812762718355 1.3093156792762102 -0.79402512391213809 -3.1144682569549107 -0.036882931091463435 0.17070563142699485 -1.5951342682419409 12.23038201830218 -1.7211418621461974 0.19208937264272663 0.62296156370721301 -1.2830932479062769 -0.090054417379411694 0.6487774744906688 0.99844298085668015 0.31624266043897936 0.37420777326743748 -1.7199464354669318 -0.12565498592512087 1.3215626266526899 -0.05846760400463609 0.09747216745943206 -0.04320851255135949 0.50242728330727005 -1.0673933696781206 -1.3546256297803212 0.3464388570557958 0.091242611499012582 -1.8609986627111539 -0.43594052386542903
leaf_weight=42 573 59 369 62 261 64 101 71 46 2515 164 117 146 130 57 391 66 53 135 146 1779 264 310 96 99 157 44 4880 63 174
leaf_count=42 573 59 369 62 261 64 101 71 46 2515 164 117 146 130 57 391 66 53 135 146 1779 264 310 96 99 157 44 4880 63 174
internal_value=0.000193524 0.000439278 -0.000718826 0.00015887 -0.00715746 -0.0142544 -0.00813253 0.00166267 -0.000229734 0.00345902 0.0146186 0.00257229 0.00315016 0.000199933 -0.0065367 0.00134451 0.00921717 0.000815217 0.00466321 0.0164319 -9.21234e-05 -0.00598517 -0.00889706 -0.00482456 -0.00955285 -0.0153689 -0.00344828 0.000849913 -0.00673401 -0.00235043
internal_weight=13434 12861 6607 5664 488 227 165 6254 3046 3208 235 2973 2856 3000 435 2565 395 183 192 212 2170 943 679 341 245 243 86 5176 296 233
internal_count=13434 12861 6607 5664 488 227 165 6254 3046 3208 235 2973 2856 3000 435 2565 395 183 192 212 2170 943 679 341 245 243 86 5176 296 233
is_linear=0
shrinkage=0.05


Tree=236
num_leaves=31
num_cat=0
split_feature=7 1 6 8 7 14 12 7 7 6 1 13 12 13 0 0 1 12 12 0 1 12 8 12 12 13 14 8 11 11
split_gain=10.9072 10.8021 7.62581 5.93415 19.2147 8.3775 7.01104 11.7359 11.0729 10.3897 6.84295 7.08192 7.89454 8.3343 8.07167 6.37158 22.5025 6.32648 8.42115 9.03923 7.16496 14.4084 8.60252 6.76858 6.13683 6.05456 6.5665 6.97368 6.48718 12.0526
threshold=19.500000000000004 3.5949013157894742 837.25000000000011 5.5000000000000009 9.5000000000000018 3088.1250000000005 -0.29343379936893921 12.500000000000002 17.500000000000004 404.6578947368422 7.5498081140350886 -0.98801846520836312 0.89693165594635726 0.19969739736768838 8.7855263157894754 11.151315789473687 9.8630756578947381 -0.83377653105606597 -0.98523971305672675 9.8868421052631614 9.3449835526315805 -0.93545056548590078 1.0000000180025095e-35 0.99274428880883148 -0.51297808981038739 -0.91597566659893348 2070.6250000000005 1.0000000180025095e-35 0.51849435583340198 0.45847758937963173
decision_type=2 2 2 2 2 8 2 2 2 2 2 2 2 2 2 2 2 2 2 2 2 2 2 2 2 2 10 2 2 2
left_child=1 -1 3 15 10 6 24 -8 9 -9 -5 -12 14 -14 -13 17 -17 18 19 -3 22 -22 -20 25 -6 26 27 -19 29 -27
right_child=-2 2 -4 4 5 -7 7 8 -10 -11 11 12 13 -15 -16 16 -18 23 20 -21 21 -23 -24 -25 -26 28 -28 -29 -30 -31
leaf_value=5.8802900879083158 -0.15984975552553352 -0.25691678401727813 -0.75501516296177451 0.38194228337782765 0.26335621070452364 1.0314375786000256 0.4653191104313692 -1.1636323522232033 0.21367095327316293 0.22730514542174662 1.217287069335464 -1.4754603962296073 -0.33697137936220545 0.98818376183107837 -0.39443483455769413 -1.1248949996199371 0.032869435773056919 1.4765286713312264 0.25943472433293097 0.52112630757886225 1.0566556807707457 -0.31376612929891512 3.8595686902658146 0.71067520847944943 0.60419257366074819 -0.086596705620604564 1.1885739853307542 -0.65048550509723668 0.088487312837446555 -1.7468606467696361
leaf_weight=47 2259 70 420 70 244 41 131 141 79 69 47 94 77 40 471 291 5946 40 42 52 122 54 73 167 53 224 187 70 1801 52
leaf_count=47 2259 70 420 70 244 41 131 141 79 69 47 94 77 40 471 291 5946 40 42 52 122 54 73 167 53 224 187 70 1801 52
internal_value=-0.000348794 0.000289765 0.00018802 0.000446553 -0.00240693 0.00329381 0.0020195 -0.00213777 -0.00775862 -0.0137441 -0.0078125 -0.00924658 -0.0105417 0.00127119 -0.0129859 0.000930157 2.40462e-05 0.00284264 0.00857488 -0.00243902 0.0131849 0.00677966 0.0228448 0.00190795 0.00788591 0.00122105 0.00788591 -0.0018018 0.000264678 -0.00685921
internal_weight=13474 11215 11168 10748 1557 758 717 420 289 210 799 729 682 117 565 9191 6237 2954 413 122 291 176 115 2541 297 2374 297 110 2077 276
internal_count=13474 11215 11168 10748 1557 758 717 420 289 210 799 729 682 117 565 9191 6237 2954 413 122 291 176 115 2541 297 2374 297 110 2077 276
is_linear=0
shrinkage=0.05


Tree=237
num_leaves=31
num_cat=0
split_feature=7 15 11 7 5 8 10 12 15 14 10 11 15 0 10 10 10 11 15 0 0 10 10 15 14 14 15 14 5 5
split_gain=4.59216 10.0752 15.9623 8.91648 7.49398 8.76821 18.7401 10.8822 7.41151 6.75473 8.93664 9.55004 7.906 6.74096 6.50475 12.3998 8.44124 6.50119 8.17119 6.14414 5.68831 4.14974 11.9332 9.59118 4.50933 5.89535 5.80325 4.03348 3.86502 8.10611
threshold=19.500000000000004 2440.3750000000005 -0.69676771491221523 20.500000000000004 10.465828601108036 3.5000000000000004 -0.42957681104363482 0.64415889436411822 3079.8750000000005 2885.3750000000005 -0.73866753694953124 0.2499757677084001 2666.3750000000005 21.581578947368424 -0.92274349529687905 -0.79384350655589164 -0.99630266176052629 0.080547328232315238 2139.8750000000005 15.556578947368424 18.975000000000005 0.99761913169647187 0.99466373373798567 3221.6250000000005 3236.7500000000005 2300.2500000000005 2578.3750000000005 3134.3750000000005 20.295127770083109 17.920754847645437
decision_type=2 8 2 2 2 2 2 2 10 10 2 2 10 2 2 2 2 2 10 2 2 2 2 10 10 10 10 10 2 2
left_child=21 2 20 -4 5 8 -7 -8 9 10 -3 13 -13 -12 16 -16 -5 18 -17 -18 -2 22 28 -24 25 -23 -27 -10 29 -1
right_child=1 4 3 14 -6 6 7 -9 27 -11 11 12 -14 -15 15 17 19 -19 -20 -21 -22 24 23 -25 -26 26 -28 -29 -30 -31
leaf_value=0.018796881216576369 0.17968204176396513 0.407108160451503 0.7340592394013129 0.1587236066659557 -0.93008910836847469 -1.6152395100691821 -1.4210716584346301 0.30824790782871792 -1.4958051659392937 1.3437380499660094 -1.1695367573224189 0.74268411367618237 -0.25631993380659424 -0.18519139108136642 0.78596475488475337 -0.099585519454979024 -2.5978885791169319 0.013098304574259602 -1.791700801263346 -0.28281443822201596 1.473473930576779 0.10027211033996082 -2.510466063062927 0.37103342547874263 -0.49440687800467914 3.3514787670766739 0.32862530634112092 -0.055230157205039633 1.1249963256133242 -1.6464478796897197
leaf_weight=10710 97 127 81 47 71 96 100 70 56 74 106 77 74 82 110 158 46 429 90 108 129 83 84 40 70 55 50 42 41 50
leaf_count=10710 97 127 81 47 71 96 100 70 56 74 106 77 74 82 110 158 46 429 90 108 129 83 84 40 70 55 50 42 41 50
internal_value=-0.000107775 -0.00215764 0.000733025 -0.00182243 -0.00599385 -0.00475138 -0.0123596 -0.00233918 -0.00156495 0.000739372 -0.00149893 -0.00573529 0.00361842 -0.0132275 -0.00313448 -0.00107868 -0.0111386 -0.00361357 -0.0100402 -0.0167742 0.0127753 0.000308476 0.000160168 -0.0152 0.00656371 0.010582 0.0183962 -0.0141414 0.0003379 0.000278784
internal_weight=13453 2270 1295 1069 975 904 266 170 638 540 466 339 151 188 988 787 201 677 248 154 226 11183 10925 124 258 188 105 98 10801 10760
internal_count=13453 2270 1295 1069 975 904 266 170 638 540 466 339 151 188 988 787 201 677 248 154 226 11183 10925 124 258 188 105 98 10801 10760
is_linear=0
shrinkage=0.05


Tree=238
num_leaves=31
num_cat=0
split_feature=14 14 15 1 10 15 8 1 1 3 9 14 1 10 3 10 8 1 14 10 6 6 2 14 10 15 3 1 6 14
split_gain=5.18522 4.21279 14.1052 14.6788 10.0083 12.5204 8.46649 10.4954 9.99063 9.15093 7.98028 7.67218 7.60955 7.51423 12.685 9.01746 22.9303 19.3493 11.7556 7.18765 6.61154 11.8147 9.6087 7.49473 14.5481 8.17761 7.9183 8.89766 6.48425 8.37963
threshold=1615.5000000000002 2393.2500000000005 2183.1250000000005 27.878015350877199 0.99374995976406788 1981.3750000000002 1.0000000180025095e-35 6.7560581140350893 23.534649122807021 11.015789473684212 1.0000000180025095e-35 2460.8750000000005 8.1376918859649141 0.10837544681456425 11.296052631578949 0.49812943072827093 2.5000000000000004 16.414802631578954 2287.8750000000005 0.78325454425165997 427.31578947368428 26.855263157894743 1.8407894736842094 2070.6250000000005 -0.94139628442229062 2333.6250000000005 0.048684210526314338 12.970120614035089 113.48684210526318 4102.0000000000009
decision_type=10 10 8 2 2 10 2 2 2 2 2 10 2 2 2 2 2 2 10 2 2 2 2 10 2 8 2 2 2 10
left_child=-1 2 3 4 10 -6 7 -3 -9 11 -2 -8 -11 14 20 16 18 -17 -15 -19 21 23 -22 24 -4 26 -25 -28 29 -13
right_child=1 6 13 -5 5 -7 9 8 -10 12 -12 28 -14 15 -16 17 -18 19 -20 -21 22 -23 -24 25 -26 -27 27 -29 -30 -31
leaf_value=-0.99151931486969147 0.0027849910593658934 5.2185989680037217 0.61297304460972557 0.86298760297083854 1.0063695564610839 -1.4151410196614564 0.30886967967851436 -0.13291989158178694 1.8254494742585849 -0.35982441806561383 0.94877168776931742 0.04044755648478713 -1.201932482582845 2.5721937530231802 -2.8679574276766746 -0.0057208323607028438 -2.0341206206021072 -2.230573153560647 -0.47813220665286738 -0.42615845715062051 -3.6897383868228646 0.25553568359343898 -0.50464007494758789 0.69669493495651413 -1.865886549898528 -0.7848837763131542 0.10821613279783833 -1.3145823922569435 -0.11411140520135632 2.0857822432629294
leaf_weight=70 2711 45 49 55 47 66 319 285 143 217 113 3401 40 117 41 615 50 70 41 58 41 255 77 130 152 296 56 50 3838 42
leaf_count=70 2711 45 49 55 47 66 319 285 143 217 113 3401 40 117 41 615 50 70 41 58 41 255 77 130 152 296 56 50 3838 42
internal_value=-0.000607813 -0.000536473 -0.00166961 0.000534581 5.10551e-05 -0.0144737 0.000156044 0.00664557 0.0041958 -0.000235429 0.000637168 7.8937e-05 -0.00949612 -0.00481182 -0.00753484 -0.00152311 0.0076555 -0.00409946 0.0169811 -0.0217054 -0.00650407 -0.00515672 -0.0176471 -0.00837875 -0.0165842 -0.00525328 0.00168776 -0.00841121 -0.000254051 0.00132114
internal_weight=13490 13420 5090 2992 2937 113 8330 473 428 7857 2824 7600 257 2098 1147 951 208 743 158 128 1106 988 118 733 201 532 236 106 7281 3443
internal_count=13490 13420 5090 2992 2937 113 8330 473 428 7857 2824 7600 257 2098 1147 951 208 743 158 128 1106 988 118 733 201 532 236 106 7281 3443
is_linear=0
shrinkage=0.05


Tree=239
num_leaves=31
num_cat=0
split_feature=4 15 7 7 6 11 13 12 12 12 10 12 6 7 3 6 12 15 8 15 15 12 4 8 12 13 15 0 15 4
split_gain=7.20428 5.61589 15.4624 10.2776 9.47639 8.56243 8.01997 15.2924 21.4796 11.2562 9.97804 7.1988 8.17412 7.64587 12.5113 8.24072 7.33856 8.75188 7.71789 6.97856 6.62816 6.38639 5.95886 5.91977 5.95304 6.41285 5.89648 5.8437 7.70131 6.71343
threshold=23.780903739612189 2996.6250000000005 18.500000000000004 5.5000000000000009 129.23684210526321 -0.99465740988130902 0.029024409397335523 0.98802474685579866 0.94704596667653973 0.97650828179861848 -0.9905448150984083 -0.71504042705586657 427.31578947368428 13.500000000000002 0.61052631578947392 648.02631578947387 -0.27694476165744958 3310.1250000000005 3.5000000000000004 3779.8750000000005 3326.1250000000005 0.75011860976965206 19.01497576177286 1.5000000000000002 0.73430383941986921 0.26659387353423869 3277.6250000000005 32.806578947368429 2497.6250000000005 0.27442555401662133
decision_type=2 10 2 2 2 2 2 2 2 2 2 2 2 2 2 2 2 10 2 10 10 2 2 2 2 2 10 2 10 2
left_child=1 22 3 -3 -5 -6 7 8 10 -8 -7 12 -12 15 -15 16 26 -18 19 21 -17 -19 27 -4 -25 -26 -13 29 -29 -1
right_child=-2 2 23 4 5 6 9 -9 -10 -11 11 13 -14 14 -16 20 17 18 -20 -21 -22 -23 -24 24 25 -27 -28 28 -30 -31
leaf_value=-0.0012973656207236673 1.1347422564018417 -1.8702924078790943 -0.9918360299578467 0.1318602672578095 1.9790324277739275 -0.71554950031390951 -0.254783926224809 2.1735383113798892 -3.5641324425219865 -3.3518392140459583 0.042851240856839473 1.417865776659869 -1.8127255990910727 0.22483742731601525 -1.9645625327416383 0.47705639174648695 2.9227626274693197 0.24440826238044339 3.1161807010627629 -0.63198701484870989 -2.6628638602267531 2.2124152257727929 2.3928798914997516 -0.75818840048293623 -0.26313435652252792 0.60310438132195265 -1.7305909898299205 -1.504312770437946 0.39253972755018368 0.22422919498158081
leaf_weight=7284 56 52 164 1604 78 165 1030 67 53 103 174 68 110 205 78 95 79 140 46 41 73 43 40 156 55 46 50 47 50 1144
leaf_count=7284 56 52 164 1604 78 165 1030 67 53 103 174 68 110 205 78 95 79 140 46 41 73 43 40 156 55 46 50 47 50 1144
internal_value=-0.000194073 -0.000269845 -0.00164363 -0.00075775 -0.000488032 -0.00229715 -0.0027852 -0.000369624 -0.00147783 -0.00595238 -0.000255848 0.00133001 -0.00561404 0.00348205 -0.00334507 0.00652516 0.0099359 0.0135714 0.00922509 0.00533333 -0.00295858 0.00951087 0.000496148 -0.010782 -0.00600775 0.00343137 -0.000840336 0.000404645 -0.0117347 0.000545735
internal_weight=13396 13340 4775 4354 4302 2698 2620 1487 1420 1133 1367 1202 284 918 283 635 467 349 270 224 168 183 8565 421 257 101 118 8525 97 8428
internal_count=13396 13340 4775 4354 4302 2698 2620 1487 1420 1133 1367 1202 284 918 283 635 467 349 270 224 168 183 8565 421 257 101 118 8525 97 8428
is_linear=0
shrinkage=0.05


Tree=240
num_leaves=31
num_cat=0
split_feature=15 14 8 12 1 7 7 7 1 12 7 11 15 12 0 12 15 12 0 15 15 12 1 10 12 15 1 14 1 11
split_gain=5.25303 9.40612 17.3636 12.6077 12.2247 10.1106 12.4318 12.0962 9.05275 9.03458 14.356 7.32675 7.23725 6.62228 6.90778 5.91608 5.83175 7.80043 5.47133 8.03836 5.59675 5.58608 5.38349 14.0711 13.4104 9.95138 8.4356 6.78912 9.11571 10.6859
threshold=2959.1250000000005 2997.8750000000005 4.5000000000000009 0.3036948619824264 28.793914473684215 11.500000000000002 15.500000000000002 9.5000000000000018 20.792132675438602 -0.83377653105606597 15.500000000000002 -0.95502570686053045 2864.3750000000005 0.76140650896573503 20.606578947368423 -0.86976336936302323 2333.6250000000005 0.87501852446360251 22.825000000000006 1856.1250000000002 1614.7500000000002 0.9993614236720848 10.374725877192985 -0.45274443793211405 0.99274428880883148 3672.3750000000005 9.8630756578947381 3210.2500000000005 6.8839089912280711 0.97263757644091875
decision_type=10 8 2 2 2 2 2 2 2 2 2 2 10 2 2 2 8 2 2 10 10 2 2 2 2 10 2 10 2 2
left_child=1 18 3 9 5 7 15 8 -4 -3 -11 -5 -13 14 -8 -7 -17 -18 20 -20 -1 -22 23 25 27 26 -2 -25 -29 -30
right_child=22 2 4 11 -6 6 13 -9 -10 10 -12 12 -14 -15 -16 16 17 -19 19 -21 21 -23 -24 24 -26 -27 -28 28 29 -31
leaf_value=-0.89421910732872911 -0.10998686524055756 2.6794677766541781 -0.16637215617834045 0.27940973765794297 -1.7848343209607038 -2.4990822587183175 0.21739792187668172 1.4825617337323138 1.2044988373876664 -1.9274936077841631 1.0062369545674756 4.7292537946294493 0.93137530985943617 -0.40660052795251433 1.7592978744839003 0.21481078029968331 -1.524063170274178 0.2184352160771823 -0.8963328685621037 0.25699096789711579 -0.0042295885688986351 -0.13263176007313859 -0.17384862441786028 0.19006554519191923 1.3454578595129534 3.8143865641183314 3.205178754408962 -0.97958776452642271 -0.02549865499504449 -1.5864635941153893
leaf_weight=61 96 90 181 41 49 41 130 115 76 77 41 79 41 46 45 54 102 45 67 750 6170 44 3539 412 105 46 45 135 586 64
leaf_count=61 96 90 181 41 49 41 130 115 76 77 41 79 41 46 45 54 102 45 67 750 6170 44 3539 412 105 46 45 135 586 64
internal_value=6.35562e-05 0.000832734 0.00482456 0.0139189 0.00101695 0.00245215 -0.00247845 0.00857909 0.00251938 0.00574163 -0.00336134 0.0243827 0.0305785 0.00608108 0.0105114 -0.0102881 -0.00668317 -0.0118243 0.000126886 0.00397311 -0.000374442 -0.000225261 -0.00121296 0.00130872 -0.000537222 0.0140957 0.00739437 -0.00204508 -0.00477099 -0.00230415
internal_weight=13373 8345 1253 369 884 835 463 372 257 208 118 161 120 221 175 242 201 147 7092 817 6275 6214 5028 1489 1302 187 141 1197 785 650
internal_count=13373 8345 1253 369 884 835 463 372 257 208 118 161 120 221 175 242 201 147 7092 817 6275 6214 5028 1489 1302 187 141 1197 785 650
is_linear=0
shrinkage=0.05


Tree=241
num_leaves=31
num_cat=0
split_feature=15 1 2 15 15 12 15 0 8 11 2 13 1 2 1 15 10 15 0 6 11 3 3 15 11 1 11 0 6 8
split_gain=5.54977 6.53071 6.96457 9.32622 8.16148 8.52239 11.0818 7.12248 6.81392 6.49603 7.00824 6.48477 7.74027 14.5188 8.57025 7.13414 6.63922 7.23436 6.20843 6.14362 10.4542 6.61265 11.9501 5.64494 8.63443 19.4229 8.49649 8.1252 7.19139 24.8447
threshold=3897.1250000000005 29.959237938596498 1.7552631578947386 1614.7500000000002 1960.3750000000002 0.64415889436411822 2116.3750000000005 35.030263157894744 1.5000000000000002 -0.75581183015052977 3.8513157894736847 0.94353349168649059 26.64771910919541 1.3342105263157917 24.819819078947372 2489.1250000000005 -0.082689790342551819 3590.8750000000005 20.972368421052639 33.078947368421062 0.99748108949426018 5.1013157894736842 6.7934210526315795 2177.1250000000005 0.97461712852231652 6.1667489035087728 -0.90531874877253482 10.872368421052634 14.144736842105265 4.5000000000000009
decision_type=10 2 2 10 8 2 10 2 2 2 2 2 2 2 2 10 2 10 2 2 2 2 2 10 2 2 2 2 2 2
left_child=1 2 3 -1 -4 7 -7 9 -3 -6 -11 12 13 14 23 18 17 -13 -16 21 -21 -18 -23 26 -25 -26 -5 -27 -28 -30
right_child=-2 8 4 11 5 6 -8 -9 -10 10 -12 16 -14 -15 15 -17 19 -19 -20 20 -22 22 -24 24 25 27 28 -29 29 -31
leaf_value=-0.89755544166993106 0.31016407856136541 -2.9947940143948815 -0.9097259961904115 0.99719726307167778 0.31418682336509396 0.97411735097334151 -0.025533171123424837 3.0380346765312427 0.2758907277822914 0.60556661044114435 1.2959431943128721 -1.4395213947429057 0.86127798402138755 -0.77795353624059094 -1.1723352701078056 0.21882610567795382 -0.71144676846636234 0.116624329581623 -0.091724806195122716 1.0440057197102532 -2.3165280793891156 4.7197319404033182 0.025184902887542649 -0.051065245891038558 10.110222441793361 -0.48375484196795926 0.017647868037374791 0.56325536465034254 8.6823828634903748 0.28741047560131394
leaf_weight=68 539 58 79 84 790 44 1079 43 44 122 69 156 134 108 54 42 68 61 40 63 96 40 324 6320 42 88 2290 42 45 340
leaf_count=68 539 58 79 84 790 44 1079 43 44 122 69 156 134 108 54 42 68 61 40 63 96 40 324 6320 42 88 2290 42 45 340
internal_value=0.000127122 -8.18139e-05 1.96356e-05 -0.000518751 0.0025595 0.00314246 0.000133452 0.00643902 -0.0126214 0.0055499 0.0138021 -0.000397586 -3.63448e-05 -0.00020535 5.32595e-06 -0.0124088 -0.00469716 -0.012156 -0.02 -0.00194257 -0.0103125 0.00115473 0.00383562 0.000189148 -0.000616048 0.0104046 0.00208333 0.000763359 0.00158819 0.00790155
internal_weight=13372 12833 12731 10505 2226 2147 1123 1024 102 981 191 10437 9629 9495 9387 136 808 217 94 591 159 432 364 9251 6492 172 2759 130 2675 385
internal_count=13372 12833 12731 10505 2226 2147 1123 1024 102 981 191 10437 9629 9495 9387 136 808 217 94 591 159 432 364 9251 6492 172 2759 130 2675 385
is_linear=0
shrinkage=0.05


Tree=242
num_leaves=31
num_cat=0
split_feature=6 8 7 12 6 7 12 0 0 1 12 13 2 11 0 2 13 11 2 11 1 11 11 1 1 10 1 7 0 10
split_gain=7.02411 6.83493 7.78409 4.70288 9.51519 10.5264 8.99334 10.0738 5.5344 4.94984 14.6549 4.67421 3.85753 6.12628 6.80764 5.38999 8.12735 7.64168 7.06903 5.75398 6.60079 5.14731 12.3269 8.51133 7.8837 11.7766 8.55978 9.05531 12.2169 8.03946
threshold=837.25000000000011 3.5000000000000004 11.500000000000002 0.99898004730802425 38.881578947368432 18.500000000000004 0.99463153969809781 11.001315789473686 9.1486842105263175 29.959237938596498 0.99274428880883148 0.36447543099728863 1.7381578947368423 -0.26037106507032781 24.780263157894741 3.178947368421055 0.5475998096715059 -0.8901731938066898 13.789473684210529 -0.93237865822738086 27.383168859649125 -0.065537083312030994 -0.082691941062253513 12.340789473684215 14.540323464912282 0.95752911693909493 13.275520833333337 5.5000000000000009 15.269736842105265 0.99274428880883148
decision_type=2 2 2 2 2 2 2 2 2 2 2 2 2 2 2 2 2 2 2 2 2 2 2 2 2 2 2 2 2 2
left_child=3 2 -2 6 5 -5 9 8 -8 10 12 -4 21 15 -15 17 -17 19 -18 20 -14 22 23 -1 25 26 -25 -28 -29 -26
right_child=1 -3 11 4 -6 -7 7 -9 -10 -11 -12 -13 13 14 -16 16 18 -19 -20 -21 -22 -23 -24 24 29 -27 27 28 -30 -31
leaf_value=-1.8094338051253829 -1.1752484863670702 -1.3258578860888066 -0.25255573783840646 -0.15884009011391528 1.9948644456563898 1.2648567115993161 -0.45890481961816931 -1.23114476717725 0.51805467554884221 -1.1986350294692329 1.3998248113269369 1.7746737657465019 1.7064708789076803 0.25786805908461474 0.82720502477188806 -0.21593709731464517 0.19028561813169065 0.71569500361071059 1.138432108378322 -1.187811912871348 -0.48780962562368591 0.039783468801715571 -1.5946476757427945 1.3111047696733751 -0.095441831200201943 -0.50653978651585019 -0.24953806648490515 1.591309243128967 -0.098806441819942858 1.9048385838015065
leaf_weight=82 108 181 44 69 83 46 68 136 63 70 58 74 70 70 41 739 640 252 40 43 56 6908 77 43 2954 119 48 83 54 41
leaf_count=82 108 181 44 69 83 46 68 136 63 70 58 74 70 70 41 739 640 252 40 43 56 6908 77 43 2954 119 48 83 54 41
internal_value=0.000209565 -0.00625 -0.000440529 0.000413 0.0080402 -0.0012931 0.000293979 -0.00876866 0.00113636 0.00048843 0.000563652 0.00840336 0.000444948 0.00248463 0.0138393 0.0017925 0.000316901 0.00675355 0.00425844 -0.00147059 0.00393701 6.244e-05 -0.00149914 -0.00105109 -0.000658092 0.00646552 0.0131004 0.00833333 0.0148551 -0.00148531
internal_weight=13360 407 226 12953 198 115 12755 267 131 12488 12418 118 12360 1951 111 1840 1419 421 680 169 126 10409 3501 3424 3342 347 228 185 137 2995
internal_count=13360 407 226 12953 198 115 12755 267 131 12488 12418 118 12360 1951 111 1840 1419 421 680 169 126 10409 3501 3424 3342 347 228 185 137 2995
is_linear=0
shrinkage=0.05


Tree=243
num_leaves=31
num_cat=0
split_feature=15 7 6 8 7 15 15 3 7 10 11 8 10 12 12 13 11 15 2 3 12 11 10 6 6 15 11 2 12 13
split_gain=4.73313 4.44783 4.737 8.22832 13.0075 6.75007 6.62914 11.4936 8.50731 13.5205 11.721 10.8487 9.73324 9.36765 13.0314 9.30944 8.37494 7.57099 8.56014 16.1184 7.43818 21.5941 9.25355 7.08691 9.2931 7.85333 13.8518 8.30182 7.54546 7.05866
threshold=1644.6250000000002 22.500000000000004 613.67105263157907 3.5000000000000004 11.500000000000002 3493.3750000000005 2116.3750000000005 1.3855263157894735 7.5000000000000009 0.99761913169647187 0.9863035000474919 1.5000000000000002 -0.082689790342551819 -0.814291907305839 -0.89405649444168434 0.34841000145353967 0.29958852271690523 2122.1250000000005 1.7381578947368423 0.98815789473684223 0.86113431103781346 -0.65883892954715351 0.93544191479114935 530.31578947368428 452.6052631578948 3117.3750000000005 -0.5129677127369543 7.2539473684210529 0.94135275643221272 1.0000000180025095e-35
decision_type=8 2 2 2 2 10 8 2 2 2 2 2 2 2 2 2 2 10 2 2 2 2 2 2 2 10 2 2 2 2
left_child=-1 2 6 4 -4 -5 7 16 9 10 11 20 -12 14 15 29 -2 -10 19 -19 22 -22 -8 24 25 26 27 -20 -27 -13
right_child=1 -3 3 5 -6 -7 8 -9 17 -11 12 13 -14 -15 -16 -17 -18 18 23 -21 21 -23 -24 -25 -26 28 -28 -29 -30 -31
leaf_value=-0.58679978786120734 0.34159536722170292 -0.18810923798750992 -0.74546930970552694 -0.32842814012710736 0.45098994172942641 -2.3914641846176665 0.48640592256510901 0.010484770689572542 -0.54027479925118771 5.6742150660564681 -2.8599763115154588 -0.12405025992702577 -0.12639671067406086 -0.1381451888356878 -3.4535449387572159 0.95182210029598768 1.0554977611230811 -0.2494798484524722 0.85842932670395844 0.10163293928535495 -2.4302798571991846 0.79692493367077766 -0.98071324881539113 1.0279815653611308 -0.46914182315433667 -0.29525931670502814 -0.54942224902229098 1.9155474972096955 0.63714417677520041 -1.2970315827345986
leaf_weight=107 659 550 355 538 405 40 497 1632 63 44 40 73 42 1417 72 40 93 1730 309 3655 56 98 60 178 151 277 71 62 77 61
leaf_count=107 659 550 355 538 405 40 497 1632 63 44 40 73 42 1417 72 40 93 1730 309 3655 56 98 60 178 151 277 71 62 77 61
internal_value=-0.000222999 -0.000138618 5.07971e-05 -0.00276326 0.00065703 -0.00725389 0.000379647 0.00272537 -0.000236941 -0.00271891 -0.0032153 -0.00256842 -0.0216867 -0.00477764 -0.0137652 -0.00628571 0.00783533 0.000707332 0.000875442 4.64166e-05 0.00259831 -0.00709677 0.00528674 0.00484014 0.00311181 0.00526976 0.00970655 0.0135753 -0.00028169 -0.0125926
internal_weight=13452 13345 12795 1338 760 578 11457 2384 9073 2500 2456 2374 82 1663 246 174 752 6573 6510 5385 711 154 557 1125 947 796 442 371 354 134
internal_count=13452 13345 12795 1338 760 578 11457 2384 9073 2500 2456 2374 82 1663 246 174 752 6573 6510 5385 711 154 557 1125 947 796 442 371 354 134
is_linear=0
shrinkage=0.05


Tree=244
num_leaves=31
num_cat=0
split_feature=15 14 8 6 8 7 15 6 8 13 10 3 7 13 13 11 7 8 11 14 6 7 15 6 11 14 11 11 11 14
split_gain=3.98479 12.868 15.6085 12.5508 10.1248 11.9245 10.5549 9.43993 8.69693 8.09058 7.692 9.56224 7.51866 7.47164 10.9467 7.42871 7.39645 10.7489 8.65107 8.51936 8.38912 18.6142 12.3667 10.3059 10.0829 9.24066 9.12756 9.20396 7.82269 6.90032
threshold=2440.3750000000005 2428.3750000000005 1.0000000180025095e-35 29.684210526315795 1.0000000180025095e-35 9.5000000000000018 2838.8750000000005 427.31578947368428 1.5000000000000002 0.74299920719979395 -0.37447345805034543 2.8776315789473688 15.500000000000002 0.59004310983071195 0.046214940139115722 -0.039769286347669845 8.5000000000000018 5.5000000000000009 0.99958851518450398 1961.5000000000002 576.76315789473699 20.500000000000004 2000.1250000000002 34.947368421052637 -0.64580103137750788 2287.8750000000005 -0.91939278948206182 -0.84774213365954088 0.96407344085605606 2567.1250000000005
decision_type=8 8 2 2 2 2 10 2 2 2 2 2 2 2 2 2 2 2 2 10 2 2 10 2 2 10 2 2 2 10
left_child=16 3 9 8 5 13 -7 -8 10 12 11 -2 -3 14 -5 -14 17 -1 20 -19 21 22 -18 -24 -23 -25 -22 -28 -21 -29
right_child=1 2 -4 4 -6 6 7 -9 -10 -11 -12 -13 15 -15 -16 -17 18 19 -20 28 26 24 23 25 -26 -27 27 29 -30 -31
leaf_value=0.044618987213476659 -0.70424693459752918 2.5955546960612086 -0.029201667399684085 0.89832234450916537 2.8386146476102683 0.71760111271482863 -0.16606183534661342 -2.3889014367020081 -1.934780366053326 2.3578150044055746 -1.196000271512935 1.6680689763819148 -0.58284177954351435 4.3513606035205159 -2.3484943709510731 0.41066718360943927 4.3575707357591629 0.1069116665793331 -2.0196915466887733 -0.27958901523433044 -1.9457320129608093 0.42001088858472146 0.93668872946575454 -1.0169343895228906 -0.026492005339378011 0.63908370402920134 1.850651013390052 0.36180148908917431 -1.4482521905040131 -1.3057914158821633
leaf_weight=2400 110 90 6415 125 88 53 172 171 146 145 201 40 91 41 46 120 64 171 40 496 44 224 183 66 941 376 47 138 41 121
leaf_count=2400 110 90 6415 125 88 53 172 171 146 145 201 40 91 41 46 120 64 171 40 496 44 224 183 66 941 376 47 138 41 121
internal_value=7.45879e-06 -0.00069522 0.000138444 -0.00548576 -0.00114778 -0.00344828 -0.00856423 -0.0117733 -0.0115462 0.00917226 -0.00724432 0.0013245 0.0044702 0.00610329 0.00145349 -0.000707547 0.00106482 -0.000514635 0.00325167 -0.00592384 0.00367347 0.00501348 0.0115217 0.00934505 0.0011578 0.00519187 -0.0034188 -0.000325733 -0.00901487 -0.00403846
internal_weight=13406 8054 6861 1193 696 608 396 343 497 446 351 150 301 212 171 211 5352 3108 2244 708 2204 1854 689 625 1165 442 350 306 537 259
internal_count=13406 8054 6861 1193 696 608 396 343 497 446 351 150 301 212 171 211 5352 3108 2244 708 2204 1854 689 625 1165 442 350 306 537 259
is_linear=0
shrinkage=0.05


Tree=245
num_leaves=31
num_cat=0
split_feature=7 6 14 0 14 6 4 15 7 6 11 7 1 12 12 8 8 11 11 11 8 12 8 13 6 7 6 11 1 12
split_gain=5.37184 18.3386 6.50656 6.41892 6.22855 6.01172 9.60509 8.28787 8.25605 16.2468 12.5032 16.0544 14.8542 8.73279 15.019 20.1434 11.5323 8.12835 13.3177 8.43326 7.97335 12.5383 9.19516 8.82272 7.88123 7.27541 13.7638 6.97372 6.8306 6.82905
threshold=5.5000000000000009 4.2500000000000009 2875.3750000000005 13.425000000000002 4265.8750000000009 434.03947368421058 3.1611028393351819 3160.5000000000005 14.500000000000002 261.3289473684211 0.14888728888808328 8.5000000000000018 20.792132675438602 -0.97113884758256674 -0.86976336936302323 3.5000000000000004 1.5000000000000002 0.98899263613956456 0.97461712852231652 0.99249573635719013 5.5000000000000009 0.96231527631374336 3.5000000000000004 -0.94139465211055529 124.15789473684212 7.5000000000000009 126.90789473684212 0.99748108949426018 8.1376918859649141 -0.67803021058859214
decision_type=2 2 10 2 8 2 2 8 2 2 2 2 2 2 2 2 2 2 2 2 2 2 2 2 2 2 2 2 2 2
left_child=1 2 -1 -3 5 6 8 -8 10 20 11 24 -13 -12 15 16 -15 18 25 -19 22 -22 -10 -24 -2 -16 -27 -21 -29 -28
right_child=4 3 -4 -5 -6 -7 7 -9 9 -11 13 12 -14 14 17 -17 -18 19 -20 27 21 -23 23 -25 -26 26 29 28 -30 -31
leaf_value=-0.049137579396949606 0.79764320538475886 -0.0028113343145946602 0.92928268321195451 -1.4519210168039196 1.1895682487081558 -0.14056393156717492 0.8345786296025608 0.12646328008484034 0.035109976714147707 -0.86551500154000682 0.76384604657691857 3.4512140959698856 -0.033913815931646239 -2.0515750149270846 -0.49395362032273626 -2.460741315552923 1.9712297156590013 -3.0412219298600918 1.6486077545887157 0.53581601452258387 0.27962363612725766 -0.97030827808566755 -0.86261849283490621 -0.11475955988826173 0.0058687089335535351 1.1314117965989454 1.5505411207488125 -2.7511970597132747 0.29062386791947575 -0.2076802810780464
leaf_weight=3102 200 44 77 146 65 2248 163 219 2409 205 187 185 58 49 343 101 54 44 126 90 575 51 142 1054 469 270 121 74 48 545
leaf_count=3102 200 44 77 146 65 2248 163 219 2409 205 187 185 58 49 343 101 54 44 126 90 575 51 142 1054 469 270 121 74 48 545
internal_value=2.228e-05 -0.00170623 -0.000801887 -0.0167539 0.000599247 0.000498455 0.00115637 0.00887728 0.000756655 -0.000608519 0.00279933 0.00766703 0.0186475 0.00063322 -0.000401929 -0.0131707 0.00240385 0.00117329 0.00266714 -0.00700389 5.90737e-05 0.00526316 -0.000845813 -0.00442774 0.00365672 0.00113281 0.00341515 -0.0028169 -0.0105691 -0.000449775
internal_weight=13464 3369 3179 190 10095 10030 7782 382 7400 4436 2964 912 243 2052 1865 204 103 1661 1405 256 4231 626 3605 1196 669 1279 936 212 122 666
internal_count=13464 3369 3179 190 10095 10030 7782 382 7400 4436 2964 912 243 2052 1865 204 103 1661 1405 256 4231 626 3605 1196 669 1279 936 212 122 666
is_linear=0
shrinkage=0.05


Tree=246
num_leaves=31
num_cat=0
split_feature=12 12 12 13 6 3 12 14 1 1 3 3 1 1 1 12 3 14 12 6 10 15 1 10 1 10 11 15 3 12
split_gain=6.44743 12.5139 21.8174 12.0071 15.019 9.75581 7.90828 14.8898 9.09884 11.4261 7.00409 8.03489 6.59028 24.7174 15.2817 12.4076 12.2529 11.4631 9.16087 10.7928 12.1598 9.15104 9.11634 7.6177 7.09877 10.0081 6.92911 6.55254 5.95406 10.6084
threshold=-0.159513159777915 -0.26037633224328088 -0.27694476165744958 -0.92272482904738262 338.76315789473693 11.296052631578949 -0.23432901867687267 2307.1250000000005 13.951973684210527 26.449013157894743 3.0447368421052636 8.4605263157894743 16.544353070175443 17.678536184210532 15.668832236842107 -0.65801756253613375 1.6894736842105254 1835.2500000000002 -0.99275346941927067 91.197368421052644 0.80417553764032002 2479.8750000000005 16.96132127192983 0.85226249403558707 14.882976973684213 -0.83377653105606597 -0.70900320270980455 3294.8750000000005 10.592105263157896 -0.10837644903917555
decision_type=2 2 2 2 2 2 2 10 2 2 2 2 2 2 2 2 2 10 2 2 2 10 2 2 2 2 2 10 2 2
left_child=1 2 3 4 -1 12 -3 10 -9 -10 -8 -12 14 17 24 18 23 22 -16 21 -21 -20 -14 -15 25 -5 -26 -19 29 -2
right_child=28 6 -4 5 -6 -7 7 8 9 -11 11 -13 13 16 15 -17 -18 27 19 20 -22 -23 -24 -25 26 -27 -28 -29 -30 -31
leaf_value=-0.1589705921344603 1.249976757836089 -2.6313318440036486 2.3450536865002847 1.4930261704053238 -2.337534011659534 0.93122994122402369 -2.379110877810962 -0.87410216056076706 1.9853741694097153 -0.079744260800043779 0.032464765708317599 -2.128426084466196 -0.33223110649901177 -0.052247971323151891 -0.82642066609032561 1.4048811111450334 1.1605650695181851 -0.75700659151748939 0.68878561302541363 3.1612963358988737 -0.197802512549697 -0.34556912448574623 1.600540200825799 1.8745926362112586 0.71920256269277161 -0.0081050021021155782 -0.61434097269373644 -2.2839046120541866 -0.20013823753738508 0.050248674373983705
leaf_weight=166 155 94 76 51 61 72 44 78 47 41 74 41 49 1228 63 64 52 490 138 101 51 79 41 66 47 2317 390 56 563 6619
leaf_count=166 155 94 76 51 61 72 44 78 47 41 74 41 49 1228 63 64 52 490 138 101 51 79 41 66 47 2317 390 56 563 6619
internal_value=0.000126724 -0.00107766 -0.000459445 -0.00082393 -0.0120614 -0.000345407 -0.00940476 -0.00567485 0.00479042 0.0157303 -0.0165625 -0.00991379 -0.000596139 -0.00287443 0.000772259 0.00885312 0.000965108 -0.010989 0.00577367 0.00878378 0.0189542 0.0016055 0.00549451 0 -0.000659301 0.000422119 -0.00650685 -0.0137112 0.00112428 0.00153506
internal_weight=13414 6077 5658 5582 227 5355 419 325 166 88 159 115 5283 1982 3301 496 1346 636 432 369 152 217 90 1294 2805 2368 437 546 7337 6774
internal_count=13414 6077 5658 5582 227 5355 419 325 166 88 159 115 5283 1982 3301 496 1346 636 432 369 152 217 90 1294 2805 2368 437 546 7337 6774
is_linear=0
shrinkage=0.05


Tree=247
num_leaves=31
num_cat=0
split_feature=15 14 7 7 2 8 14 11 8 7 7 8 14 11 3 10 10 7 11 14 7 9 15 6 7 14 15 8 15 3
split_gain=4.11641 10.7027 8.9127 7.71781 7.57277 7.46847 18.5983 14.667 16.5368 11.5094 15.4092 13.5122 12.2277 10.3797 9.38092 9.1555 10.5794 9.70747 10.1464 9.37253 8.63077 19.3978 12.5349 16.4068 11.5675 10.4361 9.82141 8.83085 10.1095 18.415
threshold=2959.1250000000005 4063.8750000000005 18.500000000000004 5.5000000000000009 4.5539473684210554 4.5000000000000009 2885.3750000000005 -0.80926783187727869 2.5000000000000004 3.5000000000000004 8.5000000000000018 5.5000000000000009 1932.1250000000002 0.16587474750015932 1.3328947368421054 0.98522604642031408 0.95998215779580554 11.500000000000002 -0.90531874877253482 2393.2500000000005 2.5000000000000004 1.0000000180025095e-35 2448.3750000000005 9.3289473684210549 17.500000000000004 2335.8750000000005 2036.7500000000002 1.0000000180025095e-35 1987.1250000000002 0.98815789473684223
decision_type=10 10 2 2 2 2 8 2 2 2 2 2 10 2 2 2 2 2 2 8 2 2 10 2 2 10 10 2 8 2
left_child=1 5 3 -2 -4 6 20 8 -8 11 -11 12 -7 -14 -13 16 17 19 -19 -12 27 22 23 25 -23 -22 -25 28 29 -1
right_child=2 -3 4 -5 -6 9 7 -9 -10 10 15 14 13 -15 -16 -17 -18 18 -20 -21 21 24 -24 26 -26 -27 -28 -29 -30 -31
leaf_value=1.0697222656548093 -1.2900192132786061 2.7121279124958053 -0.72136564778624013 -0.02204325378355634 0.22333968064058354 -1.920864870447349 -2.0817628565460837 1.2007384721781138 0.8217812153208115 -0.36256567633020043 -0.97460806875038208 0.55793916050795367 0.37963829381684494 1.2367535377920378 -0.32663863761382572 -0.76148680944730818 0.89820388841465049 0.44538159369424196 -0.13322259369576842 0.58425038696811959 0.11818217099062167 -4.2858468310646627 -0.039177227428922379 9.9971945582874255 -0.016073725337139421 0.87419740776208532 2.2189978602631641 -0.033841983297639898 -2.3312350565656517 -0.71887534524676089
leaf_weight=41 65 42 370 4482 74 43 67 419 73 791 82 111 145 137 210 112 89 177 1467 326 1168 74 1265 42 67 287 46 956 40 151
leaf_count=41 65 42 370 4482 74 43 67 419 73 791 82 111 145 137 210 112 89 177 1467 326 1168 74 1265 42 67 287 46 956 40 151
internal_value=2.60805e-05 0.000699964 -0.00111178 -0.000450748 -0.00786517 0.000572314 0.00189483 0.0104464 -0.0035461 -0.00111081 -0.00239737 0.0049459 0.0121166 0.0159011 -0.00232919 -0.000288376 0.000443511 -0.000292255 -0.00200608 0.00660147 0.000737071 0.00218644 0.00309719 0.00612047 -0.0158451 0.00484203 0.0269663 -0.00285955 -0.011588 -0.00673575
internal_weight=13419 8428 4991 4547 444 8386 4696 559 140 3690 3044 646 325 282 321 2253 2141 2052 1644 408 4137 2949 2808 1543 141 1455 88 1188 232 192
internal_count=13419 8428 4991 4547 444 8386 4696 559 140 3690 3044 646 325 282 321 2253 2141 2052 1644 408 4137 2949 2808 1543 141 1455 88 1188 232 192
is_linear=0
shrinkage=0.05


Tree=248
num_leaves=31
num_cat=0
split_feature=12 12 13 11 11 11 8 12 13 12 12 11 15 1 11 1 1 1 8 1 8 0 1 8 3 14 14 15 14 0
split_gain=3.73978 15.9447 10.2603 9.26777 7.82825 9.9564 7.19424 14.0577 16.4311 18.1812 15.6959 13.2466 9.21254 9.02169 8.95726 8.75053 9.43556 8.42643 8.22795 8.06079 19.322 6.03729 11.4202 6.55527 8.02386 8.02873 5.94959 5.90389 7.20912 7.21326
threshold=0.3362885358101006 0.31596169403973995 -0.92272482904738262 -0.96466008222729416 -0.9260227363677036 -0.91939278948206182 5.5000000000000009 0.52217737485370563 0.19969739736768838 0.55120426863728689 0.71051919230648819 0.97461712852231652 2209.1250000000005 6.0474506578947382 0.69521084835931835 27.285197368421056 24.819819078947372 6.597807017543861 1.0000000180025095e-35 6.7560581140350893 1.5000000000000002 10.872368421052634 11.859566885964915 4.5000000000000009 7.760526315789475 2141.8750000000005 2460.8750000000005 1923.1250000000002 2254.6250000000005 12.41184210526316
decision_type=2 2 2 2 2 2 2 2 2 2 2 2 10 2 2 2 2 2 2 2 2 2 2 2 2 10 10 10 10 2
left_child=1 -1 26 -4 -5 -6 11 -8 9 -9 -11 12 15 -14 27 16 18 -13 -7 20 -15 22 23 24 -20 -26 -2 -12 -29 -30
right_child=2 -3 3 4 5 6 7 8 -10 10 14 17 13 19 -16 -17 -18 -19 21 -21 -22 -23 -24 -25 25 -27 -28 28 29 -31
leaf_value=-0.02705491565100715 0.2375958872155593 -1.433371395281938 -0.8660856794818188 1.1014721040787208 -3.4447570725385619 -0.29107942666124703 -1.4358898051650897 0.93754264846631941 0.34181866391805898 -3.1470988860257365 1.3082949885853623 8.9639849519394375 -1.0684080525513993 3.3514807741497634 -1.5297052007715992 1.0986857198244877 -0.81395193287402212 0.056227778424420199 1.1051794170208724 0.0091484256906596787 -0.900622568928236 1.4932436851040849 -1.4228626573471275 1.1001592516262235 0.6891737813405826 -0.76286289001357099 1.3376618843413099 -0.62591833620185189 0.70580393887977388 -0.27712179784443836
leaf_weight=7986 40 57 175 269 42 97 58 42 232 42 41 69 113 48 40 52 54 48 41 3223 42 101 53 65 51 68 77 56 52 142
leaf_count=7986 40 57 175 269 42 97 58 42 232 42 41 69 113 48 40 52 54 48 41 3223 42 101 53 65 51 68 77 56 52 142
internal_value=8.16205e-05 -0.000602934 0.00109496 0.000771112 0.00115714 0.000697722 0.000910785 -0.00375354 -0.00162037 -0.00757212 -0.0110963 0.00170868 0.00122225 0.00023344 -0.00737952 0.00703259 0.00508475 0.0182203 0.00733753 0.000709113 0.0153846 0.0106579 0.00681004 0.0117257 0.00621118 -0.000416667 0.015678 -0.00428082 -0.00717131 -0.0025641
internal_weight=13476 8043 5433 5316 5141 4872 4830 705 647 415 373 4125 4008 3426 331 582 530 117 476 3313 90 379 278 225 160 119 117 291 250 194
internal_count=13476 8043 5433 5316 5141 4872 4830 705 647 415 373 4125 4008 3426 331 582 530 117 476 3313 90 379 278 225 160 119 117 291 250 194
is_linear=0
shrinkage=0.05


Tree=249
num_leaves=31
num_cat=0
split_feature=8 13 0 14 14 13 13 6 8 3 13 12 11 10 10 10 8 0 11 3 3 1 1 1 14 11 14 6 0 14
split_gain=4.83642 12.46 7.41447 7.09166 7.24006 10.2031 16.1349 11.9674 9.2007 11.228 8.77029 8.42885 9.02133 8.23438 7.09779 6.71572 10.9179 5.87168 9.48639 8.38468 7.42428 13.1783 10.3023 9.73117 7.58334 5.6936 5.56006 5.44622 5.80024 5.60842
threshold=3.5000000000000004 -0.99628250747696534 14.228947368421055 1789.3750000000002 2030.1250000000002 -0.71502926860092908 -0.47748501237563551 0.14473684210526319 4.5000000000000009 9.3539473684210552 -0.9575230291762723 0.90623151893102627 0.80290535434334509 0.78857998149907527 0.039769539193789977 -0.66528616069191593 5.5000000000000009 6.7315789473684227 0.97832380634958016 11.015789473684212 7.7223684210526322 8.6816885964912291 8.0635142543859661 7.5498081140350886 2595.1250000000005 0.78192542922038288 3400.3750000000005 721.17105263157907 30.325000000000006 2287.8750000000005
decision_type=2 2 2 8 8 2 2 2 2 2 2 2 2 2 2 2 2 2 2 2 2 2 2 2 10 2 10 2 2 10
left_child=-1 2 -2 14 5 10 -7 8 -8 -10 -5 17 13 15 -3 16 -13 18 -6 -20 27 22 23 24 -22 -17 -26 28 29 -19
right_child=1 3 -4 4 11 6 7 -9 9 -11 -12 12 -14 -15 -16 25 -18 20 19 -21 21 -23 -24 -25 26 -27 -28 -29 -30 -31
leaf_value=0.051376380294573212 -1.844933074657763 -3.8706970818664388 -0.57830929465267222 0.25171301542404761 0.58420015417593729 1.3549534581816602 -0.33997772010127392 -0.95683335589504859 0.35114895386107037 2.3173651395940795 -0.45775988499278814 0.94672007113698564 2.3808738477268663 1.3091514871448453 -0.22014835884619971 -0.16762603066367776 -0.14864426416467041 -0.28745488540722591 0.37270358170583223 -1.1429603251850382 1.3435768447172904 -0.9069617039343939 0.75921220244298415 -1.0143325253703439 -0.82595310644267106 0.99442180374544487 0.23556933561192184 -0.50338813002920235 0.92654533615302626 -0.017900329871849863
leaf_weight=7682 41 40 50 57 217 94 61 53 174 40 125 140 40 71 87 358 73 643 52 60 40 219 48 48 43 77 55 295 89 2407
leaf_count=7682 41 40 50 57 217 94 61 53 174 40 125 140 40 71 87 358 73 643 52 60 40 219 48 48 43 77 55 295 89 2407
internal_value=0.0003227 -0.000767506 -0.0190217 -0.000473103 -0.000206093 0.00495868 0.00921986 0.00395137 0.00815217 0.0130233 -0.00491803 -0.000834003 0.00401316 0.00270833 -0.0121094 0.000924499 0.00817757 -0.00170737 0.00469697 -0.00707965 -0.00225051 -0.00825991 0 -0.00534759 0.00143885 -0.00263761 -0.00606061 -0.0014556 -0.000843949 -0.00121272
internal_weight=13479 5797 91 5706 5579 604 422 328 275 214 182 4975 759 719 127 648 213 4216 329 112 3887 453 234 186 138 435 98 3434 3139 3050
internal_count=13479 5797 91 5706 5579 604 422 328 275 214 182 4975 759 719 127 648 213 4216 329 112 3887 453 234 186 138 435 98 3434 3139 3050
is_linear=0
shrinkage=0.05


Tree=250
num_leaves=31
num_cat=0
split_feature=7 15 12 7 8 8 6 8 15 15 15 12 12 12 15 3 13 13 12 12 12 13 8 0 10 1 1 1 13 13
split_gain=5.11276 12.7159 10.5394 7.99479 11.7762 13.6776 10.9292 12.5381 19.1773 10.8693 10.1038 9.73806 10.8284 21.9053 10.4707 16.1675 9.9836 8.91975 9.1572 8.78983 8.70603 8.4306 9.93882 8.18867 8.11885 8.10244 8.17846 7.62265 7.57309 8.45586
threshold=5.5000000000000009 3016.7500000000005 0.56192297990542495 19.500000000000004 5.5000000000000009 3.5000000000000004 126.90789473684212 4.5000000000000009 2759.3750000000005 2779.2500000000005 2740.1250000000005 0.99683609994235922 0.91161058030431363 0.82048548965790546 2604.7500000000005 9.4802631578947381 0.91423533665985768 0.77652048701313048 -0.99763297024448894 0.93544191479114935 -0.98803388382128665 -0.10837475778693638 1.0000000180025095e-35 4.8618421052631584 -0.861146256326485 12.868530701754388 9.5204495614035114 25.189391447368426 0.85561368268953431 0.88917497572200743
decision_type=2 8 2 2 2 2 2 2 10 10 8 2 2 2 8 2 2 2 2 2 2 2 2 2 2 2 2 2 2 2
left_child=1 -1 -3 6 5 9 11 8 21 19 20 12 13 14 15 -2 -17 18 -10 23 -9 -8 -23 -5 -7 26 -15 -14 -19 -30
right_child=3 2 -4 4 -6 24 7 10 17 -11 -12 -13 27 25 -16 16 -18 28 -20 -21 -22 22 -24 -25 -26 -27 -28 -29 29 -31
leaf_value=-0.06418329566774901 0.94178645373106074 -3.0930725287103087 -0.34985380244536374 -1.7901905765365769 0.18924606130124177 -0.71225271597895701 4.2576239152500879 -2.8064685032154788 1.2256630066554182 -0.71949072754447352 -0.99334723801689506 -0.64828423936173751 0.76981521762322702 -0.58197938811410954 0.09310602384684899 1.2215967322427332 -1.533466868018877 0.52347040709638581 -0.10947821878878586 0.85793726970191531 -0.066595725731997388 4.9834814593704779 -0.2179716226712799 0.05108896045269376 -0.36710255994404406 0.096087570408349171 -2.3820120718097999 0.86639325756445951 -1.1170439457591783 0.87366158512239744
leaf_weight=3303 387 44 40 40 315 109 121 52 60 276 195 76 285 66 1938 45 54 84 2657 99 1171 54 117 880 532 53 69 51 67 278
leaf_count=3303 387 44 40 40 315 109 121 52 60 276 195 76 285 66 1938 45 54 84 2657 99 1171 54 117 880 532 53 69 51 67 278
internal_value=-0.000399438 -0.00208087 -0.0211765 0.00016285 -0.00246448 -0.00392359 0.00091359 -0.000555899 0.00107589 -0.000964506 -0.00451022 0.00327273 0.00373008 0.00264064 0.00391753 0.0104723 -0.0075 -6.35526e-05 -0.00112215 0.00142157 -0.00281863 0.0133106 0.00610465 -0.000108578 -0.00989097 -0.0137566 -0.0202206 0.0121662 0.00662791 0.0033237
internal_weight=13518 3387 84 10131 2251 1936 7880 4856 3438 1295 1418 3024 2948 2612 2424 486 99 3146 2717 1019 1223 292 171 920 641 188 135 336 429 345
internal_count=13518 3387 84 10131 2251 1936 7880 4856 3438 1295 1418 3024 2948 2612 2424 486 99 3146 2717 1019 1223 292 171 920 641 188 135 336 429 345
is_linear=0
shrinkage=0.05


Tree=251
num_leaves=31
num_cat=0
split_feature=7 12 15 15 13 13 8 7 7 8 7 1 15 8 15 8 15 11 7 1 15 6 11 8 7 1 11 0 12 0
split_gain=7.29182 7.15489 7.54664 5.47205 9.28405 9.40989 8.04204 17.6269 14.9423 14.8739 13.8705 12.2585 10.5853 10.2937 12.3282 9.85045 9.83653 9.57314 12.2394 12.6463 10.8636 15.5975 14.1823 9.19491 11.8273 9.00041 10.4912 8.57273 9.06331 10.9482
threshold=22.500000000000004 0.71953851835684701 2041.3750000000002 3356.3750000000005 0.97650658860526895 0.96851671873169776 4.5000000000000009 2.5000000000000004 2.5000000000000004 1.0000000180025095e-35 16.500000000000004 7.4657346491228092 3005.8750000000005 1.5000000000000002 1981.3750000000002 5.5000000000000009 1905.1250000000002 0.99349222267034787 15.500000000000002 8.1376918859649141 2677.1250000000005 14.144736842105265 -0.52765736634565841 5.5000000000000009 18.500000000000004 5.7586622807017553 0.88917497572200743 8.0697368421052662 -0.86114227455745762 11.905263157894739
decision_type=2 2 8 10 2 2 2 2 2 2 2 2 8 2 8 2 8 2 2 2 10 2 2 2 2 2 2 2 2 2
left_child=3 2 -2 6 5 -5 8 11 9 16 12 -8 -9 14 -11 -13 -1 20 19 -19 21 -10 -23 24 -12 -22 -27 -15 29 -29
right_child=1 -3 -4 4 -6 -7 7 10 17 13 23 15 -14 27 -16 -17 -18 18 -20 -21 25 22 -24 -25 -26 26 -28 28 -30 -31
leaf_value=-0.30144051829419144 -0.065120473739324322 0.11494436758106304 -0.75813052897040056 -0.14228264569004523 0.66799142218097818 -3.8185004128891364 1.3508466237595371 -0.13512233771889443 0.25286193316267147 1.0685816636244341 0.45526826508571505 0.77332991676080953 -1.9900107325837553 -0.58601503603459271 0.011198423698624539 -0.062559701788489977 -2.2178231162574549 -2.7100911303051931 0.29416918206168247 0.058619911704658995 5.7688880885525009 0.79682812826631566 8.2483076386389609 0.30395752704208689 -0.36092742811399603 0.11432792237781086 -0.36364238740250132 0.38249445282566513 0.095047119855678375 -0.59997075324820348
leaf_weight=162 222 150 209 2558 158 42 40 2191 1641 82 167 210 80 122 170 224 74 97 88 49 46 190 92 500 333 2908 153 40 476 73
leaf_count=162 222 150 209 2558 158 42 40 2191 1641 82 167 210 80 122 170 224 74 97 88 49 46 190 92 500 333 2908 153 40 476 73
internal_value=6.27399e-05 -0.00541237 -0.00868056 0.000308475 -0.00166727 -0.0023837 0.000842394 -0.00100107 0.00191058 -0.003125 -0.00230746 0.008 -0.00446743 -0.000363071 0.0083004 0.00551724 -0.014346 0.00305793 -0.00680851 -0.0156463 0.00351819 0.00647089 0.0173145 0.0025974 -0.00219561 0.00168919 0.00135532 -0.00344101 -0.000932203 -0.0135965
internal_weight=13547 581 431 12966 2758 2600 10208 3745 6463 1199 3271 474 2271 963 252 434 236 5264 234 146 5030 1923 282 1000 500 3107 3061 711 589 113
internal_count=13547 581 431 12966 2758 2600 10208 3745 6463 1199 3271 474 2271 963 252 434 236 5264 234 146 5030 1923 282 1000 500 3107 3061 711 589 113
is_linear=0
shrinkage=0.05


Tree=252
num_leaves=31
num_cat=0
split_feature=2 10 14 15 11 15 10 2 1 6 11 8 1 11 11 15 14 11 11 11 7 7 11 7 8 15 14 11 10 5
split_gain=5.98465 9.42963 8.35781 12.1949 6.82861 6.7458 7.61506 7.01734 5.114 9.16399 32.0766 9.18763 8.55498 6.91785 8.25945 7.48446 6.87126 7.52727 9.52857 8.91777 29.0816 12.2199 16.6676 14.7879 14.3068 13.9734 12.6981 10.935 10.7222 9.22612
threshold=1.7552631578947386 -0.94705910369513524 2178.2500000000005 2006.8750000000002 -0.091258822863740666 2195.3750000000005 -0.031173458710879235 4.4736842105263177 13.78061951754386 412.89473684210537 -0.76696334127844745 3.5000000000000004 15.521737938596493 -0.30164489695395946 -0.21862536810265826 2164.1250000000005 3567.6250000000005 0.70747208174348741 0.50370931781787065 0.38043945030393422 9.5000000000000018 14.500000000000002 0.29958852271690523 7.5000000000000009 5.5000000000000009 2779.2500000000005 2706.8750000000005 0.29958852271690523 0.66527693225344786 0.066766274238227091
decision_type=2 2 10 8 2 10 2 2 2 2 2 2 2 2 2 10 8 2 2 2 2 2 2 2 2 10 10 2 2 2
left_child=8 4 -3 -4 -2 7 -7 -5 13 16 -11 -12 -13 15 -15 -1 17 18 19 21 29 23 25 24 27 -23 -27 -10 -25 -21
right_child=1 2 3 5 -6 6 -8 -9 9 10 11 12 -14 14 -16 -17 -18 -19 -20 20 -22 22 -24 28 -26 26 -28 -29 -30 -31
leaf_value=0.05110135779592611 1.2465807867478818 1.0435584087372605 -2.405203558663584 0.67445773110299578 -0.085418646735502091 -0.071718422539208862 0.41296004640187223 0.03911573983914423 0.027921908630037254 4.2650353852925944 -0.67039495594569876 -2.2687523842273154 -0.81992475701875955 -2.3552576667635323 0.0085141901052338664 1.3149234172585467 -1.559082551218046 1.3906870584905164 -0.67702440432390176 0.30687450786980436 1.9930805146836748 0.0038537270490905939 -1.1494055835152039 0.95320616070999908 -0.34160170607591456 -1.8750664968590627 -0.32818639671096439 1.7088505622801564 4.6419336018368318 -4.1824826003476003
leaf_weight=78 107 191 53 80 46 1414 524 123 1524 59 341 134 128 43 5882 57 62 41 185 50 156 987 73 221 276 101 390 51 65 69
leaf_count=78 107 191 53 80 46 1414 524 123 1524 59 341 134 128 43 5882 57 62 41 185 50 156 987 73 221 276 101 390 51 65 69
internal_value=-0.000218324 0.00196928 0.00119447 0.000318907 0.013961 0.000910364 0 0.00955882 -0.00072444 -0.00192308 -0.00739065 -0.0108444 -0.0178707 0.000247484 -8.43739e-06 0.0113971 -0.00107008 -0.000823389 -0.00103639 -0.000517154 0.00815217 -0.00116563 -0.00454253 0.00128625 -0.000350972 -0.00338066 -0.0102642 0.00149112 0.0118467 -0.0104167
internal_weight=13511 2538 2385 2194 153 2141 1938 203 10973 4913 662 603 262 6060 5925 135 4251 4189 4148 3963 275 3688 1551 2137 1851 1478 491 1575 286 119
internal_count=13511 2538 2385 2194 153 2141 1938 203 10973 4913 662 603 262 6060 5925 135 4251 4189 4148 3963 275 3688 1551 2137 1851 1478 491 1575 286 119
is_linear=0
shrinkage=0.05


Tree=253
num_leaves=31
num_cat=0
split_feature=7 15 14 11 1 10 10 14 10 12 14 7 7 7 15 13 7 10 10 11 11 14 10 10 13 15 10 1 1 3
split_gain=4.15544 10.2124 8.78383 8.16996 7.63653 6.63875 15.8985 7.82369 6.04473 5.55436 5.35775 5.19527 4.41168 6.61138 11.34 9.38037 11.988 9.49412 8.34101 9.66742 30.5127 14.0167 9.50385 8.78337 7.19595 7.05152 12.8394 9.57617 9.07014 12.7531
threshold=21.500000000000004 2183.1250000000005 2147.6250000000005 -0.42179730054635828 23.899890350877197 0.074116354202380205 -0.94139628442229062 2037.1250000000002 -0.72696319516528884 0.49253244405029933 1887.6250000000002 22.500000000000004 7.5000000000000009 1.0000000180025095e-35 2340.1250000000005 -0.06339081865169055 2.5000000000000004 0.99907018497641664 0.93544191479114935 0.41202506375868281 0.51849435583340198 1961.5000000000002 0.96687895796550427 -0.79384350655589164 -0.22072160979833103 2237.1250000000005 -0.62588817255938378 21.942077850877197 9.1594298245614052 11.907894736842108
decision_type=2 8 10 2 2 2 2 10 2 2 10 2 2 2 10 2 2 2 2 2 2 10 2 2 2 8 2 2 2 2
left_child=12 5 9 4 -4 6 -2 -8 -9 -3 -7 -12 13 14 24 16 -15 18 19 21 -21 -18 -20 -22 -1 -17 -27 28 29 -28
right_child=1 2 3 -5 -6 10 7 8 -10 -11 11 -13 -14 15 -16 25 17 -19 22 20 23 -23 -24 -25 -26 26 27 -29 -30 -31
leaf_value=0.0022384199203372645 -0.43197829855779446 -2.9254312054656908 -3.5898502265980596 0.054400096597589709 -0.46021691108342111 0.44541031793710317 2.0838477017683488 -0.051754853984289188 0.88115663947746159 -0.86265150290782922 0.25155799719198058 -0.73508338873154466 0.048762589792670501 -0.20639482959193745 -2.0071125344171379 -0.036755572500169365 1.2757407914132672 4.3922558188784029 -1.3908579261757497 -2.5578121696691598 -0.60700929659869873 0.15169498416329363 0.054976723816889721 0.90077575960681322 0.63929221951719917 -1.2338226839234041 0.49597668885330681 0.048721729101191616 -0.97449929025492565 -1.5800801665495898
leaf_weight=250 94 68 40 262 135 71 54 46 60 46 106 140 7864 554 44 1004 134 43 94 111 45 628 207 142 277 92 151 384 295 72
leaf_count=250 94 68 40 262 135 71 54 46 60 46 106 140 7864 554 44 1004 134 43 94 111 45 628 207 142 277 92 151 384 295 72
internal_value=6.28977e-05 -0.00284951 -0.00769928 -0.00445205 -0.0127841 0.00183566 0.00784314 0.0173913 0.00934579 -0.02 -0.00298742 -0.00647773 0.000326824 -0.000916519 0.00410839 -0.00164266 0.000816743 0.00327402 0.00253304 0.00461828 -0.00301003 0.00760157 -0.00480132 0.00930851 0.0061553 -0.00405203 -0.00703518 -0.00520487 -0.00963391 -0.00200893
internal_weight=13513 1122 551 437 175 571 254 160 106 114 317 246 12391 4527 571 3956 1958 1404 1361 1060 298 762 301 187 527 1998 994 902 518 223
internal_count=13513 1122 551 437 175 571 254 160 106 114 317 246 12391 4527 571 3956 1958 1404 1361 1060 298 762 301 187 527 1998 994 902 518 223
is_linear=0
shrinkage=0.05


Tree=254
num_leaves=31
num_cat=0
split_feature=6 10 10 13 13 8 14 2 0 14 14 13 2 6 6 6 1 10 8 2 2 0 13 0 2 8 1 2 1 0
split_gain=3.96392 6.8759 6.56255 7.6953 9.67734 7.28316 6.91714 6.05891 7.27267 5.75889 5.08414 5.04666 4.75147 5.8461 6.26447 6.27011 4.63865 9.97855 6.13295 4.284 7.60746 5.444 4.44499 4.13096 4.11347 7.40243 5.52361 5.7466 6.47631 5.23199
threshold=807.51315789473699 0.8697513045430848 0.72695311118111527 0.2332836900311728 0.75438814418115718 4.5000000000000009 3124.8750000000005 1.8026315789473684 23.059210526315795 2644.8750000000005 4265.8750000000009 -0.82413948779581736 1.0236842105263178 12.065789473684212 294.68421052631589 561.59210526315803 21.347889254385972 -0.92274349529687905 3.5000000000000004 3.6815789473684224 4.0065789473684239 23.601315789473691 0.63089349388778826 24.780263157894741 0.12236842105263258 5.5000000000000009 17.276836622807021 0.39078947368421174 22.604029605263161 17.967105263157901
decision_type=2 2 2 2 2 2 10 2 2 10 8 2 2 2 2 2 2 2 2 2 2 2 2 2 2 2 2 2 2 2
left_child=7 2 3 -2 6 -6 9 12 -9 -5 11 23 24 -14 -15 -16 18 -18 -13 21 -21 22 -19 -10 29 26 -26 -28 -29 -1
right_child=1 -3 -4 4 5 -7 -8 8 10 -11 -12 16 13 14 15 -17 17 19 -20 20 -22 -23 -24 -25 25 -27 27 28 -30 -31
leaf_value=0.010112609868042455 -1.6874472295956366 -2.419296766263233 1.7250719052322496 0.30157358872445461 -0.12393834646968571 -1.6549895526989928 -0.13851035704215064 1.1132356723980139 0.1024751997882504 1.614769741435083 1.1806605333487938 4.6178880160651943 0.092585057029214116 -0.76514925207260376 0.43808365115046399 -1.231368155197015 -0.85970078705821606 0.53359414173432929 0.096928769652936356 -0.83453445189338715 0.024800290495636548 0.56456585343147481 -1.0980694873584071 0.71341019444250842 -0.93508606611437706 -0.31537835531303249 1.5722976350784166 1.2084843760106878 -0.044856642415334137 -0.16913552998731804
leaf_weight=8673 71 63 40 43 117 44 85 100 58 48 40 45 145 70 50 44 62 82 61 78 1216 236 65 46 49 57 63 88 107 1473
leaf_count=8673 71 63 40 43 117 44 85 100 58 48 40 45 145 70 50 44 62 82 61 78 1216 236 65 46 49 57 63 88 107 1473
internal_value=0.000115499 -0.00419922 -0.00200445 -0.00391198 -0.000739645 -0.0095679 0.00734463 0.000286622 0.0027512 0.0168478 0.00208543 0.00171795 -0.000189464 -0.00629032 -0.0127273 -0.00421053 0.00111051 0.000488506 0.011215 0.00122169 -0.00015444 0.00585938 -0.00168919 0.012381 -9.51384e-06 0.00520548 0.00827922 0.0111969 0.00688776 -0.000197103
internal_weight=13419 511 448 408 337 161 176 12908 2089 91 1989 1949 10819 309 164 94 1845 1739 106 1677 1294 383 147 104 10510 364 307 258 195 10146
internal_count=13419 511 448 408 337 161 176 12908 2089 91 1989 1949 10819 309 164 94 1845 1739 106 1677 1294 383 147 104 10510 364 307 258 195 10146
is_linear=0
shrinkage=0.05


Tree=255
num_leaves=31
num_cat=0
split_feature=14 14 3 0 13 7 7 12 1 12 0 1 1 1 10 13 12 8 7 12 0 0 0 14 2 12 1 12 12 13
split_gain=5.99176 3.61872 6.91396 7.39406 4.97401 4.29928 3.47792 3.38912 10.2346 9.3333 9.70338 8.51586 7.58598 9.90147 6.61995 6.60434 5.85804 5.44203 5.35624 6.95253 14.156 5.14953 4.97207 4.28823 3.33488 8.5566 8.81475 7.71679 13.5331 9.97254
threshold=4265.8750000000009 3973.3750000000005 6.4276315789473681 29.594736842105267 0.50371863418624774 9.5000000000000018 13.500000000000002 -0.98214488425316759 16.706140350877195 -0.97113884758256674 18.048684210526321 9.7308662280701768 10.298053728070178 13.060142543859653 0.77244481603295057 0.080548817997453351 -0.98803388382128665 1.5000000000000002 3.5000000000000004 -0.99275346941927067 15.364473684210529 13.51184210526316 10.872368421052634 2942.6250000000005 1.7381578947368423 0.91593490216309192 29.42234100877193 0.83966414931270739 0.80033572242307993 -0.5074255885747686
decision_type=10 8 2 2 2 2 2 2 2 2 2 2 2 2 2 2 2 2 2 2 2 2 2 10 2 2 2 2 2 2
left_child=1 7 3 5 -4 -3 -5 8 11 10 14 -1 -13 17 -9 18 -10 -14 -15 20 21 -20 -19 -22 27 26 -26 28 -11 -29
right_child=-2 2 4 6 -6 -7 -8 9 16 24 -12 12 13 15 -16 -17 -18 22 19 -21 23 -23 -24 -25 25 -27 -28 29 -30 -31
leaf_value=-0.68771204448921708 1.1666820935645774 -2.9015269312696095 -1.2110610107628759 0.12095337982250386 0.85236587758054161 -0.83183082457519508 -0.74753385408612305 1.6788729382056886 -0.7168783829192592 -0.030138317598652976 -1.6954965162571058 0.91254317446725963 -0.053944429059401958 -0.088731626610046993 -0.02158727606359321 -0.89440962433532156 -2.1713660839026034 -0.10815806619255 0.19442961531647143 0.94963897223094029 -1.1874018856398039 1.3868818248945218 -3.3335431424847459 0.47528043263846487 0.21509157602627058 -0.14469084454290168 1.0495664729078045 2.2028374415087568 -1.1540501236923775 0.10706519217544611
leaf_weight=61 42 45 48 79 77 59 46 142 68 7833 40 57 101 55 56 71 47 42 75 56 70 58 44 40 1543 710 75 46 204 1536
leaf_count=61 42 45 48 79 77 59 46 142 68 7833 40 57 101 55 56 71 47 42 75 56 70 58 44 40 1543 710 75 46 204 1536
internal_value=-2.97907e-05 -8.96526e-05 -0.00507042 -0.0102174 0.00436508 -0.02 -0.00198413 4.6044e-05 -0.00301418 0.000258493 0.0100418 -0.000820793 0.000820896 -0.000815661 0.0145729 0.00340376 -0.0168103 -0.0103723 0.00619718 0.00883333 0.00512295 0.0160448 -0.0195402 -0.00810811 6.2772e-05 0.00176041 0.00376776 -0.000348233 -0.000976611 0.0028427
internal_weight=13426 13384 354 229 125 104 125 13030 845 12185 238 730 669 612 198 425 115 187 354 299 243 133 86 110 11947 2328 1618 9619 8037 1582
internal_count=13426 13384 354 229 125 104 125 13030 845 12185 238 730 669 612 198 425 115 187 354 299 243 133 86 110 11947 2328 1618 9619 8037 1582
is_linear=0
shrinkage=0.05


Tree=256
num_leaves=31
num_cat=0
split_feature=8 6 14 7 8 13 13 7 13 3 11 14 11 3 13 6 6 14 0 11 8 0 14 13 9 14 8 7 7 8
split_gain=5.01265 9.83537 9.35326 8.73053 9.13136 8.63947 14.9087 13.0919 8.20305 7.44092 10.4573 10.9863 10.4422 9.00799 6.60595 6.49394 6.45064 6.442 6.34766 6.20321 11.4063 6.05337 6.02709 7.99923 5.89448 15.3179 9.63595 7.23724 11.2343 12.6497
threshold=3.5000000000000004 741.17105263157907 2933.1250000000005 2.5000000000000004 1.0000000180025095e-35 -0.99273797715557011 -0.99864786094873803 13.500000000000002 -0.99628250747696534 7.590789473684211 0.8852232634113919 2502.1250000000005 0.90070004940655357 6.9447368421052644 -0.98212955754013376 20.434210526315791 50.934210526315802 1940.3750000000002 22.944736842105268 0.97263757644091875 2.5000000000000004 12.27763157894737 2087.3750000000005 -0.084834093387464782 1.0000000180025095e-35 2923.3750000000005 4.5000000000000009 12.500000000000002 9.5000000000000018 5.5000000000000009
decision_type=2 2 10 2 2 2 2 2 2 2 2 10 2 2 2 2 2 10 2 2 2 2 10 2 2 10 2 2 2 2
left_child=3 8 -3 4 -1 6 7 21 -2 10 14 15 -13 19 16 -12 -7 -6 -19 20 -14 -5 23 -11 27 26 -26 28 29 -10
right_child=1 2 -4 5 17 9 -8 -9 24 22 11 12 13 -15 -16 -17 -18 18 -20 -21 -22 -23 -24 -25 25 -27 -28 -29 -30 -31
leaf_value=-0.59075123892852166 -0.67457628578578133 0.023733845259738474 -1.0399723633932809 3.7422191997420442 0.44731357673584288 0.0024072844261127102 2.4042089530114255 -0.44353223726219543 0.10845278603994757 1.3845966995407935 -0.56509903177212661 -2.5139645767994696 1.2837400400249863 -2.22619993361285 0.084031972954016973 1.6844270625304945 -1.8741531491469461 -0.20503264111145542 0.28205498869996293 -0.69989772990384158 -1.4031280602231164 0.44573121280620853 0.36607713184341723 -0.35281636392812743 0.15150218201122245 -2.7438253917227713 1.5002592053539674 -0.090144149092498085 0.49260765913531945 -0.17521440790737872
leaf_weight=241 92 168 203 41 266 41 83 90 1525 42 76 52 76 40 4807 68 40 416 40 109 40 50 884 153 71 41 70 2405 469 747
leaf_count=241 92 168 203 41 266 41 83 90 1525 42 76 52 76 40 4807 68 40 416 40 109 40 50 884 153 71 41 70 2405 469 747
internal_value=0.000237971 -0.000871892 -0.00873656 0.00107759 -0.00337137 0.00171821 0.010566 0.00247253 -0.000332042 0.00135324 0.000588785 -0.00660173 -0.0117925 -0.00770677 0.00126815 0.00482759 -0.0128049 -0.00055325 -0.00415755 -0.00376106 0.0042735 0.0157609 0.00513889 -0.00280612 -7.5061e-05 0.00874317 0.0165493 -0.000388576 0.00136761 -8.79894e-05
internal_weight=13446 5791 371 7655 963 6692 264 181 5420 6428 5349 461 317 265 4888 144 81 722 456 225 116 91 1079 195 5328 182 141 5146 2741 2272
internal_count=13446 5791 371 7655 963 6692 264 181 5420 6428 5349 461 317 265 4888 144 81 722 456 225 116 91 1079 195 5328 182 141 5146 2741 2272
is_linear=0
shrinkage=0.05


Tree=257
num_leaves=31
num_cat=0
split_feature=7 13 15 13 6 13 7 14 13 6 15 7 14 10 15 15 8 7 14 12 7 0 0 6 10 0 15 12 12 3
split_gain=6.13856 5.5043 5.36485 8.13277 9.40101 12.6708 6.59353 8.94577 12.2752 7.82445 8.45547 6.86985 6.19747 8.6481 8.40573 9.33944 15.269 9.53868 20.5091 12.8912 9.07525 8.87014 6.25048 9.52121 7.21116 11.2445 6.6343 6.04193 9.04541 11.9986
threshold=22.500000000000004 -0.70291145964310642 3356.3750000000005 0.97650658860526895 801.77631578947387 0.96407344085605606 15.500000000000002 3818.2500000000005 -0.42180510190895731 126.90789473684212 3897.1250000000005 18.500000000000004 3169.3750000000005 0.94425825643485939 2202.0000000000005 2740.1250000000005 4.5000000000000009 15.500000000000002 3619.8750000000005 0.73430383941986921 12.500000000000002 19.525000000000002 17.748684210526317 797.06578947368428 -0.91597725483594616 22.192105263157899 3170.1250000000005 -0.59869031648930193 0.93544191479114935 4.8355263157894743
decision_type=2 2 10 2 2 2 2 10 2 2 10 2 8 2 8 8 2 2 8 2 2 2 2 2 2 2 10 2 2 2
left_child=2 -2 12 4 5 6 9 8 -8 10 -4 -10 -1 14 -14 20 22 19 -19 -18 21 -16 -17 24 25 -24 -26 -11 -29 -30
right_child=1 -3 3 -5 -6 -7 7 -9 11 27 -12 -13 13 -15 15 16 17 18 -20 -21 -22 -23 23 -25 26 -27 -28 28 29 -31
leaf_value=0.0052170687645229918 -0.69629474881051012 -0.052607216104217973 0.045796929168659517 0.73214627716461111 -0.93732453928051884 -3.8425596453201596 -1.5289664468659112 -1.1740746854416102 0.24571420443340913 -0.8370326860963474 1.1379621950169849 -0.46690844752737348 -1.9716356884030803 -0.72893231045542284 1.6823324330811831 0.80297180807413049 -1.9701283572735067 -0.31499280447667388 1.7261681804705404 0.00083971875717452353 0.11189303362900774 0.86841490035917568 0.16385935271116525 2.0859589702451333 0.15477779170330452 2.2579828132695638 -1.2792872758010163 0.11340489717415494 -1.26026285897417 1.2002639153230803
leaf_weight=8323 141 411 417 155 150 54 113 75 334 226 148 98 63 196 131 381 97 95 57 85 146 79 103 55 185 43 115 823 136 74
leaf_count=8323 141 411 417 155 150 54 113 75 334 226 148 98 63 196 131 381 97 95 57 85 146 79 103 55 185 43 115 823 136 74
internal_value=-8.51221e-05 -0.00524412 0.000135052 -0.001801 -0.00245376 -0.00172069 -0.00118609 -0.00563607 -0.00338828 0.000328767 0.00521201 0.000461894 0.000669621 0.0033024 0.00449267 0.00521297 0.00312243 -0.00597015 0.00326797 -0.0136612 0.0123249 0.0189573 0.00656852 0.00288845 0.000447427 0.00952381 -0.00398671 -0.00186508 -0.000241779 -0.00947867
internal_weight=13509 552 12957 2803 2648 2498 2444 620 545 1824 565 432 10154 1831 1635 1572 1216 334 152 182 356 210 882 501 446 146 300 1259 1033 210
internal_count=13509 552 12957 2803 2648 2498 2444 620 545 1824 565 432 10154 1831 1635 1572 1216 334 152 182 356 210 882 501 446 146 300 1259 1033 210
is_linear=0
shrinkage=0.05


Tree=258
num_leaves=31
num_cat=0
split_feature=12 8 15 15 7 7 11 8 8 14 15 14 15 11 10 1 7 0 0 11 12 15 0 12 1 1 11 11 7 1
split_gain=6.29144 3.73429 8.65019 6.83459 18.9088 19.581 10.8796 8.64254 11.2412 12.8732 30.912 8.72513 8.56819 7.27726 13.9323 10.4432 8.39324 8.40364 7.75508 6.48603 7.73667 6.12061 11.5805 8.09773 7.59626 5.77055 5.75961 5.62923 14.8866 11.9985
threshold=0.99994162507853945 2.5000000000000004 3897.1250000000005 2597.1250000000005 4.5000000000000009 21.500000000000004 -0.65883892954715351 1.0000000180025095e-35 1.5000000000000002 1869.3750000000002 2127.8750000000005 1702.3750000000002 2237.1250000000005 -0.96904977397942549 0.022575936829235418 26.64771910919541 19.500000000000004 9.1486842105263175 12.41184210526316 -0.56369940867848845 0.033323506451456063 2325.3750000000005 18.856578947368426 0.60726729507090926 12.527384868421054 25.01647478070176 0.48877522411129348 0.9863035000474919 15.500000000000002 6.7560581140350893
decision_type=2 2 10 8 2 2 2 2 2 10 10 10 10 2 2 2 2 2 2 2 2 10 2 2 2 2 2 2 2 2
left_child=1 2 3 4 7 6 -6 -1 9 10 11 -9 19 14 15 -5 27 -18 -19 -10 -21 22 24 -23 -7 -20 -25 29 -29 -15
right_child=-2 -3 -4 13 5 21 -8 8 12 -11 -12 -13 -14 16 -16 -17 17 18 25 20 -22 23 -24 26 -26 -27 -28 28 -30 -31
leaf_value=-0.35484530693254329 1.9448111365530054 -0.032131186770175194 0.65806327672096365 1.7164494625846716 -0.042380000889079388 0.58711316142490666 2.1701286806978488 -0.152521240401569 0.96238308061042521 0.92449264889473859 -1.8992216251292349 0.98255540919390116 -0.5869717275263383 1.1088785634517764 1.2776290541392201 -2.7876289066670554 -1.2198125237609929 0.33785135855703174 -1.7259479607397339 -0.2632111698835729 0.44243522152194148 -1.3234073115494198 3.5457370609478631 -0.60896898629234786 -0.16560641254869779 -0.11816504351033928 0.95683410556850967 -2.8607085057119548 1.5859140604150299 -0.060121951436792644
leaf_weight=377 40 7715 323 48 69 96 297 54 53 179 49 93 100 114 74 58 71 94 72 132 92 52 41 41 155 66 41 96 50 2770
leaf_count=377 40 7715 323 48 69 96 297 54 53 179 49 93 100 114 74 58 71 94 72 132 92 52 41 41 155 66 41 96 50 2770
internal_value=-4.44017e-05 -0.000103912 0.000859673 0.000386385 0.00278356 0.00870113 0.0171662 -0.00137168 0.00172643 0.00784574 -0.00101523 0.010473 -0.00436508 -0.000924872 0.00883978 -0.00280374 -0.00145471 -0.009375 -0.00472103 0.000179856 -0.00355556 0.00140515 0.00546075 -0.00740741 0.00138889 -0.0122302 0.00240964 -0.000659848 -0.0102041 -0.00017331
internal_weight=13512 13472 5757 5434 1921 792 366 1129 752 375 196 147 377 3513 180 106 3333 303 232 277 224 426 292 134 251 138 82 3030 146 2884
internal_count=13512 13472 5757 5434 1921 792 366 1129 752 375 196 147 377 3513 180 106 3333 303 232 277 224 426 292 134 251 138 82 3030 146 2884
is_linear=0
shrinkage=0.05


Tree=259
num_leaves=31
num_cat=0
split_feature=11 11 1 10 8 7 14 14 7 11 7 1 6 7 10 7 14 5 8 5 14 10 13 13 7 12 12 8 11 11
split_gain=6.91513 6.08692 6.41209 5.59052 10.1574 9.34437 9.2432 6.86372 6.81715 13.2471 8.94769 6.90062 11.6413 6.27494 8.32601 4.87715 4.78343 4.83754 7.53997 4.51083 4.53331 9.89633 8.51952 7.31366 8.94266 7.24802 8.12942 13.9267 7.00963 21.5117
threshold=0.97832380634958016 0.97461712852231652 6.2878015350877208 0.10837544681456425 2.5000000000000004 1.5000000000000002 2867.8750000000005 2989.1250000000005 15.500000000000002 0.99681593486783593 20.500000000000004 8.1376918859649141 25.684210526315791 5.5000000000000009 1.0000000180025095e-35 13.500000000000002 3818.2500000000005 9.4473286011080351 3.5000000000000004 14.835881232686981 2335.8750000000005 -0.44504625642270151 -0.99273797715557011 -0.98523800472371936 9.5000000000000018 -0.0053757035942445328 -0.039769906970920914 3.5000000000000004 -0.60555643346685839 -0.46800559042974538
decision_type=2 2 2 2 2 2 10 10 2 2 2 2 2 2 2 2 10 2 2 2 10 2 2 2 2 2 2 2 2 2
left_child=1 2 16 5 -5 -2 -6 8 11 10 -10 13 -13 -7 -15 -8 17 -1 -19 20 21 28 25 24 -24 26 27 -22 -4 -30
right_child=3 -3 19 4 6 7 15 -9 9 -11 -12 12 -14 14 -16 -17 -18 18 -20 -21 22 -23 23 -25 -26 -27 -28 -29 29 -31
leaf_value=0.39313256284126513 0.4061291788887843 1.6843135080946015 -0.64794599386538043 6.0528722612069261 -0.89057594638957205 -0.015775265686738749 0.78368785151456 -1.3182042048049312 0.090433314626659475 1.0325249667900835 -1.2953405174174806 -0.63748891396627416 0.6908010958255546 -1.1836338865883704 -3.6163964612923341 -0.11456405384324171 -1.3779940912911344 -1.2788763331574842 0.50810741559582773 0.70542279364274241 4.2767816220793975 0.059399871399841687 0.72178010052857644 0.037581812327312038 -1.3603064569085974 1.0477830125026799 -0.80040339806718075 -0.31868167545153486 1.0884913767819171 -0.1268106322646986
leaf_weight=60 57 76 272 77 72 72 44 114 42 97 45 77 59 104 50 41 60 102 59 75 41 2559 45 7407 95 166 58 70 109 1296
leaf_count=60 57 76 272 77 72 72 44 114 42 97 45 77 59 104 50 41 60 102 59 75 41 2559 45 7407 95 166 58 70 109 1296
internal_value=-4.07347e-05 0.000270895 0.000184369 -0.00414916 0.00255319 -0.00633705 -0.00474684 -0.00801815 -0.00566728 0.00216216 -0.0119318 -0.00964187 -0.000729927 -0.014978 -0.0206452 0.00639535 -0.0072695 -0.00382883 -0.00833333 0.000356733 0.000280551 -0.00103847 0.000989471 0.000642554 -0.0106383 0.00877976 0.00147059 0.009375 -0.00402265 -0.00259602
internal_weight=13501 12550 12474 951 234 717 157 660 546 184 87 362 136 226 154 85 281 221 161 12193 12118 4236 7882 7547 140 335 169 111 1677 1405
internal_count=13501 12550 12474 951 234 717 157 660 546 184 87 362 136 226 154 85 281 221 161 12193 12118 4236 7882 7547 140 335 169 111 1677 1405
is_linear=0
shrinkage=0.05


Tree=260
num_leaves=31
num_cat=0
split_feature=7 15 12 0 11 12 14 11 12 11 15 7 7 15 2 1 0 1 1 0 0 8 8 7 7 11 12 12 15 1
split_gain=5.64546 12.1156 11.0724 6.70081 9.73931 6.91309 8.32387 6.3194 6.11424 5.56703 6.39065 9.8395 8.89801 12.7575 11.0675 9.25313 8.01156 7.80405 8.67738 8.08207 7.00112 6.43721 6.14014 19.4155 15.4186 12.8263 12.523 17.8186 25.004 15.5509
threshold=20.500000000000004 2340.1250000000005 0.61746692340271048 18.469736842105267 0.063390085881955341 -0.75015329512557194 2165.7500000000005 -0.69676771491221523 -0.57693561556757644 0.99981043035926087 3117.3750000000005 19.500000000000004 16.500000000000004 2578.3750000000005 6.4486842105263191 11.859566885964915 15.925000000000002 15.521737938596493 14.796546052631582 13.425000000000002 20.293421052631583 5.5000000000000009 4.5000000000000009 3.5000000000000004 1.0000000180025095e-35 0.99349222267034787 0.95938219844953276 -0.10837644903917555 2189.6250000000005 25.01647478070176
decision_type=2 8 2 2 2 2 10 2 2 2 10 2 2 10 2 2 2 2 2 2 2 2 2 2 2 2 2 2 10 2
left_child=9 3 -3 4 8 6 -6 -5 -2 10 12 -12 22 15 16 -14 -15 18 19 -17 -18 -19 23 -1 -24 26 27 28 -25 -28
right_child=1 2 -4 7 5 -7 -8 -9 -10 -11 11 -13 13 14 -16 17 20 21 -20 -21 -22 -23 24 25 -26 -27 29 -29 -30 -31
leaf_value=-0.076545484515281717 -0.035981704445964623 -0.91280005033131606 -0.13106115559860429 1.6149776627265056 1.8723384325137205 -0.017864279055129374 0.028252817634074747 -0.15794733846066722 -0.58486690361060034 -0.74852245486749214 -0.060085274634030843 -1.0523164213758491 2.3846057854621789 0.18978628752271334 1.6120210635931813 -0.74929612001947143 -0.72475435980311431 0.34244397072496896 -1.0774902734409808 1.1117762318673159 0.012520297143123572 1.1268659715223976 0.86172775411499747 3.3691983996825456 -0.10247332853419949 -1.2625360420418019 0.63791119615898428 1.3742754317336221 0.02239926053898671 -1.2853595051597608
leaf_weight=1583 199 347 336 99 52 351 71 69 141 86 4118 83 70 516 48 43 197 142 41 44 215 93 161 111 2538 75 82 591 897 86
leaf_count=1583 199 347 336 99 52 351 71 69 141 86 4118 83 70 516 48 43 197 142 41 44 215 93 161 111 2538 75 82 591 897 86
internal_value=-0.000426368 -0.00315126 -0.00826023 0.000406918 -0.00147239 0.00315789 0.0133065 0.00946746 -0.00791789 -4.22976e-05 5.11291e-05 -0.00151119 0.000922485 0.00450355 0.0013306 0.0116359 0.000107643 0.00837912 -0.00155039 0.00738636 -0.00508475 0.0137712 9.79592e-05 0.00150321 -0.00168519 0.00499186 0.00585407 0.00721875 0.00317146 -0.00710059
internal_weight=13485 1665 683 982 814 474 123 168 340 11820 11734 4201 7533 1409 976 433 928 363 128 87 412 235 6124 3425 2699 1842 1767 1599 1008 168
internal_count=13485 1665 683 982 814 474 123 168 340 11820 11734 4201 7533 1409 976 433 928 363 128 87 412 235 6124 3425 2699 1842 1767 1599 1008 168
is_linear=0
shrinkage=0.05


Tree=261
num_leaves=31
num_cat=0
split_feature=7 12 12 1 7 9 8 15 8 13 11 0 12 14 15 15 7 7 14 15 0 12 14 0 12 14 12 14 14 11
split_gain=5.23122 11.2688 10.5977 10.479 10.051 22.7321 24.3991 14.6292 17.8512 11.3201 11.8303 10.7087 9.667 8.44499 18.1783 7.52635 9.84928 8.03523 11.9748 13.2996 14.4269 8.83061 13.7559 14.803 7.80259 7.43589 11.597 9.30751 9.15547 8.67165
threshold=5.5000000000000009 0.9993614236720848 0.99683609994235922 10.426123903508772 9.5000000000000018 1.0000000180025095e-35 5.5000000000000009 2512.8750000000005 4.5000000000000009 0.38044648673137205 -0.73284120334876357 9.2802631578947388 0.73430383941986921 2274.1250000000005 2116.3750000000005 3117.3750000000005 18.500000000000004 12.500000000000002 2460.8750000000005 3284.6250000000005 9.343421052631582 -0.69057042736241547 3483.5000000000005 16.967105263157901 0.99049901459377832 3554.7500000000005 0.84313847884979054 3483.5000000000005 3455.1250000000005 0.42763731121559989
decision_type=2 2 2 2 2 2 2 8 2 2 2 2 2 8 8 8 2 2 8 10 2 2 10 2 2 10 2 10 10 2
left_child=-1 2 4 -3 5 6 7 -2 9 10 -9 -8 -10 -13 -15 -6 17 18 -17 -20 -21 22 23 -19 -23 27 -27 28 29 -12
right_child=1 3 -4 -5 15 -7 11 8 12 -11 25 13 -14 14 -16 16 -18 21 19 20 -22 24 -24 -25 -26 26 -28 -29 -30 -31
leaf_value=-0.062645752441608235 1.9033967053656626 -0.0019372333103092388 -1.1780440562251442 2.2729721180418667 0.027744788252834954 -2.9756296089557739 -1.7023114548461764 -1.0763860324362895 -1.1138985564226687 1.1031463315766359 0.95859108322262054 -2.3016425120245687 0.45029274550648779 1.1279964240926574 -0.71268275775828449 -2.2741657915679983 -0.65889883097571555 2.6546645576258925 0.60459846007677243 1.2678006925810905 -0.91439374229037185 -0.11375719412171748 -0.18893000855773609 0.24143120545818419 0.97008007692577403 -1.1108575310911419 1.2998798631849924 3.2425722641007839 -1.0340384992020177 -0.12797340108032815
leaf_weight=3370 207 56 140 61 4739 71 79 80 99 480 458 52 58 71 112 113 310 97 177 72 475 1371 151 92 55 113 67 54 40 138
leaf_count=3370 207 56 140 61 4739 71 79 80 99 480 458 52 58 71 112 113 310 97 177 72 475 1371 151 92 55 113 67 54 40 138
internal_value=-0.000252619 0.000317177 0.000135379 0.015678 0.000330553 0.00332569 0.00426743 0.00651811 0.00488035 0.00663871 0.00347003 -0.00857143 -0.0110759 -0.00317797 0.00190217 -0.000522671 -0.00252231 -0.0015169 -0.00554893 -0.00317241 -0.00702555 0.000396152 0.00762463 0.0165789 -0.00133146 0.00516648 -0.0038674 0.00752533 0.00580848 0.00737018
internal_weight=13458 10088 9971 117 9831 2179 2108 1794 1587 1430 950 314 157 235 183 7652 2913 2603 837 724 547 1766 340 189 1426 870 180 690 636 596
internal_count=13458 10088 9971 117 9831 2179 2108 1794 1587 1430 950 314 157 235 183 7652 2913 2603 837 724 547 1766 340 189 1426 870 180 690 636 596
is_linear=0
shrinkage=0.05


Tree=262
num_leaves=31
num_cat=0
split_feature=14 14 14 11 15 14 7 0 10 15 6 7 6 11 14 10 0 14 15 15 7 6 14 11 14 15 2 10 10 15
split_gain=3.84033 4.95589 8.02306 7.5618 6.36679 9.64866 9.05027 6.00638 9.00666 6.98974 9.08402 7.02206 7.12037 7.28017 6.51026 6.21395 8.80855 7.04429 5.18355 10.6898 8.52973 6.74922 6.09589 8.47864 5.8137 5.12698 5.03844 6.79842 11.6281 6.18056
threshold=4135.2500000000009 3455.1250000000005 3432.6250000000005 -0.98801846520836312 3635.8750000000005 2232.3750000000005 9.5000000000000018 10.943421052631582 0.94425825643485939 3068.3750000000005 86.328947368421083 13.500000000000002 11.118421052631581 0.87709077819680659 3973.3750000000005 -0.2270106897347694 8.1539473684210559 3764.6250000000005 3254.3750000000005 3195.6250000000005 18.500000000000004 900.56578947368428 3336.2500000000005 -0.21022037796396451 3283.8750000000005 3483.5000000000005 0.12236842105263258 0.88621069759564464 0.80417553764032002 2195.3750000000005
decision_type=10 8 10 2 10 10 2 2 2 10 2 2 2 2 10 2 2 10 8 10 2 2 10 2 10 10 2 2 2 10
left_child=1 2 4 -3 18 -6 -7 9 14 10 -5 15 -13 -14 -9 16 -11 -17 19 21 22 26 24 -24 -20 -25 29 28 -28 -1
right_child=-2 3 -4 7 5 6 -8 8 -10 11 -12 12 13 -15 -16 17 -18 -19 20 -21 -22 -23 23 25 -26 -27 27 -29 -30 -31
leaf_value=0.039604324498316149 0.56649002559636308 0.81796971198675694 1.3045694064357691 1.5527759856606851 -0.65102458729542723 2.4535185933346613 0.26265816821332921 -0.13679542294157729 -1.8426391799387147 -0.34755072569430467 -0.19300953425426998 -0.10412507959678124 -0.21522000339441549 -1.9176868065423265 -0.8127202830743272 0.67624172612986522 1.7882264929052214 -0.5378411011604044 -0.067449998487450105 0.77634570297129812 -0.75238013267829729 -1.7894729861620364 -2.7661985291955946 -0.35942629820754068 0.73614707605084961 0.63796866744640968 0.0980297582251069 -1.6135775178032645 2.5002760810324447 -0.081553572372502006
leaf_weight=3187 145 89 110 100 40 112 271 1017 62 41 80 180 52 48 114 80 68 156 827 323 130 70 58 137 136 44 1665 59 40 4078
leaf_count=3187 145 89 110 100 40 112 271 1017 62 41 80 180 52 48 114 80 68 156 827 323 130 70 58 137 136 44 1665 59 40 4078
internal_value=-0.000188609 -0.000276636 0.000137314 -0.00251437 4.47307e-06 0.00601415 0.00846354 -0.00315158 -0.00540201 0.000186104 0.00883978 -0.00231629 -0.00818505 -0.0188119 -0.00437279 0.00245665 0.0122727 -0.0021097 -0.00023245 0.00018041 -0.00315079 -0.000137363 -0.00182876 -0.00895833 -5.18672e-05 -0.00357143 -1.66113e-05 0.0023796 0.00296014 -0.000598679
internal_weight=13519 13374 11287 2087 11177 423 383 1998 1193 805 180 625 280 100 1131 345 109 236 10754 9422 1332 9099 1202 239 963 181 9029 1764 1705 7265
internal_count=13519 13374 11287 2087 11177 423 383 1998 1193 805 180 625 280 100 1131 345 109 236 10754 9422 1332 9099 1202 239 963 181 9029 1764 1705 7265
is_linear=0
shrinkage=0.05


Tree=263
num_leaves=31
num_cat=0
split_feature=7 15 15 0 0 3 14 8 7 10 15 0 10 11 7 15 10 13 15 13 10 11 7 15 7 9 9 7 15 10
split_gain=7.21442 7.18824 6.20084 15.9438 13.4903 13.8025 8.36015 8.28141 8.21431 10.6006 10.1584 7.87499 7.57582 7.73278 7.39801 7.8811 6.93339 13.5017 7.81773 6.90922 21.4115 12.5935 11.2355 14.5685 7.53829 15.3949 14.1368 15.0591 13.6617 21.9766
threshold=21.500000000000004 2656.1250000000005 1895.1250000000002 22.192105263157899 16.077631578947372 1.7868421052631576 2147.6250000000005 4.5000000000000009 17.500000000000004 -0.96235977360714686 2740.1250000000005 18.264473684210532 -0.79384350655589164 -0.64580103137750788 20.500000000000004 2578.3750000000005 0.62587949062545845 1.0000000180025095e-35 2252.1250000000005 0.97009571160424379 0.10837544681456425 0.98899263613956456 15.500000000000002 3555.5000000000005 14.500000000000002 1.0000000180025095e-35 1.0000000180025095e-35 3.5000000000000004 3347.1250000000005 0.99865421017599998
decision_type=2 8 8 2 2 2 10 2 2 2 8 2 2 2 2 10 2 2 10 2 2 2 2 10 2 2 2 2 10 2
left_child=2 -2 3 4 5 -1 11 19 10 -10 16 -6 -7 -14 15 -11 -9 18 -18 21 22 24 23 -21 26 -26 27 -4 29 -29
right_child=1 -3 7 -5 6 12 -8 8 9 14 -12 -13 13 -15 -16 -17 17 -19 -20 20 -22 -23 -24 -25 25 -27 -28 28 -30 -31
leaf_value=-0.80349500715194611 -0.11011783068316845 -2.2778374682354867 -0.11389168444086409 -1.0096075007919922 1.3405904295388043 -0.27053302854402544 -1.1120370716480807 -0.027686541166787038 -0.70914087481251054 0.94241810679320681 -0.68225610987018404 0.77885962565801492 -0.63238156635317189 0.43632451436942576 -0.34187283430551363 0.034487349765140611 0.018619432272782888 -2.685271054669943 -0.72617406677588869 -0.93020427213884327 12.979312232686176 -2.6447090714814978 1.1229330576343501 0.56288547902699981 -0.13191140783860647 2.3515663653795857 -2.625859796104328 0.41494771920032464 -0.0034330014709325952 7.508439815574377
leaf_weight=77 1068 54 1166 57 60 52 41 1460 57 207 330 64 42 563 156 245 291 54 209 216 46 77 139 101 2549 65 124 2142 1750 52
leaf_count=77 1068 54 1166 57 60 52 41 1460 57 207 330 64 42 563 156 245 291 54 209 216 46 77 139 101 2549 65 124 2142 1750 52
internal_value=-0.000347762 -0.00418522 0 0.00386625 0.0055 0.00258503 0.0183735 -0.000323511 -0.00257475 0.00232733 -0.00396588 0.0248 0.00493921 0.00651815 0.00426929 0.00750552 -0.00263027 -0.00738739 -0.00479042 0.000480541 0.00616302 0.000119859 0.00284464 -0.00235849 0.000318512 -0.0018738 0.00141356 0.0018196 0.00329531 0.00592255
internal_weight=13514 1122 12392 956 899 734 165 11436 3009 665 2344 124 657 605 608 452 2014 554 500 8427 502 7925 456 317 7848 2614 5234 5110 3944 2194
internal_count=13514 1122 12392 956 899 734 165 11436 3009 665 2344 124 657 605 608 452 2014 554 500 8427 502 7925 456 317 7848 2614 5234 5110 3944 2194
is_linear=0
shrinkage=0.05


Tree=264
num_leaves=31
num_cat=0
split_feature=10 1 14 1 1 3 1 10 11 7 1 7 0 10 14 10 10 7 7 8 11 0 10 14 12 10 10 1 10 7
split_gain=4.05453 18.743 8.71216 9.23316 8.38912 7.82762 9.93734 8.34718 8.89639 7.76594 6.65609 6.12461 8.6806 5.75355 4.8466 6.25791 3.88817 3.66211 7.50005 8.07514 15.4214 13.8918 13.4262 7.69172 8.94682 7.06808 11.2473 11.0768 10.5292 8.26134
threshold=0.98522604642031408 15.323410087719301 2064.1250000000005 10.050904605263161 12.062280701754389 7.0210526315789483 14.796546052631582 0.99761913169647187 0.029024409397335523 18.500000000000004 10.219599780701756 14.500000000000002 14.138157894736844 0.97875492728876534 3268.3750000000005 0.99274428880883148 0.98213580174693105 6.5000000000000009 10.500000000000002 1.0000000180025095e-35 -0.86548532668110156 20.710526315789476 0.19337368024598436 3383.8750000000005 -0.9905448150984083 0.93544191479114935 0.88621069759564464 12.868530701754388 0.84313847884979054 4.5000000000000009
decision_type=2 2 10 2 2 2 2 2 2 2 2 2 2 2 10 2 2 2 2 2 2 2 2 10 2 2 2 2 2 2
left_child=13 2 3 -2 -5 6 7 9 11 14 -7 12 -9 17 15 -4 -15 25 19 20 -19 22 -22 -20 -25 26 28 -28 -1 -27
right_child=1 -3 5 4 -6 10 -8 8 -10 -11 -12 -13 -14 16 -16 -17 -18 18 23 -21 21 -23 -24 24 -26 29 27 -29 -30 -31
leaf_value=-0.02846915013279272 1.2552982873148324 -2.2515723624490533 -0.97726799087321303 -1.8705633076879282 -0.42915600468500659 -0.048111766846921006 1.3230347202202439 2.0225009987271734 1.8020742772954463 0.79850609624531899 2.2959198410875614 -0.98538840065047006 -0.51289880684585121 1.697019673172008 -0.094284875038420077 -2.2358415779506231 0.069803666515406357 4.7958737921217791 0.026742692143170644 0.10337641817134227 -0.055936455425535318 -1.7727986111622387 3.0009216362834423 -1.4379716818019688 -0.17911594501836137 -0.17191391945223133 -0.038260358552344088 1.0034532806812082 -0.58702015604385449 -2.0095933466183853
leaf_weight=3160 40 40 72 57 84 42 45 41 45 43 49 64 40 75 51 41 70 44 5290 1793 94 56 95 48 1448 154 66 86 111 62
leaf_count=3160 40 40 72 57 84 42 45 41 45 43 49 64 40 75 51 41 70 44 5290 1793 94 56 95 48 1448 154 66 86 111 62
internal_value=-0.000149176 -0.00370861 -0.00181818 -0.0112637 -0.0172535 0.00140449 -0.0013544 -0.00389447 0.00366492 -0.0108173 0.0146739 -0.00239726 0.00670732 6.32261e-05 -0.0157576 -0.0214912 0.00993151 -5.19667e-05 0.00049611 0.0031205 0.0108621 0.00589431 0.0123684 -0.000309415 -0.00347361 -0.00138736 -0.00083236 0.0124183 -0.00145171 -0.0101382
internal_weight=13406 754 714 181 141 533 442 397 190 207 91 145 81 12652 164 113 145 12507 8868 2082 289 245 189 6786 1496 3639 3423 152 3271 216
internal_count=13406 754 714 181 141 533 442 397 190 207 91 145 81 12652 164 113 145 12507 8868 2082 289 245 189 6786 1496 3639 3423 152 3271 216
is_linear=0
shrinkage=0.05


Tree=265
num_leaves=31
num_cat=0
split_feature=12 13 12 10 12 6 15 10 1 6 10 6 1 1 15 1 10 10 1 14 15 12 12 12 15 1 1 10 3 14
split_gain=4.90888 9.13423 12.6034 10.4575 8.50416 8.20576 9.38281 7.56458 20.4636 10.2873 7.51275 7.32934 14.2951 12.9038 6.9385 6.89816 9.49661 21.8195 8.0743 6.68806 7.02857 8.74612 9.17319 7.74969 6.60442 6.698 7.89829 6.84926 6.56104 6.44771
threshold=-0.159513159777915 -0.83377508534904698 -0.51941337148263467 -0.8781231054254196 -0.10837644903917555 537.59210526315803 1760.1250000000002 -0.79384350655589164 16.96132127192983 181.68421052631581 -0.76141707087277943 5.328947368421054 16.857319078947373 17.800137061403515 3079.8750000000005 16.20326206140351 -0.98523971305672675 -0.97509794945709805 15.597341008771933 2100.1250000000005 2183.1250000000005 -0.63172727744526391 -0.7614135502316719 -0.98214488425316759 2133.6250000000005 7.6205043859649138 15.521737938596493 0.86113431103781346 1.6407894736842101 1835.2500000000002
decision_type=2 2 2 2 2 2 10 2 2 2 2 2 2 2 10 2 2 2 2 10 10 2 2 2 10 2 2 2 2 10
left_child=1 2 -1 11 -2 6 -4 8 9 28 -9 -3 14 -14 -13 18 -17 -18 -8 20 24 22 23 -22 25 -12 -27 -28 -5 -25
right_child=4 3 5 7 -6 -7 15 10 -10 -11 19 12 13 -15 -16 16 17 -19 -20 -21 21 -23 -24 29 -26 26 27 -29 -30 -31
leaf_value=-1.7585430069347012 0.76708021998385334 0.028805048198296393 -1.2488731318087389 1.1259016647234148 0.00040815008446770662 -0.72613757920489663 -0.10775203975607611 0.86022173628829257 -1.8585444035671914 -2.5085370135375342 1.0492065479679924 3.2733227763013022 -0.94885161240728166 2.1844712138781461 1.5931079815154932 1.9454990030597856 -0.56222907097499053 0.62760256460557007 -1.5566219356932836 -0.12524755349375027 0.87920763427449633 -2.5126465212166069 1.5431932100963879 -3.2788863783913942 2.0182813337031122 -0.045259833797956617 0.32152081036324492 1.2328202278795517 -0.074044148230098014 -0.37194054665574189
leaf_weight=75 200 263 47 73 7211 110 375 115 51 78 41 51 46 47 52 59 97 138 45 3111 44 53 48 40 42 393 314 91 148 70
leaf_count=75 200 263 47 73 7211 110 375 115 51 78 41 51 46 47 52 59 97 138 45 3111 44 53 48 40 42 393 314 91 148 70
internal_value=-0.000561756 -0.00161 -0.0061246 -0.000783063 0.000303562 -0.00441514 -0.00255906 -0.00148525 -0.00854701 -0.0035 -0.0009168 0.00641304 0.0137056 -0.000531915 0.0264423 -0.00111888 0.00474576 0.000211864 -0.00522565 -0.00125942 0.00202287 -0.00527344 -0.000492611 -0.00645161 0.00413832 0.00315476 0.00212766 0.0070197 0.00202703 -0.0135135
internal_weight=13528 6117 946 5171 7411 871 761 4712 350 299 4362 459 196 93 103 714 294 235 420 4247 1136 255 202 154 881 839 798 405 221 110
internal_count=13528 6117 946 5171 7411 871 761 4712 350 299 4362 459 196 93 103 714 294 235 420 4247 1136 255 202 154 881 839 798 405 221 110
is_linear=0
shrinkage=0.05


Tree=266
num_leaves=31
num_cat=0
split_feature=14 10 6 0 8 2 12 12 8 12 10 10 2 10 8 1 12 12 12 1 11 12 8 1 1 14 1 1 0 8
split_gain=6.58325 8.17435 8.57203 7.97598 7.67798 6.5903 8.55096 14.4506 12.6682 10.2293 8.27155 8.12006 7.40489 7.24004 8.41972 18.4163 11.2426 10.9063 8.9028 8.06947 6.77712 9.7886 17.6866 13.1135 8.55999 9.67332 8.79233 8.46392 7.40399 7.50178
threshold=3764.6250000000005 0.67802080537253961 70.618421052631604 10.672368421052633 1.5000000000000002 1.7552631578947386 0.83373797915484082 0.82414472752956958 1.0000000180025095e-35 0.84660111278280559 0.84773968378660736 0.80926549319045582 3.178947368421055 -0.94705910369513524 3.5000000000000004 21.621600877192989 0.97109394436505758 0.98519415784776321 0.99898004730802425 27.124862938596497 -0.60555643346685839 0.97508442350096236 5.5000000000000009 7.6205043859649138 8.7560581140350902 3068.1250000000005 23.899890350877197 23.899890350877197 8.7210526315789512 5.5000000000000009
decision_type=8 2 2 2 2 2 2 2 2 2 2 2 2 2 2 2 2 2 2 2 2 2 2 2 2 10 2 2 2 2
left_child=5 2 3 -2 -4 6 7 -1 11 -10 20 -8 -7 -14 15 -15 19 -18 -16 -17 27 23 -23 -22 -25 26 28 -11 -26 -30
right_child=1 -3 4 -5 -6 12 8 -9 9 10 -12 -13 13 14 18 16 17 -19 -20 -21 21 22 -24 24 25 -27 -28 -29 29 -31
leaf_value=-0.03599891155598698 0.55912040687021547 -1.4093420162094845 -1.6793671794309148 -1.5261297434060113 -0.1534109914814053 0.50453290503301107 -0.17033145753521239 -2.2329623895529496 1.9198692068986702 -0.70990079937573691 -0.75686231688531513 -1.1471066727011476 0.6238292632698631 4.295377805968883 -0.21194261642781387 0.055980126742178983 -4.5295129764769628 -0.14604986712504342 2.745635354169508 0.94418989785422136 -0.39239721829299018 0.22603324927642918 -1.2698662067964961 1.5770178415563807 0.53628426738723645 -0.0062188813067905364 -0.30343487188702056 0.69184949042286237 1.5666845823524 1.2169224989670795
leaf_weight=8767 229 87 110 54 492 512 181 53 58 105 91 63 79 58 679 411 43 158 62 208 59 276 59 104 47 140 40 97 94 64
leaf_count=8767 229 87 110 54 492 512 181 53 58 105 91 63 79 58 679 411 43 158 62 208 59 276 59 104 47 140 40 97 94 64
internal_value=-0.000252207 -0.00421377 -0.00276524 0.00440141 -0.00613599 5.59597e-05 -0.000475774 -0.00106564 0.0030426 0.00510121 0.00407816 -0.00734694 0.00253279 0.00094173 0.000216049 0.00352673 0.00158343 -0.00866337 -0.0037062 0.00491935 0.00529466 0.00718326 0.000446429 0.0112933 0.0139796 0.0104922 0.0164634 -0.00295567 0.0206311 0.0257862
internal_weight=13480 972 885 283 602 12508 10298 8820 1478 1234 1176 244 2210 1698 1619 878 820 201 741 619 1085 883 335 548 489 385 245 202 205 158
internal_count=13480 972 885 283 602 12508 10298 8820 1478 1234 1176 244 2210 1698 1619 878 820 201 741 619 1085 883 335 548 489 385 245 202 205 158
is_linear=0
shrinkage=0.05


Tree=267
num_leaves=31
num_cat=0
split_feature=8 7 7 14 13 12 10 8 12 12 12 13 14 12 13 12 13 15 3 10 10 15 7 15 14 13 15 6 11 7
split_gain=9.46981 11.2911 10.8311 11.1041 9.88568 8.71462 9.04017 8.72883 10.9164 8.62705 10.2482 7.72798 8.05337 7.91536 7.52086 12.0644 11.6349 8.76337 7.34617 7.34011 9.44239 13.7583 8.8982 6.51154 15.5685 8.62775 7.82143 17.3594 9.9233 9.29398
threshold=4.5000000000000009 1.5000000000000002 16.500000000000004 3590.5000000000005 0.98901092807778201 -0.98803388382128665 0.90892735371523092 5.5000000000000009 0.89404822654372251 0.36848418633289504 -0.90893575921103265 0.64415777744009783 1915.1250000000002 -0.86976336936302323 0.76141046967515369 -0.56457669118955289 0.65720762023595369 3016.7500000000005 3.9407894736842111 -0.88622299073327826 -0.42957681104363482 2405.1250000000005 21.500000000000004 3254.3750000000005 2859.6250000000005 0.97650658860526895 2340.1250000000005 140.17105263157899 -0.90531874877253482 2.5000000000000004
decision_type=2 2 2 8 2 2 2 2 2 2 2 2 10 2 2 2 2 8 2 2 2 10 2 8 10 2 10 2 2 2
left_child=23 11 14 4 5 -4 7 8 9 10 -7 12 -2 -14 16 -16 -3 -17 -8 -9 21 -21 -22 24 26 -25 27 28 -1 -30
right_child=1 2 3 -5 -6 6 18 19 -10 -11 -12 -13 13 -15 15 17 -18 -19 -20 20 22 -23 -24 25 -26 -27 -28 -29 29 -31
leaf_value=1.739258033007127 -0.6967146992626283 -0.19485282822440697 0.3338841282768954 1.7631226322088083 0.78957331572202072 -1.8081859999365406 1.0404644951914179 0.53680731695259287 0.18776544449158339 -1.2044376362101845 -0.12222381815740846 1.1502529061972382 1.5743832236330946 0.070429513831862786 -2.9087555085017129 -0.20504128513641717 0.59097817644153572 -3.6570445557727229 -0.063404778085032379 0.26804661445457895 0.3008360229215441 -0.98199898564498656 -0.50224137060752128 -0.083997610932419781 0.36136559602455237 0.81325952121214873 -0.11405864624296101 7.1626679719294435 -0.092721271817219994 0.17726008188232642
leaf_weight=135 46 1845 49 42 52 48 88 96 69 98 171 90 44 156 51 379 93 41 92 44 167 68 63 3299 1617 171 2113 46 1033 1196
leaf_count=135 46 1845 49 42 52 48 88 96 69 98 171 90 44 156 51 379 93 41 92 44 167 68 63 3299 1617 171 2113 46 1033 1196
internal_value=-0.00043694 -0.00251734 -0.00334552 0.00065331 -0.000316456 -0.00137571 -0.00238806 -0.00460606 -0.0100775 -0.0139937 -0.00840909 0.00623145 0.00161943 0.00597015 -0.00524896 -0.010911 -0.00386797 -0.00807601 0.00773481 0.00022779 -0.003207 -0.0150442 0.0025974 0.000405785 0.00138414 -0.00132527 -0.000121574 0.00182497 0.00122622 0.000426009
internal_weight=13502 3892 3556 1147 1105 1053 1004 824 386 317 219 336 246 200 2409 471 1938 420 180 438 342 112 230 9610 6140 3470 4523 2410 2364 2229
internal_count=13502 3892 3556 1147 1105 1053 1004 824 386 317 219 336 246 200 2409 471 1938 420 180 438 342 112 230 9610 6140 3470 4523 2410 2364 2229
is_linear=0
shrinkage=0.05


Tree=268
num_leaves=31
num_cat=0
split_feature=5 1 6 1 12 11 11 6 6 1 1 10 15 7 5 5 14 5 11 13 1 10 1 10 10 8 5 14 10 1
split_gain=5.46916 9.58463 5.57637 5.50166 10.6951 8.1053 6.78728 8.87728 11.1535 6.31598 9.52439 11.182 8.82096 6.14972 5.95561 10.3009 8.24446 8.02886 8.28401 8.12164 6.36918 6.35782 6.88532 6.87944 6.40139 5.91576 5.59749 6.57171 7.24623 5.39116
threshold=2.9060612880886425 9.8630756578947381 175.90789473684217 12.131414473684213 0.73865729060996166 0.87709077819680659 0.77652048701313048 156.72368421052633 3.1710526315789478 7.9742598684210533 8.7560581140350902 0.58481550752069722 3568.1250000000005 11.500000000000002 11.060950484764545 14.179796398891968 2210.2500000000005 7.2361887119113568 0.14888728888808328 -0.084834093387464782 11.051781798245615 0.97314989601849466 11.36436403508772 0.80926549319045582 0.73865729060996166 3.5000000000000004 3.3062500000000017 1777.1250000000002 0.99274428880883148 10.879714912280706
decision_type=2 2 2 2 2 2 2 2 2 2 2 2 10 2 2 2 10 2 2 2 2 2 2 2 2 2 2 10 2 2
left_child=1 2 -1 5 26 6 7 8 14 -8 -11 12 -12 -9 17 16 -16 18 20 25 -2 22 23 24 -20 -19 -5 -28 -29 -3
right_child=3 29 -4 4 -6 -7 9 13 -10 10 11 -13 -14 -15 15 -17 -18 19 21 -21 -22 -23 -24 -25 -26 -27 27 28 -30 -31
leaf_value=-1.3384926339440881 0.038845786818239962 0.26493057673573051 -0.31520471665307925 0.4807312287113803 -1.7997637900528618 -0.0245078617159038 0.050902902519101192 0.45579365086466628 -0.84653422123358268 2.3133119034459924 0.414850001076843 1.8290380098750576 -1.0145770625223349 1.8785524126822795 -1.6362111001216022 0.67587270406259004 -0.22377240244545649 1.7742278737122434 -0.004106799329611022 -0.039276908972215099 -1.8570582978380572 1.8861943814299822 1.0451440865292057 -0.47232785900044405 0.72172382812429992 0.2087500015680803 0.71797120277881854 -0.38497444139671871 1.2375242093530687 -0.039391273997966894
leaf_weight=119 46 284 243 88 69 1960 250 99 236 99 195 49 41 44 42 41 41 84 185 62 53 44 72 112 58 48 42 215 42 8472
leaf_count=119 46 284 243 88 69 1960 250 99 236 99 195 49 41 44 42 41 41 84 185 62 53 44 72 112 58 48 42 215 42 8472
internal_value=-0.000435397 -0.00112951 -0.00909091 0.00103057 -0.00415755 0.00164423 0.00396951 0.00185331 0.000355556 0.00818898 0.0122078 0.00751748 0.00295359 0.0135417 0.00292463 -0.0072 -0.0172619 0.00457516 0.00157618 0.0133333 -0.0115 0.00434322 0.00245327 -0.000421348 0.00430328 0.0203008 -0.000902062 -0.00416667 -0.00717054 -0.000799361
internal_weight=13435 9118 362 4317 456 3861 1901 1267 1124 634 384 285 236 143 888 124 83 764 570 194 99 471 427 355 243 132 387 299 257 8756
internal_count=13435 9118 362 4317 456 3861 1901 1267 1124 634 384 285 236 143 888 124 83 764 570 194 99 471 427 355 243 132 387 299 257 8756
is_linear=0
shrinkage=0.05


Tree=269
num_leaves=31
num_cat=0
split_feature=1 11 1 8 15 1 12 1 1 1 8 12 1 0 11 12 8 0 15 1 13 6 13 0 12 1 3 13 8 13
split_gain=3.47512 13.3572 13.2879 10.9114 13.9866 6.90353 6.15135 4.8772 8.38724 12.3319 17.8267 15.4155 15.0542 15.8437 9.80134 10.3813 9.37669 10.4414 9.22819 9.14209 25.4855 15.933 12.8366 8.9457 8.14688 7.84452 6.94144 6.90832 6.53087 6.51722
threshold=20.341200657894742 -0.8901731938066898 21.347889254385972 3.5000000000000004 3212.2500000000005 20.639391447368425 -0.94139628442229062 14.941228070175441 17.096299342105269 16.544353070175443 1.5000000000000002 -0.36547639117285574 15.521737938596493 15.663157894736846 0.39629089145655322 -0.91597725483594616 3.5000000000000004 15.090789473684213 2372.6250000000005 17.800137061403515 -0.84313311835787952 15.526315789473687 -0.92923506988415838 13.425000000000002 -0.23432901867687267 15.103645833333337 3.8907894736842104 -0.72696193466471681 2.5000000000000004 -0.72696193466471681
decision_type=2 2 2 2 10 2 2 2 2 2 2 2 2 2 2 2 2 2 10 2 2 2 2 2 2 2 2 2 2 2
left_child=1 -1 3 4 -2 -5 -4 -3 9 10 25 12 26 27 15 -10 24 -18 -15 22 -21 29 -17 -11 -13 -9 -12 -14 -24 -22
right_child=2 7 6 5 -6 -7 -8 8 14 23 11 16 13 18 -16 19 17 -19 -20 20 21 -23 28 -25 -26 -27 -28 -29 -30 -31
leaf_value=-2.9198478349592278 3.0236355783794071 0.0049926096150102245 2.3117228553036511 -0.65507598721585514 -0.40027396766217865 0.54782483068051424 0.0040162585235066217 -0.72335278725329322 -1.1848501586464977 0.096518397828293703 -1.3045550222479392 -1.2191885999430498 0.31153901231011788 3.1231687881751444 -0.98627132314134092 1.1746238613632272 -0.48015512654241094 -2.13311773349551 1.3744301684180529 -0.26936306411555505 0.39236006525070483 2.8360387377934559 0.43458601837330663 -0.87243268448273747 0.60289006427158265 0.93478509619988026 0.16954093270861678 -0.42748326703273282 -0.41487326126593871 -0.32142280289083375
leaf_weight=59 90 6692 40 49 45 120 3416 45 156 60 170 47 45 41 107 152 40 54 155 343 43 123 131 409 49 319 46 191 82 72
leaf_count=59 90 6692 40 49 45 120 3416 45 156 60 170 47 45 41 107 152 40 54 155 343 43 123 131 409 49 319 46 191 82 72
internal_value=-0.000145609 -0.000648879 0.00114331 0.0111475 0.0216912 0.00264706 0.000260341 -0.00050141 -0.00222145 -0.00451555 -0.00182876 -0.00584029 -0.00215716 0.00323326 0.000950413 0.00235721 -0.0183246 -0.0294737 0.0137056 0.00432946 0.000429553 0.0129707 0.0105191 -0.011383 -0.00721649 0.00739726 -0.0129032 -0.00548523 0.00257009 -0.000431034
internal_weight=13391 9631 3760 304 135 169 3456 9572 2880 1671 1202 838 648 432 1209 1102 190 94 196 946 581 238 365 469 96 364 216 236 213 115
internal_count=13391 9631 3760 304 135 169 3456 9572 2880 1671 1202 838 648 432 1209 1102 190 94 196 946 581 238 365 469 96 364 216 236 213 115
is_linear=0
shrinkage=0.05


Tree=270
num_leaves=31
num_cat=0
split_feature=15 7 8 11 0 7 12 11 11 12 12 2 15 7 10 11 11 8 11 11 15 6 8 10 12 11 12 10 12 11
split_gain=5.16807 7.60934 12.3513 8.19354 10.7681 7.32368 9.12147 8.73521 6.374 10.828 6.83193 6.56206 8.06322 6.36276 7.74197 7.01799 11.3897 10.423 9.89302 8.09359 6.57292 8.86791 6.37783 11.9098 9.78467 9.72474 9.54997 9.54915 13.5922 13.2611
threshold=2183.1250000000005 21.500000000000004 4.5000000000000009 0.96407344085605606 10.082894736842109 5.5000000000000009 -0.69057042736241547 0.94353349168649059 -0.21862536810265826 0.97650828179861848 -0.37447172655954952 2.2184210526315788 2978.6250000000005 10.500000000000002 0.99966190462023474 -0.84774213365954088 -0.68432604233786842 1.0000000180025095e-35 -0.46800559042974538 -0.42179730054635828 2448.3750000000005 253.72368421052636 3.5000000000000004 0.99053107487289871 -0.97113884758256674 -0.031174269516803289 -0.34235511113144612 0.98802474685579866 -0.10837644903917555 -0.98372925196996197
decision_type=8 2 2 2 2 2 2 2 2 2 2 2 8 2 2 2 2 2 2 2 8 2 2 2 2 2 2 2 2 2
left_child=-1 5 3 4 -3 6 -2 8 9 11 -10 12 -8 15 20 17 -17 -7 -18 -20 21 -15 23 -22 -24 -25 -26 28 -28 -30
right_child=1 2 -4 -5 -6 13 7 -9 10 -11 -12 -13 -14 14 -16 16 18 -19 19 -21 22 -23 24 25 26 -27 27 -29 29 -31
leaf_value=0.052553886264286122 -0.89992744244216283 0.41729118072739768 -1.3297130923780061 -2.3294766373716587 -0.65490883095872054 4.5074393468014025 -0.072863444255926876 -1.5632606857558813 1.5969760176740693 -1.482823826861045 0.035499585522302368 0.90009226867859982 -1.436301745647552 0.44353756461013066 -1.6929333306826493 -0.74606918842932834 0.84705648606245632 0.141240127646347 -3.3553928109788447 0.06422249180803874 -0.025284961786508121 -0.18864086936605418 0.42145675007150207 -0.041619008637667321 -0.83164634137517623 2.2003142932607602 1.1062879899324345 -1.6951127392179615 -2.5651062693612858 -0.064168926253455535
leaf_weight=3461 193 157 63 41 273 56 347 59 41 60 372 73 55 472 51 215 201 312 44 1680 3176 220 79 53 421 68 103 71 45 964
leaf_count=3461 193 157 63 41 273 56 347 59 41 60 372 73 55 472 51 215 201 312 44 1680 3176 220 79 53 421 68 103 71 45 964
internal_value=-0.000350041 -0.000928156 -0.00672897 -0.00391949 -0.00185615 -0.000599025 -0.00424646 -0.00233135 -0.00115911 -0.00475746 0.00350242 -0.00220588 -0.00471464 -6.68124e-05 -0.000987072 0.00203268 0.000934143 0.00840108 0.00215472 0.000927536 -0.000810858 0.0037518 -0.00144549 -0.000166768 -0.00394893 0.0151639 -0.00479751 -0.00249155 -0.00134771 -0.00311881
internal_weight=13426 9965 534 471 430 9431 1200 1007 948 535 413 475 402 8231 5723 2508 2140 368 1925 1724 5672 692 4980 3297 1683 121 1604 1183 1112 1009
internal_count=13426 9965 534 471 430 9431 1200 1007 948 535 413 475 402 8231 5723 2508 2140 368 1925 1724 5672 692 4980 3297 1683 121 1604 1183 1112 1009
is_linear=0
shrinkage=0.05


Tree=271
num_leaves=31
num_cat=0
split_feature=11 11 11 7 15 0 15 15 11 11 10 2 8 8 15 13 10 15 15 8 3 7 7 10 7 10 13 13 7 15
split_gain=4.45733 8.92315 7.65726 6.59609 11.5817 10.4425 7.55753 8.58248 6.19 8.317 8.88966 6.72068 5.57156 5.52426 8.11667 5.96452 8.02137 4.78798 4.72794 7.75928 6.66194 6.63702 9.66476 11.8167 6.42752 8.64963 7.81379 16.6613 7.52902 16.4686
threshold=-0.90531874877253482 -0.91939278948206182 -0.9260227363677036 3.5000000000000004 2133.6250000000005 20.50131578947369 1994.1250000000002 2068.3750000000005 -0.8901731938066898 -0.88220415136009767 0.45273815774107123 2.5684210526315803 3.5000000000000004 1.0000000180025095e-35 3310.1250000000005 0.75438814418115718 -0.31799228562170639 4031.0000000000005 2440.3750000000005 4.5000000000000009 13.38684210526316 16.500000000000004 18.500000000000004 0.40614137006726808 6.5000000000000009 0.9916835347852474 -0.93543596745397617 -0.9575230291762723 18.500000000000004 2800.8750000000005
decision_type=2 2 2 2 8 2 8 10 2 2 2 2 2 2 10 2 2 10 10 2 2 2 2 2 2 2 2 2 2 10
left_child=1 2 3 6 -5 -6 -1 -8 11 10 -10 -2 -9 14 -7 -15 -17 18 20 24 -11 -21 -23 -24 25 -20 27 -26 29 -28
right_child=8 -3 -4 4 5 13 7 12 9 17 -12 -13 -14 15 -16 16 -18 -19 19 21 -22 22 23 -25 26 -27 28 -29 -30 -31
leaf_value=1.7492830088576738 -1.2898880408377977 0.61723217531434216 -1.8297586073617709 -1.0768501723643795 -1.5191876164667066 2.5835752228022901 -1.4186171744839386 0.27666327780308392 -0.23986339369803319 0.020102341826407157 3.7421574367375801 0.54290243919209613 1.8073260746434017 1.5434380610685139 0.099543257710320188 -1.4705248274533007 0.044334349193786697 0.72018309677309844 -0.43087260122205184 -0.51742107087814027 -1.2587227757103847 0.34093733917360397 -0.89417044818840175 0.11961775807928916 -0.063966335524969511 2.2952008768901124 3.1077841788813885 -1.2097643911384013 -0.22460480123550042 0.039072969033759369
leaf_weight=40 94 154 74 57 63 48 40 76 41 4852 40 59 40 74 71 52 591 187 716 615 69 232 133 67 597 40 181 98 923 3124
leaf_count=40 94 154 74 57 63 48 40 76 41 4852 40 59 40 74 71 52 591 187 716 615 69 232 133 67 597 40 181 98 923 3124
internal_value=-0.00044613 0.00224475 0.000814996 0.00182134 0.000104493 0.0015 0.0101523 0.00509554 -0.000753998 -0.00062521 0.0152439 -0.0107143 0.0119658 0.00298686 0.0129167 0.00132312 -0.000232919 -0.000735108 -0.000862809 -0.00172439 0.000314913 -0.00567748 -0.000923788 -0.00895522 -0.000994718 -0.00528402 -0.000335093 -0.00524425 0.000472925 0.00158802
internal_weight=13448 1380 1226 1152 956 899 196 156 12068 11915 81 153 116 836 119 717 643 11834 11647 6726 4921 1047 432 200 5679 756 4923 695 4228 3305
internal_count=13448 1380 1226 1152 956 899 196 156 12068 11915 81 153 116 836 119 717 643 11834 11647 6726 4921 1047 432 200 5679 756 4923 695 4228 3305
is_linear=0
shrinkage=0.05


Tree=272
num_leaves=31
num_cat=0
split_feature=14 1 11 11 14 3 13 14 10 7 14 13 13 14 1 15 3 7 1 0 7 7 3 10 11 10 14 0 8 14
split_gain=4.61286 4.38702 10.0412 15.2217 8.73013 7.53767 6.38935 8.30559 11.8709 10.3884 8.27357 10.9414 9.3664 8.40256 6.92261 7.42329 6.27378 5.90462 13.8622 11.7516 9.66706 11.3535 9.55144 8.79441 8.64767 8.35189 10.9546 9.9604 8.88502 7.93814
threshold=4265.8750000000009 10.14701206140351 0.87709077819680659 0.86439018870140905 3973.3750000000005 4.1065789473684218 0.97009571160424379 2970.7500000000005 -0.031173458710879235 4.5000000000000009 3578.2500000000005 -0.70291145964310642 -0.32003627663099971 3283.8750000000005 29.002604166666668 3542.2500000000005 7.6868421052631586 6.5000000000000009 7.0808936403508786 4.4513157894736857 11.500000000000002 15.500000000000002 9.5960526315789494 0.27694220057652758 0.97648852793709995 0.10837544681456425 3855.3750000000005 6.9605263157894752 2.5000000000000004 2100.1250000000005
decision_type=10 2 2 2 10 2 2 10 2 2 10 2 2 8 2 8 2 2 2 2 2 2 2 2 2 2 10 2 2 10
left_child=1 2 3 4 5 -1 10 9 -9 -8 13 -12 -13 -3 15 -14 -7 18 19 -4 25 -22 23 24 -20 27 -27 28 -19 -24
right_child=-2 6 17 -5 -6 16 7 8 -10 -11 11 12 14 -15 -16 -17 -18 20 22 -21 21 -23 29 -25 -26 26 -28 -29 -30 -31
leaf_value=-0.38508445902623412 0.71705360047678823 -0.059962516184873499 -0.2969848004944538 2.6334350169674963 -0.77410832119567208 0.47567604835024896 -0.12344122305503334 -3.7197313817612554 1.1594447997499402 2.2985935439989134 -3.0936475465766309 0.64157886261730257 -0.013242291364622362 0.19058112683222816 0.30455984083951082 -1.0574769286822858 0.048179079507150391 0.045983215356682199 -0.32139825020195761 0.68328620525060735 -0.51863623094373001 0.056843496741885248 0.40545832565260298 -2.0258919127996364 -1.4772607659711754 3.0509122907911208 0.69972329716223391 0.67208138921309912 -2.1830302210006383 -0.55926607413682639
leaf_weight=137 44 7672 111 89 66 622 56 40 97 68 49 115 159 1218 74 308 728 41 126 100 329 652 95 48 51 63 76 173 40 40
leaf_count=137 44 7672 111 89 66 622 56 40 97 68 49 115 159 1218 74 308 728 41 126 100 329 652 95 48 51 63 76 173 40 40
internal_value=-0.000426305 -0.000479768 0.00101728 0.00389531 0.00273488 0.00352823 -0.00102465 0.00667939 -0.00181159 0.016 -0.00123489 -0.00644476 -0.00471842 -0.000821055 -0.00747232 -0.00972222 0.00466321 -0.00141316 -0.00568182 0.00448113 0.000363636 -0.00229124 -0.0116343 -0.0179204 -0.0126404 0.0069797 0.0167857 0.00156863 -0.0128049 -0.00110294
internal_weight=13487 13443 3587 1642 1553 1487 9856 261 137 124 9595 705 656 8890 541 467 1350 1945 571 211 1374 981 360 225 177 393 139 254 81 135
internal_count=13487 13443 3587 1642 1553 1487 9856 261 137 124 9595 705 656 8890 541 467 1350 1945 571 211 1374 981 360 225 177 393 139 254 81 135
is_linear=0
shrinkage=0.05


Tree=273
num_leaves=31
num_cat=0
split_feature=7 12 12 8 14 14 12 11 6 7 14 7 14 1 6 12 12 12 7 10 14 11 1 14 10 10 14 8 10 12
split_gain=4.18838 6.11595 5.48127 4.27666 8.25126 7.50268 8.83403 4.66394 4.06973 3.88557 7.97919 7.15517 8.1689 9.74849 8.06084 7.44199 6.33971 5.98117 5.5259 5.23352 10.9235 8.05377 8.11424 8.01078 8.58437 7.53806 7.48062 10.1343 7.93927 7.2895
threshold=22.500000000000004 0.85784900197110281 0.95752911693909493 3.5000000000000004 2030.1250000000002 2100.1250000000005 -0.26037633224328088 -0.15950993297387572 807.51315789473699 7.5000000000000009 3919.0000000000005 10.500000000000002 2070.6250000000005 17.728892543859654 383.43421052631589 0.99971969515277614 0.9993614236720848 0.9962888416657264 21.500000000000004 -0.55657520495441892 2300.2500000000005 -0.68432604233786842 17.678536184210532 3134.3750000000005 -0.35041564478062465 0.98213580174693105 3048.1250000000005 2.5000000000000004 0.72695311118111527 -0.42860892273876966
decision_type=2 2 2 2 8 10 2 2 2 2 8 2 10 2 2 2 2 2 2 2 10 2 2 10 2 2 8 2 2 2
left_child=8 3 -3 5 7 6 -2 -5 9 10 16 17 13 14 18 -14 -1 19 -13 20 -11 -22 -23 25 -25 26 27 29 -29 -21
right_child=1 2 -4 4 -6 -7 -8 -9 -10 11 -12 12 15 -15 -16 -17 -18 -19 -20 23 21 22 -24 24 -26 -27 -28 28 -30 -31
leaf_value=-0.013326660138204716 -0.0051619860895357307 0.90888988838124762 -0.70870084215907814 -0.56940678284810253 -1.3365281901134951 0.20216967497249244 -1.9309752243761409 0.4909030367474202 -0.2259013825680313 -0.97910799879221033 -1.155893327650847 1.2759022176397481 -0.011204034612342186 1.2531636615255026 -0.57238433473789885 0.59157084817148875 -0.95325183083114107 -0.77958153242555006 0.072004019585477863 2.2507622025720821 -0.67989654965469981 -0.080295167717804372 1.0040108091850926 1.3182003953617141 0.005889811563815784 -0.27926959821888886 2.8923134092457419 -0.43846541767532021 1.9973969257528097 3.34959284488682
leaf_weight=4367 80 44 52 44 101 130 55 51 523 69 46 74 5919 79 100 54 53 49 82 90 43 223 199 86 492 45 40 110 61 103
leaf_count=4367 80 44 52 44 101 130 55 51 523 69 46 74 5919 79 100 54 53 49 82 90 43 223 199 86 492 45 40 110 61 103
internal_value=2.97066e-05 -0.00421147 0.00721649 -0.00660173 -0.0121827 -0.00244361 -0.0106618 -0.0015625 0.000213046 0.00039564 -0.000783524 0.00106074 0.000301157 0.0078869 0.00311284 -0.000125544 -0.000565483 0.00403476 0.0101911 0.00457746 0.000560748 0.00332618 0.00543735 0.00666342 0.00276339 0.0116667 0.0138272 0.0115068 0.00261628 0.0193299
internal_weight=13464 557 96 461 196 265 135 95 12907 12384 4466 7918 6308 335 256 5973 4420 1610 156 1561 534 465 422 1027 578 449 404 364 171 193
internal_count=13464 557 96 461 196 265 135 95 12907 12384 4466 7918 6308 335 256 5973 4420 1610 156 1561 534 465 422 1027 578 449 404 364 171 193
is_linear=0
shrinkage=0.05


Tree=274
num_leaves=31
num_cat=0
split_feature=14 14 10 12 12 14 3 7 1 3 14 1 10 12 0 8 10 12 0 10 1 10 15 15 12 15 12 14 15 10
split_gain=5.49483 4.91478 9.70995 11.7712 11.1746 10.0316 6.73949 6.16177 9.34578 11.236 7.27138 6.32867 6.98553 5.82624 8.70905 10.7604 6.69887 11.4277 7.06483 6.58355 5.9725 8.95781 5.80244 5.69427 5.20564 6.63271 4.92782 4.89757 5.06234 6.62372
threshold=4265.8750000000009 3455.1250000000005 0.43733377705052551 0.89404822654372251 -0.9905448150984083 3855.3750000000005 4.0750000000000002 10.500000000000002 10.097094298245617 4.9881578947368421 3973.3750000000005 8.6816885964912291 0.14250626876356556 -0.814291907305839 9.5855263157894761 2.5000000000000004 -0.24372957273992746 -0.42180583328916638 7.7513157894736855 -0.28519255817492867 8.5820997807017552 0.091259403071267925 3578.6250000000005 4066.2500000000005 0.18281681932135149 3483.5000000000005 -0.35846811432664222 3818.2500000000005 3391.6250000000005 0.89787622492179153
decision_type=10 10 2 2 2 10 2 2 2 2 10 2 2 2 2 2 2 2 2 2 2 2 10 10 2 10 2 10 10 2
left_child=1 23 4 27 -3 6 -5 8 11 10 24 12 -6 14 -9 -16 19 -18 -19 -15 -20 22 -22 -1 26 -26 -10 28 -4 -30
right_child=-2 2 3 5 7 -7 -8 13 9 -11 -12 -13 -14 16 15 -17 17 18 20 -21 21 -23 -24 -25 25 -27 -28 -29 29 -31
leaf_value=0.0033234612797855335 0.76700716041891615 -1.2195842255575373 -1.9590755968150917 -1.1129270180342701 -0.24789680155429325 -1.0927144752443156 0.36141313598132002 3.0696064028734442 0.077474239632465469 -1.3304753955000366 -0.63431458919972106 2.5174354896826574 1.4286464625005693 -0.21643329849055137 2.7037290244857788 -0.99280014852392928 2.0143102769995496 -0.77953938321994665 0.66567821350988654 -1.9528854680114252 1.5910777210720313 -0.95499344515442319 -0.10175153160728315 2.1725717145075349 1.5262753786549865 0.052996851843067821 -1.0579704886313495 -2.1123175571644879 -1.314950937138633 0.37295929248641646
leaf_weight=11232 41 65 84 49 51 103 207 40 77 40 57 68 55 379 42 59 42 54 72 46 40 97 59 49 75 101 41 40 71 68
leaf_count=11232 41 65 84 49 51 103 207 40 77 40 57 68 55 379 42 59 42 54 72 46 40 97 59 49 75 101 41 40 71 68
internal_value=-0.000199926 -0.000256239 -0.00242785 -0.00770465 -0.000320307 -0.00180556 0.00350195 0.000568182 0.00468198 0.000382653 0.00326705 0.0142857 0.00654206 -0.0019334 0.00739437 -0.000490196 -0.00360759 0.00136986 -0.00185759 -0.00786385 0.00148699 -0.00304569 0.0075 0.000163978 0.00644068 0.0118644 -0.00168067 -0.0157197 -0.0127232 -0.00678571
internal_weight=13504 13463 2182 622 1560 359 256 1495 565 391 351 174 106 930 141 101 789 364 322 425 268 196 99 11281 294 176 118 263 223 139
internal_count=13504 13463 2182 622 1560 359 256 1495 565 391 351 174 106 930 141 101 789 364 322 425 268 196 99 11281 294 176 118 263 223 139
is_linear=0
shrinkage=0.05


Tree=275
num_leaves=31
num_cat=0
split_feature=1 1 15 0 7 7 1 1 10 6 6 12 1 12 11 1 10 6 1 0 7 6 15 15 0 10 15 10 1 10
split_gain=5.89308 5.93495 5.5002 9.93529 7.31067 7.79967 8.96489 15.204 8.81528 7.78963 11.7073 7.76693 12.1214 10.119 7.11735 10.0795 8.90973 6.0211 5.69047 5.58904 5.07364 7.82114 5.10238 6.66714 5.04823 8.73614 6.44513 5.1845 7.91658 12.731
threshold=29.166940789473689 28.793914473684215 2959.1250000000005 22.944736842105268 5.5000000000000009 14.500000000000002 10.879714912280706 12.062280701754389 0.80926549319045582 249.63157894736847 7.0263157894736858 0.93544191479114935 8.2792489035087744 0.95752911693909493 0.44312301391210612 25.80183662280702 0.9893236546938301 543.17105263157907 7.5498081140350886 8.9407894736842106 8.5000000000000018 111.14473684210527 3660.5000000000005 3269.8750000000005 12.335526315789478 0.99374995976406788 3660.5000000000005 -0.15101209918632377 17.151864035087723 -0.85227431625818906
decision_type=2 2 10 2 2 2 2 2 2 2 2 2 2 2 2 2 2 2 2 2 2 2 10 10 2 2 10 2 2 2
left_child=1 2 3 -1 -4 9 -7 8 -8 10 18 12 19 -13 15 16 -9 -15 -6 -11 -12 -22 23 -23 26 27 -14 28 -26 -30
right_child=-2 -3 4 -5 5 6 7 14 -10 11 20 13 24 17 -16 -17 -18 -19 -20 -21 21 22 -24 -25 25 -27 -28 -29 29 -31
leaf_value=0.00090151634708490747 0.21362089520677047 -0.6607926766298079 -1.3394447425519047 0.26985134828203172 0.31415963110480338 0.024518575992965454 -0.51993640149621567 -0.86182707802852299 -3.2201869238124345 -0.81399783651357893 0.057486425374872856 -2.5708352637173224 2.393768737623259 0.36659889593287293 0.3092562875107433 0.14639588906115933 1.1865271429589712 -1.8307158757104844 -0.69360839587690182 -2.0427729684153064 1.7327144935044885 1.3346279808443342 0.66908283924875611 -0.69661871149510268 -1.0432659383596048 -2.015739202523946 -0.082622769411580074 0.37959935241976839 0.61296286594640614 -0.94918044093296894
leaf_weight=7218 410 101 61 939 46 671 53 618 51 42 525 52 65 68 140 192 49 49 180 50 176 55 162 131 207 54 40 623 270 169
leaf_count=7218 410 101 61 939 46 671 53 618 51 42 525 52 65 68 140 192 49 49 180 50 176 55 162 131 207 54 40 623 270 169
internal_value=-5.56876e-05 -0.000241231 -0.000146639 0.00064354 -0.00148958 -0.00126609 -0.00388732 -0.00665761 -0.0247619 0.000303541 0.00325235 -0.00192308 -0.000788955 -0.0120588 -0.00475 -0.00645349 -0.00935629 -0.00381356 -0.00704846 -0.0182796 0.00547619 0.00895238 0.00458453 -0.00106952 0.000349895 -0.000490937 0.0108491 0.000354331 -0.00278207 0.00102273
internal_weight=13467 13057 12956 8157 4799 4738 1774 1103 104 2964 1275 1689 1520 169 999 859 667 117 226 92 1049 524 348 186 1428 1323 105 1269 646 439
internal_count=13467 13057 12956 8157 4799 4738 1774 1103 104 2964 1275 1689 1520 169 999 859 667 117 226 92 1049 524 348 186 1428 1323 105 1269 646 439
is_linear=0
shrinkage=0.05


Tree=276
num_leaves=31
num_cat=0
split_feature=1 11 7 12 15 12 15 8 6 1 6 11 15 15 2 6 6 1 11 0 12 2 0 2 1 15 1 12 12 0
split_gain=4.41655 7.36912 5.82781 15.7717 15.5003 13.8974 8.73062 8.55066 7.63836 8.7317 9.13104 7.76949 7.65139 7.37165 7.23409 5.70596 5.6 5.41264 7.36063 6.62541 5.30363 5.95391 7.71774 5.02 5.0106 4.12426 7.82914 11.223 16.5186 8.29601
threshold=25.189391447368426 -0.46800559042974538 15.500000000000002 0.97109394436505758 2183.1250000000005 0.98901264295277169 4105.3750000000009 3.5000000000000004 2.0131578947368429 26.64771910919541 581.75000000000011 -0.90531874877253482 2075.1250000000005 4105.3750000000009 3.8513157894736847 678.98684210526324 505.25000000000006 24.522642543859654 -0.81925291736142503 22.061842105263164 0.99898004730802425 9.2684210526315809 28.623684210526321 13.246052631578946 28.096025219298252 3365.1250000000005 14.941228070175441 0.81425425632861714 0.71953851835684701 15.172368421052633
decision_type=2 2 2 2 10 2 8 2 2 2 2 2 10 8 2 2 2 2 2 2 2 2 2 2 2 8 2 2 2 2
left_child=17 2 3 6 -5 -6 8 16 12 10 -10 14 -2 20 -11 -16 -7 25 -19 -20 21 22 -4 -8 -17 -1 -27 28 29 -28
right_child=1 -3 13 4 5 7 23 -9 9 11 -12 -13 -14 -15 15 24 -18 18 19 -21 -22 -23 -24 -25 -26 26 27 -29 -30 -31
leaf_value=-0.0056100518231744449 -0.23145054171491211 1.0262003125031924 0.23765305697194208 0.56094405496702393 -2.6888244156494241 -2.2459320854424507 0.28800923239468829 0.17274804660261225 -0.27207690993773215 -2.0837706471348496 1.3602726321813521 0.064683578668086744 1.0336850786210789 -0.88062223367148817 0.028629622901564747 -1.6962575438751857 -0.11820537159419474 0.24737744153583208 -0.24817059812553455 -2.5906765064065782 2.5199907418024852 0.89393923134288122 -0.61180084677851032 1.8579013917026714 -0.10159863154908635 -0.031357583433396029 -1.3648800769856964 -3.1063073660263854 3.4167790347083384 -0.32501570463817875
leaf_weight=9340 71 59 346 46 51 61 108 64 67 40 66 148 174 49 86 59 47 61 45 58 40 114 43 45 53 1655 40 69 41 392
leaf_count=9340 71 59 346 46 51 61 108 64 67 40 66 148 174 49 86 59 47 61 45 58 40 114 43 45 53 1655 40 69 41 392
internal_value=-0.000347145 0.00193145 0.00134907 -0.000673968 -0.0112963 -0.0167411 0.00245098 -0.00982659 0.000261438 -0.00317308 0.00783582 -0.00697674 0.00752033 0.00539629 -0.0125523 -0.00854271 -0.0183486 -0.000705008 -0.00969697 -0.0177885 0.00707721 0.00565476 0.00269231 0.0133117 -0.0159292 -0.000576356 -0.00252502 -0.00773481 -0.00495781 -0.00785219
internal_weight=13538 1837 1778 1186 269 223 917 172 764 519 133 386 245 592 238 198 108 11701 164 103 543 503 389 153 112 11537 2197 542 473 432
internal_count=13538 1837 1778 1186 269 223 917 172 764 519 133 386 245 592 238 198 108 11701 164 103 543 503 389 153 112 11537 2197 542 473 432
is_linear=0
shrinkage=0.05


Tree=277
num_leaves=31
num_cat=0
split_feature=11 11 1 14 15 6 15 9 15 10 11 11 1 3 10 2 1 10 14 15 14 3 15 3 1 10 14 14 1 7
split_gain=5.25613 13.1483 7.71288 5.73298 22.3376 10.5323 12.3917 8.85566 9.98233 8.631 7.46681 7.20215 6.78159 14.0248 13.6723 7.08216 9.03423 6.49314 6.45814 7.25044 6.42943 7.62041 7.93861 7.45359 6.21528 5.72664 5.32399 7.85805 11.2599 7.45874
threshold=-0.90531874877253482 -0.8901731938066898 22.186485745614036 2335.8750000000005 2333.6250000000005 801.77631578947387 2558.3750000000005 1.0000000180025095e-35 2085.6250000000005 0.99374995976406788 -0.86548532668110156 -0.88220415136009767 11.765268640350881 5.9065789473684216 0.91248814248966237 2.0118421052631565 24.183634868421056 0.92602006027323147 2842.1250000000005 3284.6250000000005 2274.1250000000005 0.87763157894736843 1866.2500000000002 1.6407894736842101 12.617214912280703 -0.814291907305839 2970.7500000000005 3245.7500000000005 22.862911184210528 15.500000000000002
decision_type=2 2 2 10 10 2 10 2 10 2 2 2 2 2 2 2 2 2 10 10 10 2 10 2 2 2 10 10 2 2
left_child=26 2 -2 4 7 11 -7 9 24 12 -6 -5 14 15 -3 16 20 -15 -8 -20 21 22 -14 -23 -9 -18 -1 29 -29 -28
right_child=1 3 -4 5 10 6 18 8 -10 -11 -12 -13 13 17 -16 -17 25 -19 19 -21 -22 23 -24 -25 -26 -27 27 28 -30 -31
leaf_value=0.37487668305584521 -1.8251105167916195 0.043769307510547154 0.22393156198919542 2.2508804535524862 2.6691041676543366 -4.7883530555911538 -1.0053056756337584 0.3063080839758186 -0.20120597958633085 -0.77178426521443277 -0.73878584172789497 0.023458675127506014 0.6571942700478417 -0.34596862191876315 1.3682608612879221 0.98818511275036947 -1.3930266351015916 -2.0416466849376436 0.54679000277188838 -1.3186653746975936 0.51005233434502772 -1.1159534012727022 0.025672944225556195 -0.048716491321306427 1.8007713703610648 -0.077977476650960401 -1.6369715988109874 3.0407358132863012 -0.0003585088569593609 -0.043119525480710769
leaf_weight=715 111 923 48 45 49 44 50 42 48 134 1037 7210 140 150 106 116 40 59 90 59 99 137 466 805 54 75 67 49 454 76
leaf_count=715 111 923 48 45 49 44 50 42 48 134 1037 7210 140 150 106 116 40 59 90 59 99 137 466 805 54 75 67 49 454 76
internal_value=-0.000118527 -0.000449003 -0.0146875 -0.000258786 -0.00167373 0.000586745 -0.00963115 0.000324006 0.0124138 -0.000215318 -0.00791168 0.000930265 0.000320821 -0.00131705 0.00364078 5.32198e-05 -0.000737379 -0.0135714 -0.00425 0.001 0.000212379 -0.00058102 0.00378913 -0.00339343 0.0216495 -0.0142241 0.00282673 -0.000463679 0.00248016 -0.0107639
internal_weight=13498 12137 159 11978 4480 7498 243 3394 144 3250 1086 7255 3116 2087 1029 1878 1762 209 199 149 1647 1548 606 942 96 115 1361 646 503 143
internal_count=13498 12137 159 11978 4480 7498 243 3394 144 3250 1086 7255 3116 2087 1029 1878 1762 209 199 149 1647 1548 606 942 96 115 1361 646 503 143
is_linear=0
shrinkage=0.05


Tree=278
num_leaves=31
num_cat=0
split_feature=13 13 12 10 15 3 15 15 1 7 7 13 14 15 14 15 1 0 14 0 10 10 14 12 14 12 10 10 15 10
split_gain=4.08389 16.8343 14.2236 7.61837 12.5853 19.2863 12.1826 18.9658 9.72113 10.591 8.72183 8.08417 8.24566 5.411 5.88251 5.22251 5.12553 7.65879 5.34661 4.52863 11.6785 8.33914 8.77631 10.1807 18.4413 8.97001 8.58056 22.0443 11.3574 8.49068
threshold=0.90438663683299525 0.88917497572200743 0.34841060557183762 0.10837544681456425 2000.1250000000002 9.8907894736842135 3047.6250000000005 2133.6250000000005 10.798574561403511 15.500000000000002 18.500000000000004 0.98448590438035632 2727.6250000000005 3603.2500000000005 2644.8750000000005 3528.8750000000005 6.1667489035087728 4.4513157894736857 2314.1250000000005 9.8276315789473703 0.99865421017599998 0.95752911693909493 2057.1250000000005 0.067682722635586057 2745.1250000000005 -0.36547639117285574 0.94704596667653973 0.94138322595482449 1994.1250000000002 0.92922379131507438
decision_type=2 2 2 2 10 2 10 8 2 2 2 2 10 10 10 8 2 2 10 2 2 2 10 2 10 2 2 2 10 2
left_child=1 16 3 4 5 -2 7 -5 9 13 -9 -11 -13 -6 -15 -3 18 -18 -1 20 -19 26 25 -24 -25 -23 27 29 -28 -21
right_child=2 15 -4 6 8 -7 -8 10 -10 11 -12 12 -14 14 -16 -17 17 19 -20 21 -22 22 23 24 -26 -27 28 -29 -30 -31
leaf_value=0.10860796498393484 -0.34829770817789268 1.5613245051268223 -0.99036733300808355 -0.96563276356741889 -1.3490244556468953 1.4513045331624483 -0.683733484108484 3.9857206865059087 0.044586786090349051 -0.2077669851108567 0.79866961374377754 0.40973012671413472 -0.42317041690782847 0.14048636217382865 -1.6255867811741382 0.65744631865854908 0.54997077175142983 0.050286968731495567 -0.73361294860368398 -0.012810638527679431 1.241438299862955 0.02900729678112839 -0.4292637740983537 1.2134007842993697 -0.17948904279005548 -1.5718573486380536 -0.36688587219574065 -2.132077499100967 1.9480501562657992 1.1326222443276948
leaf_weight=51 66 88 118 72 253 74 79 88 346 105 45 73 40 40 45 43 88 2080 182 8030 74 69 449 129 169 140 42 78 96 147
leaf_count=51 66 88 118 72 253 74 79 88 346 105 45 73 40 40 45 43 88 2080 182 8030 74 69 449 129 169 140 42 78 96 147
internal_value=-0.000257463 4.6002e-05 -0.00276817 -0.00128109 -0.00325983 0.0106383 0.00596491 0.0123786 -0.00542636 -0.00951526 0.0235075 -0.000913242 0.00833333 -0.0150442 -0.00406977 0.017803 -0.00015222 -4.31332e-06 -0.00747863 -0.00011735 0.00194896 -0.000593583 -0.00501567 -0.00247326 0.00468227 -0.0140476 -8.93495e-05 -0.000296754 0.0122302 -4.27978e-05
internal_weight=13399 11955 1444 1326 1042 140 284 205 902 556 133 218 113 338 85 131 11824 11591 233 11503 2154 9349 956 747 298 209 8393 8255 138 8177
internal_count=13399 11955 1444 1326 1042 140 284 205 902 556 133 218 113 338 85 131 11824 11591 233 11503 2154 9349 956 747 298 209 8393 8255 138 8177
is_linear=0
shrinkage=0.05


Tree=279
num_leaves=31
num_cat=0
split_feature=6 13 14 2 2 14 0 14 12 12 8 13 8 7 1 1 14 13 8 13 14 3 1 8 0 13 6 13 0 12
split_gain=4.36 9.07183 6.13537 5.78057 5.02221 4.93263 9.77011 8.82738 8.59755 8.37309 7.35355 6.5965 6.54431 5.78776 6.49063 9.88248 11.5011 8.93547 7.74754 6.33295 6.15808 6.89506 14.3887 6.00953 7.15103 5.78704 5.72372 5.39154 7.83813 7.01512
threshold=807.51315789473699 0.2332836900311728 3751.6250000000005 13.898684210526318 9.6289473684210538 3455.1250000000005 10.535526315789477 3973.3750000000005 0.28313881758084386 -0.35846811432664222 1.5000000000000002 0.88118961618000469 2.5000000000000004 19.500000000000004 9.9100328947368457 9.3881578947368443 2307.1250000000005 0.89975755788027889 1.5000000000000002 -0.80417042486635371 2190.8750000000005 0.87763157894736843 14.842927631578949 3.5000000000000004 11.285526315789477 0.99924179677339053 132.38157894736847 0.16587474750015932 18.567105263157902 0.78725952717486247
decision_type=2 2 10 2 2 8 2 8 2 2 2 2 2 2 2 2 10 2 2 2 10 2 2 2 2 2 2 2 2 2
left_child=4 -2 -3 -4 5 13 26 8 9 11 -10 -8 -9 25 15 16 -15 18 -18 23 21 -21 -23 24 -16 -1 -7 -22 -29 -30
right_child=1 2 3 -5 -6 6 7 12 10 -11 -12 -13 -14 14 19 -17 17 -19 -20 20 27 22 -24 -25 -26 -27 -28 28 29 -31
leaf_value=0.051308429870834976 -1.45607566910262 0.28655864975717121 -0.8746807960432762 0.2634701186400889 0.14671697864823727 0.26961463563915233 -0.62050943165722861 -0.50044127956002737 -1.3680086223974741 -1.6770094520437624 0.10404369922582646 0.52565272945593056 -1.7341790566109694 0.25593496316753317 -1.7990690865793568 0.92517195857174106 -0.99220730271495094 0.35803316731055479 -0.12969027173062386 0.8031702267508195 0.00098421269215123188 0.7678102305879293 -0.54053088643561298 -0.63507182626374292 0.020754574218915425 -0.61207931838337126 -0.29189156189725057 -1.2394497088976324 0.020932436051157313 -0.82153786040845489
leaf_weight=8263 178 233 50 41 431 560 267 40 100 105 466 60 69 139 45 134 71 55 163 142 451 115 131 199 191 84 231 121 225 80
leaf_count=8263 178 233 50 41 431 560 267 40 100 105 466 60 69 139 45 134 71 55 163 142 451 115 131 199 191 84 231 121 225 80
internal_value=0.000193438 -0.00437376 0.000615385 -0.0103261 0.000370971 0.00018788 -0.00215903 -0.00518953 -0.0037037 -0.00900693 0.000352734 -0.00503049 -0.0186364 0.000607917 -0.001635 0.00301954 -0.000699301 -0.00637931 -0.0106383 -0.0031746 -0.00138231 0.00385604 -0.00121457 -0.00837156 -0.00295359 0.00121586 0.00208333 -0.00370159 -0.00772834 -0.00343137
internal_weight=13440 502 324 91 12938 12507 1898 1107 998 432 566 327 109 10609 2262 562 428 289 234 1700 1265 388 246 435 236 8347 791 877 426 305
internal_count=13440 502 324 91 12938 12507 1898 1107 998 432 566 327 109 10609 2262 562 428 289 234 1700 1265 388 246 435 236 8347 791 877 426 305
is_linear=0
shrinkage=0.05


Tree=280
num_leaves=31
num_cat=0
split_feature=14 13 13 7 15 3 13 10 1 1 1 1 7 10 7 10 10 3 15 14 7 6 1 13 14 7 15 10 3 15
split_gain=5.04577 4.75552 4.48632 7.27394 5.47261 6.84663 4.95283 6.06349 5.56732 8.03035 5.27687 7.96079 5.20904 4.9882 10.1996 10.0047 4.78541 4.17624 3.98381 13.2236 10.6877 9.64612 13.4595 9.62852 7.32908 6.92077 5.89045 5.50153 5.55524 5.52475
threshold=4265.8750000000009 0.9999398912535008 -0.99864786094873803 13.500000000000002 2157.7500000000005 2.3592105263157879 -0.99467580659249177 0.99466373373798567 11.909402412280704 13.951973684210527 17.415515350877197 17.096299342105269 11.500000000000002 0.99053107487289871 7.5000000000000009 0.98802474685579866 0.99818282439137029 3.1973684210526314 3047.6250000000005 3671.8750000000005 18.500000000000004 91.197368421052644 24.819819078947372 0.50371863418624774 3919.0000000000005 11.500000000000002 3635.8750000000005 0.97508442350096236 9.2276315789473706 3187.3750000000005
decision_type=10 2 2 2 10 2 2 2 2 2 2 2 2 2 2 2 2 2 8 10 2 2 2 2 10 2 8 2 2 8
left_child=1 2 3 4 -1 -6 10 13 16 -10 11 12 -4 15 -15 18 -9 -16 19 -8 24 -21 25 -22 27 -23 -26 28 29 -20
right_child=-2 -3 6 -5 5 -7 7 8 9 -11 -12 -13 -14 14 17 -17 -18 -19 20 21 23 22 -24 -25 26 -27 -28 -29 -30 -31
leaf_value=-0.79527794121765971 0.78275652856780198 -0.35870153877784222 -0.40186293361044251 -1.0070537662452013 -0.7113789010474989 1.5503314442709439 0.010464475212359048 -2.3537817392804299 0.8875678555722516 -1.2537635320685241 -0.053480766870939084 1.4958321665716086 1.1653465535994656 -0.45282072872488471 0.51844975839973129 -1.5193773666670438 -0.14893243510239246 2.2345738395677359 -0.4459353384944052 2.8638319865822384 -0.031134216480791111 0.71353910548903066 1.8516351234936566 -0.83974014936266039 -1.8972691811121991 -1.3253380150102316 -0.16918953560409591 1.0152056456074321 0.40150407676766237 0.020733564602949173
leaf_weight=42 50 40 70 98 42 48 7984 59 63 77 51 45 64 49 42 78 41 52 523 76 182 45 42 184 46 44 352 56 188 2772
leaf_count=42 50 40 70 98 42 48 7984 59 63 77 51 45 64 49 42 78 41 52 523 76 182 45 42 184 46 44 352 56 188 2772
internal_value=-1.11062e-05 -7.06005e-05 -1.86345e-05 -0.00692641 0.00075188 0.00769231 0.000102381 -2.70145e-05 -0.00788382 -0.00141844 0.00735931 0.0113889 0.00518519 0.000121894 0.009375 1.59071e-05 -0.0168317 0.0189474 0.000128051 0.000775146 -0.00110362 0.0132212 0.00492424 -0.00926431 -0.000342814 -0.00611111 -0.00676692 0.000381356 0.000129162 -0.000348908
internal_weight=13505 13455 13415 230 132 90 13185 12955 240 140 230 179 134 12715 143 12572 100 94 12494 8191 4303 207 131 366 3937 89 398 3539 3483 3295
internal_count=13505 13455 13415 230 132 90 13185 12955 240 140 230 179 134 12715 143 12572 100 94 12494 8191 4303 207 131 366 3937 89 398 3539 3483 3295
is_linear=0
shrinkage=0.05


Tree=281
num_leaves=31
num_cat=0
split_feature=12 12 14 15 15 14 8 1 8 0 10 10 12 12 12 10 14 15 8 3 14 15 10 13 6 6 13 14 6 14
split_gain=5.42389 7.537 7.7682 6.49093 5.22254 8.53191 9.868 11.226 9.20231 11.0146 9.71391 8.28428 8.25252 8.74883 7.88105 7.69706 11.1842 6.83093 11.0171 8.96107 6.68797 8.17735 8.40452 7.09852 10.0501 9.73294 7.69354 6.49509 8.81936 6.45645
threshold=0.99898004730802425 0.99683609994235922 2247.1250000000005 3269.8750000000005 3347.1250000000005 2335.8750000000005 4.5000000000000009 20.639391447368425 5.5000000000000009 18.975000000000005 0.95998215779580554 -0.93545489084327571 0.95938219844953276 0.91593490216309192 0.98519415784776321 -0.90163369914317015 3039.1250000000005 2216.6250000000005 1.5000000000000002 11.775000000000002 2477.1250000000005 2145.8750000000005 -0.861146256326485 0.68274389090025245 0.51315789473684215 383.43421052631589 0.48877522411129348 2300.2500000000005 98.710526315789494 3685.7500000000005
decision_type=2 2 10 10 8 10 2 2 2 2 2 2 2 2 2 2 10 10 2 2 10 10 2 2 2 2 2 10 2 10
left_child=1 4 -3 -4 5 12 29 8 9 15 -10 -9 13 17 -14 16 -8 19 -19 -1 -13 -22 -23 24 -24 -25 -26 28 -20 -7
right_child=-2 2 3 -5 -6 6 7 11 10 -11 -12 20 14 -15 -16 -17 -18 18 27 -21 21 22 23 25 26 -27 -28 -29 -30 -31
leaf_value=-0.0045755270351946825 0.44114494831137563 0.31830697294051336 -1.7809253914669398 -0.28871588351743188 -0.091751826465565511 0.16669530200906593 -0.39908897807722499 0.81823737700273114 -0.016909414516885591 -1.9190799476763916 0.78606573783946487 0.72427564219435681 -0.80387671684189288 0.83936936301563492 -0.069612945746109753 -0.3850907627671859 1.3815180604062336 -0.032826483805956742 -1.3074700859739778 0.6148942252097982 -1.2915721450998376 -0.4833521498381515 -0.50079461391399038 0.42546483021170617 0.27580990976738351 -0.66341140472081861 1.4862996362714513 0.065209408396844998 0.049564761065948919 3.4374377267589811
leaf_weight=2721 197 40 65 40 2853 3513 45 56 537 124 64 95 120 148 118 712 57 777 272 126 46 71 46 92 156 83 61 92 53 60
leaf_count=2721 197 40 65 40 2853 3513 45 56 537 124 64 95 120 148 118 712 57 777 272 126 46 71 46 92 156 83 61 92 53 60
internal_value=0.000119039 -3.77529e-06 -0.0113014 -0.0183962 0.000122147 0.000649034 0.00190754 -0.000690116 -0.00308442 -0.00617678 0.00174419 0.00452617 -0.00100497 -0.00048926 -0.0100418 -0.00404908 0.00873786 -0.000927759 -0.00410042 0.000403792 0.00291859 0.000809353 0.00264706 0.00523918 0.0104167 -0.00255682 0.0149083 -0.0106459 -0.0139571 0.00353945
internal_weight=13440 13243 145 105 13098 10245 5818 2245 1539 938 601 706 4427 4189 238 814 102 4041 1194 2847 650 555 509 438 263 175 217 417 325 3573
internal_count=13440 13243 145 105 13098 10245 5818 2245 1539 938 601 706 4427 4189 238 814 102 4041 1194 2847 650 555 509 438 263 175 217 417 325 3573
is_linear=0
shrinkage=0.05


Tree=282
num_leaves=31
num_cat=0
split_feature=2 15 8 15 14 9 13 15 13 12 12 12 15 14 8 10 1 14 14 6 12 15 3 1 2 15 1 1 1 14
split_gain=3.85208 4.42495 3.66003 7.66441 11.7788 12.7347 8.98379 7.96499 8.76939 6.95542 9.2991 7.20004 10.3391 8.51498 9.88337 8.26702 7.97176 6.69774 6.64273 9.31628 14.6385 9.33065 7.38947 6.61982 9.09488 6.50743 8.87267 10.7853 6.26915 6.24711
threshold=14.584210526315792 3201.8750000000005 4.5000000000000009 2177.1250000000005 2644.8750000000005 1.0000000180025095e-35 0.93158198870884079 1987.1250000000002 -0.27694043983797384 0.97508442350096236 0.9993614236720848 0.90623151893102627 2929.1250000000005 3142.1250000000005 5.5000000000000009 -0.97876850416056738 24.183634868421056 2612.8750000000005 2274.1250000000005 100.56578947368423 0.4737060765891063 2109.6250000000005 9.3539473684210552 27.455509868421057 1.9302631578947376 1747.8750000000002 17.02741228070176 13.78061951754386 26.23933662280702 3764.6250000000005
decision_type=2 10 2 8 10 2 2 10 2 2 2 2 8 10 2 2 2 10 10 2 2 10 2 2 2 10 2 2 2 10
left_child=2 -2 29 4 5 6 18 -6 -9 11 28 12 13 14 -5 -15 -14 -13 22 20 -20 -21 25 24 -16 26 27 -4 -11 -1
right_child=1 -3 3 9 7 -7 -8 8 -10 10 -12 17 16 15 23 -17 -18 -19 19 21 -22 -23 -24 -25 -26 -27 -28 -29 -30 -31
leaf_value=0.029999603432997901 0.90367497728334456 -0.0073664741178731674 0.72481175520279073 -0.64812103943700095 -4.7735769257664513 1.2689123689388282 0.59961910628600779 0.67435887037026987 -1.5385457632036605 -1.5302295645281334 0.0052306812952565458 -0.35526651933037101 -2.3413616742717638 0.92530349968078562 -0.13260019294507402 0.043703867232761699 -0.041058771422513018 0.6411184816813148 -0.57768141200062362 1.571194257835157 0.68719618839893437 -0.074515175237058889 0.34341817207050557 -0.54305915468559085 0.86679351009142924 -0.17370919642432911 0.59375049538911073 -0.45335291796958477 -0.30690391191037636 -0.19665099271746841
leaf_weight=8803 48 58 41 415 45 52 112 55 67 46 73 49 96 48 517 466 72 136 110 94 88 46 114 46 89 723 90 101 57 763
leaf_count=8803 48 58 41 415 45 52 112 55 67 46 73 49 96 48 517 466 72 136 110 94 88 46 114 46 89 723 90 101 57 763
internal_value=-0.000103543 0.00934579 -0.000178904 -0.0014809 0.000977573 0.00232188 0.00148026 -0.0116071 -0.00487805 -0.00350545 -0.0129944 -0.00263566 -0.00362857 -0.00237042 -0.00491573 0.00291262 -0.0153846 0.00672043 0.000390625 0.00648968 -0.000502513 0.0163121 -0.00154206 -0.00107198 0.000329489 -0.00298117 0.00429185 -0.0034965 -0.0225962 0.000344936
internal_weight=13520 106 13414 3848 1738 1571 1519 167 122 2110 176 1934 1749 1581 1067 514 168 185 1407 338 198 140 1069 652 606 955 232 142 103 9566
internal_count=13520 106 13414 3848 1738 1571 1519 167 122 2110 176 1934 1749 1581 1067 514 168 185 1407 338 198 140 1069 652 606 955 232 142 103 9566
is_linear=0
shrinkage=0.05


Tree=283
num_leaves=31
num_cat=0
split_feature=15 14 13 2 6 15 12 6 7 8 13 15 15 14 3 3 12 15 6 15 12 14 13 7 12 7 7 13 15 15
split_gain=4.02541 7.82692 9.74326 9.74279 9.24855 9.7798 8.36225 7.29028 10.8173 9.23516 8.39049 6.69181 8.2981 8.74998 8.6956 9.86594 10.2181 8.47595 8.41222 7.83614 8.73779 6.96384 7.86287 13.8399 11.4018 10.9829 10.9675 8.04097 7.95131 7.71907
threshold=3347.1250000000005 3124.8750000000005 0.68274389090025245 8.843421052631582 53.605263157894747 2740.1250000000005 0.3036948619824264 86.328947368421083 12.500000000000002 3.5000000000000004 -0.88622145408796527 2183.1250000000005 2062.2500000000005 2037.1250000000002 1.0592105263157887 2.3592105263157879 0.80033572242307993 1960.3750000000002 698.84210526315803 1787.3750000000002 -0.95244167294248061 2485.1250000000005 -0.36447964422024054 5.5000000000000009 -0.7614135502316719 21.500000000000004 9.5000000000000018 0.8842148469408333 2340.1250000000005 3117.3750000000005
decision_type=8 10 2 2 2 10 2 2 2 2 2 10 10 10 2 2 2 10 2 10 2 10 2 2 2 2 2 2 10 10
left_child=1 11 7 4 5 -4 -6 -3 -9 10 -10 12 13 14 17 -16 -17 18 -1 20 -15 22 24 28 -13 -25 -26 -27 -24 -28
right_child=-2 2 3 -5 6 -7 -8 8 9 -11 -12 21 -14 19 15 16 -18 -19 -20 -21 -22 -23 23 25 26 27 29 -29 -30 -31
leaf_value=0.77481971600115573 -0.10949625737112001 0.51569890892233161 3.5130196504006563 0.90563154023789139 -2.0579479273515289 -0.27952504826207586 -0.061619415623158605 0.45300103286335802 -0.51803028526512662 -0.50946325808196213 1.1537952088196335 -1.6205179163592676 0.20082800371883425 1.0437939402091787 -0.24939795352800048 0.091126041949348757 -0.61600802511959507 -0.066229671706003052 -0.15963959208821735 -0.1058830640374481 -1.484362050344646 0.0045629699385244752 -0.070346082545415814 0.4541439640685212 0.22701578048918236 -0.076440746049433989 -0.41849509483442948 -1.865774336372465 -1.2332766072754795 -1.6965671972374823
leaf_weight=198 2891 517 45 71 105 147 61 597 60 276 124 149 1047 42 150 905 48 117 43 874 76 2865 262 524 298 228 458 44 214 85
leaf_count=198 2891 517 45 71 105 147 61 597 60 276 124 149 1047 42 150 905 48 117 43 874 76 2865 262 524 298 228 458 44 214 85
internal_value=-0.000195977 0.000253974 0.00306886 -0.00360465 -0.00696379 0.000518135 -0.0155689 0.00488889 0.00250473 -0.0032538 0.00540541 -0.000399861 0.00128535 -0.000305623 0.00215458 -4.52899e-05 0.00183438 0.00891365 0.0142562 -0.00392749 -0.0159664 -0.00155031 -0.00362351 -0.00102121 -0.00696266 0.00301129 -0.00469121 -0.00512821 -0.00775681 -0.00891544
internal_weight=13521 10630 2003 429 358 192 166 1574 1057 460 184 8627 3500 2453 1461 1103 953 358 241 992 118 5127 2262 1272 990 796 841 272 476 543
internal_count=13521 10630 2003 429 358 192 166 1574 1057 460 184 8627 3500 2453 1461 1103 953 358 241 992 118 5127 2262 1272 990 796 841 272 476 543
is_linear=0
shrinkage=0.05


Tree=284
num_leaves=31
num_cat=0
split_feature=3 0 2 12 7 7 12 15 11 12 8 15 6 6 15 15 1 11 1 12 15 7 8 15 10 12 10 1 15 7
split_gain=5.72547 7.28839 4.533 8.72293 5.46275 7.98682 14.4723 14.6541 7.4616 6.8133 5.99679 14.0442 7.72767 8.86028 7.08529 8.86031 6.75617 10.453 9.10082 7.57736 7.04485 6.13168 6.01206 5.93941 5.96997 5.56985 5.3468 5.6234 5.15025 9.25141
threshold=13.38684210526316 2.4684210526315797 1.7552631578947386 -0.95244167294248061 1.0000000180025095e-35 7.5000000000000009 0.93771544905322102 2456.1250000000005 -0.8901731938066898 0.99898004730802425 3.5000000000000004 3779.8750000000005 1.3815789473684212 349.09210526315798 3047.6250000000005 4031.0000000000005 26.812282314241493 -0.99700296666818056 25.556825657894745 0.77241981449888963 3413.8750000000005 15.500000000000002 1.5000000000000002 3713.8750000000005 -0.26866367175705824 0.78725952717486247 -0.64578423485557612 27.285197368421056 2151.8750000000005 3.5000000000000004
decision_type=2 2 2 2 2 2 2 10 2 2 2 10 2 2 8 10 2 2 2 2 10 2 2 10 2 2 2 2 8 2
left_child=2 -2 28 -4 -5 6 8 -8 -6 10 14 12 25 26 -7 16 18 -18 19 21 -21 -16 -17 24 -19 -12 -14 -28 -1 -30
right_child=1 -3 3 4 5 9 7 -9 -10 -11 11 -13 13 -15 15 22 17 23 -20 20 -22 -23 -24 -25 -26 -27 27 -29 29 -31
leaf_value=0.052953100087518128 0.033116413208676934 -1.2615734792334934 -2.643509824096657 1.5180814406272476 -0.18068927026531584 0.71137681157736099 -0.012614401371251915 -2.4752070790696052 0.95106746024118827 2.063127626705898 0.021114372777651626 -2.1369696699224963 0.094762981252029033 0.0012971485071147982 0.63787473157519803 0.019976700529969096 0.86005347899745177 0.0067698531102223574 1.6851424652080482 0.058563609459110925 -2.67444346378727 -0.30668619593222957 1.6878540050612174 -1.094111872954352 -2.2227018677622481 -1.024436849775475 0.28557857740470355 1.7387864610380122 -0.39825456525602476 -0.013888270211748478
leaf_weight=2962 61 52 46 54 140 313 58 66 69 68 68 45 67 523 199 53 41 141 62 69 54 59 66 54 50 62 61 41 448 7424
leaf_count=2962 61 52 46 54 140 313 58 66 69 68 68 45 67 523 199 53 41 141 62 69 54 59 66 54 50 62 61 41 448 7424
internal_value=0.000192921 -0.0109649 0.000288087 0.00219368 0.00259662 0.0022428 -0.00494012 -0.0184 0.00309524 0.00338579 0.00285855 -0.000288018 0.00121507 0.0033189 0.00520654 0.00282686 0.000753425 -0.00522648 0.00461712 0.00170157 -0.00846774 0.00656371 0.0154167 -0.00914634 -0.00494792 -0.00992366 0.0132353 0.0203883 -0.000156899 -0.000825607
internal_weight=13476 113 13363 2529 2483 2429 333 124 209 2096 2028 867 822 692 1161 848 729 286 443 381 123 258 119 245 191 130 169 102 10834 7872
internal_count=13476 113 13363 2529 2483 2429 333 124 209 2096 2028 867 822 692 1161 848 729 286 443 381 123 258 119 245 191 130 169 102 10834 7872
is_linear=0
shrinkage=0.05


Tree=285
num_leaves=31
num_cat=0
split_feature=13 12 6 7 15 13 13 8 0 8 14 13 7 0 11 8 12 14 11 15 15 13 12 14 14 13 7 1 15 12
split_gain=5.85066 5.55458 7.59942 4.76853 10.8863 9.42213 8.66785 6.83879 6.64253 6.01491 8.06761 5.37579 5.1195 9.85334 5.76813 5.57037 10.6133 4.79976 6.46181 4.66395 4.58061 4.2225 4.14641 3.74803 3.64641 6.93644 10.8194 9.54406 9.63089 9.47541
threshold=0.99897831515029056 1.0000000180025095e-35 55.76315789473685 20.500000000000004 2448.3750000000005 1.0000000180025095e-35 0.18281650233046789 4.5000000000000009 19.08289473684211 3.5000000000000004 2135.3750000000005 -0.70291145964310642 21.500000000000004 21.322368421052634 -0.8739740505118182 1.5000000000000002 0.57957876984334955 2314.1250000000005 0.39629089145655322 2018.1250000000002 2279.1250000000005 0.99731940924863693 0.38044714639866822 2203.1250000000005 3455.1250000000005 -0.80417042486635371 10.500000000000002 10.013157894736844 3384.3750000000005 -0.98803388382128665
decision_type=2 2 2 2 8 2 2 2 2 2 10 2 2 2 2 2 2 10 2 10 10 2 2 10 10 2 2 2 10 2
left_child=3 2 -2 21 5 9 -7 12 -8 17 11 -11 13 15 -14 -6 -17 18 19 -5 -10 24 -12 -21 -1 27 -27 -26 -29 -28
right_child=1 -3 -4 4 7 6 8 -9 20 10 22 -13 14 -15 -16 16 -18 -19 -20 23 -22 -23 -24 -25 25 26 29 28 -30 -31
leaf_value=0.033479065267346189 -0.045699337168304058 0.15588387366185544 -2.0014637034450291 0.53804789862226698 -1.3429234387263023 0.62442750703389727 -0.047123658663497284 -1.6096073055475246 1.7413182361266992 -0.48159884561218863 -1.1207071084076803 0.4638884867067361 -1.7800364198350964 0.44770153251015476 -0.57002462237728657 -0.79576071493042955 0.73686507231270759 1.1593610346540573 0.84960146607461418 -0.74262798536093444 0.0088191799203059425 0.86612357453241207 -0.11530111331994704 0.24258229980666784 0.42548471615723432 0.13475888831324029 -1.4121871287679142 0.0010108930706223874 -1.8142642507806159 -0.11266480515791955
leaf_weight=9374 60 76 42 51 76 71 312 51 67 96 85 70 50 63 117 65 40 63 51 167 40 70 81 50 40 793 46 46 77 1193
leaf_count=9374 60 76 42 51 76 71 312 51 67 96 85 70 50 63 117 65 40 63 51 167 40 70 81 50 40 793 46 46 77 1193
internal_value=4.07891e-05 -0.00893855 -0.0165049 0.000161581 -0.00233953 0.000165975 0.00549898 -0.00885529 0.0027381 -0.0034965 -0.00840841 -0.000598802 -0.00667476 -0.00204082 -0.0133929 -0.00796703 -0.000471698 0.00078329 -0.00171875 -0.00483271 0.0134259 0.000519759 -0.0161677 -0.00802752 0.000445117 -0.00138889 -0.000590261 -0.0112805 -0.0181452 -0.00350806
internal_weight=13483 178 102 13305 1666 1204 490 462 419 714 332 166 411 244 167 181 105 382 319 268 107 11639 166 217 11569 2195 2032 163 123 1239
internal_count=13483 178 102 13305 1666 1204 490 462 419 714 332 166 411 244 167 181 105 382 319 268 107 11639 166 217 11569 2195 2032 163 123 1239
is_linear=0
shrinkage=0.05


Tree=286
num_leaves=31
num_cat=0
split_feature=15 8 7 15 8 8 14 12 14 11 15 12 12 11 15 14 12 0 11 15 11 12 11 11 3 8 13 14 11 15
split_gain=4.2709 8.13839 3.47832 6.32543 6.72138 12.2953 13.5044 11.0443 11.0412 13.588 10.87 9.02602 17.6382 8.89885 11.9499 7.48366 7.34653 8.13496 8.51099 9.33817 7.44551 6.67886 6.50713 7.11052 7.05163 8.33877 13.8265 6.54695 6.13768 6.83198
threshold=4066.2500000000005 3.5000000000000004 5.5000000000000009 2959.1250000000005 5.5000000000000009 4.5000000000000009 2437.6250000000005 -0.99629805505515945 2064.1250000000005 0.68274389090025245 1798.1250000000002 -0.90893575921103265 -0.35846811432664222 0.92519182738459482 2245.3750000000005 2247.1250000000005 0.96231527631374336 22.192105263157899 -0.67168186667784702 1923.1250000000002 -0.93237865822738086 0.98702314536340274 -0.54219087765047058 -0.59177783207548873 7.9618421052631581 3.5000000000000004 -0.79384213008979243 2087.3750000000005 -0.35846086284744721 2062.2500000000005
decision_type=10 2 2 10 2 2 10 2 8 2 10 2 2 2 10 10 2 2 2 8 2 2 2 2 2 2 2 10 2 10
left_child=2 -2 3 4 5 7 11 -1 9 -6 -10 -7 -13 16 -15 -14 17 18 19 -9 -21 -18 23 -20 25 28 -27 -28 -24 -30
right_child=1 -3 -4 -5 8 6 -8 13 10 -11 -12 12 15 14 -16 -17 21 -19 22 20 -22 -23 24 -25 -26 26 27 -29 29 -31
leaf_value=-0.62467429882189551 0.88460865355880292 -1.9617584196937514 0.019458044746170345 -0.89677741953767054 -0.27995597360092006 1.4055197594482309 -0.29644264373380341 0.93075449618329464 -1.8320304632241573 0.62040469280530042 -0.27749795562585294 -0.10205831097907776 0.74162239196479618 -0.101197084585624 -1.5681431499904421 1.6553700174107917 -1.4831573477634663 0.71682849117873959 -0.0080330485488730122 0.01561000950802054 -1.0717131951770285 -0.082158228824982873 0.41276249983711755 1.3169262574235518 0.4089410026336282 0.51292416145154218 1.0072017636600437 -0.95640346742320625 -0.49978391572412878 -0.043461442158445607
leaf_weight=62 185 45 9769 71 195 50 118 43 46 69 168 107 168 247 73 47 62 117 45 114 176 146 92 61 273 101 43 63 282 358
leaf_count=62 185 45 9769 71 195 50 118 43 46 69 168 107 168 247 73 47 62 117 45 114 176 146 92 61 273 101 43 63 282 358
internal_value=0.000186609 0.00692641 6.83527e-05 -0.00130959 -0.000991885 -7.02001e-05 0.00712831 -0.00156846 -0.00647182 0.000377358 -0.0148837 0.0117962 0.00866873 -0.00100131 -0.00872274 0.0168981 0.000252908 0.00130017 0.000393462 -0.00673653 -0.00996564 -0.00861244 0.00219864 0.0140187 0.00115416 -0.000904255 0.00793269 -0.0046729 -0.00341064 -0.00514821
internal_weight=13396 230 13166 3397 3326 2848 490 2358 478 264 214 372 322 2296 320 215 1976 1768 1651 333 290 208 1318 106 1212 939 207 106 732 640
internal_count=13396 230 13166 3397 3326 2848 490 2358 478 264 214 372 322 2296 320 215 1976 1768 1651 333 290 208 1318 106 1212 939 207 106 732 640
is_linear=0
shrinkage=0.05


Tree=287
num_leaves=31
num_cat=0
split_feature=8 15 13 13 10 6 11 15 11 15 12 12 12 12 8 6 13 13 15 13 12 11 12 12 8 10 10 12 15 0
split_gain=4.83391 13.6415 7.69607 12.2614 7.60118 6.98801 10.0749 15.4054 17.8243 11.1802 8.51426 12.542 8.25681 7.03466 9.13276 7.31396 10.5888 8.72184 7.42435 15.0159 12.5764 11.2225 10.3802 9.64477 8.91796 6.83822 6.48413 6.68828 7.17471 6.26076
threshold=4.5000000000000009 2779.2500000000005 0.99530134160901229 0.99138911339924218 -0.99940763397299126 29.684210526315795 0.9980355542543059 2688.7500000000005 -0.60555643346685839 2614.6250000000005 0.99865421017599998 0.99463153969809781 -0.99763297024448894 -0.99275346941927067 1.5000000000000002 121.90789473684212 0.98334068794774554 0.95436825032516992 3160.5000000000005 0.51849435583340198 -0.098750666093870385 -0.8901731938066898 -0.90893575921103265 -0.71504042705586657 3.5000000000000004 -0.99940763397299126 -0.71504373327588355 0.64415889436411822 3068.3750000000005 16.877631578947369
decision_type=2 8 2 2 2 2 2 10 2 8 2 2 2 2 2 2 2 2 10 2 2 2 2 2 2 2 2 2 10 2
left_child=5 2 3 4 -2 25 7 8 9 -7 11 12 -9 14 -14 17 18 -15 19 20 22 -21 29 -24 -25 -1 -3 28 -28 -17
right_child=1 26 -4 -5 -6 6 -8 10 -10 -11 -12 -13 13 15 -16 16 -18 -19 -20 21 -22 -23 23 24 -26 -27 27 -29 -30 -31
leaf_value=1.237862542259677 -0.91553717806593804 -1.684776883537336 -0.50499450858490036 2.4455331581584687 0.0064125156480713489 -2.0938441110914257 -1.7483589219192255 1.1283348206448409 5.1389928744874966 2.2445468044649717 2.4067849097805722 -1.9965589166538849 0.39261349547350621 0.35363221111705345 -2.368861356752018 2.7646194717354096 1.3672110028123712 -0.56792542127932399 -0.043006867077747306 0.33858337448434672 0.59145698874106079 6.7244731895693803 -2.4644590052040032 0.41105952480045294 -1.3745975317667332 -0.0086532385492887453 -0.39838003213542383 0.010204983828066361 -2.132471579883088 0.085625572173762529
leaf_weight=65 42 54 47 62 3259 51 64 69 128 89 59 83 48 712 48 44 76 41 2077 51 212 57 88 128 48 5242 168 162 40 181
leaf_count=65 42 54 47 62 3259 51 64 69 128 89 59 83 48 712 48 44 76 41 2077 51 212 57 88 128 48 5242 168 162 40 181
internal_value=0.000537196 -0.000964798 8.79507e-05 0.000371581 -4.5427e-05 0.00113331 0.00261768 0.00291307 0.0144981 0.00212766 0.00213771 0.00185419 0.00226746 0.00195435 -0.0113402 0.00230086 0.00118124 0.00669761 0.000692761 0.00475309 0.00206553 0.0220183 -0.00234694 -0.0090566 -0.00225989 -8.47777e-05 -0.00941176 -0.00700809 -0.0129187 0.00553097
internal_weight=13495 3834 3410 3363 3301 9661 4354 4290 268 140 4022 3963 3880 3811 96 3715 2962 753 2886 809 701 108 489 264 176 5307 424 370 208 225
internal_count=13495 3834 3410 3363 3301 9661 4354 4290 268 140 4022 3963 3880 3811 96 3715 2962 753 2886 809 701 108 489 264 176 5307 424 370 208 225
is_linear=0
shrinkage=0.05


Tree=288
num_leaves=31
num_cat=0
split_feature=14 14 3 1 10 11 11 11 1 11 10 1 1 15 11 15 10 2 15 14 8 14 0 11 10 8 14 8 9 1
split_gain=4.22066 4.4926 6.87999 7.44449 5.55994 4.11386 8.44344 6.28955 9.26447 6.93582 4.77302 6.54908 9.03027 5.8496 5.07279 6.18997 8.88897 9.72331 4.06826 21.6018 10.5306 6.80729 11.8359 9.29924 5.93745 5.02951 3.70787 3.46425 10.3415 9.46505
threshold=4265.8750000000009 3973.3750000000005 6.4644736842105264 28.567790570175443 0.24372619187392155 -0.90531874877253482 -0.91249077947840473 -0.8901731938066898 22.111129385964919 -0.88220415136009767 -0.25205528343633254 27.455509868421057 28.292050438596497 1895.1250000000002 -0.98801846520836312 2730.8750000000005 0.091259403071267925 6.5131578947368434 3005.8750000000005 3283.8750000000005 2.5000000000000004 2961.8750000000005 24.780263157894741 -0.97874870457683594 0.26037272046371446 2.5000000000000004 2654.5000000000005 4.5000000000000009 1.0000000180025095e-35 14.321491228070178
decision_type=10 10 2 2 2 2 2 2 2 2 2 2 2 8 2 10 2 2 10 10 2 10 2 2 2 2 10 2 2 2
left_child=1 5 3 -3 -4 6 10 8 -7 -9 11 -1 -13 -12 15 26 17 -17 21 -20 -21 22 23 -16 -25 -26 -15 -11 -29 -30
right_child=-2 2 4 -5 -6 7 -8 9 -10 27 13 12 -14 14 18 16 -18 -19 19 20 -22 -23 -24 24 25 -27 -28 28 29 -31
leaf_value=1.0610458290418705 0.66306425123302692 -1.0275632721300327 2.1111052954694514 0.018775875843357426 -0.31799976042888151 -1.1560465804625666 1.2596504796278851 1.6846957790050057 0.89117591233198257 0.014905093170455075 0.92595609174766769 -0.65877289216568902 0.49906294343618357 0.41505216964305874 0.28703162093991069 0.54979366264994955 -0.1973866281644405 3.223439545849101 -3.8131027748213002 2.3633522547421082 -1.4097535613911534 -1.5591791134571169 2.3041932802575502 -1.4185761356188438 2.0542460995079184 -1.3254769622788842 -1.1692875215076357 -0.073849020679620028 1.5791621624211247 -0.53113982361714995
leaf_weight=180 46 136 53 85 76 101 62 77 55 8221 46 63 63 67 47 67 45 42 77 56 61 59 71 50 43 56 53 3224 58 45
leaf_count=180 46 136 53 85 76 101 62 77 55 8221 46 63 63 67 47 67 45 42 77 56 61 59 71 50 43 56 53 3224 58 45
internal_value=-6.34992e-05 -0.000116192 -0.00569801 -0.011036 0.00346154 3.4642e-05 0.00281224 -0.000250382 -0.0101911 -0.000116119 0.00183086 0.00716612 -0.0015748 -0.000118906 -0.00113208 0.00436364 0.0109677 0.0186364 -0.00403071 -0.00974359 0.00381356 -0.000611621 0.00279851 -0.0035533 -0.00966667 -0.0025 -0.00413223 -0.000216469 -0.00157752 0.0139423
internal_weight=13385 13339 350 221 129 12989 1208 11781 156 11625 1146 306 126 840 794 274 154 109 520 194 117 326 267 196 149 99 120 11548 3327 103
internal_count=13385 13339 350 221 129 12989 1208 11781 156 11625 1146 306 126 840 794 274 154 109 520 194 117 326 267 196 149 99 120 11548 3327 103
is_linear=0
shrinkage=0.05


Tree=289
num_leaves=31
num_cat=0
split_feature=1 10 7 7 14 3 10 1 3 12 8 11 0 12 8 1 10 0 14 10 11 7 0 10 14 12 12 8 12 0
split_gain=4.39869 3.74998 10.0649 5.30351 7.90641 7.73839 12.7605 7.7129 8.78907 7.35414 10.4999 8.7914 7.45905 6.72868 10.71 15.0666 11.9839 10.5543 9.81328 9.62171 9.26276 9.15476 9.35556 7.20368 6.56651 8.94093 8.77238 8.73142 9.05163 14.0617
threshold=5.2020285087719307 0.99761913169647187 19.500000000000004 7.5000000000000009 3919.0000000000005 8.0486842105263161 0.95998215779580554 8.9147478070175463 8.7697368421052655 0.96851839807117801 5.5000000000000009 0.98332250088165762 24.067105263157899 0.21652696009750597 3.5000000000000004 9.0858552631578977 -0.57780908558020239 8.5039473684210538 3578.2500000000005 -0.88622299073327826 0.94066717844141279 2.5000000000000004 18.150000000000006 -0.53493989022977317 2093.8750000000005 -0.88622299073327826 -0.814291907305839 1.5000000000000002 -0.91597725483594616 13.51184210526316
decision_type=2 2 2 2 8 2 2 2 2 2 2 2 2 2 2 2 2 2 10 2 2 2 2 2 10 2 2 2 2 2
left_child=-1 3 -3 4 9 -5 7 -7 -9 10 13 -12 -11 18 16 -16 19 -17 24 21 -18 -15 -23 -19 -2 27 -27 -26 29 -29
right_child=1 2 -4 5 -6 6 -8 8 -10 12 11 -13 -14 14 15 17 20 23 -20 -21 -22 22 -24 -25 25 26 -28 28 -30 -31
leaf_value=-0.23658259167702911 0.13359663182844769 0.77601187268235217 -1.3693846122175046 0.014250570433000577 -1.4903102039830629 0.17566310652185849 2.3251058423175039 0.54350505515994885 -0.57159053887203304 -0.134846731202515 -0.29823272862641942 0.37913703549659206 -0.77264334720919126 -0.38567673567540628 2.1697483171863268 -0.77507348399428799 -0.36403291877829819 0.031828885105460357 -1.660422445258223 1.4997728279484364 1.3783131501280992 1.3854886966239066 -0.062679122297890896 0.75627407273851766 0.90092896093617592 -2.7954246629153037 -0.19678472922446419 0.11255407838528982 1.5667560150013173 -1.4501292361944935
leaf_weight=205 1049 263 51 7705 49 680 62 78 90 314 535 41 64 64 47 55 563 131 41 86 65 44 65 188 41 66 604 132 42 57
leaf_count=205 1049 263 51 7705 49 680 62 78 90 314 535 41 64 64 47 55 563 131 41 86 65 44 65 188 41 66 604 132 42 57
internal_value=0.000211456 0.000323966 0.00571429 0.000192916 -0.00123158 0.000911096 0.00526894 0.00365135 -0.00591716 -0.00100116 -0.000357416 -0.00658579 -0.00765172 0.000718348 0.00351413 0.0100711 0.000394144 0.00666667 -0.00108214 0.00942308 -0.00333863 0.00258621 0.0113636 0.0101563 -0.000577309 -0.00360551 -0.00670641 0.0040293 0.000215517 -0.00447368
internal_weight=13477 13272 314 12958 4343 8615 910 848 168 4294 3916 576 378 3340 1308 421 887 374 2032 259 628 173 109 319 1991 942 670 272 231 189
internal_count=13477 13272 314 12958 4343 8615 910 848 168 4294 3916 576 378 3340 1308 421 887 374 2032 259 628 173 109 319 1991 942 670 272 231 189
is_linear=0
shrinkage=0.05


Tree=290
num_leaves=31
num_cat=0
split_feature=13 11 15 15 12 1 1 11 8 6 11 15 11 12 14 3 13 10 1 1 3 14 8 10 1 11 11 1 11 15
split_gain=4.34471 8.21778 6.685 5.45861 5.43994 10.5323 4.45348 4.39791 3.6088 6.76949 13.679 19.2919 14.34 8.72514 8.52164 8.49008 9.48158 8.35736 11.9055 12.1211 8.6969 12.0034 10.6045 9.55959 8.58582 9.49947 8.41859 7.64492 7.53347 7.32094
threshold=-0.99467580659249177 -0.022575793296316496 2062.2500000000005 3160.5000000000005 0.019351116170480156 11.859566885964915 11.36436403508772 0.011826144619637555 4.5000000000000009 29.684210526315795 0.98899263613956456 2711.3750000000005 -0.60555643346685839 -0.99629805505515945 2314.1250000000005 8.601315789473686 -0.93543596745397617 -0.8781231054254196 22.529139254385967 22.186485745614036 1.3328947368421054 3039.1250000000005 1.5000000000000002 -0.16799356919963607 7.6205043859649138 0.8852232634113919 0.33222858587828868 29.567626096491232 -0.24372464231556024 3857.3750000000005
decision_type=2 2 10 10 2 2 2 2 2 2 2 10 2 2 10 2 2 2 2 2 2 10 2 2 2 2 2 2 2 10
left_child=1 3 -3 -1 6 -6 -4 -8 9 13 11 12 -11 -2 -12 16 -13 18 19 28 -19 23 29 -22 25 -24 -26 -15 -18 -23
right_child=8 2 4 -5 5 -7 7 -9 -10 10 14 15 -14 27 -16 -17 17 20 -20 -21 21 22 24 -25 26 -27 -28 -29 -30 -31
leaf_value=0.78181047125390257 -0.63122751862909476 -0.88620641587463644 -1.0991978856921947 -0.26214513242841803 2.9400059908847993 -0.31598492707425979 1.3588456051951199 -0.51489609846939854 -0.055870779293991292 0.2610437808565621 0.067985455175903556 -0.4589545447232013 4.8434473911450597 -0.026608457275710862 -2.5277025476560087 0.99724575175969221 1.5359678903695795 -0.08128420192660997 1.6300108237376549 -1.3255054037368836 -0.19809629440193249 -0.35722033967169864 -3.0110168192089533 1.6816644797409481 -0.73517543442164879 0.40057405392751666 0.52862179928142727 0.61750594549131399 0.53064432113606019 -2.5455513309815387
leaf_weight=108 118 44 44 41 40 45 57 70 3785 152 43 337 102 4888 106 126 67 1793 82 53 58 140 43 183 90 42 415 68 241 41
leaf_count=108 118 44 44 41 40 45 57 70 3785 152 43 337 102 4888 106 126 67 1793 82 53 58 140 43 183 90 42 415 68 241 41
internal_value=-5.21493e-05 0.00477778 0 0.0143333 0.00311284 0.0133721 -0.00203488 0.00273438 -0.00021967 0.000315595 0.0018226 0.00238275 0.0156863 -0.000906404 -0.013 0.00146821 0.00101785 0.00184672 0.00822072 0.00428177 0.000837491 0.00454097 0.00148964 0.0142562 0.00473773 -0.00988372 0.00721344 -0.000585031 0.00809061 -0.00906593
internal_weight=13422 449 300 149 256 85 171 127 12973 9188 4114 3965 254 5074 149 3711 3585 3248 443 361 2805 1012 771 241 590 85 505 4956 308 181
internal_count=13422 449 300 149 256 85 171 127 12973 9188 4114 3965 254 5074 149 3711 3585 3248 443 361 2805 1012 771 241 590 85 505 4956 308 181
is_linear=0
shrinkage=0.05


Tree=291
num_leaves=31
num_cat=0
split_feature=7 0 11 10 8 15 7 6 1 6 13 1 6 15 6 11 15 1 10 1 1 10 10 6 15 1 13 15 12 1
split_gain=4.01431 7.58092 11.1225 5.38217 4.27913 5.65657 3.55399 8.28424 9.70764 7.80127 11.0195 7.3907 7.18001 8.50037 8.20612 10.0279 8.93367 7.11785 6.73019 11.3972 15.5556 10.189 9.6943 7.32051 7.2726 7.54116 6.04102 16.778 8.03324 11.0694
threshold=22.500000000000004 9.343421052631582 0.91852788691372023 0.63920241694561786 2.5000000000000004 2075.1250000000005 6.5000000000000009 0.14473684210526319 23.141721491228076 224.18421052631581 -0.27694043983797384 18.135005482456144 261.3289473684211 1938.7500000000002 217.11842105263162 -0.46039597980994923 2578.3750000000005 24.183634868421056 -0.95244167294248061 17.151864035087723 17.878591008771934 -0.97876850416056738 -0.93545489084327571 530.31578947368428 3423.6250000000005 18.72258771929825 0.44313120970497338 2245.3750000000005 -0.814291907305839 10.879714912280706
decision_type=2 2 2 2 2 8 2 2 2 2 2 2 2 8 2 2 10 2 2 2 2 2 2 2 10 2 2 8 2 2
left_child=6 2 -2 4 -3 -6 7 8 26 10 11 -9 13 -8 -15 -16 -17 -10 19 21 -21 23 -20 -14 25 -22 -1 28 -28 -30
right_child=1 3 -4 -5 5 -7 12 9 17 -11 -12 -13 18 14 15 16 -18 -19 22 20 24 -23 -24 -25 -26 -27 27 -29 29 -31
leaf_value=0.013890461106927888 0.61066047772313825 0.019435842889919286 -0.61129969335149781 -0.75118066352898161 0.016272804211195081 -1.2547799642417887 1.0616957535141638 -0.54971791204935128 1.0968515904209029 0.94671171258703457 -0.93958444987974876 0.49334513590720236 0.17260763165086246 0.034350651237741663 2.6287864364041527 1.2272332903486813 -0.02247011904662486 0.13393642022779204 2.6651039891136179 1.8439626574192289 -0.87885807033967467 -1.8898145039705014 -0.03189298587471967 -2.3466519532613122 -0.75958126328929443 0.33729022120182894 -0.78295606340659563 -1.2681066861671981 -0.03677299057195569 0.97084782929669022
leaf_weight=1903 94 116 58 128 84 80 86 220 70 49 347 99 55 4985 65 73 199 395 47 43 44 45 3128 41 44 87 57 229 443 99
leaf_count=1903 94 116 58 128 84 80 86 220 70 49 347 99 55 4985 65 73 199 395 47 43 44 45 3128 41 44 87 57 229 443 99
internal_value=-0.000137916 -0.00427807 0.00522876 -0.00782396 -0.00391459 -0.00909091 4.27882e-05 -0.00121421 -0.000125117 -0.00607542 -0.00749625 -0.00078125 0.000592642 0.00173784 0.00148413 0.00902367 0.0047619 0.00654506 -0.00115983 -0.00763889 -0.000456621 -0.018662 -0.000425063 -0.00927835 -0.00710227 -0.00113636 -0.00126281 -0.00482509 -0.000416667 0.0014733
internal_weight=13413 560 152 408 280 164 12853 3911 3196 715 666 319 8942 5408 5322 337 272 465 3534 359 218 141 3175 96 175 131 2731 828 599 542
internal_count=13413 560 152 408 280 164 12853 3911 3196 715 666 319 8942 5408 5322 337 272 465 3534 359 218 141 3175 96 175 131 2731 828 599 542
is_linear=0
shrinkage=0.05


Tree=292
num_leaves=31
num_cat=0
split_feature=15 7 10 1 10 10 1 0 6 15 12 1 11 1 1 10 10 10 1 6 11 7 12 12 0 15 7 15 0 6
split_gain=4.51534 7.95378 6.94193 13.8757 11.3705 6.87007 6.83963 14.0705 8.35207 6.32229 15.457 6.87415 13.1437 10.5775 8.85543 7.35996 11.2833 9.49714 6.90652 11.6082 11.8045 6.41568 12.4178 14.9277 11.1367 10.092 9.34324 8.86397 7.76186 7.23316
threshold=3254.3750000000005 18.500000000000004 -0.38242426011641079 8.1376918859649141 -0.35041564478062465 -0.43733984355855576 10.219599780701756 13.169736842105266 37.092105263157897 3221.6250000000005 0.14889030080148793 20.341200657894742 -0.83849291496497236 21.347889254385972 19.47853618421053 -0.86976336936302323 0.39036257410962044 0.51297097409535064 18.135005482456144 29.684210526315795 -0.091258822863740666 13.500000000000002 0.96231527631374336 0.76558307451930629 26.57368421052632 2968.6250000000005 19.500000000000004 2292.3750000000005 20.171052631578949 138.15789473684214
decision_type=10 2 2 2 2 2 2 2 2 10 2 2 2 2 2 2 2 2 2 2 2 2 2 2 2 8 2 10 2 2
left_child=9 2 3 -2 -4 6 8 -8 -5 11 -11 12 -1 15 18 -13 -17 -18 -14 -20 -21 22 23 -15 25 26 29 -28 -29 -23
right_child=1 -3 4 5 -6 -7 7 -9 -10 10 -12 13 14 21 -16 16 17 -19 19 20 -22 24 -24 -25 -26 -27 27 28 -30 -31
leaf_value=-2.8516768569461082 5.4817012927663429 -0.52421466713567499 2.8771217622126644 -0.57825927210826655 0.0024647597311854954 -0.62735398006061593 -0.88173911286296525 -0.15807643923817524 1.8199980441648904 1.36253756677296 -1.3366028538112233 1.2409158834890208 -0.0027501487773065494 -0.08432400884501022 0.89780412823120059 -1.4311736313263965 3.7794861948216294 -0.046236323182097298 -0.40658023525849107 2.2064834059412535 -0.48359391782387323 1.8566871231519373 -0.41564175798589531 0.45836542952217774 0.64932286036334974 -1.1059823808584952 0.54376865534272845 -1.7007222433097924 -0.035734286337606135 0.15478783629737336
leaf_weight=61 43 160 79 44 1802 78 108 1013 68 127 79 124 6760 783 61 45 46 46 220 61 42 75 305 372 325 139 148 53 273 49
leaf_count=61 43 160 79 44 1802 78 108 1013 68 127 79 124 6760 783 61 45 46 46 220 61 42 75 305 372 325 139 148 53 273 49
internal_value=3.67918e-06 -0.00157538 -0.00103523 -0.00376384 0.000929862 -0.0046875 -0.00376823 -0.00494652 0.0079646 0.000529671 0.00917874 0.000350385 -0.00046489 0.00246049 -0.00026592 0.0120229 0.00398551 0.0139785 -0.000430548 -0.00756173 0.00625 0.00146651 -0.000684463 0.00168685 0.00442145 0.00101626 0.00383973 0.000631579 -0.00397554 0.016
internal_weight=13589 3395 3235 1354 1881 1311 1233 1121 112 10194 206 9988 7205 2783 7144 261 137 92 7083 323 103 2522 1460 1155 1062 737 598 474 326 124
internal_count=13589 3395 3235 1354 1881 1311 1233 1121 112 10194 206 9988 7205 2783 7144 261 137 92 7083 323 103 2522 1460 1155 1062 737 598 474 326 124
is_linear=0
shrinkage=0.05


Tree=293
num_leaves=31
num_cat=0
split_feature=1 1 14 1 1 11 10 10 10 15 14 2 1 0 6 14 1 15 8 11 10 10 14 7 9 7 10 8 15 1
split_gain=4.69055 7.91919 17.6557 10.5869 21.8653 9.95076 14.4811 9.69282 13.461 9.58438 11.0678 10.9752 9.12753 8.32483 8.23794 11.2002 8.23217 21.2949 13.6398 7.86827 17.2327 7.91859 8.63693 11.3825 13.3592 13.2021 12.2822 11.7717 12.7225 8.14714
threshold=18.578481359649128 22.392434210526321 2082.1250000000005 22.111129385964919 21.347889254385972 -0.8901731938066898 -0.99275805973510278 -0.92274349529687905 -0.91597725483594616 3466.2500000000005 2981.3750000000005 4.048684210526317 23.37757675438597 22.677631578947373 126.90789473684212 2393.2500000000005 24.522642543859654 2929.1250000000005 2.5000000000000004 -0.13398942717002907 0.57077594689671507 0.98213580174693105 3245.7500000000005 14.500000000000002 1.0000000180025095e-35 2.5000000000000004 0.97508442350096236 4.5000000000000009 2333.6250000000005 15.323410087719301
decision_type=2 2 8 2 2 2 2 2 2 10 10 2 2 2 2 10 2 10 2 2 2 2 10 2 2 2 2 2 10 2
left_child=19 2 3 4 -2 -4 -7 -3 -9 10 11 13 -10 14 15 -8 17 -14 -19 20 -1 22 23 24 25 -22 27 28 -27 -23
right_child=1 7 5 -5 -6 6 9 8 12 -11 -12 -13 16 -15 -16 -17 -18 18 -20 -21 21 29 -24 -25 -26 26 -28 -29 -30 -31
leaf_value=-1.1852932513960865 0.71646773964890831 -0.44080241673716503 -0.59051254095027161 5.8122647959592202 -1.237673762063173 -0.3884615823582408 -0.096369133276920149 1.6561849095459593 -0.62721729922956238 -0.33929484095255025 1.6072096251800305 -2.0483203355866411 1.1635938774087209 1.5483903510451 -0.88115082576669013 0.82314019528191695 0.021383506304357525 0.52715387045096807 -2.0277117386667216 0.0093731764767881042 -0.17832454835499903 -0.097012870303586851 -2.6623766837628411 -0.2364597318558822 -2.9926911528735221 1.5881414886300149 3.3997253483853003 -0.40180504320252908 0.44103404968282123 -1.6588681385360702
leaf_weight=174 153 202 198 46 49 111 128 43 454 82 183 49 164 43 41 111 2007 58 46 7473 181 56 57 592 71 96 41 168 360 50
leaf_count=174 153 202 198 46 49 111 128 43 454 82 183 49 164 43 41 111 2007 58 46 7473 181 56 57 592 71 96 41 168 360 50
internal_value=0.000189057 0.00158311 0.00502092 0.0168675 0.0118227 0.00190074 0.00453939 0.000201681 0.000973675 0.00744514 0.00980216 0.00482574 0.000531136 0.00817901 0.00498221 0.00854167 0.00182337 0.0100372 -0.00761905 -0.000434549 -0.00335679 -0.00179319 -0.000893427 -0.000165563 0.00332244 0.00507674 0.00833333 0.00656 0.0107221 -0.0149533
internal_weight=13487 4168 1194 248 202 946 748 2974 2772 637 555 372 2729 323 280 239 2275 268 104 9319 1846 1672 1566 1509 917 846 665 624 456 106
internal_count=13487 4168 1194 248 202 946 748 2974 2772 637 555 372 2729 323 280 239 2275 268 104 9319 1846 1672 1566 1509 917 846 665 624 456 106
is_linear=0
shrinkage=0.05


Tree=294
num_leaves=31
num_cat=0
split_feature=13 7 10 8 1 10 15 10 5 15 15 1 15 14 15 14 6 8 6 15 1 14 15 11 1 1 1 15 11 1
split_gain=4.85582 6.8186 6.55356 12.4211 6.2295 5.48915 5.12151 4.79898 4.62398 4.46203 4.33392 7.76122 7.13839 6.72814 13.9711 10.5789 10.5487 15.5949 11.0158 8.64884 10.7628 8.02419 7.92342 10.2553 8.41487 9.72008 11.4716 7.60919 7.10983 7.05882
threshold=-0.99864786094873803 14.500000000000002 0.99865421017599998 3.5000000000000004 15.597341008771933 0.99466373373798567 2189.6250000000005 0.99761913169647187 0.55658760387811557 2259.2500000000005 2597.1250000000005 5.2020285087719307 2558.3750000000005 3048.1250000000005 2209.1250000000005 2576.8750000000005 12.065789473684212 4.5000000000000009 245.22368421052636 2298.3750000000005 15.186869517543863 2409.6250000000005 2440.3750000000005 -0.9260227363677036 27.383168859649125 21.800274122807021 20.143640350877195 2292.3750000000005 -0.77788789561442695 14.428974780701758
decision_type=2 2 2 2 2 2 10 2 2 10 10 2 10 10 8 8 2 2 2 10 2 10 8 2 2 2 2 10 2 2
left_child=1 6 5 -4 -3 10 -1 9 -8 -7 11 -2 13 15 -15 16 22 18 -18 20 29 -21 23 -13 25 26 28 -17 -25 -19
right_child=2 4 3 -5 -6 7 8 -9 -10 -11 -12 12 -14 14 -16 27 17 19 -20 21 -22 -23 -24 24 -26 -27 -28 -29 -30 -31
leaf_value=-0.82022018449783907 -1.5100121236393536 -3.3951277477228361 3.7240951010966743 0.10500988461935777 -0.072328582810177983 -1.6894086809829618 -0.49352464261535262 0.130576051903563 0.99866339015686667 -0.3864492409925333 -0.026787348063567154 0.89407712046070176 0.55072776347856234 -1.2189715423917051 0.60992495968575899 -0.74243208789864645 2.3375640746982755 0.83532623262434536 8.2900766276533773 -1.5498238111691309 0.024255761754642436 0.44560859982723289 -0.4069682024620761 -0.53372041805790216 0.94512084877986247 -0.25106467164324614 0.52162166647003694 -0.014655575837809921 0.026854515532102143 2.2346429569684858
leaf_weight=45 115 47 40 76 41 46 47 78 51 107 6757 199 192 83 355 354 43 115 48 49 244 59 295 48 114 446 136 447 2777 56
leaf_count=45 115 47 40 76 41 46 47 78 51 107 6757 199 192 83 355 354 43 115 48 49 244 59 295 48 114 446 136 447 2777 56
internal_value=5.9211e-05 -0.00711207 0.000184488 0.0119658 -0.0179775 7.9763e-05 -0.000347222 -0.0075431 0.00606061 -0.0126623 0.0002165 0.0011739 0.00141891 0.00110751 0.0070615 0.000626036 0.00154428 0.00764228 0.0266304 0.00429389 0.00757212 -0.00825688 0.00061006 0.00123623 0.000610449 0.000161385 0.00119851 -0.00467581 0.000513093 0.0171512
internal_weight=13510 231 13279 116 88 13163 143 231 98 153 12932 6175 6060 5868 438 5430 4629 614 91 523 415 108 4015 3720 3521 3407 2961 801 2825 171
internal_count=13510 231 13279 116 88 13163 143 231 98 153 12932 6175 6060 5868 438 5430 4629 614 91 523 415 108 4015 3720 3521 3407 2961 801 2825 171
is_linear=0
shrinkage=0.05


Tree=295
num_leaves=31
num_cat=0
split_feature=13 7 7 15 8 12 13 13 8 8 13 15 0 0 0 15 7 15 8 7 7 15 13 12 12 7 10 12 12 13
split_gain=5.14248 6.74913 4.17638 7.10281 6.17983 6.02544 6.19103 5.62091 5.89029 4.84604 4.82604 6.96443 4.77132 7.02433 4.64583 5.08587 4.50466 8.91829 17.155 13.6065 9.49409 12.6918 16.1001 10.4334 9.28159 8.19919 7.25081 6.56294 11.6018 7.16528
threshold=0.99924179677339053 15.500000000000002 20.500000000000004 2388.5000000000005 4.5000000000000009 0.34841060557183762 -0.59350570164704342 -0.18704161936942101 3.5000000000000004 1.0000000180025095e-35 0.8842148469408333 2189.6250000000005 8.7210526315789512 10.475000000000003 14.488157894736844 2677.1250000000005 7.5000000000000009 2597.1250000000005 1.0000000180025095e-35 17.500000000000004 11.500000000000002 2379.6250000000005 1.0000000180025095e-35 -0.97876850416056738 -0.5484990889199054 8.5000000000000018 0.79383249484937135 -0.71504042705586657 -0.97113884758256674 -0.27694043983797384
decision_type=2 2 2 8 2 2 2 2 2 2 2 10 2 2 2 10 2 10 2 2 2 8 2 2 2 2 2 2 2 2
left_child=2 -2 16 7 5 14 -7 8 -4 -8 -9 -12 -11 -14 15 -5 -1 18 -18 20 21 22 24 -22 26 -23 -20 28 -21 -30
right_child=1 -3 3 4 -6 6 9 10 -10 12 11 -13 13 -15 -16 -17 17 -19 19 27 23 25 -24 -25 -26 -27 -28 -29 29 -31
leaf_value=-0.021058647528434449 -1.4194207823781768 0.13041434028375534 0.028029668822324539 0.029793274562280203 -1.1119604718420875 0.72884926669563588 -1.564226799549556 0.32395626709374031 -0.46575215327073355 -0.64921571085683361 0.24233479467586677 -0.57160298201813475 0.81524761072129204 -0.023535034572000769 -1.5069954136667207 -1.164843733445514 6.9338647649477823 0.016602727040014999 2.0915690748346267 1.0887234962262482 -1.5387174169898685 -0.13618520392919892 -1.5537845481999399 -0.044210102845318039 -0.12726143195511669 1.9191383094765797 0.67516466710877698 0.92885607017273064 0.22786054471073386 -1.3493016221707195
leaf_weight=4353 80 47 322 91 66 50 47 385 306 45 54 51 40 113 60 44 68 5566 56 42 51 47 120 714 118 135 44 214 59 42
leaf_count=4353 80 47 322 91 66 50 47 385 306 45 54 51 40 113 60 44 68 5566 56 42 51 47 120 714 118 135 44 214 59 42
internal_value=0.000208473 -0.00976562 0.00030442 -0.00202985 -0.00664273 -0.00468432 -0.000168919 0.000268097 -0.00286169 -0.00345528 0.00427699 -0.00518868 0 0.00422078 -0.0114796 -0.00625 0.000640585 0.00140168 0.00455874 0.00353013 0.00112753 0.00633397 0.000589971 -0.00241514 0.0086758 0.0169399 0.019802 0.0121508 0.00381944 -0.00539216
internal_weight=13430 127 13303 1674 556 490 295 1118 628 245 490 105 198 153 195 135 11629 7276 1710 1642 1285 520 338 765 218 182 100 357 143 101
internal_count=13430 127 13303 1674 556 490 295 1118 628 245 490 105 198 153 195 135 11629 7276 1710 1642 1285 520 338 765 218 182 100 357 143 101
is_linear=0
shrinkage=0.05


Tree=296
num_leaves=31
num_cat=0
split_feature=12 10 1 1 14 10 1 14 12 14 14 10 12 12 13 7 10 8 14 6 10 14 13 15 10 14 15 13 12 13
split_gain=6.39034 9.25257 10.5361 10.312 7.00129 6.51122 9.93692 6.35855 8.14049 6.24135 8.81079 13.5208 9.11389 11.0011 10.1009 8.51669 9.17954 10.4073 7.35122 7.19302 9.19946 7.99024 6.8166 8.14087 6.08563 6.0022 5.93998 5.73892 7.42132 5.59466
threshold=-0.66528308454101848 -0.8781231054254196 8.1376918859649141 16.28541666666667 2468.3750000000005 -0.85227431625818906 16.96132127192983 2030.1250000000002 -0.878119045158818 2952.3750000000005 3245.7500000000005 0.55656748448714433 -0.9470547246821871 -0.96235977360714686 0.44313120970497338 11.500000000000002 0.76140650896573503 1.5000000000000002 3949.7500000000005 33.078947368421062 -0.65234524191686594 3483.5000000000005 0.33222858587828868 2405.1250000000005 0.86113431103781346 1823.8750000000002 2740.1250000000005 1.0000000180025095e-35 -0.97876850416056738 0.315961146185463
decision_type=2 2 2 2 10 2 2 10 2 10 8 2 2 2 2 2 2 2 10 2 2 10 2 10 2 10 10 2 2 2
left_child=1 3 -3 4 -1 6 -4 8 25 15 -11 12 13 19 -14 27 22 -18 -16 21 -21 -12 -17 -24 -19 -7 -25 -9 -29 -30
right_child=-2 2 5 -5 -6 7 -8 9 -10 10 11 -13 14 -15 18 16 17 24 -20 20 -22 -23 23 26 -26 -27 -28 28 29 -31
leaf_value=0.84789711628473019 -0.01541670670799249 0.66131907109869426 0.076520299904382236 0.15111920567846937 3.8147657681446847 -0.35108126839612624 -1.2062275438752637 -0.072449710679188692 0.91840009453411542 0.45121929511591363 0.98847801892098919 -3.1375529477388113 2.5070110791076332 -2.0786165039867344 -0.19199842535747394 0.24382687960660407 -1.1476007733723008 -1.17916382959246 1.5900716153730174 -0.2821810874255789 2.4487600316123008 -0.97732813682850983 0.15952292535575907 -1.3107163591309359 0.21646751747518922 0.24300053879884445 -0.19797595413359659 -1.7258652556806737 0.45397250140597412 -0.69761215289508982
leaf_weight=41 9728 236 63 163 69 177 53 230 293 412 40 48 59 40 132 370 59 72 41 79 42 49 95 66 93 286 88 86 46 189
leaf_count=41 9728 236 63 163 69 177 53 230 293 412 40 48 59 40 132 370 59 72 41 79 42 49 95 66 93 286 88 86 46 189
internal_value=0.000159899 0.00192308 0.00121916 0.0107664 0.0225225 0.000467435 -0.0111111 0.00090527 0.00488771 -0.000385109 0.00275716 -0.00150659 0.0010352 -0.00557769 0.00815451 -0.00250896 0.000651659 -0.008 0.00201149 -0.000947867 0.00696721 -0.0116667 0.00379032 -0.0026 -0.00150602 0.00075431 -0.00967742 -0.00733696 -0.011646 -0.00699153
internal_weight=13445 3717 3444 273 110 3208 116 3092 756 2336 942 530 482 250 232 1394 843 224 173 210 121 89 619 249 165 463 154 551 321 235
internal_count=13445 3717 3444 273 110 3208 116 3092 756 2336 942 530 482 250 232 1394 843 224 173 210 121 89 619 249 165 463 154 551 321 235
is_linear=0
shrinkage=0.05


Tree=297
num_leaves=31
num_cat=0
split_feature=8 12 12 12 3 0 13 15 15 10 14 3 12 0 12 15 0 0 12 12 8 15 14 10 11 10 11 14 3 10
split_gain=5.28255 9.6988 13.0299 11.4367 13.6951 12.2249 9.24008 8.70501 10.947 8.39276 10.1484 6.62003 11.1658 11.2042 10.8579 12.028 12.1356 11.6866 8.0981 9.78565 8.30588 6.34044 10.3764 14.3734 13.1056 9.76155 9.4531 8.59125 7.27475 10.7186
threshold=3.5000000000000004 -0.96688789938088693 -0.97876850416056738 -0.878119045158818 3.1539473684210519 7.7513157894736855 -0.99763124042248752 2259.2500000000005 1946.2500000000002 -0.61237985104942771 2232.3750000000005 7.1644736842105274 0.46230456327903491 5.9394736842105269 0.019351116170480156 2145.8750000000005 6.3381578947368427 7.0697368421052644 0.94704596667653973 0.80033572242307993 1.5000000000000002 3047.6250000000005 2335.8750000000005 -0.76141707087277943 -0.89787881968372518 -0.67803021058859214 -0.82899557272681157 2281.1250000000005 5.6328947368421058 0.86548282553247169
decision_type=2 2 2 2 2 2 2 10 10 2 10 2 2 2 2 10 2 2 2 2 2 8 10 2 2 2 2 10 2 2
left_child=11 2 7 4 -3 -6 -5 8 -2 -4 -11 21 14 -14 17 16 -16 -13 19 -15 -21 22 24 -24 -1 -25 -26 28 -28 -30
right_child=1 3 9 6 5 -7 -8 -9 -10 10 -12 12 13 18 15 -17 -18 -19 -20 20 -22 -23 23 25 26 -27 27 -29 29 -31
leaf_value=1.8955737468501981 0.037792286917067486 -0.16138950216408149 4.0298518465816304 -1.1202392035953268 -0.027957826291321909 -1.8934128006983713 -0.03565763066460477 0.19151224462111716 -1.0483530531923635 1.3327259298739706 -0.032961147096136754 -0.17313655669430547 -0.56797684482467048 0.43897736637015899 -0.73211801913436148 2.9988846980268251 1.6547584552438481 0.44208615775910404 0.89835067779201838 -0.87996706288010962 -0.037848835052614049 -0.11430702428291398 0.8370255226079053 -1.6893365135102956 -1.832614975615229 0.13489434044222434 0.039288510755818608 -1.0850008814932834 0.038520788202242785 -3.8361192588068378
leaf_weight=140 93 281 58 54 57 128 4769 149 95 62 94 246 169 181 73 173 50 369 132 69 98 3102 348 62 101 850 1177 111 110 82
leaf_count=140 93 281 58 54 57 128 4769 149 95 62 94 246 169 181 73 173 50 369 132 69 98 3102 348 62 101 850 1177 111 110 82
internal_value=-0.000374518 -0.00150659 0.00480072 -0.00216446 -0.00963597 -0.0201613 -0.00144071 -0.00133136 -0.00846561 0.0144186 0.00828025 0.000490581 0.00339526 -0.00161538 0.00696272 0.0148148 0.00282258 0.00316558 0.0022869 -0.0017192 -0.0104167 -0.000254767 0.00139168 0.00483743 -0.0011324 0.00153341 -0.00243363 -0.00141796 -0.000328467 -0.00932642
internal_weight=13483 5840 551 5289 466 185 4823 337 188 214 156 7643 1560 649 911 296 123 615 480 348 167 6083 2981 1260 1721 912 1581 1480 1369 192
internal_count=13483 5840 551 5289 466 185 4823 337 188 214 156 7643 1560 649 911 296 123 615 480 348 167 6083 2981 1260 1721 912 1581 1480 1369 192
is_linear=0
shrinkage=0.05


Tree=298
num_leaves=31
num_cat=0
split_feature=1 6 12 8 1 15 1 1 14 10 8 10 12 2 14 1 10 10 14 8 14 10 14 15 15 6 15 15 14 11
split_gain=5.55874 5.31617 5.07421 9.62116 7.88359 9.8364 14.7477 8.50186 7.80565 6.04688 9.53358 9.038 7.71375 5.85142 5.78787 5.1829 4.82371 7.88255 9.5996 10.7327 10.2328 5.46427 5.493 5.35714 5.1819 4.73253 11.0149 10.1004 10.6845 8.39331
threshold=25.80183662280702 639.53947368421063 0.97650828179861848 5.5000000000000009 27.741803728070185 2223.1250000000005 29.002604166666668 29.352220394736843 2814.1250000000005 -0.47558551945199218 3.5000000000000004 -0.38242426011641079 0.88119114410046628 4.5881578947368427 2923.3750000000005 28.096025219298252 0.091259403071267925 0.022575936829235418 2774.5000000000005 1.5000000000000002 2321.2500000000005 -0.26866367175705824 3855.3750000000005 2440.3750000000005 3125.6250000000005 8.7236842105263186 1960.3750000000002 2871.3750000000005 3236.7500000000005 0.99958851518450398
decision_type=2 2 2 2 2 10 2 2 10 2 2 2 2 2 10 2 2 2 10 2 10 2 10 10 10 2 8 8 10 2
left_child=1 25 3 9 13 -6 -7 -8 -9 10 12 -11 -2 -4 -14 -16 17 18 20 -20 -13 23 -23 -21 -18 27 -27 28 -1 -28
right_child=2 -3 4 -5 5 6 7 8 -10 11 -12 16 14 -15 15 -17 24 -19 19 21 -22 22 -24 -25 -26 26 29 -29 -30 -31
leaf_value=-0.0068771438268640855 2.5202893336218608 -0.25496737037585721 -0.034496856679948 -0.22701077614749465 0.63189559390856975 -1.9498102036591605 0.92839460388252071 -1.5286417103548502 1.3385145425191696 -0.30826114868864352 0.024104687686258331 -0.9422207276334803 0.059008355311129891 2.6157791391716501 1.5102819303798243 0.21668159325188299 0.11484317614908833 2.0232429711954296 -1.4503784130271016 0.47695710611077402 2.1096431287687665 -1.5062538349329657 0.45295846199021528 3.5004845094730856 -2.0681108018185115 1.1767246432906404 0.034101429788506721 -0.21894840194063364 2.3046328501817928 -1.61884549331362
leaf_weight=4942 70 818 51 186 58 68 42 85 41 106 149 44 83 40 42 40 87 60 79 68 102 44 40 44 43 130 4560 1200 64 50
leaf_count=4942 70 818 51 186 58 68 42 85 41 106 149 44 83 40 42 40 87 60 79 68 102 44 40 44 43 130 4560 1200 64 50
internal_value=-0.000126516 -0.000509987 0.00257023 0.00407609 -0.00246114 -0.00644068 -0.0109705 -0.00295858 -0.00944882 0.00585299 0.0109091 0.0031337 0.017161 0.0103261 0.0111446 0.0204819 0.00547386 0.00778008 0.00533175 -0.000181159 0.0156463 0.00609137 -0.00352941 0.0132743 -0.00305344 -0.000219238 0.000970259 -0.00112776 -0.000139804 0.000563869
internal_weight=13436 11764 1672 1287 385 294 236 168 126 1101 384 717 235 91 165 82 611 481 421 275 146 196 84 112 130 10946 4740 6206 5006 4610
internal_count=13436 11764 1672 1287 385 294 236 168 126 1101 384 717 235 91 165 82 611 481 421 275 146 196 84 112 130 10946 4740 6206 5006 4610
is_linear=0
shrinkage=0.05


Tree=299
num_leaves=31
num_cat=0
split_feature=11 6 7 15 8 10 13 15 7 8 12 13 8 12 15 3 3 12 7 12 15 1 1 12 15 10 7 13 1 15
split_gain=7.09501 7.77895 5.56019 8.75341 12.7994 12.1043 9.48636 8.86006 7.13019 7.79517 10.157 11.3748 6.66741 5.74308 5.36518 7.08423 8.89804 5.14116 12.1634 13.6341 9.00304 9.38795 16.4765 7.27954 9.31136 6.0672 4.61153 9.07957 11.582 6.56596
threshold=0.99958851518450398 17.776315789473689 19.500000000000004 2183.1250000000005 3.5000000000000004 -0.84315017450793706 0.63089349388778826 3056.3750000000005 21.500000000000004 5.5000000000000009 0.34841060557183762 -0.016126424138694709 1.5000000000000002 0.10196183112029107 1938.7500000000002 0.87763157894736843 4.6605263157894736 0.97109394436505758 16.500000000000004 0.98519415784776321 2151.8750000000005 22.779221491228075 9.3449835526315805 0.96522610578843548 2614.6250000000005 0.69056404122701587 21.500000000000004 0.90438663683299525 12.527384868421054 2448.3750000000005
decision_type=2 2 2 8 2 2 2 10 2 2 2 2 2 2 10 2 2 2 2 2 10 2 2 2 10 2 2 2 2 10
left_child=2 -2 17 6 7 -6 14 26 9 10 -7 -12 -9 -8 15 -4 -17 23 19 20 -19 22 -22 -1 -25 -20 29 28 -28 -5
right_child=1 -3 3 4 5 8 13 12 -10 -11 11 -13 -14 -15 -16 16 -18 18 25 -21 21 -23 -24 24 -26 -27 27 -29 -30 -31
leaf_value=0.007932999852334888 -0.031692598958738931 -2.4553167222181855 0.60509947903511263 0.77052958925846726 -0.9977520312662137 -1.0141584782674955 1.6635049812899525 -1.250718891569045 -0.97165565051686831 0.30796849990719011 0.80244863246780374 -0.21780411229481161 -0.32548698286825584 0.026594203946581275 0.036485408201389194 -0.79616551490059928 0.16669248706364784 0.081253288556683859 0.83788506663718187 -0.088019440983021016 -3.1415413355212878 -3.0271712325901947 0.81291509383586347 -0.18331641745051003 1.6703804440048318 -0.20600372462870384 0.60672171283399623 -1.8080584072689476 -0.73334704029423392 0.0038829403893259951
leaf_weight=10066 85 47 42 123 81 114 70 48 143 100 41 64 63 45 396 81 40 47 97 549 57 71 51 46 49 41 164 42 193 397
leaf_count=10066 85 47 42 123 81 114 70 48 143 100 41 64 63 45 396 81 40 47 97 549 57 71 51 46 49 41 164 42 193 397
internal_value=-0.000538873 -0.0120301 -0.00042411 -0.00269128 -0.00473316 -0.0109375 0.00207407 -0.0014549 -0.00777538 -0.00359375 -0.00886364 0.00235849 -0.0147321 0.0150862 -0.000625 -0.00823171 -0.0143443 3.61174e-05 -0.0035558 -0.00599227 -0.0162996 -0.0213889 -0.0119266 0.000359181 0.0140625 0.0100719 0.000163043 -0.003875 -0.00125698 0.00326296
internal_weight=13453 132 13321 2247 1573 543 674 1030 462 319 219 105 111 115 559 163 121 11074 913 775 226 179 108 10161 95 138 919 399 357 520
internal_count=13453 132 13321 2247 1573 543 674 1030 462 319 219 105 111 115 559 163 121 11074 913 775 226 179 108 10161 95 138 919 399 357 520
is_linear=0
shrinkage=0.05


Tree=300
num_leaves=31
num_cat=0
split_feature=11 3 14 15 0 14 3 13 3 3 14 12 15 1 1 12 11 1 12 0 15 0 1 0 15 15 1 12 2 14
split_gain=3.96977 8.27507 5.48469 7.05381 6.81481 3.97308 8.92375 10.8544 8.40489 6.92319 6.86806 6.86277 6.82773 8.03283 6.59276 9.00133 5.45684 5.35441 5.29084 4.75985 6.51654 5.88364 4.2555 4.95596 4.07466 4.06905 4.142 3.92989 3.78993 14.11
threshold=0.99748108949426018 6.121052631578948 2294.3750000000005 1810.8750000000002 6.9605263157894752 3455.1250000000005 5.7500000000000018 -0.91597566659893348 5.0250000000000004 5.3907894736842108 3422.3750000000005 0.97508442350096236 3027.1250000000005 6.1667489035087728 10.219599780701756 -0.91597725483594616 0.96849880583763492 12.617214912280703 0.28313881758084386 10.140789473684213 3413.8750000000005 9.343421052631582 12.131414473684213 14.035526315789477 2800.8750000000005 3792.6250000000005 10.298053728070178 0.80033572242307993 3.7276315789473711 3635.1250000000005
decision_type=2 2 10 10 2 8 2 2 2 2 10 2 10 2 2 2 2 2 2 2 10 2 2 2 8 10 2 2 2 8
left_child=5 -2 3 -3 -4 10 7 -7 11 -10 -1 16 -8 -14 15 -15 22 -12 -19 20 -17 27 25 -24 -25 26 -9 -22 29 -26
right_child=1 2 4 -5 -6 6 12 8 9 -11 17 -13 13 14 -16 19 -18 18 -20 -21 21 -23 23 24 28 -27 -28 -29 -30 -31
leaf_value=0.021806408243492115 -1.4759418492532861 -0.70483051013133036 -1.2295547081414497 0.95648414079168453 0.031915197848184106 -0.79390818056094759 0.71561437069094613 -0.37334522764640499 -1.5070522403962969 -0.12833619466948676 -0.46362857345034175 -1.6110623200039982 -0.92424607422550487 2.7531629054721636 -0.42561119568156303 -1.336624377995304 0.18995726936170743 2.2654802391023625 0.2580513845804035 0.89882852145296965 0.65503770093598634 -0.44344095363910585 0.42908127254931971 0.60450287946106307 0.020685299204251353 0.23151259988640049 -0.94946174310134668 -0.043998757534018301 -0.0052385311113084757 -3.7671784617238018
leaf_weight=10703 53 41 57 82 87 71 169 74 56 78 59 55 84 40 71 51 54 50 48 75 130 115 72 64 124 59 57 91 581 66
leaf_count=10703 53 41 57 82 87 71 169 74 56 78 59 55 84 40 71 51 54 50 48 75 130 115 72 64 124 59 57 91 581 66
internal_value=0.000197496 -0.00529595 -0.0016791 0.00604839 -0.00827586 0.000332112 -0.00158624 -0.00400142 -0.00298285 -0.0148148 0.000727373 -0.001657 0.0025393 0.000227964 0.00235192 0.00437376 -0.000824653 0.0110759 0.0181818 0.00237581 0.000128866 0.00267062 -0.00159381 -0.000165198 -0.00125598 -0.00837696 -0.0132576 0.00743243 -0.00226684 -0.00837696
internal_weight=13417 320 267 123 144 13097 2237 1411 1340 134 10860 1206 826 657 573 502 1151 157 98 462 387 336 1097 907 835 190 131 221 771 190
internal_count=13417 320 267 123 144 13097 2237 1411 1340 134 10860 1206 826 657 573 502 1151 157 98 462 387 336 1097 907 835 190 131 221 771 190
is_linear=0
shrinkage=0.05


Tree=301
num_leaves=31
num_cat=0
split_feature=1 1 15 1 0 13 11 10 8 4 10 10 14 15 4 14 1 15 12 10 7 0 14 12 1 15 0 14 10 8
split_gain=5.7258 4.62931 10.4653 14.4507 13.9467 11.0735 15.7901 13.4628 12.9637 11.6845 9.28774 10.1431 6.18462 6.02079 7.5831 7.43115 7.40277 16.2487 10.0995 8.61197 7.18574 6.29503 9.11603 6.86613 5.96968 12.6242 9.62722 5.71332 5.62763 5.37661
threshold=25.80183662280702 22.392434210526321 2949.5000000000005 23.141721491228076 20.606578947368423 0.90438663683299525 -0.88220415136009767 -0.85227431625818906 2.5000000000000004 6.3789646814404461 -0.92274349529687905 0.39036257410962044 3142.1250000000005 3920.6250000000005 5.199168975069254 3764.6250000000005 20.341200657894742 3326.1250000000005 0.77241981449888963 -0.89406062840022227 13.500000000000002 19.840789473684215 1915.1250000000002 0.31596169403973995 25.01647478070176 2272.1250000000005 21.928947368421056 2224.8750000000005 -0.13398594226331254 4.5000000000000009
decision_type=2 2 10 2 2 2 2 2 2 2 2 2 10 10 2 10 2 8 2 2 2 2 10 2 2 10 2 10 2 2
left_child=1 13 3 4 -3 6 9 8 -8 -4 -5 24 -9 14 16 -15 29 18 21 -19 -17 22 -18 -24 25 -12 -26 -20 -7 -1
right_child=-2 2 5 10 -6 28 7 12 -10 -11 11 -13 -14 15 -16 20 17 19 27 -21 -22 -23 23 -25 26 -27 -28 -29 -30 -31
leaf_value=0.022252531901267504 0.11105161402166459 -1.3932862102135914 -0.2420408023165237 -0.26054021965751417 0.12345625498128357 -4.4081446273431082 -0.75046891706206231 -1.8142083427919715 0.93797385148287737 2.6136179404677935 1.7246574803843941 -0.398189726601413 -2.7036932818823973 2.0957190047189331 -1.4859173930295584 0.17914602470625596 2.7049838897469272 0.017778453017945142 0.52844455272262392 -2.456659843189823 -0.74089658169541517 1.3167578087516632 -0.082886675312511218 0.50028293417144598 -0.28749577617868455 0.5790652096472968 0.80628227290742416 -0.52700397177487168 -2.1486583441613902 -0.061649659173940566
leaf_weight=6577 1696 167 71 73 156 43 85 75 50 43 55 77 64 128 47 137 44 85 44 65 43 235 139 73 60 155 50 94 45 2716
leaf_count=6577 1696 167 71 73 156 43 85 75 50 43 55 77 64 128 47 137 44 85 44 65 43 235 139 73 60 155 50 94 45 2716
internal_value=0.000291197 -0.00010259 -0.00295276 0.000566751 -0.00756173 -0.00880503 -0.00514139 -0.0116364 -0.000367647 0.0104348 0.00615711 0.00917085 -0.0225 0.000244534 3.4585e-05 0.00711974 0.000129058 0.00480769 0.00833333 -0.00993377 0.000552486 0.011687 0.00622568 0.00187793 0.0130841 0.0180095 0.0036036 -0.00359712 -0.0247191 -0.000263611
internal_weight=13392 11696 1269 793 323 476 388 274 135 114 470 397 139 10427 10119 308 10072 779 629 150 180 491 256 212 320 210 110 138 88 9293
internal_count=13392 11696 1269 793 323 476 388 274 135 114 470 397 139 10427 10119 308 10072 779 629 150 180 491 256 212 320 210 110 138 88 9293
is_linear=0
shrinkage=0.05


Tree=302
num_leaves=31
num_cat=0
split_feature=15 7 8 7 7 9 9 12 0 10 10 7 7 11 10 12 10 14 11 15 10 11 7 15 7 14 14 7 14 15
split_gain=5.25494 11.0538 9.18383 9.77997 7.91796 16.5479 16.4049 16.0308 13.2859 10.9704 17.6797 10.3832 12.9775 10.3254 20.7633 10.3242 9.80067 9.61392 9.3354 8.35426 8.18781 12.1588 8.00342 7.72809 13.375 12.0216 7.53459 9.71656 12.709 10.6988
threshold=2440.3750000000005 21.500000000000004 4.5000000000000009 6.5000000000000009 14.500000000000002 1.0000000180025095e-35 1.0000000180025095e-35 0.93544191479114935 12.043421052631581 0.12545942051955489 0.022575936829235418 8.5000000000000018 11.500000000000002 0.98899263613956456 -0.03977009085991149 0.99196248624718542 -0.92274349529687905 3635.1250000000005 0.82777578779003613 3578.6250000000005 -0.69057362043749781 -0.78858226040708135 17.500000000000004 3262.1250000000005 11.500000000000002 2903.3750000000005 3346.1250000000005 15.500000000000002 3635.1250000000005 2820.1250000000005
decision_type=8 2 2 2 2 2 2 2 2 2 2 2 2 2 2 2 2 10 2 10 2 2 2 10 2 10 8 2 8 8
left_child=-1 2 4 -4 6 9 7 13 -9 10 16 -8 -13 23 -15 -11 -6 19 -19 -18 -10 -22 -7 24 25 -2 -5 29 -29 -28
right_child=1 -3 3 26 5 22 11 8 20 15 -12 12 -14 14 -16 -17 17 18 -20 -21 21 -23 -24 -25 -26 -27 27 28 -30 -31
leaf_value=0.032148299154096095 -0.063949032068967432 -0.85283100135507084 -1.3066873243160559 -0.27862371988085216 -0.46679220579658254 0.057002447507693434 -3.510673029929376 0.47363775726632867 -0.061885138826664847 -0.4001769297545707 2.1265598082258066 1.0576030839922168 -3.7180958008899325 -3.807368074837723 0.58127052682215208 0.33450079059214205 0.05730989933234696 -1.5730712976077941 0.41261399669410825 1.1116300308426617 -0.11113265509129633 -3.7054352563178328 3.4386919252871397 0.06442338085571464 1.4756063330474718 0.98695985331869451 0.091968300730400188 -0.015190640904052088 1.9883324014359005 -1.0146700032174181
leaf_weight=5421 634 200 70 721 341 42 53 188 95 1085 44 45 43 41 58 65 642 125 77 127 77 105 51 1851 369 493 199 74 52 124
leaf_count=5421 634 200 70 721 341 42 53 188 95 1085 44 45 43 41 58 65 642 125 77 127 77 105 51 1851 369 493 199 74 52 124
internal_value=-5.1802e-05 -0.000858873 -0.000563862 -0.00451249 0.00017288 -0.00198077 0.0015544 0.00216002 -0.00654506 -0.00275229 0.000294768 -0.0151408 -0.00449438 0.00333623 -0.0125 -0.00634231 -0.000761615 0.00180041 -0.00788177 0.00435065 -0.0134892 -0.0196721 0.018617 0.00380824 0.00647963 0.00376773 -0.00341588 0.00166667 0.0133858 -0.0029321
internal_weight=13512 8091 7891 1240 6651 2599 4052 3911 465 2506 1356 141 88 3446 99 1150 1312 971 202 769 277 182 93 3347 1496 1127 1170 449 126 323
internal_count=13512 8091 7891 1240 6651 2599 4052 3911 465 2506 1356 141 88 3446 99 1150 1312 971 202 769 277 182 93 3347 1496 1127 1170 449 126 323
is_linear=0
shrinkage=0.05


Tree=303
num_leaves=31
num_cat=0
split_feature=6 6 6 7 13 15 15 15 0 1 10 12 12 1 1 1 8 6 7 15 12 6 1 1 1 10 15 1 12 1
split_gain=5.8142 7.47596 8.61525 10.5493 8.99494 8.30516 7.93138 7.84148 6.53262 7.43299 11.3261 9.05102 8.22739 6.92179 15.4525 13.64 7.9207 6.47184 6.09584 7.41413 5.91004 10.5146 8.32086 6.98588 18.4386 9.40979 6.9777 8.75317 6.76896 8.03044
threshold=619.59210526315803 29.684210526315795 126.90789473684212 5.5000000000000009 0.95938053495154851 1994.1250000000002 2423.1250000000005 2405.1250000000005 17.653947368421054 22.322998903508775 -0.89406062840022227 -0.77245553105869302 0.50371950759872852 21.800274122807021 20.341200657894742 18.135005482456144 4.5000000000000009 156.72368421052633 21.500000000000004 2472.6250000000005 0.18281681932135149 342.05263157894746 17.505400219298249 12.131414473684213 10.879714912280706 -0.20180236284700911 3079.8750000000005 16.583963815789478 -0.82415234898030387 11.289446271929828
decision_type=2 2 2 2 2 8 8 10 2 2 2 2 2 2 2 2 2 2 2 10 2 2 2 2 2 2 10 2 2 2
left_child=1 6 3 -3 -5 -4 7 8 13 11 -11 -10 -13 14 15 -1 -17 -7 -8 -20 21 26 -23 24 -22 -25 -19 28 29 -28
right_child=-2 2 5 4 -6 17 18 -9 9 10 -12 12 -14 -15 -16 16 -18 20 19 -21 23 22 -24 25 -26 -27 27 -29 -30 -31
leaf_value=-0.00088334600156372292 -0.18225481473155014 -0.57167823913262061 0.99777110594982332 0.40743015574978475 -0.67068657008230737 -0.56172744356290427 -0.079596005327971397 0.76589021669115032 -0.21165555128030747 -0.49834876577782555 0.25712980949244868 1.5405016695411859 0.41512427088363213 -1.7274848422882429 0.90976972162287673 -0.73354904415741662 -0.018610690111802341 0.50499367026427533 -1.2399757801264515 -0.35136508362663793 0.13452099436688059 -0.70151082104223406 0.12598014106731625 0.11054934391729604 -3.1860375007361883 1.4139749656742424 3.5883303735143048 -1.0395244020761083 -0.31962421228276983 0.061202211812928911
leaf_weight=2986 1341 117 111 1012 91 298 2997 63 49 95 548 65 66 59 52 102 63 396 73 144 445 533 246 724 95 177 52 138 189 87
leaf_count=2986 1341 117 111 1012 91 298 2997 63 49 95 548 65 66 59 52 102 63 396 73 144 445 533 246 724 95 177 52 138 189 87
internal_value=-0.000193813 0.000153222 0.0017084 0.00532351 0.00683877 0.000443872 -0.000842048 0.000602555 0.000330396 0.00430825 0.00178571 0.0132597 0.0200758 -0.000674226 -0.000358926 -0.00080901 -0.014759 0 -0.00270607 -0.0107798 0.000681155 -0.00137028 -0.00557692 0.00301664 -0.00147874 0.00570953 0.00243337 -0.00171306 0.00273556 0.0110714
internal_weight=13414 12073 4711 1220 1103 3491 7362 4148 4085 823 643 180 131 3262 3203 3151 165 3380 3214 217 3082 1641 779 1441 540 901 862 466 328 139
internal_count=13414 12073 4711 1220 1103 3491 7362 4148 4085 823 643 180 131 3262 3203 3151 165 3380 3214 217 3082 1641 779 1441 540 901 862 466 328 139
is_linear=0
shrinkage=0.05


Tree=304
num_leaves=31
num_cat=0
split_feature=7 14 15 3 3 8 1 11 10 15 15 10 1 11 6 13 11 15 15 1 13 13 14 8 15 7 14 15 15 10
split_gain=6.16094 4.50401 5.84788 9.89651 10.6894 11.3489 9.6683 11.0119 9.27783 9.08376 7.23619 6.25318 5.48668 5.0528 4.84399 9.55738 7.55104 10.2782 8.252 8.15637 7.40847 9.9777 6.86847 6.85307 8.06463 7.16736 5.65091 8.44565 5.59677 5.2736
threshold=22.500000000000004 1877.7500000000002 1981.3750000000002 11.015789473684212 0.72236842105263055 5.5000000000000009 21.495148026315793 -0.54940789553007929 0.88621069759564464 1787.3750000000002 1775.8750000000002 -0.88622299073327826 15.668832236842107 0.31595530242620651 613.67105263157907 0.2332836900311728 -0.80926783187727869 2109.6250000000005 2304.6250000000005 21.621600877192989 -0.99273797715557011 -0.97507822412530132 2261.3750000000005 4.5000000000000009 3603.2500000000005 12.500000000000002 3364.2500000000005 3493.3750000000005 3820.1250000000005 0.63920241694561786
decision_type=2 8 10 2 2 2 2 2 2 10 10 2 2 2 2 2 2 8 10 2 2 2 10 2 10 2 10 10 10 2
left_child=1 2 3 4 5 -1 7 -4 9 13 -10 -9 -11 -6 -3 20 17 -17 -19 -20 -16 -22 -23 24 29 -25 -21 -28 -29 -24
right_child=-2 14 6 -5 8 -7 -8 11 10 12 -12 -13 -14 -15 15 16 -18 18 19 26 21 22 23 25 -26 -27 27 28 -30 -31
leaf_value=1.2700207012278613 -0.13172330626856024 0.024081090082017909 0.75348161153078763 0.79351515149496665 -0.85335728121646071 -0.37133705516497462 -3.5006198338626748 1.1471128885636632 0.87843809700671049 0.57636454605726617 -0.46938054033878418 -0.82023966187159658 -0.21589939455551532 -0.64916773395921723 0.57760524592745244 -1.8168607579386391 1.9230815070221525 1.9717339521104578 2.6867418401738976 -0.69959999580107712 -2.5185420912017094 0.46533864178822459 0.21701211367676479 -0.35112405457789464 -3.618391009655352 -1.9689116015462731 1.1971636317854972 -1.4734597231396038 0.26161642255726747 -0.60604644053062207
leaf_weight=65 554 10692 49 47 66 41 51 44 75 71 68 254 43 74 46 49 41 58 52 164 40 76 131 90 50 42 80 59 93 223
leaf_count=65 554 10692 49 47 66 41 51 44 75 71 68 254 43 74 46 49 41 58 52 164 40 76 131 90 50 42 80 59 93 223
internal_value=-6.6721e-05 0.000154619 -0.00316122 0.000181488 -0.00188492 0.0121495 -0.00776942 -0.00474138 -0.00565327 -0.0113725 0.00451389 -0.0083612 -0.000869565 -0.0198582 0.000417119 -0.00247104 0.00217755 0.000629496 0.00276134 0.000445434 -0.00643777 -0.00781011 -0.00619902 -0.00819367 -0.00493827 -0.0180451 -0.00201511 0.00300429 -0.00392157 -0.00225352
internal_weight=13488 12934 948 550 503 106 398 347 397 254 143 298 114 140 11986 1294 596 555 506 448 698 652 612 536 404 132 396 232 152 354
internal_count=13488 12934 948 550 503 106 398 347 397 254 143 298 114 140 11986 1294 596 555 506 448 698 652 612 536 404 132 396 232 152 354
is_linear=0
shrinkage=0.05


Tree=305
num_leaves=31
num_cat=0
split_feature=14 15 13 9 3 15 10 3 10 3 11 1 1 1 1 1 1 7 1 1 15 15 3 1 1 10 10 1 11 15
split_gain=4.44473 14.5942 10.2602 12.1768 9.18698 13.732 12.0988 9.39563 8.58681 11.8689 8.75102 16.5562 15.8025 9.29924 7.73854 11.4504 12.6533 7.60892 11.7485 14.3578 8.31701 7.35151 6.79874 6.6949 21.2346 16.8469 17.6978 14.4098 10.5278 6.66575
threshold=2393.2500000000005 2340.1250000000005 -0.75015199441507729 1.0000000180025095e-35 10.92763157894737 2223.1250000000005 0.22700754078277605 10.34342105263158 -0.8781231054254196 3.0447368421052636 0.38043945030393422 15.668832236842107 14.941228070175441 16.857319078947373 9.9708059210526354 17.096299342105269 17.415515350877197 14.500000000000002 16.479687500000004 17.096299342105269 2881.5000000000005 2968.6250000000005 9.165789473684212 23.202384868421056 22.111129385964919 -0.97509794945709805 -0.98523971305672675 18.578481359649128 0.2499757677084001 2372.6250000000005
decision_type=8 8 2 2 2 10 2 2 2 2 2 2 2 2 2 2 2 2 2 2 10 10 2 2 2 2 2 2 2 10
left_child=1 2 3 14 7 -6 -7 8 9 10 11 12 -2 -12 22 -16 -17 18 -13 -20 -19 -8 -1 24 25 26 27 -21 -27 -3
right_child=4 29 -4 -5 5 6 21 -9 -10 -11 13 17 -14 -15 15 16 -18 20 19 23 -22 -23 -24 -25 -26 28 -28 -29 -30 -31
leaf_value=1.5524830110359744 0.21352464349811273 -0.8812527247419667 0.078126463075318509 0.69580081695056606 -2.3662516652947718 0.38481873537169808 -1.4257613497591366 1.1702025966676046 0.0080342833851773324 -0.92333318541813014 3.235012980795068 2.5078551830731044 -2.0357337366286856 0.15673374030450304 -0.51671172112933739 0.54953768319841179 -0.056363119564070988 0.3720638076073442 -0.86408434762877284 1.8400171764547282 -0.2419249658106537 -0.029538959781166343 -0.38471761169465712 0.79503390180120737 -0.34787130953991441 2.9957737003688636 -0.99860006651465483 -0.061836995487215066 0.64674740984621626 -0.36920551662458367
leaf_weight=52 62 113 2731 46 41 124 53 113 6621 54 77 52 52 64 582 63 284 156 61 72 235 55 49 74 97 78 64 72 53 1243
leaf_count=52 62 113 2731 46 41 124 53 113 6621 54 77 52 52 64 582 63 284 156 61 72 235 55 49 74 97 78 64 72 53 1243
internal_value=7.78124e-05 -0.00107475 0.00051208 -0.00362117 0.000792222 -0.00821168 -0.00343348 0.00109829 0.000893644 0.00456949 0.00555118 0.0040744 -0.013913 0.0172535 -0.00475267 -0.0061828 0.00100575 0.00610837 0.00953526 0.00743007 0.000637755 -0.0155963 0.00833333 0.0101761 0.00778032 0.0136765 0.00478469 0.0144828 0.0276515 -0.0055269
internal_weight=13493 5163 3807 1076 8330 273 232 8057 7944 1323 1269 1128 114 141 1030 929 347 1014 623 571 391 108 101 510 436 339 208 144 131 1356
internal_count=13493 5163 3807 1076 8330 273 232 8057 7944 1323 1269 1128 114 141 1030 929 347 1014 623 571 391 108 101 510 436 339 208 144 131 1356
is_linear=0
shrinkage=0.05


Tree=306
num_leaves=31
num_cat=0
split_feature=10 1 14 3 1 10 10 1 1 1 8 14 6 7 6 0 14 10 6 8 1 6 10 2 6 1 7 8 13 14
split_gain=4.00478 10.9949 11.4663 9.11768 7.75293 13.3615 10.2324 7.27467 6.98518 12.4126 5.85366 5.68789 5.52939 5.45515 4.88656 10.8564 4.82932 4.65432 8.55367 4.64832 4.5134 4.36503 6.37538 5.99018 3.95267 3.6093 3.36492 8.00818 7.7151 7.10006
threshold=-0.95754239937548935 15.825219298245615 2030.1250000000002 2.2434210526315783 21.145285087719305 -0.98214942551678475 -0.98214942551678475 17.878591008771934 17.096299342105269 16.645339912280708 1.5000000000000002 2076.3750000000005 124.15789473684212 3.5000000000000004 12.065789473684212 19.288157894736848 2117.6250000000005 -0.99275805973510278 14.144736842105265 3.5000000000000004 18.135005482456144 807.51315789473699 0.88621069759564464 14.584210526315792 820.36842105263179 21.942077850877197 11.500000000000002 3.5000000000000004 0.39629089145655322 2912.6250000000005
decision_type=2 2 10 2 2 2 2 2 2 2 2 10 2 2 2 2 10 2 2 2 2 2 2 2 2 2 2 2 2 10
left_child=1 2 -1 4 5 7 -6 8 9 10 -3 -9 13 -7 -13 -16 -5 18 -4 -14 -15 23 24 -2 -23 -8 -26 28 -28 -29
right_child=21 3 17 16 6 12 25 11 -10 -11 -12 14 19 20 15 -17 -18 -19 -20 -21 -22 22 -24 -25 26 -27 27 29 -30 -31
leaf_value=0.24118702676847761 0.013906967458399323 1.5510975225454331 -1.1992001421336227 0.063789713849610061 -0.1337665832620587 -1.0576360562049558 1.275568398476014 0.25727434078618217 0.62574747363925098 -1.5249287023988018 -0.047838825070209624 -0.50184603419185125 -0.68975803670466584 -0.47277952525230377 1.0417570726570489 -0.51827620396913976 0.77411926261825104 -1.5206015097080809 0.24219386836157356 -1.8632576336822695 0.66517499042387274 -0.24757168794558312 -1.9786069108691438 1.1324852488932948 -0.33439051907140538 0.40775625839887653 -0.12818446680587386 0.21719884878730228 1.7946129314554469 -1.2751330212659582
leaf_weight=53 11526 40 55 43 76 41 42 42 122 51 40 84 71 77 44 88 57 73 65 41 54 40 57 45 190 42 50 49 80 58
leaf_count=53 11526 40 55 43 76 41 42 42 122 51 40 84 71 77 44 88 57 73 65 41 54 40 57 45 190 42 50 49 80 58
internal_value=-1.49287e-05 -0.00264977 -0.0121457 -0.000426136 -0.00193515 -0.00395729 0.00807453 0.000878906 0.00688976 -0.00113636 0.0111111 -0.00501931 -0.0126316 -0.00693642 -0.00829493 -0.00225564 0.0138614 -0.0177835 -0.0115702 -0.0212389 -0.00189394 0.000268684 -0.00419048 0.000470964 -0.00224359 0.02 -0.000817757 0.00315126 0.0114504 -0.00694444
internal_weight=13396 1301 246 1055 955 795 160 511 253 131 80 258 284 172 216 132 100 193 120 112 131 12095 524 11571 467 84 427 237 130 107
internal_count=13396 1301 246 1055 955 795 160 511 253 131 80 258 284 172 216 132 100 193 120 112 131 12095 524 11571 467 84 427 237 130 107
is_linear=0
shrinkage=0.05


Tree=307
num_leaves=31
num_cat=0
split_feature=2 12 12 3 6 1 15 11 10 10 10 15 8 6 15 6 6 1 11 15 15 10 0 1 6 15 15 15 0 15
split_gain=4.78679 5.37331 9.93787 8.67255 5.62986 7.06124 7.36573 7.5507 10.317 8.28434 7.71605 8.23972 14.0725 5.21378 4.88504 4.85324 9.57336 4.77702 4.81435 4.74868 4.48034 4.34278 7.36074 6.68197 4.25307 3.97247 12.0073 4.79 9.28837 3.84363
threshold=14.435526315789476 0.99831452020184319 0.99351232050787985 6.2328947368421064 639.53947368421063 28.225054824561408 3317.8750000000005 -0.77788789561442695 -0.18492532721306487 0.3261394409934788 0.72695311118111527 2881.5000000000005 4.5000000000000009 889.17105263157907 3897.1250000000005 100.56578947368423 3.6973684210526323 8.4661184210526343 0.91852788691372023 2711.3750000000005 3237.8750000000005 0.49812943072827093 27.58289473684211 22.254413377192986 205.27631578947373 1875.6250000000002 2405.1250000000005 2890.6250000000005 17.568421052631582 3877.2500000000005
decision_type=2 2 2 2 2 2 10 2 2 2 2 10 2 2 10 2 2 2 2 10 10 2 2 2 2 10 10 10 2 8
left_child=1 2 4 19 14 6 7 8 -6 -10 11 12 -9 -8 29 16 -3 -16 -19 -4 -2 23 -23 -11 -21 -12 -27 -28 -29 -1
right_child=20 15 3 -5 5 -7 13 10 9 21 25 -13 -14 -15 17 -17 -18 18 -20 24 -22 22 -24 -25 -26 26 27 28 -30 -31
leaf_value=0.0024339501936140096 0.95498719908848673 0.24870798337804559 -0.23575799137031483 0.33547586135468921 1.6557954129033305 -0.34768010893606061 -1.0864990802690841 1.0286329080281804 -0.36753646799985518 0.64901780815798704 -0.48477501297707026 -2.1752887304914452 -1.3801616782633346 0.51483609948020337 0.55297347303192057 0.70007037669154215 -1.3597530414732093 0.56629425930377697 -0.39397685508104135 -0.77133360293032638 0.00057048068094900373 2.2028860429289523 -2.267329382288358 2.7035728329291033 -2.4535108299619197 1.387250941364033 -0.99138155894194147 -1.5424672189178068 0.87457185567399165 -0.57722730355592378
leaf_weight=11266 57 136 69 55 44 91 240 41 45 46 45 80 59 40 93 99 40 223 89 49 56 42 41 41 47 58 54 42 92 137
leaf_count=11266 57 136 69 55 44 91 240 41 45 46 45 80 59 40 93 99 40 223 89 49 56 42 41 41 47 58 54 42 92 137
internal_value=-0.000114662 -0.000201417 -0.000346535 -0.0108597 -0.000166538 -0.00358439 -0.00237389 0.000273598 0.00711538 0.0025463 -0.00349576 -0.0116022 -0.0019802 -0.00925267 0.000152426 0.0067029 0.00169492 0.00554187 0.00255591 -0.0165663 0.0100877 0.00760234 -0.000595238 0.0153409 -0.0237113 0.0015411 0.00404858 -0.0021164 0.00296296 -3.94598e-05
internal_weight=13517 13404 13129 220 12909 1101 1010 730 259 215 471 180 100 280 11808 275 176 405 312 165 113 170 83 87 96 291 246 188 134 11403
internal_count=13517 13404 13129 220 12909 1101 1010 730 259 215 471 180 100 280 11808 275 176 405 312 165 113 170 83 87 96 291 246 188 134 11403
is_linear=0
shrinkage=0.05


Tree=308
num_leaves=31
num_cat=0
split_feature=14 12 10 10 7 13 8 7 7 9 8 9 1 7 12 11 11 10 11 13 1 7 12 3 1 1 3 1 13 8
split_gain=5.93609 6.10969 5.58556 16.9295 5.85289 5.8021 5.34085 21.788 10.3236 15.5389 12.9866 8.06187 20.5904 9.83123 13.9837 14.0431 12.3244 15 12.3024 11.26 11.6731 11.0816 10.8511 12.5143 10.6617 9.88482 9.18898 8.98137 11.98 15.0603
threshold=3346.1250000000005 -0.9905448150984083 -0.92274349529687905 -0.90893996196865023 9.5000000000000018 -0.8611288361322974 4.5000000000000009 1.0000000180025095e-35 2.5000000000000004 1.0000000180025095e-35 1.0000000180025095e-35 1.0000000180025095e-35 21.800274122807021 14.500000000000002 0.97109394436505758 0.04621408538533487 0.41202506375868281 -0.86976336936302323 -0.70900320270980455 -0.27694043983797384 27.204495614035093 18.500000000000004 0.79380680106549595 2.3592105263157879 23.37757675438597 8.9728618421052655 6.685526315789474 16.583963815789478 0.5475998096715059 1.0000000180025095e-35
decision_type=10 2 2 2 2 2 2 2 2 2 2 2 2 2 2 2 2 2 2 2 2 2 2 2 2 2 2 2 2 2
left_child=6 -2 4 -4 -3 -6 8 -8 9 10 -1 13 26 14 15 19 24 -18 -16 22 27 25 23 -10 -15 -19 -13 -21 29 -29
right_child=1 2 3 -5 5 -7 7 -9 11 -11 -12 12 -14 16 18 -17 17 21 -20 20 -22 -23 -24 -25 -26 -27 -28 28 -30 -31
leaf_value=-0.71518792728227254 -0.95487314787660582 -0.094680115508958815 3.2560097024885524 -0.054944488696469312 -0.2082450535902467 -2.2844371944394197 0.75994101824794602 -0.056434583170221236 0.43640758987380651 1.392978804356426 -0.053568062063351365 -3.105590905965903 2.2710695791522313 -0.17887968321261952 -2.5031583700652167 0.081874136550521837 3.667028265097338 3.871786035325488 -0.0019697535112868539 1.0049038784001709 1.3529889286907975 0.01045466205620187 2.5786289881863471 1.3737244395574066 0.22522464532677305 0.23573155919173133 -0.038970369044659496 -3.6308091954836188 0.54656308040368917 -0.20696810170111349
leaf_weight=226 89 129 50 2445 52 54 155 3183 496 48 922 128 72 1468 71 1306 44 84 188 129 102 636 101 220 414 85 127 48 211 185
leaf_count=226 89 129 50 2445 52 54 155 3183 496 48 922 128 72 1468 71 1306 44 84 188 129 102 636 101 220 414 85 127 48 211 185
internal_value=-0.000141065 -0.00218085 -0.0017576 -0.0010617 -0.00911017 -0.017757 0.000399061 -0.00125786 0.00115563 -0.00309106 -0.00426458 0.00198659 -0.00564024 0.00241838 0.0043656 0.00539478 0.000237921 0.00523529 -0.00673077 0.0087073 0.00392012 0.00366005 0.0126528 0.0104603 -0.00201806 0.015 -0.0123047 0.0011324 -0.00224719 -0.0100427
internal_weight=13468 2819 2730 2495 235 106 10649 3338 7311 1196 1148 6115 327 5788 3057 2798 2731 849 259 1492 675 805 817 716 1882 169 255 573 444 233
internal_count=13468 2819 2730 2495 235 106 10649 3338 7311 1196 1148 6115 327 5788 3057 2798 2731 849 259 1492 675 805 817 716 1882 169 255 573 444 233
is_linear=0
shrinkage=0.05


Tree=309
num_leaves=31
num_cat=0
split_feature=6 11 12 12 1 15 8 1 15 14 2 14 5 12 0 15 15 15 11 12 6 15 6 2 2 1 15 14 6 6
split_gain=3.39171 7.86833 16.9367 10.6258 11.5141 7.51423 7.31278 11.6348 10.3635 9.758 6.7537 7.86513 6.45853 5.93211 5.86621 11.0932 5.40208 5.65427 12.9569 8.19109 7.58655 9.98637 7.60221 6.78283 7.56604 6.68045 6.02101 5.88824 5.18467 13.9449
threshold=427.31578947368428 -0.44505783185115427 0.019351116170480156 -0.998663445439673 14.882976973684213 3779.8750000000005 1.0000000180025095e-35 15.323410087719301 2838.8750000000005 2684.8750000000005 6.3644736842105276 2842.1250000000005 1.7562718144044316 0.080548957663405765 17.748684210526317 3089.2500000000005 3779.8750000000005 3347.1250000000005 -0.26037106507032781 0.99274428880883148 217.11842105263162 3317.8750000000005 233.96052631578951 2.7644736842105275 4.7486842105263181 14.632209429824561 3568.1250000000005 2019.1250000000002 524.18421052631595 597.85526315789491
decision_type=2 2 2 2 2 10 2 2 10 10 2 10 2 2 2 10 10 8 2 2 2 10 2 2 2 2 10 10 2 2
left_child=10 3 6 -2 -5 12 -3 9 -9 -8 16 -12 -4 -13 -11 -16 17 20 23 -20 21 -1 -22 26 -25 -23 -19 -24 -6 -30
right_child=1 2 5 4 28 -7 7 8 -10 14 11 13 -14 -15 15 -17 -18 18 19 -21 22 25 27 24 -26 -27 -28 -29 29 -31
leaf_value=-0.0030943067298494498 -2.8945386036859193 -2.9986005474214155 0.083755216175404712 2.835094453078705 -0.32005955169042866 -3.5923059452553958 0.84033165146890954 -1.8848280176876813 -0.51056338300434168 -1.520736187152852 1.3203773655377518 1.4579213134618159 3.2953589600509421 0.00093586387176856087 -0.45245552482274437 2.9823572126532785 0.3578228774493255 -2.3680952810571627 -0.058926430816359246 0.70555537039923599 1.4914268530291794 2.4341056985597902 1.7653604628660446 0.62592126399729298 -1.2560319844683363 0.068766032889061537 -0.20117197509362086 0.084800423678143499 0.93505558861918425 0.0068448840854330234
leaf_weight=7817 45 61 391 41 209 42 47 64 85 83 59 47 48 203 41 49 573 89 1144 54 82 40 40 61 41 43 40 845 137 1024
leaf_count=7817 45 61 391 41 209 42 47 64 85 83 59 47 48 203 41 49 573 89 1144 54 82 40 40 61 41 43 40 845 137 1024
internal_value=0.00026207 -0.00145693 -0.00509868 0.00082361 0.00159348 0.00134855 -0.012297 -0.00959459 -0.0203333 -0.00226244 0.000626174 0.00790323 0.00329545 0.00398406 -0.00775862 0.0010989 0.000418583 0.000155385 -0.00276224 -0.000667223 0.000625846 0.00011391 0.00480372 -0.0135776 -0.0038835 0.0172619 -0.0211538 0.00344244 0.000802334 0.00210843
internal_weight=13545 2367 911 1456 1411 481 430 369 149 220 11178 309 439 250 173 90 10869 10296 1429 1198 8867 7900 967 231 102 83 129 885 1370 1161
internal_count=13545 2367 911 1456 1411 481 430 369 149 220 11178 309 439 250 173 90 10869 10296 1429 1198 8867 7900 967 231 102 83 129 885 1370 1161
is_linear=0
shrinkage=0.05


Tree=310
num_leaves=31
num_cat=0
split_feature=1 10 0 7 10 15 10 15 7 1 15 8 15 1 8 10 1 11 6 10 1 15 8 15 1 7 11 8 7 15
split_gain=3.59636 6.84193 6.09931 7.59372 11.1391 8.10152 5.91425 5.77506 8.25259 4.97929 4.92347 5.01886 9.77836 7.3133 5.34669 7.32598 6.73099 4.68834 8.06519 4.15078 4.0738 4.02531 11.9437 19.1311 11.1944 11.1721 10.3442 12.1417 10.3031 10.4727
threshold=25.369106359649127 -0.88622299073327826 20.972368421052639 13.500000000000002 -0.8041866928211282 2379.6250000000005 -0.814291907305839 2292.3750000000005 21.500000000000004 24.522642543859654 2018.1250000000002 1.0000000180025095e-35 3713.8750000000005 29.166940789473689 4.5000000000000009 -0.66528616069191593 29.737856359649125 -0.81925291736142503 1.6710526315789476 0.022575936829235418 26.967324561403512 2597.1250000000005 4.5000000000000009 3089.2500000000005 23.141721491228076 14.500000000000002 0.097680735332368748 1.0000000180025095e-35 5.5000000000000009 2929.1250000000005
decision_type=2 2 2 2 2 10 2 8 2 2 8 2 8 2 2 2 2 2 2 2 2 8 2 8 2 2 2 2 2 10
left_child=9 -2 -3 4 5 -4 -5 -8 19 21 -6 12 -12 -13 15 -15 -17 -11 -19 -9 -21 24 25 -24 -1 28 27 -27 -23 -30
right_child=1 2 3 6 10 -7 7 8 -10 17 11 13 -14 14 -16 16 -18 18 -20 20 -22 22 23 -25 -26 26 -28 -29 29 -31
leaf_value=0.0074112187041919242 1.095891348460168 0.86845194233147827 -0.054728561569368145 -0.29494659031402082 0.85389092410698597 1.1214552540617433 1.5248913728973434 0.17842898733199491 -0.69677877253263887 0.0042824425254366361 -3.4221267089979506 -0.21650756650833503 0.78237768973112909 -0.2232877086235476 -0.14151928052924631 1.969397520312191 0.23834620452962554 0.040341674155547486 -2.2128082612787239 0.15040177936306237 1.5569311483768389 -0.41193374362605939 -0.15495577404221877 -3.4323911125564339 0.59492628270907066 -1.7688982946376655 -0.014117193757510905 -0.22011851305095434 1.0918947609497651 0.072950464421910513
leaf_weight=5470 53 68 41 50 43 45 48 440 91 89 68 532 40 53 51 49 41 49 70 40 48 284 539 43 192 169 1225 626 248 2619
leaf_count=5470 53 68 41 50 43 45 48 440 91 89 68 532 40 53 51 49 41 49 70 40 48 284 539 43 192 169 1225 626 248 2619
internal_value=-0.000163873 0.00191454 0.00137221 0.000773349 -0.00212656 0.0149425 0.00466574 0.00591317 0.00459677 -0.000486063 -0.00381549 -0.00467066 -0.0146789 -0.00316369 0.00512821 0.0100694 0.0186813 -0.00813397 -0.0145833 0.00699433 0.0168539 -0.000346006 -0.00127737 -0.00806175 0.000600388 -0.000512374 -0.00341415 -0.00785176 0.00134835 0.00224895
internal_weight=13424 1801 1748 1680 963 86 717 667 619 11623 877 834 108 726 194 143 90 208 119 528 88 11415 5753 582 5662 5171 2020 795 3151 2867
internal_count=13424 1801 1748 1680 963 86 717 667 619 11623 877 834 108 726 194 143 90 208 119 528 88 11415 5753 582 5662 5171 2020 795 3151 2867
is_linear=0
shrinkage=0.05


Tree=311
num_leaves=31
num_cat=0
split_feature=6 8 7 12 1 12 14 12 12 12 11 1 12 11 14 7 11 11 11 11 14 7 6 0 11 11 1 1 12 12
split_gain=5.3893 4.92655 14.6786 9.72288 15.0297 9.63165 9.4027 9.28965 8.70497 8.69447 7.09812 8.35514 10.685 9.8403 8.94127 9.10945 6.70351 12.6436 6.39554 9.61866 6.72572 10.5195 6.2928 5.87188 5.85217 5.76288 5.72528 8.94095 5.445 7.82956
threshold=807.51315789473699 5.5000000000000009 8.5000000000000018 -0.96235977360714686 14.321491228070178 -0.86976336936302323 1953.8750000000002 0.95752911693909493 -0.89405649444168434 -0.049435780479547518 0.97832380634958016 9.7308662280701768 0.96687895796550427 0.28313308994381592 2942.6250000000005 20.500000000000004 -0.70900320270980455 -0.17646730165275518 0.39629089145655322 0.70747208174348741 2274.1250000000005 4.5000000000000009 12.92105263157895 18.567105263157902 0.39629089145655322 0.33222858587828868 10.798574561403511 8.4661184210526343 0.99898004730802425 0.99351232050787985
decision_type=2 2 2 2 2 2 8 2 2 2 2 2 2 2 10 2 2 2 2 2 10 2 2 2 2 2 2 2 2 2
left_child=1 28 6 4 -4 -5 8 18 -3 25 11 12 -11 14 15 16 -13 -18 20 -20 21 23 -15 -8 -10 -7 27 -27 29 -1
right_child=-2 2 3 5 -6 9 7 -9 24 10 -12 13 -14 22 -16 -17 17 -19 19 -21 -22 -23 -24 -25 -26 26 -28 -29 -30 -31
leaf_value=0.02954617297286859 -0.21161517714529055 -0.31093958384387865 -0.013839285799986101 -0.71376156186180428 1.7213037534349269 0.13412053341676256 0.14728136886905077 0.22972630407855946 0.087983556078722824 0.97512936362777514 -0.63096454485976217 1.4260860524973851 -0.47518221383502351 -0.27085085244816581 -0.80003933261368732 -0.48423024418433447 -0.35913178603163942 0.71355543232584751 -4.1657273594600612 -0.39690858588365929 -0.016379277587691376 -1.6487201040641482 -3.2535827385038374 -0.54409859835478758 1.9683727105021376 1.5546904210034427 3.4332831014771727 -0.22854654234470217 0.82363047298576364 -0.41039197759830587
leaf_weight=10605 509 42 57 88 44 211 59 86 79 93 53 57 41 44 47 71 77 75 41 143 154 59 48 41 41 49 43 43 146 247
leaf_count=10605 509 42 57 88 44 211 59 86 79 93 53 57 41 44 47 71 77 75 41 143 154 59 48 41 41 49 43 43 146 247
internal_value=4.10632e-05 0.00024059 -0.00211977 0.00144483 0.0161765 0 -0.00757373 -0.0105308 0.00306748 0.00146905 -0.00214168 -0.000451264 0.0103704 -0.00392857 0.000152439 0.00355872 0.00880952 0.00326797 -0.0131526 -0.0205405 -0.00875796 -0.0159375 -0.0182796 -0.00594059 0.00991736 0.00778098 0.0158088 0.00860215 0.000645513 0.000515986
internal_weight=13393 12884 1886 1141 101 1040 745 583 162 952 606 553 134 419 327 280 209 152 497 184 313 159 92 100 120 346 135 92 10998 10852
internal_count=13393 12884 1886 1141 101 1040 745 583 162 952 606 553 134 419 327 280 209 152 497 184 313 159 92 100 120 346 135 92 10998 10852
is_linear=0
shrinkage=0.05


Tree=312
num_leaves=31
num_cat=0
split_feature=8 7 12 10 14 1 11 14 1 10 10 14 14 11 12 13 1 11 1 7 8 8 15 1 7 14 7 8 7 15
split_gain=4.11921 9.99048 9.256 7.99471 6.87656 6.355 10.2986 7.82627 7.90196 7.24388 6.28931 6.0327 7.46152 8.76578 9.22056 15.1214 8.63119 8.92139 6.9755 6.46524 7.46 9.91777 7.36176 17.3625 9.93331 8.32069 9.68334 20.6825 8.76756 8.00445
threshold=4.5000000000000009 1.0000000180025095e-35 0.88618201382888007 0.78857998149907527 1777.1250000000002 7.4657346491228092 0.91159213926341531 3056.8750000000005 6.8839089912280711 -0.03977009085991149 0.62587949062545845 3777.6250000000005 4265.8750000000009 0.81304046271159414 0.5331367478917558 0.97263757644091875 7.8870065789473704 0.95436825032516992 8.5820997807017552 3.5000000000000004 1.0000000180025095e-35 1.5000000000000002 2440.3750000000005 5.4137883771929838 18.500000000000004 2477.1250000000005 5.5000000000000009 1.0000000180025095e-35 14.500000000000002 2730.8750000000005
decision_type=2 2 2 2 8 2 2 10 2 2 2 10 10 2 2 2 2 2 2 2 2 2 10 2 2 10 2 2 2 10
left_child=11 -2 4 10 -3 7 -7 9 -9 -6 -4 19 13 14 15 -13 17 -15 -18 20 -1 -22 23 -21 25 26 -24 28 -28 -27
right_child=1 2 3 -5 5 6 -8 8 -10 -11 -12 12 -14 16 -16 -17 18 -19 -20 22 21 -23 24 -25 -26 29 27 -29 -30 -31
leaf_value=-0.43176943921959038 0.73253201173388338 -0.70049926862814127 0.10218454866733283 0.78061170395286583 0.98530297736838302 -0.076249332200211489 -0.65074301369708687 -1.5655474679711574 0.55579730732372357 -0.016101557558749847 -0.47774546697073678 -3.7308821708754749 0.6954239466780564 -1.3173829739170744 -0.19374390329270455 -0.062528043373390574 4.1269667580466267 0.23627676580033496 0.0629979898566944 -1.7869858730236048 0.26421397200188607 -0.091229375275855784 -1.1984134315639039 0.36322416104248989 -0.1355003473445322 0.78681065249270432 -0.0093256349682633299 2.9973547199392669 -1.0148217777350055 0.12520192309455069
leaf_weight=315 169 93 399 72 113 2496 262 52 43 99 108 60 42 80 250 53 44 55 161 60 318 990 153 1255 1213 207 595 83 147 3533
leaf_count=315 169 93 399 72 113 2496 262 52 43 99 108 60 42 80 250 53 44 55 161 60 318 990 153 1255 1213 207 595 83 147 3533
internal_value=-0.000192293 -0.0015613 -0.00210005 0.0037069 -0.00316556 -0.00275603 -0.00351577 0.00405844 -0.0078125 0.00938967 0.00147638 0.000364015 -0.00395442 -0.00518466 -0.0105769 -0.0223684 0.00058651 -0.00919118 0.00703883 0.00072717 -0.00212438 -0.000458365 0.00136608 0.00474924 0.000615307 0.00165289 -0.00245148 -0.000302663 -0.00296097 0.00272654
internal_weight=13520 3906 3737 579 3158 3065 2758 307 95 212 507 9614 745 703 363 113 340 135 205 8869 1623 1308 7246 1315 5931 4718 978 825 742 3740
internal_count=13520 3906 3737 579 3158 3065 2758 307 95 212 507 9614 745 703 363 113 340 135 205 8869 1623 1308 7246 1315 5931 4718 978 825 742 3740
is_linear=0
shrinkage=0.05


Tree=313
num_leaves=31
num_cat=0
split_feature=7 8 11 15 8 6 7 6 15 13 15 11 15 8 7 10 10 13 1 7 1 10 0 7 15 15 2 8 8 10
split_gain=7.35443 4.11782 3.86578 3.76696 4.25265 3.81006 4.7901 8.82973 6.84119 5.54284 7.40751 5.47987 8.38956 8.24243 5.15928 4.57253 11.1545 8.87363 7.9546 14.8028 12.975 7.51442 6.91975 6.29429 14.213 6.35893 7.24569 8.37414 8.47134 8.22047
threshold=22.500000000000004 1.0000000180025095e-35 0.99981043035926087 4268.1250000000009 2.5000000000000004 639.53947368421063 5.5000000000000009 2.4605263157894739 1946.2500000000002 -0.27694043983797384 2614.6250000000005 -0.90531874877253482 1946.2500000000002 3.5000000000000004 2.5000000000000004 -0.86976336936302323 -0.92274349529687905 -0.7614016681079937 16.857319078947373 12.500000000000002 22.604029605263161 -0.92923668111203805 24.780263157894741 9.5000000000000018 3401.7500000000005 2292.3750000000005 0.39078947368421174 1.0000000180025095e-35 3.5000000000000004 -0.9905448150984083
decision_type=2 2 2 8 2 2 2 2 10 2 10 2 10 2 2 2 2 2 2 2 2 2 2 2 10 10 2 2 2 2
left_child=2 -2 3 5 -5 6 7 11 -8 -9 -11 12 -1 14 -14 16 17 22 19 -18 -20 -19 23 -10 25 -25 27 -27 -29 -30
right_child=1 -3 -4 4 -6 -7 8 9 15 10 -12 -13 13 -15 -16 -17 18 21 20 -21 -22 -23 -24 24 -26 26 -28 28 29 -31
leaf_value=1.1565197350433323 0.20900149040523389 -0.32123359252514094 -0.35868238743491931 -0.040946876742373212 1.6735518404056053 -0.093900039340235261 0.66694739378174295 0.1948678810554384 0.40760791318057277 -1.5622220994091209 -0.15818644678406601 -0.017791309990917627 -1.4932363450767072 0.78430173475983345 1.6001937357949374 0.020771591132893265 0.93525376959042894 -1.1823247604431344 -0.125171787357408 3.596345991718954 1.0464225369981024 0.12863506529448615 0.91775463264116297 -0.21163507482929164 -0.98199912975971992 -0.91553933350130601 0.52557492809639828 0.79348002995195666 0.20240884899840239 -0.87608712664865607
leaf_weight=41 80 473 90 81 92 1206 193 56 263 102 81 2812 64 82 42 6371 44 74 137 52 96 46 41 138 61 64 108 213 69 84
leaf_count=41 80 473 90 81 92 1206 193 56 263 102 81 2812 64 82 42 6371 44 74 137 52 96 46 41 138 61 64 108 213 69 84
internal_value=0.000134761 -0.00550542 0.000378788 0.000452257 0.00775862 0.000350849 0.000635201 -0.000975312 0.00129112 -0.0102083 -0.0144022 -0.000246548 0.00717391 0.0026455 -0.00654206 0.00106207 0.00355466 0.00124785 0.0116667 0.0237113 0.00662393 -0.0115702 0.00273512 0.0018981 -0.000474255 0.00162482 0.00408163 0.00116009 0.00408719 -0.00487013
internal_weight=13356 553 12803 12713 173 12540 11334 3280 8054 239 183 3041 229 188 106 7861 1490 1161 329 96 233 120 1041 1000 737 676 538 430 366 153
internal_count=13356 553 12803 12713 173 12540 11334 3280 8054 239 183 3041 229 188 106 7861 1490 1161 329 96 233 120 1041 1000 737 676 538 430 366 153
is_linear=0
shrinkage=0.05


Tree=314
num_leaves=31
num_cat=0
split_feature=7 15 8 12 7 12 12 3 12 1 14 12 12 4 12 8 1 14 10 15 6 13 15 8 1 1 1 1 1 7
split_gain=3.23202 4.38833 7.01356 9.34685 6.68112 11.0873 13.3103 12.4231 11.5138 10.7315 11.0253 10.2399 8.41612 7.05786 6.65187 7.12184 8.90977 9.93119 12.309 6.07608 7.99147 7.73789 7.60192 6.13388 7.86819 10.4825 7.78335 6.05992 7.36268 6.01451
threshold=22.500000000000004 2940.1250000000005 4.5000000000000009 0.73430383941986921 14.500000000000002 0.93544191479114935 -0.0053757035942445328 4.5013157894736864 0.95938219844953276 27.204495614035093 3699.5000000000005 -0.039769906970920914 -0.43733782138609528 1.6391845567867041 0.99049901459377832 1.5000000000000002 23.074122807017549 3236.7500000000005 -0.95244167294248061 3365.1250000000005 195.84210526315795 0.88917497572200743 3187.3750000000005 3.5000000000000004 18.135005482456144 16.583963815789478 15.668832236842107 8.0635142543859661 9.2205866228070192 15.500000000000002
decision_type=2 10 2 2 2 2 2 2 2 2 10 2 2 2 2 2 2 10 2 10 2 2 10 2 2 2 2 2 2 2
left_child=1 -1 4 29 5 6 11 8 -7 12 -11 19 13 27 15 -14 17 18 -17 22 -21 -22 23 24 25 26 -3 -6 -29 -4
right_child=-2 2 3 -5 9 7 -8 -9 -10 10 -12 -13 14 -15 -16 16 -18 -19 -20 20 21 -23 -24 -25 -26 -27 -28 28 -30 -31
leaf_value=0.019733011576249737 -0.1186209783923232 -0.26852163704281795 -4.3609908781661941 0.012479371692529641 1.1177090538227845 -3.0033666518294013 0.30500561285439293 0.083899362109264075 -0.55413098056778842 0.88403396554513169 -0.65852951955045003 -1.4110550928530643 -0.84198097890155177 1.1367643421752747 0.37148322230495978 -1.3309073090255197 -1.6993208821828831 -0.49213606223434003 0.705085091991839 0.046807542364535951 -1.1915409235326819 0.038500997752726113 0.67907023672476052 -1.1793659601577247 2.6920419007743024 -0.88917527286371301 1.1077427103914148 -0.79917674180321685 -0.036692576456334794 -0.24409489979399268
leaf_weight=7769 582 141 40 87 54 49 1228 179 147 134 50 42 428 41 77 45 101 307 160 349 238 98 398 85 65 75 50 44 397 48
leaf_count=7769 582 141 40 87 54 49 1228 179 147 134 50 42 428 41 77 45 101 307 160 349 238 98 398 85 65 75 50 44 397 48
internal_value=-0.000303501 -0.000139243 -0.00126987 -0.0110795 -0.000923139 0.000476948 0.0015704 -0.00757979 -0.0162437 -0.00331702 0.00810811 -0.00152399 -0.00459215 0.000558659 -0.00705987 -0.0081094 -0.00464169 -0.00194932 0.0065534 -0.000833333 -0.00430029 -0.00979228 0.00208589 -0.00263789 0.000451807 -0.00337079 0.00286458 -0.00110887 -0.0030543 -0.0224719
internal_weight=13508 12926 5157 175 4982 3144 2769 375 196 1838 184 1541 1654 536 1118 1041 613 512 205 1499 685 336 814 416 331 266 191 495 441 88
internal_count=13508 12926 5157 175 4982 3144 2769 375 196 1838 184 1541 1654 536 1118 1041 613 512 205 1499 685 336 814 416 331 266 191 495 441 88
is_linear=0
shrinkage=0.05


Tree=315
num_leaves=31
num_cat=0
split_feature=14 13 15 15 12 6 12 7 7 14 0 13 7 7 7 13 13 13 12 10 10 12 14 14 14 15 15 13 10 7
split_gain=4.36333 3.97493 7.88775 4.05418 10.143 7.27998 6.03257 4.84831 4.45612 8.11837 5.47524 4.32524 4.2772 8.10542 10.6462 9.78335 8.32521 10.8683 8.72071 7.85257 9.75519 7.2732 6.64606 5.61212 5.25101 5.22603 5.39647 6.58225 5.10883 11.3987
threshold=4265.8750000000009 0.99924179677339053 2711.3750000000005 2656.1250000000005 -0.99763297024448894 44.026315789473692 -0.99467753128998015 12.500000000000002 5.5000000000000009 2654.5000000000005 20.382894736842111 -0.52765736634565841 22.500000000000004 16.500000000000004 20.500000000000004 0.70747208174348741 0.2332836900311728 -0.039769286347669845 -0.878119045158818 -0.98214942551678475 -0.96689237009891416 -0.99629805505515945 2624.1250000000005 2376.1250000000005 3177.3750000000005 2041.3750000000002 1938.7500000000002 -0.15951288319385923 -0.94139628442229062 2.5000000000000004
decision_type=10 2 10 8 2 2 2 2 2 10 2 2 2 2 2 2 2 2 2 2 2 2 10 10 10 10 10 2 2 2
left_child=1 3 -3 12 5 -5 7 -6 9 11 -11 -8 13 19 15 16 17 18 -15 24 -21 -22 23 -20 -1 26 27 -14 29 -23
right_child=-2 2 -4 4 6 -7 8 -9 -10 10 -12 -13 25 14 -16 -17 -18 -19 22 20 21 28 -24 -25 -26 -27 -28 -29 -30 -31
leaf_value=0.20317015565399288 0.52588962899799296 -1.2354261434344835 0.30332574443277738 -0.027890093469761724 -0.32632744534413405 1.2652639588027457 -0.22372458526194805 -1.8686250466077128 -0.033592638237996651 -0.17797975682194647 1.0533014537529197 -1.5946209629278429 -0.50515574405543473 -0.63630417883732671 0.030352495590818762 2.6470696394073912 -0.33120845958276279 0.94833065718687526 0.69026743811095914 -0.73124061385333339 -0.52613013034731471 -0.16369335294330087 0.80072159120798014 -0.025241516408254939 0.73735946809744068 -0.35622908511851392 0.35870101165253349 0.51969325022156454 -0.0030002245026253152 0.78231534235706024
leaf_weight=263 53 85 49 40 42 64 40 43 6140 154 50 94 78 72 919 68 72 44 54 105 158 49 99 111 40 296 110 43 3857 81
leaf_count=263 53 85 49 40 42 64 40 43 6140 154 50 94 78 72 919 68 72 44 54 105 158 49 99 111 40 296 110 43 3857 81
internal_value=-0.000295349 -0.000352826 -0.00888889 -0.000265413 -0.00113227 0.0142857 -0.00137873 -0.0145349 -0.00120389 -0.00678466 -0.000487805 -0.0162963 0.000621166 0.00100117 0.00427083 0.00998081 0.00728477 0.0102362 0.00712166 -3.29381e-05 -0.000588097 -0.000205017 0.0113208 0.00512048 0.00773026 -0.00369318 0.00193966 -0.00532787 0.000213139 0.00992366
internal_weight=13373 13320 134 13186 6667 104 6563 85 6478 338 204 134 6519 5992 1439 520 452 380 336 4553 4250 4145 264 165 303 527 231 121 3987 130
internal_count=13373 13320 134 13186 6667 104 6563 85 6478 338 204 134 6519 5992 1439 520 452 380 336 4553 4250 4145 264 165 303 527 231 121 3987 130
is_linear=0
shrinkage=0.05


Tree=316
num_leaves=31
num_cat=0
split_feature=8 7 8 15 9 0 7 15 11 7 8 12 7 15 7 6 10 12 1 14 11 15 14 14 8 15 14 7 15 12
split_gain=5.16493 7.77883 14.3 9.62391 9.09015 15.6031 10.261 9.95851 8.09232 6.87508 16.3436 15.2433 11.759 11.3807 9.42 15.9734 8.92934 9.02363 8.81497 8.67552 13.3731 9.56165 8.56517 9.2106 8.44531 11.7356 18.6926 10.5365 11.3898 7.03647
threshold=4.5000000000000009 1.5000000000000002 1.0000000180025095e-35 1760.1250000000002 1.0000000180025095e-35 20.50131578947369 17.500000000000004 3555.5000000000005 0.53312596302726967 3.5000000000000004 5.5000000000000009 -0.88622299073327826 8.5000000000000018 1884.2500000000002 11.500000000000002 473.78947368421063 -0.91597725483594616 0.95239763423914636 23.722149122807021 2154.1250000000005 0.080547328232315238 2151.8750000000005 2057.1250000000005 2823.2500000000005 5.5000000000000009 1987.1250000000002 2135.3750000000005 17.500000000000004 1938.7500000000002 0.95239763423914636
decision_type=2 2 2 10 2 2 2 10 2 2 2 2 2 8 2 2 2 2 2 10 2 8 8 10 2 10 10 2 10 2
left_child=1 2 -1 -3 -5 6 7 -6 -4 10 11 -2 16 -12 15 -14 -11 22 -15 20 -13 -21 -18 -24 25 26 -16 28 -26 -27
right_child=9 3 8 4 5 -7 -8 -9 -10 12 13 19 14 18 24 -17 17 -19 -20 21 -22 -23 23 -25 27 29 -28 -29 -30 -31
leaf_value=-0.9387186986858751 1.4612686482949131 0.4334902093894698 -0.14909286538520519 0.049141100228939652 -2.9543808041745252 1.5624191040316078 0.045787846421103499 0.014792398075246639 0.43326388512141423 0.12544973176197802 0.029186892573250134 -0.56310692074014246 1.1277448025666672 -1.0406259173424359 0.0017089619675971337 -0.098424554777193418 0.061501834077637346 0.13334886920367808 -0.16080964331338238 1.5610844949685543 0.85286424216309342 0.13174894638424348 -1.1400538399432663 -0.1609619677012688 0.92935437447824831 -0.23065498379933161 -2.704766069384323 0.21279662575597058 -0.22969669434045273 0.28445159769713657
leaf_weight=165 55 179 405 8238 133 69 79 43 215 120 212 83 234 59 51 264 83 91 48 40 96 50 309 223 55 723 57 484 426 112
leaf_count=165 55 179 405 8238 133 69 79 43 215 120 212 83 234 59 51 264 83 91 48 40 96 50 309 223 55 723 57 484 426 112
internal_value=3.73079e-06 0.000629789 -0.00413486 0.00105811 0.000817471 -0.00738462 -0.0130859 -0.019774 -0.000644122 -0.00153509 0.00318323 0.0110769 -0.00247448 -0.00484375 -0.000706273 0.00541082 -0.0076179 -0.00975955 -0.0180556 0.00611111 -0.000277778 0.0186813 -0.0119318 -0.0142589 -0.00230487 -0.00566737 -0.0211009 0.000983437 -0.00425311 -0.00364833
internal_weight=13401 9526 785 8741 8562 324 255 176 620 3875 643 324 3232 319 2406 498 826 706 107 269 179 90 615 532 1908 943 108 965 481 835
internal_count=13401 9526 785 8741 8562 324 255 176 620 3875 643 324 3232 319 2406 498 826 706 107 269 179 90 615 532 1908 943 108 965 481 835
is_linear=0
shrinkage=0.05


Tree=317
num_leaves=31
num_cat=0
split_feature=1 5 11 1 1 11 10 1 10 7 10 15 1 1 15 1 14 5 0 14 12 1 1 11 10 14 7 0 1 1
split_gain=5.28517 14.3156 12.31 12.1789 8.56495 8.71995 8.49131 7.27141 7.10752 11.3044 6.37261 5.99508 7.77395 9.30688 9.16769 7.11202 5.54584 5.16228 7.93742 14.9876 7.84984 5.81971 8.93455 13.0405 13.637 7.47761 9.39682 7.3119 7.29264 6.58557
threshold=10.949259868421054 0.26921918282548457 0.87709077819680659 7.5498081140350886 10.709375000000003 0.86439018870140905 0.99966190462023474 8.8327028508771956 0.34235194516023087 11.500000000000002 -0.66528616069191593 3635.8750000000005 9.2895010964912306 9.9424342105263168 3877.2500000000005 8.3916940789473706 3973.3750000000005 14.835881232686981 6.7315789473684227 2224.8750000000005 0.90623151893102627 6.4061129385964932 7.6205043859649138 0.77652048701313048 0.52766072109828632 2117.6250000000005 2.5000000000000004 8.9407894736842106 9.8209978070175463 9.3449835526315805
decision_type=2 2 2 2 2 2 2 2 2 2 2 10 2 2 10 2 10 2 2 10 2 2 2 2 2 10 2 2 2 2
left_child=1 -1 4 8 5 10 -2 -7 -4 -10 -3 -5 15 -14 -15 -13 17 18 19 -12 -21 -20 27 25 -25 28 -27 -23 -24 -28
right_child=6 2 3 11 -6 7 -8 -9 9 -11 16 12 13 14 -16 -17 -18 -19 21 20 -22 22 23 24 -26 26 29 -29 -30 -31
leaf_value=-2.209684231484482 -0.02019205499511827 -0.23358074622681216 0.21128272755015587 -0.31926559139903932 1.0639787779892687 3.1304114486506935 -2.0712371775427982 0.30254760467894359 0.1709396047053815 -1.5347104806411267 -0.78609407493370331 0.20588878788087187 1.9527731421467025 0.72504992167680493 -1.409510123651603 -0.68256613883651207 -0.56307963896654201 0.73059709865922862 3.2001721975096418 0.85769218727275531 -0.14241451011557729 -0.74059485508332734 1.2109682897673566 0.17363128517408769 1.9852024665595309 -0.40404936739018926 -0.43046331965502421 0.00010718726146023983 -0.1186236966829938 0.1377646579593943
leaf_weight=44 9199 105 814 850 97 53 57 45 61 48 115 75 65 43 62 84 85 66 45 86 73 41 69 149 132 45 152 83 43 560
leaf_count=44 9199 105 814 850 97 53 57 45 61 48 115 75 65 43 62 84 85 66 45 86 73 41 69 149 132 45 152 83 43 560
internal_value=-8.92392e-05 0.00138392 0.00168797 -0.000998573 0.00444988 0.00372177 -0.000756185 0.0181818 0.00330087 -0.00863636 0.00294595 -0.00436441 0.00136364 0.00877193 -0.000471698 -0.0065625 0.00366762 0.00430723 0.00373275 -0.004 0.0059375 0.00534091 0.00470588 0.00608167 0.0154255 0.00304598 0.0012533 -0.008 0.0150442 0.0026648
internal_weight=13446 4190 4146 2102 2044 1947 9256 98 923 109 1849 1179 329 170 105 159 1744 1659 1593 274 159 1319 1274 1150 281 869 757 124 112 712
internal_count=13446 4190 4146 2102 2044 1947 9256 98 923 109 1849 1179 329 170 105 159 1744 1659 1593 274 159 1319 1274 1150 281 869 757 124 112 712
is_linear=0
shrinkage=0.05


Tree=318
num_leaves=31
num_cat=0
split_feature=13 0 4 1 1 6 13 1 1 1 8 0 1 3 1 14 13 13 7 13 1 0 12 12 7 1 1 13 12 0
split_gain=3.82372 5.95836 5.93278 4.95298 6.00734 10.2035 8.94722 6.18469 5.69341 4.54434 9.63038 5.86487 4.63716 15.9295 11.6812 7.8172 10.3847 20.5883 10.2661 9.56446 9.32477 10.9707 8.3494 10.5973 6.39678 6.77529 11.3596 6.25287 7.74417 6.16845
threshold=0.97786949981288174 25.911842105263162 10.433551592797786 8.7560581140350902 8.1376918859649141 34.947368421052637 0.99731940924863693 7.6205043859649138 6.4061129385964932 29.002604166666668 1.0000000180025095e-35 34.090789473684218 10.879714912280706 1.6407894736842101 10.709375000000003 3737.1250000000005 0.51849435583340198 0.47370525521770246 17.500000000000004 0.96407344085605606 11.36436403508772 9.343421052631582 -0.79384350655589164 -0.45274443793211405 8.5000000000000018 10.298053728070178 10.426123903508772 0.87291090774974645 0.3036948619824264 18.856578947368426
decision_type=2 2 2 2 2 2 2 2 2 2 2 2 2 2 2 10 2 2 2 2 2 2 2 2 2 2 2 2 2 2
left_child=9 3 -3 4 5 7 -7 8 -2 12 -11 -12 13 -1 24 16 17 20 19 22 21 -14 -18 -24 25 -15 -27 29 -29 -20
right_child=1 2 -4 -5 -6 6 -8 -9 -10 10 11 -13 15 14 -16 -17 18 -19 27 -21 -22 -23 23 -25 -26 26 -28 28 -30 -31
leaf_value=-2.5116207623424089 -0.044062693771570599 1.1333569611343024 -0.057306203949053725 -0.89119046498492482 1.0127012583733064 -0.1348019527169754 -3.5327629087817058 -1.5129321991911071 0.57403987814639101 -1.2268303614412617 0.24547856360820788 1.2034694366061105 0.94555791088780561 -0.012882188642538496 0.9535118111307157 -0.5732365180134934 3.2747958798972605 -1.8104791982791768 -1.1442125797858353 2.2786890641361879 -0.016178011720853647 -0.87445508957806628 -0.17738156615339451 0.46325381069916605 0.081476002751810495 -1.5881014466574357 0.034542446643513358 -0.07977147786778005 -3.0751184083550811 0.32823557706242357
leaf_weight=43 87 52 90 168 75 59 44 52 101 55 230 74 41 1197 107 284 82 86 53 41 6875 143 325 518 2198 40 60 73 50 205
leaf_count=43 87 52 90 168 75 59 44 52 101 55 230 74 41 1197 107 284 82 86 53 41 6875 143 325 518 2198 40 60 73 50 205
internal_value=-4.44148e-05 -0.00356653 0.00559441 -0.00579216 -0.00286396 -0.0056686 -0.01875 0 0.0042328 0.000156482 0.00569444 0.00918033 -4.02512e-06 0.00149479 0.00185956 -0.000626638 -0.000353232 -0.00111251 0.00367211 0.00641158 -0.000814448 -0.0118919 0.00534557 0.00385071 0.0013587 -0.00142527 -0.0138614 -0.00327225 -0.0125 0.0011583
internal_weight=13508 728 142 586 418 343 103 240 188 12780 359 304 12421 3645 3602 8776 8492 7145 1347 966 7059 184 925 843 3495 1297 100 381 123 258
internal_count=13508 728 142 586 418 343 103 240 188 12780 359 304 12421 3645 3602 8776 8492 7145 1347 966 7059 184 925 843 3495 1297 100 381 123 258
is_linear=0
shrinkage=0.05


Tree=319
num_leaves=31
num_cat=0
split_feature=15 14 7 13 14 13 13 0 13 1 1 0 0 14 7 7 8 15 15 11 0 13 13 1 14 14 8 7 8 13
split_gain=3.53634 8.05968 5.45389 5.65848 7.05737 6.96539 14.0117 6.84813 7.3519 6.73331 16.2787 11.5658 6.09811 5.30869 8.15292 8.06558 7.97329 6.5198 6.19511 10.8641 5.59174 5.3584 14.3526 8.61144 6.35798 7.07066 5.86011 9.39953 17.8174 7.1718
threshold=2959.1250000000005 1905.8750000000002 5.5000000000000009 0.9863035000474919 2684.8750000000005 0.89693010073300883 0.88118961618000469 7.9052631578947379 0.85561368268953431 22.686211622807022 25.189391447368426 12.556578947368424 6.5802631578947386 3253.8750000000005 16.500000000000004 12.500000000000002 4.5000000000000009 2116.3750000000005 2538.1250000000005 0.91511078773075516 13.001315789473685 0.97650658860526895 0.97009571160424379 4.8951206140350889 2970.7500000000005 1789.3750000000002 1.5000000000000002 1.5000000000000002 1.0000000180025095e-35 0.78325861861090706
decision_type=10 10 2 2 10 2 2 2 2 2 2 2 2 10 2 2 2 10 10 2 2 2 2 2 10 10 2 2 2 2
left_child=13 -2 -3 5 -5 6 7 -4 -9 11 -11 12 -7 21 15 17 -17 -15 20 -20 -19 22 23 -1 25 -23 27 28 -25 -29
right_child=1 2 3 4 -6 9 -8 8 -10 10 -12 -13 -14 14 -16 16 -18 18 19 -21 -22 24 -24 26 -26 -27 -28 29 -30 -31
leaf_value=-1.7188861651193292 -1.6891490876666013 -1.1785222153592827 0.34058423120256975 -0.12806185508113685 1.1838357966444619 0.2293991690077064 2.4314527614704731 -0.043835859123680626 -1.5886792127921354 -4.0325988261449197 -0.018682673412536134 2.3054360250557919 -0.53806433848387769 -0.60460542379244098 1.3405496010113553 1.978706000257364 -0.40922784099682308 0.53324073695650898 -0.0046619513394944084 1.6876188046853144 1.4099720600184129 -1.2662940329251002 7.7964345749116326 -0.86400185294317 -0.73324956185967949 -0.0043430039568761458 -0.00634381918850977 0.19166968838692355 0.56532581433377804 1.6693723107952509
leaf_weight=48 54 66 321 43 106 50 66 3982 68 62 77 40 151 60 98 46 158 42 177 44 69 68 55 149 55 382 5433 1255 144 140
leaf_count=48 54 66 321 43 106 50 66 3982 68 62 77 40 151 60 98 46 158 42 177 44 69 68 55 149 55 382 5433 1255 144 140
internal_value=7.77202e-05 -0.00096324 -0.000755017 -0.000563721 0.009 -0.000861353 -0.000304191 -0.000651876 -0.00120958 -0.00734908 -0.0160714 -0.00227273 -0.00717822 0.000706315 0.00489209 0.00268007 -0.00536585 0.00687023 0.00960961 0.00472973 0.0191964 0.000329884 0.000678201 0.000481172 -0.00464427 -0.00266075 0.000624824 0.00319716 -0.00493197 0.00490688
internal_weight=13509 5086 5032 4966 149 4817 4437 4371 4050 380 139 241 201 8423 694 596 204 392 332 221 111 7729 7224 7169 505 450 7121 1688 293 1395
internal_count=13509 5086 5032 4966 149 4817 4437 4371 4050 380 139 241 201 8423 694 596 204 392 332 221 111 7729 7224 7169 505 450 7121 1688 293 1395
is_linear=0
shrinkage=0.05


Tree=320
num_leaves=31
num_cat=0
split_feature=11 10 1 14 1 1 14 14 11 8 14 4 6 1 1 1 10 14 0 1 13 10 0 14 6 12 10 0 1 14
split_gain=5.04121 9.58469 6.97759 5.35878 9.44867 9.38175 6.33572 5.21102 5.06732 7.64781 9.34963 8.28763 11.4256 10.1372 6.78315 7.47688 17.0518 6.5501 6.10105 5.80561 11.9371 5.88128 7.36514 5.68212 5.17464 5.53251 13.2394 6.57358 5.89806 12.9802
threshold=-0.90531874877253482 -0.26866367175705824 26.812282314241493 2154.1250000000005 22.466282894736846 21.942077850877197 2042.8750000000002 2814.1250000000005 -0.73284120334876357 5.5000000000000009 2961.8750000000005 2.1573587257617723 230.89473684210529 27.988322368421056 24.522642543859654 17.800137061403515 0.52766072109828632 3017.3750000000005 18.756578947368428 29.42234100877193 0.2332836900311728 0.45273815774107123 23.751315789473686 2437.6250000000005 867.18421052631595 -0.97113884758256674 -0.76141707087277943 17.748684210526317 22.779221491228075 2042.8750000000002
decision_type=2 2 2 8 2 2 10 10 2 2 10 2 2 2 2 2 2 10 2 2 2 2 2 10 2 2 2 2 2 10
left_child=1 2 -1 4 -3 -5 -6 -4 9 10 11 12 13 14 15 -2 18 -12 -17 20 -19 -22 -23 -20 25 26 -10 -28 -27 -30
right_child=8 3 7 5 6 -7 -8 -9 24 -11 17 -13 -14 -15 -16 16 -18 19 23 -21 21 22 -24 -25 -26 28 27 -29 29 -31
leaf_value=1.2363721220460322 -0.88714883624259078 1.7242821845313188 1.1620062022140816 -1.409212641607303 -0.50103154138947159 0.022432204257268041 1.5188018980857465 0.0087005839914581894 1.7493443085419131 0.31268625483183998 1.2926195631799602 -1.3306312497417367 1.7929001182724278 0.16461367787560449 -0.76821042248354843 -1.9753167628103712 0.80677717191058496 -2.5800705783441913 0.99585278526027998 1.3606701424239418 -0.12993104525883156 1.6145287205054615 -0.36013072052641065 -0.76876794786736591 -1.5951424823322213 -0.019816473490448062 0.077644691203744287 -1.280147247062172 -0.89957216482581548 0.24979413030051775
leaf_weight=111 88 46 94 68 50 800 40 181 74 167 48 147 90 81 61 105 92 42 48 49 227 50 42 40 43 8868 726 100 85 732
leaf_count=111 88 46 94 68 50 800 40 181 74 167 48 147 90 81 61 105 92 42 48 49 227 50 42 40 43 8868 726 100 85 732
internal_value=2.61272e-05 0.00287563 0.00956072 0.000298507 0.00948905 -0.00115075 0 0.00525362 -0.000304015 -0.00315675 -0.0045417 -0.00796813 -0.00536304 -0.00823643 -0.0112644 -0.00868984 -0.00472028 0.00108932 -0.0131443 -0.000973236 -0.0031768 0.00015625 0.0107527 -0.00337079 6.58576e-05 0.000136973 0.00388457 0.00205562 -0.000211646 0.00385086
internal_weight=13395 1390 386 1004 136 868 90 275 12005 1377 1210 752 605 515 434 373 285 458 193 410 361 319 92 88 10628 10585 900 826 9685 817
internal_count=13395 1390 386 1004 136 868 90 275 12005 1377 1210 752 605 515 434 373 285 458 193 410 361 319 92 88 10628 10585 900 826 9685 817
is_linear=0
shrinkage=0.05


Tree=321
num_leaves=31
num_cat=0
split_feature=12 7 8 7 12 12 12 15 13 6 13 15 11 12 7 7 3 7 7 7 12 7 9 15 3 1 15 6 13 3
split_gain=5.23249 8.2519 5.60221 14.6693 9.44802 11.0118 13.2143 9.8388 13.3806 9.34023 11.2888 9.4034 11.6698 9.05023 8.93234 11.891 10.9926 10.5414 14.7071 8.93229 24.4464 11.8809 18.1666 23.469 12.5331 14.5372 11.9342 11.4931 11.2308 11.9822
threshold=0.99898004730802425 17.500000000000004 4.5000000000000009 1.0000000180025095e-35 0.80033572242307993 0.77923869640500354 0.76558307451930629 2900.3750000000005 0.315961146185463 490.89473684210537 -0.99628250747696534 2157.7500000000005 0.98486764554468398 -0.97113884758256674 20.500000000000004 9.5000000000000018 8.6381578947368425 12.500000000000002 15.500000000000002 5.5000000000000009 0.73430383941986921 17.500000000000004 1.0000000180025095e-35 2647.1250000000005 10.751315789473686 8.6816885964912291 3254.3750000000005 129.23684210526321 -0.074115882986646633 7.8486842105263168
decision_type=2 2 2 2 2 2 2 10 2 2 2 8 2 2 2 2 2 2 2 2 2 2 2 10 2 2 8 2 2 2
left_child=2 -2 4 -4 5 6 19 -6 -9 10 -5 12 -12 -11 15 16 -13 -17 -19 28 21 22 23 -21 25 -23 -27 -25 29 -1
right_child=1 -3 3 9 7 -7 -8 8 -10 13 11 14 -14 -15 -16 17 -18 18 -20 20 -22 24 -24 27 -26 26 -28 -29 -30 -31
leaf_value=0.0096508735713086938 0.10032237581604592 1.1436160224933702 0.7029338452376408 -1.2168709863958953 0.082168561089531522 0.9778137698423166 -1.3557121894807438 -0.13093015393907309 -0.97964961138312678 -3.6099383767458395 0.020958779917805259 -0.16013961190242298 0.81461413873502131 -0.18506407189228186 -0.69891991876202164 0.76726774137716802 -1.284697274411019 -0.97548946746439924 0.082135257019535862 3.7665141378598039 1.5462999482962347 0.81571897516610081 -1.2707301852945876 0.46009049310040384 -0.95956880276739875 -0.0090316036500325946 -0.96956038115476995 0.067743298876575861 -0.20080349754072133 1.0567476019405149
leaf_weight=831 144 50 158 46 850 122 56 804 354 42 1209 356 77 534 163 194 110 207 725 245 62 159 159 970 99 1365 194 2243 881 99
leaf_count=831 144 50 158 46 850 122 56 804 354 42 1209 356 77 534 163 194 110 207 725 245 62 159 159 970 99 1365 194 2243 881 99
internal_value=7.40247e-05 0.00820513 -4.5062e-05 -0.00166143 0.000605646 0.00142266 0.00117463 -0.00243902 -0.00543572 -0.00230622 -0.00121438 -0.000838264 0.0024087 -0.00814558 -0.00321754 -0.00207156 -0.00877944 0.000709849 -0.00150054 0.00136152 0.00236493 0.00200552 0.00366224 0.00442324 -0.00129263 -0.000290867 -0.00176282 0.00328251 -0.00168322 0.00214823
internal_weight=13508 194 13314 3821 9493 7485 7363 2008 1158 3663 3087 3041 1286 576 1755 1592 466 1126 932 7307 5496 5434 3617 3458 1817 1718 1559 3213 1811 930
internal_count=13508 194 13314 3821 9493 7485 7363 2008 1158 3663 3087 3041 1286 576 1755 1592 466 1126 932 7307 5496 5434 3617 3458 1817 1718 1559 3213 1811 930
is_linear=0
shrinkage=0.05


Tree=322
num_leaves=31
num_cat=0
split_feature=14 7 10 1 14 1 14 8 10 11 7 1 6 14 8 10 10 1 1 8 0 1 14 1 8 1 14 10 11 10
split_gain=3.74757 5.71105 8.79851 7.67249 8.11625 10.8916 6.39199 7.22424 7.24887 7.20707 6.6186 4.95473 4.82662 5.17802 4.95731 7.12246 6.30436 4.33068 14.6161 8.10202 7.637 7.2192 9.5447 9.16745 5.62819 6.45085 5.49437 3.29373 3.23458 12.404
threshold=3483.5000000000005 10.500000000000002 0.94425825643485939 28.567790570175443 3949.7500000000005 8.6816885964912291 3554.7500000000005 1.5000000000000002 0.54219432480460406 -0.98801846520836312 15.500000000000002 27.285197368421056 38.881578947368432 3737.1250000000005 2.5000000000000004 0.67802080537253961 0.24372619187392155 7.7117050438596495 8.6816885964912291 2.5000000000000004 12.335526315789478 24.819819078947372 4000.1250000000005 11.289446271929828 3.5000000000000004 9.6412006578947373 3712.7500000000005 -0.65234524191686594 0.1318557721318592 -0.98523971305672675
decision_type=8 2 2 2 8 2 8 2 2 2 2 2 2 10 2 2 2 2 2 2 2 2 10 2 2 2 10 2 2 2
left_child=28 2 3 4 11 -6 10 8 -8 -9 -3 12 13 -2 16 -16 27 26 -19 20 -20 23 -23 24 -21 -26 -11 -14 -1 -30
right_child=1 6 -4 -5 5 -7 7 9 -10 17 -12 -13 14 -15 15 -17 -18 18 19 21 -22 22 -24 -25 25 -27 -28 -29 29 -31
leaf_value=-0.010852611628683917 -0.84796659560238374 -1.359908431011229 -1.1990434314113032 1.3324462985589891 0.25364661692440221 -1.1284641696586732 -1.3274309076945316 1.5884382445463872 0.28366949348011306 0.33109235101392187 -0.035834298983922964 -1.067338237242359 -0.10397326074777312 0.1571955453783403 0.21996137402288696 2.3019580977837677 -0.89491544821598845 2.4617782708210143 2.779959300787755 -0.64875853659427785 -0.044735121527492087 0.59366948587316981 -0.87681329287902376 -1.9651581853104063 -0.71160922782387392 0.34986488618919798 -1.0569712941968419 0.55389697146183614 1.7013767696553033 0.027075565385234771
leaf_weight=6297 60 122 54 47 95 121 152 64 42 51 75 40 40 57 196 47 45 63 55 87 77 106 47 83 43 71 122 54 69 5054
leaf_count=6297 60 122 54 47 95 121 152 64 42 51 75 40 40 57 196 47 45 63 55 87 77 106 47 83 43 71 122 54 69 5054
internal_value=-5.17101e-05 -0.00198394 0.00116686 0.00249066 0.00125661 -0.00691244 -0.00412371 -0.00258459 -0.0112821 -0.000632184 -0.0123737 0.00453704 0.0059 -0.0029661 0.00861619 0.0129098 0.00107143 -0.00192308 0 -0.00254386 0.00827068 -0.00582192 0.00292208 -0.0105263 -0.00470297 0.0026087 -0.00890805 0.00842105 0.000306453 0.00123927
internal_weight=13536 2116 856 802 755 216 1260 1063 194 869 197 539 499 117 382 243 139 805 632 569 132 437 153 284 201 114 173 94 11420 5123
internal_count=13536 2116 856 802 755 216 1260 1063 194 869 197 539 499 117 382 243 139 805 632 569 132 437 153 284 201 114 173 94 11420 5123
is_linear=0
shrinkage=0.05


Tree=323
num_leaves=31
num_cat=0
split_feature=1 1 10 12 12 10 8 10 14 10 7 6 10 8 13 0 14 6 8 14 1 1 14 14 0 12 0 3 1 7
split_gain=3.86204 9.512 13.0347 6.89969 13.1842 6.56746 7.97874 5.60923 9.91727 9.4352 10.4608 5.1688 4.74919 5.86059 7.89385 6.17931 4.72305 4.69014 4.29727 4.07168 6.84427 4.75777 13.2039 6.21928 6.59227 7.12631 6.66027 3.75481 11.799 7.55231
threshold=14.941228070175441 15.103645833333337 0.98213580174693105 -0.90163369914317015 -0.878119045158818 0.92273069556937592 3.5000000000000004 0.63920241694561786 3149.8750000000005 0.66527693225344786 14.500000000000002 807.51315789473699 0.72695311118111527 1.0000000180025095e-35 0.34841000145353967 9.343421052631582 2203.1250000000005 95.644736842105274 3.5000000000000004 3554.7500000000005 10.949259868421054 9.7308662280701768 2460.8750000000005 1905.8750000000002 15.364473684210529 -0.97509344079810367 14.228947368421055 6.3960526315789483 12.131414473684213 20.500000000000004
decision_type=2 2 2 2 2 2 2 2 10 2 2 2 2 2 2 2 10 2 2 10 2 2 10 10 2 2 2 2 2 2
left_child=3 -2 5 12 -5 7 -7 -3 9 -9 11 -11 13 16 19 -16 -1 -14 -12 21 -21 22 -15 -23 26 -26 27 29 -29 -25
right_child=1 2 -4 4 -6 6 -8 8 -10 10 18 -13 17 14 15 -17 -18 -19 -20 20 -22 23 -24 24 25 -27 -28 28 -30 -31
leaf_value=0.29563399553339881 -1.2075203858231589 -0.00055458739784626238 -0.59245705590167297 -0.54607993950386347 0.016084516619656597 1.0617281168783053 -0.4796370149517884 -1.054068729005553 -3.3595057416957617 0.37206654243090614 -0.78949379049245183 -1.3939683157582807 0.053642496256668441 0.25825353029824216 2.9815437444660007 0.007120981704031238 1.9563104520872459 2.551295284135688 -0.023363029623465082 0.04447444515769803 -0.86689702769708676 -0.54013491583345974 -1.4886553736862198 0.5729516453047836 -1.8578207203740931 0.65250560559306914 1.0807421581215522 0.53638731570497389 -0.88832891684456861 -0.25604685624859941
leaf_weight=85 98 5503 84 90 5530 161 57 74 42 346 169 62 45 40 50 46 58 50 84 58 53 45 67 227 50 63 49 63 46 49
leaf_count=85 98 5503 84 90 5530 161 57 74 42 346 169 62 45 40 50 46 58 50 84 58 53 45 67 227 50 63 49 63 46 49
internal_value=7.43771e-05 -0.000778327 -0.000546863 0.000916482 0.000195695 -0.000292353 0.00821918 -0.000589078 -0.00456298 -0.00319293 -0.00128399 0.00366748 0.00445415 0.00347619 0.00198456 0.0154639 0.0128472 0.0151042 -0.00925197 0.000369914 -0.00848214 0.00178571 -0.00787037 0.00354132 0.00501825 -0.00570175 0.00781609 0.00556995 -0.00227273 0.00866426
internal_weight=13444 6680 6582 6764 5620 6498 218 6280 777 735 661 408 1144 1049 906 96 143 95 253 810 111 699 107 592 547 113 434 385 109 276
internal_count=13444 6680 6582 6764 5620 6498 218 6280 777 735 661 408 1144 1049 906 96 143 95 253 810 111 699 107 592 547 113 434 385 109 276
is_linear=0
shrinkage=0.05


Tree=324
num_leaves=31
num_cat=0
split_feature=14 13 5 10 10 8 10 8 15 5 7 15 13 10 5 12 12 8 5 5 8 5 10 5 11 8 10 8 7 15
split_gain=5.19593 4.39927 5.01564 6.14824 4.80119 13.6748 4.07094 4.21575 6.29547 4.40042 4.09004 15.2831 8.28305 10.3444 7.60671 5.75524 4.80939 7.21022 5.35847 4.58837 4.56756 4.5954 8.66977 8.24385 4.3044 4.26802 4.281 4.24786 4.10203 8.80632
threshold=4135.2500000000009 -0.99864786094873803 4.4205003462603889 -0.99985146406598202 0.99865421017599998 3.5000000000000004 0.99466373373798567 5.5000000000000009 3221.6250000000005 3.5795031163434898 19.500000000000004 2440.3750000000005 1.0000000180025095e-35 -0.61913973745509387 10.465828601108036 0.99351232050787985 -0.61998829497903662 2.5000000000000004 1.881961565096953 1.7562718144044316 1.5000000000000002 8.74963331024931 0.039769539193789977 5.5013452216066474 0.99981043035926087 3.5000000000000004 -0.42957681104363482 2.5000000000000004 6.5000000000000009 3466.2500000000005
decision_type=10 2 2 2 2 2 2 2 10 2 2 8 2 2 2 2 2 2 2 2 2 2 2 2 2 2 2 2 2 10
left_child=1 2 3 -1 6 -6 10 8 9 -8 15 12 -12 -14 16 24 17 19 25 -13 -15 23 -23 -22 28 27 -27 -18 29 -3
right_child=-2 4 -4 -5 5 -7 7 -9 -10 -11 11 14 13 20 -16 -17 18 -19 -20 -21 21 22 -24 -25 -26 26 -28 -29 -30 -31
leaf_value=0.072435548976045538 0.4819489859028977 -0.0069753725242890146 0.1697513375195058 -1.4638952074102349 2.6705823366727603 -0.054737952741436405 -0.65550155219325468 0.15009601200351314 0.42771877332368152 -2.4162663336132937 -0.061671901861632253 -0.51065652859465449 1.1350771120752599 0.99577918186498671 -1.114925527056198 -0.16116122569064828 -0.48366423598909025 -1.8574007716460756 0.068871215219292028 0.44238026756015647 0.054433486542029647 1.3389537508783407 -0.20973009056334604 -0.46440536077882372 -0.55517863743195905 -0.93016911250421119 -0.075295700807305369 0.74695143976967993 0.067045517726171511 -2.0684511436860475
leaf_weight=69 152 3516 51 108 42 78 83 56 47 47 730 63 45 95 70 408 205 78 263 51 191 47 46 62 75 76 54 66 6500 47
leaf_count=69 152 3516 51 108 42 78 83 56 47 47 730 63 45 95 70 408 205 78 263 51 191 47 46 62 75 76 54 66 6500 47
internal_value=-1.11757e-05 -0.000116805 -0.0069869 -0.0109551 3.83377e-06 0.00991736 -8.89955e-05 -0.00662393 -0.0103933 -0.0160305 3.15234e-05 -0.00195987 0.00172555 0.00677618 -0.00679612 0.000436143 -0.00548425 -0.0124352 -0.00345865 -0.00434783 0.00441176 0.00172911 0.0111702 -0.00177165 0.000670678 -0.00708955 -0.0145038 -0.00349265 0.000760135 -0.000603255
internal_weight=13421 13269 228 177 13041 120 12921 233 177 130 12688 2142 1216 486 926 10546 856 192 664 114 441 346 93 253 10138 401 130 271 10063 3563
internal_count=13421 13269 228 177 13041 120 12921 233 177 130 12688 2142 1216 486 926 10546 856 192 664 114 441 346 93 253 10138 401 130 271 10063 3563
is_linear=0
shrinkage=0.05


Tree=325
num_leaves=31
num_cat=0
split_feature=8 15 13 14 7 1 1 15 13 1 7 10 7 14 7 7 13 13 14 15 14 15 7 10 1 7 8 14 15 13
split_gain=3.70208 8.85213 8.83484 7.57763 10.2233 8.68995 12.2335 11.744 6.46131 6.0718 7.83901 9.41059 5.85613 6.64603 13.4601 12.7301 9.28905 7.29541 5.98975 9.41053 13.3545 8.67765 7.32017 6.93596 6.56333 6.4194 8.26169 13.5569 7.0355 5.82312
threshold=4.5000000000000009 2530.3750000000005 -0.99628250747696534 3124.8750000000005 9.5000000000000018 24.311842105263164 28.793914473684215 3068.3750000000005 -0.47748501237563551 7.8870065789473704 17.500000000000004 -0.40614700388750385 1.0000000180025095e-35 3017.3750000000005 12.500000000000002 14.500000000000002 0.67008729192674277 1.0000000180025095e-35 2460.8750000000005 2272.1250000000005 2274.1250000000005 1930.8750000000002 6.5000000000000009 -0.82415615971448097 11.909402412280704 8.5000000000000018 5.5000000000000009 2603.2500000000005 2109.6250000000005 -0.48878087420130661
decision_type=2 8 2 8 2 2 2 8 2 2 2 2 2 10 2 2 2 2 10 10 10 10 2 2 2 2 2 10 10 2
left_child=-1 2 -2 4 -3 7 -7 8 -5 -6 11 -11 -4 18 16 -16 17 -15 19 20 -14 -20 -22 -21 -25 28 27 -27 -23 -28
right_child=1 3 12 5 9 6 -8 -9 -10 10 -12 -13 13 14 15 -17 -18 -19 21 23 22 25 -24 24 -26 26 29 -29 -30 -31
leaf_value=0.01964106070104208 -1.3514751457213494 -2.0455834537492024 0.59371500520450127 -0.87612583001006217 0.10672438229215686 1.134981345917015 -0.2061817034334581 -3.2370193277579347 0.034114483176585962 -0.2827749718243126 -0.086863500869515067 -2.2110868434000395 -0.0040604932004214339 0.68752671476436267 -1.5507649670436194 0.35635310916936763 -0.12981803042303 2.3781587812281488 -2.6435597899522012 -1.9997712078435599 0.16565313527892159 0.080626136168325507 0.7969069420567394 -1.7603853428155163 0.097664791840804815 -1.0792602500194222 1.1621062057756035 -0.041505769729542411 -0.72291413482473676 0.056788910526415749
leaf_weight=9653 56 40 153 92 64 96 73 42 273 78 172 63 1036 131 69 63 40 42 40 44 109 76 189 44 100 48 79 175 164 221
leaf_count=9653 56 40 153 92 64 96 73 42 273 78 172 63 1036 131 69 63 40 42 40 44 109 76 189 44 100 48 79 175 164 221
internal_value=9.24146e-05 -0.00121353 0.000190972 -0.00528169 -0.0104067 -0.00155979 0.00794118 -0.00551471 -0.00259563 -0.00780423 -0.0106688 -0.0193662 0.000584278 3.74392e-05 0.00650289 -0.00601504 0.0142523 0.0192529 -0.000924334 0.000919238 0.002397 -0.00441542 0.0117057 -0.00952381 -0.00413793 -0.00320681 -9.54198e-05 -0.00736607 -0.00995851 0.00531561
internal_weight=13525 3872 2879 993 417 576 169 407 365 377 313 141 2823 2670 345 132 213 173 2325 1522 1334 803 298 188 144 763 523 223 240 300
internal_count=13525 3872 2879 993 417 576 169 407 365 377 313 141 2823 2670 345 132 213 173 2325 1522 1334 803 298 188 144 763 523 223 240 300
is_linear=0
shrinkage=0.05


Tree=326
num_leaves=31
num_cat=0
split_feature=14 6 9 15 0 1 15 10 15 0 11 14 15 14 13 10 11 6 0 2 1 14 14 10 15 13 1 1 14 10
split_gain=4.82815 5.74126 6.82401 4.70439 5.77489 5.15552 9.97966 5.42853 3.80295 4.70337 4.44517 3.34178 7.52671 7.44186 5.95364 4.90526 6.05905 11.9794 7.0932 4.33387 5.31476 6.23672 4.51022 3.97298 3.81067 12.8728 7.96587 8.28587 7.31564 7.68541
threshold=4265.8750000000009 619.59210526315803 1.0000000180025095e-35 1717.3750000000002 15.840789473684213 9.7308662280701768 1644.6250000000002 0.70290292807158605 1731.6250000000002 24.246052631578952 0.99981043035926087 3567.6250000000005 4031.0000000000005 3603.2500000000005 -0.70291145964310642 -0.45274443793211405 0.96177147954086928 66.421052631578959 9.6407894736842135 6.9671052631578965 27.988322368421056 3124.8750000000005 2997.8750000000005 0.14250626876356556 2340.1250000000005 -0.99273797715557011 17.02741228070176 11.051781798245615 2468.3750000000005 0.92273069556937592
decision_type=10 2 2 8 2 2 10 2 10 2 2 10 10 10 2 2 2 2 2 2 2 10 10 2 10 2 2 2 10 2
left_child=1 3 -3 4 5 -1 -7 -8 9 -5 11 12 19 -13 -15 -16 -17 18 -18 24 22 -22 -21 -19 -10 26 27 -26 29 -27
right_child=-2 2 -4 8 -6 6 7 -9 10 -11 -12 13 -14 14 15 16 17 23 -20 20 21 -23 -24 -25 25 28 -28 -29 -30 -31
leaf_value=0.70205993545730516 0.58045467135141282 -0.08644724033952117 -3.6099507243673998 -0.74739206491129839 0.7667846709941103 -0.60161417818776508 -0.32144579293827746 0.57908390556308409 0.064394508728150876 0.37032473556530476 -0.51336145467588501 -0.52435485210048682 2.8375380193815545 -1.4043478927641673 0.22905272834625523 -0.15015475608608997 3.3159133581050355 -1.2153759826627835 0.6277616269935834 1.9362235445929401 -0.44743628519797768 1.2853248952228342 0.23171618870230759 0.042562017810405452 1.2199078363495233 -0.38347358178888274 1.1434567809296936 -0.29067394671013747 0.013379781636263034 0.6329267112161916
leaf_weight=53 50 1250 49 86 40 58 56 68 4087 58 80 137 43 47 261 740 43 44 65 59 70 40 82 43 62 1202 94 124 4165 177
leaf_count=53 50 1250 49 86 40 58 56 68 4087 58 80 137 43 47 261 740 43 44 65 59 70 40 82 43 62 1202 94 124 4165 177
internal_value=0.000331249 0.000272714 -0.00288462 0.000612329 0.00706522 0.00402542 0 0.008 0.000461473 -0.00758621 0.000561461 0.000643017 0.00095532 -0.00166546 -0.000442122 0.000250627 -0.00144231 0.00637755 0.0174312 0.000865886 0.00734127 -0.000900901 0.0137324 -0.00738636 0.00070117 -0.000120172 0.0103203 0.00427807 -0.000649234 -0.00380435
internal_weight=13433 13383 1299 12084 275 235 182 124 11809 144 11665 11585 10205 1380 1243 1196 935 195 108 10162 251 110 141 87 9911 5824 280 186 5544 1379
internal_count=13433 13383 1299 12084 275 235 182 124 11809 144 11665 11585 10205 1380 1243 1196 935 195 108 10162 251 110 141 87 9911 5824 280 186 5544 1379
is_linear=0
shrinkage=0.05


end of trees

feature_importances:
ar7=1170
Tma=1147
ar1=1061
doy_s2=965
hod=921
doy_s=911
doy_c=875
dow=793
doy_c2=533
ghi=504
T=349
hdh=214
cdh=146
is_hol=145
hdh2=48
cdh2=28

parameters:
[boosting: gbdt]
[objective: regression_l1]
[metric: l1]
[tree_learner: serial]
[device_type: cpu]
[data_sample_strategy: bagging]
[data: ]
[valid: ]
[num_iterations: 327]
[learning_rate: 0.05]
[num_leaves: 31]
[num_threads: 80]
[seed: 0]
[deterministic: 0]
[force_col_wise: 0]
[force_row_wise: 0]
[histogram_pool_size: -1]
[max_depth: -1]
[min_data_in_leaf: 40]
[min_sum_hessian_in_leaf: 0.001]
[bagging_fraction: 0.8]
[pos_bagging_fraction: 1]
[neg_bagging_fraction: 1]
[bagging_freq: 1]
[bagging_seed: 3]
[bagging_by_query: 0]
[feature_fraction: 0.8]
[feature_fraction_bynode: 1]
[feature_fraction_seed: 2]
[extra_trees: 0]
[extra_seed: 6]
[early_stopping_round: 0]
[early_stopping_min_delta: 0]
[first_metric_only: 0]
[max_delta_step: 0]
[lambda_l1: 0]
[lambda_l2: 1]
[linear_lambda: 0]
[min_gain_to_split: 0]
[drop_rate: 0.1]
[max_drop: 50]
[skip_drop: 0.5]
[xgboost_dart_mode: 0]
[uniform_drop: 0]
[drop_seed: 4]
[top_rate: 0.2]
[other_rate: 0.1]
[min_data_per_group: 100]
[max_cat_threshold: 32]
[cat_l2: 10]
[cat_smooth: 10]
[max_cat_to_onehot: 4]
[top_k: 20]
[monotone_constraints: ]
[monotone_constraints_method: basic]
[monotone_penalty: 0]
[feature_contri: ]
[forcedsplits_filename: ]
[refit_decay_rate: 0.9]
[cegb_tradeoff: 1]
[cegb_penalty_split: 0]
[cegb_penalty_feature_lazy: ]
[cegb_penalty_feature_coupled: ]
[path_smooth: 0]
[interaction_constraints: ]
[verbosity: -1]
[saved_feature_importance_type: 0]
[use_quantized_grad: 0]
[num_grad_quant_bins: 4]
[quant_train_renew_leaf: 0]
[stochastic_rounding: 1]
[linear_tree: 0]
[max_bin: 255]
[max_bin_by_feature: ]
[min_data_in_bin: 3]
[bin_construct_sample_cnt: 200000]
[data_random_seed: 1]
[is_enable_sparse: 1]
[enable_bundle: 1]
[use_missing: 1]
[zero_as_missing: 0]
[feature_pre_filter: 1]
[pre_partition: 0]
[two_round: 0]
[header: 0]
[label_column: ]
[weight_column: ]
[group_column: ]
[ignore_column: ]
[categorical_feature: ]
[forcedbins_filename: ]
[precise_float_parser: 0]
[parser_config_file: ]
[objective_seed: 5]
[num_class: 1]
[is_unbalance: 0]
[scale_pos_weight: 1]
[sigmoid: 1]
[boost_from_average: 1]
[reg_sqrt: 0]
[alpha: 0.9]
[fair_c: 1]
[poisson_max_delta_step: 0.7]
[tweedie_variance_power: 1.5]
[lambdarank_truncation_level: 30]
[lambdarank_norm: 1]
[label_gain: ]
[lambdarank_position_bias_regularization: 0]
[eval_at: ]
[multi_error_top_k: 1]
[auc_mu_weights: ]
[num_machines: 1]
[local_listen_port: 12400]
[time_out: 120]
[machine_list_filename: ]
[machines: ]
[gpu_platform_id: -1]
[gpu_device_id: -1]
[gpu_device_id_list: ]
[gpu_use_dp: 0]
[num_gpu: 1]

end of parameters

pandas_categorical:[]
