tree
version=v4
num_class=1
num_tree_per_iteration=1
label_index=0
max_feature_idx=11
objective=regression_l1
feature_names=ghi cloud pres se clearness hod doy_s doy_c doy_s2 doy_c2 cap95_solar v100m
feature_infos=[0:1018.7096774193549] [-0.032258064516129031:100.12903225806451] [938.51935483870966:986.17741935483866] [0:0.95384562099343739] [0:1.3] [0:23] [-0.9999994220246925:0.99998555065071859] [-0.99997919295908233:0.9999907524084426] [-0.9999994220246925:0.99995318436087299] [-0.99999768809943823:0.99996300980480612] [422.17499999999984:1009.7625] [2.2516129032258063:83.654838709677421]
tree_sizes=2028 2415 2786 2858 2861 2847 2863 2866 2873 2866 2879 2867 2886 2868 2871 2887 2874 2885 2874 2872 2888 2894 2874 2874 2882 2891 2886 2852 2906 2858 2873 2888 2888 2885 2876 2874 2885 2905 2893 2906 2883 2891 2884 2882 2905 2889 2886 2896 2890 2890 2889 2883 2894 2892 2892 2884 2894 2890 2900 2918 2897 2915 2898 2893 2895 2890 2894 2894 2893 2871 2910 2881 2906 2893 2881 2889 2892 2905 2913 2895 2910 2916 2888 2906 2913 2893 2919 2897 2896 2891 2914 2916 2900 2894 2900 2912 2897 2934 2917 2887 2904 2898 2903 2922 2936 2890 2903 2924 2872 2913 2918 2882 2917 2918 2909 2911 2912 2918 2913 2895 2918 2905 2907 2922 2926 2898 2914 2900 2915 2888 2948 2907 2917 2899 2902 2888 2926 2903 2919 2918 2927 2892 2920 2907 2898 2931 2913 2923 2908 2913 2881 2927 2912 2913 2920 2894 2900 2904 2953 2933 2914 2929 2895 2911 2904 2894 2897 2910 2880 2880 2903 2898 2871 2929 2910 2915 2922 2912 2872 2904 2907 2868 2911 2925 2890 2881 2917 2879 2880 2901 2913 2922 2881 2895 2917 2878 2918 2894 2903 2866 2917 2898 2895 2874 2874 2921 2881 2909 2921 2889 2907

Tree=0
num_leaves=22
num_cat=0
split_feature=3 3 5 3 5 6 8 5 5 7 5 7 5 8 7 6 10 3 8 7 7
split_gain=11325.6 160.05 205.852 82.9477 131.82 75.5753 64.7839 58.5908 236.731 136.601 143.552 152.587 92.1103 119.767 125.09 6.89638 4.28179 3.2132 1.03455 0.132426 0.103003
threshold=0.027745800144117986 0.10853424852795744 15.500000000000002 1.0000000180025095e-35 15.500000000000002 -0.47558551945199218 0.13612025994847315 15.500000000000002 3.5000000000000004 0.16587474750015932 5.5000000000000009 0.84199059757024453 4.5000000000000009 -0.71504042705586657 -0.89787881968372518 0.92602006027323147 493.85000000000002 0.12307490891423363 0.70288017738294994 0.88917497572200743 -0.048362832084465616
decision_type=2 2 2 2 2 2 2 2 2 2 2 2 2 2 2 2 2 2 2 2 2
left_child=3 2 -2 7 -5 -4 -7 8 -1 12 15 -12 13 -10 -15 -11 -13 -3 -8 -6 -14
right_child=1 17 5 4 19 6 18 -9 9 10 11 16 20 14 -16 -17 -18 -19 -20 -21 -22
leaf_value=0.00533190465066582 0.012094982177950443 0.0086746661225333803 0.00533190465066582 0.0080999278696253889 0.00533190465066582 0.0054395794577430934 0.0057570668635889884 0.00533190465066582 0.0062792903976514932 0.00533190465066582 0.0070517648244276645 0.00533190465066582 0.0070232855388894675 0.0059844129951670769 0.00533190465066582 0.00533190465066582 0.0055192758620250968 0.037604295671917497 0.0061790051637217406 0.0053613841751939621 0.0060209658229723574
leaf_weight=2213 266 83 99 60 53 40 41 3450 67 473 96 61 54 40 171 41 40 5882 46 40 41
leaf_count=2213 266 83 99 60 53 40 41 3450 67 473 96 61 54 40 171 41 40 5882 46 40 41
internal_value=0.00556761 0.0531582 0.0256937 -0.038968 -0.00250435 -0.00936544 0.0161594 -0.0397935 -0.0349878 -0.015816 -0.0286571 0.00763273 0.0086874 -0.005857 -0.0243403 -0.0425428 -0.0350737 0.0554198 0.0402716 -0.0396002 0.050925
internal_weight=13357 6457 492 6900 153 226 127 6747 3297 1084 711 197 373 278 211 514 101 5965 87 93 95
internal_count=13357 6457 492 6900 153 226 127 6747 3297 1084 711 197 373 278 211 514 101 5965 87 93 95
is_linear=0
shrinkage=1


Tree=1
num_leaves=26
num_cat=0
split_feature=3 5 5 3 6 3 5 5 5 7 5 7 5 6 6 5 6 6 0 7 0 10 6 6 1
split_gain=10779 385.372 127.734 242.07 106.619 85.755 132.189 60.2563 239.024 131.888 159.232 152.331 86.6785 117.306 121.339 34.1776 16.0972 8.54721 6.86709 4.4965 3.81286 2.39993 1.46508 1.26273 0.669012
threshold=0.027745800144117986 17.500000000000004 15.500000000000002 0.19031096374057266 0.30983042691905771 1.0000000180025095e-35 15.500000000000002 15.500000000000002 3.5000000000000004 0.1318557721318592 5.5000000000000009 0.88117331841669433 4.5000000000000009 -0.47558551945199218 0.92273069556937592 16.500000000000004 -0.23537230790205757 0.94425825643485939 130.30645161290326 0.7487283477006671 189.45161290322582 939.09375000000011 0.10837544681456425 0.69056404122701587 65.854838709677438
decision_type=2 2 2 2 2 2 2 2 2 2 2 2 2 2 2 2 2 2 2 2 2 2 2 2 2
left_child=5 2 -2 4 18 7 -7 8 -1 12 17 19 13 -10 23 -6 -3 -11 -4 -12 -5 -18 -8 -15 -13
right_child=1 16 3 20 15 6 22 -9 9 10 11 24 -14 14 -16 -17 21 -19 -20 -21 -22 -23 -24 -25 -26
leaf_value=-0.00026659523253329102 0.031964192119194199 -4.9899670993909257e-05 -0.00026659523253329102 0.0012787557661067695 0.0013225972175132485 0.0024050703586544842 -0.00026659523253329102 -0.00026659523253329102 -0.00026659523253329102 -0.00026659523253329102 0.0022994142572861165 -0.00018216395488707349 0.00098127531236968935 0.00090271436492912478 -0.00026659523253329102 -4.4530675513669831e-05 -0.00026519655293668622 -0.00026659523253329102 -0.00059374515083618459 0.00017302442225627601 0.006454203602625057 -0.00096972263534553346 -0.00021706953928514851 0.00027020193054340782 -0.00026659523253329102
leaf_weight=2230 5518 51 95 41 71 61 60 3440 120 503 74 40 84 78 49 61 66 41 42 41 471 40 40 41 52
leaf_count=2230 5518 51 95 41 71 61 60 3440 120 503 74 40 84 78 49 61 66 41 42 41 471 40 40 41 52
internal_value=-0.00126762 0.0452532 0.0471825 0.0281969 -0.0101852 -0.0444572 -0.00833333 -0.045312 -0.0405039 -0.0216637 -0.0337101 0.00360577 0.00268097 -0.0103806 0.016568 0.0218045 -0.031962 -0.0478899 -0.040942 0.0418103 0.0483431 -0.0429907 -0.0435644 0.04375 -0.044086
internal_weight=13410 6456 6299 781 269 6954 161 6793 3353 1123 751 207 372 288 168 132 157 544 137 115 512 106 100 119 92
internal_count=13410 6456 6299 781 269 6954 161 6793 3353 1123 751 207 372 288 168 132 157 544 137 115 512 106 100 119 92
is_linear=0
shrinkage=0.05


Tree=2
num_leaves=30
num_cat=0
split_feature=3 5 3 5 6 3 5 5 5 7 5 7 5 7 6 7 3 3 6 8 6 7 7 4 2 1 3 3 9
split_gain=10633.4 409.136 158.15 264.111 134.713 92.3433 140.585 57.7526 230.781 123.161 181.773 152.047 71.6134 112.295 110.078 42.5751 13.5745 9.64083 9.24173 4.38611 3.59846 2.36775 1.69049 0.655386 0.158102 0.116909 1.46167 0.024452 0.0241146
threshold=0.027745800144117986 17.500000000000004 0.19834390979210173 14.500000000000002 -0.13398594226331254 1.0000000180025095e-35 15.500000000000002 15.500000000000002 3.5000000000000004 0.11478523713130605 5.5000000000000009 0.87709077819680659 4.5000000000000009 -0.4755978891912595 -0.52032787705993211 0.097680735332368748 0.15754655760868355 0.068680806846629777 -0.25205528343633254 -0.92273922871446856 0.93845596220871974 0.97062204580664158 0.75438814418115718 0.85614171088784274 967.59193548387111 93.048387096774206 0.068680806846629777 0.238047355747705 0.60383265664488517
decision_type=2 2 2 2 2 2 2 2 2 2 2 2 2 2 2 2 2 2 2 2 2 2 2 2 2 2 2 2 2
left_child=5 2 3 25 16 7 -7 8 -1 12 20 22 13 14 -10 -6 23 -17 -3 -20 -11 -13 -12 -5 -8 -2 -27 -4 -16
right_child=1 18 27 4 15 6 24 -9 9 10 11 21 -14 -15 28 17 -18 -19 19 -21 -22 -23 -24 -25 -26 26 -28 -29 -30
leaf_value=-0.00025326547090662649 0.0066437250481103556 -0.00010706819413462653 0.0080409629748319274 -0.00025326547090662649 -0.00019657015684060761 0.0023875482399598699 -0.00025326547090662649 -0.00025326547090662649 -0.00025326547090662649 -0.00025326547090662649 0.0018469728490454144 -0.00010613919361639999 0.0011466277219005861 -0.00025326547090662649 0.00059333565464476132 9.4171724049374469e-05 -0.00022637043258873744 0.0021483632282470358 -8.0054455356730597e-05 -0.0010632173546655395 -0.00025326547090662649 -0.00025326547090662649 0.00024891318115987819 -0.00025326547090662649 -0.00025326547090662649 0.0019548847259138707 0.0064843966172193181 0.031855918328568808 0.00057708552601980038
leaf_weight=2209 471 53 208 79 40 65 56 3474 43 498 76 44 73 112 67 40 73 102 41 70 43 49 40 40 40 42 71 5158 46
leaf_count=2209 471 53 208 79 40 65 56 3474 43 498 76 44 73 112 67 40 73 102 41 70 43 49 40 40 40 42 71 5158 46
internal_value=-0.00153084 0.0444753 0.046498 0.0277372 -0.00506667 -0.0445718 -0.00709877 -0.0454613 -0.0406846 -0.0218407 -0.0331558 0.00642857 0.00307018 -0.00892193 0.0184713 0.0256831 -0.0341969 0.0384615 -0.0333333 -0.0415179 -0.0484317 -0.0409574 0.0444444 -0.0445833 -0.0453608 0.0487179 0.0442982 0.0498416 0.0442982
internal_weight=13423 6488 6324 958 374 6935 161 6774 3300 1091 750 209 341 268 156 182 192 142 164 111 541 93 116 119 96 584 113 5366 113
internal_count=13423 6488 6324 958 374 6935 161 6774 3300 1091 750 209 341 268 156 182 192 142 164 111 541 93 116 119 96 584 113 5366 113
is_linear=0
shrinkage=0.05


Tree=3
num_leaves=31
num_cat=0
split_feature=3 5 0 3 5 3 5 6 5 5 7 5 7 5 7 6 7 0 3 3 3 0 7 7 0 3 5 6 9 7
split_gain=10421.2 480.639 194.137 86.206 133.529 63.6848 141.021 129.309 50.7203 210.814 96.4547 155.55 138.216 83.4452 105.621 111.001 21.325 20.1228 11.6021 9.88653 33.3337 6.76426 4.50744 4.35131 2.90759 2.85064 5.83825 10.9572 2.84381 1.98932
threshold=0.027745800144117986 16.500000000000004 265.11290322580652 1.0000000180025095e-35 15.500000000000002 0.19834390979210173 14.500000000000002 -0.13398594226331254 15.500000000000002 3.5000000000000004 0.21652257995689161 5.5000000000000009 0.8852232634113919 4.5000000000000009 -0.54219087765047058 -0.42957681104363482 -0.031174269516803289 127.08064516129033 0.17824735751499207 0.12307490891423363 0.093573053361780942 124.27419354838712 0.7487283477006671 1.0000000180025095e-35 0.62903225806451624 0.28983220275810556 14.500000000000002 -0.67803021058859214 0.2332836900311728 -0.35846086284744721
decision_type=2 2 2 2 2 2 2 2 2 2 2 2 2 2 2 2 2 2 2 2 2 2 2 2 2 2 2 2 2 2
left_child=3 5 16 8 -5 6 24 17 9 -1 13 -12 22 14 15 -11 18 -8 19 20 -3 -9 -13 -15 -2 26 -7 -28 -4 -16
right_child=1 2 28 4 -6 25 7 21 -10 10 11 12 -14 23 29 -17 -18 -19 -20 -21 -22 -23 -24 -25 -26 -27 27 -29 -30 -31
leaf_value=-0.00024060219736129516 0.0020507525827240893 -0.00016435655953009697 0.00050373745965480324 0.0022681708279618761 -0.00024060219736129516 0.016124529632503982 -0.00024060219736129516 0.00021777977969031776 -0.00024060219736129516 -0.00017578582489222758 -0.00024060219736129516 0.0019798379354382632 -0.00018001988739961236 0.001075930525068543 -0.00024060219736129516 0.00074444710268580828 0.00010063602536538384 -4.2139581523951976e-05 -0.00014357347867917266 -0.0010457332224037602 2.4167724736616925e-05 0.0022439017042022898 0.00018191699046146825 0.0001597843329567695 0.0061690732638788187 0.031718734892780778 0.00066482121008157313 0.0046056962932896576 0.0023836554388952207 -0.00024060219736129516
leaf_weight=2233 47 84 40 61 102 254 80 40 3432 53 492 68 88 54 40 87 40 43 53 98 48 78 40 40 517 4766 65 71 95 107
leaf_count=2233 47 84 40 61 102 254 80 40 3432 53 492 68 88 54 40 87 40 43 53 98 48 78 40 40 517 4766 65 71 95 107
internal_value=-0.00216265 0.0436838 -0.00566449 -0.0448318 -0.00884146 0.0474757 0.0343052 0.00227273 -0.0457016 -0.0412352 -0.0229439 -0.0341074 0.0035533 -0.00274869 -0.0161458 0.0148936 -0.0266975 -0.0334677 -0.0315141 -0.0363636 -0.0270677 0.0394958 0.0412844 0.0378947 0.0479646 0.0495249 0.044757 0.0357664 0.0444853 -0.0456081
internal_weight=13316 6419 458 6897 163 5961 805 241 6734 3302 1069 688 196 381 287 140 323 123 283 230 132 118 108 94 564 5156 390 136 135 147
internal_count=13316 6419 458 6897 163 5961 805 241 6734 3302 1069 688 196 381 287 140 323 123 283 230 132 118 108 94 564 5156 390 136 135 147
is_linear=0
shrinkage=0.05


Tree=4
num_leaves=31
num_cat=0
split_feature=3 5 3 5 5 7 5 7 5 9 8 5 0 8 7 7 7 0 8 8 7 8 8 8 0 0 9 10 3 10
split_gain=10317.3 440.68 173.638 75.6816 275.706 146.112 120.043 173.813 89.4885 124.792 107.335 71.4921 230.391 67.4949 35.4029 18.3584 17.161 16.4843 14.8426 14.801 13.2404 10.5534 8.41422 4.66864 2.04487 1.72296 2.46373 0.813672 0.754118 0.237737
threshold=0.027745800144117986 16.500000000000004 0.21266665233249651 16.500000000000004 3.5000000000000004 0.26659387353423869 5.5000000000000009 0.79773375822167203 4.5000000000000009 -0.30982845708428081 0.76558307451930629 14.500000000000002 143.77419354838713 -0.26037633224328088 1.0000000180025095e-35 0.89691351184655443 -0.68432604233786842 200.12903225806454 0.45272350407489786 -0.21022365857738434 0.029024409397335523 -0.42860892273876966 0.77241981449888963 -0.89405649444168434 1.145161290322581 248.72580645161295 -0.47748501237563551 707.88750000000016 1.0000000180025095e-35 493.85000000000002
decision_type=2 2 2 2 2 2 2 2 2 2 2 2 2 2 2 2 2 2 2 2 2 2 2 2 2 2 2 2 2 2
left_child=3 11 14 4 -1 8 -7 -8 9 21 -11 24 13 27 18 -9 -4 19 23 -14 -10 -6 -20 -3 -2 26 -19 -13 29 -17
right_child=1 2 16 -5 5 6 7 15 20 10 -12 12 17 -15 -16 28 -18 25 22 -21 -22 -23 -24 -25 -26 -27 -28 -29 -30 -31
leaf_value=-0.0002285720874932304 0.0026078686945229124 -0.00010435808596731019 0.0022057937568142369 -0.0002285720874932304 -6.6353799131902612e-05 -0.0002285720874932304 0.0014042940514355723 -3.5438870920843305e-05 0.0012684385518172349 0.00070722474755151787 -0.00015389334889172465 -0.0002285720874932304 0.00011369845171298952 0.00043090946970623917 0.00011101668912750031 -0.00023160120299131455 0.00010834600823007336 0.0020497687378055714 -4.1910424346861074e-06 0.001692728196093376 0.00015471270465393898 -0.0002285720874932304 -0.00017889024986286135 -0.00041225832360498318 0.029747160566793319 0.013072126662181256 0.0026377894480801483 -0.00044814070388078095 -0.0002031718746037223 -0.0002285720874932304
leaf_weight=2211 70 40 118 3402 40 462 95 51 81 107 54 67 52 61 40 73 40 41 40 59 57 128 60 117 4865 660 42 40 43 41
leaf_count=2211 70 40 118 3402 40 462 95 51 81 107 54 67 52 61 40 73 40 41 40 59 57 128 60 117 4865 660 42 40 43 41
internal_value=-0.00198748 0.0435833 -0.00383772 -0.0446757 -0.0394164 -0.020438 -0.0338773 -0.009375 0.00160256 -0.0125758 0.0188272 0.0472054 0.0350929 -0.0183432 -0.0263423 -0.0349282 0.0383648 0.045614 -0.0331395 0.0272321 0.0352518 -0.0426036 -0.0178218 -0.0427215 0.0497062 0.0483199 0.039881 -0.0421296 -0.0433544 -0.046087
internal_weight=13257 6412 455 6845 3443 1232 765 303 467 329 161 5957 1022 168 297 208 158 854 257 111 138 168 100 157 4935 743 83 107 157 114
internal_count=13257 6412 455 6845 3443 1232 765 303 467 329 161 5957 1022 168 297 208 158 854 257 111 138 168 100 157 4935 743 83 107 157 114
is_linear=0
shrinkage=0.05


Tree=5
num_leaves=31
num_cat=0
split_feature=3 3 5 3 5 10 6 5 5 7 5 7 5 8 7 10 3 5 8 0 3 0 6 6 6 0 0 10 6 3
split_gain=10275.4 435.909 276.958 86.6961 128.785 86.4096 73.7349 53.7993 222.388 119.341 137.478 127.696 73.3974 97.732 83.3848 37.6354 27.6094 33.735 29.4113 20.3295 19.8924 56.5938 12.5746 12.4158 10.8315 9.96336 7.61399 19.0596 6.64576 5.86667
threshold=0.027745800144117986 0.17824735751499207 14.500000000000002 1.0000000180025095e-35 15.500000000000002 696.87499999999977 -0.082689790342551819 15.500000000000002 3.5000000000000004 0.097680735332368748 5.5000000000000009 0.8852232634113919 4.5000000000000009 -0.69057042736241547 -0.8901731938066898 954.21875 0.28595588557473145 14.500000000000002 -0.074117039608866245 176.01612903225808 0.12307490891423363 136.37096774193552 0.94978112945126536 -0.46801505794253101 -0.63255557784149707 87.258064516129039 6.0161290322580649 734.1812500000002 0.72695311118111527 0.078610432266089436
decision_type=2 2 2 2 2 2 2 2 2 2 2 2 2 2 2 2 2 2 2 2 2 2 2 2 2 2 2 2 2 2
left_child=3 2 15 7 -5 6 -4 8 -1 12 22 23 13 28 -15 26 17 -3 19 -19 21 29 -11 -12 -20 -18 27 -2 -10 -7
right_child=1 16 5 4 -6 20 -8 -9 9 10 11 -13 -14 14 -16 -17 25 18 24 -21 -22 -23 -24 -25 -26 -27 -28 -29 -30 -31
leaf_value=-0.00021714348311856888 0.0026388319808701558 0.013394494059979037 -0.00021714348311856888 0.0020170175920619731 -0.00021714348311856888 -0.00016212202269054067 0.0010522875875069446 -0.00021714348311856888 0.0011331181515876307 -0.00021714348311856888 0.0017541346078829305 -0.00018756609289527392 0.00085700885210851995 0.00026491911432772021 -0.00021714348311856888 -0.00016389424212365016 0.008105676549970223 -0.00033325713008468299 0.0003523928368175909 0.0004367027783622288 -0.00095818172630134915 8.6820660526823557e-05 -0.00021714348311856888 5.6405085405254828e-05 0.0029640214199297766 0.028710520941316198 0.0053998603648683571 0.00032173013083548687 8.9746497716980278e-05 -4.7598135029194403e-05
leaf_weight=2276 110 328 64 60 97 80 106 3432 41 503 72 96 80 41 150 42 103 41 58 73 122 59 40 45 107 4851 285 45 40 44
leaf_count=2276 110 328 64 60 97 80 106 3432 41 503 72 96 80 41 150 42 103 41 58 73 122 59 40 45 107 4851 285 45 40 44
internal_value=-0.00251631 0.0426139 0.0114301 -0.0447017 -0.00791139 -0.0156513 0.0128655 -0.0455479 -0.041034 -0.022633 -0.0338177 0.000233645 0.00141643 -0.010989 -0.0304688 0.0380952 0.0479773 0.0377467 0.0248214 0.00521739 -0.0315359 -0.0209239 -0.0471507 0.0351695 0.038253 0.049223 0.0424036 0.0330128 0.0347561 -0.04
internal_weight=13491 6518 957 6973 157 475 170 6816 3384 1108 756 213 352 272 191 482 5561 607 279 114 305 183 543 117 165 4954 440 155 81 124
internal_count=13491 6518 957 6973 157 475 170 6816 3384 1108 756 213 352 272 191 482 5561 607 279 114 305 183 543 117 165 4954 440 155 81 124
is_linear=0
shrinkage=0.05


Tree=6
num_leaves=31
num_cat=0
split_feature=3 5 0 3 5 6 3 5 5 5 7 5 7 5 7 6 0 5 0 7 0 3 6 5 3 3 3 8 7 7
split_gain=9927.1 496.298 125.654 109.493 98.3026 112.264 91.8393 138.136 54.1829 219.108 97.3236 148.764 130.792 77.2873 96.8777 92.3552 25.6494 24.1196 39.9647 17.1155 14.213 12.0022 20.0423 21.0863 11.4443 21.9635 16.8443 10.6042 9.19533 8.76688
threshold=0.027745800144117986 16.500000000000004 268.25806451612908 0.20299278030376583 14.500000000000002 -0.082689790342551819 1.0000000180025095e-35 15.500000000000002 15.500000000000002 3.5000000000000004 0.14888728888808328 5.5000000000000009 0.8511460603353429 4.5000000000000009 -0.55656394595157355 -0.35041564478062465 133.54838709677423 5.5000000000000009 8.1451612903225818 -0.039769286347669845 130.30645161290326 0.33715670960978683 -0.861146256326485 14.500000000000002 0.083857202575958897 0.12307490891423363 0.16709516227624729 -0.80418297442179409 0.94353349168649059 0.28313308994381592
decision_type=2 2 2 2 2 2 2 2 2 2 2 2 2 2 2 2 2 2 2 2 2 2 2 2 2 2 2 2 2 2
left_child=6 3 19 4 17 16 8 -8 9 -1 13 29 -13 14 15 -11 -6 18 -2 24 -7 22 23 -5 -3 -26 -27 -4 -14 -12
right_child=1 2 27 21 5 20 7 -9 -10 10 11 12 28 -15 -16 -17 -18 -19 -20 -21 -22 -23 -24 -25 25 26 -28 -29 -30 -31
leaf_value=-0.00020628630896264043 -0.00024577981592798436 -0.00014065141568923834 0.00049325847615981492 0.017171744064747453 -0.00020628630896264043 0.00016068630012591522 0.0019535020669712863 -0.00020628630896264043 -0.00020628630896264043 -0.00010959249865428829 -0.00018143316656124046 0.0010694546518776108 -4.399349054056317e-05 0.00075554293406540195 -0.00020628630896264043 0.00075075085262196403 2.1915612816635067e-06 0.0059753756245138137 0.0023768259786470822 6.4880805073313938e-05 0.0019740770766185057 0.028092156692727566 0.010668388127668856 6.8943233548758587e-05 3.2282440692265465e-06 -0.00090829805267573962 -0.00013674320071138443 0.00097679782000233487 -0.00021064283819698513 -0.00020628630896264043
leaf_weight=2216 56 68 41 62 83 44 64 111 3426 59 48 106 40 90 136 80 41 403 125 41 76 4404 591 65 69 84 72 97 68 464
leaf_count=2216 56 68 41 62 83 44 64 111 3426 59 48 106 40 90 136 80 41 403 125 41 76 4404 591 65 69 84 72 97 68 464
internal_value=-0.00302303 0.0417251 -0.00761099 0.0456394 0.0287093 0.00204082 -0.044623 -0.00880682 -0.0455524 -0.0409462 -0.0225733 -0.0331499 0.00186047 -0.00150273 -0.0146739 0.0146429 -0.0312 0.0398291 0.0244505 -0.0241791 0.0363636 0.0483701 0.0421419 0.0238281 -0.0284014 -0.0227876 -0.033121 0.0323741 -0.0366972 -0.0477583
internal_weight=13330 6422 472 5950 828 244 6908 175 6733 3307 1091 726 214 365 275 139 124 584 181 334 120 5122 718 127 293 225 156 138 108 512
internal_count=13330 6422 472 5950 828 244 6908 175 6733 3307 1091 726 214 365 275 139 124 584 181 334 120 5122 718 127 293 225 156 138 108 512
is_linear=0
shrinkage=0.05


Tree=7
num_leaves=31
num_cat=0
split_feature=3 5 3 3 3 5 5 6 10 5 5 10 5 10 9 5 7 5 4 3 8 6 6 6 7 6 3 3 3 6
split_gain=9873.72 469.112 116.288 98.6939 82.4052 105.572 72.0312 101.764 52.1283 49.3465 196.861 112.515 72.9916 89.2817 44.3075 111.5 34.9909 34.2085 67.1578 31.7713 31.1938 26.0976 22.7239 22.5074 21.2218 17.2778 15.9477 29.1097 13.4726 10.962
threshold=0.022325895958258499 16.500000000000004 0.17475122533324391 0.21772807770902966 1.0000000180025095e-35 15.500000000000002 14.500000000000002 -0.13398594226331254 949.51875000000007 15.500000000000002 3.5000000000000004 778.45000000000005 5.5000000000000009 535.71874999999989 -0.27694043983797384 4.5000000000000009 0.21652257995689161 14.500000000000002 0.61731753190297134 0.39138706229640624 -0.88622299073327826 0.3744682635859638 0.96904697354198299 -0.031173458710879235 0.21652257995689161 -0.41398024697495356 0.083857202575958897 0.12307490891423363 0.15754655760868355 -0.61237985104942771
decision_type=2 2 2 2 2 2 2 2 2 2 2 2 2 2 2 2 2 2 2 2 2 2 2 2 2 2 2 2 2 2
left_child=4 2 6 22 9 -6 8 -8 -2 10 -1 12 16 -14 15 -13 25 -4 19 21 -5 -19 26 -16 -17 -12 -3 -28 -29 -15
right_child=1 3 17 20 5 -7 7 -9 -10 -11 11 14 13 29 23 24 -18 18 -20 -21 -22 -23 -24 -25 -26 -27 27 28 -30 -31
leaf_value=-0.00019597199351450843 0.0032902199826534586 -0.00013835611005122555 0.026693851483032056 -0.00027689389701563289 0.0017615728986401108 -0.00019597199351450843 -0.00019597199351450843 0.0012534578004076095 -0.00035045144189060977 -0.00019597199351450843 -0.00019597199351450843 -0.00019597199351450843 -0.00014396056822739271 0.0017181445838041953 -6.5975768120127642e-08 0.00043656573001118961 -0.00019597199351450843 -0.00033439231095747508 0.0094762685289382434 0.0061350765218734244 0.00074179163699912847 0.0016128668250766289 3.6046413005913364e-05 0.00083877464466354079 -4.7085831671462479e-05 6.4372875587329244e-05 1.2497023261055091e-05 -0.0009365758853083295 -9.9158705717070788e-05 7.7295934680850144e-05
leaf_weight=2220 428 94 4530 43 52 83 102 97 41 3435 70 133 105 41 40 66 463 77 615 83 128 44 50 55 45 51 65 66 40 43
leaf_count=2220 428 94 4530 43 52 83 102 97 41 3435 70 133 105 41 40 66 463 77 615 83 128 44 50 55 45 51 65 66 40 43
internal_value=-0.0033306 0.0408748 0.0446909 -0.0063655 -0.0449804 -0.00625 0.0249626 -0.00025 0.0356383 -0.0457521 -0.0413741 -0.0241689 -0.0346899 -0.00763158 -0.000147059 -0.0114286 -0.0434188 0.0471495 0.037622 0.0126829 0.0241279 -0.00368852 -0.022943 0.0286458 0.0254464 -0.0192623 -0.0287594 -0.0194767 -0.035514 0.0305882
internal_weight=13405 6503 6017 486 6902 135 668 199 469 6767 3332 1112 773 189 339 244 584 5349 819 204 171 121 315 95 111 121 265 171 106 84
internal_count=13405 6503 6017 486 6902 135 668 199 469 6767 3332 1112 773 189 339 244 584 5349 819 204 171 121 315 95 111 121 265 171 106 84
is_linear=0
shrinkage=0.05


Tree=8
num_leaves=31
num_cat=0
split_feature=3 5 0 3 5 0 5 5 5 10 5 10 6 6 5 6 6 4 10 10 5 0 3 3 3 10 0 10 1 6
split_gain=9835.75 448.003 253.15 84.5151 121.265 61.1869 99.0584 50.1219 207.708 108.678 95.0271 114.792 44.9706 43.6899 69.0056 40.2281 39.7318 35.9622 49.7398 26.7811 20.7425 20.0396 20.3673 26.096 19.4674 16.8049 16.0754 13.8395 12.9742 12.8048
threshold=0.027745800144117986 15.500000000000002 268.25806451612908 1.0000000180025095e-35 15.500000000000002 200.12903225806454 13.500000000000002 15.500000000000002 3.5000000000000004 889.54375000000005 5.5000000000000009 535.71874999999989 0.97696484778429815 0.46800856592688472 16.500000000000004 -0.13398594226331254 -0.54939360607974019 0.11123312210229887 720.10000000000002 753.35625000000016 4.5000000000000009 124.27419354838712 0.12307490891423363 0.16709516227624729 0.3127056391835944 931.25625000000014 136.37096774193552 887.36874999999998 92.112903225806463 -0.49064630004295678
decision_type=2 2 2 2 2 2 2 2 2 2 2 2 2 2 2 2 2 2 2 2 2 2 2 2 2 2 2 2 2 2
left_child=3 5 13 7 -5 6 17 8 -1 10 12 -12 19 21 -15 26 -11 18 -2 -10 29 -3 -23 -24 27 28 -8 -4 -20 -21
right_child=1 2 24 4 -6 -7 15 -9 9 16 11 -13 -14 14 -16 -17 -18 -19 25 20 -22 22 23 -25 -26 -27 -28 -29 -30 -31
leaf_value=-0.00018617339383878299 0.0036724678576523099 -0.00018617339383878299 0.0015272582827388775 0.0017300650220644287 -0.00018617339383878299 0.026545485621250378 -0.00098226627286591094 -0.00018617339383878299 -0.00018617339383878299 -0.00013020363858398453 -0.00013676253981602309 0.00081085908631249874 -5.0800527961003327e-05 0.0011939967639583585 -8.6883560435108912e-05 0.0022834283742003067 0.00035495309695700013 0.0097891713268376413 0.0011156978907847484 -0.00018617339383878299 -5.0179974110807101e-05 2.8295809474511956e-05 -0.00085811658525340522 -0.00013309631701195027 0.0054746337628244881 -0.00035586772162197241 1.1103291327140692e-05 0.00025422401161604227 -0.00033199981793095444 -0.00010571950117339165
leaf_weight=2264 204 112 61 57 100 4147 47 3436 445 57 105 105 68 95 148 68 109 918 55 93 73 49 64 69 268 46 62 67 43 41
leaf_count=2264 204 112 61 57 100 4147 47 3436 445 57 105 105 68 95 148 68 109 918 55 93 73 49 64 69 268 46 62 67 43 41
internal_value=-0.00350226 0.0405963 0.00851178 -0.0448735 -0.0085443 0.0459488 0.0370152 -0.0457113 -0.041327 -0.0234275 -0.0300752 -0.000473934 -0.0386963 -0.0138476 0.00184426 0.00196629 0.0137725 0.04191 0.0280802 -0.0427259 -0.0276442 -0.0267797 -0.0163934 -0.0264925 0.0387909 0.00551724 -0.0168182 0.0224806 0.0171717 -0.0392593
internal_weight=13476 6523 933 6953 157 5590 1443 6796 3360 1096 930 210 720 537 243 177 166 1266 348 652 207 294 182 133 396 144 109 128 98 134
internal_count=13476 6523 933 6953 157 5590 1443 6796 3360 1096 930 210 720 537 243 177 166 1266 348 652 207 294 182 133 396 144 109 128 98 134
is_linear=0
shrinkage=0.05


Tree=9
num_leaves=31
num_cat=0
split_feature=3 5 3 3 5 3 5 6 8 6 5 5 7 5 7 5 8 7 6 5 6 6 1 3 1 1 10 7 7 2
split_gain=9452.02 475.709 191.136 81.59 112.984 69.5229 65.8834 75.3119 59.185 80.0052 51.4922 204.744 115.326 117.76 96.7925 67.5815 100.691 74.3966 41.5914 37.8868 32.8069 29.4023 24.2859 24.3879 21.7174 20.7982 18.3402 17.1101 13.3243 10.2297
threshold=0.027745800144117986 15.500000000000002 0.21266665233249651 1.0000000180025095e-35 15.500000000000002 0.3127056391835944 14.500000000000002 -0.099819732675876835 0.033323506451456063 0.46800856592688472 15.500000000000002 3.5000000000000004 0.04621408538533487 5.5000000000000009 0.86004965528756494 4.5000000000000009 -0.69057042736241547 -0.8901731938066898 -0.88622299073327826 5.5000000000000009 0.95998215779580554 -0.28519255817492867 93.048387096774206 0.30829553408257598 99.98387096774195 99.887096774193566 903.83124999999995 -0.82899557272681157 0.70747208174348741 962.62741935483882
decision_type=2 2 2 2 2 2 2 2 2 2 2 2 2 2 2 2 2 2 2 2 2 2 2 2 2 2 2 2 2 2
left_child=3 5 8 10 -5 6 19 -8 -3 27 11 -1 15 20 28 16 -13 -18 -4 21 -14 -2 23 26 -21 -7 -20 -10 -15 -27
right_child=1 2 18 4 -6 25 7 -9 9 -11 -12 12 13 14 -16 -17 17 -19 22 24 -22 -23 -24 -25 -26 29 -28 -29 -30 -31
leaf_value=-0.00017686472414684383 -0.00020477193323079971 -0.00017686472414684383 -0.00022454428702523254 0.0015869910026048838 -0.00017686472414684383 0.025893925356148553 -0.00051187618972086269 0.0023467261566980746 1.8710438034820129e-06 0.00047170379961917536 -0.00017686472414684383 0.00050167202364933237 -0.00017686472414684383 0.0017256221026326389 -0.00013221089514230502 0.00094963549049145658 0.00012296648663003866 -0.00017686472414684383 0.0014430489954231969 0.0073572971406042909 -0.00012147926955279906 0.0015590836428923645 -0.00020115122213417748 0.0055327673257475653 0.0018191997937598446 0.0053074503712642858 5.3196726239115864e-07 -0.0001552397911954597 9.7289248310186021e-05 0.011456822084664173
leaf_weight=2200 63 200 54 64 106 3915 103 90 48 93 3433 83 518 58 94 68 40 148 54 697 44 126 42 258 96 148 65 107 47 253
leaf_count=2200 63 200 54 64 106 3915 103 90 48 93 3433 83 518 58 94 68 40 148 54 697 44 126 42 258 96 148 65 107 47 253
internal_value=-0.00420922 0.0394979 0.00623644 -0.0448074 -0.0105263 0.0450747 0.0342262 0.00747423 -0.0171492 -0.000803213 -0.0456712 -0.0411693 -0.0235241 -0.0343176 -0.00125 0.000735294 -0.0104779 -0.0306878 0.0283755 0.039471 -0.0460036 0.0192105 0.0336905 0.0376984 0.0442695 0.0480195 0.01875 -0.0227564 0.0316038 0.0369403
internal_weight=13315 6412 921 6903 170 5491 1175 193 448 248 6733 3300 1100 761 199 339 271 188 473 982 562 189 419 377 793 4316 119 155 105 401
internal_count=13315 6412 921 6903 170 5491 1175 193 448 248 6733 3300 1100 761 199 339 271 188 473 982 562 189 419 377 793 4316 119 155 105 401
is_linear=0
shrinkage=0.05


Tree=10
num_leaves=31
num_cat=0
split_feature=3 5 0 3 5 8 7 5 5 5 9 1 4 0 6 9 5 0 6 7 6 5 8 6 9 6 8 1 6 8
split_gain=9320.28 345.54 267.084 261.543 200.173 93.0073 91.7673 52.7358 214.587 58.5834 101.681 40.1347 36.1888 35.086 27.7066 24.9948 69.6909 23.8355 22.5118 16.1552 15.5949 14.4945 14.2063 93.16 11.9174 10.5904 10.4862 9.60103 9.52043 9.49491
threshold=0.068680806846629777 14.500000000000002 370.59677419354847 1.0000000180025095e-35 15.500000000000002 -0.16693488597178294 -0.013976481981245173 15.500000000000002 3.5000000000000004 5.5000000000000009 0.50371863418624774 13.580645161290326 0.17324161026952653 215.77419354838713 0.15951094710994371 -0.85227283847737434 4.5000000000000009 261.00000000000006 -0.21861968191509915 0.77652048701313048 -0.54939360607974019 5.5000000000000009 -0.70291267844185523 0.39036257410962044 0.011826363350393306 -0.88622299073327826 -0.96688789938088693 78.177419354838719 -0.77245553105869302 -0.35846811432664222
decision_type=2 2 2 2 2 2 2 2 2 2 2 2 2 2 2 2 2 2 2 2 2 2 2 2 2 2 2 2 2 2
left_child=3 12 5 7 21 13 17 8 -1 11 24 20 18 19 -15 16 -13 -7 -2 26 -10 -5 23 -17 -11 -24 -3 -23 -19 -20
right_child=1 2 -4 4 -6 6 -8 -9 9 10 -12 15 -14 14 -16 22 -18 28 29 -21 -22 27 25 -25 -26 -27 -28 -29 -30 -31
leaf_value=-0.00016802148793950165 0.00097664237167874551 -4.3517722811972897e-05 0.0096103026495408302 0.00018009823929409052 -0.00015979413014152551 -0.00016921614621986838 0.0014425350161222851 -0.00016802148793950165 -0.00016802148793950165 0.0015180479439005693 -0.00013041404508632506 -0.00016926414505957164 0.023304434409653074 -0.001262534769062882 0.00039018649749488491 -0.00016802148793950165 0.00018774324703091711 -0.00015742959177970987 0.0016634301445984019 -0.0001008124449032987 1.2215050778051091e-05 0.0036508142544327479 -0.00016802148793950165 0.00031972980492161909 0.00010247520913634034 -0.00016802148793950165 -0.00073440333687425127 0.00067786708448532929 0.00087813054820834045 0.0050421024130818393
leaf_weight=2220 122 46 508 70 211 137 229 3397 75 63 94 71 4374 40 108 127 67 40 69 56 130 92 47 49 48 321 150 61 57 225
leaf_count=2220 122 46 508 70 211 137 229 3397 75 63 94 71 4374 40 108 127 67 40 69 56 130 92 47 49 48 321 150 61 57 225
internal_value=-0.0042841 0.0407741 0.0186224 -0.0431481 -0.00551724 0.00167824 0.0169181 -0.0455812 -0.0410504 -0.0228728 0.00121359 -0.0284347 0.0471092 -0.0159601 0.0033557 -0.0342606 -0.0151079 -0.00510638 0.0328537 -0.0272727 -0.00898058 0.0274554 -0.0390826 -0.0271186 0.0334821 -0.0447154 -0.0340102 0.036039 0.0137755 0.040339
internal_weight=13304 6161 1371 7143 434 863 463 6709 3312 1092 205 887 4790 400 148 682 138 234 416 252 205 223 544 176 111 368 196 153 97 294
internal_count=13304 6161 1371 7143 434 863 463 6709 3312 1092 205 887 4790 400 148 682 138 234 416 252 205 223 544 176 111 368 196 153 97 294
is_linear=0
shrinkage=0.05


Tree=11
num_leaves=31
num_cat=0
split_feature=3 5 3 5 0 5 6 5 5 10 5 7 7 5 0 6 3 5 6 1 4 6 6 8 6 3 3 6 3 10
split_gain=9159.21 375.192 265.804 193.075 125.753 205.005 136.341 46.1533 189.24 96.0748 102.027 95.1079 56.5448 90.7433 39.061 31.8225 31.436 29.309 28.3571 27.7082 23.8367 21.3343 21.0151 16.8916 16.7995 16.6949 15.8983 30.5934 15.8183 15.5305
threshold=0.068680806846629777 16.500000000000004 1.0000000180025095e-35 15.500000000000002 294.27419354838713 13.500000000000002 -0.13398594226331254 15.500000000000002 3.5000000000000004 886.08125000000007 5.5000000000000009 0.8852232634113919 0.26659387353423869 4.5000000000000009 268.25806451612908 -0.33425342068356556 0.12307490891423363 5.5000000000000009 0.75014288946266361 97.82258064516131 0.34852256663144787 0.29342972903661901 -0.94705910369513524 0.54217677573236234 -0.49813634056773481 0.17081877253930289 0.38227046697918393 -0.86976336936302323 0.093573053361780942 734.1812500000002
decision_type=2 2 2 2 2 2 2 2 2 2 2 2 2 2 2 2 2 2 2 2 2 2 2 2 2 2 2 2 2 2
left_child=2 4 7 23 5 17 -7 8 -1 10 12 24 13 -10 16 -11 28 21 -17 -19 -8 -2 -15 -4 -12 -18 27 -6 -3 -21
right_child=1 14 3 -5 26 6 20 -9 9 15 11 -13 -14 22 -16 18 25 19 -20 29 -22 -23 -24 -25 -26 -27 -28 -29 -30 -31
leaf_value=-0.00015962041354252658 5.9043199495804198e-05 -5.0258560800193188e-05 0.0017918881635330412 -0.00016003178143242537 -0.00015204117357594943 -0.0004173350479622286 0.00020461463714241957 -0.00015962041354252658 -0.00015962041354252658 -8.0355082399651337e-05 0.0017504101547648919 -0.00013326671848283878 -0.00015962041354252658 -3.9716890182719173e-06 0.00044670785633997779 0.00071750912337882741 -0.00077362915275825555 0.011621273106003374 -3.5909479069498269e-05 0.0076291575659326177 0.0019436252347179578 0.0016428867871648989 0.00059300502356472121 0.00026784808393714998 3.0277272878527996e-05 -0.00013214384280729985 0.02362040003276783 0.0055370329630401328 7.9323953878163332e-05 0.0023400881034264217
leaf_weight=2237 75 48 172 215 43 262 55 3450 138 75 68 91 487 40 132 60 89 992 40 254 194 83 45 59 44 67 3545 131 55 121
leaf_count=2237 75 48 172 215 43 262 55 3450 138 75 68 91 487 40 132 60 89 992 40 254 194 83 45 59 44 67 3545 131 55 121
internal_value=-0.00526257 0.0395966 -0.0434436 -0.00604027 0.0428162 0.0327933 0.00537109 -0.0459047 -0.0416566 -0.0245179 -0.0310175 0.000245098 -0.0399437 -0.0189732 -0.00778061 0.009375 -0.0190385 0.0419725 0.0277228 0.0443348 0.0318 0.0213836 0.0215116 0.0256466 0.0309735 -0.033121 0.048293 0.0331429 0.00240385 0.0325798
internal_weight=13367 6146 7221 446 5755 2036 511 6775 3325 1088 913 203 710 223 391 175 259 1525 100 1367 249 158 85 231 112 156 3719 174 103 375
internal_count=13367 6146 7221 446 5755 2036 511 6775 3325 1088 913 203 710 223 391 175 259 1525 100 1367 249 158 85 231 112 156 3719 174 103 375
is_linear=0
shrinkage=0.05


Tree=12
num_leaves=31
num_cat=0
split_feature=3 5 3 0 5 8 10 4 5 5 5 9 0 1 6 7 1 6 6 10 5 3 7 6 9 5 4 8 8 6
split_gain=9090.92 343.365 247.359 245.456 152.197 77.8426 70.0224 53.0907 48.2205 194.728 58.9703 97.9766 39.4815 37.4349 21.1917 20.7967 22.4792 19.5083 19.2363 18.7842 18.5567 23.2299 17.3184 16.3638 13.804 13.4968 37.1522 11.4723 10.4812 84.1802
threshold=0.073590990344619842 14.500000000000002 1.0000000180025095e-35 395.40322580645164 15.500000000000002 -0.16693488597178294 761.02499999999986 0.25697897982660223 15.500000000000002 3.5000000000000004 5.5000000000000009 0.24998039114150908 290.37096774193554 14.016129032258066 -0.86976336936302323 -0.90531874877253482 98.209677419354847 0.97314989601849466 -0.52032787705993211 923.55624999999998 6.5000000000000009 0.027745800144117986 0.16587474750015932 0.022575936829235418 0.67485701100832973 13.500000000000002 0.61125046687187734 -0.24372844578285471 -0.73866412149774419 0.40614137006726808
decision_type=2 2 2 2 2 2 2 2 2 2 2 2 2 2 2 2 2 2 2 2 2 2 2 2 2 2 2 2 2 2
left_child=2 7 8 5 20 12 -7 15 9 -1 13 -12 -3 18 -8 -2 -17 28 -11 -14 21 -4 -18 -6 -13 -9 27 -27 29 -15
right_child=1 3 4 -5 23 6 14 25 -10 10 11 24 19 17 -16 16 22 -19 -20 -21 -22 -23 -24 -25 -26 26 -28 -29 -30 -31
leaf_value=-0.00015163939286540022 2.0920893202473759e-05 -0.00028715024209536937 0.0013524713639769597 0.0085250751400038731 -0.00015340218579624535 0.0014970973287142379 -0.0002254911872822653 0.023396794538995347 -0.00015163939286540022 -0.00015163939286540022 0.00095968646098186039 -5.1113150980186237e-06 -0.00013320786875537782 -0.00015163939286540022 9.2810218176756515e-05 0.004241628144377993 0.00073244188819851237 -0.00013591975114934154 -5.8722009237089593e-07 0.00079762502553311918 0.0027536360233812902 -0.00033613141665207562 0.0050384609540023526 -5.8496934371532041e-05 -0.00014821038845462721 0.00058233448735413589 0.017292238812944016 0.0077299460180164153 -0.00015163939286540022 0.00035065722526156606
leaf_weight=2214 53 319 61 456 126 224 97 3551 3407 80 84 48 55 116 174 367 93 53 134 47 104 67 193 103 83 68 404 68 453 46
leaf_count=2214 53 319 61 456 126 224 97 3551 3407 80 84 48 55 116 174 367 93 53 134 47 104 67 193 103 83 68 404 68 453 46
internal_value=-0.00510151 0.0394084 -0.0433496 0.0173343 -0.00790043 0.00239913 0.0158266 0.045717 -0.0457806 -0.0414402 -0.0241803 -0.000694444 -0.0133886 -0.0298981 -0.00128676 0.0329562 0.0353976 -0.035725 -0.0116279 0.0135922 0.0206009 0.00775194 0.0247387 -0.0367391 -0.0276515 0.0479106 0.0402957 0.0175182 -0.0382305 -0.0269939
internal_weight=13348 6169 7179 1372 461 916 495 4797 6718 3311 1097 215 421 882 271 706 653 668 214 102 232 128 286 229 131 4091 540 136 615 162
internal_count=13348 6169 7179 1372 461 916 495 4797 6718 3311 1097 215 421 882 271 706 653 668 214 102 232 128 286 229 131 4091 540 136 615 162
is_linear=0
shrinkage=0.05


Tree=13
num_leaves=31
num_cat=0
split_feature=0 5 0 5 0 0 5 8 0 10 5 5 10 5 10 9 5 8 6 9 0 6 10 6 1 1 7 9 10 6
split_gain=7877.34 648.646 441.696 631.206 228.421 74.4277 129.54 64.5298 55.4419 46.7117 46.1024 201.709 98.995 63.8751 73.9351 57.3076 97.3596 33.1172 35.0601 23.914 23.669 23.5648 26.0893 20.8365 18.8336 18.032 19.5291 17.6038 17.0863 17.3886
threshold=40.451612903225815 15.500000000000002 1.0000000180025095e-35 14.500000000000002 200.12903225806454 294.27419354838713 13.500000000000002 -0.21022365857738434 424.56451612903231 948.90625000000011 16.500000000000004 3.5000000000000004 889.54375000000005 5.5000000000000009 502.24999999999994 -0.88622145408796527 4.5000000000000009 0.067682722635586057 -0.56368474752277564 -0.21022037796396451 93.451612903225822 -0.89406062840022227 843.58125000000007 0.29342972903661901 99.306451612903246 98.209677419354847 -0.9497838742125716 0.080548817997453351 919.78125000000011 -0.048361574224334618
decision_type=2 2 2 2 2 2 2 2 2 2 2 2 2 2 2 2 2 2 2 2 2 2 2 2 2 2 2 2 2 2
left_child=2 5 10 9 17 6 25 -8 21 -4 11 -1 13 15 -15 16 -13 -3 -19 -14 -20 -6 -23 -21 -9 26 -2 -16 -24 -30
right_child=1 4 3 -5 8 -7 7 24 -10 -11 -12 12 19 14 27 -17 -18 18 20 23 -22 22 28 -25 -26 -27 -28 -29 29 -31
leaf_value=-0.00014405742322213023 0.0022069388165501637 -0.00014710406994187435 0.0023391509696709333 -0.00014405742322213023 -0.00021421662791815192 0.021781245956058983 -0.00042459039114119899 0.0037179808470370911 0.0051509842686695735 -0.00035269007636193551 -0.00014405742322213023 -0.0001479585569232705 -6.2354967873270523e-05 -0.00015886943852666028 0.00075728846197594497 -0.00014405742322213023 0.00034696373906196863 -0.00014420875314656101 -0.00012119048280369184 1.6813670665951709e-05 4.8355155940333448e-05 0.0014964824994798274 -0.00012594879138588499 0.00084944035462473141 0.00013596709150870968 0.0063158913993049881 0.011119591212586866 -1.0906165742429093e-06 -5.2602034338904843e-05 0.00058237072490379923
leaf_weight=2239 48 243 488 529 45 3530 177 94 159 41 2898 82 80 83 63 568 81 90 73 53 102 107 74 52 41 287 869 61 56 62
leaf_count=2239 48 243 488 529 45 3530 177 94 159 41 2898 82 80 83 63 568 81 90 73 53 102 107 74 52 41 287 869 61 56 62
internal_value=-0.00537156 0.0368026 -0.0402787 -0.0103872 0.000247036 0.0441252 0.0348055 0.00607029 0.0241071 0.0282075 -0.0453282 -0.0413024 -0.0239769 -0.0305644 -0.00600962 -0.0375 -0.0112805 -0.0233792 -0.0110902 0.0094086 0.00198864 0.0127536 0.0178333 0.025 0.0319853 0.0422407 0.0456972 0.0184 0.00673575 0.0184874
internal_weight=13375 6057 7318 1058 1011 5046 1516 312 503 529 6260 3362 1123 938 207 731 163 508 265 185 175 344 299 105 135 1204 917 124 192 118
internal_count=13375 6057 7318 1058 1011 5046 1516 312 503 529 6260 3362 1123 938 207 731 163 508 265 185 175 344 299 105 135 1204 917 124 192 118
is_linear=0
shrinkage=0.05


Tree=14
num_leaves=31
num_cat=0
split_feature=3 5 3 0 5 5 6 5 5 10 5 10 5 1 10 5 8 0 3 1 7 10 8 3 6 10 6 1 5 10
split_gain=8847.93 302.95 267.41 138.401 153.466 138.344 93.7412 47.6005 192.584 91.7496 105.035 71.3591 38.6781 33.286 31.4196 34.9611 47.2832 29.2028 44.3096 23.2886 21.5859 21.5696 21.4821 20.292 21.9859 19.2309 17.4691 15.7373 29.8265 15.4416
threshold=0.078610432266089436 16.500000000000004 1.0000000180025095e-35 294.27419354838713 13.500000000000002 15.500000000000002 -0.32614396506100213 15.500000000000002 3.5000000000000004 886.08125000000007 5.5000000000000009 498.5499999999999 5.5000000000000009 97.82258064516131 696.26250000000016 4.5000000000000009 -0.26762993667585538 236.53225806451618 0.12307490891423363 99.596774193548399 0.16587474750015932 756.35000000000014 0.62585923293574564 0.38556980421204667 -0.82415615971448097 529.01250000000016 0.46800856592688472 83.854838709677438 13.500000000000002 934.13750000000016
decision_type=2 2 2 2 2 2 2 2 2 2 2 2 2 2 2 2 2 2 2 2 2 2 2 2 2 2 2 2 2 2
left_child=2 3 7 4 12 21 -6 8 -1 10 14 -12 26 -14 -10 -16 -17 18 -3 -8 -15 -4 29 24 -5 -7 -2 -25 -29 -11
right_child=1 17 5 23 6 25 19 -9 9 22 11 -13 13 20 15 16 -18 -19 -20 -21 -22 -23 -24 27 -26 -27 -28 28 -30 -31
leaf_value=-0.00013685455206102371 -2.4246299758589815e-05 2.3670500033404394e-05 0.0021695927895491024 -0.00020608682891502458 -0.00040476895472853582 -3.5573178907018702e-05 0.0016166286804094811 -0.00013685455206102371 -0.00013685455206102371 4.5561546805850314e-05 -0.00015092596660032728 0.00031221505241532888 0.0093998501044845334 0.00094899170542914679 -0.00013685455206102371 -0.00013685455206102371 0.00032961555210887024 0.00034703353792878215 -0.00061200738121728747 0.00014679963741674325 0.0063663307972913422 0.00011879183797436979 -6.95584050961497e-05 0.02184037944652031 0.0046326782390315015 -0.0001370048795738981 0.0013312585241287785 0.016252745002283554 0.0038986783672395305 0.00067295732922800886
leaf_weight=2227 88 86 139 40 224 62 195 3455 397 74 71 136 976 98 186 48 83 168 125 85 261 106 51 2924 138 188 57 490 140 50
leaf_count=2227 88 86 139 40 224 62 195 3455 397 74 71 136 976 98 186 48 83 168 125 85 261 106 51 2924 138 188 57 490 140 50
internal_value=-0.00602139 0.0384104 -0.0432568 0.0412804 0.0305793 -0.0077621 0.00673267 -0.0458475 -0.0415313 -0.0243391 -0.0306399 0.000721154 0.0386901 0.0413548 -0.0397203 -0.0278302 -0.00795455 -0.00486842 -0.017217 0.0259786 0.0281944 0.0189024 0.00880682 0.0469595 0.0301676 -0.0338645 0.0140411 0.0477918 0.040412 0.02
internal_weight=13368 6095 7273 5716 1984 495 504 6778 3323 1096 921 207 1480 1335 714 317 131 379 211 280 359 245 175 3732 178 250 145 3554 630 124
internal_count=13368 6095 7273 5716 1984 495 504 6778 3323 1096 921 207 1480 1335 714 317 131 379 211 280 359 245 175 3732 178 250 145 3554 630 124
is_linear=0
shrinkage=0.05


Tree=15
num_leaves=31
num_cat=0
split_feature=3 5 3 3 5 6 5 0 5 5 7 5 7 5 9 6 7 3 1 3 3 6 4 6 4 5 5 4 7 1
split_gain=8681.42 523.538 137.475 137.2 70.2268 75.4489 65.5298 57.569 50.2221 189.848 87.9336 107.382 85.9596 66.1879 87.6535 49.8398 44.9898 44.416 41.0858 38.6741 32.6106 31.4473 28.897 28.7958 25.7424 24.9453 22.7649 24.9614 18.7608 17.8669
threshold=0.016411398781448042 15.500000000000002 0.39504600088632996 0.40793090036149154 13.500000000000002 -0.082689790342551819 5.5000000000000009 100.32258064516131 16.500000000000004 3.5000000000000004 0.69521084835931835 5.5000000000000009 0.2332836900311728 4.5000000000000009 -0.34234976856068178 -0.53493989022977317 0.39629089145655322 0.21266665233249651 83.854838709677438 0.12307490891423363 0.088644799963537635 -0.97113884758256674 0.7626252535452912 0.30983042691905771 0.056651562568230139 5.5000000000000009 12.500000000000002 0.57163158633804301 0.91511078773075516 99.306451612903246
decision_type=2 2 2 2 2 2 2 2 2 2 2 2 2 2 2 2 2 2 2 2 2 2 2 2 2 2 2 2 2 2
left_child=8 2 4 7 6 22 23 -3 9 -1 11 12 13 14 -11 -16 17 19 -4 20 -9 -15 -6 -2 -8 -12 -20 -28 -27 -7
right_child=1 3 18 -5 5 29 24 16 -10 10 25 -13 -14 21 15 -17 -18 -19 26 -21 -22 -23 -24 -25 -26 28 27 -29 -30 -31
leaf_value=-0.00013001182445797254 -0.0002651158578444113 -0.00013015463559520321 0.021465861816490895 0.0037628615634951765 -0.00073967491415313021 0.0052377000367343123 0.00079214971645803073 -4.6948652619479235e-05 -0.00013001182445797254 -0.00013099729203698199 -0.00013001182445797254 0.001527484176011837 -0.00013001182445797254 -2.3139142732513847e-05 -0.00014182127052691877 0.00018094074518822616 0.0007931852263144423 0.00029993931539720118 0.013346318770731691 -0.00056368304251666807 7.790619209468503e-05 0.00098524463136596854 0.0012520338021537692 0.00099919459210062451 0.0068813478580524862 -3.2659863047738859e-05 0.0018953392606995607 0.011624986995543244 -0.00012986036868306832 8.0360176850400802e-05
leaf_weight=2255 103 165 2889 170 169 149 151 52 3421 161 310 72 190 40 41 117 64 313 650 147 56 62 48 99 940 90 177 131 136 42
leaf_count=2255 103 165 2889 170 169 149 151 52 3421 161 310 72 190 40 41 117 64 313 650 147 56 62 48 99 940 90 177 131 136 42
internal_value=-0.00655432 0.0348297 0.0407461 0.000878099 0.0288778 0.0107579 0.0345827 -0.00783208 -0.0456569 -0.0413813 -0.0254508 -0.0135234 -0.0203431 -0.00770142 -0.0189062 0.00754717 -0.000947867 -0.00544815 0.0459849 -0.0208984 0.00183486 0.0271845 -0.00940367 0.00837438 0.0394231 -0.0405959 0.0369135 0.0255663 -0.0277533 0.0335937
internal_weight=13410 6515 5548 967 1701 408 1293 797 6895 3474 1219 683 611 421 319 158 632 568 3847 255 108 102 217 202 1091 536 958 308 226 191
internal_count=13410 6515 5548 967 1701 408 1293 797 6895 3474 1219 683 611 421 319 158 632 568 3847 255 108 102 217 202 1091 536 958 308 226 191
is_linear=0
shrinkage=0.05


Tree=16
num_leaves=31
num_cat=0
split_feature=0 0 5 5 5 0 6 4 7 5 5 7 5 5 9 7 6 7 0 1 4 7 0 11 8 7 1 6 11 1
split_gain=7466.84 514.938 666.731 514.933 169.618 210.407 112.496 59.8971 44.7628 41.8567 181.258 116.298 93.4118 79.9241 95.1445 53.1325 51.2316 41.6384 38.3035 37.477 25.7544 20.6911 20.2795 17.5979 16.6415 16.1622 15.7618 18.887 13.3914 12.9983
threshold=53.016129032258071 1.0000000180025095e-35 14.500000000000002 16.500000000000004 13.500000000000002 471.79032258064518 -0.58482361983252518 0.39918669946597024 -0.18493013702746822 16.500000000000004 3.5000000000000004 0.1318557721318592 5.5000000000000009 4.5000000000000009 -0.17646730165275518 0.92519182738459482 -0.32614396506100213 -0.24372464231556024 124.27419354838712 99.596774193548399 0.049977369860469807 -0.8901731938066898 345.08064516129042 18.63870967741936 0.83966414931270739 0.69521084835931835 99.016129032258078 -0.2270106897347694 12.014516129032261 90.306451612903246
decision_type=2 2 2 2 2 2 2 2 2 2 2 2 2 2 2 2 2 2 2 2 2 2 2 2 2 2 2 2 2 2
left_child=1 9 17 4 7 6 22 8 -2 10 -1 13 -13 14 -12 25 -16 20 -5 24 -3 -22 -6 -24 -8 -14 -10 -28 -20 -19
right_child=3 2 -4 18 5 -7 19 -9 26 -11 11 12 15 -15 16 -17 -18 29 28 -21 21 -23 23 -25 -26 -27 27 -29 -30 -31
leaf_value=-0.00012351123323507389 0.0020913935532044072 -0.00051251655905901129 -0.00012351123323507389 -0.00010651120710202956 -0.00036709407107647228 0.01091046725234647 0.0012429736283373037 0.020512691456398315 0.012101460903366048 -0.00012351123323507389 -0.00012346195985612343 -0.00012351123323507389 0.00063616961228256559 0.00064945227902643142 -4.6865510604780699e-05 -0.0001368866498361575 0.00051384969223937837 0.0030464413724362485 -0.00015615254426795401 -0.00012002121309066701 -0.00012711068070774684 0.0011429097248803893 0.0014791206663214874 -0.00063992423979347408 0.0039616310924252508 -6.2145993376739809e-06 0.0013402918915102107 0.006901394308129298 7.3715029951536717e-06 0.0017105414808642749
leaf_weight=2224 235 45 602 145 232 658 362 3084 346 2917 155 535 49 101 45 75 91 235 93 95 62 117 69 41 116 71 58 128 249 170
leaf_count=2224 235 45 602 145 232 658 362 3084 346 2917 155 535 49 101 45 75 91 235 93 95 62 117 69 41 116 71 58 128 249 170
internal_value=-0.00662017 -0.0397598 -0.0101867 0.0353941 0.0398157 0.025953 0.0104258 0.0454699 0.0328776 -0.0455699 -0.041709 -0.0252894 -0.0370725 -0.00330789 -0.0166096 -0.00739796 0.0138686 0.0257937 -0.013832 0.0239547 0.00844444 0.0169444 -0.0122449 0.00540541 0.0296451 0.0132231 0.0409006 0.028877 -0.00466472 0.0353448
internal_weight=13405 7494 1231 5911 5424 1573 915 3851 767 6263 3346 1122 730 392 291 195 136 629 487 573 224 179 342 110 478 120 532 186 342 405
internal_count=13405 7494 1231 5911 5424 1573 915 3851 767 6263 3346 1122 730 392 291 195 136 629 487 573 224 179 342 110 478 120 532 186 342 405
is_linear=0
shrinkage=0.05


Tree=17
num_leaves=31
num_cat=0
split_feature=3 5 3 0 4 5 8 10 5 5 10 5 9 6 8 6 8 0 10 9 9 5 4 10 5 0 10 10 10 7
split_gain=8456.32 371.199 211.347 208.625 124.857 119.284 68.7223 57.8448 43.9064 181.946 81.7322 91.7946 71.1663 41.4279 29.2787 28.3813 25.463 24.9011 24.502 23.9577 23.8642 22.564 40.6776 22.2805 21.2636 24.2433 19.5163 19.3932 16.5655 16.5248
threshold=0.068680806846629777 14.500000000000002 1.0000000180025095e-35 458.09677419354847 0.33652962857763147 15.500000000000002 0.82048548965790546 907.08749999999998 15.500000000000002 3.5000000000000004 886.08125000000007 5.5000000000000009 -0.016126424138694709 0.96904697354198299 -0.54220184589352438 -0.78326540922535159 -0.159513159777915 224.61290322580649 916.81875000000002 0.19969739736768838 0.72399708366809723 13.500000000000002 0.59984956409750201 761.52499999999986 12.500000000000002 6.0161290322580649 758.95000000000016 940.08125000000007 936.69375000000002 -0.80926783187727869
decision_type=2 2 2 2 2 2 2 2 2 2 2 2 2 2 2 2 2 2 2 2 2 2 2 2 2 2 2 2 2 2
left_child=2 4 8 6 7 -4 15 24 9 -1 11 13 -13 23 27 -3 17 29 -19 -12 -14 -6 -23 -11 25 -2 -8 -9 -18 -17
right_child=1 3 5 -5 21 -7 26 14 -10 10 19 12 20 -15 -16 16 28 18 -20 -21 -22 22 -24 -25 -26 -27 -28 -29 -30 -31
leaf_value=-0.00011733567157332022 -8.0778123063638901e-05 -0.00027611373660574762 0.00080931673142034673 0.0067864434400717079 0.018773914130930998 -0.00011747134215368935 0.0016515941428036113 0.00012461317512364872 -0.00011733567157332022 -0.00011733567157332022 -5.3227611338126678e-05 0.0013842569173795503 -3.8984176129575925e-06 -9.4214491332713315e-05 -0.00039183594583769234 -0.00069081889761703338 0.00047505980731738352 -0.00013670366125242053 0.0005241666485867807 0.00051323552564517714 -0.00013004231734434961 0.0017980651685159999 0.012896420926908967 -0.00011703167232225672 0.00057304081617833849 0.0050542953539829145 0.00019337366287745206 0.0021631590131575315 -0.00022476698936649901 -9.0165233829354833e-05
leaf_weight=2252 40 227 212 340 3344 211 109 53 3455 477 98 59 81 70 114 40 193 94 60 60 78 129 397 163 65 656 93 53 47 145
leaf_count=2252 40 227 212 340 3344 211 109 53 3455 477 98 59 81 70 114 40 193 94 60 60 78 129 397 163 65 656 93 53 47 145
internal_value=-0.00707737 0.03575 -0.0438686 0.0125278 0.0421991 -0.00955189 0.00109019 0.026222 -0.0460038 -0.0418688 -0.025023 -0.0306781 -0.00228311 -0.0393812 0.00361991 -0.00545229 0.000431034 -0.00838235 0.00645161 0.0081761 -0.0196875 0.0462413 0.0364326 -0.0433697 0.0327428 0.0352941 0.0270936 0.0224299 0.0128631 -0.0206989
internal_weight=13415 6199 7216 1348 4851 423 1008 981 6793 3338 1086 928 218 710 220 806 579 339 154 158 159 3870 526 640 761 696 202 106 240 185
internal_count=13415 6199 7216 1348 4851 423 1008 981 6793 3338 1086 928 218 710 220 806 579 339 154 158 159 3870 526 640 761 696 202 106 240 185
is_linear=0
shrinkage=0.05


Tree=18
num_leaves=31
num_cat=0
split_feature=3 3 3 5 5 1 7 8 7 5 5 5 6 1 1 2 6 8 6 4 9 1 7 4 5 3 4 5 1 6
split_gain=8295.39 381.508 190.458 180.888 134.853 94.0712 85.2616 62.5501 59.9081 45.1079 184.883 46.3966 66.5089 39.5343 27.0518 27.276 23.5986 21.644 19.5245 19.0024 18.5413 18.4545 17.9709 22.1057 17.7309 42.0146 20.057 17.127 14.9422 12.2812
threshold=0.068680806846629777 0.38556980421204667 1.0000000180025095e-35 13.500000000000002 15.500000000000002 97.241935483870989 -0.5129677127369543 -0.16693488597178294 0.011826144619637555 15.500000000000002 3.5000000000000004 5.5000000000000009 -0.48314718476766422 14.016129032258066 21.016129032258068 970.39516129032268 0.95998215779580554 0.89693165594635726 0.3261394409934788 0.092684032119365656 0.71953727073011831 97.435483870967758 -0.15950993297387572 0.58285214922804007 13.500000000000002 0.45371022144492212 0.79138191156349325 11.500000000000002 99.82258064516131 -0.90163369914317015
decision_type=2 2 2 2 2 2 2 2 2 2 2 2 2 2 2 2 2 2 2 2 2 2 2 2 2 2 2 2 2 2
left_child=2 3 9 6 19 24 18 14 -9 10 -1 13 -13 17 15 -5 -15 -12 -2 -4 -14 -8 23 27 -3 26 -26 -7 -10 -16
right_child=1 5 4 7 -6 22 21 8 28 -11 11 12 20 16 29 -17 -18 -19 -20 -21 -22 -23 -24 -25 25 -27 -28 -29 -30 -31
leaf_value=-0.00011146888799465421 -4.4154683366952331e-05 0.01914631050307021 0.00018155662952601474 -8.5656972137887098e-05 -0.0001115977750460049 0.0019378454641215404 0.0079584915590800009 -5.4164044594938499e-05 0.0015669413674916908 -0.00011146888799465421 -4.6130953658337894e-05 0.0008744468905935468 -1.1878184715720733e-05 -0.00011146888799465421 -0.00097994552688178763 0.00061368428526778658 -7.2465962596873594e-05 -0.00012269032542910067 0.0014351522593635563 0.0037267988714595815 -0.00012354020147713215 0.0031008489928654962 0.0067899489452509692 0.013414250583964355 -0.00022707325774590573 0.0096881325135934684 0.002469141304876982 -0.0021031612930715433 4.4393932565665356e-05 -0.00023660158959512985
leaf_weight=2227 170 2797 173 95 212 83 611 256 251 3446 186 69 60 600 59 52 55 41 137 45 71 147 358 40 70 694 69 64 50 273
leaf_count=2227 170 2797 173 95 212 83 611 256 251 3446 186 69 60 600 59 52 55 41 137 45 71 147 358 40 70 694 69 64 50 273
internal_value=-0.00721661 0.0347778 -0.0438979 0.0173882 -0.0116009 0.0435225 0.031848 0.00250723 0.0138889 -0.0459517 -0.0417372 -0.0247461 -0.00298507 -0.0296716 -0.0107292 0.00709459 -0.0358994 -0.0116228 0.00957792 0.0159817 -0.0238636 0.0408432 0.0240842 0.0114362 0.0464335 0.0398681 0.0146429 0.00236486 0.0289735 -0.0186186
internal_weight=13461 6276 7185 2101 430 4175 1065 1036 557 6755 3309 1082 200 882 479 147 655 227 307 218 131 758 545 187 3630 833 139 147 301 332
internal_count=13461 6276 7185 2101 430 4175 1065 1036 557 6755 3309 1082 200 882 479 147 655 227 307 218 131 758 545 187 3630 833 139 147 301 332
is_linear=0
shrinkage=0.05


Tree=19
num_leaves=31
num_cat=0
split_feature=3 3 3 5 5 1 10 10 6 5 5 10 5 9 1 0 3 5 9 6 3 6 4 6 10 0 5 10 5 0
split_gain=8088.38 361.452 235.944 156.976 115.172 90.7652 81.5897 53.3041 50.75 46.4805 189.12 85.9289 85.8854 46.682 40.012 39.7951 36.9672 36.3029 90.3459 53.1877 31.7417 29.9294 26.8534 26.6017 24.5604 24.5535 21.4891 19.612 17.7978 67.6
threshold=0.078610432266089436 0.38556980421204667 1.0000000180025095e-35 14.500000000000002 15.500000000000002 93.919354838709694 901.21249999999998 670.57500000000005 -0.082689790342551819 15.500000000000002 3.5000000000000004 771.10625000000016 5.5000000000000009 0.72399708366809723 99.82258064516131 315.04838709677426 0.12307490891423363 4.5000000000000009 -0.34234976856068178 -0.18492532721306487 0.15985533782389363 0.94425825643485939 0.072346930293594444 0.29342972903661901 926.56250000000011 1.145161290322581 12.500000000000002 837.30000000000007 13.500000000000002 471.79032258064518
decision_type=2 2 2 2 2 2 2 2 2 2 2 2 2 2 2 2 2 2 2 2 2 2 2 2 2 2 2 2 2 2
left_child=2 3 9 6 22 28 14 8 -5 10 -1 12 21 -14 -2 16 27 18 -13 -20 -18 -12 25 -8 -25 -4 -7 -9 -3 -30
right_child=1 5 4 7 -6 26 23 15 -10 -11 11 17 13 -15 -16 -17 20 -19 19 -21 -22 -23 -24 24 -26 -27 -28 -29 29 -31
leaf_value=-0.00010589544359492149 0.0060491745286024162 0.018315800879444104 0.00048392240261327938 -0.00021907188830355974 -0.00010601788629370464 0.0081545449162974161 -0.00027837705278115353 -7.436925625701583e-05 0.0014896837737884304 -0.00010589544359492149 -0.00010589544359492149 -0.00010893567387923051 7.257232618568756e-05 -0.00011736319140327555 0.0015923779624910845 0.0004390346057221127 -0.00071397902398191943 0.00027052880641898868 -4.4016735363973016e-05 0.00054585834006550525 -0.00014361839767486619 -8.5277416943826175e-05 0.0028084062861715334 7.582814640437058e-05 0.0025529507572177204 -0.00051335138287701904 0.0023484305071684421 5.5603154099445663e-05 0.00086132838242825027 0.0097540868655634841
leaf_weight=2217 781 2629 117 81 240 453 137 42 166 3398 482 137 120 66 123 171 98 108 58 71 239 50 68 80 73 63 220 58 157 626
leaf_count=2217 781 2629 117 81 240 453 137 42 166 3398 482 137 120 66 123 171 98 108 58 71 239 50 68 80 73 63 220 58 157 626
internal_value=-0.00744561 0.0347351 -0.0434061 0.0175854 -0.00981595 0.0433309 0.0292887 0.00122664 0.0207661 -0.0458482 -0.0415861 -0.0245197 -0.0346314 -0.00534759 0.0366851 -0.00673235 -0.014726 -0.00506667 -0.0149813 0.015 -0.0226331 -0.0448405 0.0140562 0.00618557 0.0204545 0.0038674 0.0264837 0.0118812 0.0466452 0.0398597
internal_weight=13329 6134 7195 2049 488 4085 1194 855 247 6707 3309 1092 718 186 904 608 437 374 266 129 337 532 248 290 153 180 673 100 3412 783
internal_count=13329 6134 7195 2049 488 4085 1194 855 247 6707 3309 1092 718 186 904 608 437 374 266 129 337 532 248 290 153 180 673 100 3412 783
is_linear=0
shrinkage=0.05


Tree=20
num_leaves=31
num_cat=0
split_feature=3 3 3 5 5 1 10 10 6 5 5 10 5 9 9 5 6 6 8 4 4 10 3 6 8 7 5 4 4 1
split_gain=7877.16 349.52 242.013 186.784 118.997 88.758 88.5849 74.3766 46.9146 46.7605 192.31 80.3645 79.2039 45.6101 40.9306 80.1751 37.5172 35.9614 34.4004 31.8554 30.7837 26.2619 40.1266 25.9922 25.3329 25.6093 24.536 28.4978 19.2764 19.0631
threshold=0.083857202575958897 0.43558432382747397 1.0000000180025095e-35 13.500000000000002 15.500000000000002 87.82258064516131 897.08749999999998 638.06250000000011 -0.082689790342551819 15.500000000000002 3.5000000000000004 761.52499999999986 5.5000000000000009 0.74299920719979395 0.1318557721318592 4.5000000000000009 0.96904697354198299 -0.90163369914317015 -0.66528308454101848 0.072346930293594444 0.056651562568230139 489.18124999999992 0.029505470076573091 -0.18492532721306487 -0.54220184589352438 -0.61915584096709908 12.500000000000002 0.57421139798868037 0.73516571015384347 94.661290322580655
decision_type=2 2 2 2 2 2 2 2 2 2 2 2 2 2 2 2 2 2 2 2 2 2 2 2 2 2 2 2 2 2
left_child=2 3 9 6 19 -3 20 8 28 10 -1 12 16 -14 15 18 -12 -9 -13 21 -2 -4 -23 -16 -8 -26 -7 -28 -5 -22
right_child=1 5 4 7 -6 26 24 17 -10 -11 11 14 13 -15 23 -17 -18 -19 -20 -21 29 22 -24 -25 25 -27 27 -29 -30 -31
leaf_value=-0.00010060067141517542 0.00021065553329061015 0.016100039493385104 0.0018619513434592089 -0.00031860106157401147 -9.9602408225316248e-05 0.0091394202344368819 0.001585375637393957 -0.00059690245608871699 0.0026575647227678797 -0.00010060067141517542 -0.00010060067141517542 -1.855804796728985e-05 7.0752788485176581e-05 -0.00011149503183311175 -4.4188859164069658e-06 0.00026773570754990995 2.1237787284876262e-05 1.3871524490186028e-06 -0.00010497341370039897 0.0026118939005116853 0.0091395415437808825 0.00053727507747857242 -0.00070708208069133614 0.00072370792236545363 -0.00034645568256790814 0.0014671567456786751 2.0597051548150449e-05 0.0091765380011017954 0.0012987532382786702 0.0051755469093165063
leaf_weight=2242 55 2949 45 88 248 522 149 166 223 3390 474 61 122 65 44 117 41 575 129 69 743 67 83 46 110 48 141 98 40 185
leaf_count=2242 55 2949 45 88 248 522 149 166 223 3390 474 61 122 65 44 117 41 575 129 69 743 67 83 46 110 48 141 98 40 185
internal_value=-0.00805714 0.0338421 -0.0432979 0.0188838 -0.0101365 0.0434384 0.0317583 0.00365965 0.0225852 -0.0458185 -0.0415769 -0.0244091 -0.0345661 -0.00664894 -0.00640704 -0.0150974 -0.0446705 -0.00532345 -0.0350785 0.0132075 0.0390752 0.00280612 -0.00728477 0.0230769 0.00827922 -0.00566038 0.0281496 0.0147917 -0.00155039 0.0412271
internal_weight=13335 6092 7243 2382 512 3710 1290 1092 351 6731 3341 1099 702 187 397 307 515 741 190 264 983 195 150 90 307 158 761 239 128 928
internal_count=13335 6092 7243 2382 512 3710 1290 1092 351 6731 3341 1099 702 187 397 307 515 741 190 264 983 195 150 90 307 158 761 239 128 928
is_linear=0
shrinkage=0.05


Tree=21
num_leaves=31
num_cat=0
split_feature=3 3 5 3 5 5 4 10 4 5 3 5 5 10 5 10 9 5 6 6 4 4 6 6 7 5 3 3 10 7
split_gain=7647.14 419.949 170.538 163.937 107.389 93.8505 83.3814 56.1676 49.8144 44.625 59.5857 43.6006 179.314 75.2692 76.2787 40.4837 37.1906 85.81 48.1223 31.1505 31.0492 30.569 29.5785 28.7127 26.1985 24.7085 21.4768 33.5529 24.3862 20.8671
threshold=0.049582511625545785 0.38556980421204667 13.500000000000002 1.0000000180025095e-35 6.5000000000000009 15.500000000000002 0.47010117781311711 672.56875000000002 0.7953963499883544 13.500000000000002 0.5055939550678028 15.500000000000002 3.5000000000000004 771.10625000000016 5.5000000000000009 498.5499999999999 -0.14250536273956091 4.5000000000000009 -0.21861968191509915 -0.69057362043749781 0.049977369860469807 0.072346930293594444 -0.13398594226331254 0.95998215779580554 -0.88220415136009767 12.500000000000002 0.21266665233249651 0.12307490891423363 783.93124999999975 -0.13398942717002907
decision_type=2 2 2 2 2 2 2 2 2 2 2 2 2 2 2 2 2 2 2 2 2 2 2 2 2 2 2 2 2 2
left_child=3 2 4 11 21 -5 25 8 22 -8 19 12 -1 14 23 -16 17 -15 -18 -11 -6 -2 -4 -14 -23 29 27 28 -9 -3
right_child=1 6 7 5 20 -7 9 26 -10 10 -12 -13 13 16 15 -17 18 -19 -20 -21 -22 24 -24 -25 -26 -27 -28 -29 -30 -31
leaf_value=-9.5570637844416643e-05 -0.00038820800711485208 0.0022925974783619646 -0.00025412764997201977 0.00060346499670726268 0.00085106098286188568 -9.5896344460602326e-05 0.016554903875565519 -8.510587426835398e-05 0.0014091002690158312 -0.00043953279370397285 0.0092091762054529788 -9.5570637844416643e-05 -9.5570637844416643e-05 -9.9237883811762774e-05 -0.00010592028024145617 6.7644139380786729e-05 -2.1108069049389536e-05 0.0002809144799131337 0.00057015992688398719 0.0021806305226573482 0.0079414949373862783 -7.0021537460564226e-05 0.0013639763319079263 -7.0186757961038885e-05 0.0011564783266647921 0.001188659938588685 -4.0082526524362618e-06 -0.00048974298532290003 3.4020699594808052e-05 0.0091381690286707461
leaf_weight=2236 78 130 122 169 55 159 2647 49 137 88 513 3389 488 161 69 111 49 113 59 212 603 136 136 46 273 165 353 175 95 334
leaf_count=2236 78 130 122 169 55 159 2647 49 137 88 513 3389 488 161 69 111 49 113 59 212 603 136 136 46 273 165 353 175 95 334
internal_value=-0.00850124 0.0315217 0.0139629 -0.0442766 0.027356 -0.00972644 0.0410147 -0.000421348 0.0145202 0.0440624 0.0337224 -0.045961 -0.0418542 -0.0252507 -0.0348252 -0.00662983 -0.0073107 -0.0170909 0.0174312 0.0159468 0.0405159 0.00952869 0.0015444 -0.0442991 0.015 0.0242063 -0.00921248 -0.0185938 -0.000689655 0.0301075
internal_weight=13350 6301 2212 7049 1145 328 4089 1067 395 3460 813 6721 3332 1096 714 180 382 274 108 300 658 487 258 534 409 629 672 319 144 464
internal_count=13350 6301 2212 7049 1145 328 4089 1067 395 3460 813 6721 3332 1096 714 180 382 274 108 300 658 487 258 534 409 629 672 319 144 464
is_linear=0
shrinkage=0.05


Tree=22
num_leaves=31
num_cat=0
split_feature=3 3 3 5 5 1 5 8 10 5 5 7 5 7 5 7 8 1 7 0 5 6 10 1 6 10 0 0 1 6
split_gain=7690.26 337.719 243.041 193.459 97.1662 92.7907 87.6628 61.8085 61.5703 42.0517 173.81 93.5971 86.2969 62.5987 115.235 55.4311 45.0794 37.3846 30.0892 26.4171 41.8479 25.2798 24.8857 24.6829 22.1372 29.455 20.9789 20.1809 17.7005 16.5428
threshold=0.083857202575958897 0.43938570882288247 1.0000000180025095e-35 13.500000000000002 15.500000000000002 96.56451612903227 6.5000000000000009 -0.26762993667585538 761.02499999999986 15.500000000000002 3.5000000000000004 -0.65883892954715351 5.5000000000000009 0.1318557721318592 4.5000000000000009 0.69521084835931835 0.3744682635859638 88.306451612903246 -0.57782411410281842 565.43548387096791 12.500000000000002 -0.90163369914317015 734.1812500000002 86.725806451612911 0.29342972903661901 932.16250000000002 311.12903225806457 585.66129032258073 98.82258064516131 -0.93545489084327571
decision_type=2 2 2 2 2 2 2 2 2 2 2 2 2 2 2 2 2 2 2 2 2 2 2 2 2 2 2 2 2 2
left_child=2 3 9 6 18 19 24 21 28 10 -1 16 13 14 -13 -14 -12 -8 -4 20 -3 -5 -7 -20 25 -2 -23 -24 -9 -22
right_child=1 5 4 7 -6 22 17 8 -10 -11 11 12 15 -15 -16 -17 -18 -19 23 -21 29 26 27 -25 -26 -27 -28 -29 -30 -31
leaf_value=-9.0792105952195809e-05 0.00079000849079635541 0.011811884538568252 -0.00033730724703370102 -0.0010145109003417945 -8.7486867833583826e-05 0.007867817504495514 0.010250079694784035 0.0017435808519941131 -4.4692633182987289e-05 -9.0792105952195809e-05 0.00063635207651650946 -9.3375853652189416e-05 0.0011905093313728148 -9.0792105952195809e-05 0.00052181980083458362 -5.6143836187571436e-05 -3.2249153719691811e-05 0.004576198461124544 0.0015476771040246863 0.016216174559034104 0.00064304657177861749 -0.00019356925500413555 0.00089851972076070716 -0.00022521769226103788 0.0011675908197604586 -0.00043198625188436323 0.00044307255726900311 0.01234249120965096 0.0001418036052940247 0.003437576633712228
leaf_weight=2245 114 899 41 64 250 198 627 279 300 3417 58 166 53 522 81 153 59 315 143 1926 64 293 219 73 211 112 113 63 59 278
leaf_count=2245 114 899 41 64 250 198 627 279 300 3417 58 166 53 522 81 153 59 315 143 1926 64 293 219 73 211 112 113 63 59 278
internal_value=-0.00873022 0.0324857 -0.0435486 0.0182677 -0.0101378 0.0421738 0.0307609 0.00270514 0.0128326 -0.0460548 -0.0420162 -0.0256176 -0.0306865 -0.0383766 -0.0175403 -0.00193237 0.0165254 0.0393425 0.0114341 0.0452809 0.0394928 -0.0110403 0.0216216 0.018894 0.0122146 0.00132159 -0.00638821 0.0120141 0.0274336 0.0244898
internal_weight=13395 6134 7261 2487 507 3647 1379 1108 638 6754 3337 1092 975 769 247 206 117 942 257 3167 1241 470 480 216 437 226 406 282 338 342
internal_count=13395 6134 7261 2487 507 3647 1379 1108 638 6754 3337 1092 975 769 247 206 117 942 257 3167 1241 470 480 216 437 226 406 282 338 342
is_linear=0
shrinkage=0.05


Tree=23
num_leaves=31
num_cat=0
split_feature=3 0 3 5 5 5 7 1 5 5 7 5 5 8 9 7 5 8 8 0 3 3 4 2 2 2 4 4 7 7
split_gain=7485.15 332.574 267.039 234.56 88.5032 86.5709 53.8366 48.9011 44.8592 183.281 89.7294 142.381 56.2798 75.4244 52.5858 49.4514 35.5046 35.4905 30.1429 27.0842 40.4854 31.4679 26.3517 25.4321 21.9001 24.4462 20.399 18.5878 17.7238 15.7218
threshold=0.083857202575958897 410.14516129032262 1.0000000180025095e-35 12.500000000000002 6.5000000000000009 15.500000000000002 0.57605713708605399 94.40322580645163 15.500000000000002 3.5000000000000004 0.04621408538533487 5.5000000000000009 4.5000000000000009 -0.63172727744526391 -0.016126424138694709 -0.81925291736142503 15.500000000000002 0.57075747273004163 -0.159513159777915 215.77419354838713 0.12307490891423363 0.1630652716949948 0.54744344683582147 970.45000000000016 963.67903225806458 961.47903225806465 0.74877653895864404 0.84171899494526559 -0.70900320270980455 -0.21862536810265826
decision_type=2 2 2 2 2 2 2 2 2 2 2 2 2 2 2 2 2 2 2 2 2 2 2 2 2 2 2 2 2 2
left_child=2 3 8 4 23 17 19 -6 9 -1 12 -12 13 28 -13 -15 22 29 26 20 -5 -22 -3 -2 25 -9 -8 -21 -11 -4
right_child=1 16 5 6 7 -7 18 24 -10 10 11 14 -14 15 -16 -17 -18 -19 -20 27 21 -23 -24 -25 -26 -27 -28 -29 -30 -31
leaf_value=-8.6252500654586026e-05 0.00026498249879897893 0.0061645538624317724 -0.00016456248447082323 3.0407031015738506e-05 0.0083851741002937547 -7.8656145677473421e-05 -0.00016980339556087396 0.0037819412479517256 -8.6252500654586026e-05 0.00066515589508588709 -8.6252500654586026e-05 0.0011326512463169448 0.00077976453044772953 1.3600940350853485e-05 -5.8279699282063477e-05 -9.5926133753290239e-05 0.0013769413619476409 -0.00035473448327674116 0.0029285389705013907 -0.00012694530718409535 -0.00064414920607710157 -0.00027641012187668777 0.014781473583405548 0.0022918884671117379 0.0055772782874641746 -0.0014702228101632548 0.0015699072054816583 0.00035427289975998211 2.9148037930790995e-05 0.001883767525384603
leaf_weight=2218 386 150 41 91 1011 253 175 141 3431 44 565 60 65 48 139 120 168 78 254 320 95 111 2664 50 221 57 41 160 41 142
leaf_count=2218 386 150 41 91 1011 253 175 141 3431 44 565 60 65 48 139 120 168 78 254 320 95 111 2664 50 221 57 41 160 41 142
internal_value=-0.00894985 0.0318816 -0.0432998 0.0204399 0.0316551 -0.00854369 0.00364583 0.037666 -0.0459522 -0.0417449 -0.0248384 -0.0341176 -0.00250784 -0.013189 0.00225 -0.0325444 0.043815 0.0116412 0.0169851 -0.00443445 -0.0162752 -0.0285024 0.045151 0.0118993 0.0232143 0.0110553 0.00322581 0.0029106 0.025 0.0236413
internal_weight=13340 6095 7245 3113 1866 514 1247 1430 6731 3300 1082 764 318 253 199 168 2982 261 470 777 297 206 2814 436 419 198 216 480 85 183
internal_count=13340 6095 7245 3113 1866 514 1247 1430 6731 3300 1082 764 318 253 199 168 2982 261 470 777 297 206 2814 436 419 198 216 480 85 183
is_linear=0
shrinkage=0.05


Tree=24
num_leaves=31
num_cat=0
split_feature=3 5 3 4 0 5 10 1 5 5 10 5 9 4 10 4 9 5 1 5 3 2 9 5 10 3 0 2 0 2
split_gain=7367.65 345.377 272.273 172.395 125.323 85.4658 72.7034 76.211 45.3805 183.983 70.9822 93.4321 39.6553 38.1862 34.2408 45.0122 32.3781 47.0612 29.4213 31.4745 27.5973 23.1769 23.1009 45.0082 22.7705 27.4906 21.4125 18.2466 18.0752 17.2789
threshold=0.098757732244356744 14.500000000000002 1.0000000180025095e-35 0.51636080218105107 508.91935483870969 15.500000000000002 897.08749999999998 96.016129032258078 15.500000000000002 3.5000000000000004 838.02500000000009 5.5000000000000009 0.6952237066490784 0.092684032119365656 863.22500000000002 0.77705963923963706 -0.039769286347669845 4.5000000000000009 64.693548387096783 13.500000000000002 0.036656493447867415 963.67903225806458 -0.82413948779581736 4.5000000000000009 919.78125000000011 0.21772807770902966 17.112903225806456 960.90806451612912 395.40322580645164 969.68548387096791
decision_type=2 2 2 2 2 2 2 2 2 2 2 2 2 2 2 2 2 2 2 2 2 2 2 2 2 2 2 2 2 2
left_child=2 3 8 6 14 13 7 26 9 -1 11 22 -13 20 15 -3 17 -12 -5 -20 -4 27 23 -11 -16 -26 -2 -9 -21 -8
right_child=1 4 5 18 -6 -7 29 21 -10 10 16 12 -14 -15 24 -17 -18 -19 19 28 -22 -23 -24 -25 25 -27 -28 -29 -30 -31
leaf_value=-8.1939875621856722e-05 0.00047288054250966757 -9.104178224461496e-05 0.00059464335296216812 0.01472861178825703 0.0043593255207438871 -8.1299697373958611e-05 0.00019062983552760594 0.00224539690468768 -8.1939875621856722e-05 -8.9261896308622223e-05 -8.5721832944221437e-05 7.0164055982705126e-05 -9.4903089455901626e-05 0.0020449646093373907 -0.00038770257647443955 0.00070670213153373608 0.00025959465929068957 0.00018570957686175408 0.011138665946992345 -0.00046295940746948208 -0.00042028556889066906 0.0044644310213333843 -8.1939875621856722e-05 0.00020178953935336141 -0.00038411142624615401 0.000335638120577849 0.0067788757113992461 -0.0022874576096392151 0.0075199654825761483 0.0021748672427640671
leaf_weight=2211 42 329 102 2230 293 290 362 167 3411 66 116 122 77 79 179 259 81 70 623 53 114 221 503 55 85 180 848 79 82 71
leaf_count=2211 42 329 102 2230 293 290 362 167 3411 66 116 122 77 79 179 259 81 70 623 53 114 221 503 55 85 180 848 79 82 71
internal_value=-0.00915603 0.0313811 -0.0430597 0.0376439 0.00878582 -0.0103242 0.025349 0.0310383 -0.0459109 -0.0416869 -0.0248396 -0.0320995 -0.00225 0.00861486 0.000580833 0.00848896 -0.00242537 -0.0139037 0.0449983 0.0363636 -0.00230415 0.0146368 -0.0416 -0.0217213 -0.00988764 -0.00056391 0.0396184 0.00404858 0.0143382 0.00748848
internal_weight=13400 6103 7297 4778 1325 585 1790 1357 6712 3301 1090 823 199 295 1032 588 267 186 2988 758 216 467 624 121 444 265 890 246 135 433
internal_count=13400 6103 7297 4778 1325 585 1790 1357 6712 3301 1090 823 199 295 1032 588 267 186 2988 758 216 467 624 121 444 265 890 246 135 433
is_linear=0
shrinkage=0.05


Tree=25
num_leaves=31
num_cat=0
split_feature=0 5 0 5 0 1 5 0 6 5 5 10 5 4 5 9 6 1 10 6 5 5 8 9 10 2 0 5 10 6
split_gain=6542.29 587.087 286.338 401.721 143.77 135.805 76.4894 60.2812 52.4903 44.9599 192.943 55.6193 97.5056 41.5532 40.7583 79.5302 50.299 39.2675 38.1206 35.8297 30.5881 29.9967 28.3161 28.2575 26.9706 23.4628 22.9961 20.9152 28.2567 23.2236
threshold=45.62903225806452 14.500000000000002 1.0000000180025095e-35 14.500000000000002 508.91935483870969 97.435483870967758 6.5000000000000009 173.241935483871 -0.82415615971448097 16.500000000000004 3.5000000000000004 761.52499999999986 5.5000000000000009 0.11123312210229887 4.5000000000000009 -0.34234976856068178 0.30983042691905771 62.693548387096783 880.98124999999982 0.94425825643485939 12.500000000000002 12.500000000000002 -0.030099068566675755 -0.016126424138694709 489.18124999999992 967.1532258064517 576.43548387096791 17.500000000000004 916.81875000000002 -0.065535378769913874
decision_type=2 2 2 2 2 2 2 2 2 2 2 2 2 2 2 2 2 2 2 2 2 2 2 2 2 2 2 2 2 2
left_child=2 5 9 13 7 6 -2 -3 -9 10 -1 12 19 24 15 -13 -17 -8 -10 -12 25 -19 -16 -14 -4 -7 -23 28 -20 -30
right_child=1 4 3 -5 -6 20 17 8 18 -11 11 14 23 -15 22 16 -18 21 27 -21 -22 26 -24 -25 -26 -27 -28 -29 29 -31
leaf_value=-7.7842881840763881e-05 0.00076418821084829342 -7.7546666518617688e-05 0.0019661785368501375 -7.7842881840763881e-05 0.0037837541770237211 0.003879275713373001 0.013459875936784816 -0.00041649078828549514 0.00086191233103268504 -7.7842881840763881e-05 -7.7842881840763881e-05 -8.1435741297010357e-05 0.00044069025944040632 0.0014623696277103332 -6.4293142765069775e-05 -4.1901757378225705e-05 0.00042534811632057804 0.0099971066591292203 -0.00045875470995975013 -6.0331946288798889e-05 -0.00021952831780525095 0.0021575935049372055 0.00045758158776224755 -5.5542335918757469e-05 -0.00019912970266181275 0.0077371181198826779 0.0095096413946068915 -0.00044867141045822122 -0.00015789419734924884 0.00056578188738972833
leaf_weight=2205 225 475 63 552 295 281 2507 155 346 2900 470 152 52 243 40 81 64 798 77 46 175 229 70 146 271 138 90 40 60 95
leaf_count=2205 225 475 63 552 295 281 2507 155 346 2900 470 152 52 243 40 81 64 798 77 46 175 229 70 146 271 138 90 40 60 95
internal_value=-0.0096125 0.0291966 -0.0411977 -0.0180088 0.00262306 0.0384226 0.0418571 -0.00480384 0.00381137 -0.0453991 -0.0413886 -0.0244652 -0.0328671 0.0111592 -0.00968137 -0.0192953 0.00719178 0.0436138 0.0103393 -0.044294 0.0161345 0.0357335 0.0162162 -0.00301508 -0.000298507 0.0234524 0.0226563 -0.003663 0.00214592 0.0144231
internal_weight=13341 5986 7355 1129 1543 4443 3849 1248 773 6226 3326 1121 714 577 407 297 145 3624 618 516 594 1117 110 198 334 419 319 272 232 155
internal_count=13341 5986 7355 1129 1543 4443 3849 1248 773 6226 3326 1121 714 577 407 297 145 3624 618 516 594 1117 110 198 334 419 319 272 232 155
is_linear=0
shrinkage=0.05


Tree=26
num_leaves=31
num_cat=0
split_feature=3 0 5 5 3 5 5 5 7 5 9 5 8 1 7 8 0 1 8 10 10 0 3 3 10 10 2 10 2 2
split_gain=7099.48 505.185 312.516 114.705 60.1511 57.1144 48.5896 191.052 81.3744 117.35 66.3445 62.5471 76.0484 48.1368 47.2033 42.626 40.7543 39.0555 35.5952 32.6172 27.4687 26.5449 21.6163 46.0204 27.9212 23.2316 20.8012 27.1102 18.6368 18.0959
threshold=0.0057225854031287974 399.22580645161298 12.500000000000002 6.5000000000000009 0.15985533782389363 14.500000000000002 16.500000000000004 3.5000000000000004 -0.039769286347669845 5.5000000000000009 -0.18704161936942101 4.5000000000000009 -0.65801756253613375 88.306451612903246 -0.86548532668110156 -0.26762993667585538 616.43548387096791 64.693548387096783 0.97650828179861848 761.02499999999986 941.01250000000016 26.725806451612907 0.12307490891423363 0.073590990344619842 828.71874999999989 699.65000000000009 964.99838709677431 558.45000000000005 963.55645161290329 967.91451612903245
decision_type=2 2 2 2 2 2 2 2 2 2 2 2 2 2 2 2 2 2 2 2 2 2 2 2 2 2 2 2 2 2
left_child=6 2 3 18 22 17 7 -1 11 -10 -11 12 -9 -5 -14 20 -7 -3 -2 -17 26 -15 23 -4 -25 -24 -6 -28 -23 -19
right_child=1 5 4 13 15 16 -8 8 9 10 -12 -13 14 21 -16 19 -18 29 -20 -21 -22 28 25 24 -26 -27 27 -29 -30 -31
leaf_value=-7.3950737748725698e-05 0.00038307330303838757 0.013752647258544515 -7.1241395756986093e-05 0.0063257215943940855 -0.00097786985977994421 0.0013251377905991873 -7.3950737748725698e-05 0.00020812863322085905 -7.3950737748725698e-05 0.0016831140287031699 -7.3669333192686809e-05 0.00078025751159168364 2.4231522761522864e-05 -6.7744116386787842e-05 -8.3998234271514925e-05 0.0020561818742638352 0.0067793040986823599 0.0074326011678424626 -0.00052692726959714111 -4.9564614845952656e-05 0.00057695255599047039 0.0028469222630091401 -3.4152028662322659e-05 -3.8415394484296043e-05 6.8137254527196061e-05 -0.00053868312192305963 0.0011283973964630685 -0.00029650052887150377 0.0052479721621323102 0.011302736713573054
leaf_weight=2227 511 1945 191 922 152 306 3432 79 575 52 201 57 55 92 119 317 133 411 44 206 49 230 40 68 75 100 66 178 272 273
leaf_count=2227 511 1945 191 922 152 306 3432 79 575 52 201 57 55 92 119 317 133 411 44 206 49 230 40 68 75 100 66 178 272 273
internal_value=-0.00993348 0.0270814 0.0141292 0.0265685 -0.0037422 0.0419029 -0.0457708 -0.0414587 -0.0247586 -0.0329312 -0.00452756 -0.00289389 -0.0135827 0.0336849 -0.032 0.00340557 0.0251136 0.0446958 0.00710432 0.0130725 -0.00795964 0.022521 -0.0183158 -0.0113433 0.0100694 -0.0347518 -0.0123426 -0.00326531 0.0270378 0.0343066
internal_weight=13378 6581 3513 2071 1442 3068 6797 3365 1138 828 253 310 253 1516 174 968 439 2629 555 523 445 594 474 334 143 140 396 244 502 684
internal_count=13378 6581 3513 2071 1442 3068 6797 3365 1138 828 253 310 253 1516 174 968 439 2629 555 523 445 594 474 334 143 140 396 244 502 684
is_linear=0
shrinkage=0.05


Tree=27
num_leaves=31
num_cat=0
split_feature=3 0 5 3 5 0 5 1 0 5 5 7 5 7 5 6 3 10 0 0 7 6 10 6 10 10 10 2 6 2
split_gain=6795.07 406.5 211.739 145.629 100.694 67.9087 80.7057 66.1453 55.2844 43.3169 179.509 80.4067 98.3812 72.5529 86.2544 57.8181 39.1612 34.9304 33.5015 32.662 34.3689 30.0129 28.4026 26.9908 26.3952 25.7699 18.4076 18.2009 17.4866 17.0562
threshold=0.049582511625545785 399.22580645161298 13.500000000000002 1.0000000180025095e-35 6.5000000000000009 589.38709677419376 13.500000000000002 88.306451612903246 16.096774193548391 15.500000000000002 3.5000000000000004 -0.75581183015052977 5.5000000000000009 0.080547328232315238 4.5000000000000009 -0.46801505794253101 0.73117619292357661 819.36874999999986 261.00000000000006 6.0161290322580649 -0.8901731938066898 -0.18492532721306487 953.11874999999998 0.63920241694561786 603.59375 913.375 479.71249999999986 965.23064516129045 0.022575936829235418 963.61774193548399
decision_type=2 2 2 2 2 2 2 2 2 2 2 2 2 2 2 2 2 2 2 2 2 2 2 2 2 2 2 2 2 2
left_child=3 2 4 9 19 6 16 22 -5 10 -1 21 13 14 -13 -14 -3 -8 23 -2 -21 -12 -6 26 -20 -19 -4 -27 -10 -9
right_child=1 5 18 8 7 -7 17 29 28 -11 11 12 15 -15 -16 -17 -18 25 24 20 -22 -23 -24 -25 -26 27 -28 -29 -30 -31
leaf_value=-7.02532008612894e-05 -0.0007215663569862731 0.010919588122158957 0.00065422488300536936 0.00028154641570856331 0.0071395992904910782 0.012806677955776169 0.003272612106935763 0.0016790513173268184 -7.3905340601276612e-05 -7.02532008612894e-05 -1.1967922817062663e-05 -7.1078432345529548e-05 0.0011415246395110813 -7.02532008612894e-05 0.00057027077446052436 -6.5627782032769908e-05 0.0014418020599990091 -0.00084280082348285471 0.0039508779342362207 -0.00025144717370580996 0.00075222196911383656 0.00058758666292823159 -0.00039716700116634862 2.6378198230070719e-05 0.00010732050819739215 -0.00029579796680149762 -0.00013318335729132873 0.001586177084673271 -3.32890427757424e-05 0.0040218483080532094
leaf_weight=2244 44 735 50 168 873 1795 172 307 79 3402 45 180 75 539 73 131 71 112 92 133 329 47 41 199 359 41 466 81 76 334
leaf_count=2244 44 735 50 168 873 1795 172 307 79 3402 45 180 75 539 73 131 71 112 92 133 329 47 41 199 359 41 466 81 76 334
internal_value=-0.0108207 0.0272173 0.0148854 -0.0444122 0.024515 0.0404422 0.0312448 0.0308162 -0.0115741 -0.0459849 -0.0418891 -0.0252062 -0.0293293 -0.0373266 -0.0151575 0.00144928 0.0403965 0.0130221 -0.00214225 0.00512821 0.00907127 0.0193548 0.0394536 -0.00886872 0.0085177 0.000425532 -0.0148936 0.0162602 -0.0330128 0.0184579
internal_weight=13293 6234 3227 7059 2061 3007 1212 1555 323 6736 3334 1090 998 792 253 206 806 406 1166 506 462 92 914 715 451 234 516 122 155 641
internal_count=13293 6234 3227 7059 2061 3007 1212 1555 323 6736 3334 1090 998 792 253 206 806 406 1166 506 462 92 914 715 451 234 516 122 155 641
is_linear=0
shrinkage=0.05


Tree=28
num_leaves=31
num_cat=0
split_feature=3 0 5 4 10 0 0 5 5 5 7 5 6 5 8 10 7 7 6 5 0 4 8 8 8 7 6 7 6 6
split_gain=6838.29 532.19 284.959 124.235 60.157 56.8887 55.6914 58.1567 47.6645 186.968 86.8172 110.529 69.9169 53.1779 73.8653 43.8708 42.7699 41.3076 36.3047 30.5022 29.9021 25.1458 23.2948 20.4749 19.5319 28.1955 17.4228 17.1648 16.0812 16.1892
threshold=0.0057225854031287974 413.69354838709683 13.500000000000002 0.21981608440680547 897.08749999999998 89.774193548387117 589.38709677419376 12.500000000000002 16.500000000000004 3.5000000000000004 0.029024409397335523 5.5000000000000009 -0.46801505794253101 4.5000000000000009 -0.63172727744526391 746.93124999999998 0.48877522411129348 -0.82899557272681157 -0.59176244063315286 11.500000000000002 209.06451612903228 0.53327291502680818 -0.51941337148263467 0.8080041977283311 0.27074174196563189 -0.80926783187727869 0.96904697354198299 -0.73284120334876357 0.97875492728876534 -0.78326540922535159
decision_type=2 2 2 2 2 2 2 2 2 2 2 2 2 2 2 2 2 2 2 2 2 2 2 2 2 2 2 2 2 2
left_child=8 2 3 16 19 -4 7 -3 9 -1 13 26 -13 14 -11 -9 28 -16 -7 -5 24 22 -6 -22 25 -20 -12 -17 29 -2
right_child=1 6 5 4 21 18 -8 15 -10 10 11 12 -14 -15 17 27 -18 -19 20 -21 23 -23 -24 -25 -26 -27 -28 -29 -30 -31
leaf_value=-6.6740540818224935e-05 0.00028154235893356752 0.010301227815668014 -6.7663522185201335e-05 0.0073659750880040592 0.0017189743072257959 -0.00022282525810983397 0.012104042303035883 0.0088165114738065591 -6.6740540818224935e-05 0.00022746488121347594 -6.6740540818224935e-05 0.00093928375433613041 -6.6610728059867901e-05 0.00061903236285316228 2.0145877999386146e-06 0.0015976776887928425 0.0016367397233943608 -7.5180800851671635e-05 -0.00045942901777288117 0.0041135969726399267 0.00022108058646824573 0.0027455108779736283 -0.00042141372431521998 0.002320562145652451 3.9326275976318874e-05 -2.3434522553440077e-05 -5.7813044889729355e-05 0.00019010045313712297 0.000624078526553578 -0.00033046294793566584
leaf_weight=2239 109 607 230 1005 129 347 1839 138 3400 85 523 73 183 64 64 115 333 122 47 220 342 53 135 94 149 156 44 226 42 272
leaf_count=2239 109 607 230 1005 129 347 1839 138 3400 85 523 73 183 64 64 115 333 122 47 220 342 53 135 94 149 156 44 226 42 272
internal_value=-0.0105894 0.0257095 0.0130049 0.0237495 0.0318859 -0.00508785 0.0416097 0.0325667 -0.0457708 -0.0415391 -0.0251941 -0.0339199 -0.00661479 -0.00372024 -0.0134191 0.0194792 0.00713342 -0.031016 -0.000484155 0.0369086 0.00544994 0.0124214 0.00603774 0.0141876 -0.00538244 -0.0154412 -0.0462148 0.00979532 -0.00341981 -0.00667539
internal_weight=13385 6588 3663 2298 1542 1365 2925 1086 6797 3397 1158 823 256 335 271 479 756 186 1135 1225 788 317 264 436 352 203 567 341 423 381
internal_count=13385 6588 3663 2298 1542 1365 2925 1086 6797 3397 1158 823 256 335 271 479 756 186 1135 1225 788 317 264 436 352 203 567 341 423 381
is_linear=0
shrinkage=0.05


Tree=29
num_leaves=31
num_cat=0
split_feature=0 0 0 4 4 1 0 10 0 7 11 8 10 10 6 0 2 2 8 1 7 0 6 6 10 7 11 7 4 1
split_gain=6262.23 396.133 247.625 253.308 133.314 77.3745 63.222 62.5515 56.7641 45.6454 43.3584 39.4298 37.6757 32.7187 26.9578 24.4296 24.0127 22.8324 21.3117 21.8004 18.6032 17.3904 18.7033 18.9344 24.6975 16.7843 16.5223 15.7727 17.1118 15.7182
threshold=45.62903225806452 418.20967741935493 0.14516129032258066 0.53983767481470746 0.69746810207212961 88.306451612903246 585.66129032258073 821.61874999999986 209.06451612903228 0.50370931781787065 9.7854838709677434 0.92023804793023134 841.88750000000016 479.71249999999986 -0.64578423485557612 115.25806451612904 968.17903225806458 963.61774193548399 0.52766072109828632 93.596774193548399 -0.63257203029273779 89.774193548387117 0.65233619298682533 -0.25205528343633254 885.95624999999984 -0.80926783187727869 10.95967741935484 -0.67168186667784702 0.65155398621263949 39.919354838709687
decision_type=2 2 2 2 2 2 2 2 2 2 2 2 2 2 2 2 2 2 2 2 2 2 2 2 2 2 2 2 2 2
left_child=2 4 -1 18 5 9 7 -3 21 15 -9 13 14 -7 -10 20 27 -15 19 -4 -2 -6 23 24 -23 -25 -19 28 -12 -22
right_child=1 6 3 -5 8 11 -8 10 12 -11 16 -13 -14 17 -16 -17 -18 26 -20 -21 29 22 -24 25 -26 -27 -28 -29 -30 -31
leaf_value=-6.3403513777313692e-05 -0.00051064005829595251 0.0098160507231799844 0.00068957958539006276 -6.3403513777313692e-05 -6.3142670086994599e-05 0.0065014211157656933 0.011604209278918027 0.0066928828759334653 -7.55978613427466e-05 0.0099379557964244282 0.0044244563239894301 0.0076859086903174612 -5.8918061634611125e-05 -0.00074357138472075097 0.0019576764942668815 0.0020412118850415746 0.0022097285601059484 0.0029649178021766281 -0.00019495113443229186 -6.7700377446508895e-05 0.0013216024312218038 -6.8930918856822897e-05 2.880288841403669e-05 -0.00051466780021771057 4.861305560805217e-05 -4.6405305298019003e-05 0.00025322467770155739 -0.00070897520583662057 -3.6074928700267907e-05 -0.00026000330369236463
leaf_weight=6223 45 594 267 492 143 89 1855 103 61 575 42 97 172 297 171 638 126 151 207 114 40 73 79 55 41 52 224 158 46 40
leaf_count=6223 45 594 267 492 143 89 1855 103 61 575 42 97 172 297 171 638 126 151 207 114 40 73 79 55 41 52 224 158 46 40
internal_value=-0.0106925 0.027304 -0.0417374 -0.0196115 0.0146682 0.0211652 0.0404444 0.0307009 -0.0021816 0.0286781 0.0171218 0.00942957 0.011358 0.00557743 0.0244635 0.0206152 0.00911528 0.00178306 0.00254669 0.00955497 0.000396825 -0.014527 -0.0076412 -0.0150901 -0.000869565 -0.0300926 0.0099734 0 0.0168539 0.0148148
internal_weight=13270 5967 7303 1080 3043 2196 2924 1069 847 1338 475 858 404 761 232 763 372 672 588 381 125 443 300 221 114 107 375 246 88 80
internal_count=13270 5967 7303 1080 3043 2196 2924 1069 847 1338 475 858 404 761 232 763 372 672 588 381 125 443 300 221 114 107 375 246 88 80
is_linear=0
shrinkage=0.05


Tree=30
num_leaves=31
num_cat=0
split_feature=3 3 5 5 1 8 5 5 10 5 6 9 5 1 2 10 4 6 9 3 10 2 6 2 3 6 11 6 4 3
split_gain=6548.28 471.914 275.965 119.965 109.463 67.0554 44.8787 174.028 62.2341 70.1186 41.1112 39.764 78.8261 36.569 36.0255 36.0653 35.346 31.8671 30.7731 27.5045 26.2739 25.4268 24.8983 24.0892 22.6238 21.9279 21.7195 20.72 19.2194 18.9346
threshold=0.0057225854031287974 0.48460994068248997 13.500000000000002 7.5000000000000009 76.56451612903227 0.23746817830764474 16.500000000000004 3.5000000000000004 761.52499999999986 5.5000000000000009 0.57077594689671507 0.029024409397335523 4.5000000000000009 99.98387096774195 967.28548387096782 800.51875000000007 0.30478465456505205 0.94425825643485939 -0.022576210847469604 0.049582511625545785 909.76875000000007 970.32741935483875 0.14250626876356556 969.22419354838723 0.61291825066806016 0.34235194516023087 25.082258064516136 -0.24372957273992746 0.77412535679226224 0.17081877253930289
decision_type=2 2 2 2 2 2 2 2 2 2 2 2 2 2 2 2 2 2 2 2 2 2 2 2 2 2 2 2 2 2
left_child=6 2 3 16 24 19 7 -1 9 17 29 12 -10 -5 15 -6 23 -9 -11 -4 -18 -21 -22 -2 -3 -13 -17 -15 -23 -7
right_child=1 4 5 13 14 10 -8 8 11 18 -12 25 -14 27 -16 26 20 -19 -20 21 22 28 -24 -25 -26 -27 -28 -29 -30 -31
leaf_value=-6.0233338088448002e-05 -4.9785375851140601e-05 0.0049328336464075752 -6.8638143926638568e-05 0.0095879405296492529 0.0064031012752919893 -6.1896846746298272e-05 -6.0233338088448002e-05 -6.0233338088448002e-05 -6.3646554571882157e-05 0.00053264973366784864 0.0012831108313897035 -8.3000803773407815e-06 0.00020097020851275391 -0.0012073450377089623 0.0079327119926328477 -0.00044268562645900789 0.0027812554863605732 -5.4783234349402995e-05 -6.0110015968008808e-05 -0.0002863857287841422 -0.00080813846160942844 -0.00029836229785225462 0.0014063333891199447 0.0011302445357138037 0.011139244395645342 0.00061071549782006703 0.004285275218875978 0.0037104805917653571 0.0002857637515245079 0.00017255842023262535
leaf_weight=2223 494 603 68 789 269 143 3386 483 184 45 225 65 119 45 288 234 184 47 191 574 61 67 76 146 1672 41 55 109 88 290
leaf_count=2223 494 603 68 789 269 143 3386 483 184 45 225 65 119 45 288 234 184 47 191 574 61 67 76 146 1672 41 55 109 88 290
internal_value=-0.011519 0.0244252 0.0114137 0.023937 0.0384209 -0.0049794 -0.0458511 -0.0417476 -0.026148 -0.0345502 0.00682853 -0.0103659 -0.0195724 0.0365996 0.0230224 0.0155635 0.0114865 -0.0446328 -0.0118143 -0.0147243 0.025 -0.0118493 0.00833333 0.00468019 0.0441344 0.0158879 0.00327586 0.0141935 0.00608974 -0.00218894
internal_weight=13264 6480 3359 1904 3121 1455 6784 3398 1175 766 658 409 303 943 846 558 961 530 236 797 321 729 137 640 2275 106 289 154 155 433
internal_count=13264 6480 3359 1904 3121 1455 6784 3398 1175 766 658 409 303 943 846 558 961 530 236 797 321 729 137 640 2275 106 289 154 155 433
is_linear=0
shrinkage=0.05


Tree=31
num_leaves=31
num_cat=0
split_feature=3 0 5 5 5 0 4 5 5 7 5 9 5 6 0 6 6 4 7 7 6 8 3 11 5 4 8 7 7 0
split_gain=6452.76 491.563 239.772 132.469 114.85 54.9153 51.533 49.712 186.985 80.5453 102.159 64.9207 62.4624 62.1596 42.2775 37.8024 34.4782 34.0978 25.5269 25.3375 22.6277 22.5196 22.4832 20.1208 20.0223 44.291 18.6168 17.4228 25.4737 23.4213
threshold=0.016411398781448042 381.32258064516134 12.500000000000002 7.5000000000000009 14.500000000000002 229.50000000000003 0.4668337213880544 16.500000000000004 3.5000000000000004 0.029024409397335523 5.5000000000000009 -0.11905762902754294 4.5000000000000009 -0.52032787705993211 662.64516129032268 -0.59176244063315286 0.82414472752956958 0.30478465456505205 -0.13398942717002907 -0.89787881968372518 0.93845596220871974 0.13612025994847315 0.61627597409948442 9.8403225806451626 12.500000000000002 0.75403055889718396 0.95938219844953276 -0.80926783187727869 -0.41399101439218416 170.4677419354839
decision_type=2 2 2 2 2 2 2 2 2 2 2 2 2 2 2 2 2 2 2 2 2 2 2 2 2 2 2 2 2 2
left_child=7 2 3 17 6 21 -3 8 -1 12 20 -12 13 -10 -6 -7 -15 18 26 -19 -11 27 -5 -20 -8 -26 -2 -4 -29 -30
right_child=1 4 5 22 14 15 24 -9 9 10 11 -13 -14 16 -16 -17 -18 19 23 -21 -22 -23 -24 -25 25 -27 -28 28 29 -31
leaf_value=-5.7221671184025601e-05 -0.00012140942149845638 -0.0002134672476027777 -0.00040117030441272372 0.0081103086012134541 0.00033390573432124098 -0.00019751828026828516 0.011495490898931315 -5.7221671184025601e-05 -5.8092345262569184e-05 -5.7221671184025601e-05 0.0011164051845504266 -5.7255970944512575e-05 0.0007203197285736763 9.6664427167435316e-05 0.0044005425543045375 0.00058105729088452453 -5.3250176016748452e-05 -0.00015825415597461729 0.0010770429497710982 0.002009140030626294 -5.9034523446792602e-05 -3.9344100787463371e-05 0.0012961505373499827 8.157119419877068e-05 0.0035741870967479633 0.0087413360975626027 -0.00049558130671112648 2.2367608466219874e-05 -0.00017023975189069292 -6.9559279278982172e-05
leaf_weight=2237 271 55 52 852 377 182 1900 3434 99 511 67 230 70 123 91 396 57 86 122 312 61 337 79 209 298 487 41 60 224 105
leaf_count=2237 271 55 52 852 377 182 1900 3434 99 511 67 230 70 123 91 396 57 86 122 312 61 337 79 209 298 487 41 60 224 105
internal_value=-0.011906 0.0236806 0.0102133 0.0213381 0.0376441 -0.00596905 0.0415542 -0.0456676 -0.0413918 -0.0255947 -0.0337356 -0.00989933 -0.00528571 -0.0158929 0.0147122 0.00569948 0.00165746 0.0090691 0.00194099 0.0205514 -0.0460733 -0.0146341 0.0350322 0.0115964 0.0425354 0.035687 -0.00830671 -0.0220588 -0.0183333 -0.0237879
internal_weight=13425 6536 3328 1972 3208 1356 2740 6889 3455 1218 869 297 349 279 468 578 180 1041 643 398 572 778 931 331 2685 785 312 441 389 329
internal_count=13425 6536 3328 1972 3208 1356 2740 6889 3455 1218 869 297 349 279 468 578 180 1041 643 398 572 778 931 331 2685 785 312 441 389 329
is_linear=0
shrinkage=0.05


Tree=32
num_leaves=31
num_cat=0
split_feature=3 3 5 5 4 6 3 5 5 7 5 7 5 6 8 10 2 4 7 6 6 8 6 10 10 6 10 4 5 4
split_gain=6267.07 441.264 255.223 139.651 123.366 71.2567 54.9349 47.5968 180.226 82.9532 92.7776 65.1651 51.3435 62.626 37.8481 49.6571 35.095 33.4362 34.4338 33.4097 32.7091 30.8093 20.5285 37.8461 30.8292 20.1449 20.0545 18.163 18.0708 39.8868
threshold=0.016411398781448042 0.51279136889176835 13.500000000000002 7.5000000000000009 0.5776380220644225 -0.05695216311707673 0.14791785697005203 16.500000000000004 3.5000000000000004 -0.091258822863740666 5.5000000000000009 0.6174544326165855 4.5000000000000009 -0.56368474752277564 -0.42180583328916638 919.78125000000011 968.69838709677435 0.10181224421976917 -0.63257203029273779 0.96904697354198299 0.65233619298682533 0.42178632996157733 0.29342972903661901 923.55624999999998 931.25625000000014 0.82414472752956958 761.02499999999986 0.79863599013566799 12.500000000000002 0.76113271992609566
decision_type=2 2 2 2 2 2 2 2 2 2 2 2 2 2 2 2 2 2 2 2 2 2 2 2 2 2 2 2 2 2
left_child=7 2 3 17 26 21 20 8 -1 12 19 -12 13 -10 15 -8 -5 -2 22 -11 -7 -4 24 -24 -19 -15 -3 -16 -6 -30
right_child=1 4 5 16 28 6 14 -9 9 10 11 -13 -14 25 27 -17 -18 18 -20 -21 -22 -23 23 -25 -26 -27 -28 -29 29 -31
leaf_value=-5.4360587624824323e-05 -0.00022700200822361322 0.006366357449702595 -0.00030178361766677739 0.0059091507103612552 0.011288606529901997 -0.00021847884505463486 -0.00033150312683258369 -5.4360587624824323e-05 -6.3398901041662552e-05 -5.4360587624824323e-05 0.0018716986449953525 -5.4393172397286949e-05 0.00084389148764076884 9.1864733421749738e-05 0.0011715336832226837 0.00045182996144871453 0.0098185491166015992 0.0010217715410381857 0.0015349295199271794 -4.9381563831095433e-05 3.2393351299308057e-06 -2.7490328239810453e-05 -0.00038405823727941796 0.002677149609708065 -0.00073130178321630795 -2.9994409186922482e-05 0.001240849380536352 0.0017803730074498648 0.0027338675746690494 0.0071218837875879244
leaf_weight=2223 283 200 457 598 1467 97 109 3421 82 548 53 230 55 116 241 95 493 67 434 71 106 277 57 58 106 45 408 157 234 560
leaf_count=2223 283 200 457 598 1467 97 109 3421 82 548 53 230 55 116 241 95 493 67 434 71 106 277 57 58 106 45 408 157 234 560
internal_value=-0.0123605 0.0227825 0.0112074 0.022556 0.037439 -0.00425325 0.00601737 -0.045756 -0.041545 -0.0258951 -0.0334441 -0.0096831 -0.00301003 -0.0129098 0.0135987 -0.00390244 0.0349359 0.00909543 0.0147994 -0.0442742 -0.0164216 -0.0155102 0.00138408 0.0176724 -0.00948276 0.00524691 0.0174056 0.0225564 0.0428161 0.0366038
internal_weight=13348 6504 3635 2096 2869 1539 805 6844 3423 1200 902 283 298 243 602 204 1091 1005 722 619 203 734 288 115 173 161 608 398 2261 794
internal_count=13348 6504 3635 2096 2869 1539 805 6844 3423 1200 902 283 298 243 602 204 1091 1005 722 619 203 734 288 115 173 161 608 398 2261 794
is_linear=0
shrinkage=0.05


Tree=33
num_leaves=31
num_cat=0
split_feature=3 3 5 5 4 1 5 5 7 5 5 6 7 6 3 1 2 6 4 10 4 7 1 5 10 9 3 10 5 4
split_gain=6142.89 491.763 236.693 144.519 121.275 52.4053 48.2523 186.644 76.715 113.059 53.5774 58.7189 52.347 47.4681 56.2105 45.5569 38.8485 36.6902 31.4787 29.9869 33.7932 25.7857 29.9818 24.5318 22.8111 22.623 21.5699 32.3274 22.1356 23.0011
threshold=0.016411398781448042 0.48745942896821892 13.500000000000002 7.5000000000000009 0.54336139127218008 84.241935483870989 16.500000000000004 3.5000000000000004 0.029024409397335523 5.5000000000000009 4.5000000000000009 -0.56368474752277564 0.6174544326165855 -0.54939360607974019 0.17475122533324391 41.693548387096783 970.01129032258075 0.82414472752956958 0.35411054870131603 805.28124999999989 0.682197164272064 -0.63257203029273779 47.370967741935495 12.500000000000002 800.51875000000007 0.73136292505298039 0.12307490891423363 916.81875000000002 16.500000000000004 0.74877653895864404
decision_type=2 2 2 2 2 2 2 2 2 2 2 2 2 2 2 2 2 2 2 2 2 2 2 2 2 2 2 2 2 2
left_child=6 2 3 18 24 -5 7 -1 10 -10 11 -9 -11 -4 26 -6 19 -13 21 20 -16 -2 -23 -17 -3 -20 27 -15 29 -28
right_child=1 4 13 5 15 -7 -8 8 9 12 -12 17 -14 14 16 23 -18 -19 25 -21 -22 22 -24 -25 -26 -27 28 -29 -30 -31
leaf_value=-5.1642558243583105e-05 -0.00024547706568284617 0.0042698824525790992 -0.00010375722979815008 0.0094046106703680465 0.0092508791471109242 0.003530478289220618 -5.1642558243583105e-05 -5.2469698618199507e-05 -5.1642558243583105e-05 0.0013518369016219916 0.00066551746754236368 8.723796913797612e-05 -5.1673513777422602e-05 -3.0563169515375402e-05 -0.00021248051704379837 0.0089330814849700787 0.0015577597809411843 -6.0277359396415805e-05 0.0025108991991420887 -0.00017349917931251332 0.0020841668136560251 0.00096733342205478296 -0.00016406727880626665 0.0031390153813449645 0.00056214199266535481 -0.0002432965677884952 -0.00061641003951651014 6.0964210696059871e-05 -0.00040239542576457209 0.0002708368047023159
leaf_weight=2275 196 287 524 610 1685 373 3370 98 575 48 80 123 246 137 132 574 127 55 219 205 130 194 336 332 271 44 41 41 78 41
leaf_count=2275 196 287 524 610 1685 373 3370 98 575 48 80 123 246 137 132 574 127 55 219 205 130 194 336 332 271 44 41 41 78 41
internal_value=-0.012593 0.0219444 0.0088364 0.0201216 0.0362063 0.033689 -0.0456557 -0.0415024 -0.0257341 -0.0337356 -0.00616246 -0.0166065 -0.00847458 -0.00645161 0.000321543 0.04076 0.00957983 0.000558659 0.00661616 0.00288462 0.0140684 0.00123796 0.00696798 0.0316428 0.0150268 0.0214015 -0.0159292 -0.00391061 -0.0291925 -0.0108434
internal_weight=13447 6577 3428 1972 3149 983 6870 3500 1225 869 356 276 294 1456 932 2591 594 178 989 467 262 726 530 906 558 263 338 178 160 82
internal_count=13447 6577 3428 1972 3149 983 6870 3500 1225 869 356 276 294 1456 932 2591 594 178 989 467 262 726 530 906 558 263 338 178 160 82
is_linear=0
shrinkage=0.05


Tree=34
num_leaves=31
num_cat=0
split_feature=3 0 5 5 5 1 1 0 10 6 5 5 10 5 6 2 3 8 5 3 10 3 8 0 10 2 10 0 5 6
split_gain=6089.25 468.315 229.286 114.626 92.6478 65.6448 65.1159 55.8029 47.5373 46.7399 40.8928 161.681 59.934 54.013 36.0271 31.3083 31.277 25.8116 41.5179 25.475 58.9789 39.0126 31.1903 24.5076 31.452 28.8426 22.5831 23.3828 32.5807 21.2223
threshold=0.0057225854031287974 428.25806451612908 12.500000000000002 7.5000000000000009 14.500000000000002 96.274193548387117 41.112903225806456 244.64516129032262 603.59375 -0.83377653105606597 16.500000000000004 3.5000000000000004 765.87500000000011 5.5000000000000009 0.93845596220871974 969.95967741935499 0.049582511625545785 -0.61998829497903662 4.5000000000000009 0.12307490891423363 783.93124999999975 0.14791785697005203 -0.083761810613583024 662.64516129032268 846.70000000000005 968.17903225806458 761.02499999999986 728.93548387096791 10.500000000000002 -0.90163369914317015
decision_type=2 2 2 2 2 2 2 2 2 2 2 2 2 2 2 2 2 2 2 2 2 2 2 2 2 2 2 2 2 2
left_child=10 2 3 15 6 -5 -3 16 -9 -6 11 -1 13 14 -13 -2 -4 -14 -19 20 -18 -21 -23 24 -11 -26 -8 28 -28 -10
right_child=1 4 7 5 9 -7 26 8 29 23 -12 12 17 -15 -16 -17 19 18 -20 21 -22 22 -24 -25 25 -27 27 -29 -30 -31
leaf_value=-4.9060430331403956e-05 0.00022932732822538508 0.010121170836390293 -4.1960416111551206e-05 0.0081150989742449445 -0.0011598218789360085 0.0018273639412722698 0.0087376895080355788 0.0042590740613231261 -0.00086947096537497929 0.0025664094276268302 -4.9060430331403956e-05 -4.9060430331403956e-05 5.7297109402493613e-05 -4.8938382313647264e-05 -4.0118746610621408e-05 0.0012647823778875206 -4.5662747330255294e-05 -4.9276077741483424e-05 0.00010820091948373122 -0.00046124000922785472 5.7698462067345969e-05 -0.00041180946892105917 0.00024269883861176135 0.0036213741662129762 -0.00051488556800617375 0.0011816494373847576 0.0067690322355354604 0.0087289630567278682 0.0007261837124568377 9.9194971709873358e-05
leaf_weight=2249 878 1469 133 759 42 327 319 189 100 78 3404 473 130 251 50 234 103 185 90 93 101 262 186 107 107 69 167 232 238 393
leaf_count=2249 878 1469 133 759 42 327 319 189 100 78 3404 473 130 251 50 234 103 185 90 93 101 262 186 107 107 69 167 232 238 393
internal_value=-0.0129443 0.0213603 0.00978984 0.020191 0.0367268 0.0317387 0.0404163 -0.00486867 0.00585652 0.0144802 -0.046012 -0.0421114 -0.0270763 -0.0352258 -0.0443702 0.00889488 -0.0131968 -0.0114532 -0.0201087 -0.00918231 0.00585366 -0.0148524 -0.00868597 0.0203039 0.0117647 0 0.0301985 0.0246865 0.0173645 -0.00232794
internal_weight=13418 6586 3758 2198 2828 1086 2425 1560 682 403 6832 3428 1179 774 523 1112 878 405 275 745 204 541 448 361 254 176 956 637 405 493
internal_count=13418 6586 3758 2198 2828 1086 2425 1560 682 403 6832 3428 1179 774 523 1112 878 405 275 745 204 541 448 361 254 176 956 637 405 493
is_linear=0
shrinkage=0.05


Tree=35
num_leaves=31
num_cat=0
split_feature=3 0 3 10 1 11 1 6 4 4 3 1 10 8 3 3 10 3 4 9 10 4 6 10 7 3 8 3 11 10
split_gain=6041.25 472.769 176.608 151.322 51.0664 48.2716 37.1433 35.8166 31.6544 31.0257 27.2063 26.3781 41.4814 25.8147 22.2012 34.9409 33.545 28.8744 26.6356 21.7393 20.77 20.2002 18.3723 35.3208 17.1269 13.9973 19.556 13.1086 12.6764 12.4114
threshold=0.0057225854031287974 531.27419354838719 0.18138379087134393 643.50000000000011 88.306451612903246 9.2983870967741957 42.145161290322591 0.98522604642031408 0.45342256204548442 0.37040259966697142 0.50937249995352274 77.629032258064527 846.70000000000005 0.94496830006774635 0.058959258842085326 0.12307490891423363 886.08125000000007 0.14791785697005203 0.71313582569789424 0.60383265664488517 479.71249999999986 0.72325734732608671 -0.048361574224334618 919.78125000000011 -0.13398942717002907 0.029505470076573091 -0.8431462759492121 1.0000000180025095e-35 23.006451612903231 761.02499999999986
decision_type=2 2 2 2 2 2 2 2 2 2 2 2 2 2 2 2 2 2 2 2 2 2 2 2 2 2 2 2 2 2
left_child=27 2 9 4 -4 8 10 11 24 25 -3 12 28 20 -11 16 -16 -17 -19 -10 -6 -14 -23 -24 -5 -2 -27 -1 -7 -8
right_child=1 6 3 5 13 7 29 -9 19 14 -12 -13 21 -15 15 17 -18 18 -20 -21 -22 22 23 -25 -26 26 -28 -29 -30 -31
leaf_value=-4.6607408814833761e-05 0.00093132551513718908 0.0011821625579091417 0.008421282534203647 -8.4813182169593554e-05 0.0059133651780483914 0.0015316065318535209 0.0098707585477825609 0.0026467429990872475 0.004303121872561641 -3.5123157580400242e-05 0.0087831583198413835 -0.00028080681718757882 0.00032305052743921981 0.0087237503619098968 -2.4961418585248013e-05 -0.00044058964723017583 6.2367372997947464e-05 -0.00043561606755129978 0.0001023271610675957 8.1304683729954699e-05 0.00043625182857319169 -0.00046473805016600082 -0.00022539162311667333 0.0003083847670547913 0.0028659657173853688 0.00078145311835012971 -0.00012129821465457492 -5.0090808709309795e-05 0.00017069070401758981 0.0057721148470247872
leaf_weight=6687 58 89 802 185 108 250 170 116 289 151 1447 583 207 97 101 89 62 47 74 51 243 95 56 58 71 113 400 51 99 526
leaf_count=6687 58 89 802 185 108 250 170 116 289 151 1447 583 207 97 101 89 62 47 74 51 243 95 56 58 71 113 400 51 99 526
internal_value=-0.0126533 0.0212037 0.0117 0.017457 0.0311751 0.00912179 0.0399463 0.00423208 0.0211055 -0.00570255 0.0443071 0.00192735 0.00802872 0.0175947 -0.0144762 -0.0078877 0.00945122 -0.021327 -0.00532787 0.031085 0.0112216 -0.00263789 -0.0135714 0 0.0077821 0.00236014 -0.000291829 -0.0460009 0.0207143 0.0302726
internal_weight=13375 6637 4405 3310 1250 2060 2232 1464 596 1095 1536 1348 765 448 524 373 163 210 121 340 351 416 209 114 256 571 513 6738 349 696
internal_count=13375 6637 4405 3310 1250 2060 2232 1464 596 1095 1536 1348 765 448 524 373 163 210 121 340 351 416 209 114 256 571 513 6738 349 696
is_linear=0
shrinkage=0.05


Tree=36
num_leaves=31
num_cat=0
split_feature=3 0 3 10 3 1 6 1 4 0 6 1 9 10 10 8 10 7 3 10 6 10 11 3 4 6 4 7 1 10
split_gain=5733.81 425.614 143.96 127.277 109.367 50.533 47.3225 52.0389 60.7513 43.5216 31.0776 29.8587 27.4741 26.5575 25.5615 24.2387 21.3765 22.2744 21.0897 20.0949 38.3068 19.9419 19.6226 21.4505 19.2431 19.1768 18.7519 18.1902 26.1974 19.6338
threshold=0.040606292711811758 572.93548387096791 0.18436437691783364 638.06250000000011 1.0000000180025095e-35 83.241935483870989 0.98667101781630195 65.209677419354847 0.71697459016145371 6.9677419354838719 0.54219432480460406 24.62903225806452 0.60383265664488517 845.11250000000007 479.71249999999986 -0.94139628442229062 896.41874999999993 -0.7444366621422277 0.57412721929009736 919.78125000000011 0.091259403071267925 958.70000000000005 11.108064516129035 0.50937249995352274 0.31095090690163757 0.83376496542330847 0.83836380338217908 -0.54940789553007929 31.62903225806452 950.08749999999998
decision_type=2 2 2 2 2 2 2 2 2 2 2 2 2 2 2 2 2 2 2 2 2 2 2 2 2 2 2 2 2 2
left_child=4 2 15 5 -1 -4 7 8 12 -6 14 18 21 26 -7 -2 -13 -18 -3 -15 -21 -5 25 -24 -25 -9 -10 29 -29 -17
right_child=1 11 3 6 9 10 -8 22 13 -11 -12 16 -14 19 -16 27 17 -19 -20 20 -22 -23 23 24 -26 -27 -28 28 -30 -31
leaf_value=-4.4277038374092068e-05 6.54990183842728e-05 0.00097550771299046996 0.008376606428357419 0.0031388899018405915 0.00025576819345556615 0.0080005678141921825 0.0036989214857990672 0.0020775078396949864 -1.971655982205868e-05 -4.5516992559011228e-05 0.0082989374216586639 0.0084726294893395226 0.00013768847873370376 -0.00050777748626835843 -2.0854362766857539e-05 -0.00028637303078659222 0.006954512361571269 0.0032290386156531518 0.0090777247259596072 -0.00025585994139998156 0.00052704434039478403 7.7834102928603385e-05 -0.00058938382651925372 -0.0026936916954510234 0.0011627801563782458 -0.0011452140640853426 0.0011102561825004943 0.00011691278724925703 -0.0001223603596236739 -2.1722457777804961e-05
leaf_weight=6771 116 55 731 569 137 122 167 177 86 144 146 401 146 104 227 139 181 219 1078 80 67 63 338 56 265 95 77 147 391 83
leaf_count=6771 116 55 731 569 137 122 167 177 86 144 146 401 146 104 227 139 181 219 1078 80 67 63 338 56 265 95 77 147 391 83
internal_value=-0.0136333 0.0209262 0.012315 0.0168325 -0.0446335 0.0298289 0.00986469 0.00783898 0.0147527 -0.0140071 0.0174395 0.0404651 0.0229782 -0.000722892 0.00928571 -0.00581528 0.03298 0.0246883 0.0457231 -0.0109127 0.00101351 0.0274882 -0.00101931 -0.00568182 0.00357143 0.0102564 0.014939 -0.00906702 -0.00408163 -0.0210762
internal_weight=13378 6326 4392 3516 7052 1226 2290 2123 1192 281 495 1934 778 414 349 876 801 400 1133 251 147 632 931 659 321 272 163 760 538 222
internal_count=13378 6326 4392 3516 7052 1226 2290 2123 1192 281 495 1934 778 414 349 876 801 400 1133 251 147 632 931 659 321 272 163 760 538 222
is_linear=0
shrinkage=0.05


Tree=37
num_leaves=31
num_cat=0
split_feature=0 5 0 5 4 0 7 5 0 6 5 5 7 5 5 9 7 1 6 4 7 8 4 8 6 1 7 4 8 7
split_gain=5342.36 472.609 222.47 319.638 219.937 165.603 62.7143 57.2204 52.2006 55.5094 40.7982 175.205 83.3525 110.077 43.2547 60.3301 33.9488 30.8074 25.3861 24.7502 24.5632 24.1323 19.8993 19.2355 18.4543 17.2776 16.7714 16.6743 25.3899 26.1245
threshold=45.62903225806452 13.500000000000002 1.0000000180025095e-35 14.500000000000002 0.58835683144884443 603.24193548387109 -0.13398942717002907 11.500000000000002 244.64516129032262 -0.59869031648930193 16.500000000000004 3.5000000000000004 1.0000000180025095e-35 5.5000000000000009 4.5000000000000009 -0.074115882986646633 0.51849435583340198 41.693548387096783 0.34235194516023087 0.41593775407064054 -0.15950993297387572 0.52766072109828632 0.27500275860040202 -0.57693561556757644 0.93845596220871974 97.435483870967758 0.95436825032516992 1.2995021872570922 0.27074174196563189 -0.78858226040708135
decision_type=2 2 2 2 2 2 2 2 2 2 2 2 2 2 2 2 2 2 2 2 2 2 2 2 2 2 2 2 2 2
left_child=2 4 10 21 6 8 19 22 27 20 11 -1 14 24 15 23 -11 -6 -17 -2 -10 -4 -8 -13 -14 26 -15 28 29 -3
right_child=1 5 3 -5 17 -7 7 -9 9 16 -12 12 13 25 -16 18 -18 -19 -20 -21 -22 -23 -24 -25 -26 -27 -28 -29 -30 -31
leaf_value=-4.206318645538746e-05 -0.00014706255093774323 -0.00029736121572285001 0.00057201090689074021 -4.206318645538746e-05 0.0092188462408583759 0.0032450022180497196 0.0019652639002431709 0.00062043684791011217 6.9624475061043708e-05 0.00021772083631508947 -4.206318645538746e-05 -7.6143457180350529e-06 -4.206318645538746e-05 4.9584153068285394e-05 0.00073738978093999461 -9.1813456808424041e-06 0.0041629689213765501 0.007426282661131961 0.00049489483153327448 0.0011858620230550594 -0.0014584059839116343 -0.00023207411876835851 0.0066592980390664473 -5.6213944396805792e-05 -4.4930877699423345e-05 -5.5752475204546561e-05 -5.5752475204546561e-05 -4.2933474216441394e-05 4.486577658349802e-05 -7.3218180501821595e-05
leaf_weight=2195 303 53 366 553 1412 395 216 208 152 500 2916 41 509 113 73 85 137 673 42 414 150 195 637 95 64 48 40 187 212 344
leaf_count=2195 303 53 366 553 1412 395 216 208 152 500 2916 41 509 113 73 85 137 673 42 414 150 195 637 95 64 48 40 187 212 344
internal_value=-0.0133393 0.02168 -0.0419507 -0.0213453 0.032104 0.00276865 0.0191681 0.0268832 -0.00388825 0.00409574 -0.0456365 -0.0417877 -0.0255626 -0.0345806 -0.00474777 -0.0142045 0.0124608 0.0431208 0.0105469 0.00772981 -0.0135314 0.00524911 0.0326112 -0.0372263 -0.0457317 -0.00272277 0.00551948 -0.0132999 -0.0092623 -0.0167085
internal_weight=13328 5993 7335 1114 3863 2130 1778 1061 1735 939 6221 3305 1110 774 336 263 637 2085 127 717 302 561 853 136 573 201 153 796 609 397
internal_count=13328 5993 7335 1114 3863 2130 1778 1061 1735 939 6221 3305 1110 774 336 263 637 2085 127 717 302 561 853 136 573 201 153 796 609 397
is_linear=0
shrinkage=0.05


Tree=38
num_leaves=31
num_cat=0
split_feature=0 5 0 5 4 1 5 0 5 10 5 5 10 5 10 10 2 6 8 5 6 9 8 4 10 8 6 1 10 1
split_gain=5178.56 457.797 253.351 317.434 198.43 80.6235 67.8287 63.0514 59.4886 54.8983 39.7292 172.701 52.3756 68.5003 47.6173 31.7664 46.3333 30.9564 26.9801 26.9616 41.0114 39.3497 35.7874 25.7668 24.1387 22.5853 21.586 21.2498 20.261 18.9694
threshold=54.693548387096776 14.500000000000002 1.0000000180025095e-35 14.500000000000002 0.54744344683582147 32.112903225806456 12.500000000000002 268.25806451612908 11.500000000000002 892.42499999999995 16.500000000000004 3.5000000000000004 936.69375000000002 5.5000000000000009 652.46875 778.45000000000005 969.31451612903231 -0.082689790342551819 -0.5484990889199054 4.5000000000000009 0.96904697354198299 0.16587474750015932 0.28313881758084386 0.26879181175997563 912.04999999999995 0.35845153958890236 -0.18492532721306487 80.500000000000014 643.50000000000011 98.209677419354847
decision_type=2 2 2 2 2 2 2 2 2 2 2 2 2 2 2 2 2 2 2 2 2 2 2 2 2 2 2 2 2 2
left_child=2 4 10 28 8 -6 -7 -3 9 23 11 -1 13 14 -13 -9 -17 25 24 21 22 -16 -21 -2 -11 -8 -14 -15 -4 -10
right_child=1 7 3 -5 5 6 17 15 29 18 -12 12 26 27 19 16 -18 -19 -20 20 -22 -23 -24 -25 -26 -27 -28 -29 -30 -31
leaf_value=-3.9960027132618089e-05 0.0010765085636908326 -4.2364061532991521e-05 0.00089011588424875172 -3.9960027132618089e-05 0.0081536126685729966 0.0072793515305677797 -0.0012706619912299128 0.0015032743332679722 0.0012387229131200995 -0.00058608657302420273 -3.9960027132618089e-05 -3.9960027132618089e-05 -2.0814806210616703e-05 3.8314119197768903e-05 -4.2848797458768786e-05 -0.00024770437046361184 0.00078570388902699656 0.0040366291347629594 -0.00042817286438485703 -6.0900707295826051e-05 0.00047003552395163321 3.7825144350227532e-06 7.4481383516180735e-05 0.0042693886184346332 0.0023867961126166461 0.0022833176498003593 0.00041900404375980194 -5.2964851444319235e-05 -5.8496774129516983e-05 -0.0025579433415724054
leaf_weight=2232 224 744 241 608 1565 777 135 226 181 54 2936 342 55 117 228 371 135 255 185 83 40 51 57 705 106 54 43 89 396 155
leaf_count=2232 224 744 241 608 1565 777 135 226 181 54 2936 342 55 117 228 371 135 255 185 83 40 51 57 705 106 54 43 89 396 155
internal_value=-0.0141364 0.0210455 -0.0416146 -0.0209872 0.0291335 0.0372085 0.0275368 -0.00304672 0.0151459 0.0200784 -0.0457045 -0.0419263 -0.0257233 -0.0291171 -0.0357232 0.00736698 0.000394477 0.0119101 0.00303468 -0.0251087 -0.00994475 -0.0348214 -0.022695 0.0263978 0.0180124 -0.00342105 0.00909091 -0.00338164 0.00368339 -0.00356083
internal_weight=13390 5872 7518 1245 4396 2786 1221 1476 1610 1274 6273 3337 1105 1007 801 732 506 444 345 459 180 279 140 929 160 189 98 206 637 336
internal_count=13390 5872 7518 1245 4396 2786 1221 1476 1610 1274 6273 3337 1105 1007 801 732 506 444 345 459 180 279 140 929 160 189 98 206 637 336
is_linear=0
shrinkage=0.05


Tree=39
num_leaves=31
num_cat=0
split_feature=0 5 0 5 0 0 1 2 6 10 0 5 5 7 5 5 5 6 6 8 7 6 7 0 10 2 8 7 10 0
split_gain=5068.51 423.074 234.382 320.117 148.997 121.431 69.2339 64.1145 60.4732 54.5701 53.4906 40.6089 171.264 83.832 103.673 37.2092 32.4797 63.0866 32.236 32.0421 28.6591 27.9482 26.2327 23.0523 37.776 23.4214 20.8561 20.5864 20.4932 23.9197
threshold=53.016129032258071 13.500000000000002 1.0000000180025095e-35 14.500000000000002 424.56451612903231 594.74193548387109 48.983870967741943 969.56290322580662 -0.065535378769913874 885.95624999999984 224.61290322580649 16.500000000000004 3.5000000000000004 -0.074115882986646633 5.5000000000000009 11.500000000000002 4.5000000000000009 -0.61913973745509387 0.97314989601849466 0.32612888491727243 -0.80926783187727869 0.78325454425165997 -0.056951011027366626 789.46774193548401 903.83124999999995 968.44677419354855 -0.95244167294248061 0.53312596302726967 926.56250000000011 244.64516129032262
decision_type=2 2 2 2 2 2 2 2 2 2 2 2 2 2 2 2 2 2 2 2 2 2 2 2 2 2 2 2 2 2
left_child=2 4 11 22 7 8 -6 9 19 15 20 12 -1 16 18 -2 17 -14 -15 -3 -10 -19 -4 24 -7 -26 -11 -12 29 -21
right_child=1 5 3 -5 6 23 -8 -9 10 26 27 -13 13 14 -16 -17 -18 21 -20 28 -22 -23 -24 -25 25 -27 -28 -29 -30 -31
leaf_value=-3.7962025775987186e-05 0.003289827482218022 -0.00055989151815513433 -0.00013056716476246845 -3.7962025775987186e-05 0.0082825706880272198 0.0031828182087298013 0.0053212123923296502 0.0048687199266512606 -0.00028985778730618392 0.001348006184584745 0.00025022127298578167 -3.7962025775987186e-05 -4.9876004827883605e-05 -3.7962025775987186e-05 -1.1837798154286546e-05 9.9847831102556358e-05 0.00072696165804406318 9.2561168255141275e-05 -4.0022277506776453e-05 -4.0245858456341947e-05 -1.5646713339292768e-05 -2.4881198818174592e-05 0.00075848143056874014 0.0048439637401386576 -0.00081468695984043826 0.0029727041708723701 -0.00054044501298571024 0.0039193602190878574 -9.2272050385000534e-05 0.00091444691181811761
leaf_weight=2206 721 419 253 592 1374 102 733 498 41 56 399 2947 78 540 203 222 61 133 56 71 312 50 358 115 105 53 231 131 159 133
leaf_count=2206 721 419 253 592 1374 102 733 498 41 56 399 2947 78 540 203 222 61 133 56 71 312 50 358 115 105 53 231 131 159 133
internal_value=-0.0144911 0.0202604 -0.0417959 -0.0215532 0.0300443 0.00186183 0.0389706 0.019144 -0.00393157 0.0129976 0.00503394 -0.0456733 -0.0418419 -0.0258913 -0.0345625 0.018803 -0.00433437 -0.0120229 -0.0450586 -0.0140485 -0.0100282 0.00407609 0.00383987 0.0275266 0.0191571 0.00377358 -0.00607639 0.0150659 -0.00315934 0.00731707
internal_weight=13352 5875 7477 1203 3835 2040 2107 1728 1665 1230 883 6274 3327 1121 799 943 322 261 596 782 353 183 611 375 260 158 287 530 363 204
internal_count=13352 5875 7477 1203 3835 2040 2107 1728 1665 1230 883 6274 3327 1121 799 943 322 261 596 782 353 183 611 375 260 158 287 530 363 204
is_linear=0
shrinkage=0.05


Tree=40
num_leaves=31
num_cat=0
split_feature=3 0 5 4 5 7 1 10 5 5 7 5 5 8 7 8 2 1 0 10 2 0 5 10 0 3 3 4 7 4
split_gain=5373.78 420.556 183.63 94.518 66.8635 61.8064 57.2086 49.4208 44.3895 177.014 63.6351 114.928 43.0645 75.3611 40.1564 37.9359 35.2744 34.2105 32.567 39.4185 32.5497 23.9851 22.731 23.136 22.4639 28.2331 44.5326 29.458 21.336 20.9258
threshold=0.0057225854031287974 498.83870967741944 13.500000000000002 0.35411054870131603 13.500000000000002 -0.89787881968372518 25.241935483870972 709.58125000000007 16.500000000000004 3.5000000000000004 -0.056951011027366626 5.5000000000000009 4.5000000000000009 -0.60468929461279042 0.91159213926341531 0.84660111278280559 968.7467741935485 99.98387096774195 789.46774193548401 883.69375000000002 969.47258064516143 120.19354838709678 11.500000000000002 885.95624999999984 48.306451612903231 0.12307490891423363 0.15359453780287222 1.2995021872570922 -0.78858226040708135 0.60378115134344534
decision_type=2 2 2 2 2 2 2 2 2 2 2 2 2 2 2 2 2 2 2 2 2 2 2 2 2 2 2 2 2 2
left_child=8 2 3 7 6 -5 -3 17 9 -1 12 -12 13 -11 -13 24 22 -2 19 -6 -21 -17 23 -7 -4 27 -27 -26 -15 -8
right_child=1 4 15 5 18 16 29 -9 -10 10 11 14 -14 28 -16 21 -18 -19 -20 20 -22 -23 -24 -25 25 26 -28 -29 -30 -31
leaf_value=-3.606392448718783e-05 0.0019258702029599506 0.0082618690039713127 -3.8099023758229185e-05 -0.00034602809481333596 0.002847315311307397 0.0050854404217430763 0.0026432597946585423 -0.00011708674363812532 -3.606392448718783e-05 0.00013829510625926341 -3.606392448718783e-05 5.6439453758628558e-05 0.00053075792709401579 -1.631618526239327e-05 -3.6099434645223182e-05 -3.9486221297351389e-05 0.0058414580027209397 -0.00045934167174326685 0.0045614042679220706 -0.00032860316670627195 0.0018547026161415182 0.00032298288449681691 0.001171794375908969 0.00069521251820094392 3.9896759205577188e-05 -0.00037292318098410888 -0.000192509100582966 -1.9620715974823972e-05 -4.8767007062632884e-05 0.0066648527982945517
leaf_weight=2251 446 974 63 124 181 401 154 596 3328 86 595 135 53 61 130 44 583 164 112 210 89 227 193 133 129 80 882 76 107 651
leaf_count=2251 446 974 63 124 181 401 154 596 3328 86 595 135 53 61 130 44 583 164 112 210 89 227 193 133 129 80 882 76 107 651
internal_value=-0.0145109 0.0178873 0.00826895 0.016206 0.0346754 0.024878 0.0395225 0.00588235 -0.0457833 -0.0417374 -0.025899 -0.0328688 -0.00633117 -0.014902 -0.00545113 -0.00569241 0.0280702 0.0158756 0.0200675 0.0143451 0.00316667 0.0112132 0.0206731 0.0259813 -0.00942323 -0.0078339 -0.0114226 0.00898058 -0.0343195 0.0295906
internal_weight=13258 6512 4141 2640 2371 1434 1779 1206 6746 3418 1167 860 307 254 265 1501 1310 610 592 480 299 271 727 534 1230 1167 962 205 168 805
internal_count=13258 6512 4141 2640 2371 1434 1779 1206 6746 3418 1167 860 307 254 265 1501 1310 610 592 480 299 271 727 534 1230 1167 962 205 168 805
is_linear=0
shrinkage=0.05


Tree=41
num_leaves=31
num_cat=0
split_feature=0 0 5 0 5 5 1 0 6 10 1 5 5 5 10 6 6 5 8 4 4 9 2 10 6 2 5 8 10 8
split_gain=4944.77 375.026 236.555 218.118 298.29 97.585 72.6894 51.0441 61.1986 43.2295 41.3356 37.6208 164.183 72.4667 72.8725 45.7892 30.8881 38.4283 29.9859 29.3064 26.8573 26.423 23.5609 37.0757 32.5852 23.521 23.1753 45.7511 22.0501 21.7242
threshold=45.62903225806452 572.93548387096791 12.500000000000002 1.0000000180025095e-35 14.500000000000002 7.5000000000000009 63.790322580645167 318.67741935483872 -0.92274349529687905 897.08749999999998 14.983870967741938 16.500000000000004 3.5000000000000004 5.5000000000000009 660.45000000000005 -0.61913973745509387 0.79383249484937135 4.5000000000000009 -0.030099068566675755 1.2995021872570922 0.12955884771917831 0.63089349388778826 968.12419354838721 880.98124999999982 0.72695311118111527 969.26935483870977 4.5000000000000009 0.18281681932135149 643.50000000000011 0.97650828179861848
decision_type=2 2 2 2 2 2 2 2 2 2 2 2 2 2 2 2 2 2 2 2 2 2 2 2 2 2 2 2 2 2
left_child=3 2 5 11 20 21 -7 18 -9 -10 -3 12 -1 14 -14 26 -17 -18 -4 -20 -5 29 23 -12 -25 -11 -16 -28 -8 -2
right_child=1 10 7 4 -6 6 28 8 9 25 22 -13 13 -15 15 16 17 -19 19 -21 -22 -23 -24 24 -26 -27 27 -29 -30 -31
leaf_value=-3.426072826282844e-05 0.00088500538677908783 0.0069791536306950293 -0.0001852835271677584 -0.00012592704385053916 -3.426072826282844e-05 0.0068133489890476132 0.0062682627988190831 -0.0011646426347800942 0.0017978339955277965 -0.00031705576246971595 0.0056018134908267514 -3.426072826282844e-05 -3.426072826282844e-05 -8.547711669096292e-08 -3.4686382912241614e-05 6.9474551274247191e-05 -4.3373469133817039e-05 0.00011405788130631982 5.4411834712043976e-05 -3.4237500329177466e-05 0.0010055182543249525 -0.00036443860684640675 0.0070611760630249045 0.0032655494564799606 -0.0017394443409494782 0.00044102642895760827 -4.3549908825075634e-05 0.00038951607540087512 0.001469677646157569 -0.00078481736545471395
leaf_weight=2249 432 990 552 373 548 669 420 113 442 205 251 2899 372 210 147 118 107 58 426 148 189 143 396 168 102 69 69 43 419 44
leaf_count=2249 432 990 552 373 548 669 420 113 442 205 251 2899 372 210 147 118 107 58 426 148 189 143 396 168 102 69 69 43 419 44
internal_value=-0.0147659 0.01899 0.0104335 -0.0421509 -0.0216922 0.021969 0.028827 -0.00212168 0.00728916 0.0126918 0.0372904 -0.0457676 -0.042131 -0.0264889 -0.0325683 -0.0208103 -0.0068662 -0.0207831 -0.00905058 -0.00104348 0.00390764 0.00524194 0.0295752 0.0225096 0.0095941 -0.00290909 -0.0359615 -0.0185841 0.0189881 0.0109015
internal_weight=13371 5989 4082 7382 1110 2127 1508 1955 829 716 1907 6272 3373 1124 914 542 283 165 1126 574 562 619 917 521 270 274 259 112 839 476
internal_count=13371 5989 4082 7382 1110 2127 1508 1955 829 716 1907 6272 3373 1124 914 542 283 165 1126 574 562 619 917 521 270 274 259 112 839 476
is_linear=0
shrinkage=0.05


Tree=42
num_leaves=31
num_cat=0
split_feature=3 0 5 5 1 0 10 1 5 5 7 5 7 10 8 5 9 8 2 8 1 7 5 7 10 2 8 3 3 0
split_gain=5332.95 413.187 199.745 138.655 66.4548 55.1599 42.8334 41.5161 37.5642 148.931 63.8646 84.9551 37.3748 28.9492 28.3608 26.7856 22.3578 24.0125 19.9918 27.8353 21.2648 19.2371 31.4539 18.9736 29.974 30.9211 18.7051 25.3839 51.7998 18.5289
threshold=0.0057225854031287974 576.43548387096791 12.500000000000002 7.5000000000000009 52.62903225806452 279.40322580645164 609.23750000000007 10.24193548387097 16.500000000000004 3.5000000000000004 -0.17646730165275518 5.5000000000000009 0.63089349388778826 912.78125000000011 0.85223490906209554 12.500000000000002 -0.99054309756674508 -0.93545056548590078 963.79516129032265 -0.26037633224328088 99.98387096774195 0.28313308994381592 4.5000000000000009 0.2332836900311728 775.25625000000014 970.64677419354848 -0.083761810613583024 0.12307490891423363 0.036656493447867415 789.46774193548401
decision_type=2 2 2 2 2 2 2 2 2 2 2 2 2 2 2 2 2 2 2 2 2 2 2 2 2 2 2 2 2 2
left_child=8 2 3 16 13 26 -7 -3 9 -1 14 21 -13 -5 -11 -9 -2 -18 19 -6 -21 22 -12 24 -8 -26 27 28 -4 -17
right_child=1 7 5 4 18 6 23 15 -10 10 11 12 -14 -15 -16 29 17 -19 -20 20 -22 -23 -24 -25 25 -27 -28 -29 -30 -31
leaf_value=-3.2547691849687015e-05 0.0022429639144816299 0.0070147666073672177 -2.689091472499725e-05 0.007820994334319686 -0.00055600096527146645 0.0039838653736739837 0.0011612463466147884 0.0065554565866467636 -3.2547691849687015e-05 8.4036743027919367e-06 -4.058441428514474e-05 0.0013163111371811767 -3.25814264998206e-05 0.00052271369194168977 -3.926915628559748e-05 0.0014089086821831966 0.0011794270076374931 -6.6395869067120698e-06 0.0039124037522074162 0.0076566292316945341 -0.00026240135230048425 -3.2547691849687015e-05 -1.499775209523952e-05 -0.0015068576893984998 -0.00023738519731852093 0.00089957421690187655 -1.4192485583814442e-05 -0.00039452584789661865 4.2723185743566013e-05 0.0044846634689768546
leaf_weight=2241 49 875 41 519 161 213 152 636 3413 211 85 40 213 55 54 261 135 939 607 176 64 474 76 167 377 42 492 369 82 128
leaf_count=2241 49 875 41 519 161 213 152 636 3413 211 85 40 213 55 54 261 135 939 607 176 64 474 76 167 377 42 492 369 82 128
internal_value=-0.015212 0.017031 0.00898513 0.0177568 0.02729 -0.00327996 0.00530462 0.0366649 -0.0461883 -0.0424153 -0.027773 -0.0341957 -0.00964567 0.0408696 -0.00620301 0.0297758 0.00431495 0.0027907 0.0195243 0.0108209 0.0215768 -0.0439465 -0.0287037 -0.000405954 0.00393357 -0.00297619 -0.0115736 -0.0184584 0.00120968 0.019359
internal_weight=13347 6540 4640 2705 1582 1935 951 1900 6807 3394 1153 888 253 574 265 1025 1123 1074 1008 401 240 635 161 738 571 419 984 492 123 389
internal_count=13347 6540 4640 2705 1582 1935 951 1900 6807 3394 1153 888 253 574 265 1025 1123 1074 1008 401 240 635 161 738 571 419 984 492 123 389
is_linear=0
shrinkage=0.05


Tree=43
num_leaves=31
num_cat=0
split_feature=3 0 5 4 10 5 5 5 7 5 7 0 10 5 0 7 7 5 8 10 4 1 10 0 3 10 3 8 8 8
split_gain=5188.65 388.045 170.398 131.823 47.194 48.2395 44.3645 173.674 67.3533 90.7965 49.5046 44.1927 43.7729 42.8847 36.5869 32.0518 29.9781 46.2075 29.8855 30.5066 28.5428 27.536 27.3945 27.2196 30.6464 34.0716 31.6678 26.1199 24.5997 24.333
threshold=0.0057225854031287974 594.74193548387109 13.500000000000002 0.40468286710689605 643.50000000000011 11.500000000000002 16.500000000000004 3.5000000000000004 -0.23537842981696178 5.5000000000000009 0.60383265664488517 261.00000000000006 482.68749999999983 12.500000000000002 755.08064516129048 -0.63257203029273779 0.14888728888808328 4.5000000000000009 0.80417553764032002 957.92500000000007 0.64954033802454636 41.112903225806456 851.34375 48.306451612903231 0.12307490891423363 886.08125000000007 0.14791785697005203 -0.26037633224328088 0.27074174196563189 0.85223490906209554
decision_type=2 2 2 2 2 2 2 2 2 2 2 2 2 2 2 2 2 2 2 2 2 2 2 2 2 2 2 2 2 2
left_child=6 2 3 12 -5 15 7 -1 29 16 -11 23 -2 20 22 -6 17 -10 -13 -20 -3 -17 -15 -4 25 28 -26 -28 -25 -9
right_child=1 13 11 4 5 -7 -8 8 9 10 -12 18 -14 14 -16 21 -18 -19 19 -21 -22 -23 -24 24 26 -27 27 -29 -30 -31
leaf_value=-3.0920307257202668e-05 0.0034534634095666223 0.0031520193741203881 -4.1441617107172571e-05 0.0087732646165319342 0.00053661197564173764 -0.0010945412431751622 -3.0920307257202668e-05 2.8823326975089584e-05 -4.2169403594604632e-05 0.0018692994327322897 -3.0800899399925368e-05 -2.0698639130026231e-05 0.00010799701246120008 0.0030328253693269083 0.0044205736938901846 0.0043749740403662557 -3.0920307257202668e-05 0.00010264829629817348 0.0015039999593445099 -0.00039923726156619881 0.0078274382181763077 0.0030998737875255092 0.00023150714131158769 1.610799181022028e-05 -0.00032591778033969456 3.8493704011813207e-05 -0.00045770228536413937 6.7303863142672424e-05 -4.4954333665981526e-05 -3.4703401482124391e-05
leaf_weight=2230 139 160 75 619 297 141 3436 201 73 42 215 663 1222 133 352 272 517 63 177 45 963 317 200 68 90 95 207 211 120 51
leaf_count=2230 139 160 75 619 297 141 3436 201 73 42 215 663 1222 133 352 272 517 63 177 45 963 317 200 68 90 95 207 211 120 51
internal_value=-0.015349 0.016385 0.00888842 0.016107 0.0256223 0.0190175 -0.0458632 -0.0417625 -0.0260533 -0.032382 -0.00717054 -0.00351027 0.00458884 0.0360973 0.0261662 0.0233371 -0.0422783 -0.0211679 0.00434537 0.0201794 0.0421263 0.0300847 0.0142216 -0.011534 -0.00877525 0.00440141 -0.01611 -0.0102625 -0.00793651 -0.00316206
internal_weight=13394 6566 4758 3007 1646 1027 6828 3392 1162 910 257 1751 1361 1808 685 886 653 136 885 222 1123 589 333 866 791 283 508 418 188 252
internal_count=13394 6566 4758 3007 1646 1027 6828 3392 1162 910 257 1751 1361 1808 685 886 653 136 885 222 1123 589 333 866 791 283 508 418 188 252
is_linear=0
shrinkage=0.05


Tree=44
num_leaves=31
num_cat=0
split_feature=3 0 5 4 10 6 0 7 5 5 7 5 7 5 6 5 6 3 9 4 10 3 7 6 8 10 8 8 5 10
split_gain=5167.05 362.909 172.375 129.55 48.9751 45.9196 45.3813 42.4523 41.912 164.982 68.0482 85.6512 52.8388 60.82 36.7341 36.3427 35.1227 32.2145 31.859 30.4128 28.5445 28.6038 27.6565 27.5786 25.416 38.6719 22.4132 20.6383 20.6179 22.0996
threshold=0.0057225854031287974 662.64516129032268 13.500000000000002 0.35411054870131603 643.50000000000011 -0.065535378769913874 209.06451612903228 0.53312596302726967 16.500000000000004 3.5000000000000004 -0.69676771491221523 5.5000000000000009 0.19969739736768838 4.5000000000000009 -0.97113884758256674 11.500000000000002 -0.62588817255938378 0.040606292711811758 0.70747208174348741 0.80967841684096298 773.95000000000005 0.12307490891423363 -0.79904327102181261 0.30983042691905771 -0.42180583328916638 942.68750000000011 -0.63172727744526391 0.86972315351350449 12.500000000000002 883.69375000000002
decision_type=2 2 2 2 2 2 2 2 2 2 2 2 2 2 2 2 2 2 2 2 2 2 2 2 2 2 2 2 2 2
left_child=8 2 3 7 -5 17 22 -2 9 -1 23 12 13 26 -15 18 -13 -4 -6 27 -21 -22 -7 -11 25 -8 -12 -19 -3 -30
right_child=1 28 5 4 15 6 24 -9 -10 10 11 16 -14 14 -16 -17 -18 19 -20 20 21 -23 -24 -25 -26 -27 -28 -29 29 -31
leaf_value=-2.9374291894342532e-05 -0.00013068632743732378 0.0072839916958896966 -2.4556168901326166e-05 0.0084111310719145391 0.0027861419969260285 -0.00020001168521996491 -0.00021392737402565408 0.0016015283466207801 -2.9374291894342532e-05 -2.231292578098211e-05 -5.4529986661793933e-06 0.0011086932469447693 -2.9374291894342532e-05 -0.00011313264060804972 0.00049099303936727355 -3.2255939126918377e-05 -2.92608544299291e-05 -0.00057332795319659511 -1.1186299243617915e-05 0.00028378081329125473 3.6913970665956375e-05 -0.00023136254321926564 -1.2507876212149253e-05 0.00046554773827023023 0.0012284163729281679 0.00085474747530858296 -3.5289992461350224e-05 0.00036331592398673089 0.0053975500274978609 0.0022564756848639958
leaf_weight=2227 696 934 56 730 1008 47 195 513 3416 71 40 55 521 40 54 217 202 429 139 112 49 145 304 47 375 56 138 54 183 366
leaf_count=2227 696 934 56 730 1008 47 195 513 3416 71 40 55 521 40 54 217 202 429 139 112 49 145 304 47 375 56 138 54 183 366
internal_value=-0.0153689 0.0161295 0.00982247 0.0166314 0.0241527 -0.00252331 0.00485685 0.00359504 -0.0459263 -0.0419464 -0.0266895 -0.0307326 -0.0388539 -0.0208791 0.0115789 0.0185348 -0.00562016 -0.011052 0.0220819 -0.00841772 0.00390879 -0.00769231 -0.00951705 0.0092437 0.0129187 0.000595238 -0.0379888 -0.016219 0.0379043 0.0300909
internal_weight=13419 6608 5125 3303 2094 1822 977 1209 6811 3395 1168 1050 793 272 94 1364 257 845 1147 789 306 194 351 118 626 251 178 483 1483 549
internal_count=13419 6608 5125 3303 2094 1822 977 1209 6811 3395 1168 1050 793 272 94 1364 257 845 1147 789 306 194 351 118 626 251 178 483 1483 549
is_linear=0
shrinkage=0.05


Tree=45
num_leaves=31
num_cat=0
split_feature=0 0 5 0 5 4 7 1 0 6 1 8 5 5 5 2 2 6 6 5 7 4 9 2 4 7 4 6 0 1
split_gain=4573.06 379.115 200.863 196.496 277.634 78.6261 44.9324 44.007 41.1368 52.8553 40.0184 37.1208 35.8308 156.922 58.8847 32.719 31.0273 34.4051 24.2759 22.5974 21.3138 20.3766 18.7992 25.034 17.1592 16.4911 19.2325 16.8903 15.5211 15.3615
threshold=40.451612903225815 594.74193548387109 12.500000000000002 1.0000000180025095e-35 14.500000000000002 0.54744344683582147 -0.13398942717002907 7.9193548387096788 240.11290322580649 -0.90163369914317015 98.048387096774206 -0.77245553105869302 6.5000000000000009 3.5000000000000004 5.5000000000000009 968.59193548387111 962.98870967741948 -0.11692013674435776 0.98522604642031408 13.500000000000002 -0.5129677127369543 0.12955884771917831 0.68274389090025245 961.03387096774202 1.2995021872570922 -0.79904327102181261 0.71313582569789424 -0.082689790342551819 17.112903225806456 49.645161290322584
decision_type=2 2 2 2 2 2 2 2 2 2 2 2 2 2 2 2 2 2 2 2 2 2 2 2 2 2 2 2 2 2
left_child=3 2 5 12 21 6 22 -3 24 -10 -8 -11 13 -1 18 19 17 -7 -15 -9 -18 -5 23 -2 25 27 -27 -4 -23 -22
right_child=1 7 8 4 -6 16 10 15 9 11 -12 -13 -14 14 -16 -17 20 -19 -20 -21 29 28 -24 -25 -26 26 -28 -29 -30 -31
leaf_value=-2.7905577299625406e-05 -0.0015042799769532185 0.0062703135994947147 -1.473636825910455e-05 -8.9346698923841594e-05 -2.7905577299625406e-05 -0.0013927545613782013 0.0040137108286943139 0.003800287811129799 -0.00090192451158049587 -0.00042599114208338729 0.00044847110954818751 0.00061206181206277391 -2.7905577299625406e-05 -2.7905577299625406e-05 -1.2137292797641373e-05 0.0063891002096504064 0.0012412020550798708 0.0085984158538760704 -2.2290403533204459e-05 0.00028068548512725225 0.0069828539675854152 0.0022026907691267204 -0.00039009208444094266 0.00058791560797985466 -2.7753244963638194e-05 -0.00030928402400643589 2.1696270288536887e-05 -0.00023674261546304063 0.0002841655282819308 0.0049341655965404463
leaf_weight=2240 65 803 40 379 519 47 606 495 189 265 236 714 2914 844 202 359 149 62 63 132 334 50 114 412 197 349 225 53 98 222
leaf_count=2240 65 803 40 379 519 47 606 495 189 265 236 714 2914 844 202 359 149 62 63 132 334 50 114 412 197 349 225 53 98 222
internal_value=-0.015903 0.0161806 0.00809579 -0.0425376 -0.0224451 0.0183941 0.0113319 0.0355028 -0.00329562 0.00282293 0.0187426 0.0075 -0.0458892 -0.0423134 -0.0268919 0.0283688 0.0307975 0.00590909 -0.0323238 0.0214172 0.0346317 0.003125 0.000760135 0.00512552 -0.0115607 -0.00770958 -0.00452174 -0.0271277 0.0187919 0.0391382
internal_weight=13377 6068 4279 7309 1046 2247 1433 1789 2032 1168 842 979 6263 3349 1109 986 814 109 907 627 705 527 591 477 864 667 574 93 148 556
internal_count=13377 6068 4279 7309 1046 2247 1433 1789 2032 1168 842 979 6263 3349 1109 986 814 109 907 627 705 527 591 477 864 667 574 93 148 556
is_linear=0
shrinkage=0.05


Tree=46
num_leaves=31
num_cat=0
split_feature=3 0 5 4 10 6 5 5 7 5 0 1 6 5 1 6 7 10 3 3 3 1 7 8 8 6 10 7 1 10
split_gain=4922.65 353.327 136.161 140.569 61.047 48.5807 45.7913 170.099 70.3249 84.5957 44.1288 39.2844 38.2253 55.5285 36.8946 36.8091 36.395 34.4174 30.7042 40.5393 28.5747 28.2269 27.9386 25.3392 24.6319 23.6932 23.3513 44.7346 21.2407 21.1791
threshold=0.0057225854031287974 594.74193548387109 12.500000000000002 0.40468286710689605 897.08749999999998 -0.082689790342551819 16.500000000000004 3.5000000000000004 -0.17646730165275518 5.5000000000000009 236.53225806451618 7.9193548387096788 0.93237596376505805 4.5000000000000009 46.241935483870975 -0.73866753694953124 0.51849435583340198 643.50000000000011 0.040606292711811758 0.12307490891423363 0.66552582490574241 99.98387096774195 -0.80926783187727869 -0.57078386445773377 0.8277925332691819 0.97314989601849466 484.94999999999999 0.92519182738459482 1.7258064516129035 783.35000000000002
decision_type=2 2 2 2 2 2 2 2 2 2 2 2 2 2 2 2 2 2 2 2 2 2 2 2 2 2 2 2 2 2
left_child=6 2 3 17 14 18 7 -1 23 12 22 20 -10 -14 -5 -11 -12 21 -4 29 -3 26 -7 -9 28 -13 -2 -28 -21 -20
right_child=1 11 5 4 -6 10 -8 8 9 15 16 25 13 -15 -16 -17 -18 -19 19 24 -22 -23 -24 -25 -26 -27 27 -29 -30 -31
leaf_value=-2.6510298434644136e-05 0.0067438291920426663 0.001210412744302153 -2.3545926475785307e-05 0.0054949351047613951 0.00052509220788825588 -0.00018895555277597493 -2.6510298434644136e-05 8.975047268840365e-05 -2.6510298434644136e-05 0.0012759656162696883 0.0001087173565205768 0.0034032165974604402 -4.8967595802708562e-05 0.00021882794509515445 0.004067027830553893 -2.6553988618355584e-05 0.0048091104348720439 -0.00013851727380911893 -1.8249717568772097e-06 0.00029609147774359757 0.00620689602876528 -0.00046986067808739153 -6.2853169878925361e-06 -2.6083119521075773e-05 0.00016451233665035274 0.0084345483953711334 0.0021746320784767916 -0.0007729054827971517 -0.00066386710830885565 7.8262103687359267e-05
leaf_weight=2221 91 101 57 520 349 52 3424 88 543 43 444 876 53 48 570 217 207 797 62 82 688 138 361 186 139 121 204 108 547 51
leaf_count=2221 91 101 57 520 349 52 3424 88 543 43 444 876 53 48 570 217 207 797 62 82 688 138 361 186 139 121 204 108 547 51
internal_value=-0.0160206 0.0148873 0.00779289 0.0149568 0.0257986 -0.00214678 -0.0457576 -0.0416029 -0.0262087 -0.0329282 0.00516432 0.0338556 -0.0426357 -0.0142157 0.0316224 -0.00881226 0.0132669 0.00328603 -0.0104366 -0.00810658 0.0422152 0.0130074 -0.0076087 -0.004 -0.0122237 0.0272044 0.0196782 0.013099 -0.0164286 0.0197368
internal_weight=13388 6565 4779 2777 1439 2002 6823 3399 1178 904 1064 1786 644 101 1090 260 651 1338 938 881 789 541 413 274 768 997 403 312 629 113
internal_count=13388 6565 4779 2777 1439 2002 6823 3399 1178 904 1064 1786 644 101 1090 260 651 1338 938 881 789 541 413 274 768 997 403 312 629 113
is_linear=0
shrinkage=0.05


Tree=47
num_leaves=31
num_cat=0
split_feature=3 0 5 4 5 10 5 5 7 5 4 6 0 10 7 10 6 6 3 3 3 10 7 5 1 4 10 7 1 9
split_gain=4878.81 350.781 96.3454 92.6949 72.2804 57.8914 49.8897 193.36 84.143 92.1869 47.4507 46.6761 34.8892 41.4602 32.0455 31.1389 30.4762 29.8549 24.6812 25.3425 43.5655 36.1807 22.165 27.9492 21.0301 20.2731 33.2528 20.2277 19.6572 18.8791
threshold=0.0057225854031287974 522.11290322580658 13.500000000000002 0.35411054870131603 13.500000000000002 643.50000000000011 16.500000000000004 3.5000000000000004 -0.21862536810265826 5.5000000000000009 0.65367140458037687 0.98049069993378934 789.46774193548401 851.34375 0.91159213926341531 482.68749999999983 0.57077594689671507 0.98372640911059162 0.044927777995314687 0.12307490891423363 0.14521129302565808 779.40000000000009 -0.89787881968372518 11.500000000000002 52.048387096774199 0.80967841684096298 910.63125000000002 -0.46800559042974538 7.9193548387096788 1.0000000180025095e-35
decision_type=2 2 2 2 2 2 2 2 2 2 2 2 2 2 2 2 2 2 2 2 2 2 2 2 2 2 2 2 2 2
left_child=6 2 3 15 10 24 7 -1 29 11 -3 -10 13 -6 -11 -2 18 22 -4 21 -21 -20 -7 -24 -5 27 -27 -22 -12 -9
right_child=1 4 16 5 12 17 -8 8 9 14 28 -13 -14 -15 -16 -17 -18 -19 19 20 25 -23 23 -25 -26 26 -28 -29 -30 -31
leaf_value=-2.5184783512911928e-05 0.0027441012088699648 0.0022565681073845266 -2.2559001562220915e-05 0.0083326041876567898 0.002464077142116966 -0.00043046153893507857 -2.5184783512911928e-05 -2.4173964262320762e-05 -2.5184783512911928e-05 4.7034133548756551e-05 0.0064797111508804852 -1.930415288601738e-05 0.0026643162432976211 -0.00018421231555111191 -2.5226289187437803e-05 -5.6699020982797084e-05 3.2151130376076747e-05 0.0038965280905935876 -1.7847151291274336e-05 -0.00033086123101716167 0.00028948567047496209 7.3948387695779998e-05 0.0014943911679321188 -0.0017286209816917892 0.0050195880015173307 0.00058216438009986611 -8.727462100436984e-05 -0.00058486763144734134 0.0054196455431371783 3.7191328447999921e-05
leaf_weight=2250 131 370 94 263 134 109 3415 128 574 136 641 75 119 292 124 1058 536 78 74 66 91 54 633 92 344 131 96 438 698 123
leaf_count=2250 131 370 94 263 134 109 3415 128 574 136 641 75 119 292 124 1058 536 78 74 66 91 54 633 92 344 131 96 438 698 123
internal_value=-0.0159972 0.0148556 0.00645838 0.0121816 0.0308204 0.0203618 -0.0455684 -0.0412489 -0.0246339 -0.0317033 0.0358772 -0.0417692 0.0149267 0.00819672 -0.00651341 0.00172269 -0.00335231 0.0123768 -0.00832536 -0.00588854 -0.009113 0.0147287 0.00958084 0.012741 0.0323191 -0.00568032 0.00679825 -0.0110377 0.0402612 0.000992063
internal_weight=13367 6542 4288 2708 2254 1519 6825 3410 1160 909 1709 649 545 426 260 1189 1580 912 1044 950 822 128 834 725 607 756 227 529 1339 251
internal_count=13367 6542 4288 2708 2254 1519 6825 3410 1160 909 1709 649 545 426 260 1189 1580 912 1044 950 822 128 834 725 607 756 227 529 1339 251
is_linear=0
shrinkage=0.05


Tree=48
num_leaves=31
num_cat=0
split_feature=3 0 5 4 2 5 5 10 5 5 10 5 10 0 1 5 4 6 8 3 6 5 8 10 2 6 4 3 6 6
split_gain=4741.46 312.737 106.608 85.0972 85.0199 64.4735 66.8686 49.1722 43.9789 172.001 58.2411 51.2771 48.5202 42.4117 38.7728 29.7389 38.208 28.802 28.5252 29.3026 28.4504 26.6494 40.3129 25.8824 25.2019 21.2461 20.8983 26.1089 19.6318 26.339
threshold=0.0057225854031287974 424.56451612903231 13.500000000000002 0.65367140458037687 973.06935483870973 11.500000000000002 7.5000000000000009 869.5374999999998 16.500000000000004 3.5000000000000004 934.13750000000016 5.5000000000000009 652.46875 789.46774193548401 99.951612903225822 12.500000000000002 0.77864400212636553 -0.90163369914317015 -0.42180583328916638 0.1630652716949948 -0.61237985104942771 4.5000000000000009 -0.40614512594453095 919.78125000000011 969.47258064516143 0.98049069993378934 0.072346930293594444 0.078610432266089436 -0.60554068365937697 0.71503381463111937
decision_type=2 2 2 2 2 2 2 2 2 2 2 2 2 2 2 2 2 2 2 2 2 2 2 2 2 2 2 2 2 2
left_child=8 4 3 25 5 6 26 17 9 -1 11 12 -11 24 -8 -5 -17 -4 23 -20 -13 28 -23 -7 -9 -3 -2 -28 -14 -30
right_child=1 2 7 15 -6 18 14 13 -10 10 -12 20 21 -15 -16 16 -18 -19 19 -21 -22 22 -24 -25 -26 -27 27 -29 29 -31
leaf_value=-2.3925544337266331e-05 -0.00033395410103716287 0.0014349687998959527 -0.00033961684392057605 0.0061556094257702865 0.002415083453158487 -0.00033242606539523603 0.0041530351848094726 -0.00066665039595464057 -2.3925544337266331e-05 -2.3925544337266331e-05 1.5507053657980121e-05 0.00069351694746173042 -2.3759823088488138e-05 0.0023583232261374879 -0.0001908425224153576 0.00077684296611958421 0.0050056730214390307 0.0023653605146308713 -2.6293838749049016e-05 0.00013901040254081683 -2.396497472806591e-05 -2.2878510329105936e-05 1.14851727656024e-05 1.9389494819572747e-05 0.00092296047693322676 0.0077494470585572524 0.0013968531052525825 7.3497675180528299e-05 4.7454078796464223e-05 -3.022338034270345e-05
leaf_weight=2246 228 553 40 1168 341 469 615 287 3355 349 104 54 123 91 164 144 200 237 283 660 205 51 129 110 106 74 58 756 51 103
leaf_count=2246 228 553 40 1168 341 469 615 287 3355 349 104 54 123 91 164 144 200 237 283 660 205 51 129 110 106 74 58 756 51 103
internal_value=-0.0163609 0.0138497 0.0261289 0.0318458 0.0041791 0.0017494 0.0080955 0.0100394 -0.0457392 -0.0417008 -0.0261111 -0.0295966 -0.0358116 0.000412371 0.0191667 0.0382683 0.0252174 0.0267986 -0.00584373 -0.000476695 -0.0101923 -0.025 -0.00994475 -0.014569 -0.00672589 0.0163217 -0.000191755 0.00355828 -0.0347122 -0.0225806
internal_weight=13354 6584 2900 2139 3684 3343 1821 761 6770 3415 1169 1065 806 484 779 1512 344 277 1522 943 259 457 180 579 393 627 1042 814 277 154
internal_count=13354 6584 2900 2139 3684 3343 1821 761 6770 3415 1169 1065 806 484 779 1512 344 277 1522 943 259 457 180 579 393 627 1042 814 277 154
is_linear=0
shrinkage=0.05


Tree=49
num_leaves=31
num_cat=0
split_feature=3 0 5 5 1 5 5 7 5 6 6 6 0 8 5 4 4 10 10 8 7 1 10 8 10 7 7 10 8 4
split_gain=4795.41 320.727 130.774 124.456 62.1758 41.0243 160.34 71.9827 80.5032 46.9616 38.9654 34.7375 33.7195 36.7768 29.5294 32.9462 30.0873 24.1174 22.771 21.6729 25.2252 26.428 23.288 19.5721 18.0101 17.7649 17.8005 17.475 24.417 16.864
threshold=0.0027436920048717691 662.64516129032268 12.500000000000002 7.5000000000000009 63.790322580645167 16.500000000000004 3.5000000000000004 -0.28519997588938989 5.5000000000000009 0.9893236546938301 -0.065535378769913874 -0.73866753694953124 240.11290322580649 0.90892735371523092 12.500000000000002 0.64686110613066072 0.77864400212636553 643.50000000000011 734.1812500000002 0.98901264295277169 -0.89787881968372518 18.2741935483871 951.78750000000014 0.85223490906209554 939.03750000000002 -0.80926783187727869 -0.38243420677835349 942.68750000000011 -0.42180583328916638 0.54744344683582147
decision_type=2 2 2 2 2 2 2 2 2 2 2 2 2 2 2 2 2 2 2 2 2 2 2 2 2 2 2 2 2 2
left_child=5 2 3 19 18 6 -1 23 9 -9 -4 -10 25 27 15 -3 -16 -6 -5 20 -2 22 -22 -8 -23 -12 -27 28 -14 -19
right_child=1 14 10 4 17 -7 7 8 11 -11 12 -13 13 -15 16 -17 -18 29 -20 -21 21 24 -24 -25 -26 26 -28 -29 -30 -31
leaf_value=-2.2729267120403015e-05 -0.00029254931545677677 0.0010236202511181181 -6.0105712111081035e-05 0.0075586035693087751 0.0044292360564230334 -2.2729267120403015e-05 3.3500592156899234e-05 -2.2729267120403015e-05 0.00094600627456602909 2.9973686568731059e-05 -0.00015844566298377062 -2.2766725991662615e-05 -0.0002839753529516209 0.0058643575190159255 0.00047288126012981491 0.0059718430866165188 0.0029539498909851637 5.1827286838351808e-05 0.0025699735943329194 -0.0004645780500034391 0.0011798370116828884 -0.0001401614630420659 -0.0004496045044092574 -2.7547083083391003e-05 0.00088417820433385203 2.5235093326558519e-05 -2.809978005137349e-05 0.00098537151805101471 0.00079065138353864861 0.0024257020023194242
leaf_weight=2217 188 72 998 418 474 3476 170 625 42 52 48 203 211 103 136 882 413 331 391 59 263 500 47 54 83 68 306 49 336 179
leaf_count=2217 188 72 998 418 474 3476 170 625 42 52 48 203 211 103 136 882 413 331 391 59 263 500 47 54 83 68 306 49 336 179
internal_value=-0.0166853 0.0138728 0.00783693 0.0146728 0.0228818 -0.0459722 -0.0419887 -0.0267655 -0.0329361 -0.0418142 -0.00162736 -0.00833333 0.00476827 0.0115 0.0341423 0.0394764 0.0248182 0.0144162 0.0331481 0.00175285 0.00337338 0.00687919 0.0186495 -0.00133333 0.000599315 -0.00638298 -0.00266667 0.00670017 0.00410584 0.00684932
internal_weight=13394 6555 5052 2933 1793 6839 3363 1146 922 677 2119 245 1121 699 1503 954 549 984 809 1140 1081 893 310 224 583 422 374 596 547 510
internal_count=13394 6555 5052 2933 1793 6839 3363 1146 922 677 2119 245 1121 699 1503 954 549 984 809 1140 1081 893 310 224 583 422 374 596 547 510
is_linear=0
shrinkage=0.05


Tree=50
num_leaves=31
num_cat=0
split_feature=3 0 10 3 2 10 0 1 6 8 2 10 3 8 10 6 2 2 7 8 1 3 8 7 2 1 4 3 10 10
split_gain=4648.48 305.675 110.01 68.9962 64.4709 72.7508 50.867 47.4913 32.5376 34.0006 29.7813 28.5524 28.381 26.3867 33.236 23.9288 23.5703 21.5898 21.2621 33.2955 20.8753 20.5863 17.7254 17.3291 16.4286 16.37 29.0589 16.2433 14.5294 14.5006
threshold=0.0027436920048717691 531.27419354838719 643.50000000000011 0.19834390979210173 968.64032258064537 880.98124999999982 845.95161290322596 50.790322580645167 0.98667101781630195 -0.9470547246821871 962.25645161290333 934.13750000000016 0.31757160127677031 0.92023804793023134 479.71249999999986 -0.92274349529687905 965.05322580645168 964.79838709677426 -0.63257203029273779 0.86972315351350449 99.016129032258078 0.69553062551956302 -0.9470547246821871 0.16587474750015932 970.32741935483875 50.274193548387103 0.71432779265644519 0.45371022144492212 783.20000000000016 988.53750000000002
decision_type=2 2 2 2 2 2 2 2 2 2 2 2 2 2 2 2 2 2 2 2 2 2 2 2 2 2 2 2 2 2
left_child=-1 2 3 20 5 15 17 -5 9 11 23 -4 -10 14 -9 -3 -16 22 29 25 -2 24 -7 -11 -6 26 -20 28 -27 -12
right_child=1 4 8 7 21 6 -8 13 12 10 18 -13 -14 -15 16 -17 -18 -19 19 -21 -22 -23 -24 -25 -26 27 -28 -29 -30 -31
leaf_value=-2.1592803764382863e-05 3.2525691124967156e-05 0.0015513164996601549 1.4920345796403003e-05 0.0064700885354619991 0.001229885641277087 0.0010900714758033199 0.0031386386410460461 0.0080283843470459748 -1.4618058661820637e-05 -0.00061166906819801192 -0.00013516865397220217 0.00075461277064534484 0.0027499238954463534 0.0065488947964616358 -0.00194724724093735 0.0055277682778586638 0.0014671040523523138 0.0010447377481130726 0.001064198606290387 0.00097833482116077564 -0.00024102712784261212 0.0060244045814212945 -0.0013509045622068618 -5.3970385101482062e-05 0.0045265136362513756 -0.00095951852638157811 -1.982292386101518e-05 0.00027206977161554625 -2.0623478590103304e-05 0.00035710486754315376
leaf_weight=6756 379 121 255 365 112 56 250 159 82 227 565 112 129 184 143 526 289 295 259 99 85 525 141 133 218 180 173 293 191 44
leaf_count=6756 379 121 255 365 112 56 250 159 82 227 565 112 129 184 143 526 289 295 259 99 85 525 141 133 218 180 173 293 191 44
internal_value=-0.0167079 0.0131695 0.00542903 0.0158255 0.0281514 0.0214748 0.0107672 0.0224365 -0.000656216 -0.00223144 -0.00461894 0.0118207 0.0181604 0.0153995 0.0102196 0.0337191 0.00300231 0.00141988 -0.00199446 0.00188127 -0.000430108 0.0389603 -0.0113636 -0.0177285 0.029003 -0.000638104 0.00692841 -0.00556391 -0.0125 -0.00959016
internal_weight=13346 6590 4346 1604 2244 1389 742 1140 2742 2531 2164 367 211 775 591 647 432 492 1804 1195 464 855 197 360 330 1096 432 664 371 609
internal_count=13346 6590 4346 1604 2244 1389 742 1140 2742 2531 2164 367 211 775 591 647 432 492 1804 1195 464 855 197 360 330 1096 432 664 371 609
is_linear=0
shrinkage=0.05


Tree=51
num_leaves=31
num_cat=0
split_feature=3 0 2 10 0 10 1 11 3 8 2 2 11 8 2 10 0 9 11 6 9 6 8 11 2 11 6 8 3 4
split_gain=4691.43 277.954 105.53 47.4506 56.8767 37.606 35.497 33.4553 32.6913 30.385 29.889 28.0384 27.6623 27.3115 28.8646 25.1054 24.8092 24.7452 21.6466 20.8395 20.5428 20.4658 30.5219 22.6913 19.4198 19.3055 19.1986 17.4257 17.142 16.0266
threshold=0.0027436920048717691 651.00000000000011 972.23709677419367 863.22500000000002 327.11290322580652 458.7062499999999 6.9838709677419368 6.3209677419354842 0.30124888201733763 0.8080041977283311 969.31451612903231 968.59193548387111 15.406451612903227 -0.95244167294248061 964.74032258064528 880.98124999999982 4.0967741935483879 -0.44697929599948477 15.051612903225807 -0.44504625642270151 0.19969739736768838 -0.13398594226331254 -0.70291267844185523 36.779032258064525 973.88870967741946 23.393548387096775 0.78325454425165997 0.58481550752069722 0.78046959389118598 0.71313582569789424
decision_type=2 2 2 2 2 2 2 2 2 2 2 2 2 2 2 2 2 2 2 2 2 2 2 2 2 2 2 2 2 2
left_child=-1 2 3 4 5 -2 25 -7 -4 12 13 15 -6 -5 18 -8 -9 24 -15 -14 29 22 -18 -23 -10 -3 28 -21 -17 -12
right_child=1 6 8 10 9 7 11 16 17 -11 20 -13 19 14 -16 26 21 -19 -20 27 -22 23 -24 -25 -26 -27 -28 -29 -30 -31
leaf_value=-2.0513163576163721e-05 0.0054144666674121184 0.0052799407573304426 0.00028414513500828143 0.00015519711996305906 0.0030392442955954699 0.00088733622605154528 0.0035998279412101986 -0.00065285430555164922 -0.00016694372667755699 0.0037660181563488274 0.0019428268162753476 0.005071289013589747 -0.00062965507294963647 -0.00012845963381292701 -2.4855295592722193e-05 -0.00052629327763526748 4.7627993767465945e-05 0.0058398669848160091 -0.0010245499710442364 0.0030306795415366407 -4.3405604336298203e-05 6.5426182602263151e-05 -0.00018085699865201532 0.0024900219063412471 0.0021579612257893953 0.0026089179372758733 -0.0012321978709150666 -0.00032258857333572759 0.002708885591405519 -2.9165593099372837e-07
leaf_weight=6799 83 529 215 218 298 126 213 113 67 266 134 315 179 160 633 52 390 328 173 161 171 652 376 91 70 174 74 76 182 55
leaf_count=6799 83 529 215 218 298 126 213 113 67 266 134 315 179 160 633 52 390 328 173 161 171 652 376 91 70 174 74 76 182 55
internal_value=-0.0165956 0.0135209 0.0078336 0.00497016 0.00883713 0.00362991 0.0321104 0.00205832 0.026138 0.0185525 -0.0020712 0.0250896 0.0131469 -0.00590717 -0.00951396 0.0179119 0.000123229 0.0335837 -0.0214072 0.00479616 0.0105263 0.00182119 -0.00391134 0.00772849 0.0155797 0.0404119 0.00873786 0.0144958 0.0157447 0.0218421
internal_weight=13373 6574 5035 4355 2811 1831 1539 1748 680 980 1544 836 714 1184 966 521 1622 465 333 416 360 1509 766 743 137 703 308 237 234 189
internal_count=13373 6574 5035 4355 2811 1831 1539 1748 680 980 1544 836 714 1184 966 521 1622 465 333 416 360 1509 766 743 137 703 308 237 234 189
is_linear=0
shrinkage=0.05


Tree=52
num_leaves=31
num_cat=0
split_feature=3 0 5 5 1 5 5 7 5 5 6 5 1 8 3 3 10 5 7 10 2 10 7 1 10 5 10 0 8 1
split_gain=4512.72 265.324 122.511 114.036 62.5734 43.8302 173.917 71.7731 88.5177 41.328 39.0466 54.9253 36.2673 32.3887 38.7345 39.3815 33.547 32.1489 29.211 29.0854 25.5864 24.8452 22.5246 29.5283 44.1266 21.6533 20.2746 40.6526 18.8541 18.3825
threshold=0.0027436920048717691 662.64516129032268 12.500000000000002 7.5000000000000009 59.370967741935495 16.500000000000004 3.5000000000000004 -0.18493013702746822 5.5000000000000009 13.500000000000002 0.93845596220871974 4.5000000000000009 6.9838709677419368 -0.42180583328916638 0.12307490891423363 0.029505470076573091 941.90000000000009 8.5000000000000018 0.92519182738459482 895.57500000000005 968.69838709677435 643.50000000000011 -0.8901731938066898 30.887096774193552 958.70000000000005 10.500000000000002 758.95000000000016 189.45161290322582 -0.57078386445773377 8.5322580645161299
decision_type=2 2 2 2 2 2 2 2 2 2 2 2 2 2 2 2 2 2 2 2 2 2 2 2 2 2 2 2 2 2
left_child=5 2 3 22 17 6 -1 -8 10 12 -9 -12 -3 14 15 -4 29 -5 -10 -11 -14 -6 -2 24 -24 -23 27 -15 -21 -16
right_child=1 9 13 4 21 -7 7 8 18 19 11 -13 20 26 16 -17 -18 -19 -20 28 -22 25 23 -25 -26 -27 -28 -29 -30 -31
leaf_value=-1.9487505397355532e-05 -0.00030312181191012453 0.0051835619327825384 -2.1652458335782317e-05 0.0019473812353367371 0.0041540585013471803 -1.9487505397355532e-05 -4.7461537255797959e-06 -1.9487505397355532e-05 4.66282902052053e-05 0.0035116339304256451 -4.4502753473554899e-05 0.00017455149849047942 0.0025729856697972288 -5.6332688758356252e-05 -5.3921018097966011e-06 2.6689812592104754e-05 0.00047576092065036994 0.0064417637927865427 -1.9523091325052154e-05 0.001057120479123233 0.0057658318610187892 0.0014033968258663765 0.00089267760769959142 -0.00014949885578509765 -0.00078912192478422798 -0.00085845966268204845 -1.8749201393757902e-05 0.0013385248740874539 -0.00048385570964091243 -0.00083898234953119354
leaf_weight=2210 194 520 40 311 497 3368 247 530 127 93 53 45 427 220 111 95 71 473 119 114 237 376 343 554 40 176 700 440 101 486
leaf_count=2210 194 520 40 311 497 3368 247 530 127 93 53 45 427 220 111 95 71 473 119 114 237 376 343 554 40 176 700 440 101 486
internal_value=-0.0168857 0.0123943 0.00699103 0.0135919 0.0212923 -0.0458134 -0.0417017 -0.0256239 -0.0323429 0.0309444 -0.0422893 -0.0131313 0.0351899 -0.00205638 -0.0100124 0.0143382 -0.0149477 0.0319745 -0.00688259 0.0145631 0.0273684 0.0132857 0.00110424 0.0043177 0.014974 0.00596745 0.00264511 0.00892587 0.00439815 -0.0188127
internal_weight=13318 6619 5127 2964 1833 6699 3331 1121 874 1492 628 98 1184 2163 803 135 668 784 246 308 664 1049 1131 937 383 552 1360 660 215 597
internal_count=13318 6619 5127 2964 1833 6699 3331 1121 874 1492 628 98 1184 2163 803 135 668 784 246 308 664 1049 1131 937 383 552 1360 660 215 597
is_linear=0
shrinkage=0.05


Tree=53
num_leaves=31
num_cat=0
split_feature=0 5 0 5 0 1 10 2 0 6 5 5 7 5 5 9 10 1 9 6 2 8 10 8 7 10 2 6 7 0
split_gain=4059.58 268.558 154.927 219.568 131.195 60.7694 59.948 51.938 42.9993 40.0466 39.4366 164.109 75.0706 92.7166 36.1076 47.0591 33.0948 32.4778 29.4346 27.1029 35.761 25.1795 22.7763 21.7216 21.3934 23.6696 20.2015 20.0806 19.3798 19.0861
threshold=33.306451612903231 13.500000000000002 1.0000000180025095e-35 14.500000000000002 453.16129032258067 7.9193548387096788 643.50000000000011 967.9629032258066 229.50000000000003 -0.59869031648930193 6.5000000000000009 3.5000000000000004 0.029024409397335523 5.5000000000000009 4.5000000000000009 -0.14250536273956091 863.22500000000002 52.62903225806452 -0.039769286347669845 0.98667101781630195 961.03387096774202 0.88119114410046628 956.02500000000009 0.10196183112029107 -0.39036009226888674 948.90625000000011 970.14677419354848 -0.35846811432664222 0.21652257995689161 50.209677419354847
decision_type=2 2 2 2 2 2 2 2 2 2 2 2 2 2 2 2 2 2 2 2 2 2 2 2 2 2 2 2 2 2
left_child=2 4 10 23 6 22 17 16 29 24 11 -1 14 -14 15 -13 -7 -2 -18 20 -8 26 -6 27 25 -10 -11 -4 -28 -3
right_child=1 8 3 -5 5 7 19 -9 9 21 -12 12 13 -15 -16 -17 18 -19 -20 -21 -22 -23 -24 -25 -26 -27 28 -29 -30 -31
leaf_value=-1.8513130127487755e-05 0.0061465059343509326 -1.8513130127487755e-05 0.0013342737466552424 -1.8513130127487755e-05 0.0050074899340189719 0.0035765924344050072 -0.0018759102674450316 0.0045264215741875006 0.00093401642806748844 9.767298173282147e-05 -1.8513130127487755e-05 -2.5126037371394848e-05 -1.8513130127487755e-05 -1.6749988246307983e-05 0.00037843662356945351 7.8885941110793362e-06 -0.0013394662720093099 0.0029204892154301165 0.0023238050510106939 0.0024828420241791217 0.00032749640144002503 0.0020615038687332526 0.0015941373863426645 -0.00020926321045571102 -0.0008649735601531372 -0.00076351324084469874 0.0012530686807815774 -0.00010861947247055997 -3.7821696386271256e-05 -2.1495158932930412e-05
leaf_weight=2202 256 119 106 474 665 357 120 531 91 673 2920 138 573 190 78 133 201 589 116 85 949 118 91 219 214 91 107 122 64 739
leaf_count=2202 256 119 106 474 665 357 120 531 91 673 2920 138 573 190 78 133 201 589 116 85 949 118 91 219 214 91 107 122 64 739
internal_value=-0.017248 0.0124494 -0.0428801 -0.0236985 0.0202474 0.0294343 0.011225 0.0224295 -0.0014885 0.00404709 -0.0457097 -0.0419306 -0.0262354 -0.0350131 -0.007 -0.015625 0.0131852 0.0213357 0.00141509 0.00380952 0.00163551 0.00955348 0.0405548 0.00145089 -0.0093199 0.00327869 0.00650888 0.0122271 0.0218023 -0.0102445
internal_weight=13331 6176 7155 921 3960 1961 1999 1205 2216 1358 6234 3314 1112 763 349 271 674 845 317 1154 1069 962 756 447 396 182 844 228 171 858
internal_count=13331 6176 7155 921 3960 1961 1999 1205 2216 1358 6234 3314 1112 763 349 271 674 845 317 1154 1069 962 756 447 396 182 844 228 171 858
is_linear=0
shrinkage=0.05


Tree=54
num_leaves=31
num_cat=0
split_feature=3 3 1 5 5 1 2 5 5 7 5 7 5 10 9 1 6 1 6 5 6 7 10 5 6 10 1 3 6 3
split_gain=4509.91 250.034 94.8023 67.642 86.1599 58.6822 56.812 42.5721 173.074 74.226 85.4074 58.1329 67.2224 34.9699 36.5986 29.0809 29.0379 26.8829 32.5236 26.7695 24.0526 32.2871 23.4661 23.718 23.4601 21.5208 21.1129 20.4134 20.0956 22.1093
threshold=1.0000000180025095e-35 0.54027477859100315 7.9193548387096788 12.500000000000002 7.5000000000000009 50.274193548387103 968.53709677419363 15.500000000000002 3.5000000000000004 -0.68432604233786842 5.5000000000000009 0.19969739736768838 4.5000000000000009 863.22500000000002 -0.34234976856068178 33.677419354838719 -0.97113884758256674 98.209677419354847 0.55656748448714433 13.500000000000002 0.63920241694561786 0.51849435583340198 490.2374999999999 15.500000000000002 -0.18492532721306487 482.68749999999983 80.500000000000014 0.17081877253930289 -0.25205528343633254 0.30479865864778083
decision_type=2 2 2 2 2 2 2 2 2 2 2 2 2 2 2 2 2 2 2 2 2 2 2 2 2 2 2 2 2 2
left_child=7 3 19 4 -2 -6 13 8 -1 24 11 12 -11 17 15 -15 -14 18 -4 -3 22 -22 27 -24 -10 -7 -12 -5 -25 -30
right_child=1 2 6 20 5 25 -8 -9 9 10 26 -13 16 14 -16 -17 -18 -19 -20 -21 21 -23 23 28 -26 -27 -28 -29 29 -31
leaf_value=-1.758747362111337e-05 4.723198292677297e-05 0.0042067366598043361 0.0011657290279496664 -8.9710296363779146e-05 0.0055338452620702005 0.0074543812392396441 0.0038847148385458305 -1.758747362111337e-05 -8.7246140751654168e-06 -2.3725292580266283e-05 5.0126415245514766e-05 -1.758747362111337e-05 -8.9796298121349769e-05 0.001612083807718101 0.0012452409716298741 -0.0033724126949250203 0.00056501981312936033 -0.00011839848469420711 0.0064372746472273262 0.0011206846704910234 -6.6456127494427676e-07 0.0030913183560405373 -0.00084611356675963478 8.2522414944408454e-06 0.00043521898296496384 0.0011884833421288155 -3.3831898448055992e-05 0.0022996693252664599 -0.00012471626942524785 -1.284987102964444e-05
leaf_weight=2235 1142 734 242 65 362 125 544 3428 62 182 123 515 40 52 343 171 55 129 263 169 401 109 479 425 51 545 88 149 90 124
leaf_count=2235 1142 734 242 65 362 125 544 3428 62 182 123 515 40 52 343 171 55 129 263 169 401 109 479 425 51 545 88 149 90 124
internal_value=-0.0170646 0.0121474 0.0240748 0.0042818 0.0102529 0.0207164 0.0172493 -0.0457743 -0.0417214 -0.0256043 -0.0299303 -0.0374527 -0.0188849 0.0111574 0.0021164 -0.0136161 0.0151042 0.0192126 0.0244071 0.0372235 -0.00276723 0.00645793 -0.00630158 -0.00920465 0.0127193 0.0119225 -0.00165094 0.00883721 -0.00289063 -0.0153488
internal_weight=13442 6663 2647 4016 2174 1032 1744 6779 3351 1116 1003 792 277 1200 566 223 95 634 505 903 1842 510 1332 1118 113 670 211 214 639 214
internal_count=13442 6663 2647 4016 2174 1032 1744 6779 3351 1116 1003 792 277 1200 566 223 95 634 505 903 1842 510 1332 1118 113 670 211 214 639 214
is_linear=0
shrinkage=0.05


Tree=55
num_leaves=31
num_cat=0
split_feature=3 0 2 0 10 3 2 2 1 10 7 1 4 1 4 8 7 11 6 7 6 7 3 10 7 10 7 6 8 3
split_gain=4326.41 257.456 74.0127 50.8006 66.4965 47.9315 38.3078 36.8263 33.1533 30.7039 27.1984 30.1243 24.7624 24.5817 23.0195 21.0529 19.2367 28.3653 17.3404 16.3766 15.6454 21.0382 18.3096 15.5694 15.2928 16.2993 15.265 15.2564 14.9466 14.9341
threshold=1.0000000180025095e-35 733.95161290322596 973.06935483870973 436.04838709677426 863.22500000000002 0.30479865864778083 965.85967741935485 968.69838709677435 6.9838709677419368 458.7062499999999 -0.90531874877253482 79.629032258064527 0.71959781027696479 55.532258064516135 0.63732097027414525 0.91161058030431363 -0.61915584096709908 7.0790322580645171 -0.73866753694953124 -0.8901731938066898 -0.92274349529687905 0.063390085881955341 0.41780064058297589 734.1812500000002 -0.7444366621422277 903.83124999999995 -0.57782411410281842 0.98667101781630195 -0.99275346941927067 0.45120087272433579
decision_type=2 2 2 2 2 2 2 2 2 2 2 2 2 2 2 2 2 2 2 2 2 2 2 2 2 2 2 2 2 2
left_child=-1 2 3 9 13 14 -6 8 -3 -2 -11 16 -8 23 -4 26 28 -18 -7 -10 21 -19 -22 -5 -21 -26 -13 -15 -12 -17
right_child=1 7 5 4 6 18 12 -9 19 10 11 15 -14 27 -16 29 17 20 -20 24 22 -23 -24 -25 25 -27 -28 -29 -30 -31
leaf_value=-1.6708099940057701e-05 0.0061389217531793022 0.0037975828056737051 0.0010116738981239936 0.008417843297239061 -0.00092967948302892099 0.0012845208503382444 0.0015011434894595334 0.0048324533765136514 -0.00065849492529608262 -0.00010029407507368415 0.00019184991242068156 0.00028932810196688165 -0.00021839235252789357 0.00089312150645006198 -0.00012397727386300982 0.0001028099155249318 0.0016339123305184168 4.3496452868177493e-05 0.0054825946525779434 0.0044311698640270179 2.8102680963825943e-05 -0.00054782508522459512 0.00318817450159421 0.0017617689527492876 0.0047073839505714643 0.00036609789591603994 -0.00024163401997626626 0.0052163406667664449 -5.5654052185472645e-05 0.0069854678760117419
leaf_weight=6774 88 326 97 152 232 93 279 426 59 301 43 74 182 277 64 105 197 147 272 58 754 83 216 288 85 141 1136 68 345 54
leaf_count=6774 88 326 97 152 232 93 279 426 59 301 43 74 182 277 64 105 197 147 272 58 754 83 216 288 85 141 1136 68 345 54
internal_value=-0.0178356 0.0108385 0.00646179 0.0045898 0.0123732 0.0242884 0.00108069 0.0329836 0.025597 0.00134029 0.000593171 0.00196513 0.00941558 0.0223282 0.00154321 -0.00361314 0.006243 0.00897711 0.0342896 0.0146802 0.00607827 -0.00562771 0.00885685 0.0301587 0.0196491 0.0136564 -0.00586292 0.0122832 -0.00359897 0.0134375
internal_weight=13416 6642 5547 5021 1478 526 693 1095 669 3543 3455 3154 461 785 161 1369 1785 1397 365 343 1200 230 970 440 284 226 1210 345 388 159
internal_count=13416 6642 5547 5021 1478 526 693 1095 669 3543 3455 3154 461 785 161 1369 1785 1397 365 343 1200 230 970 440 284 226 1210 345 388 159
is_linear=0
shrinkage=0.05


Tree=56
num_leaves=31
num_cat=0
split_feature=3 0 5 4 7 4 5 5 7 5 6 6 2 1 8 7 2 6 8 3 3 0 4 1 8 9 5 4 5 0
split_gain=4312.63 240.346 110.617 139.181 56.0999 41.0367 38.2873 162.74 74.6011 83.4678 41.8251 33.2956 29.5911 26.7488 26.4755 24.2042 23.985 25.4063 23.377 22.4867 32.7422 24.143 21.7224 19.6475 19.628 17.9761 17.3923 22.1011 17.0174 16.996
threshold=1.0000000180025095e-35 755.08064516129048 12.500000000000002 0.60181424427259755 0.50370931781787065 0.28159663105479793 15.500000000000002 3.5000000000000004 -0.21862536810265826 5.5000000000000009 0.9893236546938301 0.98372640911059162 968.69838709677435 6.9838709677419368 0.99049901459377832 -0.89787881968372518 962.56935483870973 0.022575936829235418 -0.42180583328916638 0.12307490891423363 0.029505470076573091 345.08064516129042 0.14528689137828979 15.435483870967744 0.81425425632861714 -0.22072160979833103 14.500000000000002 0.82128676962712577 10.500000000000002 167.33870967741936
decision_type=2 2 2 2 2 2 2 2 2 2 2 2 2 2 2 2 2 2 2 2 2 2 2 2 2 2 2 2 2 2
left_child=6 2 3 4 11 -6 7 -1 24 10 -10 14 13 -3 15 -2 17 -5 19 20 -4 -21 -17 -23 -9 -11 27 -20 -7 -13
right_child=1 12 18 16 5 28 -8 8 9 25 -12 29 -14 -15 -16 22 -18 -19 26 21 -22 23 -24 -25 -26 -27 -28 -29 -30 -31
leaf_value=-1.5872694943054816e-05 -0.00030279405134156089 0.0037448968528838444 -1.5220953036995248e-05 -0.0024741762556976746 0.00037244463456717895 0.0050206135628226845 -1.5872694943054816e-05 5.3090103190735465e-05 -1.5872694943054816e-05 0.00084804639635037567 -7.4185664552892804e-07 0.00019886073256218247 0.0048490748758712654 0.0019376245563119511 -0.00070751621964992753 -0.00037942119697245637 0.0034310302709138624 0.0059298407152532963 0.00060918433433489465 -0.00038808374679238835 2.5058173924701955e-05 0.00034126958231366078 0.00041874488057071506 -0.00067773046578711589 -2.2067631334391738e-05 -3.1304898528650305e-05 -1.0883561672151284e-05 0.0069880421536941796 0.0030213351300617006 0.0037794181678076967
leaf_weight=2222 201 311 42 44 416 323 3454 163 593 41 56 57 402 301 60 194 824 62 457 362 93 120 879 253 57 155 1004 57 154 80
leaf_count=2222 201 311 42 44 416 323 3454 163 593 41 56 57 402 301 60 194 824 62 457 362 93 120 879 253 57 155 1004 57 154 80
internal_value=-0.0177296 0.0106914 0.00668661 0.0126252 0.00617336 0.0160515 -0.0459582 -0.0420468 -0.0259381 -0.0326832 -0.0413077 0.000169837 0.0331034 0.0261011 -0.00224719 -0.000705882 0.0290011 0.00654206 -0.00150691 -0.00803674 0.0106618 -0.011481 0.00228119 -0.00254011 0 -0.00406091 0.00223831 0.00970874 0.026046 0.0235507
internal_weight=13437 6696 5682 3294 2364 893 6741 3287 1065 845 649 1471 1014 612 1334 1274 930 106 2388 870 135 735 1073 373 220 196 1518 514 477 137
internal_count=13437 6696 5682 3294 2364 893 6741 3287 1065 845 649 1471 1014 612 1334 1274 930 106 2388 870 135 735 1073 373 220 196 1518 514 477 137
is_linear=0
shrinkage=0.05


Tree=57
num_leaves=31
num_cat=0
split_feature=3 0 5 5 1 5 5 7 5 7 5 6 9 10 1 1 2 11 2 0 10 1 5 1 2 3 7 3 3 10
split_gain=4278.45 236.211 134.422 94.5025 81.3545 38.6348 164.673 110.394 75.4552 50.0712 49.7798 42.0495 26.7462 25.6201 34.8582 21.9826 24.8559 21.2891 19.7053 27.3258 19.0135 18.7365 18.3645 16.7304 16.3492 16.3072 19.8527 15.9758 46.3405 31.3148
threshold=1.0000000180025095e-35 761.54838709677426 12.500000000000002 8.5000000000000018 54.306451612903231 15.500000000000002 3.5000000000000004 -0.68432604233786842 5.5000000000000009 0.2332836900311728 4.5000000000000009 -0.97113884758256674 0.59004310983071195 957.92500000000007 44.338709677419359 2.0483870967741939 968.53709677419363 6.8209677419354842 970.01129032258075 318.67741935483872 479.71249999999986 29.112903225806456 10.500000000000002 94.661290322580655 971.03709677419363 0.47950226327632356 0.50370931781787065 0.12307490891423363 0.17081877253930289 638.06250000000011
decision_type=2 2 2 2 2 2 2 2 2 2 2 2 2 2 2 2 2 2 2 2 2 2 2 2 2 2 2 2 2 2
left_child=5 2 3 12 -5 6 -1 -8 9 10 -9 -12 13 14 -2 -3 -17 -6 27 -20 -19 -15 -22 -10 -14 26 -16 29 -29 -4
right_child=1 15 18 4 17 -7 7 8 23 -11 11 -13 24 21 25 16 -18 20 19 -21 22 -23 -24 -25 -26 -27 -28 28 -30 -31
leaf_value=-1.5079060195902076e-05 0.0010091152312974819 0.0042007990222140577 -2.5642421502865407e-05 0.0043147564959405164 0.0053641159322291576 -1.5079060195902076e-05 7.9546854987009712e-05 -2.456849974156357e-05 1.457329475176624e-05 -1.5079060195902076e-05 -0.00010001929728951572 0.00046220457024607965 -0.00028811424372759828 -0.0010115016753818775 -0.00043344447639352972 0.0019452445164885703 0.0046136901550657755 0.010739623788826848 -3.7197647939539062e-05 0.00089070518159431455 0.0020430728466165836 0.00064955092560544942 2.9629035165470996e-05 -2.9739653602217793e-05 0.00049122529311455279 0.001497258924169631 0.00069470224171389603 -0.00022973676193767148 -0.00010458822615677429 1.8313298655496898e-05
leaf_weight=2221 580 355 81 646 69 3382 115 183 143 484 43 52 368 60 339 368 261 91 221 279 397 41 372 51 56 97 147 133 1440 211
leaf_count=2221 580 355 81 646 69 3382 115 183 143 484 43 52 368 60 339 368 261 91 221 279 397 41 372 51 56 97 147 133 1440 211
internal_value=-0.017694 0.010812 0.00685735 0.0134344 0.0222398 -0.0459326 -0.0420285 -0.0258862 -0.0314525 -0.0385321 -0.0215054 0.0078125 0.00521018 0.00885375 0.0109536 0.033401 0.0276984 0.0127419 -0.00221893 0.00658683 0.0105691 -0.0151961 0.00798701 -0.00358974 -0.00564706 0.00231164 -0.00143737 -0.00458199 -0.0065756 0.00614334
internal_weight=13286 6612 5628 3263 1575 6674 3292 1071 956 762 278 95 1688 1264 1163 984 629 929 2365 500 860 101 769 194 424 583 486 1865 1573 292
internal_count=13286 6612 5628 3263 1575 6674 3292 1071 956 762 278 95 1688 1264 1163 984 629 929 2365 500 860 101 769 194 424 583 486 1865 1573 292
is_linear=0
shrinkage=0.05


Tree=58
num_leaves=31
num_cat=0
split_feature=3 0 5 4 10 5 5 7 5 6 2 6 10 2 2 10 1 6 3 3 10 4 10 1 1 5 2 3 0 10
split_gain=4196.25 227.233 93.5376 107.784 63.6815 43.3065 171.179 87.0653 98.8079 39.7706 64.0581 34.0484 33.5289 29.7139 28.4354 26.7311 25.0483 23.8088 35.7693 29.3814 37.5715 23.8719 21.3387 20.1333 17.9515 17.7224 17.5556 15.3404 26.5029 16.0799
threshold=0.0027436920048717691 748.8709677419356 12.500000000000002 0.42011348578955798 892.42499999999995 15.500000000000002 3.5000000000000004 -0.21862536810265826 5.5000000000000009 -0.11692013674435776 962.70161290322596 0.9893236546938301 462.96874999999983 968.69838709677435 969.6209677419356 903.83124999999995 96.274193548387117 -0.065535378769913874 0.12307490891423363 0.17475122533324391 759.03125000000011 1.2116665481716715 942.68750000000011 54.306451612903231 5.2419354838709689 12.500000000000002 965.68870967741952 0.027745800144117986 4.0967741935483879 705.37500000000011
decision_type=2 2 2 2 2 2 2 2 2 2 2 2 2 2 2 2 2 2 2 2 2 2 2 2 2 2 2 2 2 2
left_child=5 2 3 12 9 6 -1 -8 11 10 -5 -9 -2 15 -6 -3 -10 18 21 -19 -21 -4 -22 -11 -12 -17 -20 -14 -29 -30
right_child=1 13 17 4 14 -7 7 8 16 23 24 -13 27 -15 -16 25 -18 19 26 20 22 -23 -24 -25 -26 -27 -28 28 29 -31
leaf_value=-1.4325107186106973e-05 0.0063629531074125781 0.0046912240825036427 5.4354857337795356e-05 -0.0021222098065672157 -0.00017177158642222581 -1.4325107186106973e-05 3.8801114298470738e-06 -1.4325107186106973e-05 4.4078790129833611e-05 0.0082596017280226093 0.0030958548032563593 -9.7831805605676074e-06 0.00065465627042527873 0.0043550147704796817 0.0013837293913770922 0.0025165415889901455 -3.193082785436257e-05 -3.7587215800953365e-05 -0.00048824872268753128 0.0020466589619579823 -0.0001140084073748042 -4.7251111215515996e-06 0.00070577640401863493 0.0052236043904263481 0.001629657488919134 0.00031347476471562112 -0.00014621397797945357 -0.00055518305007433335 0.0010444556324175041 -0.00013550161634111741
leaf_weight=2184 47 238 93 88 355 3436 232 606 152 269 169 55 44 394 153 237 58 271 424 422 464 83 71 270 501 143 496 130 504 675
leaf_count=2184 47 238 93 88 355 3436 232 606 152 269 169 55 44 394 153 237 58 271 424 422 464 83 71 270 501 143 496 130 504 675
internal_value=-0.0180023 0.010509 0.00651899 0.0120555 0.0201274 -0.0457391 -0.0415906 -0.0254982 -0.0327408 0.0260015 0.0185771 -0.0422205 0.00164168 0.0322804 0.00510806 0.0253635 -0.0028436 -0.00111828 -0.0064722 0.00366151 0.00777662 0.0141243 -0.00102612 0.0363889 0.023845 0.0170604 -0.0104235 0.000184638 -0.000801527 0.0015678
internal_weight=13264 6541 5529 3205 1805 6723 3287 1103 871 1297 758 661 1400 1012 508 618 210 2324 1096 1228 957 176 535 539 670 380 920 1353 1309 1179
internal_count=13264 6541 5529 3205 1805 6723 3287 1103 871 1297 758 661 1400 1012 508 618 210 2324 1096 1228 957 176 535 539 670 380 920 1353 1309 1179
is_linear=0
shrinkage=0.05


Tree=59
num_leaves=31
num_cat=0
split_feature=3 5 5 1 5 5 7 5 8 6 5 7 6 5 10 8 9 2 3 3 8 6 3 10 1 9 3 10 7 3
split_gain=4047.32 173.277 141.133 144.161 45.653 168.245 80.8519 83.5462 38.6195 38.3032 34.7439 26.288 26.2393 26.19 24.977 24.9119 24.3632 22.7387 22.4744 23.5685 21.6914 24.7945 45.4713 20.1838 28.7738 21.3935 17.4319 17.0646 22.8814 17.0601
threshold=0.0027436920048717691 13.500000000000002 8.5000000000000018 54.306451612903231 16.500000000000004 3.5000000000000004 -0.21862536810265826 5.5000000000000009 0.91161058030431363 0.9893236546938301 10.500000000000002 0.91511078773075516 0.98522604642031408 12.500000000000002 479.71249999999986 -0.69057042736241547 -0.99467580659249177 964.21774193548401 0.027745800144117986 0.1134663994327469 0.77923869640500354 -0.05695216311707673 0.12307490891423363 886.08125000000007 46.241935483870975 0.73866113298174818 0.22742899825392413 941.01250000000016 -0.50557503990954278 0.47445144317209581
decision_type=2 2 2 2 2 2 2 2 2 2 2 2 2 2 2 2 2 2 2 2 2 2 2 2 2 2 2 2 2 2
left_child=4 2 15 13 5 -1 -7 9 10 -8 -5 -9 14 -4 -12 27 -17 -16 -18 -20 21 22 -3 24 25 26 -21 28 -2 -23
right_child=1 20 3 8 -6 6 7 11 -10 -11 12 -13 -14 -15 17 16 18 -19 19 23 -22 29 -24 -25 -26 -27 -28 -29 -30 -31
leaf_value=-1.3608851826801623e-05 -0.00047872077088713247 1.3829364501063792e-05 0.0040829812787795631 0.0024148602928732721 -1.3608851826801623e-05 -6.2514930827336714e-06 -1.3608851826801623e-05 3.8442869911449247e-05 0.0065420129461589375 4.4487128596035902e-06 0.0074226468326162864 -1.3642658458113411e-05 0.0051541463160466568 0.0016081684237859773 -0.0024338619977770969 0.0020253034889292378 0.00086410361227383088 0.00049471185705517455 -0.00045425432815596401 -7.0127324044672729e-05 5.707899163925612e-05 -2.046839549650753e-05 -0.00049022605555979783 -0.00025653298032129183 -0.00032051870111768913 -0.0010422718885936364 0.0018597816733761929 0.0016426209221482762 0.00099610191427597079 0.00047188414557757522
leaf_weight=2243 123 135 1163 466 3385 257 588 133 159 47 65 109 52 257 208 51 44 371 182 56 497 558 584 335 310 51 195 105 197 362
leaf_count=2243 123 135 1163 466 3385 257 588 133 159 47 65 109 52 257 208 51 44 371 182 56 497 558 584 335 310 51 195 105 197 362
internal_value=-0.0184213 0.00966753 0.0153496 0.0223012 -0.0455271 -0.0413706 -0.0256388 -0.0328588 0.0104009 -0.0423742 0.0072227 -0.00781893 0.000143472 0.0333568 -0.00263566 0.00378788 0.000163265 -0.00594828 -0.00132027 -0.00269912 -0.00201217 -0.00478659 -0.0117361 0.000474684 0.00587276 0.0168317 0.0228175 0.0142019 0.00841121 0.000651466
internal_weight=13288 6526 4390 2741 6762 3377 1134 877 1321 635 1162 242 696 1420 644 1649 1224 579 1173 1129 2136 1639 719 947 612 302 251 425 320 920
internal_count=13288 6526 4390 2741 6762 3377 1134 877 1321 635 1162 242 696 1420 644 1649 1224 579 1173 1129 2136 1639 719 947 612 302 251 425 320 920
is_linear=0
shrinkage=0.05


Tree=60
num_leaves=31
num_cat=0
split_feature=3 0 5 4 10 5 5 7 4 5 7 8 10 5 8 4 3 6 5 5 2 10 0 6 2 7 10 4 6 8
split_gain=4091.86 219.675 76.9769 113.249 51.0913 41.7829 126.28 101.919 34.6089 31.2981 66.1235 30.037 24.9294 31.1219 24.3279 26.0962 41.9735 23.6191 22.8648 69.1956 22.1016 22.072 55.3 21.8654 21.5688 21.3228 21.3012 21.016 20.9901 17.8201
threshold=0.0027436920048717691 755.08064516129048 12.500000000000002 0.60181424427259755 643.50000000000011 17.500000000000004 3.5000000000000004 -0.68432604233786842 0.28159663105479793 4.5000000000000009 0.063390085881955341 0.99049901459377832 903.83124999999995 12.500000000000002 -0.42180583328916638 0.78684042748205985 0.12307490891423363 0.34235194516023087 15.500000000000002 5.5000000000000009 965.16612903225825 761.02499999999986 304.70967741935493 0.88220160189607266 966.04032258064524 -0.9497838742125716 765.87500000000011 0.3600309103544887 0.98049069993378934 -0.63172727744526391
decision_type=2 2 2 2 2 2 2 2 2 2 2 2 2 2 2 2 2 2 2 2 2 2 2 2 2 2 2 2 2 2
left_child=5 2 3 4 8 6 -1 17 -2 -9 -11 27 -3 20 15 16 -4 -8 19 23 -14 22 -16 -12 29 -26 -23 -6 -29 -5
right_child=1 12 14 24 11 -7 7 9 -10 10 18 -13 13 -15 21 -17 -18 -19 -20 -21 -22 26 -24 -25 25 -27 -28 28 -30 -31
leaf_value=-1.2928409235461543e-05 0.00039723227614185121 0.004590243840474662 4.8660232295036225e-05 -0.0013850412425505971 -0.00022972233179606449 -1.2928409235461543e-05 -7.4976083731110195e-06 -1.2928409235461543e-05 0.0040004136586143657 0.00036908303609875601 -1.2928409235461543e-05 -0.0009066881610574868 0.0014813676032982726 0.00059612267696949059 -3.3082350913389573e-05 8.0605962114080339e-06 -0.00071610477467014093 0.00043813577819250325 -1.2928409235461543e-05 -7.6671397051156109e-06 0.0035586440614978122 -0.0017498528739019693 0.0026696872471068918 -1.0654626279662628e-05 -0.00014493715587346467 0.0036625708550617865 -5.2715572334390009e-06 0.00030061333444961202 0.0031139100701167602 0.0021054048758809285
leaf_weight=2215 395 338 42 66 666 3187 79 423 408 64 246 61 106 227 383 317 482 44 272 200 335 58 348 40 40 614 703 718 79 206
leaf_count=2215 395 338 42 66 666 3187 79 423 408 64 246 61 106 227 383 317 482 44 272 200 335 58 348 40 40 614 703 718 79 206
internal_value=-0.0184539 0.00958592 0.00570968 0.0106792 0.00478952 -0.045754 -0.0420061 -0.0300219 0.0149876 -0.0343098 -0.0285541 -0.000590164 0.0310824 0.0254111 -0.00122108 -0.00801663 -0.0148571 0.0133065 -0.0326746 -0.026078 0.0331448 0.00261219 0.00881148 -0.0418118 0.0254585 0.0303817 -0.00334646 0.000853825 0.00632832 0.0135531
internal_weight=13362 6592 5586 3253 2327 6770 3583 1368 803 1245 822 1524 1006 668 2333 841 524 123 758 486 441 1492 731 286 926 654 761 1463 797 272
internal_count=13362 6592 5586 3253 2327 6770 3583 1368 803 1245 822 1524 1006 668 2333 841 524 123 758 486 441 1492 731 286 926 654 761 1463 797 272
is_linear=0
shrinkage=0.05


Tree=61
num_leaves=31
num_cat=0
split_feature=3 3 4 5 5 1 5 5 5 7 8 5 6 5 9 8 3 3 6 7 6 5 5 4 4 1 8 9 5 9
split_gain=3981.21 160.446 74.2895 69.9762 89.0507 57.426 42.1538 39.8887 124.67 97.9764 37.5349 32.6315 43.3226 27.3357 27.235 26.8576 26.2282 38.2687 39.9233 31.1166 30.4684 25.1316 76.7994 24.3638 21.3877 21.3083 20.3587 20.2389 23.3908 19.2149
threshold=1.0000000180025095e-35 0.6986997946991832 0.69169949072515846 12.500000000000002 8.5000000000000018 40.435483870967751 11.500000000000002 17.500000000000004 3.5000000000000004 -0.17646730165275518 0.89404822654372251 4.5000000000000009 0.93237596376505805 11.500000000000002 0.72399708366809723 0.73865729060996166 0.12307490891423363 0.14521129302565808 -0.065535378769913874 0.79773375822167203 0.92273069556937592 5.5000000000000009 15.500000000000002 0.76113271992609566 0.28159663105479793 97.82258064516131 0.98519415784776321 -0.94139465211055529 10.500000000000002 -0.22072160979833103
decision_type=2 2 2 2 2 2 2 2 2 2 2 2 2 2 2 2 2 2 2 2 2 2 2 2 2 2 2 2 2 2
left_child=7 3 27 4 14 -6 -4 8 -1 -10 13 -11 21 25 24 16 19 -18 -19 20 -5 -13 29 -8 -2 -7 -26 -3 -29 -23
right_child=1 2 6 15 5 10 23 -9 9 11 -12 12 -14 -15 -16 -17 17 18 -20 -21 -22 22 -24 -25 26 -27 -28 28 -30 -31
leaf_value=-1.2281988773688467e-05 -4.6026678024371771e-05 0.0037735619710465352 0.0043807116506983214 3.4748332180648019e-05 0.0052431877666501321 0.0030452635756299143 0.00047912253504281969 -1.2281988773688467e-05 -2.231270235222415e-06 -1.2281988773688467e-05 0.0095005316071787652 -1.2281988773688467e-05 0.00011440950020124011 -0.001396156109939284 -0.00030336633350284969 6.4674452188212558e-05 -0.00025305299856241714 -0.00060041612853327939 5.4400916986608981e-05 -2.4340151694741011e-05 -1.1047594377567262e-05 0.00086731731891661126 -1.2281988773688467e-05 0.0024291163436328009 0.00088901195378115756 -0.00042730204591585056 -0.00066512948200365409 0.0012303269917042559 -0.0010276304559568518 -2.5590639621227325e-05
leaf_weight=2248 603 77 430 158 328 389 141 3157 238 316 113 262 47 148 343 555 66 663 698 61 44 40 244 450 694 134 43 243 221 166
leaf_count=2248 603 77 430 158 328 389 141 3157 238 316 113 262 47 148 343 555 66 663 698 61 44 40 244 450 694 134 43 243 221 166
internal_value=-0.0187298 0.00884446 0.0228407 0.00450307 0.00978183 0.0207547 0.030773 -0.0458253 -0.0421533 -0.0298706 0.0133758 -0.0362918 -0.0305921 0.00885417 0.00252375 -0.00207035 -0.00520402 -0.00787815 -0.00605727 0.0092803 0.0187192 -0.0336606 -0.0263858 0.0220439 0.00574198 0.0142176 0.0114499 0.00784133 0.00387097 -0.00386473
internal_weight=13320 6602 1562 5040 2795 1112 1021 6718 3561 1313 784 1075 759 671 1683 2245 1690 1427 1361 263 202 712 450 591 1340 523 737 541 464 206
internal_count=13320 6602 1562 5040 2795 1112 1021 6718 3561 1313 784 1075 759 671 1683 2245 1690 1427 1361 263 202 712 450 591 1340 523 737 541 464 206
is_linear=0
shrinkage=0.05


Tree=62
num_leaves=31
num_cat=0
split_feature=3 0 2 5 5 7 3 5 6 5 7 4 8 5 5 5 2 2 8 8 2 2 7 6 8 7 7 7 7 1
split_gain=3993.03 182.391 76.3651 47.4252 140.519 96.32 38.2602 37.667 43.1842 33.6637 40.9481 46.3977 27.6552 27.5933 95.3998 26.3879 25.1595 22.1956 22.7064 28.9752 22.0013 21.2209 20.442 19.9525 19.3671 18.8764 19.3428 31.6855 29.5541 18.1755
threshold=0.0027436920048717691 761.54838709677426 969.68548387096791 17.500000000000004 3.5000000000000004 -0.17646730165275518 0.30829553408257598 4.5000000000000009 0.9550229469509578 12.500000000000002 -0.048362832084465616 0.19603737774315613 -0.12546116083924153 15.500000000000002 5.5000000000000009 12.500000000000002 973.16612903225825 961.56290322580662 0.99463153969809781 0.72692958206603386 966.5887096774195 963.13709677419365 -0.76696334127844745 -0.73866753694953124 -0.69057042736241547 0.96407344085605606 0.28313308994381592 0.5475998096715059 -0.77788789561442695 50.790322580645167
decision_type=2 2 2 2 2 2 2 2 2 2 2 2 2 2 2 2 2 2 2 2 2 2 2 2 2 2 2 2 2 2
left_child=3 2 9 4 -1 22 -4 -7 13 10 17 -12 21 14 -9 -3 25 -2 19 -19 -16 24 -6 -18 -13 26 28 -28 -8 -14
right_child=1 15 6 -5 5 7 16 8 -10 -11 11 12 29 -15 20 -17 23 18 -20 -21 -22 -23 -24 -25 -26 -27 27 -29 -30 -31
leaf_value=-1.1667889335004043e-05 -0.0010138381145177713 0.0034467205838237566 1.3025434591390018e-05 -1.1667889335004043e-05 4.1488542452358754e-05 -1.1667889335004043e-05 0.00014146494640346897 -1.1667889335004043e-05 0.00021555601644309644 -1.9261524467012429e-05 -0.00016016380171989948 0.001110281522430827 0.0052581471254217671 -1.1667889335004043e-05 -2.7319171798620469e-05 0.0012468769986435759 0.00057755694292023214 -7.9505868441029367e-05 -0.00083099840948609033 0.0008412730183750064 6.2285960724277507e-05 0.0017214195170171115 -1.8359170330971449e-05 0.0043746290285552828 -0.0030448958987425168 0.0095471020702145009 -0.0016039214335101803 0.0030528452513766849 0.002187624112382569 0.0042206566171410611
leaf_weight=2195 152 646 460 3175 95 328 157 278 41 1817 305 76 164 282 100 333 91 679 54 268 115 256 156 287 51 52 115 147 201 325
leaf_count=2195 152 646 460 3175 95 328 157 278 41 1817 305 76 164 282 100 333 91 679 54 268 115 256 156 287 51 52 115 147 201 325
internal_value=-0.0184413 0.00911556 0.00566455 -0.04547 -0.0414926 -0.0290473 0.0152879 -0.0351965 -0.0293758 0.00215767 0.00613471 0.012691 0.0185567 -0.0320232 -0.0247976 0.0290306 0.0205519 -0.000563258 0.00214571 0.0039557 0.000231481 0.00846354 -0.000992063 0.0308707 -0.00820313 0.0147103 0.0122383 0.00190114 0.0197772 0.0264286
internal_weight=13401 6636 5657 6765 3590 1395 1510 1144 816 4147 2330 1177 872 775 493 979 1050 1153 1001 947 215 383 251 378 127 672 620 262 358 489
internal_count=13401 6636 5657 6765 3590 1395 1510 1144 816 4147 2330 1177 872 775 493 979 1050 1153 1001 947 215 383 251 378 127 672 620 262 358 489
is_linear=0
shrinkage=0.05


Tree=63
num_leaves=31
num_cat=0
split_feature=3 0 5 4 10 5 5 7 1 5 5 5 7 7 10 5 10 3 10 8 3 10 0 8 8 1 5 7 4 7
split_gain=3867.31 179.764 72.4749 86.6193 64.3007 46.2643 133.718 104.238 43.3052 33.8872 34.7476 52.8763 46.453 26.5279 25.737 33.3783 24.321 22.0818 21.5161 20.4902 33.5227 36.6236 21.4789 19.3515 18.2433 17.4906 17.1254 16.7116 16.6638 16.5852
threshold=0.0027436920048717691 748.8709677419356 12.500000000000002 0.28159663105479793 892.42499999999995 17.500000000000004 3.5000000000000004 -0.21862536810265826 45.500000000000007 4.5000000000000009 15.500000000000002 5.5000000000000009 0.3484035575467645 -0.90531874877253482 899.83749999999998 12.500000000000002 479.71249999999986 0.027745800144117986 486.48750000000001 -0.42180583328916638 0.12307490891423363 940.08125000000007 345.08064516129042 0.91593490216309192 0.94911049632748046 10.59677419354839 11.500000000000002 -0.7444366621422277 0.96023693476110661 -0.9260227363677036
decision_type=2 2 2 2 2 2 2 2 2 2 2 2 2 2 2 2 2 2 2 2 2 2 2 2 2 2 2 2 2 2
left_child=5 2 3 17 8 6 -1 -8 13 -9 11 12 -11 -5 29 27 -10 -2 -13 20 28 25 -23 26 -6 -22 -18 -16 -4 -3
right_child=1 14 19 4 24 -7 7 9 16 10 -12 18 -14 -15 15 -17 23 -19 -20 -21 21 22 -24 -25 -26 -27 -28 -29 -30 -31
leaf_value=-1.1084494868253842e-05 0.00067422682275728525 0.00060489398610972525 4.0845599743250681e-05 -0.00037616924853973722 0.00019881789568493847 -1.1084494868253842e-05 -1.7350637911710612e-06 -1.1084494868253842e-05 0.011981386433042413 -1.5454097731526649e-05 -1.1084494868253842e-05 -3.187149845401755e-05 -1.1084494868253842e-05 0.0027403846813965436 0.0029220906792399417 0.00037951160481870252 0.0011849668434463279 -0.00020153935655152014 2.3490633120788276e-05 1.7459094523596033e-05 -9.5251868795147566e-06 -5.6907742891171291e-05 0.00094661475561025755 0.005714278502345899 -0.00079579523587533507 -0.00072822854889293689 -0.0011895547192820434 0.0018104872022573438 -2.7336513530048059e-06 0.0044856384269373328
leaf_weight=2215 44 42 71 42 571 3149 258 329 62 104 278 42 227 696 281 230 590 898 168 1445 126 45 74 105 50 475 169 169 63 297
leaf_count=2215 44 42 71 42 571 3149 258 329 62 104 278 42 227 696 281 230 590 898 168 1445 126 45 74 105 50 475 169 169 63 297
internal_value=-0.0189959 0.00840972 0.00484892 0.00968092 0.0149388 -0.0454881 -0.041593 -0.0294954 0.0200601 -0.0359443 -0.0304268 -0.0229705 -0.0353916 0.0290934 0.0276961 0.0220264 0.0128371 -0.00307529 -0.00331754 -0.00193478 -0.00807018 -0.012344 0.0129167 0.0106358 0.00120579 -0.0173588 0.00782895 0.0299335 0.0148148 0.0389706
internal_weight=13315 6545 5526 3227 2285 6770 3621 1406 1664 1148 819 541 331 738 1019 680 926 942 210 2299 854 720 119 864 621 601 759 450 134 339
internal_count=13315 6545 5526 3227 2285 6770 3621 1406 1664 1148 819 541 331 738 1019 680 926 942 210 2299 854 720 119 864 621 601 759 450 134 339
is_linear=0
shrinkage=0.05


Tree=64
num_leaves=31
num_cat=0
split_feature=3 3 2 4 5 5 7 5 5 5 10 1 3 6 8 10 8 2 6 7 4 8 5 5 8 6 3 3 7 5
split_gain=3884.19 124.663 82.5535 61.8473 47.7159 169.264 88.3569 88.9305 33.9093 31.8046 31.4542 43.3448 41.6551 41.6964 33.4839 28.4395 28.3126 29.7593 27.2415 26.1316 25.4214 25.1371 24.9563 23.5893 23.0004 19.6636 22.3078 19.5407 19.1314 18.6366
threshold=0.0027436920048717691 0.75061601042149195 973.06935483870973 0.69169949072515846 16.500000000000004 3.5000000000000004 -0.21862536810265826 5.5000000000000009 12.500000000000002 14.500000000000002 892.42499999999995 50.790322580645167 0.22742899825392413 -0.099819732675876835 -0.5484990889199054 919.78125000000011 0.71953851835684701 966.73064516129045 0.9893236546938301 0.63089349388778826 0.77864400212636553 0.98334239299093984 11.500000000000002 14.500000000000002 0.65231507897944274 0.97875492728876534 0.45371022144492212 0.12307490891423363 -0.60555643346685839 6.5000000000000009
decision_type=2 2 2 2 2 2 2 2 2 2 2 2 2 2 2 2 2 2 2 2 2 2 2 2 2 2 2 2 2 2
left_child=4 2 10 -3 5 -1 24 18 -5 -4 11 12 28 16 15 -12 17 -14 -8 -9 -10 -18 -19 -15 -7 29 -27 -16 -2 -13
right_child=1 3 9 8 -6 6 7 19 20 -11 14 25 13 23 27 -17 21 22 -20 -21 -22 -23 -24 -25 -26 26 -28 -29 -30 -31
leaf_value=-1.053027012484115e-05 -5.9590485100658939e-05 0.00062494853824440484 0.0026890483250740838 0.0036988019553798714 -1.053027012484115e-05 9.1687406772168322e-05 -1.053027012484115e-05 0.00087979112809976961 -0.00075825819317621454 -3.2669027089506116e-05 -0.00011566378415888008 -0.00076795232811479881 -0.0006948494090447733 0.0051240860050247895 2.9603877158729661e-05 0.00031095043481185004 0.0014176303509235322 0.0022086317922015847 -2.0120680730036183e-05 -1.0562386424587348e-05 0.0017059549544659353 -8.720743022977846e-05 -0.00029442351064405963 0.00018457319680505389 -1.7915630091532715e-05 -3.7910568385284091e-05 0.0034467123189925427 -0.00026739038988716216 8.2649773025245121e-06 1.2076877790901199e-05
leaf_weight=2218 64 408 457 587 3400 155 615 47 81 84 332 76 156 278 74 314 133 152 56 198 202 40 128 64 91 82 96 647 317 1784
leaf_count=2218 64 408 457 587 3400 155 615 47 81 84 332 76 156 278 74 314 133 152 56 198 202 40 128 64 91 82 96 647 317 1784
internal_value=-0.0190073 0.00843373 0.00503883 0.0224394 -0.045539 -0.0412896 -0.0257954 -0.0329335 0.0299656 0.023524 0.00292317 0.00551765 0.0125281 0.0181197 -0.00347222 0.00479134 0.0102459 0.00343249 -0.0423363 -0.00711382 0.015669 0.0272989 0.0131673 0.03207 0.000809717 0.000931829 0.0167598 -0.0108726 -0.00143979 -0.00059108
internal_weight=13336 6556 5278 1278 6780 3380 1162 916 870 541 4737 3370 1332 951 1367 646 609 436 671 245 283 173 280 342 246 2038 178 721 381 1860
internal_count=13336 6556 5278 1278 6780 3380 1162 916 870 541 4737 3370 1332 951 1367 646 609 436 671 245 283 173 280 342 246 2038 178 721 381 1860
is_linear=0
shrinkage=0.05


Tree=65
num_leaves=31
num_cat=0
split_feature=3 0 5 4 5 5 5 10 10 10 4 10 6 5 9 2 11 6 9 6 2 1 10 4 5 3 6 11 9 5
split_gain=3850.18 149.279 65.0732 98.7502 42.1158 156.585 64.1403 74.1923 37.2623 34.146 40.7929 28.6982 28.6692 27.8648 30.9326 24.8948 21.4086 20.5743 19.8699 19.2636 18.284 17.3766 17.1181 16.1506 24.256 20.7621 23.8004 27.0013 17.0889 15.8821
threshold=1.0000000180025095e-35 748.8709677419356 12.500000000000002 0.64241830704369607 15.500000000000002 3.5000000000000004 5.5000000000000009 913.26875000000007 652.46875 643.50000000000011 0.20224423583538395 955.64375000000007 0.98522604642031408 4.5000000000000009 0.080548817997453351 960.75645161290333 18.298387096774196 0.96904697354198299 -0.22072160979833103 -0.24372957273992746 963.61774193548399 6.0483870967741948 819.36874999999986 0.79863599013566799 14.500000000000002 0.12307490891423363 -0.13398594226331254 33.050000000000004 -0.41594454530410557 11.500000000000002
decision_type=2 2 2 2 2 2 2 2 2 2 2 2 2 2 2 2 2 2 2 2 2 2 2 2 2 2 2 2 2 2
left_child=4 2 3 9 5 -1 7 8 -7 10 -2 21 15 14 -10 -11 -13 -15 -8 20 -5 -3 -14 25 28 -4 -27 -28 -25 -12
right_child=1 11 23 19 -6 6 18 -9 13 12 29 16 22 17 -16 -17 -18 -19 -20 -21 -22 -23 -24 24 -26 26 27 -29 -30 -31
leaf_value=-1.0003756618599092e-05 -9.4885232862304902e-05 0.0030563514578321517 4.4787382051277099e-05 -0.0019340900275381656 -1.0003756618599092e-05 -1.0003756618599092e-05 0.00075114441424534509 1.1222782712975917e-05 -1.6928126953432258e-05 -0.0010466892492263604 0.0034613016036802143 0.001682367317932365 0.0041992710916825523 -1.1811511999550178e-05 4.7610779471388005e-06 5.0992207017908081e-05 -0.00019250699538411742 0.00023460402329600344 -2.0823454806304692e-05 0.0043857292007368097 0.0017791273765271566 0.0024901450320579999 0.00017962222039914489 0.00012885354962358377 2.9058072361291541e-06 -0.00061121467640625491 -0.00011929728075906477 0.0029955112770202715 0.0082914178461130084 -0.00023808858950551961
leaf_weight=2201 284 429 68 40 3402 353 41 104 209 175 495 84 82 132 40 1452 110 40 165 276 303 397 61 40 913 652 575 83 54 73
leaf_count=2201 284 429 68 40 3402 353 41 104 209 175 495 84 82 132 40 1452 110 40 165 276 303 397 61 40 913 652 575 83 54 73
internal_value=-0.0189778 0.00797352 0.00478052 0.00939235 -0.0457611 -0.0416768 -0.0260829 -0.0319681 -0.0372903 0.00514678 0.0133646 0.0255632 0.00118577 -0.0271327 -0.0378 -0.000706388 0.00820513 -0.0115607 -0.000966184 0.0273387 0.0193314 0.0296252 0.0225694 -0.00148785 0.00332341 -0.00500363 -0.00640732 0.00030349 0.0273684 0.0210896
internal_weight=13333 6646 5626 3241 6687 3285 1084 878 774 2622 852 1020 1770 421 249 1627 194 172 206 619 343 826 143 2385 1007 1378 1310 658 94 568
internal_count=13333 6646 5626 3241 6687 3285 1084 878 774 2622 852 1020 1770 421 249 1627 194 172 206 619 343 826 143 2385 1007 1378 1310 658 94 568
is_linear=0
shrinkage=0.05


Tree=66
num_leaves=31
num_cat=0
split_feature=3 0 5 5 5 5 5 7 5 7 5 1 7 4 10 4 10 7 4 7 2 1 10 2 4 1 1 10 0 7
split_gain=3796.08 140.885 54.1598 84.4616 51.8825 41.6295 156.236 73.8635 83.3418 48.6728 59.4119 34.7693 27.3677 33.7764 27.3569 26.2622 22.4006 18.8474 22.5083 18.2401 16.8094 17.5816 15.9016 16.4264 15.2557 15.102 15.0618 15.0462 40.7498 15.1401
threshold=1.0000000180025095e-35 678.11290322580658 11.500000000000002 8.5000000000000018 12.500000000000002 15.500000000000002 3.5000000000000004 -0.68432604233786842 5.5000000000000009 0.38043945030393422 4.5000000000000009 50.790322580645167 -0.9497838742125716 0.77864400212636553 956.02500000000009 0.69583607698933203 486.48750000000001 -0.99465740988130902 0.60181424427259755 0.65720762023595369 969.22419354838723 2.5322580645161294 482.68749999999983 963.67903225806458 0.10181224421976917 68.887096774193566 99.98387096774195 489.18124999999992 360.29032258064524 0.76556758748011045
decision_type=2 2 2 2 2 2 2 2 2 2 2 2 2 2 2 2 2 2 2 2 2 2 2 2 2 2 2 2 2 2
left_child=5 2 3 17 15 6 -1 -8 9 10 -9 19 -6 25 -15 -3 -10 -2 24 -5 21 -17 -13 26 -19 -14 -24 28 -4 -29
right_child=1 4 27 11 12 -7 7 8 16 -11 -12 22 13 14 -16 20 -18 18 -20 -21 -22 -23 23 -25 -26 -27 -28 29 -30 -31
leaf_value=-9.5035687876691386e-06 -0.00051350325295313783 0.0010449581186502022 -4.5577680032537084e-05 0.0020657712021661168 -0.00040027504641360068 -9.5035687876691386e-06 2.9280189011193152e-05 -1.623935379535893e-05 -3.4560274599681414e-05 -9.5035687876691386e-06 1.8087553469205463e-06 0.010053405867276806 -0.0013526669173269058 0.0024860059535645657 -0.00043249344655431067 0.0031179896626997525 2.0492796426663371e-05 -0.00019775451482568693 0.0013458593014052556 0.0079598255324224605 0.0039726130885009035 0.0018786924009707162 0.0014157280281601112 0.0022145002611913601 0.00020057140608871206 0.0029022238250923345 -0.0024747758084587624 -4.436320377276208e-06 0.0072179833034050796 -0.00017059374746337258
leaf_weight=2206 40 226 179 187 97 3411 105 205 41 426 134 79 81 248 57 172 163 335 126 159 250 245 158 391 1183 40 58 1857 63 383
leaf_count=2206 40 226 179 187 97 3411 105 205 41 426 134 79 81 248 57 172 163 335 126 159 250 245 158 391 1183 40 58 1857 63 383
internal_value=-0.0192432 0.00761905 0.00380842 0.00868605 0.0215949 -0.0457935 -0.0417251 -0.0260465 -0.0303608 -0.0379243 -0.0236765 0.0199419 0.00906489 0.0145199 0.023366 0.028915 -0.00195122 0.00178042 0.00261398 0.032853 0.0339072 0.0276316 0.0133916 0.0106086 0.000921659 -0.00778689 -0.000460829 -0.00153041 0.0102881 -0.00281124
internal_weight=13305 6614 5198 2716 1416 6691 3280 1074 969 765 339 1032 523 426 305 893 204 1684 1644 346 667 417 686 607 1518 121 216 2482 242 2240
internal_count=13305 6614 5198 2716 1416 6691 3280 1074 969 765 339 1032 523 426 305 893 204 1684 1644 346 667 417 686 607 1518 121 216 2482 242 2240
is_linear=0
shrinkage=0.05


Tree=67
num_leaves=31
num_cat=0
split_feature=3 0 5 5 8 5 5 7 5 6 5 1 1 4 8 9 3 4 6 8 3 0 7 10 1 3 9 10 6 1
split_gain=3739.42 131.369 50.9506 69.5955 45.7703 44.6477 170.422 73.4205 103.822 34.0997 32.0707 31.1629 27.605 26.4384 25.7142 23.9089 20.7101 28.0583 20.4289 20.1096 19.2175 18.7271 19.1899 18.5073 25.1928 18.1909 18.0031 17.31 17.2078 15.7545
threshold=1.0000000180025095e-35 755.08064516129048 12.500000000000002 8.5000000000000018 -0.26762993667585538 15.500000000000002 3.5000000000000004 -0.17646730165275518 5.5000000000000009 0.9893236546938301 11.500000000000002 97.435483870967758 14.435483870967744 0.76113271992609566 0.8277925332691819 0.72399708366809723 0.027745800144117986 0.072346930293594444 -0.77245553105869302 0.98334239299093984 0.8021091667894924 883.4032258064517 -0.8901731938066898 773.45000000000005 13.048387096774196 0.63973179497390864 -0.056952064366225956 489.05000000000001 -0.83377653105606597 65.854838709677438
decision_type=2 2 2 2 2 2 2 2 2 2 2 2 2 2 2 2 2 2 2 2 2 2 2 2 2 2 2 2 2 2
left_child=5 2 3 15 12 6 -1 14 9 -9 -3 20 -5 29 -8 16 -2 -18 -10 23 -6 22 -15 24 -19 -13 -14 -17 -26 -12
right_child=1 10 -4 4 11 -7 7 8 18 -11 13 25 26 21 -16 27 17 19 -20 -21 -22 -23 -24 -25 28 -27 -28 -29 -30 -31
leaf_value=-9.0283903482856813e-06 0.00087263681266169584 0.0029967733052867571 -5.6250683125204611e-06 0.0028337440424988647 0.0042133849927369236 -9.0283903482856813e-06 5.8922511953422183e-05 -9.0283903482856813e-06 0.00088212892528752242 -4.4539099909576502e-06 -0.00069995473088037556 0.0029902576909038693 -0.00042279599589979124 -0.00076581729271299199 -2.1408637689209532e-05 0.00052930250710854151 -0.00041411728738173574 0.0018175671228049307 -1.8054268336005387e-05 -0.00075789015185096236 -0.00017413972361130515 0.0027158678286308136 0.0015766123539774802 0.00012454438043301986 -0.00072512880935500241 -0.0017733093704928899 0.0016109402011620145 -0.00046844022304771835 0.0008770309971731727 0.0025800741421352028
leaf_weight=2195 44 454 2361 100 699 3401 188 576 41 55 90 113 292 52 54 80 147 97 167 68 55 223 156 700 64 64 245 261 223 40
leaf_count=2195 44 454 2361 100 699 3401 188 576 41 55 90 113 292 52 54 80 147 97 167 68 55 223 156 700 64 64 245 261 223 40
internal_value=-0.0191831 0.00742193 0.00442643 0.00848448 0.0160612 -0.04559 -0.0413793 -0.0250924 -0.0320833 -0.0421677 0.0239665 0.0231223 0.005721 0.0159253 -0.000823045 0.00142433 0.00442708 0.00326923 -0.00143541 0.00589766 0.0275497 0.021875 0.0110048 0.0075576 0.0163636 0.00421348 0.00120818 -0.0103801 0.00885417 -0.00381679
internal_weight=13305 6628 5613 3252 1568 6677 3276 1081 839 631 1015 931 637 561 242 1684 1343 1299 208 1152 754 431 208 1084 384 177 537 341 287 130
internal_count=13305 6628 5613 3252 1568 6677 3276 1081 839 631 1015 931 637 561 242 1684 1343 1299 208 1152 754 431 208 1084 384 177 537 341 287 130
is_linear=0
shrinkage=0.05


Tree=68
num_leaves=31
num_cat=0
split_feature=0 0 5 0 5 7 1 5 5 7 5 10 8 2 5 8 0 6 11 1 2 6 11 2 1 7 5 8 10 8
split_gain=3307.6 153.85 177.094 120.736 73.4145 54.8846 65.6419 40.5234 149.647 79.233 76.2072 38.3354 29.2246 28.866 28.7486 41.4769 26.4262 22.2665 21.9163 21.4003 20.1318 20.8585 19.8832 19.5596 19.1913 18.6089 17.679 16.9795 20.9446 24.9286
threshold=31.983870967741939 1.0000000180025095e-35 16.500000000000004 761.54838709677426 12.500000000000002 -0.048362832084465616 26.241935483870972 6.5000000000000009 3.5000000000000004 -0.056951011027366626 5.5000000000000009 957.92500000000007 -0.098750666093870385 961.03387096774202 4.5000000000000009 -0.5484990889199054 48.306451612903231 0.96904697354198299 18.63870967741936 44.903225806451623 963.13709677419365 -0.67803021058859214 15.051612903225807 971.81451612903231 99.500000000000014 -0.93237865822738086 8.5000000000000018 0.99463153969809781 862.04374999999993 0.83373797915484082
decision_type=2 2 2 2 2 2 2 2 2 2 2 2 2 2 2 2 2 2 2 2 2 2 2 2 2 2 2 2 2 2
left_child=1 7 -3 4 5 13 -7 8 -1 14 17 18 20 -2 15 -10 19 -11 -5 -6 21 -8 -13 27 26 -20 -14 28 29 -15
right_child=3 2 -4 11 16 6 12 -9 9 10 -12 22 24 23 -16 -17 -18 -19 25 -21 -22 -23 -24 -25 -26 -27 -28 -29 -30 -31
leaf_value=-8.5769708308713966e-06 -0.0013420879361447204 -1.0997539233199993e-05 -8.5769708308713966e-06 0.003531401427183012 -8.5769708308713966e-06 0.0035027721921268742 -0.0034598873871802328 -8.5769708308713966e-06 7.3250048277913871e-05 -8.5769708308713966e-06 -1.7151554919205119e-05 0.0014950982780890744 0.00080163391880118959 0.00031242937057550103 0.00064453353729055371 -2.3487562512108877e-05 -5.2124052827531213e-06 -2.2895821622698317e-05 9.1036791696341718e-05 -8.4322551116835463e-06 0.00075431190543048256 7.0944517204853127e-05 -0.00034335732799208323 0.001768774415214263 7.5279396995898973e-05 0.0025028121183129971 0.0051057282860121874 -0.00098000025239732848 -9.2202217203546377e-05 0.0018384981092624431
leaf_weight=2235 88 482 386 412 56 365 58 2913 94 544 199 41 126 239 47 171 2314 60 126 65 401 88 114 72 148 287 382 43 679 89
leaf_count=2235 88 482 386 412 56 365 58 2913 94 544 199 41 126 239 47 171 2314 60 126 65 401 88 114 72 148 287 382 43 679 89
internal_value=-0.0196848 -0.0428982 -0.02313 0.00704714 0.00401803 0.00957179 0.0157425 -0.0456338 -0.0418383 -0.0268369 -0.0351368 0.0231397 0.0100914 0.00156895 -0.00543131 -0.0118421 -0.00231938 -0.0439669 0.0274213 -0.025 0.00155109 -0.0142857 0.000320513 0.00373998 0.0171994 0.0192029 0.0218075 0.0019981 0.00332341 0.0136778
internal_weight=13324 7131 868 6193 5213 2778 1568 6263 3350 1115 803 980 1203 1210 312 265 2435 604 825 121 547 146 155 1122 656 413 508 1050 1007 328
internal_count=13324 7131 868 6193 5213 2778 1568 6263 3350 1115 803 980 1203 1210 312 265 2435 604 825 121 547 146 155 1122 656 413 508 1050 1007 328
is_linear=0
shrinkage=0.05


Tree=69
num_leaves=31
num_cat=0
split_feature=3 0 2 11 10 0 0 1 6 10 9 11 10 2 4 11 2 7 1 6 10 7 9 3 7 7 3 7 10 6
split_gain=3678.86 117.488 51.1215 35.9536 33.5206 50.2932 31.3049 31.0041 27.5036 26.9585 26.0082 25.404 23.5259 23.4978 25.8293 18.878 18.4487 18.399 16.7637 16.5862 19.5552 16.093 16.3983 15.3898 15.2939 29.2615 23.6338 14.6667 35.0796 14.4491
threshold=1.0000000180025095e-35 755.08064516129048 970.01129032258075 18.46612903225807 848.43749999999989 424.56451612903231 330.72580645161298 99.98387096774195 -0.67803021058859214 956.02500000000009 0.69984120524093585 7.9467741935483884 489.18124999999992 969.6209677419356 0.69583607698933203 25.835483870967746 960.75645161290333 -0.65883892954715351 34.370967741935495 0.51297097409535064 551.19375000000002 0.96407344085605606 0.81800285027139297 0.17475122533324391 -0.93237865822738086 -0.7444366621422277 0.89583843698607513 0.28313308994381592 638.06250000000011 -0.099819732675876835
decision_type=2 2 2 2 2 2 2 2 2 2 2 2 2 2 2 2 2 2 2 2 2 2 2 2 2 2 2 2 2 2
left_child=-1 2 4 13 5 7 21 12 15 24 18 -8 23 14 -3 -7 17 -6 -10 -14 -21 22 -4 -2 26 -26 -5 -13 29 -29
right_child=1 3 6 9 16 8 11 -9 10 -11 -12 27 19 -15 -16 -17 -18 -19 -20 20 -22 -23 -24 -25 25 -27 -28 28 -30 -31
leaf_value=-8.1481222893278278e-06 -8.4098030256262184e-05 -0.00071400866308657948 1.9360112396799459e-05 -0.0008494894921951047 6.7633066203904657e-05 0.00055964055895252882 0.0027850784329350011 -0.00059887206571352216 0.0036699954080206989 -0.00044866272539765276 -0.00055301536202436862 0.0013052970989373581 -3.3452834059704153e-05 0.0038237206339407168 0.002445566249982184 -0.00053466539876104028 -4.8574812632076748e-05 -0.0014309352838833334 0.0034746885743353276 0.0044923846082990217 6.1918295691987265e-05 0.0010402041974974404 -0.0010615140703726712 0.0044244995889438149 0.0033641664649914195 0.0012756185393100639 0.001104333131020563 5.2284811040559381e-05 -0.002048651349322739 0.0049005430735704963
leaf_weight=6766 66 45 477 55 48 211 248 364 135 97 46 243 920 204 257 76 1495 99 225 84 335 114 41 182 123 170 68 67 104 100
leaf_count=6766 66 45 477 55 48 211 248 364 135 97 46 243 920 204 257 76 1495 99 225 84 335 114 41 182 123 170 68 67 104 100
internal_value=-0.0195864 0.0066791 0.00387256 0.0223039 0.00116632 0.00465028 0.0121864 0.00053791 0.0162104 0.0129377 0.02457 0.0190039 0.00355793 0.0317554 0.0227723 0.00434028 -0.00444309 -0.0212838 0.0290859 0.000932836 0.00916667 0.00394945 0.000192678 0.0176707 0.0184652 0.0246599 0.00362903 0.0126214 0.00459559 0.01875
internal_weight=13465 6699 5680 1019 4286 2644 1394 1951 693 513 406 762 1587 506 302 287 1642 147 360 1339 419 632 518 248 416 293 123 514 271 167
internal_count=13465 6699 5680 1019 4286 2644 1394 1951 693 513 406 762 1587 506 302 287 1642 147 360 1339 419 632 518 248 416 293 123 514 271 167
is_linear=0
shrinkage=0.05


Tree=70
num_leaves=31
num_cat=0
split_feature=3 0 2 5 5 7 5 7 5 10 2 0 5 0 7 6 5 4 10 4 5 7 3 3 3 8 7 6 6 6
split_gain=3658.64 102.34 45.1929 43.4758 158.225 74.1889 74.0449 50.0355 47.755 43.4577 38.9348 36.5978 37.4195 34.3738 28.6037 31.5357 27.8328 25.8233 25.76 22.789 35.2909 39.4736 31.2046 44.028 26.2719 36.811 21.1961 18.9648 18.8492 18.5105
threshold=1.0000000180025095e-35 645.69354838709694 970.95000000000016 16.500000000000004 3.5000000000000004 -0.65883892954715351 5.5000000000000009 0.38043945030393422 4.5000000000000009 863.22500000000002 973.06935483870973 907.88709677419365 10.500000000000002 384.4354838709678 -0.93237865822738086 -0.88622299073327826 14.500000000000002 0.69359108247017909 456.21249999999998 0.29690850442308503 11.500000000000002 -0.63257203029273779 0.12307490891423363 0.14521129302565808 0.28595588557473145 0.93771544905322102 0.94909129669788206 -0.30983472475487867 0.69056404122701587 -0.13398594226331254
decision_type=2 2 2 2 2 2 2 2 2 2 2 2 2 2 2 2 2 2 2 2 2 2 2 2 2 2 2 2 2 2
left_child=3 10 9 4 -1 29 7 8 -7 14 18 12 17 16 -3 -16 -12 -11 -2 -20 21 -21 -22 -24 -25 27 -8 -26 -27 -6
right_child=1 2 -4 -5 5 6 26 -9 -10 11 13 -13 -14 -15 15 -17 -18 -19 19 20 22 -23 23 24 25 28 -28 -29 -30 -31
leaf_value=-7.7407161748614349e-06 0.0078483080278830795 -0.00032225873550562338 0.0034439656778701092 -7.7407161748614349e-06 -1.3506186525492816e-05 -1.7135311657244741e-05 3.9817866518273437e-05 -7.7407161748614349e-06 1.4008718703037005e-06 0.00010355281015638763 0.0014284709429482464 0.0018121951621801137 -0.00044668893276316737 0.0024345511153843731 0.0001794571004310741 0.0036311005599335092 -0.00012418385754028944 0.0023400582396597537 -0.00016418230712205163 -0.0001621196878543868 1.6004152768902063e-05 0.0014273216556212498 -0.00020665462318908095 9.8904104124175957e-05 -0.00085144332509309308 0.0005810592376712776 -7.7712266596203217e-06 -0.00014233800807820219 0.0075113181170696338 0.00032683709301737469
leaf_weight=2233 74 48 255 3407 59 203 143 443 129 122 236 219 407 206 89 330 67 105 1013 395 331 1043 67 355 464 89 92 671 42 61
leaf_count=2233 74 48 255 3407 59 203 143 443 129 122 236 219 407 206 89 330 67 105 1013 395 331 1043 67 355 464 89 92 671 42 61
internal_value=-0.0198597 0.00654699 0.0176713 -0.0457096 -0.041632 -0.0263484 -0.0307616 -0.0382088 -0.0234234 0.0139288 0.00307677 0.00720141 0.00110236 0.0161765 0.0261752 0.0303571 0.00542763 0.0173246 0.00160616 0.00111832 0.0030509 0.00903405 -0.00121287 -0.00396684 -0.00231196 -0.00568272 -0.00614407 -0.00858275 0.0193182 0.0107438
internal_weight=13398 6628 1575 6770 3363 1130 1010 775 332 1320 5053 853 634 509 467 419 303 227 4544 4470 3457 1438 2019 1688 1621 1266 235 1135 131 120
internal_count=13398 6628 1575 6770 3363 1130 1010 775 332 1320 5053 853 634 509 467 419 303 227 4544 4470 3457 1438 2019 1688 1621 1266 235 1135 131 120
is_linear=0
shrinkage=0.05


Tree=71
num_leaves=31
num_cat=0
split_feature=3 0 2 5 5 7 5 3 10 0 6 7 5 1 10 7 4 6 3 8 2 1 4 10 7 7 5 10 3 6
split_gain=3553.44 104.252 47.2839 44.981 168.826 84.4733 102.867 37.9448 34.0993 36.9661 40.5545 35.4628 30.0722 28.4955 25.748 27.5145 26.4542 24.5499 24.4385 22.9478 22.781 21.9957 21.8677 21.3297 20.98 20.253 29.3625 19.1856 18.0775 16.7319
threshold=1.0000000180025095e-35 761.54838709677426 973.06935483870973 16.500000000000004 3.5000000000000004 0.011826144619637555 5.5000000000000009 0.18685248786243444 889.54375000000005 330.72580645161298 -0.61913973745509387 -0.93237865822738086 11.500000000000002 99.016129032258078 958.41250000000002 -0.94426098523567992 0.75070638088810815 -0.73866753694953124 0.12307490891423363 -0.36547639117285574 967.3435483870968 25.725806451612907 0.15238807247406752 699.65000000000009 0.63089349388778826 -0.79904327102181261 4.5000000000000009 996.94375000000002 0.49519202250663125 0.95752911693909493
decision_type=2 2 2 2 2 2 2 2 2 2 2 2 2 2 2 2 2 2 2 2 2 2 2 2 2 2 2 2 2 2
left_child=3 2 8 4 -1 25 -7 -4 9 -2 20 -12 -3 19 15 -14 -17 28 22 -13 -11 -21 -10 -22 -8 -6 -27 29 -9 -20
right_child=1 12 7 -5 5 6 24 17 18 10 11 13 14 -15 -16 16 -18 -19 27 21 23 -23 -24 -25 -26 26 -28 -29 -30 -31
leaf_value=-7.3536803661183633e-06 1.8813628474793378e-06 0.0025787986144424043 -7.5307572465777367e-05 -7.3536803661183633e-06 7.2624482217623947e-05 -7.3536803661183633e-06 0.00062081527011299581 -0.00058593888873708375 -4.966039854275399e-05 -0.000446337579661979 -0.00096830910658188274 2.1444893979995219e-05 -0.00020305342131433647 -0.00055023675150523419 -0.00050007525005570379 -0.00074037581269848776 0.0023841556132502108 0.0028200961582314599 -0.00014685974045424989 0.0026576021813306764 -0.0016375339721154264 0.0031381505141013124 3.9932274013974674e-05 0.001006206380791025 -7.3541737555985088e-06 -1.9201858597143867e-05 0.00029916218378773108 0.0006010969193712732 0.0012476633412205564 -0.001626157530533065
leaf_weight=2227 2050 424 101 3410 81 579 42 57 78 331 45 98 98 86 73 52 331 336 1289 199 42 417 97 231 190 176 61 71 54 51
leaf_count=2227 2050 424 101 3410 81 579 42 57 78 331 45 98 98 86 73 52 331 336 1289 199 42 417 97 231 190 176 61 71 54 51
internal_value=-0.020089 0.00598155 0.00336351 -0.0455593 -0.041406 -0.0256195 -0.0341749 0.0173042 0.00185804 0.00461429 0.0107241 0.0177896 0.0210419 0.0202247 0.0133333 0.0175311 0.0235677 0.0235491 -0.0042218 0.0234965 0.000826446 0.0270665 0.0133523 0.0114964 -0.00600858 -0.00376176 -0.0111345 -0.00640935 0.003125 -0.00775541
internal_weight=13377 6611 5633 6766 3356 1129 811 548 5085 3499 1449 845 978 800 554 481 383 447 1586 714 604 616 175 273 232 318 237 1411 111 1340
internal_count=13377 6611 5633 6766 3356 1129 811 548 5085 3499 1449 845 978 800 554 481 383 447 1586 714 604 616 175 273 232 318 237 1411 111 1340
is_linear=0
shrinkage=0.05


Tree=72
num_leaves=31
num_cat=0
split_feature=3 0 5 5 10 5 10 3 10 5 4 1 5 4 2 3 3 10 8 6 5 6 6 11 8 3 6 10 10 4
split_gain=3560.87 104.499 44.6131 164.19 48.1585 68.0712 38.0386 36.7078 35.6358 34.0395 39.2439 31.8982 26.2509 44.3922 35.9898 31.5117 42.5095 30.8157 27.0499 43.0568 29.6821 29.0899 26.8957 24.27 23.4905 19.6143 19.001 23.3345 18.3996 17.6626
threshold=1.0000000180025095e-35 672.72580645161304 16.500000000000004 3.5000000000000004 899.83749999999998 5.5000000000000009 489.18124999999992 0.17475122533324391 650.16875000000016 12.500000000000002 0.69359108247017909 99.951612903225822 11.500000000000002 0.41593775407064054 962.70161290322596 0.12307490891423363 0.14521129302565808 909.76875000000007 0.89115239534193136 0.63920241694561786 15.500000000000002 0.98522604642031408 -0.099819732675876835 14.593548387096776 -0.86976336936302323 0.28595588557473145 0.92273069556937592 598.86874999999998 957.92500000000007 0.77864400212636553
decision_type=2 2 2 2 2 2 2 2 2 2 2 2 2 2 2 2 2 2 2 2 2 2 2 2 2 2 2 2 2 2
left_child=2 6 3 -1 5 8 7 -2 -5 10 -3 -9 13 -8 22 26 -17 -16 20 -20 21 -18 -15 -11 -19 -22 27 -14 -12 -25
right_child=1 9 -4 4 -6 -7 12 11 -10 23 28 -13 15 14 17 16 18 24 19 -21 25 -23 -24 29 -26 -27 -28 -29 -30 -31
leaf_value=-6.9859963478124461e-06 -6.6448903346586022e-05 0.00063058441102250293 -6.9859963478124461e-06 -6.9859963478124461e-06 3.9008364774760521e-06 -6.7424724438387468e-06 -7.1006363876456599e-05 0.0043928669055664782 -1.0108818879167939e-05 0.0026351796037401955 0.0029268363939383758 -0.0010097739327753819 -1.3072531503997398e-05 -0.0020638752157252195 0.0015522821381079523 -0.00023316354212138949 -0.00084057273859262926 0.0022335442792844385 -5.8283575891138892e-05 0.0051555677155990798 0.00011211450638670857 0.001532076055285045 0.0018051546071908009 -0.00072837284874207047 -0.00017274433765256949 -9.3418091539228257e-05 -9.6250481813799641e-06 2.9473569573053724e-05 0.00041948170684814049 0.00061417556667577597
leaf_weight=2236 112 224 3413 336 150 230 1171 296 391 60 585 71 74 85 805 76 927 62 163 123 188 72 101 128 250 301 45 216 90 348
leaf_count=2236 112 224 3413 336 150 230 1171 296 391 60 585 71 74 85 805 76 927 62 163 123 188 72 101 128 250 301 45 216 90 348
internal_value=-0.0201238 0.00607697 -0.045612 -0.0414623 -0.0256769 -0.0298017 0.00274372 0.0161458 -0.037294 0.0180014 0.0239444 0.0237772 0.00136266 0.00488889 0.0112347 -0.00263038 -0.00518639 0.0146243 -0.00360563 0.010453 -0.00631296 -0.01125 -0.00909091 0.00800745 0.00127796 0.00377551 0.0114583 0.0161512 0.0299556 0.00419287
internal_weight=13329 6573 6756 3343 1107 957 5138 479 727 1435 899 367 4659 2474 1303 2185 1850 1117 1774 286 1488 999 186 536 312 489 335 290 675 476
internal_count=13329 6573 6756 3343 1107 957 5138 479 727 1435 899 367 4659 2474 1303 2185 1850 1117 1774 286 1488 999 186 536 312 489 335 290 675 476
is_linear=0
shrinkage=0.05


Tree=73
num_leaves=31
num_cat=0
split_feature=3 0 5 5 1 5 5 7 5 10 6 5 9 6 10 10 1 8 10 9 7 5 8 1 7 1 7 8 8 3
split_gain=3439.28 96.5634 56.0798 93.6086 44.194 43.4528 163.684 92.4088 77.9049 42.9699 25.4664 24.0474 39.3778 21.4105 19.6759 18.8483 18.4883 18.2648 19.1098 17.191 16.7003 17.8423 16.2709 13.5875 13.4724 13.0305 12.5537 12.3206 11.9909 25.2664
threshold=1.0000000180025095e-35 878.08064516129036 12.500000000000002 8.5000000000000018 65.854838709677438 16.500000000000004 3.5000000000000004 -0.056951011027366626 5.5000000000000009 961.90000000000009 -0.71504373327588355 4.5000000000000009 -0.14250536273956091 -0.13398594226331254 479.71249999999986 907.08749999999998 96.82258064516131 -0.93545056548590078 941.01250000000016 -0.99628250747696534 0.33222858587828868 4.5000000000000009 0.89404822654372251 99.887096774193566 0.95436825032516992 1.0806451612903227 -0.89787881968372518 -0.5484990889199054 0.73865729060996166 0.12307490891423363
decision_type=2 2 2 2 2 2 2 2 2 2 2 2 2 2 2 2 2 2 2 2 2 2 2 2 2 2 2 2 2 2
left_child=5 2 3 17 9 6 -1 11 20 10 -5 12 -8 -14 23 -3 24 18 -2 -19 21 -9 -16 -6 -10 -17 -12 -27 29 -4
right_child=1 15 28 4 14 -7 7 8 16 -11 26 -13 13 -15 22 25 -18 19 -20 -21 -22 -23 -24 -25 -26 27 -28 -29 -30 -31
leaf_value=-6.6366965304218227e-06 0.00017847407000516209 0.0034678318927365754 1.1464969640101444e-05 0.00072141381926704446 0.010856594197322308 -6.6366965304218227e-06 -2.0468483353372092e-05 -7.7686948943368635e-06 5.5396890956904482e-05 -0.00089673402856791382 0.00052188329984753927 0.00030735023101320224 -7.5724735503658953e-06 0.00035032922962124912 0.00018327249606308745 0.0020701590476552901 -1.5230795469749082e-05 0.0015516587340781846 0.0017407863560136392 -0.00013249081056354098 -6.6366965304218227e-06 -1.5979080457489287e-05 0.0044930707941838377 0.0013877000086185811 -6.5624329717272095e-06 0.0021290074094271138 0.0040427146806774842 -0.00016889350998731956 3.8741707314667232e-05 -0.00017214459704549269
leaf_weight=2224 149 146 284 326 56 3394 126 78 107 43 82 52 62 62 684 105 50 45 54 1487 451 72 106 41 60 149 539 82 630 1663
leaf_count=2224 149 146 284 326 56 3394 126 78 107 43 82 52 62 62 684 105 50 45 54 1487 451 72 106 41 60 149 539 82 630 1663
internal_value=-0.020481 0.00496853 0.00328756 0.00730695 0.0150426 -0.0456744 -0.0415845 -0.025959 -0.0346764 0.0223007 0.0245253 -0.00231023 -0.00876494 0.0112 0.00692568 0.026501 -0.00894495 -0.00106567 0.0129902 -0.00293542 -0.0439369 -0.0291391 0.00429836 0.0280612 -0.000892857 0.0198813 0.0304662 0.0131466 -0.00234678 -0.00428645
internal_weight=13409 6671 6189 3612 1877 6738 3344 1120 818 990 947 302 250 124 887 482 217 1735 203 1532 601 150 790 97 167 336 621 231 2577 1947
internal_count=13409 6671 6189 3612 1877 6738 3344 1120 818 990 947 302 250 124 887 482 217 1735 203 1532 601 150 790 97 167 336 621 231 2577 1947
is_linear=0
shrinkage=0.05


Tree=74
num_leaves=31
num_cat=0
split_feature=3 0 5 5 10 5 2 5 9 5 6 5 5 1 10 6 3 0 9 6 10 2 9 1 11 8 1 11 1 8
split_gain=3393.33 84.9406 46.3735 179.687 56.4619 80.7502 44.6355 42.1056 36.9752 33.4916 33.3365 28.8428 46.7376 30.0039 25.1322 24.3891 19.6832 17.9324 16.3321 15.3952 15.1411 18.3902 17.6903 14.7121 14.34 14.4569 13.8504 13.5508 14.6873 13.2074
threshold=1.0000000180025095e-35 878.08064516129036 15.500000000000002 3.5000000000000004 763.35000000000014 5.5000000000000009 973.06935483870973 15.500000000000002 -0.14250536273956091 4.5000000000000009 0.93237596376505805 12.500000000000002 8.5000000000000018 59.370967741935495 961.14375000000007 -0.73866753694953124 0.53808795145873567 72.40322580645163 -0.99628250747696534 -0.13398594226331254 479.71249999999986 964.21774193548401 -0.89404254237865755 95.435483870967758 6.7500000000000009 0.20391355282604834 30.887096774193552 18.166129032258066 1.8870967741935487 0.89404822654372251
decision_type=2 2 2 2 2 2 2 2 2 2 2 2 2 2 2 2 2 2 2 2 2 2 2 2 2 2 2 2 2 2
left_child=2 6 3 -1 5 10 11 15 9 -6 -5 12 18 14 24 16 -8 -17 -2 -10 -15 -22 -23 -7 -14 -26 -11 -3 -29 -24
right_child=1 27 -4 4 8 23 7 -9 19 26 -12 -13 13 20 -16 17 -18 -19 -20 -21 21 22 29 -25 25 -27 -28 28 -30 -31
leaf_value=-6.3048617039007315e-06 0.0017973385807245322 0.0030608093002175707 -6.3048617039007315e-06 -6.3048617039007315e-06 -1.5930198218790931e-05 3.5761960954486339e-05 -0.00056808717368486694 -0.0001053905807277697 -3.3866823777825488e-06 0.00034204480877853395 -2.8949351545495408e-06 -1.0150427788629264e-05 0.0028386554947091667 0.0068064829625655524 -0.00032733825455652233 -2.4832608207500662e-05 0.0011631436790444706 0.0029812749438269392 -3.4765638403350119e-05 0.00033180051327413277 -0.00065868737270762814 0.0036679194400558533 0.00020553489732964559 -1.9769106834846217e-05 0.00084221126388271954 0.0025749541592161168 -7.0880405945818788e-05 0.0017909185320351823 0.00051732415862577603 0.0050167207760153654
leaf_weight=2183 44 211 3421 472 154 137 81 49 59 43 50 2347 70 90 46 49 49 344 1521 61 320 66 336 50 313 334 62 120 136 46
leaf_count=2183 44 211 3421 472 154 137 81 49 59 43 50 2347 70 90 46 49 49 344 1521 61 320 66 336 50 313 334 62 120 136 46
internal_value=-0.0203015 0.00521832 -0.0453608 -0.0410605 -0.0244261 -0.0327465 0.00364396 0.0169284 -0.00881579 -0.0194231 -0.0428298 0.0022678 0.00536555 0.0113132 0.0185209 0.0210878 0.00229008 0.0272843 -0.000798212 0.0140496 0.00488941 0.00260078 0.0091314 -0.00452128 0.0208217 0.0184414 0.00235849 0.0257479 0.0178988 0.00496084
internal_weight=13264 6572 6692 3271 1088 709 6105 572 379 259 522 5533 3186 1621 763 523 130 393 1565 120 858 768 448 187 717 647 105 467 256 382
internal_count=13264 6572 6692 3271 1088 709 6105 572 379 259 522 5533 3186 1621 763 523 130 393 1565 120 858 768 448 187 717 647 105 467 256 382
is_linear=0
shrinkage=0.05


Tree=75
num_leaves=31
num_cat=0
split_feature=4 4 5 4 5 5 7 5 2 6 10 4 10 5 6 4 5 5 8 5 6 5 7 4 1 4 8 6 1 7
split_gain=2845.92 342.464 67.0499 110.677 49.8253 188.743 92.2438 94.6453 40.007 37.0145 32.8994 30.7342 30.1995 25.041 23.7496 27.8173 24.0845 21.9754 30.3518 20.2486 18.725 18.1696 23.994 24.9577 17.4929 17.0757 22.4844 16.7201 16.0246 15.9525
threshold=1.0000000180025095e-35 1.2995021872570922 13.500000000000002 0.69583607698933203 6.5000000000000009 3.5000000000000004 0.04621408538533487 5.5000000000000009 973.16612903225825 -0.83377653105606597 958.41250000000002 0.25697897982660223 458.7062499999999 16.500000000000004 0.98522604642031408 0.54336139127218008 11.500000000000002 4.5000000000000009 -0.5484990889199054 8.5000000000000018 -0.92923668111203805 11.500000000000002 -0.94426098523567992 0.75070638088810815 42.145161290322591 0.79863599013566799 0.82048548965790546 0.71503381463111937 81.048387096774206 0.38043945030393422
decision_type=2 2 2 2 2 2 2 2 2 2 2 2 2 2 2 2 2 2 2 2 2 2 2 2 2 2 2 2 2 2
left_child=4 2 3 8 5 -1 17 29 12 -5 21 -4 -2 -3 16 -16 19 18 27 -14 -19 -11 -23 -24 -10 26 -13 -7 -9 -8
right_child=1 13 11 9 -6 6 7 28 24 10 -12 25 14 -15 15 -17 -18 20 -20 -21 -22 22 23 -25 -26 -27 -28 -29 -30 -31
leaf_value=-5.989618618705696e-06 0.0067251044959710021 -5.8902482939412354e-06 -9.7537544892795786e-05 6.6827194903870687e-05 -5.989618618705696e-06 0.00031725121403387569 -8.8750550083076511e-06 3.7774228099735288e-05 0.0019492204951143345 0.003060677853286542 -0.00014982099886369783 -0.00020048916378817978 -8.9216158820998326e-05 -5.989618618705696e-06 0.00011227102814879431 0.0036470617169480249 -0.0014033381358983009 -7.9937826405231726e-05 -1.8648549274763939e-05 0.00089835184560439491 0.00072337113423597259 -0.00019054225153744832 0.00033887011994546693 0.0031586980652901831 0.0011363346847538731 1.8703133435084312e-05 0.00051586441817677022 -1.4850150584294359e-05 -2.1334389148489856e-05 -5.989618618705696e-06
leaf_weight=2256 57 121 83 232 2908 51 121 120 140 367 95 868 1409 511 99 71 412 44 184 930 42 66 89 335 159 923 157 43 88 441
leaf_count=2256 57 121 83 232 2908 51 121 120 140 367 95 868 1409 511 99 71 412 44 184 930 42 66 89 335 159 923 157 43 88 441
internal_value=-0.020666 0.000982456 0.00440474 0.00783281 -0.04515 -0.0409909 -0.0243172 -0.0341115 0.0030964 0.0209283 0.0252886 -0.003125 0.00134273 -0.0341232 0.000633128 0.0187135 -0.000490552 -0.00356164 -0.0103943 0.00147436 0.0183908 0.02838 0.0219959 0.0263529 0.0205 -0.0018471 -0.00628655 0.0126316 -0.00526316 -0.0447602
internal_weight=13422 7124 6492 4461 6298 3390 1134 770 3277 1184 952 2031 2978 632 2921 170 2751 364 278 2339 86 857 490 424 299 1948 1025 94 208 562
internal_count=13422 7124 6492 4461 6298 3390 1134 770 3277 1184 952 2031 2978 632 2921 170 2751 364 278 2339 86 857 490 424 299 1948 1025 94 208 562
is_linear=0
shrinkage=0.05


Tree=76
num_leaves=31
num_cat=0
split_feature=3 0 5 5 10 5 10 9 5 5 6 4 10 3 10 1 8 8 6 11 9 10 6 1 6 11 9 11 1 5
split_gain=3295.88 81.4511 48.808 162.701 65.417 47.2855 42.6531 36.278 32.2613 59.9837 32.3286 29.8059 28.0498 39.9677 23.8439 23.3621 22.8219 22.4306 29.7008 22.2216 35.0223 21.8065 21.7175 19.0645 18.5497 20.9438 17.5131 16.8175 17.0528 15.9164
threshold=1.0000000180025095e-35 498.83870967741944 17.500000000000004 3.5000000000000004 763.35000000000014 12.500000000000002 958.93750000000011 1.0000000180025095e-35 5.5000000000000009 15.500000000000002 0.92602006027323147 0.69746810207212961 489.18124999999992 0.30124888201733763 851.34375 41.112903225806456 -0.55657263146136127 0.71953851835684701 0.92922379131507438 11.479032258064519 0.60383265664488517 934.13750000000016 -0.83377653105606597 99.951612903225822 0.51297097409535064 33.504838709677422 0.16587474750015932 12.101612903225808 99.016129032258078 15.500000000000002
decision_type=2 2 2 2 2 2 2 2 2 2 2 2 2 2 2 2 2 2 2 2 2 2 2 2 2 2 2 2 2 2
left_child=2 12 3 -1 8 6 11 -6 10 -10 -5 19 13 -2 17 -8 21 18 -7 20 -3 -16 -13 -15 29 27 -19 -26 -29 -14
right_child=1 5 -4 4 7 14 15 -9 9 -11 -12 22 24 23 16 -17 -18 26 -20 -21 -22 -23 -24 -25 25 -27 -28 28 -30 -31
leaf_value=-5.6901376877704103e-06 -4.1608560154312527e-05 0.0023416037448305699 -5.6901376877704103e-06 -5.6901376877704103e-06 -1.2507321528391213e-05 -0.000371280691823489 -0.00059219833491145355 3.7262936627760827e-05 -9.3208810036169447e-06 -5.6901376877704103e-06 -2.956743296917592e-06 0.00051167189770855159 -0.0002632005072968142 0.0061419940680989826 -0.00036073384285457424 0.0011161196655812612 -0.000746841090860323 0.0012324950602228546 0.002021609205685765 0.0005187660982762355 -0.00037318889128717947 0.0015386837573335783 0.0028912531624444293 -0.00020289556048097568 0.00014020592718955537 0.0027315650630342692 0.0028449867067512516 7.5804435140830122e-06 -0.00042984845357344137 9.0222205518652038e-06
leaf_weight=2277 211 202 3156 460 330 99 100 93 189 234 48 148 1848 205 154 41 318 109 90 372 67 123 554 57 586 123 61 515 170 506
leaf_count=2277 211 202 3156 460 330 99 100 93 189 234 48 148 1848 205 154 41 318 109 90 372 67 123 554 57 586 123 61 515 170 506
internal_value=-0.0205399 0.00445195 -0.0450575 -0.0410655 -0.0273063 0.0117261 0.0173064 -0.010967 -0.0347103 -0.0244104 -0.043222 0.0200521 0.000248697 0.0117089 0.00303665 -0.00880282 -0.00310403 0.0131944 0.00131579 0.0122274 0.0231481 0.0073741 0.0271693 0.0247148 -0.00120032 0.00336918 0.0263158 0.0014544 -0.00386297 -0.00390658
internal_weight=13446 6659 6787 3631 1354 2438 1484 423 931 423 508 1343 4221 473 954 141 595 359 189 641 269 277 702 262 3748 1394 170 1271 685 2354
internal_count=13446 6659 6787 3631 1354 2438 1484 423 931 423 508 1343 4221 473 954 141 595 359 189 641 269 277 702 262 3748 1394 170 1271 685 2354
is_linear=0
shrinkage=0.05


Tree=77
num_leaves=31
num_cat=0
split_feature=3 0 11 5 5 7 5 5 10 3 10 2 10 7 6 6 2 3 2 6 7 10 3 3 0 5 10 8 5 0
split_gain=3374.81 57.9502 52.1789 49.4397 167.855 127.435 47.121 72.8455 33.8481 31.6361 31.8815 27.9381 27.1016 25.2712 24.3994 21.5943 20.7992 19.3771 19.2175 18.8992 18.124 16.9852 28.129 20.7038 22.0303 19.434 27.9824 20.6063 16.9592 16.8036
threshold=1.0000000180025095e-35 504.16129032258073 14.804838709677421 17.500000000000004 3.5000000000000004 0.080547328232315238 5.5000000000000009 15.500000000000002 650.16875000000016 0.74621138020497868 901.21249999999998 970.01129032258075 761.52499999999986 -0.9260227363677036 -0.69057362043749781 0.14250626876356556 975.68548387096791 0.30829553408257598 963.05645161290329 -0.77245553105869302 0.33222858587828868 458.7062499999999 0.21266665233249651 0.027745800144117986 4.0967741935483879 11.500000000000002 643.50000000000011 -0.96235977360714686 11.500000000000002 795.59677419354853
decision_type=2 2 2 2 2 2 2 2 2 2 2 2 2 2 2 2 2 2 2 2 2 2 2 2 2 2 2 2 2 2
left_child=3 16 11 4 -1 -6 -7 19 -4 20 13 12 -3 -11 -15 -13 21 -18 -12 -8 -10 22 -2 -23 -25 26 -26 -28 -20 -14
right_child=1 2 8 -5 5 6 7 -9 9 10 18 15 29 14 -16 -17 17 -19 28 -21 -22 23 -24 24 25 -27 27 -29 -30 -31
leaf_value=-5.4056308033818903e-06 -0.00022815265270331178 0.0032652611976740579 0.012712050510551099 -5.4056308033818903e-06 -1.9518609288027415e-08 -5.4056308033818903e-06 0.00099137937647441189 -5.4056308033818903e-06 -5.3623273642980364e-05 -0.0005958738123294727 -0.00077958754165216864 0.0010195662380857284 0.00012415487376359058 0.00040099241067771967 0.0029006240718869761 0.0031354954193199545 -1.0469557154351578e-05 0.0021129083102622791 0.0015924946186181733 -1.1510418792990488e-05 -0.0037699462205216475 2.3161764870624123e-05 0.010303377833701416 -0.00046046712458379521 0.001423470094617535 -3.539188163609389e-05 0.00099160574106472456 -0.00010307067229376466 4.4321753683593262e-05 0.0016994595452953206
leaf_weight=2232 41 104 51 3142 333 555 40 252 600 43 96 129 304 69 158 252 63 97 157 158 49 155 60 137 623 1739 152 1171 280 138
leaf_count=2232 41 104 51 3142 333 555 40 252 600 43 96 129 304 69 158 252 63 97 157 158 49 155 60 137 623 1739 152 1171 280 138
internal_value=-0.0200359 0.00515819 0.0113122 -0.0450618 -0.0409969 -0.0269604 -0.035835 -0.0237251 0.00555186 0.00412939 0.0107587 0.0206358 0.0133455 0.0247232 0.0313596 0.0310209 0.00162774 0.0192547 0.00365169 -0.00100503 -0.00407692 0.000931601 0.0210784 0.000414781 -0.00031389 0.00042051 0.00385208 -0.00026435 0.00810502 0.00790068
internal_weight=13380 6668 2430 6712 3570 1338 1005 450 1503 1452 803 927 546 270 227 381 4238 160 533 198 649 4078 101 3977 3822 3685 1946 1323 437 442
internal_count=13380 6668 2430 6712 3570 1338 1005 450 1503 1452 803 927 546 270 227 381 4238 160 533 198 649 4078 101 3977 3822 3685 1946 1323 437 442
is_linear=0
shrinkage=0.05


Tree=78
num_leaves=31
num_cat=0
split_feature=3 5 5 7 5 5 5 4 10 4 5 2 10 9 4 5 3 6 10 2 6 5 4 10 11 7 2 7 10 4
split_gain=3279.63 47.5633 163.171 103.777 46.7304 67.0036 43.0538 88.9203 22.847 21.9685 39.3967 21.1258 20.105 28.1138 19.6934 22.4337 18.3378 20.8213 18.1818 17.8325 22.4506 16.0383 16.0244 15.2265 15.1893 15.1165 13.8805 13.5401 12.7108 13.8679
threshold=1.0000000180025095e-35 17.500000000000004 3.5000000000000004 0.080547328232315238 5.5000000000000009 15.500000000000002 12.500000000000002 0.66839884965026031 486.48750000000001 0.78532719474804324 13.500000000000002 974.1532258064517 467.36249999999995 0.71953727073011831 0.77237097436018887 11.500000000000002 0.12307490891423363 0.98522604642031408 643.50000000000011 960.75645161290333 0.97314989601849466 4.5000000000000009 0.072346930293594444 863.22500000000002 37.506451612903234 0.36447543099728863 966.82741935483875 -0.82899557272681157 950.08749999999998 0.31095090690163757
decision_type=2 2 2 2 2 2 2 2 2 2 2 2 2 2 2 2 2 2 2 2 2 2 2 2 2 2 2 2 2 2
left_child=1 2 -1 21 25 8 7 11 -6 16 -11 12 -2 18 15 -9 -8 24 22 -20 -21 27 -14 -17 -18 -5 -10 -4 29 -15
right_child=6 -3 3 4 5 -7 9 14 26 10 -12 -13 13 28 -16 23 17 -19 19 20 -22 -23 -24 -25 -26 -27 -28 -29 -30 -31
leaf_value=-5.1353492632127953e-06 0.0048113759731739291 -5.1353492632127953e-06 2.8863971582101666e-05 -8.5672263195173306e-06 -2.0415832030682331e-05 -5.1353492632127953e-06 5.8064307296741606e-05 0.0017302397988939234 -2.6068043444948954e-05 0.00230675651273225 4.8548605838607199e-06 0.0014227922226241357 -0.00053404719381783207 -0.00065156402801989791 0.0037561326150101662 0.001031218852476859 -0.0004094505159337153 0.0013196326081229962 -0.00077415701639330092 0.00010490801332060234 0.0016444902948981822 0.00018823391198101664 0.001875126940952393 -0.00027741300835703865 0.00058530337839632351 -5.1353492632127953e-06 9.3655090720594391e-05 -1.4219913938302995e-05 0.00034918781128412716 -0.00017149625030204454
leaf_weight=2227 90 3155 66 111 42 252 61 702 75 149 1168 164 60 184 118 108 1146 80 238 1308 123 74 407 116 94 445 91 190 44 237
leaf_count=2227 90 3155 66 111 42 252 61 702 75 149 1168 164 60 184 118 108 1146 80 238 1308 123 74 407 116 94 445 91 190 44 237
internal_value=-0.0206026 -0.0451627 -0.0411724 -0.0273942 -0.0352999 -0.0234273 0.00444832 0.00780769 -0.00239234 -0.000407558 0.00421093 0.0032388 0.00217311 0.00136434 0.0202871 0.0177994 -0.00481187 -0.00605602 0.00379036 0.00134731 0.0034567 -0.00302115 0.0125 0.004 -0.00765512 -0.0450628 0.00598802 -0.00894942 -0.00976395 -0.0124408
internal_weight=13325 6728 3573 1346 1016 460 6597 3899 208 2698 1317 2855 2691 2601 1044 926 1381 1320 2136 1669 1431 330 467 224 1240 556 166 256 465 421
internal_count=13325 6728 3573 1346 1016 460 6597 3899 208 2698 1317 2855 2691 2601 1044 926 1381 1320 2136 1669 1431 330 467 224 1240 556 166 256 465 421
is_linear=0
shrinkage=0.05


Tree=79
num_leaves=31
num_cat=0
split_feature=0 4 0 0 0 10 2 4 6 10 0 8 10 6 0 6 6 10 10 8 2 7 11 10 6 7 6 1 10 10
split_gain=2830.54 249.736 74.8696 57.1052 48.5606 46.0756 41.1838 31.5995 24.1123 29.6721 23.1352 22.8987 45.3543 41.2283 35.4494 35.9228 46.5739 34.8672 22.0397 21.462 19.8723 22.5872 28.6067 18.823 18.0035 17.1903 20.7988 15.9046 15.8592 15.2785
threshold=5.080645161290323 1.2116665481716715 1.0000000180025095e-35 48.306451612903231 878.08064516129036 456.21249999999998 973.16612903225825 0.80607137802488082 0.98667101781630195 734.1812500000002 349.85483870967749 0.71953851835684701 961.90000000000009 0.85673801594079257 347.19354838709688 -0.65882179392489248 -0.78326540922535159 944.05000000000007 956.02500000000009 0.98901264295277169 967.11129032258077 -0.72102888505294738 6.8209677419354842 903.83124999999995 -0.73866753694953124 0.2332836900311728 -0.89406062840022227 5.2419354838709689 746.93124999999998 771.35000000000014
decision_type=2 2 2 2 2 2 2 2 2 2 2 2 2 2 2 2 2 2 2 2 2 2 2 2 2 2 2 2 2 2
left_child=2 4 -1 -3 5 -2 8 -4 11 -10 27 17 13 14 -13 16 29 20 -17 -14 -7 -22 -23 -6 -12 -24 -27 -8 -15 -16
right_child=1 3 7 -5 23 6 10 -9 9 -11 24 12 19 28 15 18 -18 -19 -20 -21 21 22 25 -25 -26 26 -28 -29 -30 -31
leaf_value=-4.8785818000521554e-06 0.0097510116875963102 -4.8785818000521554e-06 -2.76825931234515e-05 -6.1832736744324651e-06 0.0026594360993685787 -0.00026094845210809515 0.0013222414719703567 -4.8785818000521554e-06 0.0033912915698240762 4.2459232923905411e-05 0.00038756569450819627 5.971324324910432e-05 -0.0014727852345622031 0.00055056481850571104 0.0025903622622447026 0.0026718333224552086 -0.0011496528228439275 0.00046128863902442085 -0.00025296177487087456 5.7607704832114696e-05 -0.00015997695061791274 0.0016021198277024864 0.00029655571401033534 0.0010453245092792664 0.0028368052510573008 -0.0018651395005564566 -1.860012348584017e-05 -4.2393069357246995e-05 -0.0030000261260199074 0.00048589467379789726
leaf_weight=6287 66 347 230 191 123 1771 56 130 138 187 70 483 72 45 42 321 86 291 43 54 365 151 427 380 209 67 423 182 56 135
leaf_count=6287 66 347 230 191 123 1771 56 130 138 187 70 483 72 45 42 321 86 291 43 54 365 151 427 380 209 67 423 182 56 135
internal_value=-0.0206866 0.00204217 -0.0438703 -0.0306122 0.00486067 0.00355339 0.00306608 -0.0216066 0.00171578 0.0148773 0.0165058 0.000827643 0.00639013 0.00936469 0.0121512 0.0199841 0.00587121 -0.00130149 0.030137 -0.0220472 -0.00280811 0.00156904 0.00523854 0.0197421 0.02625 0.00190632 -0.00448065 0.00502092 -0.0210784 0.0205056
internal_weight=13428 6781 6647 538 6243 5740 5674 360 5157 325 517 4832 1337 1211 1110 627 263 3495 364 126 3204 1433 1068 503 279 917 490 238 101 177
internal_count=13428 6781 6647 538 6243 5740 5674 360 5157 325 517 4832 1337 1211 1110 627 263 3495 364 126 3204 1433 1068 503 279 917 490 238 101 177
is_linear=0
shrinkage=0.05


Tree=80
num_leaves=31
num_cat=0
split_feature=3 5 5 5 5 7 5 5 11 1 10 7 5 7 8 7 3 11 8 10 1 0 10 8 2 8 1 7 4 3
split_gain=3234.8 54.143 66.2353 50.6206 179.583 108.501 58.1182 61.6499 37.5379 29.4038 28.4101 27.6134 24.1401 21.4593 16.7784 20.2752 16.6753 15.7995 22.9308 25.9742 18.6701 17.6973 17.1514 15.6975 16.5634 15.1654 14.5693 14.5037 14.302 13.5349
threshold=1.0000000180025095e-35 12.500000000000002 8.5000000000000018 17.500000000000004 3.5000000000000004 0.14888728888808328 5.5000000000000009 15.500000000000002 6.7500000000000009 9.9193548387096779 958.70000000000005 -0.99168640063982161 11.500000000000002 0.63089349388778826 -0.26762993667585538 -0.7444366621422277 0.027745800144117986 18.166129032258066 0.69056404122701587 956.91875000000016 65.209677419354847 742.77419354838719 936.69375000000002 -0.92273922871446856 972.42419354838728 -0.63172727744526391 99.016129032258078 -0.97315270831292444 0.75940933814836342 0.12307490891423363
decision_type=2 2 2 2 2 2 2 2 2 2 2 2 2 2 2 2 2 2 2 2 2 2 2 2 2 2 2 2 2 2
left_child=3 2 16 4 -1 25 -7 13 -4 10 11 -10 14 -8 15 -11 -2 21 22 20 -20 -3 29 24 -18 -6 -16 -24 -14 -19
right_child=1 17 8 -5 5 6 7 -9 9 12 -12 -13 28 -15 26 -17 23 18 19 -21 -22 -23 27 -25 -26 -27 -28 -29 -30 -31
leaf_value=-4.6346527100495477e-06 0.00048626487679565776 7.4347301885276109e-06 0.0027201142587453819 -4.6346527100495477e-06 8.2548495979336726e-05 -4.6346527100495477e-06 0.00055452680972523354 -4.6346527100495477e-06 -0.00029292031672130127 0.0015831246935387707 -0.0005166412839591461 0.0020634831396246279 -0.00062047602153385848 -9.8572375234052063e-06 0.0026694358766414157 8.2890278565425637e-05 0.00022030616050932456 1.6480450204627272e-05 0.00094979609185611162 -0.00082844782081802353 -0.00010596262660295119 0.001706126295190691 -0.00070567171561843338 -0.00012238216920082979 0.0018805751045795072 -1.0135799670364366e-05 1.3274625714110311e-05 0.00027144613426259291 0.0015284877855133467 -0.00049135388102130998
leaf_weight=2244 60 1301 204 3144 81 525 42 264 47 70 45 463 314 163 507 424 175 87 192 91 109 95 53 1382 46 272 107 138 64 690
leaf_count=2244 60 1301 204 3144 81 525 42 264 47 70 45 463 314 163 507 424 175 87 192 91 109 95 53 1382 46 272 107 138 64 690
internal_value=-0.020347 0.00435109 0.00813507 -0.0447818 -0.0406876 -0.026224 -0.0346734 -0.0218085 0.0137355 0.0116797 0.0214928 0.0248532 0.00800269 -0.00121359 0.0117223 0.00484848 0.000570913 -0.0010156 -0.00484938 0.00534351 0.0124172 0.00272011 -0.00897833 -0.000405237 0.0119369 -0.00240113 0.0172358 0.00442708 -0.00290237 -0.0122751
internal_weight=13399 6664 3908 6735 3591 1347 994 469 2245 2041 555 510 1486 205 1108 494 1663 2756 1360 392 301 1396 968 1603 221 353 614 191 378 777
internal_count=13399 6664 3908 6735 3591 1347 994 469 2245 2041 555 510 1486 205 1108 494 1663 2756 1360 392 301 1396 968 1603 221 353 614 191 378 777
is_linear=0
shrinkage=0.05


Tree=81
num_leaves=31
num_cat=0
split_feature=3 5 5 7 5 5 0 5 5 11 6 7 7 8 1 8 11 2 1 8 5 6 6 8 11 8 0 4 6 8
split_gain=3204.17 54.1567 190.176 120.282 68.4288 61.9623 53.0574 33.6685 42.134 42.0503 30.6162 24.0004 19.3707 17.8447 16.5197 16.4811 16.113 15.8204 14.6615 14.493 14.5922 34.5094 23.9295 13.9866 13.3957 15.1964 14.2691 31.858 17.8926 16.8581
threshold=1.0000000180025095e-35 17.500000000000004 3.5000000000000004 0.14888728888808328 5.5000000000000009 15.500000000000002 878.08064516129036 12.500000000000002 8.5000000000000018 6.7500000000000009 0.98667101781630195 -0.8901731938066898 0.63089349388778826 0.21652696009750597 99.016129032258078 -0.92273922871446856 19.250000000000004 962.56935483870973 4.0161290322580649 -0.60468929461279042 4.5000000000000009 -0.97113884758256674 -0.97113884758256674 0.067682722635586057 18.001612903225809 0.69056404122701587 349.85483870967749 0.79709778826396427 -0.97113884758256674 -0.48314718476766422
decision_type=2 2 2 2 2 2 2 2 2 2 2 2 2 2 2 2 2 2 2 2 2 2 2 2 2 2 2 2 2 2
left_child=1 2 -1 19 -5 12 7 8 15 -10 13 16 -6 17 -15 -2 -8 -11 -18 -4 22 -22 -21 -19 26 -26 28 29 -9 -28
right_child=6 -3 3 4 5 -7 11 24 9 10 -12 -13 -14 14 -16 -17 18 23 -20 20 21 -23 -24 -25 25 -27 27 -29 -30 -31
leaf_value=-4.4029200745470702e-06 0.00065943634874249257 -4.4029200745470702e-06 7.3692389446143383e-05 -4.4029200745470702e-06 0.00056432920468061883 -4.4029200745470702e-06 0.0011264492393411264 6.4973831746981649e-05 0.0030791792547411878 -0.0015848036458918802 0.0033379994606134501 0.002492940389806503 -9.1773152856339775e-06 0.0018491200218686832 -0.00029994804479502871 -6.6216576080663225e-05 0.00054682940144494541 0.00075883869515801369 -0.00089349760258734541 1.510881043032317e-06 -0.00011533488564093426 0.0004011471751052701 -1.6962239833887137e-05 -0.00063277833291820469 -0.00015101252110213839 8.1657627009156205e-05 -0.00086362834730939204 0.0008203065768528279 -2.0704066433951124e-05 0.00069040240751173931
leaf_weight=2239 215 3167 85 534 41 268 101 61 203 177 109 277 172 669 105 1473 78 608 40 40 40 50 149 41 873 353 143 239 714 181
leaf_count=2239 215 3167 85 534 41 268 101 61 203 177 109 277 172 669 105 1473 78 608 40 40 40 50 149 41 873 353 143 239 714 181
internal_value=-0.0204336 -0.0446139 -0.0403979 -0.0257609 -0.0345965 -0.0208506 0.00420357 0.00293593 0.00605387 0.0111343 0.00856725 0.0199195 -0.000700935 0.00680824 0.0122581 0.000296033 0.0075 0.00169287 -0.00504202 -0.00109589 -0.00660714 0.00989011 -0.0144737 0.00530769 -0.0014425 -0.00521597 0.00201643 0.00806738 -0.00238402 -0.00215385
internal_weight=13445 6785 3618 1379 1015 481 6660 6164 3600 1912 1709 496 213 1600 774 1688 219 826 118 364 279 90 189 649 2564 1226 1338 563 775 324
internal_count=13445 6785 3618 1379 1015 481 6660 6164 3600 1912 1709 496 213 1600 774 1688 219 826 118 364 279 90 189 649 2564 1226 1338 563 775 324
is_linear=0
shrinkage=0.05


Tree=82
num_leaves=31
num_cat=0
split_feature=3 0 2 10 0 7 6 6 7 2 11 1 6 3 7 1 0 10 2 11 3 6 3 9 7 2 11 10 7 3
split_gain=3164.07 49.947 36.6383 27.0975 46.7289 38.536 52.9378 24.556 29.3763 24.1273 23.5634 22.1414 28.8327 21.1082 30.1446 26.2576 23.4179 20.5177 19.1603 17.8113 20.8349 21.6209 17.1931 16.5494 18.5375 16.8378 16.7878 15.8952 13.6402 12.4797
threshold=1.0000000180025095e-35 878.08064516129036 975.68548387096791 863.22500000000002 478.72580645161298 -0.93237865822738086 -0.69057362043749781 0.84773968378660736 0.26659387353423869 969.07580645161295 6.8209677419354842 71.016129032258078 0.52766072109828632 0.28595588557473145 -0.57782411410281842 45.500000000000007 202.12903225806454 908.76250000000016 962.48870967741948 37.506451612903234 0.22242036063891754 -0.15101209918632377 0.30829553408257598 0.60383265664488517 -0.7444366621422277 968.80483870967748 17.450000000000006 913.31875000000002 0.011826144619637555 0.12307490891423363
decision_type=2 2 2 2 2 2 2 2 2 2 2 2 2 2 2 2 2 2 2 2 2 2 2 2 2 2 2 2 2 2
left_child=-1 2 3 4 10 -6 -7 -8 -9 13 -2 12 28 16 15 -15 29 -14 -16 -12 -21 -22 -4 24 -3 -26 -25 -17 -11 -5
right_child=1 23 22 9 5 6 7 8 -10 11 19 -13 17 14 18 27 -18 -19 -20 20 21 -23 -24 26 25 -27 -28 -29 -30 -31
leaf_value=-4.1827740708197163e-06 0.00061225319247265879 0.0026349511028779722 5.0760961795723924e-05 1.743769463628921e-05 -0.0011859540677755798 8.5608929089797675e-05 0.0028871958357895413 0.0028289402137907068 -0.00026295853493548126 -0.00015294286794384113 -2.3320815312596479e-05 0.00095251058564403419 -9.9747780003289774e-05 -0.00035646754032511718 -0.0029910435024469136 -0.00072255149408907433 0.00018042298383219701 0.0013984938927872892 -0.00084933978324605033 -0.00020469451636291743 -0.00053414885822407614 0.0044611766569453816 0.0029730193694562841 0.0011332361112422419 0.00039534076672994027 0.0029968732689297454 -2.8895681688106967e-05 0.0011973827564646156 0.00080352880253019288 -7.1971391268111856e-05
leaf_weight=6680 313 148 55 167 41 330 207 230 96 356 2161 123 67 447 82 74 54 129 364 76 60 142 134 65 85 41 139 182 68 179
leaf_count=6680 313 148 55 167 41 330 207 230 96 356 2161 123 67 447 82 74 54 129 364 76 60 142 134 65 85 41 139 182 68 179
internal_value=-0.0204385 0.00407346 0.00285924 0.00216843 0.00484003 0.0146961 0.016956 0.0266854 0.0180428 -0.00209333 0.00159826 0.00530914 0.00144928 -0.00564516 -0.00908696 -0.00262784 0.0042394 0.0172589 -0.0192394 -6.14754e-05 0.011828 0.020197 0.0244737 0.0196242 0.0276364 0.0133858 0.00878049 0.0101167 -0.00588235 -0.000576369
internal_weight=13295 6615 6137 5948 3656 904 863 533 326 2292 2752 743 620 1549 1149 703 400 196 446 2439 278 202 189 478 274 126 204 256 424 346
internal_count=13295 6615 6137 5948 3656 904 863 533 326 2292 2752 743 620 1549 1149 703 400 196 446 2439 278 202 189 478 274 126 204 256 424 346
is_linear=0
shrinkage=0.05


Tree=83
num_leaves=31
num_cat=0
split_feature=0 4 0 5 5 7 5 0 2 6 10 10 6 10 9 5 4 2 1 2 7 5 1 8 7 10 1 8 9 7
split_gain=2769.87 336.059 58.458 56.5708 208.354 117.799 98.0671 49.7717 32.3687 52.9367 47.2046 32.9724 25.2315 24.2947 21.4549 27.0397 38.1418 20.1106 18.495 18.2366 17.1845 16.7618 16.5015 16.3689 16.3415 15.5722 14.6191 15.753 20.8355 16.9473
threshold=1.0000000180025095e-35 1.2995021872570922 45.62903225806452 6.5000000000000009 3.5000000000000004 0.19969739736768838 5.5000000000000009 835.38709677419376 965.35645161290324 0.3744682635859638 479.71249999999986 805.28124999999989 0.72695311118111527 903.83124999999995 0.79773375822167203 11.500000000000002 0.60181424427259755 971.70806451612918 0.14516129032258066 965.92096774193556 -0.90531874877253482 16.500000000000004 52.048387096774199 0.85223490906209554 0.96633974041180493 923.55624999999998 1.17741935483871 -0.73866412149774419 0.93992883619806145 0.2332836900311728
decision_type=2 2 2 2 2 2 2 2 2 2 2 2 2 2 2 2 2 2 2 2 2 2 2 2 2 2 2 2 2 2
left_child=3 7 21 4 -1 -6 -7 8 9 26 -10 22 -13 20 15 16 -12 18 -15 -8 -9 -3 -11 -17 25 -16 -2 -28 29 -29
right_child=1 2 -4 -5 5 6 19 13 10 11 14 12 -14 17 24 23 -18 -19 -20 -21 -22 -23 -24 -25 -26 -27 27 28 -30 -31
leaf_value=-3.973635367278731e-06 0.00014651621535452335 -3.8787378285094541e-06 -6.9095564161361472e-06 -3.973635367278731e-06 -1.3481147165469771e-06 -3.973635367278731e-06 -1.8245079341217304e-05 4.9909355371710601e-05 0.0049999044559364382 0.0036347874469996491 0.00019156806570049743 0.0011020530172742627 -0.00021428040698950922 0.00084056499034154968 -0.0012759750262746061 -1.5284046463637237e-05 0.0015112722952215969 0.0037702991576572201 0.00021983806519599303 4.6672110127762991e-05 0.002481101331436919 -3.973635367278731e-06 0.0011347991140417903 0.00045351770374960011 0.00024889406507236367 -5.3678208964219602e-05 7.1693936451103413e-06 -0.00034235908774591929 9.982454277766423e-05 -0.0020414369996989618
leaf_weight=2241 156 57 195 2950 420 509 93 40 123 132 966 77 472 108 98 1021 586 45 353 108 153 389 405 258 163 224 212 548 143 166
leaf_count=2241 156 57 195 2950 420 509 93 40 123 132 966 77 472 108 98 1021 586 45 353 108 153 389 405 258 163 224 212 548 143 166
internal_value=-0.0208358 0.000620505 -0.0338785 -0.0448988 -0.0404359 -0.0229001 -0.0353024 0.00405426 0.0025213 -0.0020545 0.00559593 0.00597976 -0.00263636 0.0166429 0.00446186 0.00612641 0.0105602 0.0108481 0.00768398 -0.00569307 0.031701 -0.0438479 0.014777 0.000742188 -0.00524691 -0.0117647 -0.00917618 -0.0112617 -0.0142774 -0.0177622
internal_weight=13411 7090 641 6321 3371 1130 710 6449 5750 2311 3439 1086 549 699 3316 2831 1552 506 461 201 193 446 537 1279 485 322 1225 1069 857 714
internal_count=13411 7090 641 6321 3371 1130 710 6449 5750 2311 3439 1086 549 699 3316 2831 1552 506 461 201 193 446 537 1279 485 322 1225 1069 857 714
is_linear=0
shrinkage=0.05


Tree=84
num_leaves=31
num_cat=0
split_feature=3 0 5 5 7 5 5 11 2 9 5 6 6 6 4 5 7 8 8 2 3 11 8 2 3 2 9 7 7 4
split_gain=3123.45 48.4653 47.3373 170.313 118.415 42.0043 56.2172 35.6074 21.3217 18.3256 24.3202 23.0515 19.0662 18.6302 18.3064 27.2724 39.5358 22.3263 16.5486 20.0118 14.7278 14.1111 19.5304 15.8965 13.8047 13.5491 13.3726 40.3926 12.5593 12.2677
threshold=1.0000000180025095e-35 768.00000000000011 17.500000000000004 3.5000000000000004 0.14888728888808328 5.5000000000000009 15.500000000000002 14.264516129032261 975.98064516129045 1.0000000180025095e-35 4.5000000000000009 -0.97113884758256674 -0.95754239937548935 -0.13398594226331254 0.29038163295669822 11.500000000000002 -0.048362832084465616 -0.52766560075116253 -0.51941337148263467 961.89193548387107 0.027745800144117986 8.5806451612903238 0.72692958206603386 965.28870967741943 0.30829553408257598 968.95322580645177 0.60383265664488517 -0.7444366621422277 -0.5129677127369543 0.52811892623468626
decision_type=2 2 2 2 2 2 2 2 2 2 2 2 2 2 2 2 2 2 2 2 2 2 2 2 2 2 2 2 2 2
left_child=2 8 3 -1 9 -6 -7 25 14 10 12 -12 -5 -11 20 16 18 -18 -16 -20 -2 22 -21 -23 -10 -3 27 -9 -29 -19
right_child=1 7 -4 4 5 6 -8 26 24 13 11 -13 -14 -15 15 -17 17 29 19 21 -22 23 -24 -25 -26 -27 -28 28 -30 -31
leaf_value=-3.7749535989147946e-06 0.00041355981987837372 0.0011749121734292046 -3.7749535989147946e-06 8.0723401341098495e-07 -3.7749535989147946e-06 -7.5970568507504276e-06 -3.7749535989147946e-06 0.0020669672541373751 -2.2678547765921447e-05 -3.7502882717516509e-06 -0.00010929159691951923 0.00037021208198984549 -2.2179490785728588e-05 0.00033828055084355761 0.0006770625450948129 -7.5378568590275851e-06 0.00045160967524909834 0.0015548037243593828 -0.0015001606187137362 -0.00071964806485507469 -0.00023916792045205749 -0.00028377557764772691 0.00013429125662335617 0.00077600381243188863 0.0027966038636745463 0.0027657310172860272 -2.9946365372290895e-05 -0.00084569167184085918 0.00057466749265193406 0.0025331321860357636
leaf_weight=2240 57 117 3138 41 525 195 260 191 45 58 40 50 126 52 360 2493 328 293 55 144 1009 125 149 192 109 147 249 134 132 311
leaf_count=2240 57 117 3138 41 525 195 260 191 45 58 40 50 126 52 360 2493 328 293 55 144 1009 125 149 192 109 147 249 134 132 311
internal_value=-0.0208477 0.00347839 -0.0448632 -0.0409002 -0.0268175 -0.0358818 -0.0246711 0.0138002 0.00171046 -0.00258152 -0.00988372 0.010989 -0.021131 0.0144144 0.0011963 0.00260616 0.00702247 0.0144695 0.000243665 -0.00442943 -0.00468604 -0.00180033 -0.00969388 0.00550314 0.02 0.029434 0.00792079 0.0129913 0.000374532 0.0201653
internal_weight=13365 6640 6725 3587 1347 980 455 970 5670 367 257 90 167 110 5516 4450 1957 932 1025 665 1066 610 293 317 154 264 706 457 266 604
internal_count=13365 6640 6725 3587 1347 980 455 970 5670 367 257 90 167 110 5516 4450 1957 932 1025 665 1066 610 293 317 154 264 706 457 266 604
is_linear=0
shrinkage=0.05


Tree=85
num_leaves=31
num_cat=0
split_feature=3 5 5 10 5 4 5 5 10 6 4 8 9 10 2 10 6 6 4 2 9 1 9 9 9 2 5 4 10 2
split_gain=3077.93 52.3227 193.002 62.8476 47.6181 55.84 39.6453 50.1236 25.3334 37.9102 33.6396 28.2808 20.4973 20.4258 19.9287 19.5401 19.17 19.0862 19.0718 18.2014 18.0639 17.7944 17.6484 17.2955 17.4676 15.9393 15.787 14.4746 13.7295 13.5755
threshold=1.0000000180025095e-35 17.500000000000004 3.5000000000000004 696.26250000000016 12.500000000000002 0.68863480418057244 5.5000000000000009 15.500000000000002 761.02499999999986 -0.71504373327588355 0.26879181175997563 0.96851839807117801 0.9863035000474919 934.13750000000016 960.75645161290333 720.10000000000002 0.86548282553247169 -0.13398594226331254 0.26879181175997563 963.13709677419365 0.98005052076767474 1.4677419354838712 -0.9787668070481591 0.71953727073011831 0.8842148469408333 968.06935483870973 11.500000000000002 0.76875702179893024 765.87500000000011 963.05645161290329
decision_type=2 2 2 2 2 2 2 2 2 2 2 2 2 2 2 2 2 2 2 2 2 2 2 2 2 2 2 2 2 2
left_child=1 2 -1 6 5 8 16 -8 9 15 23 12 14 22 -10 -2 -4 -15 -6 -7 21 -21 -5 -11 -25 -23 -27 -28 -16 -17
right_child=4 -3 3 13 18 19 7 -9 11 10 -12 -13 -14 17 28 29 -18 -19 -20 20 -22 25 -24 24 -26 26 27 -29 -30 -31
leaf_value=-3.586205918969055e-06 -0.0013312876228925409 -3.586205918969055e-06 -3.586205918969055e-06 1.9159718328298698e-06 -0.0011656822065032513 -9.6898982199594707e-05 -6.2086416321528687e-06 -3.586205918969055e-06 -0.00081628793337657076 0.00038280815761550929 0.0026632049247220183 -0.00085092717466908748 -0.00044626869118020166 -1.7305905517598917e-05 -0.0012955712958958622 -0.0010209104140655567 -3.586205918969055e-06 0.00033800283475640344 -8.9025886974480373e-06 0.0018794339071763978 -0.00014402928363179137 0.00042784171835247021 -5.221564734047695e-06 -0.0016852726262046149 9.1789400948934235e-05 0.0019830532250677325 -0.00013883459263284715 0.002609171225766638 0.00017759146849138376 0.00095875297339757803
leaf_weight=2284 115 3177 356 74 88 87 170 211 142 261 730 80 43 52 48 40 41 40 2620 231 42 192 403 71 110 209 72 53 1306 82
leaf_count=2284 115 3177 356 74 88 87 170 211 142 261 730 80 43 52 48 40 41 40 2620 231 42 192 403 71 110 209 72 53 1306 82
internal_value=-0.0211302 -0.0447349 -0.0405975 -0.0255564 0.00314057 0.00666667 -0.0347882 -0.0231675 0.00343348 0.00833333 0.0120205 -0.000833333 0.000681818 -0.0128947 0.00167001 -0.00987395 -0.0458543 0.00860215 -0.00195644 0.0177001 0.0200625 0.0218338 -0.0170502 0.00112867 -0.0107143 0.0166983 0.0232836 0.00912698 0.00354244 0.00406504
internal_weight=13430 6808 3631 1347 6622 3914 778 381 3028 1409 1172 1619 1539 569 1496 237 397 92 2708 886 799 757 477 442 181 526 334 125 1354 122
internal_count=13430 6808 3631 1347 6622 3914 778 381 3028 1409 1172 1619 1539 569 1496 237 397 92 2708 886 799 757 477 442 181 526 334 125 1354 122
is_linear=0
shrinkage=0.05


Tree=86
num_leaves=31
num_cat=0
split_feature=0 4 5 5 7 5 0 0 11 6 8 5 2 5 1 8 8 8 7 8 8 4 7 6 11 5 1 7 4 6
split_gain=2616.39 310.077 60.7604 232.276 103.645 113.474 54.2333 37.0732 27.4919 25.8814 27.5891 27.1412 24.5136 23.102 18.5853 17.4395 22.2293 22.8432 21.7004 21.1181 19.2817 16.807 16.7207 17.3275 14.5315 13.9355 22.2075 19.229 17.6251 13.7336
threshold=1.0000000180025095e-35 1.2995021872570922 16.500000000000004 3.5000000000000004 0.14888728888808328 5.5000000000000009 48.306451612903231 840.48387096774206 14.264516129032261 0.45273815774107123 0.90892735371523092 14.500000000000002 965.6209677419356 16.500000000000004 77.080645161290334 -0.45274443793211405 -0.0053757035942445328 0.18281681932135149 -0.99168640063982161 0.99463153969809781 -0.99275346941927067 0.70971996454056852 -0.54940789553007929 0.90892735371523092 23.798387096774196 15.500000000000002 2.5322580645161294 -0.17646730165275518 0.56629378609671044 0.26037272046371446
decision_type=2 2 2 2 2 2 2 2 2 2 2 2 2 2 2 2 2 2 2 2 2 2 2 2 2 2 2 2 2 2
left_child=2 7 3 -1 -5 -6 13 9 -9 12 14 21 25 -3 -11 20 18 -18 -17 29 -14 -12 -16 -24 -20 26 -2 -27 -28 -19
right_child=1 6 -4 4 5 -7 -8 8 -10 10 11 -13 15 -15 22 16 17 19 24 -21 -22 -23 23 -25 -26 27 28 -29 -30 -31
leaf_value=-3.4068956230206022e-06 0.00029406362144010907 -3.1652871862855859e-06 -3.4068956230206022e-06 -1.2757360329050214e-06 -3.4068956230206022e-06 -6.9067719266052623e-06 -6.1142526786812149e-06 0.0021601985694023663 0.00057503629143495778 0.00023833073576230731 0.0034211445987364893 -4.4656582819719475e-05 0.0014823307837706025 -3.4068956230206022e-06 0.00026972519175631689 -0.00025863505552401329 -0.00030865141190564719 0.00034256206668486448 0.0011142855207078486 -0.0022349126069161232 -0.0001235429281754942 0.010512685685894564 -0.0016018146038181665 -8.2496666655562826e-06 -0.00037897228048998924 -1.8547157540076698e-05 -0.00034536620925949005 4.1750234420526866e-05 -0.00091747922683837752 -0.0011128064474919305
leaf_weight=2247 142 63 2892 398 516 219 181 162 498 1084 252 76 73 385 150 49 191 712 293 43 780 72 211 374 42 175 637 77 348 80
leaf_count=2247 142 63 2892 398 516 219 181 162 498 1084 252 76 73 385 150 49 191 712 293 43 780 72 211 374 42 175 637 77 348 80
internal_value=-0.0210683 -0.000391554 -0.0446357 -0.0400473 -0.0215608 -0.0326766 -0.0338889 0.00284422 0.0140696 0.00157796 0.00583333 0.0177057 -0.00101565 -0.0432071 0.00321429 0.0021864 0.00559887 0.00175268 0.0158442 0.00532297 -0.00345433 0.024 -0.0029212 -0.00674061 0.0203869 -0.00626812 -0.00864362 0.00434783 -0.0113083 0.00718789
internal_weight=13422 7150 6272 3380 1133 735 629 6521 660 5861 2219 400 3642 448 1819 2263 1410 1026 384 835 853 324 735 585 335 1379 1127 252 985 792
internal_count=13422 7150 6272 3380 1133 735 629 6521 660 5861 2219 400 3642 448 1819 2263 1410 1026 384 835 853 324 735 585 335 1379 1127 252 985 792
is_linear=0
shrinkage=0.05


Tree=87
num_leaves=31
num_cat=0
split_feature=3 5 5 7 5 5 2 3 9 10 5 4 6 10 10 4 6 6 7 10 8 5 7 2 7 11 11 2 4 5
split_gain=2960.12 53.0671 190.704 113.788 55.2847 69.3365 35.1256 41.6616 25.8424 19.5693 18.9258 41.7972 22.6795 19.4044 19.324 23.68 19.7003 23.4498 20.803 15.8927 26.6785 15.5987 15.4488 14.3333 14.9218 12.6884 12.233 11.9913 11.8965 28.9496
threshold=1.0000000180025095e-35 17.500000000000004 3.5000000000000004 0.14888728888808328 5.5000000000000009 15.500000000000002 973.51129032258075 0.49805132210671249 -0.091260510743598464 486.48750000000001 12.500000000000002 0.69169949072515846 -0.82415615971448097 903.83124999999995 848.43749999999989 0.26232738521629745 -0.13398594226331254 -0.36647417525074694 -0.76696334127844745 940.08125000000007 0.92919371535393525 10.500000000000002 0.38043945030393422 969.01129032258075 -0.77788789561442695 7.4338709677419361 36.001612903225812 968.01451612903236 0.79709778826396427 13.500000000000002
decision_type=2 2 2 2 2 2 2 2 2 2 2 2 2 2 2 2 2 2 2 2 2 2 2 2 2 2 2 2 2 2
left_child=1 2 -1 -4 22 9 10 8 -8 -6 11 14 -13 -14 15 -2 17 18 -17 -16 27 -10 -5 24 -15 -18 -27 -21 -12 -30
right_child=6 -3 3 4 5 -7 7 -9 21 -11 28 12 13 23 19 16 25 -19 -20 20 -22 -23 -24 -25 -26 26 -28 -29 29 -31
leaf_value=-3.236550841869572e-06 -0.0002214676167333979 -3.236550841869572e-06 -3.1129061777481547e-06 -4.7901417161942808e-06 -1.6297201853681011e-05 -3.236550841869572e-06 -0.00034206541054632308 0.002531650919678427 0.0015456803993408681 2.3050622153370642e-05 -0.00018554460695920094 -1.8887505607600998e-05 0.002435047604945373 0.00080207275730378178 -0.00032050095917734723 0.0012095699088903846 0.0053234409732742438 -0.0010345314984266413 7.4463976122271522e-05 0.00015240434957407845 -0.00036321325061730862 3.2239444944026645e-05 -3.236550841869572e-06 0.0010978560833966229 -0.0011345500142358634 0.0011752237777696796 0.00635032918441269 0.00114414376388664 0.0025000164924339819 -7.5181886042003237e-07
leaf_weight=2269 571 3183 380 81 43 253 118 184 92 171 1405 157 280 114 646 67 62 69 482 234 101 104 449 128 90 395 75 88 65 1051
leaf_count=2269 571 3183 380 81 43 253 118 184 92 171 1405 157 280 114 646 67 62 69 482 234 101 104 449 128 90 395 75 88 65 1051
internal_value=-0.0214611 -0.0445168 -0.0403619 -0.0256531 -0.034519 -0.0219017 0.00247758 0.0152305 0.00412698 -0.000930233 0.00143069 0.00377809 0.0140909 0.0184339 0.000931566 0.00421022 0.00834057 0.00226171 0.00572727 -0.00434579 0.00318396 0.0152284 -0.0455744 0.0102102 0.00195122 0.0153846 0.0125265 0.0102167 -0.00188343 0.00196956
internal_weight=13407 6829 3646 1377 997 467 6578 498 314 214 6080 3559 769 612 2790 1721 1150 618 549 1069 423 196 530 332 204 532 470 322 2521 1116
internal_count=13407 6829 3646 1377 997 467 6578 498 314 214 6080 3559 769 612 2790 1721 1150 618 549 1069 423 196 530 332 204 532 470 322 2521 1116
is_linear=0
shrinkage=0.05


Tree=88
num_leaves=31
num_cat=0
split_feature=0 5 0 5 5 7 5 0 5 0 5 11 10 7 9 8 7 2 6 1 0 6 1 2 10 8 7 7 1 8
split_gain=2717.5 198.612 63.5162 57.3 210.952 117.717 91.0072 54.8649 36.9152 51.7739 41.9239 23.2451 18.2228 19.4643 17.6687 14.9711 18.1024 15.2938 17.1693 23.5572 14.1728 14.0929 13.8215 14.378 13.0424 12.3607 11.8792 11.4726 11.1427 10.7228
threshold=1.0000000180025095e-35 17.500000000000004 48.306451612903231 6.5000000000000009 3.5000000000000004 0.18281312110578132 5.5000000000000009 883.4032258064517 11.500000000000002 22.2741935483871 8.5000000000000018 6.7500000000000009 956.02500000000009 -0.99168640063982161 0.71953727073011831 -0.45274443793211405 -0.91249077947840473 966.73064516129045 -0.69057362043749781 98.82258064516131 1.4354838709677422 -0.85227431625818906 7.9193548387096788 966.63387096774204 988.53750000000002 0.55656748448714433 0.96177147954086928 0.3484035575467645 99.177419354838719 -0.42180583328916638
decision_type=2 2 2 2 2 2 2 2 2 2 2 2 2 2 2 2 2 2 2 2 2 2 2 2 2 2 2 2 2 2
left_child=3 7 20 4 -1 28 27 8 10 -10 14 -12 13 -9 -2 21 -17 18 -18 -20 -3 -13 -15 -24 29 -16 -8 -7 -6 -11
right_child=1 2 -4 -5 5 6 26 12 9 24 11 15 -14 22 25 16 17 -19 19 -21 -22 -23 23 -25 -26 -27 -28 -29 -30 -31
leaf_value=-3.0747232997760934e-06 6.2730433883827905e-05 -3.4028148946784927e-06 -5.7129982914865391e-06 -3.0747232997760934e-06 9.75780216799272e-07 -5.1750537685832658e-06 -1.5919305967160119e-07 -0.00027121090798561955 -3.0747232997760934e-06 -0.00013682876897456051 0.0021280345940002331 -0.0014784724539923244 -0.00015692059058121377 0.0018586313399423322 -0.00013320076287202804 -0.00038486458726765818 -0.0002637322430563277 0.0018663395466841093 0.0036738187381121891 -0.0013846266824040832 -3.0747232997760934e-06 0.00071754062658016537 -0.00073419813280036221 0.0020656371026766484 0.00091661044359435265 -0.0012599169634230621 -1.4788164712840419e-05 -3.0747232997760934e-06 -2.5744446530675787e-05 4.9525404087189409e-06
leaf_weight=2180 1361 42 170 2921 358 70 159 41 132 946 176 71 78 216 276 78 126 388 218 63 272 381 42 75 40 50 54 440 44 1877
leaf_count=2180 1361 42 170 2921 358 70 159 41 132 946 176 71 78 216 276 78 126 388 218 63 272 381 42 75 40 50 54 440 44 1877
internal_value=-0.0207291 0.000372191 -0.0305155 -0.0448531 -0.0403055 -0.0226909 -0.0347376 0.0026296 0.00139877 -0.00258678 0.00514268 0.0112184 0.019426 0.024 -0.000266588 0.00893665 0.0127574 0.0150126 0.00821078 0.0150709 -0.0438095 0.00154525 0.027994 0.0139831 -0.00116969 -0.0107034 -0.00724299 -0.046184 -0.000992556 -0.00157578
internal_weight=13345 7119 484 6226 3305 1125 723 6635 6183 2995 3188 1501 452 374 1687 1325 873 795 407 281 314 452 333 117 2863 326 213 510 402 2823
internal_count=13345 7119 484 6226 3305 1125 723 6635 6183 2995 3188 1501 452 374 1687 1325 873 795 407 281 314 452 333 117 2863 326 213 510 402 2823
is_linear=0
shrinkage=0.05


Tree=89
num_leaves=31
num_cat=0
split_feature=3 0 10 11 10 3 6 3 10 7 1 0 1 10 6 11 0 10 0 4 11 3 8 7 6 4 6 1 8 8
split_gain=3066.76 33.7866 28.916 25.1921 17.7766 29.08 23.2597 25.6035 32.6616 38.8935 25.8162 22.8082 22.6806 20.7808 17.9682 17.3186 26.0279 22.4432 16.3966 34.6425 16.1551 17.3816 14.8067 14.4996 20.1041 12.928 12.9212 14.1591 13.9884 12.8941
threshold=1.0000000180025095e-35 795.59677419354853 903.83124999999995 13.869354838709681 489.18124999999992 0.1939748707792413 0.45273815774107123 0.1630652716949948 734.1812500000002 0.39629089145655322 27.854838709677423 127.08064516129033 99.951612903225822 944.05000000000007 0.99761913169647187 12.879032258064518 103.96774193548389 848.43749999999989 1.0000000180025095e-35 1.2995021872570922 23.21935483870968 0.049582511625545785 -0.96235977360714686 -0.91249077947840473 -0.67803021058859214 0.6208298349672986 0.039769539193789977 1.17741935483871 0.99758684199993486 -0.98803388382128665
decision_type=2 2 2 2 2 2 2 2 2 2 2 2 2 2 2 2 2 2 2 2 2 2 2 2 2 2 2 2 2 2
left_child=18 4 23 -4 5 -2 20 11 10 13 -9 -8 -7 15 -12 16 -10 -17 -1 -20 26 -22 29 -3 -25 -18 28 -28 -6 -19
right_child=1 2 3 -5 6 12 7 8 9 -11 14 -13 -14 -15 -16 17 25 22 19 -21 21 -23 -24 24 -26 -27 27 -29 -30 -31
leaf_value=-2.9209871347872885e-06 -0.00010678062291228675 -0.00014041006888970697 0.0011540308293641695 5.9354228612196192e-05 2.8218823389743682e-05 0.003645025837741621 -9.995020404756305e-07 0.0068589342964783424 -0.00092165031130794501 -0.0030241271566764372 0.00087046571932793419 -0.00018221610543317762 -0.0006887397543186097 0.0011858847584090935 0.005432798902069747 0.00062087374552365494 0.00038418015687141096 -0.00046507511328382629 -8.3644018356749047e-06 -2.9209871347872885e-06 3.5900355990918078e-05 -0.00034234520977023328 -0.00074292037984006467 0.00030655625802852583 0.0022664853853681419 0.00089162162215419567 -0.00032799360686540662 -3.2017720624619596e-05 -0.0011002538543976315 0.00097546709956986975
leaf_weight=6229 157 41 142 443 2058 284 254 111 55 67 504 80 75 98 59 176 237 56 82 440 41 645 225 52 172 146 83 256 71 76
leaf_count=6229 157 41 142 443 2058 284 254 111 55 67 504 80 75 98 59 176 237 56 82 440 41 645 225 52 172 146 83 256 71 76
internal_value=-0.0209116 0.00315079 0.0124559 0.00622867 0.00178848 0.0106383 0.000924703 0.00494172 0.00728879 0.00211082 0.016 -0.00776119 0.0184722 0.00443925 0.0116135 0.00221193 0.0095672 -0.00383895 -0.0446608 -0.0359465 -0.00180666 -0.00858806 -0.0110335 0.0261278 0.0311111 0.0141927 8.10045e-05 -0.00897059 0.00152582 0.00225564
internal_weight=13415 6664 850 585 5814 516 5298 2144 1810 1136 674 334 359 1069 563 971 438 533 6751 522 3154 686 357 265 224 383 2468 339 2129 132
internal_count=13415 6664 850 585 5814 516 5298 2144 1810 1136 674 334 359 1069 563 971 438 533 6751 522 3154 686 357 265 224 383 2468 339 2129 132
is_linear=0
shrinkage=0.05


Tree=90
num_leaves=31
num_cat=0
split_feature=0 4 0 5 5 7 5 5 2 0 7 10 10 4 7 7 6 1 5 0 8 0 10 8 7 0 10 10 2 7
split_gain=2712.39 239.181 63.0084 53.3782 211.269 105.45 86.4691 47.9461 34.0522 34.7065 41.5645 34.916 29.5316 40.0582 38.5214 39.6878 26.3311 24.269 28.4473 21.0493 21.9104 18.5605 18.3214 16.7789 18.6099 18.9825 21.3684 15.9013 15.0854 14.5777
threshold=1.0000000180025095e-35 1.2995021872570922 48.306451612903231 6.5000000000000009 3.5000000000000004 0.21652257995689161 5.5000000000000009 16.500000000000004 969.01129032258075 662.64516129032268 -0.93237865822738086 484.94999999999999 862.04374999999993 0.21282315297081086 -0.93237865822738086 -0.75581183015052977 0.3744682635859638 99.016129032258078 15.500000000000002 945.04838709677426 -0.998663445439673 357.25806451612908 958.41250000000002 0.99463153969809781 -0.46800559042974538 120.19354838709678 458.7062499999999 486.48750000000001 964.99838709677431 0.36447543099728863
decision_type=2 2 2 2 2 2 2 2 2 2 2 2 2 2 2 2 2 2 2 2 2 2 2 2 2 2 2 2 2 2
left_child=3 8 7 4 -1 -6 29 -3 12 11 -11 -10 13 -2 -15 21 23 18 -18 20 -14 -16 -12 24 -17 -26 -27 -8 -28 -7
right_child=1 2 -4 -5 5 6 27 -9 9 10 22 -13 19 14 15 16 17 -19 -20 -21 -22 -23 -24 -25 25 26 28 -29 -30 -31
leaf_value=-2.7749377780479242e-06 -0.00035841871850556678 -1.0272388768991669e-06 -2.915910399097995e-06 -2.7749377780479242e-06 -3.5360035067523642e-06 -2.2759742770523493e-06 -2.366080013409513e-05 -2.7749377780479242e-06 0.0041429817650431022 -0.0002691444672299537 0.00196070906311068 4.6797133600627597e-05 0.00087857549007396571 -0.00066428397408039306 9.5525782562121527e-05 0.00044485398292280488 0.0025024511472594327 -0.0001755944538784353 -8.7928620087707109e-05 0.00095290923253409381 -0.00018501452257368989 0.0017700667267133098 -0.00036760171650148115 -0.0014660515165557941 5.3210658100621978e-05 0.0049055359922429258 -0.00051718306584910834 8.7835565214754434e-08 5.8605695021907159e-05 -2.7749377780479242e-06
leaf_weight=2252 458 67 187 2930 413 57 41 374 104 109 354 1505 63 73 44 135 559 156 87 83 1561 131 40 55 171 40 425 162 341 439
leaf_count=2252 458 67 187 2930 413 57 41 374 104 109 354 1505 63 73 44 135 559 156 87 83 1561 131 40 55 171 40 425 162 341 439
internal_value=-0.0211076 2.80781e-05 -0.0294118 -0.0450199 -0.0406835 -0.0228212 -0.0346429 -0.0397059 0.00287914 0.00809276 0.0195437 0.00450311 0.000365047 0.0036435 0.00642471 0.00764569 0.00560914 0.0125778 0.016847 -0.00477166 -0.00603077 0.0303977 0.0270886 0.000813356 0.00215633 -0.000255624 -0.00346964 -0.00710784 -0.0053455 -0.0458753
internal_weight=13416 7122 628 6294 3364 1112 699 441 6494 2112 503 1609 4382 2675 2217 2144 1969 802 646 1707 1624 175 394 1167 1112 977 806 203 766 496
internal_count=13416 7122 628 6294 3364 1112 699 441 6494 2112 503 1609 4382 2675 2217 2144 1969 802 646 1707 1624 175 394 1167 1112 977 806 203 766 496
is_linear=0
shrinkage=0.05


Tree=91
num_leaves=31
num_cat=0
split_feature=0 4 0 5 5 7 5 5 2 0 0 10 10 1 10 9 10 11 2 10 2 7 0 10 7 7 10 11 6 5
split_gain=2628.67 270.571 57.8957 57.3275 215.577 101.204 98.1959 37.7696 30.7892 27.1271 21.2992 19.8166 18.5858 17.3606 16.3465 18.5316 23.8096 21.8936 18.8941 20.9722 31.0108 27.5611 62.5978 26.9529 20.8068 21.6281 20.0081 16.9481 20.6977 30.8925
threshold=1.0000000180025095e-35 1.2995021872570922 48.306451612903231 6.5000000000000009 3.5000000000000004 0.21652257995689161 5.5000000000000009 16.500000000000004 973.65967741935503 630.40322580645181 895.04838709677426 908.76250000000016 486.48750000000001 0.33870967741935493 456.21249999999998 0.71953727073011831 542.5062499999998 37.506451612903234 962.48870967741948 906.36250000000007 969.01129032258075 -0.76696334127844745 318.67741935483872 941.01250000000016 -0.65883892954715351 -0.55656394595157355 956.91875000000016 6.6177419354838722 0.90892735371523092 15.500000000000002
decision_type=2 2 2 2 2 2 2 2 2 2 2 2 2 2 2 2 2 2 2 2 2 2 2 2 2 2 2 2 2 2
left_child=3 8 7 4 -1 -6 -7 -3 10 -10 14 -12 -8 -13 -2 16 17 -16 -18 21 23 22 -20 -21 -23 -26 -22 -27 29 -29
right_child=1 2 -4 -5 5 6 12 -9 9 -11 11 13 -14 -15 15 -17 18 -19 19 20 26 24 -24 -25 25 27 -28 28 -30 -31
leaf_value=-2.636190889145528e-06 0.0049097622826923875 -1.5194236749255905e-06 -3.9877988189531686e-06 -2.636190889145528e-06 -4.1365698974312845e-06 -2.636190889145528e-06 -1.414529274456926e-05 -2.636190889145528e-06 0.0003350490161319053 0.0032394728812539576 0.0016402981472205371 0.00067608086290396054 9.2056271840614784e-06 -9.1501374595714951e-05 0.0006213670136958685 -0.00014442814013282401 -0.00021398787907483813 0.0077635510931051812 -0.00015309801668705517 -0.00067835258547414021 0.00081610908692913433 -0.00086148002124776871 0.0012547963615850311 -2.86148285266777e-06 0.0012538977662416519 0.00095680065842365658 -0.00018839549516642268 -0.00026807197716965383 0.00062845450443861162 5.8619533304381182e-05
leaf_weight=2226 66 62 166 2930 419 504 43 393 412 85 129 79 156 183 268 982 941 50 50 339 204 68 135 472 87 177 80 1094 386 177
leaf_count=2226 66 62 166 2930 419 504 43 393 412 85 129 79 156 183 268 982 941 50 50 339 204 68 135 472 87 177 80 1094 386 177
internal_value=-0.0212923 -0.000416314 -0.0319132 -0.0448479 -0.0403404 -0.0224399 -0.0340199 -0.0411184 0.00261408 0.0145582 0.00161696 0.0128827 -0.00425 0.00494297 0.000824816 0.00052622 0.00187679 0.015047 0.000878651 0.00267584 -0.00296533 0.00551724 0.0239247 -0.00794335 0.00379397 0.00476067 0.0112281 0.00359673 0.00202051 -0.00106132
internal_weight=13363 7085 621 6278 3348 1122 703 455 6464 497 5967 391 199 262 5576 5510 4528 318 4210 3269 1095 2174 185 811 1989 1921 284 1834 1657 1271
internal_count=13363 7085 621 6278 3348 1122 703 455 6464 497 5967 391 199 262 5576 5510 4528 318 4210 3269 1095 2174 185 811 1989 1921 284 1834 1657 1271
is_linear=0
shrinkage=0.05


Tree=92
num_leaves=31
num_cat=0
split_feature=0 4 5 5 7 5 0 5 5 5 6 7 7 1 0 10 8 9 7 10 4 0 10 1 8 5 10 11 8 6
split_gain=2656.04 268.852 60.3726 226.511 109.967 95.9684 55.3632 48.5692 27.0327 43.7978 23.3164 15.8671 15.7253 20.4043 15.4708 25.2663 14.9012 16.41 13.3433 17.7058 12.953 15.268 12.9382 12.1917 14.2017 22.4452 11.9162 11.7874 10.1158 10.0969
threshold=1.0000000180025095e-35 1.2995021872570922 16.500000000000004 3.5000000000000004 0.21652257995689161 5.5000000000000009 48.306451612903231 16.500000000000004 11.500000000000002 8.5000000000000018 -0.67803021058859214 0.38043945030393422 -0.8901731938066898 81.435483870967758 840.48387096774206 897.08749999999998 -0.92273922871446856 -0.99628250747696534 -0.63257203029273779 720.10000000000002 0.78532719474804324 907.88709677419365 941.01250000000016 95.758064516129039 0.20391355282604834 4.5000000000000009 955.64375000000007 7.8919354838709683 -0.97876850416056738 -0.83377653105606597
decision_type=2 2 2 2 2 2 2 2 2 2 2 2 2 2 2 2 2 2 2 2 2 2 2 2 2 2 2 2 2 2
left_child=2 8 3 -1 23 11 7 -3 9 16 18 -6 26 28 -10 -16 22 -18 -11 -20 -17 -22 -2 24 -5 -26 -12 -7 -14 -21
right_child=1 6 -4 4 5 27 -8 -9 14 10 12 -13 13 -15 15 20 17 -19 19 29 21 -23 -24 -25 25 -27 -28 -29 -30 -31
leaf_value=-2.5043813446882517e-06 0.00016954581662695367 4.581860466339517e-07 -2.5043813446882517e-06 4.185009154239278e-06 -4.1361803656082985e-06 0.00015688503728452009 -3.7138581578694449e-06 -2.5043813446882517e-06 -1.8698881603269485e-05 -0.0010297144597975593 0.00042221201307676985 -2.5043813446882517e-06 0.00033723712145315444 0.0011051373330958085 0.0015856540053312774 -0.00032258316521870947 0.0015551624763665403 -7.5378155760741025e-05 -0.00090964128531886845 0.00034997080415414276 -0.00029411636551802679 0.001594321851405206 0.0010678010583830444 -2.5580881463807262e-05 -1.2749702749455068e-05 0.00023031525288991686 -0.00063770687620812172 -1.261831967963506e-05 0.0025472870463978978 0.0026563248871582569
leaf_weight=2215 159 60 2896 200 59 44 172 396 2770 43 142 435 52 344 117 169 46 1384 86 278 59 57 65 56 120 41 42 160 622 46
leaf_count=2215 159 60 2896 200 59 44 172 396 2770 43 142 435 52 344 117 169 46 1384 86 278 59 57 65 56 120 41 42 160 622 46
internal_value=-0.0208346 4.92264e-05 -0.0446764 -0.040048 -0.0216398 -0.0337625 -0.0311606 -0.0402626 0.00307775 0.00623867 0.0119867 -0.0456566 0.0156276 0.0180569 -0.000220611 0.008933 0.000483384 -0.00139762 0.00231278 0.00510949 0.000874126 0.0136752 0.0124444 -0.00131579 0.00207182 -0.00895062 0.00216216 -0.00487805 0.0231111 0.0104615
internal_weight=13335 7109 6226 3330 1115 698 628 456 6481 3309 1655 494 1202 1018 3172 402 1654 1430 453 410 285 116 224 417 361 161 184 204 674 324
internal_count=13335 7109 6226 3330 1115 698 628 456 6481 3309 1655 494 1202 1018 3172 402 1654 1430 453 410 285 116 224 417 361 161 184 204 674 324
is_linear=0
shrinkage=0.05


Tree=93
num_leaves=31
num_cat=0
split_feature=3 5 5 7 5 5 0 10 2 10 0 8 2 5 1 6 10 7 10 10 3 7 4 7 6 1 8 1 2 0
split_gain=2883.34 59.0699 213.968 110.57 67.5833 61.4199 31.9586 24.7832 20.9745 20.9286 50.0427 38.0605 24.6861 21.2745 26.053 24.8566 20.558 21.68 19.5933 25.4603 22.5207 18.4793 18.0982 17.5574 17.3407 16.7931 15.7319 17.9863 15.5491 14.7085
threshold=1.0000000180025095e-35 17.500000000000004 3.5000000000000004 0.21652257995689161 5.5000000000000009 16.500000000000004 878.08064516129036 486.48750000000001 971.70806451612918 761.02499999999986 431.69354838709683 -0.43733782138609528 960.90806451612912 11.500000000000002 49.645161290322584 -0.72696319516528884 963.15000000000009 -0.94426098523567992 765.87500000000011 769.45000000000005 0.35985864891904357 0.080547328232315238 0.13832528316354503 0.36447543099728863 -0.75015329512557194 12.629032258064518 -0.95244167294248061 96.274193548387117 968.23064516129045 100.32258064516131
decision_type=2 2 2 2 2 2 2 2 2 2 2 2 2 2 2 2 2 2 2 2 2 2 2 2 2 2 2 2 2 2
left_child=1 2 -1 -4 23 7 9 -6 16 10 13 24 -11 14 29 -16 17 28 20 -20 -14 26 -17 -5 -12 -19 27 -21 -8 -2
right_child=6 -3 3 4 5 -7 8 -9 -10 12 11 -13 18 -15 15 22 -18 25 19 21 -22 -23 -24 -25 -26 -27 -28 -29 -30 -31
leaf_value=-2.3791622774538393e-06 7.995891476145385e-05 -2.3791622774538393e-06 -1.529923374231617e-06 -3.7984318320660882e-06 -1.1565994848571321e-05 -2.3791622774538393e-06 0.00053422188297939661 4.0715732718734793e-06 0.0030860471465109203 -0.00061844417776190654 -0.0012903501085303332 0.0023391059082006338 6.4519904129201259e-05 -8.8597065975397352e-05 -0.001335635764097927 -0.00034893231175063197 -0.00041511476585730516 0.0016920586375504506 0.00093137337711933022 2.5063849217874532e-05 -0.0024876198344375672 0.00037044119225031533 0.0014213925747118092 -2.3791622774538393e-06 0.0016825236146052914 0.00063535210654571685 -3.4574919623181491e-05 0.0015027278974152404 -0.0004282468926134986 0.0022511473487534964
leaf_weight=2226 140 3166 383 61 53 226 54 197 50 298 70 497 45 955 98 199 47 170 60 225 87 364 434 447 57 87 2299 65 61 229
leaf_count=2226 140 3166 383 61 53 226 54 197 50 298 70 497 45 955 98 199 47 170 60 225 87 364 434 447 57 87 2299 65 61 229
internal_value=-0.0213093 -0.044253 -0.0398303 -0.0242325 -0.0330964 -0.0194969 0.00222239 -0.00239044 0.0147872 0.00125755 0.0045709 0.01696 -0.00132114 0.000802529 0.00554042 6.8306e-05 0.0110714 0.0150134 -1.58932e-05 0.000812873 -0.018797 0.000152336 0.00370662 -0.045776 -0.00742188 0.023062 -0.00133205 0.00962199 -0.00301724 0.0163514
internal_weight=13350 6759 3593 1367 984 476 6591 250 469 6122 2679 624 3443 2055 1100 731 419 372 3145 3013 132 2953 633 508 127 257 2589 290 115 369
internal_count=13350 6759 3593 1367 984 476 6591 250 469 6122 2679 624 3443 2055 1100 731 419 372 3145 3013 132 2953 633 508 127 257 2589 290 115 369
is_linear=0
shrinkage=0.05


Tree=94
num_leaves=31
num_cat=0
split_feature=3 5 5 7 5 5 0 7 2 6 0 1 7 9 3 4 8 3 1 9 0 5 9 2 7 7 7 6 2 6
split_gain=2951.92 58.4354 211.62 128.186 60.3027 39.9751 25.2637 36.0693 33.081 19.4478 17.7575 20.7781 18.3663 16.0513 17.336 17.6814 19.3963 15.2504 14.0964 13.9841 13.795 12.841 19.8932 13.2641 11.7872 12.2186 11.2524 14.4173 11.4149 11.0849
threshold=1.0000000180025095e-35 17.500000000000004 3.5000000000000004 0.38043945030393422 5.5000000000000009 16.500000000000004 498.83870967741944 0.5475998096715059 973.28548387096782 0.9916835347852474 895.04838709677426 0.33870967741935493 -0.8901731938066898 0.99351059783078122 0.068680806846629777 1.1306453971888388 0.77923869640500354 0.3127056391835944 62.693548387096783 0.097680735332368748 327.11290322580652 10.500000000000002 0.65720762023595369 967.9629032258066 0.51849435583340198 -0.73284120334876357 -0.68432604233786842 0.89404822654372251 965.56612903225812 -0.13398594226331254
decision_type=2 2 2 2 2 2 2 2 2 2 2 2 2 2 2 2 2 2 2 2 2 2 2 2 2 2 2 2 2 2
left_child=1 2 -1 19 -5 18 13 8 9 10 21 -12 -13 14 -2 16 -16 -15 -6 -4 -18 22 23 26 25 -22 -8 28 -28 -21
right_child=6 -3 3 4 5 -7 7 -9 -10 -11 11 12 -14 17 15 -17 20 -19 -20 29 24 -23 -24 -25 -26 -27 27 -29 -30 -31
leaf_value=-2.2602041635811471e-06 2.5161375212406706e-05 -2.2602041635811471e-06 -2.1784362228272154e-06 -2.2602041635811471e-06 3.8916819073512257e-06 -2.2602041635811471e-06 0.00076855527648873607 0.0052019727017394383 0.0019167668999778955 0.0021602652459926873 0.00095707603059766444 -0.0002772689239256665 0.0012801441321798281 -2.3025842598630755e-05 -9.4012199119615118e-05 -7.8441130927957363e-05 3.0624587390393199e-05 0.0015320217294716055 -5.7054938216570572e-06 -1.8520196874849274e-06 0.00036371118598748368 -0.00014679088395474495 -0.00036155953330344048 0.0011739713969942556 0.004632353413506313 -0.00020635344000070056 -0.0011728255894082357 0.0021985117731247784 0.00046837080243674614 0.0003703057556977016
leaf_weight=2254 410 3199 400 441 90 206 89 117 123 101 128 113 144 66 2824 55 517 80 126 51 40 1068 155 198 135 89 80 45 49 44
leaf_count=2254 410 3199 400 441 90 206 89 117 123 101 128 113 144 66 2824 55 517 80 126 51 40 1068 155 198 135 89 80 45 49 44
internal_value=-0.0213313 -0.0444436 -0.0400498 -0.0244297 -0.0360532 -0.0224586 0.00242946 0.00651182 0.00512206 0.00368494 0.00263285 0.0123057 0.00406977 9.48542e-05 -0.00049128 -0.00158427 -0.00115086 0.0163265 -0.00737327 -0.00413306 0.00581841 0.00041543 0.00615883 0.0113636 0.0150943 0.00423077 0.00397727 -0.00342857 -0.0119231 0.0130208
internal_weight=13437 6811 3612 1358 863 422 6626 2410 2293 2170 2069 385 257 4216 4070 3660 3605 146 216 495 781 1684 616 461 264 129 263 174 129 95
internal_count=13437 6811 3612 1358 863 422 6626 2410 2293 2170 2069 385 257 4216 4070 3660 3605 146 216 495 781 1684 616 461 264 129 263 174 129 95
is_linear=0
shrinkage=0.05


Tree=95
num_leaves=31
num_cat=0
split_feature=3 5 5 7 5 5 0 11 6 3 7 1 7 2 5 7 2 7 8 7 1 2 5 7 11 11 6 1 6 3
split_gain=2973.7 55.0471 197.549 123.327 61.555 43.8526 33.4297 22.4076 19.8002 30.4797 53.292 34.9153 24.1835 29.2766 20.7044 23.5934 20.1416 26.3416 22.2571 32.5772 27.0676 26.8352 20.3123 18.7757 16.9901 16.3711 15.8939 15.1546 19.3576 14.3895
threshold=1.0000000180025095e-35 17.500000000000004 3.5000000000000004 0.3484035575467645 5.5000000000000009 16.500000000000004 883.4032258064517 17.87903225806452 0.14250626876356556 0.26458656105211914 0.51849435583340198 43.854838709677423 0.33222858587828868 970.14677419354848 15.500000000000002 0.9980355542543059 965.28870967741943 -0.94426098523567992 0.99683609994235922 -0.39036009226888674 39.338709677419359 969.51774193548397 13.500000000000002 -0.065537083312030994 39.601612903225806 9.2241935483870989 0.52766072109828632 2.5322580645161294 -0.69057362043749781 0.59168910343666214
decision_type=2 2 2 2 2 2 2 2 2 2 2 2 2 2 2 2 2 2 2 2 2 2 2 2 2 2 2 2 2 2
left_child=1 2 -1 -4 -5 -6 8 -8 14 -10 12 -12 13 23 15 16 27 -18 19 20 21 -19 -21 -11 25 -13 -15 28 -2 -28
right_child=6 -3 3 4 5 -7 7 -9 9 10 11 24 -14 26 -16 -17 17 18 -20 22 -22 -23 -24 -25 -26 -27 29 -29 -30 -31
leaf_value=-2.1471939554020901e-06 -0.00081793827008643243 -2.1471939554020901e-06 -1.7711171648159266e-06 -2.1471939554020901e-06 -2.3829772094723599e-06 -2.1471939554020901e-06 0.0013739145716573087 0.00030102882664248543 -2.3056482701414441e-05 -0.0001316230857870082 0.0090655343996904284 0.0049965720746119047 -0.0014115533409141069 5.205823276566157e-07 3.0647511536352847e-05 0.0011898958086491941 -0.00054003899266550292 0.00051335550531025063 -0.0028499937687032047 9.8330399939283719e-05 0.0024718180656305212 -0.00067502930129265538 -0.00056281363158234979 0.0010029880828874959 0.0062288082916221515 0.0005417395718156137 0.00036394053250844716 -0.00060950828193592874 0.00048890672687786909 0.0020980350317474253
leaf_weight=2246 44 3195 463 458 223 214 195 261 739 845 156 73 151 85 513 105 150 222 44 933 99 48 234 327 70 265 82 788 101 129
leaf_count=2246 44 3195 463 458 223 214 195 261 739 845 156 73 151 85 513 105 150 222 44 933 99 48 234 327 70 265 82 788 101 129
internal_value=-0.0212646 -0.0445221 -0.0402497 -0.0251656 -0.0359933 -0.0224886 0.00248498 0.0155361 0.00152321 0.00451591 0.00748626 0.020708 0.00287037 0.00483322 -0.0011426 -0.00285302 -0.00377252 -0.000577701 0.00132827 0.00234223 0.0152703 0.00701107 -0.00175514 0.00127877 0.0129584 0.00825959 0.0188552 -0.00968951 0.00513699 0.0261792
internal_weight=13458 6799 3604 1358 895 437 6659 456 6203 2922 2183 564 1619 1468 3281 2768 2663 1730 1580 1536 369 270 1167 1172 408 338 296 933 145 211
internal_count=13458 6799 3604 1358 895 437 6659 456 6203 2922 2183 564 1619 1468 3281 2768 2663 1730 1580 1536 369 270 1167 1172 408 338 296 933 145 211
is_linear=0
shrinkage=0.05


Tree=96
num_leaves=31
num_cat=0
split_feature=0 4 5 5 7 5 0 5 6 0 1 11 10 6 10 2 0 7 8 10 0 1 8 10 7 2 1 11 10 11
split_gain=2551.87 232.727 60.2639 229.404 129.133 96.3399 47.7705 51.3381 24.8364 37.3407 39.6645 26.9681 30.5877 23.2368 21.1866 20.2458 26.9254 19.2567 18.7563 45.4652 35.1112 32.2198 21.4729 18.7655 34.0044 18.6883 18.2681 17.8554 17.8628 22.6691
threshold=1.0000000180025095e-35 1.2995021872570922 16.500000000000004 3.5000000000000004 0.36447543099728863 5.5000000000000009 48.306451612903231 16.500000000000004 0.45273815774107123 504.16129032258073 10.951612903225808 12.101612903225808 848.43749999999989 0.66527693225344786 445.03124999999994 962.48870967741948 282.59677419354847 0.011826144619637555 0.71953851835684701 957.92500000000007 318.67741935483872 38.112903225806456 0.99351232050787985 777.75625000000014 -0.57782411410281842 968.95322580645177 54.951612903225815 36.001612903225812 919.78125000000011 10.330645161290324
decision_type=2 2 2 2 2 2 2 2 2 2 2 2 2 2 2 2 2 2 2 2 2 2 2 2 2 2 2 2 2 2
left_child=2 8 3 -1 -5 -6 7 -3 14 27 25 -12 17 26 -2 16 -16 -13 -17 20 -20 -21 23 24 -22 -11 -14 28 -10 -30
right_child=1 6 -4 4 5 -7 -8 -9 9 10 11 12 13 -15 15 18 -18 -19 19 21 22 -23 -24 -25 -26 -27 -28 -29 29 -31
leaf_value=-2.0398342576319857e-06 0.0078802091351000674 1.6573837946109342e-06 -2.0398342576319857e-06 -1.2559495361379182e-06 -2.0398342576319857e-06 -7.7854932308734592e-06 -4.9598517184863055e-06 -2.0398342576319857e-06 -6.6148956229206783e-05 0.0012984608610619452 0.0021283794955358703 0.0033392528767180853 -0.0002818742242383668 -0.001567072905762057 -3.3143051850997865e-05 -3.9618799482155079e-05 -0.0012784511561892615 0.0014449266718555539 -4.0347685354536013e-05 -0.00066054213211740878 0.0014769330125425251 0.00047301829770280969 -0.0006289670509489726 0.0006149567214619678 0.0003038329369475512 0.0023430501883604407 0.0028509621498887337 0.0023018489880227556 0.00096687300533597757 -3.1684877751187953e-05
leaf_weight=2222 50 63 2961 471 440 187 163 374 1110 121 177 67 62 209 400 2517 240 168 158 187 171 76 44 144 78 155 40 110 88 124
leaf_count=2222 50 63 2961 471 440 187 163 374 1110 121 177 67 62 209 400 2517 240 168 158 187 171 76 44 144 78 155 40 110 88 124
internal_value=-0.0215615 -0.00101451 -0.0447708 -0.0401084 -0.0213831 -0.0362261 -0.030782 -0.0393836 0.00173926 0.00573602 0.01315 0.00697514 0.00146252 -0.0088141 -0.000651746 -0.00105827 -0.00920437 0.0150424 0.000488744 0.00686845 0.0145134 -0.0104167 0.0218037 0.0255076 0.0338 0.0292419 0.0106796 0.000558269 -0.0010582 0.0122066
internal_weight=13377 7096 6281 3320 1098 627 600 437 6496 2431 999 723 546 311 4065 4015 640 235 3375 858 595 263 437 393 249 276 102 1432 1322 212
internal_count=13377 7096 6281 3320 1098 627 600 437 6496 2431 999 723 546 311 4065 4015 640 235 3375 858 595 263 437 393 249 276 102 1432 1322 212
is_linear=0
shrinkage=0.05


Tree=97
num_leaves=31
num_cat=0
split_feature=3 5 5 7 5 5 0 7 8 2 1 9 3 2 5 4 6 0 7 8 8 8 3 5 5 8 7 2 6 3
split_gain=2775.44 65.3016 224.192 132.605 77.003 62.6193 23.4061 29.6067 22.4949 19.9412 19.1587 16.4745 24.533 17.4187 17.9507 29.8076 21.1891 17.0116 22.279 19.243 15.4187 14.9329 14.016 13.8757 24.7683 15.1718 13.513 13.1596 16.3853 11.3039
threshold=1.0000000180025095e-35 17.500000000000004 3.5000000000000004 0.36447543099728863 5.5000000000000009 16.500000000000004 678.11290322580658 -0.99465740988130902 0.99049901459377832 972.06451612903231 99.177419354838719 -0.39036731218380777 0.027745800144117986 961.89193548387107 15.500000000000002 0.74378581368037155 0.97314989601849466 410.14516129032262 -0.61915584096709908 -0.12546116083924153 -0.074117039608866245 0.99351232050787985 0.37711897314941994 10.500000000000002 8.5000000000000018 -0.56457669118955289 0.97648852793709995 971.63387096774204 0.70290292807158605 0.068680806846629777
decision_type=2 2 2 2 2 2 2 2 2 2 2 2 2 2 2 2 2 2 2 2 2 2 2 2 2 2 2 2 2 2
left_child=1 2 -1 -4 -5 10 11 -8 9 -9 26 12 -2 20 15 16 -15 23 21 -20 -14 -19 -18 24 25 -13 -6 28 29 -25
right_child=6 -3 3 4 5 -7 7 8 -10 -11 -12 17 13 14 -16 -17 22 18 19 -21 -22 -23 -24 27 -26 -27 -28 -29 -30 -31
leaf_value=-1.9378425447503866e-06 0.00015817669475926639 -1.9378425447503866e-06 -1.5381076485324199e-06 -1.9378425447503866e-06 2.3171133129350424e-05 -1.9378425447503866e-06 -0.00049370504592237689 0.00047210138235089243 -0.0009412563939494551 0.0017871745893062758 -9.2493622094546453e-06 0.00030341575149708951 -0.0015585046683387672 -0.00023415887800661285 3.6505245234929068e-05 -0.00077714012871797915 -0.0003184313028930991 0.00016502385590951298 0.00022015438612965621 0.0041503304638729399 -0.00018120200424282356 -0.0010483586758814835 0.001485499547126018 1.902264874063819e-05 0.0026335568580602101 -0.00014718162877436493 -2.8995164990582434e-06 -0.00029165441503455975 9.939003515827547e-05 -9.0473589820970574e-05
leaf_weight=2203 63 3092 488 464 145 222 58 1194 50 110 48 303 148 987 308 153 42 345 148 218 254 41 117 118 329 545 48 150 88 760
leaf_count=2203 63 3092 488 464 145 222 58 1194 50 110 48 303 148 987 308 153 42 345 148 218 254 41 117 118 329 545 48 150 88 760
internal_value=-0.0213331 -0.043913 -0.0393203 -0.0237641 -0.0348599 -0.0203664 0.00187596 0.00757254 0.00907749 0.0103448 -0.00268595 0.000302853 -0.00313555 -0.00410448 -0.00177239 -0.00434615 -0.00156931 0.00264281 0.00916335 0.0179837 -0.0133995 0.000775194 0.0153125 0.000501308 0.00428693 -0.000235571 0.00438144 -0.0034915 -0.00134436 -0.00341297
internal_weight=13239 6710 3618 1415 927 463 6529 1412 1354 1304 241 5117 2072 2009 1607 1299 1146 3045 752 366 402 386 159 2293 1177 848 193 1116 966 878
internal_count=13239 6710 3618 1415 927 463 6529 1412 1354 1304 241 5117 2072 2009 1607 1299 1146 3045 752 366 402 386 159 2293 1177 848 193 1116 966 878
is_linear=0
shrinkage=0.05


Tree=98
num_leaves=31
num_cat=0
split_feature=3 5 5 10 5 5 0 9 11 10 9 10 10 1 10 9 8 10 3 0 8 10 11 8 4 3 10 1 11 8
split_gain=2863.05 60.2378 213.81 67.8675 50.0276 45.7197 27.7052 27.5958 26.0717 19.4086 18.7559 16.8754 23.5564 19.5442 16.0261 16.012 13.7823 18.916 30.2261 20.6006 18.4081 24.6342 17.3145 16.4598 17.2312 15.3561 15.1012 14.4395 12.8086 20.2106
threshold=1.0000000180025095e-35 17.500000000000004 3.5000000000000004 691.9124999999998 5.5000000000000009 16.500000000000004 835.38709677419376 -0.54220090575550783 14.264516129032261 903.83124999999995 0.26659387353423869 936.69375000000002 956.02500000000009 23.080645161290327 486.48750000000001 -0.62588708731544751 0.72692958206603386 961.90000000000009 0.17081877253930289 294.27419354838713 0.57075747273004163 944.05000000000007 49.230645161290333 0.99351232050787985 0.60181424427259755 0.029505470076573091 569.3562499999997 97.048387096774206 14.175806451612905 -0.12546116083924153
decision_type=2 2 2 2 2 2 2 2 2 2 2 2 2 2 2 2 2 2 2 2 2 2 2 2 2 2 2 2 2 2
left_child=1 2 -1 4 7 14 16 -4 -8 -10 15 -11 -13 -14 -6 -5 20 18 25 -19 21 28 23 24 27 -18 -25 -20 -2 -30
right_child=6 -3 3 10 5 -7 8 -9 9 11 -12 12 13 -15 -16 -17 17 19 22 -21 -22 -23 -24 26 -26 -27 -28 -29 29 -31
leaf_value=-1.8409504175128673e-06 4.1301112466984784e-05 -1.8409504175128673e-06 -8.7926045762404265e-07 -1.6314233440129227e-06 -1.7775137167683619e-05 -1.8409504175128673e-06 0.0016484499891859128 -1.8409504175128673e-06 0.00094838697662456839 -0.00073109373202120411 2.5150103874908066e-05 0.0010307014537317028 -0.0011846003754205693 0.00069711200438307697 2.5748208262592144e-06 -9.2122449303760409e-06 6.3925544372341335e-05 5.1514999387130406e-05 0.00060499806531542498 -0.0013577388796938762 -0.0003432279642973067 0.00047974532075683587 0.0083546013779015656 0.0016775865272005198 0.00060213434269869651 -7.9318763468516287e-05 -0.00094650889004818661 -0.00071534418551406432 -0.00024979429592893664 7.2726412740643984e-05
leaf_weight=2219 1915 3182 42 318 51 185 183 379 154 129 82 159 58 46 149 175 41 46 314 78 425 227 45 51 500 192 89 118 1088 737
leaf_count=2219 1915 3182 42 318 51 185 183 379 154 129 82 159 58 46 149 175 41 46 314 78 425 227 45 51 500 192 89 118 1088 737
internal_value=-0.0214793 -0.0442872 -0.0398223 -0.0243488 -0.0337051 -0.0205959 0.00197847 -0.0456161 0.0111644 0.00566728 -0.0111979 -0.000254453 0.00700758 -0.0114286 -0.0039801 -0.0148785 0.00083518 0.00501695 0.00673575 -0.0136 -0.000569087 0.000491431 0.0101521 0.00885368 0.011254 -0.00961538 -0.0070922 0.0039261 -0.000481155 -0.00347755
internal_weight=13377 6782 3600 1381 806 385 6595 421 729 546 575 392 263 104 200 493 5866 1474 1350 124 4392 3967 1117 1072 932 233 140 432 3740 1825
internal_count=13377 6782 3600 1381 806 385 6595 421 729 546 575 392 263 104 200 493 5866 1474 1350 124 4392 3967 1117 1072 932 233 140 432 3740 1825
is_linear=0
shrinkage=0.05


Tree=99
num_leaves=31
num_cat=0
split_feature=3 0 4 0 10 9 2 8 11 1 4 4 10 9 0 10 10 9 0 3 6 0 3 1 10 6 10 8 3 0
split_gain=2871.43 17.922 38.9715 17.3383 18.8715 20.2258 21.2413 19.0985 14.8772 13.9503 16.5841 15.3323 16.7016 20.0942 13.6756 13.5885 13.1621 22.6192 16.482 14.5908 13.7435 13.5673 13.0323 12.0386 11.6126 12.929 11.5903 10.7847 10.4131 10.3006
threshold=1.0000000180025095e-35 1.0000000180025095e-35 1.2995021872570922 883.4032258064517 956.02500000000009 0.78325861861090706 967.76935483870977 -0.5484990889199054 10.820967741935485 98.209677419354847 0.26232738521629745 0.5514523087415204 479.71249999999986 0.71953727073011831 42.451612903225815 936.69375000000002 484.94999999999999 0.96407344085605606 498.83870967741944 0.078610432266089436 0.49812943072827093 173.241935483871 0.30829553408257598 61.177419354838719 643.50000000000011 0.70290292807158605 547.40000000000009 0.98802474685579866 0.47950226327632356 307.67741935483872
decision_type=2 2 2 2 2 2 2 2 2 2 2 2 2 2 2 2 2 2 2 2 2 2 2 2 2 2 2 2 2 2
left_child=1 -1 -3 8 5 6 7 -5 16 11 -11 12 22 24 -4 -7 21 18 19 -18 -20 -2 -10 -15 25 -14 -21 -28 -26 -12
right_child=3 2 14 4 -6 15 -8 -9 9 10 29 -13 13 23 -16 -17 17 -19 20 26 -22 -23 -24 -25 28 -27 27 -29 -30 -31
leaf_value=-1.7489028966372238e-06 1.5136340840031168e-05 -6.8546287693721092e-06 -1.7489028966372238e-06 -0.00089726970585980172 -0.0002148395391373348 -0.00038165556136908197 0.0018129097492495085 0.001211461046415846 0.00024047758717430715 -0.0015820526323863438 8.4431627625562516e-05 -1.3844864998951608e-05 0.00053172801510604031 0.00011093961869008788 -1.6100973699256992e-06 0.00061520778753748617 5.2762397013287602e-05 -0.00059386194781136108 0.00020299221218615107 0.00076060715751733181 0.001643310499196267 0.0043836864249027383 0.0071483435240474935 -0.0017460423342927009 -7.8219591318501316e-05 0.0053644354337847588 -1.4932271176928101e-05 -0.00049454588857812123 0.0015527390666722264 -0.0010251209136431572
leaf_weight=6274 54 78 410 56 85 56 157 63 40 219 179 2593 174 62 50 46 165 70 250 174 186 85 50 95 348 57 942 59 204 180
leaf_count=6274 54 78 410 56 85 56 157 63 40 219 179 2593 174 62 50 46 165 70 250 174 186 85 50 95 348 57 942 59 204 180
internal_value=-0.0213824 -0.0441949 -0.0352505 0.00199248 0.0113147 0.016095 0.0231047 0.00708333 0.00129303 -0.00039267 -0.00759931 0.00075883 0.00591659 0.00393199 -0.0407809 -0.00291262 0.00485901 0.00373579 0.00483962 0.00208799 0.0132723 0.0196429 0.0263736 -0.0123418 0.00720663 0.0165948 0.000127551 -0.00194611 0.00325497 -0.000972222
internal_weight=13461 6812 538 6649 463 378 276 119 6186 4201 578 3623 1030 940 460 102 1985 1846 1776 1340 436 139 90 157 783 231 1175 1001 552 359
internal_count=13461 6812 538 6649 463 378 276 119 6186 4201 578 3623 1030 940 460 102 1985 1846 1776 1340 436 139 90 157 783 231 1175 1001 552 359
is_linear=0
shrinkage=0.05


Tree=100
num_leaves=31
num_cat=0
split_feature=3 5 5 9 0 9 2 5 5 11 9 4 5 8 5 3 3 6 8 3 6 1 1 3 2 11 1 1 1 2
split_gain=2877.3 64.3333 231.355 45.5987 31.2597 29.1824 25.3128 17.4102 53.5613 20.094 14.4342 14.0892 20.1747 17.4356 17.4745 17.4183 31.3979 18.1696 17.2415 16.7973 20.8269 16.4576 14.7236 14.5343 13.9523 13.9107 13.2137 12.806 12.2537 15.619
threshold=1.0000000180025095e-35 17.500000000000004 3.5000000000000004 -0.67802903493420741 795.59677419354853 0.60383265664488517 962.98870967741948 5.5000000000000009 16.500000000000004 7.6338709677419354 0.26659387353423869 0.26879181175997563 11.500000000000002 -0.998663445439673 8.5000000000000018 0.12307490891423363 0.14124669312931079 0.10837544681456425 -0.57693561556757644 0.81795253926968026 -0.05695216311707673 15.435483870967744 17.370967741935488 0.093573053361780942 961.89193548387107 13.764516129032261 22.56451612903226 52.048387096774199 0.46774193548387105 967.91451612903245
decision_type=2 2 2 2 2 2 2 2 2 2 2 2 2 2 2 2 2 2 2 2 2 2 2 2 2 2 2 2 2 2
left_child=1 2 -1 -4 11 6 -6 9 -9 -5 25 -2 13 -13 24 17 -17 23 22 20 -16 -22 -18 26 27 -8 -14 -15 29 -7
right_child=4 -3 3 7 5 28 10 8 -10 -11 -12 12 15 14 19 16 18 -19 -20 -21 21 -23 -24 -25 -26 -27 -28 -29 -30 -31
leaf_value=-1.6614577518053628e-06 -0.00016523123608079646 -1.6614577518053628e-06 -1.5901661647264283e-06 -1.6614577518053628e-06 -0.00029036782926130099 0.00072994173999496592 0.001466073622299588 -2.2081039882494077e-06 -1.6614577518053628e-06 -1.6614577518053628e-06 0.0015992790259064249 0.0029246060737149362 -9.2852652978923887e-06 -0.0013328653771818551 0.00032020966810867858 -0.00028653248849634444 3.742404581883567e-05 -2.8446816714023781e-06 3.1013368676782729e-05 -0.00065394694401422213 0.0027354818460283482 0.0017812217175103729 -0.00047725331986112101 0.00020050530335189435 6.7857151746447694e-05 0.00062293713795486818 2.6551440428697914e-05 0.00030202499379635155 -0.00036377595591978733 -0.000169520103168061
leaf_weight=2231 1017 3137 309 185 81 63 122 226 207 432 162 49 59 50 565 50 178 165 1535 101 103 408 470 40 816 202 94 40 171 50
leaf_count=2231 1017 3137 309 185 81 63 122 226 207 432 162 49 59 50 565 50 178 165 1535 101 103 408 470 40 816 202 94 40 171 50
internal_value=-0.0210902 -0.0440919 -0.0394876 -0.0231985 0.00238926 0.0113263 0.0178697 -0.0281637 -0.0203917 -0.0335761 0.0221766 0.00106253 0.00221211 0.00581341 0.00511036 -0.000752315 -0.00239481 0.00947075 -0.0014881 0.00912564 0.0109564 0.0182617 -0.00832049 0.0198454 -0.000110254 0.016 0.0126623 -0.0186813 -0.00175439 0.0109649
internal_weight=13318 6727 3590 1359 6591 851 567 1050 433 617 486 5740 4723 2132 2083 2591 2233 358 2183 1177 1076 511 648 193 906 324 153 90 284 113
internal_count=13318 6727 3590 1359 6591 851 567 1050 433 617 486 5740 4723 2132 2083 2591 2233 358 2183 1177 1076 511 648 193 906 324 153 90 284 113
is_linear=0
shrinkage=0.05


Tree=101
num_leaves=31
num_cat=0
split_feature=3 5 5 7 5 5 6 11 1 0 3 8 8 11 3 7 11 3 7 6 6 1 1 8 8 7 7 7 3 6
split_gain=2734.02 74.752 271.527 109.618 68.4287 67.608 24.5628 27.8328 27.8849 19.3795 18.6668 20.854 25.7683 28.009 29.2285 18.1865 17.5631 21.5132 17.1566 15.6277 14.9609 14.401 13.8364 21.8999 20.2725 14.6662 15.5358 18.6448 14.1527 13.7102
threshold=1.0000000180025095e-35 17.500000000000004 3.5000000000000004 0.38043945030393422 5.5000000000000009 16.500000000000004 0.3261394409934788 37.506451612903234 6.3064516129032269 493.74193548387103 0.12307490891423363 0.99463153969809781 0.72692958206603386 29.559677419354838 0.55277757306833031 0.93158198870884079 13.285483870967743 0.47694759978415219 0.96633974041180493 0.83376496542330847 0.21022171450811275 38.112903225806456 10.24193548387097 0.57075747273004163 -0.90893575921103265 -0.99465740988130902 0.51849435583340198 0.011826144619637555 0.90138804126120464 0.43733377705052551
decision_type=2 2 2 2 2 2 2 2 2 2 2 2 2 2 2 2 2 2 2 2 2 2 2 2 2 2 2 2 2 2
left_child=1 2 -1 -4 -5 -6 10 8 9 -8 15 12 18 14 -14 -2 17 -10 22 -9 -20 -16 24 -24 -12 -26 27 28 -27 -18
right_child=6 -3 3 4 5 -7 7 19 16 -11 11 -13 13 -15 21 -17 29 -19 20 -21 -22 -23 23 -25 25 26 -28 -29 -30 -31
leaf_value=-1.5783848642150946e-06 4.2563577393031071e-05 -1.5783848642150946e-06 -1.0479302599742227e-06 -1.5783848642150946e-06 2.6368596581554363e-07 -1.5783848642150946e-06 1.7631653225521835e-05 0.0032386630188119716 -2.8818289568105505e-06 0.0011610868423698963 0.0016665191961463906 -0.00094759328627463675 -3.2978499021948941e-05 -0.00070510842434744485 0.00050893796202808046 -0.00011572209183154416 0.00048489104989216938 0.0011763271798195753 0.0001040219294314193 -9.9714510732873411e-07 0.0048104306891408686 0.0022996275317188203 -0.00030439342351218926 -0.0020160279849200935 -0.00029851467564646629 -7.9561177309034337e-05 -0.0012858427995272315 0.001050158481815594 0.00053600739102753763 -0.00015845310096203343
leaf_weight=2264 358 3125 485 426 223 210 211 153 513 255 54 100 255 87 288 101 89 428 343 56 40 98 1253 157 103 363 42 51 59 1126
leaf_count=2264 358 3125 485 426 223 210 211 153 513 255 54 100 255 87 288 101 89 428 343 56 40 98 1253 157 103 363 42 51 59 1126
internal_value=-0.0213261 -0.0437259 -0.0387919 -0.0209665 -0.031686 -0.0176267 0.00158718 0.0051024 0.00369806 0.0147752 -0.00106581 -0.00238312 -0.00167502 0.00658436 0.0102025 0.00836957 0.0012981 0.00642251 -0.00411598 0.022619 0.00559896 0.018863 -0.00590494 -0.00871722 0 -0.00258481 0.000872093 0.00348101 0 -0.0026727
internal_weight=13316 6733 3608 1344 859 433 6583 2831 2622 466 3752 3293 3193 728 641 459 2156 941 2465 209 383 386 2082 1410 672 618 515 473 422 1215
internal_count=13316 6733 3608 1344 859 433 6583 2831 2622 466 3752 3293 3193 728 641 459 2156 941 2465 209 383 386 2082 1410 672 618 515 473 422 1215
is_linear=0
shrinkage=0.05


Tree=102
num_leaves=31
num_cat=0
split_feature=3 5 5 7 5 5 0 11 5 5 10 9 6 10 6 3 10 2 10 2 6 0 10 6 6 3 11 2 2 0
split_gain=2778.5 73.0815 256.654 89.1832 74.8727 66.888 20.2501 19.5548 11.1585 26.517 21.1549 37.9353 25.9624 16.6349 24.4015 19.5552 15.0737 26.9301 14.6721 18.2361 14.4785 13.8634 14.2674 12.7683 14.5535 13.4733 12.4864 12.173 11.1799 10.9529
threshold=1.0000000180025095e-35 17.500000000000004 3.5000000000000004 0.39629089145655322 5.5000000000000009 16.500000000000004 878.08064516129036 13.553225806451616 7.5000000000000009 11.500000000000002 471.53124999999983 0.71503753411753179 -0.70291267844185523 936.69375000000002 -0.18492532721306487 0.2753255544535223 699.65000000000009 967.65000000000009 871.63125000000014 970.14677419354848 0.81428061195174062 616.43548387096791 542.5062499999998 1.0000000180025095e-35 0.62587949062545845 0.078610432266089436 15.759677419354841 960.75645161290333 966.13709677419365 38.467741935483879
decision_type=2 2 2 2 2 2 2 2 2 2 2 2 2 2 2 2 2 2 2 2 2 2 2 2 2 2 2 2 2 2
left_child=1 2 -1 -4 -5 -6 8 -8 13 10 28 12 16 23 15 -15 -12 -18 21 20 -20 22 -14 25 -25 -2 -19 -24 -10 -11
right_child=6 -3 3 4 5 -7 7 -9 9 29 11 -13 18 14 -16 -17 17 26 19 -21 -22 -23 27 24 -26 -27 -28 -29 -30 -31
leaf_value=-1.4994656210043399e-06 0.00053032906894700529 -1.4994656210043399e-06 -1.2027430779993702e-06 -1.4994656210043399e-06 3.2749583726464023e-07 -1.4994656210043399e-06 0.0015372624072745589 0.00030143270008886061 0.0023037617848076122 3.5665536377992042e-05 -0.001207814037415661 -0.00046220631663999591 0.0048519148065858664 0.00012046611184234335 0.00088431966521296539 -0.0010487277601467838 -0.0003279871865075779 0.00083607300855516884 0.00053400304445031801 0.0010357956591361213 -0.0013381240381330859 0.0016594876276796568 -0.0008443713593815406 -0.00047214411985387652 -0.00019533488600174018 -0.0002259853453183844 0.0030852940686574961 0.0012934081850254021 0.0074110158043747048 -1.3062722796906325e-05
leaf_weight=2241 113 3158 477 432 234 207 102 367 53 58 66 327 146 59 144 69 275 190 164 72 80 136 126 164 325 260 46 323 41 2878
leaf_count=2241 113 3158 477 432 234 207 102 367 53 58 66 327 146 59 144 69 275 190 164 72 80 136 126 164 325 260 46 323 41 2878
internal_value=-0.0213027 -0.0438444 -0.0389337 -0.0216876 -0.0311785 -0.016629 0.00180714 0.0118085 0.00103826 0.00205741 0.00642717 0.00530225 0.00843077 -0.00343612 0.00732601 -0.00852713 -8.65052e-05 0.00283203 0.0131202 0.00410095 -0.00244898 0.0170082 0.0136745 -0.00683662 -0.0121429 0.00013369 0.0151899 0.00922222 0.0294737 -0.000987402
internal_weight=13333 6749 3591 1350 873 441 6584 469 6115 4981 2045 1951 1624 1134 272 128 577 511 1047 316 244 731 595 862 489 373 236 449 94 2936
internal_count=13333 6749 3591 1350 873 441 6584 469 6115 4981 2045 1951 1624 1134 272 128 577 511 1047 316 244 731 595 862 489 373 236 449 94 2936
is_linear=0
shrinkage=0.05


Tree=103
num_leaves=31
num_cat=0
split_feature=3 5 5 7 5 5 5 4 5 5 11 9 3 4 3 4 5 3 4 10 7 9 2 3 9 8 3 10 10 11
split_gain=2737.6 72.3945 243.364 102.506 57.8435 56.0346 15.2188 35.4756 18.4969 23.432 18.345 14.7032 14.0538 14.4734 14.7027 13.5874 18.5269 15.1493 13.0446 14.1811 12.6079 20.7452 11.8375 15.4716 11.706 11.3747 10.8558 10.9348 10.3728 13.6958
threshold=1.0000000180025095e-35 17.500000000000004 3.5000000000000004 0.38043945030393422 5.5000000000000009 16.500000000000004 12.500000000000002 0.76386376601661199 8.5000000000000018 10.500000000000002 6.9693548387096778 -0.99628250747696534 0.027745800144117986 0.064648028174445885 0.073590990344619842 0.79863599013566799 13.500000000000002 0.12307490891423363 0.72577375167846625 471.53124999999983 -0.7444366621422277 0.57605713708605399 972.06451612903231 0.1939748707792413 0.1147873601445511 -0.48314718476766422 0.28595588557473145 720.10000000000002 709.58125000000007 8.0338709677419384
decision_type=2 2 2 2 2 2 2 2 2 2 2 2 2 2 2 2 2 2 2 2 2 2 2 2 2 2 2 2 2 2
left_child=1 2 -1 28 -5 -6 7 8 11 18 -11 -2 -13 -14 -15 17 -17 -8 19 -10 21 -19 -18 -24 -12 26 27 -22 -4 -30
right_child=6 -3 3 4 5 -7 15 -9 9 10 24 12 13 14 -16 16 22 20 -20 -21 25 -23 23 -25 -26 -27 -28 -29 29 -31
leaf_value=-1.424492339954123e-06 0.0010953906708006736 -1.424492339954123e-06 9.8149036459773509e-07 -1.424492339954123e-06 -1.0598463655995813e-06 -1.424492339954123e-06 7.49130409851793e-05 0.0015784601813212285 0.0066952083040048077 0.0027223051598211871 -0.0005884909693356366 0.0004067950354185373 -0.00035688306232517302 0.00052055299401677013 -0.00011004924452997501 0.0016682566244023784 7.7141828130033077e-06 0.0014587475382103921 0.0018669244666714602 0.00044847215466840563 -0.00022279515658278826 -0.00019131718994224169 -0.00011981238633300565 0.00048081417007990457 0.00037483963133795877 -0.00018858435911071197 -0.0011755157375414626 0.00016199405009330558 1.6000429233634848e-06 -1.0033991880195874e-05
leaf_weight=2180 44 3170 58 434 222 218 65 189 49 49 464 55 211 52 1332 74 966 108 67 1007 62 159 55 62 393 764 362 41 220 225
leaf_count=2180 44 3170 58 434 222 218 65 189 49 49 464 55 211 52 1332 74 966 108 67 1007 62 159 55 62 393 764 362 41 220 225
internal_value=-0.0213992 -0.0438689 -0.0389404 -0.0224601 -0.0328 -0.0199546 0.0014025 0.00339893 0.00232277 0.00554187 -0.000441014 -0.00153392 -0.00230164 -0.00316416 -0.00129964 -0.00147113 0.00263385 -0.00451344 0.0103648 0.0089877 -0.00554442 0.00429104 0.000968635 -0.0139831 -0.00215618 -0.00768293 -0.0138412 0.000480769 -0.00446429 -0.00706278
internal_weight=13357 6727 3557 1377 874 440 6630 3912 3723 2029 906 1694 1650 1595 1384 2718 1157 1561 1123 1056 1496 267 1083 117 857 1229 465 103 503 445
internal_count=13357 6727 3557 1377 874 440 6630 3912 3723 2029 906 1694 1650 1595 1384 2718 1157 1561 1123 1056 1496 267 1083 117 857 1229 465 103 503 445
is_linear=0
shrinkage=0.05


Tree=104
num_leaves=31
num_cat=0
split_feature=3 5 5 7 5 5 0 7 2 11 6 7 1 6 7 11 3 3 0 3 4 6 11 3 2 6 6 3 3 6
split_gain=2724.05 71.8499 250.997 120.706 55.2234 54.2658 18.9239 23.7862 18.8259 21.6694 16.5493 14.9339 12.3812 12.5633 15.7273 11.483 10.9485 12.1798 12.1669 17.2022 17.8757 13.4512 28.6059 27.3125 27.2247 19.8111 10.8434 10.7328 10.098 9.94189
threshold=1.0000000180025095e-35 17.500000000000004 3.5000000000000004 0.38043945030393422 5.5000000000000009 16.500000000000004 704.85483870967744 -0.99465740988130902 970.39516129032268 17.87903225806452 0.48314048284850658 -0.81925291736142503 1.4677419354838712 -0.79384350655589164 -0.94426098523567992 4.5467741935483881 0.027745800144117986 0.016411398781448042 4.0967741935483879 0.068680806846629777 1.0778893655779258 -0.13398594226331254 37.506451612903234 0.28595588557473145 962.25645161290333 1.0000000180025095e-35 0.99865421017599998 0.89583843698607513 0.30124888201733763 0.92273069556937592
decision_type=2 2 2 2 2 2 2 2 2 2 2 2 2 2 2 2 2 2 2 2 2 2 2 2 2 2 2 2 2 2
left_child=1 2 -1 11 -5 -6 15 -8 12 10 -10 -4 13 -9 27 -2 17 -17 -18 -20 21 23 25 -21 -25 -23 -27 -15 -26 -24
right_child=6 -3 3 4 5 -7 7 8 9 -11 -12 -13 -14 14 -16 16 18 -19 19 20 -22 22 29 24 28 26 -28 -29 -30 -31
leaf_value=-1.3532677229564169e-06 0.00038958802522491982 -1.3532677229564169e-06 8.4983649263162964e-05 -1.3532677229564169e-06 -1.5097245472023239e-06 -1.3532677229564169e-06 -0.00038665359286102485 -0.00080792008631615231 0.00025253147499828545 -0.00032872814167272393 0.0019077049799114622 -1.3484414204339191e-06 6.5335682469330747e-05 -0.00040517666872896818 0.00092232317809996529 2.9337338736043715e-06 -0.00028741091529340058 5.9316926923643912e-05 3.468074546794835e-05 6.7366757031647566e-05 -7.3383860287308891e-05 0.00091345904309113465 0.002421096512765797 -0.0018114708287023302 -0.00048717776342556142 -3.2404828792548246e-05 0.0022996396304098446 0.00047131422700923966 -0.0001439399757898724 -1.7776688186368905e-05
leaf_weight=2216 244 3150 73 446 219 216 61 42 67 67 115 426 653 49 171 101 151 52 151 551 71 118 163 253 56 2081 75 40 1265 40
leaf_count=2216 244 3150 73 446 219 216 61 42 67 67 115 426 653 49 171 101 151 52 151 551 71 118 163 253 56 2081 75 40 1265 40
internal_value=-0.0214099 -0.0437824 -0.0389213 -0.0221579 -0.0332766 -0.0205275 0.00133323 0.00683254 0.00838174 0.0206 0.0295082 -0.0025 0.00517782 0.0135314 0.0176245 3.72232e-05 -0.000467927 0.0126623 -0.000874196 -0.000435233 -0.00097347 -0.000586574 0.00191687 -0.00350423 -0.00685714 0.000307692 -0.000788132 0.000555556 -0.00397126 0.0198529
internal_weight=13383 6746 3596 1380 881 435 6637 1265 1204 249 182 499 955 302 260 5372 5128 153 4975 4824 4673 4602 2477 2125 1574 2274 2156 89 1321 203
internal_count=13383 6746 3596 1380 881 435 6637 1265 1204 249 182 499 955 302 260 5372 5128 153 4975 4824 4673 4602 2477 2125 1574 2274 2156 89 1321 203
is_linear=0
shrinkage=0.05


Tree=105
num_leaves=31
num_cat=0
split_feature=3 5 5 10 5 5 5 1 10 3 9 3 6 10 6 10 10 2 5 6 3 10 3 9 11 6 2 10 4 2
split_gain=2754.39 71.3366 254.449 84.8499 68.4913 47.9511 24.3337 12.1652 38.0697 34.562 25.8289 31.624 50.0683 26.4252 18.5918 17.9376 18.0777 17.8527 17.0674 16.4594 12.1609 16.434 26.0387 16.771 18.5758 16.3163 15.2084 14.7903 13.697 11.8509
threshold=1.0000000180025095e-35 17.500000000000004 3.5000000000000004 652.46875 5.5000000000000009 16.500000000000004 16.500000000000004 8.5322580645161299 956.02500000000009 0.39138706229640624 0.78325861861090706 0.46631625590403669 -0.83377653105606597 774.875 -0.96689237009891416 533.55000000000007 936.69375000000002 969.85000000000014 14.500000000000002 0.12545942051955489 0.027745800144117986 479.71249999999986 0.30829553408257598 0.69984120524093585 15.177419354838712 -0.32614396506100213 966.73064516129045 931.25625000000014 0.082165764408552069 966.82741935483875
decision_type=2 2 2 2 2 2 2 2 2 2 2 2 2 2 2 2 2 2 2 2 2 2 2 2 2 2 2 2 2 2
left_child=1 2 -1 4 -4 -6 -5 8 10 -10 11 -2 14 -14 -13 -12 18 -15 19 -17 -9 22 -22 28 -25 -26 -24 -27 -23 -18
right_child=7 -3 3 6 5 -7 -8 20 9 -11 15 12 13 17 -16 16 29 -19 -20 -21 21 23 26 24 25 27 -28 -29 -30 -31
leaf_value=-1.2856043368085959e-06 9.2116209182082412e-06 -1.2856043368085959e-06 -1.2856043368085959e-06 -2.3657050611568791e-06 -5.5552849220555365e-07 -1.2856043368085959e-06 -8.7345355769862162e-07 3.3442520726389697e-05 8.067220697394184e-05 -0.00097573572141081979 0.0011034421405682429 0.00033123852761363093 0.0015066304226473038 0.00050704274824618374 -0.00087980816012540603 -0.00088553911195731751 0.00035270030584278605 0.0014409156110476579 8.8183645953935841e-05 -0.00014311601956662479 -0.00017993589816909939 -0.00045363022931995127 0.0026295886771916981 5.7831212271194921e-05 -0.0026764776440329971 -0.0010041659674611904 0.0096184412820956924 0.00035448951196894037 2.3644943359641369e-05 -0.00017679374322686071
leaf_weight=2228 463 3173 360 578 195 171 62 121 67 152 74 64 179 253 72 91 98 136 41 57 117 163 120 227 49 190 45 80 3598 88
leaf_count=2228 463 3173 360 578 195 171 62 121 67 152 74 64 179 253 72 91 98 136 41 57 117 163 120 227 49 190 45 80 3598 88
internal_value=-0.0213776 -0.0437426 -0.0388873 -0.0218727 -0.0335626 -0.0182561 -0.00858034 0.00174916 0.00520153 -0.0143182 0.00785405 0.0117723 0.0184397 0.0249561 -0.00875912 -0.00233333 -0.00678191 0.0175641 -0.0176316 -0.0255034 0.000403311 -1.08932e-05 0.0116608 -0.000777623 -0.00895795 -0.0167188 0.0243976 -0.0118081 0.000412015 0.00427807
internal_weight=13312 6767 3594 1366 726 366 640 6545 1835 219 1616 1167 704 568 136 449 375 389 189 148 4710 4589 282 4307 546 319 165 270 3761 186
internal_count=13312 6767 3594 1366 726 366 640 6545 1835 219 1616 1167 704 568 136 449 375 389 189 148 4710 4589 282 4307 546 319 165 270 3761 186
is_linear=0
shrinkage=0.05


Tree=106
num_leaves=31
num_cat=0
split_feature=3 5 5 7 5 5 5 4 10 4 8 3 3 8 6 2 6 5 10 1 5 8 10 1 8 1 5 7 9 6
split_gain=2708.31 71.9126 252.538 105.491 53.077 58.9836 15.2533 32.6206 15.6578 22.5809 15.8154 15.4831 33.255 19.4239 14.991 15.9543 14.8812 16.4166 14.6476 14.4692 14.3386 13.8433 30.6331 14.3644 12.9941 15.0843 13.7706 14.136 12.9929 19.4261
threshold=1.0000000180025095e-35 17.500000000000004 3.5000000000000004 0.39629089145655322 5.5000000000000009 16.500000000000004 11.500000000000002 0.71959781027696479 489.18124999999992 0.33652962857763147 -0.998663445439673 0.12307490891423363 0.14124669312931079 0.78725952717486247 0.86113431103781346 969.07580645161295 0.12545942051955489 15.500000000000002 650.16875000000016 99.98387096774195 4.5000000000000009 0.71953851835684701 956.02500000000009 17.370967741935488 0.98213580174693105 10.951612903225808 14.500000000000002 -0.83849291496497236 -0.99628250747696534 -0.99630266176052629
decision_type=2 2 2 2 2 2 2 2 2 2 2 2 2 2 2 2 2 2 2 2 2 2 2 2 2 2 2 2 2 2
left_child=1 2 -1 -4 18 -6 7 8 9 19 -10 13 -13 14 15 -8 17 21 -5 -2 -20 -14 -23 -24 25 26 27 -18 -12 -30
right_child=6 -3 3 4 5 -7 11 -9 10 -11 28 12 16 -15 -16 -17 24 -19 20 -21 -22 22 23 -25 -26 -27 -28 -29 29 -31
leaf_value=-1.2213241199681663e-06 0.00051295489993206662 -1.2213241199681663e-06 -6.1533518828732513e-07 -1.2213241199681663e-06 -9.0359139534920832e-07 -1.2213241199681663e-06 3.952052254421779e-05 0.0010992958282966482 0.0016734379032478765 0.0051455843875989511 0.0013013551359536302 -0.00026656196547279802 -0.0004643328918626448 -3.5049157683846072e-05 -6.8707301375111815e-06 -6.040523261154063e-06 -0.00029104395669629635 5.2241419103932213e-05 -2.4571692731577859e-06 -0.0017999691169332144 -7.1930786968877909e-06 0.00078611092339848096 -0.0013945914118241032 0.00014807532799507306 0.0031990778276847712 -6.2190172736197727e-05 -5.7082196408281966e-06 0.0023654121923084889 -0.0018274513946997058 1.9739239728180925e-05
leaf_weight=2217 101 3137 494 350 226 216 162 337 46 99 76 52 902 75 61 63 42 283 40 46 42 181 67 45 71 1013 129 102 46 2597
leaf_count=2217 101 3137 494 350 226 216 162 337 46 99 76 52 902 75 61 63 42 283 40 46 42 181 67 45 71 1013 129 102 46 2597
internal_value=-0.021368 -0.0437007 -0.0388316 -0.0219138 -0.0323429 -0.0200903 0.00139457 0.00376232 0.00210823 0.01417 0.00103037 -0.00104648 -0.00226801 0.00870166 0.0146341 0.0205752 -0.00153385 -0.00500338 -0.0448037 0.00168919 -0.0253012 -0.00756689 0.00187075 -0.0185841 0.00224595 0.0010878 0.0114964 0.022069 0.000533088 -5.67322e-05
internal_weight=13318 6722 3585 1368 874 442 6596 3348 3011 246 2765 3248 2887 361 286 225 2835 1478 432 147 82 1195 293 112 1357 1286 273 144 2719 2643
internal_count=13318 6722 3585 1368 874 442 6596 3348 3011 246 2765 3248 2887 361 286 225 2835 1478 432 147 82 1195 293 112 1357 1286 273 144 2719 2643
is_linear=0
shrinkage=0.05


Tree=107
num_leaves=31
num_cat=0
split_feature=3 5 5 7 5 5 8 0 7 7 9 8 6 11 2 3 1 3 6 2 7 7 1 11 3 8 8 3 6 6
split_gain=2770.78 77.5437 272.26 98.2808 53.3042 69.343 19.9943 14.9356 14.061 12.5906 11.569 18.6567 15.6359 21.6805 18.0592 22.4636 18.3479 14.669 23.6281 18.526 14.2169 18.0171 17.4574 13.4978 13.5875 12.0158 17.2252 24.8003 13.4478 18.5603
threshold=1.0000000180025095e-35 17.500000000000004 3.5000000000000004 0.3484035575467645 5.5000000000000009 16.500000000000004 -0.97113884758256674 888.67741935483889 -0.8901731938066898 -0.75581183015052977 -0.99628250747696534 -0.030099068566675755 -0.99630266176052629 33.050000000000004 965.68870967741952 0.28983220275810556 99.596774193548399 0.22242036063891754 0.10837544681456425 965.28870967741943 -0.75581183015052977 -0.83849291496497236 13.580645161290326 39.601612903225806 0.51279136889176835 0.99572776335819457 0.77923869640500354 0.37711897314941994 -0.97113884758256674 -0.73866753694953124
decision_type=2 2 2 2 2 2 2 2 2 2 2 2 2 2 2 2 2 2 2 2 2 2 2 2 2 2 2 2 2 2
left_child=1 2 -1 -4 6 -6 -5 10 -9 -10 11 -2 -12 14 15 -14 25 -15 19 -19 21 22 -17 24 -20 26 28 -28 -16 -30
right_child=7 -3 3 4 5 -7 -8 8 9 -11 12 -13 13 17 16 20 -18 18 23 -21 -22 -23 -24 -25 -26 -27 27 -29 29 -31
leaf_value=-1.1602579139697579e-06 0.001421494670868706 -1.1602579139697579e-06 -7.9744206863854331e-07 -1.1602579139697579e-06 4.3556141567936771e-07 -1.1602579139697579e-06 -1.1602579139697579e-06 5.7764388993450377e-05 0.0015486914347941528 0.0004387759095884597 -0.00084311219221332168 0.00011346758252178679 1.7485755345164877e-05 -6.8940138644785039e-05 0.00060018645712791869 0.00011125295642047396 0.00074744633729707528 -0.00044138034442014893 -0.00093818307376219718 0.0014379525743701772 -0.00064347087896586899 0.0014722741860662527 -0.00083492445007758991 0.0034914348663503238 0.0017986892283226143 -0.0012387665866153863 -3.4394284077350676e-05 0.001035258779609813 -0.00048823355377795169 9.730382731053603e-06
leaf_weight=2245 50 3201 465 47 221 211 406 184 125 108 95 129 669 102 192 108 237 134 48 61 1164 54 73 170 55 54 222 420 394 1772
leaf_count=2245 50 3201 465 47 221 211 406 184 125 108 95 129 669 102 192 108 237 134 48 61 1164 54 73 170 55 54 222 420 394 1772
internal_value=-0.0212864 -0.0437105 -0.0386402 -0.0208734 -0.0306433 -0.0180139 -0.0426211 0.0017369 0.0108852 0.0190171 0.00112025 0.0136111 0.000746888 0.00107083 8.39552e-05 -0.00357661 0.00238457 0.0103327 0.0140725 0.000765306 -0.00717857 0.00402542 -0.00357143 0.0235401 0.00913462 0.00134206 0.00176608 0.00902022 -0.000211954 -0.00133826
internal_weight=13416 6796 3595 1350 885 432 453 6620 417 233 6203 179 6024 5929 5359 2068 3291 570 468 195 1399 235 181 273 103 3054 3000 642 2358 2166
internal_count=13416 6796 3595 1350 885 432 453 6620 417 233 6203 179 6024 5929 5359 2068 3291 570 468 195 1399 235 181 273 103 3054 3000 642 2358 2166
is_linear=0
shrinkage=0.05


Tree=108
num_leaves=31
num_cat=0
split_feature=3 5 5 7 5 5 10 10 7 0 10 2 8 7 6 10 10 7 10 3 3 2 6 10 8 6 10 9 9 10
split_gain=2758.01 75.046 268.696 104.664 53.7319 53.2928 17.9187 16.4116 14.1849 19.263 30.6955 30.5274 37.9131 26.6351 19.7134 24.7178 26.3404 18.3585 16.9909 39.5453 22.327 17.2261 16.434 27.8383 15.6371 19.8826 15.2669 14.7252 16.0386 14.643
threshold=1.0000000180025095e-35 17.500000000000004 3.5000000000000004 0.38043945030393422 5.5000000000000009 16.500000000000004 650.16875000000016 759.03125000000011 -0.99465740988130902 504.16129032258073 757.67500000000007 969.90806451612912 -0.62588817255938378 -0.7444366621422277 -0.50556189049999822 771.95000000000005 774.875 0.14888728888808328 479.71249999999986 0.18685248786243444 0.078610432266089436 966.73064516129045 0.90892735371523092 851.34375 0.82048548965790546 0.99466373373798567 959.24374999999998 0.75438814418115718 0.60383265664488517 913.31875000000002
decision_type=2 2 2 2 2 2 2 2 2 2 2 2 2 2 2 2 2 2 2 2 2 2 2 2 2 2 2 2 2 2
left_child=1 2 -1 -4 6 -6 -5 -8 -2 18 24 13 -13 14 -12 -16 -17 26 19 -10 -20 -21 -15 -24 25 -11 -14 28 29 -18
right_child=8 -3 3 4 5 -7 7 -9 9 10 11 12 17 22 15 16 27 -19 20 21 -22 -23 23 -25 -26 -27 -28 -29 -30 -31
leaf_value=-1.10224501827127e-06 -0.00020441574543001996 -1.10224501827127e-06 -6.6820715709292103e-07 -1.10224501827127e-06 -1.0476136751850903e-06 -1.10224501827127e-06 -1.8333467324770952e-07 -1.3026370844350698e-05 -0.00040650327062983219 0.00010693180793534541 0.00099185642029111783 0.0013194044188225341 0.00040892577384805121 -0.0005387870571146703 -0.0013203104538976164 0.001131445813361176 -0.00022021571657498685 -0.0022827402405579344 2.7701878261819744e-05 0.0012843280030714417 -4.4379975218432345e-05 0.0049982913438682778 0.0018023459893220851 -0.00056883294927704837 0.0060899723098302551 0.0049774000472617291 -0.00070695062484890658 0.00051207001239623182 -0.0009093045814259626 0.001159865133833693
leaf_weight=2231 130 3124 490 342 229 208 51 43 87 155 112 215 215 644 45 42 60 42 438 154 3442 83 101 113 125 52 41 158 107 95
leaf_count=2231 130 3124 490 342 229 208 51 43 87 155 112 215 215 644 45 42 60 42 438 154 3442 83 101 113 125 52 41 158 107 95
internal_value=-0.0210243 -0.0436226 -0.0386648 -0.021151 -0.0315217 -0.0190639 -0.0439359 -0.0242105 0.00178759 0.00211429 0.0057684 0.00341537 0.0139105 -0.000236806 0.00766129 0.00344488 0.00691145 0.00234114 9.51249e-05 0.0110769 -0.00082453 0.0216387 -0.00593714 0.00604651 0.0198198 0.0112981 0.007393 0.00308789 -0.00418251 0.00608974
internal_weight=13374 6718 3594 1363 873 437 436 94 6656 6526 2322 1990 513 1477 619 507 462 298 4204 324 3880 237 858 214 332 207 256 420 262 155
internal_count=13374 6718 3594 1363 873 437 436 94 6656 6526 2322 1990 513 1477 619 507 462 298 4204 324 3880 237 858 214 332 207 256 420 262 155
is_linear=0
shrinkage=0.05


Tree=109
num_leaves=31
num_cat=0
split_feature=3 5 5 7 5 5 10 0 8 10 0 10 8 2 1 7 10 8 10 3 2 1 9 1 3 9 7 9 10 7
split_gain=2735.54 77.4192 282.802 108.904 59.331 57.7556 19.279 18.3516 13.5258 21.2217 28.2797 34.6554 24.796 24.3209 21.448 16.4416 12.9621 12.9182 11.9566 27.9861 20.5705 18.2922 14.2727 15.3152 15.6654 15.5603 20.8274 17.3965 17.0054 22.9946
threshold=1.0000000180025095e-35 17.500000000000004 3.5000000000000004 0.38043945030393422 5.5000000000000009 16.500000000000004 650.16875000000016 958.30645161290329 0.77923869640500354 965.71250000000009 349.85483870967749 761.02499999999986 0.97872324816535838 962.62741935483882 46.241935483870975 -0.48313741114591585 746.93124999999998 -0.998663445439673 479.71249999999986 0.1939748707792413 954.35000000000014 99.98387096774195 0.97009571160424379 10.24193548387097 0.073590990344619842 -0.88622145408796527 0.18281312110578132 -0.8697618612574799 726.18750000000011 0.063390085881955341
decision_type=2 2 2 2 2 2 2 2 2 2 2 2 2 2 2 2 2 2 2 2 2 2 2 2 2 2 2 2 2 2
left_child=1 2 -1 -4 6 -6 -5 8 17 10 -10 14 13 -13 -12 -15 -8 -2 19 -19 -20 -21 23 -22 -25 26 28 -27 29 -26
right_child=7 -3 3 4 5 -7 16 -9 9 -11 11 12 -14 15 -16 -17 -18 18 20 21 22 -23 -24 24 25 27 -28 -29 -30 -31
leaf_value=-1.0471327673577065e-06 0.00062540807244010213 -1.0471327673577065e-06 -3.8330041532093043e-07 -1.0471327673577065e-06 -1.0541065901760971e-07 -1.0471327673577065e-06 -1.189217342114649e-07 0.00078407318032246989 -6.5857686363127693e-06 -0.00067160309360645993 0.0030011467367545759 -0.0020484947218716936 -0.0010776769360911779 0.0004957441160306109 0.0016392239923901321 -0.00089167928398121987 -1.2375052302133162e-05 -0.00027024044385264571 -0.0016988728946254251 0.0036628260133240971 0.00010288747386289766 -0.00056871972813456184 -0.00024597823450278058 3.5632890434870362e-05 0.0045964040155706013 -0.0040066402826739681 0.0015360739741983127 -0.00012964007634222452 -5.5300031318743228e-05 -0.00015766145822692967
leaf_weight=2197 110 3137 470 343 224 214 42 137 635 79 202 40 74 238 171 46 41 97 85 157 1068 54 227 236 60 47 92 2101 579 68
leaf_count=2197 110 3137 470 343 224 214 42 137 635 79 202 40 74 238 171 46 41 97 85 157 1068 54 227 236 60 47 92 2101 579 68
internal_value=-0.0209275 -0.0435148 -0.038406 -0.0202247 -0.0307514 -0.0177677 -0.0440281 0.00188522 0.00149992 0.00568641 0.00710732 0.0135363 0.00325815 0.00923077 0.0244652 0.014386 -0.0220238 0.000250903 -0.000133415 0.00938511 -0.000777826 0.0195755 -0.00031257 0.000341016 -0.00139761 -0.00239145 0.0035625 -0.00460679 0.000635593 0.0170543
internal_weight=13271 6668 3531 1334 864 438 426 6603 6466 1485 1406 771 398 324 373 284 83 4981 4871 308 4563 211 4478 4251 3183 2947 799 2148 707 128
internal_count=13271 6668 3531 1334 864 438 426 6603 6466 1485 1406 771 398 324 373 284 83 4981 4871 308 4563 211 4478 4251 3183 2947 799 2148 707 128
is_linear=0
shrinkage=0.05


Tree=110
num_leaves=31
num_cat=0
split_feature=3 5 5 7 5 5 5 4 7 2 7 7 6 4 5 5 8 11 8 6 6 3 2 7 11 6 11 11 0 3
split_gain=2646.31 75.506 269.56 100.896 53.7141 66.5768 17.6539 22.9745 15.8956 15.8086 20.7127 23.6112 14.5584 13.6605 22.754 14.3591 17.73 14.9207 14.1912 12.8571 11.8725 11.1162 10.9382 10.6486 10.3789 10.1512 9.43643 8.77329 10.9303 16.0284
threshold=1.0000000180025095e-35 17.500000000000004 3.5000000000000004 0.38043945030393422 5.5000000000000009 16.500000000000004 11.500000000000002 0.71959781027696479 -0.90531874877253482 960.75645161290333 0.79253265336324141 0.92519182738459482 -0.61237985104942771 0.765407051749592 12.500000000000002 15.500000000000002 -0.39036798905311365 37.506451612903234 0.019351116170480156 0.19337368024598436 0.40614137006726808 0.50937249995352274 969.07580645161295 -0.7444366621422277 16.856451612903232 0.67802080537253961 9.2241935483870989 8.1693548387096797 139.88709677419357 0.14124669312931079
decision_type=2 2 2 2 2 2 2 2 2 2 2 2 2 2 2 2 2 2 2 2 2 2 2 2 2 2 2 2 2 2
left_child=1 2 -1 -4 12 -6 7 8 21 10 25 -12 -5 15 -15 16 23 18 19 -18 -17 -2 -9 -8 -23 -10 -20 -16 -29 -30
right_child=6 -3 3 4 5 -7 13 22 9 -11 11 -13 -14 14 27 20 17 -19 26 -21 -22 24 -24 -25 -26 -27 -28 28 29 -31
leaf_value=-9.947761289898211e-07 1.710835231796045e-05 -9.947761289898211e-07 -3.6413539455488392e-07 -9.947761289898211e-07 2.2405971566052975e-07 -9.947761289898211e-07 0.0002467812449448603 0.00052128403110250914 -0.0015958181378485218 0.00022774998516354798 0.0045667753289548333 -0.00088635787094537013 -9.947761289898211e-07 0.0011925977976837698 -9.2942010430407954e-05 0.00014371492717320128 -4.7641105552811981e-05 0.0012302382636003931 0.00061319291601461272 0.0028356343046347823 -2.5974246390493649e-05 -0.00062398503942772689 0.0013058290207946716 -0.0010574781302474911 0.00011007066053458359 -0.00030890245393341842 -0.00077255685848400815 1.5660459149019091e-05 -8.9255549311281735e-05 9.5007136190868733e-06
leaf_weight=2247 140 3170 466 90 227 214 61 168 86 2222 84 67 338 143 71 131 120 86 40 41 133 151 142 489 52 193 512 215 104 1080
leaf_count=2247 140 3170 466 90 227 214 61 168 86 2222 84 67 338 143 71 131 120 86 40 41 133 151 142 489 52 193 512 215 104 1080
internal_value=-0.0217969 -0.0437435 -0.0387385 -0.0209207 -0.030977 -0.0186652 0.000895591 0.0034634 0.00211949 0.00343008 -0.00533643 0.00953947 -0.0435897 -0.00173536 0.00151797 -0.00498761 -0.00707407 -0.0023125 -0.00469188 0.00833333 0.00566038 -0.00799419 0.0163987 -0.0139746 -0.0154412 -0.0133929 -0.0084991 -0.000339905 0.000535714 -0.00135021
internal_weight=13283 6752 3582 1335 869 441 6531 3305 2995 2652 430 151 428 3226 1613 1613 1349 799 713 161 264 343 310 550 203 279 552 1470 1399 1184
internal_count=13283 6752 3582 1335 869 441 6531 3305 2995 2652 430 151 428 3226 1613 1613 1349 799 713 161 264 343 310 550 203 279 552 1470 1399 1184
is_linear=0
shrinkage=0.05


Tree=111
num_leaves=31
num_cat=0
split_feature=3 5 5 10 5 5 5 6 3 6 10 11 10 2 1 2 2 8 10 10 4 10 10 3 2 10 8 8 10 3
split_gain=2760.39 73.0797 251.088 83.3671 68.5572 49.1107 20.6302 14.9502 25.2516 24.4615 30.5816 32.3372 25.6639 17.8752 16.2158 13.0943 13.0157 12.4848 19.4315 19.8538 13.1931 14.0855 11.4847 15.081 16.9983 16.8864 14.9433 20.2198 34.31 26.0544
threshold=1.0000000180025095e-35 17.500000000000004 3.5000000000000004 654.91875000000016 5.5000000000000009 16.500000000000004 16.500000000000004 0.45273815774107123 0.44141421606638187 0.65233619298682533 848.43749999999989 13.472580645161292 939.03750000000002 973.06935483870973 11.725806451612906 969.17903225806458 966.23387096774206 0.20391355282604834 652.46875 774.375 0.58570907358652613 805.28124999999989 445.03124999999994 0.12307490891423363 965.28870967741943 473.19999999999999 0.99683609994235922 0.77923869640500354 965.71250000000009 0.49805132210671249
decision_type=2 2 2 2 2 2 2 2 2 2 2 2 2 2 2 2 2 2 2 2 2 2 2 2 2 2 2 2 2 2
left_child=1 2 -1 4 -4 -6 -5 22 -9 13 14 15 -13 -10 -11 16 -12 20 -19 -20 21 -16 -2 -24 -25 -26 27 -27 29 -29
right_child=7 -3 3 6 5 -7 -8 8 9 10 11 12 -14 -15 17 -17 -18 18 19 -21 -22 -23 23 24 25 26 -28 28 -30 -31
leaf_value=-9.4503732254033007e-07 0.0040070120535580459 -9.4503732254033007e-07 -9.4503732254033007e-07 -2.7970627689884243e-06 -5.509304200981202e-07 -9.4503732254033007e-07 -6.8678781685817936e-07 -1.3779358636161268e-05 0.00098213725298730288 0.0054298802763395881 0.00078334205469594582 -0.0014725310278430326 0.00026846050772275646 0.0028960335991505661 0.0019000617401771587 0.0010285656356263885 -0.0019210914026255507 0.0037430081839605282 -0.0014817879935589114 0.0025828305955435064 0.0027683661228064429 -0.0010730481971822081 3.2547893217909493e-05 -0.00023771069960982217 0.0028281251748900949 -2.6200703755002719e-05 -0.0021332801874541034 -4.2218861815038205e-05 -0.0011239388835452087 0.00075767342733851217
leaf_weight=2230 55 3112 362 581 200 179 61 977 271 85 107 215 108 58 51 88 60 142 156 52 109 47 473 1207 47 1908 46 118 48 250
leaf_count=2230 55 3112 362 581 200 179 61 977 271 85 107 215 108 58 51 88 60 142 156 52 109 47 473 1207 47 1908 46 118 48 250
internal_value=-0.0210944 -0.0437035 -0.0388351 -0.0220737 -0.0334906 -0.0185526 -0.0088647 0.0016769 0.00470914 0.00867742 0.00540541 -0.0029361 -0.0134259 0.0207576 0.0129082 0.0103516 0.00208333 0.00976703 0.0039886 -0.00574163 0.0194712 0.00606061 -0.000168553 -0.000475842 -0.00157241 0.000847808 0.000253058 0.000817204 0.0107914 0.0159892
internal_weight=13403 6725 3613 1383 741 379 642 6678 2526 1549 1220 578 323 329 642 255 167 557 350 208 207 98 4152 4097 3624 2417 2370 2324 416 368
internal_count=13403 6725 3613 1383 741 379 642 6678 2526 1549 1220 578 323 329 642 255 167 557 350 208 207 98 4152 4097 3624 2417 2370 2324 416 368
is_linear=0
shrinkage=0.05


Tree=112
num_leaves=31
num_cat=0
split_feature=3 0 4 7 0 7 1 3 4 6 11 2 2 3 7 11 8 6 8 3 8 3 1 0 2 1 4 8 1 1
split_gain=2674.17 13.8989 47.3971 12.8267 12.5786 10.2166 20.6428 7.8001 13.8305 10.7719 25.498 23.3537 22.1312 18.2694 19.7006 19.1964 19.697 17.2787 16.7027 16.3502 14.5951 15.9878 14.0941 14.0389 13.0902 11.8761 10.9889 11.153 18.0467 11.4993
threshold=1.0000000180025095e-35 1.0000000180025095e-35 1.2995021872570922 0.94353349168649059 963.50000000000011 -0.99168640063982161 2.209677419354839 0.068680806846629777 1.1306453971888388 -0.05695216311707673 37.506451612903234 960.63709677419365 968.95322580645177 0.35985864891904357 0.78192542922038288 24.314516129032263 -0.85227431625818906 0.99865421017599998 0.99463153969809781 0.29800293212779322 0.71953851835684701 0.28595588557473145 48.983870967741943 471.79032258064518 966.4951612903227 4.467741935483871 0.064648028174445885 0.3744682635859638 52.048387096774199 55.532258064516135
decision_type=2 2 2 2 2 2 2 2 2 2 2 2 2 2 2 2 2 2 2 2 2 2 2 2 2 2 2 2 2 2
left_child=1 -1 -3 -4 5 6 -2 -7 9 11 12 -9 17 -14 15 16 -15 26 20 -12 21 -13 -22 -20 -24 -18 -11 29 -29 -28
right_child=4 2 3 -5 -6 7 -8 8 -10 10 19 18 13 14 -16 -17 25 -19 23 -21 22 -23 24 -25 -26 -27 27 28 -30 -31
leaf_value=-8.9778545641331351e-07 -0.00026097798035364404 2.2677865169734521e-06 -8.9778545641331351e-07 -8.9778545641331351e-07 0.00093207985405240892 2.4953310212523529e-05 0.00024314577564479701 -0.0010918668098974071 -7.3538996702641942e-05 -0.0011943066168536424 -0.00021008787229959797 7.8276703394408739e-05 -3.8422003276091399e-05 0.001160424987423403 0.0053246690731219015 -0.00079270996995587381 0.00063188559222649994 0.0019314249766269277 0.00019221128651875365 0.0025856202591669573 7.0819233763461117e-05 -0.00020110258246370806 0.0002484771952810082 -0.0011039854094056223 0.0018258876388681457 1.6541486401283613e-05 -0.00030164293508914145 0.0030763056179758663 -4.8327934695063807e-05 -4.9814142446611387e-06
leaf_weight=6240 108 77 379 40 107 430 49 204 47 64 44 395 288 153 104 63 125 67 47 198 602 1363 72 73 72 330 505 106 357 606
leaf_count=6240 108 77 379 40 107 430 49 204 47 64 44 395 288 153 104 63 125 67 47 198 602 1363 72 73 72 330 505 106 357 606
internal_value=-0.0215418 -0.0436841 -0.0354125 -0.0420238 0.00113222 0.000849683 -0.0117089 0.00116371 0.000688073 0.00090769 0.00298904 -0.00130788 0.00162514 0.00728383 0.0112758 0.00811012 0.0108374 -0.00190504 -3.80952e-05 0.0185185 0.000838323 -0.00164866 0.00669344 -0.0181818 0.0206897 0.00559211 -0.00292862 -0.00209524 0.0044181 -0.00481115
internal_weight=13315 6736 496 419 6579 6472 157 6315 5885 5838 3010 2828 2768 1063 775 671 608 1705 2624 242 2504 1758 746 120 144 455 1638 1574 463 1111
internal_count=13315 6736 496 419 6579 6472 157 6315 5885 5838 3010 2828 2768 1063 775 671 608 1705 2624 242 2504 1758 746 120 144 455 1638 1574 463 1111
is_linear=0
shrinkage=0.05


Tree=113
num_leaves=31
num_cat=0
split_feature=3 5 5 7 5 5 6 6 6 7 1 0 11 7 3 7 7 11 11 11 11 6 11 6 3 8 1 3 0 4
split_gain=2695.16 79.2212 278.377 118.009 56.3682 58.5259 13.4186 11.9784 10.6944 10.2822 25.2493 11.8278 12.4799 25.5688 14.3434 14.0423 14.6965 11.3964 9.78468 9.39841 7.35397 6.93352 8.54625 18.4658 27.9165 12.9421 11.8701 7.57171 11.0082 15.4446
threshold=1.0000000180025095e-35 17.500000000000004 3.5000000000000004 0.38043945030393422 5.5000000000000009 16.500000000000004 -0.62588817255938378 0.95998215779580554 -0.99985146406598202 -0.99465740988130902 2.3709677419354844 895.04838709677426 6.3209677419354842 -0.039769286347669845 0.18685248786243444 -0.39036009226888674 -0.5129677127369543 18.166129032258066 25.537096774193554 5.5435483870967746 8.240322580645163 0.99939377080793557 36.001612903225812 0.10837544681456425 0.20745196874561572 -0.70291267844185523 5.2419354838709689 0.068680806846629777 3.3709677419354844 0.86705452891150514
decision_type=2 2 2 2 2 2 2 2 2 2 2 2 2 2 2 2 2 2 2 2 2 2 2 2 2 2 2 2 2 2
left_child=1 2 -1 7 6 -6 -5 20 -2 10 -10 12 13 15 -15 16 19 -13 -19 -11 -4 22 26 25 -25 -24 -14 28 -28 -30
right_child=8 -3 3 4 5 -7 -8 -9 9 11 -12 17 21 14 -16 -17 -18 18 -20 -21 -22 -23 23 24 -26 -27 27 -29 29 -31
leaf_value=-8.5289618359264782e-07 -0.00049109443365956407 -8.5289618359264782e-07 4.5704894373923383e-06 -8.5289618359264782e-07 -3.46438771173872e-07 -8.5289618359264782e-07 -8.5289618359264782e-07 -1.7919603321721086e-05 -0.0002936179533045619 -0.00012006419184214038 0.00022410723806412926 0.0008750091409667649 3.9762148358001018e-05 -5.9462522080545348e-05 0.0018116693312998757 -0.0006848789071450174 0.0012563344715690954 -0.00014665448121554405 0.00083920650676755923 0.00021140487770064943 -2.6669996116356507e-07 0.00090946946352765201 0.00073787286864628325 -0.00034178117776646739 0.0021554487284465118 -0.0006617148526855271 -0.00014764611638022444 -6.2502898027118683e-05 0.00012756916416572993 5.5977605839966154e-06
leaf_weight=2231 40 3203 182 91 224 216 348 84 86 206 52 169 909 64 209 72 40 130 75 72 210 68 56 52 200 120 99 3737 65 127
leaf_count=2231 40 3203 182 91 224 216 348 84 86 206 52 169 909 64 209 72 40 130 75 72 210 68 56 52 200 120 99 3737 65 127
internal_value=-0.021562 -0.0437187 -0.0385838 -0.0206858 -0.0315341 -0.0188209 -0.0442045 -0.000628931 0.00106783 0.0012256 -0.0122302 0.00151445 0.000984091 0.00745482 0.0191606 -0.000767263 0.00376176 0.0101333 0.00218447 -0.000358423 0.00305344 0.000193228 -9.31793e-06 0.00675991 0.015415 -0.00564972 -0.000597408 -0.00176222 0.00599315 0.0129534
internal_weight=13437 6789 3586 1355 879 440 439 476 6648 6608 138 6470 6096 663 273 390 318 374 205 278 392 5433 5365 428 252 176 4937 4028 291 192
internal_count=13437 6789 3586 1355 879 440 439 476 6648 6608 138 6470 6096 663 273 390 318 374 205 278 392 5433 5365 428 252 176 4937 4028 291 192
is_linear=0
shrinkage=0.05


Tree=114
num_leaves=31
num_cat=0
split_feature=3 5 5 10 5 5 5 11 0 9 1 4 8 1 10 8 2 3 9 0 9 3 4 2 10 3 8 3 10 11
split_gain=2670.58 75.2144 261.766 90.4318 69.3132 58.9337 25.0115 15.1949 20.1151 23.4461 12.0453 15.9886 15.4308 16.306 22.3248 26.6072 18.8919 18.0535 14.4051 16.1495 14.8694 12.0787 11.8668 11.6482 20.4297 19.872 13.7922 11.3213 16.8408 15.6402
threshold=1.0000000180025095e-35 17.500000000000004 3.5000000000000004 652.46875 5.5000000000000009 16.500000000000004 16.500000000000004 14.175806451612905 493.74193548387103 0.65720762023595369 99.177419354838719 0.55438188662967025 0.89115239534193136 49.645161290322584 479.71249999999986 -0.71504042705586657 967.01451612903236 0.59969646106860419 0.19969739736768838 353.58064516129036 0.59004310983071195 0.238047355747705 0.48283224060234292 960.90806451612912 484.94999999999999 0.20299278030376583 0.20391355282604834 0.63229805035282294 761.02499999999986 31.795161290322582
decision_type=2 2 2 2 2 2 2 2 2 2 2 2 2 2 2 2 2 2 2 2 2 2 2 2 2 2 2 2 2 2
left_child=1 2 -1 4 -4 -6 -5 8 23 -10 11 12 13 -9 -15 16 -16 -17 21 -20 -21 -13 -12 26 25 -25 -2 -23 -29 -30
right_child=7 -3 3 6 5 -7 -8 10 9 -11 22 18 -14 14 15 17 -18 -19 19 20 -22 27 -24 24 -26 -27 -28 28 29 -31
leaf_value=-8.1025137441301538e-07 -0.00088535118248248001 -8.1025137441301538e-07 -8.1025137441301538e-07 -2.0032135429302001e-06 1.2532439859628539e-07 -8.1025137441301538e-07 -5.9422415513642654e-07 0.00059868353034991939 0.00076017114035449313 -0.00027719592434090058 -0.0011933185803426221 2.1288666824880649e-05 0.0028988055900647097 0.0031660062086104669 0.00083641616684669161 -0.0012629431139237622 -0.00067900978007513638 0.00040364371103264744 -3.6583839714377647e-05 0.00062099214393151472 3.3675641091635014e-06 -0.00059089597452259839 0.0001432200386028674 -9.3841147600088413e-05 1.4518691485780611e-05 0.0027074971154829545 0.00014976916893674318 0.00078106455766223945 -0.00060063605880660844 0.00023739056670714077
leaf_weight=2211 101 3141 358 576 204 175 57 127 757 119 251 167 123 73 135 242 54 63 202 309 501 559 107 45 1948 85 72 122 363 91
leaf_count=2211 101 3141 358 576 204 175 57 127 757 119 251 167 123 73 135 242 54 63 202 309 501 559 107 45 1948 85 72 122 363 91
internal_value=-0.0213584 -0.043552 -0.0385678 -0.0213713 -0.0332656 -0.0182895 -0.00749211 0.00119389 0.00372442 0.0101482 -0.0010745 -7.98212e-05 0.0059291 0.00302158 -0.000616197 -0.00444444 0.0102632 -0.0135621 -0.00220302 0.00227048 0.0054254 -0.0056792 -0.0097493 0.00122114 0.0022607 0.021374 -0.0112069 -0.00752641 -0.00259965 -0.00703297
internal_weight=13338 6722 3581 1370 737 379 633 6616 3127 876 3489 3131 817 694 567 494 189 305 2314 1012 810 1302 358 2251 2078 130 173 1135 576 454
internal_count=13338 6722 3581 1370 737 379 633 6616 3127 876 3489 3131 817 694 567 494 189 305 2314 1012 810 1302 358 2251 2078 130 173 1135 576 454
is_linear=0
shrinkage=0.05


Tree=115
num_leaves=31
num_cat=0
split_feature=3 5 5 7 5 5 10 8 10 10 9 5 6 8 3 10 7 11 1 6 3 6 5 10 7 10 1 6 6 11
split_gain=2621.63 83.3699 293.331 106.106 52.6933 50.7334 27.5469 16.4353 14.6555 13.7698 15.3626 11.3067 11.0819 24.6425 19.0256 26.0071 37.7287 22.96 29.4924 27.2522 22.3559 21.1591 18.9605 16.2632 16.1377 16.6533 22.785 19.0692 17.5447 21.7126
threshold=1.0000000180025095e-35 17.500000000000004 3.5000000000000004 0.44312301391210612 5.5000000000000009 16.500000000000004 654.91875000000016 -0.998663445439673 456.21249999999998 757.67500000000007 1.0000000180025095e-35 10.500000000000002 0.3261394409934788 -0.98803388382128665 0.14521129302565808 734.1812500000002 0.33222858587828868 38.598387096774196 15.435483870967744 0.99865421017599998 0.068680806846629777 0.9893236546938301 15.500000000000002 903.83124999999995 0.14888728888808328 919.78125000000011 6.7258064516129048 0.81428061195174062 0.39036257410962044 7.2854838709677425
decision_type=2 2 2 2 2 2 2 2 2 2 2 2 2 2 2 2 2 2 2 2 2 2 2 2 2 2 2 2 2 2
left_child=1 2 -1 9 6 -6 -5 11 -9 -4 -11 -2 22 -14 20 17 21 18 -16 -20 -15 24 -10 -22 25 28 -27 -28 -17 -30
right_child=7 -3 3 4 5 -7 -8 8 12 10 -12 -13 13 14 15 16 -18 -19 19 -21 23 -23 -24 -25 -26 26 27 -29 29 -31
leaf_value=-7.6973880569236459e-07 0.0026449187949390109 -7.6973880569236459e-07 1.0908354516632212e-06 -7.6973880569236459e-07 -3.7441082523029249e-07 -7.6973880569236459e-07 -2.7508174207457164e-06 0.0036556843772415971 -0.0001105536908667687 -5.4037594312417006e-06 2.0855834721356017e-05 3.8901935494900728e-05 -0.00057208943124648776 1.9459315732552249e-05 0.0074048972069661158 0.00054864530531179565 -0.0020213989688395331 0.0040828488449544901 0.00028833639876995611 0.0047659638130620081 -0.0003116760928711822 -0.00030481881611369447 3.0411761552514444e-05 8.3355294911812663e-06 0.0019413810776165753 0.0013190162097495074 0.00058526120773860768 -0.00096112104605717739 -0.00080201781613909459 2.772121859226087e-05
leaf_weight=2201 43 3156 119 343 219 205 67 79 3137 290 107 65 135 131 86 45 101 97 603 53 138 187 544 64 87 120 195 92 71 550
leaf_count=2201 43 3156 119 343 219 205 67 79 3137 290 107 65 135 131 86 45 101 97 603 53 138 187 544 64 87 120 195 92 71 550
internal_value=-0.0213862 -0.0434183 -0.0381334 -0.0197631 -0.0307784 -0.0183529 -0.0435523 0.000928442 0.0006062 -0.00193424 -0.00640704 0.0201835 0.000341774 0.00273948 0.00381534 0.00544143 0.00138026 0.0124405 0.00942127 0.00578387 -0.00733533 0.00359792 -0.00145301 -0.017734 0.00611542 0.00442272 0.0123775 0.0046875 -0.000449775 -0.00265273
internal_weight=13330 6707 3551 1350 834 424 410 6623 6515 516 397 108 6436 2755 2620 2287 1448 839 742 656 333 1347 3681 202 1160 1073 407 287 666 621
internal_count=13330 6707 3551 1350 834 424 410 6623 6515 516 397 108 6436 2755 2620 2287 1448 839 742 656 333 1347 3681 202 1160 1073 407 287 666 621
is_linear=0
shrinkage=0.05


Tree=116
num_leaves=31
num_cat=0
split_feature=0 4 5 5 7 5 5 0 7 6 8 6 5 6 9 7 6 0 7 2 7 0 0 11 7 7 0 11 8 0
split_gain=2444.19 192.402 82.0301 314.331 91.406 95.2407 57.895 34.5415 25.0494 19.6081 15.9868 14.8717 10.8895 26.4114 21.9363 16.0919 11.9369 10.2597 8.86526 19.4349 16.4202 23.0258 16.3809 14.9924 29.2077 28.9619 13.8472 13.2687 19.0124 14.4383
threshold=1.0000000180025095e-35 1.2995021872570922 6.5000000000000009 3.5000000000000004 0.38043945030393422 5.5000000000000009 17.500000000000004 48.306451612903231 0.48877522411129348 -0.61237985104942771 -0.99940763397299126 0.3261394409934788 4.5000000000000009 -0.97509794945709805 -0.14250536273956091 -0.14250536273956091 0.24372619187392155 958.30645161290329 -0.52765736634565841 972.42419354838728 -0.56369940867848845 315.04838709677426 700.24193548387109 7.0177419354838717 1.0000000180025095e-35 -0.39036009226888674 330.72580645161298 37.506451612903234 0.10196183112029107 157.38709677419357
decision_type=2 2 2 2 2 2 2 2 2 2 2 2 2 2 2 2 2 2 2 2 2 2 2 2 2 2 2 2 2 2
left_child=2 10 3 -1 12 9 8 -8 -3 -6 -2 -10 13 -5 -15 -14 -16 18 19 20 -12 -22 23 24 25 -20 -26 -25 -29 -30
right_child=1 6 -4 4 5 -7 7 -9 11 -11 17 -13 15 14 16 -17 -18 -19 22 -21 21 -23 -24 27 26 -27 -28 28 29 -31
leaf_value=-7.3125186540774628e-07 0.0013956555166820791 4.6534216213519563e-08 -7.3125186540774628e-07 3.8364148236589953e-06 -7.3125186540774628e-07 -3.4386922157803211e-06 -7.3125186540774628e-07 -2.3550386392936261e-06 -7.3125186540774628e-07 -7.3125186540774628e-07 -1.7782806097632611e-05 -1.1326150508324984e-06 0.00033790418886772884 -1.0806677282745234e-05 -1.1780218087041009e-05 -3.6170381586039112e-07 0.00022000119281963956 0.0006683896126255612 0.00097090100252168992 0.00074368286744385672 7.0067049652276924e-05 -0.0027782228779057701 0.00059468988211771603 -1.4010098651950857e-05 0.00050504390031564511 -0.00092914005415725047 0.0025696820654184192 -0.0003298912870900617 3.3486320862105126e-05 0.0033490923644704605
leaf_weight=2219 78 90 2884 43 99 205 270 66 100 343 1883 84 44 162 90 99 54 130 48 83 49 65 387 2959 208 99 142 124 66 136
leaf_count=2219 78 90 2884 43 99 205 270 66 100 343 1883 84 44 162 90 99 54 130 48 83 49 65 387 2959 208 99 142 124 66 136
internal_value=-0.0209805 -0.000841822 -0.043777 -0.0384341 -0.0170614 -0.0293981 -0.0276596 -0.041543 -0.0105455 -0.0424379 0.00169557 -0.0210811 -0.000811359 -0.00557143 -0.0107492 0.0107639 0.00344828 0.0014185 0.001128 -0.00153772 -0.00252753 -0.0208696 0.00245803 0.00145387 0.00953815 -0.00912162 0.0173789 0.000228241 0.00978593 0.0192118
internal_weight=13309 7067 6242 3358 1139 647 610 336 274 442 6457 184 492 349 306 143 144 6379 6249 2080 1997 114 4169 3782 497 147 350 3285 326 202
internal_count=13309 7067 6242 3358 1139 647 610 336 274 442 6457 184 492 349 306 143 144 6379 6249 2080 1997 114 4169 3782 497 147 350 3285 326 202
is_linear=0
shrinkage=0.05


Tree=117
num_leaves=31
num_cat=0
split_feature=3 5 5 7 5 5 6 5 4 8 6 7 2 0 8 6 5 8 8 4 7 7 5 8 11 11 2 7 3 7
split_gain=2533.46 82.9082 300.274 112.744 51.1625 56.9419 17.2917 15.9291 24.3596 14.0954 13.5948 14.3654 20.8489 14.7973 13.2898 12.7936 12.3786 11.8244 18.65 10.9276 9.10954 9.81039 9.07389 9.07292 10.1257 9.0281 10.6085 10.849 12.9427 9.33657
threshold=1.0000000180025095e-35 17.500000000000004 3.5000000000000004 0.38043945030393422 5.5000000000000009 16.500000000000004 -0.61237985104942771 11.500000000000002 0.70487012857208431 -0.998663445439673 0.99907018497641664 0.68274389090025245 960.75645161290333 103.96774193548389 0.17011757999667351 0.73865729060996166 4.5000000000000009 -0.98523971305672675 -0.95244167294248061 0.46091435363097161 0.86004965528756494 0.97263757644091875 4.5000000000000009 0.69056404122701587 13.553225806451616 18.782258064516132 974.62903225806463 -0.99168640063982161 0.027745800144117986 -0.52765736634565841
decision_type=2 2 2 2 2 2 2 2 2 2 2 2 2 2 2 2 2 2 2 2 2 2 2 2 2 2 2 2 2 2
left_child=1 2 -1 14 6 -6 -5 8 9 -2 11 12 -11 20 15 22 -16 -14 19 -19 -13 -22 -4 24 -10 26 27 -20 -29 -27
right_child=7 -3 3 4 5 -7 -8 -9 23 10 -12 13 17 -15 16 -17 -18 18 25 -21 21 -23 -24 -25 -26 29 -28 28 -30 -31
leaf_value=-6.9468927213735903e-07 0.001537434499146842 -6.9468927213735903e-07 4.3360382076415799e-06 -6.9468927213735903e-07 -8.6239079727162892e-07 -6.9468927213735903e-07 -6.9468927213735903e-07 -1.9360584745277194e-05 0.00096075290965866311 -0.0010342217402743417 0.0020630673274775026 0.00091242937439507546 -0.001042213246309337 0.0019288594454660553 -9.5184616264829459e-06 -1.0004664827764068e-05 5.0219849264834938e-05 0.0011937153075575477 -0.00025800496337343717 0.00056312756177397398 -0.00074916947492417317 9.9415514052611509e-05 4.4207505402843588e-08 0.0010379459920447976 6.2131635155943118e-05 -0.00016362905325950086 -0.00033195060634932938 0.00040309882501289276 -5.3027002348227108e-05 0.001112687620236645
leaf_weight=2197 44 3141 94 86 238 223 347 3263 180 184 40 90 66 380 146 93 64 47 56 57 129 108 72 94 177 97 65 43 1281 204
leaf_count=2197 44 3141 94 86 238 223 347 3263 180 184 40 90 66 380 146 93 64 47 56 57 129 108 72 94 177 97 65 43 1281 204
internal_value=-0.0215901 -0.0432483 -0.0379949 -0.0195381 -0.0299441 -0.01829 -0.0422811 0.000386013 0.00281185 0.00112379 0.000684691 0.000267094 -0.00180866 0.00642655 0.000319149 0.00788462 -0.00900474 -0.000260824 0.000486224 0.0209524 -0.00137195 -0.00651261 0.0161677 0.0136062 0.0099162 -0.000744133 -0.00238589 -0.00144823 -0.000528302 0.00711921
internal_weight=13306 6701 3560 1363 894 461 433 6605 3342 2891 2847 2807 2100 707 469 259 210 1916 1850 104 327 237 166 451 357 1746 1445 1380 1324 301
internal_count=13306 6701 3560 1363 894 461 433 6605 3342 2891 2847 2807 2100 707 469 259 210 1916 1850 104 327 237 166 451 357 1746 1445 1380 1324 301
is_linear=0
shrinkage=0.05


Tree=118
num_leaves=31
num_cat=0
split_feature=3 5 5 7 5 5 8 8 10 0 7 9 7 8 9 10 8 3 2 10 3 3 11 11 3 7 9 10 2 8
split_gain=2595.09 88.2863 317.487 121.072 57.8312 55.4632 12.7973 11.2024 10.4342 30.3142 47.2951 30.9997 26.3885 22.97 19.1721 16.846 29.2858 22.9272 24.9134 27.3124 19.3016 17.4704 12.6091 13.3304 19.048 11.9947 19.9704 17.1369 13.8488 11.7148
threshold=1.0000000180025095e-35 17.500000000000004 3.5000000000000004 0.53312596302726967 5.5000000000000009 16.500000000000004 0.20391355282604834 -0.97113884758256674 841.88750000000016 493.74193548387103 -0.93237865822738086 0.1318557721318592 -0.65883892954715351 0.92273069556937592 -0.8611288361322974 936.69375000000002 0.69056404122701587 0.12307490891423363 965.10483870967755 961.90000000000009 0.77671530372983277 0.36613435464466981 6.4887096774193553 36.001612903225812 0.44477527020300117 -0.97315270831292444 0.79773375822167203 1002.9187500000002 969.51774193548397 0.04621502027255215
decision_type=2 2 2 2 2 2 2 2 2 2 2 2 2 2 2 2 2 2 2 2 2 2 2 2 2 2 2 2 2 2
left_child=1 2 -1 6 7 -6 -4 -5 9 22 -11 12 -12 14 29 -10 25 -18 21 20 -20 -19 -2 -24 -25 28 27 -27 -17 -14
right_child=8 -3 3 4 5 -7 -8 -9 15 10 11 -13 13 -15 -16 16 17 18 19 -21 -22 -23 23 24 -26 26 -28 -29 -30 -31
leaf_value=-6.5995480853049102e-07 0.00052686973445195684 -6.5995480853049102e-07 9.8928506739468769e-08 -6.5995480853049102e-07 -1.4063613331602444e-07 -6.5995480853049102e-07 -3.4191096077103941e-06 -6.5995480853049102e-07 -6.7179050780796778e-05 -0.00091880513593164959 -0.0010376424834460495 0.00097275085563141022 0.0020506587030880707 0.0027458394302788541 -9.7701913517399264e-05 8.1520454604397738e-05 6.713248545112386e-05 5.3223894580356483e-05 -2.0903240465582409e-05 -0.00058735712721389452 0.0013881910907737661 -0.0015714663574605437 -4.5195519080114778e-05 1.091409990160066e-05 0.0051985755687723959 0.00032346860652353597 0.00053355850627121446 -0.00020112443937735439 -0.00063796892310610538 0.00016657442590758411
leaf_weight=2232 329 3170 343 43 209 188 246 315 1639 59 41 172 123 108 282 139 50 41 134 84 71 131 2224 201 91 435 83 72 41 141
leaf_count=2232 329 3170 343 43 209 188 246 315 1639 59 41 172 123 108 282 139 50 41 134 84 71 131 2224 201 91 435 83 72 41 141
internal_value=-0.0211899 -0.043071 -0.0376573 -0.0184387 -0.0316799 -0.0184673 -0.00144068 -0.0462396 0.000874178 0.00261135 0.0104639 0.0134217 0.00869253 0.011145 0.00694698 -0.00136939 0.00292512 -0.00634766 -0.00984848 -0.000862069 0.00898058 -0.0248555 5.27056e-05 -0.00115217 0.00887372 0.00907912 0.0125212 0.00875984 -0.00220994 0.0166038
internal_weight=13437 6746 3576 1344 755 397 589 358 6691 3771 926 867 695 654 546 2920 1281 511 461 289 205 172 2845 2516 292 770 590 507 180 264
internal_count=13437 6746 3576 1344 755 397 589 358 6691 3771 926 867 695 654 546 2920 1281 511 461 289 205 172 2845 2516 292 770 590 507 180 264
is_linear=0
shrinkage=0.05


Tree=119
num_leaves=31
num_cat=0
split_feature=3 0 4 7 6 6 3 10 10 1 11 0 10 2 6 6 6 11 10 7 2 1 6 2 6 0 7 3 10 2
split_gain=2604.99 24.4471 40.9009 19.6629 35.7056 11.7426 20.9035 26.3429 38.5039 36.7171 18.8443 28.1307 22.504 17.7275 31.3056 17.0664 16.7977 18.5632 16.6377 24.5204 17.5198 16.398 13.484 12.1836 12.9759 15.2634 12.1656 11.9877 28.1039 20.1265
threshold=1.0000000180025095e-35 1.0000000180025095e-35 1.2995021872570922 0.21652257995689161 -0.082689790342551819 0.14250626876356556 0.30829553408257598 759.03125000000011 913.31875000000002 26.241935483870972 14.175806451612905 466.32258064516139 910.63125000000002 968.44677419354855 0.83376496542330847 0.52766072109828632 0.99700008544936913 39.601612903225806 897.08749999999998 -0.28519997588938989 968.85000000000014 52.048387096774199 0.73865729060996166 971.81451612903231 0.9916835347852474 96.306451612903246 0.11478523713130605 0.28595588557473145 961.90000000000009 961.56290322580662
decision_type=2 2 2 2 2 2 2 2 2 2 2 2 2 2 2 2 2 2 2 2 2 2 2 2 2 2 2 2 2 2
left_child=1 -1 -3 -4 -5 27 22 9 10 -8 11 -9 -13 14 21 -15 17 -11 19 -12 26 -10 -7 24 25 -24 -21 -2 29 -29
right_child=5 2 3 4 -6 6 7 8 13 16 18 12 -14 15 -16 -17 -18 -19 -20 20 -22 -23 23 -25 -26 -27 -28 28 -30 -31
leaf_value=-6.2695706810396641e-07 2.5555011503224383e-05 4.0626665030529771e-06 -6.2695706810396641e-07 3.7050704795727967e-08 -6.2695706810396641e-07 -0.0001413379141054834 0.0061005824630872233 -0.00056576963600257215 -0.00016297904265623054 0.00032682511820436859 0.00058013236126657213 0.0010596209687695202 -0.0012344146162647507 7.6105834046401311e-05 -0.0018510893513005459 0.0012087006753451258 0.0044274725369216339 0.0049204028113111285 -0.00097398692125122215 -0.00090393717504430463 -0.0021400371978423094 0.0014288886442679158 -5.7017852023092192e-06 -0.00037999461126452737 -0.00018456579934925945 0.00017007227990735297 0.001737106641662456 -0.0012555002895602908 -0.00107371692344711 -5.3278351308222456e-06
leaf_weight=6239 928 73 260 61 113 383 125 175 121 528 63 165 41 178 64 190 61 82 194 84 41 114 187 49 53 153 53 257 117 2195
leaf_count=6239 928 73 260 61 113 383 125 175 121 528 63 165 41 178 64 190 61 82 194 84 41 114 187 49 53 153 53 257 117 2195
internal_value=-0.0214452 -0.0432933 -0.0325787 -0.0383908 -0.0251429 0.000886095 0.00312399 0.00559211 0.00165094 0.0129235 -0.00563035 0.00248691 0.0149758 0.0105539 0.0015 0.0178862 0.00825893 0.00572831 -0.0127294 -0.00392562 -0.0134078 0.00995763 -0.00369249 0.00225734 0.00520305 0.00879765 -0.00471014 -0.00110063 -0.00285992 -0.00171219
internal_weight=13347 6746 507 434 174 6601 3104 2279 1483 796 816 381 206 667 299 368 671 610 435 241 178 235 825 442 393 340 137 3497 2569 2452
internal_count=13347 6746 507 434 174 6601 3104 2279 1483 796 816 381 206 667 299 368 671 610 435 241 178 235 825 442 393 340 137 3497 2569 2452
is_linear=0
shrinkage=0.05


Tree=120
num_leaves=31
num_cat=0
split_feature=3 5 5 7 5 5 8 8 5 5 8 7 3 8 1 9 2 3 6 5 8 6 8 8 3 0 6 2 8 4
split_gain=2544.1 88.9726 313.455 115.495 48.1368 41.7175 21.8457 15.939 8.93227 27.6861 15.2332 21.0228 14.2469 13.3964 14.6163 12.407 10.3261 13.1339 10.023 8.96339 14.9325 19.7527 14.1888 25.1939 14.2161 13.9124 13.2039 14.6004 17.0139 13.1409
threshold=1.0000000180025095e-35 17.500000000000004 3.5000000000000004 0.56191161272202661 5.5000000000000009 16.500000000000004 -0.97113884758256674 0.20391355282604834 11.500000000000002 8.5000000000000018 0.18281681932135149 -0.95998493203694346 0.027745800144117986 0.080548957663405765 9.9193548387096779 -0.99628250747696534 966.73064516129045 0.89345736255702846 0.3744682635859638 15.500000000000002 0.89693165594635726 -0.54939360607974019 0.92273069556937592 0.99351232050787985 0.63973179497390864 576.43548387096791 0.9916835347852474 962.10161290322583 -0.79384350655589164 0.7953963499883544
decision_type=2 2 2 2 2 2 2 2 2 2 2 2 2 2 2 2 2 2 2 2 2 2 2 2 2 2 2 2 2 2
left_child=1 2 -1 7 6 -6 -5 -4 9 12 11 -11 -2 14 -13 -14 17 18 -12 22 26 -22 24 -24 -10 -25 27 -21 -29 -26
right_child=8 -3 3 4 5 -7 -8 -9 19 10 16 13 15 -15 -16 -17 -18 -19 -20 20 21 -23 23 25 29 -27 -28 28 -30 -31
leaf_value=-5.9560921469876812e-07 0.00040449194845348859 -5.9560921469876812e-07 2.0968600228027462e-07 -5.9560921469876812e-07 -2.1477562366824139e-06 -5.9560921469876812e-07 -5.9560921469876812e-07 -3.2041063731207612e-06 -0.00043850494641307637 -0.00024782868608063671 -0.00017182728573294506 0.0011390576007627995 0.0010775381526971217 -0.0012365961665402826 0.00025255846524612212 -0.00012856886799511024 0.00119794644561409 0.00098328457372877376 0.0027330040689054038 7.5176818515225148e-05 2.3770423955038283e-06 -0.00027922992789837579 0.0011675453482624166 0.00079191568459419104 -0.00022287974186169514 -0.0016941965358434896 -0.00021623288506765587 -2.2585158830732042e-05 3.7380557965924648e-05 0.00053867850331077436
leaf_weight=2196 70 3194 340 45 210 171 313 255 1075 49 204 178 47 44 639 1561 365 42 147 137 108 53 207 44 662 43 43 203 486 221
leaf_count=2196 70 3194 340 45 210 171 313 255 1075 49 204 178 47 44 639 1561 365 42 147 137 108 53 207 44 662 43 43 203 486 221
internal_value=-0.0214708 -0.0431375 -0.0376381 -0.0185019 -0.0316892 -0.0192408 -0.0448468 -0.00209732 0.000512898 0.00233045 0.00689035 0.0025247 -0.00220369 0.00435035 0.00580685 -0.00316967 0.0121212 0.00647208 0.00326705 -0.00134024 0.00252182 -0.0114198 -0.00310697 0.00711864 -0.00464523 -0.0153409 0.00511494 0.00652963 0.00355072 5.65611e-05
internal_weight=13352 6724 3530 1334 739 381 358 595 6628 3346 1668 910 1678 861 817 1608 758 393 351 3282 1030 161 2252 294 1958 87 869 826 689 883
internal_count=13352 6724 3530 1334 739 381 358 595 6628 3346 1668 910 1678 861 817 1608 758 393 351 3282 1030 161 2252 294 1958 87 869 826 689 883
is_linear=0
shrinkage=0.05


Tree=121
num_leaves=31
num_cat=0
split_feature=3 5 5 7 5 5 8 0 7 7 9 1 7 7 0 11 3 4 7 5 11 7 1 7 1 3 7 3 7 6
split_gain=2628.07 82.6846 290.784 118.932 57.7449 60.9056 10.4694 10.1309 9.95113 10.3805 15.9692 10.2877 9.5167 8.23551 21.7634 15.239 18.8378 11.1509 9.25176 21.3212 12.484 11.847 20.1667 17.6481 12.1902 12.5132 12.5611 15.0599 14.6604 13.2036
threshold=1.0000000180025095e-35 17.500000000000004 3.5000000000000004 0.51849435583340198 5.5000000000000009 16.500000000000004 0.17011757999667351 878.08064516129036 -0.8901731938066898 -0.75581183015052977 1.0000000180025095e-35 11.338709677419358 -0.69676771491221523 0.51849435583340198 493.74193548387103 6.8209677419354842 0.23285924126647481 0.76875702179893024 0.28313308994381592 15.500000000000002 32.45645161290323 0.18281312110578132 44.903225806451623 0.2332836900311728 38.112903225806456 0.49805132210671249 -0.7444366621422277 0.84191529789228448 -0.84774213365954088 -0.98523971305672675
decision_type=2 2 2 2 2 2 2 2 2 2 2 2 2 2 2 2 2 2 2 2 2 2 2 2 2 2 2 2 2 2
left_child=1 2 -1 6 -5 -6 12 13 -9 -10 11 -11 -4 18 15 16 -15 -16 21 20 -20 24 -23 -24 -2 -26 28 29 -27 -28
right_child=7 -3 3 4 5 -7 -8 8 9 10 -12 -13 -14 14 17 -17 -18 -19 19 -21 -22 22 23 -25 25 26 27 -29 -30 -31
leaf_value=-5.6582875396382964e-07 -3.9648126900508402e-05 -5.6582875396382964e-07 0.00026678952146377903 -5.6582875396382964e-07 -3.3865622786417919e-07 -5.6582875396382964e-07 -3.7872530182893979e-06 -1.8257404964586165e-05 0.0011578530605223653 0.0011992685583426589 -0.00092385309447133579 -3.3267481225360272e-05 -1.165969381183227e-07 -0.00017355568629313879 0.0029034609087360526 -1.3693640390506634e-06 0.0022700156428849985 0.0066299372842526299 -0.00099401408755758216 0.00013554062934431778 0.0034619977212985045 0.0011059924096558178 0.0010934498123718842 -0.0013071801956094477 -2.6135280060791543e-05 0.0003902896678813328 -0.00089154233178811168 -0.0014431599537661586 0.0017304423708464302 0.00057167967083719413
leaf_weight=2200 1988 3193 47 381 211 189 256 204 138 55 40 48 273 76 82 1509 127 61 417 57 43 92 62 66 656 103 110 114 72 513
leaf_count=2200 1988 3193 47 381 211 189 256 204 138 55 40 48 273 76 82 1509 127 61 417 57 43 92 62 66 656 103 110 114 72 513
internal_value=-0.02138 -0.0433417 -0.0380691 -0.0198454 -0.0325448 -0.019202 -0.00259965 0.000972264 0.00792181 0.0140071 0.00451389 0.0149038 0.00342679 0.000422833 0.00320582 0.00163456 0.0144608 0.021875 -0.000780158 -0.00704633 -0.0106291 7.94281e-05 0.0113122 -0.00155039 -0.000618499 0.00267686 0.00646221 0.00359079 0.0184659 0.00665064
internal_weight=13383 6750 3557 1357 781 400 576 6633 485 281 143 103 320 6148 1855 1712 203 143 4293 517 460 3776 220 128 3556 1568 912 737 175 623
internal_count=13383 6750 3557 1357 781 400 576 6633 485 281 143 103 320 6148 1855 1712 203 143 4293 517 460 3776 220 128 3556 1568 912 737 175 623
is_linear=0
shrinkage=0.05


Tree=122
num_leaves=31
num_cat=0
split_feature=3 5 5 7 5 5 8 8 6 3 6 7 5 2 5 5 2 6 8 11 11 8 7 8 2 11 8 9 7 4
split_gain=2588.06 85.8998 306.25 115.625 54.9315 59.5338 17.9172 17.6599 12.0793 20.2915 22.6595 25.1048 19.9395 18.5934 15.0254 13.554 12.5495 14.1465 13.8251 13.2984 12.0482 12.0406 19.4562 13.1883 12.443 10.3753 13.8063 11.0215 16.5157 10.8857
threshold=1.0000000180025095e-35 17.500000000000004 3.5000000000000004 0.53312596302726967 5.5000000000000009 16.500000000000004 -0.97113884758256674 0.17011757999667351 0.45273815774107123 0.48220703032535722 0.65233619298682533 0.51849435583340198 15.500000000000002 973.78870967741943 11.500000000000002 8.5000000000000018 954.76935483870977 0.90892735371523092 -0.998663445439673 9.5758064516129036 7.0177419354838717 0.17011757999667351 0.011826144619637555 0.49812943072827093 967.91451612903245 9.0919354838709676 0.10196183112029107 0.88917497572200743 -0.8901731938066898 1.0005610754768026
decision_type=2 2 2 2 2 2 2 2 2 2 2 2 2 2 2 2 2 2 2 2 2 2 2 2 2 2 2 2 2 2
left_child=1 2 -1 7 6 -6 -5 -4 12 -10 13 16 14 -11 15 -2 -12 18 -18 -20 -9 22 -17 24 -23 -14 29 28 -28 -27
right_child=8 -3 3 4 5 -7 -8 20 9 10 11 -13 25 -15 -16 21 17 -19 19 -21 -22 23 -24 -25 -26 26 27 -29 -30 -31
leaf_value=-5.3753731626563809e-07 -9.1983912589097e-05 -5.3753731626563809e-07 2.5826051127950069e-07 -5.3753731626563809e-07 -3.4373972468094532e-08 -5.3753731626563809e-07 -5.3753731626563809e-07 1.1718492459896184e-06 -1.7893721155615286e-05 0.00091762103771160237 -0.0021942536615622596 0.0050997942096926881 -4.1686172276393597e-05 0.0023971561042387679 -0.00028567888358415895 -0.00031408237538315677 0.0011295269690617421 0.00056393310435760011 0.00077056051522033102 -0.00084283947896157674 -7.2890785512087174e-06 0.00068206393904950981 0.00034826844127995029 0.00019308533697026122 0.003231075058077737 8.0963926222221049e-05 0.00019616757989087471 -0.00020743770679270456 -7.1611123263239098e-07 -4.4697907551882467e-06
leaf_weight=2231 1040 3149 338 49 202 187 330 85 1127 247 44 128 40 55 1408 137 46 531 63 309 177 73 452 347 54 179 71 42 241 45
leaf_count=2231 1040 3149 338 49 202 187 330 85 1127 247 44 128 40 55 1408 137 46 531 63 309 177 73 452 347 54 179 71 42 241 45
internal_value=-0.0213993 -0.043236 -0.0379306 -0.0192841 -0.0321196 -0.0188462 -0.0456579 -0.00282862 0.000666168 0.00337123 0.00733848 0.00405526 -0.00100484 0.0194719 -0.00246298 0.000213878 0.00135815 0.00257895 -0.00429594 -0.0075067 -0.0125475 0.00418233 -0.00059322 0.0101053 0.0238281 0.00726979 0.008981 0.0028169 0.00607029 0.0186667
internal_weight=13427 6748 3599 1368 768 389 379 600 6679 2550 1423 1121 4129 302 3511 2103 993 949 418 372 262 1063 589 474 127 618 578 354 312 224
internal_count=13427 6748 3599 1368 768 389 379 600 6679 2550 1423 1121 4129 302 3511 2103 993 949 418 372 262 1063 589 474 127 618 578 354 312 224
is_linear=0
shrinkage=0.05


Tree=123
num_leaves=31
num_cat=0
split_feature=3 5 5 7 5 5 5 4 7 8 8 5 5 3 8 3 2 8 4 7 3 2 8 8 1 0 1 7 6 2
split_gain=2556.62 92.0705 332.932 146.013 58.6951 52.8413 12.9003 26.7077 19.2414 15.3791 12.5435 12.0501 16.1556 12.4814 11.6814 10.4256 19.71 16.2442 14.2921 14.2108 13.0143 14.6915 14.158 10.0308 11.2138 10.0146 9.72324 10.7402 9.2021 8.86466
threshold=1.0000000180025095e-35 17.500000000000004 3.5000000000000004 0.53312596302726967 5.5000000000000009 16.500000000000004 12.500000000000002 0.76747003530932145 -0.99465740988130902 -0.998663445439673 -0.97113884758256674 11.500000000000002 8.5000000000000018 0.027745800144117986 0.21652696009750597 0.28595588557473145 973.06935483870973 0.74300049550786151 0.5776380220644225 0.50370931781787065 0.32056160881374152 972.77580645161299 -0.51297808981038739 0.11478755917771409 9.9193548387096779 236.53225806451618 3.4032258064516134 -0.031174269516803289 0.42179998225932674 966.92096774193556
decision_type=2 2 2 2 2 2 2 2 2 2 2 2 2 2 2 2 2 2 2 2 2 2 2 2 2 2 2 2 2 2
left_child=1 2 -1 -4 10 -6 7 8 -2 -10 -5 12 13 -11 23 16 17 18 -8 -19 22 -22 -17 24 -14 28 27 29 -20 -15
right_child=6 -3 3 4 5 -7 15 -9 9 11 -12 -13 14 26 -16 20 -18 19 25 -21 21 -23 -24 -25 -26 -27 -28 -29 -30 -31
leaf_value=-5.1066045045235618e-07 -0.00024501748725544448 -5.1066045045235618e-07 4.7693202431658744e-08 -5.1066045045235618e-07 -1.2241809779070224e-06 -5.1066045045235618e-07 0.00019091602825897921 0.0011853682631180142 0.0014333197953224075 0.00057391623828062326 -5.1066045045235618e-07 -0.00035456304793295146 0.0006016277966154782 0.00035603919363970117 0.00072596610086962394 -0.00054056563454729851 -0.00013553366843310004 1.0940221484662984e-05 1.9055625321366627e-05 -0.0002066530945818261 -0.00013743286165115998 0.00050021095540934708 -0.0001312557840284341 -0.0012578155790222867 3.8859255934842189e-05 0.00025406785887264419 -0.00012299204437920958 0.0015140816465960801 -9.545659449695628e-06 -0.00020597090738491144
leaf_weight=2196 75 3151 570 46 216 183 113 156 59 58 323 410 189 130 728 80 55 141 275 75 1549 123 110 42 613 78 1202 44 121 157
leaf_count=2196 75 3151 570 46 216 183 113 156 59 58 323 410 189 130 728 80 55 141 275 75 1549 123 110 42 613 78 1202 44 121 157
internal_value=-0.021245 -0.0430227 -0.037454 -0.0177745 -0.0319896 -0.018625 0.000873329 0.00273033 0.00187433 0.00239472 -0.0463514 0.00197258 0.00301833 -0.00053392 0.00661157 -0.00176406 0.00279395 0.00478856 0.00909864 -0.00691244 -0.00386473 -0.00245069 -0.0162304 0.00260355 0.00386052 0.00526316 -0.00140156 0.0061747 0.00201511 0.00260417
internal_weight=13268 6685 3534 1338 768 399 6583 3863 3707 3632 369 3573 3163 1591 1572 2720 858 803 587 216 1862 1672 190 844 802 474 1533 331 396 287
internal_count=13268 6685 3534 1338 768 399 6583 3863 3707 3632 369 3573 3163 1591 1572 2720 858 803 587 216 1862 1672 190 844 802 474 1533 331 396 287
is_linear=0
shrinkage=0.05


Tree=124
num_leaves=31
num_cat=0
split_feature=3 5 5 7 5 5 8 8 9 7 3 6 9 6 11 7 3 7 7 11 5 6 2 11 6 8 6 2 7 6
split_gain=2549.69 93.0294 335.906 129.317 64.6414 53.525 13.0808 10.7309 10.5099 9.84587 8.48389 7.75014 16.9358 8.01468 7.70926 29.5694 21.0245 13.6514 13.7072 10.6156 9.07885 18.3825 18.8844 21.1958 20.7595 16.7722 16.229 14.3331 14.1446 14.1109
threshold=1.0000000180025095e-35 17.500000000000004 3.5000000000000004 0.51849435583340198 5.5000000000000009 16.500000000000004 -0.97113884758256674 0.17011757999667351 -0.8697618612574799 -0.69676771491221523 0.89583843698607513 0.65233619298682533 0.60383265664488517 -0.099819732675876835 6.8983870967741945 0.029024409397335523 0.2753255544535223 -0.3744658827978154 -0.69676771491221523 7.5016129032258076 15.500000000000002 0.35846314187849709 973.16612903225825 34.225806451612911 0.99865421017599998 0.95566275305367776 0.66527693225344786 965.45645161290338 -0.64580103137750788 0.40614137006726808
decision_type=2 2 2 2 2 2 2 2 2 2 2 2 2 2 2 2 2 2 2 2 2 2 2 2 2 2 2 2 2 2
left_child=1 2 -1 7 6 -6 -5 9 -9 -4 14 12 -12 -14 15 17 -17 18 -2 -16 21 27 23 24 -23 29 -24 -21 -27 -22
right_child=10 -3 3 4 5 -7 -8 8 -10 -11 11 -13 13 -15 19 16 -18 -19 -20 20 25 22 26 -25 -26 28 -28 -29 -30 -31
leaf_value=-4.851274279297384e-07 -9.2173589471600262e-05 -4.851274279297384e-07 0.00026427652388726129 -4.851274279297384e-07 -2.7884347399850778e-08 -4.851274279297384e-07 -4.851274279297384e-07 -1.7784816097932628e-05 -4.9454331714075411e-07 2.1275271142724847e-08 0.0011918765024746094 -0.0014051865946849236 0.00045747655700668633 -0.00016080227130753911 -0.00020189051637966584 -7.961280742263267e-05 0.0021820669332558384 -0.00054415012411322542 0.00045078320874250154 -0.00038581927786798256 5.0826520143643554e-05 -0.00011005308915426061 0.0020153835167662725 0.0014128482209544602 0.0028686822390719402 -1.0368461215557595e-05 0.00054481363684311666 -3.7763497052473173e-05 -0.00025397262251463244 -2.6215292136821984e-06
leaf_weight=2210 305 3167 46 43 219 184 331 64 178 276 121 66 65 122 183 109 214 84 100 994 488 1370 41 203 73 68 101 1476 41 386
leaf_count=2210 305 3167 46 43 219 184 331 64 178 276 121 66 65 122 183 109 214 84 100 994 488 1370 41 203 73 68 101 1476 41 386
internal_value=-0.0213519 -0.0430421 -0.0374578 -0.0176975 -0.0309126 -0.0169554 -0.0458667 0.000530973 -0.00740741 0.00650155 0.00069581 0.008 0.0113269 0.0018617 0.000256534 0.00479705 0.0165123 -0.00295918 0.000862069 -0.000423963 -9.53834e-06 -0.00100963 0.00285075 0.00133576 -0.000796399 0.00431911 0.0202797 -0.00380413 -0.0140909 0.00662857
internal_weight=13328 6718 3551 1341 777 403 374 564 242 322 6610 374 308 187 6236 812 323 489 405 5424 5241 4258 1788 1646 1443 983 142 2470 109 874
internal_count=13328 6718 3551 1341 777 403 374 564 242 322 6610 374 308 187 6236 812 323 489 405 5424 5241 4258 1788 1646 1443 983 142 2470 109 874
is_linear=0
shrinkage=0.05


Tree=125
num_leaves=31
num_cat=0
split_feature=0 4 5 5 7 5 0 5 10 7 6 10 10 5 9 6 7 0 4 10 1 6 8 10 0 7 9 7 6 6
split_gain=2335.97 204.768 95.4534 363.865 114.24 89.6172 50.4423 42.4683 31.5259 28.8867 22.8101 20.4035 12.3282 22.7146 12.8887 17.3001 20.108 13.8255 12.7066 11.8849 10.9642 8.4104 9.85461 8.31143 23.0303 42.5131 33.0673 23.1078 21.3947 23.371
threshold=1.0000000180025095e-35 1.2995021872570922 6.5000000000000009 3.5000000000000004 0.5475998096715059 5.5000000000000009 48.306451612903231 17.500000000000004 757.67500000000007 0.33222858587828868 0.12545942051955489 638.06250000000011 471.53124999999983 13.500000000000002 0.97786949981288174 1.0000000180025095e-35 -0.99700296666818056 963.50000000000011 0.65545032878589049 588.53125 66.854838709677438 0.73865729060996166 -0.54220184589352438 841.88750000000016 493.74193548387103 -0.93237865822738086 0.1318557721318592 -0.65883892954715351 0.95752911693909493 0.86113431103781346
decision_type=2 2 2 2 2 2 2 2 2 2 2 2 2 2 2 2 2 2 2 2 2 2 2 2 2 2 2 2 2 2
left_child=2 12 3 -1 8 11 7 10 -5 21 -3 -6 13 -2 17 18 -17 23 -16 -7 -8 22 -10 24 -14 -26 27 -27 29 -25
right_child=1 6 -4 4 5 19 20 -9 9 -11 -12 -13 14 -15 15 16 -18 -19 -20 -21 -22 -23 -24 28 25 26 -28 -29 -30 -31
leaf_value=-4.6087105653325143e-07 0.0025373024133364119 -3.9644247483572881e-07 -4.6087105653325143e-07 1.4547178085898136e-06 -4.6087105653325143e-07 1.0045200283781486e-06 -6.4764874499951166e-06 -4.6087105653325143e-07 0.00019039885727054219 -9.0199422584443022e-06 -4.4080289726201398e-07 -4.6087105653325143e-07 -5.1011091825731159e-06 -0.00047884790095980597 0.00049063972012652749 4.1110582543191221e-06 -0.0011479287711196108 0.00082747961939336483 -0.00015369549615733559 -0.00013244625684417097 2.3398734525976957e-05 -1.5947202460144866e-05 -9.3861788862075052e-07 -2.203984402015611e-05 -0.0009022632968886668 -0.0010092195140151805 0.00093540229803092958 0.00059938809264508124 -0.0005356459573340411 0.00034891374414202096
leaf_weight=2228 149 115 2937 140 319 162 132 281 53 49 65 43 2453 50 48 43 77 94 56 41 42 100 221 2119 55 45 167 645 241 274
leaf_count=2228 149 115 2937 140 319 162 132 281 53 49 65 43 2453 50 48 43 77 94 56 41 42 100 221 2119 55 45 167 645 241 274
internal_value=-0.0211677 -0.00161493 -0.0433826 -0.0375931 -0.0144376 -0.0303004 -0.028695 -0.0373377 0.00150709 -0.0053066 -0.018232 -0.0451791 0.00102808 0.01325 0.000641026 -0.0111111 -0.0239669 0.00107483 0.00380952 -0.00367647 -0.00571429 -0.000533333 0.004 0.000775 0.00242127 0.00920044 0.0119464 0.00709117 -0.00132827 0.000104428
internal_weight=13444 7151 6293 3356 1128 565 635 461 563 423 180 362 6516 199 6317 224 120 6093 104 203 174 374 274 5999 3365 912 857 690 2634 2393
internal_count=13444 7151 6293 3356 1128 565 635 461 563 423 180 362 6516 199 6317 224 120 6093 104 203 174 374 274 5999 3365 912 857 690 2634 2393
is_linear=0
shrinkage=0.05


Tree=126
num_leaves=31
num_cat=0
split_feature=3 5 5 7 5 5 10 4 6 10 6 6 10 6 5 10 11 2 3 10 10 11 10 6 10 10 11 2 8 8
split_gain=2503.44 98.3157 355.365 95.6223 70.199 55.4131 24.3064 11.8878 13.5235 10.43 10.6432 15.1919 11.9176 9.62301 14.9741 15.957 13.2339 15.7486 17.4991 12.5434 22.761 24.1501 19.6139 12.2819 24.5002 16.8896 18.6514 16.8341 20.5453 26.2677
threshold=1.0000000180025095e-35 17.500000000000004 3.5000000000000004 0.53312596302726967 5.5000000000000009 16.500000000000004 643.50000000000011 0.056651562568230139 0.22700754078277605 672.56875000000002 0.71503381463111937 -0.11692013674435776 887.36874999999998 0.3261394409934788 15.500000000000002 445.03124999999994 46.132258064516144 969.95967741935499 0.36613435464466981 909.76875000000007 759.03125000000011 15.406451612903227 941.90000000000009 1.0000000180025095e-35 965.71250000000009 939.03750000000002 37.506451612903234 961.89193548387107 0.85223490906209554 0.99351232050787985
decision_type=2 2 2 2 2 2 2 2 2 2 2 2 2 2 2 2 2 2 2 2 2 2 2 2 2 2 2 2 2 2
left_child=1 2 -1 9 6 -6 -5 -7 -9 -4 11 12 -11 14 15 -2 17 -15 -19 20 -20 -22 -21 24 27 26 -25 -17 -29 -30
right_child=13 -3 3 4 5 7 -8 8 -10 10 -12 -13 -14 16 -16 23 -18 18 19 22 21 -23 -24 25 -26 -27 -28 28 29 -31
leaf_value=-4.3782750370658895e-07 0.0063211117069796631 -4.3782750370658895e-07 2.0723419277550818e-07 -4.3782750370658895e-07 9.5429402695924115e-07 -4.3782750370658895e-07 -4.3782750370658895e-07 -1.032372553654291e-07 -4.1876275239891324e-07 3.7019011087155623e-08 -1.5508856765145921e-05 0.00024026785240497257 -1.3727916868737258e-05 -9.1811997905121775e-07 2.6320277425820068e-05 -0.00067393724699646863 0.0016030255760648455 -2.330046982062413e-05 0.0033356945701669503 0.0013552751591620728 0.00042735042503682101 -0.0022750326349108454 0.00039467707425058784 -0.00046215910618899181 -0.0010452648538605044 0.00071931369630701689 0.0012396188521483721 -6.0699980129357012e-05 0.00057019994962368423 -0.0002855418389453496
leaf_weight=2189 50 3115 41 310 222 76 41 40 74 250 159 49 79 1969 562 351 110 217 187 69 123 53 83 353 60 47 47 1900 339 104
leaf_count=2189 50 3115 41 310 222 76 41 40 74 250 159 49 79 1969 562 351 110 217 187 69 123 53 83 353 60 47 47 1900 339 104
internal_value=-0.0210739 -0.042755 -0.037015 -0.0167288 -0.0283377 -0.0142857 -0.0447443 -0.0340314 -0.0234783 -0.00138169 -0.00325279 0.00131926 -0.00257576 0.000679245 -0.000957001 -0.00226015 0.00289829 0.00220207 0.00845839 0.013469 0.00837912 -0.00451977 0.0254902 -0.00270144 -0.00145191 -0.0103795 -0.0137157 -0.000742115 0.000789249 0.010473
internal_weight=13269 6645 3530 1341 763 412 351 190 114 578 537 378 329 6624 3813 3251 2811 2701 732 515 363 176 152 3201 2754 447 400 2694 2343 443
internal_count=13269 6645 3530 1341 763 412 351 190 114 578 537 378 329 6624 3813 3251 2811 2701 732 515 363 176 152 3201 2754 447 400 2694 2343 443
is_linear=0
shrinkage=0.05


Tree=127
num_leaves=31
num_cat=0
split_feature=3 0 0 7 6 10 3 10 1 7 10 0 9 2 7 10 10 7 0 2 3 3 10 8 2 9 8 7 7 1
split_gain=2458.49 32.6077 33.7067 21.9172 36.0993 12.0614 37.5372 16.4933 14.9974 14.5086 12.2843 7.85706 7.41368 7.35459 12.4288 7.46126 21.0161 19.0359 24.7837 15.1089 15.0112 13.2827 16.3003 21.9132 17.53 16.0657 15.3231 23.8722 13.2338 12.8586
threshold=1.0000000180025095e-35 1.0000000180025095e-35 1.145161290322581 0.1318557721318592 -0.082689790342551819 479.71249999999986 0.30829553408257598 456.21249999999998 99.596774193548399 0.99445195900249039 458.7062499999999 958.30645161290329 0.79773375822167203 956.59193548387111 0.80290535434334509 863.22500000000002 913.31875000000002 -0.93237865822738086 852.17741935483889 974.1532258064517 0.66989017715007304 0.53511145642838021 757.67500000000007 -0.52766560075116253 961.56290322580662 -0.9575230291762723 0.51295437088821561 -0.75581183015052977 -0.61915584096709908 54.306451612903231
decision_type=2 2 2 2 2 2 2 2 2 2 2 2 2 2 2 2 2 2 2 2 2 2 2 2 2 2 2 2 2 2
left_child=1 -1 -3 -4 -5 6 10 -8 -9 11 -2 13 -13 14 -7 17 28 20 21 29 -15 -19 23 -23 -24 -26 -27 -28 -17 -18
right_child=5 2 3 4 -6 9 7 8 -10 -11 -12 12 -14 15 -16 16 19 18 -20 -21 -22 22 24 -25 25 26 27 -29 -30 -31
leaf_value=-4.1593612852125951e-07 -0.00098244444530644045 5.2734479588435575e-07 -4.1593612852125951e-07 3.215344029257842e-08 -4.1593612852125951e-07 -0.00072609008804577215 0.007473554155852419 0.002909111545392576 -0.0025574692917851223 -0.00090967451685826102 3.5137995728065253e-05 0.00097884013672036867 -5.8570277704894647e-05 -9.3677817829508194e-05 0.0007230924359366037 -0.00047092574217185438 -2.1217415336687311e-05 -1.173238857689618e-05 0.00077928692749966444 0.00099246103049074061 -0.0010612204291825856 -0.0013188160030801811 -0.0011329276909743558 0.0017786875096739707 -0.00046681397029924579 0.0016283280122738166 0.00068520405532605528 -0.00032258894381715367 -9.203656513201986e-05 0.0001511921739193664
leaf_weight=6202 48 76 244 80 122 191 53 94 41 76 89 78 51 50 75 261 1198 2147 102 48 43 41 82 351 69 151 66 207 645 382
leaf_count=6202 48 76 244 80 122 191 53 94 41 76 89 78 51 50 75 261 1198 2147 102 48 43 41 82 351 69 151 66 207 645 382
internal_value=-0.0216066 -0.0429145 -0.0307839 -0.0360179 -0.0236453 -2.25904e-05 0.00935583 0.0238095 0.0143382 -0.00050673 -0.0105072 -0.000240423 0.0119231 -0.000499182 -0.00861423 -0.000128337 -0.00216963 0.00143505 0.00208269 0.00122775 -0.0207447 0.00128411 0.00614669 0.0139949 0.00078125 0.00435223 0.008 0.000912409 -0.00826902 0.000379507
internal_weight=13363 6724 522 446 202 6639 325 188 135 6314 137 6238 129 6109 266 5843 2534 3309 3216 1628 93 3114 967 392 575 493 424 273 906 1580
internal_count=13363 6724 522 446 202 6639 325 188 135 6314 137 6238 129 6109 266 5843 2534 3309 3216 1628 93 3114 967 392 575 493 424 273 906 1580
is_linear=0
shrinkage=0.05


Tree=128
num_leaves=31
num_cat=0
split_feature=0 5 5 5 7 5 5 0 10 10 5 8 0 10 8 8 1 7 7 7 0 10 7 6 10 2 1 0 8 1
split_gain=2320.3 138.983 83.7732 329.528 117.664 86.7212 30.5576 63.2556 22.0054 25.0289 11.9259 16.1292 13.4319 11.5973 11.5244 10.4093 10.3994 9.25309 18.1669 18.4653 14.1152 12.6671 10.9144 10.3206 17.508 11.4302 14.7417 10.1753 24.727 13.7206
threshold=1.0000000180025095e-35 18.500000000000004 16.500000000000004 3.5000000000000004 0.5475998096715059 5.5000000000000009 17.500000000000004 48.306451612903231 757.67500000000007 938.30000000000007 11.500000000000002 -0.99940763397299126 878.08064516129036 638.06250000000011 -0.37447172655954952 0.99351232050787985 0.14516129032258066 -0.63257203029273779 -0.57782411410281842 -0.52034141052533245 139.88709677419357 491.53750000000002 -0.75581183015052977 0.52766072109828632 934.13750000000016 969.26935483870977 5.7580645161290329 17.112903225806456 -0.015051239303264097 86.725806451612911
decision_type=2 2 2 2 2 2 2 2 2 2 2 2 2 2 2 2 2 2 2 2 2 2 2 2 2 2 2 2 2 2
left_child=2 6 3 -1 8 13 10 -8 -5 14 11 -2 17 -6 -10 -12 -9 22 -19 -20 27 -22 23 25 -25 -13 -27 28 29 -21
right_child=1 -3 -4 4 5 -7 7 16 9 -11 15 12 -14 -15 -16 -17 -18 18 19 20 21 -23 -24 24 -26 26 -28 -29 -30 -31
leaf_value=-3.951393220951965e-07 0.0023971279835256587 -3.951393220951965e-07 -3.951393220951965e-07 1.3410891243934363e-06 -3.951393220951965e-07 -9.8555885788846963e-06 -3.951393220951965e-07 -4.4512257925576754e-05 -1.7859594586540004e-05 2.8002301752023973e-05 -7.7839099377765658e-07 2.0228326200669168e-05 0.00055506627651049083 -3.951393220951965e-07 -6.523097952373049e-06 -0.00051491237015336214 5.5780870338441546e-06 0.0012967488348499404 -0.0008473794785536907 0.00093442407504320884 0.003563722790652285 0.00028243885519504963 -0.00030568871291384859 -0.00028773316296552484 0.0011393860589340888 -0.0006673468056251332 7.5531908882336965e-05 -0.0004002471871465352 -0.00047293045209713462 -0.0001148962596338246
leaf_weight=2235 42 171 2909 131 328 181 139 42 107 99 3075 396 185 42 230 120 150 88 84 98 158 1218 171 40 40 98 62 476 123 49
leaf_count=2235 42 171 2909 131 328 181 139 42 107 99 3075 396 185 42 230 120 150 88 84 98 158 1218 171 40 40 98 62 476 123 49
internal_value=-0.021557 -0.00182892 -0.0436851 -0.0382677 -0.0160858 -0.0325181 -0.000714807 -0.015512 -8.80282e-05 -0.00549199 3.832e-05 0.00213277 0.0017341 -0.0463612 -0.0119822 -0.0021433 0.00310881 0.000950999 0.00257081 0.00167648 0.00259067 0.00559187 -0.00365099 -0.000627943 0.0160494 -0.00305206 -0.0142857 -0.00294511 0.00479705 0.0185811
internal_weight=13287 7025 6262 3353 1118 551 6854 331 567 436 6523 3328 3286 370 337 3195 192 3101 2294 2206 2122 1376 807 636 80 556 160 746 270 147
internal_count=13287 7025 6262 3353 1118 551 6854 331 567 436 6523 3328 3286 370 337 3195 192 3101 2294 2206 2122 1376 807 636 80 556 160 746 270 147
is_linear=0
shrinkage=0.05


Tree=129
num_leaves=31
num_cat=0
split_feature=3 5 5 7 5 5 7 10 10 7 5 8 9 10 10 3 10 3 1 10 10 6 6 3 10 3 0 9 3 3
split_gain=2495.43 99.7521 351.843 119.99 89.8472 35.8459 14.0937 8.3976 8.24269 12.2955 12.1639 16.7926 9.6543 7.64349 20.3534 14.8802 7.52292 31.7865 20.8789 16.6895 13.0538 10.9577 10.7821 8.38876 7.99831 17.6342 7.53611 13.821 8.29203 24.3144
threshold=1.0000000180025095e-35 17.500000000000004 3.5000000000000004 0.51849435583340198 5.5000000000000009 16.500000000000004 0.74298546529340237 643.50000000000011 821.61874999999986 -0.67168186667784702 4.5000000000000009 0.13612025994847315 -0.87810534180523914 978.875 968.91250000000014 0.69262534246634866 491.53750000000002 0.30829553408257598 99.951612903225822 495.82500000000005 458.7062499999999 0.39036257410962044 -0.0053757284505435614 0.0057225854031287974 458.7062499999999 0.068680806846629777 963.50000000000011 0.79773375822167203 0.28595588557473145 0.27000135285841942
decision_type=2 2 2 2 2 2 2 2 2 2 2 2 2 2 2 2 2 2 2 2 2 2 2 2 2 2 2 2 2 2
left_child=1 2 -1 8 7 -6 -7 -5 -4 -10 11 -11 -12 14 16 -15 17 24 20 -18 -19 22 -22 -21 -2 -26 28 -28 29 -25
right_child=13 -3 3 4 5 6 -8 -9 9 10 12 -13 -14 15 -16 -17 19 18 -20 23 21 -23 -24 26 25 -27 27 -29 -30 -31
leaf_value=-3.7538235599043667e-07 -0.0008800914530109476 -3.7538235599043667e-07 9.7371752696965911e-07 -3.7538235599043667e-07 5.611865539598381e-07 -3.9754304359215456e-07 -3.7538235599043667e-07 -2.5677793011761447e-06 2.1170653164314433e-05 -4.5792207096257784e-06 -2.7119782191559457e-05 -1.9163150592576775e-05 1.2039027855096707e-07 0.00072895325366614252 -0.0010302419653503315 -0.00011440559536979867 -0.0018925545135664746 0.0063869582073861316 -0.0013531040089852786 -3.2627033681019709e-05 0.001535295883129928 0.0059443685896678313 4.151099206806952e-05 1.2098109120497287e-05 0.00013575383169962615 -0.00033617427801385831 0.0012349075501260577 -0.00021211465597095747 -3.9910150977584549e-05 0.0006912423748658029
leaf_weight=2203 52 3174 263 341 214 54 133 40 81 89 41 42 54 83 41 68 81 44 72 43 51 76 104 1299 67 156 59 41 4208 78
leaf_count=2203 52 3174 263 341 214 54 133 40 81 89 41 42 54 83 41 68 81 44 72 43 51 76 104 1299 67 156 59 41 4208 78
internal_value=-0.0213585 -0.0428009 -0.0370219 -0.0169254 -0.0296296 -0.0130597 -0.0289894 -0.0469895 0.000525394 -0.00503247 -0.0110132 -0.0208333 0.00260417 0.000430254 0.000169937 0.0115132 0.000396455 0.00561798 0.0156609 -0.000163511 0.0219203 0.0170259 0.00929487 0.000157095 -0.00706522 -0.00290179 0.000325361 0.0138614 8.05585e-05 0.00344702
internal_weight=13352 6729 3555 1352 782 401 187 381 570 307 226 131 95 6623 6472 151 6431 622 347 5809 275 231 155 5728 275 223 5685 100 5585 1377
internal_count=13352 6729 3555 1352 782 401 187 381 570 307 226 131 95 6623 6472 151 6431 622 347 5809 275 231 155 5728 275 223 5685 100 5585 1377
is_linear=0
shrinkage=0.05


Tree=130
num_leaves=31
num_cat=0
split_feature=3 5 5 7 5 5 7 8 11 0 11 7 8 8 3 3 3 0 5 11 4 8 8 4 7 11 6 7 11 6
split_gain=2424.59 100.037 358.973 129.421 78.9297 26.7814 16.5221 16.0978 7.53537 6.22679 6.08798 7.00063 6.38231 11.1012 22.4873 6.91203 18.9121 15.632 15.0615 15.5229 15.9992 15.0651 14.8007 13.6027 13.8047 12.0135 12.5977 11.7573 11.7008 13.032
threshold=1.0000000180025095e-35 17.500000000000004 3.5000000000000004 0.53312596302726967 5.5000000000000009 16.500000000000004 0.74298546529340237 -0.97509344079810367 58.579032258064522 1.0000000180025095e-35 49.230645161290333 0.87709077819680659 0.97364703930971175 0.92273069556937592 0.36613435464466981 0.28595588557473145 0.27000135285841942 100.32258064516131 11.500000000000002 21.856451612903232 0.78532719474804324 -0.45274443793211405 0.019351116170480156 0.71959781027696479 0.69521084835931835 31.795161290322582 0.10837544681456425 -0.15950993297387572 18.166129032258066 0.45273815774107123
decision_type=2 2 2 2 2 2 2 2 2 2 2 2 2 2 2 2 2 2 2 2 2 2 2 2 2 2 2 2 2 2
left_child=1 2 -1 -4 7 -6 -7 -5 10 -8 12 -12 13 15 -15 16 -2 -17 23 20 21 -20 -23 24 28 -21 -27 -24 29 -19
right_child=8 -3 3 4 5 6 9 -9 -10 -11 11 -13 -14 14 -16 17 -18 18 19 25 -22 22 27 -25 -26 26 -28 -29 -30 -31
leaf_value=-3.5661323819091483e-07 1.0664684328742028e-05 -3.5661323819091483e-07 6.6039470389196403e-08 -3.5661323819091483e-07 -1.5789907820759279e-06 -3.5550520381082896e-07 -3.5661323819091483e-07 -3.5661323819091483e-07 -0.0013434880199362067 -3.1933914086449999e-07 0.00018332274967554907 0.0031790874018165272 -0.00010485590490753595 -7.2621571234171572e-05 0.0010253503493463211 -0.0017775359156439964 0.00066471604709436864 -0.00025779585704914786 -0.00073342952010934108 -0.00059535606450481784 0.00014821834275755564 0.00073904857122630916 0.0003614119246679787 0.00071750728781624917 0.0013238907540158774 -0.00031605480751552701 0.000493781046195424 -0.0019429741895983469 0.00035531636486328959 7.9852989671777574e-05
leaf_weight=2226 1376 3135 574 41 227 50 63 358 47 70 72 47 491 117 234 92 58 622 391 526 417 150 130 280 329 106 115 178 376 453
leaf_count=2226 1376 3135 574 41 227 50 63 358 47 70 72 47 491 117 234 92 58 622 391 526 417 150 130 280 329 106 115 178 376 453
internal_value=-0.021581 -0.0426686 -0.0369668 -0.0169436 -0.0298148 -0.0143552 -0.0285326 -0.045625 -5.29661e-05 -0.0376866 9.14495e-05 0.01125 -0.000116423 0.000336078 0.00894886 -0.000205357 0.00278746 -0.0012362 -0.000773196 -0.00384806 -0.00047356 -0.00441176 0.00174292 0.00223193 0.000617631 -0.00955882 0.000225225 -0.00453074 -0.00148072 -0.00413569
internal_weight=13351 6744 3609 1383 809 410 183 399 6607 133 6560 119 6441 5950 351 5599 1434 4165 4073 2013 1266 849 458 2060 1780 747 221 308 1451 1075
internal_count=13351 6744 3609 1383 809 410 183 399 6607 133 6560 119 6441 5950 351 5599 1434 4165 4073 2013 1266 849 458 2060 1780 747 221 308 1451 1075
is_linear=0
shrinkage=0.05


Tree=131
num_leaves=31
num_cat=0
split_feature=3 5 5 7 5 5 10 7 10 10 0 8 10 10 3 3 4 10 1 3 8 8 3 10 4 0 6 6 8 4
split_gain=2474.03 104.165 377.065 127.778 79.5622 33.2883 25.9604 18.6033 12.1004 10.4282 9.39558 9.36348 15.7473 18.8298 7.92136 12.6734 12.0358 8.19994 40.671 26.5165 18.4838 25.6473 21.2065 18.2198 18.3184 16.3349 14.6251 20.8457 15.0643 12.0706
threshold=1.0000000180025095e-35 17.500000000000004 3.5000000000000004 0.51849435583340198 5.5000000000000009 16.500000000000004 650.16875000000016 0.74298546529340237 682.05625000000009 445.03124999999994 963.50000000000011 0.20391355282604834 934.13750000000016 887.36874999999998 0.078610432266089436 0.0057225854031287974 1.0778893655779258 956.02500000000009 46.241935483870975 0.38227046697918393 0.92273069556937592 0.97364703930971175 0.25947900384435613 944.05000000000007 0.74693019247809023 221.91935483870972 0.70290292807158605 0.75014288946266361 0.99898004730802425 0.56279079157435108
decision_type=2 2 2 2 2 2 2 2 2 2 2 2 2 2 2 2 2 2 2 2 2 2 2 2 2 2 2 2 2 2
left_child=1 2 -1 8 6 -6 -5 -7 -4 -2 14 12 13 -10 15 -11 17 20 19 25 23 22 -22 -16 29 -19 28 -28 -23 -25
right_child=9 -3 3 4 5 7 -8 -9 11 10 -12 -13 -14 -15 16 -17 -18 18 -20 -21 21 26 -24 24 -26 -27 27 -29 -30 -31
leaf_value=-3.3878257628136909e-07 0.0027208973079411061 -3.3878257628136909e-07 1.3898086155774465e-06 -3.3878257628136909e-07 -1.7468746166764718e-07 -3.3772994362028752e-07 -3.7908360793258083e-07 -3.3878257628136909e-07 7.3702568348921361e-07 -2.2027798109199146e-05 0.00059949466106523077 -6.5713787778953416e-06 0.00027905999869481929 -3.4325862519188505e-05 -4.5478107319091995e-05 3.3090532838647489e-05 -6.3179123177068588e-05 -4.4880697155369814e-05 0.00056399170717692175 -0.00076955825857858437 -0.00010391290874933491 -6.1277374620183347e-05 0.0016152968532117036 0.00014451158870315841 -5.7680392012979258e-05 0.00017802204985077047 0.0065501895779216173 -0.00041724058938533913 -0.001814515889084123 0.0010704507901820592
leaf_weight=2222 57 3143 47 354 221 61 43 132 220 52 106 205 43 54 4534 436 62 53 160 283 46 197 222 66 105 40 59 40 44 95
leaf_count=2222 57 3143 47 354 221 61 43 132 220 52 106 205 43 54 4534 436 62 53 160 283 46 197 222 66 105 40 59 40 44 95
internal_value=-0.0211818 -0.0425215 -0.0366916 -0.0161477 -0.0288793 -0.013494 -0.0448492 -0.0286082 0.00201754 0.000443076 0.000257537 -0.000191205 0.00518868 0.000727273 1.53965e-05 0.00613497 -0.00048277 -0.000252313 -0.00614525 -0.0151194 0.000332779 0.00853859 0.0200743 -0.000708186 0.011985 0.00797872 -0.00058651 0.0155 -0.0072314 0.0225309
internal_weight=13402 6745 3602 1380 811 414 397 193 569 6657 6600 522 317 274 6494 488 6006 5944 536 376 5408 608 268 4800 266 93 340 99 241 161
internal_count=13402 6745 3602 1380 811 414 397 193 569 6657 6600 522 317 274 6494 488 6006 5944 536 376 5408 608 268 4800 266 93 340 99 241 161
is_linear=0
shrinkage=0.05


Tree=132
num_leaves=31
num_cat=0
split_feature=3 5 5 10 5 5 8 5 4 6 10 4 3 3 10 8 10 6 10 10 11 8 10 3 3 8 8 0 10 11
split_gain=2423.8 104.249 364.985 118.456 87.024 29.7112 21.9092 9.29303 19.3282 16.184 11.1645 12.7156 10.9071 9.83249 20.7452 21.0683 16.3328 15.0608 20.0225 27.711 23.8771 15.5768 15.9628 13.9759 15.0845 13.1629 21.2392 12.116 13.1715 14.1733
threshold=0.0027436920048717691 17.500000000000004 3.5000000000000004 650.16875000000016 5.5000000000000009 16.500000000000004 0.033323506451456063 11.500000000000002 0.71160592258830258 -0.83377653105606597 479.71249999999986 0.16660753589520269 0.027745800144117986 0.28595588557473145 761.02499999999986 0.90892735371523092 487.63124999999997 -0.05695216311707673 939.03750000000002 759.03125000000011 14.175806451612905 0.42178632996157733 926.56250000000011 0.17475122533324391 0.12307490891423363 0.71953851835684701 0.98901264295277169 645.69354838709694 479.71249999999986 28.046774193548391
decision_type=2 2 2 2 2 2 2 2 2 2 2 2 2 2 2 2 2 2 2 2 2 2 2 2 2 2 2 2 2 2
left_child=1 2 -1 4 -4 -6 -7 8 10 -10 11 -2 -12 14 15 16 -9 21 19 27 -21 -15 25 24 -16 -23 -27 28 -19 -30
right_child=7 -3 3 -5 5 6 -8 13 9 -11 12 -13 -14 17 23 -17 -18 18 -20 20 -22 22 -24 -25 -26 26 -28 -29 29 -31
leaf_value=-3.2184344746730065e-07 -0.00042558327796516639 -3.2184344746730065e-07 -3.2184344746730065e-07 -1.6988068322975012e-07 -3.3337686740363878e-07 -3.2184344746730065e-07 -2.8643305500720653e-07 -0.00022753597639265191 -0.00020322348568852511 0.00071093954579766754 0.00035700831885070975 0.003008317639066835 -1.9191086103065304e-05 -0.00081465085058478326 2.3859559894321674e-05 -0.00020104534646379782 2.0273790760261291e-05 0.0018417626041154101 0.00047602344046818737 0.00013267560448458615 -0.0006904827781089196 -0.00021753228151825295 -0.00026700016795260239 0.0002096130812077585 -2.556408276694778e-05 0.00060342924048552987 -0.00074273872259691682 0.0051065638911053758 -0.0006104283248992066 0.0022424782685937063
leaf_weight=2236 53 3118 357 643 204 78 96 60 82 307 49 106 2745 574 191 79 273 81 213 161 417 118 244 146 83 139 40 59 232 95
leaf_count=2236 53 3118 357 643 204 78 96 60 82 307 49 106 2745 574 191 79 273 81 213 161 417 118 244 146 83 139 40 59 232 95
internal_value=-0.0215324 -0.0425962 -0.0367911 -0.0165337 -0.030231 -0.0134565 -0.0285714 0.000129811 0.00197427 0.0124359 0.000592417 0.0134375 -0.000143113 -0.00179351 0.00288115 -0.00508475 0.000449102 -0.00343302 0.000317712 -0.00253346 -0.00984456 -0.00766129 -0.00156827 0.0106888 0.004 0.00620805 0.0147222 0.00651709 0.00342298 -0.00106707
internal_weight=13279 6732 3614 1378 735 378 174 6547 3342 389 2953 159 2794 3205 832 412 333 2373 1258 1045 578 1115 541 420 274 297 179 467 408 327
internal_count=13279 6732 3614 1378 735 378 174 6547 3342 389 2953 159 2794 3205 832 412 333 2373 1258 1045 578 1115 541 420 274 297 179 467 408 327
is_linear=0
shrinkage=0.05


Tree=133
num_leaves=31
num_cat=0
split_feature=3 5 5 7 5 5 10 0 0 7 10 2 0 10 1 2 6 10 5 10 3 10 7 3 6 2 7 7 10 6
split_gain=2432.15 102.341 372.923 102.742 91.491 29.193 20.2852 16.7783 11.1152 14.8198 19.0048 10.704 9.70473 8.61947 11.5723 8.23186 6.97277 10.9343 10.2186 10.6454 15.1072 14.4996 12.4123 12.5143 14.5523 13.0391 11.7483 17.6831 9.72834 15.5406
threshold=1.0000000180025095e-35 17.500000000000004 3.5000000000000004 0.51849435583340198 5.5000000000000009 16.500000000000004 650.16875000000016 1.0000000180025095e-35 925.38709677419376 -0.9497838742125716 955.64375000000007 969.41129032258073 2.3709677419354844 877.88750000000016 18.2741935483871 968.23064516129045 0.52766072109828632 944.05000000000007 15.500000000000002 479.71249999999986 0.29800293212779322 456.21249999999998 0.99611390731392835 0.17824735751499207 1.0000000180025095e-35 962.48870967741948 0.80798785254895478 0.89691351184655443 551.19375000000002 0.70290292807158605
decision_type=2 2 2 2 2 2 2 2 2 2 2 2 2 2 2 2 2 2 2 2 2 2 2 2 2 2 2 2 2 2
left_child=1 2 -1 11 6 -6 -5 -7 16 15 -11 13 -9 -4 -15 -10 18 28 19 20 -2 -22 23 24 -21 26 -25 -28 29 -18
right_child=8 -3 3 4 5 7 -8 12 9 10 -12 -13 -14 14 -16 -17 17 -19 -20 22 21 -23 -24 25 -26 -27 27 -29 -30 -31
leaf_value=-3.057512750939356e-07 -0.00027290497549722627 -3.057512750939356e-07 4.3971569991300581e-08 -3.057512750939356e-07 6.2630028976527323e-07 -3.057512750939356e-07 -8.0106832574679763e-07 3.5799546551894497e-07 0.00019550078763405643 0.00085395690237768669 -0.00021988680468189027 1.265453637732144e-06 -2.7211140225684619e-07 3.178658050685098e-08 -1.9002508257266713e-05 -0.00052026968469994221 0.00025519739717621838 0.00093037288099642181 1.3296562976868179e-05 0.00023468619682660564 0.0057465986096462418 0.00085765324888695824 -0.0010096982856147145 -0.0011273910822577006 -0.00017507654602973537 -0.00011721323062314771 0.001343735465261764 -0.0029200994050335772 -2.0235867464208606e-06 0.0082837856054338351
leaf_weight=2235 116 3164 282 343 224 70 43 44 42 162 45 109 70 81 93 40 151 95 640 304 44 133 51 271 78 2377 61 47 1951 40
leaf_count=2235 116 3164 282 343 224 70 43 44 42 162 45 109 70 81 93 40 151 95 640 304 44 133 51 271 78 2377 61 47 1951 40
internal_value=-0.0215634 -0.0426838 -0.0368846 -0.0162132 -0.0277987 -0.0112469 -0.0452196 -0.0259459 -9.02391e-05 0.00948276 0.0165865 8.83392e-05 -0.013913 -0.00328228 -0.012 -0.00843373 -0.00052673 0.00172029 -0.0017463 -0.00281367 0.00629252 0.0154494 -0.00365204 -0.00324944 0.00522193 -0.0044251 -0.0130263 0.000917431 0.000979935 0.0117188
internal_weight=13406 6758 3594 1359 794 408 386 184 6648 289 207 565 114 456 174 82 6359 2237 4122 3482 293 177 3189 3138 382 2756 379 108 2142 191
internal_count=13406 6758 3594 1359 794 408 386 184 6648 289 207 565 114 456 174 82 6359 2237 4122 3482 293 177 3189 3138 382 2756 379 108 2142 191
is_linear=0
shrinkage=0.05


Tree=134
num_leaves=31
num_cat=0
split_feature=3 5 5 10 5 5 6 9 10 9 11 9 10 8 6 10 6 8 1 4 1 10 1 0 3 10 10 1 0 3
split_gain=2496.09 93.0948 342.228 112.192 80.2919 34.9832 12.6785 8.96316 9.44992 9.02473 8.84287 8.52138 7.80457 6.89935 6.31427 16.0112 16.5162 15.1426 16.5715 19.5697 13.852 12.6424 11.3174 22.3673 20.6636 13.9883 13.0576 9.71766 9.79314 8.66484
threshold=1.0000000180025095e-35 17.500000000000004 3.5000000000000004 652.46875 5.5000000000000009 16.500000000000004 -0.022576249993022688 0.2332836900311728 887.36874999999998 -0.70291145964310642 4.3112903225806454 -0.79384213008979243 919.78125000000011 0.20391355282604834 -0.66528616069191593 720.10000000000002 -0.72696319516528884 -0.14250758662009075 10.24193548387097 0.63093939946416866 93.048387096774206 854.54374999999993 61.725806451612911 136.37096774193552 0.37711897314941994 948.90625000000011 758.68124999999998 12.629032258064518 700.24193548387109 0.35255791342051174
decision_type=2 2 2 2 2 2 2 2 2 2 2 2 2 2 2 2 2 2 2 2 2 2 2 2 2 2 2 2 2 2
left_child=1 2 -1 4 -4 -6 -7 8 9 11 13 -5 -10 -2 15 16 20 18 -17 -20 -12 -21 24 -24 -19 -25 -26 -28 -29 -16
right_child=10 -3 3 7 5 6 -8 -9 12 -11 14 -13 -14 -15 29 17 -18 22 19 21 -22 -23 23 25 26 -27 27 28 -30 -31
leaf_value=-2.9046371133923885e-07 9.9631875900239866e-05 -2.9046371133923885e-07 -2.9046371133923885e-07 6.0092994451756326e-08 -7.6345838146510676e-08 -2.9046371133923885e-07 -2.5850583214400388e-07 6.9238098899081921e-05 -3.0114818090238405e-05 -7.6101490945945775e-07 -0.0014245169035816464 2.1313239609748438e-06 -4.2508764747681981e-06 0.00069797365132862055 -1.1806342002283925e-05 0.0010235914490843935 0.00063132859159648828 6.0872759939534988e-05 0.00037455260135801915 4.2763673422070444e-05 -7.8497184578351725e-05 -0.0026036505127021801 -0.00038121458963724653 0.00014710341283583341 0.00071049330460140896 0.0016274906895974246 -0.00061422089973656169 -0.00052185109092401369 0.00025006025040908434 0.00010967845528459531
leaf_weight=2202 113 3145 343 207 196 68 87 76 53 181 139 45 59 77 1656 58 74 208 225 77 64 58 65 216 48 48 237 139 95 3025
leaf_count=2202 113 3145 343 207 196 68 87 76 53 181 139 45 59 77 1656 58 74 208 225 77 64 58 65 216 48 48 237 139 95 3025
internal_value=-0.0213474 -0.0429536 -0.0373366 -0.0171353 -0.0309353 -0.0140625 -0.0317308 -0.0016881 -0.00393773 -0.000576037 0.000392571 0.0055336 -0.0168142 0.0109948 7.77242e-05 -0.00248288 -0.0134892 -0.00040678 0.00763723 0.00360111 -0.0208333 -0.0113971 -0.00359508 0.00409091 -0.00707418 0.010566 -0.0124038 -0.0149364 -0.00765957 0.00103588
internal_weight=13284 6662 3517 1315 694 351 155 621 545 433 6622 252 112 190 6432 1751 277 1474 418 360 203 135 1056 329 727 264 519 471 234 4681
internal_count=13284 6662 3517 1315 694 351 155 621 545 433 6622 252 112 190 6432 1751 277 1474 418 360 203 135 1056 329 727 264 519 471 234 4681
is_linear=0
shrinkage=0.05


Tree=135
num_leaves=31
num_cat=0
split_feature=3 5 5 10 5 5 0 2 8 5 6 5 9 6 5 10 9 6 9 9 9 4 10 0 3 10 6 3 10 2
split_gain=2462.79 101.702 368.672 104.756 97.1407 36.0353 19.8177 7.18944 6.94707 12.5534 6.68575 15.6291 7.94081 11.0906 10.6305 12.1576 11.1182 14.0002 9.7585 8.90508 7.41231 5.8094 13.503 12.3063 8.86805 22.7386 20.9684 24.7024 13.5219 13.299
threshold=1.0000000180025095e-35 17.500000000000004 3.5000000000000004 650.16875000000016 5.5000000000000009 16.500000000000004 1.0000000180025095e-35 965.23064516129045 -0.998663445439673 12.500000000000002 -0.97509794945709805 4.5000000000000009 0.26659387353423869 -0.18492532721306487 4.5000000000000009 837.30000000000007 -0.85227283847737434 -0.66528616069191593 -0.84313311835787952 -0.30982845708428081 -0.5074255885747686 1.0005610754768026 759.03125000000011 127.08064516129033 0.28595588557473145 456.21249999999998 -0.01397611846945947 0.25947900384435613 628.30624999999998 965.16612903225825
decision_type=2 2 2 2 2 2 2 2 2 2 2 2 2 2 2 2 2 2 2 2 2 2 2 2 2 2 2 2 2 2
left_child=1 2 -1 4 -4 -6 -7 -8 9 -2 11 -5 14 -14 15 18 -16 -18 -12 -17 -20 24 23 -23 26 -26 -10 28 -28 -30
right_child=8 -3 3 10 5 6 7 -9 21 -11 12 -13 13 -15 16 19 17 -19 20 -21 -22 22 -24 -25 25 -27 27 -29 29 -31
leaf_value=-2.7594052577227691e-07 0.001726226220604349 -2.7594052577227691e-07 -2.7594052577227691e-07 4.0743180211327226e-06 1.0481509670407919e-06 -2.7594052577227691e-07 8.6936593407864004e-06 -2.6564869980804115e-07 0.00012616191940804903 -4.5425640317679677e-05 -1.049457254262516e-05 -6.239519033061393e-06 -8.386822700635509e-06 0.00022874798335711742 7.6175986767039981e-05 -1.343838894191064e-05 1.4700018814353863e-07 -7.4560573292208403e-06 1.0238506883574991e-06 -1.2835787103929301e-05 -2.7353123161415152e-07 -8.7224345913764362e-06 4.110658486532017e-06 -0.00031242344411618246 0.0058142479282050855 -3.3861979268477729e-05 -0.00031397024231375002 0.00046545671293237725 0.0001097251430081797 -3.1972845325667312e-05
leaf_weight=2234 68 3147 349 45 189 65 45 58 684 47 40 43 46 40 46 82 133 43 41 40 40 86 144 40 43 4758 244 66 145 256
leaf_count=2234 68 3147 349 45 189 65 45 58 684 47 40 43 46 40 46 82 133 43 41 40 40 86 144 40 43 4758 244 66 145 256
internal_value=-0.0213744 -0.042649 -0.0368575 -0.016159 -0.0294201 -0.0110335 -0.0278107 -0.0139423 0.000372227 0.0125 -0.00148438 0.011236 -0.00353261 0.0103448 -0.00611588 -0.0133197 0.00179372 -0.0039548 -0.00204918 -0.0243902 0.00792683 0.000154631 -0.00701107 -0.0188976 0.000467968 -0.000551853 0.00397564 -0.00203652 -0.00503096 0.000621891
internal_weight=13307 6726 3579 1345 706 357 168 103 6581 115 639 88 551 86 465 243 222 176 121 122 81 6466 270 126 6196 4801 1395 711 645 401
internal_count=13307 6726 3579 1345 706 357 168 103 6581 115 639 88 551 86 465 243 222 176 121 122 81 6466 270 126 6196 4801 1395 711 645 401
is_linear=0
shrinkage=0.05


Tree=136
num_leaves=31
num_cat=0
split_feature=3 5 5 7 5 5 7 10 0 10 0 0 6 9 6 10 7 5 9 6 5 10 10 8 8 10 6 9 6 2
split_gain=2461.51 100.189 361.188 109.442 82.0126 25.1476 16.8022 14.1414 7.26166 7.09975 6.43595 17.9889 6.36519 6.19978 16.5 14.1973 8.81351 6.08086 15.4679 17.4659 13.0394 12.1135 10.1936 12.7839 13.2247 9.79212 13.1067 12.3053 12.0523 16.3278
threshold=1.0000000180025095e-35 17.500000000000004 3.5000000000000004 0.53312596302726967 5.5000000000000009 16.500000000000004 0.79253265336324141 638.06250000000011 1.0000000180025095e-35 670.57500000000005 1.0000000180025095e-35 1.4354838709677422 -0.99985146406598202 0.063390085881955341 -0.13398594226331254 887.36874999999998 0.18281312110578132 11.500000000000002 -0.99628250747696534 -0.99630266176052629 8.5000000000000018 462.96874999999983 961.90000000000009 0.80417553764032002 0.97364703930971175 783.93124999999975 -0.97113884758256674 -0.8697618612574799 -0.76141707087277943 964.45000000000016
decision_type=2 2 2 2 2 2 2 2 2 2 2 2 2 2 2 2 2 2 2 2 2 2 2 2 2 2 2 2 2 2
left_child=1 2 -1 9 7 -6 -7 -5 -8 -4 -3 -12 -2 15 -15 16 -11 18 -14 -20 -21 -22 23 25 -25 28 -27 -28 -23 -30
right_child=12 10 3 4 5 6 8 -9 -10 13 11 -13 17 14 -16 -17 -18 -19 19 20 21 22 -24 24 -26 26 27 -29 29 -31
leaf_value=-2.621434994836631e-07 -0.00045671590844358902 -2.621434994836631e-07 8.6945294138196535e-07 -2.621434994836631e-07 -5.6403707378580849e-07 -2.6114349845563554e-07 -2.621434994836631e-07 -2.5985467003344392e-07 -2.9175974563226572e-07 2.6357313921973324e-06 -2.4573891973854309e-07 -2.621434994836631e-07 0.0010248174034918455 -1.0989575639183638e-05 0.00023895740806839373 -1.474540940143244e-05 -6.8902195571969913e-07 -1.4377366359471866e-05 -0.0014613912276367381 -2.8878827651897257e-05 0.005475151069181311 -0.00066946956883074673 -0.00028331102759554251 0.0013859795199909709 -1.8989146102615931e-05 0.0026249159740913911 -0.00042921536508396256 0.00046069690970623745 -0.0011606094080196417 0.00085743598406139989
leaf_weight=2235 40 2851 42 333 211 63 63 41 64 187 41 273 69 61 47 102 169 3252 45 1632 40 148 66 217 109 44 68 436 163 320
leaf_count=2235 40 2851 42 333 211 63 63 41 64 187 41 273 69 61 47 102 169 3252 45 1632 40 148 66 217 109 44 68 436 163 320
internal_value=-0.0214918 -0.0426813 -0.0369715 -0.0168714 -0.029317 -0.0135572 -0.0267016 -0.0461333 -0.0371094 -0.000985222 -0.0491946 -0.0419048 0.00012782 -0.00246914 0.00825688 -0.00501089 -0.000280112 0.000249622 0.00174211 0.00124658 0.00168002 0.00486973 0.00416667 0.00501328 0.0137615 0.00258475 0.00746812 0.00514851 -0.00166139 0.00216942
internal_weight=13432 6783 3618 1383 775 401 190 374 127 608 3165 314 6649 566 108 458 356 6609 3357 3288 3243 1611 1571 1505 326 1179 548 504 631 483
internal_count=13432 6783 3618 1383 775 401 190 374 127 608 3165 314 6649 566 108 458 356 6609 3357 3288 3243 1611 1571 1505 326 1179 548 504 631 483
is_linear=0
shrinkage=0.05


Tree=137
num_leaves=31
num_cat=0
split_feature=3 5 5 10 5 5 6 11 0 10 2 8 10 3 1 6 1 5 10 1 7 8 3 10 8 11 8 3 10 6
split_gain=2556.7 102.267 362.386 98.4279 94.6546 48.3391 16.0365 8.19014 7.95765 11.4519 8.78799 7.36427 14.4796 22.4725 30.6571 22.4721 12.7543 13.9909 14.2753 11.9611 16.0015 11.6519 11.3119 10.8892 10.8546 10.1383 10.5978 16.7168 9.89112 18.2145
threshold=1.0000000180025095e-35 17.500000000000004 3.5000000000000004 650.16875000000016 5.5000000000000009 16.500000000000004 0.55656748448714433 18.63870967741936 3.3709677419354844 773.95000000000005 969.41129032258073 0.71953851835684701 773.45000000000005 0.30124888201733763 50.790322580645167 -0.65882179392489248 48.983870967741943 15.500000000000002 957.92500000000007 77.080645161290334 0.53312596302726967 0.95938219844953276 0.55277757306833031 759.03125000000011 0.86440767487108461 58.579032258064522 0.57075747273004163 0.12307490891423363 771.95000000000005 0.3261394409934788
decision_type=2 2 2 2 2 2 2 2 2 2 2 2 2 2 2 2 2 2 2 2 2 2 2 2 2 2 2 2 2 2
left_child=1 2 -1 4 -4 7 -7 -6 9 -5 -11 25 13 19 15 -15 17 18 24 20 21 -13 -18 -16 -14 26 -2 -28 29 -29
right_child=11 -3 3 8 5 6 -8 -9 -10 10 -12 12 16 14 23 -17 22 -19 -20 -21 -22 -23 -24 -25 -26 -27 27 28 -30 -31
leaf_value=-2.4903632450947991e-07 1.513718808609691e-05 -2.4903632450947991e-07 -2.4903632450947991e-07 8.8823903937032161e-07 3.1250243948121974e-06 -2.4903632450947991e-07 -6.1907330368954026e-07 -2.0791604040912096e-06 -8.1014055263696964e-07 -4.7943451506355251e-06 5.6358262430831455e-06 0.00026736561301671165 -0.00043342801883319295 5.3081926618828158e-05 0.0011053852957313094 0.002047627989425782 -3.0053041897346837e-05 5.2186843946737918e-05 -0.00049938840497973651 9.0403457703853437e-05 -0.00055954492379217961 -4.0632266378306077e-05 0.0011263220938802193 -0.0030433382432702993 0.0003584021633821738 -0.0012424863508135099 9.9483174715106351e-05 -0.0017435838355178577 -5.6267601920987481e-05 -0.0005201006581789083
leaf_weight=2216 4465 3169 347 240 136 135 41 67 42 313 51 46 107 108 305 249 72 92 204 121 101 45 70 61 103 43 48 72 199 120
leaf_count=2216 4465 3169 347 240 136 135 41 67 42 313 51 46 107 108 305 249 72 92 204 121 101 45 70 61 103 43 48 72 199 120
internal_value=-0.0210546 -0.0426975 -0.0368905 -0.0166788 -0.0292985 -0.0119737 -0.0310734 0.00465686 -0.00247295 -0.000991736 -0.00657534 0.00100271 0.00385757 0.0075217 0.0123619 0.0227654 -0.00200308 -0.00571992 -0.00963855 -0.00366242 -0.011399 0.00380435 0.0111888 0.00217984 -0.000473934 3.03153e-05 0.000244648 -0.00715909 -0.0105867 -0.0186528
internal_weight=13388 6757 3588 1372 726 379 176 203 646 604 364 6631 1684 1036 723 357 648 506 414 313 192 91 142 366 210 4947 4904 439 391 192
internal_count=13388 6757 3588 1372 726 379 176 203 646 604 364 6631 1684 1036 723 357 648 506 414 313 192 91 142 366 210 4947 4904 439 391 192
is_linear=0
shrinkage=0.05


Tree=138
num_leaves=31
num_cat=0
split_feature=3 0 4 7 6 8 0 10 7 0 6 2 3 2 2 6 10 6 11 4 1 7 8 8 1 2 6 6 11 7
split_gain=2545.63 33.5928 37.3488 27.0644 19.3084 16.4112 7.87666 7.5877 21.4246 24.7574 21.6583 16.3816 13.4347 17.9415 14.0639 23.7197 24.8224 17.2433 12.8971 12.7137 15.125 12.7501 11.5707 14.353 21.8678 13.4615 12.8788 12.3721 11.3244 10.7679
threshold=1.0000000180025095e-35 1.0000000180025095e-35 1.2995021872570922 0.1318557721318592 -0.21861968191509915 0.90892735371523092 958.30645161290329 863.22500000000002 -0.93237865822738086 493.74193548387103 -0.65882179392489248 974.1532258064517 0.28595588557473145 964.8693548387098 965.45645161290338 -0.32614396506100213 941.01250000000016 0.95752911693909493 14.593548387096776 0.84171899494526559 30.2741935483871 -0.60555643346685839 0.95938219844953276 0.75011860976965206 10.951612903225808 967.53709677419363 0.86113431103781346 0.57077594689671507 36.779032258064525 -0.65883892954715351
decision_type=2 2 2 2 2 2 2 2 2 2 2 2 2 2 2 2 2 2 2 2 2 2 2 2 2 2 2 2 2 2
left_child=1 -1 -3 -4 -5 -6 7 8 -2 19 -11 12 13 29 15 18 -17 22 -14 20 -10 -21 23 26 -25 -24 27 -16 -22 -9
right_child=6 2 3 4 5 -7 -8 11 9 10 -12 -13 14 -15 17 16 -18 -19 -20 21 28 -23 25 24 -26 -27 -28 -29 -30 -31
leaf_value=-2.3658450828400592e-07 -0.00065456717187979967 4.4669338186807045e-06 -2.3658450828400592e-07 3.0345958336690871e-08 -2.3658450828400592e-07 -5.8811963850506331e-07 0.0003430058499869715 0.00014559860348844651 0.00034665191836331379 -3.5803679720997074e-05 0.00090265976587813326 0.00075832811177340982 -0.00035891987465944131 -8.7006556989292074e-06 -9.7040166379763773e-06 -0.00052803811148016764 0.00036926299622296326 -0.0010978951920641411 -0.0015902536774854371 -4.4733560466033901e-05 -9.3510388057646554e-05 -1.31710393189751e-05 0.00017759846318708418 -0.00019486128232567014 0.0013805987307997981 -0.001001099899069552 0.00035866641530994951 -0.000734605596615209 0.00065227083931726634 2.3170454090015542e-05
leaf_weight=6198 98 75 250 60 92 41 127 68 512 335 597 69 57 385 794 258 143 45 172 51 1802 297 41 62 79 49 123 170 240 99
leaf_count=6198 98 75 250 60 92 41 127 68 512 335 597 69 57 385 794 258 143 45 172 51 1802 297 41 62 79 49 123 170 240 99
internal_value=-0.0212659 -0.0429954 -0.0306358 -0.0361486 -0.0219072 -0.0324627 0.000606832 0.00036658 0.00175439 0.00234681 0.00943194 -0.00172084 -0.00237628 0.0045208 -0.00428786 -0.0104596 -0.00310945 -0.00142962 -0.0232609 6.88942e-05 0.00129159 -0.00888252 -0.000379075 0.000895037 0.0158451 -0.0175824 -0.00105699 -0.00300518 -0.000636319 0.0181548
internal_weight=13389 6716 518 443 193 133 6673 6546 3932 3834 932 2614 2545 552 1993 630 401 1363 229 2902 2554 348 1318 1228 141 90 1087 964 2042 167
internal_count=13389 6716 518 443 193 133 6673 6546 3932 3834 932 2614 2545 552 1993 630 401 1363 229 2902 2554 348 1318 1228 141 90 1087 964 2042 167
is_linear=0
shrinkage=0.05


Tree=139
num_leaves=31
num_cat=0
split_feature=3 5 5 10 5 5 6 5 8 4 10 9 3 9 9 11 1 1 10 9 9 6 11 11 10 6 6 8 9 8
split_gain=2462.28 95.8781 355.992 127.551 82.6436 36.2435 19.3796 10.6375 12.3089 11.3994 11.1346 10.9262 14.8651 10.6554 10.1768 8.72304 10.0223 8.47091 8.28085 7.7602 9.76592 14.1591 10.7077 11.5761 12.8786 13.1523 10.6097 7.94158 18.8651 8.57968
threshold=1.0000000180025095e-35 17.500000000000004 3.5000000000000004 650.16875000000016 5.5000000000000009 16.500000000000004 0.022575936829235418 11.500000000000002 -0.99940763397299126 0.74877653895864404 489.18124999999992 0.59004310983071195 0.027745800144117986 0.315961146185463 -0.6905596507703472 32.45645161290323 47.370967741935495 38.112903225806456 946.14375000000007 -0.99628250747696534 -0.98523800472371936 -0.99275805973510278 4.5467741935483881 24.806451612903228 779.90000000000009 -0.78326540922535159 0.67802080537253961 -0.95244167294248061 0.14889004263668562 -0.43733782138609528
decision_type=2 2 2 2 2 2 2 2 2 2 2 2 2 2 2 2 2 2 2 2 2 2 2 2 2 2 2 2 2 2
left_child=1 2 -1 4 -4 -6 -7 8 -2 10 15 12 -12 19 -11 16 -10 18 -15 -14 -21 -22 -23 27 26 -26 -25 28 -24 -29
right_child=7 -3 3 -5 5 6 -8 -9 9 14 11 -13 13 17 -16 -17 -18 -19 -20 20 21 22 23 24 25 -27 -28 29 -30 -31
leaf_value=-2.2475528286980563e-07 0.0019563157056223081 -2.2475528286980563e-07 -2.2475528286980563e-07 -2.8404753657626152e-08 8.4453529915692891e-07 -2.2475528286980563e-07 -2.2812369645257205e-07 -1.7820434829543539e-05 0.0013579558986137497 5.0765418031367693e-05 0.00053454113967597654 -0.00013434445154217878 0.00089126852199326867 -0.00016165795889192536 0.0014931260906495269 0.0033457328964315858 -7.7089585126144399e-06 0.00099361543550425808 0.00039500127551905795 -0.00056665749365207021 0.0012768859442098296 0.00045787734499300739 -6.8180528689870679e-05 -0.0008820126878841387 0.0019631562507594182 0.00041591401153160957 0.0013585723259010307 -0.00059809838964768329 0.0013089869862154603 -8.9799380350413801e-05
leaf_weight=2238 40 3136 357 637 187 83 91 3287 77 46 43 653 76 93 60 47 147 127 63 95 40 115 175 70 47 69 62 346 51 817
leaf_count=2238 40 3136 357 637 187 83 91 3287 77 46 43 653 76 93 60 47 147 127 63 95 40 115 175 70 47 69 62 346 51 817
internal_value=-0.0215274 -0.0428455 -0.0372426 -0.0169985 -0.0314325 -0.0145028 -0.0308571 6.01775e-05 0.00203869 0.00170181 0.00116677 0.000271831 0.00189956 0.00133511 0.017757 0.0108456 0.00666667 0.0103873 0.00254777 2.54582e-05 -0.00060911 0.00022309 -0.000456361 -0.00149573 0.00843373 0.0205128 -0.00225564 -0.00327338 0.00528634 -0.00493986
internal_weight=13375 6729 3593 1355 718 361 174 6646 3359 3319 3213 2942 2289 2246 106 271 224 283 156 1963 1887 1792 1752 1637 248 116 132 1389 226 1163
internal_count=13375 6729 3593 1355 718 361 174 6646 3359 3319 3213 2942 2289 2246 106 271 224 283 156 1963 1887 1792 1752 1637 248 116 132 1389 226 1163
is_linear=0
shrinkage=0.05


Tree=140
num_leaves=31
num_cat=0
split_feature=3 5 5 7 5 5 10 7 9 7 3 11 6 11 3 10 3 1 10 7 3 11 7 10 10 3 10 3 3 10
split_gain=2486.88 97.6021 347.321 95.8845 90.8923 24.2633 21.2498 19.0448 5.71891 17.1652 13.0031 8.57875 8.27612 10.1054 7.13271 7.40008 18.5982 16.6206 11.7562 6.8289 11.0772 12.0897 9.37764 6.77956 6.55593 21.7371 12.8921 9.06631 12.9422 24.1763
threshold=1.0000000180025095e-35 17.500000000000004 3.5000000000000004 0.53312596302726967 5.5000000000000009 16.500000000000004 650.16875000000016 0.79253265336324141 0.98005052076767474 -0.98667386918526234 0.81795253926968026 25.835483870967746 -0.01397611846945947 11.56935483870968 0.93443043542271786 489.18124999999992 0.23285924126647481 44.338709677419359 479.71249999999986 0.93158198870884079 0.17081877253930289 14.175806451612905 0.96407344085605606 502.24999999999994 546.78750000000002 0.3127056391835944 498.5499999999999 0.28595588557473145 0.57887722085811588 761.02499999999986
decision_type=2 2 2 2 2 2 2 2 2 2 2 2 2 2 2 2 2 2 2 2 2 2 2 2 2 2 2 2 2 2
left_child=1 2 -1 -4 6 -6 -5 -7 9 -2 11 12 -10 -14 15 16 -11 -18 -19 24 -21 23 -23 -22 25 -17 -27 -26 -29 -30
right_child=8 -3 3 4 5 7 -8 -9 10 14 -12 -13 13 -15 -16 19 17 18 -20 20 21 22 -24 -25 27 26 -28 28 29 -31
leaf_value=-2.1351751872631537e-07 0.00037543361491760435 -2.1351751872631537e-07 -6.3034119709503704e-08 -2.1351751872631537e-07 -4.6227473943560375e-07 -2.1256751774968919e-07 -5.1325417708331514e-07 -2.1351751872631537e-07 0.00039289635844946477 -0.00016048511048563226 -0.00039634156255727304 -0.0008395041017116953 -0.00065105656048347203 0.00015129130304265671 0.00048186934171156053 -0.00012637261054472134 0.0042688599216179346 0.0031784462516100068 -0.0013824858889589066 0.00012763788302019657 0.0024439539023406614 -0.0044917585687444476 -0.00087420408375641495 -0.00084549102036100008 1.9070832610385255e-05 -0.00026478858314383239 0.0035701962781680488 -0.00018061895445758286 0.00061424084420615979 -6.4147246772948424e-05
leaf_weight=2234 64 3128 566 352 229 65 42 116 80 109 50 41 88 59 113 144 49 119 56 53 42 45 58 63 1308 61 148 1754 421 1732
leaf_count=2234 64 3128 566 352 229 65 42 116 80 109 50 41 88 59 113 144 49 119 56 53 42 45 58 63 1308 61 148 1754 421 1732
internal_value=-0.0214078 -0.0428338 -0.0371983 -0.0173596 -0.0284472 -0.0119221 -0.0455696 -0.0255495 0.000262842 0.000591483 -0.00626959 -0.00185874 0.00197368 -0.00506757 0.000326641 9.73552e-05 0.00733533 0.0155556 0.00823864 -0.000317324 -0.00820611 -0.0133971 -0.0254808 -0.00141509 5.38696e-05 0.00663842 0.0169048 -0.000393021 -0.00159928 0.000998143
internal_weight=13389 6732 3604 1370 804 410 394 181 6657 6339 318 268 227 147 6275 6162 333 224 175 5829 261 208 103 105 5568 353 209 5215 3907 2153
internal_count=13389 6732 3604 1370 804 410 394 181 6657 6339 318 268 227 147 6275 6162 333 224 175 5829 261 208 103 105 5568 353 209 5215 3907 2153
is_linear=0
shrinkage=0.05


Tree=141
num_leaves=31
num_cat=0
split_feature=0 4 5 5 7 5 5 0 5 10 10 0 10 2 10 8 1 10 10 5 10 2 7 5 6 4 7 4 2 8
split_gain=2296.18 144.875 81.415 306.685 113.724 65.9255 56.5612 45.6013 34.3748 24.5235 20.1307 26.4863 14.7367 13.1014 10.2353 9.18271 8.93487 8.88118 8.52312 8.34127 5.73488 13.0584 10.8227 10.4334 11.1094 12.0671 9.30753 8.86224 8.59283 7.83317
threshold=1.0000000180025095e-35 1.2995021872570922 17.500000000000004 3.5000000000000004 0.53312596302726967 17.500000000000004 5.5000000000000009 50.209677419354847 6.5000000000000009 650.16875000000016 761.02499999999986 14.258064516129034 757.15000000000009 965.45645161290338 588.53125 -0.99940763397299126 43.274193548387103 938.30000000000007 887.36874999999998 4.5000000000000009 489.18124999999992 956.59193548387111 0.93158198870884079 13.500000000000002 0.091259403071267925 0.51263287199280061 0.9980355542543059 0.51263287199280061 957.90000000000009 0.10196183112029107
decision_type=2 2 2 2 2 2 2 2 2 2 2 2 2 2 2 2 2 2 2 2 2 2 2 2 2 2 2 2 2 2
left_child=2 15 3 -1 12 10 9 -7 14 -6 11 -3 -5 -14 -8 -2 -13 18 19 -15 23 29 -23 24 26 28 -17 -24 -26 -22
right_child=1 5 -4 4 6 7 8 -9 -10 -11 -12 16 13 17 -16 20 -18 -19 -20 -21 21 22 27 -25 25 -27 -28 -29 -30 -31
leaf_value=-2.0284164278999958e-07 0.00097653489137046196 -6.0173566138483901e-07 -2.0284164278999958e-07 1.1547419790504828e-06 -2.0284164278999958e-07 -2.0284164278999958e-07 1.5414197892299532e-06 -1.2031014237391018e-06 -2.0284164278999958e-07 -7.228212199092582e-07 5.7524201090027071e-07 -2.5809863386521245e-06 -6.6380698670662542e-06 3.636004495367533e-06 -0.00015255027015727998 -0.00087112516718676762 1.1206194900107371e-06 4.8924064169526485e-05 -2.4025723214094082e-05 -4.0037136174767226e-05 -0.0012714612756902139 9.8995386188223758e-06 -0.00086522090911520801 -0.00016833120962362193 0.0043278221390986053 0.0075142687589346731 0.00042710898864988732 6.9800383602758312e-05 2.3949845143750316e-05 -0.00029141306860990397
leaf_weight=2254 77 55 2784 128 331 265 142 59 76 41 47 68 207 57 46 74 119 56 63 54 77 5390 159 120 50 63 80 107 94 148
leaf_count=2254 77 55 2784 128 331 265 142 59 76 41 47 68 207 57 46 74 119 56 63 54 77 5390 159 120 50 63 80 107 94 148
internal_value=-0.0215054 -0.00195661 -0.0435978 -0.0384404 -0.0180116 -0.0251629 -0.0324961 -0.0406154 -0.014717 -0.0450402 -0.00775862 -0.0135802 -0.00167845 -0.00605023 -0.0031746 0.000256211 -0.00452128 0.0021645 -0.00342857 0.00491071 4.71476e-05 -0.000382523 8.83861e-05 0.00529046 0.00953039 0.0170673 -0.000645161 -0.00973783 0.00896552 -0.0121681
internal_weight=13291 7052 6239 3455 1201 613 636 324 264 372 289 242 565 437 188 6439 187 230 174 111 6362 5881 5656 481 361 207 154 266 144 225
internal_count=13291 7052 6239 3455 1201 613 636 324 264 372 289 242 565 437 188 6439 187 230 174 111 6362 5881 5656 481 361 207 154 266 144 225
is_linear=0
shrinkage=0.05


Tree=142
num_leaves=31
num_cat=0
split_feature=3 5 5 7 5 5 7 0 6 9 0 5 3 0 5 3 11 3 7 7 11 6 2 11 11 2 7 3 3 11
split_gain=2449.22 93.9255 341.924 112.366 68.2484 26.4783 26.5059 13.5968 11.6529 7.72381 7.095 5.88264 10.7149 13.4422 10.704 6.86689 6.40488 9.38711 10.7626 20.6152 11.645 11.4504 9.86064 9.50067 15.8348 9.43665 8.10389 9.48322 16.39 11.894
threshold=1.0000000180025095e-35 17.500000000000004 3.5000000000000004 0.53312596302726967 5.5000000000000009 16.500000000000004 0.78724360164103002 963.50000000000011 -0.59869031648930193 -0.97507822412530132 35.306451612903231 7.5000000000000009 0.078610432266089436 4.0967741935483879 6.5000000000000009 0.13220207142808546 13.979032258064519 0.040606292711811758 -0.7444366621422277 -0.70900320270980455 21.440322580645169 0.52766072109828632 966.34032258064519 49.230645161290333 58.579032258064522 968.80483870967748 -0.99168640063982161 0.15359453780287222 0.12307490891423363 8.7209677419354872
decision_type=2 2 2 2 2 2 2 2 2 2 2 2 2 2 2 2 2 2 2 2 2 2 2 2 2 2 2 2 2 2
left_child=1 2 -1 9 8 -6 -7 11 -5 -4 -3 12 13 -2 -14 -16 26 -18 20 -20 21 22 -19 -21 -25 -22 -13 28 29 -28
right_child=7 10 3 4 5 6 -8 -9 -10 -11 -12 16 14 -15 15 -17 17 18 19 23 25 -23 -24 24 -26 -27 27 -29 -30 -31
leaf_value=-1.9269956065049959e-07 -1.3021071860554526e-05 -1.9269956065049959e-07 3.8660169399827679e-06 -1.9269956065049959e-07 -1.4856982006300966e-06 -1.9179705972270475e-07 -1.9269956065049959e-07 0.00064809801157875158 -1.9269956065049959e-07 -2.8909790395227031e-07 -1.9269956065049959e-07 -0.00037643588982357317 -8.6698491057871089e-06 0.00086046784177722319 -0.00082288525320978331 -0.0003768475777782915 1.5746879201269166e-05 0.00027003425537718148 -0.0013820205439691092 -7.6146063776573458e-05 8.8562712518627795e-06 0.00129896837462965 9.6630160366199813e-06 0.001553385310010702 -0.00098281978213311523 -0.00068396728010300389 -5.38932957845881e-05 0.00011355624461331232 -0.00012139691971677723 2.0327417884690525e-05
leaf_weight=2223 189 3092 78 65 196 62 124 101 314 499 41 40 430 57 49 403 63 131 58 2210 248 56 270 98 41 55 48 1905 56 139
leaf_count=2223 189 3092 78 65 196 62 124 101 314 499 41 40 430 57 49 403 63 131 58 2210 248 56 270 98 41 55 48 1905 56 139
internal_value=-0.0214773 -0.042823 -0.0372403 -0.0172517 -0.0298556 -0.0148825 -0.0283422 2.25632e-05 -0.0448684 -0.000605536 -0.0491544 -0.000259661 -0.00354296 0.00566802 -0.00611552 -0.011479 0.000424433 -0.000990405 -0.00137311 -0.0030108 0.00381078 0.00884279 0.00584577 -0.0022766 0.0103571 -0.00378289 0.00251256 0.0029316 -0.00635246 0.000797872
internal_weight=13341 6694 3561 1338 761 382 186 6647 379 577 3133 6546 1128 246 882 452 5418 3230 3167 2407 760 457 401 2349 139 303 2188 2148 243 187
internal_count=13341 6694 3561 1338 761 382 186 6647 379 577 3133 6546 1128 246 882 452 5418 3230 3167 2407 760 457 401 2349 139 303 2188 2148 243 187
is_linear=0
shrinkage=0.05


Tree=143
num_leaves=31
num_cat=0
split_feature=3 0 7 6 10 8 0 6 10 2 1 3 6 11 6 0 7 7 11 2 9 10 11 10 10 7 0 11 0 1
split_gain=2497.5 35.6546 36.4546 25.3386 16.6043 11.4234 10.3319 8.86633 23.1693 16.2682 16.21 16.1705 10.1915 16.3235 9.9216 10.5262 9.71317 8.97719 9.93185 8.15553 12.0815 14.3897 9.70422 7.75491 15.1579 20.5857 30.0139 20.303 17.8704 15.4328
threshold=1.0000000180025095e-35 1.0000000180025095e-35 0.1318557721318592 0.12545942051955489 728.05000000000018 0.92273069556937592 2.3709677419354844 -0.69057362043749781 696.87499999999977 967.11129032258077 69.435483870967758 0.28595588557473145 -0.98523971305672675 18.46612903225807 -0.76141707087277943 213.16129032258067 -0.21022037796396451 -0.056951011027366626 12.101612903225808 961.03387096774202 -0.19969970580767249 769.45000000000005 28.766129032258068 936.69375000000002 819.36874999999986 -0.93237865822738086 645.69354838709694 14.062903225806453 130.30645161290326 17.370967741935488
decision_type=2 2 2 2 2 2 2 2 2 2 2 2 2 2 2 2 2 2 2 2 2 2 2 2 2 2 2 2 2 2
left_child=1 -1 6 4 -4 -5 -3 8 14 11 17 -10 13 -13 15 -2 -12 18 -11 -14 21 -21 -23 24 25 -9 29 28 -26 -27
right_child=7 2 3 5 -6 -7 -8 23 9 10 16 12 19 -15 -16 -17 -18 -19 -20 20 -22 22 -24 -25 27 26 -28 -29 -30 -31
leaf_value=-1.8306458261797462e-07 -0.00012924704795226811 -1.8306458261797462e-07 -7.0605989624637521e-07 -1.8306458261797462e-07 8.3189002669544778e-07 -5.8465102974293028e-07 -1.8306458261797462e-07 -0.00051628977197127333 4.935234551209643e-05 -0.00036959732146135823 0.0027816453275001569 1.8363106695092059e-05 -0.001174615708400767 -0.0017256479037831786 -2.910988935773823e-05 -0.0016247810264103852 0.00056188206631074681 9.2791214517887191e-05 7.2976539177210814e-05 0.0016702823956952829 -0.00055045729108010866 -0.0002768993883383697 0.000276629830109907 9.9885286001956028e-05 -6.4046706657360777e-05 0.00033679200161075497 0.00094545785176602395 -0.00027942602473117473 9.4898733500135141e-05 -5.7275338268436561e-06
leaf_weight=6217 40 44 73 95 40 41 226 104 241 102 52 48 58 69 48 93 137 258 109 47 116 247 64 995 140 399 263 602 490 1891
leaf_count=6217 40 44 73 95 40 41 226 104 241 102 52 48 58 69 48 93 137 258 109 47 116 247 64 995 140 399 263 602 490 1891
internal_value=-0.021382 -0.0428084 -0.0300962 -0.0162 0.00131579 -0.0306569 -0.0428044 0.000446024 -0.00263006 -0.000645578 0.00531108 -0.00505051 -0.00915385 -0.0224576 -0.0195055 -0.0264925 0.0176316 0.000319149 -0.00731132 -0.00619137 -0.004 0.000557103 -0.00336538 0.00153531 0.000526992 0.00265237 0.00354346 -0.00405515 0.0022187 0.00170231
internal_weight=13349 6736 519 249 113 136 270 6613 1729 1548 658 890 649 117 181 133 189 469 211 532 474 358 311 4884 3889 2657 2553 1232 630 2290
internal_count=13349 6736 519 249 113 136 270 6613 1729 1548 658 890 649 117 181 133 189 469 211 532 474 358 311 4884 3889 2657 2553 1232 630 2290
is_linear=0
shrinkage=0.05


Tree=144
num_leaves=31
num_cat=0
split_feature=3 5 5 10 5 5 8 0 8 11 11 9 10 9 10 3 8 9 2 9 10 0 10 2 11 10 11 4 0 7
split_gain=2496.09 97.9978 336.226 100.622 83.8167 43.8758 16.0133 7.70496 7.40279 10.1196 6.92912 6.79809 13.965 8.98364 10.7076 16.7832 8.19004 6.5207 19.6449 10.7497 7.82636 5.80337 8.53109 6.23368 5.7919 9.2628 5.78363 11.2026 10.9855 9.43768
threshold=1.0000000180025095e-35 17.500000000000004 3.5000000000000004 650.16875000000016 5.5000000000000009 16.500000000000004 -0.049435780479547518 33.306451612903231 -0.998663445439673 12.511290322580647 18.917741935483871 -0.99628250747696534 758.95000000000016 -0.98523800472371936 734.1812500000002 0.30124888201733763 -0.0053757035942445328 -0.96687281075841669 963.85322580645175 -0.9575230291762723 885.95624999999984 2.8548387096774199 709.58125000000007 970.87903225806463 11.406451612903227 529.01250000000016 33.050000000000004 0.80400985514454615 189.45161290322582 0.70747208174348741
decision_type=2 2 2 2 2 2 2 2 2 2 2 2 2 2 2 2 2 2 2 2 2 2 2 2 2 2 2 2 2 2
left_child=1 2 -1 4 -4 10 -7 -3 9 -2 24 12 -10 14 -13 -16 -14 18 -15 -19 -20 22 -5 -24 25 -6 -21 28 29 -28
right_child=8 7 3 21 5 6 -8 -9 11 -11 -12 13 16 17 15 -17 -18 19 20 26 -22 -23 23 -25 -26 -27 27 -29 -30 -31
leaf_value=-1.7391135348707588e-07 0.001820742246123397 -1.7391135348707588e-07 -1.7391135348707588e-07 7.1256098388252732e-07 -2.6307005520294471e-05 -1.7391135348707588e-07 -1.8982180314520515e-07 -1.7391135348707588e-07 0.0031001494774013597 -1.0276161016063494e-05 -3.7238916116520847e-06 0.00063404388657515025 0.00040884370750493559 -0.00064685714051901247 6.3649237475799794e-05 -0.0012427108603239147 -0.00015072858919757266 -0.0012002222153971725 0.00011642375124868259 -6.0013810373827924e-06 0.0016631216943365523 -6.6763182269573062e-07 -3.0280661415258403e-06 2.8756093844058637e-06 6.6575027177739762e-06 1.5814746001291737e-05 0.00050159310821748244 -0.00014122453279249436 0.00082071114608895659 -0.00029160348432384148
leaf_weight=2174 53 3159 345 101 45 75 95 47 65 63 62 40 43 52 41 115 82 72 92 5296 52 42 454 46 43 44 41 88 301 117
leaf_count=2174 53 3159 345 101 45 75 95 47 65 63 62 40 43 52 41 115 82 72 92 5296 52 42 454 46 43 44 41 88 301 117
internal_value=-0.0214634 -0.0428932 -0.0371137 -0.0175166 -0.030493 -0.0136986 -0.0321637 -0.049236 0.000355307 0.0128205 0.0025641 0.000130809 0.00942408 -0.000150602 -0.0106599 -0.0165605 -0.000396825 0.000188154 0.00913706 -0.000109872 0.0186207 -0.00318323 -0.0019103 -0.00459082 0.00902256 0.00166667 0.000128337 0.00501825 0.00815217 -0.00251572
internal_weight=13345 6732 3526 1352 709 364 170 3206 6613 116 194 6497 190 6307 196 156 125 6111 196 5915 144 643 601 500 132 89 5843 547 459 158
internal_count=13345 6732 3526 1352 709 364 170 3206 6613 116 194 6497 190 6307 196 156 125 6111 196 5915 144 643 601 500 132 89 5843 547 459 158
is_linear=0
shrinkage=0.05


Tree=145
num_leaves=31
num_cat=0
split_feature=3 5 5 10 5 5 4 9 10 2 1 5 5 9 10 4 3 10 3 2 3 7 10 1 6 6 10 10 6 2
split_gain=2447.93 97.9502 355.571 100.07 95.4995 43.2035 17.6187 7.53075 10.2858 9.52556 8.79997 10.2456 8.90224 13.0092 11.2776 7.52781 9.71502 9.15825 16.9432 12.7927 11.8489 14.2823 16.5454 18.7335 13.6486 13.6226 33.0823 19.6076 18.6565 17.4856
threshold=1.0000000180025095e-35 17.500000000000004 3.5000000000000004 650.16875000000016 5.5000000000000009 16.500000000000004 0.056651562568230139 0.39629089145655322 887.36874999999998 967.85967741935485 17.758064516129036 4.5000000000000009 4.5000000000000009 -0.70291145964310642 705.37500000000011 0.94502159163383459 0.12307490891423363 471.53124999999983 0.31070610698796824 966.92096774193556 0.28595588557473145 0.94353349168649059 546.78750000000002 47.370967741935495 1.0000000180025095e-35 -0.59176244063315286 672.56875000000002 961.90000000000009 -0.66528616069191593 966.04032258064524
decision_type=2 2 2 2 2 2 2 2 2 2 2 2 2 2 2 2 2 2 2 2 2 2 2 2 2 2 2 2 2 2
left_child=1 2 -1 4 -4 -6 -7 8 10 -10 11 -5 13 -12 -14 17 -17 18 -2 -20 24 22 23 -22 -19 26 -24 28 29 -28
right_child=15 -3 3 7 5 6 -8 -9 9 -11 12 -13 14 -15 -16 16 -18 20 19 -21 21 -23 25 -25 -26 -27 27 -29 -30 -31
leaf_value=-1.6521578581272208e-07 -0.00022369642787818078 -1.6521578581272208e-07 -1.6521578581272208e-07 -8.9831422405350685e-06 1.3603710009366283e-06 -1.6521578581272208e-07 -1.8033071298794491e-07 6.7034167945431198e-05 -1.8108019618012584e-05 8.764377670721058e-06 2.9106738767358197e-06 9.2348457135236673e-07 1.0253955692106618e-06 -2.3306049758428018e-07 -1.4123907155769094e-06 -3.9934179175867764e-06 -0.00010098894756062141 0.00010808173048246599 0.00082176154968469366 0.0062786826983166543 0.0040829859061009555 -0.0011619333263843234 -0.0016959335790905307 0.00044113961426830718 -7.8752085331514062e-06 2.2470723291314473e-05 -0.0003261076525389317 -0.00094714643282697852 0.00043792914418865905 0.00010248578772384387
leaf_weight=2240 88 3162 350 61 193 69 113 68 83 42 92 48 53 50 144 262 101 696 66 48 87 243 116 232 632 2754 487 117 46 659
leaf_count=2240 88 3162 350 61 193 69 113 68 83 42 92 48 53 50 144 262 101 696 66 48 87 243 116 232 632 2754 487 117 46 659
internal_value=-0.0215996 -0.0427537 -0.0370945 -0.0169715 -0.0296832 -0.0121011 -0.0295082 -0.00257009 -0.00444251 -0.0170635 -0.000890869 -0.0131818 0.00308824 0.0125874 -0.00378788 -1.50716e-05 -0.00700549 0.000390625 0.0108374 0.0234783 4.11862e-05 -0.00112822 -0.000488998 0.0104688 0.00421369 -0.00132775 -0.00529453 -0.00301527 -0.00108969 -0.00235397
internal_weight=13402 6768 3606 1366 725 375 182 641 573 125 448 109 339 142 197 6634 363 6271 202 114 6069 4741 4498 319 1328 4179 1425 1309 1192 1146
internal_count=13402 6768 3606 1366 725 375 182 641 573 125 448 109 339 142 197 6634 363 6271 202 114 6069 4741 4498 319 1328 4179 1425 1309 1192 1146
is_linear=0
shrinkage=0.05


Tree=146
num_leaves=31
num_cat=0
split_feature=3 5 5 7 5 5 8 7 5 4 3 0 7 7 2 8 1 6 1 2 6 3 2 6 3 11 0 4 11 6
split_gain=2424.49 89.5282 333.024 99.0319 66.7457 26.4951 22.1708 17.3186 7.27251 21.3496 10.1818 9.25793 17.7001 12.6292 9.13831 12.6271 18.8248 8.678 11.3382 8.15221 8.09809 16.3191 15.7049 15.3489 8.85025 8.94362 10.3436 9.03768 8.35852 7.42839
threshold=1.0000000180025095e-35 17.500000000000004 3.5000000000000004 0.53312596302726967 5.5000000000000009 16.500000000000004 -0.96688789938088693 0.79253265336324141 10.500000000000002 0.72577375167846625 0.027745800144117986 130.30645161290326 -0.65883892954715351 -0.56369940867848845 962.8435483870968 0.20391355282604834 74.080645161290334 -0.83377653105606597 15.435483870967744 971.3435483870968 -0.59176244063315286 0.28595588557473145 960.32419354838714 -0.94705910369513524 0.4714123987677139 16.856451612903232 428.25806451612908 0.75227389608025763 16.082258064516136 -0.98523971305672675
decision_type=2 2 2 2 2 2 2 2 2 2 2 2 2 2 2 2 2 2 2 2 2 2 2 2 2 2 2 2 2 2
left_child=1 2 -1 -4 6 -6 -5 -7 9 10 -2 13 -13 -12 15 16 -14 18 -16 29 21 23 -23 -10 -24 26 -26 -28 -25 -20
right_child=8 -3 3 4 5 7 -8 -9 20 -11 11 12 14 -15 17 -17 -18 -19 19 -21 -22 22 24 28 25 -27 27 -29 -30 -31
leaf_value=-1.5695499652208599e-07 0.00038970068056017135 -1.5695499652208599e-07 -2.8502296677584153e-07 -1.5695499652208599e-07 -6.8759469440982092e-07 -1.5707505914551353e-07 -1.5695499652208599e-07 -1.5695499652208599e-07 8.0436035356125119e-05 0.001441245309874567 0.00010220488107460513 -0.00013184049454637581 -0.0022796442655028783 -0.00028299825873330796 -0.00036025275859109254 0.001284532149194559 0.00026151139373904595 0.00078324659999892969 -0.00035886826085051727 -0.00047152776820090785 -4.9476624264695179e-06 -0.0026499301279114362 -0.00041726205672715233 -4.2430220878437663e-05 0.00095463594058719104 -0.00036475248817106621 -0.00027499640329254059 0.00030382841834080689 1.8296233835116274e-05 0.00075174125956168356
leaf_weight=2261 62 3146 592 53 196 60 340 119 95 65 193 615 64 706 80 96 58 634 58 43 2635 54 201 115 44 355 156 92 79 129
leaf_count=2261 62 3146 592 53 196 60 340 119 95 65 193 615 64 706 80 96 58 634 58 43 2635 54 201 115 44 355 156 92 79 129
internal_value=-0.0219825 -0.0430334 -0.0376449 -0.0180749 -0.029909 -0.0147606 -0.0442893 -0.0286111 -0.000490196 0.00144437 0.000766703 0.000298842 0.00239033 -0.00383333 0.00601892 -0.00319635 -0.0138211 0.00814815 0.00128617 0.00692641 -0.0019075 -0.00532718 -0.00863787 0.005 -0.00694935 -0.00408951 0.00238908 -0.00160643 -0.00307692 0.0114362
internal_weight=13396 6767 3621 1360 768 375 393 179 6629 2803 2738 2676 1777 899 1162 218 122 944 310 230 3826 1191 902 289 848 647 292 248 194 187
internal_count=13396 6767 3621 1360 768 375 393 179 6629 2803 2738 2676 1777 899 1162 218 122 944 310 230 3826 1191 902 289 848 647 292 248 194 187
is_linear=0
shrinkage=0.05


Tree=147
num_leaves=31
num_cat=0
split_feature=3 5 5 7 5 5 7 11 0 7 0 0 6 9 2 7 3 3 6 1 6 2 1 4 6 6 6 6 3 11
split_gain=2414.2 94.6323 350.486 114.115 81.4714 21.4277 24.2221 7.89482 6.84348 7.82205 6.51851 17.9071 5.8403 5.62791 6.27422 14.3323 5.5432 17.1165 10.7438 12.1066 7.899 10.6559 10.3858 12.7862 9.99951 15.8006 8.20574 9.82633 7.36919 11.6792
threshold=1.0000000180025095e-35 17.500000000000004 3.5000000000000004 0.53312596302726967 5.5000000000000009 16.500000000000004 0.79253265336324141 23.006451612903231 958.30645161290329 -0.95502570686053045 1.0000000180025095e-35 1.4354838709677422 -0.59869031648930193 0.45847758937963173 969.41129032258073 0.29958852271690523 0.078610432266089436 0.093573053361780942 -0.54939360607974019 25.241935483870972 -0.59176244063315286 960.63709677419365 81.887096774193566 0.23450808754852567 -0.95754239937548935 -0.98523971305672675 -0.92274349529687905 -0.78326540922535159 0.35255791342051174 34.225806451612911
decision_type=2 2 2 2 2 2 2 2 2 2 2 2 2 2 2 2 2 2 2 2 2 2 2 2 2 2 2 2 2 2
left_child=1 2 -1 7 12 -6 -7 13 16 -10 -3 -12 -5 14 -4 -16 18 -18 -2 -20 21 -19 -23 -24 25 -25 -26 -28 -22 -30
right_child=8 10 3 4 5 6 -8 -9 9 -11 11 -13 -14 -15 15 -17 17 20 19 -21 28 22 23 24 26 -27 27 -29 29 -31
leaf_value=-1.491072466959817e-07 3.398360166042234e-05 -1.491072466959817e-07 -1.8213757613432742e-06 -1.491072466959817e-07 -3.6985658046996457e-07 -1.4824386768340519e-07 -1.491072466959817e-07 1.5332751831894822e-06 -0.00023508568737075908 0.00075439725846822574 -1.3352289593811778e-07 -1.491072466959817e-07 -1.491072466959817e-07 6.3852933151372062e-05 4.6703928337577753e-05 -1.9444077505674223e-07 -9.2359876628444722e-05 -0.001363752253605849 -5.3296110645842389e-05 2.1671954771676267e-05 -3.7340205754782256e-05 -9.6903944892162699e-05 -0.00065680266971572326 3.4005431828632028e-06 -0.0015649218384388847 0.0023949611297832078 0.0006162496143327479 -0.00053772620682315103 4.0885599155743302e-05 0.00073051111917522013
leaf_weight=2235 175 2815 344 61 198 65 124 54 40 91 46 287 301 57 58 55 78 106 69 243 1294 1281 56 59 48 63 125 62 2573 275
leaf_count=2235 175 2815 344 61 198 65 124 54 40 91 46 287 301 57 58 55 78 106 69 243 1294 1281 56 59 48 63 125 62 2573 275
internal_value=-0.0216583 -0.0428294 -0.037208 -0.0167299 -0.0295333 -0.0135309 -0.0255263 0.000175747 -0.000286188 0.0109848 -0.0491585 -0.0420659 -0.0465565 -0.00174757 -0.00360262 0.00657895 -0.000514751 -0.000930078 0.00461066 -0.000958466 -0.000622581 -0.00338701 -0.00241888 0.0044686 0.00796089 0.0195122 0.00190678 0.00664894 0.00057929 0.0020007
internal_weight=13338 6700 3552 1317 749 387 189 568 6638 131 3148 333 362 514 457 113 6507 6020 487 312 5942 1800 1694 413 357 122 235 187 4142 2848
internal_count=13338 6700 3552 1317 749 387 189 568 6638 131 3148 333 362 514 457 113 6507 6020 487 312 5942 1800 1694 413 357 122 235 187 4142 2848
is_linear=0
shrinkage=0.05


Tree=148
num_leaves=31
num_cat=0
split_feature=0 4 5 5 10 5 0 5 5 10 0 10 2 10 6 2 10 9 2 10 1 0 10 10 4 10 4 5 4 10
split_gain=2290.74 166.257 86.2551 318.224 134.042 76.1211 72.2826 55.0312 40.6262 12.7067 15.4722 12.0464 13.3505 11.9005 16.2845 7.79088 9.21795 7.28316 7.24915 6.40089 39.4607 19.7066 15.6721 11.6285 11.4214 9.2366 10.3589 9.59268 17.1321 11.5278
threshold=1.0000000180025095e-35 1.2995021872570922 17.500000000000004 3.5000000000000004 650.16875000000016 5.5000000000000009 42.451612903225815 6.5000000000000009 17.500000000000004 707.88750000000016 14.258064516129034 757.67500000000007 969.17903225806458 938.30000000000007 -0.18492532721306487 970.20806451612918 837.30000000000007 -0.42180510190895731 971.03709677419363 956.02500000000009 47.370967741935495 294.27419354838713 944.05000000000007 996.94375000000002 0.80967841684096298 941.64375000000007 0.26879181175997563 10.500000000000002 0.72577375167846625 761.02499999999986
decision_type=2 2 2 2 2 2 2 2 2 2 2 2 2 2 2 2 2 2 2 2 2 2 2 2 2 2 2 2 2 2
left_child=2 19 3 -1 5 -5 8 -7 9 10 -3 12 -6 15 -15 16 17 -13 -8 22 21 -21 25 -23 -24 26 -2 28 29 -28
right_child=1 6 -4 4 11 7 18 -9 -10 -11 -12 13 -14 14 -16 -17 -18 -19 -20 20 -22 23 24 -25 -26 -27 27 -29 -30 -31
leaf_value=-1.4165188436118261e-07 -0.00011056573961100159 -4.821293651428716e-07 -1.4165188436118261e-07 -1.4165188436118261e-07 1.3286885508814823e-06 1.257048862313968e-06 6.6693535209354573e-07 -1.4165188436118261e-07 -1.4165188436118261e-07 1.5818434840247141e-07 -5.2601698617272433e-07 2.3687494642870588e-06 -2.0164785160012954e-07 -9.3246108011837496e-06 0.00025922215455370721 1.1755271029047026e-06 -1.2901974795417372e-05 -1.3921073214466593e-05 -4.0903517500977073e-06 7.3981265255740287e-05 0.00054827957754154187 -0.0007282420579002802 0.00045657126860090271 0.00012262584737923881 -0.00010551026661125147 -0.00063791416280659379 0.0004477768230503554 -2.8332690174069644e-06 0.0012837923058793778 -1.2136436394324935e-05
leaf_weight=2231 891 45 2825 372 114 177 164 71 280 48 67 92 49 48 48 43 168 43 41 89 164 245 239 57 61 88 638 3057 68 874
leaf_count=2231 891 45 2825 372 114 177 164 71 280 48 67 92 49 48 48 43 168 43 41 89 164 245 239 57 61 88 638 3057 68 874
internal_value=-0.0214771 -0.00205143 -0.0434814 -0.0381545 -0.0176591 -0.0339775 -0.0262384 -0.0124498 -0.0376417 -0.0173913 -0.0265487 -0.000907591 0.0106707 -0.00519187 0.0103093 -0.00951009 -0.0123355 -0.00257353 -0.00169903 0.000363103 -0.00476619 -0.0133929 0.000845023 -0.0194719 0.0119601 0.000249243 0.000506421 0.00145537 0.00461733 0.00350297
internal_weight=13397 7116 6281 3456 1225 620 645 248 440 160 112 605 163 442 96 346 303 135 205 6471 555 391 5916 302 300 5616 5528 4637 1580 1512
internal_count=13397 7116 6281 3456 1225 620 645 248 440 160 112 605 163 442 96 346 303 135 205 6471 555 391 5916 302 300 5616 5528 4637 1580 1512
is_linear=0
shrinkage=0.05


Tree=149
num_leaves=31
num_cat=0
split_feature=3 5 5 7 5 5 10 7 8 3 3 10 10 7 6 3 3 7 3 3 10 1 3 8 3 2 9 3 8 5
split_gain=2510.52 94.1053 358.126 95.0646 75.6813 30.2307 24.0989 15.6817 8.17967 7.08075 9.79302 9.92995 9.87746 8.45247 27.7857 9.57234 13.4121 15.0219 10.489 10.26 9.37228 12.5567 10.4693 16.4026 15.8223 11.7681 22.075 11.1935 10.5064 11.2648
threshold=1.0000000180025095e-35 17.500000000000004 3.5000000000000004 0.51849435583340198 5.5000000000000009 16.500000000000004 650.16875000000016 0.74298546529340237 0.033323506451456063 0.0057225854031287974 0.078610432266089436 445.03124999999994 482.68749999999983 0.94353349168649059 0.26037272046371446 0.14124669312931079 0.12307490891423363 0.57605713708605399 0.13220207142808546 0.10390026592952985 491.91249999999997 98.596774193548399 0.28595588557473145 0.70288017738294994 0.32576526418486607 972.77580645161299 0.14889004263668562 0.27000135285841942 0.43733377705052551 13.500000000000002
decision_type=2 2 2 2 2 2 2 2 2 2 2 2 2 2 2 2 2 2 2 2 2 2 2 2 2 2 2 2 2 2
left_child=1 2 -1 -4 6 -6 -5 -7 -9 -2 12 -12 -11 15 -15 16 17 19 -18 -13 21 -17 23 27 28 -26 -27 -22 29 -24
right_child=9 -3 3 4 5 7 -8 8 -10 10 11 13 -14 14 -16 20 18 -19 -20 -21 22 -23 24 -25 25 26 -28 -29 -30 -31
leaf_value=-1.3456929014312349e-07 -2.2862040859221353e-05 -1.3456929014312349e-07 -4.7881229256558247e-08 -1.3456929014312349e-07 -1.1172294661896618e-07 -1.3374908008117579e-07 -2.7253878808823688e-07 -1.3456929014312349e-07 -1.319045969205007e-07 -0.00014952573876579197 0.0058690184460341082 -1.9485366799453431e-05 3.0487407997239666e-05 -0.00014930383424742317 -0.0034845530002902887 0.0034320171380138459 -0.00040079109956677914 -0.00039589412053119 -2.8662980058450218e-05 0.00013000241958270148 0.00012168661536044457 -0.00066606591110495404 -0.00026550669290360541 -8.5425674643216376e-05 -9.7338039678651632e-06 2.7148852590189178e-05 0.0012479293446550411 0.00075710304084426749 5.7293824632820987e-05 -0.00047946646197592345
leaf_weight=2240 48 3188 571 325 219 53 41 67 71 51 43 90 380 404 43 112 56 59 52 89 469 50 71 223 3728 274 95 50 95 107
leaf_count=2240 48 3188 571 325 219 53 41 67 71 51 43 90 380 404 43 112 56 59 52 89 469 50 71 223 3728 274 95 50 95 107
internal_value=-0.0214067 -0.042776 -0.0371934 -0.0168027 -0.0281853 -0.013382 -0.0446866 -0.0278646 -0.0366906 0.000569044 0.000710792 0.000196367 0.00798611 2.47198e-05 -0.00658482 0.000551503 -0.0074928 -0.00083682 -0.0220183 0.00638889 0.00108057 0.0128834 0.000704088 0.00619112 -0.000228781 0.000549048 0.00905405 0.0110577 -0.0118613 -0.0189944
internal_weight=13364 6775 3587 1347 776 410 366 191 138 6589 6541 6110 431 6067 447 5620 346 238 108 179 5274 162 5112 742 4370 4097 369 519 273 178
internal_count=13364 6775 3587 1347 776 410 366 191 138 6589 6541 6110 431 6067 447 5620 346 238 108 179 5274 162 5112 742 4370 4097 369 519 273 178
is_linear=0
shrinkage=0.05


Tree=150
num_leaves=31
num_cat=0
split_feature=3 5 5 7 5 5 10 0 0 0 9 10 10 2 2 10 6 9 5 8 0 8 2 9 6 0 2 10 7 6
split_gain=2461.65 92.9581 341.749 98.4618 76.2097 28.6475 25.1069 19.7761 13.2011 10.256 9.41992 7.4105 7.66452 7.5509 6.8969 12.5357 6.87806 6.15321 21.6921 5.77156 12.1211 5.49543 7.40248 8.32694 7.35394 17.5494 21.7415 35.8211 29.0475 20.0403
threshold=1.0000000180025095e-35 17.500000000000004 3.5000000000000004 0.51849435583340198 5.5000000000000009 16.500000000000004 643.50000000000011 1.0000000180025095e-35 35.306451612903231 2.3709677419354844 0.39629089145655322 887.36874999999998 934.13750000000016 959.60806451612916 971.70806451612918 547.40000000000009 -0.97876850416056738 -0.8611288361322974 4.5000000000000009 -0.99940763397299126 370.59677419354847 -0.98803388382128665 968.64032258064537 0.1147873601445511 0.45273815774107123 484.61290322580652 970.14677419354848 851.34375 -0.13398942717002907 0.82414472752956958
decision_type=2 2 2 2 2 2 2 2 2 2 2 2 2 2 2 2 2 2 2 2 2 2 2 2 2 2 2 2 2 2
left_child=1 2 -1 10 6 14 -5 -7 -3 -9 11 13 -13 -4 15 -6 -15 18 -18 20 -2 22 23 -21 -23 -26 27 -27 -28 -29
right_child=19 8 3 4 5 7 -8 9 -10 -11 -12 12 -14 16 -16 -17 17 -19 -20 21 -22 24 -24 -25 25 26 28 29 -30 -31
leaf_value=-1.2784082563596731e-07 -0.0001384559656002331 -1.2784082563596731e-07 2.4150232932103507e-06 -1.2784082563596731e-07 1.1997825665292181e-06 -1.2784082563596731e-07 -1.8335419849192758e-08 3.1489534179407073e-06 -1.2784082563596731e-07 -4.6925794535960606e-07 9.203368444142589e-05 -2.7419472387561959e-05 -2.7945133312509422e-07 2.6797870153135735e-06 1.7745577558331371e-05 -8.8314095815099705e-05 -1.2854437260992662e-05 -2.7590308221136311e-08 1.9238721757449286e-05 -0.0004893694447382829 0.0027842450973462884 -1.3606727410471475e-05 0.00015394395820043095 2.7291876409232113e-05 -1.4083834373160738e-05 0.0017587323943652644 0.0011441286026791454 0.00031832148064335486 0.00034697732394071702 -0.00095293740341054764
leaf_weight=2204 41 3114 50 338 111 72 44 44 41 72 66 61 48 63 54 46 43 183 41 145 41 3951 85 42 1372 277 159 170 148 193
leaf_count=2204 41 3114 50 338 111 72 44 44 41 72 66 61 48 63 54 46 43 183 41 145 41 3951 85 42 1372 277 159 170 148 193
internal_value=-0.0214602 -0.042839 -0.0372494 -0.0172775 -0.0287084 -0.013375 -0.0446475 -0.0275132 -0.049097 -0.0145299 -0.00116906 -0.00357143 -0.015 -0.000262467 -0.000707547 -0.00601266 -0.00302115 -0.00652985 -0.0176471 0.000150943 0.013253 -1.52835e-05 -0.00695971 -0.0125 0.000287036 0.00252155 0.00775316 0.0024961 0.0186688 -0.00782967
internal_weight=13319 6695 3540 1336 781 399 382 188 3155 116 555 489 109 380 211 157 330 267 84 6624 82 6542 272 187 6270 2319 947 640 307 363
internal_count=13319 6695 3540 1336 781 399 382 188 3155 116 555 489 109 380 211 157 330 267 84 6624 82 6542 272 187 6270 2319 947 640 307 363
is_linear=0
shrinkage=0.05


Tree=151
num_leaves=31
num_cat=0
split_feature=3 5 5 7 5 5 8 0 0 0 6 0 4 11 0 8 8 9 7 4 9 9 3 5 1 3 9 4 8 3
split_gain=2472 93.6698 348.031 99.5589 68.2382 34.7442 17.166 12.1556 7.5682 17.7332 6.68479 15.1206 12.9192 12.5332 11.5996 11.2587 14.3253 13.167 12.1355 10.8844 10.4676 11.3184 11.71 10.695 9.64788 14.6773 9.05453 9.49226 9.01093 8.63326
threshold=1.0000000180025095e-35 17.500000000000004 3.5000000000000004 0.53312596302726967 5.5000000000000009 16.500000000000004 -0.96688789938088693 1.0000000180025095e-35 1.0000000180025095e-35 1.4354838709677422 0.45273815774107123 945.04838709677426 0.57421139798868037 46.132258064516144 200.12903225806454 -0.73866412149774419 -0.9905448150984083 0.98005052076767474 -0.98667386918526234 0.84850544337145239 0.99138911339924218 0.70747208174348741 0.078610432266089436 7.5000000000000009 83.854838709677438 0.59168910343666214 0.88118961618000469 0.34852256663144787 -0.54220184589352438 0.68934067143269917
decision_type=2 2 2 2 2 2 2 2 2 2 2 2 2 2 2 2 2 2 2 2 2 2 2 2 2 2 2 2 2 2
left_child=1 2 -1 -4 6 -6 -5 -7 -3 -10 12 -12 20 14 19 16 -16 18 -17 -14 21 22 -2 -24 -20 -26 -23 -28 -21 -19
right_child=10 8 3 4 5 7 -8 -9 9 -11 11 -13 13 -15 15 17 -18 29 24 28 -22 26 23 -25 25 -27 27 -29 -30 -31
leaf_value=-1.2144878435416896e-07 0.00035395239856516952 -1.2144878435416896e-07 -9.5956162606139432e-08 -1.2144878435416896e-07 -1.1722493500782158e-07 -1.2144878435416896e-07 -1.2144878435416896e-07 -3.8130517940965944e-07 -1.0664365113419823e-07 -1.2144878435416896e-07 2.2833778604542344e-05 0.0010267812541456701 8.2786877292290181e-05 -0.0012160145300505077 0.0010996862720452029 0.00054411021542664082 -0.00098140420274465132 -0.00027352077635215967 -6.211730356704554e-05 -2.2059641695815557e-05 0.00046380813683959967 -0.00051226569819853298 -0.00013721076894174719 0.00023593678932031089 -0.00035012938974777894 0.0020621546152017169 -0.00018491905644715811 0.0005006704340518364 9.3780700204593004e-06 -0.00044001148303777772
leaf_weight=2219 102 2884 581 52 207 70 328 109 45 272 2438 77 123 45 55 41 255 89 1450 50 80 243 348 572 62 79 158 134 175 70
leaf_count=2219 102 2884 581 52 207 70 328 109 45 272 2438 77 123 45 55 41 255 89 1450 50 80 243 348 572 62 79 158 134 175 70
internal_value=-0.0216453 -0.0429152 -0.0373143 -0.0172478 -0.0290743 -0.0142119 -0.0440945 -0.0302778 -0.0491412 -0.0413522 1.50444e-05 0.0020469 -0.00122217 -0.00348697 -0.003 -0.00440057 -0.0131833 -0.00287388 -0.00153092 0.00544413 0.00222833 0.00131579 0.00439883 0.00260586 -0.0022299 0.0102113 -0.0045709 0.00136519 -0.00110619 -0.0165625
internal_weight=13413 6767 3566 1347 766 386 380 179 3201 317 6646 2515 4131 2494 2449 2101 310 1791 1632 348 1637 1557 1022 920 1591 141 535 292 225 159
internal_count=13413 6767 3566 1347 766 386 380 179 3201 317 6646 2515 4131 2494 2449 2101 310 1791 1632 348 1637 1557 1022 920 1591 141 535 292 225 159
is_linear=0
shrinkage=0.05


Tree=152
num_leaves=31
num_cat=0
split_feature=3 5 5 7 5 5 10 7 4 8 9 2 10 7 2 2 11 7 9 3 9 3 7 9 1 5 4 3 3 1
split_gain=2381.52 98.8268 358.354 101.944 73.4532 31.1071 23.865 16.756 9.44194 6.56472 6.56016 6.26899 6.20305 12.0825 8.89781 8.40495 6.20287 6.07494 10.2671 13.931 10.9592 11.4686 7.06631 8.34565 5.98748 5.92694 21.5619 10.0797 9.91934 17.1976
threshold=1.0000000180025095e-35 17.500000000000004 3.5000000000000004 0.53312596302726967 5.5000000000000009 16.500000000000004 638.06250000000011 0.74298546529340237 0.056651562568230139 0.033323506451456063 -0.10837475778693638 977.88225806451624 821.61874999999986 -0.67168186667784702 968.49838709677431 967.20483870967757 58.579032258064522 0.9989598388634241 0.98334068794774554 0.81795253926968026 0.99138911339924218 0.35985864891904357 -0.98667386918526234 0.97263757644091875 85.016129032258078 12.500000000000002 0.7798144764129451 0.027745800144117986 0.238047355747705 0.14516129032258066
decision_type=2 2 2 2 2 2 2 2 2 2 2 2 2 2 2 2 2 2 2 2 2 2 2 2 2 2 2 2 2 2
left_child=1 2 -1 12 6 -6 -5 -7 -3 -9 -10 16 15 -14 -15 -4 17 18 22 20 -20 -22 23 -2 -17 26 27 -24 29 -27
right_child=11 8 3 4 5 7 -8 9 10 -11 -12 -13 13 14 -16 24 -18 -19 19 -21 21 -23 25 -25 -26 28 -28 -29 -30 -31
leaf_value=-1.1537634513646051e-07 0.00066787606376805678 -1.1537634513646051e-07 1.8648823697775172e-06 -1.1537634513646051e-07 -1.1562292313981732e-07 -1.145971455776102e-07 -1.1549078660897147e-07 -1.1537634513646051e-07 -1.1537634513646051e-07 -2.6369177900102808e-07 -1.1537634513646051e-07 -0.00052311348639030311 2.6809602019104395e-05 -7.7135693921257023e-06 1.0253200019975422e-06 4.4017254325865471e-07 -0.0011510284671050254 0.00030326026360056604 -0.00071191349690658272 -0.00042205481985649887 -9.9486050203296452e-05 0.00032903876479070671 0.0004858407119044627 -4.2957020682584099e-05 -5.826019085732489e-07 -2.8991780859662847e-05 0.0016998518779792527 1.0962596075730913e-05 -0.00011807799070996384 1.492197121334821e-05
leaf_weight=2190 50 2816 176 336 213 53 41 66 193 69 126 67 91 160 68 60 45 66 74 41 42 47 49 44 45 54 65 3560 1833 634
leaf_count=2190 50 2816 176 336 213 53 41 66 193 69 126 67 91 160 68 60 45 66 74 41 42 47 49 44 45 54 65 3560 1833 634
internal_value=-0.0214879 -0.0425343 -0.036817 -0.0168238 -0.0287548 -0.013806 -0.0445767 -0.0285714 -0.0490274 -0.0378676 -0.0404687 -0.00033723 -0.00133111 -0.00609375 -0.0122271 0.00407801 -0.000181681 -5.33537e-05 -0.000207884 -0.0112195 -0.00457317 0.00722222 0.000151033 0.0136842 -0.00707547 -5.64881e-05 0.00122449 0.000706371 -0.00192308 0.00319303
internal_weight=13374 6703 3568 1378 778 401 377 188 3135 135 319 6671 600 319 228 281 6604 6559 6493 204 163 89 6289 94 105 6195 3674 3609 2521 688
internal_count=13374 6703 3568 1378 778 401 377 188 3135 135 319 6671 600 319 228 281 6604 6559 6493 204 163 89 6289 94 105 6195 3674 3609 2521 688
is_linear=0
shrinkage=0.05


Tree=153
num_leaves=31
num_cat=0
split_feature=3 5 5 7 5 5 10 0 0 2 10 8 10 10 5 4 0 6 10 8 8 7 7 10 0 3 3 2 6 0
split_gain=2461.65 104.675 374.114 115.948 77.2981 33.1974 26.2252 15.777 8.81865 6.63116 5.75613 14.3198 15.7269 10.6864 8.83515 5.74344 14.5291 7.59473 15.1359 10.7757 11.3322 15.3255 12.6339 27.311 18.0984 12.3087 18.4739 11.7501 14.2482 10.8673
threshold=1.0000000180025095e-35 17.500000000000004 3.5000000000000004 0.53312596302726967 5.5000000000000009 16.500000000000004 643.50000000000011 1.0000000180025095e-35 33.306451612903231 967.70806451612918 774.375 0.30983042691905771 919.78125000000011 897.08749999999998 5.5000000000000009 0.092684032119365656 24.177419354838715 0.42179998225932674 944.05000000000007 -0.9905448150984083 -0.96688789938088693 -0.52034141052533245 -0.28519997588938989 841.88750000000016 624.59677419354841 0.18138379087134393 0.068680806846629777 970.14677419354848 0.90892735371523092 471.79032258064518
decision_type=2 2 2 2 2 2 2 2 2 2 2 2 2 2 2 2 2 2 2 2 2 2 2 2 2 2 2 2 2 2
left_child=1 2 -1 10 6 -6 -5 -7 -3 -9 14 12 13 -12 -4 -2 -17 -18 19 -19 -21 -22 27 24 25 26 -24 28 29 -23
right_child=15 8 3 4 5 7 -8 9 -10 -11 11 -13 -14 -15 -16 16 17 18 -20 20 21 22 23 -25 -26 -27 -28 -29 -30 -31
leaf_value=-1.0960752787963748e-07 -0.00013194700951298446 -1.0960752787963748e-07 1.0622231651479589e-06 -1.0960752787963748e-07 2.1083819004988696e-07 -1.0960752787963748e-07 -1.2585988472589222e-07 -2.3473091519930253e-07 -1.0960752787963748e-07 -2.7686859209737961e-07 3.7148069206185036e-07 -1.2654011200538606e-05 0.00015757877968790182 -5.3304191692511667e-05 -5.7504280432305545e-07 0.00025697122203715336 -1.0035376349876169e-05 -0.00041090108981600991 0.00059773371185492432 0.00044686216948665037 -0.00026922096002128889 3.0764736413458925e-05 1.9309300029662221e-05 -0.00048206541902454385 0.0038927068967503256 0.00032841041569002115 -0.00023983811885553292 0.00060633071285513818 0.00034308617570638199 -0.0028510701150752135
leaf_weight=2223 349 3102 202 346 201 76 42 59 50 49 140 113 51 44 40 124 3749 133 182 151 288 42 43 225 162 843 75 68 154 46
leaf_count=2223 349 3102 202 346 201 76 42 59 50 49 140 113 51 44 40 124 3749 133 182 151 288 42 43 225 162 843 75 68 154 46
internal_value=-0.0212443 -0.0425286 -0.0366602 -0.0160191 -0.0287468 -0.0128238 -0.044473 -0.0281081 -0.0491912 -0.0155963 0.000676819 -0.0034384 0.00360169 -0.00324324 0.00658436 0.00037679 0.000723831 0.00038137 0.00256942 0.00143433 0.00231173 0.00128403 0.00313442 0.00103781 0.00422598 0.00161123 -0.0134454 0.0122186 0.00699588 -0.00898876
internal_weight=13372 6738 3586 1363 773 385 388 184 3152 108 590 348 235 184 242 6634 6285 6161 2412 2230 2097 1946 1658 1348 1123 961 118 310 242 88
internal_count=13372 6738 3586 1363 773 385 388 184 3152 108 590 348 235 184 242 6634 6285 6161 2412 2230 2097 1946 1658 1348 1123 961 118 310 242 88
is_linear=0
shrinkage=0.05


Tree=154
num_leaves=31
num_cat=0
split_feature=3 5 5 7 5 10 5 4 4 3 2 11 11 6 3 10 10 6 8 10 2 9 8 5 10 10 7 10 6 3
split_gain=2459.01 106.894 388.191 80.6485 86.699 34.3445 21.2223 29.6135 7.37743 7.13621 9.89708 6.50959 6.61243 5.96206 13.8482 18.1994 14.2346 19.5917 15.706 19.7752 15.4063 15.2181 14.4762 12.0655 10.7487 10.5862 10.3563 9.83562 10.1878 8.51993
threshold=1.0000000180025095e-35 17.500000000000004 3.5000000000000004 0.57605713708605399 5.5000000000000009 620.16249999999991 16.500000000000004 0.056651562568230139 0.056651562568230139 0.016411398781448042 966.53709677419374 20.375806451612906 14.930645161290325 -0.59176244063315286 0.28595588557473145 699.65000000000009 961.90000000000009 -0.92274349529687905 0.99351232050787985 769.45000000000005 967.91451612903245 -0.63090078682092632 0.98901264295277169 13.500000000000002 558.45000000000005 783.35000000000002 0.011826144619637555 784.98749999999961 -0.8041866928211282 0.26458656105211914
decision_type=2 2 2 2 2 2 2 2 2 2 2 2 2 2 2 2 2 2 2 2 2 2 2 2 2 2 2 2 2 2
left_child=1 2 -1 11 5 -5 -6 -8 -3 10 -2 12 -4 14 29 24 17 20 19 -19 25 -21 -18 26 -16 -17 -22 -23 -29 -11
right_child=9 8 3 4 6 -7 7 -9 -10 13 -12 -13 -14 -15 15 16 22 18 -20 21 23 27 -24 -25 -26 -27 -28 28 -30 -31
leaf_value=-1.0412715148565561e-07 6.3888977792015215e-06 -1.0412715148565561e-07 -9.968568482580269e-08 -1.0412715148565561e-07 1.4679335603168634e-07 -1.0412715148565561e-07 -1.0412715148565561e-07 -2.4247848892302485e-08 -1.0412715148565561e-07 2.114696445084524e-05 -5.3744056192631812e-05 6.0758552626385259e-07 -1.5818908774590903e-06 2.6187243869498378e-05 0.00093357403567312098 -0.00020947820755024549 -0.0013995430162689615 0.00080345503078664007 -0.00054072675043938538 0.0015547611168782228 -0.00010182392143479047 -0.00055220486557004678 1.4693105177213118e-05 -0.00075519360014281731 -0.0017408485806994778 -0.0026337873407655645 0.00075723527863503788 0.00062057510019269404 -0.00075149595522244761 0.00082735812634034166
leaf_weight=2249 55 2861 461 317 212 41 79 105 345 481 54 80 75 4518 48 224 68 150 69 58 111 68 50 66 146 113 114 113 47 46
leaf_count=2249 55 2861 461 317 212 41 79 105 345 481 54 80 75 4518 48 224 68 150 69 58 111 68 50 66 146 113 114 113 47 46
internal_value=-0.0214078 -0.042448 -0.0365331 -0.0155361 -0.0264901 -0.0442897 -0.0103275 -0.0227027 -0.0491113 0.000356061 -0.0122727 -0.00210697 -0.00409683 0.00057002 -0.00172326 -0.00425311 -0.00203674 -0.000308642 0.00701581 0.0105263 -0.00620032 0.00278746 -0.0184874 0.00222603 -0.0184615 -0.0134615 0.00774336 -0.00305677 0.00372671 0.00520833
internal_weight=13424 6825 3619 1370 754 358 396 184 3206 6599 109 616 536 6490 1972 1445 1251 1133 505 436 628 286 118 291 194 337 225 228 160 527
internal_count=13424 6825 3619 1370 754 358 396 184 3206 6599 109 616 536 6490 1972 1445 1251 1133 505 436 628 286 118 291 194 337 225 228 160 527
is_linear=0
shrinkage=0.05


Tree=155
num_leaves=31
num_cat=0
split_feature=3 5 5 10 5 5 0 7 5 8 4 10 4 0 0 8 5 2 8 8 10 1 8 10 4 6 3 1 8 4
split_gain=2481.42 94.3334 350.133 98.3512 92.6531 29.4504 21.0574 8.93667 7.03703 12.6075 13.4081 7.43047 9.70838 7.00095 12.7172 6.97596 6.8289 16.6694 15.5658 10.4889 11.2078 11.5251 9.79851 19.8632 11.032 10.7543 10.3775 16.6485 10.1819 8.69129
threshold=1.0000000180025095e-35 17.500000000000004 3.5000000000000004 643.50000000000011 5.5000000000000009 16.500000000000004 1.0000000180025095e-35 0.91511078773075516 11.500000000000002 -0.99940763397299126 0.74877653895864404 479.71249999999986 0.29038163295669822 1.0000000180025095e-35 1.8225806451612905 0.78725952717486247 15.500000000000002 972.96612903225821 0.93315540453694978 0.99351232050787985 954.21875 19.661290322580648 0.8277925332691819 958.70000000000005 0.84850544337145239 0.9916835347852474 0.044927777995314687 57.725806451612911 -0.8431462759492121 0.22615632661496265
decision_type=2 2 2 2 2 2 2 2 2 2 2 2 2 2 2 2 2 2 2 2 2 2 2 2 2 2 2 2 2 2
left_child=1 2 -1 4 -4 7 -7 -6 9 -2 11 12 -11 -3 -15 -5 18 22 29 20 21 -20 25 24 -24 26 27 -18 -28 -10
right_child=8 13 3 15 5 6 -8 -9 16 10 -12 -13 -14 14 -16 -17 17 -19 19 -21 -22 -23 23 -25 -26 -27 28 -29 -30 -31
leaf_value=-9.8920793911372835e-08 0.0018559566804783269 -9.8920793911372835e-08 -9.8920793911372835e-08 -1.2539199250708479e-08 4.2007795666476485e-05 -9.8920793911372835e-08 -2.8234000243133801e-07 -2.6195117275091476e-06 -0.0012943741384125096 0.00013596754998995467 0.0010367587347283325 5.8312316518928726e-06 0.0035730361495833864 -9.8920793911372835e-08 -9.8920793911372835e-08 -5.0134238406528898e-06 -1.6466245374717182e-05 -0.00021014347283110891 0.0013285338793166792 -0.00045976093277679821 -0.0002246018527091831 0.00087031886468512127 4.1047783461911017e-05 9.0363635547843074e-05 -8.1591957980754509e-05 -0.00029553512555575008 -3.5385815562949397e-06 8.061311088449571e-06 8.8413461844799596e-05 -0.00013784977196391323
leaf_weight=2223 43 2845 335 542 81 65 106 107 63 96 99 3076 67 51 264 85 58 48 44 85 41 105 40 50 94 42 165 71 464 1914
leaf_count=2223 43 2845 335 542 81 65 106 107 63 96 99 3076 67 51 264 85 58 48 44 85 41 105 40 50 94 42 165 71 464 1914
internal_value=-0.0213874 -0.0428635 -0.0372355 -0.0168306 -0.0297842 -0.0120833 -0.0270349 0.0015873 0.000217522 0.00181845 0.00146751 0.000910494 0.0112805 -0.0491617 -0.0416139 -0.00246815 -0.00143075 0.00193611 -0.00297381 0.00815217 0.0146597 0.021 0.00335025 -0.00702703 -0.017037 0.00574282 0.00711462 -0.00576923 0.0097619 -0.00452477
internal_weight=13369 6704 3544 1321 694 359 171 188 6665 3381 3338 3239 163 3160 315 627 3284 1032 2252 275 190 149 984 184 134 800 758 129 629 1977
internal_count=13369 6704 3544 1321 694 359 171 188 6665 3381 3338 3239 163 3160 315 627 3284 1032 2252 275 190 149 984 184 134 800 758 129 629 1977
is_linear=0
shrinkage=0.05


Tree=156
num_leaves=31
num_cat=0
split_feature=0 5 5 5 7 5 4 5 0 8 2 7 1 5 2 8 5 8 6 1 8 4 4 11 6 7 6 6 0 4
split_gain=2352.25 139.326 83.8465 314.945 95.6637 79.6754 41.4913 26.2481 36.8227 18.2979 7.50893 8.80257 7.83636 6.25681 25.5473 10.8965 10.9025 13.2928 12.6323 14.1267 10.6953 10.621 9.74627 9.25461 8.706 11.9447 8.54661 22.3 8.67654 17.6861
threshold=1.0000000180025095e-35 18.500000000000004 6.5000000000000009 3.5000000000000004 0.53312596302726967 5.5000000000000009 1.2995021872570922 17.500000000000004 40.451612903225815 -0.9470547246821871 970.73709677419367 0.7487283477006671 85.98387096774195 15.500000000000002 973.65967741935503 0.85223490906209554 11.500000000000002 -0.998663445439673 0.98522604642031408 43.854838709677423 0.81425425632861714 0.75940933814836342 0.79709778826396427 33.050000000000004 0.3744682635859638 -0.75581183015052977 0.66527693225344786 0.52766072109828632 197.45161290322582 0.44825848709963606
decision_type=2 2 2 2 2 2 2 2 2 2 2 2 2 2 2 2 2 2 2 2 2 2 2 2 2 2 2 2 2 2
left_child=2 6 3 -1 -5 9 13 10 -9 -6 11 -8 -13 15 20 16 17 -2 22 -20 24 -19 23 26 -15 -26 27 28 29 -18
right_child=1 -3 -4 4 5 -7 7 8 -10 -11 -12 12 -14 14 -16 -17 18 21 19 -21 -22 -23 -24 -25 25 -27 -28 -29 -30 -31
leaf_value=-9.3974754215804183e-08 0.001072151243816022 -9.3974754215804183e-08 -9.3974754215804183e-08 -1.8141356647269452e-07 -9.3974754215804183e-08 -7.3375621039340411e-06 7.7271838761154881e-07 -9.3974754215804183e-08 -3.8644591456583439e-09 -9.3974754215804183e-08 -6.522784377542045e-07 -5.0706968459612084e-07 6.8578185255536756e-09 5.7928452005551022e-05 -0.00026488857214328692 0.0001832404770765961 -0.00067392652750042641 -4.6503784532636594e-06 -0.0005244428717782496 0.0017192732361508978 -1.5138575953404111e-05 0.0015608538066853807 7.3736746177272003e-05 5.706251504946532e-05 -0.00012807740702702478 5.7363113330358152e-05 -0.0021612267734223362 0.0014879734894518077 -0.0004222147038815183 0.00029218260570749966
leaf_weight=2219 59 170 2912 554 65 184 91 106 80 332 79 65 44 367 40 1009 67 2569 44 78 167 44 321 177 78 241 266 48 775 63
leaf_count=2219 59 170 2912 554 65 184 91 106 80 332 79 65 44 367 40 1009 67 2569 44 78 167 44 321 177 78 241 266 48 775 63
internal_value=-0.0214345 -0.00161725 -0.0437211 -0.038301 -0.0168574 -0.0310137 -0.000508795 -0.0149142 -0.0294118 -0.043593 -0.00517857 0 -0.00954545 0.000537886 0.00441834 -9.05633e-05 -0.0011414 0.000897868 -0.00410326 0.0113821 0.00626464 0.000363428 -0.00520955 -0.00701503 0.00902475 0.00296875 -0.00856557 -0.00634172 -0.00811258 0.00381679
internal_weight=13314 7048 6266 3354 1135 581 6878 465 186 397 279 200 109 6413 893 5520 4511 2672 1839 122 853 2613 1717 1396 686 319 1219 953 905 130
internal_count=13314 7048 6266 3354 1135 581 6878 465 186 397 279 200 109 6413 893 5520 4511 2672 1839 122 853 2613 1717 1396 686 319 1219 953 905 130
is_linear=0
shrinkage=0.05


Tree=157
num_leaves=31
num_cat=0
split_feature=3 5 5 10 5 5 0 0 7 0 2 2 10 7 11 8 2 7 7 7 7 2 11 0 5 4 11 7 10 4
split_gain=2407.01 113.95 416.47 92.7336 121.017 23.833 40.1707 11.0796 7.98807 6.96832 6.78227 6.34897 6.30255 13.5959 10.133 6.44639 6.38917 6.14777 5.31088 5.27991 5.13808 9.44873 4.65897 4.4408 5.17001 14.9885 8.8089 13.1866 10.4932 15.3705
threshold=1.0000000180025095e-35 17.500000000000004 3.5000000000000004 643.50000000000011 5.5000000000000009 16.500000000000004 1.0000000180025095e-35 33.306451612903231 0.39629089145655322 958.30645161290329 977.40322580645181 968.49838709677431 869.5374999999998 -0.65883892954715351 7.6967741935483884 -0.55657263146136127 965.35645161290324 0.9989598388634241 0.97263757644091875 -0.90531874877253482 0.99530134160901229 968.69838709677435 17.324193548387104 1.0000000180025095e-35 10.500000000000002 0.72577375167846625 17.87903225806452 -0.93845867424155849 848.43749999999989 0.63093939946416866
decision_type=2 2 2 2 2 2 2 2 2 2 2 2 2 2 2 2 2 2 2 2 2 2 2 2 2 2 2 2 2 2
left_child=1 2 -1 4 -4 -6 -7 -3 12 10 17 -11 15 14 -14 -5 -15 20 -12 -13 23 -22 -10 -2 25 -25 27 -26 -28 -30
right_child=9 7 3 8 5 6 -8 -9 22 11 18 19 13 16 -16 -17 -18 -19 -20 -21 21 -23 -24 24 26 -27 28 -29 29 -31
leaf_value=-8.9276016505013977e-08 -6.5516288754307805e-05 -8.9276016505013977e-08 -8.9276016505013977e-08 1.0078378179231215e-06 1.6314079453782198e-06 -8.9276016505013977e-08 -1.8450844299909015e-07 -8.9276016505013977e-08 -7.2567978610022956e-07 0.00049363576965424374 -2.8095763408125809e-05 -0.00016067944218706721 7.8232060864661963e-05 -1.250594756622152e-05 -4.3037600830676122e-06 8.6971166510056311e-07 -1.5544835869090238e-06 0.00029321071305131593 -0.00084690997908765391 0.00073048117400520418 -0.0011781610580178154 0.00012237274854423955 1.125337917532693e-08 4.7057982666204315e-05 0.00017824931132630627 0.0012176240158840003 -2.5658548473969523e-06 3.4944114314974451e-06 0.00056076991351710975 -0.00018571686478239814
leaf_weight=2247 44 3124 349 42 201 71 111 48 114 47 48 40 46 44 45 217 93 64 43 41 43 42 45 2601 93 63 1076 1697 76 646
leaf_count=2247 44 3124 349 42 201 71 111 48 114 47 48 40 46 44 45 217 93 64 43 41 43 42 45 2601 93 63 1076 1697 76 646
internal_value=-0.0212338 -0.0421668 -0.0360866 -0.0144307 -0.026603 -0.00716146 -0.0202186 -0.0491018 -0.000618238 0.00012003 -0.000107083 0.0116279 0.00256148 -0.00349345 0.011413 0.00788462 -0.0134058 8.53242e-05 -0.013587 0.00304878 -7.05108e-05 -0.0122093 -0.0103125 9.52835e-05 0.0002079 0.00187617 -0.00103093 0.0014517 -0.00350195 -0.00816044
internal_weight=13461 6797 3625 1378 732 383 182 3172 646 6664 6536 128 487 228 91 259 137 6445 91 81 6381 85 159 6296 6252 2664 3588 1790 1798 722
internal_count=13461 6797 3625 1378 732 383 182 3172 646 6664 6536 128 487 228 91 259 137 6445 91 81 6381 85 159 6296 6252 2664 3588 1790 1798 722
is_linear=0
shrinkage=0.05


Tree=158
num_leaves=31
num_cat=0
split_feature=3 5 5 10 5 5 8 0 0 4 0 0 6 6 10 10 11 6 10 8 8 8 1 7 8 6 1 6 7 10
split_gain=2367.13 104.709 394.271 90.9472 98.6042 18.3285 39.4105 17.7244 8.95929 13.6726 11.5822 10.3113 12.5267 15.3401 13.6731 13.5337 20.3453 13.8288 11.8982 10.4023 16.0835 11.1444 11.3857 19.6188 13.8092 11.4719 10.2027 11.7253 14.3572 10.546
threshold=1.0000000180025095e-35 17.500000000000004 3.5000000000000004 643.50000000000011 5.5000000000000009 16.500000000000004 0.033323506451456063 33.306451612903231 38.467741935483879 0.092684032119365656 100.32258064516131 240.11290322580649 0.12545942051955489 0.039769539193789977 486.48750000000001 699.65000000000009 13.285483870967743 -0.76141707087277943 965.71250000000009 -0.98523971305672675 -0.99763297024448894 -0.96688789938088693 9.9193548387096779 0.1318557721318592 -0.90163369914317015 0.95752911693909493 81.048387096774206 -0.82415615971448097 -0.63257203029273779 771.95000000000005
decision_type=2 2 2 2 2 2 2 2 2 2 2 2 2 2 2 2 2 2 2 2 2 2 2 2 2 2 2 2 2 2
left_child=1 2 -1 4 -4 -6 -7 -3 9 -2 -10 -12 13 15 -14 16 17 -13 26 20 -16 -21 23 25 -24 -23 27 -17 29 -29
right_child=8 7 3 -5 5 6 -8 -9 10 -11 11 12 14 -15 19 18 -18 -19 -20 21 -22 22 24 -25 -26 -27 -28 28 -30 -31
leaf_value=-8.4812215679763281e-08 -2.4394172525392041e-05 -8.4812215679763281e-08 -8.4812215679763281e-08 -9.4157765196813541e-08 7.604526013029197e-07 -8.4812215679763281e-08 1.5740349749230499e-08 -8.4812215679763281e-08 -4.7678015596168644e-05 0.00011307991953302995 3.0551299712044218e-05 -0.00095694862494692396 0.0041784964963031915 -0.00054957463675592841 0.00045078504654490485 -0.00018700573347754657 -0.001638172585052683 0.00060054297911265599 -0.00075049873802139351 0.0011768016454289489 -0.00079859311999199161 0.00011747305470274916 -0.00054496190900207853 0.0045867313562200588 2.5478225662377286e-05 -0.00048915667165177481 0.00055360888545825384 -0.00033093110120868132 0.00060078545162392115 5.4746692940968461e-05
leaf_weight=2226 340 3096 337 645 188 78 89 42 595 246 1189 60 71 70 67 624 175 153 60 88 105 287 125 63 1208 77 231 185 114 536
leaf_count=2226 340 3096 337 645 188 78 89 42 595 246 1189 60 71 70 67 624 175 153 60 88 105 287 125 63 1208 77 231 185 114 536
internal_value=-0.0213671 -0.042353 -0.0364618 -0.0149851 -0.0275613 -0.00912921 -0.021131 -0.0490284 -0.000277361 0.00562181 -0.000846483 -0.000127528 -0.00126744 -0.00389316 0.00150574 -0.0031323 -0.0115681 -0.00116822 -0.00125642 0.000742207 -0.0109827 0.00183883 0.000965361 0.00806075 -0.00131184 0.00356164 -0.000473093 -0.00202055 0.00185407 -0.000761773
internal_weight=13370 6701 3563 1337 692 355 167 3138 6669 586 6083 5488 4299 2208 2091 2138 388 213 1750 2020 172 1848 1760 427 1333 364 1690 1459 835 721
internal_count=13370 6701 3563 1337 692 355 167 3138 6669 586 6083 5488 4299 2208 2091 2138 388 213 1750 2020 172 1848 1760 427 1333 364 1690 1459 835 721
is_linear=0
shrinkage=0.05


Tree=159
num_leaves=31
num_cat=0
split_feature=0 5 5 5 7 5 10 4 0 5 10 1 10 2 8 7 2 10 7 8 11 9 9 2 9 2 8 1 8 2
split_gain=2296.5 134.807 84.1616 334.141 101.544 68.7102 27.6073 25.3467 25.7906 51.5468 11.2524 10.7068 9.6434 12.0956 9.36579 9.01758 8.72972 8.68531 8.30173 8.1625 6.69798 7.69012 14.641 8.19995 7.85151 9.11567 15.215 13.5549 7.05136 14.3215
threshold=1.0000000180025095e-35 18.500000000000004 16.500000000000004 3.5000000000000004 0.57605713708605399 5.5000000000000009 620.16249999999991 1.0367060469761051 40.451612903225815 17.500000000000004 726.18750000000011 0.17741935483870971 773.95000000000005 969.41129032258073 0.86972315351350449 -0.5129677127369543 967.2467741935485 580.63125000000014 0.18281312110578132 -0.42180583328916638 13.979032258064519 -0.33223242633771072 -0.39629547245636182 954.76935483870977 -0.27694043983797384 966.34032258064519 -0.9905448150984083 0.17741935483870971 -0.015051239303264097 960.63709677419365
decision_type=2 2 2 2 2 2 2 2 2 2 2 2 2 2 2 2 2 2 2 2 2 2 2 2 2 2 2 2 2 2
left_child=2 7 3 -1 12 6 -6 20 9 10 -9 -10 16 -14 -13 -16 18 19 -5 -7 28 22 23 -22 -23 27 -27 -26 29 -2
right_child=1 -3 -4 4 5 17 -8 8 11 -11 -12 14 13 -15 15 -17 -18 -19 -20 -21 21 24 -24 -25 25 26 -28 -29 -30 -31
leaf_value=-8.0571604895775122e-08 -0.00078488335598066086 -8.0571604895775122e-08 -8.0571604895775122e-08 2.4589227005751253e-06 -8.0571604895775122e-08 7.8479784380394585e-05 -8.0571604895775122e-08 -3.7007137070115426e-07 -2.991596711903028e-05 -8.0571604895775122e-08 6.0127369251739211e-07 5.8535585207624623e-06 -5.7873706732140915e-06 8.7431410899140024e-06 1.3488170142608779e-06 -3.6454172093988639e-06 -2.0742858235929636e-08 -0.00014452623432987074 8.3716354285886176e-07 -9.8197113827734709e-06 -0.0010956517160113006 0.0015954021388115748 -0.0010794024520870027 -5.2385063376085908e-05 0.0003223971664829517 -0.00097708915124776756 -5.8901490249746449e-05 8.8454628353443784e-06 -3.9957490758402507e-05 9.5140391139145189e-05
leaf_weight=2244 72 180 2930 92 301 41 41 129 45 109 41 160 288 57 40 45 91 40 43 101 78 40 64 1226 119 63 866 1018 1265 1542
leaf_count=2244 72 180 2930 92 301 41 41 129 45 109 41 160 288 57 40 45 91 40 43 101 78 40 64 1226 119 63 866 1018 1265 1542
internal_value=-0.0216235 -0.00215402 -0.0436762 -0.0382186 -0.0155566 -0.0314286 -0.0446064 -0.00104001 -0.0111404 -0.0219643 -0.00467836 -0.000687285 -0.000961538 -0.00621387 0.00345528 -0.00988372 0.00704846 -0.00655738 0.0150735 -0.000699301 -0.000133774 -0.00161151 -0.00452885 -0.00337165 0.000284765 -0.000145138 -0.0038172 0.00285589 0.00164931 0.00383901
internal_weight=13371 7102 6269 3339 1095 524 342 6922 569 279 170 290 571 345 245 85 226 182 135 142 6353 3474 1368 1304 2106 2066 929 1137 2879 1614
internal_count=13371 7102 6269 3339 1095 524 342 6922 569 279 170 290 571 345 245 85 226 182 135 142 6353 3474 1368 1304 2106 2066 929 1137 2879 1614
is_linear=0
shrinkage=0.05


Tree=160
num_leaves=31
num_cat=0
split_feature=3 5 5 10 5 5 0 0 9 10 6 7 11 11 2 0 10 10 10 11 5 11 0 6 6 2 6 2 0 10
split_gain=2416.51 117.594 431.808 101.255 121.178 14.4617 39.9999 8.03095 6.42412 6.14226 6.41066 20.8054 15.265 10.8361 9.63682 14.664 14.3022 11.0262 16.8808 18.5187 15.1633 13.5573 13.3457 11.2864 16.5554 9.50936 9.05286 9.20475 8.38472 8.37432
threshold=1.0000000180025095e-35 17.500000000000004 3.5000000000000004 643.50000000000011 5.5000000000000009 16.500000000000004 1.0000000180025095e-35 33.306451612903231 -0.99983123799342477 1007.2812500000001 0.3261394409934788 -0.91939278948206182 55.501612903225812 49.230645161290333 970.14677419354848 645.69354838709694 493.85000000000002 869.5374999999998 941.01250000000016 13.285483870967743 13.500000000000002 8.240322580645163 684.43548387096791 0.66527693225344786 0.59868201182722736 971.55000000000007 0.26037272046371446 970.32741935483875 100.32258064516131 768.38125000000002
decision_type=2 2 2 2 2 2 2 2 2 2 2 2 2 2 2 2 2 2 2 2 2 2 2 2 2 2 2 2 2 2
left_child=1 2 -1 4 -4 -6 -7 -3 -2 10 12 -12 26 14 17 16 -16 20 19 21 22 -19 28 24 -21 -18 -10 -28 -13 -22
right_child=8 7 3 -5 5 6 -8 -9 9 -11 11 13 -14 -15 15 -17 25 18 -20 23 29 -23 -24 -25 -26 -27 27 -29 -30 -31
leaf_value=-7.6543024650986358e-08 -0.00059138351941989968 -7.6543024650986358e-08 -7.6543024650986358e-08 1.942717872119002e-08 1.3404269352003935e-06 -7.6543024650986358e-08 1.6954256657844373e-08 -7.6543024650986358e-08 -3.4584548218562744e-07 -0.00014723868830767429 0.00049065320623640357 -0.00010507057594672 -0.0017189889590663616 0.0019864373076439955 0.0028939649665729039 0.00089607271479397741 0.00021622635170239076 -0.00026616503033802811 0.00015278609283731829 -0.00050756531581867272 -0.00021434092372821131 6.4279147225128341e-05 0.0026497851339739587 -0.00087377262954179693 0.00070539532637064204 -0.00014504526190218386 -5.5000198555572519e-05 -0.00061843968337952368 0.00085358444634460744 3.243429316158568e-05
leaf_weight=2258 40 3160 342 648 201 62 108 45 3616 61 51 168 48 85 54 213 146 120 222 76 223 200 75 231 44 298 77 45 426 118
leaf_count=2258 40 3160 342 648 201 62 108 45 3616 61 51 168 48 85 54 213 146 120 222 76 223 200 75 231 44 298 77 45 426 118
internal_value=-0.0212636 -0.0421538 -0.035953 -0.0136931 -0.0266807 -0.00685484 -0.0175439 -0.0491422 0.000218439 0.000341012 0.000489521 0.00232643 -0.000844996 0.00172222 0.00114723 0.00610955 0.00140281 -0.000709034 -0.00475391 -0.00870536 0.00286845 0 0.00723881 -0.0166193 -0.00413223 -0.00157303 -0.000481412 -0.0138211 0.00470588 -0.00570175
internal_weight=13461 6824 3619 1361 713 371 170 3205 6637 6597 6536 2750 3786 2699 2614 711 498 1903 893 671 1010 320 669 351 120 444 3738 122 594 341
internal_count=13461 6824 3619 1361 713 371 170 3205 6637 6597 6536 2750 3786 2699 2614 711 498 1903 893 671 1010 320 669 351 120 444 3738 122 594 341
is_linear=0
shrinkage=0.05


Tree=161
num_leaves=31
num_cat=0
split_feature=3 5 5 9 5 1 8 2 5 0 2 0 0 0 8 8 8 2 1 3 11 6 8 4 2 4 11 11 8 6
split_gain=2375.38 106.243 378.418 62.9945 46.1676 29.5643 20.0636 19.4546 9.67789 32.6418 8.26689 7.36909 18.4608 7.30995 9.62517 19.4658 18.9098 12.8448 12.0599 10.844 11.3044 10.657 10.4162 8.52982 21.379 10.0233 7.78857 12.7255 13.116 11.9521
threshold=1.0000000180025095e-35 17.500000000000004 3.5000000000000004 -0.44697929599948477 5.5000000000000009 12.629032258064518 -0.9470547246821871 968.95322580645177 16.500000000000004 1.0000000180025095e-35 966.4951612903227 1.0000000180025095e-35 1.4354838709677422 958.30645161290329 -0.45274443793211405 -0.56457669118955289 -0.35846811432664222 960.17903225806469 88.306451612903246 0.21772807770902966 21.262903225806458 -0.92923668111203805 -0.59263320653766849 0.88326177718617849 968.69838709677435 0.79709778826396427 27.424193548387098 13.382258064516131 -0.85227431625818906 -0.76141707087277943
decision_type=2 2 2 2 2 2 2 2 2 2 2 2 2 2 2 2 2 2 2 2 2 2 2 2 2 2 2 2 2 2
left_child=1 2 -1 -4 5 7 -7 -5 10 -10 -6 -3 -13 14 15 21 17 -16 -19 -17 -21 -2 23 25 -25 26 27 29 -29 -23
right_child=13 11 3 4 8 6 -8 -9 9 -11 -12 12 -14 -15 16 19 -18 18 -20 20 -22 22 -24 24 -26 -27 -28 28 -30 -31
leaf_value=-7.2715873418437045e-08 -0.0014411886250367976 -7.2715873418437045e-08 -7.5513230130526235e-09 5.1249417727699396e-06 -6.8285340199572588e-06 -7.2715873418437045e-08 -7.2715873418437045e-08 -1.6076079576225221e-05 -7.2715873418437045e-08 -9.4432138908596896e-08 5.9405419923803135e-06 -5.8650996859464836e-08 -7.2715873418437045e-08 0.00023890946975803075 -0.00080885033311123018 2.8437091394639682e-05 5.6239456924067628e-06 0.00028668840613291902 0.0031207883856100671 -0.0019611030698503396 -0.00024170160093257289 -0.00042113862241853207 0.00071755752540117457 4.3513789419355819e-06 -7.257505996472084e-05 7.800138049419148e-05 0.0003190263455473089 -9.575095391407552e-05 -0.00074589118058804868 6.6084697079777621e-05
leaf_weight=2205 61 2802 447 67 107 74 320 59 78 110 101 44 279 128 43 61 3993 93 62 149 46 157 55 65 46 209 237 363 197 670
leaf_count=2205 61 2802 447 67 107 74 320 59 78 110 101 44 279 128 43 61 3993 93 62 149 46 157 55 65 46 209 237 363 197 670
internal_value=-0.0213594 -0.0423738 -0.0364528 -0.0157258 -0.0232279 -0.0330134 -0.0397468 -0.011811 -0.0103275 -0.0185185 -0.00287081 -0.0491203 -0.0415123 -0.000158228 -0.000391825 -0.00297799 0.00103769 0.0160804 0.0227564 -0.0159533 -0.0216837 -0.00135856 -0.000725 -0.00133676 -0.0147321 -0.000517993 -0.00184615 -0.0032781 -0.00909091 0.000664251
internal_weight=13328 6693 3568 1363 916 520 394 126 396 188 208 3125 323 6635 6507 2316 4191 198 155 256 195 2060 1999 1944 111 1833 1624 1387 560 827
internal_count=13328 6693 3568 1363 916 520 394 126 396 188 208 3125 323 6635 6507 2316 4191 198 155 256 195 2060 1999 1944 111 1833 1624 1387 560 827
is_linear=0
shrinkage=0.05


Tree=162
num_leaves=31
num_cat=0
split_feature=3 5 5 10 5 5 0 0 3 9 10 4 6 3 6 6 6 7 0 7 2 0 10 2 10 2 5 10 7 5
split_gain=2363.34 103.648 382.762 94.6068 109.859 22.6566 29.3429 9.17988 7.0681 6.82559 9.43129 8.1806 6.77336 8.74319 8.16474 10.4715 7.79744 16.8026 6.38152 6.47905 6.18909 5.75161 7.98926 7.14493 6.10755 7.76156 5.17967 5.12889 6.01467 4.4748
threshold=1.0000000180025095e-35 17.500000000000004 3.5000000000000004 643.50000000000011 5.5000000000000009 16.500000000000004 1.0000000180025095e-35 33.306451612903231 0.0057225854031287974 -0.99628250747696534 819.36874999999986 0.75227389608025763 -0.99630266176052629 0.41780064058297589 -0.99275805973510278 -0.98523971305672675 -0.97113884758256674 -0.19337245081799007 963.50000000000011 -0.94426098523567992 967.49193548387109 3.3709677419354844 774.875 967.70806451612918 956.91875000000016 968.64032258064537 11.500000000000002 889.54375000000005 0.18281312110578132 15.500000000000002
decision_type=2 2 2 2 2 2 2 2 2 2 2 2 2 2 2 2 2 2 2 2 2 2 2 2 2 2 2 2 2 2
left_child=1 2 -1 4 -4 -6 -7 -3 -2 10 11 -10 13 -11 -14 -16 17 -17 29 -20 -12 22 23 -5 25 27 -19 28 -24 -18
right_child=8 7 3 21 5 6 -8 -9 9 12 20 -13 14 -15 15 16 18 26 19 -21 -22 -23 24 -25 -26 -27 -28 -29 -30 -31
leaf_value=-6.9080079747515194e-08 -3.5047681183991034e-05 -6.9080079747515194e-08 -6.9080079747515194e-08 7.9159678655376882e-07 1.2005836475000981e-06 -6.9080079747515194e-08 -1.9437051521915022e-07 -6.9080079747515194e-08 0.0014308433289479006 4.3162946799851822e-05 -0.00074265182664643022 2.8507664804983758e-06 0.00041684471770931931 -0.00181476270679255 -0.00086373736562832541 -0.00020775825895722467 -4.0795414461835408e-05 0.0014769405062523501 -3.5527841924110073e-05 0.00089405426935991461 0.00050225419600568655 -5.710529136089431e-07 9.6816202331526533e-07 -1.1095733428967121e-07 8.653625589912689e-06 2.7972369688213339e-06 0.00034878030037055035 -3.0275077615447151e-05 -9.3082888707019472e-06 9.3389747276763628e-06
leaf_weight=2227 54 3066 351 178 192 63 108 48 57 40 42 40 79 61 99 54 4951 49 43 64 41 41 84 89 40 69 44 101 63 904
leaf_count=2227 54 3066 351 178 192 63 108 48 57 40 42 40 79 61 99 54 4951 49 43 64 41 41 84 89 40 69 44 101 63 904
internal_value=-0.0215319 -0.0424193 -0.0366232 -0.0159058 -0.0285315 -0.0092033 -0.0223837 -0.0491172 -0.000332176 -0.000182676 0.00939227 0.019898 -0.000453905 -0.0132353 -0.000246501 -0.000450958 -0.000188216 0.0111486 -0.000469562 0.0115741 -0.00297619 -0.00232733 -0.00112 0.00541045 -0.00600559 -0.00833333 0.0239362 -0.0124498 -0.00641892 -0.000691598
internal_weight=13342 6720 3606 1379 714 363 171 3114 6622 6568 180 97 6388 101 6287 6208 6109 147 5962 107 83 665 624 267 357 317 93 248 147 5855
internal_count=13342 6720 3606 1379 714 363 171 3114 6622 6568 180 97 6388 101 6287 6208 6109 147 5962 107 83 665 624 267 357 317 93 248 147 5855
is_linear=0
shrinkage=0.05


Tree=163
num_leaves=31
num_cat=0
split_feature=3 5 5 10 5 5 0 0 6 10 0 10 6 2 10 7 11 10 2 0 3 3 3 11 7 2 8 8 10 10
split_gain=2406.49 107.881 387.901 90.1859 117.865 16.5327 41.2671 10.6034 5.69657 5.43337 5.31128 10.7148 13.2415 10.2241 8.89075 13.0331 10.1438 10.1363 10.3858 9.79696 10.3958 13.9009 9.46613 9.19709 8.75573 8.49582 8.48184 9.52783 23.8773 14.7817
threshold=1.0000000180025095e-35 17.500000000000004 3.5000000000000004 650.16875000000016 5.5000000000000009 16.500000000000004 1.0000000180025095e-35 35.306451612903231 -0.082689790342551819 956.02500000000009 315.04838709677426 491.53750000000002 0.15951094710994371 971.47258064516143 580.63125000000014 0.14888728888808328 7.5661290322580657 841.88750000000016 962.62741935483882 96.306451612903246 0.12307490891423363 0.14521129302565808 0.28595588557473145 5.4209677419354847 0.9980355542543059 962.56935483870973 -0.99763297024448894 0.80417553764032002 678.25 761.02499999999986
decision_type=2 2 2 2 2 2 2 2 2 2 2 2 2 2 2 2 2 2 2 2 2 2 2 2 2 2 2 2 2 2
left_child=1 2 -1 4 -4 8 -7 -3 -6 -5 13 12 -12 14 24 17 -17 25 -19 23 -21 -22 -23 -20 -2 -16 -13 28 -28 -29
right_child=10 7 3 9 5 6 -8 -9 -10 -11 11 26 -14 -15 15 16 -18 18 19 20 21 22 -24 -25 -26 -27 27 29 -30 -31
leaf_value=-6.5626075760139426e-08 -3.8755643738743603e-05 -6.5626075760139426e-08 -6.5626075760139426e-08 -2.6994736837430702e-07 2.3204631107979278e-06 -6.5626075760139426e-08 7.0476880443140953e-11 -6.5626075760139426e-08 -6.2088611447292492e-06 1.0637062469083895e-05 -0.00028872606465599193 0.00068497874648460475 0.003542330098436075 -9.0170487339708179e-05 -0.00017803921424641852 0.00089118674527339722 0.0001103929727041991 0.00017704690208827022 -0.00026200068830102319 5.6781267391406974e-05 -8.0719556649376357e-05 0.00016609876868195459 2.0300523457224969e-05 -2.2097767970032242e-06 0.00051974592601074514 1.2142691205904299e-05 -0.0011573712473128773 0.00072762221860615817 -3.7944492542413283e-05 -5.4118641745293244e-05
leaf_weight=2167 745 3075 350 608 98 69 108 42 106 41 65 93 90 425 155 46 458 136 40 46 43 116 190 178 49 278 268 348 2447 448
leaf_count=2167 745 3075 350 608 98 69 108 42 106 41 65 93 90 425 155 46 458 136 40 46 43 116 190 178 49 278 268 348 2447 448
internal_value=-0.0209768 -0.0422206 -0.0362317 -0.015496 -0.0275273 -0.00824607 -0.019382 -0.0490218 0.00146341 -0.00192308 0.000270068 -0.000970745 0.011859 0.00187543 0.00310359 0.00515708 0.0118812 0.00228233 0.0058 0.00301303 0.00770202 0.00471429 0.00846906 -0.00547945 -0.00125786 -0.00380184 -0.00152566 -0.00192198 -0.00333211 0.00288582
internal_weight=13328 6664 3547 1380 731 381 177 3117 204 649 6664 3759 155 2905 2480 1686 504 1182 749 613 395 349 306 218 794 433 3604 3511 2715 796
internal_count=13328 6664 3547 1380 731 381 177 3117 204 649 6664 3759 155 2905 2480 1686 504 1182 749 613 395 349 306 218 794 433 3604 3511 2715 796
is_linear=0
shrinkage=0.05


Tree=164
num_leaves=31
num_cat=0
split_feature=3 5 5 7 5 10 5 0 0 0 0 10 0 10 9 0 2 5 2 8 8 10 2 4 8 4 5 11 10 10
split_gain=2409.98 109.234 403.055 98.8233 111.49 16.4745 12.5897 32.5025 8.87914 19.0986 6.88762 6.0346 15.1268 16.3347 20.5578 12.3305 11.4316 9.33957 10.2344 7.86974 7.61168 6.55527 8.79336 6.27187 13.3492 10.6056 13.0688 18.4332 11.1546 10.8868
threshold=1.0000000180025095e-35 17.500000000000004 3.5000000000000004 0.53312596302726967 5.5000000000000009 638.06250000000011 16.500000000000004 1.0000000180025095e-35 1.0000000180025095e-35 1.4354838709677422 33.306451612903231 944.05000000000007 83.854838709677438 951.78750000000014 0.79773375822167203 387.83870967741944 970.08225806451617 15.500000000000002 964.27580645161299 0.97650828179861848 0.8080041977283311 941.64375000000007 971.3435483870968 1.0778893655779258 0.878110924644389 0.79709778826396427 13.500000000000002 33.050000000000004 771.95000000000005 761.02499999999986
decision_type=2 2 2 2 2 2 2 2 2 2 2 2 2 2 2 2 2 2 2 2 2 2 2 2 2 2 2 2 2 2
left_child=1 2 -1 -4 5 -5 -6 -8 -3 -10 -11 21 -13 15 16 -14 17 18 20 -20 -15 23 -23 25 -25 29 -27 28 -28 -2
right_child=11 8 3 4 6 -7 7 -9 9 10 -12 12 13 14 -16 -17 -18 -19 19 -21 -22 22 -24 24 -26 26 27 -29 -30 -31
leaf_value=-6.2344771972132457e-08 5.6754200011524269e-05 -6.2344771972132457e-08 1.7757663310093067e-07 -6.2344771972132457e-08 4.9294796657922126e-07 -6.2453491371017879e-08 -6.2344771972132457e-08 -1.0963303642542783e-07 -4.8983139241108852e-08 -6.2344771972132457e-08 -6.2344771972132457e-08 0.0003137682563597543 -2.3030017704107899e-05 -0.0018294039423104036 0.00070516206224091051 0.0010870200217342307 -0.00040768522016927102 6.7627257570238719e-05 0.00017644418949956387 -0.00031883719889361787 -0.00056019157562387509 -0.0014230973732059595 5.405196172186822e-06 -2.3999687243833268e-06 -5.8681240393540024e-05 0.001178806446827363 -2.640304336007467e-05 -0.00044406892814812389 8.4933843858651936e-05 -6.2668774240187686e-05
leaf_weight=2197 2351 2841 570 331 204 41 70 118 46 226 44 80 49 42 41 116 68 124 228 67 61 50 41 179 40 91 238 60 363 2343
leaf_count=2197 2351 2841 570 331 204 41 70 118 46 226 44 80 49 42 41 116 68 124 228 67 61 50 41 179 40 91 238 60 363 2343
internal_value=-0.021117 -0.0422933 -0.0362259 -0.0145318 -0.0262745 -0.0458445 -0.00763359 -0.0169312 -0.0490659 -0.040694 -0.0457565 0.000241218 0.0041049 0.00200753 -0.00166139 0.0159639 -0.00406091 -0.00152964 -0.00526316 -0.000506757 -0.01875 -0.000347403 -0.013587 -0.000132369 -0.00840909 0.000201946 0.00571049 0.00324773 0.00589701 -0.000681576
internal_weight=13320 6688 3531 1334 764 372 392 188 3157 316 270 6632 876 796 631 165 590 522 398 295 103 5756 91 5665 219 5446 752 661 601 4694
internal_count=13320 6688 3531 1334 764 372 392 188 3157 316 270 6632 876 796 631 165 590 522 398 295 103 5756 91 5665 219 5446 752 661 601 4694
is_linear=0
shrinkage=0.05


Tree=165
num_leaves=31
num_cat=0
split_feature=3 5 5 10 5 5 0 0 0 1 6 0 0 8 10 5 7 7 10 0 6 10 11 3 1 8 3 10 8 10
split_gain=2368.2 114.099 421.41 81.803 135.849 18.7196 38.4968 9.88315 24.5109 7.8721 9.45244 7.17798 6.70983 5.6744 7.47635 5.67388 10.6598 14.8695 13.8042 13.8735 16.5466 13.7489 18.4299 16.7832 15.2822 10.4736 9.39722 16.4302 13.8771 23.3193
threshold=1.0000000180025095e-35 17.500000000000004 3.5000000000000004 650.16875000000016 5.5000000000000009 16.500000000000004 1.0000000180025095e-35 1.0000000180025095e-35 1.4354838709677422 80.048387096774206 -0.21861968191509915 33.306451612903231 3.3709677419354844 0.90892735371523092 784.98749999999961 11.500000000000002 -0.63257203029273779 -0.57782411410281842 913.26875000000007 895.04838709677426 -0.36647417525074694 956.02500000000009 27.424193548387098 0.2753255544535223 38.112903225806456 -0.99275346941927067 0.28595588557473145 473.19999999999999 0.79380680106549595 957.92500000000007
decision_type=2 2 2 2 2 2 2 2 2 2 2 2 2 2 2 2 2 2 2 2 2 2 2 2 2 2 2 2 2 2
left_child=1 2 -1 4 -4 9 -7 -3 -9 10 -6 -10 13 14 -5 16 18 -18 19 20 -2 22 -20 -23 -25 -19 27 -17 -29 -30
right_child=15 7 3 12 5 6 -8 8 11 -11 -12 -13 -14 -15 -16 26 17 25 21 -21 -22 23 -24 24 -26 -27 -28 28 29 -31
leaf_value=-5.9227533373525839e-08 -6.9758855266835454e-05 -5.9227533373525839e-08 -5.9227533373525839e-08 8.259991809946548e-07 0.00016118295902487311 -5.9227533373525839e-08 3.6024804508588741e-08 -4.6533982279053409e-08 -5.9227533373525839e-08 -1.6889731232748786e-06 3.67339777558915e-07 -5.9227533373525839e-08 -5.3736212747223736e-07 -1.101055289929902e-05 -9.2443379211974861e-07 -0.00069502760480555934 0.0010884260923652745 0.0017532637423261584 5.3401675947311639e-05 0.00015627836370145088 -0.00058548339499796753 0.00036368895054552795 0.0014564180040211373 -0.00080030792620279794 0.00020960220027817778 9.2710035063438289e-05 -9.7942606252249267e-05 2.9487580249546593e-05 -5.458286515127671e-05 8.3181388851209413e-05
leaf_weight=2186 161 2836 337 264 43 58 110 46 237 81 66 43 44 48 304 41 93 52 388 44 160 41 43 119 66 2168 2444 611 157 40
leaf_count=2186 161 2836 337 264 43 58 110 46 237 81 66 43 44 48 304 41 93 52 388 44 160 41 43 119 66 2168 2444 611 157 40
internal_value=-0.0211334 -0.0420868 -0.0358978 -0.0139749 -0.0259339 -0.00445682 -0.016568 -0.0490041 -0.040367 0.00628272 0.015 -0.0459075 -0.00136157 0 0.00140598 6.03409e-05 0.00151379 0.00339239 -0.00273705 -0.0105191 -0.0141304 0.00159574 0.0068287 -0.00837004 -0.0147849 0.00256641 -0.00141166 0.00311765 0.00469716 -0.00681818
internal_weight=13331 6703 3541 1355 695 358 168 3162 326 190 109 280 660 616 568 6628 3335 2313 1022 365 321 657 431 226 185 2220 3293 849 808 197
internal_count=13331 6703 3541 1355 695 358 168 3162 326 190 109 280 660 616 568 6628 3335 2313 1022 365 321 657 431 226 185 2220 3293 849 808 197
is_linear=0
shrinkage=0.05


Tree=166
num_leaves=31
num_cat=0
split_feature=3 5 5 7 5 5 0 6 2 2 0 11 6 4 1 5 7 5 2 1 7 1 4 2 9 11 7 11 2 4
split_gain=2433.84 100.615 364.259 100.668 76.9204 17.2038 26.2041 10.9447 7.85949 6.94056 6.93743 6.0011 6.1995 5.52212 12.2155 15.2581 13.0249 14.4221 12.1305 11.7331 9.25906 9.9638 13.2689 8.95869 8.29139 8.01358 18.5849 7.55355 7.97495 9.81587
threshold=1.0000000180025095e-35 17.500000000000004 3.5000000000000004 0.51849435583340198 5.5000000000000009 15.500000000000002 1.0000000180025095e-35 -0.59869031648930193 971.70806451612918 968.49838709677431 33.306451612903231 6.5467741935483881 -0.35041564478062465 0.56279079157435108 98.209677419354847 8.5000000000000018 -0.57782411410281842 15.500000000000002 968.8983870967744 99.177419354838719 0.92519182738459482 65.854838709677438 0.49781783731186219 968.7467741935485 0.315961146185463 13.472580645161292 0.98899263613956456 39.601612903225806 963.35322580645175 0.331022795606495
decision_type=2 2 2 2 2 2 2 2 2 2 2 2 2 2 2 2 2 2 2 2 2 2 2 2 2 2 2 2 2 2
left_child=1 2 -1 11 7 8 -7 -5 -6 -8 -3 12 -4 14 15 27 -16 18 -18 -15 21 -17 23 24 -23 -22 -27 28 29 -2
right_child=13 10 3 4 5 6 9 -9 -10 -11 -12 -13 -14 19 16 20 17 -19 -20 -21 25 22 -24 -25 -26 26 -28 -29 -30 -31
leaf_value=-5.6266156704849546e-08 0.00026563991023124262 -5.6266156704849546e-08 -1.9094783031800242e-07 -5.6266156704849546e-08 -1.0005764131212544e-05 -5.6266156704849546e-08 1.5332398796729804e-08 -5.6266156704849546e-08 7.3227910531213099e-05 -3.3653556950092008e-07 -5.6266156704849546e-08 -2.5725136492158485e-07 7.1818475742490076e-05 -1.3643403521168058e-05 0.00099829259433218136 0.0019322910911629008 -0.00089401117008048594 0.00011304020669756673 0.00054305130872926992 0.00031368784899757645 0.0016295637341108588 0.00084179719261945481 -7.5383015634039602e-05 -0.00038319886269526094 0.0047846285355055895 -0.0024649956427996267 0.0010863707746024743 -0.00076483517311723426 -2.2078810299551443e-05 -0.00039216603064653468
leaf_weight=2229 192 3073 89 72 140 78 77 315 47 64 42 438 58 3895 51 102 470 59 103 141 44 189 122 41 58 78 45 41 917 89
leaf_count=2229 192 3073 89 72 140 78 77 315 47 64 42 438 58 3895 51 102 470 59 103 141 44 189 122 41 58 78 45 41 917 89
internal_value=-0.0214109 -0.0426149 -0.0369041 -0.0166788 -0.0282746 -0.0130221 -0.0225 -0.044201 -0.0018617 -0.00950704 -0.0492137 -0.000938567 0.00777027 6.77915e-05 0.00186395 0.00390829 -0.00387427 -0.00584518 -0.00827526 -0.00108992 0.00992647 0.0132554 0.00973236 0.0155709 0.0191532 -0.000297619 -0.00685484 0.000604839 0.00133445 0.00868794
internal_weight=13359 6722 3607 1378 793 406 219 387 187 141 3115 585 147 6637 2601 1918 683 632 573 4036 679 512 410 288 247 167 123 1239 1198 281
internal_count=13359 6722 3607 1378 793 406 219 387 187 141 3115 585 147 6637 2601 1918 683 632 573 4036 679 512 410 288 247 167 123 1239 1198 281
is_linear=0
shrinkage=0.05


Tree=167
num_leaves=31
num_cat=0
split_feature=0 5 5 5 7 5 5 0 10 10 7 2 10 6 0 11 10 6 0 10 10 2 10 10 5 2 8 8 11 8
split_gain=2302.11 144.627 91.6605 362.047 108.419 101.689 37.9198 58.6131 27.5541 10.3759 10.9103 8.35893 11.2716 10.5059 5.55413 5.48053 6.71375 5.18468 12.3324 9.73974 18.7453 11.2958 9.71839 14.769 10.7403 9.82913 8.52448 15.1379 10.959 10.73
threshold=1.0000000180025095e-35 18.500000000000004 16.500000000000004 3.5000000000000004 0.47369649395226454 5.5000000000000009 17.500000000000004 48.306451612903231 650.16875000000016 757.67500000000007 0.080547328232315238 966.5887096774195 546.78750000000002 -0.21861968191509915 1.145161290322581 6.6177419354838722 883.69375000000002 -0.26866367175705824 5.080645161290323 535.71874999999989 546.07500000000016 971.3435483870968 580.63125000000014 643.50000000000011 11.500000000000002 960.47580645161304 -0.98523971305672675 -0.95244167294248061 27.424193548387098 -0.99763297024448894
decision_type=2 2 2 2 2 2 2 2 2 2 2 2 2 2 2 2 2 2 2 2 2 2 2 2 2 2 2 2 2 2
left_child=2 6 3 -1 9 8 14 -8 -6 -5 15 12 -7 -13 -2 -11 -17 19 -19 -16 -21 22 -22 24 -24 -25 28 -28 29 -20
right_child=1 -3 -4 4 5 11 7 -9 -10 10 -12 13 -14 -15 17 16 -18 18 26 20 21 -23 23 25 -26 -27 27 -29 -30 -31
leaf_value=-5.3452848869607064e-08 7.8533083888897065e-05 -5.3452848869607064e-08 -5.3452848869607064e-08 1.6863174270147804e-06 -5.3452848869607064e-08 2.661242967901189e-06 -5.3452848869607064e-08 2.6979651135061308e-06 -3.359624300025335e-07 1.0656405550455503e-05 -3.097298538604513e-06 0.00024012753603648877 -0.0001226066804051202 -1.4041173879913326e-05 -0.00051294336507858311 2.7745085696107734e-06 -1.0498390223017844e-05 -1.5207082309339398e-05 0.00011559168675318032 0.0014426278818101563 -0.00026161247613652462 -0.00015358881310845174 0.0029438804006430954 -0.00058291751732790606 2.8030841742510638e-05 7.1451470223238356e-07 0.00076486193146351193 1.3958077635095602e-05 0.00022816719502884964 -0.0018655026404157393
leaf_weight=2227 111 177 2914 107 343 57 149 181 52 119 76 46 41 55 78 87 126 72 63 60 137 356 40 121 48 1991 159 3245 50 89
leaf_count=2227 111 177 2914 107 343 57 149 181 52 119 76 46 41 55 78 87 126 72 63 60 137 356 40 121 48 1991 159 3245 50 89
internal_value=-0.02127 -0.00184484 -0.0434171 -0.0377285 -0.0143694 -0.0289076 -0.000704935 -0.0172205 -0.0435606 0.00242248 -0.00122249 0.00025 -0.010101 0.0102941 0.000120828 0.0027027 -0.0021028 -6.91244e-05 0.0011688 -0.00167726 -0.0011801 -0.0018003 -0.000534645 0.000272603 0.0202247 -0.000567913 0.00158026 0.00217327 -0.00837438 -0.0150327
internal_weight=13377 7127 6250 3336 1109 594 6950 330 395 515 408 199 98 101 6620 332 213 6509 3678 2831 2753 2693 2337 2200 88 2112 3606 3404 202 152
internal_count=13377 7127 6250 3336 1109 594 6950 330 395 515 408 199 98 101 6620 332 213 6509 3678 2831 2753 2693 2337 2200 88 2112 3606 3404 202 152
is_linear=0
shrinkage=0.05


Tree=168
num_leaves=31
num_cat=0
split_feature=3 5 5 10 5 5 0 0 10 1 0 0 10 2 10 0 0 2 10 11 5 10 5 4 11 10 11 10 8 1
split_gain=2345.92 120.668 410.47 100.868 120.715 21.2233 41.3267 23.748 8.62154 6.89204 7.81866 6.46209 6.10571 8.17553 7.30141 5.72554 15.6905 4.96803 13.2189 23.4141 10.4427 4.87428 4.72417 11.9702 8.17866 10.0273 15.3669 12.235 14.0874 10.27
threshold=1.0000000180025095e-35 17.500000000000004 3.5000000000000004 650.16875000000016 5.5000000000000009 15.500000000000002 1.0000000180025095e-35 5.080645161290323 486.48750000000001 0.17741935483870971 0.87096774193548399 33.306451612903231 774.375 965.23064516129045 913.375 1.0000000180025095e-35 1.4354838709677422 956.59193548387111 489.18124999999992 19.079032258064519 14.500000000000002 821.61874999999986 11.500000000000002 0.74877653895864404 18.166129032258066 699.65000000000009 12.179032258064519 821.61874999999986 0.69056404122701587 23.661290322580648
decision_type=2 2 2 2 2 2 2 2 2 2 2 2 2 2 2 2 2 2 2 2 2 2 2 2 2 2 2 2 2 2
left_child=1 2 -1 4 -4 8 -7 -8 -6 -5 12 -9 -11 21 -15 -3 -17 18 19 -2 -20 -14 23 -19 25 -24 -27 28 -28 -29
right_child=17 15 3 9 5 6 7 11 -10 10 -12 -13 13 14 -16 16 -18 22 20 -21 -22 -23 24 -25 -26 26 27 29 -30 -31
leaf_value=-5.0780206426126713e-08 -0.00026045146209978387 -5.0780206426126713e-08 -5.0780206426126713e-08 3.1879457140713065e-05 -6.733291117365489e-06 -5.0780206426126713e-08 8.0926026202682308e-07 -9.7877484334701221e-07 4.2371822651758771e-05 4.2748547283142886e-07 1.3271864320960856e-06 -6.9653568648355447e-07 -1.0228850769499397e-06 -1.6894550357195519e-06 0.0001009294642860475 -3.8721332886377905e-08 -5.0780206426126713e-08 2.2464991949017189e-05 -0.0012916123395146223 0.0032557366241841718 3.2637271360944206e-05 -1.9559660289678084e-05 -9.5363734915632149e-05 0.0010795603103034429 -3.8385970706316569e-05 -1.556792886263092e-05 0.00080263792166914154 0.00010623011330140797 6.0782410951602807e-05 -8.333612136995234e-05
leaf_weight=2190 55 2861 350 50 41 68 52 44 120 223 61 41 51 107 48 41 279 3133 175 57 62 110 480 106 1494 369 141 218 109 291
leaf_count=2190 55 2861 350 50 41 68 52 44 120 223 61 41 51 107 48 41 279 3133 175 57 62 110 480 106 1494 369 141 218 109 291
internal_value=-0.0213174 -0.0421416 -0.0357886 -0.0142648 -0.0271967 -0.00708447 -0.0177184 -0.00181159 0.00648148 0 -0.0014975 -0.0180233 -0.00342593 -0.00788644 0.000320513 -0.04923 -0.0423676 -0.000343745 -0.00614286 0.0079646 -0.0128151 -0.0157407 -2.36518e-05 0.00131173 -0.00141798 0.00105656 0.00363153 0.00769737 0.0167331 0.00323529
internal_weight=13427 6737 3556 1366 716 366 205 137 161 650 600 85 539 316 155 3181 320 6690 349 112 237 161 6341 3239 3102 1608 1128 759 250 509
internal_count=13427 6737 3556 1366 716 366 205 137 161 650 600 85 539 316 155 3181 320 6690 349 112 237 161 6341 3239 3102 1608 1128 759 250 509
is_linear=0
shrinkage=0.05


Tree=169
num_leaves=31
num_cat=0
split_feature=3 5 5 7 5 10 6 5 0 5 7 0 0 8 0 3 3 10 2 2 11 7 5 9 10 2 6 7 7 5
split_gain=2331.13 112.689 420.122 113.488 86.6138 22.4439 22.067 26.4008 9.81885 8.65932 13.5944 8.5323 17.6506 7.47556 6.41305 6.03304 11.3208 7.85686 11.3855 9.98223 10.2234 7.88298 6.49034 5.90145 5.66526 9.05118 6.9514 5.66145 4.28586 9.47416
threshold=1.0000000180025095e-35 17.500000000000004 3.5000000000000004 0.59003219687534991 5.5000000000000009 609.23750000000007 0.022575936829235418 16.500000000000004 5.080645161290323 5.5000000000000009 0.48877522411129348 1.0000000180025095e-35 1.4354838709677422 -0.63920832810365535 33.306451612903231 0.027745800144117986 0.016411398781448042 479.71249999999986 965.92096774193556 960.32419354838714 18.298387096774196 0.99445195900249039 10.500000000000002 0.39629089145655322 868.04374999999982 969.07580645161295 0.73865729060996166 0.85561368268953431 0.04621408538533487 4.5000000000000009
decision_type=2 2 2 2 2 2 2 2 2 2 2 2 2 2 2 2 2 2 2 2 2 2 2 2 2 2 2 2 2 2
left_child=1 2 -1 9 5 -5 7 -6 -8 10 23 -3 -13 -11 -14 16 27 18 19 20 -17 -19 -20 24 28 26 -26 -2 -4 -30
right_child=15 11 3 4 6 -7 8 -9 -10 13 -12 12 14 -15 -16 17 -18 21 22 -21 -22 -23 -24 -25 25 -27 -28 -29 29 -31
leaf_value=-4.8241196104820371e-08 -3.1189215308459669e-05 -4.8241196104820371e-08 3.6815721521842308e-06 -4.8241196104820371e-08 -2.0326479135761411e-06 -2.4169553175596558e-08 6.7634604250822541e-07 -4.8241196104820371e-08 -5.7893739183388687e-07 7.1737743526867353e-06 -2.744136166292833e-07 -3.6785266242059014e-08 -4.8241196104820371e-08 1.0745804196338086e-07 -4.8241196104820371e-08 -0.00024345682117401929 0.00013486531331136024 -7.7114162289448902e-06 0.0019137974100214728 -0.00088630975255630802 0.0017675005021631426 -0.00055416106971725167 0.00086592663091801254 5.444866280403362e-05 -3.4222678297509238e-06 6.3589225212506015e-06 -2.6343327534834e-05 9.6073915635807517e-06 3.0092415280609383e-07 -3.6011382141987302e-05
leaf_weight=2216 66 2784 126 308 120 40 114 89 47 49 47 44 216 40 46 58 52 6117 53 65 62 61 63 60 88 43 42 40 63 64
leaf_count=2216 66 2784 126 308 120 40 114 89 47 49 47 44 216 40 46 58 52 6117 53 65 62 61 63 60 88 43 42 40 63 64
internal_value=-0.0211495 -0.0420791 -0.0359854 -0.0138702 -0.0273992 -0.0452722 -0.0105121 -0.0211905 0.00339506 0.00176565 -0.000655431 -0.049078 -0.0407166 0.0161111 -0.0456274 -0.00018831 0.00943396 -0.000424383 0.00745033 -0.000268817 0.00826446 -0.000809192 0.0196581 0.00184805 -0.000234192 -0.00718391 -0.0137405 0 0.00452756 -0.00195312
internal_weight=13283 6646 3556 1340 718 348 370 209 161 622 533 3090 306 89 262 6637 158 6479 301 185 120 6178 116 486 426 173 130 106 253 127
internal_count=13283 6646 3556 1340 718 348 370 209 161 622 533 3090 306 89 262 6637 158 6479 301 185 120 6178 116 486 426 173 130 106 253 127
is_linear=0
shrinkage=0.05


Tree=170
num_leaves=31
num_cat=0
split_feature=3 5 5 7 5 10 6 5 0 0 0 5 0 10 2 6 7 11 0 10 10 10 2 2 7 7 3 3 6 7
split_gain=2399.98 111.667 411.176 122.964 74.9286 33.5772 13.1843 25.3369 12.272 7.93812 16.9869 6.76545 13.7966 6.55562 8.89367 8.36732 8.2848 7.50625 6.53215 6.06888 5.78796 4.0754 3.87744 3.80091 9.65481 19.6841 17.4452 13.1544 11.8021 12.9995
threshold=1.0000000180025095e-35 17.500000000000004 3.5000000000000004 0.57605713708605399 5.5000000000000009 611.18750000000011 0.022575936829235418 16.500000000000004 5.080645161290323 1.0000000180025095e-35 1.4354838709677422 5.5000000000000009 6.0161290322580649 773.95000000000005 965.80483870967748 -0.85227431625818906 0.18281312110578132 6.8983870967741945 33.306451612903231 887.36874999999998 547.40000000000009 934.13750000000016 967.44032258064533 962.48870967741948 0.92519182738459482 0.80290535434334509 0.28595588557473145 0.40793090036149154 -0.32614396506100213 -0.68432604233786842
decision_type=2 2 2 2 2 2 2 2 2 2 2 2 2 2 2 2 2 2 2 2 2 2 2 2 2 2 2 2 2 2
left_child=1 2 -1 11 5 -5 7 20 -8 -3 -11 13 -13 14 -4 -16 17 22 -12 -19 -6 -21 -15 24 25 26 -2 -27 -28 -30
right_child=23 9 3 4 6 -7 8 -9 -10 10 18 12 -14 16 15 -17 -18 19 -20 21 -22 -23 -24 -25 -26 27 28 -29 29 -31
leaf_value=-4.5829136299579351e-08 5.700437814861008e-05 -4.5829136299579351e-08 2.3348039509309042e-06 -4.5829136299579351e-08 1.0563746616812439e-06 -4.703271844604054e-08 3.3172563727521813e-07 -4.5829136299579351e-08 -9.4556548356402467e-07 -3.4946002929956065e-08 -4.5829136299579351e-08 0.00018966590630498938 -5.6826188715983241e-07 -5.3124778479131597e-07 1.1785037659253693e-06 -2.6069293579781911e-07 -8.0870125173473583e-06 3.5200000281193663e-06 -4.5829136299579351e-08 -2.2838758941128578e-05 -8.7515575790079927e-05 -5.7694848228209763e-06 3.7697453667640979e-05 9.8528537671796242e-06 -0.00071920698416574685 1.305215870723696e-05 -0.00095552929723915353 0.0063404747131712742 0.00062536262428363474 -0.00034193162792234836
leaf_weight=2258 297 2833 91 329 76 42 119 96 52 46 233 47 40 56 40 67 63 68 46 55 44 58 52 5255 165 102 252 65 47 419
leaf_count=2258 297 2833 91 329 76 42 119 96 52 46 233 47 40 56 40 67 63 68 46 55 44 58 52 5255 165 102 252 65 47 419
internal_value=-0.0213769 -0.0421976 -0.0362206 -0.0148639 -0.0284585 -0.0444892 -0.0130155 -0.0211982 -0.00261628 -0.0490978 -0.0412577 0.00133229 0.0142045 -0.000725953 0.00653266 -0.00324074 -0.00481586 -0.0012069 -0.0458929 -0.00741758 -0.00578512 -0.0144737 0.00917431 0.000106012 -0.00226261 -0.000676247 -0.00329724 0.0151786 -0.00751043 -0.00278373
internal_weight=13413 6811 3653 1395 758 371 387 216 171 3158 325 637 87 550 198 107 352 289 279 181 120 113 108 6602 1347 1182 1015 167 718 466
internal_count=13413 6811 3653 1395 758 371 387 216 171 3158 325 637 87 550 198 107 352 289 279 181 120 113 108 6602 1347 1182 1015 167 718 466
is_linear=0
shrinkage=0.05


Tree=171
num_leaves=31
num_cat=0
split_feature=0 4 0 7 6 9 8 0 2 10 2 10 11 7 4 11 0 6 0 4 10 1 7 10 6 10 8 8 6 10
split_gain=2316.96 125.521 47.4896 58.0073 19.5645 10.7716 9.81567 12.468 7.22958 11.9875 8.37976 7.07726 9.60391 8.43366 7.96889 6.63391 7.75053 6.26921 5.38104 4.86946 11.9361 13.0806 15.3446 13.0603 8.28118 8.49835 14.496 11.7164 14.2311 11.6535
threshold=1.0000000180025095e-35 1.2116665481716715 44.064516129032263 0.1318557721318592 0.40614137006726808 -0.42180510190895731 -0.70291267844185523 12.95161290322581 952.92419354838728 489.18124999999992 956.88870967741946 471.53124999999983 25.082258064516136 0.99681593486783593 0.63972329135949091 9.5048387096774203 127.08064516129033 0.091259403071267925 390.70967741935493 0.79709778826396427 939.80624999999998 8.5322580645161299 0.080547328232315238 750.10000000000002 0.99865421017599998 936.69375000000002 0.92023804793023134 0.97508442350096236 -0.69057362043749781 593.71249999999986
decision_type=2 2 2 2 2 2 2 2 2 2 2 2 2 2 2 2 2 2 2 2 2 2 2 2 2 2 2 2 2 2
left_child=5 8 3 -3 6 -1 -5 -8 9 -2 17 12 14 19 -12 -4 -17 -10 -19 24 21 22 -21 -23 25 26 -13 -28 -29 -30
right_child=1 2 15 4 -6 -7 7 -9 10 -11 11 13 -14 -15 -16 16 -18 18 -20 20 -22 23 -24 -25 -26 -27 27 28 29 -31
leaf_value=-4.353767948460039e-08 0.0030039221599314466 -4.353767948460039e-08 -4.1010410498905395e-06 -2.7592133545197298e-06 -4.353767948460039e-08 -4.353767948460039e-08 7.2719036414375101e-07 -5.6672833275718761e-07 -0.0016055683371521839 1.1669053381818674e-06 0.0025953015746307639 -5.7039547924231385e-05 -0.00029284210969241219 -0.00080373913843228011 0.00013812438361981427 5.6721102074414945e-06 -4.4291265112851946e-05 2.049444450860599e-05 -0.0010785959238389347 8.0485237892080627e-05 -4.306864224416993e-05 -9.6584955152585655e-05 0.0013866888679353096 3.4766594226078376e-05 0.0014782769482559188 8.0388537935591203e-05 0.00085371389604673722 -0.00063795021032593275 -7.0395453750004075e-05 0.00074234189693455634
leaf_weight=2344 55 236 49 41 72 3936 40 46 58 90 72 3441 61 63 41 116 42 100 40 317 234 134 67 241 55 980 183 80 108 51
leaf_count=2344 55 236 49 41 72 3936 40 46 58 90 72 3441 61 63 41 116 42 100 40 317 234 134 67 241 55 980 183 80 108 51
internal_value=-0.0213342 -0.00179224 -0.0228616 -0.0322248 -0.01225 -0.0434644 -0.000390625 0.0091954 0.000301298 0.0113014 4.74158e-05 0.000375265 0.0102857 8.39631e-05 0.0188596 -0.003125 0.00188679 -0.0100503 -0.00425532 0.000280041 0.00347082 0.00651316 0.012987 -0.000132979 -0.000367422 -0.000588357 -0.00164337 0.0070922 -0.000208333 0.0084375
internal_weight=13393 7113 642 435 199 6280 127 86 6471 145 6326 6128 174 5954 113 207 158 198 140 5891 993 759 384 375 4898 4843 3863 422 239 159
internal_count=13393 7113 642 435 199 6280 127 86 6471 145 6326 6128 174 5954 113 207 158 198 140 5891 993 759 384 375 4898 4843 3863 422 239 159
is_linear=0
shrinkage=0.05


Tree=172
num_leaves=31
num_cat=0
split_feature=3 5 5 7 5 10 8 5 2 10 11 0 0 0 7 3 1 10 3 7 11 0 8 0 5 1 10 1 10 7
split_gain=2408.28 108.423 384.468 110.7 75.6456 41.2388 13.5611 25.5196 9.7154 9.53366 15.8355 9.50946 7.88124 17.5942 7.7452 6.49837 8.21165 7.5994 14.7542 9.66436 6.99113 6.69552 6.43494 6.16904 5.28878 12.3739 13.8064 10.1905 8.85568 5.27498
threshold=1.0000000180025095e-35 17.500000000000004 3.5000000000000004 0.48877522411129348 5.5000000000000009 643.50000000000011 0.067682722635586057 16.500000000000004 966.4951612903227 887.36874999999998 7.2854838709677425 5.080645161290323 1.0000000180025095e-35 1.4354838709677422 0.77652048701313048 0.027745800144117986 7.6290322580645169 479.71249999999986 0.31070610698796824 0.99445195900249039 23.21935483870968 33.306451612903231 0.20391355282604834 33.306451612903231 4.5000000000000009 15.951612903225808 780.50000000000011 78.629032258064527 781.36250000000007 0.96177147954086928
decision_type=2 2 2 2 2 2 2 2 2 2 2 2 2 2 2 2 2 2 2 2 2 2 2 2 2 2 2 2 2 2
left_child=1 2 -1 9 5 -5 7 8 -6 24 -11 -8 -3 -14 -9 16 -2 18 20 -19 -17 -18 -20 -15 25 -4 -27 28 -26 -24
right_child=15 12 3 4 6 -7 11 14 -10 10 -12 -13 13 23 -16 17 21 19 22 -21 -22 -23 29 -25 27 26 -28 -29 -30 -31
leaf_value=-4.1360795510370365e-08 -1.0695212023862102e-05 -4.1360795510370365e-08 -4.3498972145030816e-06 -4.1360795510370365e-08 -1.6373175294409275e-05 -2.4192375925584738e-07 4.7848489355727462e-07 -6.9648381425155226e-08 1.8521986435343359e-05 1.0494446050407584e-05 -2.1694644110097916e-05 -8.2375435989344642e-07 -3.1021818809228239e-08 -4.1360795510370365e-08 -4.1360795510370365e-08 0.00010374571353793106 0.00013170326673130791 -3.8533113745694823e-06 0.00024359150290818312 -0.0010120863346624487 -0.00069740843347246566 3.797901546274625e-06 0.0021609075082724416 -4.1360795510370365e-08 2.8525639796604912e-05 3.3895355924075873e-07 6.8878563311539193e-06 -8.3169328039576025e-06 -1.9998552282322597e-06 0.0058895591784078882
leaf_weight=2203 40 2843 58 336 57 59 121 40 69 74 95 60 45 234 69 88 69 6087 70 61 45 58 54 48 55 78 50 75 64 45
leaf_count=2203 40 2843 58 336 57 59 121 40 69 74 95 60 45 234 69 88 69 6087 70 61 45 58 54 48 55 78 50 75 64 45
internal_value=-0.0213093 -0.0423597 -0.0363496 -0.0154298 -0.0271552 -0.042803 -0.0122302 -0.0201271 -0.00472441 0.00190909 -0.00794118 -0.00192308 -0.0491012 -0.041311 -0.0377273 0.000113327 0.00982143 -0.000139513 0.00759076 -0.00052041 -0.00485075 0.0160156 0.0173529 -0.0459364 0.00629921 0.0122995 0.0209302 0.000512821 0.00958333 0.0255
internal_weight=13350 6733 3563 1360 811 395 416 235 126 549 169 181 3170 327 109 6617 167 6450 302 6148 133 127 169 282 380 186 128 194 119 99
internal_count=13350 6733 3563 1360 811 395 416 235 126 549 169 181 3170 327 109 6617 167 6450 302 6148 133 127 169 282 380 186 128 194 119 99
is_linear=0
shrinkage=0.05


Tree=173
num_leaves=31
num_cat=0
split_feature=3 5 5 10 5 5 0 0 5 4 10 2 2 4 9 3 4 6 10 10 0 9 6 6 6 1 2 0 4 1
split_gain=2402.83 113.611 408.843 92.1643 119.473 14.3488 36.2604 15.9064 9.63717 8.0413 6.79659 13.7271 7.99482 6.94501 6.72356 7.0559 9.12358 6.30844 6.28645 16.0612 13.4549 11.0371 10.1494 9.12255 8.31583 10.2756 10.4688 10.0786 8.83598 8.30935
threshold=1.0000000180025095e-35 17.500000000000004 3.5000000000000004 635.31250000000011 5.5000000000000009 16.500000000000004 1.0000000180025095e-35 6.0161290322580649 16.500000000000004 0.94502159163383459 479.71249999999986 967.49193548387109 953.86290322580658 0.66228895214712202 0.97786949981288174 0.027745800144117986 0.056651562568230139 -0.26037633224328088 761.02499999999986 763.35000000000014 493.74193548387103 -0.99628250747696534 0.98802474685579866 0.85226249403558707 0.81428061195174062 81.048387096774206 967.11129032258077 963.50000000000011 0.5776380220644225 4.7258064516129048
decision_type=2 2 2 2 2 2 2 2 2 2 2 2 2 2 2 2 2 2 2 2 2 2 2 2 2 2 2 2 2 2
left_child=1 2 -1 4 -4 17 -7 -8 -5 10 11 12 -2 -13 15 -12 -17 -6 20 -20 21 -18 23 24 25 27 -27 -21 -28 -23
right_child=9 -3 3 8 5 6 7 -9 -10 -11 14 13 -14 -15 -16 16 18 -19 19 22 -22 29 -24 -25 -26 26 28 -29 -30 -31
leaf_value=-3.9292755734851842e-08 0.00062166549898806103 -3.9292755734851842e-08 -3.9292755734851842e-08 5.5545963180319681e-08 4.0592937194834366e-05 -3.9292755734851842e-08 4.7789114996814943e-07 -8.5088485866564412e-07 -7.0916886923566708e-07 -9.661971058909487e-06 0.00039480195040570332 0.0031213998577787174 -0.00030280157917415775 0.00082210739635447678 -0.00015976847383182281 -0.00034827934526992322 0.00086894190820679474 -1.5106581446939406e-06 -0.0014801790585589336 -3.6008856532581262e-05 0.00057537541194437882 0.00068020886377802162 -0.00046281107744583082 0.0002253436728460151 -0.0011863264103556287 7.9116708295423702e-05 0.0013759839770677122 0.00063558291676064915 0.00050512218275960562 -2.5860872652075374e-05
leaf_weight=2231 55 3175 321 611 56 59 44 56 66 364 59 55 160 40 193 170 42 137 81 2054 477 118 144 547 81 302 52 86 91 1447
leaf_count=2231 55 3175 321 611 56 59 44 56 66 364 59 55 160 40 193 170 42 137 81 2054 477 118 144 547 81 302 52 86 91 1447
internal_value=-0.0213234 -0.0422969 -0.0361669 -0.0144338 -0.0275223 -0.00736544 -0.0184375 0 -0.00140118 9.06481e-05 0.000511591 0.00771704 0.000694444 0.0234375 0.000134567 0.000443324 0.000263481 0.00180412 0.000615607 -0.000697877 0.00278177 0.000590796 -0.000163788 0.000420037 -0.000787402 -0.000290023 0.00661435 -0.00172816 0.0177083 -9.57854e-05
internal_weight=13374 6756 3581 1350 673 352 159 100 677 6618 6254 310 215 95 5944 5751 5692 193 5522 3438 2084 1607 3357 3213 2666 2585 445 2140 143 1565
internal_count=13374 6756 3581 1350 673 352 159 100 677 6618 6254 310 215 95 5944 5751 5692 193 5522 3438 2084 1607 3357 3213 2666 2585 445 2140 143 1565
is_linear=0
shrinkage=0.05


Tree=174
num_leaves=31
num_cat=0
split_feature=3 0 7 6 8 6 0 8 9 4 0 10 7 10 2 7 7 3 8 3 9 8 0 3 1 1 7 7 6 10
split_gain=2358.81 71.854 62.531 20.5926 17.3933 9.36924 8.86909 8.42029 8.37272 6.0718 9.7506 6.51561 5.16807 5.11764 15.1264 8.82245 24.8385 18.9533 11.6171 10.9629 14.0287 14.0418 12.1539 17.0661 13.1598 11.6475 28.1531 16.0926 17.2836 15.1034
threshold=1.0000000180025095e-35 1.0000000180025095e-35 0.29958852271690523 0.35846314187849709 -0.73866412149774419 -0.75015329512557194 5.080645161290323 0.89404822654372251 -0.41594454530410557 0.092684032119365656 24.177419354838715 939.80624999999998 -0.23537842981696178 913.31875000000002 974.1532258064517 -0.93237865822738086 -0.91249077947840473 0.52247022035263146 -0.45274443793211405 0.4560997622534097 -0.41594454530410557 0.97364703930971175 327.11290322580652 0.76441460158385233 47.370967741935495 6.3064516129032269 -0.048362832084465616 0.33222858587828868 -0.98523971305672675 654.91875000000016
decision_type=2 2 2 2 2 2 2 2 2 2 2 2 2 2 2 2 2 2 2 2 2 2 2 2 2 2 2 2 2 2
left_child=1 8 5 4 -4 -3 -6 -5 -1 11 -11 12 -2 15 -15 17 -17 -12 -18 -20 25 22 -22 24 -24 26 -21 28 -27 -29
right_child=9 2 3 7 6 -7 -8 -9 -10 10 13 -13 -14 14 -16 16 18 -19 19 20 21 -23 23 -25 -26 27 -28 29 -30 -31
leaf_value=-3.7328117948109253e-08 -0.00024739408401643694 -3.7328117948109253e-08 -7.8656277202979382e-06 -3.7328117948109253e-08 3.3964227831219889e-05 -3.7328117948109253e-08 9.7954946528351156e-08 -8.1237836448363879e-07 -3.7328117948109253e-08 0.00022113829117519527 0.00012976562025126536 0.0002163032317622566 -0.00017132585007769568 2.253027490429216e-05 0.0010064651904949401 0.00066584897547875563 -7.8330294764057676e-05 -0.0007101021830918764 -3.3531192477399092e-05 -0.00070523414262932405 -0.00063283252892998298 -2.9747926541487392e-05 0.0021661832750127677 1.0821110553010938e-05 0.0027586670411830828 -0.00083001318580744896 0.00069750299572974574 0.0011362706651725425 0.00051902186324384592 -0.0030192220326612342
leaf_weight=2291 75 87 41 46 49 214 49 57 3926 111 40 40 240 1549 58 54 1510 69 1383 83 63 182 123 84 86 161 56 49 529 72
leaf_count=2291 75 87 41 46 49 214 49 57 3926 111 40 40 240 1549 58 54 1510 69 1383 83 63 182 123 84 86 161 56 49 529 72
internal_value=-0.0214718 -0.0422423 -0.0247243 -0.00576132 0.00678571 -0.0399007 0.0181818 -0.0225962 -0.0437681 -0.00024932 0.000111768 -0.00660112 -0.00901899 -0.000154421 0.0022699 -0.0010121 -0.000665014 -0.015 -0.00108398 0.000783426 0.00376091 0.0102041 0.0159664 0.0202381 0.0278571 0.000105152 -0.0132143 0.00240148 0.00535456 -0.0143443
internal_weight=13377 6760 543 242 139 301 98 103 6217 6617 6262 355 315 6151 1607 4544 4435 109 4381 2871 1488 538 356 293 209 950 139 811 690 121
internal_count=13377 6760 543 242 139 301 98 103 6217 6617 6262 355 315 6151 1607 4544 4435 109 4381 2871 1488 538 356 293 209 950 139 811 690 121
is_linear=0
shrinkage=0.05


Tree=175
num_leaves=31
num_cat=0
split_feature=3 5 5 7 5 5 8 0 4 9 9 9 0 0 2 2 7 7 5 2 8 0 8 7 9 11 8 7 6 2
split_gain=2476.46 95.29 361.743 111.409 59.9972 33.2281 26.0505 14.7965 7.90529 7.77373 9.82731 12.1112 7.69223 19.4511 6.79418 6.76119 11.9065 9.68887 6.4284 7.17598 6.41522 5.61671 5.5078 8.45249 5.13938 5.01461 4.88343 7.26294 4.72431 6.17319
threshold=1.0000000180025095e-35 17.500000000000004 3.5000000000000004 0.47369649395226454 5.5000000000000009 16.500000000000004 -0.9470547246821871 1.0000000180025095e-35 0.56279079157435108 -0.99628250747696534 -0.98523800472371936 -0.96687281075841669 1.0000000180025095e-35 1.4354838709677422 965.51129032258075 966.6822580645163 0.95936279103287792 0.8511460603353429 14.500000000000002 973.65967741935503 0.019351116170480156 33.306451612903231 0.28313881758084386 -0.69676771491221523 -0.59868927840444253 11.56935483870968 0.51295437088821561 -0.69676771491221523 -0.46038400545438724 960.47580645161304
decision_type=2 2 2 2 2 2 2 2 2 2 2 2 2 2 2 2 2 2 2 2 2 2 2 2 2 2 2 2 2 2
left_child=1 2 -1 22 6 15 -5 -7 9 -2 -11 -12 -3 -14 -9 17 -17 -6 19 -13 -21 -15 23 -4 -25 -20 -24 -28 29 -10
right_child=8 12 3 4 5 7 -8 14 28 10 11 18 13 21 -16 16 -18 -19 25 20 -22 -23 26 24 -26 -27 27 -29 -30 -31
leaf_value=-3.5461712050703787e-08 0.00065688761582814422 -3.5461712050703787e-08 0.00014009853922444725 -3.5461712050703787e-08 -0.00011529952562757389 -3.5461712050703787e-08 -3.5461712050703787e-08 -7.3815599306808653e-07 -0.00082997934914147637 -0.00053837732321130314 0.00079871897424806798 1.7385439525410828e-05 -5.4592747483526392e-06 -3.5461712050703787e-08 -1.3733010592985588e-06 0.00011402350439217602 -5.7597771226778374e-06 4.8334797749089272e-07 -1.2587298823735216e-05 0.00050234110668933988 -7.7872293872754272e-05 -3.5461712050703787e-08 -1.0426691419449718e-05 4.719250703807739e-07 -1.2056971327902965e-05 0.00015927953501004532 -1.5992920584579503e-05 1.4812640297913403e-06 2.9792276962554726e-06 -2.1318224585639265e-05
leaf_weight=2240 61 2797 48 60 45 70 335 51 71 71 52 2034 42 227 68 66 41 60 53 86 48 43 56 237 42 160 50 99 2495 1461
leaf_count=2240 61 2797 48 60 45 70 335 51 71 71 52 2034 42 227 68 66 41 60 53 86 48 43 56 237 42 160 50 99 2495 1461
internal_value=-0.0212396 -0.0426999 -0.0370972 -0.0164033 -0.0282309 -0.0145522 -0.0420455 -0.0297368 0.000500531 0.00266952 0.00223553 0.00277321 -0.0491158 -0.0412141 -0.01875 -0.000938967 0.00787037 -0.00990566 0.00224601 0.00142923 0.0125926 -0.0461255 0.00131332 0.00533537 0.00196429 0.010514 -0.00509709 -0.000333333 -0.000881331 -0.00306588
internal_weight=13269 6677 3568 1328 796 401 395 189 6592 2565 2504 2433 3109 312 119 212 107 105 2381 2168 134 270 532 327 279 213 205 149 4027 1532
internal_count=13269 6677 3568 1328 796 401 395 189 6592 2565 2504 2433 3109 312 119 212 107 105 2381 2168 134 270 532 327 279 213 205 149 4027 1532
is_linear=0
shrinkage=0.05


Tree=176
num_leaves=31
num_cat=0
split_feature=3 5 5 10 5 5 8 7 7 2 6 5 3 10 3 3 3 3 8 6 11 10 7 10 5 7 1 2 10 11
split_gain=2400.08 100.888 376.193 118.336 93.5552 28.9756 16.363 10.2735 10.2277 8.79514 8.6677 7.74422 5.49841 6.72872 6.57319 7.90213 26.7198 9.33516 10.3317 9.91639 9.26408 7.74824 10.4372 11.7836 18.153 11.519 10.7198 9.23098 9.15852 14.4271
threshold=1.0000000180025095e-35 17.500000000000004 3.5000000000000004 643.50000000000011 5.5000000000000009 16.500000000000004 0.033323506451456063 0.45847758937963173 0.31595530242620651 969.51774193548397 -0.26037633224328088 5.5000000000000009 0.068680806846629777 479.71249999999986 0.098757732244356744 0.12307490891423363 0.13220207142808546 0.17824735751499207 0.63920241694561786 -0.065535378769913874 17.593548387096778 445.03124999999994 0.92843842216862604 551.19375000000002 12.500000000000002 0.96633974041180493 80.500000000000014 969.07580645161295 593.71249999999986 27.722580645161294
decision_type=2 2 2 2 2 2 2 2 2 2 2 2 2 2 2 2 2 2 2 2 2 2 2 2 2 2 2 2 2 2
left_child=1 2 -1 4 -4 10 -7 8 9 -5 -6 -9 13 -2 -14 20 -17 18 19 -18 -16 -19 23 24 -23 26 -24 -26 29 -25
right_child=12 -3 3 7 5 6 -8 11 -10 -11 -12 -13 14 -15 15 16 17 21 -20 -21 -22 22 25 28 27 -27 -28 -29 -30 -31
leaf_value=-3.3688626448168598e-08 -0.00014807497694256097 -3.3688626448168598e-08 -3.3688626448168598e-08 -1.924065770154077e-06 2.9217496742236627e-05 -3.3688626448168598e-08 -5.0101756342741804e-07 -8.899551571450273e-08 1.1785725124390132e-06 4.3354004003804543e-05 -2.4356958948923966e-06 -6.2835185771693922e-06 -3.7391652182606045e-05 1.7431196168459819e-05 6.1896290395312836e-05 -0.00038129705293720644 0.00027594755064331916 0.003558016177963147 -9.4521606522886628e-05 1.5582837385439731e-05 0.00012033028832968254 0.002377297164413253 -0.00033137219701906976 -0.0014041780024420915 -0.00054408218334445755 -0.00021043398918402234 -0.0035610482169054938 0.0012110015908833567 -1.1755326723655868e-05 0.00054076217805885116
leaf_weight=2217 50 3156 333 388 60 73 87 66 83 61 133 60 155 389 87 55 107 49 74 133 40 250 75 130 109 303 88 40 4457 51
leaf_count=2217 50 3156 333 388 60 73 87 66 83 61 133 60 155 389 87 55 107 49 74 133 40 250 75 130 109 303 88 40 4457 51
internal_value=-0.0213735 -0.0424457 -0.0366508 -0.0157621 -0.0302766 -0.0122881 -0.0279503 -0.00060698 0.00243902 -0.000555556 0.000773196 -0.0133858 -6.02138e-05 0.00534091 -0.000443262 -0.000181848 -0.000447484 -0.000119311 0.00825397 0.013278 0.0121094 -0.000594273 -0.000772166 -0.00010917 0.008125 -0.00792291 -0.0185976 -0.00566667 -0.000819142 -0.0118132
internal_weight=13359 6717 3561 1344 686 353 160 658 532 449 193 126 6642 439 6203 6048 5921 5866 314 240 127 5552 5503 5037 399 466 163 149 4638 181
internal_count=13359 6717 3561 1344 686 353 160 658 532 449 193 126 6642 439 6203 6048 5921 5866 314 240 127 5552 5503 5037 399 466 163 149 4638 181
is_linear=0
shrinkage=0.05


Tree=177
num_leaves=31
num_cat=0
split_feature=3 5 5 7 5 8 5 7 0 0 0 5 4 5 11 9 9 2 3 3 11 7 1 11 8 2 8 11 11 8
split_gain=2351.49 98.1173 366.85 113.034 67.4696 21.6703 18.7101 14.5148 13.7726 39.3448 10.9845 7.19126 11.551 6.35765 16.0557 8.29939 17.1808 8.86689 6.67897 9.24579 6.41612 7.30065 23.2166 16.0192 12.823 13.2501 8.5706 7.85215 7.465 10.074
threshold=1.0000000180025095e-35 17.500000000000004 3.5000000000000004 0.50370931781787065 5.5000000000000009 -0.9470547246821871 16.500000000000004 0.83258597624099873 1.0000000180025095e-35 1.4354838709677422 35.306451612903231 11.500000000000002 0.75940933814836342 15.500000000000002 8.0338709677419384 0.56192200557241578 0.097680735332368748 959.45645161290338 0.3151287126257335 0.083857202575958897 6.9693548387096778 -0.75581183015052977 54.306451612903231 21.440322580645169 -0.83377653105606597 969.95967741935499 -0.89405649444168434 49.230645161290333 13.979032258064519 -0.60468929461279042
decision_type=2 2 2 2 2 2 2 2 2 2 2 2 2 2 2 2 2 2 2 2 2 2 2 2 2 2 2 2 2 2
left_child=1 2 -1 -4 5 -5 -6 -8 -3 -10 -11 12 -2 20 -15 16 17 -16 19 -18 -13 22 23 24 -22 -26 -23 28 29 -28
right_child=11 8 3 4 6 -7 7 -9 9 10 -12 13 -14 14 15 -17 18 -19 -20 -21 21 26 -24 -25 25 -27 27 -29 -30 -31
leaf_value=-3.2004195125760172e-08 2.0986023877239692e-05 -3.2004195125760172e-08 1.3899444743503365e-07 -3.2004195125760172e-08 -1.5274267220275169e-06 -3.2004195125760172e-08 -3.2004195125760172e-08 -3.2004195125760172e-08 2.4900848455542162e-07 -3.2004195125760172e-08 -3.2004195125760172e-08 0.0014477605212253248 0.0016027862441411523 -9.8661483643769615e-05 0.00011730251754966293 4.467688100809153e-05 -5.0007097355444369e-06 3.7260246538655423e-06 9.3082393542748286e-06 -0.00016636720630165344 0.0010851613406423321 -0.00062075478996108282 0.001490813507433625 -0.00033661884129277677 0.0001794023244299281 -0.00033504981185129845 0.00069288841619253867 0.00035230672095867279 -0.00029002633196295591 -0.00016831146908967144
leaf_weight=2205 3306 2857 564 61 214 333 75 106 43 237 43 59 49 43 48 243 49 500 55 75 43 280 53 172 125 40 79 65 1002 321
leaf_count=2205 3306 2857 564 61 214 333 75 106 43 237 43 59 49 43 48 243 49 500 55 75 43 280 53 172 125 40 79 65 1002 321
internal_value=-0.0216732 -0.0424544 -0.0367238 -0.0162112 -0.0284177 -0.043038 -0.0137626 -0.0255495 -0.0488526 -0.0387346 -0.0455516 -0.000476695 0.0011472 -0.00215186 0.00113412 0.00247168 -0.000206044 0.00418944 -0.0136111 -0.02 -0.00363839 -0.0040807 0.00172811 -0.00262467 0.00669856 0.000301205 -0.00552059 -0.00398501 -0.00477548 0.000997506
internal_weight=13345 6738 3558 1353 789 394 395 181 3180 323 280 6607 3355 3252 1013 970 727 548 179 124 2239 2180 433 380 208 165 1747 1467 1402 400
internal_count=13345 6738 3558 1353 789 394 395 181 3180 323 280 6607 3355 3252 1013 970 727 548 179 124 2239 2180 433 380 208 165 1747 1467 1402 400
is_linear=0
shrinkage=0.05


Tree=178
num_leaves=31
num_cat=0
split_feature=3 0 0 7 6 2 9 2 0 11 8 2 7 7 3 3 9 3 9 3 0 7 7 2 3 2 7 3 4 7
split_gain=2427.9 52.3565 47.8884 25.6645 14.5616 10.3557 8.7443 7.19967 5.31898 4.30965 4.26421 4.26019 10.5647 8.13112 6.86945 11.5362 4.73966 11.2244 6.78295 5.96036 5.90758 4.77882 20.735 13.1185 12.5059 11.1653 4.41195 7.08246 6.67404 9.99495
threshold=1.0000000180025095e-35 1.0000000180025095e-35 1.4354838709677422 0.1318557721318592 0.73865729060996166 963.67903225806458 -0.42764225457030058 966.63387096774204 33.306451612903231 10.482258064516133 -0.9470547246821871 977.40322580645181 0.9980355542543059 0.97263757644091875 0.016411398781448042 0.027745800144117986 0.98005052076767474 0.81795253926968026 0.99138911339924218 0.38556980421204667 958.30645161290329 0.96633974041180493 0.95436825032516992 964.45000000000016 0.32576526418486607 958.18548387096791 0.90070004940655357 0.040606292711811758 0.61513632873410928 0.92519182738459482
decision_type=2 2 2 2 2 2 2 2 2 2 2 2 2 2 2 2 2 2 2 2 2 2 2 2 2 2 2 2 2 2
left_child=1 6 7 8 5 -5 -1 -3 -4 -7 -8 12 14 -13 -2 -16 20 18 19 -18 21 22 26 25 -25 -23 27 -17 29 -28
right_child=11 2 3 4 -6 9 10 -9 -10 -11 -12 13 -14 -15 15 16 17 -19 -20 -21 -22 23 -24 24 -26 -27 28 -29 -30 -31
leaf_value=-3.0403985369472162e-08 -1.9749329940273243e-05 2.745043882819459e-05 -3.0403985369472162e-08 2.899581544410921e-07 -3.0403985369472162e-08 -3.921771169349875e-07 -3.0403985369472162e-08 -2.3664529611077903e-05 -3.0403985369472162e-08 -8.6568333777376591e-07 -3.0403985369472162e-08 0.0003438518368231114 0.00032252056951688078 -0.00086889337879659872 0.00011247344597398648 -2.4356544950431794e-05 4.7205718137998537e-05 -0.00044393779848195258 0.00012054211635722252 -0.0011974096869694806 0.00030194250598204742 0.00052960002954323751 -0.0022980911906829329 4.8552346195003542e-06 0.0044458783816027029 -0.0013481348827192729 0.00084828462847533898 3.7635392714989425e-06 0.0008857616178410563 -0.00080207913334595302
leaf_weight=2252 97 42 184 40 60 40 679 49 43 58 3243 53 85 40 51 46 42 50 53 43 120 43 78 63 75 56 70 5353 83 98
leaf_count=2252 97 42 184 40 60 40 679 49 43 58 3243 53 85 40 51 46 42 50 53 43 120 43 78 63 75 56 70 5353 83 98
internal_value=-0.0210572 -0.0422807 -0.0268859 -0.0339202 -0.020603 -0.0115108 -0.0435628 0.00597826 -0.0453947 -0.020202 -0.0450421 0.000462121 0.000614723 -0.0101064 0.000381501 0.00058498 0.0003905 -0.00740741 0 -0.00872093 0.000632599 0.00041066 0.000122185 0.00735294 0.0172662 -0.0065 0.000477792 0.000175926 0.00694444 0.00118343
internal_weight=13289 6690 516 425 198 138 6174 91 227 98 3922 6599 6506 93 6421 6324 6273 188 138 85 6085 5965 5728 237 138 99 5650 5399 251 168
internal_count=13289 6690 516 425 198 138 6174 91 227 98 3922 6599 6506 93 6421 6324 6273 188 138 85 6085 5965 5728 237 138 99 5650 5399 251 168
is_linear=0
shrinkage=0.05


Tree=179
num_leaves=31
num_cat=0
split_feature=3 5 5 10 5 5 4 4 9 11 7 2 5 7 11 4 10 2 4 10 3 10 10 3 7 7 3 9 7 1
split_gain=2408.78 98.7904 371.531 115.291 98.6452 25.0247 20.5562 12.2425 9.27683 6.07875 7.76155 9.1982 6.12177 5.7011 5.44786 4.81218 8.24923 13.7783 11.12 9.61226 7.32378 14.579 13.4756 8.90373 9.49392 11.7567 9.68577 8.37099 8.00333 9.63196
threshold=1.0000000180025095e-35 17.500000000000004 3.5000000000000004 643.50000000000011 5.5000000000000009 16.500000000000004 0.056651562568230139 0.056651562568230139 -0.10837475778693638 23.006451612903231 0.39629089145655322 970.87903225806463 5.5000000000000009 0.79253265336324141 58.579032258064522 0.63421647423578353 479.71249999999986 965.05322580645168 0.17939467294485073 488.65625000000006 0.17475122533324391 936.69375000000002 907.08749999999998 0.35255791342051174 0.93158198870884079 0.96849880583763492 0.42863763676946415 0.64415777744009783 -0.52765736634565841 4.467741935483871
decision_type=2 2 2 2 2 2 2 2 2 2 2 2 2 2 2 2 2 2 2 2 2 2 2 2 2 2 2 2 2 2
left_child=1 2 -1 4 -4 -6 -7 -3 -9 10 11 -5 -12 -8 15 16 17 18 -2 -18 21 22 -21 28 26 -26 27 -25 -22 -30
right_child=14 7 3 9 5 6 13 8 -10 -11 12 -13 -14 -15 -16 -17 19 -19 -20 20 23 -23 -24 24 25 -27 -28 -29 29 -31
leaf_value=-2.8883786100998555e-08 -0.00077123392205994822 -2.8883786100998555e-08 -2.8883786100998555e-08 -6.6445727105309696e-07 4.9153546738020788e-07 -2.8883786100998555e-08 7.513847942511887e-06 -2.8883786100998555e-08 -2.8883786100998555e-08 2.9887605468667878e-07 -2.2139519314164354e-07 6.1451327746905541e-06 -6.261476642216316e-06 -7.7926486448914079e-07 -0.0010518647536943454 -1.1188027411163094e-05 -0.0010950633775991981 0.0024678493706074668 0.00072064744661076154 8.7156713450250311e-05 -0.00024873701464099286 0.00029536742152513689 -0.00017601248733787871 0.00029507772932120535 -0.0055060243207653847 0.00013649711534644005 4.4652845650666739e-05 0.00078177042197889182 0.0007596827896931863 -0.000156280913916583
leaf_weight=2187 55 2838 357 410 191 59 45 179 126 70 76 41 58 65 53 3357 73 66 97 392 165 89 52 235 42 51 1309 41 47 488
leaf_count=2187 55 2838 357 410 191 59 45 179 126 70 76 41 58 65 53 3357 73 66 97 392 165 89 52 235 42 51 1309 41 47 488
internal_value=-0.0213368 -0.0424586 -0.0367275 -0.0163146 -0.0301532 -0.0116343 -0.0255882 -0.0489345 -0.0390523 -0.00114329 -0.0028157 0.000331858 -0.0133333 -0.0126126 7.56086e-05 0.000205793 0.00159226 0.0109589 0.00261438 0.000904523 0.00135646 0.00664794 0.00292135 0.000168138 0.00214413 -0.0132979 0.00305801 0.0115523 -0.00456491 -0.00158582
internal_weight=13314 6702 3559 1372 717 360 169 3143 305 655 585 451 134 110 6612 6559 3202 218 152 2984 2911 533 444 2378 1678 93 1585 276 700 535
internal_count=13314 6702 3559 1372 717 360 169 3143 305 655 585 451 134 110 6612 6559 3202 218 152 2984 2911 533 444 2378 1678 93 1585 276 700 535
is_linear=0
shrinkage=0.05


Tree=180
num_leaves=31
num_cat=0
split_feature=3 5 5 10 5 5 0 0 0 0 10 6 3 5 6 4 10 1 6 0 10 2 7 7 7 10 10 4 2 7
split_gain=2394.94 98.296 380.192 121.164 91.8955 23.9687 20.9909 13.4302 34.392 9.3281 6.6064 12.7154 14.1328 13.0865 12.6216 11.5882 11.568 18.4969 13.469 13.353 15.8803 11.0811 10.4662 8.00987 19.026 14.1432 20.8406 12.7901 11.8061 13.357
threshold=1.0000000180025095e-35 17.500000000000004 3.5000000000000004 635.31250000000011 5.5000000000000009 16.500000000000004 1.0000000180025095e-35 1.0000000180025095e-35 1.4354838709677422 33.306451612903231 936.69375000000002 0.52766072109828632 0.12307490891423363 16.500000000000004 0.65233619298682533 0.74535143152044725 955.64375000000007 68.338709677419374 -0.64578423485557612 349.85483870967749 948.90625000000011 965.10483870967755 -0.9260227363677036 -0.63257203029273779 -0.56369940867848845 926.56250000000011 919.78125000000011 0.79709778826396427 965.16612903225825 -0.75581183015052977
decision_type=2 2 2 2 2 2 2 2 2 2 2 2 2 2 2 2 2 2 2 2 2 2 2 2 2 2 2 2 2 2
left_child=1 2 -1 4 -4 -6 -7 -3 -9 -10 23 12 -12 14 -13 16 19 18 21 -14 -21 -18 -20 27 -25 26 -26 28 -2 -30
right_child=10 7 3 -5 5 6 -8 8 9 -11 11 13 15 -15 -16 -17 17 -19 22 20 -22 -23 -24 24 25 -27 -28 -29 29 -31
leaf_value=-2.7439596795948628e-08 9.2833332116404331e-06 -2.7439596795948628e-08 -2.7439596795948628e-08 -3.342821920978647e-08 -3.2782836938516187e-07 -2.7439596795948628e-08 -6.5013176998462093e-07 1.4212287301865955e-06 -2.7439596795948628e-08 -2.7439596795948628e-08 7.7105002215418361e-05 0.0011969595643058885 -2.8738947959450203e-05 -7.9177119443788876e-05 0.00021179446251328728 -9.9315501008101888e-05 -0.00077000054404611639 0.00090860627817951486 0.00016482818772750875 0.00015774389141700318 0.0010988903422908369 0.00034480516872363869 -0.00099253837598582695 0.00070848367133937167 -1.0578558737381512e-05 -0.0018269358347651977 0.00077069067787402111 1.8356684245486373e-05 -0.00012591434676057224 -0.0020903431520649788
leaf_weight=2258 235 2889 327 662 185 62 101 44 229 41 58 81 63 50 192 348 48 73 40 66 56 67 100 99 4136 49 67 252 438 84
leaf_count=2258 235 2889 327 662 185 62 101 44 229 41 58 81 63 50 192 348 48 73 40 66 56 67 100 99 4136 49 67 252 438 84
internal_value=-0.0216775 -0.0425063 -0.0368048 -0.0156577 -0.0305473 -0.0126074 -0.0265244 -0.048892 -0.0387302 -0.0453875 -0.000227169 0.00305712 5.43478e-05 0.0115741 0.0158759 -0.00156613 0.00321012 -0.00243161 -0.00878906 0.013172 0.0227642 0.00387931 -0.0191489 -0.000988622 -5.74449e-05 -0.000564308 -0.000249762 -0.005 -0.00824538 -0.0124283
internal_weight=13400 6798 3595 1337 675 348 163 3203 314 270 6602 1242 919 323 273 861 513 328 255 185 122 115 140 5360 4351 4252 4203 1009 757 522
internal_count=13400 6798 3595 1337 675 348 163 3203 314 270 6602 1242 919 323 273 861 513 328 255 185 122 115 140 5360 4351 4252 4203 1009 757 522
is_linear=0
shrinkage=0.05


Tree=181
num_leaves=31
num_cat=0
split_feature=3 5 5 10 5 5 4 4 6 10 7 6 10 10 7 2 10 5 1 1 10 7 10 1 2 1 1 6 10 4
split_gain=2518.03 94.7133 354.329 97.1602 100.68 23.2655 26.8985 10.5926 9.00464 6.37491 6.87288 5.78926 5.88696 5.67326 5.03858 4.32786 3.9742 12.3648 20.7146 10.8358 10.2326 8.74796 7.12679 3.88098 3.71687 9.40256 16.5139 10.1515 11.6652 8.25183
threshold=1.0000000180025095e-35 17.500000000000004 3.5000000000000004 635.31250000000011 5.5000000000000009 16.500000000000004 0.056651562568230139 0.092684032119365656 -0.75015329512557194 709.58125000000007 0.39629089145655322 -0.082689790342551819 486.48750000000001 956.91875000000016 0.56191161272202661 967.70806451612918 897.08749999999998 4.5000000000000009 40.435483870967751 31.62903225806452 919.78125000000011 -0.26037106507032781 819.36874999999986 83.241935483870989 971.47258064516143 38.112903225806456 91.435483870967758 0.88621069759564464 557.40000000000009 0.29038163295669822
decision_type=2 2 2 2 2 2 2 2 2 2 2 2 2 2 2 2 2 2 2 2 2 2 2 2 2 2 2 2 2 2
left_child=1 2 -1 4 -4 11 -7 -3 -9 10 -5 -6 -13 16 -12 -8 17 18 21 -19 -18 -11 -21 -20 -2 -26 27 28 -27 -28
right_child=24 7 3 9 5 6 15 8 -10 13 14 12 -14 -15 -16 -17 20 19 23 22 -22 -23 -24 -25 25 26 29 -29 -30 -31
leaf_value=-2.6067616956151198e-08 1.1258953166631836e-05 -2.6067616956151198e-08 -2.6067616956151198e-08 2.6223724624877516e-06 3.9792175761361175e-06 -2.6067616956151198e-08 8.2467152990179042e-08 -2.6067616956151198e-08 -2.6067616956151198e-08 2.2836008219411412e-06 -3.7829189330453917e-07 -1.3938601130152858e-05 1.6127143988965177e-05 4.2122409628132349e-06 1.2566240271364448e-07 -8.6775107741522599e-07 -4.7205029428025906e-05 5.0017977629687034e-07 7.3531581114481621e-07 -3.6926410444817272e-05 -8.2274470432374715e-07 -5.2509831618055203e-06 -4.2476585044137564e-06 1.7352751533871139e-06 2.9940349296221411e-05 -0.00023210760608463333 -0.0006549033675650618 0.00013401396778319857 -0.00082512646433573688 0.00090859538846517452
leaf_weight=2218 5653 2860 336 59 95 68 55 62 246 40 43 46 57 40 42 44 48 60 40 64 70 48 51 49 524 97 40 44 192 104
leaf_count=2218 5653 2860 336 59 95 68 55 62 246 40 43 46 57 40 42 44 48 60 40 64 70 48 51 49 524 97 40 44 192 104
internal_value=-0.0211593 -0.042695 -0.0370873 -0.0169248 -0.0298433 -0.011612 -0.0252976 -0.049006 -0.0398058 -0.00305344 0.0062069 0 -0.00817308 -0.00567515 -0.00290698 -0.0085 -0.00721868 -0.00453258 0.00477528 -0.0139205 -0.0151261 -0.0123596 -0.0228448 0.0216667 0.000661157 -0.00214571 -0.00721757 -0.0133234 -0.0167241 0.00689655
internal_weight=13395 6741 3573 1355 701 365 167 3168 308 654 144 198 103 510 85 99 470 352 177 175 118 88 115 89 6654 1001 477 333 289 144
internal_count=13395 6741 3573 1355 701 365 167 3168 308 654 144 198 103 510 85 99 470 352 177 175 118 88 115 89 6654 1001 477 333 289 144
is_linear=0
shrinkage=0.05


Tree=182
num_leaves=31
num_cat=0
split_feature=3 5 5 10 5 5 0 0 0 11 10 9 6 4 0 11 11 6 9 5 10 4 11 1 9 10 10 8 11 5
split_gain=2361.53 111.075 408.027 145.098 86.9382 21.3439 27.8736 6.27692 20.4214 5.75238 6.68809 5.68602 5.6031 4.60124 8.79649 6.58817 5.59188 8.07838 7.24887 5.13842 11.7956 10.9088 9.74032 12.9626 11.125 15.6495 10.629 6.99354 9.7619 6.69793
threshold=1.0000000180025095e-35 17.500000000000004 3.5000000000000004 635.31250000000011 5.5000000000000009 16.500000000000004 1.0000000180025095e-35 1.0000000180025095e-35 1.4354838709677422 12.511290322580647 885.95624999999984 0.41203268437863022 -0.082689790342551819 0.092684032119365656 30.096774193548391 58.579032258064522 10.820967741935485 1.0000000180025095e-35 0.86440617605192027 11.500000000000002 469.27500000000003 0.71959781027696479 18.166129032258066 6.9838709677419368 0.5475998096715059 490.2374999999999 546.07500000000016 -0.98214488425316759 41.691935483870971 15.500000000000002
decision_type=2 2 2 2 2 2 2 2 2 2 2 2 2 2 2 2 2 2 2 2 2 2 2 2 2 2 2 2 2 2
left_child=1 2 -1 4 -4 12 -7 -3 -9 -5 -11 -8 -6 16 -15 19 17 -2 -18 20 -16 22 -22 -24 26 -26 -25 -28 -29 -21
right_child=13 7 3 9 5 6 11 8 -10 10 -12 -13 -14 14 15 -17 18 -19 -20 29 21 -23 23 24 25 -27 27 28 -30 -31
leaf_value=-2.4764236108343635e-08 0.00016233333343989125 -2.4764236108343635e-08 -2.4764236108343635e-08 -8.7224874947556814e-08 3.2084205985256496e-06 -2.4764236108343635e-08 2.3651711639601681e-06 -1.8475525760870701e-06 -2.4764236108343635e-08 4.8906439993507549e-07 -2.1393244107769266e-05 -6.6270416037766454e-07 -6.6793584956473939e-06 0.00013633217207775878 0.0025294179211852869 -0.0015322856922754674 -0.00051593300881516561 -0.00015281431213712596 0.00016570255337020892 -9.8201992635171831e-05 -7.6267702236507151e-05 0.00044401189015965683 0.00073072966687650069 0.0045818804740792749 0.0007386097812837445 -0.0015090922298814772 -0.0011836667823976077 0.00052298485117870943 -0.000648749094359094 4.1301340339282725e-06
leaf_weight=2203 72 2827 324 419 80 72 46 42 278 195 40 56 98 160 66 43 152 94 42 2151 1754 310 70 42 53 90 43 327 44 1012
leaf_count=2203 72 2827 324 419 80 72 46 42 278 195 40 56 98 160 66 43 152 94 42 2151 1754 310 70 42 53 90 43 327 44 1012
internal_value=-0.0214486 -0.042344 -0.0362337 -0.0143501 -0.0305761 -0.0133144 -0.0257143 -0.04919 -0.0420561 0.00244275 0.00868644 -0.00873786 -0.00111732 -5.36316e-05 0.000267596 -4.1625e-05 -0.00554017 0.0011976 -0.0112821 0.00010062 0.00166071 0.00115216 2.06271e-05 0.00514925 0.00275 -0.009375 0.00656455 0.00409639 0.0063172 -0.00128003
internal_weight=13205 6680 3533 1330 676 352 174 3147 320 654 235 102 178 6525 6165 6005 360 166 194 5962 2799 2733 2423 669 599 143 456 414 371 3163
internal_count=13205 6680 3533 1330 676 352 174 3147 320 654 235 102 178 6525 6165 6005 360 166 194 5962 2799 2733 2423 669 599 143 456 414 371 3163
is_linear=0
shrinkage=0.05


Tree=183
num_leaves=31
num_cat=0
split_feature=3 5 5 10 5 5 0 0 0 2 0 5 8 2 10 6 6 7 0 0 7 6 10 11 11 8 1 3 1 7
split_gain=2369.98 101.433 384.729 122.208 89.0943 24.6738 22.7211 12.0428 25.5648 9.22055 8.93539 6.33674 8.58742 6.63704 13.8085 7.51154 10.5417 6.33505 8.50892 14.6217 16.6932 13.6502 9.99971 7.68354 10.8677 9.81284 12.6942 9.30317 8.11134 19.8323
threshold=1.0000000180025095e-35 17.500000000000004 3.5000000000000004 643.50000000000011 5.5000000000000009 16.500000000000004 1.0000000180025095e-35 1.0000000180025095e-35 1.4354838709677422 967.76935483870977 33.306451612903231 11.500000000000002 -0.998663445439673 956.88870967741946 538.54999999999984 0.99865421017599998 0.99552231814189451 0.38043945030393422 202.12903225806454 349.85483870967749 0.5475998096715059 0.12545942051955489 734.1812500000002 18.166129032258066 12.179032258064519 -0.45943279258162384 9.9193548387096779 0.28595588557473145 56.693548387096783 -0.73284120334876357
decision_type=2 2 2 2 2 2 2 2 2 2 2 2 2 2 2 2 2 2 2 2 2 2 2 2 2 2 2 2 2 2
left_child=1 2 -1 4 -4 -6 -7 -3 -9 -8 -10 12 -2 14 -14 16 -15 23 22 -20 -21 -22 -19 24 -13 26 -26 -25 -29 -30
right_child=11 7 3 -5 5 6 9 8 10 -11 -12 17 13 15 -16 -17 -18 18 19 20 21 -23 -24 27 25 -27 -28 28 29 -31
leaf_value=-2.3526024302926454e-08 0.0010260953625339715 -2.3526024302926454e-08 -2.3526024302926454e-08 8.1724839082784243e-09 -9.1737332667545722e-07 -2.3526024302926454e-08 3.0185201097763156e-08 -1.1119001186341978e-06 -2.3526024302926454e-08 -8.0002501473302259e-07 -2.3526024302926454e-08 -1.7721454317993709e-05 0.00021332753040992358 4.6835872623689909e-05 -0.0013780824777915508 0.0016806415397032648 -0.00091561122713301193 -4.6111198162841835e-06 -0.00062732024339155344 -0.0016333502159994518 -0.00030543825371526223 0.0019331241730804972 0.00011064301047223089 3.850788691933101e-05 0.00017745663678019746 0.00012837645890376856 -0.00025787026651416246 -0.00026077942595941763 0.0010796524793605545 -0.0001416283178184541
leaf_weight=2211 58 2811 334 651 195 67 64 47 230 45 49 323 77 3042 92 41 42 354 306 93 121 153 40 137 91 452 210 690 49 211
leaf_count=2211 58 2811 334 651 195 67 64 47 230 45 49 323 77 3042 92 41 42 354 306 93 121 153 40 137 91 452 210 690 49 211
internal_value=-0.0214044 -0.0423266 -0.0365331 -0.015549 -0.0299575 -0.0130376 -0.0265537 -0.0489006 -0.0394495 -0.0122727 -0.0451786 -9.11439e-05 0.00143155 0.00109256 -0.00852941 0.00161548 0.00132901 -0.00167131 -0.0048221 -0.00823442 -0.00149457 0.00472727 0.00101266 -0.000115527 0.00287837 0.00616711 -0.000827815 -0.00307904 -0.00483701 0.00268199
internal_weight=13286 6704 3567 1356 705 371 176 3137 326 109 279 6582 3352 3294 169 3125 3084 3230 1067 673 367 274 394 2163 1076 753 301 1087 950 260
internal_count=13286 6704 3567 1356 705 371 176 3137 326 109 279 6582 3352 3294 169 3125 3084 3230 1067 673 367 274 394 2163 1076 753 301 1087 950 260
is_linear=0
shrinkage=0.05


Tree=184
num_leaves=31
num_cat=0
split_feature=3 5 5 10 5 5 0 0 6 7 10 0 10 6 3 1 2 2 11 11 2 10 3 3 2 3 10 10 10 10
split_gain=2378.78 109.849 407.337 127.229 102.429 25.6154 24.5757 12.4444 6.00626 5.25518 5.24429 17.6344 17.5286 11.9988 9.48581 23.0953 10.2755 15.3037 16.7672 7.81739 8.75067 6.54015 13.9376 6.51112 5.38572 4.49682 4.57033 9.31169 15.5845 7.70922
threshold=1.0000000180025095e-35 17.500000000000004 3.5000000000000004 643.50000000000011 5.5000000000000009 16.500000000000004 1.0000000180025095e-35 33.306451612903231 -0.082689790342551819 0.79253265336324141 509.99375000000015 453.16129032258067 530.17500000000007 1.0000000180025095e-35 0.33382234182741882 52.048387096774199 969.31451612903231 960.90806451612912 21.440322580645169 21.104838709677423 964.09516129032272 458.7062499999999 0.068680806846629777 0.42863763676946415 972.42419354838728 0.011162393807835925 1007.2812500000001 988.53750000000002 968.91250000000014 944.05000000000007
decision_type=2 2 2 2 2 2 2 2 2 2 2 2 2 2 2 2 2 2 2 2 2 2 2 2 2 2 2 2 2 2
left_child=1 2 -1 4 -4 8 -7 -3 -6 -8 11 13 -12 19 15 -15 17 18 -16 20 -2 -17 -23 -19 -18 -14 27 28 29 -27
right_child=10 7 3 -5 5 6 9 -9 -10 -11 12 -13 25 14 16 21 24 23 -20 -21 -22 22 -24 -25 -26 26 -28 -29 -30 -31
leaf_value=-2.2349723087780131e-08 7.6155654130291635e-06 -2.2349723087780131e-08 -2.2349723087780131e-08 2.0502120908091998e-07 4.1274910046334543e-06 -2.2349723087780131e-08 7.046770957983116e-06 -2.2349723087780131e-08 -6.2995219045312559e-06 -6.3763583330474775e-07 -0.0015204065908796555 0.0049159863873208037 -3.25969588618118e-05 -0.00082460873441012885 -0.0022704900057603505 -0.00073821997145930994 0.0029323434790570592 -0.00012202236590875271 0.0057808471529972819 -9.5178134444108206e-05 0.0010313521058145998 0.00015929566629771757 -0.0001905475856509159 -0.0040081986707810992 0.00048339232168763125 -8.0257439923903293e-06 -0.00011987186984034537 0.00047911911714321187 -0.00051778191685042667 7.2529127486489393e-05
leaf_weight=2229 43 3149 342 643 87 62 45 43 100 62 70 45 68 91 43 42 47 40 40 66 86 50 121 56 43 4808 54 79 56 696
leaf_count=2229 43 3149 342 643 87 62 45 43 100 62 70 45 68 91 43 42 47 40 40 66 86 50 121 56 43 4808 54 79 56 696
internal_value=-0.0213844 -0.0422594 -0.0362083 -0.0144188 -0.0291845 -0.0103641 -0.0244118 -0.0490135 0.00239362 -0.00972222 -0.00013544 0.00362408 -0.000660151 0.00182055 -0.00182927 -0.00786885 0.005 -0.00194444 0.0136905 0.0125 0.0196154 0.00116822 0.00552326 -0.0154639 0.0186813 -0.000355779 -0.000201967 -6.20567e-05 -0.0003057 -3.63306e-05
internal_weight=13406 6762 3570 1341 698 356 169 3192 187 107 6644 813 5831 768 573 304 269 179 83 195 129 213 171 96 90 5761 5693 5639 5560 5504
internal_count=13406 6762 3570 1341 698 356 169 3192 187 107 6644 813 5831 768 573 304 269 179 83 195 129 213 171 96 90 5761 5693 5639 5560 5504
is_linear=0
shrinkage=0.05


Tree=185
num_leaves=31
num_cat=0
split_feature=3 5 5 7 5 5 8 4 4 9 1 2 1 2 8 7 7 4 5 3 7 11 2 11 11 11 9 9 2 1
split_gain=2431.6 102.679 393.312 109.925 85.1728 22.8817 19.9461 18.7033 11.3925 8.33444 7.74098 7.04551 5.55559 5.77645 4.42288 4.41571 10.46 7.10006 9.76982 6.18126 6.0566 6.04317 7.43173 5.98793 11.5528 11.4612 7.90304 7.64237 7.0803 6.94536
threshold=1.0000000180025095e-35 17.500000000000004 3.5000000000000004 0.51849435583340198 5.5000000000000009 16.500000000000004 -0.96688789938088693 0.056651562568230139 0.056651562568230139 -0.10837475778693638 19.209677419354843 965.23064516129045 92.112903225806463 965.92096774193556 0.86113431103781346 0.80290535434334509 0.83258597624099873 0.31095090690163757 10.500000000000002 0.33715670960978683 0.85561368268953431 14.698387096774196 971.40161290322601 41.691935483870971 34.225806451612911 49.230645161290333 -0.62588708731544751 -0.99628250747696534 962.56935483870973 86.338709677419374
decision_type=2 2 2 2 2 2 2 2 2 2 2 2 2 2 2 2 2 2 2 2 2 2 2 2 2 2 2 2 2 2
left_child=1 2 -1 14 6 10 -5 -7 -3 -10 -6 -9 13 -12 -4 23 19 -18 21 -17 -20 22 -19 24 27 -25 -27 -2 -26 -29
right_child=15 8 3 4 5 7 -8 11 9 -11 12 -13 -14 -15 -16 16 17 18 20 -21 -22 -23 -24 25 28 26 -28 29 -30 -31
leaf_value=-2.1232236933391126e-08 0.00043000798762317106 -2.1232236933391126e-08 3.6217835695794736e-07 -2.1232236933391126e-08 5.1238873366249546e-05 -2.1232236933391126e-08 -2.1232236933391126e-08 3.3051816413409567e-07 -2.1232236933391126e-08 -2.1232236933391126e-08 -1.790437305752731e-05 -8.0512530439846899e-07 1.6551194903047652e-06 -1.2515019140326133e-06 -5.0901979534278961e-06 7.015155393891408e-05 -0.00025029621233435448 0.0027934144945416157 -0.00031972134256064155 0.0037774598837531717 3.2002843604610155e-05 0.00018253968975843194 0.00058275499650718438 -0.00064113570266884361 2.9914790673370163e-05 -0.00016664698576155935 0.0020172862202419649 -1.891835967175997e-05 0.0008172267493002539 5.3643585954356136e-05
leaf_weight=2238 161 2836 523 47 40 72 336 49 193 131 45 68 63 62 58 46 334 48 45 58 511 79 46 97 88 40 47 3868 111 1062
leaf_count=2238 161 2836 523 47 40 72 336 49 193 131 45 68 63 62 58 46 334 48 45 58 511 79 46 97 88 40 47 3868 111 1062
internal_value=-0.0212415 -0.0423469 -0.0365491 -0.0153592 -0.0275862 -0.011375 -0.044401 -0.0239474 -0.0489402 -0.0396923 0 -0.0114407 -0.00467836 -0.0115741 0.00111684 0.000248419 0.00303938 0.00155075 0.00431507 0.0180952 0.0010772 0.0146552 0.0231579 -0.000347032 -3.78e-05 -0.00918919 0.00397727 -0.000500786 0.01175 -0.000851754
internal_weight=13402 6761 3601 1363 782 399 383 189 3160 324 210 117 170 107 581 6641 1167 1063 729 104 556 173 94 5474 5290 184 87 5091 199 4930
internal_count=13402 6761 3601 1363 782 399 383 189 3160 324 210 117 170 107 581 6641 1167 1063 729 104 556 173 94 5474 5290 184 87 5091 199 4930
is_linear=0
shrinkage=0.05


Tree=186
num_leaves=31
num_cat=0
split_feature=3 5 5 10 5 5 0 0 7 8 0 11 7 10 10 8 10 7 8 9 0 0 4 3 4 10 3 9 4 5
split_gain=2370.38 110.297 416.11 119.4 93.2176 23.829 22.8855 13.4244 9.63241 5.77149 5.84668 5.62035 5.38329 5.35524 7.51916 12.5134 5.66026 7.08451 6.68247 5.19962 4.59787 28.6176 4.49776 10.0404 8.03298 11.788 8.62859 5.91499 5.80843 10.1809
threshold=1.0000000180025095e-35 17.500000000000004 3.5000000000000004 650.16875000000016 5.5000000000000009 16.500000000000004 1.0000000180025095e-35 35.306451612903231 0.96177147954086928 0.90892735371523092 0.62903225806451624 18.63870967741936 0.7487283477006671 771.95000000000005 921.38125000000014 0.30983042691905771 906.36250000000007 0.16587474750015932 -0.14250758662009075 -0.22072160979833103 1.0000000180025095e-35 1.4354838709677422 1.0005610754768026 0.027745800144117986 0.092684032119365656 445.03124999999994 0.073590990344619842 0.67008729192674277 0.79709778826396427 13.500000000000002
decision_type=2 2 2 2 2 2 2 2 2 2 2 2 2 2 2 2 2 2 2 2 2 2 2 2 2 2 2 2 2 2
left_child=1 2 -1 4 19 8 -7 20 11 10 13 -6 -8 -5 16 -16 17 18 -15 -4 -3 -22 23 -2 27 -26 -27 -25 -28 -30
right_child=22 7 3 9 5 6 12 -9 -10 -11 -12 -13 -14 14 15 -17 -18 -19 -20 -21 21 -23 -24 24 25 26 28 -29 29 -31
leaf_value=-2.0170625086721568e-08 0.00025440768747325308 -2.0170625086721568e-08 -2.1344117679521233e-08 6.0148579889091436e-07 2.8792501596708669e-05 -2.0170625086721568e-08 6.8790451691813256e-06 -2.0170625086721568e-08 -4.7864381133091959e-06 -5.5149883993970625e-06 7.5125258884442628e-07 -2.5356131894879594e-06 -6.5667795019790263e-07 1.1542095866541374e-05 0.00012679636810248516 -1.7753635410829595e-05 -3.5387297598801727e-05 -8.3671172469576122e-06 -2.6849947049771245e-06 -2.0170625086721568e-08 -1.0541260147014294e-06 -2.0170625086721568e-08 -5.6547540612015038e-06 -0.00026020753490851867 0.0031821276473484985 7.3116287177795808e-05 -2.208874389427098e-05 3.1331919656426427e-05 0.0010285893046292017 1.6887586166165759e-05
leaf_weight=2227 66 2854 40 199 84 70 40 40 72 47 61 41 61 40 48 41 40 75 103 298 46 252 288 207 43 83 4984 102 92 764
leaf_count=2227 66 2854 40 199 84 70 40 40 72 47 61 41 61 40 48 41 40 75 103 298 46 252 288 207 43 83 4984 102 92 764
internal_value=-0.0213886 -0.0421755 -0.0361343 -0.0143277 -0.0285714 -0.0111111 -0.0247093 -0.0489508 0.000757576 0.0010687 0.00238487 0.00912698 -0.00931373 0.000731261 -0.00301724 0.00944444 -0.00733591 -0.00410959 0.00243056 -0.0474926 -0.0493181 -0.0428094 -0.000128205 0.000149795 -5.5768e-05 0.000351936 0.000160365 -0.00790323 -6.84814e-05 0.00373396
internal_weight=13408 6779 3587 1360 706 368 171 3192 197 654 607 125 101 546 347 89 258 218 143 338 3152 298 6629 6341 6275 5966 5923 309 5840 856
internal_count=13408 6779 3587 1360 706 368 171 3192 197 654 607 125 101 546 347 89 258 218 143 338 3152 298 6629 6341 6275 5966 5923 309 5840 856
is_linear=0
shrinkage=0.05


Tree=187
num_leaves=31
num_cat=0
split_feature=3 5 5 7 5 10 5 4 4 9 2 10 10 6 2 5 2 5 10 1 2 10 10 7 4 4 11 10 1 5
split_gain=2401.41 109.599 407.69 110.12 96.1208 21.0945 13.8531 17.8978 12.2645 9.81836 6.94514 4.13994 11.1014 15.1025 4.58468 5.19127 8.58052 4.20047 11.805 11.3109 8.44027 3.83687 5.20664 6.49865 3.74158 8.292 10.1252 13.579 8.70611 8.01771
threshold=1.0000000180025095e-35 17.500000000000004 3.5000000000000004 0.53312596302726967 5.5000000000000009 638.06250000000011 16.500000000000004 0.12346065316400649 0.056651562568230139 -0.10837475778693638 967.76935483870977 889.54375000000005 921.51250000000016 -0.13398594226331254 967.70806451612918 4.5000000000000009 970.87903225806463 4.5000000000000009 780.50000000000011 67.758064516129039 962.77258064516138 547.40000000000009 482.68749999999983 0.96177147954086928 0.63093939946416866 0.68647743657842664 6.9693548387096778 772.25000000000011 97.629032258064527 14.500000000000002
decision_type=2 2 2 2 2 2 2 2 2 2 2 2 2 2 2 2 2 2 2 2 2 2 2 2 2 2 2 2 2 2
left_child=1 2 -1 11 5 -5 21 -8 -3 -10 -9 14 -13 -14 17 -16 -17 19 -19 20 -4 22 -6 -24 29 26 27 -26 -27 -2
right_child=24 8 3 4 6 -7 7 10 9 -11 -12 12 13 -15 15 16 -18 18 -20 -21 -22 -23 23 -25 25 28 -28 -29 -30 -31
leaf_value=-1.9162093832385491e-08 2.4065917294194274e-05 -1.9162093832385491e-08 -5.5869611341838975e-06 -1.9162093832385491e-08 -4.7714022073240518e-06 -4.3721986039126366e-08 -1.9162093832385491e-08 2.1494169769972114e-07 -1.9162093832385491e-08 -1.9162093832385491e-08 -6.3745841118643306e-07 -2.9394120672899184e-05 -1.2378040755028213e-05 0.00012596045035515071 -4.3528491732291094e-07 -1.5882268926247857e-06 2.972903975555713e-06 2.2565020872691818e-05 -3.1086435373429969e-05 3.7666484691085016e-06 2.265325510559675e-06 -4.9416404700737985e-05 2.9503209552866299e-05 -5.6842335135633684e-07 0.002605212155238866 -4.4311079254368156e-07 -0.00031027412689820237 -9.3775426045794594e-05 0.00015001347850566126 6.040794881041168e-05
leaf_weight=2230 2907 2807 42 333 44 42 79 63 185 136 49 64 55 51 66 44 49 64 56 58 53 72 60 41 44 2713 523 43 64 316
leaf_count=2230 2907 2807 42 333 44 42 79 63 185 136 49 64 55 51 66 44 49 64 56 58 53 72 60 41 44 2713 523 43 64 316
internal_value=-0.0210386 -0.04203 -0.0360758 -0.0147547 -0.0271046 -0.0453457 -0.0102689 -0.0200521 -0.0488974 -0.0392857 -0.00707965 0.0013267 -0.00526316 0.0046729 0.0039261 -0.0028125 0.00478723 0.00784672 0.000826446 0.0133117 0.00260417 -0.0016055 0.00308219 0.00931373 0.000378158 -0.000782172 -0.00605565 0.00965909 0.00037797 0.00159739
internal_weight=13353 6743 3615 1385 783 375 408 191 3128 321 112 602 170 106 432 159 93 273 120 153 95 217 145 101 6610 3387 610 87 2777 3223
internal_count=13353 6743 3615 1385 783 375 408 191 3128 321 112 602 170 106 432 159 93 273 120 153 95 217 145 101 6610 3387 610 87 2777 3223
is_linear=0
shrinkage=0.05


Tree=188
num_leaves=31
num_cat=0
split_feature=0 5 5 5 10 5 5 5 0 10 10 10 2 9 10 0 10 6 10 0 10 6 8 2 10 0 0 8 6 5
split_gain=2286.37 131.225 96.377 350.863 138.061 78.7243 53.0525 28.4369 44.97 9.38133 9.03111 7.97453 7.89554 6.90797 11.7305 6.78564 5.86915 20.5388 16.0917 5.36294 4.74075 16.8312 11.341 17.2755 14.0772 12.5789 11.2484 8.44613 14.1545 7.4026
threshold=1.0000000180025095e-35 18.500000000000004 17.500000000000004 3.5000000000000004 643.50000000000011 5.5000000000000009 16.500000000000004 17.500000000000004 40.451612903225815 956.91875000000016 774.875 489.18124999999992 967.76935483870977 -0.58481178939031186 938.30000000000007 2.8548387096774199 939.03750000000002 -0.20180236284700911 903.83124999999995 4.0967741935483879 934.13750000000016 -0.36647417525074694 0.98901264295277169 965.16612903225825 965.71250000000009 704.85483870967744 526.98387096774206 0.92273069556937592 -0.78326540922535159 15.500000000000002
decision_type=2 2 2 2 2 2 2 2 2 2 2 2 2 2 2 2 2 2 2 2 2 2 2 2 2 2 2 2 2 2
left_child=2 7 3 -1 5 -5 11 20 19 10 12 -7 -6 -12 -15 -3 18 -18 -10 -9 27 22 23 26 25 -25 -22 -2 -29 -30
right_child=1 15 -4 4 9 6 -8 8 16 -11 13 -13 -14 14 -16 -17 17 -19 -20 -21 21 -23 -24 24 -26 -27 -28 28 29 -31
leaf_value=-1.8203989140766217e-08 -2.3563274356319665e-06 -1.8203989140766217e-08 -1.8203989140766217e-08 -1.8203989140766217e-08 1.2867307490678892e-06 -4.7111516643833949e-06 -1.8203989140766217e-08 -1.8203989140766217e-08 -1.9874117175073701e-06 2.8377333239400175e-05 -1.0002988830153151e-07 2.4904233925401714e-05 -4.061321777017073e-07 -3.7501858520499882e-05 3.9200270329155846e-06 -1.8203989140766217e-08 1.0604158458870234e-05 -9.4358419375589059e-05 1.7101718431073148e-05 -1.8203989140766217e-08 -0.00013365706319899072 0.00016779862020331051 0.00018823867132375383 -5.6837868985221141e-05 -0.0006225160990775858 0.00084292875594491621 -0.0015765797388739818 0.0008715860979048557 0.00016341874351092912 -1.6121019967826985e-06
leaf_weight=2193 4725 42 2831 346 172 57 67 40 63 42 182 126 79 88 54 135 40 42 65 88 66 769 89 135 40 77 82 54 480 106
leaf_count=2193 4725 42 2831 346 172 57 67 40 63 42 182 126 79 88 54 135 40 42 65 88 66 769 89 135 40 77 82 54 480 106
internal_value=-0.0210339 -0.00170892 -0.0431468 -0.0374523 -0.0158567 -0.0329983 -0.0115538 -0.00062482 -0.0147493 0.000728155 -0.000954861 0.00244565 0.00615079 -0.00646154 -0.0146853 -0.0441011 -0.000473934 -0.0108434 0.00620155 -0.0379845 9.8128e-05 0.00285941 -0.00438776 -0.00798005 0 0.00516432 -0.0214765 -0.000549758 0.00483619 0.00255537
internal_weight=13375 7138 6237 3406 1213 596 250 6961 338 617 575 183 251 324 142 177 210 82 128 128 6623 1258 489 400 252 212 148 5365 640 586
internal_count=13375 7138 6237 3406 1213 596 250 6961 338 617 575 183 251 324 142 177 210 82 128 128 6623 1258 489 400 252 212 148 5365 640 586
is_linear=0
shrinkage=0.05


Tree=189
num_leaves=31
num_cat=0
split_feature=3 5 5 10 5 5 0 0 0 0 8 4 10 9 0 2 3 9 10 5 8 8 7 3 11 8 10 8 2 10
split_gain=2383.86 99.2531 386.392 107.614 109.603 23.5002 32.1091 9.8321 29.5411 5.50691 4.72337 4.23352 8.11481 6.83286 6.61295 6.6139 5.78328 5.11243 4.76587 4.64649 6.7106 7.16047 9.13842 9.35732 6.78017 6.34945 5.74125 5.53576 4.98169 9.621
threshold=1.0000000180025095e-35 17.500000000000004 3.5000000000000004 650.16875000000016 5.5000000000000009 16.500000000000004 1.0000000180025095e-35 1.0000000180025095e-35 1.4354838709677422 33.306451612903231 0.89693165594635726 0.94502159163383459 759.03125000000011 0.33222858587828868 78.40322580645163 965.51129032258075 0.027745800144117986 -0.62588708731544751 456.21249999999998 15.500000000000002 -0.86976336936302323 0.92273069556937592 0.2499757677084001 0.18138379087134393 17.87903225806452 -0.98523971305672675 765.87500000000011 -0.99940763397299126 966.4951612903227 869.5374999999998
decision_type=2 2 2 2 2 2 2 2 2 2 2 2 2 2 2 2 2 2 2 2 2 2 2 2 2 2 2 2 2 2
left_child=1 2 -1 4 -4 -6 -7 -3 -9 -10 -5 16 14 17 -13 -16 -2 -14 -18 27 25 22 23 -22 -25 -21 -23 -20 29 -26
right_child=11 7 3 10 5 6 -8 8 9 -11 -12 12 13 -15 15 -17 18 -19 19 20 21 26 -24 24 28 -27 -28 -29 -30 -31
leaf_value=-1.7293789683727905e-08 0.00028278158046912488 -1.7293789683727905e-08 -1.7293789683727905e-08 1.7521631785035224e-07 1.1950931732502939e-06 -1.7293789683727905e-08 -4.8280906869330825e-07 -7.3024032093840319e-07 -1.7293789683727905e-08 -1.7293789683727905e-08 -7.6918877756294126e-06 -6.8421456674883425e-07 -1.8880411316320015e-06 -2.131187718459023e-05 -0.00017473301044792613 -7.8529530018958118e-05 0.0019603232254876051 1.8905760041465239e-05 0.0011299100173486204 4.5577941654362247e-05 -4.4417987285862336e-05 -0.00039391881578343114 0.00020273044853908308 0.00018904597268997459 -6.9414015631748266e-05 -7.5903498628891671e-05 5.1043696145350315e-05 -1.9787328745488055e-05 -4.2153668477137862e-05 0.00024378679825681136
leaf_weight=2241 61 2800 347 558 193 67 102 44 239 44 46 63 73 61 48 54 68 56 64 51 75 41 61 163 50 100 41 5400 61 46
leaf_count=2241 61 2800 347 558 193 67 102 44 239 44 46 63 73 61 48 54 68 56 64 51 75 41 61 163 50 100 41 5400 61 46
internal_value=-0.021398 -0.0424798 -0.036737 -0.0151826 -0.0283803 -0.00909091 -0.0226471 -0.048993 -0.0403963 -0.0463028 0.000330579 -0.000173245 -0.00547753 0.00157068 -0.0135542 -0.0213592 0.000127328 0.00807692 -2.4108e-05 -0.000170621 0.00369565 0.00630798 0.00875274 0.00593434 0.00965732 -0.00559211 -0.00722892 -0.000658737 0.00221519 0.00927835
internal_weight=13318 6681 3554 1313 709 362 169 3127 327 283 604 6637 355 190 165 102 6282 129 6221 6153 689 538 456 395 320 151 82 5464 157 96
internal_count=13318 6681 3554 1313 709 362 169 3127 327 283 604 6637 355 190 165 102 6282 129 6221 6153 689 538 456 395 320 151 82 5464 157 96
is_linear=0
shrinkage=0.05


Tree=190
num_leaves=31
num_cat=0
split_feature=3 5 5 10 5 5 0 0 0 0 1 8 9 8 6 4 5 8 8 10 6 10 10 1 10 8 11 1 3 6
split_gain=2377.11 105.585 393.753 112.354 98.2085 15.0964 30.2407 9.45863 28.1662 7.75401 6.57119 8.52912 7.65719 9.10432 5.9134 5.71443 5.43083 10.8041 8.46901 8.02764 10.7278 7.95878 7.68568 30.9752 16.1409 15.5637 14.4926 14.458 14.6646 12.0403
threshold=1.0000000180025095e-35 17.500000000000004 3.5000000000000004 650.16875000000016 5.5000000000000009 16.500000000000004 1.0000000180025095e-35 1.0000000180025095e-35 1.4354838709677422 35.306451612903231 99.177419354838719 0.23746817830764474 -0.056952064366225956 -0.73866412149774419 -0.2270106897347694 1.0367060469761051 15.500000000000002 -0.88622299073327826 0.95239763423914636 939.03750000000002 0.95998215779580554 805.28124999999989 956.02500000000009 41.112903225806456 936.69375000000002 0.92273069556937592 18.298387096774196 14.983870967741938 0.73117619292357661 -0.78326540922535159
decision_type=2 2 2 2 2 2 2 2 2 2 2 2 2 2 2 2 2 2 2 2 2 2 2 2 2 2 2 2 2 2
left_child=1 2 -1 4 -4 14 -7 -3 -9 -10 11 12 13 -5 -6 16 22 -18 19 20 -19 -22 24 26 25 -2 -24 28 -27 -28
right_child=15 7 3 10 5 6 -8 8 9 -11 -12 -13 -14 -15 -16 -17 17 18 -20 -21 21 -23 23 -25 -26 27 29 -29 -30 -31
leaf_value=-1.642910019954151e-08 -6.3798509129453509e-05 -1.642910019954151e-08 -1.642910019954151e-08 -1.1066162451996383e-06 2.3562659843637648e-05 -1.642910019954151e-08 -4.1072306987119835e-07 -9.6303939377078007e-07 -1.642910019954151e-08 -1.642910019954151e-08 -3.4904219800828112e-06 -5.6162580295972726e-06 2.3421751038833209e-06 1.4793887836520306e-06 -4.19908597533399e-06 -7.0080706363998255e-06 -3.0753128708654576e-05 0.0001035001826402017 -0.00019867489927266995 -5.6600858137439985e-06 -0.00021034679675111672 0.00012236218398840488 -0.00012665005398121432 0.00039619504351837284 0.00020689836609684572 0.00149733084949579 -0.00020991264402046573 0.00011560276874314768 -1.5577290399859668e-06 -0.001416849143983956
leaf_weight=2212 4054 2837 335 89 65 65 103 42 255 41 74 217 69 178 126 265 160 335 73 121 42 40 173 144 566 102 40 361 55 93
leaf_count=2212 4054 2837 335 89 65 65 103 42 255 41 74 217 69 178 126 265 160 335 73 121 42 40 173 144 566 102 40 361 55 93
internal_value=-0.021398 -0.0423759 -0.0364035 -0.0147882 -0.0286331 -0.0104167 -0.0213018 -0.0490082 -0.040708 -0.0461279 0.000557325 0.00243682 0.0074184 0.00354478 -0.00078125 -0.000150943 0.000149371 0.00408031 0.00710784 0.00927644 0.0125598 -0.00361446 -0.00039363 -0.00665188 0.000155672 -0.000830964 -0.0156352 0.00732177 0.0199367 -0.0279851
internal_weight=13332 6708 3533 1321 694 359 168 3175 338 296 627 553 336 267 191 6624 6359 771 611 538 417 82 5588 450 5138 4572 306 518 157 133
internal_count=13332 6708 3533 1321 694 359 168 3175 338 296 627 553 336 267 191 6624 6359 771 611 538 417 82 5588 450 5138 4572 306 518 157 133
is_linear=0
shrinkage=0.05


Tree=191
num_leaves=31
num_cat=0
split_feature=3 5 5 10 5 5 0 0 1 1 8 1 10 4 5 1 3 3 4 1 4 6 4 10 10 5 10 9 10 3
split_gain=2382.42 107.633 412.334 114.043 109.354 21.2388 28.5245 13.4708 5.4609 5.60392 7.98418 7.37901 6.98784 5.44424 12.8043 13.7617 16.1503 10.8099 9.3143 8.68319 13.956 8.53729 8.18451 7.16219 11.594 10.2837 9.73963 9.99552 11.8856 9.91014
threshold=1.0000000180025095e-35 17.500000000000004 3.5000000000000004 650.16875000000016 5.5000000000000009 16.500000000000004 1.0000000180025095e-35 35.306451612903231 0.17741935483870971 5.7580645161290329 -0.75015329512557194 78.177419354838719 885.95624999999984 0.63093939946416866 14.500000000000002 71.435483870967758 0.28595588557473145 0.3879301874177295 0.68863480418057244 94.177419354838719 0.74535143152044725 0.99907018497641664 0.61513632873410928 479.71249999999986 495.82500000000005 10.500000000000002 502.24999999999994 0.71953727073011831 936.69375000000002 0.027745800144117986
decision_type=2 2 2 2 2 2 2 2 2 2 2 2 2 2 2 2 2 2 2 2 2 2 2 2 2 2 2 2 2 2
left_child=1 2 -1 4 -4 -6 -7 -3 -5 12 11 -11 -10 14 21 -16 -17 -18 -15 -20 -21 22 23 -2 25 -25 -26 29 -29 -28
right_child=13 7 3 8 5 6 -8 -9 9 10 -12 -13 -14 18 15 16 17 -19 19 20 -22 -23 -24 24 26 -27 27 28 -30 -31
leaf_value=-1.5607645189564434e-08 0.0002667245596173623 -1.5607645189564434e-08 -1.5607645189564434e-08 1.1864095564935148e-05 1.1053338613122123e-06 -1.5607645189564434e-08 -4.4309251191728775e-07 -1.5607645189564434e-08 -8.2254965209924765e-06 2.3381280689345831e-07 1.1536040314952855e-06 -1.0095528572481466e-05 1.5519936199103565e-06 -0.00020185257335051388 0.00058644014721687121 0.00010888788859350213 -0.00061431243342501864 0.00017971506901155179 -5.3770815230558268e-06 0.0023816450984041949 -3.1508334234661551e-05 0.0010912979860703525 0.00043072682051548686 -0.00021563551711421272 0.0031139000364452138 -0.0029027315841192503 0.00038174727190727034 -0.00036035678046071053 0.00011108494580741036 -1.190899865255446e-06
leaf_weight=2263 202 3100 339 56 202 71 109 40 43 78 344 70 42 657 65 151 48 64 2687 49 63 41 132 148 42 84 43 168 81 2003
leaf_count=2263 202 3100 339 56 202 71 109 40 43 78 344 70 42 657 65 151 48 64 2687 49 63 41 132 148 42 84 43 168 81 2003
internal_value=-0.0212405 -0.0422092 -0.0363046 -0.0144649 -0.0280471 -0.00966057 -0.0220994 -0.0489971 0.00102524 -0.000432526 0.00162272 -0.00805369 -0.0122093 -0.000178333 0.00128323 0.0106383 0.00549242 -0.00884956 -0.00156205 -0.000303571 0.0132743 0.000237691 -8.60882e-05 -0.000667388 -0.00138132 -0.0120172 -0.000320787 -0.000762195 -0.0102 0.000390816
internal_weight=13485 6757 3617 1354 721 382 180 3140 633 577 492 148 85 6728 3272 328 263 112 3456 2799 112 2944 2903 2771 2569 232 2337 2295 249 2046
internal_count=13485 6757 3617 1354 721 382 180 3140 633 577 492 148 85 6728 3272 328 263 112 3456 2799 112 2944 2903 2771 2569 232 2337 2295 249 2046
is_linear=0
shrinkage=0.05


Tree=192
num_leaves=31
num_cat=0
split_feature=3 0 0 10 0 6 6 6 10 3 11 3 2 8 1 1 6 0 0 1 2 1 1 9 4 8 11 3 0 6
split_gain=2350.08 83.1053 46.035 40.6521 20.0567 28.3406 7.52382 7.17295 11.0762 33.8278 8.58625 7.45188 4.89807 20.5457 15.6739 18.3768 15.0898 21.3783 13.1677 11.8993 9.15958 7.7749 7.57678 11.998 11.6457 11.6717 13.7 11.793 11.0054 8.74667
threshold=1.0000000180025095e-35 1.0000000180025095e-35 1.4354838709677422 588.53125 38.467741935483879 -0.90163369914317015 -0.63255557784149707 0.98522604642031408 819.36874999999986 0.34876833295818294 15.869354838709681 0.61291825066806016 971.47258064516143 -0.96688789938088693 93.919354838709694 66.854838709677438 0.52766072109828632 410.14516129032262 139.88709677419357 9.2741935483870979 970.39516129032268 94.40322580645163 97.82258064516131 -0.93543596745397617 0.56629378609671044 -0.814291907305839 35.424193548387102 0.12307490891423363 572.93548387096791 0.82414472752956958
decision_type=2 2 2 2 2 2 2 2 2 2 2 2 2 2 2 2 2 2 2 2 2 2 2 2 2 2 2 2 2 2
left_child=1 6 -3 -4 5 -5 -1 12 9 -9 -10 -12 20 -14 15 16 -15 -18 -16 -19 22 -22 24 -24 -2 26 27 -26 -25 -29
right_child=7 2 3 4 -6 -7 -8 8 10 -11 11 -13 13 14 18 -17 17 19 -20 -21 21 -23 23 28 25 -27 -28 29 -30 -31
leaf_value=-1.4827262930086214e-08 0.00010120608856651268 4.1140182955986777e-06 8.2406559789293748e-08 -1.4827262930086214e-08 -1.844515590978232e-08 -1.4827262930086214e-08 -1.4827262930086214e-08 -0.0001980335813632897 9.322110599319402e-05 0.0025665734027753881 1.998917505662834e-05 -0.00085257291710419403 0.00091036799930380727 -0.00024805098156665959 -0.00057296441519221961 -0.0010766457339868613 -0.00019649625753074369 0.0043205963582967216 0.0012393156344802344 0.00046654594657810633 8.8495276979479187e-05 0.00081979397911881584 -0.0015751013093168815 -0.00016061758531748518 1.7861087937308159e-05 -1.5574246336502816e-06 0.0003307335251582777 -0.00036447903336831388 0.0013323471169384316 -0.0018600886966041591
leaf_weight=1826 1456 84 89 67 42 246 4324 47 99 146 41 43 99 389 41 168 78 40 84 79 350 47 52 643 45 2204 54 326 49 48
leaf_count=1826 1456 84 89 67 42 246 4324 47 99 146 41 43 99 389 41 168 78 40 84 79 350 47 52 643 45 2204 54 326 49 48
internal_value=-0.0214248 -0.0423566 -0.0232514 -0.0296629 -0.0372191 -0.0415605 -0.0439928 -0.000331875 0.00636605 0.0146907 -0.00244565 -0.0141176 -0.000735647 -0.00398366 -0.00642045 -0.00913907 -0.00494037 0.00631313 0.00992063 0.0195833 -0.000132701 0.0071608 -0.000727757 -0.00536913 0.000108853 -0.00184839 -0.00896624 -0.0120238 -0.0036075 -0.0149333
internal_weight=13306 6678 528 444 355 313 6150 6628 376 193 183 84 6252 978 879 754 586 197 125 119 5274 397 4877 744 4133 2677 473 419 692 374
internal_count=13306 6678 528 444 355 313 6150 6628 376 193 183 84 6252 978 879 754 586 197 125 119 5274 397 4877 744 4133 2677 473 419 692 374
is_linear=0
shrinkage=0.05


Tree=193
num_leaves=31
num_cat=0
split_feature=3 5 5 7 5 8 5 0 0 0 11 6 6 4 5 6 8 2 11 5 6 11 3 8 8 1 0 4 2 1
split_gain=2382.85 111.413 427.256 113.894 86.5852 32.7669 11.713 16.7198 9.59327 27.9272 8.1252 13.2902 15.5452 8.0907 10.7304 12.467 6.33127 8.20933 5.30996 12.2185 12.7305 7.52007 11.1693 7.48315 8.66817 6.86902 11.6017 5.2973 8.73349 5.02574
threshold=1.0000000180025095e-35 17.500000000000004 3.5000000000000004 0.51849435583340198 5.5000000000000009 -0.96688789938088693 16.500000000000004 1.0000000180025095e-35 1.0000000180025095e-35 1.4354838709677422 33.050000000000004 -0.94705910369513524 -0.88622299073327826 0.81878775828050798 8.5000000000000018 -0.57078386445773377 -0.71504042705586657 960.47580645161304 23.393548387096775 10.500000000000002 0.51297097409535064 27.424193548387098 0.28595588557473145 -0.039769906970920914 0.59866263443171663 71.951612903225822 504.16129032258073 0.78815901698221003 959.91129032258073 99.177419354838719
decision_type=2 2 2 2 2 2 2 2 2 2 2 2 2 2 2 2 2 2 2 2 2 2 2 2 2 2 2 2 2 2
left_child=1 2 -1 29 5 -5 -6 -8 -3 -10 18 -12 -13 14 -14 -16 -17 -18 -2 20 23 25 -23 -20 -25 -21 -27 28 -24 -4
right_child=10 8 3 4 6 -7 7 -9 9 -11 11 12 13 -15 15 16 17 -19 19 21 -22 22 27 24 -26 26 -28 -29 -30 -31
leaf_value=-1.4085899783581903e-08 1.2914589137640144e-06 -1.4085899783581903e-08 9.0527892459758156e-07 -1.4085899783581903e-08 -1.9264360192716178e-07 -1.4085899783581903e-08 -1.4085899783581903e-08 -4.3385491351832923e-07 -1.1198079566026965e-06 -1.4085899783581903e-08 -0.00087041630430511057 0.0019382635048754871 -0.00031093778856438329 -0.00017545887138571692 -0.0008797421790295815 0.0010569639445740964 0.0022426917574423669 0.00016561299496253083 -0.00089450890937645697 -0.00028100567822750554 0.00088903772604411184 0.00012521095887758991 0.0002973211904591128 0.00062472529481990289 -0.00067774619010887993 -0.00023022978394773714 0.0015229025616038533 9.5877330669246274e-05 -0.00077099387137365561 -9.3767095138499311e-07
leaf_weight=2238 5028 2831 496 52 205 340 69 116 42 273 47 41 86 77 42 63 121 148 79 256 101 55 42 44 46 98 40 72 138 69
leaf_count=2238 5028 2831 496 52 205 340 69 116 42 273 47 41 86 77 42 63 121 148 79 256 101 55 42 44 46 98 40 72 138 69
internal_value=-0.0212002 -0.0421494 -0.0360987 -0.0138353 -0.0261814 -0.0427481 -0.00946292 -0.0185484 -0.0490308 -0.0403481 9.0566e-05 0.00551118 0.00759931 0.0052974 0.00780911 0.0114667 0.0147147 0.0112963 -0.000475 -0.00385802 0.00516605 -0.00733618 -0.00146104 -0.00323529 0.00659341 -0.0118987 -0.0028777 -0.00592885 -0.0104972 0.00326855
internal_weight=13355 6731 3585 1347 782 392 390 185 3146 315 6624 625 578 537 460 374 332 269 5999 971 270 701 307 169 90 394 138 252 180 565
internal_count=13355 6731 3585 1347 782 392 390 185 3146 315 6624 625 578 537 460 374 332 269 5999 971 270 701 307 169 90 394 138 252 180 565
is_linear=0
shrinkage=0.05


Tree=194
num_leaves=31
num_cat=0
split_feature=0 5 5 5 10 5 5 4 0 5 6 0 10 0 10 6 9 6 7 0 4 10 0 1 0 9 9 0 8 10
split_gain=2341.19 124.462 90.453 352.659 147.514 67.2291 42.0162 27.6669 21.2461 38.7138 17.3777 10.9658 8.65798 8.54501 7.27049 16.1697 11.5086 7.20927 6.92418 8.78855 7.5942 6.89008 6.10422 8.12647 7.22413 8.78738 10.8349 7.15533 11.2465 13.9145
threshold=1.0000000180025095e-35 18.500000000000004 17.500000000000004 3.5000000000000004 650.16875000000016 5.5000000000000009 16.500000000000004 1.2116665481716715 48.306451612903231 17.500000000000004 -0.90163369914317015 136.37096774193552 774.875 2.8548387096774199 938.30000000000007 -0.18492532721306487 -0.58481178939031186 0.3744682635859638 0.99981043035926087 1.145161290322581 0.032571677748647783 445.03124999999994 33.306451612903231 74.596774193548399 100.32258064516131 0.1318557721318592 0.42763731121559989 298.90322580645164 0.30983042691905771 965.71250000000009
decision_type=2 2 2 2 2 2 2 2 2 2 2 2 2 2 2 2 2 2 2 2 2 2 2 2 2 2 2 2 2 2
left_child=2 7 3 -1 5 -5 -7 18 9 10 -9 -10 -6 -3 16 -16 -14 -12 19 -2 -21 -22 23 -23 25 -24 -27 -26 -29 -30
right_child=1 13 -4 4 12 6 -8 8 11 -11 17 -13 14 -15 15 -17 -18 -19 -20 20 21 22 24 -25 27 26 -28 28 29 -31
leaf_value=-1.3381604794402806e-08 4.9251766909326483e-05 -1.3381604794402806e-08 -1.3381604794402806e-08 -1.3381604794402806e-08 5.2352129874873902e-07 1.3735892145064385e-07 -1.3381604794402806e-08 3.8223969361258013e-06 2.7578417641841115e-06 -1.3381604794402806e-08 -1.1024365037738925e-06 -4.5953471115158724e-05 -1.0389414202820559e-07 -1.3381604794402806e-08 -1.1391935563319356e-05 0.00020325144561251786 -4.4124051509765433e-05 1.0544591976632975e-07 -0.00052052697399303932 -0.00042154276274561993 0.0031215698661488187 0.00018094045293831282 -0.00012519552923948742 -6.407394912996689e-05 3.5999488712027849e-05 0.00032621079934619921 -9.8115213506654039e-05 -7.9338969518330532e-05 8.2713109528065321e-05 -0.00066306395973054772
leaf_weight=2236 122 41 2847 339 247 167 67 41 152 116 88 45 183 131 53 43 80 44 43 66 44 197 286 131 1494 48 193 2179 1596 57
leaf_count=2236 122 41 2847 339 247 167 67 41 152 116 88 45 183 131 53 43 80 44 43 66 44 197 286 131 1494 48 193 2179 1596 57
internal_value=-0.0210884 -0.0014617 -0.0433818 -0.0378659 -0.0157203 -0.033885 -0.0131915 -0.000417687 -0.0119097 -0.0205172 -0.00545977 0.000757576 0.0014827 -0.0433526 -0.00347222 0.00824742 -0.00776515 -0.0142857 0.000449125 0.000584659 0.000325811 0.000505943 0.00036396 0.00699088 -8.54117e-06 -0.00558712 0.00144628 0.000544396 -0.000600052 0.00250907
internal_weight=13376 7114 6262 3415 1179 573 234 6942 486 289 173 197 606 172 359 96 263 132 6456 6413 6291 6225 6181 328 5853 527 241 5326 3832 1653
internal_count=13376 7114 6262 3415 1179 573 234 6942 486 289 173 197 606 172 359 96 263 132 6456 6413 6291 6225 6181 328 5853 527 241 5326 3832 1653
is_linear=0
shrinkage=0.05


Tree=195
num_leaves=31
num_cat=0
split_feature=3 5 5 10 5 5 0 4 0 0 8 11 6 3 10 1 1 8 8 6 6 6 1 8 5 11 4 6 10 6
split_gain=2437.91 108.059 399.649 134.104 95.8195 17.1099 30.808 9.88754 21.331 6.21776 6.15281 4.54376 8.88692 6.959 10.612 8.55615 7.92925 10.8176 8.89949 11.871 8.14806 7.86632 7.042 6.16658 5.44271 9.21138 9.5911 7.65756 8.24271 8.06835
threshold=1.0000000180025095e-35 17.500000000000004 3.5000000000000004 650.16875000000016 5.5000000000000009 16.500000000000004 1.0000000180025095e-35 0.092684032119365656 1.8225806451612905 33.306451612903231 0.92273069556937592 33.050000000000004 0.99865421017599998 0.30829553408257598 580.63125000000014 73.048387096774206 9.9193548387096779 0.62585923293574564 -0.70291267844185523 -0.15101209918632377 -0.41398024697495356 0.27694220057652758 44.338709677419359 -0.83377653105606597 15.500000000000002 8.5241935483870979 0.82128676962712577 0.81428061195174062 848.43749999999989 0.51297097409535064
decision_type=2 2 2 2 2 2 2 2 2 2 2 2 2 2 2 2 2 2 2 2 2 2 2 2 2 2 2 2 2 2
left_child=1 2 -1 4 -4 -6 -7 -3 -9 -10 -5 12 24 14 15 -13 20 18 23 -20 -15 -21 -19 -18 -2 -26 -27 29 -29 -28
right_child=11 7 3 10 5 6 -8 8 9 -11 -12 13 -14 16 -16 -17 17 22 19 21 -22 -23 -24 -25 25 26 27 28 -30 -31
leaf_value=-1.2712524554682667e-08 -3.829719637861136e-05 -1.2712524554682667e-08 -1.2712524554682667e-08 4.388228624764741e-07 -2.3938701910785733e-07 -1.2712524554682667e-08 -3.4824364344627697e-07 -1.2712524554682667e-08 -1.2712524554682667e-08 -1.2712524554682667e-08 -5.1979996432736523e-06 -0.00053633102032677718 0.00061531000018959507 -0.0010309585672846177 0.00010031946069345502 -9.3493263330942386e-05 0.00033818137540732318 0.003491178443666987 -0.0020347276878624893 0.0013128686594505612 0.00011999009204521904 -0.00027191293538241234 0.0017318612577073011 0.0034235420596143182 -6.6621090535199656e-05 9.564537559710734e-05 3.0778827294160292e-07 -9.0584279875769586e-07 7.8633398528417953e-05 -0.00016961502904608435
leaf_weight=2225 4970 2913 348 587 189 72 109 46 215 47 42 50 92 50 62 48 64 49 42 48 55 66 75 51 57 326 380 67 57 65
leaf_count=2225 4970 2913 348 587 189 72 109 46 215 47 42 50 92 50 62 48 64 49 42 48 55 66 75 51 57 326 380 67 57 65
internal_value=-0.0213135 -0.0423977 -0.036384 -0.0148739 -0.0296245 -0.0118598 -0.0228022 -0.0490534 -0.0401294 -0.0456274 0.00198413 0.000149813 -0.000282627 0.00408472 -0.00496894 -0.0151515 0.00698603 0.0102273 0.00459559 -0.00318471 -0.00518868 0.00521739 0.0224 0.0150862 -0.000523383 0.00293809 0.00418527 0.000263158 0.0112 -0.00280269
internal_weight=13467 6793 3572 1347 718 370 181 3221 308 262 629 6674 6014 660 160 98 500 395 271 156 105 114 124 115 5922 952 895 569 124 445
internal_count=13467 6793 3572 1347 718 370 181 3221 308 262 629 6674 6014 660 160 98 500 395 271 156 105 114 124 115 5922 952 895 569 124 445
is_linear=0
shrinkage=0.05


Tree=196
num_leaves=31
num_cat=0
split_feature=3 0 7 9 10 7 2 8 0 0 3 2 7 10 0 3 3 3 11 10 3 0 8 3 10 10 3 8 10 1
split_gain=2382.67 70.785 56.6312 11.0325 9.2295 5.67351 5.15086 5.66633 5.01995 8.94332 4.23771 9.37973 7.86425 7.8519 7.40449 7.03136 9.48965 25.893 12.2422 8.07229 7.18985 14.7162 12.7885 9.88959 12.7648 11.3628 9.97009 8.06567 20.6009 14.6309
threshold=1.0000000180025095e-35 1.0000000180025095e-35 0.29958852271690523 -0.10837475778693638 643.50000000000011 0.3484035575467645 964.27580645161299 0.21652696009750597 9.1774193548387117 1.8225806451612905 0.068680806846629777 962.92096774193556 -0.57782411410281842 746.93124999999998 80.693548387096783 0.093573053361780942 0.12307490891423363 0.13703090872832477 11.827419354838712 886.08125000000007 0.17081877253930289 100.32258064516131 0.70288017738294994 0.28595588557473145 469.27500000000003 551.19375000000002 0.39814244836412027 0.89115239534193136 957.92500000000007 11.725806451612906
decision_type=2 2 2 2 2 2 2 2 2 2 2 2 2 2 2 2 2 2 2 2 2 2 2 2 2 2 2 2 2 2
left_child=1 4 3 6 -1 -6 -3 -8 9 -4 11 13 -13 -2 -14 19 18 -18 -17 -12 22 -22 -19 25 26 -23 -25 -26 -29 -30
right_child=10 2 8 -5 5 -7 7 -9 -10 -11 15 12 14 -15 -16 16 17 20 -20 -21 21 23 -24 24 27 -27 -28 28 29 -31
leaf_value=-1.2076898326948534e-08 1.1268108678168157e-05 -1.2076898326948534e-08 7.9684612322961195e-07 -1.2076898326948534e-08 -1.2076898326948534e-08 -1.2076898326948534e-08 -1.2076898326948534e-08 -1.2076898326948534e-08 2.5596691646729195e-07 -3.2587141112175831e-07 -6.9104170547534816e-05 -3.3011899289658656e-05 1.3862243804603193e-05 9.6220620854753903e-05 -1.2497520550276872e-05 -2.7124956262983281e-05 -0.00025005324079968724 8.864689177018968e-05 7.7925348700452285e-05 5.2572090224815113e-06 -0.00038020022580473393 -0.00018141436464849913 -0.00013430362682269274 -5.5282075318238703e-05 -4.6615127630661451e-05 0.00018073652447306299 0.0038963874415916286 0.00042744903880998083 -0.00064858131029021937 9.0848120109363056e-05
leaf_weight=2219 70 68 66 130 3269 661 54 48 91 64 95 52 248 41 41 66 77 206 95 40 426 66 40 40 3857 313 64 570 108 76
leaf_count=2219 70 68 66 130 3269 661 54 48 91 64 95 52 248 41 41 66 77 206 95 40 426 66 40 40 3857 313 64 570 108 76
internal_value=-0.0211318 -0.0421976 -0.0244253 -0.0385382 -0.0436992 -0.0421776 -0.0298246 -0.0223301 -0.00518018 -0.0114504 0.000189624 0.00485651 0.000730994 0.0174107 0.00396552 -0.000154723 9.99167e-05 -0.000231006 0.012037 -0.0113971 0.00015606 -0.000217352 0.00850202 0.000529931 -9.54198e-05 0.00828947 0.0171429 -0.000487858 0.00423841 -0.0102703
internal_weight=13261 6670 521 300 6149 3930 170 102 221 130 6591 452 341 111 289 6139 6004 5843 161 135 5766 5520 246 5094 4715 379 104 4611 754 184
internal_count=13261 6670 521 300 6149 3930 170 102 221 130 6591 452 341 111 289 6139 6004 5843 161 135 5766 5520 246 5094 4715 379 104 4611 754 184
is_linear=0
shrinkage=0.05


Tree=197
num_leaves=31
num_cat=0
split_feature=3 5 5 10 5 0 5 5 8 2 7 8 7 8 7 2 7 6 8 8 8 8 6 0 1 1 2 3 0 2
split_gain=2396.22 112.725 338.365 127.926 61.069 51.8076 24.6253 83.7702 22.0019 11.4947 10.3999 6.96214 9.14968 6.39258 5.40436 4.98787 6.42121 11.4488 4.35249 4.1622 16.7453 16.1142 16.3464 7.46193 6.80706 5.99706 11.8303 7.05709 6.00299 6.63941
threshold=1.0000000180025095e-35 18.500000000000004 3.5000000000000004 650.16875000000016 17.500000000000004 1.0000000180025095e-35 5.5000000000000009 16.500000000000004 0.58481550752069722 968.49838709677431 -0.013976481981245173 -0.88622299073327826 0.63089349388778826 -0.55657263146136127 0.77652048701313048 977.88225806451624 0.9980355542543059 1.0000000180025095e-35 -0.99940763397299126 -0.45943279258162384 -0.48971288843577082 -0.35846811432664222 0.22700754078277605 341.80645161290329 75.661290322580655 98.82258064516131 964.34032258064519 0.28595588557473145 139.88709677419357 958.18548387096791
decision_type=2 2 2 2 2 2 2 2 2 2 2 2 2 2 2 2 2 2 2 2 2 2 2 2 2 2 2 2 2 2
left_child=1 2 -1 5 11 6 -4 14 10 -7 -6 12 -5 -13 -8 16 18 -18 -2 20 -20 22 24 -24 -21 -23 27 -27 -29 -30
right_child=15 -3 3 4 8 9 7 -9 -10 -11 -12 13 -14 -15 -16 -17 17 -19 19 21 -22 25 23 -25 -26 26 -28 28 29 -31
leaf_value=-1.1473053410601107e-08 0.00051327158658734937 -1.1473053410601107e-08 -1.1473053410601107e-08 -2.9286848003994787e-05 -1.1473053410601107e-08 3.0557158291684934e-07 0.00014273122216600516 -1.1473053410601107e-08 -1.1473053410601107e-08 -5.3427451686215831e-07 -1.1473053410601107e-08 1.1678285677437305e-06 2.8614412218448999e-07 1.79994425513656e-07 -5.5476745415406316e-06 -0.00038645939393365666 0.00094707074643720496 -3.168307279546312e-05 -7.9723685846621973e-06 0.00025321302839847494 -0.0014139524000013532 9.5817576878935891e-06 0.00011669770130053014 -0.0020766080122395949 0.0031956099564596999 -2.7334332499304995e-05 0.00011351393700650473 -0.0021914231251303402 0.00062972075489319825 -0.0015637956093108752
leaf_weight=2226 79 2800 349 67 53 78 41 226 52 60 96 134 45 400 123 68 50 41 2244 61 62 3448 57 42 54 72 228 67 40 51
leaf_count=2226 79 2800 349 67 53 78 41 226 52 60 96 134 45 400 123 68 50 41 2244 61 62 3448 57 42 54 72 228 67 40 51
internal_value=-0.0209392 -0.0419345 -0.0364718 -0.0198261 -0.00595519 -0.0332005 -0.0384459 -0.0296675 -0.0299505 -0.00503597 -0.0396667 0.0015456 -0.00973451 0.00392523 -0.00242424 0.000330083 0.000469911 0.013587 0.000284353 0.000140034 -0.00156047 0.00109197 0.0144186 -0.0005 0.0271552 0.000358331 -0.00501089 -0.012987 -0.0188679 -0.0103261
internal_weight=13414 6750 3950 1724 847 877 739 390 201 138 149 646 112 534 164 6664 6596 91 6505 6426 2306 4120 214 99 115 3906 458 230 158 91
internal_count=13414 6750 3950 1724 847 877 739 390 201 138 149 646 112 534 164 6664 6596 91 6505 6426 2306 4120 214 99 115 3906 458 230 158 91
is_linear=0
shrinkage=0.05


Tree=198
num_leaves=31
num_cat=0
split_feature=3 5 5 10 5 0 5 5 8 2 2 10 4 6 11 8 4 3 11 4 4 9 2 10 5 9 5 6 6 2
split_gain=2338.21 125.087 368.259 113.519 75.7004 67.2449 29.8407 103.792 22.6722 7.63025 6.91981 5.6989 12.5676 7.88544 11.0211 10.2315 9.73651 9.53973 9.4401 7.43665 8.25669 7.54251 9.0421 8.95279 12.3165 20.9596 9.52219 9.03259 8.66207 7.14202
threshold=1.0000000180025095e-35 18.500000000000004 3.5000000000000004 650.16875000000016 17.500000000000004 1.0000000180025095e-35 5.5000000000000009 16.500000000000004 0.58481550752069722 968.49838709677431 967.06290322580662 934.13750000000016 0.24730224021137445 -0.95754239937548935 27.722580645161294 -0.0053757035942445328 0.58285214922804007 0.28983220275810556 10.198387096774196 0.42011348578955798 0.48579321107719459 -0.17646730165275518 967.49193548387109 956.02500000000009 14.500000000000002 0.60383265664488517 11.500000000000002 -0.065535378769913874 0.42179998225932674 967.59193548387111
decision_type=2 2 2 2 2 2 2 2 2 2 2 2 2 2 2 2 2 2 2 2 2 2 2 2 2 2 2 2 2 2
left_child=1 2 -1 5 -5 6 -4 10 -6 -7 -8 13 -13 14 15 -2 18 -18 -17 -14 -21 29 23 26 25 -25 -23 -28 -24 -22
right_child=11 -3 3 4 8 9 7 -9 -10 -11 -12 12 19 -15 -16 16 17 -19 -20 20 21 22 28 24 -26 -27 27 -29 -30 -31
leaf_value=-1.0899400740071052e-08 0.00042330689404414815 -1.0899400740071052e-08 -1.0899400740071052e-08 3.1100322848951535e-07 -1.0899400740071052e-08 4.0572484066945211e-07 -3.9257640281651885e-06 -1.0899400740071052e-08 -1.0899400740071052e-08 -3.736041961495436e-07 3.9747709723178323e-05 0.00023934672789215419 -0.0002458429037624971 -1.5314244249818588e-05 -0.00055273277303080626 -0.00018172995304341355 4.8831492238337487e-05 -0.0003294652401281753 0.0014576453004657688 0.00035113667227356651 -0.00029910914197930905 0.00077109398680189067 -0.00015466040579752149 8.918752382910955e-05 8.5839553035188881e-05 -0.0013885755409542039 -5.1818585485568364e-06 0.00028421551229958485 0.00016717574304710625 0.00017853523369104897
leaf_weight=2185 252 2800 347 645 155 83 87 237 51 60 81 131 88 4660 76 41 46 163 52 69 131 108 242 79 73 56 111 45 142 74
leaf_count=2185 252 2800 347 645 155 83 87 237 51 60 81 131 88 4660 76 41 46 163 52 69 131 108 242 79 73 56 111 45 142 74
internal_value=-0.0208062 -0.0415701 -0.035796 -0.0186606 -0.00557512 -0.0310826 -0.0370518 -0.0277094 -0.0318841 0.000347222 0.00236686 0.000248494 0.00314815 -0.0004914 0.00475436 0.00720721 0.000990099 -0.005 0.0143617 0.00155865 0.00265252 0.00155367 0.00361727 0.00824524 0.000478469 -0.00845588 0.0143396 0.00636943 -0.00207792 -0.00703883
internal_weight=13370 6731 3931 1746 851 895 752 405 206 143 168 6639 1349 5290 630 554 302 209 93 1218 1130 1061 856 472 208 135 264 156 384 205
internal_count=13370 6731 3931 1746 851 895 752 405 206 143 168 6639 1349 5290 630 554 302 209 93 1218 1130 1061 856 472 208 135 264 156 384 205
is_linear=0
shrinkage=0.05


Tree=199
num_leaves=31
num_cat=0
split_feature=0 5 5 5 10 5 5 5 9 6 9 10 6 0 10 8 10 10 7 7 10 5 10 7 10 5 3 4 10 6
split_gain=2331.21 127.052 91.3633 347.454 150.595 56.2113 37.0917 13.9091 20.8555 14.1605 13.8722 9.19684 9.1826 8.30411 7.49239 7.46156 7.12154 5.13604 5.39492 6.75031 5.81239 6.29722 15.2949 5.20637 4.32039 3.78363 15.4568 8.13429 8.11238 7.64707
threshold=1.0000000180025095e-35 18.500000000000004 17.500000000000004 3.5000000000000004 601.54375000000016 5.5000000000000009 16.500000000000004 17.500000000000004 -0.81429049538372056 0.81428061195174062 -0.21022037796396451 956.02500000000009 -0.23537230790205757 3.3709677419354844 652.46875 0.17011757999667351 936.69375000000002 909.76875000000007 0.029024409397335523 -0.65883892954715351 682.05625000000009 4.5000000000000009 742.18124999999998 0.2499757677084001 938.30000000000007 11.500000000000002 0.027745800144117986 0.71959781027696479 988.53750000000002 -0.8041866928211282
decision_type=2 2 2 2 2 2 2 2 2 2 2 2 2 2 2 2 2 2 2 2 2 2 2 2 2 2 2 2 2 2
left_child=2 7 3 -1 5 -5 -7 25 15 10 -10 14 -12 -3 -6 -9 -14 18 19 -16 -20 23 -23 -22 -19 26 -2 -28 -27 -29
right_child=1 13 -4 4 11 6 -8 8 9 -11 12 -13 16 -15 17 -17 -18 24 20 -21 21 22 -24 -25 -26 28 27 29 -30 -31
leaf_value=-1.03544307030675e-08 0.0010196294337797077 -1.03544307030675e-08 -1.03544307030675e-08 -1.03544307030675e-08 -1.149783374220563e-08 -2.6909551787486022e-06 -1.03544307030675e-08 -1.03544307030675e-08 -1.03544307030675e-08 5.3352949366729904e-09 1.5221349643631827e-05 2.7348994687067457e-05 9.2472874416638839e-07 -1.03544307030675e-08 -1.1957270998503017e-05 -1.03544307030675e-08 -0.00011403274939330447 -3.5465635428305222e-05 6.1015938549270038e-07 7.5311869196257995e-06 -6.9014523047440148e-07 8.4526802399113403e-07 -5.6606712497100747e-05 7.1082046507653827e-07 -6.5155007848128306e-07 -1.6403526265568307e-06 2.4436638751658414e-06 -0.0001660388749872066 0.00043260036606628736 0.00056345715898238895
leaf_weight=2228 43 42 2847 309 78 151 60 42 42 62 67 43 41 133 42 42 42 51 40 160 40 41 75 53 54 3193 2976 65 56 255
leaf_count=2228 43 42 2847 309 78 151 60 42 42 62 67 43 41 133 42 42 42 51 40 160 40 41 75 53 54 3193 2976 65 56 255
internal_value=-0.0211343 -0.00151366 -0.0433445 -0.0378138 -0.0160684 -0.0362764 -0.0162736 -0.000447524 -0.0103245 -0.00313725 -0.00984456 -0.000516224 -0.00264901 -0.0434659 -0.00204724 -0.0317647 -0.0136905 0 0.00232301 0.00837438 -0.0026 -0.00595238 -0.0136752 0.0037234 -0.00990566 6.07072e-05 0.00124251 0.000849257 -0.00115385 0.00841121
internal_weight=13373 7101 6272 3425 1197 520 211 6926 338 254 192 677 150 175 634 84 83 556 451 202 249 209 116 93 105 6588 3339 3296 3249 320
internal_count=13373 7101 6272 3425 1197 520 211 6926 338 254 192 677 150 175 634 84 83 556 451 202 249 209 116 93 105 6588 3339 3296 3249 320
is_linear=0
shrinkage=0.05


Tree=200
num_leaves=31
num_cat=0
split_feature=0 5 5 5 10 5 5 4 7 7 0 6 11 7 6 0 6 10 1 7 11 7 11 2 6 10 7 2 0 1
split_gain=2340.5 135.865 94.4003 352.56 142.596 74.5513 42.307 17.4717 20.5523 25.8262 24.4359 9.61613 7.44532 8.32394 6.14258 5.44018 9.18888 18.8224 17.3833 23.5352 14.4172 14.7218 13.583 12.7446 12.6225 10.8755 18.7019 15.728 15.6658 13.7601
threshold=1.0000000180025095e-35 18.500000000000004 17.500000000000004 3.5000000000000004 650.16875000000016 5.5000000000000009 16.500000000000004 1.2995021872570922 0.29958852271690523 0.42763731121559989 40.451612903225815 -0.29343379936893921 18.917741935483871 0.83258597624099873 -0.94705910369513524 240.11290322580649 0.12545942051955489 699.65000000000009 10.951612903225808 0.18281312110578132 11.333870967741936 0.029024409397335523 12.253225806451615 968.06935483870973 0.22700754078277605 848.43749999999989 -0.013976481981245173 972.42419354838728 576.43548387096791 42.145161290322591
decision_type=2 2 2 2 2 2 2 2 2 2 2 2 2 2 2 2 2 2 2 2 2 2 2 2 2 2 2 2 2 2
left_child=2 7 3 -1 5 -5 12 15 10 -10 14 -11 13 -7 -9 -2 17 22 19 23 21 -19 -17 -18 -20 26 28 29 -26 -27
right_child=1 -3 -4 4 -6 6 -8 8 9 11 -12 -13 -14 -15 -16 16 18 20 24 -21 -22 -23 -24 -25 25 27 -28 -29 -30 -31
leaf_value=-9.8367091679141246e-09 2.3741297101091686e-05 -9.8367091679141246e-09 -9.8367091679141246e-09 -9.8367091679141246e-09 1.633675258234347e-07 0.00018721750484945851 -9.8367091679141246e-09 -9.8367091679141246e-09 1.1285336692573783e-06 -6.3180085592381837e-06 -3.6554053574249046e-07 -8.3855640234712801e-08 -1.1901444173688034e-05 -2.0912746064679626e-06 -9.8367091679141246e-09 -0.00015048772098368303 -0.00011726073350925571 -0.00033449559741497993 0.0013952761045715246 0.0050127622917861938 3.6820313156400025e-05 0.0003712051223915325 -0.0012155051900530152 0.00019221748117150274 0.00023726621990273201 -0.00064213480268873746 -0.00011547812005662239 0.00071598968290440272 0.002644491540275662 -8.6677552380504127e-05
leaf_weight=2226 2246 169 2847 347 612 44 61 40 45 43 102 176 59 78 65 203 131 332 55 76 1332 114 216 317 64 230 677 44 67 428
leaf_count=2226 2246 169 2847 347 612 44 61 40 45 43 102 176 59 78 65 203 131 332 55 76 1332 114 216 317 64 230 677 44 67 428
internal_value=-0.020934 -0.001422 -0.0432351 -0.0376167 -0.0157654 -0.0333051 -0.0119342 -0.0003498 -0.00963983 -0.000377358 -0.0213942 -0.0075 0.000274725 0.00731707 -0.0382075 0.000321445 -0.000723116 -0.00297998 0.00165072 0.00952381 -0.000730748 -0.00850112 -0.0125 0.00512249 -0.000989783 -0.00185308 0.00210136 -0.00640114 0.0193182 -0.00834598
internal_weight=13446 7172 6274 3427 1201 589 242 7003 471 264 207 219 181 122 105 6532 4286 2197 2089 524 1778 446 419 448 1565 1510 808 702 131 658
internal_count=13446 7172 6274 3427 1201 589 242 7003 471 264 207 219 181 122 105 6532 4286 2197 2089 524 1778 446 419 448 1565 1510 808 702 131 658
is_linear=0
shrinkage=0.05


Tree=201
num_leaves=31
num_cat=0
split_feature=3 5 5 7 5 8 4 5 4 9 8 1 9 6 5 7 2 7 6 11 1 2 1 1 11 9 2 8 7 11
split_gain=2346.49 119.894 424.851 116.129 92.5439 18.7504 10.4479 10.3118 22.2915 8.25518 7.14304 6.07401 9.97289 5.28628 30.6268 4.90543 4.61177 5.14414 4.41401 4.90624 4.31045 3.27319 9.93907 20.8812 13.502 11.7432 9.80969 9.74506 8.82343 7.60481
threshold=1.0000000180025095e-35 17.500000000000004 3.5000000000000004 0.53312596302726967 5.5000000000000009 -0.96688789938088693 0.056651562568230139 16.500000000000004 0.056651562568230139 -0.10837475778693638 0.89693165594635726 95.758064516129039 -0.81429049538372056 -0.98523971305672675 4.5000000000000009 1.0000000180025095e-35 971.70806451612918 0.87709077819680659 -0.18492532721306487 8.1693548387096797 52.62903225806452 971.47258064516143 44.338709677419359 91.435483870967758 15.759677419354841 -0.57078287476060374 973.65967741935503 0.90892735371523092 0.79773375822167203 8.5241935483870979
decision_type=2 2 2 2 2 2 2 2 2 2 2 2 2 2 2 2 2 2 2 2 2 2 2 2 2 2 2 2 2 2
left_child=1 2 -1 10 5 -5 -3 16 -9 -8 11 12 13 -4 -15 -13 17 -6 20 -20 -14 -2 24 25 27 -24 -25 -23 29 -27
right_child=21 6 3 4 7 -7 9 8 -10 -11 -12 15 18 14 -16 -17 -18 -19 19 -21 -22 22 23 26 -26 28 -28 -29 -30 -31
leaf_value=-9.3448737095184167e-09 2.0807503295078972e-06 -9.3448737095184167e-09 1.2143917955153786e-06 -9.3448737095184167e-09 -5.6302710821370342e-05 -9.3448737095184167e-09 -9.3448737095184167e-09 -9.3448737095184167e-09 -2.4269066596368451e-07 -9.3448737095184167e-09 -8.8369526104043177e-06 -2.3287801104132256e-05 -4.4419508259656374e-08 -9.3170012107121004e-06 3.6679112141857336e-05 7.3307261278982507e-08 1.8935787959744234e-05 3.2572312187087843e-07 7.7683343006488238e-05 5.4060861779600677e-06 8.3044298737605499e-07 -7.9006670283096356e-05 -3.5486789446868539e-05 -0.00011792291262630873 0.00055748069120132302 -0.00089163483215328745 0.0021150691396541661 0.0040258373373544291 -0.00023505962132121112 -0.0016241034168574921
leaf_weight=2204 5621 2906 55 48 64 335 180 75 115 132 40 40 71 65 69 75 58 85 49 63 59 420 92 83 103 55 52 58 69 81
leaf_count=2204 5621 2906 55 48 64 335 180 75 115 132 40 40 71 65 69 75 58 85 49 63 59 420 92 83 103 55 52 58 69 81
internal_value=-0.021344 -0.0420091 -0.0356763 -0.0137527 -0.0263764 -0.0438802 -0.0490214 -0.00942211 -0.017801 -0.0399361 0.00306644 0.00457038 0.00729167 -0.00131579 -0.00666667 -0.00560345 -0.00168269 -0.00633333 0.0139918 0.0212389 0.00763359 -0.000195931 -0.00281065 -0.00854503 0.00146048 -0.0159396 0.00772059 -0.00208768 -0.0225728 -0.029927
internal_weight=13422 6788 3570 1366 780 383 3218 397 190 312 586 546 431 189 134 115 207 149 242 112 130 6634 1013 432 581 297 135 478 205 136
internal_count=13422 6788 3570 1366 780 383 3218 397 190 312 586 546 431 189 134 115 207 149 242 112 130 6634 1013 432 581 297 135 478 205 136
is_linear=0
shrinkage=0.05


Tree=202
num_leaves=31
num_cat=0
split_feature=0 5 5 5 10 5 5 5 0 1 10 0 10 10 0 7 7 0 4 1 10 8 1 6 7 11 1 11 4 10
split_gain=2280.52 116.853 89.6142 331.241 137.324 69.6085 46.7725 30.3113 24.4338 9.7999 9.29413 8.3116 7.81362 7.31629 7.09137 6.39245 6.38211 6.64805 7.07016 6.16507 5.59265 5.78066 5.43139 5.77791 4.78148 4.77276 4.7557 5.80643 4.55461 9.9157
threshold=1.0000000180025095e-35 18.500000000000004 17.500000000000004 3.5000000000000004 643.50000000000011 5.5000000000000009 16.500000000000004 17.500000000000004 40.451612903225815 0.14516129032258066 957.92500000000007 5.080645161290323 906.36250000000007 923.55624999999998 4.0967741935483879 0.14888728888808328 0.99981043035926087 1.145161290322581 0.032571677748647783 25.241935483870972 486.48750000000001 0.89115239534193136 17.758064516129036 0.89404822654372251 -0.27694043983797384 58.579032258064522 87.370967741935502 11.917741935483873 0.92760137847624147 843.58125000000007
decision_type=2 2 2 2 2 2 2 2 2 2 2 2 2 2 2 2 2 2 2 2 2 2 2 2 2 2 2 2 2 2
left_child=2 7 3 -1 5 -5 20 16 11 -10 12 -9 15 -11 -3 22 17 -2 -19 -14 -7 -22 24 -24 -6 28 27 -17 -20 -30
right_child=1 14 -4 4 10 6 -8 8 9 13 -12 -13 19 -15 -16 26 -18 18 25 -21 21 -23 23 -25 -26 -27 -28 -29 29 -31
leaf_value=-8.8776300240424955e-09 6.5119886300675563e-05 -8.8776300240424955e-09 -8.8776300240424955e-09 -8.8776300240424955e-09 4.5573883598733778e-06 -1.0223670210754821e-05 -8.8776300240424955e-09 -8.8776300240424955e-09 -3.8357599932626125e-05 4.4693015719115824e-06 2.6512442175193466e-05 -8.8776300240424955e-09 -6.0665153032275338e-06 -6.4104856974739598e-06 -8.8776300240424955e-09 -3.2296835709040697e-06 -0.00032876920690842304 -0.00051328092337598057 4.9406538275509342e-06 -4.2877156047528391e-05 3.746445662351834e-05 -8.3197377536746965e-05 1.6691604632513362e-06 2.1716160480058353e-05 -5.4285888203574747e-06 -0.0013287786348656462 2.151893737571531e-07 1.4121597322250478e-07 -8.1288895030751999e-07 8.1094736212585618e-06
leaf_weight=2229 106 40 2843 338 41 44 66 44 40 78 41 79 73 78 124 74 43 59 5958 51 94 41 91 46 55 45 89 50 361 69
leaf_count=2229 106 40 2843 338 41 44 66 44 40 78 41 79 73 78 124 74 43 59 5958 51 94 41 91 46 55 45 89 50 361 69
internal_value=-0.0214024 -0.00204912 -0.0434019 -0.0379235 -0.0166527 -0.0339897 -0.0136179 -0.00106307 -0.0160938 -0.00507614 -8.16993e-05 -0.0334677 -0.00175131 0.000636943 -0.0436364 0.00134228 -0.000338753 -0.000212153 -0.000415832 -0.0128 -0.000277778 0.00477941 0.00705128 0.0134058 -0.00206186 -0.00025645 -0.00490654 -0.0112 -0.000140867 -0.00510441
internal_weight=13390 7124 6266 3423 1194 583 245 6960 319 196 611 123 570 156 164 446 6641 6598 6492 124 179 135 233 137 96 6433 213 124 6388 430
internal_count=13390 7124 6266 3423 1194 583 245 6960 319 196 611 123 570 156 164 446 6641 6598 6492 124 179 135 233 137 96 6433 213 124 6388 430
is_linear=0
shrinkage=0.05


Tree=203
num_leaves=31
num_cat=0
split_feature=3 5 5 7 5 8 6 5 4 4 9 7 1 2 8 8 9 9 9 8 1 1 2 7 7 2 1 6 3 3
split_gain=2434.43 114.109 423.864 99.5819 74.6149 32.11 10.2765 10.3948 10.0495 8.03172 7.71948 5.83176 10.6001 8.6413 5.26981 4.91977 8.31913 8.62958 4.38442 8.00328 13.7749 8.4669 6.26073 5.06842 17.1432 11.5578 10.9254 10.5859 17.7119 7.2055
threshold=1.0000000180025095e-35 17.500000000000004 3.5000000000000004 0.59003219687534991 5.5000000000000009 -0.96688789938088693 0.39036257410962044 16.500000000000004 0.056651562568230139 0.056651562568230139 -0.10837475778693638 0.38043945030393422 30.887096774193552 968.59193548387111 0.91161058030431363 -0.92923668111203805 -0.79384213008979243 -0.95244002147885598 0.98334068794774554 0.019351116170480156 3.0483870967741939 47.370967741935495 969.79193548387104 0.96633974041180493 0.95436825032516992 964.39193548387118 93.919354838709694 -0.11692013674435776 0.33715670960978683 0.32829096629392379
decision_type=2 2 2 2 2 2 2 2 2 2 2 2 2 2 2 2 2 2 2 2 2 2 2 2 2 2 2 2 2 2
left_child=1 2 -1 11 5 -5 7 -6 -3 -9 -10 14 -13 -14 15 -4 17 -17 23 20 -20 -22 -21 24 -2 29 27 -27 -29 -25
right_child=18 8 3 4 6 -7 -8 9 10 -11 -12 12 13 -15 -16 16 -18 -19 19 22 21 -23 -24 25 -26 26 -28 28 -30 -31
leaf_value=-8.4337485228403713e-09 7.2775705139971336e-06 -8.4337485228403713e-09 -2.9774638595068874e-05 -8.4337485228403713e-09 -1.8589062276385391e-06 -8.4337485228403713e-09 2.1973985354680893e-07 -8.4337485228403713e-09 -8.4337485228403713e-09 -3.3467143627769328e-07 -8.4337485228403713e-09 -2.0346281650272181e-06 -1.0058938269445815e-06 4.2317812651482862e-07 -7.8090133298579263e-06 2.8077901443305036e-06 8.1285399358150836e-06 -2.9068293016966339e-06 -0.00011479081207626816 -6.6036781384803963e-05 0.00050707731417669604 -4.7676186504329638e-06 -0.0012232443753627754 4.4308943089129207e-05 -0.0015577946149402386 -0.00036148843266897159 0.0025719004050875323 -7.4737088544328187e-05 0.0034461434044812805 -0.0025725630296165648
leaf_weight=2239 5981 2881 40 51 153 295 99 74 188 49 134 41 45 59 42 115 174 129 76 95 41 40 45 66 78 40 55 52 42 43
leaf_count=2239 5981 2881 40 51 153 295 99 74 188 49 134 41 45 59 42 115 174 129 76 95 41 40 45 66 78 40 55 52 42 43
internal_value=-0.0211171 -0.0421354 -0.0360094 -0.0140454 -0.0268006 -0.0435159 -0.0113032 -0.0162455 -0.0490169 -0.0270161 -0.0402477 0.000232198 -0.00856164 0 0.00279441 0.0043573 0.00596659 0 0.000390684 -0.00553691 0.00221519 0.0164634 -0.0141844 0.000668449 0.000354785 0.00702341 0.0144737 0.00666667 0.0157895 -0.00590909
internal_weight=13462 6808 3605 1366 721 346 375 276 3203 123 322 645 145 104 500 458 418 244 6654 297 157 81 140 6357 6059 298 189 134 94 109
internal_count=13462 6808 3605 1366 721 346 375 276 3203 123 322 645 145 104 500 458 418 244 6654 297 157 81 140 6357 6059 298 189 134 94 109
is_linear=0
shrinkage=0.05


Tree=204
num_leaves=31
num_cat=0
split_feature=0 4 7 0 10 6 1 0 10 2 10 0 7 10 11 2 0 6 6 11 1 10 10 1 7 1 8 10 4 1
split_gain=2313.18 96.3197 56.9401 54.3829 8.56671 6.98648 6.17206 9.89801 4.99725 4.60161 4.45049 14.6662 8.15606 10.5939 13.4168 9.12356 8.32128 10.4797 6.59152 6.45759 7.05689 4.98319 17.8006 11.6304 11.3972 9.96337 5.77239 6.79127 9.0192 7.35956
threshold=1.0000000180025095e-35 1.2995021872570922 0.29958852271690523 48.306451612903231 635.31250000000011 -0.95754239937548935 43.854838709677423 5.080645161290323 906.10000000000002 978.75806451612914 489.18124999999992 395.40322580645164 0.95436825032516992 498.5499999999999 19.591935483870973 956.59193548387111 424.56451612903231 0.55656748448714433 0.99939377080793557 36.779032258064525 14.435483870967744 542.5062499999998 535.71874999999989 94.661290322580655 0.84199059757024453 68.887096774193566 -0.98523971305672675 696.87499999999977 0.72577375167846625 7.6290322580645169
decision_type=2 2 2 2 2 2 2 2 2 2 2 2 2 2 2 2 2 2 2 2 2 2 2 2 2 2 2 2 2 2
left_child=4 9 3 5 -1 -3 -4 -8 -5 10 11 19 15 14 -14 16 17 -12 21 20 -2 22 23 24 -17 -26 27 -23 -29 -30
right_child=1 2 6 8 -6 -7 7 -9 -10 -11 12 -13 13 -15 -16 18 -18 -19 -20 -21 -22 26 -24 -25 25 -27 -28 28 29 -31
leaf_value=-8.0120610966983537e-09 0.00073983113145024157 -8.0120610966983537e-09 -1.9170256409072412e-06 -7.7531146768340994e-06 -8.0120610966983537e-09 -8.0120610966983537e-09 -5.0025340660209516e-08 5.8895261477931568e-07 5.6005773718557595e-06 -0.00072573839371187785 -0.001719568742866673 0.0029618406028936646 0.00057803964226826778 -0.0015589302390563919 -0.00045293969299689264 -0.0013167660054804688 -0.0035454520749122645 2.56358274796073e-05 0.0032701212666881004 0.00042802265429354308 -8.1489763261088276e-05 0.00011127273267750316 0.00315536793876528 0.0010487012597373405 0.0013757661912699145 -0.0012136652780798494 6.1364500958459999e-06 -0.00069221049812379228 -0.00019646421147637047 0.00013455828129243369
leaf_weight=2235 41 41 69 46 4056 225 44 133 41 42 43 54 42 68 73 51 47 145 46 72 296 71 65 54 64 55 4867 172 41 74
leaf_count=2235 41 41 69 46 4056 225 44 133 41 42 43 54 42 68 73 51 47 145 46 72 296 71 65 54 64 55 4867 172 41 74
internal_value=-0.0213511 -0.00175067 -0.0209167 -0.0337571 -0.0434123 -0.0449438 -0.00242915 0.00252809 0.000568182 2.31339e-05 0.000131947 0.00484914 -0.000234153 -0.0105978 -0.0012931 9.4893e-05 -0.0095339 -0.0047619 0.000503507 0.00158537 -0.00133136 0.000344515 0.00672414 0 -0.00643275 0.00208333 -9.56755e-06 -0.00612813 -0.00954861 0.0012931
internal_weight=13373 7082 599 353 6291 266 246 177 87 6483 6441 463 5978 183 115 5795 235 188 5560 409 337 5514 289 224 170 119 5225 358 287 115
internal_count=13373 7082 599 353 6291 266 246 177 87 6483 6441 463 5978 183 115 5795 235 188 5560 409 337 5514 289 224 170 119 5225 358 287 115
is_linear=0
shrinkage=0.05


Tree=205
num_leaves=31
num_cat=0
split_feature=3 5 5 5 10 5 5 0 4 0 11 8 10 8 9 0 7 5 4 7 8 7 8 2 7 7 7 3 10 8
split_gain=2315.4 108.628 334.995 98.9451 110.69 117.03 16.0454 32.1553 13.0614 9.51603 6.16424 6.01998 5.83479 13.3281 11.1856 9.85099 9.71435 10.1808 12.9957 8.66807 9.45883 7.43496 7.39347 10.6497 11.0149 19.2023 14.6663 9.29789 23.009 17.1451
threshold=1.0000000180025095e-35 18.500000000000004 3.5000000000000004 17.500000000000004 650.16875000000016 5.5000000000000009 16.500000000000004 1.0000000180025095e-35 0.18959673628261223 4.0967741935483879 18.917741935483871 0.90892735371523092 944.05000000000007 -0.88622299073327826 0.79773375822167203 50.209677419354847 -0.52765736634565841 9.5000000000000018 0.7083148301749923 -0.90531874877253482 0.91593490216309192 -0.95998493203694346 0.18281681932135149 962.98870967741948 -0.98212955754013376 -0.93237865822738086 -0.89787881968372518 0.39814244836412027 487.63124999999997 0.94911049632748046
decision_type=2 2 2 2 2 2 2 2 2 2 2 2 2 2 2 2 2 2 2 2 2 2 2 2 2 2 2 2 2 2
left_child=1 2 -1 4 5 -4 10 -8 -5 -10 -7 -6 22 -14 15 -15 17 19 -19 -17 -21 -16 -2 -24 -25 -26 -27 -28 -29 -30
right_child=12 -3 3 8 11 6 7 -9 9 -11 -12 -13 13 14 21 16 -18 18 -20 20 -22 -23 23 24 25 26 27 28 29 -31
leaf_value=-7.6114580418634353e-09 -2.9756047379797894e-05 -7.6114580418634353e-09 -7.6114580418634353e-09 -7.6114580418634353e-09 2.8381704214749366e-07 3.5161501557066483e-06 -7.6114580418634353e-09 -1.1091972206725762e-07 -7.6114580418634353e-09 -7.6114580418634353e-09 -3.8614305880187249e-06 -7.1032807375341882e-06 0.00078745227758718621 0.00022839471647532057 6.0156178131542948e-05 -0.0010919144328848053 0.00044829813105429011 0.00049155634485155701 -3.8624368690474284e-05 9.4418912818661224e-05 -0.00038688879054857295 0.00062743510317357816 0.00015345894651861078 0.00114304677936167 -0.00069374818800324589 0.00068231889153827919 -6.0684707864556945e-05 0.004072645477090203 -0.00013240504049008006 0.00052448460668080008
leaf_weight=2235 3361 2747 326 238 591 138 63 111 43 100 65 47 107 48 54 42 86 75 294 52 77 48 653 43 97 51 603 46 659 236
leaf_count=2235 3361 2747 326 238 591 138 63 111 43 100 65 47 107 48 54 42 86 75 294 52 77 48 653 43 97 51 603 46 659 236
internal_value=-0.0212791 -0.0419985 -0.0366726 -0.0200813 -0.0136736 -0.0273438 -0.00833333 -0.0194286 -0.0425393 -0.0302083 0.00122549 0.00140845 -0.000331675 0.00345023 0.0011583 -0.00118519 -0.00287081 -0.00536044 -0.000675676 -0.015407 -0.00884615 0.0165049 -0.000913043 0.0012139 -0.000835253 -0.00147667 -0.000156642 -0.0010356 0.00207006 0.000279018
internal_weight=13336 6704 3957 1722 1341 703 377 174 381 143 203 638 6632 883 776 674 626 540 369 171 129 102 5749 2388 1735 1692 1595 1544 941 895
internal_count=13336 6704 3957 1722 1341 703 377 174 381 143 203 638 6632 883 776 674 626 540 369 171 129 102 5749 2388 1735 1692 1595 1544 941 895
is_linear=0
shrinkage=0.05


Tree=206
num_leaves=31
num_cat=0
split_feature=3 5 5 10 5 4 5 5 8 10 1 3 8 7 8 10 5 2 10 3 2 8 2 5 3 7 2 7 8 10
split_gain=2375.14 101.214 305.664 93.5195 80.9667 68.7948 25.6498 83.813 7.45024 6.76845 17.4848 13.9645 13.0062 11.9177 9.76364 9.34031 7.81839 14.1669 15.2649 7.45366 12.4241 7.37915 9.86628 7.27962 6.70371 6.30587 6.58234 5.25846 4.28436 4.1557
threshold=1.0000000180025095e-35 18.500000000000004 3.5000000000000004 635.31250000000011 17.500000000000004 0.056651562568230139 5.5000000000000009 16.500000000000004 0.61237135649459018 944.05000000000007 48.983870967741943 0.12307490891423363 -0.90163369914317015 -0.93845867424155849 0.99351232050787985 941.64375000000007 15.500000000000002 965.05322580645168 968.91250000000014 0.32576526418486607 964.27580645161299 0.86440767487108461 967.20483870967757 11.500000000000002 0.64960687879535828 0.95691861501572195 966.34032258064519 -0.013976481981245173 0.23746817830764474 934.13750000000016
decision_type=2 2 2 2 2 2 2 2 2 2 2 2 2 2 2 2 2 2 2 2 2 2 2 2 2 2 2 2 2 2
left_child=1 2 -1 5 -5 6 -4 25 27 15 11 -11 -13 23 16 29 17 -15 21 -12 -21 -19 -23 -14 -22 26 -8 -6 -7 -2
right_child=9 -3 3 4 8 28 7 -9 -10 10 19 12 13 14 -16 -17 -18 18 -20 20 24 22 -24 -25 -26 -27 -28 -29 -30 -31
leaf_value=-7.2308851397702633e-09 -8.6264560981858391e-06 -7.2308851397702633e-09 -7.2308851397702633e-09 -8.4055937366414652e-08 -7.2308851397702633e-09 9.892089736381771e-07 -5.3857719186659053e-06 -7.2308851397702633e-09 -7.2308851397702633e-09 7.2916917792514857e-05 -2.2451527810879745e-05 0.00088443455852165733 0.0002928447461038264 -0.0013824496691422217 0.00027948068874448232 -0.00050145271093202592 6.3611637506666432e-05 -0.0001977467533176125 -0.0008361149940740221 -2.9346806529736982e-05 0.0013996070211498375 0.00055128838313777968 -0.00024048672695319853 -4.384428786520234e-05 0.00098755477860184302 -1.1073151726316605e-05 0.00013015631446216928 -7.2308851397702633e-09 -2.6768709885889341e-07 5.950050658623252e-05
leaf_weight=2251 5248 2780 337 664 54 52 55 225 46 57 44 55 67 86 54 88 67 61 68 44 49 44 40 57 82 53 46 102 96 343
leaf_count=2251 5248 2780 337 664 54 52 55 225 46 57 44 55 67 86 54 88 67 61 68 44 49 44 40 57 82 53 46 102 96 343
internal_value=-0.0216018 -0.0423913 -0.0372551 -0.0214327 -0.00980392 -0.0330636 -0.03947 -0.0303947 -0.0374384 -0.000152555 0.00393836 -0.000152207 -0.00241667 -0.00477064 -0.0087886 -0.000783451 -0.0117166 -0.0151667 -0.00817757 0.0161364 0.0207386 0.0010274 0.0105882 0.0088 0.0284091 -0.00193548 0.00539216 -0.0426752 -0.00201342 -0.000527539
internal_weight=13315 6761 3981 1730 866 864 716 379 202 6554 875 656 599 544 420 5679 366 299 213 219 175 145 84 124 131 154 101 156 148 5591
internal_count=13315 6761 3981 1730 866 864 716 379 202 6554 875 656 599 544 420 5679 366 299 213 219 175 145 84 124 131 154 101 156 148 5591
is_linear=0
shrinkage=0.05


Tree=207
num_leaves=31
num_cat=0
split_feature=0 5 5 5 10 5 5 5 0 9 0 10 6 10 11 2 8 5 10 10 9 2 9 2 1 8 6 5 5 4
split_gain=2316.85 129.754 83.3507 308.655 147.572 58.2841 37.1319 23.7947 38.2191 8.60444 5.52804 5.28115 14.9163 4.92795 10.8861 7.56858 7.17991 4.36612 16.7953 10.6752 4.3894 4.32818 6.94184 5.38586 7.55664 8.11509 10.6485 10.5025 13.9955 12.657
threshold=1.0000000180025095e-35 18.500000000000004 17.500000000000004 3.5000000000000004 650.16875000000016 5.5000000000000009 16.500000000000004 17.500000000000004 53.016129032258071 -0.65234411079832233 2.8548387096774199 919.78125000000011 0.12545942051955489 897.08749999999998 8.3822580645161313 971.63387096774204 -0.51941337148263467 4.5000000000000009 780.50000000000011 780.50000000000011 -0.56547028338718019 977.40322580645181 0.89693010073300883 968.64032258064537 93.048387096774206 0.04621502027255215 0.59868201182722736 8.5000000000000018 11.500000000000002 0.8230677619849861
decision_type=2 2 2 2 2 2 2 2 2 2 2 2 2 2 2 2 2 2 2 2 2 2 2 2 2 2 2 2 2 2
left_child=2 7 3 -1 5 -5 -7 21 9 -9 -3 -10 -13 15 16 17 -15 19 -19 20 -6 23 -23 -2 25 26 -25 -27 -29 -30
right_child=1 10 -4 4 13 6 -8 8 11 -11 -12 12 -14 14 -16 -17 -18 18 -20 -21 -22 22 -24 24 -26 27 -28 28 29 -31
leaf_value=-6.8693408827817505e-09 -4.1030303018125842e-06 -6.8693408827817505e-09 -6.8693408827817505e-09 -6.8693408827817505e-09 -1.6984170278442204e-07 -5.7598925895363978e-06 -6.8693408827817505e-09 -6.8693408827817505e-09 5.5198426239235194e-06 -1.3924232193189158e-08 -6.8693408827817505e-09 1.930170515857487e-05 -8.8819312417234503e-05 8.0260205369613209e-05 -2.5210928574677963e-05 -2.3489050237366847e-06 -1.5807563497697806e-05 1.5528948203817508e-06 -6.7260226384948293e-05 3.2638848191335956e-06 1.4044857214064418e-06 0.00031061438184199213 -0.00050940217018457374 2.8121108489509958e-06 0.00034197774074655744 -0.000525235875512739 0.0002812039424746671 0.00062136517278118814 -0.0005171524183779447 3.1459990828681595e-06
leaf_weight=2244 4233 41 2864 347 67 176 68 102 80 45 132 49 47 40 75 50 55 113 68 81 54 48 42 920 287 159 299 210 182 145
leaf_count=2244 4233 41 2864 347 67 176 68 102 80 45 132 49 47 40 75 50 55 113 68 81 54 48 42 920 287 159 299 210 182 145
internal_value=-0.0216564 -0.00190117 -0.0436617 -0.0383833 -0.0178243 -0.0355574 -0.0167347 -0.000817638 -0.0140432 -0.0327703 -0.0445402 0.00169492 -0.00618557 -0.000413907 -0.00760234 0.00241935 0.00364583 0.00481771 -0.000824176 0.00985222 0.000409836 -0.000160895 -0.010989 -7.7688e-06 0.00199728 0.000861169 0.00331967 -0.00344333 -9.29368e-05 -0.00655488
internal_weight=13323 7021 6302 3438 1194 591 244 6848 323 147 173 176 96 603 170 433 95 383 181 202 121 6525 90 6435 2202 1915 1219 696 537 327
internal_count=13323 7021 6302 3438 1194 591 244 6848 323 147 173 176 96 603 170 433 95 383 181 202 121 6525 90 6435 2202 1915 1219 696 537 327
is_linear=0
shrinkage=0.05


Tree=208
num_leaves=31
num_cat=0
split_feature=0 5 5 5 10 5 0 5 4 10 8 7 8 6 11 4 10 4 6 7 7 2 7 7 7 6 0 11 6 11
split_gain=2256.78 127.84 85.2151 319.562 145.542 71.2442 60.0748 44.0634 23.0914 6.41487 12.6602 12.3643 11.837 10.7911 14.8287 13.2245 10.9153 10.558 15.0906 10.5487 12.7051 12.3827 12.1898 10.0121 10.598 9.94224 9.66834 10.7088 8.57891 7.94813
threshold=1.0000000180025095e-35 17.500000000000004 17.500000000000004 3.5000000000000004 650.16875000000016 5.5000000000000009 40.451612903225815 16.500000000000004 1.1306453971888388 913.31875000000002 0.61237135649459018 -0.64580103137750788 0.99865421017599998 0.55656748448714433 14.593548387096776 0.7083148301749923 771.95000000000005 0.53983767481470746 -0.23537230790205757 -0.56369940867848845 -0.5129677127369543 964.99838709677431 -0.46800559042974538 -0.42179730054635828 -0.39036009226888674 0.81428061195174062 624.59677419354841 12.179032258064519 -0.91597725483594616 11.917741935483873
decision_type=2 2 2 2 2 2 2 2 2 2 2 2 2 2 2 2 2 2 2 2 2 2 2 2 2 2 2 2 2 2
left_child=2 9 3 -1 5 -5 8 -7 -3 11 17 13 19 15 -15 26 -17 25 -19 21 -21 -13 -22 -24 -25 29 27 -2 -12 -11
right_child=1 6 -4 4 -6 7 -8 -9 -10 10 28 12 -14 14 -16 16 -18 18 -20 20 22 -23 23 24 -26 -27 -28 -29 -30 -31
leaf_value=-6.5258738386426633e-09 -0.00025689639124881205 -5.4130219392324205e-06 -6.5258738386426633e-09 -6.5258738386426633e-09 1.0495380911334376e-07 -4.3571620576823499e-07 -6.1089248185195811e-07 -6.5258738386426633e-09 -6.5258738386426633e-09 0.00016280413363709489 -0.00179172866974575 -9.6567572499917101e-05 0.00061906450978194139 -5.1225380753102887e-05 -0.0015774921986868612 -0.00024881231210542863 0.00011731623732433861 0.00023712004606966098 1.4854336366974808e-05 -0.00051944933929574672 0.00032026121116711105 0.00073899551650171704 -0.00084178449591727354 0.0012853304171395242 -2.6091787091953522e-06 -0.00029774092819090988 -0.0004807383390268677 0.00048958494430422145 -3.0513625680529679e-05 0.00062283706759360682
leaf_weight=2213 139 40 2827 355 599 173 187 67 268 140 50 50 55 64 69 99 159 49 735 72 60 76 60 40 4005 52 88 44 500 77
leaf_count=2213 139 40 2827 355 599 173 187 67 268 140 50 50 55 64 69 99 159 49 735 72 60 76 60 40 4005 52 88 44 500 77
internal_value=-0.0215388 -0.00242374 -0.0435445 -0.0381896 -0.0173222 -0.0348154 -0.0269153 -0.0136929 -0.0404531 -0.000605925 0.00215087 -0.00147609 -0.00052048 -0.00784314 -0.0205224 -0.00462264 0.0034749 0.00536053 0.00242038 -0.000813474 -0.00123879 0.0133858 -0.00087614 -0.00120555 -0.000902126 0.0138889 -0.0123162 -0.00570652 -0.00399274 0.018578
internal_weight=13412 7178 6234 3407 1194 595 495 240 308 6683 1603 5080 4418 662 133 529 258 1053 784 4363 4237 126 4165 4105 4045 269 271 183 550 217
internal_count=13412 7178 6234 3407 1194 595 495 240 308 6683 1603 5080 4418 662 133 529 258 1053 784 4363 4237 126 4165 4105 4045 269 271 183 550 217
is_linear=0
shrinkage=0.05


Tree=209
num_leaves=31
num_cat=0
split_feature=3 5 5 10 5 5 6 0 0 6 6 3 11 6 2 1 10 6 10 2 1 5 6 7 7 11 11 10 6 3
split_gain=2354.54 99.9419 375.301 92.8193 113.934 16.2233 30.8206 12.4156 26.9315 6.01937 4.98647 10.1378 7.40424 5.5535 5.12195 4.68205 4.72322 10.4673 7.67412 6.58922 6.36976 4.55026 10.494 6.99387 4.39721 4.38146 7.60872 10.4043 7.48498 6.83459
threshold=1.0000000180025095e-35 17.500000000000004 3.5000000000000004 650.16875000000016 5.5000000000000009 16.500000000000004 1.0000000180025095e-35 1.0000000180025095e-35 1.4354838709677422 -0.082689790342551819 -0.99630266176052629 0.3879301874177295 24.046774193548391 -0.99275805973510278 967.2467741935485 99.40322580645163 921.51250000000016 -0.20180236284700911 774.375 967.20483870967757 5.7580645161290329 4.5000000000000009 -0.90163369914317015 -0.17646730165275518 1.0000000180025095e-35 33.050000000000004 40.459677419354847 498.5499999999999 0.99939377080793557 0.22242036063891754
decision_type=2 2 2 2 2 2 2 2 2 2 2 2 2 2 2 2 2 2 2 2 2 2 2 2 2 2 2 2 2 2
left_child=1 2 -1 4 -4 9 -7 -3 -9 -6 11 -2 24 14 -12 16 18 -18 19 -5 -20 23 -23 -22 -13 28 27 -27 -15 -28
right_child=10 7 3 15 5 6 -8 8 -10 -11 13 12 -14 25 -16 -17 17 -19 20 -21 21 22 -24 -25 -26 26 29 -29 -30 -31
leaf_value=-6.1995801467105296e-09 7.4549334496289913e-05 -6.1995801467105296e-09 -6.1995801467105296e-09 1.8441977770153744e-06 2.7610153059749199e-06 -6.1995801467105296e-09 3.1151739163688131e-08 -1.0566355341248691e-06 -6.1995801467105296e-09 -6.3066369815785092e-06 8.7384984031325807e-06 -0.00092836979024601149 -0.001181003063612271 -7.5857163088700887e-06 0.001343712426493171 -3.1797663478689152e-06 -7.7052403829173745e-06 0.00014041495576605449 -8.4837421440794858e-06 -2.3514948975792117e-07 -5.9013156269331629e-06 7.2087032748180832e-07 -6.1951432063383081e-05 2.9409682875955651e-06 0.00033028885878725326 -0.0002084392990800179 -0.00040545713589753012 0.00052513478513939731 0.0022198779296348711 9.7420849808027576e-05
leaf_weight=2210 60 2835 340 119 92 76 87 45 273 102 40 40 40 5693 41 76 47 40 58 85 48 65 41 43 41 57 65 235 46 265
leaf_count=2210 60 2835 340 119 92 76 87 45 273 102 40 40 40 5693 41 76 47 40 58 85 48 65 41 43 41 57 65 235 46 265
internal_value=-0.0214828 -0.0424211 -0.0366147 -0.0154924 -0.0280086 -0.00824022 -0.0198171 -0.0489062 -0.039185 0.00153846 -0.000354771 -0.00851648 -0.0168033 -0.000124166 0.0128049 -0.00144462 0.000182815 0.0107955 -0.00184783 0.00536585 -0.00761719 -0.00328283 -0.0102804 0.0048913 -0.00792683 -0.000290789 0.00369181 0.00955631 -0.000722997 -0.00151057
internal_weight=13305 6682 3529 1319 697 357 163 3153 318 194 6623 181 121 6442 81 622 546 87 459 204 255 197 106 91 81 6361 622 292 5739 330
internal_count=13305 6682 3529 1319 697 357 163 3153 318 194 6623 181 121 6442 81 622 546 87 459 204 255 197 106 91 81 6361 622 292 5739 330
is_linear=0
shrinkage=0.05


Tree=210
num_leaves=31
num_cat=0
split_feature=3 5 5 5 7 5 6 4 2 5 6 2 7 1 9 2 2 1 6 4 0 0 4 3 3 2 4 11 4 2
split_gain=2316.4 99.5791 300.839 82.6606 83.7053 71.7349 24.5621 12.6443 8.80227 7.45673 27.3367 5.13619 5.80834 5.56793 5.0083 4.68872 3.89922 3.94506 5.82447 3.73975 9.59461 7.06872 6.82856 10.3994 9.22544 11.292 8.09656 7.87013 6.59919 5.32347
threshold=1.0000000180025095e-35 18.500000000000004 3.5000000000000004 17.500000000000004 0.51849435583340198 5.5000000000000009 -0.59869031648930193 0.092684032119365656 964.15000000000009 16.500000000000004 1.0000000180025095e-35 977.40322580645181 0.9989598388634241 6.3064516129032269 0.39629089145655322 964.6177419354841 959.08064516129036 80.048387096774206 -0.082689790342551819 0.064648028174445885 38.467741935483879 1.145161290322581 0.29038163295669822 0.54027477859100315 0.17475122533324391 959.26290322580655 0.331022795606495 11.479032258064519 0.31095090690163757 962.48870967741948
decision_type=2 2 2 2 2 2 2 2 2 2 2 2 2 2 2 2 2 2 2 2 2 2 2 2 2 2 2 2 2 2
left_child=1 2 -1 4 14 6 -6 -5 -9 16 -11 12 19 -13 -4 -12 -7 18 -18 21 -21 -2 23 24 -22 -26 27 -24 -29 -28
right_child=11 -3 3 7 5 9 -8 8 -10 10 15 13 -14 -15 -16 -17 17 -19 -20 20 22 -23 26 -25 25 -27 29 28 -30 -31
leaf_value=-5.8896011393750035e-09 5.4528152503612559e-05 -5.8896011393750035e-09 -3.3518625344355959e-07 -5.8896011393750035e-09 -5.8896011393750035e-09 2.5940735033708022e-06 -5.8896011393750035e-09 -5.8896011393750035e-09 -5.8896011393750035e-09 -5.8896011393750035e-09 -2.1392006797807152e-07 4.1747514102120648e-05 0.00017095730388557578 -0.00094423438470656181 4.4039105984425828e-05 3.5805053886120513e-07 3.7161792183095227e-06 -1.2257724279309967e-05 -1.2116086200868443e-05 7.7459451294432046e-05 0.00042312731090568962 -0.00023637330873413354 -4.6857369603849068e-05 0.00087735332230658581 0.00012661854149969011 -0.00061144533041621041 -8.7433707544060113e-05 0.00023105889862332085 0.0014687144076848014 -5.9168213202477229e-07
leaf_weight=2237 100 2812 494 229 75 41 292 53 77 87 41 41 60 50 66 54 65 64 50 308 47 167 62 68 103 290 861 45 51 4314
leaf_count=2237 100 2812 494 229 75 41 292 53 77 87 41 41 60 50 66 54 65 64 50 308 47 167 62 68 103 290 861 45 51 4314
internal_value=-0.0219015 -0.0424978 -0.0373281 -0.0213736 -0.0156015 -0.0262987 -0.0422554 -0.0426389 -0.029771 -0.0116625 -0.0191257 -0.000768879 -0.000602131 -0.0125 -0.000891266 -0.000520833 -0.00542986 -0.00861111 -0.00301724 -0.000748013 -0.000495935 -0.00652985 -0.000950017 -0.0064833 -0.00929705 -0.011802 -0.000421822 0.0106918 0.0195876 -0.000763138
internal_weight=13304 6737 3925 1688 1329 769 367 359 130 402 182 6567 6476 91 560 95 220 179 115 6416 6149 267 5841 508 440 393 5333 158 96 5175
internal_count=13304 6737 3925 1688 1329 769 367 359 130 402 182 6567 6476 91 560 95 220 179 115 6416 6149 267 5841 508 440 393 5333 158 96 5175
is_linear=0
shrinkage=0.05


end of trees

feature_importances:
hod=1167
cap95_solar=771
doy_c=633
se=614
doy_s=585
ghi=552
doy_s2=467
pres=372
cloud=354
clearness=327
v100m=241
doy_c2=232

parameters:
[boosting: gbdt]
[objective: regression_l1]
[metric: l1]
[tree_learner: serial]
[device_type: cpu]
[data_sample_strategy: bagging]
[data: ]
[valid: ]
[num_iterations: 211]
[learning_rate: 0.05]
[num_leaves: 31]
[num_threads: 80]
[seed: 0]
[deterministic: 0]
[force_col_wise: 0]
[force_row_wise: 0]
[histogram_pool_size: -1]
[max_depth: -1]
[min_data_in_leaf: 40]
[min_sum_hessian_in_leaf: 0.001]
[bagging_fraction: 0.8]
[pos_bagging_fraction: 1]
[neg_bagging_fraction: 1]
[bagging_freq: 1]
[bagging_seed: 3]
[bagging_by_query: 0]
[feature_fraction: 0.8]
[feature_fraction_bynode: 1]
[feature_fraction_seed: 2]
[extra_trees: 0]
[extra_seed: 6]
[early_stopping_round: 0]
[early_stopping_min_delta: 0]
[first_metric_only: 0]
[max_delta_step: 0]
[lambda_l1: 0]
[lambda_l2: 1]
[linear_lambda: 0]
[min_gain_to_split: 0]
[drop_rate: 0.1]
[max_drop: 50]
[skip_drop: 0.5]
[xgboost_dart_mode: 0]
[uniform_drop: 0]
[drop_seed: 4]
[top_rate: 0.2]
[other_rate: 0.1]
[min_data_per_group: 100]
[max_cat_threshold: 32]
[cat_l2: 10]
[cat_smooth: 10]
[max_cat_to_onehot: 4]
[top_k: 20]
[monotone_constraints: ]
[monotone_constraints_method: basic]
[monotone_penalty: 0]
[feature_contri: ]
[forcedsplits_filename: ]
[refit_decay_rate: 0.9]
[cegb_tradeoff: 1]
[cegb_penalty_split: 0]
[cegb_penalty_feature_lazy: ]
[cegb_penalty_feature_coupled: ]
[path_smooth: 0]
[interaction_constraints: ]
[verbosity: -1]
[saved_feature_importance_type: 0]
[use_quantized_grad: 0]
[num_grad_quant_bins: 4]
[quant_train_renew_leaf: 0]
[stochastic_rounding: 1]
[linear_tree: 0]
[max_bin: 255]
[max_bin_by_feature: ]
[min_data_in_bin: 3]
[bin_construct_sample_cnt: 200000]
[data_random_seed: 1]
[is_enable_sparse: 1]
[enable_bundle: 1]
[use_missing: 1]
[zero_as_missing: 0]
[feature_pre_filter: 1]
[pre_partition: 0]
[two_round: 0]
[header: 0]
[label_column: ]
[weight_column: ]
[group_column: ]
[ignore_column: ]
[categorical_feature: ]
[forcedbins_filename: ]
[precise_float_parser: 0]
[parser_config_file: ]
[objective_seed: 5]
[num_class: 1]
[is_unbalance: 0]
[scale_pos_weight: 1]
[sigmoid: 1]
[boost_from_average: 1]
[reg_sqrt: 0]
[alpha: 0.9]
[fair_c: 1]
[poisson_max_delta_step: 0.7]
[tweedie_variance_power: 1.5]
[lambdarank_truncation_level: 30]
[lambdarank_norm: 1]
[label_gain: ]
[lambdarank_position_bias_regularization: 0]
[eval_at: ]
[multi_error_top_k: 1]
[auc_mu_weights: ]
[num_machines: 1]
[local_listen_port: 12400]
[time_out: 120]
[machine_list_filename: ]
[machines: ]
[gpu_platform_id: -1]
[gpu_device_id: -1]
[gpu_device_id_list: ]
[gpu_use_dp: 0]
[num_gpu: 1]

end of parameters

pandas_categorical:[]
