tree
version=v4
num_class=1
num_tree_per_iteration=1
label_index=0
max_feature_idx=15
objective=regression_l1
feature_names=T Tma cdh hdh cdh2 hdh2 ghi hod dow is_hol doy_s doy_c doy_s2 doy_c2 ar1 ar7
feature_infos=[4.840343347639485:38.30300429184549] [8.0629291845493558:30.946226752503577] [0:17.30300429184549] [0:11.659656652360514] [0:29.939395752362344] [0:13.594759325093481] [0:997.69957081545056] [0:23] [0:6] none [-0.9999994220246925:0.99998555065071859] [-0.99997919295908233:0.9999907524084426] [-0.9999994220246925:0.99995318436087299] [-0.99999768809943823:0.99996300980480612] [3561:9923] [3561:9923]
tree_sizes=2568 2696 2764 2782 2775 2788 2773 2785 2805 2770 2801 2781 2768 2811 2790 2773 2779 2813 2788 2822 2805 2811 2806 2802 2832 2812 2814 2802 2824 2822 2812 2825 2828 2819 2823 2823 2824 2820 2820 2824 2835 2820 2832 2828 2809 2843 2818 2837 2829 2820 2839 2830 2841 2859 2846 2860 2863 2807 2839 2845 2838 2852 2837 2834 2861 2853 2844 2851 2851 2872 2864 2835 2825 2858 2828 2810 2845 2827 2839 2828 2843 2854 2850 2871 2858 2837 2851 2861 2838 2853 2840 2818 2856 2855 2851 2847 2849 2837 2827 2863 2854 2865 2839 2826 2853 2829 2844 2877 2822 2841 2850 2845 2844 2824 2872 2842 2855 2842 2853 2829 2813 2834 2838 2865 2841 2812 2826 2839 2864 2872 2846 2842 2851 2844 2839 2830 2838 2813 2817 2846 2828 2816 2847 2850 2825 2830 2854 2826 2834 2814 2853 2832 2849 2847 2828 2886 2839 2852 2834 2839 2826 2819 2863 2838 2808 2843 2830 2822 2795 2850 2833 2804 2845 2844 2820 2837 2844 2816 2821 2829 2843 2834 2828 2835 2812 2858 2847 2803 2833 2825 2798 2824 2830 2806 2811 2800 2831 2851 2825 2830 2831 2828 2849 2849 2799 2846 2829 2844 2797 2814 2850 2819 2817 2787 2834 2816 2804 2805 2797 2819 2859 2831 2799 2811 2811 2866 2802 2814 2819 2805 2831 2786 2844 2831 2829 2817 2812 2869 2845 2805 2816 2802 2826 2848 2851 2817 2803 2828 2826 2855 2788 2836 2840 2801 2847 2851 2843 2853 2808 2850 2845 2830 2862 2820 2827 2804 2798 2822 2843 2786 2854 2827 2795 2801 2823 2788 2822 2812 2817 2842 2817 2803 2809 2808 2783 2834 2824 2786 2817 2840 2830 2832 2801

Tree=0
num_leaves=31
num_cat=0
split_feature=15 14 8 14 8 14 8 14 12 14 14 15 8 11 15 10 7 7 14 15 15 7 3 11 0 14 13 15 14 12
split_gain=8340.04 448.023 384.199 242.674 285.162 65.7865 59.9943 62.0535 49.3236 47.2879 42.8371 41.0095 46.6111 35.7681 29.8762 34.7838 24.4959 23.6596 20.5257 17.9222 17.8446 17.1586 17.4675 17.1739 17.6083 13.9609 13.0829 12.4849 11.9848 9.46024
threshold=5954.5000000000009 5950.5000000000009 4.5000000000000009 6065.5000000000009 1.0000000180025095e-35 7286.5000000000009 4.5000000000000009 6921.5000000000009 0.87501852446360251 6050.5000000000009 4615.5000000000009 5719.5000000000009 1.0000000180025095e-35 0.77652048701313048 6622.5000000000009 0.90892735371523092 9.5000000000000018 17.500000000000004 5934.5000000000009 6328.5000000000009 6272.5000000000009 17.500000000000004 1.9268240343347653 0.14888728888808328 21.329184549356224 6232.5000000000009 -0.022576210847469604 6214.5000000000009 5698.5000000000009 0.99865421017599998
decision_type=10 10 2 10 2 10 2 10 2 10 10 8 2 2 10 2 2 2 8 10 10 2 2 2 2 10 2 10 10 2
left_child=1 11 9 4 10 13 29 21 14 -3 -2 -1 -13 17 15 18 -15 -4 28 -17 26 22 -8 24 -23 -19 -9 -12 -6 -5
right_child=3 2 5 6 8 -7 7 20 -10 -11 27 12 -14 16 -16 19 -18 25 -20 -21 -22 23 -24 -25 -26 -27 -28 -29 -30 -31
leaf_value=5952.2250000000004 6005.0749999999998 6004.9750000000004 5976.5 6054.625 6009.375 6013.625 5998.0249999999996 6007.3249999999998 5996.9750000000004 6020.9750000000004 6015.625 6004.7250000000004 5991.625 5983.4750000000004 6025.625 5993.125 6008.5249999999996 5989.4750000000004 6009.875 6001.625 6056.3500000000004 6004.0749999999998 6009.0249999999996 6020.6750000000002 6010.8249999999998 6002.9250000000002 6026.6750000000002 6039.1750000000002 6000.4250000000002 6051.4499999999998
leaf_weight=4512 61 79 472 4245 41 57 41 41 127 305 139 106 412 62 95 58 71 63 81 41 432 48 71 78 44 65 55 589 59 48
leaf_count=4512 61 79 472 4245 41 57 41 41 127 305 139 106 412 62 95 58 71 63 81 41 432 48 71 78 44 65 55 589 59 48
internal_value=6005.5 6005.46 6005.49 6005.54 6005.52 6005.47 6005.54 6005.53 6005.49 6005.53 6005.54 6005.45 6005.47 6005.46 6005.5 6005.49 6005.49 6005.46 6005.51 6005.47 6005.54 6005.51 6005.5 6005.52 6005.51 6005.48 6005.52 6005.54 6005.49 6005.55
internal_weight=12598 6204 1174 6394 1291 790 5103 810 502 384 789 5030 518 733 375 280 133 600 181 99 528 282 112 170 92 128 96 728 100 4293
internal_count=12598 6204 1174 6394 1291 790 5103 810 502 384 789 5030 518 733 375 280 133 600 181 99 528 282 112 170 92 128 96 728 100 4293
is_linear=0
shrinkage=1


Tree=1
num_leaves=31
num_cat=0
split_feature=15 14 8 14 8 14 14 15 8 14 8 15 14 14 8 8 12 10 15 10 1 0 14 1 15 12 14 14 8 12
split_gain=8091.62 491.707 369.35 254.572 202.671 73.8113 67.2049 59.7085 51.7241 49.0664 48.3972 46.019 39.5712 38.2221 33.5004 31.3613 29.4983 24.0212 22.1675 18.7434 16.236 20.8755 15.4512 14.4643 13.9237 19.5818 12.616 10.2726 13.3638 12.7932
threshold=5980.5000000000009 5962.5000000000009 4.5000000000000009 6195.5000000000009 1.0000000180025095e-35 5991.5000000000009 7444.5000000000009 5691.5000000000009 1.0000000180025095e-35 4658.5000000000009 5.5000000000000009 6202.5000000000009 6220.5000000000009 6138.5000000000009 4.5000000000000009 4.5000000000000009 0.90159200968320541 0.99053107487289871 5798.5000000000009 -0.30983472475487867 16.709790772532191 15.450214592274682 6890.5000000000009 22.370833333333334 6465.5000000000009 0.90623151893102627 5847.5000000000009 5667.5000000000009 1.5000000000000002 -0.33324245164869215
decision_type=10 10 2 10 2 10 10 8 2 10 2 10 10 10 2 2 2 2 8 2 2 2 10 2 10 2 10 10 2 2
left_child=1 7 13 4 9 16 10 -1 -9 -2 18 14 -12 -3 -5 20 17 27 -4 -16 21 -7 -20 -22 25 -11 -10 -6 -29 -30
right_child=3 2 6 11 5 15 -8 8 26 24 12 -13 -14 -15 19 -17 -18 -19 22 -21 23 -23 -24 -25 -26 -27 -28 28 29 -31
leaf_value=-51.061250000000022 0.19625000000000911 0.75124999999998188 -26.175000000000001 16.21875 7.9812500000000002 7.6687500000000002 17.59375 -1.5362500000000183 -14.78125 15.393750000000001 -18.10062499999999 49.168750000000003 8.5962500000000102 17.426249999999982 6.7662499999999914 -3.5224999999999911 -8.6487500000000193 -13.93125 -10.046250000000009 -1.1837499999999863 8.2874999999999996 -2.4437500000000001 2.1037499999999909 2.3687499999999999 40.016249999999992 1.46875 -5.2650000000000095 3.3924999999999956 -7.78125 -0.40625
leaf_weight=4477 75 118 460 206 84 73 46 133 391 250 86 4397 85 260 71 42 92 50 69 88 170 40 41 41 460 46 118 42 43 69
leaf_count=4477 75 118 460 206 84 73 46 133 391 250 86 4397 85 260 71 42 92 50 69 88 170 40 41 41 460 46 118 42 43 69
internal_value=-0.000146546 -0.04035 -0.0110206 0.0397082 0.022275 0.00334672 -0.0305203 -0.0470215 -0.0326594 0.0392428 -0.0341644 0.0454755 -0.0107558 0.0295515 0.0282787 0.019346 -0.0120735 -0.00415225 -0.0411559 0.0109375 0.0246154 0.00921053 -0.0207207 0.032783 0.0430647 0.0343434 -0.039902 0.00251046 -0.00516129 -0.0141593
internal_weight=12623 6284 1165 6339 1577 746 787 5119 642 831 741 4762 171 378 365 366 380 288 570 159 324 113 110 211 756 296 509 238 154 112
internal_count=12623 6284 1165 6339 1577 746 787 5119 642 831 741 4762 171 378 365 366 380 288 570 159 324 113 110 211 756 296 509 238 154 112
is_linear=0
shrinkage=0.05


Tree=2
num_leaves=31
num_cat=0
split_feature=15 15 15 7 10 13 15 8 12 13 12 10 7 8 7 2 10 1 12 3 10 1 8 1 0 11 7 1 12 1
split_gain=7993.52 373.868 232.666 86.0977 78.5572 62.849 52.3267 51.012 43.4105 45.9828 40.481 49.4171 32.5942 85.6911 134.312 31.3837 31.2776 27.5481 40.3391 24.3515 23.6508 22.5486 20.6074 19.2861 18.4727 21.2115 17.5922 17.0306 25.6037 18.2685
threshold=5980.5000000000009 5655.5000000000009 6261.5000000000009 6.5000000000000009 -0.861146256326485 0.7912140244565844 6735.5000000000009 4.5000000000000009 0.99049901459377832 -0.42180510190895731 0.98334239299093984 0.90892735371523092 6.5000000000000009 4.5000000000000009 21.500000000000004 4.2109442060085849 -0.68430824382591193 14.954336552217454 -0.16693488597178294 1.9268240343347653 0.074116354202380205 14.179309728183119 5.5000000000000009 12.128822424892705 19.942489270386272 0.04621408538533487 17.500000000000004 25.675706366237481 -0.35846811432664222 11.921982296137339
decision_type=10 8 10 2 2 2 10 2 2 2 2 2 2 2 2 2 2 2 2 2 2 2 2 2 2 2 2 2 2 2
left_child=1 12 4 23 -2 15 10 -7 9 24 11 22 -1 14 20 17 -12 18 -5 -13 -14 -9 -4 -3 25 -6 -24 28 -11 -30
right_child=2 3 6 5 8 7 -8 21 -10 27 16 19 13 -15 -16 -17 -18 -19 -20 -21 -22 -23 26 -25 -26 -27 -28 -29 29 -31
leaf_value=-51.008187500000034 9.7779375000000073 -3.3679999999999839 23.190937499999997 7.7311874999999874 10.150312499999997 15.860249999999974 60.160312500000011 18.462812499999995 -9.8355000000000032 7.5353125000000096 -7.0809374999999823 2.9103125000000092 -2.2863125000000308 -38.033187500000032 -24.858187500000032 1.9578125000000002 10.224125000000004 -7.8421875000000005 -9.4864062499999822 19.897812499999986 17.329937499999961 -17.189843750000001 -2.009687499999973 -17.432187500000008 -8.3421874999999996 -4.2323437499999956 25.807812500000001 27.903437499999995 16.634062500000006 -1.0296249999999874
leaf_weight=3245 271 73 1416 59 94 120 3395 44 52 249 57 177 75 1328 237 119 54 510 90 116 99 50 45 228 61 52 41 54 58 158
leaf_count=3245 271 73 1416 59 94 120 3395 44 52 249 57 177 75 1328 237 119 54 510 90 116 99 50 45 228 61 52 41 54 58 158
internal_value=-0.000154419 -0.0401641 0.0393954 -0.0161901 0.0178571 -0.00906344 0.0436533 0.0148837 0.0097561 0.0129298 0.0369691 0.0387806 -0.0463791 -0.0407759 -0.0207524 -0.0156611 0.00758929 -0.0199242 -0.001 0.019898 0.0125714 -0.0126316 0.0424484 -0.0395695 -0.00697115 0.00272109 0.0183908 0.0208654 0.0177039 0.00506912
internal_weight=12627 6277 6350 1293 1049 992 5301 214 778 726 1906 1795 4984 1739 411 778 111 659 149 293 174 94 1502 301 207 146 86 519 465 216
internal_count=12627 6277 6350 1293 1049 992 5301 214 778 726 1906 1795 4984 1739 411 778 111 659 149 293 174 94 1502 301 207 146 86 519 465 216
is_linear=0
shrinkage=0.05


Tree=3
num_leaves=31
num_cat=0
split_feature=15 15 15 10 7 15 8 1 12 1 12 7 12 11 15 10 0 12 10 11 7 1 11 10 12 15 11 12 1 11
split_gain=7780.57 311.098 275.894 96.6617 66.0947 61.6024 56.8564 41.6709 49.5166 50.8287 39.516 55.7877 31.7378 30.4246 28.698 32.2364 32.3118 30.4049 29.1683 26.8089 40.9928 26.0435 25.3641 20.334 19.6221 22.4455 15.8394 15.0687 20.0463 14.8922
threshold=5954.5000000000009 5748.5000000000009 6384.5000000000009 -0.8781231054254196 6.5000000000000009 5412.5000000000009 4.5000000000000009 25.556053290414884 -0.77245553105869302 12.165683118741059 -0.91597725483594616 21.500000000000004 0.85223490906209554 -0.93237865822738086 6845.5000000000009 0.81428061195174062 20.861587982832621 0.98519415784776321 -0.68430824382591193 0.94066717844141279 6.5000000000000009 11.757908619456368 0.53312596302726967 0.8697513045430848 0.99351232050787985 6168.5000000000009 0.71952396275653763 0.20391355282604834 14.997773605150213 0.99349222267034787
decision_type=10 8 10 2 2 10 2 2 2 2 2 2 2 2 10 2 2 2 2 2 2 2 2 2 2 10 2 2 2 2
left_child=1 5 3 -2 21 -1 10 8 22 -10 -6 12 23 -11 15 17 -17 -4 -19 -7 -21 -3 -5 -12 25 -15 -8 28 -27 -16
right_child=2 4 14 7 6 19 26 -9 9 13 11 -13 -14 24 29 16 -18 18 -20 20 -22 -23 -24 -25 -26 27 -28 -29 -30 -31
leaf_value=-47.304840624999997 10.712340625000003 -1.4616937499999723 25.981390625000017 4.0810468749999931 -6.3442031250000133 -15.811184375000018 -9.3241406249999734 25.650765625000034 18.471562500000005 8.7620156250000036 13.311924999999974 -9.0601999999999858 -1.5437968749999982 -3.061148437499992 62.642359375000005 13.477296875000002 -4.9377031250000076 -2.4122656250000092 16.699106250000025 -15.80777812500005 12.614206250000008 -17.820578125000022 17.972296874999984 6.5823593749999878 -6.6995374999999973 13.099031250000008 -0.58049218749997633 5.2166390625000076 -5.2814531249999845 52.688859374999993
leaf_weight=4202 412 46 1300 201 73 946 191 113 182 97 136 78 52 256 2840 310 43 51 49 69 56 156 125 68 56 50 59 98 68 188
leaf_count=4202 412 46 1300 201 73 946 191 113 182 97 136 78 52 256 2840 310 43 51 49 69 56 156 125 68 56 50 59 98 68 188
internal_value=-0.000115336 -0.0404207 0.0382686 0.0206751 -0.0125 -0.0449659 -0.00478723 0.0137129 0.0108025 0.00414604 0.0067402 0.0140299 0.0252918 -0.00263578 0.0443643 0.0391961 0.025565 0.0426124 0.0158416 -0.0341884 -0.0123016 -0.0374384 0.0272171 0.0341463 -0.0073724 -0.00401691 -0.023506 0.0078341 -0.00420168 0.0473424
internal_weight=12571 6132 6439 1658 859 5273 657 1246 1133 807 407 334 256 625 4781 1753 353 1400 100 1071 125 202 326 204 528 472 250 216 118 3028
internal_count=12571 6132 6439 1658 859 5273 657 1246 1133 807 407 334 256 625 4781 1753 353 1400 100 1071 125 202 326 204 528 472 250 216 118 3028
is_linear=0
shrinkage=0.05


Tree=4
num_leaves=31
num_cat=0
split_feature=15 15 15 10 6 7 8 7 8 15 6 11 12 12 11 10 10 11 12 12 0 8 11 10 15 10 12 0 11 0
split_gain=7479.05 327.621 266.441 103.22 67.9312 67.4059 107.449 150.668 56.9695 54.9004 54.636 66.0314 51.4684 48.1313 40.8647 33.3798 31.8417 27.7341 26.0732 25.7058 25.6363 29.2781 23.4508 47.8596 21.2261 18.1808 21.9059 17.423 17.2877 17.0573
threshold=5954.5000000000009 5748.5000000000009 6451.5000000000009 -0.8781231054254196 24.540772532188843 6.5000000000000009 4.5000000000000009 21.500000000000004 4.5000000000000009 6157.5000000000009 604.24678111587991 -0.73284120334876357 0.99049901459377832 -0.92923668111203805 0.11478523713130605 0.62587949062545845 0.99552231814189451 0.3484035575467645 0.85223490906209554 0.13612025994847315 19.686051502145926 3.5000000000000004 0.99349222267034787 -0.082689790342551819 5544.5000000000009 0.091259403071267925 -0.48314718476766422 15.627253218884123 0.69521084835931835 25.668240343347641
decision_type=10 8 10 2 2 2 2 2 2 10 2 2 2 2 2 2 2 2 2 2 2 2 2 2 10 2 2 2 2 2
left_child=1 5 3 -2 17 -1 7 25 13 15 22 -12 16 -6 -13 19 -11 -3 -15 -5 21 -17 -4 -24 -8 -7 -27 -26 -10 -21
right_child=2 4 10 9 8 6 24 -9 28 12 11 14 -14 18 -16 20 -18 -19 -20 29 -22 -23 23 -25 27 26 -28 -29 -30 -31
leaf_value=-45.792536093750051 11.37986109374997 -12.385621093749979 47.827461718750016 8.7682445312500032 -7.5828679687499978 -1.5536439062499996 -35.92558296875 -19.362377500000026 -10.639792968749999 12.107963281250022 20.392164921875022 -4.8298210937499793 -4.1283950000000003 9.8819537500000028 17.920178906250023 6.3874945312500131 -3.5598300781249921 -2.4173013671875196 -0.96701328125000152 -2.0672113281249724 -8.5380679687499885 -9.2349542968749798 -15.353396093750007 58.716758593750029 -10.511898203124975 0.79055765624998464 33.23070648437497 -16.684831406249941 7.2355496093750169 4.0237892578125409
leaf_weight=3343 507 221 3846 183 45 99 1162 298 146 743 204 105 66 207 64 73 52 162 59 118 56 70 57 170 68 47 70 159 42 48
leaf_count=3343 507 221 3846 183 45 99 1162 298 146 743 204 105 66 207 64 73 52 162 59 118 56 70 57 170 68 47 70 159 42 48
internal_value=-0.000456329 -0.039876 0.0375138 0.0219092 -0.0116648 -0.044616 -0.0370536 -0.0174757 0.0005 0.0149291 0.0442321 0.0258021 0.0227958 0.0136218 0.00264706 0.00255009 0.0263191 -0.027474 0.0217228 0.0118571 -0.01375 -0.00243056 0.0459131 0.0300439 -0.0442806 0.0142857 0.0275424 -0.0300439 -0.021164 -0.00239521
internal_weight=12490 6128 6362 1916 882 5246 1903 514 499 1409 4446 373 861 311 169 548 795 383 266 349 199 143 4073 227 1389 216 117 227 188 166
internal_count=12490 6128 6362 1916 882 5246 1903 514 499 1409 4446 373 861 311 169 548 795 383 266 349 199 143 4073 227 1389 216 117 227 188 166
is_linear=0
shrinkage=0.05


Tree=5
num_leaves=31
num_cat=0
split_feature=15 14 8 14 8 14 8 14 14 14 8 14 15 8 12 8 14 10 14 15 1 8 12 1 10 1 15 10 13 14
split_gain=7285.9 515.003 354.364 315.287 170.596 128.989 67.9272 66.6878 63.1647 58.8173 42.8474 41.3007 36.0464 36.1274 33.6105 31.3183 38.2008 26.2689 23.4983 19.8933 19.5676 18.9882 18.5041 23.046 17.6435 16.6478 16.3043 22.3373 15.5118 14.5439
threshold=5966.5000000000009 5847.5000000000009 4.5000000000000009 6296.5000000000009 1.0000000180025095e-35 6020.5000000000009 4.5000000000000009 6050.5000000000009 6725.5000000000009 7010.5000000000009 4.5000000000000009 5017.5000000000009 5562.5000000000009 1.0000000180025095e-35 0.89115239534193136 5.5000000000000009 6081.5000000000009 -0.77245553105869302 7444.5000000000009 5825.5000000000009 13.215741237482119 5.5000000000000009 0.40024370752619226 19.607144134477828 0.94138322595482449 13.676886623748214 6575.5000000000009 0.70290292807158605 0.51849435583340198 6750.5000000000009
decision_type=10 10 2 10 2 10 2 10 10 10 2 10 8 2 2 2 10 2 10 8 2 2 2 2 2 2 10 2 2 10
left_child=1 12 7 4 11 14 -5 -3 15 21 17 24 -1 28 22 25 -17 -7 19 -10 -18 29 23 -6 -2 -4 27 -11 -14 -8
right_child=3 2 8 6 5 10 9 -9 18 26 -12 -13 13 -15 -16 16 20 -19 -20 -21 -22 -23 -24 -25 -26 -27 -28 -29 -30 -31
leaf_value=-43.552909289062569 7.5806956601562892 -0.14910628124998768 -15.218456027343747 42.284537460937486 -7.4441965624999966 7.2772617890624822 -4.3436511132812257 14.607204207031215 -9.1419595273437153 15.619852617187531 -2.7034935781250171 28.658930820312527 -7.2270220625000094 -11.846091070312514 -9.2831408750000275 -17.413863976562492 -9.9863032929687066 4.3820878476562939 15.443204316406264 3.3201185546874967 5.6723733828125207 9.8449667187499941 3.9848658398437693 3.4789088671874655 -3.1549514648437711 -23.928064937499972 49.042555820312515 -1.2329395312499856 2.0485813359375245 3.0943055390624981
leaf_weight=4181 215 175 43 3736 182 196 58 304 116 138 80 587 119 580 107 122 68 351 43 55 42 146 68 64 59 434 309 40 43 53
leaf_count=4181 215 175 43 3736 182 196 58 304 116 138 80 587 119 580 107 122 68 351 43 55 42 146 68 64 59 434 309 40 43 53
internal_value=-0.000967361 -0.0390057 -0.0122594 0.0366901 0.0196597 0.00610105 0.0439411 0.0226042 -0.0303571 0.0300671 0.0204618 0.0361369 -0.0466186 -0.0363392 -0.0152844 -0.0375352 -0.0223176 0.0254562 -0.00651163 -0.0148256 -0.000900901 0.0106589 -0.00698413 -0.0133603 0.02 -0.0448745 0.0402664 0.027933 -0.0153374 -0.00491071
internal_weight=12714 6325 1402 6389 1909 1048 4480 479 923 744 627 861 4923 742 421 709 232 547 214 171 110 257 314 246 274 477 487 178 162 111
internal_count=12714 6325 1402 6389 1909 1048 4480 479 923 744 627 861 4923 742 421 709 232 547 214 171 110 257 314 246 274 477 487 178 162 111
is_linear=0
shrinkage=0.05


Tree=6
num_leaves=31
num_cat=0
split_feature=15 14 14 8 8 14 14 8 6 14 6 15 8 1 14 15 6 8 14 1 15 13 6 15 10 6 10 13 10 1
split_gain=6946.07 502.424 338.059 332.135 201.807 75.8662 71.088 60.4376 67.3072 56.775 49.6269 47.5978 38.7804 37.3674 36.3324 28.4386 26.7029 25.7703 40.0912 22.5392 21.8713 21.3851 36.4324 19.7026 18.2463 15.7686 15.6651 15.3507 53.9748 14.6831
threshold=5966.5000000000009 5832.5000000000009 6296.5000000000009 4.5000000000000009 1.5000000000000002 6065.5000000000009 6125.5000000000009 4.5000000000000009 196.17381974248931 6788.5000000000009 518.24463519313315 5445.5000000000009 1.0000000180025095e-35 19.793012339055796 7132.0000000000009 6636.5000000000009 16.836909871244639 5.5000000000000009 6081.5000000000009 18.391586194563665 6144.5000000000009 0.24998039114150908 59.227467811158803 6144.5000000000009 0.40614137006726808 479.75965665236055 0.10837544681456425 -0.52765736634565841 -0.65882179392489248 15.241496781115879
decision_type=10 10 10 2 2 10 10 2 2 10 2 8 2 2 10 10 2 2 10 2 10 2 2 10 2 2 2 2 2 2
left_child=1 11 4 5 10 -3 15 25 20 17 23 -1 16 29 -10 21 -13 -5 -19 -8 -9 -6 -23 -2 -20 -4 -17 -15 -29 -12
right_child=2 3 7 9 6 -7 19 8 14 -11 13 12 -14 27 -16 26 -18 18 24 -21 -22 22 -24 -25 -26 -27 -28 28 -30 -31
leaf_value=-42.375263824609419 3.7976089980468259 -0.161207303125002 47.330337541015638 -21.203038604687507 -6.5198017734375071 13.776843996679668 0.3804473849609622 3.1642359538085887 -4.925825406249988 -2.1339418595702684 3.6335540513672187 -11.081144963281304 -12.514295477734414 8.5470049496093452 8.9831521738281026 -6.2085806814453015 0.22054887070312362 -15.733863004296882 2.2196753347656797 4.4464599183594151 31.745367756835961 -4.8843710046875009 6.1379774863281007 22.509032716796856 -10.776510992578096 18.100461367187517 26.814125028320316 -3.6781159525390197 13.816515117285167 -3.2509194158203174
leaf_weight=3885 82 205 3118 486 226 286 152 62 85 169 40 102 753 73 115 45 97 130 81 185 494 55 41 733 40 580 45 44 106 68
leaf_count=3885 82 205 3118 486 226 286 152 62 85 169 40 102 753 73 115 45 97 130 81 185 494 55 41 733 40 580 45 44 106 68
internal_value=-0.000989352 -0.0384763 0.0358189 -0.0120529 0.0181171 0.0210366 -0.00206667 0.0433446 0.0303831 -0.029989 0.031299 -0.0461038 -0.0359916 0.0149096 0.00547264 -0.0159806 -0.01625 -0.0359756 -0.0228175 0.0149408 0.0393178 -0.0229102 -0.00309278 0.0379289 -0.00204918 0.0459854 0.00879121 0.0265625 0.0172185 -0.00917431
internal_weight=12583 6234 6349 1397 1895 491 749 4454 756 906 1146 4837 952 331 200 412 199 737 251 337 556 322 96 815 121 3698 90 223 150 108
internal_count=12583 6234 6349 1397 1895 491 749 4454 756 906 1146 4837 952 331 200 412 199 737 251 337 556 322 96 815 121 3698 90 223 150 108
is_linear=0
shrinkage=0.05


Tree=7
num_leaves=31
num_cat=0
split_feature=15 14 14 8 8 14 14 6 14 8 6 13 15 8 11 8 15 6 14 15 11 15 15 12 10 8 14 6 10 10
split_gain=6822.59 476.802 336.995 335.638 158.239 83.7339 65.6292 61.1822 57.4107 49.5914 70.1226 51.0411 48.2798 46.7125 45.1558 36.525 31.0272 27.9436 27.4811 27.3637 31.9582 25.4657 21.2305 28.6982 26.586 20.2424 31.6531 18.5663 17.8737 16.9021
threshold=5966.5000000000009 5832.5000000000009 6385.5000000000009 4.5000000000000009 1.5000000000000002 6081.5000000000009 6065.5000000000009 706.72532188841205 7051.5000000000009 4.5000000000000009 166.83905579399143 -0.06339081865169055 5461.5000000000009 4.5000000000000009 -0.75581183015052977 1.0000000180025095e-35 5869.5000000000009 16.836909871244639 7132.0000000000009 6735.5000000000009 -0.86548532668110156 6272.5000000000009 6439.5000000000009 0.85223490906209554 -0.21861968191509915 5.5000000000000009 6081.5000000000009 59.227467811158803 0.57077594689671507 -0.79384350655589164
decision_type=10 10 10 2 2 10 10 2 10 2 2 2 8 2 2 2 10 2 10 10 2 10 10 2 2 2 10 2 2 2
left_child=1 12 4 6 7 19 28 22 16 -4 21 -12 -1 29 -9 17 25 -14 -13 20 -6 -11 23 24 -2 -5 -27 -15 -3 -7
right_child=2 3 9 8 5 13 -8 14 -10 10 11 18 15 27 -16 -17 -18 -19 -20 -21 -22 -23 -24 -25 -26 26 -28 -29 -30 -31
leaf_value=-40.106500633378943 10.999007362206976 1.7482035151562287 41.04806207021484 -19.858855674453139 4.1364223620117633 6.1019592889648271 13.167974941376952 11.781305391694332 2.9360428115332073 4.3316885853589158 -5.6067768087890277 -1.1671528398437432 -11.769628719023467 0.82978556960208616 -3.2004249535449163 -12.048293265957023 -1.8837349400195309 0.23256899943357895 14.807794639355485 12.320561120820299 -6.4878021805468506 35.568918235205118 27.270879700585944 -0.82854537209959744 4.0270403389648441 -15.813996377519516 -3.0902605943164421 -13.309122879003894 -2.9276561098437472 3.5302463359325884
leaf_weight=3921 231 134 3519 516 43 179 293 84 97 92 52 54 95 62 102 718 85 98 96 68 268 416 608 55 149 105 99 42 73 306
leaf_count=3921 231 134 3519 516 43 179 293 84 97 92 52 54 95 62 102 718 85 98 96 68 268 416 608 55 149 105 99 42 73 306
internal_value=-0.000892505 -0.0381556 0.0352575 -0.0124733 0.0193585 0.00423117 0.0203593 0.0312602 -0.0306755 0.0435106 0.0313643 0.00640394 -0.0456031 0.0160169 0.00481283 -0.0351425 -0.0350496 -0.0157216 0.0211921 -0.0140789 -0.0203526 0.0412574 0.0359674 0.0274083 0.0322835 -0.0384189 -0.024878 -0.0142857 -0.00120192 0.0225309
internal_weight=12660 6234 6426 1402 2197 968 500 1229 902 4229 710 202 4832 589 186 911 805 193 150 379 311 508 1043 435 380 720 204 104 207 485
internal_count=12660 6234 6426 1402 2197 968 500 1229 902 4229 710 202 4832 589 186 911 805 193 150 379 311 508 1043 435 380 720 204 104 207 485
is_linear=0
shrinkage=0.05


Tree=8
num_leaves=31
num_cat=0
split_feature=14 6 14 14 11 6 2 13 6 14 10 13 14 12 14 12 6 14 14 14 10 1 6 14 1 1 11 12 0 12
split_gain=5232.56 628.734 334.733 192.269 129.019 43.2465 44.6906 34.3544 42.3081 32.4449 37.2202 29.1466 28.8361 25.4512 23.0002 22.8522 22.0092 25.2031 21.1833 24.4752 23.2406 20.9989 20.062 18.5748 18.2042 17.569 17.14 13.2757 13.0305 12.9802
threshold=6081.5000000000009 1.0000000180025095e-35 6737.5000000000009 5572.5000000000009 0.080547328232315238 452.63090128755368 4.9036480686695265 0.51849435583340198 723.20171673819743 5191.5000000000009 -0.69057362043749781 -0.10837475778693638 5667.5000000000009 -0.78326178756187226 5755.5000000000009 0.88119114410046628 31.980686695278973 5017.5000000000009 5768.5000000000009 5094.5000000000009 -0.88622299073327826 15.686628218884122 380.12017167381975 6431.5000000000009 13.341894670958515 19.662477646638056 0.95178258287705175 0.76558307451930629 21.329184549356224 0.98901264295277169
decision_type=10 2 10 10 2 2 2 2 2 10 2 2 10 2 10 2 2 8 10 10 2 2 2 10 2 2 2 2 2 2
left_child=1 3 5 -1 7 13 -7 8 11 -6 -11 18 -12 -2 -5 -8 -9 -18 19 20 -3 -22 -4 26 -16 -10 -15 -25 -26 -27
right_child=2 4 22 14 9 6 15 16 25 10 12 -13 -14 23 24 -17 17 -19 -20 -21 21 -23 -24 27 28 29 -28 -29 -30 -31
leaf_value=-36.401175601709973 12.477176154204109 6.0870546007275159 48.79565896670411 -7.8573530796122668 13.152968752104471 0.26152672135449395 11.189313798051741 -12.807158110862339 -11.193088850982168 -17.713914856174778 31.78698865842771 -14.723182832764634 0.86239805194284147 4.7816078023810631 0.13067386753268692 0.96132558945337232 8.5111809867135211 -7.9122249648935394 1.0286561215273196 -22.168273257959939 4.0027634607900842 -12.672452355058613 25.760151925737318 10.207200153863528 -5.978411754935042 -4.6314027202372925 -3.5933191535949618 14.120092419829099 0.42800570267968396 -15.892956070459924
leaf_weight=3615 361 47 2821 355 125 520 230 63 200 145 138 202 198 650 160 98 72 227 199 236 55 83 592 518 212 189 102 166 44 56
leaf_count=3615 361 47 2821 355 125 520 230 63 200 145 138 202 198 650 160 98 72 227 199 236 55 83 592 518 212 189 102 166 44 56
internal_value=-0.000997634 -0.03172 0.0325796 -0.0427171 -0.0101297 0.0192177 0.00989399 -0.017454 -0.0213328 0.00955519 0.00363071 -0.0145808 0.0127596 0.0236096 -0.020013 0.0243161 -0.00385675 0.00183333 -0.00917874 -0.0155213 -0.00188172 -0.0122302 0.0429262 0.0205985 -0.0119904 -0.0337444 0.0151394 0.0265693 -0.0202335 -0.0245935
internal_weight=12679 6621 6058 4386 2235 2645 848 1629 1267 606 481 822 336 1797 771 328 362 299 620 421 185 138 3413 1436 416 445 752 684 256 245
internal_count=12679 6621 6058 4386 2235 2645 848 1629 1267 606 481 822 336 1797 771 328 362 299 620 421 185 138 3413 1436 416 445 752 684 256 245
is_linear=0
shrinkage=0.05


Tree=9
num_leaves=31
num_cat=0
split_feature=15 14 14 10 15 15 14 13 12 6 13 15 15 10 10 10 0 12 2 14 14 15 0 0 6 5 6 0 7 7
split_gain=6409.31 397.061 367.737 103.045 108.878 59.4951 56.891 55.464 49.4362 49.0222 53.8461 46.636 38.8223 36.4521 35.7312 35.0986 32.8883 26.711 24.2023 23.7551 20.0531 24.4424 18.0595 17.4032 17.2664 16.7962 16.7277 16.704 16.6999 16.5346
threshold=5954.5000000000009 5741.5000000000009 6539.5000000000009 -0.8781231054254196 6261.5000000000009 6426.5000000000009 5950.5000000000009 0.93771382312378282 -0.19337636264337835 604.24678111587991 0.1318557721318592 5528.5000000000009 5296.5000000000009 -0.01397611846945947 0.98802474685579866 0.40614137006726808 24.511587982832623 -0.57078386445773377 7.4270386266094421 5667.5000000000009 5976.5000000000009 5825.5000000000009 15.510944206008586 29.76008583690987 22.628755364806867 5.9859776013557093 469.70171673819749 20.545493562231762 9.5000000000000018 8.5000000000000018
decision_type=8 10 10 2 10 10 10 2 2 2 2 10 10 2 2 2 2 2 2 10 10 10 2 2 2 2 2 2 2 2
left_child=1 12 3 -2 6 15 8 11 19 -6 27 14 -1 -9 -3 -4 17 26 20 -5 -13 22 28 -12 25 -14 -8 -11 -22 -19
right_child=2 7 5 4 9 -7 16 13 -10 10 23 18 24 -15 -16 -17 -18 29 -20 -21 21 -23 -24 -25 -26 -27 -28 -29 -30 -31
leaf_value=-38.531116821624487 8.0692750306266134 -19.616647820548181 16.380764234151911 6.2969968396069591 12.672445095992771 42.205876018368919 4.2775680159402327 -8.6029716909552914 -9.2699845681137045 0.24079409605642468 2.687567293448069 -4.3998325842254422 -12.83945297519058 11.180080484874271 7.6675065856085443 2.8678539631980131 10.254017474087641 2.7842112541096871 4.5990234864470949 -5.5886853363141205 -10.633425642219528 1.1254057297731379 -9.0006356296343935 25.313469341936344 -10.850709224682488 -6.7875194854086658 -0.01757334954097587 -5.9168215045605628 9.3225234843401275 -3.2216300754545504
leaf_weight=3403 594 535 360 102 1075 3278 97 43 249 67 86 287 806 123 40 131 78 54 41 43 45 186 194 53 195 55 52 82 61 113
leaf_count=3403 594 535 360 102 1075 3278 97 43 249 67 86 287 806 123 40 131 78 54 41 43 45 186 194 53 195 55 52 82 61 113
internal_value=-0.00103759 -0.0382544 0.0333231 0.0193918 0.014289 0.0434615 -0.000506971 -0.0164846 -0.0139241 0.0228372 0.00449827 -0.0197482 -0.0458408 0.0107784 -0.0306424 0.0271341 0.0129114 0.00567823 -0.0120245 0.00924658 -0.0140181 -0.00780287 -0.0166113 0.0267857 -0.0373699 -0.0404292 0.021 -0.0163333 0 -0.00803571
internal_weight=12528 6014 6514 2745 2151 3769 788 1555 394 1363 288 1389 4459 166 575 491 394 316 814 145 773 486 300 139 1056 861 149 149 106 167
internal_count=12528 6014 6514 2745 2151 3769 788 1555 394 1363 288 1389 4459 166 575 491 394 316 814 145 773 486 300 139 1056 861 149 149 106 167
is_linear=0
shrinkage=0.05


Tree=10
num_leaves=31
num_cat=0
split_feature=15 15 14 8 10 12 14 14 8 8 8 0 14 14 15 12 8 14 8 14 14 10 15 8 1 14 14 14 14 14
split_gain=6212.06 430.935 344.849 269.556 127.711 106.035 88.2621 71.7825 71.3397 66.153 44.9701 53.4243 42.3495 39.8706 36.4621 29.9611 29.7862 28.0604 26.7177 29.9432 26.1935 25.7916 25.6321 23.1344 23.0233 21.6046 17.2323 16.577 15.9358 14.6071
threshold=5886.5000000000009 6575.5000000000009 5741.5000000000009 4.5000000000000009 0.62587949062545845 0.85223490906209554 6577.5000000000009 6151.5000000000009 1.5000000000000002 4.5000000000000009 3.5000000000000004 19.618454935622321 7265.5000000000009 6172.5000000000009 5296.5000000000009 0.98901264295277169 1.0000000180025095e-35 6359.5000000000009 1.0000000180025095e-35 5922.5000000000009 6220.5000000000009 0.99053107487289871 5691.5000000000009 1.0000000180025095e-35 11.886663984263235 5950.5000000000009 5962.5000000000009 6689.5000000000009 5861.5000000000009 5289.5000000000009
decision_type=10 10 10 2 2 2 10 10 2 2 2 2 10 10 8 2 2 10 2 10 10 2 10 2 2 10 10 10 10 10
left_child=2 4 14 7 5 9 8 22 29 13 11 20 24 18 -1 27 -16 -11 -2 -20 23 -10 -4 -6 -5 -25 -12 -7 -24 -3
right_child=1 6 3 12 10 15 -8 -9 21 17 26 -13 -14 -15 16 -17 -18 -19 19 -21 -22 -23 28 25 -26 -27 -28 -29 -30 -31
leaf_value=-36.754560980543239 10.211305414798971 9.2952866207607947 2.64187543173191 -8.0661495949092572 7.437951999285815 0.039475913867954661 43.846469893474641 13.775586622948822 6.0523146440719309 -4.6583860607229779 -17.40340985695034 -4.1497577283053948 7.5635062337905765 11.358409037021715 -7.0792761625963978 -4.8302064735497883 -13.769602880461299 4.7476591083817539 -3.8338366298539768 2.933310875249481 11.099546026475991 -4.8869633414775535 -4.270921956404254 -4.8942020999860238 -16.070360800659113 2.3795140535804875 -3.0052785986802522 10.665809622066901 -0.29195813832120621 27.832092100820049
leaf_weight=3433 279 108 104 131 69 208 2962 190 321 71 41 118 43 738 213 103 862 238 96 149 141 52 79 62 736 58 209 58 111 539
leaf_count=3433 279 108 104 131 69 208 2962 190 321 71 41 118 43 738 213 103 862 238 96 149 141 52 79 62 736 58 209 58 111 539
internal_value=-0.00180468 0.0314454 -0.0390988 -0.0173477 0.0157635 0.0223596 0.0418278 0.0127835 0.0290891 0.0280216 -0.00257511 0.00690423 -0.0333699 0.0330958 -0.0458195 -0.00175676 -0.0376859 0.00725806 0.0224762 0.0103659 0.0172205 0.011631 -0.00271186 0.005 -0.0357719 -0.00826446 -0.0195219 0.0071161 -0.0136126 0.0391204
internal_weight=12522 6620 5902 1394 2638 1940 3982 484 1020 1571 698 448 910 1262 4508 369 1075 309 524 245 330 373 294 189 867 120 250 266 190 647
internal_count=12522 6620 5902 1394 2638 1940 3982 484 1020 1571 698 448 910 1262 4508 369 1075 309 524 245 330 373 294 189 867 120 250 266 190 647
is_linear=0
shrinkage=0.05


Tree=11
num_leaves=31
num_cat=0
split_feature=15 15 15 7 8 12 6 11 12 6 13 11 11 1 7 6 7 8 6 1 11 12 6 1 12 1 8 11 15 7
split_gain=6004.68 451.351 221.96 128.407 137.062 102.783 65.8101 55.6397 58.8549 54.1598 52.529 49.8749 47.2455 84.298 76.6633 71.4854 42.0761 41.0989 76.4549 33.8248 31.8038 64.1084 30.9317 35.2657 30.0436 27.0951 32.7281 26.291 23.5138 23.3717
threshold=5886.5000000000009 6575.5000000000009 5257.5000000000009 6.5000000000000009 4.5000000000000009 0.99049901459377832 493.70815450643778 0.93469109537144635 0.019351116170480156 340.41630901287562 0.046214940139115722 0.2332836900311728 0.04621408538533487 18.391586194563665 21.500000000000004 626.28755364806875 5.5000000000000009 4.5000000000000009 82.976394849785422 12.398408440629472 0.99138911339924218 -0.091260668982868151 639.2532188841202 20.794040593705297 0.86972315351350449 20.909321351931336 3.5000000000000004 0.70747208174348741 6949.5000000000009 16.500000000000004
decision_type=8 10 10 2 2 2 2 2 2 2 2 2 2 2 2 2 2 2 2 2 2 2 2 2 2 2 2 2 10 2
left_child=2 3 -1 19 5 12 20 16 -9 27 11 -8 13 15 24 -5 -4 18 -18 -2 28 29 -20 -24 25 26 -15 -6 -3 -22
right_child=1 6 7 4 9 -7 10 8 -10 -11 -12 -13 -14 14 -16 -17 17 -19 22 -21 21 -23 23 -25 -26 -27 -28 -29 -30 -31
leaf_value=-34.400509164001598 2.1712977856313502 16.04426923058918 -12.71252089833995 3.8526090101867796 -0.92268698326849974 -7.3349943666016317 -3.866961732053642 -13.70889218057232 4.9054804874737332 -10.345142654219627 13.36217385319892 13.314209953828959 11.275687067259492 4.9775078941015636 -6.0640458652129388 -5.4606427027958944 -6.2203396654908829 -13.746598610370757 20.032927894512159 -7.9519144113912716 -14.246741277223283 63.035523642017417 -3.8096676209691851 3.6434500746956022 0.96783660401520144 12.51499904358359 -2.5222734360212145 9.9636319352923923 50.953258722776724 31.342836542785427
leaf_weight=3593 57 1008 418 211 270 83 131 121 137 127 243 100 622 288 60 123 561 727 75 136 71 143 85 56 124 462 44 184 2279 50
leaf_count=3593 57 1008 418 211 270 83 131 121 137 127 243 100 622 288 60 123 561 727 75 136 71 143 85 56 124 462 44 184 2279 50
internal_value=-0.00154488 0.0302332 -0.039063 0.0147744 0.0176991 0.0238603 0.0409463 -0.0264558 -0.0046332 -0.00369416 0.0233684 0.00625 0.0262016 0.0207921 0.028192 -0.000895522 -0.0293812 -0.0254485 -0.0174165 -0.0244845 0.0432855 0.0264151 0.0078341 -0.00598592 0.0317737 0.0353459 0.0243243 0.0043956 0.044632 -0.000409836
internal_weight=12589 6816 5773 2791 2598 2017 4025 2180 258 581 474 231 1934 1312 978 334 1922 1504 777 193 3551 264 216 141 918 794 332 454 3287 121
internal_count=12589 6816 5773 2791 2598 2017 4025 2180 258 581 474 231 1934 1312 978 334 1922 1504 777 193 3551 264 216 141 918 794 332 454 3287 121
is_linear=0
shrinkage=0.05


Tree=12
num_leaves=31
num_cat=0
split_feature=15 15 15 10 12 6 8 10 6 6 8 12 1 8 7 6 7 8 6 15 12 2 1 2 7 0 6 6 11 10
split_gain=5831.85 404.439 265.135 112.138 113.206 63.5022 63.1392 52.5646 48.374 48.1763 139.261 50.8048 40.0475 35.8435 42.9117 35.0403 33.0704 103.343 112.729 32.4031 31.4982 26.1719 23.1157 21.8672 21.4844 20.385 20.186 20.0942 19.6416 42.9838
threshold=5886.5000000000009 6549.5000000000009 5361.5000000000009 0.35846314187849709 0.86440767487108461 374.1480686695279 4.5000000000000009 0.99053107487289871 754.19313304721038 18.605150214592275 4.5000000000000009 -0.51941337148263467 12.398408440629472 4.5000000000000009 6.5000000000000009 398.19527896995714 5.5000000000000009 4.5000000000000009 18.605150214592275 6887.5000000000009 0.85223490906209554 1.5276824034334739 13.984003934191703 6.9596566523605157 9.5000000000000018 23.833476394849786 0.034334763948497861 299.942060085837 0.99138911339924218 -0.082689790342551819
decision_type=10 10 8 2 2 2 2 2 2 2 2 2 2 2 2 2 2 2 2 10 2 2 2 2 2 2 2 2 2 2
left_child=2 3 16 4 6 28 26 19 13 12 11 -11 -4 14 -5 24 -1 18 22 23 -13 -14 -18 -7 -12 -6 -2 -8 -3 -30
right_child=1 5 9 8 25 7 27 -9 -10 10 15 20 21 -15 -16 -17 17 -19 -20 -21 -22 -23 -24 -25 -26 -27 -28 -29 29 -31
leaf_value=-33.571807473315992 4.6019061710810547 37.582562448747289 -3.7676346584139995 -3.3198375558815769 -2.8897203049033351 4.4111167076408035 3.43516085371366 -3.1649812727201154 -6.5590782512192618 -2.3035322459099916 -15.699077401273236 11.821831167083202 -9.9518286105120755 -3.9285982580055361 3.8385110340424036 -17.561659478101411 0.017360866481067206 -29.397879691651568 12.33693463605905 20.766121138686188 -1.2529815474691532 -1.352339641679464 -14.925815403003481 14.702799204628446 -2.8004979233621725 0.47528403370261008 9.2297471415786738 -9.6117066741836883 -4.111362964506589 51.519220078421178
leaf_weight=2648 287 3020 265 82 108 285 234 59 106 111 55 143 763 218 438 236 44 1088 91 423 56 59 181 95 193 173 819 48 71 178
leaf_count=2648 287 3020 265 82 108 285 234 59 106 111 55 143 763 218 438 236 44 1088 91 423 56 59 181 95 193 173 819 48 71 178
internal_value=-0.00184847 0.0303236 -0.037875 0.0144988 0.022006 0.0399443 0.0278618 0.02781 -0.00035503 -0.0223433 -0.012956 0.0131833 -0.029182 0.00419486 0.0113244 -0.0296907 -0.0450777 -0.03879 -0.0135647 0.0311567 0.02825 -0.0346294 -0.0325221 0.0204724 -0.0164659 -0.00691489 0.033243 0.00671378 0.0431346 0.0294
internal_weight=12577 6644 5933 2513 1669 4131 1388 862 844 1881 794 310 1087 738 520 484 4052 1404 316 803 199 822 225 380 248 281 1106 282 3269 249
internal_count=12577 6644 5933 2513 1669 4131 1388 862 844 1881 794 310 1087 738 520 484 4052 1404 316 803 199 822 225 380 248 281 1106 282 3269 249
is_linear=0
shrinkage=0.05


Tree=13
num_leaves=31
num_cat=0
split_feature=14 6 14 14 11 11 6 14 14 12 10 0 12 14 6 14 11 1 10 1 10 6 13 1 10 12 11 14 14 1
split_gain=4465.21 567.028 377.834 260.84 94.7284 35.7003 40.2325 32.0754 30.8836 29.6228 29.1518 28.183 27.184 23.7243 23.3915 23.2073 22.9618 21.2947 24.5233 22.2462 20.861 19.3662 19.3254 18.6717 18.3423 18.09 17.8098 17.3881 17.2861 17.2152
threshold=6107.5000000000009 0.65021459227467815 6700.5000000000009 5479.5000000000009 0.080547328232315238 -0.95998493203694346 803.71888412017177 7214.5000000000009 5755.5000000000009 -0.67803021058859214 0.91596454896554913 16.616094420600859 0.85223490906209554 6406.5000000000009 26.570815450643781 5667.5000000000009 0.95178258287705175 14.954336552217454 0.12545942051955489 22.050357653791131 -0.022576249993022688 219.12446351931331 -0.98212955754013376 12.353585479256081 0.30983042691905771 -0.92273922871446856 0.66367808336324663 5289.5000000000009 5094.5000000000009 21.209504649499287
decision_type=10 2 10 10 2 2 2 10 10 2 2 2 2 10 2 10 2 2 2 2 2 2 2 2 2 2 2 10 10 2
left_child=1 3 10 27 5 -3 8 -4 14 25 12 -12 16 -14 -7 -11 17 -2 19 22 -18 -10 -19 -5 -20 -6 -17 -1 -16 -24
right_child=2 4 7 23 9 6 -8 -9 21 15 11 -13 13 -15 28 26 20 18 24 -21 -22 -23 29 -25 -26 -27 -28 -29 -30 -31
leaf_value=-31.868217099650202 13.18504439414137 3.0451102619740369 16.68701532903092 -1.3855358506132689 11.791551101313122 -16.748069564435447 -8.1820168271384315 49.126467664200533 3.1352660997652038 17.076322699762979 3.2446406229184053 -3.8007619198948763 -1.5822500958739056 3.9661603831434378 -1.4274227793659975 -11.775640246559853 -8.0632840027437407 -1.082207825685191 -15.454810656848508 8.6718704306648302 9.8222165172402356 -1.7624164286861743 5.2871290746245911 -4.8467687959665913 2.9082390402760669 -11.867327097083217 19.451241772686672 -10.990810567493874 -16.125020772381777 1.3827566330081482
leaf_weight=3064 153 162 1514 261 90 111 357 2017 121 208 222 156 199 188 253 97 88 90 52 281 102 293 567 718 197 109 83 422 338 117
leaf_count=3064 153 162 1514 261 90 111 357 2017 121 208 222 156 199 188 253 97 88 90 52 281 102 293 567 718 197 109 83 422 338 117
internal_value=-0.00193176 -0.0299566 0.0296013 -0.0402262 -0.00931174 -0.0154951 -0.0179444 0.0400198 -0.0132498 0.00790816 0.014339 0.00158311 0.0167076 0.00476804 -0.0196302 0.0159383 0.0195085 0.0216392 0.0195402 0.0228693 0.00314136 -0.00240964 0.0184516 -0.017398 0.0054 -0.00775 0.00276243 -0.0466303 -0.015625 0.0213139
internal_weight=12630 6687 5943 4465 2222 1635 1473 3531 1116 587 2412 378 2034 387 702 388 1647 1457 1304 1055 190 414 774 979 249 199 180 3486 591 684
internal_count=12630 6687 5943 4465 2222 1635 1473 3531 1116 587 2412 378 2034 387 702 388 1647 1457 1304 1055 190 414 774 979 249 199 180 3486 591 684
is_linear=0
shrinkage=0.05


Tree=14
num_leaves=31
num_cat=0
split_feature=15 15 15 10 12 8 6 8 1 1 8 6 10 7 13 13 6 15 7 1 13 12 10 13 10 1 12 7 15 6
split_gain=5506.48 382.995 284.214 147.81 103.459 63.2884 57.5683 61.224 43.187 41.0812 39.6557 124.443 36.396 36.3146 35.5695 55.3579 32.1841 31.2585 29.0383 26.377 25.8383 50.3234 24.9534 24.8388 25.7773 23.2962 37.7689 20.6442 19.6969 18.6096
threshold=5886.5000000000009 6873.5000000000009 5361.5000000000009 0.35846314187849709 0.85223490906209554 4.5000000000000009 754.19313304721038 4.5000000000000009 11.921982296137339 26.543638233190272 3.5000000000000004 24.540772532188843 0.9916835347852474 6.5000000000000009 0.36447543099728863 -0.52765736634565841 190.32188841201719 4998.5000000000009 14.500000000000002 12.398408440629472 0.96407344085605606 -0.12546116083924153 0.77244481603295057 0.93992883619806145 -0.048361574224334618 14.954336552217454 -0.77245553105869302 7.5000000000000009 7475.5000000000009 344.16738197424894
decision_type=10 10 8 2 2 2 2 2 2 2 2 2 2 2 2 2 2 10 2 2 2 2 2 2 2 2 2 2 10 2
left_child=2 3 17 4 5 27 7 13 22 18 11 19 20 -5 15 -13 -7 -1 -6 -4 -3 -22 -9 -19 -25 -15 29 -2 -14 -27
right_child=1 12 10 6 9 16 -8 8 -10 -11 -12 14 28 25 -16 -17 -18 23 -20 -21 21 -23 -24 24 -26 26 -28 -29 -30 -31
leaf_value=-35.224806244667711 3.4457948072734781 41.138415606524681 -1.9858420705108075 -2.0094057324702592 -2.2446886445305156 4.5436945509354247 -5.9121871446221581 16.444738580237573 -6.8926199234884287 10.786716517236187 -9.4678732496720386 5.7267419696757322 1.2936585736966209 9.8434257869800383 9.5890101335713549 -2.9545934855047111 -5.3223326537147386 -16.094211306037142 1.8892024861480878 -6.3931072257564665 1.3426272376043926 40.670144280990513 -1.6638712845727697 -27.859142565459571 -0.41219723734438962 8.2837525522131497 -0.59412208649596321 11.166268074032359 37.72014428099051 1.6235818055615709
leaf_weight=2489 188 2520 159 85 156 241 120 43 173 80 1002 81 81 288 88 72 111 1403 200 501 101 159 61 49 90 114 222 1562 41 111
leaf_count=2489 188 2520 159 85 156 241 120 43 173 80 1002 81 81 288 88 72 111 1403 200 501 101 159 61 49 90 114 222 1562 41 111
internal_value=-0.00169552 0.0295209 -0.0367144 0.0189696 0.0258369 0.0304327 0.00463875 0.00824226 -0.0120504 0.00366133 -0.0207721 -0.0131375 0.0431622 0.0151035 0.017562 0.00292208 0.0110482 -0.0442336 -0.00364146 -0.024357 0.0443366 0.0291188 0.0133333 -0.0385612 -0.0182143 0.0186821 0.0114955 0.0343232 0.0162602 0.025885
internal_weight=12591 6657 5934 3755 2538 2102 1217 1097 277 436 1903 901 2902 820 241 153 352 4031 356 660 2780 260 104 1542 139 735 447 1750 122 225
internal_count=12591 6657 5934 3755 2538 2102 1217 1097 277 436 1903 901 2902 820 241 153 352 4031 356 660 2780 260 104 1542 139 735 447 1750 122 225
is_linear=0
shrinkage=0.05


Tree=15
num_leaves=31
num_cat=0
split_feature=15 14 14 15 15 6 11 15 6 1 14 13 12 2 12 14 12 12 15 1 6 2 13 6 1 15 1 6 14 15
split_gain=5263.28 514.079 362.399 100.356 82.8935 67.9089 67.8988 57.9884 41.4061 38.2601 37.1088 36.6606 34.2289 33.8659 27.2406 24.1 23.4224 22.9424 26.5719 23.9725 30.1449 22.1369 22.0889 21.5398 26.1618 21.3244 21.1183 20.7659 35.7209 20.7187
threshold=6011.5000000000009 5818.5000000000009 6637.5000000000009 5272.5000000000009 5544.5000000000009 664.5686695278971 -0.75581183015052977 6700.5000000000009 0.034334763948497861 12.305136802575108 5331.5000000000009 0.93992883619806145 0.96687895796550427 7.4963519313304738 -0.878119045158818 7464.5000000000009 -0.29343379936893921 0.95938219844953276 6873.5000000000009 19.848694563662377 508.10729613733912 9.0845493562231745 0.95111414672704442 820.28111587982846 20.452427575107301 6202.5000000000009 23.757376609442058 22.628755364806867 5289.5000000000009 5544.5000000000009
decision_type=10 10 10 8 8 2 2 10 2 2 10 2 2 2 2 10 2 2 10 2 2 2 2 2 2 10 2 2 8 10
left_child=1 3 5 10 11 8 21 12 14 16 -1 -3 -4 15 -2 29 -5 19 26 20 -10 -7 -12 24 -8 -16 -19 -11 -29 -6
right_child=2 4 7 9 13 6 23 -9 17 27 22 -13 -14 -15 25 -17 -18 18 -20 -21 -22 -23 -24 -25 -26 -27 -28 28 -30 -31
leaf_value=-30.766830805900078 7.7056923869636877 -14.315292403574132 14.582986797878631 4.0309187360348009 5.104910097022139 1.7903687571972116 -3.4739199719165299 36.524209809043491 12.215380112367894 -9.6507163062500929 -18.314825586148913 3.0784830983640408 -0.7939221941281176 10.79321863913292 -1.107971380063782 13.934396798907301 -4.8286700518476664 -4.3331015483437341 37.022387798132762 7.5406414339337973 -0.17284014687720628 16.683954730221831 -1.7574362590421062 -7.0100117658938874 1.9113801794582743 2.8888300921976224 1.4253709282505953 -1.2741907744347374 -10.729624901354169 -1.2054785136489046
leaf_weight=2946 74 519 708 40 49 125 133 2680 838 892 438 72 62 63 149 41 201 52 44 493 127 78 47 77 79 449 47 148 168 819
leaf_count=2946 74 519 708 40 49 125 133 2680 838 892 438 72 62 63 149 41 201 52 44 493 127 78 47 77 79 449 47 148 168 819
internal_value=-0.00228296 -0.0339463 0.0305421 -0.0419381 -0.00898338 0.0170463 0.00020284 0.0413503 0.0206904 -0.0308621 -0.0466055 -0.0237331 0.0291829 0 0.0102526 -0.00247253 -0.0126033 0.0250624 0.00590278 0.0269363 0.0223085 0.0223039 -0.033642 -0.0153448 -0.00704225 0.0066778 -0.0085 -0.0344913 -0.0233438 -0.00425777
internal_weight=12658 6443 6215 4880 1563 2765 492 3450 2273 1449 3431 591 770 972 672 909 241 1601 143 1458 965 203 485 289 212 598 99 1208 316 868
internal_count=12658 6443 6215 4880 1563 2765 492 3450 2273 1449 3431 591 770 972 672 909 241 1601 143 1458 965 203 485 289 212 598 99 1208 316 868
is_linear=0
shrinkage=0.05


Tree=16
num_leaves=31
num_cat=0
split_feature=15 14 14 8 8 14 8 14 6 14 15 8 14 15 6 6 2 1 7 14 0 1 12 6 7 14 1 14 12 6
split_gain=5067.18 446.959 338.943 223.422 156.318 144.416 143.303 121.211 92.5444 68.1903 63.4362 59.3252 45.2767 40.4519 38.3292 36.538 36.7931 34.6685 28.7344 30.1726 26.8412 25.8244 36.9431 29.136 25.6587 30.4278 23.1609 22.7904 22.5303 22.3437
threshold=5886.5000000000009 6700.5000000000009 5442.5000000000009 4.5000000000000009 1.5000000000000002 6151.5000000000009 4.5000000000000009 5950.5000000000009 51.057939914163093 4630.5000000000009 5412.5000000000009 4.5000000000000009 7323.5000000000009 5608.5000000000009 187.49785407725324 534.167381974249 5.434549356223175 10.729220314735338 21.500000000000004 5976.5000000000009 10.06051502145923 19.848694563662377 0.86440767487108461 566.36695278969967 16.500000000000004 6524.5000000000009 11.886663984263235 5039.5000000000009 0.91593490216309192 391.36695278969961
decision_type=8 10 10 2 2 10 2 10 2 10 10 2 10 10 2 2 2 2 2 10 2 2 2 2 2 10 2 10 2 2
left_child=2 4 13 7 9 27 -3 10 -8 -2 -4 21 24 -1 -13 18 -17 -10 -11 -20 -12 23 -23 -7 26 -26 -5 -6 -18 -19
right_child=1 6 3 12 5 11 8 -9 17 15 20 14 -14 -15 -16 16 28 29 19 -21 -22 22 -24 -25 25 -27 -28 -29 -30 -31
leaf_value=-26.575224392139308 -2.57359189447443 33.215970832488033 3.3307301177095496 -7.0414023599345459 -43.377006838170111 3.6071896879089311 23.628906570743268 8.4298956757682841 14.132560583314808 14.477861091730347 1.6132453080103006 1.1608860673671644 8.159042767341953 -6.2405353658625247 -10.042877520406002 0.6920219701133874 12.887650139961785 -0.26882893597353358 -5.1659444683399904 11.06775765409202 -3.6818377233580124 5.8343944964570715 0.082441799992466258 -1.2276714715346999 -7.9125857400437782 3.5069665905809644 -17.353953378942471 -2.5961687263390787 0.83308897421406991 -10.259156965005445
leaf_weight=3587 88 2714 106 171 53 449 344 263 62 996 44 162 41 162 84 246 112 182 52 53 413 375 105 80 250 46 771 528 43 60
leaf_count=3587 88 2714 106 171 53 449 344 263 62 996 44 162 41 162 84 246 112 182 52 53 413 375 105 80 250 46 771 528 43 60
internal_value=-0.00238076 0.0270143 -0.0364646 -0.0203941 0.0142982 0.00435493 0.0399643 -0.000120919 0.0187982 0.02577 -0.0132092 0.0138933 -0.0334766 -0.04548 -0.00809717 0.0282768 0.0152985 -0.00131148 0.0329855 0.00801887 -0.0212882 0.0192574 0.0276507 0.0116038 -0.0351897 -0.0222222 -0.0392365 -0.0162371 0.0342949 -0.00987654
internal_weight=12642 6788 5854 2105 3426 1836 3362 826 648 1590 563 1255 1279 3749 246 1502 401 304 1101 105 457 1009 480 529 1238 296 942 581 155 242
internal_count=12642 6788 5854 2105 3426 1836 3362 826 648 1590 563 1255 1279 3749 246 1502 401 304 1101 105 457 1009 480 529 1238 296 942 581 155 242
is_linear=0
shrinkage=0.05


Tree=17
num_leaves=31
num_cat=0
split_feature=15 14 14 15 15 10 14 6 13 11 11 4 15 15 12 14 12 10 14 7 11 1 11 4 1 10 3 12 6 15
split_gain=4924.1 449.772 313.326 131.249 89.3406 79.1667 69.6099 58.2945 62.3708 51.9219 49.5992 48.6024 47.2032 36.7827 46.5385 36.1035 29.9545 29.2461 25.9494 27.4892 24.4685 25.6224 23.9177 22.8925 21.9292 21.6832 20.5164 18.7288 18.4627 17.7653
threshold=5886.5000000000009 6761.5000000000009 5442.5000000000009 6168.5000000000009 6622.5000000000009 0.99053107487289871 7444.5000000000009 586.94849785407735 0.063390085881955341 0.97832380634958016 0.93469109537144635 0.84910958941958692 5184.5000000000009 6969.5000000000009 0.95938219844953276 6308.5000000000009 0.96687895796550427 0.90892735371523092 5805.5000000000009 17.500000000000004 -0.35846086284744721 20.394662017167388 -0.25206183926700709 8.4979911584298851 23.47225053648069 -0.0053757284505435614 1.7019313304721033 -0.16693488597178294 866.24678111587991 5705.5000000000009
decision_type=8 10 10 10 8 2 10 2 2 2 2 2 10 10 2 10 2 2 10 2 2 2 2 2 2 2 2 2 2 10
left_child=2 3 12 11 16 7 10 9 20 13 18 15 -1 14 17 27 24 -5 -4 -20 -9 -22 -19 28 -3 -11 -7 -2 -10 -14
right_child=1 4 6 5 -6 26 -8 8 23 25 -12 -13 29 -15 -16 -17 -18 22 19 -21 21 -23 -24 -25 -26 -27 -28 -29 -30 -31
leaf_value=-28.596463172532324 -0.46914684105568089 9.6834699875701524 -7.5588072884972011 6.9386951248830435 35.068811886139066 -4.3641684037677804 24.201437254207761 -9.0160456282444112 3.8964324767905509 -3.9051646196389811 0.2321886112392349 2.6676039770706215 -10.00299291946385 33.138127257746604 -0.32122662775027494 4.6323662871526725 -2.8899881589234155 -2.1958607050114551 -9.3499371610103026 -0.52478321618659718 -2.2994426725758332 4.0477627529456184 4.984997994857622 18.090232894213752 23.834356620785456 39.498874533530312 6.5659682640858366 -4.5292679817514001 -1.1325967939850443 -5.1939020566421963
leaf_weight=2915 239 388 814 1197 2597 127 40 65 98 117 212 264 749 373 139 155 42 59 835 209 101 47 96 84 102 49 68 313 56 102
leaf_count=2915 239 388 814 1197 2597 127 40 65 98 117 212 264 749 373 139 155 42 59 835 209 101 47 96 84 102 49 68 313 56 102
internal_value=-0.00264759 0.0263981 -0.0361409 0.01446 0.0403035 0.0201718 -0.0207011 0.0225826 0.00630531 0.026194 -0.0219701 -0.00128601 -0.0447836 0.0285791 0.0250335 -0.00812147 0.021576 0.027864 -0.0245831 -0.0193301 -0.0133178 -0.00201342 0.00737179 0.0238494 0.0250509 -0.000598802 -0.0104592 -0.0141049 0.0122581 -0.034331
internal_weight=12652 6776 5876 3647 3129 2676 2110 2481 451 2030 2070 971 3766 1864 1491 707 532 1352 1858 1044 213 148 155 238 490 166 195 552 154 851
internal_count=12652 6776 5876 3647 3129 2676 2110 2481 451 2030 2070 971 3766 1864 1491 707 532 1352 1858 1044 213 148 155 238 490 166 195 552 154 851
is_linear=0
shrinkage=0.05


Tree=18
num_leaves=31
num_cat=0
split_feature=15 15 15 8 12 15 6 13 6 2 6 0 15 15 12 13 7 7 11 7 11 7 11 12 11 0 8 11 13 2
split_gain=4561.12 420.093 303.52 147.204 92.3601 65.1359 63.9281 61.275 51.3269 81.8111 47.0722 41.5818 37.2834 32.4611 32.0981 30.9919 28.6468 42.6652 26.8861 45.7574 26.3478 26.3195 24.245 39.4004 24.5245 24.0452 56.5096 22.8733 20.6314 19.7214
threshold=5869.5000000000009 6900.5000000000009 5235.5000000000009 4.5000000000000009 0.99463153969809781 6087.5000000000009 538.94635193133058 0.74729605595282433 518.24463519313315 4.3738197424892702 337.23819742489269 26.19012875536481 5544.5000000000009 4998.5000000000009 0.3036948619824264 -0.22701029611497395 10.500000000000002 20.500000000000004 0.99138911339924218 16.500000000000004 0.3484035575467645 21.500000000000004 0.93469109537144635 0.019351116170480156 0.9863035000474919 20.258583690987127 4.5000000000000009 0.2332836900311728 -0.35243545167535567 9.9105150214592275
decision_type=10 10 8 2 2 10 2 2 2 2 2 2 10 10 2 2 2 2 2 2 2 2 2 2 2 2 2 2 2 2
left_child=2 3 13 4 5 -2 18 12 16 14 15 22 -4 -1 -10 -5 -7 -18 27 -20 21 -19 25 24 -24 -9 -27 -3 -8 -11
right_child=1 6 7 10 -6 8 28 11 9 29 -12 -13 -14 -15 -16 -17 17 20 19 -21 -22 -23 23 -25 -26 26 -28 -29 -30 -31
leaf_value=-29.616640013905727 0.72729849950230807 14.98118185035869 -9.4879387665449038 -2.8449528467926486 -7.4297317540953829 4.5221014422599408 -1.4658281901619832 -14.13410831730762 -1.9513872969226214 3.9937460479613494 -10.035400720289978 11.426827843506089 -3.8630615713127554 -13.073169760837255 3.8214890430499056 2.6067803832013396 13.492454156745499 1.9107123226926888 -4.3318358143299065 50.669862031207941 11.90118155821915 -2.8427812321521291 -0.048338266699988711 6.027707326435416 -19.056518143753511 6.4267423531455741 -12.971457388814361 43.147773874280716 7.4307901557293468 19.840237949912808
leaf_weight=2518 504 475 894 218 110 750 79 109 260 255 134 60 920 1031 71 380 817 160 77 136 135 64 70 130 57 69 67 1956 91 109
leaf_count=2518 504 475 894 218 110 750 79 109 260 255 134 60 920 1031 71 380 817 160 77 136 135 64 70 130 57 69 67 1956 91 109
internal_value=-0.00245534 0.0255456 -0.0345005 0.015058 0.0196384 0.0212252 0.0403197 -0.0206563 0.0243898 0.0127155 -0.00518417 -0.0062167 -0.025124 -0.0437606 -0.00527108 0.000834725 0.0285937 0.0334749 0.0422306 0.025 0.0190278 0.00844444 -0.0109344 -0.000193798 -0.0199219 -0.0221545 -0.0080292 0.0437294 0.0105263 0.0290411
internal_weight=12706 6781 5925 3967 3235 3125 2814 2376 2621 695 732 562 1814 3549 331 598 1926 1176 2644 213 359 224 502 257 127 245 136 2431 170 364
internal_count=12706 6781 5925 3967 3235 3125 2814 2376 2621 695 732 562 1814 3549 331 598 1926 1176 2644 213 359 224 502 257 127 245 136 2431 170 364
is_linear=0
shrinkage=0.05


Tree=19
num_leaves=31
num_cat=0
split_feature=15 15 14 10 14 13 12 15 14 15 14 14 7 1 1 10 13 12 10 7 13 12 15 10 14 1 1 10 12 15
split_gain=4316.32 415.025 410.365 143.635 81.6612 80.5268 58.2526 54.6853 51.1552 42.0016 38.2963 36.3368 35.2604 31.7254 29.9824 25.8814 32.2448 34.6421 22.8626 21.8183 20.2471 29.5646 19.8343 34.1554 19.8308 19.0324 23.521 42.7807 28.0913 24.1031
threshold=5869.5000000000009 7022.5000000000009 5539.5000000000009 0.62587949062545845 6385.5000000000009 0.7912140244565844 0.84660111278280559 5090.5000000000009 7070.0000000000009 6202.5000000000009 7265.5000000000009 6172.5000000000009 21.500000000000004 21.346593347639487 12.208650751072962 0.99374995976406788 0.97650658860526895 -0.12546116083924153 0.99053107487289871 5.5000000000000009 0.79773375822167203 -0.015051239303264097 5544.5000000000009 0.98802474685579866 5805.5000000000009 26.688590844062947 12.058006974248931 0.12545942051955489 0.84660111278280559 6072.5000000000009
decision_type=10 10 10 2 10 2 2 8 10 10 10 10 2 2 2 2 2 2 2 2 2 2 10 2 10 2 2 2 2 10
left_child=2 3 7 4 6 10 12 -1 15 -5 22 -7 13 20 -9 16 -3 -18 -11 -16 -2 -22 23 -4 -24 26 -6 28 29 -28
right_child=1 8 5 9 25 11 -8 14 -10 18 -12 -13 -14 -15 19 -17 17 -19 -20 -21 21 -23 24 -25 -26 -27 27 -29 -30 -31
leaf_value=-26.785808013210456 3.4321248068512435 21.088776549046656 -11.566823846577154 -3.0389047632129405 21.589837098423416 -3.5417244807624004 -0.7554879272480548 -3.8284463351633806 41.873366343879212 2.5924834829167143 12.173194079534369 7.8040444179360753 -2.0447799818796741 6.9915663877190131 -11.548098652133787 -0.69225580662318864 -20.363773321308692 11.215233525027635 -1.3719598866574416 -9.4315441491033649 -10.394639561555961 23.174602209000501 -3.3230490656323584 5.7982597901750754 -1.8422334655077066 16.074735002690705 -0.83240837511111754 -0.59516467841360743 0.59326413441121983 8.2915312816270674
leaf_weight=2632 631 604 725 343 303 184 340 233 1711 581 41 216 77 296 576 58 56 43 163 580 61 52 256 46 409 141 50 134 117 907
leaf_count=2632 631 604 725 343 303 184 340 233 1711 581 41 216 77 296 576 58 56 43 163 580 61 52 256 46 409 141 50 134 117 907
internal_value=-0.00256227 0.0249963 -0.0337176 0.0154158 0.0208842 -0.0144036 0.0122428 -0.0427275 0.0412455 -0.000229779 -0.0197903 0.00548628 0.0177549 0.0201729 -0.0346403 0.0303806 0.0330256 0.0065 0.00644295 -0.037943 0.0146309 -0.00482456 -0.0211552 -0.0266192 -0.0147898 0.0284936 0.0268188 0.0236559 0.0269767 0.0298017
internal_weight=12566 6668 5898 4196 3109 1877 1457 4021 2472 1087 1477 400 1117 1040 1389 761 703 99 744 1156 744 113 1436 771 665 1652 1511 1208 1074 957
internal_count=12566 6668 5898 4196 3109 1877 1457 4021 2472 1087 1477 400 1117 1040 1389 761 703 99 744 1156 744 113 1436 771 665 1652 1511 1208 1074 957
is_linear=0
shrinkage=0.05


Tree=20
num_leaves=31
num_cat=0
split_feature=15 14 14 8 8 14 14 8 15 14 15 6 10 14 1 1 8 8 14 1 7 10 15 14 14 1 10 10 8 14
split_gain=4086.26 429.643 410.146 254.678 130.284 125.199 112.755 107.242 65.7054 63.9306 62.9066 57.9392 53.7269 50.2681 36.8419 35.2734 34.6008 33.995 31.5361 27.4896 26.773 26.1031 25.9258 25.746 25.6794 24.7583 23.5863 23.3886 22.6535 36.5226
threshold=5954.5000000000009 5425.5000000000009 6860.5000000000009 4.5000000000000009 1.5000000000000002 6253.5000000000009 6005.5000000000009 4.5000000000000009 5562.5000000000009 4777.5000000000009 5412.5000000000009 47.733905579399142 0.92273069556937592 6469.5000000000009 10.729220314735338 12.398408440629472 1.0000000180025095e-35 4.5000000000000009 5356.5000000000009 11.886663984263235 16.500000000000004 -0.74441730022405961 6857.5000000000009 7423.5000000000009 5741.5000000000009 13.760501609442061 0.57077594689671507 0.40614137006726808 4.5000000000000009 5240.5000000000009
decision_type=10 10 10 2 2 10 10 2 10 10 8 2 2 10 2 2 2 2 10 2 2 2 10 10 10 2 2 2 2 10
left_child=1 8 4 6 9 -6 10 -4 15 -2 -3 22 17 19 -13 28 18 -7 -11 -5 23 -18 -9 -15 -12 -14 -26 -16 29 -1
right_child=2 3 7 13 5 12 -8 11 -10 16 24 14 25 20 27 -17 21 -19 -20 -21 -22 -23 -24 -25 26 -27 -28 -29 -30 -31
leaf_value=-10.571779852842111 -1.1994849972938029 4.7037041389419301 32.583887155884852 -5.4444664731386414 -2.0155154470695154 4.5134244342684271 8.2516694061293947 4.6494326372576102 -4.3123468848632234 5.2181267332311565 -3.652134273981551 18.036322890366911 6.4719589672531583 -7.9296491044620101 3.2300216788092033 -23.096517612549953 7.5262862232316827 -0.32576817065846631 25.442043869938768 -14.138312958231655 1.3855048947746582 2.3741790179236886 28.599000865174688 8.0994804032044154 1.425638867192879 -3.2438235613800317 -1.8886002061729414 -6.2249883852134191 -21.671517612549952 1.2311772404200612
leaf_weight=283 129 120 2212 166 668 950 306 104 248 307 298 50 76 238 90 3071 218 183 532 871 77 413 189 40 154 153 91 101 142 66
leaf_count=283 129 120 2212 166 668 950 306 104 248 307 298 50 76 238 90 3071 218 183 532 871 77 413 189 40 154 153 91 101 142 66
internal_value=-0.00286124 -0.0318616 0.0252117 -0.0150931 0.0141736 0.00576071 0.00458763 0.0397889 -0.0422461 0.0248438 -0.00700301 0.0196262 0.0144534 -0.0287868 0.00144628 -0.0439798 0.0278042 0.0189153 0.0344643 -0.0343449 -0.0125 0.0189082 0.0345238 -0.0197133 -0.0142463 -0.0076087 -0.00223577 -0.00859375 -0.0314024 -0.0244286
internal_weight=12546 6171 6375 2361 3629 2030 969 2746 3810 1599 663 534 1362 1392 241 3562 1470 1133 839 1037 355 631 293 278 543 229 245 191 491 349
internal_count=12546 6171 6375 2361 3629 2030 969 2746 3810 1599 663 534 1362 1392 241 3562 1470 1133 839 1037 355 631 293 278 543 229 245 191 491 349
is_linear=0
shrinkage=0.05


Tree=21
num_leaves=31
num_cat=0
split_feature=14 8 8 7 14 14 14 8 8 14 8 1 10 7 12 14 6 14 7 1 13 12 14 7 7 1 6 12 1 1
split_gain=3070.21 659.643 471.559 515.776 293.41 241.77 240.992 137.052 110.462 78.6705 64.1444 55.0192 52.6928 40.3067 39.6285 36.0956 35.5991 32.7988 29.4613 28.3579 23.5915 23.5798 21.8879 20.5089 20.3797 19.7106 19.6786 29.8528 18.7039 17.7687
threshold=5976.5000000000009 4.5000000000000009 1.0000000180025095e-35 6.5000000000000009 6953.5000000000009 7464.5000000000009 5240.5000000000009 4.5000000000000009 5.5000000000000009 5107.5000000000009 1.0000000180025095e-35 12.305136802575108 0.91596454896554913 16.500000000000004 0.99351232050787985 6266.5000000000009 47.733905579399142 6469.5000000000009 21.500000000000004 14.138192954220314 0.34841000145353967 -0.064463015794845938 6406.5000000000009 5.5000000000000009 16.500000000000004 9.9252190629470682 826.87553648068672 0.13612025994847315 11.921982296137339 19.902610872675254
decision_type=10 2 2 2 10 10 10 2 2 10 2 2 2 2 2 10 2 10 2 2 2 2 10 2 2 2 2 2 2 2
left_child=2 4 3 23 10 8 -4 11 17 20 -2 25 14 28 15 -12 22 -3 26 21 -5 -14 -10 -1 -19 -8 27 29 -7 -13
right_child=1 5 6 9 -6 13 7 -9 16 -11 12 18 19 -15 -16 -17 -18 24 -20 -21 -22 -23 -24 -25 -26 -27 -28 -29 -30 -31
leaf_value=-29.041691731922448 36.045886875173622 -15.060436606804387 -22.058940384381504 -0.15681064895711644 34.377909934581702 12.456313200035403 7.8226112682706574 -13.042645427970616 0.46834846668834873 14.010980503360862 2.2648706571739696 -1.1305752504618114 14.992551295736849 28.150174796192005 -3.5696512864351919 5.625758872623237 -3.0394933414577738 -7.533166649238888 -5.5672714758324222 -1.5990749723113824 6.8467783585409965 -0.011792710401459773 10.331236546619971 -3.9859399243337297 -0.85933992325499275 0.37992970016071015 -4.0818555745165215 -3.5108128036245945 -2.4700613981318384 1.9639046613043321
leaf_weight=439 251 307 2620 347 1988 74 43 958 99 458 550 222 72 219 63 1513 223 290 267 241 107 83 104 72 196 190 100 342 77 76
leaf_count=439 251 307 2620 347 1988 74 43 958 99 458 550 222 72 219 63 1513 223 290 267 241 107 83 104 72 196 190 100 342 77 76
internal_value=-0.00309323 0.0213825 -0.0279958 -0.00270365 0.0306909 -0.00650943 -0.0354638 -0.0232378 -0.0172541 0.0198248 0.0201694 -0.0122482 0.0177566 0.028841 0.0208745 0.0220688 0.00327869 -0.0282746 -0.0173115 0.00100756 0.00505495 0.0176282 0.0183824 -0.0428711 -0.0201232 0.00961538 -0.0121457 -0.00889236 0.00888158 0.00267559
internal_weight=12591 6350 6241 1423 4761 1589 4818 2198 1219 912 2773 1240 2522 370 2126 2063 426 793 1007 396 454 155 203 511 486 233 740 640 151 298
internal_count=12591 6350 6241 1423 4761 1589 4818 2198 1219 912 2773 1240 2522 370 2126 2063 426 793 1007 396 454 155 203 511 486 233 740 640 151 298
is_linear=0
shrinkage=0.05


Tree=22
num_leaves=31
num_cat=0
split_feature=15 14 14 8 14 8 8 15 6 8 15 2 8 6 14 11 14 7 7 10 12 6 12 10 6 6 14 8 14 8
split_gain=3767.87 458.179 366.315 222.912 133.93 109.727 105.609 92.7028 79.1435 71.4198 60.7846 56.356 55.3746 54.3014 52.6867 51.9645 47.4965 43.5925 42.5882 41.1275 36.3788 35.272 33.7491 29.9268 27.3349 27.2764 27.2396 69.1035 27.2195 35.3441
threshold=6011.5000000000009 5425.5000000000009 6992.5000000000009 4.5000000000000009 6005.5000000000009 4.5000000000000009 4.5000000000000009 5115.5000000000009 604.24678111587991 1.5000000000000002 5412.5000000000009 5.5802575107296137 1.0000000180025095e-35 135.75536480686699 5050.5000000000009 0.69521084835931835 6151.5000000000009 10.500000000000002 16.500000000000004 0.84313847884979054 0.99351232050787985 26.570815450643781 0.86440767487108461 0.69056404122701587 202.912017167382 0.65021459227467815 5154.5000000000009 4.5000000000000009 7960.5000000000009 5.5000000000000009
decision_type=10 10 10 2 10 2 2 8 2 2 8 2 2 2 10 2 10 2 2 2 2 2 2 2 2 2 10 2 10 2
left_child=1 7 5 4 10 8 -4 26 12 21 -3 -10 14 28 -2 18 25 -17 -5 20 -18 -9 -13 -15 -7 -14 -1 -28 29 -8
right_child=2 3 6 15 -6 24 13 9 11 -11 -12 22 16 23 -16 17 19 -19 -20 -21 -22 -23 -24 -25 -26 -27 27 -29 -30 -31
leaf_value=-25.013744712703375 2.2022966671932411 3.5327484350099896 33.445890949918542 -13.829251265339146 7.1780042569179159 -0.84609958881369496 0.7560017910365332 -5.584333440342153 -1.5723160285965152 -9.5334736409757621 -2.1875969688982879 9.0693560141726266 -4.4970774030159646 3.4527840079130332 20.686585321756866 -8.9723358646747791 5.3596961653237942 5.289140564606214 -3.7173587583441532 1.2338552220829115 -2.604821955621651 1.7926242351135899 -0.19938610877957219 -9.8414684816625595 -9.442311767539378 2.8361919510843565 0.17755202771168116 -19.205354917625506 36.897351995624014 18.742666056382404
leaf_weight=2236 167 114 1922 741 382 241 117 407 385 669 619 189 143 99 655 217 1283 131 352 322 40 117 131 47 88 208 99 284 137 91
leaf_count=2236 167 114 1922 741 382 241 117 407 385 669 619 189 143 99 655 217 1283 131 352 322 40 117 131 47 88 208 99 284 137 91
internal_value=-0.0026397 -0.0297221 0.0248883 -0.0133359 0.00344982 0.0153127 0.0401616 -0.0407029 0.0178916 -0.0291039 -0.00905995 0.00290368 0.0216389 0.0194106 0.0325638 -0.0263176 0.0171257 -0.00945559 -0.0316728 0.0206865 0.0245846 -0.0152381 0.0183801 -0.00612245 -0.0122727 0.000426136 -0.0459733 -0.0334635 0.0302023 0.0186603
internal_weight=12633 6368 6265 2556 1115 3852 2413 3812 3523 1193 733 705 2818 491 822 1441 1996 348 1093 1645 1323 524 320 146 329 351 2619 383 345 208
internal_count=12633 6368 6265 2556 1115 3852 2413 3812 3523 1193 733 705 2818 491 822 1441 1996 348 1093 1645 1323 524 320 146 329 351 2619 383 345 208
is_linear=0
shrinkage=0.05


Tree=23
num_leaves=31
num_cat=0
split_feature=15 14 14 8 8 14 8 6 1 6 15 15 14 14 8 6 11 11 8 6 6 13 14 12 0 1 6 1 13 6
split_gain=3571.37 416.198 379.147 220.516 142.8 116.822 94.9731 89.9493 92.8021 67.0146 65.0715 62.1544 60.7915 48.9547 44.8727 44.0608 43.3126 41.8417 39.8746 39.8325 33.7949 33.4045 30.8641 30.7602 36.2825 27.7707 27.6612 27.4953 26.125 24.1547
threshold=5886.5000000000009 7132.0000000000009 5314.5000000000009 4.5000000000000009 4.5000000000000009 5847.5000000000009 4.5000000000000009 604.24678111587991 23.757376609442058 0.63948497854077269 5350.5000000000009 4909.5000000000009 6496.5000000000009 6624.5000000000009 1.5000000000000002 139.04077253218887 -0.93237865822738086 -0.022575793296316496 1.0000000180025095e-35 26.570815450643781 803.71888412017177 -0.54220090575550783 4870.5000000000009 0.99049901459377832 23.195278969957084 14.997773605150213 202.912017167382 13.551640736766812 0.21652658465572394 272.6266094420601
decision_type=10 10 10 2 2 10 2 2 2 2 8 8 10 10 2 2 2 2 2 2 2 2 10 2 2 2 2 2 2 2
left_child=2 4 11 5 7 10 -3 9 16 12 21 -1 18 25 19 27 -9 23 -2 22 -18 -4 -13 24 29 -5 -6 -8 -17 -11
right_child=1 6 3 13 26 -7 15 8 -10 17 -12 14 -14 -15 -16 28 20 -19 -20 -21 -22 -23 -24 -25 -26 -27 -28 -29 -30 -31
leaf_value=-26.338057477068197 9.963834419085698 37.051332461353468 -4.4988788673541427 -7.9485425466920336 -0.77556627820890756 6.0364272436057496 24.382005998797332 4.2946299424492054 8.5242952349999097 3.4315049186314583 -2.6706057839799087 -10.788488693379669 6.6731363542453437 -2.3504469552832918 -10.916735022260173 -7.8518942101832643 -0.60445847600437907 11.610200705619356 -1.0560497932388218 2.8573897544104057 -3.7834129361559463 4.7082511620287733 -3.2306711067622476 -3.8259953815153951 9.4330651167959338 -12.546142515462543 -9.8360834643329103 1.1263801928023214 4.1853712755063954 0.89686390644342284
leaf_weight=1878 171 1685 40 400 345 373 259 86 250 406 547 288 311 212 922 49 342 1221 436 64 157 119 239 60 287 833 142 68 103 303
leaf_count=1878 171 1685 40 400 345 373 259 86 250 406 547 288 311 212 922 49 342 1221 436 64 157 119 239 60 287 833 142 68 103 303
internal_value=-0.00242915 0.0226205 -0.0307218 -0.0160396 0.0139774 0.00106481 0.0406467 0.0170677 0.00245215 0.0208855 -0.0108911 -0.0416421 0.00946681 -0.0288036 -0.0340489 0.0209375 -0.0084471 0.0254829 0.000246711 -0.0232264 -0.0141 0.0171875 -0.0277462 0.0181646 0.0202608 -0.0326175 -0.0115779 0.03125 -0.00130719 0.0141549
internal_weight=12596 6681 5915 2524 4517 1079 2164 4030 835 3195 706 3391 918 1445 1513 479 585 2277 607 591 499 159 527 1056 996 1233 487 327 152 709
internal_count=12596 6681 5915 2524 4517 1079 2164 4030 835 3195 706 3391 918 1445 1513 479 585 2277 607 591 499 159 527 1056 996 1233 487 327 152 709
is_linear=0
shrinkage=0.05


Tree=24
num_leaves=31
num_cat=0
split_feature=15 15 14 14 15 6 13 10 12 10 14 14 15 1 12 12 10 13 12 14 12 0 7 1 13 1 10 12 6 1
split_gain=3278.41 441.46 377.835 113.393 83.173 80.4577 60.9954 54.8018 48.5674 47.9005 38.4603 37.6042 32.4584 31.5704 30.9451 36.304 45.9041 28.3567 27.9138 27.5506 26.181 24.9137 24.876 24.4209 28.7421 23.413 31.5091 26.1907 23.3607 22.2132
threshold=5853.5000000000009 7126.5000000000009 5397.5000000000009 6443.5000000000009 4909.5000000000009 566.36695278969967 0.78725816212489719 0.61237135649459018 0.99351232050787985 0.92922379131507438 6296.5000000000009 7197.5000000000009 6816.5000000000009 12.398408440629472 -0.89405649444168434 -0.95753797188986722 -0.59869031648930193 0.96407344085605606 -0.78326178756187226 6674.5000000000009 -0.39036798905311365 21.433261802575114 20.500000000000004 24.989891809728181 -0.52765736634565841 11.921982296137339 0.12545942051955489 -0.42180583328916638 13.180257510729616 26.688590844062947
decision_type=10 10 10 10 8 2 2 2 2 2 10 10 10 2 2 2 2 2 2 10 2 2 2 2 2 2 2 2 2 2
left_child=2 3 4 8 -1 11 14 25 9 12 -8 17 22 20 15 16 -4 -3 -15 -16 -6 28 23 24 -2 -5 29 -28 -11 -27
right_child=1 5 6 7 13 -7 10 -9 -10 21 -12 -13 -14 18 19 -17 -18 -19 -20 -21 -22 -23 -24 -25 -26 26 27 -29 -30 -31
leaf_value=-25.063182886122423 2.7746698767089812 18.681581149842852 0.84872127505832395 19.596724698056576 1.1315423860594365 -3.1481434553079 -1.8463641513856375 2.2187226155466533 -5.3378766108764921 -4.0276980844392254 7.4333769871614779 38.795064547061521 16.267503021248015 -4.8110896139379751 -6.0681823469939218 5.4197895675152727 -6.1669501866404524 3.3563665685765729 -10.048633042399207 1.0807835110177393 -6.5200585927188062 -7.0747474491815412 -0.71253376943539026 16.672904512861624 0.6034886409177489 5.2268455420357895 8.0280227525945076 -7.1216238343040459 1.4283784529196055 15.08714967645899
leaf_weight=1957 536 600 126 282 63 77 284 516 125 111 176 1472 159 227 1314 79 97 106 1171 124 232 71 250 75 811 1129 57 81 180 128
leaf_count=1957 536 600 126 282 63 77 284 516 125 111 176 1472 159 227 1314 79 97 106 1171 124 232 71 250 75 811 1129 57 81 180 128
internal_value=-0.00255211 0.0211467 -0.0299607 0.0121121 -0.0398247 0.0392066 -0.0135847 0.0202598 0.00439845 0.00613036 0.00260304 0.0409821 0.00941594 -0.0316706 -0.0178633 -0.00330033 -0.0136161 0.0314003 -0.0348106 -0.0209173 -0.016723 -0.0104683 0.00735206 0.00990864 0.0083457 0.0246424 0.0219556 -0.000719424 -0.00393836 0.0244436
internal_weight=12616 6766 5850 4511 3650 2255 2200 2193 2318 2193 460 2178 1831 1693 1740 302 223 706 1398 1438 295 362 1672 1422 1347 1677 1395 138 291 1257
internal_count=12616 6766 5850 4511 3650 2255 2200 2193 2318 2193 460 2178 1831 1693 1740 302 223 706 1398 1438 295 362 1672 1422 1347 1677 1395 138 291 1257
is_linear=0
shrinkage=0.05


Tree=25
num_leaves=31
num_cat=0
split_feature=15 14 14 8 8 14 8 11 15 1 12 0 0 15 8 15 1 1 15 1 10 1 8 10 10 12 14 8 1 10
split_gain=3189.02 430.199 392.679 257.946 128.571 125.396 92.7095 83.9492 69.9913 67.3019 80.3309 56.2549 55.9407 49.6799 47.0699 44.5591 39.5828 36.5147 33.6979 34.3922 33.6149 34.1099 30.8743 30.5147 27.8999 48.1983 33.9793 24.2921 29.1855 23.9351
threshold=5941.5000000000009 5204.5000000000009 7132.0000000000009 4.5000000000000009 4.5000000000000009 6195.5000000000009 4.5000000000000009 0.1318557721318592 5308.5000000000009 18.391586194563665 0.84660111278280559 8.9678111587982858 18.455793991416311 5691.5000000000009 1.0000000180025095e-35 5197.5000000000009 28.018329756795421 24.28397711015737 7126.5000000000009 11.886663984263235 -0.77245553105869302 23.02760640200286 1.0000000180025095e-35 -0.30983472475487867 0.62587949062545845 -0.77245553105869302 5741.5000000000009 3.5000000000000004 21.209504649499287 0.19337368024598436
decision_type=10 10 10 2 2 10 2 2 8 2 2 2 2 8 2 8 2 2 10 2 2 2 2 2 2 2 10 2 2 2
left_child=1 8 4 5 7 11 -4 9 -1 12 17 -3 -2 -5 -10 -13 20 27 19 -8 -12 -22 -9 -21 25 -17 -27 -11 -29 -19
right_child=2 3 6 13 -6 -7 18 22 14 10 16 15 -14 -15 -16 24 -18 29 -20 23 21 -23 -24 -25 -26 26 -28 28 -30 -31
leaf_value=-19.517995458908672 1.5553304422373913 5.1242104838114306 33.859012610932723 -10.764849859457582 -2.7609660703229566 14.088386310801845 14.365856752730179 20.970609460015567 -0.64901837194815926 3.4816732913907344 1.7558216674575762 1.9094527111255049 -3.2658315038375125 -2.5452194080069832 -16.540739044944441 2.040534723673932 10.727122400082363 12.512798911579559 22.442598671406543 3.067312240587853 -8.3913048576456735 -0.66824350171841618 5.2042674321608962 -6.6149358193457379 -3.5304439872079687 -3.26353183879678 0.50554705114191167 -1.7904283083317296 3.3013693871273748 2.386514741170322
leaf_weight=2661 367 74 1654 1389 427 216 129 549 183 767 97 158 196 324 203 124 59 207 190 62 71 215 1125 97 290 354 168 111 70 48
leaf_count=2661 367 74 1654 1389 427 216 129 549 183 767 97 158 196 324 203 124 59 207 190 62 71 215 1125 97 290 354 168 111 70 48
internal_value=-0.00284046 -0.0286086 0.0217401 -0.0154777 0.013051 0.000577617 0.0392874 0.0159155 -0.0419455 0.00950656 0.0146112 -0.00590248 -0.0054078 -0.0284422 -0.0219638 -0.00876712 -0.00361174 0.021304 0.019833 0.00899654 -0.00950521 -0.0181185 0.0243582 -0.0065625 -0.0129136 -0.00710974 -0.0137667 0.0167545 0.000274725 0.0380859
internal_weight=12585 6144 6441 3097 4309 1384 2132 3882 3047 2208 1645 1168 563 1713 386 1094 442 1203 478 288 383 286 1674 159 936 646 522 948 181 255
internal_count=12585 6144 6441 3097 4309 1384 2132 3882 3047 2208 1645 1168 563 1713 386 1094 442 1203 478 288 383 286 1674 159 936 646 522 948 181 255
is_linear=0
shrinkage=0.05


Tree=26
num_leaves=31
num_cat=0
split_feature=15 15 14 14 8 8 14 14 8 8 14 8 5 8 7 7 14 10 11 7 7 11 11 0 10 10 13 11 7 14
split_gain=3056.16 469.828 333.249 104.424 140.709 98.2992 79.3536 72.0933 171.235 70.7097 69.7163 68.624 58.3338 56.2351 53.0968 52.5588 48.2779 39.6495 39.3056 35.3456 33.3964 30.8772 29.9906 28.5789 27.6077 26.6545 28.9892 46.912 30.8709 24.731
threshold=6087.5000000000009 5069.5000000000009 7151.5000000000009 6138.5000000000009 4.5000000000000009 1.0000000180025095e-35 6253.5000000000009 5073.5000000000009 4.5000000000000009 4.5000000000000009 5289.5000000000009 4.5000000000000009 5.9859776013557093 4.5000000000000009 5.5000000000000009 17.500000000000004 5154.5000000000009 0.91596454896554913 0.64414586362404946 21.500000000000004 17.500000000000004 0.42763731121559989 0.77652048701313048 16.764163090128758 -0.21861968191509915 -0.8781231054254196 0.36447543099728863 -0.65883892954715351 6.5000000000000009 4630.5000000000009
decision_type=10 8 10 10 2 2 10 10 2 2 10 2 2 2 2 2 10 2 2 2 2 2 2 2 2 2 2 2 2 10
left_child=1 7 5 9 -5 10 -7 -1 -9 12 29 -4 14 17 16 22 -3 -8 20 25 -6 -21 -13 -19 -18 -16 27 -27 -28 -2
right_child=2 3 11 4 18 6 13 8 -10 -11 -12 15 -14 -15 19 -17 24 23 -20 21 -22 -23 -24 -25 -26 26 28 -29 -30 -31
leaf_value=-21.417526902274723 -2.6618632448039081 -8.233491582114949 32.416629433223534 6.9190506335783546 -9.3702634635809776 -0.79501553747263642 4.3688719982184923 1.8328241417550999 -16.145169385401939 -9.3200705945417219 21.311388396989788 -7.0679250260693154 3.3955967936115941 -1.1371967826105447 2.0673836546065787 18.279596286037624 0.67495773380860558 3.9791542052778368 2.3098504549843031 -4.1237628774026689 0.16272378099545223 1.2521037709768734 4.4295740818296281 -2.4642252845558006 -3.2669242257205271 -4.3966527646045739 -1.7659442535142036 -0.9095595726526654 4.26555009024064 3.1701549767331927
leaf_weight=1986 46 361 1651 332 363 721 1691 181 656 795 587 43 101 270 126 257 127 192 180 318 114 41 140 122 276 96 90 348 85 292
leaf_count=1986 46 361 1651 332 363 721 1691 181 656 795 587 43 101 270 126 257 127 192 180 318 114 41 140 122 276 96 90 348 85 292
internal_value=-0.00294702 -0.0265014 0.0228172 -0.0149041 -0.000959596 0.0142147 0.00980981 -0.0419086 -0.0295346 -0.0198915 0.0284557 0.038934 -0.014797 0.0143893 -0.0168004 0.0213152 -0.0269281 0.0172732 -0.0143617 -0.00977376 -0.0218619 -0.0226389 0.000815217 0.000952381 -0.0149752 -0.00355228 -0.00782258 -0.0146067 0.009375 0.0103245
internal_weight=12588 6576 6012 3753 989 3921 2996 2823 837 2764 925 2091 1969 2275 1868 440 764 2005 657 1104 477 359 183 314 403 745 619 444 175 338
internal_count=12588 6576 6012 3753 989 3921 2996 2823 837 2764 925 2091 1969 2275 1868 440 764 2005 657 1104 477 359 183 314 403 745 619 444 175 338
is_linear=0
shrinkage=0.05


Tree=27
num_leaves=31
num_cat=0
split_feature=7 8 11 11 7 1 7 7 6 2 6 0 7 8 1 12 11 11 8 0 1 11 1 6 8 7 0 12 12 7
split_gain=1806.39 1083.66 400.874 211.632 203.56 157.966 122.133 107.023 74.9856 95.8936 66.9149 59.3715 51.7789 49.7219 47.7132 46.4347 65.9367 47.3843 46.1541 45.8955 63.9891 37.4369 43.3933 35.5555 32.9802 32.231 32.1027 31.0926 30.7933 28.2792
threshold=6.5000000000000009 4.5000000000000009 0.31595530242620651 0.69521084835931835 21.500000000000004 12.534231938483549 9.5000000000000018 16.500000000000004 604.24678111587991 8.577467811158801 142.63948497854076 22.582618025751078 5.5000000000000009 4.5000000000000009 28.018329756795421 0.067682722635586057 0.99138911339924218 0.6174544326165855 5.5000000000000009 12.587768240343349 23.613863555078684 0.99530134160901229 9.6616371602289011 754.19313304721038 1.0000000180025095e-35 1.0000000180025095e-35 23.462660944206011 0.85223490906209554 0.94911049632748046 21.500000000000004
decision_type=2 2 2 2 2 2 2 2 2 2 2 2 2 2 2 2 2 2 2 2 2 2 2 2 2 2 2 2 2 2
left_child=5 2 4 7 8 18 -5 -3 11 23 -8 28 14 -14 -7 16 17 -4 21 -9 29 22 -1 -10 -24 -26 -6 -13 -2 -21
right_child=1 3 15 6 26 12 10 19 9 -11 -12 27 13 -15 -16 -17 -18 -19 -20 20 -22 -23 24 -25 25 -27 -28 -29 -30 -31
leaf_value=5.3785127448967165 3.0666590388684654 -15.058207847148561 5.2895573296237677 -13.903549658919747 -4.3954973625356386 -15.72121934084953 13.210569478398112 6.3770111431343146 0.71969090480861275 11.539608724065602 -1.2041375846822122 9.4839078954362321 -1.875315020112521 -27.441819056760348 1.7662631069490091 36.591315811117873 0.38344021164480185 18.579468039355881 -13.722663172505145 -2.8867647289807792 1.2405267409110365 -18.845290193239045 -7.4495966957958224 -1.9218793486929826 4.5537119139851487 -1.199702050941869 5.3786444230798232 2.4673881210368336 -3.6174188599733501 -12.172013386182698
leaf_weight=55 1393 1052 371 137 366 2413 349 82 383 224 257 452 293 114 45 1374 210 832 139 373 133 92 106 433 64 371 46 140 75 147
leaf_count=55 1393 1052 371 137 366 2413 349 82 383 224 257 452 293 114 45 1374 210 832 139 373 133 92 106 433 64 371 46 140 75 147
internal_value=-0.00337406 0.00890713 0.0200079 -0.0187278 0.00876744 -0.0327376 0.00369624 -0.0280481 0.013157 0.00220941 0.0133443 0.0186803 -0.0382938 -0.0216912 -0.0410329 0.0341643 0.0277581 0.0322674 -0.0134662 -0.0133832 -0.0178135 -0.00812772 -0.00351759 -0.00575275 -0.00784133 -0.00172018 -0.0242131 0.0320405 0.0132743 -0.0257198
internal_weight=12521 8829 6299 2530 3512 3692 743 1787 3100 1040 606 2060 2865 407 2458 2787 1413 1203 827 735 653 688 596 816 541 435 412 592 1468 520
internal_count=12521 8829 6299 2530 3512 3692 743 1787 3100 1040 606 2060 2865 407 2458 2787 1413 1203 827 735 653 688 596 816 541 435 412 592 1468 520
is_linear=0
shrinkage=0.05


Tree=28
num_leaves=31
num_cat=0
split_feature=15 14 14 8 14 15 8 14 14 14 8 15 6 8 0 8 15 7 7 6 8 14 8 7 0 1 10 14 14 15
split_gain=2648.54 473.576 344.615 241.398 139.001 104.452 98.169 74.9805 70.6668 70.4303 64.6433 54.6951 54.0024 47.3862 42.7566 39.0578 36.6733 33.0583 33.4286 37.71 33.2833 32.7042 29.9944 29.4923 31.9283 29.2599 28.752 28.6402 27.8045 47.053
threshold=6087.5000000000009 5178.5000000000009 7151.5000000000009 4.5000000000000009 6195.5000000000009 5350.5000000000009 1.0000000180025095e-35 6151.5000000000009 6417.5000000000009 5539.5000000000009 4.5000000000000009 5246.5000000000009 35.759656652360526 4.5000000000000009 10.346566523605151 1.0000000180025095e-35 4842.5000000000009 2.5000000000000004 9.5000000000000018 430.10944206008588 5.5000000000000009 7546.5000000000009 5.5000000000000009 9.5000000000000018 14.540128755364806 12.857054721030044 0.72695311118111527 5877.5000000000009 6551.5000000000009 6801.5000000000009
decision_type=10 10 10 2 10 10 2 10 10 10 2 8 2 2 2 2 8 2 2 2 2 10 2 2 2 2 2 10 10 10
left_child=1 5 6 4 11 16 9 -8 17 -2 21 -3 -12 28 -13 -7 -1 22 -19 20 -20 26 -5 -10 -25 -18 -4 -16 -9 -30
right_child=2 3 10 8 -6 15 7 13 23 -11 12 14 -14 -15 27 -17 25 18 19 -21 -22 -23 -24 24 -26 -27 -28 -29 29 -31
leaf_value=-23.085589590118527 3.4833743711490799 1.897948691497777 12.616257106757121 1.3583265437491037 10.939159357770814 -0.29106244877575593 -1.5514639563651145 1.117830708315978 -7.2474998277607714 23.242782852938127 17.710966961214265 1.9284415034323275 -0.081626513757692018 -1.4728680024893266 -2.6461696475840881 -13.681704469838406 -5.2322403325866169 -15.539195739404569 -9.2223123122968218 -14.013611608601696 -2.0287184403882295 46.616257106757125 -8.4946926139160492 12.102412059030712 -1.7652785840359912 -8.9851583738070531 6.950227157977543 0.084608803212222486 6.3584417158531323 2.3742947903851017
leaf_weight=1568 460 257 465 82 307 231 522 878 120 476 235 144 180 300 734 133 193 393 136 395 307 983 83 65 272 954 173 253 671 649
leaf_count=1568 460 257 465 82 307 231 522 878 120 476 235 144 180 300 734 133 193 393 136 395 307 983 83 65 272 954 173 253 671 649
internal_value=-0.00304675 -0.0248265 0.0210412 -0.0123697 0.00126769 -0.0391721 0.0124337 0.00804369 -0.0248382 0.0265742 0.0377516 -0.00547156 0.0200721 0.0116447 -0.0102032 -0.0139726 -0.0425442 -0.0304223 -0.0332386 -0.0275328 -0.017455 0.0422626 -0.00933735 -0.00775109 -0.000147929 -0.0356707 0.0333333 -0.013917 0.0141883 0.0187737
internal_weight=12619 6627 5992 3548 1695 3079 3956 3020 1853 936 2036 1388 415 2498 1131 364 2715 1396 1231 838 443 1621 165 457 337 1147 638 987 2198 1320
internal_count=12619 6627 5992 3548 1695 3079 3956 3020 1853 936 2036 1388 415 2498 1131 364 2715 1396 1231 838 443 1621 165 457 337 1147 638 987 2198 1320
is_linear=0
shrinkage=0.05


Tree=29
num_leaves=31
num_cat=0
split_feature=15 15 14 14 8 14 8 8 14 8 14 14 8 6 8 15 6 7 7 13 6 15 12 2 15 8 11 14 7 6
split_gain=2477.22 475.183 328.167 117.064 129.986 85.6602 78.9599 74.1684 63.8345 59.927 50.6185 49.7471 118.294 49.4684 47.753 47.6319 41.5883 55.5242 46.7102 38.5557 38.0172 35.8679 33.6358 34.2788 33.0843 43.2392 28.778 27.2152 40.1915 26.6315
threshold=6087.5000000000009 4947.5000000000009 7323.5000000000009 5539.5000000000009 4.5000000000000009 6195.5000000000009 1.5000000000000002 1.5000000000000002 6406.5000000000009 4.5000000000000009 5118.5000000000009 5062.5000000000009 4.5000000000000009 457.32618025751077 4.5000000000000009 5691.5000000000009 479.75965665236055 9.5000000000000018 5.5000000000000009 0.34841000145353967 35.759656652360526 6465.5000000000009 0.85784900197110281 4.6077253218884122 5412.5000000000009 4.5000000000000009 -0.64580103137750788 4837.5000000000009 5.5000000000000009 205.66309012875539
decision_type=10 8 10 10 2 10 2 2 10 2 10 10 2 2 2 8 2 2 2 2 2 10 2 2 8 2 2 10 2 2
left_child=1 11 6 7 5 15 13 27 -8 -4 -9 -1 -13 21 22 -5 17 18 -6 -15 -11 -2 23 29 25 -12 -24 28 -3 -10
right_child=2 3 9 4 16 -7 8 10 14 20 24 12 -14 19 -16 -17 -18 -19 -20 -21 -22 -23 26 -25 -26 -27 -28 -29 -30 -31
leaf_value=-20.380878894301123 2.3537670923749148 -8.5978096460722107 35.10985186283115 1.694030215915882 0.61073206660039436 10.169192482176573 -0.8070292586121468 -11.607694070043227 4.5803858164762463 19.716132170391667 -0.52716969656653423 3.5297883777553127 -15.641707086212683 -0.60658282772412808 -1.280497239080205 -1.0770010254694171 -10.571696157913038 -0.71453329139067145 -10.894271545566291 8.8290509107255737 0.88578765090542222 12.418478997656827 -2.2913196249481644 9.9437103247605592 -7.0569438857762634 -7.3818175728448985 3.8817784837447107 -0.36251098728760101 -1.5401402714160668 1.9473654166760299
leaf_weight=1731 300 145 1286 251 84 296 813 459 615 209 331 109 473 300 278 521 322 581 251 140 158 924 118 146 220 272 133 394 174 481
leaf_count=1731 300 145 1286 251 84 296 813 459 615 209 331 109 473 300 278 521 322 581 251 140 158 924 118 146 220 272 133 394 174 481
internal_value=-0.00347955 -0.0244898 0.0200695 -0.014656 -0.00697876 0.00579981 0.0127089 -0.023522 0.00723404 0.0389661 -0.0307093 -0.0427615 -0.0300172 0.0212012 0.0125564 -0.00297542 -0.0179984 -0.0125409 -0.0287202 0.00680272 0.0210598 0.0263673 0.0160977 0.019469 -0.0232403 -0.0171358 -0.000595238 -0.0105742 -0.0214063 0.0164084
internal_weight=12515 6614 5901 4301 2306 1068 4248 1995 2584 1653 1282 2313 582 1664 1771 772 1238 916 335 440 367 1224 1493 1242 823 603 251 713 319 1096
internal_count=12515 6614 5901 4301 2306 1068 4248 1995 2584 1653 1282 2313 582 1664 1771 772 1238 916 335 440 367 1224 1493 1242 823 603 251 713 319 1096
is_linear=0
shrinkage=0.05


Tree=30
num_leaves=31
num_cat=0
split_feature=15 15 14 14 8 8 14 8 8 14 14 7 8 7 3 14 8 12 14 1 12 1 12 8 7 14 12 12 15 14
split_gain=2335.9 469.539 373.965 116.242 114.18 80.7094 81.1231 72.2968 71.0668 60.8154 53.4321 64.7776 52.3548 49.2828 45.6104 45.0652 120.71 40.8083 34.5438 34.446 34.0717 35.7758 33.7814 33.2118 32.2962 30.1764 28.6353 27.9982 27.4923 26.9475
threshold=6011.5000000000009 4947.5000000000009 7171.5000000000009 6208.5000000000009 4.5000000000000009 1.0000000180025095e-35 5635.5000000000009 4.5000000000000009 4.5000000000000009 6244.5000000000009 5178.5000000000009 5.5000000000000009 4.5000000000000009 17.500000000000004 7.0293991416309014 5094.5000000000009 4.5000000000000009 0.99351232050787985 7546.5000000000009 24.139610157367667 0.84660111278280559 27.061847281831188 -0.77245553105869302 5.5000000000000009 20.500000000000004 4630.5000000000009 0.94911049632748046 0.84313847884979054 5286.5000000000009 5301.5000000000009
decision_type=10 8 10 10 2 2 10 2 2 10 10 2 2 2 2 10 2 2 10 2 2 2 2 2 2 10 2 2 10 10
left_child=1 15 5 8 -5 6 24 18 10 26 11 -3 17 -9 28 -1 -17 19 -4 22 -21 -22 -11 -6 25 -2 -7 -13 -12 -10
right_child=2 3 7 4 23 9 -8 13 29 12 14 27 -14 -15 -16 16 -18 -19 -20 20 21 -23 -24 -25 -26 -27 -28 -29 -30 -31
leaf_value=-19.262697382208991 -2.9113569024525989 -6.060432631617096 9.7188609391092768 9.8078519774787996 -4.0647557314261578 -0.26237580100880681 21.646971408933542 -0.14412131507749565 -13.689266969192524 4.9108199534751522 0.40950407662107868 0.73269411673845752 -1.5207233402297788 15.027342396085693 3.0409628135252662 4.1873128296795814 -14.866624216323864 -4.722704254278324 42.529951658277696 9.0494741448204881 -1.9207805818367889 8.2628379179249354 1.6609644521993232 6.7144395097283001 -4.1311929575177606 5.2809867413876876 -4.0357444162279537 -5.9599795753583296 -1.7121944525032633 -6.7573249263953592
leaf_weight=1803 60 620 586 238 467 688 434 186 239 382 237 260 303 244 107 90 404 52 970 191 46 46 1374 89 41 463 125 57 903 805
leaf_count=1803 60 620 586 238 467 688 434 186 239 382 237 260 303 244 107 90 404 52 970 191 46 46 1374 89 41 463 125 57 903 805
internal_value=-0.00316521 -0.0245491 0.0186612 -0.0142431 0.00289308 0.0102116 0.0226226 0.0365375 -0.0184577 0.00634352 -0.0133181 -0.0223348 0.0103549 0.0183295 -0.00653045 -0.0425805 -0.0290909 0.0131692 0.0415543 0.0142892 0.0304577 0.00537634 0.0116676 -0.00951526 0.0100885 0.0134542 -0.00546683 -0.00393082 -0.00946538 -0.0291866
internal_weight=12510 6319 6191 4022 794 4205 998 1986 3228 3207 2184 937 2394 430 1247 2297 494 2091 1556 2039 283 92 1756 556 564 523 813 317 1140 1044
internal_count=12510 6319 6191 4022 794 4205 998 1986 3228 3207 2184 937 2394 430 1247 2297 494 2091 1556 2039 283 92 1756 556 564 523 813 317 1140 1044
is_linear=0
shrinkage=0.05


Tree=31
num_leaves=31
num_cat=0
split_feature=14 14 14 8 8 7 8 8 8 8 8 14 1 1 14 12 6 8 7 14 6 13 11 12 2 6 2 10 12 1
split_gain=1977.93 434.312 337.863 294.132 292.103 159.363 138.264 110.37 101.235 89.6117 62.333 60.3714 58.3061 57.1009 50.5488 42.1728 41.9485 33.288 32.9063 31.2336 30.637 36.6186 30.4697 27.6604 26.2243 38.1988 26.4293 25.7513 25.4449 25.0791
threshold=5950.5000000000009 7248.5000000000009 5017.5000000000009 4.5000000000000009 4.5000000000000009 5.5000000000000009 1.0000000180025095e-35 1.0000000180025095e-35 4.5000000000000009 1.0000000180025095e-35 5.5000000000000009 6443.5000000000009 24.548640915593708 10.282211194563663 7656.5000000000009 0.99351232050787985 1.0000000180025095e-35 5.5000000000000009 21.500000000000004 5397.5000000000009 265.33905579399146 0.063390085881955341 0.29958852271690523 0.98901264295277169 9.9105150214592275 469.70171673819749 4.6077253218884122 -0.38242426011641079 0.84660111278280559 14.437133404864094
decision_type=10 10 10 2 2 2 2 2 2 2 2 10 2 2 10 2 2 2 2 10 2 2 2 2 2 2 2 2 2 2
left_child=2 4 5 6 9 -1 16 -7 20 -2 12 -11 22 -8 17 24 -4 -10 23 -5 -3 -22 -6 27 25 -13 -27 29 -28 -15
right_child=1 8 3 19 10 7 13 -9 14 11 -12 15 -14 18 -16 -17 -18 -19 -20 -21 21 -23 -24 -25 -26 26 28 -29 -30 -31
leaf_value=-15.748700080475601 28.361544352300871 34.090978106081913 -0.18545623518602952 -12.769859880228957 -8.8451140229833527 -0.40460795490944296 5.1786252127016272 -26.029975269359262 -3.339911635558042 0.59058807661531321 0.51676128664257703 5.0416284341621127 1.6938181846789122 3.4417620627009002 16.48314207128551 -4.7867847680892739 9.7147832738158755 9.1182733585315425 -3.9629376496483477 -6.7507569271836481 0.31276138486323363 19.898092903848148 -3.457168826012321 -5.8278969919780144 13.78066447111628 -2.2279263712535795 7.6705658025875216 -1.6026904942018065 -0.85538462960369088 -0.094241080150231943
leaf_weight=1929 294 1226 189 580 407 463 80 258 160 1263 415 1348 99 55 274 45 401 51 289 662 101 183 235 87 69 215 86 802 50 331
leaf_count=1929 294 1226 189 580 407 463 80 258 160 1263 415 1348 99 55 274 45 401 51 289 662 101 183 235 87 69 215 86 802 50 331
internal_value=-0.00334836 0.0158157 -0.0237473 -0.0134886 0.00724542 -0.0371935 -0.00263982 -0.0171053 0.0352455 0.0146841 -0.0144339 0.0121547 -0.0231132 -0.0100912 0.0153292 0.0179989 0.0181049 -0.00306604 -0.0122045 -0.0329847 0.0416281 0.0266667 -0.0286159 -0.00873824 0.0192199 0.0179706 0.00326705 -0.00672834 0.020438 0.00387597
internal_weight=12647 6521 6126 3476 4526 2650 2234 721 1995 3370 1156 3076 741 1644 485 1813 590 211 1564 1242 1510 284 642 1275 1768 1699 351 1188 136 386
internal_count=12647 6521 6126 3476 4526 2650 2234 721 1995 3370 1156 3076 741 1644 485 1813 590 211 1564 1242 1510 284 642 1275 1768 1699 351 1188 136 386
is_linear=0
shrinkage=0.05


Tree=32
num_leaves=31
num_cat=0
split_feature=15 14 14 8 8 14 11 12 0 15 8 14 8 11 15 10 11 14 12 1 14 8 1 1 3 8 10 14 10 12
split_gain=2169.82 388.118 346.596 213.646 101.644 90.6072 81.5487 75.2437 69.2222 66.8193 68.2869 57.2504 52.1782 51.5237 48.0688 38.6045 35.4757 49.5871 42.1162 33.6298 33.5592 32.0435 30.5436 29.4808 29.4468 29.3068 28.6795 27.2485 26.0068 22.7165
threshold=5798.5000000000009 7464.5000000000009 5132.5000000000009 4.5000000000000009 2.5000000000000004 5741.5000000000009 0.47369649395226454 0.84660111278280559 26.003862660944211 4958.5000000000009 1.5000000000000002 6455.5000000000009 4.5000000000000009 0.98899263613956456 5272.5000000000009 -0.0053757284505435614 0.45847758937963173 6484.5000000000009 0.67799886003753596 28.018329756795421 5397.5000000000009 4.5000000000000009 11.886663984263235 12.353585479256081 2.0920600858369114 5.5000000000000009 -0.74441730022405961 4870.5000000000009 0.69056404122701587 0.75721938155395518
decision_type=10 10 10 2 2 10 2 2 2 8 2 10 2 2 8 2 2 10 2 2 10 2 2 2 2 2 2 10 2 2
left_child=2 4 9 5 6 14 7 8 16 -1 27 28 -3 -8 -4 -15 17 18 -2 26 -5 -13 -22 -16 -14 -23 -9 -11 -6 -26
right_child=1 12 3 20 11 -7 13 19 -10 10 -12 21 24 15 23 -17 -18 -19 -20 -21 22 25 -24 -25 29 -27 -28 -29 -30 -31
leaf_value=-17.117149069890321 0.21800916013537519 34.951130082692409 0.82301652384289814 -11.151878248732102 -0.52006117321172951 4.7140735621734171 11.097908061770068 -0.057136477992980876 9.0469607929885338 -5.1604791168167141 -9.6743506710595977 3.0318155315899049 -1.0295395902587188 -13.25797068794966 1.3009066630054349 27.70083893206511 -9.803016195005263 5.3194439502992514 10.428239641805749 8.5626305519601598 -1.0668343702142919 -2.4175068893375511 -6.7978340847940224 -3.2431032836446776 20.841402811442823 4.0011093267867865 -3.0765481224808813 0.39206731142915036 -2.9509430471494627 8.7714052601670573
leaf_weight=1845 850 1102 339 404 712 385 850 111 264 287 452 1076 80 68 101 56 42 410 106 58 183 274 1032 428 163 176 151 156 298 103
leaf_count=1845 850 1102 339 404 712 385 850 111 264 287 452 1076 80 68 101 56 42 410 106 58 183 274 1032 428 163 176 151 156 298 103
internal_value=-0.00304863 0.0156237 -0.0261714 -0.0140271 0.00955842 0.00147528 0.0158409 0.0100351 0.0142857 -0.0388909 -0.0276228 0.00220733 0.0386473 0.0276923 -0.00747986 -0.0024 0.00986515 0.0112655 0.00501567 -0.0121495 -0.0260185 0.00831696 -0.0218339 -0.0168868 0.0216138 -0.00288248 -0.0197719 -0.0136261 -0.00702275 0.029588
internal_weight=12562 6950 5612 2872 5502 1253 2966 1992 1672 2740 895 2536 1448 974 868 124 1408 1366 956 320 1619 1526 1215 529 346 450 262 443 1010 266
internal_count=12562 6950 5612 2872 5502 1253 2966 1992 1672 2740 895 2536 1448 974 868 124 1408 1366 956 320 1619 1526 1215 529 346 450 262 443 1010 266
is_linear=0
shrinkage=0.05


Tree=33
num_leaves=31
num_cat=0
split_feature=15 14 14 8 8 8 14 14 14 15 8 8 15 15 7 14 14 10 10 14 3 10 14 1 15 7 7 3 7 7
split_gain=2007.49 390.488 378.049 225.194 84.0809 82.4701 90.5738 77.3463 75.1412 63.2285 60.2634 48.3136 51.7884 45.7092 44.9144 41.9588 40.803 40.062 38.8607 38.2223 34.7395 32.7068 31.9243 30.7416 29.7737 28.8705 49.4209 40.8382 26.3964 24.625
threshold=5798.5000000000009 7151.5000000000009 5094.5000000000009 4.5000000000000009 4.5000000000000009 1.0000000180025095e-35 6244.5000000000009 6266.5000000000009 5648.5000000000009 4772.5000000000009 1.5000000000000002 3.5000000000000004 6480.5000000000009 5012.5000000000009 17.500000000000004 7881.5000000000009 5497.5000000000009 0.94704596667653973 0.67802080537253961 6539.5000000000009 2.0920600858369114 0.89787622492179153 4880.5000000000009 10.847456187410589 5431.5000000000009 2.5000000000000004 9.5000000000000018 0.94549356223175984 5.5000000000000009 22.500000000000004
decision_type=10 10 10 2 2 2 10 10 10 8 2 2 10 8 2 10 10 2 2 10 2 2 10 2 8 2 2 2 2 2
left_child=2 5 9 7 15 8 -7 13 -2 -1 22 12 -8 -4 23 18 29 -13 -3 25 21 -20 28 -6 -18 -5 -27 -28 -11 -15
right_child=1 4 3 19 14 6 11 -9 -10 10 -12 17 -14 16 -16 -17 24 -19 20 -21 -22 -23 -24 -25 -26 26 27 -29 -30 -31
leaf_value=-20.430838839268745 2.3707503230862588 11.766501936502165 3.8252922464218728 -2.1841525628929506 10.471591534612617 -1.1813907607046532 5.4299893665314585 12.291148073315822 19.625160820298063 -7.3583496196765283 -8.555407622957274 1.0040407529368396 1.649047866158071 -1.286138024040929 11.113783018956884 50.100756277336956 3.6073974978233765 -6.5517157038131701 -6.269811536582802 -1.718403196738973 11.117614373038078 5.5907590571625407 0.12115206061198479 -3.6950998947374956 -0.02883623061632079 -13.19007018360942 -7.336028513203928 1.44502065837371 -1.9604602390684249 -5.4105840936460714
leaf_weight=1318 661 701 124 184 58 1233 526 150 413 310 755 818 1094 486 242 660 85 127 53 235 169 57 142 166 392 456 708 120 130 108
leaf_count=1318 661 701 124 184 58 1233 526 150 413 310 755 818 1094 486 242 660 85 127 53 235 169 57 142 166 392 456 708 120 130 108
internal_value=-0.00326841 0.0147156 -0.0252717 -0.0132502 0.0327005 0.00693618 0.0034746 0.00204309 0.0191628 -0.0390625 -0.0313528 0.00882697 0.0140654 -0.00221572 0.0139186 0.0380256 -0.00555037 -0.000158562 0.0313965 -0.0253228 0.0155357 -0.00630631 -0.019211 -0.00222222 0.00533473 -0.0283186 -0.0309728 -0.0236429 -0.0258503 -0.0142857
internal_weight=12681 6978 5703 3048 2106 4872 3798 1345 1074 2655 1337 2565 1620 1195 466 1640 1071 945 980 1703 279 110 582 224 477 1468 1284 828 440 594
internal_count=12681 6978 5703 3048 2106 4872 3798 1345 1074 2655 1337 2565 1620 1195 466 1640 1071 945 980 1703 279 110 582 224 477 1468 1284 828 440 594
is_linear=0
shrinkage=0.05


Tree=34
num_leaves=31
num_cat=0
split_feature=15 15 14 8 6 14 14 8 8 14 12 0 12 15 14 2 14 15 1 1 7 14 7 6 1 14 8 14 15 7
split_gain=1914.19 417.279 333.78 253.415 104.443 102.919 98.6952 81.9421 68.3401 63.0172 57.4949 42.2055 51.7745 40.3355 39.7046 38.6941 37.1385 43.7672 36.0806 36.0638 33.4102 30.491 29.6812 34.8367 38.6301 28.8274 28.2893 27.0797 25.5004 25.2768
threshold=5798.5000000000009 7256.5000000000009 4926.5000000000009 4.5000000000000009 296.36909871244637 6455.5000000000009 5686.5000000000009 4.5000000000000009 1.5000000000000002 5397.5000000000009 0.99351232050787985 8.5442060085836928 -0.77245553105869302 5361.5000000000009 7622.5000000000009 2.5049356223175931 7029.5000000000009 6857.5000000000009 11.799213161659514 11.886663984263235 16.500000000000004 4630.5000000000009 20.500000000000004 512.36695278969967 20.909321351931336 5847.5000000000009 1.5000000000000002 7596.5000000000009 5655.5000000000009 13.500000000000002
decision_type=10 10 10 2 2 10 10 2 2 10 2 2 2 10 10 2 10 10 2 2 2 10 2 2 2 10 2 10 10 2
left_child=2 5 13 6 14 8 11 16 10 -5 21 -4 -13 -1 -3 26 17 -7 27 -11 -21 -2 23 29 -25 -10 -14 -9 -8 -23
right_child=1 4 3 9 -6 7 28 18 25 19 -12 12 15 -15 -16 -17 -18 -19 -20 20 -22 22 -24 24 -26 -27 -28 -29 -30 -31
leaf_value=-15.301185428199439 -3.2927212316065382 11.894757199146079 4.6376687836743713 -11.94887994056603 5.2592545518879206 4.3244176133375278 5.6032792048200921 0.99913217853509195 -4.7921585767645638 -0.89248399496837016 -5.4195994807846546 1.3290061335205792 -0.67454613385489215 -3.2889600512574364 40.946014657764181 6.4298739615709115 9.1421312451375343 -0.25599245031244211 -1.8326843696469042 -8.4458496446634399 -1.8873096341228122 4.1268549306721525 -1.0380385219104029 -1.454427894950004 3.6561909945099615 -0.62254052189318831 -3.0183212761398863 20.234181899329361 0.14505547914945965 10.438031255670786
leaf_weight=1924 79 722 68 703 368 930 283 151 268 194 54 217 227 109 840 53 553 327 391 793 249 394 154 175 168 1083 688 71 177 227
leaf_count=1924 79 722 68 703 368 930 283 151 268 194 54 217 227 109 840 53 553 327 391 793 249 394 154 175 168 1083 688 71 177 227
internal_value=-0.00332252 0.0142683 -0.0248417 -0.0157952 0.0340238 0.00667529 -0.00177946 0.0140883 -0.000230503 -0.0281701 0.0081869 -0.00905104 -0.0112563 -0.0410767 0.0396673 -0.0162023 0.0194368 0.0146661 -0.0017101 -0.021342 -0.025024 0.0104758 0.0126005 0.0158549 0.00305233 -0.00802515 -0.0186135 0.0143498 0.0180043 0.02291
internal_weight=12640 6955 5685 3652 1930 5025 1713 2423 2602 1939 1251 1253 1185 2033 1562 968 1810 1257 613 1236 1042 1197 1118 964 343 1351 915 222 460 621
internal_count=12640 6955 5685 3652 1930 5025 1713 2423 2602 1939 1251 1253 1185 2033 1562 968 1810 1257 613 1236 1042 1197 1118 964 343 1351 915 222 460 621
is_linear=0
shrinkage=0.05


Tree=35
num_leaves=31
num_cat=0
split_feature=15 15 15 14 8 11 4 6 8 12 14 6 4 7 15 8 7 12 6 15 5 14 14 13 7 11 8 15 14 8
split_gain=1879.62 367.189 330.833 84.7207 115.226 78.3134 89.2221 69.6792 66.1009 59.9005 59.1102 48.2239 56.9931 49.8931 47.6657 44.9264 41.3734 38.1494 37.9334 37.7447 35.0116 33.2843 31.5383 30.1465 30.0778 27.6148 27.4895 27.0543 37.5261 26.6454
threshold=5811.5000000000009 7502.5000000000009 4809.5000000000009 5539.5000000000009 4.5000000000000009 0.31595530242620651 8.4979911584298851 371.25751072961378 3.5000000000000004 0.82048548965790546 4880.5000000000009 723.20171673819743 0.7650091639190254 20.500000000000004 6673.5000000000009 3.5000000000000004 5.5000000000000009 0.91593490216309192 371.25751072961378 5431.5000000000009 2.4828621636058874 5425.5000000000009 6359.5000000000009 0.011826363350393306 17.500000000000004 0.99138911339924218 1.5000000000000002 5257.5000000000009 5154.5000000000009 1.0000000180025095e-35
decision_type=10 10 8 10 2 2 2 2 2 2 10 2 2 2 10 2 2 2 2 8 2 10 10 2 2 2 2 8 8 2
left_child=2 5 21 8 19 6 11 25 10 14 16 12 13 15 -7 24 -4 -14 -16 -5 26 -1 -21 -6 -2 -3 -12 28 -28 -11
right_child=1 7 3 4 23 9 -8 -9 -10 29 20 -13 17 -15 18 -17 -18 -19 -20 22 -22 -23 -24 -25 -26 -27 27 -29 -30 -31
leaf_value=-16.869237625895359 0.53638816867132844 34.750367503159076 -7.9527585603444102 6.7684359536370273 -7.1818362971912393 3.2839426568398498 11.479816357154869 4.3326395593365987 -6.1912270333920336 11.168395148774881 0.35187709906294917 -1.5722994516656854 4.5390080263715396 -3.0574500048720896 10.06686673647571 -1.1939646254757008 -1.487073799691325 -0.49886313854231051 1.0353551043449216 -0.20545124740065149 1.2330113412147967 -8.0827837874274575 14.839244125301366 -1.9804664006903749 3.3445510226987611 19.107674987355722 -2.1908749620298296 -4.4540721055051113 1.2523375675625177 -0.7563644117206878
leaf_weight=1610 829 1113 415 135 589 882 227 158 952 67 203 461 425 323 810 471 137 149 112 424 210 102 67 439 309 128 157 150 92 453
leaf_count=1610 829 1113 415 135 589 882 227 158 952 67 203 461 425 323 810 471 137 149 112 424 210 102 67 439 309 128 157 150 92 453
internal_value=-0.00276587 0.0147369 -0.0240718 -0.016142 -0.00749245 0.00893278 0.00384977 0.0376071 -0.0223133 0.015914 -0.0152381 0.00153302 0.00426805 0.000155199 0.0202216 0.00375776 -0.0278481 0.018087 0.028169 0.00940989 -0.00664207 -0.0424402 0.00294715 -0.0177843 0.00913082 0.0415862 -0.0127695 -0.020375 -0.0102 0.000959693
internal_weight=12599 6917 5682 3970 1654 5518 3194 1399 2316 2324 1364 2967 2506 1932 1804 1609 552 574 922 626 812 1712 491 1028 1138 1241 602 399 249 520
internal_count=12599 6917 5682 3970 1654 5518 3194 1399 2316 2324 1364 2967 2506 1932 1804 1609 552 574 922 626 812 1712 491 1028 1138 1241 602 399 249 520
is_linear=0
shrinkage=0.05


Tree=36
num_leaves=31
num_cat=0
split_feature=15 14 15 8 14 11 15 13 14 8 8 8 15 14 8 14 11 6 13 10 1 8 6 6 6 6 6 6 2 14
split_gain=1664.19 360.156 321.831 79.1323 85.8308 68.9471 68.4996 64.3532 57.3908 137.732 57.2622 54.4618 48.5561 45.8696 90.3822 42.3967 41.7757 39.2991 39.6434 38.5735 52.3479 35.0429 44.9949 34.3463 33.9104 33.5841 31.3147 56.4953 33.7111 24.8439
threshold=5798.5000000000009 7519.5000000000009 4909.5000000000009 4.5000000000000009 6484.5000000000009 0.6174544326165855 6933.5000000000009 0.99138911339924218 4915.5000000000009 4.5000000000000009 4.5000000000000009 1.0000000180025095e-35 6636.5000000000009 5509.5000000000009 4.5000000000000009 6220.5000000000009 0.99349222267034787 276.42060085836914 0.34841000145353967 -0.51297808981038739 11.500912017167385 2.5000000000000004 72.500000000000014 202.912017167382 303.31759656652366 14.304721030042918 0.77038626609442062 706.72532188841205 8.6843347639484971 6953.5000000000009
decision_type=10 10 8 2 10 2 10 2 10 2 2 2 10 10 2 10 2 2 2 2 2 2 2 2 2 2 2 2 2 10
left_child=2 3 8 4 6 7 26 13 -1 -10 24 -6 -13 21 15 -15 -8 29 -19 -7 -21 22 -4 -5 -3 -12 -2 -28 -29 -14
right_child=1 10 5 23 11 19 16 -9 9 -11 25 12 17 14 -16 -17 -18 18 -20 20 -22 -23 -24 -25 -26 -27 27 28 -30 -31
leaf_value=-15.614180573509476 -1.2268716846052259 35.360899355423953 -3.6638572913010652 -0.065935438145493214 47.352799001936141 2.7984682557460019 12.787467074990765 8.7428626898926947 1.8089006826678542 -11.999642560040934 16.812849128001108 6.3600613187664976 1.2061477455824843 -0.27527472732226671 -6.1398293620652113 10.925396448852418 -8.9388522155901224 -2.7430151259464992 3.5104412092175155 1.8515046042267387 -2.6300942286107105 -5.8141141037377118 7.3912957562864454 -5.6146789051477759 9.6677294578564226 0.64328274455383516 1.8672269642344874 -1.676280273612224 8.1395363526029545 4.7281360452749146
leaf_weight=1432 626 869 591 518 155 195 347 48 156 562 165 604 374 321 684 117 59 294 221 283 438 771 47 230 143 148 1129 384 85 589
leaf_count=1432 626 869 591 518 155 195 347 48 156 562 165 604 374 321 684 117 59 294 221 283 438 771 47 230 143 148 1129 384 85 589
internal_value=-0.00307087 0.0133266 -0.0232288 0.00779024 0.0101171 -0.0138587 0.00399088 -0.0180426 -0.0384472 -0.0268428 0.0367647 0.0173146 0.0151704 -0.0191351 -0.0115761 0.00615034 0.0228501 0.0102772 -0.000872093 -0.00207197 -0.00740997 -0.0251418 -0.0164319 -0.00734312 0.0425469 0.0179936 0.000539326 0.00425266 -0.0103191 0.0162344
internal_weight=12585 6940 5645 5615 4867 3495 2630 2579 2150 718 1325 2237 2082 2531 1122 438 406 1478 515 916 721 1409 638 748 1012 313 2224 1598 469 963
internal_count=12585 6940 5645 5615 4867 3495 2630 2579 2150 718 1325 2237 2082 2531 1122 438 406 1478 515 916 721 1409 638 748 1012 313 2224 1598 469 963
is_linear=0
shrinkage=0.05


Tree=37
num_leaves=31
num_cat=0
split_feature=15 14 15 11 1 14 15 14 0 11 6 6 12 6 7 7 11 14 13 12 7 12 1 12 0 11 13 12 7 1
split_gain=1533.77 355.961 334.558 83.5015 112.209 67.4282 60.95 53.9358 45.8749 44.7561 43.544 37.2414 35.7911 32.5541 35.7716 32.0978 34.6313 32.0272 32.0405 31.535 30.5635 30.336 55.091 29.5013 34.9893 28.2371 27.1035 27.0069 26.9163 26.7461
threshold=5811.5000000000009 7596.5000000000009 4909.5000000000009 0.31595530242620651 24.989891809728181 5497.5000000000009 6673.5000000000009 4915.5000000000009 23.704506437768242 0.56191161272202661 398.19527896995714 391.36695278969961 -0.39036798905311365 754.19313304721038 20.500000000000004 21.500000000000004 0.98899263613956456 7444.5000000000009 -0.22701029611497395 0.84660111278280559 15.500000000000002 0.92919371535393525 24.839663805436338 -0.015051239303264097 9.428540772532191 0.26659387353423869 0.95111414672704442 -0.96688789938088693 4.5000000000000009 12.814882868383407
decision_type=10 10 8 2 2 10 10 10 2 2 2 2 2 2 2 2 2 10 2 2 2 2 2 2 2 2 2 2 2 2
left_child=2 3 7 4 13 9 27 -1 -6 21 -3 15 -11 14 25 16 -8 18 -7 -10 -18 22 28 -14 -25 -2 -9 -5 -4 -13
right_child=1 10 5 6 8 17 11 26 19 12 -12 29 23 -15 -16 -17 20 -19 -20 -21 -22 -23 -24 24 -26 -27 -28 -29 -30 -31
leaf_value=-14.944635499613652 0.81367480871467712 28.562722366213531 -4.4864909277927385 6.7302991459609531 -0.6675102200959373 -3.088151804113318 10.569503730599127 -9.5357764194956882 12.608474562047377 1.0971341917589144 -0.12187195869141761 5.6670659052012526 -18.457092838715973 -1.7450517698565138 -2.1789311092167964 0.68618619970166039 -9.7522416121133588 25.47494305754558 0.00167471680779272 2.5016110889205496 14.245673673211559 -9.141597147473659 2.1304589290754623 2.4059110546166269 -1.898188825026955 -2.1366972770995747 0.81591213758010783 0.57120505089851581 -3.6198392065186682 -5.0251366686465877
leaf_weight=1415 1994 1117 449 118 77 744 927 648 245 197 72 114 76 424 320 157 65 42 848 172 73 165 80 72 183 87 70 901 630 80
leaf_count=1415 1994 1117 449 118 77 744 927 648 245 197 72 114 76 424 320 157 65 42 848 172 73 165 80 72 183 87 70 901 630 80
internal_value=-0.00292128 0.0127952 -0.0223399 0.00764553 0.00248494 -0.0127904 0.0146757 -0.0379335 0.0244444 -0.01932 0.0376891 0.0213832 -0.00699433 -0.00136235 0.000895087 0.0246116 0.0277205 -0.00538226 -0.00652856 0.0309809 0.00431655 -0.0242264 -0.0213362 -0.0170181 -0.00878906 0.00329011 -0.0267038 0.00534314 -0.0243056 0.00102564
internal_weight=12562 6943 5619 5754 3319 3486 2435 2133 494 1852 1189 1416 528 2825 2401 1222 1065 1634 1592 417 138 1324 1159 331 255 2081 718 1019 1079 194
internal_count=12562 6943 5619 5754 3319 3486 2435 2133 494 1852 1189 1416 528 2825 2401 1222 1065 1634 1592 417 138 1324 1159 331 255 2081 718 1019 1079 194
is_linear=0
shrinkage=0.05


Tree=38
num_leaves=31
num_cat=0
split_feature=15 15 15 14 8 14 14 8 12 8 7 10 2 6 7 6 14 12 1 2 8 7 7 14 6 6 1 1 12 8
split_gain=1504.33 384.522 302.157 96.6566 85.4201 91.9989 73.3725 65.2099 69.7539 61.9286 56.4415 49.9664 49.9149 85.9701 44.2552 40.2732 51.2942 39.0475 38.9058 38.8357 35.8892 35.7354 33.9684 37.4077 31.3623 30.1692 29.9643 27.1732 37.9881 26.7085
threshold=6087.5000000000009 4772.5000000000009 7894.5000000000009 6385.5000000000009 4.5000000000000009 4940.5000000000009 7596.5000000000009 4.5000000000000009 0.99351232050787985 4.5000000000000009 5.5000000000000009 0.62587949062545845 9.2184549356223187 469.70171673819749 17.500000000000004 0.63948497854077269 6788.5000000000009 -0.77245553105869302 10.946199928469243 0.65815450643776796 5.5000000000000009 8.5000000000000018 2.5000000000000004 5154.5000000000009 190.32188841201719 538.94635193133058 14.698891273247497 23.852119098712446 0.84660111278280559 1.5000000000000002
decision_type=10 8 10 10 2 10 10 2 2 2 2 2 2 2 2 2 10 2 2 2 2 2 2 10 2 2 2 2 2 2
left_child=1 -1 6 4 5 10 7 8 12 -5 -3 17 13 15 22 16 -2 -7 -19 -20 -16 -11 23 -6 -8 -23 -13 -15 -29 -17
right_child=2 3 -4 9 14 11 24 -9 -10 21 -12 26 -14 27 20 29 -18 18 19 -21 -22 25 -24 -25 -26 -27 -28 28 -30 -31
leaf_value=-15.61618885369394 -0.42478374711427025 -5.8100795411276982 40.764718269342076 12.716554428789733 -7.3648015428953846 1.9519024567497354 15.330881327837734 -1.8082037228335595 -3.8733480354675978 -6.2648215307973265 -0.95629806177653343 -0.60929800031367454 12.240416855025888 -1.1114329302920396 -6.3140443325816937 7.0016226794152319 4.4427417526705995 4.1745866005581318 -1.4679629718735669 1.7568049652090396 0.31421754028956461 2.248561232529164 -9.6188501241899313 0.23311384556711801 3.7715420699252267 -6.4325232153692244 -2.8262452610252242 6.0489004020848149 -0.86883611447958631 2.8255000082356903
leaf_weight=1513 595 673 860 173 79 252 405 463 153 91 244 304 180 691 114 844 273 112 730 318 235 304 934 160 161 94 303 86 50 1222
leaf_count=1513 595 673 860 173 79 252 405 463 153 91 244 304 180 691 114 844 273 112 730 318 235 304 934 160 161 94 303 86 50 1222
internal_value=-0.00284537 -0.0192418 0.0153326 -0.0126928 -0.0153398 -0.0103507 0.010724 0.00861123 0.0106227 0.00512821 -0.0234749 -0.00438119 0.0119102 0.0106725 -0.0249508 0.0146848 0.00563867 0.000778485 -0.00310078 -0.00610105 -0.00928571 -0.00397959 -0.0295997 -0.0127083 0.0276896 0.00250627 -0.0163651 -0.0035628 0.0167883 0.0184809
internal_weight=12616 6633 5983 5120 4458 2936 5123 4557 4094 662 917 2019 3941 3761 1522 2934 868 1412 1160 1048 349 489 1173 239 566 398 607 827 136 2066
internal_count=12616 6633 5983 5120 4458 2936 5123 4557 4094 662 917 2019 3941 3761 1522 2934 868 1412 1160 1048 349 489 1173 239 566 398 607 827 136 2066
is_linear=0
shrinkage=0.05


Tree=39
num_leaves=31
num_cat=0
split_feature=15 14 14 8 8 14 14 8 14 8 14 15 1 11 15 6 8 7 7 14 7 14 15 6 6 1 14 6 8 0
split_gain=1406.66 390.396 264.52 194.216 113.462 94.0338 69.8585 53.9386 80.8633 49.846 49.2276 44.8834 42.1519 64.6223 37.6688 38.0371 36.8295 35.6215 59.7342 34.5335 34.4235 33.9234 33.7548 38.7306 32.8985 31.6671 31.3886 31.3203 26.0734 25.5571
threshold=5608.5000000000009 7722.5000000000009 4915.5000000000009 4.5000000000000009 2.5000000000000004 6395.5000000000009 5497.5000000000009 1.5000000000000002 4630.5000000000009 1.0000000180025095e-35 5289.5000000000009 5296.5000000000009 23.613863555078684 0.18281312110578132 6636.5000000000009 224.68669527896995 4.5000000000000009 4.5000000000000009 8.5000000000000018 8107.0000000000009 5.5000000000000009 6953.5000000000009 6549.5000000000009 421.83476394849788 432.9227467811159 23.994930257510731 6610.5000000000009 288.23390557939916 1.5000000000000002 17.677038626609441
decision_type=10 10 10 2 2 10 10 2 10 2 10 8 2 2 10 2 2 2 2 10 2 10 10 2 2 2 10 2 2 2
left_child=2 4 7 6 5 22 11 8 20 -7 -5 -4 13 -6 -11 21 26 -12 -19 -3 -1 -16 -2 -24 -20 29 -15 -18 -13 -26
right_child=1 19 3 10 12 9 -8 -9 -10 14 17 28 -14 16 15 -17 27 18 24 -21 -22 -23 23 -25 25 -27 -28 -29 -30 -31
leaf_value=-12.839844434921748 0.043138288406362336 11.596683365707669 0.0018734082892933658 -10.270399981666969 -1.7361489446397855 41.400079863255002 3.2563642713848822 -14.525196925791761 -0.82600406338708587 8.3066465248664372 0.63547971903929013 -0.80336580422192583 2.6990082620761999 -0.37082604720103518 0.85726394845778486 0.14241672677233055 0.28692451153719961 -11.108353955120402 -0.90842725639599853 40.701482355874987 -0.150838099531029 6.7523031986326263 9.1211391811314577 -1.4394771641329045 -1.7466126155271924 -0.3034658546557239 4.2262840953168057 -5.9730366314853658 -4.4248631595538654 -10.514619525639773
leaf_weight=514 1267 411 659 561 1160 211 373 1135 250 315 126 102 356 355 207 356 516 260 344 658 55 325 477 183 61 113 619 180 192 249
leaf_count=514 1267 411 659 561 1160 211 373 1135 250 315 126 102 356 355 207 356 516 260 344 658 55 325 477 183 61 113 619 180 192 249
internal_value=-0.0029942 0.0105568 -0.0236036 -0.0143703 0.00596661 0.0124028 0 -0.037954 -0.0281098 0.0221908 -0.025481 -0.00718029 -0.000784437 -0.00282586 0.0182309 0.0129359 0.00347098 -0.0195407 -0.0226167 0.0385514 -0.0385088 0.0213884 0.00521266 0.0143722 -0.0155599 -0.0248821 0.00974359 -0.00530846 -0.0233898 -0.033119
internal_weight=12590 7596 4994 3040 6527 3341 1326 1954 819 1414 1714 953 3186 2830 1203 888 1670 1153 1027 1069 569 532 1927 660 767 423 974 696 294 310
internal_count=12590 7596 4994 3040 6527 3341 1326 1954 819 1414 1714 953 3186 2830 1203 888 1670 1153 1027 1069 569 532 1927 660 767 423 974 696 294 310
is_linear=0
shrinkage=0.05


Tree=40
num_leaves=31
num_cat=0
split_feature=7 8 11 8 6 7 7 11 4 6 3 7 4 1 12 7 6 1 10 10 8 13 1 12 10 10 1 10 7 1
split_gain=914.78 411.408 292.604 171.985 141.68 128.661 123.852 110.624 94.1297 82.5598 81.991 77.0514 74.5863 72.6617 70.7758 68.1028 65.3408 62.2116 36.9812 51.2955 36.3604 36.2497 36.0149 35.6527 35.3832 35.1292 37.9098 34.9413 32.7122 35.2091
threshold=7.5000000000000009 4.5000000000000009 0.31595530242620651 4.5000000000000009 508.10729613733912 4.5000000000000009 9.5000000000000018 0.42763731121559989 1.9130308165558392 377.45278969957081 4.4712446351931341 22.500000000000004 0.43928925749230857 11.757908619456368 0.86440767487108461 22.500000000000004 803.71888412017177 21.797514306151651 0.022575936829235418 -0.20180236284700911 1.0000000180025095e-35 -0.15951288319385923 23.757376609442058 0.99351232050787985 -0.78326540922535159 -0.92274349529687905 14.566165951359087 0.66527693225344786 1.5000000000000002 14.698891273247497
decision_type=2 2 2 2 2 2 2 2 2 2 2 2 2 2 2 2 2 2 2 2 2 2 2 2 2 2 2 2 2 2
left_child=3 2 8 5 6 7 -3 12 11 15 21 16 -1 -5 17 18 23 -10 19 24 -9 -8 -6 -2 -4 -7 -27 -20 -22 -30
right_child=1 4 9 13 22 25 10 20 14 -11 -12 -13 -14 -15 -16 -17 -18 -19 27 -21 28 -23 -24 -25 -26 26 -28 -29 29 -31
leaf_value=-6.9123310552799246 0.95224857470050217 -8.0585034763138079 3.9630951458715344 -2.2956967910101413 -12.674859941878459 1.8036793315420256 -2.7356654994076508 -8.6869454780853186 -0.34483013524097716 2.266462824026712 11.518287508890991 -4.3119970727832424 3.5039695279726404 -15.237424790318665 -0.22208959172344295 -0.015093472914531959 -3.1832210345437488 9.3634331330969882 38.401386712261619 1.0352658632898966 1.2174327010919344 1.2557507055837505 -1.1756019988793924 -6.5338590484182077 14.196288685821765 0.76394610861239021 -2.6079663516397433 16.643676630408802 -0.53586865319698518 -5.0756817786862944
leaf_weight=1050 2028 271 282 196 455 155 575 157 136 387 277 196 61 1014 290 171 162 424 602 183 246 640 125 50 608 429 537 405 272 97
leaf_count=1050 2028 271 282 196 455 155 575 157 136 387 277 196 61 1014 290 171 162 424 602 183 246 640 125 50 608 429 537 405 272 97
internal_value=-0.00270389 0.00696057 0.0139747 -0.0216607 -0.0107722 -0.0152413 -0.00371315 -0.0232219 0.00401582 0.0263736 0.0019424 -0.000984817 -0.0333183 -0.0375723 0.0183314 0.03004 0.00165105 0.0286988 0.0325324 0.0260242 -0.00866753 -0.00365954 -0.0321859 0.0040404 0.0309764 -0.00182709 -0.00537746 0.0394345 -0.00316558 -0.0125676
internal_weight=12481 8267 5924 4214 2343 3004 1763 1883 3286 2638 1492 2436 1111 1210 850 2251 2240 560 2080 1073 772 1215 580 2078 890 1121 966 1007 615 369
internal_count=12481 8267 5924 4214 2343 3004 1763 1883 3286 2638 1492 2436 1111 1210 850 2251 2240 560 2080 1073 772 1215 580 2078 890 1121 966 1007 615 369
is_linear=0
shrinkage=0.05


Tree=41
num_leaves=31
num_cat=0
split_feature=14 14 8 14 8 8 7 2 12 6 8 8 7 14 14 11 2 7 14 7 12 13 0 6 2 12 12 11 0 12
split_gain=1126.53 398.133 229.059 237.296 225.254 133.954 85.1495 75.5397 74.6228 68.2222 63.9755 50.0711 55.7101 58.0367 48.3628 41.3642 47.3695 38.2184 37.5544 29.4934 29.2243 28.7469 28.0815 26.9623 25.5362 23.1729 36.4002 25.1622 45.6433 22.9678
threshold=5539.5000000000009 7722.5000000000009 4.5000000000000009 4825.5000000000009 4.5000000000000009 1.0000000180025095e-35 5.5000000000000009 9.3444206008583688 0.99351232050787985 760.5622317596567 1.5000000000000002 5.5000000000000009 2.5000000000000004 6469.5000000000009 5062.5000000000009 0.53312596302726967 5.434549356223175 18.500000000000004 8107.0000000000009 19.500000000000004 0.86440767487108461 0.97263757644091875 22.013948497854077 288.23390557939916 0.49699570815450406 0.82414472752956958 0.74300049550786151 -0.78858226040708135 19.487553648068673 -0.89405649444168434
decision_type=10 10 2 10 2 2 2 2 2 2 2 2 2 10 8 2 2 2 10 2 2 2 2 2 2 2 2 2 2 2
left_child=2 4 3 6 5 -2 24 8 9 15 19 12 -6 -14 -4 16 21 29 23 -5 22 25 -12 -3 -1 26 -7 -27 -29 -13
right_child=1 18 14 10 11 7 -8 -9 -10 -11 20 17 13 -15 -16 -17 -18 -19 -20 -21 -22 -23 -24 -25 -26 27 -28 28 -30 -31
leaf_value=-9.4157656052934957 16.354016742615524 14.337426141886636 -18.046727404525381 2.527827034220127 4.2569047195885563 0.30974272339756226 -1.8419275461100597 10.281149489984092 -6.2835787515563428 -1.3562010641508551 -1.12593566412138 5.4315320991256613 -7.6741397269380291 -1.7483373125756316 -7.0372156034065485 3.7726632906368653 5.6925797327717191 2.6992622191788542 37.645070330098406 -2.2961543784831746 -2.984998053790537 7.7918436395304074 3.4890257440565393 -0.28674038082299375 -0.5250370916136945 -3.0131223382555392 4.6092850175994959 -7.4602373930755679 2.3067364673320072 -2.8183194626855768
leaf_weight=996 572 323 791 707 50 1874 312 171 142 366 817 52 439 581 741 1221 161 245 624 122 198 52 44 79 51 92 130 71 128 475
leaf_count=996 572 323 791 707 50 1874 312 171 142 366 817 52 439 581 741 1221 161 245 624 122 198 52 44 79 51 92 130 71 128 475
internal_value=-0.00309233 0.0085616 -0.022228 -0.0147014 0.0041917 0.00971692 -0.030625 0.0067589 0.00543889 0.00667725 -0.00322922 -0.0107434 -0.0177404 -0.0202742 -0.0381605 0.00869973 0.00502192 -0.00103493 0.0375852 0.00716867 -0.0113679 0.0032155 -0.00736659 0.0255583 -0.0374523 0.00237369 0.00428928 -0.0107877 -0.00075 -0.00861742
internal_weight=12627 7848 4779 3247 6822 4980 1359 4408 4237 4095 1888 1842 1070 1020 1532 3729 2508 772 1026 829 1059 2347 861 402 1047 2295 2004 291 199 527
internal_count=12627 7848 4779 3247 6822 4980 1359 4408 4237 4095 1888 1842 1070 1020 1532 3729 2508 772 1026 829 1059 2347 861 402 1047 2295 2004 291 199 527
is_linear=0
shrinkage=0.05


Tree=42
num_leaves=31
num_cat=0
split_feature=15 15 15 10 14 14 3 8 8 3 12 12 1 1 12 10 1 15 13 13 11 8 2 14 10 14 2 11 15 13
split_gain=1192.34 343.929 296.797 88.7602 98.2807 84.3438 65.0986 56.8547 56.0939 50.3825 49.1455 48.2657 51.6149 38.8663 38.7425 41.4192 36.1986 33.8897 32.3987 32.3726 32.0203 31.7437 76.0759 39.9859 30.2511 24.9531 26.3409 23.5661 22.6073 21.7748
threshold=6087.5000000000009 4772.5000000000009 8015.0000000000009 0.66527693225344786 7323.5000000000009 6417.5000000000009 6.0918454935622321 4.5000000000000009 1.5000000000000002 0.53712446351931498 0.99351232050787985 -0.78326178756187226 27.534388412017176 21.022120886981405 -0.45274443793211405 0.022575936829235418 14.635595493562233 4570.5000000000009 0.84659964483890704 -0.074115882986646633 -0.99168640063982161 4.5000000000000009 1.5276824034334739 4940.5000000000009 0.61237135649459018 5991.5000000000009 9.3444206008583688 0.93469109537144635 7100.5000000000009 0.93771382312378282
decision_type=10 8 10 2 10 10 2 2 2 2 2 2 2 2 2 2 2 10 2 2 2 2 2 10 2 10 2 2 10 2
left_child=1 17 3 4 8 6 11 -7 10 -5 28 13 21 16 -8 -16 -3 -1 -19 -11 -10 22 23 -13 -17 -22 -27 -25 -2 -9
right_child=2 5 -4 9 -6 7 14 29 20 19 -12 12 -14 -15 15 24 -18 18 -20 -21 25 -23 -24 27 -26 26 -28 -29 -30 -31
leaf_value=-20.276126825916528 3.4284188395869482 3.0309064409434998 36.620517671711674 -2.696577655162173 10.049944966777094 12.639898328649451 4.3691713229827656 -0.98886322217576894 11.488193434616143 2.8074799683028688 -4.2861497449068793 -5.4582440076522065 2.5863467510324427 4.8380041792846669 -11.509959772334923 3.2747723005921898 -1.2282452597091607 -8.3238845986885508 -1.6014000492962168 -4.8739444475273563 -5.3777101856801899 -6.2915194156014422 1.3713163189237549 -1.9489681954791196 -1.0822276575642265 0.53502818541951458 5.5858112391014636 0.54465370695777438 11.638596653986088 5.8403002972240756
leaf_weight=744 885 70 728 515 817 158 96 409 73 847 49 574 80 42 107 174 632 680 94 77 129 1116 317 955 217 1509 76 98 261 51
leaf_count=744 885 70 728 515 817 158 96 409 73 847 49 574 80 42 107 174 632 680 94 77 129 1116 317 955 217 1509 76 98 261 51
internal_value=-0.00261505 -0.0172336 0.0135914 0.00942928 0.0134342 -0.0110065 -0.0133958 0.00630048 0.00921891 -0.00114583 0.0176003 -0.0157529 -0.0184655 -0.0042953 0.00201681 -0.00360721 -0.00711238 -0.0381172 -0.0307097 0.00583784 0.00360738 -0.0195034 -0.0156298 -0.0199939 0.00395408 0.00221574 0.00394073 -0.0141841 0.0197036 -0.00260304
internal_weight=12580 6614 5966 5238 3799 5096 4478 618 2982 1439 1195 3884 3140 744 594 498 702 1518 774 924 1787 3060 1944 1627 391 1714 1585 1053 1146 460
internal_count=12580 6614 5966 5238 3799 5096 4478 618 2982 1439 1195 3884 3140 744 594 498 702 1518 774 924 1787 3060 1944 1627 391 1714 1585 1053 1146 460
is_linear=0
shrinkage=0.05


Tree=43
num_leaves=31
num_cat=0
split_feature=15 15 15 14 10 14 1 15 12 2 13 11 12 14 12 7 7 1 12 1 3 15 11 13 13 7 1 11 10 10
split_gain=1058.98 348.777 271.569 97.059 71.2466 67.6725 52.9847 48.488 39.5982 47.0124 36.7107 34.6768 41.6292 33.4025 32.7776 31.8338 31.6864 31.6512 32.2988 35.3255 30.5306 29.2865 28.8321 28.155 25.9332 32.14 25.8128 25.7405 30.2677 24.0877
threshold=5608.5000000000009 7929.5000000000009 4772.5000000000009 6469.5000000000009 0.66527693225344786 4880.5000000000009 12.058006974248931 7062.5000000000009 -0.97113884758256674 4.7214592274678102 0.315961146185463 -0.67168186667784702 -0.98214488425316759 5425.5000000000009 0.84660111278280559 20.500000000000004 12.500000000000002 26.688590844062947 -0.88622299073327826 11.720489091559372 0.88927038626609456 4601.5000000000009 0.45847758937963173 0.38044648673137205 0.96117374062971617 16.500000000000004 23.613863555078684 0.99349222267034787 0.94138322595482449 0.57077594689671507
decision_type=10 10 8 10 2 10 2 10 2 2 2 2 2 10 2 2 2 2 2 2 2 10 2 2 2 2 2 2 2 2
left_child=2 3 13 7 6 -4 -5 15 -8 -10 11 -7 -13 21 -11 16 -2 18 -12 -20 -6 -1 -22 -23 25 -21 -14 28 -9 -18
right_child=1 -3 5 4 20 10 8 27 9 14 17 12 26 -15 -16 -17 29 -19 19 24 22 23 -24 -25 -26 -27 -28 -29 -30 -31
leaf_value=-17.944549389694295 -0.70043715151373365 33.408059502377682 -4.878915364454361 10.607210296543371 -2.7064800460818108 -3.7793392223160027 6.9450961993075229 12.871313185063059 1.1452828943373334 7.1932267931962999 3.8894946584793617 1.5892288826531968 -2.2789751957282989 -4.2468885562240759 1.0483844522462504 -1.6954255128107889 1.8733118142047716 4.1103022886817149 2.1873313321033949 -3.7587870273349382 4.0684727576698156 -7.6707854168822003 -1.8500641758915208 -3.7327160656353047 2.1034779309501572 1.853564302879886 3.2103246954682163 -11.145845065971891 -1.052787626082818 -0.51940551622342357
leaf_weight=840 1538 806 734 627 294 163 186 172 1361 223 55 90 1391 80 140 569 673 81 223 449 387 458 229 155 89 99 57 42 69 333
leaf_count=840 1538 806 734 627 294 163 186 172 1361 223 55 90 1391 80 140 569 673 81 223 449 387 458 229 155 89 99 57 42 69 333
internal_value=-0.00223958 0.00943137 -0.0202216 0.00576417 0.0116734 -0.012398 0.0159771 -0.000235502 0.0118263 0.00944928 -0.00872869 -0.0131904 -0.0108512 -0.0377119 0.0254121 -0.00203918 0.000353635 -0.00110331 -0.00376638 -0.00615563 -0.000329308 -0.0394429 0.00599676 -0.0310261 -0.0121473 -0.0162113 -0.0129055 0.0195423 0.0258264 0.00724926
internal_weight=12613 7649 4964 6843 3447 3431 2537 3396 1910 1724 2697 1701 1538 1533 363 3113 2544 996 915 860 910 1453 616 613 637 548 1448 283 241 1006
internal_count=12613 7649 4964 6843 3447 3431 2537 3396 1910 1724 2697 1701 1538 1533 363 3113 2544 996 915 860 910 1453 616 613 637 548 1448 283 241 1006
is_linear=0
shrinkage=0.05


Tree=44
num_leaves=31
num_cat=0
split_feature=7 11 8 8 1 8 7 7 7 0 13 3 7 8 10 11 10 7 12 1 10 10 1 0 0 1 7 11 10 12
split_gain=696.648 391.614 228.937 182.675 148.341 127.823 102.76 75.348 72.9893 69.5653 67.9967 60.6616 59.2938 103.331 58.3818 56.4232 104.658 55.5719 51.9029 49.5129 49.1606 55.2371 47.3954 42.5863 42.2102 39.5577 38.4188 37.5231 36.0353 35.4994
threshold=7.5000000000000009 0.6174544326165855 4.5000000000000009 5.5000000000000009 13.408699928469241 4.5000000000000009 21.500000000000004 16.500000000000004 10.500000000000002 21.810515021459228 0.97263757644091875 2.6798283261802598 4.5000000000000009 4.5000000000000009 -0.88622299073327826 0.99138911339924218 0.022575936829235418 1.5000000000000002 0.9252105435402006 12.494362482117312 -0.21861968191509915 0.022575936829235418 25.289976752503581 9.8130901287553662 11.98991416309013 25.556053290414884 21.500000000000004 0.44312301391210612 0.35846314187849709 0.99463153969809781
decision_type=2 2 2 2 2 2 2 2 2 2 2 2 2 2 2 2 2 2 2 2 2 2 2 2 2 2 2 2 2 2
left_child=3 2 6 4 20 15 10 -4 -7 12 11 25 17 14 -14 19 -17 27 -11 -3 -1 -22 24 -23 -9 29 -21 -6 -25 -2
right_child=1 5 7 -5 9 8 -8 22 -10 18 -12 -13 13 -15 -16 16 -18 -19 -20 26 21 23 -24 28 -26 -27 -28 -29 -30 -31
leaf_value=3.1448371607462606 0.6344812853543772 24.576234870149712 -7.5322677900109287 -16.514639792023264 -3.7520647050499978 -7.1150044758643167 -2.0883289870963382 6.4316467220140572 3.4941690690525777 4.9345273851610507 12.398318853398406 14.31783594359365 1.8651573851999275 -11.865093015135972 -1.8819080067066354 -4.3781596093133883 38.501056740457926 -7.2954663019451349 -3.6427503925663132 10.861416809525236 -13.641783498121322 2.0786691914565156 4.4006341320007101 3.2037202471934965 -2.1042789168818219 4.8447956691206402 -0.87307376324956754 0.84088751135973328 -1.8836414451187466 -7.1365425470119819
leaf_weight=184 2806 709 927 599 428 145 511 70 617 118 112 310 198 161 553 191 98 898 49 853 149 290 80 84 585 261 113 145 358 58
leaf_count=184 2806 709 927 599 428 145 511 70 617 118 112 310 198 161 553 191 98 898 49 853 149 290 80 84 585 261 113 145 358 58
internal_value=-0.00242477 0.00586007 -0.00157315 -0.0190273 -0.0147815 0.0214521 0.00482878 -0.0171978 0.00406291 -0.021325 0.00784949 0.00659197 -0.0235109 -0.0134721 -0.0056516 0.0281934 0.00775862 -0.0297215 0.00982143 0.0317124 0.000891182 -0.00402494 -0.00523098 0.00163711 -0.00967988 0.00449456 0.024302 -0.0175087 -0.00812641 0.00279232
internal_weight=12660 8446 5720 4214 3615 2726 4058 1662 762 2550 3547 3435 2383 912 751 1964 289 1471 167 1675 1065 881 735 732 655 3125 966 573 442 2864
internal_count=12660 8446 5720 4214 3615 2726 4058 1662 762 2550 3547 3435 2383 912 751 1964 289 1471 167 1675 1065 881 735 732 655 3125 966 573 442 2864
is_linear=0
shrinkage=0.05


Tree=45
num_leaves=31
num_cat=0
split_feature=15 14 15 15 14 2 6 12 0 1 10 6 12 10 15 1 1 1 12 12 10 14 6 12 10 1 10 2 0 15
split_gain=921.772 360.702 269.812 72.6511 67.1774 63.5378 78.2005 49.1343 50.0567 52.9017 62.6696 55.7446 50.4468 129.589 41.8871 39.0664 37.9337 51.7488 61.5027 50.4841 30.5743 30.4857 30.1713 27.7368 27.6299 27.4516 28.7364 27.2775 26.3026 25.8046
threshold=5608.5000000000009 7881.5000000000009 4676.5000000000009 8074.5000000000009 4825.5000000000009 7.9087982832618033 566.36695278969967 0.86440767487108461 23.704506437768242 12.7149678111588 -0.42957681104363482 2.1523605150214595 -0.32614396506100213 1.0000000180025095e-35 7703.5000000000009 11.645475679542205 14.997773605150213 24.139610157367667 0.93771544905322102 -0.88622299073327826 0.94425825643485939 5178.5000000000009 479.75965665236055 0.92919371535393525 0.91596454896554913 21.531661301859803 0.66527693225344786 0.82446351931330331 15.972103004291844 6261.5000000000009
decision_type=10 10 8 10 10 2 2 2 2 2 2 2 2 2 10 2 2 2 2 2 2 10 2 2 2 2 2 2 2 10
left_child=2 3 21 5 -4 6 7 8 9 12 22 -12 -2 -14 15 -3 19 24 27 -6 -15 -1 29 -7 -18 26 -9 -19 -13 -11
right_child=1 14 4 -5 16 23 -8 25 -10 10 11 28 13 20 -16 -17 17 18 -20 -21 -22 -23 -24 -25 -26 -27 -28 -29 -30 -31
leaf_value=-15.124891819649134 10.531464683274772 21.394642297955127 -4.5012552505838812 29.99913815314676 3.1796258577408936 9.7525040356166759 -1.2556020141910267 2.2498903050946866 4.5313586261284859 0.092809627216001903 -3.3224572650502524 3.429432634218097 -8.4016233209777518 7.7698332901127518 31.769692073661375 0.82175591653376623 -2.2899660438999034 -1.0347666082840987 -2.5321863118039802 -0.68204481944158035 -0.88177278821563054 -4.7122461463850867 -5.5070517799864547 0.048915791936269673 -8.3986972195912593 -2.3523250212107087 -1.3529419990307361 5.0158462282846363 -0.778841123359166 3.1378288864432764
leaf_weight=1020 298 133 839 210 101 271 921 250 267 468 505 390 205 472 619 127 1385 100 115 965 114 105 56 93 199 340 341 187 536 1011
leaf_count=1020 298 133 839 210 101 271 921 250 267 468 505 390 205 472 619 127 1385 100 115 965 114 105 56 93 199 340 341 187 536 1011
internal_value=-0.00225008 0.00869822 -0.0188958 0.00477108 -0.0126542 0.00383851 0.00263968 0.00499619 0.00724034 0.00585552 0.00239299 -0.00513268 0.0152752 0.00864899 0.0388068 0.0218391 -0.00920406 -0.0132864 0.00272953 -0.00159325 0.0206133 -0.0404529 0.00940755 0.0241096 -0.0173502 -0.00541845 0.00109797 0.0151042 0.0021575 0.010777
internal_weight=12643 7627 5016 6748 3891 6538 6174 5253 4322 4055 2966 1431 1089 791 879 260 3052 1986 402 1066 586 1125 1535 364 1584 931 591 287 926 1479
internal_count=12643 7627 5016 6748 3891 6538 6174 5253 4322 4055 2966 1431 1089 791 879 260 3052 1986 402 1066 586 1125 1535 364 1584 931 591 287 926 1479
is_linear=0
shrinkage=0.05


Tree=46
num_leaves=31
num_cat=0
split_feature=14 14 8 8 14 8 7 11 14 7 14 7 7 7 0 6 6 6 1 8 14 8 1 14 8 1 8 8 1 7
split_gain=768.272 372.225 213.707 175.633 175.233 97.8017 78.2471 56.6074 55.1955 52.0201 50.3999 48.4872 58.3585 59.0552 38.6773 45.8576 38.5301 37.6883 36.7572 35.5855 33.8931 33.2308 32.1388 31.3063 32.0835 27.9903 27.7416 27.4576 31.6475 26.9191
threshold=5408.5000000000009 7960.5000000000009 4.5000000000000009 4.5000000000000009 4777.5000000000009 1.0000000180025095e-35 5.5000000000000009 -0.99168640063982161 4990.5000000000009 22.500000000000004 6822.5000000000009 16.500000000000004 3.5000000000000004 9.5000000000000018 30.234120171673823 803.71888412017177 508.10729613733912 221.68025751072963 24.428022174535052 1.5000000000000002 6208.5000000000009 5.5000000000000009 25.444563662374822 4412.5000000000009 1.5000000000000002 10.591697961373393 1.0000000180025095e-35 4.5000000000000009 11.799213161659514 4.5000000000000009
decision_type=10 10 2 2 10 2 2 2 8 2 10 2 2 2 2 2 2 2 2 2 10 2 2 10 2 2 2 2 2 2
left_child=2 3 4 5 6 20 23 -7 -4 19 14 12 -5 -14 15 -9 -15 -12 -18 -6 -2 22 -13 -1 26 -19 -25 -3 -29 -10
right_child=1 27 8 11 9 7 -8 10 29 -11 17 21 13 16 -16 -17 18 25 -20 -21 -22 -23 -24 24 -26 -27 -28 28 -30 -31
leaf_value=-14.568627648768507 5.4454924889384761 30.556101083099431 -16.13311643455236 3.2829407115910954 1.6412044703024096 9.1107245183486381 -1.2377837307442179 0.20722810265770022 -1.8513612610028305 -3.6097885148278692 3.797995024356692 -2.5658207538887385 -6.7268272311304376 -0.0041073040446917728 5.1765838512926852 -1.7306791336515746 -8.7056775200271428 6.880758875090442 1.051896097220606 -0.62932817677997266 32.154402376618783 2.067883076968815 3.1741193598910287 -8.0049462304242525 -6.51311895499739 -0.32313517538411818 -0.79068844488003842 20.414796777804533 -4.5258195924451234 -8.0704734215988996
leaf_weight=303 398 617 649 126 709 140 288 2706 211 145 1004 354 386 414 102 244 288 47 77 919 247 418 43 154 268 548 196 108 61 435
leaf_count=303 398 617 649 126 709 140 288 2706 211 145 1004 354 386 414 102 244 288 47 77 919 247 418 43 154 268 548 196 108 61 435
internal_value=-0.00205061 0.00679553 -0.019273 0.00338062 -0.0119008 0.00812948 -0.0265702 0.00566569 -0.0362269 -0.00188839 0.0047184 -0.00887518 -0.0148994 -0.0183962 0.000949885 -0.00010166 -0.0104487 0.0119063 -0.0222678 0.000675261 0.0263932 0.00067402 -0.00967337 -0.0336768 -0.0271405 0.00192953 -0.017094 0.0395172 0.0214706 -0.0258114
internal_weight=12605 8328 4277 7542 2982 5436 1209 4791 1295 1773 4651 2106 1291 1165 3052 2950 779 1599 365 1628 645 815 397 921 618 595 350 786 169 646
internal_count=12605 8328 4277 7542 2982 5436 1209 4791 1295 1773 4651 2106 1291 1165 3052 2950 779 1599 365 1628 645 815 397 921 618 595 350 786 169 646
is_linear=0
shrinkage=0.05


Tree=47
num_leaves=31
num_cat=0
split_feature=15 14 15 15 1 12 6 11 1 12 1 10 12 10 1 12 14 12 15 11 3 10 14 11 12 2 12 2 1 6
split_gain=784.826 322.687 251.465 84.0056 69.0047 67.2272 66.6496 54.9551 58.0635 53.0024 55.0842 74.5607 53.9838 67.5561 47.5965 47.3004 40.1756 35.5991 30.6048 30.3667 29.3771 27.9586 27.8869 26.8975 24.6158 24.4714 23.7328 27.0693 24.7306 39.9823
threshold=5528.5000000000009 8107.0000000000009 4772.5000000000009 7336.5000000000009 25.142153969957082 0.84660111278280559 157.94420600858373 0.3484035575467645 24.839663805436338 0.83966414931270739 13.676886623748214 0.90892735371523092 -0.45274443793211405 1.0000000180025095e-35 14.138192954220314 0.94911049632748046 6276.5000000000009 0.75011860976965206 4570.5000000000009 -0.67168186667784702 4.6377682403433482 0.19337368024598436 4489.5000000000009 0.097680735332368748 0.99572776335819457 4.2512875536480683 0.04621502027255215 4.6768240343347651 20.394662017167388 502.97424892703867
decision_type=10 10 8 10 2 2 2 2 2 2 2 2 2 2 2 2 10 2 10 2 2 2 10 2 2 2 2 2 2 2
left_child=2 3 14 4 9 -6 23 8 16 10 12 17 -2 -14 -1 -10 -4 26 -16 -11 -13 -15 -9 -5 -24 -7 28 -28 29 -12
right_child=1 -3 7 6 5 25 -8 22 15 19 11 20 13 21 18 -17 -18 -19 -20 -21 -22 -23 24 -25 -26 -27 27 -29 -30 -31
leaf_value=-4.2113824557533919 7.8882672089230939 28.579771054685377 -3.4744043276570666 -0.73667870554772896 8.1498620844661911 -3.1980780593286458 0.17650644050365827 -15.327628955121554 2.3536233578262 -3.33280865736499 0.58216689762830354 -3.5863025971623759 -5.5188219396195564 14.788654019893739 -17.253930711259819 -2.4723479021848789 0.5790625600838667 3.3182373847968396 -6.0090144378768402 -0.99572040850544008 5.8068818019179167 1.8203039120133326 0.18130575271293312 10.43081690685408 -7.2664108482169247 1.6157268021835536 -1.3608359176780369 1.8750924540969891 1.7956958843793018 -2.4622826683604675
leaf_weight=255 328 632 1616 76 312 69 426 41 231 212 1184 555 180 141 657 90 184 146 621 747 48 521 1037 661 42 161 604 142 474 211
leaf_count=255 328 632 1616 76 312 69 426 41 231 212 1184 555 180 141 657 90 184 146 621 747 48 521 1037 661 42 161 604 142 474 211
internal_value=-0.00257834 0.00716384 -0.018555 0.00415335 0.00178098 0.0187845 0.0164519 -0.010657 -0.0153864 0.000100109 0.00235943 -0.00089153 0.0116994 0.00498221 -0.0352347 0.00419255 -0.0188784 0.0025887 -0.0391712 -0.0105729 -0.0168046 0.012368 -0.00169492 0.025542 -0.000138889 -0.0017316 0.00124235 -0.00629183 0.00425134 0.000895415
internal_weight=12604 7830 4774 7198 6035 542 1163 3241 2121 5493 4534 3364 1170 842 1533 321 1800 2761 1278 959 603 662 1120 737 1079 230 2615 746 1869 1395
internal_count=12604 7830 4774 7198 6035 542 1163 3241 2121 5493 4534 3364 1170 842 1533 321 1800 2761 1278 959 603 662 1120 737 1079 230 2615 746 1869 1395
is_linear=0
shrinkage=0.05


Tree=48
num_leaves=31
num_cat=0
split_feature=14 14 14 6 1 7 1 2 1 13 7 12 7 12 6 3 12 1 12 0 1 14 11 12 1 0 1 0 13 12
split_gain=721.119 316.805 224.892 75.9455 86.9078 65.6093 53.989 66.1447 50.892 53.7631 49.2964 45.3269 43.7099 33.67 31.8918 30.6291 34.4553 40.7125 30.8492 29.6828 26.3758 26.0373 30.045 24.5157 24.259 23.8622 23.6084 22.5615 20.7316 20.4432
threshold=5794.5000000000009 8107.0000000000009 4777.5000000000009 398.19527896995714 23.02760640200286 5.5000000000000009 12.7149678111588 4.2512875536480683 14.698891273247497 0.99138911339924218 21.500000000000004 -0.88622299073327826 9.5000000000000018 -0.89405649444168434 0.034334763948497861 0.15686695278970045 0.93771544905322102 24.684670064377688 -0.59869031648930193 23.704506437768242 14.916653254649502 6637.5000000000009 0.78724360164103002 0.99572776335819457 18.760112660944205 22.459442060085838 14.768495171673822 29.330686695278974 -0.48314634702607501 0.86440767487108461
decision_type=10 10 10 2 2 2 2 2 2 2 2 2 2 2 2 2 2 2 2 2 2 10 2 2 2 2 2 2 2 2
left_child=2 3 5 6 -5 25 21 10 11 15 12 -4 -8 -14 23 16 17 18 -10 -19 -15 -2 -23 -13 -20 26 -1 -6 -22 -29
right_child=1 -3 8 4 27 -7 7 -9 9 -11 -12 14 13 20 -16 -17 -18 19 24 -21 28 22 -24 -25 -26 -27 -28 29 -30 -31
leaf_value=-5.4978330814205947 1.9239300256060006 28.011661879960617 2.7477578269119025 -1.5661090706195866 0.47164018286016474 -4.1379665890950497 -0.96540104240098124 6.9560513809074793 -0.27858690236312217 8.1296225310557926 -2.0678042955609728 -0.77109750171744063 3.9256533045402424 5.9955804675707443 6.7631323674344008 -3.8076535059810341 -4.5919613052315524 -0.92156457232508737 -11.115286576568771 4.9459555114110572 1.0481227568949636 2.9752451129143083 10.116680625918821 -7.3055049608679159 -1.9671749443334421 -0.1425466547407723 -10.325646567081277 9.7437650131012568 -1.4497828445288405 2.127763893274687
leaf_weight=216 474 634 75 1421 231 376 786 180 455 53 276 954 386 419 248 552 305 119 96 99 690 297 590 54 962 45 990 148 384 77
leaf_count=216 474 634 75 1421 231 376 786 180 455 53 276 954 386 419 248 552 305 119 96 99 690 297 590 54 962 45 990 148 384 77
internal_value=-0.00233463 0.00837146 -0.0157054 0.00500786 -0.0034345 -0.0313575 0.00854339 0.00491672 -0.00928769 -0.0133043 0.00311013 -0.00131381 0.00519505 0.00933511 -0.00357995 -0.0143299 -0.0114875 -0.00874711 -0.0116579 0.0114155 0.00592369 0.0168502 0.0219032 -0.00753221 -0.0163362 -0.036861 -0.0381939 0.0155361 0.00176744 0.0267699
internal_weight=12592 6993 5599 6359 1877 1627 4482 3121 3972 2641 2941 1331 2665 1879 1256 2588 2036 1731 1513 218 1493 1361 887 1008 1058 1251 1206 456 1074 225
internal_count=12592 6993 5599 6359 1877 1627 4482 3121 3972 2641 2941 1331 2665 1879 1256 2588 2036 1731 1513 218 1493 1361 887 1008 1058 1251 1206 456 1074 225
is_linear=0
shrinkage=0.05


Tree=49
num_leaves=31
num_cat=0
split_feature=7 8 8 1 1 7 6 2 7 10 1 6 11 10 12 11 7 8 10 3 7 6 7 1 11 1 8 8 1 10
split_gain=534.306 343.913 194.476 174.866 127.223 117.84 88.0316 79.4954 71.6581 67.345 63.9856 63.7265 65.9511 62.6265 56.864 52.7225 48.1423 86.5886 62.529 46.3075 45.0443 42.0337 47.3701 38.1252 34.9863 33.6903 33.4197 32.487 30.572 28.5329
threshold=7.5000000000000009 4.5000000000000009 5.5000000000000009 13.341894670958515 14.831907188841202 21.500000000000004 232.42918454935622 0.82446351931330331 9.5000000000000018 -0.15101209918632377 11.720489091559372 224.68669527896995 -0.82899557272681157 -0.0053757284505435614 0.93771544905322102 0.99958851518450398 4.5000000000000009 4.5000000000000009 -0.88622299073327826 6.5957081545064389 1.0000000180025095e-35 228.96995708154509 21.500000000000004 23.613863555078684 0.04621408538533487 25.675706366237481 2.5000000000000004 5.5000000000000009 11.987947067238915 0.35846314187849709
decision_type=2 2 2 2 2 2 2 2 2 2 2 2 2 2 2 2 2 2 2 2 2 2 2 2 2 2 2 2 2 2
left_child=2 3 4 15 9 11 8 16 -3 -1 -10 26 25 -11 -9 21 20 18 -18 29 -6 22 -2 24 -8 -13 -5 -12 -4 -15
right_child=1 6 28 5 7 -7 23 14 10 13 27 12 -14 19 -16 -17 17 -19 -20 -21 -22 -23 -24 -25 -26 -27 -28 -29 -30 -31
leaf_value=2.3788633895794646 26.122294423221458 -7.6479328084654528 -4.0929683946955722 5.3739743038087004 -0.91122950457950092 -1.7357685096887281 -9.5120265871690446 4.6986577358405155 11.044027470531729 -19.251598594498958 -2.3931185744154617 1.8157464089439601 -0.17730937143642223 1.6592952096840692 -4.3011368947364419 -2.784383884939007 1.7265914087711509 -10.652966820266194 -1.9748469641214799 1.556958457147789 -6.1157389981271768 5.7135165166747361 3.2557221560086194 -0.14770053924944479 -4.1579031337500965 8.3325901228887691 1.6999821722883555 1.1842345433331047 -16.403952509007695 -1.9063397644091085
leaf_weight=271 907 182 113 891 216 556 480 133 231 88 428 413 1691 106 50 79 188 136 439 362 976 505 198 203 443 170 618 429 498 606
leaf_count=271 907 182 113 891 216 556 480 133 231 88 428 413 1691 106 50 79 188 136 439 362 976 505 198 203 443 170 618 429 498 606
internal_value=-0.00191164 0.00534125 -0.0165192 0.0117101 -0.0120521 0.00639401 -0.01068 -0.0197756 -0.00165224 -0.000523013 0.00321396 0.00955338 0.00426374 -0.00576096 0.0116848 0.025355 -0.0227249 -0.0128927 -0.00501592 -0.0024186 -0.0290025 0.0273122 0.0327758 -0.0208518 -0.0251623 0.01875 0.0175166 -0.00308858 -0.0425654 -0.00981767
internal_weight=12606 8424 4182 6028 3571 4339 2396 2138 1270 1433 1088 3783 2274 1162 183 1689 1955 763 627 1074 1192 1610 1105 1126 923 583 1509 857 611 712
internal_count=12606 8424 4182 6028 3571 4339 2396 2138 1270 1433 1088 3783 2274 1162 183 1689 1955 763 627 1074 1192 1610 1105 1126 923 583 1509 857 611 712
is_linear=0
shrinkage=0.05


Tree=50
num_leaves=31
num_cat=0
split_feature=15 15 15 14 14 12 15 1 12 12 11 1 12 2 12 1 1 12 12 13 6 14 15 7 11 1 1 7 11 15
split_gain=686.774 396.485 122.252 79.99 56.5881 61.1609 54.2031 47.1287 41.0589 43.3398 40.4837 40.9247 44.1315 49.0532 39.5341 39.0763 46.0368 45.947 72.8516 36.598 35.804 34.6263 34.2572 31.5687 31.0971 30.5955 31.9955 28.3102 25.8292 24.8419
threshold=4772.5000000000009 7703.5000000000009 6087.5000000000009 8107.0000000000009 6395.5000000000009 -0.78326178756187226 4488.5000000000009 12.444518955650933 -0.35846811432664222 -0.015051239303264097 -0.99864786094873803 12.128822424892705 -0.77245553105869302 6.0163090128755359 0.84660111278280559 19.562687768240345 14.831907188841202 0.85223490906209554 0.70288017738294994 0.38044648673137205 146.94420600858373 5603.5000000000009 8236.0000000000018 20.500000000000004 0.71353761266622884 15.608154506437769 21.022120886981405 16.500000000000004 -0.99465740988130902 7126.5000000000009
decision_type=8 10 10 10 10 2 10 2 2 2 2 2 2 2 2 2 2 2 2 2 2 10 10 2 2 2 2 2 2 10
left_child=6 2 4 20 5 25 -1 8 -7 -10 -4 -12 29 23 -15 16 -9 18 28 -8 -3 -19 -22 -14 -11 -2 -27 -6 -17 -13
right_child=1 3 10 -5 27 7 19 15 9 24 11 12 13 14 -16 17 -18 21 -20 -21 22 -23 -24 -25 -26 26 -28 -29 -30 -31
leaf_value=-16.787779504641232 1.7875617667459665 10.920364489170948 15.383296641350604 27.984477048877807 0.26528211890586134 4.646272541217809 -6.2063839890287911 -1.5488398678575324 -11.06684342523231 -1.2270698707413432 4.9478930023345136 1.3004436412844826 -0.25202618268313021 4.3323799572386639 -0.054770919886868802 3.6962559922055789 -6.1321303537143654 -4.6277965824929881 3.3103281044745927 -3.0263516792882457 -4.311152920388122 -0.84648025023091122 18.910340105507863 -2.2629410588812333 1.5379213788370181 -0.68817816186924574 4.2965497582460559 4.8861724474234514 -1.5837644482079896 5.987729783341047
leaf_weight=564 254 384 50 493 489 92 709 537 114 265 928 694 2232 232 209 76 573 354 215 262 142 220 54 389 261 493 41 171 898 169
leaf_count=564 254 384 50 493 489 92 709 537 114 265 928 694 2232 232 209 76 573 354 215 262 142 220 54 389 261 493 41 171 898 169
internal_value=-0.0021727 0.00218948 -0.000923973 0.0310521 -0.00638108 -0.00843195 -0.0334961 -0.0111897 0.000136426 -0.00436817 0.00470024 0.00423362 0.00199949 -0.000816193 0.0145928 -0.0140745 -0.0214221 -0.00943878 -0.00382353 -0.026286 0.0184165 -0.0210435 0.00101523 -0.00341342 0.00170778 0.00418251 -0.00261682 0.00726172 -0.00964103 0.0119792
internal_weight=12564 11029 9956 1073 5053 4393 1535 3605 732 640 4903 4853 3925 3062 441 2873 1110 1763 1189 971 580 574 196 2621 526 788 534 660 974 863
internal_count=12564 11029 9956 1073 5053 4393 1535 3605 732 640 4903 4853 3925 3062 441 2873 1110 1763 1189 971 580 574 196 2621 526 788 534 660 974 863
is_linear=0
shrinkage=0.05


Tree=51
num_leaves=31
num_cat=0
split_feature=15 15 8 14 12 1 14 8 15 1 1 12 6 8 14 15 14 1 12 12 1 6 8 7 1 6 6 7 1 15
split_gain=621.312 377.465 150.249 111.792 87.4861 80.1915 63.3983 64.6246 62.3397 40.327 40.689 46.3969 44.1646 38.4447 105.145 38.0308 37.7164 37.6392 40.0677 38.3669 40.3963 37.1986 35.3015 34.2619 33.7182 32.3203 30.5738 37.0184 35.5687 30.111
threshold=4772.5000000000009 8074.5000000000009 4.5000000000000009 4815.5000000000009 0.99351232050787985 11.842636802575109 8060.0000000000009 1.5000000000000002 4507.5000000000009 28.283646280400575 9.9252190629470682 -0.77245553105869302 14.304721030042918 4.5000000000000009 4730.5000000000009 6786.5000000000009 6822.5000000000009 23.613863555078684 -0.14250758662009075 -0.33324245164869215 15.759383941344781 293.01287553648075 1.5000000000000002 11.500000000000002 15.608154506437769 354.95493562231769 360.86480686695285 22.500000000000004 24.989891809728181 5257.5000000000009
decision_type=8 10 2 10 2 2 10 2 10 2 2 2 2 2 10 10 10 2 2 2 2 2 2 2 2 2 2 2 2 8
left_child=8 2 3 22 6 23 7 26 -1 10 -9 24 29 14 -10 16 -14 18 19 20 -7 -17 -2 -4 -12 -25 27 -5 -28 -13
right_child=1 -3 5 4 -6 17 -8 9 13 -11 11 12 15 -15 -16 21 -18 -19 -20 -21 -22 -23 -24 25 -26 -27 28 -29 -30 -31
leaf_value=-15.3755798232492 -1.5845430664459856 26.861106180404207 -1.9758978686809314 3.9583417959786633 -4.520086632231755 0.48356103158253066 18.629502154183321 7.148912262121712 -5.0098355113256732 7.6822401305128558 2.7707361382326781 0.10139198413332906 0.76781268036081662 -7.4029109971298341 2.110839861568047 1.3243978081258547 6.6526006218950897 0.2607777092444849 -4.8728443917363169 7.6948344853281929 -4.2297274170533461 -2.9585819012913137 -7.0709388027533358 8.4372986794295688 0.31038101082499453 -3.8185690808319124 -0.14447435934130226 -1.4248104883266024 14.425872709373813 -1.5442908556907242
leaf_weight=604 567 659 244 1420 242 291 137 131 337 45 302 456 872 446 144 350 165 332 1003 57 511 334 175 255 545 68 611 129 106 1077
leaf_count=604 567 659 244 1420 242 291 137 131 337 45 302 456 872 446 144 350 165 332 1003 57 511 334 175 255 545 68 611 129 106 1077
internal_value=-0.00177949 0.00234551 2.39785e-05 0.00362688 0.00560451 -0.00997466 0.00667565 0.0059673 -0.0316253 0.00234923 0.00184266 0.000962945 -0.00175115 -0.0234375 -0.0135892 0.00374564 0.00977842 -0.0143052 -0.0170692 -0.00912791 -0.0119552 -0.00540146 -0.0148048 0.00677817 0.0113797 0.0174383 0.0127922 0.0167419 0.00424791 -0.00792047
internal_weight=12615 11084 10425 7664 6922 2761 6680 6543 1531 4277 4232 4101 3254 927 481 1721 1037 2194 1862 859 802 684 742 567 847 323 2266 1549 717 1533
internal_count=12615 11084 10425 7664 6922 2761 6680 6543 1531 4277 4232 4101 3254 927 481 1721 1037 2194 1862 859 802 684 742 567 847 323 2266 1549 717 1533
is_linear=0
shrinkage=0.05


Tree=52
num_leaves=31
num_cat=0
split_feature=15 14 8 14 8 15 7 6 2 11 10 11 1 6 1 12 0 11 3 1 10 10 11 15 14 15 6 15 1 11
split_gain=602.439 376.852 194.556 98.0056 111.747 56.1555 52.7326 47.743 43.7056 42.7018 54.7434 45.3897 38.8798 37.789 35.0415 33.9212 32.5644 31.3253 30.207 33.5325 28.6139 27.8533 27.5741 26.1657 28.2352 52.0068 47.327 36.3828 25.8039 25.1348
threshold=4772.5000000000009 8226.5000000000018 4.5000000000000009 5877.5000000000009 1.0000000180025095e-35 4488.5000000000009 16.500000000000004 3.5987124463519318 9.3444206008583688 0.31595530242620651 -0.861146256326485 -0.19337245081799007 9.4544304363376259 796.80901287553661 11.842636802575109 0.99463153969809781 20.704506437768242 -0.82899557272681157 4.3107296137339066 23.613863555078684 -0.54939360607974019 0.9550229469509578 0.69521084835931835 5786.5000000000009 6834.5000000000009 6831.5000000000009 221.68025751072963 6786.5000000000009 15.759383941344781 0.99349222267034787
decision_type=8 10 2 10 2 10 2 2 2 2 2 2 2 2 2 2 2 2 2 2 2 2 2 10 10 10 2 10 2 2
left_child=5 2 3 7 -5 -1 14 9 12 10 11 -2 -6 -9 -4 23 28 -15 19 -8 -18 -16 -7 -14 27 -26 -27 -25 -12 -11
right_child=1 -3 6 4 8 22 18 13 -10 29 16 -13 15 17 21 -17 20 -19 -20 -21 -22 -23 -24 24 25 26 -28 -29 -30 -31
leaf_value=-15.249364137867497 1.9246707141671324 25.602054294155849 -0.73428546242516868 19.190962295038254 14.607479472036994 -5.8721887241973043 -1.5010276498957411 2.4652310606832546 7.7356147335746757 0.32222202721582111 -1.2327830119064629 -1.1620363264745266 3.5947643160488951 3.6138760420706149 -4.3823396255714675 -5.5272562975986155 -2.2794563393590352 -2.8974340008395076 5.168079600693364 2.6545787732724877 2.6129680210680819 -11.86996101684913 -0.97266833518310714 0.4902707661384284 6.330781766806286 2.3258425629529031 -2.3762628011397737 -2.3703968886635267 -4.922920661445187 -15.6729594362806
leaf_weight=549 139 550 340 401 61 789 645 775 163 926 238 258 243 51 1184 118 78 142 164 127 117 151 171 1608 285 887 395 411 512 97
leaf_count=549 139 550 340 401 61 789 645 775 163 926 238 258 243 51 1184 118 78 142 164 127 117 151 171 1608 285 887 395 411 512 97
internal_value=-0.00206345 0.00197886 -0.000133118 0.00377561 0.00852832 -0.0316887 -0.011964 -0.00274445 0.00610019 -0.00657227 -0.0124348 0.0031407 0.00506361 0.00660475 -0.0172733 0.00444529 -0.0189746 -0.0131443 -0.00245464 -0.00659767 -0.000765306 -0.0209207 -0.0243496 0.0052611 0.00418177 0.00921556 0.00491037 0.000272277 -0.0237017 0.00112305
internal_weight=12575 11066 10516 7905 4572 1509 2611 3333 4171 2365 1342 397 4008 968 1675 3947 945 193 936 772 195 1335 960 3829 3586 1567 1282 2019 750 1023
internal_count=12575 11066 10516 7905 4572 1509 2611 3333 4171 2365 1342 397 4008 968 1675 3947 945 193 936 772 195 1335 960 3829 3586 1567 1282 2019 750 1023
is_linear=0
shrinkage=0.05


Tree=53
num_leaves=31
num_cat=0
split_feature=14 14 14 11 10 13 7 10 1 13 13 14 3 2 12 11 12 1 12 14 12 1 12 12 6 1 11 7 7 11
split_gain=524.558 346.189 121.989 67.9466 59.6049 56.4076 47.362 40.8242 35.5405 45.1249 54.6069 34.5032 30.8983 28.7654 28.4479 26.7841 23.5501 41.019 27.8878 23.5304 29.6358 39.5179 21.7219 23.5956 21.7055 21.5161 26.2385 23.4912 26.925 20.0204
threshold=4847.5000000000009 8226.5000000000018 6431.5000000000009 0.29958852271690523 0.66527693225344786 0.99138911339924218 5.5000000000000009 0.99700008544936913 14.041219599427757 0.97263757644091875 0.90438663683299525 4412.5000000000009 0.88927038626609456 1.503648068669529 -0.92923668111203805 0.45847758937963173 0.85223490906209554 22.224959763948501 -0.97113884758256674 5847.5000000000009 0.93771544905322102 27.061847281831188 -0.9470547246821871 -0.89405649444168434 347.78540772532193 10.08427664520744 0.99681593486783593 8.5000000000000018 1.0000000180025095e-35 0.97832380634958016
decision_type=10 10 10 2 2 2 2 2 2 2 2 10 2 2 2 2 2 2 2 10 2 2 2 2 2 2 2 2 2 2
left_child=6 2 3 5 8 7 11 19 24 10 16 -1 -6 -13 -5 -14 17 18 -10 20 21 -2 -20 -24 -4 26 -16 28 -27 -29
right_child=1 -3 4 14 12 -7 -8 -9 9 -11 -12 13 15 -15 25 -17 -18 -19 22 -21 -22 -23 23 -25 -26 27 -28 29 -30 -31
leaf_value=-12.481815616154108 -1.4798028023769803 23.870227784879173 7.2632866106513347 2.2141109294257832 -2.9111311828517277 8.2122481475213593 -2.9311363240797164 -9.3287298210512297 4.2588953489278314 8.7488838744633775 -5.612455417081879 -5.977035712968882 2.8442642472284207 2.7950504225253781 5.3920631409231197 -1.9159829601486764 -0.93578479892162258 3.2684050956027932 -4.1870793595876874 -0.36782803106952999 -3.5729451604625186 3.7396003601149008 5.2111751984994275 0.088258347490000236 0.043754433331787371 1.4577525163405882 -4.4182340377038143 2.9534326509399538 -1.2798820059960236 -3.814660070537184
leaf_weight=342 1828 527 958 328 342 77 429 194 160 118 120 1063 433 42 121 311 237 317 78 1483 316 41 64 737 165 158 53 518 905 98
leaf_count=342 1828 527 958 328 342 77 429 194 160 118 120 1063 433 42 121 311 237 317 78 1483 316 41 64 737 165 158 53 518 905 98
internal_value=-0.00199379 0.00228761 0.000236197 -0.004215 0.00697847 -0.00813452 -0.0263719 -0.00898266 0.0106599 0.00635917 0.00428821 -0.0306975 -0.00303588 -0.0263562 0.00286434 0.00268456 0.00674404 0.00928519 0.00447115 -0.00779504 -0.0110933 -0.00868984 0.000965909 0.00342893 0.0176601 0.000458468 0.0171429 -0.00127976 -0.00578008 0.00648298
internal_weight=12563 10687 10160 6120 4040 3939 1876 3862 2954 1831 1713 1447 1086 1105 2181 744 1593 1356 1039 3668 2185 1869 879 801 1123 1853 174 1679 1063 616
internal_count=12563 10687 10160 6120 4040 3939 1876 3862 2954 1831 1713 1447 1086 1105 2181 744 1593 1356 1039 3668 2185 1869 879 801 1123 1853 174 1679 1063 616
is_linear=0
shrinkage=0.05


Tree=54
num_leaves=31
num_cat=0
split_feature=15 15 8 11 13 12 12 11 1 10 10 10 1 1 10 12 1 11 2 11 10 15 13 12 12 1 0 11 10 1
split_gain=546.846 348.478 140.387 84.3235 87.6778 65.0302 90.4235 64.8524 56.3242 51.5545 138.949 95.8744 49.4307 43.1687 47.9746 42.9025 39.8016 38.7611 59.3342 37.2888 70.7457 37.0324 34.0462 35.1289 35.0664 53.4881 30.7083 49.3569 29.3207 29.2737
threshold=4689.5000000000009 8116.5000000000009 4.5000000000000009 0.56191161272202661 0.9863035000474919 0.86440767487108461 0.65231507897944274 0.45847758937963173 11.799213161659514 -0.21861968191509915 0.022575936829235418 0.35846314187849709 23.613863555078684 14.219174713876967 -0.42180583328916638 -0.13292143739675699 19.562687768240345 -0.64580103137750788 4.130686695278972 0.9863035000474919 0.69056404122701587 4440.5000000000009 -0.8697618612574799 -0.34235511113144612 -0.7614135502316719 12.7149678111588 23.195278969957084 -0.94426098523567992 0.86113431103781346 15.90297299713877
decision_type=8 10 2 2 2 2 2 2 2 2 2 2 2 2 2 2 2 2 2 2 2 10 2 2 2 2 2 2 2 2
left_child=21 2 3 4 5 6 16 -8 19 13 -11 -12 15 -5 -15 -10 22 18 -7 20 -4 -1 23 -2 -24 -26 27 -18 -22 -23
right_child=1 -3 8 9 -6 17 7 -9 12 10 11 -13 -14 14 -16 -17 26 -19 -20 -21 28 29 24 -25 25 -27 -28 -29 -30 -31
leaf_value=-16.245065276811761 4.385695568762503 24.351340845479811 7.9561477353904593 5.5909737601332381 10.040125883618908 -5.5698016525234841 3.6631251230036015 -3.8257677043842024 -2.0241947179880073 -7.9462770196218573 9.5144787172695953 0.23324561598542459 0.53090077127283164 2.3573280106355017 -4.2170292721300484 -4.5359480371639167 -3.2684928326189269 -0.0055802871529749614 -0.51390940821506781 -7.0750889661612071 -6.1129878114512852 -2.6238380333565603 -0.51433062105861616 -0.94368595377231945 1.2375073038347182 -4.6001060962944846 1.4830543008660699 0.40194387097899381 0.39617288319377625 -7.168740704755419
leaf_weight=460 145 629 272 475 114 308 665 96 892 321 399 656 356 535 89 1061 268 314 246 92 65 213 585 851 88 369 552 898 130 503
leaf_count=460 145 629 272 475 114 308 665 96 892 321 399 656 356 535 89 1061 268 314 246 92 65 213 585 851 88 369 552 898 130 503
internal_value=-0.00178289 0.00154725 -0.000553352 0.00285893 -0.000590909 -0.00151318 0.000896414 0.016601 -0.0100383 0.010521 0.00406681 0.0128314 -0.0134848 0.0185909 0.00992 -0.016607 -0.00228906 -0.0140391 -0.021982 0.00419643 0.0099359 -0.0342396 -0.00701324 -0.000401204 -0.0133269 -0.02369 0.00331588 -0.00128535 -0.0130102 -0.0270572
internal_weight=12647 11471 10842 7974 5499 5385 4517 761 2868 2475 1376 1055 2309 1099 624 1953 3756 868 554 559 467 1176 2038 996 1042 457 1718 1166 195 716
internal_count=12647 11471 10842 7974 5499 5385 4517 761 2868 2475 1376 1055 2309 1099 624 1953 3756 868 554 559 467 1176 2038 996 1042 457 1718 1166 195 716
is_linear=0
shrinkage=0.05


Tree=55
num_leaves=31
num_cat=0
split_feature=15 14 15 10 12 15 14 14 12 2 6 1 11 11 12 10 1 7 11 12 1 7 10 10 10 14 1 1 12 12
split_gain=500.824 364.258 130.914 56.7301 58.0861 52.1908 51.5745 43.0077 42.0255 46.3602 65.102 34.8218 39.4228 39.5419 34.0261 32.4788 30.7626 52.2215 31.8145 90.6727 29.2602 28.0659 26.9414 53.8081 23.8268 23.775 21.9611 50.6406 40.2836 61.9359
threshold=4689.5000000000009 8226.5000000000018 6130.5000000000009 0.99700008544936913 0.99351232050787985 8178.5000000000009 4825.5000000000009 6331.5000000000009 0.99831452020184319 5.9613733905579389 387.51716738197428 27.534388412017176 0.6174544326165855 0.8511460603353429 -0.97876850416056738 -0.47558551945199218 12.679090665236052 21.500000000000004 0.9863035000474919 0.033323506451456063 11.500912017167385 16.500000000000004 -0.15101209918632377 -0.0053757284505435614 1.0000000180025095e-35 5331.5000000000009 19.562687768240345 16.141027360515025 0.84660111278280559 0.77241981449888963
decision_type=8 10 10 2 2 10 10 10 2 2 2 2 2 2 2 2 2 2 2 2 2 2 2 2 2 10 2 2 2 2
left_child=6 2 3 4 7 8 -1 11 9 10 14 12 26 -14 -4 -11 18 -18 -16 -20 22 -9 -15 -24 -8 -6 27 -2 29 -28
right_child=1 -3 5 -5 25 -7 24 21 -10 15 -12 -13 13 20 16 -17 17 -19 19 -21 -22 -23 23 -25 -26 -27 28 -29 -30 -31
leaf_value=-11.03983693207597 -0.88447250315311976 21.843009539259743 4.7056444540632585 -10.56166678136524 -7.6722749141924176 15.715015143956407 -6.111683280339185 0.25379274874499064 -6.307829658532774 0.79722828882449903 -1.3595256654770767 2.526419941462382 1.2517342862445504 4.9508368710447259 4.4679369557440625 6.8872724402332555 0.78207922046112799 -3.7799606225541993 -7.180716458202415 24.987222097464588 -1.6591697755248334 4.2875955515432684 -10.546125996302976 1.8065070641234797 -1.7175797891510685 -1.3362951095225299 -0.54444768153562106 -3.2611934369896973 -2.5987876211731646 4.0968613221805299
leaf_weight=804 811 562 224 175 110 249 187 551 121 217 1037 74 408 58 801 202 2010 173 161 66 419 196 62 148 191 90 1301 643 464 125
leaf_count=804 811 562 224 175 110 249 187 551 121 217 1037 74 408 58 801 202 2010 173 161 66 419 196 62 148 191 90 1301 643 464 125
internal_value=-0.00174037 0.00145737 -0.000568964 -0.00586409 -0.00496246 0.00510262 -0.0327134 -0.00395362 0.00398963 0.00471177 0.00321932 -0.00579309 -0.00636261 0.00187044 0.00653376 0.0205952 0.00521482 0.0018544 0.0123421 -0.00416667 -0.00545058 0.00715241 0.00743494 -0.000947867 -0.0174142 -0.0313433 -0.0090583 -0.013677 -0.00549974 -0.00133146
internal_weight=12640 11458 10896 5635 5460 5261 1182 5260 5012 4891 4472 4513 4439 1095 3435 419 3211 2183 1028 227 687 747 268 210 378 200 3344 1454 1890 1426
internal_count=12640 11458 10896 5635 5460 5261 1182 5260 5012 4891 4472 4513 4439 1095 3435 419 3211 2183 1028 227 687 747 268 210 378 200 3344 1454 1890 1426
is_linear=0
shrinkage=0.05


Tree=56
num_leaves=31
num_cat=0
split_feature=15 15 15 10 15 12 15 1 11 10 11 11 0 11 1 1 12 0 13 1 2 13 12 11 10 13 12 1 10 10
split_gain=504.394 288.611 95.6982 55.6694 49.3892 48.0792 43.6534 42.0431 36.9065 35.1953 33.6562 30.9736 30.1928 30.0371 35.3238 28.7261 32.0965 35.1822 28.993 27.2178 45.8182 29.0713 43.7192 25.4537 72.2979 25.3626 25.2687 24.6872 24.4261 83.2511
threshold=4689.5000000000009 7703.5000000000009 6130.5000000000009 0.99552231814189451 8345.5000000000018 0.99351232050787985 4462.5000000000009 27.534388412017176 0.63089349388778826 0.66527693225344786 0.6174544326165855 -0.99864786094873803 15.972103004291844 0.84199059757024453 11.645475679542205 12.023010550786841 0.85784900197110281 27.157939914163094 0.47370525521770246 23.613863555078684 0.69721030042918397 -0.48314634702607501 0.57957876984334955 0.98899263613956456 0.022575936829235418 0.63089349388778826 0.28313881758084386 19.607144134477828 -0.16799356919963607 1.0000000180025095e-35
decision_type=8 10 10 2 10 2 10 2 2 2 2 2 2 2 2 2 2 2 2 2 2 2 2 2 2 2 2 2 2 2
left_child=6 2 3 5 -3 7 -1 10 -8 11 19 -4 -11 -12 23 28 17 25 -18 21 -21 22 -2 -15 -25 -17 -23 -14 -13 -30
right_child=1 4 9 -5 -6 -7 8 -9 -10 12 13 15 27 14 -16 16 18 -19 -20 20 -22 26 -24 24 -26 -27 -28 -29 29 -31
leaf_value=-13.743551054076534 -1.1873838238263716 7.542867665185395 11.438254979972818 -8.4185002530319935 25.776976871085573 -5.0106038992905724 -6.1376869327696797 4.2923286509081668 -0.29146456393809789 0.60943021737530223 1.4147325205795369 13.988277274148595 -2.6242734804463002 2.7579894583322133 -1.6256135467224795 1.3778078810744319 -0.62447548978061607 4.2770028536680682 -4.9365846536739815 -2.5316652015172623 2.1648080097382718 -0.92643131739669116 1.0252528041600955 -7.2991728993108156 21.084383792088559 -0.73931900335569489 -3.2992246097483986 2.7514013442932539 -7.2972837304164386 6.9418819850840467
leaf_weight=512 1474 635 51 202 447 200 536 86 131 801 437 167 425 236 481 1549 461 222 42 192 401 632 476 111 41 585 643 42 111 321
leaf_count=512 1474 635 51 202 447 200 536 86 131 801 437 167 425 236 481 1549 461 222 42 192 401 632 476 111 41 585 643 42 111 321
internal_value=-0.00154138 0.00166056 -0.000899904 -0.00532692 0.0262235 -0.00436149 -0.0326695 -0.00343504 -0.0241766 0.00430096 -0.00401951 0.00688034 -0.00283688 0.00290742 -0.00247126 0.0063024 0.00421329 0.00666101 -0.00724206 -0.00638911 0.00345118 -0.00819901 -0.00435674 0.00874036 -0.00718954 0.00468384 -0.0140674 -0.0129274 0.01625 0.00993072
internal_weight=12650 11471 10389 5612 1082 5410 1179 5210 667 4777 5124 3509 1268 1306 869 3458 2859 2356 503 3818 593 3225 1950 388 152 2134 1275 467 599 432
internal_count=12650 11471 10389 5612 1082 5410 1179 5210 667 4777 5124 3509 1268 1306 869 3458 2859 2356 503 3818 593 3225 1950 388 152 2134 1275 467 599 432
is_linear=0
shrinkage=0.05


Tree=57
num_leaves=31
num_cat=0
split_feature=8 7 7 1 8 6 7 7 11 12 13 11 1 8 11 1 0 6 7 3 6 1 8 0 1 13 12 11 6 1
split_gain=344.961 192.337 166.426 111.99 101.813 98.551 86.1215 78.8747 64.1537 153.932 62.4817 50.9884 47.1291 46.5515 44.1863 42.9696 41.812 36.5869 47.0941 34.8925 34.0113 32.8052 32.0964 30.756 30.276 27.8299 27.5446 26.7487 26.5592 26.3042
threshold=4.5000000000000009 4.5000000000000009 9.5000000000000018 12.814882868383407 1.0000000180025095e-35 288.23390557939916 21.500000000000004 1.5000000000000002 0.99138911339924218 0.067682722635586057 0.97263757644091875 0.87291090774974645 23.757376609442058 5.5000000000000009 0.3484035575467645 11.757908619456368 20.258583690987127 437.4227467811159 9.5000000000000018 4.6122317596566536 727.78969957081551 15.608154506437769 5.5000000000000009 27.157939914163094 22.834231938483551 -0.8697618612574799 -0.77245553105869302 0.77652048701313048 187.49785407725324 12.814882868383407
decision_type=2 2 2 2 2 2 2 2 2 2 2 2 2 2 2 2 2 2 2 2 2 2 2 2 2 2 2 2 2 2
left_child=1 4 7 8 -1 19 10 13 11 -10 17 -3 20 -2 16 27 -6 18 25 22 -7 28 -4 -23 -19 -5 -8 -9 -20 -15
right_child=2 3 5 6 14 12 26 15 9 -11 -12 -13 -14 29 -16 -17 -18 24 21 -21 -22 23 -24 -25 -26 -27 -28 -29 -30 -31
leaf_value=-8.1710841955070013 2.4003282338277132 4.3536931668772469 -1.698302315916294 1.5365032409313244 -1.9697641823825962 -4.1087866613533608 0.66380489291727829 -5.4125549306035738 -8.7223458185058913 28.458679424441335 9.4125601074520091 16.642409129812723 1.1707097820715717 1.3857040932467044 0.59764822246902438 -8.8625066912140937 0.47473151458987106 -0.88010148837699953 9.5784810516696783 8.0635710979741813 -13.154997074821791 1.1647649370280762 1.7080635197797394 8.4035859155575974 1.3422214552180094 -0.4332398507483049 -2.1539756954318365 0.39109447271380304 3.271679559998347 -7.1563735013727188
leaf_weight=385 153 791 452 326 671 564 132 59 227 105 153 587 155 40 631 991 168 1118 403 217 202 1145 468 72 386 1001 429 131 248 107
leaf_count=385 153 791 452 326 671 564 132 59 227 105 153 587 155 40 631 991 168 1118 403 217 202 1145 468 72 386 1001 429 131 248 107
internal_value=-0.00156974 0.00364183 -0.0147881 0.00737647 -0.010695 -0.00558524 0.00385113 -0.0275641 0.0185272 -0.0012012 0.00599629 0.0232777 -0.0177332 -0.00465116 -0.00469069 -0.0333756 -0.0122024 0.00496809 0.00799437 0.00426186 -0.0228162 0.0131086 0 0.00825123 -0.00146179 0.000790663 -0.0146797 -0.0115183 0.0221626 -0.0246622
internal_weight=12517 8978 3539 7123 1855 2058 5413 1481 1710 332 4852 1378 921 300 1470 1181 839 4699 3195 1137 766 1868 920 1217 1504 1327 561 190 651 147
internal_count=12517 8978 3539 7123 1855 2058 5413 1481 1710 332 4852 1378 921 300 1470 1181 839 4699 3195 1137 766 1868 920 1217 1504 1327 561 190 651 147
is_linear=0
shrinkage=0.05


Tree=58
num_leaves=31
num_cat=0
split_feature=15 14 8 14 12 14 14 8 1 1 12 2 15 10 8 14 1 13 12 1 6 6 8 15 11 13 8 1 15 14
split_gain=428.799 323.187 155.327 65.5685 64.9209 63.8375 60.4272 75.3698 49.0803 63.1882 48.6392 44.7461 40.6351 40.0107 35.1635 46.1628 34.8354 28.8945 28.5666 25.7639 25.0226 30.5506 32.0925 28.4946 27.7561 25.0759 24.5368 25.9565 23.5595 27.6196
threshold=4723.5000000000009 8226.5000000000018 2.5000000000000004 4815.5000000000009 0.99351232050787985 4777.5000000000009 4859.5000000000009 4.5000000000000009 23.757376609442058 13.928259120171676 0.52217737485370563 1.3195278969957072 8345.5000000000018 -0.61237985104942771 4.5000000000000009 4344.5000000000009 28.018329756795421 0.98005052076767474 0.86440767487108461 15.54339234620887 421.83476394849788 1.0000000180025095e-35 1.0000000180025095e-35 6801.5000000000009 0.31595530242620651 -0.9787668070481591 4.5000000000000009 11.921982296137339 5286.5000000000009 5557.5000000000009
decision_type=8 10 2 10 2 10 10 2 2 2 2 2 10 2 2 10 2 2 2 2 2 2 2 10 2 2 2 2 8 10
left_child=6 2 4 -4 5 -2 14 -8 9 10 -5 -10 16 19 15 -1 20 -15 -13 -11 21 24 -23 -22 28 -24 -3 -28 -7 -30
right_child=1 26 3 8 -6 12 7 -9 11 13 -12 18 -14 17 -16 -17 -18 -19 -20 -21 23 22 25 -25 -26 -27 27 -29 29 -31
leaf_value=-10.42295069415643 -1.1367264415098361 23.01531513306459 -6.2850595228845583 1.8540639356898283 -4.4414171131339115 0.90152408073754486 6.6545748636823419 -4.7901934673994448 -1.6993579404841057 4.4310579643626626 -1.0763627844995654 3.8326895592931809 28.874903094586898 -3.1034408836208742 -13.380744714498087 -2.4391214787186528 8.2927960615833403 5.5696504296116478 0.096102983142577619 -0.84966510941474105 0.88976162779677004 9.4267813540409637 7.7612347710914271 -2.439102033314521 1.6218696075287653 1.605689018101998 15.462796697854401 -4.0660215849003638 -2.9720325495147111 0.053378839677679937
leaf_weight=180 614 424 225 889 181 195 68 352 187 83 1038 290 103 1572 400 303 113 43 218 1454 683 412 78 205 784 898 70 41 162 269
leaf_count=180 614 424 225 889 181 195 68 352 187 83 1038 290 103 1572 400 303 113 43 218 1454 683 412 78 205 784 898 70 41 162 269
internal_value=-0.00157958 0.0015714 -0.000327195 -0.00565833 0.00648148 0.00765995 -0.0287193 -0.0130641 -0.00462338 -0.00632874 0.000803942 0.00783046 0.0100179 -0.0106882 -0.0361425 -0.0269628 0.00917105 -0.0161819 0.0155206 -0.00490897 0.00832655 0.0106467 0.0159107 0.00101237 0.00545712 0.0109519 0.039459 0.0183036 -0.00239234 -0.00891204
internal_weight=12534 11231 10696 5999 4697 4516 1303 420 5774 5079 1927 695 3902 3152 883 483 3799 1615 508 1537 3686 2798 1388 888 1410 976 535 111 626 431
internal_count=12534 11231 10696 5999 4697 4516 1303 420 5774 5079 1927 695 3902 3152 883 483 3799 1615 508 1537 3686 2798 1388 888 1410 976 535 111 626 431
is_linear=0
shrinkage=0.05


Tree=59
num_leaves=31
num_cat=0
split_feature=14 14 8 15 8 14 12 14 11 8 8 15 6 8 3 13 1 6 2 15 6 1 8 6 6 14 0 10 12 11
split_gain=397.03 284.466 185.268 115.602 71.6301 59.0378 57.6301 52.2071 45.7641 39.7554 37.0619 36.3502 33.8722 40.6567 30.8775 30.3942 29.9805 27.7011 42.1533 33.3816 48.1454 29.1373 26.9175 24.4743 24.4158 24.3227 24.2478 23.3139 22.4897 21.2239
threshold=4802.5000000000009 8226.5000000000018 4.5000000000000009 4644.5000000000009 1.0000000180025095e-35 5278.5000000000009 0.99351232050787985 6195.5000000000009 -0.99465740988130902 1.5000000000000002 5.5000000000000009 4896.5000000000009 1.0000000180025095e-35 2.5000000000000004 4.4420600858369115 0.046214940139115722 13.408699928469241 692.59656652360525 7.1178111587982871 6816.5000000000009 251.2639484978541 13.551640736766812 4.5000000000000009 30.06652360515022 1.0000000180025095e-35 6395.5000000000009 15.758369098712448 0.022575936829235418 0.96231527631374336 -0.54940789553007929
decision_type=10 10 2 10 2 10 2 10 2 2 2 8 2 2 2 2 2 2 2 10 2 2 2 2 2 10 2 2 2 2
left_child=3 2 4 -1 7 10 8 -2 -6 -5 -4 -10 13 14 -13 -8 -15 18 19 21 29 27 -3 -24 -7 -26 -22 -14 -19 -21
right_child=1 22 5 9 6 24 15 -9 11 -11 -12 12 17 16 -16 -17 -18 28 -20 20 26 -23 23 -25 25 -27 -28 -29 -30 -31
leaf_value=-10.461807459796137 2.0603720926587359 21.138733808216877 -1.7951761880915456 -1.114147003781045 7.5107409552736275 0.22887886674916447 -9.0939660224882353 24.002100325528183 1.9911334345366869 -3.9444580503308773 -5.840204641496439 -0.19682749096716634 -1.1413857198261212 0.15032522278506805 2.5005412130172773 -0.38358326780344215 -1.651618042389555 -1.1232657364300394 7.4221240286495913 -2.0523338403264462 -0.078090244333952799 1.1684679849035546 9.4469177284937356 -8.8559343924525376 -3.9020730811842443 -0.76404815057453568 -3.2737370203366711 17.004860998250887 3.308972929943252 2.1043619978625432
leaf_weight=696 920 432 263 668 106 793 106 254 237 345 419 732 40 366 344 113 781 528 70 63 265 1170 71 41 819 761 240 129 44 710
leaf_count=696 920 432 263 668 106 793 106 254 237 345 419 732 40 366 344 113 781 528 70 63 265 1170 71 41 819 761 240 129 44 710
internal_value=-0.00167638 0.00186264 -4.86665e-06 -0.0240643 0.00436349 -0.010324 0.00216708 0.0156596 0.00311535 -0.0132643 -0.0232796 0.00250874 0.00167791 -0.00308004 0.00389972 -0.0229545 -0.00962544 0.00492331 0.00704985 0.00601604 0.000234558 0.0115299 0.0370642 0.0150442 -0.00659225 -0.0101834 -0.0117589 0.0308824 -0.00506108 0.00807494
internal_weight=12526 10817 10273 1709 7218 3055 6044 1174 5825 1013 682 5719 5482 2223 1076 219 1147 3259 2687 2617 1278 1339 544 112 2373 1580 505 169 572 773
internal_count=12526 10817 10273 1709 7218 3055 6044 1174 5825 1013 682 5719 5482 2223 1076 219 1147 3259 2687 2617 1278 1339 544 112 2373 1580 505 169 572 773
is_linear=0
shrinkage=0.05


Tree=60
num_leaves=31
num_cat=0
split_feature=15 14 8 14 14 8 15 15 10 13 14 7 7 6 11 8 15 14 7 8 7 6 2 8 7 6 6 11 2 15
split_gain=409.862 282.309 137.378 69.7404 57.7347 51.8021 70.1342 51.192 45.0937 40.9086 37.344 45.1863 44.6094 35.369 33.0378 29.4288 29.4247 27.0765 35.7901 36.2613 74.5625 32.3311 33.0334 32.2425 24.8715 23.943 23.8988 23.666 32.5087 23.2393
threshold=4676.5000000000009 8226.5000000000018 2.5000000000000004 4964.5000000000009 6551.5000000000009 1.0000000180025095e-35 6622.5000000000009 4462.5000000000009 0.99700008544936913 0.99530134160901229 4585.5000000000009 20.500000000000004 13.500000000000002 221.68025751072963 0.60383265664488517 4.5000000000000009 4909.5000000000009 6431.5000000000009 3.5000000000000004 4.5000000000000009 9.5000000000000018 479.75965665236055 9.5416309012875562 5.5000000000000009 12.500000000000002 228.96995708154509 387.51716738197428 -0.65883892954715351 0.36051502145922504 5640.5000000000009
decision_type=8 10 2 10 10 2 10 10 2 2 10 2 2 2 2 2 8 10 2 2 2 2 2 2 2 2 2 2 2 10
left_child=7 2 4 16 10 -6 -7 -1 9 17 -2 12 26 -8 -9 -3 -4 18 -5 -20 -21 23 24 -22 -23 -14 27 28 -12 -25
right_child=1 15 3 8 5 6 13 14 -10 -11 11 -13 25 -15 -16 -17 -18 -19 19 20 21 22 -24 29 -26 -27 -28 -29 -30 -31
leaf_value=-12.44862942445725 -2.384851353462409 20.684804125331404 -1.283511070012719 0.44900237087631467 26.827345996909028 8.274309137425508 2.1863396748724426 -4.6918344304946915 -6.9953715472136544 7.4332946461930085 -2.9848890336627849 -1.0760105441142513 8.7484781669315907 -1.3620323034760078 0.33543173919097174 6.8447313483899279 -9.7365668099346525 0.090157595646360278 -0.31070182873534125 -5.4043890473361449 -3.5143087155003743 -2.2786962926588332 2.0884883113335038 3.3531868375644991 -8.3551118722718467 1.7731201303196713 -0.91664179425374648 1.2342425383699493 1.9526524768984019 -0.57241066205656355
leaf_weight=512 363 428 281 551 173 251 611 487 187 128 154 471 191 375 134 102 196 2347 1068 388 155 153 49 207 169 438 490 1220 95 221
leaf_count=512 363 428 281 551 173 251 611 487 187 128 154 471 191 375 134 102 196 2347 1068 388 155 153 49 207 169 438 490 1220 95 221
internal_value=-0.00152826 0.00130856 -0.000420745 -0.00540895 0.00587627 0.014387 0.0107835 -0.0302028 -0.00384957 -0.00301637 0.00236635 0.00416667 0.00675937 0.0047619 -0.0204984 0.0369115 -0.0237448 -0.00369184 -0.00687036 -0.00949813 -0.0149665 -0.00743455 -0.0189516 -8.56164e-05 -0.0247678 0.0183333 0.00303571 0.00622449 -0.0078 0.00699301
internal_weight=12595 11462 10932 6100 4832 1410 1237 1133 5623 5436 3422 3059 2588 986 621 530 477 5308 2961 2410 1342 954 371 583 322 629 1959 1469 249 428
internal_count=12595 11462 10932 6100 4832 1410 1237 1133 5623 5436 3422 3059 2588 986 621 530 477 5308 2961 2410 1342 954 371 583 322 629 1959 1469 249 428
is_linear=0
shrinkage=0.05


Tree=61
num_leaves=31
num_cat=0
split_feature=15 14 8 14 12 8 8 10 14 14 14 7 11 8 14 12 7 8 7 7 7 8 13 13 8 14 15 7 6 7
split_gain=364.427 274.402 110.144 78.7944 63.9242 53.9001 52.4667 48.4641 46.0632 44.7452 41.5706 36.2178 33.476 31.615 54.4063 30.1246 28.9074 30.465 54.3538 34.4653 48.4466 29.2785 29.1632 36.7172 28.1394 24.7412 42.5442 24.6655 23.4616 23.4607
threshold=4723.5000000000009 8161.0000000000009 2.5000000000000004 4859.5000000000009 0.99351232050787985 4.5000000000000009 4.5000000000000009 0.99700008544936913 4344.5000000000009 4777.5000000000009 4767.5000000000009 22.500000000000004 -0.99864786094873803 1.0000000180025095e-35 5768.5000000000009 0.99831452020184319 1.0000000180025095e-35 4.5000000000000009 16.500000000000004 4.5000000000000009 8.5000000000000018 5.5000000000000009 0.98005052076767474 0.90438663683299525 5.5000000000000009 6081.5000000000009 5954.5000000000009 21.500000000000004 592.85836909871261 10.500000000000002
decision_type=10 10 2 10 2 2 2 2 10 10 10 2 2 2 10 2 2 2 2 2 2 2 2 2 2 10 10 2 2 2
left_child=3 2 4 6 9 -5 8 10 -1 -2 -4 13 -12 14 -11 16 -14 22 19 21 -21 -19 23 27 25 -20 -27 -18 29 -22
right_child=1 -3 7 5 -6 -7 -8 -9 -10 11 12 -13 15 -15 -16 -17 17 18 24 20 28 -23 -24 -25 -26 26 -28 -29 -30 -31
leaf_value=-9.0660208216914722 -1.1352538691769496 15.100016950621921 -5.6427958547820714 3.7454647777018182 -4.8462647706526019 -3.7543307874960195 -12.372302186473689 -6.969430728897942 -1.8034384194330189 1.6315403159320567 8.234617564806058 -1.4502666954111647 1.2754519972444998 1.022643646725055 14.40372773864997 -4.4099822763848353 0.37321107082048005 1.8609686491054163 -4.0591820865314734 -6.2014399374406368 -3.292867805662445 -2.822888037497842 7.5370822235945987 -4.3301296276717949 1.8360800118025056 2.1795637769503631 -2.1074996151143752 -1.5383126131825522 -5.7372966661664577 0.25713209793157149
leaf_weight=186 601 586 128 135 174 372 414 220 338 640 53 200 236 2680 407 203 2120 135 86 285 210 60 123 183 458 116 202 240 350 405
leaf_count=186 601 586 128 135 174 372 414 220 338 640 53 200 236 2680 407 203 2120 135 86 285 210 60 123 183 458 116 202 240 350 405
internal_value=-0.0012513 0.001824 -3.32826e-05 -0.0248617 0.00565596 -0.00895669 -0.0334398 -0.00463536 -0.0228571 0.00680062 -0.00372721 0.00874491 -0.0030644 0.00985783 0.0172233 -0.00345465 -0.00271593 -0.00352835 -0.00773397 -0.0136584 -0.0167066 0.00586735 0.000112486 -0.00104167 0.00220162 -0.00740741 -0.000940439 0.000635324 -0.0113354 -0.00543831
internal_weight=12546 11101 10515 1445 4702 507 938 5813 524 4528 5593 3927 5465 3727 1047 5412 5209 4973 2307 1445 1250 195 2666 2543 862 404 318 2360 965 615
internal_count=12546 11101 10515 1445 4702 507 938 5813 524 4528 5593 3927 5465 3727 1047 5412 5209 4973 2307 1445 1250 195 2666 2543 862 404 318 2360 965 615
is_linear=0
shrinkage=0.05


Tree=62
num_leaves=31
num_cat=0
split_feature=15 14 8 14 13 14 14 8 7 10 5 7 2 11 10 10 6 10 2 0 14 7 6 7 8 7 8 8 2 8
split_gain=348.373 274.229 98.3546 76.3326 52.5421 48.6605 42.8536 100.149 42.5443 37.526 28.6151 46.2767 40.0734 35.0576 36.561 34.1345 36.063 31.1753 47.561 46.403 27.4639 23.7807 26.7723 43.6601 53.7068 37.0461 50.4567 37.5993 30.3413 30.031
threshold=4676.5000000000009 8226.5000000000018 2.5000000000000004 4585.5000000000009 0.99421661762139257 4859.5000000000009 4630.5000000000009 4.5000000000000009 22.500000000000004 0.99700008544936913 0.079080200408922635 9.5000000000000018 8.2785407725321907 0.99138911339924218 1.0000000180025095e-35 -0.75579217237767959 566.36695278969967 -0.47558551945199218 1.5276824034334739 17.200000000000003 5178.5000000000009 22.500000000000004 723.20171673819743 9.5000000000000018 5.5000000000000009 3.5000000000000004 4.5000000000000009 4.5000000000000009 9.5416309012875562 4.5000000000000009
decision_type=8 10 2 10 2 10 10 2 2 2 2 2 2 2 2 2 2 2 2 2 10 2 2 2 2 2 2 2 2 2
left_child=6 2 3 -2 5 -4 -1 -8 10 21 12 -12 15 -13 -15 16 -5 19 -19 -17 -9 22 23 24 25 26 -7 -27 29 -24
right_child=1 -3 4 8 -6 9 7 20 -10 -11 11 13 -14 14 -16 17 -18 18 -20 -21 -22 -23 28 -25 -26 27 -28 -29 -30 -31
leaf_value=-10.215460333830585 -2.6169345710343808 15.168719075285617 -4.5375065252287188 1.8288777582118201 6.3709991046096555 -0.24821664735561627 2.874590264669223 -5.8736302646312657 -1.7051978781725212 -8.1790080270278178 0.73936708493420156 8.5764801064135554 4.8358424837839955 -7.9480866780137154 15.137023269464681 2.8882577634564996 -0.99109245494696552 -0.81515954997057638 2.6985917717118131 -3.010110697874643 -1.289394584190086 -2.1481918394680406 -1.2825196938840919 0.44609851786553922 -4.3114668983838786 -0.33687885787226152 3.4168452333274217 -3.4696461481617464 1.7045630095860815 -8.7882466292052417
leaf_weight=492 369 544 303 793 160 386 128 402 223 198 961 762 196 73 49 46 169 654 282 281 93 254 216 2792 305 735 178 322 105 172
leaf_count=492 369 544 303 793 160 386 128 402 223 198 961 762 196 73 49 46 169 654 282 281 93 254 216 2792 305 735 178 322 105 172
internal_value=-0.00123774 0.00134444 -0.000373236 0.00493929 -0.00458626 -0.00534607 -0.0279122 -0.0191506 0.00673719 -0.00429908 0.00785095 0.0125406 0.00427333 0.020791 -0.00406504 0.00235849 0.00944964 -0.00304589 0.00160085 -0.016311 -0.0293347 -0.00352177 -0.00279163 -0.0016317 -0.00742086 -0.00379162 0.00654867 -0.00931002 -0.0138664 -0.0203085
internal_weight=12643 11528 10984 4858 6126 5966 1115 623 4489 5663 4266 1845 2421 884 122 2225 962 1263 936 327 495 5465 5211 4718 1926 1621 564 1057 493 388
internal_count=12643 11528 10984 4858 6126 5966 1115 623 4489 5663 4266 1845 2421 884 122 2225 962 1263 936 327 495 5465 5211 4718 1926 1621 564 1057 493 388
is_linear=0
shrinkage=0.05


Tree=63
num_leaves=31
num_cat=0
split_feature=15 14 8 12 14 7 7 7 15 1 15 7 1 1 6 8 8 15 14 14 10 1 6 15 14 6 6 6 12 8
split_gain=335.988 243.535 121.481 69.993 58.8363 55.8671 54.0985 50.7454 47.0359 44.0671 45.5063 40.8105 39.1553 37.2647 47.0976 33.7416 33.3361 47.1579 35.7504 34.825 30.6534 30.1179 26.6277 40.2184 47.1059 27.7557 25.8335 24.3202 23.785 23.4535
threshold=4660.5000000000009 8388.0000000000018 4.5000000000000009 0.99351232050787985 4802.5000000000009 22.500000000000004 16.500000000000004 2.5000000000000004 4344.5000000000009 28.283646280400575 8116.5000000000009 8.5000000000000018 14.096266988555081 23.757376609442058 592.85836909871261 5.5000000000000009 1.0000000180025095e-35 5286.5000000000009 5861.5000000000009 7722.5000000000009 -0.88622299073327826 23.613863555078684 2.1523605150214595 6857.5000000000009 6921.5000000000009 251.2639484978541 681.00429184549364 175.73605150214593 0.41203339881415796 5.5000000000000009
decision_type=8 10 2 2 10 2 2 2 10 2 10 2 2 2 2 2 2 8 10 10 2 2 2 10 10 2 2 2 2 2
left_child=8 2 3 4 20 9 7 29 -1 10 16 -9 -10 14 -13 21 18 -18 -6 22 28 -8 -19 24 26 -25 -24 -21 -2 -4
right_child=1 -3 6 -5 5 -7 15 11 12 -11 -12 13 -14 -15 -16 -17 17 19 -20 27 -22 -23 23 25 -26 -27 -28 -29 -30 -31
leaf_value=-13.548832221908903 -0.029445191172158047 19.426046469949327 2.5348604792076461 -4.9747125515380732 1.6699106597519859 -1.6480369495739524 -2.0853493423878264 -4.5976620123399021 0.89937746129533025 7.6585976094910171 11.320150467263375 -1.7113202513987291 -4.6015338437981201 1.3250323609300267 -8.2117178016641681 1.6117253435612384 1.042274602295447 -0.64807371472106756 12.06907257269652 7.3059729250806642 -2.5651412422333579 2.5158749674843879 1.1899193705001836 0.69900342816983996 5.9585106497928342 -2.2457405093640319 -0.55399466323135582 -1.501026805028596 3.1492519788104349 -2.0511603915914294
leaf_weight=306 146 392 191 312 670 339 409 508 118 105 281 686 668 124 300 497 762 1354 258 186 709 61 1225 558 171 507 488 96 52 110
leaf_count=306 146 392 191 312 670 339 409 508 118 105 281 686 668 124 300 497 762 1354 258 186 709 61 1225 558 171 507 488 96 52 110
internal_value=-0.00150516 0.00101322 -0.000355664 0.00274331 0.00366085 0.00521354 -0.00917908 -0.0140365 -0.0279963 0.00622186 0.00570383 -0.0175417 -0.021474 -0.0121512 -0.0154002 0.000464876 0.00481995 0.0033003 0.013563 0.00138465 -0.00831498 -0.00912951 0.000267193 0.0029322 0.00732095 -0.00483114 0.0048133 0.0183746 0.00904523 0.00480132
internal_weight=12589 11497 11105 8219 7907 7000 2886 1919 1092 6661 6556 1618 786 1110 986 967 6275 5347 928 4585 907 470 4303 2949 1884 1065 1713 282 198 301
internal_count=12589 11497 11105 8219 7907 7000 2886 1919 1092 6661 6556 1618 786 1110 986 967 6275 5347 928 4585 907 470 4303 2949 1884 1065 1713 282 198 301
is_linear=0
shrinkage=0.05


Tree=64
num_leaves=31
num_cat=0
split_feature=14 14 8 8 14 1 12 10 10 11 14 7 7 1 8 7 8 8 7 12 7 10 1 10 12 7 12 1 12 12
split_gain=279.727 239.192 142.018 117.931 56.9556 55.2105 57.0189 56.5686 81.6109 56.3947 52.5145 40.7782 86.3665 39.0735 37.4051 57.0608 36.6528 35.8489 40.8524 34.6546 49.9488 37.9046 34.9147 42.9925 39.6348 37.135 32.6645 30.2696 29.3657 28.2071
threshold=4802.5000000000009 8388.0000000000018 4.5000000000000009 4.5000000000000009 4344.5000000000009 14.138192954220314 -0.45274443793211405 0.022575936829235418 0.22700754078277605 -0.99465740988130902 5263.5000000000009 4.5000000000000009 8.5000000000000018 23.757376609442058 1.0000000180025095e-35 2.5000000000000004 5.5000000000000009 5.5000000000000009 4.5000000000000009 -0.77245553105869302 20.500000000000004 -0.77245553105869302 26.688590844062947 -0.47558551945199218 -0.65234524191686594 6.5000000000000009 0.84313847884979054 19.607144134477828 0.71953851835684701 0.99572776335819457
decision_type=10 10 2 2 10 2 2 2 2 2 10 2 2 2 2 2 2 2 2 2 2 2 2 2 2 2 2 2 2 2
left_child=3 2 5 4 -1 6 -2 -8 -9 -7 17 -12 -13 16 15 -10 -14 18 -4 -11 21 -21 23 -23 -25 28 27 -6 -26 -16
right_child=1 -3 10 -5 26 9 7 8 14 19 11 12 13 -15 29 -17 -18 -19 -20 20 -22 22 -24 24 25 -27 -28 -29 -30 -31
leaf_value=-6.5024029527012095 4.509670441103526 18.108858136018991 0.77894698186355527 -12.23280088387428 -1.3698388140664974 6.7003187468224503 -3.731542660758123 13.49327589663908 -4.2558753476694395 0.81338124186606819 2.4118415513477203 -5.0319339218777266 -2.452549821214848 2.1042225746715304 0.64573617316334553 12.713441990796628 0.3730356974659117 -4.9036055386811546 -4.1878652521778355 0.87654132869254231 -1.736466000794735 -2.8994891031262342 1.5034284194627618 -4.1557761742757746 -2.6074363207054834 1.2152503004938353 -4.5440982616293013 1.2465069696071396 1.1687292162991754 -5.3202988033298881
leaf_weight=290 513 411 172 414 519 141 323 219 40 1104 198 319 898 249 1086 275 787 422 91 1234 541 304 205 192 229 780 172 312 50 87
leaf_count=290 513 411 172 414 519 141 323 219 40 1104 198 319 898 249 1086 275 787 422 91 1234 541 304 205 192 229 780 172 312 50 87
internal_value=-0.00112498 0.00183056 0.000358509 -0.0199356 -0.0124807 0.00417122 0.0101219 0.00635155 0.00998244 0.00100397 -0.00854319 -0.00511827 -0.00703194 -0.0030491 0.00577569 0.0210443 -0.00578292 -0.0207726 -0.00625 5.38793e-05 -0.00236143 0.000166945 -0.00454287 -0.00710154 -0.00299521 0.000801887 -0.00682271 -0.00270433 -0.0148214 0.00166099
internal_weight=12577 10870 10459 1707 1293 7323 2543 2030 1707 4780 3136 2451 2253 1934 1488 315 1685 685 263 4639 3535 2994 1760 1555 1251 1059 1003 831 279 1173
internal_count=12577 10870 10459 1707 1293 7323 2543 2030 1707 4780 3136 2451 2253 1934 1488 315 1685 685 263 4639 3535 2994 1760 1555 1251 1059 1003 831 279 1173
is_linear=0
shrinkage=0.05


Tree=65
num_leaves=31
num_cat=0
split_feature=15 14 15 1 12 12 1 10 12 10 10 14 12 12 10 1 12 0 6 13 7 13 12 0 2 2 1 1 7 10
split_gain=302.692 217.903 70.864 54.9116 67.499 55.4676 56.5172 76.094 56.6614 88.296 61.8786 54.4504 47.7503 55.4259 47.5782 31.7778 29.7817 40.8077 33.7347 42.7426 33.4773 28.4 27.2907 26.6255 26.5046 26.4573 25.9348 24.9199 24.718 24.5608
threshold=4660.5000000000009 8436.0000000000018 8345.5000000000018 24.684670064377688 0.84660111278280559 0.99865421017599998 14.179309728183119 -0.61913973745509387 -0.32614396506100213 -0.022576249993022688 0.21022171450811275 5178.5000000000009 -0.77245553105869302 -0.92923668111203805 0.022575936829235418 14.041219599427757 -0.96688789938088693 17.200000000000003 547.9699570815452 -0.30982845708428081 20.500000000000004 0.97263757644091875 0.4737060765891063 20.344206008583694 4.9285407725321884 0.82446351931330331 19.662477646638056 10.996445815450643 16.500000000000004 0.96687895796550427
decision_type=10 10 10 2 2 2 2 2 2 2 2 10 2 2 2 2 2 2 2 2 2 2 2 2 2 2 2 2 2 2
left_child=11 2 3 5 25 6 8 16 27 -10 14 15 13 -9 -11 -1 -8 22 19 20 -19 -14 28 -21 -6 -5 -20 -2 -18 -29
right_child=1 -3 -4 4 24 -7 7 12 9 10 -12 -13 21 -15 -16 -17 17 18 26 23 -22 -23 -24 -25 -26 -27 -28 29 -30 -31
leaf_value=-0.70998413091265322 9.1881603343219016 19.170293093647796 11.724265463187749 -0.072277553702861042 -1.4819313785149006 -6.972230178486666 2.1196330098589216 -1.1500234209142037 -10.226788876936531 -1.1409317788137288 -0.0074588592550753679 0.17909086907948224 -2.6002985253458974 1.3627115645286723 10.103500835926253 -7.0774439684084429 -3.8321152710159825 1.1985914590852189 -4.8003975967252934 -5.6283613072443819 -0.95901698014440628 2.6135511974523524 2.0264743913023722 0.38790350601548201 1.1439731459456652 4.0118859439086467 -0.5858100466447923 1.5307656141207646 0.63704966202039948 9.5502668745969235
leaf_weight=131 127 344 235 101 201 134 356 427 276 109 2073 173 2057 436 293 884 237 1350 72 108 279 91 51 103 217 481 410 647 89 74
leaf_count=131 127 344 235 101 201 134 356 427 276 109 2073 173 2057 436 293 884 237 1350 72 108 279 91 51 103 217 481 410 647 89 74
internal_value=-0.00105833 0.00145004 0.000226552 -0.000365741 0.0107892 -0.0015051 -0.00106042 -0.00400527 0.00390278 0.000417878 0.00341276 -0.0250631 -0.00964475 0.000289352 0.02134 -0.0294783 0.00155432 -0.000240741 0.00223848 0.00532319 0.00806748 -0.0136342 -0.0154762 -0.0158019 -0.00453461 0.0217839 -0.00952381 0.0151943 -0.0207951 0.0115651
internal_weight=12566 11378 11034 10799 1000 9799 9665 6066 3599 2751 2475 1188 3011 863 402 1015 3055 2699 2322 1840 1629 2148 377 211 418 582 482 848 326 721
internal_count=12566 11378 11034 10799 1000 9799 9665 6066 3599 2751 2475 1188 3011 863 402 1015 3055 2699 2322 1840 1629 2148 377 211 418 582 482 848 326 721
is_linear=0
shrinkage=0.05


Tree=66
num_leaves=31
num_cat=0
split_feature=14 14 8 8 14 8 1 11 14 11 1 12 1 1 12 11 1 10 11 10 1 10 13 2 10 12 7 8 12 7
split_gain=255.954 216.9 139.973 116.018 70.997 49.9309 40.1842 52.9279 38.1028 34.857 31.9921 30.4193 39.7384 39.2832 28.9068 30.9246 31.3554 37.3745 27.775 27.6637 30.5029 26.831 26.6495 32.9482 31.0784 25.9674 25.9221 27.1725 25.1501 24.9528
threshold=4870.5000000000009 8492.5000000000018 4.5000000000000009 4.5000000000000009 4283.5000000000009 1.5000000000000002 23.757376609442058 0.29958852271690523 7881.5000000000009 0.31595530242620651 28.627660050071533 0.84660111278280559 19.607144134477828 16.0707662732475 -0.96235977360714686 0.41202506375868281 11.645475679542205 0.69056404122701587 -0.99168640063982161 -0.022576249993022688 10.282211194563663 0.039769539193789977 -0.88622145408796527 4.8424892703862659 -0.74441730022405961 0.99898004730802425 17.500000000000004 5.5000000000000009 0.69522491211780757 21.500000000000004
decision_type=10 10 2 2 10 2 2 2 10 2 2 2 2 2 2 2 2 2 2 2 2 2 2 2 2 2 2 2 2 2
left_child=2 3 4 5 -1 9 7 26 18 10 22 12 13 -6 -9 -16 17 19 -7 -17 -21 -8 -2 24 -24 29 -5 -28 -14 -20
right_child=1 -3 -4 6 11 8 21 14 -10 -11 -12 -13 28 -15 15 16 -18 -19 25 20 -22 -23 23 -25 -26 -27 27 -29 -30 -31
leaf_value=-8.1730887603211624 2.6878654754669471 20.496002646624312 -9.8434386106096099 -4.4012167064284311 0.00092295016829666574 3.8364439738610145 0.077166523201753989 2.352130118304558 5.1306102497794654 4.5528275351357026 14.007925104538595 -3.7805960877498368 0.35754175977845082 -2.4976956633770442 2.8808831642911858 -1.8702475136121166 -2.5167181540083678 -4.4080831665429514 0.1425841778159338 1.1150977808016933 9.6622277792655495 5.4947412765854553 1.3520172480952626 2.6257859696301695 -1.5303705079278189 -7.6324810681664985 -2.8390798543780877 0.8377323409266183 3.405078764518521 -1.2205875614386514
leaf_weight=195 384 307 493 844 394 119 294 176 301 1215 42 223 366 267 140 114 739 82 3813 108 74 71 176 210 448 75 195 178 70 427
leaf_count=195 384 307 493 844 394 119 294 176 301 1215 42 223 366 267 140 114 739 82 3813 108 74 71 176 210 448 75 195 178 70 427
internal_value=-0.00111634 0.00200323 -0.0174714 0.000757872 -0.00992744 0.00420191 -0.00747679 -0.00961901 0.00119299 0.00995557 0.00412371 -0.00575322 -0.0023224 -0.0100453 -0.00310321 -0.00576312 -0.00854204 0.00316623 2.25479e-05 0.0114478 0.0234973 0.00806011 0.0026251 -0.00239521 -0.00816 -0.000637164 -0.0172824 -0.00628342 0.00938215 -0.000117897
internal_weight=12540 10532 2008 10225 1515 7210 3015 2650 4735 2475 1260 1320 1097 661 1433 1257 1117 378 4434 296 182 365 1218 834 624 4315 1217 373 436 4240
internal_count=12540 10532 2008 10225 1515 7210 3015 2650 4735 2475 1260 1320 1097 661 1433 1257 1117 378 4434 296 182 365 1218 834 624 4315 1217 373 436 4240
is_linear=0
shrinkage=0.05


Tree=67
num_leaves=31
num_cat=0
split_feature=15 14 15 2 6 15 12 6 12 10 12 10 10 12 3 14 13 10 14 13 12 12 12 10 0 12 10 12 7 14
split_gain=247.364 206.572 58.8063 50.6851 79.816 46.4261 59.1074 44.9967 44.756 42.9139 41.2802 35.2194 30.2211 29.1841 51.4781 28.6341 26.2162 28.5216 29.6123 26.2017 22.5875 22.3323 23.3807 22.3943 21.9754 24.2494 22.8805 21.1135 18.807 18.7774
threshold=4723.5000000000009 8388.0000000000018 4377.5000000000009 9.772532188841204 723.20171673819743 7579.5000000000009 0.83966414931270739 157.94420600858373 0.63423707282422626 0.91596454896554913 -0.51941337148263467 -0.36647417525074694 0.89017062131308955 -0.16693488597178294 1.7603004291845503 4697.5000000000009 0.21652658465572394 1.0000000180025095e-35 6296.5000000000009 0.47370525521770246 0.67008845381070758 -0.45943279258162384 -0.16693488597178294 0.66527693225344786 23.704506437768242 -0.99940763397299126 -0.031173458710879235 0.99831452020184319 4.5000000000000009 5344.5000000000009
decision_type=10 10 8 2 2 10 2 2 2 2 2 2 2 2 2 10 2 2 10 2 2 2 2 2 2 2 2 2 2 10
left_child=2 3 -1 4 5 6 8 21 9 24 -11 -10 20 14 -12 -8 29 18 -18 27 -13 -7 -23 -24 25 -2 -26 -17 -19 -4
right_child=1 -3 16 -5 -6 7 15 -9 11 10 13 12 -14 -15 -16 19 17 28 -20 -21 -22 22 23 -25 26 -27 -28 -29 -30 -31
leaf_value=-10.829359771635268 3.6830598003064554 16.369849201384024 -3.1355318995977544 4.5790609063979906 -2.2252560667413492 11.851830035596686 -6.0474154883829669 -2.6327718618403653 3.2422707556093884 -4.7547586399500004 -2.1410846775885601 2.5527588440242654 3.9736374468495796 -1.6080295082319482 4.7254583494890543 -0.34966427726499205 -5.821651531988187 3.0065943216926829 3.8253063715255395 -2.3731079829461126 -2.5937734103152028 -3.1590377057080787 10.017697989670797 1.3791123495936519 0.92230365508485201 0.082703975754611747 6.1479730925170317 -4.175581463508661 -1.4636507656739242 1.6752642981901773
leaf_weight=338 77 396 623 275 740 113 75 277 388 212 163 51 240 749 150 1323 210 106 45 117 194 75 231 201 279 4479 130 175 62 45
leaf_count=338 77 396 623 275 740 113 75 277 388 212 163 51 240 749 150 1323 210 106 45 117 194 75 231 201 279 4479 130 175 62 45
internal_value=-0.00116029 0.00135901 -0.0207343 4.66636e-05 -0.000512452 0.000695876 -0.000408951 0.0115256 0.00158864 0.000104167 -0.00807843 0.0121854 0.0031893 -0.00404516 0.00875796 -0.00881135 -0.0150641 -0.0053066 -0.0158203 -0.0073948 -0.00914634 0.0190016 0.0144685 0.0189376 0.00220499 0.00120693 0.0132927 -0.00560374 0.0106509 -0.0212257
internal_weight=12539 11110 1429 10714 10439 9699 8802 897 7112 6239 1274 873 485 1062 313 1690 1091 423 255 1615 245 620 507 432 4965 4556 409 1498 168 668
internal_count=12539 11110 1429 10714 10439 9699 8802 897 7112 6239 1274 873 485 1062 313 1690 1091 423 255 1615 245 620 507 432 4965 4556 409 1498 168 668
is_linear=0
shrinkage=0.05


Tree=68
num_leaves=31
num_cat=0
split_feature=15 15 8 14 6 15 6 14 11 10 11 11 2 10 10 3 8 15 6 15 13 11 0 1 8 2 1 14 1 11
split_gain=255.821 194.921 92.3759 57.1951 53.8969 45.4854 42.8555 34.2102 34.0806 32.4432 38.4669 58.0432 41.8494 39.9379 37.9765 33.3216 31.6143 29.5163 31.8527 42.0448 41.7935 40.8343 51.5719 34.6432 34.2049 28.1907 28.7233 27.2661 24.9307 28.6578
threshold=4570.5000000000009 8116.5000000000009 4.5000000000000009 7881.5000000000009 0.63948497854077269 4998.5000000000009 202.912017167382 4767.5000000000009 -0.99700296666818056 0.82414472752956958 -0.50557503990954278 -0.21022037796396451 0.49699570815450406 -0.47558551945199218 -0.01397611846945947 4.841845493562233 5.5000000000000009 5431.5000000000009 307.01716738197428 6816.5000000000009 0.34841000145353967 -0.67168186667784702 25.016094420600862 14.916653254649502 1.0000000180025095e-35 2.3452789699570791 11.645475679542205 8436.0000000000018 20.452427575107301 0.29958852271690523
decision_type=8 10 2 10 2 10 2 10 2 2 2 2 2 2 2 2 2 8 2 10 2 2 2 2 2 2 2 10 2 2
left_child=7 2 3 4 9 -4 25 -1 -6 10 12 -12 14 -14 -2 -11 -9 -10 21 20 23 22 -19 -20 -23 26 -7 -3 29 -8
right_child=1 27 5 -5 8 6 28 16 17 15 11 -13 13 -15 -16 -17 -18 18 19 -21 -22 24 -24 -25 -26 -27 -28 -29 -30 -31
leaf_value=-8.2097986914973724 -3.7747780498483738 9.0917294209124293 -3.1738658586064279 8.1531596816654428 9.3005694130434904 2.7733236008878976 -9.0426211702000732 1.2619114905749484 10.190722810900503 -2.6662017128976006 2.10568146024998 -0.01777613936378657 -0.8166139918498857 4.5108765505710613 0.040268836576979085 0.077610184282161765 -3.3965684752903145 -1.589114791460861 5.4305045501433824 -1.7292141625805926 2.636050520823892 7.1406840420729401 6.5868246657263176 -0.48458930130886985 1.6157764658600173 3.03412872602421 -0.79012577602197787 19.038982361725015 -0.21741363662563346 -3.0511819334699797
leaf_weight=511 379 358 780 262 66 339 233 79 98 452 201 1961 104 116 199 298 173 239 126 621 448 302 50 1038 1165 65 981 238 337 335
leaf_count=511 379 358 780 262 66 339 233 79 98 452 201 1961 104 116 199 298 173 239 126 621 448 302 50 1038 1165 65 981 238 337 335
internal_value=-0.00134608 0.000470658 -0.00101375 0.00177824 0.00101094 -0.00840117 -0.00484505 -0.0293848 0.00492297 -0.00336836 -0.00101317 0.0024503 -0.010388 0.0081448 -0.0174439 -0.0126498 -0.0142292 0.00434198 0.00367168 -0.000290958 0.00396776 0.00870803 -0.00844828 -0.00103004 0.0120913 0.000685426 -0.000908403 0.0283082 -0.0133002 -0.0196837
internal_weight=12554 11791 11195 8125 7863 3070 2290 763 4153 3710 2960 2162 798 220 578 750 252 4087 3989 2233 1612 1756 289 1164 1467 1385 1320 596 905 568
internal_count=12554 11791 11195 8125 7863 3070 2290 763 4153 3710 2960 2162 798 220 578 750 252 4087 3989 2233 1612 1756 289 1164 1467 1385 1320 596 905 568
is_linear=0
shrinkage=0.05


Tree=69
num_leaves=31
num_cat=0
split_feature=14 14 8 8 12 14 14 2 1 12 10 10 8 1 11 8 12 12 10 13 12 10 12 13 2 14 12 1 14 1
split_gain=243.499 198.186 133.069 87.4554 49.6237 47.8229 41.4171 39.1781 42.7268 47.7678 52.8452 69.1831 32.5032 30.3189 39.1449 28.7566 28.5951 35.5161 28.4082 32.6203 36.0238 37.9211 42.6995 35.5553 34.3923 26.673 23.0945 23.968 22.4819 22.1456
threshold=4719.5000000000009 8492.5000000000018 4.5000000000000009 4.5000000000000009 0.99865421017599998 5084.5000000000009 4283.5000000000009 8.2785407725321907 13.928259120171676 -0.45274443793211405 0.022575936829235418 0.21022171450811275 1.0000000180025095e-35 23.757376609442058 0.080547328232315238 5.5000000000000009 0.84313847884979054 0.67799886003753596 -0.64578423485557612 0.9863035000474919 -0.77245553105869302 -0.47558551945199218 -0.65234524191686594 0.34841000145353967 4.3738197424892702 6266.5000000000009 0.93544191479114935 26.380874463519312 7960.5000000000009 22.050357653791131
decision_type=10 10 2 2 2 10 10 2 2 2 2 2 2 2 2 2 2 2 2 2 2 2 2 2 2 10 2 2 10 2
left_child=3 2 4 6 7 15 -1 8 9 -2 -11 -12 25 14 -7 -4 17 -8 -10 20 23 -22 -23 -20 26 -13 27 -24 -14 -26
right_child=1 -3 5 -5 -6 13 16 -9 18 10 11 12 28 -15 -16 -17 -18 -19 19 -21 21 22 24 -25 29 -27 -28 -29 -30 -31
leaf_value=-8.5653226615086631 4.0706304321612832 17.185254913138671 -1.2574554613078364 -11.432217253462523 -7.0012472419902227 -3.1629286926754503 -1.2018177240607657 4.5439560784460813 0.58369033014828353 -3.7412199028548914 18.503077262514807 2.387129155577941 -0.088411384983601238 1.019637800377359 -0.51735745093305929 -5.1115212831741932 -3.9855138722004995 3.867717891389407 -0.10201509248308867 5.7726716283960746 -2.1930415361721316 -3.4574194733012065 -1.1493132126955972 2.6784314658333646 -0.14804560071365813 26.154874412826075 1.8964812637679871 2.9900280386178566 3.8736188874366917 3.388094235656081
leaf_weight=189 476 305 187 328 101 849 648 281 2204 335 181 211 1053 324 1567 304 149 58 442 75 237 250 1120 243 40 102 110 40 160 106
leaf_count=189 476 305 187 328 101 849 648 281 2204 335 181 211 1053 324 1567 304 149 58 442 75 237 250 1120 243 40 102 110 40 160 106
internal_value=-0.00109262 0.00132254 0.000218202 -0.020976 0.00376545 -0.00830755 -0.0138756 0.0042259 0.00352694 0.00881302 0.00548213 0.00904567 0.00556647 -0.00572784 -0.00765412 -0.0226626 -0.00917056 -0.0049505 0.000790879 -0.00268393 -0.00363075 -0.00716912 -0.0044991 0.00619534 -0.00112915 0.0199045 -0.00377655 -0.00585702 0.00185338 0.0217687
internal_weight=12675 11303 10998 1372 7767 3231 1044 7666 7385 2518 2042 1707 1526 2740 2416 491 855 706 4867 2663 2588 1903 1666 685 1416 313 1270 1160 1213 146
internal_count=12675 11303 10998 1372 7767 3231 1044 7666 7385 2518 2042 1707 1526 2740 2416 491 855 706 4867 2663 2588 1903 1666 685 1416 313 1270 1160 1213 146
is_linear=0
shrinkage=0.05


Tree=70
num_leaves=31
num_cat=0
split_feature=14 14 15 11 14 12 1 15 12 14 15 2 11 12 1 11 3 2 11 1 2 10 10 1 1 0 1 3 12 13
split_gain=213.069 161.54 81.763 63.2477 44.851 36.2541 35.4718 30.3784 30.9443 28.2842 27.7024 25.7477 32.8096 24.7606 27.5116 24.1135 23.7053 28.8806 46.1094 26.029 27.9932 25.2929 24.1366 23.1358 22.3295 22.1775 40.1059 27.1461 23.1104 24.1322
threshold=4730.5000000000009 8269.5000000000018 4488.5000000000009 -0.99864786094873803 6551.5000000000009 0.84313847884979054 19.607144134477828 8576.5000000000018 0.82048548965790546 8628.0000000000018 7062.5000000000009 4.7504291845493567 -0.90531874877253482 -0.78326178756187226 20.953018576188985 0.57605713708605399 6.7079399141630915 0.2909871244635181 -0.64580103137750788 22.726090844062952 5.5225321888412013 0.074116354202380205 0.99053107487289871 15.608154506437769 15.836427038626612 17.738841201716742 14.954336552217454 2.8236051502145929 -0.33324245164869215 -0.98212955754013376
decision_type=10 10 10 2 10 2 2 8 2 10 10 2 2 2 2 2 2 2 2 2 2 2 2 2 2 2 2 2 2 2
left_child=2 3 -1 -2 10 6 24 8 11 -3 13 12 -6 14 23 -10 17 18 21 20 22 -15 -19 -5 -4 26 27 -20 -28 -30
right_child=1 9 5 4 7 -7 -8 -9 15 -11 -12 -13 -14 16 -16 -17 -18 19 25 -21 -22 -23 -24 -25 -26 -27 28 -29 29 -31
leaf_value=-9.7778722227337997 6.5013996436671961 4.3609515111958448 -0.42232099847885823 1.5330246110268719 -2.1647077175646245 -3.7862381785904748 1.0736693204366474 14.071864193246734 -1.5831382036775268 23.405793139701725 3.6408324614243841 2.7018268137368526 1.1593121314763495 -4.4761667909760945 3.5786099536351914 0.64513726234408753 0.80026237872480133 0.16328982912118592 1.3897174350048318 0.71264547990167559 -2.1416395966336497 -1.0413726994554964 -3.8704243231049307 -0.33448086761084145 -2.9902030462038058 0.034497322233528395 -4.2316582246216514 -0.89023221137404107 -4.995678796520588 -0.28270461626186716
leaf_weight=410 116 270 272 348 129 181 267 96 360 214 370 163 2412 342 90 407 523 672 276 760 193 131 46 766 273 968 249 967 135 230
leaf_count=410 116 270 272 348 129 181 267 96 360 214 370 163 2412 342 90 407 523 672 276 760 193 131 46 766 273 968 249 967 135 230
internal_value=-0.000830893 0.0014643 -0.0191952 0.000190698 -0.000211585 -0.0114185 -0.00688807 0.00435818 0.00358583 0.0296907 -0.00251875 0.00609982 0.00485838 -0.00325519 0.00323651 -0.00527344 -0.00467868 -0.00574447 -0.00845711 -0.000388756 -0.00608553 -0.0228903 -0.0015299 0.00107623 -0.0141941 -0.00603326 -0.00923036 -0.00405949 -0.0196748 -0.011612
internal_weight=12636 11233 1403 10749 10633 993 812 3567 3471 484 7066 2704 2541 6696 1204 767 5492 4969 3298 1671 911 473 718 1114 545 2825 1857 1243 614 365
internal_count=12636 11233 1403 10749 10633 993 812 3567 3471 484 7066 2704 2541 6696 1204 767 5492 4969 3298 1671 911 473 718 1114 545 2825 1857 1243 614 365
is_linear=0
shrinkage=0.05


Tree=71
num_leaves=31
num_cat=0
split_feature=15 14 8 12 15 7 7 7 4 6 8 1 7 1 1 14 14 15 8 6 7 15 15 3 14 0 8 1 1 15
split_gain=210.514 156.811 85.0212 59.9788 52.2756 48.5275 51.9355 50.6103 43.7865 41.6944 39.7111 38.059 37.2478 34.358 32.9697 31.5915 30.6879 30.4864 30.3316 27.3359 30.4436 47.7544 46.1875 36.9464 26.2861 24.8116 24.0911 24.5495 25.3209 23.2462
threshold=4570.5000000000009 8492.5000000000018 4.5000000000000009 0.99351232050787985 8178.5000000000009 16.500000000000004 3.5000000000000004 8.5000000000000018 2.2292178894435324 723.20171673819743 5.5000000000000009 9.9252190629470682 22.500000000000004 20.953018576188985 22.834231938483551 4283.5000000000009 4880.5000000000009 4377.5000000000009 5.5000000000000009 685.80042918454944 7.5000000000000009 5445.5000000000009 5528.5000000000009 0.88927038626609456 5509.5000000000009 31.826180257510732 1.0000000180025095e-35 11.799213161659514 12.895989806866954 6933.5000000000009
decision_type=8 10 2 2 10 2 2 2 2 2 2 2 2 2 2 10 10 10 2 2 2 8 10 2 10 2 2 2 2 10
left_child=17 2 3 4 8 6 10 -8 11 13 16 -2 15 -9 -10 -13 -4 -1 -7 20 21 -17 -22 -24 -23 -11 -25 29 -29 -28
right_child=1 -3 5 -5 -6 18 7 9 14 25 -12 12 -14 -15 -16 19 -18 -19 -20 -21 22 24 23 26 -26 -27 27 28 -30 -31
leaf_value=-8.5402718430234028 4.8271637199310593 15.56115805543168 -1.2984087636327104 -4.4433222260124472 9.1942648259615005 -1.0310409115055337 -4.2677383645174816 -2.8515678280997236 -0.029947909391239591 -7.6132715011025542 -2.6676231439824734 -4.4503278079941087 -1.7766322708138889 2.2301592480566343 3.0278502586307696 0.20703108341547249 3.0632539447095954 -2.9603239376352577 1.5766034775276467 -1.8040477632111334 15.758095253586385 -3.3274560594597009 0.047136419830371784 13.204283115295311 -0.5927528877877194 1.6484440275949965 9.7973534711234613 6.1934174972308034 1.4284999867523767 -1.8222913335999693
leaf_weight=346 241 308 66 328 301 487 501 716 263 239 145 97 354 162 455 1626 192 403 532 368 100 296 2192 289 543 43 52 252 518 228
leaf_count=346 241 308 66 328 301 487 501 716 263 239 145 97 354 162 455 1626 192 403 532 368 100 296 2192 289 543 43 52 252 518 228
internal_value=-0.00117447 0.000445565 -0.000491931 0.00208725 0.00292931 -0.00760376 -0.0120097 -0.0159146 0.00214603 -0.0101637 0.00408416 0.000964091 0.000281955 -0.00477816 0.0139082 0.00113532 0.0158301 -0.0268667 0.00132353 0.00156226 0.00236182 -0.0019262 0.00527258 0.00431767 -0.0116071 -0.0268551 0.0108582 0.00732636 0.0119326 -0.00533808
internal_weight=12643 11894 11586 8503 8175 3083 2064 1661 7874 1160 403 7156 6915 878 718 6561 258 749 1019 6464 6096 2465 3631 3531 839 282 1339 1050 770 280
internal_count=12643 11894 11586 8503 8175 3083 2064 1661 7874 1160 403 7156 6915 878 718 6561 258 749 1019 6464 6096 2465 3631 3531 839 282 1339 1050 770 280
is_linear=0
shrinkage=0.05


Tree=72
num_leaves=31
num_cat=0
split_feature=15 14 8 14 8 1 14 14 6 6 15 11 11 10 2 14 8 14 7 8 7 8 1 0 7 8 7 6 15 6
split_gain=198.828 154.28 63.152 52.8978 62.117 44.9011 42.0778 37.8012 39.4343 34.4004 51.3519 30.3594 62.1379 55.5487 29.4285 26.7354 25.3168 27.6933 25.1962 36.2127 35.8014 45.3605 34.2599 32.9414 27.5014 23.302 23.0537 21.1097 28.9293 27.3276
threshold=4660.5000000000009 8492.5000000000018 2.5000000000000004 4643.5000000000009 4.5000000000000009 24.139610157367667 6973.5000000000009 4686.5000000000009 580.92918454935636 153.66309012875539 6748.5000000000009 0.99024581825578073 0.92519182738459482 0.074116354202380205 0.69721030042918397 4231.5000000000009 4.5000000000000009 4313.5000000000009 10.500000000000002 5.5000000000000009 20.500000000000004 5.5000000000000009 11.720489091559372 12.482188841201717 2.5000000000000004 4.5000000000000009 8.5000000000000018 2.1523605150214595 5461.5000000000009 444.87553648068678
decision_type=10 10 2 10 2 2 10 10 2 2 10 2 2 2 2 10 2 10 2 2 2 2 2 2 2 2 2 2 10 2
left_child=3 2 6 16 -5 7 11 -4 18 -8 -11 12 15 -13 -7 -2 17 -1 19 24 23 22 -22 -20 -9 -10 -6 -17 -29 -30
right_child=1 -3 5 4 26 14 9 8 25 10 -12 13 -14 -15 -16 27 -18 -19 20 -21 21 -23 -24 -25 -26 -27 -28 28 29 -31
leaf_value=-6.9989801203136954 -6.5315808999888079 14.377644607725053 -7.6233421815905791 2.4151508293687587 -3.4699424373082368 -1.971564268980319 5.0087700065914307 0.5337332540051648 -1.1258649516641073 16.21444706112834 -1.3813774531169203 -10.132976917283578 4.5321033159695618 13.702368696001031 1.5621209146034063 -0.27088882393181851 -11.950226041389966 -1.350865091529613 7.6840152856855646 -3.7343282003933838 2.3606139252511866 1.6843368046265823 -2.4923645885054841 0.37455667464532783 -0.99493189185209308 -6.2120088290731701 0.26627876666666456 12.082834289397169 2.1152220224027132 -0.19806173801271143
leaf_weight=146 52 303 78 192 392 119 559 504 338 57 275 141 238 50 496 1643 212 184 245 346 90 189 510 1583 1324 314 80 41 1011 860
leaf_count=146 52 303 78 192 392 119 559 504 338 57 275 141 238 50 496 1643 212 184 245 346 90 189 510 1583 1324 314 80 41 1011 860
internal_value=-0.00116917 0.00087974 -8.58641e-05 -0.020464 -0.0109774 -0.00347075 0.00412946 -0.00489859 -0.00439934 0.0139574 0.0012012 0.0019569 0.00292512 -0.0174479 0.00933442 0.0012888 -0.0320442 -0.0232628 -0.00282763 -0.0068046 0.000477464 -0.00841772 -0.0151414 0.0043193 -0.00399125 -0.0159265 -0.0207188 0.00181384 0.00538421 0.00446047
internal_weight=12572 11366 11063 1206 664 6136 4927 5521 5443 891 332 4036 3845 191 615 3607 542 330 4791 2174 2617 789 600 1828 1828 652 472 3555 1912 1871
internal_count=12572 11366 11063 1206 664 6136 4927 5521 5443 891 332 4036 3845 191 615 3607 542 330 4791 2174 2617 789 600 1828 1828 652 472 3555 1912 1871
is_linear=0
shrinkage=0.05


Tree=73
num_leaves=31
num_cat=0
split_feature=15 14 11 15 6 12 7 6 7 0 4 0 12 10 14 10 0 11 11 4 10 7 6 15 10 7 12 1 14 15
split_gain=190.643 157.704 52.7172 53.0199 53.2974 40.9959 34.9209 37.3917 55.0156 33.8256 30.9662 30.7875 30.3916 30.4267 30.0017 29.9578 45.8991 39.379 37.0237 30.1311 31.8947 25.0948 24.2446 27.8043 53.3509 25.5634 24.0236 28.422 23.5097 23.0237
threshold=4570.5000000000009 8492.5000000000018 -0.99864786094873803 7431.5000000000009 157.94420600858373 0.99831452020184319 22.500000000000004 820.28111587982846 9.5000000000000018 15.627253218884123 3.6195974875204908 31.309227467811166 -0.45943279258162384 -0.099819732675876835 4789.5000000000009 -0.8781231054254196 17.200000000000003 0.56191161272202661 -0.10837475778693638 0.23338172557976675 -0.065535378769913874 3.5000000000000004 473.92918454935619 5914.5000000000009 -0.61913973745509387 19.500000000000004 0.99572776335819457 13.460510550786841 7051.5000000000009 4344.5000000000009
decision_type=8 10 2 10 2 2 2 2 2 2 2 2 2 2 10 2 2 2 2 2 2 2 2 10 2 2 2 2 10 10
left_child=14 2 -2 5 12 6 7 8 15 -10 22 -9 -5 -14 29 16 18 19 -4 20 -17 -19 23 -11 25 -25 27 -15 -6 -1
right_child=1 -3 3 4 28 -7 -8 11 9 10 -12 -13 13 26 -16 17 -18 21 -20 -21 -22 -23 -24 24 -26 -27 -28 -29 -30 -31
leaf_value=-9.3471878854320494 6.9371279606480591 14.864485340055445 1.3035181748336073 7.1430851385813874 4.0871143494465514 -4.2112095075017804 -1.7950320301613829 -2.1442809550330368 3.148145656007546 1.4309825067216935 2.2665244258668054 1.7889891425141287 -4.092556184812338 8.3298444028169794 -1.339423796192591 -2.8987061217467729 0.91186454119849714 0.83197681793033107 -3.8678356838234778 1.2936884503786132 -0.90122068189671156 -0.71241528237806051 -1.1937984382649121 1.7891637115281356 -1.4503040850604749 -0.89656088926458333 -3.0765726695608464 0.087530908753797126 -3.2291989672151207 -3.7941774340279153
leaf_weight=255 109 304 59 170 164 202 511 417 1255 542 370 121 76 373 226 587 582 642 112 213 1237 849 997 622 618 258 52 171 274 290
leaf_count=255 109 304 59 170 164 202 511 417 1255 542 370 121 76 373 226 587 582 642 112 213 1237 849 997 622 618 258 52 171 274 290
internal_value=-0.00098744 0.000576211 -0.000358253 -0.000688453 0.0088993 -0.00189308 -0.00144101 -0.00075406 1.6771e-05 0.00377439 0.00118838 -0.0135436 0.0162515 0.0114413 -0.0250648 -0.0040752 0.00497347 -0.00600737 -0.0177326 -0.010525 -0.0126027 0.00016756 -0.000477288 0.00264576 -0.000867245 0.00703746 0.0152429 0.0183486 -0.00523918 -0.0314103
internal_weight=12658 11887 11583 11474 1280 10194 9992 9481 8943 4662 3407 538 842 672 771 4281 753 3528 171 2037 1824 1491 3037 2040 1498 880 596 544 438 545
internal_count=12658 11887 11583 11474 1280 10194 9992 9481 8943 4662 3407 538 842 672 771 4281 753 3528 171 2037 1824 1491 3037 2040 1498 880 596 544 438 545
is_linear=0
shrinkage=0.05


Tree=74
num_leaves=31
num_cat=0
split_feature=8 14 14 14 12 7 7 7 7 8 6 0 15 10 8 7 3 12 4 10 15 8 4 6 7 6 15 12 14 10
split_gain=164.814 136.977 136.249 87.4653 51.3336 50.118 102.653 37.2377 42.6614 40.8015 34.6303 26.5194 33.7908 30.8902 26.1367 29.3118 26.0156 26.6132 24.6582 24.1383 25.8858 23.5658 23.3224 21.8852 25.5434 41.7383 27.7245 25.8013 25.2834 22.2888
threshold=4.5000000000000009 8329.5000000000018 4964.5000000000009 4313.5000000000009 0.99351232050787985 4.5000000000000009 8.5000000000000018 20.500000000000004 16.500000000000004 1.0000000180025095e-35 723.20171673819743 13.837124463519315 6873.5000000000009 0.12545942051955489 5.5000000000000009 15.500000000000002 5.1710300429184564 -0.77245553105869302 13.909823518576507 0.69056404122701587 5035.5000000000009 5.5000000000000009 9.3192943321851569 685.80042918454944 9.5000000000000018 190.32188841201719 6451.5000000000009 -0.074117039608866245 7323.5000000000009 -0.88622299073327826
decision_type=2 10 10 10 2 2 2 2 2 2 2 2 10 2 2 2 2 2 2 2 10 2 2 2 2 2 10 2 10 2
left_child=1 3 14 -1 7 21 -7 8 18 -10 19 -11 -13 -14 -2 -16 17 -9 23 -8 -21 -4 -12 24 29 -26 -27 -28 -29 -5
right_child=2 -3 5 4 -6 6 10 16 9 11 22 12 13 -15 15 -17 -18 -19 -20 20 -22 -23 -24 -25 25 26 27 28 -30 -31
leaf_value=-5.399835427984363 -1.9498515076761125 11.390543393353846 2.7999834341363341 0.78785550093889478 -3.3653794350454294 -4.45037567768627 0.40933615280046071 0.92318690763054301 10.023895378155386 8.076662286526199 -6.4105976070580937 1.8380787746462148 0.51432535433928028 -3.3881500083926315 -8.3889517603813601 0.076029867083343569 2.6293446255845083 -1.6185135586501247 7.9630467060473169 5.7428523087360652 -3.1722374378542102 -0.1796563003809297 0.20298213949072308 -0.52539883565264067 13.401288549768289 2.604623486035007 -1.6957607495129878 5.6331195103738994 -2.9426274638090035 -0.095566500984227795
leaf_weight=229 213 366 198 583 314 429 1399 199 284 135 190 340 326 144 379 40 182 668 72 52 449 159 58 727 249 469 436 327 131 2784
leaf_count=229 213 366 198 583 314 429 1399 199 284 135 190 340 326 144 379 40 182 668 72 52 449 159 58 727 249 469 436 327 131 2784
internal_value=-0.000833865 0.00278273 -0.00992431 0.00150581 0.00234142 -0.0053833 -0.00781614 0.0031153 0.00443065 0.0128862 -0.0033504 0.00787526 0.00443896 -0.00424628 -0.0309637 -0.0382143 -0.00566667 -0.00927419 0.00263021 -0.00105208 -0.0104582 0.0121508 -0.0208835 0.00226038 0.00344378 0.00861748 0.00516862 0 0.00827887 0.000964964
internal_weight=12531 8965 3566 8599 8370 2934 2577 8056 7007 1229 2148 945 810 470 632 419 1049 867 5778 1900 501 357 248 5706 4979 1612 1363 894 458 3367
internal_count=12531 8965 3566 8599 8370 2934 2577 8056 7007 1229 2148 945 810 470 632 419 1049 867 5778 1900 501 357 248 5706 4979 1612 1363 894 458 3367
is_linear=0
shrinkage=0.05


Tree=75
num_leaves=31
num_cat=0
split_feature=14 14 8 8 14 7 7 10 7 8 7 14 6 8 6 0 8 14 1 14 6 7 8 2 7 8 8 14 7 7
split_gain=159.015 132.964 82.7198 69.0821 41.757 61.3029 69.1742 42.0512 41.5511 37.6789 37.4015 35.3584 30.9631 35.3412 30.587 30.7933 27.1236 26.3796 26.2773 22.3842 19.3671 19.5392 18.2495 17.265 16.9147 25.1657 22.3943 26.103 21.6565 20.9409
threshold=4674.5000000000009 8566.0000000000018 4.5000000000000009 4.5000000000000009 4915.5000000000009 3.5000000000000004 8.5000000000000018 0.99700008544936913 21.500000000000004 1.5000000000000002 5.5000000000000009 4283.5000000000009 288.23390557939916 5.5000000000000009 324.56652360515028 29.330686695278974 5.5000000000000009 6512.5000000000009 23.613863555078684 6125.5000000000009 832.81759656652378 13.500000000000002 1.5000000000000002 1.6165236051502119 7.5000000000000009 1.0000000180025095e-35 1.0000000180025095e-35 6220.5000000000009 19.500000000000004 3.5000000000000004
decision_type=10 10 2 2 10 2 2 2 2 2 2 10 2 2 2 2 2 10 2 10 2 2 2 2 2 2 2 10 2 2
left_child=3 2 8 11 -4 16 10 12 9 14 -7 -1 13 19 24 -16 -6 -12 20 -8 21 -14 -13 -10 25 29 27 28 -26 -2
right_child=1 -3 4 -5 5 6 7 -9 23 -11 17 22 18 -15 15 -17 -18 -19 -20 -21 -22 -23 -24 -25 26 -27 -28 -29 -30 -31
leaf_value=-5.9836951032965091 -3.0765795258329494 16.426343039122003 -3.086137827088169 -9.7103809031413686 2.9183958259597831 -0.13380551717120853 -3.5341187802089737 -12.258161652804802 -1.2122105467351503 0.14151698975676938 -5.4320372696197641 -0.36273601541611245 -0.39992123390120471 2.196376800957637 -0.43126026299637488 5.8679765541623512 -0.12250252531162005 -1.0686911167644666 0.71497981472089123 -0.1924854786324886 -9.249660061031113 -4.8123122850653548 -2.9071797561811765 1.6927586383714925 5.7714474656983388 1.9958482139463287 1.6998864830675757 19.882107025231814 -0.96171073702907961 2.9797934441743568
leaf_weight=194 114 265 340 249 196 128 87 75 696 4656 310 548 346 582 782 125 157 70 173 455 78 304 153 52 265 357 521 204 84 71
leaf_count=194 114 265 340 249 196 128 87 75 696 4656 310 548 346 582 782 125 157 70 173 455 78 304 153 52 265 357 521 204 84 71
internal_value=-0.00118294 0.000587263 -0.000240449 -0.018952 -0.00688976 -0.00497974 -0.00762744 -0.00361733 0.00252901 0.00369777 -0.024165 -0.0124442 -0.0022458 0.00328889 0.00861727 0.00126652 0.014548 -0.032021 -0.00914634 -0.00589319 -0.0133059 -0.0104455 -0.00719373 -0.00867824 0.0127396 0.00552486 0.0163721 0.0233755 0.015 -0.0094086
internal_weight=12637 11493 11228 1144 3301 2961 2608 2100 7927 7179 508 895 2025 1124 2523 907 353 380 901 542 728 650 701 748 1616 542 1074 553 349 185
internal_count=12637 11493 11228 1144 3301 2961 2608 2100 7927 7179 508 895 2025 1124 2523 907 353 380 901 542 728 650 701 748 1616 542 1074 553 349 185
is_linear=0
shrinkage=0.05


Tree=76
num_leaves=31
num_cat=0
split_feature=15 14 8 12 15 14 10 8 14 11 14 8 15 8 11 11 11 14 6 2 12 12 12 2 11 12 12 12 12 10
split_gain=168.226 126.77 59.596 71.5838 50.8147 47.0143 38.4009 37.7524 40.9148 34.117 25.6928 29.5274 28.7659 26.4059 29.5215 31.146 29.7242 26.1201 24.216 30.5711 23.2484 44.0547 30.8346 22.3194 21.5925 44.3595 21.5181 21.3535 19.1266 22.0952
threshold=4570.5000000000009 8628.0000000000018 4.5000000000000009 0.99351232050787985 8400.5000000000018 4777.5000000000009 0.95752911693909493 5.5000000000000009 4530.5000000000009 -0.99465740988130902 4674.5000000000009 1.5000000000000002 4875.5000000000009 1.5000000000000002 0.31595530242620651 0.9989598388634241 0.19969739736768838 4940.5000000000009 710.87982832618036 7.2049356223175964 0.98519415784776321 0.84660111278280559 0.67008845381070758 9.6536480686695292 -0.27694043983797384 -0.23432901867687267 -0.96235977360714686 -0.9905448150984083 0.91593490216309192 0.93544191479114935
decision_type=10 10 2 2 10 10 2 2 10 2 10 2 10 2 2 2 2 10 2 2 2 2 2 2 2 2 2 2 2 2
left_child=5 2 3 4 9 7 18 8 -1 -2 11 28 -12 14 16 -16 20 -15 19 26 21 22 24 -20 -14 -26 -4 -19 29 -11
right_child=1 -3 6 -5 -6 -7 -8 -9 -10 10 12 -13 13 17 15 -17 -18 27 23 -21 -22 -23 -24 -25 25 -27 -28 -29 -30 -31
leaf_value=-5.5316222729455378 5.1689872317823307 18.221758528037345 2.0025086076685059 -3.8668386022895902 9.5585485165222064 -0.95199197962538173 -4.5099711130194917 -9.2872423604046617 0.91912113988373678 0.69150838153675531 0.98029793290174894 -3.3302090700693725 -0.49618020937823532 -2.7555398826864579 3.1819540125377901 -4.743424498824993 -3.9984023263023118 2.027064728021196 -5.8815412491803727 4.359344381638766 5.1991911479041164 -1.773924704891374 6.2254939744357678 0.3409755795301635 7.825762919290014 0.27941775458446044 -0.86169286139388535 -0.070173316566479113 -2.8578357793202489 -3.6329679132670893
leaf_weight=198 163 226 189 343 224 350 303 264 101 354 381 110 396 152 1130 56 117 155 181 53 48 166 127 62 80 358 2215 4011 42 102
leaf_count=198 163 226 189 343 224 350 303 264 101 354 381 110 396 152 1130 56 117 155 181 53 48 166 127 62 80 358 2215 4011 42 102
internal_value=-0.00116527 0.000442742 -0.000286483 0.00184946 0.00278967 -0.0218271 -0.00634154 -0.0307624 -0.0185 0.00212605 0.0016504 -0.00821018 0.00248677 0.00173606 0.00584913 0.0115417 0.000618716 -0.000625145 -0.0044428 -0.00294955 0.00301871 0.00155142 0.00566528 -0.0194672 0.00215569 0.00979499 -0.00378378 0.00011999 -0.00300601 0
internal_weight=12657 11744 11518 8515 8172 913 3003 563 299 7948 7785 608 7177 6796 2478 1186 1292 4318 2700 2457 1175 1127 961 243 834 438 2404 4166 498 456
internal_count=12657 11744 11518 8515 8172 913 3003 563 299 7948 7785 608 7177 6796 2478 1186 1292 4318 2700 2457 1175 1127 961 243 834 438 2404 4166 498 456
is_linear=0
shrinkage=0.05


Tree=77
num_leaves=31
num_cat=0
split_feature=14 14 8 8 7 7 14 7 6 7 8 14 7 8 12 12 1 1 12 0 1 1 12 5 8 8 7 12 0 10
split_gain=147.584 121.888 109.571 54.4767 48.3854 73.1378 43.2134 41.592 36.195 35.8023 32.4565 56.0337 35.5824 30.9474 29.7439 26.6824 26.2328 24.4327 24.3005 29.618 22.4802 21.2393 21.1275 20.8374 19.6663 31.0603 35.2556 22.5853 22.6506 23.7434
threshold=4859.5000000000009 8732.0000000000018 5.5000000000000009 4.5000000000000009 3.5000000000000004 8.5000000000000018 4231.5000000000009 21.500000000000004 727.78969957081551 5.5000000000000009 1.0000000180025095e-35 6195.5000000000009 2.5000000000000004 5.5000000000000009 0.99351232050787985 -0.814291907305839 20.502244277539344 9.4544304363376259 -0.88622299073327826 15.268884120171675 28.283646280400575 16.227378397711018 0.11478755917771409 4.3503366243622112 1.5000000000000002 1.0000000180025095e-35 4.5000000000000009 -0.90893575921103265 17.200000000000003 -0.77245553105869302
decision_type=10 10 2 2 2 2 10 2 2 2 2 10 2 2 2 2 2 2 2 2 2 2 2 2 2 2 2 2 2 2
left_child=2 3 6 7 13 9 -1 10 16 -6 11 12 -2 -5 24 -9 18 -12 21 -20 -19 -7 -18 -17 25 26 -8 -26 -29 -30
right_child=1 -3 -4 4 5 8 14 15 -10 -11 17 -13 -14 -15 -16 23 22 20 19 -21 -22 -23 -24 -25 27 -27 -28 28 29 -31
leaf_value=-6.9927820181200788 -4.1885739175554138 20.926145303071873 -7.8604997399640526 2.80576686697641 -0.26395286922129346 3.4220383182530898 -3.3954825278194676 1.3873639091834322 -4.6998590371229509 -4.3873483555234545 9.6269744926719341 18.066075096134501 2.2506023308905014 -0.46923148517539631 -5.5816210264768875 -1.7273994074054828 2.5915346231260403 0.30892315820765365 -0.074200572987228958 -3.616929174751931 4.3781883274817117 -1.8813531330091793 0.18480055329941936 2.7019616603496619 0.57642843444718894 1.1368044556781116 0.79296417904486138 -3.5520869317092321 0.35472601956985272 -4.7766491177610986
leaf_weight=147 71 176 345 209 142 136 216 123 257 385 85 233 676 165 60 560 152 5512 685 444 104 98 359 53 98 303 348 248 182 63
leaf_count=147 71 176 345 209 142 136 216 123 257 385 85 233 676 165 60 560 152 5512 685 444 104 98 359 53 98 303 348 248 182 63
internal_value=-0.00055793 0.00179277 -0.0129786 0.00109569 -0.00454995 -0.00691989 -0.00765306 0.00340388 -0.00279081 -0.0235795 0.00464681 0.0130479 0.00635027 0.0122667 -0.00513496 -0.00786974 -0.000373333 0.00320063 -0.0039956 -0.0070354 0.00279509 0.0106383 0.00927734 -0.0121336 -0.00370117 0.00109447 -0.00584071 -0.0107264 -0.015081 -0.00426829
internal_weight=12635 10625 2010 10449 3032 2658 1665 7417 2131 527 6681 980 747 374 1518 736 1874 5701 1363 1129 5616 234 511 613 1458 867 564 591 493 245
internal_count=12635 10625 2010 10449 3032 2658 1665 7417 2131 527 6681 980 747 374 1518 736 1874 5701 1363 1129 5616 234 511 613 1458 867 564 591 493 245
is_linear=0
shrinkage=0.05


Tree=78
num_leaves=31
num_cat=0
split_feature=8 14 14 14 12 7 7 8 6 15 0 12 13 12 8 12 8 6 15 14 12 8 0 12 13 12 12 12 15 12
split_gain=131.022 119.756 117.523 63.8407 63.1467 56.9099 81.6769 36.6552 28.0141 27.9774 27.9619 25.4153 49.3063 29.1524 26.961 51.24 22.8611 49.117 26.2888 41.9856 22.2935 22.2383 21.9076 21.7548 21.3347 30.4592 62.5926 38.1054 29.8308 30.2649
threshold=4.5000000000000009 8388.0000000000018 4880.5000000000009 4283.5000000000009 0.99351232050787985 4.5000000000000009 8.5000000000000018 5.5000000000000009 772.58369098712456 8449.0000000000018 29.330686695278974 0.83966414931270739 0.41203268437863022 0.63423707282422626 2.5000000000000004 0.74300049550786151 5.5000000000000009 125.2618025751073 5954.5000000000009 6244.5000000000009 0.96231527631374336 5.5000000000000009 20.415665236051503 0.98213580174693105 -0.22701029611497395 -0.45274443793211405 -0.159513159777915 -0.62588817255938378 7381.5000000000009 -0.77245553105869302
decision_type=2 10 10 10 2 2 2 2 2 10 2 2 2 2 2 2 2 2 10 10 2 2 2 2 2 2 2 2 10 2
left_child=1 3 21 -1 9 7 -7 -4 10 11 16 13 20 24 -15 22 18 -18 19 -8 -13 -2 -16 -22 -5 27 -27 28 29 -26
right_child=2 -3 5 4 -6 6 8 -9 -10 -11 -12 12 -14 14 15 -17 17 -19 -20 -21 23 -23 -24 -25 25 26 -28 -29 -30 -31
leaf_value=-5.0544386868670248 -1.4263242607115219 10.676576843724934 2.7873852538912391 -0.069147325480935259 -3.9064809890393919 -3.7976559632073079 -2.673346501942524 -0.57664796597491663 -4.5895517010140336 11.839256540122733 4.8486970908036717 -0.57900646893772323 -2.698786431889812 2.6924126834858955 -3.8209824466478497 1.8325193899772332 2.7504846030523824 -2.0667199091266184 -3.0312003560304674 1.6932677476750542 2.9355041591089051 -7.4674747529658365 0.57025750013963261 0.021036672426907901 0.63434571711800347 -4.5945800665395611 1.0886440757794844 7.6153459901717726 6.4938998813158832 -2.6754341220234212
leaf_weight=193 168 320 236 2936 331 479 207 182 206 132 49 697 199 628 93 171 441 488 491 283 168 345 40 269 973 354 949 208 142 182
leaf_count=193 168 320 236 2936 331 479 207 182 206 132 49 697 199 628 93 171 441 488 491 283 168 345 40 269 973 354 949 208 142 182
internal_value=-0.000812037 0.0024093 -0.0089066 0.00129818 0.00194736 -0.00519099 -0.0079017 0.0119332 -0.0037627 0.00281872 -0.00191327 0.0024407 -0.00386057 0.00369927 0.0118971 -0.000327869 -0.00287807 0.00274194 -0.00819756 0 0.000176211 -0.0310311 -0.0235075 0.00901826 0.00236728 0.00548238 -0.000115031 0.0103254 0.00712635 0.00445502
internal_weight=12560 8985 3575 8665 8472 3062 2644 418 2165 8141 1959 8009 1333 6676 932 304 1910 929 981 490 1134 513 133 437 5744 2808 1303 1505 1297 1155
internal_count=12560 8985 3575 8665 8472 3062 2644 418 2165 8141 1959 8009 1333 6676 932 304 1910 929 981 490 1134 513 133 437 5744 2808 1303 1505 1297 1155
is_linear=0
shrinkage=0.05


Tree=79
num_leaves=31
num_cat=0
split_feature=14 14 8 8 1 1 1 12 7 10 13 1 1 12 10 10 15 7 7 6 15 7 7 14 12 1 15 2 1 10
split_gain=135.235 116.947 65.9331 58.8989 39.0827 50.272 36.6768 35.0332 34.238 33.3022 49.9291 31.4081 29.1664 32.353 82.4024 51.8389 26.1187 25.9241 50.8577 34.8947 28.3248 26.8256 25.0891 24.8127 27.4761 23.7779 19.5735 19.3327 19.2547 24.3966
threshold=4630.5000000000009 8628.0000000000018 5.5000000000000009 4.5000000000000009 11.886663984263235 23.613863555078684 9.4544304363376259 0.99865421017599998 21.500000000000004 0.69056404122701587 0.94910885063987094 28.627660050071533 14.138192954220314 -0.29343379936893921 0.022575936829235418 0.21022171450811275 8015.0000000000009 8.5000000000000018 4.5000000000000009 479.75965665236055 5966.5000000000009 12.500000000000002 21.500000000000004 4231.5000000000009 0.84313847884979054 22.514431330472107 4689.5000000000009 0.7386266094420596 11.080244098712447 0.96234642434711437
decision_type=10 10 2 2 2 2 2 2 2 2 2 2 2 2 2 2 10 2 2 2 8 2 2 10 2 2 8 2 2 2
left_child=2 3 23 6 9 17 -2 8 11 10 -5 12 13 28 -15 -16 -17 18 -6 20 22 -21 -19 -1 25 -25 -14 -7 -8 -30
right_child=1 -3 -4 4 5 27 7 -9 -10 -11 -12 -13 26 14 15 16 -18 19 -20 21 -22 -23 -24 24 -26 -27 -28 -29 29 -31
leaf_value=-6.2194764783014769 10.733821703374543 16.084959755508862 -10.969101015317529 6.1795392140526477 -0.57536068975396126 -1.2640626085057649 8.567422717433784 -6.4539622465099455 -0.95791283474727607 -1.639658215636655 -4.4732581312050117 6.5412154132625346 3.7450425307808928 -8.1524979454744884 13.794383266605337 0.19056116510564608 7.1676936363164261 1.2383289294600672 -4.7091698120665342 -1.2810397861145248 -1.4448656257906807 -6.5313962818291662 -1.7050925089864677 -0.98918646842537328 -3.4711651423835521 3.8088384218834563 0.035769196003116122 1.549301086972446 1.5140710044268872 5.9994070917235156
leaf_weight=153 123 228 158 295 397 103 83 96 761 220 92 86 102 234 169 1172 252 467 376 178 463 246 156 520 125 49 4528 323 435 79
leaf_count=153 123 228 158 295 397 103 83 96 761 220 92 86 102 234 169 1172 252 467 376 178 463 246 156 520 125 49 4528 323 435 79
internal_value=-0.000651144 0.000865838 -0.0182406 0.000157384 -0.00545674 -0.00802583 0.00245044 0.00203176 0.00239813 0.00600329 0.0148196 0.0034729 0.00310418 0.00754639 0.00423961 0.00831242 0.00519298 -0.0109676 -0.0184109 -0.00714758 -0.0023919 -0.0192941 0.00456731 -0.0126769 -0.00863309 -0.00394737 0.00077737 0.00772834 0.0176421 0.0139806
internal_weight=12669 11664 1005 11436 3316 2709 8120 7997 7901 607 387 7140 7054 2424 1827 1593 1424 2283 773 1510 1086 424 623 847 694 569 4630 426 597 514
internal_count=12669 11664 1005 11436 3316 2709 8120 7997 7901 607 387 7140 7054 2424 1827 1593 1424 2283 773 1510 1086 424 623 847 694 569 4630 426 597 514
is_linear=0
shrinkage=0.05


Tree=80
num_leaves=31
num_cat=0
split_feature=15 15 1 7 8 0 10 7 7 6 6 6 15 7 1 0 15 11 7 0 3 10 8 15 6 11 0 1 8 2
split_gain=115.768 96.3913 53.2921 36.9659 36.6007 34.9534 34.7632 37.2265 61.3596 40.9398 29.6116 46.7914 60.6373 32.1844 27.3923 27.2919 26.7999 27.7276 26.3592 25.6307 27.7553 25.1839 24.0052 23.3029 31.7368 21.4027 23.277 20.5955 20.3203 19.2726
threshold=4462.5000000000009 8236.0000000000018 28.627660050071533 8.5000000000000018 4.5000000000000009 11.795064377682404 0.95752911693909493 3.5000000000000004 9.5000000000000018 586.94849785407735 0.63948497854077269 237.60085836909872 6816.5000000000009 8.5000000000000018 14.916653254649502 10.998068669527898 5431.5000000000009 -0.81925291736142503 12.500000000000002 24.100429184549359 5.9068669527897013 0.82414472752956958 5.5000000000000009 5954.5000000000009 190.32188841201719 -0.68432604233786842 25.166309012875541 13.008069563662376 1.0000000180025095e-35 9.9105150214592275
decision_type=10 10 2 2 2 2 2 2 2 2 2 2 10 2 2 2 10 2 2 2 2 2 2 10 2 2 2 2 2 2
left_child=3 2 4 15 10 -3 7 22 -9 23 19 13 14 -12 -13 -1 -16 -18 -11 20 21 -2 -6 -10 -25 26 -15 -23 -27 -20
right_child=1 5 -4 -5 6 -7 -8 8 9 18 11 12 -14 25 16 -17 17 -19 29 -21 -22 27 -24 24 -26 28 -28 -29 -30 -31
leaf_value=0.7963143831891103 -0.27844344074219407 15.16272855314071 6.2222489392692752 1.1855367944784576 2.0707249253372995 3.7492355845282876 -4.0375697746168724 -2.6955207625323512 1.2836685566726829 -0.073747476686412489 -0.057374706056270958 5.8674233581522461 -2.2018648187187866 -1.4565348981157968 9.6826003284505546 -6.0611778792831963 1.6499200982167395 -0.33431205541796771 -6.2048264677377123 2.8720591547847563 0.88464029296442281 0.32088912448671181 -0.51904753318844998 0.5006285241680416 -4.2706475742424574 10.23595448316919 5.0955022268155519 -2.5783407513434216 2.8324555208295354 0.22955736232852361
leaf_weight=45 2461 198 103 112 250 347 324 621 749 155 507 211 792 84 48 470 390 1195 170 92 699 133 152 497 190 201 49 479 847 47
leaf_count=45 2461 198 103 112 250 347 324 621 749 155 507 211 792 84 48 470 390 1195 170 92 699 133 152 497 190 201 49 479 847 47
internal_value=-0.000649814 0.000446131 -0.000532891 -0.0215764 -0.000859485 0.0209707 -0.00543409 -0.00365466 -0.00598765 -0.0013267 0.000903651 0.00374566 -0.000417141 0.0102427 0.00455285 -0.0272287 0.00235618 0.00122951 -0.0160858 -0.00227684 -0.00291545 -0.00496096 0.0104218 0.00250522 -0.00414244 0.0147631 -0.00410448 -0.0140294 0.0171592 -0.0272936
internal_weight=12618 11991 11446 627 11343 545 3155 2831 2429 1808 8188 4324 2636 1688 1844 515 1633 1585 372 3864 3772 3073 402 1436 687 1181 133 612 1048 217
internal_count=12618 11991 11446 627 11343 545 3155 2831 2429 1808 8188 4324 2636 1688 1844 515 1633 1585 372 3864 3772 3073 402 1436 687 1181 133 612 1048 217
is_linear=0
shrinkage=0.05


Tree=81
num_leaves=31
num_cat=0
split_feature=14 14 8 8 12 1 1 12 10 8 2 12 14 11 1 11 1 10 10 12 10 13 13 2 11 1 12 12 6 12
split_gain=123.73 99.2157 79.4396 69.7309 34.5263 39.4769 53.4926 45.3252 57.9258 38.4149 38.2048 33.9717 35.7019 29.2703 32.4249 29.0576 28.8981 28.5928 44.8974 27.2369 51.5104 26.7655 38.6612 37.2621 28.0956 26.5841 24.5808 33.4807 23.694 22.255
threshold=4630.5000000000009 8732.0000000000018 4.5000000000000009 1.5000000000000002 -0.9905448150984083 23.613863555078684 14.096266988555081 -0.32614396506100213 -0.099819732675876835 4.5000000000000009 0.4746781115879824 0.86972315351350449 4181.0000000000009 0.71952396275653763 28.627660050071533 0.92191100909954782 10.179403612303291 0.074116354202380205 -0.15101209918632377 0.43152950955792641 0.022575936829235418 -0.12546094329884036 -0.32003627663099971 3.3875536480686699 -0.88220415136009767 12.679090665236052 0.79380680106549595 0.66527693225344786 803.71888412017177 0.98519415784776321
decision_type=10 10 2 2 2 2 2 2 2 2 2 2 10 2 2 2 2 2 2 2 2 2 2 2 2 2 2 2 2 2
left_child=2 3 11 13 -5 6 7 16 -9 15 -7 12 -1 14 21 29 -6 18 -15 20 -10 22 26 -23 -25 -19 27 -2 -11 -8
right_child=1 -3 -4 4 5 10 9 8 19 28 -12 -13 -14 17 -16 -17 -18 25 -20 -21 -22 23 -24 24 -26 -27 -28 -29 -30 -31
leaf_value=-7.912244594046479 0.61289520938148601 16.162099808920811 -9.3207474874667238 1.4635213045428828 8.916053761226113 -1.534129200982443 -0.16847206342215487 -17.464063750004197 -2.8270516236103962 -1.9184532507931182 1.2606779466287208 -4.8420774973441443 -0.16055034039491148 3.0412695394965343 10.0710652606419 -3.4062569065862593 1.20716167474111 9.3376632871332728 -5.6857564298282801 -0.66251974771371358 3.5879545228226108 -1.9388374745113197 5.6713199500784413 4.8040930693653996 -0.58394320541915479 1.0463455842274472 -1.3957993798600912 7.7281852459123916 -7.9736518880724363 -5.1972421765502306
leaf_weight=99 932 180 212 300 56 223 2542 77 191 1523 818 109 575 342 46 113 557 257 115 1495 472 369 153 155 110 171 187 101 109 100
leaf_count=99 932 180 212 300 56 223 2542 77 191 1523 818 109 575 342 46 113 557 257 115 1495 472 369 153 155 110 171 187 101 109 100
internal_value=-0.000602837 0.000837965 -0.0175201 0.00026053 -0.00201702 -0.00262172 -0.00393173 0.001404 -0.00190072 -0.00739517 0.00647793 -0.0101403 -0.00592593 0.00690711 0.00362707 -0.00379173 0.0134365 0.0145034 0.00578603 -0.000370542 0.00805723 0.00266434 0.00658661 -0.00582677 0.00845865 0.0237762 0.0036036 0.00662476 -0.0134721 -0.00272418
internal_weight=12689 11694 995 11514 8576 8276 7235 2848 2235 4387 1041 783 674 2938 2053 2755 613 885 457 2158 663 2007 1373 634 265 428 1220 1033 1632 2642
internal_count=12689 11694 995 11514 8576 8276 7235 2848 2235 4387 1041 783 674 2938 2053 2755 613 885 457 2158 663 2007 1373 634 265 428 1220 1033 1632 2642
is_linear=0
shrinkage=0.05


Tree=82
num_leaves=31
num_cat=0
split_feature=14 14 8 8 15 14 13 6 0 12 0 11 0 11 0 12 8 7 8 15 14 3 15 7 11 7 6 0 7 0
split_gain=115.033 92.6855 75.0874 57.5542 34.5121 27.154 25.5375 25.7326 31.6082 26.2207 22.8338 26.6068 21.4908 20.8167 24.8588 20.565 24.5313 19.0202 48.065 39.6705 54.6149 31.6076 30.4647 21.8178 20.2971 19.9484 26.2533 20.6493 21.4772 19.9432
threshold=4674.5000000000009 8732.0000000000018 5.5000000000000009 1.5000000000000002 7357.5000000000009 4181.0000000000009 -0.99054309756674508 892.60729613733918 27.689055793991418 -0.9905448150984083 29.330686695278974 -0.49065906150552346 30.712446351931334 0.9989598388634241 8.1407725321888424 0.84313847884979054 1.5000000000000002 10.500000000000002 5.5000000000000009 5286.5000000000009 5301.5000000000009 3.3130901287553658 6816.5000000000009 3.5000000000000004 0.96849880583763492 22.500000000000004 569.7532188841202 21.628969957081548 13.500000000000002 16.616094420600859
decision_type=10 10 2 2 10 10 2 2 2 2 2 2 2 2 2 2 2 2 2 8 10 2 10 2 2 2 2 2 2 2
left_child=2 3 5 4 10 -1 -5 8 9 -8 11 -2 -9 14 -13 16 -7 18 19 23 -21 22 25 -11 -23 26 27 28 -19 -24
right_child=1 -3 -4 6 -6 15 7 12 -10 17 -12 13 -14 -15 -16 -17 -18 21 -20 20 -22 24 29 -25 -26 -27 -28 -29 -30 -31
leaf_value=-7.9033410838017977 -0.70624093404076127 16.973663303861851 -9.1515651376898859 -1.9290365733012096 6.087261185900025 0.17450784619654769 1.4295086998750322 -3.3158055242111915 1.7030722381183523 0.62154747067781957 6.1719332729354397 6.4338493655437565 0.59087457789687503 -5.3006613102318854 1.0174974695778929 -2.7237164324984633 -1.9578837570212728 4.8581163116293515 -2.4102097439682213 -4.5906773019252567 -0.45839745716655217 3.5234569852815643 -0.64590992254798041 -0.19434594586409731 -0.82316609240028815 -1.5257723725255801 -1.019750984858365 1.7199041791454421 -0.06391409996765561 -2.1746193448832858
leaf_weight=95 539 177 201 435 551 545 268 139 340 644 129 50 77 40 1491 146 152 180 610 146 1396 613 518 605 213 204 469 411 770 375
leaf_count=95 539 177 201 435 551 545 268 139 340 644 129 50 77 40 1491 146 152 180 610 146 1396 613 518 605 213 204 469 411 770 375
internal_value=-0.000514765 0.00100079 -0.0156579 0.000432495 0.00664049 -0.00969116 -0.00163418 -0.000990099 -0.000515265 -0.00119898 0.00388889 0.00264026 -0.0179724 0.00591024 0.00684176 -0.0068128 -0.0032235 -0.00177498 -0.00448266 -0.00170129 -0.00706416 0.000679275 -0.00175888 0.00492 0.00931076 0.00162162 0.0032769 0.00679148 0.00273396 -0.0094519
internal_weight=12529 11390 1139 11213 2800 938 8413 7978 7762 7422 2249 2120 216 1581 1541 843 697 7154 3401 2791 1542 3753 2927 1249 826 2034 1830 1361 950 893
internal_count=12529 11390 1139 11213 2800 938 8413 7978 7762 7422 2249 2120 216 1581 1541 843 697 7154 3401 2791 1542 3753 2927 1249 826 2034 1830 1361 950 893
is_linear=0
shrinkage=0.05


Tree=83
num_leaves=31
num_cat=0
split_feature=15 14 15 0 1 6 2 1 12 10 10 10 10 1 12 12 10 2 10 10 12 1 2 15 10 6 10 12 12 1
split_gain=107.137 87.2057 56.3008 37.3992 37.2372 39.5458 29.7141 24.9183 39.6851 53.0126 32.2673 33.3096 31.7898 35.0427 28.2856 26.5305 25.2047 24.9018 24.0828 31.4543 27.6614 33.922 32.668 24.3469 25.0224 23.5982 21.065 24.5984 26.2383 22.8235
threshold=8236.0000000000018 4719.5000000000009 4344.5000000000009 11.795064377682404 28.627660050071533 803.71888412017177 6.2173819742489274 14.954336552217454 -0.32614396506100213 -0.022576249993022688 0.35846314187849709 0.51297097409535064 0.96687895796550427 10.179403612303291 -0.92923668111203805 -0.13292143739675699 0.66527693225344786 9.3444206008583688 -0.64578423485557612 -0.58482361983252518 -0.77245553105869302 21.022120886981405 1.0000000180025095e-35 6480.5000000000009 0.35846314187849709 518.24463519313315 0.90892735371523092 0.84313847884979054 0.67799886003753596 15.759383941344781
decision_type=10 10 10 2 2 2 2 2 2 2 2 2 2 2 2 2 2 2 2 2 2 2 2 10 2 2 2 2 2 2
left_child=1 2 -1 -2 5 6 7 8 12 -10 -11 -12 13 -3 -15 -13 -17 -7 25 -20 21 -21 -22 24 -24 -9 27 28 -4 -28
right_child=3 4 26 -5 -6 17 -8 18 9 10 11 15 -14 14 -16 16 -18 -19 19 20 22 -23 23 -25 -26 -27 29 -29 -30 -31
leaf_value=-6.7607512373106609 14.490850329407841 9.267637486082231 -0.37487278900532606 3.9386479916051487 5.4245725713215052 -1.8843164774851404 1.9078466750151621 0.28311022401394442 -6.913494642910428 2.4228967094899421 -2.1884629782112826 4.3962447280898465 6.5295472300021631 3.1117218954349939 0.075387610455163678 1.6723158610450355 -0.50169107585179518 0.38852924058905958 -2.0802611663611059 0.018212431158667643 -2.2727859494424822 3.6178307211311225 1.365008428561987 -1.3832755843968927 -2.7091691227737784 -1.4061980768265585 -0.86384026021160032 -2.4467277219097472 4.2143683156819405 -8.6490580543293625
leaf_weight=261 194 57 682 338 89 454 363 2529 223 733 258 72 95 264 713 333 1503 159 179 580 1058 67 345 214 60 359 100 199 58 95
leaf_count=261 194 57 682 338 89 454 363 2529 223 733 258 72 95 264 713 333 1503 159 179 580 1058 67 345 214 60 359 100 199 58 95
internal_value=-0.000925999 -0.00189209 -0.0136461 0.0210131 -0.000359544 -0.000630945 0.000124925 -0.000404438 0.00245767 -0.000448287 0.00136207 -0.00170743 0.0104867 0.00792271 0.00567485 0.000576218 -0.000598802 -0.0129479 -0.00266135 -0.00625 -0.00468817 0.00408951 -0.00807509 0.00104839 0.00825123 0.000449983 -0.00881057 -0.00569149 -0.00148448 -0.0237245
internal_weight=12634 12102 1395 532 10707 10618 10005 9642 4251 3122 2899 2166 1129 1034 977 1908 1836 613 5391 2503 2324 647 1677 619 405 2888 1134 939 740 195
internal_count=12634 12102 1395 532 10707 10618 10005 9642 4251 3122 2899 2166 1129 1034 977 1908 1836 613 5391 2503 2324 647 1677 619 405 2888 1134 939 740 195
is_linear=0
shrinkage=0.05


Tree=84
num_leaves=31
num_cat=0
split_feature=14 14 8 1 8 1 1 11 15 12 11 13 12 0 12 14 12 8 15 1 14 11 1 13 8 11 12 12 11 11
split_gain=109.594 87.8122 61.7829 48.1091 39.7156 38.7381 40.0395 36.5698 34.8881 32.5943 35.216 27.2574 27.0384 25.6894 25.5233 24.7273 26.9253 25.9536 23.0272 22.1583 21.4633 20.2206 20.1901 19.7571 19.4165 18.4563 36.2116 29.1596 27.9893 24.1996
threshold=4674.5000000000009 8628.0000000000018 5.5000000000000009 28.627660050071533 2.5000000000000004 23.613863555078684 14.096266988555081 0.92191100909954782 8508.5000000000018 0.52217737485370563 0.86004965528756494 -0.9787668070481591 0.99463153969809781 21.933905579399145 -0.13292143739675699 4181.0000000000009 0.84313847884979054 1.5000000000000002 4785.5000000000009 21.598716917024323 6737.5000000000009 0.77108682076304769 13.408699928469241 -0.94703994556331683 5.5000000000000009 0.48877522411129348 0.84313847884979054 0.63920241694561786 0.44312301391210612 -0.76696334127844745
decision_type=10 10 2 2 2 2 2 2 10 2 2 2 2 2 2 10 2 2 8 2 10 2 2 2 2 2 2 2 2 2
left_child=2 3 15 4 8 6 9 11 12 20 21 14 18 -7 -8 -1 17 -17 -2 -16 -6 22 -11 -13 -12 26 27 -20 -29 -28
right_child=1 -3 -4 -5 5 13 7 -9 -10 10 24 23 -14 -15 19 16 -18 -19 25 -21 -22 -23 -24 -25 -26 -27 29 28 -30 -31
leaf_value=-7.408867188886461 2.4484857561043558 12.973509778522384 -8.5559338774641223 5.4498385932198063 0.11412982194999587 -1.0763543657555601 1.0833502779655646 -4.7068863467612578 9.403851077364811 -0.90549547971531874 -3.2360726946581511 1.2570187724913013 -4.0601545158557206 1.4098329470128648 -3.6528895954799285 0.20389448291762166 -2.5411131560760625 -2.170979444728073 -0.043676220732777438 0.65689187184509601 3.3815453027498736 2.0609828978895623 3.3306050403813972 -0.74642224569379323 0.7472256737997669 1.1976967213946181 -2.0989765684922985 3.443843945355161 -7.5226176825147384 -0.29184024517987839
leaf_weight=97 103 215 192 96 642 231 65 119 132 601 228 151 108 589 367 541 157 152 1801 44 465 181 87 2863 69 1512 159 368 55 212
leaf_count=97 103 215 192 96 642 231 65 119 132 601 228 151 108 589 367 541 157 152 1801 44 465 181 87 2863 69 1512 159 368 55 212
internal_value=-0.000872808 0.000597523 -0.0156579 -8.88968e-06 -0.000313817 -0.00274504 -0.00416454 -0.00743767 0.00334756 0.00103342 -0.00479863 -0.00650243 0.00257004 0.00742996 -0.0176101 -0.0103903 -0.00763807 -0.00338617 0.00320589 -0.0222087 0.00717509 0.000287356 -0.00362845 -0.00474295 -0.0196309 0.00261685 5.77812e-05 0.00247191 0.0142689 -0.0143817
internal_weight=12602 11463 1139 11248 11152 6702 5882 3609 4450 2273 1166 3490 4318 820 476 947 850 693 4210 411 1107 869 688 3014 297 4107 2595 2224 423 371
internal_count=12602 11463 1139 11248 11152 6702 5882 3609 4450 2273 1166 3490 4318 820 476 947 850 693 4210 411 1107 869 688 3014 297 4107 2595 2224 423 371
is_linear=0
shrinkage=0.05


Tree=85
num_leaves=31
num_cat=0
split_feature=14 14 15 8 0 1 14 15 8 14 8 8 7 7 6 10 7 1 6 1 2 15 2 1 10 7 8 15 10 6
split_gain=108.912 82.3733 50.6312 45.4288 28.3964 30.6557 25.2517 38.805 57.7529 21.6888 21.174 24.5774 34.3338 20.5526 35.6608 20.063 19.9533 20.2859 19.0101 23.4347 22.2709 21.2967 21.3149 18.8565 36.3707 25.3008 21.1189 26.1029 20.656 24.3198
threshold=4630.5000000000009 8732.0000000000018 4344.5000000000009 1.5000000000000002 11.540557939914164 28.627660050071533 5062.5000000000009 4958.5000000000009 5.5000000000000009 7344.5000000000009 1.5000000000000002 1.0000000180025095e-35 4.5000000000000009 20.500000000000004 268.93133047210307 0.8697513045430848 22.500000000000004 11.54145654506438 892.60729613733918 23.613863555078684 9.6536480686695292 6949.5000000000009 1.5276824034334739 14.997773605150213 -0.30983472475487867 16.500000000000004 3.5000000000000004 5296.5000000000009 0.89017062131308955 391.36695278969961
decision_type=10 10 10 2 2 2 10 8 2 10 2 2 2 2 2 2 2 2 2 2 2 10 2 2 2 2 2 10 2 2
left_child=2 3 -1 4 9 13 7 8 15 -2 11 12 -4 14 -6 -5 18 -18 19 23 -20 22 -21 24 25 -8 27 -25 29 -26
right_child=1 -3 10 6 5 -7 16 -9 -10 -11 -12 -13 -14 -15 -16 -17 17 -19 20 21 -22 -23 -24 26 28 -27 -28 -29 -30 -31
leaf_value=-6.8884238294421269 2.1481365421510645 15.585626181157295 -4.4353643827024829 0.5525027938062067 1.8510996181845714 9.2620309994834766 0.89722060746119048 -3.0213798128124383 -2.7976357514384294 13.52055763179078 -4.0901720273921915 0.44582833396336813 -0.03567339762330448 -1.0209659960920363 -0.32572881667729237 -1.9662025313647065 1.7371408735127263 -1.8122002311788721 -2.3221028465068687 -0.4436072757961938 0.36971218970479641 -1.4785318035651926 1.6545822669732844 1.6587535538834572 -0.13293948208411166 5.6160024262815575 -1.0466789995173713 -0.10376702146199933 1.25362862590614 -5.2599160861871503
leaf_weight=221 444 176 182 515 1028 47 324 295 327 85 169 214 221 352 968 91 55 286 122 223 77 67 511 116 1684 127 1708 1102 727 190
leaf_count=221 444 176 182 515 1028 47 324 295 327 85 169 214 221 352 968 91 55 286 122 223 77 67 511 116 1684 127 1708 1102 727 190
internal_value=-0.000750691 0.000613839 -0.0165179 9.15272e-05 0.00547009 0.00315109 -0.00174895 -0.0083808 -0.00337259 0.0159434 -0.0105464 -0.00622977 -0.0134901 0.00234142 0.00430646 0.00576606 -0.000635246 -0.0124269 -5.73148e-05 0.000390855 -0.01525 0.00841646 0.0108844 -0.000685733 0.00206354 0.0151549 -0.00355313 0.00147662 -0.000211376 -0.00298667
internal_weight=12654 11647 1007 11471 2924 2395 8547 1228 933 529 786 617 403 2348 1996 606 7319 341 6978 6779 199 801 734 5978 3052 451 2926 1218 2601 1874
internal_count=12654 11647 1007 11471 2924 2395 8547 1228 933 529 786 617 403 2348 1996 606 7319 341 6978 6779 199 801 734 5978 3052 451 2926 1218 2601 1874
is_linear=0
shrinkage=0.05


Tree=86
num_leaves=31
num_cat=0
split_feature=14 14 8 8 6 2 2 12 14 15 1 1 10 10 0 10 1 14 6 12 12 11 1 10 0 11 6 10 12 12
split_gain=104.275 76.1131 69.7104 43.4403 26.9868 39.6738 31.245 27.9539 40.5966 25.5451 25.3304 22.5126 29.5519 22.8847 50.4869 26.6233 21.2718 21.1514 20.7034 19.6033 29.8815 21.6862 18.9653 20.3207 17.0041 18.663 16.6508 16.5592 16.0764 30.1442
threshold=4777.5000000000009 8732.0000000000018 5.5000000000000009 1.5000000000000002 685.80042918454944 4.8729613733905568 11.047639484978541 -0.78326178756187226 7656.5000000000009 7381.5000000000009 28.627660050071533 10.08427664520744 -0.11692013674435776 -0.77245553105869302 16.839484978540774 -0.47558551945199218 21.734911480686698 4181.0000000000009 228.96995708154509 0.84313847884979054 0.67799886003753596 -0.65883892954715351 15.686628218884122 -0.66528616069191593 17.677038626609441 -0.49065906150552346 61.457081545064376 0.81428061195174062 -0.54220184589352438 -0.61237701952678392
decision_type=10 10 2 2 2 2 2 2 10 10 2 2 2 2 2 2 2 10 2 2 2 2 2 2 2 2 2 2 2 2
left_child=2 3 17 9 5 7 24 8 16 10 -2 12 -9 14 -13 -15 22 -1 27 20 -19 -21 23 -5 -6 -26 -25 -11 29 -17
right_child=1 -3 -4 4 6 -7 -8 11 -10 18 -12 13 -14 15 -16 28 -18 19 -20 21 -22 -23 -24 26 25 -27 -28 -29 -30 -31
leaf_value=-6.4552719168297248 0.43098252343343124 12.880422455717508 -5.898203838115478 2.8197823329351652 6.3371457437855954 2.0040713777900465 3.3225812170523117 7.5203323056789033 7.289170567928295 8.6693757335049213 8.9412928930792308 -3.686929488838905 1.0478517661647857 -1.9624263188066153 0.44308471771919361 -0.68582043176138541 3.315735375197983 -0.54433960417336491 -0.095138829060010727 -4.6144066550410576 2.5875484244516884 -0.55023962290924833 -0.35574643713123355 1.0169589490117232 -0.97592251856603984 -4.2800468315120046 -1.9669192812782967 0.048153513132092485 -0.34359698401647165 -6.2861745681922914
leaf_weight=99 2117 176 287 149 41 272 93 51 82 343 42 108 265 284 1326 350 53 934 130 95 76 115 668 195 455 228 131 79 3248 133
leaf_count=99 2117 176 287 149 41 272 93 51 82 343 42 108 265 284 1326 350 53 934 130 95 76 115 668 195 455 228 131 79 3248 133
internal_value=-0.000360367 0.00137477 -0.0122589 0.000843785 -0.000983647 -2.0503e-05 -0.00959658 -0.000745315 0.00594214 0.00632375 0.00386574 -0.00222858 0.0107256 -0.00298165 0.00243902 -0.00491783 0.00359231 -0.00738636 0.0159132 -0.00556921 -0.00267062 -0.0194313 0.00214161 0.00976891 -0.0131034 -0.0149854 0.00275229 0.0212766 -0.00379153 -0.0122934
internal_weight=12625 11019 1606 10843 8132 7315 817 7043 1278 2711 2159 5765 316 5449 1434 4015 1196 1319 552 1220 1010 210 1143 475 724 683 326 422 3731 483
internal_count=12625 11019 1606 10843 8132 7315 817 7043 1278 2711 2159 5765 316 5449 1434 4015 1196 1319 552 1220 1010 210 1143 475 724 683 326 422 3731 483
is_linear=0
shrinkage=0.05


Tree=87
num_leaves=31
num_cat=0
split_feature=15 14 10 2 12 7 1 12 10 10 15 1 11 11 10 3 12 12 1 8 2 11 7 10 10 10 10 10 7 11
split_gain=89.52 80.6779 44.1358 40.3653 37.7457 37.3695 35.1163 32.5286 92.3326 46.4548 36.856 28.7323 26.596 41.9337 29.8503 26.5627 25.9592 88.7477 36.2625 38.0466 28.7001 39.5258 25.7531 25.532 53.484 24.7274 25.8605 24.4803 23.9953 23.3636
threshold=4344.5000000000009 8732.0000000000018 0.99552231814189451 11.140987124463523 0.99865421017599998 9.5000000000000018 12.814882868383407 -0.29343379936893921 1.0000000180025095e-35 0.22700754078277605 8178.5000000000009 10.179403612303291 0.84199059757024453 0.6174544326165855 0.17646842360078763 6.3961373390557945 0.84660111278280559 0.71953851835684701 21.346593347639487 4.5000000000000009 1.9729613733905558 0.57605713708605399 18.500000000000004 0.96904697354198299 0.91596454896554913 0.39036257410962044 0.34235194516023087 0.96234642434711437 4.5000000000000009 -0.7444366621422277
decision_type=10 10 2 2 2 2 2 2 2 2 10 2 2 2 2 2 2 2 2 2 2 2 2 2 2 2 2 2 2 2
left_child=5 2 3 4 6 -1 7 11 -9 -10 -11 -2 13 15 -14 16 17 18 19 23 21 29 -21 24 -8 26 -20 -13 -25 -18
right_child=1 -3 -4 -5 -6 -7 12 8 9 10 -12 27 14 -15 -16 -17 20 -19 25 22 -22 -23 -24 28 -26 -27 -28 -29 -30 -31
leaf_value=-5.1298817206771226 6.8779446618295657 13.799566113585024 -3.9018058859511942 5.6668863261618299 -3.7830460974765403 1.3560008252261015 -0.096513777154086711 -6.422140021002952 7.0011081749302777 0.059930000965937327 8.0348111225089731 1.3585666013142372 -0.36272679953005993 1.1625119461495614 -3.6896671489720121 2.8310405156099705 -3.0676436335073052 2.1240618451663069 0.45879393128327595 -3.4839794627653191 -0.045580846657708209 5.8371927080621395 0.10039269947933463 -1.4280159345078802 -3.4016391224510247 3.0713603395535758 -8.0133035718741219 10.515356565194407 2.4510040715704466 -1.2287421659789288
leaf_weight=354 68 180 408 171 212 94 1965 343 286 1450 166 564 498 827 252 42 188 461 1158 733 548 58 237 72 331 78 51 60 326 447
leaf_count=354 68 180 408 171 212 94 1965 343 286 1450 166 564 498 827 252 42 188 461 1158 733 548 58 237 72 331 78 51 60 326 447
internal_value=-0.000791828 1.6419e-05 -0.000483293 8.62589e-05 -0.000275784 -0.0227171 0.000120428 0.0048162 0.00189225 0.00620074 0.00290662 0.0142857 -0.0015472 -0.000651336 -0.0105193 -0.00196386 -0.00221671 -0.000720488 -0.00267569 -0.00521146 -0.00873591 -0.0154899 -0.0136972 -0.00215213 -0.00417936 0.00454193 0.0027686 0.01088 0.00952381 -0.0191038
internal_weight=12628 12180 12000 11592 11421 448 11209 2937 2245 1902 1616 692 8272 7522 750 6695 6653 5412 4951 3664 1241 693 970 2694 2296 1287 1209 624 398 635
internal_count=12628 12180 12000 11592 11421 448 11209 2937 2245 1902 1616 692 8272 7522 750 6695 6653 5412 4951 3664 1241 693 970 2694 2296 1287 1209 624 398 635
is_linear=0
shrinkage=0.05


Tree=88
num_leaves=31
num_cat=0
split_feature=14 14 8 8 11 11 1 7 8 7 8 1 6 7 2 2 8 14 1 7 7 8 11 1 7 6 11 6 7 0
split_gain=80.8688 59.5753 58.5064 42.3197 28.7357 36.0731 27.2844 22.5124 49.4229 30.4371 34.3818 29.4753 28.0513 23.7884 23.7334 22.0942 21.1556 20.7806 18.6426 17.4355 27.5833 18.932 18.2334 22.3325 16.8719 31.3701 19.7334 17.2588 21.6135 17.1812
threshold=4630.5000000000009 8833.5000000000018 5.5000000000000009 1.5000000000000002 0.92519182738459482 0.97263757644091875 28.627660050071533 8.5000000000000018 5.5000000000000009 5.5000000000000009 4.5000000000000009 15.951256258941347 723.20171673819743 1.5000000000000002 5.2813304721030052 11.140987124463523 4.5000000000000009 4181.0000000000009 18.483507689556514 20.500000000000004 13.500000000000002 1.0000000180025095e-35 0.86439018870140905 21.994317775393423 21.500000000000004 132.74463519313306 0.41202506375868281 484.44635193133053 10.500000000000002 16.980472103004296
decision_type=10 10 2 2 2 2 2 2 2 2 2 2 2 2 2 2 2 10 2 2 2 2 2 2 2 2 2 2 2 2
left_child=2 3 17 4 6 -6 19 8 9 10 -5 -12 14 -10 24 -14 -11 -1 -13 20 22 -22 23 -2 25 -9 29 28 -28 -27
right_child=1 -3 -4 7 5 -7 -8 12 13 16 11 18 15 -15 -16 -17 -18 -19 -20 -21 21 -23 -24 -25 -26 26 27 -29 -30 -31
leaf_value=-6.0438638919579262 0.80763685856154555 15.745262376132724 -8.3939637979530755 -0.13175254241193671 8.498656499189611 1.2602944274937729 9.006256038019183 1.2602772030908 -0.16390432023549695 -0.49337167768037493 2.4846437160012105 -1.8097874277311576 -1.5499813572218955 -2.7005090623953039 1.6551256491906317 2.6031577624245075 -3.2569578058267781 -0.70457050563427404 1.0474055454964628 -0.79585519558013407 3.5357738999616233 0.46270511384345814 -4.7048720273375695 -1.1797889225922291 -0.75874236215354363 4.1610082526518459 -4.5345547849726699 -6.0313794898132533 -0.31156900789073916 -0.14205534493571578
leaf_weight=102 869 128 167 1240 182 267 43 1603 137 668 192 54 621 397 265 83 229 743 156 375 405 433 83 236 735 257 135 109 727 951
leaf_count=102 869 128 167 1240 182 267 43 1603 137 668 192 54 621 397 265 83 229 743 156 375 405 433 83 236 735 257 135 109 727 951
internal_value=-0.00086556 0.000319489 -0.0144126 -6.11194e-05 0.00516586 0.0167778 0.00302658 -0.00182827 -0.00525374 -0.00234252 0.0017042 0.0143921 9.11245e-05 -0.0190654 0.00146352 -0.00921986 -0.00974388 -0.00904255 0.0014218 0.00231057 0.00414406 0.0110846 -0.000756939 0.000949367 0.000608676 0.00195612 -0.00194954 -0.00725309 -0.00486674 0.00231596
internal_weight=12592 11580 1012 11452 2893 449 2444 8559 3073 2539 1642 402 5486 534 4782 704 897 845 210 2401 2026 838 1188 1105 4517 3782 2179 971 862 1208
internal_count=12592 11580 1012 11452 2893 449 2444 8559 3073 2539 1642 402 5486 534 4782 704 897 845 210 2401 2026 838 1188 1105 4517 3782 2179 971 862 1208
is_linear=0
shrinkage=0.05


Tree=89
num_leaves=31
num_cat=0
split_feature=14 15 2 6 7 7 5 8 7 15 8 14 8 2 10 11 10 11 0 14 8 15 7 7 15 6 15 14 15 8
split_gain=76.8921 60.4808 37.0443 35.5494 51.6141 48.0481 56.0501 47.1506 38.9019 29.5129 40.8817 31.0681 27.0616 26.371 24.6169 23.6527 52.7355 24.7525 24.3973 19.9084 17.7685 27.3105 22.7808 17.6373 16.531 16.3941 16.3414 18.6769 15.3985 17.715
threshold=8732.0000000000018 4344.5000000000009 11.680472103004293 723.20171673819743 9.5000000000000018 21.500000000000004 1.723318839912322 5.5000000000000009 11.500000000000002 6801.5000000000009 1.0000000180025095e-35 6496.5000000000009 5.5000000000000009 1.5276824034334739 -0.47558551945199218 -0.65883892954715351 -0.47558551945199218 -0.90531874877253482 19.181974248927038 4643.5000000000009 4.5000000000000009 5286.5000000000009 12.500000000000002 1.5000000000000002 6712.5000000000009 479.75965665236055 6735.5000000000009 6172.5000000000009 5562.5000000000009 4.5000000000000009
decision_type=10 8 2 2 2 2 2 2 2 10 2 10 2 2 2 2 2 2 2 10 2 10 2 2 10 2 8 10 10 2
left_child=1 19 3 4 7 6 9 13 -8 25 11 -11 26 15 -15 16 -3 -18 -17 -1 21 -5 -22 -9 -23 28 27 -7 -6 -30
right_child=-2 2 -4 20 5 12 8 23 -10 10 -12 -13 -14 14 -16 18 17 -19 -20 -21 22 24 -24 -25 -26 -27 -28 -29 29 -31
leaf_value=-5.4114992007173903 12.37669558190437 -3.9212510563798788 5.667866904412449 4.405713697778447 3.3979502564176531 -1.3257334290842437 -0.46036982296848239 -0.19248378524871443 8.9333032991862407 0.40896289078884823 -0.95793008072432717 18.911549399264867 2.1821538133392324 -0.15054194416206884 3.8862242224253123 -0.28918220162258879 -1.2582886530827182 0.90725536774202742 1.1701767055855725 -0.72422081845631969 -0.66613219826876957 -0.33360602495561126 -5.8660712078127295 -2.7675274526202429 -2.3175919921574861 0.072699168086910501 -3.9437128333170222 1.1903717946346661 1.5991735370848348 0.11585353287919134
leaf_weight=201 180 190 129 47 249 542 156 147 490 214 1561 99 142 117 128 3182 335 162 294 106 99 478 165 439 108 855 199 167 846 601
leaf_count=201 180 190 129 47 249 542 156 147 490 214 1561 99 142 117 128 3182 335 162 294 106 99 478 165 439 108 855 199 167 846 601
internal_value=-0.000863093 -0.00133344 -0.00077829 -0.00106551 -0.000292371 0.00278504 0.00480087 -0.00406406 0.0185471 0.00279033 -0.00197333 0.0144904 -0.00694577 -0.00229077 0.0136179 -0.00323007 -0.0117006 -0.00311245 -0.00155306 -0.0232143 -0.0106347 -0.00607256 -0.0215094 -0.0173765 -0.00902896 0.00628918 -0.010121 -0.0065493 0.00913377 0.00714779
internal_weight=12628 12448 12141 12012 11115 6121 5071 4994 646 4425 1874 313 1050 4408 245 4163 687 497 3476 307 897 633 264 586 586 2551 908 709 1696 1447
internal_count=12628 12448 12141 12012 11115 6121 5071 4994 646 4425 1874 313 1050 4408 245 4163 687 497 3476 307 897 633 264 586 586 2551 908 709 1696 1447
is_linear=0
shrinkage=0.05


Tree=90
num_leaves=31
num_cat=0
split_feature=8 15 15 12 11 1 4 1 1 1 10 11 12 11 1 10 10 10 10 10 6 11 6 12 10 1 8 12 12 11
split_gain=66.955 53.123 44.2175 41.0801 57.4362 37.0184 36.3623 36.2674 33.7106 37.6124 33.0292 31.973 29.9803 71.0502 30.9282 38.7849 86.3314 65.3173 31.4987 27.6751 27.3983 26.9139 25.8951 28.5559 25.8782 25.7973 24.7787 31.8414 24.9908 24.1057
threshold=4.5000000000000009 8744.5000000000018 4344.5000000000009 0.83966414931270739 -0.65883892954715351 23.223243025751074 0.96940047707638755 28.283646280400575 11.720489091559372 23.613863555078684 0.69056404122701587 0.9863035000474919 0.75011860976965206 0.45847758937963173 14.138192954220314 -0.2270106897347694 0.022575936829235418 0.14250626876356556 -0.46801505794253101 -0.55657520495441892 213.27896995708156 0.90438663683299525 727.78969957081551 -0.88622299073327826 -0.15101209918632377 15.836427038626612 2.5000000000000004 0.52217737485370563 0.60726729507090926 0.11478523713130605
decision_type=2 10 10 2 2 2 2 2 2 2 2 2 2 2 2 2 2 2 2 2 2 2 2 2 2 2 2 2 2 2
left_child=1 3 -2 7 6 -6 -5 12 10 22 11 20 14 -14 15 18 24 -18 19 -1 -4 -16 23 25 -17 -10 28 -28 29 -19
right_child=2 -3 8 4 5 -7 -8 -9 9 -11 -12 -13 13 -15 21 16 17 26 -20 -21 -22 -23 -24 -25 -26 -27 27 -29 -30 -31
leaf_value=2.4764016039462833 -4.8195735827258659 10.969190937973327 6.0757297913686674 -2.9544943323744066 -0.11246073665038239 5.7024352089952579 -0.51839981182893102 5.78071604536267 2.440831157355706 0.5354313181444923 -1.377061340438877 -2.5983700523645896 3.0958229106695856 -4.2707109217265957 0.012327720576627144 0.56183412261943888 15.809683351863214 4.2309264573960039 6.7266123096483401 -1.3296001104255539 -3.1480374643224196 -3.1080470791346215 -6.5409991126236493 -1.4933720730228743 -8.4672343232191452 -1.9277088948572783 0.8804443858151445 -2.0394131991281483 6.2870916882240415 -1.1798878825027259
leaf_weight=130 264 173 255 282 1137 45 293 64 144 406 211 95 339 112 4394 103 179 138 268 103 48 166 187 1859 294 173 211 182 198 205
leaf_count=130 264 173 255 282 1137 45 293 64 144 406 211 95 339 112 4394 103 179 138 268 103 48 166 187 1859 294 173 211 182 198 205
internal_value=-0.00064776 0.00166352 -0.00636838 0.00112506 -0.00571672 0.000591716 -0.0186632 0.00282207 -0.00482391 -0.00716606 0.00581967 0.0142857 0.00247757 0.0149336 0.00162051 0.00678429 0.00277962 0.00991921 0.0188247 0.00534188 0.0222039 -0.00065775 -0.00958122 -0.00803859 -0.0172111 0.00581761 0.00459893 -0.00494924 0.0115314 0.00334302
internal_weight=12658 9016 3642 8843 1757 1182 575 7086 3378 2769 609 398 7022 451 6571 2011 1510 1113 501 233 303 4560 2363 2176 397 317 934 393 541 343
internal_count=12658 9016 3642 8843 1757 1182 575 7086 3378 2769 609 398 7022 451 6571 2011 1510 1113 501 233 303 4560 2363 2176 397 317 934 393 541 343
is_linear=0
shrinkage=0.05


Tree=91
num_leaves=31
num_cat=0
split_feature=14 14 8 15 15 1 3 10 12 14 15 8 1 1 0 12 1 11 11 11 11 1 12 11 12 1 15 12 11 10
split_gain=67.3922 57.9118 46.58 43.7258 27.6991 28.8981 26.2304 31.1159 23.8485 23.1705 33.705 36.0704 22.5147 22.4398 38.8329 18.7053 27.1663 20.559 21.3061 21.8806 29.2907 18.4146 18.3265 17.3166 16.9385 16.7668 16.1514 15.534 14.9132 19.7749
threshold=8833.5000000000018 4570.5000000000009 1.5000000000000002 4377.5000000000009 7315.5000000000009 28.627660050071533 4.9828326180257516 0.81428061195174062 0.91593490216309192 5118.5000000000009 5069.5000000000009 5.5000000000000009 28.283646280400575 15.759383941344781 16.839484978540774 0.84313847884979054 24.989891809728181 -0.54940789553007929 0.9989598388634241 0.92519182738459482 0.88917497572200743 22.324852467811162 0.91161058030431363 -0.76696334127844745 -0.89405649444168434 24.28397711015737 4832.5000000000009 0.99274428880883148 0.96407344085605606 -0.0053757284505435614
decision_type=10 10 2 10 10 2 2 2 2 10 8 2 2 2 2 2 2 2 2 2 2 2 2 2 2 2 10 2 2 2
left_child=1 3 4 -1 5 15 7 27 21 10 11 13 -11 -4 24 16 17 -3 19 20 -19 -5 -17 -24 -15 -13 -16 28 -6 -30
right_child=-2 2 9 8 6 -7 -8 -9 -10 12 -12 25 -14 14 26 22 -18 18 -20 -21 -22 -23 23 -25 -26 -27 -28 -29 29 -31
leaf_value=-6.1714004902858512 13.855971402819296 -0.8203400326747442 0.89191750905843037 -0.71350107817897879 7.2400498897191028 8.1869487569958448 9.8921181922835792 -3.8717021000853493 -3.7084011418872933 -0.085030169291258062 -2.9099355371925868 -2.714009716746705 2.283105862005482 0.051135975088209308 1.2134034056802194 -2.7454461558168988 7.3767239878542572 0.86017869570887351 -4.8256118316382075 4.5634966158035697 -5.7094193375492983 4.3955117755765967 -1.7986291229295148 0.27162801637805389 -1.9200525808082602 1.359352892061702 -0.22140663562674945 -1.1246987374292303 -5.3923265143979506 7.7488029442926294
leaf_weight=201 143 314 197 465 213 45 147 93 80 7074 281 376 66 73 252 80 109 1177 46 224 47 40 73 288 151 42 174 50 52 40
leaf_count=201 143 314 197 465 213 45 147 93 80 7074 281 376 66 73 252 80 109 1177 46 224 47 40 73 288 151 42 174 50 52 40
internal_value=-0.000329 -0.000721674 0.000162602 -0.0138501 0.00553518 0.0031406 0.0151846 0.0091314 -0.00691126 -0.00169218 -0.00723982 -0.00375197 -0.000490127 0.0021816 -0.00230415 0.00237389 0.00450991 0.00304035 0.00548495 0.00655625 0.00391837 -0.00286561 -0.00690045 -0.00207182 -0.0191111 -0.0157518 0.00655738 0.0158708 0.020098 0.00322581
internal_weight=12613 12470 11684 786 2998 2403 595 448 585 8686 1546 1265 7140 847 650 2358 1917 1808 1494 1448 1224 505 441 361 224 418 426 355 305 92
internal_count=12613 12470 11684 786 2998 2403 595 448 585 8686 1546 1265 7140 847 650 2358 1917 1808 1494 1448 1224 505 441 361 224 418 426 355 305 92
is_linear=0
shrinkage=0.05


Tree=92
num_leaves=31
num_cat=0
split_feature=14 14 8 8 12 11 15 7 7 7 8 10 12 11 10 11 10 15 15 7 3 11 7 6 15 8 10 12 2 7
split_gain=68.7116 59.0032 55.8766 36.0946 39.5197 25.8125 25.3283 22.7134 23.1049 28.3048 34.8003 26.7356 22.4549 23.2461 33.5545 21.7649 32.399 20.3869 19.8537 36.8816 29.8923 26.872 26.4886 25.4631 48.4636 27.7081 24.4643 18.8043 20.3584 18.1007
threshold=8973.0000000000018 4880.5000000000009 5.5000000000000009 3.5000000000000004 0.99758684199993486 0.6174544326165855 8744.5000000000018 1.5000000000000002 8.5000000000000018 5.5000000000000009 4.5000000000000009 0.99700008544936913 0.99049901459377832 -0.19337245081799007 -0.8781231054254196 0.99138911339924218 -0.0053757284505435614 5296.5000000000009 5286.5000000000009 6.5000000000000009 3.398068669527897 0.57605713708605399 20.500000000000004 221.68025751072963 6748.5000000000009 1.0000000180025095e-35 -0.91597725483594616 -0.814291907305839 1.6450643776824025 21.500000000000004
decision_type=10 10 2 2 2 2 10 2 2 2 2 2 2 2 2 2 2 8 8 2 2 2 2 2 8 2 2 2 2 2
left_child=1 2 5 4 6 12 18 -5 9 17 -11 -10 13 14 -1 -7 -17 -9 21 -20 22 -3 23 25 26 -21 -25 -24 -29 -22
right_child=-2 3 -4 7 -6 15 -8 8 11 10 -12 -13 -14 -15 -16 16 -18 -19 19 20 29 -23 27 24 -26 -27 -28 28 -30 -31
leaf_value=1.6455806815429697 18.279610994156975 1.4935093880470505 -4.0972349583282499 1.1142636762493112 -4.4730143356816825 1.0361572234956611 7.8168736001302026 0.37014059945051941 -0.038600487390067433 -0.044094011404831691 -3.4407289104184202 -8.7055244018296438 -4.7160780014284231 -1.2138385186520282 -0.50810184415113324 -11.758853591014441 3.0196000002727943 -2.875718273531493 -0.93472317994137488 6.1188640190006485 3.7223681719149684 -0.062336391618964627 1.5428737493793052 -0.59592968830156678 -1.6357496116319454 0.7844082855316401 1.1107726530386117 -1.7129284633919271 1.398162205025983 -0.084731134373964789
leaf_weight=121 97 381 354 338 78 214 109 370 3176 209 403 108 66 527 686 52 44 74 513 222 726 204 111 293 697 864 924 379 71 178
leaf_count=121 97 381 354 338 78 214 109 370 3176 209 403 108 66 527 686 52 44 74 513 222 726 204 111 293 697 864 924 379 71 178
internal_value=-0.000377284 -0.000704394 -0.00842615 0.000824624 0.00347766 -0.00467563 0.00396616 -0.00243642 -0.00340935 -0.00983917 -0.0168026 -0.00133942 -0.00756602 -0.00614232 -0.000804455 0.00836013 -0.0113402 -0.000224719 0.00349569 0.00247038 0.00392969 0.0122014 0.00186693 0.00373209 0.000261097 0.00984361 0.00628079 -0.00809609 -0.0126386 0.0120442
internal_weight=12589 12492 2064 10428 5750 1710 5672 4678 4340 1056 612 3284 1400 1334 807 310 96 444 5563 4978 4465 585 3561 3000 1914 1086 1217 561 450 904
internal_count=12589 12492 2064 10428 5750 1710 5672 4678 4340 1056 612 3284 1400 1334 807 310 96 444 5563 4978 4465 585 3561 3000 1914 1086 1217 561 450 904
is_linear=0
shrinkage=0.05


Tree=93
num_leaves=31
num_cat=0
split_feature=15 15 1 7 3 6 0 1 10 10 10 6 1 10 10 0 11 10 10 10 0 6 13 8 1 11 1 11 2 8
split_gain=56.5199 42.0461 40.2717 33.0606 26.2337 25.6044 30.0348 34.5381 33.6713 40.0801 44.9402 36.2993 31.809 28.7439 27.6414 26.6021 25.4029 38.4229 35.0216 23.7287 37.4754 41.7786 29.539 23.2823 22.1517 21.6533 32.0045 26.026 20.9675 22.3607
threshold=8400.5000000000018 4377.5000000000009 28.627660050071533 7.5000000000000009 3.9081545064377683 803.71888412017177 23.704506437768242 15.759383941344781 -0.24372957273992746 1.0000000180025095e-35 0.17646842360078763 160.2639484978541 20.13834495708155 -0.15101209918632377 -0.47558551945199218 18.652575107296141 -0.065537083312030994 0.96687895796550427 0.8697513045430848 -0.861146256326485 17.113519313304725 508.10729613733912 -0.82413948779581736 2.5000000000000004 11.044103183118741 0.21652257995689161 22.224959763948501 0.011826144619637555 9.6536480686695292 4.5000000000000009
decision_type=10 10 2 2 2 2 2 2 2 2 2 2 2 2 2 2 2 2 2 2 2 2 2 2 2 2 2 2 2 2
left_child=1 3 5 -1 -2 6 7 8 11 13 -11 -3 -8 24 -14 16 17 18 -12 20 23 22 25 -9 -10 27 -27 -22 29 -7
right_child=4 2 -4 -5 -6 28 12 19 9 10 15 -13 14 -15 -16 -17 -18 -19 -20 -21 21 -23 -24 -25 -26 26 -28 -29 -30 -31
leaf_value=-3.7937399202055988 1.4863702488319632 2.1018030308552853 3.9977817073767259 1.5274125777990322 11.452342936482365 -0.69324221931024121 -2.1074334606608773 -0.19934274587749315 6.0733360384352189 4.5935329735371395 1.5850288062574465 -0.88372637941170074 0.43834434400971534 -5.1016549872521413 3.0830553685167161 -4.4442398093049631 -0.18910136340239206 3.8030247244547581 -3.8509026225170149 -0.8778703576150747 -0.61716323054092759 -2.7571171161566781 1.319293871001628 -2.6692965454921023 -0.76829862012441485 -3.9845307411415889 0.64776645089364138 1.1197077219824678 0.36013557871924606 -7.167886329366957
leaf_weight=355 182 788 103 115 202 354 81 135 51 392 134 297 664 333 359 103 2672 206 120 2765 389 124 607 146 146 84 47 328 151 136
leaf_count=355 182 788 103 115 202 354 81 135 51 392 134 297 664 333 359 103 2672 206 120 2765 389 124 607 146 146 84 47 328 151 136
internal_value=-0.000680191 -0.00127605 -0.000687095 -0.0159236 0.0181818 -0.000964436 -0.000396464 -0.00127179 0.00150677 -0.000541126 0.00133682 0.00934622 0.00742081 -0.013371 0.00981445 -0.000602596 0.000223428 0.0110629 -0.00196078 -0.00442067 -5.37346e-05 0.00294304 0.0053228 -0.016844 0.00176768 -0.000706714 -0.0193182 0.00271588 -0.0106698 -0.0156823
internal_weight=12569 12185 11715 470 384 11612 10971 9867 5242 4157 3627 1085 1104 530 1023 3235 3132 460 254 4625 1860 1579 1455 281 197 848 131 717 641 490
internal_count=12569 12185 11715 470 384 11612 10971 9867 5242 4157 3627 1085 1104 530 1023 3235 3132 460 254 4625 1860 1579 1455 281 197 848 131 717 641 490
is_linear=0
shrinkage=0.05


Tree=94
num_leaves=31
num_cat=0
split_feature=14 14 8 1 12 11 6 0 12 1 0 8 7 7 3 15 7 8 8 11 15 15 14 0 11 8 6 6 7 8
split_gain=61.5681 55.1176 41.1583 33.5246 36.6107 32.8517 27.4434 45.2474 26.8817 24.6744 27.8152 25.4563 24.6189 39.4753 48.6884 39.7348 27.7955 49.0066 44.3102 26.1608 25.4391 24.0751 31.397 23.4069 24.5592 22.0564 22.7014 20.4087 44.5614 27.0893
threshold=4777.5000000000009 8973.0000000000018 5.5000000000000009 9.9252190629470682 -0.12546116083924153 -0.99864786094873803 685.80042918454944 26.604077253218886 0.067682722635586057 23.372223712446356 17.610300429184552 4.5000000000000009 21.500000000000004 10.500000000000002 4.7236051502145937 5966.5000000000009 5.5000000000000009 4.5000000000000009 1.0000000180025095e-35 -0.72102888505294738 5286.5000000000009 5412.5000000000009 5539.5000000000009 23.956008583690991 0.5475998096715059 2.5000000000000004 205.66309012875539 196.17381974248931 15.500000000000002 1.0000000180025095e-35
decision_type=10 10 2 2 2 2 2 2 2 2 2 2 2 2 2 10 2 2 2 2 8 8 10 2 2 2 2 2 2 2
left_child=2 3 23 4 -2 -5 7 12 -6 10 -8 -12 13 16 15 25 18 20 -7 -17 -18 -20 -23 24 -1 -15 -27 28 -21 -30
right_child=1 -3 -4 5 8 6 9 -9 -10 -11 11 -13 -14 14 -16 19 17 -19 21 27 -22 22 -24 -25 -26 26 -28 -29 29 -31
leaf_value=-1.16893107475762 8.1460406179519858 16.751488451860133 -4.6431509237958384 4.1414936440020487 -4.9518985573789225 -4.1350704539922845 6.1592122014607869 2.5350594932690003 2.2873648596203568 0.2772624527701737 -0.97719029676795799 -5.6656322349275348 -0.86462780157098684 12.818099382840684 6.5440172174380677 -1.136762756783037 5.6194847033076716 -2.8448688753041553 0.47088999498141676 11.958409575239921 -0.29255378021023265 -2.7462225013831816 0.8127278001529249 3.5006227297102215 0.42836746531256725 2.3975081047339244 0.71190567154937989 -0.62945113176579071 4.4669603775310405 -0.12976401099476789
leaf_weight=979 107 86 279 112 48 94 42 271 245 351 483 190 987 67 331 261 79 651 1351 141 1472 185 195 71 270 207 404 1286 223 1151
leaf_count=979 107 86 279 112 48 94 42 271 245 351 483 190 987 67 331 261 79 651 1351 141 1472 185 195 71 270 207 404 1286 223 1151
internal_value=-0.000740887 0.000589783 -0.00990625 0.000274348 0.0144638 -0.000265781 -0.000556462 0.000309928 0.00527211 -0.0081537 -0.0134777 -0.0159496 -0.000291657 0.00061736 0.0040889 0.00245924 -0.00289225 -0.00667272 0.00167032 3.26477e-05 -0.00183634 0.00349307 -0.00761155 -0.00620742 -0.0078 0.0134021 0.0103758 0.0014454 0.00537599 0.00261818
internal_weight=12619 11020 1599 10934 400 10534 10422 9356 293 1066 715 673 9085 8098 4071 3740 4027 2202 1825 3062 1551 1731 380 1320 1249 678 611 2801 1515 1374
internal_count=12619 11020 1599 10934 400 10534 10422 9356 293 1066 715 673 9085 8098 4071 3740 4027 2202 1825 3062 1551 1731 380 1320 1249 678 611 2801 1515 1374
is_linear=0
shrinkage=0.05


Tree=95
num_leaves=31
num_cat=0
split_feature=14 14 15 1 1 15 10 12 0 6 1 2 6 1 12 10 10 1 1 1 10 10 0 12 1 12 10 10 10 1
split_gain=61.2044 53.9202 33.5962 27.7187 27.2901 28.5739 22.7595 29.8099 34.0065 25.9538 30.5314 24.6479 33.6575 21.0857 21.0802 44.9571 35.7439 29.0505 23.589 22.4079 20.6121 20.1971 22.1196 22.3707 22.9826 20.6084 21.074 32.9803 30.1495 25.2255
threshold=4615.5000000000009 8973.0000000000018 4377.5000000000009 28.627660050071533 12.814882868383407 8508.5000000000018 -0.65882179392489248 -0.96688789938088693 17.403648068669529 449.24034334763957 20.452427575107301 4.7504291845493567 803.71888412017177 17.199633404864095 -0.32614396506100213 -0.022576249993022688 0.63920241694561786 9.6616371602289011 10.282211194563663 12.128822424892705 0.96687895796550427 -0.59869031648930193 9.618240343347642 -0.77245553105869302 20.953018576188985 0.94496830006774635 0.96904697354198299 0.35846314187849709 0.99552231814189451 15.90297299713877
decision_type=10 10 10 2 2 10 2 2 2 2 2 2 2 2 2 2 2 2 2 2 2 2 2 2 2 2 2 2 2 2
left_child=2 3 -1 4 5 14 7 13 -9 -10 -11 21 -13 -6 18 17 -17 -16 -2 -19 -20 -8 -23 24 -24 26 27 -25 29 -28
right_child=1 -3 -4 -5 6 -7 11 8 9 10 -12 12 -14 -15 15 16 -18 19 20 -21 -22 22 23 25 -26 -27 28 -29 -30 -31
leaf_value=-4.514451038870539 6.6157744722688676 16.068399238329313 -0.75867670452867064 3.6326005703888544 2.0501805731319109 8.9381598336911789 -1.2265056976888902 -1.5837365578056053 0.55094279593927242 -2.2931646603857416 0.04940452012756396 2.0995890718244028 -0.5700540984119471 -3.4713659472952259 2.767033895064924 1.4092687466478766 -0.49948699758681414 -14.45789114877398 0.68725527041353873 0.91596367235342768 10.073646120699323 2.792191920508003 -0.019953523128287999 -0.9024087778611829 2.3291935437537634 0.65651883086809448 1.8657744388761786 -3.4664885472100195 -3.5138249751638568 -0.82163869284108848
leaf_weight=244 62 87 693 98 321 152 172 435 1888 212 507 366 302 65 64 1057 910 142 532 42 51 51 847 1311 75 358 295 785 360 185
leaf_count=244 62 87 693 98 321 152 172 435 1888 212 507 366 302 65 64 1057 910 142 532 42 51 51 847 1311 75 358 295 785 360 185
internal_value=-0.000769534 0.000213074 -0.0130597 -8.15731e-05 -0.000307413 0.0037836 -0.00175141 0.00139983 -0.000262898 0.00189801 -0.00618056 -0.00386648 0.00508221 0.0144703 0.00265641 0.000338448 0.00287093 -0.0196787 0.0106037 -0.0297297 0.00744863 -0.00521396 -0.00453374 -0.00493242 0.00195016 -0.00685888 -0.0082397 -0.0109204 -0.00154578 0.00665281
internal_weight=12669 11732 937 11645 11547 3012 8535 3428 3042 2607 719 5107 668 386 2860 2215 1967 248 645 184 583 4439 4267 4216 922 3294 2936 2096 840 480
internal_count=12669 11732 937 11645 11547 3012 8535 3428 3042 2607 719 5107 668 386 2860 2215 1967 248 645 184 583 4439 4267 4216 922 3294 2936 2096 840 480
is_linear=0
shrinkage=0.05


Tree=96
num_leaves=31
num_cat=0
split_feature=14 14 15 11 1 11 10 14 0 10 10 10 1 11 10 10 11 3 10 6 0 10 6 10 1 1 11 6 10 10
split_gain=63.6943 51.2196 35.0754 29.7442 24.7142 59.2643 29.3312 36.2361 26.5479 23.3625 57.7081 38.4949 35.8264 24.9178 22.1353 27.305 29.1569 31.2172 21.1962 20.0612 21.631 19.516 19.4368 19.1409 17.8759 21.2813 23.7615 18.5233 17.4421 35.0083
threshold=8732.0000000000018 4570.5000000000009 4488.5000000000009 -0.99864786094873803 14.179309728183119 0.93158198870884079 -0.30983472475487867 7691.5000000000009 17.738841201716742 0.022575936829235418 0.21022171450811275 -0.15101209918632377 10.179403612303291 0.11478523713130605 0.91596454896554913 0.96687895796550427 0.1318557721318592 3.4293991416309022 0.96234642434711437 892.60729613733918 29.330686695278974 -0.099819732675876835 15.203862660944205 0.98372640911059162 14.269948140200288 14.954336552217454 0.70747208174348741 61.457081545064376 0.89017062131308955 0.8697513045430848
decision_type=10 10 10 2 2 2 2 10 2 2 2 2 2 2 2 2 2 2 2 2 2 2 2 2 2 2 2 2 2 2
left_child=1 2 -1 -3 6 14 7 -5 9 11 -11 12 -8 18 19 -16 17 -17 -12 20 24 -13 -18 28 -6 26 -26 -28 29 -15
right_child=-2 3 -4 4 5 -7 8 -9 -10 10 13 21 -14 23 15 16 22 -19 -20 -21 -22 -23 -24 -25 25 -27 27 -29 -30 -31
leaf_value=-4.4632154352556199 9.3290367303703086 3.5013206401835988 -0.55779451891739884 1.0960079175245256 -3.1811139723669841 -4.1303290765089518 6.3712512497546872 10.169696463103016 -4.5867466392163809 7.028631758537518 -4.0208734943043511 -13.687459744317767 -0.11246472968862237 -0.04047006718037665 -3.3612150010433655 -2.525500444848308 -0.16029406083889627 1.8610908004091471 3.4328143131579512 -1.5098563516876995 2.2130539519273045 -2.2208256901888035 7.5573024470201746 -3.1334495620618785 3.4165277198447259 -0.09615971427660952 1.2778041553812729 -2.1313251245891252 1.6888719887851267 -7.7200893625580198
leaf_weight=286 184 106 503 382 45 105 59 82 85 338 55 103 274 1592 248 436 52 127 209 280 251 249 56 79 105 5529 155 70 540 63
leaf_count=286 184 106 503 382 45 105 59 82 85 338 55 103 274 1592 248 436 52 127 209 280 251 249 56 79 105 5529 155 70 540 63
internal_value=-0.000474346 -0.000906538 -0.0132278 -7.27989e-05 -0.000315471 -0.00203083 0.00279737 0.0146237 0.00128873 0.00195115 0.0039277 -0.00634111 0.00583832 0.00133911 -0.00149558 -0.00875 -0.00349702 -0.00806738 0.0158491 -0.000458359 0.000138077 -0.017847 0.0201835 -0.000351648 -0.000474174 -0.000230375 0.0120846 0.00287611 0.000523679 -0.00202295
internal_weight=12648 12464 789 11675 11569 7459 4110 464 3646 3561 2876 685 333 2538 7354 919 671 563 264 6435 6155 352 108 2274 5904 5859 330 225 2195 1655
internal_count=12648 12464 789 11675 11569 7459 4110 464 3646 3561 2876 685 333 2538 7354 919 671 563 264 6435 6155 352 108 2274 5904 5859 330 225 2195 1655
is_linear=0
shrinkage=0.05


Tree=97
num_leaves=31
num_cat=0
split_feature=14 14 8 10 1 8 14 7 12 1 7 11 7 6 7 1 11 7 2 6 1 7 3 7 6 12 1 14 12 11
split_gain=56.522 42.0992 61.8283 34.5069 49.3722 31.0804 44.2126 29.8077 27.3907 26.8224 25.3463 23.722 23.5102 37.0619 22.8522 21.2106 20.4811 20.0187 18.079 20.0019 17.8566 17.1487 21.6428 21.7648 23.1517 22.2584 24.6104 23.6219 20.4853 17.785
threshold=8973.0000000000018 5084.5000000000009 5.5000000000000009 0.9053161325100999 16.227378397711018 1.0000000180025095e-35 6551.5000000000009 5.5000000000000009 0.86113431103781346 23.613863555078684 19.500000000000004 -0.70900320270980455 19.500000000000004 132.74463519313306 22.500000000000004 24.839663805436338 -0.25206183926700709 1.0000000180025095e-35 12.556652360515022 892.60729613733918 11.54145654506438 9.5000000000000018 4.2521459227467826 13.500000000000002 132.74463519313306 -0.78326178756187226 22.224959763948501 7344.5000000000009 -0.32614396506100213 0.41202506375868281
decision_type=10 10 2 2 2 2 10 2 2 2 2 2 2 2 2 2 2 2 2 2 2 2 2 2 2 2 2 10 2 2
left_child=1 2 3 8 16 6 7 -3 15 10 -4 -10 13 -9 17 -1 -5 -7 19 21 -16 -19 23 24 -23 27 -27 -25 -24 -26
right_child=-2 5 9 4 -6 14 -8 12 11 -11 -12 -13 -14 -15 20 -17 -18 18 -20 -21 -22 22 28 25 29 26 -28 -29 -30 -31
leaf_value=0.10319143236515629 14.529052163407142 -4.4314586094061728 -3.8241453945226116 -4.8148808922110451 -4.9095084391876753 1.5818218249595248 14.373098553479601 8.7593526339410346 -2.8601532773532656 1.1830997532276797 1.6185492965201549 -0.11546901839565181 -1.0058491931486515 1.2127235160064176 2.1010808633539684 3.2281283295556022 0.60818203640519641 -0.35954570752023757 4.4254417496447784 -1.5951275744084796 -1.7115682770316198 9.0782978744203326 7.5796232383625695 0.18462398762039811 1.1139369063564117 -0.85263324427864973 0.59287852315692369 3.8568600808763223 1.3058833850513112 -0.92027991710549495
leaf_weight=1607 90 60 451 52 149 281 174 125 130 44 44 228 176 342 58 86 195 2283 50 210 347 69 146 515 839 2004 607 136 494 500
leaf_count=1607 90 60 451 52 149 281 174 125 130 44 44 228 176 342 58 86 195 2283 50 210 347 69 146 515 839 2004 607 136 494 500
internal_value=-0.000800448 -0.00108845 -0.00626046 -0.0028799 -0.0163728 0.000552193 0.00951025 0.00390625 -0.000268031 -0.0215741 -0.0248992 -0.0128134 0.00706522 0.0129274 -0.000368852 0.00239079 -0.00262097 0.000208974 -0.000261013 -0.000454895 -0.0119458 -3.29207e-05 0.00152514 0.000342539 0.00553584 -0.00190009 -0.00396248 0.00636503 0.0101404 0.00406716
internal_weight=12492 12402 2986 2447 396 9416 877 703 2051 539 495 358 643 467 8539 1693 247 8134 7853 7803 405 7593 5310 4670 1408 3262 2611 651 640 1339
internal_count=12492 12402 2986 2447 396 9416 877 703 2051 539 495 358 643 467 8539 1693 247 8134 7853 7803 405 7593 5310 4670 1408 3262 2611 651 640 1339
is_linear=0
shrinkage=0.05


Tree=98
num_leaves=31
num_cat=0
split_feature=8 7 7 8 8 7 7 1 1 8 12 13 6 7 10 1 7 11 10 8 12 10 1 2 1 11 6 13 10 10
split_gain=44.462 42.8449 39.5489 59.8972 60.5449 40.0212 33.497 36.1407 62.4775 31.2064 25.6051 25.1029 24.0217 23.8651 46.39 36.6344 41.5755 28.6415 27.2933 27.0579 21.7561 19.582 19.2686 18.8418 17.9827 17.416 17.2498 19.2146 16.3239 44.8229
threshold=4.5000000000000009 1.5000000000000002 4.5000000000000009 1.0000000180025095e-35 1.5000000000000002 21.500000000000004 17.500000000000004 21.076555793991417 14.997773605150213 5.5000000000000009 0.99865421017599998 -0.96235810494626717 265.33905579399146 8.5000000000000018 -0.90893996196865023 12.768316344778254 19.500000000000004 0.080547328232315238 -0.82415615971448097 1.0000000180025095e-35 0.14889030080148793 -0.42957681104363482 21.734911480686698 11.047639484978541 20.55549445636624 -0.65883892954715351 57.266094420600858 -0.90163213577682544 -0.24372957273992746 -0.099819732675876835
decision_type=2 2 2 2 2 2 2 2 2 2 2 2 2 2 2 2 2 2 2 2 2 2 2 2 2 2 2 2 2 2
left_child=2 -2 3 -1 11 10 7 8 -3 -8 12 -5 13 14 -4 19 26 25 -19 -15 22 -22 -9 -14 -13 -16 -17 -28 -21 -30
right_child=1 6 5 4 -6 -7 9 20 -10 -11 -12 24 23 15 17 16 -18 18 -20 28 21 -23 -24 -25 -26 -27 27 -29 29 -31
leaf_value=-3.1059964371211208 1.4909373150386729 -0.77460092250898926 1.6635253362096138 -1.0810894252928394 -0.34041785627534865 -0.8015039033616177 -1.3053683507001552 8.2941321218014306 -4.4447447883334918 1.5474717661068098 -7.1465823458081559 2.6077796903249695 -0.0025308319783107439 22.087649522650239 -0.20235782904392183 3.6284880219074696 -0.62843959068609367 -14.92577728605893 -0.6027956808969066 7.6115265321878729 0.018018137731769458 -3.6821914985304147 0.52530156134346273 5.2508328957833328 0.58769589444125359 2.2817593545098136 3.5677785074711665 0.86211173235922167 -10.750359619947222 4.2894738494676856
leaf_weight=383 290 925 230 43 1136 739 447 49 797 437 78 244 2479 166 233 344 573 43 653 89 374 120 132 116 100 244 113 526 60 439
leaf_count=383 290 925 230 43 1136 739 447 49 797 437 78 244 2479 166 233 344 573 43 653 89 374 120 132 116 100 244 113 526 60 439
internal_value=-0.000610966 -0.00533315 0.00125664 -0.00513896 -0.000688976 0.002968 -0.00696222 -0.0100292 -0.0138712 0.00135593 0.00424299 0.016366 0.00459661 0.00717555 0.00202991 0.0102986 0.0059088 -0.0020017 -0.00846485 0.0193377 -0.000221893 -0.00565657 0.0145604 0.000905239 0.0208696 0.00742678 0.0121443 0.00726563 0.0142615 0.0107
internal_weight=12602 3571 9031 1906 1523 7125 3281 2397 1722 884 6386 387 6308 3713 1403 2310 1556 1173 696 754 675 494 181 2595 344 477 983 639 588 499
internal_count=12602 3571 9031 1906 1523 7125 3281 2397 1722 884 6386 387 6308 3713 1403 2310 1556 1173 696 754 675 494 181 2595 344 477 983 639 588 499
is_linear=0
shrinkage=0.05


Tree=99
num_leaves=31
num_cat=0
split_feature=14 14 8 8 14 7 10 12 11 12 10 10 11 10 11 7 6 12 10 11 11 10 6 7 3 7 3 7 6 10
split_gain=52.6516 47.5643 46.9632 40.8364 45.3517 31.3115 25.9134 30.8968 20.2697 17.2487 18.2124 28.4315 21.9107 18.558 19.1448 17.1575 25.9098 24.2276 22.3453 18.7531 17.1166 31.3448 19.4835 18.7139 22.4293 17.6323 24.9502 23.0335 25.6108 22.1557
threshold=8973.0000000000018 4880.5000000000009 5.5000000000000009 1.0000000180025095e-35 6551.5000000000009 5.5000000000000009 0.90892735371523092 0.84660111278280559 -0.65883892954715351 0.67799886003753596 1.0000000180025095e-35 -0.33425342068356556 0.6174544326165855 -0.92274349529687905 -0.19337245081799007 19.500000000000004 118.33905579399143 -0.16693488597178294 -0.54939360607974019 0.83258597624099873 -0.99168640063982161 1.0000000180025095e-35 803.71888412017177 21.500000000000004 5.1489270386266108 9.5000000000000018 4.1847639484978556 13.500000000000002 344.16738197424894 0.61237135649459018
decision_type=10 10 2 2 10 2 2 2 2 2 2 2 2 2 2 2 2 2 2 2 2 2 2 2 2 2 2 2 2 2
left_child=1 2 6 4 5 -3 7 9 -9 10 11 12 13 14 -1 16 -7 -17 -18 -20 21 -5 23 25 -25 -22 27 28 -27 -29
right_child=-2 3 -4 20 -6 15 -8 8 -10 -11 -12 -13 -14 -15 -16 17 18 -19 19 -21 22 -23 -24 24 -26 26 -28 29 -30 -31
leaf_value=1.5418156766558697 14.499663063894197 -2.9903631607655372 -3.4536272461615227 -0.50161022154600232 14.635341109070943 7.581341434351498 -2.1255517936319395 -3.1484730569625756 -0.11858320074561562 1.9923177310193751 1.0392423539692572 -6.9658203550485274 0.83854502997658076 -1.9138300393895407 -0.22060043150886488 1.3551640804934324 -0.80301891700314632 -2.4180524784943147 4.908695301855369 -2.3306920246815026 -0.22418197653896643 5.4204146010036087 -1.0553428879465627 -1.4562755399860636 1.9865268898892283 5.0013603857753886 3.2316363259273206 0.16034782007880041 0.2939739198384359 -1.2157883674289225
leaf_weight=65 86 83 360 118 194 147 257 121 151 101 366 133 160 149 240 94 180 110 215 69 3127 108 515 666 179 357 575 2018 892 837
leaf_count=65 86 83 360 118 194 147 257 121 151 101 366 133 160 149 240 94 180 110 215 69 3127 108 515 666 179 357 575 2018 892 837
internal_value=-0.000832413 -0.00110025 -0.00796103 0.000276586 0.0094236 0.00467186 -0.00455849 -0.00201748 -0.0172161 0.00139918 -0.00040395 -0.00487968 -0.000325203 -0.00593407 0.00114379 0.00765931 0.0118464 -0.00487805 0.00602151 0.0147368 -0.000787821 0.0127753 -0.0011236 -0.000560564 -0.00762411 0.000204944 0.00214744 0.000779537 0.00644 -0.00169818
internal_weight=12673 12587 2103 10484 1092 898 1743 1486 272 1214 1113 747 614 454 305 815 611 204 464 284 9392 226 9166 8651 845 7806 4679 4104 1249 2855
internal_count=12673 12587 2103 10484 1092 898 1743 1486 272 1214 1113 747 614 454 305 815 611 204 464 284 9392 226 9166 8651 845 7806 4679 4104 1249 2855
is_linear=0
shrinkage=0.05


Tree=100
num_leaves=31
num_cat=0
split_feature=14 14 15 11 13 12 1 1 11 7 15 6 7 7 6 12 14 3 12 1 13 15 1 12 13 13 13 13 11 12
split_gain=42.2245 37.0809 33.5333 24.4615 22.4653 21.2251 21.8368 20.7156 33.6123 21.774 27.7596 42.2985 52.1964 27.3087 27.7425 22.7038 26.4522 22.1534 19.8789 21.1268 16.9605 15.8415 23.5856 26.2611 25.7999 31.7951 28.3031 19.7093 18.3301 16.4341
threshold=9184.5000000000018 4630.5000000000009 4231.5000000000009 -0.99864786094873803 -0.99054309756674508 0.99351232050787985 24.28397711015737 14.954336552217454 0.97832380634958016 10.500000000000002 6370.5000000000009 228.96995708154509 21.500000000000004 15.500000000000002 175.73605150214593 -0.59869031648930193 7323.5000000000009 4.4712446351931341 -0.78326178756187226 24.548640915593708 -0.32614339955141752 6857.5000000000009 20.268191165951361 -0.72696319516528884 -0.97507822412530132 -0.96235810494626717 -0.94139465211055529 -0.79384213008979243 0.097680735332368748 -0.51941337148263467
decision_type=10 10 10 2 2 2 2 2 2 2 10 2 2 2 2 2 10 2 2 2 2 10 2 2 2 2 2 2 2 2
left_child=1 2 -1 -3 -5 7 -7 9 21 -6 -11 12 13 -12 15 -15 -17 -18 20 -20 -4 22 24 -24 -9 -26 -27 29 -23 -28
right_child=-2 3 18 4 5 6 -8 8 -10 10 11 -13 -14 14 -16 16 17 -19 19 -21 -22 28 23 -25 25 26 27 -29 -30 -31
leaf_value=-4.9716168172442856 25.471629624173193 3.0047696976159388 -1.3980890667593486 -1.2451336537720181 -0.067289714203980111 -2.90145062877491 0.70736674185254744 2.871395482059552 -5.1189805903515211 4.5189486680193118 13.945523279457758 -1.9707566244146393 -1.6455391429675501 4.9055168731603773 -3.407579685674091 5.1458363887520138 -0.89950839073262623 4.1402512349608971 -1.7204975638621591 1.520725220987788 0.94950949582330402 -1.2125644291155369 2.5444733941048527 0.18854490984774658 -2.7456110010931298 3.0598264580979961 -4.1026442210556073 -0.23516929854990851 0.086296576289623783 -1.903946863973738
leaf_weight=137 42 115 90 549 2073 311 156 74 40 472 149 650 270 153 52 155 311 254 566 63 127 353 162 2552 85 149 79 1885 327 156
leaf_count=137 42 115 90 549 2073 311 156 74 40 472 149 650 270 153 52 155 311 254 566 63 127 353 162 2552 85 149 79 1885 327 156
internal_value=-0.0006251 -0.000794982 -0.0101118 0 -0.00023209 0.000266814 -0.0101496 0.000735435 -0.00122804 0.00327093 0.00644507 0.00385965 0.00892193 0.0138605 0.0106371 0.0127574 0.00901526 0.00397527 -0.00637544 -0.010873 0.00665138 -0.000910184 3.88878e-05 0.00324125 -0.00354055 -0.0044586 -0.00332599 -0.00480905 -0.00807636 -0.0184322
internal_weight=12557 12515 983 11532 11417 10868 467 10401 5862 4539 2466 1994 1344 1074 925 873 720 565 846 629 217 5822 5142 2714 2428 2354 2269 2120 680 235
internal_count=12557 12515 983 11532 11417 10868 467 10401 5862 4539 2466 1994 1344 1074 925 873 720 565 846 629 217 5822 5142 2714 2428 2354 2269 2120 680 235
is_linear=0
shrinkage=0.05


Tree=101
num_leaves=31
num_cat=0
split_feature=14 14 8 14 1 1 3 13 13 13 2 13 13 10 15 0 10 10 15 14 14 7 15 14 7 8 1 13 7 1
split_gain=47.079 35.0679 25.395 40.9405 22.7247 18.8221 17.9299 23.2269 27.3866 22.0023 40.4149 27.0755 24.6276 18.2832 17.1657 25.2977 22.7669 24.7365 20.175 20.0955 19.564 16.5367 25.6429 27.2569 25.1765 47.7191 20.501 16.9213 16.8628 27.6681
threshold=8973.0000000000018 4231.5000000000009 1.5000000000000002 4719.5000000000009 9.6616371602289011 28.627660050071533 1.0000000180025095e-35 0.99683437150207233 0.1147873601445511 -0.12546094329884036 2.7381974248927023 -0.28725831407847041 0.39629089145655322 -0.66528616069191593 6845.5000000000009 16.546566523605151 -0.27694604220087021 -0.099819732675876835 7475.5000000000009 6524.5000000000009 6443.5000000000009 4.5000000000000009 5412.5000000000009 5572.5000000000009 8.5000000000000018 4.5000000000000009 18.98777271101574 -0.90163213577682544 6.5000000000000009 15.412804005722462
decision_type=10 10 2 10 2 2 2 2 2 2 2 2 2 2 8 2 2 2 10 10 10 2 10 10 2 2 2 2 2 2
left_child=1 -1 4 -4 -3 6 9 8 -8 11 13 -6 -12 -11 19 16 18 -18 -16 21 -19 22 27 -24 25 26 -23 -5 29 -27
right_child=-2 2 3 14 5 -7 7 -9 -10 10 12 -13 -14 -15 15 -17 17 20 -20 -21 -22 24 23 -25 -26 28 -28 -29 -30 -31
leaf_value=-3.7331627831681775 11.633244955592 14.451291730374624 -1.6684959698399782 -0.43813446584640592 0.064201896697591118 6.1082245025746493 0.045532353472185608 -3.0310872849306181 2.3922069086456306 -4.4991661642669447 -1.0040394008120985 4.3572407973634428 3.3652676254424025 -1.5309975618963791 -0.15330730018199576 -1.6098323004152917 -5.9151572445853162 13.696848080824658 3.7350476737336979 0.78436803357262763 -0.85950731690136317 -0.61811605297089045 -3.2595367638166408 0.44181867377969869 -0.067179250086041975 0.30882989882836687 0.86806948812413798 0.5473310400843957 -4.2370547776086367 -2.6808324628272659
leaf_weight=170 87 61 499 218 944 52 754 74 771 74 96 80 204 312 140 524 111 85 133 1521 955 367 124 175 2344 112 272 978 226 114
leaf_count=170 87 61 499 218 944 52 754 74 771 74 96 80 204 312 140 524 111 85 133 1521 955 367 124 175 2344 112 272 978 226 114
internal_value=-0.000647957 -0.000904651 -0.000592484 -0.00200022 0.00306748 0.00251338 0.00203927 0.00584375 0.00717562 -0.00151958 -0.0084425 0.00312195 0.00531561 -0.0191214 -0.00117262 -0.00528476 -0.00182456 -0.00490451 0.0111314 6.97458e-05 -0.0024976 -0.00148043 0.00290775 -0.0101667 -0.00339057 -0.00966117 -0.000859375 0.00618212 -0.0220751 -0.0123348
internal_weight=12577 12490 12320 8898 3422 3361 3309 1599 1525 1710 686 1024 300 386 8399 1948 1424 1151 273 6451 1040 4930 1495 299 3435 1091 639 1196 452 226
internal_count=12577 12490 12320 8898 3422 3361 3309 1599 1525 1710 686 1024 300 386 8399 1948 1424 1151 273 6451 1040 4930 1495 299 3435 1091 639 1196 452 226
is_linear=0
shrinkage=0.05


Tree=102
num_leaves=31
num_cat=0
split_feature=14 8 14 12 14 11 10 10 11 1 10 11 1 14 2 13 13 11 10 11 0 11 10 1 0 13 1 8 10 13
split_gain=45.5361 37.5124 45.6711 40.1614 28.9421 32.291 60.2128 26.1857 22.5527 23.4063 26.1225 22.1579 21.3283 18.2676 15.5272 27.5463 19.0635 16.4019 42.2709 17.4028 16.1878 15.2737 19.8582 15.0843 13.7384 13.6197 21.021 17.1084 15.3663 12.3072
threshold=9184.5000000000018 3.5000000000000004 4585.5000000000009 0.99758684199993486 7722.5000000000009 0.99138911339924218 0.022575936829235418 0.99552231814189451 0.93158198870884079 13.408699928469241 -0.24372957273992746 -0.99864786094873803 12.643387875536483 4181.0000000000009 4.8040772532188862 0.90438663683299525 0.87291090774974645 -0.65883892954715351 -0.47558551945199218 0.84658398682345093 20.704506437768242 0.96849880583763492 -0.022576249993022688 15.241496781115879 19.618454935622321 0.70747208174348741 19.257957796852647 1.5000000000000002 -0.26866367175705824 -0.75439686467415534
decision_type=10 2 10 2 10 2 2 2 2 2 2 2 2 10 2 2 2 2 2 2 2 2 2 2 2 2 2 2 2 2
left_child=1 3 24 4 5 8 -7 11 13 10 -10 -4 21 -1 15 16 17 18 20 29 -15 -6 -23 -9 -3 26 -20 -27 -29 -19
right_child=-2 2 7 -5 12 6 -8 23 9 -11 -12 -13 -14 14 -16 -17 -18 19 25 -21 -22 22 -24 -25 -26 27 -28 28 -30 -31
leaf_value=-3.5565129102201811 21.086722338475738 -5.6863246986363265 3.0713637213933001 -4.0953664441403133 7.0215949233407402 -8.8359503874251466 8.3428023896459766 -1.6649535610597923 5.9084639630837508 -1.592223504942831 1.0465659214376501 -0.34657684038952541 0.53852041652389748 -3.6375296896607328 0.84415669719678599 -2.257444324697508 4.7220073058088703 -0.035397586488943492 -0.21887045918128933 -1.4287597018314047 -0.63103883889066315 -5.5727667511768688 10.359366740305996 -8.6304942963554367 -1.1917126195362926 -3.4384409518289205 2.3057915913192573 -0.60911914447924576 6.073033820626506 0.60014059126197028
leaf_weight=91 45 143 40 106 220 214 89 121 104 71 248 4897 243 87 594 180 56 1624 151 319 156 46 62 92 49 104 151 51 51 2172
leaf_count=91 45 143 40 106 220 214 89 121 104 71 248 4897 243 87 594 180 56 1624 151 319 156 46 62 92 49 104 151 51 51 2172
internal_value=-0.000743361 -0.000925557 -0.00409882 0.00143235 0.00189132 0.00094412 -0.0149671 -0.00320326 0.00172275 0.0128538 0.0181303 -0.00246051 0.0126748 0.000907049 0.00126382 0.00037233 0.00107658 0.000739675 -0.00605053 0.00198008 -0.0231557 0.0209726 0.00550459 -0.0203271 -0.0279793 0.0021611 0.00891089 -0.00772947 0.00679612 0.00292336
internal_weight=12577 12532 5342 7190 7084 6513 303 5150 6210 423 352 4937 571 5787 5696 5102 4922 4866 751 4115 243 328 108 213 192 508 302 206 102 3796
internal_count=12577 12532 5342 7190 7084 6513 303 5150 6210 423 352 4937 571 5787 5696 5102 4922 4866 751 4115 243 328 108 213 192 508 302 206 102 3796
is_linear=0
shrinkage=0.05


Tree=103
num_leaves=31
num_cat=0
split_feature=15 15 7 1 6 7 7 0 15 7 6 8 15 8 15 8 7 8 0 8 11 4 6 10 6 11 10 7 15 8
split_gain=58.0956 31.604 29.3337 25.4789 23.2621 18.5525 23.5322 35.6066 27.7081 24.6371 24.666 33.6182 30.0326 22.5928 28.8711 37.4871 48.2579 35.3063 23.3002 20.557 19.3086 19.7468 18.1628 17.3159 19.2193 16.776 47.3992 16.6379 16.4258 23.8317
threshold=8744.5000000000018 4282.5000000000009 6.5000000000000009 28.627660050071533 803.71888412017177 22.500000000000004 9.5000000000000018 12.861158798283263 5914.5000000000009 20.500000000000004 202.912017167382 4.5000000000000009 6712.5000000000009 5.5000000000000009 5296.5000000000009 1.0000000180025095e-35 4.5000000000000009 1.5000000000000002 19.754721030042923 3.5000000000000004 0.53312596302726967 2.2566578588664368 604.24678111587991 -0.92274349529687905 125.2618025751073 0.99138911339924218 0.022575936829235418 1.5000000000000002 6845.5000000000009 4.5000000000000009
decision_type=10 10 2 2 2 2 2 2 10 2 2 2 10 2 10 2 2 2 2 2 2 2 2 2 2 2 2 2 10 2
left_child=1 2 -1 4 5 6 13 19 22 10 20 12 -12 14 15 16 -3 -17 27 25 21 -10 -9 24 -16 -8 -27 -15 29 -6
right_child=-2 3 -4 -5 28 -7 7 8 9 -11 11 -13 -14 18 23 17 -18 -19 -20 -21 -22 -23 -24 -25 -26 26 -28 -29 -30 -31
leaf_value=-3.8058712884635955 7.2682220045559465 -2.4823783928945886 0.49861587724108181 3.0541196266385668 -0.06832657574088899 -1.2683942044731795 6.9309552726413131 1.339105778903604 -0.23404552705524112 -1.1113645467603648 0.68773403481500284 -4.8620147048584386 -1.4041427158133502 0.08026830937496926 1.5487120275938651 1.4281678288095465 2.1707985276477531 0.16902055071927863 0.54985258191213693 0.78641830706301341 2.8493734867854301 3.3197910251471514 -0.40163041897380936 -0.78181534367622596 -1.4296899214416272 -6.6629550771185224 19.58902675750269 -2.2232699944051091 -2.762043991982523 -4.495541955226531
leaf_weight=230 166 299 99 94 392 496 395 851 681 430 951 195 835 119 155 356 100 1552 109 493 560 59 307 1836 78 87 40 380 50 196
leaf_count=230 166 299 99 94 392 496 395 851 681 430 951 195 835 119 155 356 100 1552 109 493 560 59 307 1836 78 87 40 380 50 196
internal_value=-0.000551938 -0.000945598 -0.0162121 -0.000529057 -0.00073315 -0.000211175 0.000220811 0.00236194 0.000585216 -0.00152209 -4.57038e-05 -0.00355701 -0.00139899 -0.00230692 -0.00105095 0.00279463 -0.011125 0.0057098 -0.01133 0.010876 0.00530361 0 0.00733391 -0.00533816 0.00747863 0.017782 0.00195312 -0.0159 -0.0100156 -0.00764007
internal_weight=12591 12425 329 12096 12002 11364 10868 5884 4869 3711 3281 1981 1786 4984 4376 2307 399 1908 608 1015 1300 740 1158 2069 233 522 127 499 638 588
internal_count=12591 12425 329 12096 12002 11364 10868 5884 4869 3711 3281 1981 1786 4984 4376 2307 399 1908 608 1015 1300 740 1158 2069 233 522 127 499 638 588
is_linear=0
shrinkage=0.05


Tree=104
num_leaves=31
num_cat=0
split_feature=15 15 1 10 1 7 7 15 11 0 15 7 10 10 10 11 0 7 6 1 1 11 2 10 13 11 11 11 1 11
split_gain=38.7566 30.8348 28.2985 24.8458 22.6461 22.2127 25.1165 41.8074 29.1036 25.803 23.8052 16.7193 20.9146 22.3694 26.8788 16.5556 15.809 15.01 14.6818 16.0626 49.3272 31.689 32.9646 42.5867 32.1579 30.0275 28.5347 30.0352 19.6682 17.8703
threshold=9193.0000000000018 4231.5000000000009 9.9252190629470682 -0.15101209918632377 29.120010729613742 21.500000000000004 17.500000000000004 5966.5000000000009 0.44312301391210612 23.195278969957084 5914.5000000000009 16.500000000000004 0.30983042691905771 0.24372619187392155 0.022575936829235418 0.44312301391210612 33.110085836909875 19.500000000000004 789.91630901287567 19.046298283261805 16.227378397711018 -0.53495380374625956 0.4746781115879824 0.42179998225932674 -0.77245419167776552 0.16587474750015932 0.011826144619637555 -0.17646730165275518 20.394662017167388 0.64414586362404946
decision_type=10 8 2 2 2 2 2 10 2 2 10 2 2 2 2 2 2 2 2 2 2 2 2 2 2 2 2 2 2 2
left_child=1 -1 3 -3 5 6 16 -8 9 17 15 12 13 14 -5 -7 18 -9 19 20 -4 22 23 -21 25 26 27 -23 -27 -22
right_child=-2 2 4 11 -6 10 7 8 -10 -11 -12 -13 -14 -15 -16 -17 -18 -19 -20 21 29 24 -24 -25 -26 28 -28 -29 -30 -31
leaf_value=-2.828263795431349 19.7895875179589 7.5602349490141938 0.0050874295543508197 -3.8782420629163883 6.2004020909654862 -0.48315662727384279 3.9256208416946947 -0.0036607424448448001 2.4350191502232295 1.4600791583655337 -2.3067475130683763 6.5681585157775322 4.7582996430345705 -2.9881149912572029 18.619371445942171 1.8754943377833115 4.1235032909384701 -1.1540223612432783 -0.83466788331606956 -1.6944729774107146 -2.1552068228668761 0.7734813366980462 0.41905419521028764 1.6894624241066822 1.9302493082027015 -5.5486031498238164 1.6968415552826628 -1.2855671713629819 -0.32214267661665874 0.15241273831845775
leaf_weight=154 43 70 4095 74 46 470 210 401 702 240 440 107 69 72 44 85 87 411 666 651 915 304 776 100 435 50 254 272 167 208
leaf_count=154 43 70 4095 74 46 470 210 401 702 240 440 107 69 72 44 85 87 411 666 651 915 304 776 100 435 50 254 272 167 208
internal_value=-0.000253586 -0.000417462 -0.000140879 0.012357 -0.000596529 -0.000732831 -8.22293e-05 0.00503817 0.00250712 -0.00275404 -0.00788153 0.00708447 0.000192308 -0.00837696 0.00504202 -0.000989209 -0.00120254 -0.00701107 -0.00141106 -0.000832523 -0.00251006 0.00207641 -0.00297775 -0.0104388 0.00728254 0.00252863 0.00685921 0.000693241 -0.0139908 -0.0117883
internal_weight=12618 12575 12421 436 11985 11939 10944 1964 1754 1052 995 366 259 190 118 555 8980 812 8893 8227 5218 3009 1527 751 1482 1047 830 576 217 1123
internal_count=12618 12575 12421 436 11985 11939 10944 1964 1754 1052 995 366 259 190 118 555 8980 812 8893 8227 5218 3009 1527 751 1482 1047 830 576 217 1123
is_linear=0
shrinkage=0.05


Tree=105
num_leaves=31
num_cat=0
split_feature=15 8 1 3 6 15 6 1 15 11 13 10 1 11 15 1 1 1 0 10 11 10 10 11 10 11 10 10 8 1
split_gain=36.0555 29.1236 34.6675 32.7792 27.517 25.6502 21.4559 19.9186 34.9816 17.4758 16.0525 43.9622 39.5269 21.521 17.2439 14.7411 35.0798 14.682 25.6153 23.6655 14.9887 14.517 17.879 14.3793 13.9796 13.2909 18.0778 13.9125 12.3968 12.2641
threshold=8853.5000000000018 4.5000000000000009 23.613863555078684 6.0918454935622321 1.0000000180025095e-35 4231.5000000000009 727.78969957081551 9.9252190629470682 5675.5000000000009 -0.99465740988130902 0.90438663683299525 1.0000000180025095e-35 21.994317775393423 -0.95998493203694346 5914.5000000000009 22.324852467811162 21.266170422031475 15.759383941344781 17.475321888412022 -0.51297808981038739 -0.065537083312030994 0.039769539193789977 -0.41398024697495356 0.98005052076767474 1.0000000180025095e-35 0.95691861501572195 0.24372619187392155 0.022575936829235418 5.5000000000000009 10.179403612303291
decision_type=10 2 2 2 2 10 2 2 10 2 2 2 2 2 8 2 2 2 2 2 2 2 2 2 2 2 2 2 2 2
left_child=1 7 3 5 28 -3 15 8 -1 24 13 23 -13 14 -11 16 17 19 -19 -7 -21 22 -4 -12 -9 -10 27 -27 -5 -25
right_child=-2 2 21 4 -6 6 -8 9 25 10 11 12 -14 -15 -16 -17 -18 18 -20 20 -22 -23 -24 29 -26 26 -28 -29 -30 -31
leaf_value=-1.5806351451697083 8.0347031818644155 -3.9443148199922691 0.90794542167341208 2.9000041072888507 -2.7910768311585801 1.9181044576190289 -4.7216712172693178 0.25906337007577351 10.735684772015475 3.5929095048838917 -0.27143507205300921 4.013441058320768 -11.680590937411763 0.020781389805688378 0.46660787976372831 -2.4239964538023742 1.1080537004237614 -3.2586747775564167 -0.85385318169805946 2.4265362602013738 -1.5442502224262626 2.6752720927864404 -2.5750672640724361 -1.6726136818731903 5.222698472694197 7.1287556370169574 -0.97046627495049054 23.005775898422556 0.18582378474920916 -8.3770550810671462
leaf_weight=87 126 128 289 164 102 151 184 79 60 63 141 272 51 7521 134 131 238 312 556 98 906 84 68 44 78 57 40 52 137 196
leaf_count=87 126 128 289 164 102 151 184 79 60 63 141 272 51 7521 134 131 238 312 556 98 906 84 68 44 78 57 40 52 137 196
internal_value=-0.000521912 -0.00079282 -0.00462102 -0.00648327 0.00680693 -0.0084658 -0.00737291 0.000737945 0.013468 0.000297203 -1.18723e-05 -0.00723404 0.00632716 0.000647752 0.0169192 -0.00610113 -0.00515031 -0.00728755 -0.0121979 -0.00358997 -0.00636816 0.00848416 0.00405028 -0.0187173 0.0167722 0.0245238 0.0163333 0.0268182 0.014404 -0.0261411
internal_weight=12549 12423 3548 3107 403 2704 2576 8875 296 8579 8422 704 323 7718 197 2392 2261 2023 868 1155 1004 441 357 381 157 209 149 109 301 240
internal_count=12549 12423 3548 3107 403 2704 2576 8875 296 8579 8422 704 323 7718 197 2392 2261 2023 868 1155 1004 441 357 381 157 209 149 109 301 240
is_linear=0
shrinkage=0.05


Tree=106
num_leaves=31
num_cat=0
split_feature=14 14 11 6 0 1 10 0 10 6 0 10 11 10 10 7 7 0 3 14 1 7 10 6 1 10 11 7 11 10
split_gain=49.2351 23.3111 21.0671 18.7027 34.8753 17.8362 33.2988 41.9928 29.7366 26.6134 25.3902 22.5644 21.7934 47.5931 30.166 18.5772 35.2163 28.1713 26.212 18.097 15.8659 15.0538 14.3408 14.1153 13.4228 13.2407 12.9212 12.9997 12.8447 38.5214
threshold=9184.5000000000018 4462.5000000000009 -0.99864786094873803 723.20171673819743 25.845278969957082 15.759383941344781 -0.861146256326485 17.200000000000003 -0.55657520495441892 160.2639484978541 18.028111587982835 -0.91597725483594616 -0.065537083312030994 0.96687895796550427 0.8697513045430848 10.500000000000002 20.500000000000004 9.7137339055794012 3.5152360515021468 5962.5000000000009 19.046298283261805 20.500000000000004 -0.49064630004295678 63.637339055793994 12.612647532188843 -0.96689237009891416 -0.49065906150552346 3.5000000000000004 0.99349222267034787 -0.0053757284505435614
decision_type=10 10 2 2 2 2 2 2 2 2 2 2 2 2 2 2 2 2 2 10 2 2 2 2 2 2 2 2 2 2
left_child=1 20 -3 4 5 8 7 -7 9 -4 12 21 13 14 -10 28 18 -18 -17 -20 -1 -9 -6 -21 -19 -5 -22 -28 -14 -30
right_child=-2 2 3 25 22 6 -8 11 10 -11 -12 -13 15 -15 -16 16 17 24 19 23 26 -23 -24 -25 -26 -27 27 -29 29 -31
leaf_value=-2.9314150248862916 20.094647361822808 2.8444796885876258 2.9060704116724541 -2.5432689063894034 0.87441521621153706 -1.4455415296588854 -0.55424132828911754 0.46014512539859426 1.651185946429041 -0.63911543190429265 -2.9106880780340818 2.1064996910980427 -0.11029969278288264 4.2137489063316478 -3.7881324772519296 0.65062989395246407 3.4613352117048635 -0.78071883348043236 27.04524141668858 5.075168860187933 -1.1389699823213959 -0.72943243850872941 4.0583157154282388 1.2155104407597266 -2.5678355347776236 -0.61521595743784019 -0.13388424930626572 2.5033642464234847 -8.1394375752764745 0.63488269443182621
leaf_weight=293 50 116 306 50 295 249 3021 1191 105 117 133 327 1878 198 113 1106 92 252 51 321 136 199 172 295 247 933 72 48 92 120
leaf_count=293 50 116 306 50 295 249 3021 1191 105 117 133 327 1878 198 113 1106 92 252 51 321 136 199 172 295 247 933 72 48 92 120
internal_value=-7.94976e-06 -0.000207519 0.000254591 4.63587e-05 0.000643323 4.32111e-05 -0.00211508 0.00294865 0.0020269 0.0147406 0.000949241 0.00573341 0.00153972 0.01247 -0.00365297 0.000516274 0.0035518 -0.00701014 0.00707441 0.0148952 -0.0102727 0.00294752 0.0139957 0.0124797 -0.0117 -0.00655488 -0.00116732 0.0107438 -0.00291726 -0.014554
internal_weight=12578 12528 11979 11863 10880 10413 4987 1966 5426 423 5003 1717 4870 416 218 4454 2364 591 1773 667 549 1390 467 616 499 983 256 120 2090 212
internal_count=12578 12528 11979 11863 10880 10413 4987 1966 5426 423 5003 1717 4870 416 218 4454 2364 591 1773 667 549 1390 467 616 499 983 256 120 2090 212
is_linear=0
shrinkage=0.05


Tree=107
num_leaves=31
num_cat=0
split_feature=14 15 4 10 12 6 4 3 11 11 10 11 4 1 15 1 8 15 10 10 10 10 0 1 0 11 15 12 10 1
split_gain=42.7809 32.5775 29.5763 28.0638 23.8165 24.5422 35.0093 29.5115 27.7484 24.0353 39.5582 29.6365 24.6689 22.9679 21.7384 20.5101 20.0758 21.9522 21.9965 41.1681 26.0347 23.5936 19.0393 26.6509 29.6044 26.7236 22.7032 19.51 18.7764 18.0492
threshold=9184.5000000000018 4282.5000000000009 13.643350595884987 0.9962888416657264 0.99351232050787985 523.51931330472109 2.0910013538654231 0.85879828326180363 0.18281312110578132 -0.65883892954715351 -0.47558551945199218 -0.90531874877253482 0.081116036397797103 19.848694563662377 4947.5000000000009 17.665727825464952 2.5000000000000004 8508.5000000000018 -0.24372957273992746 1.0000000180025095e-35 0.43733377705052551 -0.15101209918632377 19.686051502145926 15.686628218884122 17.200000000000003 -0.41399101439218416 5412.5000000000009 -0.92923668111203805 0.98522604642031408 14.219174713876967
decision_type=10 8 2 2 2 2 2 2 2 2 2 2 2 2 10 2 2 10 2 2 2 2 2 2 2 2 10 2 2 2
left_child=1 -1 3 4 5 6 9 8 -7 10 -3 12 -12 -13 -14 -5 17 18 29 21 -21 -20 23 27 25 -25 -24 -18 -27 -11
right_child=-2 2 -4 15 -6 7 -8 -9 -10 16 11 13 14 -15 -16 -17 22 -19 19 20 -22 -23 26 24 -26 28 -28 -29 -30 -31
leaf_value=-2.4910276570647967 18.939126071955798 -1.8183931253922765 4.3927444762711962 -2.0286047753744696 -1.3520451138701901 -0.46623309201725083 2.6720550517579795 5.3001158662311809 -3.6420949896695221 3.2157271705374115 -1.9605784612208028 -0.014224681158793828 4.8665975045110832 2.6309075711444851 -0.14213023041072576 -17.720868184783352 1.8354475151538283 4.7504174993160637 0.076522687056535699 2.4283349647816523 -0.025891896998064115 -7.4185629796231298 1.8407551966776738 1.6021596108696032 -0.027163092956197944 -2.1813249186526718 0.12828909935024058 -0.030705791538775885 1.1449698900457861 0.63502214279687907
leaf_weight=203 43 277 124 340 490 1394 257 79 147 223 488 182 48 150 164 46 258 159 96 345 1180 159 217 55 679 463 394 2457 55 1439
leaf_count=203 43 277 124 340 490 1394 257 79 147 223 488 182 48 150 164 46 258 159 96 345 1180 159 217 55 679 463 394 2457 55 1439
internal_value=-0.000352839 -0.000525101 -0.000198124 -0.000445189 -1.26518e-05 0.000453106 0.00140057 -0.00524368 -0.00677691 0.000906313 -0.00538168 -0.000871249 -0.00670471 0.0114114 0.00751174 -0.0136951 0.0019132 0.00470572 0.00386291 0 0.00311271 -0.0185547 -0.000283905 -0.0015499 -0.0075818 -0.0159408 0.00792484 0.00123343 -0.0194605 0.00799759
internal_weight=12611 12568 12365 12241 11855 11365 9745 1620 1541 9488 1309 1032 700 332 212 386 8179 3601 3442 1780 1525 255 4578 3967 1252 573 611 2715 518 1662
internal_count=12611 12568 12365 12241 11855 11365 9745 1620 1541 9488 1309 1032 700 332 212 386 8179 3601 3442 1780 1525 255 4578 3967 1252 573 611 2715 518 1662
is_linear=0
shrinkage=0.05


Tree=108
num_leaves=31
num_cat=0
split_feature=15 11 1 8 1 12 2 12 10 10 1 1 15 15 2 8 7 15 11 7 7 7 8 7 0 10 0 7 12 1
split_gain=35.7533 27.9833 26.1612 26.1943 44.1864 34.0957 23.2154 23.2076 68.5494 36.8483 34.1517 21.9284 21.6932 21.1383 22.4062 24.7887 39.0009 35.0935 20.8812 22.7113 24.8185 20.8679 32.2339 28.0448 20.3037 19.7384 19.2581 18.8233 18.7194 22.9838
threshold=9193.0000000000018 -0.99864786094873803 12.814882868383407 4.5000000000000009 21.076555793991417 0.99898004730802425 2.7658798283261796 -0.29343379936893921 -0.022576249993022688 0.63920241694561786 9.2920153791130211 10.455199391988556 8116.5000000000009 6801.5000000000009 2.9139484978540762 1.0000000180025095e-35 3.5000000000000004 4616.5000000000009 0.1318557721318592 12.500000000000002 10.500000000000002 8.5000000000000018 5.5000000000000009 3.5000000000000004 19.87167381974249 -0.98803845231459242 19.487553648068673 1.5000000000000002 0.10196183112029107 14.954336552217454
decision_type=10 2 2 2 2 2 2 2 2 2 2 2 10 10 2 2 2 8 2 2 2 2 2 2 2 2 2 2 2 2
left_child=1 -1 7 5 6 13 21 11 10 12 -9 -3 -10 14 15 16 -4 -17 19 20 -16 22 23 -5 -18 -6 -27 -24 29 -23
right_child=-2 2 3 4 25 -7 -8 8 9 -11 -12 -13 -14 -15 18 17 24 -19 -20 -21 -22 28 27 -25 -26 26 -28 -29 -30 -31
leaf_value=3.1599326383171049 17.410230764438939 4.8826590699427932 -3.4417579058944288 1.1609988575053194 7.0046218784271792 -9.9213279585821965 -7.5429788642310545 2.5734312034718645 0.88096122019619549 -0.41552928792398236 -9.6888774519489758 1.3979588811313761 5.5310317748646414 -0.65736191210639849 1.5914575145116943 3.1261838583154713 0.60724785917773261 0.12634860798416411 -1.339048991691584 1.6337658560554247 -1.050151964659517 6.6248013528011143 -1.2119638930859538 -2.1749657288201436 -1.1537246220699218 -1.4727853520950249 0.46129612358836314 -4.2405429071471872 -2.0933706103380021 -0.52901857907677374
leaf_weight=114 44 91 209 142 40 95 91 51 1003 949 224 620 215 1581 142 99 439 3149 46 526 183 93 72 181 197 161 739 238 296 557
leaf_count=114 44 91 209 142 40 95 91 51 1003 949 224 620 215 1581 142 99 439 3149 46 526 183 93 72 181 197 161 739 238 296 557
internal_value=-4.36924e-05 -0.000203284 -0.00043041 -0.00176781 -0.00601302 -0.000104995 -0.0108917 0.00350349 0.00118707 0.00417435 -0.0222826 0.0114466 0.00992617 0.000327145 0.00192346 0.000354177 -0.0072695 0.00233918 0.00907572 0.0108568 0.000460123 -0.00946203 -0.0164826 -0.00540123 -0.0010989 0.00265675 0.00110988 -0.0279743 -0.00475185 0
internal_weight=12587 12543 12429 9276 2610 6666 1670 3153 2442 2167 275 711 1218 6571 4990 4093 845 3248 897 851 325 1579 633 323 636 940 900 310 946 650
internal_count=12587 12543 12429 9276 2610 6666 1670 3153 2442 2167 275 711 1218 6571 4990 4093 845 3248 897 851 325 1579 633 323 636 940 900 310 946 650
is_linear=0
shrinkage=0.05


Tree=109
num_leaves=31
num_cat=0
split_feature=15 1 13 1 10 13 15 12 1 0 15 7 12 13 10 10 1 15 8 1 7 1 12 13 12 0 7 10 10 3
split_gain=34.6095 28.0154 29.4527 24.3218 18.2857 24.2768 18.0219 16.9301 22.2931 20.1757 18.1427 18.2621 16.0814 28.5662 19.5667 33.7425 21.8228 16.4489 35.5859 28.2181 19.7748 19.7656 17.4804 24.1553 17.2379 17.916 15.6578 35.3859 16.6298 15.37
threshold=9193.0000000000018 9.9252190629470682 0.81178104038754306 28.627660050071533 0.26037272046371446 0.99351059783078122 4231.5000000000009 -0.78326178756187226 21.022120886981405 19.244420600858373 7381.5000000000009 1.5000000000000002 -0.51941337148263467 -0.82413948779581736 0.35846314187849709 0.42179998225932674 20.21195457796853 6831.5000000000009 1.0000000180025095e-35 13.408699928469241 7.5000000000000009 10.847456187410589 -0.159513159777915 0.92520893929334658 -0.45274443793211405 22.131759656652367 10.500000000000002 -0.82415615971448097 -0.861146256326485 5.4954935622317613
decision_type=10 2 2 2 2 2 8 2 2 2 10 2 2 2 2 2 2 8 2 2 2 2 2 2 2 2 2 2 2 2
left_child=1 2 -1 6 5 -4 -3 8 9 10 11 -8 13 -9 16 -16 29 24 19 21 -20 -19 23 -22 25 -14 27 -13 -28 -15
right_child=-2 3 4 -5 -6 -7 7 12 -10 -11 -12 26 17 14 15 -17 -18 18 20 -21 22 -23 -24 -25 -26 -27 28 -29 -30 -31
leaf_value=6.1343952107416504 16.539719226216995 -2.27426124340368 5.2564868370650863 3.0962592199429313 -2.1543949204487034 -3.130970429075933 1.3403380131283258 -2.7568456204714042 2.5514788989797355 -1.1782771835165022 3.7055223707316602 -7.0269876620142897 0.4422164894170692 -0.60575533521316638 -7.3664150217157847 -1.3410310067251432 3.2229360133560023 -1.5637366188827173 -19.078257214606062 -0.52167680226466473 -1.5058874302319056 11.160195787970224 -0.72719859246683427 -11.973237264941691 -0.020024677791070644 4.8609909887471536 8.3986926994525675 0.0060661981558951085 0.60472707155643102 2.2605532298627398
leaf_weight=132 46 144 157 102 88 69 172 109 98 332 148 101 177 606 77 355 67 50 48 163 146 187 1618 97 5734 55 50 598 694 72
leaf_count=132 46 144 157 102 88 69 172 109 98 332 148 101 177 606 77 355 67 50 48 163 146 187 1618 97 5734 55 50 598 694 72
internal_value=-0.000272152 -0.000433839 0.0118568 -0.000891592 0.00349206 0.0110132 -0.00110093 -0.00088473 0.00307657 0.00197996 0.00410998 0.00256807 -0.00179356 -0.00699301 -0.00471138 -0.013164 0.000201072 -0.000984775 -0.0045671 0.00897756 -0.00740838 0.019958 -0.00657895 -0.0190574 0.000402212 0.0137339 0.000727147 -0.00464286 0.00577181 -0.00250368
internal_weight=12492 12446 446 12000 314 226 11898 11754 2193 2095 1763 1615 9561 1286 1177 432 745 8275 2309 400 1909 237 1861 243 5966 232 1443 699 744 678
internal_count=12492 12446 446 12000 314 226 11898 11754 2193 2095 1763 1615 9561 1286 1177 432 745 8275 2309 400 1909 237 1861 243 5966 232 1443 699 744 678
is_linear=0
shrinkage=0.05


Tree=110
num_leaves=31
num_cat=0
split_feature=14 14 15 10 10 1 10 7 7 7 15 15 1 6 7 6 15 14 0 0 14 15 2 10 1 11 10 12 10 12
split_gain=40.779 21.2925 25.5128 16.5559 19.7662 17.0719 14.4573 13.6972 22.8735 31.48 43.8449 29.0967 24.2961 19.1912 31.7142 27.2947 35.9243 22.6823 20.5851 20.1662 19.504 17.4071 18.3897 18.3217 17.9412 18.3088 17.2671 17.0319 16.3157 16.1083
threshold=9184.5000000000018 4550.5000000000009 4177.5000000000009 0.99761913169647187 0.99983759474438971 15.54339234620887 0.99466373373798567 1.0000000180025095e-35 8.5000000000000018 5.5000000000000009 5675.5000000000009 5081.5000000000009 9.4544304363376259 441.3798283261803 20.500000000000004 132.74463519313306 6949.5000000000009 6700.5000000000009 22.582618025751078 9.9763948497854091 7546.5000000000009 6712.5000000000009 11.941201716738201 0.95998215779580554 20.502244277539344 -0.81925291736142503 -0.90893996196865023 -0.022576249993022688 0.91248814248966237 -0.88622299073327826
decision_type=10 10 10 2 2 2 2 2 2 2 8 8 2 2 2 2 10 10 2 2 10 10 2 2 2 2 2 2 2 2
left_child=1 2 -1 7 5 -5 -4 29 9 10 -9 -11 -10 14 15 17 -17 -14 19 -16 -18 22 23 24 25 -15 -13 -21 -29 -3
right_child=-2 3 6 4 -6 -7 -8 8 12 11 -12 26 13 21 18 16 20 -19 -20 27 -22 -23 -24 -25 -26 -27 -28 28 -30 -31
leaf_value=-6.0379613389773112 16.596250112376946 2.3584535526338644 -0.27709114854083056 -1.4127647395539953 2.5102681147974639 -13.33427234126375 -5.9771061097857459 0.15335196345899932 6.2506854986133478 -2.6815428449965566 -6.8963244120441232 1.0832317631298338 3.627552755556144 1.2519156763351931 2.2750426535391854 1.0467527927193487 -0.4955929621514315 1.1064167601953614 1.962754152499838 -0.10493936661528097 -4.8800516076839138 -1.758187672334907 4.1089890620332881 2.8690426624166778 0.056518158516701084 -1.7699413200356731 -0.79944848087593534 -1.6705827852295898 0.43222149572252422 0.54876683087884437
leaf_weight=85 45 66 599 129 77 75 43 1932 156 308 82 178 459 73 97 1238 505 1240 129 651 210 427 91 142 881 616 927 549 91 424
leaf_count=85 45 66 599 129 77 75 43 1932 156 308 82 178 459 73 97 1238 505 1240 129 651 210 427 91 142 881 616 927 549 91 424
internal_value=-0.000251477 -0.000424645 -0.00872253 8.93313e-05 -0.0118794 -0.02 -0.00528771 0.000383509 1.821e-05 -0.00336931 0.000645161 -0.00908769 0.00155506 0.00114189 0.00281431 0.00533808 0.00130502 0.00997059 -0.00326087 -0.0050396 -0.00761173 -0.0027342 -0.00058204 -0.00175131 -0.00330999 -0.00934783 -0.00528933 -0.00669505 -0.0124805 0.00855397
internal_weight=12525 12480 727 11753 281 204 642 11472 10982 3427 2014 1413 7555 7399 5169 3652 1953 1699 1517 1388 715 2230 1803 1712 1570 689 1105 1291 640 490
internal_count=12525 12480 727 11753 281 204 642 11472 10982 3427 2014 1413 7555 7399 5169 3652 1953 1699 1517 1388 715 2230 1803 1712 1570 689 1105 1291 640 490
is_linear=0
shrinkage=0.05


Tree=111
num_leaves=31
num_cat=0
split_feature=14 14 8 8 1 1 12 10 10 1 1 13 11 11 1 12 7 6 15 7 15 12 14 1 15 12 10 7 8 12
split_gain=34.1953 27.6077 26.4581 22.6528 22.9185 18.2669 44.4374 46.5995 50.9878 35.3373 27.6151 20.4896 18.3884 19.4235 18.0141 17.8041 16.3058 22.4435 20.688 17.8599 21.7367 24.2681 15.4836 14.6532 20.2119 15.0598 14.3282 14.088 26.0212 25.2013
threshold=9184.5000000000018 4489.5000000000009 1.5000000000000002 1.5000000000000002 9.6616371602289011 20.268191165951361 -0.0053757035942445328 -0.98523971305672675 -0.82415615971448097 23.223243025751074 14.997773605150213 0.83730377313544024 -0.98372925196996197 -0.95998493203694346 29.120010729613742 -0.92923668111203805 20.500000000000004 265.33905579399146 5786.5000000000009 12.500000000000002 6735.5000000000009 0.92919371535393525 5368.5000000000009 12.643387875536483 5748.5000000000009 -0.72696319516528884 0.81428061195174062 4.5000000000000009 1.0000000180025095e-35 -0.67803021058859214
decision_type=10 10 2 2 2 2 2 2 2 2 2 2 2 2 2 2 2 2 10 2 10 2 10 2 10 2 2 2 2 2
left_child=1 2 27 4 -3 10 12 -8 -9 -10 15 -12 -7 -14 16 -5 17 -6 -19 22 21 -21 -20 -18 -25 -26 -22 28 -1 -30
right_child=-2 3 -4 5 14 6 7 8 9 -11 11 -13 13 -15 -16 -17 23 18 19 20 26 -23 -24 24 25 -27 -28 -29 29 -31
leaf_value=-2.845470836089294 16.051221473433543 11.57509116006927 -7.8831092144521566 1.5796026266459877 1.4334017674882944 3.9718572977904389 -2.0943362866006283 1.0429099434606088 -2.3635062858857738 0.10185569403074624 -0.64100608971696149 -3.7239279309421365 -2.6212895135128749 0.8935843575517084 6.3289098252461828 -0.037623871081882504 1.9241519898003618 13.433358458049771 -3.331626429700691 0.56059648358768754 -0.46176445347923623 3.0866180757544046 -0.55618389122632839 0.61418305960605724 1.7291814976366595 -3.0369898159642164 -5.5623551589849285 1.3355848863616075 0.86005841092801349 -0.42560527515011021
leaf_weight=180 43 70 110 208 1588 123 155 599 426 884 2456 54 77 508 40 3354 100 59 161 283 173 42 277 107 44 179 48 154 47 91
leaf_count=180 43 70 110 208 1588 123 155 599 426 884 2456 54 77 508 40 3354 100 59 161 283 173 42 277 107 44 179 48 154 47 91
internal_value=0.000316431 0.000162724 -0.0104631 0.000678262 0.00430328 -0.00062182 0.00274071 -0.000968523 0.00117801 -0.00434783 -0.00215709 -0.00617284 0.0135402 0.00981229 0.00365893 0.00067359 0.00321685 0.00469225 -0.00100575 -0.00274112 0.00329068 0.0115031 -0.0102506 -0.00580046 -0.0108761 -0.0194196 -0.00878378 -0.00528541 -0.0112853 0.00503597
internal_weight=12640 12597 582 12015 3171 8844 2772 2064 1909 1310 6072 2510 708 585 3101 3562 3061 2631 1043 984 546 325 438 430 330 223 221 472 318 138
internal_count=12640 12597 582 12015 3171 8844 2772 2064 1909 1310 6072 2510 708 585 3101 3562 3061 2631 1043 984 546 325 438 430 330 223 221 472 318 138
is_linear=0
shrinkage=0.05


Tree=112
num_leaves=31
num_cat=0
split_feature=14 0 8 12 14 7 12 14 7 8 6 15 15 8 12 15 8 12 0 12 12 6 15 14 6 15 6 15 1 1
split_gain=40.7934 27.5778 25.9177 39.6292 30.7548 24.2944 20.8353 18.105 18.0186 21.1244 17.4404 17.8931 16.2372 19.537 25.1253 17.072 33.2686 16.6377 22.8676 19.5418 16.1875 16.1525 24.8207 46.0223 15.6073 23.832 18.9281 30.6078 19.8184 16.2164
threshold=8973.0000000000018 26.880901287553652 3.5000000000000004 0.99351232050787985 4550.5000000000009 3.5000000000000004 -0.7614135502316719 4102.5000000000009 8.5000000000000018 5.5000000000000009 789.91630901287567 6735.5000000000009 7603.5000000000009 1.0000000180025095e-35 -0.51297808981038739 4785.5000000000009 1.0000000180025095e-35 -0.159513159777915 12.371459227467813 -0.29343379936893921 0.98802474685579866 723.20171673819743 5941.5000000000009 6232.5000000000009 1.0000000180025095e-35 5461.5000000000009 251.2639484978541 6465.5000000000009 14.916653254649502 23.852119098712446
decision_type=10 2 2 2 10 2 2 10 2 2 2 10 10 2 2 8 2 2 2 2 2 2 10 10 2 8 2 10 2 2
left_child=1 2 3 7 -4 6 -6 -1 9 -7 -3 -12 15 -14 -15 16 -9 19 -19 -16 -20 22 23 -10 -17 -26 29 28 -28 -27
right_child=-2 10 4 -5 5 8 -8 12 21 -11 11 -13 13 14 17 24 -18 18 20 -21 -22 -23 -24 -25 25 26 27 -29 -30 -31
leaf_value=-7.2265086594623433 8.4425202362537686 1.7598152068193942 -4.5204765594981611 -2.3073354222969331 1.6507360556657205 -0.50195886231863374 0.10387554148010168 -0.51199256879604038 -0.38398130386431151 -1.8716177801844198 0.2583304353616086 -1.4830113164216301 11.57695499067113 4.6947714535177516 0.49271090441807247 -0.23675750157199218 1.0580177024677369 4.5755374480027289 -1.617391305470119 -31.794970869384247 5.2787564015769481 -2.6479978504017709 -0.92331483345265042 2.3601751058423588 8.4725916531293262 1.3842358727007877 4.8629863922663397 -0.93825285146899662 0.19690277894487737 -1.2117321743581897
leaf_weight=45 91 425 150 238 144 711 693 240 791 320 340 54 197 95 43 2341 318 136 217 42 42 233 1621 344 74 1024 90 751 647 88
leaf_count=45 91 425 150 238 144 711 693 240 791 320 340 54 197 95 43 2341 318 136 217 42 42 233 1621 344 74 1024 90 751 647 88
internal_value=-1.99267e-05 -0.000264954 -0.000889481 0.00116156 -0.00360423 -0.00291272 0.00483294 0.00190893 -0.00452624 -0.0102229 0.00859756 0.00101266 0.0021352 0.00892626 0.00425347 0.00119304 0.00948122 -0.0004158 0.00391414 -0.0203488 -0.00480769 -0.00255853 -0.00148712 0.00418134 0.000269139 0.0028785 0.00207612 -0.00161182 0.00562331 0.00700809
internal_weight=12545 12454 11635 6628 5007 4857 837 6390 4020 1031 819 394 6345 772 575 5573 558 480 395 85 259 2989 2756 1135 5015 2674 2600 1488 737 1112
internal_count=12545 12454 11635 6628 5007 4857 837 6390 4020 1031 819 394 6345 772 575 5573 558 480 395 85 259 2989 2756 1135 5015 2674 2600 1488 737 1112
is_linear=0
shrinkage=0.05


Tree=113
num_leaves=31
num_cat=0
split_feature=14 14 2 6 7 8 0 1 7 3 8 12 7 12 7 14 0 12 14 8 8 11 1 12 8 1 14 7 8 7
split_gain=37.9909 23.5622 20.0592 19.208 18.0165 27.5432 30.242 36.7245 26.496 25.6063 23.6311 21.8802 30.1091 18.812 16.5786 15.3319 18.1354 16.4508 29.1126 20.1739 15.0496 14.7334 14.4839 12.6047 20.0807 16.6174 14.6106 16.2305 12.501 13.695
threshold=9184.5000000000018 4181.0000000000009 11.140987124463523 803.71888412017177 9.5000000000000018 5.5000000000000009 19.686051502145926 12.857054721030044 22.500000000000004 5.1489270386266108 1.5000000000000002 -0.90893575921103265 4.5000000000000009 -0.51297808981038739 6.5000000000000009 7151.5000000000009 15.972103004291844 -0.78326178756187226 7323.5000000000009 1.0000000180025095e-35 5.5000000000000009 -0.9260227363677036 10.08427664520744 0.067682722635586057 4.5000000000000009 12.058006974248931 6860.5000000000009 20.500000000000004 4.5000000000000009 12.500000000000002
decision_type=10 10 2 2 2 2 2 2 2 2 2 2 2 2 2 10 2 2 10 2 2 2 2 2 2 2 10 2 2 2
left_child=1 -1 3 4 5 11 7 14 9 15 -11 12 -3 -12 -7 16 23 18 -17 -19 -15 -4 -21 25 -25 -6 27 -27 29 -5
right_child=-2 2 21 28 8 6 -8 -9 -10 10 13 -13 -14 20 -16 17 -18 19 -20 22 -22 -23 -24 24 -26 26 -28 -29 -30 -31
leaf_value=-3.9289119821561145 15.090466607961753 1.2117472371199938 8.3429215631708757 -1.3931894916189322 -2.7723996712151351 0.43489979282671815 0.65031840004755859 -2.9949172336212317 -1.0484838699043848 7.6855081751134096 6.1934508280907723 -0.17515356525732387 -0.24831757257052234 -0.49611249880463221 -1.999866279059006 -1.5965836690111246 0.19418020758059812 11.499391370958438 2.7830867860367565 4.9617126243933853 13.955979060920164 0.86296518859528537 -1.1569795232908746 11.96105775892611 0.23493118511498778 5.1126487726372947 -1.8506247300956375 0.075886274112508548 -4.1644576943057023 0.067857718575032783
leaf_weight=120 46 232 58 157 123 143 134 402 535 181 51 3933 240 261 61 67 3076 48 206 66 61 102 1151 259 148 193 70 128 173 267
leaf_count=120 46 232 58 157 123 143 134 402 535 181 51 3933 240 261 61 67 3076 48 206 66 61 102 1151 259 148 193 70 128 173 267
internal_value=-0.000189081 -0.000355816 -0.00014369 -0.000371958 7.22175e-05 -0.0021473 -0.0110661 -0.0158155 0.00179623 0.00273399 0.012973 -0.000646845 0.00951374 0.00574866 0.00146341 0.00170701 0.00333917 -0.00253411 0.00857664 -0.00493681 0.00123839 0.0173913 -0.00619869 0.00949024 0.0160539 0.00427184 0.00931122 0.0138199 -0.00911371 -0.00447059
internal_weight=12692 12646 12526 12366 11769 5145 740 606 6624 6089 554 4405 472 373 204 5535 3997 1538 273 1265 322 160 1217 921 407 514 391 321 597 424
internal_count=12692 12646 12526 12366 11769 5145 740 606 6624 6089 554 4405 472 373 204 5535 3997 1538 273 1265 322 160 1217 921 407 514 391 321 597 424
is_linear=0
shrinkage=0.05


Tree=114
num_leaves=31
num_cat=0
split_feature=14 2 6 15 6 6 12 12 11 10 12 14 14 14 11 13 11 13 11 6 11 10 12 11 10 14 15 6 12 0
split_gain=35.1567 25.7949 27.6975 21.5586 21.2279 19.5524 18.4771 34.7325 24.2053 22.7557 20.874 26.0797 22.7826 18.8459 17.8863 22.8725 17.1357 18.0203 16.7044 19.4958 16.3991 15.6138 14.2584 20.716 14.2031 15.4249 15.9173 13.7017 13.4914 26.5376
threshold=8973.0000000000018 6.2173819742489274 710.87982832618036 4231.5000000000009 826.87553648068672 33.592274678111593 0.82414472752956958 0.56192297990542495 -0.78858226040708135 0.84313847884979054 -0.78326178756187226 4181.0000000000009 7691.5000000000009 6496.5000000000009 0.94066717844141279 0.69984120524093585 0.86004965528756494 0.18281650233046789 -0.40613878790836594 102.92918454935624 -0.79904327102181261 0.49812943072827093 0.52217737485370563 0.95691861501572195 0.45273815774107123 6417.5000000000009 6249.5000000000009 89.266094420600879 -0.90893575921103265 17.610300429184552
decision_type=10 2 2 10 2 2 2 2 2 2 2 10 10 10 2 2 2 2 2 2 2 2 2 2 2 10 10 2 2 2
left_child=1 3 -3 5 6 -1 7 10 -8 16 12 -12 20 -11 15 18 17 -10 19 -9 21 -5 -13 -24 25 26 -20 28 -22 -30
right_child=-2 2 -4 4 -6 -7 8 14 9 13 11 22 -14 -15 -16 -17 -18 -19 24 -21 27 -23 23 -25 -26 -27 -28 -29 29 -31
leaf_value=-2.9595125723868478 6.5665897358213901 2.9071197763898229 0.024809245148094308 -0.015181529545816376 -1.8890694909018295 2.4871560274221114 -1.2700064609435913 2.9623634164053785 -0.29562616494558824 -0.41164562961353113 -7.5811233861834353 -0.13794109008395025 4.5851183843161607 -5.0802786050497621 6.5883485747689976 -0.95506434138972063 -2.3041526466601456 1.4717562984570123 -0.0068953739095832141 0.13734335285280394 0.65123749572385359 2.8717611039737676 -0.35680084994414757 -2.9546480109769848 2.0158525394096389 -1.72099518165835 2.7936081194992313 -0.54108139946529266 -0.92868972736209798 4.1972521628729966
leaf_weight=199 84 292 466 69 250 56 250 174 1358 93 41 5181 108 88 116 216 108 353 229 95 747 94 120 74 404 130 52 695 359 62
leaf_count=199 84 292 466 69 250 56 250 174 1358 93 41 5181 108 88 116 216 108 353 229 95 747 94 120 74 404 130 52 695 359 62
internal_value=-0.000282553 -0.000500801 0.00843215 -0.00107917 -0.000758699 -0.0154297 -0.000436837 0.000579904 -0.00448689 -0.00264868 -0.00076811 -0.00241831 0.0034192 -0.0195055 0.00776288 0.00607225 -0.000961538 0.00026285 0.00903226 0.0198148 0.00222003 0.017378 -0.00211124 -0.0153846 0.00545343 -0.00109223 0.00549645 0.000885193 0.00419162 -0.00296209
internal_weight=12563 12479 758 11721 11466 255 11216 8966 2250 2000 7550 5416 2134 181 1416 1300 1819 1711 1084 269 2026 163 5375 194 815 411 281 1863 1168 421
internal_count=12563 12479 758 11721 11466 255 11216 8966 2250 2000 7550 5416 2134 181 1416 1300 1819 1711 1084 269 2026 163 5375 194 815 411 281 1863 1168 421
is_linear=0
shrinkage=0.05


Tree=115
num_leaves=31
num_cat=0
split_feature=14 7 10 2 15 15 1 10 8 14 7 2 10 15 14 11 8 12 14 8 10 11 3 15 8 7 8 7 1 11
split_gain=46.2991 26.872 29.8522 28.1753 23.8052 21.5317 18.655 27.8852 23.5135 25.5999 20.0189 18.3554 19.7981 17.8549 23.3879 18.252 18.9524 16.957 28.8764 16.3288 22.0052 25.0091 23.8982 20.8645 34.2021 27.0456 21.7685 19.8114 20.4114 18.872
threshold=8973.0000000000018 8.5000000000000018 0.99700008544936913 1.2339055793991405 4821.5000000000009 4101.0000000000009 14.954336552217454 0.99274428880883148 1.0000000180025095e-35 6938.5000000000009 20.500000000000004 11.047639484978541 -0.031173458710879235 6816.5000000000009 6443.5000000000009 0.99981043035926087 3.5000000000000004 -0.55657263146136127 7423.5000000000009 5.5000000000000009 -0.88622299073327826 -0.24372464231556024 0.15686695278970045 5296.5000000000009 1.0000000180025095e-35 4.5000000000000009 1.5000000000000002 6.5000000000000009 12.857054721030044 0.011826144619637555
decision_type=10 2 2 2 10 10 2 2 2 10 2 2 2 10 10 2 2 2 10 2 2 2 2 10 2 2 2 2 2 2
left_child=1 3 6 5 -5 -1 7 8 9 10 -3 -8 -13 15 -15 16 -10 18 -16 20 21 -7 29 24 25 -22 -26 28 -21 -23
right_child=-2 2 -4 4 -6 19 11 -9 13 -11 -12 12 -14 14 17 -17 -18 -19 -20 27 23 22 -24 -25 26 -27 -28 -29 -30 -31
leaf_value=-7.9812493206895399 7.2952831778670317 5.2614592025912321 -3.8584811261109282 2.3643664619270566 0.089766464019839995 1.6980984262952916 -0.040934226472222696 7.2727507907995692 3.33513945813952 15.031096204328605 -1.8720589779865806 0.96317963891428926 7.7864917701727796 18.639311624834999 -1.6390893496183254 -3.3700732767418007 1.2252779591527769 -0.6908685657554543 3.7360006033608899 0.45420306103828811 -2.1495425079871895 -0.6693926765471816 -1.5467799374460129 -0.93263585903368951 1.4898558812851435 1.2837570073059397 -0.0085714923340219681 -3.552421496577745 -1.2431076643266352 0.57149405437012324
leaf_weight=86 88 281 219 73 159 168 4418 62 235 109 66 137 44 92 96 40 606 1220 165 147 260 144 62 1355 254 81 1171 140 317 288
leaf_count=86 88 281 219 73 159 168 4418 62 235 109 66 137 44 92 96 40 606 1220 165 147 260 144 62 1355 254 81 1171 140 317 288
internal_value=1.98665e-05 -0.000236076 0.00156591 -0.00321929 0.0137339 -0.00410148 0.00209324 0.00517995 0.00446582 0.0148796 0.00818966 9.78261e-05 0.0156593 0.00252546 -0.00066709 0.00821995 0.0097981 -0.00219298 0.00935115 -0.00361212 -0.00239165 0.00588235 0.00020202 -0.00414798 -0.000565931 -0.0147661 0.00284011 -0.0112397 -0.00623656 0.00438799
internal_weight=12583 12495 7790 4705 232 4473 7571 2972 2910 456 347 4599 181 2454 1573 881 841 1481 261 4387 3783 662 494 3121 1766 341 1425 604 464 432
internal_count=12583 12495 7790 4705 232 4473 7571 2972 2910 456 347 4599 181 2454 1573 881 841 1481 261 4387 3783 662 494 3121 1766 341 1425 604 464 432
is_linear=0
shrinkage=0.05


Tree=116
num_leaves=31
num_cat=0
split_feature=14 14 7 1 12 1 7 6 14 11 14 0 10 1 12 12 10 1 10 12 12 12 12 12 10 1 6 11 10 11
split_gain=36.094 19.9518 21.0755 16.3829 17.6962 19.2564 28.2337 34.9319 28.6044 28.239 25.4287 20.6641 22.1725 17.7454 19.1093 29.0544 22.1617 19.7458 17.3657 20.1683 34.4541 21.2252 16.3474 16.261 26.9287 15.6032 15.5522 15.4873 42.2033 21.7988
threshold=9184.5000000000018 4489.5000000000009 22.500000000000004 24.989891809728181 0.99463153969809781 14.954336552217454 10.500000000000002 296.36909871244637 7197.5000000000009 0.73136292505298039 5892.5000000000009 18.652575107296141 0.89017062131308955 19.046298283261805 0.85223490906209554 0.75011860976965206 -0.61913973745509387 23.613863555078684 0.94704596667653973 -0.0053757035942445328 0.41203339881415796 0.61746692340271048 0.65231507897944274 -0.32614396506100213 -0.95244167294248061 21.994317775393423 82.976394849785422 -0.90531874877253482 0.35846314187849709 -0.81925291736142503
decision_type=10 10 2 2 2 2 2 2 10 2 10 2 2 2 2 2 2 2 2 2 2 2 2 2 2 2 2 2 2 2
left_child=1 -1 3 4 5 6 -3 8 -8 -10 -9 12 -12 -7 15 18 17 -16 19 23 -21 -22 -23 24 25 -15 -18 28 -26 -29
right_child=-2 2 -4 -5 -6 13 7 10 9 -11 11 -13 -14 14 16 -17 26 -19 -20 20 21 22 -24 -25 27 -27 -28 29 -30 -31
leaf_value=-1.052719547773495 14.556650674590992 -0.10267577638203421 -0.93051264203841133 0.63481485727611475 -2.0590582350535898 -0.47198016287925387 6.2108870131924512 3.9753081656024278 -1.6315240923177043 2.5201060536047408 -2.2386532471625289 -4.0473410092686661 2.4969022446541658 -3.6750911164302127 -0.4033909580374257 2.1349998699393384 -2.4640710079853081 2.4636162870509 -2.7867953516184798 -1.3235320096935994 0.71266078035507696 -1.6087493717773214 0.0775537157504914 1.5084474325050452 1.8125300463494796 -0.11735805280377463 -0.68725239497593982 2.6559416029945626 -9.0266742451555277 0.497548490107738
leaf_weight=591 44 2138 529 925 305 2348 487 148 271 754 423 62 169 108 405 225 76 61 56 417 416 99 165 428 138 119 103 96 63 381
leaf_count=591 44 2138 529 925 305 2348 487 148 271 754 423 62 169 108 405 225 76 61 56 417 416 99 165 428 138 119 103 96 63 381
internal_value=-0.00025496 -0.000415767 2.93723e-05 0.000483007 -8.12464e-05 0.000275672 0.00273973 0.00656587 0.0110377 0.00628655 -0.001868 -0.00610687 -0.00320405 -0.00164768 0.000685136 0.00252581 -0.00704334 -0.0012848 0.000965018 0.00160428 -0.0034153 0.00352423 -0.00754717 0.00573463 0.00193157 -0.0129386 -0.0219444 0.00692194 -0.00470297 0.0118201
internal_weight=12550 12506 11915 11386 10461 10156 4452 2314 1512 1025 802 654 592 5704 3356 2711 645 466 2486 2430 1097 680 264 1333 905 227 179 678 201 477
internal_count=12550 12506 11915 11386 10461 10156 4452 2314 1512 1025 802 654 592 5704 3356 2711 645 466 2486 2430 1097 680 264 1333 905 227 179 678 201 477
is_linear=0
shrinkage=0.05


Tree=117
num_leaves=31
num_cat=0
split_feature=14 1 2 6 10 12 12 6 10 14 14 1 10 7 12 10 13 12 11 14 12 0 7 12 12 12 7 12 12 10
split_gain=30.0902 20.2288 30.0649 20.6982 19.8286 17.3064 16.7571 19.9957 17.0873 15.5686 13.5614 13.3148 25.3531 13.1595 14.3651 12.7251 12.6614 17.944 12.6481 11.5315 11.2833 10.7004 24.0146 24.9602 20.7793 18.0096 17.6225 16.2291 16.0688 14.3314
threshold=9184.5000000000018 23.613863555078684 1.3660944206008578 826.87553648068672 -0.73282214301478099 0.99463153969809781 0.84660111278280559 421.83476394849788 -0.67166439702596292 4570.5000000000009 7051.5000000000009 26.22211194563663 -0.47558551945199218 4.5000000000000009 -0.66528308454101848 0.58481550752069722 0.080548817997453351 -0.8431462759492121 0.3484035575467645 4489.5000000000009 0.99196248624718542 11.34678111587983 13.500000000000002 -0.32614396506100213 0.98213580174693105 0.90892735371523092 20.500000000000004 0.97872324816535838 -0.69057042736241547 0.99983759474438971
decision_type=10 2 2 2 2 2 2 2 2 10 10 2 2 2 2 2 2 2 2 8 2 2 2 2 2 2 2 2 2 2
left_child=1 3 4 5 -3 9 7 10 -8 13 -4 12 -6 14 16 -5 17 -1 19 -15 21 22 25 -24 26 -11 27 29 -28 -23
right_child=-2 2 6 15 11 -7 8 -9 -10 20 -12 -13 -14 18 -16 -17 -18 -19 -20 -21 -22 24 23 -25 -26 -27 28 -29 -30 -31
leaf_value=-2.6514238409794419 10.398625314195943 2.1929891613047174 3.3930413557762678 -0.79831161584857002 -2.3028818749108271 -1.9392562572412317 2.1818024183009586 0.55684640163403853 -0.1773850883834257 -0.17700596363706611 1.088880137345609 0.65160391655999783 -0.59451405989443629 3.5105285877041297 -1.9111912578723604 -3.9878903629633897 0.58123694859141328 0.94129602044074545 -1.6932316285581237 -2.2269002729810383 2.2495174960497026 0.0079450432518115132 5.7513919190354734 1.4412775702853424 -3.2850280514620183 1.789491157038674 0.35807944738776315 3.5565655748626117 -1.0291984701058936 4.0043425845912681
leaf_weight=81 45 90 223 217 117 292 129 306 336 1109 58 78 174 99 272 139 50 44 78 47 83 6557 98 398 122 167 323 46 688 65
leaf_count=81 45 90 223 217 117 292 129 306 336 1109 58 78 174 99 272 139 50 44 78 47 83 6557 98 398 122 167 323 46 688 65
internal_value=-0.000147622 -0.000296308 0.00512566 -0.00104319 -0.00554348 -0.000645009 0.00978158 0.0153912 0.0026824 -0.000304996 0.025 -0.0106757 -0.0155822 -0.00766369 -0.0126116 -0.0128852 -0.00142045 -0.00992063 0.00222222 0.0108844 0.000207104 4.70023e-05 0.0035533 0.0128773 -0.000749808 -7.83085e-05 -0.000423177 0.000509822 -0.00657115 0.000301978
internal_weight=12531 12486 1511 10975 459 10619 1052 587 465 10327 281 369 291 671 447 356 175 125 224 146 9656 9573 1772 496 7801 1276 7679 6668 1011 6622
internal_count=12531 12486 1511 10975 459 10619 1052 587 465 10327 281 369 291 671 447 356 175 125 224 146 9656 9573 1772 496 7801 1276 7679 6668 1011 6622
is_linear=0
shrinkage=0.05


Tree=118
num_leaves=31
num_cat=0
split_feature=14 10 3 14 7 11 7 8 7 15 0 7 8 10 7 15 12 12 14 12 10 8 10 7 13 8 15 7 15 13
split_gain=31.2976 20.3555 18.8262 27.592 24.3457 30.636 17.9981 28.5385 20.3469 29.4962 23.9867 21.1269 19.9928 35.896 26.9619 22.9343 22.6852 21.2776 20.562 20.2826 18.3894 17.6551 28.7405 22.0331 21.1157 17.5409 21.4254 20.4815 17.2566 16.9889
threshold=9184.5000000000018 0.9962888416657264 4.3770386266094432 5204.5000000000009 18.500000000000004 0.011826144619637555 1.0000000180025095e-35 1.0000000180025095e-35 8.5000000000000018 4101.0000000000009 19.300000000000001 22.500000000000004 1.0000000180025095e-35 -0.36647417525074694 13.500000000000002 6451.5000000000009 0.82414472752956958 0.79380680106549595 7265.5000000000009 0.878110924644389 -0.75579217237767959 4.5000000000000009 -0.89406062840022227 17.500000000000004 0.99924179677339053 5.5000000000000009 5719.5000000000009 6.5000000000000009 5593.5000000000009 0.39629089145655322
decision_type=10 2 2 10 2 2 2 2 2 10 2 2 2 2 2 10 2 2 10 2 2 2 2 2 2 2 10 2 8 2
left_child=1 6 3 -3 5 -5 7 -1 9 -8 25 12 13 14 -10 21 17 -17 -15 -18 -12 22 -14 -23 28 26 -11 -27 -24 -22
right_child=-2 2 -4 4 -6 -7 8 -9 11 10 20 -13 15 18 -16 16 19 -19 -20 -21 29 23 24 -25 -26 27 -28 -29 -30 -31
leaf_value=-2.7181970417540016 11.062969616710053 -6.2882292639960724 2.203662112748725 6.2476133536628371 -6.4891264247744402 -4.4797820506595825 -7.195839621998676 1.3685988796215043 -2.9218425844846481 -0.036253086530837211 1.1102806675783086 -0.9245681871367879 -0.38527104252550548 3.6748507662289285 1.1158258119023685 -0.063622973799328977 -3.1011513747926531 7.3057382547891399 17.292120621663255 -0.58255074432931908 -0.69293241656910143 -0.4989266439894891 8.9178869476324056 1.0966083184177025 -2.3468435591175876 -0.76076171384379454 -1.2577526613715238 -3.920781768496727 1.4996419379435111 0.60451386531433404
leaf_weight=71 46 115 51 98 73 50 92 440 163 2168 215 512 352 519 283 2364 151 54 59 650 181 1140 94 443 51 301 707 107 798 308
leaf_count=71 46 115 51 98 73 50 92 440 163 2168 215 512 352 519 283 2364 151 54 59 650 181 1140 94 443 51 301 707 107 798 308
internal_value=-0.000300229 -0.000451986 -0.0117268 -0.0160237 -0.00563063 0.00604027 -9.40772e-05 0.00908203 -0.000495176 -0.00334559 -0.00269559 0.00102829 0.00173406 0.00819512 -0.00246085 0.000647753 -0.00225155 0.000165358 0.0164076 -0.00953865 0.00567376 0.00389024 0.00821759 0.000347222 0.0127648 -0.00449147 -0.00311196 -0.0141809 0.0145577 0.000306122
internal_weight=12656 12610 387 336 221 148 12223 511 11712 4079 3987 7633 7121 1024 446 6097 3219 2418 578 801 704 2878 1295 1583 943 3283 2875 408 892 489
internal_count=12656 12610 387 336 221 148 12223 511 11712 4079 3987 7633 7121 1024 446 6097 3219 2418 578 801 704 2878 1295 1583 943 3283 2875 408 892 489
is_linear=0
shrinkage=0.05


Tree=119
num_leaves=31
num_cat=0
split_feature=15 10 3 6 2 12 12 8 11 2 13 11 12 11 8 1 8 7 7 8 12 6 1 2 10 12 15 1 13 13
split_gain=24.3372 20.9975 22.3874 22.5558 18.6308 16.4355 26.7632 27.2261 28.2069 23.5597 23.3857 23.4111 18.5513 32.8293 18.287 21.3453 17.346 26.5584 51.1394 27.4468 23.8069 20.658 19.0045 17.5485 16.5163 15.5732 15.5387 17.3401 17.1701 14.6341
threshold=9193.0000000000018 0.9962888416657264 3.5633047210300437 10.293991416309014 1.0000000180025095e-35 0.83966414931270739 0.56192297990542495 2.5000000000000004 -0.93237865822738086 11.047639484978541 0.47370525521770246 0.7487283477006671 0.79380680106549595 0.45847758937963173 3.5000000000000004 11.842636802575109 4.5000000000000009 3.5000000000000004 10.500000000000002 5.5000000000000009 0.52217737485370563 886.22103004291853 20.909321351931336 2.6349785407725297 -0.90893996196865023 0.5331367478917558 5980.5000000000009 10.08427664520744 0.62252290335232308 -0.26037588076992096
decision_type=10 2 2 2 2 2 2 2 2 2 2 2 2 2 2 2 2 2 2 2 2 2 2 2 2 2 8 2 2 2
left_child=1 5 3 -3 -5 6 9 8 -8 16 11 -7 -10 -14 -13 -16 20 19 24 29 -1 22 23 -20 -19 -22 27 -9 -29 -18
right_child=-2 2 -4 4 -6 10 7 26 12 -11 -12 14 13 -15 15 -17 17 18 21 -21 25 -23 -24 -25 -26 -27 -28 28 -30 -31
leaf_value=0.093323929134157879 11.293221264916248 -7.6134792032225054 1.6488149731832209 0.61690801328713862 -6.6138645957632436 -0.45873783663587347 -1.0338008696555108 5.0462089410383673 2.7219472680319998 4.7869924941026971 -1.7917925103811285 -0.035231384659391553 3.2591617225718439 -4.0232983616149793 6.4786361067092919 0.84255856929216866 0.43570241375291519 -0.24831114718626851 -0.060864727975831562 -0.89231193955463373 -4.0762478781427038 -7.2065795073078789 1.5718264129050568 -6.3149208034694766 -2.8960241681431853 -0.30372820829011293 -0.78016733863478294 1.1696407833981539 -0.73818043191608929 3.1583841300817768
leaf_weight=5457 45 115 86 137 47 1959 80 45 443 53 196 246 155 113 65 107 77 131 868 190 55 45 200 61 501 79 449 335 147 108
leaf_count=5457 45 115 86 137 47 1959 80 45 443 53 196 246 155 113 65 107 77 131 868 190 55 45 200 61 501 79 449 335 147 108
internal_value=-0.000432677 -0.000565692 -0.0120466 -0.0185 -0.00756757 -0.000201381 0.000750547 0.00630656 0.0131944 -0.000504728 -0.00374903 -0.00237595 0.0163624 0.00594796 0.00835322 0.0208092 -0.000733308 -0.00451421 -0.00702822 0.00757979 0.000742132 -0.000851064 0.000486726 -0.00252688 -0.0184834 -0.02 0.000716479 0.00653409 0.00372671 0.0212366
internal_weight=12595 12550 385 299 184 12165 9592 1767 791 7825 2573 2377 711 268 418 172 7772 2181 1806 375 5591 1174 1129 929 632 134 976 527 482 185
internal_count=12595 12550 385 299 184 12165 9592 1767 791 7825 2573 2377 711 268 418 172 7772 2181 1806 375 5591 1174 1129 929 632 134 976 527 482 185
is_linear=0
shrinkage=0.05


Tree=120
num_leaves=31
num_cat=0
split_feature=14 14 8 14 15 15 0 14 11 7 7 3 11 13 11 14 15 8 6 7 8 7 15 0 7 0 11 13 8 15
split_gain=21.5684 16.3827 18.4984 23.1103 26.4055 25.13 21.1183 20.1732 17.0072 16.8635 22.4685 20.2863 16.9878 20.9323 19.392 16.2119 15.9913 16.8019 17.749 18.142 15.6008 31.3331 21.6444 15.4449 14.6954 14.0264 13.8158 13.2942 15.5128 12.8368
threshold=8973.0000000000018 4181.0000000000009 1.5000000000000002 4730.5000000000009 6831.5000000000009 4797.5000000000009 17.403648068669529 6788.5000000000009 0.95436825032516992 20.500000000000004 17.500000000000004 4.7236051502145937 0.9989598388634241 0.74299920719979395 -0.49065906150552346 6081.5000000000009 5926.5000000000009 4.5000000000000009 209.19527896995706 10.500000000000002 1.0000000180025095e-35 6.5000000000000009 5966.5000000000009 12.371459227467813 3.5000000000000004 15.510944206008586 -0.35846086284744721 -0.30982845708428081 5.5000000000000009 5941.5000000000009
decision_type=10 10 2 10 10 8 2 10 2 2 2 2 2 2 2 10 10 2 2 2 2 2 8 2 2 2 2 2 2 10
left_child=1 24 9 5 7 6 27 8 -5 10 12 -12 13 14 -3 -6 -9 -18 19 -19 21 -15 -22 -24 -1 -21 29 -4 -29 -16
right_child=-2 2 3 4 15 -7 -8 16 -10 -11 11 -13 -14 20 26 -17 17 18 -20 25 22 -23 23 -25 -26 -27 -28 28 -30 -31
leaf_value=-4.2019237520243449 4.1129206996070939 -0.73377468349717678 -2.8553414317688297 0.034280242231079686 8.895357714449597 -5.1424649057680201 0.31684214901360974 2.9390649066211609 -1.4089540778788887 -0.51036933334546575 1.9101166184216483 11.673277379016326 -2.9068975159380446 -0.37756654139802781 3.6699736018039406 -0.91759290681106909 1.7116906935646512 -8.0089384457789041 -2.758337635690987 6.5103045604689669 2.6478951715213954 10.482056891030698 4.2276984282523244 -2.8979885603685944 -1.9073162153993508 -0.49702256054933969 0.26207611524287133 0.68354109800766316 -2.8981935695385803 -0.10230045436601359
leaf_weight=46 79 477 138 5187 62 101 179 178 387 466 382 57 56 89 69 1873 345 45 113 91 107 160 47 111 83 68 1422 71 51 48
leaf_count=46 79 477 138 5187 62 101 179 178 387 466 382 57 56 89 69 1873 345 45 113 91 107 160 47 111 83 68 1422 71 51 48
internal_value=-0.00025419 -0.000419664 -0.00023423 -0.00144544 -0.000796407 -0.0114603 -0.00625 0.000748246 -0.000340807 0.00284937 0.00421348 0.0146591 0.00243525 0.00304228 0.000743679 -0.00591426 0.00796671 0.00437406 -0.00393082 0.00487805 0.0120388 0.021 0.00357143 -0.0081761 -0.0180769 0.0128125 0.00347403 -0.0153257 -0.00325203 0.0199153
internal_weight=12588 12509 12380 8889 8349 540 439 6414 5574 3491 3025 439 2586 2530 2016 1935 840 662 317 204 514 249 265 158 129 159 1539 260 122 117
internal_count=12588 12509 12380 8889 8349 540 439 6414 5574 3491 3025 439 2586 2530 2016 1935 840 662 317 204 514 249 265 158 129 159 1539 260 122 117
is_linear=0
shrinkage=0.05


Tree=121
num_leaves=31
num_cat=0
split_feature=15 15 7 8 7 15 11 0 8 15 8 10 7 10 1 11 1 1 0 15 14 11 13 0 7 1 13 10 10 10
split_gain=23.3438 17.7457 17.1459 26.3393 16.4937 37.2262 34.0854 29.0965 27.4692 21.4764 29.5665 25.684 19.7395 19.1784 21.5176 17.5269 26.7868 21.66 16.628 29.4291 21.0354 17.524 16.9505 16.6086 17.2816 16.2183 16.1708 15.1471 16.0735 15.0289
threshold=9193.0000000000018 4177.5000000000009 21.500000000000004 5.5000000000000009 17.500000000000004 5900.5000000000009 0.74298546529340237 27.427467811158802 5.5000000000000009 6786.5000000000009 4.5000000000000009 -0.48314718476766422 7.5000000000000009 -0.26866367175705824 14.375974606580831 0.70747208174348741 21.076555793991417 22.370833333333334 16.69484978540773 7078.5000000000009 7151.5000000000009 0.99349222267034787 0.87291090774974645 10.06051502145923 20.500000000000004 23.223243025751074 -0.99054309756674508 0.79383249484937135 -0.98803845231459242 -0.74441730022405961
decision_type=10 8 2 2 2 10 2 2 2 8 2 2 2 2 2 2 2 2 2 10 10 2 2 2 2 2 2 2 2 2
left_child=1 -1 4 26 8 -6 7 -7 9 -3 11 29 -13 14 -14 16 27 -18 19 -15 21 -21 -20 -8 -25 -19 -4 28 -10 -11
right_child=-2 2 3 -5 5 6 23 -9 15 10 -12 12 13 18 -16 -17 17 25 22 20 -22 -23 -24 24 -26 -27 -28 -29 -30 -31
leaf_value=-2.5016347294643313 13.713341608682459 0.14455829431976783 -5.621765502273206 2.2898225312661453 2.9661210377495082 -0.39350478852943527 10.39164957971766 3.6386856773124467 -0.16814609137411482 -0.43266282096883518 -12.358418574145617 -12.171506291523839 9.0962329207653063 9.1271538041459745 -0.1900136458371435 0.27366222141497476 1.5966624614429976 -4.6762454525311341 -3.9992236556057152 4.9574856525579438 -1.2474538796349863 -9.7007905023567673 0.17323099558539071 2.7752482431162209 -1.5752511395707871 -0.11520254744120849 -0.75901547387011314 -1.7401926115718198 -3.9055438197843615 -2.3766008549962865
leaf_weight=99 44 6277 46 153 199 1278 56 90 52 127 72 46 79 117 78 360 134 52 124 270 504 66 82 337 112 172 853 274 253 207
leaf_count=99 44 6277 46 153 199 1278 56 90 52 127 72 46 79 117 78 360 134 52 124 270 504 66 82 337 112 172 853 274 253 207
internal_value=-0.000392421 -0.000521082 -0.000352819 -0.00645774 0.000210176 0.00424506 0.00205443 -0.00204529 -0.000684712 0.000403727 -0.00445572 -0.00311581 -7.31529e-05 0.0010598 0.0174051 -0.00743451 -0.0110341 -0.000278552 -0.00115979 0.00161795 -0.00166468 0.00801187 -0.0140097 0.0131423 0.00988889 -0.00977778 -0.00972222 -0.0176724 -0.0253268 -0.0155224
internal_weight=12613 12569 12470 1052 11418 2072 1873 1368 9346 8049 1772 1700 1366 1320 157 1297 937 358 1163 957 840 336 206 505 449 224 899 579 305 334
internal_count=12613 12569 12470 1052 11418 2072 1873 1368 9346 8049 1772 1700 1366 1320 157 1297 937 358 1163 957 840 336 206 505 449 224 899 579 305 334
is_linear=0
shrinkage=0.05


Tree=122
num_leaves=31
num_cat=0
split_feature=14 8 14 12 12 12 0 1 7 10 12 12 12 13 12 3 13 1 13 12 12 0 1 1 12 10 10 0 1 7
split_gain=26.5418 15.5463 30.9503 19.3006 32.2517 25.008 25.3695 19.0597 18.738 19.0454 19.5094 17.9388 17.4463 16.919 46.2589 27.3181 19.2524 24.1341 17.5468 16.496 15.2911 13.7666 21.2614 13.1732 32.3907 33.4928 42.0901 41.3197 29.6441 18.4383
threshold=9184.5000000000018 1.5000000000000002 4530.5000000000009 0.84313847884979054 0.63423707282422626 0.79380680106549595 19.244420600858373 26.01285765379113 21.500000000000004 -0.54939360607974019 0.86113431103781346 0.52217737485370563 0.98519415784776321 0.95938053495154851 0.019351116170480156 5.2270386266094429 0.74299920719979395 11.54145654506438 0.6952237066490784 0.9962888416657264 -0.48314718476766422 17.050000000000001 22.620743919885552 20.268191165951361 -0.039769906970920914 -0.98523971305672675 -0.77245553105869302 19.686051502145926 16.227378397711018 1.0000000180025095e-35
decision_type=10 2 10 2 2 2 2 2 2 2 2 2 2 2 2 2 2 2 2 2 2 2 2 2 2 2 2 2 2 2
left_child=1 3 -3 4 7 21 -7 11 9 12 -11 13 -5 16 -15 -16 17 -1 -19 -12 -18 -6 -23 28 -25 -26 -27 -28 29 -4
right_child=-2 2 23 8 5 6 -8 -9 -10 10 19 -13 -14 14 15 -17 20 18 -20 -21 -22 22 -24 24 25 26 27 -29 -30 -31
leaf_value=-3.0547677626735776 15.382035376681507 -5.1805530219679445 2.0821589121694388 -1.7991352937967577 5.6267585149951858 -3.4565321291286639 3.1596728768040521 8.2034409800608952 -3.3658557689332613 -1.8064351816627324 3.1102484225557649 -2.8633047919685852 0.086477977682284296 -6.3467989513376786 -0.94312549159394621 7.8041753285797775 4.4048992265240487 0.34539135510735836 -7.0072454672636928 -2.3312072677485047 1.0076572313851331 -0.46978839441567288 9.8382534532672263 1.1107018156768391 -1.5231584463381296 0.69242998793929478 -2.8872837598410572 -0.11294021137582605 -0.86324505639699967 -0.077128327690047627
leaf_weight=40 41 159 184 156 172 89 73 48 58 48 258 77 122 132 63 72 90 1619 79 53 252 73 42 692 167 744 168 1008 1767 4086
leaf_count=40 41 159 184 156 172 89 73 48 58 48 258 77 122 132 63 72 90 1619 79 53 252 73 42 692 167 744 168 1008 1767 4086
internal_value=-0.000395789 -0.000528113 -0.00164327 0.00223942 0.00402122 0.0163333 0.000613497 0.00177922 -0.00524425 -0.00274295 0.00486111 0.00115464 -0.0125448 0.00193782 -0.00988806 0.0106618 0.00345988 0.0013226 0.00223661 0.00945513 0.0142857 0.0251736 0.0116379 -0.00124759 0.00160072 -0.00150862 0.000364394 -0.00552251 -0.00255879 -0.000304378
internal_weight=12632 12591 8975 3616 2921 449 162 2472 695 637 359 2424 278 2347 267 135 2080 1738 1698 311 342 287 115 8816 2779 2087 1920 1176 6037 4270
internal_count=12632 12591 8975 3616 2921 449 162 2472 695 637 359 2424 278 2347 267 135 2080 1738 1698 311 342 287 115 8816 2779 2087 1920 1176 6037 4270
is_linear=0
shrinkage=0.05


Tree=123
num_leaves=31
num_cat=0
split_feature=14 14 8 12 12 12 10 14 7 6 13 10 13 10 10 15 14 7 7 12 10 12 12 6 10 15 8 15 7 7
split_gain=17.1832 14.4458 16.2361 19.5283 20.5653 50.0525 19.2255 17.9151 15.5963 14.8749 18.7455 28.8526 27.4223 17.7143 18.2019 14.7168 18.4278 15.5792 15.3597 12.8866 13.7738 14.801 18.1124 13.2533 12.8336 15.1693 12.672 12.5037 13.4873 29.5422
threshold=9184.5000000000018 4181.0000000000009 1.5000000000000002 -0.99467753128998015 0.79380680106549595 0.66527693225344786 0.8697513045430848 4674.5000000000009 3.5000000000000004 328.6695278969957 0.89693010073300883 -0.022576249993022688 0.76558174705471205 -0.49813634056773481 -0.59869031648930193 6845.5000000000009 6610.5000000000009 1.0000000180025095e-35 8.5000000000000018 0.99274428880883148 0.54219432480460406 0.98519415784776321 0.94911049632748046 1.0922746781115882 0.94704596667653973 4616.5000000000009 5.5000000000000009 4440.5000000000009 9.5000000000000018 6.5000000000000009
decision_type=10 10 2 2 2 2 2 10 2 2 2 2 2 2 2 8 10 2 2 2 2 2 2 2 2 10 2 10 2 2
left_child=1 8 3 -3 5 9 19 24 -1 10 12 -12 13 14 -5 16 17 -9 -17 20 21 22 -6 -22 25 26 -4 -19 29 -29
right_child=-2 2 7 4 6 -7 -8 15 -10 -11 11 -13 -14 -15 -16 18 -18 27 -20 -21 23 -23 -24 -25 -26 -27 -28 28 -30 -31
leaf_value=-3.8642952684579543 9.4139441804389214 -1.5959312174177058 1.1197309035662328 0.90228112385402715 -0.14539612439723443 6.095677388248987 -10.489384965129876 0.79259861649611596 -1.5425530406812868 -0.22504032619997361 -4.0173245098942516 1.5395475049218021 4.9390522863847313 -0.056267896449526233 3.7158207364436748 -3.3524133148228432 0.91775221070872703 1.2484317846069191 -0.49767406442938411 -1.9545506275967455 0.037285073605676192 2.6972628312647888 -2.7235267390668016 7.570810086297616 -5.1364020310209071 -2.3503285206826376 -0.75361832086073266 -0.069075444337795486 0.013763167719389457 -1.7233951151228895
leaf_weight=42 46 74 84 523 316 191 59 371 79 632 133 203 189 585 67 135 1236 149 1873 148 118 57 59 106 43 114 139 1721 2341 656
leaf_count=42 46 74 84 523 316 191 59 371 79 632 133 203 189 585 67 135 1236 149 1873 148 118 57 59 106 43 114 139 1721 2341 656
internal_value=-0.000388311 -0.00050225 -0.000332711 0.00257151 0.00312961 0.00540808 -0.00353009 -0.00146677 -0.017623 0.0033862 0.00582011 -0.00474777 0.00842491 0.00556973 0.0116751 -0.000990216 0.000169884 -0.00112617 -0.00472872 -0.00149068 0.00152207 -0.00369515 -0.00731383 0.0115556 -0.0120735 -0.00872781 -0.00111607 -0.00187962 -0.002331 -0.00498318
internal_weight=12489 12443 12322 3460 3386 2523 863 8862 121 2332 1700 336 1364 1175 590 8482 6474 5238 2008 804 656 432 375 224 380 337 223 4867 4718 2377
internal_count=12489 12443 12322 3460 3386 2523 863 8862 121 2332 1700 336 1364 1175 590 8482 6474 5238 2008 804 656 432 375 224 380 337 223 4867 4718 2377
is_linear=0
shrinkage=0.05


Tree=124
num_leaves=31
num_cat=0
split_feature=14 2 14 7 15 8 1 14 12 0 11 11 11 11 15 7 8 11 0 7 7 15 14 1 1 11 7 12 12 3
split_gain=17.7586 17.9968 15.6834 12.7523 14.1917 12.8085 24.7525 20.5138 14.7652 15.837 15.4781 21.4444 19.4477 22.3606 18.4506 23.4567 69.8135 16.6729 12.2697 16.5883 13.1411 12.1937 20.6993 15.546 21.3037 23.8643 16.0147 12.8322 14.8335 16.2116
threshold=8973.0000000000018 9.9789699570815475 4102.5000000000009 22.500000000000004 6760.5000000000009 1.5000000000000002 9.5557761087267554 4489.5000000000009 0.99351232050787985 20.861587982832621 0.9989598388634241 0.57605713708605399 0.65720762023595369 0.71952396275653763 5691.5000000000009 3.5000000000000004 1.0000000180025095e-35 0.2499757677084001 12.539699570815452 10.500000000000002 19.500000000000004 6845.5000000000009 6539.5000000000009 14.096266988555081 11.842636802575109 0.53312596302726967 19.500000000000004 -0.48314718476766422 -0.19337636264337835 2.8577253218884135
decision_type=10 2 10 2 8 2 2 10 2 2 2 2 2 2 10 2 2 2 2 2 2 10 10 2 2 2 2 2 2 2
left_child=1 2 -1 5 -5 6 -4 -7 10 -10 11 14 -13 -14 15 16 -8 -17 19 -16 -20 22 -9 24 25 -23 -25 -27 -29 -30
right_child=-2 -3 3 4 -6 7 8 21 9 -11 -12 12 13 -15 18 17 -18 -19 20 -21 -22 23 -24 26 -26 27 -28 28 29 -31
leaf_value=-6.3210957369145948 4.5321469188518222 1.8726072097437283 10.354961028392337 -0.40498181031971403 -4.386910885264979 -4.8894643367926625 -2.7608994702396785 -0.10022522057597599 -2.7835233890381463 0.54422528105624224 -2.4102095586038104 6.7940278725840475 -2.9609725687499124 1.3861397272979503 -1.2612551535463354 2.4763206872959476 1.0469941810608816 -0.38501854390597146 -0.20355633032208972 13.870204656179931 -0.82424553966388892 -4.6317488383661383 0.87266073917944598 -0.60031756867624608 1.0561935502273401 3.0786947244696878 -2.0041569394646106 -11.411282384345123 -5.4466172528642804 0.54594256890973158
leaf_weight=73 92 255 56 484 53 89 178 4999 87 41 69 107 50 827 53 255 183 62 1049 64 219 81 1391 556 650 43 140 57 51 246
leaf_count=73 92 255 56 484 53 89 178 4999 87 41 69 107 50 827 53 255 183 62 1049 64 219 81 1391 556 650 43 140 57 51 246
internal_value=-0.000262718 -0.000425054 -0.000700016 -0.000560086 -0.0080855 -0.000211134 0.00242351 -0.00125843 0.001849 -0.0147287 0.00253449 0.00306759 0.00913706 0.00666287 0.000169574 0.00692194 -0.00179558 0.0168239 -0.00313853 0.0122881 -0.00457053 -0.000998174 3.1294e-05 -0.00460274 -0.000974314 -0.00897704 -0.0104735 -0.00389447 -0.00704225 -0.00251678
internal_weight=12560 12468 12213 12140 537 11603 3300 8303 3244 128 3116 3047 984 877 2063 678 361 317 1385 117 1268 8214 6390 1824 1128 478 696 397 354 297
internal_count=12560 12468 12213 12140 537 11603 3300 8303 3244 128 3116 3047 984 877 2063 678 361 317 1385 117 1268 8214 6390 1824 1128 478 696 397 354 297
is_linear=0
shrinkage=0.05


Tree=125
num_leaves=31
num_cat=0
split_feature=14 15 15 6 2 6 10 0 15 14 8 15 1 10 15 11 11 6 13 6 10 15 0 0 8 11 0 1 6 14
split_gain=23.717 20.6876 17.2808 15.2332 21.0458 16.6231 14.7244 13.6328 13.0971 39.4508 26.3143 16.7218 13.7843 23.2872 13.8718 17.8887 16.837 15.2753 12.8784 18.4495 31.3372 24.305 17.3992 13.0581 11.5074 16.5418 15.6853 18.3676 14.5902 13.5255
threshold=4489.5000000000009 4177.5000000000009 9193.0000000000018 826.87553648068672 6.2173819742489274 523.51931330472109 0.93544191479114935 21.723819742489272 5296.5000000000009 5252.5000000000009 1.5000000000000002 5184.5000000000009 9.9252190629470682 -0.15101209918632377 8074.5000000000009 0.99024581825578073 0.9980355542543059 121.86909871244636 -0.68275178320790053 0.65021459227467815 0.79383249484937135 4761.5000000000009 20.545493562231762 16.616094420600859 2.5000000000000004 0.2332836900311728 18.272103004291846 17.742444563662378 575.25107296137344 4915.5000000000009
decision_type=10 10 10 2 2 2 2 2 8 10 2 10 2 2 10 2 2 2 2 2 2 10 2 2 2 2 2 2 2 10
left_child=1 -1 3 4 8 -6 -3 -5 11 10 -10 18 13 -11 15 17 -17 -15 24 21 23 22 -20 -21 25 -2 27 29 -28 -26
right_child=2 6 -4 7 5 -7 -8 -9 9 12 -12 -13 -14 14 -16 16 -18 -19 19 20 -22 -23 -24 -25 26 -27 28 -29 -30 -31
leaf_value=-5.6490883974714059 1.1985662232469394 -0.14992715197170128 10.203618795408012 -4.4183499593123541 3.2869051428853711 0.29619239265866781 -3.958927153171226 -0.36976457066664353 -0.72791447419831457 7.7257239998984009 -4.9582027107101574 1.0021098559742996 -0.02792148842927418 -0.020108885682043366 14.654784483211461 11.649585571589114 -2.3030619526258307 -3.4612621243206378 0.74891980934121427 -7.4397068965012068 7.2065612625721771 0.018454573755161619 2.4490097879815722 -1.2045844048287564 -1.9829848929442961 -0.9489141997343723 0.52407873108504643 -1.8901054305788421 -5.3972574444520438 0.44761320926015746
leaf_weight=70 152 438 50 73 151 305 83 508 493 50 165 444 6839 90 51 56 43 48 596 44 55 888 70 190 78 48 231 154 43 168
leaf_count=70 152 438 50 73 151 305 83 508 493 50 165 444 6839 90 51 56 43 48 596 44 55 888 70 190 78 48 231 154 43 168
internal_value=-0.000110454 -0.00988176 0.000368256 0.000245139 0.000646119 0.0111597 -0.00641762 -0.00764605 0.000209148 -0.000886932 -0.0125948 0.00292536 0.000188075 0.0100295 0.00449827 -0.000630252 0.0155 -0.0122302 0.00145327 0.00382321 -0.00775862 0.00598071 0.0131934 -0.0157447 -0.00354286 0.00696517 -0.00666667 -0.0129676 0.00254545 -0.00445344
internal_weight=12674 591 12083 12033 11452 456 521 581 10996 7835 658 3161 7177 338 288 237 99 138 2717 1843 289 1554 666 234 874 200 674 400 274 246
internal_count=12674 591 12083 12033 11452 456 521 581 10996 7835 658 3161 7177 338 288 237 99 138 2717 1843 289 1554 666 234 874 200 674 400 274 246
is_linear=0
shrinkage=0.05


Tree=126
num_leaves=31
num_cat=0
split_feature=14 10 10 0 10 7 0 8 15 11 8 7 8 14 7 8 0 11 14 12 3 12 10 7 8 6 7 2 12 8
split_gain=16.8642 15.2546 16.3311 14.2836 13.2882 12.1833 23.1752 20.3378 25.2397 21.5372 16.8285 34.9982 31.3111 21.6384 18.0211 19.2769 18.6575 17.01 16.4109 23.4327 15.0388 17.7065 15.4424 15.0374 38.1594 35.7423 26.4768 18.9827 17.3481 15.5816
threshold=9184.5000000000018 0.9962888416657264 0.99983759474438971 11.857725321888415 0.99374995976406788 9.5000000000000018 19.487553648068673 5.5000000000000009 5431.5000000000009 0.73136292505298039 1.0000000180025095e-35 3.5000000000000004 1.5000000000000002 4719.5000000000009 5.5000000000000009 4.5000000000000009 15.687982832618028 0.38043945030393422 4489.5000000000009 -0.69057042736241547 4.7236051502145937 -0.48971288843577082 -0.099819732675876835 19.500000000000004 5.5000000000000009 132.74463519313306 15.500000000000002 3.3124463519313285 -0.814291907305839 4.5000000000000009
decision_type=10 2 2 2 2 2 2 2 8 2 2 2 2 10 2 2 2 2 10 2 2 2 2 2 2 2 2 2 2 2
left_child=1 4 3 -3 5 6 7 8 10 -9 11 -1 18 -14 15 -15 -17 -13 19 -12 23 -22 -23 25 27 26 -7 28 -25 -27
right_child=-2 2 -4 -5 -6 20 -8 9 -10 -11 12 17 13 14 -16 16 -18 -19 -20 -21 21 22 -24 24 -26 29 -28 -29 -30 -31
leaf_value=-2.3530350045129582 9.1421692197680837 1.9176883122402615 2.0113580857108673 -4.1370229106100629 1.7438070129167955 10.154887588737621 0.39850730129392109 -2.1263458691285453 -0.78574371554445865 0.055563002426083585 1.0817065591367736 2.1607357298556735 -1.0469638525867595 0.07459442939948531 -1.7367079490294146 1.9249690929652843 -0.012058856613907666 -0.4040211299965904 1.9700276105353625 -0.604889658801676 4.405459644892562 -4.288685407782487 1.4061726961683236 0.29263615428553752 1.9214040844276044 0.17194049107115461 1.2793497474771813 2.2006272863466392 -1.0683743519854489 -0.86837945687484541
leaf_weight=211 40 40 74 264 110 141 951 370 1427 206 51 88 255 658 198 149 88 95 207 69 116 82 555 276 224 2709 721 106 962 1080
leaf_count=211 40 40 74 264 110 141 951 370 1427 206 51 88 255 658 198 149 88 95 207 69 116 82 555 276 224 2709 721 106 962 1080
internal_value=-0.00030741 -0.000412528 -0.0102902 -0.0154098 -0.000103255 -0.000262588 -0.00213973 -0.003781 -0.00234487 -0.0124783 0.00118357 -0.00810127 0.00337112 0 0.00306216 0.00608259 0.0182773 0.00788043 0.0172256 0.00247934 0.00108992 0.00775862 0.00446708 0.00028135 -0.00395156 0.00170894 0.0108922 -0.00713755 -0.00887813 -0.000382586
internal_weight=12523 12483 378 304 12105 11995 5023 4072 3496 576 2069 394 1675 1348 1093 895 237 183 327 120 6972 753 637 6219 1568 4651 862 1344 1238 3789
internal_count=12523 12483 378 304 12105 11995 5023 4072 3496 576 2069 394 1675 1348 1093 895 237 183 327 120 6972 753 637 6219 1568 4651 862 1344 1238 3789
is_linear=0
shrinkage=0.05


Tree=127
num_leaves=31
num_cat=0
split_feature=14 12 12 5 8 11 13 12 12 12 14 2 10 15 1 1 8 14 7 8 12 12 14 7 11 1 15 14 15 14
split_gain=18.6426 17.7768 24.5372 23.9929 21.6707 22.9394 18.3186 17.9069 16.8746 24.8902 21.0752 15.9462 15.9235 15.0626 18.8165 17.4573 14.6081 24.4087 29.5529 31.1339 21.3594 20.6759 18.7211 18.3841 18.0944 18.8304 17.6799 20.157 16.4519 14.5099
threshold=9184.5000000000018 0.82414472752956958 0.56192297990542495 4.0072160198198539 2.5000000000000004 -0.93845867424155849 0.47370525521770246 0.86440767487108461 0.61746692340271048 0.71953851835684701 6232.5000000000009 11.047639484978541 0.84313847884979054 6493.5000000000009 12.494362482117312 20.323193848354794 4.5000000000000009 4643.5000000000009 3.5000000000000004 5.5000000000000009 0.52217737485370563 0.5331367478917558 7691.5000000000009 10.500000000000002 0.96849880583763492 10.179403612303291 5811.5000000000009 6577.5000000000009 4631.5000000000009 5861.5000000000009
decision_type=10 2 2 2 2 2 2 2 2 2 10 2 2 10 2 2 2 10 2 2 2 2 10 2 2 2 10 10 10 10
left_child=1 2 11 6 5 -4 12 -8 -6 -10 -11 16 -3 15 -15 -7 20 -18 19 -19 22 -22 -1 26 -24 -26 27 -20 -25 -14
right_child=-2 3 4 -5 8 13 7 -9 9 10 -12 -13 29 14 -16 -17 17 18 23 -21 21 -23 24 28 25 -27 -28 -29 -30 -31
leaf_value=0.023864459525225357 9.2535513616987384 -0.28805101382336035 -2.6709110203876665 0.97231012986708265 1.0740433827250855 -0.028193958010137979 -0.51786627333285651 -4.7361686371864833 -1.7884207300657637 1.10755651840675 -0.73384885794914689 5.0320148402039422 0.38067219154345366 11.464876547199038 0.85416167335906723 2.8181402692036275 -2.5923912173333523 2.0140322207598729 -1.4739846365796894 -0.68307616003369276 -4.6726870208201037 -0.23532194889639868 4.6048739962284797 3.6611599087324977 10.044443255122133 -1.3243535741160941 -7.4800905544589575 1.9512438389370801 -0.48601935864667212 -4.3035432272935852
leaf_weight=5386 45 2068 41 252 268 208 139 64 201 214 238 58 47 149 113 150 191 169 490 138 59 79 191 46 48 123 48 70 1175 103
leaf_count=5386 45 2068 41 252 268 208 139 64 201 214 238 58 47 149 113 150 191 169 490 138 59 79 191 46 48 123 48 70 1175 103
internal_value=-0.000250557 -0.000367207 0.000613964 -0.0039828 0.00631712 0.0132175 -0.00551197 -0.0198529 0.00135575 -0.00298165 0.00353201 -0.000477515 -0.00419108 0.01562 0.0247148 0.00891365 -0.000663501 -0.00401632 -0.00248011 0.0118506 0.000662477 -0.018705 0.00113063 -0.00489071 0.0121212 0.000290698 -0.0119869 -0.00944742 -0.00135025 -0.0198675
internal_weight=12571 12526 9853 2673 1582 661 2421 203 921 653 452 8271 2218 620 262 358 8213 2327 2136 307 5886 138 5748 1829 362 171 608 560 1221 150
internal_count=12571 12526 9853 2673 1582 661 2421 203 921 653 452 8271 2218 620 262 358 8213 2327 2136 307 5886 138 5748 1829 362 171 608 560 1221 150
is_linear=0
shrinkage=0.05


Tree=128
num_leaves=31
num_cat=0
split_feature=10 2 6 12 12 12 12 10 10 10 6 11 11 0 3 8 8 8 12 0 10 7 12 10 10 12 13 10 12 12
split_gain=13.6681 13.0122 33.5459 17.3865 20.0107 19.4836 13.6559 21.9119 13.3219 51.0202 36.56 33.9008 29.1273 28.0935 25.6853 25.6021 23.4662 16.7824 16.7499 18.545 48.9048 18.516 16.3262 16.2753 17.8689 15.0082 23.5252 14.7352 13.911 22.4316
threshold=0.9962888416657264 1.5512875536480684 432.9227467811159 -0.92923668111203805 -0.75015329512557194 -0.32614396506100213 0.8277925332691819 -0.69674959280705229 0.022575936829235418 -0.15101209918632377 502.97424892703867 -0.49065906150552346 -0.40613878790836594 19.487553648068673 6.3302575107296146 2.5000000000000004 3.5000000000000004 1.0000000180025095e-35 -0.998663445439673 17.200000000000003 -0.8041866928211282 15.500000000000002 -0.159513159777915 0.22700754078277605 0.29342972903661901 -0.86114227455745762 -0.82413948779581736 -0.21861968191509915 0.71051919230648819 0.60726729507090926
decision_type=2 2 2 2 2 2 2 2 2 2 2 2 2 2 2 2 2 2 2 2 2 2 2 2 2 2 2 2 2 2
left_child=1 8 6 -4 -5 -6 -3 -8 9 10 11 13 -13 -1 28 27 22 -15 -17 20 -20 25 -11 -16 -25 -21 -27 -14 29 -10
right_child=-2 2 3 4 5 -7 7 -9 14 16 -12 12 15 17 23 18 -18 -19 19 21 -22 -23 -24 24 -26 26 -28 -29 -30 -31
leaf_value=-2.0264323508483812 -2.2611563903598837 1.7559309012074664 -2.1988099433598562 3.4146465190900472 -2.6868210529630687 0.10053213641242564 2.2721514138753038 -0.25975274023207934 0.020752046976622297 -24.354898946474421 -4.3194533236754982 2.2024414353895736 0.45559757607124995 -1.5351889170079176 7.3006056010192886 1.6051666064299752 -0.33477354325414127 0.13010981456222909 -2.6002721728161307 -1.739476010762246 -0.1363442453201742 -0.81776121274901925 -2.4496526818515125 -0.93129531199510895 1.2178121120308789 0.23861032220984271 2.1000851414305091 3.2227186913689367 -0.62508026891600821 2.8816424635049089
leaf_weight=371 372 467 53 74 170 1136 60 205 2509 120 97 124 1441 65 96 94 145 450 255 103 774 340 194 93 547 299 167 42 1375 250
leaf_count=371 372 467 53 74 170 1136 60 205 2509 120 97 124 1441 65 96 94 145 450 255 103 774 340 194 93 547 299 167 42 1375 250
internal_value=-0.000224197 6.60229e-05 0.00357802 -0.000871688 0.000217234 -0.00122418 0.0122783 0.00319549 -0.000698352 -0.00248918 -0.000908501 -0.000254087 0.00188187 -0.00901917 0.00117019 0.00103811 -0.0183696 -0.00145349 -0.00260698 -0.00361011 -0.00820388 0.00159341 -0.0260317 0.00976934 0.00686427 0.00710526 0.0109208 0.006031 -0.000362757 0.00168478
internal_weight=12488 12116 2165 1433 1380 1306 732 265 9951 5081 4622 4525 3639 886 4870 3515 459 515 2032 1938 1029 909 314 736 640 569 466 1483 4134 2759
internal_count=12488 12116 2165 1433 1380 1306 732 265 9951 5081 4622 4525 3639 886 4870 3515 459 515 2032 1938 1029 909 314 736 640 569 466 1483 4134 2759
is_linear=0
shrinkage=0.05


Tree=129
num_leaves=31
num_cat=0
split_feature=6 14 2 10 6 11 10 12 3 13 12 10 11 0 15 8 11 10 15 13 10 12 11 14 15 14 13 13 10 6
split_gain=24.3482 15.6617 16.008 24.1314 20.5114 16.6162 14.8685 13.2695 27.5185 20.5064 18.1237 13.6251 17.2237 16.2344 13.8655 12.1832 19.5593 65.3537 28.6612 18.2428 26.1918 29.7268 15.373 15.7395 17.5636 20.3359 18.2217 15.9933 15.9674 15.9193
threshold=892.60729613733918 9184.5000000000018 3.7699570815450643 -0.47558551945199218 493.70815450643778 -0.97315270831292444 0.57077594689671507 0.82414472752956958 6.3630901287553661 0.47370525521770246 0.80417553764032002 0.84313847884979054 -0.70900320270980455 19.244420600858373 6988.5000000000009 3.5000000000000004 0.99138911339924218 -0.022576249993022688 6465.5000000000009 0.75438814418115718 0.30983042691905771 0.52217737485370563 0.99932962452255414 4658.5000000000009 5954.5000000000009 6417.5000000000009 -0.9787668070481591 -0.85227283847737434 0.91596454896554913 11.72961373390558
decision_type=2 10 2 2 2 2 2 2 2 2 2 2 2 2 10 2 2 2 10 2 2 2 2 10 8 10 2 2 2 2
left_child=1 2 5 -4 -5 -1 -2 10 9 11 15 12 13 -9 -13 16 19 -18 -19 -7 21 -21 23 -17 25 28 -26 29 -25 -28
right_child=6 -3 3 4 -6 7 -8 8 -10 -11 -12 14 -14 -15 -16 22 17 18 -20 20 -22 -23 -24 24 26 -27 27 -29 -30 -31
leaf_value=-1.5829198380508842 -1.0654188536163021 8.5309775245040331 -0.010908995885210972 3.6477655261019892 0.85681495362787252 0.11326498031808115 -5.2006684594454784 -3.5835014891478298 1.2539756521974141 -2.2040188463869526 3.6415994743333613 -1.2577587815694642 -0.045722305224217052 -0.66859052807535591 -5.1815341061250368 -2.1150964036889719 -19.727338768021674 -0.99145517103336267 6.6010602463996975 1.7375595539985171 9.6252205414013368 -2.6780470407270744 3.3647428524527414 0.16024002995777664 -3.8157434326177282 1.5237863279592148 -0.97703664540281354 -1.0580095881162379 -1.5248107130649715 3.3211836809186481
leaf_weight=306 243 42 700 152 312 3771 64 43 247 143 120 79 1321 244 69 192 124 138 92 532 94 70 42 1423 138 299 53 1049 399 93
leaf_count=306 243 42 700 152 312 3771 64 43 247 143 120 79 1321 244 69 192 124 138 92 532 94 70 42 1423 138 299 53 1049 399 93
internal_value=-0.00023819 0.000109863 4.08297e-06 0.0055794 0.0144086 -0.000582025 -0.0141234 -0.000255197 -0.00377271 -0.00581579 0.00061993 -0.00432555 -0.00298322 -0.0140625 -0.0187919 0.000346651 0.00200124 -0.00929577 0.00649351 0.00289839 0.01033 0.00646766 -0.00181621 -0.00216616 -0.00138929 0.00143732 -0.00588456 -0.00388796 -0.000548546 0.0115646
internal_weight=12594 12287 12245 1164 464 11081 307 10775 2146 1899 8629 1756 1608 287 148 8509 4821 354 230 4467 696 602 3688 3646 3454 2121 1333 1195 1822 146
internal_count=12594 12287 12245 1164 464 11081 307 10775 2146 1899 8629 1756 1608 287 148 8509 4821 354 230 4467 696 602 3688 3646 3454 2121 1333 1195 1822 146
is_linear=0
shrinkage=0.05


Tree=130
num_leaves=31
num_cat=0
split_feature=1 1 12 0 8 10 0 15 0 1 13 11 13 1 10 12 10 10 10 1 6 6 0 3 1 15 12 1 1 12
split_gain=13.7017 24.1612 30.277 23.3222 22.2965 20.6204 17.6993 17.7053 17.317 42.9863 30.9555 15.7482 23.4219 15.4411 17.9925 14.4331 53.8953 34.4715 25.8904 23.5797 18.0328 17.3975 16.9069 14.6643 30.8236 29.585 17.4539 24.5221 22.291 25.1863
threshold=23.613863555078684 14.916653254649502 0.98519415784776321 19.545493562231762 3.5000000000000004 0.99552231814189451 21.128540772532194 4723.5000000000009 16.839484978540774 16.770511444921322 0.24998039114150908 -0.54940789553007929 0.94353349168649059 25.790347818311879 -0.39826117949089107 -0.29343379936893921 -0.022576249993022688 0.97112537654464559 0.93544191479114935 9.2920153791130211 293.01287553648075 371.25751072961378 11.98991416309013 6.7079399141630915 11.987947067238915 7603.5000000000009 0.43152950955792641 14.437133404864094 12.091197246065811 0.94496830006774635
decision_type=2 2 2 2 2 2 2 10 2 2 2 2 2 2 2 2 2 2 2 2 2 2 2 2 2 10 2 2 2 2
left_child=1 3 4 15 -3 8 -2 -8 9 10 -6 12 -10 -9 -15 17 19 18 21 -17 -20 -1 -21 26 25 -25 -18 28 -28 -30
right_child=6 2 -4 -5 5 -7 7 13 11 -11 -12 -13 -14 14 -16 16 23 -19 20 22 -22 -23 -24 24 -26 -27 27 -29 29 -31
leaf_value=1.1300837742475096 -0.81258587273505334 0.01729878132682643 -4.621315463937413 -3.2351579327741549 0.89609554598987418 -6.4449799133462422 2.0226553507364318 0.81912087822986457 -1.8148322302111639 -2.6835598162377212 -1.9434051092848224 0.086869054629414688 3.5305777593885068 -0.43100753950502624 1.5059451363921199 1.4958861374444952 1.1714891706870276 5.0759774086452811 -4.6201338301251784 -10.479750015892932 1.6928318386284447 -3.8229577873355995 -2.0849700885985385 -0.038291420626273977 3.8407855301349176 6.6451789498013571 0.39121433337172679 2.380338791488839 -2.0934515770114559 0.044492568830537496
leaf_weight=940 274 3331 116 48 269 139 109 556 530 302 113 1216 52 390 171 50 746 90 91 141 43 106 79 471 121 51 881 101 601 456
leaf_count=940 274 3331 116 48 269 139 109 556 530 302 113 1216 52 390 171 50 746 90 91 141 43 106 79 471 121 51 881 101 601 456
internal_value=-0.000286055 -0.000893099 -0.00301532 0.00167431 -0.00251974 -0.00596873 0.0041972 0.00676447 -0.00491341 -0.0116788 -0.000522193 -0.00233463 -0.00909091 0.00487478 -0.000978648 0.00201248 0.000432549 0.00660897 0.00431837 -0.0210332 -0.0162963 0.0069723 -0.0280543 0.0021289 0.00892857 0.00363289 0.000556353 -0.00183824 -0.00309438 -0.00798677
internal_weight=12584 11084 6068 5016 5952 2621 1500 1226 2482 684 382 1798 582 1117 561 4968 3698 1270 1180 270 134 1046 220 3428 643 522 2785 2039 1938 1057
internal_count=12584 11084 6068 5016 5952 2621 1500 1226 2482 684 382 1798 582 1117 561 4968 3698 1270 1180 270 134 1046 220 3428 643 522 2785 2039 1938 1057
is_linear=0
shrinkage=0.05


Tree=131
num_leaves=31
num_cat=0
split_feature=15 12 8 7 15 11 12 8 11 11 10 11 13 12 3 12 10 12 2 7 15 13 8 7 15 10 10 13 10 15
split_gain=14.4949 13.8215 15.9173 15.888 18.4897 14.7955 12.0464 12.3034 17.1595 23.3014 25.7437 17.3089 14.958 14.1782 14.1708 13.8903 13.6225 12.556 11.4788 17.7423 16.4166 15.4644 15.0748 39.1375 24.8675 26.5045 21.1279 14.0219 12.8401 15.4495
threshold=8978.5000000000018 0.99865421017599998 4.5000000000000009 22.500000000000004 5412.5000000000009 0.04621408538533487 -0.998663445439673 1.5000000000000002 0.92519182738459482 0.97263757644091875 0.074116354202380205 0.89309379682046119 -0.99054309756674508 -0.99467753128998015 6.141630901287555 -0.90893575921103265 0.99983759474438971 0.99683609994235922 3.6577253218884125 14.500000000000002 6712.5000000000009 0.96407344085605606 1.0000000180025095e-35 3.5000000000000004 6857.5000000000009 0.72695311118111527 -0.47558551945199218 -0.97507822412530132 -0.88622299073327826 5705.5000000000009
decision_type=10 2 2 2 8 2 2 2 2 2 2 2 2 2 2 2 2 2 2 2 10 2 2 2 8 2 2 2 2 10
left_child=1 3 -3 6 -5 -6 -1 8 11 -10 -11 13 16 -8 -12 -15 -9 -14 21 20 -20 22 23 -17 27 -26 28 -24 29 -25
right_child=-2 2 -4 4 5 -7 7 12 9 10 14 -13 17 15 -16 18 -18 -19 19 -21 -22 -23 24 26 25 -27 -28 -29 -30 -31
leaf_value=1.1400490199455136 7.1881154864804557 -5.7829684101116987 0.18694698211413652 0.33100821539142089 -5.4819500870257798 -1.1255388389957717 -3.0444642738660606 -1.2811530885758657 4.4121510631062391 -2.132566906717102 1.5651717098935478 -6.9070102234330086 -0.041047979447102992 1.4113247154012925 8.9651199967375081 -2.6318134944747271 2.178693574345016 2.0712341307042155 0.58917917846672485 2.494183917118403 -2.8906372917159162 -4.9518913308927273 2.0947741657456391 2.4026537320019545 0.99488887908660217 -2.8695088624792335 1.2151627879824674 0.56002272040454959 -2.1098606529900281 -0.68792667083134806
leaf_weight=168 90 115 114 224 85 208 51 401 203 169 71 66 7708 338 44 198 51 69 202 182 40 42 103 44 147 145 464 603 119 160
leaf_count=168 90 115 114 224 85 208 51 401 203 169 71 66 7708 338 44 198 51 69 202 182 40 42 103 44 147 145 464 603 119 160
internal_value=-0.00010297 -0.000247308 -0.0123913 -2.03153e-05 -0.00859073 -0.0168367 0.000356264 0.000163497 0.00269752 0.011373 0.00210526 0.00123924 -0.000880923 0.00183163 0.0202586 0.00231349 -0.00971302 -0.000366418 0.001 0.00847059 -0.000411523 -0.000567621 7.56048e-05 -0.00431034 0.0044044 -0.00784983 0.00069797 0.00947666 -0.00910494 -0.00146341
internal_weight=12624 12534 229 12305 517 293 11788 11620 3391 487 284 2904 8229 2838 115 2787 452 7777 2449 424 242 2025 1983 985 998 292 787 706 323 204
internal_count=12624 12534 229 12305 517 293 11788 11620 3391 487 284 2904 8229 2838 115 2787 452 7777 2449 424 242 2025 1983 985 998 292 787 706 323 204
is_linear=0
shrinkage=0.05


Tree=132
num_leaves=31
num_cat=0
split_feature=14 6 2 11 15 10 0 12 6 15 13 0 0 11 10 15 6 8 13 15 11 15 14 0 3 15 15 6 14 11
split_gain=16.1214 12.3685 25.2557 19.7088 22.4695 17.5295 14.7565 11.4922 26.3541 23.8375 18.4692 17.838 14.639 18.3712 33.0733 16.9613 16.7552 29.8246 29.3363 27.2925 24.6531 20.245 38.013 25.6693 20.1536 16.4724 14.2768 14.0608 13.9936 22.3546
threshold=4181.0000000000009 685.80042918454944 2.3206008583690996 -0.14250536273956091 6786.5000000000009 -0.96689237009891416 27.427467811158802 -0.89405649444168434 99.160944206008594 6561.5000000000009 0.29958852271690523 12.793776824034337 11.069313304721032 0.080547328232315238 0.98049069993378934 7381.5000000000009 2.6845493562231764 4.5000000000000009 -0.65721521735223198 5544.5000000000009 0.29958852271690523 5941.5000000000009 5818.5000000000009 19.244420600858373 3.3637339055794002 7187.5000000000009 8345.5000000000018 72.500000000000014 7248.5000000000009 0.7487283477006671
decision_type=10 2 2 2 10 2 2 2 2 10 2 2 2 2 2 10 2 2 2 10 2 8 10 2 2 10 8 2 10 2
left_child=-1 2 7 4 -4 -3 -6 8 10 -10 -2 -12 13 -9 15 -15 21 19 20 -18 -19 23 -23 -14 28 -26 -24 -17 -21 -30
right_child=1 5 3 -5 6 -7 -8 12 9 -11 11 -13 16 14 -16 27 17 18 -20 24 -22 22 26 -25 25 -27 -28 -29 29 -31
leaf_value=-2.3577358832254505 0.43314855021549192 -1.9101688928357135 1.3599687803216511 -0.79465394444064263 -0.97837624799699374 -0.24788833848156175 2.3856587631295727 3.4305498320498602 0.81369693515894148 -1.9913661472659443 0.31864448975211418 2.8851933038125255 -0.29764761722469757 0.14954507660786476 -3.0392566131051355 2.5421150522723792 8.8183169653687852 -0.41864131642018948 -2.2378741559950868 0.46655970720380541 8.3463884267071542 -7.249795035054877 -0.88601146340849946 0.41166926088435507 8.6934149862469212 1.6900686605511055 2.29328968194136 -0.52733407824023293 -3.6422837238184003 0.42132754263191147
leaf_weight=127 740 74 693 159 86 1109 72 82 277 181 63 96 1968 1200 70 256 81 315 561 1481 61 167 892 675 122 268 170 72 185 242
leaf_count=127 740 74 693 159 86 1109 72 82 277 181 63 96 1968 1200 70 256 81 315 561 1481 61 167 892 675 122 268 170 72 185 242
internal_value=7.57213e-05 0.00025767 0.000769847 0.00830861 0.0113263 -0.00460304 -0.00566038 2.44475e-05 0.00430781 -0.00544662 0.00927778 0.0246875 -0.000631413 0.0035693 0.00237649 0.00392413 -0.00161358 0.000994875 -0.0065565 0.00397059 0.00424403 -0.00384715 -0.00914634 -0.00138048 0.00295781 0.0132992 -0.0056444 0.0139818 0.000838135 -0.00712617
internal_weight=12545 12418 11235 1010 851 1183 158 10225 1357 458 899 159 8868 1680 1598 1528 7188 3316 937 2379 376 3872 1229 2643 2298 390 1062 328 1908 427
internal_count=12545 12418 11235 1010 851 1183 158 10225 1357 458 899 159 8868 1680 1598 1528 7188 3316 937 2379 376 3872 1229 2643 2298 390 1062 328 1908 427
is_linear=0
shrinkage=0.05


Tree=133
num_leaves=31
num_cat=0
split_feature=1 6 4 1 15 15 1 12 12 0 8 13 3 7 13 8 13 12 15 1 13 0 13 7 12 15 6 14 14 7
split_gain=14.5474 15.7508 19.4544 20.7434 20.5088 17.7413 16.3899 15.6844 33.2277 15.9788 33.6708 17.3299 21.0982 16.279 21.5417 21.0345 17.3109 14.5466 14.6351 18.0007 14.1967 14.0961 13.5742 16.1376 12.4676 20.4488 19.4854 12.5359 11.7762 11.6881
threshold=29.120010729613742 727.78969957081551 0.0032184788815413658 16.227378397711018 4644.5000000000009 4101.0000000000009 19.562687768240345 0.85223490906209554 0.74300049550786151 17.050000000000001 3.5000000000000004 0.29958852271690523 1.220171673819743 15.500000000000002 0.90438663683299525 5.5000000000000009 0.81800285027139297 0.99572776335819457 8508.5000000000018 12.953192060085838 -0.14250536273956091 12.933690987124464 -0.73137137938158592 9.5000000000000018 -0.9470547246821871 6845.5000000000009 52.512875536480699 4344.5000000000009 5039.5000000000009 9.5000000000000018
decision_type=2 2 2 2 10 10 2 2 2 2 2 2 2 2 2 2 2 2 10 2 2 2 2 2 2 10 2 10 10 2
left_child=1 2 3 17 -4 -5 -6 8 9 10 11 21 -13 14 16 -15 -11 18 24 -20 -9 -7 28 -24 25 -1 -27 -26 -23 -30
right_child=-2 -3 4 5 6 7 -8 20 -10 13 -12 12 -14 15 -16 -17 -18 -19 19 -21 -22 22 23 -25 27 26 -28 -29 29 -31
leaf_value=1.5011239796594738 4.4676633534484838 -0.59685772447101049 2.3481433581337572 -11.320939621109392 -1.2379618701219899 2.060484870750861 0.34627613508146171 -0.28878346906262781 1.6999830538893776 0.28502800260660027 -2.2949362933002022 -0.22820514674522202 3.0797783902428364 -1.0386103251369605 -1.9256171112152516 1.4427391529308808 2.6180926627767125 -1.5720037204762776 4.6610485907604469 -0.78160520195624494 -1.6811946565768723 -2.1477437547196132 -0.49199654376407126 2.0497481941300975 -2.6215146323473619 2.4243835970023384 -4.191677626380943 0.0055890913985876985 0.64188936516466133 -2.4658914864525743
leaf_weight=452 48 1017 107 86 219 41 1649 239 150 1090 384 61 45 610 111 130 40 232 192 80 191 97 205 99 75 64 74 4761 53 41
leaf_count=452 48 1017 107 86 219 41 1649 239 150 1090 384 61 45 610 111 130 40 232 192 80 191 97 205 99 75 64 74 4761 53 41
internal_value=-0.000660392 -0.000766116 -0.000241817 -0.00117139 0.00427632 -0.00412357 0.00304976 -0.00358138 -0.00235909 -0.00350731 -0.00856865 -0.00155521 0.0168224 -0.000882947 0.00261675 -0.00674764 0.00468612 0.000657562 0.0011581 0.0124542 -0.012529 -0.00521415 -0.00756048 -0.000983607 0.000589644 0.00744501 -0.00935252 -0.000248088 -0.0179688 -0.00526316
internal_weight=12643 12595 11578 9603 1975 3673 1868 3587 3157 3007 1026 642 106 1981 1241 740 1130 5930 5698 272 430 536 495 304 5426 590 138 4836 191 94
internal_count=12643 12595 11578 9603 1975 3673 1868 3587 3157 3007 1026 642 106 1981 1241 740 1130 5930 5698 272 430 536 495 304 5426 590 138 4836 191 94
is_linear=0
shrinkage=0.05


Tree=134
num_leaves=31
num_cat=0
split_feature=7 15 1 15 8 12 7 0 15 14 7 2 12 7 12 1 15 12 15 10 1 12 6 7 12 2 0 14 8 7
split_gain=20.0269 13.5894 13.3172 20.9259 17.9196 26.4144 24.7704 38.831 24.7468 18.5792 17.5157 17.2176 17.0605 16.9354 15.2366 16.3556 14.8895 14.4961 14.1187 19.4531 16.4438 32.9109 13.4168 21.0358 12.7289 12.6551 16.6469 12.605 11.9869 46.8491
threshold=22.500000000000004 5296.5000000000009 23.613863555078684 6845.5000000000009 3.5000000000000004 0.99463153969809781 12.500000000000002 13.092060085836911 5528.5000000000009 4507.5000000000009 3.5000000000000004 2.0959227467811137 -0.63920832810365535 20.500000000000004 0.50371950759872852 13.408699928469241 8853.5000000000018 0.84660111278280559 6735.5000000000009 0.81428061195174062 14.315325464949927 0.067682722635586057 139.04077253218887 19.500000000000004 -0.85227431625818906 2.032618025751074 17.610300429184552 8226.5000000000018 1.0000000180025095e-35 4.5000000000000009
decision_type=2 8 2 10 2 2 2 2 10 10 2 2 2 2 2 2 8 2 10 2 2 2 2 2 2 2 2 10 2 2
left_child=2 -2 4 -4 5 6 11 13 -9 -6 12 16 -11 -8 15 -14 28 -5 25 22 -21 -22 23 -20 -24 26 -10 -12 29 -1
right_child=1 -3 3 17 9 -7 7 8 18 10 27 -13 14 -15 -16 -17 -18 -19 19 20 21 -23 24 -25 -26 -27 -28 -29 -30 -31
leaf_value=-1.8895100717481002 0.15839652268923601 -1.9075920660394332 0.5502928519627176 0.29849265047055268 -3.952343595420416 -2.4335521065863532 6.9422961634286366 6.2153255356705817 2.4179607692437006 1.1167568855358696 -0.40682856600715245 -1.2535136593537346 1.0744662560658527 0.48104240826382921 0.40552497129328913 -1.3376909951249445 -10.498805983860075 -1.8024994098012941 2.3066892698399442 -4.8992486882943469 -2.1779372353307282 2.273706311411638 -2.345627770726924 -0.34736689023172862 -0.30019457013067952 0.67749609767822683 -0.3477306878472064 -2.1300156737341696 0.11696995210481874 0.93069806813364275
leaf_weight=324 173 342 1282 74 101 170 337 62 197 176 3453 168 81 156 281 218 41 103 300 138 83 60 58 162 270 258 443 208 2338 469
leaf_count=324 173 342 1282 74 101 170 337 62 197 176 3453 168 81 156 281 218 41 103 300 138 83 60 58 162 270 258 443 208 2338 469
internal_value=-0.000335276 -0.00998062 7.90876e-05 0.00455479 -0.000540131 0.00124275 0.00180733 0.00554455 0.00248524 -0.002921 -0.00243323 -0.00101766 0.00449141 0.0181174 0.000344234 -0.0075 -0.000189095 -0.0115169 0.00149746 -0.00237873 -0.0136525 -0.00173611 0.00164349 0.00712743 -0.00607903 0.00611791 0.00234009 -0.00386401 0.000207535 -0.00510076
internal_weight=12526 515 12011 1459 10552 6034 5864 2524 2031 4518 4417 3340 756 493 580 299 3172 177 1969 1071 281 143 790 462 328 898 640 3661 3131 793
internal_count=12526 515 12011 1459 10552 6034 5864 2524 2031 4518 4417 3340 756 493 580 299 3172 177 1969 1071 281 143 790 462 328 898 640 3661 3131 793
is_linear=0
shrinkage=0.05


Tree=135
num_leaves=31
num_cat=0
split_feature=15 14 8 15 8 12 12 11 11 10 15 13 7 7 15 0 15 10 11 8 7 13 11 15 10 12 10 12 7 15
split_gain=16.1057 11.22 10.7537 17.8914 27.4517 17.0227 27.8373 15.4695 24.9037 21.7816 15.4952 14.9321 11.8189 21.8969 24.6031 25.3481 15.4764 15.2933 13.7582 14.3855 15.652 14.8094 12.3524 11.6183 10.4917 10.4984 10.4862 12.9669 10.2715 14.5817
threshold=9193.0000000000018 4462.5000000000009 1.5000000000000002 4885.5000000000009 1.0000000180025095e-35 -0.98803388382128665 -0.95244167294248061 0.92519182738459482 0.97263757644091875 0.074116354202380205 7431.5000000000009 0.046214940139115722 19.500000000000004 12.500000000000002 6760.5000000000009 12.861158798283263 6072.5000000000009 -0.814291907305839 -0.54940789553007929 1.0000000180025095e-35 3.5000000000000004 -0.97507822412530132 -0.83849291496497236 5577.5000000000009 0.96465729447553372 0.69056404122701587 -0.82415615971448097 -0.63920832810365535 1.5000000000000002 4921.5000000000009
decision_type=10 10 2 8 2 2 2 2 2 2 10 2 2 2 10 2 10 2 2 2 2 2 2 8 2 2 2 2 2 8
left_child=1 -1 3 4 -3 11 -7 12 -9 10 -10 -5 13 18 26 -16 -14 -17 22 20 -20 -21 23 -8 25 -22 -15 -28 29 -4
right_child=-2 2 28 5 -6 6 7 8 9 -11 -12 -13 16 14 15 17 -18 -19 19 21 24 -23 -24 -25 -26 -27 27 -29 -30 -31
leaf_value=-0.63423263895501814 11.044729346735039 0.2585850303708867 0.98225976169419482 -4.2556039396457894 3.6783110256811145 7.2294665567563703 1.2570281016393894 5.385039458832944 -3.6847618379149938 4.5789143114492621 1.3449978603373212 -0.1634438458317618 0.46064121083259124 0.39525214750115084 7.6335555418559125 2.7751690844223051 -1.4403502546157143 -1.1841110592344195 -4.5021388001888907 3.65108998676742 -2.6937579923666819 0.25590161506302139 -1.7845632672604552 -1.5673092590293436 3.1885569461739127 0.94206709577129011 0.29508752344349887 5.0293917251178302 -0.12921261031287942 0.010169054034986403
leaf_weight=535 45 115 230 43 73 53 49 189 85 112 66 87 146 143 49 81 303 279 52 51 121 381 121 132 46 106 67 167 8057 550
leaf_count=535 45 115 230 43 73 53 49 189 85 112 66 87 146 143 49 81 303 279 52 51 121 381 121 132 46 106 67 167 8057 550
internal_value=-0.000183486 -0.000292234 2.50941e-05 0.00254971 0.0174603 0.00158703 0.00241071 0.00171096 0.0101545 0.000189394 -0.0121711 -0.0160305 4.3573e-05 0.00181473 0.00813215 -0.000365854 -0.00722222 -0.00498615 -0.00287736 0.000725594 -0.00720859 0.00669746 -0.0118812 -0.00357143 -0.00237226 -0.00679825 0.017328 0.0238298 -0.00086558 0.00460948
internal_weight=12534 12489 11954 3117 188 2929 2799 2746 452 263 151 130 2294 1845 786 409 449 360 1059 757 325 432 302 181 273 227 377 234 8837 780
internal_count=12534 12489 11954 3117 188 2929 2799 2746 452 263 151 130 2294 1845 786 409 449 360 1059 757 325 432 302 181 273 227 377 234 8837 780
is_linear=0
shrinkage=0.05


Tree=136
num_leaves=31
num_cat=0
split_feature=7 7 3 15 3 7 11 6 1 8 15 0 15 11 12 0 12 14 11 11 8 12 6 15 6 7 8 15 7 15
split_gain=13.2863 15.6425 23.5045 25.9511 24.5711 25.1725 22.3994 22.3052 22.1539 21.9075 21.1866 19.9908 20.4979 18.2441 22.5389 22.2255 17.6774 19.6347 18.9872 16.519 16.0254 36.1446 21.2774 28.3456 15.4187 31.3133 17.0818 18.9847 21.169 18.3636
threshold=22.500000000000004 9.5000000000000018 0.85879828326180363 7043.0000000000009 6.6658798283261813 20.500000000000004 0.99981043035926087 49.201716738197426 20.502244277539344 1.0000000180025095e-35 6735.5000000000009 19.487553648068673 4821.5000000000009 -0.52034141052533245 0.14889030080148793 17.610300429184552 -0.85227431625818906 7051.5000000000009 0.96177147954086928 0.7487283477006671 4.5000000000000009 -0.54220184589352438 190.32188841201719 6405.5000000000009 473.92918454935619 14.500000000000002 4.5000000000000009 4676.5000000000009 12.500000000000002 5705.5000000000009
decision_type=2 2 2 10 2 2 2 2 2 2 10 2 8 2 2 2 2 10 2 2 2 2 2 10 2 2 2 8 2 10
left_child=1 11 8 6 5 7 20 9 24 -5 -10 13 -13 14 -1 -15 -9 -18 19 -19 21 -4 -22 -24 25 -3 29 -28 -29 -26
right_child=-2 2 3 4 -6 -7 -8 16 10 -11 -12 12 -14 15 -16 -17 17 18 -20 -21 22 -23 23 -25 26 -27 27 28 -30 -31
leaf_value=-0.059744293173753252 -0.88054134563712982 3.3037727106405557 0.81596403662670136 9.6752287566873072 5.9576102133180031 -2.5313298613169994 -4.6335679612017655 -4.2314423914988994 0.56203507155873922 0.98081156625084986 -0.40645705741285387 1.0064924670368101 -0.012299106832688268 -0.28837680741432908 -2.2372784869453883 0.6434502245712338 4.5469167040668941 -3.4414372639004798 -4.7389855027411611 1.3953183106405049 4.2819651866329655 14.441764642676503 1.117966818310697 -3.631853099572345 6.7816500020147039 -0.46128875899375998 2.1660696717586689 -1.6922763589180478 -8.7039444171685556 -0.62509977181089205
leaf_weight=317 531 386 154 80 105 250 44 44 1584 463 429 288 653 3258 308 451 196 141 103 183 262 240 182 59 41 1045 41 80 124 591
leaf_count=317 531 386 154 80 105 250 44 44 1584 463 429 288 653 3258 308 451 196 141 103 183 262 240 182 59 41 1045 41 80 124 591
internal_value=-6.72788e-05 0.00027266 0.00185267 0.00570403 0.00175607 6.84463e-05 0.0122611 0.00305533 -0.000381768 0.0105699 0.00345084 -0.00177218 0.00483015 -0.00320646 -0.0111022 -0.00187332 -0.00306886 -0.00088141 -0.00689252 -0.000923077 0.0139755 0.021519 0.00803571 -0.00268595 -0.00372456 -0.000523743 -0.00894077 -0.020122 -0.0263415 -0.00458136
internal_weight=12633 12102 6827 2506 1565 1460 941 1210 4321 543 2013 5275 941 4334 625 3709 667 623 427 324 897 394 503 241 2308 1431 877 245 204 632
internal_count=12633 12102 6827 2506 1565 1460 941 1210 4321 543 2013 5275 941 4334 625 3709 667 623 427 324 897 394 503 241 2308 1431 877 245 204 632
is_linear=0
shrinkage=0.05


Tree=137
num_leaves=31
num_cat=0
split_feature=12 1 12 10 8 7 15 8 7 7 15 6 14 1 8 6 15 7 7 7 15 0 6 0 0 8 15 14 2 14
split_gain=17.4761 13.9958 23.9327 23.0166 24.4263 42.8379 18.4139 22.8041 28.7221 21.3121 23.6942 31.2532 25.179 24.6762 19.296 25.6213 20.5441 19.0712 17.02 27.5919 27.5597 18.4492 16.8713 15.914 22.538 17.9193 18.1042 16.2731 15.8384 14.5816
threshold=0.99865421017599998 12.857054721030044 0.99683609994235922 0.98667101781630195 1.0000000180025095e-35 7.5000000000000009 6845.5000000000009 4.5000000000000009 2.5000000000000004 8.5000000000000018 5966.5000000000009 826.87553648068672 6244.5000000000009 14.698891273247497 5.5000000000000009 125.2618025751073 5350.5000000000009 20.500000000000004 3.5000000000000004 11.500000000000002 4761.5000000000009 13.837124463519315 166.83905579399143 18.455793991416311 11.298068669527899 5.5000000000000009 4585.5000000000009 4802.5000000000009 11.793991416309014 6648.5000000000009
decision_type=2 2 2 2 2 2 10 2 2 2 10 2 10 2 2 2 8 2 2 2 10 2 2 2 2 2 10 8 2 10
left_child=1 3 6 4 5 -1 7 28 -9 23 11 12 13 -11 -15 -16 -17 22 -6 20 -20 -22 29 24 -10 26 -26 -25 -3 -8
right_child=-2 2 -4 -5 18 -7 17 8 9 10 -12 -13 -14 14 15 16 -18 -19 19 -21 21 -23 -24 27 25 -27 -28 -29 -30 -31
leaf_value=-0.84169470898193599 -2.0647214660609281 0.10117052642644922 2.3480978717256451 -2.4753592487113796 0.87117596199191216 10.811405525127112 3.2327866535412797 0.81915621013799866 1.625830616885878 7.5764448109971001 -1.6437374138374254 -2.5656092384118439 1.3398901871406679 -2.2643486618344015 2.0862175439704518 0.044229622505508819 -3.7414916488936343 -2.5524342041534966 1.2156548196259338 0.86881353869259792 -1.277001286007726 2.7653400814338287 -1.530772651268967 0.95136873785374976 0.5855743256744973 -3.2004439568658656 -1.9620195276288315 -0.93058069589785652 3.9128601314281015 -0.24155485228775433
leaf_weight=154 208 5061 94 82 431 307 137 314 41 51 284 157 304 208 175 253 89 165 89 1322 727 54 614 68 57 190 128 150 70 642
leaf_count=154 208 5061 94 82 431 307 137 314 41 51 284 157 304 208 175 253 89 165 89 1322 727 54 614 68 57 190 128 150 70 642
internal_value=-1.58391e-05 0.000225461 -0.000756511 0.00309441 0.00379254 0.0143939 -0.00101539 0 -0.00394737 -0.00600649 -0.00279238 0.000201939 0.00323774 -0.0015444 -0.00392562 0.00125483 -0.00670554 -0.00596536 0.00192454 0.000136799 -0.00677382 -0.00978261 -0.00405308 -0.0137008 -0.0194245 -0.0232713 -0.0120968 -0.00273973 0.00189984 0.000833333
internal_weight=12626 12418 9252 3166 3084 461 9158 7600 2469 2155 1521 1237 1080 776 725 517 342 1558 2623 2192 870 781 1393 634 416 375 185 218 5131 779
internal_count=12626 12418 9252 3166 3084 461 9158 7600 2469 2155 1521 1237 1080 776 725 517 342 1558 2623 2192 870 781 1393 634 416 375 185 218 5131 779
is_linear=0
shrinkage=0.05


Tree=138
num_leaves=31
num_cat=0
split_feature=1 6 8 2 1 7 7 7 3 8 7 6 10 1 0 8 13 10 1 7 7 8 0 8 1 0 1 1 6 13
split_gain=12.2818 28.1192 18.5859 16.5969 15.2815 15.47 12.0372 21.4287 36.8931 20.1988 17.9966 30.8857 18.8006 18.9805 18.8959 17.9115 21.0147 32.4472 17.2223 15.6011 14.8194 23.8517 15.154 16.6526 16.7299 19.0021 14.3904 14.3059 14.0907 16.0951
threshold=23.372223712446356 826.87553648068672 4.5000000000000009 0.1793991416309009 25.790347818311879 5.5000000000000009 21.500000000000004 10.500000000000002 3.5152360515021468 5.5000000000000009 15.500000000000002 371.25751072961378 0.86113431103781346 19.046298283261805 19.244420600858373 3.5000000000000004 0.89975755788027889 0.022575936829235418 15.686628218884122 17.500000000000004 1.0000000180025095e-35 1.0000000180025095e-35 19.300000000000001 5.5000000000000009 16.227378397711018 18.028111587982835 21.994317775393423 11.720489091559372 260.74463519313309 -0.57078287476060374
decision_type=2 2 2 2 2 2 2 2 2 2 2 2 2 2 2 2 2 2 2 2 2 2 2 2 2 2 2 2 2 2
left_child=1 6 -3 -2 -5 -6 7 20 10 -8 11 -9 13 -13 27 16 -10 -18 -16 -12 21 -1 23 28 -25 -26 -24 -14 29 -22
right_child=3 2 -4 4 5 -7 9 8 15 -11 19 12 14 -15 18 -17 17 -19 -20 -21 22 -23 26 24 25 -27 -28 -29 -30 -31
leaf_value=-2.8158983875854804 -0.5209720179547731 -0.32826820160421449 -5.7364362100200657 0.9224784680017365 0.73174051591149691 -0.14307840496207974 -0.86995381391584492 4.1518557219844983 5.9212242466011507 1.5540383095125436 -1.1123347808667405 -1.9264930539167837 -1.8990403219168912 0.29633828718388033 -5.7950269629487599 0.71658389306212489 -3.2917594535786523 12.608035262477642 0.50352065492611475 0.077848535386237927 0.17331810465545916 1.1727736782392186 1.0274399252569084 -0.60873883301933351 -3.1257046596468401 0.0015811845818916482 -0.27944096176315725 7.113173579118393 -3.0692700699501305 -0.33682925762186644
leaf_weight=66 336 258 106 689 131 522 763 518 348 137 799 474 43 386 40 415 91 51 77 1324 1106 389 354 373 140 57 183 156 190 2130
leaf_count=66 336 258 106 689 131 522 763 518 348 137 799 474 43 386 40 415 91 51 77 1324 1106 389 354 373 140 57 183 156 190 2130
internal_value=7.90326e-06 -0.000601367 -0.0142466 0.00399047 0.00647803 0.000993884 -0.000131939 0.000381011 0.00279483 -0.00566038 0.000641697 0.00448378 0 -0.00383275 0.0104101 0.0118653 0.0183299 0.0020979 -0.00550847 -0.00242467 -0.00190419 0.0066886 -0.00276798 -0.00382787 -0.0117338 -0.0234848 0.00511152 0.01975 -0.00250948 -0.00173
internal_weight=12652 10974 364 1678 1342 653 10610 9710 4722 900 3817 1694 1176 860 316 905 490 142 117 2123 4988 455 4533 3996 570 197 537 199 3426 3236
internal_count=12652 10974 364 1678 1342 653 10610 9710 4722 900 3817 1694 1176 860 316 905 490 142 117 2123 4988 455 4533 3996 570 197 537 199 3426 3236
is_linear=0
shrinkage=0.05


Tree=139
num_leaves=31
num_cat=0
split_feature=1 10 11 10 0 13 15 11 6 11 11 11 1 10 8 10 8 10 6 8 2 11 15 11 10 6 10 10 11 0
split_gain=12.0413 25.9768 19.194 26.3449 20.0534 16.8122 16.5496 16.4865 27.408 19.4043 16.8083 30.7803 22.9888 22.6428 33.3426 17.1123 15.7058 15.3125 12.3892 19.9082 15.1618 19.9516 28.7791 24.4204 26.9387 18.8023 18.1938 17.2952 14.7532 16.5565
threshold=12.569456366237484 0.98049069993378934 0.84199059757024453 0.17646842360078763 9.8819742489270403 0.99138911339924218 8508.5000000000018 0.80290535434334509 4.1716738197424901 0.75438814418115718 0.56191161272202661 0.50370931781787065 17.199633404864095 -0.8041866928211282 3.5000000000000004 -0.72696319516528884 1.0000000180025095e-35 0.074116354202380205 826.87553648068672 4.5000000000000009 0.1793991416309009 -0.022575793296316496 6370.5000000000009 0.21652257995689161 -0.95244167294248061 6.3218884120171674 0.94704596667653973 -0.47558551945199218 0.097680735332368748 12.482188841201717
decision_type=2 2 2 2 2 2 10 2 2 2 2 2 2 2 2 2 2 2 2 2 2 2 8 2 2 2 2 2 2 2
left_child=1 6 4 17 -2 7 -1 9 -9 10 11 18 15 -14 -15 -12 -11 -4 20 -20 21 22 -6 28 -25 -24 27 -22 -23 -30
right_child=2 -3 3 -5 5 -7 -8 8 -10 16 12 -13 13 14 -16 -17 -18 -19 19 -21 26 23 25 24 -26 -27 -28 -29 29 -31
leaf_value=0.33392974922485341 2.7780733594258891 -2.3704138862551192 -0.33509627242754053 -3.035371136711865 -0.20607120265608503 1.977268892803818 4.6592954124442256 2.8318132982714133 -1.0668645678064423 4.4233053886863898 2.8594777636902564 -3.441701697452709 2.13156724989758 -5.0188506951520599 2.4799506807157972 0.66610154312370473 -1.6501303183797973 3.6523621886393358 -0.084105780106983732 -3.4304466865014094 0.065339439617264364 0.20979349730803279 -3.3240837186373939 -1.6927997394437171 0.10754987088680537 -0.847381199190545 -2.677015212803326 1.1426536594544587 -0.40227837096754232 1.633470848157117
leaf_weight=2600 69 96 506 290 2357 146 170 70 65 40 169 207 59 73 42 620 133 91 399 157 1399 382 167 124 653 352 76 704 41 312
leaf_count=2600 69 96 506 290 2357 146 170 70 65 40 169 207 59 73 42 620 133 91 399 157 1399 382 167 124 653 352 76 704 41 312
internal_value=-9.14877e-05 0.00275549 -0.000932605 -0.00793919 -0.000226835 -0.000440101 0.00364489 -0.000726575 0.0165441 -0.0010039 -0.000657102 -0.0014732 0.00554979 -0.0108571 -0.0237069 0.00917722 -0.0175287 -0.00192308 -0.000919427 -0.00807899 -0.000312119 -0.00200501 -0.00444908 0.00264375 -0.0035347 -0.0150962 0.00309633 0.00396863 0.0091712 0.0165254
internal_weight=12569 2866 9703 887 8816 8747 2770 8601 135 8466 8293 7330 963 174 115 789 173 597 7123 556 6567 4388 2876 1512 777 519 2179 2103 735 353
internal_count=12569 2866 9703 887 8816 8747 2770 8601 135 8466 8293 7330 963 174 115 789 173 597 7123 556 6567 4388 2876 1512 777 519 2179 2103 735 353
is_linear=0
shrinkage=0.05


Tree=140
num_leaves=31
num_cat=0
split_feature=12 13 12 3 2 8 15 12 12 1 11 11 11 13 13 11 8 6 15 2 2 1 8 13 12 6 8 7 0 15
split_gain=12.1916 25.2947 20.5411 17.1099 15.9161 15.3128 17.3513 15.3976 27.6894 13.6479 19.7987 21.9644 15.275 13.5975 12.9874 23.5338 12.5823 12.5806 15.6367 14.2366 14.6587 12.571 12.7088 18.2226 18.479 11.7971 12.2725 11.729 22.2477 14.5789
threshold=0.83966414931270739 0.47370525521770246 0.56192297990542495 6.2521459227467817 11.140987124463523 2.5000000000000004 5954.5000000000009 0.62585923293574564 0.71953851835684701 26.22211194563663 -0.83849291496497236 -0.7444366621422277 -0.83849291496497236 0.36447543099728863 0.315961146185463 0.77108682076304769 3.5000000000000004 826.87553648068672 5811.5000000000009 0.86223175965665366 7.6051502145922738 11.842636802575109 5.5000000000000009 -0.18704161936942101 0.97109394436505758 384.21459227467813 3.5000000000000004 10.500000000000002 23.956008583690991 7843.5000000000009
decision_type=2 2 2 2 2 2 8 2 2 2 2 2 2 2 2 2 2 2 8 2 2 2 2 2 2 2 2 2 2 8
left_child=2 3 4 9 17 -4 7 -7 -9 12 -11 -12 -2 14 15 21 -3 27 -19 -20 -21 -14 23 24 -23 -25 -27 28 29 -1
right_child=1 16 5 -5 -6 6 -8 8 -10 10 11 -13 13 -15 -16 -17 -18 18 19 20 -22 22 -24 25 -26 26 -28 -29 -30 -31
leaf_value=-0.22559820377414327 -2.5264501105580397 -0.7842725583857828 1.0517087992430334 1.2189588548174926 4.08280816560191 1.5267479971610556 -0.50142080510399867 -1.2890964222496906 0.96869604595383407 2.8627169788828497 -0.94004390645657177 1.6612837004192897 -3.2733148758492465 1.1303479705727113 -3.8805967375740238 3.89315138645336 -3.2060067751326642 -3.363976284198043 -2.9151920973280769 0.52154635285869522 -1.3054378381820699 -0.0018370785868000894 -1.5242718209751729 -1.3133324280602665 3.1218386313659723 -0.52560156724721308 2.2068257680018406 0.18578447961112943 1.7339113233329955 -9.3456661695045113
leaf_weight=3643 60 118 798 226 55 120 485 100 278 62 132 62 127 91 77 108 80 128 48 96 41 508 138 513 93 126 50 4094 85 59
leaf_count=3643 60 118 798 226 55 120 485 100 278 62 132 62 127 91 77 108 80 128 48 96 41 508 138 513 93 126 50 4094 85 59
internal_value=-0.000408665 -0.00347978 0.000378826 -0.00204297 -0.000672727 0.00524691 0.00106707 0.00761523 0.00263852 -0.00342179 0.007393 -0.000512821 -0.00488901 -0.00406659 -0.00505457 -0.00411659 -0.020603 -0.000854179 -0.0106688 -0.00134409 0.00688406 -0.00568766 -0.0043387 -0.00278854 0.00357143 -0.00833333 0.00282486 -0.00046308 -0.00246832 -0.00305158
internal_weight=12601 2571 10030 2373 8249 1781 983 498 378 2147 256 194 1891 1831 1740 1663 198 8194 313 185 137 1555 1428 1290 601 689 176 7881 3787 3702
internal_count=12601 2571 10030 2373 8249 1781 983 498 378 2147 256 194 1891 1831 1740 1663 198 8194 313 185 137 1555 1428 1290 601 689 176 7881 3787 3702
is_linear=0
shrinkage=0.05


Tree=141
num_leaves=31
num_cat=0
split_feature=7 15 14 15 14 8 1 15 8 7 5 6 2 11 14 8 7 12 15 12 12 7 11 15 0 8 8 14 14 1
split_gain=13.6604 17.5825 15.9078 14.6756 12.6555 13.5664 19.2253 18.9999 25.2742 16.8682 23.13 22.4279 17.9795 19.8476 12.978 19.439 12.4295 15.2096 12.697 12.4254 17.0854 12.3844 12.0885 11.5881 11.4943 11.0826 10.6042 14.5534 10.5342 10.0762
threshold=21.500000000000004 5954.5000000000009 5861.5000000000009 6748.5000000000009 4489.5000000000009 1.5000000000000002 9.6616371602289011 5272.5000000000009 1.0000000180025095e-35 12.500000000000002 2.4828621636058874 260.74463519313309 4.7214592274678102 -0.42958798411962301 7151.5000000000009 1.0000000180025095e-35 4.5000000000000009 -0.66528308454101848 4531.5000000000009 -0.998663445439673 -0.9998468409516591 6.5000000000000009 -0.77788789561442695 5811.5000000000009 19.545493562231762 5.5000000000000009 4.5000000000000009 5755.5000000000009 6524.5000000000009 23.372223712446356
decision_type=2 10 10 10 10 2 2 10 2 2 2 2 2 2 10 2 2 2 10 2 2 2 2 8 2 2 2 10 10 2
left_child=4 25 -3 28 16 6 -6 8 22 11 12 21 13 -11 -15 -16 17 18 -1 20 -7 -9 -8 -18 -19 26 -2 -28 -4 -21
right_child=1 2 3 -5 5 19 7 9 -10 10 -12 -13 -14 14 15 -17 23 24 -20 29 -22 -23 -24 -25 -26 -27 27 -29 -30 -31
leaf_value=-1.0991717990913004 0.13680124010897998 -4.8409250197923486 -0.55844509211915472 -2.6738963929217334 7.4591037056385634 -0.51071869219817934 3.0887934454746073 -0.45046820233910695 1.984886550826559 -0.78960877223007631 5.2555422866074197 -1.3933237744829059 1.9766315298606969 1.3791881063809115 8.4937355506051979 -2.4073294909938343 1.0664958374530897 -1.9799204054323127 0.88370908060489917 -0.10700203435449113 1.6489249733174576 1.1823298631315085 -0.87978081070164083 -1.8501934788152767 0.22450538387838606 2.339043130097207 -2.7787098468151274 1.2220389461702554 1.7849155523945683 0.31576277078304432
leaf_weight=97 377 61 110 201 61 49 42 208 235 187 96 453 215 528 45 174 144 190 58 6899 90 394 157 58 43 99 68 40 92 1056
leaf_count=97 377 61 110 201 61 49 42 208 235 187 96 453 215 528 45 174 144 190 58 6899 90 394 157 58 43 99 68 40 92 1056
internal_value=2.79374e-05 -0.00543375 -0.0126882 -0.00903465 0.000527003 0.000913682 0.00391631 0.00329068 0.0128736 0.00147762 0.00541734 -0.00317235 0.00343478 0.000427807 0.00407754 -0.00613636 -0.00659898 -0.0118252 0.000320513 -0.000123533 0.0146429 0.00315091 -0.00025 0.00344828 -0.0198718 0.00034188 -0.00277778 -0.0165138 0.000492611 -0.000383358
internal_weight=12527 1048 464 403 11479 10889 2795 2734 434 2300 1245 1055 1149 934 747 219 590 388 155 8094 139 602 199 202 233 584 485 108 202 7955
internal_count=12527 1048 464 403 11479 10889 2795 2734 434 2300 1245 1055 1149 934 747 219 590 388 155 8094 139 602 199 202 233 584 485 108 202 7955
is_linear=0
shrinkage=0.05


Tree=142
num_leaves=31
num_cat=0
split_feature=7 15 6 11 7 15 7 6 13 11 3 15 0 15 7 15 15 7 3 15 6 12 12 11 0 10 2 12 15 10
split_gain=19.3985 14.7131 13.8177 20.3816 19.1089 22.0829 29.309 26.4812 26.3428 23.6971 22.5875 20.2548 18.9386 17.2824 17.0547 21.4104 15.0108 14.5352 19.1815 14.3043 14.7266 13.1031 23.5684 13.4667 12.898 19.9639 12.7902 12.565 12.4211 22.2216
threshold=22.500000000000004 6760.5000000000009 340.41630901287562 -0.9497838742125716 8.5000000000000018 5954.5000000000009 19.500000000000004 61.457081545064376 -0.99467580659249177 -0.78858226040708135 6.9912017167381988 6857.5000000000009 19.300000000000001 6587.5000000000009 6.5000000000000009 5235.5000000000009 6801.5000000000009 15.500000000000002 4.6675965665236063 7381.5000000000009 18.605150214592275 -0.98214488425316759 -0.93545056548590078 -0.59177783207548873 15.151502145922747 0.83376496542330847 4.7504291845493567 0.31596169403973995 5361.5000000000009 -0.93545489084327571
decision_type=2 8 2 2 2 10 2 2 2 2 2 8 2 10 2 10 8 2 2 10 2 2 2 2 2 2 2 2 10 2
left_child=2 -2 4 -4 11 9 7 -7 -8 -6 -10 12 14 -9 28 -16 21 18 27 20 -13 -5 23 -23 25 -24 -19 -15 -1 -30
right_child=1 -3 3 16 5 6 8 13 10 -11 -12 19 -14 17 15 -17 -18 26 -20 -21 -22 22 24 -25 -26 -27 -28 -29 29 -31
leaf_value=0.084197523169814312 -0.54210553645843906 -5.2480814738769368 1.1053913815210081 0.9192063598018877 3.3622591142737974 2.2534423530229559 -4.1047522982558347 1.8896265790470352 -0.49437986005657425 0.89163762624243648 11.260126545828825 -8.5405419719893647 0.41282902727073179 0.13135956109122163 -2.9812633608034504 -0.39676267605657362 -1.8406446680508453 -1.1271823266006777 -1.9348350770762863 0.28115209131569829 -0.41461942489818288 -2.9974436051002842 -1.6927854234616917 -1.0557744916143292 -0.42765068889657415 5.6931539993978282 2.3038517759062644 6.7410213232112488 1.8568417898482039 -0.9351501575721386
leaf_weight=2326 471 53 352 124 112 846 47 347 1080 609 45 86 798 239 171 510 563 519 132 55 47 64 79 55 1821 105 40 206 43 648
leaf_count=2326 471 53 352 124 112 846 47 347 1080 609 45 86 798 239 171 510 563 519 132 55 47 64 79 55 1821 105 40 206 43 648
internal_value=-0.000115134 -0.00952381 0.000294118 -0.00254425 0.00130235 0.00374142 0.0020988 0.00534335 -0.00434783 0.0117036 -0.00279751 -0.000896478 -0.00022237 0.00131402 -0.0017302 -0.00887097 -0.00396515 -0.00167106 0.00389273 -0.0169312 -0.0257463 -0.00213428 -0.00305882 -0.0245833 -0.00176969 0.0108108 -0.00741071 0.0088565 -0.000115971 -0.00599711
internal_weight=12593 524 12069 3163 8906 4222 3501 2329 1172 721 1125 4684 4496 1483 3698 681 2811 1136 577 188 133 2248 2124 119 2005 184 559 445 3017 691
internal_count=12593 524 12069 3163 8906 4222 3501 2329 1172 721 1125 4684 4496 1483 3698 681 2811 1136 577 188 133 2248 2124 119 2005 184 559 445 3017 691
is_linear=0
shrinkage=0.05


Tree=143
num_leaves=31
num_cat=0
split_feature=6 7 12 7 3 14 3 12 1 12 10 7 7 10 10 2 14 10 10 7 12 13 11 1 6 11 10 1 10 14
split_gain=12.824 14.1632 18.3274 16.357 32.8279 26.9559 17.0641 18.337 15.8563 29.1602 24.3949 27.0078 21.443 15.4569 23.4587 22.0442 14.9935 14.2413 13.5321 12.7281 12.2192 11.8292 10.8489 11.7151 10.7557 10.5736 36.9286 10.6164 18.5262 10.3395
threshold=803.71888412017177 21.500000000000004 -0.998663445439673 10.500000000000002 3.5152360515021468 5877.5000000000009 6.7523605150214596 -0.42860892273876966 19.046298283261805 -0.72696319516528884 -0.83377653105606597 2.5000000000000004 5.5000000000000009 -0.8781231054254196 -0.94139628442229062 0.098927038626607469 7151.5000000000009 -0.93545489084327571 -0.022576249993022688 3.5000000000000004 -0.9905448150984083 -0.99467580659249177 -0.94426098523567992 22.834231938483551 310.79828326180262 0.99138911339924218 -0.022576249993022688 16.227378397711018 -0.72696319516528884 4870.5000000000009
decision_type=2 2 2 2 2 10 2 2 2 2 2 2 2 2 2 2 10 2 2 2 2 2 2 2 2 2 2 2 2 10
left_child=1 2 -1 8 16 -6 7 -7 10 12 11 -4 -10 14 19 -15 20 -13 -9 -11 -5 -3 -17 -24 -21 27 -27 28 -12 -25
right_child=-2 21 3 4 5 6 -8 18 9 13 25 17 -14 15 -16 22 -18 -19 -20 24 -22 -23 23 29 -26 26 -28 -29 -30 -31
leaf_value=1.2140717039608035 -0.62113656284286667 -5.6947888839353489 0.8817674106727964 -1.4575752526363659 25.153849864378074 3.8017216948599071 9.0607385551406878 -3.6709139833603106 1.8131345991300805 -0.28340476764997219 2.4381890371497321 -0.60213155569795163 0.052430363814255546 -1.1311528534781246 1.8116419603915803 1.093398216075957 -0.62461320377828999 -4.9463620977571736 1.428438612763921 0.61512523207015879 0.32649872576710098 -0.44358249196811816 -2.8368251189132025 1.2778086812104221 -1.0046129710099876 -8.5012193733417014 0.4192699047483302 -0.60120087225411689 -0.061341379117675392 -0.052393941455716235
leaf_weight=148 697 40 70 72 53 141 83 102 109 227 59 83 82 677 187 163 1047 143 541 315 2964 1011 54 68 70 109 176 484 2368 242
leaf_count=148 697 40 70 72 53 141 83 102 109 227 59 83 82 677 187 163 1047 143 541 315 2964 1011 54 68 70 109 176 484 2368 242
internal_value=-0.000218497 0.000168223 0.00070585 0.00046305 0.00254796 0.0110749 0.00892857 0.0066242 -0.00137155 0.001959 -0.00346407 -0.0171717 0.0205729 0.000174651 0.0055625 -0.00340249 0.000624388 -0.0255507 0.00302795 0.000815661 0.00240369 -0.00537072 0.00426136 -0.000547945 0.00634715 -0.00218955 -0.0113636 -0.00128777 6.17792e-05 0.00321543
internal_weight=12585 11888 10837 10689 5003 920 867 784 5686 2194 3492 296 191 2003 799 1204 4083 226 643 612 3036 1051 527 364 385 3196 285 2911 2427 310
internal_count=12585 11888 10837 10689 5003 920 867 784 5686 2194 3492 296 191 2003 799 1204 4083 226 643 612 3036 1051 527 364 385 3196 285 2911 2427 310
is_linear=0
shrinkage=0.05


Tree=144
num_leaves=31
num_cat=0
split_feature=12 12 12 6 1 13 15 7 15 7 6 12 12 3 12 12 1 11 11 12 11 11 15 6 11 11 15 3 11 12
split_gain=11.9627 14.5948 11.0574 13.1574 12.4834 33.5354 26.0305 22.4438 15.1053 14.6041 15.3191 19.8969 14.8983 13.1329 12.096 54.3562 21.8207 19.0659 29.3437 15.9922 15.4819 15.4753 11.5657 14.2012 11.5363 18.4101 19.212 17.8305 11.0042 15.5848
threshold=0.99865421017599998 0.9993614236720848 0.99683609994235922 106.80901287553648 12.857054721030044 -0.94139465211055529 6801.5000000000009 7.5000000000000009 8744.5000000000018 20.500000000000004 193.56866952789701 -0.2270106897347694 0.67008845381070758 6.4263948497854084 -0.29343379936893921 -0.049435780479547518 9.1249776466380563 0.97461712852231652 0.99981043035926087 -0.39727776132405557 0.95691861501572195 0.94066717844141279 7297.0000000000009 461.66523605150218 0.87291090774974645 0.94909129669788206 7164.5000000000009 2.1369098712446353 0.41202506375868281 0.96522610578843548
decision_type=2 2 2 2 2 2 8 2 10 2 2 2 2 2 2 2 2 2 2 2 2 2 10 2 2 2 10 2 2 2
left_child=2 -2 4 -4 5 -1 13 -8 14 10 -9 -12 -13 -6 19 16 -16 20 -19 24 21 28 23 -14 27 26 -26 -7 -17 -30
right_child=1 -3 3 -5 6 8 7 9 -10 -11 11 12 22 -15 15 17 -18 18 -20 -21 -22 -23 -24 -25 25 -27 -28 -29 29 -31
leaf_value=-2.628884840389583 -6.1662828826117222 -0.37781692091243713 0.069863801421934116 3.6597066954469031 0.021052444234805991 2.1814459709477432 -14.598684165925716 0.10548674525898605 4.3400891953004708 -1.9618336919341801 -3.7667555013055565 0.2878233700013425 2.6035655653590086 2.2000282068356682 1.6939597574280016 1.0170949211631979 -6.8277691901241271 4.637483055876146 -2.0274330480059688 5.262794553933464 -1.8066764975933893 4.6218381878707993 -4.2560371101862984 -2.5629812460469568 0.68907032868114593 0.33651676794738705 9.3496652756450658 -1.2339691617588189 -0.55945686072377609 1.1896134410867489
leaf_weight=89 77 146 58 49 7266 50 53 874 116 205 170 288 40 74 41 326 221 307 96 98 147 111 85 71 78 249 70 196 697 237
leaf_count=89 77 146 58 49 7266 50 53 874 116 205 170 288 40 74 41 326 221 307 96 98 147 111 85 71 78 249 70 196 697 237
internal_value=6.75354e-05 -0.0113839 0.000275014 0.0162037 0.000134628 0.00285942 -0.000799825 -0.00621153 0.00374877 -0.00521915 -0.00353172 -0.00931298 -0.00412371 0.000517641 0.00304274 0.00116758 -0.0201521 0.00408429 0.0137376 0.00855795 0.00151415 0.00317055 -0.0147208 -0.00401786 0.0056677 0.0109296 0.0248322 -0.00283401 0.00158604 -0.00117647
internal_weight=12585 223 12362 107 12255 3129 9126 1786 3040 1733 1528 654 484 7340 2924 2183 262 1921 403 741 1518 1371 196 111 643 397 148 246 1260 934
internal_count=12585 223 12362 107 12255 3129 9126 1786 3040 1733 1528 654 484 7340 2924 2183 262 1921 403 741 1518 1371 196 111 643 397 148 246 1260 934
is_linear=0
shrinkage=0.05


Tree=145
num_leaves=31
num_cat=0
split_feature=1 11 10 3 10 10 12 10 7 1 11 15 7 15 0 1 1 10 2 3 10 6 15 12 12 6 6 6 10 1
split_gain=11.608 26.6536 21.9324 21.5949 19.2337 20.3493 41.7612 37.5756 23.0844 20.0735 17.2963 16.3605 29.3055 15.679 14.9153 15.6799 14.0466 15.1076 13.7837 13.7537 13.2619 12.7515 12.5647 14.3676 13.205 16.3433 16.0918 11.9317 11.4492 28.1552
threshold=12.679090665236052 0.84199059757024453 0.17646842360078763 5.8744635193133057 0.98667101781630195 0.022575936829235418 0.3036948619824264 -0.15101209918632377 3.5000000000000004 10.179403612303291 0.81304046271159414 6735.5000000000009 6.5000000000000009 8744.5000000000018 13.024248927038629 14.315325464949927 9.1249776466380563 -0.022576249993022688 11.140987124463523 4.0980686695278985 0.91248814248966237 202.912017167382 7632.5000000000009 0.49253244405029933 -0.33324245164869215 42.424892703862668 19.93133047210301 444.87553648068678 0.76140650896573503 11.194375894134479
decision_type=2 2 2 2 2 2 2 2 2 2 2 8 2 10 2 2 2 2 2 2 2 2 8 2 2 2 2 2 2 2
left_child=4 3 14 10 5 7 8 9 -7 -1 11 18 -13 20 -3 21 -9 19 -2 -18 28 -16 24 -24 25 -14 -26 -28 -8 -30
right_child=1 2 -4 -5 -6 6 13 16 -10 -11 -12 12 22 -15 15 -17 17 -19 -20 -21 -22 -23 23 -25 26 -27 27 -29 29 -31
leaf_value=2.6731790252465091 0.002175751662980474 -1.270378570504181 -3.0407138215718987 2.0409813953397591 -2.3972379245420146 -0.68732657688142362 0.29186444265137651 4.2689373583640648 7.3620683863178336 0.23470694309235116 2.2740497609397154 -16.857563071466441 -0.095096697466851773 4.7371540888259913 4.2609801719261666 -0.35399004625633101 -1.2107950411553248 -0.75406028403599523 2.8957942581868794 -8.1461000101810903 1.0962563147623314 -0.30711663945473905 2.8485089859836084 -0.48440580506903647 -1.7843471594096627 -3.0211329029943954 0.69132518481487759 -0.58252281780910387 -5.7342363366522937 0.020951692682683643
leaf_weight=80 6695 177 295 155 81 50 916 41 215 549 78 41 188 91 72 260 66 133 136 162 329 40 101 243 179 257 397 239 84 261
leaf_count=80 6695 177 295 155 81 50 916 41 215 549 78 41 188 91 72 260 66 133 136 162 329 40 101 243 179 257 397 239 84 261
internal_value=-0.000130828 -0.000989115 -0.00946746 -0.000166475 0.00254985 0.00320685 0.00621469 -0.00247093 0.0246241 0.00515873 -0.00050263 -0.000719594 -0.00519441 0.00329964 -0.00354545 0.00214477 -0.0143921 -0.0175414 0.000358607 -0.0253275 0.00213702 0.0176991 -0.00411215 0.00434783 -0.00642347 -0.0133408 -0.0026348 0.0010989 -0.000198098 -0.00794798
internal_weight=12611 9553 844 8709 3058 2977 1946 1031 265 629 8554 8476 1645 1681 549 372 402 361 6831 228 1590 112 1604 344 1260 445 815 636 1261 345
internal_count=12611 9553 844 8709 3058 2977 1946 1031 265 629 8554 8476 1645 1681 549 372 402 361 6831 228 1590 112 1604 344 1260 445 815 636 1261 345
is_linear=0
shrinkage=0.05


Tree=146
num_leaves=31
num_cat=0
split_feature=8 6 3 12 0 15 6 8 15 1 15 11 15 1 1 10 2 15 6 0 8 3 12 12 12 1 1 10 10 15
split_gain=13.4011 27.936 27.0031 26.5172 20.4887 18.2384 26.9051 23.2175 21.0067 23.1891 19.5139 27.3759 21.9414 17.8703 17.8439 18.3905 17.6161 17.3321 23.6967 17.0843 16.7965 16.0608 23.4776 15.8075 15.7308 14.8337 14.6356 15.5613 14.504 12.2625
threshold=4.5000000000000009 1.0000000180025095e-35 5.2270386266094429 0.99865421017599998 19.618454935622321 4772.5000000000009 1.0000000180025095e-35 1.0000000180025095e-35 5322.5000000000009 9.7770788626609448 7453.5000000000009 0.84199059757024453 6887.5000000000009 12.058006974248931 21.022120886981405 -0.91597725483594616 2.7658798283261796 6801.5000000000009 146.94420600858373 20.344206008583694 1.0000000180025095e-35 0.61480686695279119 -0.54220184589352438 -0.878119045158818 -0.98803388382128665 12.768316344778254 12.569456366237484 -0.35846811432664222 0.24372619187392155 4821.5000000000009
decision_type=2 2 2 2 2 8 2 2 10 2 10 2 8 2 2 2 2 10 2 2 2 2 2 2 2 2 2 2 2 8
left_child=3 2 4 5 13 7 10 -1 -8 28 11 12 -7 -2 16 -16 24 21 20 -17 25 -11 -23 -15 -3 -19 -12 -28 -10 -6
right_child=1 14 -4 -5 29 6 8 -9 9 17 26 -13 -14 23 15 19 -18 18 -20 -21 -22 22 -24 -25 -26 -27 27 -29 -30 -31
leaf_value=-0.25630290657481963 2.4743463812598296 1.4586534116685244 1.2445488197444547 -4.6061877831187301 1.1609068077181746 -0.00028438090491818003 5.2771576540763823 0.78696481881270308 13.297147481972207 0.27633528792016476 3.3123412076190561 -1.1393988475521837 -2.1456484761788945 0.44702714320746967 1.9201355532219624 -2.1715576895815958 -4.5345333311707696 13.09606658394614 -0.9958628301582394 -0.036196252328954868 0.091102579342032197 -0.19062421700755294 9.4319641558044403 -0.95441700625433445 -1.5764407096336754 0.76193817403873254 3.2847886525378271 -0.92974454364862147 0.58610022775674231 0.10463429693991202
leaf_weight=290 69 58 430 122 125 2234 141 415 65 2064 223 673 192 194 131 41 91 83 1149 419 694 133 222 696 1174 88 41 164 45 168
leaf_count=290 69 58 430 122 125 2234 141 415 65 2064 223 673 192 194 131 41 91 83 1149 419 694 133 222 696 1174 88 41 164 45 168
internal_value=7.91452e-05 -0.00250209 0.00219846 0.00110632 -0.00151636 0.00142425 0.000761081 0.00913598 0.0032444 0.00265185 -0.00253685 -0.00391935 -0.00144211 -0.00505208 -0.00663185 0.000591216 -0.0098565 0.00208615 -0.00133995 -0.00412148 0.00490762 0.00493802 0.0147472 -0.00695847 -0.00827251 0.0188953 0.00745921 -0.00218447 0.0252252 0.010034
internal_weight=12634 3596 1682 9038 1252 8916 8211 705 4684 4543 3527 3099 2426 959 1914 591 1323 4433 2014 460 865 2419 355 890 1232 171 428 205 110 293
internal_count=12634 3596 1682 9038 1252 8916 8211 705 4684 4543 3527 3099 2426 959 1914 591 1323 4433 2014 460 865 2419 355 890 1232 171 428 205 110 293
is_linear=0
shrinkage=0.05


Tree=147
num_leaves=31
num_cat=0
split_feature=14 6 2 15 7 12 7 15 1 6 15 2 14 11 6 12 11 15 15 11 0 0 15 15 12 15 14 11 15 11
split_gain=12.4101 12.9998 14.683 11.3095 10.7795 16.3651 10.7345 16.9805 21.5224 10.7483 17.6016 16.3719 16.3658 14.6215 11.5294 19.0124 20.0799 18.2286 13.0696 10.781 13.2123 18.2045 16.1584 10.7229 9.5175 12.9053 9.35123 9.4422 9.32315 9.24582
threshold=4489.5000000000009 892.60729613733918 11.793991416309014 5761.5000000000009 4.5000000000000009 -0.78326178756187226 22.500000000000004 5412.5000000000009 11.54145654506438 303.31759656652366 4601.5000000000009 2.8111587982832611 5132.5000000000009 -0.64580103137750788 0.65021459227467815 -0.814291907305839 -0.77788789561442695 4947.5000000000009 6426.5000000000009 0.91852788691372023 17.738841201716742 20.344206008583694 5322.5000000000009 4531.5000000000009 0.8277925332691819 5954.5000000000009 6877.5000000000009 -0.013976481981245173 5869.5000000000009 0.45847758937963173
decision_type=10 2 2 10 2 2 2 8 2 2 10 2 10 2 2 2 2 8 8 2 2 2 10 10 2 10 10 2 8 2
left_child=4 2 6 -3 5 23 9 -8 -9 11 -11 13 -12 14 15 16 -2 -16 -17 20 22 26 -14 -1 25 -13 27 -22 -6 -24
right_child=1 3 -4 -5 28 -7 7 8 -10 10 12 24 19 -15 17 18 -18 -19 -20 -21 21 -23 29 -25 -26 -27 -28 -29 -30 -31
leaf_value=-1.1940250267616648 2.2526364901950502 -2.4337339633666719 4.1635109703500808 -0.21446992967494227 1.0900923003802745 -1.2646593471338292 0.20183602525221433 1.8731511531861771 -2.0168485635952722 3.0223688468607635 -1.6370065627088026 4.0284273050571757 13.495184642140339 0.2302333854470362 -2.9178749855394472 -0.03726001934935539 -0.094293448533062485 -0.4598026723513613 -4.2416819126341583 -2.2217884467735987 -1.6216216756022732 0.034188824732564176 2.2437678926156877 0.6139007492250812 0.32267187602251401 1.2251057769885165 -3.9364765762567004 0.19032814957704433 -1.9251413927198429 -0.4488961394953549
leaf_weight=75 58 114 67 189 136 271 232 60 248 89 279 65 50 6714 49 478 57 310 67 231 147 1446 287 52 133 112 58 133 58 331
leaf_count=75 58 114 67 189 136 271 232 60 248 89 279 65 50 6714 49 478 57 310 67 231 147 1446 287 52 133 112 58 133 58 331
internal_value=0.000484242 0.000832986 0.0010981 -0.009375 -0.00657673 -0.0112782 0.000962613 -0.00591497 -0.0135922 0.00129788 -0.0012287 0.00225634 -0.00188998 0.00180372 -0.00377451 0.000151286 0.0185345 -0.0109722 -0.00375458 -0.00068927 0.000285365 -0.00196078 0.00627803 0.00351563 0.0135048 0.0210674 -0.0123894 -0.00854093 0.00307692 0.00403877
internal_weight=12596 12004 11701 303 592 398 11634 540 308 11094 3051 8043 2962 7733 1019 660 115 359 545 2683 2452 1784 668 127 310 177 338 280 194 618
internal_count=12596 12004 11701 303 592 398 11634 540 308 11094 3051 8043 2962 7733 1019 660 115 359 545 2683 2452 1784 668 127 310 177 338 280 194 618
is_linear=0
shrinkage=0.05


Tree=148
num_leaves=31
num_cat=0
split_feature=15 6 2 1 10 14 15 14 1 10 14 0 15 15 15 14 11 1 15 10 10 1 14 6 11 6 14 14 6 6
split_gain=11.8294 9.81589 12.9839 11.9507 10.4444 9.59447 9.0034 23.6844 18.1515 16.1312 13.5087 14.1747 11.2336 10.8307 13.1606 13.6881 37.6675 18.478 15.271 33.5716 18.3144 12.7379 12.3263 12.8596 10.4836 13.5116 9.98172 12.3315 9.82793 9.73074
threshold=9193.0000000000018 873.50643776824052 8.577467811158801 22.834231938483551 -0.56368474752277564 4102.5000000000009 5914.5000000000009 6588.5000000000009 9.5557761087267554 -0.065535378769913874 5017.5000000000009 25.494635193133046 7894.5000000000009 6087.5000000000009 6845.5000000000009 6417.5000000000009 0.029024409397335523 10.847456187410589 7475.5000000000009 -0.21861968191509915 -0.065535378769913874 11.54145654506438 8226.5000000000018 72.500000000000014 0.41202506375868281 528.76180257510748 5781.5000000000009 6081.5000000000009 1.0000000180025095e-35 135.75536480686699
decision_type=10 2 2 2 2 10 8 10 2 2 10 2 10 8 10 10 2 2 10 2 2 2 10 2 2 2 10 10 2 2
left_child=1 2 5 -3 -4 -1 7 -7 9 -8 11 28 -11 21 -15 16 -16 -18 -17 -20 -21 -12 23 -22 25 -9 -23 -28 -10 -19
right_child=-2 3 4 -5 -6 6 8 24 10 12 13 -13 -14 14 15 18 17 29 19 20 22 26 -24 -25 -26 -27 27 -29 -30 -31
leaf_value=-4.7836969838138428 7.3621617435127975 -1.6578008126243731 -0.088691511249953697 0.091825656867672481 2.924850578119754 0.041531551486787069 6.7808233596730139 5.3029315866492652 -14.465195632572113 -0.62300412970928398 2.8930395422894208 1.7194661540305334 9.898173701903989 0.15807567542442486 -2.9333008862711267 -0.91248967856818131 -3.5843004988938905 7.2178952901600955 2.9538509949452876 -5.1472977191705471 1.2740741095903787 -2.6056062975274701 -1.6510841126126252 -1.2495312635249549 0.6389209543005564 0.11995629845414442 0.34303150753712547 -1.5670487357582716 -1.0807001888066452 2.2144293403097435
leaf_weight=75 40 195 96 188 142 5352 61 98 41 102 60 40 42 2537 95 1125 49 126 217 97 312 80 303 266 141 41 119 233 192 159
leaf_count=75 40 195 96 188 142 5352 61 98 41 102 60 40 42 2537 95 1125 49 126 217 97 312 80 303 266 141 41 119 233 192 159
internal_value=1.58416e-05 -7.15137e-05 0.000176201 -0.00794271 0.0117155 -5.43297e-05 5.8878e-05 0.00150897 -0.0012466 0.0133495 -0.00174323 -0.0125912 0.00413793 -0.00122859 -0.00056743 -0.00296364 0.00523256 0.0131343 -0.00448083 -0.000543478 -0.00449438 -0.00831643 -0.00221088 0.00207254 0.0156584 0.0253571 -0.0113164 -0.00764873 -0.0173077 0.018007
internal_weight=12624 12584 12201 383 238 11963 11888 5632 6256 205 6051 273 144 5778 5286 2749 429 334 2320 1195 978 492 881 578 280 139 432 352 233 285
internal_count=12624 12584 12201 383 238 11963 11888 5632 6256 205 6051 273 144 5778 5286 2749 429 334 2320 1195 978 492 881 578 280 139 432 352 233 285
is_linear=0
shrinkage=0.05


Tree=149
num_leaves=31
num_cat=0
split_feature=14 7 8 8 7 8 7 10 7 1 8 1 1 2 12 1 11 13 3 8 13 7 12 1 7 1 12 8 14 7
split_gain=10.8485 10.9572 16.729 10.762 34.269 28.2789 27.43 20.8177 16.3458 21.2831 17.6676 17.7148 17.7614 17.1254 21.453 14.1649 13.9191 17.2074 20.7915 31.503 20.8595 19.4046 19.083 13.988 13.8171 12.4905 12.3176 11.5778 11.497 11.4256
threshold=4570.5000000000009 21.500000000000004 5.5000000000000009 4.5000000000000009 5.5000000000000009 5.5000000000000009 8.5000000000000018 -0.90893996196865023 12.500000000000002 9.4544304363376259 1.0000000180025095e-35 12.612647532188843 10.847456187410589 3.9100858369098703 -0.72696319516528884 15.951256258941347 -0.99168640063982161 0.88118961618000469 3.398068669527897 3.5000000000000004 0.75438814418115718 15.500000000000002 -0.159513159777915 13.07116863376252 18.500000000000004 11.842636802575109 -0.99763297024448894 5.5000000000000009 5794.5000000000009 11.500000000000002
decision_type=10 2 2 2 2 2 2 2 2 2 2 2 2 2 2 2 2 2 2 2 2 2 2 2 2 2 2 2 10 2
left_child=-1 3 -3 8 5 15 -6 29 -2 -10 11 12 -11 14 28 -5 -12 18 20 -20 21 -18 -19 -23 26 -21 -9 -26 -13 -8
right_child=1 2 -4 4 6 -7 7 24 9 10 16 13 -14 -15 -16 -17 17 22 19 25 -22 23 -24 -25 27 -27 -28 -29 -30 -31
leaf_value=-0.32559512343261759 -1.0209500374003255e-05 -0.70485763705009963 1.6273096910209461 1.8416780645498649 -1.8280403656905493 -0.14593558820586169 4.5701669765323913 1.2311146960939823 9.4708555702728514 -0.69483801826472702 2.4594958208776463 1.0717243268137737 11.226562134219694 2.5723408568602739 -0.73048220343871439 0.74775158680565712 0.63483438214911991 -5.2959372228433956 3.9990518356787108 -2.8583300518814214 2.7445009561886082 -3.4431126245708583 0.33607005263934298 -0.1147833844226625 -0.22627960762451949 2.0758592911154894 -1.2266095629131089 1.7021369243875144 6.7166036616769365 0.49102610228703725
leaf_weight=774 4312 899 160 192 421 340 75 43 59 41 65 63 133 139 215 226 700 123 199 40 102 99 159 1131 187 50 1197 187 47 222
leaf_count=774 4312 899 160 192 421 340 75 43 59 41 65 63 133 139 215 226 700 123 199 40 102 99 159 1131 187 50 1197 187 47 222
internal_value=0.000182525 0.000558045 -0.00429245 0.00103548 -0.00145584 0.00777339 -0.00445778 -0.001909 0.00203829 0.00464944 0.00411249 0.0115806 0.0251429 0.00645161 0.000153374 0.0164678 0.00232297 0.00174731 0.00316537 0.0156897 0.00137727 0.000207147 -0.00989399 -0.00357433 -0.00414861 -0.00879121 -0.00668815 0.00426667 0.018018 0.0102349
internal_weight=12600 11826 1059 10767 3090 758 2332 1911 7677 3365 3306 638 174 464 325 418 2668 2603 2321 289 2032 1930 282 1230 1614 90 1240 374 110 297
internal_count=12600 11826 1059 10767 3090 758 2332 1911 7677 3365 3306 638 174 464 325 418 2668 2603 2321 289 2032 1930 282 1230 1614 90 1240 374 110 297
is_linear=0
shrinkage=0.05


Tree=150
num_leaves=31
num_cat=0
split_feature=15 11 13 11 11 15 8 1 11 10 8 15 15 15 14 14 10 8 13 11 10 13 14 8 1 14 8 1 10 1
split_gain=12.0593 9.27687 14.7426 17.0554 18.246 15.586 13.8738 13.3862 22.3696 30.792 18.3756 15.6095 11.9754 17.9014 22.3806 17.67 13.6065 13.2584 13.1929 11.6291 14.3016 11.0358 10.5408 14.2006 13.431 12.7701 22.2794 28.5037 9.87063 33.9738
threshold=9193.0000000000018 0.99981043035926087 0.99731940924863693 0.99748108949426018 0.99611390731392835 5761.5000000000009 2.5000000000000004 10.08427664520744 0.9863035000474919 0.091259403071267925 2.5000000000000004 6011.5000000000009 5914.5000000000009 6087.5000000000009 5755.5000000000009 6588.5000000000009 -0.91597725483594616 1.0000000180025095e-35 -0.65721521735223198 0.95691861501572195 0.26037272046371446 -0.022576210847469604 7151.5000000000009 5.5000000000000009 13.848077610872677 7423.5000000000009 3.5000000000000004 15.836427038626612 0.91596454896554913 16.770511444921322
decision_type=10 2 2 2 2 10 2 2 2 2 2 10 8 10 10 10 2 2 2 2 2 2 10 2 2 10 2 2 2 2
left_child=1 2 3 4 7 -4 -7 10 12 -10 11 -1 15 14 17 28 -16 -14 -17 -12 -21 -20 24 25 -15 -24 27 -27 -9 -30
right_child=-2 -3 5 -5 -6 6 -8 8 9 -11 19 -13 13 22 16 18 -18 -19 21 20 -22 -23 23 -25 -26 26 -28 -29 29 -31
leaf_value=-0.07987094494537815 8.4839473161716352 -2.8930457898619353 -0.53527550801140933 -1.8041523846205565 4.4910676185140801 1.0587855913703379 12.540654700810069 0.10219506935777645 -9.2581915673202051 0.27127173648650571 0.96057284744242688 6.9921397843159419 -0.75961072204245284 1.1110340003626333 -1.393811121592853 6.9380545929686832 -0.057644463502492728 -8.9969844169564794 -2.3140451582030894 1.9943398658859679 -1.9722112037662556 1.1456931910642199 -1.5241703771929906 5.7689080605723122 -0.064504447659055594 0.020330777752224097 -1.5729524881111503 3.96037874138583 0.12494441390590511 -2.9890165823705277
leaf_weight=40 40 99 55 152 80 50 50 4353 130 105 130 94 107 776 56 113 410 102 45 52 57 113 486 69 2872 619 434 60 612 176
leaf_count=40 40 99 55 152 80 50 50 4353 130 105 130 94 107 776 56 113 410 102 45 52 57 113 486 69 2872 619 434 60 612 176
internal_value=-0.00024326 -0.000332053 -0.000209694 -0.00040428 -0.000194343 0.0150641 0.0267327 -0.000353813 -0.000652977 -0.0158898 0.00895722 0.0237037 -0.000337601 -0.0018775 -0.00954142 0.00136708 -0.00342612 -0.0230952 0.0137868 0.000625 -0.0113636 0.00440252 -0.000902765 -0.00419413 0.000602905 -0.00515625 -0.00219928 0.00345588 0.000709841 -0.00443599
internal_weight=12537 12497 12398 12243 12091 155 100 12011 11638 235 373 134 11403 5991 675 5412 466 209 271 239 109 158 5316 1668 3648 1599 1113 679 5141 788
internal_count=12537 12497 12398 12243 12091 155 100 12011 11638 235 373 134 11403 5991 675 5412 466 209 271 239 109 158 5316 1668 3648 1599 1113 679 5141 788
is_linear=0
shrinkage=0.05


Tree=151
num_leaves=31
num_cat=0
split_feature=8 14 7 7 12 3 12 10 12 12 10 13 10 10 14 15 12 3 12 12 3 7 15 7 12 8 15 7 7 14
split_gain=14.1224 18.338 15.9121 21.1409 17.9278 16.2324 14.5184 13.6323 12.9815 11.0043 10.7794 30.8114 18.4247 14.6082 14.5718 12.273 11.9889 12.5019 11.4747 20.9467 14.0918 13.1116 14.2025 16.0999 12.6151 12.5418 10.2541 13.014 13.3037 10.786
threshold=1.5000000000000002 4439.5000000000009 20.500000000000004 17.500000000000004 -0.99467753128998015 4.9828326180257516 -0.95244167294248061 -0.2270106897347694 -0.98803388382128665 0.81425425632861714 1.0000000180025095e-35 0.97650658860526895 0.34235194516023087 0.42179998225932674 6890.5000000000009 7126.5000000000009 -0.26037633224328088 4.2143776824034349 -0.92273922871446856 -0.67803021058859214 0.073390557939916348 3.5000000000000004 5748.5000000000009 12.500000000000002 0.84660111278280559 1.0000000180025095e-35 6949.5000000000009 20.500000000000004 8.5000000000000018 6624.5000000000009
decision_type=2 10 2 2 2 2 2 2 2 2 2 2 2 2 10 10 2 2 2 2 2 2 8 2 2 2 8 2 2 10
left_child=2 -2 3 4 -1 -5 8 9 -6 -4 11 14 16 -14 15 18 -12 -18 -8 25 21 -21 24 -24 -23 -20 -3 28 -28 -30
right_child=1 26 7 5 6 -7 10 -9 -10 -11 12 -13 13 -15 -16 -17 17 -19 19 20 -22 22 23 -25 -26 -27 27 -29 29 -31
leaf_value=-2.4465003183786393 -4.30900702982317 -0.0059570422622073245 0.69926802907957608 1.4668996269447234 0.30472831482516088 9.2524107614647164 2.2582859313625252 -1.7083630885978438 6.875200942657421 -1.3508482368165688 5.8985308079506469 -4.4280411247807026 -2.3300087338810953 0.30550406790712259 -2.994481965791397 4.9758506546847912 -0.51653114024570645 3.2068720477893069 -4.3773341541029822 -0.46532117874071449 1.7375569683164032 2.3740375630586641 -0.97060488195179462 0.76366197231932353 -0.18850607926387966 -0.26946094844779511 -2.9029111792493043 -1.6584699162912786 3.5540258124215143 -0.30368566644560818
leaf_weight=55 91 7114 169 389 76 64 63 221 56 48 45 69 43 905 58 61 100 116 81 179 105 84 277 214 45 74 116 253 135 1341
leaf_count=55 91 7114 169 389 76 64 63 221 56 48 45 69 43 905 58 61 100 116 81 179 105 84 277 214 45 74 116 253 135 1341
internal_value=-0.000106736 -0.00116009 0.00254308 0.00378165 0.00210565 0.0137665 0.00269608 -0.00637813 0.018797 0.00252294 0.00184524 -0.00129672 0.00524793 0.00200211 0.000523349 0.00173142 0.0169847 0.0119816 0.000534283 -0.000707547 0.00220994 -6.25e-05 0.00338164 -0.00050813 0.0180769 -0.0176282 -0.00093192 -0.00425244 -0.00257376 -0.00128639
internal_weight=12647 9050 3597 3159 2706 453 2651 438 132 217 2519 1310 1209 948 1241 1183 261 216 1122 1059 904 799 620 491 129 155 8959 1845 1592 1476
internal_count=12647 9050 3597 3159 2706 453 2651 438 132 217 2519 1310 1209 948 1241 1183 261 216 1122 1059 904 799 620 491 129 155 8959 1845 1592 1476
is_linear=0
shrinkage=0.05


Tree=152
num_leaves=31
num_cat=0
split_feature=6 2 2 10 14 10 10 8 1 15 8 1 1 10 10 10 8 7 11 15 10 15 10 15 7 0 0 7 1 10
split_gain=12.7235 17.688 12.6223 10.4723 9.82415 12.1522 11.4195 9.49564 14.5172 14.1538 24.0368 15.2439 16.478 23.0394 20.3659 16.9097 19.5427 26.5311 19.8029 16.8577 15.8127 26.6839 14.8769 12.1914 16.6309 22.2949 18.5396 28.0461 18.4239 18.1662
threshold=727.78969957081551 9.9789699570815475 12.556652360515022 -0.96689237009891416 4462.5000000000009 0.93544191479114935 0.14250626876356556 1.5000000000000002 9.5557761087267554 4785.5000000000009 1.0000000180025095e-35 10.847456187410589 12.679090665236052 -0.75015329512557194 -0.69057362043749781 -0.35846811432664222 1.0000000180025095e-35 7.5000000000000009 0.97263757644091875 6801.5000000000009 0.12545942051955489 7256.5000000000009 -0.77245553105869302 6949.5000000000009 10.500000000000002 17.738841201716742 19.12317596566524 6.5000000000000009 18.924758583690991 0.022575936829235418
decision_type=2 2 2 2 10 2 2 2 2 8 2 2 2 2 2 2 2 2 2 10 2 10 2 10 2 2 2 2 2 2
left_child=1 4 3 -2 5 6 -1 8 -6 10 -10 -11 15 22 -15 -13 17 -17 -18 -16 21 -21 -14 24 26 -26 27 -9 -27 -29
right_child=2 -3 -4 -5 7 -7 -8 23 9 11 -12 12 13 14 19 16 18 -19 -20 20 -22 -23 -24 -25 25 28 -28 29 -30 -31
leaf_value=-0.35721557398112513 -1.847932391956556 3.8567679402600334 2.075248337295625 -0.51978021519926187 6.3936944327809897 -4.8141757170195891 0.71131510056306979 -0.0071850626666218886 0.15152296686874253 -1.7474757516195041 3.4225201877247855 -9.8014435326559131 0.58662997151823226 -3.0853819357859269 0.20168968949988086 -0.38531203929253482 0.90985058540040886 9.5118861857284855 -5.4624189009965223 -1.4741321591529186 -2.3431719495154542 2.9070249924922567 4.5583972464921771 -0.42454957815104993 1.3811650014196404 -1.3106188447440219 0.34386034184631176 -2.1440517239585914 0.25084551644956721 -0.63442590559357093
leaf_weight=338 49 73 65 887 62 73 110 2068 91 232 43 45 595 51 777 68 168 228 50 86 289 78 52 1668 1182 373 919 353 1102 441
leaf_count=338 49 73 65 887 62 73 110 2068 91 232 43 45 595 51 777 68 168 228 50 86 289 78 52 1668 1182 373 919 353 1102 441
internal_value=0.000166442 0.000632748 -0.00523952 -0.00672359 0.000476479 -0.00622605 -0.00311804 0.000793867 0.00324074 0.00271549 0.0185185 0.00193015 0.00307476 0.000881286 -0.00300312 0.010625 0.0132039 0.0215488 0.00182648 -0.00170593 -0.00936123 0.0030303 0.00856481 -8.63451e-05 0.000900761 0.00393153 -0.00122951 -0.00321341 -0.000169377 -0.011195
internal_weight=12616 11615 1001 936 11542 521 448 11021 2915 2853 134 2719 2487 1928 1281 559 514 296 218 1230 453 164 647 8106 6438 2657 3781 2862 1475 794
internal_count=12616 11615 1001 936 11542 521 448 11021 2915 2853 134 2719 2487 1928 1281 559 514 296 218 1230 453 164 647 8106 6438 2657 3781 2862 1475 794
is_linear=0
shrinkage=0.05


Tree=153
num_leaves=31
num_cat=0
split_feature=6 2 10 1 10 11 1 0 14 8 1 10 11 10 10 1 1 1 14 6 0 8 1 15 14 15 15 8 14 10
split_gain=13.3802 19.2907 10.4709 29.6005 28.9588 19.8719 19.5261 17.9595 26.0249 17.0343 18.4185 16.2194 14.071 13.97 21.7938 19.7074 18.2682 16.8415 16.5896 13.74 15.008 13.4452 18.5578 16.3792 25.608 28.496 22.529 19.0188 26.0707 16.828
threshold=892.60729613733918 11.793991416309014 0.93544191479114935 16.31400661659514 0.89017062131308955 -0.26867065956352881 11.445708154506439 13.667167381974249 5768.5000000000009 1.5000000000000002 10.946199928469243 0.98372640911059162 -0.38243420677835349 0.8697513045430848 0.86113431103781346 11.645475679542205 11.799213161659514 11.720489091559372 8226.5000000000018 421.83476394849788 8.8128755364806874 4.5000000000000009 21.076555793991417 5296.5000000000009 5603.5000000000009 5719.5000000000009 5171.5000000000009 1.5000000000000002 5252.5000000000009 0.46800856592688472
decision_type=2 2 2 2 2 2 2 2 10 2 2 2 2 2 2 2 2 2 8 2 2 2 2 8 10 10 10 2 10 2
left_child=1 2 4 5 13 -4 11 -5 -9 -6 -11 -7 -12 14 15 19 -17 -15 21 20 -1 23 -23 26 27 -26 29 -25 -29 -18
right_child=-2 -3 3 7 9 6 -8 8 -10 10 12 -13 -14 17 -16 16 18 -19 -20 -21 -22 22 -24 24 25 -27 -28 28 -30 -31
leaf_value=-0.11430966775965318 -1.1259481831205449 3.9029161647426918 -5.0753213357216742 2.8046984366480503 3.3819044527320559 0.21161213845418844 0.43393796963187015 -4.0642742023447225 -0.76137613980699825 -2.0228488898655996 -2.3039434979769795 -2.9469662912621972 2.0378336507781114 -15.774941703139939 13.162294897340235 -3.4969584551565731 0.045693484502999128 -0.6426749151680724 -1.8265823910185646 -3.1161916324587766 1.2331841497354163 -0.6894089736836122 0.2183826864409639 -0.3786532302444357 1.873948414006918 0.032288771739194998 1.2020193821533214 -4.5308870740065688 -0.37214491772629121 1.078140231395605
leaf_weight=340 304 66 89 40 132 58 1013 166 145 56 83 62 198 41 58 141 1079 132 285 86 998 1453 925 665 205 3135 202 112 166 176
leaf_count=340 304 66 89 40 132 58 1013 166 145 56 83 62 198 41 58 141 1079 132 285 86 998 1453 925 665 205 3135 202 112 166 176
internal_value=-0.000146686 0.000109685 -3.67587e-05 -0.00384371 0.000524885 -0.000163532 0.00163139 -0.0166193 -0.0206731 0.0126596 0.0066568 -0.0173554 0.0118794 -3.43137e-05 0.000209435 3.00933e-05 -0.000877706 -0.0140805 -0.000577106 0.00547368 0.00672143 -0.000160118 -0.00332072 0.00114963 -0.000408497 0.00164621 0.00572702 -0.00768008 -0.018638 0.00322452
internal_weight=12611 12307 12241 1573 10668 1222 1133 351 311 469 337 120 281 10199 10026 9968 8544 173 8403 1424 1338 8118 2378 5740 4283 3340 1457 943 278 1255
internal_count=12611 12307 12241 1573 10668 1222 1133 351 311 469 337 120 281 10199 10026 9968 8544 173 8403 1424 1338 8118 2378 5740 4283 3340 1457 943 278 1255
is_linear=0
shrinkage=0.05


Tree=154
num_leaves=31
num_cat=0
split_feature=7 15 1 7 15 8 3 8 15 6 15 11 0 8 11 10 10 11 11 11 1 1 11 10 10 1 6 15 15 8
split_gain=10.2279 24.1121 15.1868 11.8558 36.0717 25.7468 23.4363 20.5668 17.858 19.0965 15.1653 15.3896 15.0319 14.5559 13.6274 12.435 17.8187 12.1587 12.0939 18.6775 18.3337 24.1656 18.2779 15.0349 12.169 13.0275 12.1214 16.2753 11.7189 21.3414
threshold=21.500000000000004 6724.5000000000009 12.398408440629472 17.500000000000004 5853.5000000000009 3.5000000000000004 4.9828326180257516 5.5000000000000009 1.0000000180025095e-35 128.17596566523608 6917.5000000000009 0.19969739736768838 26.880901287553652 5.5000000000000009 0.98899263613956456 -0.99275805973510278 -0.97113884758256674 0.29958852271690523 0.70747208174348741 0.80798785254895478 21.076555793991417 22.416724785407727 -0.89787881968372518 -0.74441730022405961 0.86113431103781346 15.54339234620887 151.13090128755366 6011.5000000000009 4772.5000000000009 1.0000000180025095e-35
decision_type=2 10 2 2 10 2 2 2 10 2 10 2 2 2 2 2 2 2 2 2 2 2 2 2 2 2 2 10 10 2
left_child=3 2 -2 8 -5 6 12 10 9 -1 -7 -12 -6 28 -8 -15 -17 -9 20 -20 24 -22 -23 -24 -18 -26 -21 -28 29 -10
right_child=1 -3 -4 4 5 7 14 17 13 -11 11 -13 -14 15 -16 16 18 -19 19 26 21 22 23 -25 25 -27 27 -29 -30 -31
leaf_value=-13.283187521183368 1.9880543335325911 -1.9562084781664453 -0.2417514176554505 2.6813771273459679 0.10757344120202106 -0.1455957826476606 5.5919798278074042 -0.29655633672932707 -0.49846122373724033 -0.062339182733353482 -5.4101990746998583 -1.4799379765329377 2.8904914325924893 1.2864072618810498 -0.11573939736053945 -3.1323958367960132 -2.3372895793156658 3.3294958651558093 3.0435327663801219 0.31931174304877463 1.0352096113545031 -3.5057993015257125 -3.3430563853428796 0.68285238423732153 0.09860419938288488 -5.8843076311431561 0.99546047318281128 -8.4927307105307133 0.0013513222835626949 0.68317460930793461
leaf_weight=42 124 212 719 187 961 262 124 89 287 54 64 217 68 61 41 56 263 120 71 210 111 61 41 115 172 78 43 43 7119 651
leaf_count=42 124 212 719 187 961 262 124 89 287 54 64 217 68 61 41 56 263 120 71 210 111 61 41 115 172 78 43 43 7119 651
internal_value=2.36836e-05 -0.0046875 -0.000888626 0.000452118 0.00381912 0.00179764 0.00635983 -0.00544489 -0.000305939 -0.0216495 -0.0105699 -0.018617 0.00354369 -8.52606e-05 0.0237952 -0.00493967 -0.00600791 0.00785714 -0.00471464 0.00285326 -0.00801663 0.00121581 -0.00848624 0.000636943 -0.0139105 -0.0059761 -0.0026936 -0.0183908 0.000713577 0.00596379
internal_weight=12666 1055 843 11611 2133 1946 1194 752 9478 96 543 281 1029 9382 165 1325 1264 209 1208 367 841 328 217 156 513 250 296 86 8057 938
internal_count=12666 1055 843 11611 2133 1946 1194 752 9478 96 543 281 1029 9382 165 1325 1264 209 1208 367 841 328 217 156 513 250 296 86 8057 938
is_linear=0
shrinkage=0.05


Tree=155
num_leaves=31
num_cat=0
split_feature=6 4 14 15 15 7 12 13 12 5 12 15 1 13 10 8 1 15 10 0 13 12 10 10 14 12 10 14 12 12
split_gain=11.7906 15.1733 11.2875 14.5387 13.3208 11.6795 11.2323 20.326 19.6098 18.4467 13.7651 17.2061 13.7592 14.6506 50.6713 20.6381 17.0876 14.9764 14.4757 14.0877 19.6045 16.9793 15.4657 15.1616 14.4225 13.6618 18.2087 17.2235 15.9571 13.1572
threshold=803.71888412017177 12.674604514726736 4462.5000000000009 4531.5000000000009 4101.0000000000009 4.5000000000000009 0.82414472752956958 0.47370525521770246 0.56192297990542495 3.66778437620881 0.52217737485370563 6735.5000000000009 14.219174713876967 0.96851671873169776 0.022575936829235418 3.5000000000000004 10.896915236051504 6969.5000000000009 -0.022576249993022688 17.268454935622319 0.91423533665985768 0.46230456327903491 -0.8041866928211282 -0.73866753694953124 7151.5000000000009 0.019351116170480156 0.94704596667653973 6359.5000000000009 -0.95244167294248061 0.86440767487108461
decision_type=2 2 10 8 10 2 2 2 2 2 2 10 2 2 2 2 2 10 2 2 2 2 2 2 10 2 2 10 2 2
left_child=1 2 4 -4 -1 -6 8 9 10 -8 12 -12 13 -5 15 18 -16 -17 -15 20 22 24 -14 -24 25 26 28 -27 -21 -9
right_child=-2 -3 3 6 5 -7 7 29 -10 -11 11 -13 19 14 16 17 -18 -19 -20 21 -22 -23 23 -25 -26 27 -28 -29 -30 -31
leaf_value=-4.105494592060313 -0.54944036703122945 4.0670696648676765 0.61056360019160827 0.62475927407854215 -0.52088835370541353 0.85396922818472376 -0.28444200705403094 -0.27252084790516168 0.47253525035728217 1.0833153061941176 -0.43005639285881903 -3.4128931754860332 -1.0749253595586425 -18.212735831381089 11.712795475655003 -0.69350484588915151 0.74759899512264383 4.3703293660586953 -1.5420276791228162 -1.0126047890218388 -2.9130913379006418 2.0043274317497435 3.113689278495622 -0.17161695547438285 -1.3645599239348032 -0.89622752290520113 -2.1989735043656311 0.74269549882710639 0.63358691646831178 -4.3197921548850902
leaf_weight=47 704 58 435 1564 333 141 1852 131 1462 256 150 74 298 129 71 62 139 42 102 232 78 118 103 1401 186 429 140 209 1552 71
leaf_count=47 704 58 435 1564 333 141 1852 131 1462 256 150 74 298 129 71 62 139 42 102 232 78 118 103 1401 186 429 140 209 1552 71
internal_value=-0.000242641 0.000130625 4.23442e-06 0.000336671 -0.00718391 -0.00463158 -2.30372e-05 -0.00311553 0.000813627 -0.00165955 -0.000275424 -0.0124444 0.000123979 0.00348341 -0.00357143 -0.015625 0.0156398 0.00285714 -0.0239224 -0.00136929 -0.00473153 0.000837112 -0.00366057 -0.00159468 3.63769e-05 0.00101444 0.00311688 -0.00532081 0.00448179 -0.0182266
internal_weight=12569 11865 11807 11286 521 474 10851 2310 8541 2108 7079 224 6855 2109 545 335 210 104 231 4746 1880 2866 1802 1504 2748 2562 1924 638 1784 202
internal_count=12569 11865 11807 11286 521 474 10851 2310 8541 2108 7079 224 6855 2109 545 335 210 104 231 4746 1880 2866 1802 1504 2748 2562 1924 638 1784 202
is_linear=0
shrinkage=0.05


Tree=156
num_leaves=31
num_cat=0
split_feature=8 7 12 1 11 11 1 15 12 12 1 13 6 15 7 15 8 8 15 11 11 15 7 13 13 13 11 15 6 15
split_gain=11.3423 36.3511 25.9524 16.996 29.6654 21.7042 20.9538 20.7338 21.147 23.1352 21.6931 18.9696 15.7246 14.5465 13.0182 33.3418 22.1009 27.7113 24.67 17.8544 15.5788 15.2766 14.856 23.9643 19.0692 16.7851 17.1591 16.3942 13.4666 25.636
threshold=4.5000000000000009 2.5000000000000004 0.99865421017599998 11.886663984263235 0.77652048701313048 0.9863035000474919 10.282211194563663 5941.5000000000009 -0.39036798905311365 -0.14250758662009075 21.660903969957083 -0.82413948779581736 344.16738197424894 5400.5000000000009 4.5000000000000009 4958.5000000000009 1.0000000180025095e-35 1.5000000000000002 4488.5000000000009 0.33222858587828868 0.45847758937963173 5461.5000000000009 20.500000000000004 0.99924179677339053 0.98448590438035632 0.97650658860526895 0.99445195900249039 8015.0000000000009 163.39270386266097 5593.5000000000009
decision_type=2 2 2 2 2 2 2 8 2 2 2 2 2 10 2 8 2 2 8 2 2 8 2 2 2 2 2 10 2 8
left_child=2 -2 14 4 -3 6 -6 8 11 10 -10 -5 -9 -13 16 20 18 19 -1 -18 -16 -19 23 24 25 28 -27 -24 -17 -30
right_child=1 3 -4 7 5 -7 -8 12 9 -11 -12 13 -14 -15 15 22 17 21 -20 -21 -22 -23 27 -25 -26 26 -28 -29 29 -31
leaf_value=0.21330133787341765 1.0225375051983066 -1.5392081358701946 -4.3784440536875993 -3.330217223762975 0.13061312609133893 -1.1368231616385855 5.8037283955321985 -1.1941914093906463 5.1588793672944577 -0.14780577541532694 -0.50056979081527975 -1.5004732700038403 -5.4616043682270856 0.43700441769783538 3.9542867793642245 0.56547288418473729 0.089159942106357457 -0.03543528883819818 -2.1888150823628396 1.671618206653011 0.15967515806305529 -1.6382528054683918 -0.14241395797650966 -2.6836517408163219 4.6891780677066892 -12.204221851439753 1.3621187561690022 -3.9912182845398094 6.7479186261527051 0.00078675552899767356
leaf_weight=140 423 197 119 75 113 85 167 516 116 1045 55 522 94 182 116 2459 208 906 240 178 84 201 1014 74 140 54 43 73 63 2866
leaf_count=140 423 197 119 75 113 85 167 516 116 1045 55 522 94 182 116 2459 208 906 240 178 84 201 1014 74 140 54 43 73 63 2866
internal_value=6.36487e-05 -0.00231133 0.00101348 -0.00415088 0.00373002 0.0121585 0.0188612 -0.00585188 -0.00338176 0.000739523 0.0177326 -0.00980769 -0.0139116 -0.00723404 0.00132619 0.00231859 -0.0023746 0.000368139 -0.0131234 0.0118863 0.0223881 -0.00365523 0.00172388 0.00274561 0.00311945 0.00265221 -0.0178571 -0.00363051 0.00302468 0.000733788
internal_weight=12568 3590 8978 3167 562 365 280 2605 1995 1216 171 779 610 704 8859 6986 1873 1493 380 386 200 1107 6786 5699 5625 5485 97 1087 5388 2929
internal_count=12568 3590 8978 3167 562 365 280 2605 1995 1216 171 779 610 704 8859 6986 1873 1493 380 386 200 1107 6786 5699 5625 5485 97 1087 5388 2929
is_linear=0
shrinkage=0.05


Tree=157
num_leaves=31
num_cat=0
split_feature=6 3 7 7 8 7 8 11 3 1 1 12 12 8 11 11 11 1 2 11 11 12 12 1 10 8 13 8 7 12
split_gain=11.555 18.6076 17.613 28.5515 17.9909 14.833 15.2119 14.7641 14.5656 14.0755 29.7265 15.5366 17.0163 12.0238 11.1094 16.8689 22.5487 13.6846 12.1337 13.8366 20.0533 15.1921 11.0896 11.0774 22.3713 13.9284 11.0423 10.8259 43.8317 16.2764
threshold=523.51931330472109 0.85879828326180363 10.500000000000002 20.500000000000004 5.5000000000000009 1.0000000180025095e-35 1.0000000180025095e-35 0.16587474750015932 6.7523605150214596 19.046298283261805 16.770511444921322 0.84660111278280559 0.77241981449888963 5.5000000000000009 0.29958852271690523 0.16587474750015932 0.063390085881955341 22.143504113018597 0.098927038626607469 -0.90531874877253482 -0.81925291736142503 0.4737060765891063 -0.814291907305839 24.989891809728181 -0.75579217237767959 2.5000000000000004 -0.80417042486635371 4.5000000000000009 12.500000000000002 -0.36547639117285574
decision_type=2 2 2 2 2 2 2 2 2 2 2 2 2 2 2 2 2 2 2 2 2 2 2 2 2 2 2 2 2 2
left_child=2 7 5 8 22 6 -1 27 -4 10 -7 12 14 -12 15 16 18 -17 19 -11 -21 -22 -5 24 -13 -25 -8 -2 29 -29
right_child=1 -3 3 4 -6 9 26 -9 -10 11 13 23 -14 -15 -16 17 -18 -19 -20 20 21 -23 -24 25 -26 -27 -28 28 -30 -31
leaf_value=-2.4771221361075733 -0.090530443436045979 3.7381358298071521 0.6479510311932245 0.51208741672066938 1.2295565758581006 -0.13596493209745406 -0.28481001832174119 -3.0780618488278151 10.171571358548318 -1.339815585091924 -1.0473159194778645 -0.032272094908489639 2.6758503180445135 -2.6462758047784178 0.82809562108641332 -3.0869663288907763 1.7739837283311772 0.0041992627035597257 0.87350849802292041 1.5026325476695548 -0.38260825599249987 0.91411255839848315 -0.65724735522135236 -0.96740553516765437 -2.0977444488173207 0.93879786413706379 1.4443502039619034 -1.9757805553766277 -3.2566330043936662 1.8930688407864638
leaf_weight=67 1221 99 3499 225 222 2682 107 162 66 284 448 178 103 92 94 55 94 51 210 43 287 137 1118 75 128 100 357 56 274 137
leaf_count=67 1221 99 3499 225 222 2682 107 162 66 284 448 178 103 92 94 55 94 51 210 43 287 137 1118 75 128 100 357 56 274 137
internal_value=2.76199e-05 -0.00351282 0.000671454 0.00278698 -0.00284163 -0.00126944 0.00667293 -0.00464614 0.00525799 -0.00210391 -0.00409556 0.00138587 0.00412068 -0.0147874 0.00250796 0.00116179 0.00307765 -0.017757 0.000779626 -0.00219415 0.00309829 -0.000235294 -0.00502232 -0.0063278 -0.0120521 0.00369318 0.00989247 -0.00325636 -0.00972222 0.00850515
internal_weight=12671 1949 10722 5130 1565 5592 531 1850 3565 5061 3222 1839 1358 540 1255 1161 1055 106 961 751 467 424 1343 481 306 175 464 1688 467 193
internal_count=12671 1949 10722 5130 1565 5592 531 1850 3565 5061 3222 1839 1358 540 1255 1161 1055 106 961 751 467 424 1343 481 306 175 464 1688 467 193
is_linear=0
shrinkage=0.05


Tree=158
num_leaves=31
num_cat=0
split_feature=10 1 10 1 6 14 7 15 8 6 1 12 12 14 10 7 15 1 15 12 10 1 12 12 10 1 10 6 0 10
split_gain=14.3126 13.9482 19.7722 16.6743 10.9461 10.1359 11.3298 21.4351 15.5103 15.1092 17.2899 14.7317 15.7146 12.9741 12.5881 19.8575 15.9571 20.0427 13.0069 14.4644 11.7866 12.0668 15.9225 25.1118 16.0598 40.0356 16.8366 14.5811 13.5464 25.7377
threshold=0.99552231814189451 13.848077610872677 0.99983759474438971 15.608154506437769 16.836909871244639 4570.5000000000009 20.500000000000004 5954.5000000000009 1.5000000000000002 241.26824034334766 28.018329756795421 -0.998663445439673 -0.9998468409516591 6094.5000000000009 -0.25205528343633254 12.500000000000002 5926.5000000000009 22.143504113018597 6933.5000000000009 0.92919371535393525 0.99274428880883148 20.394662017167388 -0.039769906970920914 0.24998082458982465 -0.77245553105869302 23.223243025751074 -0.39826117949089107 293.01287553648075 17.738841201716742 0.85226249403558707
decision_type=2 2 2 2 2 10 2 8 2 2 2 2 2 10 2 2 10 2 8 2 2 2 2 2 2 2 2 2 2 2
left_child=5 -2 3 -3 -4 -1 8 13 9 -7 14 12 -10 -8 15 -11 -16 -18 19 -17 21 27 -23 -24 -25 26 -26 -13 29 -29
right_child=1 2 4 -5 -6 6 7 -9 11 10 -12 20 -14 -15 16 18 17 -19 -20 -21 -22 22 23 24 25 -27 -28 28 -30 -31
leaf_value=-0.32601275642161909 0.63635882006292377 -1.6036556431548434 -1.7304046116567635 -9.0486737926627949 4.5295409432360882 0.97295558391847414 0.060711401122216561 -0.73881112121939629 -0.38885102609297068 -2.0737061497695097 5.0085406823657879 -0.019475677108744094 1.5882778620566116 1.5858757408020665 3.816791084488091 0.066990671100711552 0.5551549490731077 -5.3789716959547835 -2.7903956052568448 1.1154876318903917 3.1692922898926099 0.73166519051919754 -1.0921726835673782 0.4164971580034717 -4.3852954211244652 0.21765008025327007 -0.91991319508379099 -1.5003685385813696 -1.4110280045336367 4.448901332613878
leaf_weight=766 78 162 40 111 40 1480 546 879 51 234 46 3636 79 83 80 186 372 52 44 43 53 549 157 682 95 672 183 425 586 202
leaf_count=766 78 162 40 111 40 1480 546 879 51 234 46 3636 79 83 80 186 372 52 44 43 53 549 157 682 95 672 183 425 586 202
internal_value=3.17133e-05 -0.00891204 -0.0131356 -0.0195255 0.00864198 0.000348875 0.00072267 -0.00331345 0.0013373 0.00470843 0.000141777 0.000176367 0.0167939 0.00373016 -0.00123518 -0.00679134 0.00435644 0.000470588 0.00237226 0.00717391 -0.000124292 -0.00029911 0.00265071 0.000363128 0.00220453 -0.0019979 -0.0179211 -0.00172165 -0.00646623 -0.0013535
internal_weight=12612 431 353 273 80 12181 11415 1508 9907 2537 1057 7370 130 629 1011 507 504 424 273 229 7240 7187 2338 1789 1632 950 278 4849 1213 627
internal_count=12612 431 353 273 80 12181 11415 1508 9907 2537 1057 7370 130 629 1011 507 504 424 273 229 7240 7187 2338 1789 1632 950 278 4849 1213 627
is_linear=0
shrinkage=0.05


Tree=159
num_leaves=31
num_cat=0
split_feature=10 7 7 10 6 4 10 6 7 7 8 7 8 3 11 7 6 7 14 8 11 7 8 8 0 14 11 6 11 7
split_gain=15.0494 22.2461 21.5038 22.8007 15.0801 10.2528 14.4763 11.0903 10.6262 17.0439 16.7627 24.1631 15.7502 15.6761 13.8924 13.7642 18.6446 23.3722 18.2519 22.2554 15.6251 15.1661 13.2991 13.2227 12.4301 12.3659 22.0683 12.1661 20.085 17.3488
threshold=0.99761913169647187 18.500000000000004 3.5000000000000004 0.99983759474438971 317.51502145922751 15.160163983495739 -0.38242426011641079 929.41630901287556 9.5000000000000018 5.5000000000000009 1.0000000180025095e-35 3.5000000000000004 4.5000000000000009 6.7523605150214596 0.3484035575467645 20.500000000000004 228.96995708154509 15.500000000000002 6588.5000000000009 1.0000000180025095e-35 -0.73284120334876357 15.500000000000002 5.5000000000000009 3.5000000000000004 11.857725321888415 6512.5000000000009 0.41202506375868281 652.0879828326182 0.14888728888808328 10.500000000000002
decision_type=2 2 2 2 2 2 2 2 2 2 2 2 2 2 2 2 2 2 10 2 2 2 2 2 2 10 2 2 2 2
left_child=5 2 -2 4 -4 7 -7 8 9 10 11 -1 -11 15 -13 16 17 -10 -19 -20 -18 27 23 -17 -21 -14 -27 28 -22 -30
right_child=1 -3 3 -5 -6 6 -8 -9 13 12 -12 14 25 -15 -16 22 20 18 19 24 21 -23 -24 -25 -26 26 -28 -29 29 -31
leaf_value=-1.6663894144800453 -4.4345006079920948 -7.1233526590382104 3.6195800961685336 5.9201070950194667 -4.1001199032161137 -0.42270352721889143 5.6499262989044388 -1.2249546090841705 5.7611199892808145 -0.13211254754535276 0.13108567055990081 1.7855634366054802 -1.7788627812574305 2.5117438630697508 -0.75313285970710242 -0.094219270264829902 0.49181203544221719 1.9336515208131004 7.6910327000267902 1.3071483783976874 1.6735723628254164 -1.1488617621823323 1.4972852880508982 -1.0797780352157134 -0.24383243526535808 2.5990775805117212 -3.2634324649303381 -0.44617249543859999 -2.8581085488029205 0.30387438847774323
leaf_weight=289 52 67 64 49 86 44 40 150 395 1458 2642 78 457 171 61 847 657 346 97 188 318 506 206 393 1101 43 75 618 101 1001
leaf_count=289 52 67 64 49 86 44 40 150 395 1458 2642 78 457 171 61 847 657 346 97 188 318 506 206 393 1101 43 75 618 101 1001
internal_value=6.3487e-05 -0.0106583 -0.00376984 0.00375 -0.00596026 0.000341936 0.0176471 0.00022133 0.000390074 -0.00134208 0.00100944 -0.00815851 -0.00489184 0.00166283 0.00892857 0.00128413 0.00245825 0.00608553 0.00357761 0.00100937 4.68457e-05 -0.00172888 -0.00304077 -0.00499597 -0.000736434 -0.0118924 0.00252101 0.000196175 0.00274455 -0.000453309
internal_weight=12600 318 251 199 150 12282 84 12198 12048 5103 3070 428 2033 6945 139 6774 5328 2127 1732 1386 3201 2544 1446 1240 1289 575 118 2038 1420 1102
internal_count=12600 318 251 199 150 12282 84 12198 12048 5103 3070 428 2033 6945 139 6774 5328 2127 1732 1386 3201 2544 1446 1240 1289 575 118 2038 1420 1102
is_linear=0
shrinkage=0.05


Tree=160
num_leaves=31
num_cat=0
split_feature=7 15 7 15 11 15 6 7 3 15 7 3 15 10 10 14 6 2 12 13 13 11 10 6 12 1 15 11 11 12
split_gain=13.1692 20.9735 14.5038 15.4497 13.7066 15.3293 13.1405 36.1717 17.0516 17.6811 17.4091 16.9941 16.6297 18.0972 15.9145 21.9455 14.7895 14.7784 16.1739 14.9375 14.351 20.2309 19.2107 17.105 14.7485 14.0388 22.1861 13.9562 13.8724 13.0354
threshold=8.5000000000000018 8116.5000000000009 22.500000000000004 5400.5000000000009 0.04621408538533487 6370.5000000000009 132.74463519313306 16.500000000000004 6.7079399141630915 5954.5000000000009 19.500000000000004 5.8399141630901283 6857.5000000000009 -0.48314718476766422 -0.41398024697495356 7265.5000000000009 0.2274678111587983 11.941201716738201 0.71953851835684701 0.99924179677339053 0.93771382312378282 0.91852788691372023 -0.031173458710879235 685.80042918454944 0.8080041977283311 12.768316344778254 6949.5000000000009 -0.85674049181790024 0.67007489853957602 -0.814291907305839
decision_type=2 8 2 8 2 10 2 2 2 10 2 2 10 2 2 10 2 2 2 2 2 2 2 2 2 2 10 2 2 2
left_child=1 -1 6 -4 -5 -6 7 11 9 27 16 -2 17 28 -15 -16 -11 19 -19 20 21 23 -22 -8 -25 26 -12 -9 -14 -27
right_child=2 -3 3 4 5 -7 12 8 -10 10 25 -13 13 14 15 -17 -18 18 -20 -21 22 -23 -24 24 -26 29 -28 -29 -30 -31
leaf_value=-0.10189274615929662 5.9086993224416346 -10.515638615415174 0.14078711240899794 -3.87108335585358 1.1724612852403424 -1.5463479052041293 0.51178267403038269 3.0300162293570794 6.0438328607255247 2.8047243624536353 6.4144350410063682 -0.23418969563754219 -0.72331480640614254 11.127861724892615 0.4099696579758984 -2.4091398534837936 0.037017741198542356 4.6209668792578666 0.26812484477859472 -2.3358294879934647 -1.4030214545926811 -4.7901259880335827 5.1860959602514871 -0.66222481230624908 0.27186254671419191 0.62141325103784772 -0.29112002231381667 0.40238226750861944 -3.8469197143225529 -1.0917359068475889
leaf_weight=4700 327 51 218 91 105 128 1920 79 104 201 60 85 159 42 527 369 629 49 51 42 53 78 134 709 251 149 276 347 82 650
leaf_count=4700 327 51 218 91 105 128 1920 79 104 201 60 85 159 42 527 369 629 49 51 42 53 78 134 709 251 149 276 347 82 650
internal_value=7.89453e-06 -0.00207281 0.00125695 -0.00662983 -0.0135385 -0.00705128 0.00183754 0.00445323 0.00218349 0.00131689 -0.000686673 0.0181598 0.000134318 -0.00495763 -0.00181044 -0.003233 0.00481348 0.00196168 0.0207921 0.00136449 0.00176414 0.00091247 0.0151596 0.00159667 -0.00385016 -0.00470951 0.00385757 0.0105386 -0.0171488 -0.0083125
internal_weight=12666 4751 7915 542 324 233 7373 2907 2495 2391 1965 412 4466 1179 938 896 830 3287 100 3187 3145 2958 187 2880 960 1135 336 426 241 799
internal_count=12666 4751 7915 542 324 233 7373 2907 2495 2391 1965 412 4466 1179 938 896 830 3287 100 3187 3145 2958 187 2880 960 1135 336 426 241 799
is_linear=0
shrinkage=0.05


Tree=161
num_leaves=31
num_cat=0
split_feature=15 7 7 6 12 14 1 14 6 12 12 14 7 1 12 15 12 11 14 1 0 14 2 15 15 11 12 1 11 6
split_gain=11.1391 24.9595 17.1791 33.2535 19.8941 19.5261 14.0051 17.1324 13.9315 14.1866 18.5229 12.054 11.6636 10.9129 10.6087 10.4888 12.8607 9.57092 11.8758 9.11393 9.30041 8.7843 13.6967 10.6224 13.572 10.0243 11.6461 16.1563 13.4324 10.7423
threshold=6831.5000000000009 7.5000000000000009 20.500000000000004 70.484978540772545 -0.92273922871446856 7493.5000000000009 17.836449391988555 6775.5000000000009 469.70171673819749 0.3036948619824264 0.82414472752956958 6921.5000000000009 15.500000000000002 23.47225053648069 0.080548957663405765 7336.5000000000009 0.60726729507090926 0.48877522411129348 7197.5000000000009 23.223243025751074 28.55128755364807 6725.5000000000009 2.4199570815450628 6283.5000000000009 5914.5000000000009 -0.99465740988130902 0.84660111278280559 26.22211194563663 -0.7444366621422277 15.203862660944205
decision_type=8 2 2 2 2 8 2 10 2 2 2 10 2 2 2 10 2 2 10 2 2 10 2 10 10 2 2 2 2 2
left_child=11 -2 3 6 -5 8 7 -3 9 14 15 19 -7 -10 -6 -11 -17 -12 -19 20 -1 22 25 24 -24 -21 29 28 -28 -27
right_child=1 2 -4 4 5 12 -8 -9 13 10 17 -13 -14 -15 -16 16 -18 18 -20 21 -22 -23 23 -25 -26 26 27 -29 -30 -31
leaf_value=-0.047239394706753049 -11.154095236316266 6.5627242431687369 -1.2003482822175102 -3.1643687564126597 -0.017607268748406568 -1.3403958827597309 -0.46998378944749675 0.75051174239260954 -2.1146217062238293 5.6873739265401131 -1.3704268372854587 1.0970664329309785 -4.3538860403315542 0.17940536052283279 -3.251346657239242 -1.3807324794665421 7.8010029092942208 5.8032555651065199 -2.0293000308923865 -1.6773399996886384 -1.1747584476903286 -0.60140120959426902 1.2174393757040207 1.9141747213158853 -1.1781714238114092 1.1064933507377646 -1.3971593457651126 0.82694981114284483 -0.06273463132561119 -1.3685814771880134
leaf_weight=7360 54 120 419 107 282 267 190 831 206 99 60 673 138 87 50 55 55 100 40 50 83 84 328 166 112 222 106 82 104 64
leaf_count=7360 54 120 419 107 282 267 190 831 206 99 60 673 138 87 50 55 55 100 40 50 83 84 328 166 112 222 106 82 104 64
internal_value=-0.000404923 -0.00297374 -0.00238172 -0.000911458 -0.00568843 -0.00413194 0.00556042 0.00803571 -0.000483092 0.00316712 0.00939024 0.00045575 -0.0134236 -0.00969388 -0.0045045 0.0197619 0.00900901 -0.00149254 0.00567376 -3.99452e-05 -0.0007187 0.00379075 0.0048583 0.0102142 0.00612245 -0.000317965 0.0015544 -0.00546075 -0.0127962 0.0087108
internal_weight=12594 3160 3106 2687 1546 1439 1141 951 1034 741 409 9434 405 293 332 209 110 200 140 8761 7443 1318 1234 606 440 628 578 292 210 286
internal_count=12594 3160 3106 2687 1546 1439 1141 951 1034 741 409 9434 405 293 332 209 110 200 140 8761 7443 1318 1234 606 440 628 578 292 210 286
is_linear=0
shrinkage=0.05


Tree=162
num_leaves=31
num_cat=0
split_feature=10 1 1 10 10 2 11 10 10 10 15 10 12 12 0 1 7 1 10 6 15 12 11 7 6 15 7 6 7 7
split_gain=8.84971 19.4316 14.0737 10.9985 8.39885 8.35632 16.2472 22.8331 22.6016 19.6597 18.116 23.952 22.2355 27.6784 24.7332 23.3311 21.8741 17.2428 27.6937 13.1261 16.0551 12.8629 12.6156 12.5883 20.2183 16.5496 15.0692 18.2236 24.273 18.9416
threshold=0.99552231814189451 17.665727825464952 13.760501609442061 0.99983759474438971 0.99374995976406788 1.2339055793991405 0.011826144619637555 -0.97876850416056738 -0.98523971305672675 -0.95244167294248061 5322.5000000000009 -0.88622299073327826 -0.75015329512557194 -0.96688789938088693 16.257510729613738 26.22211194563663 4.5000000000000009 15.608154506437769 0.97112537654464559 512.36695278969967 6451.5000000000009 -0.35846811432664222 0.16587474750015932 10.500000000000002 121.86909871244636 6370.5000000000009 22.500000000000004 70.484978540772545 17.500000000000004 16.500000000000004
decision_type=2 2 2 2 2 2 2 2 2 2 8 2 2 2 2 2 2 2 2 2 10 2 2 2 2 10 2 2 2 2
left_child=4 2 -2 -4 5 6 7 -1 -8 -10 11 -9 13 -13 -15 17 -12 18 -14 20 -7 -19 -21 24 -11 -25 27 28 -27 -29
right_child=1 -3 3 -5 -6 19 8 10 9 23 16 12 15 14 -16 -17 -18 21 -20 22 -22 -23 -24 25 -26 26 -28 29 -30 -31
leaf_value=-1.1663479424853904 1.3034659103268043 -11.764928835635851 -2.1736201601567928 2.024064617404747 2.0879840957165472 0.90713845113850766 1.4216508001495414 1.3804446872482004 -1.2153521980041206 -0.010353751886373176 -6.8461365027219472 -0.45614021532221616 -2.6858361950315159 0.44548118110183171 2.8328336819599373 1.0454625934492014 -0.44201303205932163 -1.8909029458561464 4.9712234333674594 0.036168348641399464 -0.13707986375447945 -0.44591301653611026 -2.9776727532968836 1.5980369257960321 -2.4814429490781098 5.3091205497069502 -1.2873508801959817 0.09489289161301713 0.75046282462872116 -2.7286302951252766
leaf_weight=363 61 48 246 74 78 622 248 203 217 2534 48 118 59 139 106 53 1373 172 62 1310 357 516 41 721 269 138 119 1026 1071 181
leaf_count=363 61 48 246 74 78 622 248 203 217 2534 48 118 59 139 106 53 1373 172 62 1310 357 516 41 721 269 138 119 1026 1071 181
internal_value=-4.37411e-05 -0.00709302 -0.00327225 -0.00747664 0.000205846 9.94448e-05 -0.000544315 -0.00345472 0.000888889 0.000302692 -0.00194737 0.00202939 -0.000611746 0.00975275 0.0193089 -0.00498262 -0.00594233 -0.00709877 0.0102459 0.0027885 0.00719388 -0.0101597 -0.000406805 0.000833333 -0.00162268 0.0029475 0.00104495 0.00190319 0.00623967 -0.00244205
internal_weight=12573 429 381 320 12144 12066 9736 3212 6524 6276 2849 1428 1225 363 245 862 1421 809 121 2330 979 688 1351 6059 2803 3256 2535 2416 1209 1207
internal_count=12573 429 381 320 12144 12066 9736 3212 6524 6276 2849 1428 1225 363 245 862 1421 809 121 2330 979 688 1351 6059 2803 3256 2535 2416 1209 1207
is_linear=0
shrinkage=0.05


Tree=163
num_leaves=31
num_cat=0
split_feature=0 8 15 11 1 1 12 11 8 14 10 6 6 15 1 10 12 10 15 14 15 15 1 10 8 12 14 14 15 11
split_gain=14.0624 12.4769 22.902 22.7154 21.7695 19.8818 18.5939 17.899 17.7085 22.7468 17.4961 13.3775 13.1787 29.8841 20.9614 15.9978 13.8595 13.4219 12.8602 23.7509 15.6588 18.4302 13.7478 13.6685 13.6233 12.5301 12.0899 11.7192 27.0893 11.5279
threshold=34.144849785407736 4.5000000000000009 6561.5000000000009 0.69521084835931835 21.076555793991417 11.886663984263235 0.99865421017599998 0.94909129669788206 5.5000000000000009 7370.5000000000009 -0.98803845231459242 826.87553648068672 2.1523605150214595 5445.5000000000009 9.7770788626609448 0.24372619187392155 0.99683609994235922 0.12545942051955489 4772.5000000000009 4730.5000000000009 7381.5000000000009 6831.5000000000009 13.07116863376252 -0.2270106897347694 1.0000000180025095e-35 0.99463153969809781 8833.5000000000018 5667.5000000000009 5691.5000000000009 0.98005052076767474
decision_type=2 2 8 2 2 2 2 2 2 10 2 2 2 10 2 2 2 2 8 10 10 8 2 2 2 2 10 10 10 2
left_child=1 6 3 4 11 7 12 -5 -4 -10 -6 -3 18 17 15 -15 25 -14 19 -1 21 27 -21 -22 -25 -16 -26 28 -20 -9
right_child=-2 2 8 5 10 -7 -8 29 9 -11 -12 -13 13 14 16 -17 -18 -19 20 22 23 -23 -24 24 26 -27 -28 -29 -30 -31
leaf_value=0.00043212898337969819 3.3130255499505212 -0.75500329218111806 -5.0924717422684811 5.2216258456588776 5.2806860545662406 -0.034905572713932999 -3.8981521182019607 -0.90397199641461157 -2.8113353650803674 4.0674916764990483 0.040144991255306198 -6.44444734826775 1.4963022917468152 8.9733969088314556 0.13027381887059164 0.035749467610594367 3.6751416688484824 14.609478317078084 -0.13041321549721943 -0.37551296473798179 2.7494919084096185 -1.8902182923589408 2.360565172839006 4.959361203436675 -0.80771974218878317 -3.5567936957340183 2.4755922575696334 0.18810530339301296 -3.1443120324035365 2.0411036572965258
leaf_weight=490 48 1361 236 116 43 458 112 73 121 77 902 62 113 66 4120 44 47 78 1695 42 142 305 117 84 274 50 58 892 244 101
leaf_count=490 48 1361 236 116 43 458 112 73 121 77 902 62 113 66 4120 44 47 78 1695 42 142 305 117 84 274 50 58 892 244 101
internal_value=-0.000202832 -0.00030741 -0.00281611 -0.00131537 -0.00371465 0.00627503 0.000685313 0.0164948 -0.0135632 -0.00251256 0.00216702 -0.00761938 0.000942225 0.00283249 0.00197551 0.0234234 0.00141062 0.0221354 -0.0010244 0.00546154 -0.00216509 -0.00353841 0.0221875 0.00554562 0.000959233 0.00110285 -0.0036036 -0.00227754 -0.00445876 0.00628571
internal_weight=12571 12523 3550 3116 2368 748 8973 290 434 198 945 1423 8861 4518 4327 110 4217 191 4343 649 3694 3136 159 558 416 4170 332 2831 1939 174
internal_count=12571 12523 3550 3116 2368 748 8973 290 434 198 945 1423 8861 4518 4327 110 4217 191 4343 649 3694 3136 159 558 416 4170 332 2831 1939 174
is_linear=0
shrinkage=0.05


Tree=164
num_leaves=31
num_cat=0
split_feature=2 12 8 15 5 8 12 14 14 15 13 11 1 13 0 1 1 1 0 14 12 8 0 11 12 2 11 11 12 13
split_gain=9.54514 13.6778 9.07734 26.0335 22.4227 14.1597 14.0454 11.9025 9.06189 13.675 9.41022 19.5294 10.432 9.69231 9.40309 8.97105 16.556 19.2251 12.7531 18.7666 10.271 9.92738 9.8902 9.88421 13.1167 9.54467 8.93907 26.3005 8.64188 9.86041
threshold=11.680472103004293 0.71953851835684701 4.5000000000000009 6561.5000000000009 3.0200449538580574 5.5000000000000009 0.99865421017599998 7370.5000000000009 6244.5000000000009 5869.5000000000009 -0.65721521735223198 0.29958852271690523 19.607144134477828 -0.42180510190895731 16.69484978540773 14.768495171673822 21.152856759656654 21.660903969957083 19.300000000000001 4815.5000000000009 0.83373797915484082 5.5000000000000009 14.055579399141633 -0.90531874877253482 0.91161058030431363 1.5512875536480684 -0.53495380374625956 -0.42958798411962301 -0.90893575921103265 -0.99467580659249177
decision_type=2 2 2 8 2 2 2 10 10 10 2 2 2 2 2 2 2 2 2 10 2 2 2 2 2 2 2 2 2 2
left_child=2 -2 6 4 8 -5 -1 -7 9 15 11 12 14 -12 -10 21 26 20 -19 -20 -18 -4 -23 -21 -25 -26 -17 -28 -29 -30
right_child=1 -3 3 5 -6 7 -8 -9 10 -11 13 -13 -14 -15 -16 16 17 18 19 23 -22 22 -24 24 25 -27 27 28 29 -31
leaf_value=0.046192179470563137 4.320724458134146 0.054023041682239641 1.3541825914913717 -5.0718607204235244 0.99243997694234176 -2.4739761353746417 -3.7032445122918491 2.7813800373256528 1.352575217470485 -1.4552241757540743 -1.8159179639639207 9.0549521997540534 0.71526547516425587 0.10585745850326021 -3.3560041263939642 -2.6292636284086486 1.8695123130834419 -1.2850195398754296 1.3035308563461514 -1.0755219398263536 -0.3701970701057235 -0.94575458936274126 1.9485407654062783 1.0209885034191302 -2.0161446198435899 -0.05469744982044631 2.8984151886239262 0.1951656836350594 0.68118759007243179 -2.0060642499131744
leaf_weight=8748 53 82 75 254 429 121 108 78 51 115 64 47 106 442 50 160 101 81 67 80 41 121 63 120 47 100 48 130 79 492
leaf_count=8748 53 82 75 254 429 121 108 78 51 115 64 47 106 442 50 160 101 81 67 80 41 121 63 120 47 100 48 130 79 492
internal_value=-0.000306675 0.0128676 -0.000450922 -0.00258209 -0.000948553 -0.0137665 0.000406458 -0.00375 -0.00264827 -0.00447683 0.00197109 0.00980392 0.003125 -0.00197239 -0.00833333 -0.00340532 -0.00484809 0.00133229 -0.00332661 0.000240964 0.0174825 0.00519231 -0.00108108 -0.00445402 0.000186567 -0.0097973 -0.00917582 -0.00686667 -0.00933048 -0.0119755
internal_weight=12553 135 12418 3562 3109 453 8856 199 2680 1920 760 254 207 506 101 1805 1546 637 495 414 142 259 184 347 267 147 909 749 701 571
internal_count=12553 135 12418 3562 3109 453 8856 199 2680 1920 760 254 207 506 101 1805 1546 637 495 414 142 259 184 347 267 147 909 749 701 571
is_linear=0
shrinkage=0.05


Tree=165
num_leaves=31
num_cat=0
split_feature=14 8 7 10 14 12 15 7 8 15 1 7 1 7 1 11 8 12 10 12 3 3 12 10 1 8 11 11 11 10
split_gain=14.077 9.59592 19.4018 17.5029 21.0701 17.3892 15.351 23.2292 22.0305 21.0731 26.6761 17.4011 17.3569 16.4488 14.773 19.4736 17.4338 18.5503 16.4334 13.5946 20.8507 12.7375 13.487 12.3177 11.2301 10.5344 10.2543 13.3154 11.4819 23.4138
threshold=4102.5000000000009 4.5000000000000009 1.5000000000000002 -0.90893996196865023 6512.5000000000009 0.99865421017599998 4772.5000000000009 4.5000000000000009 1.0000000180025095e-35 5296.5000000000009 11.194375894134479 22.500000000000004 9.6616371602289011 3.5000000000000004 20.07436963519314 0.99024581825578073 2.5000000000000004 0.95566275305367776 0.93845596220871974 -0.48314718476766422 2.6577253218884125 6.0918454935622321 0.99983759474438971 -0.39826117949089107 26.380874463519312 2.5000000000000004 0.99981043035926087 0.99932962452255414 0.99138911339924218 0.039769539193789977
decision_type=10 2 2 2 10 2 10 2 2 10 2 2 2 2 2 2 2 2 2 2 2 2 2 2 2 2 2 2 2 2
left_child=-1 5 -3 4 -4 6 13 8 -8 10 -9 12 -11 -2 15 16 18 -18 -10 20 25 22 24 -16 -5 -12 27 28 -14 -30
right_child=1 2 3 21 -6 -7 7 9 14 11 19 -13 26 -15 23 -17 17 -19 -20 -21 -22 -23 -24 -25 -26 -27 -28 -29 29 -31
leaf_value=-4.4125696205705935 0.071474008513814621 0.99473585801483755 0.0053832090794458057 -0.88602377921715747 2.4651900200870842 -4.9750609665064536 -2.701922367107136 -1.5678182900041975 0.93982832038459496 3.6744446610664911 -0.24971984231233366 -1.1084858859815541 0.083519076154288996 1.4632229857913446 -0.79323040920121457 -5.2104816084671262 -0.63521352266136555 2.7075136005541256 -0.53413954246102546 1.5106774864184445 -1.5468193213707764 0.39635403253678309 2.2645457888871081 0.079696358916271498 0.51064971190494368 1.9745178342699548 -3.9442306630311124 16.931506100137291 -13.488028249181481 4.6334680466277858
leaf_weight=65 439 285 405 2243 91 113 117 47 289 140 51 277 5699 303 211 54 338 44 79 273 47 362 47 104 129 57 45 40 110 48
leaf_count=65 439 285 405 2243 91 113 117 47 289 140 51 277 5699 303 211 54 338 44 79 273 47 362 47 104 129 57 45 40 110 48
internal_value=-0.000454075 -0.000332319 -0.00252596 -0.00361501 0.00503018 0.000543356 0.000794281 0.00016107 -0.0061439 0.00130212 0.0114496 0.000542453 0.00110143 0.0076716 -0.00397321 -0.000372671 0.00173103 -0.00574413 0.00948509 0.0153846 0.00352564 -0.00515816 -0.00646694 -0.0131329 -0.00699536 0.0155963 0.000689887 0.000873177 0.000674292 -0.0125786
internal_weight=12552 12487 3562 3277 496 8925 8812 8070 1236 6834 475 6359 6082 742 1119 804 750 382 368 428 155 2781 2419 315 2372 108 5942 5897 5857 158
internal_count=12552 12487 3562 3277 496 8925 8812 8070 1236 6834 475 6359 6082 742 1119 804 750 382 368 428 155 2781 2419 315 2372 108 5942 5897 5857 158
is_linear=0
shrinkage=0.05


Tree=166
num_leaves=31
num_cat=0
split_feature=14 7 8 8 12 15 14 7 8 8 12 7 7 1 1 14 7 15 1 15 7 1 14 8 15 11 8 14 11 11
split_gain=11.6124 9.96776 25.7109 14.0089 20.7522 14.8674 17.7179 19.0911 36.4363 24.7121 26.0413 23.489 17.5328 15.2281 20.6637 15.0755 13.6094 28.2178 34.3546 21.2832 14.0614 14.6821 13.4939 22.1492 13.2196 19.7809 19.2868 14.5964 14.5845 13.7379
threshold=4102.5000000000009 1.0000000180025095e-35 1.0000000180025095e-35 4.5000000000000009 0.99865421017599998 5941.5000000000009 6208.5000000000009 5.5000000000000009 5.5000000000000009 5.5000000000000009 0.94135275643221272 9.5000000000000018 18.500000000000004 16.709790772532191 18.023824213161664 4767.5000000000009 4.5000000000000009 5296.5000000000009 11.194375894134479 5691.5000000000009 22.500000000000004 9.6616371602289011 6331.5000000000009 5.5000000000000009 4797.5000000000009 0.063390085881955341 1.0000000180025095e-35 4507.5000000000009 -0.8901731938066898 0.98332250088165762
decision_type=10 2 2 2 2 8 10 2 2 2 2 2 2 2 2 10 2 10 2 8 2 2 10 2 10 2 2 10 2 2
left_child=-1 2 -2 4 16 6 7 8 13 -9 11 -11 -7 -5 -15 -16 19 18 -18 24 21 -19 -14 -24 27 28 -27 -3 -26 -28
right_child=1 3 -4 5 -6 12 -8 9 -10 10 -12 -13 22 14 15 -17 17 20 -20 -21 -22 -23 23 -25 25 26 29 -29 -30 -31
leaf_value=-4.2017029900408032 -2.0648026872792342 -0.20014724061770722 1.1262261778933635 1.504045223842013 -4.7263079181811465 -2.9313942654814582 0.58388596843956297 -1.6829248851536933 -0.40332946018754684 -1.5728275808818581 -2.3125534812538717 0.67284425703417128 -1.8815865038859556 -1.6012386035260535 1.5439446225510438 0.13572182148930098 -1.8699001706426317 3.8938098488551081 1.6058233461175178 -4.9862145155761937 -0.91262470091173786 0.10173316807686206 -0.6220575902830433 2.5005114842915193 -0.09895570759972544 -2.049289757783936 0.20881567624046513 0.54375103628335641 -1.0468971452717142 -4.1826768997406818
leaf_weight=66 77 239 454 178 105 481 533 368 374 247 88 540 67 45 47 108 63 134 560 71 291 5943 208 135 101 55 404 337 206 47
leaf_count=66 77 239 454 178 105 481 533 368 374 247 88 540 67 45 47 108 63 134 560 71 291 5943 208 135 101 55 404 337 206 47
internal_value=-0.00013521 -2.39866e-05 0.00667293 -0.000321476 0.000759612 -0.00302632 -0.00106762 -0.00323146 0.00305445 -0.00703376 -0.00245434 0.000444162 -0.00857623 0.0139842 0.00447761 0.013141 0.00103526 0.00195223 0.0120994 -0.00335387 0.000957764 0.00147252 -0.000973236 0.00305233 -0.00197842 -0.00608108 0 0.00381282 -0.0160714 0.0034292
internal_weight=12572 12506 531 11975 8556 3419 2528 1995 752 1243 875 787 891 378 200 155 8451 6991 623 1460 6368 6077 410 343 1389 813 506 576 307 451
internal_count=12572 12506 531 11975 8556 3419 2528 1995 752 1243 875 787 891 378 200 155 8451 6991 623 1460 6368 6077 410 343 1389 813 506 576 307 451
is_linear=0
shrinkage=0.05


Tree=167
num_leaves=31
num_cat=0
split_feature=14 7 15 11 15 7 3 15 14 7 14 7 12 12 0 7 14 0 14 0 1 7 7 1 14 12 14 1 1 15
split_gain=11.528 11.0542 17.0485 11.029 9.00265 8.25392 24.8257 14.5362 14.5091 15.2898 12.9775 42.5456 12.8227 13.9436 13.8822 12.787 21.3243 13.4017 12.4588 20.4872 20.5445 16.0667 13.6734 21.742 12.3938 13.794 12.2122 11.9924 11.8631 16.9579
threshold=4102.5000000000009 22.500000000000004 5400.5000000000009 0.04621408538533487 6760.5000000000009 10.500000000000002 4.1512875536480704 5577.5000000000009 7197.5000000000009 20.500000000000004 5557.5000000000009 6.5000000000000009 -0.42180583328916638 0.90623151893102627 9.7137339055794012 6.5000000000000009 6588.5000000000009 19.686051502145926 7197.5000000000009 17.113519313304725 15.686628218884122 14.500000000000002 20.500000000000004 11.259026287553649 4570.5000000000009 0.88618201382888007 5178.5000000000009 11.044103183118741 21.909804184549355 6100.5000000000009
decision_type=10 2 8 2 8 2 2 8 10 2 10 2 2 2 2 2 10 2 10 2 2 2 2 2 10 2 10 2 2 10
left_child=-1 5 -3 -4 -5 7 18 15 -8 12 11 -9 -10 14 -14 17 -17 24 19 22 -21 -20 23 -7 25 -2 28 -12 29 -13
right_child=1 2 3 4 -6 6 8 10 9 -11 27 26 13 -15 -16 16 -18 -19 21 20 -22 -23 -24 -25 -26 -27 -28 -29 -30 -31
leaf_value=-3.9916178405387654 -0.15823809433290992 0.3249726018751517 -4.0030707746850114 -0.12823790432566967 -2.4924602387496635 -2.0519446411341051 5.6743404523489289 -4.1693220817687235 4.0135850408398257 -0.42788417938636486 -2.3226110028873337 3.3212113441422164 7.2351077832310242 4.1769802405462775 -0.54177093299817902 -1.3468201554914003 2.3254870191748522 0.70283046345937239 1.2753996356942026 -1.5353838822498347 0.094707432485438406 -0.96956933252395183 -0.3118121577041848 3.3858657231931604 0.14634375328896568 -1.9700707113427827 2.9833007156417581 -0.037099520017500255 -2.7548896608694124 -0.83083062217208414
leaf_weight=68 471 219 88 174 52 135 242 175 55 166 165 42 42 76 228 462 65 484 289 313 2920 928 234 644 2120 46 72 1428 52 134
leaf_count=68 471 219 88 174 52 135 242 175 55 166 165 42 42 76 228 462 65 484 289 313 2920 928 234 644 2120 46 72 1428 52 134
internal_value=9.13423e-05 0.000203642 -0.00683521 -0.0142857 -0.00837004 0.000517141 0.00176949 -0.000857093 0.00993827 0.00554577 -0.00420493 -0.0114496 0.0108209 0.00720461 0.00184502 0.00104138 -0.0061553 0.00225817 0.000558199 0.00183659 -0.000108225 -0.00389984 0.00803748 0.0112179 0.000852919 -0.00608108 0 -0.0020389 -0.00567686 0.000564972
internal_weight=12589 12521 533 314 226 11988 6272 5716 809 567 2068 475 401 346 270 3648 527 3121 5463 4246 3233 1217 1013 779 2637 517 300 1593 228 176
internal_count=12589 12521 533 314 226 11988 6272 5716 809 567 2068 475 401 346 270 3648 527 3121 5463 4246 3233 1217 1013 779 2637 517 300 1593 228 176
is_linear=0
shrinkage=0.05


Tree=168
num_leaves=31
num_cat=0
split_feature=15 8 1 13 2 12 10 14 8 15 15 6 14 13 13 12 12 1 2 14 2 14 15 14 12 10 14 10 1 15
split_gain=9.58291 24.2059 24.5604 27.4636 16.3769 15.9879 15.7832 14.8335 18.5796 14.8292 13.3625 12.5723 12.056 11.9452 10.9856 9.73923 21.7133 8.8969 13.8804 11.4746 10.0558 13.4512 11.7199 11.316 16.3813 10.7069 9.01832 8.84829 8.54964 8.14265
threshold=6857.5000000000009 1.0000000180025095e-35 12.612647532188843 0.62252290335232308 8.0536480686695313 -0.72696319516528884 0.91939013254733981 6921.5000000000009 4.5000000000000009 6451.5000000000009 6115.5000000000009 153.66309012875539 5073.5000000000009 -0.64743680879621224 -0.25414035925338746 0.99463153969809781 0.99196248624718542 23.223243025751074 5.5225321888412013 6276.5000000000009 2.8909871244635181 6700.5000000000009 4531.5000000000009 4926.5000000000009 0.84660111278280559 -0.11692013674435776 5368.5000000000009 -0.39826117949089107 26.380874463519312 6272.5000000000009
decision_type=8 2 2 2 2 2 2 10 2 10 10 2 10 2 2 2 2 2 2 10 2 10 10 10 2 2 10 2 2 10
left_child=7 2 3 6 12 -4 -2 17 10 13 -9 -11 -3 -10 -15 16 -14 18 -1 -20 22 29 -19 24 -24 27 -27 -25 -12 -22
right_child=1 4 5 -5 -6 -7 -8 8 9 11 28 -13 15 14 -16 -17 -18 20 19 -21 21 -23 23 25 -26 26 -28 -29 -30 -31
leaf_value=0.010305684767808999 -3.741322562554251 -9.1862014171289044 4.3633734306224596 8.7778046803684457 1.3014060962883378 -1.7179981719987838 9.8779788975936071 23.942876967320785 4.5063422837534288 -0.12650087520182751 2.4093955095255981 -5.5156248970548631 -0.44903524719056809 -3.0641545698334314 0.95358862193015748 -2.7679887393736866 5.613242917058006 1.1142513390730073 -0.51519796493103065 -2.3730293833247287 0.59371321601965976 -0.69430828505956022 0.41278161141508463 0.11136601039602284 -0.91276529875849521 0.27648025053536002 -2.4808038169124531 1.1999519409369896 -0.87588811815539891 1.874278327930756
leaf_weight=7210 88 49 51 119 53 216 42 40 58 71 220 46 2328 42 191 117 57 74 180 53 409 81 57 278 103 43 84 53 46 170
leaf_count=7210 88 49 51 119 53 216 42 40 58 71 220 46 2328 42 191 117 57 74 180 53 409 81 57 278 103 43 84 53 46 170
internal_value=0.000257324 -0.00214675 0.00773694 0.019 -0.00410749 -0.00279851 0.00305344 0.00104627 0.00797203 0.000977995 0.0172638 -0.0139831 -0.0046826 0.00702055 0.00192308 -0.00419497 -0.00349958 0.000483174 -0.000194788 -0.0121795 0.00421286 0.0086233 0 -0.00226171 -0.0136646 0.00174292 -0.0105469 0.0064759 0.0131086 0.0112931
internal_weight=12629 3120 516 249 2604 267 130 9509 714 408 306 117 2551 291 233 2502 2385 8795 7443 233 1352 660 692 618 160 458 127 331 266 579
internal_count=12629 3120 516 249 2604 267 130 9509 714 408 306 117 2551 291 233 2502 2385 8795 7443 233 1352 660 692 618 160 458 127 331 266 579
is_linear=0
shrinkage=0.05


Tree=169
num_leaves=31
num_cat=0
split_feature=7 8 5 15 14 8 15 0 6 7 12 6 15 15 15 14 1 15 7 12 1 15 14 1 6 6 12 1 11 7
split_gain=11.9781 15.4671 10.0862 23.5769 10.9942 9.1144 16.3206 16.1699 14.5726 17.6033 13.8437 13.5716 29.7469 20.8667 33.3447 32.5371 19.1875 17.6158 18.4418 17.6675 14.7331 14.6228 14.3416 13.1269 16.1935 13.052 17.3298 15.8808 13.9793 12.9132
threshold=1.0000000180025095e-35 1.0000000180025095e-35 2.98500449446481 5350.5000000000009 5425.5000000000009 4.5000000000000009 5914.5000000000009 10.998068669527898 190.32188841201719 9.5000000000000018 0.99865421017599998 2.1523605150214595 5445.5000000000009 7475.5000000000009 5705.5000000000009 5648.5000000000009 9.7770788626609448 6801.5000000000009 12.500000000000002 0.94135275643221272 9.5557761087267554 6845.5000000000009 5509.5000000000009 21.076555793991417 727.78969957081551 72.500000000000014 -0.12546116083924153 10.896915236051504 -0.56369940867848845 4.5000000000000009
decision_type=2 2 2 8 10 2 8 2 2 2 2 2 8 10 8 10 2 10 2 2 2 10 10 2 2 2 2 2 2 2
left_child=1 -1 3 -3 -5 10 7 -7 9 -8 11 13 -13 14 20 -16 -14 18 22 -20 -2 -17 -18 24 -9 28 -27 -28 -19 -22
right_child=5 2 -4 4 -6 6 8 23 -10 -11 -12 12 16 -15 15 21 17 25 19 -21 29 -23 -24 -25 -26 26 27 -29 -30 -31
leaf_value=-2.0024632230618638 -2.4443369881591708 1.4042435909919733 3.0240402058357634 -4.358916268362373 0.01820912289736043 0.95056336995603496 -9.494480532196258 -0.36843277359721471 -3.1445415853450869 -0.08593990572273924 -2.9505730402483099 7.5641631393537638 5.7080547404827486 1.0974288789077946 -3.9613712619186572 -0.04314454989385013 -1.1010092794297179 -1.4046949225279151 0.54379275619708101 2.1312093920656707 -0.046805085295159192 -1.3036063451390874 0.32993521595672065 0.17207961445785713 -4.2008343616391812 -2.2796141151776284 -3.9335531640385399 0.064571620614196953 1.2000345861069945 0.54369765339261
leaf_weight=72 42 233 95 43 77 325 51 1193 282 622 109 126 100 507 225 681 286 55 1029 92 1396 289 987 832 125 407 87 862 459 825
leaf_count=72 42 233 95 43 77 325 51 1193 282 622 109 126 100 507 225 681 286 55 1029 92 1396 289 987 832 125 407 87 862 459 825
internal_value=0.000255693 0.00767754 0.0111359 0.00720339 -0.0107438 -6.66945e-05 -0.00224424 -0.000100969 -0.00779289 -0.00378338 0.000805604 0.00103477 0.00291695 -0.00109682 -0.00248627 -0.00923913 0.00222222 0.00171161 0.00455115 0.0092246 0.00108216 -0.00525232 0.000431711 -0.00167364 -0.00477635 -0.0019241 -0.00449521 -0.000789474 0.00485437 0.00164266
internal_weight=12514 520 448 353 120 11994 3430 2475 955 673 8564 8455 4490 3965 3458 1195 4364 4264 2394 1121 2263 970 1273 2150 1318 1870 1356 949 514 2221
internal_count=12514 520 448 353 120 11994 3430 2475 955 673 8564 8455 4490 3965 3458 1195 4364 4264 2394 1121 2263 970 1273 2150 1318 1870 1356 949 514 2221
is_linear=0
shrinkage=0.05


Tree=170
num_leaves=31
num_cat=0
split_feature=7 0 6 15 7 15 6 7 6 11 2 5 12 0 6 11 1 0 15 11 10 12 7 12 1 0 12 1 11 10
split_gain=8.55053 14.6283 17.8316 30.8472 17.7563 16.0138 14.3711 28.6091 30.4052 32.194 23.2102 18.5084 19.013 14.3351 16.8892 21.8443 13.7083 13.1974 11.4747 11.6133 11.2981 11.1813 15.5253 12.6408 11.7092 16.8944 23.7229 15.1127 13.4024 13.041
threshold=10.500000000000002 19.300000000000001 132.74463519313306 6414.5000000000009 9.5000000000000018 8236.0000000000018 685.80042918454944 15.500000000000002 232.42918454935622 0.41202506375868281 4.8729613733905568 4.4996459043268446 -0.61237701952678392 17.809656652360516 461.66523605150218 0.16587474750015932 20.853728540772533 11.540557939914164 5296.5000000000009 0.99932962452255414 -0.59869031648930193 -0.90893575921103265 3.5000000000000004 -0.83377653105606597 21.598716917024323 17.339484978540774 0.93315540453694978 13.408699928469241 -0.94426098523567992 -0.75579217237767959
decision_type=2 2 2 10 2 8 2 2 2 2 2 2 2 2 2 2 2 2 10 2 2 2 2 2 2 2 2 2 2 2
left_child=1 2 4 -4 5 21 7 8 20 13 11 12 17 -10 -15 16 -16 -9 -14 -20 -2 22 -1 -23 25 26 -25 -28 -26 -30
right_child=6 -3 3 -5 -6 -7 -8 10 9 -11 -12 -13 18 14 15 -17 -18 -19 19 -21 -22 23 -24 24 28 -27 27 -29 29 -31
leaf_value=0.69430737878087712 0.53538532650343318 0.18446402706388199 -0.015292349851483778 -3.4357598626031405 5.6076663743520614 -7.4370193800709332 -0.40936826493905304 3.0990138592169845 10.133965244496949 -0.25661028468075531 1.6540574281870706 2.9373423865712542 0.60011219403727412 6.4377748516329349 0.036710657191497374 -1.9278510284896129 2.861763099658174 0.30737746646618691 -0.52664936967416909 3.6940688726777808 10.746802515019681 -1.7873756842049262 -0.13711397523845789 -0.3666244525905768 0.48329312535292956 0.3594130289834766 0.46067858227761466 2.6627610066344007 -0.60631396514936575 -2.4697937831249877
leaf_weight=234 50 1246 262 236 58 42 1156 43 149 819 279 155 220 96 101 79 69 985 2371 51 210 179 308 2216 63 394 270 71 153 77
leaf_count=234 50 1246 262 236 58 42 1156 43 149 819 279 155 220 96 101 79 69 985 2371 51 210 179 308 2216 63 394 270 71 153 77
internal_value=-0.000181919 -0.00159208 -0.00290316 -0.0118236 -0.00180767 -0.00220808 0.00101697 0.00205178 0.00778272 0.00468037 -0.000146163 -0.00116309 -0.0018796 0.0147475 0.00910405 0.0022 0.0122807 0.00388727 -0.0041241 -0.00511762 0.0233716 -0.00187847 0.00478821 -0.00293516 -0.0022188 -0.00127033 -0.00275606 0.00950292 -0.0117347 -0.017316
internal_weight=12642 5809 4563 498 4065 4007 6833 5677 1573 1313 4104 3825 3670 494 345 249 170 1028 2642 2422 260 3965 542 3423 3244 2951 2557 341 293 230
internal_count=12642 5809 4563 498 4065 4007 6833 5677 1573 1313 4104 3825 3670 494 345 249 170 1028 2642 2422 260 3965 542 3423 3244 2951 2557 341 293 230
is_linear=0
shrinkage=0.05


Tree=171
num_leaves=31
num_cat=0
split_feature=14 15 8 8 0 6 1 13 12 0 13 12 1 7 0 15 0 8 13 7 15 13 7 0 15 12 1 0 15 8
split_gain=8.92677 16.3078 28.5094 13.2931 11.7519 11.7681 11.5487 11.2998 10.169 10.9044 11.2533 10.1558 9.6576 9.53525 9.49007 9.46534 17.8695 10.2124 9.46118 8.84693 9.78077 8.5094 8.30801 9.43749 9.62304 9.75682 12.9267 8.42327 8.05482 16.9353
threshold=5027.5000000000009 4909.5000000000009 1.5000000000000002 5.5000000000000009 17.610300429184552 1.328326180257511 17.93767435622318 -0.65721521735223198 0.98334239299093984 19.487553648068673 -0.57078287476060374 -0.46801289393397988 15.114359799713878 22.500000000000004 16.546566523605151 5445.5000000000009 15.202789699570816 3.5000000000000004 -0.28725831407847041 5.5000000000000009 4462.5000000000009 -0.12546094329884036 1.0000000180025095e-35 26.19012875536481 6405.5000000000009 0.52217737485370563 20.394662017167388 13.493133047210302 6949.5000000000009 1.0000000180025095e-35
decision_type=10 8 2 2 2 2 2 2 2 2 2 2 2 2 2 8 2 2 2 2 10 2 2 2 8 2 2 2 10 2
left_child=1 3 22 7 6 -6 19 11 9 10 -9 -1 -13 28 -14 17 -17 -15 -12 20 -5 -20 -3 24 25 26 -24 -27 -2 -30
right_child=13 2 -4 4 5 -7 -8 8 -10 -11 18 12 14 15 -16 16 -18 -19 21 -21 -22 -23 23 -25 -26 27 -28 -29 29 -31
leaf_value=-0.61116490077856733 0.1233409784581454 1.7493845726947257 -1.8475354638872432 -0.084455211914610126 0.51098207962540987 -2.5116022193864413 -1.9085790277920296 2.0082048480149752 -1.1833765806740304 2.2108086427946092 -0.3254147093449774 1.0260921580890228 -1.9341447108998637 0.77393160223969071 0.049191225338245208 -0.56141799769750378 -3.9915107932425373 -0.65201392616493203 2.5942685665787395 1.3458752152295803 -1.2383937010273713 0.26562772195370599 -0.25618981020750198 1.5419579971715849 -2.9233647651953563 0.28072256546367952 1.1974011937843898 -0.82012875573052502 1.9149790194095204 -0.3464621431183787
leaf_weight=113 6886 45 350 69 145 56 81 63 49 88 171 42 55 81 195 218 64 82 61 41 42 309 278 74 102 70 75 110 423 2193
leaf_count=113 6886 45 350 69 145 56 81 63 49 88 171 42 55 81 195 218 64 82 61 41 42 309 278 74 102 70 75 110 423 2193
internal_value=-0.000383946 -0.00294227 -0.00760181 0.000316256 -0.00712644 0.00173267 -0.0147436 0.00313862 0.00680593 0.00836941 0.00595041 -0.00357143 0.00136519 0.000306594 -0.00239044 -0.00683857 -0.0123675 0.0027439 0.00359779 -0.00653595 -0.0138393 0.00808625 -0.00211921 -0.0034507 -0.00542453 -0.00271536 0.00211864 -0.0121547 0.000641903 -0.00171953
internal_weight=12631 2684 1104 1580 434 201 233 1146 741 692 604 405 292 9947 250 445 282 163 541 152 111 370 754 709 635 533 353 180 9502 2616
internal_count=12631 2684 1104 1580 434 201 233 1146 741 692 604 405 292 9947 250 445 282 163 541 152 111 370 754 709 635 533 353 180 9502 2616
is_linear=0
shrinkage=0.05


Tree=172
num_leaves=31
num_cat=0
split_feature=7 13 7 0 1 12 1 12 10 10 13 13 10 12 3 10 11 11 0 7 14 8 1 14 11 11 1 12 14 13
split_gain=12.1773 9.80537 8.47864 11.7755 20.1223 16.8348 14.3731 14.9793 21.7501 13.8757 10.9436 11.93 9.47588 9.89272 13.3255 9.50709 9.31497 14.8282 9.24411 10.1056 9.21708 15.5782 14.6043 14.3091 13.9401 16.5887 16.0557 10.6325 15.3044 15.0294
threshold=1.0000000180025095e-35 -0.6905596507703472 9.5000000000000018 17.610300429184552 15.54339234620887 0.84660111278280559 19.116152539341922 -0.14250758662009075 -0.82415615971448097 -0.97113884758256674 0.90438663683299525 0.85561368268953431 -0.83377653105606597 -0.73866412149774419 3.0847639484978555 0.878110924644389 -0.26867065956352881 -0.11692317777808843 10.06051502145923 17.500000000000004 7197.5000000000009 3.5000000000000004 14.566165951359087 8436.0000000000018 0.7254836971458194 0.85561368268953431 11.799213161659514 0.71051919230648819 7303.5000000000009 0.8500094512057853
decision_type=2 2 2 2 2 2 2 2 2 2 2 2 2 2 2 2 2 2 2 2 10 2 2 10 2 2 2 2 10 2
left_child=1 -1 3 4 16 10 12 -8 9 -9 11 -5 -6 15 -15 -14 -2 -18 19 -4 -20 27 23 24 26 -26 -23 28 -22 -30
right_child=2 -3 18 5 6 -7 7 8 -10 -11 -12 -13 13 14 -16 -17 17 -19 20 -21 21 22 -24 -25 25 -27 -28 -29 29 -31
leaf_value=-0.14590570891950846 -2.3512984453160697 1.2548845255442302 -1.3582002083776388 0.30678363086399263 -1.9556803904283244 -0.43922580299949915 0.39384162357387142 -1.5568121503733439 -4.3596868688744737 0.75204397603692996 -0.66462000651886233 3.14875372000638 -0.26919635959777682 -3.0714271618856857 -0.2388221997185383 1.5732612149042327 2.285871541973961 -0.054247971409836282 0.11477437499233929 2.6488231616704527 -1.2869651121309289 -5.4336490500940506 -2.5014261571518546 -3.232700537898836 4.434026217858082 -0.4451062218574407 0.0084955138358509437 -1.0226081256522321 1.604981406218144 -0.29322943442116411
leaf_weight=148 107 355 65 845 195 454 177 57 46 82 175 55 306 127 80 43 72 1920 5358 183 105 72 152 103 83 208 112 348 342 229
leaf_count=148 107 355 65 845 195 454 177 57 46 82 175 55 306 127 80 43 72 1920 5358 183 105 72 152 103 83 208 112 348 342 229
internal_value=-0.000174534 0.00744048 -0.000491654 -0.00214045 -0.00385932 0.00147059 -0.00929084 -0.00110193 -0.0110215 -0.00107143 0.00487918 0.00710322 -0.0132314 -0.00987433 -0.0185096 -0.00471429 -0.00097619 -0.000200702 0.000570575 0.0100402 0.000238999 -0.00290598 -0.00848153 -0.00483592 -0.00115546 0.00565068 -0.0118919 0.00107317 0.00472674 0.00795455
internal_weight=12604 503 12101 4741 3212 1529 1113 362 185 139 1075 900 751 556 207 349 2099 1992 7360 248 7112 1754 730 578 475 291 184 1024 676 571
internal_count=12604 503 12101 4741 3212 1529 1113 362 185 139 1075 900 751 556 207 349 2099 1992 7360 248 7112 1754 730 578 475 291 184 1024 676 571
is_linear=0
shrinkage=0.05


Tree=173
num_leaves=31
num_cat=0
split_feature=1 0 12 1 10 12 12 7 0 7 10 11 11 10 10 7 10 11 15 10 15 12 12 12 11 11 10 10 12 7
split_gain=9.27229 16.0395 19.6583 17.9496 13.469 11.6712 11.5163 16.9464 15.7425 15.397 21.9676 13.637 23.0481 15.2686 13.5445 13.1399 12.8247 12.1604 13.1327 12.0331 11.5562 11.4391 19.2046 16.8986 10.5968 35.4255 12.4965 10.5425 9.85956 9.01703
threshold=14.954336552217454 19.300000000000001 0.88119114410046628 15.686628218884122 -0.77245553105869302 0.67008845381070758 -0.79384350655589164 2.5000000000000004 11.795064377682404 8.5000000000000018 -0.83377653105606597 -0.013976481981245173 0.2499757677084001 0.99053107487289871 0.98522604642031408 17.500000000000004 -0.861146256326485 -0.21022037796396451 5115.5000000000009 -0.82415615971448097 6451.5000000000009 -0.93545056548590078 -0.98214488425316759 -0.90163369914317015 -0.26867065956352881 -0.065537083312030994 0.94138322595482449 -0.99630266176052629 0.18281681932135149 11.500000000000002
decision_type=2 2 2 2 2 2 2 2 2 2 2 2 2 2 2 2 2 2 10 2 8 2 2 2 2 2 2 2 2 2
left_child=24 2 5 -3 -4 6 7 -2 -8 10 -9 13 -13 14 17 -14 -11 -10 27 -18 -21 22 -5 -23 26 -26 -1 -19 -20 -27
right_child=1 3 4 21 -6 -7 8 9 11 16 -12 12 15 -15 -16 -17 19 18 28 20 -22 23 -24 -25 25 29 -28 -29 -30 -31
leaf_value=0.54415620831250633 0.86172925568980652 -3.0045013885101981 -1.1163046481821766 0.15263686253470043 -2.9430994973704174 0.59343705335518282 3.6573413974937239 -6.1026217568842647 -0.51171568966558423 5.7897435523911556 -0.22367748333672355 0.45897933611040576 -0.39604673037802063 -5.7902078609864027 2.2220103773004212 -1.9981089293914012 -3.2242150133512952 -2.1697115660182136 -1.8030437263583055 0.61469670829628742 -0.36423538204812761 2.8692595714500388 -2.4570454364555192 0.10706712558815071 2.0897131814752812 -0.060684347603910282 -9.3847624340808586 -2.3173942130818435 0.088425402246457452 0.42514461285295513
leaf_weight=58 208 57 92 85 64 195 54 64 560 64 351 385 277 66 54 105 65 49 58 324 250 63 97 3828 211 2370 75 64 62 2375
leaf_count=58 208 57 92 85 64 195 54 64 560 64 351 385 277 66 54 105 65 49 58 324 250 63 97 3828 211 2370 75 64 62 2375
internal_value=-8.70873e-05 -0.00119995 -0.00373681 0.000895667 -0.0210191 -0.00290233 -0.00365893 -0.000150716 -0.00634006 -0.0025916 -0.0102163 -0.0071981 -0.00227865 -0.0113239 -0.00949292 -0.0109661 0.00191761 -0.0111461 -0.0207265 -0.000234375 0.00208696 0.00128866 -0.010929 0.0018628 0.00156189 0.00193666 -0.0123134 -0.0328947 -0.00909091 0.00104298
internal_weight=12630 7541 3411 4130 156 3255 3060 1326 1734 1118 415 1680 767 913 847 382 703 793 233 639 574 4073 182 3891 5089 4956 133 113 120 4745
internal_count=12630 7541 3411 4130 156 3255 3060 1326 1734 1118 415 1680 767 913 847 382 703 793 233 639 574 4073 182 3891 5089 4956 133 113 120 4745
is_linear=0
shrinkage=0.05


Tree=174
num_leaves=31
num_cat=0
split_feature=8 7 8 12 12 13 4 3 13 15 14 7 1 7 14 7 12 13 7 7 8 12 13 14 10 13 7 7 7 15
split_gain=7.60224 26.6694 22.319 14.8165 24.7499 20.7038 15.3019 14.0095 15.671 12.898 17.335 16.4429 15.3904 14.9141 12.6768 15.5253 13.4278 16.1914 12.1878 10.8368 11.7151 11.0973 10.429 10.7411 10.204 9.9143 13.604 10.9274 10.6742 32.633
threshold=4.5000000000000009 2.5000000000000004 5.5000000000000009 0.98213580174693105 0.96522610578843548 0.14889004263668562 15.160163983495739 5.8744635193133057 0.046214940139115722 5926.5000000000009 6208.5000000000009 7.5000000000000009 13.135434549356225 11.500000000000002 5458.5000000000009 9.5000000000000018 -0.39036798905311365 -0.81429049538372056 18.500000000000004 12.500000000000002 5.5000000000000009 0.83373797915484082 -0.68275178320790053 4837.5000000000009 -0.69057362043749781 0.99924179677339053 7.5000000000000009 16.500000000000004 4.5000000000000009 5322.5000000000009
decision_type=2 2 2 2 2 2 2 2 2 8 10 2 2 2 10 2 2 2 2 2 2 2 2 8 2 2 2 2 2 10
left_child=3 2 -2 4 6 7 25 8 -5 10 14 -12 13 -11 16 -16 17 -3 -13 -17 -21 -22 -4 -24 -14 28 -27 -28 -1 -30
right_child=1 9 22 5 -6 -7 -8 -9 -10 12 11 18 24 -15 15 19 -18 -19 -20 20 21 -23 23 -25 -26 26 27 -29 29 -31
leaf_value=-0.12279660321269148 1.6047315722223177 -3.9846153536545219 -1.1348498153668742 -1.7405001164334637 2.920695630754699 -5.5646375325058219 3.2383319429089172 2.1202281117110036 0.65218107191351471 -4.0926142185131082 -1.3636672092251503 0.56816718195339033 -0.034515691726619481 0.14708936207498483 -2.2269759297877045 1.574050039947906 0.18146991193407302 -0.36991309391914912 2.6020521612780159 -2.3597051512978395 0.47345095954112826 -2.5144129530681543 1.1099047987294626 -0.23575892848800778 -3.0220504292828538 0.55330998564095357 -3.7402860412669043 -0.59133934465369298 1.0879099502098144 0.033803999807059885
leaf_weight=1669 213 48 62 360 157 57 45 47 196 94 49 400 110 439 196 132 605 350 61 137 184 44 48 114 315 41 50 42 605 5757
leaf_count=1669 213 48 62 360 157 57 45 47 196 94 49 400 110 439 196 132 605 350 61 137 184 44 48 114 315 41 50 42 605 5757
internal_value=-0.000376148 -0.00231816 0.00924658 0.000398804 0.000968089 -0.00680787 0.000590743 -0.00405629 -0.00628366 -0.00391785 -0.00181242 0.00626223 -0.00875912 -0.00308989 -0.00424278 -0.00943804 -0.00064741 -0.00776942 0.00919913 -0.00471888 -0.00915301 -0.00218341 -0.00177778 0.00490798 -0.0158451 0.000428659 -0.0130597 -0.0236559 0.000653635 0.0015873
internal_weight=12627 3601 437 9026 8366 660 8209 603 556 3164 2206 510 958 533 1696 693 1003 398 461 497 365 228 224 162 425 8164 133 92 8031 6362
internal_count=12627 3601 437 9026 8366 660 8209 603 556 3164 2206 510 958 533 1696 693 1003 398 461 497 365 228 224 162 425 8164 133 92 8031 6362
is_linear=0
shrinkage=0.05


Tree=175
num_leaves=31
num_cat=0
split_feature=1 0 6 13 10 0 12 0 12 12 1 8 11 0 10 11 11 1 10 8 12 13 11 12 12 1 10 10 10 8
split_gain=7.10527 16.456 17.3024 17.0691 23.133 16.5556 16.261 14.4579 15.3165 18.5673 13.8413 13.7378 13.4903 13.2852 15.4118 12.8925 32.0966 13.8978 13.2518 14.6058 12.5344 15.2711 12.1692 12.0315 14.1701 11.8225 21.2556 13.0637 19.2958 12.4407
threshold=14.916653254649502 17.610300429184552 518.24463519313315 0.57605713708605399 -0.83377653105606597 21.723819742489272 0.36848418633289504 28.931115879828329 0.84660111278280559 0.64415889436411822 25.675706366237481 1.0000000180025095e-35 -0.19337245081799007 19.487553648068673 -0.67166439702596292 -0.25206183926700709 -0.065537083312030994 14.315325464949927 0.94138322595482449 4.5000000000000009 0.019351116170480156 0.91423533665985768 -0.77788789561442695 -0.95244167294248061 -0.97113884758256674 15.645913805436338 -0.70291267844185523 0.99552231814189451 0.99983759474438971 5.5000000000000009
decision_type=2 2 2 2 2 2 2 2 2 2 2 2 2 2 2 2 2 2 2 2 2 2 2 2 2 2 2 2 2 2
left_child=15 3 7 4 12 -4 -5 8 9 20 -11 -10 -2 -13 -15 18 17 -17 -1 -20 23 -22 -6 24 -3 26 -24 29 -29 -27
right_child=1 2 5 6 22 -7 -8 -9 11 10 -12 13 -14 14 -16 16 -18 -19 19 -21 21 -23 25 -25 -26 27 -28 28 -30 -31
leaf_value=0.99238251405838585 0.22146341439984099 0.12828253765680983 -2.1382961608716187 -0.4448003205477562 1.2457331932173248 -0.12109729516826065 -5.0962895906996897 2.9164398946329584 -1.3198221127996022 1.7104151021174403 -0.354442552569185 -0.86099143548026413 -1.3351969456461348 0.99923596200203524 -0.33859858813120813 3.5180439007033559 0.072041800910551498 -0.34550376647359826 -9.4937274052776282 -1.7293989565528136 -0.01093507287778266 -1.6384439138428661 3.6227460413418386 0.4778564943633683 -3.5121684217293252 0.019033461342269221 0.062181340959796216 -8.1942487525528129 1.1074566314075127 -1.9401579358127947
leaf_weight=44 106 116 252 200 48 1408 68 71 115 310 80 176 426 282 250 156 4630 40 56 41 646 137 68 1416 54 824 292 68 47 91
leaf_count=44 106 116 252 200 48 1408 68 71 115 310 80 176 426 282 250 156 4630 40 56 41 646 137 68 1416 54 824 292 68 47 91
internal_value=-0.000351466 -0.00131753 0.000197591 -0.00491291 -0.00329782 -0.00403371 -0.0167286 0.00212096 0.00167457 0.00346014 0.013555 -0.00430825 -0.0121951 -0.00169252 0.00225141 0.00111715 0.00155376 0.0213198 -0.0137324 -0.0239796 0.00179325 -0.0033801 0 0.00434783 -0.00818713 -0.000862689 0.00692521 -0.00358875 -0.0193966 -0.00158297
internal_weight=12518 7551 5313 2238 1970 1660 268 3653 3582 2759 390 823 532 708 532 4967 4826 196 141 97 2369 783 1438 1586 170 1390 360 1030 115 915
internal_count=12518 7551 5313 2238 1970 1660 268 3653 3582 2759 390 823 532 708 532 4967 4826 196 141 97 2369 783 1438 1586 170 1390 360 1030 115 915
is_linear=0
shrinkage=0.05


Tree=176
num_leaves=31
num_cat=0
split_feature=6 2 1 0 11 7 11 14 12 14 15 7 7 3 7 11 15 6 13 14 15 15 14 14 14 0 7 14 12 6
split_gain=10.4458 19.8643 12.2862 14.8831 19.6554 13.4093 11.7175 11.9372 11.7596 10.0672 9.62574 8.68485 16.2256 20.5834 28.2201 19.747 19.574 17.5401 22.7535 17.3392 16.2813 13.8325 19.4442 13.1855 12.3656 16.1076 13.9859 12.2291 16.4567 13.0347
threshold=444.87553648068678 2.7381974248927023 21.076555793991417 17.738841201716742 0.45847758937963173 10.500000000000002 -0.98372925196996197 4507.5000000000009 0.14889030080148793 6700.5000000000009 6949.5000000000009 20.500000000000004 10.500000000000002 3.8287553648068688 14.500000000000002 0.9980355542543059 5350.5000000000009 357.87339055794001 -0.57078287476060374 7132.0000000000009 6190.5000000000009 5748.5000000000009 5603.5000000000009 6161.5000000000009 5289.5000000000009 19.010729613733911 6.5000000000000009 6610.5000000000009 0.21652696009750597 157.94420600858373
decision_type=2 2 2 2 2 2 2 10 2 8 10 2 2 2 2 2 8 2 2 10 10 10 10 10 10 2 2 10 2 2
left_child=1 6 3 4 5 -2 8 -8 -1 -5 -3 12 16 14 17 19 -9 -14 -19 -15 -16 23 -23 -13 26 -26 -18 28 -22 -29
right_child=2 10 -4 9 -6 -7 7 11 -10 -11 -12 21 13 15 20 -17 24 18 -20 -21 27 22 -24 -25 25 -27 -28 29 -30 -31
leaf_value=-0.12783015142986187 -2.2691682583090826 1.2165724441648309 0.036596328913356048 -0.78588920404349671 -2.0812758612808921 5.3505989120034432 -0.41875363815447603 0.15341988489167308 -3.0012953865555119 -4.3113703050126793 -0.3193749513711282 0.042191974363299779 5.5438708251271693 11.025658758457167 1.0034238520408736 -2.1113636281866777 -2.6795510639886517 9.3624780008241952 -1.3036049639948943 1.2559483276869743 1.7842372234380948 -3.0735970844593794 -0.41520210421433607 2.3651945390509357 -0.34011103740822368 0.91454716481118803 -0.12891809639836538 -0.20552106965485564 -0.64407548497920297 -1.9623966691354782
leaf_weight=105 52 383 1100 825 160 181 571 2513 79 73 84 466 336 133 294 60 186 66 195 434 208 65 880 45 1517 228 155 770 107 311
leaf_count=105 52 383 1100 825 160 181 571 2513 79 73 84 466 336 133 294 60 186 66 195 434 208 65 880 45 1517 228 155 770 107 311
internal_value=-0.000182786 0.00051511 -0.00315635 -0.00646285 0.00164975 0.0108974 3.08483e-05 0.000272508 -0.0124324 -0.0100111 0.0105769 0.000719064 0.00140405 0.00432247 0.00211976 0.0123408 -0.000445652 0.0114548 0.00171756 0.0152289 -0.00118273 -0.002814 -0.00639535 0.00380859 -0.00402492 -0.00231959 -0.0127193 -0.00343593 0.00522152 -0.00596118
internal_weight=12582 10191 2391 1291 393 233 9724 9540 184 898 467 8969 7513 2914 2287 627 4599 597 261 567 1690 1456 945 511 2086 1745 341 1396 315 1081
internal_count=12582 10191 2391 1291 393 233 9724 9540 184 898 467 8969 7513 2914 2287 627 4599 597 261 567 1690 1456 945 511 2086 1745 341 1396 315 1081
is_linear=0
shrinkage=0.05


Tree=177
num_leaves=31
num_cat=0
split_feature=1 1 13 11 11 1 10 10 1 14 8 14 7 2 10 1 10 6 10 10 6 10 10 1 8 1 8 8 7 7
split_gain=8.15059 13.3477 16.5528 11.1137 22.6004 9.91905 18.2352 14.808 11.4001 13.8228 11.3986 24.7496 9.46484 9.54913 9.22343 9.07419 15.5667 15.3666 14.1674 20.5285 17.101 25.0218 36.1822 16.0318 15.3227 33.0237 15.1344 14.484 14.0337 13.1903
threshold=14.954336552217454 19.046298283261805 0.88917497572200743 -0.26867065956352881 -0.065537083312030994 17.665727825464952 0.91596454896554913 0.88621069759564464 18.124003040057229 6761.5000000000009 4.5000000000000009 5892.5000000000009 8.5000000000000018 1.5512875536480684 -0.94139628442229062 14.437133404864094 0.65233619298682533 11.72961373390558 0.9550229469509578 0.89017062131308955 190.32188841201719 -0.15101209918632377 -0.022576249993022688 13.984003934191703 1.5000000000000002 11.956357296137341 1.5000000000000002 4.5000000000000009 5.5000000000000009 8.5000000000000018
decision_type=2 2 2 2 2 2 2 2 2 10 2 10 2 2 2 2 2 2 2 2 2 2 2 2 2 2 2 2 2 2
left_child=3 2 5 -1 -5 -2 7 8 10 12 11 -7 14 -14 -10 18 17 -17 19 20 21 -6 -23 -22 -21 -26 -20 -28 -29 -27
right_child=1 -3 -4 4 15 6 -8 -9 9 -11 -12 -13 13 -15 -16 16 -18 -19 26 24 23 22 -24 -25 25 29 27 28 -30 -31
leaf_value=-2.4227404310011482 -0.063834431208852044 0.024014192075583196 -5.5205746879738857 1.5747799627983115 1.119417730959708 -2.0771307769473197 -4.5771212528923799 5.4353372261256938 0.75763862994795095 -3.8609024187840535 -2.624805868328008 0.64253965978382444 1.4203058849764603 -2.2219882032489751 -0.74276617645291487 0.49565429931535621 2.6189377123193709 -2.1591275541240975 -3.0613452360227713 8.7838673417043776 -0.6384353019673199 -4.0151972881834812 0.15569944263147592 -7.042401098745791 -1.1276881184919603 0.20761848728632232 0.78470223634885772 0.77851688737305269 -3.5694522557870645 5.936387422169628
leaf_weight=127 1797 4847 54 225 656 72 120 45 43 68 64 57 198 42 141 143 170 65 95 70 740 213 1871 56 132 60 161 40 124 95
leaf_count=127 1797 4847 54 225 656 72 120 45 43 68 64 57 198 42 141 143 170 65 95 70 740 213 1871 56 132 60 161 40 124 95
internal_value=9.92694e-05 -0.000940522 -0.00375648 0.00165543 0.00203376 -0.00319109 -0.00763807 -0.00465116 -0.00648688 -0.00243408 -0.0167526 -0.00807692 0.000941176 0.00746888 -0.00756757 0.00128943 0.00870712 -0.000478469 0.000637459 0.00157935 0.000424088 0.00229843 -0.000383693 -0.00602258 0.0129888 0.0078125 -0.00807601 -0.00291411 -0.0133333 0.0233974
internal_weight=12591 7548 2701 5043 4916 2647 850 730 685 492 193 129 424 240 184 4691 378 208 4313 3893 3536 2740 2084 796 357 287 420 325 164 155
internal_count=12591 7548 2701 5043 4916 2647 850 730 685 492 193 129 424 240 184 4691 378 208 4313 3893 3536 2740 2084 796 357 287 420 325 164 155
is_linear=0
shrinkage=0.05


Tree=178
num_leaves=31
num_cat=0
split_feature=1 15 14 1 6 15 1 12 15 6 3 14 10 12 15 10 12 12 11 10 6 4 6 10 15 0 15 14 15 10
split_gain=10.2709 8.35021 8.59 9.41512 8.72488 6.96126 9.65846 8.45286 7.04436 7.99954 6.33389 6.09142 7.27176 5.81928 5.80469 6.05826 5.63731 7.30453 5.62939 10.2145 5.47247 15.6595 10.35 19.5057 18.9976 16.9738 13.2828 22.562 13.7251 13.0981
threshold=29.120010729613742 9193.0000000000018 8226.5000000000018 11.69237303290415 4.1716738197424901 8236.0000000000018 12.895989806866954 0.40024370752619226 4440.5000000000009 2.6845493562231764 2.9203862660944213 4507.5000000000009 0.074116354202380205 -0.7614135502316719 8744.5000000000018 0.57077594689671507 0.70288017738294994 0.019351116170480156 0.9863035000474919 0.26037272046371446 444.87553648068678 2.2566578588664368 2.1523605150214595 0.99761913169647187 4440.5000000000009 13.440128755364809 5412.5000000000009 5648.5000000000009 5171.5000000000009 -0.90163369914317015
decision_type=2 10 8 2 2 10 2 2 8 2 2 10 2 2 8 2 2 2 2 2 2 2 2 2 10 2 10 10 10 2
left_child=1 2 5 18 10 8 7 -7 9 11 -5 13 16 -1 15 -6 17 -13 19 -4 21 22 23 24 -10 -25 28 29 -26 -28
right_child=-2 -3 3 4 14 6 -8 -9 20 -11 -12 12 -14 -15 -16 -17 -18 -19 -20 -21 -22 -23 -24 25 26 -27 27 -29 -30 -31
leaf_value=0.40924001368634894 2.2837528468756321 4.1975810840446686 2.7994713225825762 1.470460933949562 -6.5969031247530445 0.90664694730917295 -1.0802562440848307 5.6224433051075042 -7.7150530591396551 -2.0648884244769308 -1.6721437112506465 0.53107981536877558 2.6042112496463234 -0.59021588075393083 -0.89561887273296181 -2.0806606625162205 1.2523885349566628 -1.1021919973178684 -2.5959452756113937 -0.19884074638052882 -0.20926359458248955 1.6846072051474268 0.20380384046616201 -0.71775137237380027 -0.010529266510525305 -5.8100349625410672 0.62210766634866566 -0.030596240891281924 0.46637973530282584 -1.6128710392871426
leaf_weight=80 51 43 40 49 59 55 65 88 44 53 81 93 61 72 42 53 43 44 48 150 2315 198 3429 74 2158 71 77 1774 611 498
leaf_count=80 51 43 40 49 59 55 65 88 44 53 81 93 61 72 42 53 43 44 48 150 2315 198 3429 74 2158 71 77 1774 611 498
internal_value=-5.99042e-05 -0.000152378 -0.000229358 -0.00650096 -0.0126316 4.6203e-05 0.00909091 0.0163194 -0.000115424 0.00604027 -0.00305344 0.00850254 0.0134298 0.000653595 -0.0206452 -0.0265487 0.00828729 0.00326087 0.00083682 0.00471204 -0.00036 0.000201455 -0.000114456 -0.00149774 -0.000987798 -0.0195205 -0.000703262 -0.00346809 0.0016426 -0.012066
internal_weight=12519 12468 12425 522 284 11903 208 143 11695 446 130 393 241 152 154 112 180 137 238 190 11249 8934 8736 5307 5162 145 5118 2349 2769 575
internal_count=12519 12468 12425 522 284 11903 208 143 11695 446 130 393 241 152 154 112 180 137 238 190 11249 8934 8736 5307 5162 145 5118 2349 2769 575
is_linear=0
shrinkage=0.05


Tree=179
num_leaves=31
num_cat=0
split_feature=8 7 8 12 7 7 8 6 6 14 13 11 14 12 10 12 7 6 7 7 3 6 1 1 10 13 13 14 8 7
split_gain=10.7415 25.2602 22.6164 13.0335 10.2839 23.9083 18.871 18.8376 16.5608 12.3676 12.362 12.8834 12.1462 16.651 10.4798 10.4228 10.3215 10.1303 22.3445 19.4259 24.1163 22.3731 12.2381 14.7264 12.4872 11.641 12.2731 11.5367 14.8009 18.9965
threshold=4.5000000000000009 2.5000000000000004 5.5000000000000009 0.99983759474438971 12.500000000000002 15.500000000000002 3.5000000000000004 803.71888412017177 408.29184549356228 7231.5000000000009 -0.62083866033519952 -0.70900320270980455 6244.5000000000009 -0.159513159777915 -0.31799228562170639 -0.064463015794845938 21.500000000000004 1.0000000180025095e-35 7.5000000000000009 13.500000000000002 3.9081545064377683 288.23390557939916 26.22211194563663 11.720489091559372 0.69056404122701587 -0.6652727025667432 -0.81429049538372056 4462.5000000000009 5.5000000000000009 5.5000000000000009
decision_type=2 2 2 2 2 2 2 2 2 10 2 2 10 2 2 2 2 2 2 2 2 2 2 2 2 2 2 10 2 2
left_child=4 2 -2 17 7 8 -7 -1 -6 10 15 -12 -10 -14 -9 -8 -13 22 -19 20 25 -21 23 24 -3 26 -20 -25 29 -29
right_child=1 3 -4 -5 5 6 9 14 12 -11 11 16 13 -15 -16 -17 -18 18 19 21 -22 -23 -24 27 -26 -27 -28 28 -30 -31
leaf_value=-0.017581396047535235 1.5051697955062993 2.260389416606404 -0.19846005394597344 2.7639399777039673 4.9120169054044487 0.15127602570673845 -0.35711203884252429 -1.837779816291959 0.82856062225889682 -1.8012952049603883 -0.55265485727481978 4.9572510011858641 -2.0981531440960226 0.4214900443876104 -0.72810722824697227 -2.2593903365225745 -0.10402848807059401 -1.9616440032531046 0.89574820046900649 -0.27118260324796212 -2.5070719324520043 -2.8763748161059541 1.4668266628434594 -3.0848049810687375 -0.79277446256010087 -0.070705855123833317 8.0040024368110618 0.17925409926679095 0.23831869475800432 -1.9673931324840397
leaf_weight=4703 224 160 223 49 334 2393 86 69 382 218 95 70 119 279 105 74 60 119 187 421 166 460 44 45 64 462 52 171 424 281
leaf_count=4703 224 160 223 49 334 2393 86 69 382 218 95 70 119 279 105 74 60 119 187 421 166 460 44 45 64 462 52 171 424 281
internal_value=-0.000402711 -0.00273009 0.00837054 -0.00433033 0.000517356 0.00235952 3.33667e-05 -0.00103526 0.00860987 -0.00786424 -0.00246114 0.0050885 0.00460948 -0.00150376 -0.0171429 -0.0130435 0.0152672 -0.00474321 -0.00703961 -0.0056032 -0.000288018 -0.0108277 -0.00113445 -0.00213787 0.00933333 0.00377493 0.0127083 -0.00493492 -0.0036488 -0.00993377
internal_weight=12539 3552 447 3105 8987 4110 2996 4877 1114 603 385 225 780 398 174 160 130 3056 1867 1748 867 881 1189 1145 224 701 239 921 876 452
internal_count=12539 3552 447 3105 8987 4110 2996 4877 1114 603 385 225 780 398 174 160 130 3056 1867 1748 867 881 1189 1145 224 701 239 921 876 452
is_linear=0
shrinkage=0.05


Tree=180
num_leaves=31
num_cat=0
split_feature=14 15 14 8 15 8 8 12 13 14 8 8 14 12 2 1 12 1 13 15 14 11 14 15 15 8 11 1 12 12
split_gain=9.12975 9.28006 13.0317 25.6932 19.4651 12.7569 13.1289 14.3695 13.2044 16.6463 10.1843 9.83695 25.7638 18.1359 14.7571 14.0929 26.8999 17.2463 13.8641 10.5711 13.1597 14.3309 12.5506 26.4929 11.0608 15.2615 12.3852 15.1139 10.0231 13.0666
threshold=4102.5000000000009 4772.5000000000009 5017.5000000000009 1.5000000000000002 5286.5000000000009 5.5000000000000009 1.0000000180025095e-35 0.85223490906209554 -0.30982845708428081 5164.5000000000009 1.5000000000000002 1.0000000180025095e-35 6890.5000000000009 0.92023804793023134 4.9036480686695265 12.679090665236052 -0.72696319516528884 10.786453862660947 -0.85227283847737434 5640.5000000000009 6904.5000000000009 0.95436825032516992 5741.5000000000009 6561.5000000000009 5914.5000000000009 4.5000000000000009 -0.99168640063982161 25.444563662374822 -0.89405649444168434 0.89115239534193136
decision_type=10 8 10 2 8 2 2 2 2 10 2 2 10 2 2 2 2 2 2 10 10 2 10 10 10 2 2 2 2 2
left_child=-1 5 3 -3 -5 6 7 -2 10 -10 -8 12 13 14 15 17 -17 -4 -18 20 21 -13 23 -21 -24 26 27 -26 -27 -30
right_child=1 2 11 4 -6 -7 8 -9 9 -11 -12 19 -14 -15 -16 16 18 -19 -20 22 -22 -23 24 -25 25 28 -28 -29 29 -31
leaf_value=-3.5607263084220904 0.18784534076589809 0.031971168649852187 -0.83662699581127531 -0.48932805580252536 -9.4244134270108599 -0.22721107479724198 0.6743889334817823 -1.8579881210988107 1.488765995382596 -0.43477085641147828 -0.038215494709857016 0.20201928357091675 8.0797633065060843 -1.313968044108333 6.5093209145524273 1.8037238435225846 0.30089197263885126 5.4297528016462824 -2.5717482791733346 -1.8533018797351362 4.7032586629479516 -1.2351180697871769 0.51108895603865678 14.69793107806645 4.0784232131835783 1.2465248284252994 -0.069643728540904712 -0.75674645515348404 -1.5377755029765467 0.20344665609484311
leaf_weight=67 209 822 81 493 73 605 62 40 258 55 259 2164 123 139 67 136 112 140 163 346 64 187 613 41 51 67 4280 42 627 228
leaf_count=67 209 822 81 493 73 605 62 40 258 55 259 2164 123 139 67 136 112 140 163 346 64 187 613 41 51 67 4280 42 627 228
internal_value=-0.000110979 -1.19541e-05 -0.00051085 -0.0050396 -0.0132275 0.00369375 0.00752262 -0.0022 0.0113386 0.0186306 0.00419255 0.000139578 0.00493763 0.00178784 0.00507143 0.00268562 -0.00279126 0.0128378 -0.0117754 -0.000390311 0.00242136 0.00180697 -0.00146919 -0.0101804 -0.000896937 -0.00163331 -0.000400091 0.0175532 -0.00747562 -0.00893692
internal_weight=12614 12547 11059 1388 566 1488 883 249 634 313 321 9671 961 838 699 632 411 221 275 8710 2415 2351 6295 387 5908 5295 4373 93 922 855
internal_count=12614 12547 11059 1388 566 1488 883 249 634 313 321 9671 961 838 699 632 411 221 275 8710 2415 2351 6295 387 5908 5295 4373 93 922 855
is_linear=0
shrinkage=0.05


Tree=181
num_leaves=31
num_cat=0
split_feature=7 15 7 15 14 7 6 8 8 12 7 3 15 11 12 15 8 6 10 6 8 15 10 11 12 11 0 14 7 8
split_gain=12.415 14.4112 10.0812 19.4437 25.977 19.4577 18.8081 27.2474 25.8258 19.4523 19.3025 19.699 18.117 17.2876 16.7904 16.9375 16.0078 15.6317 14.5389 12.2442 11.8356 15.0265 13.7121 11.6251 21.1176 11.8193 11.1333 11.0921 10.9594 16.2689
threshold=22.500000000000004 6845.5000000000009 8.5000000000000018 6465.5000000000009 6648.5000000000009 18.500000000000004 221.68025751072963 4.5000000000000009 3.5000000000000004 -0.93545056548590078 16.500000000000004 1.6160944206008596 1.0000000180025095e-35 -0.54940789553007929 -0.8431462759492121 5926.5000000000009 5.5000000000000009 72.500000000000014 -0.97113884758256674 1.328326180257511 1.0000000180025095e-35 6873.5000000000009 0.94138322595482449 -0.46039597980994923 -0.96688789938088693 -0.53495380374625956 24.221244635193134 7303.5000000000009 13.500000000000002 2.5000000000000004
decision_type=2 8 2 10 8 2 2 2 2 2 2 2 10 2 2 8 2 2 2 2 2 10 2 2 2 2 2 10 2 2
left_child=2 -2 12 4 23 14 8 9 13 -8 17 19 -1 26 -6 -16 -13 -10 -11 -12 22 -22 -15 25 -25 -4 -5 -19 29 -20
right_child=1 -3 3 6 5 -7 7 -9 10 18 11 16 -14 20 15 -17 -18 27 28 -21 21 -23 -24 24 -26 -27 -28 -29 -30 -31
leaf_value=-7.4570719580810421 -0.51149036728329522 -5.3008929332599113 0.26519329926497903 -0.98831716635595512 -2.2479016435434005 3.6341731239929462 -3.7252679544897092 -5.1177081984510329 6.680481675863712 -1.7781841956782047 -3.1031195541027503 -1.0580259816017132 -0.068237022256334975 4.6246245901256771 3.9486993543603148 0.59251006191448141 2.5599692845394659 5.410834217558568 -1.7339328844976081 -1.551425143950246 2.0263534869971638 0.21845189880070848 -1.9602079298835635 3.1028785709319893 -0.24986720747117488 2.008988168239648 0.27399602965078884 -2.2599948506221152 0.20840652886754471 0.77257355078647838
leaf_weight=47 472 43 1060 111 76 132 93 68 54 100 83 297 4695 325 159 277 128 59 366 114 164 936 48 86 1484 153 61 62 639 252
leaf_count=47 472 43 1060 111 76 132 93 68 54 100 83 297 4695 325 159 277 128 59 366 114 164 936 48 86 1484 153 61 62 639 252
internal_value=-0.000253064 -0.00784884 7.00742e-05 0.00122496 0.00398191 0.0130233 -0.00116132 -0.00552995 0.00155546 -0.00406616 -0.00582707 -0.00995185 -0.00172886 0.00513366 0.008577 0.012357 -0.00387324 0.00880682 -0.0025405 -0.0229798 0.00688602 0.00426885 0.0145722 0.00188578 -0.000954806 0.00556013 -0.00982659 -0.00122951 -0.00107313 -0.00581583
internal_weight=12644 515 12129 7387 3427 644 3960 1518 2442 1450 797 622 4742 1645 512 436 425 175 1357 197 1473 1100 373 2783 1570 1213 172 121 1257 618
internal_count=12644 515 12129 7387 3427 644 3960 1518 2442 1450 797 622 4742 1645 512 436 425 175 1357 197 1473 1100 373 2783 1570 1213 172 121 1257 618
is_linear=0
shrinkage=0.05


Tree=182
num_leaves=31
num_cat=0
split_feature=7 8 7 15 5 2 8 10 10 8 15 0 1 15 1 10 0 5 15 15 8 10 6 14 10 8 1 8 10 10
split_gain=10.5944 15.6851 15.5685 31.1384 19.5669 16.5649 12.3378 15 14.4285 11.7261 11.3308 17.4411 16.795 10.9518 12.6598 12.2077 10.7569 10.7776 10.6379 10.3897 22.1917 16.5569 17.0617 14.3977 17.9013 14.3966 13.298 16.883 12.1492 19.2831
threshold=21.500000000000004 5.5000000000000009 17.500000000000004 5853.5000000000009 4.8876901858571733 7.9997854077253239 5.5000000000000009 -0.99275805973510278 -0.97113884758256674 3.5000000000000004 6949.5000000000009 15.202789699570816 15.241496781115879 6521.5000000000009 12.953192060085838 0.67802080537253961 13.837124463519315 0.5315696549945661 8178.5000000000009 6917.5000000000009 4.5000000000000009 -0.59869031648930193 0.034334763948497861 7051.5000000000009 0.72695311118111527 3.5000000000000004 11.799213161659514 2.5000000000000004 0.42179998225932674 0.35846314187849709
decision_type=2 2 2 10 2 2 2 2 2 2 10 2 2 10 2 2 2 2 10 8 2 2 2 10 2 2 2 2 2 2
left_child=2 13 6 -4 5 9 19 -8 -9 16 12 -12 -11 14 -2 -16 18 -18 -5 28 21 -21 -23 25 -25 -24 -26 -28 29 -1
right_child=1 -3 3 4 -6 -7 7 8 -10 10 11 -13 -14 -15 15 -17 17 -19 -20 20 -22 22 23 24 26 -27 27 -29 -30 -31
leaf_value=-0.014397014669907549 1.4098631108468453 1.739003985451018 2.9466246878833093 3.6254764228868228 7.1546788558531267 2.2553144260527005 1.307218455743032 -2.5839993495099862 -0.45729616073010676 4.8323081984609875 -0.43550678078306648 -4.3640463288757472 -0.31610910666868225 -1.7751977543584418 -0.15132058738461185 -1.8571013510344985 0.10559082988038426 -2.5127576780714662 0.58628940666239948 -2.2209987430484261 -8.4024996991763157 -4.9143148049423875 0.28709820864673929 0.026662360177942903 -7.1272816346370753 5.847081678121322 -2.9048754056527288 2.2391296890949435 0.27131107926277309 -2.1509866326045541
leaf_weight=4278 79 139 172 139 49 50 59 55 1212 69 260 75 310 241 454 121 747 40 185 134 58 58 479 484 47 88 67 65 2140 91
leaf_count=4278 79 139 172 139 49 50 59 55 1212 69 260 75 310 241 454 121 747 40 185 134 58 58 479 484 47 88 67 65 2140 91
internal_value=-0.000373614 -0.00521739 6.57203e-05 0.00395804 0.00212987 0.00130597 -0.000810434 -0.00527506 -0.00642744 0.000520263 -0.00447552 -0.0111607 0.00144737 -0.00764509 -0.00427481 -0.00685764 0.00373201 0.000571066 0.0113846 -6.8836e-05 -0.00384875 -0.00260014 -0.000853375 0.000406174 -0.00459337 0.00625 -0.0180556 -0.00977444 0.000791091 -0.000720824
internal_weight=12445 1034 11411 2096 1924 1875 9315 1326 1267 1825 714 335 379 895 654 575 1111 787 324 7989 1480 1422 1288 1230 663 567 179 132 6509 4369
internal_count=12445 1034 11411 2096 1924 1875 9315 1326 1267 1825 714 335 379 895 654 575 1111 787 324 7989 1480 1422 1288 1230 663 567 179 132 6509 4369
is_linear=0
shrinkage=0.05


Tree=183
num_leaves=31
num_cat=0
split_feature=15 14 8 3 14 0 15 7 7 14 1 13 13 8 1 1 10 10 8 7 0 7 8 8 0 15 1 3 13 13
split_gain=8.97246 11.527 19.1157 12.6171 10.7361 8.37313 8.14778 20.9418 18.8497 12.3234 10.5681 18.1945 28.5285 12.4528 10.539 14.4354 8.72125 9.94511 10.8424 9.79996 12.2344 21.7827 40.7607 13.3401 15.5332 15.0029 12.2259 11.5522 11.3764 17.3466
threshold=9193.0000000000018 8226.5000000000018 3.5000000000000004 3.9081545064377683 7722.5000000000009 11.121030042918457 6857.5000000000009 7.5000000000000009 19.500000000000004 7132.0000000000009 12.953192060085838 0.97650658860526895 0.53313582347195043 2.5000000000000004 11.842636802575109 12.058006974248931 0.99983759474438971 0.99761913169647187 2.5000000000000004 9.5000000000000018 17.610300429184552 2.5000000000000004 1.0000000180025095e-35 5.5000000000000009 12.421030042918456 4749.5000000000009 21.266170422031475 6.0918454935622321 0.99953765813430351 0.99683437150207233
decision_type=10 8 2 2 10 2 8 2 2 10 2 2 2 2 2 2 2 2 2 2 2 2 2 2 2 10 2 2 2 2
left_child=1 4 3 -3 6 -5 16 -8 9 10 11 12 -9 -13 -11 -16 17 19 -19 20 21 22 -1 25 -25 -23 -22 -24 29 -21
right_child=-2 2 -4 5 -6 -7 7 8 -10 14 -12 13 -14 -15 15 -17 -18 18 -20 28 26 23 27 24 -26 -27 -28 -29 -30 -31
leaf_value=-1.8184744478889798 5.6688486139954426 -1.4160945029560026 -2.6378657143567583 0.01209026659535084 0.94023965447913727 1.7854130905880994 -5.1120240742370928 2.2874333774861952 -0.96414907747544021 -2.673860803213211 0.0097571433367193098 -9.6606005993007784 8.4003604627191635 1.9428419412928861 9.3680775600614883 -0.30308968380495571 2.7467623297238335 1.1292078099633727 -3.1030254152672572 0.1365623168795537 0.55441133339450066 0.31526835619156374 0.26584947486053351 -0.38500411115960564 -1.9991163346066969 -0.41669992831712083 -0.013448873650804672 1.6535657189761652 -2.1269978942310672 4.5668245968790417
leaf_weight=148 44 157 225 68 493 65 52 187 442 148 669 40 76 42 40 441 57 46 157 4234 494 355 621 179 157 1385 1153 216 42 65
leaf_count=148 44 157 225 68 493 65 52 187 442 148 669 40 76 42 40 441 57 46 157 4234 494 355 621 179 157 1385 1153 216 42 65
internal_value=-6.40051e-05 -0.00014452 -0.00746124 0.00103093 0.000171692 0.0123134 -0.000139775 -0.00292329 -0.00213327 0.00033455 0.00374384 0.0108382 0.0172348 -0.00963855 -0.00515873 -0.00155602 0.000499463 0.000378256 -0.0105392 0.000624309 -0.000955617 -0.00282495 0.00329615 -0.00572942 -0.0148368 -0.00396324 0.0025182 0.00757757 0.00233763 0.00259302
internal_weight=12498 12454 515 290 11939 133 11446 2137 2085 1643 1014 345 263 82 629 481 9309 9252 203 9049 4708 3061 985 2076 336 1740 1647 837 4341 4299
internal_count=12498 12454 515 290 11939 133 11446 2137 2085 1643 1014 345 263 82 629 481 9309 9252 203 9049 4708 3061 985 2076 336 1740 1647 837 4341 4299
is_linear=0
shrinkage=0.05


Tree=184
num_leaves=31
num_cat=0
split_feature=8 3 15 12 12 6 6 15 10 12 10 6 14 12 11 15 11 11 8 11 0 6 0 15 8 0 15 14 10 3
split_gain=12.1822 22.7995 15.2354 14 13.2014 12.1713 12.0831 23.1454 18.6861 17.4047 14.0735 13.8555 12.8866 18.2766 23.177 17.2499 15.6213 15.4984 16.4224 12.3744 15.9183 16.3996 11.995 11.5 11.3289 10.9071 10.6485 10.3273 10.2752 22.1555
threshold=4.5000000000000009 6.0918454935622321 6561.5000000000009 0.9993614236720848 0.99865421017599998 1.0000000180025095e-35 1.0000000180025095e-35 5412.5000000000009 0.99983759474438971 0.99683609994235922 0.12545942051955489 395.09442060085843 7151.5000000000009 -0.71504042705586657 0.31595530242620651 6900.5000000000009 0.79253265336324141 0.99349222267034787 2.5000000000000004 0.95691861501572195 14.265879828326181 54.731759656652365 13.440128755364809 7062.5000000000009 5.5000000000000009 9.1032188841201727 5372.5000000000009 7622.5000000000009 0.9962888416657264 3.2040772532188853
decision_type=2 2 8 2 2 2 2 10 2 2 2 2 10 2 2 10 2 2 2 2 2 2 2 10 2 2 8 10 2 2
left_child=4 2 3 -2 6 -3 28 10 9 11 26 12 13 22 -15 -14 -17 -16 -19 -18 21 -21 -9 -13 -4 -7 -8 -26 -1 -30
right_child=1 5 24 -5 -6 25 7 8 -10 -11 -12 23 15 14 17 16 19 18 -20 20 -22 -23 -24 -25 27 -27 -28 -29 29 -31
leaf_value=-0.029859710525101946 -0.22755658138223681 1.1626278893756534 -4.8002070060358166 1.6826223817427945 -3.0878409893003211 -2.8598171213430761 -1.2355508308183289 -1.3463411685920166 7.2669999671491956 3.2947752181328269 13.841876482196312 -0.015485712942700049 5.3194032875286217 0.25609338144279264 6.6731808975614744 -1.1458058400863138 0.59769329252396808 -2.378226629077858 11.067458474798219 0.36380199721311329 2.5531631548224598 -4.0499579970780815 0.020480017187696833 -1.2952619721165322 -1.3668051645485777 0.93717214742821398 5.6184734842939408 3.8578626103562783 -6.3819160743691103 0.57046504275008381
leaf_weight=4082 2748 322 201 57 122 40 43 44 42 55 69 1510 75 848 298 379 288 54 52 58 40 70 430 277 142 56 70 47 54 48
leaf_count=4082 2748 322 201 57 122 40 43 44 42 55 69 1510 75 848 298 379 288 54 52 58 40 70 430 277 142 56 70 47 54 48
internal_value=-0.000162415 -0.00261483 -0.00405194 -0.00276194 0.000821401 0.00835322 0.00104647 0.00278546 0.00207919 0.00176379 0.0202186 0.00141275 0.00371634 0.00625362 0.0094174 -0.00109769 -0.00316986 0.0192593 0.00280374 0.00306346 -0.00769231 -0.0162791 -0.00210526 -0.00198546 -0.0132992 -0.00721649 0.00921053 -0.00447368 -0.000908005 -0.0165049
internal_weight=12621 3613 3195 2805 9008 418 8886 4702 4520 4478 182 4423 2636 1726 1252 910 835 404 106 456 168 128 474 1787 390 96 113 189 4184 102
internal_count=12621 3613 3195 2805 9008 418 8886 4702 4520 4478 182 4423 2636 1726 1252 910 835 404 106 456 168 128 474 1787 390 96 113 189 4184 102
is_linear=0
shrinkage=0.05


Tree=185
num_leaves=31
num_cat=0
split_feature=14 15 8 13 8 11 12 13 13 15 7 15 14 12 8 6 7 13 7 0 15 14 15 11 8 6 12 14 13 14
split_gain=9.02725 21.8197 33.6528 23.9569 16.0776 12.3338 11.9615 11.1698 14.2899 10.2962 9.5275 9.18228 13.601 10.4658 10.4287 18.4705 13.3625 18.7019 17.7483 28.1023 22.3892 21.4082 21.0949 15.4038 14.424 13.5987 15.1199 13.0154 12.4348 11.8312
threshold=5017.5000000000009 4909.5000000000009 1.5000000000000002 -0.74586550181710298 5.5000000000000009 -0.9497838742125716 0.41203339881415796 0.99924179677339053 0.99731940924863693 4488.5000000000009 3.5000000000000004 5691.5000000000009 6953.5000000000009 -0.48971288843577082 4.5000000000000009 190.32188841201719 19.500000000000004 -0.98801846520836312 12.500000000000002 13.837124463519315 7100.5000000000009 6276.5000000000009 7126.5000000000009 0.96177147954086928 3.5000000000000004 421.83476394849788 -0.21022365857738434 7132.0000000000009 0.36447543099728863 5847.5000000000009
decision_type=10 8 2 2 2 2 2 2 2 8 2 8 10 2 2 2 2 2 2 2 10 10 8 2 2 2 2 10 2 10
left_child=1 3 -3 6 5 -5 -1 8 11 10 -6 12 13 -2 16 29 18 -18 24 20 -20 22 -21 -22 -13 27 -27 -23 -29 -16
right_child=7 2 -4 4 9 -7 -8 -9 -10 -11 -12 14 -14 -15 15 -17 17 -19 19 21 23 25 -24 -25 -26 26 -28 28 -30 -31
leaf_value=-0.53960081438240193 -0.14269572420730584 -0.089205762480150955 -1.8365253465094611 2.9626493183682672 0.55289278532234221 0.41650887751370647 0.68070250016871803 -1.9272721499433829 3.8552502552909576 -0.89684578325327502 -0.4120168950767038 -0.34970229066711911 5.962215254049898 0.29477053227042233 -2.9807857258359491 -2.0565641756979405 -2.6417756279086007 -0.2296815554562727 9.8999079917594841 1.4684085431262248 3.4350208458147793 0.97834152895688931 -1.0735625492031431 -1.1424148192062604 0.39154755274930725 -2.6850791352339685 -0.17097788709425005 -1.3621456508753682 0.75669744806111794 0.068206119223441428
leaf_weight=408 833 703 328 45 80 782 73 119 84 98 124 1698 63 1927 45 383 57 1146 73 464 255 464 103 112 487 110 350 288 174 769
leaf_count=408 833 703 328 45 80 782 73 119 84 98 124 1698 63 1927 45 383 57 1146 73 464 255 464 103 112 487 110 350 288 174 769
internal_value=-0.000106753 -0.00270628 -0.00838178 0.000931099 0.0049115 0.00851449 -0.00840249 0.00057971 0.000763706 -0.0049505 0.00146341 0.000586615 0.00299221 0.00246288 -0.000386875 -0.00463272 0.000492909 -0.00419435 0.00172527 0.00469925 0.0160998 0.00212385 0.0102993 0.0110054 -0.00153248 -0.00122567 -0.00824295 0.00226537 -0.00367171 -0.000368098
internal_weight=12645 2641 1031 1610 1129 827 481 10004 9885 302 204 9801 2823 2760 6978 1197 5781 1203 4578 2393 440 1953 567 367 2185 1386 460 926 462 814
internal_count=12645 2641 1031 1610 1129 827 481 10004 9885 302 204 9801 2823 2760 6978 1197 5781 1203 4578 2393 440 1953 567 367 2185 1386 460 926 462 814
is_linear=0
shrinkage=0.05


Tree=186
num_leaves=31
num_cat=0
split_feature=6 2 11 13 10 10 11 8 11 3 6 7 7 7 3 6 13 8 0 6 13 10 8 11 6 10 0 10 14 6
split_gain=11.9605 20.6071 14.0262 15.3487 12.821 12.1342 27.062 11.0285 9.95669 8.19296 12.7071 8.17927 10.301 21.7926 22.2768 20.058 15.7224 15.6106 15.4632 19.397 16.3284 14.9606 14.863 12.7746 12.686 12.1517 21.8169 13.4857 11.4708 10.4037
threshold=444.87553648068678 2.3206008583690996 -0.46039597980994923 -0.40613878790836594 0.77244481603295057 0.88621069759564464 0.31595530242620651 3.5000000000000004 -0.031174269516803289 0.75193133047210303 575.25107296137344 22.500000000000004 10.500000000000002 15.500000000000002 6.6658798283261813 78.004291845493569 -0.65234411079832233 3.5000000000000004 19.12317596566524 146.94420600858373 0.097680735332368748 -0.24372957273992746 5.5000000000000009 -0.79904327102181261 219.12446351931331 -0.15101209918632377 15.202789699570816 -0.022576249993022688 6700.5000000000009 241.26824034334766
decision_type=2 2 2 2 2 2 2 2 2 2 2 2 2 2 2 2 2 2 2 2 2 2 2 2 2 2 2 2 10 2
left_child=1 11 3 -2 -5 -4 7 9 -9 10 -7 12 18 15 17 -14 -17 24 19 -1 29 -21 -19 -22 25 26 -15 -27 -26 -20
right_child=2 -3 5 4 -6 6 -8 8 -10 -11 -12 -13 13 14 -16 16 -18 22 20 21 23 -23 -24 -25 28 27 -28 -29 -30 -31
leaf_value=-0.073956591278238198 3.1680083085825119 0.64623510285705388 -1.0456856887558388 -0.0028865843898984167 -2.5018973027647919 -2.0905878980639048 5.4312786081020024 -0.87061501567391142 -5.0895487630665457 5.1085850113693141 0.56729998577088736 -0.60832533555444579 11.424347382776729 2.5626644239200687 4.6985065968850224 7.7667809595071056 0.70652636688482751 -0.86208657610943651 0.88590974947292134 -2.6162672741779947 0.010355240914350361 -1.3678385472617038 0.33993638262934384 -1.6134327673426698 0.033271525969075809 -6.8024588043361751 0.26075031512250463 0.14671759235225182 -2.6811669574208739 -0.33779890665250606
leaf_weight=4003 103 577 638 1095 45 48 41 125 86 43 169 504 68 177 114 138 779 778 403 118 355 266 398 48 100 47 517 703 76 101
leaf_count=4003 103 577 638 1095 45 48 41 125 86 43 169 504 68 177 114 138 779 778 403 118 355 266 398 48 100 47 517 703 76 101
internal_value=-0.000138187 0.000603641 -0.0033208 0.000361736 -0.00131464 -0.007298 -0.00155945 -0.00497881 -0.0134434 0.00191571 -0.00206422 5.67361e-05 0.000397171 0.00234856 0.000171762 0.00877282 0.00680828 -0.000715052 -0.00103872 -0.00226755 0.00490088 -0.012987 -0.00509771 -0.00259901 0.00246761 0.00401384 0.00877698 -0.000399467 -0.0101695 0.0108911
internal_weight=12663 10270 2393 1243 1140 1150 512 471 211 260 217 9693 9189 3895 2910 985 917 2796 5294 4387 907 384 1176 403 1620 1444 694 750 176 504
internal_count=12663 10270 2393 1243 1140 1150 512 471 211 260 217 9693 9189 3895 2910 985 917 2796 5294 4387 907 384 1176 403 1620 1444 694 750 176 504
is_linear=0
shrinkage=0.05


Tree=187
num_leaves=31
num_cat=0
split_feature=15 7 14 15 10 13 12 8 1 12 7 8 8 12 13 1 12 3 14 1 14 15 14 13 1 14 6 8 12 10
split_gain=7.54796 25.2588 15.9215 15.0574 16.5313 16.7619 21.6459 16.5112 17.544 14.1349 13.0354 11.8375 16.632 15.4336 14.4133 11.8679 11.6427 10.5783 17.8282 10.0874 10.0109 12.4209 10.4969 12.879 10.2255 9.76376 10.6336 9.74097 16.3536 9.62257
threshold=6949.5000000000009 7.5000000000000009 6921.5000000000009 7204.5000000000009 0.3744682635859638 0.95111414672704442 -0.19337636264337835 3.5000000000000004 11.259026287553649 0.31596169403973995 18.500000000000004 5.5000000000000009 4.5000000000000009 0.27074174196563189 0.47370525521770246 24.28397711015737 0.34841060557183762 4.9828326180257516 7087.5000000000009 11.799213161659514 6750.5000000000009 6451.5000000000009 6551.5000000000009 0.89975755788027889 23.223243025751074 6788.5000000000009 219.12446351931331 1.5000000000000002 0.46230456327903491 0.75014288946266361
decision_type=8 2 10 8 2 2 2 2 2 2 2 2 2 2 2 2 2 2 10 2 10 10 10 2 2 10 2 2 2 2
left_child=2 -2 20 10 5 7 -7 8 -5 -9 -3 12 13 -4 -14 -15 -16 18 27 29 22 -22 24 -24 -1 -23 -27 -6 -29 -20
right_child=1 3 11 4 17 6 -8 9 -10 -11 -12 -13 14 15 16 -17 -18 -19 19 -21 21 25 23 -25 -26 26 -28 28 -30 -31
leaf_value=-0.055903893893855638 -7.480939935311631 -0.381526766451384 1.0638163409870913 5.9984900281724549 -0.53459004529959209 -19.394381155975907 0.63007150502885456 -0.88373532665393673 0.93893595170375199 1.6698506017633692 -2.2149014386251111 9.0819621918597022 0.65681879313974612 8.4793435998146833 -0.77595461211831207 0.43785734755442718 -4.0176872554833158 0.37941576675575561 -3.0270258760519031 -1.083816117457991 0.64435804189104151 -2.130682552571534 0.62569327630501448 -1.8445337152254524 0.21582510795237797 0.046858946588372419 -2.2954353957765536 -1.0852797913694532 6.3184102714615165 -8.2106291110430458
leaf_weight=6772 50 426 254 107 129 69 168 120 543 110 175 61 229 88 101 45 47 239 82 419 162 62 578 63 1177 107 78 40 54 50
leaf_count=6772 50 426 254 107 129 69 168 120 543 110 175 61 229 88 101 45 47 239 82 419 162 62 578 63 1177 107 78 40 54 50
internal_value=-9.12264e-05 -0.00239037 0.000559796 -0.00173865 0.000234632 0.00442755 -0.00735294 0.00760499 0.0116743 -0.0038961 -0.00872093 0.00720339 0.0054902 0.0127577 -0.00198413 0.0264925 -0.014094 -0.00438856 -0.00722581 -0.0120471 -5e-05 -0.00768293 0.000314282 0.00646417 -0.00018239 -0.0147177 -0.00887097 0.0046875 0.0168421 -0.0240602
internal_weight=12605 2781 9824 2731 2130 1117 237 880 650 230 601 825 764 387 377 133 148 1013 774 551 8999 409 8590 641 7949 247 185 223 94 132
internal_count=12605 2781 9824 2731 2130 1117 237 880 650 230 601 825 764 387 377 133 148 1013 774 551 8999 409 8590 641 7949 247 185 223 94 132
is_linear=0
shrinkage=0.05


Tree=188
num_leaves=31
num_cat=0
split_feature=6 1 14 8 14 2 14 15 14 7 0 15 7 14 6 6 10 11 1 7 11 3 8 8 15 15 15 10 7 6
split_gain=10.7496 14.113 12.1104 10.8271 9.13989 9.08799 8.71814 8.25093 17.3076 12.1075 13.3196 12.4393 13.0851 13.4184 18.3788 15.2597 25.3196 18.7135 15.6039 14.3903 13.11 12.5198 12.4083 12.215 12.7464 11.8705 10.7328 18.7543 15.8237 15.3207
threshold=826.87553648068672 23.372223712446356 6161.5000000000009 4.5000000000000009 5768.5000000000009 11.680472103004293 4102.5000000000009 5719.5000000000009 7171.5000000000009 9.5000000000000018 16.69484978540773 6395.5000000000009 21.500000000000004 7197.5000000000009 52.512875536480699 142.63948497854076 0.55656748448714433 0.029024409397335523 11.383597103004293 15.500000000000002 0.87291090774974645 2.1984978540772553 4.5000000000000009 3.5000000000000004 8178.5000000000009 6521.5000000000009 6873.5000000000009 -0.94139628442229062 21.500000000000004 484.44635193133053
decision_type=2 2 8 2 10 2 10 8 10 2 2 10 2 10 2 2 2 2 2 2 2 2 2 2 10 10 10 2 2 2
left_child=5 2 3 4 -2 6 -1 8 -8 -9 11 -11 13 15 23 17 20 -13 -18 -16 -17 -20 26 24 -15 -24 27 -12 29 -29
right_child=1 -3 -4 -5 -6 -7 7 9 -10 10 22 12 -14 14 19 16 18 -19 21 -21 -22 -23 25 -25 -26 -27 -28 28 -30 -31
leaf_value=-3.0844622644234505 -0.7215389893849079 0.076246171868933746 -2.2751773004285498 -4.593430600534794 0.28285350766689138 2.6982407701550528 0.088331004119618237 -0.47403902207429383 6.0934741602929989 1.2779184784568771 -0.56207481813657978 -0.87445722150514493 -0.700869132115713 2.4742651977312109 -0.10288193488008801 -3.4556191070661502 -2.7874757859342938 5.788392952766845 4.3190777026754406 -2.7463721343840235 -0.11361343410858354 18.581545479429771 -0.56353891155399649 -0.1791219295202609 0.35980569827961517 -3.2343639218150884 -0.71423311185792504 1.4728752099039413 -1.2399925091386876 -0.0039369438634366816
leaf_weight=66 83 237 81 85 108 47 4915 1449 43 496 435 69 318 171 387 82 46 235 107 208 154 49 304 324 267 40 598 555 102 548
leaf_count=66 83 237 81 85 108 47 4915 1449 43 496 435 69 318 171 387 82 46 235 107 208 154 49 304 324 267 40 598 555 102 548
internal_value=-0.000162569 -0.00672269 -0.0129888 -0.00794224 -0.00130208 0.000162284 7.51943e-05 0.000176426 0.00173422 -0.000935925 0.000136463 0.00245367 0.000971878 0.00240476 -0.000552283 0.00780619 0.00182232 0.0163934 0.0147783 -0.00713087 -0.0092827 0.022293 -0.00247774 0.00458716 0.0100228 -0.0113043 -0.00111657 0.000975015 0.0041874 0.00593297
internal_weight=12609 594 357 276 191 12015 11968 11902 4958 6944 5495 2913 2417 2099 1357 742 438 304 202 595 236 156 2582 762 438 344 2238 1640 1205 1103
internal_count=12609 594 357 276 191 12015 11968 11902 4958 6944 5495 2913 2417 2099 1357 742 438 304 202 595 236 156 2582 762 438 344 2238 1640 1205 1103
is_linear=0
shrinkage=0.05


Tree=189
num_leaves=31
num_cat=0
split_feature=6 7 8 2 8 7 15 3 7 6 11 6 10 11 11 11 10 1 0 7 8 8 10 10 8 0 1 10 0 6
split_gain=10.0011 9.92245 15.6163 14.8059 13.8597 13.531 15.6954 14.5768 15.6381 19.4568 19.1928 15.4115 16.5443 15.3718 18.7639 20.9571 14.5739 13.1242 12.881 13.7387 22.4233 21.5183 17.0313 18.8338 15.5132 14.3479 13.3997 12.4499 12.4467 12.3472
threshold=734.17596566523605 20.500000000000004 5.5000000000000009 1.6450643776824025 3.5000000000000004 10.500000000000002 4644.5000000000009 4.2143776824034349 14.500000000000002 357.87339055794001 0.41202506375868281 566.36695278969967 -0.89406062840022227 0.95178258287705175 0.92519182738459482 0.83730377313544024 0.94704596667653973 11.757908619456368 17.610300429184552 3.5000000000000004 1.0000000180025095e-35 1.5000000000000002 0.022575936829235418 0.19337368024598436 1.0000000180025095e-35 9.8819742489270403 9.6616371602289011 -0.15101209918632377 11.34678111587983 125.2618025751073
decision_type=2 2 2 2 2 2 10 2 2 2 2 2 2 2 2 2 2 2 2 2 2 2 2 2 2 2 2 2 2 2
left_child=1 5 3 4 -3 18 -7 8 9 -8 11 -11 -13 14 15 17 -14 -9 19 20 -1 -22 27 28 -25 26 -23 29 -24 -21
right_child=-2 2 -4 -5 -6 6 7 13 -10 10 -12 12 16 -15 -16 -17 -18 -19 -20 22 21 25 23 24 -26 -27 -28 -29 -30 -31
leaf_value=-1.6880123435335463 -0.41120829997828423 -0.189512289893014 1.1511053669935565 1.0549769444410231 -1.3054426136699022 6.0911917178013031 4.4754643541287349 1.3814313179371085 -0.047164728887992169 6.6605232973589183 -0.96683755698113605 -0.85812869228377631 5.7036085218541075 0.0083015401939064756 10.066794165659623 -1.1723355048307895 -0.26995533593408255 6.0978833962087498 0.17086033553759991 -0.35782553057051703 1.6249495624949077 -0.72555728990307677 7.1915812981888623 1.5676147071347715 -0.44082752282386084 -0.12429637550612825 1.2432940960214638 -4.1911809854812416 0.28121016684399364 -2.4985169300754024
leaf_weight=202 964 804 226 113 399 52 365 106 2471 134 421 122 72 215 64 67 74 78 1975 726 216 42 52 185 1138 818 154 123 69 92
leaf_count=202 964 804 226 113 399 52 365 106 2471 134 421 122 72 215 64 67 74 78 1975 726 216 42 52 185 1138 818 154 123 69 92
internal_value=1.99362e-05 0.000427609 -0.00330525 -0.00539104 -0.00701827 0.00100159 0.0031471 0.0028043 0.00168033 0.00639193 0.00212379 0.00992556 0.00297398 0.0105461 0.0175633 0.0113095 0.0142857 0.02 -0.000569653 -0.00226558 0.00160502 0.00414297 -0.00458927 -0.00117647 -0.00290785 0.00108374 0.013198 -0.00981953 0.017623 -0.00757021
internal_weight=12539 11575 1542 1316 1203 10033 4241 4189 3659 1188 823 402 268 530 315 251 146 184 5792 3817 1432 1230 2385 1444 1323 1014 196 941 121 818
internal_count=12539 11575 1542 1316 1203 10033 4241 4189 3659 1188 823 402 268 530 315 251 146 184 5792 3817 1432 1230 2385 1444 1323 1014 196 941 121 818
is_linear=0
shrinkage=0.05


Tree=190
num_leaves=31
num_cat=0
split_feature=14 8 11 0 1 13 13 1 8 1 11 8 1 11 11 14 11 14 6 15 1 11 0 14 8 11 15 6 11 14
split_gain=7.5131 15.9684 17.313 19.7802 9.48703 8.8963 21.9896 22.6564 21.4052 14.2795 24.9789 20.1862 19.0283 16.3554 16.6989 14.5853 18.882 13.663 12.7657 15.5845 12.3186 15.045 11.5572 14.4694 10.6988 17.5382 10.5932 10.2842 9.00136 8.77884
threshold=8226.5000000000018 3.5000000000000004 0.88117331841669433 12.587768240343349 12.128822424892705 -0.82413948779581736 -0.85227283847737434 11.383597103004293 4.5000000000000009 15.54339234620887 -0.013976481981245173 1.0000000180025095e-35 21.734911480686698 0.14888728888808328 0.097680735332368748 5050.5000000000009 -0.039769286347669845 6020.5000000000009 1.328326180257511 5761.5000000000009 19.793012339055796 -0.10837475778693638 19.420815450643779 7231.5000000000009 2.5000000000000004 -0.16799793862756093 5562.5000000000009 13.180257510729616 -0.056951011027366626 5603.5000000000009
decision_type=8 2 2 2 2 2 2 2 2 2 2 2 2 2 2 10 2 10 2 10 2 2 2 10 2 2 10 2 2 10
left_child=5 2 3 -2 -4 6 7 -1 -8 11 12 27 15 14 18 28 20 -16 19 -12 21 24 23 -13 -17 -26 -22 -9 -11 -10
right_child=1 -3 4 -5 -6 -7 8 9 29 10 13 22 -14 -15 17 16 -18 -19 -20 -21 26 -23 -24 -25 25 -27 -28 -29 -30 -31
leaf_value=-2.8677185821165949 0.44491411352564686 -2.0002720970417616 4.2762961177116265 -2.9547657395625722 -0.36940589569458099 0.052216219867614204 -3.4867200138431373 0.19571031186756047 0.95169346392688114 -2.1084253900672594 0.013634349950098113 0.63131281624259827 0.1991513645186842 -0.30666080050104938 2.4485233118597538 -2.0071359260047301 -2.2024356038049517 1.0411467907673342 0.94337189975108238 -4.4670838512716271 0.097896597601175028 4.2595002032401226 -2.9119529709730161 -2.0241519658037759 -2.3264837083549539 2.9595031160391048 -1.2949992911595247 10.492224382346421 -0.1527510103582472 -2.1721186162204051
leaf_weight=57 48 227 124 96 60 9315 118 47 44 155 123 483 226 276 79 65 68 86 175 51 50 73 49 79 48 53 98 63 52 77
leaf_count=57 48 227 124 96 60 9315 118 47 44 155 123 483 226 276 79 65 68 86 175 51 50 73 49 79 48 53 98 63 52 77
internal_value=-0.000163139 -0.00584532 0.00121581 -0.0117241 0.0113514 9.99084e-05 -0.00242953 -0.0010175 -0.016875 -0.000270833 -0.00279929 0.00560942 -0.00854893 0.00366625 0.00893204 -0.0128205 -0.00778509 0.021988 0.00271429 -0.00685714 -0.00347938 0.00354167 0.00204248 0.00408526 -0.00479042 0.00539216 -0.0147651 0.0252252 -0.0237981 -0.00204918
internal_weight=12565 555 328 144 184 12010 2695 2456 239 2399 1678 721 888 790 514 662 455 165 349 174 387 239 611 562 166 101 148 110 207 121
internal_count=12565 555 328 144 184 12010 2695 2456 239 2399 1678 721 888 790 514 662 455 165 349 174 387 239 611 562 166 101 148 110 207 121
is_linear=0
shrinkage=0.05


Tree=191
num_leaves=31
num_cat=0
split_feature=15 14 15 8 8 8 7 14 1 0 7 1 11 15 7 7 15 6 0 11 11 11 6 11 7 7 15 6 15 10
split_gain=7.33343 9.89136 19.0768 39.0126 14.4701 14.7524 19.7033 14.8103 14.6668 14.2844 10.9818 11.1248 11.5385 10.574 10.203 9.01222 8.99666 8.7921 8.39231 8.36897 11.1874 8.30306 7.29916 10.4449 13.563 14.2426 16.4782 11.7406 11.1467 13.1205
threshold=4440.5000000000009 5017.5000000000009 4909.5000000000009 1.5000000000000002 5.5000000000000009 1.0000000180025095e-35 4.5000000000000009 4530.5000000000009 13.341894670958515 14.31952789699571 1.5000000000000002 16.709790772532191 -0.40613878790836594 4772.5000000000009 5.5000000000000009 1.0000000180025095e-35 5057.5000000000009 10.293991416309014 17.268454935622319 0.99981043035926087 0.99932962452255414 -0.81925291736142503 202.912017167382 -0.73284120334876357 14.500000000000002 10.500000000000002 6493.5000000000009 367.96566523605156 5593.5000000000009 0.43733377705052551
decision_type=8 10 8 2 2 2 2 10 2 2 2 2 2 10 2 2 8 2 2 2 2 2 2 2 2 2 10 2 10 2
left_child=-1 2 4 15 5 6 7 -2 -7 -10 -11 -12 13 21 -6 -4 -5 -16 -14 20 22 -13 -3 -24 25 26 -25 -27 -29 -30
right_child=1 19 3 16 14 8 -8 -9 9 10 11 12 18 -15 17 -17 -18 -19 -20 -21 -22 -23 23 24 -26 27 -28 28 29 -31
leaf_value=0.44279943333617666 -2.1707871662504887 0.082579025016048038 1.6960343220961704 -0.7448780107169114 -0.88806173440575553 2.0697255949986357 2.9101411407856403 -0.088951960801568933 -0.29350903033287068 1.1619012737533467 1.419955506377528 2.1813334139236304 -0.58791303593598065 -0.62326099553033609 1.7970260337571291 -0.18714995747779994 -4.2120159461743469 -2.3098029394911008 0.020072381451450384 -2.7917871924397333 3.8513990537800056 0.22476964488500928 0.11023921832174893 -0.12101851983043162 -0.8289042375316058 3.3332202441156826 -2.9210121445743882 1.0061490262941335 -0.81571322745794539 0.48466515160348539
leaf_weight=461 96 6049 44 151 92 55 50 82 135 120 43 44 78 51 40 674 194 41 138 70 58 99 994 314 944 311 155 231 507 408
leaf_count=461 96 6049 44 151 92 55 50 82 135 120 43 44 78 51 40 674 194 41 138 70 58 99 994 314 944 311 155 231 507 408
internal_value=-0.000231736 -0.000464586 -0.00347846 -0.00831767 0.000944206 0.00327621 -0.00786026 -0.0156425 0.00660995 0.00465444 0.00810105 0.00451542 0.00194647 0.0107692 -0.0123563 -0.00166898 -0.0221098 0.000609756 -0.00599078 0.000204143 0.000325913 0.0177083 0.000196692 -0.00150065 -0.0030303 -0.00062273 -0.00819149 0.00181756 -0.000523104 -0.00300218
internal_weight=12729 12268 2227 1063 1164 991 228 178 763 708 573 453 410 194 173 718 345 81 216 10041 9971 143 9913 3864 2870 1926 469 1457 1146 915
internal_count=12729 12268 2227 1063 1164 991 228 178 763 708 573 453 410 194 173 718 345 81 216 10041 9971 143 9913 3864 2870 1926 469 1457 1146 915
is_linear=0
shrinkage=0.05


Tree=192
num_leaves=31
num_cat=0
split_feature=6 15 2 7 2 13 11 11 0 11 12 12 8 0 14 15 6 15 11 7 11 0 11 0 15 8 13 13 11 15
split_gain=8.36986 11.1613 8.91099 12.0485 12.0583 11.6665 11.1207 19.8154 20.538 17.6038 9.62959 14.1827 11.7633 12.8031 12.8273 10.8878 10.762 23.7403 25.9221 21.0129 15.1124 14.4958 12.4967 16.3083 16.6877 16.6978 11.5791 17.8173 11.3713 11.2266
threshold=923.74463519313315 5761.5000000000009 2.3206008583690996 17.500000000000004 7.9997854077253239 1.0000000180025095e-35 -0.013976481981245173 -0.039769286347669845 11.34678111587983 -0.20180761162458913 0.85223490906209554 0.75011860976965206 1.0000000180025095e-35 19.300000000000001 4777.5000000000009 4896.5000000000009 22.628755364806867 6845.5000000000009 -0.21022037796396451 4.5000000000000009 -0.10837475778693638 17.200000000000003 -0.93237865822738086 18.652575107296141 6451.5000000000009 5.5000000000000009 0.90438663683299525 0.81800285027139297 -0.60555643346685839 5773.5000000000009
decision_type=2 10 2 2 2 2 2 2 2 2 2 2 2 2 10 10 2 8 2 2 2 2 2 2 10 2 2 2 2 10
left_child=2 -2 6 -4 5 -5 7 8 9 -1 11 16 -12 15 -15 -14 17 18 26 -20 22 -22 -18 24 25 28 27 -10 -24 -30
right_child=1 -3 3 4 -6 -7 -8 -9 10 -11 12 -13 13 14 -16 -17 20 -19 19 -21 21 -23 23 -25 -26 -27 -28 -29 29 -31
leaf_value=-0.3789262392709134 -2.2579366068304583 -0.016009788052133444 0.067032149570559349 1.6136185506317362 3.5491136584947074 0.27300916631236305 0.052576937452477074 -1.8727429505755937 0.038759680725183904 4.8805218465744025 -1.4533034579062587 1.0930910954548381 -0.10667700049066298 1.0118761288063751 -0.32207067263284445 -2.2262996331962315 1.3100764054569027 -3.3700823522877728 -1.4907818546195359 -0.20021059091964163 9.2983270875786275 1.0536823658411778 -0.39890882036124825 -1.2876603197120859 -1.6529871318222378 -2.2105912795056155 -1.1722092146565957 2.126387427665327 9.5432350993550248 1.0490817756628985
leaf_weight=41 74 131 1358 73 55 230 6920 99 882 43 83 187 88 64 299 81 192 105 136 181 41 86 59 418 126 57 161 64 78 121
leaf_count=41 74 131 1358 73 55 230 6920 99 882 43 83 187 88 64 299 81 192 105 136 181 41 86 59 418 126 57 161 64 78 121
internal_value=4.38806e-05 -0.00995146 0.000210885 0.00355271 0.0116992 0.00773026 -0.000329784 -0.00254536 -0.00193378 0.0223529 -0.00252137 -0.00131261 -0.00819805 -0.0054409 -0.000137363 -0.0167647 -0.00223412 -0.005 -0.00329825 -0.0158805 0.00135708 0.0175781 -0.000617871 -0.00319767 0.00350679 0.0096519 0.000315884 0.00242872 0.0150579 0.02075
internal_weight=12533 205 12328 1716 358 303 10612 3692 3593 84 3509 2894 615 532 363 169 2707 1529 1424 317 1178 127 1051 859 441 315 1107 946 258 199
internal_count=12533 205 12328 1716 358 303 10612 3692 3593 84 3509 2894 615 532 363 169 2707 1529 1424 317 1178 127 1051 859 441 315 1107 946 258 199
is_linear=0
shrinkage=0.05


Tree=193
num_leaves=31
num_cat=0
split_feature=15 14 1 7 14 12 14 6 11 1 12 7 7 10 11 10 1 10 12 10 11 10 14 10 10 1 11 6 3 1
split_gain=7.53193 17.9576 14.2451 11.64 33.8965 10.8089 8.47524 14.8282 16.8052 10.6332 9.88492 12.0968 17.2564 25.0364 12.7602 16.8085 11.2777 9.65635 8.59168 8.42482 22.3606 18.9313 15.3166 12.2714 10.4019 16.4903 12.7831 16.5424 18.81 10.8155
threshold=5926.5000000000009 7444.5000000000009 8.8918946709585143 6.5000000000000009 5380.5000000000009 0.69056404122701587 6512.5000000000009 664.5686695278971 0.41202506375868281 15.173403969957084 -0.78326178756187226 3.5000000000000004 10.500000000000002 -0.78326540922535159 -0.53495380374625956 0.70290292807158605 19.183029327610878 -0.66528616069191593 -0.95753797188986722 0.89017062131308955 0.33222858587828868 0.81428061195174062 7493.5000000000009 0.79383249484937135 0.96234642434711437 11.720489091559372 0.080547328232315238 4.1716738197424901 1.6160944206008596 13.341894670958515
decision_type=8 10 2 2 10 2 10 2 2 2 2 2 2 2 2 2 2 2 2 2 2 2 10 2 2 2 2 2 2 2
left_child=1 6 -2 4 -4 -6 10 8 -8 -10 11 16 13 -13 15 -14 -1 -15 -19 21 24 23 -22 -5 -21 -26 27 -27 -29 -28
right_child=2 -3 3 19 5 -7 7 -9 9 -11 -12 12 14 17 -16 -17 -18 18 -20 20 22 -23 -24 -25 25 26 29 28 -30 -31
leaf_value=0.5098875777973717 4.9970527690826207 9.7811536724978865 -9.9108450444783571 -0.12040598698090435 -1.6798626959885041 1.1916271543371295 2.9961320691389575 -0.77989440249775732 1.466865641056029 -1.1915219771722831 -0.035481856317960594 -2.5789480284484854 0.54671258838295678 0.61522486699486767 2.5451140894809896 -0.86212331271046883 1.1254127191022008 -0.71111637520220938 0.44014068009778384 -1.9293432844293876 6.0564530857184993 -2.1836661908961106 -0.18112798917309192 2.3794353411198017 -1.9233606719085401 -1.7585692011500216 -0.75466078944136827 -0.48076093367437811 7.3582060536704832 2.6845714155340374
leaf_weight=333 52 49 49 5015 52 68 149 69 75 54 4366 75 112 73 194 90 54 101 146 245 118 261 65 52 41 91 50 198 95 173
leaf_count=333 52 49 49 5015 52 68 149 69 75 54 4366 75 112 73 194 90 54 101 146 245 118 261 65 52 41 91 50 198 95 173
internal_value=-0.000131307 0.00116142 -0.00129037 -0.00149833 -0.0144118 0 0.000908011 0.00847701 0.0136201 0.000384615 0.000432822 0.00449534 0.00094697 -0.00643939 0.00831234 -0.000492611 0.0117268 -0.000311526 -0.00504032 -0.00115535 0.00287837 -0.00197035 0.01875 -0.00129242 -0.000391499 0.00292758 0.00501645 -0.000519481 0.00527211 0.0145089
internal_weight=12565 5940 6625 6573 169 120 5891 347 278 129 5544 1178 791 395 396 202 387 320 247 6404 1076 5328 183 5067 893 648 607 384 293 223
internal_count=12565 5940 6625 6573 169 120 5891 347 278 129 5544 1178 791 395 396 202 387 320 247 6404 1076 5328 183 5067 893 648 607 384 293 223
is_linear=0
shrinkage=0.05


Tree=194
num_leaves=31
num_cat=0
split_feature=14 1 15 8 1 10 15 8 14 1 1 3 10 1 15 4 12 8 15 4 12 8 10 12 12 10 10 10 14 6
split_gain=7.78694 16.1152 12.6468 16.9135 11.0475 9.9278 7.87436 7.33578 13.4235 11.282 12.0361 11.1629 10.6595 12.0642 18.2706 16.8541 13.0754 12.3148 23.4639 13.6278 13.9271 12.0105 13.9819 11.921 17.381 11.7031 11.5392 11.3815 10.8277 10.7958
threshold=4462.5000000000009 13.760501609442061 4531.5000000000009 5.5000000000000009 15.114359799713878 0.94704596667653973 4177.5000000000009 1.5000000000000002 4719.5000000000009 9.6616371602289011 10.847456187410589 7.8107296137339066 -0.99467753128998015 12.258632868383406 6735.5000000000009 12.674604514726736 0.49253244405029933 1.0000000180025095e-35 5272.5000000000009 2.3745753283353888 0.52217737485370563 1.0000000180025095e-35 -0.2270106897347694 -0.98803388382128665 -0.61237701952678392 -0.58482361983252518 -0.13398594226331254 0.91939013254733981 6496.5000000000009 31.980686695278973
decision_type=10 2 8 2 2 2 10 2 10 2 2 2 2 2 8 2 2 2 10 2 2 2 2 2 2 2 2 2 10 2
left_child=1 -1 3 -2 -3 6 -6 9 -9 -4 11 -11 -12 16 15 17 21 19 -19 20 -15 26 -23 -16 25 -25 -14 -18 -20 -27
right_child=2 4 7 -5 5 -7 -8 8 -10 10 12 -13 13 14 23 -17 27 18 28 -21 -22 22 -24 24 -26 29 -28 -29 -30 -31
leaf_value=-3.8284253338468264 2.1347307077296138 1.2919272906447306 4.2161092426071267 0.12677415383350307 -2.8054944483931652 -3.7579922926795009 -0.060350572291713436 -0.64091765937823775 -0.04455034854647693 -1.6666165237790438 1.384503652128342 1.1918117121926117 -0.8365434792222004 -0.042034835262597881 -3.1454131775485168 4.2882371724983841 1.8808271557868466 1.4327939256700575 -0.10137902549167849 1.5963287267967645 -1.40357384149429 2.144617245178233 -2.6939612620463325 5.0637591830329258 -0.80831048909549286 2.439158460997942 3.9349422630379651 9.0282611018144063 1.6146179141347829 -1.5406781999014811
leaf_weight=43 134 44 73 311 45 49 356 235 8206 176 88 51 56 412 53 41 142 195 497 106 184 44 84 75 587 44 60 61 102 48
leaf_count=43 134 44 73 311 45 49 356 235 8206 176 88 51 56 412 53 41 142 195 497 106 184 44 84 75 587 44 60 61 102 48
internal_value=-0.000341189 -0.00622677 -7.87336e-05 0.00818386 -0.00363636 -0.0059867 -0.00335821 -0.000395835 -0.00116679 0.00165094 0.00119086 -0.00986842 0.00206597 0.00152221 8.52878e-05 0.00328349 0.00904018 0.00240481 0.00666667 -0.00241821 -0.00536013 0.00122449 -0.00930233 -0.00600248 -0.00437086 0.00982143 0.0128205 0.0183824 0.00175 -0.00215054
internal_weight=12602 537 12065 445 494 450 401 11620 8441 3179 3106 227 2879 2791 2344 1537 447 1496 794 702 596 244 128 807 754 167 116 203 599 92
internal_count=12602 537 12065 445 494 450 401 11620 8441 3179 3106 227 2879 2791 2344 1537 447 1496 794 702 596 244 128 807 754 167 116 203 599 92
is_linear=0
shrinkage=0.05


Tree=195
num_leaves=31
num_cat=0
split_feature=15 7 13 13 13 15 8 10 12 10 13 1 0 13 14 1 8 1 6 15 14 1 3 10 15 8 7 10 13 1
split_gain=9.23894 22.2486 13.3774 21.0715 17.4614 16.8466 12.7801 19.8939 16.1861 21.2264 12.2129 21.1536 20.5159 11.1076 10.0887 9.85351 12.4643 8.78603 8.02902 13.4353 9.78889 8.41448 7.92158 7.36185 7.23565 6.88198 17.272 13.501 15.2129 15.5229
threshold=6735.5000000000009 6.5000000000000009 0.71953727073011831 0.63089349388778826 0.80800279670863706 7126.5000000000009 1.0000000180025095e-35 -0.099819732675876835 -0.19337636264337835 -0.13398594226331254 0.56192200557241578 12.679090665236052 14.655579399141633 0.78725816212489719 7464.5000000000009 9.5557761087267554 4.5000000000000009 13.607466022889843 228.96995708154509 7632.5000000000009 7029.5000000000009 12.165683118741059 8.9184549356223197 0.99939377080793557 5914.5000000000009 5.5000000000000009 19.500000000000004 -0.99275805973510278 -0.87810534180523914 15.90297299713877
decision_type=8 2 2 2 2 8 2 2 2 2 2 2 2 2 8 2 2 2 2 8 10 2 2 2 10 2 2 2 2 2
left_child=14 -2 3 10 5 -4 7 -6 9 -8 23 -12 -13 17 15 16 -1 -7 20 -20 -10 -22 25 -3 -16 -17 27 -27 29 -29
right_child=1 2 4 -5 6 13 8 -9 18 -11 11 12 -14 -15 24 22 -18 -19 19 -21 21 -23 -24 -25 -26 26 -28 28 -30 -31
leaf_value=-2.5636268510157154 -6.5317064731361825 -0.31985959579842532 -0.4244670308462446 -2.6016512701956573 5.1199678858948579 3.5419065586542731 -0.37699782424592743 -0.75134989262287499 4.3770568799845027 -24.809826140134511 9.0581030123032189 -3.2977735571039606 2.023827525763636 8.456290545254296 9.9609609889962716 0.073191048903140654 0.32008466557545034 -0.19006260211497195 0.12105773176645017 -2.0738837235515577 1.3246391786615277 -1.1683053304212991 1.1026124771009564 -2.5762674915036317 1.6789658220123329 1.5321505519866152 1.4878674109866097 -0.19412275724575923 -0.32133341696098799 -3.084978118718368
leaf_weight=68 43 2128 50 134 61 70 174 79 77 63 59 48 49 44 42 7142 53 54 108 66 149 82 66 43 151 63 234 101 1104 98
leaf_count=68 43 2128 50 134 61 70 174 79 77 63 59 48 49 44 42 7142 53 54 108 66 149 82 66 43 151 63 234 101 1104 98
internal_value=-1.18073e-05 -0.0021636 -0.00172365 -0.00375711 0.00292208 0.0155251 -0.000290698 0.0134752 -0.00298611 -0.0136555 -0.00264175 0.010828 -0.00357143 0.0230769 0.000833059 0.000587906 -0.0135246 0.0152 0.00227743 -0.00628571 0.00711974 0.00193966 0.00078329 -0.00361418 0.0121134 0.00065195 -0.00231106 -0.00446233 -0.00555982 -0.01825
internal_weight=12703 3581 3538 2461 1077 218 859 140 719 237 2327 156 97 168 9122 8929 121 124 482 174 308 231 8808 2171 193 8742 1600 1366 1303 199
internal_count=12703 3581 3538 2461 1077 218 859 140 719 237 2327 156 97 168 9122 8929 121 124 482 174 308 231 8808 2171 193 8742 1600 1366 1303 199
is_linear=0
shrinkage=0.05


Tree=196
num_leaves=31
num_cat=0
split_feature=7 10 3 11 7 7 12 14 3 10 11 11 10 10 14 2 14 14 2 11 1 11 10 11 10 2 14 2 10 11
split_gain=8.69907 10.2359 8.23006 18.068 15.4142 18.53 16.3629 13.6595 9.16175 8.70971 8.10316 22.3419 14.6401 12.4532 11.6007 10.1208 16.4912 15.3076 8.51367 7.9202 16.5638 11.7447 27.5314 10.8925 16.8133 11.9583 11.1652 10.3333 9.01065 8.5258
threshold=22.500000000000004 -0.84315017450793706 5.4045064377682408 0.080547328232315238 1.5000000000000002 13.500000000000002 0.73430383941986921 5229.5000000000009 7.0755364806866954 -0.16799356919963607 -0.9497838742125716 -0.94426098523567992 0.24372619187392155 0.19337368024598436 7214.5000000000009 0.20128755364806852 5331.5000000000009 6610.5000000000009 4.6394849785407724 -0.93237865822738086 21.266170422031475 -0.90531874877253482 0.35846314187849709 -0.80926783187727869 -0.44504625642270151 1.0000000180025095e-35 5950.5000000000009 4.8424892703862659 -0.50556189049999822 -0.76696334127844745
decision_type=2 2 2 2 2 2 2 10 2 2 2 2 2 2 8 2 10 10 2 2 2 2 2 2 2 2 10 2 2 2
left_child=2 -2 10 -4 -5 6 7 -6 9 -7 12 -12 13 14 15 -1 -17 -18 -19 20 -13 22 -21 24 25 -23 27 -27 -28 -25
right_child=1 -3 3 4 5 8 -8 -9 -10 -11 11 19 -14 -15 -16 16 17 18 -20 21 -22 23 -24 29 -26 26 28 -29 -30 -31
leaf_value=-0.19790736537106568 0.62605805988700924 -0.82536150971768629 2.6217033816486719 1.3885539082993319 0.026213717641167023 3.1602134359015737 0.49696721857810644 -1.1121770810141471 4.6258215183533595 0.10467038030110416 -3.192111348618937 3.7273869299385751 3.5835308377535515 -3.4353499017287961 -1.8902283446117054 2.8995163031539506 -0.15182013061944419 0.42604040433368484 2.4670313483705515 0.015064966514046318 -0.24981354892051968 -1.0115186876475037 -4.6207212229694505 -0.71273445106298827 1.1621058187604376 0.11132434192049914 0.15702563203781211 4.801618927038362 -0.72348393985287207 -0.054424386628943472
leaf_weight=219 107 397 78 198 297 46 318 416 72 220 57 53 74 55 56 74 186 62 60 136 59 67 73 222 237 74 104 42 70 8353
leaf_count=219 107 397 78 198 297 46 318 416 72 220 57 53 74 55 56 74 186 62 60 136 59 67 73 222 237 74 104 42 70 8353
internal_value=-0.000304414 -0.00673267 -3.33918e-05 0.0032503 0.0020727 0.000182482 -0.00314922 -0.00735294 0.0103245 0.00599251 -0.000556416 -0.000958316 0.0043202 0.00210379 0.00402736 0.00606312 0.0109661 0.00582524 0.0195122 -0.00076915 0.0123894 -0.000927604 -0.012619 -0.00065976 0.00588235 -0.000977654 0.00343643 0.0153846 -0.00457143 -0.00111357
internal_weight=12482 504 11978 1645 1567 1369 1031 713 338 266 10333 9547 786 712 657 601 382 308 122 9490 112 9378 209 9169 594 357 290 116 174 8575
internal_count=12482 504 11978 1645 1567 1369 1031 713 338 266 10333 9547 786 712 657 601 382 308 122 9490 112 9378 209 9169 594 357 290 116 174 8575
is_linear=0
shrinkage=0.05


Tree=197
num_leaves=31
num_cat=0
split_feature=13 13 8 13 13 15 1 1 7 10 10 6 7 10 13 1 8 10 14 13 15 7 1 15 14 15 8 6 13 1
split_gain=6.31879 16.6645 17.9063 16.1842 16.0682 14.6541 12.6487 18.2898 14.3352 13.2287 14.4852 12.5601 21.2161 23.3349 13.5013 13.0199 12.6369 11.4869 31.4835 11.1747 10.3705 12.3373 12.9381 10.6959 15.5026 15.3335 11.7786 12.9025 10.6839 11.443
threshold=-0.82413948779581736 -0.85227283847737434 4.5000000000000009 -0.57078287476060374 -0.55656394595157355 5900.5000000000009 11.445708154506439 15.241496781115879 4.5000000000000009 0.97508442350096236 0.98049069993378934 310.79828326180262 18.500000000000004 0.9962888416657264 -0.99864786094873803 19.662477646638056 4.5000000000000009 0.93544191479114935 5525.5000000000009 -0.88622145408796527 4734.5000000000009 8.5000000000000018 8.8918946709585143 6370.5000000000009 5525.5000000000009 6315.5000000000009 4.5000000000000009 125.2618025751073 0.99924179677339053 11.886663984263235
decision_type=2 2 2 2 2 10 2 2 2 2 2 2 2 2 2 2 2 2 10 2 8 2 2 10 10 10 2 2 2 2
left_child=1 6 5 17 -5 -3 -1 9 -9 -8 -11 12 16 15 -13 -14 -10 -2 -19 -16 -6 -22 -23 25 -25 28 -26 -28 29 -24
right_child=3 2 -4 4 20 -7 7 8 11 10 -12 14 13 -15 19 -17 -18 18 -20 -21 21 22 23 24 26 -27 27 -29 -30 -31
leaf_value=-2.6821212572179096 0.57562318345949282 -0.31509083064242988 -0.023065529439736568 -4.6545600923111579 0.22987070839685658 -4.6362832338400493 -0.38836726606486993 -0.63003174032055542 1.2698004929956597 6.6899742332371268 0.59288583142017615 0.80245920503837176 0.71713627661506507 -7.408208352142811 -1.5014970792795794 -0.52334896440888767 -0.23326151021492481 -2.6478189376337924 1.0682460731497032 0.5241728107146173 -0.17324249748712647 4.3797263857592954 4.3575130884149536 1.9085742345968584 -0.033397383240981071 3.0646498317214994 -0.49924321017183504 -3.4514058146304252 -2.0434868893139084 0.14498817028982103
leaf_weight=60 1363 41 117 77 847 78 176 363 368 83 400 70 117 43 404 203 121 105 152 61 2317 51 145 120 2477 89 275 118 43 1726
leaf_count=60 1363 41 117 77 847 78 176 363 368 83 400 70 117 43 404 203 121 105 152 61 2317 51 145 120 2477 89 275 118 43 1726
internal_value=0.000459916 -0.00168145 -0.014346 0.00104482 0.000150857 -0.0279167 -0.000465587 0.000103734 -0.00256996 0.00719697 0.0114669 -0.000252161 0.003517 -0.00563187 -0.00625 -0.000934579 0.0103061 0.00561382 -0.00406977 -0.00933476 0.000365453 -0.000237707 0.00114965 0.000891069 -0.00100301 0.00371756 -0.00174155 -0.00977157 0.00276762 0.00333868
internal_weight=12610 2705 236 9905 8285 119 2469 2409 1750 659 483 1387 852 363 535 320 489 1620 257 465 8208 7361 5044 4993 2990 2003 2870 393 1914 1871
internal_count=12610 2705 236 9905 8285 119 2469 2409 1750 659 483 1387 852 363 535 320 489 1620 257 465 8208 7361 5044 4993 2990 2003 2870 393 1914 1871
is_linear=0
shrinkage=0.05


Tree=198
num_leaves=31
num_cat=0
split_feature=0 6 15 8 15 13 12 12 7 8 15 7 3 14 13 6 1 6 1 15 14 6 12 1 7 1 7 15 8 6
split_gain=8.61343 8.45885 8.26853 11.4149 8.10119 9.69687 11.1002 9.74816 7.85259 11.5354 10.9726 21.7757 20.3825 17.5978 22.0435 23.7767 18.9015 17.4018 17.2445 16.5653 16.1679 21.6 14.6174 15.106 14.6821 11.8223 11.7901 17.7471 16.5407 19.8009
threshold=34.144849785407736 929.41630901287556 5761.5000000000009 2.5000000000000004 4507.5000000000009 -0.70748025990135355 -0.39727776132405557 -0.20075075429075132 9.5000000000000018 5.5000000000000009 5914.5000000000009 20.500000000000004 0.72188841201716791 7051.5000000000009 -0.10837475778693638 99.160944206008594 12.444518955650933 1.0000000180025095e-35 12.165683118741059 6933.5000000000009 6151.5000000000009 611.4463519313307 0.17011757999667351 18.124003040057229 16.500000000000004 23.613863555078684 12.500000000000002 5223.5000000000009 1.0000000180025095e-35 469.70171673819749
decision_type=2 2 10 2 8 2 2 2 2 2 10 2 2 10 2 2 2 2 2 10 8 2 2 2 2 2 2 10 2 2
left_child=1 4 -3 -4 5 6 -1 -8 9 -6 20 12 18 14 -14 -16 -17 -15 -12 -19 26 22 23 24 -22 -23 27 -10 -28 -30
right_child=-2 2 3 -5 8 -7 7 -9 10 -11 11 -13 13 17 15 16 -18 19 -20 -21 21 25 -24 -25 -26 -27 28 -29 29 -31
leaf_value=-1.823708338016286 2.4643894882422503 -2.553169442374474 -1.2125090184071725 0.89450754417994183 -0.049589269874468302 0.5786114096018764 3.1567941670250779 -0.35300836000933489 3.9030305258812863 -0.83708762428946104 -3.9281630501375733 -0.61781441948805882 8.199978043466718 2.0997441203611289 5.4932125430676484 1.1893829091935004 -3.1959574364749188 1.4934990068358731 -0.085539132991698352 -0.83427874358567355 -0.78520657909089098 -1.2710129793271792 3.9449577283859529 2.7414061811788546 2.1852011395989392 1.5793690626631816 1.7616164593353234 -0.04908169113246004 0.042403219209700187 -2.4612609820650735
leaf_weight=48 51 68 53 45 4221 420 44 79 111 441 46 891 224 346 93 178 87 191 2493 736 113 106 142 96 52 45 118 156 645 242
leaf_count=48 51 68 53 45 4221 420 44 79 111 441 46 891 224 346 93 178 87 191 2493 736 113 106 142 96 52 45 118 156 645 242
internal_value=-0.000115244 -0.000199505 -0.0113772 -0.0020202 -4.85241e-05 0.00565878 -0.00436047 0.00362903 -0.000335485 -0.00193009 0.000710067 -0.000444571 0.00100114 0.00498384 0.0121784 0.00445682 -0.00319549 0.0016876 -0.00190945 -0.00188578 0.00405036 0.0111712 0.017203 0.0101145 0.000903614 -0.00493421 0.000942655 0.0102612 -0.00154076 -0.00388514
internal_weight=12581 12530 166 98 12364 591 171 123 11773 4662 7111 5285 4394 1855 582 358 265 1273 2539 927 1826 554 403 261 165 151 1272 267 1005 887
internal_count=12581 12530 166 98 12364 591 171 123 11773 4662 7111 5285 4394 1855 582 358 265 1273 2539 927 1826 554 403 261 165 151 1272 267 1005 887
is_linear=0
shrinkage=0.05


Tree=199
num_leaves=31
num_cat=0
split_feature=7 15 11 15 6 10 2 1 10 13 6 13 1 10 10 1 11 1 7 13 10 3 13 1 6 0 10 0 11 7
split_gain=11.7593 12.3686 15.893 9.96438 9.72116 8.75449 7.74 13.6275 8.83657 18.536 15.8835 13.584 17.8656 17.7821 22.3322 11.8197 15.7035 13.5234 11.1725 10.7257 14.343 10.5603 10.4481 10.1171 18.6136 15.9015 14.3462 10.9513 10.8575 10.1759
threshold=22.500000000000004 5296.5000000000009 0.04621408538533487 6370.5000000000009 692.59656652360525 -0.89406062840022227 0.1793991416309009 19.562687768240345 0.022575936829235418 0.96851671873169776 484.44635193133053 0.91852788691372023 12.857054721030044 0.29342972903661901 0.34235194516023087 9.2920153791130211 0.99681593486783593 10.946199928469243 10.500000000000002 0.85561368268953431 0.24372619187392155 2.6326180257510736 0.97650658860526895 15.645913805436338 175.73605150214593 17.610300429184552 -0.69057362043749781 13.548712446351933 -0.57782411410281842 9.5000000000000018
decision_type=2 8 2 10 2 2 2 2 2 2 2 2 2 2 2 2 2 2 2 2 2 2 2 2 2 2 2 2 2 2
left_child=4 -2 -3 -4 6 -6 8 -8 9 10 23 13 -13 19 -15 -11 22 -18 -19 -10 -21 -14 -17 24 27 28 -26 29 -25 -1
right_child=1 2 3 -5 5 -7 7 -9 11 15 -12 12 21 14 -16 16 17 18 -20 20 -22 -23 -24 25 26 -27 -28 -29 -30 -31
leaf_value=-0.069173657493251994 0.24658076797468312 -2.6982116255043369 0.47375132729089275 -1.0065042229706707 -1.0307210188147564 -0.20841827736401231 -1.333690257821968 0.24920974184776698 -1.8376121135113408 1.4281674025031863 -5.0168151260283143 4.025510281639618 0.74575960919814865 3.6913469700726185 0.03739183195741589 -4.0570876687027981 -2.8732711172080601 -1.0171503908456543 1.9740127374324175 -1.1186493151988317 1.9428912174422295 -1.1301443122397359 -17.251567060753839 -3.1513559549726327 3.4231602018192007 0.022167448016875826 -1.5541156830759975 1.2850261481947429 -0.29153157258297141 2.041186895750525
leaf_weight=420 173 128 105 120 137 1036 196 1628 87 50 60 233 122 138 3870 40 118 41 42 114 41 70 76 51 49 1788 255 326 862 198
leaf_count=420 173 128 105 120 137 1036 196 1628 87 50 60 233 122 138 3870 40 118 41 42 114 41 70 76 51 49 1788 255 326 862 198
internal_value=-0.000469185 -0.00777989 -0.0131356 -0.0050885 -0.00014939 -0.00447189 0.000317212 0.00328767 -0.000281706 -0.00189628 -0.000910224 0.00122968 0.00974178 0.000376382 0.00117236 -0.0126359 -0.016195 -0.00767327 0.0077381 -0.0127572 -0.00480769 -0.0015544 -0.0307692 -0.000518987 0.00320256 -0.00223908 -0.00754098 0.00666667 -0.00760394 0.00274637
internal_weight=12574 526 353 225 12048 1173 10875 1824 9051 4376 4009 4675 425 4250 4008 367 317 201 83 242 155 192 116 3949 1248 2701 304 944 913 618
internal_count=12574 526 353 225 12048 1173 10875 1824 9051 4376 4009 4675 425 4250 4008 367 317 201 83 242 155 192 116 3949 1248 2701 304 944 913 618
is_linear=0
shrinkage=0.05


Tree=200
num_leaves=31
num_cat=0
split_feature=7 8 8 3 11 8 6 7 0 10 13 11 7 13 10 10 11 7 11 6 10 14 7 11 10 7 7 14 6 7
split_gain=7.29915 19.0018 11.0475 13.6049 7.5743 7.49363 14.5651 27.4017 19.6779 15.7957 14.5038 24.9499 11.9825 10.2532 10.9538 13.7651 11.5604 13.6409 12.3826 10.6434 9.88945 9.65306 9.23139 9.3621 9.13339 9.08345 17.2861 18.0731 18.5281 13.5198
threshold=1.0000000180025095e-35 1.0000000180025095e-35 1.5000000000000002 4.9828326180257516 0.82777578779003613 4.5000000000000009 1.0000000180025095e-35 7.5000000000000009 11.243991416309015 0.99761913169647187 -0.65721521735223198 0.29958852271690523 12.500000000000002 -0.54760613975548533 0.84313847884979054 0.71503381463111937 0.85561368268953431 10.500000000000002 0.64414586362404946 357.87339055794001 0.61237135649459018 6700.5000000000009 14.500000000000002 0.95691861501572195 0.9550229469509578 19.500000000000004 12.500000000000002 6286.5000000000009 51.057939914163093 15.500000000000002
decision_type=2 2 2 2 2 2 2 2 2 2 2 2 2 2 2 2 2 2 2 2 2 10 2 2 2 2 2 10 2 2
left_child=1 -1 -3 -4 -5 25 8 -8 20 -10 11 12 -9 -12 15 16 18 -18 21 22 -7 -15 -19 -24 -22 26 -2 -28 -29 -30
right_child=5 2 3 4 -6 6 7 10 9 -11 13 -13 -14 14 -16 -17 17 19 -20 -21 24 -23 23 -25 -26 -27 27 28 29 -31
leaf_value=-1.3728956735174507 -0.044383625931754982 2.1979407858006654 0.04222227104164631 3.3601869219111906 1.0301993972590253 1.5908042098530588 -2.2528474651136547 1.186549932007938 -0.032424571402043516 -3.4444963842542169 -5.4985153309639827 6.1876913019338193 -0.87339237166509065 -0.19708348942072007 2.3861819092508996 -4.1778490611060084 -3.9681311378326884 2.3823974039328051 1.2702267101577718 -3.6095064283415468 -0.38000775095356404 -1.1823783329246453 -4.0850449000393843 0.32507830044414732 0.98131538748489222 -0.204936477470892 1.0834678451345554 1.6136245091403225 0.40964505886761349 -0.64021437774076739
leaf_weight=79 4530 75 282 40 44 211 124 196 1102 47 55 75 272 471 58 67 87 82 180 47 127 84 52 59 53 1497 821 440 634 773
leaf_count=79 4530 75 282 40 44 211 124 196 1102 47 55 75 272 471 58 67 87 82 180 47 127 84 52 59 53 1497 821 440 634 773
internal_value=-0.000228977 0.00556622 0.00961538 0.00599455 0.0235294 -0.000477563 -0.00244928 -0.00536649 0.00116807 -0.00213043 -0.0037794 0.00303309 -0.00127932 -0.00675784 -0.00576599 -0.00685841 -0.00545626 -0.0132622 -0.00197011 -0.00705394 0.0108418 -0.00566547 -0.00180412 -0.0111607 0.00220994 0.000304738 0.00104181 0.0042338 0.0014881 -0.00131392
internal_weight=12664 520 441 366 84 12144 3449 1909 1540 1149 1785 543 468 1242 1187 1129 1062 327 735 240 391 555 193 111 180 8695 7198 2668 1847 1407
internal_count=12664 520 441 366 84 12144 3449 1909 1540 1149 1785 543 468 1242 1187 1129 1062 327 735 240 391 555 193 111 180 8695 7198 2668 1847 1407
is_linear=0
shrinkage=0.05


Tree=201
num_leaves=31
num_cat=0
split_feature=14 1 6 12 11 12 6 13 4 1 1 11 0 13 0 11 12 7 13 6 7 7 11 1 0 13 12 0 11 7
split_gain=8.97038 13.2472 9.72603 8.46547 8.2339 17.5208 7.64657 16.3381 15.0697 13.6889 11.6661 19.2917 18.7367 18.7453 18.6636 23.1004 15.0503 14.5922 12.4533 12.511 11.9208 15.5371 15.48 10.3235 12.7283 10.0181 13.7571 18.1062 22.9685 12.7092
threshold=8161.0000000000009 11.259026287553649 15.203862660944205 0.66045618230038983 0.95436825032516992 0.69056404122701587 303.31759656652366 0.99897831515029056 1.0972315754572735 25.790347818311879 15.645913805436338 -0.25206183926700709 19.181974248927038 -0.091260510743598464 14.00793991416309 -0.082691941062253513 0.97872324816535838 15.500000000000002 -0.90892157495189674 157.94420600858373 11.500000000000002 4.5000000000000009 -0.26037106507032781 23.223243025751074 29.76008583690987 -0.79384213008979243 -0.33324245164869215 13.261373390557942 0.11478523713130605 3.5000000000000004
decision_type=10 2 2 2 2 2 2 2 2 2 2 2 2 2 2 2 2 2 2 2 2 2 2 2 2 2 2 2 2 2
left_child=6 4 -3 -4 5 -2 8 23 10 -10 11 -1 16 20 15 -13 25 -16 -19 -20 21 22 -14 24 -8 26 -12 -28 29 -29
right_child=1 2 3 -5 -6 -7 7 -9 9 -11 12 14 13 -15 17 -17 -18 18 19 -21 -22 -23 -24 -25 -26 -27 27 28 -30 -31
leaf_value=-1.3321998576608167 5.1472552368299151 -0.43614183989222965 -6.5071492752475253 -1.6132266720210511 -1.0470274961850465 -0.17395801982979719 -0.19178865355008839 -1.8682581169792003 1.8065145851904618 0.12360213116696742 -1.6009964356463797 1.8151450718784419 1.4710465376816046 -0.207552572762188 2.2195045845314554 0.042165830368321625 -3.8879438845704501 2.7414302709901452 0.54264882567538286 -2.0412219911617284 0.18256348943530157 2.2890138511833813 -0.1543550583483011 0.17380523869921946 -1.8574504835217114 -0.073802023221287524 3.3612978651778578 -1.4698443486836823 1.1992215280600704 -0.26446085782631601
leaf_weight=212 49 228 48 104 92 73 2632 42 118 140 190 114 53 773 376 2925 43 62 244 85 602 172 127 686 56 1827 67 134 62 307
leaf_count=212 49 228 48 104 92 73 2632 42 118 140 190 114 53 773 376 2925 43 62 244 85 602 172 127 686 56 1827 67 134 62 307
internal_value=-0.000225403 -0.00621849 -0.011811 -0.0215686 0.00372093 0.0121951 7.05394e-05 -0.00193152 0.000862868 0.0127413 0.000495463 0.00243842 -0.00129647 0.00274884 0.00325716 0.00149671 -0.00395287 0.0102214 0.00344388 -0.000454545 0.00743455 0.0147309 0.00441989 -0.00154074 -0.0029379 -0.00345827 -0.00827858 -0.00437828 -0.00763889 -0.0116516
internal_weight=12643 594 380 152 214 122 12049 3416 8633 258 8375 4018 4357 1727 3806 3039 2630 767 391 329 954 352 180 3374 2688 2587 760 570 503 441
internal_count=12643 594 380 152 214 122 12049 3416 8633 258 8375 4018 4357 1727 3806 3039 2630 767 391 329 954 352 180 3374 2688 2587 760 570 503 441
is_linear=0
shrinkage=0.05


Tree=202
num_leaves=31
num_cat=0
split_feature=6 2 10 1 14 8 14 10 10 7 14 10 13 1 3 6 12 3 7 12 8 13 3 13 7 6 1 10 7 8
split_gain=8.67377 8.70492 14.2766 9.76932 11.8315 10.272 24.3857 13.2178 19.9899 17.8624 12.7078 12.2193 13.0935 12.3146 19.3565 18.9945 14.7439 10.3706 9.70262 23.8641 28.397 17.8113 11.4778 11.0163 10.946 11.2494 9.36774 9.17617 9.09187 11.0702
threshold=892.60729613733918 0.1793991416309009 0.94704596667653973 14.831907188841202 8004.5000000000009 3.5000000000000004 7423.5000000000009 0.99552231814189451 0.98522604642031408 3.5000000000000004 7197.5000000000009 0.95242846126021108 -0.21022037796396451 16.525599070100146 1.0000000180025095e-35 199.65450643776828 -0.63920832810365535 1.8203862660944206 3.5000000000000004 -0.73866412149774419 1.0000000180025095e-35 -0.97507822412530132 1.003862660944207 -0.96235810494626717 20.500000000000004 296.36909871244637 21.114578862660945 0.96904697354198299 20.500000000000004 5.5000000000000009
decision_type=2 2 2 2 8 2 10 2 2 2 10 2 2 2 2 2 2 2 2 2 2 2 2 2 2 2 2 2 2 2
left_child=1 3 -3 28 5 6 10 8 9 -7 18 12 13 17 15 16 -15 -11 19 22 -21 24 -5 -23 25 -20 -14 -25 -1 -30
right_child=-2 2 -4 4 -6 7 -8 -9 -10 11 -12 -13 26 14 -16 -17 -18 -19 21 20 -22 23 -24 27 -26 -27 -28 -29 29 -31
leaf_value=0.10954063357175983 -0.58833410647941953 0.14560983127071267 -2.2499014755923783 1.3000460194173913 -2.8325297136357221 0.13367223757923058 2.1019869437177703 -3.025492574078362 5.494752643445441 2.3583907823677239 -1.5709111201461383 -3.2117900238438781 -1.5366919403572639 1.7543892563119243 -2.4478286655925787 -4.0036691095464905 -0.085293469235648456 -0.5224471743170398 3.0896046751884798 -2.432712498185174 -0.16610540095878151 -1.2938204578641035 -0.16187505413442979 -0.012827380458475091 -0.1256748156691174 -0.022830202757677401 -0.19373163718703382 2.7148321216294335 -0.63876738441017555 1.5810670858702225
leaf_weight=4277 304 2468 119 94 43 441 68 116 44 111 69 63 388 87 114 104 363 59 144 110 336 85 108 1577 49 46 150 62 529 88
leaf_count=4277 304 2468 119 94 43 441 68 116 44 111 69 63 388 87 114 104 363 59 144 110 336 85 108 1577 49 46 150 62 529 88
internal_value=-0.000523104 -0.000316738 0.00226043 -0.00100247 -0.00259727 -0.00235957 -0.000363769 -0.00504655 -0.00405195 -0.00483785 -0.00111899 -0.00753472 -0.00653595 -0.00262217 -0.00568012 -0.0018018 0.00266075 0.00935673 -0.00055513 -0.00585516 -0.0123043 0.00119654 0.00837438 -0.00057971 0.0139583 0.0193717 -0.012616 0.000335366 0.000572012 -0.00509709
internal_weight=12616 12312 2587 9725 4831 4788 2748 2040 1924 1880 2680 1439 1376 838 668 554 450 170 2611 648 446 1963 202 1724 239 190 538 1639 4894 617
internal_count=12616 12312 2587 9725 4831 4788 2748 2040 1924 1880 2680 1439 1376 838 668 554 450 170 2611 648 446 1963 202 1724 239 190 538 1639 4894 617
is_linear=0
shrinkage=0.05


Tree=203
num_leaves=31
num_cat=0
split_feature=7 8 7 15 6 14 12 7 8 14 12 1 1 14 7 5 5 11 12 7 14 14 12 13 14 12 1 1 1 1
split_gain=9.78034 17.293 9.70038 11.1689 16.0812 18.1898 19.7461 17.982 15.0327 19.9104 14.037 13.9328 18.5617 15.9182 13.88 19.5166 13.6384 15.9437 23.4316 13.6018 17.8284 14.7665 15.2356 13.248 16.6195 15.8661 12.7472 12.5162 13.2373 23.9231
threshold=1.0000000180025095e-35 1.0000000180025095e-35 9.5000000000000018 5926.5000000000009 611.4463519313307 6637.5000000000009 -0.86976336936302323 14.500000000000002 3.5000000000000004 8436.0000000000018 0.99758684199993486 12.768316344778254 14.635595493562233 7423.5000000000009 19.500000000000004 0.079080200408922635 0.0737534491333421 0.99138911339924218 0.033323506451456063 12.500000000000002 5252.5000000000009 6266.5000000000009 -0.074117039608866245 -0.9787668070481591 6161.5000000000009 -0.064463015794845938 19.323015021459231 25.918012339055796 22.224959763948501 19.723350321888415
decision_type=2 2 2 10 2 8 2 2 2 10 2 2 2 10 2 2 2 2 2 2 10 10 2 2 10 2 2 2 2 2
left_child=1 -1 -2 4 5 -4 -7 -6 10 23 11 16 -13 14 15 19 -5 -18 -19 20 -14 -21 -23 25 -25 -10 -24 28 29 -26
right_child=2 -3 3 8 7 6 -8 -9 9 -11 -12 12 13 -15 -16 -17 17 18 -20 21 -22 22 26 24 27 -27 -28 -29 -30 -31
leaf_value=-1.8999725004031689 -0.10455852000877713 0.9082407944295483 0.46464205498386946 -2.2745799634309152 0.12947690214764407 -0.71595738162382083 6.2567450479689803 -1.7105809518079695 0.12431843027886771 -2.2524153741523607 -2.3330136039432547 -0.88989532266787141 -4.5552654877759098 1.4375091138556855 -0.33657409892525725 8.5715454614437032 1.502861422943397 -3.6551794937515072 7.1515886119498422 0.97902914408484776 -0.11119043388212049 -1.1126725816971885 3.8659799455585246 1.8581941089460543 -0.12908099351511737 -3.8275289601845999 0.1589967326845681 -1.9648182542509858 0.48167177339551021 -1.653157952354559
leaf_weight=78 4768 457 1133 66 493 45 147 168 48 136 49 533 68 114 429 71 719 108 62 470 361 286 48 124 1052 76 274 61 108 138
leaf_count=78 4768 457 1133 66 493 45 147 168 48 136 49 533 68 114 429 71 719 108 62 470 361 286 48 124 1052 76 274 61 108 138
internal_value=-0.000173351 0.00643657 -0.000464791 0.000670005 0.00387519 0.00705128 0.0212435 -0.00249245 -0.000509071 -0.00432913 0.00131183 0.0016759 -0.000188324 0.00190858 0.000871514 0.0030399 0.00685146 0.00848315 -0.00526316 0.00182361 -0.00569767 0.00481928 -0.000328407 -0.00276741 -0.00144879 -0.0184 0.00712074 -0.00305147 -0.00200154 -0.00352645
internal_weight=12690 535 12155 7387 1986 1325 192 661 5401 1743 3658 3609 2654 2121 2007 1578 955 889 170 1507 429 1078 608 1607 1483 124 322 1359 1298 1190
internal_count=12690 535 12155 7387 1986 1325 192 661 5401 1743 3658 3609 2654 2121 2007 1578 955 889 170 1507 429 1078 608 1607 1483 124 322 1359 1298 1190
is_linear=0
shrinkage=0.05


Tree=204
num_leaves=31
num_cat=0
split_feature=15 14 14 15 6 14 12 3 14 12 13 11 12 6 11 6 14 10 6 11 15 6 14 3 14 12 0 10 10 10
split_gain=8.26499 11.9199 10.5918 11.9496 13.4153 18.7259 20.0185 12.4393 13.995 9.19718 11.2715 9.09508 8.94825 8.49115 16.1172 9.79341 13.7164 9.54959 9.47387 9.33093 9.00916 8.56134 7.54354 6.92385 6.76715 11.7197 12.6906 12.5746 8.35036 6.72885
threshold=6857.5000000000009 7656.5000000000009 4977.5000000000009 7381.5000000000009 70.484978540772545 7070.0000000000009 0.59004413292372648 6.3302575107296146 8060.0000000000009 0.71051919230648819 0.8842148469408333 0.80798785254895478 0.80033572242307993 1.328326180257511 0.04621408538533487 102.92918454935624 7214.5000000000009 -0.57078386445773377 19.93133047210301 0.67007489853957602 7043.0000000000009 44.190987124463526 7572.5000000000009 4.0980686695278985 4462.5000000000009 -0.66528308454101848 19.244420600858373 0.85226249403558707 -0.814291907305839 -0.11692013674435776
decision_type=8 10 8 8 2 10 2 2 8 2 2 2 2 2 2 2 10 2 2 2 10 2 10 2 10 2 2 2 2 2
left_child=1 24 -2 13 7 6 29 8 -5 10 -10 -3 -8 14 -4 16 18 19 -15 -17 -16 -18 -19 -12 25 27 28 -1 -27 -6
right_child=2 11 3 4 5 -7 12 -9 9 -11 23 -13 -14 15 20 17 21 22 -20 -21 -22 -23 -24 -25 -26 26 -28 -29 -30 -31
leaf_value=-0.10416627434296971 -5.1916782748974128 8.3624183989103127 -4.0686271828903049 1.0623441751433347 0.39537049662410484 -1.5641857716780352 6.6617602126774962 2.1220178862923604 1.1064351268425525 -2.2253435006265136 0.17013066292820442 0.60621259052002197 1.4659166014628227 -0.46356443897243482 0.1848982913838654 -0.98729888522352671 0.12894755182019255 -0.025689831095951379 2.231398818373191 -3.6672957891758418 -1.3900763336361708 -3.0925450823824576 -2.0664204296971778 -3.6109123139455734 0.024440465704810777 -0.17372036632236815 0.37088514630131614 1.8059456676111951 -2.4987924780210964 -4.656355823112972
leaf_weight=172 44 54 49 510 74 414 52 126 127 144 43 74 70 50 76 131 69 415 132 42 196 49 80 41 8906 97 90 42 127 99
leaf_count=172 44 54 49 510 74 414 52 126 127 144 43 74 70 50 76 131 69 415 132 42 196 49 80 41 8906 97 90 42 127 99
internal_value=-0.000313592 0.000407822 -0.00258734 -0.00222408 0.000529101 -0.00471831 0.00489865 0.00428427 0.00213626 -0.00547753 0.00117925 0.0155039 0.0203252 -0.00585271 -0.0128882 -0.00350877 0.00398671 -0.00687593 0.0125683 -0.016954 -0.00805861 -0.0092437 -0.00332661 -0.0129412 0.000201378 -0.00529301 -0.0114286 0.00372093 -0.0177778 -0.00603448
internal_weight=12595 9562 3033 2989 1700 709 295 991 865 355 211 128 122 1289 321 968 300 668 182 173 272 118 495 84 9434 528 314 214 224 173
internal_count=12595 9562 3033 2989 1700 709 295 991 865 355 211 128 122 1289 321 968 300 668 182 173 272 118 495 84 9434 528 314 214 224 173
is_linear=0
shrinkage=0.05


Tree=205
num_leaves=31
num_cat=0
split_feature=10 10 10 11 1 11 1 15 1 6 1 8 1 15 7 15 15 6 6 11 11 12 10 10 10 8 0 11 11 8
split_gain=6.82248 13.9395 15.1344 11.9864 11.3971 15.4506 15.5639 11.8261 10.9829 25.1614 14.9247 10.5643 9.85908 9.72183 12.1642 12.2689 23.4725 9.97457 16.767 11.6928 10.9261 13.4896 9.52522 9.3815 14.0076 8.62048 10.652 8.54857 8.54185 15.1779
threshold=0.93544191479114935 0.89017062131308955 0.88220160189607266 -0.26867065956352881 10.946199928469243 -0.38243420677835349 18.311346566523607 4772.5000000000009 16.227378397711018 4.1716738197424901 11.720489091559372 4.5000000000000009 16.838604256080117 4772.5000000000009 1.0000000180025095e-35 5160.5000000000009 5296.5000000000009 0.65021459227467815 193.56866952789701 -0.77788789561442695 0.6174544326165855 -0.27694476165744958 -0.70898476237405783 0.81428061195174062 0.83376496542330847 1.0000000180025095e-35 17.403648068669529 -0.59177783207548873 0.16587474750015932 1.5000000000000002
decision_type=2 2 2 2 2 2 2 10 2 2 2 2 2 8 2 10 10 2 2 2 2 2 2 2 2 2 2 2 2 2
left_child=1 2 13 -2 11 6 7 -6 10 -10 -5 -3 -11 17 -15 -16 -17 19 -19 -1 21 -21 25 -18 -25 -23 -27 -20 -12 -30
right_child=3 4 -4 8 5 -7 -8 -9 9 12 28 -13 -14 14 15 16 23 18 27 20 -22 22 -24 24 -26 26 -28 -29 29 -31
leaf_value=0.64105322139550935 -2.2760166318804296 0.47861399482599154 -3.1886153154274099 -1.5722509823523525 0.49034094166117942 2.3086361961377864 1.6524557236173452 -7.6870913461670858 -2.012334703753345 -1.0218169052475561 0.62256640298196553 -1.9499273885604909 1.9086690840649227 0.67599869883360952 -0.29770405404165107 0.80898534111065601 -0.033258900697182979 -1.8460448368451581 -1.1067773164264509 -0.35958947601448021 0.70106142637569069 -0.50123892099245493 -0.7086943585438803 -3.0420722116075014 -0.57611463889775227 -0.21253311032264721 0.69592340799263186 1.9435802500315731 -4.6064243722807987 0.038089222804183011
leaf_weight=188 185 55 74 135 41 253 60 60 130 68 645 47 93 362 1377 427 6622 66 49 286 279 66 42 89 213 63 215 48 63 271
leaf_count=188 185 55 74 135 41 253 60 60 130 68 645 47 93 362 1377 427 6622 66 49 286 279 66 42 89 213 63 215 48 63 271
internal_value=-0.000334049 0.00010926 -0.000286615 -0.00339409 0.00812379 0.0118072 -0.000308642 -0.0122549 -0.00181366 -0.0104452 0.00044843 -0.00679612 0.00277778 -0.000125084 -0.000703993 -0.00107687 -0.000265234 0.00391404 -0.00762195 0.00557018 0.00330882 -0.000148588 0.00594315 -0.000967509 -0.00957096 0.00869565 0.0125448 0.00561224 0.00260204 -0.0038806
internal_weight=12572 10982 10466 1590 516 414 161 101 1405 291 1114 102 161 10392 9090 8728 7351 1302 163 1139 951 672 386 6924 302 344 278 97 979 334
internal_count=12572 10982 10466 1590 516 414 161 101 1405 291 1114 102 161 10392 9090 8728 7351 1302 163 1139 951 672 386 6924 302 344 278 97 979 334
is_linear=0
shrinkage=0.05


Tree=206
num_leaves=31
num_cat=0
split_feature=2 1 8 15 6 14 6 15 8 10 2 12 12 10 13 15 14 11 13 12 14 1 10 8 11 11 2 1 10 1
split_gain=9.71195 12.0268 9.71457 18.4928 17.9822 11.4184 11.3389 9.8405 9.69107 10.5661 9.94159 9.62367 22.2905 14.0977 12.6071 12.25 18.9469 12.4301 12.102 9.29848 9.0965 8.93628 14.6664 14.1256 16.6243 17.5822 13.2815 10.2664 10.7057 8.71418
threshold=2.3206008583690996 14.954336552217454 3.5000000000000004 7022.5000000000009 502.97424892703867 7546.5000000000009 9.2403433476394863 4934.5000000000009 4.5000000000000009 -0.44504625642270151 3.5600858369098707 -0.064463015794845938 -0.35846811432664222 0.95242846126021108 -0.9787668070481591 5171.5000000000009 5408.5000000000009 0.41202506375868281 0.91423533665985768 -0.30061409409415352 4802.5000000000009 22.416724785407727 0.42179998225932674 2.5000000000000004 -0.9260227363677036 -0.96904977397942549 5.3950643776824032 25.289976752503581 -0.50556189049999822 25.675706366237481
decision_type=2 2 2 8 2 10 2 10 2 2 2 2 2 2 2 10 10 2 2 2 10 2 2 2 2 2 2 2 2 2
left_child=1 -1 5 4 11 -3 -5 -6 20 -10 -11 12 13 15 -14 16 -4 -17 -13 -16 -2 22 26 24 25 -23 -22 -25 -29 -26
right_child=8 2 3 6 7 -7 -8 -9 9 10 -12 18 14 -15 19 17 -18 -19 -20 -21 21 23 -24 27 29 -27 -28 28 -30 -31
leaf_value=0.060015676770626671 2.083446685954732 -0.050965506944567099 -0.14129218874697927 -5.6494282643702718 -0.068490596263200129 2.2728702307454571 -1.0557447561928939 -4.8706737510160112 0.17290859819374874 0.33880635630184774 -1.4056805452743448 -0.28281885133956169 0.021470696689402758 -1.4972256905311951 0.88112358149401193 1.2558993823003903 -4.1278059601174393 -0.61365374437475573 -2.3844161691765748 5.9542249118803738 0.036366545942837551 0.08921742554566664 0.66778330090839977 1.4078104951848447 0.38056428952959326 8.3177827737943968 -1.0020953193580227 3.6165604497104824 -0.20617596200986554 -1.1949219760325378
leaf_weight=5041 92 3146 420 59 52 44 66 136 288 57 183 773 87 65 76 234 81 270 72 47 257 102 86 192 153 47 123 54 81 172
leaf_count=5041 92 3146 420 59 52 44 66 136 288 57 183 773 87 65 76 234 81 270 72 47 257 102 86 192 153 47 123 54 81 172
internal_value=-0.000207056 -0.00079194 -0.00238053 -0.00475605 -0.00373812 -0.000564086 -0.0234127 -0.0185185 0.00309852 -0.0026465 -0.0103734 -0.00242239 0.000312256 -0.00261438 0.0151659 -0.00114314 -0.00667331 0.00435644 -0.00656028 0.0254032 0.00533088 0.00421924 -0.0012848 0.00741895 0.00189474 0.0156667 -0.00551181 0.0153963 0.00477941 -0.00444785
internal_weight=12556 10669 5628 2438 2313 3190 125 188 1887 528 240 2125 1280 1070 210 1005 501 504 845 123 1359 1267 466 801 474 149 380 327 135 325
internal_count=12556 10669 5628 2438 2313 3190 125 188 1887 528 240 2125 1280 1070 210 1005 501 504 845 123 1359 1267 466 801 474 149 380 327 135 325
is_linear=0
shrinkage=0.05


Tree=207
num_leaves=31
num_cat=0
split_feature=14 6 12 12 11 8 1 8 14 14 8 12 12 15 8 6 7 15 1 10 12 11 1 11 11 11 1 10 1 5
split_gain=7.99503 7.6573 8.39859 16.998 17.5228 15.5323 14.5031 14.2754 14.8377 12.9775 11.7997 11.5807 11.5003 14.3681 10.9073 12.4728 15.4694 18.4858 15.099 14.5302 13.3527 12.7201 11.1832 9.35947 13.7878 22.2838 26.8181 20.4191 14.0686 12.7266
threshold=4102.5000000000009 832.81759656652378 0.86440767487108461 0.88119114410046628 0.77108682076304769 3.5000000000000004 11.842636802575109 1.5000000000000002 6805.5000000000009 8329.5000000000018 2.5000000000000004 0.56192297990542495 0.52217737485370563 6873.5000000000009 4.5000000000000009 1.0000000180025095e-35 9.5000000000000018 6536.5000000000009 13.848077610872677 0.99761913169647187 0.24998082458982465 -0.91939278948206182 16.002226394849789 -0.57782411410281842 -0.013976481981245173 0.16587474750015932 12.7149678111588 -0.97509794945709805 19.323015021459231 2.6202974819945122
decision_type=10 2 2 2 2 2 2 2 10 10 2 2 2 10 2 2 2 10 2 2 2 2 2 2 2 2 2 2 2 2
left_child=-1 2 11 -4 9 7 -7 8 -6 -5 -9 12 14 -14 23 18 -17 -18 -16 20 21 -20 -23 -2 27 26 -26 28 -25 -29
right_child=1 -3 3 4 5 6 -8 10 -10 -11 -12 -13 13 -15 15 16 17 -19 19 -21 -22 22 -24 24 25 -27 -28 29 -30 -31
leaf_value=-3.3651243517381775 0.47820584135274657 -0.35099487197664986 -1.244314745934048 -0.19162120805203814 -0.88173904891441457 4.6975824846786054 0.54387648832944258 -5.9887282716794745 3.1869834717983623 -2.6502170230928872 0.10958384192351787 0.29283569108235952 -0.079367999048008647 -2.3353878253601352 0.98543230642503665 -1.743752698901085 -0.022018999155784515 -3.881387292305817 0.81570481155854402 -2.9655577951492207 -1.0913658979124647 0.88526408392606304 -0.28901491339452151 0.10811969754267921 -1.4823892316768252 0.036872129456560286 0.79588494625181738 -0.128263379841178 -0.89781899960935341 1.5871430391679497
leaf_weight=65 849 564 158 1623 55 67 107 42 46 68 42 1894 150 76 261 256 712 106 51 48 106 178 414 81 46 2787 580 798 272 59
leaf_count=65 849 564 158 1623 55 67 107 42 46 68 42 1894 150 76 261 256 712 106 51 48 106 178 414 81 46 2787 580 798 272 59
internal_value=-6.76644e-05 2.40058e-05 0.000293304 -0.00248981 -0.00126767 0.00875 0.0194286 -0.00134409 0.0112745 -0.00339835 -0.0164706 0.00092545 7.66186e-05 -0.0110132 0.000407627 -0.00262541 -0.0064186 -0.0030525 0.00122757 -0.00219298 -0.000466667 0.00225155 0.000168634 0.00158962 0.000702855 0.00232865 0.0108453 -0.00388109 -0.0139831 0.000291375
internal_weight=12561 12496 11932 2208 2050 359 174 185 101 1691 84 9724 7830 226 7604 2132 1074 818 1058 797 749 643 592 5472 4623 3413 626 1210 353 857
internal_count=12561 12496 11932 2208 2050 359 174 185 101 1691 84 9724 7830 226 7604 2132 1074 818 1058 797 749 643 592 5472 4623 3413 626 1210 353 857
is_linear=0
shrinkage=0.05


Tree=208
num_leaves=31
num_cat=0
split_feature=15 7 15 10 1 10 14 13 1 14 11 12 14 0 15 1 12 3 15 15 0 1 12 12 10 1 0 12 11 12
split_gain=7.92836 27.4825 14.9226 16.1216 12.616 22.5476 11.7875 15.9932 12.9744 11.6531 11.609 11.1492 15.5005 14.226 10.4509 11.3584 9.62948 11.7997 8.57209 7.76423 7.7245 7.18055 13.9863 11.8557 9.75691 10.6073 13.4146 13.2689 9.03806 7.37249
threshold=6917.5000000000009 6.5000000000000009 7408.5000000000009 -0.21861968191509915 9.5557761087267554 -0.082689790342551819 7323.5000000000009 -0.64743680879621224 9.5557761087267554 8161.0000000000009 0.95436825032516992 0.98091558679606194 6562.5000000000009 18.775107296137342 8744.5000000000018 11.987947067238915 -0.43733782138609528 3.5377682403433481 7767.5000000000009 7256.5000000000009 34.144849785407736 12.953192060085838 0.43152950955792641 0.94496830006774635 0.45273815774107123 11.799213161659514 11.98991416309013 0.99572776335819457 0.097680735332368748 0.92273069556937592
decision_type=8 2 8 2 2 2 10 2 2 10 2 2 10 2 10 2 2 2 10 10 2 2 2 2 2 2 2 2 2 2
left_child=6 -2 11 -4 -5 18 8 -8 10 21 -1 12 13 -3 -11 -16 19 -18 -6 -14 -10 24 28 -24 -7 26 -26 29 -23 -27
right_child=1 2 3 4 5 9 7 -9 20 14 -12 -13 16 -15 15 -17 17 -19 -20 -21 -22 22 23 -25 25 27 -28 -29 -30 -31
leaf_value=0.33852170490254141 -5.9989845452767669 3.6029514939025375 1.5104571190996468 3.8008836092620641 -2.5942873109553832 3.5133081542271385 6.5968284196663722 0.96361000900346883 0.030640798241802259 -1.3345774477341366 -1.764188619437141 -2.9539293831639046 -1.7921553579543343 -0.66427909629992432 3.3857600080770682 -0.74771035103135552 0.1600630294220082 -1.2946296539483229 -5.973695786286612 -0.61911765039321842 2.241659447605298 -0.030802729124616235 -3.0660264235347316 1.7938266014492001 0.67567593762632905 2.0898212559387956 -5.2309316809486752 -1.4654810035219272 5.6416841032860248 7.7639739417314786
leaf_weight=50 42 183 369 86 48 112 51 273 9221 259 82 89 225 95 42 74 340 181 74 83 43 53 147 57 58 80 72 45 45 48
leaf_count=50 42 183 369 86 48 112 51 273 9221 259 82 89 225 95 42 74 340 181 74 83 43 53 147 57 58 80 72 45 45 48
internal_value=0.000106905 -0.00218363 -0.00158758 0.00146707 -0.00115296 -0.00246914 0.0007921 0.0101538 0.000468235 -0.000182983 -0.0150376 -0.00584795 -0.00446751 0.00573477 -0.00731383 0.00512821 -0.00789157 -0.00373563 -0.0227642 -0.0148867 0.000690772 0.00355153 -0.00231023 -0.0097561 0.0078125 0.003125 -0.00763359 0.0112069 0.0131313 0.0193798
internal_weight=12627 2907 2865 1669 1300 1214 9720 324 9396 1092 132 1196 1107 278 375 116 829 521 122 308 9264 717 302 204 415 303 130 173 98 128
internal_count=12627 2907 2865 1669 1300 1214 9720 324 9396 1092 132 1196 1107 278 375 116 829 521 122 308 9264 717 302 204 415 303 130 173 98 128
is_linear=0
shrinkage=0.05


Tree=209
num_leaves=31
num_cat=0
split_feature=15 1 14 8 12 12 3 8 15 7 12 7 3 7 6 6 15 15 12 15 14 15 12 1 7 1 14 14 7 11
split_gain=10.1553 9.23108 7.71027 9.81955 12.89 8.29053 6.73499 6.42102 15.7657 13.4384 20.6099 14.2349 31.0075 28.197 31.3305 13.4114 18.9962 14.8102 13.5942 11.9513 17.431 18.0074 17.2394 22.1126 15.7828 11.8819 10.6641 15.6574 13.9515 10.0426
threshold=4551.5000000000009 23.47225053648069 4530.5000000000009 5.5000000000000009 -0.36547639117285574 0.24998082458982465 2.8577253218884135 4.5000000000000009 6598.5000000000009 2.5000000000000004 0.99971969515277614 10.500000000000002 4.6122317596566536 12.500000000000002 371.25751072961378 1.0000000180025095e-35 5577.5000000000009 4601.5000000000009 0.99865421017599998 5308.5000000000009 6562.5000000000009 5869.5000000000009 -0.33324245164869215 14.954336552217454 8.5000000000000018 9.2920153791130211 6431.5000000000009 5976.5000000000009 6.5000000000000009 -0.99168640063982161
decision_type=8 2 10 2 2 2 2 2 8 2 2 2 2 2 2 2 10 10 2 10 10 10 2 2 2 2 10 10 2 2
left_child=1 2 -1 6 -5 -6 -4 15 9 -9 11 19 13 -13 -15 17 26 -2 25 22 -21 -22 23 -11 -24 -18 27 28 -17 -27
right_child=7 -3 3 4 5 -7 -8 8 -10 10 -12 12 -14 14 -16 16 18 -19 -20 20 21 -23 24 -25 -26 29 -28 -29 -30 -31
leaf_value=-0.27287236172389839 -1.0332431183767767 0.94560332108135303 1.617209764891959 -0.36651195116608054 2.0577995277928949 0.069813193300774401 0.85604055686242198 0.78277161474818513 -1.7828776407281113 0.5473540744602815 2.5350267036577634 2.2185714776323495 5.8134392926647251 0.084343143041610349 -2.2480174722421453 0.14542087902918865 4.0084980665553758 -0.08017691103868857 -4.906284533614758 -2.346785740740029 0.7416893667088289 -4.9163989787758284 -0.12815828620462072 -2.2200410472109979 3.6008977291463453 1.6897040567730757 8.0603689732799921 -0.40054267072396216 15.447284632470861 0.055947543613956444
leaf_weight=220 103 89 75 130 52 64 64 314 426 50 44 248 97 732 444 50 50 3866 64 128 74 60 322 139 66 112 55 79 50 4287
leaf_count=220 103 89 75 130 52 64 64 314 426 50 44 248 97 732 444 50 50 3866 64 128 74 60 322 139 66 112 55 79 50 4287
internal_value=-0.000262843 0.00561151 0.00338284 0.00764249 0.00161943 0.0136752 0.0182143 -0.000607031 -0.00254372 -0.00114013 -0.00241164 -0.00304956 -0.000164258 -0.00203509 -0.00526763 9.17747e-05 0.001885 -0.0020529 0.00116305 -0.00827381 -0.0171103 -0.00444444 -0.00423875 -0.0165789 0.00179949 0.00149438 0.0157447 0.00972222 0.0227723 0.00121591
internal_weight=12554 694 605 385 246 116 139 11860 3144 2718 2404 2360 1521 1424 1176 8716 4747 3969 4513 839 262 134 577 189 388 4449 234 179 100 4399
internal_count=12554 694 605 385 246 116 139 11860 3144 2718 2404 2360 1521 1424 1176 8716 4747 3969 4513 839 262 134 577 189 388 4449 234 179 100 4399
is_linear=0
shrinkage=0.05


Tree=210
num_leaves=31
num_cat=0
split_feature=7 12 13 8 12 12 8 12 12 8 15 12 8 12 2 12 15 10 5 1 1 10 12 12 15 8 6 15 15 15
split_gain=10.2802 7.94909 12.5316 25.5603 12.3052 19.7493 19.7637 12.3276 12.0679 16.7126 24.112 24.557 15.6305 13.2848 14.1839 11.3481 12.1824 11.2048 13.3577 12.0695 13.8845 8.47621 8.3929 8.38048 20.0951 10.3395 12.438 17.4796 16.2831 14.9325
threshold=22.500000000000004 0.94704596667653973 0.24998039114150908 2.5000000000000004 0.82414472752956958 0.80417553764032002 1.5000000000000002 0.79380680106549595 0.56192297990542495 1.5000000000000002 6646.5000000000009 0.66527693225344786 1.0000000180025095e-35 0.61746692340271048 5.108154506437768 0.73865729060996166 7062.5000000000009 -0.50556189049999822 4.4996459043268446 26.380874463519312 22.324852467811162 0.39036257410962044 0.95752911693909493 0.52217737485370563 6873.5000000000009 4.5000000000000009 10.293991416309014 7381.5000000000009 5445.5000000000009 4723.5000000000009
decision_type=2 2 2 2 2 2 2 2 2 2 10 2 2 2 2 2 10 2 2 2 2 2 2 2 10 2 2 10 10 8
left_child=1 4 22 -4 5 7 -7 8 23 10 11 -10 -13 -11 15 21 -17 19 -19 20 -6 -15 -3 25 -25 26 27 29 -28 -1
right_child=-2 2 3 -5 17 6 -8 -9 9 13 -12 12 -14 14 -16 16 -18 18 -20 -21 -22 -23 -24 24 -26 -27 28 -29 -30 -31
leaf_value=0.29282399655510288 -0.50529762511682752 2.9285178286958402 -0.71227252684486764 2.1673286688414919 0.33204497660390192 -0.36357137153106578 4.3096046082053823 -1.4553458925970972 -1.1504525753888175 0.81268918960968228 6.0563749200726313 0.069200881969982225 5.9592900973234242 -0.027435958116302575 -0.91429964319304424 0.80202902565581558 -0.96235665569186046 -1.2054651527365423 0.51525799817795814 1.6395263629818828 -1.101497153344053 -0.89342677028034823 0.09030405223647904 0.089788291093600495 -3.1035233107648765 -0.24395627772614717 8.6323581934064801 0.74919865205229152 0.2226246544857986 -0.21307140320582221
leaf_weight=406 534 71 42 119 228 56 96 74 82 290 117 72 54 273 89 218 56 569 113 80 161 111 1165 149 69 2117 109 352 2603 2020
leaf_count=406 534 71 42 119 228 56 96 74 82 290 117 72 54 273 89 218 56 569 113 80 161 111 1165 149 69 2117 109 352 2603 2020
internal_value=5.20166e-05 0.000355292 0.00389843 0.0169753 -0.000113583 0.000483323 0.0183007 0.000188944 0.000353722 0.00469552 0.0145706 0.00430622 0.0181102 0.0015896 -0.0019385 0.00060698 0.00836364 -0.00499132 -0.0090776 0.000957447 -0.00269231 -0.00493506 0.0021827 -0.000402504 -0.0100457 -0.000124869 0.00101985 -0.00133141 0.00342794 -0.00284302
internal_weight=12495 11961 1397 161 10564 9413 152 9261 9187 1362 325 208 126 1037 747 658 274 1151 682 469 389 384 1236 7825 218 7607 5490 2778 2712 2426
internal_count=12495 11961 1397 161 10564 9413 152 9261 9187 1362 325 208 126 1037 747 658 274 1151 682 469 389 384 1236 7825 218 7607 5490 2778 2712 2426
is_linear=0
shrinkage=0.05


Tree=211
num_leaves=31
num_cat=0
split_feature=1 2 14 2 1 1 13 11 13 11 6 14 7 7 15 14 8 3 15 15 8 8 11 11 1 3 1 11 11 8
split_gain=7.7894 12.4152 10.7396 10.6636 10.1541 10.0923 8.73899 8.54165 9.04332 8.28896 8.18472 13.627 7.43036 16.5304 12.691 11.9147 12.1531 11.6937 10.5267 9.33352 19.3606 15.2381 13.5301 13.6281 22.9859 8.46 10.1793 12.1073 8.41476 21.0842
threshold=23.223243025751074 4.1094420600858355 4767.5000000000009 3.2781115879828318 25.790347818311879 26.01285765379113 0.90438663683299525 -0.64580103137750788 -0.88622145408796527 -0.90531874877253482 523.51931330472109 6648.5000000000009 20.500000000000004 17.500000000000004 5838.5000000000009 7197.5000000000009 5.5000000000000009 6.5480686695278987 8178.5000000000009 6933.5000000000009 4.5000000000000009 4.5000000000000009 0.79253265336324141 0.95691861501572195 13.181142703862662 6.0562231759656671 13.408699928469241 0.88117331841669433 0.99249573635719013 3.5000000000000004
decision_type=2 2 10 2 2 2 2 2 2 2 2 10 2 2 10 8 2 2 10 8 2 2 2 2 2 2 2 2 2 2
left_child=1 12 -3 -2 9 -6 7 -4 -9 10 -5 -12 13 15 -15 16 28 -16 -14 20 -17 22 -21 25 -25 26 27 -24 -1 -30
right_child=3 2 6 4 5 -7 -8 8 -10 -11 11 -13 18 14 17 19 -18 -19 -20 21 -22 -23 23 24 -26 -27 -28 -29 29 -31
leaf_value=0.069207180630928636 -0.076514879096430385 2.106085730268751 -1.9803791710183078 1.7492152957276632 -2.0350124422587443 0.25386529890802195 2.7371190997129364 -1.0534987416340755 -0.070745415197211517 1.0649586712505881 -1.2269618500033403 0.73078656881912141 -0.18088683970577224 3.1774814222497754 0.24087830849973671 6.4800489075423684 -0.45647028303465054 8.6651860104743275 -4.1128261978257799 -2.351707253655968 -0.68756204097644513 -8.3279506806894457 0.12515782657537786 -2.4822806220226994 1.6070723278356356 -0.93557700487635886 -1.8854475107194049 3.7295978692856808 -3.1097873660856523 1.7987229263059135
leaf_weight=5325 819 41 148 47 48 376 43 81 172 297 68 45 1299 62 1228 85 1083 50 54 214 210 57 89 127 44 50 57 87 220 106
leaf_count=5325 819 41 148 47 48 376 43 81 172 297 68 45 1299 62 1228 85 1083 50 54 214 210 57 89 127 44 50 57 87 220 106
internal_value=-0.000443283 -0.000932955 -0.00874486 0.00270429 0.00651927 0.000941176 -0.0110112 -0.0133085 -0.00767717 0.0116812 0.00248447 -0.00482456 -0.000569487 -5.49753e-05 0.00507084 -0.000941328 -0.000178174 0.00398749 -0.00402511 -0.00597453 0.00152027 -0.00902204 -0.00687593 -0.00197802 -0.0130814 0.00475352 0.00876068 0.0146893 0.000751946 -0.00703364
internal_weight=12632 10932 485 1700 881 424 444 401 253 457 160 113 10447 9094 1340 7754 6734 1278 1353 1020 295 725 668 454 171 283 233 176 5651 326
internal_count=12632 10932 485 1700 881 424 444 401 253 457 160 113 10447 9094 1340 7754 6734 1278 1353 1020 295 725 668 454 171 283 233 176 5651 326
is_linear=0
shrinkage=0.05


Tree=212
num_leaves=31
num_cat=0
split_feature=12 11 12 12 12 1 12 11 11 11 8 14 8 8 11 1 1 15 12 8 1 1 8 1 7 15 1 0 8 11
split_gain=7.73671 29.0571 9.43417 13.2211 17.1843 18.8487 10.3772 10.1352 31.9102 24.3307 17.4887 12.4331 10.0546 11.6326 18.9814 16.5802 11.1695 14.2051 9.62381 21.4036 25.8087 13.5333 15.2091 13.3557 10.9406 10.5827 10.3571 9.76685 9.23939 11.2393
threshold=-0.82415234898030387 -0.81925291736142503 -0.39036798905311365 -0.26762993667585538 -0.21022365857738434 11.136252682403436 -0.19337636264337835 -0.93237865822738086 -0.90531874877253482 -0.96904977397942549 3.5000000000000004 5331.5000000000009 1.5000000000000002 5.5000000000000009 0.98332250088165762 18.760112660944205 19.257957796852647 5431.5000000000009 -0.61237701952678392 3.5000000000000004 15.471182045779686 11.592900572246068 1.0000000180025095e-35 19.399664699570817 17.500000000000004 6157.5000000000009 22.224959763948501 13.261373390557942 2.5000000000000004 0.79773375822167203
decision_type=2 2 2 2 2 2 2 2 2 2 2 10 2 2 2 2 2 10 2 2 2 2 2 2 2 10 2 2 2 2
left_child=1 -1 7 12 5 -5 -6 9 -9 -2 11 -11 -4 14 15 -14 -17 -18 23 20 21 -20 -23 -10 25 -25 -22 -24 29 -3
right_child=2 28 3 4 6 -7 -8 8 18 10 -12 -13 13 -15 -16 16 17 -19 19 -21 26 22 27 24 -26 -27 -28 -29 -30 -31
leaf_value=1.2507150745551827 -8.4289145432633408 0.06835308021593392 2.5691583045911104 -21.925622036661004 2.2843770561585646 -0.56779279871952892 -0.03356207280344279 -4.8041721223282821 -0.27979416397845397 1.2581384208952842 -0.21203109337620846 10.697019149905783 1.9215283361370668 2.0390477468862858 -4.0134160163235268 -3.7276359638216494 -0.53301481084224633 0.81487093178868697 -0.38005806093460709 -1.672580908398186 -1.9444261766750062 18.84311953636211 1.3573651858565428 0.15772138115280543 -0.75876853756192308 3.3219331390769642 0.011261264774611847 -0.22944271283681703 -0.17148716279955353 1.5338296957979083
leaf_weight=135 40 606 75 42 73 183 7508 83 914 41 59 45 124 94 40 47 48 72 70 382 129 50 81 80 42 83 82 83 1078 186
leaf_count=135 40 606 75 42 73 183 7508 83 914 41 59 45 124 94 40 47 48 72 70 382 129 50 81 80 42 83 82 83 1078 186
internal_value=-0.000528785 0.00231805 -0.00106896 -0.000288913 -0.000794159 -0.0143805 -0.000389079 -0.00392936 -0.00492788 0.00725806 0.0167808 0.0310345 0.00758483 0.00457746 0.000150602 0.00462329 -0.00565476 0.00247934 -0.00365548 -0.00757403 -0.000705645 0.00912281 0.0153488 -0.000580357 0.0109223 0.0167683 -0.0139151 0.00787879 0.000694816 0.00479193
internal_weight=12575 2005 10570 8306 7806 225 7581 2264 2079 185 145 86 500 425 331 291 167 120 1996 877 495 284 214 1119 205 163 211 164 1870 792
internal_count=12575 2005 10570 8306 7806 225 7581 2264 2079 185 145 86 500 425 331 291 167 120 1996 877 495 284 214 1119 205 163 211 164 1870 792
is_linear=0
shrinkage=0.05


Tree=213
num_leaves=31
num_cat=0
split_feature=13 11 1 11 1 0 1 1 8 1 10 1 13 13 13 13 1 10 13 11 8 13 1 7 1 7 7 10 7 0
split_gain=8.15025 15.72 16.7749 14.6501 27.03 26.1216 16.4581 14.2422 13.8969 11.4536 17.7833 13.4413 11.2954 18.372 14.5354 15.939 13.5123 16.1245 12.1643 10.6967 25.6949 12.4091 20.7037 10.5495 13.1392 10.4576 10.3409 11.8024 10.2156 13.7321
threshold=-0.82413948779581736 0.21652257995689161 11.886663984263235 -0.013976481981245173 12.7149678111588 11.795064377682404 12.679090665236052 13.607466022889843 1.5000000000000002 22.224959763948501 0.96904697354198299 13.760501609442061 -0.48314634702607501 -0.35846749276936624 -0.51297720034420879 -0.52765736634565841 10.896915236051504 0.91939013254733981 -0.54760613975548533 0.50370931781787065 2.5000000000000004 -0.41594454530410557 13.928259120171676 8.5000000000000018 17.93767435622318 18.500000000000004 3.5000000000000004 0.99966190462023474 3.5000000000000004 19.244420600858373
decision_type=2 2 2 2 2 2 2 2 2 2 2 2 2 2 2 2 2 2 2 2 2 2 2 2 2 2 2 2 2 2
left_child=1 3 -3 5 -5 -1 -7 -6 26 10 -4 -12 14 19 15 16 17 -2 -18 20 -14 25 -23 -16 -25 -21 -9 -28 29 -8
right_child=12 2 9 4 7 6 28 8 -10 -11 11 -13 13 -15 23 -17 18 -19 -20 21 -22 22 -24 24 -26 -27 27 -29 -30 -31
leaf_value=1.545845543914129 -7.8552889505835539 1.4679271720706766 -2.5403633156388881 -2.2901407607276951 2.4256290876051256 1.9613119698234187 -1.522041164364464 -0.68277883979258158 0.011332597477280616 0.14767052426714145 -6.7306639135027586 1.895281368946462 -1.0916694902078916 0.007543751791126852 0.074750973251184405 -2.7074249626412215 0.22967429049217572 0.013756434114293371 2.1634157082085723 -3.1894690002817243 1.0985060367758253 2.5449206823682062 -2.5527792776393654 14.185600982229836 0.63426441747410545 -0.094429714784746474 2.7455406116781433 -0.93410958670583577 -0.40993672580002571 0.099848712603670731
leaf_weight=95 57 45 190 82 50 47 133 43 644 64 42 42 120 7357 51 52 1649 73 96 154 114 48 65 48 41 43 159 47 939 53
leaf_count=95 57 45 190 82 50 47 133 43 644 64 42 42 120 7357 51 52 1649 73 96 154 114 48 65 48 41 43 159 47 939 53
internal_value=-0.000296583 -0.00274664 -0.0121094 -0.0011775 0.00326511 -0.00477129 -0.00682012 0.00566737 0.00419463 -0.0159292 -0.0203636 -0.00117647 0.000361119 -0.000499873 0.00365087 0.00251556 0.00327825 -0.0122137 0.00443872 -0.0093578 -0.0012766 -0.0154341 -0.00219298 0.0191489 0.0294444 -0.0229798 0.0142 0.0188406 -0.0080373 -0.0187166
internal_weight=12643 2675 383 2292 1025 1267 1172 943 893 338 274 84 9968 7901 2067 1927 1875 130 1745 544 234 310 113 140 89 197 249 206 1125 186
internal_count=12643 2675 383 2292 1025 1267 1172 943 893 338 274 84 9968 7901 2067 1927 1875 130 1745 544 234 310 113 140 89 197 249 206 1125 186
is_linear=0
shrinkage=0.05


Tree=214
num_leaves=31
num_cat=0
split_feature=15 15 6 15 10 15 8 15 15 6 8 15 12 13 13 12 12 10 15 12 6 8 10 11 15 5 12 11 13 1
split_gain=7.7062 20.3546 8.45725 20.2431 15.2714 14.2773 13.8247 16.1565 15.2691 15.1416 13.0757 15.1637 13.6037 13.1693 11.9057 11.822 13.3405 12.0702 19.9892 38.3691 14.4835 11.4834 11.3294 11.2923 12.3361 11.2293 10.5531 9.73854 9.49477 9.41212
threshold=5296.5000000000009 5171.5000000000009 2.6845493562231764 5296.5000000000009 0.99761913169647187 7381.5000000000009 4.5000000000000009 6480.5000000000009 5886.5000000000009 288.23390557939916 5.5000000000000009 5593.5000000000009 0.36848418633289504 0.283138326639013 0.94353349168649059 0.99865421017599998 0.99683609994235922 -0.32614396506100213 7062.5000000000009 0.04621502027255215 99.160944206008594 5.5000000000000009 0.92273069556937592 0.1318557721318592 6816.5000000000009 4.1727164066385471 0.43152950955792641 -0.18493013702746822 -0.029024744910506859 24.684670064377688
decision_type=8 10 2 10 2 10 2 10 10 2 2 10 2 2 2 2 2 2 10 2 2 2 2 2 10 2 2 2 2 2
left_child=1 -1 3 -2 5 14 8 9 22 -8 11 -11 13 -13 21 16 17 20 19 29 -10 -5 -4 24 -21 26 -7 -23 -12 -19
right_child=2 -3 6 4 -6 25 7 -9 15 10 28 12 -14 -15 -16 -17 -18 18 -20 23 -22 27 -24 -25 -26 -27 -28 -29 -30 -31
leaf_value=0.027248110035543505 -4.9860070684943825 0.72532947063768916 0.76582410185151284 -0.15437582663503235 -6.0811949944939903 1.102577050185596 0.65052710617417242 -2.0025797750364744 0.53924974798692349 0.9531751519464251 -5.4989793423702622 -4.8857369738143239 0.11572449080508705 -0.67594599453886994 -1.7033347633154337 -11.62336999821448 2.5601395234156374 0.38221391157862855 -0.12720961863944921 1.6789101803386985 -0.32100821957487824 -0.4723948888099585 5.635134394760053 11.09189368578941 -0.29196375813971825 2.5329691455550805 -0.50143888965412775 1.64172406802536 -1.253836163645724 -1.9001172712614789
leaf_weight=3254 51 530 335 1971 75 280 416 224 369 146 84 44 86 40 251 62 57 732 1104 63 1428 45 43 195 45 83 279 175 78 76
leaf_count=3254 51 530 335 1971 75 280 416 224 369 146 84 44 86 40 251 62 57 732 1104 63 1428 45 43 195 45 83 279 175 78 76
internal_value=0.000146569 0.00203435 -0.000661914 -0.00270944 -0.00219937 -0.00165316 0.000506397 -0.00446828 0.00174058 -0.00145251 -0.00751566 -0.00157729 -0.0116959 -0.0258824 -0.00339746 0.000859148 0.00119165 0.000847246 0.00331679 0.00804856 -0.00219689 -0.00221259 0.0113456 0.0231908 0.0100917 0.00497667 0.00241071 0.00859729 -0.0190184 0.00234858
internal_weight=12621 3784 8837 3210 3159 3084 5627 1118 4509 894 478 316 170 84 2442 4131 4069 4012 2215 1111 1797 2191 378 303 108 642 559 220 162 808
internal_count=12621 3784 8837 3210 3159 3084 5627 1118 4509 894 478 316 170 84 2442 4131 4069 4012 2215 1111 1797 2191 378 303 108 642 559 220 162 808
is_linear=0
shrinkage=0.05


Tree=215
num_leaves=31
num_cat=0
split_feature=8 14 12 12 15 0 11 13 10 1 15 15 14 15 8 14 15 12 11 14 15 1 12 10 10 0 15 15 0 6
split_gain=7.66341 9.57945 9.1412 40.8912 12.5378 10.3044 7.68585 10.0932 24.3192 13.2032 14.8925 7.23492 10.4449 6.80475 12.6599 14.567 15.5166 13.4478 16.4771 12.7379 22.1872 10.5911 12.6223 7.30279 9.58106 10.3049 9.21005 6.75743 7.39409 14.936
threshold=1.5000000000000002 4439.5000000000009 -0.98803388382128665 -0.95244167294248061 6370.5000000000009 15.039484978540774 -0.99700296666818056 0.97650658860526895 -0.022576249993022688 10.282211194563663 7668.5000000000009 4488.5000000000009 4601.5000000000009 5748.5000000000009 1.0000000180025095e-35 5442.5000000000009 4701.5000000000009 0.92919371535393525 -0.35846086284744721 4489.5000000000009 5012.5000000000009 22.370833333333334 -0.20075075429075132 0.97875492728876534 -0.49813634056773481 11.795064377682404 5069.5000000000009 6130.5000000000009 20.625536480686698 11.72961373390558
decision_type=2 10 2 2 10 2 2 2 2 2 10 8 10 8 2 10 10 2 2 10 10 2 2 2 2 2 10 10 2 2
left_child=2 -2 4 -4 5 -1 -5 9 -9 10 -8 -3 -13 14 17 16 -16 18 -11 -18 -21 22 -22 24 26 -26 -20 28 29 -15
right_child=1 11 3 6 -6 -7 7 8 -10 13 -12 12 -14 27 15 -17 19 -19 23 20 21 -23 -24 -25 25 -27 -28 -29 -30 -31
leaf_value=-0.35401324001168177 -2.6721448165869561 0.37611683172433463 5.8533404794123953 1.9389605096081142 -2.7731595456660219 0.36849285605499066 -0.08222734024827788 -4.329064068302432 0.33396042319109259 1.4978634525185273 6.4476690867300022 -1.5412063081175802 -0.058708962568834983 -1.158325780050518 0.88961770866094414 6.4230370644566852 -0.23985367499176391 -1.4629073678047009 -0.4199776484430231 2.0574342665144743 -0.77555152276700035 -0.60505755584983945 0.83713104775738434 1.0403233143124453 -0.44015541698868221 -5.4420281311485272 1.6725495520836149 0.069159730765431957 -0.89588595048062425 1.2590319542949828
leaf_weight=49 94 366 84 41 68 54 42 57 116 118 42 71 8482 107 56 54 85 87 90 77 53 50 121 50 72 45 40 1757 189 66
leaf_count=49 94 366 84 41 68 54 42 57 116 118 42 71 8482 107 56 54 85 87 90 77 53 50 121 50 72 45 40 1757 189 66
internal_value=-0.000264112 -0.00104837 0.00166167 0.00221429 -0.00959302 0.00144231 0.00136124 0.0010963 -0.0106322 0.00173329 0.0211765 -0.000880045 -0.00117489 0.00120269 0.0046046 0.0102616 0.00722348 -0.000994036 0.00276442 0.00361757 0.00844371 0.000444444 0.00628571 -0.00352349 -0.00705645 -0.0173729 0.00229008 -0.000400943 -0.00661157 0.000862069
internal_weight=12683 9013 3670 3499 171 103 3415 3374 173 3201 84 8919 8553 3117 998 496 442 502 415 386 301 224 174 297 247 117 130 2119 362 173
internal_count=12683 9013 3670 3499 171 103 3415 3374 173 3201 84 8919 8553 3117 998 496 442 502 415 386 301 224 174 297 247 117 130 2119 362 173
is_linear=0
shrinkage=0.05


Tree=216
num_leaves=31
num_cat=0
split_feature=6 1 2 2 1 11 12 6 2 6 12 1 12 6 12 13 11 7 7 11 11 0 1 13 6 6 7 7 1 1
split_gain=6.67929 6.45854 10.6885 7.30456 11.3475 9.84004 15.7756 7.61786 6.96157 5.84735 9.02418 5.90825 5.81252 10.9223 8.31715 5.38489 15.7459 10.4282 8.95367 11.0994 22.75 8.8448 8.14665 7.14766 7.26786 7.99124 6.88724 8.3024 15.2758 13.7215
threshold=929.41630901287556 23.223243025751074 5.5225321888412013 3.3124463519313285 25.790347818311879 -0.78858226040708135 0.98901264295277169 314.94420600858376 9.9789699570815475 11.72961373390558 0.24998082458982465 25.790347818311879 0.88119114410046628 497.79399141630904 0.74300049550786151 -0.99054309756674508 -0.056951011027366626 21.500000000000004 2.5000000000000004 -0.039769286347669845 -0.013976481981245173 14.819098712446353 16.709790772532191 -0.97507822412530132 22.628755364806867 310.79828326180262 1.0000000180025095e-35 10.500000000000002 22.324852467811162 19.046298283261805
decision_type=2 2 2 2 2 2 2 2 2 2 2 2 2 2 2 2 2 2 2 2 2 2 2 2 2 2 2 2 2 2
left_child=1 2 15 9 7 12 -7 -5 -9 -3 -11 -12 13 -6 -15 16 -1 18 -18 -20 -21 -22 -23 24 -17 -26 -25 28 29 -28
right_child=-2 3 -4 4 5 6 -8 8 -10 10 11 -13 -14 14 -16 23 17 -19 19 20 21 22 -24 26 25 -27 27 -29 -30 -31
leaf_value=-1.9123140914906345 -0.61379731805554916 0.11373385707333911 -0.5366426562613924 1.9828315044484954 1.1508009727167519 -4.1053906457368159 0.20777920487171286 0.28553223339581563 1.6576735592834666 -1.8110032481811915 0.30072301041363975 -1.3187596771038217 0.86352381287690605 0.38470078089239906 -1.7519605543237731 0.0054080563577826981 -1.4303930891944447 -4.4099922110192216 3.3822953697530922 -1.2105412808063649 3.8423172234935921 -2.2522531816922995 0.59007433974265955 0.66266448911101183 4.0595754236168435 0.78261391258647572 -0.2079853724902023 0.10369167303483665 -1.3995611363535774 0.16174255204150542
leaf_weight=81 165 589 235 81 103 43 72 243 62 66 124 40 72 61 46 197 68 44 63 89 62 66 131 414 71 113 3009 5121 144 967
leaf_count=81 165 589 235 81 103 43 72 243 62 66 124 40 72 61 46 197 68 44 63 89 62 66 131 414 71 113 3009 5121 144 967
internal_value=2.37285e-05 0.000156275 -0.000280434 0.00311915 0.00656888 0.000628141 -0.0116379 0.0126615 0.00898693 -0.000182927 -0.00692641 -0.000606061 0.00565371 0.0014218 -0.00972222 -4.69881e-05 -0.0046281 -0.0014313 0.000729167 0.00351942 0 0.0075 0.00227273 0.000229152 0.00693717 0.0140541 -3.62469e-05 -0.000319195 -0.00198981 -0.0014081
internal_weight=12642 12477 10875 1602 783 397 115 386 305 819 230 164 282 210 107 10640 604 523 479 411 348 259 197 10036 381 184 9655 9241 4120 3976
internal_count=12642 12477 10875 1602 783 397 115 386 305 819 230 164 282 210 107 10640 604 523 479 411 348 259 197 10036 381 184 9655 9241 4120 3976
is_linear=0
shrinkage=0.05


Tree=217
num_leaves=31
num_cat=0
split_feature=6 4 12 11 12 8 11 13 11 15 15 11 8 12 8 8 15 0 14 7 13 12 11 15 12 12 13 11 6 13
split_gain=9.27016 12.56 10.8103 19.7917 17.022 9.97872 8.87183 13.9826 12.6639 12.2354 11.3753 9.34659 9.64196 16.8437 12.8 8.84179 8.66477 8.64284 19.0071 16.3051 16.6874 11.627 8.58156 8.08953 8.00592 7.68087 7.65004 15.661 7.36413 7.11925
threshold=303.31759656652366 0.0018685645342518943 0.8277925332691819 -0.7444366621422277 0.44313197806314492 1.5000000000000002 -0.9497838742125716 0.6490740716826261 0.86869874770991873 5577.5000000000009 4701.5000000000009 -0.73284120334876357 3.5000000000000004 0.89693165594635726 2.5000000000000004 1.0000000180025095e-35 1.0000000180025095e-35 16.69484978540773 7029.5000000000009 10.500000000000002 -0.47748501237563551 0.93315540453694978 0.011826144619637555 6405.5000000000009 0.99572776335819457 -0.65234524191686594 0.79773375822167203 0.96849880583763492 52.512875536480699 0.83730377313544024
decision_type=2 2 2 2 2 2 2 2 2 8 10 2 2 2 2 2 10 2 10 2 2 2 2 10 2 2 2 2 2 2
left_child=1 16 4 -4 -3 -6 15 8 10 -9 -8 12 14 -14 -12 -2 -1 19 -19 22 23 -22 -13 -21 -23 -11 -27 -28 -5 -17
right_child=6 2 3 28 5 -7 7 9 -10 25 11 17 13 -15 -16 29 -18 18 -20 20 21 24 -24 -25 -26 26 27 -29 -30 -31
leaf_value=-3.8129271456839433 2.9111186049026401 0.19295317806861478 -0.4842892046376619 1.8744815400100379 4.0355082501673909 1.2924679599015236 1.6095895075542785 -4.623709664337639 3.432829738989176 -8.1572243276726564 0.14504976899447683 0.018517608728507187 -0.8873494470288279 0.64525254423635947 2.1171906502267119 1.9936539390417012 0.010518430811316648 -0.47878073475926614 -4.3677786900997493 5.4276344597558825 -2.7830777088927565 3.477449236805251 -3.5244898115191066 1.756809657156805 -1.2655192974620606 0.16988316985932672 -3.0992844916583637 -0.54340069797042367 0.19975759161020507 -0.038031010897157103
leaf_weight=61 59 398 218 70 56 129 80 42 49 40 217 40 94 82 63 44 8165 1541 55 95 110 67 53 98 48 130 45 138 67 274
leaf_count=61 59 398 218 70 56 129 80 42 49 40 217 40 94 82 63 44 8165 1541 55 95 110 67 53 98 48 130 45 138 67 274
internal_value=-0.000134611 0.000698309 0.00617678 -0.000702247 0.0103596 0.0228495 -0.00233766 -0.00322215 -0.00193093 -0.0119949 -0.00240166 -0.00298362 0.00350109 -0.00564972 0.00925267 0.00489418 7.29306e-05 -0.00438805 -0.00619912 0.00126953 0.00548926 -0.00376106 -0.0175532 0.0162371 0.00732759 -0.00889831 -0.00621019 -0.0127717 0.0141304 0.0015674
internal_weight=12628 9164 938 355 583 185 3464 3087 2692 395 2643 2563 456 176 280 377 8226 2107 1596 511 418 225 93 193 115 353 313 183 137 318
internal_count=12628 9164 938 355 583 185 3464 3087 2692 395 2643 2563 456 176 280 377 8226 2107 1596 511 418 225 93 193 115 353 313 183 137 318
is_linear=0
shrinkage=0.05


Tree=218
num_leaves=31
num_cat=0
split_feature=6 8 14 8 1 8 6 10 10 8 1 11 14 0 10 10 11 14 1 10 6 1 1 1 8 8 13 7 10 10
split_gain=7.62164 12.8434 7.08999 8.59629 11.6962 8.80437 8.33847 7.93955 13.9843 13.6078 22.6998 10.0088 9.69427 8.94728 7.91157 12.4473 7.79601 7.63174 11.1181 8.30733 11.452 7.43995 7.40669 8.1374 9.3635 15.3535 7.33244 7.20438 6.83042 21.6713
threshold=929.41630901287556 4.5000000000000009 8226.5000000000018 3.5000000000000004 12.091197246065811 2.5000000000000004 4.1716738197424901 0.93544191479114935 0.92273069556937592 5.5000000000000009 15.608154506437769 0.04621408538533487 4870.5000000000009 12.982618025751075 0.91596454896554913 0.89017062131308955 0.011826144619637555 5331.5000000000009 11.500912017167385 0.96465729447553372 1.6781115879828328 15.951256258941347 11.987947067238915 15.759383941344781 5.5000000000000009 1.0000000180025095e-35 0.47370525521770246 16.500000000000004 0.81428061195174062 0.80417553764032002
decision_type=2 2 8 2 2 2 2 2 2 2 2 2 10 2 2 2 2 10 2 2 2 2 2 2 2 2 2 2 2 2
left_child=2 -2 7 4 5 -4 -6 8 14 12 11 -11 16 -10 15 28 -9 19 -19 -14 -21 -15 -17 -24 25 -25 -5 -28 29 -1
right_child=1 -3 3 26 6 -7 -8 9 13 10 -12 -13 17 21 -16 22 -18 18 -20 20 -22 -23 23 24 -26 -27 27 -29 -30 -31
leaf_value=0.032944748939962666 -0.081520753333529691 -3.7702974537955924 0.14576185335326955 0.29976077189471656 0.35801728709047898 4.2678682701556685 -1.958876773992779 -1.4807535628946427 3.9842155626292426 2.7464675536497456 -5.4081265434571835 -1.9594582790964523 -1.153994699087616 -0.56135342192160353 -2.2953382659279216 -0.39329116390949825 0.34293966202803861 -3.0593194973586382 0.033963596925354979 0.56934534215004085 7.0659992626422312 2.1359585845501443 3.0404164908010447 1.4009593870034907 4.9545120279792405 -1.3699561213513336 -6.3987885740324604 -0.96543754530184744 -0.62795859780044339 7.1255117657503435
leaf_weight=9251 136 47 128 66 77 51 83 158 50 63 69 92 47 43 73 59 56 53 876 128 48 48 89 40 40 42 65 102 495 59
leaf_count=9251 136 47 128 66 77 51 83 158 50 63 69 92 47 43 73 59 56 53 876 128 48 48 89 40 40 42 65 102 495 59
internal_value=4.74871e-05 -0.0100543 0.000196756 -0.0052356 -0.000147059 0.00861111 -0.00993789 0.000458754 0.000966958 -0.00282841 -0.0142222 -0.00352564 -0.000950988 0.0165493 0.000748842 0.0008684 -0.0106977 0.000867303 -0.00112903 0.00915179 0.0141243 0.00706522 0.0114391 0.0158019 0.00731707 -0.00240964 -0.0126068 -0.0181548 0.000576178 0.000880679
internal_weight=12634 183 12451 572 339 179 160 11879 10289 1590 224 155 1366 141 10148 10075 214 1152 929 223 176 91 270 211 122 82 233 167 9805 9310
internal_count=12634 183 12451 572 339 179 160 11879 10289 1590 224 155 1366 141 10148 10075 214 1152 929 223 176 91 270 211 122 82 233 167 9805 9310
is_linear=0
shrinkage=0.05


Tree=219
num_leaves=31
num_cat=0
split_feature=0 12 10 15 6 7 7 6 10 0 7 6 10 7 15 7 13 10 8 15 6 13 10 7 12 15 8 8 12 8
split_gain=6.81796 17.0068 13.5282 13.0762 11.8526 18.5974 10.9895 15.0894 13.1079 11.9828 13.701 17.042 25.0604 14.2868 12.3979 11.6574 10.7898 10.8099 9.93697 9.45522 8.80068 8.70647 8.62212 16.0154 20.1833 10.8063 9.41727 8.28393 16.2934 8.206
threshold=19.686051502145926 -0.95244167294248061 0.63920241694561786 5482.5000000000009 598.56008583690993 13.500000000000002 10.500000000000002 146.94420600858373 0.42179998225932674 17.738841201716742 19.500000000000004 52.512875536480699 0.86113431103781346 16.500000000000004 6451.5000000000009 16.500000000000004 -0.99054309756674508 0.99053107487289871 5.5000000000000009 6451.5000000000009 276.42060085836914 -0.43733099657705293 0.58481550752069722 16.500000000000004 0.99572776335819457 6130.5000000000009 4.5000000000000009 2.5000000000000004 0.10196183112029107 2.5000000000000004
decision_type=2 2 2 10 2 2 2 2 2 2 2 2 2 2 10 2 2 2 2 10 2 2 2 2 2 10 2 2 2 2
left_child=6 2 -2 4 -3 -6 7 -1 20 10 11 13 21 -8 -14 -16 -12 18 -18 29 -9 -13 25 24 -24 -23 -27 -11 -29 -10
right_child=1 3 -4 -5 5 -7 9 8 19 27 16 12 14 -15 15 -17 17 -19 -20 -21 -22 22 23 -25 -26 26 -28 28 -30 -31
leaf_value=-0.064773160264758198 -2.5712974315523298 0.61166790315021446 0.10689060512072501 0.022927351441103385 1.2045909888921871 -1.6513143339708223 14.037963366197506 -1.2160573081016992 2.9856854748858042 0.0916618509641694 -4.1170322921312845 -2.7271114991671315 6.7779611833527724 1.6668567991753207 4.3549054536023508 -0.90751740063574293 -0.28535392835706264 2.2688721951825528 1.100452228357176 -2.2396250883806261 -4.1470141739230941 3.0034592101535966 5.678371549952999 -0.93972698553707235 -1.0132777563808986 -0.21488417643486174 -2.7897808809101208 -0.36400149526498354 -1.9634000729995025 -0.4134496361393758
leaf_weight=4209 80 874 56 2558 165 161 48 150 56 286 48 50 178 464 157 86 981 48 158 131 44 101 123 76 60 573 134 299 127 119
leaf_count=4209 80 874 56 2558 165 161 48 150 56 286 48 50 178 464 157 86 981 48 158 131 44 101 123 76 60 573 134 299 127 119
internal_value=0.000238076 0.00197689 -0.0153285 0.00260708 0.00691091 -0.00122324 -0.000539796 -0.00217622 -0.0103792 0.00138819 0.00266281 0.00516821 0.00253411 0.0130604 0.0129147 0.00553279 -0.00149676 -0.000547138 -0.00153509 -0.00390879 -0.0205128 -0.0013864 -0.000421348 0.0075 0.0154891 -0.00296663 -0.00515537 -0.00448808 -0.0088993 0.00369318
internal_weight=12600 3894 136 3758 1200 326 8706 4709 500 3997 3285 2050 1538 512 421 243 1235 1187 1139 306 194 1117 1067 259 183 808 707 712 426 175
internal_count=12600 3894 136 3758 1200 326 8706 4709 500 3997 3285 2050 1538 512 421 243 1235 1187 1139 306 194 1117 1067 259 183 808 707 712 426 175
is_linear=0
shrinkage=0.05


Tree=220
num_leaves=31
num_cat=0
split_feature=1 6 1 2 15 7 7 6 15 6 11 7 6 7 10 8 8 8 10 1 15 10 6 13 11 6 10 12 15 6
split_gain=10.1484 13.8023 9.71392 12.8006 12.4981 8.44693 15.523 21.1106 17.5839 21.1631 12.3111 15.2835 24.2816 12.097 13.6189 13.1554 18.827 13.1906 11.9087 16.8632 11.8824 17.3598 17.4602 13.6282 11.6781 11.5184 12.2432 11.8561 10.7246 12.9508
threshold=23.372223712446356 832.81759656652378 25.790347818311879 2.4748927038626616 4676.5000000000009 9.5000000000000018 15.500000000000002 132.74463519313306 4676.5000000000009 202.912017167382 0.45847758937963173 11.500000000000002 377.45278969957081 19.500000000000004 0.99761913169647187 5.5000000000000009 3.5000000000000004 1.5000000000000002 -0.33425342068356556 19.116152539341922 5296.5000000000009 -0.93545489084327571 125.2618025751073 -0.68275178320790053 0.91852788691372023 528.76180257510748 -0.33425342068356556 -0.39727776132405557 6857.5000000000009 0.034334763948497861
decision_type=2 2 2 2 10 2 2 2 10 2 2 2 2 2 2 2 2 2 2 2 8 2 2 2 2 2 2 2 10 2
left_child=1 5 3 -2 -4 20 7 -7 -8 13 25 -12 -13 28 15 16 17 18 19 -15 23 22 -22 -1 -14 27 -27 -9 -10 -30
right_child=2 -3 4 -5 -6 6 8 10 9 -11 11 12 24 14 -16 -17 -18 -19 -20 -21 21 -23 -24 -25 -26 26 -28 -29 29 -31
leaf_value=-0.1917917459353248 0.029361616488813524 -0.72442741193324311 1.0725197019585266 0.93510325886140899 -0.22253721514989594 5.2911142708569745 5.4658628361463348 0.12951071081172358 1.5493862591514245 -0.8980654867109934 -1.6144411233490246 2.1232556189270784 -0.13699162929215164 2.1676760403903699 -4.1735619117878064 0.93017616643860501 -0.97676367716003376 0.38833161837569607 -0.8338811432435933 -0.43969086110962508 1.2715556019853922 -0.63030129795283762 -1.0199395470388937 0.07990291039395743 -2.0230930597090722 -0.14757163477738686 1.0141874844492578 4.8316827790784833 2.3144032065701139 -0.21911236506734896
leaf_weight=928 455 328 51 487 635 180 50 150 286 672 335 364 273 101 54 247 483 511 300 106 128 1768 60 1729 111 384 421 225 180 623
leaf_count=928 455 328 51 487 635 180 50 150 286 672 335 364 273 101 54 247 483 511 300 106 128 1768 60 1729 111 384 421 225 180 623
internal_value=-0.000613813 -0.0011593 0.00306937 0.00636267 -0.0014556 -0.000848172 0.000379726 0.00345745 -0.00170172 -0.00211841 0.00214223 -0.00170664 0.00226969 -0.000259336 -0.00277316 -0.00200114 -0.00376165 9.81354e-05 -0.00561024 0.00360577 -0.0024599 -0.00541645 0.00899471 -0.000282167 -0.00649351 0.00567316 0.00229529 0.0128989 0.00389908 0.000932836
internal_weight=12625 10997 1628 942 686 10669 6056 2443 3613 3563 2263 1083 748 2891 1802 1748 1501 1018 507 207 4613 1956 188 2657 384 1180 805 375 1089 803
internal_count=12625 10997 1628 942 686 10669 6056 2443 3613 3563 2263 1083 748 2891 1802 1748 1501 1018 507 207 4613 1956 188 2657 384 1180 805 375 1089 803
is_linear=0
shrinkage=0.05


Tree=221
num_leaves=31
num_cat=0
split_feature=7 15 3 14 7 14 13 10 8 10 10 10 11 14 11 15 7 6 6 7 15 11 1 8 10 15 1 15 13 10
split_gain=10.7206 17.7822 19.8158 16.5052 16.479 13.2641 12.9989 11.6664 10.7211 11.4745 18.2799 12.8712 10.9135 14.7013 14.6056 10.6279 13.1237 10.5582 11.8203 10.0636 9.50801 17.9849 13.2449 10.5589 10.0041 8.53926 10.0838 10.5334 20.6059 14.2551
threshold=17.500000000000004 5966.5000000000009 6.9912017167381988 6648.5000000000009 19.500000000000004 7231.5000000000009 -0.98523800472371936 0.98667101781630195 5.5000000000000009 -0.99275805973510278 -0.97113884758256674 -0.90893996196865023 0.70747208174348741 5847.5000000000009 0.80798785254895478 6011.5000000000009 10.500000000000002 5.0257510729613744 364.23605150214593 7.5000000000000009 6969.5000000000009 0.79253265336324141 11.044103183118741 4.5000000000000009 0.12545942051955489 7336.5000000000009 9.6616371602289011 4998.5000000000009 0.283138326639013 0.46800856592688472
decision_type=2 10 2 8 2 8 2 2 2 2 2 2 2 10 2 10 2 2 2 2 8 2 2 2 2 10 2 8 2 2
left_child=5 3 4 -2 17 8 -6 -8 25 -10 -11 -12 13 -13 -14 16 19 -3 -19 -16 23 -22 -23 24 -7 26 -1 28 -28 -30
right_child=1 2 -4 -5 6 20 7 -9 9 10 11 12 14 -15 15 -17 -18 18 -20 -21 21 22 -24 -25 -26 -27 27 -29 29 -31
leaf_value=-1.4614470963114401 0.49309953760769076 1.6325045078966696 3.8005033374783128 3.2238962684599302 -2.2052188957292858 0.094022577102805371 -0.28103384718904184 2.0378047116503697 1.2140924726982121 -2.3472199216450464 1.0881113513188667 -0.42419928726242234 2.4540921032901908 -4.063833702032321 0.083310403701784719 -4.472388914452222 4.4165668612843545 -0.091330164932287516 1.7845764921879437 -2.2242673465962071 -2.846768089860598 -1.4229381099583407 0.12260902759985584 -0.48965848276870932 13.747640947534979 1.1769641228453793 0.019931371621601104 -0.027577209129549377 0.59406287103729483 1.5110743382429519
leaf_weight=101 752 362 96 49 80 59 1182 44 61 55 90 684 72 96 132 63 51 552 50 42 217 119 320 217 42 318 1164 5064 388 52
leaf_count=101 752 362 96 49 80 59 1182 44 61 55 90 684 72 96 132 63 51 552 50 42 217 119 320 217 42 318 1164 5064 388 52
internal_value=0.000214712 0.00273043 0.000549218 0.00916459 -0.000396301 -0.00063244 -0.00405509 -0.00277099 5.92839e-06 -0.00408315 -0.00509331 -0.00381803 -0.00525855 -0.00857875 0.00193906 -0.00311419 0.00199115 0.00455959 0.000497512 -0.00457143 -0.00615385 -0.00958904 -0.00375 0.000940439 0.0142157 0.000783014 0.000406204 0.000644774 0.00417445 0.0133787
internal_weight=12574 3167 2366 801 2270 9407 1306 1226 8433 1346 1285 1230 1140 780 360 288 225 964 602 174 974 656 439 318 101 7087 6769 6668 1604 440
internal_count=12574 3167 2366 801 2270 9407 1306 1226 8433 1346 1285 1230 1140 780 360 288 225 964 602 174 974 656 439 318 101 7087 6769 6668 1604 440
is_linear=0
shrinkage=0.05


Tree=222
num_leaves=31
num_cat=0
split_feature=7 15 11 15 14 10 7 10 10 10 6 0 11 0 14 10 10 15 10 11 14 14 7 0 11 15 7 15 7 0
split_gain=8.91464 8.94105 13.6834 8.61613 7.89655 10.0425 8.01805 7.89398 7.6114 16.1261 12.3973 18.647 11.4345 12.1131 11.0301 8.74078 8.28115 12.5741 9.47902 8.0338 7.99763 14.8822 8.34359 7.42466 19.7648 14.7817 7.03234 6.50434 6.28023 6.15556
threshold=22.500000000000004 5322.5000000000009 0.04621408538533487 5914.5000000000009 8436.0000000000018 0.63920241694561786 17.500000000000004 0.57077594689671507 0.93544191479114935 0.96904697354198299 13.180257510729616 21.433261802575114 0.011826144619637555 15.091845493562234 5768.5000000000009 0.98049069993378934 0.89017062131308955 7315.5000000000009 0.88220160189607266 0.28313308994381592 6296.5000000000009 5525.5000000000009 13.500000000000002 13.548712446351933 0.04621408538533487 5900.5000000000009 9.5000000000000018 7973.5000000000009 3.5000000000000004 20.120815450643779
decision_type=2 8 2 10 8 2 2 2 2 2 2 2 2 2 10 2 2 10 2 2 10 10 2 2 2 10 2 10 2 2
left_child=4 -2 29 -4 8 6 27 -5 16 19 23 12 13 -12 -14 -16 18 -18 -1 20 21 26 -23 25 28 -11 -10 -6 -25 -3
right_child=1 2 3 7 5 -7 -8 -9 9 10 11 -13 14 -15 15 -17 17 -19 -20 -21 -22 22 -24 24 -26 -27 -28 -29 -30 -31
leaf_value=0.027456249871420368 0.31078762201657356 -3.9036286040409323 1.0543623848046082 -1.3601749547288819 -6.1175886470149639 -1.315346926276834 0.37421628088836772 0.11301083659766392 -1.3439467239646092 0.51443373658476055 6.5928681272442198 -1.5589043102972484 3.3167659054788832 1.2536381889626229 5.08011392621595 -1.2025485512059733 0.46318199022348383 5.7874720925878824 -1.7433673381525296 -0.056068743491482567 -2.4438729528415255 1.9632497865150071 -1.4941924322920386 -2.5494627308406965 1.1377182827206072 -1.4437644951260382 -6.8927463451500444 -0.31643319993945629 -1.4672422077450393 -0.69686145604546257
leaf_weight=9601 194 65 50 105 47 59 202 78 113 240 113 77 48 143 48 148 425 52 69 148 96 50 45 47 51 62 41 65 78 44
leaf_count=9601 194 65 50 105 47 59 202 78 113 240 113 77 48 143 48 148 425 52 69 148 96 50 45 47 51 62 41 65 78 44
internal_value=-0.000214201 -0.00651769 -0.0113703 -0.00448718 6.62855e-05 -0.00708556 -0.00349206 -0.00951087 0.000294973 -0.00296966 0.000520833 0.00544983 0.00898204 0.0163424 0.00122449 -0.00406091 0.00079326 0.00721757 0.000475649 -0.0104251 -0.0145954 -0.0098 0.00572917 -0.00542797 -0.0135593 -0.000660066 -0.0193548 -0.0141593 -0.0242063 -0.0259091
internal_weight=12604 536 342 233 12068 373 314 183 11695 1548 1055 577 500 256 244 196 10147 477 9670 493 345 249 95 478 176 302 154 112 125 109
internal_count=12604 536 342 233 12068 373 314 183 11695 1548 1055 577 500 256 244 196 10147 477 9670 493 345 249 95 478 176 302 154 112 125 109
is_linear=0
shrinkage=0.05


Tree=223
num_leaves=31
num_cat=0
split_feature=7 15 5 8 15 11 8 7 11 1 12 7 13 13 12 8 15 8 7 1 1 0 10 13 1 11 7 15 10 7
split_gain=9.2914 22.4642 10.0692 9.10532 17.6326 14.5419 12.0718 13.7694 9.90933 9.81215 9.65815 9.35462 8.73542 10.7233 8.582 8.52666 10.6626 20.0655 15.6063 10.9921 20.2348 12.3046 10.4794 12.4845 16.308 13.1498 10.0892 10.324 9.09018 10.261
threshold=17.500000000000004 4644.5000000000009 4.4996459043268446 3.5000000000000004 6451.5000000000009 -0.72102888505294738 1.5000000000000002 19.500000000000004 0.98332250088165762 15.90297299713877 0.38044714639866822 22.500000000000004 0.89693010073300883 0.60383265664488517 -0.59869031648930193 5.5000000000000009 4772.5000000000009 1.0000000180025095e-35 3.5000000000000004 16.0707662732475 17.199633404864095 14.31952789699571 -0.99275805973510278 -0.87810534180523914 15.645913805436338 0.04621408538533487 2.5000000000000004 4676.5000000000009 -0.94139628442229062 13.500000000000002
decision_type=2 10 2 2 10 2 2 2 2 2 2 2 2 2 2 2 8 2 2 2 2 2 2 2 2 2 2 10 2 2
left_child=15 -2 3 6 9 -6 7 -3 10 11 14 -5 13 -9 -7 16 17 18 -1 21 -21 -19 -17 24 25 -24 -22 -28 -25 -30
right_child=1 2 -4 4 5 8 -8 12 -10 -11 -12 -13 -14 -15 -16 22 -18 19 -20 20 26 -23 23 28 -26 -27 27 -29 29 -31
leaf_value=-1.0362438441762607 6.3367197863491818 0.97206861080521778 2.3361630954758765 3.5646657979691554 -1.5696974894374762 -0.34073831317773512 0.61917652189836192 -0.44853965165593768 1.7500543354584808 0.0045121598080186233 -0.35378652462177346 -0.077667867139643937 -2.9839585328977591 1.1578424511978482 -2.9293934366597116 1.152015036569719 -0.055414101840005975 0.96785215415307002 0.77631480402051245 -0.56321835851074409 0.96220981564501928 3.5388513092026646 2.4320065455972326 2.289151171927756 -2.5219845577395064 -2.2160302216564105 0.38110017202079693 -0.44288835502861734 -0.1872145332740047 -1.784522468737032
leaf_weight=198 40 285 135 91 58 96 863 429 64 552 222 68 63 67 115 59 7228 157 92 58 133 40 41 40 89 40 159 102 832 225
leaf_count=198 40 285 135 91 58 96 863 429 64 552 222 68 63 67 115 59 7228 157 92 58 133 40 41 40 89 40 159 102 832 225
internal_value=-9.88768e-05 0.00225468 0.00176906 0.00116005 -0.00205209 -0.00872302 0.00354215 -0.000710059 -0.00592369 0.00316011 -0.00864055 0.0140625 -0.00526786 -0.00301811 -0.0162736 -0.000879503 -0.000275465 0.00473404 -0.00618557 0.00961538 0.00529801 0.0194444 -0.00459683 -0.00555994 -0.0181287 -0.00182927 0.00936709 0.00362595 -0.00359745 -0.0044896
internal_weight=12641 3148 3108 2973 1266 555 1707 844 497 711 433 159 559 496 211 9493 8167 939 290 649 452 197 1326 1267 170 81 394 261 1097 1057
internal_count=12641 3148 3108 2973 1266 555 1707 844 497 711 433 159 559 496 211 9493 8167 939 290 649 452 197 1326 1267 170 81 394 261 1097 1057
is_linear=0
shrinkage=0.05


Tree=224
num_leaves=31
num_cat=0
split_feature=15 1 1 8 14 6 8 5 15 1 1 11 11 5 15 12 11 14 10 15 6 12 10 12 14 11 13 13 10 1
split_gain=8.43326 16.4752 13.8795 9.7795 9.70434 8.90317 13.8514 10.3475 9.16999 12.8554 7.78439 7.47182 20.9689 9.14675 5.54863 10.7194 13.0635 15.729 20.3201 11.4238 11.3023 11.2407 11.6694 11.3217 9.00606 8.75729 20.053 11.5334 13.4755 9.87902
threshold=7894.5000000000009 9.5557761087267554 10.847456187410589 4.5000000000000009 7722.5000000000009 6.3218884120171674 4.5000000000000009 0.95157690324006783 7043.0000000000009 11.645475679542205 9.1249776466380563 0.97062204580664158 0.93769647993491489 0.97234250953231827 6801.5000000000009 -0.98803388382128665 1.0000000180025095e-35 6443.5000000000009 -0.11692013674435776 7408.5000000000009 80.332618025751103 0.43152950955792641 -0.022576249993022688 0.95566275305367776 7070.0000000000009 -0.9497838742125716 0.90438663683299525 0.94353349168649059 -0.048361574224334618 28.283646280400575
decision_type=8 2 2 2 10 2 2 2 10 2 2 2 2 2 10 2 2 10 2 10 2 2 2 2 10 2 2 2 2 2
left_child=4 -2 -3 11 10 -6 8 -8 -7 -10 -1 12 -4 -13 25 20 -17 18 -18 -19 -16 22 -21 24 -23 26 -12 -28 -29 -27
right_child=1 2 3 -5 5 6 7 -9 9 -11 14 13 -14 -15 15 16 17 19 -20 21 -22 23 -24 -25 -26 29 27 28 -30 -31
leaf_value=-0.7468752797484286 3.1870680472391544 -2.9879861216735666 -0.22838407212129824 -4.5797335628847575 1.7158189833462076 8.1485436897246242 -4.9252621168423962 -0.14385377869280092 -2.0294636472608771 2.250801613484009 1.588601717715119 0.49783842730032579 4.9377864444531951 -2.0049825829753218 -0.027712731660085411 -0.44599513420489534 4.3717121591260364 -0.50069799791108383 0.4979795325069063 0.39331387243591964 -4.3305117846190573 1.4848683749713929 5.4826045805153178 1.2997272506720492 -2.924351021185112 0.017160357981174459 -1.5050712047425578 -1.2377663588561063 1.2191124573145318 -1.1944344355939849
leaf_weight=86 59 83 612 61 204 42 41 62 50 63 177 50 51 68 45 524 93 634 226 99 46 43 59 41 111 8404 114 77 214 75
leaf_count=86 59 83 612 61 204 42 41 62 50 63 177 50 51 68 45 524 93 634 226 99 46 43 59 41 111 8404 114 77 214 75
internal_value=-0.000127847 -0.00456853 -0.0062095 -0.00427046 0.000251496 0.00734341 0.0011583 -0.0129808 0.0105769 0.00307018 -4.51712e-05 -0.00274936 -0.000677711 -0.0142857 7.28398e-05 -0.00236733 -0.00152922 0.00114767 0.0107813 -0.00197368 -0.0190217 0.00522599 0.0150943 -0.00280612 -0.00903226 0.000590377 0.00651801 0.000369458 0.00565068 0.000182783
internal_weight=12514 984 925 842 11530 462 258 103 155 113 11068 781 663 118 10982 1921 1830 1306 319 987 91 353 158 195 154 9061 582 405 291 8479
internal_count=12514 984 925 842 11530 462 258 103 155 113 11068 781 663 118 10982 1921 1830 1306 319 987 91 353 158 195 154 9061 582 405 291 8479
is_linear=0
shrinkage=0.05


Tree=225
num_leaves=31
num_cat=0
split_feature=15 7 14 7 14 15 15 15 15 14 13 14 14 13 10 10 0 14 10 0 14 10 13 7 6 11 7 2 7 14
split_gain=9.6041 13.1016 47.6615 13.7563 11.9097 11.8668 11.4954 11.049 10.9715 15.8005 10.6234 9.36769 10.8807 9.83453 9.13938 12.7325 11.9753 11.123 9.01994 13.9425 9.17647 11.0351 10.8711 10.7521 8.75595 11.9168 14.0122 21.1557 17.9262 13.2347
threshold=5544.5000000000009 6.5000000000000009 5458.5000000000009 22.500000000000004 5586.5000000000009 8978.5000000000018 5160.5000000000009 4998.5000000000009 5296.5000000000009 6431.5000000000009 0.67485701100832973 5263.5000000000009 4870.5000000000009 0.83138725112258183 0.91596454896554913 0.9550229469509578 11.121030042918457 4643.5000000000009 0.84313847884979054 14.865665236051504 5217.5000000000009 0.12545942051955489 0.93158198870884079 8.5000000000000018 190.32188841201719 -0.99168640063982161 15.500000000000002 7.0678111587982846 12.500000000000002 5252.5000000000009
decision_type=8 2 10 2 8 8 10 10 10 10 2 10 10 2 2 2 2 10 2 2 10 2 2 2 2 2 2 2 2 10
left_child=6 2 -2 5 -5 24 7 14 -8 11 -4 12 -10 -13 18 -16 -17 -18 20 -20 22 23 -1 -22 -3 -26 28 -28 29 -27
right_child=1 3 10 4 -6 -7 8 -9 9 -11 -12 13 -14 -15 15 16 17 -19 19 -21 21 -23 -24 -25 25 26 27 -29 -30 -31
leaf_value=0.073940323532497132 -4.8122018294448488 0.091816708478199879 0.50537112856700339 -5.3272989300404792 -0.54990645941993532 2.4503446417085799 0.77697617858020751 -0.41824807147932008 0.58431247117582641 1.9084569487842602 -0.79236110847627972 0.36944009711469339 -1.3635294130854618 -1.4573813389536783 -1.7013479078290403 0.89554283097795639 -2.1321969789997413 0.059220571002606449 0.066665616163163577 4.5314218818354677 -1.5590265757012731 0.63064423094187994 0.94138161657670028 -0.018562934383658105 1.3945033155431703 -2.6368462659046146 -1.1180495810717275 0.98867005083448023 0.2870613927696013 -0.23406742497572852
leaf_weight=1524 160 3622 267 47 235 178 564 736 79 111 100 443 150 86 96 59 43 109 79 63 137 107 153 116 119 165 669 109 1132 1219
leaf_count=1524 160 3622 267 47 235 178 564 736 79 111 100 443 150 86 96 59 43 109 79 63 137 107 153 116 119 165 669 109 1132 1219
internal_value=-0.000335226 -0.00138352 -0.00899621 -0.000847118 -0.0116608 -0.000422789 0.00147122 -0.000186162 0.00519526 0.00166667 0.000951087 -0.000922266 -0.00934783 0.00273585 0.00140732 -0.00665584 0.000235849 -0.00718954 0.00254587 0.0146853 0.00169284 -0.00554017 0.00324791 -0.0112205 -0.000746163 -0.00256298 -0.00312595 -0.00898588 -0.00131108 -0.00512635
internal_weight=12677 8022 527 7495 282 7213 4655 3222 1433 869 367 758 229 529 2486 307 211 152 2179 142 2037 360 1677 253 7035 3413 3294 778 2516 1384
internal_count=12677 8022 527 7495 282 7213 4655 3222 1433 869 367 758 229 529 2486 307 211 152 2179 142 2037 360 1677 253 7035 3413 3294 778 2516 1384
is_linear=0
shrinkage=0.05


Tree=226
num_leaves=31
num_cat=0
split_feature=15 1 1 7 14 7 6 14 12 1 8 3 1 0 7 14 15 7 0 3 7 6 7 6 8 1 7 8 12 12
split_gain=6.6011 16.4349 12.6314 9.3874 13.1404 8.85729 8.62033 11.8779 10.5968 8.52675 17.1669 6.73885 6.39663 11.9044 12.8415 11.3631 10.6961 10.6765 9.83012 12.7476 9.81004 12.3655 9.85925 11.7173 9.38422 9.50114 14.1553 11.3985 8.87665 12.6282
threshold=7929.5000000000009 9.5557761087267554 10.455199391988556 7.5000000000000009 5818.5000000000009 20.500000000000004 30.06652360515022 8226.5000000000018 0.49253244405029933 12.023010550786841 3.5000000000000004 3.9081545064377683 14.831907188841202 17.610300429184552 11.500000000000002 5278.5000000000009 6370.5000000000009 13.500000000000002 16.257510729613738 4.9070815450643792 22.500000000000004 391.36695278969961 14.500000000000002 181.36266094420603 3.5000000000000004 16.770511444921322 6.5000000000000009 5.5000000000000009 -0.92923668111203805 -0.97876850416056738
decision_type=8 2 2 2 10 2 2 10 2 2 2 2 2 2 2 10 10 2 2 2 2 2 2 2 2 2 2 2 2 2
left_child=12 -2 -3 -4 -5 6 7 -6 -8 -10 -11 -7 13 14 28 -16 17 -17 19 24 21 22 -18 -24 -14 26 27 -26 29 -1
right_child=1 2 3 4 5 11 8 -9 9 10 -12 -13 18 -15 15 16 20 -19 -20 -21 -22 -23 23 -25 25 -27 -28 -29 -30 -31
leaf_value=-0.17986710988907362 3.8272574864230595 -2.9424818706338103 -3.7701492338454501 8.3138362067146101 2.4745575880555863 -0.25747910724539907 -2.6767743223991149 -0.40700854745768994 1.6844187658160537 -2.5796483737583231 2.201979323713863 -3.2877014410790708 -0.064926237814597706 -1.5344336465095241 11.672252294350621 5.3577532745902774 5.2044769489643841 0.99373831686857561 0.0090652715275609808 2.9192087483163278 -0.6727839485522964 -0.33677284389382295 0.98652056183186687 -1.1501460240338248 0.86247534453832486 -1.3434496719452911 -1.3358946057754111 -1.0037106908298712 -0.058478704892377213 3.6620493054997953
leaf_weight=67 57 48 44 40 113 41 70 200 70 134 52 53 793 146 43 92 123 306 6001 60 114 223 618 150 112 239 221 54 2253 48
leaf_count=67 57 48 44 40 113 41 70 200 70 134 52 53 793 146 43 92 123 306 6001 60 114 223 618 150 112 239 221 54 2253 48
internal_value=-0.000154934 -0.00422535 -0.00594688 -0.0044621 -0.00316537 -0.00470027 -0.00257813 0.00334395 -0.00825688 -0.00350195 -0.00909091 -0.0189474 0.000167181 0.00173279 0.00224121 0.0055988 0.00491703 0.0120301 -0.000708461 -0.00435811 0.00260374 0.00403587 0.0066704 0.00455137 -0.0053169 -0.00988836 -0.00502577 0.00598802 -0.000126636 0.0133621
internal_weight=12585 922 865 817 773 733 639 313 326 256 186 94 11663 4183 4037 1669 1626 398 7480 1479 1228 1114 891 768 1419 626 387 166 2368 115
internal_count=12585 922 865 817 773 733 639 313 326 256 186 94 11663 4183 4037 1669 1626 398 7480 1479 1228 1114 891 768 1419 626 387 166 2368 115
is_linear=0
shrinkage=0.05


Tree=227
num_leaves=31
num_cat=0
split_feature=13 13 15 6 11 0 1 11 11 3 1 11 6 11 15 0 14 3 6 2 15 1 11 15 6 6 14 14 0 0
split_gain=5.20001 18.3008 15.9717 8.18649 6.12467 11.5282 14.3101 14.3251 10.6835 10.4194 10.9089 9.54736 10.248 11.9771 7.84912 10.4012 6.8361 6.29045 5.73554 6.71959 8.19159 6.82035 6.24651 5.3973 10.2333 18.4451 11.855 9.43367 8.95167 12.4266
threshold=0.99924179677339053 0.99731940924863693 5811.5000000000009 1.0000000180025095e-35 0.99138911339924218 9.8819742489270403 12.208650751072962 0.98005052076767474 0.7254836971458194 1.562446351931331 9.2920153791130211 0.95436825032516992 2.6845493562231764 0.63089349388778826 4971.5000000000009 10.585622317596568 6860.5000000000009 7.7369098712446371 929.41630901287556 0.1793991416309009 1.0000000180025095e-35 16.0707662732475 0.36447543099728863 4772.5000000000009 377.45278969957081 2.6845493562231764 4570.5000000000009 4231.5000000000009 16.257510729613738 11.298068669527899
decision_type=2 2 10 2 2 2 2 2 2 2 2 2 2 2 10 2 10 2 2 2 10 2 2 10 2 2 10 10 2 2
left_child=1 4 -3 -2 5 6 7 11 -8 -6 -11 12 13 -1 -12 17 -15 -16 19 20 -7 -21 -23 24 25 26 27 -22 29 -28
right_child=3 2 -4 -5 9 18 8 -9 -10 10 14 -13 -14 16 15 -17 -18 -19 -20 21 23 22 -24 -25 -26 -27 28 -29 -30 -31
leaf_value=-0.33383056618245066 0.39100529042702875 -0.10831412988582088 4.669441134027875 -2.0408303760892523 2.0298579532613075 -3.5972409882119112 2.2751575633506036 1.6371883468742909 0.60102767597200002 1.2387095982908705 0.84426795779668284 -0.95407445589996775 -1.6908344738765209 0.46652538511671082 -6.7633594304907554 -1.2492743544852603 2.4216299941488391 -9.2766773183943325 -0.8809587830169221 -2.5373497520095043 0.42530612056168593 0.14692249412423736 -2.0227234245856383 -0.067169846115257323 4.8852122087877436 -2.4824546585588454 2.2961560040895166 -0.31362138972714321 0.53588540703267429 -0.11684385843363998
leaf_weight=133 69 49 75 63 41 54 87 62 53 81 46 104 74 175 77 149 48 41 172 41 97 2516 67 7093 43 76 53 290 359 275
leaf_count=133 69 49 75 63 41 54 87 62 53 81 46 104 74 175 77 149 48 41 172 41 97 2516 67 7093 43 76 53 290 359 275
internal_value=5.96944e-05 0.000164897 0.0192 -0.00977444 -2.84368e-05 0.000185294 0.00624152 0.00284757 0.0205674 -0.00584862 -0.00835443 0.000186916 0.00348028 0.0070028 -0.0125796 -0.0158582 0.0140625 -0.0268908 -0.000215498 -7.29594e-05 -0.000767294 0.00213333 0.00245743 -0.000639556 0.00247069 0.00156386 0.00325581 -0.00373711 0.00719477 0.00121581
internal_weight=12563 12431 124 132 12307 11872 736 596 140 435 394 534 430 356 313 267 223 118 11136 10964 8340 2624 2583 8286 1193 1150 1074 387 687 328
internal_count=12563 12431 124 132 12307 11872 736 596 140 435 394 534 430 356 313 267 223 118 11136 10964 8340 2624 2583 8286 1193 1150 1074 387 687 328
is_linear=0
shrinkage=0.05


Tree=228
num_leaves=31
num_cat=0
split_feature=14 8 0 14 10 12 3 11 11 12 10 3 3 12 8 11 8 13 13 7 11 7 14 14 15 12 11 10 7 3
split_gain=9.27149 11.1341 9.52243 7.85629 7.72284 6.31833 8.01586 11.6161 12.7039 12.9913 10.368 10.358 10.0372 10.841 8.33725 15.3826 9.39416 22.9365 18.3567 12.0179 14.9446 8.66883 7.19201 10.4803 7.59051 7.09844 7.30745 6.82224 6.4666 6.35868
threshold=8226.5000000000018 3.5000000000000004 14.540128755364806 8388.0000000000018 0.46800856592688472 0.56192297990542495 6.8901287553648078 0.81304046271159414 0.70138038092733435 0.91593490216309192 0.77244481603295057 1.8203862660944206 5.8399141630901283 0.9252105435402006 1.0000000180025095e-35 -0.75581183015052977 5.5000000000000009 -0.18704161936942101 -0.25414035925338746 13.500000000000002 -0.57782411410281842 13.500000000000002 5356.5000000000009 6700.5000000000009 5350.5000000000009 0.90892735371523092 0.50370931781787065 0.34235194516023087 9.5000000000000018 3.5961373390557951
decision_type=8 2 2 10 2 2 2 2 2 2 2 2 2 2 2 2 2 2 2 2 2 2 10 10 10 2 2 2 2 2
left_child=5 2 3 -2 -5 -1 7 8 9 25 -8 -10 13 -11 15 -15 17 19 -18 -16 -21 -20 24 28 -19 26 -7 -9 -24 -29
right_child=1 -3 -4 4 -6 6 10 27 11 12 -12 -13 -14 14 16 -17 18 22 21 20 -22 -23 23 -25 -26 -27 -28 29 -30 -31
leaf_value=-0.028389806158156717 -1.1282489980875654 -1.6021837232474809 -2.125777086556718 2.3090577936737646 -0.41775131262779724 0.24868811911057948 1.4917628232107292 2.1117241594448388 4.0603614239142871 -2.452504557829525 -0.054384095204909499 0.54370272252092489 2.4145243788305608 -5.396882839913042 1.779968509344326 -0.27603822861578919 -3.2210894845304212 -0.41136387483215914 0.45102010912726204 1.9225983949429519 -1.4381069462144525 -1.2362212994053607 -0.69525537670515414 -1.0294804183828548 -3.2077088278120529 2.7001951469962933 -2.0051289212778101 -0.42235512402523911 0.81094623744534156 -1.2434447865943186
leaf_weight=8005 68 218 46 139 70 1598 164 43 56 64 128 222 40 43 141 159 51 127 76 58 46 53 77 138 42 70 56 190 177 215
leaf_count=8005 68 218 46 139 70 1598 164 43 56 64 128 222 40 43 141 159 51 127 76 58 46 53 77 138 42 70 56 190 177 215
internal_value=3.1794e-05 -0.00636531 -0.000462963 0.00305755 0.00785714 0.000319767 0.00193309 0.00130911 0.00233687 0.00139211 0.00989761 0.0125448 -0.00239753 -0.00319234 -0.00210261 -0.01133 -0.000202634 0.00210657 -0.0104972 0.0148374 0.00190476 -0.000384615 -0.00346975 0.000254453 -0.0120588 0.00423188 0.00356495 -0.00623608 0.00627451 -0.00825123
internal_weight=12580 541 323 277 209 12039 4034 3742 3294 3016 292 278 1292 1252 1188 202 986 806 180 245 104 129 561 392 169 1724 1654 448 254 405
internal_count=12580 541 323 277 209 12039 4034 3742 3294 3016 292 278 1292 1252 1188 202 986 806 180 245 104 129 561 392 169 1724 1654 448 254 405
is_linear=0
shrinkage=0.05


Tree=229
num_leaves=31
num_cat=0
split_feature=15 7 14 12 1 15 8 13 13 1 7 6 12 1 6 8 1 11 11 12 1 15 15 15 14 0 13 11 14 8
split_gain=6.56617 22.4243 16.5979 13.6088 12.3727 11.8535 11.2236 22.3381 14.7819 15.8133 9.10851 20.2658 9.76518 9.50268 8.54375 9.53481 8.99969 8.44776 9.17844 26.9027 13.0636 8.36317 9.34149 11.9738 14.0006 9.68952 10.8174 15.2295 11.1804 9.6828
threshold=6465.5000000000009 5.5000000000000009 6637.5000000000009 -0.86976336936302323 15.836427038626612 5705.5000000000009 1.0000000180025095e-35 0.60383265664488517 0.98005052076767474 12.612647532188843 13.500000000000002 160.2639484978541 0.98334239299093984 14.831907188841202 502.97424892703867 4.5000000000000009 13.676886623748214 0.9989598388634241 0.9863035000474919 -0.19337636264337835 10.896915236051504 6315.5000000000009 5412.5000000000009 5171.5000000000009 5458.5000000000009 22.219098712446353 -0.89404254237865755 -0.022575793296316496 5017.5000000000009 4.5000000000000009
decision_type=8 2 8 2 2 10 2 2 2 2 2 2 2 2 2 2 2 2 2 2 2 10 10 10 10 2 2 2 10 2
left_child=2 -2 21 4 -4 -5 7 10 9 -9 11 -3 -12 -13 15 16 -7 18 -8 -20 -21 22 23 24 -1 -24 27 -27 -28 -26
right_child=1 6 3 5 -6 14 17 8 -10 -11 12 13 -14 -15 -16 -17 -18 -19 19 20 -22 -23 25 -25 29 26 28 -29 -30 -31
leaf_value=0.037473272752640695 -4.665566978485276 4.3715294789231169 1.4928696780394604 3.6809870815777916 -4.4193272487116246 1.0816787004800972 -0.13533577198868443 6.4826933780129599 -0.36620162348567648 0.91080458085971261 0.5124269285062838 -3.0502745092677745 -2.4145163795541067 -5.8515591391872022 -0.29893313577708797 0.65449656131499978 5.5135516918587202 2.3984612286058793 -18.151887914141252 5.0340618467729206 -2.0156201251760195 0.68812831375601036 -0.33222544286231825 0.38158215087673852 1.0284803120377546 -1.9472250554648782 -0.53546402269143989 0.11073329344026206 0.70141746704057373 -1.3744859308535753
leaf_weight=2845 46 58 62 122 49 69 3482 98 56 77 317 57 43 44 121 257 73 50 60 62 103 416 1990 949 88 57 97 74 518 330
leaf_count=2845 46 58 62 122 49 69 3482 98 56 77 317 57 43 44 121 257 73 50 60 62 103 416 1990 949 88 57 97 74 518 330
internal_value=-0.000292005 -0.00181159 0.000560483 0.00762599 -0.00848214 0.0104199 -0.00145297 0.00412783 0.0170259 0.0241477 -0.00163462 -0.0115625 0.00277008 -0.025 0.00710173 0.010625 0.020979 -0.00256786 -0.0028452 -0.0126106 -0.00210843 -0.000162933 -0.000575622 0.00090197 -0.000536152 -0.00284984 0.00200803 -0.0109848 0.00478896 -0.00906921
internal_weight=12670 4553 8117 753 111 642 4507 750 231 175 519 159 360 101 520 399 142 3757 3707 225 165 7364 6948 4212 3263 2736 746 131 615 418
internal_count=12670 4553 8117 753 111 642 4507 750 231 175 519 159 360 101 520 399 142 3757 3707 225 165 7364 6948 4212 3263 2736 746 131 615 418
is_linear=0
shrinkage=0.05


Tree=230
num_leaves=31
num_cat=0
split_feature=15 14 14 14 12 11 15 15 10 10 1 1 14 14 15 10 11 10 14 11 11 12 10 12 11 1 15 0 1 1
split_gain=10.4003 9.75698 8.46429 7.6932 13.2361 10.4094 11.6097 10.1844 9.32384 21.6768 9.37182 9.95083 8.44415 8.03406 9.52284 8.84909 7.44368 10.0448 8.39006 9.33302 13.3465 7.77301 7.20235 6.89776 6.78587 11.0326 8.37324 6.46162 16.0525 8.4524
threshold=6575.5000000000009 6788.5000000000009 4880.5000000000009 6700.5000000000009 -0.98803388382128665 -0.013976481981245173 6801.5000000000009 7431.5000000000009 -0.96689237009891416 -0.90163369914317015 10.847456187410589 10.179403612303291 8226.5000000000018 6484.5000000000009 6622.5000000000009 -0.25205528343633254 0.98005052076767474 0.91248814248966237 7197.5000000000009 0.57605713708605399 0.86004965528756494 -0.93545056548590078 -0.814291907305839 0.83966414931270739 0.67644692717078936 13.848077610872677 6917.5000000000009 19.300000000000001 15.686628218884122 16.227378397711018
decision_type=8 10 8 8 2 2 10 8 2 2 2 2 8 10 8 2 2 2 10 2 2 2 2 2 2 2 10 2 2 2
left_child=1 27 -2 4 -4 6 13 22 -7 -10 11 -11 -9 14 -6 -16 17 18 21 -20 -21 -3 -5 -14 25 -12 -27 29 -29 -1
right_child=2 16 3 7 5 8 -8 12 9 10 24 -13 23 -15 15 -17 -18 -19 19 20 -22 -23 -24 -25 -26 26 -28 28 -30 -31
leaf_value=0.054647548807679414 -2.7770679191524099 -1.7009987056545015 -2.177532323743617 0.059356880925361115 -2.1003229146614557 4.1423163300336459 -1.0936692705520272 0.26059713919157729 -2.9931353311551221 3.3878085699215719 6.081919017510109 -4.2719792269327632 -0.24782459825594289 0.84936601108047405 -0.32220954544623059 2.0122258318762989 6.7771095160746881 3.4702894994173223 -2.1298907382288235 3.1291596874004655 -2.5812846372162541 0.9750082755132099 -0.74409302549070166 -1.4273580205567669 0.49241429085764143 2.2796720010611806 -0.37678465216779389 -3.0908734494531021 0.14832161795607135 -0.12706936990634859
leaf_weight=2880 54 41 40 250 47 43 201 885 44 43 102 51 300 78 146 82 101 79 55 72 40 232 1171 167 254 70 86 63 2871 2068
leaf_count=2880 54 41 40 250 47 43 201 885 44 43 102 51 300 78 146 82 101 79 55 72 40 232 1171 167 254 70 86 63 2871 2068
internal_value=-0.000269478 0.000729154 -0.00233293 -0.00206846 0.00112578 0.00204327 -0.00306306 -0.00355083 0.00612392 0.00460829 0.00708402 -0.00736842 -0.000443459 0.00240113 -0.00163043 0.00262009 0.00676329 0.00432692 0.00136054 -0.00744048 0.000884956 0.00675182 -0.00650492 -0.00587607 0.00974659 0.015444 0.00700637 0.000253711 0.00211244 -0.000848656
internal_weight=12616 8502 4114 4060 1287 1247 554 2773 693 650 606 94 1352 353 275 228 620 519 440 167 112 273 1421 467 512 258 156 7882 2934 4948
internal_count=12616 8502 4114 4060 1287 1247 554 2773 693 650 606 94 1352 353 275 228 620 519 440 167 112 273 1421 467 512 258 156 7882 2934 4948
is_linear=0
shrinkage=0.05


Tree=231
num_leaves=31
num_cat=0
split_feature=15 7 7 6 11 11 11 11 1 11 0 15 15 6 6 13 13 7 11 1 8 15 8 1 11 11 8 6 3 7
split_gain=9.4876 16.9531 15.4284 12.1893 15.1853 22.1407 18.2887 10.78 13.862 11.2855 9.00901 8.72147 11.0113 10.7874 9.2923 8.21016 15.138 12.9383 9.94668 8.04085 13.4789 11.8747 11.4545 13.5769 13.6052 8.72403 7.73912 11.9774 7.72519 7.66164
threshold=6917.5000000000009 6.5000000000000009 21.500000000000004 157.94420600858373 0.92191100909954782 0.90438663683299525 0.94909129669788206 0.88117331841669433 12.895989806866954 0.86004965528756494 34.144849785407736 7408.5000000000009 8178.5000000000009 9.2403433476394863 9.2403433476394863 0.99897831515029056 0.99421661762139257 5.5000000000000009 0.99748108949426018 11.886663984263235 1.5000000000000002 7579.5000000000009 3.5000000000000004 14.768495171673822 -0.9260227363677036 0.83730377313544024 4.5000000000000009 1.0000000180025095e-35 4.4712446351931341 9.5000000000000018
decision_type=8 2 2 2 2 2 2 2 2 2 2 8 10 2 2 2 2 2 2 2 2 10 2 2 2 2 2 2 2 2
left_child=10 -2 3 4 5 7 -6 9 -9 11 15 13 -13 -3 28 16 18 -17 -1 20 21 -5 -21 25 -25 -24 27 -18 -14 -15
right_child=1 2 -4 19 6 -7 -8 8 -10 -11 -12 12 14 29 -16 17 26 -19 -20 22 -22 -23 23 24 -26 -27 -28 -29 -30 -31
leaf_value=0.011426384669425716 -4.143782583914617 -1.1076351606621757 -1.8842028408725584 -2.9422094516370181 4.1901643627536487 -5.2911689109944753 0.3442578959243292 6.8314269694845287 -0.41291956410409514 -4.1147980221654512 2.5749309865753278 0.77099670083391636 -0.52084776712699754 -2.2637865952471659 -1.3559901195289059 0.82042398810831407 1.2313888192092464 -2.329594096587607 -0.89615051129294443 -0.46858181003331084 -3.9777538675007236 2.6817209290610666 10.965260829672117 1.7550399766196734 -3.0250920372358907 1.1229994536640333 -0.037400619652544265 7.3764291679206968 2.1140338045528551 0.37464360166422922
leaf_weight=9342 41 182 173 72 122 42 363 41 43 52 47 328 83 58 71 48 52 107 53 589 166 67 53 40 45 41 43 46 43 199
leaf_count=9342 41 182 173 72 122 42 363 41 43 52 47 328 83 58 71 48 52 107 53 589 166 67 53 40 45 41 43 46 43 199
internal_value=-0.000482099 -0.00298456 -0.00252262 -0.001592 0.00113636 -0.00201225 0.00853909 -0.000635786 0.0164706 -0.0020649 0.000266968 -0.000829016 0.00351711 -0.00602273 -0.00580808 0.000159926 0.000346021 -0.0112179 0.000101107 -0.00572626 -0.0125817 -0.00107143 -0.0029909 0.00805556 -0.00639535 0.0210526 0.0165493 0.0242424 0.0023622 0.000581395
internal_weight=12652 2914 2873 2700 1627 1142 485 1100 84 1016 9738 964 525 439 197 9691 9536 155 9395 1073 305 139 768 179 85 94 141 98 126 257
internal_count=12652 2914 2873 2700 1627 1142 485 1100 84 1016 9738 964 525 439 197 9691 9536 155 9395 1073 305 139 768 179 85 94 141 98 126 257
is_linear=0
shrinkage=0.05


Tree=232
num_leaves=31
num_cat=0
split_feature=13 13 7 7 15 0 7 15 7 7 0 14 13 11 13 14 0 1 11 7 15 3 15 14 11 7 10 0 15 7
split_gain=6.9417 13.1518 12.6441 6.16802 9.80895 16.2241 9.49606 14.7697 17.7538 14.9305 12.1593 11.8184 10.4981 9.18869 8.79816 8.67668 8.40018 9.69499 11.6778 7.9377 11.8079 7.77229 15.1687 12.3186 11.6782 12.5589 11.416 8.64943 8.54205 13.0531
threshold=0.99924179677339053 0.99731940924863693 8.5000000000000018 1.0000000180025095e-35 5400.5000000000009 11.683905579399143 8.5000000000000018 5705.5000000000009 6.5000000000000009 5.5000000000000009 17.539914163090135 6524.5000000000009 0.63089349388778826 0.080547328232315238 -0.65721521735223198 5525.5000000000009 19.181974248927038 21.384316881258943 1.0000000180025095e-35 22.500000000000004 5445.5000000000009 1.4225321888412019 6949.5000000000009 5603.5000000000009 -0.30164489695395946 11.500000000000002 -0.20180236284700911 12.308798283261803 5914.5000000000009 17.500000000000004
decision_type=2 2 2 2 8 2 2 8 2 2 2 10 2 2 2 10 2 2 2 2 8 2 10 10 2 2 2 2 10 2
left_child=1 3 -3 4 14 -6 7 8 16 15 -11 12 -10 -12 -1 -9 -5 -18 -19 21 -21 28 24 -24 -23 26 -26 -27 29 -8
right_child=-2 2 -4 6 5 -7 19 9 11 10 13 -13 -14 -15 -16 -17 17 18 -20 20 -22 22 23 -25 25 27 -28 -29 -30 -31
leaf_value=-0.026408532374080099 -1.0785414744611899 -0.21564925479167416 4.2908840238623958 -0.038138748349183516 1.1558918828665583 -1.1277409350318521 0.014181329666826059 -4.9004261386801318 -1.1810577507379549 -0.74669034973971982 -0.075268838470492483 0.69693745691563436 -2.2738610367467573 1.3933775349115878 1.2712074764580394 -1.5848267311527708 0.80088129801874863 0.32817309862671212 -0.18372426411046947 0.21687472509147485 -1.0703293041893176 -1.3550955315755802 12.800328024039187 -0.042873197512153641 -3.0099776275471868 5.0956370440695995 1.694680382369552 1.5168984149411244 -0.10153015578691793 0.73052988810895847
leaf_weight=119 129 44 70 2384 104 107 1143 50 209 555 230 52 57 40 199 40 52 379 49 224 303 63 46 1562 57 147 183 334 3304 355
leaf_count=119 129 44 70 2384 104 107 1143 50 209 555 230 52 57 40 199 40 52 379 49 224 303 63 46 1562 57 147 183 334 3304 355
internal_value=-0.000428878 -0.000308939 0.0165217 -0.000465662 0.00481132 -0.00353774 -0.000702259 -0.00264763 -0.00103676 -0.00824236 -0.0061138 -0.0122257 -0.0164794 0.00258303 0.0103448 -0.0274725 0.000209424 0.00623701 0.0037296 0.000330225 -0.00558712 0.00076442 0.00309235 0.000310752 0.00878981 0.0105956 0.00124481 0.015249 -0.000395586 0.00273516
internal_weight=12590 12461 114 12347 529 211 11818 4097 3182 915 825 318 266 270 318 90 2864 480 428 7721 527 7194 2392 1608 784 721 240 481 4802 1498
internal_count=12590 12461 114 12347 529 211 11818 4097 3182 915 825 318 266 270 318 90 2864 480 428 7721 527 7194 2392 1608 784 721 240 481 4802 1498
is_linear=0
shrinkage=0.05


Tree=233
num_leaves=31
num_cat=0
split_feature=13 12 12 12 12 0 14 11 14 11 8 15 8 11 14 0 7 13 12 13 0 7 8 13 15 3 14 7 7 15
split_gain=6.44965 24.4884 12.0301 10.5384 19.8649 16.4219 15.1677 11.4559 15.7179 15.5207 14.8974 24.9131 10.493 14.0972 13.4896 13.5462 10.4571 9.50007 15.91 13.0887 9.3565 8.82984 14.2901 9.35431 7.93648 14.117 7.8678 7.12358 7.01546 20.1237
threshold=-0.82413948779581736 -0.42860892273876966 -0.43733782138609528 -0.064463015794845938 -0.039769906970920914 11.408369098712448 4507.5000000000009 -0.22700609751797865 6185.5000000000009 -0.10837475778693638 2.5000000000000004 5115.5000000000009 3.5000000000000004 0.21652257995689161 5991.5000000000009 16.546566523605151 16.500000000000004 -0.57078287476060374 0.80417553764032002 -0.55656394595157355 12.308798283261803 1.0000000180025095e-35 1.0000000180025095e-35 -0.54220090575550783 5400.5000000000009 3.3130901287553658 6107.5000000000009 14.500000000000002 8.5000000000000018 4909.5000000000009
decision_type=2 2 2 2 2 2 10 2 10 2 2 10 2 2 10 2 2 2 2 2 2 2 2 2 8 2 10 2 2 8
left_child=1 2 27 5 -5 -3 -7 8 -6 10 -9 -12 13 26 -14 20 -13 18 -2 -19 -16 22 -21 -23 -24 -26 -11 -1 29 -25
right_child=17 3 -4 4 7 6 -8 9 -10 12 11 16 14 -15 15 -17 -18 19 -20 21 -22 23 24 28 25 -27 -28 -29 -30 -31
leaf_value=-0.27128623890657766 0.19695675366647267 3.1055568685578239 -1.898486306477662 -7.0210260013217525 1.2566683508353891 -1.9615714586080231 0.32916053236008341 -1.6020537230272112 -0.56302159235692673 0.10318588487268698 -1.0717411379183888 2.5713117305511335 0.22723918608007809 -1.4884158188721814 -1.8902025603243602 -3.5107451142021091 -0.11731667796589136 -4.3514245125797517 4.8848213403933647 -1.1078882535967751 0.30788995707830513 1.8790771928346659 1.4077560715494657 0.11106060324946157 -0.69246943423295315 1.1863024902351753 1.4400468523661858 -1.4249364826886677 0.03453461623039402 -0.40951549306200835
leaf_weight=187 1543 41 42 41 113 53 714 117 47 276 62 55 189 134 40 83 42 71 79 49 76 76 145 1081 50 97 223 120 5038 1653
leaf_count=187 1543 41 42 41 113 53 714 117 47 276 62 55 189 134 40 83 42 71 79 49 76 76 145 1081 50 97 223 120 5038 1653
internal_value=-0.000203382 -0.00239081 -0.0147143 -0.000520156 -0.003002 0.00407911 0.00240885 -0.00202332 0.010559 -0.00358243 -0.0140794 -0.0040625 -0.000733855 0.00323344 -0.00719794 -0.01625 0.0117347 0.000384499 0.0038817 -0.000302627 -0.00512821 -0.000115995 0.00774854 -0.000458657 0.0119454 0.00371622 0.0071 -0.0112013 -0.000630387 -0.0026691
internal_weight=12537 2655 349 2306 1498 808 767 1457 160 1297 276 159 1021 633 388 199 97 9882 1622 8260 116 8189 341 7848 292 147 499 307 7772 2734
internal_count=12537 2655 349 2306 1498 808 767 1457 160 1297 276 159 1021 633 388 199 97 9882 1622 8260 116 8189 341 7848 292 147 499 307 7772 2734
is_linear=0
shrinkage=0.05


Tree=234
num_leaves=31
num_cat=0
split_feature=10 7 7 10 5 6 8 7 7 7 10 7 15 11 0 7 7 8 6 10 4 11 7 1 7 8 8 10 11 5
split_gain=6.61464 14.5369 15.084 20.9238 9.93829 7.49671 11.328 36.8427 20.8307 17.8357 19.5412 14.5336 14.6172 13.9575 13.861 9.82159 20.1086 18.0173 17.6399 12.8934 13.7099 11.5515 13.0784 10.6764 10.3818 43.952 17.1259 15.8397 14.0311 13.4127
threshold=0.9962888416657264 3.5000000000000004 19.500000000000004 0.99865421017599998 0.21784753817532124 190.32188841201719 4.5000000000000009 13.500000000000002 10.500000000000002 12.500000000000002 -0.29343379936893921 15.500000000000002 5773.5000000000009 -0.79904327102181261 15.383047210300431 8.5000000000000018 16.500000000000004 5.5000000000000009 31.980686695278973 0.99053107487289871 0.26131489804564373 0.45847758937963173 10.500000000000002 12.353585479256081 2.5000000000000004 1.0000000180025095e-35 1.5000000000000002 -0.88622299073327826 -0.39036009226888674 3.7110582254231979
decision_type=2 2 2 2 2 2 2 2 2 2 2 2 10 2 2 2 2 2 2 2 2 2 2 2 2 2 2 2 2 2
left_child=5 -2 3 -3 -5 15 9 8 -8 10 -7 -11 -13 -14 -12 24 18 19 -17 20 -18 -20 -23 -19 25 -1 -27 28 -26 -28
right_child=1 2 -4 4 -6 6 7 -9 -10 11 14 12 13 -15 -16 16 17 23 21 -21 -22 22 -24 -25 27 26 29 -29 -30 -31
leaf_value=-1.4325939002452062 -2.9616757404204694 -1.8967677109855687 -3.8417103446111924 0.61398933097989361 6.3692349989273227 -0.86546604582131303 -0.86676210249393082 -1.5267852129315997 1.11036814211202 0.59911312479387113 -1.2439820636391232 4.4708313994593487 0.5788775535501145 -0.70755804551424717 0.72907167828138886 9.1340941254149595 -0.14134427181643333 4.0825167437609933 6.5274453410973825 1.9475322526758647 0.69999603923340603 -0.11948606166520222 4.1334443187241732 0.59566964725947857 1.9070580453647836 1.2567366887344633 0.033575311824756683 -0.2311017821283258 0.069026960770816007 1.2570211242121561
leaf_weight=218 71 99 65 89 65 638 213 541 380 1034 251 42 188 450 389 71 2319 100 84 51 248 261 218 314 45 223 894 2366 492 186
leaf_count=218 71 99 65 89 65 638 213 541 380 1034 251 42 188 450 389 71 2319 100 84 51 248 261 218 314 45 223 894 2366 492 186
internal_value=-0.000384737 -0.00679487 -0.00219436 0.00334646 0.0148387 -0.000180077 -0.00191422 -0.0061674 0.00244108 -0.000300702 -0.00476935 0.00303207 -0.00264317 -0.00453834 0.00140406 0.000704486 0.00261794 0.000923178 0.0107087 -0.00061092 -0.00110981 0.00771277 0.0046875 0.0106024 -0.000881356 0.00246386 0.00594325 -0.0026343 0.00511152 0.00333025
internal_weight=12605 389 318 253 154 12216 4126 1134 593 2992 1278 1714 680 638 640 8090 3666 3032 634 2618 2567 563 479 414 4424 1521 1303 2903 537 1080
internal_count=12605 389 318 253 154 12216 4126 1134 593 2992 1278 1714 680 638 640 8090 3666 3032 634 2618 2567 563 479 414 4424 1521 1303 2903 537 1080
is_linear=0
shrinkage=0.05


Tree=235
num_leaves=31
num_cat=0
split_feature=15 14 15 15 6 1 1 15 15 15 13 13 13 12 6 2 12 12 11 14 11 13 15 15 6 12 11 15 14 1
split_gain=7.30182 19.9312 17.6526 12.7236 11.0579 14.3899 15.1429 12.0575 13.8867 11.6882 8.5156 24.5964 7.72939 7.62424 7.46772 15.1872 7.42703 13.8273 10.368 12.1259 10.4282 9.83873 17.1868 17.9273 8.63796 8.50102 15.2534 9.29503 15.0823 8.31158
threshold=5296.5000000000009 5252.5000000000009 5184.5000000000009 4998.5000000000009 1.0000000180025095e-35 15.412804005722462 17.93767435622318 6283.5000000000009 6536.5000000000009 5322.5000000000009 0.315961146185463 0.47370525521770246 -0.5074255885747686 0.92919371535393525 1.0000000180025095e-35 2.8909871244635181 0.94704596667653973 0.91593490216309192 0.79253265336324141 7881.5000000000009 0.71353761266622884 -0.084834093387464782 7502.5000000000009 7043.0000000000009 59.227467811158803 0.9993614236720848 -0.73284120334876357 6100.5000000000009 6700.5000000000009 13.27412374821173
decision_type=8 10 10 10 2 2 2 8 10 10 2 2 2 2 2 2 2 2 2 10 2 2 10 10 2 2 2 10 10 2
left_child=2 4 3 10 9 12 -7 13 -9 -2 -1 -12 -6 -8 -13 -16 17 -3 19 20 21 22 23 29 -21 26 27 -23 -29 -18
right_child=1 16 -4 -5 5 6 7 8 -10 -11 11 14 -14 -15 15 -17 18 -19 -20 24 -22 25 -24 -25 -26 -27 -28 28 -30 -31
leaf_value=0.014511684780381985 -2.3515841745190302 -0.018113837304008486 0.7384731177003232 -0.32784007811837912 -0.37028502603773178 -5.0130788744321766 -0.2279838169755749 2.0799363844108032 -2.1459323971275355 -0.76228689695760754 1.2971194941520481 0.30957046336966415 4.7907652947283399 -2.8198769877280938 -2.7410901762488722 0.61800063850168963 -0.55551345697199395 -0.97926669990283699 3.4589348286293902 -0.29423404372419099 2.2027888138989966 -1.4937633786580591 5.8449870360125722 -3.09631812885541 -4.8173159341252365 1.2373839507151616 -4.0065989729497238 0.71710674758683135 -0.60677285638921608 1.2142414253766221
leaf_weight=1783 75 6673 463 823 58 74 171 92 43 278 109 495 52 47 49 46 72 265 67 65 150 54 43 47 48 54 105 106 43 147
leaf_count=1783 75 6673 463 823 58 74 171 92 43 278 109 495 52 47 49 46 72 265 67 65 150 54 43 47 48 54 105 106 43 147
internal_value=-9.12843e-05 -0.00087769 0.00175113 0.000468845 -0.00796857 -0.00343866 -0.00759346 -0.00324859 0.00845588 -0.0148305 0.00225534 0.00692857 0.0126126 -0.0105023 0.00287648 -0.00989583 -8.1864e-05 -0.00066292 0.00394212 0.00256684 0.0046837 0.00200893 0.00854839 0.00374532 -0.0127193 -0.00358127 -0.00679612 0.00122549 0.00766667 0.00977273
internal_weight=12597 8829 3768 3305 890 537 427 353 135 353 2482 699 110 218 590 95 7939 6938 1001 934 821 671 309 266 113 362 308 203 149 219
internal_count=12597 8829 3768 3305 890 537 427 353 135 353 2482 699 110 218 590 95 7939 6938 1001 934 821 671 309 266 113 362 308 203 149 219
is_linear=0
shrinkage=0.05


Tree=236
num_leaves=31
num_cat=0
split_feature=14 8 14 10 8 13 12 10 10 1 10 8 13 11 13 13 11 11 7 14 10 14 7 1 1 1 1 14 11 10
split_gain=6.53712 14.8923 7.66497 7.78265 6.98433 6.2491 13.2146 11.3383 9.81131 15.3984 12.1058 11.4364 18.3463 18.5471 18.5432 21.7081 24.526 17.0446 12.855 15.2821 9.47008 10.5508 9.4953 9.29755 14.2809 11.689 26.0849 17.8443 9.77234 15.0018
threshold=7197.5000000000009 1.0000000180025095e-35 7393.5000000000009 -0.72696319516528884 5.5000000000000009 -0.67802903493420741 -0.42860892273876966 0.89017062131308955 0.8697513045430848 16.770511444921322 0.86113431103781346 5.5000000000000009 -0.15951288319385923 -0.53495380374625956 0.9863035000474919 0.92763104771667149 0.95178258287705175 0.90803977035715633 18.500000000000004 5458.5000000000009 -0.51297808981038739 6020.5000000000009 19.500000000000004 13.460510550786841 14.219174713876967 15.686628218884122 16.770511444921322 6539.5000000000009 0.28313308994381592 -0.94139628442229062
decision_type=8 2 10 2 2 2 2 2 2 2 2 2 2 2 2 2 2 2 2 10 2 10 2 2 2 2 2 10 2 2
left_child=5 -2 -3 -4 -5 6 23 8 10 -10 11 -7 13 -13 15 16 17 20 19 -15 21 -14 -22 -1 -25 -26 -27 28 -28 -30
right_child=1 2 3 4 -6 7 -8 -9 9 -11 -12 12 14 18 -16 -17 -18 -19 -20 -21 22 -23 -24 24 25 26 27 -29 29 -31
leaf_value=-1.5671865482360319 5.7417314535769952 -0.76758869549098563 2.8147701544869506 -0.23147264035226273 2.8077079033030259 0.11531186951758628 0.015510191713542554 1.2588131317888838 -9.4889486809897345 0.38973765058656229 8.2256907271733333 -3.2370946309518787 0.18451647406639041 -0.053727054999853863 -1.1328377273770911 3.6891334178555328 -3.5604080806673668 4.3686425174756556 2.2628660185969012 -4.0681195032673259 -0.70903572284705663 3.6107896981002341 1.3729468527047175 1.4337271151989626 -2.386456938566198 2.2020828401237398 -1.2856948446660454 0.72501552575156447 0.56414139699409138 -0.53402188713082521
leaf_weight=93 75 467 45 1444 77 5582 2610 207 84 72 58 56 170 104 76 82 65 54 40 69 289 45 51 44 80 58 232 98 78 104
leaf_count=93 75 467 45 1444 77 5582 2610 207 84 72 58 56 170 104 76 82 65 54 40 69 289 45 51 44 80 58 232 98 78 104
internal_value=-0.000114988 -0.00265529 -0.00346608 -0.00178685 -0.00239816 0.000395163 -0.00136845 0.00123856 0.000891563 -0.011465 0.00117918 0.000979952 -0.00367514 -0.015 0 0.00237781 -0.000592593 0.00254098 -0.00817757 -0.0140805 -8.99281e-05 0.00810185 -0.00527859 -0.00704315 -0.00503597 -0.00691244 -0.00437828 -0.0079922 -0.0125301 -0.00382514
internal_weight=12609 2108 2033 1566 1521 10501 3397 7104 6897 156 6741 6683 1101 269 832 756 674 609 213 173 555 215 340 787 694 650 570 512 414 182
internal_count=12609 2108 2033 1566 1521 10501 3397 7104 6897 156 6741 6683 1101 269 832 756 674 609 213 173 555 215 340 787 694 650 570 512 414 182
is_linear=0
shrinkage=0.05


Tree=237
num_leaves=31
num_cat=0
split_feature=6 11 12 14 13 0 15 11 0 15 0 4 11 12 14 3 15 6 12 14 12 12 12 13 7 8 12 11 12 0
split_gain=6.32466 11.6424 15.4043 11.8429 10.062 8.51978 8.0379 7.6012 12.0661 15.6522 12.0441 7.38943 7.24408 11.1688 9.78235 8.72936 6.90222 6.57221 6.49997 9.71965 9.60375 9.2496 26.3222 9.63878 11.5596 15.8933 19.5609 13.6408 11.694 14.9172
threshold=469.70171673819749 -0.63257203029273779 -0.95753797188986722 7572.5000000000009 -0.99864786094873803 19.300000000000001 6949.5000000000009 -0.17646730165275518 18.775107296137342 5980.5000000000009 22.131759656652367 0.27062369909189671 -0.52034141052533245 0.59004413292372648 6296.5000000000009 0.97596566523605077 7100.5000000000009 789.91630901287567 0.94704596667653973 7519.5000000000009 0.96687895796550427 -0.2270106897347694 -0.20075075429075132 -0.94139465211055529 2.5000000000000004 1.0000000180025095e-35 -0.34235511113144612 0.6174544326165855 -0.61237701952678392 13.440128755364809
decision_type=2 2 2 10 2 2 10 2 2 10 2 2 2 2 8 2 10 2 2 8 2 2 2 2 2 2 2 2 2 2
left_child=5 11 -3 4 -4 12 -7 8 9 -6 -10 -2 13 14 15 -1 -8 -12 21 -20 -21 23 -23 -14 -25 28 27 -27 29 -26
right_child=1 2 3 -5 7 6 16 -9 10 -11 17 -13 18 -15 -16 -17 -18 -19 19 20 -22 22 -24 24 25 26 -28 -29 -30 -31
leaf_value=0.46400525704057149 1.1637250155506991 -4.8851199581481071 1.0737243545091588 3.3328069152819353 11.042727180004841 0.19021926196660388 -1.0782403833458829 -1.0505890868849292 -3.7541614213453616 -1.3400148573034132 0.24490140074603917 -0.019475049047787255 1.102630321139509 -1.1248191080183916 -0.98029986248111534 -0.21256149049063425 -0.0070039437025570805 -0.36555180835143802 0.78681100010203409 3.2774442518636309 -1.5251397610214099 -14.549079497978234 -0.095133917094381112 0.57824911391467138 -5.4873566401980272 -0.60183877789797868 -3.0193707345203622 0.14077198969021085 2.9159401387580601 1.072350069958361
leaf_weight=325 96 46 59 42 59 2203 76 545 107 41 233 872 154 219 61 166 179 128 476 44 153 48 3428 425 54 818 81 1151 113 186
leaf_count=325 96 46 59 42 59 2203 76 545 107 41 233 872 154 219 61 166 179 128 476 44 153 48 3428 425 54 818 81 1151 113 186
internal_value=-0.000365398 -0.00278152 -0.00594766 -0.00485597 -0.0057971 0.000154425 0.00272468 -0.00686715 -0.00281195 0.0128713 -0.00618337 0.00134159 -0.000645325 -0.00524611 -0.00144665 0.000914634 -0.00566406 -0.00179558 -0.000147224 0.00452522 -0.00479798 -0.000634773 -0.00238712 0.00140798 0.000742312 -0.000603161 -0.00229157 -0.00129442 0.00918079 0.00290456
internal_weight=12588 2228 1260 1214 1172 10360 2458 1113 568 100 468 968 7902 771 552 491 255 361 7131 673 197 6458 3476 2982 2828 2403 2050 1969 353 240
internal_count=12588 2228 1260 1214 1172 10360 2458 1113 568 100 468 968 7902 771 552 491 255 361 7131 673 197 6458 3476 2982 2828 2403 2050 1969 353 240
is_linear=0
shrinkage=0.05


Tree=238
num_leaves=31
num_cat=0
split_feature=8 7 8 7 13 13 8 8 11 12 1 12 1 1 10 12 11 12 12 13 12 12 12 12 13 12 13 12 11 7
split_gain=5.88814 19.6086 19.6329 12.0882 19.8279 29.084 15.2479 18.2082 16.4366 13.2488 13.7615 10.4669 10.4343 19.7151 19.0177 9.98237 14.0062 13.27 23.7551 10.1935 9.52518 11.1601 11.108 9.4347 20.3138 16.2932 17.6765 12.9197 18.7355 12.8952
threshold=4.5000000000000009 3.5000000000000004 5.5000000000000009 4.5000000000000009 0.99897831515029056 0.99731940924863693 1.0000000180025095e-35 1.5000000000000002 0.33222858587828868 0.033323506451456063 22.459035228898429 -0.39727776132405557 11.799213161659514 11.69237303290415 0.94978112945126536 0.99865421017599998 -0.70900320270980455 0.94135275643221272 0.91593490216309192 -0.18704161936942101 0.91593490216309192 0.86440767487108461 0.77241981449888963 -0.39036798905311365 -0.83377508534904698 -0.14250758662009075 -0.94139465211055529 -0.10837644903917555 -0.98372925196996197 16.500000000000004
decision_type=2 2 2 2 2 2 2 2 2 2 2 2 2 2 2 2 2 2 2 2 2 2 2 2 2 2 2 2 2 2
left_child=3 2 -2 6 5 12 9 8 -8 11 -11 -1 13 14 -5 17 -17 18 -14 -19 21 22 -9 24 -3 26 -25 -27 -29 -26
right_child=1 23 -4 4 -6 -7 7 20 -10 10 -12 -13 15 -15 -16 16 -18 19 -20 -21 -22 -23 -24 25 29 27 -28 28 -30 -31
leaf_value=-0.68448072100341051 1.1017918664256285 -4.2125410746279162 -0.228905747043018 0.056945963833913996 -1.7380002157782657 6.3201016113603607 -0.070969344232662476 -0.26538951976992847 1.3632073469453645 -2.0441924191454293 0.21493971307265838 1.5419876615693739 0.16076431591725396 -3.1561716600904677 -1.9568000025743915 -22.929060501239658 0.51336151667755991 2.2151742161515586 -1.3934260904738496 0.26137832538693145 0.23542725045758744 -1.5294058630091969 1.1910920814617612 6.6289148503951996 -1.3016766631089922 -2.0087806770013685 0.083197866699083536 -3.1167907394732994 -0.07297956672246074 0.23271042009055237
leaf_weight=129 300 59 293 793 124 60 203 850 178 155 40 47 5078 99 46 45 45 152 167 555 159 52 66 68 611 84 175 63 1623 319
leaf_count=129 300 59 293 793 124 60 203 850 178 155 40 47 5078 99 46 45 45 152 167 555 159 52 66 68 611 84 175 63 1623 319
internal_value=-0.000276921 -0.00198832 0.00631313 0.000403582 0.00133985 0.0016901 -0.00316489 -0.000927767 0.00850785 -0.0122312 -0.0211735 -0.00225989 0.00138949 -0.00351438 -0.0010119 0.00215125 -0.0142857 0.00240215 0.0015345 0.00882768 -0.00412234 -0.00598555 -0.0046892 -0.0036297 -0.00762626 -0.00166336 0.0104508 -0.00333145 -0.00237107 -0.00580021
internal_weight=12638 3595 593 9043 7164 7040 1879 1508 381 371 195 176 6980 938 839 6042 90 5952 5245 707 1127 968 916 3002 989 2013 243 1770 1686 930
internal_count=12638 3595 593 9043 7164 7040 1879 1508 381 371 195 176 6980 938 839 6042 90 5952 5245 707 1127 968 916 3002 989 2013 243 1770 1686 930
is_linear=0
shrinkage=0.05


Tree=239
num_leaves=31
num_cat=0
split_feature=15 8 7 7 10 7 12 12 13 10 1 1 12 13 13 8 8 1 1 15 0 12 0 15 7 7 15 10 10 13
split_gain=6.24417 14.7353 20.3189 17.0018 13.1861 13.1214 12.6902 11.2592 11.0722 14.9939 13.8571 13.1394 15.3317 13.0143 17.7772 15.3767 15.4901 15.3322 31.3889 12.4534 12.143 11.0565 10.2822 11.63 15.6037 10.6745 9.70297 9.6457 9.57728 9.41592
threshold=5640.5000000000009 4.5000000000000009 18.500000000000004 7.5000000000000009 -0.90893996196865023 19.500000000000004 0.99865421017599998 0.99683609994235922 0.74729605595282433 0.3261394409934788 11.383597103004293 12.208650751072962 0.49253244405029933 0.99924179677339053 0.99731940924863693 1.0000000180025095e-35 2.5000000000000004 13.07116863376252 10.372974785407726 7187.5000000000009 12.539699570815452 -0.091260668982868151 16.980472103004296 6816.5000000000009 11.500000000000002 1.5000000000000002 5914.5000000000009 -0.90893996196865023 0.21022171450811275 0.73136292505298039
decision_type=8 2 2 2 2 2 2 2 2 2 2 2 2 2 2 2 2 2 2 10 2 2 2 8 2 2 10 2 2 2
left_child=-1 3 22 4 -2 6 7 8 10 13 20 12 -12 14 15 21 17 18 -17 -14 -5 -10 23 24 25 -3 -7 -28 -18 -13
right_child=1 2 -4 5 -6 26 -8 -9 9 -11 11 29 19 -15 -16 16 28 -19 -20 -21 -22 -23 -24 -25 -26 -27 27 -29 -30 -31
leaf_value=0.075910814739836505 0.59061282549146199 0.60864788408089232 0.12465409414787701 0.20851873642927787 -0.81291901077481732 0.69429528600198864 -6.7962496041720675 3.0190840781838233 4.9751001089890003 5.8457556973112794 -0.29085467671720838 0.068720796145248647 11.082831722347624 -1.6256906864932263 6.1336009017356448 1.4520075659757823 1.3961841077659303 0.49210558147633493 -6.90659491472959 2.6577660621298493 -3.6888025905539283 1.1257601360272929 -3.0090950971971324 -3.4365907213993752 1.1352382972113675 -2.596774715587344 -0.98300737703800678 -0.19772228323365654 -0.85333347491473432 -4.5025141306448404
leaf_weight=4927 85 46 536 74 594 158 56 48 56 54 81 2940 42 49 51 43 257 116 100 139 82 95 231 128 210 163 118 994 51 41
leaf_count=4927 85 46 536 74 594 158 56 48 56 54 81 2940 42 49 51 43 257 116 100 139 82 95 231 128 210 163 118 994 51 41
internal_value=8.35588e-05 -0.000811625 -0.00562738 0.000189723 -0.00727941 0.00108927 0.00238803 0.00269676 0.00242275 0.00744559 0.00113235 0.00183416 0.0125475 0.00573871 0.00733766 0.00528512 0.00149648 -0.0075 -0.0184028 0.0206044 -0.0133758 0.0194079 -0.0107831 -0.00702555 -0.00297619 -0.012619 -0.00338316 -0.00503145 0.00906149 0.000888665
internal_weight=12565 7638 1314 6324 679 5645 4375 4319 4271 872 3399 3243 262 818 769 718 567 259 143 181 156 151 778 547 419 209 1270 1112 308 2981
internal_count=12565 7638 1314 6324 679 5645 4375 4319 4271 872 3399 3243 262 818 769 718 567 259 143 181 156 151 778 547 419 209 1270 1112 308 2981
is_linear=0
shrinkage=0.05


Tree=240
num_leaves=31
num_cat=0
split_feature=6 11 7 7 3 10 0 0 7 14 8 12 11 11 10 11 11 10 8 14 12 8 12 6 14 14 14 12 12 7
split_gain=6.77055 11.4409 7.97752 18.8498 22.2806 11.8694 9.45297 9.81326 16.2896 10.1808 10.8805 12.6466 17.5512 9.93094 12.4028 9.47745 16.0593 10.6147 9.13212 9.00745 15.796 12.5434 10.9273 10.1436 8.68063 8.2768 10.4252 11.1221 8.08631 7.86457
threshold=232.42918454935622 0.94909129669788206 8.5000000000000018 15.500000000000002 5.7298283261802583 0.99907018497641664 18.827038626609447 11.121030042918457 1.5000000000000002 6345.5000000000009 5.5000000000000009 -0.88622299073327826 0.79773375822167203 0.73136292505298039 -0.78326540922535159 0.99138911339924218 0.97461712852231652 -0.022576249993022688 4.5000000000000009 7444.5000000000009 -0.46801289393397988 4.5000000000000009 0.71051919230648819 135.75536480686699 6496.5000000000009 5240.5000000000009 5635.5000000000009 0.57957876984334955 0.43152950955792641 7.5000000000000009
decision_type=2 2 2 2 2 2 2 2 2 8 2 2 2 2 2 2 2 2 2 10 2 2 2 2 10 10 8 2 2 2
left_child=2 -2 6 4 19 -5 7 8 18 10 11 12 13 14 -9 16 25 -17 -1 20 23 -22 -21 -4 -11 -10 27 -27 -26 -8
right_child=1 -3 3 5 -6 -7 29 9 15 24 -12 -13 -14 -15 -16 17 -18 -19 -20 22 21 -23 -24 -25 28 26 -28 -29 -30 -31
leaf_value=0.61416183352544074 -0.065142050693657444 -1.392936372723625 4.5171114507267935 0.08195455399409185 -0.61298122729733684 -3.3323991137475333 0.094442783482782039 -1.0068154872407831 0.3484494978150906 -2.5284783679426255 -0.75811676882403845 -0.16185138597252263 1.3774840403329109 -0.26040669874139438 0.54140379772475178 -5.0807594244265379 1.7289190130359657 -0.01052086695710841 2.3890989466237444 3.1869115079309269 10.206730605347639 0.72835402648768199 -1.6234525247962666 -0.64197080290787201 0.04358652066418927 -1.9519621371528046 0.11805323854323434 -0.33648210465021294 -0.98981874653204616 1.3064750799850799
leaf_weight=140 3668 249 86 3318 146 47 855 76 325 61 336 1541 51 48 241 64 54 74 69 99 145 64 59 88 108 65 209 104 48 70
leaf_count=140 3668 249 86 3318 146 47 855 76 325 61 336 1541 51 48 241 64 54 74 69 99 145 64 59 88 108 65 209 104 48 70
internal_value=-0.000127908 -0.00185043 0.000657588 0.00226992 0.00981105 0.000727867 -0.000781938 -0.00193638 0.00199095 -0.00366388 -0.00268091 -0.00125128 0.00647482 0.00259563 0.00581761 -0.000948661 0.0012533 -0.0129496 0.0145238 0.0144834 0.0186198 0.0278571 0.00440252 0.00742857 -0.0139908 -0.00078125 -0.00580475 -0.015 -0.00764331 0.0037257
internal_weight=12508 3917 8591 4052 687 3365 4539 3614 1104 2510 2293 1957 416 365 317 895 757 138 209 541 383 209 158 174 217 703 378 169 156 925
internal_count=12508 3917 8591 4052 687 3365 4539 3614 1104 2510 2293 1957 416 365 317 895 757 138 209 541 383 209 158 174 217 703 378 169 156 925
is_linear=0
shrinkage=0.05


Tree=241
num_leaves=31
num_cat=0
split_feature=15 14 7 1 6 0 6 7 15 11 1 1 1 11 10 7 10 0 7 10 1 7 1 3 7 1 10 11 14 11
split_gain=7.73353 15.2095 11.9187 11.3935 9.93238 9.92309 9.62564 12.5433 11.8951 10.0222 9.6503 15.6481 12.3707 9.12013 9.67812 14.5917 17.7069 14.0874 9.60175 13.904 15.9829 13.9868 10.447 9.48671 9.36531 9.13765 9.08419 12.0112 8.53222 9.88627
threshold=6575.5000000000009 6938.5000000000009 6.5000000000000009 8.8918946709585143 873.50643776824052 28.55128755364807 219.12446351931331 21.500000000000004 9193.0000000000018 0.82293497932636284 11.799213161659514 12.023010550786841 10.455199391988556 0.8511460603353429 0.99761913169647187 3.5000000000000004 0.99865421017599998 13.837124463519315 2.5000000000000004 0.022575936829235418 11.720489091559372 7.5000000000000009 12.895989806866954 3.2654506437768256 17.500000000000004 13.181142703862662 -0.57078386445773377 0.57605713708605399 6992.5000000000009 0.3484035575467645
decision_type=8 10 2 2 2 2 2 2 8 2 2 2 2 2 2 2 2 2 2 2 2 2 2 2 2 2 2 2 10 2
left_child=1 13 -2 -4 5 6 7 8 28 -9 12 -12 -8 14 -1 -16 -17 -18 22 24 21 -21 -15 -24 -20 -22 27 -13 29 -5
right_child=2 -3 3 4 -6 -7 10 9 -10 -11 11 26 -14 18 15 16 17 -19 19 20 25 -23 23 -25 -26 -27 -28 -29 -30 -31
leaf_value=0.06611321824179868 -3.1377849829792015 1.0398038777678722 4.0575528461979049 -0.030149108082468956 -1.0661422447949007 0.9203390089907999 0.12311709712628272 -0.20468818167892097 5.7539260740176132 -2.1683610070596844 8.3611689223078667 -0.72735676603388133 -2.7210647147561531 0.81638805003294701 -2.8227869399741623 -2.9242715878601531 5.557444925843356 -0.86831083063354986 -1.1154686430514176 0.16948291038463595 -1.1892875848918494 11.882361321104874 0.33641719865679537 -2.5338914019944698 0.5161075325096135 0.11490907291772601 -0.132866716819035 -3.5804232897753767 -0.078480615403987042 1.8848365965348877
leaf_weight=6681 42 451 43 416 96 112 82 136 60 131 48 179 186 219 52 54 41 76 357 114 80 44 52 42 51 75 685 68 1413 431
leaf_count=6681 42 451 43 416 96 112 82 136 60 131 48 179 186 219 52 54 41 76 357 114 80 44 52 42 51 75 685 68 1413 431
internal_value=5.19252e-05 0.000923719 -0.00171954 -0.0014436 -0.0017186 -0.00132979 -0.00175965 -1.93199e-05 0.00116329 -0.0102612 -0.00536429 -0.0030581 -0.0137546 0.000415669 0.00107169 -0.00915179 -0.00203488 0.00889831 -0.00396135 -0.00713296 0.000796178 0.0119497 0.00334395 -0.0105263 -0.0132029 -0.0105769 -0.00450161 -0.0127016 0.000574967 0.00454009
internal_weight=12517 8389 4128 4086 4043 3947 3835 2587 2320 267 1248 980 268 7938 6904 223 171 117 1034 721 313 158 313 94 408 155 932 247 2260 847
internal_count=12517 8389 4128 4086 4043 3947 3835 2587 2320 267 1248 980 268 7938 6904 223 171 117 1034 721 313 158 313 94 408 155 932 247 2260 847
is_linear=0
shrinkage=0.05


Tree=242
num_leaves=31
num_cat=0
split_feature=14 6 11 11 11 11 6 4 6 6 13 11 14 10 13 11 10 15 8 12 4 15 4 10 6 15 7 4 12 12
split_gain=8.00933 11.3426 10.3643 5.45727 5.39503 6.02993 6.31604 5.48456 12.1466 7.44295 6.93645 7.07971 7.3581 8.84977 10.8253 26.2141 10.978 9.61945 12.2358 13.8711 8.84089 8.35544 7.52544 7.07936 6.46652 7.46504 7.79439 6.44466 6.0618 10.7101
threshold=8436.0000000000018 42.424892703862668 0.88117331841669433 0.95936279103287792 -0.99966479353140603 -0.99864786094873803 962.61587982832623 0.0084674243401056584 421.83476394849788 820.28111587982846 -0.99864786094873803 -0.21022037796396451 6286.5000000000009 -0.94705910369513524 0.36447543099728863 -0.89787881968372518 -0.31799228562170639 5223.5000000000009 3.5000000000000004 0.86972315351350449 2.0022744386523956 6011.5000000000009 3.014622667575384 0.091259403071267925 681.00429184549364 5528.5000000000009 12.500000000000002 1.5716293355928463 -0.43733782138609528 -0.2270106897347694
decision_type=8 2 2 2 2 2 2 2 2 2 2 2 10 2 2 2 2 10 2 2 2 10 2 2 2 10 2 2 2 2
left_child=4 2 -2 -4 -1 -6 7 9 28 -7 -10 12 13 -12 17 16 -16 -15 21 -20 -18 -19 27 -14 25 -13 -27 -23 -9 -30
right_child=1 -3 3 -5 5 6 -8 8 10 -11 11 24 23 14 15 -17 20 18 19 -21 -22 22 -24 -25 -26 26 -28 -29 29 -31
leaf_value=-0.54704351086643332 -1.2530097494119674 -2.6538877967542249 1.9597086156357364 -0.43159078712019439 1.4021612414523135 -0.01833861703967159 -2.0567845496028441 1.5388997503569273 0.75798006377222016 -4.5931804210847078 1.8860140936917107 1.8164528965609863 -0.10517947936257316 -1.5131354425787322 -3.0449433250333415 3.7091153308471352 2.5022878482079025 0.32513953994534861 -0.73079337103426956 1.8681240179194902 -0.37568947803711128 -0.37068872407874098 -2.2063824748474419 -2.0037446197132343 -2.5513590513385225 -1.5283812586940257 -0.019546609164444818 0.26636796982750183 -1.0594113824622582 0.30176449679102008
leaf_weight=60 120 105 73 62 52 9227 40 198 45 67 47 47 382 101 46 81 62 105 41 93 83 68 65 59 76 60 94 42 57 847
leaf_count=60 120 105 73 62 52 9227 40 198 45 67 47 47 382 101 46 81 62 105 41 93 83 68 65 59 76 60 94 42 57 847
internal_value=-0.000139933 -0.00747922 -0.00175781 0.00772059 7.82151e-05 0.00015307 7.8943e-05 0.000145906 0.00212963 -0.000430339 -0.000657071 -0.00122344 0.000352665 0.00311377 0.0018401 0.00989011 -0.000260417 -0.00242248 0.000963855 0.0133333 0.00650685 -0.00498221 -0.0116477 -0.00486425 -0.00845324 -0.00371287 -0.00903226 -0.0036036 0.006165 0.00441989
internal_weight=12505 360 255 135 12145 12085 12033 11993 2699 9294 1597 1552 1275 834 787 272 191 515 414 134 145 280 175 441 277 201 154 110 1102 904
internal_count=12505 360 255 135 12145 12085 12033 11993 2699 9294 1597 1552 1275 834 787 272 191 515 414 134 145 280 175 441 277 201 154 110 1102 904
is_linear=0
shrinkage=0.05


Tree=243
num_leaves=31
num_cat=0
split_feature=7 7 8 15 15 10 8 11 0 14 14 15 7 8 14 11 11 15 14 8 14 1 7 12 12 11 7 12 7 1
split_gain=6.09819 10.7448 18.4332 15.6709 13.7982 13.5679 8.40066 16.848 9.54347 12.0512 9.65835 9.44268 15.3768 14.913 13.3783 12.3933 12.3339 10.4983 9.91393 8.70593 11.4776 8.19155 8.17592 8.10345 15.2902 7.83056 11.6552 12.3769 9.73363 9.55052
threshold=9.5000000000000018 6.5000000000000009 4.5000000000000009 5719.5000000000009 1.0000000180025095e-35 -0.90893996196865023 4.5000000000000009 0.71353761266622884 17.893347639484983 4767.5000000000009 4890.5000000000009 4909.5000000000009 4.5000000000000009 1.0000000180025095e-35 4964.5000000000009 0.99024581825578073 0.33222858587828868 4344.5000000000009 4530.5000000000009 5.5000000000000009 5442.5000000000009 28.018329756795421 4.5000000000000009 0.92273069556937592 0.86113431103781346 0.16587474750015932 2.5000000000000004 -0.51297808981038739 3.5000000000000004 13.181142703862662
decision_type=2 2 2 10 10 2 2 2 2 10 10 10 2 2 10 2 2 10 10 2 10 2 2 2 2 2 2 2 2 2
left_child=1 4 3 -3 -1 -4 11 8 19 -10 -11 12 13 17 -15 21 -14 -6 -19 20 -8 23 -12 24 25 26 -13 -28 29 -27
right_child=-2 2 5 -5 6 -7 7 -9 9 10 22 15 16 14 -16 -17 -18 18 -20 -21 -22 -23 -24 -25 -26 28 27 -29 -30 -31
leaf_value=-3.3692947151127557 0.066398444344986277 4.2248313703531499 0.26635758873012494 -0.11118836598830058 0.44567203187416454 -1.4868950763534259 0.56271318383537616 0.78048065138996214 0.64450634315960542 -0.50374287441727572 0.66003782275608958 -0.3320496459499509 3.3621868437056039 0.21382093880783942 -1.2861960838625237 -4.5392552255083052 0.42051858795182401 -1.4508755218948863 -0.026119810127556778 -0.46151683245298047 -1.2364357032008231 -0.80363240503245381 -0.88772216077088617 0.41259321575612379 -1.7268376682269946 0.48595594322130187 -0.31750789411169084 0.66497821707357618 -0.67248450716228947 -0.75917820374761513
leaf_weight=42 7271 90 70 1027 56 386 188 284 102 51 104 212 71 540 59 75 68 137 101 241 46 40 42 269 74 194 70 244 284 151
leaf_count=42 7271 90 70 1027 56 386 188 284 102 51 104 212 71 540 59 75 68 137 101 241 46 40 42 269 74 194 70 244 284 151
internal_value=8.33995e-05 -0.00120323 -0.00466963 -0.00120751 0.000253604 -0.0131291 0.000580454 0.00434372 0.000516129 0.0075 0.000252525 -0.000925926 0.00280736 0.000391499 0.00491667 -0.00331475 0.0182143 -0.00881356 -0.0133891 -0.00388655 0.00297872 -0.00233918 0.00680272 -0.00173449 -0.00345528 -0.00203287 0.00246679 0.00857143 -0.00579365 -0.000144509
internal_weight=12589 5318 1573 1117 3745 456 3703 1058 774 299 197 2645 1032 893 599 1613 139 294 238 475 234 1538 146 1498 1229 1155 526 314 629 345
internal_count=12589 5318 1573 1117 3745 456 3703 1058 774 299 197 2645 1032 893 599 1613 139 294 238 475 234 1538 146 1498 1229 1155 526 314 629 345
is_linear=0
shrinkage=0.05


Tree=244
num_leaves=31
num_cat=0
split_feature=6 11 2 2 15 7 7 6 6 11 11 6 12 7 14 1 6 15 7 7 14 14 15 7 14 6 15 15 14 15
split_gain=7.00635 10.6866 10.1608 8.46416 8.05624 14.739 17.497 26.5534 15.4876 13.5359 10.794 12.6311 12.6437 10.6214 10.1629 11.8868 14.0614 10.8943 10.5107 10.3354 9.41694 9.40909 9.21898 8.97114 10.9176 10.2003 11.4054 9.48141 22.8026 12.4847
threshold=809.09227467811172 -0.99966479353140603 8.4789699570815458 1.2901287553648084 5412.5000000000009 10.500000000000002 15.500000000000002 232.42918454935622 196.17381974248931 -0.98372925196996197 0.91852788691372023 465.72103004291847 -0.85227431625818906 17.500000000000004 5344.5000000000009 19.046298283261805 132.74463519313306 6465.5000000000009 6.5000000000000009 9.5000000000000018 8226.5000000000018 6524.5000000000009 6370.5000000000009 19.500000000000004 6953.5000000000009 0.2274678111587983 7431.5000000000009 6493.5000000000009 5648.5000000000009 5691.5000000000009
decision_type=2 2 2 2 8 2 2 2 2 2 2 2 2 2 10 2 2 10 2 2 10 10 10 2 10 2 10 10 8 10
left_child=1 -1 4 -2 21 14 7 20 9 -8 11 12 22 -10 18 16 19 -18 -6 -16 -7 -3 -9 24 -11 26 -26 28 -25 -30
right_child=3 2 -4 -5 5 6 8 10 13 23 -12 -13 -14 -15 15 -17 17 -19 -20 -21 -22 -23 -24 27 25 -27 -28 -29 29 -31
leaf_value=-1.3178009779489004 -3.0589808589089902 0.080348093187012637 1.4066815195727942 -0.13020988076491449 -2.5856601920621873 8.3138401917694189 -3.4939441770174655 3.9694159274236882 -1.1752471869583132 1.5346879863893719 -0.93764499312014782 -0.00063163495431126657 4.2636372603457406 0.13669214534843377 -0.18997064234704342 0.33142998479725067 -0.091212330436565028 -2.2066594098346286 -0.64688647514551578 4.3512844494258394 -0.33711874493187682 3.217559121530849 -1.7401974712346602 -1.3264495479608742 -0.97502860353083642 -0.094294741406611149 2.2845421318784247 -0.32433346175153022 1.7354728364365202 0.19343547618673257
leaf_weight=41 99 3908 184 569 200 212 47 41 544 351 275 678 315 189 935 568 131 205 262 55 40 88 98 194 51 599 130 953 110 484
leaf_count=41 99 3908 184 569 200 212 47 41 544 351 275 678 315 189 935 568 131 205 262 55 40 88 98 194 51 599 130 953 110 484
internal_value=-0.000103528 0.000176634 0.000265868 -0.00508221 8.14472e-05 -0.00086724 0.000592997 0.0048494 -0.00134136 0.000291096 0.00216619 0.0043248 0.0107692 -0.00783379 -0.00415783 -0.00253298 -0.00512434 -0.0139466 -0.0107991 -0.00211907 0.0197628 0.00190143 -0.00178571 0.000730943 0.00419611 0.000896287 0.0112637 -0.00152124 0.00253485 0.00739496
internal_weight=12556 11888 11847 668 11663 7667 5311 1659 3652 2919 1407 1132 454 733 2356 1894 1326 336 462 990 252 3996 139 2872 1131 780 181 1741 788 594
internal_count=12556 11888 11847 668 11663 7667 5311 1659 3652 2919 1407 1132 454 733 2356 1894 1326 336 462 990 252 3996 139 2872 1131 780 181 1741 788 594
is_linear=0
shrinkage=0.05


Tree=245
num_leaves=31
num_cat=0
split_feature=13 12 12 1 12 11 10 7 0 7 0 10 1 1 1 7 7 10 15 6 12 10 0 11 12 10 14 12 15 15
split_gain=6.3432 11.2427 14.3653 17.1724 17.1985 17.8838 10.3571 10.0076 10.5033 9.40667 15.076 8.46311 9.76588 8.61992 9.18243 8.99452 8.45855 9.00356 10.0186 14.6921 9.94712 11.4138 16.6685 11.8046 11.108 9.76532 9.41616 11.8585 9.75071 13.1948
threshold=-0.82413948779581736 -0.42860892273876966 -0.064463015794845938 13.760501609442061 -0.33324245164869215 0.18281312110578132 0.99053107487289871 1.5000000000000002 10.275965665236052 6.5000000000000009 16.69484978540773 -0.97113884758256674 22.224959763948501 19.183029327610878 15.686628218884122 13.500000000000002 9.5000000000000018 -0.93545489084327571 4761.5000000000009 7.2360515021459237 0.067682722635586057 -0.84315017450793706 16.980472103004296 0.99349222267034787 0.34841060557183762 -0.86976336936302323 5017.5000000000009 0.99196248624718542 5286.5000000000009 5047.5000000000009
decision_type=2 2 2 2 2 2 2 2 2 2 2 2 2 2 2 2 2 2 8 2 2 2 2 2 2 2 10 2 10 8
left_child=1 11 3 -3 5 -5 -6 8 -2 -8 -11 -1 13 14 15 -13 17 -9 19 -19 21 22 -20 -23 -22 -26 27 -27 29 -28
right_child=7 2 -4 4 6 -7 9 16 -10 10 -12 12 -14 -15 -16 -17 -18 18 20 -21 24 23 -24 -25 25 26 28 -29 -30 -31
leaf_value=-2.1301103288204106 1.3404231268102877 3.8376127806220213 -0.18141876617992239 -1.9644075096327016 0.81261003764179807 1.0006095052496222 -1.4867264111802343 0.46504034652175508 0.13623500926712495 3.8362567894123916 -1.646958550967156 -0.039937941546440925 0.60875718959528058 -1.8813825920226011 0.76409511340598335 -2.1753572087313389 0.04707590748848816 0.18239688241992555 -10.68555943619706 -1.9416092058055712 1.6706417370849296 -0.24545798390740858 0.022531431176957994 -4.657914493429189 1.1675821636513319 -1.1195298782001828 -0.37996952789901572 0.46802347976090464 -0.34784801538503418 0.73966170726710068
leaf_weight=41 130 85 1509 113 384 75 51 92 694 53 71 79 40 87 51 49 5785 825 56 66 114 793 40 86 53 225 126 46 617 164
leaf_count=41 130 85 1509 113 384 75 51 92 694 53 71 79 40 87 51 49 5785 825 56 66 114 793 40 86 53 225 126 46 617 164
internal_value=-0.000523768 -0.00267758 -0.0014304 0.00384154 0.00140374 -0.0116402 0.00580357 6.05266e-05 0.00533333 -0.00426136 0.0032 -0.0110632 -0.00814332 -0.0116105 -0.00527778 -0.0124031 -0.000418088 -0.00243644 -0.00287983 0.00162556 -0.00461008 -0.00845287 -0.0247423 -0.00664773 -0.00182021 -0.00320617 -0.00415606 -0.0123162 -0.00170705 0.00584192
internal_weight=12600 2688 2341 832 747 188 559 9912 824 175 124 347 306 266 179 128 9088 3303 3211 891 2320 975 96 879 1345 1231 1178 271 907 290
internal_count=12600 2688 2341 832 747 188 559 9912 824 175 124 347 306 266 179 128 9088 3303 3211 891 2320 975 96 879 1345 1231 1178 271 907 290
is_linear=0
shrinkage=0.05


Tree=246
num_leaves=31
num_cat=0
split_feature=2 6 15 2 12 15 11 14 15 14 8 6 8 7 12 15 6 5 7 14 1 7 15 5 1 1 5 10 1 10
split_gain=7.03985 6.59325 10.8343 7.29707 6.45559 6.20701 10.8585 14.098 10.297 9.74247 12.3 9.66472 9.35945 16.2333 17.626 8.77049 8.66422 8.66105 12.9906 8.20777 8.16174 6.88267 13.631 10.4717 7.26821 12.3449 25.3607 15.1679 16.3856 14.1404
threshold=12.31266094420601 942.39484978540781 5798.5000000000009 10.179399141630904 0.74300049550786151 6857.5000000000009 1.0000000180025095e-35 6443.5000000000009 7187.5000000000009 7393.5000000000009 3.5000000000000004 99.160944206008594 1.0000000180025095e-35 20.500000000000004 0.80033572242307993 7204.5000000000009 22.628755364806867 0.33758148059459608 11.500000000000002 7231.5000000000009 13.008069563662376 10.500000000000002 7336.5000000000009 2.9455077547937889 10.591697961373393 11.799213161659514 0.81665940614120791 0.84313847884979054 11.044103183118741 0.83376496542330847
decision_type=2 2 8 2 2 10 2 10 10 10 2 2 2 2 2 10 2 2 2 10 2 2 10 2 2 2 2 2 2 2
left_child=1 3 -3 5 -2 9 8 11 16 19 -11 -8 13 14 -9 -13 -7 -12 -19 -1 -17 22 -14 -24 -23 26 -26 28 -28 -27
right_child=4 2 -4 -5 -6 6 7 12 -10 10 17 15 21 -15 -16 20 -18 18 -20 -21 -22 24 23 -25 25 29 27 -29 -30 -31
leaf_value=0.020099662103712036 3.0373919578437611 -2.3472352819324898 0.1161554738637733 0.56348753224178838 -0.088006447909538113 -1.7773973794288396 3.4142895089439209 7.7553926899603312 0.066655026251191893 5.189600491264855 -1.1273416283243023 1.6266574901391324 -1.8949559278703874 -2.9401015578477203 -1.4761442860249645 0.076142239729597355 -0.71377644886633795 -1.138565553415424 4.2424055594376568 -1.0229202536922686 -2.7962483668319695 0.56286891613349332 -0.5769409241926724 0.59178311540690631 -5.6052739443990962 -0.32628348648245264 -3.3005782976044431 -4.5932175333095078 0.70476380911582059 0.93787720858999823
leaf_weight=8964 42 47 69 142 40 49 152 98 138 69 61 81 124 49 52 91 187 64 75 98 41 217 112 75 85 885 61 48 129 217
leaf_count=8964 42 47 69 142 40 49 152 98 138 69 61 81 124 49 52 91 187 64 75 98 41 217 112 75 85 885 61 48 129 217
internal_value=-5.57192e-05 -0.000152231 -0.0119658 -4.04367e-05 0.0144578 -0.000171807 -0.00219571 -0.00101271 -0.0101333 0.000455422 0.00981481 0.00806011 -0.00255458 0.00775 0.015894 0.00116822 -0.0164557 0.00348259 0.0103571 0.000176542 -0.00676692 -0.00360798 -0.0104167 -0.0018617 -0.00231284 -0.0036115 -0.0121914 -0.00376569 0.0026178 -0.00108794
internal_weight=12562 12480 116 12364 82 12222 2891 2517 374 9331 269 365 2152 199 150 213 236 200 139 9062 132 1953 311 187 1642 1425 323 238 190 1102
internal_count=12562 12480 116 12364 82 12222 2891 2517 374 9331 269 365 2152 199 150 213 236 200 139 9062 132 1953 311 187 1642 1425 323 238 190 1102
is_linear=0
shrinkage=0.05


Tree=247
num_leaves=31
num_cat=0
split_feature=3 7 8 15 7 13 7 8 8 15 14 1 11 7 7 15 10 11 11 14 7 14 10 7 15 11 1 3 11 7
split_gain=7.00259 12.7336 11.5772 12.3598 10.5302 10.4233 7.78612 25.5844 21.1544 20.7085 17.3457 14.5078 13.5691 13.0254 12.8602 10.7459 10.3629 10.0441 15.6816 8.94561 11.3231 8.78463 8.57668 7.75318 10.9842 10.1613 9.84197 9.79064 8.52965 8.47741
threshold=5.4954935622317613 2.5000000000000004 4.5000000000000009 6549.5000000000009 17.500000000000004 0.86440617605192027 3.5000000000000004 1.0000000180025095e-35 1.5000000000000002 5691.5000000000009 6637.5000000000009 10.179403612303291 0.41202506375868281 22.500000000000004 4.5000000000000009 4971.5000000000009 -0.39036798905311365 0.99681593486783593 0.98770287048522643 5950.5000000000009 5.5000000000000009 4615.5000000000009 -0.814291907305839 13.500000000000002 4998.5000000000009 0.77652048701313048 11.194375894134479 7.0293991416309014 0.9863035000474919 5.5000000000000009
decision_type=2 2 2 8 2 2 2 2 2 10 10 2 2 2 2 8 2 2 2 10 2 10 2 2 10 2 2 2 2 2
left_child=2 -2 6 -4 -5 -6 7 16 21 10 12 -11 13 14 -8 -16 -1 18 -13 20 -17 22 -9 24 25 -3 29 -27 -28 -26
right_child=1 23 3 4 5 -7 9 8 -10 11 -12 17 -14 -15 15 19 -18 -19 -20 -21 -22 -23 -24 -25 26 27 28 -29 -30 -31
leaf_value=-0.67387940559860915 0.96984694607176614 -0.073589390189954432 -0.11627935955498288 -4.7563356467248923 -1.4347048763474959 2.294196512173039 0.086279636612334801 0.36017819692046943 -0.1379343103079691 2.3453418505440822 9.1311968473212577 -0.011491298636360626 -0.16570656259709723 -0.21829737913944883 2.9621545161194947 0.18075200854846118 -2.3290199686373856 3.8241365357531323 -4.7569835956521276 -0.28910121240851366 1.9477202298440262 1.8611389568176264 -0.1853979986441118 0.77636718860824205 -1.7521344867380322 2.3221074633480838 0.10221221030851667 0.26336764730745016 -4.927773920403979 -0.74422900653892166
leaf_weight=120 323 106 2727 131 163 51 213 61 700 102 40 5148 275 163 106 123 117 60 91 93 223 110 80 408 55 50 361 101 42 232
leaf_count=120 323 106 2727 131 163 51 213 61 700 102 40 5148 275 163 106 123 117 60 91 93 223 110 80 408 55 50 361 101 42 232
internal_value=-2.78308e-05 0.00297796 -0.000490916 -0.00309144 -0.0119942 -0.00511628 0.000530284 -0.00319596 0.000472689 0.00119765 0.00703314 -0.000138837 0.0059315 0.00883948 0.0115942 0.0156593 -0.0178571 -0.0005 -0.000734733 0.0121591 0.0158501 0.0128968 0.00457746 0.000848083 -0.00163502 0.00717054 -0.00492041 0.0154605 0.000123762 -0.0119792
internal_weight=12575 1678 10897 3072 345 214 7825 1188 951 6637 1236 5401 1196 921 758 545 237 5299 5239 439 346 251 141 1355 947 257 690 151 403 287
internal_count=12575 1678 10897 3072 345 214 7825 1188 951 6637 1236 5401 1196 921 758 545 237 5299 5239 439 346 251 141 1355 947 257 690 151 403 287
is_linear=0
shrinkage=0.05


Tree=248
num_leaves=31
num_cat=0
split_feature=14 15 1 1 0 8 7 7 15 10 1 10 10 5 14 0 15 10 14 13 11 11 11 0 0 5 8 11 7 13
split_gain=10.1528 9.35127 9.71928 7.15103 5.28681 9.06069 13.4016 19.1845 15.6522 12.3169 9.2589 11.2198 9.52395 10.6227 8.62144 8.49529 9.59472 8.15472 7.02553 6.32805 7.74615 14.1343 7.18167 6.50985 6.44978 7.76815 6.68977 12.4975 12.7134 15.445
threshold=8226.5000000000018 8744.5000000000018 10.786453862660947 11.987947067238915 11.192489270386268 4.5000000000000009 6.5000000000000009 10.500000000000002 6100.5000000000009 -0.48314718476766422 10.896915236051504 -0.24372957273992746 -0.0053757284505435614 5.8785466024424844 7423.5000000000009 12.112875536480688 4660.5000000000009 0.49812943072827093 5356.5000000000009 0.99924179677339053 0.99611390731392835 0.99249573635719013 0.98486764554468398 14.105150214592275 12.371459227467813 1.6603001897253591 4.5000000000000009 0.94909129669788206 3.5000000000000004 -0.68275178320790053
decision_type=8 10 2 2 2 2 2 2 10 2 2 2 2 2 10 2 10 2 10 2 2 2 2 2 2 2 2 2 2 2
left_child=4 2 -2 -3 5 9 17 -8 -9 -1 -11 -12 18 14 -14 16 -6 -7 -13 20 21 22 24 -22 -17 26 -26 28 29 -28
right_child=1 3 -4 -5 15 6 7 8 -10 10 11 12 13 -15 -16 19 -18 -19 -20 -21 23 -23 -24 -25 25 -27 27 -29 -30 -31
leaf_value=-1.628559913095819 0.52759829566066407 2.0935576529011999 -1.8635628975041074 -0.19432629009470476 -1.6261588239894651 2.1184158561612776 -1.5592856583350114 5.1284063157785571 0.51227267861115711 -0.19385245543760449 2.1419890665040384 -1.93571966432487 0.026354442811248192 2.0922163711325541 1.6531279885877894 0.78200470114413756 -0.27454912360562961 0.59590767380659604 0.10944206517131079 -1.2400684480294331 0.76670465639549557 -12.450467887220066 0.95467859859802506 2.7236036052516286 0.044420008102679279 -2.9802248058568694 -0.23275119871987046 -3.3115974291771866 -0.19521465016473485 0.61056620092954295
leaf_weight=68 113 50 311 77 40 128 128 43 90 376 67 46 406 69 48 160 599 159 44 57 67 40 92 54 6623 45 129 68 2173 255
leaf_count=68 113 50 311 77 40 128 128 43 90 376 67 46 406 69 48 160 599 159 44 57 67 40 92 54 6623 45 129 68 2173 255
internal_value=-0.000162363 -0.00679348 -0.0103529 0.00507813 0.000140787 0.00274955 0.00801457 -0.00019084 0.0130597 0.000177778 0.00151372 0.00499266 0.00285016 0.00543893 0.00263736 -0.000278766 -0.00585938 0.0154514 -0.0120879 8.70545e-05 0.000185433 2.60797e-05 0.000151896 0.0127049 1.58663e-05 -0.000156015 -5.40599e-05 -0.00218964 -0.00162236 0.00675325
internal_weight=12625 551 424 127 12074 1672 548 261 133 1124 1056 680 613 523 454 10402 639 287 90 9763 9706 9585 9545 121 9453 9293 9248 2625 2557 384
internal_count=12625 551 424 127 12074 1672 548 261 133 1124 1056 680 613 523 454 10402 639 287 90 9763 9706 9585 9545 121 9453 9293 9248 2625 2557 384
is_linear=0
shrinkage=0.05


Tree=249
num_leaves=31
num_cat=0
split_feature=10 10 15 7 6 7 10 11 11 11 12 12 12 0 7 7 6 11 7 15 0 7 6 13 13 15 12 0 7 3
split_gain=8.71193 9.31188 5.67154 7.08535 12.7479 10.7187 11.0242 9.31568 6.76328 10.4954 6.39892 11.0432 9.28903 13.7287 6.18886 5.26948 9.58723 13.7184 12.286 13.5836 13.8528 14.1671 12.02 11.8416 11.1603 8.8882 8.37785 8.17781 10.9738 15.9162
threshold=0.99983759474438971 0.99939377080793557 7894.5000000000009 20.500000000000004 52.512875536480699 16.500000000000004 -0.099819732675876835 0.74298546529340237 0.97062204580664158 0.93469109537144635 0.9993614236720848 0.99865421017599998 0.99683609994235922 21.514806866952792 11.500000000000002 9.5000000000000018 395.09442060085843 0.91852788691372023 15.500000000000002 5941.5000000000009 13.261373390557942 21.500000000000004 128.17596566523608 0.61746585276059895 0.81178104038754306 4644.5000000000009 0.91161058030431363 17.610300429184552 2.5000000000000004 6.5480686695278987
decision_type=2 2 10 2 2 2 2 2 2 2 2 2 2 2 2 2 2 2 2 10 2 2 2 2 2 8 2 2 2 2
left_child=1 2 10 4 7 6 -6 -4 9 -9 11 12 15 -14 -8 27 18 25 22 24 21 -21 -17 -22 26 -18 -20 28 29 -1
right_child=-2 -3 3 -5 5 -7 14 8 -10 -11 -12 -13 13 -15 -16 16 17 -19 19 20 23 -23 -24 -25 -26 -27 -28 -29 -30 -31
leaf_value=-0.070312366296639089 1.4477556782903322 -2.5348728019938336 -0.56962894719790713 -2.4218285736505099 -3.2886804449266496 -3.9821807341861133 -0.92216872012859319 0.50121838087761716 -0.21099683404681857 4.1877405206631924 0.94971549850033632 -3.9510946683442856 -0.34838002308913474 2.0733944285648249 1.4154022029026239 7.3938199431546314 1.9929027317361034 -1.7867735015371182 0.40876661337331371 1.7192668562591735 -0.060402704692523915 -0.21552460797256573 0.76056618337149762 -1.3376715454973693 1.6689195612320873 -0.08393596781511406 -0.52662862404226873 0.096372535569071271 -0.21752785951393891 1.1235133706912166
leaf_weight=815 73 75 102 102 50 71 63 155 89 61 149 65 46 50 118 109 60 97 692 327 1327 263 734 285 103 2298 65 1615 2380 197
leaf_count=815 73 75 102 102 50 71 63 155 89 61 149 65 46 50 118 109 60 97 692 327 1327 263 734 285 103 2298 65 1615 2380 197
internal_value=-0.000213658 -0.00031439 -0.000208183 -0.00424877 -0.00246479 -0.010231 -0.0049569 0.00330882 0.00767974 0.0124424 7.27864e-05 -6.07165e-05 5.66992e-05 0.0154639 0.000824176 -7.47713e-05 0.000880365 -0.00156759 0.00241935 0.000946784 -0.00113482 0.00541455 0.00776066 -0.00353379 0.00627178 -0.000805426 0.00415567 -0.00128794 -0.00268199 0.00167818
internal_weight=12636 12563 12488 811 709 302 231 407 305 216 11677 11528 11463 96 181 11367 6360 2455 3905 3062 2202 590 843 1612 860 2358 757 5007 3392 1012
internal_count=12636 12563 12488 811 709 302 231 407 305 216 11677 11528 11463 96 181 11367 6360 2455 3905 3062 2202 590 843 1612 860 2358 757 5007 3392 1012
is_linear=0
shrinkage=0.05


Tree=250
num_leaves=31
num_cat=0
split_feature=6 2 14 10 14 7 15 0 1 10 1 15 2 7 1 11 5 10 11 12 10 1 10 10 10 10 12 12 12 0
split_gain=5.4272 7.08169 6.83484 7.92826 9.3762 8.76554 14.9565 8.50693 7.26912 15.3679 10.5147 5.52238 5.40498 5.36213 5.03832 14.768 13.0275 12.0808 10.0234 11.4614 23.0606 10.0216 13.424 11.417 16.0596 10.6357 9.32731 12.8668 13.0493 9.67495
threshold=734.17596566523605 9.9789699570815475 6244.5000000000009 0.99552231814189451 5509.5000000000009 12.500000000000002 5853.5000000000009 30.234120171673823 22.726090844062952 0.29342972903661901 25.289976752503581 6202.5000000000009 5.4905579399141642 14.500000000000002 11.044103183118741 0.99932962452255414 2.98500449446481 -0.48314718476766422 0.99349222267034787 0.17011757999667351 0.95998215779580554 10.179403612303291 -0.065535378769913874 1.0000000180025095e-35 -0.16799356919963607 0.26037272046371446 0.96522610578843548 0.71503381463111937 0.55120426863728689 10.585622317596568
decision_type=2 2 8 2 10 2 8 2 2 2 2 10 2 2 2 2 2 2 2 2 2 2 2 2 2 2 2 2 2 2
left_child=1 14 3 4 5 -2 -7 12 9 -4 -10 -12 13 -6 21 16 -16 -18 19 -19 -21 22 -1 24 -23 -25 27 28 -27 -30
right_child=2 -3 8 -5 7 6 -8 -9 10 -11 11 -13 -14 -15 15 -17 17 18 -20 20 -22 23 -24 25 -26 26 -28 -29 29 -31
leaf_value=1.4675751775740082 -2.0564742251857524 1.6544110238201029 -3.3657103092346916 -5.1828046540053725 0.64394159314058474 -1.7483770595858461 0.90124129002122122 1.8883597478655703 0.65481470589004409 -0.10294711028827806 -0.11980785685504998 -1.5943074710824932 -0.17201260931217349 -1.0364818914737044 -0.023887879804942714 2.491132521431473 -1.3489751129794514 1.3584593668406342 -1.6321275711013641 0.54981235156990349 -2.1619927646615906 -0.054137017788343657 -0.25686923712860338 2.4877621556857776 -4.2693187143688194 -2.2532827585609767 0.62400586126177593 -2.1492372331030309 -0.51568043171773759 3.1355322142720525
leaf_weight=129 74 75 59 48 196 83 90 43 78 55 55 75 94 40 9389 41 81 235 59 536 57 89 420 53 93 80 73 167 41 55
leaf_count=129 74 75 59 48 196 83 90 43 78 55 55 75 94 40 9389 41 81 235 59 536 57 89 420 53 93 80 73 167 41 55
internal_value=-0.000382975 -8.13774e-05 -0.00393542 -0.00104634 0.000483092 -0.00705645 -0.000862069 0.00548128 -0.00990712 -0.02 -0.00430622 -0.0129771 0.00271903 0.00675105 -0.00018105 0.000173094 5.30991e-05 0.00557276 0.00726351 0.00868516 0.00496633 -0.00324729 0.00172727 -0.00743865 -0.0180328 -0.00329787 -0.0059952 -0.00944767 0 0.0123711
internal_weight=12663 11673 990 668 620 247 173 373 322 114 208 130 330 236 11598 10398 10357 968 887 828 593 1200 549 651 182 469 416 343 176 96
internal_count=12663 11673 990 668 620 247 173 373 322 114 208 130 330 236 11598 10398 10357 968 887 828 593 1200 549 651 182 469 416 343 176 96
is_linear=0
shrinkage=0.05


Tree=251
num_leaves=31
num_cat=0
split_feature=6 15 15 7 1 7 14 6 7 8 8 8 14 0 1 0 11 7 8 6 1 15 3 15 6 11 7 14 3 1
split_gain=9.93964 7.42975 6.66636 8.17883 6.99429 5.8024 13.4458 13.3617 8.83009 30.7732 14.2353 10.7628 17.7154 11.0763 11.8765 10.75 8.71532 8.64087 14.1852 14.6107 14.168 14.1274 14.5457 12.6224 15.4572 9.94144 9.26017 14.9064 9.57958 16.9004
threshold=892.60729613733918 4488.5000000000009 5761.5000000000009 12.500000000000002 22.834231938483551 9.5000000000000018 4643.5000000000009 340.41630901287562 1.5000000000000002 1.0000000180025095e-35 1.5000000000000002 1.5000000000000002 4550.5000000000009 19.010729613733911 20.953018576188985 10.998068669527898 -0.22700609751797865 14.500000000000002 3.5000000000000004 569.7532188841202 21.483561337625183 6575.5000000000009 4.4712446351931341 5482.5000000000009 102.92918454935624 0.98005052076767474 12.500000000000002 5356.5000000000009 3.0523605150214599 13.760501609442061
decision_type=2 8 8 2 2 2 10 2 2 2 2 2 10 2 2 2 2 2 2 2 2 10 2 8 2 2 2 10 2 2
left_child=1 -1 4 -4 -2 7 -7 8 9 -3 -11 -10 -13 -14 -15 -12 -17 23 -19 21 -21 22 -20 -8 -25 -23 27 -26 29 -29
right_child=2 5 3 -5 -6 6 17 -9 11 10 15 12 13 14 -16 16 -18 18 19 20 -22 25 -24 24 26 -27 -28 28 -30 -31
leaf_value=0.31262775676716503 -3.7113879469882249 -1.8759756772136826 -1.4269604607861539 0.092293837047964192 -0.30037779829665401 2.591833450640411 1.7463081767177302 -1.1497757548955634 0.12359779781718316 1.2763625705164487 1.2774529922988678 -3.7426448929519669 -0.25531902120781069 2.1011188807705365 0.016025154920839668 0.42844249836357451 -0.24400083175642068 0.079833567685591342 -0.033791108953232653 -3.4691008890236392 -0.19055160553402858 -1.1186852478455875 4.0700655986911221 6.1191847991060975 -2.9305047827835553 0.68453675787318391 0.54577947238594793 2.5201343147166884 -1.2598321257389671 -0.061750867162481883
leaf_weight=554 49 117 60 156 48 72 331 237 1009 160 152 65 1992 54 414 240 294 2724 1020 98 89 615 98 104 115 128 654 169 258 634
leaf_count=554 49 117 60 156 48 72 331 237 1009 160 152 65 1992 54 414 240 294 2724 1020 98 89 615 98 104 115 128 654 169 258 634
internal_value=-0.000291086 -6.85594e-05 -0.00907643 -0.00414747 -0.019898 -0.000333502 0.00056962 -0.00168955 -0.00107826 0.0031639 0.00649351 -0.00223479 -0.00397862 -0.00329134 0.00362473 0.00334789 0 0.00034811 -0.000858999 -0.00400195 -0.0172872 -0.00265843 0.000893655 0.00289056 0.00134367 -0.00799731 0.000273075 -0.00237893 -0.000517891 0.00217662
internal_weight=12710 12397 313 216 97 11843 7109 4734 4497 963 846 3534 2525 2460 468 686 534 7037 4772 2048 187 1861 1118 2265 1934 743 1830 1176 1061 803
internal_count=12710 12397 313 216 97 11843 7109 4734 4497 963 846 3534 2525 2460 468 686 534 7037 4772 2048 187 1861 1118 2265 1934 743 1830 1176 1061 803
is_linear=0
shrinkage=0.05


Tree=252
num_leaves=31
num_cat=0
split_feature=8 14 12 12 10 12 1 13 8 12 1 1 10 10 8 1 10 10 10 14 10 1 12 1 1 10 0 1 0 10
split_gain=7.42402 12.1627 9.76469 44.3276 13.097 9.33969 24.0963 20.5275 19.9071 13.5331 12.5252 8.8485 10.1335 17.4459 15.7069 13.9629 25.778 13.2417 28.0692 10.8476 9.48508 18.3174 12.5079 13.2087 17.2146 12.2241 8.82572 8.75037 16.6697 11.5816
threshold=1.5000000000000002 4439.5000000000009 -0.98803388382128665 -0.95244167294248061 -0.69057362043749781 -0.59869031648930193 20.21195457796853 0.77652048701313048 3.5000000000000004 -0.48314718476766422 12.058006974248931 12.353585479256081 -0.78326540922535159 -0.72696319516528884 4.5000000000000009 18.223761623748214 -0.88622299073327826 -0.58482361983252518 -0.65234524191686594 6588.5000000000009 -0.35846811432664222 15.412804005722462 -0.86114227455745762 19.662477646638056 18.680534692417744 0.878110924644389 29.330686695278974 11.044103183118741 9.428540772532191 -0.099819732675876835
decision_type=2 8 2 2 2 2 2 2 2 2 2 2 2 2 2 2 2 2 2 10 2 2 2 2 2 2 2 2 2 2
left_child=2 -2 4 -4 -1 6 7 10 -8 -7 -3 -12 15 14 -14 -13 19 18 -15 -17 -19 -22 -23 24 25 -24 -5 29 -29 -11
right_child=1 5 3 26 -6 9 8 -9 -10 27 11 12 13 17 -16 16 -18 20 -20 -21 21 22 23 -25 -26 -27 -28 28 -30 -31
leaf_value=-3.4418118910983142 -1.4193877765628486 1.9723847242896229 5.7551413199380024 0.037907953378180537 -0.066964905520762841 -0.55421572178058798 2.1250960692883609 4.0463020750594749 0.10993078214428352 -5.6732632675865267 -1.8696119627754344 -0.059339930738383374 4.4244790327012202 0.055965290882613775 0.15230351117374996 -1.3717292915414192 -4.5072171214434551 0.51600796908642221 -1.5172252318992379 2.2174928116167849 -1.6577354314194055 0.44972786694531808 -1.4782331308203993 -2.6022165055602957 2.2768350021552126 0.004793107912428241 1.7326089310030284 0.9877801550039067 -0.045653612038086072 -0.55748480877368822
leaf_weight=41 74 85 74 3212 128 466 88 53 96 85 48 292 59 175 62 102 56 345 93 51 139 254 47 44 54 198 142 142 5303 641
leaf_count=41 74 85 74 3212 128 466 88 53 96 85 48 292 59 175 62 102 56 345 93 51 139 254 47 44 54 198 142 142 5303 641
internal_value=-0.000517787 -0.00128134 0.00140356 0.00198309 -0.0102941 -0.00111371 0.0016012 0.000115848 0.0189189 -0.00207141 -0.000665083 -0.0014604 -0.000938134 0.00115568 0.0192623 -0.00707171 -0.0169048 -0.000481481 -0.0104089 -0.00616883 0.00198706 -0.00122117 0.00259197 -0.00363372 0.000166667 -0.0054878 0.00113264 -0.0014501 -0.000762027 -0.00660248
internal_weight=12649 9052 3597 3428 169 8978 2341 2157 184 6637 2104 2019 1971 1470 121 501 209 1349 268 153 1081 736 597 343 299 245 3354 6171 5445 726
internal_count=12649 9052 3597 3428 169 8978 2341 2157 184 6637 2104 2019 1971 1470 121 501 209 1349 268 153 1081 736 597 343 299 245 3354 6171 5445 726
is_linear=0
shrinkage=0.05


Tree=253
num_leaves=31
num_cat=0
split_feature=14 7 0 6 12 12 15 15 8 7 7 7 11 0 12 11 15 8 13 14 3 7 14 15 0 11 15 15 12 0
split_gain=5.43074 11.4128 9.12486 6.29327 12.9249 13.9112 10.8541 10.473 23.5312 15.7394 11.6926 11.427 12.8723 10.0627 8.18109 7.70901 9.05836 9.35057 11.8298 9.73783 14.1974 12.5342 19.4335 10.927 10.4156 8.88717 8.56521 8.27858 9.2779 8.06301
threshold=8436.0000000000018 13.500000000000002 10.346566523605151 303.31759656652366 -0.98214488425316759 -0.93545056548590078 6480.5000000000009 5296.5000000000009 5.5000000000000009 12.500000000000002 13.500000000000002 9.5000000000000018 -0.73284120334876357 19.12317596566524 0.3036948619824264 -0.99168640063982161 5562.5000000000009 4.5000000000000009 -0.83377508534904698 6286.5000000000009 0.85879828326180363 12.500000000000002 5755.5000000000009 6949.5000000000009 25.845278969957082 -0.30164489695395946 6315.5000000000009 6724.5000000000009 0.93315540453694978 18.15922746781116
decision_type=8 2 2 2 2 2 10 10 2 2 2 2 2 2 2 2 10 2 2 10 2 2 10 10 2 2 10 10 2 2
left_child=3 -2 -3 -1 6 -6 -5 9 11 -7 14 12 -9 -11 -10 -13 25 19 -19 21 26 22 -18 29 -24 -17 -21 -22 -29 -23
right_child=1 2 -4 4 5 7 -8 8 10 13 -12 15 -14 -15 -16 16 17 18 -20 20 27 23 24 -25 -26 -27 -28 28 -30 -31
leaf_value=0.046390433816577571 -3.1412740137019686 1.8893017219862487 -0.77186520370273692 1.417255742162979 -1.482665499218274 1.8189932789797014 -2.0261159534749824 -0.028783967822937486 -6.512172349863409 3.8979053913846204 -5.1172127032300985 1.1760067490085022 -2.4874441944718004 -0.96051931908255028 0.51153778502689418 0.1690921105497637 -2.0341704063539057 -4.4970405481500624 -0.6071537955574513 -1.1337514878667208 5.434074483277664 11.691523823640138 0.77589567431987239 -2.4390819648622712 -0.4514786878183259 3.6088943664757611 -0.32554221215555118 -0.47855354417947638 3.5542794000884217 0.62425333381593195
leaf_weight=8822 59 63 254 115 142 200 40 101 44 55 73 91 83 244 49 69 148 43 149 173 45 40 161 69 42 48 560 169 46 426
leaf_count=8822 59 63 254 115 142 200 40 101 44 55 73 91 83 244 49 69 148 43 149 173 45 40 161 69 42 48 560 169 46 426
internal_value=7.52535e-05 -0.00583554 -0.00204403 0.000257185 -0.00156159 -0.00223173 0.0125 -0.00153404 -0.00279468 0.0051 -0.0209581 -0.0015625 -0.0135135 -0.00216667 -0.00904255 -0.000592105 -0.00118776 -0.00195463 -0.0124352 -0.00087766 -0.00427565 0.00293123 -0.00440341 0.00774254 0.00563725 0.0122881 -0.00783379 0.00574713 0.00162037 0.0104925
internal_weight=12623 376 317 12247 3425 3270 155 3128 2629 499 166 2463 184 299 93 2279 2188 2071 192 1879 993 886 351 535 203 117 733 260 215 466
internal_count=12623 376 317 12247 3425 3270 155 3128 2629 499 166 2463 184 299 93 2279 2188 2071 192 1879 993 886 351 535 203 117 733 260 215 466
is_linear=0
shrinkage=0.05


Tree=254
num_leaves=31
num_cat=0
split_feature=15 7 11 15 15 14 14 3 3 1 10 11 11 14 10 15 14 15 14 10 7 15 1 1 8 7 1 11 11 14
split_gain=6.39495 23.6662 12.8571 9.95127 10.7969 11.2431 10.9724 10.9012 13.0162 12.1177 10.0641 9.58933 11.0214 11.1417 9.37269 8.15692 13.3978 8.96233 8.35282 8.01389 7.90172 9.28708 8.32773 8.2547 8.44227 14.7636 11.8043 20.1223 16.0671 11.839
threshold=5412.5000000000009 5.5000000000000009 0.011826144619637555 5160.5000000000009 4998.5000000000009 4953.5000000000009 5755.5000000000009 5.2270386266094429 4.3364806866952801 12.353585479256081 -0.18492532721306487 -0.21022037796396451 -0.099822328936730861 4859.5000000000009 0.61237135649459018 5296.5000000000009 5263.5000000000009 5336.5000000000009 5832.5000000000009 0.039769539193789977 22.500000000000004 5577.5000000000009 20.21195457796853 8.8918946709585143 4.5000000000000009 10.500000000000002 11.757908619456368 0.78192542922038288 0.90803977035715633 7881.5000000000009
decision_type=8 2 2 10 10 10 10 2 2 2 2 2 2 10 2 10 10 10 10 2 2 10 2 2 2 2 2 2 2 10
left_child=3 2 -2 4 7 -6 -7 8 11 10 -9 -1 13 -13 19 18 17 -17 -5 -12 21 22 -3 -23 -25 -26 27 -27 -29 -28
right_child=1 20 -4 15 5 6 -8 9 -10 -11 14 12 -14 -15 -16 16 -18 -19 -20 -21 -22 23 -24 24 25 26 29 28 -30 -31
leaf_value=0.21640841715943682 -3.0439550411508662 0.0037184395115673397 -0.51717451330432596 0.76199212942422045 -0.96151664148510463 0.089820114069493695 -1.5402622688860448 -0.68484718931003963 -0.61598029216138461 1.6193245996375936 0.4769776678525659 -1.1889811027960604 -0.011982796448819499 -0.28283049238007152 -0.039272313170681632 -1.5954464922056559 0.34743452147649806 -0.23475521618706807 -0.27179581668974606 4.8472608863264215 -0.6127886265407142 2.3930706814166114 1.2504655791826282 0.013761196118502995 -2.9788248985080372 -1.972096199392263 -0.25659408565770719 9.602743670169275 0.85355923922215882 -4.9938089035844317
leaf_weight=1163 65 209 372 448 185 422 113 55 115 113 58 55 769 63 80 52 302 88 128 43 319 55 208 5863 149 119 701 45 131 72
leaf_count=1163 65 209 372 448 185 422 113 55 115 113 58 55 769 63 80 52 302 88 128 43 319 55 208 5863 149 119 701 45 131 72
internal_value=-9.55338e-05 -0.000902636 -0.0122146 0.00148131 0.000123648 -0.00527046 -0.00158582 0.00166998 0.00034626 0.00985714 0.00337553 0.00126767 -0.0026464 -0.0168067 0.00906593 0.00578999 0.000677201 -0.0120567 0.00970537 0.0191176 -0.00027312 5.29591e-05 0.00729665 -0.000371357 -0.000522525 -0.00431034 -0.00224509 0.00625 0.0169492 -0.00549096
internal_weight=12560 8308 437 4252 3234 720 535 2514 2165 349 236 2050 887 118 181 1018 442 140 576 101 7871 7552 417 7135 7080 1217 1068 295 176 773
internal_count=12560 8308 437 4252 3234 720 535 2514 2165 349 236 2050 887 118 181 1018 442 140 576 101 7871 7552 417 7135 7080 1217 1068 295 176 773
is_linear=0
shrinkage=0.05


Tree=255
num_leaves=31
num_cat=0
split_feature=6 11 4 11 11 10 10 0 14 12 12 7 14 11 7 0 6 11 0 14 12 7 12 0 8 7 12 13 13 0
split_gain=7.40832 10.5063 9.53993 9.06647 10.7676 10.0778 10.0123 9.03798 13.894 9.5357 16.7201 8.32816 11.8063 19.6098 10.2393 9.79814 9.66426 9.00469 12.6362 10.0314 9.74544 12.2083 8.4613 8.30068 9.39901 11.4966 10.2785 8.77696 8.23733 8.04779
threshold=421.83476394849788 0.93158198870884079 0.53851973696328936 0.029024409397335523 0.14888728888808328 -0.97509794945709805 -0.95244167294248061 15.627253218884123 7231.5000000000009 -0.98214488425316759 -0.94139628442229062 10.500000000000002 7029.5000000000009 0.67007489853957602 14.500000000000002 18.028111587982835 193.56866952789701 0.5475998096715059 17.610300429184552 4825.5000000000009 -0.7614135502316719 3.5000000000000004 -0.73866412149774419 19.487553648068673 5.5000000000000009 21.500000000000004 -0.13292143739675699 0.90438663683299525 0.81800285027139297 18.15922746781116
decision_type=2 2 2 2 2 2 2 2 10 2 2 2 10 2 2 2 2 2 2 10 2 2 2 2 2 2 2 2 2 2
left_child=2 7 3 5 -5 -1 -6 -2 9 -9 -11 16 13 14 22 -16 17 18 20 -19 21 -8 -13 24 25 -7 -26 28 -25 -14
right_child=1 -3 -4 4 6 23 11 8 -10 10 -12 12 29 -15 15 -17 -18 19 -20 -21 -22 -23 -24 27 26 -27 -28 -29 -30 -31
leaf_value=-0.28562876512787627 0.92340803094421064 -2.4968632256344336 0.42578211806887795 0.57795213233798681 -0.53355078573806625 0.032455213042408108 0.10632938216799631 0.69887434929992198 -2.423022204131553 -2.0701288417337764 -0.087944949489315152 4.123902470907888 0.11039487771563472 0.078737718438969762 1.8667199219088617 0.22540889952560975 -1.4101330205501199 0.52139091986118735 0.79800673788759013 0.0055985746026635756 -0.12915745031650658 -6.3399295394459845 14.06805529150704 0.1589556398675086 -0.24061452785526855 -0.935795052393678 -1.1153720005469496 -0.80670212004295083 1.9968933031604594 -1.6488594163296739
leaf_weight=419 221 57 562 391 250 1468 41 98 60 78 2032 55 1509 639 264 162 137 351 80 1590 457 72 70 784 165 218 92 142 65 66
leaf_count=419 221 57 562 391 250 1468 41 98 60 78 2032 55 1509 639 264 162 137 351 80 1590 457 72 70 784 165 218 92 142 65 66
internal_value=0.000170689 -0.00223793 0.000781095 0.000405776 0.00154849 -0.00168456 0.00100104 -0.00174699 -0.00268841 -0.00203712 -0.00274751 0.00144703 0.00338033 0.00713686 0.0140399 0.0103044 -0.000513008 0.000173611 -0.00491551 0.00187951 -0.00753065 -0.020614 0.0265873 -0.000647359 -0.0025463 -0.00118554 -0.0114341 0.0030746 0.005 0.00053934
internal_weight=12595 2546 10049 9487 6134 3353 5743 2489 2268 2208 2110 5493 2765 1190 551 426 2728 2591 650 1941 570 113 125 2934 1943 1686 257 991 849 1575
internal_count=12595 2546 10049 9487 6134 3353 5743 2489 2268 2208 2110 5493 2765 1190 551 426 2728 2591 650 1941 570 113 125 2934 1943 1686 257 991 849 1575
is_linear=0
shrinkage=0.05


Tree=256
num_leaves=31
num_cat=0
split_feature=14 6 1 6 11 11 2 14 1 13 6 11 11 13 14 10 15 11 10 11 7 15 8 1 13 10 10 7 6 7
split_gain=5.94733 7.20833 8.43712 5.75923 11.5752 12.4652 11.0194 7.07648 6.54526 5.90684 11.5393 7.46892 6.9965 15.3535 14.7976 11.3444 7.53799 7.49647 20.7226 9.61758 7.67507 8.60349 7.04149 13.6496 6.97686 6.5963 6.11994 5.71099 22.801 20.3554
threshold=8492.5000000000018 80.332618025751103 12.058006974248931 803.71888412017177 -0.63257203029273779 -0.86548532668110156 9.9105150214592275 6822.5000000000009 21.855494456366241 0.99924179677339053 1.0000000180025095e-35 0.99932962452255414 -0.93237865822738086 0.90438663683299525 4890.5000000000009 -0.31799228562170639 4551.5000000000009 -0.90531874877253482 0.35846314187849709 -0.89787881968372518 21.500000000000004 7632.5000000000009 3.5000000000000004 21.152856759656654 0.94353349168649059 -0.23537230790205757 0.99983759474438971 8.5000000000000018 132.74463519313306 16.500000000000004
decision_type=8 2 2 2 2 2 2 10 2 2 2 2 2 2 10 2 10 2 2 2 2 10 2 2 2 2 2 2 2 2
left_child=3 2 -2 6 5 7 9 8 -5 11 -11 12 13 14 16 -16 -1 18 -14 -19 26 -22 25 -24 -15 -17 27 -21 29 -29
right_child=1 -3 -4 4 -6 -7 -8 -9 -10 10 -12 -13 17 24 15 22 -18 19 -20 20 21 -23 23 -25 -26 -27 -28 28 -30 -31
leaf_value=-1.2142712933379927 0.4702605439924355 -3.0779177563248599 -1.8357699662488358 0.24183467127365932 -0.74882316160278606 0.39997574048231854 1.4567716602944984 0.27835585144832747 -1.0369735941515728 0.1277400861710703 -2.9979178909715531 1.3364333774548414 0.075528119598629928 -1.1370598864442401 -0.025059588993235595 2.3893917800864983 0.31808672560791823 2.0128595465083436 -4.0192965793497937 -0.040060807742975157 -0.27051250554789025 -2.0379236774203267 -0.51779704871232757 1.1669001221946247 0.047443925462039266 5.9349000046722269 1.6737328977041217 3.5220147536304696 -0.086541177556819102 0.18366710234779476
leaf_weight=40 154 80 86 76 205 212 107 48 156 66 52 74 114 93 69 70 49 45 65 4127 884 40 47 44 258 68 62 370 3245 1560
leaf_count=40 154 80 86 76 205 212 107 48 156 66 52 74 114 93 69 70 49 45 65 4127 884 40 47 44 258 68 62 370 3245 1560
internal_value=-0.000135275 -0.00685358 -0.00248963 4.08263e-05 -0.00436963 -0.00020284 0.000307359 -0.00711744 -0.0107296 0.000157301 -0.0109244 0.000273731 0.000168874 0.00487145 0.0117268 0.0170569 -0.00611111 -0.000161705 -0.0102778 1.45152e-05 -8.74721e-05 -0.00443243 0.0223913 0.011413 -0.00269886 0.0294964 0.000341698 0.000236483 0.00134274 0.00564474
internal_weight=12566 320 240 12246 697 492 11549 280 232 11442 118 11324 11250 738 387 298 89 10512 179 10333 10288 924 229 91 351 138 9364 9302 5175 1930
internal_count=12566 320 240 12246 697 492 11549 280 232 11442 118 11324 11250 738 387 298 89 10512 179 10333 10288 924 229 91 351 138 9364 9302 5175 1930
is_linear=0
shrinkage=0.05


Tree=257
num_leaves=31
num_cat=0
split_feature=11 11 3 11 11 11 11 11 8 3 3 15 12 12 11 7 8 8 7 15 7 6 12 14 8 8 15 3 15 7
split_gain=4.2497 20.2088 10.8838 19.5751 9.17077 11.6871 9.03832 10.3926 10.1796 17.0302 9.03487 10.7772 10.7055 16.161 11.4608 8.90387 19.5732 21.431 13.5527 12.9828 12.691 10.6642 13.6342 12.1835 11.5884 11.2099 17.2116 10.4294 10.018 9.91587
threshold=-0.013976481981245173 -0.039769286347669845 5.1188841201716757 -0.20180761162458913 -0.35042475891464198 -0.048362832084465616 0.14888728888808328 0.28313308994381592 1.5000000000000002 0.15686695278970045 1.003862660944207 4958.5000000000009 -0.73866412149774419 -0.95753797188986722 -0.4755978891912595 2.5000000000000004 1.0000000180025095e-35 1.5000000000000002 10.500000000000002 6370.5000000000009 22.500000000000004 70.484978540772545 -0.94139628442229062 6417.5000000000009 4.5000000000000009 3.5000000000000004 7632.5000000000009 3.3637339055794002 5412.5000000000009 13.500000000000002
decision_type=2 2 2 2 2 2 2 2 2 2 2 8 2 2 2 2 2 2 2 10 2 2 2 10 2 2 10 2 10 2
left_child=1 2 4 -4 10 -6 8 -8 9 -2 11 12 13 -1 -14 16 -9 -18 -17 27 21 23 -23 -21 25 -24 -27 -20 -19 -26
right_child=6 -3 3 -5 5 -7 7 15 -10 -11 -12 -13 14 -15 -16 18 17 28 19 20 -22 22 24 -25 29 26 -28 -29 -30 -31
leaf_value=-0.25010145686369473 2.1880577176420957 -1.0559959777393488 -0.44290376186390862 3.9076473698638439 -0.30378790948552709 2.4415179869157102 -0.20999900019246526 -1.2270357282529405 0.18188505621487822 -0.4296057325002039 -0.36019277889949991 -0.00785466000102133 0.039124782399312608 1.4052738651693291 1.6831969236036457 -0.17494093857753798 2.4134013978813531 0.60631822716404715 0.59520928834313058 4.3286235357629721 -0.98598056059711325 -1.8602320467881328 -0.085770351141809448 0.35034812062103815 0.10243511072922047 5.6601300386743105 -0.99808241271289266 2.489155832319375 -0.10795011767690994 -3.8368173737389046
leaf_weight=56 165 106 47 41 1305 40 595 105 473 97 306 2879 546 123 92 1928 103 293 563 66 100 117 709 1088 63 100 79 150 218 91
leaf_count=56 165 106 47 41 1305 40 595 105 473 97 306 2879 546 123 92 1928 103 293 563 66 100 117 709 1088 63 100 79 150 218 91
internal_value=0.000126532 -0.000911223 -0.000487491 0.0168539 -0.000775991 -0.00434621 0.000936092 0.000329722 0.00618207 0.0140684 0.000424681 0.00110901 0.00617359 0.0169444 0.00312989 0.000978524 0.00618056 0.0095935 0.000237389 0.00227055 0.000517813 0.00127485 -0.00211207 0.00467532 -0.000287632 0.00191226 0.0130556 0.00819328 0.00537109 -0.0129032
internal_weight=12644 5541 5435 88 5347 1345 7103 6368 735 262 4002 3696 817 179 638 5773 719 614 5054 3126 2413 2313 1159 1154 1042 888 179 713 511 154
internal_count=12644 5541 5435 88 5347 1345 7103 6368 735 262 4002 3696 817 179 638 5773 719 614 5054 3126 2413 2313 1159 1154 1042 888 179 713 511 154
is_linear=0
shrinkage=0.05


Tree=258
num_leaves=31
num_cat=0
split_feature=7 8 7 7 8 0 7 10 7 7 7 13 0 13 7 12 12 8 11 0 7 0 10 11 10 7 14 11 14 12
split_gain=9.25067 7.2895 18.5854 23.5557 16.1903 15.2968 15.6452 12.4272 16.2802 12.8393 19.4458 13.5305 11.5315 10.3542 9.42087 9.04136 9.42022 27.3353 22.77 12.1048 9.52138 9.22689 8.58576 8.44262 7.80905 7.71189 9.26666 7.49471 8.39271 6.99711
threshold=22.500000000000004 4.5000000000000009 6.5000000000000009 7.5000000000000009 5.5000000000000009 9.7137339055794012 4.5000000000000009 -0.98803845231459242 18.500000000000004 13.500000000000002 10.500000000000002 0.47370525521770246 17.539914163090135 0.6952237066490784 12.500000000000002 0.99865421017599998 0.95566275305367776 3.5000000000000004 -0.7444366621422277 19.300000000000001 15.500000000000002 15.758369098712448 0.97875492728876534 -0.41399101439218416 0.90162119223771331 15.500000000000002 5741.5000000000009 0.04621408538533487 6562.5000000000009 0.82414472752956958
decision_type=2 2 2 2 2 2 2 2 2 2 2 2 2 2 2 2 2 2 2 2 2 2 2 2 2 2 8 2 10 2
left_child=1 15 4 -4 5 -3 23 14 9 10 11 27 -11 -10 -5 16 29 18 -18 21 -19 -20 24 -7 -6 26 -14 -9 -29 -1
right_child=-2 2 3 7 22 6 -8 8 13 12 -12 -13 25 -15 -16 -17 17 20 19 -21 -22 -23 -24 -25 -26 -27 -28 28 -30 -31
leaf_value=0.080248212819356013 -0.42156649569956245 2.2704186152329386 -1.8375650874366785 5.0134950722303078 -0.080517784913195112 1.305811043227459 -0.50294243845710296 0.35604634304272625 -0.016818478675077131 -0.41889494831464164 0.76125359100797141 -1.9092091971185257 -2.1348349964643605 1.1611235686119017 0.04410203052323141 -2.0976639117467131 -1.1462247010360442 2.6870168583121088 0.46308000202243421 1.2755678694041308 0.16560569644998396 -2.6226554601254066 -1.2287430674222835 0.25838469554269067 1.3951095207802156 -0.85296970260915261 -3.0338884661382965 -2.6287945696069759 0.19296266920637209 -0.23127418616081741
leaf_weight=6796 523 97 155 41 432 95 122 140 441 298 423 141 83 137 76 111 110 115 261 160 59 63 45 207 46 237 88 82 65 971
leaf_count=6796 523 97 155 41 432 95 122 140 441 298 423 141 83 137 76 111 110 115 261 160 59 63 45 207 46 237 88 82 65 971
internal_value=0.000110926 0.000392627 -0.00154983 -0.00396595 0.00401914 0.010249 0.00611765 -0.00266312 -0.00353464 -0.00619384 -0.00205399 -0.00955711 -0.011174 0.00362694 0.0131356 0.00116804 0.00135309 0.00663199 0.00151261 0.00618557 0.024 0.000615385 -0.00219466 0.0122112 -0.000208768 -0.0166259 -0.0247093 -0.00329861 -0.0111486 0.00083033
internal_weight=12620 12097 3451 2407 1044 521 424 2252 2135 1557 851 428 706 578 117 8646 8535 768 594 484 174 324 523 302 478 408 171 287 147 7767
internal_count=12620 12097 3451 2407 1044 521 424 2252 2135 1557 851 428 706 578 117 8646 8535 768 594 484 174 324 523 302 478 408 171 287 147 7767
is_linear=0
shrinkage=0.05


Tree=259
num_leaves=31
num_cat=0
split_feature=15 13 13 7 11 12 7 15 6 7 7 11 7 6 8 7 0 6 15 13 8 11 11 11 8 10 7 7 11 8
split_gain=9.50181 11.2969 17.9299 15.2176 9.63203 11.1124 9.38122 11.6371 11.8254 13.6065 13.1583 11.5921 11.2618 12.7687 13.138 11.6549 14.7116 13.9384 13.6082 10.5683 9.98182 10.3617 11.1471 9.80692 9.22179 9.09986 9.03114 11.8051 12.9722 10.6425
threshold=4821.5000000000009 0.34841000145353967 0.50371863418624774 6.5000000000000009 -0.68432604233786842 0.97109394436505758 9.5000000000000018 5640.5000000000009 611.4463519313307 13.500000000000002 13.500000000000002 -0.95502570686053045 20.500000000000004 202.912017167382 4.5000000000000009 16.500000000000004 9.7137339055794012 38.317596566523612 6493.5000000000009 -0.99467580659249177 1.5000000000000002 -0.76696334127844745 -0.83849291496497236 -0.98372925196996197 4.5000000000000009 0.67802080537253961 12.500000000000002 15.500000000000002 -0.35042475891464198 1.0000000180025095e-35
decision_type=8 2 2 2 2 2 2 10 2 2 2 2 2 2 2 2 2 2 10 2 2 2 2 2 2 2 2 2 2 2
left_child=1 4 -3 -4 -1 -6 20 8 10 -10 -8 -12 13 15 23 17 -17 -9 -18 -14 21 22 -2 -15 25 -19 29 -28 -29 -25
right_child=6 2 3 -5 5 -7 7 12 9 -11 11 -13 19 14 -16 16 18 24 -20 -21 -22 -23 -24 26 -26 -27 27 28 -30 -31
leaf_value=-0.39158065574092693 -0.17773238186093751 1.0779360194494985 0.44469788241110564 -1.6273259151841559 0.027472324360451241 1.9167757250733986 3.4060517764481122 10.164695058275493 0.22584715873915684 -1.3043731851503708 2.7868300020037169 0.13565082944976439 -4.260555362216178 1.6602453147562757 -1.4982557590917396 7.6569380505746274 1.0980454652794833 1.1418034526779139 -0.058456483949385074 -0.23622985996662466 -0.2341267193467502 0.26783795518251735 -0.94570567216460411 -1.8756640232727932 -0.9005911946744618 8.7579984480664734 0.38386395428494779 0.15077975453984893 -1.4537149976272303 -0.075084586183197646
leaf_weight=123 142 84 338 53 1102 52 151 43 218 140 65 612 44 114 392 45 235 241 1254 1073 2623 874 41 177 95 50 968 296 291 694
leaf_count=123 142 84 338 53 1102 52 151 43 218 140 65 612 44 114 392 45 235 241 1254 1073 2623 874 41 177 95 50 968 296 291 694
internal_value=-0.000221677 0.00319452 0.00976891 0.00522959 0.000743349 0.0021645 -0.00077213 0.000277816 0.00480202 -0.00278552 0.00808203 0.0050885 -0.000615333 0.000418709 -0.00167064 0.0035387 0.00149837 0.010814 0.000637584 -0.00514311 -0.00282532 0.00127599 -0.00951087 -0.000354191 0.00775194 0.0121575 -0.00103008 0.00125321 -0.00433673 -0.00510321
internal_weight=12630 1752 475 391 1277 1154 10878 7198 1186 358 828 677 6012 4895 2932 1963 1534 429 1489 1117 3680 1057 183 2540 386 291 2426 1555 587 871
internal_count=12630 1752 475 391 1277 1154 10878 7198 1186 358 828 677 6012 4895 2932 1963 1534 429 1489 1117 3680 1057 183 2540 386 291 2426 1555 587 871
is_linear=0
shrinkage=0.05


Tree=260
num_leaves=31
num_cat=0
split_feature=13 7 7 8 15 1 11 8 0 10 15 10 10 7 8 7 7 8 15 10 12 12 1 12 10 10 7 8 15 12
split_gain=6.30374 10.1368 12.3259 11.1731 10.9694 12.3742 15.1586 10.331 14.1676 22.3527 11.4845 11.0648 10.9705 17.5102 9.92591 9.47993 13.1031 11.785 8.83552 8.6392 8.20534 9.58995 14.4543 14.3077 11.3081 12.1412 8.91829 8.97 7.78698 7.79101
threshold=-0.75439686467415534 1.0000000180025095e-35 10.500000000000002 1.0000000180025095e-35 5926.5000000000009 16.770511444921322 0.57605713708605399 1.5000000000000002 17.050000000000001 -0.88622299073327826 6659.5000000000009 0.42179998225932674 -0.75015329512557194 3.5000000000000004 1.5000000000000002 20.500000000000004 18.500000000000004 1.0000000180025095e-35 8236.0000000000018 0.59868201182722736 -0.82415234898030387 -0.66528308454101848 18.98777271101574 -0.45274443793211405 0.12545942051955489 1.0000000180025095e-35 12.500000000000002 4.5000000000000009 6873.5000000000009 0.94135275643221272
decision_type=2 2 2 2 10 2 2 2 2 2 10 2 2 2 2 2 2 2 10 2 2 2 2 2 2 2 2 2 10 2
left_child=-1 3 7 -2 -4 15 20 -3 12 -10 11 -11 13 -9 -5 16 -6 -18 -17 -13 -7 22 -22 -23 25 26 -25 28 29 -28
right_child=1 2 4 14 5 6 -8 8 9 10 -12 19 -14 -15 -16 18 17 -19 -20 -21 21 23 -24 24 -26 -27 27 -29 -30 -31
leaf_value=-0.08974094381419491 -0.71139111276224876 0.075522373228977813 0.39914450530052364 1.6131953266256005 0.18497090025182389 1.2202263539591058 -1.8578249789260555 0.46692679178095209 1.2164438609596346 -0.27122791363740362 1.8277653783116421 1.3765964960914516 -0.29549255334227381 -3.0833576045994961 0.44007425786253407 -0.12219252456443429 5.1313209651043969 0.78625418480860398 -4.6744749831493211 -0.5260266753373799 0.12696415114946832 2.8429381340822832 -3.0085568441622401 -1.2106082083320873 -3.7943796657148599 5.1008215658155223 0.002334754702042119 -0.80795586143385667 -0.22441836696830253 0.63600617949130089
leaf_weight=3173 58 1151 1320 61 1444 151 101 51 114 743 57 44 1606 131 269 480 62 367 47 44 76 56 105 98 45 43 295 91 203 136
leaf_count=3173 58 1151 1320 61 1444 151 101 51 114 743 57 44 1606 131 269 480 62 367 47 44 76 56 105 98 45 43 295 91 203 136
internal_value=-0.000324804 0.000322751 -1.65526e-05 0.00822622 0.00160125 0.00023678 -0.0034975 -0.00211821 -0.00376209 0.000997009 -0.00168729 -0.0031851 -0.00642817 -0.0180328 0.0117825 0.00241566 0.00408218 0.0117442 -0.00350379 0.0134831 -0.00203846 -0.00348129 -0.014011 -0.00149793 -0.00301535 -0.0017301 -0.00309466 -0.0011708 0.000944882 0.00474537
internal_weight=12622 9449 9061 388 5120 3800 1400 3941 2790 1002 888 831 1788 182 330 2400 1873 429 527 88 1299 1148 181 967 911 866 823 725 634 431
internal_count=12622 9449 9061 388 5120 3800 1400 3941 2790 1002 888 831 1788 182 330 2400 1873 429 527 88 1299 1148 181 967 911 866 823 725 634 431
is_linear=0
shrinkage=0.05


Tree=261
num_leaves=31
num_cat=0
split_feature=7 15 14 10 15 1 10 14 10 15 13 0 1 10 14 10 7 1 10 6 7 7 11 11 10 1 1 12 12 1
split_gain=8.16035 13.2274 14.1218 8.0992 7.31302 10.6655 11.4501 10.6439 10.4134 9.60301 11.9008 10.7833 9.49114 9.95996 8.56963 8.7497 8.53195 8.04047 16.7564 8.99752 7.95713 9.50366 9.25813 14.9996 9.31546 9.27535 13.1748 10.0207 16.5934 10.6033
threshold=22.500000000000004 5445.5000000000009 5603.5000000000009 0.88220160189607266 6857.5000000000009 17.199633404864095 -0.72696319516528884 6938.5000000000009 -0.59869031648930193 6304.5000000000009 -0.64743680879621224 13.783476394849787 23.372223712446356 0.99983759474438971 5805.5000000000009 -0.30983472475487867 11.500000000000002 14.138192954220314 -0.48314718476766422 33.592274678111593 18.500000000000004 19.500000000000004 0.98770287048522643 0.99611390731392835 0.3744682635859638 14.437133404864094 13.928259120171676 0.94704596667653973 0.99572776335819457 13.341894670958515
decision_type=2 8 10 2 10 2 2 10 2 10 2 2 2 2 10 2 2 2 2 2 2 2 2 2 2 2 2 2 2 2
left_child=4 -2 -3 -4 7 6 -6 12 -8 10 -9 -11 13 -1 -10 17 -12 18 -16 -19 22 -22 24 -24 -17 26 27 29 -29 -26
right_child=1 2 3 -5 5 -7 8 9 14 11 16 -13 -14 -15 15 20 -18 19 -20 -21 21 -23 23 -25 25 -27 -28 28 -30 -31
leaf_value=-0.014285368979699342 0.1806215744986048 -3.5918819198333951 -0.70799516766985571 1.8025948031644932 2.9384289181526584 -0.57360836596944864 -1.2820297682220372 4.8499090008166155 2.5272830420658465 2.2921848574912929 -0.77723681658792432 -0.13607402867410201 0.19959499519327439 1.9395775066355327 -0.22188268079123646 0.39097446255264007 2.2254722182512299 0.73008209280778835 4.8188421912853761 -2.3599513599022433 1.4524757329750173 -0.13568503253079597 -5.9563138861297835 0.13357293796645991 -1.4401609761263672 0.43381698764378601 -6.2159268210244818 2.2138854802814878 -2.2413372709584567 0.82850900613134404
leaf_weight=7175 230 70 186 41 67 529 102 69 150 141 74 243 1277 53 76 259 132 57 98 47 196 494 68 54 346 94 68 103 64 67
leaf_count=7175 230 70 186 41 67 529 102 69 150 141 74 243 1277 53 76 259 132 57 98 47 196 494 68 54 346 94 68 103 64 67
internal_value=0.000118755 -0.00596591 -0.0129195 -0.00679825 0.000384171 -0.00178571 -0.000373289 0.0010802 -0.000959898 0.00719697 0.0143116 0.00207792 0.000605455 -9.68322e-05 -0.000245317 -0.00107553 0.00821256 0.00716846 0.0137143 -0.00380952 -0.00234289 0.00188133 -0.00493772 -0.0178862 -0.00334331 -0.00619112 -0.00832049 -0.00585198 0.00446429 -0.0100242
internal_weight=12630 527 297 227 12103 2939 2410 9164 2343 659 275 384 8505 7228 2241 2091 206 278 174 104 1813 690 1123 122 1001 742 648 580 167 413
internal_count=12630 527 297 227 12103 2939 2410 9164 2343 659 275 384 8505 7228 2241 2091 206 278 174 104 1813 690 1123 122 1001 742 648 580 167 413
is_linear=0
shrinkage=0.05


Tree=262
num_leaves=31
num_cat=0
split_feature=14 15 8 6 6 0 4 10 10 13 12 11 6 8 10 10 11 11 3 11 14 14 3 6 15 14 11 10 13 8
split_gain=7.0316 12.4825 12.3223 9.16433 8.20249 8.60198 8.18836 7.05172 9.45269 6.1768 13.7963 16.8892 12.3729 10.5695 8.81258 8.89311 8.80148 14.9998 15.3061 10.1756 11.4311 9.09397 9.61264 9.79424 7.82945 7.81069 11.8371 7.80849 14.4941 17.1891
threshold=7132.0000000000009 5869.5000000000009 1.0000000180025095e-35 832.81759656652378 395.09442060085843 14.540128755364806 0.27765868776363506 0.98667101781630195 0.95752911693909493 -0.75439686467415534 -0.39727776132405557 0.29958852271690523 1.0000000180025095e-35 5.5000000000000009 0.92273069556937592 0.91596454896554913 -0.013976481981245173 -0.031174269516803289 4.0980686695278985 -0.22700609751797865 5586.5000000000009 4507.5000000000009 0.61480686695279119 10.293991416309014 4797.5000000000009 5892.5000000000009 -0.091258822863740666 0.022575936829235418 0.97650658860526895 3.5000000000000004
decision_type=8 8 2 2 2 2 2 2 2 2 2 2 2 2 2 2 2 2 2 2 8 10 2 2 10 10 2 2 2 2
left_child=3 -2 -3 9 7 -6 -5 8 -4 10 11 13 -13 -1 15 27 17 18 19 20 -12 -21 24 -24 -23 26 -26 28 -11 -30
right_child=1 2 4 6 5 -7 -8 -9 -10 14 16 12 -14 -15 -16 -17 -18 -19 -20 21 -22 22 23 -25 25 -27 -28 -29 29 -31
leaf_value=-0.67408902067036258 2.8057908510967993 4.1885641127377768 -0.22498375801869772 -2.4970678297072482 -0.01766238776995124 -2.3038446741188183 -0.097440870146556335 1.3625912244988514 -2.2830663018730775 0.055820674866845367 0.84234079415250562 -0.28456921165470705 2.924953474341919 -4.0554617982965286 1.7311692423945715 -2.1496415524020223 0.2978131742622509 -1.4871063516790402 2.0949717592611252 -1.8169184696168488 -0.19945599747920825 0.40806642855118302 -0.10165965560972837 4.5655422898257259 -1.3585205845547534 -0.15788908219446968 -0.10971222981506799 0.26913716694034523 -2.453498950941162 0.10548053902443827
leaf_weight=485 79 82 1759 84 87 140 465 52 57 3829 123 53 54 59 111 64 1080 71 61 50 134 50 103 72 136 281 74 2594 212 138
leaf_count=485 79 82 1759 84 87 140 465 52 57 3829 123 53 54 59 111 64 1080 71 61 50 134 50 103 72 136 281 74 2594 212 138
internal_value=3.9557e-06 -0.00252548 -0.00323691 0.000553737 -0.00398378 -0.0129386 -0.00572727 -0.00288925 -0.00341222 0.000904931 -0.00103914 -0.00743865 0.0106481 -0.0110092 0.00171248 0.00148435 0.00082737 -0.00220588 -0.000737327 -0.00219727 0.00639535 -0.00508475 -0.00362622 0.00653409 -0.00691882 -0.00884146 -0.0161137 0.00166076 0.000322967 -0.00940171
internal_weight=12639 2256 2177 10383 2095 227 549 1868 1816 9834 2886 651 107 544 6948 6837 2235 1155 1084 1023 257 766 716 175 541 491 210 6773 4179 350
internal_count=12639 2256 2177 10383 2095 227 549 1868 1816 9834 2886 651 107 544 6948 6837 2235 1155 1084 1023 257 766 716 175 541 491 210 6773 4179 350
is_linear=0
shrinkage=0.05


Tree=263
num_leaves=31
num_cat=0
split_feature=12 1 12 12 6 6 13 2 13 14 14 11 14 1 2 14 15 15 15 12 13 12 14 11 1 12 1 14 7 12
split_gain=6.64421 12.2579 7.99004 8.93005 6.9122 6.86414 7.31752 7.12236 11.3299 6.92382 6.88575 8.22396 5.53115 11.4405 10.5866 8.95639 5.35155 5.34884 5.19068 5.16582 15.7456 10.5227 12.7916 9.63073 17.4201 13.7621 12.8277 10.9824 9.67955 9.39043
threshold=0.9993614236720848 24.428022174535052 0.99865421017599998 0.99683609994235922 6.3218884120171674 809.09227467811172 -0.49812626372919411 5.9613733905579389 0.36447543099728863 7132.0000000000009 6253.5000000000009 -0.44505783185115427 6232.5000000000009 22.726090844062952 10.433690987124463 5908.5000000000009 6202.5000000000009 6509.5000000000009 5980.5000000000009 0.82414472752956958 0.47370525521770246 0.80417553764032002 5686.5000000000009 0.57605713708605399 11.194375894134479 0.878110924644389 20.953018576188985 7151.5000000000009 22.500000000000004 0.86440767487108461
decision_type=2 2 2 2 2 2 2 2 2 10 10 2 8 2 2 10 8 10 10 2 2 2 10 2 2 2 2 10 2 2
left_child=2 -2 3 5 -5 7 -7 19 10 16 11 -9 15 -14 -15 18 -10 -12 -8 21 23 -1 -23 24 -21 26 -26 28 -27 -22
right_child=1 -3 -4 4 -6 6 12 8 9 -11 17 -13 13 14 -16 -17 -18 -19 -20 20 29 22 -24 -25 25 27 -28 -29 -30 -31
leaf_value=0.00048329238923088273 0.02630889858214687 2.0390731667530644 -3.366832594598236 0.014542792006795936 1.8199407839371817 -1.8993882412002223 0.052418917803265686 -0.50191724859489573 1.3256680274658721 -0.48900986062071755 -1.0385276260828504 0.46585223928977942 -3.4082241016728405 0.30874506725217543 -0.97676097966186726 0.34161644697505839 2.5923180306760063 0.015902510589717169 -1.9647394954340827 -11.213347767673419 -0.41992556598929698 -0.35945419327672429 7.0109348737501938 0.27933346333684311 1.6435243424069541 -0.12046472284748688 -0.15183894321726257 -3.6257540847233489 -1.3025272510255037 -3.4998721054658066
leaf_weight=9060 106 54 75 57 61 137 138 58 81 51 45 46 44 88 70 89 109 40 62 46 113 63 71 769 111 714 74 82 49 60
leaf_count=9060 106 54 75 57 61 137 138 58 81 51 45 46 44 88 70 89 109 40 62 46 113 63 71 769 111 714 74 82 49 60
internal_value=-0.000154468 0.00993789 -0.00028482 -0.000185649 0.0134454 -0.000317823 -0.00540541 -4.29443e-05 0.0062645 0.0134298 -0.00289474 0.00571429 -0.00254065 -0.008867 -0.00251572 0.00189655 0.017801 -0.0133721 -0.0039801 -0.000285383 -0.00257553 0.00021751 0.0140741 -0.00121885 -0.00427112 -0.0029098 0.0094086 -0.00561466 -0.00373037 -0.016954
internal_weight=12623 160 12463 12388 118 12270 628 11642 430 241 189 104 491 202 158 289 190 85 200 11212 2018 9194 134 1845 1076 1030 185 845 763 173
internal_count=12623 160 12463 12388 118 12270 628 11642 430 241 189 104 491 202 158 289 190 85 200 11212 2018 9194 134 1845 1076 1030 185 845 763 173
is_linear=0
shrinkage=0.05


Tree=264
num_leaves=31
num_cat=0
split_feature=10 10 7 0 7 6 6 15 2 10 10 0 11 6 0 11 6 10 13 15 11 10 12 7 0 15 7 6 0 11
split_gain=6.28915 12.2474 5.76119 8.67003 8.3214 16.5572 13.8013 11.9253 17.1339 10.7011 9.4903 9.44108 8.73612 12.3057 8.92669 11.5548 9.83536 8.62904 8.31816 7.85926 7.819 16.5848 7.95777 7.68033 8.13122 8.53715 9.92376 13.6475 8.32813 8.07332
threshold=0.99983759474438971 0.99939377080793557 10.500000000000002 9.1991416309012894 14.500000000000002 232.42918454935622 421.83476394849788 6451.5000000000009 1.4618025751072941 0.97508442350096236 -0.46038400545438724 11.34678111587983 0.91852788691372023 473.92918454935619 18.775107296137342 0.16587474750015932 692.59656652360525 -0.90893996196865023 0.53313582347195043 6646.5000000000009 0.92191100909954782 0.59868201182722736 -0.75015329512557194 22.500000000000004 15.151502145922747 7078.5000000000009 20.500000000000004 16.836909871244639 13.548712446351933 0.57605713708605399
decision_type=2 2 2 2 2 2 2 10 2 2 2 2 2 2 2 2 2 2 2 8 2 2 2 2 2 10 2 2 2 2
left_child=1 2 -1 -4 5 20 7 8 9 11 -10 -6 13 17 -15 16 -16 -7 -19 -18 21 22 -5 24 25 -9 27 -27 -28 -26
right_child=-2 -3 3 4 6 12 -8 23 10 -11 -12 -13 -14 14 15 -17 19 18 -20 -21 -22 -23 -24 -25 29 26 28 -29 -30 -31
leaf_value=-0.032513358991036516 1.3434854321496688 -2.5672751428456424 1.8232945595031198 2.2051113728637577 2.5210614197773342 5.8322110388709012 -0.45683559260228324 1.1253563312740198 0.48383209302314756 1.9774539820102064 2.9372468446752009 -0.012755037270380853 -0.84362085755019511 1.5871294438844872 1.7077951538934713 -2.0054345590586311 0.036750968705246127 0.56296239999514908 5.373447954584754 -0.86492553940465777 9.4762183610727799 9.8320966700934616 -2.2253620981309949 -0.93728841759766512 -0.040411790036318965 1.0032068838581836 -1.6604283041217061 -0.82501922898582059 0.59183165029601248 -1.4142864682599794
leaf_weight=5665 74 74 78 46 63 67 730 228 147 90 99 1087 232 251 108 101 644 293 57 115 69 52 40 90 812 447 204 293 44 248
leaf_count=5665 74 74 78 46 63 67 730 228 147 90 99 1087 232 251 108 101 644 293 57 115 69 52 40 90 812 447 204 293 44 248
internal_value=0.000231094 0.000144289 0.000266108 0.00125445 0.00105888 0.00368497 -0.000130919 0.00106411 0.00457297 0.00217566 0.0165992 0.00086881 0.00219369 0.00348198 0.000942623 -0.00123839 0.000633641 0.0108852 0.00769231 -0.00138158 0.0170673 0.0100719 -0.00344828 -0.00114068 -0.000570927 0.00221857 0.000202224 0.00310391 -0.00843373 -0.00377003
internal_weight=12548 12474 12400 6735 6657 2075 4582 3852 1486 1240 246 1150 1868 1636 1219 968 867 417 350 759 207 138 86 2366 2276 1216 988 740 248 1060
internal_count=12548 12474 12400 6735 6657 2075 4582 3852 1486 1240 246 1150 1868 1636 1219 968 867 417 350 759 207 138 86 2366 2276 1216 988 740 248 1060
is_linear=0
shrinkage=0.05


Tree=265
num_leaves=31
num_cat=0
split_feature=15 12 12 8 12 1 11 7 14 7 12 1 10 10 1 14 14 1 1 6 15 15 15 1 1 14 1 12 10 10
split_gain=7.22948 11.5715 11.6981 9.56963 8.81087 13.3705 8.32247 10.782 9.90455 12.4704 11.503 18.1662 17.8765 17.1226 16.1803 8.14069 14.105 8.08619 7.93852 11.1123 7.60273 10.9606 7.31467 7.22669 7.38873 6.94559 6.91062 6.68766 6.57969 13.2859
threshold=6845.5000000000009 0.99572776335819457 0.99196248624718542 4.5000000000000009 0.9993614236720848 24.428022174535052 1.0000000180025095e-35 19.500000000000004 6512.5000000000009 10.500000000000002 -0.039769906970920914 14.269948140200288 -0.13398594226331254 0.94978112945126536 14.041219599427757 6938.5000000000009 7132.0000000000009 11.720489091559372 10.282211194563663 166.83905579399143 8178.5000000000009 7381.5000000000009 8074.5000000000009 14.954336552217454 11.645475679542205 8107.0000000000009 24.28397711015737 0.71503381463111937 0.99966190462023474 0.99761913169647187
decision_type=10 2 2 2 2 2 2 2 10 2 2 2 2 2 2 10 10 2 2 2 10 10 10 2 2 10 2 2 2 2
left_child=4 2 3 6 28 -6 7 15 -8 -10 12 13 18 14 -12 26 -17 27 -11 23 21 -3 -13 24 -20 -26 -2 -5 29 -1
right_child=1 20 -4 17 5 -7 8 -9 9 10 11 22 -14 -15 -16 16 -18 -19 19 -21 -22 -23 -24 -25 25 -27 -28 -29 -30 -31
leaf_value=0.053634573567410374 -1.1489785362488873 -1.8159579978217153 2.0628101127694207 0.79559030124016772 -0.068402695272652636 2.375217823455273 1.3280275114908364 -1.0279375783931755 -0.58256582188707851 3.2096362356046031 0.66582398938689957 4.2389378123971708 -12.37114015000857 -2.2628858793138762 -5.673208808164782 1.3027928969798723 -0.39147653664738302 -1.9090375465521676 -0.42078332245455385 -1.7683927033773217 -5.4796147797984762 0.90588765932704973 0.06826656120854295 -0.46149189536649832 2.3601582711883569 0.021121634030532733 0.29050977548095036 -1.8100659559276211 1.5094842173773033 -1.6213991523690767
leaf_weight=9224 149 40 59 76 65 54 377 101 290 40 652 81 52 66 47 53 78 136 40 162 53 40 40 169 78 55 57 45 83 175
leaf_count=9224 149 40 59 76 65 54 377 101 290 40 652 81 52 66 47 53 78 136 40 162 53 40 40 169 78 55 57 45 83 175
internal_value=0.000447064 -0.00167929 -0.00101584 -0.00147627 0.00111956 0.0145833 -0.000560278 -0.00683371 0.00072093 -0.000846024 0.00101146 0.00462232 -0.00435511 0.0017624 0.00407143 -0.00251479 0.00719697 -0.0106589 -0.00165138 -0.00336634 -0.0160448 -0.00617284 0.022541 0.00174927 0.00890805 0.0145522 -0.00869565 -0.00122951 0.000949067 0.000824468
internal_weight=12637 3036 2903 2844 9601 119 2587 438 2149 1772 1482 886 596 765 699 337 131 257 544 504 133 80 121 342 173 133 206 121 9482 9399
internal_count=12637 3036 2903 2844 9601 119 2587 438 2149 1772 1482 886 596 765 699 337 131 257 544 504 133 80 121 342 173 133 206 121 9482 9399
is_linear=0
shrinkage=0.05


Tree=266
num_leaves=31
num_cat=0
split_feature=14 7 1 10 11 10 10 1 0 7 10 8 10 10 0 11 8 12 11 8 11 7 14 6 4 14 1 0 1 12
split_gain=6.48473 8.82674 10.234 5.81585 8.97438 5.72333 10.1581 23.8165 9.95856 15.5768 9.76089 15.3032 13.9265 15.0512 12.7224 7.49909 9.36394 5.33697 11.9349 13.5869 5.91142 7.79231 7.84006 5.12154 10.0086 9.30365 8.5374 17.4196 12.8047 8.53432
threshold=8436.0000000000018 13.500000000000002 10.372974785407726 0.66527693225344786 0.82293497932636284 0.99053107487289871 0.98522604642031408 14.635595493562233 13.261373390557942 3.5000000000000004 0.99865421017599998 1.5000000000000002 0.99939377080793557 0.99983759474438971 17.738841201716742 0.080547328232315238 2.5000000000000004 0.99683609994235922 -0.73284120334876357 3.5000000000000004 0.71353761266622884 17.500000000000004 5794.5000000000009 425.84978540772539 6.3996590930022688 6296.5000000000009 23.613863555078684 25.494635193133046 25.289976752503581 -0.98803388382128665
decision_type=8 2 2 2 2 2 2 2 2 2 2 2 2 2 2 2 2 2 2 2 2 2 10 2 2 10 2 2 2 2
left_child=5 -2 -3 4 -4 6 17 -8 15 -10 11 -11 -12 -14 -13 16 -7 23 -19 -20 21 22 -21 24 29 -25 27 -27 -28 -1
right_child=1 2 3 -5 -6 8 7 -9 9 10 12 14 13 -15 -16 -17 -18 18 19 20 -22 -23 -24 25 -26 26 28 -29 -30 -31
leaf_value=-0.22791048101130401 -2.9039931378338224 1.3961878347987295 1.5019180930342373 -3.1467223781861322 -1.1069750545327224 2.8875235136107222 -2.2404972439179121 2.2901101092446425 -2.3197756933788014 -1.5977778885269118 4.6397418594792725 1.2647718632613305 -2.7212868777063934 1.2310495721217649 -1.5563728641988748 -0.40439379249169183 -0.22377665615260867 1.7632254042599698 -1.6019316589037089 0.25397261115276709 3.7167183612239114 1.4675357921951446 -3.9398132599312476 0.034726136776566822 1.4346746467512048 -0.42302658391815839 0.75622932230428441 -1.4914394733011478 -0.58180354691862701 0.043165140334053831
leaf_weight=421 67 61 55 43 162 69 46 111 49 64 53 96 50 47 75 46 84 40 90 70 49 42 42 1310 54 494 116 84 190 8448
leaf_count=421 67 61 55 43 162 69 46 111 49 64 53 96 50 47 75 46 84 40 90 70 49 42 42 1310 54 494 116 84 190 8448
internal_value=-7.12645e-05 -0.00642674 -0.00295031 -0.00727969 -0.00389908 0.000130708 0.000383356 0.0129747 -0.00449527 -0.00873563 -0.00531088 -0.0116525 0.00463576 -0.00663265 -0.00377907 0.00475 0.0100649 0.000209589 0.00643713 0.00289116 0.010049 0.00516129 -0.00176991 2.24861e-05 0.000554684 -0.00214123 -0.00610169 -0.00967185 0.000651466 0.000422773
internal_weight=12628 388 321 260 217 12240 11607 157 633 434 385 235 150 97 171 199 153 11450 333 293 203 154 112 11117 8923 2194 884 578 306 8869
internal_count=12628 388 321 260 217 12240 11607 157 633 434 385 235 150 97 171 199 153 11450 333 293 203 154 112 11117 8923 2194 884 578 306 8869
is_linear=0
shrinkage=0.05


Tree=267
num_leaves=31
num_cat=0
split_feature=14 8 3 12 12 6 8 15 6 10 13 3 13 11 1 15 13 12 14 6 6 1 13 11 13 14 8 12 11 1
split_gain=6.2728 7.91926 5.52425 5.28761 10.0318 8.71345 8.57468 11.6184 8.40695 10.9475 8.121 6.99204 5.9991 10.1154 8.6892 7.20126 9.49331 7.23956 12.1343 6.8718 14.511 9.66647 8.94474 8.41844 9.98321 6.46674 9.23667 6.20252 6.83556 14.5726
threshold=8436.0000000000018 3.5000000000000004 2.4118025751072962 -0.98803388382128665 -0.98523971305672675 929.41630901287556 1.5000000000000002 6549.5000000000009 354.95493562231769 -0.70291267844185523 0.097680735332368748 1.0671673819742511 -0.77245419167776552 -0.30982845708428081 19.257957796852647 4761.5000000000009 -0.70748025990135355 0.83373797915484082 4530.5000000000009 2.6845493562231764 580.92918454935636 19.848694563662377 -0.67802903493420741 -0.8901731938066898 0.81800285027139297 4601.5000000000009 1.0000000180025095e-35 0.23746817830764474 0.96407344085605606 15.050375536480688
decision_type=8 2 2 2 2 2 2 10 2 2 2 2 2 2 2 8 2 2 10 2 2 2 2 2 2 10 2 2 2 2
left_child=3 2 -2 6 -5 12 7 10 9 11 -1 -8 13 14 -6 17 -17 19 -19 21 -21 22 -14 24 -23 26 -18 28 29 -24
right_child=1 -3 -4 4 5 -7 8 -9 -10 -11 -12 -13 15 -15 -16 16 25 18 -20 20 -22 23 27 -25 -26 -27 -28 -29 -30 -31
leaf_value=-0.39900500184157867 -2.0032556463037507 -1.8108053485558231 0.65322897512032796 2.4991086231344299 -9.1269265460588258 -0.76422671027512479 2.4108106501125803 -2.9257678278082495 0.98300763729253049 -0.6242317667044972 0.59252457316342777 -0.058951304073730171 -0.64279952036895338 -0.041484689971639455 -0.25724375904105728 0.53793190608134867 0.034431688776521696 -1.0293933323964439 0.095223826174765241 -1.4143621908019668 2.6011686563691003 -0.67564065844339893 2.0648653056716739 1.1149112650311508 1.0432369913607999 0.01343721380860643 -1.7604369062604519 1.635705118516694 -0.25647699894361725 0.19116809453828409
leaf_weight=71 49 151 161 56 40 159 40 61 60 167 41 74 51 2949 102 377 99 66 142 57 47 48 50 96 47 6900 92 42 80 250
leaf_count=71 49 151 161 56 40 159 40 61 60 167 41 74 51 2949 102 377 99 66 142 57 47 48 50 96 47 6900 92 42 80 250
internal_value=-0.000281166 -0.00676796 -0.000473934 -8.96861e-05 0.000127649 2.5652e-05 -0.00504854 -0.0140805 -0.000438596 -0.00407801 -0.00442478 0.00782609 0.000186373 -0.00169793 -0.0146853 0.000876258 0.000348106 0.004913 -0.00334928 0.00715215 -0.0047619 0.00902256 0.00516878 0.0184896 0.0078125 -6.34518e-05 -0.00911458 0.00756501 0.00551181 0.0089701
internal_weight=12625 361 210 12264 11750 11694 514 173 341 281 112 114 11535 3091 142 8444 7468 976 208 768 104 664 473 191 95 7091 191 422 380 300
internal_count=12625 361 210 12264 11750 11694 514 173 341 281 112 114 11535 3091 142 8444 7468 976 208 768 104 664 473 191 95 7091 191 422 380 300
is_linear=0
shrinkage=0.05


Tree=268
num_leaves=31
num_cat=0
split_feature=7 15 7 8 8 11 0 10 12 1 3 7 13 12 10 10 12 15 15 13 0 3 12 0 1 15 3 8 7 15
split_gain=5.40467 9.14274 7.06682 9.48424 10.5265 16.8732 10.7054 18.1419 16.6388 14.5061 10.5219 10.006 10.101 10.0827 9.42694 9.81598 10.8404 13.5605 9.71978 9.04811 8.38856 10.372 7.74796 13.6144 12.9552 7.72907 14.6626 12.4825 19.3583 17.8223
threshold=22.500000000000004 5954.5000000000009 9.5000000000000018 1.5000000000000002 3.5000000000000004 0.99138911339924218 19.010729613733911 -0.95754239937548935 -0.42180583328916638 21.346593347639487 8.3980686695279001 2.5000000000000004 0.99421661762139257 -0.63920832810365535 -0.88622299073327826 -0.62588817255938378 -0.9905448150984083 4809.5000000000009 5322.5000000000009 -0.022576210847469604 10.998068669527898 4.1512875536480704 1.0000000180025095e-35 12.183476394849787 16.31400661659514 6873.5000000000009 1.3950643776824052 4.5000000000000009 12.500000000000002 5719.5000000000009
decision_type=2 8 2 2 2 2 2 2 2 2 2 2 2 2 2 2 2 10 8 2 2 2 2 2 2 10 2 2 2 10
left_child=2 -2 3 10 5 6 7 -5 -8 -10 -1 13 -13 19 -9 16 -16 -18 -17 -6 -15 -22 23 -20 -25 26 27 29 -29 -4
right_child=1 -3 25 4 11 -7 8 14 9 -11 -12 12 -14 20 15 18 17 -19 22 -21 21 -23 -24 24 -26 -27 -28 28 -30 -31
leaf_value=0.055491490043004889 -0.017629131792318731 -0.94502940192430751 1.704595300082292 -1.4135477705007362 0.31714614381867251 -7.1731027142115185 0.89690118684188747 0.57605972237531666 1.5906069179056885 -0.42136393215805584 1.6403395113736678 -0.14035045647601693 1.2044948496453345 0.78200158738600301 0.22530083212338925 0.049328465692224203 -0.0077650358162600248 -4.0944805160582751 0.82683645209358481 0.95404370910869152 0.03472195872536759 -1.4952262782311665 -0.9075094274652884 -2.1964473393743447 0.85635396040804612 -0.10384078551028325 1.1456822716691022 0.86597020182996409 -0.58791973927277474 0.1067117428884103
leaf_weight=1457 341 186 221 58 73 73 53 84 44 237 67 1513 40 139 40 345 44 84 71 78 309 50 298 64 42 2543 700 294 976 2049
leaf_count=1457 341 186 221 58 73 73 53 84 44 237 67 1513 40 139 40 345 44 84 71 78 309 50 298 64 42 2543 700 294 976 2049
internal_value=-6.75998e-05 -0.00501894 0.000149415 -0.0012253 -0.00258021 -0.00575423 -0.00457338 -0.00689655 0.00328358 -0.00159574 0.00209836 -0.000363141 -0.00254183 0.00484615 -0.00540541 -0.00677452 -0.0177515 -0.0248062 -0.0045067 0.0161184 0.00140281 -0.00263889 -0.00913866 -0.000842697 -0.0121495 0.0012161 0.00252299 0.00121435 -0.00275374 0.00343461
internal_weight=12573 527 12046 5263 3739 1537 1464 1130 334 281 1524 2202 1553 649 1072 988 168 128 820 151 498 359 475 177 106 6783 4240 3540 1270 2270
internal_count=12573 527 12046 5263 3739 1537 1464 1130 334 281 1524 2202 1553 649 1072 988 168 128 820 151 498 359 475 177 106 6783 4240 3540 1270 2270
is_linear=0
shrinkage=0.05


Tree=269
num_leaves=31
num_cat=0
split_feature=14 7 8 15 6 15 8 7 15 2 12 15 7 13 6 12 15 8 7 7 7 8 8 2 13 10 15 0 14 15
split_gain=8.6935 10.2993 13.9921 12.3269 8.4723 11.8895 9.12575 13.0442 8.51653 7.62574 9.36457 7.56706 9.03799 12.5656 11.2216 11.504 7.04452 7.10803 6.95478 6.64129 7.73863 20.3285 15.0168 12.1509 10.3095 7.68007 13.8711 7.08471 10.1979 6.59358
threshold=4462.5000000000009 4.5000000000000009 1.0000000180025095e-35 5296.5000000000009 421.83476394849788 4644.5000000000009 5.5000000000000009 13.500000000000002 5171.5000000000009 4.9285407725321884 0.92919371535393525 5593.5000000000009 12.500000000000002 -0.24372464231556024 611.4463519313307 0.78725952717486247 4344.5000000000009 1.0000000180025095e-35 2.5000000000000004 15.500000000000002 12.500000000000002 4.5000000000000009 2.5000000000000004 5.1429184549356206 0.50371863418624774 -0.73282214301478099 6786.5000000000009 21.329184549356224 6208.5000000000009 6673.5000000000009
decision_type=10 2 2 8 2 8 2 2 10 2 2 8 2 2 2 2 8 2 2 2 2 2 2 2 2 2 8 2 10 10
left_child=1 16 3 -3 9 -6 11 -8 -9 -2 -11 12 13 -7 -14 -16 -1 18 -18 20 22 29 23 25 -24 -13 -27 -21 -29 -22
right_child=4 2 -4 -5 5 6 7 8 -10 10 -12 19 14 -15 15 -17 17 -19 -20 27 21 -23 24 -25 -26 26 -28 28 -30 -31
leaf_value=0.16540569565802343 0.079369207856166218 2.509506897438337 -1.2650057884491845 -0.15359397371876185 1.9487638231938036 4.3935097514006882 -0.25610100477497327 -1.4701297121866448 -5.1942379455527776 1.3840601539748378 -0.30603198412709393 -1.3263523677355806 1.6163588049845659 0.16060742408376427 -2.2519087503133508 0.18074471994414126 -2.5037032365572944 -0.23503632674903657 -0.32616135459832096 -1.6847354947518398 0.41663314171246385 -2.9406928039344851 -0.22886021498447917 -1.2860683274515852 0.98852099254777392 0.58297942560061533 -1.0828889493746829 0.75216386772267474 -1.3292657035387039 -0.21495495690921873
leaf_weight=96 9354 62 46 67 63 57 181 71 49 150 42 100 47 59 87 41 59 140 60 68 473 48 232 115 81 141 65 89 144 234
leaf_count=96 9354 62 46 67 63 57 181 71 49 150 42 100 47 59 87 41 59 140 60 68 473 48 232 115 81 141 65 89 144 234
internal_value=0.000610925 -0.00564972 0.00426136 0.0126923 0.000888092 -0.00173753 -0.00230802 -0.0104305 -0.0231405 0.0015607 0.011399 -0.00112872 0.00633562 0.017094 -0.000852273 -0.00852713 -0.0105337 -0.0148077 -0.02375 -0.00234506 -0.000973154 0.00257937 -0.00462585 -0.010782 0.00366242 -0.00553746 0 -0.00910596 -0.00491453 0.00473164
internal_weight=12521 530 175 129 11991 2445 2382 301 120 9546 192 2081 291 116 175 128 355 259 119 1790 1489 755 734 421 313 306 206 301 233 707
internal_count=12521 530 175 129 11991 2445 2382 301 120 9546 192 2081 291 116 175 128 355 259 119 1790 1489 755 734 421 313 306 206 301 233 707
is_linear=0
shrinkage=0.05


Tree=270
num_leaves=31
num_cat=0
split_feature=10 10 1 10 14 15 0 15 13 13 15 14 1 1 10 10 10 12 10 10 11 2 14 15 15 13 10 1 6 10
split_gain=5.24432 9.10219 7.55564 8.87374 5.85075 5.43262 9.27076 7.62143 6.27797 9.13632 7.32858 6.53279 4.34441 12.7237 14.6317 7.50922 17.512 13.9917 10.7862 7.41257 11.2761 7.24888 4.85899 12.1817 18.9108 12.6778 13.4299 13.7552 12.9405 13.0305
threshold=0.99983759474438971 0.99761913169647187 15.54339234620887 0.99865421017599998 5073.5000000000009 4488.5000000000009 11.243991416309015 4177.5000000000009 0.99924179677339053 0.99731940924863693 6283.5000000000009 5950.5000000000009 25.790347818311879 24.989891809728181 -0.082689790342551819 -0.59176244063315286 -0.50556189049999822 0.99463153969809781 -0.54939360607974019 -0.38242426011641079 -0.96904977397942549 10.691845493562228 5741.5000000000009 5296.5000000000009 5160.5000000000009 -0.85227283847737434 0.93845596220871974 21.994317775393423 10.293991416309014 -0.31799228562170639
decision_type=2 2 2 2 10 8 2 10 2 2 10 10 2 2 2 2 2 2 2 2 2 2 10 8 10 2 2 2 2 2
left_child=1 5 3 -3 -4 6 -1 -8 9 12 -11 -10 13 21 -15 17 18 -14 -17 -18 -21 22 23 24 -7 -25 27 28 -27 -30
right_child=-2 2 4 -5 -6 8 7 -9 11 10 -12 -13 15 14 -16 16 19 -19 -20 20 -22 -23 -24 25 -26 26 -28 -29 29 -31
leaf_value=1.8699097838923082 1.4406721196135324 -1.3898813820236684 -2.4553290503091834 1.3202709842902551 -11.314100083437825 -0.030603041718063651 -0.6945725714317178 0.29732037623493851 0.14939609689258759 0.001954229976922761 3.7604923493754541 -1.6274631345481341 -1.3718356966785679 0.85400495882981886 -1.8599631440128179 0.019215793618036516 -0.66760332160336022 0.15276533675280463 2.8113144492351925 -0.47831589691688808 3.138254699348181 -0.73701981339704625 0.064214089297865942 0.28036044128257348 0.71100643378997574 -0.4611509251925327 -5.1890136920479115 -1.2036087651916887 -0.77542147354479318 1.1070239183955437
leaf_weight=50 74 59 40 85 45 2120 86 389 40 46 57 77 126 208 59 56 168 72 62 86 42 66 6415 324 366 668 54 214 154 252
leaf_count=50 74 59 40 85 45 2120 86 389 40 46 57 77 126 208 59 56 168 72 62 86 42 66 6415 324 366 668 54 214 154 252
internal_value=0.000151262 7.2075e-05 -0.00978261 -0.00275862 -0.0215116 0.000256975 0.00522814 0.00304622 3.40919e-05 0.000150654 0.0149038 -0.0114407 1.73717e-05 0.000247684 0.0110075 -0.0040783 -0.000240964 -0.0120603 0.0159664 -0.00673401 0.00232558 -2.35095e-05 8.04315e-05 -0.00125211 0.000965018 -0.00455909 -0.00670141 -0.0056633 -0.00334884 0.0036855
internal_weight=12560 12486 229 144 85 12257 525 475 11732 11615 103 117 11512 10900 267 612 414 198 118 296 128 10633 10567 4152 2486 1666 1342 1288 1074 406
internal_count=12560 12486 229 144 85 12257 525 475 11732 11615 103 117 11512 10900 267 612 414 198 118 296 128 10633 10567 4152 2486 1666 1342 1288 1074 406
is_linear=0
shrinkage=0.05


Tree=271
num_leaves=31
num_cat=0
split_feature=10 6 10 1 6 7 14 14 3 0 6 7 10 14 8 8 7 1 8 1 11 0 10 10 10 0 1 10 3 6
split_gain=5.93513 9.39138 8.12929 8.55253 7.42209 4.90871 12.8828 7.65588 9.63841 11.9156 6.62597 20.508 14.9466 12.8584 11.9504 11.9415 11.3237 10.9631 10.6793 12.9489 11.0832 9.39849 8.59982 10.405 8.96301 13.6501 9.82002 8.18285 8.47236 9.91209
threshold=0.99983759474438971 47.733905579399142 0.99761913169647187 15.608154506437769 317.51502145922751 8.5000000000000018 5479.5000000000009 5635.5000000000009 5.8399141630901283 17.200000000000003 135.75536480686699 19.500000000000004 0.98667101781630195 7197.5000000000009 1.0000000180025095e-35 5.5000000000000009 15.500000000000002 20.13834495708155 3.5000000000000004 23.852119098712446 0.98332250088165762 12.639055793991417 0.3744682635859638 0.074116354202380205 0.51297097409535064 12.240128755364807 12.768316344778254 -0.16799356919963607 0.94549356223175984 23.474248927038627
decision_type=2 2 2 2 2 2 8 10 2 2 2 2 2 10 2 2 2 2 2 2 2 2 2 2 2 2 2 2 2 2
left_child=2 -2 5 4 -4 6 -1 -8 9 -9 11 13 15 -7 -15 18 -12 21 -13 20 -20 -18 23 27 -24 -26 -27 28 29 -16
right_child=1 -3 3 -5 -6 10 7 8 -10 -11 16 12 -14 14 22 -17 17 -19 19 -21 -22 -23 24 -25 25 26 -28 -29 -30 -31
leaf_value=0.003908439659153373 -0.61582113167096397 2.9655017787464204 1.1353619078713793 -4.4781759453815084 -1.746563679499741 2.0501746971942567 -0.91207545436129756 -0.86037560441700411 0.21742868978271873 0.060161338798207002 0.04739863850800248 -0.010894556249218113 1.9482988404531172 9.1771669697226113 -0.92617608842865595 0.81473300334673704 0.75630995537458157 0.0096697662066617344 -1.1962900664557083 0.74674272326947178 0.5831372538788856 -1.0671475625673339 -2.8655774754173993 2.3310399361832426 1.8032069089700145 -2.3952760879004926 0.21233166342308324 -2.6756944580951543 1.1216362181395654 0.58709689423494638
leaf_weight=3305 43 41 90 89 47 542 240 459 289 313 3207 1100 66 40 92 291 43 549 462 70 43 534 62 110 68 55 71 54 147 65
leaf_count=3305 43 41 90 89 47 542 240 459 289 313 3207 1100 66 40 92 291 43 549 462 70 43 534 62 110 68 55 71 54 147 65
internal_value=-0.000226406 0.0129412 -0.000315899 -0.00969163 -0.00181159 -0.000142531 -0.0014326 -0.00564516 -0.00381356 -0.00672704 0.000632169 0.00230608 -0.000836203 0.00719204 0.00300654 -0.00162684 -0.000657591 -0.00496894 -0.00325179 -0.00876736 -0.0115613 -0.00977509 0.00151724 0.00554371 -0.00583658 -0.000512821 -0.0102362 0.00139276 0.00459016 -0.00348101
internal_weight=12587 84 12503 226 137 12277 4606 1301 1061 772 7671 3338 2032 1306 764 1966 4333 1126 1675 575 505 577 724 468 256 194 126 358 304 157
internal_count=12587 84 12503 226 137 12277 4606 1301 1061 772 7671 3338 2032 1306 764 1966 4333 1126 1675 575 505 577 724 468 256 194 126 358 304 157
is_linear=0
shrinkage=0.05


Tree=272
num_leaves=31
num_cat=0
split_feature=6 13 10 8 10 13 1 11 1 8 1 1 0 8 6 15 1 13 0 11 13 13 6 11 6 3 13 6 0 10
split_gain=4.66792 4.84696 16.8882 24.0886 21.3307 10.005 11.4567 22.7847 15.4917 21.2505 12.6429 11.453 10.0197 9.96809 9.65224 9.51607 9.24061 9.36071 8.59898 8.9668 15.3332 17.7018 12.0867 9.19608 10.9 8.26299 7.20781 12.4712 27.0387 12.2343
threshold=962.61587982832623 -0.22701029611497395 -0.75579217237767959 1.5000000000000002 -0.77245553105869302 -0.45274365290664587 15.951256258941347 0.59003219687534991 16.977306866952791 5.5000000000000009 21.994317775393423 14.315325464949927 17.738841201716742 1.0000000180025095e-35 488.89484978540776 5593.5000000000009 10.541894670958513 -0.77245419167776552 8.9678111587982858 0.50370931781787065 -0.51297720034420879 -0.52765736634565841 118.33905579399143 -0.46039597980994923 151.13090128755366 1.652360515021462 -0.70748025990135355 344.16738197424894 16.980472103004296 0.88621069759564464
decision_type=2 2 2 2 2 2 2 2 2 2 2 2 2 2 2 10 2 2 2 2 2 2 2 2 2 2 2 2 2 2
left_child=1 5 3 -3 -5 16 11 8 -8 10 12 25 -10 -12 -13 -15 -1 -18 -19 20 21 23 -22 24 -20 -7 -25 28 -28 -29
right_child=-2 2 -4 4 -6 6 7 -9 9 -11 13 14 -14 15 -16 -17 17 18 19 -21 22 -23 -24 26 -26 -27 27 29 -30 -31
leaf_value=-1.2891124255033448 -1.1303898477821803 4.7481190604365793 0.03065827317482217 2.6814951188003535 -2.9241195756393612 -4.5609039636438409 -2.3985493070246777 -3.1650223235328667 -0.70332109503196993 -1.6612497658820304 -1.1807589887857148 1.0690760472062266 2.2371577248382439 0.80307185183792174 -0.44779187709716556 -0.80593288601339741 -0.054459503169709933 2.2482475521876952 0.11399390701176344 -2.0081545065995217 0.58176104191506972 -1.6877625102006277 3.6772478951830183 0.43044127521252451 5.1107565607299197 -0.14291682620212215 -0.63285737072505988 -2.1607733982098809 1.3857891968062859 0.53059851390460155
leaf_weight=74 42 58 6531 78 52 49 103 40 40 63 44 153 101 78 44 46 3082 50 67 71 115 55 75 403 44 188 374 114 272 86
leaf_count=74 42 58 6531 78 52 49 103 40 40 63 44 153 101 78 44 46 3082 50 67 71 115 55 75 403 44 188 374 114 272 86
internal_value=0.000166759 0.00022309 0.00113839 0.015873 0.00381679 -0.000831619 -0.00552632 -0.010562 -0.00745798 -0.00268097 0.00274194 0.00045977 0.0137324 -0.00650888 0.00934343 0.0008 8.19169e-05 0.000353504 0.00330052 0.00268336 0.00345579 0.0016596 0.0167539 0.00279206 0.0165179 -0.00693277 0.00156 -0.00106257 0.00231839 -0.0119403
internal_weight=12592 12550 6719 188 130 5831 949 515 475 372 309 434 141 168 197 124 4882 4808 1726 1676 1605 1415 190 1360 111 237 1249 846 646 200
internal_count=12592 12550 6719 188 130 5831 949 515 475 372 309 434 141 168 197 124 4882 4808 1726 1676 1605 1415 190 1360 111 237 1249 846 646 200
is_linear=0
shrinkage=0.05


Tree=273
num_leaves=31
num_cat=0
split_feature=7 8 8 8 14 7 7 6 12 11 6 10 10 0 10 14 11 0 1 12 0 10 12 8 6 1 8 14 1 1
split_gain=6.35683 11.6513 12.6212 8.09249 9.23001 5.56492 8.70806 15.6731 13.3674 12.099 16.0285 13.2718 12.6426 10.9212 10.2869 15.4854 9.89147 11.8426 9.56706 10.2399 11.4759 13.5394 8.87741 8.87573 8.5465 14.3072 8.40044 9.01415 8.44472 8.34533
threshold=1.0000000180025095e-35 1.0000000180025095e-35 1.5000000000000002 4.5000000000000009 5084.5000000000009 9.5000000000000018 15.500000000000002 132.74463519313306 0.73430383941986921 0.91852788691372023 727.78969957081551 0.022575936829235418 0.19337368024598436 9.428540772532191 -0.48314718476766422 6648.5000000000009 0.68274389090025245 18.827038626609447 10.896915236051504 0.87501852446360251 18.028111587982835 0.94704596667653973 0.93544191479114935 2.5000000000000004 479.75965665236055 19.116152539341922 3.5000000000000004 4964.5000000000009 26.543638233190272 9.9252190629470682
decision_type=2 2 2 2 10 2 2 2 2 2 2 2 2 2 2 10 2 2 2 2 2 2 2 2 2 2 2 10 2 2
left_child=1 -1 -3 -4 -5 -2 7 8 -7 10 14 29 -13 -8 15 16 17 -9 -16 20 -20 -22 -21 -14 -19 -26 -15 -28 -29 -11
right_child=5 2 3 4 -6 6 13 9 -10 11 -12 12 23 26 18 -17 -18 24 19 22 21 -23 -24 -25 25 -27 27 28 -30 -31
leaf_value=-0.75989086289894203 -0.068057475879390955 1.3318772671920671 -0.05416377383926374 -0.32527818930989272 1.9098404837081491 6.0019499399212695 1.3042940909567733 -4.3018797658288577 -0.11930942896665329 0.12850916949334987 -0.10073336629905044 3.76286039550439 0.67081388858514401 0.055069178050280249 -1.6999363318335328 -1.2694300329509816 3.1141929466537022 3.6783538421088227 5.4476445464734526 -2.8683793202088967 1.6102379069201562 -1.5233327896691664 1.1973643233089433 -3.9836278121075797 -3.3817453313506123 0.23775026343412264 2.0356594936871488 -0.33302297806812931 1.930992127651598 -2.687015204933914
leaf_weight=84 4708 78 228 53 91 125 101 40 56 44 934 88 41 2363 75 224 61 174 328 61 146 63 164 40 52 252 42 1646 43 170
leaf_count=84 4708 78 228 53 91 125 101 40 56 44 934 88 41 2363 75 224 61 174 328 61 146 63 164 40 52 252 42 1646 43 170
internal_value=-9.93957e-05 0.00523364 0.00842572 0.00455764 0.0137931 -0.000336323 0.000524952 0.00251673 0.0167582 0.00163962 0.00287379 -0.00664063 0.00382353 -0.000965205 0.00585009 0.00180348 0.00612069 0.00385356 0.00972554 0.0114024 0.0151487 0.00595238 0.00243363 -0.0103659 0.00605428 0.000983607 -0.00136752 -0.0040127 -0.0045858 -0.0148837
internal_weight=12575 534 450 372 144 12041 7333 3138 181 2957 2574 383 169 4195 1640 803 579 518 837 762 537 209 225 81 478 304 4094 1731 1689 214
internal_count=12575 534 450 372 144 12041 7333 3138 181 2957 2574 383 169 4195 1640 803 579 518 837 762 537 209 225 81 478 304 4094 1731 1689 214
is_linear=0
shrinkage=0.05


Tree=274
num_leaves=31
num_cat=0
split_feature=6 11 14 15 1 1 11 12 12 10 11 14 10 10 12 15 1 10 10 1 10 6 11 10 11 12 1 1 0 10
split_gain=6.40609 7.4219 4.81667 8.17034 8.85692 5.3529 16.0555 17.1729 31.9683 23.3567 16.5069 14.7316 12.5359 16.453 12.3664 14.3478 11.1427 10.6395 24.1491 10.4181 28.7073 9.72649 7.8098 14.0752 9.73261 10.1896 16.0293 14.2266 9.90669 16.5261
threshold=892.60729613733918 -0.64580103137750788 8492.5000000000018 8744.5000000000018 12.398408440629472 15.54339234620887 -0.23537842981696178 -0.92923668111203805 -0.98214488425316759 -0.65234524191686594 -0.13398942717002907 6455.5000000000009 -0.48314718476766422 -0.51297808981038739 -0.94139628442229062 6451.5000000000009 13.551640736766812 0.99552231814189451 0.99983759474438971 17.199633404864095 -0.72696319516528884 92.208154506437765 0.56191161272202661 -0.49813634056773481 0.50370931781787065 -0.79384350655589164 16.838604256080117 17.594255185979975 19.181974248927038 0.98522604642031408
decision_type=2 2 8 10 2 2 2 2 2 2 2 10 2 2 2 10 2 2 2 2 2 2 2 2 2 2 2 2 2 2
left_child=2 -2 5 -4 -5 6 16 8 9 -8 11 -9 13 -12 15 -7 -1 22 -19 20 -17 -10 24 -24 25 26 -16 -28 29 -27
right_child=1 -3 3 4 -6 14 7 10 21 -11 12 -13 -14 -15 17 19 -18 18 -20 -21 -22 -23 23 -25 -26 28 27 -29 -30 -31
leaf_value=-2.1835011809993832 -0.13442281956042734 -3.4173045671720956 -0.84788861824354178 2.9290192061794187 -0.63209179224900258 -0.11176143662812593 0.6076409314561716 4.4867511134512599 4.6402530351398132 -1.6332272953719895 -0.10864272953731416 -0.41373164316012212 0.10017005892659654 -4.9114900078920982 -1.5795017925510593 3.0600828721462676 -0.20090916349781765 -5.4210610985586758 0.87336484575785112 -2.9778913387143349 -2.2667814219527829 1.8739942385089308 1.8874865312153817 -0.13488055175700994 -1.2831890857726878 -0.20562760943334979 4.5487948571290646 0.51329745546486272 0.080068446841892182 1.6847361939805525
leaf_weight=98 256 40 241 63 46 529 152 80 100 42 133 40 4296 41 98 47 201 120 69 63 65 44 81 94 162 1449 46 323 3498 128
leaf_count=98 256 40 241 63 46 529 152 80 100 42 133 40 4296 41 98 47 201 120 69 63 65 44 81 94 162 1449 46 323 3498 128
internal_value=0.00018583 -0.00707071 0.000360324 -0.00541311 0.00590909 0.000529167 0.00173106 0.00241428 0.0132743 0 0.00161185 0.0198347 0.00111832 -0.012 -0.000398642 -0.00666667 -0.0095 0.000329544 -0.0113158 -0.0190341 -0.00973451 0.0310345 0.000705782 0.0110795 0.000385627 0.000739672 0.00779915 0.0125676 8.86525e-05 -0.00320025
internal_weight=12645 296 12349 350 109 11999 5227 4928 338 194 4590 120 4470 174 6772 704 299 6068 189 175 112 144 5879 175 5704 5542 467 369 5075 1577
internal_count=12645 296 12349 350 109 11999 5227 4928 338 194 4590 120 4470 174 6772 704 299 6068 189 175 112 144 5879 175 5704 5542 467 369 5075 1577
is_linear=0
shrinkage=0.05


Tree=275
num_leaves=31
num_cat=0
split_feature=7 15 12 10 12 6 7 13 1 8 7 8 2 1 7 15 2 13 10 1 1 13 10 1 15 15 12 1 15 2
split_gain=5.91928 10.7619 9.22843 7.75756 7.69947 6.45358 8.12183 6.88013 6.57717 12.1145 15.7111 11.1723 9.41817 8.52319 11.6524 8.83899 13.9391 11.1736 12.9539 8.59838 7.73326 7.36764 10.3891 7.08261 7.13119 6.69064 6.44877 6.2064 7.56143 6.11048
threshold=22.500000000000004 5966.5000000000009 0.91161058030431363 0.57077594689671507 0.41203339881415796 337.23819742489269 17.500000000000004 -0.99940590107385374 23.223243025751074 2.5000000000000004 13.500000000000002 3.5000000000000004 5.5225321888412013 21.346593347639487 10.500000000000002 5210.5000000000009 3.2781115879828318 -0.96235810494626717 0.96904697354198299 14.375974606580831 13.848077610872677 -0.9575230291762723 0.80417553764032002 26.22211194563663 6293.5000000000009 6439.5000000000009 0.4737060765891063 20.21195457796853 6395.5000000000009 8.9809012875536478
decision_type=2 8 2 2 2 2 2 2 2 2 2 2 2 2 2 8 2 2 2 2 2 2 2 2 8 10 2 2 10 2
left_child=5 2 4 -3 -2 -1 7 -7 12 10 -10 25 13 15 -15 16 21 20 -19 -20 -17 -9 -23 24 29 -11 -12 28 -22 -13
right_child=1 3 -4 -5 -6 6 -8 8 9 11 26 23 -14 14 -16 17 -18 18 19 -21 27 22 -24 -25 -26 -27 -28 -29 -30 -31
leaf_value=0.054097554708368994 -0.12548003426913965 -1.6869769708213882 -0.82924022105605677 -0.17545693286115238 1.0975792914037812 0.68031107993540452 0.68681351463026208 2.6392665969491191 -1.2620895006525643 2.3358951248631001 -0.66536963326170739 -0.27136603608669246 -0.57657115868296394 -0.60940352466855074 0.54187096234547882 0.24805440635568632 -1.6679149278527803 -0.42572902277065627 -0.16846798594165194 4.7353866999256757 -3.9219368845801004 -1.1164247980636446 5.1897807983290711 -0.67752133095186773 0.99122003497484457 0.34428991132663217 1.1964263968854993 -0.047439508457978265 -1.4920028524812325 0.45773982260193408
leaf_weight=8885 229 109 40 78 69 46 90 41 143 43 43 90 235 90 182 40 46 1373 50 46 80 75 80 81 54 45 77 50 62 53
leaf_count=8885 229 109 40 78 69 46 90 41 143 43 43 90 235 90 182 40 46 1373 50 46 80 75 80 81 54 45 77 50 62 53
internal_value=0.000154443 -0.00503802 0.000294985 -0.0146277 0.00334448 0.000380134 -0.00153918 -0.00196737 -0.00225649 0.00230159 -0.00587121 0.00817439 -0.00342717 -0.00241426 0.00586081 -0.0035751 0.00534979 -0.00484724 -0.00323129 0.014433 -0.0150215 0.0111675 0.00608974 0.00322581 0.00833333 0.0235955 0.00743802 -0.019171 -0.0244755 0.00243056
internal_weight=12625 525 338 187 298 12100 3215 3125 3079 629 263 366 2450 2215 272 1943 242 1701 1469 96 232 196 155 278 197 88 120 192 142 143
internal_count=12625 525 338 187 298 12100 3215 3125 3079 629 263 366 2450 2215 272 1943 242 1701 1469 96 232 196 155 278 197 88 120 192 142 143
is_linear=0
shrinkage=0.05


Tree=276
num_leaves=31
num_cat=0
split_feature=14 0 7 8 7 11 10 11 14 8 1 10 1 8 6 7 7 12 11 0 3 8 10 12 7 8 13 8 11 14
split_gain=5.01083 7.19715 6.53734 6.91241 5.1751 6.30184 10.9645 5.97725 8.83314 6.23414 8.89717 8.06929 5.34851 5.11951 5.03303 11.5431 13.2655 12.8364 14.2574 12.9902 12.3037 10.7302 17.0727 9.80508 9.18101 13.6041 13.06 9.36043 17.7695 14.0901
threshold=4462.5000000000009 20.942489270386268 1.5000000000000002 2.5000000000000004 21.500000000000004 0.04621408538533487 0.8697513045430848 0.51849435583340198 5619.5000000000009 2.5000000000000004 11.54145654506438 -0.16799356919963607 14.635595493562233 3.5000000000000004 146.94420600858373 8.5000000000000018 16.500000000000004 0.71051919230648819 0.80290535434334509 10.650000000000004 6.9472103004291865 1.5000000000000002 -0.75579217237767959 -0.75015329512557194 6.5000000000000009 4.5000000000000009 -0.88622145408796527 4.5000000000000009 0.74298546529340237 4719.5000000000009
decision_type=10 2 2 2 2 2 2 2 10 2 2 2 2 2 2 2 2 2 2 2 2 2 2 2 2 2 2 2 2 10
left_child=1 2 -1 -4 14 6 -6 8 -7 11 -11 -9 -10 -12 15 21 17 19 -19 -17 -18 22 -2 -21 26 -26 -23 28 29 -28
right_child=4 -3 3 -5 5 7 -8 9 12 10 13 -13 -14 -15 -16 16 20 18 -20 23 -22 24 -24 -25 25 -27 27 -29 -30 -31
leaf_value=-0.99144758206184636 1.2144232832019499 1.3624129792133317 -0.042834878167241186 -1.076408390080178 -0.18985865064269092 -0.24664394723054103 -3.2744548357233043 0.31659862900505686 0.29794139884602372 1.2254208385255652 0.31159284107020541 -2.5742708379767922 1.9781883959768494 -1.4632983464988685 -0.032636635533117443 -0.37113050094294525 0.089101608850569392 1.5946706012766301 -0.90452434991136677 1.7911425468141715 4.9288214260743644 -0.25097009726559921 0.099878504975140461 7.0389192209115663 -0.0084076736396127682 -1.2360517902846824 -0.5629462874511546 0.31919540636195054 -0.42369020979599559 0.26350217513086138
leaf_weight=69 153 45 333 75 372 71 98 66 73 70 41 99 45 119 4599 69 1910 85 70 103 57 463 719 157 355 236 156 809 413 729
leaf_count=69 153 45 333 75 372 71 98 66 73 70 41 99 45 119 4599 69 1910 85 70 103 57 463 719 157 355 236 156 809 413 729
internal_value=1.18483e-05 -0.00478011 -0.00658996 -0.00415648 0.000218323 -0.00312796 -0.007431 0.00034188 0.00763158 -0.00315657 0.0021645 -0.0105422 0.0159664 -0.00434783 0.00053681 0.00143408 0.00413948 0.0115464 -0.000320513 0.0171212 0.00231199 -0.000210709 0.00469645 0.0222222 -0.00156546 -0.00717905 -0.000272268 0.00139943 -0.00123172 0.00276524
internal_weight=12659 522 477 408 12137 1054 470 584 189 395 230 165 118 160 11083 6484 2451 484 155 329 1967 4033 872 260 3161 591 2570 2107 1298 885
internal_count=12659 522 477 408 12137 1054 470 584 189 395 230 165 118 160 11083 6484 2451 484 155 329 1967 4033 872 260 3161 591 2570 2107 1298 885
is_linear=0
shrinkage=0.05


Tree=277
num_leaves=31
num_cat=0
split_feature=10 10 10 0 1 10 6 14 10 10 8 8 10 10 1 6 0 8 10 3 6 10 10 6 13 13 10 1 7 1
split_gain=9.67755 12.4208 10.9244 8.79728 19.0184 12.7857 11.4746 13.0253 11.788 20.5051 12.2167 14.9654 10.7656 12.855 12.1639 11.3356 12.0738 10.7969 10.5393 11.5501 10.0946 9.68851 11.3854 9.78548 8.28881 10.4344 8.79379 9.27331 8.04794 16.1082
threshold=-0.46801505794253101 -0.50556189049999822 -0.42957681104363482 19.181974248927038 16.770511444921322 -0.70291267844185523 80.332618025751103 6750.5000000000009 -0.62588817255938378 -0.65234524191686594 2.5000000000000004 4.5000000000000009 -0.67803021058859214 -0.54939360607974019 26.22211194563663 444.87553648068678 20.942489270386268 1.0000000180025095e-35 -0.83377653105606597 1.5049356223175965 479.75965665236055 -0.814291907305839 -0.82415615971448097 115.04935622317598 -0.24372464231556024 -0.17646730165275518 -0.65234524191686594 17.199633404864095 15.500000000000002 20.07436963519314
decision_type=2 2 2 2 2 2 2 10 2 2 2 2 2 2 2 2 2 2 2 2 2 2 2 2 2 2 2 2 2 2
left_child=1 3 -2 4 5 18 8 -8 9 -7 -10 -12 15 17 -15 28 -17 -14 -1 -20 -19 22 23 -6 -23 -26 27 -27 29 -5
right_child=2 -3 -4 12 21 6 7 -9 10 -11 11 -13 13 14 -16 16 -18 20 19 -21 -22 24 -24 -25 25 26 -28 -29 -30 -31
leaf_value=-0.64536871284014985 1.2416791271348757 -0.93834763887034578 0.04267648646998623 4.8156616792253777 -0.17892303335786439 0.082793281633234989 2.1876555074057933 -2.1931225793724707 1.7123079037663276 -1.3903446785250708 -0.42117809302969822 1.8236992024114445 -3.3062495757072385 -0.48140754610872138 1.758978014788886 -4.5509541376858129 -0.031693923052534954 -0.44069111544968109 2.8989804265480874 0.14266412285021488 0.24435484050773085 -1.9791614763023746 1.6780996667304635 -2.6375808116264809 2.3959169905594537 -0.2624807341692531 -0.22440136658751728 -3.3859985809595177 0.074724086847299989 0.18586257926385771
leaf_weight=84 187 188 7586 151 954 104 40 100 68 42 78 61 60 50 52 51 650 210 99 96 105 68 46 92 44 42 69 60 710 481
leaf_count=84 187 188 7586 151 954 104 40 100 68 42 78 61 60 50 52 51 650 210 99 96 105 68 46 92 44 42 69 60 710 481
internal_value=3.16731e-05 -0.00171952 0.00112555 -0.00121037 -0.00356145 0.00271669 -0.00212551 -0.0141844 0.00268362 -0.00816327 0.0103365 0.00178571 0.000793336 -0.00596234 0.00970874 0.0023728 -0.00277778 -0.0102394 0.01125 0.017602 -0.00648734 -0.00708576 -0.00494053 -0.00601719 -0.0153169 -0.0104167 -0.0159884 -0.0252427 0.00506329 0.00916272
internal_weight=12628 4855 7773 4667 2147 772 493 140 353 146 207 139 2520 477 102 2043 701 375 279 195 315 1375 1092 1046 283 215 171 102 1342 632
internal_count=12628 4855 7773 4667 2147 772 493 140 353 146 207 139 2520 477 102 2043 701 375 279 195 315 1375 1092 1046 283 215 171 102 1342 632
is_linear=0
shrinkage=0.05


Tree=278
num_leaves=31
num_cat=0
split_feature=11 11 11 11 1 11 12 11 14 15 13 12 8 2 6 15 2 14 7 11 6 15 11 12 14 14 7 8 14 7
split_gain=5.06958 17.5341 12.894 8.71033 15.6824 9.39448 17.5323 7.74734 6.99547 10.6422 7.09447 11.1087 14.8443 10.3964 8.96875 8.80133 6.81628 13.8039 6.37659 5.63426 5.01631 4.51002 4.44249 4.18787 5.90392 3.85547 8.06326 14.1192 5.68427 5.72883
threshold=-0.9497838742125716 -0.94426098523567992 -0.95502570686053045 -0.93237865822738086 21.307796852646643 -0.90531874877253482 0.69522491211780757 -0.89787881968372518 5017.5000000000009 4412.5000000000009 0.88917497572200743 -0.2270106897347694 3.5000000000000004 0.90064377682403507 44.190987124463526 5257.5000000000009 8.9105150214592275 6417.5000000000009 3.5000000000000004 -0.98801846520836312 31.980686695278973 5798.5000000000009 -0.78858226040708135 1.0000000180025095e-35 6805.5000000000009 4377.5000000000009 2.5000000000000004 2.5000000000000004 4643.5000000000009 2.5000000000000004
decision_type=2 2 2 2 2 2 2 2 8 10 2 2 2 2 2 10 2 10 2 2 2 8 2 2 8 10 2 2 10 2
left_child=2 -2 8 4 -3 6 -5 -7 9 -1 14 12 -12 19 -10 -16 25 22 -11 -13 -8 -15 -18 -23 -25 26 -9 -28 29 -27
right_child=1 3 -4 5 -6 7 20 16 10 18 11 13 -14 21 15 -17 17 -19 -20 -21 -22 23 -24 24 -26 28 27 -29 -30 -31
leaf_value=-0.67290699612512983 -2.6888945667734792 2.7643702805142767 2.0739168741526099 -3.7947145277147003 -0.58510412819364321 1.0623022156811885 0.37045605649655045 -0.85080776193672136 2.3003759057326079 0.66206301455190442 -10.572953107541503 -0.33399311936336745 0.39953000614204942 -0.29117413032381595 -1.2813627717615419 1.0887284810831261 3.597902365294408 -0.19948829198792739 2.0113758906215708 -2.2918337323123978 -0.32186716890755634 3.7885266449231949 0.51660733757148591 -0.15577085314439501 0.85467360016784832 0.38781518287737526 0.2038616764954668 -1.7049911273883938 -0.03089288123296683 0.068584753703680695
leaf_weight=42 56 54 62 76 61 52 67 87 56 46 56 66 45 78 43 52 46 89 56 43 87 46 71 57 70 188 198 41 10111 407
leaf_count=42 56 54 62 76 61 52 67 87 56 46 56 66 45 78 43 52 46 89 56 43 87 46 71 57 70 188 198 41 10111 407
internal_value=-0.000139888 -0.000406261 0.003663 -0.000270712 0.0133621 -0.000407951 -0.0103896 -0.000203702 0.00184941 0.0117241 -0.000489396 -0.00357143 -0.0181373 0.000554017 0.00888158 -0.000520833 -0.00029362 0.00869565 0.0203883 -0.0122727 -0.000645161 0.00615079 0.0199153 0.0106322 0.00585938 -0.00046225 -0.0058104 -0.00104167 -0.00029887 0.00444631
internal_weight=12509 11691 818 11635 115 11520 230 11290 756 144 612 461 101 360 151 95 11238 206 102 109 154 251 117 173 127 11032 326 239 10706 595
internal_count=12509 11691 818 11635 115 11520 230 11290 756 144 612 461 101 360 151 95 11238 206 102 109 154 251 117 173 127 11032 326 239 10706 595
is_linear=0
shrinkage=0.05


Tree=279
num_leaves=31
num_cat=0
split_feature=14 3 14 7 7 8 15 3 3 11 4 10 11 1 1 11 10 15 10 1 14 1 12 12 12 8 7 15 15 1
split_gain=6.21079 10.7656 7.81392 6.55948 9.66427 11.5916 12.8992 12.433 9.10383 15.242 12.6067 9.01166 8.89303 12.7416 15.8428 14.2177 13.1591 11.9004 10.5774 8.83401 8.37526 8.72869 8.67104 8.29042 12.6278 7.76051 11.4707 11.0014 9.3326 9.74583
threshold=8436.0000000000018 5.8744635193133057 8388.0000000000018 10.500000000000002 14.500000000000002 3.5000000000000004 5296.5000000000009 4.1512875536480704 2.6577253218884125 0.84199059757024453 0.35742139291569086 0.34235194516023087 1.0000000180025095e-35 18.311346566523607 14.437133404864094 0.65720762023595369 -0.98523971305672675 7526.5000000000009 0.66527693225344786 12.058006974248931 6725.5000000000009 10.786453862660947 -0.73866412149774419 0.99758684199993486 0.96851839807117801 5.5000000000000009 18.500000000000004 5171.5000000000009 6190.5000000000009 14.437133404864094
decision_type=8 2 10 2 2 2 10 2 2 2 2 2 2 2 2 2 2 10 2 2 10 2 2 2 2 2 2 10 10 2
left_child=2 -2 3 20 -5 6 -6 23 10 -10 12 -11 -8 14 18 -16 -15 -17 19 -14 -1 -22 -23 24 25 27 -27 -7 -29 -30
right_child=1 -3 -4 4 5 7 8 -9 9 11 -12 -13 13 16 15 17 -18 -19 -20 -21 21 22 -24 -25 -26 26 -28 28 29 -31
leaf_value=-0.029348237171325311 -0.98940784743290355 0.67824134595812213 1.7946504463064912 0.28903605711252567 1.6800750594320562 -1.4592178912143936 -0.53172721702235326 0.65403472617872471 1.2180538769657916 0.11207037191279597 0.32368505490685495 -2.1107535914167785 -2.662652968017051 0.60468607510651973 2.7539944144799851 -1.2060697465074555 -1.3113326612194216 1.7395622224632463 -2.0993605427411466 2.2580014004531224 -1.3216531113664587 -1.7166958603595504 -0.060112316028403258 0.99822439414331265 -1.6409727176174784 -0.98499414735983926 0.72991915493903436 0.014912278128122125 0.11519116146494071 -1.2813517027826038
leaf_weight=5175 295 98 40 2059 112 111 587 283 274 244 510 41 40 68 185 90 124 42 104 83 69 87 378 58 83 246 267 364 148 311
leaf_count=5175 295 98 40 2059 112 111 587 283 274 244 510 41 40 68 185 90 124 42 104 83 69 87 378 58 83 246 267 364 148 311
internal_value=-3.97551e-05 -0.00621827 0.000160046 8.64625e-05 0.00118104 -0.000148537 0.00207585 -0.003125 0.00129545 0.006875 -0.000408942 -0.00122378 -0.00298338 0.000678426 0.00458716 0.0117925 -0.0103627 -0.00075188 -0.00548246 0.00443548 -0.00114711 -0.0071028 -0.00461373 -0.00484581 -0.00555193 -0.00445442 0.000486381 -0.00716578 -0.00515777 -0.0098913
internal_weight=12576 393 12183 12143 6434 4375 2504 1871 2392 559 1833 285 1323 736 544 317 192 132 227 123 5709 534 465 1588 1530 1447 513 934 823 459
internal_count=12576 393 12183 12143 6434 4375 2504 1871 2392 559 1833 285 1323 736 544 317 192 132 227 123 5709 534 465 1588 1530 1447 513 934 823 459
is_linear=0
shrinkage=0.05


Tree=280
num_leaves=31
num_cat=0
split_feature=7 13 13 10 12 14 12 13 8 14 15 13 10 6 15 12 7 13 14 8 10 10 15 15 0 13 0 8 6 7
split_gain=4.69423 7.74233 12.2575 11.5067 11.2896 9.89711 9.84001 12.6855 10.3105 7.73203 7.68815 12.899 11.4324 16.9433 13.4329 9.67293 8.37094 18.1107 7.57184 14.8013 13.608 7.29991 9.10393 7.15784 7.12289 7.107 7.06867 8.27499 6.93155 6.89957
threshold=10.500000000000002 0.71953727073011831 0.64415777744009783 0.022575936829235418 -0.59869031648930193 8107.0000000000009 0.60726729507090926 0.91852788691372023 1.5000000000000002 8226.5000000000018 4909.5000000000009 -0.68275178320790053 -0.90893996196865023 310.79828326180262 5035.5000000000009 0.99683609994235922 6.5000000000000009 0.1318557721318592 4990.5000000000009 1.5000000000000002 -0.082689790342551819 0.99466373373798567 5577.5000000000009 5608.5000000000009 27.157939914163094 0.88917497572200743 26.398283261802579 4.5000000000000009 24.540772532188843 14.500000000000002
decision_type=2 2 2 2 2 10 2 2 2 10 8 2 2 2 10 2 2 2 10 2 2 2 10 8 2 2 2 2 2 2
left_child=10 2 29 4 28 23 7 25 -9 26 11 -1 13 14 -12 18 -13 -18 19 -14 -21 24 -23 -6 -20 -5 27 -10 -3 -2
right_child=1 3 -4 6 5 -7 -8 8 9 -11 12 16 15 -15 -16 -17 17 -19 21 20 -22 22 -24 -25 -26 -27 -28 -29 -30 -31
leaf_value=-0.19886822912844765 0.2695015076656091 6.3457309986505841 -1.3313874045363265 0.50283798084051345 -2.6105652457049473 -2.7342869908591183 4.100770494576409 -1.808895890447775 8.7880601714662134 0.025100930364419585 -0.24470266544526567 0.25943377497919756 -0.21429063895875516 -1.2881035588510714 0.66780755973481976 0.66490600979473136 0.98567350872990578 -1.63743892517291 -0.20817505452837395 -2.5810697076476119 -0.16469948032531648 2.6006042983387943 -1.1189121696917936 0.10298798350427206 2.1862084943240463 -1.8970642259451553 0.40604744584500169 1.9751234482587963 0.11643588306658331 -0.03515489182213969
leaf_weight=592 1564 44 214 181 57 84 79 71 85 48 73 1230 414 93 334 126 63 57 2457 110 111 55 55 633 45 58 44 74 40 3521
leaf_count=592 1564 44 214 181 57 84 79 71 85 48 73 1230 414 93 334 126 63 57 2457 110 111 55 55 633 45 58 44 74 40 3521
internal_value=7.1355e-05 0.000963519 6.60377e-05 0.00413609 0.000349243 -0.00154839 0.00920437 0.00685053 0.0133127 0.0180556 -0.000971458 0.00159547 -0.00225865 0.00479042 0.00919118 -0.00330468 0.00429312 -0.00826446 -0.00383313 -0.00872642 -0.0191441 -0.00264064 0.00990991 0.000434153 -0.00319616 -0.001875 0.0223039 0.0271875 0.0176471 0.000560362
internal_weight=12612 6797 5299 1498 858 774 640 561 322 251 5815 1942 3873 500 407 3373 1350 120 3247 635 221 2612 110 690 2502 239 203 159 84 5085
internal_count=12612 6797 5299 1498 858 774 640 561 322 251 5815 1942 3873 500 407 3373 1350 120 3247 635 221 2612 110 690 2502 239 203 159 84 5085
is_linear=0
shrinkage=0.05


Tree=281
num_leaves=31
num_cat=0
split_feature=12 12 13 12 14 14 1 15 14 11 14 12 1 7 14 14 11 1 15 13 12 1 3 3 7 13 1 12 3 14
split_gain=5.17783 19.0427 11.0423 10.8296 13.1041 9.66325 8.43347 8.4005 14.4558 13.4334 7.81013 7.57315 7.56874 9.22492 6.49801 8.6871 8.26949 5.91716 5.88987 8.71736 14.6804 12.2653 16.929 10.1952 10.1767 9.77224 8.75951 16.6221 14.4117 9.05589
threshold=0.5331367478917558 0.52217737485370563 -0.56547028338718019 0.80417553764032002 5686.5000000000009 6050.5000000000009 21.209504649499287 6315.5000000000009 6725.5000000000009 0.29958852271690523 6266.5000000000009 0.77241981449888963 11.956357296137341 17.500000000000004 4940.5000000000009 4815.5000000000009 -0.9497838742125716 22.726090844062952 8978.5000000000018 0.47370525521770246 0.86440767487108461 12.494362482117312 2.7673819742489276 9.1034334763948515 8.5000000000000018 0.44313120970497338 11.080244098712447 0.96522610578843548 5.1188841201716757 7151.5000000000009
decision_type=2 2 2 2 10 8 2 10 10 2 10 2 2 2 10 10 2 2 10 2 2 2 2 2 2 2 2 2 2 10
left_child=1 -1 3 5 -5 6 11 9 -9 10 -7 -2 13 -10 15 17 -16 -4 19 25 21 23 -23 -21 -24 26 27 -18 29 -28
right_child=2 -3 14 4 -6 7 -8 8 12 -11 -12 -13 -14 -15 16 -17 18 -19 -20 20 -22 22 24 -25 -26 -27 28 -29 -30 -31
leaf_value=-0.033823599280731288 0.23201222842160407 -2.6199313601187217 -0.54500798720880539 0.92327008097290675 10.044037828691126 -0.25773481168130274 1.5158473401191714 1.4501027274410263 -4.1585495570959212 1.3822634008981369 -2.1520825636450356 1.6029453157316311 0.50888871542754266 0.005618313622198912 1.106045829544928 -0.74568502457896102 -2.8817649079542207 0.20196919764607629 1.5488621446528215 0.69393441126078415 -1.9316977626430345 -0.17519300476551508 -0.40291249484416769 -0.969371838413008 -5.1524656486646343 0.96399759190067025 0.12643507762295486 0.45138434763780427 1.0380264081519044 -0.71164388057986805
leaf_weight=8045 284 70 198 40 43 62 40 58 40 58 79 44 94 47 107 141 85 163 66 264 74 422 46 47 50 73 1197 69 264 327
leaf_count=8045 284 70 198 40 43 62 40 58 40 58 79 44 94 47 107 141 85 163 66 264 74 422 46 47 50 73 1197 69 264 327
internal_value=-0.000226226 -0.000979547 0.00113763 0.0061236 0.0232143 0.00433705 0.0102981 -0.000683371 0.005625 -0.00825 -0.0165493 0.00759878 -0.00137363 -0.0119318 -9.73845e-05 -0.00536779 0.000760026 -0.00124309 0.000268007 -6.85166e-05 -0.00414823 -0.00222892 -0.00693642 0.00560897 -0.0257732 0.00176091 0.0010808 -0.0103226 0.00206819 0.000196721
internal_weight=12597 8115 4482 889 83 806 368 438 239 199 141 328 181 87 3593 502 3091 361 2984 2918 903 829 518 311 96 2015 1942 154 1788 1524
internal_count=12597 8115 4482 889 83 806 368 438 239 199 141 328 181 87 3593 502 3091 361 2984 2918 903 829 518 311 96 2015 1942 154 1788 1524
is_linear=0
shrinkage=0.05


Tree=282
num_leaves=31
num_cat=0
split_feature=14 6 7 14 14 14 14 0 3 6 7 7 6 2 6 12 13 8 10 12 0 3 14 10 10 6 10 13 13 6
split_gain=6.78356 8.42785 10.5784 6.21463 6.00024 7.25856 9.82853 8.12343 8.06236 6.36853 6.28659 6.10082 5.33199 10.2698 8.2395 16.9818 14.4882 9.99048 7.38388 13.1962 13.2139 7.25305 14.0922 10.4175 9.1338 7.33818 10.8149 8.03136 8.01814 6.82834
threshold=8226.5000000000018 3.5987124463519318 20.500000000000004 8833.5000000000018 7722.5000000000009 7546.5000000000009 7519.5000000000009 12.587768240343349 2.0152360515021477 49.201716738197426 15.500000000000002 19.500000000000004 333.87768240343354 0.92446351931330295 23.474248927038627 -0.66528308454101848 0.59004310983071195 5.5000000000000009 0.99761913169647187 -0.030099068566675755 12.793776824034337 0.073390557939916348 7265.5000000000009 0.72695311118111527 0.022575936829235418 99.160944206008594 -0.86976336936302323 -0.83377508534904698 -0.95244002147885598 80.332618025751103
decision_type=8 2 2 10 10 10 10 2 2 2 2 2 2 2 2 2 2 2 2 2 2 2 10 2 2 2 2 2 2 2
left_child=4 2 3 -2 5 6 12 -7 -9 11 -11 -6 13 14 18 16 29 21 -1 -20 -21 25 24 -24 -23 26 -17 28 -27 -16
right_child=1 -3 -4 -5 9 7 -8 8 -10 10 -12 -13 -14 -15 15 17 -18 -19 19 20 -22 22 23 -25 -26 27 -28 -29 -30 -31
leaf_value=-0.019864832117991685 -0.015432255966743469 -1.3054419117811904 -1.8411967198030426 2.4629215918730551 2.6250024658660553 -2.4937374043118781 2.0273751255942445 -0.74053503988629932 0.9157977123056299 0.50208234160277243 -1.887286746085556 0.46549787274991561 -0.063795456046227633 0.28934131034129679 1.5102821341523396 1.7584699514862223 -2.693109604587653 -0.16238297502000024 -1.7390802787864006 2.4504736572938328 -2.0467244141306082 0.27681282699618354 1.738593141904039 -1.4603850464479367 4.1088569221698439 0.037854160221286293 -0.12383073850496658 0.9257025592798982 -1.4917891097900793 -0.3420817125843314
leaf_weight=5517 161 269 48 71 131 111 43 94 73 151 81 140 3108 727 95 81 64 227 60 40 60 95 53 55 355 68 83 147 48 393
leaf_count=5517 161 269 48 71 131 111 43 94 73 151 81 140 3108 727 95 81 64 227 60 40 60 95 53 55 355 68 83 147 48 393
internal_value=6.71937e-05 -0.00536364 0.000711744 0.00515021 0.000314024 8.19107e-05 0.000278269 -0.0078853 -0.000892857 0.00565476 -0.000429185 0.0108456 0.00018622 0.000856898 0.000302338 0.00328612 -0.0039783 0.00659522 -0.00062522 -0.0111801 0 0.00877282 0.0125224 -0.00366972 0.016408 0.00385514 0.0121212 -0.00132576 -0.0111111 -0.00102249
internal_weight=12649 549 280 232 12100 11597 11319 278 167 503 232 271 11276 8168 7441 1764 552 1212 5677 160 100 985 558 108 450 427 164 263 116 488
internal_count=12649 549 280 232 12100 11597 11319 278 167 503 232 271 11276 8168 7441 1764 552 1212 5677 160 100 985 558 108 450 427 164 263 116 488
is_linear=0
shrinkage=0.05


Tree=283
num_leaves=31
num_cat=0
split_feature=8 11 11 1 11 11 1 11 11 1 15 11 10 10 14 1 12 12 15 12 12 12 5 0 14 1 10 14 14 15
split_gain=3.68359 11.042 20.3982 18.9383 25.7754 17.7995 12.4186 10.6059 18.549 26.5316 12.6266 7.58932 12.3181 16.6763 10.1975 8.98269 7.12877 10.7851 7.05354 7.78475 15.2789 10.3964 7.8784 22.7121 10.0654 7.8469 7.2546 8.63309 7.85073 10.9789
threshold=4.5000000000000009 0.98005052076767474 0.94909129669788206 12.7149678111588 0.9863035000474919 0.91852788691372023 10.729220314735338 0.85561368268953431 0.78724360164103002 12.091197246065811 6043.5000000000009 -0.93237865822738086 0.24372619187392155 0.12545942051955489 5289.5000000000009 20.794040593705297 0.99463153969809781 0.95752911693909493 5900.5000000000009 -0.36547639117285574 -0.55657263146136127 -0.58482091572441486 0.19462101899095627 17.268454935622319 4708.5000000000009 11.956357296137341 -0.98803845231459242 5331.5000000000009 5380.5000000000009 4734.5000000000009
decision_type=2 2 2 2 2 2 2 2 2 2 10 2 2 2 10 2 2 2 8 2 2 2 2 2 10 2 2 10 10 10
left_child=11 2 5 4 -3 7 -4 8 16 -10 -9 12 13 15 -15 -1 17 18 19 20 21 -2 23 -21 -25 -24 27 -26 29 -28
right_child=1 3 6 -5 -6 -7 -8 10 9 -11 -12 -13 -14 14 -16 -17 -18 -19 -20 22 -22 -23 25 24 26 -27 28 -29 -30 -31
leaf_value=-0.81281828269616208 -0.17349611209392607 5.002359464555366 -0.82615529934896592 -0.68645108575049107 0.11274466050299453 3.0754968449590478 -4.6640180147585628 0.081768368634175206 5.5345198458786404 -0.052712826727429274 -2.5208343686772197 0.028545714699362179 3.2573730255082185 1.595643190269584 -6.4560276578279856 0.49106657254269526 0.4557667544223023 -0.82271393448434083 -0.80524902409474641 -1.0710990063924783 -1.0819982403480595 1.6876580673864057 -0.18672489165173831 0.98940995812413357 -0.65398261199841279 0.92525996891572504 -0.29128317901195261 2.0740776056482217 -0.24226706461217873 1.5035537332951663
leaf_weight=41 619 80 76 78 135 62 76 91 65 89 98 8320 98 41 58 491 151 244 396 83 126 66 95 67 44 178 118 94 340 142
leaf_count=41 619 80 76 78 135 62 76 91 65 89 98 8320 98 41 58 491 151 244 396 83 126 66 95 67 44 178 118 94 340 142
internal_value=0.000394851 -0.000954621 -0.00177657 0.00833333 0.0159722 -0.000915115 -0.0196078 -0.00144834 -0.000702536 0.016129 -0.0128947 0.000933702 0.00582192 0.00324367 -0.0155 0.00675422 -0.00164616 -0.00225794 -0.00122415 0 -0.00375616 -0.000801749 0.00262478 0.000337458 0.00291563 0.0100365 0.00121786 0.0115108 -0.00116473 0.00536398
internal_weight=12662 3613 3320 293 215 3168 152 3106 2917 154 189 9049 729 631 99 532 2763 2612 2368 1972 811 685 1161 888 805 273 738 138 600 260
internal_count=12662 3613 3320 293 215 3168 152 3106 2917 154 189 9049 729 631 99 532 2763 2612 2368 1972 811 685 1161 888 805 273 738 138 600 260
is_linear=0
shrinkage=0.05


Tree=284
num_leaves=31
num_cat=0
split_feature=14 7 15 15 7 0 0 6 12 12 12 1 1 12 8 6 6 7 8 6 1 6 10 7 7 10 10 8 0 15
split_gain=6.6674 7.50802 6.70207 9.44776 10.2317 10.0215 8.35418 9.67359 7.57543 8.57114 8.07697 6.7351 6.89033 6.3171 6.50607 10.1651 5.798 5.74421 7.24307 5.90878 6.7197 5.73253 9.02034 7.17866 8.58957 14.4199 9.20355 9.1739 10.909 10.5279
threshold=8161.0000000000009 13.500000000000002 7381.5000000000009 6917.5000000000009 19.500000000000004 15.039484978540774 10.998068669527898 75.004291845493569 0.98091558679606194 -0.96235977360714686 -0.82415234898030387 11.842636802575109 10.591697961373393 -0.43733782138609528 1.5000000000000002 430.10944206008588 251.2639484978541 16.500000000000004 3.5000000000000004 163.39270386266097 15.412804005722462 892.60729613733918 0.67802080537253961 9.5000000000000018 14.500000000000002 0.022575936829235418 0.9962888416657264 4.5000000000000009 18.384763948497859 5223.5000000000009
decision_type=8 2 8 10 2 2 2 2 2 2 2 2 2 2 2 2 2 2 2 2 2 2 2 2 2 2 2 2 2 8
left_child=2 -2 3 21 8 -6 7 -4 9 -5 -11 12 -12 -13 15 -15 -14 19 -19 -16 -21 23 -23 -1 25 -25 27 28 -27 -29
right_child=1 -3 6 4 5 -7 -8 -9 -10 10 11 13 16 14 17 -17 -18 18 -20 20 -22 22 -24 24 -26 26 -28 29 -30 -31
leaf_value=-0.042838433667520805 -2.5760594924036924 -0.28082182118350829 1.1869889561178752 -1.9515719983752662 -0.86920913039166414 -1.8991879025279332 0.25769211259662372 -0.28663148675505001 -2.8640577062427841 1.0072997646790782 0.084020966446132661 -1.0555549489199394 -1.4039606779122096 0.92295768376550313 -0.41780486293841934 -1.0693516027486567 -3.2782667539481967 0.58530594170802031 -1.0719747024296566 5.5798828988778499 0.29904837460517231 -0.038520333122460219 -3.1286542078791628 0.037008451770361717 0.01198261510314751 7.9469397072259431 -1.0850741105987709 4.7060066134720504 0.9624686709629714 -0.11503113066869447
leaf_weight=4906 105 500 130 64 142 80 1068 53 62 88 63 104 52 74 43 51 42 72 42 65 51 236 45 994 2824 148 73 58 171 184
leaf_count=4906 105 500 130 64 142 80 1068 53 62 88 63 104 52 74 43 51 42 72 42 65 51 236 45 994 2824 148 73 58 171 184
internal_value=-0.000246208 -0.00536304 1.25146e-05 -0.000391244 -0.00479015 -0.0143498 0.00347444 0.0133152 -0.00234554 -0.0010468 0.000467914 -0.00143939 -0.010443 0.00139165 0.00426065 -0.00515873 -0.0189474 0.00857664 0 0.0146875 0.0205128 0.000108921 -0.00691489 0.000320547 0.00177408 0.00466544 0.0105512 0.0127224 0.0182812 0.00534979
internal_weight=12590 605 11985 10734 1095 222 1251 183 873 811 747 659 157 502 398 125 94 273 114 159 116 9639 281 9358 4452 1628 634 561 319 242
internal_count=12590 605 11985 10734 1095 222 1251 183 873 811 747 659 157 502 398 125 94 273 114 159 116 9639 281 9358 4452 1628 634 561 319 242
is_linear=0
shrinkage=0.05


Tree=285
num_leaves=31
num_cat=0
split_feature=6 4 14 12 12 14 10 6 14 14 12 12 12 13 11 1 14 12 6 11 8 14 12 3 12 12 6 8 1 1
split_gain=6.34945 9.12571 8.81726 5.8894 11.7792 5.69274 8.79259 8.1465 7.21759 6.19433 10.5061 5.6073 17.9424 11.8067 9.10975 17.8619 12.1708 11.4013 11.3618 11.1456 9.42087 10.3116 10.4345 10.3707 8.57872 9.15653 7.69936 7.23614 7.16251 7.03111
threshold=685.80042918454944 6.3996590930022688 6431.5000000000009 -0.98523971305672675 -0.94139628442229062 4789.5000000000009 0.99274428880883148 178.44420600858368 4462.5000000000009 4964.5000000000009 -0.26762993667585538 0.56192297990542495 0.82414472752956958 0.47370525521770246 0.7487283477006671 10.946199928469243 6788.5000000000009 0.86972315351350449 63.637339055793994 0.47369649395226454 5.5000000000000009 7248.5000000000009 0.9993614236720848 5.0218884120171694 0.86440767487108461 0.84660111278280559 125.2618025751073 3.5000000000000004 14.219174713876967 9.1249776466380563
decision_type=2 2 10 2 2 10 2 2 10 10 2 2 2 2 2 2 10 2 2 2 2 10 2 2 2 2 2 2 2 2
left_child=1 5 -3 -2 -5 6 7 8 -1 10 -7 -11 29 14 15 -14 27 19 -18 -17 21 22 -19 28 25 -15 -22 -16 -23 -13
right_child=3 2 -4 4 -6 9 -8 -9 -10 11 -12 12 13 24 16 17 18 20 -20 -21 26 23 -24 -25 -26 -27 -28 -29 -30 -31
leaf_value=-0.06885380217515831 0.64770959406268958 3.4822735579444046 0.11683751919695169 -1.294241742867007 -0.089560385980530566 0.10375871705266491 -1.0040620617418654 2.1623452850546983 0.22776232817038819 -0.035134280734519054 -0.52466326683943409 -0.61919157226129762 -6.5615319198544517 -1.2454576439312406 -1.2624214059545011 -0.055607213518715073 0.7356315923077319 0.078060906209179853 3.0048522762312815 3.3439537032831597 -0.1752467253857958 -3.2489857813621712 2.1855197072297416 0.57413164419376705 -2.7174930825339292 0.31188928317903902 -2.1431311940162461 0.65936282802156265 0.13717056265049907 0.50026621402098503
leaf_weight=478 43 48 75 47 1115 304 72 53 978 5825 416 64 43 54 85 56 140 776 86 48 87 149 51 45 61 62 62 78 43 1163
leaf_count=478 43 48 75 47 1115 304 72 53 978 5825 416 64 43 54 85 56 140 776 86 48 87 149 51 45 61 62 62 78 43 1163
internal_value=0.000257773 0.000622643 0.0141129 -0.00319237 -0.0038693 0.000474291 0.00325537 0.00407285 0.00336307 2.06207e-05 -0.00443828 0.000378661 0.00207673 -0.000934094 0.000314286 -0.00161646 0.00705128 -0.000569044 0.0145374 0.0152381 -0.00193575 -0.00028169 0.00235507 -0.00945378 -0.0132022 -0.00512821 -0.0136667 -0.00335366 -0.0145078 0.00679967
internal_weight=12607 11402 123 1205 1162 11279 1581 1509 1456 9698 720 8978 3153 1926 1749 1360 389 1317 226 104 1213 1064 827 237 177 116 149 163 192 1227
internal_count=12607 11402 123 1205 1162 11279 1581 1509 1456 9698 720 8978 3153 1926 1749 1360 389 1317 226 104 1213 1064 827 237 177 116 149 163 192 1227
is_linear=0
shrinkage=0.05


Tree=286
num_leaves=31
num_cat=0
split_feature=7 5 10 15 10 13 13 13 7 6 15 6 7 8 1 15 8 7 11 15 10 8 15 5 10 12 11 12 7 12
split_gain=6.38287 11.2468 10.1835 8.48376 8.50562 6.58152 6.01763 9.07481 8.99403 7.26438 5.23743 10.6268 9.0404 29.8661 18.3359 18.0527 16.455 14.4644 10.4938 24.6684 12.8427 9.85544 19.3509 16.338 12.9419 10.7305 12.1939 10.6735 17.2283 14.1546
threshold=1.0000000180025095e-35 3.962783593361455 0.95998215779580554 5350.5000000000009 0.58481550752069722 -0.67802903493420741 0.99924179677339053 0.99731940924863693 8.5000000000000018 962.61587982832623 4488.5000000000009 0.034334763948497861 4.5000000000000009 1.0000000180025095e-35 11.445708154506439 5719.5000000000009 5.5000000000000009 2.5000000000000004 0.04621408538533487 4821.5000000000009 0.65233619298682533 4.5000000000000009 5296.5000000000009 0.095250971651715671 -0.27694604220087021 0.99865421017599998 -0.70900320270980455 0.94704596667653973 5.5000000000000009 0.91593490216309192
decision_type=2 2 2 10 2 2 2 2 2 2 8 2 2 2 2 8 2 2 2 10 2 2 10 2 2 2 2 2 2 2
left_child=1 2 3 5 -5 -1 7 9 -9 10 11 -2 13 14 -12 16 17 18 19 20 -15 22 23 -14 -25 27 -27 28 -24 -30
right_child=6 -3 -4 4 -6 -7 -8 8 -10 -11 12 -13 21 15 -16 -17 -18 -19 -20 -21 -22 -23 25 24 -26 26 -28 -29 29 -31
leaf_value=-0.1731589437353705 0.31693155589946403 2.0629789130739939 -1.7602087923742376 -0.93038096196851261 0.98470441034648959 0.89302657028702015 -1.1942954691397973 -0.24871705578307229 2.7448764845105873 -1.4082178751726815 0.18415507757808883 -1.2350816207939035 1.0821666922593749 0.93253061571679163 -2.5649248227890897 -2.3472163422185077 -0.72724761782446878 -0.086093756556283554 0.64063862050140874 -0.27174670715792221 -0.39621970762439107 -0.11390982967470792 -1.4709341577405213 -1.1326988604599593 0.55953880976512671 -22.702116993816006 0.023751373421328027 0.46639825400870905 0.058658022238478227 -0.89742526753570928
leaf_weight=91 448 65 46 93 46 185 123 43 67 44 41 64 364 96 131 71 133 687 370 176 44 2628 49 65 179 40 45 638 5229 252
leaf_count=91 448 65 46 93 46 185 123 43 67 44 41 64 364 96 131 71 133 687 370 176 44 2628 49 65 179 40 45 638 5229 252
internal_value=0.000306675 0.0056926 0.00292208 0.00540865 -0.00464286 0.0104693 7.06684e-05 0.000184796 0.0144144 5.0869e-05 0.000127649 0.00506823 -9.78735e-05 -0.0034 -0.0231214 -0.00123574 -6.6357e-05 0.00156477 0.00669578 0 0.0156028 0.000511064 0.00150831 0.0100164 0 0.000679565 -0.0168605 0.000923975 0.000216959 0.0004834
internal_weight=12553 526 461 415 139 276 12027 11904 110 11794 11750 512 11238 1749 172 1577 1506 1373 686 316 140 9489 6861 608 244 6253 85 6168 5530 5481
internal_count=12553 526 461 415 139 276 12027 11904 110 11794 11750 512 11238 1749 172 1577 1506 1373 686 316 140 9489 6861 608 244 6253 85 6168 5530 5481
is_linear=0
shrinkage=0.05


Tree=287
num_leaves=31
num_cat=0
split_feature=15 15 1 15 1 6 10 10 1 1 2 12 12 8 10 8 15 15 2 10 15 8 10 1 8 1 6 1 13 15
split_gain=7.09034 14.4782 5.94706 8.0851 7.33851 7.37412 5.7576 10.5744 5.63172 5.17697 15.1942 6.21854 18.9674 9.76997 8.53047 9.68559 8.49517 12.0053 12.8477 8.12769 7.50157 10.3847 12.7911 9.35708 8.41613 6.74525 9.07171 5.34661 9.56096 5.79994
threshold=6873.5000000000009 7164.5000000000009 13.928259120171676 6933.5000000000009 11.886663984263235 106.80901287553648 0.94704596667653973 0.97696484778429815 14.831907188841202 23.223243025751074 6.5036480686695297 0.44313197806314492 0.74300049550786151 1.5000000000000002 -0.67166439702596292 3.5000000000000004 5954.5000000000009 6190.5000000000009 4.6394849785407724 -0.60554068365937697 4864.5000000000009 2.5000000000000004 -0.52032787705993211 25.142153969957082 1.0000000180025095e-35 25.142153969957082 449.24034334763957 25.556053290414884 0.73136292505298039 5148.5000000000009
decision_type=8 8 2 10 2 2 2 2 2 2 2 2 2 2 2 2 10 10 2 2 10 2 2 2 2 2 2 2 2 10
left_child=9 2 3 -2 -5 -6 -3 -8 -9 10 -1 16 13 -13 15 -14 27 -18 -19 -16 -21 24 -23 -24 -22 -17 -27 28 -11 -29
right_child=1 6 -4 4 5 -7 7 8 -10 11 -12 12 14 -15 19 25 17 18 -20 20 21 22 23 -25 -26 26 -28 29 -30 -31
leaf_value=0.024197571444801724 0.44855187978687355 0.040705966955192713 -1.184483797746043 -1.8072788325991951 -0.96080005994131179 1.6282659765774952 -2.3249753308134586 0.59787235455103205 -0.61134683288810265 0.5930547980520714 -0.54105938728494041 3.8816946876975638 1.5621658595640158 0.40390406863484718 -0.54957750924099857 -0.56865438498939513 -2.8686277669739413 -1.3835390787521646 0.50349190985157299 0.97746873894159314 2.7555293032226928 1.7141691246905795 0.98492124871422682 -0.3187739515598878 -0.73887015423915736 1.1315181793212106 -0.35727050727111875 0.078619532127186184 -0.63686635450171714 2.3088120048493921
leaf_weight=7951 65 2086 467 110 49 69 100 74 49 69 149 48 120 89 165 41 51 71 81 62 46 53 45 93 109 59 42 85 77 70
leaf_count=7951 65 2086 467 110 49 69 100 74 49 69 149 48 120 89 165 41 51 71 81 62 46 53 45 93 109 59 42 85 77 70
internal_value=-7.51226e-05 -0.00216612 -0.00814717 -0.00255102 -0.0069869 0.00168067 -0.000194805 -0.0078125 0.00201613 0.000595176 9.87532e-05 0.00331754 0.00565262 0.0228261 0.002811 0.0102662 -0.00118812 -0.00906863 -0.00196078 -0.000609756 0.00317848 0.000288184 0.00807292 0 -0.00929487 0.0013986 0.00833333 0.00413907 -0.00272109 0.0105769
internal_weight=12645 3069 760 293 228 118 2309 223 123 9576 8100 1476 972 137 835 262 504 203 152 573 408 346 191 138 155 142 101 301 146 155
internal_count=12645 3069 760 293 228 118 2309 223 123 9576 8100 1476 972 137 835 262 504 203 152 573 408 346 191 138 155 142 101 301 146 155
is_linear=0
shrinkage=0.05


Tree=288
num_leaves=31
num_cat=0
split_feature=7 12 7 0 7 6 7 14 0 14 0 11 11 13 11 11 11 11 12 10 6 10 4 1 6 12 7 11 13 1
split_gain=6.30309 10.1507 4.92392 10.7298 9.32604 10.2795 13.4714 10.3098 10.6032 7.75867 9.20442 10.1295 8.79571 8.6207 8.59242 11.6314 11.6365 18.9178 11.171 15.0211 8.77034 8.62758 8.00628 8.30041 7.31397 8.60113 8.50158 18.1453 12.797 8.66482
threshold=1.0000000180025095e-35 -0.72696319516528884 10.500000000000002 9.428540772532191 21.500000000000004 299.942060085837 15.500000000000002 6737.5000000000009 12.421030042918456 5934.5000000000009 16.323605150214593 0.50370931781787065 -0.99168640063982161 0.96407344085605606 -0.20180761162458913 -0.056951011027366626 0.19969739736768838 0.56191161272202661 0.92919371535393525 -0.44504625642270151 681.00429184549364 -0.25205528343633254 6.3996590930022688 19.793012339055796 692.59656652360525 0.9252105435402006 14.500000000000002 0.41202506375868281 -0.85227283847737434 13.607466022889843
decision_type=2 2 2 2 2 2 2 10 2 10 2 2 2 2 2 2 2 2 2 2 2 2 2 2 2 2 2 2 2 2
left_child=1 -1 -2 -4 5 6 -5 8 -8 10 11 -7 -11 24 18 -16 20 -18 19 -12 -17 -21 23 -23 26 -26 27 28 -14 -29
right_child=2 -3 3 4 -6 9 7 -9 -10 12 14 -13 13 -15 15 16 17 -19 -20 21 -22 22 -24 -25 25 -27 -28 29 -30 -31
leaf_value=0.89307352044916122 -0.076702442951409475 0.099441196493080503 1.3160541407597066 2.9394991740416803 -0.27242545440121829 11.428676643629752 10.398602252109141 -0.031180359330619467 0.28480051792848826 0.7640195788919073 1.5525502248547127 -0.079822392224332364 0.70491929475870174 -2.3362946711437873 -3.4819249083431716 2.4701017544027311 -3.1621540244078461 1.2795082538004863 -0.5464763602859648 -2.4971930871670569 -0.33882573466562466 0.068963862001692175 -0.87751105572579036 1.3888080016855384 -0.45627258752899708 0.32447825236081373 -0.46693144572491296 0.46612183191282386 3.1194329542358901 -2.1710096409901554
leaf_weight=111 5226 413 99 388 997 60 42 1592 793 70 113 49 150 59 57 45 70 44 134 42 51 184 45 95 450 87 551 261 101 168
leaf_count=111 5226 413 99 388 997 60 42 1592 793 70 113 49 150 59 57 45 70 44 134 42 51 184 45 95 450 87 551 261 101 168
internal_value=-0.000410424 0.00495238 -0.000644544 0.000242718 0 0.000780428 0.00292969 0.00154448 0.00604067 -0.00131625 0.00227273 0.0159091 -0.00318757 -0.00385667 0.000567537 -0.00690299 -0.0014218 -0.0121739 0.00382736 0.00739583 0.0113402 0.00245232 0.00523077 0.00839286 -0.00322216 -0.0080855 -0.00109578 0.00264317 0.0132937 -0.00360465
internal_weight=12547 524 12023 6797 6698 5701 2815 2427 835 2886 989 109 1897 1827 880 267 210 114 613 479 96 366 324 279 1768 537 1231 680 251 429
internal_count=12547 524 12023 6797 6698 5701 2815 2427 835 2886 989 109 1897 1827 880 267 210 114 613 479 96 366 324 279 1768 537 1231 680 251 429
is_linear=0
shrinkage=0.05


Tree=289
num_leaves=31
num_cat=0
split_feature=13 13 7 7 15 1 1 7 10 0 6 7 1 13 6 0 8 10 12 0 1 15 10 12 13 6 10 7 7 1
split_gain=6.74471 10.6404 7.4458 7.18573 5.9764 11.2445 10.7223 9.04182 10.6418 18.1291 10.0603 12.5204 10.2582 9.99964 9.95176 10.1171 9.57621 12.9947 10.4061 9.92557 21.2856 10.1989 9.75305 11.5069 18.9371 11.7483 10.8359 10.7284 9.04643 9.31803
threshold=0.99924179677339053 0.99731940924863693 8.5000000000000018 7.5000000000000009 6873.5000000000009 9.6616371602289011 10.847456187410589 9.5000000000000018 -0.89406062840022227 18.585836909871251 452.63090128755368 14.500000000000002 21.384316881258943 -0.68275178320790053 347.78540772532193 19.010729613733911 4.5000000000000009 -0.861146256326485 0.99758684199993486 17.738841201716742 16.709790772532191 5926.5000000000009 -0.82415615971448097 -0.030099068566675755 -0.11905762902754294 789.91630901287567 0.99274428880883148 21.500000000000004 12.500000000000002 12.857054721030044
decision_type=2 2 2 2 10 2 2 2 2 2 2 2 2 2 2 2 2 2 2 2 2 10 2 2 2 2 2 2 2 2
left_child=1 4 -3 -2 7 -6 -7 14 9 -9 11 -11 -12 -13 15 -1 17 -10 19 21 -21 -18 -19 26 28 27 -24 -26 -25 -30
right_child=3 2 -4 -5 5 6 -8 8 16 10 12 13 -14 -15 -16 -17 18 22 -20 20 -22 -23 23 24 25 -27 -28 -29 29 -31
leaf_value=-0.066668691345603298 0.18168622840539683 -0.25609329188691848 3.3268916902165531 -2.0537504056897662 0.77079758648499141 -1.478996854145862 -0.095492509283485572 -0.96199105800069451 2.6365861697346649 4.7253595250950644 -0.72099253291812604 -0.083908812281015349 0.25082477046528312 2.1916027693608613 -1.0486257844377178 0.17512388042673593 1.664601153832723 -0.49046168788386241 1.0980832333894341 -4.5942338473325437 -0.014967454009092763 -0.19741078787628796 0.25748495429979812 0.42960612063491227 1.1875986450566416 -0.22516085604834191 -1.7678570373402183 -0.13204119648753476 0.61598342117881666 2.5257833782323362
leaf_weight=3719 43 43 73 88 142 229 2470 131 110 100 276 394 116 43 196 960 320 109 49 105 613 360 1026 58 235 184 67 119 48 167
leaf_count=3719 43 43 73 88 142 229 2470 131 110 100 276 394 116 43 196 960 320 109 49 105 613 360 1026 58 235 184 67 119 48 167
internal_value=0.000258059 0.000377116 0.0153846 -0.0109848 0.000234875 -0.00177692 -0.0025 0.000836314 0.00241848 -0.00197926 0.000483871 0.00492565 -0.00559796 0.00125571 -0.00066653 -0.000202991 0.00372445 0.00586158 0.000587017 -0.000214439 -0.00431154 0.0041116 0.00494042 0.00577428 0.0102833 0.00482375 0.0024223 0.0101408 0.0209854 0.0256944
internal_weight=12593 12462 116 131 12346 2841 2699 9505 4630 1060 929 537 392 437 4875 4679 3570 2123 1447 1398 718 680 2013 1904 811 538 1093 354 273 215
internal_count=12593 12462 116 131 12346 2841 2699 9505 4630 1060 929 537 392 437 4875 4679 3570 2123 1447 1398 718 680 2013 1904 811 538 1093 354 273 215
is_linear=0
shrinkage=0.05


Tree=290
num_leaves=31
num_cat=0
split_feature=7 15 6 7 7 15 14 15 14 8 12 8 15 1 14 1 11 7 1 14 7 6 3 12 1 15 1 7 14 12
split_gain=7.16222 9.676 6.39086 11.9059 9.46164 19.4158 10.4542 9.64098 11.0877 16.8839 9.44363 9.16315 14.8764 16.8576 15.8889 9.33231 9.09399 8.81917 8.74281 11.1419 11.1369 27.2385 11.73 11.2431 11.0643 9.65821 8.50551 8.42072 7.73744 7.6997
threshold=22.500000000000004 5954.5000000000009 303.31759656652366 9.5000000000000018 8.5000000000000018 6587.5000000000009 6417.5000000000009 5719.5000000000009 5698.5000000000009 1.5000000000000002 -0.99763297024448894 5.5000000000000009 5296.5000000000009 11.886663984263235 5050.5000000000009 15.951256258941347 -0.36648370705903521 17.500000000000004 9.6616371602289011 8161.0000000000009 16.500000000000004 38.317596566523612 4.9828326180257516 -0.98803388382128665 10.847456187410589 8744.5000000000018 12.353585479256081 6.5000000000000009 6345.5000000000009 0.93315540453694978
decision_type=2 8 2 2 2 10 8 8 10 2 2 2 10 2 8 2 2 2 2 10 2 2 2 2 2 10 2 2 10 2
left_child=2 -2 4 16 7 6 -6 -1 9 27 -5 17 14 -14 -13 -16 -4 29 -7 20 21 -20 -22 -23 -25 26 -21 -9 -10 -12
right_child=1 -3 3 10 5 18 -8 8 28 -11 11 12 13 -15 15 -17 -18 -19 19 25 22 23 -24 24 -26 -27 -28 -29 -30 -31
leaf_value=0.033505949716993659 -0.037629059987784791 -0.86131832233545547 -0.4039799523803595 1.3252601388506264 0.27360480928728065 1.0812408680787484 1.2791878985036194 -2.1168776624841938 0.26282733072525843 -4.0635271425487645 -0.062984414138372816 -3.8832429613682282 0.24594581989204017 -4.6121634296628597 5.3646629307925426 0.0034619207866171567 -2.4067032589072825 0.84522734903284802 7.6916993542921324 -2.1602210960137884 -0.23262770225976512 -1.2770245339847635 0.74124099671569188 -3.6585678309742891 1.1192142654189412 0.18390028590947624 -0.096833930204593355 0.49232927600280618 -0.54470779867967856 0.29434198607650613
leaf_weight=3614 338 180 216 54 815 139 588 61 344 114 2184 42 52 132 40 190 61 95 44 212 1192 44 196 46 453 131 121 126 356 371
leaf_count=3614 338 180 216 54 815 139 588 61 344 114 2184 42 52 132 40 190 61 95 44 212 1192 44 196 46 453 131 121 126 356 371
internal_value=0.000163321 -0.00558767 0.000411335 -0.0014107 0.00113993 0.00292567 0.0076567 -0.00040078 -0.00474052 -0.0127483 -0.000537804 -0.000901191 -0.00743982 -0.0183784 0 0.00519481 -0.0113309 0.00022633 0.000348972 -0.000348361 0.00129049 0.00705782 -0.00115191 0.00395221 0.0061 -0.00731183 -0.0118263 -0.00345745 -0.00128388 -0.000332551
internal_weight=12551 518 12033 3437 8596 3981 1403 4615 1001 301 3160 3106 456 184 272 230 277 2650 2578 2439 1975 587 1388 543 499 464 333 187 700 2555
internal_count=12551 518 12033 3437 8596 3981 1403 4615 1001 301 3160 3106 456 184 272 230 277 2650 2578 2439 1975 587 1388 543 499 464 333 187 700 2555
is_linear=0
shrinkage=0.05


Tree=291
num_leaves=31
num_cat=0
split_feature=7 7 11 6 14 10 7 14 7 13 13 10 7 6 12 1 12 1 10 6 3 1 12 11 11 10 14 3 14 14
split_gain=7.08643 6.51773 11.6 11.309 10.7035 10.8788 10.6326 7.06617 7.89731 18.4184 12.7921 15.3068 13.5848 12.0302 14.9648 9.53813 12.8085 10.6663 8.86337 7.52765 7.24468 7.20431 7.857 10.285 14.6799 10.2506 7.37088 6.95146 6.93315 8.95709
threshold=22.500000000000004 7.5000000000000009 0.99981043035926087 303.31759656652366 5425.5000000000009 -0.47558551945199218 17.500000000000004 8226.5000000000018 16.500000000000004 -0.90163213577682544 -0.83377508534904698 -0.90893996196865023 10.500000000000002 169.89914163090131 -0.45274443793211405 17.594255185979975 0.99351232050787985 18.223761623748214 -0.75015329512557194 52.512875536480699 7.0293991416309014 18.560944206008585 -0.66528308454101848 -0.8901731938066898 -0.94426098523567992 0.49812943072827093 5667.5000000000009 7.3942060085836916 7546.5000000000009 6788.5000000000009
decision_type=2 2 2 2 10 2 2 10 2 2 2 2 2 2 2 2 2 2 2 2 2 2 2 2 2 2 10 2 10 10
left_child=1 -1 3 4 5 -3 -5 8 9 -6 -11 -12 27 -14 -15 18 17 -17 -10 -9 -20 -19 25 24 -24 -23 -25 -13 29 -16
right_child=-2 2 -4 6 7 -7 -8 19 15 10 11 12 13 14 28 16 -18 21 20 -21 -22 22 23 26 -26 -27 -28 -29 -30 -31
leaf_value=-0.057851317257200212 -0.42322550137378134 0.13464448540962623 -3.2779524602207859 -0.061080764362077392 2.38755439956135 3.5371856408955411 0.50817212501351605 -0.0089728105563608562 2.2910318117858424 -3.6033703847497693 2.6754847258344854 0.049126910078121006 5.7232794088149603 -0.99209757886817451 0.57966279920610764 -1.7849110877192516 1.3909296934975375 2.5567627328591018 0.28922954719030258 -0.96038299739866495 4.6549059973239313 -2.0414279380730931 0.0020952977718025068 -1.1797315196564568 1.5076639598906696 0.086134423474231891 -0.11004570754012094 -1.7775093055761317 -0.31609127707445173 6.105527240097854
leaf_weight=4181 524 139 59 3301 142 138 112 384 89 51 54 544 161 128 63 74 41 44 1076 111 42 73 143 64 57 58 548 61 48 59
leaf_count=4181 524 139 59 3301 142 138 112 384 89 51 54 544 161 128 63 74 41 44 1076 111 42 73 143 64 57 58 548 61 48 59
internal_value=-2.78441e-05 0.00021999 0.00106802 0.00123623 0.00291373 0.0124101 -0.000922671 0.00227162 0.00303783 0.00613567 0.00405983 0.0051832 0.00384977 0.0103261 0.00434783 0.00127706 -0.00208522 -0.00315443 0.00434603 -0.00332661 0.00312779 -0.00177126 -0.00270127 -0.000861009 0.00895522 -0.0140152 -0.0040783 -0.00107261 0.0140351 0.0203252
internal_weight=12569 12045 7864 7805 4392 277 3413 4115 3620 1311 1169 1118 1064 459 298 2309 1102 1061 1207 495 1118 987 943 812 200 131 612 605 170 122
internal_count=12569 12045 7864 7805 4392 277 3413 4115 3620 1311 1169 1118 1064 459 298 2309 1102 1061 1207 495 1118 987 943 812 200 131 612 605 170 122
is_linear=0
shrinkage=0.05


Tree=292
num_leaves=31
num_cat=0
split_feature=1 1 8 0 11 8 8 0 14 15 0 4 8 7 8 8 7 15 15 7 1 1 11 3 15 11 7 11 8 7
split_gain=7.34614 6.83826 9.66114 11.4856 5.80475 11.5781 5.86042 6.24297 11.9226 5.03349 7.20097 6.14495 4.95463 4.73595 10.0721 11.3625 32.9013 26.5048 11.8918 11.531 10.1382 14.0181 10.0529 9.67552 12.1274 10.6917 13.2786 11.9734 11.3038 8.83202
threshold=24.684670064377688 25.790347818311879 5.5000000000000009 21.128540772532194 -0.77788789561442695 2.5000000000000004 1.0000000180025095e-35 22.131759656652367 5263.5000000000009 5954.5000000000009 31.309227467811166 1.7732061467332245 3.5000000000000004 10.500000000000002 1.5000000000000002 1.0000000180025095e-35 2.5000000000000004 6587.5000000000009 4440.5000000000009 2.5000000000000004 22.143504113018597 20.61756974248927 -0.98801846520836312 1.3607296137339067 6816.5000000000009 0.99958851518450398 21.500000000000004 -0.21862536810265826 4.5000000000000009 1.5000000000000002
decision_type=2 2 2 2 2 2 2 2 10 10 2 2 2 2 2 2 2 8 8 2 2 2 2 2 10 2 2 2 2 2
left_child=13 2 3 -2 6 -6 -3 -8 -9 10 11 -10 -11 14 15 16 18 19 -1 -17 21 -18 -16 -15 25 26 27 -25 -29 -24
right_child=1 4 -4 -5 5 -7 7 8 9 12 -12 -13 -14 23 22 17 20 -19 -20 -21 -22 -23 29 24 -26 -27 -28 28 -30 -31
leaf_value=0.24880802555458104 -0.13442418815691326 3.1242470123227579 -0.17984250878525929 0.94111799698016518 -1.4526863059219068 0.60108908488732604 0.56303214264246437 -0.87063461152711175 0.32141752798402196 0.11224483251291986 -0.37945619039344369 1.7493905343430243 -1.1377976185257013 -0.028064302741813665 1.9383926503579005 1.0219061835644425 0.28459443861847833 -0.85252543271540171 -1.9515081727939105 0.31504999446592596 -1.0466617556538951 2.0850663695011007 0.16547458208526677 -0.60794808717787419 0.035808697526863401 -1.2883305562236274 0.20477935990002152 8.3447104282028484 1.7079022270621864 -0.18223726929541045
leaf_weight=45 66 58 61 269 77 105 70 47 40 144 46 56 48 3978 40 211 442 147 158 396 45 81 686 69 1539 46 321 110 250 3082
leaf_count=45 66 58 61 269 77 105 70 47 40 144 46 56 48 3978 40 211 442 147 158 396 45 81 686 69 1539 46 321 110 250 3082
internal_value=0.000160986 0.00409007 0.0093199 0.0126488 0.00108382 -0.00655738 0.00382353 0.00188053 -0.00065445 0.00268657 0.00979021 0.0175258 -0.00259067 -0.000206062 -0.00130296 0.00212975 -0.00213731 0.00649007 -0.0193627 0.011102 0.00404218 0.00601145 -0.00267787 0.000720621 0.00327483 0.00828105 0.00972037 0.0154651 0.0191136 -0.00294508
internal_weight=12733 1087 396 335 691 182 509 451 381 334 142 96 192 11646 5333 1525 771 754 203 607 568 523 3808 6313 2335 796 750 429 360 3768
internal_count=12733 1087 396 335 691 182 509 451 381 334 142 96 192 11646 5333 1525 771 754 203 607 568 523 3808 6313 2335 796 750 429 360 3768
is_linear=0
shrinkage=0.05


end of trees

feature_importances:
ar7=933
ar1=924
Tma=898
doy_s=885
hod=883
doy_s2=883
dow=813
doy_c=759
ghi=607
doy_c2=405
T=379
cdh=182
hdh=168
cdh2=38
hdh2=33

parameters:
[boosting: gbdt]
[objective: regression_l1]
[metric: l1]
[tree_learner: serial]
[device_type: cpu]
[data_sample_strategy: bagging]
[data: ]
[valid: ]
[num_iterations: 293]
[learning_rate: 0.05]
[num_leaves: 31]
[num_threads: 80]
[seed: 0]
[deterministic: 0]
[force_col_wise: 0]
[force_row_wise: 0]
[histogram_pool_size: -1]
[max_depth: -1]
[min_data_in_leaf: 40]
[min_sum_hessian_in_leaf: 0.001]
[bagging_fraction: 0.8]
[pos_bagging_fraction: 1]
[neg_bagging_fraction: 1]
[bagging_freq: 1]
[bagging_seed: 3]
[bagging_by_query: 0]
[feature_fraction: 0.8]
[feature_fraction_bynode: 1]
[feature_fraction_seed: 2]
[extra_trees: 0]
[extra_seed: 6]
[early_stopping_round: 0]
[early_stopping_min_delta: 0]
[first_metric_only: 0]
[max_delta_step: 0]
[lambda_l1: 0]
[lambda_l2: 1]
[linear_lambda: 0]
[min_gain_to_split: 0]
[drop_rate: 0.1]
[max_drop: 50]
[skip_drop: 0.5]
[xgboost_dart_mode: 0]
[uniform_drop: 0]
[drop_seed: 4]
[top_rate: 0.2]
[other_rate: 0.1]
[min_data_per_group: 100]
[max_cat_threshold: 32]
[cat_l2: 10]
[cat_smooth: 10]
[max_cat_to_onehot: 4]
[top_k: 20]
[monotone_constraints: ]
[monotone_constraints_method: basic]
[monotone_penalty: 0]
[feature_contri: ]
[forcedsplits_filename: ]
[refit_decay_rate: 0.9]
[cegb_tradeoff: 1]
[cegb_penalty_split: 0]
[cegb_penalty_feature_lazy: ]
[cegb_penalty_feature_coupled: ]
[path_smooth: 0]
[interaction_constraints: ]
[verbosity: -1]
[saved_feature_importance_type: 0]
[use_quantized_grad: 0]
[num_grad_quant_bins: 4]
[quant_train_renew_leaf: 0]
[stochastic_rounding: 1]
[linear_tree: 0]
[max_bin: 255]
[max_bin_by_feature: ]
[min_data_in_bin: 3]
[bin_construct_sample_cnt: 200000]
[data_random_seed: 1]
[is_enable_sparse: 1]
[enable_bundle: 1]
[use_missing: 1]
[zero_as_missing: 0]
[feature_pre_filter: 1]
[pre_partition: 0]
[two_round: 0]
[header: 0]
[label_column: ]
[weight_column: ]
[group_column: ]
[ignore_column: ]
[categorical_feature: ]
[forcedbins_filename: ]
[precise_float_parser: 0]
[parser_config_file: ]
[objective_seed: 5]
[num_class: 1]
[is_unbalance: 0]
[scale_pos_weight: 1]
[sigmoid: 1]
[boost_from_average: 1]
[reg_sqrt: 0]
[alpha: 0.9]
[fair_c: 1]
[poisson_max_delta_step: 0.7]
[tweedie_variance_power: 1.5]
[lambdarank_truncation_level: 30]
[lambdarank_norm: 1]
[label_gain: ]
[lambdarank_position_bias_regularization: 0]
[eval_at: ]
[multi_error_top_k: 1]
[auc_mu_weights: ]
[num_machines: 1]
[local_listen_port: 12400]
[time_out: 120]
[machine_list_filename: ]
[machines: ]
[gpu_platform_id: -1]
[gpu_device_id: -1]
[gpu_device_id_list: ]
[gpu_use_dp: 0]
[num_gpu: 1]

end of parameters

pandas_categorical:[]
