tree
version=v4
num_class=1
num_tree_per_iteration=1
label_index=0
max_feature_idx=9
objective=regression_l1
feature_names=v100m cloud pres hod dow doy_s doy_c doy_s2 doy_c2 cap95_wind
feature_infos=[2.9347826086956523:57.678260869565214] [0:100.06521739130434] [968.11304347826081:1015.7695652173913] [0:23] [0:6] [-0.9999994220246925:0.99998555065071859] [-0.99997919295908233:0.9999907524084426] [-0.9999994220246925:0.99995318436087299] [-0.99999768809943823:0.99996300980480612] [1066.3874999999996:2577.5624999999995]
tree_sizes=2688 2854 2841 2901 2844 2835 2857 2857 2848 2864 2865 2880 2867 2881 2870 2919 2882 2870 2884 2877 2872 2856 2873 2870 2888 2884 2866 2902 2878 2861 2890 2879 2919 2926 2909 2875 2895 2879 2886 2892 2889 2898 2891 2906 2884 2903 2870 2895 2866 2900 2889 2890 2911 2891 2899 2860 2895 2909 2895 2910 2892 2913 2906 2897 2913 2892 2906 2899 2904 2936 2907 2912 2911 2919 2912 2888 2929 2935 2912

Tree=0
num_leaves=31
num_cat=0
split_feature=0 0 0 3 0 9 9 0 9 3 3 9 6 3 3 6 9 0 2 9 3 3 2 9 8 9 6 9 5 7
split_gain=6756.01 502.911 364.101 115.639 84.5785 77.5797 67.6276 55.3362 40.9519 40.5254 39.7572 32.114 30.8742 29.5017 33.0218 28.1167 31.6866 25.0072 21.254 20.6323 19.5919 18.8782 18.5805 18.2965 17.7636 17.6004 19.5017 17.2891 16.7507 16.6203
threshold=19.103260869565222 21.890217391304351 16.323913043478267 5.5000000000000009 24.711956521739136 1955.618749999999 1940.10625 13.788043478260873 1363.83125 20.500000000000004 5.5000000000000009 2315.3750000000005 -0.36648370705903521 8.5000000000000018 18.500000000000004 0.50370931781787065 1363.83125 20.325000000000003 987.88586956521749 1374.9437499999997 5.5000000000000009 17.500000000000004 990.65978260869576 2339.9187499999994 0.56192200557241578 2210.6687500000003 -0.79904327102181261 2183.5999999999999 -0.082689790342551819 -0.098750666093870385
decision_type=2 2 2 2 2 2 2 2 2 2 2 2 2 2 2 2 2 2 2 2 2 2 2 2 2 2 2 2 2 2
left_child=2 3 7 11 13 9 10 -1 20 12 19 -2 17 -3 18 16 -12 -5 24 -4 -9 -17 -21 27 -15 26 28 -7 -20 -25
right_child=1 4 6 5 -6 23 -8 8 -10 -11 15 -13 -14 14 -16 21 -18 -19 25 22 -22 -23 -24 29 -26 -27 -28 -29 -30 -31
leaf_value=0.30722683668136597 0.32744773030281066 0.32960406839847567 0.32388490214943888 0.3172201871871948 0.34121556431055067 0.31704736426472663 0.31417792439460757 0.31965266168117523 0.31175110712647436 0.32775977104902265 0.3183687277138233 0.32018627226352692 0.32247010469436643 0.32163211107254031 0.32923199385404589 0.31808748692274091 0.31434223130345346 0.32001342475414274 0.31856487169861791 0.31576594002544878 0.31415240541100503 0.32222849130630493 0.32099345624446868 0.3142589792609215 0.31731706783175467 0.3202431336045265 0.32418476343154906 0.31993946135044099 0.32403012514114382 0.31756927073001862
leaf_weight=3209 310 501 68 173 3362 76 563 73 1132 139 244 97 273 71 324 120 286 208 44 44 196 55 107 87 42 137 306 168 49 134
leaf_count=3209 310 501 68 173 3362 76 563 73 1132 139 244 97 273 71 324 120 286 208 44 44 196 55 107 87 42 137 306 168 49 134
internal_value=0.319054 0.354511 0.281249 0.330802 0.36267 0.323296 0.302777 0.274309 0.282666 0.332798 0.311115 0.353933 0.327556 0.352634 0.347498 0.305338 0.299609 0.318352 0.34093 0.329689 0.300303 0.3227 0.319336 0.307097 0.3212 0.345078 0.350382 0.316558 0.330177 0.29671
internal_weight=12598 6501 6097 1665 4836 1258 1487 4610 1401 793 924 407 654 1474 973 705 530 381 649 219 269 175 151 465 113 536 399 244 93 221
internal_count=12598 6501 6097 1665 4836 1258 1487 4610 1401 793 924 407 654 1474 973 705 530 381 649 219 269 175 151 465 113 536 399 244 93 221
is_linear=0
shrinkage=1


Tree=1
num_leaves=31
num_cat=0
split_feature=0 0 0 3 0 9 9 3 0 3 3 9 9 6 9 6 9 6 0 3 6 5 3 6 9 3 7 9 6 6
split_gain=6469.51 601.879 288.154 126.948 110.292 75.3127 64.4156 52.8265 38.7928 36.9261 30.7654 30.3273 29.7853 26.2101 38.1522 23.949 22.6936 20.6165 24.1524 19.83 21.3926 20.9271 17.0186 15.7078 14.6458 20.0757 17.1907 14.402 11.7808 11.673
threshold=18.639130434782611 21.461956521739136 15.722826086956525 6.5000000000000009 24.236956521739135 1940.10625 1955.618749999999 19.500000000000004 13.788043478260873 5.5000000000000009 18.500000000000004 2339.9187499999994 2281.2312500000003 -0.60555643346685839 1358.8687499999996 -0.98372925196996197 1292.1000000000001 0.42763731121559989 16.409782608695654 9.5000000000000018 -0.76696334127844745 -0.082689790342551819 5.5000000000000009 -0.36648370705903521 2344.9812499999994 17.500000000000004 -0.16693488597178294 1828.0937499999998 0.90803977035715633 0.95178258287705175
decision_type=2 2 2 2 2 2 2 2 2 2 2 2 2 2 2 2 2 2 2 2 2 2 2 2 2 2 2 2 2 2
left_child=2 3 8 12 9 7 13 23 -1 -3 11 19 -2 15 -15 -4 22 27 -19 -11 21 -21 -10 -5 25 -7 -26 -16 -8 -13
right_child=1 4 6 5 -6 24 28 -9 16 10 -12 29 -14 14 17 -17 -18 18 -20 20 -22 -23 -24 -25 26 -27 -28 -29 -30 -31
leaf_value=-0.011194579862058164 0.0061097195744514478 0.011220829263329506 0.0011718603596091281 -0.00085895512253046093 0.020395144149661065 -0.0020158022828400137 -0.0066513714194297805 0.0073439047485589996 0.00061351135373115544 0.0055553874373435981 0.0075952898710966114 -0.00076644040644168745 0.00042439006268978063 0.0020374128594994544 -0.0039178324490785595 -0.004355441816151143 -0.0072354578599333752 -0.0040050004795193659 0.00051854997873306279 -0.0015688920021057124 0.0035906916856765754 0.003045770823955535 -0.0049559224769473087 0.0015512545406818402 -0.0053112088516354579 0.0010834531486034389 -0.0019283659756183626 -0.00063631985336542194 -0.0036396463215351118 0.0030810240842401985
leaf_weight=3212 357 338 49 329 3632 158 413 187 47 175 328 85 104 128 170 312 860 66 191 69 387 53 138 226 94 80 115 89 183 48
leaf_count=3212 357 338 49 329 3632 158 413 187 47 175 328 85 104 128 170 312 860 66 191 69 387 53 138 226 94 80 115 89 183 48
internal_value=4.35678e-05 0.0333506 -0.0384195 0.00708661 0.0418198 -0.00155462 -0.0203184 0.00820996 -0.0452208 0.0302898 0.0259599 0.0207213 0.029329 -0.0125746 -0.00651163 -0.0233425 -0.0367591 -0.0125725 -0.00251938 0.0249635 0.019902 0.00162602 -0.0206989 0.00044964 -0.0177455 -0.00920502 -0.027381 -0.0225 -0.0333333 -0.0011194
internal_weight=12623 6765 5858 1650 5115 1189 1601 742 4257 1483 1145 817 461 1005 644 361 1045 516 257 684 509 122 185 555 447 238 209 259 596 133
internal_count=12623 6765 5858 1650 5115 1189 1601 742 4257 1483 1145 817 461 1005 644 361 1045 516 257 684 509 122 185 555 447 238 209 259 596 133
is_linear=0
shrinkage=0.05


Tree=2
num_leaves=31
num_cat=0
split_feature=0 0 0 3 0 9 3 3 3 9 9 9 9 9 0 4 0 9 1 1 1 8 0 1 9 8 3 3 3 4
split_gain=6160.63 487.205 368.827 108.697 80.3504 77.177 71.549 51.1196 42.3802 39.4952 36.7435 36.1082 34.9053 29.0021 25.3675 24.6421 21.5456 20.4899 25.7228 21.7764 20.2655 20.1886 19.2209 19.8281 19.1365 18.836 17.8799 17.5909 17.4798 21.374
threshold=19.103260869565222 22.061956521739134 15.396739130434783 6.5000000000000009 25.909782608695654 1955.618749999999 17.500000000000004 5.5000000000000009 20.500000000000004 2319.5625000000005 2281.2312500000003 1108.0999999999999 1940.10625 2198.2937500000003 13.485869565217392 2.5000000000000004 17.835869565217394 1323.7749999999985 93.423913043478279 10.293478260869568 78.18478260869567 0.6490740716826261 20.707608695652176 92.68478260869567 1311.0562499999999 -0.58481178939031186 9.5000000000000018 19.500000000000004 6.5000000000000009 1.5000000000000002
decision_type=2 2 2 2 2 2 2 2 2 2 2 2 2 2 2 2 2 2 2 2 2 2 2 2 2 2 2 2 2 2
left_child=2 3 11 10 13 7 12 16 17 -8 -2 -1 22 26 -13 -10 24 19 -19 -9 -12 -7 23 -5 -4 -20 -3 -28 -15 -30
right_child=1 4 5 6 -6 21 9 8 15 -11 20 14 -14 28 -16 -17 -18 18 25 -21 -22 -23 -24 -25 -26 -27 27 -29 29 -31
leaf_value=-0.00089289133436977757 0.0074847172647714627 0.013390536645427348 0.0026257328316569325 -0.0018025829624384621 0.023134008157998327 -0.0062965233772993099 0.0054510850273072732 -0.0037960148584097603 -0.0016429270030930629 -0.0011135517861694116 -0.001424209278076888 -0.010720424139872193 -0.0022267138948664071 0.0058666931800544254 -0.0070293895956128824 0.0036332209799438716 0.0028550879331305625 -0.004527799727395177 -0.0035827979296445852 -0.00032617218606173786 0.0018567397408187386 -0.0031380136087536814 0.0016862974334508202 0.0023225632831454291 -0.0011354862879961708 0.00098796989768743524 0.0056979444567114125 0.014433409113436938 -4.3092560023066942e-05 0.0032714977003633992
leaf_weight=52 382 494 45 222 2819 547 382 53 76 99 59 3002 300 159 972 95 102 406 41 194 61 270 223 50 145 100 664 238 103 272
leaf_count=52 382 494 45 222 2819 547 382 53 76 99 59 3002 300 159 972 95 102 406 41 194 61 270 223 50 145 100 664 238 103 272
internal_value=-0.000296959 0.0334635 -0.0364203 0.0111298 0.0418211 -0.0192771 0.00336727 -0.0114865 -0.017029 0.0185685 0.0308151 -0.0452446 -0.00584171 0.0339202 -0.0457862 0.00552326 0.00682594 -0.0218868 -0.027281 -0.00987903 0.00661157 -0.0312347 0.00231855 -0.00659341 -0.00314136 -0.00880282 0.0377237 0.0334441 0.0239252 0.0179521
internal_weight=12627 6527 6100 1778 4749 2074 1276 1257 965 481 502 4026 795 1930 3974 171 292 794 547 247 120 817 495 272 190 141 1396 902 534 375
internal_count=12627 6527 6100 1778 4749 2074 1276 1257 965 481 502 4026 795 1930 3974 171 292 794 547 247 120 817 495 272 190 141 1396 902 534 375
is_linear=0
shrinkage=0.05


Tree=3
num_leaves=31
num_cat=0
split_feature=2 1 1 6 7 8 7 2 6 6 7 5 5 6 5 6 8 4 4 7 5 6 4 5 6 8 6 7 5 8
split_gain=296.277 141.689 134.933 137.683 119.861 94.1021 98.9557 91.4601 88.5835 81.9553 74.9887 68.4701 68.1795 88.4917 79.3251 66.9685 63.1597 61.4514 119.78 59.1527 54.3713 49.4999 47.0123 55.5686 46.8079 47.3572 41.8543 41.8298 41.3911 37.2861
threshold=993.78152173913054 34.315217391304351 99.83695652173914 -0.98801846520836312 0.89404822654372251 -0.88622145408796527 0.28313881758084386 1005.8728260869567 -0.76696334127844745 -0.15101602693478741 0.96522610578843548 -0.90893996196865023 0.056951373111866731 -0.67168186667784702 -0.63921128368950708 0.86439018870140905 0.96117374062971617 5.5000000000000009 2.5000000000000004 -0.091260668982868151 -0.99630266176052629 -0.20180761162458913 3.5000000000000004 0.878110924644389 0.97832380634958016 0.80800279670863706 0.2499757677084001 0.98213580174693105 -0.37447345805034543 0.26659387353423869
decision_type=2 2 2 2 2 2 2 2 2 2 2 2 2 2 2 2 2 2 2 2 2 2 2 2 2 2 2 2 2 2
left_child=2 9 3 -1 5 6 17 16 29 11 -11 -2 14 -14 20 -9 22 18 21 -18 -10 -3 23 -7 25 -24 -25 -12 -16 -5
right_child=1 4 -4 8 -6 7 -8 15 12 10 27 -13 13 -15 28 -17 19 -19 -20 -21 -22 -23 24 26 -26 -27 -28 -29 -30 -31
leaf_value=0.011939975015120584 0.0086167201082222172 0.0094706901444122221 0.012892672265507284 -0.0085981414624489837 0.0075379837648943075 -0.0069616623050533233 0.023892217232100669 -0.0082348420914262529 0.01020663401382044 -0.0078364978406112642 0.012573166091041641 -0.0029577980346046379 0.015393324926774952 -0.0011597320755012326 0.026241760803572836 0.013658370558451861 0.028624972058646381 -0.0072494011885486532 0.0075055481461808104 -0.0057548214236274355 0.00078151179198175658 -0.0063715406425297275 -0.0018166562164667985 0.0050305389894172575 -0.01196545342123136 0.0065228637956082835 -0.0054538056060671808 -0.0060395191117189806 0.0089843296540901094 -0.0019890544941881653
leaf_weight=236 203 64 798 78 426 1095 153 84 192 1676 82 914 131 1677 221 169 81 82 190 68 1407 223 608 145 55 71 64 49 265 1064
leaf_count=236 203 64 798 78 426 1095 153 84 192 1676 82 914 131 1677 221 169 81 82 190 68 1407 223 608 145 55 71 64 49 265 1064
internal_value=-0.000934617 -0.00834999 0.00700988 0.0041066 -0.00167645 -0.00504282 0.0109397 -0.00970914 0.00235306 -0.0165128 -0.0230918 -0.00585868 0.00594504 -0.00116086 0.0121045 0.0187008 -0.0130027 0.00116071 0.00805439 0.0183333 0.00671875 -0.0123264 -0.0153016 -0.0209962 -0.00517007 -0.00154412 0.00261905 0.0132576 0.0297741 -0.00988626
internal_weight=12571 6502 6069 5271 3578 3152 712 2440 5035 2924 1807 1117 3893 1808 2085 253 2187 559 477 149 1599 287 2038 1304 734 679 209 131 486 1142
internal_count=12571 6502 6069 5271 3578 3152 712 2440 5035 2924 1807 1117 3893 1808 2085 253 2187 559 477 149 1599 287 2038 1304 734 679 209 131 486 1142
is_linear=0
shrinkage=0.05


Tree=4
num_leaves=31
num_cat=0
split_feature=0 0 0 9 3 9 3 0 0 0 4 9 3 0 6 3 3 3 9 3 3 9 6 9 9 6 5 7 3 3
split_gain=6033.28 445.055 374.009 106.469 83.4369 78.7829 70.5573 49.682 43.765 35.1975 30.8195 29.4429 27.2986 26.8851 26.5403 24.7611 21.7123 18.7702 18.3647 18.2956 18.5781 17.146 16.0911 27.2667 15.0937 14.8847 14.8337 14.6056 14.4812 14.3548
threshold=19.175000000000004 23.294565217391305 15.396739130434783 2281.2312500000003 5.5000000000000009 1955.618749999999 19.500000000000004 17.45326086956522 27.194565217391311 13.788043478260873 1.5000000000000002 2350.2249999999999 5.5000000000000009 20.707608695652176 -0.3744658827978154 10.500000000000002 18.500000000000004 7.5000000000000009 1918.8687499999994 6.5000000000000009 16.500000000000004 1640.625 0.63089349388778826 1317.4937499999992 1392.875 0.98486764554468398 0.98213580174693105 0.019351116170480156 3.5000000000000004 17.500000000000004
decision_type=2 2 2 2 2 2 2 2 2 2 2 2 2 2 2 2 2 2 2 2 2 2 2 2 2 2 2 2 2 2
left_child=2 3 9 4 -2 7 10 22 11 -1 15 -3 -9 -5 24 -6 -14 -7 28 -15 25 -16 23 -4 -12 -21 -13 -18 -11 -19
right_child=1 8 5 13 6 17 -8 12 -10 18 14 26 16 19 21 -17 27 29 -20 20 -22 -23 -24 -25 -26 -27 -28 -29 -30 -31
leaf_value=-0.0099665613681310782 0.0088478669932647615 0.010255229212602135 -0.0013919511893938754 -0.0018522842231602416 0.0019758455941174201 -0.0035321239061036624 0.0071590217446442705 0.0022523736427119026 0.024882646635817365 -0.0014683011741051411 0.0023733027217298533 0.0046777851217472922 -0.0021285089185880484 0.0018590584649750969 0.0062509842173941446 -0.0009533245218452058 0.0029949858112516812 -0.0071802864783327112 -0.0073607607874984372 -0.0018567852282826815 0.0013750435750395987 0.0018552333283994834 -0.00052055631626863057 -0.0039688814785564302 -0.0012189634819875922 0.0026581774594075973 -0.00055277084381785419 -0.00010600770675635447 -0.0052860123614082103 -0.0038459437682386494
leaf_weight=3189 445 1482 212 223 114 248 327 141 2337 89 172 212 322 75 140 245 42 306 362 77 92 230 126 363 152 40 41 80 365 241
leaf_count=3189 445 1482 212 223 114 248 327 141 2337 89 172 212 322 75 140 245 42 306 362 77 92 230 126 363 152 40 41 80 365 241
internal_value=-0.0004163 0.0334582 -0.0360605 0.0160309 0.0216594 -0.0188521 0.0155684 -0.0111888 0.0434324 -0.044995 0.00925047 0.037356 -0.000426621 -0.00423228 0.0153957 -0.00263889 -0.00651685 -0.0312186 -0.0356181 0.00596491 -0.00166667 0.0245283 -0.0201567 -0.0236979 0.00492308 -0.0148305 0.0214567 0.0113821 -0.0287912 -0.0364051
internal_weight=12490 6404 6086 2332 1825 2081 1380 1286 4072 4005 1053 1735 585 507 694 359 444 795 816 284 209 370 701 575 324 117 253 122 454 547
internal_count=12490 6404 6086 2332 1825 2081 1380 1286 4072 4005 1053 1735 585 507 694 359 444 795 816 284 209 370 701 575 324 117 253 122 454 547
is_linear=0
shrinkage=0.05


Tree=5
num_leaves=31
num_cat=0
split_feature=0 0 0 3 3 9 0 0 9 3 9 0 1 3 3 9 9 0 0 2 2 9 1 9 3 0 9 0 5 9
split_gain=5783.35 429.967 424.846 106.905 88.2553 80.5309 75.8932 58.2631 43.5489 39.8727 35.567 33.4132 33.0858 30.5501 28.025 27.262 25.5572 24.2268 23.9349 23.7629 23.6683 21.5455 22.3945 20.1522 18.2446 18.0873 20.7763 16.7035 14.6877 13.9641
threshold=19.435869565217395 16.323913043478267 23.968478260869567 6.5000000000000009 19.500000000000004 1940.10625 13.277173913043478 21.198913043478264 1295.3812499999999 4.5000000000000009 1948.143749999999 28.067391304347829 76.228260869565233 21.500000000000004 5.5000000000000009 1363.83125 1955.618749999999 17.370652173913047 20.790217391304349 990.94456521739141 989.58369565217401 2281.2312500000003 92.445652173913061 2146.0687499999999 9.5000000000000018 21.553260869565221 2319.5625000000005 17.655434782608701 -0.8041866928211282 1159.9437500000001
decision_type=2 2 2 2 2 2 2 2 2 2 2 2 2 2 2 2 2 2 2 2 2 2 2 2 2 2 2 2 2 2
left_child=1 6 3 10 7 9 29 21 14 17 -2 23 13 15 -8 -11 19 -3 -12 -9 -14 22 24 -4 -5 26 -6 -7 -16 -1
right_child=2 5 11 4 25 27 8 16 -10 12 18 -13 20 -15 28 -17 -18 -19 -20 -21 -22 -23 -24 -25 -26 -27 -28 -29 -30 -31
leaf_value=-0.0049576861664920591 0.010198629996357836 -0.00086131856343126814 0.011858324404671907 0.0011448451979721747 0.0056224546545464551 -0.0053873851499166075 0.0011698059406999946 0.0013707800939311871 -0.005819351823834468 -0.00092555967951105935 -0.00021744358782691266 0.025212502776864456 -0.003216028971800114 0.00075803676937872546 -0.00095800879921647826 -0.0040417725540848907 0.00012894018036546385 0.0029791830616861109 0.003288020866173089 0.0042936394243697886 0.0015538472554690709 -0.0028289201863555937 0.0024365888042256426 0.0062393952872217681 -0.0015556718748086118 0.0084008505382854506 -0.00059095656967454453 -0.0032640622592886252 -0.0055330096867670349 -0.0096641393259435451
leaf_weight=116 460 77 1164 87 181 262 75 206 1365 203 87 2045 75 62 79 287 321 141 163 311 221 125 90 562 277 221 47 405 138 2861
leaf_count=116 460 77 1164 87 181 262 75 206 1365 203 87 2045 75 62 79 287 321 141 163 311 221 125 90 562 277 221 47 405 138 2861
internal_value=-0.00099882 -0.0346655 0.0327741 0.0171129 0.0108195 -0.0134083 -0.0426106 0.0046897 -0.0339867 -0.00487348 0.0336146 0.043465 -0.00977621 -0.0169982 -0.0163823 -0.0211813 0.0131108 0.0141553 0.0183267 0.0199807 0.0037037 -0.0075 -0.00241758 0.0382745 -0.00794521 0.0301111 0.0200873 -0.027021 -0.0254587 -0.0473976
internal_weight=12714 6367 6347 2576 1866 1733 4634 1417 1657 1066 710 3771 848 552 292 490 838 218 250 517 296 579 454 1726 364 449 228 667 217 2977
internal_count=12714 6367 6347 2576 1866 1733 4634 1417 1657 1066 710 3771 848 552 292 490 838 218 250 517 296 579 454 1726 364 449 228 667 217 2977
is_linear=0
shrinkage=0.05


Tree=6
num_leaves=31
num_cat=0
split_feature=0 0 0 9 9 0 0 6 9 5 9 6 0 9 7 6 9 5 5 5 5 5 6 0 6 9 9 0 8 9
split_gain=5606.75 540.324 283.915 109.803 72.8869 58.8353 53.6542 47.5272 49.4881 63.7464 34.4684 33.2992 32.0443 26.4356 23.785 22.1193 20.9734 18.9651 17.9258 19.7298 16.9404 22.5578 15.7755 15.6737 15.4611 15.4091 27.2054 15.3303 15.0522 14.8623
threshold=18.639130434782611 23.601086956521744 14.884782608695655 1940.10625 1955.618749999999 20.416304347826092 26.93804347826087 0.04621408538533487 1392.6250000000002 -0.16799356919963607 2132.2187499999995 -0.082691941062253513 17.268478260869568 1276.8937500000004 0.99274428880883148 0.90803977035715633 1363.83125 0.8697513045430848 -0.8041866928211282 -0.082689790342551819 -0.814291907305839 -0.90893996196865023 -0.53495380374625956 21.035869565217396 0.77652048701313048 1220.9499999999996 1192.7187500000002 13.09021739130435 -0.96235810494626717 2273.2437500000001
decision_type=2 2 2 2 2 2 2 2 2 2 2 2 2 2 2 2 2 2 2 2 2 2 2 2 2 2 2 2 2 2
left_child=2 3 13 7 12 -5 10 8 25 -10 -3 -7 14 20 16 -6 18 -12 -4 -20 21 -1 -14 -9 -18 26 -2 -15 -24 -13
right_child=1 6 4 5 15 11 -8 23 9 -11 17 29 22 27 -16 -17 24 -19 19 -21 -22 -23 28 -25 -26 -27 -28 -29 -30 -31
leaf_value=-0.0053628657563075562 0.007894683686917146 0.010027426421568564 0.00084354802887438298 -0.0017090690865046165 -0.0059016128539422109 -0.0016831580262922738 0.021569089509063614 0.0040773349561041812 -0.001840814219750317 0.0031566445909498352 0.0049009815553442589 0.0028933754710106633 -0.0020073036717568661 -0.0093691990103081917 0.00082960266854366089 -0.0031895471666649996 -0.0036584626658839286 0.00026249284637796247 -0.0052879756744521368 0.00036714282447215254 -0.0069055157359414129 0.0010017773279351523 -0.0032889452003156657 0.0082187195973075968 -0.00079517733829693191 0.0067836880390447635 -0.00058409179776956202 -0.0063883832197807553 0.0012595296971575022 0.00076241541470413324
leaf_weight=101 266 1056 99 399 566 70 2420 253 253 322 377 214 187 2485 65 277 442 91 85 44 364 40 47 279 60 267 121 746 229 358
leaf_count=101 266 1056 99 399 566 70 2420 253 253 322 377 214 187 2485 65 277 442 91 85 44 364 40 47 279 60 267 121 746 229 358
internal_value=-0.000941672 0.0301023 -0.0368191 0.0133072 -0.022098 0.000431862 0.0420279 0.0209137 0.0154878 0.00477431 0.034623 0.00979782 -0.0144559 -0.0450896 -0.0205402 -0.0334716 -0.023119 0.0232409 -0.0104803 -0.0226923 -0.0342885 -0.0193662 -0.00398707 0.0333959 -0.028827 0.0248855 0.0184278 -0.0467667 0.00361011 0.0137871
internal_weight=12583 6746 5837 2802 2101 1041 3944 1761 1229 575 1524 642 1258 3736 795 843 730 468 228 129 505 141 463 532 502 654 387 3231 276 572
internal_count=12583 6746 5837 2802 2101 1041 3944 1761 1229 575 1524 642 1258 3736 795 843 730 468 228 129 505 141 463 532 502 654 387 3231 276 572
is_linear=0
shrinkage=0.05


Tree=7
num_leaves=31
num_cat=0
split_feature=0 0 0 3 3 9 0 0 0 3 3 9 9 9 6 5 3 1 9 6 2 9 9 9 1 4 4 3 0 9
split_gain=5317.29 482.826 383.76 123.775 102.55 71.7596 57.8026 55.9724 51.7543 36.8409 38.1566 33.0016 32.7499 31.7605 30.4299 28.3134 28.1143 26.9523 26.4875 23.2431 22.9951 21.8223 19.7423 19.4254 17.6586 15.8843 16.0745 15.4604 14.8908 14.7708
threshold=19.103260869565222 23.601086956521744 15.396739130434783 6.5000000000000009 19.500000000000004 1955.618749999999 28.225000000000001 20.707608695652176 12.291304347826088 5.5000000000000009 21.500000000000004 2350.2249999999999 2420.1750000000006 1363.83125 0.90803977035715633 0.98213580174693105 5.5000000000000009 75.663043478260889 1955.618749999999 -0.97874870457683594 996.16630434782621 2319.5625000000005 1323.7749999999985 2344.9812499999994 88.206521739130451 1.5000000000000002 3.5000000000000004 17.500000000000004 17.544565217391309 2332.0062499999999
decision_type=2 2 2 2 2 2 2 2 2 2 2 2 2 2 2 2 2 2 2 2 2 2 2 2 2 2 2 2 2 2
left_child=2 3 8 12 7 9 11 23 -1 22 17 -3 -2 16 28 -13 -10 19 20 -11 -9 -6 -4 24 -5 -20 -27 -18 -7 -28
right_child=1 6 5 4 21 14 -8 18 13 10 -12 15 -14 -15 -16 -17 27 -19 25 -21 -22 -23 -24 -25 -26 26 29 -29 -30 -31
leaf_value=-0.0090238520382181255 0.0064900964212546049 0.0094576441135341555 0.0036846743676466065 -0.001660395383748381 0.0067881319772358055 -0.0058656871600725833 0.023244795862305601 0.0014489773133813833 0.00036825603490645844 0.0007971750304756331 0.0012897702077469015 0.0044299146310126103 4.1923207814305313e-05 -0.0059926313626883143 -0.0021223472472088833 -0.0010442771427575659 -0.0058177143998211587 -0.00081057585071365882 -0.0011845802557029828 -0.0037092436210750868 0.0039559737370752288 0.00045147608755609917 -9.7279049024415198e-05 -0.0037316111184341918 0.00093196524863616991 0.0021454791366995909 0.00095600156400925678 -0.0012726869653004902 -0.003723312986067795 -0.0015812817067555121
leaf_weight=2461 643 1643 76 303 352 327 2017 419 82 53 115 251 76 1297 267 47 126 320 106 489 142 90 233 107 110 81 70 76 223 58
leaf_count=2461 643 1643 76 303 352 327 2017 419 82 53 115 251 76 1297 267 47 126 320 106 489 142 90 233 107 110 81 70 76 223 58
internal_value=-0.00105837 0.0304098 -0.0344208 0.0134676 0.00657966 -0.0170865 0.0413488 -7.1582e-05 -0.0434331 -0.00971251 -0.0144683 0.0351442 0.0310417 -0.0363148 -0.0286675 0.0197324 -0.0210526 -0.0180765 0.00763968 -0.0248619 0.0141459 0.0275395 0.00532258 -0.0130518 -0.00809179 -0.0039557 0.00404762 -0.0310345 -0.0353902 -0.00697674
internal_weight=12660 6515 6145 2557 1838 2103 3958 1396 4042 1286 977 1941 719 1581 817 298 284 862 876 542 561 442 309 520 413 315 209 202 550 128
internal_count=12660 6515 6145 2557 1838 2103 3958 1396 4042 1286 977 1941 719 1581 817 298 284 862 876 542 561 442 309 520 413 315 209 202 550 128
is_linear=0
shrinkage=0.05


Tree=8
num_leaves=31
num_cat=0
split_feature=0 0 0 3 3 0 9 0 9 9 9 3 9 3 3 0 0 1 8 0 3 0 9 9 9 1 7 3 0 0
split_gain=5108.55 534.425 301.293 115.919 78.8531 59.5675 54.0829 52.5494 45.3132 39.0706 37.8852 37.7036 33.2818 32.1657 30.5413 29.2532 27.6755 26.7359 23.2201 21.6385 21.0694 20.4733 20.2444 18.9759 23.5385 17.333 18.7229 16.8193 16.0314 15.9044
threshold=18.639130434782611 23.601086956521744 15.396739130434783 6.5000000000000009 17.500000000000004 26.386956521739133 2281.2312500000003 12.291304347826088 1940.10625 1948.143749999999 2319.5625000000005 5.5000000000000009 1918.8687499999994 3.5000000000000004 16.500000000000004 20.707608695652176 20.87934782608696 96.989130434782624 0.41203268437863022 17.922826086956526 15.500000000000002 20.951086956521742 2198.2937500000003 1340.018749999999 1208.73125 68.521739130434796 0.78725952717486247 13.500000000000002 17.544565217391309 30.185869565217391
decision_type=2 2 2 2 2 2 2 2 2 2 2 2 2 2 2 2 2 2 2 2 2 2 2 2 2 2 2 2 2 2
left_child=2 3 7 9 8 22 11 -1 15 -2 -6 19 13 -9 28 17 -11 23 -10 -4 -15 -12 -3 24 -5 -16 -27 -17 -13 -7
right_child=1 5 6 4 10 29 -8 12 18 16 21 14 -14 20 25 27 -18 -19 -20 -21 -22 -23 -24 -25 -26 26 -28 -29 -30 -31
leaf_value=-0.0086024120029563299 0.0076699225029404176 0.0085589584230586924 -0.00059685792666447086 -0.001817007110863167 0.0049767549724894656 0.010759506727135446 -0.0052417633857059004 -0.0014898666553207346 -0.0023692641252770485 -0.00023903774274411095 -0.0017836039446274738 -0.0040815634142942403 -0.0064344649402447223 -0.005570170963409094 -0.002350148290638965 0.0030319254945041759 0.0017292014454107912 0.0032576719419067134 -0.00034032759993544163 0.0038115843202469303 -0.0030385260174492683 0.0013047234970106542 0.0035836992594101141 -0.002156405791896293 0.0020320957037718969 -0.00059166499557892355 0.0047101079501679355 0.00028265642875098252 -0.0021180329546393903 0.025624325948017359
leaf_weight=2457 510 976 277 66 590 1194 438 175 277 134 89 416 728 431 240 240 145 48 198 70 270 67 371 197 44 126 40 199 211 1455
leaf_count=2457 510 976 277 66 590 1194 438 175 277 134 89 416 728 431 240 240 145 48 198 70 270 67 371 197 44 126 40 199 211 1455
internal_value=-0.00121845 0.02829 -0.0353486 0.0115508 0.00518353 0.04003 -0.0184167 -0.0429222 -0.00240157 0.0277848 0.0180723 -0.0135409 -0.0358255 -0.0291904 -0.0183269 0.00490566 0.0126786 -0.00575843 -0.0146008 0.000718391 -0.0339744 -0.00382166 0.0314169 -0.0112013 0.00540541 -0.00761671 0.00479042 0.0135227 -0.0252389 0.0443962
internal_weight=12679 6800 5879 2804 2015 3996 1818 4061 1269 789 746 1380 1604 876 1033 794 279 355 475 347 701 156 1347 307 110 406 166 439 627 2649
internal_count=12679 6800 5879 2804 2015 3996 1818 4061 1269 789 746 1380 1604 876 1033 794 279 355 475 347 701 156 1347 307 110 406 166 439 627 2649
is_linear=0
shrinkage=0.05


Tree=9
num_leaves=31
num_cat=0
split_feature=0 0 0 3 9 3 3 0 0 0 3 9 9 9 0 0 3 1 6 9 2 7 3 3 9 0 0 1 3 3
split_gain=4744.93 451.488 397.794 100.967 84.6439 64.3796 55.1952 48.4192 47.7648 43.3412 41.6246 36.804 32.9174 28.6981 26.9325 26.4803 26.3786 22.9683 21.2901 21.1239 20.7626 20.0388 19.9319 33.9575 19.5681 21.7007 17.9084 15.9665 17.1376 15.909
threshold=19.435869565217395 15.061956521739132 24.12934782608696 5.5000000000000009 1955.618749999999 19.500000000000004 5.5000000000000009 28.225000000000001 12.291304347826088 21.718478260869571 17.500000000000004 2344.9812499999994 1885.7124999999996 1854.5749999999998 17.835869565217394 17.268478260869568 3.5000000000000004 57.945652173913054 0.5475998096715059 2273.2437500000001 988.59782608695662 0.44313197806314492 7.5000000000000009 18.500000000000004 1639.1625000000001 21.035869565217396 17.544565217391309 92.68478260869567 9.5000000000000018 13.500000000000002
decision_type=2 2 2 2 2 2 2 2 2 2 2 2 2 2 2 2 2 2 2 2 2 2 2 2 2 2 2 2 2 2
left_child=1 8 3 24 6 9 14 11 -1 13 15 -4 16 27 -3 -8 -10 -12 19 21 -19 -11 -13 -24 -2 -26 -6 28 -5 -23
right_child=2 4 7 5 26 -7 10 -9 12 18 17 22 -14 -15 -16 -17 -18 20 -20 -21 -22 29 23 -25 25 -27 -28 -29 -30 -31
leaf_value=-0.0081537738128179965 0.010661026715752447 -0.00019422560104306321 0.0092994434046060337 0.0019247780318489784 -0.0047950411812912406 0.0046985988114786456 -0.0038417847741601093 0.021080739856625397 -0.0017304237046012764 0.0026188943874801032 -0.0013348878974459286 0.005045393033998688 -0.0061853837870417122 -0.0016639785506169071 0.0029083252588019055 -0.0014885929745236657 -0.0045072790724190711 -0.0018693448793047297 0.0039964743783463125 -0.0016109864550203968 0.0032412516759541157 0.00207083006780463 -0.000399684223641128 0.0062551453372027199 0.00082095620282197088 0.0046035426194000308 -0.0026441464063948344 0.0027276194530223372 -0.00083528942352095606 -0.00087634989260366037
leaf_weight=2416 300 234 1377 107 541 446 385 1986 158 229 208 103 651 305 143 380 579 41 242 79 135 101 117 55 129 203 382 78 272 146
leaf_count=2416 300 234 1377 107 541 446 385 1986 158 229 208 103 651 305 143 380 579 41 242 79 135 101 117 55 129 203 382 78 272 146
internal_value=-0.0014207 -0.0322434 0.0292941 0.0144996 -0.0154898 0.00899801 -0.00825147 0.040011 -0.0430223 0.00419872 -0.0136957 0.0336358 -0.0355652 -0.00432503 0.00833333 -0.0204308 -0.028252 -0.00025974 0.0123434 0.00692446 0.0129944 0.0109015 0.0168478 0.00635838 0.0319115 0.0234234 -0.0274351 0.00360262 -0.000657895 0.00100806
internal_weight=12528 6253 6275 2637 2449 2005 1526 3638 3804 1559 1149 1652 1388 762 377 765 737 384 797 555 176 476 275 172 632 332 923 457 379 247
internal_count=12528 6253 6275 2637 2449 2005 1526 3638 3804 1559 1149 1652 1388 762 377 765 737 384 797 555 176 476 275 172 632 332 923 457 379 247
is_linear=0
shrinkage=0.05


Tree=10
num_leaves=31
num_cat=0
split_feature=0 0 0 0 9 9 0 3 9 3 9 0 0 0 8 3 3 8 3 3 8 3 8 8 8 7 2 0 1 4
split_gain=4533.02 419.137 403.237 97.8941 95.5416 67.8403 62.4924 60.7797 59.0329 52.0537 36.2876 35.1142 34.8747 31.6176 31.3488 31.1666 26.5767 24.5395 24.321 23.5899 22.4616 22.2704 21.3575 20.6579 20.5184 21.6903 18.3718 17.8717 17.5438 16.8579
threshold=19.175000000000004 15.396739130434783 22.592391304347831 29.964130434782614 1940.10625 2339.9187499999994 12.291304347826088 7.5000000000000009 1955.618749999999 19.500000000000004 1948.143749999999 20.416304347826092 17.45326086956522 25.331521739130441 -0.91597566659893348 4.5000000000000009 7.5000000000000009 0.6490740716826261 18.500000000000004 4.5000000000000009 -0.38441749230002448 15.500000000000002 -0.96235810494626717 -0.38441749230002448 0.36447543099728863 0.44313197806314492 991.19891304347834 16.804347826086961 87.054347826086968 1.0000000180025095e-35
decision_type=2 2 2 2 2 2 2 2 2 2 2 2 2 2 2 2 2 2 2 2 2 2 2 2 2 2 2 2 2 2
left_child=1 6 4 5 7 13 -1 -2 12 28 15 -6 22 16 -7 20 -4 27 24 -14 -8 -17 -3 26 -18 -26 -13 -10 -9 -19
right_child=2 8 3 -5 11 14 10 9 17 -11 -12 23 19 -15 -16 21 18 29 -20 -21 -22 -23 -24 -25 25 -27 -28 -29 -30 -31
leaf_value=-0.0077880919944641191 0.0064634130297327036 -0.0034305472448806582 0.010984085487333456 0.023289001416646717 -0.0015229629870332495 -0.0004732318531090546 0.00074860881194543927 -0.000365385284265668 -0.0051256030022490537 0.0063141396311132657 -0.0058781469906085794 0.0029941719216258905 0.0033603100120234834 0.010756675491777981 0.0034030681400842632 -0.0053391218207440062 0.0033075851254688068 0.0028621847610867963 0.0097070830838725617 -0.00045193104135700938 -0.0027699736376771687 -0.0027179755307525869 -0.0015502621160676301 0.0011879274438422573 0.0034276572974049528 -0.0012941002368314165 -0.00071864292626369901 -0.0033124958521772944 0.0027493031214487263 -0.003009570030585411
leaf_weight=2421 400 58 314 1471 285 121 82 469 220 224 689 48 116 1286 400 403 387 42 252 469 136 267 647 236 92 87 189 325 158 228
leaf_count=2421 400 58 314 1471 285 121 82 469 220 224 689 48 116 1286 400 403 387 42 252 469 136 267 647 236 92 87 189 325 158 228
internal_value=-0.001629 -0.0324787 0.0277025 0.0361596 0.00912935 0.0308673 -0.0419855 0.0176118 -0.0144112 0.0100352 -0.0341888 -0.00487484 -0.00774593 0.0343944 0.0144636 -0.0274466 0.0282436 -0.0249387 0.0234432 0.00127986 -0.0109589 -0.0327869 -0.0152266 0.00348101 0.0176367 0.00361111 -0.00693277 -0.031044 0.00262739 -0.0125461
internal_weight=12522 6103 6419 4410 2009 2939 3998 1251 2105 851 1577 758 1290 2418 521 888 1132 815 818 585 218 670 705 473 566 179 237 545 627 270
internal_count=12522 6103 6419 4410 2009 2939 3998 1251 2105 851 1577 758 1290 2418 521 888 1132 815 818 585 218 670 705 473 566 179 237 545 627 270
is_linear=0
shrinkage=0.05


Tree=11
num_leaves=31
num_cat=0
split_feature=1 9 1 9 8 2 2 6 7 9 2 9 5 8 6 2 8 5 2 2 1 9 7 9 9 6 2 7 1 5
split_gain=273.387 289.322 177.042 100.955 127.731 107.872 98.9898 88.5944 84.8051 70.7057 65.7676 54.9898 54.8617 49.3723 48.0994 46.8087 44.6314 50.4052 42.5946 41.7168 44.7569 49.8334 71.3915 45.105 40.2705 53.4836 44.1467 45.59 40.1643 38.5841
threshold=99.09782608695653 1363.83125 18.228260869565222 1820.0562500000003 0.36447543099728863 992.20760869565231 998.51630434782624 0.99024581825578073 0.93771544905322102 2339.9187499999994 997.43369565217404 1188.9624999999999 0.99939377080793557 -0.98523800472371936 0.8852232634113919 985.59782608695662 -0.25414035925338746 -0.15101209918632377 992.70978260869572 1008.5358695652175 68.521739130434796 2189.6187500000001 -0.96688789938088693 2210.6687500000003 2332.0062499999999 -0.022575793296316496 996.38695652173919 -0.3098332921407298 57.945652173913054 -0.62588817255938378
decision_type=2 2 2 2 2 2 2 2 2 2 2 2 2 2 2 2 2 2 2 2 2 2 2 2 2 2 2 2 2 2
left_child=1 8 13 4 5 12 29 19 -1 -9 -11 28 -4 -3 15 -6 -15 -18 -19 20 -5 22 -22 -23 25 -2 -27 -28 -10 -7
right_child=24 2 3 7 14 6 -8 9 11 10 -12 -13 -14 16 -16 -17 17 18 -20 -21 21 23 -24 -25 -26 26 27 -29 -30 -31
leaf_value=0.0050113982882596447 -0.00070241868448735765 0.0056520299398616705 0.010628199823595849 -0.0040321834669142242 0.0051252308989549996 -0.0041218342960445157 0.0053437723250646151 0.01537820306771797 0.003340942193745808 0.0023441253897311665 -0.0086037544583100495 -0.0030840435258173843 -0.0031104061332862007 -0.0051183733112067989 0.0080096765523333252 -0.0037479550663947095 -0.0047060486845997319 0.0046450206720276338 -0.0018019289886657076 0.004675815316345827 -0.0061905159369273245 -0.005399013006703382 0.0013888455949104624 -0.0024844890393731001 0.00035706130204105763 0.012424266996413171 -0.0035944147268207275 0.0097287248496558329 -0.0056847873071774711 5.6683630608872493e-05
leaf_weight=1635 152 42 654 1379 59 257 400 136 309 191 66 335 52 1178 58 652 525 57 482 126 123 94 702 1218 326 840 96 161 52 232
leaf_count=1635 152 42 654 1379 59 257 400 136 309 191 66 335 52 1178 58 652 525 57 482 126 123 94 702 1218 326 840 96 161 52 232
internal_value=-0.0016799 -0.00446664 -0.00866536 -0.00439844 0.0038055 0.0118734 0.000280899 -0.00920466 0.0111707 0.0133249 -0.00213178 -0.00344333 0.0264498 -0.0206127 -0.0129221 -0.0165028 -0.0216228 -0.0141784 -0.00342593 -0.0116388 -0.0126528 -0.00811506 0.00151332 -0.014166 0.0177982 0.02188 0.0257286 0.00755814 0.0100829 -0.0147959
internal_weight=12589 11014 8683 6399 2364 1595 889 4035 2331 393 257 696 706 2284 769 711 2242 1064 539 3642 3516 2137 825 1312 1575 1249 1097 257 361 489
internal_count=12589 11014 8683 6399 2364 1595 889 4035 2331 393 257 696 706 2284 769 711 2242 1064 539 3642 3516 2137 825 1312 1575 1249 1097 257 361 489
is_linear=0
shrinkage=0.05


Tree=12
num_leaves=31
num_cat=0
split_feature=0 0 0 3 3 0 9 0 0 0 9 9 5 9 9 7 9 3 3 2 3 3 3 3 8 1 3 3 9 5
split_gain=4542.23 387.816 364.084 109.555 68.4041 59.498 56.3492 54.8429 52.7328 43.2445 42.4989 38.6512 38.1126 27.4057 26.5705 22.8558 21.844 21.6727 25.2708 21.126 19.858 24.9219 19.172 20.9531 18.3179 18.1042 17.4592 17.6699 17.2657 16.4416
threshold=19.175000000000004 24.12934782608696 15.396739130434783 5.5000000000000009 19.500000000000004 11.094565217391306 2281.2312500000003 29.964130434782614 20.951086956521742 17.544565217391309 2344.9812499999994 1948.143749999999 0.98213580174693105 1108.5749999999996 1767.3562499999987 -0.098750666093870385 2111.5437499999994 4.5000000000000009 20.500000000000004 1001.6108695652175 4.5000000000000009 17.500000000000004 7.5000000000000009 15.500000000000002 0.45847758937963173 76.663043478260889 4.5000000000000009 18.500000000000004 1948.143749999999 -0.15101209918632377
decision_type=2 2 2 2 2 2 2 2 2 2 2 2 2 2 2 2 2 2 2 2 2 2 2 2 2 2 2 2 2 2
left_child=2 3 5 14 8 -1 9 10 -5 17 26 13 22 -7 -2 -8 19 -4 -19 29 -15 -22 -12 -24 25 -23 -3 -28 -6 -10
right_child=1 7 6 4 28 11 15 -9 16 -11 12 -13 -14 20 -16 -17 -18 18 -20 -21 21 24 23 -25 -26 -27 27 -29 -30 -31
leaf_value=-0.0076346460019056789 0.0091108535391362013 0.01625918471275891 -0.00025123071234150058 -0.0011679599866784283 0.0076089230467806654 0.0011740002412491777 -0.0057114279505097003 0.021355545713209363 0.00079066835831149019 -0.00014383521721488546 0.0052838575430089593 -0.0057842920387236353 -0.0014845193196277473 -0.0024130088335632782 0.0019267732141674489 -0.0025065983554577263 -2.9316716362298713e-05 -0.0033428971513328326 -0.00020294565814930611 0.0041625576344394592 -0.0053256923365908168 -0.0026323321457879106 -9.0110225653872178e-05 0.0047804942093638593 -0.0039003988050912253 0.00022829928491471113 0.0063788975188712339 0.011940564429146976 0.00078067527344413137 0.0031599799679957103
leaf_weight=1899 380 299 202 598 308 44 190 1517 390 672 114 918 43 286 283 297 343 606 126 70 614 139 105 110 74 80 1104 360 161 245
leaf_count=1899 380 299 202 598 308 44 190 1517 390 672 114 918 43 286 283 297 343 606 126 70 614 139 105 110 74 80 1104 360 161 245
internal_value=-0.00176101 0.0276162 -0.0324902 0.01353 0.00796314 -0.041233 -0.0155444 0.0383247 0.00315726 -0.0110143 0.0331227 -0.0355056 0.0176944 -0.029685 0.03125 -0.0304303 0.0099142 -0.0179679 -0.0219645 0.0149433 -0.0311139 -0.0347467 0.0234848 0.0145833 -0.022619 -0.0152273 0.0363662 0.0340614 0.0247872 0.0120283
internal_weight=12577 6430 6147 2778 2115 4054 2093 3652 1646 1606 2135 2155 372 1237 663 487 1048 934 732 705 1193 907 329 215 293 219 1763 1464 469 635
internal_count=12577 6430 6147 2778 2115 4054 2093 3652 1646 1606 2135 2155 372 1237 663 487 1048 934 732 705 1193 907 329 215 293 219 1763 1464 469 635
is_linear=0
shrinkage=0.05


Tree=13
num_leaves=31
num_cat=0
split_feature=0 0 0 3 0 3 0 0 0 4 8 0 3 3 6 6 0 3 6 3 5 6 6 3 5 3 5 3 3 3
split_gain=4343.2 405.198 377.19 92.5242 63.1702 58.2629 52.7746 40.1333 34.4564 31.5892 27.1934 26.9163 23.8092 34.3944 20.6958 30.8611 20.3583 19.062 26.5512 22.3154 17.183 40.5016 17.0122 15.8612 19.6732 18.6481 14.6582 14.6526 13.429 20.538
threshold=19.103260869565222 24.236956521739135 15.309782608695654 6.5000000000000009 31.854347826086961 18.500000000000004 11.094565217391306 17.655434782608701 21.718478260869571 1.5000000000000002 -0.82413948779581736 21.718478260869571 6.5000000000000009 18.500000000000004 0.3484035575467645 0.93158198870884079 20.951086956521742 4.5000000000000009 -0.30164489695395946 17.500000000000004 0.89017062131308955 -0.065537083312030994 -0.97315270831292444 5.5000000000000009 -0.52032787705993211 20.500000000000004 -0.56368474752277564 9.5000000000000018 6.5000000000000009 19.500000000000004
decision_type=2 2 2 2 2 2 2 2 2 2 2 2 2 2 2 2 2 2 2 2 2 2 2 2 2 2 2 2 2 2
left_child=2 3 6 16 12 8 -1 10 -5 27 -4 14 -3 20 -7 -16 -2 18 26 -19 -14 -22 -9 24 -12 -25 -8 -10 -24 -30
right_child=1 4 7 5 -6 11 17 22 9 -11 23 -13 13 -15 15 -17 -18 19 -20 -21 21 -23 28 25 -26 -27 -28 -29 29 -31
leaf_value=-0.007244687649690257 0.0025442864495399536 0.011185008234615735 -0.0043339814303870556 -0.0005542074838614131 0.02279085250077096 0.00010754971964105077 0.00022300786780390729 0.0016640111828507527 0.0028424770592832341 0.0022292623010651161 0.00090361542293702641 0.0054843653759250712 0.0058911886553815133 0.010597983054981381 0.0051174956462634305 -0.00078539713336262537 0.0061562016937210008 -0.005590218495330211 -0.0038262825069856829 -0.0035642284796936156 -0.00096464164342795482 0.0059061459288987875 0.00013984285435038603 -0.0032308940278333864 -0.0020426364471346284 -0.00040147126204324591 -0.0026297762961112951 -0.00091766422542536588 -0.0021877961431932408 0.00036264361614604115
leaf_weight=1878 325 600 262 789 1091 217 86 43 42 489 85 279 1181 485 94 47 489 1110 271 493 95 129 240 647 181 147 126 187 385 137
leaf_count=1878 325 600 262 789 1091 217 86 43 42 489 85 279 1181 485 94 47 489 1110 271 493 95 129 240 647 181 147 126 187 385 137
internal_value=-0.00182092 0.0264755 -0.032198 0.0127746 0.0377862 0.00731935 -0.0413115 -0.0152021 0.00195623 0.00987483 -0.0205593 0.0199843 0.0333601 0.0305658 0.0108635 0.0257042 0.0271166 -0.035793 -0.0269628 -0.0384352 0.0265647 0.0137778 -0.00638958 -0.0169651 -0.00636704 -0.0205031 -0.013615 -0.00543478 -0.00812582 -0.0126195
internal_weight=12630 6539 6091 2958 3581 2144 3964 2127 1507 718 1322 637 2490 1890 358 141 814 2086 483 1603 1405 224 805 1060 266 794 212 229 762 522
internal_count=12630 6539 6091 2958 3581 2144 3964 2127 1507 718 1322 637 2490 1890 358 141 814 2086 483 1603 1405 224 805 1060 266 794 212 229 762 522
is_linear=0
shrinkage=0.05


Tree=14
num_leaves=31
num_cat=0
split_feature=0 0 0 9 0 9 0 0 0 9 9 5 9 6 9 6 6 6 6 9 6 9 9 7 5 9 9 5 5 0
split_gain=3966.46 426.556 365.362 92.984 74.8868 71.599 50.1215 44.6182 36.1184 35.2837 32.2822 31.5687 30.8145 25.6905 22.7278 23.165 22.5743 22.3635 22.3125 22.1545 28.5494 21.3542 20.9632 33.4109 19.751 19.5844 19.4533 21.5835 20.8474 19.022
threshold=19.366304347826091 14.716304347826089 24.236956521739135 1955.618749999999 21.461956521739136 2420.1750000000006 11.533695652173915 25.909782608695654 17.655434782608701 1940.10625 1447.5437499999996 0.99053107487289871 2273.2437500000001 -0.091258822863740666 2415.4062500000005 0.080547328232315238 0.04621408538533487 0.48877522411129348 0.63089349388778826 1323.7749999999985 0.42763731121559989 1430.3249999999994 1392.875 -0.42860892273876966 -0.75579217237767959 1220.9499999999996 1363.83125 -0.8041866928211282 0.82414472752956958 17.125000000000004
decision_type=2 2 2 2 2 2 2 2 2 2 2 2 2 2 2 2 2 2 2 2 2 2 2 2 2 2 2 2 2 2
left_child=1 6 4 8 9 7 -1 -4 18 16 24 -7 13 22 15 -5 21 -11 26 -10 -21 25 -6 -24 -8 -2 27 -3 -28 -17
right_child=2 3 5 14 12 11 10 -9 19 17 -12 -13 -14 -15 -16 29 -18 -19 -20 20 -22 -23 23 -25 -26 -27 28 -29 -30 -31
leaf_value=-0.0067434700028338032 0.00023602644454938371 0.0010021395980723061 0.0049889999194916105 -0.0054140442991216205 0.0056906074938578828 0.0041047350244542927 -0.0010088723477181955 0.015297990742998924 0.0024845673772046829 -0.0020890278456562454 -0.0048130954385847795 -0.0010006986190334189 0.00048073323002503917 0.0049845398096824874 -0.0055099169758816898 -0.0032473922092854535 0.0037232209620633506 0.00028326508767695938 0.00032471264541451551 -0.0017253872636958864 0.0012886826175218997 -0.0010520894623983451 0.0038790728730948272 -0.00065493741905920115 -0.0028680430882820161 0.0038487483499251799 -0.0038182432214814615 -0.0021111045220114171 -0.0010229373296601924 -0.00082610716188496059
leaf_weight=2079 179 138 685 119 350 351 141 2500 172 228 1202 66 310 505 302 335 243 233 162 272 151 221 158 153 211 141 316 199 185 284
leaf_count=2079 179 138 685 119 350 351 141 2500 172 228 1202 66 310 505 302 335 243 233 162 272 151 221 158 153 211 141 316 199 185 284
internal_value=-0.00221966 -0.0304036 0.0257195 -0.0150797 0.0118846 0.0361643 -0.0415107 0.0387163 -0.00748747 0.00284912 -0.0346624 0.0166268 0.019499 0.0232219 -0.0267051 -0.0219215 0.00929936 -0.00811688 -0.0132867 0.0022651 -0.00389151 0.00359779 0.0166918 0.00721154 -0.0212465 0.011838 -0.0165673 -0.00724852 -0.0228088 -0.0179839
internal_weight=12591 6268 6323 2635 2721 3602 3633 3185 1595 1245 1554 417 1476 1166 1040 738 784 461 1000 595 423 541 661 311 352 320 838 337 501 619
internal_count=12591 6268 6323 2635 2721 3602 3633 3185 1595 1245 1554 417 1476 1166 1040 738 784 461 1000 595 423 541 661 311 352 320 838 337 501 619
is_linear=0
shrinkage=0.05


Tree=15
num_leaves=31
num_cat=0
split_feature=1 8 1 6 2 5 8 2 7 8 7 5 2 2 6 7 5 4 7 6 4 5 5 2 2 4 6 2 1 6
split_gain=230.47 186.177 137.2 77.4893 73.4024 88.7828 64.2799 96.4677 64.9645 87.0078 80.5301 54.8155 52.5635 46.8831 39.417 43.6265 45.2805 37.2302 71.2822 35.468 34.395 36.7422 31.8943 99.0852 35.084 33.0935 39.7052 42.5526 31.2042 33.5953
threshold=99.619565217391326 0.96117374062971617 23.076086956521742 0.080547328232315238 996.38695652173919 -0.048361574224334618 0.45847758937963173 1005.8728260869567 0.11478755917771409 0.029024409397335523 0.4737060765891063 -0.63255557784149707 1013.0108695652175 993.85000000000002 0.67007489853957602 0.019351116170480156 -0.99630266176052629 3.5000000000000004 0.31596169403973995 -0.76696334127844745 1.5000000000000002 -0.90163369914317015 0.84313847884979054 989.58369565217401 996.69456521739141 2.5000000000000004 0.7254836971458194 985.59782608695662 67.206521739130451 0.53312596302726967
decision_type=2 2 2 2 2 2 2 2 2 2 2 2 2 2 2 2 2 2 2 2 2 2 2 2 2 2 2 2 2 2
left_child=1 2 3 11 -3 -6 8 17 9 14 -10 20 -5 19 15 16 -4 -8 -19 -11 -1 -22 24 -24 25 -12 27 -27 -18 -30
right_child=-2 4 6 12 5 -7 7 -9 10 13 22 -13 -14 -15 -16 -17 28 18 -20 -21 21 -23 23 -25 -26 26 -28 -29 29 -31
leaf_value=-0.0022897986725770206 0.0058022053936657913 0.0060548580891094496 0.0070533308470551231 -0.0043681239027184631 0.010021313764273966 -0.0056128364882707922 -0.0033063818107911536 0.0044318283745630521 0.0063984673132512215 -0.00030908619842023454 -0.0011159306923826024 -0.0031731323010594729 0.0095809863247609192 -0.0061193364227005555 -0.0064802558609670796 -0.0056644202526367309 -0.0028158978613357422 0.0024941193930804319 -0.0034659217664010662 0.013462256331277726 0.0076328386605079516 -0.00049859947054717584 0.011439174330238633 -0.0038861100832797268 0.0032003606623553227 0.015031492014802725 -0.0047424664855054473 0.0018224076579118509 -0.00095593467593771549 0.0032268945178427241
leaf_weight=319 1291 571 135 1404 83 153 1077 141 488 124 465 993 51 87 102 134 724 316 380 284 233 393 99 278 370 99 82 435 1160 187
leaf_count=319 1291 571 135 1404 83 153 1077 141 488 124 465 993 51 87 102 134 724 316 380 284 233 393 99 278 370 99 82 435 1160 187
internal_value=-0.00248045 -0.00475457 -0.006524 -0.0148055 0.0183787 -0.00506329 -0.00260184 -0.0104439 0.000256947 -0.00468005 0.00651705 -0.00825168 -0.0235234 0.0144153 -0.00855506 -0.00721914 -0.00552787 -0.0136133 -0.0045911 0.0215159 0.000369979 0.00717703 0.00169492 -0.0112434 0.00506198 0.000508318 0.00810373 0.0130841 -0.00736004 -0.00285608
internal_weight=12658 11367 10560 3393 807 236 7167 1914 5253 2937 2316 1938 1455 495 2442 2340 2206 1773 696 408 945 626 1828 377 1451 1081 616 534 2071 1347
internal_count=12658 11367 10560 3393 807 236 7167 1914 5253 2937 2316 1938 1455 495 2442 2340 2206 1773 696 408 945 626 1828 377 1451 1081 616 534 2071 1347
is_linear=0
shrinkage=0.05


Tree=16
num_leaves=31
num_cat=0
split_feature=0 0 0 0 9 3 9 3 9 0 3 5 3 9 3 3 0 7 6 7 0 3 3 6 3 7 8 4 0 9
split_gain=3876.83 421.491 257.026 105.182 77.721 67.7091 59.0584 57.6772 55.6132 50.4367 49.4654 46.4487 36.7571 32.7031 31.9607 32.9927 32.7117 30.2832 25.7059 24.8454 23.4053 18.9455 20.9508 22.3213 18.4627 23.0701 18.7158 19.1615 18.3413 18.2874
threshold=18.394565217391307 23.111956521739135 14.527173913043482 31.556521739130439 2332.0062499999999 4.5000000000000009 2339.9187499999994 18.500000000000004 2281.2312500000003 11.283695652173915 5.5000000000000009 0.97875492728876534 16.500000000000004 1447.5437499999996 5.5000000000000009 19.500000000000004 25.442391304347833 0.99196248624718542 0.33222858587828868 0.17011757999667351 16.323913043478267 6.5000000000000009 16.500000000000004 0.99855310097228334 7.5000000000000009 0.43152950955792641 0.38044648673137205 5.5000000000000009 20.009782608695655 1767.3562499999987
decision_type=2 2 2 2 2 2 2 2 2 2 2 2 2 2 2 2 2 2 2 2 2 2 2 2 2 2 2 2 2 2
left_child=2 4 9 6 5 29 14 17 10 -1 -4 21 -12 -11 -3 16 -16 24 -9 -10 -21 -8 23 -23 -7 26 27 -26 -6 -2
right_child=1 3 8 -5 28 7 11 18 19 13 12 -13 -14 -15 15 -17 -18 -19 -20 20 -22 22 -24 -25 25 -27 -28 -29 -30 -31
leaf_value=-0.0063490122183262948 0.006531013857091989 0.013411082322933294 7.3590244175369978e-05 0.020480650209263304 -0.0024972851796477183 0.0014533148607478565 0.0044162536002790081 0.0019992002919383147 -0.0056581800766298115 -0.002216461638124282 -0.0032752110162537376 -0.0012096085053715331 -0.0010859686966855715 -0.0045724187140013112 0.0025084781765966945 0.01081532214526097 0.0068344942701744349 0.0058064995873308963 0.0050291867077024311 -0.00449995648892267 -0.00067458883200178794 -0.00084990902144800877 0.0037975439559590376 0.0046279926063942612 9.4022828493564581e-05 -0.0013327104660280711 0.0012265121456476319 -0.0030545330385028896 -0.00029278190482133205 0.0015584151381491885
leaf_weight=1981 309 501 407 1156 193 242 146 312 266 356 735 86 498 1228 632 367 1001 71 164 133 128 142 125 54 294 396 202 46 314 157
leaf_count=1981 309 501 407 1156 193 242 146 312 266 356 735 86 498 1228 632 367 1001 71 164 133 128 142 125 54 294 396 202 46 314 157
internal_value=-0.00249941 0.0227174 -0.0328973 0.0326051 0.00729359 0.0113719 0.027725 0.00679977 -0.0193035 -0.0411526 -0.0147471 0.0129061 -0.0197326 -0.0344479 0.0309952 0.0281359 0.0250612 0.00115815 0.0215933 -0.033428 -0.0223282 0.0191239 0.0122671 0.00203046 -0.000762066 -0.00394036 0.00276243 -0.00439883 -0.0103346 0.0282655
internal_weight=12642 6910 5732 4210 2700 2193 3054 1727 2167 3565 1640 553 1233 1584 2501 2000 1633 1251 476 527 261 467 321 196 1180 938 542 340 507 466
internal_count=12642 6910 5732 4210 2700 2193 3054 1727 2167 3565 1640 553 1233 1584 2501 2000 1633 1251 476 527 261 467 321 196 1180 938 542 340 507 466
is_linear=0
shrinkage=0.05


Tree=17
num_leaves=31
num_cat=0
split_feature=0 0 0 3 0 3 0 3 3 0 3 3 7 4 3 2 0 0 8 5 6 2 4 0 6 7 8 0 2 7
split_gain=3594.92 396.867 305.852 81.5792 67.7478 66.005 62.6712 42.8671 62.9621 32.9626 30.9929 45.7042 28.3176 29.6801 28.6576 25.4547 23.406 23.1213 21.9431 21.2087 27.6379 20.9396 20.5594 23.2499 21.0296 24.4151 23.6781 19.1439 18.5174 18.2558
threshold=18.639130434782611 24.236956521739135 14.527173913043482 5.5000000000000009 32.756521739130442 18.500000000000004 11.094565217391306 5.5000000000000009 17.500000000000004 20.009782608695655 5.5000000000000009 18.500000000000004 0.99196248624718542 1.5000000000000002 10.500000000000002 1004.1815217391306 21.381521739130438 21.461956521739136 -0.75439686467415534 0.95752911693909493 -0.065537083312030994 994.07282608695675 2.5000000000000004 28.690217391304351 0.80798785254895478 0.4737060765891063 0.18281650233046789 16.323913043478267 988.71630434782617 0.95239763423914636
decision_type=2 2 2 2 2 2 2 2 2 2 2 2 2 2 2 2 2 2 2 2 2 2 2 2 2 2 2 2 2 2
left_child=2 3 6 17 10 9 -1 29 27 -5 -3 19 13 14 -11 -10 18 -2 -7 22 -21 -8 24 -24 25 -12 -27 -9 -20 -4
right_child=1 4 7 5 -6 16 21 8 15 12 11 -13 -14 -15 -16 -17 -18 -19 28 20 -22 -23 23 -25 -26 26 -28 -29 -30 -31
leaf_value=-0.0061402011278207614 0.0022133838929816255 0.010196661497580035 -0.0010343564943215116 -0.0019538040165067994 0.020628874783958473 -0.0011466546467593848 -0.0032794104401871445 -0.0045645712650480372 -0.00049196788541505947 0.0009703592922949728 0.0037413381055519863 0.0094826475095039307 0.0052029460520954893 0.00077877864689090417 -0.0013558477007180924 -0.0029273803160019089 0.0042309046675774514 0.0064931569246489259 -0.00048226211018966296 -0.0012458040215215461 0.0040044925576280367 -0.0043837506824089467 0.0041150665513932042 0.0098542470696436294 0.0063384359705966195 0.0033448673804981708 -0.0036001278496990891 -0.0025361033149443601 0.0032895033573998814 0.0030426228591937028
leaf_weight=1918 416 551 515 427 953 79 730 523 574 123 204 506 48 821 276 70 342 346 50 79 117 928 599 317 122 86 69 589 217 57
leaf_count=1918 416 551 515 427 953 79 730 523 574 123 204 506 48 821 276 70 342 346 50 79 117 928 599 317 122 86 69 589 217 57
internal_value=-0.00258437 0.0223441 -0.0310754 0.00936109 0.0336709 0.00480285 -0.0402572 -0.0169601 -0.020831 -0.000501179 0.029536 0.0267381 0.0035461 0.0020475 -0.009125 -0.00837209 0.017852 0.0235911 0.00864553 0.0225533 0.0071066 -0.0330922 0.0247139 0.0291167 0.0162863 0.0101389 -0.00480769 -0.0280323 0.0154851 -0.00506108
internal_weight=12652 6748 5904 3145 3603 2383 3576 2328 1756 1695 2650 2099 1268 1220 399 644 688 762 346 1593 196 1658 1397 916 481 359 155 1112 267 572
internal_count=12652 6748 5904 3145 3603 2383 3576 2328 1756 1695 2650 2099 1268 1220 399 644 688 762 346 1593 196 1658 1397 916 481 359 155 1112 267 572
is_linear=0
shrinkage=0.05


Tree=18
num_leaves=31
num_cat=0
split_feature=0 0 0 0 9 3 9 3 0 3 3 9 0 1 3 9 6 6 9 5 3 9 2 6 2 0 5 9 3 3
split_gain=3494.6 394.536 311.426 90.6391 69.8447 64.6387 61.8207 56.6311 51.5635 43.2636 47.4384 41.8718 39.6071 33.0133 32.5455 32.1464 31.2269 29.4521 25.597 25.5266 23.7911 20.533 19.0577 18.5151 17.9806 17.8396 17.3859 17.0864 16.8909 24.228
threshold=18.639130434782611 25.331521739130441 14.122826086956524 20.707608695652176 1955.618749999999 5.5000000000000009 2420.1750000000006 17.500000000000004 11.094565217391306 5.5000000000000009 20.500000000000004 1447.5437499999996 29.964130434782614 90.423913043478279 2.5000000000000004 2273.2437500000001 0.90803977035715633 0.98770287048522643 2281.2312500000003 0.99053107487289871 18.500000000000004 1819.3812500000001 990.04130434782621 -0.98372925196996197 1001.2684782608698 16.409782608695654 -0.022576249993022688 2319.7125000000001 6.5000000000000009 18.500000000000004
decision_type=2 2 2 2 2 2 2 2 2 2 2 2 2 2 2 2 2 2 2 2 2 2 2 2 2 2 2 2 2 2
left_child=2 3 8 14 9 21 12 15 -1 -4 13 -10 28 23 -2 24 25 -17 20 -8 -16 -5 -15 -11 -7 -6 -20 -18 -3 -30
right_child=1 6 4 5 16 7 19 -9 11 10 -12 -13 -14 22 18 17 27 -19 26 -21 -22 -23 -24 -25 -26 -27 -28 -29 29 -31
leaf_value=-0.0057787217941470143 0.0023015680093097166 0.011081112068188259 0.00038571797911643864 0.0097915264292125301 -0.004385408706938123 0.00076232131311491371 0.0029470106670566282 0.0041253182679264269 -0.0019388011127479629 0.00061088759460620201 0.00060655945581160472 -0.0043015856833888144 0.017912033158958268 -0.004363922053953871 -0.00041907631547384865 -0.0010590033847272752 -0.00010489414706920942 0.0032490583605484487 -0.0034807106778112096 -0.0016355712812828106 0.0024185659826670538 0.0023101288177727638 0.00051475942559331552 -0.0027368616499323798 0.0023494563206303528 -0.0031229661687450037 -0.0010185215954714528 -0.0023186513348891422 0.0047354014031042784 0.010162742047758322
leaf_weight=1923 164 301 366 321 358 869 298 696 328 50 200 1132 1356 56 598 205 137 72 80 52 195 243 162 682 131 312 162 209 785 263
leaf_count=1923 164 301 366 321 358 869 298 696 328 50 200 1132 1356 56 598 205 137 72 80 52 195 243 162 682 131 312 162 209 785 263
internal_value=-0.00286456 0.0216063 -0.0309584 0.0107038 -0.0176865 0.0160559 0.0349313 0.0117781 -0.0408836 -0.0108767 -0.0156386 -0.033744 0.0374908 -0.0202944 -0.000625 0.00551643 -0.0278269 -0.00953237 -0.00390927 0.0150997 0.000440806 0.0309735 -0.00319635 -0.0253752 0.00969031 -0.0341282 -0.018107 -0.015562 0.0313704 0.0283127
internal_weight=12706 6791 5915 3736 2532 2537 3055 1973 3383 1516 1150 1460 2705 950 1199 1277 1016 277 1035 350 793 564 218 732 1000 670 242 346 1349 1048
internal_count=12706 6791 5915 3736 2532 2537 3055 1973 3383 1516 1150 1460 2705 950 1199 1277 1016 277 1035 350 793 564 218 732 1000 670 242 346 1349 1048
is_linear=0
shrinkage=0.05


Tree=19
num_leaves=31
num_cat=0
split_feature=0 0 0 0 9 9 9 0 3 6 9 5 3 3 3 3 6 0 3 3 6 6 6 9 4 6 6 2 1 9
split_gain=3207.41 425.358 289.221 82.9805 81.7061 71.7309 65.7195 57.5432 51.6933 49.8729 45.5974 33.9787 33.0407 34.318 32.6429 35.507 31.8411 31.1445 30.9298 30.0526 27.9182 25.4384 24.8883 24.0613 23.8702 23.612 21.6686 21.0757 21.0396 19.8238
threshold=18.483695652173918 24.236956521739135 14.122826086956524 34.458695652173922 2098.3437499999995 1934.8124999999995 1955.618749999999 10.353260869565219 5.5000000000000009 0.04621408538533487 1271.825 0.97875492728876534 5.5000000000000009 17.500000000000004 15.500000000000002 7.5000000000000009 0.33222858587828868 21.979347826086961 16.500000000000004 19.500000000000004 -0.099822328936730861 -0.39036009226888674 0.96407344085605606 1639.1625000000001 2.5000000000000004 -0.54940789553007929 -0.97315270831292444 991.27717391304361 93.163043478260889 2344.9812499999994
decision_type=2 2 2 2 2 2 2 2 2 2 2 2 2 2 2 2 2 2 2 2 2 2 2 2 2 2 2 2 2 2
left_child=2 5 7 4 21 8 12 -1 23 19 -9 14 -4 26 15 -6 -8 20 -11 24 -7 27 -17 -2 -10 -15 -14 -3 -28 -22
right_child=1 3 6 -5 11 17 16 10 9 18 -12 -13 13 25 -16 22 -18 -19 -20 -21 29 -23 -24 -25 -26 -27 28 -29 -30 -31
leaf_value=-0.0056993693458863674 0.0071193168582815158 0.0059875299348988 0.00019927560032269865 0.020650085935543606 0.0043623167856545464 -0.0032329108852736351 -0.0043976931737335139 -0.0017132321158040956 -0.0010844779884397 0.0012889171580971694 -0.0039912695836229811 -0.00097077160072708564 0.00062544945010771242 -0.0024237987903437566 0.0052998137648529097 -0.00043169930390498659 -0.0024763004317282181 0.00088120937004394502 0.0066447643093965397 0.0036434521752467101 0.00025967580237541975 0.013994547215140696 0.0026480168164903675 0.0021104357668215059 0.00076585962347485445 0.00046472736410373974 -0.0029398251634367364 0.0065156584679659513 -0.00066818325943542598 -0.0014955453816842545
leaf_weight=1608 352 447 353 721 285 82 323 230 393 262 1513 94 45 139 299 259 649 425 177 256 379 974 109 149 467 235 531 369 131 310
leaf_count=1608 352 447 353 721 285 82 323 230 393 262 1513 94 45 139 299 259 649 425 177 256 379 974 109 149 467 235 531 369 131 310
internal_value=-0.00317498 0.0200514 -0.0306443 0.0319983 0.0281283 0.00697817 -0.0174076 -0.0401402 0.0126398 0.00812982 -0.0338016 0.017001 -0.0105923 -0.0149261 0.0198321 0.0135321 -0.0274409 -0.00275689 0.0223864 0.00250671 -0.00874352 0.0346175 0.00325203 0.0265936 -0.00197445 -0.00266667 -0.0213983 0.0280294 -0.0236802 -0.00543478
internal_weight=12566 6809 5757 3557 2836 3252 2406 3351 2056 1555 1743 1046 1434 1081 952 653 972 1196 439 1116 771 1790 368 501 860 374 707 816 662 689
internal_count=12566 6809 5757 3557 2836 3252 2406 3351 2056 1555 1743 1046 1434 1081 952 653 972 1196 439 1116 771 1790 368 501 860 374 707 816 662 689
is_linear=0
shrinkage=0.05


Tree=20
num_leaves=31
num_cat=0
split_feature=0 0 0 0 9 9 3 3 0 3 0 3 6 9 9 2 3 3 3 3 9 6 9 5 1 6 3 9 1 2
split_gain=3106.16 429.948 206.288 123.805 95.3865 73.1913 48.2893 50.6897 46.6922 45.0787 37.4675 37.3884 36.8632 31.1809 29.4067 28.9146 28.8373 38.4847 26.5714 38.4149 25.5371 41.8511 24.6134 21.2427 18.1216 16.3908 29.8284 23.2727 18.0523 15.9286
threshold=17.655434782608701 22.061956521739134 11.533695652173915 32.438043478260873 2098.3437499999995 2415.4062500000005 6.5000000000000009 20.500000000000004 14.527173913043482 6.5000000000000009 25.909782608695654 19.500000000000004 0.84658398682345093 1292.1000000000001 1374.9437499999997 1001.1304347826089 16.500000000000004 5.5000000000000009 4.5000000000000009 19.500000000000004 2281.2312500000003 0.5475998096715059 1179.1562499999998 0.98667101781630195 99.967391304347842 0.33222858587828868 16.500000000000004 1392.875 79.59782608695653 991.85760869565229
decision_type=2 2 2 2 2 2 2 2 2 2 2 2 2 2 2 2 2 2 2 2 2 2 2 2 2 2 2 2 2 2
left_child=2 6 22 4 9 8 14 20 13 -3 11 15 16 -4 -2 -11 17 -6 -10 24 25 -22 -1 -15 -20 27 28 -8 -27 -23
right_child=1 3 5 -5 12 -7 7 -9 18 10 -12 -13 -14 23 -16 -17 -18 -19 19 -21 21 29 -24 -25 -26 26 -28 -29 -30 -31
leaf_value=-0.0029845813484328091 0.0072621990698876655 0.013263653896462163 -0.0012817342116189798 0.017298267386142922 0.0028606452797318343 -0.0050612162256475678 0.00016552688907391089 0.0020730462853946348 -0.00053968656107486891 0.0013971681706425336 0.0086844480712263399 0.0081454410165976484 0.0034115828894372676 -0.0034219551635188711 0.00071034836406922157 0.005508704737573364 0.002157206928992106 -0.00086380064143691819 -0.0029968409187251729 -0.00028377337298233287 -0.0046849289690189281 -0.0017202402695774832 -0.0052201060344953558 -0.00020365424646634213 0.00016915156892121502 -0.0013691136403522223 0.0037792128460771126 -0.0015578811189600806 0.00070313095704843264 0.0012397302546182766
leaf_weight=99 163 558 214 982 164 417 375 340 318 674 874 208 611 975 580 83 207 343 851 294 155 71 1996 56 63 106 101 424 138 106
leaf_count=99 163 558 214 982 164 417 375 340 318 674 874 208 611 975 580 83 207 343 851 294 155 71 1996 56 63 106 101 424 138 106
internal_value=-0.00274966 0.0184678 -0.0319171 0.0274389 0.0232608 -0.0238946 0.00197266 -0.00242157 -0.0209416 0.0292118 0.0254076 0.0185818 0.0124811 -0.02813 0.0127016 0.0133905 0.00475524 -0.00167323 -0.0150622 -0.018445 -0.00643196 -0.0186186 -0.0441078 -0.0317345 -0.0234973 -0.0028821 0.00621387 -0.0068125 -0.00326531 -0.00196629
internal_weight=12546 7263 5283 4704 3722 3188 2559 1816 2771 2397 1839 965 1325 1245 743 757 714 507 1526 1208 1476 332 2095 1031 914 1144 345 799 244 177
internal_count=12546 7263 5283 4704 3722 3188 2559 1816 2771 2397 1839 965 1325 1245 743 757 714 507 1526 1208 1476 332 2095 1031 914 1144 345 799 244 177
is_linear=0
shrinkage=0.05


Tree=21
num_leaves=31
num_cat=0
split_feature=0 0 0 9 3 9 0 3 0 9 0 0 9 0 3 3 9 9 9 2 2 7 1 9 4 9 9 9 7 9
split_gain=2856.04 357.621 296.774 101.424 76.9614 70.7456 60.0744 54.9867 54.2013 45.6551 44.8639 35.0558 32.4868 25.2642 24.1605 25.7185 23.4888 20.6817 20.6649 26.8578 19.4 19.14 20.8552 18.5388 18.0962 18.2137 17.5626 17.3008 15.704 14.8248
threshold=19.103260869565222 13.379347826086958 26.27717391304348 2344.9812499999994 4.5000000000000009 2445.0687499999999 16.409782608695654 19.500000000000004 10.353260869565219 1292.1000000000001 34.458695652173922 22.501086956521743 1767.3562499999987 21.381521739130438 5.5000000000000009 17.500000000000004 2098.3437499999995 1235.6375 2325.09375 1006.6293478260872 990.11630434782626 0.99274428880883148 2.8152173913043481 2452.2687500000002 2.5000000000000004 2344.9812499999994 2576.1624999999999 1775.8937499999986 -0.14250758662009075 2339.9187499999994
decision_type=2 2 2 2 2 2 2 2 2 2 2 2 2 2 2 2 2 2 2 2 2 2 2 2 2 2 2 2 2 2
left_child=1 8 4 6 12 10 14 11 -1 -10 16 29 -2 27 17 -16 20 -3 19 -13 -4 22 -8 -7 25 -18 -20 -9 -5 -6
right_child=2 3 5 28 7 23 21 13 9 -11 -12 18 -14 -15 15 -17 24 -19 26 -21 -22 -23 -24 -25 -26 -27 -28 -29 -30 -31
leaf_value=-0.0051542889603902221 0.0082350417485355654 0.0031481466453623513 0.0097353891602112441 -0.0048815695756152348 1.6534637860957102e-05 -0.00026358283692019813 -0.0028151530010241846 0.0044530940680490988 -0.0011224229044898767 -0.0037524705992906388 0.019328666648595606 0.0017108706478961705 0.0017399150104393151 0.0058331691831401107 -0.0030524285789586521 -0.0017353406267780092 0.0037319265473682891 -0.001436202028755819 -0.00049694112974011946 0.0079255138169182313 0.013792589392463467 0.0048860095317306163 -0.00043937195858440861 0.0037296599880349782 0.0053454465299387632 -0.0012589217405078847 0.0034670683303237473 -0.00060297028409651713 -0.0031731102840754991 -0.0015915283154415262
leaf_weight=1613 405 63 463 231 1021 142 71 132 192 1215 670 906 350 411 612 349 114 303 170 59 714 78 1096 167 327 41 46 106 325 199
leaf_count=1613 405 63 463 231 1021 142 71 132 192 1215 670 906 350 411 612 349 114 303 170 59 714 78 1096 167 327 41 46 106 325 199
internal_value=-0.00314088 -0.0275167 0.0201195 -0.01566 0.0111797 0.0330049 -0.0114652 0.00763684 -0.0397881 -0.0325639 0.0359871 0.00414238 0.025463 0.0205385 -0.018863 -0.0230249 0.0315361 -0.00790191 0.0102792 0.0134058 0.0353565 -0.00357143 -0.00517979 0.0104839 0.0221532 0.00801282 -0.00368664 0.00753138 -0.035009 -0.0018018
internal_weight=12591 6148 6443 3128 3805 2638 2572 3050 3020 1407 2329 2401 755 649 1327 961 1659 366 1181 965 1177 1245 1167 309 482 155 216 238 556 1220
internal_count=12591 6148 6443 3128 3805 2638 2572 3050 3020 1407 2329 2401 755 649 1327 961 1659 366 1181 965 1177 1245 1167 309 482 155 216 238 556 1220
is_linear=0
shrinkage=0.05


Tree=22
num_leaves=31
num_cat=0
split_feature=0 0 0 0 9 9 9 6 3 6 3 9 3 3 7 9 2 6 3 9 7 6 9 1 6 3 3 7 7 7
split_gain=2766.3 416.652 247.442 124.863 83.8061 63.4856 56.9166 46.0068 44.2028 37.7639 47.233 39.8252 37.4611 37.649 35.9241 32.8262 30.932 29.8402 29.7641 31.9392 48.1127 25.5241 25.2904 24.9373 25.1287 22.5494 34.7574 29.547 28.8357 22.4282
threshold=17.835869565217394 23.204347826086959 12.291304347826088 32.756521739130442 1955.618749999999 2098.3437499999995 2281.2312500000003 -0.42958798411962301 3.5000000000000004 0.33222858587828868 16.500000000000004 1392.875 5.5000000000000009 19.500000000000004 -0.16693488597178294 1172.1624999999999 988.79021739130451 0.26659387353423869 7.5000000000000009 1430.3249999999994 0.28313881758084386 0.42763731121559989 2451.3499999999999 79.59782608695653 -0.98372925196996197 15.500000000000002 7.5000000000000009 0.13612025994847315 -0.59869031648930193 0.31596169403973995
decision_type=2 2 2 2 2 2 2 2 2 2 2 2 2 2 2 2 2 2 2 2 2 2 2 2 2 2 2 2 2 2
left_child=2 6 15 5 12 7 8 18 -2 11 -11 16 -4 23 -8 -1 -10 -7 -3 -20 -21 -6 -5 24 -14 26 -19 28 -28 -13
right_child=1 3 4 22 21 17 14 -9 9 10 -12 29 13 -15 -16 -17 -18 25 19 20 -22 -23 -24 -25 -26 -27 27 -29 -30 -31
leaf_value=-0.0015977056177995511 0.004173738041436551 0.0088922740245861494 -0.00011903537629689986 0.017225344464215114 -0.0039692474544695379 6.6036432116894922e-05 -0.0023074857519999326 0.009887175051359132 -0.0014882266822805912 0.00035584235243422139 0.0043723041995150317 -0.00020867208847201446 0.00076267636324997144 -0.00021924966936290313 -0.00015819934811838466 -0.0045724505238571205 0.0022200286454443748 0.0037712420101474382 0.0047031936469674939 0.0046155180699796322 -0.0028142945484924521 -0.0027039025536254035 0.00013364222505114488 -0.0018509537222676288 -0.0028734091461834091 0.0045833840439840987 -0.001989033139825487 -0.0014032733453593655 0.0030622598449332409 -0.0018814432163412583
leaf_weight=91 383 205 453 902 513 317 236 1099 114 389 235 507 50 311 465 2341 495 256 450 151 145 701 43 316 623 275 76 122 116 253
leaf_count=91 383 205 453 902 513 317 236 1099 114 389 235 507 50 311 465 2341 495 256 450 151 145 701 43 316 623 275 76 122 116 253
internal_value=-0.00322542 0.0169869 -0.0303056 0.0273088 -0.0206031 0.0225957 0.00303769 0.0278888 0.00673117 0.00373621 0.01392 -0.000912409 -0.0135975 -0.0179093 -0.00947293 -0.0421291 0.00860656 0.0132416 0.0198004 0.0151272 0.0023569 -0.0306996 0.0432875 -0.0226768 -0.0281157 0.0181442 0.0124343 0.00126984 0.0134715 -0.00854139
internal_weight=12633 7234 5399 4157 2967 3212 3077 2050 2376 1993 624 1369 1753 1300 701 2432 609 1162 951 746 296 1214 945 989 673 845 570 314 192 760
internal_count=12633 7234 5399 4157 2967 3212 3077 2050 2376 1993 624 1369 1753 1300 701 2432 609 1162 951 746 296 1214 945 989 673 845 570 314 192 760
is_linear=0
shrinkage=0.05


Tree=23
num_leaves=31
num_cat=0
split_feature=0 0 0 0 9 0 9 3 0 3 5 3 3 9 3 3 0 9 3 3 3 4 3 3 2 5 4 3 9 9
split_gain=2550.97 398.06 218.02 95.1637 85.7404 80.6397 54.2739 47.1765 44.7563 43.4821 36.9087 32.0812 39.5117 28.222 24.9015 43.5665 22.4793 22.4418 22.2081 31.2516 21.3037 21.5298 21.1505 23.1849 20.4893 20.0861 26.5686 20.4267 18.4271 17.6838
threshold=17.655434782608701 24.711956521739136 11.094565217391306 34.09782608695653 2281.2312500000003 20.707608695652176 2098.3437499999995 4.5000000000000009 14.981521739130438 17.500000000000004 0.97875492728876534 7.5000000000000009 18.500000000000004 2332.0062499999999 5.5000000000000009 17.500000000000004 28.853260869565222 1179.1562499999998 15.500000000000002 7.5000000000000009 8.5000000000000018 1.5000000000000002 7.5000000000000009 17.500000000000004 998.21413043478276 -0.53493989022977317 5.5000000000000009 19.500000000000004 1374.9437499999997 1276.8937500000004
decision_type=2 2 2 2 2 2 2 2 2 2 2 2 2 2 2 2 2 2 2 2 2 2 2 2 2 2 2 2 2 2
left_child=2 5 17 6 8 13 11 -7 14 20 18 -3 16 22 -4 -16 24 -1 19 -8 -9 -22 28 -24 -13 26 -10 -27 -2 -17
right_child=1 3 4 -5 -6 7 10 9 25 -11 -12 12 -14 -15 15 29 -18 -19 -20 -21 21 -23 23 -25 -26 27 -28 -29 -30 -31
leaf_value=-0.0029919001170339299 0.0053692811668560091 0.014456577805401067 -0.0012304403702186829 0.016305739533691244 -0.0039771629233391675 0.0040383008091626855 0.0038276682276829261 0.0019667791912941907 0.00029159056660981315 0.00318690099035677 -0.0017969719680307418 0.0012680074015433336 0.012480221525760166 -0.0015666109125762454 -0.0034211766120169369 0.00047938651810996161 0.010134177623118495 -0.0045245628376179388 0.0040642640656847083 0.00034611425579782478 -0.0008723229720300846 0.00041496851849582574 -0.0011675516115754153 0.00059722405987180655 0.0077185684917472075 -0.002320954135068365 -0.0036022166101342848 0.00010863021782351879 0.00023704354856251693 -0.0017190322938136189
leaf_weight=91 112 409 422 769 854 416 257 325 367 608 73 448 293 354 685 85 382 1769 290 329 272 558 587 351 94 567 79 123 356 271
leaf_count=91 112 409 422 769 854 416 257 325 367 608 73 448 293 354 685 85 382 1769 290 329 272 558 587 351 94 567 79 123 356 271
internal_value=-0.00338176 0.0158361 -0.0297234 0.0285202 -0.0222785 0.00506345 0.0238936 0.0114908 -0.01775 0.00790816 0.0143684 0.0294407 0.0253284 -0.00289608 -0.0235314 -0.0276871 0.0202162 -0.043525 0.0172178 0.0115843 0.00220588 -0.00204573 0.000284293 -0.00404686 0.013628 -0.0102902 -0.00201342 -0.0156295 0.00895522 -0.0134454
internal_weight=12596 7283 5313 3344 3453 3939 2575 2179 2599 1763 949 1626 1217 1760 1463 1041 924 1860 876 586 1155 830 1406 938 542 1136 446 690 468 356
internal_count=12596 7283 5313 3344 3453 3939 2575 2179 2599 1763 949 1626 1217 1760 1463 1041 924 1860 876 586 1155 830 1406 938 542 1136 446 690 468 356
is_linear=0
shrinkage=0.05


Tree=24
num_leaves=31
num_cat=0
split_feature=0 0 0 0 0 9 9 3 3 5 6 6 6 5 9 9 9 9 6 6 6 3 7 1 5 1 3 0 3 9
split_gain=2399.35 375.602 220.617 91.2438 78.3 73.9931 71.8587 51.3627 52.9742 46.6707 39.3519 44.3841 33.0606 29.7426 29.6315 28.1574 27.3884 27.3157 26.3502 25.6382 25.4868 25.0402 25.0218 24.6625 24.168 23.3389 23.1112 23.0838 22.4291 21.9573
threshold=17.655434782608701 26.27717391304348 11.648913043478261 20.255434782608699 35.828260869565227 2410.7312500000003 1955.618749999999 4.5000000000000009 17.500000000000004 -0.9905448150984083 -0.54940789553007929 -0.98801846520836312 0.42763731121559989 0.42179998225932674 1498.7499999999998 1775.8937499999986 2344.9812499999994 1934.8124999999995 0.36447543099728863 0.011826144619637555 0.3484035575467645 4.5000000000000009 0.99274428880883148 99.945652173913061 -0.26037633224328088 89.815217391304358 7.5000000000000009 15.309782608695654 19.500000000000004 1192.7187500000002
decision_type=2 2 2 2 2 2 2 2 2 2 2 2 2 2 2 2 2 2 2 2 2 2 2 2 2 2 2 2 2 2
left_child=2 3 14 16 5 -3 9 15 17 -4 11 -11 -8 -7 28 -5 -2 19 -12 29 -19 -13 23 26 -14 -18 -20 -26 -1 -9
right_child=1 4 6 7 -6 13 12 8 -10 10 18 21 24 -15 -16 -17 25 20 22 -21 -22 -23 -24 -25 27 -27 -28 -29 -30 -31
leaf_value=-0.0033617389972666724 -3.9162354797006582e-05 0.0075811500503844779 -0.0035588255839622768 0.0081907080354200589 0.016544284103462082 0.0034303579478916491 -0.0037245395701425489 0.0038924350011236954 0.0035770070583017789 0.0010346119326030358 0.00027701103827932201 -0.0011745155786290721 -0.0010899014735622984 -0.00069991249881964099 -0.0043776175822682608 0.0015025098724225944 -0.002793593176024903 -0.00094621190543233433 -0.00039881625125935964 0.003097949424293589 0.0002069539002841861 -0.0031388152068690767 0.001011104277869656 0.0017741978419561406 -0.0034937622674351279 9.5195215439957553e-05 -0.002697658892578972 -0.0021357478778180213 -0.00085930354272732235 -0.00011604195222909841
leaf_weight=356 1233 1817 94 321 565 135 526 165 813 61 471 186 248 170 1707 271 170 202 123 327 412 556 60 53 342 102 257 188 96 589
leaf_count=356 1233 1817 94 321 565 135 526 165 813 61 471 186 248 170 1707 271 170 202 123 327 412 556 60 53 342 102 257 188 96 589
internal_value=-0.00347943 0.0151515 -0.0289953 0.00648068 0.0300037 0.025577 -0.020578 0.0113834 0.0082503 -0.0142589 -0.0124152 -0.0205846 -0.0295785 0.00277778 -0.0413194 0.0246206 -0.00361886 0.00321344 -0.00559585 0.00799445 -0.00520325 -0.0239569 -0.013664 -0.0178571 -0.0229782 -0.0179487 -0.0223097 -0.0290019 -0.0298013 0.00291391
internal_weight=12616 7292 5324 4605 2687 2122 3165 3100 2508 1861 1767 803 1304 305 2159 592 1505 1695 964 1081 614 742 493 433 778 272 380 530 452 754
internal_count=12616 7292 5324 4605 2687 2122 3165 3100 2508 1861 1767 803 1304 305 2159 592 1505 1695 964 1081 614 742 493 433 778 272 380 530 452 754
is_linear=0
shrinkage=0.05


Tree=25
num_leaves=31
num_cat=0
split_feature=0 0 0 0 0 9 9 3 3 9 6 3 3 6 3 6 9 3 7 0 9 0 2 7 1 9 2 9 6 9
split_gain=2267.79 390.573 178.999 102.773 82.6951 74.513 61.0995 45.3852 40.5135 38.0024 37.3485 36.4447 46.2577 35.937 35.5625 29.3409 27.5227 26.0624 23.0435 22.9883 22.9235 22.7953 21.8162 19.7822 20.9755 17.6034 24.1315 16.6213 16.2175 24.534
threshold=16.920652173913044 24.711956521739136 11.414130434782612 35.828260869565227 20.790217391304349 2281.2312500000003 2064.7249999999999 6.5000000000000009 5.5000000000000009 1195.1375000000003 -0.50557503990954278 5.5000000000000009 19.500000000000004 0.04621408538533487 17.500000000000004 -0.59177783207548873 1374.9437499999997 17.500000000000004 -0.93545056548590078 15.061956521739132 1302.6124999999997 8.0923913043478279 984.25108695652182 0.78325454425165997 94.402173913043498 1797.4312500000001 1001.2684782608698 1918.8687499999994 1.0000000180025095e-35 1392.6250000000002
decision_type=2 2 2 2 2 2 2 2 2 2 2 2 2 2 2 2 2 2 2 2 2 2 2 2 2 2 2 2 2 2
left_child=2 4 9 6 7 11 10 16 27 21 15 20 19 -8 -9 -3 -2 25 -16 -13 -4 -1 -15 24 -24 26 -10 -6 29 -19
right_child=1 3 5 -5 8 -7 13 14 17 -11 -12 12 -14 22 18 -17 -18 28 -20 -21 -22 -23 23 -25 -26 -27 -28 -29 -30 -31
leaf_value=-0.00518264968813794 0.0050252241559477998 0.0047926761985405495 0.0011722211821103266 0.016136838582988079 0.0063311013543438897 -0.0038172181417706363 -0.00056648974791218833 -0.0014562352252882689 0.00077850784556864061 -0.0040628727849709298 0.011671390408930961 -0.0028555061991820843 -0.00061007609464556957 0.0062273112280154868 0.006456414568795827 -0.0019849058327615189 0.00022309848437257059 0.0070927636105849491 -0.00011030134640823697 -0.0021950358711051977 -0.0012666512001719228 -0.00058038748732048846 0.0039964776607926689 -0.00083109921720381794 0.00030245891394097002 -0.00022397942808183581 0.0030450980785589666 0.0011488290368919351 0.0035678854543246016 -0.00057259616272509748
leaf_weight=43 122 616 116 566 312 710 184 979 537 1887 977 732 392 123 51 77 494 139 529 446 495 101 513 83 195 480 70 173 266 177
leaf_count=43 122 616 116 566 312 710 184 979 537 1887 977 732 392 123 51 77 494 139 529 446 495 101 513 83 195 480 70 173 266 177
internal_value=-0.00360321 0.0134068 -0.0300833 0.0262669 0.00349885 -0.0220781 0.0222824 -0.00337776 0.0104408 -0.0414616 0.0283064 -0.017484 -0.021515 0.0131028 -0.00791667 0.0193804 0.00810373 0.00673653 0.00189329 -0.0264631 -0.00710784 -0.0165517 0.0171585 0.0140783 0.0167842 0.00215993 0.0078125 0.0231481 0.0152659 0.00757098
internal_weight=12585 7663 4922 3334 4329 2891 2768 2175 2154 2031 1670 2181 1570 1098 1559 693 616 1669 580 1178 611 144 914 791 708 1087 607 485 582 316
internal_count=12585 7663 4922 3334 4329 2891 2768 2175 2154 2031 1670 2181 1570 1098 1559 693 616 1669 580 1178 611 144 914 791 708 1087 607 485 582 316
is_linear=0
shrinkage=0.05


Tree=26
num_leaves=31
num_cat=0
split_feature=9 1 1 6 6 6 1 9 1 6 9 9 7 9 6 1 7 9 9 4 9 7 8 7 7 5 1 4 3 1
split_gain=232.363 144.244 143.212 102.526 86.382 83.0476 83.302 96.383 66.3077 55.8826 55.7065 45.682 62.4606 45.1664 40.1951 38.4255 35.1843 34.545 55.6225 32.7845 32.265 45.0068 35.897 35.1416 33.1958 32.1211 31.3491 29.6065 28.5516 27.7878
threshold=2103.4812499999994 99.771739130434796 99.206521739130451 0.99024581825578073 -0.98801846520836312 -0.81925291736142503 13.641304347826088 1757.6125 14.184782608695654 -0.022575793296316496 1457.0687499999995 2498.3687500000001 0.033323506451456063 1188.9624999999999 0.76556758748011045 2.4456521739130439 -0.97113884758256674 1416.024999999999 1392.875 3.5000000000000004 1083.09375 0.65231507897944274 -0.99467580659249177 0.79380680106549595 0.019351116170480156 -0.98214942551678475 25.771739130434785 3.5000000000000004 16.500000000000004 89.467391304347842
decision_type=2 2 2 2 2 2 2 2 2 2 2 2 2 2 2 2 2 2 2 2 2 2 2 2 2 2 2 2 2 2
left_child=2 3 4 8 15 10 13 14 -2 -4 17 -5 -13 -7 20 -1 -9 18 19 -6 -8 22 24 -23 29 -10 -24 -14 -18 -22
right_child=1 -3 9 11 5 6 7 16 25 -11 -12 12 27 -15 -16 -17 28 -19 -20 -21 21 23 26 -25 -26 -27 -28 -29 -30 -31
leaf_value=-0.00059633796458271606 -0.0035244111591319852 0.0021504586292276614 -0.0010304792467150201 0.0045292533327613042 -0.0013184204453726687 0.0013021139025870057 0.0095882051245281073 -0.0034927575102245778 0.0003341393436374449 0.0073366657144619991 -0.0029536328116767244 -0.005210984109088896 0.0024743392128421249 -0.0020357352795235158 0.0093678854065310773 0.0067217487948422671 -0.0010632620646666231 0.0023902810414052583 -0.0026710744044820393 0.0012554964902564581 -0.0010672226523112532 -0.0020960302295957994 -0.00045323509020782083 0.00073773703651816851 -0.003208650093599442 -0.0019706229567911476 0.0052079435080592488 -0.0035860832554578921 0.0013581664675532479 0.024025439762223218
leaf_weight=61 739 603 151 280 391 242 56 202 205 615 536 81 87 976 230 287 849 76 114 312 51 235 146 805 98 2789 926 45 354 46
leaf_count=61 739 603 151 280 391 242 56 202 205 615 536 81 87 976 230 287 849 76 114 312 51 235 146 805 98 2789 926 45 354 46
internal_value=-0.00357455 -0.0121843 0.00178479 -0.0154483 -0.000464684 -0.00173789 0.00118842 0.00467617 -0.018278 0.0222947 -0.0124126 0.00597166 -0.0114486 -0.0102543 0.0103894 0.0237822 -0.00586771 -0.00475391 -0.00776284 -0.0024858 0.00843909 0.00751733 0.0138407 -0.000192123 -0.00586735 -0.0149583 0.0174278 0.00977444 -0.00261628 0.0147959
internal_weight=12588 4829 7759 4226 6993 6645 5216 3998 3733 766 1429 493 213 1218 2593 348 1405 893 817 703 2363 2307 1267 1040 195 2994 1072 132 1203 97
internal_count=12588 4829 7759 4226 6993 6645 5216 3998 3733 766 1429 493 213 1218 2593 348 1405 893 817 703 2363 2307 1267 1040 195 2994 1072 132 1203 97
is_linear=0
shrinkage=0.05


Tree=27
num_leaves=31
num_cat=0
split_feature=1 9 9 1 9 8 7 7 4 1 7 4 9 9 9 6 6 6 6 5 7 5 7 5 3 3 4 9 9 9
split_gain=201.811 223.029 85.6834 84.5725 62.5433 62.0235 57.6912 56.121 71.1008 49.4001 45.9723 44.1828 47.1872 37.902 80.6824 63.6211 42.2512 37.7329 33.6786 33.1009 32.4147 47.7614 34.0232 32.1088 31.4188 33.2535 31.1853 56.0076 41.6961 37.3126
threshold=90.423913043478279 1374.9437499999997 2350.2249999999999 13.032608695652176 2332.0062499999999 0.96407344085605606 -0.52766560075116253 0.92919371535393525 3.5000000000000004 99.989130434782624 -0.58482091572441486 2.5000000000000004 1754.2250000000001 1955.618749999999 2210.6687500000003 0.011826144619637555 0.36447543099728863 -0.81925291736142503 0.73721509932751383 0.3261394409934788 0.033323506451456063 0.039769539193789977 -0.49813403728436417 0.27694220057652758 18.500000000000004 4.5000000000000009 2.5000000000000004 1787.3812500000001 1235.6375 1828.0937499999998
decision_type=2 2 2 2 2 2 2 2 2 2 2 2 2 2 2 2 2 2 2 2 2 2 2 2 2 2 2 2 2 2
left_child=1 7 3 -3 9 6 11 8 24 26 -4 12 17 15 -15 -8 -17 -5 -16 20 22 -22 -12 -23 25 -1 27 28 -2 -29
right_child=4 2 10 5 -6 -7 13 -9 -10 -11 19 -13 -14 14 18 16 -18 -19 -20 -21 21 23 -24 -25 -26 -27 -28 29 -30 -31
leaf_value=0.0031920708402997048 -0.0031714012240151887 -0.0022185759294631848 -0.0042871851322873328 -0.0024582715024376121 -0.00068121282747016514 0.0047053604557111221 -0.0017201917798313191 -0.00066053599064305822 0.0066511016131265421 0.0055222971307028667 0.0016230320592886206 0.0010662662167491357 -0.0020937879424093504 -0.0029828226326065396 -0.0019742368102947799 0.0051281554332989754 -0.00042631541637677407 0.0069198941327296461 0.0010262628289502336 -0.0033089594246017598 0.0050647670002498552 -0.0022376001506588272 -0.0036772319026243902 0.0059401683170635412 0.0043570867014687239 -0.00080634847230471045 0.0022803773643407044 -0.0050371706979342639 0.0057236718776663411 -0.00083018160425672727
leaf_weight=171 53 1234 314 84 741 144 766 718 646 758 58 1021 427 402 170 211 410 177 257 555 70 248 302 52 179 467 1086 91 312 397
leaf_count=171 53 1234 314 84 741 144 766 718 646 758 58 1021 427 402 170 211 410 177 257 555 70 248 302 52 179 467 1086 91 312 397
internal_value=-0.00345392 -0.00735909 -0.011763 -0.00870098 0.00686246 -0.00522113 -0.00640601 0.00657654 0.0121926 0.0103966 -0.0219063 0.000497076 -0.00928882 -0.0117276 -0.0201807 -0.00666427 0.00522508 0.00744275 -0.00502336 -0.0176905 -0.0106703 -0.000269542 -0.0213296 -0.0089701 0.00238386 -0.0028169 0.00615979 -0.000995316 0.0137978 -0.0120654
internal_weight=12521 9083 6902 5303 3438 4069 3925 2181 1463 2697 1599 1709 688 2216 829 1387 621 261 427 1285 730 370 360 300 817 638 1939 853 365 488
internal_count=12521 9083 6902 5303 3438 4069 3925 2181 1463 2697 1599 1709 688 2216 829 1387 621 261 427 1285 730 370 360 300 817 638 1939 853 365 488
is_linear=0
shrinkage=0.05


Tree=28
num_leaves=31
num_cat=0
split_feature=0 0 0 9 0 3 3 9 0 9 6 5 7 9 6 7 0 9 5 9 6 6 0 3 2 1 5 1 1 3
split_gain=2113.68 371.245 253.208 74.0779 63.012 61.1783 64.7112 56.0828 40.1736 37.9177 43.9744 38.2466 34.3164 33.7908 33.019 32.3995 29.4615 28.0963 27.3131 26.8309 26.6561 26.1437 25.5425 18.8344 18.7549 18.5596 18.3163 24.6511 18.0896 17.0066
threshold=19.518478260869568 13.277173913043478 28.520652173913046 2344.9812499999994 9.6923913043478276 7.5000000000000009 18.500000000000004 2410.7312500000003 34.973913043478269 1363.83125 0.080547328232315238 -0.8041866928211282 -0.20075075429075132 1473.6000000000001 -0.97315270831292444 0.99351232050787985 16.323913043478267 1819.3812500000001 0.81428061195174062 2262.5375000000004 0.3484035575467645 -0.53495380374625956 22.244565217391308 16.500000000000004 998.41195652173928 91.945652173913061 -0.92923668111203805 36.59782608695653 41.402173913043484 14.500000000000002
decision_type=2 2 2 2 2 2 2 2 2 2 2 2 2 2 2 2 2 2 2 2 2 2 2 2 2 2 2 2 2 2
left_child=1 4 5 9 -1 17 19 8 -4 11 -11 26 -5 -6 -13 -16 -12 21 -9 20 -7 -2 -8 -14 29 -20 27 -3 -15 -22
right_child=2 3 7 12 13 6 22 18 -10 10 16 14 23 28 15 -17 -18 -19 25 -21 24 -23 -24 -25 -26 -27 -28 -29 -30 -31
leaf_value=-0.0040320415084238699 0.0035950026019623592 -0.0022052290672756034 0.0086650598382265864 -0.0034691628662163274 -0.0014797626636348996 0.00012756141453413862 0.00085555394691884531 0.0046990173917375588 0.016341723061002601 -0.0023929574733727228 -0.0012803171219848974 0.0026756762366685173 -0.0030986320992433497 -0.003035978676943032 -0.0028949120775842185 0.00051794743318984147 0.00016514592162631683 0.0013576086077972977 -0.001016830407644026 -0.00075112028868621348 -0.0012799184733128745 0.0071266589349216871 0.0050514509512891107 -0.00067481507856930476 0.0025327896983594056 0.0013334757491655748 0.0049360957081813241 0.0020012222883758145 -0.0026820006391108557 0.0037094545980065566
leaf_weight=1315 298 44 1027 261 364 1227 372 111 609 869 623 103 207 582 222 93 640 611 91 463 131 421 555 137 235 61 86 117 663 81
leaf_count=1315 298 44 1027 261 364 1227 372 111 609 869 623 103 207 582 222 93 640 611 91 463 131 421 555 137 235 61 86 117 663 81
internal_value=-0.00311014 -0.0235183 0.0174055 -0.0122833 -0.0365812 0.0108077 0.0069168 0.0326579 0.0361026 -0.0088456 -0.0120956 0.00157658 -0.0281353 -0.0299068 -0.00763723 -0.0156646 -0.00613133 0.0197596 0.0111742 0.00212816 0.00507463 0.0264583 0.0179418 -0.0176812 0.0155134 -0.00261438 0.0171371 0.00709877 -0.0338283 0.00469484
internal_weight=12619 6326 6293 3402 2924 4394 3064 1899 1636 2797 2132 665 605 1609 418 315 1263 1330 263 2137 1674 719 927 344 447 152 247 161 1245 212
internal_count=12619 6326 6293 3402 2924 4394 3064 1899 1636 2797 2132 665 605 1609 418 315 1263 1330 263 2137 1674 719 927 344 447 152 247 161 1245 212
is_linear=0
shrinkage=0.05


Tree=29
num_leaves=31
num_cat=0
split_feature=0 0 0 0 9 0 3 3 3 9 3 9 4 9 7 8 7 2 2 9 4 9 4 2 4 7 8 8 9 0
split_gain=1994.34 375.632 215.409 77.6999 63.9008 55.2139 47.5244 47.4966 58.0944 46.9614 41.2688 37.5333 24.6749 23.144 22.8478 23.7157 21.5287 20.7532 20.083 20.0706 19.9164 19.787 19.706 19.4458 19.3471 18.9701 20.638 21.3639 18.8688 17.9105
threshold=20.172826086956526 13.277173913043478 28.853260869565222 9.6923913043478276 2415.4062500000005 35.828260869565227 5.5000000000000009 5.5000000000000009 19.500000000000004 2085.0312499999995 16.500000000000004 1473.6000000000001 2.5000000000000004 2452.2687500000002 0.99274428880883148 0.90438663683299525 -0.92923668111203805 983.22826086956536 1005.075 1767.3562499999987 4.5000000000000009 2198.2937500000003 1.0000000180025095e-35 987.70326086956538 2.5000000000000004 0.99196248624718542 0.89693010073300883 0.76558174705471205 1235.6375 16.409782608695654
decision_type=2 2 2 2 2 2 2 2 2 2 2 2 2 2 2 2 2 2 2 2 2 2 2 2 2 2 2 2 2 2
left_child=1 3 7 -1 6 9 23 19 12 -4 14 -5 16 18 15 -8 -9 -11 20 -2 -14 -10 -6 -3 -16 26 27 -18 -25 -12
right_child=2 4 5 11 22 -7 10 8 21 17 29 -13 13 -15 24 -17 25 -19 -20 -21 -22 -23 -24 28 -26 -27 -28 -29 -30 -31
leaf_value=-0.0038373233255115657 0.007513004704944759 -0.0013825613564443563 0.01347056364380534 -0.0013293756945133824 -0.0012123475025974302 0.013935983078501643 -0.0021886964565139022 0.0057422259718550089 0.0063336195696864417 0.006199467970203096 -0.0013108540694657931 -0.0027498850358507326 0.0022400123174697363 -0.0013227306266632003 0.0023780307428396749 0.00013159495503956703 -0.00029016353021611848 0.0015644261008235405 0.0061751414943291699 0.0015868646501030065 0.00032530500736801111 0.0010077717169021353 -0.0030768520489000972 0.0037610980054961028 -0.0010625316494742424 0.0038074463812930396 0.0019445202832846483 -0.0033065903962328754 4.2962575341559672e-05 5.6973296259030252e-05
leaf_weight=1315 439 125 717 344 58 568 1236 91 473 76 435 1239 575 114 47 128 672 444 117 446 644 186 405 96 46 41 132 80 625 601
leaf_count=1315 439 125 717 344 58 568 1236 91 473 76 435 1239 575 114 47 128 672 444 117 446 644 186 405 96 46 41 132 80 625 601
internal_value=-0.00334372 -0.021937 0.0180794 -0.035495 -0.0115961 0.0324197 -0.00917665 0.0116181 0.00871721 0.026454 -0.0126504 -0.0279987 0.00518849 0.00937285 -0.0180727 -0.019707 -0.000786627 0.0149712 0.0112191 0.0218397 0.00930328 0.0218939 -0.0289871 0.00106257 0.00585106 -0.00307775 -0.00463277 -0.00783533 0.00422438 -0.00501446
internal_weight=12515 6700 5815 2898 3802 1805 3339 4010 3125 1237 2493 1583 2466 1450 1457 1364 1016 520 1336 885 1219 659 463 846 93 925 884 752 721 1036
internal_count=12515 6700 5815 2898 3802 1805 3339 4010 3125 1237 2493 1583 2466 1450 1457 1364 1016 520 1336 885 1219 659 463 846 93 925 884 752 721 1036
is_linear=0
shrinkage=0.05


Tree=30
num_leaves=31
num_cat=0
split_feature=2 9 8 9 6 1 7 7 7 9 1 1 9 2 6 6 2 6 1 3 9 6 6 2 7 6 1 2 4 9
split_gain=189.765 154.004 110.969 117.757 182.233 92.1413 68.4222 60.0446 56.4475 64.2673 53.6182 42.4835 60.6298 43.5237 41.1312 36.6703 34.8773 33.633 32.5606 31.0271 28.9972 53.3155 32.7574 27.9707 32.1633 34.2839 31.9454 27.9107 27.5482 26.4771
threshold=994.69021739130449 1430.3249999999994 0.94910885063987094 2332.0062499999999 -0.53495380374625956 78.18478260869567 0.89404822654372251 0.95566275305367776 -0.99629805505515945 1188.9624999999999 0.77173913043478282 99.967391304347842 2189.6187500000001 991.92717391304348 -0.82899557272681157 0.87709077819680659 998.12065217391307 -0.28519997588938989 60.195652173913054 17.500000000000004 2281.2312500000003 0.99138911339924218 0.67007489853957602 985.27065217391316 0.31596169403973995 -0.67168186667784702 95.793478260869577 1011.6282608695655 3.5000000000000004 2237.6062499999994
decision_type=2 2 2 2 2 2 2 2 2 2 2 2 2 2 2 2 2 2 2 2 2 2 2 2 2 2 2 2 2 2
left_child=2 10 3 4 8 7 20 -3 -1 18 -2 12 13 19 -12 -15 -8 -5 -10 -6 21 22 -7 28 25 26 -25 -9 -11 -24
right_child=1 5 -4 17 11 6 16 27 9 23 14 -13 -14 15 -16 -17 -18 -19 -20 -21 -22 -23 29 24 -26 -27 -28 -29 -30 -31
leaf_value=0.0048592639709292007 -0.0014445272141727626 -0.0022718416780374189 0.0033937598618604794 -0.0040478583035824271 0.0017518288569536578 0.00025530345513798683 -0.0010220048456934972 -0.00064862675596427319 0.0022133692784251438 -0.0035163654313344868 -0.00025129131469305845 0.0055382755466177993 -0.0018618410780143009 -0.00031898005488132378 0.0068846030306408575 0.01416620043322122 0.0069008220457758675 -0.0014574647781020245 -0.0012453113659925035 0.0057940865233378665 -0.0027402731601927828 0.011417978516838968 -0.0031476856015124795 0.0012458846883551277 -0.0022452134539764331 -0.003254190959672193 -0.0038096661649930866 0.0061688155458471507 0.0063041002054054981 0.00098989896207781836
leaf_weight=93 162 3013 731 88 1096 484 86 154 378 54 228 529 331 711 475 58 151 687 165 350 409 76 366 234 925 165 64 99 40 108
leaf_count=93 162 3013 731 88 1096 484 86 154 378 54 228 529 331 711 475 58 151 687 165 350 409 76 366 234 925 165 64 99 40 108
internal_value=-0.00354888 -0.01016 0.00218657 -6.70129e-05 0.00264729 -0.0135638 -0.00404521 -0.0184573 -0.00863615 -0.0103899 0.00929561 0.0104194 0.00773459 0.0107175 0.0152699 0.0011039 0.0207983 -0.0182345 0.00431985 0.0158258 -0.00813712 -0.0036715 -0.00688217 -0.0157788 -0.0175666 -0.00678879 0.00334448 0.00492126 0.0105263 -0.0162105
internal_weight=12510 5811 6699 5968 5193 4946 1680 3266 2118 2025 865 3075 2546 2215 703 769 237 775 543 1446 1443 1034 958 1482 1388 463 298 253 94 474
internal_count=12510 5811 6699 5968 5193 4946 1680 3266 2118 2025 865 3075 2546 2215 703 769 237 775 543 1446 1443 1034 958 1482 1388 463 298 253 94 474
is_linear=0
shrinkage=0.05


Tree=31
num_leaves=31
num_cat=0
split_feature=0 0 0 0 0 9 3 3 9 9 3 2 3 3 9 3 4 2 4 5 4 0 0 8 9 3 3 8 5 5
split_gain=1923.68 307.298 231.824 97.1282 66.5171 54.6022 48.8942 55.6768 43.5944 39.4572 34.1515 27.3878 25.9846 26.9865 25.5937 25.3348 26.2484 34.4353 24.9823 32.1672 22.8754 21.9812 21.098 20.8205 20.631 19.3843 23.2661 17.1085 16.9633 19.0235
threshold=17.655434782608701 27.314130434782616 10.589130434782611 22.244565217391308 36.315217391304351 2344.9812499999994 6.5000000000000009 19.500000000000004 2273.2437500000001 2281.2312500000003 5.5000000000000009 984.25108695652182 7.5000000000000009 16.500000000000004 1195.1375000000003 19.500000000000004 2.5000000000000004 994.07282608695675 2.5000000000000004 -0.82415615971448097 4.5000000000000009 7.9500000000000011 13.379347826086958 -0.59350570164704342 1775.8937499999986 6.5000000000000009 14.500000000000002 -0.38441749230002448 -0.98523971305672675 -0.52032787705993211
decision_type=2 2 2 2 2 2 2 2 2 2 2 2 2 2 2 2 2 2 2 2 2 2 2 2 2 2 2 2 2 2
left_child=2 3 14 9 8 6 28 22 18 12 24 -10 -2 -14 21 16 17 -12 19 -3 -18 -1 -8 -7 -5 -13 -27 -11 -4 -30
right_child=1 4 5 10 -6 23 7 -9 11 27 15 25 13 -15 -16 -17 20 -19 -20 -21 -22 -23 -24 -25 -26 26 -28 -29 29 -31
leaf_value=-0.0046205495430673583 0.0015784418847472005 -0.00084541128012929347 -0.0026430231095086244 0.0098114381437707354 0.014070240461141473 -0.003409566946636057 -0.002807740784906131 -0.00054862642021979437 0.0054580567440906669 -0.0022667373363540327 -0.00090745568418593029 0.0039827053235537424 -0.00064489912356417711 0.00090082962842316931 -0.003382691174164479 0.004629315787853883 0.0027162454686198881 0.0011090757036120058 0.0092541905366581769 0.0093054263015379512 0.00056575637862553982 -0.00023513884851913275 -0.0020440284496887244 -0.002737893708391097 0.0019145703567649414 -0.0012301972035898224 0.0016905394551818222 -0.00018407486624394677 0.00036351222645634247 -0.00098932742421667668
leaf_weight=40 666 69 42 265 518 285 491 561 87 287 360 107 739 613 1564 377 410 231 836 357 477 80 964 393 276 161 155 353 322 561
leaf_count=40 666 69 42 265 518 285 491 561 87 287 360 107 739 613 1564 377 410 231 836 357 477 80 964 393 276 161 155 353 322 561
internal_value=-0.00321395 0.013356 -0.0261595 0.00646884 0.0285465 -0.0190193 -0.0160605 -0.0204264 0.0239143 -0.000112824 0.0137672 0.011546 0.00331847 -0.000665188 -0.0414837 0.0105334 0.00757268 -0.000591216 0.0288994 0.0189696 0.0130068 -0.0190083 -0.0255838 -0.0318115 0.0248155 0.00625 0 -0.0109204 -0.00653348 -0.00503394
internal_weight=12647 7344 5303 5054 2290 3619 2941 2016 1772 2658 2396 510 2018 1352 1684 1855 1478 591 1262 426 887 120 1455 678 541 423 316 640 925 883
internal_count=12647 7344 5303 5054 2290 3619 2941 2016 1772 2658 2396 510 2018 1352 1684 1855 1478 591 1262 426 887 120 1455 678 541 423 316 640 925 883
is_linear=0
shrinkage=0.05


Tree=32
num_leaves=31
num_cat=0
split_feature=2 8 6 1 7 5 1 5 4 7 5 1 2 6 5 2 5 6 4 4 6 6 4 7 6 6 2 6 1 1
split_gain=153.201 101.957 88.5056 82.079 92.6992 65.476 66.7355 59.7393 56.1962 51.9776 47.0451 43.2033 41.2007 51.2993 64.4533 40.6036 38.4883 47.3648 32.0082 39.0439 30.7014 48.5028 36.751 30.2376 37.4274 29.1389 28.5226 27.5414 27.1752 27.1618
threshold=994.69021739130449 0.94910885063987094 -0.53495380374625956 46.804347826086961 0.89404822654372251 -0.35846811432664222 99.989130434782624 -0.63921128368950708 1.5000000000000002 -0.99629805505515945 -0.98214942551678475 17.945652173913047 1013.0108695652175 -0.20180761162458913 -0.84315017450793706 998.12065217391307 0.69056404122701587 0.063390085881955341 2.5000000000000004 4.5000000000000009 0.99748108949426018 0.99138911339924218 3.5000000000000004 0.72692958206603386 0.96407344085605606 -0.20180761162458913 991.97934782608706 0.99681593486783593 52.054347826086961 80.663043478260889
decision_type=2 2 2 2 2 2 2 2 2 2 2 2 2 2 2 2 2 2 2 2 2 2 2 2 2 2 2 2 2 2
left_child=1 2 9 8 10 7 11 26 -2 -1 18 -7 13 14 -10 -6 -13 -18 -5 -20 21 22 25 24 -24 29 -4 -15 -28 -12
right_child=3 -3 5 4 15 6 -8 -9 12 -11 20 16 -14 27 -16 -17 17 -19 19 -21 -22 -23 23 -25 -26 -27 28 -29 -30 -31
leaf_value=0.0041181248923439417 -0.0026067610645963569 0.00340486867672688 0.001589518783658303 -0.0027271983138609673 -0.00038056063908569198 -0.0033032617434635885 0.0040391848055663709 0.0098814357253021404 0.0099024902323381313 -0.001209643997410563 -0.0013082209759217034 -0.0015131548854386391 0.0069658263015577766 -0.0018796649546781799 -0.00085396110978533434 0.0052986197556218117 -0.00077746236700927402 0.0016996926661066725 0.012931242674693573 -0.00062318692227272409 -0.0043606439378883087 0.0055656640939242205 0.00092886618415160974 -0.001854596205440813 -0.0034507001468908776 -0.002339684177290257 -0.001608380372184616 0.0027152898664238759 0.0015292924344705696 0.0022330758925673765
leaf_weight=90 852 698 1032 54 137 117 343 341 118 2058 121 466 70 1341 550 239 609 503 107 63 59 110 580 157 47 1062 256 57 188 137
leaf_count=90 852 698 1032 54 137 117 343 341 118 2058 121 466 70 1341 550 239 609 503 107 63 59 110 580 157 47 1062 256 57 188 137
internal_value=-0.00335111 0.00181289 -0.000291472 -0.00925452 -0.00321851 0.00424015 -0.0019127 0.0111386 -0.0150552 -0.00842252 -0.00670536 -0.00598467 -0.010716 -0.0119981 -0.000597907 0.0198939 -0.00379987 0.00125786 0.0151111 0.025731 -0.00886104 -0.00790068 -0.0095962 -0.00101911 0.00390127 -0.0146858 0.00677048 -0.017441 -0.00382022 0.0003861
internal_weight=12562 6701 6003 5861 2873 3855 2038 1817 2988 2148 2497 1695 2136 2066 668 376 1578 1112 224 170 2273 2214 2104 784 627 1320 1476 1398 444 258
internal_count=12562 6701 6003 5861 2873 3855 2038 1817 2988 2148 2497 1695 2136 2066 668 376 1578 1112 224 170 2273 2214 2104 784 627 1320 1476 1398 444 258
is_linear=0
shrinkage=0.05


Tree=33
num_leaves=31
num_cat=0
split_feature=9 1 9 1 6 9 5 6 2 7 1 6 9 7 7 7 7 6 6 5 8 3 3 7 1 2 7 6 9 7
split_gain=160.959 100.712 93.0241 75.2218 56.1329 88.8795 54.3675 56.4786 47.4129 57.2586 45.6505 41.2409 40.8843 38.3538 34.5429 33.1704 44.8605 33.1551 36.1375 32.1332 32.1314 28.2317 33.3579 30.0084 27.9205 27.9031 34.7617 27.4763 34.5343 27.4081
threshold=2412.8937500000006 99.989130434782624 1363.83125 13.293478260869568 1.0000000180025095e-35 1767.3562499999987 -0.78326540922535159 -0.97874870457683594 994.75760869565227 0.52217737485370563 72.902173913043498 0.76556758748011045 2295.2187499999995 -0.51941337148263467 0.94135275643221272 -0.58482091572441486 0.63423707282422626 0.99138911339924218 0.98005052076767474 0.97314989601849466 -0.98212955754013376 20.500000000000004 4.5000000000000009 -0.99629805505515945 3.8586956521739135 984.45978260869572 0.99351232050787985 0.44312301391210612 2210.6687500000003 0.55120426863728689
decision_type=2 2 2 2 2 2 2 2 2 2 2 2 2 2 2 2 2 2 2 2 2 2 2 2 2 2 2 2 2 2
left_child=1 2 6 20 12 10 -1 24 9 -7 11 -6 13 21 -15 -2 29 18 19 27 -4 22 -5 -24 -8 -9 -27 -10 -29 -17
right_child=15 -3 3 4 5 8 7 25 17 -11 -12 -13 -14 14 -16 16 -18 -19 -20 -21 -22 -23 23 -25 -26 26 -28 28 -30 -31
leaf_value=0.0038409634816378882 -0.0032516507027886016 0.0032003880457101815 0.0038017598167696346 0.0017593960224942503 -0.00092622943343783628 0.0015695595496362513 -0.00057116596001590412 0.010092303648443655 -0.0019557882778227669 -0.00086383209700595658 0.0063596116557111176 0.005404258209929215 -0.0040907608281216881 -0.0016950101061106164 0.010169983252589682 -0.0013250847800160962 -0.0027395383889813087 0.0041586061680703723 -0.0029914392481343853 0.011255393852388346 -0.0016972460686100932 0.0031441931839476817 0.0040158278065762863 -0.0015416953204722154 0.0048690920631216583 -0.0019453286065539673 0.00074635671422441929 -0.0019269453916452976 9.1569539974528663e-05 0.0045072778075718233
leaf_weight=951 254 898 41 204 381 847 87 46 254 443 621 172 62 959 45 1082 326 101 69 45 1332 124 52 642 303 771 271 609 627 62
leaf_count=951 254 898 41 204 381 847 87 46 254 443 621 172 62 959 45 1082 326 101 69 45 1332 124 52 642 303 771 271 609 627 62
internal_value=-0.00325264 -0.00101752 -0.0024503 -0.00516315 -0.00283637 0.000515588 0.00606996 6.76133e-05 -0.00405541 0.00317583 0.0121702 0.0017148 -0.00952609 -0.00828811 -0.0152239 -0.0174493 -0.0145479 -0.00952521 -0.0112773 -0.00966797 -0.0157569 -0.00146628 -0.00456062 -0.00978417 0.0163683 -0.00578512 -0.00747843 -0.0109323 -0.00784155 -0.009869
internal_weight=12681 10957 10059 7630 6257 4169 2429 1478 2995 1290 1174 553 2088 2026 1004 1724 1470 1705 1604 1535 1373 1022 898 694 390 1088 1042 1490 1236 1144
internal_count=12681 10957 10059 7630 6257 4169 2429 1478 2995 1290 1174 553 2088 2026 1004 1724 1470 1705 1604 1535 1373 1022 898 694 390 1088 1042 1490 1236 1144
is_linear=0
shrinkage=0.05


Tree=34
num_leaves=31
num_cat=0
split_feature=9 1 8 6 4 2 9 6 7 7 1 7 2 2 6 8 7 1 2 1 7 2 9 3 7 1 9 1 7 6
split_gain=158.095 108.83 79.3823 78.0003 75.2361 64.7504 64.7287 110.544 51.8387 50.6294 46.3301 49.499 48.4185 45.6999 60.7578 44.6321 40.6002 40.2743 41.7146 37.4792 37.2515 34.5808 33.6839 32.613 32.3973 31.9213 30.5761 28.7079 28.7019 28.0351
threshold=2332.0062499999999 99.989130434782624 0.96407344085605606 0.9863035000474919 2.5000000000000004 1004.1815217391306 1323.7749999999985 -0.65883892954715351 0.99196248624718542 -0.55657263146136127 87.815217391304358 -0.52766560075116253 1010.0934782608696 992.64673913043487 -0.32613736746952143 -0.94703994556331683 -0.51941337148263467 68.521739130434796 988.38152173913056 14.836956521739131 0.27074174196563189 985.87500000000011 1696.7937499999996 3.5000000000000004 0.92273069556937592 87.358695652173921 1498.7499999999998 2.4456521739130439 0.13612025994847315 0.94636490295939868
decision_type=2 2 2 2 2 2 2 2 2 2 2 2 2 2 2 2 2 2 2 2 2 2 2 2 2 2 2 2 2 2
left_child=1 2 4 9 8 28 7 -6 13 -2 11 19 15 14 23 -13 -11 24 -19 -8 -15 26 25 -1 29 -22 -17 -4 -5 -18
right_child=3 -3 27 5 6 -7 10 -9 -10 16 -12 12 -14 20 -16 21 17 18 -20 -21 22 -23 -24 -25 -26 -27 -28 -29 -30 -31
leaf_value=0.0012022457005490192 -0.0030985735713158756 0.0039041779778946242 -0.0011785151233244002 0.003548933503611951 -0.00094517910318318995 -0.0038729749389808058 -0.0013953301622742444 0.0071948942055974465 0.0011068601208059276 0.0025673056969413022 0.0010872567096950226 0.00040690779589887054 0.0029355057790692337 -0.0021254072631980126 0.001403781996915976 0.0054732470193352813 -0.0028099403531394646 -0.0023622398604140216 -0.00026601114917554905 0.00089400567182402752 -0.001470722195773254 -0.0016462303950849592 0.00097289445282916921 -0.0018222161844320657 0.00066968904839454781 0.0067770133000041172 -0.0019603381792690196 0.0054459483357200411 -0.00026903758144746214 -0.0011133967083298806
leaf_weight=148 371 757 59 221 573 84 313 627 212 56 1049 260 123 1384 573 49 483 226 649 908 463 1036 319 725 62 48 57 394 187 224
leaf_count=148 371 757 59 221 573 84 313 627 212 56 1049 260 123 1384 573 49 483 226 649 908 463 1036 319 725 62 48 57 394 187 224
internal_value=-0.00355984 -0.000739234 -0.00222079 -0.0146451 -0.00326455 0.00324544 0.000790633 0.0109076 -0.00849471 -0.0188948 -0.00241043 -0.00582454 -0.0118283 -0.00988801 -0.00297167 -0.014469 -0.0152263 -0.0166565 -0.00930365 0.00167758 -0.0144018 -0.0187227 -0.00601685 -0.01127 -0.025 -0.0139648 0.00841121 0.0181718 0.0114914 -0.0280367
internal_weight=12640 10077 9320 2563 8867 492 4995 1200 3872 2071 3795 2746 1525 3660 1446 1402 1700 1644 875 1221 2214 1142 830 873 769 511 106 453 408 707
internal_count=12640 10077 9320 2563 8867 492 4995 1200 3872 2071 3795 2746 1525 3660 1446 1402 1700 1644 875 1221 2214 1142 830 873 769 511 106 453 408 707
is_linear=0
shrinkage=0.05


Tree=35
num_leaves=31
num_cat=0
split_feature=0 0 0 0 9 0 9 9 6 1 8 4 9 0 7 7 9 6 9 7 7 6 9 6 2 6 4 6 0 4
split_gain=1751.74 319.782 218.456 105.379 56.444 51.1267 42.7113 33.9162 59.6915 35.1508 33.2533 29.3492 27.957 27.3683 26.7184 26.1714 28.6475 45.9031 25.4559 24.3299 27.0721 22.1759 21.5661 20.8863 20.7023 20.7001 19.1203 19.0734 20.4348 18.5712
threshold=17.196739130434786 28.853260869565222 9.6923913043478276 22.061956521739134 2325.09375 38.059782608695663 2049.1374999999994 1787.3812500000001 -0.013976481981245173 26.206521739130437 -0.99628250747696534 2.5000000000000004 2332.0062499999999 14.981521739130438 0.99196248624718542 0.96851839807117801 1323.7749999999985 0.39629089145655322 1392.6250000000002 -0.92923668111203805 0.95239763423914636 0.04621408538533487 1721.70625 -0.68432604233786842 995.28804347826099 -0.52034141052533245 5.5000000000000009 0.44312301391210612 14.333695652173914 2.5000000000000004
decision_type=2 2 2 2 2 2 2 2 2 2 2 2 2 2 2 2 2 2 2 2 2 2 2 2 2 2 2 2 2 2
left_child=2 3 -1 10 13 6 -3 8 11 -9 -2 19 14 24 15 16 -12 -18 25 -5 -21 -8 -19 -20 -4 -13 -10 -6 -29 -24
right_child=1 5 4 7 27 -7 21 9 26 -11 12 18 -14 -15 -16 -17 17 22 23 20 -22 -23 29 -25 -26 -27 -28 28 -30 -31
leaf_value=-0.003220696641254725 -0.0041465855852223432 0.012036613636544373 -0.0014344078854032869 0.008093678131771467 -0.0029611476861815772 0.013603604288771654 -0.00024583130861514094 0.0021495393501195586 0.0075813230409417735 0.00028682458559017995 0.0023138884955450495 0.0032610323776801537 -0.00086402027612827179 -0.0010342269606901759 0.0039901265153413938 -0.0016776360462844476 -0.00074156414353551139 0.0043604290970475166 0.0025112939356720654 -0.0011671982111093437 0.0028234533756493819 0.0032449166667144649 -0.00042936685229540139 -0.0011604912373558069 -0.0018612527292315524 0.01047212944316352 0.0012308224424051523 -0.0026407890032923462 -0.0015923273464626591 0.0012991161591971987
leaf_weight=1349 66 812 1020 47 284 392 114 266 422 1060 439 220 505 998 121 113 971 150 191 325 59 489 206 108 880 164 68 325 217 218
leaf_count=1349 66 812 1020 47 284 392 114 266 422 1060 439 220 505 998 121 113 971 150 191 325 59 489 206 108 880 164 68 325 217 218
internal_value=-0.0035754 0.0117311 -0.026281 0.00593531 -0.0200268 0.0300608 0.0256003 0.0125554 0.0174455 0.0066315 -0.00102151 0.0110314 -0.000165198 -0.0167299 0.00225327 0.000929457 0.002267 -0.000937904 0.0174708 0.000810185 -0.00337662 0.0154801 0.0102609 0.0065 -0.0202525 0.025974 0.0319756 -0.0315599 -0.0259669 0.00447059
internal_weight=12599 7526 5073 5719 3724 1807 1415 2930 1604 1326 2789 1114 2723 2898 2218 2097 1984 1545 683 431 384 603 574 299 1900 384 490 826 542 424
internal_count=12599 7526 5073 5719 3724 1807 1415 2930 1604 1326 2789 1114 2723 2898 2218 2097 1984 1545 683 431 384 603 574 299 1900 384 490 826 542 424
is_linear=0
shrinkage=0.05


Tree=36
num_leaves=31
num_cat=0
split_feature=0 0 0 0 0 3 3 3 3 4 8 0 3 3 5 6 1 7 1 7 5 7 7 5 4 6 4 6 6 3
split_gain=1641.38 290.299 234.219 79.3616 67.8861 54.8747 95.7498 40.4577 46.7206 32.2632 28.3354 27.5711 27.4221 24.0491 22.1575 21.3457 24.9576 20.3006 20.0904 19.1586 18.0816 16.7891 16.7814 18.1356 15.8236 25.8684 16.9823 15.8109 18.8718 15.5231
threshold=17.45326086956522 27.772826086956524 9.8250000000000011 21.979347826086961 35.828260869565227 6.5000000000000009 18.500000000000004 6.5000000000000009 17.500000000000004 2.5000000000000004 -0.99628250747696534 12.694565217391306 3.5000000000000004 20.500000000000004 -0.41398024697495356 0.80798785254895478 13.293478260869568 0.99196248624718542 93.83695652173914 -0.40614512594453095 0.89787622492179153 0.98334239299093984 0.96851839807117801 0.86113431103781346 2.5000000000000004 0.21652257995689161 4.5000000000000009 -0.42958798411962301 0.92519182738459482 20.500000000000004
decision_type=2 2 2 2 2 2 2 2 2 2 2 2 2 2 2 2 2 2 2 2 2 2 2 2 2 2 2 2 2 2
left_child=2 3 -1 10 9 11 -7 18 24 15 -2 -4 -12 17 -11 16 -3 22 -5 -18 -8 -13 23 -14 25 -9 -26 29 -29 -10
right_child=1 4 5 7 -6 6 20 8 27 14 12 21 13 -15 -16 -17 19 -19 -20 -21 -22 -23 -24 -25 26 -27 -28 28 -30 -31
leaf_value=-0.0030473754444177948 -0.0038152929049304844 0.0040340351701505213 -0.0017009592702855799 0.0046428912814197518 0.011569393166355657 -0.0024923319387561943 -0.00043350448884530714 -0.001199858104569268 3.7026453485636271e-05 0.011201989822156323 0.0014697982161322066 -0.0005309221727204668 -8.0888047112670511e-05 0.001500982210019576 0.0037777886486513312 0.0088039914841598742 0.0011474213014633916 0.003505383549751362 0.0008897364693337545 -0.0017011124374081699 -0.001728020572520049 0.0032968025824539741 -0.0016094619776859137 -0.001248645545435992 0.0015775839387708408 0.00066371050989080392 2.2740873310871104e-05 0.0049018951103294781 0.0001689256998980565 0.0053241832447111547
leaf_weight=1360 65 58 398 530 582 1751 717 288 181 389 417 716 1312 346 653 131 135 79 180 180 137 58 92 315 336 226 406 370 71 106
leaf_count=1360 65 58 398 530 582 1751 717 288 181 389 417 716 1312 346 653 131 135 79 180 180 137 58 92 315 336 226 406 370 71 106
internal_value=-0.00279279 0.012203 -0.0245329 0.00595753 0.0278065 -0.0181181 -0.0221604 0.0119852 0.00831234 0.0223012 -0.000228397 -0.00912191 0.000604996 -0.00167832 0.027325 0.0118812 0.00574866 -0.00400222 0.0222222 0.000158228 -0.00842105 -0.0036129 -0.00514535 -0.00396192 0.00246619 -0.00427184 0.00713324 0.0183813 0.0243213 0.00920139
internal_weight=12585 7448 5137 5320 2128 3777 2605 2694 1984 1546 2626 1172 2561 2144 1042 504 373 1798 710 315 854 774 1719 1627 1256 514 742 728 441 287
internal_count=12585 7448 5137 5320 2128 3777 2605 2694 1984 1546 2626 1172 2561 2144 1042 504 373 1798 710 315 854 774 1719 1627 1256 514 742 728 441 287
is_linear=0
shrinkage=0.05


Tree=37
num_leaves=31
num_cat=0
split_feature=0 0 0 0 9 9 6 0 8 9 9 6 7 9 6 9 7 0 7 6 0 9 1 7 6 6 9 8 9 6
split_gain=1572.71 321.371 195.435 67.7154 52.8469 46.2698 50.2399 37.3308 33.6625 29.203 28.3032 28.2044 33.5065 27.8898 30.3807 27.8025 35.4264 25.2794 24.9988 23.7709 22.4329 22.3904 21.2151 20.058 25.6758 19.8652 19.6699 19.1077 24.0049 24.3243
threshold=20.009782608695655 12.694565217391306 31.854347826086961 8.7326086956521767 2281.2312500000003 2031.737499999999 -0.53495380374625956 37.38369565217392 -0.30982845708428081 1088.01875 2319.5625000000005 0.84658398682345093 -0.75015329512557194 2451.3499999999999 -0.065537083312030994 1476.8062500000001 0.34841060557183762 25.811956521739138 0.89404822654372251 0.42763731121559989 16.323913043478267 2410.7312500000003 1.2934782608695654 0.033323506451456063 0.9980355542543059 0.8511460603353429 1393.0562499999992 0.6952237066490784 1955.618749999999 -0.77788789561442695
decision_type=2 2 2 2 2 2 2 2 2 2 2 2 2 2 2 2 2 2 2 2 2 2 2 2 2 2 2 2 2 2
left_child=1 3 5 -1 9 6 8 21 -2 -3 -5 13 -13 14 -7 26 -17 18 22 -6 27 -4 -8 24 -14 -24 -10 28 29 -11
right_child=2 4 7 10 19 11 17 -9 15 20 -12 12 23 -15 -16 16 -18 -19 -20 -21 -22 -23 25 -25 -26 -27 -28 -29 -30 -31
leaf_value=-0.0031041933239942554 -0.0025904556321656239 0.0067730642360704311 0.009316144250423453 -0.0017680759583619033 -0.0025151375750161603 -0.0034604980132003252 -0.0015746020107784199 0.012391240453969716 0.0022733723819742132 -0.0028161674865030159 -0.0025190576637187049 0.0067222153809549327 0.00051818388553980248 0.0011761731196352184 -0.00018384252647725419 0.0013835318282372389 -0.0037114009743268398 0.0082901950140302078 0.0061905925079418752 -0.0014923140182682649 -0.00040671324981619714 0.00021691985747935295 0.0023921322853451849 0.0020039755599580906 -0.0030401988466468538 -0.0012570077849542089 0.0034685152117042654 -4.1315944682826512e-05 -0.0019272080382391019 -0.00077142621681428741
leaf_weight=1016 84 45 561 1283 394 115 41 441 726 157 372 58 229 213 619 253 149 630 183 598 1518 99 882 425 62 51 90 244 240 784
leaf_count=1016 84 45 561 1283 394 115 41 441 726 157 372 58 229 213 619 253 149 630 183 598 1518 99 882 425 62 51 90 244 240 784
internal_value=-0.00368543 -0.0203623 0.0150795 -0.0337762 -0.0113539 0.0107254 0.0143851 0.0340744 0.00690714 -0.00802944 -0.027506 0.00415215 0.0112258 -0.00163502 -0.0062585 0.00902379 -0.00173697 0.0198266 0.0154145 -0.0213494 -0.0086447 0.026475 0.0122051 0.00822873 -0.00188356 0.013758 0.0143207 -0.0131487 -0.0157783 -0.012155
internal_weight=12562 6651 5911 2671 3980 4810 3089 1101 1302 2988 1655 1721 774 947 734 1218 402 1787 1157 992 2943 660 974 716 291 933 816 1425 1181 941
internal_count=12562 6651 5911 2671 3980 4810 3089 1101 1302 2988 1655 1721 774 947 734 1218 402 1787 1157 992 2943 660 974 716 291 933 816 1425 1181 941
is_linear=0
shrinkage=0.05


Tree=38
num_leaves=31
num_cat=0
split_feature=0 0 0 0 0 9 9 3 3 8 3 3 9 3 7 9 2 3 2 0 3 3 2 5 3 7 1 8 0 8
split_gain=1497.47 291.284 194.62 72.2902 71.1347 49.265 47.0323 39.7092 39.4562 35.0818 28.9663 56.3251 28.2904 26.7861 24.5472 22.8226 23.5291 22.1406 20.0212 20.0157 17.4732 30.7518 24.298 19.3378 17.2842 16.1821 14.3173 14.2535 14.1522 22.3179
threshold=16.920652173913044 27.772826086956524 10.233695652173916 37.38369565217392 21.979347826086961 2049.1374999999994 2344.9812499999994 6.5000000000000009 19.500000000000004 -0.97113716369942038 6.5000000000000009 17.500000000000004 1554.0499999999997 4.5000000000000009 -0.97876850416056738 1787.3812500000001 990.44239130434801 20.500000000000004 983.22826086956536 8.0923913043478279 16.500000000000004 5.5000000000000009 990.04130434782621 -0.082689790342551819 5.5000000000000009 -0.20075075429075132 33.065217391304351 -0.074115882986646633 11.961956521739131 0.70747208174348741
decision_type=2 2 2 2 2 2 2 2 2 2 2 2 2 2 2 2 2 2 2 2 2 2 2 2 2 2 2 2 2 2
left_child=2 4 12 5 9 24 10 15 14 -2 -4 28 19 -11 -9 16 27 -15 -7 -1 21 22 -20 -23 -3 -8 -13 -6 -12 -30
right_child=1 3 6 -5 7 18 25 8 -10 13 11 26 -14 17 -16 -17 -18 -19 20 -21 -22 23 -24 -25 -26 -27 -28 -29 29 -31
leaf_value=-0.0027984203708710932 -0.0020597693762048909 0.013915756550281932 -0.00071452600964944937 0.011778246187388684 0.0074003265250079941 0.0043806259511738723 -0.0026054912347795562 0.005144637463451735 0.0042960860864007825 0.0010238053801083114 -0.0024054430557530109 -0.0013360200384474831 -0.0027958467434524253 -0.0003616331020288605 0.00021454189983687589 0.001323446858879568 0.0088823922751704951 0.0013779619293855753 -0.0006059127087074623 -0.0012624004035064523 0.0035485401357032045 0.0028540233240009374 0.0042349775229814706 -0.0011022786982924277 0.0084609806616797682 -0.002355790278020348 -8.7233349159338699e-05 -0.00036599859467468799 -0.0022393866251185258 -0.00032380279005860408
leaf_weight=157 232 161 893 434 58 93 232 75 429 546 234 273 1157 1777 1464 341 228 362 41 214 163 127 82 230 812 397 440 70 748 146
leaf_count=157 232 161 893 434 58 93 232 75 429 546 234 273 1157 1777 1464 341 228 362 41 214 163 127 82 230 812 397 440 70 748 146
internal_value=-0.00299596 0.0107106 -0.0246423 0.0263759 0.00469282 0.0217251 -0.0179102 0.0105964 0.00695785 -0.000702536 -0.015064 -0.0186482 -0.0394375 0.000912137 0.00321429 0.0208453 0.0296919 -0.00161215 0.0119403 -0.0272849 0.00877329 0.0039501 0.0254032 -0.00349162 0.0291068 -0.0302381 -0.00763305 0.0124031 -0.0255979 -0.0226816
internal_weight=12616 7725 4891 2143 5582 1709 3363 2665 1968 2917 2734 1841 1528 2685 1539 697 356 2139 736 371 643 480 123 357 973 629 713 128 1128 894
internal_count=12616 7725 4891 2143 5582 1709 3363 2665 1968 2917 2734 1841 1528 2685 1539 697 356 2139 736 371 643 480 123 357 973 629 713 128 1128 894
is_linear=0
shrinkage=0.05


Tree=39
num_leaves=31
num_cat=0
split_feature=9 1 9 1 7 3 3 1 7 9 7 9 1 4 2 6 7 5 2 2 7 2 2 4 5 6 6 9 6 9
split_gain=161.451 86.6014 79.678 59.3495 55.4155 46.7507 37.2804 36.9932 45.0841 31.9688 34.129 36.1559 33.1983 29.6211 27.6528 26.0751 31.7779 36.3883 25.3496 30.3978 24.7507 31.6674 25.8288 24.1274 22.7782 25.5893 23.6259 22.6473 24.1196 22.3299
threshold=2344.9812499999994 99.989130434782624 1374.9437499999997 21.423913043478265 -0.58482091572441486 16.500000000000004 7.5000000000000009 75.663043478260889 -0.51941337148263467 1083.09375 0.44313197806314492 1276.8937500000004 76.663043478260889 5.5000000000000009 984.25108695652182 0.5475998096715059 0.033323506451456063 0.039769539193789977 1004.6847826086959 995.20108695652186 0.94704596667653973 1011.6282608695655 1008.5358695652175 5.5000000000000009 0.96687895796550427 0.99024581825578073 0.04621408538533487 2049.1374999999994 -0.013976481981245173 1248.1125
decision_type=2 2 2 2 2 2 2 2 2 2 2 2 2 2 2 2 2 2 2 2 2 2 2 2 2 2 2 2 2 2
left_child=1 2 9 20 -2 6 18 8 -6 -1 12 14 29 -9 -12 -10 -17 -18 19 -5 22 -22 -4 27 25 -8 -26 28 -3 -11
right_child=4 23 3 5 7 -7 24 13 15 10 11 -13 -14 -15 -16 16 17 -19 -20 -21 21 -23 -24 -25 26 -27 -28 -29 -30 -31
leaf_value=0.0064524926793683521 -0.0024743087484358998 -0.00064422909155820033 -0.0011609692839525301 0.0006131871354040975 0.0010046170130180014 0.00068616935726691433 -0.0013731898313756987 -5.1200878747247051e-05 -0.0021414554894085254 0.0068529264000330428 0.010684531360400807 -0.0021295662013635724 0.0085479060470714848 -0.0028637586175492453 0.00027151819161897465 -0.0031149504981168477 0.0037576474460277289 -0.0015733608127935221 0.0033008584183858744 -0.0010032981189573575 -0.00072971243004627266 0.0074732035058228622 -0.0022038996474003816 -0.0011020246814586133 -0.00056695537498543112 0.0023433023144094262 0.0030844052589912409 0.0013230590980838953 0.0078214881348010364 0.00044857141015749243
leaf_weight=57 355 62 1572 914 72 1542 1764 742 418 146 69 117 92 144 1486 119 60 363 102 666 107 60 110 125 114 65 119 287 311 430
leaf_count=57 355 62 1572 914 72 1542 1764 742 418 146 69 117 92 144 1486 119 60 363 102 666 107 60 110 125 114 65 119 287 311 430
internal_value=-0.00366135 -0.0010031 -0.00231826 -0.00496777 -0.0157212 -0.00226972 -0.00528705 -0.0123502 -0.0187803 0.00556714 0.00465613 0.00083682 0.0142003 -0.0048478 0.0028599 -0.0216441 -0.0143646 -0.00790094 0.000237671 -0.00132827 -0.0126757 0.00565476 -0.0144979 0.0149491 -0.00979157 -0.0116667 0.00491453 0.0187595 0.0268717 0.00970537
internal_weight=12590 10317 9532 7135 2273 5286 3744 1918 1032 2397 2340 1672 668 886 1555 960 542 423 1682 1580 1849 167 1682 785 2062 1829 233 660 373 576
internal_count=12590 10317 9532 7135 2273 5286 3744 1918 1032 2397 2340 1672 668 886 1555 960 542 423 1682 1580 1849 167 1682 785 2062 1829 233 660 373 576
is_linear=0
shrinkage=0.05


Tree=40
num_leaves=31
num_cat=0
split_feature=0 0 0 0 3 0 3 3 9 3 9 9 2 0 8 3 9 9 2 9 2 7 0 2 9 3 9 3 3 0
split_gain=1342.91 249.016 224.869 80.9217 52.1831 46.7939 46.5371 86.8664 37.4346 35.531 30.3287 30.1182 28.44 28.3258 27.3892 24.6382 23.1568 21.8072 21.0217 16.8008 16.6103 16.0301 15.4698 15.3062 14.2422 14.7653 14.2099 14.161 19.7115 13.8948
threshold=17.196739130434786 29.57065217391305 9.8250000000000011 22.244565217391308 6.5000000000000009 37.38369565217392 6.5000000000000009 17.500000000000004 1955.618749999999 16.500000000000004 2262.5375000000004 1819.3812500000001 1004.5510869565219 12.694565217391306 -0.99628250747696534 4.5000000000000009 2415.4062500000005 1554.0499999999997 983.22826086956536 2281.2312500000003 1002.0826086956523 -0.16693488597178294 8.0923913043478279 990.65978260869576 2220.3562499999998 21.500000000000004 1276.8937500000004 5.5000000000000009 18.500000000000004 11.283695652173915
decision_type=2 2 2 2 2 2 2 2 2 2 2 2 2 2 2 2 2 2 2 2 2 2 2 2 2 2 2 2 2 2
left_child=2 3 17 14 11 8 13 16 -3 10 12 23 -6 20 -2 -16 29 22 -10 24 -4 -21 -1 -5 25 -17 -9 -20 -29 -8
right_child=1 5 6 4 9 -7 7 26 18 -11 -12 -13 -14 -15 15 19 -18 -19 27 21 -22 -23 -24 -25 -26 -27 -28 28 -30 -31
leaf_value=-0.0027101057532712366 -0.0034429523597704556 0.01172361288128923 -0.0012460600827561841 0.0042259861761028391 0.00040549601588972393 0.010627402125164109 -0.0022355091101281428 0.00038705040896966917 0.0049032473303822939 0.0025425124537475255 -0.00088314089213804847 0.0015242085714954404 0.0049584609503008862 -0.00024750308561604094 0.0012648731804287107 -0.00020600475247647965 -0.00303032818351813 -0.0026756775607597698 0.0031916504835656835 -0.0016576984818046732 -0.0022638761650320143 -0.00023351515478357843 -0.0012893073880602725 0.0097713204761875234 0.001560202351732315 0.0019482502501756095 -0.0008696328762618264 -0.00020008488649057022 0.0053328122635444564 -0.0018781667996212907
leaf_weight=149 76 594 359 156 932 410 200 151 86 951 293 386 105 718 570 1474 250 1044 87 182 74 319 178 237 92 189 760 295 64 1100
leaf_count=149 76 594 359 156 932 410 200 151 86 951 293 386 105 718 570 1474 250 1044 87 182 74 319 178 237 92 189 760 295 64 1100
internal_value=-0.00320862 0.0101614 -0.0233246 0.00553413 0.0112055 0.0281067 -0.0167728 -0.0206539 0.0228039 0.00738387 0.00210368 0.0223718 0.00611753 -0.00846354 -0.000447813 0.000353732 -0.027853 -0.0405612 0.0131332 -0.0019938 -0.0185484 -0.0100598 -0.0291159 0.0321066 0.000313212 -0.000751202 -0.00838816 0.00872483 0.00430556 -0.0251345
internal_weight=12481 7498 4983 5962 3060 1536 3612 2461 1126 2281 1330 779 1037 1151 2902 2826 1550 1371 532 2256 433 501 327 393 1755 1663 911 446 359 1300
internal_count=12481 7498 4983 5962 3060 1536 3612 2461 1126 2281 1330 779 1037 1151 2902 2826 1550 1371 532 2256 433 501 327 393 1755 1663 911 446 359 1300
is_linear=0
shrinkage=0.05


Tree=41
num_leaves=31
num_cat=0
split_feature=0 0 0 0 3 0 7 3 3 3 3 3 0 3 5 8 1 2 3 5 6 0 5 2 2 5 7 7 0 2
split_gain=1295.76 305.998 194.34 111.288 62.7924 37.3911 36.7394 37.843 36.4806 67.3356 29.295 23.4994 22.7897 21.4076 19.2466 18.9102 18.0656 17.7803 17.4724 17.3993 21.3226 17.082 16.766 16.0208 25.6915 16.7456 17.3896 19.1444 15.3974 14.6279
threshold=16.323913043478267 30.821739130434789 10.233695652173916 22.244565217391308 5.5000000000000009 38.059782608695663 -0.97876850416056738 20.500000000000004 6.5000000000000009 18.500000000000004 3.5000000000000004 17.500000000000004 7.9500000000000011 18.500000000000004 -0.42957681104363482 -0.99628250747696534 36.59782608695653 998.90326086956532 11.500000000000002 0.80417553764032002 0.029024409397335523 11.961956521739131 -0.39826117949089107 984.25108695652182 991.27717391304361 -0.082689790342551819 0.89404822654372251 0.96522610578843548 26.653260869565223 1005.8728260869567
decision_type=2 2 2 2 2 2 2 2 2 2 2 2 2 2 2 2 2 2 2 2 2 2 2 2 2 2 2 2 2 2
left_child=2 3 12 10 17 19 -6 23 14 29 -2 15 -1 -14 21 -12 -11 22 -17 -3 -21 -4 -5 -8 -25 -26 -27 -28 -24 -10
right_child=1 5 8 4 6 -7 7 -9 9 16 11 -13 13 -15 -16 18 -18 -19 -20 20 -22 -23 28 24 25 26 27 -29 -30 -31
leaf_value=-0.0027892761432836144 0.00095830913458843378 0.0073105355564949126 -0.0010903492618525683 0.0065951474981010838 0.0085399356759645658 0.010694075663697889 0.0034348636982655806 0.0041939361325913473 -0.0020398405663688279 -0.0012687405671951127 -0.0043459036568050833 0.00033148855137388189 -0.0021216654332254074 -0.001015842607569489 -0.001213561676717491 -0.0001660331966930731 3.5818286072218657e-05 0.005365591447064267 -0.0010809191998569529 -0.00059768443123265908 0.0054972421204848359 0.00035570292563545799 0.00053682783754591676 -0.00074588674065997342 0.0018096897312001093 -0.00025773965154370776 0.007316249468534472 3.3175608834359881e-05 0.0044474651127723091 -0.0024978789307696799
leaf_weight=687 560 705 110 220 129 387 161 345 1291 302 46 925 664 168 610 1002 353 158 846 103 111 280 235 626 659 556 60 81 115 132
leaf_count=687 560 705 110 220 129 387 161 345 1291 302 46 925 664 168 610 1002 353 158 846 103 111 280 235 626 659 556 60 81 115 132
internal_value=-0.00311609 0.00900261 -0.0242823 0.00469888 0.0111626 0.03114 0.00754393 0.00618722 -0.017051 -0.0208273 -0.00170118 -0.0037766 -0.0389145 -0.0332533 -0.00919081 -0.0069657 -0.00754573 0.0241427 -0.00616549 0.0255978 0.0130233 -0.000511509 0.019965 0.00370802 0.002471 0.00633751 0.000931232 0.0165493 0.0131054 -0.0269312
internal_weight=12627 8030 4597 6724 3345 1306 2617 2488 3078 2078 3379 2819 1519 832 1000 1894 655 728 1848 919 214 390 570 2143 1982 1356 697 141 350 1423
internal_count=12627 8030 4597 6724 3345 1306 2617 2488 3078 2078 3379 2819 1519 832 1000 1894 655 728 1848 919 214 390 570 2143 1982 1356 697 141 350 1423
is_linear=0
shrinkage=0.05


Tree=42
num_leaves=31
num_cat=0
split_feature=0 0 0 0 3 9 9 3 8 9 3 3 9 9 2 0 0 1 3 6 9 2 1 1 9 6 3 9 6 6
split_gain=1202.53 299.669 198.229 104.182 55.8794 48.7865 42.7095 39.4053 32.27 29.2584 27.1393 38.6266 26.7873 24.9532 21.3946 19.3146 18.7272 18.2215 18.1122 19.5101 20.8843 19.7844 18.3781 17.7893 17.5547 22.2935 18.0027 15.6529 15.3054 15.1448
threshold=16.323913043478267 30.821739130434789 9.9619565217391326 21.979347826086961 5.5000000000000009 2344.9812499999994 2262.5375000000004 18.500000000000004 -0.99628250747696534 1819.3812500000001 6.5000000000000009 17.500000000000004 1554.0499999999997 2332.0062499999999 995.93804347826097 7.9500000000000011 34.458695652173922 9.4239130434782634 3.5000000000000004 0.42763731121559989 1392.875 988.59782608695662 3.8586956521739135 87.358695652173921 2309.2937500000003 0.063390085881955341 14.500000000000002 1194.5375000000001 -0.61915584096709908 0.65071284653328287
decision_type=2 2 2 2 2 2 2 2 2 2 2 2 2 2 2 2 2 2 2 2 2 2 2 2 2 2 2 2 2 2
left_child=2 3 12 8 9 10 16 24 -2 28 -4 -12 15 18 -8 -1 -3 -13 -10 20 21 -20 -22 -23 25 26 -6 -17 -5 -21
right_child=1 6 5 4 7 -7 14 -9 13 -11 11 17 -14 -15 -16 27 -18 -19 19 29 22 23 -24 -25 -26 -27 -28 -29 -30 -31
leaf_value=-0.0022938181072080883 -0.0034904808036699988 0.0091910657625329014 -0.00051055931062046409 0.0050551539114165826 0.0011132828341708784 -0.0020540177509495924 0.0024484047311384483 0.0036515145044897003 0.0012834785447173758 0.0012574512965249072 -0.0016674065069736601 -0.0016065772429830413 -0.0023459076201766214 -0.00076079156030910838 -0.00036930286097661694 0.00060223351347846047 0.012680128260596796 -0.00026442161557636081 -0.0018357089520972371 0.0018979677265639678 -0.0025519946530459582 0.00031159307789042082 -0.00085564729787078193 0.0063964913944357773 -0.00038365779539260153 0.0015602299141615067 -0.0009461491131191297 -0.0012961237287552989 0.0085518434573733648 0.00010768966041558859
leaf_weight=142 83 421 834 150 560 613 259 727 423 356 1084 109 1092 598 101 43 497 534 111 171 56 479 782 49 414 624 401 153 239 475
leaf_count=142 83 421 834 150 560 613 259 727 423 356 1084 109 1092 598 101 43 497 534 111 171 56 479 782 49 414 624 401 153 239 475
internal_value=-0.00319529 0.00854958 -0.0235396 0.00431408 0.0103255 -0.0165669 0.0307271 0.00700403 -0.00215304 0.0224531 -0.0135246 -0.0171007 -0.0389937 -0.00133545 0.0160665 -0.0265487 0.0364527 -0.00737578 0.000824499 -0.00105932 -0.00422869 0.00257813 -0.00941597 0.00661626 0.003375 0.00576923 0.000987526 -0.0162437 0.0319231 0.00618238
internal_weight=12580 7976 4604 6698 3471 3174 1278 2726 3227 745 2561 1727 1430 3144 360 338 918 643 2546 2123 1477 639 838 528 1999 1585 961 196 389 646
internal_count=12580 7976 4604 6698 3471 3174 1278 2726 3227 745 2561 1727 1430 3144 360 338 918 643 2546 2123 1477 639 838 528 1999 1585 961 196 389 646
is_linear=0
shrinkage=0.05


Tree=43
num_leaves=31
num_cat=0
split_feature=0 0 0 0 3 4 2 0 8 8 3 3 4 0 7 5 0 8 8 8 5 1 2 3 1 3 2 3 8 7
split_gain=1128.13 244.675 190.177 84.9729 52.4899 38.6817 36.7241 30.939 28.8775 28.7747 28.3829 58.2124 27.1477 25.0079 23.2882 29.8824 22.1681 19.926 25.2501 28.2236 23.9015 19.1014 18.1259 17.2364 17.0302 16.6215 16.4081 16.2054 15.9668 18.9388
threshold=16.323913043478267 30.821739130434789 9.8250000000000011 20.009782608695655 5.5000000000000009 2.5000000000000004 1005.8728260869567 38.786956521739135 -0.96235810494626717 -0.90892157495189674 5.5000000000000009 17.500000000000004 4.5000000000000009 7.9500000000000011 0.033323506451456063 -0.082689790342551819 26.653260869565223 -0.59868927840444253 -0.10837475778693638 0.50371863418624774 -0.41398024697495356 36.59782608695653 1001.488043478261 21.500000000000004 68.521739130434796 18.500000000000004 987.70326086956538 8.5000000000000018 -0.67802903493420741 0.14889030080148793
decision_type=2 2 2 2 2 2 2 2 2 2 2 2 2 2 2 2 2 2 2 2 2 2 2 2 2 2 2 2 2 2
left_child=2 3 13 8 16 9 10 14 26 -6 -4 27 28 -1 15 -3 -5 -14 -19 -20 -21 -13 25 -11 -17 -15 -2 -12 29 -7
right_child=1 7 6 4 5 12 -8 -9 -10 23 11 21 17 22 -16 24 -18 18 19 20 -22 -23 -24 -25 -26 -27 -28 -29 -30 -31
leaf_value=-0.0025085437513720919 -0.0052951414593066974 0.006103341187460188 -0.00050076008870432107 0.0018386476048803475 -0.0013288301010188353 0.0012170564765954851 -0.0017751213617593479 0.0095671738558845421 -0.00018102209335220666 2.2362018059512992e-05 -0.0010530308956854064 -0.0010952868274226092 -0.00080002729926496603 -0.0018087611253722021 0.0068542609507555759 0.0025948217064094229 0.0063386546018978224 0.0044754470717449134 -0.0010007189030628361 0.0052181823482111735 0.00074738776234539457 4.7248452547425659e-05 -0.0018379098902365631 0.0036258268115688663 -0.0013325849728406947 -0.00039714634013009458 -0.001362864940499392 -0.0020251497556292284 0.0019445203699102521 0.0070001001847182307
leaf_weight=684 52 275 786 795 211 182 299 335 1840 1139 372 298 331 419 461 103 234 170 260 54 283 455 197 121 124 90 163 1009 733 138
leaf_count=684 52 275 786 795 211 182 299 335 1840 1139 372 298 331 419 461 103 234 170 260 54 283 455 197 121 124 90 163 1009 733 138
internal_value=-0.00280244 0.00854466 -0.0225054 0.00469659 0.00843723 0.00560309 -0.015823 0.0284065 -0.00376946 -0.00064538 -0.0141048 -0.017096 0.00987454 -0.0379583 0.0238071 0.0163022 0.0183981 0.00436761 0.00878906 0.00392977 0.0134615 -0.00590186 -0.0312588 0.00222046 0.00285088 -0.0261765 -0.0210648 -0.023191 0.0156072 0.0249221
internal_weight=12613 8004 4609 6706 4651 3622 3219 1298 2055 1471 2920 2134 2151 1390 963 502 1029 1098 767 597 337 753 706 1260 227 509 215 1381 1053 320
internal_count=12613 8004 4609 6706 4651 3622 3219 1298 2055 1471 2920 2134 2151 1390 963 502 1029 1098 767 597 337 753 706 1260 227 509 215 1381 1053 320
is_linear=0
shrinkage=0.05


Tree=44
num_leaves=31
num_cat=0
split_feature=0 0 0 0 9 9 9 6 9 7 4 0 9 7 2 0 0 5 9 8 9 7 5 2 2 5 6 5 5 2
split_gain=1105.93 220.073 215.016 71.5993 63.6546 61.4647 50.0466 49.8271 38.2934 31.8453 30.3273 25.2123 23.5865 22.6423 22.3082 21.7794 21.4708 20.7387 20.7023 19.9103 19.0059 18.2406 15.4766 20.4871 15.1401 15.0896 17.1312 14.5949 14.1033 16.3372
threshold=17.125000000000004 9.6923913043478276 30.821739130434789 20.790217391304349 2262.5375000000004 2344.9812499999994 1787.3812500000001 0.063390085881955341 1392.6250000000002 0.18281681932135149 2.5000000000000004 34.458695652173922 1340.018749999999 0.96851839807117801 988.38152173913056 7.9500000000000011 12.694565217391306 -0.74441730022405961 1820.6375000000003 -0.99628250747696534 1194.5375000000001 -0.48314718476766422 -0.33425342068356556 991.55760869565222 1003.1750000000001 0.49812943072827093 0.21652257995689161 -0.9905448150984083 -0.082689790342551819 993.85000000000002
decision_type=2 2 2 2 2 2 2 2 2 2 2 2 2 2 2 2 2 2 2 2 2 2 2 2 2 2 2 2 2 2
left_child=1 15 3 12 11 16 7 8 10 -10 17 18 14 22 -2 -1 -3 -5 -4 -14 -15 -20 -12 -24 -17 -8 -27 -18 -6 -30
right_child=2 5 4 6 28 -7 25 -9 9 -11 13 -13 19 20 -16 24 27 -19 21 -21 -22 -23 23 -25 -26 26 -28 -29 29 -31
leaf_value=-0.0024077913661063655 -0.0015708337546624597 -0.0012723876725346636 0.011173065008784747 -0.0021755124225382228 0.0027760249652173889 -0.0019215585289379486 0.00073268502331391293 0.0056442281985593316 0.0012783488898907487 -0.0015348076443065795 0.0080849257862525004 0.011108085331308783 -0.0031772346695321031 0.0050576405226149326 0.0018560062858478208 -0.0016953304235912449 -0.0022137749299920629 0.0016850684878447931 -0.0020804646479065437 -0.00045404517562154523 -0.0020365128463366217 0.0046736080777445843 -0.0022458349400210839 0.0053138543863813052 -0.0016623331292106869 0.00022872961969928191 -0.00088111245003832115 -0.00066516866406036719 0.001440880077407153 -0.00086077024652131406
leaf_weight=701 65 1052 298 112 74 689 1139 607 453 320 351 501 55 70 352 492 87 239 46 1615 46 77 50 46 156 508 301 1848 207 103
leaf_count=701 65 1052 298 112 74 689 1139 607 453 320 351 501 55 70 352 492 87 239 46 1615 46 77 50 46 156 508 301 1848 207 103
internal_value=-0.00344365 -0.0216574 0.00854505 0.00473144 0.0270084 -0.0153114 0.00846099 0.0134641 0.00903436 0.000839793 0.0159563 0.0341278 -0.00284962 0.0231383 0.00777512 -0.0389259 -0.0121988 0.00440341 0.025 -0.00550569 0.0034188 0.00766129 0.0282366 0.0103093 -0.0322034 0.00256542 -0.00265432 -0.00906508 0.00987013 0.00514469
internal_weight=12660 5025 7635 6329 1306 3676 4242 2294 1687 773 914 922 2087 563 417 1349 2987 351 421 1670 116 123 447 96 648 1948 809 1935 384 310
internal_count=12660 5025 7635 6329 1306 3676 4242 2294 1687 773 914 922 2087 563 417 1349 2987 351 421 1670 116 123 447 96 648 1948 809 1935 384 310
is_linear=0
shrinkage=0.05


Tree=45
num_leaves=31
num_cat=0
split_feature=0 0 0 0 9 9 9 6 8 5 1 9 0 0 0 8 6 6 9 5 6 2 2 6 6 8 4 8 5 6
split_gain=914.571 233.717 204.47 90.3755 40.7912 40.2417 38.5227 46.809 30.7807 28.608 31.5503 24.4984 23.8094 22.8021 22.1871 21.3923 21.6116 32.3634 19.9607 18.8573 19.4364 18.595 28.6539 25.9338 24.1183 19.2419 17.9664 26.0111 35.2778 24.8202
threshold=16.323913043478267 31.854347826086961 9.6923913043478276 22.501086956521743 2262.5375000000004 1955.618749999999 1819.3812500000001 -0.42958798411962301 -0.99628250747696534 0.22700754078277605 84.576086956521749 2319.7125000000001 11.414130434782612 35.410869565217396 7.6206521739130446 0.91160899963879305 -0.53495380374625956 -0.50557503990954278 1108.0999999999999 0.99818282439137029 0.77652048701313048 983.22826086956536 990.11630434782626 0.99932962452255414 0.99611390731392835 -0.91597566659893348 3.5000000000000004 0.5475998096715059 -0.15101209918632377 -0.68432604233786842
decision_type=2 2 2 2 2 2 2 2 2 2 2 2 2 2 2 2 2 2 2 2 2 2 2 2 2 2 2 2 2 2
left_child=2 3 14 8 13 18 7 26 -2 12 -11 15 -7 -3 -1 16 -10 -18 -4 20 -9 -8 -23 24 25 -24 27 29 -29 -5
right_child=1 4 5 6 -6 9 21 19 11 10 -12 -13 -14 -15 -16 -17 17 -19 -20 -21 -22 22 23 -25 -26 -27 -28 28 -30 -31
leaf_value=-0.0023571288686956176 -0.0030889517829849225 0.0081693787345317771 0.0030612167323237449 0.0053754953090424835 0.0011427751732027869 -0.0016965846241385912 0.0035095500133777049 0.0067044366855033462 -0.0007793483277414887 -0.0019038124441558238 -0.001018583134235326 -0.00069099861884496655 -0.00079409719311639951 0.011604276714607909 -0.0016049638807145829 0.0033141630684173336 0.0059090401505016519 9.1211364916567183e-05 -0.00079194534398903122 -0.00074381055303411332 0.0031867086052613765 -0.0013257320071801304 -0.00056286881159940824 0.0044464415398378339 -0.0023672435897843405 0.00095356430547144377 0.0024935657344235863 -0.0053282543418998645 0.0012263092186988818 -0.001005222888349236
leaf_weight=585 87 348 50 163 327 187 117 640 825 437 220 662 594 439 761 212 44 1738 1771 58 198 293 178 41 63 804 453 108 121 119
leaf_count=585 87 348 50 163 327 187 117 640 825 437 220 662 594 439 761 212 44 1738 1771 58 198 293 178 41 63 804 453 108 121 119
internal_value=-0.00326242 0.00691628 -0.0210269 0.00349458 0.0281614 -0.0142485 0.00938338 0.0141859 -0.00204539 -0.0205003 -0.0281915 -0.00130672 -0.0140026 0.0343274 -0.0374165 0.00072695 -0.000517638 0.00257992 -0.00930296 0.022408 0.0243147 0.00340681 0.00177536 0.00551978 0.0039675 0.00590031 0.0065285 9.76563e-05 -0.0123913 0.0102473
internal_weight=12643 8038 4605 6924 1114 3259 3356 1860 3568 1438 657 3481 781 787 1346 2819 2607 1782 1821 896 838 1496 1379 1086 1045 982 964 511 229 282
internal_count=12643 8038 4605 6924 1114 3259 3356 1860 3568 1438 657 3481 781 787 1346 2819 2607 1782 1821 896 838 1496 1379 1086 1045 982 964 511 229 282
is_linear=0
shrinkage=0.05


Tree=46
num_leaves=31
num_cat=0
split_feature=0 0 0 3 0 3 9 9 9 6 9 6 0 0 2 0 3 3 9 4 6 6 0 7 2 9 9 9 9 0
split_gain=925.54 209.774 207.878 61.1229 47.6383 46.6871 45.6142 37.9742 34.3296 28.2276 36.1061 28.0262 24.2474 23.2998 26.5078 22.6708 20.9828 38.027 19.8199 19.0914 25.7248 29.2968 18.8859 18.857 18.7202 18.0493 16.1448 15.6386 19.9698 15.3127
threshold=16.920652173913044 9.8250000000000011 29.57065217391305 5.5000000000000009 37.38369565217392 17.500000000000004 2344.9812499999994 2049.1374999999994 1194.5375000000001 -0.19337245081799007 1416.024999999999 -0.76696334127844745 7.4695652173913052 22.244565217391308 998.51630434782624 20.090217391304353 5.5000000000000009 17.500000000000004 1554.0499999999997 2.5000000000000004 0.98174098242282837 -0.64580103137750788 21.718478260869571 0.95938219844953276 987.63369565217397 2315.3750000000005 1235.6375 2386.5312500000005 2415.4062500000005 12.781521739130437
decision_type=2 2 2 2 2 2 2 2 2 2 2 2 2 2 2 2 2 2 2 2 2 2 2 2 2 2 2 2 2 2
left_child=1 12 3 8 7 15 16 9 -2 10 -4 -12 -1 24 -15 -5 26 29 -14 22 21 23 -7 -21 -10 -6 -3 -8 -29 -18
right_child=2 6 4 5 25 19 27 -9 13 -11 11 -13 18 14 -16 -17 17 -19 -20 20 -22 -23 -24 -25 -26 -27 -28 28 -30 -31
leaf_value=-0.0022998957179001115 0.0068310276959943021 0.0012172651928151563 0.013131244041384339 -0.00090845639324522445 0.012006273034821192 -0.00071372076007643619 -0.0025354253366516978 0.00078037215337053436 -0.0016994490114475404 0.009866390128523625 -0.0061373379958537203 0.0017984178397628726 -0.00092189556790228319 0.0016476162307153029 0.0049474678325481143 1.9948161997718208e-05 -0.0015320318994973812 -0.00040520550065833717 -0.0016262941456359496 0.00070984051487046624 -0.0012194195008202987 0.0030835453352831277 0.0014280013250390384 -0.0033144126942916937 0.00067700306716007581 0.0016845517081876427 -0.00052616226992183157 -0.00023889960049340022 -0.0018031825461018336 -0.0011313638009325569
leaf_weight=540 133 109 199 881 313 317 62 497 111 350 44 70 219 450 153 2237 473 746 620 188 57 654 348 45 569 129 677 90 491 833
leaf_count=540 133 109 199 881 313 317 62 497 111 350 44 70 219 450 153 2237 473 746 620 188 57 654 348 45 569 129 677 90 491 833
internal_value=-0.00281215 -0.0199136 0.00792022 0.00373535 0.0239551 0.00100465 -0.0133688 0.0186047 0.012844 0.0264307 0.0154459 -0.00695652 -0.036413 0.0103193 0.0174669 -0.00256492 -0.0106375 -0.0132976 -0.0310119 0.00791925 0.0124868 0.0145833 0.00142643 -0.000641026 0.00396476 0.0379233 -0.00368488 -0.0253882 -0.0227663 -0.0184392
internal_weight=12605 4860 7745 6143 1602 4727 3481 1160 1416 663 313 114 1379 1283 603 3118 2838 2052 839 1609 944 887 665 233 680 442 786 643 581 1306
internal_count=12605 4860 7745 6143 1602 4727 3481 1160 1416 663 313 114 1379 1283 603 3118 2838 2052 839 1609 944 887 665 233 680 442 786 643 581 1306
is_linear=0
shrinkage=0.05


Tree=47
num_leaves=31
num_cat=0
split_feature=0 0 0 0 9 9 6 0 9 5 0 5 2 1 1 6 8 6 7 2 5 9 9 0 5 5 7 8 7 6
split_gain=889.473 220.996 199.76 61.565 52.2278 49.1749 44.9558 31.4987 30.8665 27.7934 21.3354 21.0429 20.3214 19.682 19.4871 21.2617 21.3855 18.9202 23.9164 18.8318 18.3081 39.1267 18.1537 17.2661 17.2533 20.6901 16.812 16.4147 21.1528 15.6474
threshold=16.920652173913044 9.6923913043478276 31.854347826086961 20.707608695652176 1819.3812500000001 2344.9812499999994 -0.53495380374625956 38.786956521739135 2210.6687500000003 0.46800856592688472 7.4695652173913052 -0.814291907305839 994.91413043478269 3.4456521739130439 1.8586956521739133 0.84658398682345093 -0.99054309756674508 0.80290535434334509 -0.69057042736241547 990.73152173913047 -0.15101209918632377 1286.924999999999 2386.5312500000005 25.331521739130441 -0.98803845231459242 0.90162119223771331 -0.96235977360714686 0.1147873601445511 0.41203339881415796 0.99748108949426018
decision_type=2 2 2 2 2 2 2 2 2 2 2 2 2 2 2 2 2 2 2 2 2 2 2 2 2 2 2 2 2 2
left_child=1 10 3 24 6 -3 11 8 17 13 -1 -5 -12 -6 -8 16 -16 18 26 20 21 -13 -7 -18 -2 27 -4 -26 -29 -15
right_child=2 5 7 4 9 22 14 -9 -10 -11 12 19 -14 29 15 -17 23 -19 -20 -21 -22 -23 -24 -25 25 -27 -28 28 -30 -31
leaf_value=-0.002209313561408383 -0.0016760335733832475 -0.00082789325718551291 0.0059202631664948442 -0.0022368569714258492 0.0035970344354808049 -0.0024750740858445345 -0.00092292144949497341 0.0074651870132059596 0.00043553681382434433 -0.00041549570786278411 -0.0012489436870915254 0.0012706881126396355 -0.0015354080357835361 0.00081443377497951723 0.00068296111717360279 -0.00059759810295238194 0.0035230147904951993 0.0085790557981880074 0.0090959292130336992 0.0023017993734044061 0.0038255527318178553 -0.0033470681815628762 -0.0015506240378207828 0.0081454009165689688 0.0004878549139704633 -0.0014043022644650183 -0.0042981651366235498 0.00040155724079950499 -0.0011319946275625077 -0.001260442814921009
leaf_weight=542 124 2926 42 68 42 71 63 330 247 785 316 232 486 951 149 82 627 111 315 513 206 147 602 436 802 317 47 476 426 123
leaf_count=542 124 2926 42 68 42 71 63 330 247 785 316 232 486 951 149 82 627 111 315 513 206 147 602 436 802 317 47 476 426 123
internal_value=-0.00319714 -0.019731 0.00747194 0.00417808 0.00754802 -0.0132639 0.0122623 0.0272644 0.0216252 0.00128812 -0.037026 0.0050557 -0.0317559 0.00635631 0.0184462 0.0197683 0.0214345 0.0285853 0.0234568 0.00673339 0.00059727 -0.00592105 -0.0254451 0.0239192 -0.0027726 -0.00165678 0.000555556 0.000527859 -0.00409745 0.00502326
internal_weight=12604 4943 7661 6569 4424 3599 2523 1092 762 1901 1344 1166 802 1116 1357 1294 1212 515 404 1098 585 379 673 1063 2145 2021 89 1704 902 1074
internal_count=12604 4943 7661 6569 4424 3599 2523 1092 762 1901 1344 1166 802 1116 1357 1294 1212 515 404 1098 585 379 673 1063 2145 2021 89 1704 902 1074
is_linear=0
shrinkage=0.05


Tree=48
num_leaves=31
num_cat=0
split_feature=0 0 0 9 3 3 9 0 6 7 3 0 2 0 2 0 3 0 6 9 4 6 3 3 9 6 9 7 6 2
split_gain=808.453 189.172 184.45 58.7312 57.8881 59.0031 56.8183 37.5995 27.1888 32.0284 26.9649 26.8816 26.875 24.796 23.7504 23.0714 20.4947 19.5333 19.1902 41.5664 18.8122 26.4502 18.0971 17.8872 17.3679 16.7132 15.4687 15.4047 14.81 14.6211
threshold=16.409782608695654 9.5717391304347839 29.181521739130439 2049.1374999999994 6.5000000000000009 17.500000000000004 1948.143749999999 35.410869565217396 0.83730377313544024 -0.51297808981038739 6.5000000000000009 20.009782608695655 993.51630434782624 24.81630434782609 990.58804347826094 7.4695652173913052 6.5000000000000009 38.786956521739135 -0.19337245081799007 1416.024999999999 2.5000000000000004 0.98174098242282837 21.500000000000004 16.500000000000004 1767.3562499999987 -0.80926783187727869 1108.0999999999999 0.97650828179861848 0.04621408538533487 989.82500000000016
decision_type=2 2 2 2 2 2 2 2 2 2 2 2 2 2 2 2 2 2 2 2 2 2 2 2 2 2 2 2 2 2
left_child=1 15 4 7 13 11 26 10 16 -10 -4 -6 23 14 -2 -1 -8 28 19 -12 22 27 -7 -11 -16 -21 -3 -22 -5 -19
right_child=2 6 3 17 5 20 8 -9 9 12 18 -13 -14 -15 24 -17 -18 29 -20 25 21 -23 -24 -25 -26 -27 -28 -29 -30 -31
leaf_value=-0.0020835456059615817 -0.00034948597652574576 0.0020976832132268866 0.014646562939266009 -0.00088365377174420834 -0.0011538400421974072 -0.00054021499469972256 -0.0010058437420051214 0.012979936123975667 0.00030673375999863976 -0.001168770285002703 0.00886949943991403 -0.00016494661856204519 -0.0015809754407628647 0.0037653434814304224 0.0028700418254519939 -0.0013138313108384371 -0.0016994475114351004 0.00090694461347756716 0.006922522855451735 -0.0061621920362682553 0.0020888229441617169 -0.0015865742943620366 0.0015596371436010338 0.0015336072878851222 0.00042370004702469436 0.00018790412976085746 -0.0006715918371524174 -0.00074491654020865383 0.0012257430992938245 0.0063198514430871829
leaf_weight=566 401 54 118 103 878 480 256 302 170 119 165 2032 326 409 416 756 577 94 245 40 839 59 203 41 451 46 1833 65 468 80
leaf_count=566 401 54 118 103 878 480 256 302 170 119 165 2032 326 409 416 756 577 94 245 40 839 59 203 41 451 46 1833 65 468 80
internal_value=-0.00360518 -0.0200255 0.00616846 0.0209687 0.00222169 -0.000702216 -0.01374 0.0294438 -0.0210403 -0.0133942 0.0222764 -0.00498111 -0.0199179 0.0101609 0.00669819 -0.0360544 -0.0270384 0.0105228 0.0171026 0.00734127 0.00686096 0.0113589 0.000511696 -0.00310559 0.0113479 -0.0206897 -0.0079714 0.0134807 0.00603147 0.0251429
internal_weight=12592 4698 7894 1661 6233 4556 3376 916 1489 656 614 2910 486 1677 1268 1322 833 745 496 251 1646 963 683 160 867 86 1887 904 571 174
internal_count=12592 4698 7894 1661 6233 4556 3376 916 1489 656 614 2910 486 1677 1268 1322 833 745 496 251 1646 963 683 160 867 86 1887 904 571 174
is_linear=0
shrinkage=0.05


Tree=49
num_leaves=31
num_cat=0
split_feature=0 0 0 9 0 0 9 3 3 6 3 5 3 3 9 9 0 5 5 3 3 5 5 9 6 3 3 9 5 3
split_gain=717.008 205.208 143.305 55.6006 66.6827 46.2738 41.3919 33.9454 46.6361 28.0777 27.9595 24.656 24.4314 48.8921 25.454 23.6812 22.478 22.0361 27.3414 21.4815 35.851 18.141 21.8883 17.2038 24.5029 20.1069 16.9987 16.9796 29.9423 21.8375
threshold=15.061956521739132 26.050000000000004 9.5717391304347839 2262.5375000000004 35.410869565217396 20.255434782608699 2295.2187499999995 19.500000000000004 6.5000000000000009 -0.40613878790836594 4.5000000000000009 -0.082689790342551819 7.5000000000000009 18.500000000000004 2344.9812499999994 1599.9437499999997 7.4695652173913052 1.0000000180025095e-35 0.056951373111866731 19.500000000000004 5.5000000000000009 -0.98803845231459242 -0.52032787705993211 1787.3812500000001 1.0000000180025095e-35 16.500000000000004 18.500000000000004 1276.8937500000004 -0.15101209918632377 9.5000000000000018
decision_type=2 2 2 2 2 2 2 2 2 2 2 2 2 2 2 2 2 2 2 2 2 2 2 2 2 2 2 2 2 2
left_child=2 5 16 4 7 12 19 8 -3 -10 15 -5 21 14 -14 -7 -1 -13 -19 20 -4 -2 -23 24 27 -26 -18 -12 29 -29
right_child=1 3 6 11 -6 10 -8 -9 9 -11 23 17 13 -15 -16 -17 26 18 -20 -21 -22 22 -24 -25 25 -27 -28 28 -30 -31
leaf_value=-0.0019532749720992388 -0.002003366293818283 0.0071608148267640927 -0.00035274424580166168 0.0023226330111334073 0.0088658422022361415 0.0044185490522721613 -0.001467432686223516 0.0092622103965089905 -0.00050522988362787795 0.0035010895265472049 0.0018520399889066287 -0.001771703516448181 -0.00099450832871589854 0.00028003185231169212 -0.0019747812835285579 0.00046536759020739257 -0.0014332610652460832 0.0031942409123779051 -2.3177304048854763e-05 9.672795783097211e-06 -0.0013145349290196813 0.0015407423982377309 -0.00025376151265518596 -0.00022742279141447775 0.00076808844341033633 0.0064006120256702662 -0.00052094395266120215 0.0015889527899051181 0.001176024002960391 -0.00202349527898113
leaf_weight=536 50 304 581 145 430 202 625 207 404 636 431 89 1107 681 231 356 597 65 459 370 990 293 634 1051 225 167 136 44 281 279
leaf_count=536 50 304 581 145 430 202 625 207 404 636 431 89 1107 681 231 356 597 65 459 370 990 293 634 1051 225 167 136 44 281 279
internal_value=-0.00322837 0.00465686 -0.0212591 0.0160036 0.0204087 -0.000497265 -0.0144527 0.0155606 0.0126394 0.00758886 0.00385249 0.00447958 -0.0049049 -0.00804455 -0.0135922 0.0139535 -0.035 8.14332e-05 0.004 -0.0108393 -0.0133906 0.00158487 0.00317888 0.00157322 0.00514706 0.0157761 -0.0292234 0.00111004 -0.00429752 -0.0146605
internal_weight=12606 8771 3835 2739 1981 6032 2566 1551 1344 1040 3036 758 2996 2019 1338 558 1269 613 524 1941 1571 977 927 2478 1427 392 733 1035 604 323
internal_count=12606 8771 3835 2739 1981 6032 2566 1551 1344 1040 3036 758 2996 2019 1338 558 1269 613 524 1941 1571 977 927 2478 1427 392 733 1035 604 323
is_linear=0
shrinkage=0.05


Tree=50
num_leaves=31
num_cat=0
split_feature=0 0 0 0 3 3 2 3 3 7 4 0 0 5 5 4 2 1 5 0 5 2 3 8 7 1 5 4 2 2
split_gain=706.129 173.653 165.321 51.5673 37.8179 44.176 29.6741 28.8017 53.6423 27.5448 24.7095 24.5036 23.8132 22.8152 19.5458 25.0314 18.0521 17.7083 17.4918 17.4613 17.1266 16.5419 16.0124 14.988 14.2244 13.568 13.437 17.2696 17.1316 25.7434
threshold=16.248913043478264 9.5717391304347839 31.854347826086961 21.461956521739136 4.5000000000000009 20.500000000000004 997.34021739130446 18.500000000000004 7.5000000000000009 -0.97876850416056738 2.5000000000000004 38.786956521739135 7.4695652173913052 -0.99866806308218525 0.3261394409934788 1.5000000000000002 987.63369565217397 34.315217391304351 -0.97509794945709805 11.533695652173915 -0.47558551945199218 1005.5467391304348 17.500000000000004 -0.95244002147885598 0.80033572242307993 85.467391304347842 0.73865729060996166 4.5000000000000009 991.07717391304357 994.75760869565227
decision_type=2 2 2 2 2 2 2 2 2 2 2 2 2 2 2 2 2 2 2 2 2 2 2 2 2 2 2 2 2 2
left_child=1 12 3 13 6 9 20 8 14 -6 18 26 -1 -2 19 -16 23 -9 -11 -3 25 -10 -14 -15 -22 -5 27 -4 -29 -30
right_child=2 7 11 4 5 -7 -8 17 21 10 -12 -13 22 16 15 -17 -18 -19 -20 -21 24 -23 -24 -25 -26 -27 -28 28 29 -31
leaf_value=-0.0018853142694783215 -0.0040018411418574189 -0.0010011053989162626 0.0050059926814782279 0.0064839401519784373 0.0049004666084480957 0.0038035426353612667 0.0042122529935674337 -0.00075501051923712874 -0.001409367703519282 -0.0034447129931103773 0.00058502907766078561 0.006283574723741814 -0.0013480405639582631 -0.0034857379323140732 -0.0016068387173708112 -0.00062998887835803577 7.7721615657395937e-06 0.00024285357070689823 -0.000436153654350388 0.00029139450655064902 0.0014710788344170806 -0.0017443214471003388 -0.00050814926851927989 -0.00077212268815414487 -0.0013272887737697345 -0.00093202916881337953 0.00051788884183839867 -0.0021016491270371669 0.0099831796302874143 -0.00052817647708436333
leaf_weight=544 40 204 401 140 138 456 197 319 1187 57 1636 335 598 56 142 319 2562 401 955 515 274 150 153 345 64 40 199 46 48 43
leaf_count=544 40 204 401 140 138 456 197 319 1187 57 1636 335 598 56 142 319 2562 401 955 515 274 150 153 345 64 40 199 46 48 43
internal_value=-0.00312774 -0.0189058 0.00577617 0.00295934 0.00670793 0.0044095 0.0171089 -0.0127085 -0.0152303 0.00204521 0.000906002 0.0240447 -0.034375 -0.00198069 -0.00745131 -0.0154762 -0.00146761 -0.0038835 -0.00523198 -0.00229167 0.01079 -0.0220852 -0.0285239 -0.0113184 0.00412979 0.0232044 0.0189024 0.0230056 0.0076087 0.0201087
internal_weight=12564 4532 8032 6960 3957 3242 715 3237 2517 2786 2648 1072 1295 3003 1180 461 2963 720 1012 719 518 1337 751 401 338 180 737 538 137 91
internal_count=12564 4532 8032 6960 3957 3242 715 3237 2517 2786 2648 1072 1295 3003 1180 461 2963 720 1012 719 518 1337 751 401 338 180 737 538 137 91
is_linear=0
shrinkage=0.05


Tree=51
num_leaves=31
num_cat=0
split_feature=9 1 9 6 6 7 1 6 6 4 9 6 1 5 3 4 7 9 4 6 6 6 1 9 9 8 3 7 7 8
split_gain=126.785 59.5999 59.5292 51.817 51.6854 42.7261 35.0195 47.5206 31.0095 33.3422 42.0514 27.6311 26.8125 25.1153 23.9033 23.718 23.988 23.1146 50.3818 29.0791 21.6734 29.5326 21.054 19.9253 23.8842 37.1104 27.8992 29.9587 23.2948 23.0959
threshold=2273.2437500000001 84.09782608695653 1188.9624999999999 -0.30164489695395946 -0.54940789553007929 -0.99763297024448894 4.7500000000000009 -0.98801846520836312 0.9863035000474919 4.5000000000000009 2498.3687500000001 0.99988440732898443 74.010869565217405 0.98667101781630195 16.500000000000004 2.5000000000000004 0.97650828179861848 1640.625 5.5000000000000009 -0.32613736746952143 0.95436825032516992 0.93158198870884079 20.206521739130437 2237.6062499999994 1820.6375000000003 0.41203268437863022 11.500000000000002 -0.98803388382128665 0.31596169403973995 -0.22072160979833103
decision_type=2 2 2 2 2 2 2 2 2 2 2 2 2 2 2 2 2 2 2 2 2 2 2 2 2 2 2 2 2 2
left_child=1 2 -1 -2 -3 -6 -4 -8 12 11 -11 22 14 15 -5 -9 23 18 19 -7 21 -19 -10 24 25 26 27 -17 -27 -29
right_child=3 4 6 8 5 17 7 13 9 10 -12 -13 -14 -15 -16 16 -18 20 -20 -21 -22 -23 -24 -25 -26 28 -28 29 -30 -31
leaf_value=0.0015155523652458037 -0.002059057244543997 -0.0014344924874512166 -0.00099625599325692759 -0.0013277208354532334 -0.0024853728322446491 -0.0013368854837645439 0.0035440068932029059 -0.00066614891911783716 0.0029474066662173366 0.00071557872793888704 -0.0031926242564469785 -0.0018064360395940297 -0.00061558993979893978 0.00084097783023779358 -0.00053414740585101263 -0.0012143062894416482 -0.0013976868188874574 0.00090353971978641631 -0.0019323289323763745 0.0048892255412535642 0.0048043493610253063 -0.0029773718430226529 0.00055412503198143392 0.0046741954206967282 -0.00054654563983780877 0.00043075663485394325 4.9972860031065328e-05 0.0014312216027985826 -0.0011768571721921632 0.0075812069293564599
leaf_weight=823 100 383 717 939 52 86 217 1989 83 93 80 58 1238 144 399 51 178 1632 90 529 119 67 271 55 801 217 485 305 303 111
leaf_count=823 100 383 717 939 52 86 217 1989 83 93 80 58 1238 144 399 51 178 1632 90 529 119 67 271 55 801 217 485 305 303 111
internal_value=-0.00277822 0.000181721 -0.00253244 -0.0112661 0.00604934 0.0085986 -0.00438644 -0.00286185 -0.010136 0.000255973 -0.0181034 0.00799031 -0.0124951 -0.00393319 -0.017401 -0.00459297 -0.0013562 0.00952853 0.0172096 0.0223214 0.00654206 0.00508824 0.0132394 0 -0.000725594 0.00305499 0.0089192 0.0176282 -0.00767754 0.0220624
internal_weight=12615 9354 6396 3261 2958 2575 5573 4856 3161 585 173 412 2576 4639 1338 4495 2506 2523 705 615 1818 1699 354 2328 2273 1472 952 467 520 416
internal_count=12615 9354 6396 3261 2958 2575 5573 4856 3161 585 173 412 2576 4639 1338 4495 2506 2523 705 615 1818 1699 354 2328 2273 1472 952 467 520 416
is_linear=0
shrinkage=0.05


Tree=52
num_leaves=31
num_cat=0
split_feature=0 0 0 0 9 9 9 3 3 5 6 6 3 9 9 6 1 5 5 9 0 0 2 3 3 1 8 8 5 3
split_gain=721.363 171.593 171.199 54.5443 50.1447 41.6081 33.9815 43.8601 30.993 30.208 30.1456 26.5237 24.4833 24.2007 23.1474 22.8499 20.7181 21.7926 19.2068 26.2986 18.919 18.103 18.0304 20.9092 23.1623 22.0739 21.8053 22.5441 20.7744 18.4117
threshold=16.072826086956528 30.821739130434789 9.5717391304347839 21.979347826086961 2049.1374999999994 2344.9812499999994 1819.3812500000001 4.5000000000000009 21.500000000000004 -0.99866806308218525 -0.19337245081799007 -0.12545862287572049 7.5000000000000009 1476.8062500000001 2344.9812499999994 -0.90531874877253482 94.402173913043498 0.49812943072827093 0.57077594689671507 1430.3249999999994 38.786956521739135 7.4695652173913052 994.98586956521751 4.5000000000000009 20.500000000000004 97.532608695652186 0.53313582347195043 -0.3744658827978154 -0.61913973745509387 8.5000000000000018
decision_type=2 2 2 2 2 2 2 2 2 2 2 2 2 2 2 2 2 2 2 2 2 2 2 2 2 2 2 2 2 2
left_child=2 3 15 9 10 22 7 -5 11 -2 13 18 -11 -3 -14 -1 17 -8 19 -9 -6 -17 23 25 26 -4 27 -25 -29 -28
right_child=1 4 5 6 20 -7 16 8 -10 12 -12 -13 14 -15 -16 21 -18 -19 -20 -21 -22 -23 -24 24 -26 -27 29 28 -30 -31
leaf_value=-0.00040480919298136326 -0.003343102252432738 0.012274096423608195 0.00082642765063396665 0.0060061397462852746 0.00052013222585284844 -0.0013338486759307128 0.001296387152416101 0.00048579181254436725 0.0076676060141401964 0.00043052219987981536 0.010813584340952337 0.003081231824297326 -0.00015394202020374838 -0.00073813969501357324 -0.0010716033219669659 -0.0017599001820112195 -0.00083783393788138818 -0.00031954021064994897 0.0044919896729021134 -0.0016763572156362873 0.0029045970164292669 -0.0012194624590109637 -0.00078989262523136228 -0.00085118205840230905 0.00064348458205294311 -0.002494546376996136 -0.0012696831314108884 -0.00094608181432946083 -0.0022519027497984998 0.00040213010783556188
leaf_weight=102 48 180 265 326 416 599 675 628 140 1060 429 543 1853 86 399 510 411 419 112 223 183 681 1220 282 201 42 58 127 194 163
leaf_count=102 48 180 265 326 416 599 675 628 140 1060 429 543 1853 86 399 510 411 419 112 223 183 681 1220 282 201 42 58 127 194 163
internal_value=-0.0029938 0.00585957 -0.0191901 0.00269816 0.0225483 -0.0128966 0.00708741 0.011404 0.00807529 -0.00184469 0.031681 0.00597213 -0.00126773 0.0183521 -0.0042166 -0.0345054 0.00142762 0.00502283 0.000985477 -0.00158451 0.0119167 -0.0364513 -0.0101058 -0.00607652 -0.00950292 0.00535714 -0.0132121 -0.0181291 -0.0271739 0.000225225
internal_weight=12575 8131 4444 6837 1294 3151 3477 1972 1646 3360 695 1506 3312 266 2252 1293 1505 1094 963 851 599 1191 2552 1332 1025 307 824 603 321 221
internal_count=12575 8131 4444 6837 1294 3151 3477 1972 1646 3360 695 1506 3312 266 2252 1293 1505 1094 963 851 599 1191 2552 1332 1025 307 824 603 321 221
is_linear=0
shrinkage=0.05


Tree=53
num_leaves=31
num_cat=0
split_feature=0 0 0 9 6 9 5 9 3 3 9 0 9 3 5 5 3 3 6 5 4 9 7 3 3 3 3 3 9 0
split_gain=606.186 185.412 129.163 61.3762 42.4462 39.883 32.4483 30.9144 29.5324 37.1962 28.2411 28.1066 25.9635 25.2043 23.0938 22.4762 22.4085 21.2143 19.9393 32.36 24.7238 28.7271 27.8275 19.3174 29.7296 18.3254 23.4173 17.6069 17.57 17.5186
threshold=17.655434782608701 9.9619565217391326 28.690217391304351 2049.1374999999994 -0.19337245081799007 2344.9812499999994 -0.082689790342551819 1416.024999999999 4.5000000000000009 20.500000000000004 1151.5312499999998 7.4695652173913052 2386.5312500000005 14.500000000000002 0.58481550752069722 -0.99630266176052629 19.500000000000004 18.500000000000004 0.51849435583340198 0.77244481603295057 2.5000000000000004 1188.9624999999999 0.31596169403973995 4.5000000000000009 20.500000000000004 15.500000000000002 9.5000000000000018 7.5000000000000009 1767.3562499999987 34.458695652173922
decision_type=2 2 2 2 2 2 2 2 2 2 2 2 2 2 2 2 2 2 2 2 2 2 2 2 2 2 2 2 2 2
left_child=1 11 8 4 7 15 13 -4 10 18 -2 -1 -7 -5 -9 -3 -13 27 20 25 -10 -22 -23 -17 -25 26 28 -14 -20 -6
right_child=2 5 3 6 29 12 -8 14 9 -11 -12 16 17 -15 -16 23 -18 -19 19 -21 21 22 -24 24 -26 -27 -28 -29 -30 -31
leaf_value=-0.0016041709169130752 0.0077869887128082411 -0.002042410087705534 0.010560123535180894 0.0013210697627127567 0.0062508281223240258 -0.0020335868380176366 2.2215151283219716e-05 -0.0057497174097180196 -0.00098277140441107593 0.0018329860552387806 0.00099694172615879552 -0.0011885277823611305 -0.00073229647691563688 0.005470317484865578 0.0013891138893718958 1.5422089098857116e-05 -0.00026750639765725644 -9.9216811816890682e-05 0.0044779801344606365 0.0042701315708952806 0.0039202539702787864 0.00026943709753876057 -0.0011448568403248309 -0.00084746590618368098 0.00026464261336638654 0.0010719394885751632 -0.0011006908875528854 -0.0018407597469417701 1.5544380595351739e-05 0.010739178859537424
leaf_weight=541 80 64 280 197 335 78 548 62 1093 685 987 755 198 95 95 705 138 139 88 89 205 770 438 1933 439 358 401 280 252 235
leaf_count=541 80 64 280 197 335 78 548 62 1093 685 987 755 198 95 95 705 138 139 88 89 205 770 438 1933 439 358 401 280 252 235
internal_value=-0.00303645 -0.0159552 0.0062997 0.0177219 0.0260417 -0.0102163 0.00772889 0.0142694 0.00242335 0.000605023 0.00987828 -0.0312892 -0.0210489 0.0211604 -0.00348101 -0.00781349 -0.025783 -0.0175566 -0.00138024 0.0039529 -0.00390905 0.000459689 -0.00248139 -0.00719623 -0.00935525 0.00159091 -0.00289757 -0.022547 0.00674487 0.0350263
internal_weight=12563 5270 7293 1847 1007 3836 840 437 5446 4379 1067 1434 695 292 157 3141 893 617 3694 1188 2506 1413 1208 3077 2372 1099 741 478 340 570
internal_count=12563 5270 7293 1847 1007 3836 840 437 5446 4379 1067 1434 695 292 157 3141 893 617 3694 1188 2506 1413 1208 3077 2372 1099 741 478 340 570
is_linear=0
shrinkage=0.05


Tree=54
num_leaves=31
num_cat=0
split_feature=0 0 0 3 3 0 0 0 2 3 3 3 3 4 6 6 4 8 1 8 3 7 8 8 0 6 2 7 8 6
split_gain=599.422 171.27 117.918 42.7548 48.2016 35.785 31.5895 30.1719 29.373 27.2551 42.4882 25.9313 35.9928 22.2708 23.2369 26.5153 23.2422 24.1288 23.0193 22.2105 20.5542 18.1788 16.8331 29.8135 16.7444 16.2718 15.2973 16.2852 14.7879 18.5009
threshold=15.061956521739132 28.382608695652177 9.5717391304347839 7.5000000000000009 16.500000000000004 35.410869565217396 20.172826086956526 7.4695652173913052 1010.7641304347827 6.5000000000000009 19.500000000000004 18.500000000000004 4.5000000000000009 2.5000000000000004 0.98174098242282837 -0.53495380374625956 5.5000000000000009 -0.59868927840444253 8.9673913043478279 0.97263757644091875 16.500000000000004 0.96231527631374336 0.36447543099728863 -0.81429049538372056 24.81630434782609 -0.93237865822738086 990.31413043478267 -0.94139628442229062 0.57605713708605399 -0.082691941062253513
decision_type=2 2 2 2 2 2 2 2 2 2 2 2 2 2 2 2 2 2 2 2 2 2 2 2 2 2 2 2 2 2
left_child=2 3 7 8 6 11 -5 -1 22 -4 25 12 -3 19 15 18 -17 -18 -15 28 -9 -7 23 -2 26 -11 27 -25 29 -6
right_child=1 5 9 4 13 21 -8 20 -10 10 -12 -13 -14 14 -16 16 17 -19 -20 -21 -22 -23 -24 24 -26 -27 -28 -29 -30 -31
leaf_value=-0.0015937309368888486 -0.00015116684716684551 0.0051401038511752596 -0.00042454314070423802 -0.0011994075858985217 -0.00083373119479673722 0.0051245232825197114 -0.00017238393696673848 -0.0012031545239538741 0.0048515198596694488 0.00018299257279110888 -0.00026495503145135268 0.0064533861558568719 0.00084036739753913514 -0.002176618656692747 -0.0019553973912785744 0.0020420619385426893 -0.0017579531859088977 0.0018172431380099469 0.00065089068820650274 0.0026759529775173931 -0.00033558167776658981 -0.00010937820263148269 -1.5106232636824535e-05 -0.0033903963958400122 0.0060845814353558854 -0.001358254976855644 0.0015218935603004873 0.0016258967044819551 -0.0025243440080206254 0.0010233501892902709
leaf_weight=545 508 205 859 1036 338 595 1503 583 48 74 469 219 886 91 68 612 87 119 264 66 174 53 715 45 157 1171 523 123 173 338
leaf_count=545 508 205 859 1036 338 595 1503 583 48 74 469 219 886 91 68 612 87 119 264 66 174 53 715 45 157 1171 523 123 173 338
internal_value=-0.00275538 0.00447965 -0.0191305 0.000733676 -0.00192717 0.0175089 -0.00659449 -0.0313891 0.00662736 -0.0129176 -0.0165598 0.0127384 0.0095696 0.00356977 0.00793076 0.00958262 0.0145299 0 -0.00182584 -0.00234716 -0.0248681 0.0271186 0.00571911 0.00899042 0.0147232 -0.0213884 0.0113439 -0.00177515 -0.00452941 -0.00118168
internal_weight=12647 8772 3875 6814 4695 1958 2539 1302 2119 2573 1714 1310 1091 2156 1241 1173 818 206 355 915 757 648 2071 1356 848 1245 691 168 849 676
internal_count=12647 8772 3875 6814 4695 1958 2539 1302 2119 2573 1714 1310 1091 2156 1241 1173 818 206 355 915 757 648 2071 1356 848 1245 691 168 849 676
is_linear=0
shrinkage=0.05


Tree=55
num_leaves=31
num_cat=0
split_feature=0 0 0 9 0 9 3 0 1 8 9 9 7 3 1 3 3 3 5 4 4 1 1 7 5 7 5 7 7 9
split_gain=535.38 143.653 140.142 63.5476 45.5729 44.7208 34.259 30.8071 26.5 24.6846 23.6523 44.0193 23.0208 22.3661 21.5201 21.5111 21.1804 20.9906 20.6868 17.8056 21.7338 19.7966 18.3552 17.6801 34.2618 16.9891 18.3993 19.6005 20.4998 17.4285
threshold=15.061956521739132 29.57065217391305 8.2293478260869595 2085.0312499999995 20.255434782608699 2325.09375 4.5000000000000009 35.410869565217396 76.228260869565233 -0.99628250747696534 2273.2437500000001 2237.6062499999994 -0.79384350655589164 4.5000000000000009 12.663043478260873 18.500000000000004 17.500000000000004 20.500000000000004 -0.47558551945199218 2.5000000000000004 5.5000000000000009 99.206521739130451 99.945652173913061 -0.55657263146136127 -0.082689790342551819 -0.92923668111203805 0.12545942051955489 0.95239763423914636 -0.65234524191686594 1476.8062500000001
decision_type=2 2 2 2 2 2 2 2 2 2 2 2 2 2 2 2 2 2 2 2 2 2 2 2 2 2 2 2 2 2
left_child=2 4 -1 7 9 12 18 13 -7 -2 11 17 -4 -3 -12 -15 -10 19 -6 25 21 -21 -22 -5 -25 -8 27 28 -27 -30
right_child=1 3 5 23 6 8 10 -9 16 -11 14 -13 -14 15 -16 -17 -18 -19 -20 20 22 -23 -24 24 -26 26 -28 -29 29 -31
leaf_value=-0.001410205765156375 -0.0031186030622157249 0.013791651920024461 -0.0012250206001646628 -0.00379037554574187 0.0040382230063461923 -0.001304466724580021 0.0031924437798648204 0.0099951428702648396 -0.0011611254243423818 -0.000261119487978459 0.0019398686734978647 0.005085351504068642 -0.00042512702378616035 0.0031838396672888127 -0.00057015419508346101 0.011445826288265971 0.0011315098184225701 0.003477620608859905 0.00069581906387676258 0.0006851777632080003 -0.00010099344840471259 0.0045034116827829818 -0.0047240482439516538 0.0036522744008316843 5.9030320852188069e-05 0.00050475507877768562 0.00023108867372991228 0.0010685820200592056 -0.00150647719705464 -0.003470353250503694
leaf_weight=798 68 73 521 55 289 459 110 311 189 2898 96 65 1820 399 678 91 50 385 504 881 295 110 50 203 447 44 309 65 240 137
leaf_count=798 68 73 521 55 289 459 110 311 189 2898 96 65 1820 399 678 91 50 385 504 881 295 110 50 203 447 44 309 65 240 137
internal_value=-0.00282414 0.00396979 -0.018408 0.0176266 0.000982699 -0.0135033 0.00429678 0.0266286 -0.0246066 -0.00377486 0.00214945 0.00436478 -0.0101836 0.0195922 -0.00554839 0.0156823 -0.0110417 0.00334983 0.013665 0.0014942 0.00516081 0.00892137 -0.00563584 0.00644476 0.00875576 -0.00391832 -0.00646985 -0.0125257 -0.0164692 -0.0202381
internal_weight=12640 8803 3837 1579 7224 3039 4258 874 698 2966 3465 2691 2341 563 774 490 239 2626 793 2241 1336 991 345 705 650 905 795 486 421 377
internal_count=12640 8803 3837 1579 7224 3039 4258 874 698 2966 3465 2691 2341 563 774 490 239 2626 793 2241 1336 991 345 705 650 905 795 486 421 377
is_linear=0
shrinkage=0.05


Tree=56
num_leaves=31
num_cat=0
split_feature=0 0 0 9 0 0 9 9 0 3 2 9 2 3 7 3 6 9 6 6 7 2 7 3 3 1 7 6 3 6
split_gain=527.286 145.842 111.853 58.6213 46.5175 43.5836 31.5513 28.3225 28.1896 25.8463 30.2264 25.5169 22.251 21.3814 30.4357 26.2816 21.6376 20.7279 22.3353 30.6923 23.9288 20.1105 19.8563 19.4058 21.8745 19.0676 17.6155 32.322 33.1052 21.775
threshold=15.061956521739132 28.520652173913046 9.5717391304347839 2049.1374999999994 34.973913043478269 20.009782608695655 2344.9812499999994 1276.8937500000004 6.4500000000000011 7.5000000000000009 1007.3532608695654 2430.3499999999999 988.09021739130446 14.500000000000002 -0.159513159777915 5.5000000000000009 0.67644692717078936 1340.018749999999 0.42763731121559989 0.69521084835931835 0.69056404122701587 990.18369565217415 -0.82415234898030387 5.5000000000000009 18.500000000000004 29.728260869565222 -0.49813403728436417 -0.074115882986646633 15.500000000000002 -0.98801846520836312
decision_type=2 2 2 2 2 2 2 2 2 2 2 2 2 2 2 2 2 2 2 2 2 2 2 2 2 2 2 2 2 2
left_child=2 5 8 4 23 12 22 -7 -1 10 -9 -10 -2 15 -15 21 -16 25 20 -20 -19 -5 -4 -3 -25 -14 -11 29 -29 -28
right_child=1 3 6 13 -6 7 -8 9 11 26 -12 -13 17 14 16 -17 -18 18 19 -21 -22 -23 -24 24 -26 -27 27 28 -30 -31
leaf_value=-0.0016350867547682592 -0.001264973145461404 0.011375944956959505 -0.0012730326720641048 -2.9361244247066988e-05 0.0094953857267515932 0.0024141650667301898 -0.0011894851764185867 0.00071137306910219473 -0.0008778839078647867 0.00045392511770406263 0.0033994419379920512 -0.0014471997272764202 -8.7305594833997358e-05 0.0040933967605282342 -0.0020928911571085618 -0.0004839290773843097 0.0014300162009087737 -0.00059480359483188099 0.00079457149596600253 -0.00055210097383444074 -0.0018615720898052378 0.0029704539556338035 -0.00039600414560896638 0.0022734094817129791 0.010873534973852673 0.0018112321993691534 0.0020526208785199619 -0.00060915798694020093 0.00170379496321455 -0.0017433319799870562
leaf_weight=312 463 106 417 88 343 700 505 909 856 841 76 142 255 135 53 389 103 812 354 569 166 88 1651 472 113 205 43 503 524 457
leaf_count=312 463 106 417 88 343 700 505 909 856 841 76 142 255 135 53 389 103 812 354 569 166 88 1651 472 113 205 43 503 524 457
internal_value=-0.00275077 0.00404311 -0.018087 0.0163406 0.0243478 0.00066153 -0.0120241 0.00398372 -0.0299771 0.00207215 0.00887424 -0.0258258 -0.00410619 0.00665111 0.017637 0.000971731 0.00254777 -0.00213802 -0.00444269 0.00113636 -0.00970378 0.0169492 -0.00927985 0.0168353 0.0132253 0.00737527 -0.000759814 -0.00395942 0.00111868 -0.0143713
internal_weight=12650 8767 3883 1890 1034 6877 2573 4053 1310 3353 985 998 2824 856 291 565 156 2361 1901 923 978 176 2068 691 585 460 2368 1527 1027 500
internal_count=12650 8767 3883 1890 1034 6877 2573 4053 1310 3353 985 998 2824 856 291 565 156 2361 1901 923 978 176 2068 691 585 460 2368 1527 1027 500
is_linear=0
shrinkage=0.05


Tree=57
num_leaves=31
num_cat=0
split_feature=0 0 0 9 3 3 9 9 9 6 9 9 0 3 6 2 7 3 3 7 2 9 2 6 9 7 7 9 7 2
split_gain=468.024 130.213 126.156 60.1589 46.2805 42.3919 41.6707 30.8883 29.5318 24.614 29.5447 24.1052 26.1526 23.247 22.8367 22.0424 27.8769 21.6947 26.0668 21.1333 20.2115 19.1687 18.9665 18.3857 32.2558 51.3425 40.3354 25.6825 18.1767 18.0572
threshold=15.061956521739132 31.854347826086961 9.3163043478260885 2049.1374999999994 4.5000000000000009 17.500000000000004 2344.9812499999994 2339.9187499999994 1476.8062500000001 0.33222858587828868 1967.6624999999997 2430.3499999999999 6.4500000000000011 13.500000000000002 -0.17646730165275518 1009.3434782608697 -0.43733782138609528 8.5000000000000018 14.500000000000002 -0.14250758662009075 1003.4771739130437 1476.8062500000001 986.28586956521747 -0.091258822863740666 1358.8687499999996 -0.51941337148263467 0.98519415784776321 2085.0312499999995 -0.98803388382128665 994.21413043478276
decision_type=2 2 2 2 2 2 2 2 2 2 2 2 2 2 2 2 2 2 2 2 2 2 2 2 2 2 2 2 2 2
left_child=2 4 11 14 8 7 28 9 -2 10 13 12 -1 22 21 16 -10 -11 -19 -9 -20 -3 -6 24 26 -26 -7 -25 -4 -15
right_child=1 3 6 -5 5 23 -8 19 15 17 -12 -13 -14 29 -16 -17 -18 18 20 -21 -22 -23 -24 27 25 -27 -28 -29 -30 -31
leaf_value=-0.0013910977152672675 0.0039411862939141701 0.01006384038410434 -0.0013729673357509319 0.00056243228812345454 0.0031651163567792853 0.0042084642182279308 -0.00127884088418396 -0.0018506904886486878 0.001889368280891375 0.001439532972841616 -0.0018483196241323469 -0.0016275290577910677 -0.00090146924320578387 -0.0017726257601934693 0.0087601028598596874 0.0041715757087708279 -0.00019874213542494802 -0.00063805494430289877 0.0023013451615378848 -0.00049461851448054373 -0.001236528314366306 -0.0027242376087625365 -6.6351985601621763e-05 0.0034013006893020004 0.0010092313646169666 -0.0023100791060281264 -0.002312028586962292 0.00042414185495557731 -0.00051903892800446167 0.00029897274217257632
leaf_weight=250 337 158 131 509 136 332 501 258 426 359 229 186 731 522 369 40 657 567 220 437 64 63 1174 423 251 264 67 670 1975 211
leaf_count=250 337 158 131 509 136 332 501 258 426 359 229 186 731 522 369 40 657 567 220 437 64 63 1174 423 251 264 67 670 1975 211
internal_value=-0.00266416 0.00368824 -0.0173775 0.0197727 0.00137345 -0.000517381 -0.0112538 -0.00338679 0.00937714 -0.00146425 -0.00453146 -0.031036 -0.0278513 -0.00261742 0.0306261 0.00547153 0.00410517 0.00429397 -5.86854e-05 -0.0130029 0.0122807 0.0177928 0.001373 0.00545319 0.000218579 -0.00804264 0.010875 0.00982633 -0.00816327 -0.00974114
internal_weight=12517 8743 3774 1099 7644 6184 2607 4177 1460 3482 2272 1167 981 2043 590 1123 1083 1210 851 695 284 221 1310 2007 914 515 399 1093 2106 733
internal_count=12517 8743 3774 1099 7644 6184 2607 4177 1460 3482 2272 1167 981 2043 590 1123 1083 1210 851 695 284 221 1310 2007 914 515 399 1093 2106 733
is_linear=0
shrinkage=0.05


Tree=58
num_leaves=31
num_cat=0
split_feature=0 0 0 9 0 0 3 3 9 6 9 0 6 3 3 4 4 9 6 9 8 4 6 4 6 9 3 3 3 9
split_gain=449.914 173.916 55.982 55.0623 48.1723 40.647 36.7044 33.4834 25.031 24.4335 24.1156 23.5633 22.8867 24.4296 19.5418 19.4701 29.1653 26.3015 24.7863 25.8365 18.952 18.7352 30.3233 24.8627 18.2199 21.2276 20.3538 17.5164 27.8775 16.1052
threshold=12.078260869565218 26.511956521739133 8.2293478260869595 1820.6375000000003 18.013043478260872 38.059782608695663 17.500000000000004 4.5000000000000009 2344.9812499999994 0.81304046271159414 2386.5312500000005 38.786956521739135 0.3484035575467645 5.5000000000000009 14.500000000000002 2.5000000000000004 5.5000000000000009 1194.6625000000001 -0.53495380374625956 1226.8687499999999 0.19969739736768838 2.5000000000000004 -0.12545862287572049 5.5000000000000009 -0.56369940867848845 1374.9437499999997 6.5000000000000009 16.500000000000004 8.5000000000000018 2452.2687500000002
decision_type=2 2 2 2 2 2 2 2 2 2 2 2 2 2 2 2 2 2 2 2 2 2 2 2 2 2 2 2 2 2
left_child=2 4 -1 5 8 7 12 -3 24 29 -10 14 13 -4 -11 -6 18 -18 -17 -20 21 22 -9 -23 -2 -26 -27 28 -12 -5
right_child=1 3 6 9 15 -7 -8 20 10 11 27 -13 -14 -15 -16 16 17 -19 19 -21 -22 23 -24 -25 25 26 -28 -29 -30 -31
leaf_value=-0.0012072796036993725 -0.00082812462707068451 0.01021862037893191 -0.00020926044472800167 -0.00022347709988862485 -0.00018248218643563825 0.0087487737355995913 -0.0001623770627608559 -0.003272705569338541 -0.002019954487062704 0.00032402936942149967 -0.0001470840987342556 0.0041740261985020516 -0.0010235847025995947 -0.0011788755516025332 0.0028413416822572037 -0.00010330021914353726 0.0040801293137579997 -0.00079680374424364599 0.0084956403228692631 0.0010668271513391782 0.0018828445363241715 0.0077733851234890912 0.0062839897516101363 -0.00022555816012858888 0.00092958027671923851 0.00047189066186188527 -0.00054700915693409462 4.1929746153510083e-05 -0.0020341672148863643 0.0019345337254588646
leaf_weight=775 755 151 284 634 1970 146 387 64 58 314 162 102 569 294 197 532 56 593 93 1300 384 298 74 64 205 494 1128 177 193 81
leaf_count=775 755 151 284 634 1970 146 387 64 58 314 162 102 569 294 197 532 56 593 93 1300 384 298 74 64 205 494 1128 177 193 81
internal_value=-0.00216992 0.00233229 -0.0220996 0.0137649 -0.00138655 0.0216159 -0.0165472 0.0180985 -0.00611409 0.00677201 -0.0153976 0.0140879 -0.0210366 -0.0139896 0.00966797 0.00191419 0.0047767 -0.00438462 0.00786604 0.0113702 0.0143503 0.0207585 0.00503597 0.0267218 -0.00398761 -0.00128556 -0.00320394 -0.0120075 -0.0183989 0.000488827
internal_weight=12534 10225 2309 2509 7716 1181 1534 1035 3172 1328 590 613 1147 578 511 4544 2574 649 1925 1393 884 500 138 362 2582 1827 1622 532 355 715
internal_count=12534 10225 2309 2509 7716 1181 1534 1035 3172 1328 590 613 1147 578 511 4544 2574 649 1925 1393 884 500 138 362 2582 1827 1622 532 355 715
is_linear=0
shrinkage=0.05


Tree=59
num_leaves=31
num_cat=0
split_feature=0 0 0 0 3 3 3 3 0 0 5 0 3 5 5 6 5 5 5 5 7 3 6 4 1 0 6 7 5 3
split_gain=412.209 164.868 80.2705 35.2249 36.0121 40.6064 33.656 31.0954 30.0369 29.805 26.7058 26.2425 24.5641 23.0786 35.0727 21.5333 18.0398 16.2272 22.8298 17.3762 14.8977 15.5284 19.3459 14.2832 20.9816 14.2297 14.165 16.0196 13.8798 13.7044
threshold=20.009782608695655 8.8717391304347846 35.410869565217396 12.694565217391306 8.5000000000000018 16.500000000000004 5.5000000000000009 17.500000000000004 29.964130434782614 6.4500000000000011 -0.39826117949089107 25.442391304347833 17.500000000000004 -0.98523971305672675 -0.49813634056773481 0.65720762023595369 -0.99275805973510278 0.86113431103781346 0.82414472752956958 0.78325454425165997 0.04621502027255215 15.500000000000002 0.60383265664488517 5.5000000000000009 36.59782608695653 10.70108695652174 -0.93237865822738086 0.99049901459377832 -0.39036798905311365 3.5000000000000004
decision_type=2 2 2 2 2 2 2 2 2 2 2 2 2 2 2 2 2 2 2 2 2 2 2 2 2 2 2 2 2 2
left_child=1 9 6 12 13 26 10 17 -9 -1 11 -2 15 -5 -15 29 -4 18 19 -8 21 -11 -23 24 -14 -17 -6 -28 -16 -3
right_child=2 3 16 4 5 -7 7 8 -10 20 -12 -13 23 14 28 25 -18 -19 -20 -21 -22 22 -24 -25 -26 -27 27 -29 -30 -31
leaf_value=-0.0013285115870532113 0.0021070303950911531 -0.00014309896101103657 0.0082611225618940964 -0.001852683468329594 0.00041354004271919255 -0.00014329254365527122 0.00019782773063882904 0.0011181130654197055 0.005476668050407427 -0.0010929409752635231 0.00090326759843848282 0.0070816749561907815 -0.00078025391567953107 0.0010934670832901769 -0.0027574210139606871 -0.0013175860335710452 0.0029253457553533035 -0.00061368019330318435 0.0048173265608494609 -0.0018554846273667034 -0.0007414827366147847 -0.0011535387499443609 5.0514692886916365e-05 0.0012865520213899845 0.00032206276493942888 -0.0009034525665260727 -0.0014151578573555073 0.00035894862282875585 -5.7927782639159714e-05 -0.0008829841083215405
leaf_weight=297 271 233 78 67 104 1209 2202 1170 166 298 704 173 143 483 68 195 533 529 59 42 340 57 62 62 178 196 1100 75 863 569
leaf_count=297 271 233 78 67 104 1209 2202 1170 166 298 704 173 143 483 68 195 533 529 59 42 340 57 62 62 178 196 1100 75 863 569
internal_value=-0.00229105 -0.0108864 0.00727901 -0.00743779 -0.00492443 -0.00859783 0.00530374 0.0032142 0.00949888 -0.0290047 0.0128808 0.0224719 -0.0137603 0.00124831 0.00261484 -0.0172948 0.0244281 0.000247088 0.00206163 0.00124722 -0.0236807 -0.0300239 -0.0145833 -0.00273438 -0.00698758 -0.0269133 -0.0148047 -0.016369 -0.00305794 -0.0125778
internal_weight=12526 6599 5927 5545 3969 2488 5316 4168 1336 1054 1148 444 1576 1481 1414 1193 611 2832 2303 2244 757 417 119 383 321 391 1279 1175 931 802
internal_count=12526 6599 5927 5545 3969 2488 5316 4168 1336 1054 1148 444 1576 1481 1414 1193 611 2832 2303 2244 757 417 119 383 321 391 1279 1175 931 802
is_linear=0
shrinkage=0.05


Tree=60
num_leaves=31
num_cat=0
split_feature=0 0 0 9 0 5 9 9 2 1 9 4 6 8 6 9 9 9 5 1 4 5 9 0 6 6 6 9 5 5
split_gain=421.901 137.071 68.9285 64.8003 60.0887 36.3016 35.0748 33.565 29.7784 23.0566 21.8927 20.3561 27.4171 26.6098 19.3999 34.4912 29.4097 31.1242 19.2665 27.1785 21.1782 33.0722 18.7074 18.224 18.082 30.8121 17.7701 17.5889 16.9981 27.2179
threshold=12.991304347826089 26.050000000000004 7.4695652173913052 2262.5375000000004 39.831521739130437 -0.99866806308218525 2430.3499999999999 2273.2437500000001 1011.6282608695655 2.4456521739130439 2237.6062499999994 4.5000000000000009 0.98770287048522643 -0.98212955754013376 -0.52034141052533245 1416.024999999999 1955.618749999999 2237.6062499999994 -0.72696319516528884 0.40217391304347833 1.5000000000000002 -0.814291907305839 1642.8062499999996 29.368478260869569 0.95691861501572195 0.90803977035715633 0.98005052076767474 1101.1312500000001 -0.11692013674435776 1.0000000180025095e-35
decision_type=2 2 2 2 2 2 2 2 2 2 2 2 2 2 2 2 2 2 2 2 2 2 2 2 2 2 2 2 2 2
left_child=2 5 -1 4 14 -2 -4 8 10 -9 18 12 13 -11 15 23 -16 -18 19 -7 21 -21 -17 -3 25 -13 -15 -20 -5 -30
right_child=1 3 6 28 -6 7 -8 9 -10 11 -12 24 -14 26 16 22 17 -19 27 20 -22 -23 -24 -25 -26 -27 -28 -29 29 -31
leaf_value=-0.0011567809336516452 -0.0026603856444661492 0.00113133024422786 -0.00065283799116158886 0.0020013779409533638 0.0077321164825463473 -0.0021376612698181517 -0.0010796483604435957 0.0011690089691202016 0.0042690247390751975 0.0012274881521667199 0.0022064926458487291 -0.00096703729047613459 0.0015361668098062471 -0.00067984139635720794 0.0051398608954382197 -0.0028735761999840199 0.00025413214151265295 0.0048342035327685606 -0.0051022226379873825 -0.0012680188298997365 0.0012350607991500784 0.0013347653734672811 0.0014103091291006731 0.0096246664765285411 -0.0023216476061056822 0.0014045735074523016 -0.0023242601681571773 -8.8570115247296746e-05 -0.0013828834207191805 4.46225326873273e-05
leaf_weight=540 92 176 2004 132 203 54 289 72 72 84 84 288 178 830 807 120 395 47 40 279 911 127 75 170 126 58 46 3665 108 523
leaf_count=540 92 176 2004 132 203 54 289 72 72 84 84 288 178 830 807 120 395 47 40 279 911 127 75 170 126 58 46 3665 108 523
internal_value=-0.00244125 0.00248899 -0.0194248 0.0119333 0.016675 -0.00122734 -0.0156277 -0.000809834 0.00116568 -0.00695187 0.000716915 -0.00819367 -0.00456541 -0.00790843 0.0137353 0.00581181 0.01716 0.00677201 0.00029545 0.00535714 0.00679059 -0.0027027 -0.0109694 0.0152738 -0.0169133 -0.010951 -0.0104903 -0.00157852 -0.000458115 -0.00387658
internal_weight=12595 9762 2833 2756 1993 7006 2293 6914 5232 1682 5160 1610 1138 960 1790 541 1249 442 5076 1371 1317 406 195 346 472 346 876 3705 763 631
internal_count=12595 9762 2833 2756 1993 7006 2293 6914 5232 1682 5160 1610 1138 960 1790 541 1249 442 5076 1371 1317 406 195 346 472 346 876 3705 763 631
is_linear=0
shrinkage=0.05


Tree=61
num_leaves=31
num_cat=0
split_feature=0 0 0 0 3 3 5 0 2 3 2 7 3 6 7 6 7 2 2 7 5 5 7 5 2 5 2 0 5 7
split_gain=353.096 124.514 89.8168 38.6722 34.2995 34.8508 30.5953 29.3179 28.8234 28.6103 24.4579 22.4118 21.3637 20.8116 20.8873 18.289 18.092 17.4919 22.2501 17.4028 17.9517 19.2103 18.749 17.7171 19.8617 23.4733 17.1155 19.5564 25.6526 19.1457
threshold=15.061956521739132 30.821739130434789 7.4695652173913052 22.244565217391308 5.5000000000000009 18.500000000000004 -0.99866806308218525 39.831521739130437 993.42934782608711 17.500000000000004 997.34021739130446 0.033323506451456063 3.5000000000000004 0.98174098242282837 -0.83377653105606597 0.18281312110578132 -0.97876850416056738 988.59782608695662 989.58369565217401 0.99196248624718542 0.99552231814189451 0.90162119223771331 0.97650828179861848 0.95752911693909493 995.20108695652186 0.97875492728876534 1006.8413043478262 10.589130434782611 0.34235194516023087 0.94704596667653973
decision_type=2 2 2 2 2 2 2 2 2 2 2 2 2 2 2 2 2 2 2 2 2 2 2 2 2 2 2 2 2 2
left_child=2 3 -1 6 10 16 -2 9 12 11 -5 -3 15 14 -10 -4 -6 -8 -19 20 21 22 -20 -23 -25 -26 27 -16 -29 -28
right_child=1 7 8 4 5 -7 17 -9 13 -11 -12 -13 -14 -15 26 -17 -18 18 19 -21 -22 23 -24 24 25 -27 29 28 -30 -31
leaf_value=-0.0011016354764543177 -0.003091841178565194 8.6474489608973087e-05 0.00097540447950563716 0.0014886415635588569 0.0043378593134354325 0.0022409155965327277 -0.00084871751237741017 0.0049102276820341519 -0.0011983769730015408 0.0053108210023644414 0.0033877693171492532 0.0029871046947794137 -0.00054545784944058065 -0.0013331217233815214 -0.00078364365082679447 -0.00083614208504032667 -0.00025295807011941062 0.0013116901025926637 -1.5871455998350825e-05 0.001986914444987495 0.0014030974652673779 -0.0010926726272991059 -0.0011588666796176089 0.0010517184540906166 0.00011877389791338858 -0.0029142909293673465 -0.0009980547520585443 9.987064739664098e-05 -0.00074452465020405584 0.00011903142773254106
leaf_weight=540 53 410 193 519 94 698 735 280 383 208 209 374 938 116 499 56 1854 159 2431 157 55 144 124 123 58 60 148 487 393 48
leaf_count=540 53 410 193 519 94 698 735 280 383 208 209 374 938 116 499 56 1854 159 2431 157 55 144 124 123 58 60 148 487 393 48
internal_value=-0.00223161 0.00329865 -0.0149527 0.000836232 0.0048 0.00215338 -0.00242683 0.0177533 -0.0118179 0.0136959 0.0144033 0.00929936 -0.00559764 -0.0153735 -0.0141399 0.0074 -0.00128271 -0.00192735 -0.000377415 -0.00130035 -0.00215287 -0.00268616 -0.00111502 -0.0130829 -0.00475207 -0.0193277 -0.0115799 -0.00960145 -0.00510783 -0.0253807
internal_weight=12546 8745 3801 7473 3374 2646 4099 1272 3261 992 728 784 1187 2074 1958 249 1948 4046 3311 3152 2995 2940 2555 385 241 118 1575 1379 880 196
internal_count=12546 8745 3801 7473 3374 2646 4099 1272 3261 992 728 784 1187 2074 1958 249 1948 4046 3311 3152 2995 2940 2555 385 241 118 1575 1379 880 196
is_linear=0
shrinkage=0.05


Tree=62
num_leaves=31
num_cat=0
split_feature=0 0 0 3 3 5 3 3 0 7 6 5 0 6 5 0 5 5 7 0 2 7 6 6 4 6 4 8 3 6
split_gain=327.712 153.195 62.3174 35.9219 45.2512 27.7077 26.9261 30.6317 26.8044 25.0229 24.7437 23.706 28.7973 25.3075 28.6587 19.3329 18.9254 24.057 18.6305 18.3892 18.2994 25.5134 17.9259 27.9178 21.6842 21.1143 18.5284 26.0142 17.5107 17.6182
threshold=20.090217391304353 9.0076086956521753 35.410869565217396 18.500000000000004 7.5000000000000009 -0.99275805973510278 6.5000000000000009 18.500000000000004 10.859782608695655 0.04621502027255215 -0.93237865822738086 0.46800856592688472 25.442391304347833 0.91852788691372023 0.022575936829235418 30.821739130434789 -0.52032787705993211 -0.98523971305672675 0.90892735371523092 16.248913043478264 990.11630434782626 -0.7614135502316719 0.80290535434334509 0.77108682076304769 2.5000000000000004 0.84199059757024453 4.5000000000000009 -0.59868927840444253 16.500000000000004 0.60383265664488517
decision_type=2 2 2 2 2 2 2 2 2 2 2 2 2 2 2 2 2 2 2 2 2 2 2 2 2 2 2 2 2 2
left_child=1 9 6 4 8 -4 11 22 -3 28 -6 12 -2 -14 -15 -9 17 -10 -11 -12 21 -7 23 24 -8 -24 -26 -28 -1 -30
right_child=2 3 5 -5 10 20 7 15 16 18 19 -13 13 14 -16 -17 -18 -19 -20 -21 -22 -23 25 -25 26 -27 27 -29 29 -31
leaf_value=-0.0011127776809953117 0.0012054849156841242 -0.00075722509906887359 0.0072325803284844286 5.1318847421771846e-05 0.00036962384781566231 0.0071086442693761411 -0.00080066018099043132 0.0014681669067198478 -0.0011570430884362513 -0.00046429980843685353 -0.0010483641647649436 0.00026092933918605567 0.0070241868827839622 -0.0030278447726898583 0.0025136846995322429 0.0048149872537859356 -0.0003902632706544715 0.00071839697294148741 -0.00099983006470031688 -0.00087861958234653902 0.0039296643150280863 0.0001078547588650114 0.00462218804739552 -0.0038242761349013446 0.0012442294245146341 0.00037036590897268352 -0.0016292402682382967 0.001054313638365087 -0.0010765365961557284 -0.00016667403848989043
leaf_weight=460 477 280 82 1251 194 42 897 962 76 309 1328 495 243 49 45 97 1093 531 159 870 270 255 72 77 672 535 283 357 87 95
leaf_count=460 477 280 82 1251 194 42 897 962 76 309 1328 495 243 49 45 97 1093 531 159 870 270 255 72 77 672 535 283 357 87 95
internal_value=-0.00204445 -0.00958568 0.00654712 -0.00623222 -0.00836954 0.0211538 0.00474154 0.00268151 -0.00277638 -0.0265527 -0.0129962 0.0109542 0.0161963 0.0273669 0.00526316 0.00995283 -0.000411523 0.00666118 -0.0176972 -0.0145066 0.0171655 0.00855705 1.72771e-05 -0.00201137 -0.000972851 0.00764803 0.00312262 -0.00296412 -0.0329705 -0.0196721
internal_weight=12643 6733 5910 5623 4372 649 5261 3952 1980 1110 2392 1309 814 337 94 1059 1700 607 468 2198 567 297 2893 2286 2209 607 1312 640 642 182
internal_count=12643 6733 5910 5623 4372 649 5261 3952 1980 1110 2392 1309 814 337 94 1059 1700 607 468 2198 567 297 2893 2286 2209 607 1312 640 642 182
is_linear=0
shrinkage=0.05


Tree=63
num_leaves=31
num_cat=0
split_feature=0 0 0 9 0 9 9 9 1 2 2 2 3 9 6 9 4 3 3 0 8 6 3 2 4 6 3 3 3 8
split_gain=293.328 89.7356 85.5498 48.2598 52.3068 45.0159 39.8025 35.1858 28.9968 27.949 28.6286 26.38 26.2998 22.9985 26.1588 35.6493 20.9527 20.0489 26.028 20.3429 19.0124 19.0111 33.6971 17.8277 18.1331 17.3857 17.2317 17.1601 22.1372 22.7046
threshold=15.061956521739132 7.7641304347826097 38.059782608695663 2262.5375000000004 28.067391304347829 1878.0562499999996 2344.9812499999994 2237.6062499999994 2.4456521739130439 983.01739130434794 988.71630434782617 995.35760869565229 16.500000000000004 1816.1187500000001 -0.69676771491221523 1476.8062500000001 1.5000000000000002 17.500000000000004 4.5000000000000009 9.9619565217391326 0.70747208174348741 -0.15101602693478741 8.5000000000000018 988.87934782608716 3.5000000000000004 0.99445195900249039 16.500000000000004 8.5000000000000018 18.500000000000004 0.97263757644091875
decision_type=2 2 2 2 2 2 2 2 2 2 2 2 2 2 2 2 2 2 2 2 2 2 2 2 2 2 2 2 2 2
left_child=1 -1 3 4 7 -4 17 27 -5 -10 -11 -12 25 14 15 -6 -14 18 -3 -20 21 -21 -23 -7 -25 -13 -8 -2 -29 -30
right_child=2 6 5 8 13 23 26 -9 9 10 11 12 16 -15 -16 -17 -18 -19 19 20 -22 22 -24 24 -26 -27 -28 28 29 -31
leaf_value=-0.0010143717684071561 0.00056825940561096853 -9.128970422718278e-05 0.0069622067833452822 0.0011086430966485382 0.0042774215460005182 -0.00013357042432414479 -0.0010859738612845385 0.003300373829103598 0.0013315498174198373 -0.0017643609698394084 0.00026572675986147321 -0.00099736040377360904 -0.0013213841113779601 0.00055193578016489724 0.0053000201826145068 -0.0050664610716980758 0.00075641289129943848 7.6441939867142466e-06 -0.00092492392346901981 -0.0014011625928791267 0.00010494327090383172 0.00088237115626873185 -0.00094379016889588503 0.0034517627112647057 0.0010188139844000911 -0.0021203952684265728 -0.00019204004718404618 -0.00038281491346788682 0.00036833636028051064 0.0030636429523933865
leaf_weight=647 1783 638 151 62 164 118 476 83 170 326 589 562 89 382 529 65 190 644 333 358 185 136 306 69 51 69 156 2170 1048 40
leaf_count=647 1783 638 151 62 164 118 476 83 170 326 589 562 89 382 529 65 190 644 333 358 185 136 306 69 51 69 156 2170 1048 40
internal_value=-0.00221207 -0.0136469 0.00288141 0.00180846 0.00399042 0.0257692 -0.0102382 0.00183415 -0.00483479 -0.00588677 -0.00769441 -0.00476667 -0.0100988 0.0136722 0.0187088 0.00456522 0.00267857 -0.00749712 -0.0100153 -0.0140258 -0.0103955 -0.0137328 -0.00677201 0.0121339 0.0256198 -0.0157437 -0.021485 0.00129909 -0.000859159 0.00495868
internal_weight=12589 3879 8710 8321 6264 389 3232 5124 2057 1995 1825 1499 910 1140 758 229 279 2600 1956 1318 985 800 442 238 120 631 632 5041 3258 1088
internal_count=12589 3879 8710 8321 6264 389 3232 5124 2057 1995 1825 1499 910 1140 758 229 279 2600 1956 1318 985 800 442 238 120 631 632 5041 3258 1088
is_linear=0
shrinkage=0.05


Tree=64
num_leaves=31
num_cat=0
split_feature=0 0 9 0 9 9 6 9 7 6 9 6 5 5 5 9 7 3 5 3 3 9 6 5 3 7 9 7 5 3
split_gain=297.561 137.509 49.9594 43.7307 46.244 32.6721 39.8797 31.2971 27.7954 36.2756 31.5728 34.6224 27.6357 23.068 22.873 23.0996 30.8831 22.2698 21.9586 21.8034 21.7272 20.6245 19.7053 18.1545 17.9017 17.4786 19.8203 20.5437 38.3794 17.1792
threshold=10.589130434782611 22.820652173913047 1582.7749999999999 38.059782608695663 1955.618749999999 1473.6000000000001 -0.099822328936730861 2146.0687499999999 -0.7614135502316719 -0.53495380374625956 1416.024999999999 -0.013976481981245173 -0.98523971305672675 0.73865729060996166 -0.99866806308218525 2319.7125000000001 -0.9905448150984083 8.5000000000000018 -0.28519255817492867 4.5000000000000009 16.500000000000004 1682.925 1.0000000180025095e-35 -0.82415615971448097 3.5000000000000004 -0.52766560075116253 2210.6687500000003 -0.72696319516528884 -0.49813634056773481 11.500000000000002
decision_type=2 2 2 2 2 2 2 2 2 2 2 2 2 2 2 2 2 2 2 2 2 2 2 2 2 2 2 2 2 2
left_child=2 5 -1 8 -5 19 7 -7 9 -3 12 18 -10 20 -8 16 17 -16 -12 -2 -4 -13 -17 -11 -15 26 27 28 29 -18
right_child=1 3 13 4 -6 6 14 -9 10 23 11 21 -14 24 15 22 25 -19 -20 -21 -22 -23 -24 -25 -26 -27 -28 -29 -30 -31
leaf_value=-0.00038090700122337122 0.0014895230283879708 -0.00028372075394743069 -0.0010436166989268255 0.0066140964441780197 0.001042696515359598 -0.00091220023543473481 -0.0022225216715778726 -0.0019744673539614276 0.0083796446929002601 0.00045836955722211028 -0.0019826202664147948 0.0035359058526474919 0.0022807164417303336 0.00028144387513564308 0.00035715774379148357 0.0011430689166921138 0.0020141848122406775 -0.002034558849941033 -0.00020799086157489988 -5.7406138943721931e-05 -0.00078174294232728758 0.00030057041212438464 -0.00061606759566988222 0.0047148363040958874 -0.00059124120092853916 -0.00012447424803113951 -0.00022249199677629172 0.0019371554531696688 -0.0030207906546185024 0.00044385576198218704
leaf_weight=453 383 202 693 153 225 945 74 173 74 91 222 223 804 65 58 53 150 99 395 1395 246 1484 1191 434 246 1384 320 131 54 157
leaf_count=453 383 202 693 153 225 945 74 173 74 91 222 223 804 65 58 53 150 99 395 1395 246 1484 1191 434 246 1384 320 131 54 157
internal_value=-0.00219828 0.000845977 -0.0216256 0.00778784 0.0240106 -0.00370737 -0.00585595 -0.0141197 0.00622137 0.0150412 0.0042148 0.00116129 0.0122867 -0.0267786 -0.00333606 -0.00276543 0.000148683 -0.0212025 -0.00898058 0.00207982 -0.0306915 0.00483021 -0.00827309 0.0219582 -0.0149038 0.00168411 0.00750308 0.0137931 0.00759669 0.0144481
internal_weight=12577 10874 1703 4307 378 6567 4789 1118 3929 727 3202 2324 878 1250 3671 3597 2353 157 617 1778 939 1707 1244 525 311 2196 812 492 361 307
internal_count=12577 10874 1703 4307 378 6567 4789 1118 3929 727 3202 2324 878 1250 3671 3597 2353 157 617 1778 939 1707 1244 525 311 2196 812 492 361 307
is_linear=0
shrinkage=0.05


Tree=65
num_leaves=31
num_cat=0
split_feature=9 7 9 3 3 5 2 1 7 1 5 4 5 9 4 5 2 9 4 1 9 8 8 5 7 1 9 8 2 8
split_gain=87.2713 40.4433 35.1512 32.2692 33.9907 28.3188 35.7315 25.6806 26.0815 22.7909 19.8047 19.7196 29.3972 24.5272 18.6691 23.726 18.5458 26.0774 18.4245 18.4104 17.6611 17.3496 26.9919 17.3415 16.4813 16.2803 16.048 18.0622 17.4483 24.2641
threshold=2262.5375000000004 -0.61237701952678392 2244.3625000000006 18.500000000000004 4.5000000000000009 -0.8781231054254196 1003.9978260869567 84.09782608695653 -0.80418297442179409 6.8804347826086962 0.96687895796550427 5.5000000000000009 -0.94705910369513524 1816.1187500000001 3.5000000000000004 -0.27694604220087021 992.42173913043496 1820.6375000000003 1.0000000180025095e-35 46.804347826086961 1208.73125 0.9980355542543059 0.96407344085605606 -0.065535378769913874 -0.58482091572441486 13.641304347826088 1797.4312500000001 0.80800279670863706 987.97500000000014 0.36447543099728863
decision_type=2 2 2 2 2 2 2 2 2 2 2 2 2 2 2 2 2 2 2 2 2 2 2 2 2 2 2 2 2 2
left_child=2 5 3 4 14 6 19 8 16 -5 21 12 18 -13 -1 25 17 -6 -9 -2 -14 22 -10 -24 -17 -16 28 -28 29 -22
right_child=1 -3 -4 9 7 -7 -8 11 10 -11 -12 13 20 -15 15 24 -18 -19 -20 -21 26 -23 23 -25 -26 -27 27 -29 -30 -31
leaf_value=-4.3944455707621566e-06 0.0023637963679101746 -0.00044026625146742374 0.0036713586731204708 -0.00073994410572913137 0.001522690294749277 -0.0014167411183195055 -0.00059334487906981682 -0.001782156663516299 -0.00040925179025650825 0.0007535910138111835 0.00057308759421360704 -0.0021513586260931651 -0.0021583668579491047 0.0011955540730187912 7.5612295325623582e-05 0.0016367384278876908 -0.0012692556624019518 -0.002488996876184649 0.004244717903850853 -0.0008196446913695029 0.00079610675597930898 -0.0021487723693162128 0.0049728664645463608 0.0012189991125763509 -0.00047040289400910668 0.0025161885894063214 -0.0006201519497115171 0.001308208119311128 0.0016875583757642977 -0.0023241536220132532
leaf_weight=1084 41 2798 76 226 146 258 142 43 2652 1683 194 146 72 76 130 98 433 50 161 46 153 48 64 86 277 300 595 57 386 45
leaf_count=1084 41 2798 76 226 146 258 142 43 2652 1683 194 146 72 76 130 98 433 50 161 46 153 48 64 86 277 300 595 57 386 45
internal_value=-0.00235538 -0.00935788 0.000123896 -0.000157506 -0.00167192 -0.0226434 -0.00978261 -0.00368898 -0.00605607 0.00562827 -0.00413793 0.00132565 0.00337079 -0.0125561 0.00410053 0.00986352 -0.0153175 -0.00253807 0.0209756 0.0153409 0.000611154 -0.00519116 -0.00467356 0.015894 0.000664894 0.0178654 0.00202102 -0.00336907 0.00803419 -0.0040201
internal_weight=12566 3285 9281 9205 7296 487 229 5407 3673 1909 3044 1734 1512 222 1889 805 629 196 204 87 1308 2850 2802 150 375 430 1236 652 584 198
internal_count=12566 3285 9281 9205 7296 487 229 5407 3673 1909 3044 1734 1512 222 1889 805 629 196 204 87 1308 2850 2802 150 375 430 1236 652 584 198
is_linear=0
shrinkage=0.05


Tree=66
num_leaves=31
num_cat=0
split_feature=0 0 0 9 9 0 3 9 3 5 6 6 3 3 5 3 4 6 0 5 6 5 6 5 4 6 4 8 4 9
split_gain=271.544 84.6171 76.4389 73.6126 36.0903 46.1586 41.9092 34.8198 27.5742 26.3525 29.8387 35.1411 24.4395 31.4818 22.5007 24.5428 21.2265 25.3782 19.3407 22.2422 19.1233 17.9089 17.639 16.5653 19.5729 15.8662 21.962 21.9316 16.421 16.8632
threshold=14.790217391304349 7.6206521739130446 34.458695652173922 2262.5375000000004 1819.3812500000001 25.909782608695654 5.5000000000000009 2325.09375 18.500000000000004 -0.99866806308218525 -0.53495380374625956 0.8511460603353429 15.500000000000002 7.5000000000000009 -0.15101209918632377 13.500000000000002 2.5000000000000004 0.97832380634958016 42.652173913043491 -0.24372957273992746 0.98332250088165762 -0.8781231054254196 -0.52034141052533245 -0.96235977360714686 3.5000000000000004 -0.49065906150552346 5.5000000000000009 -0.54760613975548533 1.5000000000000002 1648.0812499999997
decision_type=2 2 2 2 2 2 2 2 2 2 2 2 2 2 2 2 2 2 2 2 2 2 2 2 2 2 2 2 2 2
left_child=1 -1 4 18 5 9 -7 20 22 -2 14 25 13 -6 15 -11 17 21 19 -4 -3 -14 -8 -15 -25 -12 28 -28 29 -27
right_child=2 7 3 -5 12 6 8 -9 -10 10 11 -13 16 23 -16 -17 -18 -19 -20 -21 -22 -23 -24 24 -26 26 27 -29 -30 -31
leaf_value=-0.00091155482485737258 -0.0019350226466739728 -0.00035214301607513072 0.001902623444543633 -0.00032850392172412705 7.8775257482160976e-05 0.0079278627829348913 -0.00051694475967998252 -0.00076431763813657519 0.0063127445748145279 4.2864531077055347e-05 0.0047930846935755117 -0.0017151942144346844 0.0012077763480233374 -0.0021311974024211425 0.00055161710257433663 -0.0017623428812440793 0.00062067216292092671 0.0023338786359438091 0.0060597748187954719 0.0042096457196086233 -0.0010416255383357673 -0.0011915026973493296 0.0026717103607656807 -0.00032438032827622476 -0.00117072158185232 -0.00049632426048687732 -0.0022592061162915707 0.0014530659091274434 0.0014118768286187607 0.0023491031670103539
leaf_weight=573 89 2321 177 222 1174 181 326 688 192 487 116 95 71 91 636 449 769 72 130 190 43 398 390 646 520 302 111 103 838 140
leaf_count=573 89 2321 177 222 1174 181 326 688 192 487 116 95 71 91 636 449 769 72 130 190 43 398 390 646 520 302 111 103 838 140
internal_value=-0.00177019 -0.0133067 0.00292171 0.0185417 0.00154935 0.00458932 0.0135321 -0.00999017 0.00913091 0.0016929 0.00242526 0.00700469 -0.00207108 -0.00503701 -0.00254291 -0.00747065 0.00343249 -0.00415129 0.0292169 0.0232337 -0.00710359 -0.00840426 0.00460251 -0.0105326 -0.00891174 0.00875233 0.00735786 -0.00744186 0.00983607 0.0020316
internal_weight=12540 3625 8915 719 8196 4455 1089 3052 908 3366 3277 1705 3741 2431 1572 936 1310 541 497 367 2364 469 716 1257 1166 1610 1494 214 1280 442
internal_count=12540 3625 8915 719 8196 4455 1089 3052 908 3366 3277 1705 3741 2431 1572 936 1310 541 497 367 2364 469 716 1257 1166 1610 1494 214 1280 442
is_linear=0
shrinkage=0.05


Tree=67
num_leaves=31
num_cat=0
split_feature=0 0 0 7 3 3 6 6 7 6 4 2 6 3 3 7 8 7 0 3 7 7 5 6 8 5 4 5 2 6
split_gain=240.869 87.6531 74.943 36.372 24.8583 24.8723 24.0221 26.8291 21.6602 21.5636 23.4656 21.5241 20.7554 19.2477 34.4735 18.4853 17.2763 23.4526 16.4827 20.1982 16.3223 17.4722 16.5898 15.1479 14.8915 14.1588 14.0189 13.9402 13.5529 13.269
threshold=18.013043478260872 8.8717391304347846 38.059782608695663 0.080548957663405765 4.5000000000000009 17.500000000000004 -0.99168640063982161 -0.53495380374625956 -0.75015329512557194 0.98174098242282837 3.5000000000000004 988.59782608695662 -0.60555643346685839 18.500000000000004 6.5000000000000009 0.9962888416657264 -0.73137137938158592 0.11478755917771409 6.1771739130434797 16.500000000000004 0.91161058030431363 0.68589359117003446 -0.63255557784149707 0.60383265664488517 0.9980355542543059 0.52766072109828632 3.5000000000000004 0.49812943072827093 983.01739130434794 0.80290535434334509
decision_type=2 2 2 2 2 2 2 2 2 2 2 2 2 2 2 2 2 2 2 2 2 2 2 2 2 2 2 2 2 2
left_child=1 3 4 18 9 15 -7 12 -9 10 -2 28 25 14 -3 24 17 -12 -1 -20 21 -5 -22 -21 29 -8 -13 -18 -4 -6
right_child=2 13 11 20 5 6 7 8 -10 -11 16 26 -14 -15 -16 -17 27 -19 19 23 22 -23 -24 -25 -26 -27 -28 -29 -30 -31
leaf_value=-0.0012337501147952001 0.00066349663626941451 -0.00012714536990829223 0.0039466694557364129 -0.00047217308406864185 -0.00022516205102098843 0.0064875049051154217 -0.00078114460782345303 0.0044663334586594831 0.00078145116346832607 -0.00073837769879528392 -0.00092111538919961158 0.0055131248104742575 -0.0032996044300540265 -4.8213547103187484e-07 -0.00079003140003360895 0.0039859506454496376 0.0044516095965465739 0.0051317632425748553 -0.0007985918806984421 -0.00097170706588270645 -0.00010515772508823615 0.0002101994110567546 -0.00090465751432296975 0.00025581665678621956 -0.0019753276580705887 0.0025590959556567872 0.0037054959856180239 0.001214557030802499 -0.00028363913095725836 0.00048210366613566925
leaf_weight=164 598 1402 78 170 2837 53 304 239 976 105 85 153 43 969 2034 105 246 93 340 57 47 102 86 69 64 71 75 107 82 785
leaf_count=164 598 1402 78 170 2837 53 304 239 976 105 85 153 43 969 2034 105 246 93 340 57 47 102 86 69 64 71 75 107 82 785
internal_value=-0.00143939 -0.0093549 0.00462676 -0.0224421 0.00338945 0.00194414 0.00699467 0.00590575 0.00966283 0.00979757 0.0118142 0.025964 -0.00501193 -0.00627553 -0.00803026 -0.00030327 0.0194549 0.00670391 -0.0299525 -0.0250535 -0.0107143 -0.003663 -0.025 -0.00787402 -0.000895037 -0.00119681 0.0358079 0.0258475 0.0118012 -0.000469224
internal_weight=12539 5440 7099 1035 6711 5477 1686 1633 1215 1234 1129 388 418 4405 3436 3791 531 178 630 466 405 272 133 126 3686 375 228 353 160 3622
internal_count=12539 5440 7099 1035 6711 5477 1686 1633 1215 1234 1129 388 418 4405 3436 3791 531 178 630 466 405 272 133 126 3686 375 228 353 160 3622
is_linear=0
shrinkage=0.05


Tree=68
num_leaves=31
num_cat=0
split_feature=0 0 0 9 3 3 6 9 0 6 2 0 6 9 3 2 4 4 1 6 5 6 9 0 9 9 6 2 3 5
split_gain=225.589 93.7991 80.1619 36.3217 35.0436 41.5565 37.759 31.5007 51.6273 27.8042 43.3209 24.4614 20.4672 28.1735 22.108 21.9799 19.2012 27.4356 24.9962 21.2297 23.9051 20.115 18.4758 17.1952 17.151 30.7069 17.0929 19.0645 16.2044 22.0311
threshold=18.013043478260872 7.4695652173913052 38.786956521739135 2315.3750000000005 16.500000000000004 7.5000000000000009 -0.93237865822738086 1816.1187500000001 28.067391304347829 -0.17646730165275518 983.48586956521751 12.501086956521741 0.8511460603353429 1742.5249999999996 4.5000000000000009 988.19673913043482 4.5000000000000009 2.5000000000000004 0.40217391304347833 -0.81925291736142503 -0.99467753128998015 -0.76696334127844745 2452.2687500000002 5.8510869565217396 1416.024999999999 1639.1625000000001 0.11478523713130605 994.91413043478269 15.500000000000002 0.61237135649459018
decision_type=2 2 2 2 2 2 2 2 2 2 2 2 2 2 2 2 2 2 2 2 2 2 2 2 2 2 2 2 2 2
left_child=1 23 7 -4 5 11 -7 8 12 24 -11 -3 13 14 15 -2 17 19 -19 -16 -21 -22 -8 -1 -10 -26 27 -13 -9 -30
right_child=2 4 3 -5 -6 6 22 28 9 10 -12 26 -14 -15 16 -17 -18 18 -20 20 21 -23 -24 -25 25 -27 -28 -29 29 -31
leaf_value=-0.0011401247590682576 -0.00071910346162541998 -0.00051379693028310094 0.0054453261386631317 0.00013175103631155594 -2.5608153765985245e-05 0.00050720148425106588 -0.00080268623889706786 -0.00021094170178742879 0.005120214824103117 -0.0017802403307707272 0.0056793802119421092 6.478019526033538e-05 -0.0022530867762883436 0.0033082906167170301 -0.0011784478768852137 0.0029320959297922142 -0.00072460008085552534 -0.0018546485986444901 0.002344480640678312 -0.0015699735392285911 0.0076196204168774255 0.00034607158482402589 -0.0013299735741196502 -0.00066526419968483208 -0.0055077822380992236 0.0028693157322321585 0.00043842344587907288 -0.0010801870230374489 0.0010887950321819162 -0.00057156532132583845
leaf_weight=202 113 819 232 103 1435 122 1358 2049 308 46 309 368 69 205 321 383 599 46 538 42 48 504 217 350 70 49 459 149 641 400
leaf_count=202 113 819 232 103 1435 122 1358 2049 308 46 309 368 69 205 321 383 599 46 538 42 48 504 217 350 70 49 459 149 641 400
internal_value=-0.00160892 -0.00922445 0.00428915 0.028125 -0.00703125 -0.00973375 -0.0153416 0.00310043 0.00624486 0.0176245 0.0279494 -0.0044265 0.00313698 0.00380357 0.00238921 0.0118712 0.000142925 0.00316667 0.0116239 -0.00223799 0.00336134 0.00614828 -0.0174175 -0.0287523 0.00899533 -0.00708333 0.000921187 -0.00530888 -0.000614688 0.00446257
internal_weight=12554 5479 7075 335 4927 3492 1697 6740 3650 782 355 1795 2868 2799 2594 496 2098 1499 584 915 594 552 1575 552 427 119 976 517 3090 1041
internal_count=12554 5479 7075 335 4927 3492 1697 6740 3650 782 355 1795 2868 2799 2594 496 2098 1499 584 915 594 552 1575 552 427 119 976 517 3090 1041
is_linear=0
shrinkage=0.05


Tree=69
num_leaves=31
num_cat=0
split_feature=9 6 8 6 6 6 9 5 2 3 5 3 5 2 5 1 9 5 5 7 5 1 2 9 2 5 2 5 8 5
split_gain=77.1728 50.9962 47.2488 34.5252 31.1607 31.7196 37.4504 29.7232 27.7736 26.8775 30.3776 29.7062 24.4337 45.8436 27.2721 22.2196 21.8939 21.3344 20.1978 17.9724 30.6572 17.9225 17.0938 16.6793 16.4407 31.9034 24.5119 16.1648 19.3573 15.9573
threshold=1955.618749999999 -0.33426211444629356 -0.40613878790836594 0.89309379682046119 0.85561368268953431 0.76556758748011045 1473.6000000000001 -0.15101209918632377 994.75760869565227 15.500000000000002 0.89787622492179153 8.5000000000000018 -0.75015329512557194 1008.3076086956522 0.62587949062545845 88.576086956521749 2452.2687500000002 -0.30163705152652742 0.51297097409535064 0.95566275305367776 0.39036257410962044 33.728260869565226 1011.6282608695655 1179.1562499999998 995.05000000000007 0.97875492728876534 990.18369565217415 0.96465729447553372 -0.76833606022544876 0.71503381463111937
decision_type=2 2 2 2 2 2 2 2 2 2 2 2 2 2 2 2 2 2 2 2 2 2 2 2 2 2 2 2 2 2
left_child=2 21 23 4 5 6 7 17 -9 11 19 24 13 -8 -14 -6 27 -4 -7 20 -11 -2 -16 -1 26 -26 -3 28 -13 -21
right_child=1 9 3 -5 15 18 12 8 -10 10 -12 16 14 -15 22 -17 -18 -19 -20 29 -22 -23 -24 -25 25 -27 -28 -29 -30 -31
leaf_value=0.0037876700897866255 -0.0015656754453925626 -0.00035389770664008281 -1.8183151074216419e-05 0.0043105610538544947 0.00010307437424530442 0.0037305718624313089 0.0028690044429684983 0.0026717779672074133 -5.8777829953531732e-05 0.00010885982995701045 -0.00092870485100352148 -0.0010436540178493145 -0.0011494520276397302 -0.0007170121645315036 -0.00037917388177136362 -0.0023173716984126475 -0.0011528553463789838 -0.0021225693140660535 3.4559976583201092e-05 -0.001804827857666657 0.0026491577187044511 -0.0003354903435788079 0.00067469315181867902 0.00053754427481080003 -0.00030361206924670248 -0.0019470929071373105 0.00080599516828036783 0.00019870995472387188 -0.00051700379004715545 0.00060525497175116516
leaf_weight=263 118 488 1334 78 68 233 219 395 296 1068 339 170 970 71 645 122 347 95 188 66 160 40 48 2382 1038 44 344 177 819 50
leaf_count=263 118 488 1334 78 68 233 219 395 296 1068 339 170 970 71 645 122 347 95 188 66 160 40 48 2382 1038 44 344 177 819 50
internal_value=-0.00144762 -0.00607326 0.0018426 -0.00113374 -0.00168623 -0.000845384 -0.00219686 0.00240453 0.0109104 -0.00520446 -2.96912e-05 -0.00774504 -0.00719038 0.00618557 -0.00952524 -0.021466 -0.0129789 -0.00171329 0.0122038 0.00334572 0.00512612 -0.0339623 -0.00194524 0.00719955 -0.00360313 -0.0076639 0.00168067 -0.00968295 -0.0121717 -0.0153846
internal_weight=12675 5268 7407 4762 4684 4494 4073 2120 691 5110 1683 3427 1953 290 1663 190 1513 1429 421 1344 1228 158 693 2645 1914 1082 832 1166 989 116
internal_count=12675 5268 7407 4762 4684 4494 4073 2120 691 5110 1683 3427 1953 290 1663 190 1513 1429 421 1344 1228 158 693 2645 1914 1082 832 1166 989 116
is_linear=0
shrinkage=0.05


Tree=70
num_leaves=31
num_cat=0
split_feature=0 0 0 0 3 3 5 1 2 2 5 0 7 2 7 7 2 5 5 5 7 8 4 7 7 8 1 8 4 5
split_gain=203.524 106.784 54.4962 29.1945 26.0888 43.9979 27.6324 26.4886 25.0471 24.6737 22.9285 21.7259 21.5282 18.6713 26.595 32.0447 22.1979 23.7431 22.902 25.214 23.0146 22.8515 20.6926 26.7999 33.4786 25.4507 20.638 20.5193 22.8231 21.5123
threshold=22.501086956521743 8.8717391304347846 38.786956521739135 5.8510869565217396 18.500000000000004 8.5000000000000018 0.46800856592688472 94.402173913043498 1005.8728260869567 1012.1663043478262 -0.99866806308218525 25.442391304347833 0.93771544905322102 987.00543478260886 0.93771544905322102 0.83966414931270739 995.20108695652186 -0.84315017450793706 0.97875492728876534 0.72695311118111527 -0.16693488597178294 -0.89404254237865755 1.5000000000000002 0.10196183112029107 -0.13292143739675699 0.68274389090025245 40.163043478260875 0.34841000145353967 2.5000000000000004 -0.37447345805034543
decision_type=2 2 2 2 2 2 2 2 2 2 2 2 2 2 2 2 2 2 2 2 2 2 2 2 2 2 2 2 2 2
left_child=1 3 4 -1 5 6 7 11 10 -10 -3 -2 -4 14 15 -12 17 21 19 -18 -20 -15 -19 24 27 -25 -23 28 -24 -29
right_child=2 8 12 -5 -6 -7 -8 -9 9 -11 13 -13 -14 16 -16 -17 18 22 20 -21 -22 26 23 25 -26 -27 -28 29 -30 -31
leaf_value=-0.0010646871364691681 0.0013966228028660654 -0.0014666076043491798 0.0041487019789409278 -0.00058124570813295265 0.0024187035942861441 -0.00010605914020776903 0.0001438559019762309 -0.0001027459578647666 -0.00066476064560958773 0.0013538687306818319 -0.0010212910976246977 0.0047611947686733774 -0.0004691639385420443 -0.00014812436675739756 -0.0019133670276592603 0.0018508675027727837 -0.00044114584024099391 0.00037860833705415933 -0.0014379739002484222 0.00040684756310488683 9.8549769618438987e-05 0.00086536430620957623 -0.0021024725603689502 -0.00032209038975170305 0.002069032614010351 -0.0013493714975490588 0.0038602828508564561 0.0074463387162784283 -0.00015558813728229517 0.00020286896250084341
leaf_weight=190 282 94 298 847 802 2004 515 186 536 52 649 380 42 195 129 54 1861 831 96 583 43 215 77 564 71 320 158 41 344 177
leaf_count=190 282 94 298 847 802 2004 515 186 536 52 649 380 42 195 129 54 1861 831 96 583 43 215 77 564 71 320 158 41 344 177
internal_value=-0.00134526 -0.0060716 0.00717295 -0.0210501 0.00559952 0.00366686 0.0105938 0.0161366 -0.00387816 -0.0137521 -0.00298324 0.0208145 0.026393 -0.00262131 -0.00960384 -0.00575284 -0.00157791 0.00135271 -0.00497291 -0.00384458 -0.0246429 0.0105448 -0.000803792 -0.00413793 0.00309423 -0.0099435 0.0177807 -0.000546875 -0.00699052 0.0118721
internal_weight=12636 8127 4509 1037 4169 3367 1363 848 7090 588 6502 662 340 6408 832 703 5576 2993 2583 2444 139 568 2425 1594 710 884 373 639 421 218
internal_count=12636 8127 4509 1037 4169 3367 1363 848 7090 588 6502 662 340 6408 832 703 5576 2993 2583 2444 139 568 2425 1594 710 884 373 639 421 218
is_linear=0
shrinkage=0.05


Tree=71
num_leaves=31
num_cat=0
split_feature=9 9 8 9 6 6 2 1 8 6 5 3 8 1 2 3 6 2 6 2 7 1 2 6 7 7 3 1 5 7
split_gain=72.0774 40.5353 29.4015 35.2363 41.5261 28.6534 33.8103 25.1934 24.1735 28.5005 24.1572 23.2674 21.4335 27.4741 20.5583 19.1256 19.0159 21.6543 20.943 19.8194 16.0998 17.7381 24.4951 20.6153 18.2728 20.0972 15.516 27.5462 18.0754 15.5042
threshold=2262.5375000000004 2237.6062499999994 -0.40613878790836594 1955.618749999999 0.33222858587828868 -0.31800055644052067 995.05000000000007 10.293478260869568 0.96407344085605606 0.98332250088165762 -0.49813634056773481 10.500000000000002 -0.52765736634565841 8.7717391304347831 992.92934782608711 3.5000000000000004 0.9863035000474919 992.34021739130446 0.98005052076767474 984.70652173913061 0.75721938155395518 2.4456521739130439 1005.8728260869567 0.98005052076767474 0.63423707282422626 0.55120426863728689 17.500000000000004 23.489130434782613 0.51297097409535064 0.80033572242307993
decision_type=2 2 2 2 2 2 2 2 2 2 2 2 2 2 2 2 2 2 2 2 2 2 2 2 2 2 2 2 2 2
left_child=1 2 3 12 7 -2 16 -5 9 15 -3 -10 -1 -14 -13 29 18 19 -7 -18 21 22 -8 24 25 -23 -17 28 -28 -4
right_child=5 10 8 4 -6 6 20 -9 11 -11 -12 14 13 -15 -16 26 17 -19 -20 -21 -22 23 -24 -25 -26 -27 27 -29 -30 -31
leaf_value=0.00046714690392497192 -0.0012752253950786413 -0.00020635563529273863 0.00087951504642872771 -0.001481746543800247 0.00067511376884280558 -0.00017461386441449748 0.0010210027642357622 -0.00046034552138796706 -0.00034723703263140064 -0.00073650884218989592 0.0022473380810983548 0.0067680357297996213 -0.00062109408601223606 0.0031819569668028406 0.0007237543433870619 -0.00041774498083908682 0.0021498088858819099 0.0024058215843722115 -0.001490892579614971 -0.00032287861694492437 -6.6279483066676578e-05 -0.00067202321056925973 -0.00028240186463100345 -0.0012863074379733969 -0.0012140913548482882 0.0013948779594357781 -0.001071264506878693 0.00089604715564606393 0.0010858877424279754 -0.00034339244768313848
leaf_weight=2279 80 79 536 76 190 977 58 582 177 58 189 104 51 269 104 3035 96 94 100 248 316 890 46 161 114 110 346 876 73 329
leaf_count=2279 80 79 536 76 190 977 58 582 177 58 189 104 51 269 104 3035 96 94 100 248 316 890 46 161 114 110 346 876 73 329
internal_value=-0.0012931 0.000946119 0.000379705 0.00401682 -0.00482921 -0.00765725 -0.00691373 -0.0107739 -0.0018443 -0.00273125 0.0200743 0.0102332 0.00690385 0.0190031 0.0215311 -0.00233834 -0.00148417 0.00728929 -0.00505566 0.00144928 -0.011763 -0.0140942 0.00571429 -0.0157132 -0.0132735 -0.0110889 -0.0036943 0.000887346 -0.00964286 0.00444573
internal_weight=12643 9353 9085 3447 848 3290 3210 658 5638 5253 268 385 2599 320 208 5195 1515 438 1077 344 1695 1379 104 1275 1114 1000 4330 1295 419 865
internal_count=12643 9353 9085 3447 848 3290 3210 658 5638 5253 268 385 2599 320 208 5195 1515 438 1077 344 1695 1379 104 1275 1114 1000 4330 1295 419 865
is_linear=0
shrinkage=0.05


Tree=72
num_leaves=31
num_cat=0
split_feature=0 0 0 9 9 6 9 7 4 0 7 6 0 9 5 7 5 3 5 2 6 5 3 5 9 6 9 7 7 6
split_gain=183.529 93.4238 53.4867 40.1435 36.9273 47.6527 37.6813 28.9715 28.4506 28.1374 25.6298 22.3322 26.2506 22.2822 21.4643 19.7542 26.7444 19.5021 19.1396 18.1593 28.3944 27.3081 33.1572 29.0612 26.4311 22.8454 25.8717 19.6603 38.7003 19.9249
threshold=20.51630434782609 8.2293478260869595 38.786956521739135 2315.3750000000005 1816.1187500000001 0.28313308994381592 1392.6250000000002 -0.0053757035942445328 2.5000000000000004 5.8510869565217396 -0.90893575921103265 0.68274389090025245 27.772826086956524 1088.01875 -0.74441730022405961 -0.80418297442179409 -0.52766804058324157 13.500000000000002 0.30983042691905771 995.20108695652186 0.98174098242282837 0.52766072109828632 3.5000000000000004 -0.048361574224334618 2571.0000000000005 0.14888728888808328 1948.143749999999 -0.43733782138609528 -0.9905448150984083 0.18281312110578132
decision_type=2 2 2 2 2 2 2 2 2 2 2 2 2 2 2 2 2 2 2 2 2 2 2 2 2 2 2 2 2 2
left_child=1 9 4 -4 5 6 8 18 -2 -1 -6 -7 -13 -3 -10 16 -12 -9 -8 21 25 23 -23 27 -25 26 -21 28 -15 -29
right_child=2 13 3 -5 10 11 7 17 14 -11 15 12 -14 19 -16 -17 -18 -19 -20 20 -22 22 -24 24 -26 -27 -28 29 -30 -31
leaf_value=-0.00096954861229306801 5.5477612228049816e-05 0.0042165126368483696 0.0048380571033828984 -6.2402348835588484e-05 -0.002402268211135478 0.0061575316446526697 0.0033522716326007205 6.9793324937628129e-05 0.0068167912739117709 -0.00050158627055554015 0.00022712186075901782 0.0007855157965572457 0.0034651824818055068 -0.0014936527246273337 0.0016567071346265756 -1.257305651321261e-05 0.0039938374277306843 -0.0016401046424830631 0.00033587251961468838 -0.00070931586483226339 -0.0010457294876613946 0.00042543010364162092 -0.00092546250078846121 0.0011379823000872951 -0.00091319169525658239 -0.00021339675222239071 -0.0011824692367658847 -0.00030986302496581778 0.0016751127013301685 -0.0019174650700792576
leaf_weight=192 422 64 235 109 121 261 87 257 385 601 94 273 160 60 296 2154 63 308 381 643 120 166 766 417 96 1967 170 1400 238 66
leaf_count=192 422 64 235 109 121 261 87 257 385 601 94 273 160 60 296 2154 63 308 381 643 120 166 766 417 96 1967 170 1400 238 66
internal_value=-0.00116917 -0.0065882 0.00556447 0.0246377 0.00431313 0.00819498 0.00449228 -0.00236944 0.0109149 -0.022733 -0.000205508 0.0195683 0.0125576 -0.00451085 0.0172287 0.000973183 0.018038 -0.00998233 0.00682303 -0.00481997 -0.007687 -0.00222741 -0.00943194 0.00072432 0.0111868 -0.00665228 -0.0136978 -0.00232295 0.00936455 -0.00470348
internal_weight=12572 6966 5606 344 5262 2830 2136 1033 1103 793 2432 694 433 6173 681 2311 157 565 468 6109 2900 3209 932 2277 513 2780 813 1764 298 1466
internal_count=12572 6966 5606 344 5262 2830 2136 1033 1103 793 2432 694 433 6173 681 2311 157 565 468 6109 2900 3209 932 2277 513 2780 813 1764 298 1466
is_linear=0
shrinkage=0.05


Tree=73
num_leaves=31
num_cat=0
split_feature=0 0 9 0 0 9 5 9 5 6 9 2 5 8 9 7 7 7 2 5 7 9 5 5 2 5 7 1 8 1
split_gain=162.448 90.0087 61.2056 51.9412 37.9671 34.6831 29.7258 26.1804 26.0223 31.3349 30.1546 25.6246 25.2266 27.375 26.0865 25.9926 24.5832 22.9561 22.9098 22.0254 21.1379 24.4648 20.9464 35.5137 20.937 20.9101 19.6355 19.4847 21.4189 19.4773
threshold=10.589130434782611 26.511956521739133 2049.1374999999994 38.059782608695663 6.4500000000000011 2468.6249999999995 -0.99866806308218525 2319.7125000000001 0.99466373373798567 -0.52034141052533245 1416.024999999999 1011.6282608695655 0.48314048284850658 0.39629089145655322 1948.143749999999 -0.94139628442229062 0.04621502027255215 0.92023804793023134 1003.3315217391306 -0.65882179392489248 0.4737060765891063 1248.1125 -0.082689790342551819 -0.26037633224328088 997.53804347826099 0.84313847884979054 -0.99275346941927067 2.1847826086956528 -0.98523800472371936 99.83695652173914
decision_type=2 2 2 2 2 2 2 2 2 2 2 2 2 2 2 2 2 2 2 2 2 2 2 2 2 2 2 2 2 2
left_child=4 6 3 8 -1 16 -2 11 9 10 -3 12 20 14 15 -14 -6 -18 24 -19 21 -8 23 -4 29 -26 -23 -9 -29 -17
right_child=1 2 22 -5 5 -7 7 27 -10 -11 -12 -13 13 -15 -16 18 17 19 -20 -21 -22 26 -24 -25 25 -27 -28 28 -30 -31
leaf_value=-0.00080773145760791555 -0.0019285762943301922 0.0041930434948714793 -0.00045289340967289983 0.0049991292144174306 -0.000519563639425499 -0.00092532694644126626 0.0042813303652757149 0.00090624641965212781 -0.001751981664877944 0.0037890214161351386 -0.0016244503203063062 0.0026292209034704086 -0.0012232625040276557 -0.001721670174068793 -0.00081874435849908431 0.00064307131862966708 0.00011216060591443151 0.00010645392936334924 -0.00049406618875674768 -0.0012508810994912717 -0.0002941562257016625 -0.0011507658705009465 -0.00028059575901316912 0.002255903043390628 0.0093789280807626586 0.0005061799433606351 0.00032906588719404037 0.00073391282600437165 -0.00055472830595201014 -0.0021351016609917283
leaf_weight=297 115 302 256 185 673 93 109 77 67 746 172 84 293 146 564 500 418 76 261 123 1865 152 743 141 98 171 2184 92 1562 93
leaf_count=297 115 302 256 185 673 93 109 77 67 746 172 84 293 146 564 500 418 76 261 123 1865 152 743 141 98 171 2184 92 1562 93
internal_value=-0.0017063 0.000510065 0.00861079 0.0153428 -0.0161808 -0.0126806 -0.00201984 -0.00166626 0.0117624 0.0134316 0.00336842 -0.000214691 -0.000574802 -0.00503056 -0.00348309 0.000141143 -0.0105345 -0.00331715 0.0036032 -0.01725 0.00162375 0.00468111 -8.76424e-05 0.00917085 0.00753187 0.0190741 0.00359435 -0.00713048 -0.00827795 0.00227273
internal_weight=12658 10978 2612 1472 1680 1383 8366 8251 1287 1220 474 6520 6436 2126 1980 1416 1290 617 1123 199 4310 2445 1140 397 862 269 2336 1731 1654 593
internal_count=12658 10978 2612 1472 1680 1383 8366 8251 1287 1220 474 6520 6436 2126 1980 1416 1290 617 1123 199 4310 2445 1140 397 862 269 2336 1731 1654 593
is_linear=0
shrinkage=0.05


Tree=74
num_leaves=31
num_cat=0
split_feature=3 3 2 1 8 8 1 5 6 3 1 1 2 7 2 6 3 4 5 3 6 5 5 6 4 4 4 7 4 6
split_gain=25.9107 36.9724 26.3975 21.145 23.0899 17.8935 15.8688 17.5111 15.2684 14.2518 13.6458 13.5378 27.5184 18.4095 22.6586 19.2164 27.2631 20.5487 19.56 16.2696 16.2644 14.9562 14.4784 13.8939 13.4856 13.3768 15.7869 13.1475 21.5688 13.0827
threshold=17.500000000000004 8.5000000000000018 983.72717391304366 61.619565217391312 0.96117374062971617 0.62252290335232308 11.836956521739131 0.3261394409934788 0.9989598388634241 14.500000000000002 0.27173913043478265 92.945652173913061 987.70326086956538 -0.83377653105606597 989.31630434782619 -0.46039597980994923 14.500000000000002 1.0000000180025095e-35 0.96465729447553372 15.500000000000002 0.080547328232315238 -0.65882179392489248 -0.861146256326485 -0.082691941062253513 4.5000000000000009 2.5000000000000004 3.5000000000000004 -0.72696319516528884 4.5000000000000009 0.92191100909954782
decision_type=2 2 2 2 2 2 2 2 2 2 2 2 2 2 2 2 2 2 2 2 2 2 2 2 2 2 2 2 2 2
left_child=1 6 5 4 10 9 27 8 -8 -3 -2 13 23 14 -4 16 17 -15 19 -17 24 -19 -14 -13 -20 -12 -27 28 -1 -9
right_child=3 2 11 -5 -6 -7 7 29 -10 -11 25 12 22 15 -16 18 -18 21 20 -21 -22 -23 -24 -25 -26 26 -28 -29 -30 -31
leaf_value=-0.00082613340261957326 -0.0016080324499272325 -0.00099833526333100125 0.00053238043202330119 0.00075553916271320701 0.0019815723280830894 0.0040303830981815725 0.0005028511162305804 -5.4365631197270292e-05 -0.0012630762173734573 0.0016536727123204213 -0.00047770824114716265 8.1859733583530825e-05 0.0023219208583981298 0.0019054062482970564 -0.0013322774793006833 -0.00075944008745614314 -0.0012405341417118312 0.0012439949655910583 0.00028494514323557655 -0.00015746295555746359 0.0014774897896656315 -0.00022051623222883664 -3.6918269901244083e-05 -0.0020340340286004789 -0.0017712776622497853 0.00076190706941056381 -9.2501371293850226e-05 -0.00017825613429967997 0.00026053388172214421 -0.00097998583089250893
leaf_weight=78 87 150 80 1526 117 51 2161 1490 65 78 590 59 130 95 432 1356 326 155 99 385 73 374 686 123 48 200 629 775 58 55
leaf_count=78 87 150 80 1526 117 51 2161 1490 65 78 590 59 130 95 432 1356 326 155 99 385 73 374 686 123 48 200 629 775 58 55
internal_value=-0.00133658 -0.00265374 -0.005786 0.0025873 -0.00138547 0.00910714 0.000491138 0.00192206 0.00475977 0.00305677 -0.00305242 -0.00672773 -0.0016016 -0.00822138 -0.0169591 -0.00667926 -0.00084122 0.00528 -0.00950561 -0.0112801 0.00452489 0.00141509 0.00232558 -0.0191257 -0.00506757 -0.0018662 0.00222892 -0.00542763 -0.019708 -0.00216688
internal_weight=12531 9382 4700 3149 1623 279 4682 3771 2226 228 1506 4421 998 3423 512 2911 950 624 1961 1741 220 529 816 182 147 1419 829 911 136 1545
internal_count=12531 9382 4700 3149 1623 279 4682 3771 2226 228 1506 4421 998 3423 512 2911 950 624 1961 1741 220 529 816 182 147 1419 829 911 136 1545
is_linear=0
shrinkage=0.05


Tree=75
num_leaves=31
num_cat=0
split_feature=0 0 0 0 2 2 4 6 7 4 3 3 6 3 2 6 2 6 7 7 7 1 4 1 2 8 7 3 6 2
split_gain=167.129 82.0249 53.6787 27.1341 21.4726 25.0308 20.515 32.6214 29.1299 19.9808 17.3052 27.7892 17.2501 16.4172 15.9863 18.0386 15.7757 22.9284 29.9688 24.5317 16.9378 16.4068 16.2691 20.1592 28.301 18.3944 21.7203 16.0575 19.5231 16.8997
threshold=20.255434782608699 8.2293478260869595 38.059782608695663 5.1173913043478274 1005.8728260869567 1011.6282608695655 2.5000000000000004 0.33222858587828868 -0.92273922871446856 4.5000000000000009 17.500000000000004 5.5000000000000009 0.38043945030393422 21.500000000000004 1004.888043478261 0.53312596302726967 991.07717391304357 0.99611390731392835 0.033323506451456063 -0.98803388382128665 -0.96688789938088693 92.445652173913061 4.5000000000000009 98.228260869565233 983.22826086956536 0.19969739736768838 0.067682722635586057 4.5000000000000009 -0.42958798411962301 1001.1304347826089
decision_type=2 2 2 2 2 2 2 2 2 2 2 2 2 2 2 2 2 2 2 2 2 2 2 2 2 2 2 2 2 2
left_child=1 3 6 -1 10 -6 7 13 -9 -4 11 -3 -10 -2 -5 -16 22 19 -19 -18 -21 27 25 24 -24 -8 -27 28 -22 -30
right_child=2 4 9 14 5 -7 16 8 12 -11 -12 -13 -14 -15 15 -17 17 18 -20 20 21 -23 23 -25 -26 26 -28 -29 29 -31
leaf_value=-0.0010621047711271039 -0.0007255072813551922 -2.3219473329146036e-05 0.0030164936402987119 -0.00063776281375322252 -0.00066552868223634801 0.00034670099272127305 0.0019484128519151045 0.0029948063244804816 0.002392920321463632 -9.2197727844900437e-05 3.3283946522733035e-05 -0.00058924424821994422 1.8019867305818504e-06 0.0016119274877165581 0.00020691789686313328 -0.00033282002352318096 -0.0017125926538451659 -0.0036632375370607706 0.0013354643330829919 0.0078530410447412609 0.0099628146764390024 0.0024400360397003884 0.0045480608001477489 -0.002177964534058907 -0.00047860560770632 -0.0043577335034461042 0.00050291612798815117 0.00071133286235717521 -0.00042808106918348356 0.0021621304224887839
leaf_weight=98 1163 1518 307 553 462 65 385 152 85 73 1408 2592 646 89 57 90 51 59 51 42 63 398 60 169 355 46 225 1191 105 79
leaf_count=98 1163 1518 307 553 462 65 385 152 85 73 1408 2592 646 89 57 90 51 59 51 42 63 398 60 169 355 46 225 1191 105 79
internal_value=-0.00155483 -0.00684541 0.0046937 -0.0219024 -0.00485445 -0.0144886 0.00341644 -0.00039794 0.00695701 0.0228346 -0.00393187 -0.00557042 0.00280055 -0.00558659 -0.0184023 -0.00371622 0.00589939 0.00860294 -0.0135135 0.00987047 0.0108036 0.0100708 0.00145044 -0.00461538 0.00132212 0.00684932 -0.003125 0.0075747 0.0191532 0.0108108
internal_weight=12637 6843 5794 798 6045 527 5414 2135 883 380 5518 4110 731 1252 700 147 3279 2039 110 1929 1878 1836 1240 584 415 656 271 1438 247 184
internal_count=12637 6843 5794 798 6045 527 5414 2135 883 380 5518 4110 731 1252 700 147 3279 2039 110 1929 1878 1836 1240 584 415 656 271 1438 247 184
is_linear=0
shrinkage=0.05


Tree=76
num_leaves=31
num_cat=0
split_feature=9 9 6 3 3 6 6 5 8 9 6 1 8 9 7 7 7 2 5 3 3 1 3 5 8 7 2 9 5 9
split_gain=68.0489 34.2474 27.4813 22.9494 28.3574 29.6258 22.9001 22.8317 22.6811 20.5834 23.6425 20.0286 19.6409 24.1023 19.067 20.386 18.6495 21.1147 19.3679 21.3467 17.243 20.0549 18.4413 17.6873 16.4501 15.0716 26.2326 24.0892 26.669 20.4925
threshold=2273.2437500000001 2237.6062499999994 -0.33426211444629356 19.500000000000004 2.5000000000000004 -0.77788789561442695 -0.99168640063982161 -0.51297808981038739 0.26659387353423869 2031.737499999999 0.89309379682046119 0.27173913043478265 0.47370525521770246 2031.737499999999 -0.82415234898030387 -0.80418297442179409 -0.7614135502316719 1000.0163043478262 -0.35846811432664222 14.500000000000002 16.500000000000004 99.532608695652186 7.5000000000000009 0.89787622492179153 0.59004310983071195 0.11478755917771409 992.20760869565231 1820.6375000000003 0.92922379131507438 1948.143749999999
decision_type=2 2 2 2 2 2 2 2 2 2 2 2 2 2 2 2 2 2 2 2 2 2 2 2 2 2 2 2 2 2
left_child=1 3 -2 4 -1 8 -5 -3 -6 10 25 -8 13 -13 -4 -16 -11 18 19 -18 22 23 -17 -22 -14 26 27 -7 -29 -27
right_child=2 7 14 6 5 9 11 -9 -10 16 -12 12 24 -15 15 20 17 -19 -20 -21 21 -23 -24 -25 -26 29 -28 28 -30 -31
leaf_value=0.00054605919899590319 -0.0011130806438715366 -0.00034101680230480411 -0.00093862572241894141 0.0057357721572183166 -0.0023667010197508222 0.0012234097035966895 -0.0016839610689981035 0.0016793373236997367 -0.00046857819935569936 -0.0014383052247541883 0.0039035303847456517 0.0015148799692699 -0.0018344800647944312 -0.00049943025014314993 0.0029571018989379529 -0.00022259099806724132 -0.0005213070495315511 0.00022318886445255802 -0.00079801199791064154 0.0024102098592749255 0.00037315499506586293 -0.0013021262982807369 -0.00056197499151084166 -0.0006593708058682461 9.4256739404754994e-05 0.00022040028077658093 -0.00063399438768366179 -0.0017026926992148939 0.0026598548837301599 0.0017494482961910752
leaf_weight=1144 62 64 180 54 67 519 50 219 1389 105 60 923 70 123 43 1005 170 249 417 66 586 155 1110 152 277 2153 945 147 52 101
leaf_count=1144 62 64 180 54 67 519 50 219 1389 105 60 923 70 123 43 1005 170 249 417 66 586 155 1110 152 277 2153 945 147 52 101
internal_value=-0.000786064 0.00138815 -0.00696721 0.000853336 -0.000263678 -0.00155255 0.00650868 0.0184859 -0.0078243 0.000280843 0.00189794 0.00529778 0.00642037 0.00983763 -0.00632735 -0.00538991 -0.00610119 -0.00376523 -0.00848624 0.00295359 -0.00588235 -5.59284e-05 -0.00834121 0.00338295 -0.00387931 0.00141654 -0.00219351 0.00500695 -0.00975 0.00407982
internal_weight=12657 9364 3293 9081 7584 6440 1497 283 1456 4984 3977 1443 1393 1046 3231 3051 1007 902 653 236 3008 893 2115 738 347 3917 1663 718 199 2254
internal_count=12657 9364 3293 9081 7584 6440 1497 283 1456 4984 3977 1443 1393 1046 3231 3051 1007 902 653 236 3008 893 2115 738 347 3917 1663 718 199 2254
is_linear=0
shrinkage=0.05


Tree=77
num_leaves=31
num_cat=0
split_feature=3 3 6 1 6 6 3 3 1 4 5 5 4 6 6 6 4 6 7 5 3 3 6 1 7 7 5 2 6 2
split_gain=25.5573 28.8575 20.1322 14.7155 14.6828 21.6361 14.29 13.6405 20.2646 24.9117 23.8637 20.9138 17.1382 15.9396 18.8152 13.6447 13.5729 13.465 13.4377 15.0162 13.3999 13.0107 12.8025 22.3314 13.9818 12.5246 12.0538 20.0253 17.8592 17.5419
threshold=18.500000000000004 2.5000000000000004 -0.99168640063982161 65.358695652173921 -0.99966479353140603 -0.98801846520836312 21.500000000000004 9.5000000000000018 92.945652173913061 5.5000000000000009 -0.99275805973510278 0.96465729447553372 2.5000000000000004 -0.53495380374625956 -0.4755978891912595 0.097680735332368748 1.5000000000000002 0.99681593486783593 0.95566275305367776 0.94978112945126536 4.5000000000000009 8.5000000000000018 -0.20180761162458913 6.4239130434782616 -0.51297808981038739 0.52217737485370563 0.15951094710994371 994.91413043478269 -0.31800055644052067 983.72717391304366
decision_type=2 2 2 2 2 2 2 2 2 2 2 2 2 2 2 2 2 2 2 2 2 2 2 2 2 2 2 2 2 2
left_child=1 22 -2 6 -3 21 -4 13 11 10 -10 -9 -12 16 -15 -13 -7 18 19 -5 -18 -6 23 -1 -24 -11 27 -16 -28 -30
right_child=2 4 3 17 5 7 -8 8 9 25 12 15 -14 14 26 -17 20 -19 -20 -21 -22 -23 24 -25 -26 -27 28 -29 29 -31
leaf_value=-0.00070948264993072924 0.0051452082043669748 -0.0018223246359725901 -0.00029739442512444691 0.0012960206081701565 -0.00036734345529550741 0.00024518362453775853 0.00038393870725996902 -0.00057302739461551869 0.0043194503057465642 -0.0031098742433375314 -0.00060761887477365497 -0.00011650254922753734 0.00068450977752194388 0.002102276828682055 0.00092458014640858235 0.0017242762684924447 6.7918056324432771e-05 -0.0014897266067244259 -0.00065549821637046204 -0.00016505519245613444 -0.00096204267154020862 0.0041323416008617626 0.00049591817732124875 0.0012386439247629279 -0.00021903185024542624 0.00020744958954192413 -0.00092382899185025277 -0.00012361071464926445 -0.0010783047206049806 1.8113332209268586e-05
leaf_weight=96 61 42 782 871 71 229 557 3214 67 92 457 168 489 71 644 75 164 42 104 206 421 118 292 509 688 44 114 826 135 986
leaf_count=96 61 42 782 871 71 229 557 3214 67 92 457 168 489 71 644 75 164 42 104 206 421 118 292 509 688 44 114 826 135 986
internal_value=-0.00109607 -0.00224708 0.00329649 0.00261412 -0.00341125 -0.00326139 -0.00100746 -0.00364768 -0.00544823 0.000304348 0.00300789 -0.00735975 0.00095037 -0.00133668 0.000468131 0.0067623 -0.00748466 0.0065768 0.00757191 0.00923006 -0.0115188 0.0134211 0.00394073 0.00965347 0.000407747 -0.019708 -0.000203252 0.0028552 -0.00384304 -0.00191622
internal_weight=12635 10012 2623 2562 8427 8385 1339 8196 4606 1149 1013 3457 946 3590 2776 243 814 1223 1181 1077 585 189 1585 605 980 136 2705 1470 1235 1121
internal_count=12635 10012 2623 2562 8427 8385 1339 8196 4606 1149 1013 3457 946 3590 2776 243 814 1223 1181 1077 585 189 1585 605 980 136 2705 1470 1235 1121
is_linear=0
shrinkage=0.05


Tree=78
num_leaves=31
num_cat=0
split_feature=3 3 1 6 1 6 6 1 4 5 1 7 8 4 5 6 8 8 2 7 7 5 7 6 4 3 2 7 7 7
split_gain=24.2803 35.7984 28.9201 23.0396 24.8239 19.2579 19.2349 16.1039 15.7573 16.3983 13.96 13.6686 13.3456 13.5403 29.8198 31.6997 20.6974 25.1345 20.5359 19.2555 16.7958 15.7754 13.3121 29.2948 12.9114 12.7084 12.3628 12.3179 21.8846 18.6663
threshold=16.500000000000004 4.5000000000000009 65.880434782608702 -0.065537083312030994 7.4456521739130439 0.99748108949426018 0.82777578779003613 17.543478260869566 2.5000000000000004 0.92273069556937592 88.206521739130451 -0.9905448150984083 0.99953765813430351 5.5000000000000009 -0.96235977360714686 0.97832380634958016 0.53313582347195043 -0.10837475778693638 1007.7565217391306 -0.2270106897347694 0.44313197806314492 0.86113431103781346 0.99351232050787985 0.689015599449598 2.5000000000000004 20.500000000000004 1005.8728260869567 0.93544191479114935 0.94135275643221272 0.90892735371523092
decision_type=2 2 2 2 2 2 2 2 2 2 2 2 2 2 2 2 2 2 2 2 2 2 2 2 2 2 2 2 2 2
left_child=1 6 3 4 -2 10 -1 26 -6 25 -4 -12 13 18 -15 16 17 21 22 -20 -18 -16 27 -24 -21 -10 -5 29 -29 -3
right_child=2 12 5 7 8 -7 -8 -9 9 -11 11 -13 -14 14 15 -17 20 -19 19 24 -22 -23 23 -25 -26 -27 -28 28 -30 -31
leaf_value=0.00032908756390870184 -0.0016128581845841344 -0.00025232196987709233 0.0014243066942668586 0.00065864009651212668 -0.0008488103219010557 -0.0015484607306085086 -0.00031730510251705982 -0.00018500715144751935 -0.00015694638999709867 -0.0013641072981104682 -0.0019004798607601488 0.0006574477484519157 -0.0005421697912884291 -0.0017921054565384635 0.00028413026247390004 -0.0018318941079402324 0.0021364340454902405 -0.0014375514543270745 -0.0010612719836785357 -0.00093604757961637678 -0.00073040701699263189 -0.00039161048402959893 0.0021748510790375155 -0.0012015945359842074 0.0002479550758102911 0.0022135446969949054 -2.846414777060366e-06 -0.0030698207615603348 -0.00053342300754267156 0.0012277166084196213
leaf_weight=2049 245 4283 614 263 322 45 574 487 226 57 42 1041 48 93 193 79 109 202 91 76 83 159 133 69 117 171 160 40 345 144
leaf_count=2049 245 4283 614 263 322 45 574 487 226 57 42 1041 48 93 193 79 109 202 91 76 83 159 133 69 117 171 160 40 345 144
internal_value=-0.00114641 -0.00255963 0.00227273 -0.00194099 -0.00709393 0.00694205 0.00234375 0.00384193 -0.0027027 0.0032967 0.0078033 0.00438192 -0.00461293 -0.00440727 -0.0100109 -0.00696126 -0.00374833 -0.00864865 -0.00343461 -0.0164912 0.0103627 -0.000566572 -0.00269192 0.00985222 -0.00747423 0.00690955 0.010967 -0.00322044 -0.0117876 -0.0024729
internal_weight=12560 8887 3673 1931 1021 1742 2623 910 776 454 1697 1083 6264 6216 918 825 746 554 5298 284 192 352 5014 202 193 397 423 4812 385 4427
internal_count=12560 8887 3673 1931 1021 1742 2623 910 776 454 1697 1083 6264 6216 918 825 746 554 5298 284 192 352 5014 202 193 397 423 4812 385 4427
is_linear=0
shrinkage=0.05


end of trees

feature_importances:
v100m=407
cap95_wind=405
hod=379
doy_c=283
doy_s=200
doy_s2=197
pres=163
cloud=131
doy_c2=103
dow=102

parameters:
[boosting: gbdt]
[objective: regression_l1]
[metric: l1]
[tree_learner: serial]
[device_type: cpu]
[data_sample_strategy: bagging]
[data: ]
[valid: ]
[num_iterations: 79]
[learning_rate: 0.05]
[num_leaves: 31]
[num_threads: 80]
[seed: 0]
[deterministic: 0]
[force_col_wise: 0]
[force_row_wise: 0]
[histogram_pool_size: -1]
[max_depth: -1]
[min_data_in_leaf: 40]
[min_sum_hessian_in_leaf: 0.001]
[bagging_fraction: 0.8]
[pos_bagging_fraction: 1]
[neg_bagging_fraction: 1]
[bagging_freq: 1]
[bagging_seed: 3]
[bagging_by_query: 0]
[feature_fraction: 0.8]
[feature_fraction_bynode: 1]
[feature_fraction_seed: 2]
[extra_trees: 0]
[extra_seed: 6]
[early_stopping_round: 0]
[early_stopping_min_delta: 0]
[first_metric_only: 0]
[max_delta_step: 0]
[lambda_l1: 0]
[lambda_l2: 1]
[linear_lambda: 0]
[min_gain_to_split: 0]
[drop_rate: 0.1]
[max_drop: 50]
[skip_drop: 0.5]
[xgboost_dart_mode: 0]
[uniform_drop: 0]
[drop_seed: 4]
[top_rate: 0.2]
[other_rate: 0.1]
[min_data_per_group: 100]
[max_cat_threshold: 32]
[cat_l2: 10]
[cat_smooth: 10]
[max_cat_to_onehot: 4]
[top_k: 20]
[monotone_constraints: ]
[monotone_constraints_method: basic]
[monotone_penalty: 0]
[feature_contri: ]
[forcedsplits_filename: ]
[refit_decay_rate: 0.9]
[cegb_tradeoff: 1]
[cegb_penalty_split: 0]
[cegb_penalty_feature_lazy: ]
[cegb_penalty_feature_coupled: ]
[path_smooth: 0]
[interaction_constraints: ]
[verbosity: -1]
[saved_feature_importance_type: 0]
[use_quantized_grad: 0]
[num_grad_quant_bins: 4]
[quant_train_renew_leaf: 0]
[stochastic_rounding: 1]
[linear_tree: 0]
[max_bin: 255]
[max_bin_by_feature: ]
[min_data_in_bin: 3]
[bin_construct_sample_cnt: 200000]
[data_random_seed: 1]
[is_enable_sparse: 1]
[enable_bundle: 1]
[use_missing: 1]
[zero_as_missing: 0]
[feature_pre_filter: 1]
[pre_partition: 0]
[two_round: 0]
[header: 0]
[label_column: ]
[weight_column: ]
[group_column: ]
[ignore_column: ]
[categorical_feature: ]
[forcedbins_filename: ]
[precise_float_parser: 0]
[parser_config_file: ]
[objective_seed: 5]
[num_class: 1]
[is_unbalance: 0]
[scale_pos_weight: 1]
[sigmoid: 1]
[boost_from_average: 1]
[reg_sqrt: 0]
[alpha: 0.9]
[fair_c: 1]
[poisson_max_delta_step: 0.7]
[tweedie_variance_power: 1.5]
[lambdarank_truncation_level: 30]
[lambdarank_norm: 1]
[label_gain: ]
[lambdarank_position_bias_regularization: 0]
[eval_at: ]
[multi_error_top_k: 1]
[auc_mu_weights: ]
[num_machines: 1]
[local_listen_port: 12400]
[time_out: 120]
[machine_list_filename: ]
[machines: ]
[gpu_platform_id: -1]
[gpu_device_id: -1]
[gpu_device_id_list: ]
[gpu_use_dp: 0]
[num_gpu: 1]

end of parameters

pandas_categorical:[]
