tree
version=v4
num_class=1
num_tree_per_iteration=1
label_index=0
max_feature_idx=15
objective=regression_l1
feature_names=T Tma cdh hdh cdh2 hdh2 ghi hod dow is_hol doy_s doy_c doy_s2 doy_c2 ar1 ar7
feature_infos=[-12.862745098039214:35.2843137254902] [-7.3592728758169921:26.034313725490197] [0:14.2843137254902] [0:29.362745098039213] [0:20.404161860822775] [0:86.217079969242576] [0:932.07843137254895] [0:23] [0:6] none [-0.9999994220246925:0.99998555065071859] [-0.99997919295908233:0.9999907524084426] [-0.9999994220246925:0.99995318436087299] [-0.99999768809943823:0.99996300980480612] [553.91999999999996:2610.9699999999998] [520.59000000000003:2610.9699999999998]
tree_sizes=2683 2770 2801 2797 2810 2802 2787 2796 2810 2793 2820 2818 2827 2812 2807 2823 2785 2810 2798 2817 2813 2814 2827 2807 2822 2819 2833 2808 2826 2835 2826 2836 2823 2833 2834 2824 2816 2849 2818 2838 2818 2818 2853 2837 2830 2840 2808 2838 2803 2847 2859 2841 2841 2836 2858 2843 2855 2833 2856 2842 2816 2826 2842 2845 2838 2853 2833 2865 2846 2846 2881 2846 2840 2855 2863 2856 2868 2826 2850 2858 2825 2854 2851

Tree=0
num_leaves=31
num_cat=0
split_feature=14 15 15 8 8 14 14 8 14 14 14 8 11 15 11 0 0 12 14 7 13 15 8 8 14 0 7 13 8 14
split_gain=5693.64 845.514 601.988 269.811 243.592 114.726 104.171 134.04 82.9694 61.5781 56.3354 55.6416 52.2567 44.172 42.6161 34.6221 33.6258 38.8758 25.3181 23.3913 20.5989 18.8055 19.3155 18.5682 23.813 18.0963 17.2412 16.5496 21.9631 15.5658
threshold=1429.0950000000003 1422.3200000000002 1422.3200000000002 1.0000000180025095e-35 4.5000000000000009 1628.0650000000003 1590.6900000000003 4.5000000000000009 1450.1050000000002 1336.6400000000001 1216.7050000000002 2.5000000000000004 0.60383265664488517 1454.0950000000003 0.26659387353423869 19.402941176470595 12.892156862745098 1.0000000180025095e-35 1387.3050000000003 15.500000000000002 -0.46800559042974538 1322.3700000000001 1.0000000180025095e-35 1.5000000000000002 1490.4450000000004 4.8205882352941183 4.5000000000000009 -0.59868927840444253 3.5000000000000004 1548.4450000000004
decision_type=8 8 10 2 2 10 10 2 10 10 10 2 2 10 2 2 2 2 10 2 2 8 2 2 8 2 2 2 2 10
left_child=2 4 9 10 8 12 7 23 20 21 15 25 -6 -9 -7 -4 -10 -18 27 -15 -2 -1 26 -3 -25 -11 -23 28 -5 -14
right_child=1 6 3 18 5 14 -8 13 16 11 -12 -13 29 19 -16 -17 17 -19 -20 -21 -22 22 -24 24 -26 -27 -28 -29 -30 -31
leaf_value=1413.7692596435547 1423.9590087890624 1439.3807586669923 1431.4470092773438 1426.8415100097657 1420.9382568359374 1427.0235076904296 1445.5747589111329 1422.6640075683595 1437.4110107421875 1429.4910095214843 1436.2775085449218 1422.9630065917968 1426.0165100097656 1427.767510986328 1434.0355102539063 1422.8735107421876 1425.4575073242188 1432.1102600097656 1427.8212585449219 1431.3205078125 1429.0930114746093 1422.3042602539062 1419.6305114746094 1430.2310119628905 1433.5260070800782 1427.0210083007812 1426.1792602539062 1423.0085083007812 1419.9265106201171 1429.5027587890625
leaf_weight=3160 74 558 134 141 346 86 3468 65 305 71 335 555 110 79 97 59 43 130 204 81 85 64 511 237 475 171 154 408 58 46
leaf_count=3160 74 558 134 141 346 86 3468 65 305 71 335 555 110 79 97 59 43 130 204 81 85 64 511 237 475 171 154 408 58 46
internal_value=1428.51 1428.54 1428.47 1428.5 1428.51 1428.49 1428.55 1428.54 1428.53 1428.47 1428.53 1428.48 1428.47 1428.51 1428.52 1428.51 1428.54 1428.52 1428.49 1428.52 1428.5 1428.46 1428.47 1428.55 1428.54 1428.5 1428.48 1428.48 1428.49 1428.5
internal_weight=12310 6285 6025 1339 1322 685 4963 1495 637 4686 528 797 502 225 183 193 478 173 811 160 159 3889 729 1270 712 242 218 607 199 156
internal_count=12310 6285 6025 1339 1322 685 4963 1495 637 4686 528 797 502 225 183 193 478 173 811 160 159 3889 729 1270 712 242 218 607 199 156
is_linear=0
shrinkage=1


Tree=1
num_leaves=31
num_cat=0
split_feature=14 15 15 8 8 14 14 8 14 14 14 14 8 1 1 0 0 15 15 1 13 8 0 8 12 1 14 8 7 15
split_gain=5618.38 674.893 662.157 316.628 233.937 141.755 82.5589 79.9384 73.7909 64.3235 61.5351 59.5701 53.9789 52.3527 47.1389 35.9706 31.4496 28.7664 28.707 26.7023 34.02 24.1634 23.582 22.7764 20.6134 19.7731 21.9214 18.5782 18.3326 17.3835
threshold=1450.1050000000002 1416.575 1432.2350000000004 4.5000000000000009 1.0000000180025095e-35 1635.9100000000003 1375.8400000000001 4.5000000000000009 1457.4300000000003 1375.8400000000001 1598.9550000000002 1189.3350000000003 4.5000000000000009 8.7764297385620917 0.88227124183006533 18.487254901960785 13.073529411764707 1322.3700000000001 1241.9250000000002 12.652593954248369 -0.58481178939031186 1.5000000000000002 18.171568627450984 5.5000000000000009 0.98334239299093984 8.2297181372549026 1545.2800000000002 3.5000000000000004 16.500000000000004 1587.9400000000003
decision_type=8 10 10 2 2 10 10 2 10 10 8 10 2 2 2 2 2 8 8 2 2 2 2 2 2 2 10 2 2 10
left_child=1 6 3 8 11 14 18 -8 17 19 12 15 -4 -7 -5 -3 -10 -2 -1 -6 22 24 -21 -14 -20 26 -16 -11 -25 -12
right_child=2 4 10 5 9 13 7 -9 16 27 29 -13 23 -15 25 -17 -18 -19 21 20 -22 -23 -24 28 -26 -27 -28 -29 -30 -31
leaf_value=-14.893712005615237 -9.1320144653320323 2.9983984374999979 5.5007015991210899 2.1005447387695315 -6.3340007019042961 5.7197739410400406 -0.51335159301757471 -7.9356503295898397 9.7029479980468754 0.33943634033203129 7.9532627868652304 7.3156228637695335 -1.1608731079101517 -1.6624770355224598 -4.1355758666992193 -5.7059252929687547 2.729985046386719 1.8259696960449219 -5.543461761474612 4.7144247436523417 -5.998423461914058 -8.0975259399414092 -3.3235757446289087 -0.2813748168945267 0.4410383605957009 -7.4489147949218708 0.28761230468750226 -1.3480636596679689 4.0879724121093775 18.663760833740231
leaf_weight=2674 69 100 989 40 280 122 334 240 411 263 594 366 67 82 86 60 237 64 568 64 184 908 41 42 42 307 48 135 53 2861
leaf_count=2674 69 100 989 40 280 122 334 240 411 263 594 366 67 82 86 60 237 64 568 64 184 908 41 42 42 307 48 135 53 2861
internal_value=5.27084e-05 -0.0331869 0.0343158 0.00504431 -0.00384873 -0.0197522 -0.0423747 -0.0245217 0.0267903 -0.0184401 0.0436293 0.0229602 0.0335503 0.015122 -0.0345436 -0.00248447 0.0337442 -0.00708955 -0.0448128 -0.0292105 -0.0184483 -0.0392363 0.00424528 0.00674847 -0.0314239 -0.0392534 -0.022963 -0.00300752 0.0223958 0.0469763
internal_weight=12331 6259 6072 1466 1493 685 4766 574 781 967 4606 526 1151 204 481 160 648 133 4192 569 289 1518 105 162 610 441 134 398 95 3455
internal_count=12331 6259 6072 1466 1493 685 4766 574 781 967 4606 526 1151 204 481 160 648 133 4192 569 289 1518 105 162 610 441 134 398 95 3455
is_linear=0
shrinkage=0.05


Tree=2
num_leaves=31
num_cat=0
split_feature=15 15 15 1 1 11 3 7 1 8 7 10 7 1 1 13 11 10 15 13 15 10 7 0 12 11 1 7 8 10
split_gain=5028.17 471.203 285.757 146.514 139.38 109.242 104.324 99.9285 81.0845 78.8249 75.4959 74.7743 61.9702 46.8755 45.0645 42.9787 44.3227 41.2492 38.8722 40.4215 38.422 37.0458 35.3193 45.1076 51.2711 36.4398 35.025 32.585 48.2133 32.2672
threshold=1457.5650000000003 1336.2100000000003 1571.9100000000003 9.1605392156862759 1.0000000180025095e-35 0.99349222267034787 1.2245098039215698 3.5000000000000004 8.7764297385620917 4.5000000000000009 20.500000000000004 -0.54220184589352438 3.5000000000000004 -0.58347630718954235 1.0000000180025095e-35 -0.91597566659893348 0.99681593486783593 0.73283908552571653 1422.3200000000002 -0.039769286347669845 1248.5100000000002 -0.03977009085991149 3.5000000000000004 11.329411764705883 0.69522491211780757 0.98899263613956456 18.478308823529414 21.500000000000004 5.5000000000000009 -0.59869031648930193
decision_type=10 8 10 2 2 2 2 2 2 2 2 2 2 2 2 2 2 2 8 2 10 2 2 2 2 2 2 2 2 2
left_child=1 3 11 12 -3 6 17 -6 29 10 18 -2 13 -1 -13 -14 27 -4 19 -10 -5 -7 -16 25 26 -24 -25 28 -17 -9
right_child=2 4 5 20 7 21 -8 8 9 -11 -12 14 15 -15 22 16 -18 -19 -20 -21 -22 -23 23 24 -26 -27 -28 -29 -30 -31
leaf_value=2.6708358001709032 4.4627247772216725 7.8548323822021535 5.9294931793212875 -14.000378601074216 -4.2645410308837883 -2.4657939643859894 15.714368434906 5.6226728401184118 0.35503788757324628 -5.2339641723632786 -5.128812038421632 9.0127247772216723 -8.0496981811523494 -6.2260404129028304 -1.830031814575193 6.6757367668151808 -6.0047759170532231 -2.9541102752685564 1.639462814331057 -4.137343379974368 -6.1875844879150463 8.5330752334594653 2.7669178009033204 -1.0564589691162041 -3.9738974761962824 -3.9407261123657236 3.5521681289672928 -2.6069798202514565 -2.5770864410400467 0.43999549484253181
leaf_weight=43 477 141 247 2788 411 98 3566 128 240 309 116 77 73 399 77 165 83 116 331 204 789 83 436 214 73 65 122 95 79 290
leaf_count=43 477 141 247 2788 411 98 3566 128 240 309 116 77 73 399 77 165 83 116 331 204 789 83 436 214 73 65 122 95 79 290
internal_value=-2.83722e-05 -0.0293792 0.0346868 -0.0385825 -0.0102257 0.0415714 0.0433206 -0.0135714 -0.00796788 -0.0145712 -0.00700673 0.01631 -0.0209488 -0.0345372 0.00892019 -0.00877016 -0.00260047 0.0177198 -0.00135309 -0.0110112 -0.0431945 0.00357143 0.00602227 0.00878156 -0.00353659 0.0188247 0.00474777 0.00544118 0.015102 0.0109785
internal_weight=12335 6684 5651 4514 2170 4110 3929 2029 1618 1200 891 1541 937 442 1064 495 422 363 775 444 3577 181 987 910 409 501 336 339 244 418
internal_count=12335 6684 5651 4514 2170 4110 3929 2029 1618 1200 891 1541 937 442 1064 495 422 363 775 444 3577 181 987 910 409 501 336 339 244 418
is_linear=0
shrinkage=0.05


Tree=3
num_leaves=31
num_cat=0
split_feature=15 15 15 1 11 11 10 1 1 7 7 1 8 1 7 7 0 3 10 7 7 10 8 11 15 12 10 1 10 0
split_gain=4778.6 401.112 344.412 134.146 104.853 101.024 87.6759 82.7782 78.3277 75.9208 65.2033 64.5855 70.2374 61.105 63.5185 60.4245 45.8572 45.1977 44.2376 41.3984 40.7993 34.0875 32.0957 53.2645 31.7927 30.9429 56.3185 33.0192 30.574 29.1284
threshold=1422.3200000000002 1571.9100000000003 1329.0450000000003 9.1605392156862759 0.99349222267034787 -0.42179730054635828 -0.54939360607974019 -1.46609477124183 -0.42667483660130712 3.5000000000000004 3.5000000000000004 8.9758578431372573 4.5000000000000009 1.0000000180025095e-35 3.5000000000000004 20.500000000000004 18.83921568627451 4.5696078431372573 -0.03977009085991149 20.500000000000004 15.500000000000002 0.41398981800788198 5.5000000000000009 0.99748108949426018 1238.0350000000001 0.67008845381070758 -0.70898476237405783 23.709803921568632 0.99274428880883148 14.940196078431374
decision_type=10 10 8 2 2 2 2 2 2 2 2 2 2 2 2 2 2 2 2 2 2 2 2 2 10 2 2 2 2 2
left_child=2 6 3 7 5 -3 -2 -1 -4 -9 -10 21 15 -8 -15 25 -16 28 -6 22 -18 -12 23 -11 -5 27 -27 29 -7 -13
right_child=1 4 8 24 18 17 13 9 10 19 11 12 -14 14 16 -17 20 -19 -20 -21 -22 -23 -24 -25 -26 26 -28 -29 -30 -31
leaf_value=9.310259784698486 3.8187545204162578 1.4989403953552256 7.7033121528625434 -13.877007353210445 -2.5067818502426236 8.4266331827163636 8.3760278045654282 -5.8763243144988966 -4.3854223472595324 5.6004217683792152 3.4450750905990617 2.8142094017028856 -5.6066678955078038 -1.8832211036682112 1.6922382469177251 -5.7983324541091976 -6.0050218793869083 16.348357788276669 7.6680717479705782 -4.1773508991241561 2.9243207775115936 -1.7865481908798302 -4.0821906761169435 -7.0049015621185395 -6.6450667785644555 0.41278850326538646 -7.801483119392401 4.2927178922653182 -0.32585498380661876 -1.5269541582107538
leaf_weight=42 621 197 104 2642 105 630 96 412 350 160 260 122 263 143 909 99 132 3009 85 163 95 119 97 40 853 104 101 73 54 198
leaf_count=42 621 197 104 2642 105 630 96 412 350 160 260 122 263 143 909 99 132 3009 85 163 95 119 97 40 853 104 101 73 54 198
internal_value=-1.6288e-05 0.0314958 -0.0308883 -0.0384014 0.0404803 0.0422513 0.0131197 -0.0213115 -0.0124025 -0.0246277 -0.015 -0.00996269 -0.0168574 0.00606831 0.00316406 -0.00852436 0.00712401 0.0441121 0.00418848 -0.0106291 -0.0129386 0.0075 0.000503356 0.0119403 -0.0428633 -0.00250417 -0.0182039 0.00571066 0.0324088 -0.00124611
internal_weight=12278 6076 6202 4409 4080 3890 1996 914 1793 872 1689 1339 960 1375 1279 697 1136 3693 190 460 227 379 297 200 3495 598 205 393 684 320
internal_count=12278 6076 6202 4409 4080 3890 1996 914 1793 872 1689 1339 960 1375 1279 697 1136 3693 190 460 227 379 297 200 3495 598 205 393 684 320
is_linear=0
shrinkage=0.05


Tree=4
num_leaves=31
num_cat=0
split_feature=15 15 15 11 6 11 6 7 6 8 6 0 7 8 10 0 10 11 7 3 10 11 11 11 15 6 6 10 0 12
split_gain=4504.9 449.892 308.694 127.892 117.739 104.221 112.017 90.0135 88.962 117.599 190.503 87.8243 72.029 72.179 59.6804 57.6228 54.5606 53.6874 46.9078 45.7411 44.4496 39.6751 39.5902 39.0352 36.5883 33.0977 35.1135 31.2498 29.5222 24.4373
threshold=1454.0950000000003 1329.0450000000003 1624.0150000000001 0.59003219687534991 395.95098039215685 0.99349222267034787 433.57843137254906 3.5000000000000004 3.490196078431373 4.5000000000000009 275.95098039215691 4.7225490196078441 20.500000000000004 4.5000000000000009 0.074116354202380205 10.104901960784316 -0.53493989022977317 -0.69676771491221523 4.5000000000000009 11.904901960784317 -0.03977009085991149 -0.40613878790836594 -0.013976481981245173 -0.056951011027366626 1491.0350000000001 461.56862745098039 5.3921568627450984 -0.76141707087277943 0.50098039215686285 0.67799886003753596
decision_type=10 8 10 2 2 2 2 2 2 2 2 2 2 2 2 2 2 2 2 2 2 2 2 2 10 2 2 2 2 2
left_child=1 3 4 8 16 6 -4 19 -1 10 17 -9 13 15 18 -13 -2 -10 -5 -3 -7 -6 -8 -15 -18 26 -17 -20 -16 -28
right_child=2 7 5 14 21 20 22 11 9 -11 -12 12 -14 23 28 25 24 -19 27 -21 -22 -23 -24 -25 -26 -27 29 -29 -30 -31
leaf_value=-11.342156459980016 5.1105240748357748 -7.3631513519668719 15.542939410581585 -5.7233308067131077 -5.1880572976016879 -2.4241186343479288 -3.2616626104593252 3.7169167812299637 -2.0493799259948675 -14.532409304885858 -7.7504008724975622 10.162595683331496 -4.8174923313427032 -5.9802764639282202 2.9141664694023124 -0.98673331139563636 0.31447247285843222 8.2958591410827704 3.6376016076946316 -1.4924518814468457 7.232783639087689 1.2053470556259187 8.8677952639484374 -1.6532323329925476 3.1516053643846536 -3.382296773962969 2.6867870855331493 -5.0961775431442335 -4.3168296829033013 -0.79285030863761685
leaf_weight=2197 620 211 3008 210 137 92 108 318 81 829 543 124 183 166 109 152 294 136 80 233 57 170 176 237 936 224 247 122 75 123
leaf_count=2197 620 211 3008 210 137 92 108 318 81 829 543 124 183 166 109 152 294 136 80 233 57 170 176 237 936 224 247 122 75 123
internal_value=-0.00037708 -0.0283593 0.032613 -0.0376454 0.0177711 0.0419088 0.0437595 -0.0100045 -0.0410351 -0.0319811 -0.0177398 -0.00495775 -0.0101579 -0.00592622 -0.0160804 0.0021814 0.0225284 0.021789 -0.0266344 -0.0301124 0.001 -0.0108766 0.0136842 -0.0233911 0.0164094 -0.00307898 0.00382409 -0.00935961 0.00756757 0.0121294
internal_weight=12198 6600 5598 4382 2157 3441 3292 2218 3786 1589 760 1774 1456 1273 596 870 1850 217 412 444 149 307 284 403 1230 746 522 202 184 370
internal_count=12198 6600 5598 4382 2157 3441 3292 2218 3786 1589 760 1774 1456 1273 596 870 1850 217 412 444 149 307 284 403 1230 746 522 202 184 370
is_linear=0
shrinkage=0.05


Tree=5
num_leaves=31
num_cat=0
split_feature=14 15 15 8 8 14 14 14 14 8 15 1 14 8 10 14 1 15 15 8 1 0 10 13 3 11 11 8 11 13
split_gain=5236.03 676.796 488.917 343.14 221.094 177.756 104.36 86.3764 75.0126 73.4779 61.141 53.0259 51.5789 44.5492 34.3264 33.9487 30.6587 23.8911 21.9446 20.9333 67.7345 18.339 18.1537 18.0992 20.0525 18.0086 17.8309 17.0806 17.3776 16.757
threshold=1432.1150000000002 1473.5850000000003 1390.8750000000002 4.5000000000000009 1.0000000180025095e-35 1579.2450000000001 1322.6850000000002 1490.4450000000004 1571.7800000000002 4.5000000000000009 1564.3200000000002 8.7764297385620917 1378.3350000000003 3.5000000000000004 -0.57780908558020239 1403.2800000000002 0.88227124183006533 1288.6100000000001 1196.5600000000002 4.5000000000000009 7.2701593137254923 2.0558823529411767 -0.90893996196865023 0.97263757644091875 3.5754901960784333 -0.17646730165275518 -0.96904977397942549 3.5000000000000004 -0.45273527932988084 0.70747208174348741
decision_type=8 10 10 2 2 10 10 10 8 2 10 2 10 2 2 10 2 8 8 2 2 2 2 2 2 2 2 2 2 2
left_child=2 3 6 7 10 16 17 18 13 15 14 -7 22 -3 -4 -8 -5 -1 -2 -10 -21 -20 -6 24 -9 -18 -19 28 -14 -12
right_child=1 8 4 5 12 11 9 23 19 -11 29 -13 27 -15 -16 -17 25 26 21 20 -22 -23 -24 -25 -26 -27 -28 -29 -30 -31
leaf_value=-12.137799040480605 -8.3876248645934997 4.5778344856026143 2.3640188499310058 0.75353392451012269 -0.28080030521725802 4.5278095363048294 -1.8354295395312192 3.7827446947288652 15.302541707630633 -6.6377266528778023 8.282058438892852 -1.1380673861904029 -1.1190342702722433 0.86812649542974896 -1.1151369323046312 0.71484096568012778 -8.1674783156547388 -0.50530003044818839 2.9123487483615804 8.0109117419960523 0.41724762695336609 0.96389177006840332 -5.4141833943746072 1.4766382602310273 10.175267709309106 -3.3103967575416506 -6.7232160275850337 -1.9466775848309965 0.74443919451023255 1.2346067315499683
leaf_weight=2895 59 631 99 40 59 204 375 193 2876 389 235 154 85 219 195 95 225 47 42 525 110 320 651 41 389 256 720 106 141 40
leaf_count=2895 59 631 99 40 59 204 375 193 2876 389 235 154 85 219 195 95 225 47 42 525 110 320 651 41 389 256 720 106 141 40
internal_value=-0.000314086 0.0317582 -0.0331812 0.00704262 -0.00952233 -0.0159659 -0.0416077 0.0264115 0.0426525 -0.0258721 0.0155263 0.0111421 -0.0232023 0.0292597 -0.000338983 -0.0125265 -0.0345785 -0.0452907 0.00888626 0.0458855 0.0375 0.0134986 -0.0308017 0.0382212 0.0404803 -0.0380705 -0.0373047 -0.00690691 0.000881057 0.0324275
internal_weight=12416 6284 6132 1923 1611 879 4521 1044 4361 859 569 358 1042 850 294 470 521 3662 421 3511 635 362 710 623 582 481 767 332 226 275
internal_count=12416 6284 6132 1923 1611 879 4521 1044 4361 859 569 358 1042 850 294 470 521 3662 421 3511 635 362 710 623 582 481 767 332 226 275
is_linear=0
shrinkage=0.05


Tree=6
num_leaves=31
num_cat=0
split_feature=14 15 15 8 8 14 14 14 14 8 8 1 8 6 6 6 1 7 8 3 8 1 6 8 10 6 13 13 1 13
split_gain=4938.38 747.473 395.169 363.479 208.892 179.649 116.627 92.5474 74.9875 58.4933 52.7948 50.6971 46.8481 51.6485 45.1583 41.2296 38.1252 36.6298 30.0517 24.8436 24.3262 56.3965 23.903 23.7928 25.0968 21.2923 19.9741 18.293 26.2394 17.874
threshold=1406.5300000000002 1482.9950000000001 1457.5650000000003 4.5000000000000009 1.0000000180025095e-35 1611.7750000000003 1571.7800000000002 1518.3250000000003 1322.6850000000002 4.5000000000000009 2.5000000000000004 2.9307393790849674 1.0000000180025095e-35 1.0000000180025095e-35 443.63725490196083 525.82352941176475 9.050081699346407 15.500000000000002 1.0000000180025095e-35 15.007843137254904 4.5000000000000009 7.2701593137254923 204.76470588235296 5.5000000000000009 -0.70291267844185523 316.60784313725497 0.16587474750015932 -0.67802903493420741 12.652593954248369 -0.6905596507703472
decision_type=8 10 10 2 2 10 8 10 10 2 2 2 2 2 2 2 2 2 2 2 2 2 2 2 2 2 2 2 2 2
left_child=2 3 8 7 15 11 9 19 12 18 -10 -5 13 -1 26 -4 -7 -11 -3 29 -8 -22 -20 -13 -25 -9 -15 28 -6 -2
right_child=1 6 4 5 27 16 20 25 10 17 -12 23 -14 14 -16 -17 -18 -19 22 -21 21 -23 -24 24 -26 -27 -28 -29 -30 -31
leaf_value=-9.0236794515607475 -0.52706847923092259 14.346751980725992 4.3854542962450864 -0.26128030220136228 -4.958350163114563 4.705935007403343 14.651416087092855 8.9122528241388075 -0.7867102457006695 -2.0480009597128173 -4.5147906902719459 -5.9496864464070427 -10.868174320076902 2.5202799488304208 -5.1520926758598762 -5.2335121491360326 -0.80167250756634312 1.0308863823098364 2.7004637725255352 3.1795837923928731 7.7202456322495783 0.33169553345463787 1.3748310774465722 0.074748641416363171 -4.3715037999898874 3.265703193285947 -1.5438869794620815 -4.4563077460240264 2.3353760407620201 0.99398515558224299
leaf_weight=438 159 183 379 131 65 181 2836 437 286 60 539 365 3119 81 139 42 115 61 486 77 533 99 174 63 126 105 71 416 72 453
leaf_count=438 159 183 379 131 65 181 2836 437 286 60 539 365 3119 81 139 42 115 61 486 77 533 99 174 63 126 105 71 416 72 453
internal_value=-0.000142369 0.0290745 -0.0345166 0.00533213 -0.00553846 -0.0173625 0.0409204 0.0234172 -0.0405541 0.0254922 -0.026816 -0.031414 -0.0434918 -0.0319863 -0.0155822 0.0209716 0.0151515 -0.00696721 0.030154 0.0112319 0.0452003 0.0361769 0.0251135 -0.038018 -0.0234211 0.0388582 0.00326797 -0.025722 -0.00978261 0.00783034
internal_weight=12291 6644 5647 2212 974 981 4432 1231 4673 964 825 685 3848 729 291 421 296 121 843 689 3468 632 660 554 189 542 152 553 137 612
internal_count=12291 6644 5647 2212 974 981 4432 1231 4673 964 825 685 3848 729 291 421 296 121 843 689 3468 632 660 554 189 542 152 553 137 612
is_linear=0
shrinkage=0.05


Tree=7
num_leaves=31
num_cat=0
split_feature=14 15 15 8 8 14 14 14 14 8 8 1 14 1 6 6 8 6 14 14 13 10 11 8 3 14 6 6 13 13
split_gain=4706.33 634.249 437.623 293.518 202.242 182.289 123.575 116.418 85.7366 80.1898 57.5799 50.0148 48.9737 44.987 38.7593 37.2823 35.9145 38.798 38.4958 25.3574 25.2356 25.1388 24.6486 21.4983 46.5471 20.6875 20.5618 20.1026 20.0938 20.026
threshold=1422.1350000000004 1479.5300000000002 1422.3200000000002 4.5000000000000009 1.0000000180025095e-35 1611.7750000000003 1297.075 1635.9100000000003 1457.4300000000003 4.5000000000000009 3.5000000000000004 0.88227124183006533 1304.6750000000002 8.6421364379084977 503.44117647058823 497.89215686274514 1.0000000180025095e-35 1.0000000180025095e-35 1027.8200000000004 1367.3550000000002 0.97263757644091875 -0.54220184589352438 -0.27694043983797384 4.5000000000000009 9.1078431372549034 1548.4450000000004 261.3235294117647 191.81372549019611 -0.70291145964310642 0.33222858587828868
decision_type=8 10 10 2 2 10 10 8 10 2 2 2 10 2 2 2 2 2 10 10 2 2 2 2 2 10 2 2 2 2
left_child=2 3 6 8 12 11 16 10 28 19 26 -5 15 -7 20 29 17 -1 -19 -8 25 -6 -13 -9 -25 -10 -3 -12 -2 -4
right_child=1 7 4 5 21 13 9 23 14 -11 27 22 -14 -15 -16 -17 -18 18 -20 -21 -22 -23 -24 24 -26 -27 -28 -29 -30 -31
leaf_value=-8.7062265807222854 -2.2286139890204937 4.9969594152253478 2.1639610148059774 1.4778831270570323 -0.60146815549468335 4.9806175640529036 -2.1409169081569757 15.509345160667898 2.5977172798737911 -6.1345091041719462 1.3744829844261632 -7.5046193451297771 6.9516166588115258 -0.39407660036389419 0.18941680365308572 -7.7891252442423937 -10.854498663468361 -4.722724766274661 0.42078874672437228 -0.23802144900564032 0.76939392488134795 -3.2165131145535613 -2.8427249969366133 1.1488501880094988 8.4907335947777263 9.8661651308679339 3.4409399103241185 -0.58103393940385217 0.70939041232176125 -1.0930868409526966
leaf_weight=399 80 798 191 57 131 180 398 2442 307 453 302 225 210 139 88 43 2819 166 103 286 50 629 337 116 451 367 185 102 235 69
leaf_count=399 80 798 191 57 131 180 398 2442 307 453 302 225 210 139 88 43 2819 166 103 286 50 629 337 116 451 367 185 102 235 69
internal_value=8.9004e-05 0.0295652 -0.0322058 0.00670378 -0.00624019 -0.013951 -0.0393514 0.0403002 0.0238918 -0.025 0.0282781 -0.0297581 0.0179961 0.0167188 0.0324723 0.00509868 -0.0440224 -0.0334828 -0.0187037 -0.0141606 0.0362759 -0.0226018 -0.0342806 0.0458306 0.0368838 0.0388148 0.0348069 0.0123457 0.00174051 0.0122605
internal_weight=12358 6461 5897 2065 1273 938 4624 4396 1127 1137 1387 619 513 319 812 303 3487 668 269 684 724 760 562 3009 567 674 983 404 315 260
internal_count=12358 6461 5897 2065 1273 938 4624 4396 1127 1137 1387 619 513 319 812 303 3487 668 269 684 724 760 562 3009 567 674 983 404 315 260
is_linear=0
shrinkage=0.05


Tree=8
num_leaves=31
num_cat=0
split_feature=14 14 14 6 6 6 13 14 14 3 10 10 6 12 6 0 6 11 6 6 0 10 11 6 13 0 11 10 11 3
split_gain=4789.89 426.755 377.601 97.7339 113.491 77.1127 56.0677 51.422 34.0291 28.3968 25.7735 29.6904 24.9559 21.6399 21.526 20.1255 17.7788 18.4035 17.3868 38.0928 34.8399 19.8586 17.3833 16.5053 15.2563 14.8151 14.1069 13.5278 11.7485 10.322
threshold=1460.9000000000003 1319.6600000000001 1678.8000000000004 1.0000000180025095e-35 376.00980392156868 600.16666666666686 -0.69830365819682616 1541.3350000000003 1400.3900000000003 12.245098039215687 0.039769539193789977 -0.65882179392489248 147.5392156862745 0.080548957663405765 198.71568627450981 0.60686274509803939 15.598039215686276 -0.84774213365954088 443.63725490196083 3.490196078431373 1.5676470588235294 0.43733377705052551 0.53312596302726967 182.23529411764707 -0.70748025990135355 15.465686274509805 -0.9292178835113839 0.98049069993378934 0.99349222267034787 18.180392156862748
decision_type=8 10 10 2 2 2 2 10 10 2 2 2 2 2 2 2 2 2 2 2 2 2 2 2 2 2 2 2 2 2
left_child=1 3 5 9 6 7 12 14 18 -1 11 -8 -5 -11 16 -15 17 -2 19 20 21 -3 -4 28 -7 -6 -13 -10 -9 -19
right_child=2 8 22 4 25 24 10 23 27 13 -12 26 -14 15 -16 -17 -18 29 -20 -21 -22 -23 -24 -25 -26 -27 -28 -29 -30 -31
leaf_value=-9.0841521906545211 -4.4687749955746936 -1.2038941438515793 8.3514637667015794 5.7138185683604377 -4.8336486686240567 1.3557044499803057 -3.9827664591433973 4.6345998196534763 -0.10714181745310043 -6.7535650566437369 -0.87125649555918017 -2.4738497106875061 -1.2896731426174597 0.74681137545458121 0.25051414516683507 -3.4789668990938822 4.0464569607829564 1.1343623910589486 -5.5315773771504837 -0.10903181634546399 -2.4520053975264546 1.8616550137408412 16.622161127098391 2.7637854949646226 -7.0519128914788274 -11.603274358417167 -8.4815015452346927 -2.0329174057143975 4.5651115663818418 4.5227934939926628
leaf_weight=2258 42 134 820 100 82 52 153 1133 793 262 145 48 97 51 259 47 298 629 177 355 481 42 2150 384 80 964 214 62 42 41
leaf_count=2258 42 134 820 100 82 52 153 1133 793 262 145 48 97 51 259 47 298 629 177 355 481 42 2150 384 80 964 214 62 42 41
internal_value=0.000157309 -0.0296087 0.0326083 -0.0383424 -0.0293514 0.0199595 -0.0145778 0.0217038 -0.010709 -0.0445208 -0.0226381 -0.0289663 0.00833333 -0.0313019 0.0142126 -0.0111111 0.0175074 0.0131837 -0.0161765 -0.0136229 -0.0207447 -0.00169492 0.0452036 0.0277885 -0.0172932 -0.0400191 -0.0391635 -0.00309579 0.0307398 0.0152012
internal_weight=12395 6465 5930 4421 1803 2960 757 2828 2044 2618 560 415 197 360 1269 98 1010 712 1189 1012 657 176 2970 1559 132 1046 262 855 1175 670
internal_count=12395 6465 5930 4421 1803 2960 757 2828 2044 2618 560 415 197 360 1269 98 1010 712 1189 1012 657 176 2970 1559 132 1046 262 855 1175 670
is_linear=0
shrinkage=0.05


Tree=9
num_leaves=31
num_cat=0
split_feature=14 15 15 14 14 14 15 10 6 5 15 14 12 15 0 10 0 13 12 13 12 2 5 15 6 13 7 0 14 6
split_gain=4532.69 530.313 501.863 139.649 128.27 107.326 81.1562 56.75 47.9668 45.3091 42.3206 40.5278 31.433 30.7973 30.4115 28.9796 27.8409 40.5436 25.9388 24.479 23.9972 23.4763 27.4545 23.1138 24.6392 31.2452 22.7491 22.3682 22.3221 21.3356
threshold=1450.1050000000002 1443.1950000000004 1370.2150000000004 1297.075 1678.8000000000004 1678.8000000000004 1571.9100000000003 -0.57780908558020239 600.16666666666686 34.785913110342186 1303.3200000000002 1357.4450000000004 -0.90893575921103265 1591.1800000000003 8.9676470588235304 0.9053161325100999 15.828431372549021 0.97650658860526895 0.94496830006774635 -0.24372464231556024 0.44313197806314492 9.1499999999999968 12.336240099961556 1252.0800000000002 10.617647058823531 0.87291090774974645 4.5000000000000009 4.3382352941176476 1503.8900000000001 117.54901960784314
decision_type=8 8 10 10 10 10 10 2 2 2 10 10 2 10 2 2 2 2 2 2 2 2 2 8 2 2 2 2 8 2
left_child=2 4 3 23 9 8 7 14 28 10 12 -9 19 15 -4 -7 17 26 -14 -2 -16 22 -5 -1 -25 -26 -8 -13 -3 -22
right_child=1 5 6 21 -6 13 16 11 -10 -11 -12 27 18 -15 20 -17 -18 -19 -20 -21 29 -23 -24 24 25 -27 -28 -29 -30 -31
leaf_value=-10.592569782871591 2.6776817812302514 1.6007350742389919 2.8194496924968351 -4.3768501408521274 7.2406734632248462 8.7813575072618395 -1.3304054891570047 -3.8795651546134309 -1.8289404630723198 5.5881046209526746 0.1555453063474147 0.67234473330061073 -5.1847275058265048 14.264015573818643 -2.0336785472395262 0.049097744593234439 -2.1440572515534089 -2.70094682491349 1.0420205658592465 -2.8671218252183963 1.7828976501656257 1.3517219838162191 -1.583979198542113 -5.3129796634460718 -6.8874979813249073 1.5080600938101725 6.2380739149317268 -1.1310486194975398 4.6335762098593083 -0.77824159127898163
leaf_weight=2500 61 386 55 676 251 291 40 608 64 65 517 115 329 2325 124 63 121 78 44 53 75 45 315 504 262 44 318 300 1548 74
leaf_count=2500 61 386 55 676 251 291 40 608 64 65 517 115 329 2325 124 63 121 78 44 53 75 45 315 504 262 44 318 300 1548 74
internal_value=-3.67287e-05 0.0310187 -0.0298161 -0.0391994 0.00302801 0.0389162 -0.00843373 -0.0150518 0.0301151 -0.00453271 -0.00716418 -0.0208496 -0.0177254 0.0454664 0.00303951 0.0315493 0.00761649 0.0135011 -0.0247326 0.00521739 -0.00383212 -0.0231437 -0.024748 -0.0442162 -0.0367448 -0.0254072 0.0206128 -0.00877404 0.0315245 0.00966667
internal_weight=12251 5997 6254 4346 1320 4677 1908 1351 1998 1069 1004 1023 487 2679 328 354 557 436 373 114 273 1036 991 3310 810 306 358 415 1934 149
internal_count=12251 5997 6254 4346 1320 4677 1908 1351 1998 1069 1004 1023 487 2679 328 354 557 436 373 114 273 1036 991 3310 810 306 358 415 1934 149
is_linear=0
shrinkage=0.05


Tree=10
num_leaves=31
num_cat=0
split_feature=14 15 8 14 8 14 14 8 11 14 3 15 15 14 8 14 11 8 12 8 3 0 12 1 11 10 12 1 0 15
split_gain=4291.22 538.118 474.917 319.028 178.36 153.498 132.766 107.59 98.2101 88.6963 71.4458 63.8633 51.3284 41.6372 36.9526 34.9974 31.2944 30.5052 27.2569 26.7569 30.6182 24.7527 29.4685 23.943 36.9561 21.6424 21.6185 21.4727 21.116 20.8095
threshold=1464.0700000000002 1370.2150000000004 4.5000000000000009 1678.8000000000004 1.0000000180025095e-35 1300.7150000000004 1522.2650000000001 4.5000000000000009 0.14888728888808328 1343.6200000000001 10.148039215686277 1564.3200000000002 1278.7650000000001 1702.4350000000002 1.0000000180025095e-35 1387.3050000000003 0.99349222267034787 5.5000000000000009 0.99049901459377832 3.5000000000000004 13.887254901960786 3.7303921568627456 0.080548957663405765 13.226450163398694 -0.35846086284744721 -0.69057362043749781 -0.91597725483594616 12.873182189542485 1.0117647058823531 1429.3500000000001
decision_type=8 10 2 10 2 10 10 2 2 10 2 10 8 10 2 10 2 2 2 2 2 2 2 2 2 2 2 2 2 10
left_child=1 5 6 8 11 14 12 15 -4 23 -5 25 -2 16 18 -7 -8 28 -1 26 27 22 -16 -6 -25 -3 -11 -21 -10 -19
right_child=2 4 3 10 9 7 13 -9 17 19 -12 -13 -14 -15 21 -17 -18 29 -20 20 -22 -23 -24 24 -26 -27 -28 -29 -30 -31
leaf_value=-6.1735516092415086 -2.6734380692919788 1.8235586654518159 -5.0047243361232576 0.80146703879487413 -6.084932762159486 -1.447925812333847 4.9512350674607433 -5.8223313743773701 0.56555456487550371 1.647443908982092 6.9876116114119107 6.5772235799769936 2.5632973698521142 15.4308166261824 -6.8946647034204265 0.69012618276976245 0.79666420193175336 -0.9433870387374953 -0.0066604647776102865 -2.3779131663167847 0.86635999431101718 -9.8019720548133371 0.91108704638807581 -4.6544494211234451 1.5757756429389702 -1.0738197822188 -0.14306171983903368 -0.086574830818727841 -1.6981200376425818 1.5570991792370366
leaf_weight=541 99 100 302 213 327 361 1448 483 57 48 475 310 701 2030 103 212 64 110 60 170 75 2551 54 216 73 227 459 56 141 165
leaf_count=541 99 100 302 213 327 361 1448 483 57 48 475 310 701 2030 103 212 64 110 60 170 75 2551 54 216 73 227 459 56 141 165
internal_value=7.76651e-05 -0.0280691 0.0312349 0.00659153 -0.00700776 -0.0380096 0.0395349 -0.0213813 -0.0153995 -0.0168421 0.0313498 0.0149687 0.0210986 0.0436918 -0.0433082 -0.00670732 0.037343 -0.00116034 -0.0319767 -0.00593325 -0.0177152 -0.0458103 -0.0262658 -0.0311183 -0.0205172 -0.000457317 0.00108268 -0.0268722 -0.0160804 0.00960145
internal_weight=12231 6426 5805 1463 2061 4365 4342 1056 775 1424 688 637 800 3542 3309 573 1512 473 601 808 301 2708 157 616 289 327 507 226 198 275
internal_count=12231 6426 5805 1463 2061 4365 4342 1056 775 1424 688 637 800 3542 3309 573 1512 473 601 808 301 2708 157 616 289 327 507 226 198 275
is_linear=0
shrinkage=0.05


Tree=11
num_leaves=31
num_cat=0
split_feature=15 15 15 1 6 7 11 1 6 6 8 6 8 7 11 1 7 6 5 11 13 12 11 11 8 5 7 15 1 1
split_gain=3635.12 434.019 379.084 142.055 108.203 106.362 104.667 94.263 72.7256 70.7638 92.9136 97.6125 63.533 67.889 61.819 60.1075 68.8168 48.9195 44.9159 41.6557 40.1771 37.702 61.4244 37.6072 46.6397 37.5443 41.8421 37.3905 36.8514 32.0106
threshold=1422.3200000000002 1682.6150000000002 1278.7650000000001 9.1605392156862759 358.1764705882353 3.5000000000000004 0.99349222267034787 -0.42667483660130712 371.31372549019608 1.0000000180025095e-35 4.5000000000000009 492.65686274509807 4.5000000000000009 3.5000000000000004 -0.42179730054635828 9.0990808823529417 20.500000000000004 546.55882352941182 12.336240099961556 -0.76696334127844745 -0.91597566659893348 0.67008845381070758 -0.70900320270980455 0.99681593486783593 5.5000000000000009 31.579381007304889 3.5000000000000004 1522.6700000000003 22.362132352941178 8.6421364379084977
decision_type=10 10 8 2 2 2 2 2 2 2 2 2 2 2 2 2 2 2 2 2 2 2 2 2 2 2 2 10 2 2
left_child=2 4 3 20 5 -2 8 -4 -3 -5 11 19 13 18 -6 -15 17 21 -9 -11 -1 -17 -23 24 25 26 -22 -7 -19 -14
right_child=1 6 7 9 14 27 -8 12 -10 10 -12 -13 29 15 -16 16 -18 28 -20 -21 23 22 -24 -25 -26 -27 -28 -29 -30 -31
leaf_value=-6.0133386379086406 -0.97656863432110308 13.189795059937893 6.7586606313430595 -8.7165926909873406 -4.102745739071338 1.2774695688979705 -0.50368511717064735 -4.5663616730267567 4.5038793100764796 -3.6800209029208135 -12.48437093841023 -6.8397725248808916 -1.8661115406625073 2.8257738062988098 1.9509413279456453 1.7209325226579608 -3.2881267891330026 -6.9838404604921269 -0.71285603307819656 3.060708190221999 -1.9651534011683225 -4.6640961660407809 1.0497455753142391 -7.5965866624159162 -3.6081959437513547 3.5723849868595554 2.2941341772378681 3.599454502181834 0.83712116779678358 -4.6079374543805782
leaf_weight=122 212 2446 125 1752 189 999 124 163 279 66 738 345 314 228 329 349 167 124 227 162 124 108 112 113 121 46 164 1526 79 451
leaf_count=122 212 2446 125 1752 189 999 124 163 279 66 738 345 314 228 329 349 167 124 227 162 124 108 112 113 121 46 164 1526 79 451
internal_value=6.50142e-05 0.0274529 -0.0268989 -0.0368807 0.0149724 0.0189372 0.0417018 -0.0115809 0.0437454 -0.041498 -0.0326601 -0.0175087 -0.0138614 -0.0080552 -0.00597303 -0.00201199 -0.00760638 -0.00129366 -0.026087 0.00786026 -0.0163531 0.00622807 -0.00995475 -0.0107206 -0.00427632 0.00537313 -0.00138408 0.0217933 -0.0223039 -0.0256527
internal_weight=12304 6104 6200 3753 3255 2737 2849 2447 2725 3063 1311 573 2322 1557 518 1167 939 772 390 228 690 569 220 568 455 334 288 2525 203 765
internal_count=12304 6104 6200 3753 3255 2737 2849 2447 2725 3063 1311 573 2322 1557 518 1167 939 772 390 228 690 569 220 568 455 334 288 2525 203 765
is_linear=0
shrinkage=0.05


Tree=12
num_leaves=31
num_cat=0
split_feature=15 15 15 1 11 1 10 6 8 6 6 0 11 8 1 1 15 10 1 10 6 11 12 6 7 8 8 3 7 1
split_gain=3479.64 569.083 239.528 141.406 137.639 124.625 79.1673 74.649 80.1898 88.0046 74.4589 63.642 60.8506 62.0128 54.7276 59.4188 49.822 48.2629 44.2082 42.2394 41.6803 39.6735 39.1337 38.8724 34.0135 35.9146 31.7355 30.7551 29.9341 29.4331
threshold=1482.9950000000001 1271.9550000000002 1693.8500000000001 9.1605392156862759 0.99349222267034787 1.0000000180025095e-35 -0.59176244063315286 0.67647058823529416 4.5000000000000009 492.65686274509807 207.59803921568627 9.7362745098039234 -0.40613878790836594 4.5000000000000009 24.375102124183009 10.746956699346407 1390.8750000000002 -0.90893996196865023 1.0000000180025095e-35 -0.30163705152652742 0.89215686274509809 -0.75581183015052977 -0.8983350073998303 1.0000000180025095e-35 5.5000000000000009 4.5000000000000009 4.5000000000000009 18.828431372549023 4.5000000000000009 8.9758578431372573
decision_type=10 8 10 2 2 2 2 2 2 2 2 2 2 2 2 2 10 2 2 2 2 2 2 2 2 2 2 2 2 2
left_child=1 3 10 20 11 -3 16 -5 9 21 17 -4 -12 -14 15 24 23 -2 -19 -17 27 -9 -20 29 25 -8 -21 -1 -24 -7
right_child=2 5 4 7 -6 6 14 8 -10 -11 12 -13 13 -15 -16 19 -18 18 22 26 -22 -23 28 -25 -26 -27 -28 -29 -30 -31
leaf_value=-3.6515049876524017 4.6421315836701753 5.7286739160293001 14.099472912082655 -8.473347892884453 -1.6271765848862061 0.12963185655960388 -0.88290502042419805 -3.2308279661563972 -11.878655271363096 -6.4664864681511744 -2.2305342142166182 5.3518875746193943 4.6855559630421402 -2.333776688699146 1.8412059633192486 -5.6507504532169044 1.3910617397386205 9.3564800503356196 4.7303977018873242 -1.879171205162919 1.6756633780112964 2.8699641011300061 -0.40357542695966231 0.61064738451064504 -0.19445297343321499 -3.8631375451062695 -4.7846468246533052 1.5142067542695941 1.8945367274382989 -2.451655354215899
leaf_weight=441 337 204 2066 1742 118 107 387 72 750 345 185 582 362 116 96 260 403 134 188 484 150 149 165 332 548 177 146 51 975 218
leaf_count=441 337 204 2066 1742 118 107 387 72 750 345 185 582 362 116 96 260 403 134 188 484 150 149 165 332 548 177 146 51 975 218
internal_value=-3.25441e-05 -0.0229223 0.0308854 -0.0364496 0.040983 -0.00802855 -0.010478 -0.0409284 -0.0318907 -0.0176367 0.019529 0.0433371 0.00519578 0.0146138 -0.0161029 -0.0178732 0.000659755 0.0248056 0.0208476 -0.0274972 -0.0150855 0.00698198 0.0180587 -0.00782675 -0.0101527 -0.0187611 -0.0204437 -0.0221095 0.0145486 -0.020092
internal_weight=12290 7062 5228 3700 2766 3362 3158 3058 1316 566 2462 2648 663 478 2098 2002 1060 1799 1462 890 642 221 1328 657 1112 564 630 492 1140 325
internal_count=12290 7062 5228 3700 2766 3362 3158 3058 1316 566 2462 2648 663 478 2098 2002 1060 1799 1462 890 642 221 1328 657 1112 564 630 492 1140 325
is_linear=0
shrinkage=0.05


Tree=13
num_leaves=31
num_cat=0
split_feature=14 14 14 6 6 14 14 13 6 3 10 6 6 14 2 6 1 12 11 0 12 10 11 6 11 11 6 11 14 6
split_gain=3908.96 451.991 345.336 89.3088 100.578 63.8211 55.166 37.1457 34.2934 34.2486 33.2185 32.9247 45.6141 31.6672 29.8322 28.8512 28.0669 21.5368 19.8497 18.778 18.7175 18.5508 18.1355 17.4624 17.3639 15.9356 15.73 14.7379 28.7461 15.0397
threshold=1442.9350000000002 1623.2300000000002 1285.845 1.7156862745098043 349.43137254901967 1833.6200000000001 1529.5150000000001 0.1318557721318592 585.5980392156863 14.361764705882356 0.039769539193789977 3.490196078431373 251.40196078431376 1223.0050000000003 8.2823529411764731 179.36274509803923 10.591993464052289 0.91593490216309192 1.0000000180025095e-35 1.0117647058823531 -0.83377653105606597 0.039769539193789977 -0.9292178835113839 503.44117647058823 0.99349222267034787 -0.39036009226888674 113.67647058823529 -0.60555643346685839 1442.9350000000002 1.0000000180025095e-35
decision_type=8 10 10 2 2 10 10 2 2 2 2 2 2 10 2 2 2 2 2 2 2 2 2 2 2 2 2 2 10 2
left_child=2 6 3 13 7 23 8 16 17 11 22 -4 25 -1 18 -8 -5 27 -14 -15 -17 -11 -9 24 -3 -13 -18 28 -2 -29
right_child=1 5 9 4 -6 -7 15 10 -10 21 -12 12 14 19 -16 20 26 -19 -20 -21 -22 -23 -24 -25 -26 -27 -28 29 -30 -31
leaf_value=-8.3559822400235984 -9.9394031948666797 5.2899532676657151 -1.7601372064802945 9.1383224766552882 -9.5251599214298039 15.076309588655068 3.2683920947123113 -0.6287968752045231 -4.4578680069113323 -1.0285260275085022 0.18923721922528217 -0.57474068191086192 -3.8084333323332888 -0.091439257743854807 1.7789543458860806 -2.3187797053230215 1.5334705432120814 1.7009977135344627 -1.2900989831352832 -3.4317565249515614 1.8544499606858267 1.187946037399513 -7.5577747850523398 3.7923872719183467 2.948055832710327 4.1951532936450695 -2.895057938263335 0.34980149113608833 0.21872887697678609 3.2172676715998652
leaf_weight=1878 40 1804 897 43 984 1609 786 43 106 198 66 211 349 42 62 44 106 164 140 466 268 160 162 104 63 204 162 573 179 424
leaf_count=1878 40 1804 897 43 984 1609 786 43 106 198 66 211 349 42 62 44 106 164 140 466 268 160 162 104 63 204 162 573 179 424
internal_value=-0.000149943 0.028013 -0.0282718 -0.0371364 -0.0278239 0.0395141 0.0120696 -0.0113208 0.00578346 -0.0124887 -0.0248162 -0.0152092 -0.00879007 -0.0432342 -0.0182065 0.0205641 0.000480769 0.00789283 -0.0223469 -0.0320236 0.00766773 0.00167131 -0.0347087 0.0334432 0.0345557 0.00372596 -0.00557621 0.00558751 -0.00613636 0.00816633
internal_weight=12337 6164 6173 3952 1566 3580 2584 582 1486 2221 271 1863 966 2386 551 1098 311 1380 489 508 312 358 205 1971 1867 415 268 1216 219 997
internal_count=12337 6164 6173 3952 1566 3580 2584 582 1486 2221 271 1863 966 2386 551 1098 311 1380 489 508 312 358 205 1971 1867 415 268 1216 219 997
is_linear=0
shrinkage=0.05


Tree=14
num_leaves=31
num_cat=0
split_feature=15 15 15 1 13 0 7 8 7 6 6 0 6 8 6 8 1 12 10 12 10 6 10 1 7 15 7 5 1 10
split_gain=3124.88 550.102 250.026 123.966 108.276 107.79 112.46 105.341 102.772 117.245 86.0898 71.4482 63.7017 97.8524 88.4346 56.67 50.2714 47.997 68.7278 47.6292 93.8124 45.8321 44.6083 50.5424 45.5433 38.1229 37.5136 39.7265 36.6469 32.6732
threshold=1482.9950000000001 1252.0800000000002 1737.0350000000003 8.9022467320261445 0.97650658860526895 4.1892156862745109 3.5000000000000004 4.5000000000000009 20.500000000000004 391.84313725490199 207.59803921568627 16.050000000000004 2.3921568627450984 4.5000000000000009 448.19607843137254 4.5000000000000009 22.602267156862744 0.71503381463111937 -0.64578423485557612 0.080548957663405765 -0.18492532721306487 410.74509803921575 -0.86976336936302323 1.0000000180025095e-35 3.5000000000000004 1393.8800000000003 5.5000000000000009 35.4509828911957 10.135232843137256 -0.84315017450793706
decision_type=10 8 10 2 2 2 2 2 2 2 2 2 2 2 2 2 2 2 2 2 2 2 2 2 2 8 2 2 2 2
left_child=1 3 10 -1 21 19 -7 8 9 17 22 15 -5 14 -14 -12 -11 -8 -19 20 25 -4 -2 -24 -25 -3 27 -21 -9 -26
right_child=2 5 4 12 -6 6 7 28 -10 16 11 -13 13 -15 -16 -17 -18 18 -20 26 -22 -23 23 24 29 -27 -28 -29 -30 -31
leaf_value=-2.1244237631510714 4.1506128401917293 -0.20958723388541786 12.637641958134054 -7.8825460615113121 -1.4845835924260542 -3.7217175802426201 2.218734718113649 -1.7567856024181709 -2.2548596475004277 -3.2410215252148649 5.087391249612125 -2.1204302389438907 1.2878178651707572 -11.589190952349453 -4.9117140417712566 -2.3233281150645726 1.3524920699444523 1.4693969394597106 -4.0792930805721204 -0.67039962564124389 -5.038256060248262 3.973679860855623 10.263120288626443 -1.9029546792377972 -9.9046159290082763 2.1293607638652019 6.2405365801393264 4.5112207869874963 -4.1059395028495373 2.1312629464817405
leaf_weight=519 462 149 2039 1680 99 400 616 330 307 351 374 309 177 704 327 100 126 152 107 164 158 154 163 66 46 129 215 49 419 1397
leaf_count=519 462 149 2039 1680 99 400 616 330 307 351 374 309 177 704 327 100 126 152 107 164 158 154 163 66 46 129 215 49 419 1397
internal_value=-0.000187159 -0.021815 0.0292035 -0.0362823 0.0415613 -0.00838552 -0.0131363 -0.0090494 -0.00201807 0.00391722 0.0194825 0.00529337 -0.0403254 -0.0315136 -0.0146535 0.0174737 -0.0160042 0.0147831 -0.00326923 0.00705202 -0.00457666 0.0438696 0.0246838 0.0208607 0.0179801 0.0129032 0.0188811 0.00397196 -0.0246 0.0198407
internal_weight=12288 7079 5209 3407 2292 3672 2808 2408 1659 1352 2917 783 2888 1208 504 474 477 875 259 864 436 2193 2134 1672 1509 278 428 213 749 1443
internal_count=12288 7079 5209 3407 2292 3672 2808 2408 1659 1352 2917 783 2888 1208 504 474 477 875 259 864 436 2193 2134 1672 1509 278 428 213 749 1443
is_linear=0
shrinkage=0.05


Tree=15
num_leaves=31
num_cat=0
split_feature=14 15 14 15 14 14 15 15 0 3 15 6 1 11 11 6 14 12 12 11 12 15 1 3 11 15 14 15 13 13
split_gain=3693.46 459.408 383.63 186.381 111.379 106.07 46.4891 46.046 42.2851 40.7247 40.1709 33.9237 30.4868 44.0218 32.8498 30.4244 30.3406 23.0996 23.0583 22.4664 21.5965 21.3451 19.0203 24.3455 24.8847 18.8565 17.7121 17.3515 22.2195 32.5268
threshold=1467.3850000000002 1291.9750000000001 1688.2900000000002 1432.2350000000004 1343.6200000000001 1231.6500000000003 1507.5400000000002 1713.6600000000001 0.13627450980392161 18.650980392156868 1636.8900000000001 525.82352941176475 22.362132352941178 -0.96904977397942549 -0.77788789561442695 580.51960784313735 1552.4450000000004 -0.92923668111203805 0.96231527631374336 0.93158198870884079 0.17011757999667351 1329.0450000000003 22.724591503267977 11.975490196078434 0.68274389090025245 1189.2600000000002 1737.3150000000003 1805.2600000000002 -0.57078287476060374 -0.43733099657705293
decision_type=8 8 10 8 10 10 10 10 2 2 8 2 2 2 2 2 10 2 2 2 2 10 2 2 2 10 10 10 2 2
left_child=1 5 3 9 6 -1 12 22 20 16 -4 19 17 -14 -15 27 25 21 -10 -8 -7 -3 23 24 -6 -2 -12 28 -5 -30
right_child=2 4 10 15 7 8 11 -9 18 -11 26 -13 13 14 -16 -17 -18 -19 -20 -21 -22 -23 -24 -25 -26 -27 -28 -29 29 -31
leaf_value=-8.301184779559458 -6.8885055256490206 -2.1400045918969002 5.290301618386053 3.0959108743464245 -0.58331168718447091 -1.9539909925276675 0.64967060281279609 5.7267874787702624 -4.2036713896283002 4.6059778576795223 3.9834740996669327 -6.1716398424086041 2.8350497818775011 -4.3617604345526564 0.93944854207977646 -0.53961253077150106 0.60351552989541235 -3.7030262764833139 -1.2497509813967782 -6.4285588027361662 2.9986410036366351 1.200900856174576 1.1701476659817958 0.44698420650962589 -1.4256297131332076 -0.98788537943194121 11.979730610172197 11.438840019600446 -1.1551904907078097 2.0514724761825391
leaf_weight=2340 140 54 672 776 674 42 312 136 886 62 276 93 48 78 42 79 346 1008 149 57 47 50 88 343 118 381 1888 272 79 821
leaf_count=2340 140 54 672 776 674 42 312 136 886 62 276 93 48 78 42 79 346 1008 149 57 47 50 88 343 118 381 1888 272 79 821
internal_value=-0.000254896 -0.025929 0.0288452 0.0162327 -0.0119439 -0.0384416 -0.0203098 -0.00121324 -0.0257778 -0.00231183 0.041981 -0.00669546 -0.0252147 -0.00532544 -0.0214876 0.0247288 -0.00512673 -0.028212 -0.0286197 0.000135135 0.00722222 -0.00571429 -0.00428922 -0.00602993 -0.0108449 -0.0127395 0.0453118 0.025962 0.024031 0.0186459
internal_weight=12357 6565 5792 2956 3101 3464 1742 1359 1124 929 2836 462 1280 168 120 2027 867 1112 1035 369 89 104 1223 1135 792 521 2164 1948 1676 900
internal_count=12357 6565 5792 2956 3101 3464 1742 1359 1124 929 2836 462 1280 168 120 2027 867 1112 1035 369 89 104 1223 1135 792 521 2164 1948 1676 900
is_linear=0
shrinkage=0.05


Tree=16
num_leaves=31
num_cat=0
split_feature=14 8 15 14 8 14 14 14 3 1 15 6 14 8 8 6 8 6 14 15 7 6 14 13 6 8 7 13 7 7
split_gain=3392.05 528.081 490.93 227.926 219.031 170.854 122.118 95.9993 61.0349 57.1818 52.4451 47.4716 47.0981 61.269 45.4218 38.4939 38.3028 33.2737 49.6857 41.3228 32.4169 31.7369 31.7135 27.944 27.5374 24.3343 31.9696 23.0234 22.8317 21.8449
threshold=1464.0700000000002 4.5000000000000009 1212.4650000000001 1722.1500000000003 1.5000000000000002 1648.9500000000003 1246.2550000000003 1297.075 10.215686274509807 8.6421364379084977 1599.5900000000004 201.95098039215688 1249.7200000000003 4.5000000000000009 4.5000000000000009 1.0000000180025095e-35 1.0000000180025095e-35 1.0000000180025095e-35 1503.8900000000001 1393.8800000000003 7.5000000000000009 275.95098039215691 1406.5300000000002 -0.65721521735223198 557.43137254901978 5.5000000000000009 16.500000000000004 0.97650658860526895 11.500000000000002 6.5000000000000009
decision_type=8 2 8 10 2 10 10 10 2 2 8 2 10 2 2 2 2 2 10 8 2 2 10 2 2 2 2 2 2 2
left_child=2 5 12 9 6 11 15 -6 -5 20 24 17 -1 -14 22 -4 -13 18 19 -2 -3 -17 -9 -11 -8 -22 -27 -7 -16 -10
right_child=1 3 4 8 7 27 10 14 29 23 -12 16 13 -15 28 21 -18 -19 -20 -21 25 -23 -24 -25 -26 26 -28 -29 -30 -31
leaf_value=-8.5436109843015284 -2.7386839649242578 -1.3999440680996145 -2.662627254683537 0.10965414040261977 -5.0072857427552098 10.602819099793841 0.5566257693668718 -1.207572237798479 0.8178252020075093 -1.3227595738312345 6.496831454566939 9.6764894197834792 -0.8321309708521426 -6.9802612019548862 -3.9435811854950149 1.3397105347134357 1.1388719215941137 4.6110721608510516 3.0219317122195664 1.5577755025543185 -0.96621764949240974 -1.7761474139266511 0.17201565157913024 -4.7257890005774419 -3.1101114003473471 0.34458983570718832 3.3262610818939269 5.1148264458132076 -1.9111750997498007 5.6209499462598789
leaf_weight=2028 95 119 299 179 954 2386 481 559 60 242 256 55 231 315 238 202 383 638 511 228 118 257 358 210 50 135 85 68 261 358
leaf_count=2028 95 119 299 179 954 2386 481 559 60 242 256 55 231 315 238 202 383 638 511 228 118 257 358 210 50 135 85 68 261 358
internal_value=-0.000149676 0.0273889 -0.0250616 0.001858 -0.0139045 0.036197 0.000743855 -0.02345 0.0258361 -0.0139011 0.0145305 0.0249608 -0.0420194 -0.0288848 -0.0151729 -0.0135705 0.0104784 0.02926 0.0226347 0.00725309 -0.00141921 -0.00445652 -0.0085512 -0.0264901 0.00554511 0.00648968 0.0162896 0.0449287 -0.0273 0.0362768
internal_weight=12359 5870 6489 1506 3915 4364 1545 2370 597 909 787 1910 2574 546 1416 758 438 1472 834 323 457 459 917 452 531 338 220 2454 499 418
internal_count=12359 5870 6489 1506 3915 4364 1545 2370 597 909 787 1910 2574 546 1416 758 438 1472 834 323 457 459 917 452 531 338 220 2454 499 418
is_linear=0
shrinkage=0.05


Tree=17
num_leaves=31
num_cat=0
split_feature=14 15 14 15 14 14 15 12 15 14 15 11 5 10 11 6 11 6 1 10 10 15 12 12 1 13 3 7 12 10
split_gain=3294.8 468.5 382.091 163.624 120.486 58.2194 57.1243 55.1252 46.6109 46.2191 39.4158 35.3663 28.3534 45.9555 41.8296 27.3995 36.0151 26.3491 24.4494 24.0166 27.55 36.6919 25.4255 24.3283 23.9446 23.0872 22.7718 21.8026 21.5903 21.4778
threshold=1464.0700000000002 1219.0850000000003 1718.0350000000001 1393.8800000000003 1285.845 1212.9050000000004 1575.4650000000004 0.98702314536340274 1439.7200000000003 1552.4450000000004 1713.6600000000001 -0.96904977397942549 15.11694367550942 -0.73866753694953124 -0.95242240592625282 391.84313725490199 0.9863035000474919 652.37254901960785 21.629370915032684 -0.23537230790205757 -0.05695216311707673 1900.3100000000002 0.71051919230648819 0.89115239534193136 22.12982026143791 0.88917497572200743 16.260784313725491 13.500000000000002 -0.9470547246821871 -0.71504373327588355
decision_type=8 8 10 8 10 10 10 2 10 10 10 2 2 2 2 2 2 2 2 2 2 8 2 2 2 2 2 2 2 2
left_child=1 5 3 9 7 -1 12 8 11 26 -4 18 13 -6 24 16 -10 19 -3 -5 -21 22 28 27 -15 -8 -2 -24 -22 -13
right_child=2 4 10 17 6 -7 25 -9 15 -11 -12 29 -14 14 -16 -17 -18 -19 -20 20 21 -23 23 -25 -26 -27 -28 -29 -30 -31
leaf_value=-8.4229064240421447 -2.0313481415153207 -3.4571955707188864 6.1171204025173838 3.2289744979340185 0.034079914602705229 -4.5354800964454398 4.2002226494414572 3.3038718752124225 0.71376926314286493 1.0819283255144114 11.166773423213318 -2.1752318512699844 0.12571604979031578 -1.6702092377538293 -1.7596026427386278 -5.4515209335204364 -9.101706561686683 -1.4659447485164492 1.8175107479919235 -0.2828518892913735 -1.1385862474574651 13.216869549101165 -2.9894663353130966 1.8493136531679852 1.6311683849752967 -1.1643393423693738 1.3055617176846228 0.6125348691862087 2.660702141952493 -4.7541047720232825
leaf_weight=1890 447 42 850 1088 396 757 339 40 267 329 1681 341 440 55 749 162 57 57 59 134 43 114 64 240 67 71 49 102 651 784
leaf_count=1890 447 42 850 1088 396 757 339 40 267 329 1681 341 440 55 749 162 57 57 59 134 43 114 64 240 67 71 49 102 651 784
internal_value=-0.000222384 -0.0246739 0.0270171 0.0158481 -0.0135788 -0.0408799 -0.00554769 -0.0232744 -0.0246351 -0.00345036 0.0416469 -0.0298289 -0.0095726 -0.0133675 -0.0197821 -0.011499 -0.00307692 0.0222334 -0.00147059 0.0230201 0.0185322 0.0209053 0.0180745 0.00810811 0.00731707 0.0111922 -0.0130785 -0.00658683 0.0238849 -0.0323712
internal_weight=12365 6516 5849 3318 3869 2647 2117 1752 1712 825 2531 1226 1707 1267 871 486 324 2493 101 2436 1348 1214 1100 406 122 410 496 166 694 1125
internal_count=12365 6516 5849 3318 3869 2647 2117 1752 1712 825 2531 1226 1707 1267 871 486 324 2493 101 2436 1348 1214 1100 406 122 410 496 166 694 1125
is_linear=0
shrinkage=0.05


Tree=18
num_leaves=31
num_cat=0
split_feature=15 15 15 3 6 11 11 6 6 6 8 3 6 0 8 11 8 6 3 6 8 15 0 8 7 7 7 11 11 2
split_gain=2581.67 494.01 301.917 121.288 122.887 102.595 96.1801 87.245 79.162 60.4062 57.6654 55.6495 54.6828 87.507 59.561 53.2637 51.6411 52.0933 49.9192 47.243 51.8837 46.3254 43.7073 42.4182 40.5264 40.2788 39.924 34.2365 30.4537 29.5216
threshold=1476.9700000000003 1201.1950000000004 1731.7200000000003 11.526470588235297 4.8529411764705888 0.99349222267034787 0.57605713708605399 163.30392156862746 61.078431372549026 335.81372549019608 3.5000000000000004 0.37647058823529461 8.911764705882355 11.101960784313727 4.5000000000000009 0.9989598388634241 4.5000000000000009 376.00980392156868 18.828431372549023 0.71568627450980393 4.5000000000000009 1346.7800000000004 4.2578431372549028 4.5000000000000009 4.5000000000000009 6.5000000000000009 21.500000000000004 0.98899263613956456 -0.42179730054635828 0.23333333333333076
decision_type=10 8 10 2 2 2 2 2 2 2 2 2 2 2 2 2 2 2 2 2 2 10 2 2 2 2 2 2 2 2
left_child=1 6 7 4 21 9 12 10 25 -4 24 -9 -1 -14 29 18 17 -10 19 20 27 -3 -12 -13 -2 -6 28 -5 -26 -15
right_child=2 3 5 15 8 -7 -8 11 16 -11 22 23 13 14 -16 -17 -18 -19 -20 -21 -22 -23 -24 -25 26 -27 -28 -29 -30 -31
leaf_value=-7.1000634560317621 0.58082289933818176 -3.0882760604443775 10.404976021765265 0.69062215916951575 -0.80168136946423374 -1.3012653596747841 -1.0221247066216053 -1.7020318181209804 1.2236961339261712 3.5924636707061155 2.7778379426099722 3.550787979014149 1.9467154914066556 0.39824457876495106 -11.169120220921753 -4.2029451095185895 -3.2692182172024107 -1.8415610372368634 5.1172034895939591 10.700587654992411 -1.9008986889036124 -1.0001423604501269 -0.10595440729542815 -1.9872689815358286 1.3847652464890077 2.8283588374896627 0.21362843835428294 -8.8511878529628802 4.320077751174523 -5.0929308957821497
leaf_weight=1500 199 908 2017 471 87 98 276 348 357 253 367 410 86 92 597 79 435 598 110 111 254 547 438 128 225 250 121 41 750 263
leaf_count=1500 199 908 2017 471 87 98 276 348 357 253 367 410 86 92 597 79 435 598 110 111 254 547 438 128 225 250 121 41 750 263
internal_value=-0.000636225 -0.020487 0.0255462 -0.00971993 -0.0146089 0.0388772 -0.0367318 0.0149648 -0.00558449 0.0410392 0.020514 0.00180383 -0.0397794 -0.0308951 -0.0352571 0.00487348 -0.0108555 -0.004341 0.00804656 0.00404328 -0.000391134 -0.0253091 0.00998759 0.0118738 0.0270448 0.0161243 0.0308113 0.00877193 0.0341701 -0.0189607
internal_weight=12416 7062 5354 4248 3182 2368 2814 2986 1727 2270 2100 886 2538 1038 952 1066 1390 955 987 877 766 1455 805 538 1295 337 1096 512 975 355
internal_count=12416 7062 5354 4248 3182 2368 2814 2986 1727 2270 2100 886 2538 1038 952 1066 1390 955 987 877 766 1455 805 538 1295 337 1096 512 975 355
is_linear=0
shrinkage=0.05


Tree=19
num_leaves=31
num_cat=0
split_feature=14 15 14 15 14 14 12 15 15 7 7 0 13 14 15 10 3 12 15 10 0 12 13 1 0 10 3 1 10 0
split_gain=2862.17 414.589 383.902 145.356 94.4299 69.2381 62.9642 50.5636 48.4137 38.3566 39.9729 41.5643 50.0585 34.457 41.5328 32.0681 29.1879 38.7199 24.7287 24.6801 36.7955 25.4733 30.2914 23.6797 24.7263 23.2874 30.6988 31.492 60.7638 21.1414
threshold=1460.9000000000003 1212.4650000000001 1737.3150000000003 1476.9700000000003 1262.9050000000004 1201.3300000000002 0.98334239299093984 1649.365 1703.1850000000002 3.5000000000000004 17.500000000000004 19.876470588235296 0.87291090774974645 1552.4450000000004 1196.5600000000002 0.9053161325100999 11.179411764705884 0.96231527631374336 1595.1550000000002 -0.90893996196865023 10.422549019607844 -0.73209571031799014 0.046214940139115722 3.2793300653594777 12.249019607843138 -0.72696319516528884 12.187254901960786 12.557843137254904 -0.38242426011641079 12.977450980392158
decision_type=8 8 10 8 10 10 2 10 8 2 2 2 2 10 10 2 2 2 10 2 2 2 2 2 2 2 2 2 2 2
left_child=1 5 3 13 6 -1 9 25 15 -3 11 23 -13 14 -2 -4 17 -7 -17 -5 -21 22 -22 -11 -25 -6 27 -27 -29 -9
right_child=2 4 8 19 7 16 -8 29 -10 10 -12 12 -14 -15 -16 18 -18 -19 -20 20 21 -23 -24 24 -26 26 -28 28 -30 -31
leaf_value=-7.7475329176452536 -5.0626191569233701 -4.0392552639658277 6.3685047096317255 3.3659963126013452 0.033970559488159323 -5.4243392220846154 3.0839439444615948 5.3846293606299813 10.287168149687682 -8.6725065052435077 -3.1303143376916296 -6.3257426402044992 1.0643374432937776 1.1950839868922571 0.054736258830041608 -1.7384737695687649 -0.40222548664006014 -1.1665710277976531 5.6809808781414297 3.1220316595069733 -2.6139690428982081 1.729482624227012 1.6254727639505178 2.639261803550045 -1.5339663285776624 -1.7514110385260779 -0.10886748490692072 -3.5693622002919314 0.060155398129609239 -2.9383987750592042
leaf_weight=1753 167 360 558 428 470 526 42 209 1648 50 315 273 67 568 569 74 138 122 43 1186 100 491 50 150 304 546 493 138 392 61
leaf_count=1753 167 360 558 428 470 526 42 209 1648 50 315 273 67 568 569 74 138 122 43 1186 100 491 50 150 304 546 493 138 392 61
internal_value=-0.0002644 -0.0233775 0.0249193 0.0145927 -0.0130716 -0.0390748 -0.0225672 -0.00664502 0.0407272 -0.0242434 -0.0197845 -0.0140828 -0.027566 0.00130268 -0.00583446 0.0293639 -0.0266836 -0.0311248 0.00550847 0.0222739 0.019721 0.0100467 -0.00794702 -0.0049505 -0.00131868 -0.00933824 -0.0122611 -0.0169916 -0.00828625 0.0136531
internal_weight=12291 6409 5882 3559 3870 2539 1561 2309 2323 1519 1159 844 340 1304 736 675 786 648 117 2255 1827 641 150 504 454 2039 1569 1076 530 270
internal_count=12291 6409 5882 3559 3870 2539 1561 2309 2323 1519 1159 844 340 1304 736 675 786 648 117 2255 1827 641 150 504 454 2039 1569 1076 530 270
is_linear=0
shrinkage=0.05


Tree=20
num_leaves=31
num_cat=0
split_feature=14 8 15 8 14 1 14 14 14 8 14 8 14 15 14 11 8 10 15 6 14 15 15 10 7 14 7 11 1 14
split_gain=2790.81 463.679 428.922 207.985 197.254 170.249 100.812 94.6974 82.3907 84.2008 68.4216 50.6728 45.955 44.5939 47.8633 43.5237 40.7492 38.7668 35.0522 31.5824 27.0268 27.6228 26.2702 25.9673 24.4111 24.0156 23.8078 23.5874 23.1909 23.0192
threshold=1464.0700000000002 4.5000000000000009 1226.6450000000002 1.5000000000000002 1737.3150000000003 5.1449754901960789 1262.9050000000004 1292.8750000000002 1189.3350000000003 4.5000000000000009 1702.4350000000002 1.5000000000000002 1541.3350000000003 1530.0750000000003 1464.0700000000002 0.99138911339924218 3.5000000000000004 -0.64578423485557612 1556.9050000000004 204.76470588235296 1513.6300000000003 1633.0250000000003 1682.6150000000002 -0.26037633224328088 19.500000000000004 1403.2800000000002 6.5000000000000009 -0.013976481981245173 2.2128267973856213 1360.3950000000002
decision_type=8 2 8 2 10 2 10 10 10 2 10 2 10 8 10 2 2 2 8 2 10 10 10 2 2 10 2 2 2 10
left_child=2 4 8 7 11 10 -5 17 -1 29 -3 13 -7 14 23 19 25 -4 -9 20 24 -22 -19 -2 -13 -8 -14 -21 -20 -10
right_child=1 5 3 6 -6 12 16 18 9 -11 -12 15 26 -15 -16 -17 -18 22 28 27 21 -23 -24 -25 -26 -27 -28 -29 -30 -31
leaf_value=-7.6087113691437596 -3.5647256842297739 -0.10591080492315541 0.59246553752377051 -5.8313983414608401 10.439854558654083 -3.7631444978467243 -1.0373912539084245 0.25384513225048411 -1.0992720174668704 -5.9860635410193481 3.7293527816095664 1.1399981976551317 -2.4518938810840609 6.7323183123446944 3.6300981609211478 -3.3868518199222195 -1.9711933201791112 -2.0144459636185164 -0.40483693492432171 -0.19956282541209022 3.0167652363242157 1.624817091641569 2.5288104394401216 5.7584547587489174 -0.65036714890023295 0.33606976853541259 -0.31230806275756323 2.4018991962933001 5.1907524688772702 1.3355608927672393
leaf_weight=1796 40 265 262 664 1804 265 451 340 360 508 396 190 85 667 153 66 838 569 43 235 555 313 58 46 78 251 451 203 238 77
leaf_count=1796 40 265 262 664 1804 265 451 340 360 508 396 190 85 667 153 66 838 569 43 235 555 313 58 46 78 251 451 203 238 77
internal_value=-0.000427943 0.0247033 -0.0230561 -0.0119785 0.032889 0.000341763 -0.0217687 0.00231635 -0.0380562 -0.0260571 0.0191088 0.0239105 -0.0151496 0.0334068 0.0147917 0.0186472 -0.0147307 -0.00814607 0.017283 0.0203175 0.0247142 0.0289988 -0.0148885 -0.0149425 0.0107807 -0.00583215 -0.00670391 0.00888383 0.0303191 -0.00993151
internal_weight=12267 5812 6455 3714 4350 1462 2204 1510 2741 945 661 2546 801 906 239 1640 1540 889 621 1574 1136 868 627 86 268 702 536 438 281 437
internal_count=12267 5812 6455 3714 4350 1462 2204 1510 2741 945 661 2546 801 906 239 1640 1540 889 621 1574 1136 868 627 86 268 702 536 438 281 437
is_linear=0
shrinkage=0.05


Tree=21
num_leaves=31
num_cat=0
split_feature=14 8 8 14 14 14 7 7 8 6 14 8 1 3 14 14 13 10 8 3 8 7 6 7 8 14 13 3 13 14
split_gain=2558.9 588.196 316.125 269.538 223.207 158.032 154.702 93.9263 77.6573 74.2837 69.1577 63.1673 62.074 54.9175 49.3593 42.3246 33.7523 42.6384 29.2248 27.6706 25.6805 36.9826 24.0245 23.7376 30.5342 23.3524 23.1888 23.1264 21.9525 21.4715
threshold=1403.2800000000002 4.5000000000000009 1.5000000000000002 1726.7000000000003 1722.1500000000003 1219.3950000000002 3.5000000000000004 20.500000000000004 1.0000000180025095e-35 405.68627450980392 1118.5350000000001 3.5000000000000004 3.2093545751633989 8.3303921568627466 1556.6150000000002 1541.3350000000003 0.29958852271690523 -0.39036798905311365 1.0000000180025095e-35 14.28137254901961 5.5000000000000009 13.500000000000002 139.51960784313729 15.500000000000002 5.5000000000000009 1403.2800000000002 0.39629089145655322 13.744117647058825 0.96851671873169776 975.36500000000012
decision_type=8 2 2 10 10 10 2 2 2 2 10 2 2 2 10 10 2 2 2 2 2 2 2 2 2 10 2 2 2 10
left_child=2 3 6 8 15 -4 10 9 25 16 -1 26 -6 -9 -10 19 -8 -18 -12 23 -17 -22 28 -3 -25 -2 -7 -13 -16 -11
right_child=1 4 5 -5 12 11 7 13 14 29 18 27 -14 -15 22 20 17 -19 -20 -21 21 -23 -24 24 -26 -27 -28 -29 -30 -31
leaf_value=-6.6087483130313451 5.3190557932125841 -4.2134577529277237 -7.6298515072549664 9.787048847838788 4.8947155721928546 -0.48100354480594665 2.2201196855339052 -2.6369056892213849 0.86499178991973058 -3.1059122978641769 -3.1758483379121913 -3.7958241376305981 0.41829437827244648 0.34454756753399352 3.0809370105548681 -1.0903943331872143 -3.2027517981470739 1.0652754754290983 0.26734130393684835 -0.42841144180267748 -1.0535685310307656 2.0491015438442788 1.7623395244745326 -2.443823319260281 0.68468712194262482 10.542814946668585 -1.979024526678768 -1.6733290058729382 -0.0060000838123244193 -0.19132828465069451
leaf_weight=304 74 318 1843 1891 301 515 460 215 1398 122 92 923 285 95 754 315 72 164 139 138 124 103 435 96 71 348 226 164 58 253
leaf_count=304 74 318 1843 1891 301 515 460 215 1398 122 92 923 285 95 754 315 72 164 139 138 124 103 435 96 71 348 226 164 58 253
internal_value=7.31886e-05 0.0208867 -0.0249195 0.0296834 -0.00402397 -0.0335103 -0.0084507 0.000397974 0.0205183 0.00741604 -0.03125 -0.0230727 0.0211244 -0.0237942 0.017328 -0.016681 0.0170732 0.00168776 -0.0105603 -0.0255609 -0.00644567 0.00635965 0.0245593 -0.0311728 -0.0157738 0.0404255 -0.0117925 -0.0307445 0.0296433 -0.0105053
internal_weight=12296 6709 5587 4958 1751 3671 1916 1381 3067 1071 535 1828 586 310 2645 1165 696 236 231 623 542 227 1247 485 167 422 741 1087 812 375
internal_count=12296 6709 5587 4958 1751 3671 1916 1381 3067 1071 535 1828 586 310 2645 1165 696 236 231 623 542 227 1247 485 167 422 741 1087 812 375
is_linear=0
shrinkage=0.05


Tree=22
num_leaves=31
num_cat=0
split_feature=14 8 15 14 8 11 14 14 14 8 14 8 8 15 15 13 6 11 15 0 15 7 8 10 14 12 15 10 10 11
split_gain=2407.81 473.178 438.469 219.814 209.584 144.458 108.282 100.647 65.9777 55.9349 45.4713 81.2443 43.818 38.2097 34.7692 33.2926 32.8288 35.5305 32.8033 31.7336 29.3929 26.9128 45.5993 26.3015 25.7125 21.7132 21.3239 21.2876 21.0098 21.7056
threshold=1467.3850000000002 4.5000000000000009 1172.1400000000001 1748.0450000000003 1.5000000000000002 0.60383265664488517 1279.8050000000001 1289.4250000000004 1833.6200000000001 1.0000000180025095e-35 1212.9050000000004 4.5000000000000009 4.5000000000000009 1473.5850000000003 1530.0750000000003 -0.65721521735223198 508.71568627450984 0.99349222267034787 1583.6000000000001 5.2607843137254902 1537.9350000000002 14.500000000000002 5.5000000000000009 -0.59176244063315286 1548.4450000000004 0.69522491211780757 1718.4450000000004 -0.15101209918632377 -0.73866753694953124 -0.34234976856068178
decision_type=8 2 8 10 2 2 10 10 10 2 10 2 2 8 8 2 2 2 8 2 10 2 2 2 10 2 10 2 2 2
left_child=2 3 10 9 7 15 -6 13 21 14 -1 -12 19 23 -2 -3 17 24 -9 20 -8 -7 -23 -4 -11 -25 -26 -28 29 -21
right_child=1 5 4 -5 6 8 12 18 -10 16 11 -13 -14 -15 -16 -17 -18 -19 -20 28 -22 22 -24 25 26 -27 27 -29 -30 -31
leaf_value=-7.6090035105330234 0.90735988539046275 -1.0653379350832666 -0.082329756888464098 9.7221959171655961 -4.2079677393427461 -0.74259783746725816 0.78443501174387509 0.43731214348118785 4.0417456467433288 1.1353878870042196 -0.12466683823710129 -6.2040805033147031 -2.410132356293758 0.58557030159047374 10.805345096287363 -3.8237095486880892 -0.29468593220831851 -1.4789191036494005 5.0388774267112417 1.3157079425357097 -1.8748671044160632 -0.7362155723552406 2.634759903649706 -1.7285861619778644 2.8305052449845678 -3.4365824074414721 3.747858091502235 0.37765578637456088 -1.1514152801209094 -1.141450336171556
leaf_weight=1616 53 383 257 1723 1016 292 244 431 304 726 216 338 596 311 311 243 174 88 256 91 50 106 141 333 951 143 115 202 499 145
leaf_count=1616 53 383 257 1723 1016 292 244 431 304 726 216 338 596 311 311 243 174 88 256 91 50 106 141 333 951 143 115 202 499 145
internal_value=-0.000485633 0.0229314 -0.0212899 0.031227 -0.0121656 -0.00159864 -0.0210257 0.00135681 0.0119076 0.0220908 -0.0396591 -0.0272072 -0.0130074 -0.00842105 0.040274 -0.0197767 0.0191405 0.0208833 0.0162064 -0.00674757 0.00711864 0.00138889 0.0135081 -0.0146458 0.0222556 -0.0215933 0.0265563 0.0152516 -0.0122962 0
internal_weight=12354 5812 6542 4343 4372 1469 2641 1731 843 2620 2170 554 1625 1044 364 626 2256 2082 687 1029 294 539 247 733 1994 476 1268 317 735 236
internal_count=12354 5812 6542 4343 4372 1469 2641 1731 843 2620 2170 554 1625 1044 364 626 2256 2082 687 1029 294 539 247 733 1994 476 1268 317 735 236
is_linear=0
shrinkage=0.05


Tree=23
num_leaves=31
num_cat=0
split_feature=14 8 15 14 14 8 8 14 15 14 8 0 14 15 10 10 8 6 0 1 10 1 6 11 8 15 15 6 13 0
split_gain=2302.74 542.698 340.846 265.173 183.17 146.162 75.9078 66.4945 64.2085 59.9586 55.0287 46.6354 44.5032 37.2666 35.4318 36.2825 28.2975 60.7214 27.9584 26.9696 26.631 25.6331 24.4241 25.0115 25.986 24.0509 21.5886 21.1748 20.6391 20.0713
threshold=1406.5300000000002 4.5000000000000009 1175.595 1780.1400000000001 1833.6200000000001 1.5000000000000002 1.0000000180025095e-35 1518.3250000000003 1556.9050000000004 1541.3350000000003 5.5000000000000009 5.4303921568627462 1157.6350000000002 1530.0750000000003 -0.59176244063315286 -0.48314718476766422 3.5000000000000004 1.0000000180025095e-35 1.9519607843137257 0.63282271241830068 0.9893236546938301 3.576327614379085 159.39215686274511 0.99349222267034787 3.5000000000000004 1616.4550000000002 1661.2300000000002 634.26470588235304 0.70747208174348741 5.0950980392156877
decision_type=8 2 10 10 10 2 2 8 10 10 2 2 10 8 2 2 2 2 2 2 2 2 2 2 2 10 10 2 2 2
left_child=2 3 11 6 9 8 13 25 14 18 -11 -1 -7 -2 -4 -16 17 -13 -3 -12 28 -6 23 24 -9 -8 -26 -19 -10 -14
right_child=1 4 5 -5 21 12 7 22 20 10 19 16 29 -15 15 -17 -18 27 -20 -21 -22 -23 -24 -25 26 -27 -28 -29 -30 -31
leaf_value=-2.1119121978709869 1.6129835790326752 -0.079316326342564025 0.20679753524205469 9.7543356330260629 5.6298240848450183 -7.5986936025326379 0.62063633449338917 2.8628911136213677 3.8234247109711248 -1.1013580974504009 3.945406791565381 -4.1607772199945314 -1.057415285818587 10.063942512131838 -5.8509560234004425 -1.0033462420059436 -8.4561324477044657 0.38651345504574697 -2.8909670338187539 0.53684262429129603 -1.9442105207183205 1.0320692539858101 1.617435217218099 -0.97019276830943113 1.9313658763063473 -1.4162744307940898 -0.40529477358666099 -4.3590298740454498 -1.0783675756203592 -1.8029241769097837
leaf_weight=192 63 115 370 1528 210 306 806 989 236 466 67 577 374 384 78 673 1261 111 482 258 46 149 595 52 250 127 88 119 43 1274
leaf_count=192 63 115 370 1528 210 306 806 989 236 466 67 577 374 384 78 673 1261 111 482 258 46 149 595 52 250 127 88 119 43 1274
internal_value=-0.000231896 0.0197662 -0.0236531 0.0283228 -0.0041476 -0.013643 0.0204471 0.0174862 -0.0015895 -0.012383 -0.00334596 -0.0386997 -0.0225575 0.0396205 -0.00726381 -0.0134973 -0.0408893 -0.0334777 -0.0243311 0.0124233 0.0179448 0.0276389 0.0226835 0.0263406 0.0276732 0.00647752 0.0156342 -0.0116883 0.02375 -0.0192844
internal_weight=12289 6629 5660 4882 1747 3400 3354 2907 1446 1388 791 2260 1954 447 1121 751 2068 807 597 325 325 359 1974 1379 1327 933 338 230 279 1648
internal_count=12289 6629 5660 4882 1747 3400 3354 2907 1446 1388 791 2260 1954 447 1121 751 2068 807 597 325 325 359 1974 1379 1327 933 338 230 279 1648
is_linear=0
shrinkage=0.05


Tree=24
num_leaves=31
num_cat=0
split_feature=14 14 15 15 10 10 0 6 6 14 0 15 14 15 1 3 6 0 12 6 1 14 1 3 13 15 10 12 14 0
split_gain=2198.14 470.034 330.334 114.571 65.4658 70.8223 53.8746 60.8147 69.2031 52.4736 46.6647 43.5279 39.1986 38.5073 50.3189 47.5796 47.0614 34.1007 33.0796 31.6366 26.7252 24.8207 24.369 24.1118 33.2869 50.6391 27.3848 22.7979 22.5798 21.8686
threshold=1406.5300000000002 1763.9850000000001 1160.9350000000002 1522.6700000000003 -0.59176244063315286 1.0000000180025095e-35 1.0117647058823531 0.3235294117647059 147.5392156862745 1179.2650000000001 -3.229411764705882 1791.2350000000004 1406.5300000000002 1443.1950000000004 20.303553921568628 7.5098039215686301 269.82352941176481 5.4303921568627462 0.84660111278280559 218.02941176470588 15.722344771241829 1571.7800000000002 9.1994689542483687 16.987254901960785 0.95938053495154851 1786.1050000000002 -0.90893996196865023 -0.159513159777915 1541.3350000000003 7.1372549019607847
decision_type=8 10 10 8 2 2 2 2 2 10 2 8 10 10 2 2 2 2 2 2 2 8 2 2 2 10 2 2 10 2
left_child=2 3 9 10 13 18 -7 -8 -9 -1 -2 22 -12 14 15 20 -15 -11 -6 23 -4 -21 -3 24 25 26 -5 -26 -14 -28
right_child=1 11 4 19 5 6 7 8 -10 17 12 -13 28 16 -16 -17 -18 -19 -20 21 -22 -23 -24 -25 27 -27 29 -29 -30 -31
leaf_value=-7.6743487381570619 4.4566716544291181 5.5895562916093073 -2.3638137791681628 2.6517953035461859 -2.8363139155594013 1.5693564966997315 -1.8112397598417944 2.8728868172540616 -2.155580333468174 -0.58049975044923485 -4.0882260368658194 9.138371781062256 -0.091684338110104596 3.3501363444396932 0.80282242484844346 0.43649332418877979 -3.1544621920301439 -4.0725217923440651 -6.7849797919567898 -0.6485360755530053 -0.63981705098000818 1.8822870695932239 1.8929582988244875 5.6942061412362994 -1.368296794036246 8.485722065832034 1.6335210450178466 1.7022217814258001 0.83153599262562927 0.45891954905671928
leaf_weight=1405 58 766 253 314 661 125 830 179 511 119 145 1263 1154 159 213 171 63 574 183 222 206 371 127 108 70 312 456 48 787 476
leaf_count=1405 58 766 253 314 661 125 830 179 511 119 145 1263 1154 159 213 171 63 574 183 222 206 371 127 108 70 312 456 48 787 476
internal_value=3.64964e-05 0.0194594 -0.0229082 0.0102941 -0.0136146 -0.0180522 -0.0119988 -0.0145957 -0.00361795 -0.0386374 0.00191142 0.0386648 0.000670819 -0.0032364 -0.00811611 -0.0152139 0.0152466 -0.0273055 -0.0298225 0.0178511 -0.023587 0.00782828 0.0301454 0.0211765 0.019678 0.0216164 0.017081 -0.00588235 0.00254892 0.0127546
internal_weight=12329 6677 5652 4521 3554 2489 1645 1520 690 2098 2144 2156 2086 1065 843 630 222 693 844 2377 459 593 893 1784 1676 1558 1246 118 1941 932
internal_count=12329 6677 5652 4521 3554 2489 1645 1520 690 2098 2144 2156 2086 1065 843 630 222 693 844 2377 459 593 893 1784 1676 1558 1246 118 1941 932
is_linear=0
shrinkage=0.05


Tree=25
num_leaves=31
num_cat=0
split_feature=14 8 15 14 8 0 14 14 8 14 8 14 8 14 11 0 15 11 15 15 15 10 11 3 8 12 15 10 14 14
split_gain=2017.93 411.246 370.643 230.671 178.237 127.699 90.3103 71.0436 62.0975 52.4344 92.6187 41.1505 41.057 37.56 37.4831 36.1572 35.2179 32.9399 31.7383 31.6572 30.6858 28.7803 38.7508 26.7721 34.8005 29.7039 25.9682 27.027 23.1908 23.1902
threshold=1453.7350000000004 4.5000000000000009 1154.2650000000001 1798.9750000000001 1.5000000000000002 4.5617647058823536 1234.8950000000002 1205.0700000000004 1.0000000180025095e-35 1168.5250000000003 3.5000000000000004 1977.3300000000002 4.5000000000000009 1522.2650000000001 0.99349222267034787 5.5166666666666675 1693.8500000000001 -0.49812626372919411 1537.9350000000002 1616.4550000000002 1530.0750000000003 -0.63921128368950708 0.39629089145655322 6.734313725490197 3.5000000000000004 -0.3098332921407298 1311.7700000000002 -0.57780908558020239 1575.0900000000001 1916.1350000000002
decision_type=8 2 8 10 2 2 10 10 2 10 2 10 2 8 2 2 10 2 10 10 8 2 2 2 2 2 8 2 10 10
left_child=2 3 9 8 6 11 26 -6 20 -1 -11 28 15 19 23 18 -8 -7 -9 -10 -2 22 -17 24 -15 -26 -4 -28 -3 -19
right_child=1 5 4 -5 7 17 16 12 13 10 -12 -13 -14 14 -16 21 -18 29 -20 -21 -22 -23 -24 -25 25 -27 27 -29 -30 -31
leaf_value=-7.6838624082790723 1.7367457019243262 -0.50716747918484095 -1.7036574801540327 9.521449529899769 -4.9755010697787956 -4.3040547348304701 0.44916156250845918 0.49630688202287276 0.7390922806121637 0.16270739712906562 -5.30989674793903 6.1539142915496541 -2.2452853636669943 2.1118943839212707 -2.1036135993879612 0.12403312455273863 6.6382736512951972 -0.99461139682171051 -3.01832087176594 -1.7154767882242596 10.032176388871438 -1.4040252649475293 -4.9074405631877882 2.9291488439110824 -1.8394854092558148 1.0689991105999184 0.91985935731567003 -1.7943856041555195 1.5729078784203296 2.3997216511595414
leaf_weight=1227 51 130 398 1413 637 139 721 271 490 173 482 106 748 768 73 319 140 713 56 83 338 629 45 951 120 150 156 330 380 56
leaf_count=1227 51 130 398 1413 637 139 721 271 490 173 482 106 748 768 73 319 140 713 56 83 338 629 45 951 120 150 156 330 380 56
internal_value=-0.000305027 0.020572 -0.0199589 0.0282672 -0.0120872 -0.00183607 0.000372279 -0.020122 0.0204628 -0.0385555 -0.0270579 0.0157212 -0.0156114 0.0176973 0.0208434 -0.0102952 0.011891 -0.0137514 0.00411585 0.00635889 0.0391026 -0.0150402 -0.00383562 0.0221357 0.0165544 0.00110701 -0.0108475 -0.00308008 0.00978474 -0.00967532
internal_weight=12293 5961 6332 4437 4450 1524 1745 2705 3024 1882 655 616 2068 2635 2062 1320 861 908 327 573 389 993 364 1989 1038 270 884 486 510 769
internal_count=12293 5961 6332 4437 4450 1524 1745 2705 3024 1882 655 616 2068 2635 2062 1320 861 908 327 573 389 993 364 1989 1038 270 884 486 510 769
is_linear=0
shrinkage=0.05


Tree=26
num_leaves=31
num_cat=0
split_feature=14 8 15 14 8 1 8 14 11 14 7 14 15 14 7 14 8 14 15 10 7 10 14 10 15 1 0 0 8 7
split_gain=1929.5 474.236 321.605 252.287 135.739 135.567 82.024 63.3266 59.4157 53.5232 48.8628 44.1723 37.985 37.9737 36.2377 35.5414 52.3635 34.8748 33.1461 32.3176 29.2218 28.8565 28.1304 26.563 26.0634 24.6562 24.1834 22.6643 21.4036 32.9823
threshold=1419.5450000000003 4.5000000000000009 1157.5700000000002 1780.1400000000001 1.5000000000000002 3.2093545751633989 1.0000000180025095e-35 1242.7500000000002 0.56191161272202661 1161.4050000000002 6.5000000000000009 1737.3150000000003 1530.0750000000003 1525.3400000000001 3.5000000000000004 1137.9050000000004 3.5000000000000004 1541.3350000000003 1693.8500000000001 -0.21861968191509915 20.500000000000004 -0.54939360607974019 975.36500000000012 -0.022576249993022688 1567.6850000000002 20.303553921568628 9.7362745098039234 9.0382352941176496 5.5000000000000009 15.500000000000002
decision_type=8 2 10 10 2 2 2 10 2 10 2 10 8 10 2 10 2 10 10 2 2 2 10 2 10 2 2 2 2 2
left_child=2 3 8 6 7 11 12 14 15 -6 -7 -3 -2 28 -4 -1 -17 -8 -19 -20 22 25 -16 -21 -9 26 -11 -5 -12 -30
right_child=1 5 4 27 9 10 17 24 -10 21 13 -13 -14 -15 20 16 -18 18 19 23 -22 -23 -24 -25 -26 -27 -28 -29 29 -31
leaf_value=-8.1767522769544367 0.89891672891637886 0.11119582788987828 -2.4243082060949064 9.4503758327016616 -6.2515661430445393 -3.0620788837410147 0.68826730289920879 0.1495261300345419 -0.90617800476898092 0.26568818391542665 -3.0237627558523799 3.4481391874174507 8.8625575902343936 -0.12953619188659218 -1.680513541226327 -0.76849204680819982 -5.0459005808497297 2.3880050805847817 3.0454596296257024 -2.4166463839659458 -1.73734776683325 -1.71565023259476 0.56677028159440401 0.63016349947456551 4.0284672337065333 1.1652991111049005 -1.380638946553961 3.6676646658191774 -3.2869149733288623 1.0434116299099798
leaf_weight=1126 57 279 177 1303 362 219 1168 472 185 125 160 278 381 620 160 218 591 1084 187 52 132 1219 367 353 229 117 314 225 70 64
leaf_count=1126 57 279 177 1303 362 219 1168 472 185 125 160 278 381 620 160 218 591 1084 187 52 132 1219 367 353 229 117 314 225 70 64
internal_value=-5.69337e-05 0.0186433 -0.0210354 0.0266473 -0.0120816 -0.00413956 0.0188242 -0.000747724 -0.0365394 -0.0202292 -0.0140653 0.0160394 0.0389522 -0.00896175 -0.0100358 -0.0391271 -0.0310494 0.0157118 0.0203339 0.0107926 -0.00462121 -0.0166385 0.000662879 0.00283251 0.0103276 -0.00718133 -0.0126136 0.0434271 -0.0237288 -0.00888889
internal_weight=12294 6500 5794 4810 3674 1690 3282 1537 2120 2137 1133 557 438 914 836 1935 809 2844 1676 592 659 1775 527 405 701 556 439 1528 294 134
internal_count=12294 6500 5794 4810 3674 1690 3282 1537 2120 2137 1133 557 438 914 836 1935 809 2844 1676 592 659 1775 527 405 701 556 439 1528 294 134
is_linear=0
shrinkage=0.05


Tree=27
num_leaves=31
num_cat=0
split_feature=1 8 7 8 7 7 6 11 7 7 3 3 13 3 12 7 3 12 12 0 11 7 6 7 0 3 11 6 0 8
split_gain=1085.32 466.408 372.262 309.565 234.22 194.352 187.003 155.732 131.421 131.358 110.294 66.3077 59.6136 59.3211 53.512 49.2366 46.1915 44.6062 67.6208 41.3919 45.5404 39.7199 39.181 66.6332 37.4274 35.4498 33.8206 28.6678 28.2783 28.9268
threshold=9.1994689542483687 4.5000000000000009 3.5000000000000004 4.5000000000000009 20.500000000000004 3.5000000000000004 344.30392156862752 0.99349222267034787 6.5000000000000009 20.500000000000004 6.5264705882352949 0.69117647058823739 -0.65234411079832233 12.506862745098042 0.080548957663405765 6.5000000000000009 15.440196078431375 -0.8983350073998303 -0.70823149499492988 -3.8284313725490189 0.98332250088165762 18.500000000000004 401.05882352941177 20.500000000000004 4.9049019607843141 8.2647058823529438 -0.99465740988130902 125.95098039215686 5.4303921568627462 1.0000000180025095e-35
decision_type=2 2 2 2 2 2 2 2 2 2 2 2 2 2 2 2 2 2 2 2 2 2 2 2 2 2 2 2 2 2
left_child=3 2 -2 5 6 19 12 9 16 10 -7 26 21 -10 -9 -3 -5 -14 -19 -1 28 27 23 -17 -11 -6 -8 -4 29 -21
right_child=1 15 4 8 25 7 11 14 13 24 -12 -13 17 -15 -16 22 -18 18 -20 20 -22 -23 -24 -25 -26 -27 -28 -29 -30 -31
leaf_value=3.2594328080962898 -2.773041441286455 -6.9094153366680757 2.8154241142051433 -3.096843906710518 -2.0354650773742322 1.2496604005248402 3.154870778808669 -1.9815156982984377 -0.53817514853359405 1.0611132550450806 7.6028570410665797 2.71045964079932 3.6140064801047518 2.289005687972383 10.745302260171833 -1.1641932611090453 -0.86767754455300983 -3.250910739536653 0.5592173082735542 -1.9728288164852701 -5.36470073811945 0.023922548535625768 -9.0016043900569116 -4.9684073903525707 -0.49952675682958447 0.15285167988435547 -2.1906876575749097 1.1132738447229826 -0.93485140016541668 0.5405633811280609
leaf_weight=41 829 597 652 254 532 350 52 252 541 292 2137 165 203 511 53 654 203 161 746 84 84 166 504 245 150 86 992 257 91 340
leaf_count=41 829 597 652 254 532 350 52 252 541 292 2137 165 203 511 53 654 203 161 746 84 84 166 504 245 150 86 992 257 91 340
internal_value=-0.000662577 -0.0138775 -0.00548327 0.0161311 0.000822327 0.0236129 0.00597938 0.0285935 -0.00307947 0.0321331 0.0365957 -0.00979339 0.0147072 0.00664767 -0.00539216 -0.0341829 -0.0254367 0.00657066 0.00181718 -0.00156006 -0.00491667 0.0230948 -0.0290242 -0.0227222 0.00699774 -0.0274637 -0.0144498 0.0271978 0.000678295 0.00611765
internal_weight=12224 6841 4841 5383 4012 3874 3394 3234 1509 2929 2487 1209 2185 1052 305 2000 457 1110 907 640 599 1075 1403 899 442 618 1044 909 515 424
internal_count=12224 6841 4841 5383 4012 3874 3394 3234 1509 2929 2487 1209 2185 1052 305 2000 457 1110 907 640 599 1075 1403 899 442 618 1044 909 515 424
is_linear=0
shrinkage=0.05


Tree=28
num_leaves=31
num_cat=0
split_feature=14 14 8 15 8 8 3 8 7 8 14 14 14 6 11 10 11 15 15 14 14 8 6 7 14 14 15 14 11 0
split_gain=1722.7 467.673 353.402 289.154 125.382 83.2077 66.8734 65.4743 55.3814 53.4417 51.5668 50.2994 50.2108 44.5176 42.9976 41.7837 39.2471 37.8257 37.579 36.7967 32.4182 65.6887 32.2645 31.7632 31.5497 30.0406 27.2088 22.9634 22.9287 25.5551
threshold=1375.8400000000001 1833.6200000000001 3.5000000000000004 1137.9050000000004 1.5000000000000002 1.0000000180025095e-35 11.72450980392157 4.5000000000000009 19.500000000000004 4.5000000000000009 1172.3600000000004 1246.2550000000003 1522.2650000000001 1.0000000180025095e-35 -0.49812626372919411 -0.61913973745509387 0.96633974041180493 1514.6100000000004 1888.6250000000002 1541.3350000000003 1100.9800000000002 1.5000000000000002 120.0294117647059 5.5000000000000009 1970.2450000000001 1137.9050000000004 1649.365 975.36500000000012 -0.49812626372919411 8.5460784313725515
decision_type=8 10 2 8 2 2 2 2 2 2 10 10 10 2 2 2 2 8 10 10 10 2 2 2 10 10 10 10 2 2
left_child=3 2 5 20 11 17 8 -3 9 26 -6 13 -7 25 -11 28 22 -2 -18 -8 -1 -22 -14 -16 -9 -5 -4 -15 -12 -30
right_child=1 7 6 4 10 12 19 24 -10 14 15 -13 16 27 23 -17 18 -19 -20 -21 21 -23 -24 -25 -26 -27 -28 -29 29 -31
leaf_value=-8.3902930566289751 1.1277009356990788 8.9499251033385701 1.0258922139447237 -2.5596383615698191 -4.7309249623898495 0.53210065182112209 -0.23678089461063223 0.84198977625881077 -2.0016282454776504 -4.8586337846425067 1.050047104395651 0.52096117974857636 2.3418513660223765 -2.0830469516139489 -2.8228561973855166 -1.8870153640136664 2.2121073020846667 8.1440511836601903 -2.7593826056363358 1.5847872243240091 0.55858065458819517 -4.2092464885963867 1.8598774176551389 -0.46452937738230277 5.1522302835744318 -0.84091828528094092 -0.82493279353037685 0.6039016925970373 0.62960497504991508 -1.3718385365430779
leaf_weight=808 71 1251 373 234 536 1071 342 192 185 187 93 557 877 149 90 1049 126 480 49 391 73 773 481 659 147 238 160 337 89 261
leaf_count=808 71 1251 373 234 536 1071 342 192 185 187 93 557 877 149 90 1049 126 480 49 391 73 773 481 659 147 238 160 337 89 261
internal_value=-0.00012571 0.0158278 0.00896626 -0.0220181 -0.0139532 0.0199461 -0.00554858 0.0397234 -0.0111178 -0.00785714 -0.0220798 -0.00306728 0.0161996 -0.0100104 -0.015048 -0.0172806 0.0220013 0.0375906 -0.000284091 0.00701635 -0.0392749 -0.0323495 0.0248712 -0.00966667 0.0201471 -0.0209302 0.00477528 0.000616016 -0.00439189 -0.0102564
internal_weight=12329 7132 5542 5197 3543 3155 2387 1590 1654 1469 2028 1515 2604 958 936 1492 1533 551 175 733 1654 846 1358 749 339 472 533 486 443 350
internal_count=12329 7132 5542 5197 3543 3155 2387 1590 1654 1469 2028 1515 2604 958 936 1492 1533 551 175 733 1654 846 1358 749 339 472 533 486 443 350
is_linear=0
shrinkage=0.05


Tree=29
num_leaves=31
num_cat=0
split_feature=14 15 14 8 8 14 8 14 8 7 8 8 14 0 12 13 11 12 7 12 7 6 11 12 14 7 8 11 13 14
split_gain=1636.34 451.578 240.369 182.45 143.904 137.685 83.9966 68.7295 106.508 57.0785 54.8147 51.5075 45.1621 44.3203 38.4636 36.9361 33.1482 32.9729 32.9181 37.7397 32.6645 32.2736 29.1039 29.4136 25.6151 25.2046 24.9237 24.4297 24.3662 19.7468
threshold=1522.2650000000001 1154.2650000000001 1858.5000000000002 3.5000000000000004 3.5000000000000004 1266.0850000000003 1.0000000180025095e-35 1168.5250000000003 4.5000000000000009 3.5000000000000004 1.0000000180025095e-35 4.5000000000000009 1157.6350000000002 4.3382352941176476 0.95239763423914636 0.99351059783078122 0.99138911339924218 0.067682722635586057 2.5000000000000004 0.71953851835684701 18.500000000000004 147.5392156862745 -0.82899557272681157 0.71953851835684701 1970.2450000000001 8.5000000000000018 1.0000000180025095e-35 -0.97315270831292444 0.29958852271690523 1375.8400000000001
decision_type=10 8 10 2 2 8 2 10 2 2 2 2 8 2 2 2 2 2 2 2 2 2 2 2 10 2 2 2 2 8
left_child=1 7 4 5 10 14 9 -1 -9 -7 -2 -4 -5 25 18 29 21 -17 -3 26 -11 -12 23 -8 -13 -6 -20 -28 -21 -14
right_child=2 3 11 12 13 6 22 8 -10 20 16 24 15 -15 -16 17 -18 -19 19 28 -22 -23 -24 -25 -26 -27 27 -29 -30 -31
leaf_value=-6.6117595787577788 10.028202696427423 -2.3226943734461316 9.0839140197024228 -7.5880344545772465 0.045100096180669881 -2.4236137317294721 -0.20150762878284922 0.12530247558433416 -4.7835913116977737 5.7416819648393531 2.2064108489563181 1.1110796637423619 -2.1443962032499768 -0.12454779874109932 1.849172086866389 -1.4844841235426545 -1.0661505697345774 3.7568757923730463 0.2490881250186476 -0.26910552462206855 0.56893695424317914 1.514566350945671 0.39072744726339581 -2.2316853578398765 5.0924188798185304 2.4876935548761709 2.2396314541415223 -1.4290845703298147 -4.05408138981457 -0.89534710380382876
leaf_weight=1279 238 283 1110 223 143 50 253 286 438 346 1074 161 726 1018 70 59 85 57 486 87 132 486 1286 71 140 256 49 402 140 785
leaf_count=1279 238 283 1110 223 143 50 253 286 438 346 1074 161 726 1018 70 59 85 57 486 87 132 486 1286 71 140 256 49 402 140 785
internal_value=0.000110475 -0.0143827 0.0232067 -0.00698329 0.0158134 -0.000506018 0.00766713 -0.0347056 -0.0223448 0.0249527 0.0248673 0.0404745 -0.0197731 0.00377292 -0.0120224 -0.0168612 0.0215978 0.0102564 -0.0137776 -0.0100429 0.0302714 0.0232543 0.00198634 -0.0113846 0.0220199 0.017875 -0.00559701 -0.0140487 -0.0282895 -0.0189484
internal_weight=12219 7508 4711 5505 3300 3655 2138 2003 724 528 1883 1411 1850 1417 1517 1627 1645 116 1447 1164 478 1560 1610 324 301 399 937 451 227 1511
internal_count=12219 7508 4711 5505 3300 3655 2138 2003 724 528 1883 1411 1850 1417 1517 1627 1645 116 1447 1164 478 1560 1610 324 301 399 937 451 227 1511
is_linear=0
shrinkage=0.05


Tree=30
num_leaves=31
num_cat=0
split_feature=14 14 8 8 14 15 7 8 0 8 8 7 13 12 14 14 12 15 7 15 13 13 14 15 1 1 0 5 12 15
split_gain=1500.17 387.317 277.745 264.576 115.159 77.5493 74.3138 68.255 61.1181 60.1629 49.064 42.83 43.1122 58.4109 38.6648 36.5314 35.0371 34.2638 33.9576 33.4977 34.1257 33.1573 31.7524 28.2915 28.1436 24.4758 22.8114 22.0172 21.3217 20.7657
threshold=1400.3900000000003 1839.8150000000003 3.5000000000000004 3.5000000000000004 1219.3950000000002 1092.3000000000004 2.5000000000000004 1.0000000180025095e-35 1.9519607843137257 4.5000000000000009 1.0000000180025095e-35 20.500000000000004 0.1318557721318592 0.84660111278280559 1525.3400000000001 1556.6150000000002 0.90159200968320541 1537.9350000000002 3.5000000000000004 1564.3200000000002 -0.57078287476060374 0.011826363350393306 1096.7900000000002 1454.0950000000003 3.2093545751633989 19.250408496732028 8.1990196078431392 12.336240099961556 -0.91597725483594616 1307.325
decision_type=8 10 2 2 10 10 2 2 2 2 2 2 2 2 10 8 2 8 2 10 2 2 10 10 2 2 2 2 2 10
left_child=3 2 7 4 6 -5 22 17 -4 26 18 12 -8 25 29 19 -7 -2 -6 -9 -21 -18 -1 27 -11 -14 -3 -12 -17 -10
right_child=1 9 8 5 10 16 11 15 14 24 23 -13 13 -15 -16 28 21 -19 -20 20 -22 -23 -24 -25 -26 -27 -28 -29 -30 -31
leaf_value=-5.3863483045601246 0.67280692868682201 8.7597734535643337 1.0387928674132809 -7.1006845969590131 -1.798442868645691 -2.7707378808675913 0.35921356813133798 0.80492541634407644 -3.1358251447146133 3.6297491161093207 -0.37108359281561437 -1.6757794675713171 -3.2667032587114591 -6.042460521844828 -0.19202385094909574 3.9379527460075794 1.8510249184973304 7.3965311108042791 2.8556254063272037 1.5153838191603541 -2.0146440225944389 -2.3005859911656104 -1.2965380565338707 -1.8796887125277522 0.66149885685828169 0.52930474817550255 3.8045132966363044 0.6730412863127242 1.7612597941842922 -0.58857137814479754
leaf_weight=291 66 1022 379 976 61 1212 507 711 303 200 594 312 83 145 1126 193 81 419 334 104 132 64 262 264 140 165 174 200 1322 373
leaf_count=291 66 1022 379 976 61 1212 507 711 303 200 594 312 83 145 1126 193 81 419 334 104 132 64 262 264 140 165 174 200 1322 373
internal_value=-1.2279e-05 0.015979 0.00937805 -0.0192093 -0.00990991 -0.0320266 -0.0184881 0.019386 -0.00414757 0.0379961 0.000515818 -0.0115416 -0.00599334 -0.018401 -0.00798669 0.0159968 -0.0242636 0.0365226 0.0155303 0.00828059 -0.00801688 -0.0010274 -0.0336643 -0.00509915 0.0193548 -0.00361446 0.0432749 -0.000377358 0.0208113 -0.0174298
internal_weight=12215 6664 5128 5551 3218 2333 1765 2947 2181 1536 1453 1212 900 393 1802 2462 1357 485 395 947 236 145 553 1058 340 248 1196 794 1515 676
internal_count=12215 6664 5128 5551 3218 2333 1765 2947 2181 1536 1453 1212 900 393 1802 2462 1357 485 395 947 236 145 553 1058 340 248 1196 794 1515 676
is_linear=0
shrinkage=0.05


Tree=31
num_leaves=31
num_cat=0
split_feature=14 14 8 8 14 7 8 8 7 8 8 14 7 8 14 0 0 0 10 12 10 14 11 6 1 0 7 0 1 12
split_gain=1464.59 346.004 272.352 225.418 183.092 79.8029 60.6403 58.5442 58.4282 69.2132 55.6753 72.6442 55.6009 52.2231 49.0769 39.4867 35.2465 33.4468 32.6935 29.2929 27.2189 26.7775 25.8438 30.7432 26.6633 46.2899 25.4745 25.0976 24.3304 33.0316
threshold=1450.1050000000002 1839.8150000000003 4.5000000000000009 3.5000000000000004 1212.9050000000004 14.500000000000002 4.5000000000000009 1.0000000180025095e-35 2.5000000000000004 1.0000000180025095e-35 5.5000000000000009 1100.9800000000002 3.5000000000000004 1.0000000180025095e-35 1541.3350000000003 5.5166666666666675 3.355882352941177 1.9519607843137257 -0.2270106897347694 -0.8983350073998303 0.41398981800788198 1047.3200000000002 0.96633974041180493 210.08823529411765 4.6089052287581707 -1.3166666666666662 18.500000000000004 8.1990196078431392 12.652593954248369 -0.91597725483594616
decision_type=8 10 2 2 10 2 2 2 2 2 2 10 2 2 10 2 2 2 2 2 2 10 2 2 2 2 2 2 2 2
left_child=2 3 4 13 8 16 27 12 21 -10 -7 -12 -6 -2 -5 18 -4 -16 -9 -11 -8 -1 23 -15 25 -24 -14 -3 -17 -30
right_child=1 6 5 14 7 10 20 15 9 19 11 -13 26 22 17 28 -18 -19 -20 -21 -22 -23 24 -25 -26 -27 -28 -29 29 -31
leaf_value=-6.7350011963550003 7.3050293485953377 8.4280378326439287 -1.9062449469189915 -1.072584585907032 -2.046219122036939 -4.001165885793057 4.0788952034072627 0.96342220002846379 -0.25911806832300499 0.49100561375339569 -3.7309132528555953 0.22936120561459461 3.7612653006506491 1.714768564920405 2.3394589483449977 -1.1089177020908723 -6.3829028616995291 -0.00069111078121295586 -0.060631159892614056 -3.3485333921803146 -0.10366816111264826 -1.4783401351107444 3.5791247917302087 1.1737022358751574 4.1036820524044293 -2.4986536370053276 0.28971357032415884 3.6009746560476175 3.4209697718790042 -0.43846183233981723
leaf_weight=230 410 1048 166 638 68 247 227 152 639 41 108 334 292 1407 223 428 1084 1067 322 688 107 410 46 545 65 111 119 167 50 926
leaf_count=230 410 1048 166 638 68 247 227 152 639 41 108 334 292 1407 223 428 1084 1067 322 688 107 410 46 545 65 111 119 167 50 926
internal_value=0.000424551 0.0179726 -0.0164473 0.0109683 -0.00951672 -0.0320361 0.0383548 -6.36132e-05 -0.0206073 -0.0147553 -0.0183333 -0.00767494 0.0155208 0.020619 -0.00196993 -0.0040447 -0.0395683 0.00364059 0.00842105 -0.025274 0.019403 -0.0330733 0.0175172 0.0193548 0.00134529 -0.00981013 0.0224515 0.0435444 -0.00825623 -0.00388946
internal_weight=12365 6061 6304 4512 4365 1939 1549 2357 2008 1368 689 442 479 2584 1928 1878 1250 1290 474 729 334 640 2174 1952 222 157 411 1215 1404 976
internal_count=12365 6061 6304 4512 4365 1939 1549 2357 2008 1368 689 442 479 2584 1928 1878 1250 1290 474 729 334 640 2174 1952 222 157 411 1215 1404 976
is_linear=0
shrinkage=0.05


Tree=32
num_leaves=31
num_cat=0
split_feature=14 8 14 14 8 15 8 8 15 14 8 15 3 1 11 8 8 11 3 1 15 11 8 1 1 1 11 15 1 0
split_gain=1404.69 394.787 258.342 212.576 141.777 123.184 74.1632 53.4292 48.1866 46.4051 42.3458 37.3218 33.1079 38.3775 36.4656 31.7692 31.6646 27.4351 32.9937 26.4308 25.1539 24.652 24.3345 32.0618 23.938 23.5729 22.9822 22.612 22.0922 21.7494
threshold=1541.3350000000003 4.5000000000000009 1161.4050000000002 1889.6300000000003 4.5000000000000009 1110.0650000000003 1.0000000180025095e-35 1.0000000180025095e-35 1282.0650000000003 1384.0150000000001 4.5000000000000009 1832.4850000000004 9.6323529411764728 12.096813725490199 -0.84774213365954088 1.5000000000000002 5.5000000000000009 0.99138911339924218 8.9333333333333353 0.99963235294117647 1567.6850000000002 0.89309379682046119 5.5000000000000009 4.6089052287581707 0.63282271241830068 1.2241830065359478 0.99138911339924218 1114.1900000000003 21.516789215686277 9.2656862745098056
decision_type=10 2 8 10 2 10 2 2 8 8 2 10 2 2 2 2 2 2 2 2 8 2 2 2 2 2 2 10 2 2
left_child=1 2 8 4 7 -3 11 -2 29 12 -5 21 13 -8 -15 -10 20 18 -9 -7 -6 -4 23 -21 -19 -23 -14 -11 -24 -1
right_child=3 5 6 10 16 19 9 17 15 27 -12 -13 26 14 -16 -17 -18 24 -20 22 -22 25 28 -25 -26 -27 -28 -29 -30 -31
leaf_value=-0.97892534705696344 8.8358301172291132 -6.5795197860401125 1.7950565726331094 8.3826338658164214 -0.31831949693407185 0.18530089575839953 -2.0728164081626232 1.4405721059487406 -0.12949157152871749 1.7667327408435711 2.3770418712292383 8.7106353477397143 0.47441755408416386 -1.4480204331281301 0.0093410952522162919 -7.2569614465585861 1.0685740990058663 4.1038645104404399 2.5956149747636577 0.28059400706886778 -1.7110483536980838 1.7420883338553155 -1.539606304404822 -2.8221384071295574 -1.9277413783450357 -2.4919992731663232 -1.9064083654626758 0.20712910975179286 0.83285550844175305 -2.9018328562069655
leaf_weight=139 236 1041 584 951 410 136 263 1308 357 88 252 92 354 350 617 118 347 40 844 66 123 45 558 470 44 60 107 1348 47 888
leaf_count=139 236 1041 584 951 410 136 263 1308 357 88 252 92 354 350 617 118 347 40 844 66 123 45 558 470 44 60 107 1348 47 888
internal_value=0.000443667 -0.0125372 -0.00513768 0.0224649 0.0159857 -0.0297973 0.00163725 0.0221189 -0.0227545 -0.00180627 0.04049 0.0154092 -0.00741726 -0.0116978 -0.00707645 -0.00955882 -0.00124858 0.0197139 0.0208082 -0.0193662 -0.00889513 0.0113768 -0.0218476 -0.0296089 -0.00823529 -0.0108491 0.00400433 0.00480167 -0.014934 -0.0288424
internal_weight=12283 7728 5410 4555 3352 2318 3908 2472 1502 3127 1203 781 1691 1230 967 475 880 2236 2152 1277 533 689 1141 536 84 105 461 1436 605 1027
internal_count=12283 7728 5410 4555 3352 2318 3908 2472 1502 3127 1203 781 1691 1230 967 475 880 2236 2152 1277 533 689 1141 536 84 105 461 1436 605 1027
is_linear=0
shrinkage=0.05


Tree=33
num_leaves=31
num_cat=0
split_feature=14 14 8 8 14 8 8 7 7 8 7 8 8 7 7 14 15 10 10 7 10 10 0 12 10 10 8 7 14 14
split_gain=1319.09 355.457 298.799 239.866 129.691 99.5505 73.0108 65.4449 63.9261 59.3983 52.4399 56.9089 43.3158 42.4905 41.4325 39.5597 36.5973 36.0751 45.8192 32.1248 29.9211 35.8179 30.0218 29.3985 28.5304 30.3495 28.3783 27.7416 27.1268 25.6229
threshold=1393.9050000000004 1858.5000000000002 4.5000000000000009 4.5000000000000009 1150.2450000000001 1.0000000180025095e-35 4.5000000000000009 14.500000000000002 3.5000000000000004 1.0000000180025095e-35 8.5000000000000018 5.5000000000000009 1.5000000000000002 21.500000000000004 15.500000000000002 1541.3350000000003 1587.9400000000003 -0.72696319516528884 -0.82415615971448097 16.500000000000004 -0.2270106897347694 -0.048361574224334618 9.3656862745098053 -0.7451403174690634 0.039769539193789977 0.86113431103781346 5.5000000000000009 19.500000000000004 975.36500000000012 1234.8950000000002
decision_type=10 10 2 2 8 2 2 2 2 2 2 2 2 2 2 10 10 2 2 2 2 2 2 2 2 2 2 2 10 10
left_child=2 3 4 5 8 27 -3 -4 -1 19 -5 -12 16 26 -13 -7 -6 18 -14 28 22 -22 -17 -24 -11 -26 -9 -2 -10 -28
right_child=1 6 7 10 12 15 -8 13 9 24 11 14 17 -15 -16 20 -18 -19 -20 -21 21 -23 23 -25 25 -27 29 -29 -30 -31
leaf_value=-3.1970887495825879 7.873096376250925 7.5404895557301934 -6.0583366916815073 -1.7989314587895935 -0.059681634093476536 0.33961378757539934 1.8286577261063883 -2.7251231388970556 -1.2266732389725576 -4.8808743129096293 -0.92310075944633363 -0.17709633786624865 -0.37021552839956373 -3.7917776460454551 1.9743052887602177 3.1677948821031578 3.3163529293031164 -1.1888054821955052 1.0336693502678713 -1.5010018739064153 -1.3341375011316245 1.3941020049200064 -1.6906227611841134 1.7462207678284416 3.1975508637783379 -9.3034224490133521 -1.2756273373075773 0.83891037160656201 1.2140707905678938 0.87899615672968145
leaf_weight=563 350 1098 1162 467 909 1249 304 126 177 254 563 204 354 219 218 325 260 956 109 102 99 1154 65 442 40 71 128 66 220 134
leaf_count=563 350 1098 1162 467 909 1249 304 126 177 254 563 204 354 219 218 325 260 956 109 102 99 1154 65 442 40 71 128 66 220 134
internal_value=-0.000113003 0.0151552 -0.0175454 0.00912935 -0.00999751 0.0158091 0.0374911 -0.034661 -0.0220938 -0.013526 -0.00812113 -0.00157201 -0.00332175 -0.0212993 0.0122931 0.0129235 0.00380342 -0.00919014 0.00226293 -0.0023 0.0171381 0.0122408 0.0244898 0.0168307 -0.0288251 -0.00758929 -0.0113111 0.0388489 0.00414573 -0.00190114
internal_weight=12388 6604 5784 5202 4015 3750 1402 1769 1427 864 1452 985 2588 607 422 3334 1169 1419 463 499 2085 1253 832 507 365 111 388 416 397 262
internal_count=12388 6604 5784 5202 4015 3750 1402 1769 1427 864 1452 985 2588 607 422 3334 1169 1419 463 499 2085 1253 832 507 365 111 388 416 397 262
is_linear=0
shrinkage=0.05


Tree=34
num_leaves=31
num_cat=0
split_feature=14 14 8 15 15 8 8 14 7 0 0 14 8 14 12 8 14 12 12 12 15 7 12 14 3 7 12 12 7 8
split_gain=1261.9 372.245 265.059 242.597 75.1029 73.3061 56.1083 51.4861 42.5926 54.8342 49.6161 42.4926 45.6111 40.1726 39.8159 34.634 29.8664 29.1292 27.7492 25.0414 24.4107 23.4954 23.4608 23.0221 22.7528 26.1896 21.6703 21.5506 20.7419 33.6544
threshold=1380.7450000000001 1889.6300000000003 4.5000000000000009 1105.1550000000004 1953.7750000000003 1.5000000000000002 4.5000000000000009 1644.3400000000001 19.500000000000004 10.422549019607844 5.1784313725490199 1168.5250000000003 4.5000000000000009 1130.7250000000001 -0.82415234898030387 1.5000000000000002 1242.7500000000002 0.98334239299093984 -0.70823149499492988 0.71503381463111937 1078.3750000000002 3.5000000000000004 -0.05695216311707673 1977.3300000000002 13.002941176470591 8.5000000000000018 -0.91597725483594616 0.93544191479114935 7.5000000000000009 5.5000000000000009
decision_type=8 10 2 10 8 2 2 10 2 2 2 10 2 10 2 2 10 2 2 2 10 2 2 10 2 2 2 2 2 2
left_child=3 2 4 11 8 14 -3 20 9 15 -10 -1 -13 -7 -5 21 17 19 26 22 -4 -2 -16 -8 -9 -26 -11 -15 -22 -30
right_child=1 6 7 5 -6 13 23 24 10 18 -12 12 -14 27 16 -17 -18 -19 -20 -21 28 -23 -24 -25 25 -27 -28 -29 29 -31
leaf_value=-6.1049542642425596 -0.93206867831016782 7.8782287933719095 -5.3428700399948417 0.88247452279792926 4.7959220083643457 -4.131545717819165 0.45471556548343417 -0.24839756104429966 0.98331494076313675 1.0256509617380858 -0.72825906194673284 -0.17597361578160645 -4.3363929040642351 -1.1801138685624892 -1.2448011623642516 1.4731215546665226 0.34899357780278706 2.8081370683411992 0.95994649311703029 -2.2071841549793589 -1.7029281090579049 3.5436455611547562 0.016952524105465726 5.0450917389149543 -0.3153473302365683 2.6246283597425077 -1.7581894664698439 0.44817838535591364 -1.2988655620016176 0.36916073893028739
leaf_weight=1046 40 972 135 221 450 389 125 356 340 129 331 177 295 1645 303 986 471 40 1308 203 297 527 321 138 64 137 125 157 322 288
leaf_count=1046 40 972 135 221 450 389 125 356 340 129 331 177 295 1645 303 986 471 40 1308 203 297 527 321 138 64 137 125 157 322 288
internal_value=0.000226923 0.0140291 0.00874743 -0.0182957 0.0152938 -0.0114636 0.0389563 -0.00859375 0.0129918 0.0154525 0.0015625 -0.0351547 -0.0226216 -0.0173586 -0.00317308 0.0221042 -0.0064227 -0.011924 0.00882917 -0.0139493 -0.0151486 0.0319542 -0.00896 0.0183712 0.00367384 0.0170792 -0.00627451 -0.0141986 -0.0121696 -0.00687398
internal_weight=12338 7070 5835 5268 4236 3750 1235 1599 3786 3115 671 1518 472 2191 1559 1553 1338 867 1562 827 1042 567 624 263 557 201 254 1802 907 610
internal_count=12338 7070 5835 5268 4236 3750 1235 1599 3786 3115 671 1518 472 2191 1559 1553 1338 867 1562 827 1042 567 624 263 557 201 254 1802 907 610
is_linear=0
shrinkage=0.05


Tree=35
num_leaves=31
num_cat=0
split_feature=14 15 14 8 8 0 8 0 11 10 6 6 14 5 5 10 10 14 8 11 14 8 7 15 7 7 5 15 0 7
split_gain=1092.54 299.991 278.015 176.424 127.42 65.5536 59.1221 50.25 48.2162 100.762 50.7789 88.0614 44.5819 40.9258 53.5 43.9068 49.3388 36.5779 36.5105 33.8347 33.245 43.4554 30.4584 29.8266 27.7728 30.3412 23.6679 23.7497 21.3637 41.415
threshold=1467.3850000000002 1071.5450000000003 1916.1350000000002 3.5000000000000004 3.5000000000000004 4.5617647058823536 1.0000000180025095e-35 4.5617647058823536 -0.80926783187727869 -0.30163705152652742 0.3235294117647059 218.02941176470588 1780.1400000000001 6.830536716647444 0.094776047673971756 -0.16799356919963607 -0.0053757284505435614 1072.0550000000001 4.5000000000000009 -0.99465740988130902 1242.7500000000002 4.5000000000000009 7.5000000000000009 1579.3900000000001 19.500000000000004 7.5000000000000009 3.8537320261437915 1607.8500000000001 -1.5901960784313725 3.5000000000000004
decision_type=8 8 10 2 2 2 2 2 2 2 2 2 10 2 2 2 2 10 2 2 10 2 2 8 2 2 2 8 2 2
left_child=1 20 3 6 8 22 23 -6 9 -3 13 -12 28 14 -10 -15 -17 -9 -4 -11 -1 -22 -5 -2 25 -7 -27 -28 -8 -30
right_child=2 4 18 5 7 24 12 17 10 19 11 -13 -14 15 -16 16 -18 -19 -20 -21 21 -23 -24 -25 -26 26 27 -29 29 -31
leaf_value=-5.7293950433698289 1.626599123683542 -3.2877225132808463 7.9360690626876931 -0.080418237807964491 -0.38383119059394066 -1.5669131841923105 3.4042464918000861 -9.5837116376664309 0.34464835631781626 2.364834950372483 3.2984512328889424 -0.21317801141490236 2.373658455456348 0.80701942168715279 -1.1093670839924243 -5.1405268877757466 0.0022077378210042299 -1.6818948839695738 2.7481963568724668 -0.27773960227018507 0.70372676635992093 -3.6645540582031004 2.0769085036584616 6.7948182123778453 -1.6507435312611278 -0.47069145331419127 1.747817932060076 -0.17746006351758867 -3.5747116221711113 1.1206982199436311
leaf_weight=928 66 360 818 213 426 286 67 170 162 91 369 597 481 295 567 76 507 1335 198 411 59 132 410 349 107 595 250 198 44 1749
leaf_count=928 66 360 818 213 426 286 67 170 162 91 369 597 481 295 567 76 507 1335 198 411 59 132 410 349 107 595 250 198 44 1749
internal_value=0.000560201 -0.01356 0.0162637 0.0112438 -0.00864543 0.000169903 0.019514 -0.0189182 -0.00286671 -0.0130939 0.000563326 0.00961737 0.0164176 -0.00488184 -0.0136301 0.00238908 -0.00556507 -0.0232072 0.0400197 0.00139165 -0.0370982 -0.0179688 0.0137019 0.036899 -0.00570633 -0.0037218 0.000239464 0.00890869 0.0128963 0.011845
internal_weight=12316 6485 5831 4815 5366 2059 2756 1931 3435 862 2573 966 2341 1607 729 878 583 1505 1016 502 1119 191 623 415 1436 1329 1043 448 1860 1793
internal_count=12316 6485 5831 4815 5366 2059 2756 1931 3435 862 2573 966 2341 1607 729 878 583 1505 1016 502 1119 191 623 415 1436 1329 1043 448 1860 1793
is_linear=0
shrinkage=0.05


Tree=36
num_leaves=31
num_cat=0
split_feature=14 14 15 8 8 8 14 10 10 11 1 8 14 15 1 3 14 8 1 10 10 6 6 5 10 15 3 1 6 1
split_gain=1083.53 335.39 237.015 223.208 93.1257 79.6135 76.5807 57.6147 61.8988 55.9224 41.4018 40.6103 34.5444 32.6291 31.2977 30.2745 29.7936 35.6479 27.5542 26.3755 29.6187 25.1236 74.5824 35.1504 28.2586 22.9001 22.3151 41.9908 22.0466 21.0775
threshold=1375.8400000000001 1916.1350000000002 1071.5450000000003 4.5000000000000009 3.5000000000000004 1.0000000180025095e-35 1655.325 -0.59176244063315286 -0.03977009085991149 -0.49812626372919411 0.63282271241830068 4.5000000000000009 1065.8350000000003 1832.4850000000004 20.065298202614382 16.426470588235297 1168.5250000000003 4.5000000000000009 24.196262254901963 -0.2270106897347694 0.074116354202380205 1.0000000180025095e-35 120.0294117647059 12.336240099961556 -0.18492532721306487 1425.8900000000001 7.3911764705882366 15.94542483660131 1.0098039215686276 7.5880923202614374
decision_type=8 10 8 2 2 2 10 2 2 2 2 2 10 8 2 2 10 2 2 2 2 2 2 2 2 8 2 2 2 2
left_child=2 3 16 5 7 13 14 26 25 -5 -11 29 -6 28 15 21 -1 -18 -10 -8 -21 23 -23 -7 -25 -9 27 -4 -2 -3
right_child=1 11 4 9 12 6 19 8 18 10 -12 -13 -14 -15 -16 -17 17 -19 -20 20 -22 22 -24 24 -26 -27 -28 -29 -30 -31
leaf_value=-6.3471923938430113 0.49693329274442138 8.1462632902173713 -0.62553236195929007 -3.1887997754820847 -9.104526055783106 -0.43714256318666006 2.6615549982001201 -2.9594794836963505 -0.48034541945911546 1.4276457373627409 -0.48526341241854998 2.6377193937218184 -1.5668129283306031 8.0401122334137991 1.4006058226426035 2.0568934605964047 0.26206798063800535 -4.0701626270604949 2.2465932028538647 -0.71699476420800468 1.5034741287357294 2.2516366024516175 -0.43299594954991677 1.0646633089464446 -0.21774932322998097 -1.3035433361054516 0.80366908197681264 0.45809158160920449 3.8487863002937619 1.0689504745432374
leaf_weight=765 146 771 288 202 182 517 569 371 1178 162 1272 215 1242 273 389 141 73 203 47 85 809 399 578 171 220 207 202 450 130 48
leaf_count=765 146 771 288 202 182 517 569 371 1178 162 1272 215 1242 273 389 141 73 203 47 85 809 399 578 171 220 207 202 450 130 48
internal_value=0.00059727 0.0133066 -0.0167211 0.00881431 -0.0113844 0.0146454 0.0121165 -0.0059949 -0.0112251 -0.00696396 -0.00348432 0.0396135 -0.0217544 0.0324545 0.00664321 0.00414406 -0.0380518 -0.0238267 -0.00485318 0.0211407 0.0157542 0.00246554 0.00802658 -0.00352035 0.00778061 -0.0246978 0.00403826 0 0.0202166 0.0446951
internal_weight=12305 7097 5208 6063 4167 4427 3878 2743 1803 1636 1434 1034 1424 549 2415 2026 1041 276 1225 1463 894 1885 977 908 391 578 940 738 276 819
internal_count=12305 7097 5208 6063 4167 4427 3878 2743 1803 1636 1434 1034 1424 549 2415 2026 1041 276 1225 1463 894 1885 977 908 391 578 940 738 276 819
is_linear=0
shrinkage=0.05


Tree=37
num_leaves=31
num_cat=0
split_feature=14 15 14 14 0 12 14 13 12 15 15 11 12 3 12 11 14 13 1 0 7 0 12 1 15 2 0 11 15 15
split_gain=1011.37 266.64 264.489 83.0052 57.9242 54.7451 51.0094 44.4753 43.7497 43.4296 37.5978 44.383 40.0864 44.8442 36.7965 37.8813 35.2206 29.6955 38.3594 31.8449 28.1187 25.5978 25.1955 23.2835 25.2115 21.8926 21.7774 26.2324 21.5033 21.454
threshold=1467.3850000000002 1071.5450000000003 1916.1350000000002 1282.7600000000002 10.518627450980395 0.98519415784776321 1238.5850000000003 -0.99864786094873803 -0.7451403174690634 1812.9550000000002 1969.2100000000003 0.97648852793709995 -0.92273922871446856 18.650980392156868 -0.92273922871446856 -0.99465740988130902 982.45500000000004 0.29958852271690523 20.687152777777783 6.7558823529411773 19.500000000000004 4.9049019607843141 -0.73209571031799014 6.3902165032679754 1697.9600000000003 0.83039215686274315 5.3500000000000014 0.9863035000474919 1797.3150000000003 1315.7500000000002
decision_type=10 8 10 8 2 2 10 2 2 10 8 2 2 2 2 2 10 2 2 2 2 2 2 2 10 2 2 2 8 8
left_child=1 6 4 5 10 7 -1 -3 -6 29 12 -12 -2 20 -9 -16 -17 18 19 -18 23 -22 -21 24 -14 -10 27 -26 -4 -5
right_child=2 3 28 9 8 -7 -8 14 25 -11 11 -13 13 -15 15 16 17 -19 -20 22 21 -23 -24 -25 26 -27 -28 -29 -30 -31
leaf_value=-5.2606263087515295 2.9908212362960853 1.3480169447044545 4.9306395574057094 -0.86593008532354365 -1.4975212130274487 1.8269363277056756 -1.6184140031854897 0.16364161834440552 0.32347193567824206 6.1272750142675312 5.7517109277229457 -1.0618557643313467 -0.073257041318993285 3.5784307540714511 0.9638132266658318 -5.3943595360684702 0.17616843952123987 -2.3647638354471723 0.58901077353899611 -5.9126308882431999 0.48124916140896518 -1.1477481100491105 -0.94377263464548378 1.3536697030804477 2.7768117118278273 1.7744175345084274 -0.049745812685466718 -1.3675392526910231 6.8494481725815035 -0.0056918979862871314
leaf_weight=926 417 63 314 802 243 107 181 220 1131 104 253 51 478 137 85 276 174 852 125 185 248 169 821 732 203 217 136 52 719 1847
leaf_count=926 417 63 314 802 243 107 181 220 1131 104 253 51 478 137 85 276 174 852 125 185 248 169 821 732 203 217 136 52 719 1847
internal_value=0.000309724 -0.0126311 0.0162334 -0.00823914 0.0109557 -0.0141286 -0.0350632 -0.0154711 0.00329774 -0.00201525 0.0151894 0.0318033 0.0132141 0.0104592 -0.0164294 -0.0181421 -0.0192892 -0.0171223 -0.012366 -0.0151566 0.0085686 -0.00299043 -0.01857 0.0115793 0.00603448 0.00681987 0.0154337 0.0240234 0.0390232 -0.00326415
internal_weight=12268 6768 5500 5661 4467 2908 1107 2801 1591 2753 2876 304 2572 2155 2738 2518 2433 2157 1305 1180 2018 417 1006 1601 869 1348 391 255 1033 2649
internal_count=12268 6768 5500 5661 4467 2908 1107 2801 1591 2753 2876 304 2572 2155 2738 2518 2433 2157 1305 1180 2018 417 1006 1601 869 1348 391 255 1033 2649
is_linear=0
shrinkage=0.05


Tree=38
num_leaves=31
num_cat=0
split_feature=14 15 14 8 8 14 14 8 15 12 3 14 8 10 12 1 10 10 14 1 3 3 1 10 8 8 7 8 3 7
split_gain=947.395 304.084 202.834 141.818 122.235 81.7566 65.8046 69.8937 57.0974 52.8862 48.8183 48.0135 44.2543 42.3245 50.5799 54.5042 43.7043 33.8261 33.031 26.7768 26.5236 25.5486 33.6204 24.35 23.5977 23.1386 30.5274 27.7734 23.0633 27.4282
threshold=1541.3350000000003 1071.5450000000003 1961.595 3.5000000000000004 3.5000000000000004 1333.1900000000003 1242.7500000000002 4.5000000000000009 1805.2600000000002 -0.878119045158818 10.840196078431374 1201.3300000000002 1.0000000180025095e-35 -0.59176244063315286 0.61237135649459018 19.063316993464056 0.92273069556937592 -0.15101209918632377 1806.4500000000003 18.613766339869283 6.9362745098039227 17.497058823529418 1.8873978758169938 0.52766072109828632 4.5000000000000009 4.5000000000000009 7.5000000000000009 5.5000000000000009 11.975490196078434 6.5000000000000009
decision_type=10 8 10 2 2 8 10 2 8 2 2 8 2 2 2 2 2 2 10 2 2 2 2 2 2 2 2 2 2 2
left_child=1 6 4 5 12 9 -1 -8 -7 -3 -6 -5 -2 19 15 16 17 -15 21 20 -11 22 -14 -16 -4 -12 -27 -28 29 -13
right_child=2 3 24 11 10 8 7 -9 -10 13 25 28 18 14 23 -17 -18 -19 -20 -21 -22 -23 -24 -25 -26 26 27 -29 -30 -31
leaf_value=-5.1341292789394632 7.189538602410301 0.6761509948240132 8.4716990310460911 -3.0971405341357641 -0.25992392525986363 0.28945374673722885 0.87362056525812481 -3.1113270301610103 5.7117863724193629 -0.62923270939942322 2.3340192137606208 -1.9512594693220082 -1.154756883897005 0.66876647224777919 -3.2521425912737358 0.65661379214927829 -0.11034417099806433 -4.3371907459443149 2.6180825054467562 0.74468569703267351 0.40421413222288721 3.3687540963357776 1.280975645205308 -1.0796268975663679 3.6916399947186846 -0.98354710608147122 -0.0016503013490989816 2.6117316388087546 -0.16241325426838105 -0.82283575579144785
leaf_weight=939 234 249 612 570 965 1615 77 145 213 362 231 382 83 42 324 286 333 307 524 264 96 62 1203 129 145 125 160 172 485 986
leaf_count=939 234 249 612 570 965 1615 77 145 213 362 231 382 83 42 324 286 333 307 524 264 96 62 1203 129 145 125 160 172 485 986
internal_value=0.000194789 -0.0103523 0.0184193 -0.00622366 0.0136569 -0.000687041 -0.0339501 -0.00941704 0.00727173 -0.00676975 0.00347642 -0.0158622 0.0216421 -0.00930504 -0.0143108 -0.00784314 -0.0155198 -0.0278571 0.0190603 0.00055325 -0.00675381 0.0148999 0.0133644 -0.0280837 0.0420185 0.013643 0.00709607 0.015015 -0.0119471 -0.0152666
internal_weight=12320 7804 4516 6643 3759 4220 1161 222 1828 2392 1653 2423 2106 2143 1421 968 682 349 1872 722 458 1348 1286 453 757 688 457 332 1853 1368
internal_count=12320 7804 4516 6643 3759 4220 1161 222 1828 2392 1653 2423 2106 2143 1421 968 682 349 1872 722 458 1348 1286 453 757 688 457 332 1853 1368
is_linear=0
shrinkage=0.05


Tree=39
num_leaves=31
num_cat=0
split_feature=14 8 14 14 7 8 6 7 3 15 11 11 8 8 3 8 8 10 10 7 8 0 14 8 10 10 14 6 14 15
split_gain=935.559 272.416 195.281 151.026 114.128 92.2249 84.7144 72.7678 66.4761 48.4152 48.6014 68.4454 47.3731 46.2235 45.1117 44.2882 38.7647 37.4698 37.866 33.2419 32.5955 30.2006 28.8018 28.5732 27.6632 27.5206 26.8763 25.2793 24.6733 23.3409
threshold=1541.3350000000003 4.5000000000000009 1908.5400000000002 1127.6900000000003 14.500000000000002 3.5000000000000004 1.0000000180025095e-35 21.500000000000004 10.662745098039219 1742.0500000000002 -0.99700296666818056 -0.84774213365954088 1.0000000180025095e-35 5.5000000000000009 11.904901960784317 4.5000000000000009 1.5000000000000002 -0.2270106897347694 -0.031173458710879235 19.500000000000004 1.5000000000000002 6.4941176470588236 1300.7150000000004 5.5000000000000009 0.1169228398841501 -0.67166439702596292 1231.6500000000003 57.186274509803923 1078.9000000000003 1857.7050000000002
decision_type=10 2 10 8 2 2 2 2 2 8 2 2 2 2 2 2 2 2 2 2 2 2 8 2 2 2 10 2 10 8
left_child=1 3 5 6 8 12 28 13 -3 10 -5 24 -2 -6 -7 21 -8 29 -19 22 -11 -4 25 -10 -12 -13 -15 -20 -1 -14
right_child=2 4 15 9 7 14 16 -9 23 20 11 19 17 26 -16 -17 -18 18 27 -21 -22 -23 -24 -25 -26 -27 -28 -29 -30 -31
leaf_value=-3.8649245994029346 6.7686685917921414 -4.8055206180392362 6.9545750566488325 3.0706629333770934 -1.2556619245538627 -0.12700043180367401 0.3895385704244973 -2.1914412988264189 0.11536584639829357 4.1011914693735321 -1.6357946475919449 0.33491450839503045 1.4832812556896273 -0.54737994343040552 1.2576409344990509 1.9549068469962549 -5.1919130509782754 -1.330805999281671 1.4534216372971287 -0.42450006899166515 -0.060609719730132385 2.4397863717537067 0.60210767134652776 -1.7225909219048618 -0.12559794893405751 -0.96086500426234811 1.1622090119917801 0.52213510890649673 -0.91390977094416714 4.174862320297211
leaf_weight=467 237 1175 701 71 238 1039 371 267 154 291 362 340 530 113 488 224 162 96 509 833 167 150 1390 174 195 506 240 448 221 133
leaf_count=467 237 1175 701 71 238 1039 371 267 154 291 362 340 530 113 488 224 162 96 509 833 167 150 1390 174 195 506 240 448 221 133
internal_value=0.000626373 -0.00995735 0.0186018 -0.00373814 -0.0241109 0.0128411 -0.0191899 -0.00954598 -0.0324136 0.000806064 -0.00109519 -0.0019024 0.0200358 0.000253378 0.0036322 0.0372212 -0.00421348 0.0171229 0.0112429 0.00102606 0.016122 0.0424296 0.00420206 -0.012462 -0.0180108 -0.00306966 0.0117232 0.0142484 -0.0307692 0.0264307
internal_weight=12292 7737 4555 5376 2361 3480 1221 858 1503 4155 3697 3626 1953 591 1527 1075 533 1716 1053 3069 458 851 2236 328 557 846 353 957 688 663
internal_count=12292 7737 4555 5376 2361 3480 1221 858 1503 4155 3697 3626 1953 591 1527 1075 533 1716 1053 3069 458 851 2236 328 557 846 353 957 688 663
is_linear=0
shrinkage=0.05


Tree=40
num_leaves=31
num_cat=0
split_feature=1 8 6 8 11 6 11 7 7 10 7 7 3 7 11 6 8 6 11 3 7 1 3 7 6 10 0 8 6 10
split_gain=531.038 332.224 174.279 154.965 130.147 97.2061 95.2639 109.843 134.454 93.5644 86.1226 77.4132 63.777 62.6692 54.6516 47.685 44.2922 40.8626 39.5509 39.4976 38.051 37.0128 33.3768 33.2405 31.6187 31.5521 31.4662 30.9092 30.7727 29.0936
threshold=8.6421364379084977 4.5000000000000009 1.0000000180025095e-35 4.5000000000000009 0.99138911339924218 652.37254901960785 0.56191161272202661 4.5000000000000009 19.500000000000004 0.039769539193789977 14.500000000000002 7.5000000000000009 7.1500000000000012 20.500000000000004 -0.49812626372919411 49.205882352941181 5.5000000000000009 125.95098039215686 -0.70900320270980455 11.373529411764707 2.5000000000000004 0.63282271241830068 20.714705882352945 5.5000000000000009 147.5392156862745 -0.90163369914317015 7.1372549019607847 5.5000000000000009 257.97058823529409 -0.18492532721306487
decision_type=2 2 2 2 2 2 2 2 2 2 2 2 2 2 2 2 2 2 2 2 2 2 2 2 2 2 2 2 2 2
left_child=3 2 12 4 6 15 26 22 17 21 14 27 20 16 -3 18 -12 -9 -4 -10 -2 -6 29 -16 -18 -14 -1 -5 -13 -8
right_child=1 10 5 11 9 -7 7 8 19 -11 13 28 25 -15 23 -17 24 -19 -20 -21 -22 -23 -24 -25 -26 -27 -28 -29 -30 -31
leaf_value=0.96909680514445429 -1.8002617841730855 -6.3648267557500793 0.048583084708116078 -0.47290129865527891 0.47807656876151444 -2.6497597333443084 0.53682061613525323 5.8598942010596033 -1.1173876824520279 8.5662964381316566 -1.2000132808306603 0.84426771662799638 1.0350019716620296 -2.5078813451618434 -2.9509684352864385 0.62316233770119434 1.2019246372778527 4.0109988255610975 2.5750406580083283 0.84134928575210211 -0.69835755503509067 -3.1480984629877415 3.2999788198202284 -1.9170440496670438 -1.2342963969455127 -0.3144033855142368 -0.81163779712029516 -1.8006622183674268 -1.7806502989749449 -0.46154941626955975
leaf_weight=433 458 564 177 229 105 501 253 1137 94 95 256 777 160 256 297 1792 169 422 482 302 1075 247 42 438 88 458 275 228 151 244
leaf_count=433 458 564 177 229 105 501 253 1137 94 95 256 777 160 256 297 1792 169 422 482 302 1075 247 42 438 88 458 275 228 151 244
internal_value=0.000602163 -0.00813581 -0.00128331 0.0130487 0.0184521 0.00660345 0.0219794 0.0265731 0.0320808 -0.00680804 -0.0250362 -0.00119048 -0.012105 -0.0117532 -0.0328846 0.0107055 -0.0016537 0.0386859 0.022197 0.00604534 -0.0175684 -0.0186969 0.00657407 -0.0238451 0.0129845 0.00145396 0.00578279 -0.0180131 0.00710441 0.00291165
internal_weight=12205 7171 5103 5034 3649 2952 3202 2494 1955 447 2068 1385 2151 769 1299 2451 513 1559 659 396 1533 352 539 735 257 618 708 457 928 497
internal_count=12205 7171 5103 5034 3649 2952 3202 2494 1955 447 2068 1385 2151 769 1299 2451 513 1559 659 396 1533 352 539 735 257 618 708 457 928 497
is_linear=0
shrinkage=0.05


Tree=41
num_leaves=31
num_cat=0
split_feature=14 14 8 8 7 14 8 6 8 7 8 7 14 7 12 7 7 6 3 8 12 7 0 0 8 12 14 12 6 7
split_gain=815.36 266.288 204.797 161.381 102.603 97.2829 79.4553 74.8737 50.7295 48.9956 54.7127 48.6538 46.0417 35.0473 34.0577 32.4433 34.0194 31.777 30.6478 29.7728 29.4525 28.8882 28.8444 28.1248 27.8177 26.8135 25.1818 23.7223 22.7802 22.3931
threshold=1400.3900000000003 1944.5900000000001 4.5000000000000009 4.5000000000000009 14.500000000000002 1100.9800000000002 1.0000000180025095e-35 0.3235294117647059 1.5000000000000002 7.5000000000000009 5.5000000000000009 20.500000000000004 1660.4700000000003 19.500000000000004 -0.91597725483594616 19.500000000000004 2.5000000000000004 204.76470588235296 9.6323529411764728 4.5000000000000009 0.73865729060996166 15.500000000000002 -1.3166666666666662 5.5950980392156868 5.5000000000000009 0.99049901459377832 1033.6350000000002 0.85223490906209554 218.02941176470588 3.5000000000000004
decision_type=10 10 2 2 2 8 2 2 2 2 2 2 10 2 2 2 2 2 2 2 2 2 2 2 2 2 10 2 2 2
left_child=2 3 5 6 23 7 13 -1 15 29 -11 28 22 -2 -14 16 -7 -9 -10 -3 -21 -12 -8 -4 -13 27 -26 -19 -6 -5
right_child=1 19 4 9 11 8 12 17 18 10 21 24 14 -15 -16 -17 -18 25 -20 20 -22 -23 -24 -25 26 -27 -28 -29 -30 -31
leaf_value=-3.1778077272628709 5.8555071743957745 6.7554175936553298 -1.4861700913451275 0.060066167577406307 0.68369017748785277 -0.90672905731215114 2.3719700505047228 1.3948736796433594 -0.70309749898477214 -0.55183465489859607 0.22779030060886499 -3.4385286535043349 3.5219874930619088 0.10023456250551135 1.1821414983960608 -0.39290412826773036 1.3631854468068583 -1.1634808809328263 0.22218746176055221 4.1725985343796763 -1.0627645384553261 1.7930480520638525 0.39103791341680111 -4.9857813303875567 -3.5092723216276456 2.3795012390544743 0.035195015313126986 -5.2039548169314687 -1.3759126649978271 -1.7835550374343825
leaf_weight=541 356 662 191 91 214 190 64 106 1260 662 255 148 242 66 1315 329 849 236 403 129 43 203 2016 997 45 46 137 106 93 325
leaf_count=541 356 662 191 91 214 190 64 106 1260 662 255 148 242 66 1315 329 849 236 403 129 43 203 2016 997 45 46 137 106 93 325
internal_value=0.000868436 0.0131804 -0.0125679 0.00924768 -0.0264786 -0.00631915 0.0144704 -0.0195463 -0.00179749 -0.00455433 0.000892061 -0.0102665 0.0120808 0.0349882 0.0185815 0.00533236 0.00966346 -0.00545455 -0.00766226 0.039521 0.0208092 0.0141612 0.00720807 -0.0351556 -0.023565 -0.0120823 -0.0103825 -0.0169096 0.00405844 -0.0191847
internal_weight=12320 6429 5891 5595 1825 4066 4059 1035 3031 1536 1120 637 3637 422 1557 1368 1039 494 1663 834 172 458 2080 1188 330 388 182 342 307 416
internal_count=12320 6429 5891 5595 1825 4066 4059 1035 3031 1536 1120 637 3637 422 1557 1368 1039 494 1663 834 172 458 2080 1188 330 388 182 342 307 416
is_linear=0
shrinkage=0.05


Tree=42
num_leaves=31
num_cat=0
split_feature=14 15 14 8 8 15 14 12 13 1 3 3 14 8 8 15 12 12 5 1 14 12 14 8 12 10 12 13 10 10
split_gain=747.018 241.915 213.075 101.902 90.5713 55.755 52.5751 50.7594 45.9866 66.7661 45.4923 44.1616 43.3702 55.8355 34.3589 33.2518 29.0807 44.4646 27.8224 28.8585 29.6683 26.6086 25.2277 25.0094 24.4166 24.1598 24.9738 53.7715 44.8988 26.5979
threshold=1506.6650000000002 1058.9600000000003 1961.595 3.5000000000000004 3.5000000000000004 1742.0500000000002 1065.8350000000003 -0.91597725483594616 -0.58481178939031186 22.724591503267977 12.56764705882353 19.246078431372553 1154.2650000000001 4.5000000000000009 1.0000000180025095e-35 1797.3150000000003 -0.48971288843577082 -0.049435780479547518 11.014708381391776 18.079534313725492 1065.8350000000003 -0.99275346941927067 1316.3600000000001 4.5000000000000009 0.96231527631374336 0.8697513045430848 -0.32614396506100213 0.046214940139115722 -0.84315017450793706 1.0000000180025095e-35
decision_type=10 8 10 2 2 10 8 2 2 2 2 2 10 2 2 10 2 2 2 2 8 2 10 2 2 2 2 2 2 2
left_child=1 12 3 14 5 7 -6 21 18 11 -5 25 -1 -14 -2 -12 -16 -18 19 20 -9 -3 24 -4 -8 26 28 -28 -10 -29
right_child=2 4 23 10 6 -7 22 8 9 -11 15 -13 13 -15 16 -17 17 -19 -20 -21 -22 -23 -24 -25 -26 -27 27 29 -30 -31
leaf_value=-5.1978401280938336 5.5849446736125863 -0.23871224677782266 7.3344586206247246 -0.15940790385640186 -7.8762486015951367 4.0099408992533148 -1.6073970896902097 -2.091196936897211 -5.9000695552525038 0.66364350028904373 0.55913775252728326 1.9267773847378749 0.46742901787447977 -2.8529497813105991 1.8492199985185493 2.4952394521503383 -0.33789204809839934 1.2434360163134046 1.1658555334457106 0.97339632360169626 0.034578532938076022 1.1551944105758367 -0.48371216332350286 2.632559006266888 1.2625064197777762 -3.7967275894222099 0.016263603649963442 -2.695280451035285 0.20795012898114465 -0.58266564411841271
leaf_weight=686 265 130 588 1279 178 248 989 148 63 390 469 41 102 249 617 83 323 1160 174 109 889 251 1117 141 55 109 305 536 349 256
leaf_count=686 265 130 588 1279 178 248 989 148 63 390 469 41 102 249 617 83 323 1160 174 109 889 251 1117 141 55 109 305 536 349 256
internal_value=0.000605691 -0.00946441 0.0156821 0.0113414 -0.00579836 -0.00122531 -0.0136111 -0.00274593 -0.00470326 -0.00939024 0.00248362 -0.0137651 -0.0318401 -0.0174716 0.0181953 0.0144665 0.01604 0.0122305 0.00257381 -0.000261552 -0.002842 0.0145288 -0.0114477 0.0406164 -0.0170335 -0.015071 -0.0134106 -0.0173497 -0.00290557 -0.0242119
internal_weight=12299 7374 4925 4196 6337 3998 2339 3750 3369 2049 1831 1659 1037 351 2365 552 2100 1483 1320 1146 1037 381 2161 729 1044 1618 1509 1097 412 792
internal_count=12299 7374 4925 4196 6337 3998 2339 3750 3369 2049 1831 1659 1037 351 2365 552 2100 1483 1320 1146 1037 381 2161 729 1044 1618 1509 1097 412 792
is_linear=0
shrinkage=0.05


Tree=43
num_leaves=31
num_cat=0
split_feature=14 15 14 14 12 15 13 15 12 1 3 10 12 11 14 12 12 15 11 1 12 3 14 7 3 7 1 1 3 10
split_gain=681.477 242.475 192.459 75.5801 62.9995 57.6021 51.3691 43.2791 36.3706 35.7394 34.5835 32.3813 54.3456 37.561 30.255 28.6474 37.8028 34.7581 28.0724 26.0274 24.8053 24.4974 24.4062 23.2772 23.2177 22.8562 21.9795 29.0808 21.1769 20.6358
threshold=1522.2650000000001 1058.9600000000003 1970.2450000000001 1246.2550000000003 0.99049901459377832 1953.7750000000003 -0.99864786094873803 1888.6250000000002 -0.90893575921103265 7.6863970588235295 18.650980392156868 -0.59176244063315286 0.83966414931270739 -0.17646730165275518 1682.0850000000003 -0.8983350073998303 -0.99467753128998015 1216.4050000000004 0.9863035000474919 23.824387254901961 0.85223490906209554 10.78137254901961 1047.3200000000002 20.500000000000004 8.8166666666666682 10.500000000000002 12.652593954248369 9.9605596405228773 5.5500000000000016 -0.16799356919963607
decision_type=10 8 10 8 2 8 2 10 2 2 2 2 2 2 10 2 2 8 2 2 2 2 10 2 2 2 2 2 2 2
left_child=1 9 5 4 6 10 -3 15 26 -1 14 13 19 -10 29 16 -5 20 21 -13 -17 -7 -11 25 -15 -19 27 -8 -27 -2
right_child=2 3 -4 7 -6 18 8 -9 11 22 -12 12 -14 24 -16 17 -18 23 -20 -21 -22 -23 -24 -25 -26 28 -28 -29 -30 -31
leaf_value=0.25154927409990935 0.71355760802739499 1.4206599635722228 6.5071768346991465 -0.70428861448415325 2.8004495787031942 1.4482378629356789 1.2416109348370925 6.9905732215461747 0.14657953468848747 -6.0905856086487917 3.5304226175443887 -1.7779959833386727 -5.4862994819358963 -1.2101972089218123 1.0483325418926541 -1.7195667931696677 1.3590750806431515 -0.23322174856239145 -0.48417403598625697 0.90756927525672504 0.6788943912026526 4.9951126822161029 -2.9653750591105226 -0.55805378235122027 0.76814840866366019 0.16099143547801875 0.69951939331519952 -2.8786123716380363 1.189316746445519 -0.12144516529810973
leaf_weight=52 730 49 698 115 74 218 50 82 380 417 153 1134 221 314 1728 360 297 1297 49 76 95 248 597 448 43 930 107 94 326 949
leaf_count=52 730 49 698 115 74 218 50 82 380 417 153 1134 221 314 1728 360 297 1297 49 76 95 248 597 448 43 930 107 94 326 949
internal_value=0.00059601 -0.00874454 0.0153854 -0.0051132 -0.0118364 0.0112242 -0.0132037 -0.000784611 -0.0142355 -0.0308341 0.00895816 -0.0163209 -0.0207053 -0.00779133 0.00790786 -0.00155079 0.0108959 -0.00303732 0.0268411 -0.0165153 -0.0158991 0.030621 -0.0329064 -0.00108261 -0.0194134 0.000763508 0.00376984 -0.00896552 0.00556881 0.003125
internal_weight=12331 7558 4773 6492 2542 4075 2468 3950 2419 1066 3560 2168 1431 737 3407 3868 412 3456 515 1210 455 466 1014 3001 357 2553 251 144 1256 1679
internal_count=12331 7558 4773 6492 2542 4075 2468 3950 2419 1066 3560 2168 1431 737 3407 3868 412 3456 515 1210 455 466 1014 3001 357 2553 251 144 1256 1679
is_linear=0
shrinkage=0.05


Tree=44
num_leaves=31
num_cat=0
split_feature=3 8 7 8 11 7 7 7 7 10 7 11 10 8 1 3 7 12 11 7 0 7 7 10 1 3 8 1 10 1
split_gain=448.415 290.271 125.981 119.805 121.62 103.308 89.1253 82.8339 141.367 81.9975 66.7184 62.5238 92.4756 41.3353 35.0947 64.7832 56.9088 41.4389 34.4974 53.1842 34.1521 32.7874 32.4598 31.8715 30.8743 30.6945 28.1442 28.7654 28.1041 26.7218
threshold=10.373529411764709 4.5000000000000009 2.5000000000000004 4.5000000000000009 0.99138911339924218 19.500000000000004 7.5000000000000009 19.500000000000004 4.5000000000000009 0.074116354202380205 6.5000000000000009 -0.70900320270980455 -0.38242426011641079 1.0000000180025095e-35 18.478308823529414 0.89509803921568676 4.5000000000000009 -0.80418297442179409 -0.30164489695395946 15.500000000000002 19.726470588235298 14.500000000000002 20.500000000000004 -0.05695216311707673 16.477348856209151 15.007843137254904 3.5000000000000004 3.3715686274509808 -0.16799356919963607 25.069117647058821
decision_type=2 2 2 2 2 2 2 2 2 2 2 2 2 2 2 2 2 2 2 2 2 2 2 2 2 2 2 2 2 2
left_child=1 2 13 4 7 11 -3 8 -2 23 -5 12 29 -1 15 17 -17 -13 19 -8 -7 -14 -21 -6 -20 28 27 -18 -9 -4
right_child=3 6 5 10 9 20 18 25 -10 -11 -12 14 21 -15 -16 16 26 -19 24 22 -22 -23 -24 -25 -26 -27 -28 -29 -30 -31
leaf_value=-3.8898693513514901 0.52694963245527338 -3.2394854907492232 -2.3803817830113529 -1.0834423590026745 -3.9770463110026926 -0.81462774575337571 -6.2643169777635768 0.50356869752968692 5.0491789315688722 8.8922184291541218 0.90228009891311567 -9.2749989446369394 -0.043999676887392529 -0.7096966051772825 1.5802367473014785 -0.83649215677063471 -1.2211649192861502 -0.1244336580538743 -0.81698096592476765 0.087032865649155161 0.91044694040919583 1.1420701866153082 -2.158012050561672 -0.25613785808704392 2.725520536919726 2.0157026590140958 0.18804480519074218 1.5359018753127771 -0.97681576855556507 1.2278992798919264
leaf_weight=133 726 693 396 430 136 861 391 140 1323 56 719 92 512 503 413 212 86 446 853 247 84 223 149 200 43 156 402 1522 182 43
leaf_count=133 726 693 396 430 136 861 391 140 1323 56 719 92 512 503 413 212 86 446 853 247 84 223 149 200 43 156 402 1522 182 43
internal_value=0.000557666 -0.00610476 -0.000185529 0.0141558 0.0195377 0.00234272 -0.0208666 0.0235562 0.0279268 -0.00636132 0.000478261 0.00560028 -0.00425532 -0.0211931 0.00924701 0.00720753 0.0109762 -0.00834879 -0.0146378 -0.0222716 -0.0126321 0.00658967 -0.0093199 -0.015727 -0.00791527 0.00480167 0.0135753 0.016532 -0.00402477 -0.0223864
internal_weight=12372 8304 5928 4068 2919 5292 2376 2527 2049 392 1149 4347 1174 636 3173 2760 2222 538 1683 787 945 735 396 336 896 478 2010 1608 322 439
internal_count=12372 8304 5928 4068 2919 5292 2376 2527 2049 392 1149 4347 1174 636 3173 2760 2222 538 1683 787 945 735 396 336 896 478 2010 1608 322 439
is_linear=0
shrinkage=0.05


Tree=45
num_leaves=31
num_cat=0
split_feature=14 14 15 3 7 10 10 15 1 0 14 1 12 0 12 1 12 10 14 1 6 6 14 6 15 0 12 15 12 15
split_gain=576.475 229.965 174.668 54.0646 52.3261 44.7531 91.8237 44.5061 42.3212 67.1004 41.3241 35.6785 33.4663 43.851 37.526 33.1126 29.2455 29.2398 26.6616 25.4752 24.9152 60.0846 37.7038 31.6516 26.9111 24.6949 21.0057 20.3808 19.5761 29.5964
threshold=1400.3900000000003 1908.5400000000002 1058.9600000000003 18.650980392156868 20.500000000000004 -0.59176244063315286 -0.48314718476766422 1960.9950000000001 20.303553921568628 8.5460784313725515 2038.7350000000004 23.938541666666669 -0.91597725483594616 9.4637254901960794 -0.7451403174690634 9.29654820261438 -0.72176009310251998 -0.99866806308218525 1033.6350000000002 7.5880923202614374 562.38235294117658 0.3235294117647059 1134.2700000000002 150.14705882352942 1204.7500000000002 -2.4901960784313717 -0.96688789938088693 1350.5150000000001 -0.48971288843577082 1595.1550000000002
decision_type=8 10 8 2 2 2 2 8 2 2 10 2 2 2 2 2 2 2 10 2 2 2 10 2 8 2 2 10 2 10
left_child=2 3 18 4 7 8 -7 12 9 27 19 20 13 -2 15 -14 -11 -16 -1 -3 21 22 24 -23 -8 -24 -15 -4 29 -19
right_child=1 10 5 -5 -6 6 11 -9 -10 16 -12 -13 14 26 17 -17 -18 28 -20 -21 -22 23 25 -25 -26 -27 -28 -29 -30 -31
leaf_value=-5.5459734729857706 2.4068009919467501 2.607406110027978 0.28814295109636989 2.8348672043516618 -0.55048082633505258 -4.2897225700670907 -1.3608635001850757 2.5738258654676542 0.90754686075802626 -2.9785545699269336 8.6978618540029409 0.95071907352596563 0.28399943560324348 -0.80491918612791558 1.6728026516472825 -2.2853458163692495 -0.3684266203677396 0.22440741702391165 -2.4545566786903521 -1.2189291097428054 -3.543232956612826 1.6889275301846851 1.9181869698758363 -0.39032229888613301 -4.5524513665297608 -0.60539406841176635 1.6824461194718425 3.05778877695484 0.21652637118216378 1.9314489840154239
leaf_weight=387 375 659 229 206 482 283 200 509 362 194 365 132 149 152 103 197 714 274 614 50 336 258 50 408 141 1224 75 58 2942 220
leaf_count=387 375 659 229 206 482 283 200 509 362 194 365 132 149 152 103 197 714 274 614 50 336 258 50 408 141 1224 75 58 2942 220
internal_value=0.000502065 0.010327 -0.0113754 0.00631486 0.00536594 -0.00724401 -0.0107814 0.00688413 -0.000353017 -0.0048913 0.0315349 -0.00798182 0.00529189 0.0162521 0.00358981 -0.0121037 -0.0115512 0.00512712 -0.0302894 0.0244366 -0.0092628 -0.00738387 -0.0125928 0.00524738 -0.0273392 -0.00862745 -0.00109649 0.0161458 0.00433518 0.0135354
internal_weight=12348 6758 5590 5684 5478 4589 3032 4996 1557 1195 1074 2749 4487 602 3885 346 908 3539 1001 709 2617 2281 1615 666 341 1274 227 287 3436 494
internal_count=12348 6758 5590 5684 5478 4589 3032 4996 1557 1195 1074 2749 4487 602 3885 346 908 3539 1001 709 2617 2281 1615 666 341 1274 227 287 3436 494
is_linear=0
shrinkage=0.05


Tree=46
num_leaves=31
num_cat=0
split_feature=14 8 14 14 8 14 6 8 0 7 8 14 14 7 0 1 8 10 10 10 8 7 8 8 7 10 3 14 6 2
split_gain=520.212 203.89 158.745 120.557 87.435 81.3313 56.5304 42.7157 38.184 35.0933 30.443 32.1212 28.4279 26.972 45.4094 31.2295 27.9857 23.1938 29.5226 22.8369 22.1781 21.977 20.5747 29.9796 31.2659 20.348 19.8013 18.3151 18.084 20.5244
threshold=1545.2800000000002 3.5000000000000004 1977.3300000000002 1189.3350000000003 3.5000000000000004 1100.9800000000002 0.3235294117647059 1.5000000000000002 4.4901960784313735 20.500000000000004 1.0000000180025095e-35 1866.9300000000001 1033.6350000000002 3.5000000000000004 9.3656862745098053 1.8873978758169938 1.0000000180025095e-35 -0.23537230790205757 -0.031173458710879235 -0.95754239937548935 4.5000000000000009 18.500000000000004 4.5000000000000009 5.5000000000000009 8.5000000000000018 0.95752911693909493 9.6323529411764728 1370.2850000000001 433.57843137254906 7.8352941176470585
decision_type=10 2 10 10 2 8 2 2 2 2 2 10 8 2 2 2 2 2 2 2 2 2 2 2 2 2 2 8 2 2
left_child=1 5 4 12 10 6 -1 9 22 13 21 17 -3 16 15 -15 -7 -12 -19 -10 26 -2 -6 -24 -25 -5 -4 -18 -9 -30
right_child=2 3 20 25 8 7 -8 28 19 -11 11 -13 -14 14 -16 -17 27 18 -20 -21 -22 -23 23 24 -26 -27 -28 -29 29 -31
leaf_value=-2.0854466627635246 6.3200339033012831 -7.010509759355358 2.0591969440972551 -0.54405277561041887 1.8574375065764799 -1.6654181873164136 -0.027445108195456671 0.0040421753851319414 1.1232874494009024 -0.26249011386587429 1.3346398982501626 1.9886356590783749 -2.5895100743677006 0.048563055197695354 0.70068495661735142 5.0848063771528871 1.0379139874149872 -1.5259394253731786 0.71685844140363886 -0.48150262470925331 2.1565699869601533 1.1365888991573456 -0.65212774262183759 -0.59029509886744336 2.601992422480953 -1.8034554363556596 6.7789599722402958 -3.0872665454575099 -2.1069644648663486 1.9676970643327309
leaf_weight=492 187 356 58 1859 181 121 443 1448 194 321 578 387 822 72 829 302 134 91 878 904 138 54 183 68 135 259 471 41 244 71
leaf_count=492 187 356 58 1859 181 121 443 1448 194 321 578 387 822 72 829 302 134 91 878 904 138 54 183 68 135 259 471 41 244 71
internal_value=0.000726343 -0.00707614 0.0142524 -0.0165302 0.0103359 -0.00017703 -0.0133013 0.00325056 0.00171068 0.00862164 0.0169347 0.014832 -0.0293469 0.0118333 0.0151578 0.0296 -0.0016835 0.0115956 0.00685567 -0.00373066 0.0367515 0.0336777 0.0122359 0.00568475 0.0188725 -0.00939122 0.0414151 0.0110795 -0.00229592 -0.0131329
internal_weight=12321 7814 4507 3296 3840 4518 935 3583 1665 1820 2175 1934 1178 1499 1203 374 296 1547 969 1098 667 241 567 386 203 2118 529 175 1763 315
internal_count=12321 7814 4507 3296 3840 4518 935 3583 1665 1820 2175 1934 1178 1499 1203 374 296 1547 969 1098 667 241 567 386 203 2118 529 175 1763 315
is_linear=0
shrinkage=0.05


Tree=47
num_leaves=31
num_cat=0
split_feature=14 14 14 15 6 3 15 11 1 3 10 1 3 6 6 15 11 13 12 12 12 14 3 10 12 12 1 10 15 15
split_gain=520.641 192.413 137.278 80.0582 59.3021 54.206 52.7988 44.4139 40.8348 37.8095 38.7335 43.6918 50.6871 52.872 51.3178 36.449 50.5535 36.1097 33.5093 33.6671 29.2896 26.9059 29.7019 27.3569 26.552 36.0153 31.287 26.4414 26.2004 25.232
threshold=1623.2300000000002 1127.6900000000003 2011.825 1017.3850000000001 757.76470588235304 10.148039215686277 1900.3100000000002 -0.99864786094873803 24.375102124183009 18.180392156862748 -0.73282214301478099 20.153880718954248 7.3303921568627457 1.0000000180025095e-35 182.23529411764707 1900.3100000000002 0.9863035000474919 -0.98801846520836312 -0.39036798905311365 0.080548957663405765 -0.99467753128998015 1319.6600000000001 12.934313725490197 0.86113431103781346 0.97872324816535838 0.71503381463111937 18.710212418300657 -0.60554068365937697 1548.8450000000003 1386.7450000000001
decision_type=10 8 10 8 2 2 10 2 2 2 2 2 2 2 2 8 2 2 2 2 2 10 2 2 2 2 2 2 10 10
left_child=1 3 5 -1 6 -2 7 -3 17 10 11 12 13 -9 -15 -7 -17 -5 20 -20 -12 22 -21 -23 25 26 28 -27 -19 -14
right_child=2 4 -4 8 -6 15 -8 9 -10 -11 18 -13 29 14 -16 16 -18 24 19 21 -22 23 -24 -25 -26 27 -28 -29 -30 -31
leaf_value=-4.8822803760686497 0.49470118719335687 3.0914639389651657 6.833761973628282 0.85022747763698592 -4.6029428833474073 1.1567553836169793 4.8826216875456341 -0.78303494480452407 1.6138771163356296 1.2883333580348735 -1.4356338023426134 1.155312390960296 0.22557184206829675 1.2957967845863436 -0.93931665430958455 3.121969549574533 -1.2967274286287875 -2.0615589950313336 -1.4440707807046751 -1.0032474061855623 0.11516801008490916 -0.35864453104386484 1.3866016920264201 0.4899210982176726 1.0958722050142797 -0.29782619004009803 0.22002617838855373 -5.1200457643454289 0.62813562983270121 2.6817066090084611
leaf_weight=482 1441 68 466 43 222 1116 133 557 57 180 161 330 292 327 403 459 41 558 766 707 1356 867 65 408 40 92 242 252 78 119
leaf_count=482 1441 68 466 43 222 1116 133 557 57 180 161 330 292 327 403 459 41 558 766 707 1356 867 65 408 40 92 242 252 78 119
internal_value=0.000259551 -0.00624006 0.0165011 -0.0205962 -0.00243465 0.012639 -0.00159496 -0.00222491 -0.01438 -0.00264566 -0.00328668 0.00241498 -0.000824014 -0.00570652 0.00314637 0.0189239 0.0301397 -0.0161945 -0.00595705 -0.00918621 3.29381e-05 -0.00583496 -0.0131953 -0.00137147 -0.0177356 -0.0190515 -0.0136519 -0.0327536 -0.0194662 0.0144417
internal_weight=12328 8805 3523 1844 6961 3057 6739 6606 1362 6538 6358 2028 1698 1287 730 1616 500 1305 4330 2813 1517 2047 772 1275 1262 1222 878 344 636 411
internal_count=12328 8805 3523 1844 6961 3057 6739 6606 1362 6538 6358 2028 1698 1287 730 1616 500 1305 4330 2813 1517 2047 772 1275 1262 1222 878 344 636 411
is_linear=0
shrinkage=0.05


Tree=48
num_leaves=31
num_cat=0
split_feature=14 14 14 0 6 6 6 7 0 0 13 6 6 11 12 7 7 14 12 2 2 13 0 1 12 1 12 0 11 14
split_gain=483.607 204.747 117.931 52.1385 51.5364 48.0379 76.1492 55.4273 53.0355 32.1125 30.7235 30.8455 48.6836 29.2044 52.8459 26.91 26.3872 25.893 24.5129 20.7818 20.495 23.4898 20.0638 25.5439 24.6075 19.7487 17.9922 17.5567 37.1618 17.1713
threshold=1648.9500000000003 1118.5350000000001 2011.825 3.4500000000000006 562.38235294117658 1.0000000180025095e-35 169.00000000000003 5.5000000000000009 5.5950980392156868 20.235294117647062 -0.98801846520836312 0.3235294117647059 142.22549019607845 0.9863035000474919 -0.015051239303264097 7.5000000000000009 19.500000000000004 1122.6300000000003 -0.90893575921103265 7.5480392156862726 7.992156862745099 -0.65721521735223198 0.35784313725490202 2.9307393790849674 -0.030099068566675755 7.4156250000000012 0.99049901459377832 -0.66568627450980389 0.9863035000474919 1304.6750000000002
decision_type=10 8 10 2 2 2 2 2 2 2 2 2 2 2 2 2 2 10 2 2 2 2 2 2 2 2 2 2 2 8
left_child=1 10 3 27 5 8 7 -7 13 -10 -1 18 -13 22 -15 -8 -5 -9 -12 -17 21 29 23 -3 -24 -26 -14 -2 -29 -6
right_child=2 4 -4 16 20 6 15 17 9 -11 11 12 26 14 -16 19 -18 -19 -20 -21 -22 -23 24 -25 25 -27 -28 28 -30 -31
leaf_value=0.53771806817125023 4.1558431924071444 0.63216212010377149 6.3443321757281188 0.74141732283533202 -5.2128942997215297 -0.7068221038634932 -2.0056153538717583 8.677622015811977 -0.54399556186464226 0.89090155300190199 0.13716298051515424 0.65985875254455095 -3.6979269001594162 -2.8100473655466889 0.94600038304654965 -0.20205134447830916 -0.86481677753709507 1.3147752336492886 -2.6807096162034556 2.2089423158272439 0.57637292574523824 -3.95503331426786 0.41420489384915982 3.2008793606312 -0.5263548588262893 1.1184722456583245 0.79887735414115468 2.1114228535552573 -1.8441125510935195 0.68677107986059704
leaf_weight=42 200 254 463 1853 42 226 187 74 2147 79 61 123 593 151 128 1133 84 1112 866 72 143 354 500 60 428 71 78 577 58 140
leaf_count=42 200 254 463 1853 42 226 187 74 2147 79 61 123 593 151 128 1133 84 1112 866 72 143 354 500 60 428 71 78 577 58 140
internal_value=0.000264228 -0.00565913 0.0168572 0.0129463 -0.00196522 -0.000619055 0.00434938 0.0125265 -0.00426813 -0.00925011 -0.0209467 -0.0219803 -0.014717 0.00269931 -0.0119643 -0.00394831 0.00843653 0.0168492 -0.0281789 -0.00120232 -0.0150735 -0.0195531 0.00582192 0.0168254 0.00235 -0.0055 -0.0200149 0.0233852 0.019261 -0.00491803
internal_weight=12299 9064 3235 2772 7301 6622 2804 1412 3818 2226 1763 1721 794 1592 279 1392 1937 1186 927 1205 679 536 1313 314 999 499 671 835 635 182
internal_count=12299 9064 3235 2772 7301 6622 2804 1412 3818 2226 1763 1721 794 1592 279 1392 1937 1186 927 1205 679 536 1313 314 999 499 671 835 635 182
is_linear=0
shrinkage=0.05


Tree=49
num_leaves=31
num_cat=0
split_feature=3 8 6 8 11 6 10 7 7 7 11 8 7 10 6 6 7 7 11 12 10 10 10 1 3 1 1 11 1 11
split_gain=349.665 240.546 121.114 105.186 98.9593 97.9728 94.1309 72.2082 68.5451 105.232 59.6301 57.2911 53.833 45.6303 46.4608 43.2785 40.8431 40.2984 35.1573 31.6378 61.075 31.0473 60.9848 42.232 49.3358 30.894 28.8917 26.4403 31.358 25.7085
threshold=10.430392156862746 4.5000000000000009 1.0000000180025095e-35 4.5000000000000009 0.99138911339924218 57.186274509803923 0.039769539193789977 14.500000000000002 19.500000000000004 4.5000000000000009 -0.60555643346685839 5.5000000000000009 7.5000000000000009 0.68432406471780916 214.27450980392157 770.57843137254906 5.5000000000000009 19.500000000000004 -0.70900320270980455 0.73430383941986921 -0.64578423485557612 -0.73866753694953124 -0.35846811432664222 18.710212418300657 7.5098039215686301 0.75825163398692819 22.602267156862744 1.0000000180025095e-35 11.031576797385624 0.48877522411129348
decision_type=2 2 2 2 2 2 2 2 2 2 2 2 2 2 2 2 2 2 2 2 2 2 2 2 2 2 2 2 2 2
left_child=1 2 21 4 8 18 25 10 9 -2 -3 17 -5 -11 -15 19 -12 -9 -4 26 -21 23 -23 24 -1 -6 27 -7 -29 -22
right_child=3 7 5 12 6 15 -8 11 -10 13 16 -13 -14 14 -16 -17 -18 -19 -20 20 29 22 -24 -25 -26 -27 -28 28 -30 -31
leaf_value=-0.62594727617737367 0.43900958608004431 -5.1623317565124927 0.062545108810343211 -0.99257996947187621 0.38033453090079095 -0.065080686467814536 6.3709451348924633 -0.48532447278303725 0.27775188635596354 4.8566322506248305 -2.9159326021668166 0.32690255972902382 0.63065825522087382 2.4274456136278277 -1.5712270879810148 -3.0782158593067042 -1.379434505085726 -2.5904840410752117 1.9967692330445403 0.75127509808927473 -2.4587892915135061 -2.348437429135612 -0.37574926155366484 0.60365107382343697 0.78511091964643365 -2.8500652723028623 2.9296419367923479 1.9444544467074252 -0.70314124300014103 -0.17306270917742383
leaf_weight=572 706 528 199 464 102 962 77 272 489 981 314 421 667 264 41 251 630 196 664 315 257 346 1055 215 147 204 139 533 171 134
leaf_count=572 706 528 199 464 102 962 77 272 489 981 314 421 667 264 41 251 630 196 664 315 257 346 1055 215 147 204 139 533 171 134
internal_value=0.000267922 -0.00556957 -0.000218084 0.0124249 0.0175218 0.00550193 -0.00611979 -0.0190728 0.0211724 0.0252885 -0.0258656 -0.00780899 -0.000485866 0.0337995 0.0168301 0.000904814 -0.0183069 -0.0198294 0.0201968 0.00288615 -0.00608204 -0.00909675 -0.0138017 -0.00203209 -0.00784722 -0.0185668 0.00639535 0.00455909 0.0119149 -0.0192602
internal_weight=12316 8321 5960 3995 2864 3625 383 2361 2481 1992 1472 889 1131 1286 305 2762 944 468 863 2511 706 2335 1401 934 719 306 1805 1666 704 391
internal_count=12316 8321 5960 3995 2864 3625 383 2361 2481 1992 1472 889 1131 1286 305 2762 944 468 863 2511 706 2335 1401 934 719 306 1805 1666 704 391
is_linear=0
shrinkage=0.05


Tree=50
num_leaves=31
num_cat=0
split_feature=14 15 14 14 15 3 14 13 12 12 13 15 12 3 11 3 0 11 12 12 12 15 12 12 12 7 11 11 6 6
split_gain=412.636 169.86 147.024 51.7824 47.3806 41.8245 39.6871 38.5045 38.3205 35.8628 55.5841 34.6038 36.7543 43.4383 27.5556 27.3785 25.8547 25.451 24.647 24.455 28.6438 24.6649 31.8651 21.06 21.0379 21.751 19.3129 18.7477 18.0164 21.4681
threshold=1541.3350000000003 1065.6000000000001 1970.2450000000001 1092.6650000000002 1907.8100000000002 17.31666666666667 1212.9050000000004 -0.99763124042248752 0.98901264295277169 0.83966414931270739 0.26659387353423869 1969.2100000000003 -0.91597725483594616 4.2088235294117657 0.38043945030393422 11.373529411764707 -2.4901960784313717 0.9863035000474919 -0.83377653105606597 -0.8983350073998303 -0.99467753128998015 1196.5600000000002 0.85223490906209554 -0.98648013042059113 -0.83377653105606597 22.500000000000004 -0.76696334127844745 0.73721509932751383 313.88235294117646 0.67647058823529416
decision_type=10 8 10 10 10 2 8 2 2 2 2 8 2 2 2 2 2 2 2 2 2 8 2 2 2 2 2 2 2 2
left_child=1 3 5 26 6 11 7 -3 9 14 -11 12 13 -2 -9 -4 -8 27 -14 20 -18 22 -21 -15 -23 28 -1 -13 29 -26
right_child=2 4 15 -5 -6 -7 16 8 -10 10 -12 17 18 23 -16 -17 19 -19 -20 21 -22 24 -24 -25 25 -27 -28 -29 -30 -31
leaf_value=-6.0126293200334775 -1.6279630310790367 1.2767679101977365 1.7113181914213387 -1.3260795010614288 6.2588281391033211 3.1024921626503046 1.5532792209846435 -0.36216658549017211 2.1090870876437862 -0.045867468604137686 -4.6493772804005067 0.80264157775833389 -1.5050059808638538 0.71788430042794293 -2.4737944816129129 5.4325609161881747 -0.83514821059518463 -0.87317258951986787 0.34227812863095441 -1.3830305026945326 0.97959522659649567 -1.7014976994142217 0.68092047396266375 2.7917167408595276 -0.067943571482123849 -0.5993371123286011 -2.5812969374921124 3.0998034043844545 -0.62978605031104851 0.60600052840613905
leaf_weight=250 63 48 156 581 78 238 80 1350 71 125 201 150 116 143 327 548 129 43 2572 337 331 141 100 260 1605 154 292 216 640 937
leaf_count=250 63 48 156 581 78 238 80 1350 71 125 201 150 116 143 327 548 129 43 2572 337 331 141 100 260 1605 154 292 216 640 937
internal_value=0.000887405 -0.00608768 0.0129272 -0.0240658 -0.00305034 0.00903472 -0.00351224 -0.00913801 -0.0101687 -0.0114521 -0.0266055 0.00767396 0.0058954 0.0188437 -0.00849225 0.0339007 -0.000830527 0.0213415 0.00364448 -0.00134857 0.00954447 -0.00263091 -0.0138128 0.0248762 -0.00122197 -0.000419539 -0.035175 0.0256131 0.000471254 0.00235942
internal_weight=12282 7777 4505 1123 6654 3801 6576 2122 2074 2003 326 3563 3154 466 1677 704 4454 409 2688 4374 460 3914 437 403 3477 3336 542 366 3182 2542
internal_count=12282 7777 4505 1123 6654 3801 6576 2122 2074 2003 326 3563 3154 466 1677 704 4454 409 2688 4374 460 3914 437 403 3477 3336 542 366 3182 2542
is_linear=0
shrinkage=0.05


Tree=51
num_leaves=31
num_cat=0
split_feature=14 14 8 8 8 14 7 14 12 15 1 7 3 13 1 1 15 13 1 6 7 6 1 3 7 8 8 6 13 13
split_gain=357.835 193.83 135.62 133.091 71.4751 68.5074 57.7359 73.7494 40.3906 37.3897 36.5986 33.6066 31.8618 34.3987 35.4537 31.8063 38.7117 29.4415 27.8882 28.3418 41.5749 27.3966 26.0436 25.8447 25.4472 46.6939 37.4657 28.5997 24.9387 24.1769
threshold=1333.1900000000003 1970.2450000000001 3.5000000000000004 4.5000000000000009 1.0000000180025095e-35 1083.1600000000003 2.5000000000000004 1011.1500000000002 -0.878119045158818 1179.1300000000003 0.63282271241830068 20.500000000000004 8.8813725490196092 -0.65234411079832233 18.478308823529414 -0.2280024509803921 1865.5100000000002 -0.40613878790836594 25.367258986928107 562.38235294117658 21.500000000000004 1.0000000180025095e-35 2.6485498366013078 6.4549019607843157 14.500000000000002 5.5000000000000009 5.5000000000000009 251.40196078431376 0.83730377313544024 0.41203268437863022
decision_type=10 10 2 2 2 8 2 10 2 10 2 2 2 2 2 2 10 2 2 2 2 2 2 2 2 2 2 2 2 2
left_child=2 3 6 4 11 -4 7 -1 -8 -6 -5 -2 13 21 23 -3 -17 -16 19 20 22 -11 -10 -15 26 -26 27 -7 -24 -14
right_child=1 15 5 10 9 24 8 -9 18 12 -12 -13 29 14 17 16 -18 -19 -20 -21 -22 -23 28 -25 25 -27 -28 -29 -30 -31
leaf_value=-3.7728339862044606 3.2858936852840657 9.854933701584299 -5.2272964905818133 1.5547284873939704 1.9949401792072423 -0.27907143077728735 1.6731739322426393 -0.3002279042750729 -2.3501047575322676 -0.28238633466845614 -0.65965305644945715 -0.20399873219445797 0.82871919519989778 -1.5225498456123547 1.7630045327619996 0.74090976219923732 3.5508749989311639 -0.073756810791701363 1.935482336847349 -2.0350583061092151 -0.65201964373206922 1.0718843672582068 0.25175721108080323 0.39159936153332642 -1.3719945745859379 0.46638034653622074 -2.895209959255499 -3.4970179722309016 2.6924538931212738 0.31122485870015454
leaf_weight=186 524 203 510 177 265 394 213 546 63 290 1672 60 1020 402 105 176 344 353 47 365 323 906 981 205 289 248 375 191 136 759
leaf_count=186 524 203 510 177 265 394 213 546 63 290 1672 60 1020 402 105 176 344 353 47 365 323 906 981 205 289 248 375 191 136 759
internal_value=0.00051099 0.00739078 -0.0100349 0.00474848 0.00906953 -0.019995 -0.00304089 -0.0151432 0.00112729 0.00683929 -0.00667568 0.0254701 0.00564217 0.00170203 -0.00483114 0.0319751 0.0253359 0.00566449 -0.00117432 -0.00214018 0.000897606 0.0075188 0.00524979 -0.0127467 -0.0145861 -0.00585502 -0.0194589 -0.0115188 0.00702147 0.0106461
internal_weight=12328 7461 4867 6738 4889 2007 2860 732 2128 4305 1849 584 4040 2261 1065 723 520 458 1915 1868 1503 1196 1180 607 1497 537 960 585 1117 1779
internal_count=12328 7461 4867 6738 4889 2007 2860 732 2128 4305 1849 584 4040 2261 1065 723 520 458 1915 1868 1503 1196 1180 607 1497 537 960 585 1117 1779
is_linear=0
shrinkage=0.05


Tree=52
num_leaves=31
num_cat=0
split_feature=14 8 14 7 14 8 14 8 6 8 15 10 1 0 7 7 3 3 14 15 11 14 15 12 8 15 12 10 7 8
split_gain=335.879 194.61 129.363 98.1371 89.6965 73.7129 59.083 54.9237 52.1489 50.1964 55.3454 41.0811 60.6527 48.2686 39.6339 37.8978 35.4086 35.0037 33.8209 37.5575 31.1101 30.6828 29.4215 28.4998 28.1029 25.9681 25.5244 30.3774 23.7667 31.365
threshold=1648.9500000000003 4.5000000000000009 2038.7350000000004 14.500000000000002 1027.8200000000004 5.5000000000000009 1137.9050000000004 3.5000000000000004 0.67647058823529416 1.5000000000000002 1812.9550000000002 -0.71504373327588355 20.153880718954248 9.3656862745098053 20.500000000000004 19.500000000000004 9.9588235294117684 13.44607843137255 1122.6300000000003 1624.0150000000001 0.39629089145655322 1005.4950000000001 1591.1800000000003 0.99831452020184319 4.5000000000000009 1275.1850000000002 0.98901264295277169 -0.49064630004295678 2.5000000000000004 1.0000000180025095e-35
decision_type=10 2 10 2 8 2 10 2 2 2 10 2 2 2 2 2 2 2 10 10 2 10 8 2 2 10 2 2 2 2
left_child=1 4 7 6 8 15 -3 16 -1 10 14 12 13 -11 28 -5 25 22 -13 23 -15 -7 24 -20 -9 -2 27 -10 29 -6
right_child=2 3 -4 5 9 21 -8 17 26 11 -12 18 -14 20 -16 -17 -18 -19 19 -21 -22 -23 -24 -25 -26 -27 -28 -29 -30 -31
leaf_value=-3.1178317456506024 3.8306525403287424 -4.8553606077086444 6.5174801479467881 -0.18340280462958847 -1.8599268219373699 -2.5694355514744647 -1.3295319843995572 4.5505382059625621 -3.9480758292593237 0.95834978137328342 4.2425670103756259 -2.149048469871758 1.5833202260608461 -0.050013019931247987 -0.32522916213227976 -1.8893461280974522 2.1697442171777142 1.406355008994342 0.020575815270154865 -1.6315210806327742 -2.5298897672781551 0.74627927098868563 -0.78285525113579979 -2.7740258387909194 0.1774444972733818 0.51302736170380292 2.7552804968449323 0.54066959216511357 0.87980731808341384 0.35204205035047381
leaf_weight=312 42 498 367 197 105 48 1186 73 119 185 208 152 231 559 405 250 890 400 1718 329 117 494 514 57 285 703 42 165 1462 178
leaf_count=312 42 498 367 197 105 48 1186 73 119 185 208 152 231 559 405 250 890 400 1718 329 117 494 514 57 285 703 42 165 1462 178
internal_value=0.000606085 -0.00437458 0.0143206 -0.0156881 0.000394011 -0.00318182 -0.0230267 0.0107806 -0.0173709 0.00238304 0.00796948 -0.0015527 0.00640439 0.000290023 0.0055788 -0.018192 0.0168399 0.00298507 -0.00540541 -0.00375297 -0.00590842 0.0092081 -0.00263459 -0.000872748 0.00835655 0.00878016 -0.00336391 -0.00877193 0.0088488 -0.00440141
internal_weight=12291 9017 3274 2673 6344 989 1684 2907 638 5706 2358 3348 1092 861 2150 447 1635 1272 2256 2104 676 542 872 1775 358 745 326 284 1745 283
internal_count=12291 9017 3274 2673 6344 989 1684 2907 638 5706 2358 3348 1092 861 2150 447 1635 1272 2256 2104 676 542 872 1775 358 745 326 284 1745 283
is_linear=0
shrinkage=0.05


Tree=53
num_leaves=31
num_cat=0
split_feature=14 14 14 3 14 6 6 7 12 12 10 12 12 1 10 10 13 10 6 6 6 2 11 3 3 11 10 10 10 1
split_gain=339.718 158.379 94.1894 62.6813 45.3117 42.9552 55.9263 31.0732 29.4664 28.6205 26.1819 26.1631 39.9396 26.0015 25.2042 32.1781 23.0833 21.8805 21.0483 38.455 29.8248 28.0045 24.1935 19.9615 32.5812 25.3672 37.1386 23.69 32.1009 19.892
threshold=1387.3050000000003 2038.7350000000004 1027.8200000000004 11.259803921568631 1718.0350000000001 1.0000000180025095e-35 59.735294117647065 2.5000000000000004 -0.8983350073998303 -0.99275346941927067 -0.98214942551678475 0.99049901459377832 0.86440767487108461 3.6741625816993468 -0.18492532721306487 -0.082689790342551819 0.99629402419378799 -0.20180236284700911 508.71568627450984 4.8529411764705888 147.5392156862745 4.7637254901960775 -0.35846086284744721 0.087254901960784906 9.6323529411764728 0.97263757644091875 0.022575936829235418 -0.70898476237405783 -0.23537230790205757 12.332659313725491
decision_type=8 10 10 2 8 2 2 2 2 2 2 2 2 2 2 2 2 2 2 2 2 2 2 2 2 2 2 2 2 2
left_child=2 3 7 5 14 -2 -7 -1 9 29 -8 12 -9 -6 -5 -16 -12 -15 19 23 22 -22 -21 27 -25 -26 -27 -10 -29 -4
right_child=1 -3 8 4 13 6 10 11 18 -11 16 -13 -14 17 15 -17 -18 -19 -20 20 21 -23 -24 24 25 26 -28 28 -30 -31
leaf_value=-3.8102325478174524 -0.28837971116861355 6.3722386395384092 -1.5797556657251222 0.99347478059169136 2.0948115801691531 1.0637906129232533 1.4051788872063413 -1.2222741202387852 0.54659112708536106 0.61820698458883505 -0.14393212507931138 0.72621917296293081 -5.4128411472633733 2.7054820218413966 -1.6479809648175205 0.31094342284970938 3.7973042342159204 -0.047313100333678908 -2.3380811695091381 0.14428386366648738 -0.95082131609523235 1.09036366828297 3.1688781941522111 -0.83192583521401964 0.13770457459478963 -2.7624597921123781 1.1737432090121616 -0.98588220451990771 0.40880724717455907 1.1695253506869221
leaf_weight=244 1124 373 103 385 755 915 205 384 180 330 1915 75 184 148 91 757 40 230 554 185 518 94 166 1143 558 166 87 195 113 56
leaf_count=244 1124 373 103 385 755 915 205 384 180 330 1915 75 184 148 91 757 40 230 554 185 518 94 166 1143 558 166 87 195 113 56
internal_value=0.000761773 0.00805592 -0.00872376 0.0062519 0.0127588 0.00258333 0.00564044 -0.0235923 -0.0057541 0.00581633 0.00124942 -0.0177795 -0.0214411 0.0199735 0.00611831 0.00129564 -0.00053681 0.00923483 -0.00718434 -0.00571051 0.00274896 -0.00391517 0.0143466 -0.00904625 -0.0113043 -0.003633 -0.0167323 0 -0.00841424 -0.0115625
internal_weight=12273 6938 5335 6565 2366 4199 3075 887 4448 489 2160 643 568 1133 1233 848 1955 378 3959 3405 963 612 351 2442 1954 811 253 488 308 159
internal_count=12273 6938 5335 6565 2366 4199 3075 887 4448 489 2160 643 568 1133 1233 848 1955 378 3959 3405 963 612 351 2442 1954 811 253 488 308 159
is_linear=0
shrinkage=0.05


Tree=54
num_leaves=31
num_cat=0
split_feature=3 8 15 15 11 1 11 10 10 12 1 3 11 11 10 8 12 0 15 11 11 12 12 1 1 8 13 12 12 11
split_gain=252.579 157.587 140.485 81.8452 79.1552 75.6213 52.6589 61.6265 50.2147 98.0129 66.8104 58.2817 43.6457 41.1085 38.9902 37.9676 32.5375 36.114 28.6016 37.8643 27.1312 23.4459 33.9049 47.2352 23.1905 21.8999 29.0632 21.573 20.9141 20.8018
threshold=10.032352941176471 4.5000000000000009 1873.3500000000001 1105.1550000000004 0.98899263613956456 -0.58347630718954235 0.9863035000474919 0.022575936829235418 -0.70898476237405783 0.74300049550786151 18.710212418300657 7.1500000000000012 -0.76696334127844745 -0.99700296666818056 -0.99866806308218525 4.5000000000000009 0.99831452020184319 21.457843137254905 1713.6600000000001 0.39629089145655322 0.21652257995689161 -0.878119045158818 -0.814291907305839 17.463357843137256 6.3194240196078439 5.5000000000000009 -0.95244002147885598 -0.98648013042059113 0.76558307451930629 0.68274389090025245
decision_type=2 2 8 10 2 2 2 2 2 2 2 2 2 2 2 2 2 2 8 2 2 2 2 2 2 2 2 2 2 2
left_child=1 8 5 -3 29 -2 15 -8 10 13 11 14 -11 -10 -1 -7 17 -14 19 -16 21 27 23 -23 -5 -26 -27 -15 -28 -4
right_child=2 3 4 24 -6 6 7 -9 9 12 -12 -13 16 20 18 -17 -18 -19 -20 -21 -22 22 -24 -25 25 26 28 -29 -30 -31
leaf_value=1.1245895228381131 2.7920922188697093 -2.8196377398571486 1.2054656338621557 -2.202106967540749 -1.4172612417836263 0.57381001972534029 -2.6182313978122238 2.1027621629823785 2.3819514250284612 -2.6947113558795937 1.0182835879895606 1.2929989506166635 -0.46662550774182138 -0.98967730750251803 -0.25050763067849857 -0.1638817655730577 -3.9866866071445148 1.5195939737087885 1.5508095858841557 -2.8549072985287069 0.76871308157112717 -8.1355125750821742 -0.2173698554534326 1.1957061578338937 -0.94938460951370873 -4.0362766931282072 0.6961847289059051 0.99137651117048342 -0.75994387358307458 3.3014344735585954
leaf_weight=118 375 999 178 103 82 1563 321 125 104 452 531 259 355 125 853 903 72 61 183 168 498 102 1620 40 724 49 313 244 91 750
leaf_count=118 375 999 178 103 82 1563 321 125 104 452 531 259 355 125 853 903 72 61 183 168 498 102 1620 40 724 49 313 244 91 750
internal_value=0.000319528 -0.00489771 0.0101094 -0.0160307 0.0264095 0.00509428 0.00236869 -0.0134228 -0.000509851 -0.00404192 0.0056318 0.000474083 -0.0179596 0.000749817 -0.00377929 0.00522902 -0.00756646 -0.00215827 -0.00647303 -0.00973581 -0.000475285 -0.00293152 -0.00533182 -0.0286713 -0.00765027 -0.00564516 0.00297357 0.00851351 0.00740741 0.0305705
internal_weight=12361 8064 4297 2279 1010 3287 2912 446 5785 3673 2112 1581 940 2733 1322 2466 488 416 1204 1021 2629 2131 1762 142 1280 1177 453 369 404 928
internal_count=12361 8064 4297 2279 1010 3287 2912 446 5785 3673 2112 1581 940 2733 1322 2466 488 416 1204 1021 2629 2131 1762 142 1280 1177 453 369 404 928
is_linear=0
shrinkage=0.05


Tree=55
num_leaves=31
num_cat=0
split_feature=14 14 15 7 0 10 10 12 1 0 15 1 15 11 6 7 0 11 0 12 1 12 10 11 7 3 11 10 0 11
split_gain=297.675 177.459 113.798 51.2243 47.2319 45.6575 64.0567 44.1623 34.2531 32.1349 30.8403 29.3431 28.3525 32.2694 30.7838 33.8968 28.6666 28.2319 40.848 28.1792 40.8171 26.6412 25.0028 23.6588 22.6874 22.5404 22.4127 30.7801 30.3354 20.1802
threshold=1375.8400000000001 1970.2450000000001 1017.3850000000001 19.500000000000004 10.422549019607844 -0.61913973745509387 -0.47558551945199218 -0.91597725483594616 -0.58347630718954235 1.4441176470588237 1857.7050000000002 23.824387254901961 1969.2100000000003 0.98899263613956456 243.56862745098042 7.5000000000000009 -3.229411764705882 -0.19337245081799007 8.5460784313725515 -0.88966636701142887 12.557843137254904 -0.85227431625818906 0.039769539193789977 0.73721509932751383 4.5000000000000009 18.650980392156868 0.97832380634958016 0.039769539193789977 1.0117647058823531 0.41202506375868281
decision_type=8 10 8 2 2 2 2 2 2 2 10 2 8 2 2 2 2 2 2 2 2 2 2 2 2 2 2 2 2 2
left_child=2 3 -1 4 7 17 -7 -2 -3 22 -10 19 14 23 15 16 -9 -4 -19 20 -8 -21 -5 -14 -6 26 28 -28 -23 -26
right_child=1 8 5 9 24 6 11 12 10 -11 -12 -13 13 -15 -16 -17 -18 18 -20 21 -22 25 -24 -25 29 -27 27 -29 -30 -31
leaf_value=-2.8435282314499606 1.9958818200716566 8.7938405648829256 0.46344495129801544 -0.47897115056941858 -1.3182494129640021 -3.0747459907777741 -1.7383739921858592 1.9084883073222956 0.80745689024844303 -0.55916457102305228 2.6428121921354375 0.96128713926452747 0.64712912166820624 -1.4418552093218751 -1.020195006331619 1.0052785674177529 -0.10146782096500716 0.46078122765289892 -0.72430723389408058 -8.9773459422661404 0.95585081175386222 2.0166076441677547 1.504811486373427 3.4822137338253016 0.32176973721595914 1.7085095591608139 -2.9968892662805047 1.507610961694303 -0.57033281900799015 -0.72964801197350093
leaf_weight=715 491 188 737 89 124 349 83 62 175 700 328 122 115 40 274 1124 900 263 541 75 153 59 152 231 1893 60 229 56 1740 286
leaf_count=715 491 188 737 89 124 349 83 62 175 700 328 122 115 40 274 1124 900 263 541 75 153 59 152 231 1893 60 229 56 1740 286
internal_value=0.000331849 0.00692876 -0.00879799 0.00435822 0.00619022 -0.00583035 -0.00949778 0.0100834 0.0309971 -0.00642251 0.0241071 -0.00676881 0.0076083 0.020155 0.0055485 0.00761859 0.000726895 0.00113489 -0.00534161 -0.0079601 0.00843882 -0.00970721 0.00929752 0.025072 0.000716146 -0.00867133 -0.00954436 -0.0225524 -0.00747222 0.00190367
internal_weight=12354 7172 5182 6481 5540 4467 2926 3237 691 941 503 2577 2746 386 2360 2086 962 1541 804 2455 236 2219 241 346 2303 2144 2084 285 1799 2179
internal_count=12354 7172 5182 6481 5540 4467 2926 3237 691 941 503 2577 2746 386 2360 2086 962 1541 804 2455 236 2219 241 346 2303 2144 2084 285 1799 2179
is_linear=0
shrinkage=0.05


Tree=56
num_leaves=31
num_cat=0
split_feature=15 15 1 7 7 11 0 10 1 13 11 3 3 11 11 12 1 10 12 11 10 10 7 15 10 15 11 10 3 10
split_gain=228.454 135.712 76.6873 59.3964 60.2532 46.9705 46.5103 44.3697 41.6224 60.703 40.9581 41.5439 40.9408 45.7625 41.4662 40.5647 30.2538 29.4274 34.269 27.2437 45.8639 25.7242 27.1844 25.0042 24.9114 27.23 24.8124 24.3081 23.1393 23.0811
threshold=1900.3100000000002 1058.9600000000003 -0.2280024509803921 22.500000000000004 4.5000000000000009 -0.76696334127844745 10.104901960784316 -0.59869031648930193 20.153880718954248 -0.65721521735223198 0.98899263613956456 10.497058823529414 10.373529411764709 0.98332250088165762 0.41202506375868281 -0.8983350073998303 1.8215482026143792 -0.61913973745509387 0.13612025994847315 0.99932962452255414 0.20180702842483325 0.9962888416657264 17.500000000000004 1575.4650000000004 -0.82415615971448097 875.92000000000007 -0.86548532668110156 0.022575936829235418 7.5098039215686301 -0.70898476237405783
decision_type=10 8 2 2 2 2 2 2 2 2 2 2 2 2 2 2 2 2 2 2 2 2 2 8 2 10 2 2 2 2
left_child=1 5 19 4 12 26 7 28 9 21 11 -2 14 23 17 -11 27 -4 -19 20 -3 22 -8 -14 -7 -26 -1 -9 -6 -10
right_child=10 2 3 -5 6 24 8 16 29 15 -12 -13 13 -15 -16 -17 -18 18 -20 -21 -22 -23 -24 -25 25 -27 -28 -29 -30 -31
leaf_value=-2.1700903028370138 0.76682581628853086 6.0754072966034478 0.059670365453905562 -0.79904825979679117 -0.21506636195550755 -2.058138313352845 0.6132571870498964 -1.2454385537072767 1.2066067224896189 0.19793373167404982 -1.2443196298551129 3.0094822154400731 0.28190969425415346 -2.8653968177299021 -2.2498307274814695 -1.508501449285268 0.39864848858808277 -0.34948954383439174 -1.6311988197962308 -3.869866755379002 1.157028118095593 -2.8473227136394144 -0.39857334733329142 -1.1571249226192208 -3.19753812730512 0.055864884852212526 -5.4723219285564939 0.99836592940569069 1.9840366061303145 0.15232760585023472
leaf_weight=214 345 180 362 410 105 198 1266 295 333 352 71 699 714 105 158 988 1823 338 256 46 267 131 320 89 123 409 189 147 566 871
leaf_count=214 345 180 362 410 105 198 1266 295 333 352 71 699 714 105 158 988 1823 338 256 46 267 131 320 89 123 409 189 147 566 871
internal_value=0.000420338 -0.00171908 0.000118542 -0.000867082 -3.7961e-05 -0.0181217 0.00210475 0.00694586 -0.00123182 -0.0043329 0.0219982 0.0244976 -0.00766189 0.000220022 -0.0140807 -0.0123043 0.00359665 -0.0101358 -0.0169748 0.019332 0.0231027 0.00189173 0.00365469 0.00429104 -0.0105335 -0.00487805 -0.0318069 -0.00812641 0.0182292 0.006639
internal_weight=12370 11255 10122 9629 9219 1133 7197 2936 4261 3057 1115 1044 2022 908 1114 1340 2265 956 594 493 447 1717 1586 803 730 532 403 442 671 1204
internal_count=12370 11255 10122 9629 9219 1133 7197 2936 4261 3057 1115 1044 2022 908 1114 1340 2265 956 594 493 447 1717 1586 803 730 532 403 442 671 1204
is_linear=0
shrinkage=0.05


Tree=57
num_leaves=31
num_cat=0
split_feature=8 3 6 11 7 6 6 7 0 11 11 6 11 0 3 1 12 8 0 3 7 7 8 6 2 12 12 12 12 11
split_gain=241.509 148.801 86.902 86.1832 68.5723 67.9204 62.734 50.4392 48.0265 50.7763 45.6392 39.138 31.2018 25.304 24.7073 24.7594 23.816 23.3091 22.3849 22.3484 21.2238 20.5738 20.2437 20.034 26.3228 22.8914 27.0259 19.344 24.3688 18.7723
threshold=4.5000000000000009 9.1754901960784334 1.0000000180025095e-35 -0.30164489695395946 7.5000000000000009 1.0000000180025095e-35 172.44117647058826 14.500000000000002 -2.2362745098039212 0.99138911339924218 0.99349222267034787 379.91176470588238 0.92519182738459482 18.83921568627451 12.65980392156863 6.2303921568627461 0.067682722635586057 2.5000000000000004 20.235294117647062 12.65980392156863 20.500000000000004 4.5000000000000009 1.5000000000000002 770.57843137254906 7.992156862745099 0.73430383941986921 0.96231527631374336 -0.51297808981038739 0.080548957663405765 1.0000000180025095e-35
decision_type=2 2 2 2 2 2 2 2 2 2 2 2 2 2 2 2 2 2 2 2 2 2 2 2 2 2 2 2 2 2
left_child=1 2 13 7 -5 8 -4 -2 -3 14 11 19 -6 -1 15 17 -11 -10 -9 -7 21 -16 -12 24 25 29 -27 -14 -29 -8
right_child=3 5 6 4 12 10 23 18 9 16 22 -13 27 -15 20 -17 -18 -19 -20 -21 -22 -23 -24 -25 -26 26 -28 28 -30 -31
leaf_value=-0.50514939442907691 -3.468122459982101 2.4490132710496484 1.0644602236498657 -1.1360504191670657 -0.15348670649374299 2.4291597899406501 -0.16241741356400327 -0.92779090703993461 0.12469922371832354 -3.5744527291065427 2.2003087341190737 -1.7350355753110991 3.858624504581428 0.35734246358972543 0.32607036593512934 0.35141822536355677 0.74426086792343549 -1.3497423224895329 0.41751721655281249 4.6534592562749593 -0.18068973957794016 2.2788827907300857 -1.58968430304339 -2.2178197474826447 1.4128256471659371 -1.2604969526119363 0.86612365560815763 -0.48742873265717324 2.5097570687401176 1.2132929647017592
leaf_weight=1781 731 215 1300 775 1239 543 780 244 196 139 56 45 50 187 374 595 45 137 179 416 170 328 96 253 129 350 125 116 148 485
leaf_count=1781 731 215 1300 775 1239 543 780 244 196 139 56 45 50 187 374 595 45 137 179 416 170 328 96 253 129 350 125 116 148 485
internal_value=0.000396631 0.00483078 -0.00031534 -0.0107379 -0.00519536 0.0130959 0.00449898 -0.0219048 0.00793182 0.00549118 0.0229041 0.0267662 0.000868726 -0.00868461 0.00805108 0.00236814 -0.0194595 -0.00853293 -0.00813679 0.0289063 0.0140893 0.0179232 -0.00261438 -0.000800754 0.000989305 -0.000631821 -0.00997899 0.0149206 0.00943396 0.0028831
internal_weight=12227 8745 5390 3482 2328 3355 3422 1154 2199 1984 1156 1004 1553 1968 1800 928 184 333 423 959 872 702 152 2122 1869 1740 475 314 264 1265
internal_count=12227 8745 5390 3482 2328 3355 3422 1154 2199 1984 1156 1004 1553 1968 1800 928 184 333 423 959 872 702 152 2122 1869 1740 475 314 264 1265
is_linear=0
shrinkage=0.05


Tree=58
num_leaves=31
num_cat=0
split_feature=14 14 8 8 14 14 3 15 10 12 6 1 3 11 11 13 6 15 6 12 10 3 14 12 1 12 3 15 1 3
split_gain=245.524 136.299 119.838 76.4808 69.4116 64.7324 38.8054 38.0082 37.3155 35.4349 33.7579 32.3531 36.9962 39.0198 29.4173 31.8724 30.291 28.715 28.1587 27.201 33.9886 26.0944 24.4057 23.0986 23.5233 23.2395 22.1519 29.413 22.0425 21.021
threshold=1541.3350000000003 2038.7350000000004 4.5000000000000009 3.5000000000000004 1114.1450000000002 1033.6350000000002 17.497058823529418 1888.6250000000002 -0.71504373327588355 -0.61998829497903662 0.67647058823529416 18.478308823529414 6.5990196078431378 0.39629089145655322 -0.99700296666818056 0.97263757644091875 701.19607843137271 1454.0950000000003 0.3235294117647059 0.98901264295277169 -0.49064630004295678 5.6872549019607854 1748.0450000000003 -0.049435780479547518 -1.2354779411764703 -0.3098332921407298 12.56764705882353 1786.1050000000002 10.676327614379085 14.516666666666667
decision_type=10 10 2 2 10 8 2 10 2 2 2 2 2 2 2 2 2 8 2 2 2 2 10 2 2 2 2 10 2 2
left_child=2 3 5 6 -4 10 9 8 11 -2 -1 12 13 -7 -10 16 18 22 29 20 -12 -20 -5 25 -25 -11 -19 -28 -27 -16
right_child=1 -3 4 17 -6 7 -8 -9 14 23 19 -13 -14 -15 15 -17 -18 26 21 -21 -22 -23 -24 24 -26 28 27 -29 -30 -31
leaf_value=-2.2224449892079234 1.3007898421038477 5.3602668124097823 -3.5054427686505734 0.46031761368665802 -0.67617922347658921 0.028521774777294697 3.5269992318886865 4.7897639779575005 2.190894040297144 0.5987312014175814 -4.2734745590453258 0.77312425860121725 0.78980651968661852 -2.7383460058985181 -0.31558185974568009 -1.9114886743770967 -3.038403892815734 -0.58880411080128858 0.15628747613287716 2.5650666273734433 0.46218688364101584 3.2427353846088636 4.1502224378189565 -1.4094574520207743 0.74766868210866733 -1.1510391053517084 -0.26667910299732966 1.2746518863294001 0.37497749665889163 0.60674882368413141
leaf_weight=328 656 364 605 388 1748 574 142 100 67 229 119 455 328 121 1349 272 229 810 801 40 160 199 106 44 1114 121 336 137 53 246
leaf_count=328 656 364 605 388 1748 574 142 100 67 229 119 455 328 121 1349 272 229 810 801 40 160 199 106 44 1114 121 336 137 53 246
internal_value=0.000600392 0.00988669 -0.0047985 0.00729998 -0.0142099 -0.000686584 0.0131992 0.0013391 0.000678587 0.0115645 -0.0155093 0.00723462 0.00229492 -0.00423851 -0.00238622 -0.00309977 -0.00152212 -0.000534308 1.92604e-05 -0.00390625 -0.00946429 0.00659341 0.00969697 0.00745839 0.011044 -0.00284653 -0.00447819 0.00411392 -0.0165714 -0.00410401
internal_weight=12241 4500 7741 4136 2353 5388 2359 4741 4641 2217 647 1478 1023 695 3163 3096 2824 1777 2595 319 279 1000 494 1561 1158 403 1283 473 174 1595
internal_count=12241 4500 7741 4136 2353 5388 2359 4741 4641 2217 647 1478 1023 695 3163 3096 2824 1777 2595 319 279 1000 494 1561 1158 403 1283 473 174 1595
is_linear=0
shrinkage=0.05


Tree=59
num_leaves=31
num_cat=0
split_feature=14 14 8 14 3 8 8 10 6 6 1 15 15 10 12 10 6 8 1 14 10 10 15 0 11 1 10 6 13 11
split_gain=218.102 137.305 108.586 87.7157 45.5599 45.21 37.3502 34.6131 34.2716 44.7757 33.0972 28.6822 27.9972 27.8635 28.7037 25.2536 23.4072 22.6994 30.6431 27.2588 24.3095 24.2242 22.0955 21.7064 38.5067 23.1065 21.5075 20.6378 20.3008 17.6856
threshold=1387.3050000000003 2038.7350000000004 4.5000000000000009 1019.0500000000001 12.65980392156863 4.5000000000000009 1.5000000000000002 -0.71504373327588355 1.0000000180025095e-35 46.137254901960794 0.63282271241830068 1422.3200000000002 1052.6650000000002 -0.68430824382591193 -0.8983350073998303 -0.99763297024448894 11.990196078431374 1.5000000000000002 2.6485498366013078 1866.9300000000001 -0.13398594226331254 -0.05695216311707673 1172.1400000000001 9.8245098039215701 0.39629089145655322 20.153880718954248 0.20180702842483325 247.82352941176472 0.51849435583340198 -0.3744658827978154
decision_type=8 10 2 10 2 2 2 2 2 2 2 10 10 2 2 2 2 2 2 10 2 2 10 2 2 2 2 2 2 2
left_child=3 2 4 6 8 7 16 23 -2 11 26 -10 -7 -9 -15 -12 -1 -6 19 21 -20 -19 -11 -5 25 -25 -4 -14 29 -8
right_child=1 -3 10 5 17 12 28 13 9 22 15 -13 27 14 -16 -17 -18 18 20 -21 -22 -23 -24 24 -26 -27 -28 -29 -30 -31
leaf_value=-1.662958197628666 -0.075953757947712586 4.9660864792074566 3.0190084159021016 0.8751944326792569 2.5305792356781356 -1.7907950040489427 -5.4418675582927793 -4.4864086391963216 4.4225127077843238 2.1150619071221683 2.5400574376523539 1.0812609125621522 -0.29426641830908695 0.58300162808898226 -0.3891114966004125 -0.71644178335391195 -0.055903103924936207 -1.0870068980469456 2.1353507660117659 1.5087941135001417 0.46721068208588012 0.32535663957467026 0.25554501198613483 0.027095686038427404 -2.9944554041704294 0.96953051363620946 -0.35449188104976204 -3.5586172610130973 -1.2452383628034114 -1.9287659560497787
leaf_weight=211 1132 376 107 218 460 504 285 64 109 152 41 579 727 219 1862 1526 225 92 157 123 154 202 1619 494 70 188 87 151 59 59
leaf_count=211 1132 376 107 218 460 504 285 64 109 152 41 579 727 219 1862 1526 225 92 157 123 154 202 1619 494 70 188 87 151 59 59
internal_value=0.000342773 0.00620211 0.00451001 -0.00725126 0.0084205 -0.00447977 -0.0220833 -0.00113928 0.00560969 0.00892276 -0.00610102 0.0197388 -0.0120029 -0.00468313 -0.00367435 -0.00851403 -0.0118993 0.016905 0.0113855 0.00251196 0.0232372 -0.00576271 0.00471219 0.00669413 0.00265604 0.00629575 0.0133333 -0.00659841 -0.0330446 -0.0376812
internal_weight=12252 6916 6540 5336 4779 4497 839 3115 3591 2459 1761 688 1382 2145 2081 1567 436 1188 728 417 311 294 1771 970 752 682 194 878 403 344
internal_count=12252 6916 6540 5336 4779 4497 839 3115 3591 2459 1761 688 1382 2145 2081 1567 436 1188 728 417 311 294 1771 970 752 682 194 878 403 344
is_linear=0
shrinkage=0.05


Tree=60
num_leaves=31
num_cat=0
split_feature=14 14 8 8 7 8 6 7 15 6 7 8 3 6 8 2 13 14 14 3 7 14 7 15 7 8 7 14 15 15
split_gain=226.154 149.577 91.4831 69.7677 47.6982 41.7043 40.0219 49.8373 45.1532 44.5375 38.0408 74.504 37.5747 29.7402 28.4937 28.0122 42.0389 25.0177 24.2863 23.3481 23.0177 26.7222 21.1749 20.4746 19.3681 30.5334 27.0262 19.3118 19.1726 18.8793
threshold=1961.595 1114.1450000000002 4.5000000000000009 1.5000000000000002 18.500000000000004 4.5000000000000009 335.81372549019608 5.5000000000000009 1262.1300000000003 46.137254901960794 14.500000000000002 5.5000000000000009 11.373529411764707 1.0000000180025095e-35 1.5000000000000002 7.992156862745099 -0.65721521735223198 1923.115 975.36500000000012 9.7656862745098056 8.5000000000000018 982.45500000000004 21.500000000000004 944.57500000000016 1.5000000000000002 5.5000000000000009 5.5000000000000009 1419.5450000000003 1245.2850000000001 1567.6850000000002
decision_type=10 8 2 2 2 2 2 2 10 2 2 2 2 2 2 2 2 8 10 2 2 10 2 10 2 2 2 10 10 10
left_child=1 3 4 13 6 12 7 17 -9 29 23 22 -2 18 19 16 27 -3 -1 -11 -5 -22 -12 -4 25 -25 -26 -8 -6 -10
right_child=5 2 10 20 28 -7 15 8 9 14 11 -13 -14 -15 -16 -17 -18 -19 -20 -21 21 -23 -24 24 26 -27 -28 -29 -30 -31
leaf_value=-2.5515298798445487 0.79134991452164627 0.14240444326164833 -4.1018235085341646 -3.0623694970066824 0.26248250794999423 0.42552194039982399 -0.45547032167355611 4.6015971212456632 3.695217846661194 0.5377512420614835 -0.57512077277849583 0.90090727419718641 3.78834804665633 0.44588270809341568 -0.082630111376226986 2.4161987919419516 -1.435452358489431 -5.6027175496869184 -0.26394728506308524 2.7679718333734344 -5.2557634010672816 -1.1235867050668931 -1.6833228719439035 0.86435147302410087 -1.1553619802619381 -0.92616272941130551 -0.73475364424026568 1.6830318422991752 -0.29403903688003086 1.0799710417267023
leaf_weight=118 142 1595 163 400 353 142 127 239 186 399 465 534 448 385 767 142 622 63 308 158 185 314 117 124 432 77 877 302 1337 790
leaf_count=118 142 1595 163 400 353 142 127 239 186 399 465 534 448 385 767 142 622 63 308 158 185 314 117 124 432 77 877 302 1337 790
internal_value=0.000215237 -0.00148964 0.000876393 -0.0151373 0.00389775 0.0271487 0.00619551 0.00849214 0.0128937 0.0107345 -0.00679211 0.000358102 0.0329949 -0.00449507 0.00475472 -0.00188442 -0.00470532 0.00174804 -0.0135831 0.0133513 -0.0247222 -0.0175 -0.0120069 -0.0115591 -0.00972866 0.00470297 -0.0119466 0.00732558 -0.00342992 0.0188332
internal_weight=12311 11579 9869 1710 7080 732 5390 4197 2539 2300 2789 1116 590 811 1324 1193 1051 1658 426 557 899 499 582 1673 1510 201 1309 429 1690 976
internal_count=12311 11579 9869 1710 7080 732 5390 4197 2539 2300 2789 1116 590 811 1324 1193 1051 1658 426 557 899 499 582 1673 1510 201 1309 429 1690 976
is_linear=0
shrinkage=0.05


Tree=61
num_leaves=31
num_cat=0
split_feature=14 8 14 15 7 6 8 7 8 14 7 7 11 6 11 12 12 12 14 8 12 12 10 2 11 12 8 14 7 15
split_gain=207.335 148.38 77.8048 76.5837 46.8088 43.5388 43.8658 40.7983 56.1847 40.5111 40.1903 39.3645 37.7557 36.6008 32.753 32.0783 74.7951 30.4779 30.4089 27.8054 25.6931 25.9754 23.0316 23.2293 22.6306 23.4528 22.3458 21.2757 20.9198 20.6273
threshold=1961.595 4.5000000000000009 1019.0500000000001 1017.3850000000001 19.500000000000004 701.19607843137271 1.5000000000000002 15.500000000000002 5.5000000000000009 2052.4150000000004 3.5000000000000004 2.5000000000000004 0.99138911339924218 172.44117647058826 0.98486764554468398 -0.8983350073998303 -0.83377653105606597 0.99831452020184319 1110.0450000000003 1.0000000180025095e-35 0.98901264295277169 0.86440767487108461 -0.99866806308218525 8.018627450980393 -0.5129677127369543 -0.0053757035942445328 3.5000000000000004 1137.9050000000004 21.500000000000004 1353.6800000000003
decision_type=10 2 8 10 2 2 2 2 2 10 2 2 2 2 2 2 2 2 10 2 2 2 2 2 2 2 2 10 2 10
left_child=1 2 11 27 5 6 10 18 28 26 19 -1 14 29 15 -8 -17 22 -5 -4 21 24 -18 -24 -13 -26 -2 -3 -9 -12
right_child=9 3 4 7 -6 -7 12 8 -10 -11 13 20 -14 -15 -16 16 17 -19 -20 -21 -22 -23 23 -25 25 -27 -28 -29 -30 -31
leaf_value=-2.3546466453407904 2.0270235031538619 -3.3704657865649383 -1.2813573768149809 -4.0375570416599089 -0.18685815490314894 -1.7786048441103504 0.91810991291068833 -0.25024614502750636 0.75603958500718138 5.0799188056133291 4.5403341439606271 1.0296522481600563 -1.5440080278543065 0.57569872293752267 3.0434667885439013 -4.0536601831575698 2.5071867195995541 -1.6806512131401292 -0.79232521938780565 0.21355281654826969 1.7215452450358555 -3.5396422045066629 0.17800691695560433 2.4293743596036905 -8.5619991052878284 1.0896880381710048 0.22945804074554987 -1.577613345014828 -1.3422994298018354 1.4155480052275493
leaf_weight=191 253 397 145 143 1432 329 461 399 501 324 142 124 190 637 56 141 77 76 1457 254 52 99 2582 50 75 53 162 316 108 1039
leaf_count=191 253 397 145 143 1432 329 461 399 501 324 142 124 190 637 56 141 77 76 1457 254 52 99 2582 50 75 53 162 316 108 1039
internal_value=0.000493233 -0.00115381 0.00245552 -0.0100692 0.00381634 0.00570388 0.00669971 -0.00609429 0.00178394 0.0261486 0.0122408 -0.014958 0.00331591 0.0153931 0.0045151 0.00388135 0.00194739 0.0037509 -0.0110556 -0.002125 -0.00606436 -0.0109375 0.004631 0.00383593 -0.00237154 -0.0170543 0.0157452 -0.0245798 -0.00994094 0.0206007
internal_weight=12265 11526 8205 3321 7611 6179 5850 2608 1008 739 2217 594 3633 1818 3443 3387 2926 2785 1600 399 403 351 2709 2632 252 128 415 713 507 1181
internal_count=12265 11526 8205 3321 7611 6179 5850 2608 1008 739 2217 594 3633 1818 3443 3387 2926 2785 1600 399 403 351 2709 2632 252 128 415 713 507 1181
is_linear=0
shrinkage=0.05


Tree=62
num_leaves=31
num_cat=0
split_feature=14 8 14 15 7 8 7 8 14 7 6 7 15 8 15 14 14 11 7 7 6 5 13 15 13 8 0 5 7 7
split_gain=173.864 140.697 86.6571 79.2905 56.1745 64.6028 49.3643 77.9713 41.2435 31.2835 30.4645 36.937 31.992 29.9209 29.6923 35.9661 26.6622 24.4742 23.0853 29.9506 23.1205 22.7934 22.5695 27.517 22.503 22.0529 21.9245 21.9223 21.8149 21.2638
threshold=2052.4150000000004 4.5000000000000009 1390.9250000000004 1017.3850000000001 18.500000000000004 1.0000000180025095e-35 15.500000000000002 5.5000000000000009 997.88000000000022 2.5000000000000004 65.87254901960786 5.5000000000000009 1564.3200000000002 1.5000000000000002 1248.5100000000002 1223.0050000000003 1078.9000000000003 0.8852232634113919 1.5000000000000002 7.5000000000000009 58.656862745098046 16.341361207227994 0.5475998096715059 1620.0400000000002 1.0000000180025095e-35 5.5000000000000009 3.2754901960784317 32.280114571318727 22.500000000000004 19.500000000000004
decision_type=10 2 8 10 2 2 2 2 10 2 2 2 10 2 8 10 10 2 2 2 2 2 2 10 2 2 2 2 2 2
left_child=1 2 8 -3 5 -4 16 29 9 -1 11 -7 -13 17 24 -16 -5 21 25 -20 -21 28 23 -17 -15 -18 -14 -6 -10 -8
right_child=-2 3 4 6 27 10 7 -9 13 -11 -12 12 26 14 15 22 18 -19 19 20 -22 -23 -24 -25 -26 -27 -28 -29 -30 -31
leaf_value=-2.5677369486906514 4.516896042837959 -2.6202055819592602 3.4663686701986083 -4.6929385244858226 -0.29703497741959384 0.14488384891991474 -0.029249614231196121 0.86165684898115846 0.32424830761509615 -0.81619441934873294 0.24937647380459113 4.2980194068211235 2.3041485444219805 0.38984639361210044 -2.4034472684716661 -0.33164673457240501 0.89600229004713583 -1.0696907389467925 -1.0841075743369686 1.026487856394158 -1.1235203875845969 1.6114460379295339 0.37313125725006557 -4.6767988813512948 -0.38248970790839398 -0.81596058672603256 0.41652811512424254 1.7693955760420979 -0.61435648209858307 -1.2457225846778783
leaf_weight=145 323 694 397 104 897 697 286 518 1151 359 1665 230 206 420 237 468 127 147 644 106 661 110 176 56 373 68 682 78 89 252
leaf_count=145 323 694 397 104 897 697 286 518 1151 359 1665 230 206 420 237 468 127 147 644 106 661 110 176 56 373 68 682 78 89 252
internal_value=0.000121291 -0.000851046 0.00258038 -0.00936146 0.00698537 0.00968283 -0.00556559 0.00293283 -0.00314845 -0.0164356 0.00749785 0.0119769 0.017605 -0.00106877 -0.00554593 -0.0115672 -0.0108124 0.00410547 -0.00920971 -0.0114377 -0.0047526 0.00621762 -0.00584879 -0.0110476 0.00157431 0.00688776 0.0132733 -0.00373975 0.00427075 -0.0103896
internal_weight=12366 12043 8583 3460 4852 3877 2766 1056 3731 504 3480 1815 1118 3227 1730 937 1710 1497 1606 1411 767 1350 700 524 793 195 888 975 1240 538
internal_count=12366 12043 8583 3460 4852 3877 2766 1056 3731 504 3480 1815 1118 3227 1730 937 1710 1497 1606 1411 767 1350 700 524 793 195 888 975 1240 538
is_linear=0
shrinkage=0.05


Tree=63
num_leaves=31
num_cat=0
split_feature=14 8 14 7 14 15 1 6 7 13 12 12 6 12 10 10 13 13 8 14 7 14 15 1 13 12 1 0 10 15
split_gain=183.421 126.125 90.9175 69.9291 55.6557 44.1023 38.4767 33.9322 63.3216 33.6109 31.8313 48.0935 30.996 28.6585 34.6978 33.696 28.0519 31.9461 27.503 25.8903 24.5863 23.6047 23.9052 22.8774 30.3409 41.4006 27.7843 24.8683 24.1557 21.7355
threshold=1977.3300000000002 3.5000000000000004 1114.1450000000002 2.5000000000000004 997.88000000000022 1969.2100000000003 -0.58347630718954235 204.76470588235296 18.500000000000004 0.95938053495154851 -0.98946429056429952 -0.8983350073998303 254.40196078431373 -0.75509343415210373 0.95752911693909493 0.94978112945126536 0.99683437150207233 0.99351059783078122 4.5000000000000009 948.34000000000003 4.5000000000000009 1053.4300000000003 1731.7200000000003 22.247630718954252 -0.58481178939031186 -0.91597725483594616 6.5443627450980406 15.935294117647059 0.8697513045430848 1530.0750000000003
decision_type=10 2 10 2 10 8 2 2 2 2 2 2 2 2 2 2 2 2 2 8 2 8 10 2 2 2 2 2 2 8
left_child=1 3 19 4 -1 7 -2 8 20 -7 -4 12 -12 -13 15 16 17 -15 -8 -3 -5 -10 -23 24 26 -26 -9 -28 -27 -6
right_child=6 2 10 5 29 9 18 23 21 -11 11 13 -14 14 -16 -17 -18 -19 -20 -21 -22 22 -24 -25 25 28 27 -29 -30 -31
leaf_value=-2.9186708567218491 6.6192417250050433 -5.9418541194526231 -1.1858461985904227 0.14169643612757454 -0.076708927756908463 2.2843364644536108 1.9607194938010708 -4.2779314193769666 -2.3152221495303822 -1.4953506328265975 0.95688991964897241 -1.3445041192699365 -2.3065457837480667 -0.2014111109587475 -1.4697556276227262 1.2180898707387486 -2.8906433337731019 3.2368052905477498 -0.15714209793759437 -1.7216141015410813 1.1701009533704052 0.1159648717669029 -1.0555767238349631 0.72307784566538091 1.5989869935323668 -1.1479018102818033 1.8423787998241892 -0.28275562561500467 -7.4756310480167372 -2.7958544573001181
leaf_weight=149 187 180 169 587 667 475 353 63 53 42 283 247 60 2778 473 112 44 96 125 569 1658 1163 155 262 149 555 275 255 63 44
leaf_count=149 187 180 169 587 667 475 353 63 53 42 283 247 60 2778 473 112 44 96 125 569 1658 1163 155 262 149 555 275 255 63 44
internal_value=0.000231858 -0.0012299 -0.00721269 0.0033026 -0.00998839 0.00529013 0.0257508 0.00391296 0.00660769 0.0192085 -0.00438658 -0.00350513 0.0143895 -0.00514529 -0.00398116 -0.00201254 -0.00304899 -0.00243478 0.0181628 -0.0232667 0.0117765 -0.0018586 -0.000530705 -0.00209489 -0.00470242 -0.011263 0.00378788 0.00753296 -0.0169628 -0.00414326
internal_weight=12291 11626 5011 6615 860 5755 665 5238 3616 517 4262 4093 343 3750 3503 3030 2918 2874 478 749 2245 1371 1318 1622 1360 767 593 530 618 711
internal_count=12291 11626 5011 6615 860 5755 665 5238 3616 517 4262 4093 343 3750 3503 3030 2918 2874 478 749 2245 1371 1318 1622 1360 767 593 530 618 711
is_linear=0
shrinkage=0.05


Tree=64
num_leaves=31
num_cat=0
split_feature=14 8 14 7 14 14 3 11 0 11 10 1 7 12 7 10 10 7 7 1 10 1 7 11 11 11 0 1 8 12
split_gain=160.714 96.041 85.6143 65.4107 51.7586 46.0847 45.0216 30.7023 32.091 42.4885 36.7919 29.1441 28.4242 31.965 26.7386 26.2631 26.7631 26.1886 86.4239 24.6887 24.6752 36.1079 23.4886 21.7227 21.3567 26.3221 20.1303 21.5194 19.9892 19.7105
threshold=1648.9500000000003 4.5000000000000009 2052.4150000000004 13.500000000000002 982.45500000000004 1083.1600000000003 13.002941176470591 -0.99700296666818056 9.9127450980392169 0.9863035000474919 -0.05695216311707673 5.9820874183006536 2.5000000000000004 0.99049901459377832 17.500000000000004 -0.21861968191509915 -0.34235669412071207 4.5000000000000009 18.500000000000004 13.81107026143791 -0.75015329512557194 18.710212418300657 21.500000000000004 0.39629089145655322 -0.39827153806311183 -0.73284120334876357 -2.2362745098039212 2.5424836601307192 1.0000000180025095e-35 -0.97876850416056738
decision_type=10 2 10 2 8 10 2 2 2 2 2 2 2 2 2 2 2 2 2 2 2 2 2 2 2 2 2 2 2 2
left_child=1 4 6 5 12 -3 15 -6 9 17 -11 -10 -1 -14 20 16 -2 -9 -19 -16 21 23 -5 -13 25 -22 -12 -28 -8 -7
right_child=2 3 -4 22 7 29 28 8 11 10 26 14 13 -15 19 -17 -18 18 -20 -21 24 -23 -24 -25 -26 -27 27 -29 -30 -31
leaf_value=-2.572066777135956 0.441586003565061 -4.2188850362753758 4.3805634939595164 0.16029893332798795 2.0726704457899872 -1.8131909825058188 6.0397230152696242 0.10561037579399227 -5.3751905805573017 -2.634290288455361 1.3704180745719896 0.18998931621102885 -1.7407978398130923 2.4371848855770963 -1.0382786075004504 -0.13381555149887278 1.6426023555795042 3.8918883769271759 0.079644954650518685 -0.16275961577243836 -0.24719980033440267 0.99673214047537617 -0.7382184565602472 -1.8704624484973467 0.64029048544707623 -3.7980215202782688 -1.467569146288122 2.1087576071020524 1.0992652944795338 -0.93131238035182384
leaf_weight=115 814 330 325 834 80 68 78 945 40 113 41 553 283 41 194 1104 93 456 626 708 882 337 294 105 406 200 151 53 828 1177
leaf_count=115 814 330 325 834 80 68 78 945 40 113 41 553 283 41 194 1104 93 456 626 708 882 337 294 105 406 200 151 53 828 1177
internal_value=0.000350305 -0.0030776 0.00989824 -0.0109652 0.000292259 -0.0175444 0.00717958 0.00152775 0.00110136 0.00555323 -0.0103064 -0.00199942 -0.01625 -0.00861538 -0.00149144 0.00300696 0.00930617 0.00835799 0.0136657 -0.00885936 0.0011876 0.00727912 -0.00177148 0.000455235 -0.00288784 -0.00655586 0.000609756 -0.00585366 0.0164278 -0.013122
internal_weight=12274 9032 3242 2703 6329 1575 2917 5890 5810 2385 358 3425 439 324 3385 2011 907 2027 1082 902 2483 995 1128 658 1488 1082 245 204 906 1245
internal_count=12274 9032 3242 2703 6329 1575 2917 5890 5810 2385 358 3425 439 324 3385 2011 907 2027 1082 902 2483 995 1128 658 1488 1082 245 204 906 1245
is_linear=0
shrinkage=0.05


Tree=65
num_leaves=31
num_cat=0
split_feature=14 14 15 10 10 13 10 7 3 7 14 6 10 12 12 15 1 14 3 14 7 10 1 15 0 15 13 0 12 15
split_gain=151.254 122.684 55.2288 60.0863 87.4269 50.6147 51.6 40.4624 43.2728 32.0884 28.7826 28.6519 27.6198 37.1701 31.8744 33.2029 30.5087 26.1641 26.0207 24.6868 24.6777 23.6737 51.2931 22.6471 21.5343 22.5967 27.5382 21.3897 20.4161 19.5484
threshold=2052.4150000000004 1246.2550000000003 1017.3850000000001 -0.60554068365937697 1.0000000180025095e-35 -0.40613878790836594 0.89404822654372251 21.500000000000004 13.002941176470591 4.5000000000000009 1763.9850000000001 824.21568627450995 0.97696484778429815 0.59866263443171663 -0.091260668982868151 1935.8000000000002 6.7952614379084979 2026.1650000000002 6.9362745098039227 1246.2550000000003 5.5000000000000009 -0.048361574224334618 3.1113970588235293 1497.1850000000002 29.125490196078434 2024.2750000000003 0.029024409397335523 5.1784313725490199 0.86972315351350449 1591.1800000000003
decision_type=10 8 10 2 2 2 2 2 2 2 8 2 2 2 2 8 2 8 2 10 2 2 2 8 2 10 2 2 2 8
left_child=1 2 20 28 -5 6 -6 8 9 19 -10 12 13 14 15 17 -14 18 -11 -3 -1 -16 -23 -21 25 26 -15 -8 -4 -9
right_child=-2 7 3 4 5 -7 27 29 10 11 -12 -13 16 24 21 -17 -18 -19 -20 23 -22 22 -24 -25 -26 -27 -28 -29 -30 -31
leaf_value=-2.2841495998871211 4.063529858300706 -7.0124123808502361 0.015665140184796655 -1.9568598092528362 -6.4926524443157412 0.53504587225751832 1.8697442513912961 -0.34898584709246738 0.29989667933537023 -0.32037684271537048 1.6191287747722982 -3.9672422812110995 -2.2881335942906502 0.016476395126960596 0.62405849392757773 1.732888819257471 -0.15647712908096878 3.2255584301933142 0.5253425509246995 -0.077923019727631992 -1.4575633182957632 -1.1204044588594115 2.5164122542213594 -1.6370069586443379 1.7311736621434193 1.6476387694872359 -0.80208999969988781 -0.83999489151419771 0.79141279550581212 -1.7279991777434589
leaf_weight=332 327 52 706 602 101 486 45 430 1163 1209 677 79 83 1005 678 279 464 109 742 496 423 52 225 119 70 96 515 394 257 60
leaf_count=332 327 52 706 602 101 486 45 430 1163 1209 677 79 83 1005 678 279 464 109 742 496 423 52 225 119 70 96 515 394 257 60
internal_value=0.000496864 -0.000422594 -0.00854497 -0.0050733 -0.0109269 -0.00204479 -0.0125693 0.0027371 0.00358023 0.00160185 0.0103205 0.00283574 0.0032652 0.00443686 0.00752656 0.00438034 -0.00739051 0.00218341 0.000845287 -0.00875749 -0.0204365 0.0152197 0.027518 -0.00592532 -0.00160047 -0.00278293 -0.0042735 -0.00511364 0.00482365 -0.0112016
internal_weight=12276 11949 3346 2591 1628 1026 540 8603 8113 6273 1840 5606 5527 4980 3294 2339 547 2060 1951 667 755 955 277 615 1686 1616 1520 439 963 490
internal_count=12276 11949 3346 2591 1628 1026 540 8603 8113 6273 1840 5606 5527 4980 3294 2339 547 2060 1951 667 755 955 277 615 1686 1616 1520 439 963 490
is_linear=0
shrinkage=0.05


Tree=66
num_leaves=31
num_cat=0
split_feature=14 8 14 7 14 7 8 3 13 14 13 5 7 8 1 7 13 12 12 1 1 11 8 7 10 12 14 13 12 1
split_gain=135.983 100.212 73.1676 59.2389 53.1866 41.5266 38.2813 39.7142 30.4032 29.7322 30.1601 28.629 30.6241 27.9045 27.7502 27.4011 26.6081 47.4808 37.6042 29.2261 28.2078 24.9527 24.3501 23.6725 23.1038 23.0278 22.0685 19.777 19.77 19.084
threshold=2011.825 3.5000000000000004 1078.9000000000003 2.5000000000000004 948.34000000000003 20.500000000000004 1.0000000180025095e-35 7.5098039215686301 -0.69830365819682616 1936.5900000000001 0.99971796171254768 14.724157054978857 21.500000000000004 1.0000000180025095e-35 -0.2280024509803921 7.5000000000000009 -0.58481178939031186 -0.91597725483594616 -0.83377653105606597 6.7450163398692817 22.724591503267977 0.99138911339924218 5.5000000000000009 4.5000000000000009 0.039769539193789977 0.95566275305367776 1564.2050000000002 -0.9575230291762723 0.95566275305367776 24.313316993464053
decision_type=10 2 10 2 10 2 2 2 2 8 2 2 2 2 2 2 2 2 2 2 2 2 2 2 2 2 10 2 2 2
left_child=1 3 8 4 -1 6 7 27 -3 10 16 12 -4 -6 -2 22 19 -18 26 -8 25 23 -13 -9 -17 -20 -19 -5 -16 -10
right_child=14 2 11 5 13 -7 9 21 29 -11 -12 15 -14 -15 28 24 17 18 20 -21 -22 -23 -24 -25 -26 -27 -28 -29 -30 -31
leaf_value=-4.4119092922401935 6.3272131993714424 0.38426155140227825 -0.38042207070800488 -1.3973257227088483 -1.2433970303680155 -0.25776744208145602 -1.2999446398980752 0.3327757104891248 -4.0964643340204132 1.5772943925538812 3.2541923126858365 0.11070920977739435 -1.0862927802480555 -0.00743716247123416 1.898246669684619 -0.043885649975504752 0.91352031391797939 -8.2804599028575421 -0.50633260520353363 0.74527493996028515 0.97369518998719973 -0.94728587687052368 -0.91163978413294444 3.9702720195655505 1.5418492854457213 0.43841234847095056 -0.19000895288197628 0.7810457977369879 -0.98197431902237331 -0.42541199554502784
leaf_weight=83 155 84 3049 96 158 867 122 77 415 344 42 331 218 634 262 298 410 84 1133 1156 231 54 182 381 358 220 41 642 40 81
leaf_count=83 155 84 3049 96 158 867 122 77 415 344 42 331 218 634 262 298 410 84 1133 1156 231 54 182 381 358 220 41 642 40 81
internal_value=1.63279e-05 -0.00102188 -0.00637831 0.00294421 -0.0091895 0.00474496 0.0064859 0.0140687 -0.0230637 0.00397727 0.00257267 -0.00419202 -0.00659425 -0.00517024 0.0267467 0.00252137 0.00204532 -0.00139151 -0.00505848 0.00774042 -0.0029653 0.0247563 -0.0061284 0.0285403 0.00928463 -0.00572378 -0.0313492 0.00663058 0.0178218 -0.0277666
internal_weight=12248 11791 5016 6775 875 5900 5033 1250 580 3783 3439 4436 3267 792 457 1169 3397 2119 1709 1278 1584 512 513 458 656 1353 125 738 302 496
internal_count=12248 11791 5016 6775 875 5900 5033 1250 580 3783 3439 4436 3267 792 457 1169 3397 2119 1709 1278 1584 512 513 458 656 1353 125 738 302 496
is_linear=0
shrinkage=0.05


Tree=67
num_leaves=31
num_cat=0
split_feature=14 14 15 10 10 13 12 0 7 6 7 15 12 0 12 7 10 10 10 12 10 15 12 14 10 10 3 12 3 13
split_gain=135.891 103.359 47.0981 55.1991 80.9508 48.0734 45.6507 41.8449 48.5164 34.4163 56.008 35.4434 32.2361 29.6645 28.5677 27.8919 23.6917 38.1553 26.6371 22.0562 21.8688 21.577 20.7649 20.6516 22.58 21.2358 21.8945 20.4752 32.5225 35.4253
threshold=2052.4150000000004 1246.2550000000003 1004.5050000000001 -0.60554068365937697 1.0000000180025095e-35 -0.40613878790836594 -0.75509343415210373 -2.2362745098039212 19.500000000000004 316.60784313725497 5.5000000000000009 2052.4150000000004 -0.8983350073998303 19.726470588235298 -0.8431462759492121 5.5000000000000009 -0.54220184589352438 0.90892735371523092 0.96687895796550427 0.90159200968320541 0.97696484778429815 1839.1400000000001 -0.63172727744526391 1908.5400000000002 -0.18492532721306487 0.49812943072827093 15.548039215686275 0.66527693225344786 13.44607843137255 -0.016126424138694709
decision_type=10 8 10 2 2 2 2 2 2 2 2 8 2 2 2 2 2 2 2 2 2 10 2 8 2 2 2 2 2 2
left_child=1 2 15 19 -5 6 -6 -3 9 10 23 12 -12 -10 21 -1 -11 -18 -19 -4 27 -14 -8 24 -9 -26 -27 -16 29 -29
right_child=-2 7 3 4 5 -7 22 8 13 16 11 -13 14 -15 20 -17 17 18 -20 -21 -22 -23 -24 -25 25 26 -28 28 -30 -31
leaf_value=-2.3283017465102094 3.7824366008134462 1.8353152499930161 -0.023525172108969629 -1.8996794722076515 -6.17978629698215 0.47875257101927104 1.2010878332799735 0.17414403453554997 -0.40558827957705718 0.45033727619912156 1.4381738479341495 2.5265511863768442 -2.5899642250265575 0.81397021856930685 0.70122399065152197 -1.332931950663351 -1.647672860168484 2.2620683442605696 -0.52860520137924139 0.71952467410710597 -0.62914599575225338 0.64930134990314059 -0.6620747583235812 -4.3220512971944514 -0.83676254311351395 -0.33281246112134116 1.3498092006155902 0.26370057329664293 1.8436294428346458 -0.64795250511658653
leaf_weight=294 327 273 696 651 115 488 45 609 1201 508 553 299 76 53 1838 397 619 139 225 271 269 42 357 90 236 521 70 456 140 399
leaf_count=294 327 273 696 651 115 488 45 609 1201 508 553 299 76 53 1838 397 619 139 225 271 269 42 357 90 236 521 70 456 140 399
internal_value=0.000110132 -0.000762719 -0.00826546 -0.00520198 -0.0107423 -0.00183897 -0.0124517 0.00212371 0.00149209 0.00309591 0.00489373 0.00795482 0.00663752 -0.00756972 0.00471903 -0.0198699 -0.00365282 -0.00818089 0.00465753 0.00428719 0.0056397 -0.0193277 -0.0044665 -0.00327439 -0.00180932 -0.00718599 -0.00211149 0.00693366 0.00115462 -0.00251168
internal_weight=12257 11930 3314 2623 1656 1005 517 8616 8343 7089 5598 4072 3773 1254 3220 691 1491 983 364 967 3102 118 402 1526 1436 827 591 2833 995 855
internal_count=12257 11930 3314 2623 1656 1005 517 8616 8343 7089 5598 4072 3773 1254 3220 691 1491 983 364 967 3102 118 402 1526 1436 827 591 2833 995 855
is_linear=0
shrinkage=0.05


Tree=68
num_leaves=31
num_cat=0
split_feature=14 8 14 15 0 10 10 3 11 11 10 1 1 15 15 6 10 10 6 1 10 15 14 14 1 3 1 1 10 10
split_gain=133.725 105.636 63.4632 63.2833 33.9619 49.154 83.3129 48.5822 42.7334 36.8907 35.6941 30.4299 28.437 27.0623 23.7035 23.1323 22.2134 27.6775 21.9593 20.9639 20.5242 20.5194 20.2898 20.1924 20.0884 19.7381 19.5642 18.5976 18.3894 17.5171
threshold=2038.7350000000004 4.5000000000000009 982.45500000000004 1017.3850000000001 9.8245098039215701 -0.21861968191509915 0.022575936829235418 14.516666666666667 0.45847758937963173 -0.99700296666818056 -0.70898476237405783 11.861070261437911 20.153880718954248 1722.4600000000003 1092.3000000000004 0.3235294117647059 -0.99630266176052629 -0.98803845231459242 243.56862745098042 2.7052287581699352 0.86113431103781346 1722.4600000000003 1279.8050000000001 1146.1050000000002 0.63282271241830068 13.366666666666669 -0.42667483660130712 10.746956699346407 -0.15101209918632377 -0.21861968191509915
decision_type=10 2 8 10 2 2 2 2 2 2 2 2 2 10 10 2 2 2 2 2 2 8 8 10 2 2 2 2 2 2
left_child=1 2 14 23 5 19 24 11 9 -6 12 15 13 -11 -1 27 -5 -18 -19 -4 29 -17 -20 -3 -7 -21 -2 -8 -26 -16
right_child=26 3 4 16 8 6 7 -9 -10 10 -12 -13 -14 -15 20 21 17 18 22 25 -22 -23 -24 -25 28 -27 -28 -29 -30 -31
leaf_value=-2.3137373502441281 5.9952864829867343 -2.7293819153558903 0.2009612095291459 1.3952821672208815 2.015735688128018 0.49982268794479978 -0.12540903871565662 1.590216153805966 -1.4686258471040334 0.019638068300810121 -0.21067499338113294 1.215821703868204 0.94583720167534013 2.4061689403103688 -0.83154275485022711 2.0817713155169884 -1.9471871718554952 -0.12851384766213414 -3.7722294417815649 0.84852025799506237 -6.2585561340203419 0.13867317910743396 -0.91847075085601093 -1.146961086687702 -0.26113993167043648 2.2431002053014368 1.7315673089274926 -1.5818272262475148 -2.7760805228972121 1.5755422988192436
leaf_weight=149 146 423 267 64 88 72 887 549 315 1028 2149 142 359 106 131 188 68 2085 142 904 63 404 379 291 84 189 229 54 236 69
leaf_count=149 146 423 267 64 88 72 887 549 315 1028 2149 142 359 106 131 188 68 2085 142 904 63 404 379 291 84 189 229 54 236 69
internal_value=0.00056276 -0.000365977 0.00264999 -0.00773241 0.00363376 0.00691476 0.00290409 0.00665169 0.00040781 0.00190298 0.00112545 0.00241647 0.00706158 0.00317181 -0.0164649 0.00035854 -0.00427163 -0.00497196 -0.00414269 0.0146216 -0.00738636 0.00809444 -0.0133142 -0.020979 -0.0183206 0.0176874 0.0299202 -0.00451168 -0.023676 0.000497512
internal_weight=12260 11885 8433 3452 8021 3976 2616 2224 4045 3730 3642 1675 1493 1134 412 1533 2738 2674 2606 1360 263 592 521 714 392 1093 375 941 320 200
internal_count=12260 11885 8433 3452 8021 3976 2616 2224 4045 3730 3642 1675 1493 1134 412 1533 2738 2674 2606 1360 263 592 521 714 392 1093 375 941 320 200
is_linear=0
shrinkage=0.05


Tree=69
num_leaves=31
num_cat=0
split_feature=14 8 14 14 12 12 10 3 11 1 11 13 12 8 14 10 11 3 11 12 12 8 1 10 13 11 0 12 10 1
split_gain=125.38 92.8996 58.1581 55.7075 33.1623 32.2299 52.416 30.3325 27.3295 44.0373 27.5423 27.2343 23.9138 22.8236 27.8947 21.7553 20.8435 40.9732 20.7805 20.0391 28.5535 38.3798 28.7169 30.6088 22.6457 17.7353 17.7075 17.4762 17.4003 17.2304
threshold=2052.4150000000004 4.5000000000000009 948.34000000000003 1246.2550000000003 0.98519415784776321 0.83966414931270739 -0.64578423485557612 13.002941176470591 0.9989598388634241 1.3355187908496735 0.98174098242282837 -0.99763124042248752 0.99831452020184319 1.5000000000000002 1901.595 -0.26037633224328088 0.9863035000474919 16.426470588235297 -0.12545862287572049 -0.92273922871446856 -0.7451403174690634 2.5000000000000004 5.6846813725490204 -0.2270106897347694 -0.42180510190895731 0.92519182738459482 9.0382352941176496 -0.80418297442179409 0.9962888416657264 6.2755310457516336
decision_type=10 2 10 8 2 2 2 2 2 2 2 2 2 2 10 2 2 2 2 2 2 2 2 2 2 2 2 2 2 2
left_child=1 3 -3 4 5 11 -7 12 9 10 15 -1 19 -9 -15 -4 17 25 -13 -5 21 24 23 -22 27 29 -25 -21 -24 -11
right_child=-2 2 8 7 -6 6 -8 13 -10 16 -12 18 -14 14 -16 -17 -18 -19 -20 20 22 -23 28 26 -26 -27 -28 -29 -30 -31
leaf_value=1.131721660453934 3.5067364053263987 -4.8752890443424919 1.6258286932099624 0.77979113529917188 0.93191769406432745 0.31805631789402472 -2.5923686243103932 1.4089016533815881 -3.2769856639665651 -0.8476109884726839 3.9717830031081465 -0.00048485836197755818 -1.5040428892144406 0.043474026362434873 1.4358314888879478 -0.5541084234927951 -1.9563039183442925 3.184033560131144 -0.61367249463399964 -2.0140141580773729 2.2609253791846982 -2.1271648124366607 0.29976906669151049 -0.52547448978427835 1.4256050065019565 0.37681517385807983 -4.6671557565910575 3.640665611342786 -0.90314579172072629 -0.49077436190663093
leaf_weight=55 329 201 65 573 183 127 290 584 40 495 128 1074 71 610 179 124 53 42 577 75 52 185 3153 401 148 134 43 44 165 2195
leaf_count=55 329 201 65 573 183 127 290 584 40 495 128 1074 71 610 179 124 53 42 577 75 52 185 3153 401 148 134 43 44 165 2195
internal_value=0.00035092 -0.00048065 -0.00737493 0.00231083 -0.00433463 -0.00609699 -0.0185407 0.00475016 -0.00576747 -0.00525178 0.0124214 -0.00304628 0.00291183 0.0113173 0.00575949 0.000263158 -0.00717466 -0.00659226 -0.00420702 0.00333678 0.00215608 -0.00971302 0.00356488 -0.00764588 0.00242537 -0.00732743 -0.0119101 -0.01375 0.00524254 -0.00821256
internal_weight=12395 12066 3477 8589 2306 2123 417 6283 3276 3236 317 1706 4910 1373 789 189 2919 2866 1651 4839 4266 452 3814 496 267 2824 444 119 3318 2690
internal_count=12395 12066 3477 8589 2306 2123 417 6283 3276 3236 317 1706 4910 1373 789 189 2919 2866 1651 4839 4266 452 3814 496 267 2824 444 119 3318 2690
is_linear=0
shrinkage=0.05


Tree=70
num_leaves=31
num_cat=0
split_feature=14 14 0 11 13 0 10 10 3 15 12 13 1 12 12 10 1 1 14 12 15 1 1 15 10 13 11 1 15 10
split_gain=120.726 87.0759 50.5378 37.4886 48.1396 36.2333 42.5104 60.7354 37.7836 27.0387 44.3766 28.9194 32.4252 37.0475 37.4519 24.1698 24.1668 23.9169 21.3739 19.7853 19.5578 19.54 19.0544 18.7527 17.6924 25.9246 20.2238 17.2346 17.1668 22.3581
threshold=2052.4150000000004 948.34000000000003 -2.2362745098039212 0.9989598388634241 0.99421661762139257 9.8245098039215701 -0.20180236284700911 -0.082689790342551819 14.571568627450981 972.68000000000018 0.95239763423914636 -0.65721521735223198 19.85996732026144 -0.8983350073998303 -0.95244167294248061 0.9962888416657264 2.2128267973856213 0.33933823529411772 1759.2200000000003 0.89115239534193136 2024.2750000000003 6.1839256535947724 6.3902165032679754 1661.2300000000002 -0.8781231054254196 0.74299920719979395 -0.45273527932988084 -0.2280024509803921 1078.3750000000002 0.85226249403558707
decision_type=10 8 2 2 2 2 2 2 2 8 2 2 2 2 2 2 2 2 8 2 10 2 2 10 2 2 2 2 10 2
left_child=1 28 -3 4 5 6 16 21 20 -7 11 15 13 14 -13 -11 17 -4 19 -10 22 -8 -9 -5 26 -26 -15 -2 -1 -30
right_child=27 2 3 23 -6 9 7 8 18 10 -12 12 -14 24 -16 -17 -18 -19 -20 -21 -22 -23 -24 -25 25 -27 -28 -29 29 -31
leaf_value=-3.8364980167355842 5.6216358996029161 1.6073485749323311 1.5508992715120939 -2.3210775954948248 1.9631306812201785 -1.9011785077005301 -1.5985246888903248 -0.43657479918890091 -0.16938701139725368 0.1254178525026873 0.65282044844607301 -0.67651347794261485 -0.033800579871228822 0.58724376389351396 0.81895972251475657 -2.2734656845126664 0.61686692716830294 -0.45274077565965176 2.0944499136662786 1.2435654008981716 1.0813065445143593 0.042382585039752035 0.093637619061075844 0.4012596513608287 -1.7967314448216372 -0.25074962299174786 -0.54458548942744756 1.48828446259501 -0.44179862626032218 -11.00654404420202
leaf_weight=210 142 302 55 144 146 332 225 922 260 2051 459 285 1202 40 146 138 1661 219 183 143 139 56 1369 47 703 235 108 184 164 62
leaf_count=210 142 302 55 144 146 332 225 922 260 2051 459 285 1202 40 146 138 1661 219 183 143 139 56 1369 47 703 235 108 184 164 62
internal_value=0.000300008 -0.000516365 0.000311123 -0.000230721 0.000148944 -0.00023326 0.00277088 -0.000682232 0.00139211 -0.00299123 -0.00213301 -0.00352414 -0.00696691 -0.0118248 0.000578704 0.000753425 0.00865186 -0.00509091 0.0127768 0.00631188 -0.00135747 -0.0228723 -0.0024651 -0.0221354 -0.0167433 -0.0192758 -0.000671141 0.0302752 -0.0224256 -0.0127753
internal_weight=12332 12006 11570 11268 11077 10931 5232 3297 3016 5699 5367 4908 2719 1517 431 2189 1935 274 586 403 2430 281 2291 191 1086 938 148 326 436 226
internal_count=12332 12006 11570 11268 11077 10931 5232 3297 3016 5699 5367 4908 2719 1517 431 2189 1935 274 586 403 2430 281 2291 191 1086 938 148 326 436 226
is_linear=0
shrinkage=0.05


Tree=71
num_leaves=31
num_cat=0
split_feature=14 8 14 7 8 7 6 15 7 8 8 6 7 7 8 15 14 3 15 12 1 10 10 0 12 10 14 10 14 10
split_gain=111.165 90.0066 68.1166 66.7555 47.5258 44.5595 50.7404 31.1075 28.8848 85.6722 58.669 55.0816 36.8256 27.8444 25.3714 25.1909 25.013 24.0193 30.1938 25.3122 30.672 28.2788 27.3461 23.0612 40.231 40.5217 22.2617 21.8284 20.6679 19.3333
threshold=2038.7350000000004 3.5000000000000004 948.34000000000003 2.5000000000000004 1.0000000180025095e-35 19.500000000000004 344.30392156862752 2160.8150000000005 7.5000000000000009 5.5000000000000009 5.5000000000000009 302.78431372549022 21.500000000000004 3.5000000000000004 4.5000000000000009 1763.8050000000001 1118.5350000000001 6.3735294117647072 1571.9100000000003 -0.12546116083924153 20.153880718954248 -0.99763297024448894 -0.69674959280705229 3.1931372549019614 0.067682722635586057 -0.15101209918632377 958.18500000000006 -0.44504625642270151 1072.0550000000001 0.92273069556937592
decision_type=10 2 8 2 2 2 2 8 2 2 2 2 2 2 2 10 10 2 10 2 2 2 2 2 2 2 10 2 10 2
left_child=1 3 -3 4 -1 6 7 23 9 13 12 -12 17 28 -2 16 -7 19 -19 -10 21 -21 -22 24 25 -5 -6 -24 -4 -8
right_child=14 2 8 5 26 15 29 -9 10 -11 11 -13 -14 -15 -16 -17 -18 18 -20 20 22 -23 27 -25 -26 -27 -28 -29 -30 -31
leaf_value=-1.4621240357161753 2.9380847154908682 -4.932993253043108 -2.57276480790147 1.9654459156114514 -3.6268668062594034 -0.90185131838966304 -0.49245882546723579 4.6595230880277887 -1.4872873027174707 -1.4575994961590482 0.86474236814104877 -1.3238709239099991 -1.2255926011293639 -0.74692578126674791 0.049288889047744533 -1.3962921190588702 0.069624565713030509 0.79330985964728606 -0.24318228633597982 2.6424238242672917 2.0904651611643432 -1.4223657641304386 -3.5478669706038319 0.45681974466546083 2.5650074628459154 -0.67715407098522751 -0.018835870937130041 1.0213670239565773 0.35477562614374847 1.1216144953106095
leaf_weight=201 303 182 44 162 40 173 1010 140 444 547 788 305 290 542 70 64 948 356 471 43 93 324 63 2823 247 163 639 96 525 245
leaf_count=201 303 182 44 162 40 173 1010 140 444 547 788 305 290 542 70 64 948 356 471 43 93 324 63 2823 247 163 639 96 525 245
internal_value=0.000295738 -0.00054307 -0.00556316 0.00320158 -0.00964813 0.00509538 0.00724275 0.0103083 -0.00445053 -0.0098252 -0.00172572 0.00772395 -0.00646492 -0.00184353 0.027139 -0.00358347 -0.00182709 -0.00391327 0.00247585 -0.00888158 -0.00233871 -0.0115489 0.0110672 0.00934923 0.0184991 0.00690184 -0.00330882 -0.0015625 0.00587719 -0.00139331
internal_weight=12341 11968 5113 6855 880 5975 4790 3535 4931 1658 3273 1093 2180 1111 373 1185 1121 1890 827 1063 619 367 252 3395 572 325 679 159 569 1255
internal_count=12341 11968 5113 6855 880 5975 4790 3535 4931 1658 3273 1093 2180 1111 373 1185 1121 1890 827 1063 619 367 252 3395 572 325 679 159 569 1255
is_linear=0
shrinkage=0.05


Tree=72
num_leaves=31
num_cat=0
split_feature=0 14 14 11 6 6 6 11 10 8 8 7 8 10 10 6 2 10 14 11 15 6 10 3 0 1 2 10 3 11
split_gain=96.2564 65.3059 51.8983 41.9735 39.3528 43.4614 41.7874 37.9569 76.9922 41.6156 34.7902 28.3713 26.4251 24.9326 29.0618 24.7363 24.4562 23.5966 23.4963 23.1428 28.0945 22.608 21.2949 20.2172 20.6335 23.081 19.8901 19.8526 19.4374 19.3902
threshold=5.5950980392156868 1970.2450000000001 1005.4950000000001 -0.99864786094873803 770.57843137254906 1.0000000180025095e-35 57.186274509803923 0.9863035000474919 0.022575936829235418 2.5000000000000004 4.5000000000000009 2.5000000000000004 1.0000000180025095e-35 -0.65882179392489248 -0.33425342068356556 1.0000000180025095e-35 7.992156862745099 0.76696112484652046 2065.1200000000003 0.99988440732898443 1571.9100000000003 228.66666666666669 -0.082689790342551819 0.27058823529411852 9.9127450980392169 12.096813725490199 6.6127450980392153 0.92602006027323147 14.839215686274512 0.98174098242282837
decision_type=2 8 8 2 2 2 2 2 2 2 2 2 2 2 2 2 2 2 8 2 8 2 2 2 2 2 2 2 2 2
left_child=1 7 11 -4 5 23 18 9 19 15 28 -2 -8 -13 -15 -1 -14 26 -7 20 -9 -17 -22 -5 25 -25 -16 -19 -3 -11
right_child=2 10 3 4 -6 6 12 8 -10 29 -12 13 16 14 17 21 -18 27 -20 -21 22 -23 -24 24 -26 -27 -28 -29 -30 -31
leaf_value=0.49758733097954178 -2.0154511493206599 1.4268340964699009 1.7311776603066507 0.086541701356082967 -3.1354989663866948 0.54872531379724021 1.2812750025279798 -2.6184840929115922 1.7847234497450473 0.017824500874650085 -0.17715486836121955 0.45424436479908653 -0.30360152989932776 -3.5243534432801882 1.4368313958525847 3.504593952742681 1.0100325254225084 -10.320580540029159 4.3995635261126269 1.2633611391903175 -1.5435746064215552 0.026750237191458838 0.73619182329815658 -0.20513918430187916 -0.5264659911675551 0.61878967291248166 -3.1755085308799043 -0.21336326670842709 3.9349195998344388 3.8460527929743082
leaf_weight=764 195 256 103 580 240 1079 361 158 184 1382 115 158 2816 160 97 212 148 50 59 53 132 58 79 1169 1150 156 41 51 215 65
leaf_count=764 195 256 103 580 240 1079 361 158 184 1382 115 158 2816 160 97 212 148 50 59 53 132 58 79 1169 1150 156 41 51 215 65
internal_value=0.000423212 0.00719924 -0.00246691 -0.00126558 -0.00168836 -0.00105067 0.00209453 0.0042908 -0.00691928 0.00703062 0.0224872 -0.0150066 -0.000736621 -0.00922939 -0.015875 0.014686 -0.00229342 -0.00479167 0.01036 -0.0186761 -0.0231081 0.0276753 -0.0110849 -0.00564463 -0.00761309 -0.00335596 0.00863309 -0.0230392 0.0284958 0.00155387
internal_weight=12286 3673 8613 7861 7758 7518 4463 3087 606 2481 586 752 3325 557 399 1034 2964 239 1138 422 369 270 211 3055 2475 1325 138 101 471 1447
internal_count=12286 3673 8613 7861 7758 7518 4463 3087 606 2481 586 752 3325 557 399 1034 2964 239 1138 422 369 270 211 3055 2475 1325 138 101 471 1447
is_linear=0
shrinkage=0.05


Tree=73
num_leaves=31
num_cat=0
split_feature=14 14 15 12 12 15 0 13 10 7 15 11 10 11 7 12 12 13 6 10 14 10 11 11 0 14 11 13 1 13
split_gain=93.0366 67.7334 41.1735 53.0862 48.787 38.543 34.785 29.4356 27.4838 26.8801 26.5476 32.2977 27.6489 28.345 23.7812 21.9811 44.4263 36.0544 23.1955 21.0221 23.1443 20.5329 20.5181 20.2804 25.3833 18.1253 18.9837 16.4112 47.6479 42.4923
threshold=1242.7500000000002 2125.8400000000006 995.87500000000011 0.95239763423914636 0.83966414931270739 1969.2100000000003 -2.2362745098039212 -0.99763124042248752 -0.59176244063315286 21.500000000000004 1248.5100000000002 0.8852232634113919 0.85226249403558707 -0.44505783185115427 4.5000000000000009 -0.8983350073998303 -0.83377653105606597 -0.15951288319385923 379.91176470588238 -0.83377653105606597 982.45500000000004 -0.99866806308218525 -0.99864786094873803 0.98899263613956456 2.2558823529411769 1754.3650000000002 0.73721509932751383 -0.92272482904738262 16.118627450980394 -0.65721521735223198
decision_type=8 10 10 2 2 8 2 2 2 2 10 2 2 2 2 2 2 2 2 2 10 2 2 2 2 8 2 2 2 2
left_child=2 5 19 4 7 6 -2 -4 -6 15 -9 12 -12 -14 -7 17 -17 -8 -19 -1 -21 -18 -23 24 -16 -26 -27 28 -24 -29
right_child=1 -3 3 -5 8 14 9 10 -10 -11 11 -13 13 -15 23 16 21 18 -20 20 -22 22 27 -25 25 26 -28 29 -30 -31
leaf_value=-2.9325445803409309 1.4692329624569425 4.2593189060482022 0.91174085601495003 0.74886168162389599 -0.030942491173016153 -3.4295663263990037 1.553381767204246 0.0046896524341036644 -2.5361697071830918 -0.52554227853726732 0.013440679758116404 -2.9765753184002564 -8.9742191683712917 -1.1945829513950457 3.0354744459496263 -1.5966600948314751 0.95619443870014609 0.35333061317716674 -4.1498290901166115 -2.9849273399412257 -0.47946337484586937 1.8038815663771972 -0.4494734761510813 -1.1582261240834215 1.3548558315819605 -0.89413059926630467 0.83275624038898854 0.58549934716339747 2.3775474106270509 -0.065444719421634545
leaf_weight=90 263 132 70 233 93 43 304 1231 251 442 424 98 63 223 163 235 158 610 77 173 364 60 987 43 269 107 298 1357 79 3427
leaf_count=90 263 132 70 233 93 43 304 1231 251 442 424 98 63 223 163 235 158 610 77 173 364 60 987 43 269 107 298 1357 79 3427
internal_value=0.000303202 0.00292656 -0.00686482 -0.00416822 -0.00633659 0.0023983 0.00128125 -0.00348341 -0.0237681 0.000672095 -0.00458333 -0.0116193 -0.00787623 -0.0198606 0.0120671 0.00139822 0.000309327 0.00831653 0.00196221 -0.0183917 -0.0145911 0.00113693 0.000659787 0.0138479 0.0155728 0.0112593 0.00455665 0.000358913 -0.00524836 0.0016092
internal_weight=12367 9054 3313 2686 2453 8922 7999 2109 344 7736 2039 808 710 286 923 7294 6303 991 687 627 537 6068 5910 880 837 674 405 5850 1066 4784
internal_count=12367 9054 3313 2686 2453 8922 7999 2109 344 7736 2039 808 710 286 923 7294 6303 991 687 627 537 6068 5910 880 837 674 405 5850 1066 4784
is_linear=0
shrinkage=0.05


Tree=74
num_leaves=31
num_cat=0
split_feature=8 14 7 8 6 6 14 14 15 7 15 15 0 11 12 12 10 14 12 3 11 11 15 12 10 12 12 8 0 14
split_gain=87.2496 88.8417 60.8243 63.6207 41.5375 57.6136 43.379 34.8023 33.7443 29.4954 27.3811 25.3401 39.2206 27.1075 23.4957 59.8838 23.4016 22.9221 22.3946 22.3702 21.7584 23.2462 23.9625 27.372 23.45 27.5524 21.8439 21.4752 20.5069 20.1944
threshold=4.5000000000000009 2052.4150000000004 14.500000000000002 5.5000000000000009 1.0000000180025095e-35 46.137254901960794 1047.3200000000002 1196.8950000000002 2024.2750000000003 21.500000000000004 1372.7850000000001 1248.5100000000002 7.6480392156862749 0.47369649395226454 -0.8983350073998303 -0.83377653105606597 -0.62588817255938378 1223.0050000000003 -0.97876850416056738 13.130392156862746 -0.99465740988130902 -0.76696334127844745 1742.0500000000002 0.17011757999667351 -0.88622299073327826 0.99898004730802425 0.68589359117003446 1.5000000000000002 4.6490196078431376 1453.7350000000004
decision_type=2 10 2 2 2 2 10 10 8 2 10 8 2 2 2 2 2 10 2 2 2 2 10 2 2 2 2 2 2 10
left_child=1 4 7 9 6 10 27 -2 14 -4 -6 -8 13 -13 16 -16 -7 -15 -9 -12 -17 -22 23 -23 -25 -26 -24 -1 -3 -18
right_child=2 28 3 -5 5 8 11 18 -10 -11 19 12 -14 17 15 20 29 -19 -20 -21 21 22 26 24 25 -27 -28 -29 -30 -31
leaf_value=-0.52830811004303091 -2.0906372715966994 3.4279282743278827 -0.19000893206853109 0.74528671456632767 2.7088624327188655 4.0422694815899378 0.31034840640734274 -1.7880496281291869 2.4372395220096679 -1.4984046721584718 0.6140321723562352 0.61568106845685411 -0.44314766607803335 -1.445265828844299 -6.2634923365581132 3.0454834821819876 1.7386692762652047 0.024372118709970893 -0.45141955655223004 2.3661114394999685 -0.85104800166741379 -0.19375293968866458 0.093939126544700005 -0.085329040923636523 1.4864264508003773 -7.9252559927306727 -1.0695448632129001 -2.3382354739652245 0.76047795535512253 -0.88588230618159969
leaf_weight=350 651 215 497 649 159 136 890 82 227 143 775 366 930 65 109 89 105 1407 1437 147 546 572 388 248 523 40 202 120 51 111
leaf_count=350 651 215 497 649 159 136 890 82 227 143 775 366 930 65 109 89 105 1407 1437 147 546 572 388 248 523 40 202 120 51 111
internal_value=0.000408797 0.00306088 -0.00631503 0.00228682 0.00216906 0.0055619 -0.00142892 -0.0114233 0.0022748 -0.00889236 0.015573 0.000409948 -0.00195016 0.00228385 0.000895765 -0.000680648 0.0130312 -0.000746775 -0.00726974 0.0122427 0.000843235 -1.98413e-05 0.0025076 0.00610549 0.0120074 0.0176418 -0.00592217 -0.0157113 0.0314607 0.00276498
internal_weight=12230 8771 3459 1289 8505 4377 4128 2170 3296 640 1081 3658 2768 1838 3069 2717 352 1472 1519 922 2608 2519 1973 1383 811 563 590 470 266 216
internal_count=12230 8771 3459 1289 8505 4377 4128 2170 3296 640 1081 3658 2768 1838 3069 2717 352 1472 1519 922 2608 2519 1973 1383 811 563 590 470 266 216
is_linear=0
shrinkage=0.05


Tree=75
num_leaves=31
num_cat=0
split_feature=14 14 8 7 6 7 0 13 1 1 10 10 6 1 8 13 13 14 13 13 10 8 13 14 10 8 10 0 1 0
split_gain=81.6219 67.6886 49.3182 33.3199 45.7922 55.1998 32.9847 31.93 35.921 29.1623 27.7496 39.0988 27.6239 26.6597 26.4372 25.5088 25.0235 21.8243 21.6221 21.2751 42.9076 20.2378 20.7795 20.1385 19.6462 18.973 19.3837 17.7474 20.2459 20.0947
threshold=2085.3350000000005 948.34000000000003 3.5000000000000004 3.5000000000000004 362.12745098039221 18.500000000000004 3.1931372549019614 0.92520893929334658 0.63282271241830068 1.8873978758169938 0.95752911693909493 0.94978112945126536 742.26470588235304 23.072549019607848 1.0000000180025095e-35 0.99683437150207233 0.99421661762139257 1583.3850000000002 -0.69830365819682616 -0.98801846520836312 -0.98803845231459242 1.0000000180025095e-35 -0.92272482904738262 1231.6500000000003 0.73283908552571653 3.5000000000000004 -0.33425342068356556 -2.8843137254901952 3.0123774509803924 8.2901960784313733
decision_type=10 8 2 2 2 2 2 2 2 2 2 2 2 2 2 2 2 8 2 2 2 2 2 10 2 2 2 2 2 2
left_child=1 25 3 14 5 6 7 -5 -9 -8 11 12 15 18 -3 16 19 -16 -6 -4 -21 22 -11 -23 -20 26 -1 -7 -29 -30
right_child=-2 2 10 4 13 27 9 8 -10 21 -12 -13 -14 -15 17 -17 -18 -19 24 20 -22 23 -24 -25 -26 -27 -28 28 29 -31
leaf_value=-1.5271432948167445 3.2694512055657245 -1.0062724805892231 1.020889504287652 2.4963684249338258 0.18975089697491399 2.111742512284184 -2.1397631570154374 3.8072099572829416 -0.66078297555164911 -0.61302264231504189 -1.1442556772290744 0.94414466441595557 -3.2358849632428672 1.3635089430140512 0.036141482898256076 -2.0650850967817407 2.2039228199854621 -1.9830005404812654 -0.84971144584610558 -2.5040535563997879 -0.11413153966738605 2.981281448874836 1.9710786316096347 0.28061183616731572 -3.2126777765048815 -4.1219402670681635 0.32792410701691782 -1.1430225633386841 0.3127590283739437 -0.24508510406988648
leaf_weight=148 233 233 157 383 360 45 92 61 101 74 524 128 132 155 841 57 74 40 435 86 3806 129 455 1768 132 175 105 200 491 736
leaf_count=148 233 233 157 383 360 45 92 61 101 74 524 128 132 155 841 57 74 40 435 86 3806 129 455 1768 132 175 105 200 491 736
internal_value=2.42777e-05 -0.000540251 0.000175274 0.00296346 0.00453008 0.00673501 0.0105581 0.0217033 0.00306748 0.00813815 -0.00360524 -0.0023193 -0.00313007 -0.00470914 -0.00493274 -0.00241569 -0.00195199 -0.000963719 -0.00792026 -0.00248148 -0.00321089 0.0091883 0.0178302 0.00677028 -0.0139965 -0.0200466 -0.0112205 -0.001222 -0.00220588 0.000203583
internal_weight=12356 12123 11695 6731 5617 4535 3063 545 162 2518 4964 4440 4312 1082 1114 4180 4123 881 927 4049 3892 2426 529 1897 567 428 253 1472 1427 1227
internal_count=12356 12123 11695 6731 5617 4535 3063 545 162 2518 4964 4440 4312 1082 1114 4180 4123 881 927 4049 3892 2426 529 1897 567 428 253 1472 1427 1227
is_linear=0
shrinkage=0.05


Tree=76
num_leaves=31
num_cat=0
split_feature=14 8 14 0 6 15 11 6 8 14 11 15 14 11 11 10 0 10 12 15 10 10 11 10 10 10 10 10 15 12
split_gain=89.5959 67.4574 42.166 41.3026 34.2256 48.5879 46.1579 33.6071 30.6967 31.3061 29.0359 27.4817 26.782 31.0868 22.2633 39.2524 31.1932 23.4798 23.1036 20.9394 19.5082 19.0507 18.7525 28.0875 18.5201 18.3906 29.8048 24.8367 21.9066 17.7421
threshold=2125.8400000000006 4.5000000000000009 948.34000000000003 9.8245098039215701 1.0000000180025095e-35 1693.8500000000001 0.99932962452255414 0.67647058823529416 1.0000000180025095e-35 2101.7950000000005 0.9989598388634241 972.68000000000018 1011.1500000000002 0.38043945030393422 0.99138911339924218 -0.022576249993022688 1.5676470588235294 0.52766072109828632 0.82048548965790546 2052.4150000000004 0.21862473630160603 0.62587949062545845 0.98174098242282837 -0.082689790342551819 0.91596454896554913 -0.99630266176052629 -0.98803845231459242 -0.95754239937548935 1262.1300000000003 -0.99275346941927067
decision_type=10 2 10 2 2 10 2 2 2 8 2 10 10 2 2 2 2 2 2 8 2 2 2 2 2 2 2 2 10 2
left_child=1 3 -3 4 14 6 -6 12 -7 -10 11 -4 -5 21 16 -16 17 20 -18 -9 29 -14 25 -24 -23 -13 -27 28 -28 -1
right_child=-2 2 10 7 5 8 -8 19 9 -11 -12 22 13 -15 15 -17 18 -19 -20 -21 -22 24 23 -25 -26 26 27 -29 -30 -31
leaf_value=-0.64332442935732392 4.080734282163724 -3.7560516045921872 -1.6455369538049469 -1.2387502909700914 3.597494452783792 2.6821090089176209 -2.1340760271478416 0.048860814962540647 -0.023112124598873154 6.2135602294756325 -2.6400336805707756 1.2165891214624764 0.033378302381834146 -1.5049011273338579 -2.3983558870674644 0.4924887202680111 0.14237139384372313 1.6498156417351311 -0.41597038456109203 1.1512204720940191 -0.74399987881654406 -1.2993558172174404 -0.36388913733195527 3.0472483168442071 -0.19498971347137514 -2.4489320563801642 1.1767054710248204 -0.24323207450353268 -0.39755177334519659 1.6677092982735418
leaf_weight=47 139 196 436 265 375 208 44 2889 822 44 41 70 981 119 99 148 1534 177 385 129 162 64 62 164 103 70 94 2300 56 149
leaf_count=47 139 196 436 265 375 208 44 2889 822 44 41 70 981 119 99 148 1534 177 385 129 162 64 62 164 103 70 94 2300 56 149
internal_value=-0.000129314 -0.000584437 -0.00646132 0.00176101 0.00533969 0.0114123 0.0258333 -0.00153812 0.00576744 0.00161476 -0.00511536 -0.00458039 -0.00756686 -0.0045347 0.00198001 -0.0122984 0.00342159 0.0140858 0.000442708 0.00152368 0.00668524 -0.00200174 -0.0027689 0.0110132 -0.0175595 -0.0039753 -0.00468068 -0.00375357 0.015894 0.0172589
internal_weight=12372 12233 3489 8744 4194 1493 419 4550 1074 866 3293 3252 1532 1267 2701 247 2454 535 1919 3018 358 1148 2816 226 167 2590 2520 2450 150 196
internal_count=12372 12233 3489 8744 4194 1493 419 4550 1074 866 3293 3252 1532 1267 2701 247 2454 535 1919 3018 358 1148 2816 226 167 2590 2520 2450 150 196
is_linear=0
shrinkage=0.05


Tree=77
num_leaves=31
num_cat=0
split_feature=14 0 14 8 7 5 8 7 8 1 13 12 0 7 14 14 6 1 7 8 8 7 10 8 14 7 8 13 14 7
split_gain=81.8737 56.3148 51.4594 37.5207 43.7113 32.36 28.796 27.7561 23.7776 18.254 19.4083 20.5571 21.7687 17.6357 41.3005 29.6363 17.5384 36.0472 22.2799 63.4615 34.8895 33.669 21.9354 19.284 18.9712 23.1372 17.2061 16.871 16.4413 16.2717
threshold=1400.3900000000003 -2.2362745098039212 948.34000000000003 4.5000000000000009 18.500000000000004 20.395761053440989 1.5000000000000002 7.5000000000000009 5.5000000000000009 24.793750000000006 0.046214940139115722 -0.68352903331423187 26.012745098039215 3.5000000000000004 2101.7950000000005 1470.5500000000004 272.74509803921575 13.075551470588236 6.5000000000000009 5.5000000000000009 5.5000000000000009 16.500000000000004 -0.861146256326485 3.5000000000000004 1072.0550000000001 3.5000000000000004 3.5000000000000004 1.0000000180025095e-35 1916.1350000000002 2.5000000000000004
decision_type=8 2 10 2 2 2 2 2 2 2 2 2 2 2 8 8 2 2 2 2 2 2 2 2 10 2 2 2 10 2
left_child=2 28 26 4 5 13 9 -5 -9 10 -4 -12 -13 15 -15 -3 18 -18 19 24 21 -20 -19 -23 -8 -26 29 -24 -2 -1
right_child=1 3 6 7 -6 -7 16 8 -10 -11 11 12 -14 14 -16 -17 17 22 20 -21 -22 23 27 -25 25 -27 -28 -29 -30 -31
leaf_value=-1.9568168886689392 1.1187068379316714 0.25416627182727325 0.39991469326113249 -0.80095656449756236 -0.21005587618370214 1.5527779151309347 -1.8363535015085972 -0.30778569678493573 0.5378866787278298 1.5660067707997998 0.56741813373319017 -0.80337187976053892 2.044942906671571 0.33976358262799522 3.4619090330044857 -4.8813614204168747 -3.6406508935264812 -3.0037762888894921 3.1682859278963296 -1.4482262358116373 0.70616432327749701 -0.020585499528397125 1.7073309330615416 -1.1217624733281355 0.13804046642451909 -1.3120803260824232 -3.7013650948701926 -0.79336988163790922 5.6812082307140264 -0.57479820154836714
leaf_weight=60 188 68 983 438 904 497 85 773 487 51 183 443 60 3053 183 51 192 85 141 353 376 328 158 329 842 115 186 433 106 190
leaf_count=60 188 68 983 438 904 497 85 773 487 51 183 443 60 3053 183 51 192 85 141 353 376 328 158 329 842 115 186 433 106 190
internal_value=0.000352455 0.00405986 -0.00412049 0.00308288 0.00536052 0.00768233 -0.00272392 -0.00329606 0.000475813 0.00255665 0.00164671 -0.00480349 -0.0100198 0.00591478 0.00661106 -0.0129167 -0.00536649 -0.0115075 -0.00328794 -0.00755731 0.00178723 -0.00413016 -0.00605613 -0.00889058 -0.00134228 0.000678497 -0.020595 -0.00261824 0.0254237 -0.0119522
internal_weight=12341 6748 5593 6454 4756 3852 5157 1698 1260 1720 1669 686 503 3355 3236 119 3437 868 2569 1395 1174 798 676 657 1042 957 436 591 294 250
internal_count=12341 6748 5593 6454 4756 3852 5157 1698 1260 1720 1669 686 503 3355 3236 119 3437 868 2569 1395 1174 798 676 657 1042 957 436 591 294 250
is_linear=0
shrinkage=0.05


Tree=78
num_leaves=31
num_cat=0
split_feature=8 14 14 7 7 6 14 15 3 15 13 3 12 15 14 15 12 14 7 15 13 0 3 7 2 8 8 12 7 13
split_gain=73.0573 56.2902 54.5085 41.1866 35.2673 41.0042 35.1352 30.701 29.1533 28.0468 24.4377 27.8066 36.0998 26.683 24.4116 22.4384 21.8452 21.603 22.2057 21.1122 22.4474 43.7451 25.5951 18.4792 18.2276 18.0896 17.9568 17.8629 17.8225 16.0564
threshold=3.5000000000000004 958.18500000000006 2052.4150000000004 2.5000000000000004 20.500000000000004 163.30392156862746 900.68000000000018 2024.2750000000003 17.497058823529418 1636.8900000000001 0.99683437150207233 14.634313725490196 -0.16693488597178294 1604.3350000000003 1114.1450000000002 1530.0750000000003 -0.51297808981038739 1490.4450000000004 1.0000000180025095e-35 1245.2850000000001 0.95938053495154851 5.1784313725490199 13.002941176470591 7.5000000000000009 3.0431372549019593 5.5000000000000009 1.0000000180025095e-35 -0.91597725483594616 6.5000000000000009 0.76558174705471205
decision_type=2 10 10 2 2 2 10 8 2 8 2 2 2 8 10 8 2 10 2 10 2 2 2 2 2 2 2 2 2 2
left_child=2 -2 3 6 5 8 -1 27 19 14 11 13 16 17 -6 -8 -13 18 25 -5 22 -22 29 -15 -19 -3 -24 -7 -14 -21
right_child=1 10 -4 4 9 7 15 -9 -10 -11 -12 12 28 23 -16 -17 -18 24 -20 20 21 -23 26 -25 -26 -27 -28 -29 -30 -31
leaf_value=-5.4273813530747024 -3.3278917056288266 0.83307654263599606 2.5449928093855307 1.1267555570834362 -0.98424063957637609 1.4451165694089241 -0.098124870464221206 3.7098775615288222 2.6346555034899666 -1.5956970281213672 -1.7212252750356472 -0.01232971397797087 0.1571764804327927 -1.8066961749990811 0.072797917582602165 -2.2347969671848547 -0.84884554227223818 0.11744102228119574 -0.35726393035878917 0.22222626510891247 -1.9005220879534706 1.4245860126079606 3.4084824315446327 -0.37750269998668956 2.6170027414109316 -0.93318413367651665 0.89430672090857122 -0.27695006641625924 2.0572671244160121 1.2052465223032471
leaf_weight=47 278 110 184 313 140 181 775 114 155 103 57 212 177 203 651 53 60 893 2036 1930 115 72 128 820 47 44 293 1661 277 154
leaf_count=47 278 110 184 313 140 181 775 114 155 103 57 212 177 203 651 53 60 893 2036 1930 115 72 128 820 47 44 293 1661 277 154
internal_value=0.000175024 -0.00431448 0.00348656 0.00276648 0.00424222 0.00584327 -0.00736301 0.000153296 0.00936413 -0.0049162 -0.00307879 -0.00269467 0.00632737 -0.00427299 -0.00170455 -0.00494572 -0.00805861 -0.0019802 -0.00470105 0.0082668 0.00683253 -0.00984043 0.00808061 -0.0112793 0.00435707 0.0135484 0.0193128 -0.00141074 0.0149451 0.00580336
internal_weight=12283 5214 7069 6885 6010 5116 875 1956 3160 894 4936 4879 726 4153 791 828 272 3130 2190 3005 2692 187 2505 1023 940 154 421 1842 454 2084
internal_count=12283 5214 7069 6885 6010 5116 875 1956 3160 894 4936 4879 726 4153 791 828 272 3130 2190 3005 2692 187 2505 1023 940 154 421 1842 454 2084
is_linear=0
shrinkage=0.05


Tree=79
num_leaves=31
num_cat=0
split_feature=14 14 8 7 8 7 7 6 15 0 8 7 15 13 0 1 12 14 0 14 0 13 14 15 12 14 14 14 15 13
split_gain=72.7763 56.4062 47.8773 38.621 58.9427 36.9888 35.1785 72.3701 39.1846 42.418 33.3357 28.3051 27.2883 24.0653 31.6794 22.8451 23.7945 22.8082 21.6655 20.8618 20.7389 22.56 20.6598 22.2923 20.4727 19.9648 19.4992 18.9393 17.3031 17.2868
threshold=2125.8400000000006 936.7650000000001 4.5000000000000009 14.500000000000002 5.5000000000000009 18.500000000000004 4.5000000000000009 163.30392156862746 1571.9100000000003 6.5941176470588241 1.0000000180025095e-35 21.500000000000004 1575.4650000000004 0.99731940924863693 9.193137254901961 20.153880718954248 0.71051919230648819 1603.7250000000001 19.726470588235298 1632.0500000000002 -0.39901960784313717 0.95938053495154851 1141.7500000000002 1679.4750000000001 0.84660111278280559 1707.5400000000002 982.45500000000004 1737.3150000000003 1017.3850000000001 0.96851671873169776
decision_type=10 8 2 2 2 2 2 2 10 2 2 2 8 2 2 2 2 10 2 10 2 2 10 8 2 10 10 10 10 2
left_child=1 28 5 -4 11 6 12 8 13 10 -10 -5 26 14 -8 16 19 -11 22 -9 -12 27 -7 25 -16 -24 -3 -22 -1 -28
right_child=-2 2 3 4 -6 18 7 15 9 17 20 -13 -14 -15 24 -17 -18 -19 -20 -21 21 -23 23 -25 -26 -27 29 -29 -30 -31
leaf_value=-3.0351339379075628 3.9828021772325202 -1.3175944687318293 -0.63444622614766222 -0.1216840164805376 0.74002326511142658 -0.72797048906146533 4.4710224032322463 -0.28611606263918932 3.545235688442665 1.0872901001027686 2.4938477308486768 -1.4604367190099539 -1.2575876230337486 -0.48020817938095778 1.8273712865589744 0.69421612863801563 -1.068743766675732 -0.31860169602394994 0.67092811885773929 1.0792532695403565 4.4121009890698932 -0.92618731133185295 -0.043113685862340392 -0.88252913131431121 -0.080746555812561391 1.6788580620069753 0.13754565121838597 0.47532050211107163 -1.513536071552511 -0.7761712623914605
leaf_weight=159 139 123 2077 529 636 223 169 913 200 291 84 139 159 44 376 576 339 537 118 455 59 62 1123 326 110 49 1356 647 228 122
leaf_count=159 139 123 2077 529 636 223 169 913 200 291 84 139 159 44 376 576 339 537 118 455 59 62 1123 326 110 49 1356 647 228 122
internal_value=0.000226372 -0.000183974 0.000430634 -0.00459787 0.00214559 0.00244032 0.00418239 0.00637467 0.0121124 0.00834662 0.0150047 -0.00822123 -0.00187394 0.0222143 0.0246189 -0.000109457 -0.00301522 -0.000120627 -0.00383152 -7.3046e-05 0.0106682 0.00806242 -0.00525552 -0.00313542 0.0180698 8.52515e-05 9.3633e-05 0.0106082 -0.0189433 0.00169033
internal_weight=12368 12229 11842 3381 1304 8461 6622 4862 2579 1880 1052 668 1760 699 655 2283 1707 828 1839 1368 852 768 1721 1498 486 1172 1601 706 387 1478
internal_count=12368 12229 11842 3381 1304 8461 6622 4862 2579 1880 1052 668 1760 699 655 2283 1707 828 1839 1368 852 768 1721 1498 486 1172 1601 706 387 1478
is_linear=0
shrinkage=0.05


Tree=80
num_leaves=31
num_cat=0
split_feature=0 7 6 8 1 11 10 8 7 10 11 10 10 13 13 15 11 15 1 3 10 10 11 1 0 11 3 1 10 1
split_gain=57.2293 40.2616 45.3263 44.0777 36.8859 46.2691 61.889 43.204 32.6007 32.3888 27.7501 31.8322 54.3533 27.6731 28.5026 26.4877 24.173 22.9057 20.7804 20.0307 24.1737 19.5931 19.4912 19.4462 17.7459 17.4423 17.0921 20.8047 16.541 36.78
threshold=6.9225490196078434 4.5000000000000009 770.57843137254906 5.5000000000000009 -2.765522875816993 0.9863035000474919 0.039769539193789977 2.5000000000000004 22.500000000000004 -0.77245553105869302 0.080547328232315238 -0.67166439702596292 -0.47558551945199218 0.76558174705471205 0.21652658465572394 1160.9350000000002 0.99988440732898443 2010.6850000000002 23.187009803921573 14.750000000000002 -0.65234524191686594 0.98049069993378934 0.98174098242282837 24.072977941176472 17.636274509803922 0.84658398682345093 7.5098039215686301 5.4364787581699359 -0.47558551945199218 11.723713235294118
decision_type=2 2 2 2 2 2 2 2 2 2 2 2 2 2 2 8 2 10 2 2 2 2 2 2 2 2 2 2 2 2
left_child=4 3 8 10 -1 7 16 17 13 -9 11 24 -13 14 21 -14 -7 -6 -4 -11 -21 26 25 -15 -2 -22 27 -3 -16 -30
right_child=1 2 18 -5 5 6 -8 9 -10 19 -12 12 15 23 28 -17 -18 -19 -20 20 22 -23 -24 -25 -26 -27 -28 -29 29 -31
leaf_value=3.7244275307465333 0.12321592147483217 -2.5685993840850418 -3.4283624023767234 -1.9652334233534674 0.47197220922556654 -1.3304068739924106 2.2488151958026381 1.313765268188098 -0.80401461300053834 -0.1403426634850348 -0.96876347153678355 -2.4423355521890415 0.32597199128283594 0.3259382509270381 -1.4130365406407606 -0.67413854635962034 1.2135282830407732 2.2237258249458023 0.22566189057507133 -0.85762755846656091 1.1013096661253143 -0.6333512436899128 4.365792107299149 1.3549126042850732 0.66950873861285065 -0.13935436309789112 0.66517235983928913 0.10669306732606287 -1.485065443471683 0.14070498728360689
leaf_weight=148 269 43 268 192 1375 425 147 146 277 1456 237 103 202 520 294 278 53 177 99 43 246 507 58 131 74 243 483 3254 144 431
leaf_count=148 269 43 268 192 1375 425 147 146 277 1456 237 103 202 520 294 278 53 177 99 43 246 507 58 131 74 243 483 3254 144 431
internal_value=-8.51996e-05 -0.00267708 -0.00103069 -0.0105088 0.00439354 0.00355835 -0.00902556 0.00566088 0 0.00113999 -0.0068299 -0.00291262 -0.0100171 0.00080062 -0.000426605 -0.0029106 -0.0177453 0.0120412 -0.0180707 -0.00048852 0.0072758 0.00124767 0.0101277 0.0105061 0.00915698 0.00683673 0.00248611 0.0011977 -0.00867816 -0.00373264
internal_weight=12323 7806 6451 1355 4517 4369 625 3744 6084 2192 1163 926 583 5807 5156 480 478 1552 367 2046 590 4287 547 651 343 489 3780 3297 869 575
internal_count=12323 7806 6451 1355 4517 4369 625 3744 6084 2192 1163 926 583 5807 5156 480 478 1552 367 2046 590 4287 547 651 343 489 3780 3297 869 575
is_linear=0
shrinkage=0.05


Tree=81
num_leaves=31
num_cat=0
split_feature=14 14 8 15 8 13 0 1 3 12 11 12 11 1 0 10 11 11 10 10 0 12 3 1 11 1 15 15 12 1
split_gain=65.1766 51.1403 43.6057 27.1061 21.0291 21.2442 20.1227 29.0703 30.012 23.1767 63.8665 28.9307 31.5874 28.7839 23.9144 23.9953 20.0197 29.8286 23.5876 33.588 33.8576 30.1062 43.352 33.5732 20.9192 20.7284 19.9104 19.3239 17.7001 25.7522
threshold=2085.3350000000005 948.34000000000003 3.5000000000000004 2024.2750000000003 1.0000000180025095e-35 0.85561368268953431 -2.2362745098039212 2.7052287581699352 15.206862745098041 0.59866263443171663 0.86869874770991873 0.61746692340271048 -0.75581183015052977 24.196262254901963 8.2901960784313733 0.99552231814189451 0.91511078773075516 0.9989598388634241 -0.60554068365937697 -0.46038400545438724 1.1686274509803922 -0.98946429056429952 8.0029411764705909 20.303553921568628 -0.29342786347392819 18.613766339869283 1045.9750000000001 955.0200000000001 -0.20075075429075132 5.4364787581699359
decision_type=10 8 2 8 2 2 2 2 2 2 2 2 2 2 2 2 2 2 2 2 2 2 2 2 2 2 10 10 2 2
left_child=1 -1 3 6 -5 -6 -3 -8 9 13 11 -11 -13 14 15 28 18 -18 21 25 -21 -4 23 24 -23 -20 -24 -25 29 -9
right_child=-2 2 16 4 5 -7 7 8 -10 10 -12 12 -14 -15 -16 -17 17 -19 19 20 -22 22 26 27 -26 -27 -28 -29 -30 -31
leaf_value=-1.731317063130021 2.352906779243614 1.3262811064361815 -0.83927164437166091 3.7772554989140477 0.76938195225243367 -1.2031434685218074 -0.40371656142084478 0.93447425428204844 1.7859051859429997 -3.3022551835519156 -1.8172394981174707 -0.55257771835132419 0.25295808473104558 1.6279763769526086 0.074192142901512173 -1.3338268175175985 0.45880008875249134 -1.6014628589608038 -0.53626877641254966 1.3154889589345544 -0.38251872751524163 -1.5259501963968773 -0.072115683481968063 -0.81571250404139739 -0.15745823613927998 -2.9111067360599465 1.7617055351683293 1.4051454627778186 1.1742609309811145 0.039849705194035329
leaf_weight=426 244 166 112 166 255 47 675 332 109 40 108 423 1240 55 2392 84 674 62 162 102 2260 233 73 77 685 81 220 234 244 414
leaf_count=426 244 166 112 166 255 47 675 332 109 40 108 423 1240 55 2392 84 674 62 162 102 2260 233 73 77 685 81 220 234 244 414
internal_value=0.00018151 -0.000333278 0.00028569 0.00290327 0.0144989 0.00660066 0.00203724 0.0015694 0.0027839 0.00225014 -0.00234547 2.93427e-05 0.00105168 0.00461386 0.00403807 0.0102326 -0.00326568 0.00434193 -0.00458726 -0.00754029 -0.00571308 0.000122324 0.0019698 -0.00215447 -0.00696409 -0.0252049 0.0192177 0.0120192 0.0124117 0.0085676
internal_weight=12395 12151 11725 6750 468 302 6282 6116 5441 5332 1811 1703 1663 3521 3466 1074 4975 736 4239 2605 2362 1634 1522 1229 918 243 293 311 990 746
internal_count=12395 12151 11725 6750 468 302 6282 6116 5441 5332 1811 1703 1663 3521 3466 1074 4975 736 4239 2605 2362 1634 1522 1229 918 243 293 311 990 746
is_linear=0
shrinkage=0.05


Tree=82
num_leaves=31
num_cat=0
split_feature=14 8 7 6 8 7 8 7 6 0 6 0 14 15 15 14 15 7 7 14 13 14 14 10 10 14 15 14 7 7
split_gain=69.4224 53.96 38.1641 58.8646 60.2678 39.9353 37.2164 48.314 32.872 48.2634 34.1821 28.595 23.6793 28.6669 24.9959 24.808 23.6479 23.2889 23.3751 25.6277 21.7018 18.6409 18.4832 32.1537 20.6288 18.2822 16.8747 30.6759 22.0553 27.7848
threshold=2160.8150000000005 4.5000000000000009 8.5000000000000018 299.01960784313729 5.5000000000000009 18.500000000000004 5.5000000000000009 2.5000000000000004 1.0000000180025095e-35 1.0117647058823531 47.519607843137258 -3.229411764705882 1047.3200000000002 1530.0750000000003 1241.9250000000002 1223.0050000000003 1226.6450000000002 15.500000000000002 4.5000000000000009 1567.5800000000002 -0.90892157495189674 860.48000000000013 900.68000000000018 -0.65882179392489248 1.0000000180025095e-35 948.34000000000003 1571.9100000000003 1556.6150000000002 19.500000000000004 4.5000000000000009
decision_type=10 2 2 2 2 2 2 2 2 2 2 2 10 10 8 10 10 2 2 10 2 10 10 2 2 8 10 10 2 2
left_child=1 8 6 4 5 -4 7 -3 11 -10 17 -1 13 22 -14 20 -12 18 -11 -20 -16 -5 -13 -24 -25 -18 27 -17 29 -28
right_child=-2 2 3 21 -6 -7 -8 -9 9 10 16 12 14 -15 15 26 25 -19 19 -21 -22 -23 23 24 -26 -27 28 -29 -30 -31
leaf_value=1.5752025224657586 5.185410378476667 0.68826555944871193 0.18398389651518984 -5.6324168791081011 0.7938889726636944 -0.77274119362244853 -1.18502349695749 -0.83684308253129991 2.8485872795230991 -0.42225319861697702 0.68471733903230081 -3.4219406763516478 0.24916772301127141 3.1758443860871126 0.47901760566691109 -0.02180692648965419 -2.2780175026030007 0.078574702286294956 2.9817223303690641 0.86079188986557831 -1.1067760322291407 -1.6105548203486137 0.26024843230052852 -1.8803269264472307 -0.59929555477472152 0.004220568095138333 -1.3577183529859669 1.1807898564932202 -1.0297657049023996 0.079350921532079621
leaf_weight=118 92 221 407 50 721 366 657 439 147 63 570 124 821 45 55 1198 122 390 211 402 245 599 126 103 81 2641 107 182 270 679
leaf_count=118 92 221 407 50 721 366 657 439 147 63 570 124 821 45 55 1198 122 390 211 402 245 599 126 103 81 2641 107 182 270 679
internal_value=-2.44838e-05 -0.000353589 -0.00563421 -0.00151586 0.00394649 -0.00574935 -0.0123293 -0.00393343 0.00174693 0.00468441 0.00373864 -0.00146811 -0.00217984 -0.0126042 -0.000772906 -0.00306905 0.00124475 0.0115276 0.0171344 0.020114 -0.0166113 -0.0140769 -0.0165517 -0.00996785 -0.0232432 -0.00066932 -0.00139516 0.00224475 -0.00614948 -0.00190597
internal_weight=12252 12160 3460 2143 1494 773 1317 660 8700 4546 4399 4154 4036 479 3557 2736 3333 1066 676 613 300 649 434 310 184 2763 2436 1380 1056 786
internal_count=12252 12160 3460 2143 1494 773 1317 660 8700 4546 4399 4154 4036 479 3557 2736 3333 1066 676 613 300 649 434 310 184 2763 2436 1380 1056 786
is_linear=0
shrinkage=0.05


end of trees

feature_importances:
ar1=386
dow=296
ar7=251
hod=230
doy_s=224
doy_s2=187
Tma=180
doy_c=180
ghi=177
T=133
hdh=115
doy_c2=101
hdh2=16
cdh=14

parameters:
[boosting: gbdt]
[objective: regression_l1]
[metric: l1]
[tree_learner: serial]
[device_type: cpu]
[data_sample_strategy: bagging]
[data: ]
[valid: ]
[num_iterations: 83]
[learning_rate: 0.05]
[num_leaves: 31]
[num_threads: 80]
[seed: 0]
[deterministic: 0]
[force_col_wise: 0]
[force_row_wise: 0]
[histogram_pool_size: -1]
[max_depth: -1]
[min_data_in_leaf: 40]
[min_sum_hessian_in_leaf: 0.001]
[bagging_fraction: 0.8]
[pos_bagging_fraction: 1]
[neg_bagging_fraction: 1]
[bagging_freq: 1]
[bagging_seed: 3]
[bagging_by_query: 0]
[feature_fraction: 0.8]
[feature_fraction_bynode: 1]
[feature_fraction_seed: 2]
[extra_trees: 0]
[extra_seed: 6]
[early_stopping_round: 0]
[early_stopping_min_delta: 0]
[first_metric_only: 0]
[max_delta_step: 0]
[lambda_l1: 0]
[lambda_l2: 1]
[linear_lambda: 0]
[min_gain_to_split: 0]
[drop_rate: 0.1]
[max_drop: 50]
[skip_drop: 0.5]
[xgboost_dart_mode: 0]
[uniform_drop: 0]
[drop_seed: 4]
[top_rate: 0.2]
[other_rate: 0.1]
[min_data_per_group: 100]
[max_cat_threshold: 32]
[cat_l2: 10]
[cat_smooth: 10]
[max_cat_to_onehot: 4]
[top_k: 20]
[monotone_constraints: ]
[monotone_constraints_method: basic]
[monotone_penalty: 0]
[feature_contri: ]
[forcedsplits_filename: ]
[refit_decay_rate: 0.9]
[cegb_tradeoff: 1]
[cegb_penalty_split: 0]
[cegb_penalty_feature_lazy: ]
[cegb_penalty_feature_coupled: ]
[path_smooth: 0]
[interaction_constraints: ]
[verbosity: -1]
[saved_feature_importance_type: 0]
[use_quantized_grad: 0]
[num_grad_quant_bins: 4]
[quant_train_renew_leaf: 0]
[stochastic_rounding: 1]
[linear_tree: 0]
[max_bin: 255]
[max_bin_by_feature: ]
[min_data_in_bin: 3]
[bin_construct_sample_cnt: 200000]
[data_random_seed: 1]
[is_enable_sparse: 1]
[enable_bundle: 1]
[use_missing: 1]
[zero_as_missing: 0]
[feature_pre_filter: 1]
[pre_partition: 0]
[two_round: 0]
[header: 0]
[label_column: ]
[weight_column: ]
[group_column: ]
[ignore_column: ]
[categorical_feature: ]
[forcedbins_filename: ]
[precise_float_parser: 0]
[parser_config_file: ]
[objective_seed: 5]
[num_class: 1]
[is_unbalance: 0]
[scale_pos_weight: 1]
[sigmoid: 1]
[boost_from_average: 1]
[reg_sqrt: 0]
[alpha: 0.9]
[fair_c: 1]
[poisson_max_delta_step: 0.7]
[tweedie_variance_power: 1.5]
[lambdarank_truncation_level: 30]
[lambdarank_norm: 1]
[label_gain: ]
[lambdarank_position_bias_regularization: 0]
[eval_at: ]
[multi_error_top_k: 1]
[auc_mu_weights: ]
[num_machines: 1]
[local_listen_port: 12400]
[time_out: 120]
[machine_list_filename: ]
[machines: ]
[gpu_platform_id: -1]
[gpu_device_id: -1]
[gpu_device_id_list: ]
[gpu_use_dp: 0]
[num_gpu: 1]

end of parameters

pandas_categorical:[]
