zone	rule	period	n_hours	mae_mw	median_ae_mw
AT	v2	all	18024	541.5174063135194	453.370419375
AT	v2	evening	3004	542.4450954232689	455.1288749999999
AT	v2	jul26	504	590.8200647390873	544.266826625
AT	v2	jul26_evening	84	566.8172249270834	556.14931725
AT	rec3	all	18024	524.444353037672	430.22487500000017
AT	rec3	evening	3004	522.4657047972704	435.4926250000001
AT	rec3	jul26	504	483.1521183080357	379.953887375
AT	rec3	jul26_evening	84	455.76221027976186	397.7040571250001
AT	d2	all	18024	549.3392022559781	452.231375
AT	d2	evening	3004	537.1627822184587	437.8513237499999
AT	d2	jul26	504	455.2657005962302	363.70123037500025
AT	d2	jul26_evening	84	342.09268414583335	312.91055775000007
AT	ana8	all	18024	546.5818864385749	468.686571125
AT	ana8	evening	3004	541.3817578407125	462.11081249999995
AT	ana8	jul26	504	585.0628271346726	549.4180421875
AT	ana8	jul26_evening	84	576.0157456979165	518.7007890625
AT	ana8b	all	18024	514.7225086856935	432.1469374999999
AT	ana8b	evening	3004	514.266411679365	428.94725000000005
AT	ana8b	jul26	504	600.3905937327629	585.1354564375
AT	ana8b	jul26_evening	84	585.4334397968748	628.2800815625001
AT	ana16	all	18024	532.526516563568	454.3330000000001
AT	ana16	evening	3004	537.4478575374501	456.6350625000001
AT	ana16	jul26	504	559.3836467011408	516.6770946249999
AT	ana16	jul26_evening	84	574.814293815476	560.8013363125001
AT	ana16b	all	18024	512.7851877440045	434.7721624999999
AT	ana16b	evening	3004	515.3616413957432	432.19885887500004
AT	ana16b	jul26	504	624.5512696479415	612.690306875
AT	ana16b	jul26_evening	84	598.0944411354167	620.3071874687498
AT	ana8w	all	18024	570.2574699068326	490.0451868125
AT	ana8w	evening	3004	563.3463437681842	478.25398737500007
AT	ana8w	jul26	504	624.4167596063988	609.438903875
AT	ana8w	jul26_evening	84	609.2152267559524	595.6728986249998
AT	ana16w	all	18024	560.185591616234	488.85633900000005
AT	ana16w	evening	3004	561.3578215837633	491.76441875000023
AT	ana16w	jul26	504	667.0035391436012	674.0783893750001
AT	ana16w	jul26_evening	84	634.3733046979166	651.1391116875
AT	anad2	all	18024	471.7938113594721	398.1778750000001
AT	anad2	evening	3004	472.65122711542944	400.9577825000001
AT	anad2	jul26	504	437.08709404203864	380.50022903125
AT	anad2	jul26_evening	84	406.2202767470238	353.1609568125
AT	anad2w	all	18024	479.7358869507601	412.1339062500001
AT	anad2w	evening	3004	481.240621542922	417.6936562500002
AT	anad2w	jul26	504	482.94284536793157	446.67757615624987
AT	anad2w	jul26_evening	84	412.68097480729165	374.0271122500001
AT	ana16wb	all	18024	512.7851877440045	434.7721624999999
AT	ana16wb	evening	3004	515.3616413957432	432.19885887500004
AT	ana16wb	jul26	504	624.5512696479415	612.690306875
AT	ana16wb	jul26_evening	84	598.0944411354167	620.3071874687498
AT	v3	all	18024	507.7786109873953	427.77881843750015
AT	v3	evening	3004	512.5716407562	423.8765625000001
AT	v3	jul26	504	564.800224201265	520.14297625
AT	v3	jul26_evening	84	567.8866871748513	540.6502667499999
BE	v2	all	18024	518.7143716385976	427.3350106875
BE	v2	evening	3004	474.4528136406735	396.29884243749996
BE	v2	jul26	504	514.0248240350942	461.21688700000004
BE	v2	jul26_evening	84	549.4937640416667	516.4936118749998
BE	rec3	all	18024	562.2918571517861	460.47186106250007
BE	rec3	evening	3004	506.3016025755798	423.69331887500005
BE	rec3	jul26	504	532.0850094109622	475.75543749999986
BE	rec3	jul26_evening	84	554.5500142589286	476.21231249999994
BE	d2	all	18024	580.1296378839811	459.8094649999998
BE	d2	evening	3004	511.56521153241516	418.6754723125001
BE	d2	jul26	504	550.7058908730158	454.80812500000013
BE	d2	jul26_evening	84	565.4610223214285	509.81499999999994
BE	ana8	all	18024	558.5027032993104	474.85335399999985
BE	ana8	evening	3004	507.49178458720314	438.89025028124996
BE	ana8	jul26	504	534.6138211746859	437.4790359687498
BE	ana8	jul26_evening	84	513.9011117735614	520.5839339999998
BE	ana8b	all	18024	523.9274477410137	441.55289021875
BE	ana8b	evening	3004	478.84064691202354	407.10225445312494
BE	ana8b	jul26	504	470.70142042923277	384.40327342187487
BE	ana8b	jul26_evening	84	491.49430399875996	426.8012261093751
BE	ana16	all	18024	545.7132502329058	459.032524125
BE	ana16	evening	3004	481.77081663089496	402.60485503125
BE	ana16	jul26	504	509.93462357638884	438.1124404374999
BE	ana16	jul26_evening	84	469.5040361525298	429.0675110312502
BE	ana16b	all	18024	524.1503210324041	441.28111199999967
BE	ana16b	evening	3004	474.5522140555163	403.50172343750006
BE	ana16b	jul26	504	475.86191783085314	373.22312685937493
BE	ana16b	jul26_evening	84	468.3286470892857	420.1363892812502
BE	ana8w	all	18024	610.0696141233228	517.7116737187503
BE	ana8w	evening	3004	563.555858866019	484.67988246875007
BE	ana8w	jul26	504	609.6251118522239	505.32917299999986
BE	ana8w	jul26_evening	84	488.5891860262897	444.987418875
BE	ana16w	all	18024	605.7555396437793	518.051543
BE	ana16w	evening	3004	551.7097961927985	483.45137600000004
BE	ana16w	jul26	504	650.0845764001735	535.9292942499997
BE	ana16w	jul26_evening	84	475.115913717262	435.1347360000002
BE	anad2	all	18024	493.3260123730691	410.64675203125006
BE	anad2	evening	3004	441.0784792596469	369.33900026562486
BE	anad2	jul26	504	460.939010640873	378.1651838906249
BE	anad2	jul26_evening	84	467.0937943381697	437.2403124062501
BE	anad2w	all	18024	513.784379998276	435.3253840625001
BE	anad2w	evening	3004	462.3487483853681	398.407703171875
BE	anad2w	jul26	504	505.53488758785954	421.305456203125
BE	anad2w	jul26_evening	84	453.0343702485119	389.0979881562499
BE	ana16wb	all	18024	524.1503210324041	441.28111199999967
BE	ana16wb	evening	3004	474.5522140555163	403.50172343750006
BE	ana16wb	jul26	504	475.86191783085314	373.22312685937493
BE	ana16wb	jul26_evening	84	468.3286470892857	420.1363892812502
BE	v3	all	18024	504.0101339991417	417.92299062499995
BE	v3	evening	3004	452.7430693012234	376.98907770312513
BE	v3	jul26	504	468.91181722922863	386.1998335625
BE	v3	jul26_evening	84	501.5325178545387	455.8820627500002
BG	v2	all	18024	282.4229975441911	234.0910375
BG	v2	evening	3004	250.4081783980526	206.1910375
BG	v2	jul26	504	322.74245260863097	289.806949625
BG	v2	jul26_evening	84	541.4242332916667	563.280437125
BG	rec3	all	18024	260.2783618870118	203.23722475
BG	rec3	evening	3004	212.86643237050598	178.39250000000004
BG	rec3	jul26	504	198.78874085019845	154.9803747499999
BG	rec3	jul26_evening	84	236.6310041309524	209.39217499999984
BG	d2	all	18024	224.76232353797712	150.327425
BG	d2	evening	3004	138.31595182939412	110.33292499999997
BG	d2	jul26	504	254.86879161507935	153.24602524999983
BG	d2	jul26_evening	84	184.01104102380955	145.63929999999982
BG	ana8	all	18024	277.4567457312889	220.62237499999998
BG	ana8	evening	3004	284.5257033837383	217.86961212499995
BG	ana8	jul26	504	455.8697718229167	339.5025499999999
BG	ana8	jul26_evening	84	1034.9444463392856	1052.82756225
BG	ana8b	all	18024	269.1489594577439	224.96668750000003
BG	ana8b	evening	3004	273.36677991357357	218.25667493750004
BG	ana8b	jul26	504	385.71844180208336	295.9933437500001
BG	ana8b	jul26_evening	84	900.0778393630951	951.7442060625001
BG	ana16	all	18024	279.5261827979223	226.57028737500008
BG	ana16	evening	3004	293.48496735394474	223.75717499999996
BG	ana16	jul26	504	457.1611308462302	317.09081262499996
BG	ana16	jul26_evening	84	1075.203692160714	1095.38649975
BG	ana16b	all	18024	270.2644219214034	224.40844375000006
BG	ana16b	evening	3004	274.44497484129494	214.33150618750003
BG	ana16b	jul26	504	393.1093089878472	304.031931
BG	ana16b	jul26_evening	84	932.3304161488095	972.4196625
BG	ana8w	all	18024	291.6787725461745	232.35945000000004
BG	ana8w	evening	3004	322.7709974244341	234.32285000000002
BG	ana8w	jul26	504	501.60789150843254	344.48943750000007
BG	ana8w	jul26_evening	84	1258.7314454345237	1273.4881497499998
BG	ana16w	all	18024	289.96773396669715	232.75832499999999
BG	ana16w	evening	3004	323.37835658696736	228.70000000000005
BG	ana16w	jul26	504	516.5210128859127	347.468175
BG	ana16w	jul26_evening	84	1323.2365990059523	1363.71557475
BG	anad2	all	18024	216.12245253622254	164.10825
BG	anad2	evening	3004	180.30819122673935	142.58963124999997
BG	anad2	jul26	504	305.9430000357143	232.65965662500003
BG	anad2	jul26_evening	84	562.1831418988096	573.4534000000001
BG	anad2w	all	18024	220.74718811134457	166.2526125
BG	anad2w	evening	3004	195.5383757957307	147.9592375
BG	anad2w	jul26	504	326.09886327876984	220.64080624999997
BG	anad2w	jul26_evening	84	683.4740498005953	709.8562995
BG	ana16wb	all	18024	270.2644219214034	224.40844375000006
BG	ana16wb	evening	3004	274.44497484129494	214.33150618750003
BG	ana16wb	jul26	504	393.1093089878472	304.031931
BG	ana16wb	jul26_evening	84	932.3304161488095	972.4196625
BG	v3	all	18024	265.84861146447093	220.5686625
BG	v3	evening	3004	259.4257881138482	211.61876250000006
BG	v3	jul26	504	367.6246675171131	294.068362125
BG	v3	jul26_evening	84	808.3139627261904	835.5097563125
CZ	v2	all	18024	396.09570235727364	340.727546875
CZ	v2	evening	3004	383.5241433276465	319.3782656249999
CZ	v2	jul26	504	456.42862413194445	421.9197187499999
CZ	v2	jul26_evening	84	512.5100416666667	521.7372499999999
CZ	rec3	all	18024	415.49360607939417	344.42690000000005
CZ	rec3	evening	3004	414.3035470955392	333.9116750000001
CZ	rec3	jul26	504	352.93361448412696	306.74693749999994
CZ	rec3	jul26_evening	84	389.0512648809524	334.18499999999995
CZ	d2	all	18024	381.5294689580559	316.51543124999995
CZ	d2	evening	3004	391.7792462133821	325.1446875
CZ	d2	jul26	504	388.10264707341275	261.52481250000017
CZ	d2	jul26_evening	84	403.45794791666674	268.34125000000006
CZ	ana8	all	18024	402.73347745020527	347.23088125000004
CZ	ana8	evening	3004	399.40144579935077	349.30625000000003
CZ	ana8	jul26	504	447.8175147073413	388.08565312500025
CZ	ana8	jul26_evening	84	455.94521249999985	382.0902187499998
CZ	ana8b	all	18024	373.8062727340976	321.4995312500001
CZ	ana8b	evening	3004	368.14242557735514	319.05921874999996
CZ	ana8b	jul26	504	465.2335707093254	435.2931718749999
CZ	ana8b	jul26_evening	84	519.342804278274	509.96482031249997
CZ	ana16	all	18024	392.0440239430759	334.3512
CZ	ana16	evening	3004	388.81809853528625	336.78855624999994
CZ	ana16	jul26	504	435.7801940600198	397.072365625
CZ	ana16	jul26_evening	84	481.76312953869046	444.44756249999983
CZ	ana16b	all	18024	368.7613849154252	315.29430937500007
CZ	ana16b	evening	3004	364.21011096766813	313.7250015625
CZ	ana16b	jul26	504	460.3797952690972	430.8066093750001
CZ	ana16b	jul26_evening	84	522.986369345238	516.7736796874999
CZ	ana8w	all	18024	399.0880607693215	342.05749999999995
CZ	ana8w	evening	3004	390.23022173768305	333.89049062500004
CZ	ana8w	jul26	504	497.96166812996034	466.03572187500004
CZ	ana8w	jul26_evening	84	543.7908273065476	552.0358375
CZ	ana16w	all	18024	381.2309623054677	328.6265625
CZ	ana16w	evening	3004	374.9222060544274	325.99548437499993
CZ	ana16w	jul26	504	483.90738825644837	443.1944218750001
CZ	ana16w	jul26_evening	84	545.3532180059525	520.632328125
CZ	anad2	all	18024	336.1834722151715	285.6707265625
CZ	anad2	evening	3004	342.3476322237018	299.03960625
CZ	anad2	jul26	504	345.0813558469742	278.35221875
CZ	anad2	jul26_evening	84	368.93359877232143	278.36521875000017
CZ	anad2w	all	18024	331.10147000960524	282.5428703125
CZ	anad2w	evening	3004	335.2930317784621	292.1430015625
CZ	anad2w	jul26	504	365.0099485553075	325.06155625
CZ	anad2w	jul26_evening	84	405.9424898065476	357.59602500000005
CZ	ana16wb	all	18024	368.7613849154252	315.29430937500007
CZ	ana16wb	evening	3004	364.21011096766813	313.7250015625
CZ	ana16wb	jul26	504	460.3797952690972	430.8066093750001
CZ	ana16wb	jul26_evening	84	522.986369345238	516.7736796874999
CZ	v3	all	18024	373.6675849610242	319.42569843750005
CZ	v3	evening	3004	369.2652497825816	316.34825781250004
CZ	v3	jul26	504	439.83046114211305	402.5398171875001
CZ	v3	jul26_evening	84	490.82270613839285	422.7726499999999
DE_LU	v2	all	18024	2368.4996783731044	1940.1428962500004
DE_LU	v2	evening	3004	2362.7431877936638	1909.1574706874999
DE_LU	v2	jul26	504	2271.789698785838	1810.3808555625
DE_LU	v2	jul26_evening	84	2633.756436375	1841.7371239999998
DE_LU	rec3	all	18024	2463.913107521751	1993.756757
DE_LU	rec3	evening	3004	2394.0447184664613	1849.8291033125001
DE_LU	rec3	jul26	504	2414.7330403033234	1649.32689375
DE_LU	rec3	jul26_evening	84	2517.113932504464	1205.0671125
DE_LU	d2	all	18024	2609.2095815336934	2094.2803126874996
DE_LU	d2	evening	3004	2565.0002733353167	2031.5634639375005
DE_LU	d2	jul26	504	2643.399405590278	1998.4262512500004
DE_LU	d2	jul26_evening	84	2687.443113497024	1824.5758931250002
DE_LU	ana8	all	18024	2362.68625931538	1938.0558405625002
DE_LU	ana8	evening	3004	2207.4701664034205	1746.767972375
DE_LU	ana8	jul26	504	2272.7522581858875	1805.6270210624998
DE_LU	ana8	jul26_evening	84	2266.850453235119	1493.1975568125
DE_LU	ana8b	all	18024	2221.3307298242016	1850.5616883281243
DE_LU	ana8b	evening	3004	2173.9850468638137	1748.3038065
DE_LU	ana8b	jul26	504	2187.1211240737844	1742.68209928125
DE_LU	ana8b	jul26_evening	84	2236.6163915003717	1380.7305941406248
DE_LU	ana16	all	18024	2289.447837390786	1870.8249818749998
DE_LU	ana16	evening	3004	2135.6937149838204	1685.088040093749
DE_LU	ana16	jul26	504	2250.302592454489	1816.1449420000001
DE_LU	ana16	jul26_evening	84	2074.9570735587795	1046.9547780312496
DE_LU	ana16b	all	18024	2197.463403824957	1805.5582955156249
DE_LU	ana16b	evening	3004	2147.872201740038	1727.353565609375
DE_LU	ana16b	jul26	504	2186.449497392981	1723.0268296406248
DE_LU	ana16b	jul26_evening	84	2347.0371412812497	1625.60962953125
DE_LU	ana8w	all	18024	2350.6527179492196	1930.1682028749988
DE_LU	ana8w	evening	3004	2186.8192801994282	1750.4965595000003
DE_LU	ana8w	jul26	504	2360.523060592138	2023.7021766875
DE_LU	ana8w	jul26_evening	84	2110.451595789435	1356.109478375
DE_LU	ana16w	all	18024	2278.3725372365266	1868.0909895000004
DE_LU	ana16w	evening	3004	2132.1006770670842	1721.6761141562502
DE_LU	ana16w	jul26	504	2288.618022760789	1876.6935761250002
DE_LU	ana16w	jul26_evening	84	2135.914468729167	1468.6722516249997
DE_LU	anad2	all	18024	2154.2116872870683	1792.3939910000004
DE_LU	anad2	evening	3004	2081.6220347130597	1688.1120114687496
DE_LU	anad2	jul26	504	2104.1137776591645	1565.9183148125003
DE_LU	anad2	jul26_evening	84	2082.112100537575	1383.5457417656248
DE_LU	anad2w	all	18024	2144.679448124882	1790.7641258124995
DE_LU	anad2w	evening	3004	2061.9468533900526	1682.99210646875
DE_LU	anad2w	jul26	504	2050.926286859561	1496.5607560312492
DE_LU	anad2w	jul26_evening	84	2075.271124324404	1326.2619912343744
DE_LU	ana16wb	all	18024	2197.463403824957	1805.5582955156249
DE_LU	ana16wb	evening	3004	2147.872201740038	1727.353565609375
DE_LU	ana16wb	jul26	504	2186.449497392981	1723.0268296406248
DE_LU	ana16wb	jul26_evening	84	2347.0371412812497	1625.60962953125
DE_LU	v3	all	18024	2286.5888330045136	1869.0384472499998
DE_LU	v3	evening	3004	2246.675229118641	1808.6206973593744
DE_LU	v3	jul26	504	2194.485670150546	1726.44446071875
DE_LU	v3	jul26_evening	84	2376.8616677388395	1715.1128767343753
DK1	v2	all	18024	585.6982262884002	497.67375000000004
DK1	v2	evening	3004	600.5043502034787	517.1712500000001
DK1	v2	jul26	504	901.6175326490575	809.4428113124999
DK1	v2	jul26_evening	84	1065.316927854167	1038.5684334375
DK1	rec3	all	18024	520.5903937657729	437.75965699999983
DK1	rec3	evening	3004	521.1216442751747	437.62750000000005
DK1	rec3	jul26	504	677.7425625076885	515.8248221250001
DK1	rec3	jul26_evening	84	803.826842998512	728.3783125
DK1	d2	all	18024	534.6602933025804	441.1004875625
DK1	d2	evening	3004	540.7413297078062	436.95562500000005
DK1	d2	jul26	504	672.7905720282738	527.0497486249999
DK1	d2	jul26_evening	84	755.723145470238	455.69171762500014
DK1	ana8	all	18024	446.25326727482803	378.16345400000006
DK1	ana8	evening	3004	437.45235674893894	371.7295758125001
DK1	ana8	jul26	504	594.5499502467759	491.19454081249995
DK1	ana8	jul26_evening	84	583.3133143199403	478.13543749999985
DK1	ana8b	all	18024	468.10115301616594	399.9592343437499
DK1	ana8b	evening	3004	467.81849250891514	398.77015624999996
DK1	ana8b	jul26	504	707.4940638988095	624.5532128125001
DK1	ana8b	jul26_evening	84	764.9194161331845	707.5490802812499
DK1	ana16	all	18024	436.51067879890593	373.03156862500003
DK1	ana16	evening	3004	428.06684727750496	363.43499999999995
DK1	ana16	jul26	504	589.7166415353422	525.7067080312502
DK1	ana16	jul26_evening	84	598.6442029300595	552.8823125000001
DK1	ana16b	all	18024	466.1604402248761	403.95016948958335
DK1	ana16b	evening	3004	469.2731093805967	409.64895981250004
DK1	ana16b	jul26	504	711.9106525370163	666.381864875
DK1	ana16b	jul26_evening	84	793.4533510290179	739.2179764062499
DK1	ana8w	all	18024	465.77425973780095	397.458125
DK1	ana8w	evening	3004	464.9591134350242	406.5056249999999
DK1	ana8w	jul26	504	598.7604849975198	548.9339374374999
DK1	ana8w	jul26_evening	84	527.7235256383929	494.8619021874998
DK1	ana16w	all	18024	448.75426509003506	383.7323749375
DK1	ana16w	evening	3004	445.6701949877663	387.38531250000005
DK1	ana16w	jul26	504	591.3067286628225	541.7125625000001
DK1	ana16w	jul26_evening	84	565.1067123854167	486.4984374999999
DK1	anad2	all	18024	432.34241065912295	366.74223603125006
DK1	anad2	evening	3004	435.62117128064665	380.72696365625006
DK1	anad2	jul26	504	564.6662999064359	479.53015625
DK1	anad2	jul26_evening	84	636.2577633876488	560.1367071875
DK1	anad2w	all	18024	436.36778097158304	368.5115234062501
DK1	anad2w	evening	3004	440.22513299781536	382.2121875
DK1	anad2w	jul26	504	569.7495343779142	479.40431250000006
DK1	anad2w	jul26_evening	84	629.7849858578869	577.1956406249999
DK1	ana16wb	all	18024	466.07664542350005	403.59328125
DK1	ana16wb	evening	3004	470.2130921119549	412.00143750000007
DK1	ana16wb	jul26	504	711.9106525370163	666.381864875
DK1	ana16wb	jul26_evening	84	793.4533510290179	739.2179764062499
DK1	v3	all	18024	585.6982262884002	497.67375000000004
DK1	v3	evening	3004	600.5043502034787	517.1712500000001
DK1	v3	jul26	504	901.6175326490575	809.4428113124999
DK1	v3	jul26_evening	84	1065.316927854167	1038.5684334375
DK2	v2	all	18024	200.7552151132541	165.963125
DK2	v2	evening	3004	216.12678835827228	181.94450000000003
DK2	v2	jul26	504	299.7814000012401	296.18199037499994
DK2	v2	jul26_evening	84	388.05496854166665	431.78856249999995
DK2	rec3	all	18024	186.01100782481925	154.989375
DK2	rec3	evening	3004	194.26495014384986	161.45287499999998
DK2	rec3	jul26	504	232.57251483407737	186.5751605
DK2	rec3	jul26_evening	84	264.28920599702377	197.78400000000005
DK2	d2	all	18024	190.39565971988273	152.97925000000004
DK2	d2	evening	3004	199.8827856698569	161.84675
DK2	d2	jul26	504	189.8931525907738	134.62200000000007
DK2	d2	jul26_evening	84	209.62818356250003	145.76025000000004
DK2	ana8	all	18024	171.38112876098418	150.95312500000006
DK2	ana8	evening	3004	181.9069992370381	164.65812499999998
DK2	ana8	jul26	504	210.33059769469244	182.88110465625
DK2	ana8	jul26_evening	84	222.75392697916664	211.68440624999997
DK2	ana8b	all	18024	170.33105815831325	149.36953125000005
DK2	ana8b	evening	3004	184.35277830331432	166.39796875000002
DK2	ana8b	jul26	504	234.3681808812624	212.80066962500007
DK2	ana8b	jul26_evening	84	297.8352223139881	316.50021875
DK2	ana16	all	18024	165.10346869868417	147.58473293749998
DK2	ana16	evening	3004	179.73804386257908	164.74125000000004
DK2	ana16	jul26	504	192.11995942410715	155.37856250000004
DK2	ana16	jul26_evening	84	216.46082578869044	200.43009375000003
DK2	ana16b	all	18024	167.29011300928448	146.07343749999998
DK2	ana16b	evening	3004	181.5690188422208	164.01453125000003
DK2	ana16b	jul26	504	236.58281794605654	214.443453125
DK2	ana16b	jul26_evening	84	296.70920594494044	303.39278125
DK2	ana8w	all	18024	176.74754668447395	154.48037499999998
DK2	ana8w	evening	3004	191.3472580104652	173.98468749999998
DK2	ana8w	jul26	504	193.2449689716022	179.81565624999996
DK2	ana8w	jul26_evening	84	218.2861070386905	239.0898125
DK2	ana16w	all	18024	168.3391051327547	148.13656249999997
DK2	ana16w	evening	3004	185.3237310752122	168.55262499999998
DK2	ana16w	jul26	504	200.1409873638393	175.32921875
DK2	ana16w	jul26_evening	84	211.78204156250004	214.57737500000007
DK2	anad2	all	18024	160.64562867316843	138.33890625
DK2	anad2	evening	3004	170.6795294078416	150.24068750000004
DK2	anad2	jul26	504	170.3847914340278	139.81141796875
DK2	anad2	jul26_evening	84	192.7438641651786	161.08785178125
DK2	anad2w	all	18024	161.0942894710542	138.21175000000005
DK2	anad2w	evening	3004	172.27465352593416	152.06656250000003
DK2	anad2w	jul26	504	172.18680024553572	136.433046875
DK2	anad2w	jul26_evening	84	193.37270270684522	183.07562500000006
DK2	ana16wb	all	18024	167.29011300928448	146.07343749999998
DK2	ana16wb	evening	3004	181.5690188422208	164.01453125000003
DK2	ana16wb	jul26	504	236.58281794605654	214.443453125
DK2	ana16wb	jul26_evening	84	296.70920594494044	303.39278125
DK2	v3	all	18024	200.7552151132541	165.963125
DK2	v3	evening	3004	216.12678835827228	181.94450000000003
DK2	v3	jul26	504	299.7814000012401	296.18199037499994
DK2	v3	jul26_evening	84	388.05496854166665	431.78856249999995
EE	v2	all	18024	120.35917864985576	82.7640625
EE	v2	evening	3004	100.99513097453395	69.89375000000001
EE	v2	jul26	504	106.43830324900793	66.92687499999997
EE	v2	jul26_evening	84	57.02535714285715	53.45874999999995
EE	rec3	all	18024	82.0601100417499	64.1315625
EE	rec3	evening	3004	69.45378251872503	55.39156249999999
EE	rec3	jul26	504	76.01477814980157	57.46125000000001
EE	rec3	jul26_evening	84	65.73345238095239	61.38187499999995
EE	d2	all	18024	80.81341982772969	61.954375
EE	d2	evening	3004	66.42415106441412	50.97000000000004
EE	d2	jul26	504	81.30056702876986	63.553124999999966
EE	d2	jul26_evening	84	57.75169642857143	57.759999999999934
EE	ana8	all	18024	84.61642486712162	68.58828125000002
EE	ana8	evening	3004	72.79578125790611	62.27609375
EE	ana8	jul26	504	75.3341431001984	59.310156250000006
EE	ana8	jul26_evening	84	71.92026041666666	55.84953125000001
EE	ana8b	all	18024	88.70612824418139	69.21007812499998
EE	ana8b	evening	3004	74.00061268038449	58.085546875000006
EE	ana8b	jul26	504	89.84914839781746	65.49335937500001
EE	ana8b	jul26_evening	84	67.77269345238095	54.98703124999997
EE	ana16	all	18024	84.29116653018198	68.95953125000004
EE	ana16	evening	3004	73.16705817202065	60.82265624999998
EE	ana16	jul26	504	74.05746798859127	63.86718750000003
EE	ana16	jul26_evening	84	71.70671130952381	56.051406249999985
EE	ana16b	all	18024	88.91738787561029	69.2840625
EE	ana16b	evening	3004	74.67655888419607	57.529687499999994
EE	ana16b	jul26	504	86.02015779761904	63.23187499999999
EE	ana16b	jul26_evening	84	65.56417782738097	49.18601562500001
EE	ana8w	all	18024	88.71790304392754	71.96656250000002
EE	ana8w	evening	3004	75.78344700773968	64.385625
EE	ana8w	jul26	504	94.75556943948413	83.52781250000002
EE	ana8w	jul26_evening	84	89.3776711309524	81.80578125
EE	ana16w	all	18024	89.1289763730304	72.85125
EE	ana16w	evening	3004	78.4405337221205	67.24015625000001
EE	ana16w	jul26	504	89.3722458779762	80.76853125
EE	ana16w	jul26_evening	84	85.86185267857142	73.00437500000001
EE	anad2	all	18024	71.1575145293775	56.74773437500001
EE	anad2	evening	3004	60.19649062853696	49.26492187500001
EE	anad2	jul26	504	67.00797470610118	53.462031249999995
EE	anad2	jul26_evening	84	56.36216889880953	44.231328125000005
EE	anad2w	all	18024	71.98595898614347	56.334843749999976
EE	anad2w	evening	3004	61.54201671875	49.66312499999995
EE	anad2w	jul26	504	69.30938031746032	55.54851562499999
EE	anad2w	jul26_evening	84	57.12737723214286	43.768125
EE	ana16wb	all	18024	88.91738787561029	69.2840625
EE	ana16wb	evening	3004	74.67655888419607	57.529687499999994
EE	ana16wb	jul26	504	86.02015779761904	63.23187499999999
EE	ana16wb	jul26_evening	84	65.56417782738097	49.18601562500001
EE	v3	all	18024	126.75278214103416	98.63843750000001
EE	v3	evening	3004	109.59213422020639	87.42937500000001
EE	v3	jul26	504	105.02811361607142	73.13125
EE	v3	jul26_evening	84	63.38574404761906	48.58124999999998
ES	v2	all	18024	737.5870625970928	608.2262500000002
ES	v2	evening	3004	743.6571379826897	629.5487499999999
ES	v2	jul26	504	521.0045808531745	393.71750000000003
ES	v2	jul26_evening	84	544.4894047619048	482.6837499999998
ES	rec3	all	18024	807.0864216461385	654.095
ES	rec3	evening	3004	794.8502446737684	635.0575
ES	rec3	jul26	504	685.6629737103174	561.0225000000002
ES	rec3	jul26_evening	84	785.1280654761907	686.47
ES	d2	all	18024	737.4059924267643	578.6025000000001
ES	d2	evening	3004	739.1471945739016	580.7725
ES	d2	jul26	504	529.7546130952381	434.5099999999999
ES	d2	jul26_evening	84	567.2203571428571	467.07000000000005
ES	ana8	all	18024	737.6649713923101	608.2124999999999
ES	ana8	evening	3004	746.0184202313582	622.7262499999999
ES	ana8	jul26	504	545.027017609127	424.1337500000001
ES	ana8	jul26_evening	84	535.5581026785715	421.685
ES	ana8b	all	18024	693.9445510326509	580.301875
ES	ana8b	evening	3004	704.8015576106857	607.3896874999999
ES	ana8b	jul26	504	447.44123821924603	364.18937500000027
ES	ana8b	jul26_evening	84	524.7225892857143	474.55562499999985
ES	ana16	all	18024	723.219118224312	584.28125
ES	ana16	evening	3004	734.8476104776963	603.6925000000001
ES	ana16	jul26	504	512.8072631448414	438.89875
ES	ana16	jul26_evening	84	556.0154761904762	511.7562499999999
ES	ana16b	all	18024	691.3666399661562	575.0187500000001
ES	ana16b	evening	3004	702.7768545064913	594.714375
ES	ana16b	jul26	504	454.3582576884921	379.9950000000001
ES	ana16b	jul26_evening	84	489.4285863095239	428.428125
ES	ana8w	all	18024	729.0073156971262	607.4687500000001
ES	ana8w	evening	3004	742.2778355942078	626.8362500000001
ES	ana8w	jul26	504	489.39489459325404	419.41875000000005
ES	ana8w	jul26_evening	84	557.7916071428572	434.5024999999999
ES	ana16w	all	18024	713.631456530182	587.57625
ES	ana16w	evening	3004	723.4635425682424	584.46375
ES	ana16w	jul26	504	506.71700644841263	426.12125000000003
ES	ana16w	jul26_evening	84	499.5428273809524	369.9674999999999
ES	anad2	all	18024	643.3878583589935	526.1537500000001
ES	anad2	evening	3004	651.7426569781957	530.316875
ES	anad2	jul26	504	447.1505772569444	389.53187499999996
ES	anad2	jul26_evening	84	464.62264880952387	355.28000000000003
ES	anad2w	all	18024	635.0598103917	515.5868750000001
ES	anad2w	evening	3004	642.00868311002	522.7149999999999
ES	anad2w	jul26	504	435.6453807043651	355.87125000000003
ES	anad2w	jul26_evening	84	459.5585863095239	348.89500000000004
ES	ana16wb	all	18024	691.3666399661562	575.0187500000001
ES	ana16wb	evening	3004	702.7768545064913	594.714375
ES	ana16wb	jul26	504	454.3582576884921	379.9950000000001
ES	ana16wb	jul26_evening	84	489.4285863095239	428.428125
ES	v3	all	18024	696.5269188477863	580.3775
ES	v3	evening	3004	710.2626796562917	605.865625
ES	v3	jul26	504	471.2967280505952	378.62125
ES	v3	jul26_evening	84	507.02264880952384	447.59000000000003
FI	v2	all	18024	553.327934760056	453.6468231875
FI	v2	evening	3004	529.2210349551431	445.43440012499997
FI	v2	jul26	504	544.3999237306548	466.68287499999997
FI	v2	jul26_evening	84	440.68201317708326	383.0076565625
FI	rec3	all	18024	497.3624114129285	417.17763687499996
FI	rec3	evening	3004	473.9961893178263	388.13685906250004
FI	rec3	jul26	504	519.2568431622024	468.51972043750004
FI	rec3	jul26_evening	84	498.65039957886904	488.211917375
FI	d2	all	18024	502.46861291107	405.64125
FI	d2	evening	3004	491.94743886035286	409.3415590625
FI	d2	jul26	504	465.4129731862599	394.2521159375
FI	d2	jul26_evening	84	514.4340560892857	521.6574860000001
FI	ana8	all	18024	466.6637283552105	395.3007751250001
FI	ana8	evening	3004	465.0856970392602	403.3339062499999
FI	ana8	jul26	504	371.21504982514887	300.06403124999997
FI	ana8	jul26_evening	84	360.7642019114583	348.6147595
FI	ana8b	all	18024	459.98928941479244	381.09865979687504
FI	ana8b	evening	3004	444.3476990390521	362.9812656250001
FI	ana8b	jul26	504	444.9824279809028	395.8009858125
FI	ana8b	jul26_evening	84	370.18288616369045	327.07767990624984
FI	ana16	all	18024	461.13766150298216	394.89418612500015
FI	ana16	evening	3004	452.78835814957137	390.79609375000007
FI	ana16	jul26	504	360.76689737152776	293.31854562499996
FI	ana16	jul26_evening	84	358.41087611160714	356.9913749999999
FI	ana16b	all	18024	455.70913438234095	377.56442037500005
FI	ana16b	evening	3004	439.0547093562021	363.54279978125
FI	ana16b	jul26	504	429.3487060512773	383.2625870625
FI	ana16b	jul26_evening	84	357.8289560848213	350.23703125
FI	ana8w	all	18024	465.51970665422846	382.58843750000005
FI	ana8w	evening	3004	460.8499541273302	387.21512175
FI	ana8w	jul26	504	414.5171959677579	355.781875
FI	ana8w	jul26_evening	84	399.78445646875	401.05300675
FI	ana16w	all	18024	449.3697060654474	375.46142856249986
FI	ana16w	evening	3004	441.33209424906374	377.37968749999993
FI	ana16w	jul26	504	378.30904653534225	317.72853750000013
FI	ana16w	jul26_evening	84	368.5408902485119	368.87250000000006
FI	anad2	all	18024	429.3884476252219	354.92632812499994
FI	anad2	evening	3004	418.0912434140625	343.42801309375005
FI	anad2	jul26	504	374.23931886569943	307.72679687500005
FI	anad2	jul26_evening	84	402.76485588913687	394.20836793749993
FI	anad2w	all	18024	425.9803520574998	354.4878125
FI	anad2w	evening	3004	418.05884368076937	355.46508990625006
FI	anad2w	jul26	504	381.52178038027034	312.21585037500006
FI	anad2w	jul26_evening	84	399.8392000111607	425.15377924999996
FI	ana16wb	all	18024	455.70913438234095	377.56442037500005
FI	ana16wb	evening	3004	439.0547093562021	363.54279978125
FI	ana16wb	jul26	504	429.3487060512773	383.2625870625
FI	ana16wb	jul26_evening	84	357.8289560848213	350.23703125
FI	v3	all	18024	553.327934760056	453.6468231875
FI	v3	evening	3004	529.2210349551431	445.43440012499997
FI	v3	jul26	504	544.3999237306548	466.68287499999997
FI	v3	jul26_evening	84	440.68201317708326	383.0076565625
FR	v2	all	18024	1584.6573849681906	1194.1525031250007
FR	v2	evening	3004	1486.0099751267892	1144.1095778124995
FR	v2	jul26	504	1460.3822001139633	1143.2903634375007
FR	v2	jul26_evening	84	1442.0459785119049	1290.7654434374995
FR	rec3	all	18024	1678.1787874922718	1270.3816693749995
FR	rec3	evening	3004	1568.8159090685751	1214.475125
FR	rec3	jul26	504	1560.7626401587302	1401.7593718750004
FR	rec3	jul26_evening	84	1427.9942130952384	1377.1059281250004
FR	d2	all	18024	1659.4814684917192	1223.9198999999999
FR	d2	evening	3004	1442.5156312084723	1127.1158124999995
FR	d2	jul26	504	1776.7875503745038	1451.2119737500002
FR	d2	jul26_evening	84	1730.8798036607145	1438.9354906249996
FR	ana8	all	18024	1544.7512373645093	1250.4542187499992
FR	ana8	evening	3004	1420.6022394392685	1162.5941999999995
FR	ana8	jul26	504	1627.6246147073412	1447.5834396874998
FR	ana8	jul26_evening	84	1475.5034891071427	1233.3995175
FR	ana8b	all	18024	1437.098325111026	1136.9439046874993
FR	ana8b	evening	3004	1317.1837722873458	1073.5852187500002
FR	ana8b	jul26	504	1498.7642729928696	1343.3683632812504
FR	ana8b	jul26_evening	84	1341.0836442410716	1246.9356468749993
FR	ana16	all	18024	1499.755377825922	1203.7474012500006
FR	ana16	evening	3004	1366.0763824660246	1112.84860875
FR	ana16	jul26	504	1475.2838434821429	1209.8426615625003
FR	ana16	jul26_evening	84	1342.8273618973215	1108.091523125
FR	ana16b	all	18024	1423.184579686455	1135.4779999843754
FR	ana16b	evening	3004	1295.5695563525924	1045.2095781406242
FR	ana16b	jul26	504	1548.3240015506574	1448.10489125
FR	ana16b	jul26_evening	84	1373.469728024554	1140.906792031251
FR	ana8w	all	18024	1688.344020811833	1417.1198750000008
FR	ana8w	evening	3004	1593.4477999318824	1339.1659906250006
FR	ana8w	jul26	504	1764.2708156212798	1635.673319999999
FR	ana8w	jul26_evening	84	1532.2008225000002	1413.5861031250006
FR	ana16w	all	18024	1646.943586462233	1395.811590625
FR	ana16w	evening	3004	1524.8158332205808	1248.2741796875002
FR	ana16w	jul26	504	1888.96235874628	1793.9572615624993
FR	ana16w	jul26_evening	84	1676.9633600669642	1730.9965543749995
FR	anad2	all	18024	1370.4522966004622	1052.1254062499997
FR	anad2	evening	3004	1206.3295636533476	947.6369939062499
FR	anad2	jul26	504	1461.952666107391	1338.4058575000004
FR	anad2	jul26_evening	84	1358.434852466518	1346.6728498437506
FR	anad2w	all	18024	1414.5166307289205	1109.0834062499994
FR	anad2w	evening	3004	1241.368604599742	992.5364937499999
FR	anad2w	jul26	504	1627.8863629929315	1477.4971767187503
FR	anad2w	jul26_evening	84	1428.1440235900297	1359.1652671875008
FR	ana16wb	all	18024	1423.184579686455	1135.4779999843754
FR	ana16wb	evening	3004	1295.5695563525924	1045.2095781406242
FR	ana16wb	jul26	504	1548.3240015506574	1448.10489125
FR	ana16wb	jul26_evening	84	1373.469728024554	1140.906792031251
FR	v3	all	18024	1419.7509707351505	1093.5065625000002
FR	v3	evening	3004	1313.8006028076002	1042.027775
FR	v3	jul26	504	1435.5742295039063	1123.719474531249
FR	v3	jul26_evening	84	1369.458858887649	1175.771899531249
GR	v2	all	18024	351.1530230664669	295.226
GR	v2	evening	3004	362.41137849533953	321.57574999999997
GR	v2	jul26	504	466.81845734126983	439.951
GR	v2	jul26_evening	84	589.1776309523809	633.488
GR	rec3	all	18024	345.19920450510426	284.135
GR	rec3	evening	3004	358.76057806258325	304.6700000000001
GR	rec3	jul26	504	567.377048611111	548.75
GR	rec3	jul26_evening	84	571.3205238095239	593.519
GR	d2	all	18024	326.13677521637817	258.84475
GR	d2	evening	3004	329.6297939414115	274.8125
GR	d2	jul26	504	349.7279454365079	295.88975000000005
GR	d2	jul26_evening	84	293.4799285714286	255.70825000000002
GR	ana8	all	18024	372.56113420994234	320.73750000000007
GR	ana8	evening	3004	361.4134518142477	311.34975
GR	ana8	jul26	504	378.6942693452381	333.72249999999997
GR	ana8	jul26_evening	84	416.3713035714285	335.7245
GR	ana8b	all	18024	346.94635809892367	307.24275
GR	ana8b	evening	3004	344.2180135652464	315.77049999999997
GR	ana8b	jul26	504	373.500255952381	376.924625
GR	ana8b	jul26_evening	84	425.0159791666666	447.7000625
GR	ana16	all	18024	362.5435265895473	315.28200000000004
GR	ana16	evening	3004	352.6915485186418	299.22125
GR	ana16	jul26	504	365.8425962301587	351.27975000000004
GR	ana16	jul26_evening	84	433.1598720238096	497.03812500000004
GR	ana16b	all	18024	344.99232714713713	303.299375
GR	ana16b	evening	3004	343.18949122003994	311.29775
GR	ana16b	jul26	504	364.65149355158735	359.86518750000005
GR	ana16b	jul26_evening	84	409.3686056547619	416.6285
GR	ana8w	all	18024	400.508863903684	349.93575
GR	ana8w	evening	3004	387.10965013315575	344.40250000000003
GR	ana8w	jul26	504	376.63166964285716	338.48275
GR	ana8w	jul26_evening	84	353.64611309523815	352.12912500000004
GR	ana16w	all	18024	391.1565123585219	343.87375000000003
GR	ana16w	evening	3004	380.5206106025299	341.7425
GR	ana16w	jul26	504	353.4691617063492	299.90749999999997
GR	ana16w	jul26_evening	84	318.2217708333334	267.73524999999995
GR	anad2	all	18024	299.08362894612736	258.77124999999995
GR	anad2	evening	3004	294.12755613348867	249.70125000000002
GR	anad2	jul26	504	320.70424900793654	301.9535625
GR	anad2	jul26_evening	84	322.1115223214286	336.8631875
GR	anad2w	all	18024	308.78396634348644	268.365625
GR	anad2w	evening	3004	301.665149508988	264.22125
GR	anad2w	jul26	504	305.50259176587304	267.40375
GR	anad2w	jul26_evening	84	275.73346875000004	255.00725
GR	ana16wb	all	18024	344.99232714713713	303.299375
GR	ana16wb	evening	3004	343.18949122003994	311.29775
GR	ana16wb	jul26	504	364.65149355158735	359.86518750000005
GR	ana16wb	jul26_evening	84	409.3686056547619	416.6285
GR	v3	all	18024	338.39187268364407	295.9225
GR	v3	evening	3004	336.2038752912783	293.005
GR	v3	jul26	504	400.5880600198413	389.3785625
GR	v3	jul26_evening	84	494.2181651785714	567.4715625
HU	v2	all	18024	348.4520784273746	242.0734375
HU	v2	evening	3004	229.64653439580556	193.23778124999978
HU	v2	jul26	504	255.27809523809523	170.8293437499999
HU	v2	jul26_evening	84	151.38354092261903	132.08840625000016
HU	rec3	all	18024	357.37841369840214	250.953125
HU	rec3	evening	3004	238.73626765146474	199.28374999999977
HU	rec3	jul26	504	285.9454546130952	207.55068750000004
HU	rec3	jul26_evening	84	164.2803169642857	140.59437500000007
HU	d2	all	18024	320.10557732606526	212.10087499999986
HU	d2	evening	3004	191.91029007157124	158.45925000000005
HU	d2	jul26	504	330.3586163194445	248.67337499999996
HU	d2	jul26_evening	84	201.94126785714286	174.94768750000003
HU	ana8	all	18024	316.78379387830114	223.90374999999995
HU	ana8	evening	3004	216.21907786284956	172.9200000000002
HU	ana8	jul26	504	276.21817051091267	224.6640937500001
HU	ana8	jul26_evening	84	230.14986755952373	185.73984375000003
HU	ana8b	all	18024	301.9312693925461	218.4146875
HU	ana8b	evening	3004	206.64941210885488	177.21890625000026
HU	ana8b	jul26	504	242.62495616319444	196.5065624999998
HU	ana8b	jul26_evening	84	175.13836755952377	140.32237499999997
HU	ana16	all	18024	306.2368043934477	219.7834375
HU	ana16	evening	3004	212.28581581641146	177.34968750000007
HU	ana16	jul26	504	269.24626994047617	218.08575000000008
HU	ana16	jul26_evening	84	243.34972395833333	240.15187499999973
HU	ana16b	all	18024	298.50931898649026	215.12250000000006
HU	ana16b	evening	3004	204.27288529460716	175.4024062499999
HU	ana16b	jul26	504	234.65205871775794	188.84284375000004
HU	ana16b	jul26_evening	84	159.87213132440476	138.29518750000028
HU	ana8w	all	18024	334.279662515951	234.42624999999987
HU	ana8w	evening	3004	226.05294957556592	190.69875000000025
HU	ana8w	jul26	504	287.17371292162704	263.7360937499999
HU	ana8w	jul26_evening	84	236.252609375	206.81309375
HU	ana16w	all	18024	320.15795236351534	223.21687500000007
HU	ana16w	evening	3004	216.45377249500663	183.02937499999996
HU	ana16w	jul26	504	268.71122755456344	222.98081249999996
HU	ana16w	jul26_evening	84	203.36360714285712	168.05249999999978
HU	anad2	all	18024	261.4015360099728	183.443921875
HU	anad2	evening	3004	168.60950517018975	137.2279375000001
HU	anad2	jul26	504	248.21734243551586	207.76668749999993
HU	anad2	jul26_evening	84	170.3505286458333	143.03229687500004
HU	anad2w	all	18024	264.92649995977587	182.97015625000017
HU	anad2w	evening	3004	170.60324173601865	141.47874999999976
HU	anad2w	jul26	504	242.11869301835316	191.8501874999999
HU	anad2w	jul26_evening	84	153.86229464285714	109.3662187499998
HU	ana16wb	all	18024	298.50931898649026	215.12250000000006
HU	ana16wb	evening	3004	204.27288529460716	175.4024062499999
HU	ana16wb	jul26	504	234.65205871775794	188.84284375000004
HU	ana16wb	jul26_evening	84	159.87213132440476	138.29518750000028
HU	v3	all	18024	294.00069024321743	213.92693749999995
HU	v3	evening	3004	205.2535798747503	172.86192187499978
HU	v3	jul26	504	231.75250751488096	173.21725000000018
HU	v3	jul26_evening	84	180.74513392857145	158.1819999999998
LT	v2	all	18024	201.45797227760625	167.59176881250005
LT	v2	evening	3004	198.8244498871988	165.12187499999996
LT	v2	jul26	504	267.72455586981295	228.32104593749997
LT	v2	jul26_evening	84	269.7040619900227	239.1921431875
LT	rec3	all	18024	189.6108345467171	156.27853181249998
LT	rec3	evening	3004	183.67762448279217	151.5583994375
LT	rec3	jul26	504	245.94351965778532	211.9629509375
LT	rec3	jul26_evening	84	193.02990673972508	175.557940375
LT	d2	all	18024	192.51957260955015	156.15038487500001
LT	d2	evening	3004	194.95664574744467	163.10436699999997
LT	d2	jul26	504	257.59266734743716	214.39295175000007
LT	d2	jul26_evening	84	201.10585531903342	180.89279738750002
LT	ana8	all	18024	189.14992589102047	152.19948721875
LT	ana8	evening	3004	180.46346897067363	150.09188153125004
LT	ana8	jul26	504	209.6428326827641	164.40361917857138
LT	ana8	jul26_evening	84	221.43662645773102	172.63288000000003
LT	ana8b	all	18024	175.97336709958918	143.42094724999995
LT	ana8b	evening	3004	170.24180979459936	142.6165625
LT	ana8b	jul26	504	204.75597231507643	155.40148609375004
LT	ana8b	jul26_evening	84	207.0740601386834	156.39084815625
LT	ana16	all	18024	187.59962888350265	152.02791496874997
LT	ana16	evening	3004	179.99906980815004	150.25546656249998
LT	ana16	jul26	504	215.1298491935764	164.88756268749998
LT	ana16	jul26_evening	84	219.1995305966199	189.16040662499998
LT	ana16b	all	18024	174.76375992726528	142.96786865624998
LT	ana16b	evening	3004	169.9990899473134	142.15468750000002
LT	ana16b	jul26	504	203.75432417055106	156.67899287499998
LT	ana16b	jul26_evening	84	209.5110948262188	165.95789343750002
LT	ana8w	all	18024	204.19481704051088	167.44993931250002
LT	ana8w	evening	3004	185.13498612547693	154.04861093749997
LT	ana8w	jul26	504	251.15368262890328	205.538299375
LT	ana8w	jul26_evening	84	226.16378916532025	195.57262550000002
LT	ana16w	all	18024	199.94483240182626	165.67620928125
LT	ana16w	evening	3004	181.92656562868993	153.95719865625
LT	ana16w	jul26	504	242.92247686424082	211.0925461875
LT	ana16w	jul26_evening	84	221.0828724823554	191.74667081249999
LT	anad2	all	18024	165.58695052865917	137.11093749999998
LT	anad2	evening	3004	167.55174252558353	144.00107468750002
LT	anad2	jul26	504	198.40267214560714	153.6620719375
LT	anad2	jul26_evening	84	170.60430252089358	133.6617471
LT	anad2w	all	18024	168.49782178580168	137.83840778125
LT	anad2w	evening	3004	167.34061975527135	141.73946090625
LT	anad2w	jul26	504	199.78192640016886	138.81794656250003
LT	anad2w	jul26_evening	84	171.60382661257086	135.3435649464286
LT	ana16wb	all	18024	174.76375992726528	142.96786865624998
LT	ana16wb	evening	3004	169.9990899473134	142.15468750000002
LT	ana16wb	jul26	504	203.75432417055106	156.67899287499998
LT	ana16wb	jul26_evening	84	209.5110948262188	165.95789343750002
LT	v3	all	18024	198.29294087052997	165.343125
LT	v3	evening	3004	195.54810833438037	166.65500000000003
LT	v3	jul26	504	275.57526066318025	239.14807656249997
LT	v3	jul26_evening	84	266.8956202023243	250.1463405625
LV	v2	all	18024	99.01950295439414	81.375
LV	v2	evening	3004	101.66199145187369	87.80000000000001
LV	v2	jul26	504	90.44926008597882	66.484375
LV	v2	jul26_evening	84	54.76777565192744	44.484375
LV	rec3	all	18024	97.95041692095724	78.125
LV	rec3	evening	3004	100.61089638418616	82.2875
LV	rec3	jul26	504	104.32123842592593	78.5
LV	rec3	jul26_evening	84	61.640667517006804	50.34375
LV	d2	all	18024	87.97774892735612	68.01249999999999
LV	d2	evening	3004	89.80467927683722	67.325
LV	d2	jul26	504	96.20020667989418	74.48958333333333
LV	d2	jul26_evening	84	63.316149376417236	50.375
LV	ana8	all	18024	119.26090610667259	95.50312499999998
LV	ana8	evening	3004	117.38672514028914	94.765625
LV	ana8	jul26	504	86.37211061507936	73.80000000000001
LV	ana8	jul26_evening	84	85.62886196145125	74.30833333333334
LV	ana8b	all	18024	94.65525246430684	77.96875000000001
LV	ana8b	evening	3004	95.30352149514933	80.56875
LV	ana8b	jul26	504	86.53358754960317	71.36249999999998
LV	ana8b	jul26_evening	84	67.17034261621316	59.0359375
LV	ana16	all	18024	112.49536781315389	88.97499999999998
LV	ana16	evening	3004	114.4598776036713	91.675
LV	ana16	jul26	504	83.03690535241876	69.371875
LV	ana16	jul26_evening	84	73.51948696145125	66.5875
LV	ana16b	all	18024	92.78269453063903	76.375
LV	ana16b	evening	3004	94.64668685799886	79.3265625
LV	ana16b	jul26	504	83.56001895549886	69.3234375
LV	ana16b	jul26_evening	84	63.54314767573696	63.39531249999999
LV	ana8w	all	18024	115.035325647153	92.015625
LV	ana8w	evening	3004	113.68638808968994	93.334375
LV	ana8w	jul26	504	103.10899116591081	85.15625
LV	ana8w	jul26_evening	84	92.9985048185941	87.140625
LV	ana16w	all	18024	109.27604838390083	88.37187499999999
LV	ana16w	evening	3004	109.94688243056876	89.17500000000001
LV	ana16w	jul26	504	97.52623889833711	82.79583333333335
LV	ana16w	jul26_evening	84	83.10765660430837	83.515625
LV	anad2	all	18024	84.78635865307898	67.765625
LV	anad2	evening	3004	87.46878205051995	70.6265625
LV	anad2	jul26	504	75.6333135511149	60.118750000000006
LV	anad2	jul26_evening	84	51.98910501700679	34.7921875
LV	anad2w	all	18024	82.9161707306924	65.9515625
LV	anad2w	evening	3004	84.58234610796715	67.4125
LV	anad2w	jul26	504	80.21924189814816	64.275
LV	anad2w	jul26_evening	84	57.16305803571429	39.992187499999986
LV	ana16wb	all	18024	92.78269453063903	76.375
LV	ana16wb	evening	3004	94.64668685799886	79.3265625
LV	ana16wb	jul26	504	83.56001895549886	69.3234375
LV	ana16wb	jul26_evening	84	63.54314767573696	63.39531249999999
LV	v3	all	18024	95.0385029583571	78.14062499999999
LV	v3	evening	3004	97.65998371219327	82.79218750000001
LV	v3	jul26	504	80.82109256897202	66.28281249999999
LV	v3	jul26_evening	84	60.34824440192744	50.95625000000001
NL	v2	all	18024	881.0706919094416	739.8815625
NL	v2	evening	3004	843.3976090966312	687.2749375000001
NL	v2	jul26	504	1324.8175708824049	1224.8536803125003
NL	v2	jul26_evening	84	1617.4091175010628	1644.2728228124997
NL	rec3	all	18024	932.2275920472885	785.3867499999999
NL	rec3	evening	3004	904.4215704423863	745.9001250000001
NL	rec3	jul26	504	1360.6040476420776	1235.293293125
NL	rec3	jul26_evening	84	1647.228248180272	1608.75614
NL	d2	all	18024	961.1145637469837	794.140375
NL	d2	evening	3004	904.0409553185832	752.809125
NL	d2	jul26	504	1173.8627518700396	911.0823356249999
NL	d2	jul26_evening	84	1124.7689494791664	813.0125043749999
NL	ana8	all	18024	991.506472199065	819.4359168750002
NL	ana8	evening	3004	1008.0854752503903	850.4809375
NL	ana8	jul26	504	1259.036631035407	1206.1973043750002
NL	ana8	jul26_evening	84	1513.1741439530185	1732.1301062500002
NL	ana8b	all	18024	873.6159286496699	715.8852187500001
NL	ana8b	evening	3004	852.5054503824762	696.1596562500001
NL	ana8b	jul26	504	1290.2338290081136	1183.1902812500002
NL	ana8b	jul26_evening	84	1599.2731661378618	1610.6640995312496
NL	ana16	all	18024	969.395190518054	794.7747499999998
NL	ana16	evening	3004	958.248434241319	806.62545875
NL	ana16	jul26	504	1248.2300903599773	1150.2209675000001
NL	ana16	jul26_evening	84	1456.052613707483	1564.57609
NL	ana16b	all	18024	877.792873212872	715.1612812499998
NL	ana16b	evening	3004	872.995218759848	713.5353124999999
NL	ana16b	jul26	504	1267.7833092172446	1161.8823762499999
NL	ana16b	jul26_evening	84	1622.0304388398176	1471.1936328125003
NL	ana8w	all	18024	1035.9167387146151	862.3679374999999
NL	ana8w	evening	3004	1037.2697445637461	861.9748749999999
NL	ana8w	jul26	504	1319.7099381113592	1260.869995625
NL	ana8w	jul26_evening	84	1628.575779940476	1713.61023
NL	ana16w	all	18024	1047.0295479231788	869.4337275
NL	ana16w	evening	3004	1103.9852902836794	938.693625
NL	ana16w	jul26	504	1298.5627263917236	1107.7300406249997
NL	ana16w	jul26_evening	84	1684.5464939306974	1567.3780625
NL	anad2	all	18024	836.4587316386098	693.0113437499999
NL	anad2	evening	3004	796.1771790492289	668.5705625
NL	anad2	jul26	504	1050.068103419076	912.0479209374998
NL	anad2	jul26_evening	84	1089.0833883567175	1071.6774646875
NL	anad2w	all	18024	857.2573796573928	708.0082500000001
NL	anad2w	evening	3004	834.2413089521265	690.8516562499999
NL	anad2w	jul26	504	1069.7412780024092	882.2666940625
NL	anad2w	jul26_evening	84	1171.1545638180273	1135.07624296875
NL	ana16wb	all	18024	877.792873212872	715.1612812499998
NL	ana16wb	evening	3004	872.995218759848	713.5353124999999
NL	ana16wb	jul26	504	1267.7833092172446	1161.8823762499999
NL	ana16wb	jul26_evening	84	1622.0304388398176	1471.1936328125003
NL	v3	all	18024	860.2225480909358	705.5933749999999
NL	v3	evening	3004	823.8589792557048	681.7003243749999
NL	v3	jul26	504	1301.2405991583107	1230.19684203125
NL	v3	jul26_evening	84	1524.6661492724277	1661.4718328125002
NO1	v2	all	18024	214.8979065664531	169.53426181249995
NO1	v2	evening	3004	206.1342785740263	165.9305012499999
NO1	v2	jul26	504	103.514894077877	80.48647724999991
NO1	v2	jul26_evening	84	120.35005324851193	92.14281000000014
NO1	rec3	all	18024	276.2866607672825	224.95798512500008
NO1	rec3	evening	3004	269.91041097478364	218.51374999999996
NO1	rec3	jul26	504	221.48349469444446	187.24638381250003
NO1	rec3	jul26_evening	84	258.02741996875005	241.121393875
NO1	d2	all	18024	167.21618314900272	133.27604368750008
NO1	d2	evening	3004	150.75095837508323	125.49513031249998
NO1	d2	jul26	504	102.80513625347221	87.3585369374999
NO1	d2	jul26_evening	84	90.2551205297619	76.4086338125
NO1	ana8	all	18024	192.47463495086407	155.57135093749957
NO1	ana8	evening	3004	175.37026599683753	140.01634840625
NO1	ana8	jul26	504	170.05125364310516	160.4466523125
NO1	ana8	jul26_evening	84	181.6266525297619	178.32145140625002
NO1	ana8b	all	18024	164.8985653098733	137.8996874999998
NO1	ana8b	evening	3004	155.32962774243717	129.53791634375
NO1	ana8b	jul26	504	252.49719750353424	251.43089100000003
NO1	ana8b	jul26_evening	84	260.1116087224703	284.2530522187501
NO1	ana16	all	18024	194.20409406074194	159.9932990312501
NO1	ana16	evening	3004	174.72846809241844	140.47968749999998
NO1	ana16	jul26	504	182.0114498524306	177.26897956249996
NO1	ana16	jul26_evening	84	185.24324515625	169.6941609375
NO1	ana16b	all	18024	168.27341270738842	142.59312499999993
NO1	ana16b	evening	3004	159.4433721104361	134.84134796874957
NO1	ana16b	jul26	504	278.5206288740699	277.87216548437505
NO1	ana16b	jul26_evening	84	284.8169176875	291.70035268749996
NO1	ana8w	all	18024	222.98521392696892	179.26056556249983
NO1	ana8w	evening	3004	202.11308615177683	155.65124999999995
NO1	ana8w	jul26	504	413.95873005766373	410.06787249999996
NO1	ana8w	jul26_evening	84	426.2568516309523	450.8269455624999
NO1	ana16w	all	18024	227.2276336584311	188.95655850000017
NO1	ana16w	evening	3004	203.24144824267646	162.25687500000004
NO1	ana16w	jul26	504	466.39393126649304	460.6893386562499
NO1	ana16w	jul26_evening	84	477.2112903169643	475.1393325
NO1	anad2	all	18024	138.12077735031247	112.89511695312491
NO1	anad2	evening	3004	126.42458484761984	103.91343750000004
NO1	anad2	jul26	504	112.86936062810021	106.03410753125004
NO1	anad2	jul26_evening	84	112.06284581175595	103.09319784375
NO1	anad2w	all	18024	146.78115080531686	118.80750000000003
NO1	anad2w	evening	3004	134.97641255382408	109.18453124999985
NO1	anad2w	jul26	504	245.66267228751238	233.70206309375007
NO1	anad2w	jul26_evening	84	248.33869397395839	236.5014202187499
NO1	ana16wb	all	18024	168.27341270738842	142.59312499999993
NO1	ana16wb	evening	3004	159.4433721104361	134.84134796874957
NO1	ana16wb	jul26	504	278.5206288740699	277.87216548437505
NO1	ana16wb	jul26_evening	84	284.8169176875	291.70035268749996
NO1	v3	all	18024	214.8979065664531	169.53426181249995
NO1	v3	evening	3004	206.1342785740263	165.9305012499999
NO1	v3	jul26	504	103.514894077877	80.48647724999991
NO1	v3	jul26_evening	84	120.35005324851193	92.14281000000014
NO2	v2	all	18024	647.394858847301	484.59109887500006
NO2	v2	evening	3004	545.6313721922853	392.83624999999995
NO2	v2	jul26	504	702.5220148375497	563.0653328125001
NO2	v2	jul26_evening	84	1024.0672712752976	927.5731560624998
NO2	rec3	all	18024	596.3650638211204	444.29062499999986
NO2	rec3	evening	3004	509.34264270818073	373.2118750000001
NO2	rec3	jul26	504	498.4660088568948	405.1800883124999
NO2	rec3	jul26_evening	84	592.2183153883929	435.7163813125001
NO2	d2	all	18024	634.5143997833721	454.1498738749998
NO2	d2	evening	3004	506.3219003392144	327.5397558750001
NO2	d2	jul26	504	620.4117397261904	501.90587368749993
NO2	d2	jul26_evening	84	661.3066253988095	515.8097663125003
NO2	ana8	all	18024	617.154880432961	441.75343749999956
NO2	ana8	evening	3004	459.437525960719	320.6783086562498
NO2	ana8	jul26	504	696.5102467157737	541.9432386562498
NO2	ana8	jul26_evening	84	630.6363562284226	378.3594564375003
NO2	ana8b	all	18024	566.4765096047856	434.9171579218752
NO2	ana8b	evening	3004	449.6268417374022	313.55602953125003
NO2	ana8b	jul26	504	618.8760000231895	516.523236296875
NO2	ana8b	jul26_evening	84	799.6940249579615	738.4501732812498
NO2	ana16	all	18024	615.4954026485484	432.88233465625
NO2	ana16	evening	3004	446.6271199049809	296.40989943750003
NO2	ana16	jul26	504	680.4543145411707	566.2122106562501
NO2	ana16	jul26_evening	84	629.6942312752977	387.3098768125001
NO2	ana16b	all	18024	560.9056396920424	422.37936590625003
NO2	ana16b	evening	3004	446.4823512673831	307.3364062500003
NO2	ana16b	jul26	504	617.3540044890873	528.3799561874999
NO2	ana16b	jul26_evening	84	803.6763318656992	784.7495457187503
NO2	ana8w	all	18024	629.2964854528858	463.9014293437499
NO2	ana8w	evening	3004	447.9679125420065	313.0762051562499
NO2	ana8w	jul26	504	708.2804427683533	610.173370375
NO2	ana8w	jul26_evening	84	602.1400062046131	407.37695068750065
NO2	ana16w	all	18024	619.1846681016908	443.8606249999997
NO2	ana16w	evening	3004	434.9380657385361	304.46003484375
NO2	ana16w	jul26	504	712.4452114005456	633.6357662187497
NO2	ana16w	jul26_evening	84	608.2893870572918	409.68014412499997
NO2	anad2	all	18024	546.9819832128949	403.0651768281248
NO2	anad2	evening	3004	426.75048753381947	291.3357326562501
NO2	anad2	jul26	504	554.038021547867	454.8176902812497
NO2	anad2	jul26_evening	84	569.9450962023808	408.9442324843747
NO2	anad2w	all	18024	545.793008750957	412.7447364687499
NO2	anad2w	evening	3004	423.1342158655854	291.35109375000036
NO2	anad2w	jul26	504	554.3633797642609	475.2951149999999
NO2	anad2w	jul26_evening	84	547.5095961469493	407.69881290625017
NO2	ana16wb	all	18024	560.9056396920424	422.37936590625003
NO2	ana16wb	evening	3004	446.4823512673831	307.3364062500003
NO2	ana16wb	jul26	504	617.3540044890873	528.3799561874999
NO2	ana16wb	jul26_evening	84	803.6763318656992	784.7495457187503
NO2	v3	all	18024	647.394858847301	484.59109887500006
NO2	v3	evening	3004	545.6313721922853	392.83624999999995
NO2	v3	jul26	504	702.5220148375497	563.0653328125001
NO2	v3	jul26_evening	84	1024.0672712752976	927.5731560624998
NO3	v2	all	18024	251.09746273502	211.3667156875
NO3	v2	evening	3004	260.41770940945406	220.0229971875
NO3	v2	jul26	504	220.0835449208829	191.38329112500006
NO3	v2	jul26_evening	84	241.271914686012	206.3981608125
NO3	rec3	all	18024	231.97908207030213	191.07
NO3	rec3	evening	3004	238.8199113273552	198.83814099999998
NO3	rec3	jul26	504	196.59627742609126	158.0495088125
NO3	rec3	jul26_evening	84	265.3913463005952	240.4528763125
NO3	d2	all	18024	225.37591303942662	185.73417287499998
NO3	d2	evening	3004	235.4679104036701	187.6905001875
NO3	d2	jul26	504	178.31029743229166	146.22343237500004
NO3	d2	jul26_evening	84	164.31247923363094	136.93907400000006
NO3	ana8	all	18024	241.4053385906361	206.13002931250003
NO3	ana8	evening	3004	247.94615349263483	211.6528125
NO3	ana8	jul26	504	232.23953206349208	208.22304540624998
NO3	ana8	jul26_evening	84	287.72769654985115	288.2997252187499
NO3	ana8b	all	18024	218.77672098421897	184.44546874999997
NO3	ana8b	evening	3004	229.3286491294212	193.01823815625
NO3	ana8b	jul26	504	215.75882449615574	189.39783942187506
NO3	ana8b	jul26_evening	84	272.94047268712796	260.571782359375
NO3	ana16	all	18024	238.58031209534857	202.89749999999998
NO3	ana16	evening	3004	246.61831160731526	213.68500000000003
NO3	ana16	jul26	504	255.56649202914184	235.5470176875
NO3	ana16	jul26_evening	84	337.3313795669643	316.8189854375
NO3	ana16b	all	18024	217.27450985021707	184.11211221874999
NO3	ana16b	evening	3004	223.7054114159142	188.95138324999996
NO3	ana16b	jul26	504	216.72988028323414	189.21598417187505
NO3	ana16b	jul26_evening	84	271.6510863072916	237.91282184374995
NO3	ana8w	all	18024	248.0832689541514	214.99206425
NO3	ana8w	evening	3004	254.1304492995381	215.18625
NO3	ana8w	jul26	504	249.59469454439483	238.71282224999996
NO3	ana8w	jul26_evening	84	322.4269477150298	330.66794743750006
NO3	ana16w	all	18024	242.6916014674739	213.79112290625
NO3	ana16w	evening	3004	242.17838471693992	211.99774656249997
NO3	ana16w	jul26	504	245.26843273164684	226.35558281250002
NO3	ana16w	jul26_evening	84	307.559011485119	275.58295115625003
NO3	anad2	all	18024	200.1275122373138	167.57819612499992
NO3	anad2	evening	3004	209.7411168538199	175.27691279687497
NO3	anad2	jul26	504	186.15227736786954	158.023515953125
NO3	anad2	jul26_evening	84	213.27319203199403	202.807595296875
NO3	anad2w	all	18024	200.98531810304317	170.61351554687502
NO3	anad2w	evening	3004	206.78519684652755	172.30031249999993
NO3	anad2w	jul26	504	184.8477451488095	155.03816720312497
NO3	anad2w	jul26_evening	84	201.50924251711314	197.428876890625
NO3	ana16wb	all	18024	217.27450985021707	184.11211221874999
NO3	ana16wb	evening	3004	223.7054114159142	188.95138324999996
NO3	ana16wb	jul26	504	216.72988028323414	189.21598417187505
NO3	ana16wb	jul26_evening	84	271.6510863072916	237.91282184374995
NO3	v3	all	18024	251.09746273502	211.3667156875
NO3	v3	evening	3004	260.41770940945406	220.0229971875
NO3	v3	jul26	504	220.0835449208829	191.38329112500006
NO3	v3	jul26_evening	84	241.271914686012	206.3981608125
NO4	v2	all	18024	254.76338191912865	183.43690837499997
NO4	v2	evening	3004	244.90232748834887	173.63363262500002
NO4	v2	jul26	504	143.51078856150792	124.95260374999987
NO4	v2	jul26_evening	84	108.68007926041666	105.49486649999983
NO4	rec3	all	18024	228.8085185064913	173.35125
NO4	rec3	evening	3004	216.96101361921603	162.3480044375
NO4	rec3	jul26	504	125.21518595014882	104.7258898125001
NO4	rec3	jul26_evening	84	119.36392436309528	123.13778974999997
NO4	d2	all	18024	215.82030231673048	154.872555875
NO4	d2	evening	3004	211.58636937004826	151.3819470625001
NO4	d2	jul26	504	177.3764527797619	156.69494650000001
NO4	d2	jul26_evening	84	183.56587001041666	160.58810706250006
NO4	ana8	all	18024	266.7352555737454	198.29187500000006
NO4	ana8	evening	3004	268.51581103923934	201.50144368749994
NO4	ana8	jul26	504	195.75238373040676	167.990745
NO4	ana8	jul26_evening	84	231.6947253988095	161.59172925000007
NO4	ana8b	all	18024	235.8618136236563	192.22857485937504
NO4	ana8b	evening	3004	234.17928762383488	197.57224809374992
NO4	ana8b	jul26	504	148.23858023437498	119.65469645312504
NO4	ana8b	jul26_evening	84	147.10383380543158	137.55084396875003
NO4	ana16	all	18024	260.16667189277837	193.535799625
NO4	ana16	evening	3004	260.2246931598286	195.47167887499998
NO4	ana16	jul26	504	198.49030043563988	179.36103953124996
NO4	ana16	jul26_evening	84	247.37839079761903	212.0821190312501
NO4	ana16b	all	18024	235.22800354814416	191.9442285625
NO4	ana16b	evening	3004	232.72940240567783	189.32765624999996
NO4	ana16b	jul26	504	151.4503779113343	122.85555223437512
NO4	ana16b	jul26_evening	84	151.11999346019346	117.26897103124995
NO4	ana8w	all	18024	280.6434206846115	226.42036393749996
NO4	ana8w	evening	3004	285.1008287238682	229.43012625
NO4	ana8w	jul26	504	207.68507724826387	170.48923193749994
NO4	ana8w	jul26_evening	84	235.77161109151788	199.72596559375
NO4	ana16w	all	18024	276.1406011173297	223.41531250000003
NO4	ana16w	evening	3004	280.23248997709305	227.53968749999993
NO4	ana16w	jul26	504	217.5706272063492	193.5564456875
NO4	ana16w	jul26_evening	84	246.54965321651784	225.67433003125
NO4	anad2	all	18024	208.7215682104919	163.84390625
NO4	anad2	evening	3004	205.96788846660704	165.18593749999997
NO4	anad2	jul26	504	160.92489231417412	136.82631935937496
NO4	anad2	jul26_evening	84	181.55789138020833	167.216540296875
NO4	anad2w	all	18024	213.37517109194687	175.82187499999998
NO4	anad2w	evening	3004	212.39130684723494	176.8028397656251
NO4	anad2w	jul26	504	166.37859861892358	146.548095453125
NO4	anad2w	jul26_evening	84	186.99766629650298	177.71256468749993
NO4	ana16wb	all	18024	235.22800354814416	191.9442285625
NO4	ana16wb	evening	3004	232.72940240567783	189.32765624999996
NO4	ana16wb	jul26	504	151.4503779113343	122.85555223437512
NO4	ana16wb	jul26_evening	84	151.11999346019346	117.26897103124995
NO4	v3	all	18024	254.76338191912865	183.43690837499997
NO4	v3	evening	3004	244.90232748834887	173.63363262500002
NO4	v3	jul26	504	143.51078856150792	124.95260374999987
NO4	v3	jul26_evening	84	108.68007926041666	105.49486649999983
NO5	v2	all	18024	394.5031982297146	312.3217478749999
NO5	v2	evening	3004	370.58890299192745	299.4661768125
NO5	v2	jul26	504	465.4791354585813	388.3154270625
NO5	v2	jul26_evening	84	475.2842538333333	405.45756806250006
NO5	rec3	all	18024	351.88146526197016	282.14812499999994
NO5	rec3	evening	3004	326.07431810918774	262.44521581249995
NO5	rec3	jul26	504	372.3670856810516	289.0831846874999
NO5	rec3	jul26_evening	84	408.091648575893	293.3766154375
NO5	d2	all	18024	377.34577603969706	283.834375
NO5	d2	evening	3004	324.8213127525799	238.58477781249996
NO5	d2	jul26	504	418.307764515625	331.18911975000003
NO5	d2	jul26_evening	84	366.09099136160717	324.9921706250002
NO5	ana8	all	18024	368.02406255557173	307.72843749999987
NO5	ana8	evening	3004	308.1451061460969	252.7734375
NO5	ana8	jul26	504	347.5660730396825	305.68856237499995
NO5	ana8	jul26_evening	84	350.40214108705356	321.83214659375005
NO5	ana8b	all	18024	342.44120474309256	284.06411509375
NO5	ana8b	evening	3004	305.5774707000978	250.53753074999997
NO5	ana8b	jul26	504	377.7674418315972	308.1167005156251
NO5	ana8b	jul26_evening	84	390.41211182366084	341.74386365625
NO5	ana16	all	18024	355.09690640414516	300.6664751875001
NO5	ana16	evening	3004	297.90168803944744	247.83525131250008
NO5	ana16	jul26	504	342.72157263330854	297.1573715624999
NO5	ana16	jul26_evening	84	348.0679352715774	332.45442678124994
NO5	ana16b	all	18024	340.0250344748616	281.6190625
NO5	ana16b	evening	3004	305.365656573527	256.09951949999993
NO5	ana16b	jul26	504	372.4337843227307	285.84072928125005
NO5	ana16b	jul26_evening	84	381.29460070498516	341.0934857656249
NO5	ana8w	all	18024	391.73893909422856	326.8068749999999
NO5	ana8w	evening	3004	328.51293078539027	266.03383540625003
NO5	ana8w	jul26	504	369.87326930877975	324.13993628125
NO5	ana8w	jul26_evening	84	374.1968733735119	353.4900625937498
NO5	ana16w	all	18024	378.5105463057625	323.3725
NO5	ana16w	evening	3004	317.2854313685919	260.7271383437499
NO5	ana16w	jul26	504	354.5420011201637	316.03725953125
NO5	ana16w	jul26_evening	84	358.57908249330353	342.2401549375001
NO5	anad2	all	18024	321.8918426264477	264.1564904218751
NO5	anad2	evening	3004	276.6899184468001	226.12202712499987
NO5	anad2	jul26	504	342.1950484485987	288.77678867187495
NO5	anad2	jul26_evening	84	315.6859073627232	281.04559504687506
NO5	anad2w	all	18024	326.975568086612	272.10453124999987
NO5	anad2w	evening	3004	280.4693379320281	226.59970687500015
NO5	anad2w	jul26	504	340.4094187103795	285.5308241093751
NO5	anad2w	jul26_evening	84	317.6768980323661	285.86393367187503
NO5	ana16wb	all	18024	340.0250344748616	281.6190625
NO5	ana16wb	evening	3004	305.365656573527	256.09951949999993
NO5	ana16wb	jul26	504	372.4337843227307	285.84072928125005
NO5	ana16wb	jul26_evening	84	381.29460070498516	341.0934857656249
NO5	v3	all	18024	394.5031982297146	312.3217478749999
NO5	v3	evening	3004	370.58890299192745	299.4661768125
NO5	v3	jul26	504	465.4791354585813	388.3154270625
NO5	v3	jul26_evening	84	475.2842538333333	405.45756806250006
PL	v2	all	18024	571.7898777729562	474.74950312499993
PL	v2	evening	3004	554.183363954311	479.61125937499986
PL	v2	jul26	504	484.8052404691043	420.98909374999994
PL	v2	jul26_evening	84	544.8872224702382	502.94940625000004
PL	rec3	all	18024	591.4434419195371	493.1969875000001
PL	rec3	evening	3004	548.1958866677763	475.6958687499998
PL	rec3	jul26	504	585.8483861678004	486.38437500000003
PL	rec3	jul26_evening	84	625.0947127976191	519.5194999999999
PL	d2	all	18024	642.6584557904936	521.0601250000002
PL	d2	evening	3004	593.0994568741678	487.548125
PL	d2	jul26	504	542.3045054917801	439.7065625
PL	d2	jul26_evening	84	498.8066443452381	437.13181249999997
PL	ana8	all	18024	581.3267797408186	476.94726875000003
PL	ana8	evening	3004	577.2393649821072	482.9406562499997
PL	ana8	jul26	504	511.6903246456916	425.667875
PL	ana8	jul26_evening	84	513.4463129464285	464.665771875
PL	ana8b	all	18024	545.3335099289241	450.4192796875
PL	ana8b	evening	3004	536.4328740751915	459.1793593749999
PL	ana8b	jul26	504	488.0865286883503	419.46219999999994
PL	ana8b	jul26_evening	84	531.2775029761906	495.0714828125001
PL	ana16	all	18024	579.4080118151822	471.51422187500003
PL	ana16	evening	3004	569.662156354028	466.5974749999999
PL	ana16	jul26	504	510.39290342793373	438.6644187500001
PL	ana16	jul26_evening	84	493.0544477678571	438.93910937500016
PL	ana16b	all	18024	548.1115966310297	450.2382578125
PL	ana16b	evening	3004	534.3200295283373	450.27638281250006
PL	ana16b	jul26	504	493.83085410377697	409.596296875
PL	ana16b	jul26_evening	84	547.8740813244048	486.51923437499994
PL	ana8w	all	18024	595.6601852710605	488.60170625000006
PL	ana8w	evening	3004	579.128385182257	476.0674999999999
PL	ana8w	jul26	504	624.9495521258505	560.5982906249999
PL	ana8w	jul26_evening	84	541.1690691964285	467.52321250000017
PL	ana16w	all	18024	601.776337325266	496.39718125
PL	ana16w	evening	3004	579.3171604652131	466.6101749999999
PL	ana16w	jul26	504	639.9656268406321	534.6911875000001
PL	ana16w	jul26_evening	84	573.4605800595239	442.4625312499999
PL	anad2	all	18024	534.374922730564	435.6216437500001
PL	anad2	evening	3004	510.5048860956225	428.3357125
PL	anad2	jul26	504	465.8588236934878	381.871453125
PL	anad2	jul26_evening	84	432.98329680059516	361.04075312499987
PL	anad2w	all	18024	538.7150134490157	440.4446875
PL	anad2w	evening	3004	509.443634322986	414.07531249999994
PL	anad2w	jul26	504	500.34244829666244	407.26884375
PL	anad2w	jul26_evening	84	434.0754621279762	321.5369984375001
PL	ana16wb	all	18024	548.1115966310297	450.2382578125
PL	ana16wb	evening	3004	534.3200295283373	450.27638281250006
PL	ana16wb	jul26	504	493.83085410377697	409.596296875
PL	ana16wb	jul26_evening	84	547.8740813244048	486.51923437499994
PL	v3	all	18024	544.786514750967	446.05645000000004
PL	v3	evening	3004	526.3631258623918	441.852634375
PL	v3	jul26	504	459.7145504827452	398.6568171875001
PL	v3	jul26_evening	84	513.515396875	450.56093437499993
PT	v2	all	18024	467.7299927873946	376.975
PT	v2	evening	3004	438.4057215379494	342.66375
PT	v2	jul26	504	303.9239732142857	265.9549999999999
PT	v2	jul26_evening	84	322.73508928571425	282.475
PT	rec3	all	18024	460.82240415557044	366.1075
PT	rec3	evening	3004	434.2778670106524	343.40000000000003
PT	rec3	jul26	504	301.4952083333333	246.4774999999999
PT	rec3	jul26_evening	84	328.9407738095238	274.0899999999999
PT	d2	all	18024	465.52763787172654	374.2525
PT	d2	evening	3004	443.2740296271638	363.875
PT	d2	jul26	504	367.87037698412695	300.9175
PT	d2	jul26_evening	84	303.4069642857143	239.4525
PT	ana8	all	18024	490.36362308588554	387.985
PT	ana8	evening	3004	472.8019157789614	376.65875000000005
PT	ana8	jul26	504	385.0149454365079	312.4475
PT	ana8	jul26_evening	84	341.6707142857143	245.74124999999998
PT	ana8b	all	18024	441.4863353376054	357.57749999999993
PT	ana8b	evening	3004	416.3450158122503	339.4287499999999
PT	ana8b	jul26	504	356.4994543650793	301.91687499999983
PT	ana8b	jul26_evening	84	368.3790029761905	266.9681249999999
PT	ana16	all	18024	478.86253273413223	388.1825000000001
PT	ana16	evening	3004	472.9023710053263	387.45124999999996
PT	ana16	jul26	504	375.1378968253968	318.30875000000003
PT	ana16	jul26_evening	84	359.26627976190474	268.33124999999995
PT	ana16b	all	18024	437.1295139466822	355.0043750000001
PT	ana16b	evening	3004	413.57667152130495	337.349375
PT	ana16b	jul26	504	356.90279761904765	311.07624999999996
PT	ana16b	jul26_evening	84	363.1453273809524	304.8499999999999
PT	ana8w	all	18024	491.2907628023746	393.15250000000003
PT	ana8w	evening	3004	474.9126481358189	375.58
PT	ana8w	jul26	504	444.4113442460318	364.9700000000001
PT	ana8w	jul26_evening	84	453.11351190476205	289.03000000000003
PT	ana16w	all	18024	473.1118858882601	381.18125
PT	ana16w	evening	3004	460.83316245006654	369.54375000000005
PT	ana16w	jul26	504	441.27460813492064	358.0162499999999
PT	ana16w	jul26_evening	84	436.4287797619047	330.14374999999995
PT	anad2	all	18024	410.75520091267197	336.94875000000013
PT	anad2	evening	3004	397.0545976198402	324.5825
PT	anad2	jul26	504	332.24688988095244	269.20812500000005
PT	anad2	jul26_evening	84	278.1562351190476	227.7449999999999
PT	anad2w	all	18024	408.85122409703723	335.51625
PT	anad2w	evening	3004	394.75814414114507	325.379375
PT	anad2w	jul26	504	353.85890625	271.2825
PT	anad2w	jul26_evening	84	286.6910267857143	240.640625
PT	ana16wb	all	18024	437.1295139466822	355.0043750000001
PT	ana16wb	evening	3004	413.57667152130495	337.349375
PT	ana16wb	jul26	504	356.90279761904765	311.07624999999996
PT	ana16wb	jul26_evening	84	363.1453273809524	304.8499999999999
PT	v3	all	18024	440.2040106940745	357.6425
PT	v3	evening	3004	420.9344994174434	340.89750000000004
PT	v3	jul26	504	324.53884672619046	284.7624999999999
PT	v3	jul26_evening	84	323.4363095238095	254.59125000000006
RO	v2	all	18024	370.4078430183366	302.86406250000005
RO	v2	evening	3004	336.49067559504	281.1409625
RO	v2	jul26	504	329.71457371031744	264.38669375000006
RO	v2	jul26_evening	84	371.6952191964286	351.22555000000006
RO	rec3	all	18024	392.0462067521083	317.72055
RO	rec3	evening	3004	349.7426092210386	286.2435499999999
RO	rec3	jul26	504	368.74854875992065	297.4103
RO	rec3	jul26_evening	84	339.6520806547619	304.25668749999994
RO	d2	all	18024	413.97446095206396	327.67572499999994
RO	d2	evening	3004	369.2663875416112	294.151075
RO	d2	jul26	504	325.7402302579365	258.1851375
RO	d2	jul26_evening	84	253.42473571428567	184.74644999999998
RO	ana8	all	18024	367.5195402976587	304.03093750000005
RO	ana8	evening	3004	367.3054875624168	304.4184
RO	ana8	jul26	504	324.22061160714287	289.00296249999997
RO	ana8	jul26_evening	84	405.2201623511904	306.28245
RO	ana8b	all	18024	344.64321705261045	289.701390625
RO	ana8b	evening	3004	325.31077965004994	274.51191874999995
RO	ana8b	jul26	504	315.38092424355165	258.420496875
RO	ana8b	jul26_evening	84	391.0455944940476	369.16665000000006
RO	ana16	all	18024	363.1116973223202	303.170175
RO	ana16	evening	3004	364.57496747669774	307.48819999999995
RO	ana16	jul26	504	321.0469642113095	275.52753125
RO	ana16	jul26_evening	84	430.06665089285707	412.97686875000005
RO	ana16b	all	18024	344.6565815426653	291.80333125000004
RO	ana16b	evening	3004	326.8725880159787	272.03659375
RO	ana16b	jul26	504	320.68270536954367	270.7077093749999
RO	ana16b	jul26_evening	84	393.0814712797619	364.3893781250001
RO	ana8w	all	18024	372.5862053692299	311.6576000000001
RO	ana8w	evening	3004	369.86665588382164	303.77442499999995
RO	ana8w	jul26	504	335.2694111855159	293.1393562499999
RO	ana8w	jul26_evening	84	429.62069449404754	419.95788749999974
RO	ana16w	all	18024	368.16314096690525	316.55704999999995
RO	ana16w	evening	3004	370.612141398968	317.45500000000004
RO	ana16w	jul26	504	342.49767061011903	310.593825
RO	ana16w	jul26_evening	84	435.32439211309514	417.4312249999999
RO	anad2	all	18024	340.6557208739043	282.7712562500001
RO	anad2	evening	3004	321.0988681674434	258.9544875
RO	anad2	jul26	504	265.8564691840278	232.33422499999995
RO	anad2	jul26_evening	84	259.29073928571427	230.57952500000005
RO	anad2w	all	18024	342.93411333465104	288.78185625000003
RO	anad2w	evening	3004	322.1681526194241	269.99120000000005
RO	anad2w	jul26	504	273.13888773561507	241.5987812500001
RO	anad2w	jul26_evening	84	254.7273634672619	201.79361875
RO	ana16wb	all	18024	344.6565815426653	291.80333125000004
RO	ana16wb	evening	3004	326.8725880159787	272.03659375
RO	ana16wb	jul26	504	320.68270536954367	270.7077093749999
RO	ana16wb	jul26_evening	84	393.0814712797619	364.3893781250001
RO	v3	all	18024	345.169651653351	288.80453437499995
RO	v3	evening	3004	328.7938462653961	271.2109
RO	v3	jul26	504	311.25920787450394	260.981084375
RO	v3	jul26_evening	84	392.40396748511904	386.637715625
RS	v2	all	18000	154.7484090416667	122.99889999999994
RS	v2	evening	3000	116.59751728750001	86.86108750000002
RS	v2	jul26	504	158.69189660218254	146.04311874999996
RS	v2	jul26_evening	84	88.17470714285714	71.64211250000002
RS	rec3	all	18000	146.84408000833335	114.08492500000003
RS	rec3	evening	3000	113.684352775	82.98562499999997
RS	rec3	jul26	504	125.4413318452381	96.8849625
RS	rec3	jul26_evening	84	60.98208541666666	52.7494875
RS	d2	all	18000	122.90816810277776	90.63470000000004
RS	d2	evening	3000	93.79191375833332	63.424875000000014
RS	d2	jul26	504	82.24214047619047	55.07060000000002
RS	d2	jul26_evening	84	56.58846071428572	37.28192500000001
RS	ana8	all	18000	168.91845461666668	135.33159999999992
RS	ana8	evening	3000	132.74223429166665	100.78075000000004
RS	ana8	jul26	504	139.17868092757936	118.76765
RS	ana8	jul26_evening	84	131.87883883928575	103.01358125
RS	ana8b	all	18000	156.65866788854166	124.7750375
RS	ana8b	evening	3000	116.16678534999998	87.51208125000002
RS	ana8b	jul26	504	99.42509425843252	86.90995625
RS	ana8b	jul26_evening	84	55.56723906249998	46.10443125
RS	ana16	all	18000	165.00719703333334	131.05098749999996
RS	ana16	evening	3000	129.12021415416666	96.7873875
RS	ana16	jul26	504	98.5002162450397	84.41441874999998
RS	ana16	jul26_evening	84	101.79864761904764	86.39748125
RS	ana16b	all	18000	154.8311385006944	123.25684999999999
RS	ana16b	evening	3000	114.37769964166665	87.27430625
RS	ana16b	jul26	504	90.52009069940476	70.05331874999999
RS	ana16b	jul26_evening	84	52.23446183035714	43.12926562500006
RS	ana8w	all	18000	200.02509393819446	159.3886
RS	ana8w	evening	3000	156.06232672083334	125.10864374999997
RS	ana8w	jul26	504	104.93721587301586	86.5818
RS	ana8w	jul26_evening	84	124.93146205357144	109.77120625
RS	ana16w	all	18000	195.54213622777777	157.23312499999997
RS	ana16w	evening	3000	150.90663274583332	120.92223750000001
RS	ana16w	jul26	504	111.43751336805556	92.91722500000004
RS	ana16w	jul26_evening	84	120.4387775297619	114.26254999999999
RS	anad2	all	18000	119.2992173736111	89.7074375
RS	anad2	evening	3000	92.27664663541667	66.45448124999997
RS	anad2	jul26	504	75.50709011656745	60.22394062499997
RS	anad2	jul26_evening	84	67.8254613095238	58.55227812499999
RS	anad2w	all	18000	129.69449778541664	100.29809374999999
RS	anad2w	evening	3000	100.33544248125	75.0167
RS	anad2w	jul26	504	78.29157845982142	60.00215
RS	anad2w	jul26_evening	84	72.32232343749999	60.578699999999984
RS	ana16wb	all	18000	154.8311385006944	123.25684999999999
RS	ana16wb	evening	3000	114.37769964166665	87.27430625
RS	ana16wb	jul26	504	90.52009069940476	70.05331874999999
RS	ana16wb	jul26_evening	84	52.23446183035714	43.12926562500006
RS	v3	all	18000	146.25043369444444	117.64183750000002
RS	v3	evening	3000	110.073917125	79.63240624999999
RS	v3	jul26	504	87.68558214285714	74.03753124999996
RS	v3	jul26_evening	84	45.601906101190465	33.40527499999999
SE1	v2	all	18024	376.35434414075183	309.6469125625
SE1	v2	evening	3004	368.44973564045563	312.07949687499996
SE1	v2	jul26	504	290.9476412916832	249.20367750000014
SE1	v2	jul26_evening	84	298.69640795684523	247.31922281250002
SE1	rec3	all	18024	353.4362761533572	289.948125
SE1	rec3	evening	3004	347.61770024768765	283.9889427499999
SE1	rec3	jul26	504	349.4108428074405	301.64811624999993
SE1	rec3	jul26_evening	84	371.003798375	370.4824205
SE1	d2	all	18024	363.8155052868493	290.80562499999996
SE1	d2	evening	3004	342.45005351131823	273.3305968750002
SE1	d2	jul26	504	341.74700127025466	272.48037312499997
SE1	d2	jul26_evening	84	322.3988297767858	216.36520137499997
SE1	ana8	all	18024	334.21800508158253	277.27468749999997
SE1	ana8	evening	3004	310.28486041895036	257.2654041562501
SE1	ana8	jul26	504	531.7670155736608	515.3585162812501
SE1	ana8	jul26_evening	84	520.4153960252977	558.893912125
SE1	ana8b	all	18024	322.83267519119374	271.44671874999995
SE1	ana8b	evening	3004	311.19979234484526	264.47796875000006
SE1	ana8b	jul26	504	237.28181597855487	203.21258125
SE1	ana8b	jul26_evening	84	234.41198245163685	188.55974259375006
SE1	ana16	all	18024	327.10455694244166	271.50657893749997
SE1	ana16	evening	3004	309.47424965638373	257.7423619374998
SE1	ana16	jul26	504	535.6240565522073	543.7885775
SE1	ana16	jul26_evening	84	523.1839012812501	587.9421714687501
SE1	ana16b	all	18024	320.1255568127088	268.11202606250004
SE1	ana16b	evening	3004	309.0511368592843	257.91640625
SE1	ana16b	jul26	504	235.74096649628805	205.94232025000008
SE1	ana16b	jul26_evening	84	241.66484383482145	199.54508120312502
SE1	ana8w	all	18024	353.003722917831	296.8379403750001
SE1	ana8w	evening	3004	325.6399790717882	267.1525
SE1	ana8w	jul26	504	263.91700897271824	219.59984374999993
SE1	ana8w	jul26_evening	84	213.46498004464286	161.1362400625001
SE1	ana16w	all	18024	339.39495997051773	280.620735125
SE1	ana16w	evening	3004	317.699765966824	257.8934773124999
SE1	ana16w	jul26	504	254.5485120560516	209.4232858125
SE1	ana16w	jul26_evening	84	231.46669874107135	146.45523599999993
SE1	anad2	all	18024	309.49579300643717	259.0027737812499
SE1	anad2	evening	3004	292.07174998139385	248.20701454687492
SE1	anad2	jul26	504	365.0004529654224	347.0877074531249
SE1	anad2	jul26_evening	84	367.6706123266369	380.8223409687499
SE1	anad2w	all	18024	312.14130988706376	260.2794631562499
SE1	anad2w	evening	3004	294.196770973727	252.36367843749994
SE1	anad2w	jul26	504	272.6704648974041	217.32180014062502
SE1	anad2w	jul26_evening	84	258.16598243080364	180.98966259374993
SE1	ana16wb	all	18024	320.1255568127088	268.11202606250004
SE1	ana16wb	evening	3004	309.0511368592843	257.91640625
SE1	ana16wb	jul26	504	235.74096649628805	205.94232025000008
SE1	ana16wb	jul26_evening	84	241.66484383482145	199.54508120312502
SE1	v3	all	18024	376.35434414075183	309.6469125625
SE1	v3	evening	3004	368.44973564045563	312.07949687499996
SE1	v3	jul26	504	290.9476412916832	249.20367750000014
SE1	v3	jul26_evening	84	298.69640795684523	247.31922281250002
SE2	v2	all	18024	501.7704847925195	412.6531126250002
SE2	v2	evening	3004	498.3428456628464	396.6855766250002
SE2	v2	jul26	504	516.9746396109364	428.71019075000004
SE2	v2	jul26_evening	84	483.9411047610545	398.09043787500013
SE2	rec3	all	18024	440.7749643064464	365.6304425625001
SE2	rec3	evening	3004	442.55716954188955	363.72680231250024
SE2	rec3	jul26	504	449.71608798117205	397.2105889375
SE2	rec3	jul26_evening	84	397.1681918558673	360.4179998124997
SE2	d2	all	18024	487.92207494369916	397.52217175
SE2	d2	evening	3004	465.14644899719815	383.79499999999985
SE2	d2	jul26	504	468.1552110392101	436.04233206249955
SE2	d2	jul26_evening	84	409.00878345897104	296.2679664999996
SE2	ana8	all	18024	437.8338799944923	345.54248962500014
SE2	ana8	evening	3004	438.08996894702204	346.48531249999974
SE2	ana8	jul26	504	432.5304119244792	375.27333803125
SE2	ana8	jul26_evening	84	369.10901439880956	348.09799506249965
SE2	ana8b	all	18024	428.0224890356731	348.46440484375023
SE2	ana8b	evening	3004	429.75945619763826	338.8887499999996
SE2	ana8b	jul26	504	420.4371655692454	397.8386962812499
SE2	ana8b	jul26_evening	84	370.39653484555697	293.65371099999993
SE2	ana16	all	18024	413.6637016493444	328.40281249999964
SE2	ana16	evening	3004	411.7514124279819	320.7415141875001
SE2	ana16	jul26	504	412.91648012462804	362.6517947812504
SE2	ana16	jul26_evening	84	320.2482969136904	328.5774039687499
SE2	ana16b	all	18024	421.2379878620192	344.1860446249998
SE2	ana16b	evening	3004	423.35531697169995	330.5647767187497
SE2	ana16b	jul26	504	422.6880711616314	413.4246826562503
SE2	ana16b	jul26_evening	84	372.5557700438456	324.6957084843749
SE2	ana8w	all	18024	481.5865532989218	384.1302280000001
SE2	ana8w	evening	3004	495.4512178249734	410.46413315625
SE2	ana8w	jul26	504	393.342394109747	336.64699625000026
SE2	ana8w	jul26_evening	84	351.44280597321426	302.10364181249975
SE2	ana16w	all	18024	451.50184583175303	356.8331677499996
SE2	ana16w	evening	3004	469.14819595767153	372.78375000000005
SE2	ana16w	jul26	504	398.7223145274058	342.4282744687499
SE2	ana16w	jul26_evening	84	326.7739385260417	276.0350316874998
SE2	anad2	all	18024	400.2954034599522	320.3083165781251
SE2	anad2	evening	3004	389.660627720942	311.40480360937477
SE2	anad2	jul26	504	392.93479090905197	357.8549744843749
SE2	anad2	jul26_evening	84	330.1083711610331	289.1995707187499
SE2	anad2w	all	18024	406.7925831389474	325.8975608749997
SE2	anad2w	evening	3004	402.2914188149922	322.48130342187494
SE2	anad2w	jul26	504	387.3705469214528	339.27919657812504
SE2	anad2w	jul26_evening	84	328.86862374845884	275.42651057812543
SE2	ana16wb	all	18024	421.2379878620192	344.1860446249998
SE2	ana16wb	evening	3004	423.35531697169995	330.5647767187497
SE2	ana16wb	jul26	504	422.6880711616314	413.4246826562503
SE2	ana16wb	jul26_evening	84	372.5557700438456	324.6957084843749
SE2	v3	all	18024	501.7704847925195	412.6531126250002
SE2	v3	evening	3004	498.3428456628464	396.6855766250002
SE2	v3	jul26	504	516.9746396109364	428.71019075000004
SE2	v3	jul26_evening	84	483.9411047610545	398.09043787500013
SE3	v2	all	18024	513.8382442869467	429.3994641875001
SE3	v2	evening	3004	498.60563615227716	416.95662812499995
SE3	v2	jul26	504	507.6110874957979	455.2862898125003
SE3	v2	jul26_evening	84	480.30985809162405	401.3301312499998
SE3	rec3	all	18024	521.019788240258	428.3487500000001
SE3	rec3	evening	3004	490.2987053315748	411.0969191249998
SE3	rec3	jul26	504	555.3002605587727	461.6433788125001
SE3	rec3	jul26_evening	84	533.8729334064626	474.7804608749999
SE3	d2	all	18024	527.6846701046503	435.53404400000005
SE3	d2	evening	3004	498.35570376368213	407.218125
SE3	d2	jul26	504	457.0541659284651	413.7920522499999
SE3	d2	jul26_evening	84	371.7324531466836	374.41149518750035
SE3	ana8	all	18024	468.12242869871284	403.4900000000001
SE3	ana8	evening	3004	442.93157761269396	382.8221477500002
SE3	ana8	jul26	504	391.52763528927505	316.69943503125035
SE3	ana8	jul26_evening	84	371.284163907738	288.99765803125007
SE3	ana8b	all	18024	431.3850678923052	369.58359375
SE3	ana8b	evening	3004	417.58714972966845	361.4303124999999
SE3	ana8b	jul26	504	321.03158574689803	260.6545646093748
SE3	ana8b	jul26_evening	84	324.624771465827	336.92186971875003
SE3	ana16	all	18024	457.4958141222374	389.97375
SE3	ana16	evening	3004	435.1345781216137	375.80608725000025
SE3	ana16	jul26	504	342.1824292951034	283.0905323437501
SE3	ana16	jul26_evening	84	342.65255618877546	297.84690568749966
SE3	ana16b	all	18024	426.3743965379556	361.93140625000024
SE3	ana16b	evening	3004	416.42696135430447	356.8537107187499
SE3	ana16b	jul26	504	305.6597745078727	245.1774088437505
SE3	ana16b	jul26_evening	84	296.2054516388181	284.82838818749974
SE3	ana8w	all	18024	497.01961065652955	433.4178125000003
SE3	ana8w	evening	3004	472.6603951353453	414.6834375000001
SE3	ana8w	jul26	504	577.9013624502727	531.7879633124999
SE3	ana8w	jul26_evening	84	527.2761639754464	484.05163453125033
SE3	ana16w	all	18024	482.38203435085023	415.3734375
SE3	ana16w	evening	3004	463.29429303202477	405.36406250000005
SE3	ana16w	jul26	504	519.3521539032738	483.4044688749996
SE3	ana16w	jul26_evening	84	441.3365975193453	375.2745315625
SE3	anad2	all	18024	418.92425865768365	348.1812626874997
SE3	anad2	evening	3004	404.1053866130516	337.4748437500001
SE3	anad2	jul26	504	331.3512884990079	270.2424411250002
SE3	anad2	jul26_evening	84	283.36368308014454	253.53940260937497
SE3	anad2w	all	18024	424.04968879328106	359.7571726875002
SE3	anad2w	evening	3004	411.2687226942113	342.11484375000043
SE3	anad2w	jul26	504	340.7320351719459	274.23401225000003
SE3	anad2w	jul26_evening	84	277.1408534587584	200.8450272812497
SE3	ana16wb	all	18024	426.3743965379556	361.93140625000024
SE3	ana16wb	evening	3004	416.42696135430447	356.8537107187499
SE3	ana16wb	jul26	504	305.6597745078727	245.1774088437505
SE3	ana16wb	jul26_evening	84	296.2054516388181	284.82838818749974
SE3	v3	all	18024	513.8382442869467	429.3994641875001
SE3	v3	evening	3004	498.60563615227716	416.95662812499995
SE3	v3	jul26	504	507.6110874957979	455.2862898125003
SE3	v3	jul26_evening	84	480.30985809162405	401.3301312499998
SE4	v2	all	18024	276.53926735568484	224.69859643749996
SE4	v2	evening	3004	268.0361954426063	209.77875000000012
SE4	v2	jul26	504	307.06258774764746	263.2382295000001
SE4	v2	jul26_evening	84	378.9147615092262	332.82445062500005
SE4	rec3	all	18024	269.72930220473137	226.87182956249995
SE4	rec3	evening	3004	258.11594557072056	215.17958274999995
SE4	rec3	jul26	504	251.61338500017717	203.13192062500008
SE4	rec3	jul26_evening	84	264.4757066264881	229.83353225000013
SE4	d2	all	18024	260.77151431562294	207.22491300000002
SE4	d2	evening	3004	250.83486342087215	191.86750000000006
SE4	d2	jul26	504	255.80224227881948	201.69898537499998
SE4	d2	jul26_evening	84	265.5050396044643	202.4137655
SE4	ana8	all	18024	230.011746662838	195.2226637187499
SE4	ana8	evening	3004	223.25030864695643	187.99050728124996
SE4	ana8	jul26	504	233.90816285159792	199.35825115625
SE4	ana8	jul26_evening	84	250.69757541145833	228.0750447499999
SE4	ana8b	all	18024	228.36532544145015	192.87279715624982
SE4	ana8b	evening	3004	223.4516405820296	182.44651543750007
SE4	ana8b	jul26	504	246.6445752436774	194.96999095312503
SE4	ana8b	jul26_evening	84	296.5016535700893	245.06481940624997
SE4	ana16	all	18024	232.65656655621183	201.63097674999995
SE4	ana16	evening	3004	233.29398163093612	201.17855865624995
SE4	ana16	jul26	504	223.68078218563986	188.51894778125006
SE4	ana16	jul26_evening	84	235.55804167410722	188.16106021874998
SE4	ana16b	all	18024	229.3905395154465	193.48618890624994
SE4	ana16b	evening	3004	224.09496614506014	184.05093750000015
SE4	ana16b	jul26	504	248.12299981715208	192.67837385937491
SE4	ana16b	jul26_evening	84	300.59142476130955	236.2613489062501
SE4	ana8w	all	18024	234.93863602243718	200.8619864374997
SE4	ana8w	evening	3004	228.5285535864704	193.4512482499997
SE4	ana8w	jul26	504	220.46743311842755	162.5066775624999
SE4	ana8w	jul26_evening	84	229.23829797619047	175.38641415625017
SE4	ana16w	all	18024	238.6374213075462	206.8612500000001
SE4	ana16w	evening	3004	230.6775009655899	198.66189581249995
SE4	ana16w	jul26	504	219.87607912425597	173.04631918750013
SE4	ana16w	jul26_evening	84	239.01492304017856	173.88007465625014
SE4	anad2	all	18024	216.05036281001765	181.57437500000015
SE4	anad2	evening	3004	215.55848879048503	177.7687482656254
SE4	anad2	jul26	504	210.57467877116818	171.07334960937493
SE4	anad2	jul26_evening	84	219.86672391309526	178.5520176718752
SE4	anad2w	all	18024	215.59674836864735	178.6337499999999
SE4	anad2w	evening	3004	212.70368603641336	172.98923084375008
SE4	anad2w	jul26	504	203.655600846875	137.60304209375002
SE4	anad2w	jul26_evening	84	221.5902687561012	196.6245272343748
SE4	ana16wb	all	18024	229.3905395154465	193.48618890624994
SE4	ana16wb	evening	3004	224.09496614506014	184.05093750000015
SE4	ana16wb	jul26	504	248.12299981715208	192.67837385937491
SE4	ana16wb	jul26_evening	84	300.59142476130955	236.2613489062501
SE4	v3	all	18024	276.53926735568484	224.69859643749996
SE4	v3	evening	3004	268.0361954426063	209.77875000000012
SE4	v3	jul26	504	307.06258774764746	263.2382295000001
SE4	v3	jul26_evening	84	378.9147615092262	332.82445062500005
SI	v2	all	18000	134.25309638508597	108.3503125
SI	v2	evening	3000	115.39279393749999	91.91375000000002
SI	v2	jul26	504	133.30409052579367	121.94456249999998
SI	v2	jul26_evening	84	103.90763095238091	96.14915625000002
SI	rec3	all	18000	133.78836172883598	107.03031250000004
SI	rec3	evening	3000	116.02640808333334	89.34781250000003
SI	rec3	jul26	504	117.8725652281746	107.69493749999998
SI	rec3	jul26_evening	84	91.95858928571428	82.19806250000002
SI	d2	all	18000	108.7113017040344	86.665625
SI	d2	evening	3000	85.30397308333333	69.09874999999995
SI	d2	jul26	504	106.11505537840137	85.03593749999996
SI	d2	jul26_evening	84	73.2160744047619	62.333
SI	ana8	all	18000	135.8537378227513	109.84637500000008
SI	ana8	evening	3000	119.174442125	93.08425000000004
SI	ana8	jul26	504	137.65702738803856	125.65896875000001
SI	ana8	jul26_evening	84	108.4053638392857	103.27584375000002
SI	ana8b	all	18000	126.2798932876984	102.68981249999999
SI	ana8b	evening	3000	104.83579957291666	83.15015624999991
SI	ana8b	jul26	504	138.5953921662415	128.49979687499993
SI	ana8b	jul26_evening	84	105.93276525297621	102.06746875000005
SI	ana16	all	18000	133.07538784804893	109.21115624999999
SI	ana16	evening	3000	112.54333764583335	90.87709375000004
SI	ana16	jul26	504	135.4454179598923	125.90068749999998
SI	ana16	jul26_evening	84	105.8864456845238	102.83318750000001
SI	ana16b	all	18000	123.79892334713955	101.91576562499998
SI	ana16b	evening	3000	102.23398369791667	80.55945312499999
SI	ana16b	jul26	504	139.08462342332766	131.79045312499997
SI	ana16b	jul26_evening	84	119.29117447916666	109.08025000000005
SI	ana8w	all	18000	149.50105449255952	121.67906250000007
SI	ana8w	evening	3000	128.681435875	103.26781249999998
SI	ana8w	jul26	504	149.77144653486394	133.00475
SI	ana8w	jul26_evening	84	111.05445907738091	101.97600000000003
SI	ana16w	all	18000	143.269170421627	118.17125000000001
SI	ana16w	evening	3000	122.59463183333332	98.1531875
SI	ana16w	jul26	504	153.31578330498866	140.32421874999997
SI	ana16w	jul26_evening	84	137.20143824404764	128.38281249999997
SI	anad2	all	18000	99.3016879572586	80.19232812500003
SI	anad2	evening	3000	80.69913630208333	66.59437500000006
SI	anad2	jul26	504	91.98528411104024	79.62690624999995
SI	anad2	jul26_evening	84	67.8917816220238	64.42732812500003
SI	anad2w	all	18000	103.23554458796296	84.57579687500004
SI	anad2w	evening	3000	83.961527125	68.89234374999995
SI	anad2w	jul26	504	96.39884715136054	81.37517187500004
SI	anad2w	jul26_evening	84	76.41716555059524	71.44301562500006
SI	ana16wb	all	18000	123.79892334713955	101.91576562499998
SI	ana16wb	evening	3000	102.23398369791667	80.55945312499999
SI	ana16wb	jul26	504	139.08462342332766	131.79045312499997
SI	ana16wb	jul26_evening	84	119.29117447916666	109.08025000000005
SI	v3	all	18000	120.5079125775463	97.26660937499996
SI	v3	evening	3000	99.7475913125	79.48228125000006
SI	v3	jul26	504	130.5706579772534	123.58081249999998
SI	v3	jul26_evening	84	103.91520721726192	96.440609375
SK	v2	all	18024	178.66199271838937	150.77406250000007
SK	v2	evening	3004	169.5142955933755	142.03487499999997
SK	v2	jul26	504	170.66172991071429	142.14731250000003
SK	v2	jul26_evening	84	165.3804427083333	135.03599999999997
SK	rec3	all	18024	185.91985398010988	155.0396249999999
SK	rec3	evening	3004	173.87602177929426	145.8303125
SK	rec3	jul26	504	188.47440749007936	150.2063125
SK	rec3	jul26_evening	84	186.1685922619048	136.33468750000003
SK	d2	all	18024	154.31372590989793	126.143125
SK	d2	evening	3004	140.9061422270306	116.48043749999985
SK	d2	jul26	504	161.30608482142858	125.48262499999997
SK	d2	jul26_evening	84	133.69792708333333	119.60681249999993
SK	ana8	all	18024	175.19517216939914	146.8803125000001
SK	ana8	evening	3004	163.10544516894143	139.443625
SK	ana8	jul26	504	186.62373040674603	153.04209375000002
SK	ana8	jul26_evening	84	200.21079017857144	155.98912499999994
SK	ana8b	all	18024	163.51636337435502	138.35146875000012
SK	ana8b	evening	3004	153.89524392060585	129.90362500000003
SK	ana8b	jul26	504	167.65297643849206	134.28993749999995
SK	ana8b	jul26_evening	84	163.9169330357143	131.32278124999996
SK	ana16	all	18024	169.6940951602724	141.0946875
SK	ana16	evening	3004	155.96244942576564	132.8027499999999
SK	ana16	jul26	504	183.64921800595235	155.27643750000016
SK	ana16	jul26_evening	84	190.43696502976195	133.77131249999994
SK	ana16b	all	18024	162.87878666205475	139.24843749999994
SK	ana16b	evening	3004	154.4968035390313	133.63799999999998
SK	ana16b	jul26	504	168.610615265377	141.5046875
SK	ana16b	jul26_evening	84	165.22091703869043	135.78306249999997
SK	ana8w	all	18024	176.57709180329007	148.29509374999995
SK	ana8w	evening	3004	165.6857746671105	139.46474999999998
SK	ana8w	jul26	504	187.6899060019841	151.16365624999997
SK	ana8w	jul26_evening	84	182.53275223214283	155.48540624999987
SK	ana16w	all	18024	171.04358300044385	144.00659374999992
SK	ana16w	evening	3004	162.70228806591211	138.08887500000003
SK	ana16w	jul26	504	192.54559759424603	158.9558750000001
SK	ana16w	jul26_evening	84	189.7871130952381	157.44584375000002
SK	anad2	all	18024	137.33614195361048	113.07917187500006
SK	anad2	evening	3004	125.4601678054261	105.48129687499997
SK	anad2	jul26	504	147.26635503472224	105.41235937500005
SK	anad2	jul26_evening	84	146.79912165178573	108.63242187499995
SK	anad2w	all	18024	136.85769119195243	113.23625000000001
SK	anad2w	evening	3004	125.7879335427763	106.66171875000003
SK	anad2w	jul26	504	149.47583190724208	118.22229687499998
SK	anad2w	jul26_evening	84	144.3803578869048	121.55945312500006
SK	ana16wb	all	18024	162.87878666205475	139.24843749999994
SK	ana16wb	evening	3004	154.4968035390313	133.63799999999998
SK	ana16wb	jul26	504	168.610615265377	141.5046875
SK	ana16wb	jul26_evening	84	165.22091703869043	135.78306249999997
SK	v3	all	18024	162.41350941279683	137.70960937499999
SK	v3	evening	3004	152.465215502247	130.5581249999999
SK	v3	jul26	504	167.5102347470238	136.32354687499998
SK	v3	jul26_evening	84	175.40913467261902	140.05518749999993
IT-NORTH	v2	all	18024	699.1680235054979	580.9053125
IT-NORTH	v2	evening	3004	674.3632822133823	554.4800000000001
IT-NORTH	v2	jul26	504	682.0559986181973	557.1960714285711
IT-NORTH	v2	jul26_evening	84	698.971294642857	619.4809374999999
IT-NORTH	rec3	all	18024	687.4510581262022	551.0899999999998
IT-NORTH	rec3	evening	3004	691.666159047936	555.9212500000001
IT-NORTH	rec3	jul26	504	629.7203613945578	558.2422321428568
IT-NORTH	rec3	jul26_evening	84	616.0091071428573	581.704375
IT-NORTH	d2	all	18024	717.8124217854818	537.4356250000001
IT-NORTH	d2	evening	3004	666.4762110446072	519.7224999999997
IT-NORTH	d2	jul26	504	682.432155612245	542.1756249999999
IT-NORTH	d2	jul26_evening	84	699.4761160714286	582.8274999999999
IT-NORTH	ana8	all	18024	718.464162635276	588.1624999999999
IT-NORTH	ana8	evening	3004	716.448865144474	547.3543750000001
IT-NORTH	ana8	jul26	504	623.8001000330689	537.9187499999998
IT-NORTH	ana8	jul26_evening	84	586.5655654761904	540.8421875000001
IT-NORTH	ana8b	all	18024	625.1194058291104	513.20390625
IT-NORTH	ana8b	evening	3004	623.8333250729028	492.2276562500002
IT-NORTH	ana8b	jul26	504	641.4032517833523	529.4671875
IT-NORTH	ana8b	jul26_evening	84	583.6068861607143	604.8325000000003
IT-NORTH	ana16	all	18024	714.4005014849513	587.4718750000002
IT-NORTH	ana16	evening	3004	723.9477474680426	553.7675000000005
IT-NORTH	ana16	jul26	504	598.1637223639456	537.4865625
IT-NORTH	ana16	jul26_evening	84	588.9363020833332	533.4621875
IT-NORTH	ana16b	all	18024	623.3794661379656	515.55421875
IT-NORTH	ana16b	evening	3004	624.2189420627496	496.04624999999965
IT-NORTH	ana16b	jul26	504	597.9243880208332	479.9757812499997
IT-NORTH	ana16b	jul26_evening	84	524.3704724702382	489.60562500000003
IT-NORTH	ana8w	all	18024	716.7203507439888	592.9962499999998
IT-NORTH	ana8w	evening	3004	718.3274436647804	566.69
IT-NORTH	ana8w	jul26	504	715.8313519817649	610.5706249999996
IT-NORTH	ana8w	jul26_evening	84	670.9525372023811	667.9865625
IT-NORTH	ana16w	all	18024	710.6206341153289	589.3312500000003
IT-NORTH	ana16w	evening	3004	714.9165786098536	565.575625
IT-NORTH	ana16w	jul26	504	658.480360095427	562.6534375000002
IT-NORTH	ana16w	jul26_evening	84	582.7910342261904	527.1128125
IT-NORTH	anad2	all	18024	601.5227029072917	485.2909062499998
IT-NORTH	anad2	evening	3004	595.8734619926764	460.3234375000005
IT-NORTH	anad2	jul26	504	556.1593750000001	474.4290625000001
IT-NORTH	anad2	jul26_evening	84	496.0416927083332	449.02671874999965
IT-NORTH	anad2w	all	18024	599.3133721820476	490.3575000000003
IT-NORTH	anad2w	evening	3004	591.9543843670107	457.77468749999997
IT-NORTH	anad2w	jul26	504	565.4203071263228	476.8381250000001
IT-NORTH	anad2w	jul26_evening	84	533.5886867559523	453.4289062499996
IT-NORTH	ana16wb	all	18024	623.3794661379656	515.55421875
IT-NORTH	ana16wb	evening	3004	624.2189420627496	496.04624999999965
IT-NORTH	ana16wb	jul26	504	597.9243880208332	479.9757812499997
IT-NORTH	ana16wb	jul26_evening	84	524.3704724702382	489.60562500000003
IT-NORTH	v3	all	18024	633.3127322154422	517.436875
IT-NORTH	v3	evening	3004	633.9344890417776	492.41421875000003
IT-NORTH	v3	jul26	504	607.2690569196428	525.4775000000003
IT-NORTH	v3	jul26_evening	84	589.6989694940476	529.8253125000002
IT-CNORTH	v2	all	18024	172.31996208098198	131.345
IT-CNORTH	v2	evening	3004	170.12050238570794	127.36499999999998
IT-CNORTH	v2	jul26	504	218.0032535548942	169.05468750000003
IT-CNORTH	v2	jul26_evening	84	206.49604166666666	143.93656250000004
IT-CNORTH	rec3	all	18024	171.77553144748802	126.62687500000004
IT-CNORTH	rec3	evening	3004	171.34998786340435	123.54062499999986
IT-CNORTH	rec3	jul26	504	197.5984623015873	135.94
IT-CNORTH	rec3	jul26_evening	84	229.55147321428572	146.6331249999999
IT-CNORTH	d2	all	18024	218.70986013027604	146.50625
IT-CNORTH	d2	evening	3004	183.01772858411005	134.10562500000003
IT-CNORTH	d2	jul26	504	337.37938988095243	230.06312500000007
IT-CNORTH	d2	jul26_evening	84	365.30703869047613	233.26875000000007
IT-CNORTH	ana8	all	18024	136.67108134095017	103.58500000000015
IT-CNORTH	ana8	evening	3004	148.81488834332004	104.86781249999996
IT-CNORTH	ana8	jul26	504	163.38912037037036	115.64093750000004
IT-CNORTH	ana8	jul26_evening	84	251.07218501984127	197.47093750000016
IT-CNORTH	ana8b	all	18024	138.87744200358514	105.2475
IT-CNORTH	ana8b	evening	3004	144.26178837938303	104.75999999999988
IT-CNORTH	ana8b	jul26	504	175.340720692791	132.488125
IT-CNORTH	ana8b	jul26_evening	84	207.36311507936517	142.50734375000008
IT-CNORTH	ana16	all	18024	137.57526872074004	102.58874999999992
IT-CNORTH	ana16	evening	3004	148.38251969596095	103.06312500000021
IT-CNORTH	ana16	jul26	504	153.0152476025132	98.00499999999997
IT-CNORTH	ana16	jul26_evening	84	198.01460069444443	117.27687500000002
IT-CNORTH	ana16b	all	18024	138.47018130835474	103.67781250000002
IT-CNORTH	ana16b	evening	3004	142.0009600393919	100.76437500000006
IT-CNORTH	ana16b	jul26	504	162.31704406415344	114.88937499999992
IT-CNORTH	ana16b	jul26_evening	84	173.7994035218254	101.79453125000009
IT-CNORTH	ana8w	all	18024	135.50028031407857	101.96156250000011
IT-CNORTH	ana8w	evening	3004	145.6113881491345	104.24343750000003
IT-CNORTH	ana8w	jul26	504	175.74613591269843	127.25562500000012
IT-CNORTH	ana8w	jul26_evening	84	246.94316964285719	172.58250000000027
IT-CNORTH	ana16w	all	18024	132.67238136684156	99.52281249999993
IT-CNORTH	ana16w	evening	3004	141.6171314636041	100.92062500000014
IT-CNORTH	ana16w	jul26	504	140.0514347718254	92.03625
IT-CNORTH	ana16w	jul26_evening	84	180.78965525793652	106.0437500000001
IT-CNORTH	anad2	all	18024	147.9601962239831	106.66015624999991
IT-CNORTH	anad2	evening	3004	138.45905424711498	96.12374999999997
IT-CNORTH	anad2	jul26	504	204.29423838458993	127.60984374999998
IT-CNORTH	anad2	jul26_evening	84	232.40049727182537	122.16171874999975
IT-CNORTH	anad2w	all	18024	146.21380322021037	106.38874999999996
IT-CNORTH	anad2w	evening	3004	136.05653725588104	98.32406250000003
IT-CNORTH	anad2w	jul26	504	206.94969845403438	142.7103125000001
IT-CNORTH	anad2w	jul26_evening	84	245.3016679067461	141.7070312500001
IT-CNORTH	ana16wb	all	18024	138.47018130835474	103.67781250000002
IT-CNORTH	ana16wb	evening	3004	142.0009600393919	100.76437500000006
IT-CNORTH	ana16wb	jul26	504	162.31704406415344	114.88937499999992
IT-CNORTH	ana16wb	jul26_evening	84	173.7994035218254	101.79453125000009
IT-CNORTH	v3	all	18024	140.00249460127898	105.14296875000008
IT-CNORTH	v3	evening	3004	146.34435148968043	106.13171875000006
IT-CNORTH	v3	jul26	504	156.91601603835977	111.3896875000001
IT-CNORTH	v3	jul26_evening	84	172.80173983134924	101.01015625000002
IT-CSOUTH	v2	all	18024	310.91255298490904	254.67093750000004
IT-CSOUTH	v2	evening	3004	326.326183005992	263.14156249999996
IT-CSOUTH	v2	jul26	504	325.35810143849204	257.2546875000003
IT-CSOUTH	v2	jul26_evening	84	302.9061011904762	214.86781250000013
IT-CSOUTH	rec3	all	18024	332.43236915594025	265.42500000000007
IT-CSOUTH	rec3	evening	3004	353.4769122420107	268.135
IT-CSOUTH	rec3	jul26	504	363.1028298611111	283.14875000000006
IT-CSOUTH	rec3	jul26_evening	84	397.5285416666667	257.4950000000001
IT-CSOUTH	d2	all	18024	316.9640222296198	246.79625
IT-CSOUTH	d2	evening	3004	352.6074072070573	270.06875000000014
IT-CSOUTH	d2	jul26	504	363.6531398809524	239.0675
IT-CSOUTH	d2	jul26_evening	84	408.9169940476191	188.40250000000003
IT-CSOUTH	ana8	all	18024	315.1461569180907	257.076875
IT-CSOUTH	ana8	evening	3004	342.4191844207723	266.58624999999984
IT-CSOUTH	ana8	jul26	504	277.11514384920633	203.03875000000005
IT-CSOUTH	ana8	jul26_evening	84	272.31087797619045	167.31999999999982
IT-CSOUTH	ana8b	all	18024	287.86471057109037	228.5775
IT-CSOUTH	ana8b	evening	3004	302.3267747170439	233.25484375000008
IT-CSOUTH	ana8b	jul26	504	253.94996031746032	191.2632812500001
IT-CSOUTH	ana8b	jul26_evening	84	268.92058779761896	169.84843749999993
IT-CSOUTH	ana16	all	18024	307.9267051801302	249.07531250000005
IT-CSOUTH	ana16	evening	3004	335.89118862350205	266.53
IT-CSOUTH	ana16	jul26	504	273.70820684523807	212.52437499999985
IT-CSOUTH	ana16	jul26_evening	84	266.9105654761905	176.68218750000005
IT-CSOUTH	ana16b	all	18024	288.22473914410415	231.22328125
IT-CSOUTH	ana16b	evening	3004	304.7118737516644	238.76093750000018
IT-CSOUTH	ana16b	jul26	504	245.7533767361111	171.07328124999998
IT-CSOUTH	ana16b	jul26_evening	84	259.3232663690476	123.68562500000007
IT-CSOUTH	ana8w	all	18024	331.9598019538763	269.52656249999984
IT-CSOUTH	ana8w	evening	3004	351.5433330559254	276.3581249999999
IT-CSOUTH	ana8w	jul26	504	306.20838665674603	246.6362499999999
IT-CSOUTH	ana8w	jul26_evening	84	297.6030952380952	181.6921875
IT-CSOUTH	ana16w	all	18024	330.00043638574493	270.12062500000025
IT-CSOUTH	ana16w	evening	3004	354.2194107856191	281.520625
IT-CSOUTH	ana16w	jul26	504	286.62754836309523	210.6612500000001
IT-CSOUTH	ana16w	jul26_evening	84	281.84961309523806	174.21343750000005
IT-CSOUTH	anad2	all	18024	273.0450643066189	217.3810937500001
IT-CSOUTH	anad2	evening	3004	299.0969314871837	228.7476562500001
IT-CSOUTH	anad2	jul26	504	292.6303125	217.82796875000003
IT-CSOUTH	anad2	jul26_evening	84	311.3770610119048	186.87359374999983
IT-CSOUTH	anad2w	all	18024	277.14453975717566	218.70656249999985
IT-CSOUTH	anad2w	evening	3004	300.5999801306591	228.12671875
IT-CSOUTH	anad2w	jul26	504	284.7360869295635	207.8945312499999
IT-CSOUTH	anad2w	jul26_evening	84	303.10319940476194	191.1334374999998
IT-CSOUTH	ana16wb	all	18024	288.22473914410415	231.22328125
IT-CSOUTH	ana16wb	evening	3004	304.7118737516644	238.76093750000018
IT-CSOUTH	ana16wb	jul26	504	245.7533767361111	171.07328124999998
IT-CSOUTH	ana16wb	jul26_evening	84	259.3232663690476	123.68562500000007
IT-CSOUTH	v3	all	18024	286.4546927938675	232.59234374999994
IT-CSOUTH	v3	evening	3004	304.40172676015317	240.11890625
IT-CSOUTH	v3	jul26	504	271.4482471478175	210.61249999999995
IT-CSOUTH	v3	jul26_evening	84	252.3068824404762	160.53718749999996
IT-SOUTH	v2	all	18024	349.6641698221816	283.13625
IT-SOUTH	v2	evening	3004	336.48854007157126	266.691875
IT-SOUTH	v2	jul26	504	445.3700496031746	370.0771875
IT-SOUTH	v2	jul26_evening	84	431.9674181547619	359.68875000000014
IT-SOUTH	rec3	all	18024	390.2614402787025	314.08250000000004
IT-SOUTH	rec3	evening	3004	368.50408080892146	295.9575000000001
IT-SOUTH	rec3	jul26	504	528.0421750992062	351.5793749999999
IT-SOUTH	rec3	jul26_evening	84	547.9393154761904	358.5168749999999
IT-SOUTH	d2	all	18024	400.1684709045347	307.54624999999993
IT-SOUTH	d2	evening	3004	386.3693791611185	293.93437499999993
IT-SOUTH	d2	jul26	504	571.1663169642857	332.93625000000014
IT-SOUTH	d2	jul26_evening	84	521.4680505952381	248.16625
IT-SOUTH	ana8	all	18024	357.5967319731099	285.94000000000005
IT-SOUTH	ana8	evening	3004	343.7418764563915	263.6775
IT-SOUTH	ana8	jul26	504	407.1960478670635	294.3615625
IT-SOUTH	ana8	jul26_evening	84	409.778831845238	316.05625
IT-SOUTH	ana8b	all	18024	331.0239007422973	266.50671875
IT-SOUTH	ana8b	evening	3004	320.4674941744341	246.30312499999997
IT-SOUTH	ana8b	jul26	504	388.4558885168651	271.3678124999999
IT-SOUTH	ana8b	jul26_evening	84	407.3095386904762	317.83296874999996
IT-SOUTH	ana16	all	18024	343.8573319717229	271.77437499999985
IT-SOUTH	ana16	evening	3004	330.22632053095873	250.3125
IT-SOUTH	ana16	jul26	504	405.6597470238095	297.22093750000005
IT-SOUTH	ana16	jul26_evening	84	392.3280729166666	294.43937500000004
IT-SOUTH	ana16b	all	18024	329.1374179103787	264.28734375
IT-SOUTH	ana16b	evening	3004	317.1225791652796	242.30078124999997
IT-SOUTH	ana16b	jul26	504	379.2922730654762	262.0378125000001
IT-SOUTH	ana16b	jul26_evening	84	396.1492150297619	288.52578125
IT-SOUTH	ana8w	all	18024	355.37755455688716	281.058125
IT-SOUTH	ana8w	evening	3004	342.95356628661784	262.33375
IT-SOUTH	ana8w	jul26	504	410.52754092261904	243.063125
IT-SOUTH	ana8w	jul26_evening	84	402.38615327380944	313.0959375
IT-SOUTH	ana16w	all	18024	345.2863794916963	270.70625000000007
IT-SOUTH	ana16w	evening	3004	329.4547686418109	254.486875
IT-SOUTH	ana16w	jul26	504	389.7114732142857	244.49187500000002
IT-SOUTH	ana16w	jul26_evening	84	371.9920982142857	271.67156250000005
IT-SOUTH	anad2	all	18024	332.60305997096464	260.770625
IT-SOUTH	anad2	evening	3004	318.08969072486684	248.01078125000004
IT-SOUTH	anad2	jul26	504	452.28381448412694	293.41640625
IT-SOUTH	anad2	jul26_evening	84	425.31129836309526	271.75046875
IT-SOUTH	anad2w	all	18024	331.6953393103177	259.53031250000004
IT-SOUTH	anad2w	evening	3004	316.73592189580563	245.52843749999994
IT-SOUTH	anad2w	jul26	504	436.0272098214286	273.44937500000003
IT-SOUTH	anad2w	jul26_evening	84	425.3759449404763	254.78531250000003
IT-SOUTH	ana16wb	all	18024	329.1374179103787	264.28734375
IT-SOUTH	ana16wb	evening	3004	317.1225791652796	242.30078124999997
IT-SOUTH	ana16wb	jul26	504	379.2922730654762	262.0378125000001
IT-SOUTH	ana16wb	jul26_evening	84	396.1492150297619	288.52578125
IT-SOUTH	v3	all	18024	331.1882954555963	266.01640625
IT-SOUTH	v3	evening	3004	319.23535348701733	247.08078124999997
IT-SOUTH	v3	jul26	504	417.8096490575397	323.67453125000003
IT-SOUTH	v3	jul26_evening	84	408.8718452380953	333.02640625000004
IT-Calabria	v2	all	18024	244.58753421826452	197.13406250000006
IT-Calabria	v2	evening	3004	284.4819763232357	231.50406250000003
IT-Calabria	v2	jul26	504	168.23179439484127	122.61937499999999
IT-Calabria	v2	jul26_evening	84	133.54027529761905	113.41937499999995
IT-Calabria	rec3	all	18024	237.4997163319278	184.32437500000003
IT-Calabria	rec3	evening	3004	276.90266415612524	225.195625
IT-Calabria	rec3	jul26	504	166.1693427579365	122.12562499999996
IT-Calabria	rec3	jul26_evening	84	156.78346726190475	130.76375000000002
IT-Calabria	d2	all	18024	225.9748787126424	165.04812499999994
IT-Calabria	d2	evening	3004	214.70632448402134	152.92125
IT-Calabria	d2	jul26	504	281.8749241071429	217.80624999999995
IT-Calabria	d2	jul26_evening	84	218.03438988095235	165.85125
IT-Calabria	ana8	all	18024	235.5119039798787	186.47687500000004
IT-Calabria	ana8	evening	3004	264.8189601364847	211.135625
IT-Calabria	ana8	jul26	504	231.78776488095238	192.37031249999995
IT-Calabria	ana8	jul26_evening	84	160.83824404761904	113.43250000000006
IT-Calabria	ana8b	all	18024	216.49000332080377	172.62750000000003
IT-Calabria	ana8b	evening	3004	246.05940808089215	190.81890625000005
IT-Calabria	ana8b	jul26	504	157.4138675595238	120.73640625000007
IT-Calabria	ana8b	jul26_evening	84	120.6764918154762	84.64609374999998
IT-Calabria	ana16	all	18024	237.96294281698476	190.47312499999995
IT-Calabria	ana16	evening	3004	265.0457910286285	218.96156249999999
IT-Calabria	ana16	jul26	504	245.27089409722225	208.9225
IT-Calabria	ana16	jul26_evening	84	195.7280654761905	171.4015625
IT-Calabria	ana16b	all	18024	217.27550132115516	173.1340625
IT-Calabria	ana16b	evening	3004	247.34293889397472	192.74734375000006
IT-Calabria	ana16b	jul26	504	149.49154327876983	118.71812500000001
IT-Calabria	ana16b	jul26_evening	84	123.40042782738097	85.84531250000003
IT-Calabria	ana8w	all	18024	237.32544117334297	188.5409375
IT-Calabria	ana8w	evening	3004	263.3119018392144	215.294375
IT-Calabria	ana8w	jul26	504	231.67770659722223	187.89531250000005
IT-Calabria	ana8w	jul26_evening	84	158.10839285714286	125.30343749999997
IT-Calabria	ana16w	all	18024	231.35079280172732	184.12624999999997
IT-Calabria	ana16w	evening	3004	257.3244707057257	211.37906249999997
IT-Calabria	ana16w	jul26	504	197.0075992063492	160.36562500000008
IT-Calabria	ana16w	jul26_evening	84	142.81727678571428	111.21593749999994
IT-Calabria	anad2	all	18024	202.0218717878477	158.18937500000004
IT-Calabria	anad2	evening	3004	209.16474429926762	161.32562499999995
IT-Calabria	anad2	jul26	504	222.1702007688492	183.54953125000003
IT-Calabria	anad2	jul26_evening	84	167.34215773809524	131.7671875000001
IT-Calabria	anad2w	all	18024	198.89563128906826	157.43546874999998
IT-Calabria	anad2w	evening	3004	204.30529086218377	156.05671875000002
IT-Calabria	anad2w	jul26	504	199.9892093253968	158.65421875000004
IT-Calabria	anad2w	jul26_evening	84	144.55284970238094	115.18046874999987
IT-Calabria	ana16wb	all	18024	217.27550132115516	173.1340625
IT-Calabria	ana16wb	evening	3004	247.34293889397472	192.74734375000006
IT-Calabria	ana16wb	jul26	504	149.49154327876983	118.71812500000001
IT-Calabria	ana16wb	jul26_evening	84	123.40042782738097	85.84531250000003
IT-Calabria	v3	all	18024	220.61440689497337	177.7425
IT-Calabria	v3	evening	3004	250.14564091627832	197.14796875000002
IT-Calabria	v3	jul26	504	179.47536334325397	145.74046874999993
IT-Calabria	v3	jul26_evening	84	132.06191592261908	100.87546875000004
IT-Sicily	v2	all	18024	197.76834185900282	163.04218749999995
IT-Sicily	v2	evening	3004	192.34331266644475	151.19625
IT-Sicily	v2	jul26	504	199.44467757936508	154.13593749999995
IT-Sicily	v2	jul26_evening	84	188.11580357142856	176.08187500000005
IT-Sicily	rec3	all	18024	201.82627028082925	159.54250000000002
IT-Sicily	rec3	evening	3004	196.30618383821567	140.828125
IT-Sicily	rec3	jul26	504	198.04230654761903	143.59125
IT-Sicily	rec3	jul26_evening	84	174.72736607142858	163.83250000000004
IT-Sicily	d2	all	18024	197.26824795180497	145.78125
IT-Sicily	d2	evening	3004	180.62000790612518	127.16687499999998
IT-Sicily	d2	jul26	504	203.58310168650794	125.72500000000002
IT-Sicily	d2	jul26_evening	84	158.17875000000004	110.4681250000001
IT-Sicily	ana8	all	18024	182.57912599866847	146.50718750000004
IT-Sicily	ana8	evening	3004	177.63812604027964	136.30874999999997
IT-Sicily	ana8	jul26	504	192.7601512896825	148.08999999999997
IT-Sicily	ana8	jul26_evening	84	132.15699404761904	111.25218749999993
IT-Sicily	ana8b	all	18024	181.6154957290742	149.55343750000003
IT-Sicily	ana8b	evening	3004	177.07827011900798	144.51125000000002
IT-Sicily	ana8b	jul26	504	175.18910218253967	136.2790625
IT-Sicily	ana8b	jul26_evening	84	161.2673325892857	144.47375000000005
IT-Sicily	ana16	all	18024	180.03425492399023	146.5728125
IT-Sicily	ana16	evening	3004	177.65675474367512	139.43656249999995
IT-Sicily	ana16	jul26	504	188.95476438492062	140.19843750000004
IT-Sicily	ana16	jul26_evening	84	126.43633184523809	104.27718750000003
IT-Sicily	ana16b	all	18024	181.43597940130755	150.03890625
IT-Sicily	ana16b	evening	3004	178.58387264896805	146.60749999999996
IT-Sicily	ana16b	jul26	504	176.40520709325395	138.1040625
IT-Sicily	ana16b	jul26_evening	84	164.7025186011905	156.04625000000004
IT-Sicily	ana8w	all	18024	186.657638179187	150.2625
IT-Sicily	ana8w	evening	3004	180.89697008155792	144.2946875
IT-Sicily	ana8w	jul26	504	215.22229910714282	150.62562499999996
IT-Sicily	ana8w	jul26_evening	84	144.18365327380948	123.3628124999999
IT-Sicily	ana16w	all	18024	182.62458391820167	150.36125
IT-Sicily	ana16w	evening	3004	178.7719904710386	143.19625000000008
IT-Sicily	ana16w	jul26	504	215.5851314484127	159.1621875
IT-Sicily	ana16w	jul26_evening	84	148.91103422619048	129.394375
IT-Sicily	anad2	all	18024	170.02693439765497	133.69593749999999
IT-Sicily	anad2	evening	3004	162.5305837008988	124.8196875
IT-Sicily	anad2	jul26	504	175.26497569444444	124.83859374999997
IT-Sicily	anad2	jul26_evening	84	129.70385044642856	87.47046875000001
IT-Sicily	anad2w	all	18024	170.7687020639148	134.410625
IT-Sicily	anad2w	evening	3004	162.81469883904794	126.13437500000003
IT-Sicily	anad2w	jul26	504	180.69425768849206	125.92562500000005
IT-Sicily	anad2w	jul26_evening	84	134.59792038690478	91.46156249999996
IT-Sicily	ana16wb	all	18024	181.43597940130755	150.03890625
IT-Sicily	ana16wb	evening	3004	178.58387264896805	146.60749999999996
IT-Sicily	ana16wb	jul26	504	176.40520709325395	138.1040625
IT-Sicily	ana16wb	jul26_evening	84	164.7025186011905	156.04625000000004
IT-Sicily	v3	all	18024	179.9067393544718	148.43328125
IT-Sicily	v3	evening	3004	177.972675807257	143.4053125
IT-Sicily	v3	jul26	504	174.5624255952381	132.6259375
IT-Sicily	v3	jul26_evening	84	153.0721019345238	137.31484375000005
IT-Sardinia	v2	all	18024	123.5236723026705	101.42312499999998
IT-Sardinia	v2	evening	3004	119.21930439968929	97.36125000000001
IT-Sardinia	v2	jul26	504	105.81485325727515	85.451875
IT-Sardinia	v2	jul26_evening	84	160.27561011904763	160.0678125
IT-Sardinia	rec3	all	18024	124.0246432072052	95.88875000000006
IT-Sardinia	rec3	evening	3004	117.40249022137151	89.820625
IT-Sardinia	rec3	jul26	504	98.67685846560846	78.00500000000001
IT-Sardinia	rec3	jul26_evening	84	102.01389880952381	85.554375
IT-Sardinia	d2	all	18024	126.16668929852788	92.70187499999999
IT-Sardinia	d2	evening	3004	116.49420827785174	85.31187499999997
IT-Sardinia	d2	jul26	504	108.74341104497356	76.44437500000001
IT-Sardinia	d2	jul26_evening	84	99.26766369047618	79.51000000000002
IT-Sardinia	ana8	all	18024	119.72491399199218	92.19781250000001
IT-Sardinia	ana8	evening	3004	114.16424149744785	89.846875
IT-Sardinia	ana8	jul26	504	92.24223296957672	65.479375
IT-Sardinia	ana8	jul26_evening	84	92.89172123015872	83.554375
IT-Sardinia	ana8b	all	18024	114.69200771078377	93.0784375
IT-Sardinia	ana8b	evening	3004	109.09707050321794	91.12640624999997
IT-Sardinia	ana8b	jul26	504	79.55872044477512	58.72874999999999
IT-Sardinia	ana8b	jul26_evening	84	82.53486979166668	74.01765624999999
IT-Sardinia	ana16	all	18024	118.96140641182127	92.48499999999999
IT-Sardinia	ana16	evening	3004	112.76166853917	88.23250000000002
IT-Sardinia	ana16	jul26	504	90.87954075727514	62.21531250000001
IT-Sardinia	ana16	jul26_evening	84	97.59848958333333	74.916875
IT-Sardinia	ana16b	all	18024	114.21569925284804	92.9871875
IT-Sardinia	ana16b	evening	3004	109.52021558061476	92.06890625
IT-Sardinia	ana16b	jul26	504	78.34523148148149	54.94671875
IT-Sardinia	ana16b	jul26_evening	84	79.19567336309524	66.95875000000001
IT-Sardinia	ana8w	all	18024	124.35118274014278	97.28687499999997
IT-Sardinia	ana8w	evening	3004	120.44432326342654	96.49781249999998
IT-Sardinia	ana8w	jul26	504	93.4230042989418	60.311875000000015
IT-Sardinia	ana8w	jul26_evening	84	105.23326636904763	79.69437499999998
IT-Sardinia	ana16w	all	18024	122.92724429926766	97.90906249999998
IT-Sardinia	ana16w	evening	3004	121.08313991067466	101.78624999999998
IT-Sardinia	ana16w	jul26	504	99.75381407076719	66.44437500000001
IT-Sardinia	ana16w	jul26_evening	84	122.99308779761907	116.8878125
IT-Sardinia	anad2	all	18024	109.9129821175932	85.44968749999995
IT-Sardinia	anad2	evening	3004	102.38187760069906	81.351875
IT-Sardinia	anad2	jul26	504	89.4480681630291	62.82531250000002
IT-Sardinia	anad2	jul26_evening	84	82.1729724702381	62.60515624999999
IT-Sardinia	anad2w	all	18024	110.73760571552745	86.68265625000004
IT-Sardinia	anad2w	evening	3004	104.49564684587216	82.72687499999999
IT-Sardinia	anad2w	jul26	504	91.19044911541006	66.66109374999999
IT-Sardinia	anad2w	jul26_evening	84	88.81047991071429	69.34765625
IT-Sardinia	ana16wb	all	18024	114.21569925284804	92.9871875
IT-Sardinia	ana16wb	evening	3004	109.52021558061476	92.06890625
IT-Sardinia	ana16wb	jul26	504	78.34523148148149	54.94671875
IT-Sardinia	ana16wb	jul26_evening	84	79.19567336309524	66.95875000000001
IT-Sardinia	v3	all	18024	113.95400021036765	91.64281250000002
IT-Sardinia	v3	evening	3004	107.94660844568352	89.89578124999998
IT-Sardinia	v3	jul26	504	85.13196139219576	63.82328125000001
IT-Sardinia	v3	jul26_evening	84	99.10216889880952	92.33046875000001
CH	v2	all	18024	712.1518261283012	584.0273024062498
CH	v2	evening	3004	819.7894187530792	704.5098750000001
CH	v2	jul26	504	477.59909830059524	399.7919737499999
CH	v2	jul26_evening	84	526.0454071755953	484.32727293749997
CH	rec3	all	18024	633.1624640922313	509.41550493750003
CH	rec3	evening	3004	703.5631057718459	573.2606114374996
CH	rec3	jul26	504	516.4088550972222	417.20066075
CH	rec3	jul26_evening	84	555.3932565714285	408.2488317499997
CH	d2	all	18024	630.9113927027436	460.4382180624999
CH	d2	evening	3004	689.4879542619839	523.341875
CH	d2	jul26	504	541.0081802118056	432.22566400000005
CH	d2	jul26_evening	84	674.8892997589286	514.851705625
CH	ana8	all	18024	751.2839060221266	580.4883124999999
CH	ana8	evening	3004	902.4364549794232	773.7216249999999
CH	ana8	jul26	504	721.2225034286954	618.2005006874999
CH	ana8	jul26_evening	84	846.9802774985119	665.17670278125
CH	ana8b	all	18024	646.5814249281531	529.4218991875
CH	ana8b	evening	3004	737.6316758748438	626.2355545312503
CH	ana8b	jul26	504	462.6013221860739	385.69933159375006
CH	ana8b	jul26_evening	84	564.4126092500001	464.32781393749997
CH	ana16	all	18024	731.0074834069053	568.5613125
CH	ana16	evening	3004	876.9157705749001	770.7541308125
CH	ana16	jul26	504	727.6288765215775	619.66417346875
CH	ana16	jul26_evening	84	828.7966817157738	734.2383212499999
CH	ana16b	all	18024	641.7515201881554	526.6435711874999
CH	ana16b	evening	3004	730.5630012536203	623.9316187812501
CH	ana16b	jul26	504	460.69383730332345	368.9891482812499
CH	ana16b	jul26_evening	84	548.1264208835566	485.2957896875
CH	ana8w	all	18024	748.5294789414081	604.6726078125
CH	ana8w	evening	3004	836.6218539971079	703.9568125000002
CH	ana8w	jul26	504	628.2194521972966	503.97361149999995
CH	ana8w	jul26_evening	84	704.6508315267859	646.424390875
CH	ana16w	all	18024	734.0311413853334	593.4230671874998
CH	ana16w	evening	3004	813.281463799434	693.0491874999999
CH	ana16w	jul26	504	606.3352159213789	476.48405012499984
CH	ana16w	jul26_evening	84	676.6331409561011	581.225639875
CH	anad2	all	18024	576.6304731777301	445.65003
CH	anad2	evening	3004	668.4281019939248	563.9019614062498
CH	anad2	jul26	504	510.14278577132933	417.6410465937501
CH	anad2	jul26_evening	84	631.5766779330356	518.929745265625
CH	anad2w	all	18024	580.093950868748	458.8296365781251
CH	anad2w	evening	3004	645.5979781389398	537.8200239218751
CH	anad2w	jul26	504	475.08863230840774	381.87510225000005
CH	anad2w	jul26_evening	84	572.2985086209077	435.944581203125
CH	ana16wb	all	18024	641.7515201881554	526.6435711874999
CH	ana16wb	evening	3004	730.5630012536203	623.9316187812501
CH	ana16wb	jul26	504	460.69383730332345	368.9891482812499
CH	ana16wb	jul26_evening	84	548.1264208835566	485.2957896875
CH	v3	all	18024	644.1678401689396	520.9397744062501
CH	v3	evening	3004	756.6134957032083	652.1732188437502
CH	v3	jul26	504	514.7439763483384	433.6684892500001
CH	v3	jul26_evening	84	581.6925454747025	563.4332289062498
